{"type": "FeatureCollection", "features": [{"type": "Feature", "properties": {"recording": "20260906_144107", "kind": "recorded GPS track"}, "geometry": {"type": "MultiLineString", "coordinates": [[[17.12744616666667, 78.42816566666667], [17.127444333333337, 78.42816566666667], [17.12744316666667, 78.42816566666667], [17.127441833333332, 78.42816566666667], [17.127439833333334, 78.42816566666667], [17.12743783333333, 78.42816566666667], [17.127436499999998, 78.42816566666667], [17.127435, 78.42816566666667], [17.127433666666665, 78.42816566666667], [17.127432166666665, 78.42816566666667], [17.127430666666665, 78.42816549999999], [17.127429166666666, 78.42816566666667], [17.127427666666666, 78.42816566666667], [17.127426166666666, 78.42816566666667], [17.1274245, 78.42816566666667], [17.127422833333334, 78.42816566666667], [17.1274215, 78.42816566666667], [17.127419666666665, 78.42816566666667], [17.127417666666666, 78.42816566666667], [17.1274165, 78.42816566666667], [17.127415166666665, 78.42816566666667], [17.1274135, 78.42816566666667], [17.127411666666667, 78.42816549999999], [17.127410166666667, 78.42816549999999], [17.127408666666668, 78.42816549999999], [17.127406833333335, 78.42816549999999], [17.127405333333336, 78.42816549999999], [17.127403666666666, 78.42816549999999], [17.127401833333334, 78.42816549999999], [17.127400166666668, 78.42816549999999], [17.127398833333334, 78.42816549999999], [17.12739733333333, 78.42816549999999], [17.12739583333333, 78.42816549999999], [17.127394166666665, 78.42816549999999], [17.127392666666665, 78.42816549999999], [17.127391, 78.42816549999999], [17.127389166666667, 78.42816549999999], [17.1273875, 78.42816549999999], [17.127386166666668, 78.42816549999999], [17.1273845, 78.42816533333333], [17.127382833333336, 78.42816549999999], [17.127381500000002, 78.42816549999999], [17.127380000000002, 78.42816549999999], [17.12737866666667, 78.42816549999999], [17.12737716666667, 78.42816549999999], [17.127375333333337, 78.42816549999999], [17.127373666666664, 78.42816549999999], [17.127372166666664, 78.42816549999999], [17.12737033333333, 78.42816549999999], [17.127368833333332, 78.42816566666667], [17.127367666666665, 78.42816549999999], [17.127366333333335, 78.42816549999999], [17.127364333333333, 78.42816566666667], [17.127362833333333, 78.42816566666667], [17.127361833333335, 78.42816566666667], [17.127360666666668, 78.42816549999999], [17.127358833333336, 78.42816566666667], [17.127356833333334, 78.42816566666667], [17.1273555, 78.42816566666667], [17.127354, 78.42816549999999], [17.12735233333333, 78.42816549999999], [17.1273505, 78.42816549999999], [17.127349166666665, 78.42816566666667], [17.127347999999998, 78.42816549999999], [17.127346333333332, 78.42816549999999], [17.1273445, 78.42816566666667], [17.127343166666666, 78.42816566666667], [17.127341666666666, 78.42816566666667], [17.127340333333333, 78.42816549999999], [17.127338333333334, 78.42816566666667], [17.127336500000002, 78.42816566666667], [17.127335000000002, 78.42816566666667], [17.127333500000002, 78.42816566666667], [17.127332000000003, 78.42816566666667], [17.12733066666667, 78.42816566666667], [17.127329166666666, 78.42816566666667], [17.127327166666664, 78.42816566666667], [17.127325499999998, 78.42816566666667], [17.127323999999998, 78.42816566666667], [17.127322666666664, 78.42816566666667], [17.127320833333332, 78.42816566666667], [17.127318833333334, 78.42816566666667], [17.127317166666668, 78.42816566666667], [17.127316, 78.42816566666667], [17.127314666666667, 78.42816566666667], [17.12731266666667, 78.42816566666667], [17.12731116666667, 78.42816566666667], [17.127309833333335, 78.42816566666667], [17.12730816666667, 78.42816566666667], [17.127305999999997, 78.42816566666667], [17.127304499999997, 78.42816566666667], [17.127302999999998, 78.42816583333334], [17.127301166666665, 78.42816566666667], [17.127298833333334, 78.42816566666667], [17.127297, 78.42816583333334], [17.127295833333335, 78.42816583333334], [17.1272945, 78.42816583333334], [17.127292666666666, 78.42816583333334], [17.12729016666667, 78.42816583333334], [17.127288333333336, 78.42816583333334], [17.12728716666667, 78.42816583333334], [17.12728566666667, 78.42816599999999], [17.127283666666663, 78.42816599999999], [17.127281333333332, 78.42816599999999], [17.1272795, 78.42816616666667], [17.127278, 78.42816616666667], [17.1272765, 78.42816616666667], [17.127274666666665, 78.42816616666667], [17.127273, 78.42816616666667], [17.127271333333333, 78.42816633333334], [17.1272695, 78.42816633333334], [17.12726766666667, 78.42816633333334], [17.127266333333335, 78.42816633333334], [17.127265, 78.42816633333334], [17.127263000000003, 78.4281665], [17.12726083333333, 78.4281665], [17.127259166666665, 78.4281665], [17.127257999999998, 78.4281665], [17.127256833333334, 78.42816666666666], [17.127254999999998, 78.42816666666666], [17.127252833333333, 78.42816666666666], [17.127251333333334, 78.42816666666666], [17.12725, 78.42816683333334], [17.127248333333334, 78.42816683333334], [17.127246500000002, 78.42816683333334], [17.127244333333334, 78.42816683333334], [17.127242666666668, 78.428167], [17.127241333333334, 78.428167], [17.12723983333333, 78.428167], [17.12723833333333, 78.42816716666667], [17.127236333333332, 78.42816716666667], [17.127234833333333, 78.42816733333333], [17.127233666666665, 78.42816733333333], [17.127232, 78.42816733333333], [17.127230166666667, 78.4281675], [17.127228333333335, 78.4281675], [17.127226833333335, 78.4281675], [17.127225333333335, 78.42816766666667], [17.127223833333336, 78.42816766666667], [17.127222, 78.42816766666667], [17.127221000000002, 78.42816783333333], [17.12721966666667, 78.42816783333333], [17.127218000000003, 78.428168], [17.127216333333333, 78.428168], [17.127214833333333, 78.42816816666667], [17.1272135, 78.42816816666667], [17.127211833333334, 78.428168], [17.127209999999998, 78.42816816666667], [17.127208333333332, 78.42816833333333], [17.127207, 78.42816833333333], [17.127205833333335, 78.42816833333333], [17.127204, 78.4281685], [17.127202166666667, 78.4281685], [17.127201, 78.42816866666666], [17.127200000000002, 78.42816866666666], [17.127198333333336, 78.42816866666666], [17.127196166666668, 78.42816883333333], [17.127194499999998, 78.42816883333333], [17.127193666666667, 78.428169], [17.127192333333333, 78.428169], [17.127190499999998, 78.428169], [17.127188666666665, 78.428169], [17.12718733333333, 78.42816916666668], [17.127186333333334, 78.42816916666668], [17.12718466666667, 78.42816916666668], [17.127182833333332, 78.42816916666668], [17.127181333333333, 78.42816933333333], [17.127179833333333, 78.42816933333333], [17.127178166666667, 78.42816933333333], [17.127176666666667, 78.42816933333333], [17.1271755, 78.4281695], [17.127174, 78.4281695], [17.12717233333333, 78.4281695], [17.12717083333333, 78.4281695], [17.127169666666667, 78.42816966666666], [17.127168666666666, 78.42816966666666], [17.127167, 78.42816966666666], [17.127164999999998, 78.42816966666666], [17.127163, 78.42816983333334], [17.127162, 78.42816983333334], [17.1271605, 78.42816966666666], [17.127158833333333, 78.42816966666666], [17.127157333333333, 78.42816983333334], [17.12715616666667, 78.42817], [17.127155000000002, 78.42816983333334], [17.127153333333336, 78.42816983333334], [17.12715166666667, 78.42817], [17.127150500000003, 78.42817], [17.127149333333332, 78.42817], [17.1271475, 78.42817], [17.127145499999997, 78.42817], [17.127143999999998, 78.42817016666666], [17.127143, 78.42817016666666], [17.127141666666667, 78.42817], [17.127140166666667, 78.42817], [17.127138833333333, 78.42817016666666], [17.1271375, 78.42817016666666], [17.127136, 78.42817016666666], [17.1271345, 78.42817016666666], [17.127133, 78.42817016666666], [17.1271315, 78.42817033333334], [17.127130333333334, 78.42817033333334], [17.127128666666668, 78.42817016666666], [17.127127499999997, 78.42817016666666], [17.127126333333333, 78.42817033333334], [17.127125166666666, 78.42817033333334], [17.127123833333332, 78.42817033333334], [17.127122166666666, 78.42817033333334], [17.127120666666666, 78.42817033333334], [17.127119333333333, 78.42817050000001], [17.127118166666666, 78.42817050000001], [17.1271165, 78.42817050000001], [17.127115, 78.42817066666666], [17.127113666666666, 78.42817066666666], [17.127112833333335, 78.42817066666666], [17.127111833333334, 78.42817066666666], [17.127110666666667, 78.42817050000001], [17.127109333333333, 78.42817050000001], [17.127107666666667, 78.42817050000001], [17.1271065, 78.42817050000001], [17.127105500000003, 78.42817050000001], [17.127104, 78.42817050000001], [17.1271025, 78.42817050000001], [17.127101, 78.42817066666666], [17.1271, 78.42817066666666], [17.127098999999998, 78.42817050000001], [17.127098, 78.42817066666666], [17.127096666666667, 78.42817066666666], [17.1270955, 78.42817066666666], [17.127094333333332, 78.42817066666666], [17.127093, 78.42817066666666], [17.1270915, 78.42817066666666], [17.1270905, 78.42817066666666], [17.127089166666668, 78.42817066666666], [17.127088166666667, 78.42817050000001], [17.127087, 78.42817050000001], [17.12708616666667, 78.42817050000001], [17.127085, 78.42817050000001], [17.12708416666667, 78.42817050000001], [17.127083000000002, 78.42817033333334], [17.12708183333333, 78.42817033333334], [17.127080666666664, 78.42817033333334], [17.12708, 78.42817033333334], [17.127078666666666, 78.42817033333334], [17.12707783333333, 78.42817033333334], [17.127076833333334, 78.42817033333334], [17.127075833333333, 78.42817033333334], [17.127074666666665, 78.42817033333334], [17.127073833333334, 78.42817016666666], [17.127072666666667, 78.42817016666666], [17.127071833333332, 78.42817016666666], [17.12707066666667, 78.42817016666666], [17.12706916666667, 78.42817016666666], [17.127068, 78.42817016666666], [17.127067, 78.42817016666666], [17.12706616666667, 78.42817016666666], [17.127065166666668, 78.42817016666666], [17.127063833333334, 78.42817016666666], [17.127062833333333, 78.42817033333334], [17.12706166666667, 78.42817033333334], [17.127060500000002, 78.42817033333334], [17.12705933333333, 78.42817033333334], [17.127057999999998, 78.42817033333334], [17.127056999999997, 78.42817050000001], [17.127055666666667, 78.42817050000001], [17.127054666666666, 78.42817050000001], [17.127053666666665, 78.42817066666666], [17.127052499999998, 78.42817066666666], [17.127051333333334, 78.42817066666666], [17.12705, 78.42817066666666], [17.127049, 78.42817083333333], [17.127047833333332, 78.42817083333333], [17.127046833333335, 78.42817083333333], [17.1270455, 78.42817083333333], [17.127044333333334, 78.428171], [17.127043166666667, 78.428171], [17.12704216666667, 78.428171], [17.127041333333334, 78.428171], [17.127040166666667, 78.42817116666667], [17.127038833333334, 78.42817116666667], [17.127037499999997, 78.42817116666667], [17.1270365, 78.42817116666667], [17.127035666666664, 78.42817133333332], [17.127034499999997, 78.42817133333332], [17.127033166666667, 78.42817149999999], [17.127032333333332, 78.42817149999999], [17.12703133333333, 78.42817149999999], [17.127030166666668, 78.42817166666667], [17.127028833333334, 78.42817166666667], [17.127027666666667, 78.42817166666667], [17.1270265, 78.42817166666667], [17.1270255, 78.42817183333334], [17.127024333333335, 78.42817183333334], [17.127023166666667, 78.42817183333334], [17.127022, 78.42817183333334], [17.127021, 78.42817199999999], [17.12702, 78.42817199999999], [17.127018833333334, 78.42817199999999], [17.127017666666667, 78.42817199999999], [17.1270165, 78.42817199999999], [17.127015333333336, 78.42817199999999], [17.12701433333333, 78.42817199999999], [17.127013499999997, 78.42817199999999], [17.1270125, 78.42817199999999], [17.1270115, 78.42817216666667], [17.127010166666665, 78.42817216666667], [17.12700883333333, 78.42817216666667], [17.127008, 78.42817216666667], [17.127006833333333, 78.42817216666667], [17.1270055, 78.42817216666667], [17.127004166666666, 78.42817216666667], [17.127002833333332, 78.42817216666667], [17.12700166666667, 78.42817233333334], [17.1270005, 78.42817233333334], [17.126999666666666, 78.42817233333334], [17.126998166666667, 78.42817233333334], [17.126997, 78.42817233333334], [17.126995333333333, 78.42817233333334], [17.126994, 78.42817233333334], [17.12699266666667, 78.42817233333334], [17.126991666666665, 78.42817233333334], [17.126990499999998, 78.4281725], [17.126989, 78.4281725], [17.126987999999997, 78.42817233333334], [17.126987166666666, 78.42817233333334], [17.126986166666665, 78.42817233333334], [17.126984999999998, 78.42817233333334], [17.126983666666668, 78.42817233333334], [17.1269825, 78.42817233333334], [17.126981333333333, 78.42817233333334], [17.126980166666666, 78.42817233333334], [17.126978666666666, 78.42817233333334], [17.126977333333333, 78.42817233333334], [17.12697616666667, 78.42817233333334], [17.126975, 78.42817233333334], [17.126974, 78.42817233333334], [17.126972666666667, 78.42817233333334], [17.12697166666667, 78.42817233333334], [17.126970833333335, 78.42817233333334], [17.126971, 78.42817216666667], [17.126971333333334, 78.42817199999999], [17.126972666666667, 78.42817166666667], [17.126974333333333, 78.42817149999999], [17.126976333333335, 78.428171], [17.126978333333334, 78.42817050000001], [17.126980333333332, 78.42816983333334], [17.1269825, 78.42816916666668], [17.126984999999998, 78.4281685], [17.126987166666666, 78.42816783333333], [17.126989499999997, 78.42816716666667], [17.126991999999998, 78.4281665], [17.12699416666667, 78.42816583333334], [17.126995833333336, 78.42816516666667], [17.126997333333335, 78.42816450000001], [17.126998833333335, 78.428164], [17.126999833333333, 78.4281635], [17.127001, 78.42816283333333], [17.127001833333335, 78.42816233333333], [17.127002833333332, 78.42816183333333], [17.127004, 78.42816133333334], [17.12700583333333, 78.42816083333334], [17.127008333333333, 78.42816016666667], [17.1270115, 78.42815966666667], [17.12701566666667, 78.42815900000001], [17.127021333333335, 78.42815850000001], [17.127027, 78.42815816666666], [17.127033333333333, 78.42815783333334], [17.127040333333333, 78.42815766666666], [17.127047833333332, 78.4281575], [17.12705533333333, 78.42815733333333], [17.127062666666667, 78.4281575], [17.12707066666667, 78.42815766666666], [17.1270785, 78.428158], [17.12708616666667, 78.42815833333334], [17.127094166666666, 78.42815883333333], [17.127101666666665, 78.42815933333333], [17.127109166666667, 78.42815983333334], [17.127116833333332, 78.4281605], [17.127124166666665, 78.42816133333334], [17.127131333333335, 78.428162], [17.127138333333335, 78.42816283333333], [17.127144833333332, 78.42816366666666], [17.12715166666667, 78.42816450000001], [17.127158333333334, 78.42816533333333], [17.12716483333333, 78.42816616666667], [17.12717083333333, 78.428167], [17.127176833333333, 78.428168], [17.127183, 78.428169], [17.127189166666668, 78.42817], [17.127195333333336, 78.428171], [17.127201333333335, 78.42817199999999], [17.12720716666667, 78.428173], [17.127213166666667, 78.42817416666666], [17.127218833333334, 78.42817516666668], [17.1272245, 78.42817633333334], [17.127230333333333, 78.42817733333332], [17.127236, 78.4281785], [17.12724216666667, 78.42817966666667], [17.127247666666666, 78.42818066666668], [17.1272535, 78.42818183333334], [17.127259, 78.428183], [17.12726466666667, 78.42818416666667], [17.127269833333333, 78.42818533333335], [17.127275333333333, 78.4281865], [17.127280833333334, 78.42818766666666], [17.1272865, 78.42818883333332], [17.127291833333334, 78.42819], [17.127297, 78.42819116666666], [17.127302166666666, 78.42819233333333], [17.127307166666665, 78.42819349999999], [17.127312166666666, 78.42819466666667], [17.127317166666668, 78.42819583333333], [17.127322166666666, 78.42819716666666], [17.127327166666664, 78.42819816666666], [17.127332333333335, 78.42819949999999], [17.127337166666667, 78.42820066666667], [17.127342, 78.42820183333333], [17.127346833333334, 78.428203], [17.127351333333333, 78.42820416666667], [17.1273565, 78.42820533333334], [17.127361333333333, 78.4282065], [17.127366166666665, 78.42820766666667], [17.127371, 78.42820883333334], [17.127375833333335, 78.42821016666667], [17.1273805, 78.42821133333334], [17.1273855, 78.4282125], [17.1273905, 78.42821383333333], [17.127395333333332, 78.428215], [17.127400166666668, 78.42821616666667], [17.127405, 78.4282175], [17.12741, 78.42821866666667], [17.127415, 78.42822], [17.1274195, 78.42822116666666], [17.127424666666666, 78.42822233333332], [17.1274295, 78.42822366666665], [17.1274345, 78.42822483333333], [17.127439499999998, 78.428226], [17.127444166666667, 78.42822716666666], [17.127449000000002, 78.42822833333334], [17.127453833333334, 78.42822966666667], [17.127458666666666, 78.42823083333333], [17.127463499999998, 78.428232], [17.127468833333335, 78.42823333333334], [17.127473666666667, 78.42823449999999], [17.12747883333333, 78.42823583333333], [17.127484, 78.42823700000001], [17.127489, 78.42823816666667], [17.1274945, 78.42823933333334], [17.127499333333333, 78.42824066666667], [17.12750433333333, 78.42824183333333], [17.127509666666665, 78.42824300000001], [17.127514833333333, 78.42824433333334], [17.12752, 78.4282455], [17.127525166666665, 78.42824666666667], [17.127530166666666, 78.42824783333334], [17.127535333333334, 78.42824916666667], [17.127540500000002, 78.42825033333334], [17.1275455, 78.42825166666667], [17.12755083333333, 78.42825283333333], [17.127556000000002, 78.428254], [17.127561166666666, 78.42825533333333], [17.127566666666667, 78.4282565], [17.127572166666667, 78.42825766666667], [17.12757733333333, 78.42825883333333], [17.127583, 78.42826016666666], [17.1275885, 78.42826133333332], [17.127594166666665, 78.4282625], [17.1275995, 78.42826383333333], [17.12760516666667, 78.428265], [17.127610833333332, 78.42826616666666], [17.1276165, 78.42826733333332], [17.127622, 78.42826866666665], [17.12762766666667, 78.42826983333333], [17.1276335, 78.428271], [17.127639, 78.42827216666666], [17.127644666666665, 78.42827333333334], [17.127650333333335, 78.4282745], [17.1276565, 78.42827566666666], [17.127662166666667, 78.428277], [17.127668000000003, 78.42827816666666], [17.127673833333333, 78.42827933333334], [17.1276795, 78.4282805], [17.127685, 78.42828166666666], [17.127690833333336, 78.42828283333333], [17.12769666666667, 78.428284], [17.127702833333334, 78.42828516666667], [17.127709, 78.4282865], [17.127715333333335, 78.4282875], [17.127721666666666, 78.42828866666667], [17.1277275, 78.42828983333334], [17.12773333333333, 78.428291], [17.127738833333336, 78.42829216666668], [17.127744833333335, 78.42829333333334], [17.127751, 78.42829449999999], [17.127757166666665, 78.42829566666666], [17.127763, 78.428297], [17.127769, 78.428298], [17.127774666666667, 78.42829933333334], [17.127780833333336, 78.42830033333333], [17.127786833333335, 78.4283015], [17.127793, 78.42830283333333], [17.127799166666666, 78.42830383333333], [17.127805333333335, 78.428305], [17.1278115, 78.42830633333332], [17.1278175, 78.42830733333334], [17.127823499999998, 78.4283085], [17.127829666666667, 78.42830966666666], [17.127835833333332, 78.42831083333334], [17.12784183333333, 78.428312], [17.127847999999997, 78.42831316666667], [17.12785416666667, 78.42831433333335], [17.12786, 78.4283155], [17.127866166666667, 78.42831666666666], [17.12787216666667, 78.42831783333332], [17.127878333333335, 78.428319], [17.1278845, 78.42832016666667], [17.127890999999998, 78.42832133333333], [17.127897166666667, 78.4283225], [17.127903166666666, 78.42832383333332], [17.12790933333333, 78.428325], [17.127915833333336, 78.42832616666666], [17.127921833333335, 78.42832733333333], [17.127928, 78.42832849999999], [17.127934166666666, 78.42832966666667], [17.127940333333335, 78.42833083333333], [17.1279465, 78.42833216666666], [17.127952333333333, 78.42833333333333], [17.127958166666666, 78.42833433333334], [17.12796416666667, 78.42833566666667], [17.127970333333334, 78.42833683333333], [17.1279765, 78.428338], [17.127982666666664, 78.42833916666667], [17.127988833333333, 78.42834033333334], [17.127995, 78.4283415], [17.128001166666664, 78.42834283333333], [17.128007500000002, 78.428344], [17.128013833333334, 78.42834516666667], [17.12802, 78.42834633333334], [17.128026499999997, 78.42834766666667], [17.128032666666666, 78.42834883333333], [17.128038833333335, 78.42835], [17.128045166666666, 78.42835116666667], [17.1280515, 78.42835233333334], [17.128057666666667, 78.4283535], [17.128063666666666, 78.42835466666666], [17.128070166666664, 78.42835583333334], [17.128076333333336, 78.42835716666667], [17.1280825, 78.42835833333334], [17.128088833333333, 78.4283595], [17.128095, 78.42836066666668], [17.1281015, 78.42836183333334], [17.128107833333335, 78.42836316666667], [17.128114166666666, 78.42836433333333], [17.128120666666668, 78.4283655], [17.128126833333333, 78.42836666666668], [17.128133333333334, 78.428368], [17.128139666666666, 78.42836916666667], [17.128146, 78.42837033333333], [17.128152166666666, 78.42837166666666], [17.128158499999998, 78.42837283333333], [17.128164666666667, 78.428374], [17.128170666666666, 78.42837516666667], [17.128177, 78.42837633333333], [17.128183, 78.4283775], [17.12818916666667, 78.42837866666667], [17.1281955, 78.42837983333334], [17.1282015, 78.428381], [17.128207999999997, 78.42838233333333], [17.128214166666666, 78.42838350000001], [17.128220666666667, 78.42838466666667], [17.128227, 78.428386], [17.128233333333334, 78.42838716666667], [17.128239833333335, 78.42838833333333], [17.128246166666667, 78.42838966666666], [17.1282525, 78.42839083333334], [17.128258666666667, 78.428392], [17.128265, 78.42839316666667], [17.12827133333333, 78.42839433333333], [17.12827766666667, 78.42839566666666], [17.128283833333334, 78.42839683333334], [17.12829, 78.428398], [17.128296166666665, 78.42839916666667], [17.1283025, 78.42840033333333], [17.12830883333333, 78.4284015], [17.128315166666667, 78.42840283333334], [17.128321500000002, 78.428404], [17.128327833333334, 78.42840516666666], [17.128334166666665, 78.42840633333334], [17.128340666666666, 78.42840766666667], [17.128347, 78.42840883333334], [17.1283535, 78.42841], [17.12835983333333, 78.42841133333333], [17.12836616666667, 78.4284125], [17.128372666666667, 78.42841366666667], [17.12837933333333, 78.42841483333333], [17.128385666666667, 78.428416], [17.128392, 78.42841733333333], [17.1283985, 78.42841849999999], [17.128405, 78.42841966666667], [17.128411333333336, 78.42842083333333], [17.128417833333334, 78.428422], [17.128424166666665, 78.42842333333333], [17.128430666666667, 78.42842449999999], [17.128437166666668, 78.42842566666667], [17.128443666666666, 78.428427], [17.128450166666667, 78.42842816666666], [17.128456500000002, 78.42842933333333], [17.128462833333334, 78.4284305], [17.12846933333333, 78.42843166666667], [17.128476, 78.42843283333333], [17.1284825, 78.42843416666666], [17.128488833333332, 78.42843533333333], [17.128495166666667, 78.4284365], [17.12850166666667, 78.42843766666667], [17.128508166666666, 78.42843883333333], [17.128514666666668, 78.42844], [17.12852133333333, 78.42844116666667], [17.128527833333333, 78.4284425], [17.128534333333334, 78.42844366666667], [17.128541, 78.42844483333333], [17.1285475, 78.428446], [17.128554333333334, 78.42844716666667], [17.128560666666665, 78.42844833333334], [17.128567333333333, 78.4284495], [17.128574, 78.42845066666668], [17.128580333333332, 78.42845200000001], [17.128587, 78.428453], [17.1285935, 78.42845416666667], [17.128599833333332, 78.4284555], [17.1286065, 78.42845666666668], [17.128613166666664, 78.42845783333334], [17.128619833333335, 78.428459], [17.1286265, 78.42846016666667], [17.128632999999997, 78.42846133333335], [17.128639500000002, 78.4284625], [17.128646333333332, 78.42846383333334], [17.128653166666666, 78.428465], [17.12866, 78.42846616666667], [17.128666333333335, 78.42846733333334], [17.128673, 78.4284685], [17.128679666666667, 78.42846966666666], [17.128686333333334, 78.428471], [17.128693, 78.42847216666668], [17.128699666666666, 78.42847333333334], [17.128706166666667, 78.4284745], [17.128713, 78.42847566666666], [17.1287195, 78.42847683333333], [17.128725999999997, 78.428478], [17.128732666666668, 78.42847916666666], [17.128739333333332, 78.42848033333333], [17.128746, 78.42848166666666], [17.128752666666667, 78.42848283333333], [17.1287595, 78.428484], [17.128766166666665, 78.42848533333334], [17.12877266666667, 78.42848649999999], [17.128779333333334, 78.42848766666665], [17.128786166666664, 78.428489], [17.128792833333332, 78.42849016666668], [17.1287995, 78.4284915], [17.128806, 78.42849266666667], [17.128812333333332, 78.42849383333333], [17.128818666666668, 78.42849500000001], [17.1288255, 78.42849633333334], [17.128832, 78.4284975], [17.128838666666663, 78.42849866666667], [17.128845333333334, 78.4285], [17.128851833333332, 78.42850116666666], [17.128858666666666, 78.4285025], [17.128865333333334, 78.42850366666667], [17.128872166666667, 78.42850483333334], [17.12887883333333, 78.42850616666666], [17.128885333333336, 78.42850733333333], [17.128891833333334, 78.42850849999999], [17.1288985, 78.42850983333332], [17.128905166666666, 78.428511], [17.128911833333333, 78.42851216666666], [17.128918166666665, 78.4285135], [17.128924833333333, 78.42851466666666], [17.128931333333334, 78.42851583333332], [17.128937833333335, 78.42851716666668], [17.128944, 78.42851833333334], [17.128950666666665, 78.4285195], [17.128957333333336, 78.42852083333334], [17.128964166666666, 78.428522], [17.128970666666664, 78.42852316666668], [17.12897716666667, 78.42852450000001], [17.128983833333333, 78.42852566666667], [17.128990333333334, 78.428527], [17.128997000000002, 78.42852816666667], [17.129003833333336, 78.42852933333333], [17.1290105, 78.42853050000001], [17.129016999999997, 78.42853166666667], [17.129023500000002, 78.428533], [17.12903, 78.42853416666667], [17.129036666666664, 78.42853533333333], [17.1290435, 78.4285365], [17.12905, 78.42853766666667], [17.1290565, 78.428539], [17.129063166666665, 78.42854016666666], [17.129070000000002, 78.42854133333334], [17.129076833333333, 78.4285425], [17.12908333333333, 78.42854383333334], [17.129090333333334, 78.428545], [17.129097166666668, 78.42854633333333], [17.129103999999998, 78.4285475], [17.12911066666667, 78.42854866666667], [17.129117333333333, 78.42855], [17.129124, 78.42855116666667], [17.12913083333333, 78.42855233333333], [17.129137333333333, 78.42855366666666], [17.129144, 78.42855483333332], [17.129150499999998, 78.428556], [17.129156666666667, 78.42855716666666], [17.129163333333334, 78.42855833333333], [17.129170166666665, 78.42855966666666], [17.12917666666667, 78.42856083333332], [17.1291835, 78.428562], [17.12919, 78.42856333333334], [17.1291965, 78.4285645], [17.129203166666667, 78.42856583333334], [17.129210166666667, 78.428567], [17.129217, 78.42856816666668], [17.129223833333334, 78.42856950000001], [17.129230333333332, 78.42857066666667], [17.129237166666666, 78.428572], [17.12924383333333, 78.42857316666667], [17.1292505, 78.42857433333333], [17.129257166666665, 78.42857566666666], [17.129263666666667, 78.42857683333334], [17.129270333333334, 78.428578], [17.129276833333332, 78.42857933333333], [17.1292835, 78.4285805], [17.129289833333335, 78.42858166666666], [17.129296333333333, 78.42858299999999], [17.129303166666666, 78.42858416666667], [17.129310166666667, 78.42858533333333], [17.129316833333334, 78.4285865], [17.129323499999998, 78.42858783333332], [17.129329833333333, 78.428589], [17.1293365, 78.42859033333335], [17.12934316666667, 78.4285915], [17.129350166666665, 78.42859266666666], [17.129356833333336, 78.428594], [17.129363333333334, 78.42859533333333], [17.129369999999998, 78.4285965], [17.129376166666667, 78.42859766666668], [17.129383, 78.428599], [17.12938966666667, 78.42860016666667], [17.129396333333332, 78.4286015], [17.129403333333336, 78.42860283333333], [17.12941066666667, 78.42860416666667], [17.129418666666666, 78.42860566666667], [17.129427333333336, 78.42860716666668], [17.129437, 78.42860883333333], [17.12944716666667, 78.42861083333334], [17.129457833333333, 78.42861266666667], [17.129468499999998, 78.42861450000001], [17.129479333333332, 78.42861633333334], [17.1294905, 78.42861833333333], [17.1295015, 78.42862016666666], [17.129512499999997, 78.42862216666667], [17.129523666666667, 78.428624], [17.129534333333332, 78.428626], [17.129545333333333, 78.42862783333334], [17.1295565, 78.42862983333333], [17.129567833333333, 78.42863166666666], [17.129579, 78.42863366666667], [17.12959, 78.4286355], [17.129601333333333, 78.4286375], [17.129613333333335, 78.42863966666667], [17.1296255, 78.42864166666666], [17.129637666666667, 78.42864383333334], [17.12964966666667, 78.428646], [17.129662166666666, 78.42864816666666], [17.129675000000002, 78.4286505], [17.129687833333332, 78.42865266666666], [17.129700166666666, 78.42865483333334], [17.1297125, 78.428657], [17.129724666666668, 78.42865916666666], [17.12973733333333, 78.42866133333334], [17.12975, 78.4286635], [17.12976216666667, 78.42866566666666], [17.129774833333332, 78.42866783333334], [17.129787333333336, 78.42867], [17.129799833333333, 78.42867233333332], [17.129812166666667, 78.4286745], [17.12982483333333, 78.42867666666666], [17.129837666666667, 78.428679], [17.129849999999998, 78.42868116666666], [17.12986233333333, 78.42868333333332], [17.129874833333336, 78.42868566666667], [17.1298875, 78.428688], [17.12990016666667, 78.42869016666667], [17.1299125, 78.42869233333333], [17.129925, 78.42869466666666], [17.129937666666667, 78.428697], [17.129950333333333, 78.42869916666668], [17.129963166666666, 78.4287015], [17.1299755, 78.42870366666666], [17.129988, 78.42870599999999], [17.130000666666668, 78.42870833333333], [17.130013666666667, 78.42871050000001], [17.130026333333333, 78.42871283333334], [17.130039, 78.42871516666668], [17.13005133333333, 78.42871733333332], [17.130063833333335, 78.42871966666667], [17.13007633333333, 78.42872200000001], [17.130088999999998, 78.42872416666667], [17.130101500000002, 78.4287265], [17.130114, 78.42872866666667], [17.130126333333333, 78.428731], [17.130138833333334, 78.42873316666667], [17.130151166666668, 78.42873549999999], [17.130163666666665, 78.42873766666666], [17.130176, 78.42873983333334], [17.130188333333333, 78.42874216666668], [17.1302005, 78.4287445], [17.130213166666667, 78.42874683333334], [17.130225833333334, 78.428749], [17.130238333333335, 78.42875116666667], [17.130250333333333, 78.4287535], [17.130262666666667, 78.42875583333333], [17.1302755, 78.42875816666667], [17.130288166666666, 78.42876033333333], [17.13030033333333, 78.42876249999999], [17.130312333333332, 78.42876483333333], [17.130324499999997, 78.42876716666666], [17.130337166666667, 78.42876933333334], [17.130349666666667, 78.42877166666668], [17.130361833333332, 78.42877383333332], [17.130373666666667, 78.42877616666667], [17.13038583333333, 78.42877849999999], [17.130398333333336, 78.42878066666667], [17.130410666666666, 78.42878300000001], [17.130422666666668, 78.42878516666666], [17.130434666666666, 78.4287875], [17.130446833333334, 78.42878983333334], [17.130459, 78.42879216666667], [17.130471166666666, 78.42879433333333], [17.1304835, 78.42879666666666], [17.1304955, 78.42879883333333], [17.130507666666666, 78.42880116666667], [17.1305195, 78.4288035], [17.1305315, 78.42880583333334], [17.130543833333334, 78.42880816666667], [17.130556000000002, 78.42881033333333], [17.130567833333334, 78.42881266666667], [17.130579666666666, 78.428815], [17.130591666666664, 78.42881733333334], [17.130604166666668, 78.42881966666667], [17.130616333333332, 78.42882200000001], [17.13062783333333, 78.42882433333332], [17.130639666666664, 78.42882666666667], [17.130651666666665, 78.428829], [17.130663833333333, 78.42883133333333], [17.130675666666665, 78.42883366666666], [17.1306875, 78.428836], [17.130699166666666, 78.42883833333333], [17.130711166666668, 78.42884066666667], [17.130723, 78.428843], [17.13073466666667, 78.42884533333333], [17.1307465, 78.42884766666666], [17.130758333333333, 78.42885], [17.130770166666665, 78.42885233333332], [17.130781833333334, 78.42885466666667], [17.130793666666666, 78.42885700000001], [17.130805333333335, 78.42885933333334], [17.130817, 78.42886166666668], [17.130828833333332, 78.428864], [17.13084033333333, 78.42886616666667], [17.130852166666667, 78.4288685], [17.130863833333333, 78.42887066666667], [17.1308755, 78.42887300000001], [17.13088683333333, 78.42887533333332], [17.1308985, 78.4288775], [17.130910333333336, 78.42887966666667], [17.130921999999998, 78.42888183333334], [17.130933833333334, 78.428884], [17.130945666666666, 78.42888616666667], [17.130957666666667, 78.42888833333333], [17.130969666666665, 78.42889050000001], [17.130981666666667, 78.42889266666666], [17.13099383333333, 78.42889483333333], [17.131006, 78.428897], [17.131018166666667, 78.42889916666667], [17.1310305, 78.42890116666668], [17.131042833333332, 78.42890333333334], [17.131055, 78.42890533333333], [17.131067499999997, 78.42890733333334], [17.13108, 78.42890949999999], [17.13109216666667, 78.4289115], [17.1311045, 78.4289135], [17.131117333333336, 78.42891549999999], [17.131129666666666, 78.4289175], [17.1311425, 78.42891949999999], [17.131155, 78.42892149999999], [17.131167333333334, 78.42892350000001], [17.131180166666663, 78.4289255], [17.131193, 78.4289275], [17.131205666666666, 78.42892933333333], [17.131218333333333, 78.42893133333334], [17.131231, 78.42893316666667], [17.131243833333333, 78.42893516666666], [17.131256666666665, 78.42893716666667], [17.1312695, 78.428939], [17.131282, 78.42894083333334], [17.131294833333335, 78.42894266666667], [17.131307666666665, 78.42894466666667], [17.131320666666667, 78.4289465], [17.131333666666666, 78.42894833333334], [17.131346333333333, 78.42895016666667], [17.1313595, 78.42895216666668], [17.1313725, 78.428954], [17.1313855, 78.42895583333333], [17.1313985, 78.42895766666668], [17.131411333333332, 78.4289595], [17.131424499999998, 78.42896133333333], [17.131437666666667, 78.42896316666666], [17.13145066666667, 78.428965], [17.131463666666665, 78.42896683333333], [17.131476833333334, 78.42896850000001], [17.13149, 78.42897033333334], [17.13150316666667, 78.428972], [17.1315165, 78.42897383333334], [17.1315295, 78.42897549999999], [17.131542666666668, 78.42897733333332], [17.131556, 78.428979], [17.1315695, 78.42898066666666], [17.131582666666667, 78.42898233333334], [17.131595833333332, 78.428984], [17.131609, 78.42898583333334], [17.1316225, 78.42898733333332], [17.131635833333334, 78.42898916666667], [17.131649166666666, 78.42899066666668], [17.1316625, 78.4289925], [17.131676000000002, 78.42899416666667], [17.131689333333334, 78.42899583333333], [17.131703166666668, 78.42899733333334], [17.1317165, 78.428999], [17.131729833333335, 78.42900066666667], [17.13174366666667, 78.42900233333333], [17.131757333333333, 78.429004], [17.131770833333334, 78.42900566666667], [17.131784333333332, 78.42900716666666], [17.131797833333334, 78.42900883333333], [17.131811833333334, 78.4290105], [17.131825666666668, 78.429012], [17.131839333333335, 78.42901366666666], [17.131852666666667, 78.42901533333334], [17.131866666666667, 78.42901683333334], [17.1318805, 78.42901833333333], [17.131894166666665, 78.42901983333333], [17.131908, 78.42902133333334], [17.131922, 78.429023], [17.131936, 78.42902433333333], [17.13195, 78.42902600000001], [17.131963666666664, 78.4290275], [17.131977333333335, 78.42902883333333], [17.131991833333334, 78.42903033333333], [17.132006, 78.42903183333333], [17.132019833333334, 78.42903316666667], [17.132033666666665, 78.42903466666667], [17.132048, 78.42903616666668], [17.132062333333334, 78.4290375], [17.1320765, 78.429039], [17.132090666666667, 78.42904033333333], [17.132104833333337, 78.42904166666668], [17.132119166666666, 78.42904300000001], [17.132133666666668, 78.42904433333334], [17.132147999999997, 78.42904566666667], [17.132162333333333, 78.42904700000001], [17.132176833333332, 78.42904833333334], [17.13219133333333, 78.42904966666667], [17.1322055, 78.42905083333333], [17.13222, 78.42905216666666], [17.132234333333333, 78.42905333333333], [17.132248833333332, 78.42905466666666], [17.132263666666667, 78.42905583333332], [17.132278166666666, 78.42905716666668], [17.132292500000002, 78.42905833333333], [17.132307166666667, 78.42905966666667], [17.132321833333332, 78.42906083333334], [17.1323365, 78.42906216666667], [17.132350666666664, 78.4290635], [17.132365, 78.42906483333333], [17.132379500000003, 78.42906616666667], [17.132394166666664, 78.4290675], [17.132408666666667, 78.42906883333333], [17.132423, 78.42907], [17.132437333333332, 78.42907133333333], [17.132452, 78.42907266666666], [17.1324665, 78.429074], [17.132480833333332, 78.42907533333333], [17.13249516666667, 78.42907666666666], [17.132509666666667, 78.42907799999999], [17.132523833333334, 78.42907933333332], [17.132537833333334, 78.42908066666668], [17.1325525, 78.42908200000001], [17.132567166666668, 78.42908349999999], [17.132581333333334, 78.42908483333333], [17.132595833333333, 78.42908616666666], [17.132610333333332, 78.4290875], [17.132625, 78.42908883333332], [17.1326395, 78.42909016666667], [17.132653666666666, 78.42909166666666], [17.132668000000002, 78.42909283333333], [17.132682166666665, 78.42909433333332], [17.1326965, 78.42909566666667], [17.13271083333333, 78.429097], [17.132725333333333, 78.42909833333333], [17.132739333333333, 78.42909966666666], [17.132753666666666, 78.429101], [17.132767666666666, 78.42910233333333], [17.13278216666667, 78.42910383333333], [17.132796499999998, 78.42910516666667], [17.132810333333335, 78.4291065], [17.132824666666668, 78.429108], [17.132839, 78.42910933333333], [17.132853333333333, 78.42911066666667], [17.1328675, 78.429112], [17.132881833333332, 78.4291135], [17.13289616666667, 78.42911483333334], [17.132910499999998, 78.42911616666667], [17.132925, 78.4291175], [17.13293966666667, 78.429119], [17.132953999999998, 78.42912033333333], [17.132968333333334, 78.42912166666666], [17.132982666666667, 78.42912316666667], [17.132997, 78.4291245], [17.133011166666666, 78.42912583333333], [17.133025166666666, 78.42912716666666], [17.1330395, 78.42912849999999], [17.133053833333335, 78.42912983333333], [17.133067999999998, 78.42913133333333], [17.133082333333334, 78.42913266666666], [17.133096833333333, 78.42913416666667], [17.133111333333332, 78.4291355], [17.13312566666667, 78.42913683333333], [17.133139833333335, 78.42913816666668], [17.1331545, 78.42913966666667], [17.13316916666667, 78.429141], [17.133183499999998, 78.42914233333333], [17.133197666666668, 78.42914366666668], [17.133212166666667, 78.429145], [17.133226666666665, 78.42914649999999], [17.133240833333332, 78.42914783333335], [17.133255333333334, 78.42914916666668], [17.133269666666667, 78.42915066666666], [17.133284333333332, 78.429152], [17.133298333333336, 78.42915333333333], [17.13331283333333, 78.42915483333333], [17.133327166666668, 78.42915616666667], [17.13334166666667, 78.4291575], [17.133356166666665, 78.429159], [17.133370333333335, 78.42916033333333], [17.133384666666664, 78.42916166666667], [17.133399166666667, 78.42916316666667], [17.13341366666667, 78.4291645], [17.133428166666665, 78.429166], [17.1334425, 78.42916733333333], [17.133456666666667, 78.42916883333334], [17.133471333333333, 78.42917016666667], [17.1334855, 78.42917166666666], [17.133500166666668, 78.429173], [17.133514666666667, 78.4291745], [17.133528833333333, 78.42917583333333], [17.1335435, 78.42917733333334], [17.133557666666665, 78.42917866666667], [17.133572166666667, 78.42918016666665], [17.133586333333334, 78.4291815], [17.133600666666666, 78.42918283333333], [17.133615000000002, 78.42918433333332], [17.133629166666665, 78.42918566666667], [17.1336435, 78.429187], [17.133657666666668, 78.4291885], [17.133672, 78.42918983333334], [17.1336865, 78.42919133333334], [17.133700833333332, 78.42919266666667], [17.133715, 78.42919416666668], [17.133729333333335, 78.4291955], [17.133743666666664, 78.42919683333334], [17.133758333333333, 78.42919833333333], [17.133772833333335, 78.42919966666666], [17.133787166666664, 78.42920116666666], [17.133801666666667, 78.4292025], [17.133815666666667, 78.42920383333333], [17.1338305, 78.42920533333333], [17.133844833333335, 78.42920666666667], [17.13385883333333, 78.42920816666667], [17.1338735, 78.4292095], [17.1338875, 78.429211], [17.133901833333333, 78.42921233333333], [17.133916166666666, 78.42921366666666], [17.1339305, 78.42921516666667], [17.13394483333333, 78.4292165], [17.133958833333335, 78.429218], [17.133972833333335, 78.4292195], [17.133986999999998, 78.42922083333333], [17.1340015, 78.42922233333334], [17.134015499999997, 78.42922366666667], [17.134029666666667, 78.42922516666665], [17.1340435, 78.4292265], [17.134057833333333, 78.429228], [17.134071833333334, 78.4292295], [17.134085666666667, 78.42923083333334], [17.134099666666668, 78.42923233333333], [17.13411316666667, 78.42923383333333], [17.134127, 78.42923533333332], [17.134140666666667, 78.42923666666667], [17.134154000000002, 78.42923816666666], [17.1341675, 78.42923966666667], [17.134180833333335, 78.42924116666667], [17.134194166666667, 78.4292425], [17.1342075, 78.429244], [17.134220833333334, 78.4292455], [17.134234333333332, 78.429247], [17.134247666666667, 78.42924833333333], [17.134260833333332, 78.42925], [17.134274333333334, 78.42925149999999], [17.134287833333335, 78.42925283333334], [17.134301166666667, 78.4292545], [17.13431466666667, 78.429256], [17.134328, 78.42925749999999], [17.134341166666665, 78.429259], [17.134354499999997, 78.4292605], [17.134368, 78.42926200000001], [17.134381333333334, 78.42926366666667], [17.1343945, 78.42926516666667], [17.134407500000002, 78.42926666666668], [17.134421, 78.42926816666666], [17.134434166666665, 78.42926966666667], [17.134447666666667, 78.42927116666667], [17.134461333333334, 78.42927266666668], [17.1344745, 78.42927433333332], [17.13448783333333, 78.42927583333334], [17.134501166666666, 78.42927733333333], [17.134514833333334, 78.42927883333333], [17.1345285, 78.4292805], [17.134542, 78.42928183333333], [17.134555166666665, 78.42928350000001], [17.134568666666667, 78.42928516666666], [17.134582333333334, 78.42928666666667], [17.134595666666666, 78.42928816666667], [17.134608833333335, 78.42928966666666], [17.134622333333333, 78.42929133333334], [17.134635666666668, 78.42929283333334], [17.134649000000003, 78.42929433333333], [17.134662166666665, 78.42929600000001], [17.134675666666666, 78.4292975], [17.134688999999998, 78.42929916666667], [17.134702166666667, 78.42930066666666], [17.134715500000002, 78.42930233333333], [17.134728666666668, 78.42930383333334], [17.134742000000003, 78.4293055], [17.134755166666665, 78.42930716666666], [17.1347685, 78.42930866666667], [17.134781666666665, 78.42931033333333], [17.134795, 78.429312], [17.13480816666667, 78.42931366666667], [17.13482133333333, 78.42931516666665], [17.1348345, 78.42931683333333], [17.1348475, 78.4293185], [17.134860833333335, 78.42932016666667], [17.134874, 78.42932166666667], [17.134886833333333, 78.42932333333333], [17.134900000000002, 78.429325], [17.134912999999997, 78.42932666666667], [17.134926, 78.42932833333333], [17.134939, 78.42933], [17.134952, 78.42933166666667], [17.134965, 78.42933333333333], [17.134977666666668, 78.42933483333333], [17.134990666666667, 78.4293365], [17.1350035, 78.42933816666667], [17.135016333333333, 78.42933983333334], [17.135029, 78.42934149999999], [17.135041833333332, 78.42934316666667], [17.135054500000003, 78.429345], [17.135067333333332, 78.42934666666666], [17.135080333333335, 78.42934833333334], [17.135093166666664, 78.42935000000001], [17.135105833333334, 78.42935166666666], [17.135118499999997, 78.42935333333334], [17.135131166666667, 78.429355], [17.135144, 78.42935683333333], [17.135156833333333, 78.4293585], [17.1351695, 78.42936033333334], [17.135182166666667, 78.42936200000001], [17.135194833333333, 78.42936383333334], [17.135207666666666, 78.42936549999999], [17.135220166666667, 78.42936716666667], [17.13523316666667, 78.42936883333333], [17.135245666666666, 78.42937066666667], [17.135258, 78.4293725], [17.135270333333334, 78.42937416666668], [17.135282833333335, 78.42937583333334], [17.135295166666666, 78.42937766666667], [17.135307666666666, 78.42937950000001], [17.135320166666666, 78.42938116666666], [17.135332333333334, 78.42938283333334], [17.135344666666665, 78.4293845], [17.135357166666665, 78.42938616666667], [17.135369333333333, 78.429388], [17.135381833333334, 78.42938966666667], [17.135394166666668, 78.42939133333333], [17.1354065, 78.42939299999999], [17.135419000000002, 78.42939466666667], [17.1354315, 78.42939633333334], [17.135444166666666, 78.429398], [17.135457166666665, 78.4293995], [17.135469666666665, 78.42940116666666], [17.135482333333336, 78.42940283333334], [17.135495166666665, 78.42940449999999], [17.135507833333335, 78.429406], [17.1355205, 78.42940783333333], [17.135533000000002, 78.4294095], [17.13554583333333, 78.42941116666665], [17.1355585, 78.42941266666666], [17.1355715, 78.42941433333334], [17.135584166666668, 78.429416], [17.135597, 78.4294175], [17.135609666666667, 78.42941916666668], [17.135622666666666, 78.42942066666666], [17.135635333333333, 78.42942233333333], [17.135648166666666, 78.42942383333335], [17.135661000000002, 78.4294255], [17.135673999999998, 78.429427], [17.13568666666667, 78.42942866666667], [17.135699499999998, 78.42943016666666], [17.1357125, 78.42943183333334], [17.135725333333333, 78.42943333333332], [17.135738333333332, 78.429435], [17.135750833333336, 78.42943650000001], [17.135763666666666, 78.42943799999999], [17.135776500000002, 78.42943966666667], [17.13578933333333, 78.42944116666666], [17.135802, 78.42944266666667], [17.1358145, 78.42944416666666], [17.135827333333335, 78.42944566666667], [17.135840166666664, 78.42944733333334], [17.135853, 78.42944866666667], [17.135865666666668, 78.42945033333334], [17.135878833333333, 78.42945183333333], [17.1358915, 78.42945333333334], [17.1359045, 78.42945483333332], [17.135917166666665, 78.42945633333333], [17.135930166666665, 78.42945783333333], [17.135943166666667, 78.42945933333334], [17.135956, 78.42946083333332], [17.135968666666667, 78.42946233333333], [17.1359815, 78.42946383333333], [17.1359945, 78.42946533333334], [17.1360075, 78.42946683333334], [17.136020166666665, 78.42946833333333], [17.136033, 78.42946983333333], [17.136046166666667, 78.42947133333334], [17.136059, 78.42947283333334], [17.136072333333335, 78.42947433333333], [17.136085166666664, 78.42947583333333], [17.136098, 78.42947733333334], [17.136111333333336, 78.42947883333333], [17.136124166666665, 78.42948033333333], [17.136137166666668, 78.42948183333333], [17.13615, 78.42948316666666], [17.136163166666666, 78.42948466666667], [17.136176166666665, 78.42948616666666], [17.136189166666668, 78.42948766666667], [17.136202166666667, 78.42948916666666], [17.1362155, 78.42949066666667], [17.136228666666668, 78.429492], [17.136241833333333, 78.4294935], [17.136254833333332, 78.429495], [17.136267999999998, 78.42949633333333], [17.1362815, 78.429498], [17.136294666666668, 78.42949933333333], [17.136308, 78.42950083333334], [17.13632116666667, 78.42950233333333], [17.136334499999997, 78.42950383333333], [17.136347999999998, 78.42950533333332], [17.136361333333333, 78.42950683333333], [17.136374666666665, 78.42950833333333], [17.136388, 78.42950983333334], [17.136401333333332, 78.42951133333332], [17.136414666666667, 78.42951283333333], [17.136428000000002, 78.42951433333333], [17.136441333333334, 78.42951583333334], [17.1364545, 78.42951716666667], [17.13646783333333, 78.42951866666667], [17.136481, 78.42952016666666], [17.13649416666667, 78.42952166666667], [17.136507666666667, 78.429523], [17.136520833333336, 78.42952466666667], [17.136534166666667, 78.429526], [17.1365475, 78.42952749999999], [17.136560666666664, 78.429529], [17.136574333333332, 78.4295305], [17.1365875, 78.42953183333334], [17.136600833333333, 78.42953333333334], [17.136614333333334, 78.42953483333334], [17.136627666666666, 78.42953633333333], [17.136641166666667, 78.42953783333334], [17.13665466666667, 78.42953933333334], [17.136667833333334, 78.42954066666667], [17.1366815, 78.42954216666666], [17.136694833333333, 78.42954366666666], [17.136708166666665, 78.42954516666667], [17.1367215, 78.42954666666667], [17.136734833333332, 78.42954800000001], [17.136748333333333, 78.4295495], [17.13676183333333, 78.429551], [17.136775333333333, 78.4295525], [17.136788833333334, 78.42955400000001], [17.136802333333332, 78.4295555], [17.136815833333333, 78.42955683333334], [17.13682933333333, 78.42955833333333], [17.136842833333333, 78.42955983333333], [17.136856333333334, 78.42956133333334], [17.136869833333332, 78.42956266666667], [17.136883166666667, 78.42956416666667], [17.136896666666665, 78.42956566666666], [17.136910333333333, 78.42956716666666], [17.136923666666668, 78.4295685], [17.136937, 78.42957], [17.136950333333335, 78.42957150000001], [17.136963666666666, 78.42957299999999], [17.136977166666668, 78.4295745], [17.13699066666667, 78.429576], [17.13700383333333, 78.42957750000001], [17.137017333333333, 78.429579], [17.137031, 78.42958033333333], [17.137044500000002, 78.42958183333333], [17.137057833333333, 78.42958333333333], [17.137071166666665, 78.42958483333334], [17.137084666666667, 78.42958633333333], [17.137098166666664, 78.42958783333333], [17.137111666666666, 78.42958933333333], [17.137125333333334, 78.42959083333334], [17.13713883333333, 78.42959233333333], [17.1371525, 78.42959383333333], [17.13716583333333, 78.42959533333332], [17.137179333333332, 78.42959683333333], [17.137192833333334, 78.42959833333333], [17.137206166666665, 78.42959983333334], [17.137219666666667, 78.42960133333332], [17.137232833333332, 78.42960283333333], [17.137246333333334, 78.42960433333333], [17.137259333333336, 78.42960583333334], [17.137273, 78.42960733333332], [17.13728616666667, 78.42960883333333], [17.13729933333333, 78.42961033333333], [17.137312666666666, 78.42961183333334], [17.137326166666664, 78.42961333333332], [17.137339333333333, 78.42961483333333], [17.137352833333335, 78.42961633333333], [17.137366333333333, 78.42961783333334], [17.137379666666668, 78.42961933333332], [17.137393333333332, 78.42962066666668], [17.137406833333333, 78.42962216666666], [17.1374205, 78.42962366666667], [17.137434, 78.42962516666667], [17.137447666666667, 78.42962666666668], [17.137461, 78.42962816666666], [17.1374745, 78.42962983333334], [17.137488333333334, 78.42963133333333], [17.13750183333333, 78.42963283333333], [17.1375155, 78.42963433333333], [17.137528666666665, 78.42963583333334], [17.137542166666666, 78.4296375], [17.1375555, 78.429639], [17.137568833333333, 78.4296405], [17.137582166666668, 78.429642], [17.137595333333334, 78.42964350000001], [17.1376085, 78.429645], [17.137621666666668, 78.4296465], [17.137634666666667, 78.429648], [17.137647833333332, 78.42964950000001], [17.137661166666664, 78.42965099999999], [17.137674333333333, 78.4296525], [17.137687666666668, 78.429654], [17.137701, 78.42965550000001], [17.137714333333335, 78.42965699999999], [17.137727833333333, 78.42965866666667], [17.137741000000002, 78.42966016666666], [17.13775466666667, 78.42966166666666], [17.137768, 78.42966316666666], [17.137781333333333, 78.42966466666667], [17.13779483333333, 78.42966633333334], [17.137808166666666, 78.42966783333333], [17.137821499999998, 78.42966933333334], [17.137835, 78.42967083333333], [17.137848333333334, 78.42967233333334], [17.137861666666666, 78.42967383333333], [17.137875, 78.4296755], [17.137888166666666, 78.42967700000001], [17.137901666666668, 78.4296785], [17.13791516666667, 78.42968], [17.137928499999997, 78.4296815], [17.137941666666666, 78.42968300000001], [17.137954666666666, 78.4296845], [17.137968, 78.429686], [17.137981500000002, 78.4296875], [17.137994666666668, 78.42968883333333], [17.138007833333333, 78.4296905], [17.13802133333333, 78.42969199999999], [17.138034666666666, 78.42969333333333], [17.138048166666668, 78.42969483333333], [17.1380615, 78.42969633333334], [17.138075166666667, 78.42969783333334], [17.138088666666665, 78.42969933333333], [17.138102, 78.42970083333333], [17.138115833333334, 78.42970233333334], [17.138129499999998, 78.42970383333333], [17.138143333333336, 78.42970533333333], [17.138156666666664, 78.42970683333333], [17.138170333333335, 78.42970833333334], [17.138184000000003, 78.42970983333333], [17.1381975, 78.42971133333334], [17.138211000000002, 78.42971283333333], [17.138224833333332, 78.42971433333334], [17.138238166666667, 78.42971583333333], [17.13825166666667, 78.42971733333334], [17.138265166666667, 78.42971883333333], [17.138278833333334, 78.42972033333334], [17.138292166666666, 78.42972183333333], [17.138305666666668, 78.42972333333334], [17.138319333333335, 78.42972483333332], [17.138332833333333, 78.42972616666665], [17.1383465, 78.42972766666666], [17.138359833333332, 78.42972916666666], [17.1383735, 78.42973066666667], [17.138387, 78.42973216666665], [17.138400666666666, 78.42973350000001], [17.138414333333333, 78.429735], [17.13842783333333, 78.4297365], [17.138441333333333, 78.429738], [17.138454833333334, 78.42973950000001], [17.138468333333332, 78.42974099999999], [17.138482, 78.4297425], [17.13849533333333, 78.429744], [17.138508833333333, 78.42974550000001], [17.138522166666668, 78.42974699999999], [17.138535833333332, 78.4297485], [17.138549, 78.42975], [17.138562666666665, 78.42975150000001], [17.138576, 78.42975299999999], [17.138589333333336, 78.4297545], [17.138602666666667, 78.429756], [17.138616333333335, 78.42975750000001], [17.138629833333333, 78.429759], [17.138643166666668, 78.4297605], [17.138656500000003, 78.429762], [17.138670166666667, 78.4297635], [17.13868366666667, 78.429765], [17.138697166666667, 78.4297665], [17.138710666666668, 78.429768], [17.138724333333336, 78.4297695], [17.138738, 78.42977083333334], [17.138751666666668, 78.42977233333333], [17.138765333333332, 78.42977383333333], [17.138779, 78.42977516666666], [17.138792666666667, 78.42977666666667], [17.13880633333333, 78.42977816666667], [17.13882, 78.42977966666668], [17.13883333333333, 78.42978116666667], [17.138847, 78.4297825], [17.1388605, 78.429784], [17.138874166666668, 78.4297855], [17.1388875, 78.429787], [17.138900999999997, 78.4297885], [17.13891466666667, 78.42979], [17.138928, 78.4297915], [17.138941499999998, 78.429793], [17.138955, 78.4297945], [17.13896833333333, 78.429796], [17.138982, 78.42979766666667], [17.1389955, 78.42979916666667], [17.13900883333333, 78.42980066666668], [17.139022333333333, 78.42980216666666], [17.139035666666665, 78.42980383333334], [17.139049166666666, 78.42980533333333], [17.139062666666668, 78.42980683333333], [17.139076, 78.42980850000001], [17.139089333333335, 78.42981], [17.139102833333332, 78.4298115], [17.139116333333334, 78.429813], [17.13912966666667, 78.4298145], [17.139143166666667, 78.429816], [17.13915666666667, 78.4298175], [17.13917, 78.429819], [17.1391835, 78.42982066666667], [17.139196833333333, 78.42982216666665], [17.139210166666665, 78.42982366666666], [17.1392235, 78.42982516666666], [17.13923683333333, 78.42982666666667], [17.13925, 78.42982833333333], [17.139263500000002, 78.42982966666666], [17.139276833333334, 78.42983133333334], [17.139290000000003, 78.42983283333334], [17.1393035, 78.42983433333333], [17.139317000000002, 78.42983583333333], [17.139330500000003, 78.42983733333334], [17.13934383333333, 78.42983883333333], [17.139357166666667, 78.42984033333333], [17.139370666666665, 78.42984183333333], [17.139384333333332, 78.42984333333334], [17.139397666666664, 78.42984483333333], [17.139411166666665, 78.42984633333334], [17.139424666666667, 78.42984783333333], [17.139438166666665, 78.42984933333334], [17.139451666666666, 78.42985083333333], [17.139465166666664, 78.42985233333334], [17.13947883333333, 78.42985383333333], [17.1394925, 78.42985533333334], [17.139505999999997, 78.42985683333333], [17.13951966666667, 78.42985833333334], [17.13953316666667, 78.42985983333332], [17.139546833333334, 78.42986133333333], [17.139560333333336, 78.42986283333333], [17.139573833333333, 78.42986433333334], [17.139587333333335, 78.42986583333332], [17.139601000000003, 78.42986733333333], [17.1396145, 78.42986883333333], [17.139628166666668, 78.42987033333334], [17.139641666666666, 78.42987183333334], [17.1396555, 78.42987333333333], [17.139669166666668, 78.42987483333333], [17.13968283333333, 78.42987633333334], [17.1396965, 78.42987783333334], [17.139710166666667, 78.42987933333333], [17.139724, 78.42988083333333], [17.13973766666667, 78.42988233333334], [17.1397515, 78.42988383333334], [17.139765166666667, 78.42988533333333], [17.139778999999997, 78.42988683333333], [17.139792833333335, 78.42988816666666], [17.13980666666667, 78.42988966666667], [17.139820333333333, 78.42989116666666], [17.139834, 78.42989266666667], [17.139847666666665, 78.42989416666666], [17.139861333333332, 78.42989566666667], [17.139875166666666, 78.42989716666666], [17.139888833333334, 78.42989866666667], [17.139902333333335, 78.42990016666666], [17.13991616666667, 78.42990166666667], [17.13993, 78.42990316666666], [17.139943833333334, 78.42990466666667], [17.139957666666664, 78.42990616666665], [17.139971333333335, 78.42990783333333], [17.139985000000003, 78.42990933333334], [17.139998833333333, 78.42991083333332], [17.1400125, 78.42991233333333], [17.140026166666665, 78.42991383333333], [17.140039833333333, 78.42991533333334], [17.140053333333334, 78.42991699999999], [17.140067166666665, 78.4299185], [17.140080833333332, 78.42992], [17.1400945, 78.42992166666666], [17.140108, 78.42992316666667], [17.14012166666667, 78.42992466666666], [17.140135166666667, 78.42992616666668], [17.14014866666667, 78.42992783333334], [17.140162333333333, 78.42992933333333], [17.140175666666668, 78.42993083333334], [17.140189333333335, 78.42993233333333], [17.140203, 78.429934], [17.1402165, 78.4299355], [17.14023, 78.42993700000001], [17.1402435, 78.42993866666667], [17.140257166666668, 78.42994016666667], [17.140270833333332, 78.42994183333333], [17.140284166666667, 78.42994333333333], [17.1402975, 78.429945], [17.140311166666667, 78.4299465], [17.140324666666668, 78.429948], [17.140337666666667, 78.42994966666667], [17.140350833333333, 78.42995116666665], [17.140364499999997, 78.42995266666667], [17.140377833333332, 78.42995433333334], [17.140391, 78.42995583333332], [17.140404, 78.4299575], [17.140417333333335, 78.429959], [17.140430833333333, 78.4299605], [17.140444, 78.42996216666667], [17.1404575, 78.42996366666667], [17.140470999999998, 78.42996533333333], [17.140484166666667, 78.42996683333334], [17.140497666666665, 78.4299685], [17.140511166666666, 78.42997], [17.1405245, 78.42997166666667], [17.140537833333333, 78.42997316666667], [17.14055116666667, 78.42997483333333], [17.1405645, 78.42997633333333], [17.140577666666665, 78.42997783333334], [17.140590999999997, 78.4299795], [17.140604333333332, 78.429981], [17.140617666666667, 78.42998266666667], [17.140630833333333, 78.42998416666666], [17.140644166666668, 78.42998566666667], [17.1406575, 78.42998733333334], [17.140670666666665, 78.42998883333333], [17.140684166666666, 78.42999033333334], [17.140697333333332, 78.429992], [17.1407105, 78.4299935], [17.140723666666666, 78.42999499999999], [17.140736833333335, 78.4299965], [17.14075, 78.42999816666666], [17.140763, 78.42999966666666], [17.140776333333335, 78.43000116666667], [17.1407895, 78.43000266666667], [17.140803000000002, 78.43000433333333], [17.140815999999997, 78.43000583333334], [17.140829, 78.4300075], [17.1408425, 78.430009], [17.140856, 78.4300105], [17.140869333333335, 78.430012], [17.1408825, 78.43001366666667], [17.14089583333333, 78.43001516666666], [17.140909166666667, 78.43001666666667], [17.1409225, 78.43001833333332], [17.140936, 78.43001983333333], [17.14094933333333, 78.43002133333333], [17.1409625, 78.43002283333334], [17.140976000000002, 78.43002433333332], [17.140989166666667, 78.430026], [17.141002500000003, 78.43002750000001], [17.141015499999998, 78.430029], [17.141029, 78.4300305], [17.141042333333335, 78.430032], [17.141055666666666, 78.43003366666667], [17.141069333333334, 78.430035], [17.141082666666666, 78.43003666666667], [17.141096, 78.43003816666666], [17.14110966666667, 78.43003966666667], [17.141123166666667, 78.43004116666665], [17.141136666666668, 78.43004283333333], [17.141150166666666, 78.43004433333334], [17.141163333333335, 78.43004583333332], [17.141176833333336, 78.4300475], [17.141190333333334, 78.430049], [17.141203833333336, 78.43005050000001], [17.141216999999997, 78.43005199999999], [17.1412305, 78.43005366666667], [17.14124383333333, 78.43005516666668], [17.141257166666666, 78.43005666666666], [17.1412705, 78.43005816666667], [17.141284, 78.43005983333335], [17.1412975, 78.43006116666668], [17.141310999999998, 78.43006283333334], [17.141324666666666, 78.43006433333333], [17.141338166666667, 78.43006583333334], [17.141351999999998, 78.43006749999999], [17.1413655, 78.430069], [17.141378999999997, 78.4300705], [17.141392666666665, 78.43007200000001], [17.141406500000002, 78.43007366666667], [17.141419833333334, 78.43007516666667], [17.141433333333335, 78.43007666666668], [17.141447000000003, 78.43007816666666], [17.1414605, 78.43007983333334], [17.141474000000002, 78.43008133333333], [17.1414875, 78.43008283333333], [17.141500833333335, 78.43008433333333], [17.141514166666663, 78.43008583333334], [17.141527833333335, 78.43008733333333], [17.141541500000002, 78.43008883333333], [17.141555, 78.43009033333333], [17.1415685, 78.430092], [17.141582000000003, 78.43009350000001], [17.141595833333334, 78.430095], [17.141609333333335, 78.4300965], [17.141622833333333, 78.430098], [17.141636333333334, 78.43009966666666], [17.141650000000002, 78.43010116666666], [17.141663666666666, 78.43010266666667], [17.1416775, 78.43010416666667], [17.141690999999998, 78.43010566666666], [17.141704833333332, 78.43010716666666], [17.141718833333336, 78.43010866666667], [17.1417325, 78.43011016666667], [17.141746333333334, 78.43011166666666], [17.14176033333333, 78.43011333333334], [17.141774166666668, 78.43011466666667], [17.141788000000002, 78.43011616666666], [17.141801833333332, 78.43011766666667], [17.1418155, 78.43011916666666], [17.141829499999997, 78.43012066666667], [17.1418435, 78.43012216666666], [17.141857, 78.43012366666667], [17.1418705, 78.43012516666666], [17.141884166666667, 78.43012666666667], [17.141897833333335, 78.43012816666666], [17.141911333333333, 78.43012966666667], [17.141924833333334, 78.43013116666665], [17.141938666666665, 78.43013266666667], [17.141952166666666, 78.43013416666666], [17.141966, 78.43013566666667], [17.141979833333334, 78.43013716666665], [17.141993666666668, 78.43013866666666], [17.1420075, 78.43014016666666], [17.142021333333332, 78.43014166666667], [17.142035333333336, 78.43014316666667], [17.142049166666666, 78.43014450000001], [17.142063166666667, 78.43014616666666], [17.14207683333333, 78.43014766666667], [17.142090833333334, 78.43014916666667], [17.142104500000002, 78.43015050000001], [17.1421185, 78.43015216666666], [17.142132333333333, 78.43015366666667], [17.142146166666667, 78.43015516666667], [17.142159833333334, 78.43015666666666], [17.142173833333334, 78.43015816666666], [17.142187666666665, 78.43015966666667], [17.142201666666665, 78.43016116666666], [17.142215166666666, 78.43016266666667], [17.142229, 78.43016416666666], [17.142242833333334, 78.43016566666667], [17.1422565, 78.43016716666666], [17.142270166666666, 78.43016866666667], [17.142284166666666, 78.43017016666666], [17.142297833333334, 78.43017166666667], [17.1423115, 78.43017316666666], [17.14232516666667, 78.43017466666667], [17.142339166666666, 78.43017616666666], [17.142353166666666, 78.43017766666667], [17.142367, 78.43017916666666], [17.142380666666668, 78.43018083333332], [17.1423945, 78.43018216666665], [17.1424085, 78.43018366666666], [17.142422333333332, 78.43018516666666], [17.142436166666666, 78.43018666666667], [17.14245, 78.43018816666667], [17.142464, 78.43018966666666], [17.142478333333333, 78.43019116666666], [17.142492333333333, 78.43019266666667], [17.142506166666667, 78.43019416666667], [17.14252, 78.43019583333333], [17.142533833333335, 78.43019716666666], [17.142547666666665, 78.43019883333334], [17.1425615, 78.43020033333333], [17.142575333333333, 78.43020166666666], [17.14258883333333, 78.43020333333334], [17.142602333333333, 78.43020483333333], [17.142615999999997, 78.43020633333335], [17.142629666666668, 78.43020783333333], [17.142643333333336, 78.43020933333334], [17.142657166666666, 78.430211], [17.142670833333334, 78.43021233333334], [17.142684666666664, 78.43021399999999], [17.142698499999998, 78.4302155], [17.14271216666667, 78.430217], [17.142726, 78.43021866666666], [17.142739666666667, 78.43022016666667], [17.142753333333335, 78.43022166666667], [17.142767166666665, 78.43022333333333], [17.142781, 78.43022483333333], [17.142794666666667, 78.43022649999999], [17.142808, 78.430228], [17.1428215, 78.4302295], [17.142835333333334, 78.43023116666667], [17.142848833333336, 78.43023266666667], [17.142862333333333, 78.43023416666666], [17.142876, 78.43023566666668], [17.14288966666667, 78.43023733333332], [17.142903166666667, 78.43023883333333], [17.142916833333334, 78.43024033333333], [17.1429305, 78.43024183333334], [17.142943833333334, 78.43024333333332], [17.142957666666668, 78.43024483333333], [17.142971499999998, 78.43024633333333], [17.142984833333333, 78.43024783333334], [17.142998666666664, 78.43024933333332], [17.143012166666665, 78.430251], [17.14302616666667, 78.43025250000001], [17.14304, 78.43025383333334], [17.1430535, 78.4302555], [17.143067499999997, 78.430257], [17.143081333333335, 78.43025833333333], [17.14309516666667, 78.43026], [17.14310933333333, 78.4302615], [17.143123, 78.430263], [17.143136833333333, 78.4302645], [17.143150833333333, 78.430266], [17.143164833333334, 78.4302675], [17.143178666666664, 78.43026883333333], [17.14319233333333, 78.43027033333333], [17.14320616666667, 78.43027183333334], [17.143220166666666, 78.43027333333333], [17.143234, 78.43027466666668], [17.14324783333333, 78.43027616666667], [17.143261666666668, 78.43027766666667], [17.143275666666668, 78.43027916666666], [17.143289333333332, 78.43028066666668], [17.143303166666666, 78.43028216666667], [17.143317000000003, 78.4302835], [17.143330833333334, 78.430285], [17.143344333333335, 78.4302865], [17.143358166666665, 78.430288], [17.143371833333333, 78.4302895], [17.143385333333335, 78.430291], [17.143399, 78.4302925], [17.143412833333333, 78.430294], [17.143426666666667, 78.4302955], [17.143440333333334, 78.43029683333333], [17.14345366666667, 78.43029833333334], [17.143466999999998, 78.43029983333332], [17.1434795, 78.43030133333333], [17.1434915, 78.43030283333333], [17.143502666666667, 78.43030433333334], [17.14351333333333, 78.43030583333332], [17.143523166666668, 78.4303075], [17.143532999999998, 78.43030916666666], [17.143542, 78.430311], [17.143550833333332, 78.43031283333333], [17.143559166666666, 78.43031483333333], [17.1435675, 78.430317], [17.143575333333334, 78.430319], [17.143581666666666, 78.43032133333332], [17.143588, 78.4303235], [17.1435935, 78.43032583333334], [17.143598166666667, 78.43032816666667], [17.143602166666668, 78.43033066666666], [17.143605333333333, 78.43033316666667], [17.143607999999997, 78.43033566666666], [17.14361016666667, 78.43033816666666], [17.143611833333335, 78.43034083333333], [17.143612833333336, 78.43034366666667], [17.143613666666667, 78.43034616666667], [17.143614, 78.43034883333333], [17.143613333333334, 78.43035166666667], [17.143612, 78.43035433333333], [17.143610000000002, 78.430357], [17.143607166666666, 78.43035966666666], [17.143604166666666, 78.43036233333333], [17.14360033333333, 78.43036516666666], [17.143596, 78.43036783333334], [17.143590833333334, 78.4303705], [17.143585499999997, 78.43037333333334], [17.143579833333334, 78.430376], [17.143574, 78.43037866666667], [17.143567333333333, 78.43038133333333], [17.143560333333333, 78.43038416666667], [17.143553, 78.43038683333333], [17.143545, 78.43038933333334], [17.143536666666666, 78.430392], [17.143528, 78.43039466666667], [17.143519166666668, 78.43039716666667], [17.14351, 78.43039966666667], [17.14350016666667, 78.43040216666667], [17.143490166666666, 78.43040466666666], [17.143479666666668, 78.430407], [17.143468833333333, 78.4304095], [17.143457833333333, 78.43041183333334], [17.143446833333332, 78.43041416666667], [17.143435166666666, 78.4304165], [17.143423166666665, 78.43041866666667], [17.143410833333334, 78.43042083333333], [17.1433985, 78.430423], [17.143385666666667, 78.430425], [17.143372833333334, 78.430427], [17.1433595, 78.430429], [17.143345833333335, 78.430431], [17.143332166666667, 78.430433], [17.143318166666667, 78.43043483333332], [17.143303833333334, 78.43043666666668], [17.143289333333332, 78.43043850000001], [17.143275000000003, 78.43044016666666], [17.143260166666668, 78.43044183333333], [17.143245166666667, 78.4304435], [17.14323016666667, 78.43044516666667], [17.143215, 78.43044683333332], [17.143199666666664, 78.43044833333333], [17.143184, 78.43045000000001], [17.143168666666668, 78.43045149999999], [17.143152833333332, 78.43045283333332], [17.143136833333333, 78.43045433333333], [17.143121, 78.43045566666666], [17.143104833333332, 78.43045699999999], [17.143088833333334, 78.43045833333333], [17.143072500000002, 78.43045950000001], [17.143055833333335, 78.43046066666668], [17.1430395, 78.430462], [17.143022499999997, 78.43046316666667], [17.1430055, 78.43046433333333], [17.142988166666665, 78.43046550000001], [17.142970833333333, 78.4304665], [17.142953499999997, 78.43046766666666], [17.142936000000002, 78.43046866666667], [17.142918666666667, 78.43046966666667], [17.142901333333334, 78.43047066666666], [17.142883666666666, 78.43047150000001], [17.142866, 78.43047233333333], [17.142848333333333, 78.43047316666666], [17.142830833333335, 78.430474], [17.142813, 78.43047483333334], [17.142795, 78.43047566666668], [17.142777333333335, 78.43047633333335], [17.142759333333334, 78.43047700000001], [17.1427415, 78.43047766666668], [17.142723166666666, 78.43047833333334], [17.142704833333333, 78.430479], [17.14268666666667, 78.43047966666667], [17.142668333333333, 78.4304805], [17.142650166666666, 78.43048116666667], [17.142631666666666, 78.43048183333333], [17.142613333333333, 78.4304825], [17.142594999999996, 78.43048316666666], [17.142576833333333, 78.43048383333333], [17.142558333333334, 78.43048433333334], [17.142540166666667, 78.430485], [17.142521833333333, 78.4304855], [17.142503666666666, 78.43048616666667], [17.142485333333333, 78.43048666666667], [17.142466833333334, 78.43048716666667], [17.1424485, 78.43048783333333], [17.142430166666667, 78.43048833333334], [17.142411666666664, 78.43048866666666], [17.14239316666667, 78.43048916666666], [17.14237466666667, 78.43048966666667], [17.142356166666666, 78.43049016666667], [17.142337666666666, 78.43049066666667], [17.142319166666667, 78.43049116666666], [17.142300666666664, 78.4304915], [17.142282333333334, 78.430492], [17.142263833333335, 78.43049233333333], [17.142245166666665, 78.43049266666667], [17.1422265, 78.43049316666666], [17.142208166666666, 78.4304935], [17.142189499999997, 78.43049366666668], [17.14217066666667, 78.430494], [17.142152, 78.43049433333334], [17.142133166666667, 78.43049466666666], [17.142114499999998, 78.43049500000001], [17.142096, 78.43049516666666], [17.142077333333336, 78.4304955], [17.1420585, 78.43049566666667], [17.142039833333335, 78.43049599999999], [17.142021333333332, 78.43049616666667], [17.1420025, 78.43049649999999], [17.141983666666665, 78.43049666666667], [17.14196466666667, 78.43049683333334], [17.141945833333335, 78.430497], [17.141926833333333, 78.43049716666665], [17.141908, 78.43049733333334], [17.141889, 78.4304975], [17.141870166666667, 78.43049766666667], [17.14185133333333, 78.43049783333332], [17.1418325, 78.430498], [17.141813833333334, 78.43049816666667], [17.1417955, 78.43049816666667], [17.141777, 78.43049833333333], [17.14175883333333, 78.43049850000001], [17.1417405, 78.43049850000001], [17.141722333333334, 78.43049866666667], [17.141704, 78.43049883333333], [17.141685833333334, 78.430499], [17.1416675, 78.43049916666668], [17.14164933333333, 78.43049933333333], [17.141631166666667, 78.4304995], [17.141612833333333, 78.43049966666668], [17.141594666666666, 78.43049983333334], [17.141576666666666, 78.43050016666666], [17.1415585, 78.43050033333334], [17.1415405, 78.43050050000001], [17.1415225, 78.43050083333333], [17.1415045, 78.430501], [17.1414865, 78.43050133333332], [17.1414685, 78.43050166666667], [17.1414505, 78.43050183333334], [17.1414325, 78.43050216666667], [17.1414145, 78.4305025], [17.1413965, 78.43050283333334], [17.141378666666665, 78.43050333333333], [17.141360833333334, 78.43050366666667], [17.141343333333335, 78.43050416666667], [17.1413255, 78.43050450000001], [17.141307833333332, 78.430505], [17.141290166666668, 78.4305055], [17.14127266666667, 78.430506], [17.141255, 78.43050666666666], [17.141237666666665, 78.43050716666667], [17.141220166666667, 78.43050783333334], [17.141202833333335, 78.4305085], [17.1411855, 78.43050916666667], [17.141168166666667, 78.43050983333333], [17.14115083333333, 78.43051050000001], [17.141133500000002, 78.43051116666668], [17.141116333333333, 78.430512], [17.141099166666667, 78.43051266666666], [17.141082166666667, 78.4305135], [17.141065, 78.43051433333333], [17.141047833333335, 78.43051533333333], [17.141030833333332, 78.43051616666666], [17.1410135, 78.430517], [17.140995999999998, 78.43051799999999], [17.140978833333335, 78.430519], [17.140961666666666, 78.43051999999999], [17.140944666666666, 78.430521], [17.140927666666666, 78.43052200000001], [17.140910666666667, 78.430523], [17.140893833333333, 78.43052416666666], [17.140877, 78.43052533333334], [17.140860333333332, 78.43052633333333], [17.14084366666667, 78.4305275], [17.140827, 78.43052850000001], [17.1408105, 78.43052966666667], [17.14079383333333, 78.43053083333332], [17.140777166666666, 78.430532], [17.1407605, 78.43053333333334], [17.140743999999998, 78.43053450000001], [17.1407275, 78.43053583333334], [17.140711166666666, 78.430537], [17.140694833333335, 78.43053833333333], [17.1406785, 78.43053966666666], [17.14066216666667, 78.43054083333332], [17.140645833333334, 78.43054216666665], [17.1406295, 78.43054350000001], [17.14061333333333, 78.43054483333334], [17.140597333333336, 78.43054616666667], [17.140581333333333, 78.4305475], [17.140565166666665, 78.430549], [17.140549333333336, 78.43055033333333], [17.140533166666668, 78.43055183333333], [17.140517166666665, 78.43055316666667], [17.140501166666663, 78.43055466666667], [17.140485166666668, 78.43055616666668], [17.140469333333332, 78.43055766666666], [17.140453333333333, 78.43055933333333], [17.1404375, 78.43056083333333], [17.1404215, 78.43056233333333], [17.140405833333332, 78.430564], [17.14039, 78.4305655], [17.140374166666668, 78.43056716666666], [17.140358499999998, 78.43056883333334], [17.140342666666665, 78.43057033333334], [17.140326833333333, 78.430572], [17.140311166666667, 78.43057366666667], [17.140295499999997, 78.43057533333334], [17.140279833333334, 78.430577], [17.140264333333334, 78.43057866666666], [17.1402485, 78.43058033333334], [17.14023316666667, 78.430582], [17.14021766666667, 78.43058383333333], [17.1402025, 78.4305855], [17.140186833333335, 78.43058716666665], [17.1401715, 78.43058883333333], [17.140156, 78.43059066666666], [17.140140499999998, 78.43059233333334], [17.140125166666667, 78.430594], [17.140109666666667, 78.43059566666668], [17.14009433333333, 78.4305975], [17.140078833333334, 78.43059916666667], [17.140063333333334, 78.430601], [17.14004783333333, 78.43060266666666], [17.140032166666668, 78.43060433333333], [17.140016666666668, 78.43060616666666], [17.140000999999998, 78.43060783333334], [17.139985333333335, 78.4306095], [17.139969833333335, 78.43061133333335], [17.139954333333332, 78.430613], [17.139939000000002, 78.43061483333332], [17.139923500000002, 78.4306165], [17.139908333333334, 78.43061833333333], [17.139892999999997, 78.43062], [17.139877833333333, 78.43062183333333], [17.139862833333332, 78.43062366666666], [17.139847333333332, 78.43062533333334], [17.139831833333336, 78.43062716666667], [17.139816833333335, 78.43062883333333], [17.139801666666663, 78.43063066666667], [17.139786333333333, 78.4306325], [17.139771, 78.43063433333333], [17.139755833333332, 78.430636], [17.13974066666667, 78.43063783333334], [17.139725333333335, 78.43063966666666], [17.139710166666667, 78.43064133333334], [17.139695, 78.43064316666667], [17.139679666666666, 78.430645], [17.1396645, 78.43064683333334], [17.139649333333335, 78.4306485], [17.139634166666667, 78.43065033333333], [17.139619, 78.43065216666668], [17.139603833333336, 78.430654], [17.13958866666667, 78.43065583333333], [17.139573499999997, 78.43065750000001], [17.1395585, 78.43065933333334], [17.1395435, 78.43066116666667], [17.139528666666667, 78.43066300000001], [17.13951366666667, 78.43066483333334], [17.139498666666668, 78.4306665], [17.139483499999997, 78.43066833333334], [17.1394685, 78.43067016666667], [17.139453333333332, 78.430672], [17.139438166666665, 78.43067383333333], [17.139423166666667, 78.43067583333332], [17.139408166666666, 78.43067766666667], [17.139393, 78.4306795], [17.139378, 78.43068133333333], [17.139363, 78.43068316666667], [17.139348166666664, 78.430685], [17.139333166666667, 78.43068683333333], [17.139318166666666, 78.43068866666667], [17.139303166666664, 78.43069050000001], [17.139288333333333, 78.43069233333334], [17.139273333333332, 78.43069416666667], [17.1392585, 78.43069616666666], [17.139243500000003, 78.43069799999999], [17.139228666666668, 78.43069983333334], [17.139213833333333, 78.43070166666666], [17.139198833333335, 78.43070366666667], [17.139184, 78.4307055], [17.13916933333333, 78.4307075], [17.139154333333334, 78.43070933333334], [17.1391395, 78.43071116666667], [17.139124666666664, 78.430713], [17.139109666666666, 78.43071499999999], [17.1390945, 78.43071683333332], [17.139079833333334, 78.43071866666668], [17.13906516666667, 78.43072066666667], [17.139050333333333, 78.43072266666667], [17.139035333333332, 78.4307245], [17.1390205, 78.43072633333333], [17.139005333333333, 78.43072816666667], [17.138990333333332, 78.43073], [17.138975000000002, 78.43073183333333], [17.13896, 78.43073366666665], [17.138944499999997, 78.43073550000001], [17.138929166666667, 78.43073733333334], [17.138913833333334, 78.43073916666667], [17.1388985, 78.430741], [17.13888316666667, 78.43074283333334], [17.138867666666666, 78.43074466666667], [17.138852, 78.4307465], [17.1388365, 78.43074833333334], [17.138820833333334, 78.43075016666667], [17.1388055, 78.430752], [17.13878983333333, 78.43075383333333], [17.138774333333334, 78.43075566666667], [17.138758833333334, 78.4307575], [17.13874333333333, 78.43075933333333], [17.138727833333334, 78.43076116666666], [17.138712333333334, 78.430763], [17.138696999999997, 78.43076466666666], [17.1386815, 78.43076649999999], [17.138666166666667, 78.43076833333333], [17.138650833333333, 78.43077016666666], [17.13863566666667, 78.43077183333334], [17.138620166666666, 78.43077366666667], [17.138604833333332, 78.4307755], [17.138589333333336, 78.43077716666667], [17.138573833333332, 78.430779], [17.138558166666666, 78.43078083333333], [17.13854266666667, 78.43078266666666], [17.138527, 78.4307845], [17.138511333333334, 78.43078633333333], [17.138495666666664, 78.43078816666666], [17.138480166666668, 78.43078999999999], [17.138464666666668, 78.43079183333333], [17.138448999999998, 78.4307935], [17.138433333333335, 78.43079533333334], [17.138418, 78.43079716666666], [17.13840233333333, 78.430799], [17.13838666666667, 78.43080066666667], [17.138371166666666, 78.4308025], [17.1383555, 78.43080433333333], [17.13834016666667, 78.43080616666666], [17.1383245, 78.430808], [17.138308833333333, 78.43080966666666], [17.138293333333333, 78.43081166666666], [17.138277833333333, 78.43081333333333], [17.138262166666667, 78.43081516666666], [17.138246499999997, 78.43081699999999], [17.138230833333335, 78.43081883333333], [17.138215, 78.43082066666666], [17.138199333333333, 78.4308225], [17.1381835, 78.43082433333333], [17.138167666666668, 78.430826], [17.138151666666666, 78.43082783333332], [17.138135666666667, 78.43082966666665], [17.138119833333334, 78.43083150000001], [17.138104, 78.43083333333334], [17.138088166666666, 78.43083516666667], [17.138072166666667, 78.43083700000001], [17.1380565, 78.43083866666666], [17.138040666666665, 78.4308405], [17.13802466666667, 78.43084233333335], [17.138009, 78.430844], [17.137993166666668, 78.43084583333332], [17.137977166666666, 78.4308475], [17.1379615, 78.43084933333333], [17.137945833333333, 78.430851], [17.137930166666667, 78.43085283333333], [17.1379145, 78.43085466666666], [17.137898833333335, 78.43085633333334], [17.137883166666665, 78.43085816666667], [17.137867500000002, 78.43085983333334], [17.137851833333333, 78.43086166666667], [17.137836, 78.4308635], [17.13782033333333, 78.43086516666668], [17.1378045, 78.430867], [17.137788666666665, 78.43086883333334], [17.137773, 78.43087050000001], [17.137757333333333, 78.43087233333334], [17.137741666666667, 78.43087399999999], [17.13772583333333, 78.43087583333333], [17.13771016666667, 78.4308775], [17.137694166666666, 78.43087933333332], [17.137678333333334, 78.43088116666667], [17.137662666666664, 78.43088283333333], [17.13764666666667, 78.43088466666667], [17.137631, 78.43088633333333], [17.137615166666667, 78.43088816666666], [17.137599333333334, 78.43089], [17.137583666666668, 78.43089183333333], [17.137567833333332, 78.43089366666666], [17.137551833333337, 78.43089533333334], [17.137536166666667, 78.43089716666667], [17.137520333333335, 78.430899], [17.137504333333332, 78.43090083333333], [17.137488333333334, 78.43090266666667], [17.1374725, 78.4309045], [17.1374565, 78.43090633333333], [17.137440333333334, 78.43090816666667], [17.137424166666666, 78.43091], [17.137408, 78.43091183333333], [17.137392, 78.43091366666665], [17.137375833333333, 78.43091550000001], [17.13735966666667, 78.43091733333334], [17.137343666666666, 78.43091916666667], [17.137327666666668, 78.43092083333333], [17.13731166666667, 78.43092266666666], [17.137295833333333, 78.4309245], [17.137279666666664, 78.43092616666667], [17.13726366666667, 78.430928], [17.137247833333333, 78.43092966666667], [17.13723183333333, 78.43093133333333], [17.137215833333336, 78.43093316666666], [17.137199666666667, 78.43093483333334], [17.137183999999998, 78.43093666666667], [17.137168, 78.43093833333334], [17.137152166666667, 78.43093999999999], [17.137136333333334, 78.43094166666667], [17.137120499999998, 78.4309435], [17.137104833333336, 78.43094516666666], [17.137089, 78.43094683333334], [17.137073333333333, 78.43094850000001], [17.1370575, 78.43095016666666], [17.137041833333335, 78.43095183333334], [17.137026166666665, 78.43095366666667], [17.137010333333333, 78.43095533333333], [17.1369945, 78.430957], [17.1369785, 78.43095883333334], [17.136962666666665, 78.43096050000001], [17.136946833333333, 78.43096216666666], [17.136930833333334, 78.43096383333334], [17.136914833333332, 78.4309655], [17.136899000000003, 78.430967], [17.136883, 78.43096866666666], [17.136867166666665, 78.43097033333333], [17.136851166666666, 78.43097200000001], [17.136835, 78.43097366666666], [17.136819, 78.4309755], [17.136803, 78.43097716666666], [17.136787, 78.43097883333333], [17.136771, 78.4309805], [17.136755, 78.43098216666667], [17.136738833333332, 78.43098383333333], [17.136722833333334, 78.43098549999999], [17.136706666666665, 78.43098716666667], [17.136690666666667, 78.43098883333333], [17.136674666666668, 78.43099050000001], [17.136658833333335, 78.43099233333334], [17.136642833333333, 78.430994], [17.136626999999997, 78.43099566666666], [17.13661116666667, 78.43099733333334], [17.136595166666666, 78.430999], [17.136579166666667, 78.43100083333334], [17.13656316666667, 78.4310025], [17.136547333333333, 78.43100416666667], [17.136531333333334, 78.43100583333333], [17.13651533333333, 78.4310075], [17.136499333333333, 78.43100916666667], [17.136483333333334, 78.43101083333333], [17.136467333333332, 78.4310125], [17.1364515, 78.43101433333332], [17.1364355, 78.431016], [17.1364195, 78.43101766666668], [17.13640366666667, 78.43101933333334], [17.136387666666668, 78.43102116666667], [17.13637183333333, 78.43102283333333], [17.136355833333333, 78.43102449999999], [17.13634, 78.43102616666667], [17.136324000000002, 78.43102783333333], [17.136308166666666, 78.43102966666667], [17.136292333333333, 78.43103133333334], [17.13627616666667, 78.431033], [17.136260333333333, 78.43103466666666], [17.13624433333333, 78.43103633333334], [17.136228333333335, 78.43103816666667], [17.136212166666667, 78.43103983333334], [17.136196166666664, 78.4310415], [17.13618016666667, 78.43104316666667], [17.136164166666667, 78.43104483333333], [17.136148, 78.43104650000001], [17.13613183333333, 78.43104833333334], [17.136115833333335, 78.43105], [17.1360995, 78.43105166666666], [17.136083499999998, 78.43105333333332], [17.136067500000003, 78.431055], [17.1360515, 78.43105683333333], [17.136035333333332, 78.4310585], [17.136019333333333, 78.43106016666667], [17.136003333333335, 78.43106200000001], [17.1359875, 78.43106366666666], [17.1359715, 78.43106533333334], [17.135955666666668, 78.43106716666667], [17.135939666666665, 78.43106883333333], [17.135923666666667, 78.4310705], [17.13590783333333, 78.43107233333333], [17.135892000000002, 78.43107400000001], [17.135876166666666, 78.43107583333334], [17.1358605, 78.4310775], [17.1358445, 78.43107933333334], [17.135828833333335, 78.43108099999999], [17.135813166666665, 78.43108283333332], [17.135797500000002, 78.4310845], [17.135781666666666, 78.43108633333333], [17.135765833333334, 78.431088], [17.135750166666664, 78.43108966666667], [17.135734333333335, 78.43109150000001], [17.135718833333332, 78.43109316666667], [17.135703, 78.431095], [17.1356875, 78.43109683333334], [17.135671666666667, 78.4310985], [17.13565583333333, 78.43110033333333], [17.135640000000002, 78.43110216666668], [17.135624, 78.43110383333332], [17.135608333333334, 78.43110566666665], [17.135592499999998, 78.43110750000001], [17.13557666666667, 78.43110916666666], [17.135560833333333, 78.431111], [17.135545, 78.43111283333333], [17.135529333333334, 78.43111449999999], [17.135513500000002, 78.43111633333334], [17.135497666666666, 78.43111816666666], [17.135481833333333, 78.43111983333333], [17.135465833333335, 78.43112166666667], [17.13545, 78.43112333333333], [17.135434, 78.43112516666666], [17.135418166666668, 78.43112683333334], [17.13540233333333, 78.43112866666667], [17.135386333333333, 78.43113033333334], [17.135370666666667, 78.43113216666667], [17.135354666666668, 78.43113383333333], [17.135339, 78.4311355], [17.13532316666667, 78.43113733333333], [17.135307333333333, 78.431139], [17.1352915, 78.43114066666666], [17.1352755, 78.4311425], [17.135259666666666, 78.43114416666667], [17.1352435, 78.43114583333333], [17.135227666666665, 78.43114766666666], [17.135211666666667, 78.43114933333332], [17.135195666666668, 78.431151], [17.135179833333332, 78.43115266666668], [17.135164, 78.43115433333334], [17.135148, 78.43115616666667], [17.135132, 78.43115783333333], [17.135116166666666, 78.43115949999999], [17.135100333333334, 78.43116116666667], [17.1350845, 78.43116283333333], [17.1350685, 78.43116450000001], [17.135052666666663, 78.43116633333334], [17.135037, 78.431168], [17.135020833333332, 78.43116966666666], [17.135004833333333, 78.43117149999999], [17.134988833333335, 78.43117316666667], [17.134973, 78.431175], [17.134957166666666, 78.43117666666667], [17.134941333333334, 78.4311785], [17.134925333333335, 78.43118033333333], [17.1349095, 78.431182], [17.134893666666667, 78.43118383333334], [17.134878166666667, 78.43118550000001], [17.134862166666668, 78.43118733333334], [17.1348465, 78.43118899999999], [17.13483066666667, 78.43119083333333], [17.134815, 78.4311925], [17.134799333333333, 78.43119433333332], [17.1347835, 78.43119616666667], [17.134767833333335, 78.43119783333333], [17.134752, 78.43119966666667], [17.134736166666666, 78.43120133333333], [17.1347205, 78.43120316666666], [17.134704666666668, 78.431205], [17.134688666666666, 78.43120666666667], [17.134672833333333, 78.4312085], [17.134657, 78.43121033333334], [17.134641, 78.431212], [17.13462516666667, 78.43121383333333], [17.134609166666667, 78.43121550000001], [17.13459333333333, 78.43121733333334], [17.134577333333333, 78.431219], [17.1345615, 78.43122066666666], [17.134545666666668, 78.4312225], [17.134529666666666, 78.43122416666667], [17.134513833333333, 78.431226], [17.134497833333334, 78.43122766666667], [17.134482, 78.43122933333333], [17.134466166666666, 78.43123116666668], [17.134450333333334, 78.43123283333333], [17.134434333333335, 78.43123466666665], [17.1344185, 78.43123633333333], [17.134402666666666, 78.43123816666666], [17.134386833333334, 78.43123983333334], [17.134370666666666, 78.4312415], [17.134354833333337, 78.43124333333334], [17.134339, 78.431245], [17.134323, 78.43124666666667], [17.134307166666666, 78.43124850000001], [17.134291, 78.43125016666666], [17.134275166666665, 78.431252], [17.134259333333333, 78.43125366666666], [17.134243333333334, 78.43125533333334], [17.134227333333335, 78.431257], [17.1342115, 78.43125866666666], [17.13419533333333, 78.43126033333333], [17.134179333333336, 78.431262], [17.134163166666667, 78.43126366666667], [17.134147, 78.43126533333334], [17.134130833333334, 78.43126699999999], [17.13411466666667, 78.43126866666667], [17.134098666666667, 78.43127016666668], [17.134082499999998, 78.43127183333333], [17.134066333333333, 78.4312735], [17.13405016666667, 78.43127516666667], [17.134034166666666, 78.43127666666666], [17.134018166666667, 78.43127833333332], [17.134002, 78.43128], [17.133985833333334, 78.43128166666666], [17.13396983333333, 78.43128316666666], [17.133953666666667, 78.43128483333334], [17.133937333333332, 78.4312865], [17.133921333333333, 78.43128816666668], [17.13390516666667, 78.43128983333332], [17.133889, 78.4312915], [17.13387283333333, 78.43129316666666], [17.133856666666667, 78.431295], [17.1338405, 78.43129666666667], [17.1338245, 78.43129833333334], [17.1338085, 78.4313], [17.133792500000002, 78.43130166666667], [17.1337765, 78.43130333333333], [17.133760666666667, 78.43130500000001], [17.133744666666665, 78.43130649999999], [17.133728666666666, 78.43130816666667], [17.133712666666668, 78.43130966666666], [17.133696666666665, 78.43131133333333], [17.133680666666667, 78.43131283333334], [17.133664666666668, 78.4313145], [17.1336485, 78.431316], [17.133632499999997, 78.43131766666667], [17.133616333333336, 78.43131933333333], [17.133600333333334, 78.43132083333333], [17.13358433333333, 78.43132250000001], [17.133568333333336, 78.43132399999999], [17.133552, 78.43132566666667], [17.133535833333333, 78.43132716666668], [17.133519666666665, 78.43132883333332], [17.133503666666666, 78.43133033333334], [17.1334875, 78.43133183333333], [17.1334715, 78.4313335], [17.133455333333334, 78.431335], [17.133439333333335, 78.4313365], [17.133423166666667, 78.43133816666666], [17.13340733333333, 78.43133966666666], [17.133391333333336, 78.43134133333334], [17.133375333333333, 78.431343], [17.13335933333333, 78.43134466666667], [17.133343333333336, 78.43134616666666], [17.133327333333334, 78.43134783333333], [17.133311666666668, 78.4313495], [17.13329583333333, 78.43135116666667], [17.13328, 78.43135283333332], [17.133263833333334, 78.4313545], [17.133247833333332, 78.43135616666667], [17.133232, 78.43135783333334], [17.133215833333335, 78.43135966666667], [17.1332, 78.43136116666666], [17.13318383333333, 78.43136283333334], [17.133167833333335, 78.4313645], [17.133152, 78.43136616666668], [17.133136, 78.431368], [17.133120166666668, 78.43136966666665], [17.133104166666666, 78.43137133333333], [17.133088, 78.431373], [17.13307216666667, 78.43137466666667], [17.133056333333332, 78.43137633333335], [17.133040333333334, 78.431378], [17.13302433333333, 78.43137966666667], [17.13300866666667, 78.43138133333333], [17.132992833333333, 78.43138300000001], [17.132977, 78.4313845], [17.132961, 78.43138616666667], [17.132945, 78.43138783333333], [17.132929166666667, 78.4313895], [17.132913166666665, 78.431391], [17.132897333333336, 78.43139266666667], [17.132881666666666, 78.43139433333334], [17.132865833333334, 78.43139583333333], [17.132850166666667, 78.4313975], [17.132834666666668, 78.43139916666668], [17.132818999999998, 78.43140083333333], [17.13280316666667, 78.4314025], [17.132787666666665, 78.43140416666667], [17.132771833333333, 78.431406], [17.132755999999997, 78.43140749999999], [17.132740333333334, 78.43140933333333], [17.132724333333332, 78.431411], [17.132708333333333, 78.43141266666666], [17.132692333333335, 78.4314145], [17.132676333333333, 78.43141616666666], [17.1326605, 78.43141783333334], [17.1326445, 78.43141949999999], [17.13262866666667, 78.43142116666667], [17.132612666666667, 78.43142283333333], [17.13259683333333, 78.4314245], [17.132581000000002, 78.43142616666667], [17.132565166666666, 78.43142783333333], [17.1325495, 78.4314295], [17.132533666666667, 78.43143116666667], [17.132517833333335, 78.43143283333333], [17.132501833333333, 78.4314345], [17.13248616666667, 78.43143616666666], [17.132470333333334, 78.43143783333333], [17.132454499999998, 78.4314395], [17.132438666666665, 78.43144133333334], [17.132423, 78.431443], [17.132407166666667, 78.43144466666666], [17.13239133333333, 78.43144633333333], [17.132375500000002, 78.431448], [17.1323595, 78.43144966666667], [17.1323435, 78.43145133333334], [17.1323275, 78.43145316666667], [17.1323115, 78.43145466666667], [17.13229533333333, 78.43145633333333], [17.1322795, 78.431458], [17.132263833333333, 78.43145966666665], [17.132248, 78.43146133333333], [17.132232166666665, 78.431463], [17.132216500000002, 78.43146466666667], [17.132200833333332, 78.4314665], [17.132185333333332, 78.43146816666668], [17.132169833333332, 78.43146983333332], [17.132154166666666, 78.4314715], [17.1321385, 78.43147333333333], [17.132122666666664, 78.431475], [17.132106833333335, 78.43147666666667], [17.132090833333333, 78.4314785], [17.132075, 78.43148016666667], [17.132058833333335, 78.43148183333332], [17.132043166666666, 78.4314835], [17.132027166666667, 78.43148516666666], [17.132011166666665, 78.43148683333334], [17.131995, 78.43148849999999], [17.131979166666667, 78.43149016666666], [17.13196333333333, 78.43149183333334], [17.131947500000003, 78.43149333333334], [17.131931833333333, 78.431495], [17.131915833333334, 78.43149666666666], [17.131900166666664, 78.43149833333334], [17.131884333333335, 78.4315], [17.1318685, 78.4315015], [17.131852666666667, 78.43150316666667], [17.131836833333335, 78.43150483333334], [17.131821, 78.4315065], [17.131805166666666, 78.43150816666666], [17.131789333333334, 78.43150966666667], [17.1317735, 78.43151133333335], [17.131757666666665, 78.431513], [17.131741833333333, 78.43151466666667], [17.131726, 78.43151633333333], [17.131710166666668, 78.43151800000001], [17.1316945, 78.43151966666666], [17.131679000000002, 78.43152133333334], [17.131663333333332, 78.431523], [17.131647666666666, 78.43152483333333], [17.131632333333336, 78.4315265], [17.131616666666666, 78.43152816666667], [17.131601, 78.43152983333333], [17.13158566666667, 78.43153149999999], [17.13157, 78.43153333333333], [17.131554333333334, 78.431535], [17.131538666666664, 78.43153666666667], [17.131523, 78.43153833333334], [17.13150733333333, 78.43154016666668], [17.131491666666665, 78.43154183333333], [17.131475833333333, 78.43154366666666], [17.131460166666667, 78.43154533333333], [17.13144433333333, 78.43154716666666], [17.131428666666668, 78.43154883333334], [17.131413000000002, 78.4315505], [17.131397166666666, 78.43155233333333], [17.13138133333333, 78.431554], [17.1313655, 78.43155566666665], [17.1313495, 78.4315575], [17.1313335, 78.43155916666666], [17.131317666666668, 78.431561], [17.131301666666666, 78.43156266666666], [17.131285833333333, 78.43156433333334], [17.131269999999997, 78.43156616666667], [17.13125416666667, 78.43156783333333], [17.131238333333332, 78.43156966666668], [17.131222666666666, 78.43157133333334], [17.131206833333334, 78.431573], [17.131191166666667, 78.43157466666666], [17.13117533333333, 78.43157633333334], [17.13115966666667, 78.431578], [17.131143833333333, 78.43157966666666], [17.131128166666667, 78.43158133333333], [17.13111233333333, 78.431583], [17.1310965, 78.43158466666667], [17.131080666666666, 78.43158633333334], [17.131064833333333, 78.43158799999999], [17.131049, 78.43158966666667], [17.13103316666667, 78.43159133333333], [17.131017333333332, 78.431593], [17.13100166666667, 78.43159466666665], [17.130986, 78.43159633333333], [17.130970166666668, 78.431598], [17.13095433333333, 78.43159983333334], [17.13093866666667, 78.4316015], [17.130923, 78.43160333333334], [17.130907333333333, 78.431605], [17.130891666666667, 78.43160683333333], [17.130876166666667, 78.4316085], [17.130860666666667, 78.43161033333334], [17.130845, 78.431612], [17.130829333333335, 78.43161366666666], [17.130814, 78.43161549999999], [17.1307985, 78.43161716666667], [17.130782833333335, 78.43161883333333], [17.1307675, 78.43162066666667], [17.13075183333333, 78.43162233333334], [17.13073616666667, 78.431624], [17.1307205, 78.43162583333333], [17.130704666666666, 78.4316275], [17.130689166666667, 78.43162933333333], [17.1306735, 78.43163116666666], [17.130657666666664, 78.43163299999999], [17.130641833333335, 78.43163466666667], [17.130626166666666, 78.4316365], [17.130610333333333, 78.43163833333332], [17.130594666666664, 78.43164016666667], [17.130579, 78.431642], [17.130563333333335, 78.43164383333333], [17.1305475, 78.43164566666665], [17.130531666666666, 78.4316475], [17.130515833333334, 78.43164933333334], [17.130500333333334, 78.43165116666667], [17.130484666666668, 78.43165300000001], [17.130469166666668, 78.43165466666666], [17.130453666666664, 78.43165649999999], [17.130438, 78.43165833333335], [17.130422666666668, 78.43166016666667], [17.130406999999998, 78.43166183333332], [17.130391499999998, 78.43166366666667], [17.130375833333336, 78.4316655], [17.130360166666666, 78.43166733333334], [17.1303445, 78.43166916666668], [17.130329, 78.43167100000001], [17.1303135, 78.43167266666666], [17.130297666666667, 78.4316745], [17.130282, 78.43167633333334], [17.130266333333335, 78.43167816666667], [17.13025083333333, 78.43168], [17.130235333333335, 78.43168183333334], [17.1302195, 78.43168349999999], [17.130204, 78.43168533333333], [17.130188333333333, 78.431687], [17.130172666666667, 78.43168866666666], [17.130156833333334, 78.4316905], [17.13014133333333, 78.43169216666666], [17.130125500000002, 78.43169400000001], [17.1301095, 78.43169566666667], [17.130093499999997, 78.43169733333335], [17.130077833333335, 78.43169916666668], [17.13006216666667, 78.43170083333332], [17.130046333333333, 78.4317025], [17.13003033333333, 78.43170433333333], [17.1300145, 78.431706], [17.129998666666665, 78.43170766666667], [17.129982833333333, 78.43170933333334], [17.129966833333334, 78.43171116666667], [17.129951000000002, 78.43171283333332], [17.129935333333332, 78.43171466666666], [17.129919500000003, 78.43171633333333], [17.1299035, 78.431718], [17.129887666666665, 78.43171966666667], [17.129871833333333, 78.43172150000001], [17.129855833333334, 78.43172316666667], [17.12984, 78.43172483333333], [17.12982433333333, 78.4317265], [17.129808166666667, 78.43172816666667], [17.129792166666668, 78.43173], [17.129776333333332, 78.43173166666666], [17.1297605, 78.43173333333334], [17.129744666666667, 78.43173499999999], [17.129728833333335, 78.43173683333333], [17.129713, 78.4317385], [17.129697, 78.43174016666667], [17.129681166666668, 78.431742], [17.12966533333333, 78.43174366666668], [17.12964966666667, 78.43174533333334], [17.129633833333333, 78.431747], [17.129618, 78.43174866666666], [17.129602166666665, 78.43175033333334], [17.129586166666666, 78.431752], [17.129570333333334, 78.43175366666667], [17.12955433333333, 78.43175533333333], [17.12953816666667, 78.431757], [17.129522333333334, 78.43175866666667], [17.129506166666665, 78.43176033333334], [17.129489999999997, 78.43176199999999], [17.129473833333336, 78.43176366666667], [17.129457666666667, 78.43176533333333], [17.1294415, 78.43176683333333], [17.129425166666667, 78.43176866666666], [17.129409, 78.43177033333333], [17.129392833333334, 78.431772], [17.129376833333332, 78.43177366666667], [17.129360833333333, 78.43177533333332], [17.129344666666668, 78.431777], [17.129328666666666, 78.43177866666666], [17.129312666666667, 78.43178033333334], [17.12929666666667, 78.43178200000001], [17.1292805, 78.43178366666666], [17.129264666666664, 78.43178533333334], [17.129248500000003, 78.431787], [17.1292325, 78.43178866666668], [17.1292165, 78.43179016666666], [17.129200500000003, 78.43179183333334], [17.129184333333335, 78.4317935], [17.1291685, 78.43179516666667], [17.129152666666666, 78.43179683333332], [17.129136833333334, 78.4317985], [17.129121166666668, 78.43180016666666], [17.12910533333333, 78.43180183333334], [17.12908966666667, 78.43180349999999], [17.129074, 78.43180516666666], [17.129058166666667, 78.43180699999999], [17.1290425, 78.43180866666667], [17.129026666666668, 78.43181033333333], [17.129010833333332, 78.43181200000001], [17.128994833333334, 78.43181366666666], [17.128979, 78.43181533333333], [17.128962833333333, 78.431817], [17.128946833333334, 78.43181883333334], [17.128930833333335, 78.4318205], [17.128914666666667, 78.43182216666668], [17.128898666666664, 78.431824], [17.1288825, 78.43182566666665], [17.128866333333335, 78.43182733333333], [17.128850333333332, 78.43182916666666], [17.128834333333334, 78.43183083333334], [17.12881816666667, 78.43183266666666], [17.128802, 78.43183433333334], [17.128785833333332, 78.43183583333332], [17.128769833333333, 78.43183733333333], [17.128754166666667, 78.43183866666666], [17.128738666666667, 78.43184], [17.1287235, 78.431841], [17.128708333333336, 78.431842], [17.128693, 78.43184283333333], [17.1286775, 78.4318435], [17.1286615, 78.43184416666666], [17.1286455, 78.43184466666666], [17.128629, 78.43184500000001], [17.1286125, 78.43184533333333], [17.128596166666668, 78.4318455], [17.128580333333332, 78.4318455], [17.128565, 78.43184533333333], [17.128550166666667, 78.43184500000001], [17.128535499999998, 78.4318445], [17.128520833333333, 78.43184383333333], [17.1285065, 78.431843], [17.128492333333334, 78.43184216666667], [17.128478500000003, 78.431841], [17.12846516666667, 78.43183983333333], [17.128452, 78.4318385], [17.128439166666666, 78.431837], [17.128427166666665, 78.4318355], [17.128415500000003, 78.43183383333333], [17.128404166666666, 78.43183216666667], [17.12839316666667, 78.43183033333334], [17.128382666666667, 78.4318285], [17.128372333333335, 78.43182633333332], [17.128362499999998, 78.43182433333332], [17.128353, 78.43182216666668], [17.128343500000003, 78.43182], [17.1283345, 78.43181766666666], [17.128325500000003, 78.43181533333333], [17.128317, 78.43181299999999], [17.12830883333333, 78.4318105], [17.128300833333334, 78.431808], [17.128293166666666, 78.43180550000001], [17.128285666666667, 78.43180283333332], [17.128278333333334, 78.43180016666666], [17.12827133333333, 78.43179749999999], [17.128264666666666, 78.43179483333333], [17.128258333333335, 78.431792], [17.128251833333334, 78.431789], [17.1282455, 78.43178616666667], [17.128239833333335, 78.43178333333334], [17.128234000000003, 78.43178033333334], [17.12822883333333, 78.43177733333333], [17.128223666666667, 78.4317745], [17.1282185, 78.4317715], [17.128213833333334, 78.4317685], [17.1282095, 78.4317655], [17.128205333333334, 78.4317625], [17.128201, 78.4317595], [17.128197, 78.43175649999999], [17.128193333333336, 78.4317535], [17.12819, 78.43175033333334], [17.128186833333334, 78.43174733333333], [17.1281835, 78.43174416666668], [17.128180666666665, 78.43174116666667], [17.128178, 78.431738], [17.1281755, 78.43173499999999], [17.128173166666667, 78.43173183333333], [17.128171166666668, 78.43172883333334], [17.128169500000002, 78.43172566666667], [17.12816816666667, 78.43172249999999], [17.12816666666667, 78.43171933333333], [17.1281655, 78.43171616666667], [17.1281645, 78.431713], [17.12816366666667, 78.43170983333333], [17.12816283333333, 78.43170666666667], [17.128162, 78.4317035], [17.128161666666664, 78.43170033333334], [17.12816133333333, 78.43169716666667], [17.128161166666665, 78.43169400000001], [17.12816133333333, 78.43169083333333], [17.128161499999997, 78.43168766666666], [17.128161833333333, 78.4316845], [17.128162333333332, 78.43168133333333], [17.128163166666663, 78.43167816666667], [17.128164166666668, 78.431675], [17.128165000000003, 78.43167183333334], [17.128166333333336, 78.43166866666667], [17.1281675, 78.43166566666667], [17.128169, 78.43166249999999], [17.1281705, 78.4316595], [17.128172, 78.43165633333334], [17.128173666666665, 78.43165316666666], [17.1281755, 78.43165], [17.128177, 78.43164683333333], [17.128178833333333, 78.43164383333333], [17.128180999999998, 78.43164066666667], [17.128183, 78.43163750000001], [17.128185166666665, 78.43163433333334], [17.128187333333337, 78.43163116666666], [17.12818916666667, 78.431628], [17.128191666666666, 78.43162483333334], [17.128194, 78.43162183333334], [17.128196833333334, 78.43161866666667], [17.128199333333335, 78.43161549999999], [17.128202166666664, 78.43161233333333], [17.128204999999998, 78.43160916666668], [17.128207999999997, 78.431606], [17.128210833333334, 78.43160283333333], [17.128214, 78.43159983333334], [17.128217333333335, 78.43159666666666], [17.128220833333334, 78.43159349999999], [17.128224166666666, 78.43159033333333], [17.128227833333334, 78.43158716666667], [17.128231500000002, 78.43158416666667], [17.128235333333336, 78.43158100000001], [17.128238833333334, 78.43157783333332], [17.128242666666665, 78.43157483333333], [17.128246833333332, 78.43157166666667], [17.128250833333333, 78.43156866666666], [17.128254666666667, 78.43156566666667], [17.128258833333334, 78.4315625], [17.128262833333334, 78.43155933333334], [17.128267, 78.43155633333335], [17.128270999999998, 78.43155316666666], [17.12827533333333, 78.43155016666667], [17.128279833333334, 78.431547], [17.128284166666667, 78.431544], [17.128288333333334, 78.431541], [17.128292833333333, 78.43153783333334], [17.1282975, 78.43153483333334], [17.128302166666668, 78.43153183333334], [17.128306833333333, 78.43152883333333], [17.128311666666665, 78.43152566666666], [17.128316666666667, 78.43152266666667], [17.128321500000002, 78.43151966666666], [17.128326666666666, 78.43151666666667], [17.1283315, 78.43151366666666], [17.1283365, 78.4315105], [17.128341666666664, 78.4315075], [17.12834666666667, 78.4315045], [17.128352166666666, 78.43150133333333], [17.128357166666667, 78.43149833333334], [17.12836233333333, 78.43149533333333], [17.12836766666667, 78.43149233333334], [17.128372666666667, 78.43148933333333], [17.128378, 78.43148633333334], [17.128383166666666, 78.43148333333333], [17.12838833333333, 78.43148033333334], [17.128394, 78.43147716666667], [17.128399333333334, 78.43147416666667], [17.128404333333332, 78.43147116666667], [17.12841, 78.43146816666668], [17.128415166666667, 78.43146516666667], [17.128420333333334, 78.43146216666668], [17.128425666666665, 78.43145899999999], [17.128431, 78.43145616666668], [17.12843666666667, 78.43145299999999], [17.128442, 78.43145], [17.128447666666666, 78.43144716666667], [17.128453, 78.431444], [17.128458666666667, 78.43144099999999], [17.128464166666667, 78.431438], [17.128469833333334, 78.431435], [17.128475666666667, 78.431432], [17.128481166666667, 78.431429], [17.128486666666667, 78.431426], [17.128492333333334, 78.43142283333333], [17.128498166666667, 78.43141983333334], [17.128503833333333, 78.43141683333333], [17.128509333333334, 78.43141383333334], [17.128515166666666, 78.43141066666666], [17.128521, 78.43140766666667], [17.1285265, 78.43140466666667], [17.128532166666666, 78.43140149999999], [17.128537666666666, 78.43139833333333], [17.128543166666667, 78.43139533333333], [17.128548833333333, 78.43139233333333], [17.128554333333334, 78.43138916666666], [17.12856, 78.43138616666667], [17.128565666666667, 78.43138300000001], [17.128571166666667, 78.43138], [17.128576666666667, 78.43137683333333], [17.128582166666668, 78.43137383333332], [17.1285875, 78.43137066666667], [17.128593000000002, 78.43136766666666], [17.1285985, 78.4313645], [17.128603833333333, 78.43136150000001], [17.128609333333333, 78.43135833333334], [17.128614666666667, 78.43135516666666], [17.128620166666668, 78.43135216666666], [17.1286255, 78.43134916666666], [17.128631, 78.431346], [17.128636333333336, 78.431343], [17.128641833333333, 78.43133983333334], [17.128647166666667, 78.43133666666667], [17.128652499999998, 78.43133366666666], [17.128658166666664, 78.4313305], [17.128663500000002, 78.4313275], [17.128669, 78.43132433333334], [17.128674333333333, 78.43132133333333], [17.128679833333333, 78.43131816666667], [17.128685333333333, 78.43131516666668], [17.128690833333334, 78.43131199999999], [17.128696166666668, 78.431309], [17.128701666666664, 78.43130583333333], [17.128707000000002, 78.43130266666667], [17.128712, 78.4312995], [17.1287175, 78.43129649999999], [17.12872283333333, 78.43129333333333], [17.12872766666667, 78.43129033333334], [17.128732666666668, 78.43128716666666], [17.1287375, 78.431284], [17.128742666666668, 78.431281], [17.1287475, 78.43127783333333], [17.128752333333335, 78.43127466666667], [17.12875766666667, 78.43127166666666], [17.128762666666667, 78.4312685], [17.128767333333332, 78.43126550000001], [17.128772333333334, 78.43126233333334], [17.128777333333336, 78.43125916666666], [17.128782, 78.43125616666666], [17.128786833333333, 78.431253], [17.12879183333333, 78.43125], [17.128796833333336, 78.43124683333333], [17.128801666666668, 78.43124366666666], [17.128806166666667, 78.43124066666665], [17.12881133333333, 78.4312375], [17.128816166666663, 78.43123433333334], [17.128820333333334, 78.43123133333333], [17.128825166666665, 78.43122816666667], [17.12883, 78.43122516666668], [17.128834333333334, 78.43122199999999], [17.128838666666663, 78.43121883333333], [17.128843333333336, 78.43121566666667], [17.128848166666668, 78.43121266666667], [17.128852333333334, 78.43120950000001], [17.128856833333334, 78.43120633333334], [17.128861500000003, 78.43120316666666], [17.128866000000002, 78.4312], [17.128870166666665, 78.43119700000001], [17.128874333333332, 78.43119383333332], [17.128878666666665, 78.43119066666667], [17.128882666666666, 78.43118750000001], [17.128886666666666, 78.43118433333333], [17.128890666666667, 78.43118116666666], [17.128894833333334, 78.431178], [17.1288985, 78.431175], [17.128902666666665, 78.43117166666666], [17.128906833333335, 78.4311685], [17.1289105, 78.43116533333334], [17.128914833333333, 78.43116216666667], [17.128919333333332, 78.431159], [17.128923333333333, 78.43115583333334], [17.128927166666664, 78.43115266666668], [17.1289315, 78.4311495], [17.128935833333333, 78.43114633333333], [17.128940166666666, 78.43114316666667], [17.128944, 78.43113983333333], [17.128948166666664, 78.43113666666666], [17.128952333333334, 78.4311335], [17.128956666666667, 78.43113016666666], [17.1289605, 78.431127], [17.1289645, 78.43112366666666], [17.128968333333333, 78.43112049999999], [17.128972333333333, 78.43111733333333], [17.128976333333334, 78.431114], [17.128980333333335, 78.43111083333334], [17.128984, 78.43110766666668], [17.128987166666665, 78.43110433333332], [17.128990833333333, 78.43110116666666], [17.128994666666664, 78.431098], [17.128998000000003, 78.43109483333333], [17.12900116666667, 78.43109150000001], [17.129004833333333, 78.43108833333334], [17.129008333333335, 78.431085], [17.129011333333334, 78.43108183333334], [17.129014833333333, 78.4310785], [17.12901833333333, 78.43107533333334], [17.1290215, 78.431072], [17.129024333333334, 78.43106866666668], [17.129027333333333, 78.4310655], [17.129030833333335, 78.43106216666666], [17.129033666666665, 78.43105883333332], [17.12903633333333, 78.43105566666667], [17.12903933333333, 78.43105233333334], [17.129042333333334, 78.431049], [17.129045166666668, 78.43104566666666], [17.129048166666667, 78.43104233333334], [17.129051166666667, 78.43103916666668], [17.129054, 78.43103583333333], [17.129056666666667, 78.4310325], [17.12905933333333, 78.43102916666666], [17.129062833333332, 78.431026], [17.12906566666667, 78.43102266666666], [17.129068333333333, 78.43101933333334], [17.129070833333333, 78.431016], [17.129074166666665, 78.43101266666666], [17.129076833333333, 78.43100933333334], [17.129079166666667, 78.431006], [17.129081666666664, 78.43100266666667], [17.129084, 78.43099933333333], [17.12908666666667, 78.43099600000001], [17.129089166666667, 78.43099266666667], [17.129091833333334, 78.43098933333334], [17.129094000000002, 78.430986], [17.1290965, 78.43098266666667], [17.129099, 78.43097916666667], [17.129101666666667, 78.43097583333333], [17.129103999999998, 78.43097250000001], [17.12910583333333, 78.43096916666667], [17.12910833333333, 78.43096566666667], [17.129110500000003, 78.43096233333334], [17.129113, 78.430959], [17.1291155, 78.4309555], [17.1291175, 78.43095216666667], [17.1291195, 78.43094883333333], [17.129121833333333, 78.4309455], [17.129124166666667, 78.43094216666667], [17.129126333333332, 78.43093883333333], [17.12912833333333, 78.4309355], [17.1291305, 78.43093216666666], [17.129133000000003, 78.43092883333334], [17.129135166666668, 78.4309255], [17.129136833333334, 78.43092216666668], [17.129138833333332, 78.43091883333334], [17.129141, 78.43091550000001], [17.12914333333333, 78.43091216666667], [17.129145333333334, 78.43090883333333], [17.129147333333332, 78.43090550000001], [17.1291495, 78.43090216666666], [17.12915183333333, 78.43089866666666], [17.129153499999997, 78.43089533333334], [17.12915566666667, 78.430892], [17.1291575, 78.43088866666668], [17.1291595, 78.43088533333334], [17.129161333333332, 78.43088183333333], [17.129163333333334, 78.4308785], [17.129165333333333, 78.43087516666667], [17.129166833333333, 78.43087183333334], [17.129168666666665, 78.4308685], [17.129170666666667, 78.43086516666668], [17.12917283333333, 78.43086183333334], [17.129174666666664, 78.43085850000001], [17.129175999999998, 78.43085500000001], [17.129177666666667, 78.43085166666667], [17.129179500000003, 78.43084833333334], [17.1291815, 78.430845], [17.129183, 78.43084166666667], [17.129184666666667, 78.43083833333334], [17.129186166666667, 78.43083499999999], [17.129187833333333, 78.43083166666666], [17.129189333333333, 78.43082833333332], [17.129191, 78.430825], [17.129192166666666, 78.43082166666666], [17.129193666666666, 78.43081833333333], [17.129194833333333, 78.430815], [17.1291965, 78.43081149999999], [17.129198166666665, 78.43080816666667], [17.12919966666667, 78.43080483333333], [17.129201000000002, 78.4308015], [17.129202333333335, 78.43079816666666], [17.12920366666667, 78.43079466666667], [17.129205000000002, 78.43079133333335], [17.129206500000002, 78.43078799999999], [17.129207666666666, 78.43078466666665], [17.129208833333333, 78.43078133333333], [17.129210166666667, 78.43077799999999], [17.129211833333333, 78.43077450000001], [17.129212833333334, 78.43077116666667], [17.1292135, 78.43076783333332], [17.129214333333334, 78.4307645], [17.12921533333333, 78.43076116666666], [17.1292165, 78.43075783333333], [17.129217333333333, 78.43075449999999], [17.129217999999998, 78.430751], [17.12921833333333, 78.43074766666668], [17.129219, 78.43074416666667], [17.129220333333333, 78.43074083333333], [17.12922133333333, 78.4307375], [17.12922166666667, 78.430734], [17.129221833333336, 78.43073066666666], [17.129222833333333, 78.43072733333334], [17.129224333333333, 78.430724], [17.1292255, 78.43072066666667], [17.129225833333333, 78.43071733333333], [17.129226666666668, 78.43071400000001], [17.129228166666667, 78.43071066666667], [17.129229833333333, 78.43070733333334], [17.129231, 78.430704], [17.129231666666666, 78.43070066666668], [17.129233, 78.43069733333333], [17.129234166666667, 78.43069399999999], [17.129235666666666, 78.43069050000001], [17.129236833333334, 78.43068733333332], [17.129237666666665, 78.43068383333333], [17.129238833333332, 78.43068050000001], [17.12924, 78.43067716666665], [17.129241333333333, 78.43067383333333], [17.129242166666664, 78.43067049999999], [17.129243, 78.43066716666667], [17.12924383333333, 78.43066383333333], [17.129245166666667, 78.43066066666667], [17.129246166666668, 78.43065733333333], [17.129247333333335, 78.430654], [17.129248166666667, 78.43065066666666], [17.129249166666668, 78.4306475], [17.1292505, 78.43064416666667], [17.129252, 78.43064083333334], [17.129253333333335, 78.4306375], [17.129254166666666, 78.43063433333333], [17.129255666666666, 78.43063099999999], [17.12925733333333, 78.43062766666667], [17.129259, 78.43062433333333], [17.129260666666667, 78.430621], [17.129262333333333, 78.43061783333333], [17.129264166666665, 78.4306145], [17.12926633333333, 78.43061116666667], [17.12926816666667, 78.43060783333334], [17.129270166666668, 78.4306045], [17.129272166666667, 78.43060116666668], [17.12927416666667, 78.43059783333334], [17.129276, 78.43059466666666], [17.129277666666667, 78.43059133333333], [17.12927983333333, 78.430588], [17.129282166666666, 78.43058466666666], [17.129284, 78.43058133333334], [17.129286166666667, 78.430578], [17.129287833333333, 78.43057466666667], [17.12929, 78.4305715], [17.129291833333333, 78.43056816666667], [17.129293833333335, 78.43056483333334], [17.129296, 78.43056150000001], [17.129298333333335, 78.43055816666667], [17.129300333333333, 78.43055483333333], [17.129302166666665, 78.4305515], [17.129304333333334, 78.43054816666667], [17.129306999999997, 78.43054483333334], [17.12930933333333, 78.43054149999999], [17.12931133333333, 78.43053816666666], [17.129313833333335, 78.43053483333333], [17.129316333333335, 78.43053166666667], [17.1293185, 78.43052833333333], [17.1293205, 78.43052516666667], [17.129323333333332, 78.43052183333333], [17.129326, 78.4305185], [17.129328166666667, 78.43051516666667], [17.129330666666664, 78.43051183333334], [17.12933333333333, 78.43050866666667], [17.129336000000002, 78.43050533333333], [17.129338333333333, 78.43050199999999], [17.1293405, 78.43049883333333], [17.129342833333332, 78.4304955], [17.1293455, 78.43049216666667], [17.129348, 78.43048900000001], [17.129350166666665, 78.43048566666667], [17.129352333333333, 78.43048233333334], [17.12935483333333, 78.430479], [17.129357666666667, 78.43047583333333], [17.1293605, 78.4304725], [17.129362833333335, 78.43046933333333], [17.129365166666666, 78.430466], [17.1293675, 78.43046266666667], [17.129369999999998, 78.43045950000001], [17.129372166666666, 78.43045633333332], [17.129374666666667, 78.430453], [17.129376999999998, 78.43044966666666], [17.129378999999997, 78.43044633333334], [17.12938116666667, 78.43044316666666], [17.129383166666667, 78.43043983333334], [17.129385333333335, 78.4304365], [17.129387, 78.43043316666667], [17.129389166666666, 78.43042983333333], [17.129391166666668, 78.43042666666666], [17.129393166666667, 78.43042333333332], [17.129394833333333, 78.43042], [17.129396666666665, 78.43041666666666], [17.129398666666667, 78.4304135], [17.129400999999998, 78.43041016666666], [17.12940316666667, 78.430407], [17.129405000000002, 78.43040366666668], [17.129406833333334, 78.43040033333334], [17.129408666666667, 78.43039716666667], [17.12941066666667, 78.43039383333333], [17.1294125, 78.4303905], [17.1294145, 78.43038716666666], [17.129416166666665, 78.430384], [17.12941783333333, 78.43038066666666], [17.129419666666667, 78.43037733333334], [17.129421666666666, 78.43037416666667], [17.129423499999998, 78.43037083333334], [17.129425166666667, 78.4303675], [17.129427, 78.43036433333333], [17.129429166666668, 78.43036083333332], [17.129431, 78.43035766666667], [17.129432666666666, 78.43035433333333], [17.12943466666667, 78.430351], [17.129436166666668, 78.43034783333333], [17.129438, 78.4303445], [17.129439666666666, 78.43034116666666], [17.129441333333332, 78.43033799999999], [17.129443, 78.43033466666667], [17.12944483333333, 78.43033133333333], [17.129446166666664, 78.43032799999999], [17.129447666666668, 78.43032483333333], [17.1294495, 78.4303215], [17.12945116666667, 78.43031816666667], [17.1294525, 78.43031483333333], [17.129454333333335, 78.4303115], [17.129456, 78.43030816666666], [17.129457833333333, 78.430305], [17.1294595, 78.43030166666668], [17.129461, 78.43029833333334], [17.129462666666665, 78.43029516666667], [17.129464, 78.43029183333333], [17.1294655, 78.4302885], [17.129467166666664, 78.43028533333333], [17.129468666666664, 78.430282], [17.1294705, 78.43027866666667], [17.129472, 78.43027550000001], [17.129473333333333, 78.43027216666665], [17.129474666666667, 78.43026883333333], [17.12947666666667, 78.43026566666667], [17.129478333333335, 78.43026233333333], [17.129480333333333, 78.43025899999999], [17.1294815, 78.43025583333333], [17.1294835, 78.43025250000001], [17.129485166666665, 78.43024933333332], [17.129487166666667, 78.430246], [17.129489, 78.43024266666666], [17.129490333333333, 78.43023933333333], [17.12949216666667, 78.430236], [17.129493833333335, 78.43023283333333], [17.129495833333333, 78.4302295], [17.12949766666667, 78.43022616666667], [17.12949916666667, 78.430223], [17.12950066666667, 78.43021966666667], [17.1295025, 78.43021633333333], [17.1295045, 78.43021316666666], [17.129506, 78.43020983333332], [17.1295075, 78.4302065], [17.12950933333333, 78.43020333333334], [17.129511166666667, 78.4302], [17.129513, 78.43019666666667], [17.129514833333335, 78.43019333333334], [17.129516666666667, 78.43019], [17.12951866666667, 78.43018683333334], [17.1295205, 78.43018350000001], [17.129522666666666, 78.43018033333333], [17.12952466666667, 78.430177], [17.129526333333335, 78.43017366666666], [17.1295285, 78.43017033333334], [17.129530499999998, 78.43016716666666], [17.1295325, 78.43016383333334], [17.129534333333332, 78.4301605], [17.12953633333333, 78.43015716666667], [17.12953816666667, 78.43015399999999], [17.129540000000002, 78.43015066666666], [17.129541500000002, 78.43014733333332], [17.1295435, 78.430144], [17.129545, 78.43014066666666], [17.129547, 78.43013733333333], [17.12954866666667, 78.43013416666666], [17.129550333333334, 78.43013083333334], [17.129552, 78.4301275], [17.129554, 78.43012433333334], [17.129555999999997, 78.43012116666667], [17.129557666666663, 78.43011783333333], [17.129559500000003, 78.43011466666667], [17.1295615, 78.43011133333333], [17.1295635, 78.430108], [17.129565333333336, 78.43010483333335], [17.1295675, 78.4301015], [17.129569166666666, 78.43009833333333], [17.129571166666665, 78.430095], [17.129573333333333, 78.43009166666667], [17.12957533333333, 78.4300885], [17.129577333333334, 78.43008516666667], [17.129579333333332, 78.430082], [17.12958133333333, 78.43007866666667], [17.129583500000003, 78.43007533333333], [17.1295855, 78.43007216666666], [17.129588000000002, 78.43006883333334], [17.129590166666667, 78.43006566666666], [17.129592166666665, 78.43006233333334], [17.129594166666667, 78.430059], [17.129596333333332, 78.43005583333334], [17.1295985, 78.4300525], [17.129600666666665, 78.43004916666668], [17.129602666666663, 78.43004599999999], [17.129604500000003, 78.43004266666667], [17.1296065, 78.43003933333333], [17.129608333333334, 78.43003616666667], [17.129610333333336, 78.43003283333334], [17.129612, 78.4300295], [17.129613666666668, 78.43002633333334], [17.129615333333334, 78.43002299999999], [17.129617666666665, 78.43001983333333], [17.129619833333333, 78.43001666666667], [17.129621999999998, 78.43001333333333], [17.129624166666666, 78.43001016666668], [17.129626499999997, 78.43000699999999], [17.129629333333334, 78.43000383333333], [17.1296325, 78.4300005], [17.129635, 78.42999733333333], [17.1296375, 78.42999400000001], [17.129640166666665, 78.42999066666667], [17.129643333333334, 78.4299875], [17.129645999999997, 78.42998416666666], [17.1296485, 78.429981], [17.129651333333335, 78.42997766666667], [17.129654333333335, 78.42997433333333], [17.129657166666668, 78.42997116666668], [17.129660333333334, 78.42996799999999], [17.129663, 78.42996466666666], [17.129666, 78.4299615], [17.129669166666666, 78.42995816666667], [17.129672000000003, 78.429955], [17.129674833333336, 78.42995166666667], [17.129678000000002, 78.4299485], [17.129680833333335, 78.42994516666666], [17.129683833333335, 78.429942], [17.129686833333334, 78.42993866666667], [17.129689833333334, 78.4299355], [17.129692833333333, 78.42993216666667], [17.129695666666667, 78.42992899999999], [17.129698833333336, 78.42992566666666], [17.1297015, 78.42992233333332], [17.129704333333333, 78.42991916666666], [17.129707166666666, 78.42991583333334], [17.129709666666667, 78.4299125], [17.129712666666666, 78.42990933333334], [17.1297155, 78.429906], [17.129718, 78.42990283333333], [17.129720833333334, 78.42989949999999], [17.129723833333333, 78.42989616666667], [17.1297265, 78.42989299999999], [17.129729166666667, 78.42988966666667], [17.129731333333332, 78.42988650000001], [17.129734, 78.42988316666667], [17.129736333333334, 78.42987983333335], [17.129738999999997, 78.42987666666666], [17.1297415, 78.42987333333333], [17.1297435, 78.42987016666666], [17.129746, 78.42986683333334], [17.129748666666668, 78.42986366666668], [17.129751166666665, 78.42986033333334], [17.129753666666666, 78.42985716666666], [17.129756333333333, 78.42985383333333], [17.129759, 78.42985066666667], [17.129761833333337, 78.42984733333333], [17.129764333333334, 78.42984416666667], [17.129767, 78.42984083333334], [17.129769500000002, 78.42983766666666], [17.129772166666665, 78.42983433333333], [17.129774833333332, 78.42983116666666], [17.129777666666666, 78.42982783333333], [17.12978, 78.42982466666668], [17.129782833333334, 78.42982149999999], [17.129785333333334, 78.42981816666666], [17.129788, 78.42981499999999], [17.12979066666667, 78.42981183333333], [17.129793, 78.42980850000001], [17.129795833333333, 78.42980533333333], [17.129798833333332, 78.42980200000001], [17.129801, 78.42979883333334], [17.12980333333333, 78.42979566666666], [17.129805833333332, 78.42979233333334], [17.129808833333335, 78.42978916666667], [17.129811500000002, 78.429786], [17.129813666666667, 78.42978266666667], [17.129816, 78.4297795], [17.129818333333333, 78.42977633333334], [17.129821166666666, 78.429773], [17.129823666666667, 78.42976983333332], [17.129825666666665, 78.42976666666667], [17.129827499999998, 78.42976333333333], [17.12982966666667, 78.42976016666667], [17.129832166666667, 78.42975700000001], [17.1298345, 78.42975366666666], [17.1298365, 78.42975033333333], [17.129838833333334, 78.42974716666666], [17.129841166666665, 78.42974383333333], [17.1298435, 78.4297405], [17.129845333333332, 78.42973733333334], [17.129846999999998, 78.429734], [17.129849166666666, 78.42973066666667], [17.129851499999997, 78.4297275], [17.12985366666667, 78.42972416666666], [17.129855333333335, 78.429721], [17.129857, 78.4297175], [17.129859, 78.42971433333334], [17.129861333333334, 78.429711], [17.1298635, 78.42970783333334], [17.129865666666667, 78.4297045], [17.1298675, 78.42970116666667], [17.129869333333332, 78.42969783333334], [17.12987083333333, 78.42969466666666], [17.12987233333333, 78.42969133333332], [17.129874166666664, 78.429688], [17.129875333333334, 78.42968466666666], [17.129876833333334, 78.42968133333333], [17.129878333333334, 78.429678], [17.1298795, 78.42967483333334], [17.129881166666667, 78.4296715], [17.129882333333335, 78.42966816666667], [17.129883833333334, 78.42966483333333], [17.129885166666668, 78.42966150000001], [17.12988633333333, 78.42965816666667], [17.1298875, 78.42965483333334], [17.129888333333334, 78.4296515], [17.129889166666665, 78.42964816666667], [17.129890333333332, 78.42964483333334], [17.1298915, 78.42964149999999], [17.129892666666667, 78.42963816666666], [17.129893666666664, 78.42963483333332], [17.129894999999998, 78.4296315], [17.129895833333332, 78.42962833333333], [17.12989683333333, 78.42962483333334], [17.129897833333334, 78.42962166666666], [17.129898833333336, 78.42961833333334], [17.129900333333335, 78.429615], [17.12990166666667, 78.42961166666667], [17.12990316666667, 78.42960833333333], [17.12990466666667, 78.42960500000001], [17.129905333333333, 78.42960166666667], [17.129906666666667, 78.42959833333333], [17.129908, 78.42959516666666], [17.129909666666666, 78.42959183333333], [17.129911333333332, 78.4295885], [17.129912833333332, 78.42958516666666], [17.129914, 78.42958183333333], [17.129915666666665, 78.42957849999999], [17.129917666666664, 78.42957516666667], [17.129919500000003, 78.42957200000001], [17.129921000000003, 78.42956866666667], [17.129922166666667, 78.42956533333333], [17.129923833333333, 78.429562], [17.12992566666667, 78.42955866666667], [17.12992716666667, 78.4295555], [17.129928666666668, 78.42955216666665], [17.12993, 78.42954866666668], [17.12993133333333, 78.42954549999999], [17.129932666666665, 78.42954216666666], [17.12993433333333, 78.42953883333332], [17.129935666666665, 78.4295355], [17.129937166666664, 78.42953216666666], [17.12993833333333, 78.429529], [17.129939999999998, 78.42952566666666], [17.129941499999997, 78.42952233333334], [17.129942833333335, 78.42951916666667], [17.129944333333334, 78.42951583333334], [17.1299455, 78.4295125], [17.129946833333335, 78.42950916666668], [17.129948333333335, 78.429506], [17.129949833333335, 78.42950266666666], [17.129951166666668, 78.42949933333333], [17.129953, 78.42949616666667], [17.129954666666666, 78.42949283333334], [17.129956166666666, 78.4294895], [17.129957666666666, 78.42948633333334], [17.129959333333332, 78.42948299999999], [17.129961166666664, 78.42947966666667], [17.129963166666666, 78.42947633333333], [17.129965000000002, 78.42947316666667], [17.129967, 78.42947000000001], [17.129968666666667, 78.42946666666667], [17.129970833333335, 78.42946333333333], [17.129973, 78.42946016666666], [17.129975333333334, 78.42945683333333], [17.129977166666666, 78.42945366666666], [17.129979166666665, 78.42945033333334], [17.1299815, 78.429447], [17.12998383333333, 78.42944366666667], [17.129986166666665, 78.4294405], [17.129988500000003, 78.42943716666667], [17.129990333333335, 78.42943383333333], [17.1299925, 78.42943050000001], [17.129995, 78.42942733333332], [17.129997166666666, 78.429424], [17.129998666666665, 78.42942066666666], [17.130001, 78.42941733333333], [17.13000333333333, 78.42941416666666], [17.130005833333332, 78.42941083333334], [17.130007666666664, 78.42940766666668], [17.13000966666667, 78.42940433333334], [17.130011666666668, 78.42940116666666], [17.130014000000003, 78.42939783333333], [17.130016333333334, 78.42939466666667], [17.13001866666667, 78.42939133333333], [17.130020833333333, 78.42938816666667], [17.13002283333333, 78.42938483333334], [17.130025333333332, 78.42938166666666], [17.130027666666667, 78.42937833333333], [17.130030166666664, 78.429375], [17.13003216666667, 78.42937183333333], [17.130034333333334, 78.4293685], [17.130036833333335, 78.42936516666667], [17.130039, 78.42936183333333], [17.13004116666667, 78.42935866666667], [17.130043333333333, 78.42935533333333], [17.130046, 78.42935200000001], [17.130048166666665, 78.42934866666666], [17.13004983333333, 78.4293455], [17.13005133333333, 78.42934216666666], [17.130053333333333, 78.42933883333333], [17.130056000000003, 78.42933566666667], [17.130058000000002, 78.42933233333333], [17.130059833333334, 78.42932916666668], [17.1300615, 78.42932583333332], [17.130063500000002, 78.42932266666666], [17.1300655, 78.4293195], [17.130068, 78.42931616666667], [17.13007, 78.42931300000001], [17.1300725, 78.42930966666667], [17.130074666666665, 78.4293065], [17.130077000000004, 78.42930333333334], [17.13007916666667, 78.4293], [17.130081333333333, 78.42929683333334], [17.130083833333334, 78.4292935], [17.130086333333335, 78.42929033333333], [17.130088666666666, 78.42928716666667], [17.130090833333334, 78.42928383333333], [17.130093166666665, 78.42928066666667], [17.130095833333332, 78.42927733333333], [17.130098166666667, 78.429274], [17.130100333333335, 78.42927083333333], [17.13010266666667, 78.42926766666666], [17.130104666666668, 78.42926433333334], [17.130107333333335, 78.42926116666666], [17.13011, 78.42925799999999], [17.130112333333333, 78.42925466666667], [17.130114499999998, 78.42925149999999], [17.130117, 78.42924833333333], [17.130119999999998, 78.42924500000001], [17.130122500000002, 78.42924183333334], [17.130125333333336, 78.42923866666666], [17.130128, 78.42923533333332], [17.130130333333334, 78.42923216666667], [17.130133333333333, 78.429229], [17.130136, 78.42922583333333], [17.130138499999997, 78.42922266666666], [17.130141499999997, 78.42921933333334], [17.130144166666664, 78.42921616666666], [17.130146500000002, 78.42921299999999], [17.13014916666667, 78.42920966666667], [17.130151833333333, 78.42920649999999], [17.130154833333332, 78.42920333333333], [17.130157666666666, 78.42920000000001], [17.130160166666666, 78.42919683333334], [17.130163166666666, 78.42919350000001], [17.130165666666667, 78.42919016666666], [17.130168166666667, 78.429187], [17.130170666666668, 78.42918366666666], [17.13017316666667, 78.4291805], [17.130175833333332, 78.42917733333334], [17.130178, 78.429174], [17.130180166666666, 78.42917083333333], [17.1301825, 78.42916749999999], [17.130185166666667, 78.42916433333333], [17.130187999999997, 78.42916100000001], [17.1301905, 78.42915766666667], [17.13019266666667, 78.42915433333333], [17.130195333333333, 78.429151], [17.130197666666668, 78.42914783333335], [17.1302005, 78.42914449999999], [17.130203166666668, 78.42914133333333], [17.13020583333333, 78.429138], [17.130208666666665, 78.42913466666667], [17.130211166666665, 78.4291315], [17.130213833333336, 78.42912816666667], [17.1302165, 78.42912500000001], [17.130219166666667, 78.42912166666666], [17.130222166666666, 78.4291185], [17.130225166666666, 78.42911516666666], [17.130228, 78.429112], [17.130230666666666, 78.42910866666666], [17.1302335, 78.42910533333334], [17.130236833333335, 78.42910216666668], [17.13024, 78.429099], [17.130243166666666, 78.42909566666667], [17.130246333333332, 78.4290925], [17.130249666666668, 78.42908916666667], [17.130253, 78.42908600000001], [17.13025633333333, 78.42908283333333], [17.1302595, 78.42907966666667], [17.130262833333333, 78.42907650000001], [17.13026616666667, 78.42907333333332], [17.130269166666668, 78.42907016666666], [17.130272333333334, 78.429067], [17.130276166666665, 78.42906383333334], [17.130279499999997, 78.42906066666666], [17.130283000000002, 78.4290575], [17.130285833333335, 78.42905433333334], [17.13028866666667, 78.429051], [17.130292166666667, 78.42904783333333], [17.130295666666665, 78.42904466666667], [17.130299166666667, 78.4290415], [17.130302500000003, 78.42903833333334], [17.13030566666667, 78.42903500000001], [17.130309, 78.42903183333333], [17.1303125, 78.4290285], [17.130315666666668, 78.42902533333333], [17.130319, 78.42902216666667], [17.1303225, 78.429019], [17.13032516666667, 78.42901566666666], [17.130328000000002, 78.42901233333333], [17.130331166666668, 78.42900916666667], [17.130334333333334, 78.429006], [17.130337166666667, 78.42900266666668], [17.130339666666664, 78.42899949999999], [17.130342499999998, 78.42899616666666], [17.130345499999997, 78.428993], [17.130348166666668, 78.42898966666667], [17.130350833333335, 78.42898650000001], [17.130353666666668, 78.42898333333332], [17.130356666666668, 78.42898], [17.130359, 78.42897666666666], [17.130361666666666, 78.4289735], [17.130364333333333, 78.42897033333334], [17.130367333333332, 78.428967], [17.130370000000003, 78.42896383333333], [17.130372333333334, 78.42896049999999], [17.130375, 78.42895716666666], [17.1303775, 78.42895383333332], [17.130380166666665, 78.42895066666667], [17.130382666666666, 78.42894733333333], [17.130385333333333, 78.42894416666667], [17.130388, 78.42894083333334], [17.130391, 78.42893766666666], [17.130393833333336, 78.42893433333333], [17.130396166666667, 78.42893099999999], [17.130398, 78.42892766666667], [17.130400166666668, 78.4289245], [17.130403, 78.42892116666667], [17.130405666666665, 78.42891800000001], [17.130407833333333, 78.42891466666667], [17.130409666666665, 78.42891133333333], [17.130412166666666, 78.428908], [17.130414499999997, 78.42890483333333], [17.130417166666668, 78.4289015], [17.13042, 78.42889816666667], [17.1304225, 78.42889483333333], [17.130424333333334, 78.42889149999999], [17.1304265, 78.42888833333333], [17.130429, 78.42888516666667], [17.130431666666667, 78.428882], [17.130434166666664, 78.42887916666668], [17.130436333333332, 78.42887633333333], [17.130438, 78.42887383333333], [17.130439666666668, 78.4288715], [17.130441333333334, 78.42886916666666], [17.130442666666667, 78.42886716666666], [17.130443833333334, 78.428865], [17.130444666666666, 78.428863], [17.130445166666668, 78.42886100000001], [17.130445666666667, 78.42885933333334], [17.130446, 78.4288575], [17.130446, 78.428856], [17.130445333333334, 78.42885466666667], [17.130444333333333, 78.42885316666667], [17.130443833333334, 78.428852], [17.130443666666668, 78.42885083333334], [17.1304425, 78.4288495], [17.1304415, 78.42884833333332], [17.13044, 78.42884716666667], [17.130438833333336, 78.42884600000001], [17.130438, 78.428845], [17.130436666666665, 78.42884383333333], [17.130434833333332, 78.42884283333333], [17.1304335, 78.428842], [17.130431833333333, 78.42884099999999], [17.130430166666667, 78.42884000000001], [17.130428333333334, 78.42883916666666], [17.130426833333335, 78.42883833333333], [17.130425333333335, 78.4288375], [17.1304235, 78.42883666666667], [17.130421666666667, 78.42883583333334], [17.130419166666666, 78.42883499999999], [17.130417666666666, 78.42883416666668], [17.130416166666667, 78.42883350000001], [17.130414, 78.42883266666666], [17.130411, 78.428832], [17.130409166666666, 78.42883133333333], [17.1304075, 78.42883066666667], [17.130405833333334, 78.42883], [17.130403, 78.42882933333334], [17.130400166666668, 78.42882866666667], [17.130398, 78.42882800000001], [17.130396333333334, 78.42882733333333], [17.130394000000003, 78.42882683333333], [17.130391333333332, 78.42882616666667], [17.13038883333333, 78.42882549999999], [17.130386333333334, 78.428825], [17.130384166666666, 78.4288245], [17.130381833333335, 78.42882383333334], [17.1303795, 78.428823], [17.1303765, 78.42882200000001], [17.1303735, 78.42882066666667], [17.1303705, 78.428819], [17.130367, 78.42881666666668], [17.130363499999998, 78.428814], [17.130359333333335, 78.42881116666668], [17.130354666666666, 78.42880816666667], [17.13035, 78.42880483333333], [17.130345, 78.42880166666667], [17.130339499999998, 78.42879833333333], [17.130334, 78.42879516666667], [17.1303285, 78.42879166666667], [17.13032283333333, 78.42878833333333], [17.13031683333333, 78.428785], [17.1303105, 78.42878183333333], [17.13030366666667, 78.42877849999999], [17.130296666666666, 78.42877516666667], [17.130289666666666, 78.42877183333333], [17.130282833333336, 78.42876833333334], [17.130275666666666, 78.42876500000001], [17.130268333333333, 78.42876150000001], [17.13026066666667, 78.42875816666667], [17.130253, 78.42875483333334], [17.130245, 78.4287515], [17.130236833333335, 78.42874816666668], [17.13022833333333, 78.42874483333334], [17.130219833333335, 78.42874149999999], [17.13021183333333, 78.42873800000001], [17.1302035, 78.42873466666667], [17.130195333333333, 78.42873133333333], [17.130187, 78.428728], [17.130178333333333, 78.42872466666667], [17.13017, 78.42872133333334], [17.130161166666667, 78.42871799999999], [17.130152333333335, 78.42871466666666], [17.130143333333333, 78.42871149999999], [17.1301345, 78.42870816666667], [17.130125333333336, 78.42870500000001], [17.130116166666667, 78.42870183333334], [17.130107, 78.42869866666666], [17.130097499999998, 78.42869533333332], [17.130088166666667, 78.42869216666666], [17.13007866666667, 78.428689], [17.130069166666665, 78.42868583333333], [17.130059666666668, 78.42868266666666], [17.13004983333333, 78.4286795], [17.130039833333335, 78.42867616666668], [17.130029666666665, 78.42867316666667], [17.130019333333333, 78.42867], [17.130009166666664, 78.42866666666667], [17.12999883333333, 78.4286635], [17.12998866666667, 78.42866033333333], [17.129978, 78.42865716666667], [17.12996766666667, 78.42865416666667], [17.129957333333333, 78.428651], [17.129946833333335, 78.42864783333333], [17.129936166666667, 78.42864466666667], [17.129925833333335, 78.42864166666666], [17.1299155, 78.4286385], [17.129905333333333, 78.4286355], [17.129895166666664, 78.4286325], [17.1298845, 78.4286295], [17.12987383333333, 78.42862633333334], [17.129862666666668, 78.42862333333333], [17.12985183333333, 78.42862033333334], [17.129841166666665, 78.42861716666667], [17.129830666666667, 78.428614], [17.129819833333332, 78.428611], [17.12980866666667, 78.428608], [17.129797333333332, 78.428605], [17.129786333333335, 78.428602], [17.129775333333335, 78.42859883333334], [17.129764166666668, 78.42859583333333], [17.129753, 78.42859283333334], [17.129742, 78.42858983333333], [17.129730666666667, 78.42858683333334], [17.129719333333334, 78.42858383333333], [17.129708166666667, 78.42858083333334], [17.129696666666668, 78.428578], [17.129684833333332, 78.428575], [17.129673333333336, 78.428572], [17.129662, 78.428569], [17.129650833333336, 78.428566], [17.129639333333333, 78.428563], [17.129628166666667, 78.42856], [17.1296165, 78.428557], [17.129604833333335, 78.42855416666666], [17.129593833333335, 78.42855116666667], [17.129582833333334, 78.428548], [17.129572166666666, 78.428545], [17.1295615, 78.42854183333334], [17.129550833333333, 78.428539], [17.129541, 78.428536], [17.129531333333333, 78.42853333333333], [17.1295225, 78.42853083333333], [17.12951416666667, 78.42852866666667], [17.129506666666668, 78.4285265], [17.129499666666668, 78.42852466666666], [17.129492833333334, 78.42852266666667], [17.129486, 78.428521], [17.129479333333332, 78.42851916666667], [17.129473, 78.4285175], [17.129466833333332, 78.428516], [17.129461166666665, 78.42851449999999], [17.129455333333333, 78.42851316666666], [17.129450000000002, 78.42851183333333], [17.129445166666667, 78.42851066666667], [17.12944033333333, 78.42850966666667], [17.1294355, 78.42850849999999], [17.129430833333334, 78.4285075], [17.129426666666667, 78.4285065], [17.129422166666664, 78.4285055], [17.129417333333333, 78.42850449999999], [17.129412333333335, 78.42850366666667], [17.12940766666667, 78.42850283333334], [17.129403333333336, 78.42850183333333], [17.129398166666665, 78.42850116666666], [17.129392333333332, 78.4285005], [17.1293865, 78.4285], [17.129380833333336, 78.42849966666667], [17.129375, 78.4284995], [17.129369166666667, 78.4284995], [17.129363833333333, 78.42849933333333], [17.129359, 78.4284995], [17.129354499999998, 78.42849966666667], [17.129350833333334, 78.42849966666667], [17.129347166666665, 78.42849983333333], [17.12934316666667, 78.42849983333333], [17.129339333333334, 78.4285], [17.12933566666667, 78.4285], [17.12933233333333, 78.42850016666667], [17.129329, 78.42850016666667], [17.129325833333333, 78.42850033333335], [17.1293225, 78.42850033333335], [17.1293195, 78.4285005], [17.129316666666668, 78.42850066666666], [17.129313500000002, 78.42850083333333], [17.129310666666665, 78.42850100000001], [17.1293075, 78.42850100000001], [17.1293045, 78.42850100000001], [17.129301833333333, 78.42850116666666], [17.129299166666666, 78.42850133333333], [17.12929666666667, 78.4285015], [17.129294, 78.42850166666668], [17.1292915, 78.42850166666668], [17.12928916666667, 78.42850183333333], [17.12928683333333, 78.42850183333333], [17.12928433333333, 78.428502], [17.129282, 78.42850216666668], [17.129279333333333, 78.42850216666668], [17.129276, 78.42850216666668], [17.129271833333334, 78.42850216666668], [17.129268000000003, 78.428502], [17.129264666666664, 78.42850183333333], [17.129261666666665, 78.42850166666668], [17.1292585, 78.42850133333333], [17.129255333333333, 78.42850100000001], [17.129252333333334, 78.42850066666666], [17.129249166666668, 78.42850033333335], [17.129246166666668, 78.4285], [17.129243166666665, 78.42849983333333], [17.129240166666666, 78.42849966666667], [17.129237, 78.42849933333333], [17.129234333333333, 78.428499], [17.129231333333333, 78.42849883333334], [17.129228166666667, 78.42849866666667], [17.129225166666668, 78.42849849999999], [17.129222333333335, 78.42849833333334], [17.129219499999998, 78.428498], [17.12921683333333, 78.42849783333332], [17.12921383333333, 78.42849766666667], [17.129211166666668, 78.4284975], [17.1292085, 78.4284975], [17.129206166666666, 78.42849733333334], [17.129203333333333, 78.42849716666666], [17.129200833333336, 78.42849700000001], [17.12919833333333, 78.42849700000001], [17.129195499999998, 78.42849683333334], [17.129192333333332, 78.42849666666666], [17.129188833333334, 78.4284965], [17.12918416666667, 78.42849616666668], [17.129177833333333, 78.42849583333333], [17.12916883333333, 78.4284955], [17.1291575, 78.42849483333333], [17.129144333333333, 78.42849416666667], [17.129129666666664, 78.4284935], [17.12911366666667, 78.42849266666667], [17.129097333333334, 78.42849183333333], [17.12908033333333, 78.42849116666666], [17.12906333333333, 78.42849033333333], [17.129046000000002, 78.4284895], [17.129028833333333, 78.42848866666667], [17.129012, 78.42848766666665], [17.128995166666666, 78.42848683333334], [17.12897866666667, 78.428486], [17.128962, 78.42848516666666], [17.128945333333334, 78.42848416666668], [17.128928499999997, 78.42848333333333], [17.1289115, 78.42848233333333], [17.128894333333335, 78.42848133333334], [17.128876666666667, 78.42848033333333], [17.128859166666665, 78.42847933333334], [17.128841333333334, 78.42847833333333], [17.128823666666666, 78.42847733333333], [17.128805666666665, 78.42847633333334], [17.128788, 78.42847516666667], [17.128770166666666, 78.42847416666667], [17.128752333333335, 78.428473], [17.128734333333334, 78.428472], [17.128716666666666, 78.42847083333332], [17.128699333333333, 78.42846983333334], [17.128682166666668, 78.42846866666667], [17.128664833333335, 78.4284675], [17.1286475, 78.4284665], [17.128630333333334, 78.42846533333334], [17.128613499999997, 78.42846416666666], [17.1285965, 78.428463], [17.1285795, 78.42846183333333], [17.12856233333333, 78.42846066666667], [17.12854533333333, 78.42845949999999], [17.12852816666667, 78.42845833333334], [17.128511, 78.428457], [17.128493666666667, 78.42845566666666], [17.128476499999998, 78.4284545], [17.12845916666667, 78.42845333333334], [17.128442, 78.42845200000001], [17.128424666666668, 78.42845066666668], [17.12840733333333, 78.42844933333335], [17.12839016666667, 78.42844799999999], [17.128373, 78.42844683333333], [17.128356, 78.42844566666666], [17.128339, 78.42844433333333], [17.128322333333333, 78.42844316666667], [17.128305833333332, 78.42844199999999], [17.12828933333333, 78.42844083333333], [17.12827283333333, 78.42843966666666], [17.128256166666667, 78.4284385], [17.128239666666666, 78.42843733333333], [17.128223333333334, 78.42843633333334], [17.128207333333332, 78.42843533333333], [17.128191166666667, 78.42843433333334], [17.128174833333333, 78.4284335], [17.128158499999998, 78.42843266666667], [17.128142166666667, 78.42843183333333], [17.1281255, 78.42843116666667], [17.128108666666666, 78.42843033333334], [17.128092, 78.42842966666667], [17.12807516666667, 78.42842900000001], [17.128058333333335, 78.42842850000001], [17.128041166666666, 78.428428], [17.128024333333332, 78.4284275], [17.128007500000002, 78.42842716666668], [17.127990333333333, 78.42842683333333], [17.127973, 78.42842649999999], [17.1279555, 78.428426], [17.127937499999998, 78.42842566666667], [17.127919833333333, 78.42842516666666], [17.127902, 78.42842466666666], [17.127884333333334, 78.42842433333334], [17.127866666666666, 78.42842383333333], [17.127849, 78.42842333333333], [17.1278315, 78.42842266666666], [17.127814, 78.42842216666666], [17.1277965, 78.4284215], [17.127778999999997, 78.42842083333333], [17.127761333333336, 78.42842016666667], [17.127743666666667, 78.4284195], [17.127725666666667, 78.42841866666666], [17.127708, 78.428418], [17.12769033333333, 78.4284175], [17.127673, 78.42841683333333], [17.127656166666668, 78.42841633333335], [17.12763933333333, 78.42841583333333], [17.127622499999998, 78.42841533333333], [17.12760516666667, 78.42841483333333], [17.127587333333334, 78.42841416666667], [17.127569333333334, 78.42841366666667], [17.127551333333333, 78.42841316666666], [17.12753316666667, 78.42841266666666], [17.127514833333333, 78.42841216666667], [17.127497, 78.4284115], [17.127479, 78.42841100000001], [17.127461, 78.4284105], [17.12744316666667, 78.42840983333333], [17.12742516666667, 78.42840933333333], [17.127407166666668, 78.42840866666667], [17.1273895, 78.42840816666667], [17.1273715, 78.4284075], [17.127353833333334, 78.428407], [17.127336166666666, 78.42840633333334], [17.127318666666667, 78.42840566666668], [17.127300833333333, 78.42840516666666], [17.127282833333332, 78.4284045], [17.127265, 78.42840383333333], [17.127246833333334, 78.42840316666667], [17.127228833333334, 78.42840249999999], [17.127210666666667, 78.42840183333333], [17.127192833333332, 78.428401], [17.127174833333335, 78.42840033333333], [17.127156833333334, 78.42839966666666], [17.1271385, 78.42839883333333], [17.1271205, 78.42839816666667], [17.127102833333332, 78.4283975], [17.127085, 78.42839683333334], [17.127067333333333, 78.428396], [17.1270495, 78.42839533333334], [17.127032, 78.42839466666666], [17.12701433333333, 78.42839383333333], [17.126996666666667, 78.42839316666667], [17.126978666666666, 78.4283925], [17.126961166666668, 78.42839166666666], [17.1269435, 78.42839099999999], [17.126925500000002, 78.42839033333333], [17.1269075, 78.42838950000001], [17.126889333333335, 78.42838883333334], [17.1268715, 78.42838816666668], [17.126853666666666, 78.4283875], [17.126835500000002, 78.42838666666667], [17.126817666666668, 78.428386], [17.126799666666667, 78.42838533333334], [17.126782, 78.42838466666667], [17.126763999999998, 78.42838383333333], [17.126746, 78.42838316666666], [17.126727833333334, 78.4283825], [17.126709833333333, 78.42838183333333], [17.126691666666666, 78.42838116666667], [17.1266735, 78.4283805], [17.12665516666667, 78.42837983333334], [17.126636833333336, 78.42837899999999], [17.1266185, 78.42837833333333], [17.126600333333332, 78.4283775], [17.126582666666664, 78.42837683333333], [17.126564666666663, 78.428376], [17.126547000000002, 78.42837516666667], [17.126529333333334, 78.42837433333334], [17.126511833333332, 78.42837349999999], [17.126494166666664, 78.42837266666668], [17.126476333333336, 78.42837200000001], [17.126458833333334, 78.42837116666666], [17.126441, 78.42837033333333], [17.126423499999998, 78.42836949999999], [17.126405666666667, 78.42836866666667], [17.126387833333336, 78.42836783333334], [17.126369833333335, 78.428367], [17.126351833333334, 78.42836616666666], [17.126334166666666, 78.42836533333335], [17.12631633333333, 78.42836466666667], [17.1262985, 78.42836383333334], [17.126280666666666, 78.428363], [17.126262999999998, 78.42836216666666], [17.1262455, 78.42836133333334], [17.12622766666667, 78.4283605], [17.126210166666667, 78.42835966666667], [17.126192666666668, 78.42835883333333], [17.126175, 78.42835799999999], [17.126157666666664, 78.42835716666667], [17.126140000000003, 78.42835633333334], [17.126122666666667, 78.4283555], [17.126105166666665, 78.42835466666666], [17.126087166666665, 78.42835383333333], [17.12606933333333, 78.428353], [17.12605166666667, 78.42835216666667], [17.126033833333334, 78.42835133333332], [17.126016166666666, 78.42835050000001], [17.125998499999998, 78.42834966666666], [17.125980833333333, 78.42834866666666], [17.12596316666667, 78.428348], [17.1259455, 78.428347], [17.125927666666666, 78.42834633333334], [17.125909999999998, 78.42834549999999], [17.125892333333336, 78.42834466666666], [17.125874833333334, 78.42834383333334], [17.125857166666666, 78.428343], [17.125839666666664, 78.42834233333333], [17.12582216666667, 78.4283415], [17.125804666666667, 78.42834066666666], [17.125787333333335, 78.42833983333334], [17.1257695, 78.42833916666667], [17.125751666666666, 78.42833833333334], [17.125733500000003, 78.4283375], [17.125715833333334, 78.42833666666667], [17.125698, 78.42833583333332], [17.125680166666665, 78.42833516666666], [17.125662499999997, 78.42833433333334], [17.12564466666667, 78.4283335], [17.125627333333334, 78.42833266666666], [17.125609833333332, 78.42833183333333], [17.125592166666667, 78.428331], [17.12557466666667, 78.42833033333334], [17.125557166666667, 78.4283295], [17.125539333333332, 78.42832866666666], [17.125521499999998, 78.42832783333333], [17.125503666666667, 78.42832700000001], [17.125486000000002, 78.42832616666666], [17.125468, 78.42832533333333], [17.12545, 78.42832449999999], [17.125432333333332, 78.42832366666667], [17.125414499999998, 78.42832283333334], [17.125396666666667, 78.428322], [17.125379000000002, 78.42832100000001], [17.125361, 78.42832016666667], [17.1253435, 78.42831933333333], [17.1253255, 78.42831849999999], [17.125307666666668, 78.42831766666667], [17.125290166666666, 78.42831683333334], [17.125272833333334, 78.428316], [17.125255499999998, 78.42831516666666], [17.125238000000003, 78.42831416666667], [17.125220666666667, 78.42831333333334], [17.12520333333333, 78.42831249999999], [17.125186, 78.42831166666666], [17.12516833333333, 78.42831083333334], [17.125150833333333, 78.42831], [17.125133166666668, 78.42830916666666], [17.125115666666666, 78.42830816666667], [17.1250985, 78.42830733333334], [17.125080833333335, 78.42830649999999], [17.125063166666667, 78.42830566666666], [17.1250455, 78.42830483333334], [17.125027833333334, 78.428304], [17.125010166666666, 78.42830316666667], [17.124992666666667, 78.42830233333333], [17.124974833333333, 78.42830133333334], [17.1249575, 78.42830049999999], [17.124940166666665, 78.42829966666666], [17.124922833333336, 78.42829883333334], [17.1249055, 78.428298], [17.124887833333332, 78.42829716666667], [17.124870666666666, 78.42829616666667], [17.124853166666664, 78.42829533333334], [17.1248355, 78.42829449999999], [17.124818, 78.42829350000001], [17.12480083333333, 78.42829266666666], [17.124783666666666, 78.42829183333333], [17.124766833333336, 78.42829116666667], [17.124750333333335, 78.42829033333334], [17.124733666666668, 78.42828966666666], [17.12471683333333, 78.42828899999999], [17.1247, 78.4282885], [17.1246835, 78.42828783333333], [17.124666666666666, 78.42828733333334], [17.124649833333333, 78.42828683333333], [17.124633, 78.42828633333333], [17.124616333333332, 78.428286], [17.124599666666665, 78.42828566666667], [17.124582666666665, 78.42828533333333], [17.124565333333333, 78.428285], [17.12454766666667, 78.42828466666667], [17.124530166666666, 78.42828433333334], [17.124512333333332, 78.428284], [17.124494333333335, 78.42828366666666], [17.124476333333334, 78.42828316666667], [17.124458666666666, 78.42828283333333], [17.12444083333333, 78.4282825], [17.124423166666666, 78.42828200000001], [17.124405333333335, 78.42828166666666], [17.1243875, 78.42828116666666], [17.12437, 78.42828083333333], [17.12435233333333, 78.42828033333333], [17.1243345, 78.42828], [17.124316500000003, 78.42827949999999], [17.124298666666668, 78.428279], [17.124280666666667, 78.42827833333334], [17.124262833333333, 78.42827783333334], [17.124244833333332, 78.42827733333334], [17.12422666666667, 78.42827683333333], [17.124208666666668, 78.42827616666666], [17.124190666666667, 78.42827566666666], [17.124172833333333, 78.42827516666667], [17.124155166666664, 78.4282745], [17.124137166666667, 78.428274], [17.124119166666667, 78.42827349999999], [17.1241015, 78.42827283333332], [17.124083833333334, 78.42827216666666], [17.12406616666667, 78.42827166666666], [17.1240485, 78.428271], [17.124031, 78.42827016666666], [17.124013333333334, 78.4282695], [17.1239955, 78.42826883333333], [17.123977500000002, 78.42826816666667], [17.123959666666668, 78.42826733333332], [17.123942, 78.4282665], [17.123924166666665, 78.42826583333334], [17.123906499999997, 78.428265], [17.12388866666667, 78.42826433333333], [17.123871, 78.42826333333333], [17.1238535, 78.4282625], [17.123835999999997, 78.42826166666667], [17.123818500000002, 78.42826083333333], [17.123800666666668, 78.42826], [17.123783166666666, 78.428259], [17.123766, 78.42825816666667], [17.123748666666664, 78.42825716666667], [17.123731333333335, 78.42825633333334], [17.123713833333333, 78.42825533333333], [17.12369633333333, 78.42825450000001], [17.123679166666665, 78.42825366666666], [17.123661833333333, 78.42825283333333], [17.1236445, 78.42825183333333], [17.12362733333333, 78.428251], [17.12361, 78.42824999999999], [17.123592666666664, 78.42824900000001], [17.123575000000002, 78.42824816666666], [17.123557666666667, 78.42824716666668], [17.12354, 78.42824616666667], [17.123522333333334, 78.42824516666666], [17.123505, 78.42824416666667], [17.123487666666666, 78.42824316666666], [17.12347, 78.42824216666666], [17.12345283333333, 78.42824116666667], [17.123435500000003, 78.42824016666667], [17.123418166666667, 78.42823916666666], [17.123400833333335, 78.42823816666667], [17.123383666666665, 78.42823716666666], [17.123366333333333, 78.428236], [17.123349, 78.428235], [17.123332, 78.428234], [17.123314833333332, 78.428233], [17.123298, 78.42823183333333], [17.12328116666667, 78.42823083333333], [17.12326416666667, 78.42822966666667], [17.123247, 78.42822866666667], [17.123229666666667, 78.42822766666667], [17.123212666666667, 78.4282265], [17.123195666666668, 78.4282255], [17.123178666666668, 78.42822433333335], [17.123161666666665, 78.42822316666667], [17.123144333333336, 78.42822216666667], [17.123127166666666, 78.428221], [17.123110166666667, 78.42821983333333], [17.12309283333333, 78.42821883333333], [17.12307566666667, 78.42821766666665], [17.1230585, 78.42821649999999], [17.1230415, 78.42821550000001], [17.123024666666666, 78.42821433333333], [17.123007500000003, 78.42821316666667], [17.1229905, 78.42821216666667], [17.122973666666667, 78.42821099999999], [17.1229565, 78.42820983333333], [17.122939666666664, 78.42820866666666], [17.122923, 78.4282075], [17.122906, 78.42820633333334], [17.122889333333333, 78.42820516666667], [17.122872166666664, 78.42820400000001], [17.122855166666668, 78.42820283333334], [17.122838166666668, 78.42820166666667], [17.122821166666665, 78.42820033333334], [17.122804166666665, 78.42819916666667], [17.122787000000002, 78.42819800000001], [17.12277, 78.42819683333333], [17.122753, 78.42819566666667], [17.122736166666666, 78.4281945], [17.122719166666666, 78.42819333333334], [17.122702166666667, 78.42819216666666], [17.122685333333333, 78.428191], [17.122668666666666, 78.42818966666667], [17.122652000000002, 78.4281885], [17.122635, 78.42818733333334], [17.122618, 78.42818600000001], [17.122601166666666, 78.42818483333333], [17.122584, 78.42818366666667], [17.122567166666666, 78.4281825], [17.122550333333333, 78.42818116666668], [17.1225335, 78.42818000000001], [17.122516833333336, 78.42817883333333], [17.122500333333335, 78.42817766666667], [17.122483833333334, 78.4281765], [17.122467333333336, 78.42817533333333], [17.122451, 78.42817416666666], [17.1224345, 78.42817316666667], [17.122417666666667, 78.42817199999999], [17.122401, 78.428171], [17.122384166666667, 78.42817], [17.1223675, 78.42816883333333], [17.122351, 78.42816783333333], [17.12233416666667, 78.42816683333334], [17.122317333333335, 78.42816583333334], [17.122300666666668, 78.42816483333333], [17.1222845, 78.428164], [17.12226916666667, 78.42816316666668], [17.122254833333333, 78.42816233333333], [17.122241166666665, 78.42816183333333], [17.122228333333332, 78.42816116666667], [17.1222165, 78.42816066666666], [17.122205166666667, 78.42816033333334], [17.122194166666667, 78.42815983333334], [17.122183333333332, 78.42815933333333], [17.122173166666666, 78.42815900000001], [17.122163166666667, 78.42815866666666], [17.122153833333336, 78.42815833333334], [17.1221455, 78.428158], [17.122137666666667, 78.42815766666666], [17.12213016666667, 78.4281575], [17.122123166666665, 78.42815716666668], [17.122116666666667, 78.428157], [17.12211016666667, 78.42815666666667], [17.122103499999998, 78.42815649999999], [17.122097166666666, 78.42815616666667], [17.122090833333335, 78.428156], [17.122085000000002, 78.42815566666667], [17.122079166666666, 78.4281555], [17.12207383333333, 78.42815533333334], [17.122068666666667, 78.42815516666666], [17.122063500000003, 78.42815483333334], [17.122058166666665, 78.42815466666666], [17.1220535, 78.42815449999999], [17.122048333333332, 78.42815416666667], [17.122043333333334, 78.42815399999999], [17.1220385, 78.42815383333333], [17.122033833333333, 78.42815366666667], [17.122029333333334, 78.42815333333333], [17.122025, 78.42815316666666], [17.122020333333335, 78.42815300000001], [17.122016166666665, 78.42815266666666], [17.12201183333333, 78.4281525], [17.12200783333333, 78.42815233333334], [17.1220035, 78.42815233333334], [17.121999666666667, 78.428152], [17.121995833333337, 78.42815183333333], [17.121991833333333, 78.42815166666666], [17.121987999999998, 78.42815166666666], [17.121984, 78.4281515], [17.121980166666667, 78.42815116666667], [17.121976500000002, 78.428151], [17.121973, 78.42815083333333], [17.121969, 78.42815066666667], [17.121965333333332, 78.42815049999999], [17.121962166666666, 78.42815033333333], [17.121958333333335, 78.42815016666667], [17.1219545, 78.42815], [17.12195116666667, 78.42814983333332], [17.121947833333333, 78.42814966666667], [17.121944166666665, 78.4281495], [17.121941, 78.42814933333334], [17.1219375, 78.42814916666666], [17.121934166666666, 78.42814916666666], [17.121930833333334, 78.428149], [17.121927333333335, 78.42814883333334], [17.121924166666666, 78.42814849999999], [17.121920666666664, 78.42814833333334], [17.121917333333332, 78.42814783333333], [17.121914166666667, 78.42814733333333], [17.121911333333333, 78.42814683333333], [17.12190916666667, 78.42814616666666], [17.1219065, 78.42814566666667], [17.121904833333335, 78.428145], [17.121903166666666, 78.42814466666667], [17.121901333333334, 78.42814416666667], [17.12189933333333, 78.42814366666667], [17.121897666666666, 78.42814333333334], [17.121895666666667, 78.42814283333334], [17.121894, 78.42814249999999], [17.121892166666665, 78.42814216666667], [17.121890166666667, 78.42814166666668], [17.1218885, 78.42814133333333], [17.121887, 78.42814100000001], [17.121885333333335, 78.4281405], [17.12188366666667, 78.42814016666667], [17.121882000000003, 78.42814], [17.121880333333333, 78.42813966666667], [17.121879, 78.42813916666667], [17.121877166666664, 78.42813883333334], [17.121875499999998, 78.42813849999999], [17.121874, 78.42813833333334], [17.121872166666666, 78.428138], [17.121870666666666, 78.4281375], [17.121869333333333, 78.42813716666666], [17.121867833333333, 78.42813683333334], [17.121866166666667, 78.4281365], [17.1218645, 78.42813616666668], [17.121863166666667, 78.42813583333333], [17.121862, 78.4281355], [17.121860666666667, 78.42813516666666], [17.121859333333337, 78.42813483333333], [17.121857833333333, 78.4281345], [17.121856333333334, 78.42813416666667], [17.121854666666664, 78.42813383333333], [17.1218535, 78.4281335], [17.121852333333333, 78.42813316666667], [17.121850833333333, 78.42813299999999], [17.121848833333335, 78.42813266666667], [17.121847, 78.42813233333332], [17.121845333333333, 78.42813216666667], [17.1218445, 78.42813183333332], [17.121843166666668, 78.4281315], [17.121841166666666, 78.42813116666666], [17.121839166666668, 78.42813083333334], [17.12183716666667, 78.42813066666666], [17.121835833333332, 78.42813033333333], [17.121834666666665, 78.42813], [17.121833499999997, 78.42812966666666], [17.1218315, 78.42812933333333], [17.121829166666664, 78.42812916666666], [17.1218275, 78.42812883333333], [17.121826833333333, 78.4281285], [17.121825666666666, 78.42812816666667], [17.121824, 78.42812783333333], [17.121822, 78.42812766666665], [17.121820500000002, 78.42812733333334], [17.121819333333335, 78.42812699999999], [17.121818166666667, 78.42812666666667], [17.121816333333335, 78.42812649999999], [17.121814333333337, 78.42812616666667], [17.121812833333333, 78.42812583333333], [17.121811833333332, 78.42812550000001], [17.121810166666666, 78.42812516666666], [17.121808666666666, 78.42812483333334], [17.121806666666664, 78.4281245], [17.121805166666665, 78.42812433333333], [17.121803833333335, 78.428124], [17.1218025, 78.42812366666666], [17.121800666666665, 78.42812333333333], [17.121798666666667, 78.428123], [17.121797166666667, 78.42812266666667], [17.121795833333334, 78.42812233333333], [17.121794666666666, 78.428122], [17.121793166666667, 78.42812166666666], [17.121790999999998, 78.42812133333334], [17.1217895, 78.42812116666667], [17.12178833333333, 78.42812083333334], [17.121787166666664, 78.4281205], [17.121785666666664, 78.42812016666667], [17.121783833333332, 78.42811983333333], [17.1217825, 78.42811950000001], [17.121781333333335, 78.42811933333334], [17.12178, 78.428119], [17.121778333333335, 78.42811866666666], [17.121777, 78.42811833333333], [17.121775833333334, 78.428118], [17.121774333333335, 78.42811766666667], [17.12177266666667, 78.42811750000001], [17.12177116666667, 78.42811716666667], [17.121770166666668, 78.42811683333333], [17.121768999999997, 78.4281165], [17.12176733333333, 78.42811616666667], [17.1217655, 78.428116], [17.121764, 78.42811566666666], [17.121762999999998, 78.42811533333334], [17.121761666666664, 78.42811499999999], [17.121759833333332, 78.42811483333334], [17.121758166666666, 78.4281145], [17.121756833333333, 78.42811416666667], [17.121755666666665, 78.42811383333333], [17.121754333333335, 78.42811350000001], [17.121752833333336, 78.42811333333334], [17.121751166666666, 78.428113], [17.121749833333336, 78.42811266666666], [17.121748833333335, 78.42811233333333], [17.121747333333335, 78.42811216666668], [17.121745666666666, 78.42811183333333], [17.121744333333332, 78.42811150000001], [17.121743166666665, 78.42811133333333], [17.121741666666665, 78.428111], [17.121739833333333, 78.42811066666667], [17.121738333333333, 78.42811033333334], [17.1217375, 78.42811], [17.121736333333335, 78.42810983333334], [17.121734166666666, 78.42810949999999], [17.121732, 78.42810916666667], [17.121731, 78.42810883333333], [17.121730333333335, 78.42810866666667], [17.121729000000002, 78.42810833333333], [17.121726833333334, 78.42810800000001], [17.121724500000003, 78.42810766666666], [17.121723499999998, 78.42810733333334], [17.121722499999997, 78.42810716666666], [17.1217215, 78.42810683333333], [17.121719666666667, 78.4281065], [17.12171783333333, 78.42810616666667], [17.12171633333333, 78.428106], [17.1217155, 78.42810566666667], [17.121714166666667, 78.4281055], [17.1217125, 78.428105], [17.121711166666667, 78.42810483333332], [17.12171, 78.4281045], [17.121708333333334, 78.42810433333334], [17.121706833333334, 78.42810383333334], [17.1217055, 78.42810366666666], [17.121704333333334, 78.42810333333334], [17.121702833333334, 78.42810316666667], [17.121701166666664, 78.42810266666667], [17.1216995, 78.42810233333333], [17.12169833333333, 78.42810216666666], [17.121696999999998, 78.42810183333333], [17.121695499999998, 78.42810166666666], [17.121693999999998, 78.42810133333334], [17.121692499999998, 78.428101], [17.1216915, 78.42810066666667], [17.12169, 78.4281005], [17.1216885, 78.42810016666667], [17.121687, 78.42809983333333], [17.121685833333334, 78.4280995], [17.1216845, 78.42809933333334], [17.1216835, 78.428099], [17.121682333333336, 78.42809866666667], [17.121680833333336, 78.42809833333334], [17.121679333333336, 78.42809816666666], [17.121677666666667, 78.42809783333334], [17.121676833333332, 78.42809749999999], [17.12167583333333, 78.42809716666667], [17.12167433333333, 78.428097], [17.1216725, 78.42809666666668], [17.121671499999998, 78.42809633333333], [17.1216705, 78.42809616666666], [17.1216695, 78.42809583333333], [17.121668, 78.4280955], [17.121666666666666, 78.42809516666667], [17.121665333333333, 78.428095], [17.121664, 78.42809466666667], [17.121662166666667, 78.42809433333333], [17.121661, 78.428094], [17.121660000000002, 78.42809383333334], [17.121659, 78.4280935], [17.1216575, 78.42809316666667], [17.121655333333333, 78.428093], [17.12165333333333, 78.42809266666667], [17.1216515, 78.42809233333334], [17.121649333333334, 78.428092], [17.121646833333333, 78.42809183333334], [17.121644, 78.4280915], [17.121642166666668, 78.42809116666668], [17.121641166666667, 78.42809083333333], [17.121639333333334, 78.42809066666668], [17.121636833333334, 78.42809033333333], [17.121634500000003, 78.42809016666666], [17.121633, 78.42808983333333], [17.121631666666666, 78.4280895], [17.12163, 78.42808933333335], [17.12162783333333, 78.428089], [17.121625666666667, 78.42808883333333], [17.121623666666668, 78.4280885], [17.12162216666667, 78.42808816666667], [17.121620166666666, 78.42808799999999], [17.121618666666667, 78.42808766666667], [17.121617, 78.4280875], [17.12161516666667, 78.42808716666667], [17.121613333333336, 78.428087], [17.121611166666664, 78.42808666666666], [17.121609999999997, 78.42808633333334], [17.121608666666667, 78.42808616666666], [17.121606666666665, 78.42808583333334], [17.121604166666668, 78.4280855], [17.121601666666667, 78.428085], [17.121598833333334, 78.42808416666666], [17.1215955, 78.42808316666667], [17.1215915, 78.42808199999999], [17.121586999999998, 78.42808050000001], [17.121582166666666, 78.428079], [17.121577333333335, 78.42807733333333], [17.121571666666668, 78.42807566666667], [17.12156633333333, 78.42807383333334], [17.121561166666666, 78.42807216666667], [17.121556333333334, 78.4280705], [17.121551333333333, 78.42806916666667], [17.1215465, 78.42806783333334], [17.121541999999998, 78.42806650000001], [17.121537666666665, 78.42806533333334], [17.121533833333334, 78.42806416666667], [17.12153, 78.42806300000001], [17.121526, 78.428062], [17.121522000000002, 78.428061], [17.121518499999997, 78.42806016666667], [17.121515, 78.42805916666666], [17.121511833333333, 78.42805833333334], [17.121508666666667, 78.42805733333333], [17.1215055, 78.42805666666666], [17.121502, 78.42805583333333], [17.121498666666664, 78.428055], [17.121495999999997, 78.42805416666667], [17.121493333333333, 78.4280535], [17.1214905, 78.42805266666666], [17.121487333333334, 78.42805216666667], [17.121484333333335, 78.42805150000001], [17.121481666666668, 78.42805083333333], [17.12147966666667, 78.42805016666667], [17.12147716666667, 78.4280495], [17.121474499999998, 78.42804883333334], [17.121471333333332, 78.42804833333334], [17.121468333333333, 78.42804783333332], [17.121466333333334, 78.42804716666666], [17.121464166666666, 78.4280465], [17.121461833333335, 78.428046], [17.12145866666667, 78.42804550000001], [17.121455833333336, 78.42804500000001], [17.12145383333333, 78.4280445], [17.12145183333333, 78.42804383333333], [17.1214495, 78.4280435], [17.121447, 78.42804299999999], [17.121444166666667, 78.4280425], [17.121442000000002, 78.428042], [17.121439833333334, 78.4280415], [17.121438166666668, 78.428041], [17.1214365, 78.4280405], [17.121433833333334, 78.42804], [17.121431166666664, 78.42803966666666], [17.121429, 78.42803933333333], [17.1214275, 78.42803883333333], [17.121426, 78.42803833333333], [17.1214235, 78.42803783333333], [17.12142083333333, 78.42803766666665], [17.1214185, 78.42803716666667], [17.121417166666667, 78.42803666666667], [17.1214155, 78.42803633333332], [17.121413500000003, 78.42803583333333], [17.121411000000002, 78.42803550000001], [17.121408499999998, 78.42803516666666], [17.121406666666665, 78.42803483333334], [17.121405166666666, 78.42803433333333], [17.1214035, 78.42803383333333], [17.121401166666665, 78.42803350000001], [17.121398666666668, 78.42803316666667], [17.1213965, 78.42803283333333], [17.121395166666666, 78.4280325], [17.121393833333332, 78.428032], [17.121391666666668, 78.42803166666666], [17.121389166666667, 78.4280315], [17.12138716666667, 78.42803116666667], [17.1213855, 78.42803083333334], [17.121384166666665, 78.42803033333333], [17.1213825, 78.42803], [17.121381666666665, 78.42802950000001], [17.121380833333333, 78.428029], [17.1213805, 78.42802833333333], [17.121380666666667, 78.428028], [17.121382166666667, 78.42802750000001], [17.121383833333333, 78.42802716666667], [17.12138433333333, 78.42802683333333], [17.121385, 78.4280265], [17.1213855, 78.42802633333334], [17.12138583333333, 78.42802616666667], [17.121386500000003, 78.42802583333334], [17.1213875, 78.42802566666666], [17.121387666666667, 78.42802533333334], [17.121386833333336, 78.42802516666667], [17.121386833333336, 78.42802483333334], [17.121386833333336, 78.42802466666667], [17.121387000000002, 78.4280245], [17.121386833333336, 78.42802433333333], [17.121386500000003, 78.42802400000001], [17.12138583333333, 78.42802366666666], [17.1213855, 78.42802350000001], [17.121385333333333, 78.42802333333334], [17.121385166666666, 78.428023], [17.121385166666666, 78.42802283333334], [17.121384166666665, 78.42802266666666], [17.1213835, 78.42802233333333], [17.1213835, 78.428022], [17.121383166666664, 78.42802183333333], [17.1213825, 78.42802166666667], [17.12138183333333, 78.42802133333333], [17.121381166666666, 78.42802116666667], [17.1213805, 78.42802083333332], [17.121379833333332, 78.42802066666667], [17.121379666666666, 78.42802033333334], [17.121378666666665, 78.42802016666666], [17.12137733333333, 78.42802], [17.121377, 78.42801966666666], [17.1213765, 78.42801949999999], [17.121376, 78.42801916666667], [17.121374833333334, 78.42801899999999], [17.1213745, 78.42801883333333], [17.121374166666666, 78.42801850000001], [17.121373666666667, 78.42801816666666], [17.121373333333334, 78.42801800000001], [17.1213725, 78.42801783333333], [17.121371500000002, 78.4280175], [17.121370666666667, 78.42801733333334], [17.121370666666667, 78.42801716666666], [17.121369666666666, 78.428017], [17.121368166666667, 78.42801666666666], [17.121366833333333, 78.42801633333333], [17.121366166666668, 78.42801616666667], [17.121365500000003, 78.42801583333333], [17.12136416666667, 78.42801566666667], [17.121362833333333, 78.4280155], [17.1213615, 78.42801516666667], [17.121360499999998, 78.42801483333332], [17.12135933333333, 78.4280145], [17.1213585, 78.42801433333334], [17.121357666666665, 78.428014], [17.1213565, 78.42801349999999], [17.121355333333334, 78.42801316666667], [17.121354333333333, 78.42801299999999], [17.1213535, 78.42801266666667], [17.121352666666667, 78.42801233333333], [17.121351666666666, 78.42801200000001], [17.121350500000002, 78.4280115], [17.121349333333335, 78.42801116666666], [17.121348, 78.42801066666667], [17.121346833333334, 78.42801033333333], [17.121346000000003, 78.42801], [17.121345, 78.42800966666667], [17.121343500000002, 78.42800916666667], [17.121342000000002, 78.42800866666667], [17.121340666666665, 78.42800833333334], [17.121339499999998, 78.42800783333334], [17.121338166666664, 78.42800749999999], [17.12133683333333, 78.428007], [17.121335833333333, 78.42800666666668], [17.121335, 78.42800616666666], [17.121333333333332, 78.42800566666666], [17.1213315, 78.42800516666667], [17.1213305, 78.42800483333333], [17.121330166666667, 78.42800416666667], [17.121329, 78.42800383333334], [17.121327166666667, 78.42800333333334], [17.121325333333335, 78.42800283333332], [17.121324833333333, 78.4280025], [17.121324, 78.428002], [17.121322833333334, 78.4280015], [17.121321000000002, 78.42800116666668], [17.121320166666667, 78.42800066666668], [17.121319500000002, 78.42800016666666], [17.121317666666666, 78.42799983333333], [17.12131583333333, 78.42799933333335], [17.1213145, 78.427999], [17.121314166666664, 78.4279985], [17.121313166666667, 78.42799816666667], [17.121311166666665, 78.42799783333334], [17.121309166666666, 78.42799733333332], [17.121308166666665, 78.427997], [17.121307833333333, 78.4279965], [17.121306666666666, 78.42799616666666], [17.121305500000002, 78.42799566666666], [17.121303833333332, 78.42799533333333], [17.121302, 78.42799483333333], [17.121301000000003, 78.42799450000001], [17.121300666666667, 78.42799416666666], [17.121300166666668, 78.42799366666667], [17.1212985, 78.42799333333333], [17.121296500000003, 78.427993], [17.121295166666666, 78.4279925], [17.121295, 78.42799216666667], [17.12129433333333, 78.42799183333334], [17.12129283333333, 78.4279915], [17.121291499999998, 78.427991], [17.1212905, 78.42799066666666], [17.121289666666666, 78.42799033333334], [17.121289, 78.42799], [17.121287833333334, 78.42798966666666], [17.1212865, 78.42798933333333], [17.121285666666665, 78.427989], [17.121284833333334, 78.42798883333333], [17.121284, 78.42798833333333], [17.121283000000002, 78.427988], [17.121281833333335, 78.42798766666667], [17.121281, 78.42798733333333], [17.12128016666667, 78.427987], [17.121279166666667, 78.42798666666665], [17.121278, 78.42798633333334], [17.121276833333333, 78.42798599999999], [17.121275833333335, 78.42798566666667], [17.121274833333334, 78.42798533333333], [17.12127383333333, 78.427985], [17.121273, 78.42798466666666], [17.12127183333333, 78.42798433333334], [17.121270666666664, 78.427984], [17.1212695, 78.42798366666666], [17.1212685, 78.42798333333333], [17.121267666666665, 78.427983], [17.121266666666667, 78.42798266666667], [17.121265333333334, 78.42798216666667], [17.121264166666666, 78.42798183333333], [17.12126333333333, 78.4279815], [17.121262666666667, 78.42798116666667], [17.121261666666665, 78.42798083333334], [17.121260833333334, 78.42798033333334], [17.121259666666667, 78.42797999999999], [17.121258833333332, 78.42797966666667], [17.121258166666667, 78.42797916666667], [17.121257166666666, 78.42797883333333], [17.121255666666666, 78.42797833333334], [17.12125466666667, 78.42797783333334], [17.121254166666667, 78.4279775], [17.121253666666668, 78.42797716666668], [17.121252666666667, 78.42797666666667], [17.121251833333336, 78.42797616666667], [17.12125083333333, 78.42797583333332], [17.121250333333332, 78.4279755], [17.121249499999998, 78.427975], [17.121248666666666, 78.42797449999999], [17.12124783333333, 78.42797399999999], [17.121247166666667, 78.42797350000001], [17.121246666666664, 78.42797316666666], [17.121245833333333, 78.42797266666666], [17.121244666666666, 78.42797216666666], [17.121244333333333, 78.42797166666666], [17.121243666666665, 78.42797133333333], [17.121243, 78.42797083333333], [17.1212415, 78.42797033333333], [17.121240166666666, 78.42796983333332], [17.121239666666668, 78.42796933333334], [17.12123933333333, 78.427969], [17.121238333333334, 78.42796849999999], [17.121236500000002, 78.42796799999999], [17.1212355, 78.42796750000001], [17.121235333333335, 78.42796716666666], [17.121235000000002, 78.42796683333333], [17.121234166666667, 78.42796633333334], [17.1212325, 78.42796583333333], [17.121231833333333, 78.42796533333333], [17.121232000000003, 78.427965], [17.121232000000003, 78.4279645], [17.121231, 78.427964], [17.121230333333333, 78.4279635], [17.121229833333334, 78.42796316666666], [17.121230166666667, 78.42796266666666], [17.121230166666667, 78.42796233333334], [17.121230500000003, 78.427962], [17.121230500000003, 78.42796150000001], [17.121230500000003, 78.42796116666666], [17.121230833333335, 78.42796083333333], [17.1212315, 78.4279605], [17.12123216666667, 78.42796033333335], [17.121232833333334, 78.42796], [17.121232833333334, 78.42795966666667], [17.12123366666667, 78.4279595], [17.1212345, 78.42795933333333], [17.1212355, 78.42795933333333], [17.121235666666667, 78.42795916666667], [17.121236, 78.427959], [17.121236833333334, 78.427959], [17.121237333333333, 78.427959], [17.121238, 78.42795883333334], [17.1212385, 78.42795883333334], [17.121238666666667, 78.42795866666667], [17.121239166666665, 78.42795866666667], [17.1212395, 78.42795866666667], [17.121239666666668, 78.4279585], [17.121239666666668, 78.4279585], [17.12124, 78.42795833333334], [17.12124, 78.42795833333334], [17.121239833333334, 78.42795816666667], [17.121239833333334, 78.427958], [17.12124, 78.42795783333332], [17.121239833333334, 78.42795766666667], [17.121239833333334, 78.4279575], [17.1212395, 78.42795733333334], [17.121239166666665, 78.42795733333334], [17.121239166666665, 78.42795716666666], [17.121239166666665, 78.427957], [17.121238833333333, 78.42795683333334], [17.121238833333333, 78.42795666666666], [17.121239166666665, 78.4279565], [17.121239833333334, 78.42795633333334], [17.121240666666665, 78.42795616666668], [17.121241333333334, 78.42795583333333], [17.1212425, 78.42795566666668], [17.121244, 78.42795533333333], [17.121245833333333, 78.42795516666666], [17.121247333333333, 78.42795483333333], [17.121249499999998, 78.42795466666666], [17.121251500000003, 78.42795433333335], [17.121253666666668, 78.427954], [17.1212565, 78.42795366666665], [17.121258833333332, 78.42795333333333], [17.12126183333333, 78.42795299999999], [17.121265, 78.42795266666667], [17.121268, 78.42795216666667], [17.12127083333333, 78.42795183333332], [17.121274000000003, 78.4279515], [17.1212775, 78.427951], [17.121280666666667, 78.4279505], [17.121284, 78.42795016666668], [17.12128733333333, 78.42794966666666], [17.121291166666666, 78.42794916666666], [17.121294666666664, 78.42794866666667], [17.12129816666667, 78.42794816666667], [17.121301833333334, 78.42794783333333], [17.121305166666666, 78.42794733333334], [17.121308666666668, 78.42794683333334], [17.1213125, 78.42794633333332], [17.121316, 78.42794583333333], [17.121319333333336, 78.42794533333334], [17.121322833333334, 78.427945], [17.121326500000002, 78.4279445], [17.121330166666667, 78.427944], [17.121333666666665, 78.42794366666666], [17.1213375, 78.42794316666667], [17.121340999999997, 78.42794266666667], [17.121344333333333, 78.42794233333333], [17.121348, 78.42794183333334], [17.121351833333332, 78.4279415], [17.121355166666667, 78.42794099999999], [17.121358666666666, 78.4279405], [17.121361999999998, 78.42794], [17.121365333333333, 78.42793966666666], [17.121368333333333, 78.42793933333334], [17.121371, 78.42793883333334], [17.121374, 78.4279385], [17.1213765, 78.42793816666668], [17.121379166666667, 78.42793783333333], [17.121381666666665, 78.42793766666666], [17.121383833333333, 78.42793733333333], [17.121385999999998, 78.427937], [17.121388333333336, 78.42793683333333], [17.1213905, 78.4279365], [17.121392333333333, 78.42793633333334], [17.1213945, 78.427936], [17.121396666666666, 78.42793566666666], [17.121398166666665, 78.42793566666666], [17.121399666666665, 78.42793533333334], [17.1214015, 78.42793516666667], [17.121403166666667, 78.42793483333334], [17.1214045, 78.42793466666667], [17.12140583333333, 78.4279345], [17.121407166666664, 78.42793416666667], [17.121408666666664, 78.42793400000001], [17.121409500000002, 78.42793383333333], [17.121411000000002, 78.42793366666666], [17.121412000000003, 78.42793350000001], [17.121412666666668, 78.42793333333334], [17.12141366666667, 78.427933], [17.121415000000002, 78.42793283333334], [17.121416, 78.42793266666666], [17.12141666666667, 78.4279325], [17.1214175, 78.42793233333333], [17.1214185, 78.427932], [17.121419166666666, 78.427932], [17.121419833333334, 78.42793166666667], [17.12142083333333, 78.42793150000001], [17.121422166666665, 78.42793116666667], [17.12142383333333, 78.427931], [17.121425833333333, 78.42793083333332], [17.121427833333332, 78.42793033333334], [17.121430166666666, 78.42793], [17.121432333333335, 78.42793], [17.121434333333333, 78.42792966666666], [17.121436333333335, 78.42792933333334], [17.121438166666668, 78.42792899999999], [17.12144, 78.42792883333333], [17.121442333333334, 78.42792833333333], [17.121443833333334, 78.42792816666666], [17.121446, 78.42792766666666], [17.121447166666666, 78.4279275], [17.121449166666665, 78.427927], [17.121451, 78.42792683333333], [17.121451999999998, 78.4279265], [17.12145333333333, 78.42792633333333], [17.121453666666664, 78.427926], [17.121455, 78.42792583333333], [17.12145566666667, 78.4279255], [17.121456000000002, 78.42792533333333], [17.121456000000002, 78.42792516666667], [17.12145566666667, 78.42792483333332], [17.121455333333333, 78.42792466666667], [17.121455, 78.42792466666667], [17.12145466666667, 78.4279245], [17.121453499999998, 78.4279245], [17.121453499999998, 78.42792416666666], [17.121452666666666, 78.42792416666666], [17.1214525, 78.42792416666666], [17.121452166666664, 78.427924], [17.121451666666665, 78.42792366666666], [17.121450499999998, 78.42792366666666], [17.121449666666667, 78.42792349999999], [17.121449166666665, 78.42792333333334], [17.121448166666667, 78.42792316666667], [17.121447, 78.42792316666667], [17.121446166666665, 78.42792283333333], [17.121445666666666, 78.42792283333333], [17.121445166666668, 78.42792283333333], [17.12144483333333, 78.42792266666667], [17.121444, 78.42792250000001], [17.121444, 78.42792233333333], [17.121442833333333, 78.42792216666666], [17.121441833333332, 78.42792200000001], [17.121441666666666, 78.42792183333333], [17.121441166666667, 78.4279215], [17.12144066666667, 78.4279215], [17.121439666666667, 78.42792116666666], [17.121438166666668, 78.427921], [17.121437166666666, 78.42792083333333], [17.121437166666666, 78.42792083333333], [17.121437333333333, 78.42792083333333], [17.121437, 78.427921], [17.121438, 78.427921], [17.1214395, 78.42792133333334], [17.12144066666667, 78.4279215], [17.121441833333332, 78.42792166666666], [17.121443166666666, 78.42792200000001], [17.121444666666665, 78.42792233333333], [17.121446166666665, 78.42792250000001], [17.121446833333334, 78.42792283333333], [17.121447, 78.42792316666667], [17.121447666666665, 78.42792333333334], [17.1214485, 78.42792349999999], [17.12144933333333, 78.42792366666666], [17.121449166666665, 78.42792383333334], [17.121449, 78.427924], [17.121449166666665, 78.427924], [17.12144933333333, 78.427924], [17.12144933333333, 78.42792416666666], [17.12145, 78.42792416666666], [17.121451333333333, 78.42792433333334], [17.121452666666666, 78.4279245], [17.12145416666667, 78.42792466666667], [17.121456000000002, 78.427925], [17.121457666666668, 78.42792516666667], [17.1214595, 78.42792533333333], [17.121461333333333, 78.42792566666667], [17.121463000000002, 78.42792566666667], [17.121464166666666, 78.42792583333333], [17.121466, 78.427926], [17.1214675, 78.427926], [17.121469, 78.42792616666667], [17.121470833333333, 78.42792633333333], [17.121472, 78.42792633333333], [17.121472833333332, 78.42792633333333], [17.121474, 78.42792616666667], [17.1214755, 78.42792633333333], [17.121477000000002, 78.42792616666667], [17.12147966666667, 78.42792616666667], [17.121480833333333, 78.427926], [17.121481666666668, 78.42792616666667], [17.12148266666667, 78.427926], [17.1214835, 78.427926], [17.121484000000002, 78.42792583333333], [17.121485166666666, 78.42792583333333], [17.121485333333332, 78.42792566666667], [17.1214855, 78.42792566666667], [17.121486, 78.4279255], [17.121486833333332, 78.42792566666667], [17.121487833333333, 78.42792566666667], [17.121488666666668, 78.4279255], [17.121489166666667, 78.4279255], [17.1214895, 78.4279255], [17.121490166666668, 78.42792533333333], [17.121490666666666, 78.42792533333333], [17.121490166666668, 78.4279255], [17.121490333333334, 78.42792533333333], [17.121489999999998, 78.4279255], [17.121490166666668, 78.42792533333333], [17.121490166666668, 78.4279255], [17.12148983333333, 78.4279255], [17.121490166666668, 78.42792566666667], [17.12148983333333, 78.42792583333333], [17.121489666666665, 78.42792583333333], [17.1214895, 78.427926], [17.121489333333333, 78.427926], [17.121488833333334, 78.42792616666667], [17.121488666666668, 78.42792616666667], [17.121488499999998, 78.42792633333333], [17.121488166666666, 78.4279265], [17.121487833333333, 78.4279265], [17.121487666666667, 78.42792666666666], [17.121487666666667, 78.42792683333333], [17.121487166666668, 78.427927], [17.1214865, 78.427927], [17.121487, 78.42792716666666], [17.121486666666666, 78.42792716666666], [17.1214865, 78.42792733333334], [17.121486333333333, 78.42792733333334], [17.1214855, 78.42792733333334], [17.1214855, 78.4279275], [17.121484833333334, 78.4279275], [17.121484666666667, 78.42792766666666], [17.121483666666666, 78.42792766666666], [17.121483333333334, 78.42792783333333], [17.121483, 78.42792783333333], [17.121482333333333, 78.42792783333333], [17.121482, 78.42792800000001], [17.121481833333334, 78.42792800000001], [17.121481666666668, 78.42792816666666], [17.121481333333335, 78.42792833333333], [17.121481333333335, 78.42792833333333], [17.121482166666667, 78.42792833333333], [17.121482166666667, 78.42792850000001], [17.121482333333333, 78.42792866666667], [17.121482333333333, 78.42792866666667], [17.121482833333335, 78.42792883333333], [17.121483333333334, 78.42792883333333], [17.1214835, 78.42792899999999], [17.121483666666666, 78.42792899999999], [17.121483666666666, 78.42792899999999], [17.12148416666667, 78.42792916666667], [17.121484833333334, 78.42792916666667], [17.121484666666667, 78.42792916666667], [17.121484666666667, 78.42792933333334], [17.121484666666667, 78.42792933333334], [17.121483333333334, 78.42792949999999], [17.121483333333334, 78.42792966666666], [17.121484000000002, 78.42792966666666], [17.121484333333335, 78.42792966666666], [17.121484333333335, 78.42792966666666], [17.121484333333335, 78.42792983333334], [17.12148416666667, 78.42793], [17.121483833333333, 78.42793016666666], [17.121483333333334, 78.42793033333334], [17.1214835, 78.4279305], [17.121483666666666, 78.4279305], [17.121483666666666, 78.4279305], [17.121484000000002, 78.42793066666667], [17.121484833333334, 78.42793066666667], [17.121485166666666, 78.42793066666667], [17.121485166666666, 78.4279305], [17.1214855, 78.42793066666667], [17.121485333333332, 78.42793066666667], [17.121484833333334, 78.42793066666667], [17.121484666666667, 78.42793066666667], [17.121483833333333, 78.42793083333332], [17.121483166666668, 78.42793083333332], [17.121483, 78.42793083333332], [17.121483166666668, 78.427931], [17.121483166666668, 78.427931], [17.121483333333334, 78.427931], [17.121483666666666, 78.427931], [17.121483833333333, 78.42793083333332], [17.121483833333333, 78.42793083333332], [17.1214835, 78.42793083333332], [17.121483666666666, 78.427931], [17.121483833333333, 78.42793083333332], [17.121483333333334, 78.427931], [17.121482833333335, 78.427931], [17.121482500000003, 78.427931], [17.121482333333333, 78.427931], [17.121482333333333, 78.427931], [17.121482166666667, 78.42793116666667], [17.121482166666667, 78.42793116666667], [17.121482, 78.42793116666667], [17.121482, 78.42793116666667], [17.121482166666667, 78.427931], [17.121482833333335, 78.427931], [17.121483166666668, 78.42793066666667], [17.121483333333334, 78.42793066666667], [17.121482833333335, 78.4279305], [17.121482500000003, 78.4279305], [17.121483166666668, 78.42793016666666], [17.1214835, 78.42793033333334], [17.1214835, 78.42793033333334], [17.1214835, 78.4279305], [17.12148416666667, 78.4279305], [17.12148416666667, 78.42793066666667], [17.121484000000002, 78.42793066666667], [17.12148416666667, 78.42793083333332], [17.12148416666667, 78.42793083333332], [17.12148416666667, 78.42793083333332], [17.1214845, 78.427931], [17.121484333333335, 78.427931], [17.121483833333333, 78.427931], [17.121484000000002, 78.427931], [17.121484333333335, 78.427931], [17.121484333333335, 78.427931], [17.121483666666666, 78.427931], [17.121483, 78.42793116666667], [17.121483166666668, 78.42793116666667], [17.121483666666666, 78.42793133333333], [17.1214835, 78.42793150000001], [17.121483333333334, 78.42793150000001], [17.121483666666666, 78.42793150000001], [17.121483166666668, 78.42793166666667], [17.12148266666667, 78.42793166666667], [17.121482500000003, 78.42793166666667], [17.121482500000003, 78.42793166666667], [17.121482500000003, 78.42793166666667], [17.121482166666667, 78.42793166666667], [17.121482166666667, 78.42793150000001], [17.121482166666667, 78.42793150000001], [17.121482166666667, 78.42793150000001], [17.121482833333335, 78.42793133333333], [17.121483, 78.42793116666667], [17.121483833333333, 78.42793116666667], [17.121484333333335, 78.42793116666667], [17.121485, 78.42793116666667], [17.12148566666667, 78.427931], [17.121486333333333, 78.427931], [17.121486666666666, 78.427931], [17.121487166666668, 78.42793116666667], [17.121488, 78.427931], [17.121489166666667, 78.42793116666667], [17.121489666666665, 78.42793116666667], [17.1214895, 78.42793150000001], [17.121489999999998, 78.42793150000001], [17.12149133333333, 78.42793150000001], [17.121492, 78.42793166666667], [17.1214925, 78.42793166666667], [17.1214935, 78.42793166666667], [17.12149433333333, 78.42793166666667], [17.121494833333333, 78.42793166666667], [17.12149583333333, 78.42793166666667], [17.1214965, 78.42793183333333], [17.12149683333333, 78.42793166666667], [17.121497499999997, 78.42793183333333], [17.121498166666665, 78.42793183333333], [17.12149916666667, 78.42793166666667], [17.12149916666667, 78.42793166666667], [17.12149916666667, 78.42793166666667], [17.121499333333336, 78.42793166666667], [17.121498999999996, 78.42793166666667], [17.121498, 78.42793166666667], [17.12149733333333, 78.42793183333333], [17.121496999999998, 78.42793183333333], [17.121496666666665, 78.42793183333333], [17.1214965, 78.42793183333333], [17.121495999999997, 78.42793183333333], [17.121496333333333, 78.42793183333333], [17.121495666666664, 78.42793183333333], [17.121495666666664, 78.42793166666667], [17.121496166666667, 78.42793166666667], [17.121495999999997, 78.42793166666667], [17.121495999999997, 78.42793166666667], [17.12149583333333, 78.42793183333333], [17.121495999999997, 78.42793166666667], [17.121495999999997, 78.42793166666667], [17.121495999999997, 78.42793183333333], [17.12149583333333, 78.42793166666667], [17.121495666666664, 78.42793166666667], [17.121495666666664, 78.42793166666667], [17.121495166666666, 78.42793166666667], [17.121495333333332, 78.42793166666667], [17.121494833333333, 78.42793166666667], [17.12149433333333, 78.42793166666667], [17.121494, 78.42793150000001], [17.121493833333332, 78.42793150000001], [17.1214935, 78.42793150000001], [17.12149283333333, 78.42793133333333], [17.121492333333332, 78.42793133333333], [17.121491833333334, 78.42793133333333], [17.121491833333334, 78.42793116666667], [17.121491166666665, 78.427931], [17.121489999999998, 78.42793066666667], [17.1214895, 78.42793066666667], [17.121489166666667, 78.42793066666667], [17.121488499999998, 78.42793066666667], [17.121487833333333, 78.4279305], [17.121487166666668, 78.4279305], [17.121486666666666, 78.4279305], [17.1214865, 78.4279305], [17.1214855, 78.42793033333334], [17.121484833333334, 78.42793033333334], [17.121484000000002, 78.42793033333334], [17.121484000000002, 78.42793033333334], [17.121483833333333, 78.42793033333334], [17.121483166666668, 78.42793033333334], [17.121482833333335, 78.42793016666666], [17.121481833333334, 78.42793016666666], [17.121481333333335, 78.42793016666666], [17.12148116666667, 78.42793016666666], [17.121481000000003, 78.42793016666666], [17.121480666666667, 78.42793016666666], [17.121480000000002, 78.42793016666666], [17.121479166666667, 78.42793016666666], [17.121479166666667, 78.42793016666666], [17.12147866666667, 78.42793], [17.121477833333334, 78.42793016666666], [17.12147666666667, 78.42793016666666], [17.121475666666665, 78.42793016666666], [17.1214755, 78.42793], [17.1214755, 78.42792983333334], [17.121475, 78.42792983333334], [17.121473833333333, 78.42792966666666], [17.121472999999998, 78.42792949999999], [17.121472999999998, 78.42792933333334], [17.121472333333333, 78.42792933333334], [17.1214715, 78.42792916666667], [17.121470833333333, 78.42792899999999], [17.12147033333333, 78.42792883333333], [17.121470833333333, 78.42792866666667], [17.121470833333333, 78.42792833333333], [17.121470166666665, 78.42792800000001], [17.121469666666666, 78.42792783333333], [17.121469666666666, 78.4279275], [17.121469833333332, 78.42792716666666], [17.12147033333333, 78.42792666666666], [17.121469833333332, 78.4279265], [17.121469666666666, 78.42792633333333], [17.121471166666666, 78.42792616666667], [17.12147183333333, 78.427926], [17.121472, 78.427926], [17.1214725, 78.427926], [17.1214735, 78.42792583333333], [17.121474499999998, 78.42792583333333], [17.121474666666664, 78.42792583333333], [17.12147483333333, 78.42792583333333], [17.12147583333333, 78.42792566666667], [17.121476166666664, 78.42792583333333], [17.12147633333333, 78.42792566666667], [17.12147666666667, 78.42792566666667], [17.121477333333335, 78.4279255], [17.121477666666667, 78.4279255], [17.121478000000003, 78.42792516666667], [17.1214775, 78.42792516666667], [17.121477666666667, 78.42792516666667], [17.121477333333335, 78.427925], [17.12147716666667, 78.427925], [17.121476833333336, 78.427925], [17.12147666666667, 78.42792483333332], [17.12147666666667, 78.42792483333332], [17.121476500000004, 78.42792483333332], [17.12147583333333, 78.42792466666667], [17.12147633333333, 78.42792466666667], [17.121475999999998, 78.42792483333332], [17.12147583333333, 78.42792483333332], [17.121476166666664, 78.42792483333332], [17.121476166666664, 78.42792466666667], [17.12147666666667, 78.42792466666667], [17.121476166666664, 78.4279245], [17.12147583333333, 78.4279245], [17.121475999999998, 78.4279245], [17.121475333333333, 78.4279245], [17.121475166666666, 78.4279245], [17.121475, 78.42792466666667], [17.121475166666666, 78.4279245], [17.121475333333333, 78.4279245], [17.12147583333333, 78.4279245], [17.121476166666664, 78.42792433333334], [17.121475999999998, 78.42792433333334], [17.1214755, 78.42792433333334], [17.121475666666665, 78.42792433333334], [17.121475166666666, 78.42792433333334], [17.121474666666664, 78.42792433333334], [17.12147433333333, 78.42792433333334], [17.121473833333333, 78.42792433333334], [17.121473833333333, 78.42792433333334], [17.121472999999998, 78.4279245], [17.121473166666664, 78.4279245], [17.121472833333332, 78.4279245], [17.121472833333332, 78.4279245], [17.1214725, 78.42792433333334], [17.121472166666667, 78.42792433333334], [17.121472166666667, 78.42792433333334], [17.121471666666665, 78.42792433333334], [17.121472333333333, 78.42792433333334], [17.12147183333333, 78.42792416666666], [17.121472, 78.42792416666666], [17.121472833333332, 78.42792416666666], [17.121473833333333, 78.42792416666666], [17.12147483333333, 78.42792433333334], [17.121477000000002, 78.427924], [17.121479500000003, 78.427924], [17.121482500000003, 78.427924], [17.1214845, 78.427924], [17.121486833333332, 78.427924], [17.121490333333334, 78.42792416666666], [17.121492333333332, 78.42792416666666], [17.121495, 78.42792433333334], [17.121497499999997, 78.42792416666666], [17.121499833333335, 78.42792466666667], [17.12150216666667, 78.42792466666667], [17.121503833333335, 78.427925], [17.121502833333334, 78.427925], [17.121503, 78.427925], [17.121503333333333, 78.42792533333333], [17.12150366666667, 78.42792566666667], [17.121503833333335, 78.42792583333333], [17.12150366666667, 78.427926], [17.121504333333334, 78.427926], [17.121504166666668, 78.42792616666667], [17.121504, 78.4279265], [17.121504166666668, 78.42792666666666], [17.121503833333335, 78.427927], [17.121504166666668, 78.42792716666666], [17.12150366666667, 78.42792733333334], [17.121504, 78.42792766666666], [17.121505, 78.42792783333333], [17.121505833333334, 78.42792816666666], [17.1215075, 78.42792833333333], [17.121508833333333, 78.42792850000001], [17.121509666666668, 78.42792850000001], [17.121510666666666, 78.42792866666667], [17.1215115, 78.42792883333333], [17.121512499999998, 78.42792883333333], [17.121513, 78.42792883333333], [17.1215135, 78.42792916666667], [17.121513166666666, 78.42792916666667], [17.121514166666667, 78.42792916666667], [17.1215135, 78.42792899999999], [17.121513166666666, 78.42792933333334], [17.121513166666666, 78.42792933333334], [17.121512166666665, 78.42792949999999], [17.121510166666667, 78.42792949999999], [17.121509, 78.42792916666667], [17.1215075, 78.42792916666667], [17.121507833333332, 78.42792899999999], [17.12150666666667, 78.42792899999999], [17.121505666666668, 78.42792899999999], [17.1215055, 78.42792883333333], [17.121505833333334, 78.42792883333333], [17.121506166666666, 78.42792883333333], [17.121505666666668, 78.42792883333333], [17.121505833333334, 78.42792866666667], [17.121507, 78.42792850000001], [17.12150666666667, 78.42792850000001], [17.121507166666667, 78.42792866666667], [17.121506166666666, 78.42792850000001], [17.121506333333333, 78.42792800000001], [17.1215065, 78.42792766666666], [17.121506333333333, 78.42792766666666], [17.121507, 78.4279275], [17.1215065, 78.42792733333334], [17.121505666666668, 78.42792716666666], [17.121506, 78.427927], [17.121506, 78.42792716666666], [17.1215055, 78.427927], [17.12150516666667, 78.42792683333333], [17.121504833333333, 78.42792666666666], [17.1215035, 78.4279265], [17.121503333333333, 78.4279265], [17.121502833333334, 78.42792666666666], [17.121502833333334, 78.4279265], [17.121502500000002, 78.42792633333333], [17.121502833333334, 78.42792633333333], [17.121503, 78.42792616666667], [17.12150366666667, 78.42792616666667], [17.12150366666667, 78.42792616666667], [17.12150366666667, 78.427926], [17.121504, 78.427926], [17.121504, 78.427926], [17.121503833333335, 78.427926], [17.121503166666667, 78.427926], [17.121502500000002, 78.427926], [17.121502666666668, 78.427926], [17.12150216666667, 78.42792583333333], [17.121502333333336, 78.42792583333333], [17.121502333333336, 78.42792566666667], [17.121502500000002, 78.42792566666667], [17.121502333333336, 78.42792566666667], [17.121503, 78.4279255], [17.121504, 78.4279255], [17.121504333333334, 78.4279255], [17.121505333333335, 78.42792533333333], [17.121506833333335, 78.42792533333333], [17.121508333333335, 78.42792516666667], [17.121509166666666, 78.42792516666667], [17.121509666666668, 78.42792516666667], [17.121511333333334, 78.4279255], [17.121512499999998, 78.42792566666667], [17.121513166666666, 78.42792566666667], [17.121513166666666, 78.42792566666667], [17.121513333333333, 78.42792583333333], [17.121513333333333, 78.42792583333333], [17.121513666666665, 78.42792583333333], [17.121512833333334, 78.42792583333333], [17.1215135, 78.42792583333333], [17.121514666666666, 78.42792583333333], [17.121515, 78.42792566666667], [17.121515499999997, 78.4279255], [17.121514666666666, 78.42792533333333], [17.121515166666665, 78.42792533333333], [17.121516, 78.42792516666667], [17.121516333333332, 78.42792516666667], [17.121516333333332, 78.42792483333332], [17.1215165, 78.4279245], [17.121517166666667, 78.42792433333334], [17.1215175, 78.427924], [17.121517666666666, 78.42792383333334], [17.121517833333332, 78.42792349999999], [17.121519, 78.42792349999999], [17.1215205, 78.42792316666667], [17.121520999999998, 78.42792299999999], [17.121521833333336, 78.42792283333333], [17.121522333333335, 78.42792266666667], [17.12152316666667, 78.42792250000001], [17.121524166666667, 78.42792250000001], [17.12152466666667, 78.42792250000001], [17.1215265, 78.42792233333333], [17.121527333333333, 78.42792216666666], [17.12152766666667, 78.42792200000001], [17.121528, 78.42792183333333], [17.121528333333334, 78.42792183333333], [17.121528666666666, 78.42792166666666], [17.121528166666668, 78.4279215], [17.121529333333335, 78.42792133333334], [17.121529666666667, 78.42792133333334], [17.121528666666666, 78.42792116666666], [17.121528666666666, 78.42792133333334], [17.121528666666666, 78.42792183333333], [17.121528833333333, 78.42792183333333], [17.121526666666668, 78.42792216666666], [17.121527, 78.42792200000001], [17.121526333333335, 78.42792216666666], [17.121526, 78.42792200000001], [17.121525333333334, 78.42792183333333], [17.121525833333333, 78.4279215], [17.121525666666667, 78.4279215], [17.121525666666667, 78.4279215], [17.1215255, 78.42792183333333], [17.121524833333336, 78.42792200000001], [17.121524833333336, 78.42792216666666], [17.121523833333335, 78.42792250000001], [17.121524, 78.42792250000001], [17.121524166666667, 78.42792233333333], [17.121525000000002, 78.42792216666666], [17.1215255, 78.42792200000001], [17.12152616666667, 78.42792166666666], [17.12152616666667, 78.4279215], [17.121526833333334, 78.42792133333334], [17.1215275, 78.42792116666666], [17.12152766666667, 78.427921], [17.121529333333335, 78.42792083333333], [17.121530333333332, 78.4279205], [17.12153, 78.4279205], [17.12152916666667, 78.42792016666667], [17.121529333333335, 78.42792], [17.121529666666667, 78.42792], [17.12153, 78.42791983333333], [17.12153, 78.42791983333333], [17.121529666666667, 78.4279195], [17.121530166666666, 78.4279195], [17.12153066666667, 78.42791933333334], [17.1215305, 78.42791933333334], [17.121530333333332, 78.42791933333334], [17.12153066666667, 78.42791916666667], [17.12153066666667, 78.42791916666667], [17.121529833333334, 78.42791916666667], [17.12152916666667, 78.42791916666667], [17.121529, 78.42791883333332], [17.12152766666667, 78.427919], [17.121526333333335, 78.42791916666667], [17.121524333333333, 78.42791883333332], [17.12152366666667, 78.427919], [17.121522333333335, 78.42791916666667], [17.12152216666667, 78.42791933333334], [17.121520333333333, 78.4279195], [17.121518666666667, 78.4279195], [17.1215165, 78.42791983333333], [17.121516333333332, 78.42792016666667], [17.121516166666666, 78.42792], [17.121515, 78.42791966666667], [17.121514666666666, 78.42791933333334], [17.121515833333333, 78.427919], [17.121516333333332, 78.42791883333332], [17.121515499999997, 78.4279185], [17.121513666666665, 78.427918], [17.12151233333333, 78.42791783333334], [17.121512, 78.42791766666666], [17.1215115, 78.42791749999999], [17.121510833333332, 78.427917], [17.1215095, 78.42791650000001], [17.121508333333335, 78.42791616666666], [17.121507833333332, 78.42791600000001], [17.121507166666667, 78.42791583333333], [17.121505666666668, 78.4279155], [17.121504, 78.42791516666666], [17.12150366666667, 78.42791483333333], [17.121503, 78.42791433333333], [17.121502666666668, 78.42791366666667], [17.121501333333335, 78.42791333333334], [17.1215005, 78.42791316666667], [17.121499833333335, 78.42791283333332], [17.12149883333333, 78.42791283333332], [17.121498666666664, 78.42791233333334], [17.12149833333333, 78.42791233333334], [17.121499833333335, 78.42791216666666], [17.121500333333334, 78.427912], [17.12149916666667, 78.42791216666666], [17.121499333333336, 78.42791216666666], [17.121498999999996, 78.42791233333334], [17.12149883333333, 78.42791233333334], [17.12149883333333, 78.42791233333334], [17.12149916666667, 78.42791266666667], [17.121498666666664, 78.427913], [17.121498999999996, 78.42791333333334], [17.121499833333335, 78.42791366666667], [17.12150116666667, 78.42791383333333], [17.121501666666667, 78.427914], [17.121502333333336, 78.42791433333333], [17.121502666666668, 78.42791466666667], [17.121503166666667, 78.42791483333333], [17.12150366666667, 78.427915], [17.121503166666667, 78.427915], [17.121503, 78.427915], [17.121502333333336, 78.42791483333333], [17.121502, 78.42791466666667], [17.12150066666667, 78.42791433333333], [17.121499333333336, 78.42791416666667], [17.12149833333333, 78.427914], [17.121497833333333, 78.42791366666667], [17.121496999999998, 78.42791383333333], [17.121496333333333, 78.427914], [17.121495499999998, 78.42791416666667], [17.121495499999998, 78.42791466666667], [17.121496999999998, 78.427915], [17.121495333333332, 78.42791566666666], [17.121494666666667, 78.42791600000001], [17.121495333333332, 78.42791600000001], [17.121495666666664, 78.42791600000001], [17.121495499999998, 78.42791583333333], [17.121495166666666, 78.42791566666666], [17.121495166666666, 78.4279155], [17.121495166666666, 78.42791533333335], [17.121493666666666, 78.42791516666666], [17.121493833333332, 78.427915], [17.121493666666666, 78.42791483333333], [17.121494, 78.427915], [17.121495, 78.4279155], [17.121495166666666, 78.42791566666666], [17.121495499999998, 78.42791616666666], [17.121494666666667, 78.42791666666668], [17.121495499999998, 78.42791683333333], [17.121495666666664, 78.427917], [17.12149583333333, 78.42791683333333], [17.121495666666664, 78.42791683333333], [17.1214965, 78.42791650000001], [17.121496666666665, 78.42791633333333], [17.121496333333333, 78.42791600000001], [17.12149733333333, 78.42791583333333], [17.121498499999998, 78.42791583333333], [17.121498166666665, 78.42791583333333], [17.12149833333333, 78.42791600000001], [17.121498999999996, 78.42791616666666], [17.1215, 78.42791633333333], [17.121498666666664, 78.42791666666668], [17.121497666666667, 78.427917], [17.121497833333333, 78.427917], [17.12149883333333, 78.42791683333333], [17.121498999999996, 78.42791666666668], [17.121501000000002, 78.42791616666666], [17.12150216666667, 78.42791583333333], [17.1215035, 78.42791566666666], [17.1215045, 78.42791566666666], [17.121505666666668, 78.42791566666666], [17.121506166666666, 78.42791600000001], [17.1215075, 78.42791633333333], [17.121508, 78.42791633333333], [17.12150816666667, 78.42791666666668], [17.121508666666667, 78.42791666666668], [17.121509833333334, 78.42791650000001], [17.121510666666666, 78.42791633333333], [17.121512166666665, 78.42791616666666], [17.121513, 78.42791600000001], [17.12151383333333, 78.42791583333333], [17.121516, 78.42791600000001], [17.121516999999997, 78.42791616666666], [17.121518166666664, 78.42791633333333], [17.12151983333333, 78.42791683333333], [17.121521166666664, 78.42791716666667], [17.121522333333335, 78.42791749999999], [17.12152466666667, 78.42791766666666], [17.121525166666668, 78.42791783333334], [17.121525666666667, 78.42791783333334], [17.1215265, 78.42791783333334], [17.121527833333335, 78.42791783333334], [17.1215285, 78.427918], [17.12153, 78.42791833333334], [17.121530833333335, 78.4279185], [17.121531, 78.42791883333332], [17.1215305, 78.42791916666667], [17.1215305, 78.4279195], [17.12153, 78.4279195], [17.121529666666667, 78.4279195], [17.121528833333333, 78.4279195], [17.121528, 78.42791933333334], [17.1215275, 78.42791933333334], [17.121526666666668, 78.42791933333334], [17.1215255, 78.42791916666667], [17.121525000000002, 78.42791916666667], [17.121524166666667, 78.42791916666667], [17.121523500000002, 78.427919], [17.1215225, 78.427919], [17.12152166666667, 78.42791883333332], [17.121520999999998, 78.42791833333334], [17.12151933333333, 78.42791816666666], [17.121518666666667, 78.42791783333334], [17.121518499999997, 78.42791733333334], [17.12151833333333, 78.42791716666667], [17.121518666666667, 78.42791683333333], [17.121518666666667, 78.42791633333333], [17.121518833333333, 78.42791600000001], [17.121518833333333, 78.4279155], [17.121519166666666, 78.42791516666666], [17.121519, 78.42791466666667], [17.121519, 78.42791433333333], [17.12151833333333, 78.42791416666667], [17.121517833333332, 78.427914], [17.121516999999997, 78.42791383333333], [17.121515833333333, 78.42791366666667], [17.12151533333333, 78.4279135], [17.121514666666666, 78.42791316666667], [17.121514166666667, 78.42791283333332], [17.12151383333333, 78.42791266666667], [17.1215135, 78.42791233333334], [17.121513333333333, 78.427912], [17.121513, 78.42791183333334], [17.121512666666668, 78.427912], [17.121511333333334, 78.427912], [17.121510666666666, 78.42791216666666], [17.121510166666667, 78.42791233333334], [17.1215095, 78.4279125], [17.121509166666666, 78.4279125], [17.121509666666668, 78.4279125], [17.1215105, 78.42791233333334], [17.121511833333333, 78.42791216666666], [17.121512666666668, 78.42791216666666], [17.121513666666665, 78.42791216666666], [17.121514166666667, 78.427912], [17.121515499999997, 78.427912], [17.121517166666667, 78.427912], [17.121518, 78.427912], [17.121518833333333, 78.42791216666666], [17.1215205, 78.42791216666666], [17.12152166666667, 78.42791233333334], [17.121522000000002, 78.42791233333334], [17.1215225, 78.4279125], [17.121523, 78.4279125], [17.121523833333335, 78.4279125], [17.12152466666667, 78.4279125], [17.121525333333334, 78.4279125], [17.121525333333334, 78.42791233333334], [17.121525833333333, 78.4279125], [17.121526333333335, 78.42791233333334], [17.121526333333335, 78.42791233333334], [17.1215265, 78.4279125], [17.121526, 78.4279125], [17.121525666666667, 78.42791266666667], [17.1215255, 78.42791266666667], [17.1215255, 78.42791283333332], [17.12152616666667, 78.42791283333332], [17.12152616666667, 78.42791283333332], [17.12152766666667, 78.42791266666667], [17.12152916666667, 78.42791233333334], [17.1215295, 78.42791233333334], [17.121530166666666, 78.427912], [17.12153066666667, 78.42791183333334], [17.121530833333335, 78.42791166666666], [17.12153, 78.42791183333334], [17.1215295, 78.42791183333334], [17.12152916666667, 78.42791183333334], [17.121528833333333, 78.42791183333334], [17.12152916666667, 78.427912], [17.1215305, 78.42791216666666], [17.121532, 78.427912], [17.121533833333334, 78.42791183333334], [17.121535833333333, 78.42791133333334], [17.121538166666667, 78.427911], [17.12154083333333, 78.42791050000001], [17.121541999999998, 78.42790983333333], [17.121543166666665, 78.42790933333335], [17.121544333333336, 78.42790883333333], [17.121543999999997, 78.42790866666665], [17.121544500000002, 78.4279085], [17.12154416666667, 78.4279085], [17.121544333333336, 78.4279085], [17.1215455, 78.4279085]]]}}]}