timestamp,utc,src,src_ent,src_ent_label,dst,dst_ent,value
1788775900.1254475,2026-09-07T10:11:40.125447Z,8259,21,Path Control,65535,255,-0.9785893159214739
1788775900.275447,2026-09-07T10:11:40.275446Z,8259,21,Path Control,65535,255,-0.9806554226614462
1788775900.4253235,2026-09-07T10:11:40.425323Z,8259,21,Path Control,65535,255,-0.9789478583699528
1788775900.5254922,2026-09-07T10:11:40.525492Z,8259,21,Path Control,65535,255,-0.9798791647924129
1788775900.6754699,2026-09-07T10:11:40.675469Z,8259,21,Path Control,65535,255,-0.9812183930215381
1788775900.7754693,2026-09-07T10:11:40.775469Z,8259,21,Path Control,65535,255,-0.9820210001444732
1788775900.9255564,2026-09-07T10:11:40.925556Z,8259,21,Path Control,65535,255,-0.9834853307271126
1788775901.075535,2026-09-07T10:11:41.075535Z,8259,21,Path Control,65535,255,-0.9852077090620264
1788775901.2252293,2026-09-07T10:11:41.225229Z,8259,21,Path Control,65535,255,-0.9871136671484622
1788775901.3254318,2026-09-07T10:11:41.325431Z,8259,21,Path Control,65535,255,-0.9910705673321121
1788775901.475439,2026-09-07T10:11:41.475439Z,8259,21,Path Control,65535,255,-0.9934580465821365
1788775901.625478,2026-09-07T10:11:41.625478Z,8259,21,Path Control,65535,255,-0.9960914161712014
1788775901.775454,2026-09-07T10:11:41.775454Z,8259,21,Path Control,65535,255,-0.9998054124688903
1788775901.8755171,2026-09-07T10:11:41.875517Z,8259,21,Path Control,65535,255,-1.0026987702683257
1788775902.0253475,2026-09-07T10:11:42.025347Z,8259,21,Path Control,65535,255,-1.0072345133916987
1788775902.1255488,2026-09-07T10:11:42.125548Z,8259,21,Path Control,65535,255,-1.0111856218570425
1788775902.2755182,2026-09-07T10:11:42.275518Z,8259,21,Path Control,65535,255,-1.017473178570352
1788775902.4252925,2026-09-07T10:11:42.425292Z,8259,21,Path Control,65535,255,-1.0245540913937445
1788775902.5254312,2026-09-07T10:11:42.525431Z,8259,21,Path Control,65535,255,-1.030485835094402
1788775902.6755302,2026-09-07T10:11:42.675530Z,8259,21,Path Control,65535,255,-1.0399473406086326
1788775902.8254173,2026-09-07T10:11:42.825417Z,8259,21,Path Control,65535,255,-1.0503111464842905
1788775902.9257088,2026-09-07T10:11:42.925708Z,8259,21,Path Control,65535,255,-1.0594586489239937
1788775903.0754538,2026-09-07T10:11:43.075453Z,8259,21,Path Control,65535,255,-1.0737124184665001
1788775903.2253277,2026-09-07T10:11:43.225327Z,8259,21,Path Control,65535,255,-1.0890803629599124
1788775903.3256197,2026-09-07T10:11:43.325619Z,8259,21,Path Control,65535,255,-1.0983040581728094
1788775903.4754422,2026-09-07T10:11:43.475442Z,8259,21,Path Control,65535,255,-1.117595059308897
1788775903.57547,2026-09-07T10:11:43.575469Z,8259,21,Path Control,65535,255,-1.1313904771966101
1788775903.6754963,2026-09-07T10:11:43.675496Z,8259,21,Path Control,65535,255,-1.1467143940252174
1788775903.8252966,2026-09-07T10:11:43.825296Z,8259,21,Path Control,65535,255,-1.1701458335644292
1788775903.9256055,2026-09-07T10:11:43.925605Z,8259,21,Path Control,65535,255,-1.187802165417013
1788775904.0754883,2026-09-07T10:11:44.075488Z,8259,21,Path Control,65535,255,-1.214129161734057
1788775904.2254627,2026-09-07T10:11:44.225462Z,8259,21,Path Control,65535,255,-1.2407162213855067
1788775904.3255556,2026-09-07T10:11:44.325555Z,8259,21,Path Control,65535,255,-1.2485862476073217
1788775904.4754941,2026-09-07T10:11:44.475494Z,8259,21,Path Control,65535,255,-1.2763971530640748
1788775904.6253824,2026-09-07T10:11:44.625382Z,8259,21,Path Control,65535,255,-1.3039390153070993
1788775904.775378,2026-09-07T10:11:44.775377Z,8259,21,Path Control,65535,255,-1.3314708808655997
1788775904.8754933,2026-09-07T10:11:44.875493Z,8259,21,Path Control,65535,255,-1.3499717313177009
1788775905.0254061,2026-09-07T10:11:45.025406Z,8259,21,Path Control,65535,255,-1.37716099974941
1788775905.125495,2026-09-07T10:11:45.125494Z,8259,21,Path Control,65535,255,-1.3956865442406996
1788775905.2755976,2026-09-07T10:11:45.275597Z,8259,21,Path Control,65535,255,-1.4226158283447692
1788775905.4253204,2026-09-07T10:11:45.425320Z,8259,21,Path Control,65535,255,-1.4500623070313088
1788775905.5254402,2026-09-07T10:11:45.525440Z,8259,21,Path Control,65535,255,-1.4675385067805482
1788775905.6754208,2026-09-07T10:11:45.675420Z,8259,21,Path Control,65535,255,-1.49289851544986
1788775905.8255155,2026-09-07T10:11:45.825515Z,8259,21,Path Control,65535,255,-1.5173649318255045
1788775905.925531,2026-09-07T10:11:45.925530Z,8259,21,Path Control,65535,255,-1.5331930524116943
1788775906.0754192,2026-09-07T10:11:46.075419Z,8259,21,Path Control,65535,255,-1.5558496402241486
1788775906.2253878,2026-09-07T10:11:46.225387Z,8259,21,Path Control,65535,255,-1.5773160430195576
1788775906.3255384,2026-09-07T10:11:46.325538Z,8259,21,Path Control,65535,255,-1.5879297882899568
1788775906.475424,2026-09-07T10:11:46.475424Z,8259,21,Path Control,65535,255,-1.6078050758188112
1788775906.6254137,2026-09-07T10:11:46.625413Z,8259,21,Path Control,65535,255,-1.6269714117134564
1788775906.72552,2026-09-07T10:11:46.725519Z,8259,21,Path Control,65535,255,-1.6394368087969389
1788775906.8754241,2026-09-07T10:11:46.875424Z,8259,21,Path Control,65535,255,-1.656874024097541
1788775907.025369,2026-09-07T10:11:47.025368Z,8259,21,Path Control,65535,255,-1.6730256091472486
1788775907.1752577,2026-09-07T10:11:47.175257Z,8259,21,Path Control,65535,255,-1.687936394937288
1788775907.2753801,2026-09-07T10:11:47.275380Z,8259,21,Path Control,65535,255,-1.6973356746571078
1788775907.4253476,2026-09-07T10:11:47.425347Z,8259,21,Path Control,65535,255,-1.7091342428602527
1788775907.525415,2026-09-07T10:11:47.525414Z,8259,21,Path Control,65535,255,-1.717607443123176
1788775907.6754649,2026-09-07T10:11:47.675464Z,8259,21,Path Control,65535,255,-1.7294974364655888
1788775907.825372,2026-09-07T10:11:47.825371Z,8259,21,Path Control,65535,255,-1.7404250433821264
1788775907.9256248,2026-09-07T10:11:47.925624Z,8259,21,Path Control,65535,255,-1.7470640117857463
1788775908.075431,2026-09-07T10:11:48.075431Z,8259,21,Path Control,65535,255,-1.7563446145492385
1788775908.225269,2026-09-07T10:11:48.225269Z,8259,21,Path Control,65535,255,-1.7647378236274105
1788775908.3255851,2026-09-07T10:11:48.325585Z,8259,21,Path Control,65535,255,-1.769741518826131
1788775908.4754212,2026-09-07T10:11:48.475421Z,8259,21,Path Control,65535,255,-1.7743365680148577
1788775908.5753908,2026-09-07T10:11:48.575390Z,8259,21,Path Control,65535,255,-1.778477476615706
1788775908.7254221,2026-09-07T10:11:48.725422Z,8259,21,Path Control,65535,255,-1.7841843470505325
1788775908.8254716,2026-09-07T10:11:48.825471Z,8259,21,Path Control,65535,255,-1.787529063859889
1788775908.9753463,2026-09-07T10:11:48.975346Z,8259,21,Path Control,65535,255,-1.7919302935502563
1788775909.0753994,2026-09-07T10:11:49.075399Z,8259,21,Path Control,65535,255,-1.7943285012977788
1788775909.225306,2026-09-07T10:11:49.225306Z,8259,21,Path Control,65535,255,-1.7971890415586333
1788775909.325634,2026-09-07T10:11:49.325634Z,8259,21,Path Control,65535,255,-1.790120401568628
1788775909.4754286,2026-09-07T10:11:49.475428Z,8259,21,Path Control,65535,255,-1.791524220024469
1788775909.5754292,2026-09-07T10:11:49.575429Z,8259,21,Path Control,65535,255,-1.7919603301790112
1788775909.6755633,2026-09-07T10:11:49.675563Z,8259,21,Path Control,65535,255,-1.7920189782958755
1788775909.8254125,2026-09-07T10:11:49.825412Z,8259,21,Path Control,65535,255,-1.7913333325500993
1788775909.9254334,2026-09-07T10:11:49.925433Z,8259,21,Path Control,65535,255,-1.7904445638720836
1788775910.0754602,2026-09-07T10:11:50.075460Z,8259,21,Path Control,65535,255,-1.7880764948765342
1788775910.225264,2026-09-07T10:11:50.225264Z,8259,21,Path Control,65535,255,-1.7845024460583288
1788775910.3254912,2026-09-07T10:11:50.325491Z,8259,21,Path Control,65535,255,-1.777239265810085
1788775910.475494,2026-09-07T10:11:50.475493Z,8259,21,Path Control,65535,255,-1.7715196044678034
1788775910.6252933,2026-09-07T10:11:50.625293Z,8259,21,Path Control,65535,255,-1.764712626629031
1788775910.725386,2026-09-07T10:11:50.725385Z,8259,21,Path Control,65535,255,-1.7598695915494813
1788775910.875585,2026-09-07T10:11:50.875585Z,8259,21,Path Control,65535,255,-1.7514498251423296
1788775911.0253534,2026-09-07T10:11:51.025353Z,8259,21,Path Control,65535,255,-1.7418270676725536
1788775911.1253633,2026-09-07T10:11:51.125363Z,8259,21,Path Control,65535,255,-1.7344437486080868
1788775911.2754564,2026-09-07T10:11:51.275456Z,8259,21,Path Control,65535,255,-1.7225085708769206
1788775911.4254727,2026-09-07T10:11:51.425472Z,8259,21,Path Control,65535,255,-1.7180693813249959
1788775911.5255606,2026-09-07T10:11:51.525560Z,8259,21,Path Control,65535,255,-1.7088463135119314
1788775911.6753995,2026-09-07T10:11:51.675399Z,8259,21,Path Control,65535,255,-1.6941273469754887
1788775911.825386,2026-09-07T10:11:51.825386Z,8259,21,Path Control,65535,255,-1.6783956992249482
1788775911.9254665,2026-09-07T10:11:51.925466Z,8259,21,Path Control,65535,255,-1.667017831166268
1788775912.0754418,2026-09-07T10:11:52.075441Z,8259,21,Path Control,65535,255,-1.6489234563942659
1788775912.225392,2026-09-07T10:11:52.225392Z,8259,21,Path Control,65535,255,-1.6296444625243744
1788775912.3254428,2026-09-07T10:11:52.325442Z,8259,21,Path Control,65535,255,-1.6258308190037685
1788775912.4754307,2026-09-07T10:11:52.475430Z,8259,21,Path Control,65535,255,-1.6052041322880974
1788775912.625377,2026-09-07T10:11:52.625376Z,8259,21,Path Control,65535,255,-1.5838530887310323
1788775912.7255867,2026-09-07T10:11:52.725586Z,8259,21,Path Control,65535,255,-1.5689784340297983
1788775912.875437,2026-09-07T10:11:52.875437Z,8259,21,Path Control,65535,255,-1.5461503593172532
1788775913.025369,2026-09-07T10:11:53.025368Z,8259,21,Path Control,65535,255,-1.5225323219441609
1788775913.1254845,2026-09-07T10:11:53.125484Z,8259,21,Path Control,65535,255,-1.505608462143758
1788775913.2753963,2026-09-07T10:11:53.275396Z,8259,21,Path Control,65535,255,-1.4797091921691652
1788775913.375397,2026-09-07T10:11:53.375396Z,8259,21,Path Control,65535,255,-1.4515743678591746
1788775913.5254683,2026-09-07T10:11:53.525468Z,8259,21,Path Control,65535,255,-1.4236213277737237
1788775913.6754212,2026-09-07T10:11:53.675421Z,8259,21,Path Control,65535,255,-1.3954260222912107
1788775913.7753823,2026-09-07T10:11:53.775382Z,8259,21,Path Control,65535,255,-1.3767263238710012
1788775913.9256148,2026-09-07T10:11:53.925614Z,8259,21,Path Control,65535,255,-1.3485946167481566
1788775914.0753124,2026-09-07T10:11:54.075312Z,8259,21,Path Control,65535,255,-1.321046634793049
1788775914.2252538,2026-09-07T10:11:54.225253Z,8259,21,Path Control,65535,255,-1.2940422214452
1788775914.325472,2026-09-07T10:11:54.325472Z,8259,21,Path Control,65535,255,-1.2411985226334146
1788775914.475404,2026-09-07T10:11:54.475404Z,8259,21,Path Control,65535,255,-1.213596125958706
1788775914.6254027,2026-09-07T10:11:54.625402Z,8259,21,Path Control,65535,255,-1.1863728610889581
1788775914.7255282,2026-09-07T10:11:54.725528Z,8259,21,Path Control,65535,255,-1.1681625664087583
1788775914.875415,2026-09-07T10:11:54.875415Z,8259,21,Path Control,65535,255,-1.1412401435011599
1788775915.0252867,2026-09-07T10:11:55.025286Z,8259,21,Path Control,65535,255,-1.1149044562276877
1788775915.1253633,2026-09-07T10:11:55.125363Z,8259,21,Path Control,65535,255,-1.0990907977733093
1788775915.2754142,2026-09-07T10:11:55.275414Z,8259,21,Path Control,65535,255,-1.0751296119013858
1788775915.4254086,2026-09-07T10:11:55.425408Z,8259,21,Path Control,65535,255,-1.0465923707564628
1788775915.5254402,2026-09-07T10:11:55.525440Z,8259,21,Path Control,65535,255,-1.031021525467316
1788775915.6754262,2026-09-07T10:11:55.675426Z,8259,21,Path Control,65535,255,-1.0087508942180308
1788775915.7755952,2026-09-07T10:11:55.775595Z,8259,21,Path Control,65535,255,-0.9945820668781126
1788775915.875544,2026-09-07T10:11:55.875544Z,8259,21,Path Control,65535,255,-0.9813283552765946
1788775916.0254076,2026-09-07T10:11:56.025407Z,8259,21,Path Control,65535,255,-0.9628523148885527
1788775916.1752937,2026-09-07T10:11:56.175293Z,8259,21,Path Control,65535,255,-0.9469090505057419
1788775916.2753708,2026-09-07T10:11:56.275370Z,8259,21,Path Control,65535,255,-0.9373344431652487
1788775916.425401,2026-09-07T10:11:56.425400Z,8259,21,Path Control,65535,255,-0.9048762718681091
1788775916.5256195,2026-09-07T10:11:56.525619Z,8259,21,Path Control,65535,255,-0.8966514983888095
1788775916.675361,2026-09-07T10:11:56.675360Z,8259,21,Path Control,65535,255,-0.8857529755223409
1788775916.7753887,2026-09-07T10:11:56.775388Z,8259,21,Path Control,65535,255,-0.8793233973917853
1788775916.9254925,2026-09-07T10:11:56.925492Z,8259,21,Path Control,65535,255,-0.870522159953309
1788775917.0753574,2026-09-07T10:11:57.075357Z,8259,21,Path Control,65535,255,-0.8622470153209243
1788775917.2252922,2026-09-07T10:11:57.225292Z,8259,21,Path Control,65535,255,-0.8545899239370811
1788775917.3254807,2026-09-07T10:11:57.325480Z,8259,21,Path Control,65535,255,-0.8240789300827176
1788775917.4754512,2026-09-07T10:11:57.475451Z,8259,21,Path Control,65535,255,-0.8188220714171757
1788775917.6254072,2026-09-07T10:11:57.625407Z,8259,21,Path Control,65535,255,-0.8145107140280754
1788775917.725489,2026-09-07T10:11:57.725488Z,8259,21,Path Control,65535,255,-0.8119809403753114
1788775917.8754165,2026-09-07T10:11:57.875416Z,8259,21,Path Control,65535,255,-0.8094150242917535
1788775918.025311,2026-09-07T10:11:58.025310Z,8259,21,Path Control,65535,255,-0.8081530742278996
1788775918.1254094,2026-09-07T10:11:58.125409Z,8259,21,Path Control,65535,255,-0.8078856634091808
1788775918.2754269,2026-09-07T10:11:58.275426Z,8259,21,Path Control,65535,255,-0.8077463887983793
1788775918.4254055,2026-09-07T10:11:58.425405Z,8259,21,Path Control,65535,255,-0.7972398887433747
1788775918.5254505,2026-09-07T10:11:58.525450Z,8259,21,Path Control,65535,255,-0.7977035024044876
1788775918.6754258,2026-09-07T10:11:58.675425Z,8259,21,Path Control,65535,255,-0.7993390463213781
1788775918.8253405,2026-09-07T10:11:58.825340Z,8259,21,Path Control,65535,255,-0.8019103277749675
1788775918.9255006,2026-09-07T10:11:58.925500Z,8259,21,Path Control,65535,255,-0.8046395603530586
1788775919.0754826,2026-09-07T10:11:59.075482Z,8259,21,Path Control,65535,255,-0.8090273239198742
1788775919.2252584,2026-09-07T10:11:59.225258Z,8259,21,Path Control,65535,255,-0.8137960048922619
1788775919.3255937,2026-09-07T10:11:59.325593Z,8259,21,Path Control,65535,255,-0.8116123827118071
1788775919.4754,2026-09-07T10:11:59.475399Z,8259,21,Path Control,65535,255,-0.8159885260741077
1788775919.5754542,2026-09-07T10:11:59.575454Z,8259,21,Path Control,65535,255,-0.8191295476706941
1788775919.6754594,2026-09-07T10:11:59.675459Z,8259,21,Path Control,65535,255,-0.823089008970081
1788775919.825319,2026-09-07T10:11:59.825319Z,8259,21,Path Control,65535,255,-0.8297079228709091
1788775919.9255078,2026-09-07T10:11:59.925507Z,8259,21,Path Control,65535,255,-0.8348421895777598
1788775920.0755372,2026-09-07T10:12:00.075537Z,8259,21,Path Control,65535,255,-0.8426197738039148
1788775920.2252584,2026-09-07T10:12:00.225258Z,8259,21,Path Control,65535,255,-0.8505212570426911
1788775920.3254204,2026-09-07T10:12:00.325420Z,8259,21,Path Control,65535,255,-0.8636729525986961
1788775920.4754763,2026-09-07T10:12:00.475476Z,8259,21,Path Control,65535,255,-0.8708566312953538
1788775920.6252973,2026-09-07T10:12:00.625297Z,8259,21,Path Control,65535,255,-0.8775593135125914
1788775920.7254148,2026-09-07T10:12:00.725414Z,8259,21,Path Control,65535,255,-0.8817079988533384
1788775920.8754325,2026-09-07T10:12:00.875432Z,8259,21,Path Control,65535,255,-0.8878322523579388
1788775921.0253136,2026-09-07T10:12:01.025313Z,8259,21,Path Control,65535,255,-0.8938077933533717
1788775921.1253748,2026-09-07T10:12:01.125374Z,8259,21,Path Control,65535,255,-0.8984620885079628
1788775921.2754445,2026-09-07T10:12:01.275444Z,8259,21,Path Control,65535,255,-0.9055419007887818
1788775921.4253044,2026-09-07T10:12:01.425304Z,8259,21,Path Control,65535,255,-0.9385146189225139
1788775921.525459,2026-09-07T10:12:01.525459Z,8259,21,Path Control,65535,255,-0.943620886256956
1788775921.6754656,2026-09-07T10:12:01.675465Z,8259,21,Path Control,65535,255,-0.9507218962362155
1788775921.825348,2026-09-07T10:12:01.825347Z,8259,21,Path Control,65535,255,-0.9572687867664618
1788775921.9255888,2026-09-07T10:12:01.925588Z,8259,21,Path Control,65535,255,-0.9609752970015014
1788775922.0754566,2026-09-07T10:12:02.075456Z,8259,21,Path Control,65535,255,-0.9662984457775579
1788775922.2254121,2026-09-07T10:12:02.225412Z,8259,21,Path Control,65535,255,-0.9712838726656859
1788775922.3254523,2026-09-07T10:12:02.325452Z,8259,21,Path Control,65535,255,-0.9950837862934234
1788775922.475422,2026-09-07T10:12:02.475421Z,8259,21,Path Control,65535,255,-1.0003352287091944
1788775922.6254241,2026-09-07T10:12:02.625424Z,8259,21,Path Control,65535,255,-1.0052004165642452
1788775922.7254345,2026-09-07T10:12:02.725434Z,8259,21,Path Control,65535,255,-1.007981545878189
1788775922.875419,2026-09-07T10:12:02.875418Z,8259,21,Path Control,65535,255,-1.0116981941278622
1788775923.0253332,2026-09-07T10:12:03.025333Z,8259,21,Path Control,65535,255,-1.0147900925101263
1788775923.1253629,2026-09-07T10:12:03.125362Z,8259,21,Path Control,65535,255,-1.0168049328343303
1788775923.2754827,2026-09-07T10:12:03.275482Z,8259,21,Path Control,65535,255,-1.0194212340196533
1788775923.425424,2026-09-07T10:12:03.425424Z,8259,21,Path Control,65535,255,-1.0396967231084475
1788775923.5753837,2026-09-07T10:12:03.575383Z,8259,21,Path Control,65535,255,-1.04193084915392
1788775923.6754947,2026-09-07T10:12:03.675494Z,8259,21,Path Control,65535,255,-1.042925468516319
1788775923.8252864,2026-09-07T10:12:03.825286Z,8259,21,Path Control,65535,255,-1.0440040197327163
1788775923.9256296,2026-09-07T10:12:03.925629Z,8259,21,Path Control,65535,255,-1.0444969500405945
1788775924.0754914,2026-09-07T10:12:04.075491Z,8259,21,Path Control,65535,255,-1.0448970123301984
1788775924.2252293,2026-09-07T10:12:04.225229Z,8259,21,Path Control,65535,255,-1.0448429784184106
1788775924.325673,2026-09-07T10:12:04.325673Z,8259,21,Path Control,65535,255,-1.0668559303088727
1788775924.4755335,2026-09-07T10:12:04.475533Z,8259,21,Path Control,65535,255,-1.066000529520124
1788775924.6253016,2026-09-07T10:12:04.625301Z,8259,21,Path Control,65535,255,-1.0651233807820888
1788775924.725442,2026-09-07T10:12:04.725441Z,8259,21,Path Control,65535,255,-1.0648617674718892
1788775924.8754582,2026-09-07T10:12:04.875458Z,8259,21,Path Control,65535,255,-1.0641964936445119
1788775925.0253723,2026-09-07T10:12:05.025372Z,8259,21,Path Control,65535,255,-1.0632688873138385
1788775925.1752846,2026-09-07T10:12:05.175284Z,8259,21,Path Control,65535,255,-1.0603739039620605
1788775925.2754185,2026-09-07T10:12:05.275418Z,8259,21,Path Control,65535,255,-1.0581653073068678
1788775925.3754811,2026-09-07T10:12:05.375481Z,8259,21,Path Control,65535,255,-1.0642028687031573
1788775925.5255587,2026-09-07T10:12:05.525558Z,8259,21,Path Control,65535,255,-1.060768246043238
1788775925.675446,2026-09-07T10:12:05.675446Z,8259,21,Path Control,65535,255,-1.056921601793235
1788775925.8252938,2026-09-07T10:12:05.825293Z,8259,21,Path Control,65535,255,-1.052630803323023
1788775925.925442,2026-09-07T10:12:05.925441Z,8259,21,Path Control,65535,255,-1.0502243611525288
1788775926.0753803,2026-09-07T10:12:06.075380Z,8259,21,Path Control,65535,255,-1.046382667732872
1788775926.225256,2026-09-07T10:12:06.225255Z,8259,21,Path Control,65535,255,-1.0423822503572013
1788775926.325601,2026-09-07T10:12:06.325601Z,8259,21,Path Control,65535,255,-1.0394746516895
1788775926.4755373,2026-09-07T10:12:06.475537Z,8259,21,Path Control,65535,255,-1.0424602964220033
1788775926.625271,2026-09-07T10:12:06.625271Z,8259,21,Path Control,65535,255,-1.03687264101792
1788775926.7255218,2026-09-07T10:12:06.725521Z,8259,21,Path Control,65535,255,-1.0328937832343088
1788775926.8754902,2026-09-07T10:12:06.875490Z,8259,21,Path Control,65535,255,-1.0268011526561935
1788775927.0253797,2026-09-07T10:12:07.025379Z,8259,21,Path Control,65535,255,-1.020598105781651
1788775927.1752806,2026-09-07T10:12:07.175280Z,8259,21,Path Control,65535,255,-1.0150307679318233
1788775927.3254137,2026-09-07T10:12:07.325413Z,8259,21,Path Control,65535,255,-1.0093978060476272
1788775927.425465,2026-09-07T10:12:07.425465Z,8259,21,Path Control,65535,255,-1.0183395376576818
1788775927.5754576,2026-09-07T10:12:07.575457Z,8259,21,Path Control,65535,255,-1.0129028199561987
1788775927.67552,2026-09-07T10:12:07.675519Z,8259,21,Path Control,65535,255,-1.0096609237033414
1788775927.8254368,2026-09-07T10:12:07.825436Z,8259,21,Path Control,65535,255,-1.0050835746786748
1788775927.9753788,2026-09-07T10:12:07.975378Z,8259,21,Path Control,65535,255,-0.9998578789680632
1788775928.0754437,2026-09-07T10:12:08.075443Z,8259,21,Path Control,65535,255,-0.9960858586935594
1788775928.225295,2026-09-07T10:12:08.225295Z,8259,21,Path Control,65535,255,-0.9903241049732738
1788775928.325568,2026-09-07T10:12:08.325567Z,8259,21,Path Control,65535,255,-0.9863947886667054
1788775928.4754117,2026-09-07T10:12:08.475411Z,8259,21,Path Control,65535,255,-0.9819031555009572
1788775928.6253936,2026-09-07T10:12:08.625393Z,8259,21,Path Control,65535,255,-0.9770062403819004
1788775928.725632,2026-09-07T10:12:08.725631Z,8259,21,Path Control,65535,255,-0.9749605051080431
1788775928.8754153,2026-09-07T10:12:08.875415Z,8259,21,Path Control,65535,255,-0.9718599746634706
1788775929.0253382,2026-09-07T10:12:09.025338Z,8259,21,Path Control,65535,255,-0.9689363594111047
1788775929.1253436,2026-09-07T10:12:09.125343Z,8259,21,Path Control,65535,255,-0.9664388504939189
1788775929.2753873,2026-09-07T10:12:09.275387Z,8259,21,Path Control,65535,255,-0.9628205099609604
1788775929.375433,2026-09-07T10:12:09.375432Z,8259,21,Path Control,65535,255,-0.9571927256024053
1788775929.475444,2026-09-07T10:12:09.475444Z,8259,21,Path Control,65535,255,-0.9549754996864824
1788775929.5754516,2026-09-07T10:12:09.575451Z,8259,21,Path Control,65535,255,-0.9529358741475892
1788775929.7255034,2026-09-07T10:12:09.725503Z,8259,21,Path Control,65535,255,-0.9501287447912724
1788775929.875354,2026-09-07T10:12:09.875354Z,8259,21,Path Control,65535,255,-0.947972052268682
1788775930.025296,2026-09-07T10:12:10.025295Z,8259,21,Path Control,65535,255,-0.9464421790372017
1788775930.1253722,2026-09-07T10:12:10.125372Z,8259,21,Path Control,65535,255,-0.9459901794705567
1788775930.2755373,2026-09-07T10:12:10.275537Z,8259,21,Path Control,65535,255,-0.9448471064797257
1788775930.4253013,2026-09-07T10:12:10.425301Z,8259,21,Path Control,65535,255,-0.9506636825363509
1788775930.5254183,2026-09-07T10:12:10.525418Z,8259,21,Path Control,65535,255,-0.9496697480026246
1788775930.6754582,2026-09-07T10:12:10.675458Z,8259,21,Path Control,65535,255,-0.9481906798459985
1788775930.775515,2026-09-07T10:12:10.775515Z,8259,21,Path Control,65535,255,-0.9471980665767038
1788775930.87556,2026-09-07T10:12:10.875560Z,8259,21,Path Control,65535,255,-0.946508889339125
1788775931.0252988,2026-09-07T10:12:11.025298Z,8259,21,Path Control,65535,255,-0.9443904471018131
1788775931.1254041,2026-09-07T10:12:11.125404Z,8259,21,Path Control,65535,255,-0.9430117920031824
1788775931.2753336,2026-09-07T10:12:11.275333Z,8259,21,Path Control,65535,255,-0.9410672091201238
1788775931.375487,2026-09-07T10:12:11.375487Z,8259,21,Path Control,65535,255,-0.956288855882394
1788775931.5255542,2026-09-07T10:12:11.525554Z,8259,21,Path Control,65535,255,-0.9563697513843992
1788775931.6753802,2026-09-07T10:12:11.675380Z,8259,21,Path Control,65535,255,-0.9565486663220127
1788775931.7753894,2026-09-07T10:12:11.775389Z,8259,21,Path Control,65535,255,-0.9567046669102877
1788775931.8755293,2026-09-07T10:12:11.875529Z,8259,21,Path Control,65535,255,-0.9567973608746262
1788775932.025369,2026-09-07T10:12:12.025368Z,8259,21,Path Control,65535,255,-0.9570103034018286
1788775932.1254554,2026-09-07T10:12:12.125455Z,8259,21,Path Control,65535,255,-0.9571167296973515
1788775932.27539,2026-09-07T10:12:12.275389Z,8259,21,Path Control,65535,255,-0.9573729696761762
1788775932.375411,2026-09-07T10:12:12.375411Z,8259,21,Path Control,65535,255,-0.9532158109775802
1788775932.5254233,2026-09-07T10:12:12.525423Z,8259,21,Path Control,65535,255,-0.953604693757501
1788775932.675464,2026-09-07T10:12:12.675463Z,8259,21,Path Control,65535,255,-0.9536075952146152
1788775932.8252726,2026-09-07T10:12:12.825272Z,8259,21,Path Control,65535,255,-0.9532156830915163
1788775932.925666,2026-09-07T10:12:12.925666Z,8259,21,Path Control,65535,255,-0.9536903320027215
1788775933.0754476,2026-09-07T10:12:13.075447Z,8259,21,Path Control,65535,255,-0.954296992969808
1788775933.2252936,2026-09-07T10:12:13.225293Z,8259,21,Path Control,65535,255,-0.9550365913299338
1788775933.3255966,2026-09-07T10:12:13.325596Z,8259,21,Path Control,65535,255,-0.9548139692454215
1788775933.4753826,2026-09-07T10:12:13.475382Z,8259,21,Path Control,65535,255,-0.9723266166751953
1788775933.62531,2026-09-07T10:12:13.625309Z,8259,21,Path Control,65535,255,-0.9718846312882519
1788775933.725453,2026-09-07T10:12:13.725452Z,8259,21,Path Control,65535,255,-0.9716766860268438
1788775933.8754826,2026-09-07T10:12:13.875482Z,8259,21,Path Control,65535,255,-0.9716877214026096
1788775934.0253973,2026-09-07T10:12:14.025397Z,8259,21,Path Control,65535,255,-0.9720783969171242
1788775934.125416,2026-09-07T10:12:14.125416Z,8259,21,Path Control,65535,255,-0.9718671934293308
1788775934.27538,2026-09-07T10:12:14.275379Z,8259,21,Path Control,65535,255,-0.9715458098048305
1788775934.375393,2026-09-07T10:12:14.375392Z,8259,21,Path Control,65535,255,-0.984586162599453
1788775934.4754803,2026-09-07T10:12:14.475480Z,8259,21,Path Control,65535,255,-0.9844789714853104
1788775934.625376,2026-09-07T10:12:14.625375Z,8259,21,Path Control,65535,255,-0.9844683486800189
1788775934.7255557,2026-09-07T10:12:14.725555Z,8259,21,Path Control,65535,255,-0.9851438361397961
1788775934.875416,2026-09-07T10:12:14.875416Z,8259,21,Path Control,65535,255,-0.9862089268018783
1788775935.0254683,2026-09-07T10:12:15.025468Z,8259,21,Path Control,65535,255,-0.9874734743380885
1788775935.1752806,2026-09-07T10:12:15.175280Z,8259,21,Path Control,65535,255,-0.9885549013105636
1788775935.275352,2026-09-07T10:12:15.275352Z,8259,21,Path Control,65535,255,-0.9891095820138998
1788775935.3753839,2026-09-07T10:12:15.375383Z,8259,21,Path Control,65535,255,-0.996593667485738
1788775935.4754148,2026-09-07T10:12:15.475414Z,8259,21,Path Control,65535,255,-0.9969159736205869
1788775935.5754197,2026-09-07T10:12:15.575419Z,8259,21,Path Control,65535,255,-0.9971602141311816
1788775935.7254148,2026-09-07T10:12:15.725414Z,8259,21,Path Control,65535,255,-0.9970536281703465
1788775935.875383,2026-09-07T10:12:15.875382Z,8259,21,Path Control,65535,255,-0.9966387008396808
1788775936.0252864,2026-09-07T10:12:16.025286Z,8259,21,Path Control,65535,255,-0.9960325365773351
1788775936.1255116,2026-09-07T10:12:16.125511Z,8259,21,Path Control,65535,255,-0.9964120410634882
1788775936.2754242,2026-09-07T10:12:16.275424Z,8259,21,Path Control,65535,255,-0.9964949313897358
1788775936.4253638,2026-09-07T10:12:16.425363Z,8259,21,Path Control,65535,255,-1.0146889411691637
1788775936.5255356,2026-09-07T10:12:16.525535Z,8259,21,Path Control,65535,255,-1.0138558264549644
1788775936.6754546,2026-09-07T10:12:16.675454Z,8259,21,Path Control,65535,255,-1.0121091317894986
1788775936.8253114,2026-09-07T10:12:16.825311Z,8259,21,Path Control,65535,255,-1.009767282188389
1788775936.925574,2026-09-07T10:12:16.925574Z,8259,21,Path Control,65535,255,-1.0090249294926998
1788775937.0754757,2026-09-07T10:12:17.075475Z,8259,21,Path Control,65535,255,-1.0074162259675403
1788775937.2253237,2026-09-07T10:12:17.225323Z,8259,21,Path Control,65535,255,-1.0054987407458311
1788775937.3255868,2026-09-07T10:12:17.325586Z,8259,21,Path Control,65535,255,-1.0203802224232896
1788775937.4753492,2026-09-07T10:12:17.475349Z,8259,21,Path Control,65535,255,-1.0176663391632086
1788775937.5754697,2026-09-07T10:12:17.575469Z,8259,21,Path Control,65535,255,-1.0158048049778896
1788775937.7253983,2026-09-07T10:12:17.725398Z,8259,21,Path Control,65535,255,-1.0134869109296782
1788775937.8754954,2026-09-07T10:12:17.875495Z,8259,21,Path Control,65535,255,-1.0110729561558476
1788775938.0253325,2026-09-07T10:12:18.025332Z,8259,21,Path Control,65535,255,-1.0085322644223185
1788775938.1752765,2026-09-07T10:12:18.175276Z,8259,21,Path Control,65535,255,-1.0055967770086072
1788775938.275434,2026-09-07T10:12:18.275434Z,8259,21,Path Control,65535,255,-1.004157197097936
1788775938.3754191,2026-09-07T10:12:18.375419Z,8259,21,Path Control,65535,255,-1.0108650908390429
1788775938.4754229,2026-09-07T10:12:18.475422Z,8259,21,Path Control,65535,255,-1.0096760380111938
1788775938.6253433,2026-09-07T10:12:18.625343Z,8259,21,Path Control,65535,255,-1.0079790870222722
1788775938.7254562,2026-09-07T10:12:18.725456Z,8259,21,Path Control,65535,255,-1.006481280039517
1788775938.8754265,2026-09-07T10:12:18.875426Z,8259,21,Path Control,65535,255,-1.0035918058210174
1788775939.0253122,2026-09-07T10:12:19.025312Z,8259,21,Path Control,65535,255,-0.9998002775612271
1788775939.1254652,2026-09-07T10:12:19.125465Z,8259,21,Path Control,65535,255,-0.9973380752730879
1788775939.2754784,2026-09-07T10:12:19.275478Z,8259,21,Path Control,65535,255,-0.9935428436744536
1788775939.425293,2026-09-07T10:12:19.425292Z,8259,21,Path Control,65535,255,-0.9963366686270528
1788775939.5256126,2026-09-07T10:12:19.525612Z,8259,21,Path Control,65535,255,-0.9942001922027544
1788775939.675451,2026-09-07T10:12:19.675451Z,8259,21,Path Control,65535,255,-0.9913803113784372
1788775939.8253553,2026-09-07T10:12:19.825355Z,8259,21,Path Control,65535,255,-0.9889931545650913
1788775939.927907,2026-09-07T10:12:19.927906Z,8259,21,Path Control,65535,255,-0.9875151371894431
1788775940.0753672,2026-09-07T10:12:20.075367Z,8259,21,Path Control,65535,255,-0.9845767685870223
1788775940.2252676,2026-09-07T10:12:20.225267Z,8259,21,Path Control,65535,255,-0.98100077482761
1788775940.3255951,2026-09-07T10:12:20.325595Z,8259,21,Path Control,65535,255,-0.9815536402605124
1788775940.47538,2026-09-07T10:12:20.475379Z,8259,21,Path Control,65535,255,-0.9786655543310318
1788775940.5753984,2026-09-07T10:12:20.575398Z,8259,21,Path Control,65535,255,-0.9768874297819804
1788775940.6754944,2026-09-07T10:12:20.675494Z,8259,21,Path Control,65535,255,-0.974684331783085
1788775940.825294,2026-09-07T10:12:20.825294Z,8259,21,Path Control,65535,255,-0.9712066810691241
1788775940.9256134,2026-09-07T10:12:20.925613Z,8259,21,Path Control,65535,255,-0.9683192040410541
1788775941.0754406,2026-09-07T10:12:21.075440Z,8259,21,Path Control,65535,255,-0.9642182283452649
1788775941.2252343,2026-09-07T10:12:21.225234Z,8259,21,Path Control,65535,255,-0.9602606908196428
1788775941.3257189,2026-09-07T10:12:21.325718Z,8259,21,Path Control,65535,255,-0.9668661706133067
1788775941.475403,2026-09-07T10:12:21.475403Z,8259,21,Path Control,65535,255,-0.9650270963808693
1788775941.625481,2026-09-07T10:12:21.625480Z,8259,21,Path Control,65535,255,-0.9636042546057669
1788775941.7255373,2026-09-07T10:12:21.725537Z,8259,21,Path Control,65535,255,-0.9620432485352891
1788775941.8755496,2026-09-07T10:12:21.875549Z,8259,21,Path Control,65535,255,-0.9593223782836422
1788775942.0252936,2026-09-07T10:12:22.025293Z,8259,21,Path Control,65535,255,-0.9560900490499356
1788775942.1253965,2026-09-07T10:12:22.125396Z,8259,21,Path Control,65535,255,-0.9541806999916497
1788775942.27552,2026-09-07T10:12:22.275520Z,8259,21,Path Control,65535,255,-0.9517818792449296
1788775942.4254503,2026-09-07T10:12:22.425450Z,8259,21,Path Control,65535,255,-0.9541807738347023
1788775942.5755072,2026-09-07T10:12:22.575507Z,8259,21,Path Control,65535,255,-0.9528391603596124
1788775942.72542,2026-09-07T10:12:22.725419Z,8259,21,Path Control,65535,255,-0.9512816398955654
1788775942.8753889,2026-09-07T10:12:22.875388Z,8259,21,Path Control,65535,255,-0.9497355173166324
1788775943.0252974,2026-09-07T10:12:23.025297Z,8259,21,Path Control,65535,255,-0.9482892676901276
1788775943.125411,2026-09-07T10:12:23.125411Z,8259,21,Path Control,65535,255,-0.9475840010088885
1788775943.2754052,2026-09-07T10:12:23.275405Z,8259,21,Path Control,65535,255,-0.946432841755632
1788775943.3754587,2026-09-07T10:12:23.375458Z,8259,21,Path Control,65535,255,-0.9517737357064293
1788775943.5252795,2026-09-07T10:12:23.525279Z,8259,21,Path Control,65535,255,-0.9502716083748399
1788775943.6253493,2026-09-07T10:12:23.625349Z,8259,21,Path Control,65535,255,-0.9492379265151368
1788775943.725467,2026-09-07T10:12:23.725466Z,8259,21,Path Control,65535,255,-0.9485865518319835
1788775943.8754916,2026-09-07T10:12:23.875491Z,8259,21,Path Control,65535,255,-0.9472628939567342
1788775944.0253768,2026-09-07T10:12:24.025376Z,8259,21,Path Control,65535,255,-0.9457201625932696
1788775944.1255162,2026-09-07T10:12:24.125516Z,8259,21,Path Control,65535,255,-0.9450325406255163
1788775944.27541,2026-09-07T10:12:24.275409Z,8259,21,Path Control,65535,255,-0.9437222262755226
1788775944.425315,2026-09-07T10:12:24.425314Z,8259,21,Path Control,65535,255,-0.9592322719208637
1788775944.5254636,2026-09-07T10:12:24.525463Z,8259,21,Path Control,65535,255,-0.9584550181351241
1788775944.6754797,2026-09-07T10:12:24.675479Z,8259,21,Path Control,65535,255,-0.9572567621917709
1788775944.8253596,2026-09-07T10:12:24.825359Z,8259,21,Path Control,65535,255,-0.9560437726286838
1788775944.9254665,2026-09-07T10:12:24.925466Z,8259,21,Path Control,65535,255,-0.9548580421937891
1788775945.075388,2026-09-07T10:12:25.075387Z,8259,21,Path Control,65535,255,-0.9538022032923563
1788775945.2253923,2026-09-07T10:12:25.225392Z,8259,21,Path Control,65535,255,-0.9533360399228675
1788775945.3255467,2026-09-07T10:12:25.325546Z,8259,21,Path Control,65535,255,-0.9588235334470653
1788775945.4754455,2026-09-07T10:12:25.475445Z,8259,21,Path Control,65535,255,-0.9582900795549378
1788775945.6253939,2026-09-07T10:12:25.625393Z,8259,21,Path Control,65535,255,-0.9573158763608142
1788775945.7255175,2026-09-07T10:12:25.725517Z,8259,21,Path Control,65535,255,-0.9564640351341592
1788775945.8753872,2026-09-07T10:12:25.875387Z,8259,21,Path Control,65535,255,-0.9554589764859022
1788775945.975414,2026-09-07T10:12:25.975414Z,8259,21,Path Control,65535,255,-0.9549390235000428
1788775946.0754576,2026-09-07T10:12:26.075457Z,8259,21,Path Control,65535,255,-0.9544576514198791
1788775946.2253451,2026-09-07T10:12:26.225345Z,8259,21,Path Control,65535,255,-0.9537905718546742
1788775946.3255756,2026-09-07T10:12:26.325575Z,8259,21,Path Control,65535,255,-0.9624852297788808
1788775946.4754202,2026-09-07T10:12:26.475420Z,8259,21,Path Control,65535,255,-0.9624533969875791
1788775946.6253486,2026-09-07T10:12:26.625348Z,8259,21,Path Control,65535,255,-0.9627406039704253
1788775946.7254462,2026-09-07T10:12:26.725446Z,8259,21,Path Control,65535,255,-0.9628872612308448
1788775946.8754275,2026-09-07T10:12:26.875427Z,8259,21,Path Control,65535,255,-0.9625673541020625
1788775947.025296,2026-09-07T10:12:27.025295Z,8259,21,Path Control,65535,255,-0.9616684094050596
1788775947.1253629,2026-09-07T10:12:27.125362Z,8259,21,Path Control,65535,255,-0.9614505797671831
1788775947.2755048,2026-09-07T10:12:27.275504Z,8259,21,Path Control,65535,255,-0.9614738056764881
1788775947.4253569,2026-09-07T10:12:27.425356Z,8259,21,Path Control,65535,255,-0.9723099720601529
1788775947.5254624,2026-09-07T10:12:27.525462Z,8259,21,Path Control,65535,255,-0.97211211968986
1788775947.6754894,2026-09-07T10:12:27.675489Z,8259,21,Path Control,65535,255,-0.9717437616416252
1788775947.825451,2026-09-07T10:12:27.825450Z,8259,21,Path Control,65535,255,-0.9711712412186648
1788775947.92539,2026-09-07T10:12:27.925390Z,8259,21,Path Control,65535,255,-0.9710852168021871
1788775948.0753956,2026-09-07T10:12:28.075395Z,8259,21,Path Control,65535,255,-0.9712380657046468
1788775948.2253788,2026-09-07T10:12:28.225378Z,8259,21,Path Control,65535,255,-0.9717742440143488
1788775948.3254256,2026-09-07T10:12:28.325425Z,8259,21,Path Control,65535,255,-0.9839023985572231
1788775948.4256694,2026-09-07T10:12:28.425669Z,8259,21,Path Control,65535,255,-0.9835579304541106
1788775948.5753899,2026-09-07T10:12:28.575389Z,8259,21,Path Control,65535,255,-0.9829744907676917
1788775948.7254972,2026-09-07T10:12:28.725497Z,8259,21,Path Control,65535,255,-0.9821654002112099
1788775948.8256748,2026-09-07T10:12:28.825674Z,8259,21,Path Control,65535,255,-0.9815549059651587
1788775948.9753926,2026-09-07T10:12:28.975392Z,8259,21,Path Control,65535,255,-0.981212036152997
1788775949.0754232,2026-09-07T10:12:29.075423Z,8259,21,Path Control,65535,255,-0.9807831012099634
1788775949.1754475,2026-09-07T10:12:29.175447Z,8259,21,Path Control,65535,255,-0.980293126833964
1788775949.3256295,2026-09-07T10:12:29.325629Z,8259,21,Path Control,65535,255,-0.9953514254160292
1788775949.4754698,2026-09-07T10:12:29.475469Z,8259,21,Path Control,65535,255,-0.9945664121056238
1788775949.6253572,2026-09-07T10:12:29.625357Z,8259,21,Path Control,65535,255,-0.993882290885739
1788775949.7254276,2026-09-07T10:12:29.725427Z,8259,21,Path Control,65535,255,-0.9933033534766004
1788775949.875455,2026-09-07T10:12:29.875454Z,8259,21,Path Control,65535,255,-0.9926150284201557
1788775950.025354,2026-09-07T10:12:30.025353Z,8259,21,Path Control,65535,255,-0.9919636799866605
1788775950.125498,2026-09-07T10:12:30.125498Z,8259,21,Path Control,65535,255,-0.9911145359136283
1788775950.2754192,2026-09-07T10:12:30.275419Z,8259,21,Path Control,65535,255,-0.989949903683231
1788775950.3754525,2026-09-07T10:12:30.375452Z,8259,21,Path Control,65535,255,-0.9986056886310937
1788775950.5255826,2026-09-07T10:12:30.525582Z,8259,21,Path Control,65535,255,-0.9977111968422715
1788775950.6753116,2026-09-07T10:12:30.675311Z,8259,21,Path Control,65535,255,-0.9970655180529924
1788775950.7754211,2026-09-07T10:12:30.775421Z,8259,21,Path Control,65535,255,-0.9967432585039527
1788775950.9255066,2026-09-07T10:12:30.925506Z,8259,21,Path Control,65535,255,-0.9956026840277835
1788775951.0753677,2026-09-07T10:12:31.075367Z,8259,21,Path Control,65535,255,-0.9943091656170056
1788775951.2253478,2026-09-07T10:12:31.225347Z,8259,21,Path Control,65535,255,-0.992930717769358
1788775951.3256357,2026-09-07T10:12:31.325635Z,8259,21,Path Control,65535,255,-1.0035666021950689
1788775951.4754233,2026-09-07T10:12:31.475423Z,8259,21,Path Control,65535,255,-1.0021757967968001
1788775951.6255734,2026-09-07T10:12:31.625573Z,8259,21,Path Control,65535,255,-1.0006747174344712
1788775951.7753453,2026-09-07T10:12:31.775345Z,8259,21,Path Control,65535,255,-0.9990520348801699
1788775951.8753974,2026-09-07T10:12:31.875397Z,8259,21,Path Control,65535,255,-0.9986088868900231
1788775951.9754534,2026-09-07T10:12:31.975453Z,8259,21,Path Control,65535,255,-0.9984052418940588
1788775952.0754137,2026-09-07T10:12:32.075413Z,8259,21,Path Control,65535,255,-0.998489377740214
1788775952.225257,2026-09-07T10:12:32.225256Z,8259,21,Path Control,65535,255,-0.9987327412133071
1788775952.3256447,2026-09-07T10:12:32.325644Z,8259,21,Path Control,65535,255,-1.0040986281364976
1788775952.4754477,2026-09-07T10:12:32.475447Z,8259,21,Path Control,65535,255,-1.0030345018615006
1788775952.6252756,2026-09-07T10:12:32.625275Z,8259,21,Path Control,65535,255,-1.0016742556934848
1788775952.725412,2026-09-07T10:12:32.725411Z,8259,21,Path Control,65535,255,-1.0008033172667972
1788775952.875427,2026-09-07T10:12:32.875427Z,8259,21,Path Control,65535,255,-0.9990277464816609
1788775953.0254004,2026-09-07T10:12:33.025400Z,8259,21,Path Control,65535,255,-0.9968552884501793
1788775953.1253684,2026-09-07T10:12:33.125368Z,8259,21,Path Control,65535,255,-0.9959459756550569
1788775953.2753906,2026-09-07T10:12:33.275390Z,8259,21,Path Control,65535,255,-0.9945771448251864
1788775953.3753984,2026-09-07T10:12:33.375398Z,8259,21,Path Control,65535,255,-1.00647526720603
1788775953.525493,2026-09-07T10:12:33.525492Z,8259,21,Path Control,65535,255,-1.0055384790510584
1788775953.67551,2026-09-07T10:12:33.675509Z,8259,21,Path Control,65535,255,-1.0047727417041032
1788775953.8253753,2026-09-07T10:12:33.825375Z,8259,21,Path Control,65535,255,-1.0040727083247007
1788775953.925641,2026-09-07T10:12:33.925641Z,8259,21,Path Control,65535,255,-1.003670151944282
1788775954.0755854,2026-09-07T10:12:34.075585Z,8259,21,Path Control,65535,255,-1.0026977345686814
1788775954.2252672,2026-09-07T10:12:34.225267Z,8259,21,Path Control,65535,255,-1.0013733078834703
1788775954.325475,2026-09-07T10:12:34.325474Z,8259,21,Path Control,65535,255,-1.0018063118413412
1788775954.475501,2026-09-07T10:12:34.475501Z,8259,21,Path Control,65535,255,-1.000610103613545
1788775954.6253986,2026-09-07T10:12:34.625398Z,8259,21,Path Control,65535,255,-0.9998694278079201
1788775954.72542,2026-09-07T10:12:34.725419Z,8259,21,Path Control,65535,255,-0.9989616292718696
1788775954.87545,2026-09-07T10:12:34.875449Z,8259,21,Path Control,65535,255,-0.9979939965471087
1788775955.0252693,2026-09-07T10:12:35.025269Z,8259,21,Path Control,65535,255,-0.9974129565196264
1788775955.1254911,2026-09-07T10:12:35.125491Z,8259,21,Path Control,65535,255,-0.9972893978581452
1788775955.2754269,2026-09-07T10:12:35.275426Z,8259,21,Path Control,65535,255,-0.9971967203731358
1788775955.425364,2026-09-07T10:12:35.425364Z,8259,21,Path Control,65535,255,-0.996235829335557
1788775955.525596,2026-09-07T10:12:35.525595Z,8259,21,Path Control,65535,255,-0.9958663922706391
1788775955.6754131,2026-09-07T10:12:35.675413Z,8259,21,Path Control,65535,255,-0.9954799796575211
1788775955.8253942,2026-09-07T10:12:35.825394Z,8259,21,Path Control,65535,255,-0.9952139789347775
1788775955.925612,2026-09-07T10:12:35.925611Z,8259,21,Path Control,65535,255,-0.99555485314013
1788775956.075419,2026-09-07T10:12:36.075418Z,8259,21,Path Control,65535,255,-0.9954380570145398
1788775956.2253733,2026-09-07T10:12:36.225373Z,8259,21,Path Control,65535,255,-0.9948445002788906
1788775956.3254793,2026-09-07T10:12:36.325479Z,8259,21,Path Control,65535,255,-0.9948272782564871
1788775956.4254825,2026-09-07T10:12:36.425482Z,8259,21,Path Control,65535,255,-1.0004648309456998
1788775956.5255857,2026-09-07T10:12:36.525585Z,8259,21,Path Control,65535,255,-1.0008617112965
1788775956.6754243,2026-09-07T10:12:36.675424Z,8259,21,Path Control,65535,255,-1.0014200673220777
1788775956.8253927,2026-09-07T10:12:36.825392Z,8259,21,Path Control,65535,255,-1.0019407990992955
1788775956.925504,2026-09-07T10:12:36.925503Z,8259,21,Path Control,65535,255,-1.0014433386817427
1788775957.0754414,2026-09-07T10:12:37.075441Z,8259,21,Path Control,65535,255,-1.000755649598617
1788775957.2252505,2026-09-07T10:12:37.225250Z,8259,21,Path Control,65535,255,-0.9998684654325193
1788775957.3255272,2026-09-07T10:12:37.325527Z,8259,21,Path Control,65535,255,-0.9991030978721578
1788775957.4754558,2026-09-07T10:12:37.475455Z,8259,21,Path Control,65535,255,-0.9993249899476103
1788775957.6255243,2026-09-07T10:12:37.625524Z,8259,21,Path Control,65535,255,-0.9992457995159485
1788775957.7256317,2026-09-07T10:12:37.725631Z,8259,21,Path Control,65535,255,-0.9982491628266622
1788775957.8754215,2026-09-07T10:12:37.875421Z,8259,21,Path Control,65535,255,-0.9975028610919332
1788775958.0253716,2026-09-07T10:12:38.025371Z,8259,21,Path Control,65535,255,-0.9972452325319284
1788775958.125383,2026-09-07T10:12:38.125382Z,8259,21,Path Control,65535,255,-0.9972641835799778
1788775958.2753627,2026-09-07T10:12:38.275362Z,8259,21,Path Control,65535,255,-0.9964840788276503
1788775958.3755765,2026-09-07T10:12:38.375576Z,8259,21,Path Control,65535,255,-0.9978792824373488
1788775958.5255814,2026-09-07T10:12:38.525581Z,8259,21,Path Control,65535,255,-0.9965192385460245
1788775958.6754107,2026-09-07T10:12:38.675410Z,8259,21,Path Control,65535,255,-0.9954714460291071
1788775958.825471,2026-09-07T10:12:38.825470Z,8259,21,Path Control,65535,255,-0.9945769661879393
1788775958.9753006,2026-09-07T10:12:38.975300Z,8259,21,Path Control,65535,255,-0.9929857229659874
1788775959.0754116,2026-09-07T10:12:39.075411Z,8259,21,Path Control,65535,255,-0.9918425489201723
1788775959.2252538,2026-09-07T10:12:39.225253Z,8259,21,Path Control,65535,255,-0.990032106193885
1788775959.3254344,2026-09-07T10:12:39.325434Z,8259,21,Path Control,65535,255,-0.9977994240836509
1788775959.4755592,2026-09-07T10:12:39.475559Z,8259,21,Path Control,65535,255,-0.9963574470429385
1788775959.5754635,2026-09-07T10:12:39.575463Z,8259,21,Path Control,65535,255,-0.9953671422955968
1788775959.725393,2026-09-07T10:12:39.725393Z,8259,21,Path Control,65535,255,-0.9935024017598425
1788775959.8254488,2026-09-07T10:12:39.825448Z,8259,21,Path Control,65535,255,-0.9922569248824592
1788775959.9254584,2026-09-07T10:12:39.925458Z,8259,21,Path Control,65535,255,-0.9919700115084277
1788775960.0753582,2026-09-07T10:12:40.075358Z,8259,21,Path Control,65535,255,-0.9915377753609782
1788775960.2253647,2026-09-07T10:12:40.225364Z,8259,21,Path Control,65535,255,-0.9912603665417844
1788775960.3254206,2026-09-07T10:12:40.325420Z,8259,21,Path Control,65535,255,-0.9898682884833983
1788775960.4254267,2026-09-07T10:12:40.425426Z,8259,21,Path Control,65535,255,-0.997579494800725
1788775960.5754337,2026-09-07T10:12:40.575433Z,8259,21,Path Control,65535,255,-0.9955783879487402
1788775960.6755948,2026-09-07T10:12:40.675594Z,8259,21,Path Control,65535,255,-0.9942701755597931
1788775960.775767,2026-09-07T10:12:40.775767Z,8259,21,Path Control,65535,255,-0.9929515777366281
1788775960.9253721,2026-09-07T10:12:40.925372Z,8259,21,Path Control,65535,255,-0.9907211992719615
1788775961.0754106,2026-09-07T10:12:41.075410Z,8259,21,Path Control,65535,255,-0.9883663504978298
1788775961.225296,2026-09-07T10:12:41.225296Z,8259,21,Path Control,65535,255,-0.9859085766162986
1788775961.32537,2026-09-07T10:12:41.325370Z,8259,21,Path Control,65535,255,-0.9850626840859292
1788775961.425543,2026-09-07T10:12:41.425543Z,8259,21,Path Control,65535,255,-0.9917048600524291
1788775961.5754766,2026-09-07T10:12:41.575476Z,8259,21,Path Control,65535,255,-0.989465848014664
1788775961.7253911,2026-09-07T10:12:41.725391Z,8259,21,Path Control,65535,255,-0.9868404355081776
1788775961.8254557,2026-09-07T10:12:41.825455Z,8259,21,Path Control,65535,255,-0.9850833833496663
1788775961.9753406,2026-09-07T10:12:41.975340Z,8259,21,Path Control,65535,255,-0.983332123231445
1788775962.07566,2026-09-07T10:12:42.075659Z,8259,21,Path Control,65535,255,-0.9819258586991583
1788775962.2252343,2026-09-07T10:12:42.225234Z,8259,21,Path Control,65535,255,-0.9797575713603436
1788775962.32547,2026-09-07T10:12:42.325469Z,8259,21,Path Control,65535,255,-0.9778026911946368
1788775962.4754224,2026-09-07T10:12:42.475422Z,8259,21,Path Control,65535,255,-0.979383527143064
1788775962.6254187,2026-09-07T10:12:42.625418Z,8259,21,Path Control,65535,255,-0.97768329801401
1788775962.7253876,2026-09-07T10:12:42.725387Z,8259,21,Path Control,65535,255,-0.9778050459781965
1788775962.875438,2026-09-07T10:12:42.875437Z,8259,21,Path Control,65535,255,-0.9771161538505905
1788775963.025332,2026-09-07T10:12:43.025331Z,8259,21,Path Control,65535,255,-0.9759334369642484
1788775963.1254134,2026-09-07T10:12:43.125413Z,8259,21,Path Control,65535,255,-0.9746265849903886
1788775963.275379,2026-09-07T10:12:43.275378Z,8259,21,Path Control,65535,255,-0.9728569867478808
1788775963.375468,2026-09-07T10:12:43.375468Z,8259,21,Path Control,65535,255,-0.9709812678133273
1788775963.5254643,2026-09-07T10:12:43.525464Z,8259,21,Path Control,65535,255,-0.9692701322053879
1788775963.6753871,2026-09-07T10:12:43.675387Z,8259,21,Path Control,65535,255,-0.967917068697165
1788775963.7754128,2026-09-07T10:12:43.775412Z,8259,21,Path Control,65535,255,-0.967220936005018
1788775963.87544,2026-09-07T10:12:43.875439Z,8259,21,Path Control,65535,255,-0.966653847323681
1788775964.0253842,2026-09-07T10:12:44.025384Z,8259,21,Path Control,65535,255,-0.9658280288976611
1788775964.1253905,2026-09-07T10:12:44.125390Z,8259,21,Path Control,65535,255,-0.9648071456097703
1788775964.275272,2026-09-07T10:12:44.275271Z,8259,21,Path Control,65535,255,-0.9631620394560909
1788775964.3754358,2026-09-07T10:12:44.375435Z,8259,21,Path Control,65535,255,-0.9625266429005566
1788775964.5254478,2026-09-07T10:12:44.525447Z,8259,21,Path Control,65535,255,-0.9608891850958896
1788775964.6756983,2026-09-07T10:12:44.675698Z,8259,21,Path Control,65535,255,-0.9596438840098094
1788775964.77555,2026-09-07T10:12:44.775549Z,8259,21,Path Control,65535,255,-0.9590068982342745
1788775964.9256074,2026-09-07T10:12:44.925607Z,8259,21,Path Control,65535,255,-0.9575861010566193
1788775965.0753548,2026-09-07T10:12:45.075354Z,8259,21,Path Control,65535,255,-0.9561560789715025
1788775965.2252634,2026-09-07T10:12:45.225263Z,8259,21,Path Control,65535,255,-0.9548777870069582
1788775965.325453,2026-09-07T10:12:45.325453Z,8259,21,Path Control,65535,255,-0.9545671914928404
1788775965.4755855,2026-09-07T10:12:45.475585Z,8259,21,Path Control,65535,255,-0.9608373158336057
1788775965.575453,2026-09-07T10:12:45.575453Z,8259,21,Path Control,65535,255,-0.9610931217606333
1788775965.7255418,2026-09-07T10:12:45.725541Z,8259,21,Path Control,65535,255,-0.960795972595772
1788775965.8754559,2026-09-07T10:12:45.875455Z,8259,21,Path Control,65535,255,-0.9605395193713671
1788775966.0254078,2026-09-07T10:12:46.025407Z,8259,21,Path Control,65535,255,-0.9604437355218447
1788775966.1256225,2026-09-07T10:12:46.125622Z,8259,21,Path Control,65535,255,-0.9608007351331369
1788775966.2753813,2026-09-07T10:12:46.275381Z,8259,21,Path Control,65535,255,-0.9607860059420098
1788775966.3753927,2026-09-07T10:12:46.375392Z,8259,21,Path Control,65535,255,-0.9528824850924944
1788775966.475425,2026-09-07T10:12:46.475425Z,8259,21,Path Control,65535,255,-0.9527125939737474
1788775966.6253784,2026-09-07T10:12:46.625378Z,8259,21,Path Control,65535,255,-0.9525677614714391
1788775966.7254145,2026-09-07T10:12:46.725414Z,8259,21,Path Control,65535,255,-0.952515367649835
1788775966.8256438,2026-09-07T10:12:46.825643Z,8259,21,Path Control,65535,255,-0.9524123698958539
1788775966.9254692,2026-09-07T10:12:46.925469Z,8259,21,Path Control,65535,255,-0.9520215578075502
1788775967.0754554,2026-09-07T10:12:47.075455Z,8259,21,Path Control,65535,255,-0.9519340635919709
1788775967.2252586,2026-09-07T10:12:47.225258Z,8259,21,Path Control,65535,255,-0.9523359477124913
1788775967.325481,2026-09-07T10:12:47.325480Z,8259,21,Path Control,65535,255,-0.9532805395432316
1788775967.4753897,2026-09-07T10:12:47.475389Z,8259,21,Path Control,65535,255,-0.9593404600435269
1788775967.5754342,2026-09-07T10:12:47.575434Z,8259,21,Path Control,65535,255,-0.9598707933383048
1788775967.6755114,2026-09-07T10:12:47.675511Z,8259,21,Path Control,65535,255,-0.9599077497403259
1788775967.825371,2026-09-07T10:12:47.825371Z,8259,21,Path Control,65535,255,-0.9597206101782584
1788775967.925456,2026-09-07T10:12:47.925456Z,8259,21,Path Control,65535,255,-0.960237176999642
1788775968.0753353,2026-09-07T10:12:48.075335Z,8259,21,Path Control,65535,255,-0.9603256945799749
1788775968.1754117,2026-09-07T10:12:48.175411Z,8259,21,Path Control,65535,255,-0.9600904624571541
1788775968.3256228,2026-09-07T10:12:48.325622Z,8259,21,Path Control,65535,255,-0.9597381267301638
1788775968.475546,2026-09-07T10:12:48.475545Z,8259,21,Path Control,65535,255,-0.9639194565589739
1788775968.6253676,2026-09-07T10:12:48.625367Z,8259,21,Path Control,65535,255,-0.9655179380358831
1788775968.7254171,2026-09-07T10:12:48.725417Z,8259,21,Path Control,65535,255,-0.9662544633058071
1788775968.8753579,2026-09-07T10:12:48.875357Z,8259,21,Path Control,65535,255,-0.9672934639107301
1788775968.9754322,2026-09-07T10:12:48.975432Z,8259,21,Path Control,65535,255,-0.9679015303448302
1788775969.12533,2026-09-07T10:12:49.125329Z,8259,21,Path Control,65535,255,-0.9687270294515813
1788775969.2754202,2026-09-07T10:12:49.275420Z,8259,21,Path Control,65535,255,-0.9693015596073464
1788775969.3754249,2026-09-07T10:12:49.375424Z,8259,21,Path Control,65535,255,-0.9686745593192222
1788775969.5254753,2026-09-07T10:12:49.525475Z,8259,21,Path Control,65535,255,-0.9684667136574081
1788775969.6754346,2026-09-07T10:12:49.675434Z,8259,21,Path Control,65535,255,-0.9682827828125161
1788775969.775493,2026-09-07T10:12:49.775492Z,8259,21,Path Control,65535,255,-0.9683265920787377
1788775969.9255023,2026-09-07T10:12:49.925502Z,8259,21,Path Control,65535,255,-0.9694759921246956
1788775970.0754533,2026-09-07T10:12:50.075453Z,8259,21,Path Control,65535,255,-0.9704555230761047
1788775970.225306,2026-09-07T10:12:50.225306Z,8259,21,Path Control,65535,255,-0.9709325491817368
1788775970.3256748,2026-09-07T10:12:50.325674Z,8259,21,Path Control,65535,255,-0.9776160764725401
1788775970.4255695,2026-09-07T10:12:50.425569Z,8259,21,Path Control,65535,255,-0.9772829272361373
1788775970.5256555,2026-09-07T10:12:50.525655Z,8259,21,Path Control,65535,255,-0.9767110973576892
1788775970.6754494,2026-09-07T10:12:50.675449Z,8259,21,Path Control,65535,255,-0.9762875479598817
1788775970.775458,2026-09-07T10:12:50.775458Z,8259,21,Path Control,65535,255,-0.976247354911271
1788775970.875511,2026-09-07T10:12:50.875510Z,8259,21,Path Control,65535,255,-0.9760761580138918
1788775971.1255174,2026-09-07T10:12:51.125517Z,8259,21,Path Control,65535,255,-0.9678510580835469
1788775971.2752929,2026-09-07T10:12:51.275292Z,8259,21,Path Control,65535,255,-0.9530942285966093
1788775971.3754377,2026-09-07T10:12:51.375437Z,8259,21,Path Control,65535,255,-0.9507830544396998
1788775971.5254357,2026-09-07T10:12:51.525435Z,8259,21,Path Control,65535,255,-0.9362724819077092
1788775971.6255662,2026-09-07T10:12:51.625566Z,8259,21,Path Control,65535,255,-0.9265260742592158
1788775971.7754073,2026-09-07T10:12:51.775407Z,8259,21,Path Control,65535,255,-0.9107918602365486
1788775971.9254482,2026-09-07T10:12:51.925448Z,8259,21,Path Control,65535,255,-0.894470640239748
1788775972.0257049,2026-09-07T10:12:52.025704Z,8259,21,Path Control,65535,255,-0.883367967822005
1788775972.1753976,2026-09-07T10:12:52.175397Z,8259,21,Path Control,65535,255,-0.8664517689642957
1788775972.3253565,2026-09-07T10:12:52.325356Z,8259,21,Path Control,65535,255,-0.8578716601328203
1788775972.4256465,2026-09-07T10:12:52.425646Z,8259,21,Path Control,65535,255,-0.8469166174218811
1788775972.5755594,2026-09-07T10:12:52.575559Z,8259,21,Path Control,65535,255,-0.8297801726650326
1788775972.7254019,2026-09-07T10:12:52.725401Z,8259,21,Path Control,65535,255,-0.8134367613973389
1788775972.8254473,2026-09-07T10:12:52.825447Z,8259,21,Path Control,65535,255,-0.8026658569620277
1788775972.9255602,2026-09-07T10:12:52.925560Z,8259,21,Path Control,65535,255,-0.7917352271718701
1788775973.0755858,2026-09-07T10:12:53.075585Z,8259,21,Path Control,65535,255,-0.7754248085886875
1788775973.2252371,2026-09-07T10:12:53.225237Z,8259,21,Path Control,65535,255,-0.7591458761845957
1788775973.3253973,2026-09-07T10:12:53.325397Z,8259,21,Path Control,65535,255,-0.7447458962876355
1788775973.425441,2026-09-07T10:12:53.425441Z,8259,21,Path Control,65535,255,-0.7333100853745491
1788775973.5753744,2026-09-07T10:12:53.575374Z,8259,21,Path Control,65535,255,-0.716384084441225
1788775973.6754658,2026-09-07T10:12:53.675465Z,8259,21,Path Control,65535,255,-0.7057047379376974
1788775973.8253891,2026-09-07T10:12:53.825389Z,8259,21,Path Control,65535,255,-0.6902655166203135
1788775973.9753554,2026-09-07T10:12:53.975355Z,8259,21,Path Control,65535,255,-0.6761504515276122
1788775974.075524,2026-09-07T10:12:54.075524Z,8259,21,Path Control,65535,255,-0.6665879548758091
1788775974.2253177,2026-09-07T10:12:54.225317Z,8259,21,Path Control,65535,255,-0.6524865202874597
1788775974.3254032,2026-09-07T10:12:54.325403Z,8259,21,Path Control,65535,255,-0.6423841082606065
1788775974.4754226,2026-09-07T10:12:54.475422Z,8259,21,Path Control,65535,255,-0.6274193889021024
1788775974.625393,2026-09-07T10:12:54.625392Z,8259,21,Path Control,65535,255,-0.6122390969660302
1788775974.7254012,2026-09-07T10:12:54.725401Z,8259,21,Path Control,65535,255,-0.6026216240243959
1788775974.87543,2026-09-07T10:12:54.875430Z,8259,21,Path Control,65535,255,-0.5887808213866634
1788775975.0253298,2026-09-07T10:12:55.025329Z,8259,21,Path Control,65535,255,-0.5757036383528791
1788775975.125443,2026-09-07T10:12:55.125442Z,8259,21,Path Control,65535,255,-0.5673122879380698
1788775975.2753742,2026-09-07T10:12:55.275374Z,8259,21,Path Control,65535,255,-0.5550172365786961
1788775975.3754232,2026-09-07T10:12:55.375423Z,8259,21,Path Control,65535,255,-0.5446259237023416
1788775975.5253186,2026-09-07T10:12:55.525318Z,8259,21,Path Control,65535,255,-0.5328963222437894
1788775975.6254566,2026-09-07T10:12:55.625456Z,8259,21,Path Control,65535,255,-0.525355650928616
1788775975.7754714,2026-09-07T10:12:55.775471Z,8259,21,Path Control,65535,255,-0.5153785180836271
1788775975.925406,2026-09-07T10:12:55.925405Z,8259,21,Path Control,65535,255,-0.5065904491561535
1788775976.075384,2026-09-07T10:12:56.075383Z,8259,21,Path Control,65535,255,-0.49834046233344786
1788775976.22526,2026-09-07T10:12:56.225260Z,8259,21,Path Control,65535,255,-0.4903656899123138
1788775976.3254626,2026-09-07T10:12:56.325462Z,8259,21,Path Control,65535,255,-0.46584991700873896
1788775976.4754329,2026-09-07T10:12:56.475432Z,8259,21,Path Control,65535,255,-0.45784247955714036
1788775976.62535,2026-09-07T10:12:56.625349Z,8259,21,Path Control,65535,255,-0.4503436478300144
1788775976.725473,2026-09-07T10:12:56.725472Z,8259,21,Path Control,65535,255,-0.4461059347607154
1788775976.8754547,2026-09-07T10:12:56.875454Z,8259,21,Path Control,65535,255,-0.4399326072507524
1788775977.0253327,2026-09-07T10:12:57.025332Z,8259,21,Path Control,65535,255,-0.4342525114495788
1788775977.1253698,2026-09-07T10:12:57.125369Z,8259,21,Path Control,65535,255,-0.4307783042151968
1788775977.2753456,2026-09-07T10:12:57.275345Z,8259,21,Path Control,65535,255,-0.4261457962207157
1788775977.375616,2026-09-07T10:12:57.375616Z,8259,21,Path Control,65535,255,-0.42560243897981753
1788775977.5252998,2026-09-07T10:12:57.525299Z,8259,21,Path Control,65535,255,-0.42129861035271543
1788775977.6253917,2026-09-07T10:12:57.625391Z,8259,21,Path Control,65535,255,-0.41851722358573196
1788775977.7254012,2026-09-07T10:12:57.725401Z,8259,21,Path Control,65535,255,-0.41527556426242884
1788775977.8753457,2026-09-07T10:12:57.875345Z,8259,21,Path Control,65535,255,-0.4111222782557519
1788775977.9754539,2026-09-07T10:12:57.975453Z,8259,21,Path Control,65535,255,-0.40876573086899415
1788775978.0754554,2026-09-07T10:12:58.075455Z,8259,21,Path Control,65535,255,-0.4072248780343013
1788775978.2252643,2026-09-07T10:12:58.225264Z,8259,21,Path Control,65535,255,-0.4056413626911545
1788775978.3254662,2026-09-07T10:12:58.325466Z,8259,21,Path Control,65535,255,-0.40491795182112034
1788775978.47548,2026-09-07T10:12:58.475480Z,8259,21,Path Control,65535,255,-0.40694140679314234
1788775978.6253467,2026-09-07T10:12:58.625346Z,8259,21,Path Control,65535,255,-0.4063002894350697
1788775978.725401,2026-09-07T10:12:58.725400Z,8259,21,Path Control,65535,255,-0.4061455238390077
1788775978.825423,2026-09-07T10:12:58.825423Z,8259,21,Path Control,65535,255,-0.40610535191655694
1788775978.925635,2026-09-07T10:12:58.925635Z,8259,21,Path Control,65535,255,-0.4064055897960236
1788775979.0753925,2026-09-07T10:12:59.075392Z,8259,21,Path Control,65535,255,-0.40706522733326184
1788775979.2252343,2026-09-07T10:12:59.225234Z,8259,21,Path Control,65535,255,-0.4080421186866068
1788775979.3254046,2026-09-07T10:12:59.325404Z,8259,21,Path Control,65535,255,-0.40771764128503624
1788775979.4753418,2026-09-07T10:12:59.475341Z,8259,21,Path Control,65535,255,-0.40955552624183567
1788775979.575482,2026-09-07T10:12:59.575481Z,8259,21,Path Control,65535,255,-0.41091523140414415
1788775979.6755185,2026-09-07T10:12:59.675518Z,8259,21,Path Control,65535,255,-0.41244177143379973
1788775979.8253372,2026-09-07T10:12:59.825337Z,8259,21,Path Control,65535,255,-0.41493885649878026
1788775979.9254034,2026-09-07T10:12:59.925403Z,8259,21,Path Control,65535,255,-0.41685303540206176
1788775980.0754378,2026-09-07T10:13:00.075437Z,8259,21,Path Control,65535,255,-0.4195173125812764
1788775980.225226,2026-09-07T10:13:00.225225Z,8259,21,Path Control,65535,255,-0.4220094034107062
1788775980.3254712,2026-09-07T10:13:00.325471Z,8259,21,Path Control,65535,255,-0.4239670145550798
1788775980.4754267,2026-09-07T10:13:00.475426Z,8259,21,Path Control,65535,255,-0.43524314878017817
1788775980.5756075,2026-09-07T10:13:00.575607Z,8259,21,Path Control,65535,255,-0.4380108314398243
1788775980.7259843,2026-09-07T10:13:00.725984Z,8259,21,Path Control,65535,255,-0.4424829705137716
1788775980.8756342,2026-09-07T10:13:00.875634Z,8259,21,Path Control,65535,255,-0.4468838960355114
1788775981.0253346,2026-09-07T10:13:01.025334Z,8259,21,Path Control,65535,255,-0.45106518494848913
1788775981.1254187,2026-09-07T10:13:01.125418Z,8259,21,Path Control,65535,255,-0.4537159250008289
1788775981.2754192,2026-09-07T10:13:01.275419Z,8259,21,Path Control,65535,255,-0.45786406893112175
1788775981.425427,2026-09-07T10:13:01.425426Z,8259,21,Path Control,65535,255,-0.4649324506805631
1788775981.5254781,2026-09-07T10:13:01.525478Z,8259,21,Path Control,65535,255,-0.46764438452675433
1788775981.6257918,2026-09-07T10:13:01.625791Z,8259,21,Path Control,65535,255,-0.47036875391123584
1788775981.7753847,2026-09-07T10:13:01.775384Z,8259,21,Path Control,65535,255,-0.4753185340601853
1788775981.8755062,2026-09-07T10:13:01.875506Z,8259,21,Path Control,65535,255,-0.4789102929970156
1788775982.025356,2026-09-07T10:13:02.025356Z,8259,21,Path Control,65535,255,-0.4843860339053751
1788775982.1253812,2026-09-07T10:13:02.125381Z,8259,21,Path Control,65535,255,-0.4879702680051029
1788775982.2754447,2026-09-07T10:13:02.275444Z,8259,21,Path Control,65535,255,-0.4930054823210771
1788775982.375493,2026-09-07T10:13:02.375493Z,8259,21,Path Control,65535,255,-0.5021776355581729
1788775982.525398,2026-09-07T10:13:02.525398Z,8259,21,Path Control,65535,255,-0.5060722929981865
1788775982.6254601,2026-09-07T10:13:02.625460Z,8259,21,Path Control,65535,255,-0.5084439934217391
1788775982.7755053,2026-09-07T10:13:02.775505Z,8259,21,Path Control,65535,255,-0.5118665593859508
1788775982.9254103,2026-09-07T10:13:02.925410Z,8259,21,Path Control,65535,255,-0.5156925151471721
1788775983.0755012,2026-09-07T10:13:03.075501Z,8259,21,Path Control,65535,255,-0.5195251484503061
1788775983.22533,2026-09-07T10:13:03.225330Z,8259,21,Path Control,65535,255,-0.5232970274228841
1788775983.3254125,2026-09-07T10:13:03.325412Z,8259,21,Path Control,65535,255,-0.5456391491265483
1788775983.4254692,2026-09-07T10:13:03.425469Z,8259,21,Path Control,65535,255,-0.5477763340892683
1788775983.5256207,2026-09-07T10:13:03.525620Z,8259,21,Path Control,65535,255,-0.5500367370792909
1788775983.6755192,2026-09-07T10:13:03.675519Z,8259,21,Path Control,65535,255,-0.553150534963612
1788775983.8254812,2026-09-07T10:13:03.825481Z,8259,21,Path Control,65535,255,-0.5560229687213285
1788775983.9254856,2026-09-07T10:13:03.925485Z,8259,21,Path Control,65535,255,-0.5572680726906568
1788775984.0754647,2026-09-07T10:13:04.075464Z,8259,21,Path Control,65535,255,-0.5596317654735946
1788775984.2252316,2026-09-07T10:13:04.225231Z,8259,21,Path Control,65535,255,-0.5622618184845287
1788775984.3256285,2026-09-07T10:13:04.325628Z,8259,21,Path Control,65535,255,-0.5633389012761844
1788775984.475411,2026-09-07T10:13:04.475410Z,8259,21,Path Control,65535,255,-0.5672905379228965
1788775984.6254828,2026-09-07T10:13:04.625482Z,8259,21,Path Control,65535,255,-0.5679854849477336
1788775984.775435,2026-09-07T10:13:04.775434Z,8259,21,Path Control,65535,255,-0.5689796481502171
1788775984.925443,2026-09-07T10:13:04.925442Z,8259,21,Path Control,65535,255,-0.5692559429384438
1788775985.0754085,2026-09-07T10:13:05.075408Z,8259,21,Path Control,65535,255,-0.5694564826013244
1788775985.2253397,2026-09-07T10:13:05.225339Z,8259,21,Path Control,65535,255,-0.5697588449953894
1788775985.3255339,2026-09-07T10:13:05.325533Z,8259,21,Path Control,65535,255,-0.5801578450282415
1788775985.4754398,2026-09-07T10:13:05.475439Z,8259,21,Path Control,65535,255,-0.5814356722747956
1788775985.6255395,2026-09-07T10:13:05.625539Z,8259,21,Path Control,65535,255,-0.5820033278830259
1788775985.7754028,2026-09-07T10:13:05.775402Z,8259,21,Path Control,65535,255,-0.580649278893604
1788775985.8754468,2026-09-07T10:13:05.875446Z,8259,21,Path Control,65535,255,-0.5795118686085463
1788775986.025568,2026-09-07T10:13:06.025568Z,8259,21,Path Control,65535,255,-0.5774524513823672
1788775986.125542,2026-09-07T10:13:06.125541Z,8259,21,Path Control,65535,255,-0.575917326158164
1788775986.2753887,2026-09-07T10:13:06.275388Z,8259,21,Path Control,65535,255,-0.57303181673782
1788775986.4255033,2026-09-07T10:13:06.425503Z,8259,21,Path Control,65535,255,-0.5789329286674914
1788775986.5753407,2026-09-07T10:13:06.575340Z,8259,21,Path Control,65535,255,-0.5760067383464483
1788775986.6754005,2026-09-07T10:13:06.675400Z,8259,21,Path Control,65535,255,-0.5745571766660451
1788775986.8255575,2026-09-07T10:13:06.825557Z,8259,21,Path Control,65535,255,-0.572689649742023
1788775986.9753747,2026-09-07T10:13:06.975374Z,8259,21,Path Control,65535,255,-0.5712606625359445
1788775987.0754516,2026-09-07T10:13:07.075451Z,8259,21,Path Control,65535,255,-0.5698190681633871
1788775987.2252276,2026-09-07T10:13:07.225227Z,8259,21,Path Control,65535,255,-0.5673917022576266
1788775987.325466,2026-09-07T10:13:07.325465Z,8259,21,Path Control,65535,255,-0.5584247357192141
1788775987.4753742,2026-09-07T10:13:07.475374Z,8259,21,Path Control,65535,255,-0.5553134742999589
1788775987.625491,2026-09-07T10:13:07.625490Z,8259,21,Path Control,65535,255,-0.5519948956486375
1788775987.7753856,2026-09-07T10:13:07.775385Z,8259,21,Path Control,65535,255,-0.5486977331732976
1788775987.8754847,2026-09-07T10:13:07.875484Z,8259,21,Path Control,65535,255,-0.5460166027278383
1788775988.0254567,2026-09-07T10:13:08.025456Z,8259,21,Path Control,65535,255,-0.5415395129094585
1788775988.1254447,2026-09-07T10:13:08.125444Z,8259,21,Path Control,65535,255,-0.5382250549781531
1788775988.2753592,2026-09-07T10:13:08.275359Z,8259,21,Path Control,65535,255,-0.5333592285832229
1788775988.3753731,2026-09-07T10:13:08.375373Z,8259,21,Path Control,65535,255,-0.5302994598864035
1788775988.5255885,2026-09-07T10:13:08.525588Z,8259,21,Path Control,65535,255,-0.5274644069863778
1788775988.67541,2026-09-07T10:13:08.675410Z,8259,21,Path Control,65535,255,-0.5253122195438387
1788775988.82545,2026-09-07T10:13:08.825449Z,8259,21,Path Control,65535,255,-0.5233633790021585
1788775988.925473,2026-09-07T10:13:08.925472Z,8259,21,Path Control,65535,255,-0.5205155361944337
1788775989.075409,2026-09-07T10:13:09.075408Z,8259,21,Path Control,65535,255,-0.516391424223023
1788775989.2252977,2026-09-07T10:13:09.225297Z,8259,21,Path Control,65535,255,-0.5119154961085479
1788775989.325437,2026-09-07T10:13:09.325437Z,8259,21,Path Control,65535,255,-0.482485919562625
1788775989.4255724,2026-09-07T10:13:09.425572Z,8259,21,Path Control,65535,255,-0.4791986800825386
1788775989.5754027,2026-09-07T10:13:09.575402Z,8259,21,Path Control,65535,255,-0.4744278132432974
1788775989.7253923,2026-09-07T10:13:09.725392Z,8259,21,Path Control,65535,255,-0.4699962305315277
1788775989.825423,2026-09-07T10:13:09.825423Z,8259,21,Path Control,65535,255,-0.4670729619248274
1788775989.925493,2026-09-07T10:13:09.925493Z,8259,21,Path Control,65535,255,-0.46392183062092773
1788775990.0255983,2026-09-07T10:13:10.025598Z,8259,21,Path Control,65535,255,-0.46090437055052436
1788775990.1752934,2026-09-07T10:13:10.175293Z,8259,21,Path Control,65535,255,-0.4570529604098157
1788775990.2753685,2026-09-07T10:13:10.275368Z,8259,21,Path Control,65535,255,-0.4547910686777914
1788775990.3754363,2026-09-07T10:13:10.375436Z,8259,21,Path Control,65535,255,-0.45605304403898905
1788775990.5254257,2026-09-07T10:13:10.525425Z,8259,21,Path Control,65535,255,-0.453237000468157
1788775990.6255367,2026-09-07T10:13:10.625536Z,8259,21,Path Control,65535,255,-0.4515559060726899
1788775990.7753453,2026-09-07T10:13:10.775345Z,8259,21,Path Control,65535,255,-0.4492057495502003
1788775990.8753448,2026-09-07T10:13:10.875344Z,8259,21,Path Control,65535,255,-0.44730786652034377
1788775990.975372,2026-09-07T10:13:10.975372Z,8259,21,Path Control,65535,255,-0.4453372165562222
1788775991.0754066,2026-09-07T10:13:11.075406Z,8259,21,Path Control,65535,255,-0.4434516754252254
1788775991.2252836,2026-09-07T10:13:11.225283Z,8259,21,Path Control,65535,255,-0.4408810154170372
1788775991.3254943,2026-09-07T10:13:11.325494Z,8259,21,Path Control,65535,255,-0.4256987434964373
1788775991.4254742,2026-09-07T10:13:11.425474Z,8259,21,Path Control,65535,255,-0.42334215129620967
1788775991.5254948,2026-09-07T10:13:11.525494Z,8259,21,Path Control,65535,255,-0.42299663495665035
1788775991.6754563,2026-09-07T10:13:11.675456Z,8259,21,Path Control,65535,255,-0.42185758927603334
1788775991.8253822,2026-09-07T10:13:11.825382Z,8259,21,Path Control,65535,255,-0.4214156427153897
1788775991.9254658,2026-09-07T10:13:11.925465Z,8259,21,Path Control,65535,255,-0.4212082256597529
1788775992.0755486,2026-09-07T10:13:12.075548Z,8259,21,Path Control,65535,255,-0.4208074285473335
1788775992.2253447,2026-09-07T10:13:12.225344Z,8259,21,Path Control,65535,255,-0.4203138709216074
1788775992.3255856,2026-09-07T10:13:12.325585Z,8259,21,Path Control,65535,255,-0.41992099773612857
1788775992.4754364,2026-09-07T10:13:12.475436Z,8259,21,Path Control,65535,255,-0.4193169506407219
1788775992.5754926,2026-09-07T10:13:12.575492Z,8259,21,Path Control,65535,255,-0.41932140831828063
1788775992.7254033,2026-09-07T10:13:12.725403Z,8259,21,Path Control,65535,255,-0.4189252939304552
1788775992.8255196,2026-09-07T10:13:12.825519Z,8259,21,Path Control,65535,255,-0.41858850110544793
1788775992.975533,2026-09-07T10:13:12.975533Z,8259,21,Path Control,65535,255,-0.41854987021226364
1788775993.075577,2026-09-07T10:13:13.075577Z,8259,21,Path Control,65535,255,-0.4188155167461088
1788775993.2252548,2026-09-07T10:13:13.225254Z,8259,21,Path Control,65535,255,-0.4194828252728764
1788775993.3254328,2026-09-07T10:13:13.325432Z,8259,21,Path Control,65535,255,-0.43643786680811103
1788775993.4254894,2026-09-07T10:13:13.425489Z,8259,21,Path Control,65535,255,-0.43755500357894295
1788775993.5255346,2026-09-07T10:13:13.525534Z,8259,21,Path Control,65535,255,-0.4383191824445928
1788775993.675326,2026-09-07T10:13:13.675326Z,8259,21,Path Control,65535,255,-0.43988562169682677
1788775993.775396,2026-09-07T10:13:13.775396Z,8259,21,Path Control,65535,255,-0.4410476725711057
1788775993.875571,2026-09-07T10:13:13.875571Z,8259,21,Path Control,65535,255,-0.4421840406171431
1788775994.0253937,2026-09-07T10:13:14.025393Z,8259,21,Path Control,65535,255,-0.4439548733273004
1788775994.1254613,2026-09-07T10:13:14.125461Z,8259,21,Path Control,65535,255,-0.4456913144802067
1788775994.2754574,2026-09-07T10:13:14.275457Z,8259,21,Path Control,65535,255,-0.44831907073944255
1788775994.4253569,2026-09-07T10:13:14.425356Z,8259,21,Path Control,65535,255,-0.45180554880264506
1788775994.5255153,2026-09-07T10:13:14.525515Z,8259,21,Path Control,65535,255,-0.45315488789226893
1788775994.675401,2026-09-07T10:13:14.675400Z,8259,21,Path Control,65535,255,-0.455109517044186
1788775994.8254297,2026-09-07T10:13:14.825429Z,8259,21,Path Control,65535,255,-0.4568157323670319
1788775994.9254496,2026-09-07T10:13:14.925449Z,8259,21,Path Control,65535,255,-0.4585709348061055
1788775995.0255232,2026-09-07T10:13:15.025523Z,8259,21,Path Control,65535,255,-0.4602067222570785
1788775995.1752608,2026-09-07T10:13:15.175260Z,8259,21,Path Control,65535,255,-0.4635607515303213
1788775995.2753143,2026-09-07T10:13:15.275314Z,8259,21,Path Control,65535,255,-0.46552453608911115
1788775995.3753395,2026-09-07T10:13:15.375339Z,8259,21,Path Control,65535,255,-0.484581081921854
1788775995.475345,2026-09-07T10:13:15.475344Z,8259,21,Path Control,65535,255,-0.4862758963351167
1788775995.5754194,2026-09-07T10:13:15.575419Z,8259,21,Path Control,65535,255,-0.4878749696518303
1788775995.6754012,2026-09-07T10:13:15.675401Z,8259,21,Path Control,65535,255,-0.48950373979951317
1788775995.8254623,2026-09-07T10:13:15.825462Z,8259,21,Path Control,65535,255,-0.4919853882285909
1788775995.97528,2026-09-07T10:13:15.975280Z,8259,21,Path Control,65535,255,-0.4946960599386702
1788775996.075406,2026-09-07T10:13:16.075406Z,8259,21,Path Control,65535,255,-0.4965013752016123
1788775996.225389,2026-09-07T10:13:16.225389Z,8259,21,Path Control,65535,255,-0.4989739194993488
1788775996.3253996,2026-09-07T10:13:16.325399Z,8259,21,Path Control,65535,255,-0.5054060480056722
1788775996.4254076,2026-09-07T10:13:16.425407Z,8259,21,Path Control,65535,255,-0.5060291133474121
1788775996.5255148,2026-09-07T10:13:16.525514Z,8259,21,Path Control,65535,255,-0.5069202969838529
1788775996.6754072,2026-09-07T10:13:16.675407Z,8259,21,Path Control,65535,255,-0.5080935166445768
1788775996.8254852,2026-09-07T10:13:16.825485Z,8259,21,Path Control,65535,255,-0.5092791571551114
1788775996.9256568,2026-09-07T10:13:16.925656Z,8259,21,Path Control,65535,255,-0.5101899035897807
1788775997.0753958,2026-09-07T10:13:17.075395Z,8259,21,Path Control,65535,255,-0.5117265139813816
1788775997.225412,2026-09-07T10:13:17.225411Z,8259,21,Path Control,65535,255,-0.5133915323598892
1788775997.3254995,2026-09-07T10:13:17.325499Z,8259,21,Path Control,65535,255,-0.523720492315752
1788775997.475415,2026-09-07T10:13:17.475414Z,8259,21,Path Control,65535,255,-0.5242524970819943
1788775997.625339,2026-09-07T10:13:17.625339Z,8259,21,Path Control,65535,255,-0.5240096884502138
1788775997.7255688,2026-09-07T10:13:17.725568Z,8259,21,Path Control,65535,255,-0.5238136770493679
1788775997.8254325,2026-09-07T10:13:17.825432Z,8259,21,Path Control,65535,255,-0.5234660450576973
1788775997.9753199,2026-09-07T10:13:17.975319Z,8259,21,Path Control,65535,255,-0.523127906217747
1788775998.075354,2026-09-07T10:13:18.075354Z,8259,21,Path Control,65535,255,-0.5233006536949799
1788775998.2253008,2026-09-07T10:13:18.225300Z,8259,21,Path Control,65535,255,-0.5237597974144541
1788775998.3255248,2026-09-07T10:13:18.325524Z,8259,21,Path Control,65535,255,-0.524034633206077
1788775998.4754622,2026-09-07T10:13:18.475462Z,8259,21,Path Control,65535,255,-0.532115327187759
1788775998.6254025,2026-09-07T10:13:18.625402Z,8259,21,Path Control,65535,255,-0.5311390361522699
1788775998.7754228,2026-09-07T10:13:18.775422Z,8259,21,Path Control,65535,255,-0.5298876955594877
1788775998.8754091,2026-09-07T10:13:18.875409Z,8259,21,Path Control,65535,255,-0.5293642847629043
1788775999.0253825,2026-09-07T10:13:19.025382Z,8259,21,Path Control,65535,255,-0.5288192926444764
1788775999.1753037,2026-09-07T10:13:19.175303Z,8259,21,Path Control,65535,255,-0.5281905914353434
1788775999.2754078,2026-09-07T10:13:19.275407Z,8259,21,Path Control,65535,255,-0.527404968331443
1788775999.3756816,2026-09-07T10:13:19.375681Z,8259,21,Path Control,65535,255,-0.5232946255087628
1788775999.5254593,2026-09-07T10:13:19.525459Z,8259,21,Path Control,65535,255,-0.5209744783133198
1788775999.6754963,2026-09-07T10:13:19.675496Z,8259,21,Path Control,65535,255,-0.5188827309576547
1788775999.8253996,2026-09-07T10:13:19.825399Z,8259,21,Path Control,65535,255,-0.5172422859489204
1788775999.9254355,2026-09-07T10:13:19.925435Z,8259,21,Path Control,65535,255,-0.5161719581233428
1788776000.075415,2026-09-07T10:13:20.075414Z,8259,21,Path Control,65535,255,-0.5143045834767698
1788776000.225267,2026-09-07T10:13:20.225266Z,8259,21,Path Control,65535,255,-0.5121474487142749
1788776000.3254018,2026-09-07T10:13:20.325401Z,8259,21,Path Control,65535,255,-0.5128527171689125
1788776000.4254997,2026-09-07T10:13:20.425499Z,8259,21,Path Control,65535,255,-0.5107367351871986
1788776000.525629,2026-09-07T10:13:20.525629Z,8259,21,Path Control,65535,255,-0.5083948627572176
1788776000.6754322,2026-09-07T10:13:20.675432Z,8259,21,Path Control,65535,255,-0.5051572147443533
1788776000.775447,2026-09-07T10:13:20.775446Z,8259,21,Path Control,65535,255,-0.5031886435712719
1788776000.9255664,2026-09-07T10:13:20.925566Z,8259,21,Path Control,65535,255,-0.5003855500848973
1788776001.0754178,2026-09-07T10:13:21.075417Z,8259,21,Path Control,65535,255,-0.4969576470304304
1788776001.2253578,2026-09-07T10:13:21.225357Z,8259,21,Path Control,65535,255,-0.4929529752409097
1788776001.3256974,2026-09-07T10:13:21.325697Z,8259,21,Path Control,65535,255,-0.4912590401349362
1788776001.4754133,2026-09-07T10:13:21.475413Z,8259,21,Path Control,65535,255,-0.4886864320992064
1788776001.625702,2026-09-07T10:13:21.625701Z,8259,21,Path Control,65535,255,-0.48687003647046667
1788776001.7753856,2026-09-07T10:13:21.775385Z,8259,21,Path Control,65535,255,-0.48455311559713393
1788776001.9254613,2026-09-07T10:13:21.925461Z,8259,21,Path Control,65535,255,-0.4823743913442586
1788776002.0754662,2026-09-07T10:13:22.075466Z,8259,21,Path Control,65535,255,-0.47993738772775135
1788776002.225296,2026-09-07T10:13:22.225296Z,8259,21,Path Control,65535,255,-0.4771775078484249
1788776002.3254852,2026-09-07T10:13:22.325485Z,8259,21,Path Control,65535,255,-0.4631253631745844
1788776002.4256003,2026-09-07T10:13:22.425600Z,8259,21,Path Control,65535,255,-0.4613724517171788
1788776002.5754588,2026-09-07T10:13:22.575458Z,8259,21,Path Control,65535,255,-0.4589954630443323
1788776002.7253487,2026-09-07T10:13:22.725348Z,8259,21,Path Control,65535,255,-0.45650362758240337
1788776002.8255162,2026-09-07T10:13:22.825516Z,8259,21,Path Control,65535,255,-0.45485910077992375
1788776002.9753764,2026-09-07T10:13:22.975376Z,8259,21,Path Control,65535,255,-0.4524900172197944
1788776003.1254241,2026-09-07T10:13:23.125424Z,8259,21,Path Control,65535,255,-0.45023992504576593
1788776003.2754242,2026-09-07T10:13:23.275424Z,8259,21,Path Control,65535,255,-0.44808298952869313
1788776003.4254923,2026-09-07T10:13:23.425492Z,8259,21,Path Control,65535,255,-0.45569992351657873
1788776003.52561,2026-09-07T10:13:23.525609Z,8259,21,Path Control,65535,255,-0.4550924903849158
1788776003.675443,2026-09-07T10:13:23.675442Z,8259,21,Path Control,65535,255,-0.4539368281383016
1788776003.775469,2026-09-07T10:13:23.775469Z,8259,21,Path Control,65535,255,-0.45308472479301914
1788776003.9254396,2026-09-07T10:13:23.925439Z,8259,21,Path Control,65535,255,-0.45138768335288104
1788776004.0754132,2026-09-07T10:13:24.075413Z,8259,21,Path Control,65535,255,-0.44988037610662746
1788776004.2252784,2026-09-07T10:13:24.225278Z,8259,21,Path Control,65535,255,-0.44868316892092996
1788776004.3254936,2026-09-07T10:13:24.325493Z,8259,21,Path Control,65535,255,-0.44783225732873916
1788776004.4754322,2026-09-07T10:13:24.475432Z,8259,21,Path Control,65535,255,-0.44254399270473566
1788776004.5755975,2026-09-07T10:13:24.575597Z,8259,21,Path Control,65535,255,-0.44202183205479756
1788776004.7254083,2026-09-07T10:13:24.725408Z,8259,21,Path Control,65535,255,-0.44140318164200343
1788776004.8254168,2026-09-07T10:13:24.825416Z,8259,21,Path Control,65535,255,-0.4410527251224446
1788776004.9256465,2026-09-07T10:13:24.925646Z,8259,21,Path Control,65535,255,-0.44075619136283856
1788776005.0754027,2026-09-07T10:13:25.075402Z,8259,21,Path Control,65535,255,-0.44050897874666206
1788776005.22533,2026-09-07T10:13:25.225330Z,8259,21,Path Control,65535,255,-0.44041859583739484
1788776005.325501,2026-09-07T10:13:25.325500Z,8259,21,Path Control,65535,255,-0.44680927846880775
1788776005.4752848,2026-09-07T10:13:25.475284Z,8259,21,Path Control,65535,255,-0.4468949392012324
1788776005.5753295,2026-09-07T10:13:25.575329Z,8259,21,Path Control,65535,255,-0.4470706250667036
1788776005.72541,2026-09-07T10:13:25.725409Z,8259,21,Path Control,65535,255,-0.4476662717467897
1788776005.87538,2026-09-07T10:13:25.875380Z,8259,21,Path Control,65535,255,-0.44848041370395575
1788776006.025339,2026-09-07T10:13:26.025338Z,8259,21,Path Control,65535,255,-0.4494014354300491
1788776006.125452,2026-09-07T10:13:26.125452Z,8259,21,Path Control,65535,255,-0.44949301390481156
1788776006.2753985,2026-09-07T10:13:26.275398Z,8259,21,Path Control,65535,255,-0.4498479861217726
1788776006.4254494,2026-09-07T10:13:26.425449Z,8259,21,Path Control,65535,255,-0.45411420103547306
1788776006.525481,2026-09-07T10:13:26.525480Z,8259,21,Path Control,65535,255,-0.4549024841104368
1788776006.6753442,2026-09-07T10:13:26.675344Z,8259,21,Path Control,65535,255,-0.4558401964086413
1788776006.7753997,2026-09-07T10:13:26.775399Z,8259,21,Path Control,65535,255,-0.45644840355225225
1788776006.8754063,2026-09-07T10:13:26.875406Z,8259,21,Path Control,65535,255,-0.45742628675561353
1788776006.975428,2026-09-07T10:13:26.975428Z,8259,21,Path Control,65535,255,-0.45855519553501367
1788776007.125466,2026-09-07T10:13:27.125466Z,8259,21,Path Control,65535,255,-0.4601988541344682
1788776007.2754622,2026-09-07T10:13:27.275462Z,8259,21,Path Control,65535,255,-0.4619977947399095
1788776007.4253902,2026-09-07T10:13:27.425390Z,8259,21,Path Control,65535,255,-0.47063220425002117
1788776007.5255861,2026-09-07T10:13:27.525586Z,8259,21,Path Control,65535,255,-0.47184205988855765
1788776007.675309,2026-09-07T10:13:27.675308Z,8259,21,Path Control,65535,255,-0.47405058380270526
1788776007.7754283,2026-09-07T10:13:27.775428Z,8259,21,Path Control,65535,255,-0.47576195958260525
1788776007.9254093,2026-09-07T10:13:27.925409Z,8259,21,Path Control,65535,255,-0.4778886392853629
1788776008.0754642,2026-09-07T10:13:28.075464Z,8259,21,Path Control,65535,255,-0.4797193887974211
1788776008.2252812,2026-09-07T10:13:28.225281Z,8259,21,Path Control,65535,255,-0.4812452206262816
1788776008.3254864,2026-09-07T10:13:28.325486Z,8259,21,Path Control,65535,255,-0.4876649254615681
1788776008.4754143,2026-09-07T10:13:28.475414Z,8259,21,Path Control,65535,255,-0.48842688986049254
1788776008.6253257,2026-09-07T10:13:28.625325Z,8259,21,Path Control,65535,255,-0.48912576853387646
1788776008.725399,2026-09-07T10:13:28.725399Z,8259,21,Path Control,65535,255,-0.490384455599983
1788776008.8254626,2026-09-07T10:13:28.825462Z,8259,21,Path Control,65535,255,-0.49138953540659214
1788776008.9254699,2026-09-07T10:13:28.925469Z,8259,21,Path Control,65535,255,-0.49213826411431566
1788776009.0254793,2026-09-07T10:13:29.025479Z,8259,21,Path Control,65535,255,-0.49282281380854326
1788776009.1752589,2026-09-07T10:13:29.175258Z,8259,21,Path Control,65535,255,-0.4938967280493269
1788776009.275408,2026-09-07T10:13:29.275408Z,8259,21,Path Control,65535,255,-0.49469480544849664
1788776009.425512,2026-09-07T10:13:29.425512Z,8259,21,Path Control,65535,255,-0.5023464200692089
1788776009.575423,2026-09-07T10:13:29.575423Z,8259,21,Path Control,65535,255,-0.504174389834809
1788776009.7254236,2026-09-07T10:13:29.725423Z,8259,21,Path Control,65535,255,-0.5060594311275097
1788776009.8753266,2026-09-07T10:13:29.875326Z,8259,21,Path Control,65535,255,-0.5075065153930751
1788776009.9753757,2026-09-07T10:13:29.975375Z,8259,21,Path Control,65535,255,-0.5081561158772273
1788776010.0754695,2026-09-07T10:13:30.075469Z,8259,21,Path Control,65535,255,-0.5087568423524449
1788776010.2253382,2026-09-07T10:13:30.225338Z,8259,21,Path Control,65535,255,-0.5096315880963578
1788776010.3254218,2026-09-07T10:13:30.325421Z,8259,21,Path Control,65535,255,-0.5099558634422379
1788776010.425545,2026-09-07T10:13:30.425544Z,8259,21,Path Control,65535,255,-0.5066372177103035
1788776010.5752904,2026-09-07T10:13:30.575290Z,8259,21,Path Control,65535,255,-0.5070721779674253
1788776010.7253852,2026-09-07T10:13:30.725385Z,8259,21,Path Control,65535,255,-0.5066419991526898
1788776010.8254054,2026-09-07T10:13:30.825405Z,8259,21,Path Control,65535,255,-0.50605181773788
1788776010.9254856,2026-09-07T10:13:30.925485Z,8259,21,Path Control,65535,255,-0.5058995809312561
1788776011.0754125,2026-09-07T10:13:31.075412Z,8259,21,Path Control,65535,255,-0.5057931912815902
1788776011.2253454,2026-09-07T10:13:31.225345Z,8259,21,Path Control,65535,255,-0.5062057422096927
1788776011.3255532,2026-09-07T10:13:31.325553Z,8259,21,Path Control,65535,255,-0.5210877141322017
1788776011.4754672,2026-09-07T10:13:31.475467Z,8259,21,Path Control,65535,255,-0.5217922277016368
1788776011.6254113,2026-09-07T10:13:31.625411Z,8259,21,Path Control,65535,255,-0.5219174784164023
1788776011.7254336,2026-09-07T10:13:31.725433Z,8259,21,Path Control,65535,255,-0.5217817373497405
1788776011.8254445,2026-09-07T10:13:31.825444Z,8259,21,Path Control,65535,255,-0.5216277047056432
1788776011.9256368,2026-09-07T10:13:31.925636Z,8259,21,Path Control,65535,255,-0.5213400660440937
1788776012.0753014,2026-09-07T10:13:32.075301Z,8259,21,Path Control,65535,255,-0.5205509909754666
1788776012.2252333,2026-09-07T10:13:32.225233Z,8259,21,Path Control,65535,255,-0.5193324873830564
1788776012.3255396,2026-09-07T10:13:32.325539Z,8259,21,Path Control,65535,255,-0.5207853338634438
1788776012.4754136,2026-09-07T10:13:32.475413Z,8259,21,Path Control,65535,255,-0.518955508358601
1788776012.6255057,2026-09-07T10:13:32.625505Z,8259,21,Path Control,65535,255,-0.5169794224844013
1788776012.7753272,2026-09-07T10:13:32.775327Z,8259,21,Path Control,65535,255,-0.5155426550167699
1788776012.8754725,2026-09-07T10:13:32.875472Z,8259,21,Path Control,65535,255,-0.5148264451181964
1788776013.0253785,2026-09-07T10:13:33.025378Z,8259,21,Path Control,65535,255,-0.513847447865453
1788776013.125423,2026-09-07T10:13:33.125422Z,8259,21,Path Control,65535,255,-0.5127234230075342
1788776013.2754128,2026-09-07T10:13:33.275412Z,8259,21,Path Control,65535,255,-0.5111480833342459
1788776013.425463,2026-09-07T10:13:33.425462Z,8259,21,Path Control,65535,255,-0.5120726333847923
1788776013.5255415,2026-09-07T10:13:33.525541Z,8259,21,Path Control,65535,255,-0.510989176167656
1788776013.6754215,2026-09-07T10:13:33.675421Z,8259,21,Path Control,65535,255,-0.5090009833298053
1788776013.8253715,2026-09-07T10:13:33.825371Z,8259,21,Path Control,65535,255,-0.5064788777605251
1788776013.9254398,2026-09-07T10:13:33.925439Z,8259,21,Path Control,65535,255,-0.5041845098631782
1788776014.0753586,2026-09-07T10:13:34.075358Z,8259,21,Path Control,65535,255,-0.5009871070185059
1788776014.225305,2026-09-07T10:13:34.225305Z,8259,21,Path Control,65535,255,-0.49793656876470715
1788776014.325619,2026-09-07T10:13:34.325618Z,8259,21,Path Control,65535,255,-0.4947047197591303
1788776014.4753652,2026-09-07T10:13:34.475365Z,8259,21,Path Control,65535,255,-0.492279378687582
1788776014.6253912,2026-09-07T10:13:34.625391Z,8259,21,Path Control,65535,255,-0.48964412658187867
1788776014.7255042,2026-09-07T10:13:34.725504Z,8259,21,Path Control,65535,255,-0.48738324033784364
1788776014.8755453,2026-09-07T10:13:34.875545Z,8259,21,Path Control,65535,255,-0.48418307344133743
1788776015.0254176,2026-09-07T10:13:35.025417Z,8259,21,Path Control,65535,255,-0.48103164979154694
1788776015.125441,2026-09-07T10:13:35.125441Z,8259,21,Path Control,65535,255,-0.47888871366299834
1788776015.2753403,2026-09-07T10:13:35.275340Z,8259,21,Path Control,65535,255,-0.47624930056516224
1788776015.3753653,2026-09-07T10:13:35.375365Z,8259,21,Path Control,65535,255,-0.46651951901508143
1788776015.4754214,2026-09-07T10:13:35.475421Z,8259,21,Path Control,65535,255,-0.46505099801185507
1788776015.6254327,2026-09-07T10:13:35.625432Z,8259,21,Path Control,65535,255,-0.46289997194899624
1788776015.775326,2026-09-07T10:13:35.775326Z,8259,21,Path Control,65535,255,-0.4603347444360673
1788776015.875368,2026-09-07T10:13:35.875368Z,8259,21,Path Control,65535,255,-0.45895004426517605
1788776015.9753737,2026-09-07T10:13:35.975373Z,8259,21,Path Control,65535,255,-0.45766126419299696
1788776016.1254056,2026-09-07T10:13:36.125405Z,8259,21,Path Control,65535,255,-0.455631855908753
1788776016.2753642,2026-09-07T10:13:36.275364Z,8259,21,Path Control,65535,255,-0.4538970971857327
1788776016.3753974,2026-09-07T10:13:36.375397Z,8259,21,Path Control,65535,255,-0.4544706917537742
1788776016.5254781,2026-09-07T10:13:36.525478Z,8259,21,Path Control,65535,255,-0.453121275270728
1788776016.6256325,2026-09-07T10:13:36.625632Z,8259,21,Path Control,65535,255,-0.45224152774491205
1788776016.7753618,2026-09-07T10:13:36.775361Z,8259,21,Path Control,65535,255,-0.4497130294925329
1788776016.87534,2026-09-07T10:13:36.875339Z,8259,21,Path Control,65535,255,-0.44846015964899605
1788776017.0254233,2026-09-07T10:13:37.025423Z,8259,21,Path Control,65535,255,-0.4467889149843854
1788776017.1254973,2026-09-07T10:13:37.125497Z,8259,21,Path Control,65535,255,-0.44612757878914183
1788776017.2752635,2026-09-07T10:13:37.275263Z,8259,21,Path Control,65535,255,-0.4450412498347057
1788776017.375347,2026-09-07T10:13:37.375346Z,8259,21,Path Control,65535,255,-0.44532704955964747
1788776017.47546,2026-09-07T10:13:37.475460Z,8259,21,Path Control,65535,255,-0.44466994999801973
1788776017.6254475,2026-09-07T10:13:37.625447Z,8259,21,Path Control,65535,255,-0.44384370536397716
1788776017.775648,2026-09-07T10:13:37.775648Z,8259,21,Path Control,65535,255,-0.4435756085437402
1788776017.9255257,2026-09-07T10:13:37.925525Z,8259,21,Path Control,65535,255,-0.44394972390878146
1788776018.0255764,2026-09-07T10:13:38.025576Z,8259,21,Path Control,65535,255,-0.44433929615992906
1788776018.175405,2026-09-07T10:13:38.175405Z,8259,21,Path Control,65535,255,-0.4432046749567493
1788776018.325464,2026-09-07T10:13:38.325464Z,8259,21,Path Control,65535,255,-0.4421086182074602
1788776018.4255033,2026-09-07T10:13:38.425503Z,8259,21,Path Control,65535,255,-0.43395665268479067
1788776018.5753899,2026-09-07T10:13:38.575389Z,8259,21,Path Control,65535,255,-0.43316525482391055
1788776018.6754367,2026-09-07T10:13:38.675436Z,8259,21,Path Control,65535,255,-0.4329196009731415
1788776018.8256378,2026-09-07T10:13:38.825637Z,8259,21,Path Control,65535,255,-0.43277970890603734
1788776018.9755318,2026-09-07T10:13:38.975531Z,8259,21,Path Control,65535,255,-0.43311603343765176
1788776019.1254303,2026-09-07T10:13:39.125430Z,8259,21,Path Control,65535,255,-0.4330553623042222
1788776019.2752562,2026-09-07T10:13:39.275256Z,8259,21,Path Control,65535,255,-0.4328291123778103
1788776019.3753364,2026-09-07T10:13:39.375336Z,8259,21,Path Control,65535,255,-0.4319206043989979
1788776019.475368,2026-09-07T10:13:39.475368Z,8259,21,Path Control,65535,255,-0.432062949249155
1788776019.6253994,2026-09-07T10:13:39.625399Z,8259,21,Path Control,65535,255,-0.43261628401850516
1788776019.7753446,2026-09-07T10:13:39.775344Z,8259,21,Path Control,65535,255,-0.43462252858255523
1788776019.8754919,2026-09-07T10:13:39.875491Z,8259,21,Path Control,65535,255,-0.4353191865141984
1788776020.0255756,2026-09-07T10:13:40.025575Z,8259,21,Path Control,65535,255,-0.43618475740736073
1788776020.1752489,2026-09-07T10:13:40.175248Z,8259,21,Path Control,65535,255,-0.43760757743740963
1788776020.2753685,2026-09-07T10:13:40.275368Z,8259,21,Path Control,65535,255,-0.4380490236355075
1788776020.375436,2026-09-07T10:13:40.375436Z,8259,21,Path Control,65535,255,-0.4324614446674674
1788776020.5254273,2026-09-07T10:13:40.525427Z,8259,21,Path Control,65535,255,-0.43273501026987826
1788776020.675509,2026-09-07T10:13:40.675508Z,8259,21,Path Control,65535,255,-0.43315816110970096
1788776020.825562,2026-09-07T10:13:40.825562Z,8259,21,Path Control,65535,255,-0.4338535744805343
1788776020.9754324,2026-09-07T10:13:40.975432Z,8259,21,Path Control,65535,255,-0.43571678493130445
1788776021.075417,2026-09-07T10:13:41.075417Z,8259,21,Path Control,65535,255,-0.4367891079713894
1788776021.2252777,2026-09-07T10:13:41.225277Z,8259,21,Path Control,65535,255,-0.43837394793999174
1788776021.325418,2026-09-07T10:13:41.325417Z,8259,21,Path Control,65535,255,-0.442458228425955
1788776021.4254205,2026-09-07T10:13:41.425420Z,8259,21,Path Control,65535,255,-0.4434102115385527
1788776021.5254462,2026-09-07T10:13:41.525446Z,8259,21,Path Control,65535,255,-0.44427107999020254
1788776021.6256626,2026-09-07T10:13:41.625662Z,8259,21,Path Control,65535,255,-0.4451655426455016
1788776021.775418,2026-09-07T10:13:41.775418Z,8259,21,Path Control,65535,255,-0.44631905995809945
1788776021.925416,2026-09-07T10:13:41.925415Z,8259,21,Path Control,65535,255,-0.44712419046548546
1788776022.0255892,2026-09-07T10:13:42.025589Z,8259,21,Path Control,65535,255,-0.4475608475491303
1788776022.175346,2026-09-07T10:13:42.175345Z,8259,21,Path Control,65535,255,-0.4488705286705859
1788776022.2753518,2026-09-07T10:13:42.275351Z,8259,21,Path Control,65535,255,-0.45025394716768974
1788776022.375359,2026-09-07T10:13:42.375359Z,8259,21,Path Control,65535,255,-0.4614428512520675
1788776022.47536,2026-09-07T10:13:42.475359Z,8259,21,Path Control,65535,255,-0.4632257818412178
1788776022.5753958,2026-09-07T10:13:42.575395Z,8259,21,Path Control,65535,255,-0.46512965460108546
1788776022.7254,2026-09-07T10:13:42.725399Z,8259,21,Path Control,65535,255,-0.4681244526899882
1788776022.8753486,2026-09-07T10:13:42.875348Z,8259,21,Path Control,65535,255,-0.4709865769206793
1788776023.0255122,2026-09-07T10:13:43.025512Z,8259,21,Path Control,65535,255,-0.47354950969215526
1788776023.1753576,2026-09-07T10:13:43.175357Z,8259,21,Path Control,65535,255,-0.4746442315861782
1788776023.27539,2026-09-07T10:13:43.275389Z,8259,21,Path Control,65535,255,-0.47568237023723786
1788776023.3754897,2026-09-07T10:13:43.375489Z,8259,21,Path Control,65535,255,-0.4753143829310167
1788776023.5254223,2026-09-07T10:13:43.525422Z,8259,21,Path Control,65535,255,-0.47740436481906345
1788776023.675504,2026-09-07T10:13:43.675503Z,8259,21,Path Control,65535,255,-0.4795037551569207
1788776023.8253443,2026-09-07T10:13:43.825344Z,8259,21,Path Control,65535,255,-0.4814776202514999
1788776023.9254508,2026-09-07T10:13:43.925450Z,8259,21,Path Control,65535,255,-0.48287372505795073
1788776024.0753887,2026-09-07T10:13:44.075388Z,8259,21,Path Control,65535,255,-0.48478269434180454
1788776024.2252674,2026-09-07T10:13:44.225267Z,8259,21,Path Control,65535,255,-0.4864712315813587
1788776024.325416,2026-09-07T10:13:44.325416Z,8259,21,Path Control,65535,255,-0.4871095062176322
1788776024.4754412,2026-09-07T10:13:44.475441Z,8259,21,Path Control,65535,255,-0.49631804809725044
1788776024.6256278,2026-09-07T10:13:44.625627Z,8259,21,Path Control,65535,255,-0.49803061165388657
1788776024.775432,2026-09-07T10:13:44.775432Z,8259,21,Path Control,65535,255,-0.5007367572225787
1788776024.9254506,2026-09-07T10:13:44.925450Z,8259,21,Path Control,65535,255,-0.5029132690133873
1788776025.075436,2026-09-07T10:13:45.075436Z,8259,21,Path Control,65535,255,-0.5042462645684916
1788776025.2253337,2026-09-07T10:13:45.225333Z,8259,21,Path Control,65535,255,-0.5046433687414872
1788776025.325456,2026-09-07T10:13:45.325455Z,8259,21,Path Control,65535,255,-0.5043065455467598
1788776025.475457,2026-09-07T10:13:45.475456Z,8259,21,Path Control,65535,255,-0.4990275837790007
1788776025.625389,2026-09-07T10:13:45.625389Z,8259,21,Path Control,65535,255,-0.4982570148687727
1788776025.725392,2026-09-07T10:13:45.725392Z,8259,21,Path Control,65535,255,-0.49794544652493705
1788776025.8254154,2026-09-07T10:13:45.825415Z,8259,21,Path Control,65535,255,-0.4974319566960647
1788776025.9753237,2026-09-07T10:13:45.975323Z,8259,21,Path Control,65535,255,-0.4972756776995299
1788776026.0753784,2026-09-07T10:13:46.075378Z,8259,21,Path Control,65535,255,-0.4975428922127472
1788776026.225236,2026-09-07T10:13:46.225235Z,8259,21,Path Control,65535,255,-0.4982946217447963
1788776026.3254542,2026-09-07T10:13:46.325454Z,8259,21,Path Control,65535,255,-0.4989057579093222
1788776026.4254549,2026-09-07T10:13:46.425454Z,8259,21,Path Control,65535,255,-0.5064787645917329
1788776026.5255337,2026-09-07T10:13:46.525533Z,8259,21,Path Control,65535,255,-0.5068431635054919
1788776026.6754215,2026-09-07T10:13:46.675421Z,8259,21,Path Control,65535,255,-0.5070113588283018
1788776026.8254066,2026-09-07T10:13:46.825406Z,8259,21,Path Control,65535,255,-0.5065552741805203
1788776026.9254668,2026-09-07T10:13:46.925466Z,8259,21,Path Control,65535,255,-0.5055097854748933
1788776027.0753536,2026-09-07T10:13:47.075353Z,8259,21,Path Control,65535,255,-0.5043484341423831
1788776027.2252274,2026-09-07T10:13:47.225227Z,8259,21,Path Control,65535,255,-0.5034024188382618
1788776027.3255534,2026-09-07T10:13:47.325553Z,8259,21,Path Control,65535,255,-0.5030259480077914
1788776027.4254556,2026-09-07T10:13:47.425455Z,8259,21,Path Control,65535,255,-0.5018195521694614
1788776027.575332,2026-09-07T10:13:47.575331Z,8259,21,Path Control,65535,255,-0.5002747198098536
1788776027.675376,2026-09-07T10:13:47.675375Z,8259,21,Path Control,65535,255,-0.4991507357499136
1788776027.825499,2026-09-07T10:13:47.825499Z,8259,21,Path Control,65535,255,-0.4974307394527809
1788776027.9753296,2026-09-07T10:13:47.975329Z,8259,21,Path Control,65535,255,-0.4963558601018247
1788776028.075424,2026-09-07T10:13:48.075423Z,8259,21,Path Control,65535,255,-0.4956257126810615
1788776028.2253027,2026-09-07T10:13:48.225302Z,8259,21,Path Control,65535,255,-0.4944165864673798
1788776028.325483,2026-09-07T10:13:48.325483Z,8259,21,Path Control,65535,255,-0.49274835000383566
1788776028.4254608,2026-09-07T10:13:48.425460Z,8259,21,Path Control,65535,255,-0.49638157328182086
1788776028.5753865,2026-09-07T10:13:48.575386Z,8259,21,Path Control,65535,255,-0.4939713583871539
1788776028.675519,2026-09-07T10:13:48.675518Z,8259,21,Path Control,65535,255,-0.4922356116582479
1788776028.825473,2026-09-07T10:13:48.825473Z,8259,21,Path Control,65535,255,-0.4895337146067839
1788776028.9753287,2026-09-07T10:13:48.975328Z,8259,21,Path Control,65535,255,-0.4864386979411956
1788776029.0754743,2026-09-07T10:13:49.075474Z,8259,21,Path Control,65535,255,-0.4841127377288574
1788776029.2252328,2026-09-07T10:13:49.225232Z,8259,21,Path Control,65535,255,-0.48052730248560216
1788776029.325402,2026-09-07T10:13:49.325402Z,8259,21,Path Control,65535,255,-0.4813025230554982
1788776029.42576,2026-09-07T10:13:49.425760Z,8259,21,Path Control,65535,255,-0.47964056424549106
1788776029.57533,2026-09-07T10:13:49.575330Z,8259,21,Path Control,65535,255,-0.4772453255593061
1788776029.6753802,2026-09-07T10:13:49.675380Z,8259,21,Path Control,65535,255,-0.4761461437393578
1788776029.825376,2026-09-07T10:13:49.825376Z,8259,21,Path Control,65535,255,-0.4748018661750381
1788776029.9253967,2026-09-07T10:13:49.925396Z,8259,21,Path Control,65535,255,-0.47331081301965267
1788776030.0754063,2026-09-07T10:13:50.075406Z,8259,21,Path Control,65535,255,-0.4712504744704394
1788776030.2253084,2026-09-07T10:13:50.225308Z,8259,21,Path Control,65535,255,-0.46919779311249193
1788776030.3253925,2026-09-07T10:13:50.325392Z,8259,21,Path Control,65535,255,-0.46788408311240975
1788776030.4754808,2026-09-07T10:13:50.475480Z,8259,21,Path Control,65535,255,-0.46201247608942525
1788776030.6253529,2026-09-07T10:13:50.625352Z,8259,21,Path Control,65535,255,-0.46022217716745856
1788776030.7254474,2026-09-07T10:13:50.725447Z,8259,21,Path Control,65535,255,-0.45821564434683837
1788776030.8753715,2026-09-07T10:13:50.875371Z,8259,21,Path Control,65535,255,-0.4556944377350069
1788776031.0253637,2026-09-07T10:13:51.025363Z,8259,21,Path Control,65535,255,-0.45359710873483006
1788776031.1254349,2026-09-07T10:13:51.125434Z,8259,21,Path Control,65535,255,-0.4529231185878887
1788776031.275472,2026-09-07T10:13:51.275471Z,8259,21,Path Control,65535,255,-0.45180317856170615
1788776031.4255831,2026-09-07T10:13:51.425583Z,8259,21,Path Control,65535,255,-0.45363546472701743
1788776031.5755274,2026-09-07T10:13:51.575527Z,8259,21,Path Control,65535,255,-0.45115877998403614
1788776031.7253983,2026-09-07T10:13:51.725398Z,8259,21,Path Control,65535,255,-0.44910919100478963
1788776031.8255215,2026-09-07T10:13:51.825521Z,8259,21,Path Control,65535,255,-0.44781101698288395
1788776031.9754322,2026-09-07T10:13:51.975432Z,8259,21,Path Control,65535,255,-0.4468940854315633
1788776032.0755198,2026-09-07T10:13:52.075519Z,8259,21,Path Control,65535,255,-0.4462703471992562
1788776032.2253382,2026-09-07T10:13:52.225338Z,8259,21,Path Control,65535,255,-0.4453606431835196
1788776032.3253875,2026-09-07T10:13:52.325387Z,8259,21,Path Control,65535,255,-0.4442071440958991
1788776032.4255028,2026-09-07T10:13:52.425502Z,8259,21,Path Control,65535,255,-0.4488176056104744
1788776032.5754566,2026-09-07T10:13:52.575456Z,8259,21,Path Control,65535,255,-0.4475424780546581
1788776032.6756482,2026-09-07T10:13:52.675648Z,8259,21,Path Control,65535,255,-0.44709837966470195
1788776032.8254943,2026-09-07T10:13:52.825494Z,8259,21,Path Control,65535,255,-0.44680167465403264
1788776032.9753947,2026-09-07T10:13:52.975394Z,8259,21,Path Control,65535,255,-0.44692616070851293
1788776033.1254077,2026-09-07T10:13:53.125407Z,8259,21,Path Control,65535,255,-0.4468158479683788
1788776033.2752767,2026-09-07T10:13:53.275276Z,8259,21,Path Control,65535,255,-0.44693491260982865
1788776033.375388,2026-09-07T10:13:53.375387Z,8259,21,Path Control,65535,255,-0.44995354867790377
1788776033.5253952,2026-09-07T10:13:53.525395Z,8259,21,Path Control,65535,255,-0.44996301203620714
1788776033.6254454,2026-09-07T10:13:53.625445Z,8259,21,Path Control,65535,255,-0.44996037064072175
1788776033.7754457,2026-09-07T10:13:53.775445Z,8259,21,Path Control,65535,255,-0.4493844757841944
1788776033.9253383,2026-09-07T10:13:53.925338Z,8259,21,Path Control,65535,255,-0.44902736846974006
1788776034.0254672,2026-09-07T10:13:54.025467Z,8259,21,Path Control,65535,255,-0.4487904434306469
1788776034.17537,2026-09-07T10:13:54.175369Z,8259,21,Path Control,65535,255,-0.4486174937388383
1788776034.3254063,2026-09-07T10:13:54.325406Z,8259,21,Path Control,65535,255,-0.44881311314415645
1788776034.4254377,2026-09-07T10:13:54.425437Z,8259,21,Path Control,65535,255,-0.45220792255472675
1788776034.5754137,2026-09-07T10:13:54.575413Z,8259,21,Path Control,65535,255,-0.4528155777908294
1788776034.6754866,2026-09-07T10:13:54.675486Z,8259,21,Path Control,65535,255,-0.45327734252819035
1788776034.8254545,2026-09-07T10:13:54.825454Z,8259,21,Path Control,65535,255,-0.4540964253975926
1788776034.9254742,2026-09-07T10:13:54.925474Z,8259,21,Path Control,65535,255,-0.4545881036432204
1788776035.0753891,2026-09-07T10:13:55.075389Z,8259,21,Path Control,65535,255,-0.4554665313258619
1788776035.2253227,2026-09-07T10:13:55.225322Z,8259,21,Path Control,65535,255,-0.4564282549692513
1788776035.325454,2026-09-07T10:13:55.325453Z,8259,21,Path Control,65535,255,-0.4576045499337508
1788776035.4255106,2026-09-07T10:13:55.425510Z,8259,21,Path Control,65535,255,-0.4580554440195559
1788776035.5753706,2026-09-07T10:13:55.575370Z,8259,21,Path Control,65535,255,-0.45784952867639594
1788776035.6756575,2026-09-07T10:13:55.675657Z,8259,21,Path Control,65535,255,-0.45788941316884163
1788776035.825384,2026-09-07T10:13:55.825383Z,8259,21,Path Control,65535,255,-0.45793321550593347
1788776035.9254627,2026-09-07T10:13:55.925462Z,8259,21,Path Control,65535,255,-0.45850558760308735
1788776036.0255888,2026-09-07T10:13:56.025588Z,8259,21,Path Control,65535,255,-0.4589416790770162
1788776036.1753721,2026-09-07T10:13:56.175372Z,8259,21,Path Control,65535,255,-0.45995565769886615
1788776036.3253949,2026-09-07T10:13:56.325394Z,8259,21,Path Control,65535,255,-0.4613002492661306
1788776036.4754093,2026-09-07T10:13:56.475409Z,8259,21,Path Control,65535,255,-0.47483485005350257
1788776036.6255844,2026-09-07T10:13:56.625584Z,8259,21,Path Control,65535,255,-0.4776699299244295
1788776036.7753656,2026-09-07T10:13:56.775365Z,8259,21,Path Control,65535,255,-0.4792568287961254
1788776036.87537,2026-09-07T10:13:56.875370Z,8259,21,Path Control,65535,255,-0.47981865547432345
1788776036.9755838,2026-09-07T10:13:56.975583Z,8259,21,Path Control,65535,255,-0.480164476996187
1788776037.1254728,2026-09-07T10:13:57.125472Z,8259,21,Path Control,65535,255,-0.48107728348755996
1788776037.2754796,2026-09-07T10:13:57.275479Z,8259,21,Path Control,65535,255,-0.48225427872138976
1788776037.4255521,2026-09-07T10:13:57.425552Z,8259,21,Path Control,65535,255,-0.47994787490064095
1788776037.5754774,2026-09-07T10:13:57.575477Z,8259,21,Path Control,65535,255,-0.48073115067703753
1788776037.67553,2026-09-07T10:13:57.675529Z,8259,21,Path Control,65535,255,-0.4813028788640501
1788776037.7756116,2026-09-07T10:13:57.775611Z,8259,21,Path Control,65535,255,-0.48182098516116134
1788776037.9254827,2026-09-07T10:13:57.925482Z,8259,21,Path Control,65535,255,-0.48254066495580306
1788776038.0756128,2026-09-07T10:13:58.075612Z,8259,21,Path Control,65535,255,-0.48327937413943384
1788776038.2252376,2026-09-07T10:13:58.225237Z,8259,21,Path Control,65535,255,-0.48407886812319706
1788776038.3254879,2026-09-07T10:13:58.325487Z,8259,21,Path Control,65535,255,-0.4848411716363602
1788776038.4753637,2026-09-07T10:13:58.475363Z,8259,21,Path Control,65535,255,-0.4990637857585554
1788776038.6253402,2026-09-07T10:13:58.625340Z,8259,21,Path Control,65535,255,-0.4999300636533431
1788776038.72544,2026-09-07T10:13:58.725440Z,8259,21,Path Control,65535,255,-0.5005926801977209
1788776038.875435,2026-09-07T10:13:58.875435Z,8259,21,Path Control,65535,255,-0.5015482068940481
1788776039.0253606,2026-09-07T10:13:59.025360Z,8259,21,Path Control,65535,255,-0.5024989117760977
1788776039.1753771,2026-09-07T10:13:59.175377Z,8259,21,Path Control,65535,255,-0.5031508242538031
1788776039.2753973,2026-09-07T10:13:59.275397Z,8259,21,Path Control,65535,255,-0.5031126890473783
1788776039.3754153,2026-09-07T10:13:59.375415Z,8259,21,Path Control,65535,255,-0.5049861153210439
1788776039.525421,2026-09-07T10:13:59.525420Z,8259,21,Path Control,65535,255,-0.5041411149220894
1788776039.675339,2026-09-07T10:13:59.675338Z,8259,21,Path Control,65535,255,-0.5032992747950269
1788776039.8253257,2026-09-07T10:13:59.825325Z,8259,21,Path Control,65535,255,-0.5026175222772662
1788776039.9254642,2026-09-07T10:13:59.925464Z,8259,21,Path Control,65535,255,-0.5021654709077078
1788776040.025468,2026-09-07T10:14:00.025468Z,8259,21,Path Control,65535,255,-0.5017107491113891
1788776040.1754632,2026-09-07T10:14:00.175463Z,8259,21,Path Control,65535,255,-0.5009592324653459
1788776040.2753742,2026-09-07T10:14:00.275374Z,8259,21,Path Control,65535,255,-0.5008918066056384
1788776040.4253676,2026-09-07T10:14:00.425367Z,8259,21,Path Control,65535,255,-0.5042578029270641
1788776040.5254319,2026-09-07T10:14:00.525431Z,8259,21,Path Control,65535,255,-0.5036021157059755
1788776040.6753345,2026-09-07T10:14:00.675334Z,8259,21,Path Control,65535,255,-0.502557385207552
1788776040.8253345,2026-09-07T10:14:00.825334Z,8259,21,Path Control,65535,255,-0.5014319771691553
1788776040.9254603,2026-09-07T10:14:00.925460Z,8259,21,Path Control,65535,255,-0.5006055435874952
1788776041.0753663,2026-09-07T10:14:01.075366Z,8259,21,Path Control,65535,255,-0.49922735856598216
1788776041.2253335,2026-09-07T10:14:01.225333Z,8259,21,Path Control,65535,255,-0.497585673367572
1788776041.3255234,2026-09-07T10:14:01.325523Z,8259,21,Path Control,65535,255,-0.5048011697614434
1788776041.4753761,2026-09-07T10:14:01.475376Z,8259,21,Path Control,65535,255,-0.5026312695329724
1788776041.6253464,2026-09-07T10:14:01.625346Z,8259,21,Path Control,65535,255,-0.5007434307202437
1788776041.7254016,2026-09-07T10:14:01.725401Z,8259,21,Path Control,65535,255,-0.5001435169099048
1788776041.8255336,2026-09-07T10:14:01.825533Z,8259,21,Path Control,65535,255,-0.4994820837016491
1788776041.9754512,2026-09-07T10:14:01.975451Z,8259,21,Path Control,65535,255,-0.4991132911088467
1788776042.1253417,2026-09-07T10:14:02.125341Z,8259,21,Path Control,65535,255,-0.4984349082205444
1788776042.2755933,2026-09-07T10:14:02.275593Z,8259,21,Path Control,65535,255,-0.49734096815309187
1788776042.4255846,2026-09-07T10:14:02.425584Z,8259,21,Path Control,65535,255,-0.49451537589565386
1788776042.5753858,2026-09-07T10:14:02.575385Z,8259,21,Path Control,65535,255,-0.4917550842420051
1788776042.6754797,2026-09-07T10:14:02.675479Z,8259,21,Path Control,65535,255,-0.4902801241348782
1788776042.8255475,2026-09-07T10:14:02.825547Z,8259,21,Path Control,65535,255,-0.48820772747199176
1788776042.975359,2026-09-07T10:14:02.975358Z,8259,21,Path Control,65535,255,-0.4867049028461012
1788776043.0754209,2026-09-07T10:14:03.075420Z,8259,21,Path Control,65535,255,-0.4855313720520329
1788776043.225371,2026-09-07T10:14:03.225370Z,8259,21,Path Control,65535,255,-0.48370867181554195
1788776043.3254774,2026-09-07T10:14:03.325477Z,8259,21,Path Control,65535,255,-0.48705675776295015
1788776043.4254842,2026-09-07T10:14:03.425484Z,8259,21,Path Control,65535,255,-0.4854372592065086
1788776043.5753531,2026-09-07T10:14:03.575353Z,8259,21,Path Control,65535,255,-0.4826942020042964
1788776043.6753747,2026-09-07T10:14:03.675374Z,8259,21,Path Control,65535,255,-0.48124809433677646
1788776043.8255389,2026-09-07T10:14:03.825538Z,8259,21,Path Control,65535,255,-0.4792816460569103
1788776043.9753895,2026-09-07T10:14:03.975389Z,8259,21,Path Control,65535,255,-0.4776684544548627
1788776044.0754032,2026-09-07T10:14:04.075403Z,8259,21,Path Control,65535,255,-0.47640981765064205
1788776044.2252302,2026-09-07T10:14:04.225230Z,8259,21,Path Control,65535,255,-0.4745361963447523
1788776044.3253937,2026-09-07T10:14:04.325393Z,8259,21,Path Control,65535,255,-0.4709055929648841
1788776044.4254425,2026-09-07T10:14:04.425442Z,8259,21,Path Control,65535,255,-0.4696661007196707
1788776044.575336,2026-09-07T10:14:04.575335Z,8259,21,Path Control,65535,255,-0.46717225156731473
1788776044.6754189,2026-09-07T10:14:04.675418Z,8259,21,Path Control,65535,255,-0.46543358691519465
1788776044.8255198,2026-09-07T10:14:04.825519Z,8259,21,Path Control,65535,255,-0.4627174930822027
1788776044.9753208,2026-09-07T10:14:04.975320Z,8259,21,Path Control,65535,255,-0.46035840475246725
1788776045.0754201,2026-09-07T10:14:05.075420Z,8259,21,Path Control,65535,255,-0.45884280551215023
1788776045.225227,2026-09-07T10:14:05.225227Z,8259,21,Path Control,65535,255,-0.4567709354273554
1788776045.3253984,2026-09-07T10:14:05.325398Z,8259,21,Path Control,65535,255,-0.46205010673948205
1788776045.4754412,2026-09-07T10:14:05.475441Z,8259,21,Path Control,65535,255,-0.46190381533716834
1788776045.6255424,2026-09-07T10:14:05.625542Z,8259,21,Path Control,65535,255,-0.46257816752838943
1788776045.7753618,2026-09-07T10:14:05.775361Z,8259,21,Path Control,65535,255,-0.46227577808899867
1788776045.8753893,2026-09-07T10:14:05.875389Z,8259,21,Path Control,65535,255,-0.4614181706548487
1788776046.0255163,2026-09-07T10:14:06.025516Z,8259,21,Path Control,65535,255,-0.4596157854312772
1788776046.1752682,2026-09-07T10:14:06.175268Z,8259,21,Path Control,65535,255,-0.45715743636916856
1788776046.2753613,2026-09-07T10:14:06.275361Z,8259,21,Path Control,65535,255,-0.4556957762837427
1788776046.3754501,2026-09-07T10:14:06.375450Z,8259,21,Path Control,65535,255,-0.4501138987555964
1788776046.5253975,2026-09-07T10:14:06.525397Z,8259,21,Path Control,65535,255,-0.4491180527418337
1788776046.6253777,2026-09-07T10:14:06.625377Z,8259,21,Path Control,65535,255,-0.44877972736117355
1788776046.7753513,2026-09-07T10:14:06.775351Z,8259,21,Path Control,65535,255,-0.4491045035164798
1788776046.9253492,2026-09-07T10:14:06.925349Z,8259,21,Path Control,65535,255,-0.44946628877385075
1788776047.0253503,2026-09-07T10:14:07.025350Z,8259,21,Path Control,65535,255,-0.44976989552034324
1788776047.1253576,2026-09-07T10:14:07.125357Z,8259,21,Path Control,65535,255,-0.4497996671862134
1788776047.275374,2026-09-07T10:14:07.275373Z,8259,21,Path Control,65535,255,-0.4497866581480229
1788776047.4253383,2026-09-07T10:14:07.425338Z,8259,21,Path Control,65535,255,-0.44880688538582253
1788776047.5254385,2026-09-07T10:14:07.525438Z,8259,21,Path Control,65535,255,-0.4492164303700385
1788776047.675403,2026-09-07T10:14:07.675403Z,8259,21,Path Control,65535,255,-0.4500008918552062
1788776047.8253405,2026-09-07T10:14:07.825340Z,8259,21,Path Control,65535,255,-0.4509455142238713
1788776047.9254293,2026-09-07T10:14:07.925429Z,8259,21,Path Control,65535,255,-0.45091358117284963
1788776048.0753653,2026-09-07T10:14:08.075365Z,8259,21,Path Control,65535,255,-0.45067090947126837
1788776048.2253551,2026-09-07T10:14:08.225355Z,8259,21,Path Control,65535,255,-0.44998104344252615
1788776048.3254945,2026-09-07T10:14:08.325494Z,8259,21,Path Control,65535,255,-0.44938959396264233
1788776048.4754875,2026-09-07T10:14:08.475487Z,8259,21,Path Control,65535,255,-0.448551470364388
1788776048.6253552,2026-09-07T10:14:08.625355Z,8259,21,Path Control,65535,255,-0.44796724089361223
1788776048.725426,2026-09-07T10:14:08.725425Z,8259,21,Path Control,65535,255,-0.44879457593660155
1788776048.8254538,2026-09-07T10:14:08.825453Z,8259,21,Path Control,65535,255,-0.44944595415011457
1788776048.9753723,2026-09-07T10:14:08.975372Z,8259,21,Path Control,65535,255,-0.4508786607224916
1788776049.1254478,2026-09-07T10:14:09.125447Z,8259,21,Path Control,65535,255,-0.45312307635973836
1788776049.2753556,2026-09-07T10:14:09.275355Z,8259,21,Path Control,65535,255,-0.45519115174351343
1788776049.4253736,2026-09-07T10:14:09.425373Z,8259,21,Path Control,65535,255,-0.4559618313155572
1788776049.5254014,2026-09-07T10:14:09.525401Z,8259,21,Path Control,65535,255,-0.4562393513958696
1788776049.675511,2026-09-07T10:14:09.675510Z,8259,21,Path Control,65535,255,-0.45685897878087495
1788776049.7754908,2026-09-07T10:14:09.775490Z,8259,21,Path Control,65535,255,-0.4571847993278575
1788776049.9255161,2026-09-07T10:14:09.925516Z,8259,21,Path Control,65535,255,-0.45763061849434183
1788776050.0753593,2026-09-07T10:14:10.075359Z,8259,21,Path Control,65535,255,-0.4578483049188288
1788776050.2253082,2026-09-07T10:14:10.225308Z,8259,21,Path Control,65535,255,-0.4577719099846109
1788776050.3253589,2026-09-07T10:14:10.325358Z,8259,21,Path Control,65535,255,-0.46589144138579186
1788776050.4253855,2026-09-07T10:14:10.425385Z,8259,21,Path Control,65535,255,-0.4658749794224782
1788776050.5254068,2026-09-07T10:14:10.525406Z,8259,21,Path Control,65535,255,-0.4669339734273608
1788776050.6254306,2026-09-07T10:14:10.625430Z,8259,21,Path Control,65535,255,-0.46785251378982623
1788776050.7254922,2026-09-07T10:14:10.725492Z,8259,21,Path Control,65535,255,-0.46921275998831846
1788776050.8752878,2026-09-07T10:14:10.875287Z,8259,21,Path Control,65535,255,-0.4711465518470044
1788776050.9753406,2026-09-07T10:14:10.975340Z,8259,21,Path Control,65535,255,-0.4724252005578981
1788776051.075383,2026-09-07T10:14:11.075382Z,8259,21,Path Control,65535,255,-0.47375543307084067
1788776051.2253153,2026-09-07T10:14:11.225315Z,8259,21,Path Control,65535,255,-0.47575202884607753
1788776051.3254387,2026-09-07T10:14:11.325438Z,8259,21,Path Control,65535,255,-0.46726905582767325
1788776051.4755127,2026-09-07T10:14:11.475512Z,8259,21,Path Control,65535,255,-0.46718104300334085
1788776051.625341,2026-09-07T10:14:11.625340Z,8259,21,Path Control,65535,255,-0.4667843791359104
1788776051.7253833,2026-09-07T10:14:11.725383Z,8259,21,Path Control,65535,255,-0.46675574997879055
1788776051.8753247,2026-09-07T10:14:11.875324Z,8259,21,Path Control,65535,255,-0.46686991045305865
1788776051.97531,2026-09-07T10:14:11.975310Z,8259,21,Path Control,65535,255,-0.46713703664852485
1788776052.0753763,2026-09-07T10:14:12.075376Z,8259,21,Path Control,65535,255,-0.46764931699154766
1788776052.2253072,2026-09-07T10:14:12.225307Z,8259,21,Path Control,65535,255,-0.46854348710161164
1788776052.3254023,2026-09-07T10:14:12.325402Z,8259,21,Path Control,65535,255,-0.46932994807609707
1788776052.4753892,2026-09-07T10:14:12.475389Z,8259,21,Path Control,65535,255,-0.48171279290763475
1788776052.575404,2026-09-07T10:14:12.575403Z,8259,21,Path Control,65535,255,-0.48283588869860794
1788776052.6754522,2026-09-07T10:14:12.675452Z,8259,21,Path Control,65535,255,-0.4836928474535809
1788776052.8254006,2026-09-07T10:14:12.825400Z,8259,21,Path Control,65535,255,-0.4849202017031285
1788776052.9255486,2026-09-07T10:14:12.925548Z,8259,21,Path Control,65535,255,-0.4856242941224638
1788776053.0756052,2026-09-07T10:14:13.075605Z,8259,21,Path Control,65535,255,-0.48647539793026195
1788776053.2252371,2026-09-07T10:14:13.225237Z,8259,21,Path Control,65535,255,-0.4869424111121759
1788776053.3254278,2026-09-07T10:14:13.325427Z,8259,21,Path Control,65535,255,-0.4881758690670992
1788776053.4753852,2026-09-07T10:14:13.475385Z,8259,21,Path Control,65535,255,-0.4873124898615732
1788776053.5754013,2026-09-07T10:14:13.575401Z,8259,21,Path Control,65535,255,-0.4866500509534202
1788776053.7254033,2026-09-07T10:14:13.725403Z,8259,21,Path Control,65535,255,-0.4862186167408452
1788776053.8254137,2026-09-07T10:14:13.825413Z,8259,21,Path Control,65535,255,-0.48593645233049426
1788776053.9255881,2026-09-07T10:14:13.925588Z,8259,21,Path Control,65535,255,-0.4859262286641869
1788776054.0754116,2026-09-07T10:14:14.075411Z,8259,21,Path Control,65535,255,-0.48604359299362054
1788776054.2254057,2026-09-07T10:14:14.225405Z,8259,21,Path Control,65535,255,-0.4865428687556176
1788776054.3254461,2026-09-07T10:14:14.325446Z,8259,21,Path Control,65535,255,-0.4965501817585835
1788776054.425536,2026-09-07T10:14:14.425535Z,8259,21,Path Control,65535,255,-0.4972759925403388
1788776054.5755532,2026-09-07T10:14:14.575553Z,8259,21,Path Control,65535,255,-0.4981533056881279
1788776054.6755748,2026-09-07T10:14:14.675574Z,8259,21,Path Control,65535,255,-0.4984242814082474
1788776054.7756617,2026-09-07T10:14:14.775661Z,8259,21,Path Control,65535,255,-0.49854824609409204
1788776054.9253905,2026-09-07T10:14:14.925390Z,8259,21,Path Control,65535,255,-0.4980229613659281
1788776055.0254602,2026-09-07T10:14:15.025460Z,8259,21,Path Control,65535,255,-0.4975102810122361
1788776055.1254234,2026-09-07T10:14:15.125423Z,8259,21,Path Control,65535,255,-0.49711504409175217
1788776055.2753847,2026-09-07T10:14:15.275384Z,8259,21,Path Control,65535,255,-0.49660163920711636
1788776055.3753893,2026-09-07T10:14:15.375389Z,8259,21,Path Control,65535,255,-0.498761062005974
1788776055.4754746,2026-09-07T10:14:15.475474Z,8259,21,Path Control,65535,255,-0.49868207165851763
1788776055.6253817,2026-09-07T10:14:15.625381Z,8259,21,Path Control,65535,255,-0.4986039392431783
1788776055.7754836,2026-09-07T10:14:15.775483Z,8259,21,Path Control,65535,255,-0.49868014233788305
1788776055.9253993,2026-09-07T10:14:15.925399Z,8259,21,Path Control,65535,255,-0.49836814419039766
1788776056.0756614,2026-09-07T10:14:16.075661Z,8259,21,Path Control,65535,255,-0.49826050289407864
1788776056.2252538,2026-09-07T10:14:16.225253Z,8259,21,Path Control,65535,255,-0.4984587919488039
1788776056.3253965,2026-09-07T10:14:16.325396Z,8259,21,Path Control,65535,255,-0.49861517770599334
1788776056.4754071,2026-09-07T10:14:16.475407Z,8259,21,Path Control,65535,255,-0.5095266762167764
1788776056.5754173,2026-09-07T10:14:16.575417Z,8259,21,Path Control,65535,255,-0.5092386732849877
1788776056.6754267,2026-09-07T10:14:16.675426Z,8259,21,Path Control,65535,255,-0.5086355053604249
1788776056.7755558,2026-09-07T10:14:16.775555Z,8259,21,Path Control,65535,255,-0.507874675186099
1788776056.9254036,2026-09-07T10:14:16.925403Z,8259,21,Path Control,65535,255,-0.5062515138551025
1788776057.0255115,2026-09-07T10:14:17.025511Z,8259,21,Path Control,65535,255,-0.5050702123747624
1788776057.1753175,2026-09-07T10:14:17.175317Z,8259,21,Path Control,65535,255,-0.5033026255216246
1788776057.2754304,2026-09-07T10:14:17.275430Z,8259,21,Path Control,65535,255,-0.502099919870846
1788776057.3755462,2026-09-07T10:14:17.375546Z,8259,21,Path Control,65535,255,-0.5091020223988983
1788776057.475563,2026-09-07T10:14:17.475563Z,8259,21,Path Control,65535,255,-0.5082364913500377
1788776057.6253562,2026-09-07T10:14:17.625356Z,8259,21,Path Control,65535,255,-0.5070654327526605
1788776057.7754827,2026-09-07T10:14:17.775482Z,8259,21,Path Control,65535,255,-0.5057182620148788
1788776057.8756983,2026-09-07T10:14:17.875698Z,8259,21,Path Control,65535,255,-0.5048044276886978
1788776058.025331,2026-09-07T10:14:18.025331Z,8259,21,Path Control,65535,255,-0.5034872195138618
1788776058.125399,2026-09-07T10:14:18.125399Z,8259,21,Path Control,65535,255,-0.5028739477783056
1788776058.275809,2026-09-07T10:14:18.275809Z,8259,21,Path Control,65535,255,-0.5016468024104482
1788776058.4253566,2026-09-07T10:14:18.425356Z,8259,21,Path Control,65535,255,-0.4969715388190275
1788776058.5255418,2026-09-07T10:14:18.525541Z,8259,21,Path Control,65535,255,-0.4956900623455757
1788776058.6754153,2026-09-07T10:14:18.675415Z,8259,21,Path Control,65535,255,-0.4942996270930536
1788776058.8253667,2026-09-07T10:14:18.825366Z,8259,21,Path Control,65535,255,-0.49340806228489364
1788776058.9255316,2026-09-07T10:14:18.925531Z,8259,21,Path Control,65535,255,-0.4927268816496598
1788776059.0753853,2026-09-07T10:14:19.075385Z,8259,21,Path Control,65535,255,-0.49124360812466283
1788776059.225274,2026-09-07T10:14:19.225274Z,8259,21,Path Control,65535,255,-0.48927326437576757
1788776059.3254786,2026-09-07T10:14:19.325478Z,8259,21,Path Control,65535,255,-0.48549127433744627
1788776059.475534,2026-09-07T10:14:19.475533Z,8259,21,Path Control,65535,255,-0.4842551895579134
1788776059.6254137,2026-09-07T10:14:19.625413Z,8259,21,Path Control,65535,255,-0.48347006082954747
1788776059.7254593,2026-09-07T10:14:19.725459Z,8259,21,Path Control,65535,255,-0.48262291308881616
1788776059.8755164,2026-09-07T10:14:19.875516Z,8259,21,Path Control,65535,255,-0.48111614456948465
1788776060.025377,2026-09-07T10:14:20.025377Z,8259,21,Path Control,65535,255,-0.47921078460510586
1788776060.1253805,2026-09-07T10:14:20.125380Z,8259,21,Path Control,65535,255,-0.4774134207808606
1788776060.2754416,2026-09-07T10:14:20.275441Z,8259,21,Path Control,65535,255,-0.4749704716458756
1788776060.4254086,2026-09-07T10:14:20.425408Z,8259,21,Path Control,65535,255,-0.4749991392641072
1788776060.525382,2026-09-07T10:14:20.525382Z,8259,21,Path Control,65535,255,-0.47410874843175604
1788776060.67545,2026-09-07T10:14:20.675450Z,8259,21,Path Control,65535,255,-0.4725048954759112
1788776060.8253322,2026-09-07T10:14:20.825332Z,8259,21,Path Control,65535,255,-0.4708041732336649
1788776060.9253962,2026-09-07T10:14:20.925396Z,8259,21,Path Control,65535,255,-0.4697517421444212
1788776061.0754547,2026-09-07T10:14:21.075454Z,8259,21,Path Control,65535,255,-0.4681615350214619
1788776061.225262,2026-09-07T10:14:21.225261Z,8259,21,Path Control,65535,255,-0.4667229244777272
1788776061.3254504,2026-09-07T10:14:21.325450Z,8259,21,Path Control,65535,255,-0.46775213036935587
1788776061.4758432,2026-09-07T10:14:21.475843Z,8259,21,Path Control,65535,255,-0.467391478115671
1788776061.6253736,2026-09-07T10:14:21.625373Z,8259,21,Path Control,65535,255,-0.4675933985596704
1788776061.7254417,2026-09-07T10:14:21.725441Z,8259,21,Path Control,65535,255,-0.4671555381339054
1788776061.8754725,2026-09-07T10:14:21.875472Z,8259,21,Path Control,65535,255,-0.46633480108701375
1788776061.975497,2026-09-07T10:14:21.975497Z,8259,21,Path Control,65535,255,-0.46554036514465424
1788776062.125398,2026-09-07T10:14:22.125397Z,8259,21,Path Control,65535,255,-0.4642503866597121
1788776062.2754002,2026-09-07T10:14:22.275400Z,8259,21,Path Control,65535,255,-0.4635091369314428
1788776062.3753984,2026-09-07T10:14:22.375398Z,8259,21,Path Control,65535,255,-0.4602342280449011
1788776062.4754374,2026-09-07T10:14:22.475437Z,8259,21,Path Control,65535,255,-0.45990942590444484
1788776062.5755565,2026-09-07T10:14:22.575556Z,8259,21,Path Control,65535,255,-0.45949943795192166
1788776062.72534,2026-09-07T10:14:22.725339Z,8259,21,Path Control,65535,255,-0.4589360907632888
1788776062.8253665,2026-09-07T10:14:22.825366Z,8259,21,Path Control,65535,255,-0.45855763125359933
1788776062.9753108,2026-09-07T10:14:22.975310Z,8259,21,Path Control,65535,255,-0.45844752111503856
1788776063.0754893,2026-09-07T10:14:23.075489Z,8259,21,Path Control,65535,255,-0.4586934156167572
1788776063.2252333,2026-09-07T10:14:23.225233Z,8259,21,Path Control,65535,255,-0.4592177768703014
1788776063.3253863,2026-09-07T10:14:23.325386Z,8259,21,Path Control,65535,255,-0.46472395451142784
1788776063.4759998,2026-09-07T10:14:23.475999Z,8259,21,Path Control,65535,255,-0.46418713285759666
1788776063.6256013,2026-09-07T10:14:23.625601Z,8259,21,Path Control,65535,255,-0.4638338419010432
1788776063.7758906,2026-09-07T10:14:23.775890Z,8259,21,Path Control,65535,255,-0.4637331207046058
1788776063.9253805,2026-09-07T10:14:23.925380Z,8259,21,Path Control,65535,255,-0.4638604449076244
1788776064.0756178,2026-09-07T10:14:24.075617Z,8259,21,Path Control,65535,255,-0.46374532135189883
1788776064.2253668,2026-09-07T10:14:24.225366Z,8259,21,Path Control,65535,255,-0.46320726860136613
1788776064.3254,2026-09-07T10:14:24.325400Z,8259,21,Path Control,65535,255,-0.46298914502770167
1788776064.4255276,2026-09-07T10:14:24.425527Z,8259,21,Path Control,65535,255,-0.4621969182772708
1788776064.5757492,2026-09-07T10:14:24.575749Z,8259,21,Path Control,65535,255,-0.46158625302678147
1788776064.72545,2026-09-07T10:14:24.725450Z,8259,21,Path Control,65535,255,-0.4616582013383467
1788776064.8255756,2026-09-07T10:14:24.825575Z,8259,21,Path Control,65535,255,-0.46183291923196185
1788776064.9753623,2026-09-07T10:14:24.975362Z,8259,21,Path Control,65535,255,-0.4624657697220858
1788776065.0753777,2026-09-07T10:14:25.075377Z,8259,21,Path Control,65535,255,-0.46301255050000295
1788776065.2253845,2026-09-07T10:14:25.225384Z,8259,21,Path Control,65535,255,-0.46396668318551826
1788776065.325409,2026-09-07T10:14:25.325408Z,8259,21,Path Control,65535,255,-0.4594624654472757
1788776065.4255106,2026-09-07T10:14:25.425510Z,8259,21,Path Control,65535,255,-0.459990100097317
1788776065.5754719,2026-09-07T10:14:25.575471Z,8259,21,Path Control,65535,255,-0.45990627756194774
1788776065.6754718,2026-09-07T10:14:25.675471Z,8259,21,Path Control,65535,255,-0.4601435908193074
1788776065.775628,2026-09-07T10:14:25.775628Z,8259,21,Path Control,65535,255,-0.4604529908716599
1788776065.9254885,2026-09-07T10:14:25.925488Z,8259,21,Path Control,65535,255,-0.46090200893772076
1788776066.0255127,2026-09-07T10:14:26.025512Z,8259,21,Path Control,65535,255,-0.46112611020586375
1788776066.175342,2026-09-07T10:14:26.175342Z,8259,21,Path Control,65535,255,-0.46178857974652204
1788776066.2753432,2026-09-07T10:14:26.275343Z,8259,21,Path Control,65535,255,-0.46195470076292466
1788776066.375599,2026-09-07T10:14:26.375598Z,8259,21,Path Control,65535,255,-0.4692243767611862
1788776066.525444,2026-09-07T10:14:26.525444Z,8259,21,Path Control,65535,255,-0.47007118372959245
1788776066.675428,2026-09-07T10:14:26.675427Z,8259,21,Path Control,65535,255,-0.47115121832274787
1788776066.7754903,2026-09-07T10:14:26.775490Z,8259,21,Path Control,65535,255,-0.47195630465304844
1788776066.9254878,2026-09-07T10:14:26.925487Z,8259,21,Path Control,65535,255,-0.4735698410211708
1788776067.075436,2026-09-07T10:14:27.075436Z,8259,21,Path Control,65535,255,-0.4754076034194599
1788776067.225329,2026-09-07T10:14:27.225328Z,8259,21,Path Control,65535,255,-0.47739929355842103
1788776067.3253741,2026-09-07T10:14:27.325374Z,8259,21,Path Control,65535,255,-0.47390199538278577
1788776067.4255579,2026-09-07T10:14:27.425557Z,8259,21,Path Control,65535,255,-0.47487174531288723
1788776067.5756266,2026-09-07T10:14:27.575626Z,8259,21,Path Control,65535,255,-0.4747970003233101
1788776067.6756625,2026-09-07T10:14:27.675662Z,8259,21,Path Control,65535,255,-0.47481810021838505
1788776067.8254566,2026-09-07T10:14:27.825456Z,8259,21,Path Control,65535,255,-0.47475604290588813
1788776067.9754596,2026-09-07T10:14:27.975459Z,8259,21,Path Control,65535,255,-0.47482604818342045
1788776068.0754175,2026-09-07T10:14:28.075417Z,8259,21,Path Control,65535,255,-0.47545501022714515
1788776068.2252367,2026-09-07T10:14:28.225236Z,8259,21,Path Control,65535,255,-0.47669300542817145
1788776068.325438,2026-09-07T10:14:28.325438Z,8259,21,Path Control,65535,255,-0.48397146237277
1788776068.4755602,2026-09-07T10:14:28.475560Z,8259,21,Path Control,65535,255,-0.4851069656846309
1788776068.6253366,2026-09-07T10:14:28.625336Z,8259,21,Path Control,65535,255,-0.48576800898826616
1788776068.725433,2026-09-07T10:14:28.725433Z,8259,21,Path Control,65535,255,-0.4860309393828369
1788776068.8756044,2026-09-07T10:14:28.875604Z,8259,21,Path Control,65535,255,-0.48710053333426556
1788776069.0254424,2026-09-07T10:14:29.025442Z,8259,21,Path Control,65535,255,-0.4888016283884817
1788776069.175315,2026-09-07T10:14:29.175314Z,8259,21,Path Control,65535,255,-0.4900427767585153
1788776069.2755637,2026-09-07T10:14:29.275563Z,8259,21,Path Control,65535,255,-0.4907682486551961
1788776069.4254382,2026-09-07T10:14:29.425438Z,8259,21,Path Control,65535,255,-0.49138933802279344
1788776069.5255096,2026-09-07T10:14:29.525509Z,8259,21,Path Control,65535,255,-0.49186120775682374
1788776069.6754866,2026-09-07T10:14:29.675486Z,8259,21,Path Control,65535,255,-0.4922281453033113
1788776069.7756207,2026-09-07T10:14:29.775620Z,8259,21,Path Control,65535,255,-0.49220409356944334
1788776069.9253957,2026-09-07T10:14:29.925395Z,8259,21,Path Control,65535,255,-0.4920811739336299
1788776070.0254672,2026-09-07T10:14:30.025467Z,8259,21,Path Control,65535,255,-0.4919149327844181
1788776070.1752985,2026-09-07T10:14:30.175298Z,8259,21,Path Control,65535,255,-0.4920155451491345
1788776070.275485,2026-09-07T10:14:30.275485Z,8259,21,Path Control,65535,255,-0.49211813529610576
1788776070.3756409,2026-09-07T10:14:30.375640Z,8259,21,Path Control,65535,255,-0.497699301934022
1788776070.5253942,2026-09-07T10:14:30.525394Z,8259,21,Path Control,65535,255,-0.49867893738754443
1788776070.6254036,2026-09-07T10:14:30.625403Z,8259,21,Path Control,65535,255,-0.4994830853369436
1788776070.7254124,2026-09-07T10:14:30.725412Z,8259,21,Path Control,65535,255,-0.49988972905114504
1788776070.8755026,2026-09-07T10:14:30.875502Z,8259,21,Path Control,65535,255,-0.5000746447420774
1788776071.025343,2026-09-07T10:14:31.025342Z,8259,21,Path Control,65535,255,-0.4996199741274873
1788776071.1254523,2026-09-07T10:14:31.125452Z,8259,21,Path Control,65535,255,-0.49909962739673647
1788776071.2754838,2026-09-07T10:14:31.275483Z,8259,21,Path Control,65535,255,-0.4987746364186568
1788776071.4254053,2026-09-07T10:14:31.425405Z,8259,21,Path Control,65535,255,-0.4952401051823944
1788776071.5254445,2026-09-07T10:14:31.525444Z,8259,21,Path Control,65535,255,-0.49521851191343846
1788776071.625484,2026-09-07T10:14:31.625483Z,8259,21,Path Control,65535,255,-0.4951892817250861
1788776071.7754416,2026-09-07T10:14:31.775441Z,8259,21,Path Control,65535,255,-0.4949953649944011
1788776071.8754594,2026-09-07T10:14:31.875459Z,8259,21,Path Control,65535,255,-0.4946900320597893
1788776072.0254474,2026-09-07T10:14:32.025447Z,8259,21,Path Control,65535,255,-0.494109825613376
1788776072.1753242,2026-09-07T10:14:32.175324Z,8259,21,Path Control,65535,255,-0.4943778725225716
1788776072.27539,2026-09-07T10:14:32.275389Z,8259,21,Path Control,65535,255,-0.4945218718870278
1788776072.3754265,2026-09-07T10:14:32.375426Z,8259,21,Path Control,65535,255,-0.5016935937594165
1788776072.4754353,2026-09-07T10:14:32.475435Z,8259,21,Path Control,65535,255,-0.5015558707630108
1788776072.575571,2026-09-07T10:14:32.575571Z,8259,21,Path Control,65535,255,-0.5012623829395363
1788776072.6754708,2026-09-07T10:14:32.675470Z,8259,21,Path Control,65535,255,-0.5003839435533721
1788776072.8255491,2026-09-07T10:14:32.825549Z,8259,21,Path Control,65535,255,-0.4986604195424686
1788776072.9753504,2026-09-07T10:14:32.975350Z,8259,21,Path Control,65535,255,-0.4973878690594641
1788776073.0754542,2026-09-07T10:14:33.075454Z,8259,21,Path Control,65535,255,-0.4966891564609365
1788776073.2253332,2026-09-07T10:14:33.225333Z,8259,21,Path Control,65535,255,-0.4956980978338925
1788776073.325415,2026-09-07T10:14:33.325414Z,8259,21,Path Control,65535,255,-0.5047014846999598
1788776073.4254942,2026-09-07T10:14:33.425494Z,8259,21,Path Control,65535,255,-0.5042161195977226
1788776073.5754201,2026-09-07T10:14:33.575420Z,8259,21,Path Control,65535,255,-0.5033924997175706
1788776073.6755066,2026-09-07T10:14:33.675506Z,8259,21,Path Control,65535,255,-0.5027329025316489
1788776073.8255882,2026-09-07T10:14:33.825588Z,8259,21,Path Control,65535,255,-0.5017150397572904
1788776073.9754047,2026-09-07T10:14:33.975404Z,8259,21,Path Control,65535,255,-0.5005547903976246
1788776074.0754614,2026-09-07T10:14:34.075461Z,8259,21,Path Control,65535,255,-0.5002546991677874
1788776074.225389,2026-09-07T10:14:34.225389Z,8259,21,Path Control,65535,255,-0.4999828587547115
1788776074.3254774,2026-09-07T10:14:34.325477Z,8259,21,Path Control,65535,255,-0.4921549870116082
1788776074.4255033,2026-09-07T10:14:34.425503Z,8259,21,Path Control,65535,255,-0.49112609312264494
1788776074.5753863,2026-09-07T10:14:34.575386Z,8259,21,Path Control,65535,255,-0.48886141002905564
1788776074.6755934,2026-09-07T10:14:34.675593Z,8259,21,Path Control,65535,255,-0.48731436970668784
1788776074.8253562,2026-09-07T10:14:34.825356Z,8259,21,Path Control,65535,255,-0.4849020748815277
1788776074.9253895,2026-09-07T10:14:34.925389Z,8259,21,Path Control,65535,255,-0.4836161313138808
1788776075.0754611,2026-09-07T10:14:35.075461Z,8259,21,Path Control,65535,255,-0.4821816278261854
1788776075.2252975,2026-09-07T10:14:35.225297Z,8259,21,Path Control,65535,255,-0.481442696359875
1788776075.3254292,2026-09-07T10:14:35.325429Z,8259,21,Path Control,65535,255,-0.48180017248970636
1788776075.4255714,2026-09-07T10:14:35.425571Z,8259,21,Path Control,65535,255,-0.4814315284524546
1788776075.57547,2026-09-07T10:14:35.575469Z,8259,21,Path Control,65535,255,-0.48029784498964584
1788776075.6754806,2026-09-07T10:14:35.675480Z,8259,21,Path Control,65535,255,-0.47936573091426016
1788776075.8255994,2026-09-07T10:14:35.825599Z,8259,21,Path Control,65535,255,-0.47791881906401296
1788776075.9754434,2026-09-07T10:14:35.975443Z,8259,21,Path Control,65535,255,-0.4765281367231945
1788776076.075454,2026-09-07T10:14:36.075453Z,8259,21,Path Control,65535,255,-0.4754043097992278
1788776076.2253263,2026-09-07T10:14:36.225326Z,8259,21,Path Control,65535,255,-0.47357439881245067
1788776076.3255,2026-09-07T10:14:36.325500Z,8259,21,Path Control,65535,255,-0.472021594104268
1788776076.4255772,2026-09-07T10:14:36.425577Z,8259,21,Path Control,65535,255,-0.4742836613393338
1788776076.575393,2026-09-07T10:14:36.575392Z,8259,21,Path Control,65535,255,-0.4728633755225747
1788776076.6754522,2026-09-07T10:14:36.675452Z,8259,21,Path Control,65535,255,-0.47204124842858564
1788776076.775505,2026-09-07T10:14:36.775505Z,8259,21,Path Control,65535,255,-0.4713158098567214
1788776076.9255133,2026-09-07T10:14:36.925513Z,8259,21,Path Control,65535,255,-0.47055337326782953
1788776077.0256178,2026-09-07T10:14:37.025617Z,8259,21,Path Control,65535,255,-0.4701623243868097
1788776077.1752644,2026-09-07T10:14:37.175264Z,8259,21,Path Control,65535,255,-0.46937111420724553
1788776077.2754214,2026-09-07T10:14:37.275421Z,8259,21,Path Control,65535,255,-0.4688022779290145
1788776077.4255464,2026-09-07T10:14:37.425546Z,8259,21,Path Control,65535,255,-0.46704309156443763
1788776077.575535,2026-09-07T10:14:37.575535Z,8259,21,Path Control,65535,255,-0.46516326901123706
1788776077.725321,2026-09-07T10:14:37.725321Z,8259,21,Path Control,65535,255,-0.46258711826726406
1788776077.825498,2026-09-07T10:14:37.825498Z,8259,21,Path Control,65535,255,-0.46070949178176057
1788776077.975377,2026-09-07T10:14:37.975377Z,8259,21,Path Control,65535,255,-0.4589112232560512
1788776078.0754542,2026-09-07T10:14:38.075454Z,8259,21,Path Control,65535,255,-0.4578199554604501
1788776078.2253094,2026-09-07T10:14:38.225309Z,8259,21,Path Control,65535,255,-0.4564318630445688
1788776078.325405,2026-09-07T10:14:38.325404Z,8259,21,Path Control,65535,255,-0.46600073961662514
1788776078.4754395,2026-09-07T10:14:38.475439Z,8259,21,Path Control,65535,255,-0.46573012593300006
1788776078.5754025,2026-09-07T10:14:38.575402Z,8259,21,Path Control,65535,255,-0.4655536291923289
1788776078.675647,2026-09-07T10:14:38.675647Z,8259,21,Path Control,65535,255,-0.4653571010270728
1788776078.8253326,2026-09-07T10:14:38.825332Z,8259,21,Path Control,65535,255,-0.46517445789174905
1788776078.925361,2026-09-07T10:14:38.925360Z,8259,21,Path Control,65535,255,-0.46450744707286523
1788776079.0253847,2026-09-07T10:14:39.025384Z,8259,21,Path Control,65535,255,-0.4639306223269366
1788776079.175255,2026-09-07T10:14:39.175255Z,8259,21,Path Control,65535,255,-0.46291102076302526
1788776079.275647,2026-09-07T10:14:39.275646Z,8259,21,Path Control,65535,255,-0.4623361344595858
1788776079.4253476,2026-09-07T10:14:39.425347Z,8259,21,Path Control,65535,255,-0.45399959133676226
1788776079.5254445,2026-09-07T10:14:39.525444Z,8259,21,Path Control,65535,255,-0.45310805281542044
1788776079.6754868,2026-09-07T10:14:39.675486Z,8259,21,Path Control,65535,255,-0.4519154411861128
1788776079.8253756,2026-09-07T10:14:39.825375Z,8259,21,Path Control,65535,255,-0.45092348705339624
1788776079.9254138,2026-09-07T10:14:39.925413Z,8259,21,Path Control,65535,255,-0.45120977690088687
1788776080.0754735,2026-09-07T10:14:40.075473Z,8259,21,Path Control,65535,255,-0.45133272545392206
1788776080.2253451,2026-09-07T10:14:40.225345Z,8259,21,Path Control,65535,255,-0.4513722503947394
1788776080.3253636,2026-09-07T10:14:40.325363Z,8259,21,Path Control,65535,255,-0.4603395195031801
1788776080.4253836,2026-09-07T10:14:40.425383Z,8259,21,Path Control,65535,255,-0.46022495311462935
1788776080.5254989,2026-09-07T10:14:40.525498Z,8259,21,Path Control,65535,255,-0.4596827238858194
1788776080.6754725,2026-09-07T10:14:40.675472Z,8259,21,Path Control,65535,255,-0.4590373866213394
1788776080.8253787,2026-09-07T10:14:40.825378Z,8259,21,Path Control,65535,255,-0.4585669593160976
1788776080.9753492,2026-09-07T10:14:40.975349Z,8259,21,Path Control,65535,255,-0.4589717824236759
1788776081.0755544,2026-09-07T10:14:41.075554Z,8259,21,Path Control,65535,255,-0.4592292048846623
1788776081.2252736,2026-09-07T10:14:41.225273Z,8259,21,Path Control,65535,255,-0.4598386489287163
1788776081.3254209,2026-09-07T10:14:41.325420Z,8259,21,Path Control,65535,255,-0.46445383171245036
1788776081.4754326,2026-09-07T10:14:41.475432Z,8259,21,Path Control,65535,255,-0.4653076877193883
1788776081.575677,2026-09-07T10:14:41.575676Z,8259,21,Path Control,65535,255,-0.46554943728719345
1788776081.725399,2026-09-07T10:14:41.725399Z,8259,21,Path Control,65535,255,-0.4656071274030975
1788776081.875629,2026-09-07T10:14:41.875628Z,8259,21,Path Control,65535,255,-0.4657535511896254
1788776082.0253153,2026-09-07T10:14:42.025315Z,8259,21,Path Control,65535,255,-0.46609241574102217
1788776082.1254623,2026-09-07T10:14:42.125462Z,8259,21,Path Control,65535,255,-0.46661321025733793
1788776082.275461,2026-09-07T10:14:42.275460Z,8259,21,Path Control,65535,255,-0.4676790771803713
1788776082.4253666,2026-09-07T10:14:42.425366Z,8259,21,Path Control,65535,255,-0.4745906461423092
1788776082.5254006,2026-09-07T10:14:42.525400Z,8259,21,Path Control,65535,255,-0.4752267802111398
1788776082.6756728,2026-09-07T10:14:42.675672Z,8259,21,Path Control,65535,255,-0.47589812522262587
1788776082.825497,2026-09-07T10:14:42.825496Z,8259,21,Path Control,65535,255,-0.47621917802090274
1788776082.9753342,2026-09-07T10:14:42.975334Z,8259,21,Path Control,65535,255,-0.47743076252907635
1788776083.0756288,2026-09-07T10:14:43.075628Z,8259,21,Path Control,65535,255,-0.4780800589620761
1788776083.2254133,2026-09-07T10:14:43.225413Z,8259,21,Path Control,65535,255,-0.4790467584908689
1788776083.3754768,2026-09-07T10:14:43.375476Z,8259,21,Path Control,65535,255,-0.4849349210320837
1788776083.5254,2026-09-07T10:14:43.525399Z,8259,21,Path Control,65535,255,-0.48590058776640865
1788776083.6758842,2026-09-07T10:14:43.675884Z,8259,21,Path Control,65535,255,-0.48694489615481684
1788776083.8253593,2026-09-07T10:14:43.825359Z,8259,21,Path Control,65535,255,-0.4880231870399861
1788776083.9253967,2026-09-07T10:14:43.925396Z,8259,21,Path Control,65535,255,-0.4887908863814875
1788776084.0754616,2026-09-07T10:14:44.075461Z,8259,21,Path Control,65535,255,-0.48991577315734003
1788776084.225232,2026-09-07T10:14:44.225231Z,8259,21,Path Control,65535,255,-0.49096748780354676
1788776084.325435,2026-09-07T10:14:44.325434Z,8259,21,Path Control,65535,255,-0.4938681239329037
1788776084.4254434,2026-09-07T10:14:44.425443Z,8259,21,Path Control,65535,255,-0.4945198601996556
1788776084.5754375,2026-09-07T10:14:44.575437Z,8259,21,Path Control,65535,255,-0.4959625778266076
1788776084.6754868,2026-09-07T10:14:44.675486Z,8259,21,Path Control,65535,255,-0.4973348087805547
1788776084.8254871,2026-09-07T10:14:44.825487Z,8259,21,Path Control,65535,255,-0.4997603897569173
1788776084.9753902,2026-09-07T10:14:44.975390Z,8259,21,Path Control,65535,255,-0.5018346340866797
1788776085.0754223,2026-09-07T10:14:45.075422Z,8259,21,Path Control,65535,255,-0.5026458674525802
1788776085.2253025,2026-09-07T10:14:45.225302Z,8259,21,Path Control,65535,255,-0.5033597583031953
1788776085.3253813,2026-09-07T10:14:45.325381Z,8259,21,Path Control,65535,255,-0.49330414751834883
1788776085.4254563,2026-09-07T10:14:45.425456Z,8259,21,Path Control,65535,255,-0.49285206959206623
1788776085.5754075,2026-09-07T10:14:45.575407Z,8259,21,Path Control,65535,255,-0.49246516672137575
1788776085.6754632,2026-09-07T10:14:45.675463Z,8259,21,Path Control,65535,255,-0.49243595847630073
1788776085.8253994,2026-09-07T10:14:45.825399Z,8259,21,Path Control,65535,255,-0.49248199025943246
1788776085.925498,2026-09-07T10:14:45.925498Z,8259,21,Path Control,65535,255,-0.4934628148522604
1788776086.0754416,2026-09-07T10:14:46.075441Z,8259,21,Path Control,65535,255,-0.49435468236628594
1788776086.2252588,2026-09-07T10:14:46.225258Z,8259,21,Path Control,65535,255,-0.4949737490775665
1788776086.3254166,2026-09-07T10:14:46.325416Z,8259,21,Path Control,65535,255,-0.5034101117158173
1788776086.4754164,2026-09-07T10:14:46.475416Z,8259,21,Path Control,65535,255,-0.5036131776103129
1788776086.5754616,2026-09-07T10:14:46.575461Z,8259,21,Path Control,65535,255,-0.5038673237414502
1788776086.675512,2026-09-07T10:14:46.675512Z,8259,21,Path Control,65535,255,-0.5038544392311397
1788776086.8253815,2026-09-07T10:14:46.825381Z,8259,21,Path Control,65535,255,-0.5035819946135184
1788776086.925398,2026-09-07T10:14:46.925398Z,8259,21,Path Control,65535,255,-0.5025419205622532
1788776087.0755322,2026-09-07T10:14:47.075532Z,8259,21,Path Control,65535,255,-0.5011433745390894
1788776087.2252254,2026-09-07T10:14:47.225225Z,8259,21,Path Control,65535,255,-0.4997321484198227
1788776087.3254116,2026-09-07T10:14:47.325411Z,8259,21,Path Control,65535,255,-0.5013828027850233
1788776087.4754875,2026-09-07T10:14:47.475487Z,8259,21,Path Control,65535,255,-0.5008820803153146
1788776087.575502,2026-09-07T10:14:47.575501Z,8259,21,Path Control,65535,255,-0.5009073128921002
1788776087.7254276,2026-09-07T10:14:47.725427Z,8259,21,Path Control,65535,255,-0.500203978194251
1788776087.825444,2026-09-07T10:14:47.825443Z,8259,21,Path Control,65535,255,-0.49951177310110434
1788776087.975386,2026-09-07T10:14:47.975385Z,8259,21,Path Control,65535,255,-0.49752677609418217
1788776088.0754325,2026-09-07T10:14:48.075432Z,8259,21,Path Control,65535,255,-0.4964537291901951
1788776088.2252576,2026-09-07T10:14:48.225257Z,8259,21,Path Control,65535,255,-0.49498955611098056
1788776088.3254862,2026-09-07T10:14:48.325486Z,8259,21,Path Control,65535,255,-0.48898615409161705
1788776088.4753592,2026-09-07T10:14:48.475359Z,8259,21,Path Control,65535,255,-0.48854562630009635
1788776088.5757003,2026-09-07T10:14:48.575700Z,8259,21,Path Control,65535,255,-0.48812156486669517
1788776088.7254064,2026-09-07T10:14:48.725406Z,8259,21,Path Control,65535,255,-0.48762139536568383
1788776088.8754365,2026-09-07T10:14:48.875436Z,8259,21,Path Control,65535,255,-0.4866971671166083
1788776089.0253494,2026-09-07T10:14:49.025349Z,8259,21,Path Control,65535,255,-0.4853174590590764
1788776089.1253831,2026-09-07T10:14:49.125383Z,8259,21,Path Control,65535,255,-0.4837476417246659
1788776089.275525,2026-09-07T10:14:49.275525Z,8259,21,Path Control,65535,255,-0.48121914955195555
1788776089.375609,2026-09-07T10:14:49.375608Z,8259,21,Path Control,65535,255,-0.48427887690932064
1788776089.525395,2026-09-07T10:14:49.525394Z,8259,21,Path Control,65535,255,-0.4821114883615946
1788776089.625397,2026-09-07T10:14:49.625396Z,8259,21,Path Control,65535,255,-0.4807779003550149
1788776089.7254314,2026-09-07T10:14:49.725431Z,8259,21,Path Control,65535,255,-0.48014230113734924
1788776089.825455,2026-09-07T10:14:49.825454Z,8259,21,Path Control,65535,255,-0.47943318039290594
1788776089.9753852,2026-09-07T10:14:49.975385Z,8259,21,Path Control,65535,255,-0.4787215005470878
1788776090.0754056,2026-09-07T10:14:50.075405Z,8259,21,Path Control,65535,255,-0.4782239000333696
1788776090.2252905,2026-09-07T10:14:50.225290Z,8259,21,Path Control,65535,255,-0.47753576868440156
1788776090.325497,2026-09-07T10:14:50.325496Z,8259,21,Path Control,65535,255,-0.47407637946540604
1788776090.4753685,2026-09-07T10:14:50.475368Z,8259,21,Path Control,65535,255,-0.472532401268292
1788776090.5754929,2026-09-07T10:14:50.575492Z,8259,21,Path Control,65535,255,-0.4714370505614193
1788776090.6756537,2026-09-07T10:14:50.675653Z,8259,21,Path Control,65535,255,-0.4703886063337977
1788776090.825377,2026-09-07T10:14:50.825376Z,8259,21,Path Control,65535,255,-0.4689577326191992
1788776090.9254093,2026-09-07T10:14:50.925409Z,8259,21,Path Control,65535,255,-0.46828753317682187
1788776091.0254614,2026-09-07T10:14:51.025461Z,8259,21,Path Control,65535,255,-0.46761683833385076
1788776091.1255467,2026-09-07T10:14:51.125546Z,8259,21,Path Control,65535,255,-0.46723975339837776
1788776091.2754586,2026-09-07T10:14:51.275458Z,8259,21,Path Control,65535,255,-0.4662896176378342
1788776091.3756752,2026-09-07T10:14:51.375675Z,8259,21,Path Control,65535,255,-0.4679503290050942
1788776091.5254335,2026-09-07T10:14:51.525433Z,8259,21,Path Control,65535,255,-0.46691959725660076
1788776091.6755047,2026-09-07T10:14:51.675504Z,8259,21,Path Control,65535,255,-0.466032706807996
1788776091.8255863,2026-09-07T10:14:51.825586Z,8259,21,Path Control,65535,255,-0.46654648507516766
1788776091.9753835,2026-09-07T10:14:51.975383Z,8259,21,Path Control,65535,255,-0.46677183777783454
1788776092.1254375,2026-09-07T10:14:52.125437Z,8259,21,Path Control,65535,255,-0.4665169225633994
1788776092.2754588,2026-09-07T10:14:52.275458Z,8259,21,Path Control,65535,255,-0.4661567131848581
1788776092.3755236,2026-09-07T10:14:52.375523Z,8259,21,Path Control,65535,255,-0.4648202286352247
1788776092.5254679,2026-09-07T10:14:52.525467Z,8259,21,Path Control,65535,255,-0.4642314869599918
1788776092.625663,2026-09-07T10:14:52.625663Z,8259,21,Path Control,65535,255,-0.4637848585492351
1788776092.7754312,2026-09-07T10:14:52.775431Z,8259,21,Path Control,65535,255,-0.46309009702913145
1788776092.875536,2026-09-07T10:14:52.875535Z,8259,21,Path Control,65535,255,-0.462596111820215
1788776093.0255117,2026-09-07T10:14:53.025511Z,8259,21,Path Control,65535,255,-0.46268450707519093
1788776093.1753461,2026-09-07T10:14:53.175346Z,8259,21,Path Control,65535,255,-0.4618352179544698
1788776093.2753637,2026-09-07T10:14:53.275363Z,8259,21,Path Control,65535,255,-0.46133350679988183
1788776093.3755748,2026-09-07T10:14:53.375574Z,8259,21,Path Control,65535,255,-0.47072478875152024
1788776093.5254006,2026-09-07T10:14:53.525400Z,8259,21,Path Control,65535,255,-0.47107887126581277
1788776093.6254606,2026-09-07T10:14:53.625460Z,8259,21,Path Control,65535,255,-0.47151455137459375
1788776093.7755635,2026-09-07T10:14:53.775563Z,8259,21,Path Control,65535,255,-0.47148394154230006
1788776093.8756227,2026-09-07T10:14:53.875622Z,8259,21,Path Control,65535,255,-0.4711186601518803
1788776094.0253246,2026-09-07T10:14:54.025324Z,8259,21,Path Control,65535,255,-0.4703504151673707
1788776094.1254935,2026-09-07T10:14:54.125493Z,8259,21,Path Control,65535,255,-0.4701339543015237
1788776094.2754486,2026-09-07T10:14:54.275448Z,8259,21,Path Control,65535,255,-0.4699862640346071
1788776094.4253886,2026-09-07T10:14:54.425388Z,8259,21,Path Control,65535,255,-0.4641450781980213
1788776094.52547,2026-09-07T10:14:54.525470Z,8259,21,Path Control,65535,255,-0.46435057112456624
1788776094.6256475,2026-09-07T10:14:54.625647Z,8259,21,Path Control,65535,255,-0.4646222096324932
1788776094.7754266,2026-09-07T10:14:54.775426Z,8259,21,Path Control,65535,255,-0.4649592383947874
1788776094.8754482,2026-09-07T10:14:54.875448Z,8259,21,Path Control,65535,255,-0.46524599095504077
1788776095.0255163,2026-09-07T10:14:55.025516Z,8259,21,Path Control,65535,255,-0.4651131509519875
1788776095.175291,2026-09-07T10:14:55.175291Z,8259,21,Path Control,65535,255,-0.4651709362597577
1788776095.2757037,2026-09-07T10:14:55.275703Z,8259,21,Path Control,65535,255,-0.4652044455797195
1788776095.4254675,2026-09-07T10:14:55.425467Z,8259,21,Path Control,65535,255,-0.4663788722329951
1788776095.5754,2026-09-07T10:14:55.575400Z,8259,21,Path Control,65535,255,-0.4664422734020235
1788776095.675715,2026-09-07T10:14:55.675714Z,8259,21,Path Control,65535,255,-0.4667107255646713
1788776095.8254502,2026-09-07T10:14:55.825450Z,8259,21,Path Control,65535,255,-0.4672922681629613
1788776095.97549,2026-09-07T10:14:55.975490Z,8259,21,Path Control,65535,255,-0.4682619587038076
1788776096.075502,2026-09-07T10:14:56.075501Z,8259,21,Path Control,65535,255,-0.4689945957202815
1788776096.2252638,2026-09-07T10:14:56.225263Z,8259,21,Path Control,65535,255,-0.4701774660867522
1788776096.3254676,2026-09-07T10:14:56.325467Z,8259,21,Path Control,65535,255,-0.46191617422234077
1788776096.4754868,2026-09-07T10:14:56.475486Z,8259,21,Path Control,65535,255,-0.46183655408277396
1788776096.5755494,2026-09-07T10:14:56.575549Z,8259,21,Path Control,65535,255,-0.4613415855741161
1788776096.6755686,2026-09-07T10:14:56.675568Z,8259,21,Path Control,65535,255,-0.4610698926765333
1788776096.82533,2026-09-07T10:14:56.825330Z,8259,21,Path Control,65535,255,-0.46072593609109735
1788776096.9254696,2026-09-07T10:14:56.925469Z,8259,21,Path Control,65535,255,-0.4611133925995723
1788776097.0754974,2026-09-07T10:14:57.075497Z,8259,21,Path Control,65535,255,-0.4620824068362364
1788776097.2252839,2026-09-07T10:14:57.225283Z,8259,21,Path Control,65535,255,-0.46375493787264405
1788776097.3254158,2026-09-07T10:14:57.325415Z,8259,21,Path Control,65535,255,-0.47555069437876735
1788776097.4255214,2026-09-07T10:14:57.425521Z,8259,21,Path Control,65535,255,-0.4765643865914485
1788776097.5754418,2026-09-07T10:14:57.575441Z,8259,21,Path Control,65535,255,-0.47741989008154795
1788776097.725405,2026-09-07T10:14:57.725404Z,8259,21,Path Control,65535,255,-0.4776436391032325
1788776097.8755295,2026-09-07T10:14:57.875529Z,8259,21,Path Control,65535,255,-0.47690951291622474
1788776098.0254743,2026-09-07T10:14:58.025474Z,8259,21,Path Control,65535,255,-0.47693153035161806
1788776098.125479,2026-09-07T10:14:58.125478Z,8259,21,Path Control,65535,255,-0.47692367033369
1788776098.27549,2026-09-07T10:14:58.275490Z,8259,21,Path Control,65535,255,-0.4768999713548397
1788776098.425385,2026-09-07T10:14:58.425384Z,8259,21,Path Control,65535,255,-0.4831489360334584
1788776098.5254495,2026-09-07T10:14:58.525449Z,8259,21,Path Control,65535,255,-0.4838428674522096
1788776098.675453,2026-09-07T10:14:58.675452Z,8259,21,Path Control,65535,255,-0.48471933888984775
1788776098.775457,2026-09-07T10:14:58.775456Z,8259,21,Path Control,65535,255,-0.4853560574799422
1788776098.875691,2026-09-07T10:14:58.875690Z,8259,21,Path Control,65535,255,-0.4859772662998457
1788776099.025377,2026-09-07T10:14:59.025377Z,8259,21,Path Control,65535,255,-0.4869258684239955
1788776099.17526,2026-09-07T10:14:59.175260Z,8259,21,Path Control,65535,255,-0.4878577946118471
1788776099.2753966,2026-09-07T10:14:59.275396Z,8259,21,Path Control,65535,255,-0.488069193807543
1788776099.3756185,2026-09-07T10:14:59.375618Z,8259,21,Path Control,65535,255,-0.48950757726907795
1788776099.525426,2026-09-07T10:14:59.525425Z,8259,21,Path Control,65535,255,-0.4900064939953079
1788776099.6255658,2026-09-07T10:14:59.625565Z,8259,21,Path Control,65535,255,-0.4906409539070099
1788776099.775618,2026-09-07T10:14:59.775618Z,8259,21,Path Control,65535,255,-0.4919829684312677
1788776099.9254563,2026-09-07T10:14:59.925456Z,8259,21,Path Control,65535,255,-0.4931376041738513
1788776100.0255928,2026-09-07T10:15:00.025592Z,8259,21,Path Control,65535,255,-0.49382417311869675
1788776100.1753008,2026-09-07T10:15:00.175300Z,8259,21,Path Control,65535,255,-0.4935042575100073
1788776100.27539,2026-09-07T10:15:00.275389Z,8259,21,Path Control,65535,255,-0.4932544051301018
1788776100.3754416,2026-09-07T10:15:00.375441Z,8259,21,Path Control,65535,255,-0.4963181200078424
1788776100.5255377,2026-09-07T10:15:00.525537Z,8259,21,Path Control,65535,255,-0.49657740606333967
1788776100.6754227,2026-09-07T10:15:00.675422Z,8259,21,Path Control,65535,255,-0.49699826093888744
1788776100.7754514,2026-09-07T10:15:00.775451Z,8259,21,Path Control,65535,255,-0.4973201641074005
1788776100.8757153,2026-09-07T10:15:00.875715Z,8259,21,Path Control,65535,255,-0.49751567877833575
1788776101.0254054,2026-09-07T10:15:01.025405Z,8259,21,Path Control,65535,255,-0.49779941891770385
1788776101.1753025,2026-09-07T10:15:01.175302Z,8259,21,Path Control,65535,255,-0.4979290155801389
1788776101.2755003,2026-09-07T10:15:01.275500Z,8259,21,Path Control,65535,255,-0.49795322938546677
1788776101.3755176,2026-09-07T10:15:01.375517Z,8259,21,Path Control,65535,255,-0.49992476882677644
1788776101.5255742,2026-09-07T10:15:01.525574Z,8259,21,Path Control,65535,255,-0.4993031914862736
1788776101.6756296,2026-09-07T10:15:01.675629Z,8259,21,Path Control,65535,255,-0.4999027245898845
1788776101.8253582,2026-09-07T10:15:01.825358Z,8259,21,Path Control,65535,255,-0.5010946976540974
1788776101.9254625,2026-09-07T10:15:01.925462Z,8259,21,Path Control,65535,255,-0.5004317323082761
1788776102.0755725,2026-09-07T10:15:02.075572Z,8259,21,Path Control,65535,255,-0.4999420259951881
1788776102.2253053,2026-09-07T10:15:02.225305Z,8259,21,Path Control,65535,255,-0.49923950829941965
1788776102.325451,2026-09-07T10:15:02.325450Z,8259,21,Path Control,65535,255,-0.5003108789182498
1788776102.4754093,2026-09-07T10:15:02.475409Z,8259,21,Path Control,65535,255,-0.5000498514244783
1788776102.5754519,2026-09-07T10:15:02.575451Z,8259,21,Path Control,65535,255,-0.4999805018605377
1788776102.7253938,2026-09-07T10:15:02.725393Z,8259,21,Path Control,65535,255,-0.49968856913567417
1788776102.8254178,2026-09-07T10:15:02.825417Z,8259,21,Path Control,65535,255,-0.49947684285263455
1788776102.9254656,2026-09-07T10:15:02.925465Z,8259,21,Path Control,65535,255,-0.4988764451375465
1788776103.0754488,2026-09-07T10:15:03.075448Z,8259,21,Path Control,65535,255,-0.4978395607747179
1788776103.2252796,2026-09-07T10:15:03.225279Z,8259,21,Path Control,65535,255,-0.49649786571801385
1788776103.325442,2026-09-07T10:15:03.325442Z,8259,21,Path Control,65535,255,-0.49269963611754325
1788776103.4754248,2026-09-07T10:15:03.475424Z,8259,21,Path Control,65535,255,-0.4911020882425178
1788776103.5756307,2026-09-07T10:15:03.575630Z,8259,21,Path Control,65535,255,-0.49015634670868596
1788776103.725391,2026-09-07T10:15:03.725390Z,8259,21,Path Control,65535,255,-0.4890368973932367
1788776103.8755798,2026-09-07T10:15:03.875579Z,8259,21,Path Control,65535,255,-0.4879599323727316
1788776104.0253725,2026-09-07T10:15:04.025372Z,8259,21,Path Control,65535,255,-0.4868803956688626
1788776104.1752546,2026-09-07T10:15:04.175254Z,8259,21,Path Control,65535,255,-0.48660629352916135
1788776104.2754898,2026-09-07T10:15:04.275489Z,8259,21,Path Control,65535,255,-0.48632503277408223
1788776104.375652,2026-09-07T10:15:04.375652Z,8259,21,Path Control,65535,255,-0.48035130804165005
1788776104.5253901,2026-09-07T10:15:04.525390Z,8259,21,Path Control,65535,255,-0.4790884958384288
1788776104.6754475,2026-09-07T10:15:04.675447Z,8259,21,Path Control,65535,255,-0.4780892947651806
1788776104.8254776,2026-09-07T10:15:04.825477Z,8259,21,Path Control,65535,255,-0.4774151679422262
1788776104.975336,2026-09-07T10:15:04.975336Z,8259,21,Path Control,65535,255,-0.47685036519319546
1788776105.0754433,2026-09-07T10:15:05.075443Z,8259,21,Path Control,65535,255,-0.4760145216420901
1788776105.2252774,2026-09-07T10:15:05.225277Z,8259,21,Path Control,65535,255,-0.4744377382837881
1788776105.3254437,2026-09-07T10:15:05.325443Z,8259,21,Path Control,65535,255,-0.47817458921467754
1788776105.4754133,2026-09-07T10:15:05.475413Z,8259,21,Path Control,65535,255,-0.4758653873594906
1788776105.575619,2026-09-07T10:15:05.575618Z,8259,21,Path Control,65535,255,-0.47426415213957174
1788776105.7253916,2026-09-07T10:15:05.725391Z,8259,21,Path Control,65535,255,-0.4727148716420154
1788776105.8754306,2026-09-07T10:15:05.875430Z,8259,21,Path Control,65535,255,-0.4716323190475198
1788776106.0254395,2026-09-07T10:15:06.025439Z,8259,21,Path Control,65535,255,-0.47091575718896406
1788776106.175272,2026-09-07T10:15:06.175271Z,8259,21,Path Control,65535,255,-0.4698055192999051
1788776106.275654,2026-09-07T10:15:06.275654Z,8259,21,Path Control,65535,255,-0.4690141173367829
1788776106.4254096,2026-09-07T10:15:06.425409Z,8259,21,Path Control,65535,255,-0.47059491546333554
1788776106.5254097,2026-09-07T10:15:06.525409Z,8259,21,Path Control,65535,255,-0.470027192698212
1788776106.6756544,2026-09-07T10:15:06.675654Z,8259,21,Path Control,65535,255,-0.46913436510914536
1788776106.8254728,2026-09-07T10:15:06.825472Z,8259,21,Path Control,65535,255,-0.4681488551422467
1788776106.9753711,2026-09-07T10:15:06.975371Z,8259,21,Path Control,65535,255,-0.4660806864793089
1788776107.0754895,2026-09-07T10:15:07.075489Z,8259,21,Path Control,65535,255,-0.4652259552961729
1788776107.225335,2026-09-07T10:15:07.225334Z,8259,21,Path Control,65535,255,-0.46426534379211887
1788776107.3253472,2026-09-07T10:15:07.325347Z,8259,21,Path Control,65535,255,-0.46444296304544275
1788776107.4254594,2026-09-07T10:15:07.425459Z,8259,21,Path Control,65535,255,-0.46525634992752934
1788776107.5754979,2026-09-07T10:15:07.575497Z,8259,21,Path Control,65535,255,-0.465012425406844
1788776107.7253513,2026-09-07T10:15:07.725351Z,8259,21,Path Control,65535,255,-0.4650333738769153
1788776107.825395,2026-09-07T10:15:07.825395Z,8259,21,Path Control,65535,255,-0.46508416832426897
1788776107.925394,2026-09-07T10:15:07.925394Z,8259,21,Path Control,65535,255,-0.4646803689106524
1788776108.0254564,2026-09-07T10:15:08.025456Z,8259,21,Path Control,65535,255,-0.4643271917333946
1788776108.1753492,2026-09-07T10:15:08.175349Z,8259,21,Path Control,65535,255,-0.4638160412351601
1788776108.2754745,2026-09-07T10:15:08.275474Z,8259,21,Path Control,65535,255,-0.46368983876536846
1788776108.3755183,2026-09-07T10:15:08.375518Z,8259,21,Path Control,65535,255,-0.4647333929520239
1788776108.5254624,2026-09-07T10:15:08.525462Z,8259,21,Path Control,65535,255,-0.4649082657735133
1788776108.6255388,2026-09-07T10:15:08.625538Z,8259,21,Path Control,65535,255,-0.46506708007031616
1788776108.7755876,2026-09-07T10:15:08.775587Z,8259,21,Path Control,65535,255,-0.464942918636676
1788776108.9254153,2026-09-07T10:15:08.925415Z,8259,21,Path Control,65535,255,-0.46520785490482736
1788776109.0254602,2026-09-07T10:15:09.025460Z,8259,21,Path Control,65535,255,-0.4654270954697507
1788776109.1254902,2026-09-07T10:15:09.125490Z,8259,21,Path Control,65535,255,-0.4649561446350093
1788776109.2754052,2026-09-07T10:15:09.275405Z,8259,21,Path Control,65535,255,-0.4643965413933534
1788776109.3754387,2026-09-07T10:15:09.375438Z,8259,21,Path Control,65535,255,-0.46580084043792064
1788776109.525515,2026-09-07T10:15:09.525515Z,8259,21,Path Control,65535,255,-0.46542324949083175
1788776109.6256652,2026-09-07T10:15:09.625665Z,8259,21,Path Control,65535,255,-0.46542807129479163
1788776109.775466,2026-09-07T10:15:09.775465Z,8259,21,Path Control,65535,255,-0.4656291247894155
1788776109.9254918,2026-09-07T10:15:09.925491Z,8259,21,Path Control,65535,255,-0.46524962364836986
1788776110.0255744,2026-09-07T10:15:10.025574Z,8259,21,Path Control,65535,255,-0.46488968844935635
1788776110.1753702,2026-09-07T10:15:10.175370Z,8259,21,Path Control,65535,255,-0.46466376177956886
1788776110.2754426,2026-09-07T10:15:10.275442Z,8259,21,Path Control,65535,255,-0.46463818447559524
1788776110.3756106,2026-09-07T10:15:10.375610Z,8259,21,Path Control,65535,255,-0.45999468054110954
1788776110.5254316,2026-09-07T10:15:10.525431Z,8259,21,Path Control,65535,255,-0.46072291250236025
1788776110.6755354,2026-09-07T10:15:10.675535Z,8259,21,Path Control,65535,255,-0.4615936242425717
1788776110.8255508,2026-09-07T10:15:10.825550Z,8259,21,Path Control,65535,255,-0.46234633547122794
1788776110.975318,2026-09-07T10:15:10.975317Z,8259,21,Path Control,65535,255,-0.4623334776379079
1788776111.0754144,2026-09-07T10:15:11.075414Z,8259,21,Path Control,65535,255,-0.4623966432253924
1788776111.225282,2026-09-07T10:15:11.225281Z,8259,21,Path Control,65535,255,-0.46254468315423763
1788776111.3254633,2026-09-07T10:15:11.325463Z,8259,21,Path Control,65535,255,-0.46269542186940316
1788776111.4754977,2026-09-07T10:15:11.475497Z,8259,21,Path Control,65535,255,-0.45993497827225915
1788776111.5755315,2026-09-07T10:15:11.575531Z,8259,21,Path Control,65535,255,-0.4601302170156014
1788776111.6756783,2026-09-07T10:15:11.675678Z,8259,21,Path Control,65535,255,-0.46086303223929004
1788776111.8253176,2026-09-07T10:15:11.825317Z,8259,21,Path Control,65535,255,-0.46220878103571894
1788776111.9254193,2026-09-07T10:15:11.925419Z,8259,21,Path Control,65535,255,-0.4620435875644959
1788776112.0254304,2026-09-07T10:15:12.025430Z,8259,21,Path Control,65535,255,-0.4620239182905023
1788776112.1254601,2026-09-07T10:15:12.125460Z,8259,21,Path Control,65535,255,-0.4620401380836923
1788776112.275457,2026-09-07T10:15:12.275456Z,8259,21,Path Control,65535,255,-0.4623600988512502
1788776112.375622,2026-09-07T10:15:12.375622Z,8259,21,Path Control,65535,255,-0.45802634690250354
1788776112.5254388,2026-09-07T10:15:12.525438Z,8259,21,Path Control,65535,255,-0.4591252797650694
1788776112.675611,2026-09-07T10:15:12.675611Z,8259,21,Path Control,65535,255,-0.4604284371532989
1788776112.8253932,2026-09-07T10:15:12.825393Z,8259,21,Path Control,65535,255,-0.4614831049220384
1788776112.9254005,2026-09-07T10:15:12.925400Z,8259,21,Path Control,65535,255,-0.4615166162307763
1788776113.0754926,2026-09-07T10:15:13.075492Z,8259,21,Path Control,65535,255,-0.4617681136162199
1788776113.2252388,2026-09-07T10:15:13.225238Z,8259,21,Path Control,65535,255,-0.46212357682546634
1788776113.3253882,2026-09-07T10:15:13.325388Z,8259,21,Path Control,65535,255,-0.4625796478607111
1788776113.4254177,2026-09-07T10:15:13.425417Z,8259,21,Path Control,65535,255,-0.46605465767372306
1788776113.5254536,2026-09-07T10:15:13.525453Z,8259,21,Path Control,65535,255,-0.46674962540516196
1788776113.6254592,2026-09-07T10:15:13.625459Z,8259,21,Path Control,65535,255,-0.467421218886481
1788776113.7754943,2026-09-07T10:15:13.775494Z,8259,21,Path Control,65535,255,-0.46830001444374564
1788776113.875478,2026-09-07T10:15:13.875478Z,8259,21,Path Control,65535,255,-0.46845263575934887
1788776114.0253954,2026-09-07T10:15:14.025395Z,8259,21,Path Control,65535,255,-0.46844443009116155
1788776114.1254377,2026-09-07T10:15:14.125437Z,8259,21,Path Control,65535,255,-0.4688998355558565
1788776114.2756839,2026-09-07T10:15:14.275683Z,8259,21,Path Control,65535,255,-0.46951706022647854
1788776114.425364,2026-09-07T10:15:14.425364Z,8259,21,Path Control,65535,255,-0.47172006588930365
1788776114.625337,2026-09-07T10:15:14.625336Z,8259,21,Path Control,65535,255,0.879979493320737
1788776114.7253928,2026-09-07T10:15:14.725392Z,8259,21,Path Control,65535,255,0.8923080591503805
1788776114.8754847,2026-09-07T10:15:14.875484Z,8259,21,Path Control,65535,255,0.911338220324391
1788776115.0252914,2026-09-07T10:15:15.025291Z,8259,21,Path Control,65535,255,0.9317692623305972
1788776115.1254137,2026-09-07T10:15:15.125413Z,8259,21,Path Control,65535,255,0.944968881507925
1788776115.275577,2026-09-07T10:15:15.275577Z,8259,21,Path Control,65535,255,0.9654698331561756
1788776115.4253485,2026-09-07T10:15:15.425348Z,8259,21,Path Control,65535,255,0.9878720325466782
1788776115.5255187,2026-09-07T10:15:15.525518Z,8259,21,Path Control,65535,255,1.0023802149613912
1788776115.6255248,2026-09-07T10:15:15.625524Z,8259,21,Path Control,65535,255,1.0173787448321765
1788776115.7754207,2026-09-07T10:15:15.775420Z,8259,21,Path Control,65535,255,1.0403987008465219
1788776115.8754473,2026-09-07T10:15:15.875447Z,8259,21,Path Control,65535,255,1.056194368179038
1788776116.0254226,2026-09-07T10:15:16.025422Z,8259,21,Path Control,65535,255,1.080679358636177
1788776116.1753592,2026-09-07T10:15:16.175359Z,8259,21,Path Control,65535,255,1.1054147775705436
1788776116.2754931,2026-09-07T10:15:16.275493Z,8259,21,Path Control,65535,255,1.1223785603139511
1788776116.3755858,2026-09-07T10:15:16.375585Z,8259,21,Path Control,65535,255,1.1326191200828022
1788776116.525395,2026-09-07T10:15:16.525394Z,8259,21,Path Control,65535,255,1.1589626254017333
1788776116.6755757,2026-09-07T10:15:16.675575Z,8259,21,Path Control,65535,255,1.1870643121027762
1788776116.7756815,2026-09-07T10:15:16.775681Z,8259,21,Path Control,65535,255,1.2054469960329128
1788776116.9254522,2026-09-07T10:15:16.925452Z,8259,21,Path Control,65535,255,1.2336027756028924
1788776117.0756767,2026-09-07T10:15:17.075676Z,8259,21,Path Control,65535,255,1.2625885534851928
1788776117.2252693,2026-09-07T10:15:17.225269Z,8259,21,Path Control,65535,255,1.2922646143841785
1788776117.325418,2026-09-07T10:15:17.325417Z,8259,21,Path Control,65535,255,1.3148964192858013
1788776117.4254594,2026-09-07T10:15:17.425459Z,8259,21,Path Control,65535,255,1.3353561703277914
1788776117.5754607,2026-09-07T10:15:17.575460Z,8259,21,Path Control,65535,255,1.3669280578541316
1788776117.7255332,2026-09-07T10:15:17.725533Z,8259,21,Path Control,65535,255,1.3990098151880466
1788776117.8756313,2026-09-07T10:15:17.875631Z,8259,21,Path Control,65535,255,1.4322644257346548
1788776118.0253277,2026-09-07T10:15:18.025327Z,8259,21,Path Control,65535,255,1.466459944523314
1788776118.1253517,2026-09-07T10:15:18.125351Z,8259,21,Path Control,65535,255,1.4887631550555611
1788776118.275439,2026-09-07T10:15:18.275439Z,8259,21,Path Control,65535,255,1.5227187023860214
1788776118.375467,2026-09-07T10:15:18.375467Z,8259,21,Path Control,65535,255,1.5555120205251514
1788776118.525291,2026-09-07T10:15:18.525290Z,8259,21,Path Control,65535,255,1.5891229705694734
1788776118.6253364,2026-09-07T10:15:18.625336Z,8259,21,Path Control,65535,255,1.611536700130597
1788776118.7253804,2026-09-07T10:15:18.725380Z,8259,21,Path Control,65535,255,1.6343519946388425
1788776118.8755176,2026-09-07T10:15:18.875517Z,8259,21,Path Control,65535,255,1.668410840559822
1788776119.0253775,2026-09-07T10:15:19.025377Z,8259,21,Path Control,65535,255,1.7022943118814218
1788776119.1254106,2026-09-07T10:15:19.125410Z,8259,21,Path Control,65535,255,1.7254396480648813
1788776119.2754736,2026-09-07T10:15:19.275473Z,8259,21,Path Control,65535,255,1.7599329399989618
1788776119.3755755,2026-09-07T10:15:19.375575Z,8259,21,Path Control,65535,255,1.773540054122312
1788776119.52532,2026-09-07T10:15:19.525320Z,8259,21,Path Control,65535,255,1.8079028083127018
1788776119.6753898,2026-09-07T10:15:19.675389Z,8259,21,Path Control,65535,255,1.8418347338345118
1788776119.7754722,2026-09-07T10:15:19.775472Z,8259,21,Path Control,65535,255,1.8641311516120904
1788776119.9256725,2026-09-07T10:15:19.925672Z,8259,21,Path Control,65535,255,1.8971553375293126
1788776120.0754137,2026-09-07T10:15:20.075413Z,8259,21,Path Control,65535,255,1.9295515297009405
1788776120.2252607,2026-09-07T10:15:20.225260Z,8259,21,Path Control,65535,255,1.9612571146437774
1788776120.3254068,2026-09-07T10:15:20.325406Z,8259,21,Path Control,65535,255,1.9584828243269248
1788776120.4754245,2026-09-07T10:15:20.475424Z,8259,21,Path Control,65535,255,1.9892664903911752
1788776120.575495,2026-09-07T10:15:20.575495Z,8259,21,Path Control,65535,255,2.009253959369902
1788776120.6755033,2026-09-07T10:15:20.675503Z,8259,21,Path Control,65535,255,2.028912112880077
1788776120.8253996,2026-09-07T10:15:20.825399Z,8259,21,Path Control,65535,255,2.0575761382162927
1788776120.9255013,2026-09-07T10:15:20.925501Z,8259,21,Path Control,65535,255,2.0759010908618527
1788776121.0755043,2026-09-07T10:15:21.075504Z,8259,21,Path Control,65535,255,2.1028443080599524
1788776121.2252877,2026-09-07T10:15:21.225287Z,8259,21,Path Control,65535,255,2.1289846621631536
1788776121.3254104,2026-09-07T10:15:21.325410Z,8259,21,Path Control,65535,255,2.1449302193618407
1788776121.4754496,2026-09-07T10:15:21.475449Z,8259,21,Path Control,65535,255,2.169405157385823
1788776121.6254091,2026-09-07T10:15:21.625409Z,8259,21,Path Control,65535,255,2.193011234244383
1788776121.775626,2026-09-07T10:15:21.775625Z,8259,21,Path Control,65535,255,2.216349676824463
1788776121.9254603,2026-09-07T10:15:21.925460Z,8259,21,Path Control,65535,255,2.238106490373376
1788776122.0754466,2026-09-07T10:15:22.075446Z,8259,21,Path Control,65535,255,2.2590290786890592
1788776122.2252674,2026-09-07T10:15:22.225267Z,8259,21,Path Control,65535,255,2.279205792862547
1788776122.3254375,2026-09-07T10:15:22.325437Z,8259,21,Path Control,65535,255,2.290937674492597
1788776122.4754138,2026-09-07T10:15:22.475413Z,8259,21,Path Control,65535,255,2.3101598362842406
1788776122.575546,2026-09-07T10:15:22.575546Z,8259,21,Path Control,65535,255,2.3226190120717707
1788776122.675638,2026-09-07T10:15:22.675637Z,8259,21,Path Control,65535,255,2.3345790482496427
1788776122.825244,2026-09-07T10:15:22.825243Z,8259,21,Path Control,65535,255,2.3517062108310327
1788776122.92547,2026-09-07T10:15:22.925470Z,8259,21,Path Control,65535,255,2.3624807139439623
1788776123.0757363,2026-09-07T10:15:23.075736Z,8259,21,Path Control,65535,255,2.3781936955223006
1788776123.2252288,2026-09-07T10:15:23.225228Z,8259,21,Path Control,65535,255,2.393234385802958
1788776123.3254356,2026-09-07T10:15:23.325435Z,8259,21,Path Control,65535,255,2.393778148832091
1788776123.4753497,2026-09-07T10:15:23.475349Z,8259,21,Path Control,65535,255,2.407766153924783
1788776123.5755515,2026-09-07T10:15:23.575551Z,8259,21,Path Control,65535,255,2.41661693095851
1788776123.7253988,2026-09-07T10:15:23.725398Z,8259,21,Path Control,65535,255,2.428972864414697
1788776123.8756056,2026-09-07T10:15:23.875605Z,8259,21,Path Control,65535,255,2.440936539937629
1788776124.0253208,2026-09-07T10:15:24.025320Z,8259,21,Path Control,65535,255,2.452518934627504
1788776124.125472,2026-09-07T10:15:24.125472Z,8259,21,Path Control,65535,255,2.4597723175929826
1788776124.2753434,2026-09-07T10:15:24.275343Z,8259,21,Path Control,65535,255,2.47022141060465
1788776124.3753803,2026-09-07T10:15:24.375380Z,8259,21,Path Control,65535,255,2.479001296275256
1788776124.4754286,2026-09-07T10:15:24.475428Z,8259,21,Path Control,65535,255,2.485514691325434
1788776124.6252568,2026-09-07T10:15:24.625256Z,8259,21,Path Control,65535,255,2.494897841959832
1788776124.7253978,2026-09-07T10:15:24.725397Z,8259,21,Path Control,65535,255,2.500641173558213
1788776124.8754575,2026-09-07T10:15:24.875457Z,8259,21,Path Control,65535,255,2.5088244674601063
1788776125.0253692,2026-09-07T10:15:25.025369Z,8259,21,Path Control,65535,255,2.516445809857784
1788776125.1254215,2026-09-07T10:15:25.125421Z,8259,21,Path Control,65535,255,2.5213915299058307
1788776125.2754524,2026-09-07T10:15:25.275452Z,8259,21,Path Control,65535,255,2.52848223772497
1788776125.375452,2026-09-07T10:15:25.375452Z,8259,21,Path Control,65535,255,2.537983797330592
1788776125.4754672,2026-09-07T10:15:25.475467Z,8259,21,Path Control,65535,255,2.542279269591477
1788776125.575487,2026-09-07T10:15:25.575486Z,8259,21,Path Control,65535,255,2.5463987101916694
1788776125.6755943,2026-09-07T10:15:25.675594Z,8259,21,Path Control,65535,255,2.5504221437863994
1788776125.775643,2026-09-07T10:15:25.775643Z,8259,21,Path Control,65535,255,2.5542906924314748
1788776125.87567,2026-09-07T10:15:25.875669Z,8259,21,Path Control,65535,255,2.5579369524430784
1788776126.0252757,2026-09-07T10:15:26.025275Z,8259,21,Path Control,65535,255,2.5630848199491476
1788776126.1254647,2026-09-07T10:15:26.125464Z,8259,21,Path Control,65535,255,2.566479444112741
1788776126.2754765,2026-09-07T10:15:26.275476Z,8259,21,Path Control,65535,255,2.571091419807789
1788776126.375455,2026-09-07T10:15:26.375454Z,8259,21,Path Control,65535,255,2.5752428515713413
1788776126.5254133,2026-09-07T10:15:26.525413Z,8259,21,Path Control,65535,255,2.5790673201585688
1788776126.6255236,2026-09-07T10:15:26.625523Z,8259,21,Path Control,65535,255,2.581419541524488
1788776126.7754006,2026-09-07T10:15:26.775400Z,8259,21,Path Control,65535,255,2.584626962833876
1788776126.8754046,2026-09-07T10:15:26.875404Z,8259,21,Path Control,65535,255,2.5865715625582317
1788776126.9754395,2026-09-07T10:15:26.975439Z,8259,21,Path Control,65535,255,2.5883611798096817
1788776127.0756133,2026-09-07T10:15:27.075613Z,8259,21,Path Control,65535,255,2.5900192085652636
1788776127.2253494,2026-09-07T10:15:27.225349Z,8259,21,Path Control,65535,255,2.5922339798010485
1788776127.3255033,2026-09-07T10:15:27.325503Z,8259,21,Path Control,65535,255,2.597401802358855
1788776127.4256,2026-09-07T10:15:27.425600Z,8259,21,Path Control,65535,255,2.598560701150845
1788776127.5753047,2026-09-07T10:15:27.575304Z,8259,21,Path Control,65535,255,2.5999624202112326
1788776127.6755798,2026-09-07T10:15:27.675579Z,8259,21,Path Control,65535,255,2.600700653487671
1788776127.82552,2026-09-07T10:15:27.825520Z,8259,21,Path Control,65535,255,2.6015555240694117
1788776127.9754245,2026-09-07T10:15:27.975424Z,8259,21,Path Control,65535,255,2.6023671380863203
1788776128.0754623,2026-09-07T10:15:28.075462Z,8259,21,Path Control,65535,255,2.602696502835525
1788776128.2253573,2026-09-07T10:15:28.225357Z,8259,21,Path Control,65535,255,2.602917447536189
1788776128.3253615,2026-09-07T10:15:28.325361Z,8259,21,Path Control,65535,255,2.6048463836581273
1788776128.4254205,2026-09-07T10:15:28.425420Z,8259,21,Path Control,65535,255,2.6044994909895296
1788776128.525441,2026-09-07T10:15:28.525440Z,8259,21,Path Control,65535,255,2.604004773730103
1788776128.625568,2026-09-07T10:15:28.625567Z,8259,21,Path Control,65535,255,2.603355754685415
1788776128.77543,2026-09-07T10:15:28.775429Z,8259,21,Path Control,65535,255,2.6019740251815637
1788776128.8754935,2026-09-07T10:15:28.875493Z,8259,21,Path Control,65535,255,2.6009567638455873
1788776129.025406,2026-09-07T10:15:29.025405Z,8259,21,Path Control,65535,255,2.599194260977565
1788776129.175321,2026-09-07T10:15:29.175321Z,8259,21,Path Control,65535,255,2.5972960554408506
1788776129.2753775,2026-09-07T10:15:29.275377Z,8259,21,Path Control,65535,255,2.595827986892655
1788776129.375514,2026-09-07T10:15:29.375514Z,8259,21,Path Control,65535,255,2.60067093493076
1788776129.5254714,2026-09-07T10:15:29.525471Z,8259,21,Path Control,65535,255,2.5979806046388334
1788776129.625534,2026-09-07T10:15:29.625534Z,8259,21,Path Control,65535,255,2.5959764096403144
1788776129.7754142,2026-09-07T10:15:29.775414Z,8259,21,Path Control,65535,255,2.59255996101587
1788776129.8754668,2026-09-07T10:15:29.875466Z,8259,21,Path Control,65535,255,2.589995370628314
1788776130.0253692,2026-09-07T10:15:30.025369Z,8259,21,Path Control,65535,255,2.5857945641244027
1788776130.1254165,2026-09-07T10:15:30.125416Z,8259,21,Path Control,65535,255,2.5826586039038117
1788776130.2754252,2026-09-07T10:15:30.275425Z,8259,21,Path Control,65535,255,2.5776525995118993
1788776130.4254026,2026-09-07T10:15:30.425402Z,8259,21,Path Control,65535,255,2.5851363954573143
1788776130.5255558,2026-09-07T10:15:30.525555Z,8259,21,Path Control,65535,255,2.5813971763004786
1788776130.6754568,2026-09-07T10:15:30.675456Z,8259,21,Path Control,65535,255,2.5755841950469502
1788776130.8253179,2026-09-07T10:15:30.825317Z,8259,21,Path Control,65535,255,2.5694760073344343
1788776130.9254644,2026-09-07T10:15:30.925464Z,8259,21,Path Control,65535,255,2.5651456790421943
1788776131.0753882,2026-09-07T10:15:31.075388Z,8259,21,Path Control,65535,255,2.55823984174653
1788776131.225315,2026-09-07T10:15:31.225315Z,8259,21,Path Control,65535,255,2.5508687393934966
1788776131.3254006,2026-09-07T10:15:31.325400Z,8259,21,Path Control,65535,255,2.553517118813139
1788776131.425409,2026-09-07T10:15:31.425409Z,8259,21,Path Control,65535,255,2.5482075332211327
1788776131.5753908,2026-09-07T10:15:31.575390Z,8259,21,Path Control,65535,255,2.5397869288621666
1788776131.6754313,2026-09-07T10:15:31.675431Z,8259,21,Path Control,65535,255,2.533828490499646
1788776131.775579,2026-09-07T10:15:31.775578Z,8259,21,Path Control,65535,255,2.5276391318604428
1788776131.9254355,2026-09-07T10:15:31.925435Z,8259,21,Path Control,65535,255,2.5177941990919788
1788776132.075516,2026-09-07T10:15:32.075515Z,8259,21,Path Control,65535,255,2.5074823599658442
1788776132.2252405,2026-09-07T10:15:32.225240Z,8259,21,Path Control,65535,255,2.4967260551636397
1788776132.3253589,2026-09-07T10:15:32.325358Z,8259,21,Path Control,65535,255,2.502519719499062
1788776132.475446,2026-09-07T10:15:32.475445Z,8259,21,Path Control,65535,255,2.491332671861386
1788776132.6253757,2026-09-07T10:15:32.625375Z,8259,21,Path Control,65535,255,2.4796050922102073
1788776132.775411,2026-09-07T10:15:32.775410Z,8259,21,Path Control,65535,255,2.4672037103481173
1788776132.8754478,2026-09-07T10:15:32.875447Z,8259,21,Path Control,65535,255,2.45859760070742
1788776133.025301,2026-09-07T10:15:33.025300Z,8259,21,Path Control,65535,255,2.4452856696540834
1788776133.125309,2026-09-07T10:15:33.125308Z,8259,21,Path Control,65535,255,2.4358247630311434
1788776133.2253468,2026-09-07T10:15:33.225346Z,8259,21,Path Control,65535,255,2.426228091580819
1788776133.3254132,2026-09-07T10:15:33.325413Z,8259,21,Path Control,65535,255,2.4238970622452003
1788776133.475438,2026-09-07T10:15:33.475438Z,8259,21,Path Control,65535,255,2.408452646439435
1788776133.6253746,2026-09-07T10:15:33.625374Z,8259,21,Path Control,65535,255,2.392372452054381
1788776133.7254083,2026-09-07T10:15:33.725408Z,8259,21,Path Control,65535,255,2.381370340747801
1788776133.8755395,2026-09-07T10:15:33.875539Z,8259,21,Path Control,65535,255,2.3643408496021654
1788776134.0253084,2026-09-07T10:15:34.025308Z,8259,21,Path Control,65535,255,2.346833321025385
1788776134.1254058,2026-09-07T10:15:34.125405Z,8259,21,Path Control,65535,255,2.3347557053437873
1788776134.275517,2026-09-07T10:15:34.275516Z,8259,21,Path Control,65535,255,2.316249430889468
1788776134.4254296,2026-09-07T10:15:34.425429Z,8259,21,Path Control,65535,255,2.297223878557494
1788776134.5254889,2026-09-07T10:15:34.525488Z,8259,21,Path Control,65535,255,2.284202350902098
1788776134.6756005,2026-09-07T10:15:34.675600Z,8259,21,Path Control,65535,255,2.2644055070978233
1788776134.8253028,2026-09-07T10:15:34.825302Z,8259,21,Path Control,65535,255,2.244259738989997
1788776134.9254725,2026-09-07T10:15:34.925472Z,8259,21,Path Control,65535,255,2.2304720050183997
1788776135.0755165,2026-09-07T10:15:35.075516Z,8259,21,Path Control,65535,255,2.2096053500747592
1788776135.2253222,2026-09-07T10:15:35.225322Z,8259,21,Path Control,65535,255,2.188472349745973
1788776135.3254201,2026-09-07T10:15:35.325420Z,8259,21,Path Control,65535,255,2.1703414648431143
1788776135.475465,2026-09-07T10:15:35.475465Z,8259,21,Path Control,65535,255,2.1488396042999542
1788776135.625286,2026-09-07T10:15:35.625286Z,8259,21,Path Control,65535,255,2.1272529782690173
1788776135.725455,2026-09-07T10:15:35.725455Z,8259,21,Path Control,65535,255,2.1127485574806384
1788776135.875444,2026-09-07T10:15:35.875443Z,8259,21,Path Control,65535,255,2.090893920217929
1788776136.0252752,2026-09-07T10:15:36.025275Z,8259,21,Path Control,65535,255,2.068934959889726
1788776136.1256452,2026-09-07T10:15:36.125645Z,8259,21,Path Control,65535,255,2.05467784290877
1788776136.275454,2026-09-07T10:15:36.275454Z,8259,21,Path Control,65535,255,2.0330049747292778
1788776136.425348,2026-09-07T10:15:36.425348Z,8259,21,Path Control,65535,255,2.004944030979101
1788776136.5254774,2026-09-07T10:15:36.525477Z,8259,21,Path Control,65535,255,1.991078097530466
1788776136.6754363,2026-09-07T10:15:36.675436Z,8259,21,Path Control,65535,255,1.969560140161779
1788776136.8254588,2026-09-07T10:15:36.825458Z,8259,21,Path Control,65535,255,1.9477733993124802
1788776136.925433,2026-09-07T10:15:36.925432Z,8259,21,Path Control,65535,255,1.9333609885074492
1788776137.0753913,2026-09-07T10:15:37.075391Z,8259,21,Path Control,65535,255,1.9119669737924119
1788776137.2252915,2026-09-07T10:15:37.225291Z,8259,21,Path Control,65535,255,1.890938674511784
1788776137.3255491,2026-09-07T10:15:37.325549Z,8259,21,Path Control,65535,255,1.8549776508013973
1788776137.4754133,2026-09-07T10:15:37.475413Z,8259,21,Path Control,65535,255,1.834777188038666
1788776137.625349,2026-09-07T10:15:37.625349Z,8259,21,Path Control,65535,255,1.8152023279786857
1788776137.725362,2026-09-07T10:15:37.725362Z,8259,21,Path Control,65535,255,1.80259426077327
1788776137.8756628,2026-09-07T10:15:37.875662Z,8259,21,Path Control,65535,255,1.7840727154662415
1788776138.0253568,2026-09-07T10:15:38.025356Z,8259,21,Path Control,65535,255,1.7661460794190582
1788776138.1254194,2026-09-07T10:15:38.125419Z,8259,21,Path Control,65535,255,1.7539994738239737
1788776138.2753677,2026-09-07T10:15:38.275367Z,8259,21,Path Control,65535,255,1.7363707098744445
1788776138.4253864,2026-09-07T10:15:38.425386Z,8259,21,Path Control,65535,255,1.6942008897861713
1788776138.5255225,2026-09-07T10:15:38.525522Z,8259,21,Path Control,65535,255,1.6836389532074283
1788776138.675531,2026-09-07T10:15:38.675530Z,8259,21,Path Control,65535,255,1.6687556906088359
1788776138.8254464,2026-09-07T10:15:38.825446Z,8259,21,Path Control,65535,255,1.655037164476327
1788776138.9255073,2026-09-07T10:15:38.925507Z,8259,21,Path Control,65535,255,1.646091213006146
1788776139.075542,2026-09-07T10:15:39.075541Z,8259,21,Path Control,65535,255,1.6331152455755003
1788776139.2252812,2026-09-07T10:15:39.225281Z,8259,21,Path Control,65535,255,1.6205653966226448
1788776139.3256493,2026-09-07T10:15:39.325649Z,8259,21,Path Control,65535,255,1.582038576561739
1788776139.4755628,2026-09-07T10:15:39.475562Z,8259,21,Path Control,65535,255,1.5723556224992725
1788776139.6253936,2026-09-07T10:15:39.625393Z,8259,21,Path Control,65535,255,1.5635510435441937
1788776139.7254276,2026-09-07T10:15:39.725427Z,8259,21,Path Control,65535,255,1.5578033921774113
1788776139.8755207,2026-09-07T10:15:39.875520Z,8259,21,Path Control,65535,255,1.5498732329450746
1788776140.0253038,2026-09-07T10:15:40.025303Z,8259,21,Path Control,65535,255,1.542772524310206
1788776140.1254663,2026-09-07T10:15:40.125466Z,8259,21,Path Control,65535,255,1.53892169115509
1788776140.2754738,2026-09-07T10:15:40.275473Z,8259,21,Path Control,65535,255,1.533862873427935
1788776140.425383,2026-09-07T10:15:40.425383Z,8259,21,Path Control,65535,255,1.4919750358602024
1788776140.525464,2026-09-07T10:15:40.525464Z,8259,21,Path Control,65535,255,1.4895903839785973
1788776140.6754081,2026-09-07T10:15:40.675408Z,8259,21,Path Control,65535,255,1.4861341501682241
1788776140.825376,2026-09-07T10:15:40.825376Z,8259,21,Path Control,65535,255,1.482899573247766
1788776140.9255059,2026-09-07T10:15:40.925505Z,8259,21,Path Control,65535,255,1.4817203001297121
1788776141.0754204,2026-09-07T10:15:41.075420Z,8259,21,Path Control,65535,255,1.4805784957818262
1788776141.2253437,2026-09-07T10:15:41.225343Z,8259,21,Path Control,65535,255,1.4803777360384607
1788776141.325617,2026-09-07T10:15:41.325617Z,8259,21,Path Control,65535,255,1.453966286292408
1788776141.4754267,2026-09-07T10:15:41.475426Z,8259,21,Path Control,65535,255,1.4545913908228503
1788776141.6252916,2026-09-07T10:15:41.625291Z,8259,21,Path Control,65535,255,1.4556002881919115
1788776141.7253911,2026-09-07T10:15:41.725391Z,8259,21,Path Control,65535,255,1.456693327742143
1788776141.8754396,2026-09-07T10:15:41.875439Z,8259,21,Path Control,65535,255,1.4586232965112598
1788776141.975472,2026-09-07T10:15:41.975471Z,8259,21,Path Control,65535,255,1.4601336567367897
1788776142.1254654,2026-09-07T10:15:42.125465Z,8259,21,Path Control,65535,255,1.4634400408572996
1788776142.2753837,2026-09-07T10:15:42.275383Z,8259,21,Path Control,65535,255,1.4674057136000478
1788776142.3755023,2026-09-07T10:15:42.375502Z,8259,21,Path Control,65535,255,1.4502700184395374
1788776142.525483,2026-09-07T10:15:42.525482Z,8259,21,Path Control,65535,255,1.4558917429325853
1788776142.6754866,2026-09-07T10:15:42.675486Z,8259,21,Path Control,65535,255,1.461720286635963
1788776142.7756135,2026-09-07T10:15:42.775613Z,8259,21,Path Control,65535,255,1.4654272607481096
1788776142.9254057,2026-09-07T10:15:42.925405Z,8259,21,Path Control,65535,255,1.4707845808170028
1788776143.075399,2026-09-07T10:15:43.075398Z,8259,21,Path Control,65535,255,1.4760504101944008
1788776143.2253993,2026-09-07T10:15:43.225399Z,8259,21,Path Control,65535,255,1.4813341701450058
1788776143.325515,2026-09-07T10:15:43.325515Z,8259,21,Path Control,65535,255,1.4773811212806078
1788776143.4753907,2026-09-07T10:15:43.475390Z,8259,21,Path Control,65535,255,1.4836345839079774
1788776143.6253574,2026-09-07T10:15:43.625357Z,8259,21,Path Control,65535,255,1.489825686891884
1788776143.7254481,2026-09-07T10:15:43.725448Z,8259,21,Path Control,65535,255,1.4940489240767751
1788776143.875424,2026-09-07T10:15:43.875423Z,8259,21,Path Control,65535,255,1.5008085722069884
1788776144.0253077,2026-09-07T10:15:44.025307Z,8259,21,Path Control,65535,255,1.5080108109252797
1788776144.125404,2026-09-07T10:15:44.125403Z,8259,21,Path Control,65535,255,1.5131577357843788
1788776144.275393,2026-09-07T10:15:44.275393Z,8259,21,Path Control,65535,255,1.5211602375342341
1788776144.3754227,2026-09-07T10:15:44.375422Z,8259,21,Path Control,65535,255,1.5190998089476269
1788776144.5256007,2026-09-07T10:15:44.525600Z,8259,21,Path Control,65535,255,1.5265443388102593
1788776144.6754193,2026-09-07T10:15:44.675419Z,8259,21,Path Control,65535,255,1.53339624871797
1788776144.825373,2026-09-07T10:15:44.825372Z,8259,21,Path Control,65535,255,1.539852418776249
1788776144.925522,2026-09-07T10:15:44.925522Z,8259,21,Path Control,65535,255,1.544645025743579
1788776145.0754414,2026-09-07T10:15:45.075441Z,8259,21,Path Control,65535,255,1.5518952951622833
1788776145.22527,2026-09-07T10:15:45.225270Z,8259,21,Path Control,65535,255,1.5593039141522338
1788776145.3256507,2026-09-07T10:15:45.325650Z,8259,21,Path Control,65535,255,1.5663609747660878
1788776145.4753742,2026-09-07T10:15:45.475374Z,8259,21,Path Control,65535,255,1.573514683260989
1788776145.5754125,2026-09-07T10:15:45.575412Z,8259,21,Path Control,65535,255,1.577926928616228
1788776145.6754396,2026-09-07T10:15:45.675439Z,8259,21,Path Control,65535,255,1.582137984901309
1788776145.8252826,2026-09-07T10:15:45.825282Z,8259,21,Path Control,65535,255,1.5881356747426383
1788776145.925531,2026-09-07T10:15:45.925530Z,8259,21,Path Control,65535,255,1.5920695054865854
1788776146.075613,2026-09-07T10:15:46.075613Z,8259,21,Path Control,65535,255,1.5973726290120862
1788776146.225305,2026-09-07T10:15:46.225305Z,8259,21,Path Control,65535,255,1.6021434939410244
1788776146.3255146,2026-09-07T10:15:46.325514Z,8259,21,Path Control,65535,255,1.6090144277331448
1788776146.4756463,2026-09-07T10:15:46.475646Z,8259,21,Path Control,65535,255,1.6149579580795825
1788776146.6253104,2026-09-07T10:15:46.625310Z,8259,21,Path Control,65535,255,1.6212634684429603
1788776146.7254133,2026-09-07T10:15:46.725413Z,8259,21,Path Control,65535,255,1.6249465728427388
1788776146.8754396,2026-09-07T10:15:46.875439Z,8259,21,Path Control,65535,255,1.6299251291272485
1788776146.975451,2026-09-07T10:15:46.975450Z,8259,21,Path Control,65535,255,1.6327793812354945
1788776147.1254125,2026-09-07T10:15:47.125412Z,8259,21,Path Control,65535,255,1.6362772121410254
1788776147.2753942,2026-09-07T10:15:47.275394Z,8259,21,Path Control,65535,255,1.6390878781634801
1788776147.3754005,2026-09-07T10:15:47.375400Z,8259,21,Path Control,65535,255,1.6316540001871285
1788776147.525618,2026-09-07T10:15:47.525618Z,8259,21,Path Control,65535,255,1.6336805275706368
1788776147.675309,2026-09-07T10:15:47.675308Z,8259,21,Path Control,65535,255,1.6354530040147723
1788776147.7753894,2026-09-07T10:15:47.775389Z,8259,21,Path Control,65535,255,1.636560664648923
1788776147.8754385,2026-09-07T10:15:47.875438Z,8259,21,Path Control,65535,255,1.637489282364404
1788776148.0253112,2026-09-07T10:15:48.025311Z,8259,21,Path Control,65535,255,1.6386672577377825
1788776148.125438,2026-09-07T10:15:48.125437Z,8259,21,Path Control,65535,255,1.6394592441781455
1788776148.2754385,2026-09-07T10:15:48.275438Z,8259,21,Path Control,65535,255,1.6403131595467029
1788776148.3754685,2026-09-07T10:15:48.375468Z,8259,21,Path Control,65535,255,1.6439782697744327
1788776148.5258172,2026-09-07T10:15:48.525817Z,8259,21,Path Control,65535,255,1.6441977402064352
1788776148.675508,2026-09-07T10:15:48.675508Z,8259,21,Path Control,65535,255,1.6434920638146924
1788776148.825304,2026-09-07T10:15:48.825304Z,8259,21,Path Control,65535,255,1.6419654030599808
1788776148.925623,2026-09-07T10:15:48.925622Z,8259,21,Path Control,65535,255,1.6405489555159407
1788776149.0755525,2026-09-07T10:15:49.075552Z,8259,21,Path Control,65535,255,1.6388979634675107
1788776149.22529,2026-09-07T10:15:49.225290Z,8259,21,Path Control,65535,255,1.6376566938872152
1788776149.3254385,2026-09-07T10:15:49.325438Z,8259,21,Path Control,65535,255,1.644053987766089
1788776149.475377,2026-09-07T10:15:49.475377Z,8259,21,Path Control,65535,255,1.6421108993538318
1788776149.5755906,2026-09-07T10:15:49.575590Z,8259,21,Path Control,65535,255,1.6409077773917158
1788776149.7253973,2026-09-07T10:15:49.725397Z,8259,21,Path Control,65535,255,1.6398758702751226
1788776149.8753834,2026-09-07T10:15:49.875383Z,8259,21,Path Control,65535,255,1.639263246038718
1788776150.0253978,2026-09-07T10:15:50.025397Z,8259,21,Path Control,65535,255,1.6387889965053892
1788776150.125465,2026-09-07T10:15:50.125464Z,8259,21,Path Control,65535,255,1.6384475247939143
1788776150.2754939,2026-09-07T10:15:50.275493Z,8259,21,Path Control,65535,255,1.6372354451191868
1788776150.3756092,2026-09-07T10:15:50.375609Z,8259,21,Path Control,65535,255,1.6239276862227146
1788776150.5253603,2026-09-07T10:15:50.525360Z,8259,21,Path Control,65535,255,1.6213226332804864
1788776150.6254382,2026-09-07T10:15:50.625438Z,8259,21,Path Control,65535,255,1.6194238676641952
1788776150.7754216,2026-09-07T10:15:50.775421Z,8259,21,Path Control,65535,255,1.6167279576065487
1788776150.8754718,2026-09-07T10:15:50.875471Z,8259,21,Path Control,65535,255,1.6151246142319573
1788776150.9754853,2026-09-07T10:15:50.975485Z,8259,21,Path Control,65535,255,1.6135928507496589
1788776151.125418,2026-09-07T10:15:51.125417Z,8259,21,Path Control,65535,255,1.6112308179568122
1788776151.275442,2026-09-07T10:15:51.275441Z,8259,21,Path Control,65535,255,1.6087616032001697
1788776151.4252932,2026-09-07T10:15:51.425293Z,8259,21,Path Control,65535,255,1.6061940424167687
1788776151.5254807,2026-09-07T10:15:51.525480Z,8259,21,Path Control,65535,255,1.6041525199902702
1788776151.6754708,2026-09-07T10:15:51.675470Z,8259,21,Path Control,65535,255,1.6011575964486393
1788776151.7754035,2026-09-07T10:15:51.775403Z,8259,21,Path Control,65535,255,1.5991957758852617
1788776151.9256356,2026-09-07T10:15:51.925635Z,8259,21,Path Control,65535,255,1.5976871590851975
1788776152.075392,2026-09-07T10:15:52.075392Z,8259,21,Path Control,65535,255,1.5966295925802947
1788776152.2253602,2026-09-07T10:15:52.225360Z,8259,21,Path Control,65535,255,1.5957496503692414
1788776152.325437,2026-09-07T10:15:52.325437Z,8259,21,Path Control,65535,255,1.5837138008702458
1788776152.4756632,2026-09-07T10:15:52.475663Z,8259,21,Path Control,65535,255,1.581539144755704
1788776152.6253245,2026-09-07T10:15:52.625324Z,8259,21,Path Control,65535,255,1.5792955059421174
1788776152.7255967,2026-09-07T10:15:52.725596Z,8259,21,Path Control,65535,255,1.5787894452533084
1788776152.8755481,2026-09-07T10:15:52.875548Z,8259,21,Path Control,65535,255,1.5778085068124683
1788776153.0253265,2026-09-07T10:15:53.025326Z,8259,21,Path Control,65535,255,1.57702095218271
1788776153.1254115,2026-09-07T10:15:53.125411Z,8259,21,Path Control,65535,255,1.5772222376443183
1788776153.2754247,2026-09-07T10:15:53.275424Z,8259,21,Path Control,65535,255,1.577693169327537
1788776153.4253461,2026-09-07T10:15:53.425346Z,8259,21,Path Control,65535,255,1.574762270450919
1788776153.5254416,2026-09-07T10:15:53.525441Z,8259,21,Path Control,65535,255,1.575312171359105
1788776153.6754544,2026-09-07T10:15:53.675454Z,8259,21,Path Control,65535,255,1.5759722535822442
1788776153.7755754,2026-09-07T10:15:53.775575Z,8259,21,Path Control,65535,255,1.576247210750695
1788776153.9256897,2026-09-07T10:15:53.925689Z,8259,21,Path Control,65535,255,1.576713202269353
1788776154.0754433,2026-09-07T10:15:54.075443Z,8259,21,Path Control,65535,255,1.5771864786378182
1788776154.2252607,2026-09-07T10:15:54.225260Z,8259,21,Path Control,65535,255,1.5776079697473777
1788776154.3254883,2026-09-07T10:15:54.325488Z,8259,21,Path Control,65535,255,1.5782893159064695
1788776154.4756584,2026-09-07T10:15:54.475658Z,8259,21,Path Control,65535,255,1.5784264908698342
1788776154.625416,2026-09-07T10:15:54.625416Z,8259,21,Path Control,65535,255,1.5796983130800275
1788776154.7254183,2026-09-07T10:15:54.725418Z,8259,21,Path Control,65535,255,1.580571575982245
1788776154.8754196,2026-09-07T10:15:54.875419Z,8259,21,Path Control,65535,255,1.5820038384934865
1788776154.9753768,2026-09-07T10:15:54.975376Z,8259,21,Path Control,65535,255,1.583034910340297
1788776155.075436,2026-09-07T10:15:55.075436Z,8259,21,Path Control,65535,255,1.584393173417657
1788776155.225274,2026-09-07T10:15:55.225274Z,8259,21,Path Control,65535,255,1.5866585122114423
1788776155.3254027,2026-09-07T10:15:55.325402Z,8259,21,Path Control,65535,255,1.581673503482028
1788776155.4755356,2026-09-07T10:15:55.475535Z,8259,21,Path Control,65535,255,1.5847370567605212
1788776155.6253412,2026-09-07T10:15:55.625341Z,8259,21,Path Control,65535,255,1.5874813733511457
1788776155.725441,2026-09-07T10:15:55.725440Z,8259,21,Path Control,65535,255,1.5891146655814368
1788776155.8757668,2026-09-07T10:15:55.875766Z,8259,21,Path Control,65535,255,1.5912469759474428
1788776156.0253298,2026-09-07T10:15:56.025329Z,8259,21,Path Control,65535,255,1.5930050054626521
1788776156.1254387,2026-09-07T10:15:56.125438Z,8259,21,Path Control,65535,255,1.5936333943925431
1788776156.2755077,2026-09-07T10:15:56.275507Z,8259,21,Path Control,65535,255,1.5948099201173647
1788776156.4253552,2026-09-07T10:15:56.425355Z,8259,21,Path Control,65535,255,1.600126157880753
1788776156.5254264,2026-09-07T10:15:56.525426Z,8259,21,Path Control,65535,255,1.6012396514774658
1788776156.6754127,2026-09-07T10:15:56.675412Z,8259,21,Path Control,65535,255,1.6025620065847432
1788776156.7754493,2026-09-07T10:15:56.775449Z,8259,21,Path Control,65535,255,1.603230465478236
1788776156.9255111,2026-09-07T10:15:56.925511Z,8259,21,Path Control,65535,255,1.60507725137395
1788776157.0755868,2026-09-07T10:15:57.075586Z,8259,21,Path Control,65535,255,1.6071765492275307
1788776157.2252727,2026-09-07T10:15:57.225272Z,8259,21,Path Control,65535,255,1.6093294386351473
1788776157.3254251,2026-09-07T10:15:57.325425Z,8259,21,Path Control,65535,255,1.6148283148281548
1788776157.4754,2026-09-07T10:15:57.475399Z,8259,21,Path Control,65535,255,1.6167492437588646
1788776157.575408,2026-09-07T10:15:57.575407Z,8259,21,Path Control,65535,255,1.618377583957294
1788776157.7254431,2026-09-07T10:15:57.725443Z,8259,21,Path Control,65535,255,1.6207821898542845
1788776157.8753955,2026-09-07T10:15:57.875395Z,8259,21,Path Control,65535,255,1.6231475397804778
1788776158.025461,2026-09-07T10:15:58.025460Z,8259,21,Path Control,65535,255,1.6254910056291314
1788776158.1255114,2026-09-07T10:15:58.125511Z,8259,21,Path Control,65535,255,1.6228484223957589
1788776158.2755475,2026-09-07T10:15:58.275547Z,8259,21,Path Control,65535,255,1.6235246762086417
1788776158.4252641,2026-09-07T10:15:58.425264Z,8259,21,Path Control,65535,255,1.6245343167563449
1788776158.5256252,2026-09-07T10:15:58.525625Z,8259,21,Path Control,65535,255,1.6255324342368354
1788776158.6755168,2026-09-07T10:15:58.675516Z,8259,21,Path Control,65535,255,1.6268919913908615
1788776158.8252563,2026-09-07T10:15:58.825256Z,8259,21,Path Control,65535,255,1.6281823886848128
1788776158.9256275,2026-09-07T10:15:58.925627Z,8259,21,Path Control,65535,255,1.6287281078675508
1788776159.0756702,2026-09-07T10:15:59.075670Z,8259,21,Path Control,65535,255,1.6295838060054155
1788776159.2252598,2026-09-07T10:15:59.225259Z,8259,21,Path Control,65535,255,1.6304234479226773
1788776159.3255017,2026-09-07T10:15:59.325501Z,8259,21,Path Control,65535,255,1.6340946849702953
1788776159.4754353,2026-09-07T10:15:59.475435Z,8259,21,Path Control,65535,255,1.6345363560635058
1788776159.6252925,2026-09-07T10:15:59.625292Z,8259,21,Path Control,65535,255,1.6351634498320335
1788776159.7254012,2026-09-07T10:15:59.725401Z,8259,21,Path Control,65535,255,1.6359013412743215
1788776159.875477,2026-09-07T10:15:59.875477Z,8259,21,Path Control,65535,255,1.6367140183620377
1788776160.0252745,2026-09-07T10:16:00.025274Z,8259,21,Path Control,65535,255,1.6372633898635918
1788776160.1255932,2026-09-07T10:16:00.125593Z,8259,21,Path Control,65535,255,1.6379812702613485
1788776160.275456,2026-09-07T10:16:00.275455Z,8259,21,Path Control,65535,255,1.6389435412875608
1788776160.425306,2026-09-07T10:16:00.425306Z,8259,21,Path Control,65535,255,1.6430484664705687
1788776160.5255785,2026-09-07T10:16:00.525578Z,8259,21,Path Control,65535,255,1.6435489541800892
1788776160.6754649,2026-09-07T10:16:00.675464Z,8259,21,Path Control,65535,255,1.643948520655592
1788776160.8252964,2026-09-07T10:16:00.825296Z,8259,21,Path Control,65535,255,1.6440385709058174
1788776160.9255927,2026-09-07T10:16:00.925592Z,8259,21,Path Control,65535,255,1.6449320597117765
1788776161.0754235,2026-09-07T10:16:01.075423Z,8259,21,Path Control,65535,255,1.646157322856095
1788776161.2253532,2026-09-07T10:16:01.225353Z,8259,21,Path Control,65535,255,1.6474944086745587
1788776161.325451,2026-09-07T10:16:01.325450Z,8259,21,Path Control,65535,255,1.6528504704613511
1788776161.4754744,2026-09-07T10:16:01.475474Z,8259,21,Path Control,65535,255,1.6533502054100189
1788776161.625297,2026-09-07T10:16:01.625297Z,8259,21,Path Control,65535,255,1.6529252061722546
1788776161.7254617,2026-09-07T10:16:01.725461Z,8259,21,Path Control,65535,255,1.6517485326058654
1788776161.8754015,2026-09-07T10:16:01.875401Z,8259,21,Path Control,65535,255,1.6503922096375994
1788776162.0252914,2026-09-07T10:16:02.025291Z,8259,21,Path Control,65535,255,1.6492669282763681
1788776162.1253994,2026-09-07T10:16:02.125399Z,8259,21,Path Control,65535,255,1.6498813482368426
1788776162.2755003,2026-09-07T10:16:02.275500Z,8259,21,Path Control,65535,255,1.6497303989207226
1788776162.4252427,2026-09-07T10:16:02.425242Z,8259,21,Path Control,65535,255,1.6675832127577555
1788776162.5254292,2026-09-07T10:16:02.525429Z,8259,21,Path Control,65535,255,1.666786646943648
1788776162.6754568,2026-09-07T10:16:02.675456Z,8259,21,Path Control,65535,255,1.66575584412587
1788776162.8254151,2026-09-07T10:16:02.825415Z,8259,21,Path Control,65535,255,1.6648249667975779
1788776162.9254544,2026-09-07T10:16:02.925454Z,8259,21,Path Control,65535,255,1.663884495367071
1788776163.075423,2026-09-07T10:16:03.075423Z,8259,21,Path Control,65535,255,1.662685554592644
1788776163.2253056,2026-09-07T10:16:03.225305Z,8259,21,Path Control,65535,255,1.6615802914637268
1788776163.3256564,2026-09-07T10:16:03.325656Z,8259,21,Path Control,65535,255,1.6665755985007351
1788776163.4753914,2026-09-07T10:16:03.475391Z,8259,21,Path Control,65535,255,1.6656727947393262
1788776163.625337,2026-09-07T10:16:03.625336Z,8259,21,Path Control,65535,255,1.6644998922070386
1788776163.7753983,2026-09-07T10:16:03.775398Z,8259,21,Path Control,65535,255,1.6636565782592816
1788776163.8754296,2026-09-07T10:16:03.875429Z,8259,21,Path Control,65535,255,1.6631936515277457
1788776164.025304,2026-09-07T10:16:04.025304Z,8259,21,Path Control,65535,255,1.6626023095182954
1788776164.125398,2026-09-07T10:16:04.125397Z,8259,21,Path Control,65535,255,1.6619768405979853
1788776164.275392,2026-09-07T10:16:04.275392Z,8259,21,Path Control,65535,255,1.6608015354614951
1788776164.3754878,2026-09-07T10:16:04.375487Z,8259,21,Path Control,65535,255,1.6575644955749063
1788776164.525616,2026-09-07T10:16:04.525615Z,8259,21,Path Control,65535,255,1.6555674891754018
1788776164.6754892,2026-09-07T10:16:04.675489Z,8259,21,Path Control,65535,255,1.6534404721076132
1788776164.7755513,2026-09-07T10:16:04.775551Z,8259,21,Path Control,65535,255,1.6519947288758874
1788776164.9255445,2026-09-07T10:16:04.925544Z,8259,21,Path Control,65535,255,1.6506165571330635
1788776165.0756283,2026-09-07T10:16:05.075628Z,8259,21,Path Control,65535,255,1.6494341980632676
1788776165.225303,2026-09-07T10:16:05.225302Z,8259,21,Path Control,65535,255,1.6482912017128006
1788776165.3256395,2026-09-07T10:16:05.325639Z,8259,21,Path Control,65535,255,1.6560305934548216
1788776165.4754739,2026-09-07T10:16:05.475473Z,8259,21,Path Control,65535,255,1.6546821589722922
1788776165.5754304,2026-09-07T10:16:05.575430Z,8259,21,Path Control,65535,255,1.6539879497628047
1788776165.6754448,2026-09-07T10:16:05.675444Z,8259,21,Path Control,65535,255,1.6537665453954393
1788776165.825345,2026-09-07T10:16:05.825345Z,8259,21,Path Control,65535,255,1.653709082352496
1788776165.9254305,2026-09-07T10:16:05.925430Z,8259,21,Path Control,65535,255,1.6526835462686311
1788776166.0757067,2026-09-07T10:16:06.075706Z,8259,21,Path Control,65535,255,1.651234435328192
1788776166.2253017,2026-09-07T10:16:06.225301Z,8259,21,Path Control,65535,255,1.6495464479858246
1788776166.3253953,2026-09-07T10:16:06.325395Z,8259,21,Path Control,65535,255,1.6481640126489243
1788776166.475483,2026-09-07T10:16:06.475482Z,8259,21,Path Control,65535,255,1.6449708605394484
1788776166.5755954,2026-09-07T10:16:06.575595Z,8259,21,Path Control,65535,255,1.643967226128029
1788776166.6756167,2026-09-07T10:16:06.675616Z,8259,21,Path Control,65535,255,1.6429643316825688
1788776166.8253374,2026-09-07T10:16:06.825337Z,8259,21,Path Control,65535,255,1.641504964796524
1788776166.9254742,2026-09-07T10:16:06.925474Z,8259,21,Path Control,65535,255,1.640693563360078
1788776167.0754344,2026-09-07T10:16:07.075434Z,8259,21,Path Control,65535,255,1.639609229504888
1788776167.225305,2026-09-07T10:16:07.225305Z,8259,21,Path Control,65535,255,1.6387058562769923
1788776167.3254607,2026-09-07T10:16:07.325460Z,8259,21,Path Control,65535,255,1.6434009129334768
1788776167.4754875,2026-09-07T10:16:07.475487Z,8259,21,Path Control,65535,255,1.641899100962165
1788776167.625349,2026-09-07T10:16:07.625349Z,8259,21,Path Control,65535,255,1.639881630289118
1788776167.725414,2026-09-07T10:16:07.725414Z,8259,21,Path Control,65535,255,1.6384892749088955
1788776167.8754501,2026-09-07T10:16:07.875450Z,8259,21,Path Control,65535,255,1.6366461221947401
1788776168.0252762,2026-09-07T10:16:08.025276Z,8259,21,Path Control,65535,255,1.635083368801193
1788776168.1253986,2026-09-07T10:16:08.125398Z,8259,21,Path Control,65535,255,1.6342221090532087
1788776168.2754014,2026-09-07T10:16:08.275401Z,8259,21,Path Control,65535,255,1.6331516343332502
1788776168.3754253,2026-09-07T10:16:08.375425Z,8259,21,Path Control,65535,255,1.6407053091343191
1788776168.4755142,2026-09-07T10:16:08.475514Z,8259,21,Path Control,65535,255,1.640460254793009
1788776168.575529,2026-09-07T10:16:08.575529Z,8259,21,Path Control,65535,255,1.6403134102729657
1788776168.7254019,2026-09-07T10:16:08.725401Z,8259,21,Path Control,65535,255,1.6392470741833596
1788776168.8254278,2026-09-07T10:16:08.825427Z,8259,21,Path Control,65535,255,1.638417301770392
1788776168.9254742,2026-09-07T10:16:08.925474Z,8259,21,Path Control,65535,255,1.6376086750286523
1788776169.075435,2026-09-07T10:16:09.075434Z,8259,21,Path Control,65535,255,1.6362602079866022
1788776169.225229,2026-09-07T10:16:09.225229Z,8259,21,Path Control,65535,255,1.63490599846873
1788776169.3254452,2026-09-07T10:16:09.325445Z,8259,21,Path Control,65535,255,1.6385234734432466
1788776169.4754589,2026-09-07T10:16:09.475458Z,8259,21,Path Control,65535,255,1.6385279653042957
1788776169.6254964,2026-09-07T10:16:09.625496Z,8259,21,Path Control,65535,255,1.6391157764191964
1788776169.7254264,2026-09-07T10:16:09.725426Z,8259,21,Path Control,65535,255,1.6396172371847313
1788776169.8254457,2026-09-07T10:16:09.825445Z,8259,21,Path Control,65535,255,1.6401160583485794
1788776169.9753568,2026-09-07T10:16:09.975356Z,8259,21,Path Control,65535,255,1.6394411831466902
1788776170.0754685,2026-09-07T10:16:10.075468Z,8259,21,Path Control,65535,255,1.6392384897764527
1788776170.22535,2026-09-07T10:16:10.225349Z,8259,21,Path Control,65535,255,1.638968954173106
1788776170.3254523,2026-09-07T10:16:10.325452Z,8259,21,Path Control,65535,255,1.6359001033396456
1788776170.4754276,2026-09-07T10:16:10.475427Z,8259,21,Path Control,65535,255,1.6355778969364312
1788776170.5754464,2026-09-07T10:16:10.575446Z,8259,21,Path Control,65535,255,1.635337869641741
1788776170.6756263,2026-09-07T10:16:10.675626Z,8259,21,Path Control,65535,255,1.634860585637142
1788776170.825331,2026-09-07T10:16:10.825330Z,8259,21,Path Control,65535,255,1.6340353936750203
1788776170.925441,2026-09-07T10:16:10.925441Z,8259,21,Path Control,65535,255,1.633747978324246
1788776171.0753984,2026-09-07T10:16:11.075398Z,8259,21,Path Control,65535,255,1.634181631735732
1788776171.225312,2026-09-07T10:16:11.225311Z,8259,21,Path Control,65535,255,1.6349573063057852
1788776171.325507,2026-09-07T10:16:11.325506Z,8259,21,Path Control,65535,255,1.634498200447653
1788776171.4754107,2026-09-07T10:16:11.475410Z,8259,21,Path Control,65535,255,1.6348955532712455
1788776171.6254404,2026-09-07T10:16:11.625440Z,8259,21,Path Control,65535,255,1.635174396706948
1788776171.7255442,2026-09-07T10:16:11.725544Z,8259,21,Path Control,65535,255,1.6340188072829926
1788776171.8754103,2026-09-07T10:16:11.875410Z,8259,21,Path Control,65535,255,1.6332759173082985
1788776172.025341,2026-09-07T10:16:12.025341Z,8259,21,Path Control,65535,255,1.632363555443254
1788776172.1254675,2026-09-07T10:16:12.125467Z,8259,21,Path Control,65535,255,1.6316616819415588
1788776172.2753568,2026-09-07T10:16:12.275356Z,8259,21,Path Control,65535,255,1.6309624148951518
1788776172.3754022,2026-09-07T10:16:12.375402Z,8259,21,Path Control,65535,255,1.6338099368107963
1788776172.475416,2026-09-07T10:16:12.475415Z,8259,21,Path Control,65535,255,1.6334256182951512
1788776172.6252692,2026-09-07T10:16:12.625269Z,8259,21,Path Control,65535,255,1.6328420699368058
1788776172.7255604,2026-09-07T10:16:12.725560Z,8259,21,Path Control,65535,255,1.632766768448237
1788776172.8754623,2026-09-07T10:16:12.875462Z,8259,21,Path Control,65535,255,1.6329482540477216
1788776172.9754674,2026-09-07T10:16:12.975467Z,8259,21,Path Control,65535,255,1.6332785177074571
1788776173.1254299,2026-09-07T10:16:13.125429Z,8259,21,Path Control,65535,255,1.6336150236145608
1788776173.2755573,2026-09-07T10:16:13.275557Z,8259,21,Path Control,65535,255,1.6336028329337282
1788776173.4254043,2026-09-07T10:16:13.425404Z,8259,21,Path Control,65535,255,1.635564050057189
1788776173.525421,2026-09-07T10:16:13.525420Z,8259,21,Path Control,65535,255,1.6353490656198248
1788776173.6754718,2026-09-07T10:16:13.675471Z,8259,21,Path Control,65535,255,1.6348829549927124
1788776173.8255024,2026-09-07T10:16:13.825502Z,8259,21,Path Control,65535,255,1.6342799321207861
1788776173.925643,2026-09-07T10:16:13.925642Z,8259,21,Path Control,65535,255,1.633902674008319
1788776174.0754454,2026-09-07T10:16:14.075445Z,8259,21,Path Control,65535,255,1.6336893380218285
1788776174.2253835,2026-09-07T10:16:14.225383Z,8259,21,Path Control,65535,255,1.6339019012684741
1788776174.325492,2026-09-07T10:16:14.325491Z,8259,21,Path Control,65535,255,1.6434855655357843
1788776174.4755104,2026-09-07T10:16:14.475510Z,8259,21,Path Control,65535,255,1.6436661180633358
1788776174.6254241,2026-09-07T10:16:14.625424Z,8259,21,Path Control,65535,255,1.6437796607407253
1788776174.725633,2026-09-07T10:16:14.725632Z,8259,21,Path Control,65535,255,1.6436328772933613
1788776174.8754787,2026-09-07T10:16:14.875478Z,8259,21,Path Control,65535,255,1.643462569188224
1788776175.0253553,2026-09-07T10:16:15.025355Z,8259,21,Path Control,65535,255,1.6431784112010404
1788776175.1753497,2026-09-07T10:16:15.175349Z,8259,21,Path Control,65535,255,1.6430035952691169
1788776175.2755663,2026-09-07T10:16:15.275566Z,8259,21,Path Control,65535,255,1.6426333760787766
1788776175.425413,2026-09-07T10:16:15.425412Z,8259,21,Path Control,65535,255,1.6547657611948754
1788776175.5254688,2026-09-07T10:16:15.525468Z,8259,21,Path Control,65535,255,1.6547380479984142
1788776175.6756868,2026-09-07T10:16:15.675686Z,8259,21,Path Control,65535,255,1.6545034053226588
1788776175.8254359,2026-09-07T10:16:15.825435Z,8259,21,Path Control,65535,255,1.6542235773841152
1788776175.925537,2026-09-07T10:16:15.925537Z,8259,21,Path Control,65535,255,1.6545562735754271
1788776176.0753922,2026-09-07T10:16:16.075392Z,8259,21,Path Control,65535,255,1.6546045874576705
1788776176.2253773,2026-09-07T10:16:16.225377Z,8259,21,Path Control,65535,255,1.6544254791019923
1788776176.3255858,2026-09-07T10:16:16.325585Z,8259,21,Path Control,65535,255,1.6666481380254292
1788776176.4754393,2026-09-07T10:16:16.475439Z,8259,21,Path Control,65535,255,1.6663997285354692
1788776176.575541,2026-09-07T10:16:16.575541Z,8259,21,Path Control,65535,255,1.6662513284253526
1788776176.725437,2026-09-07T10:16:16.725436Z,8259,21,Path Control,65535,255,1.6659632707914978
1788776176.8754997,2026-09-07T10:16:16.875499Z,8259,21,Path Control,65535,255,1.665955184565508
1788776177.0254176,2026-09-07T10:16:17.025417Z,8259,21,Path Control,65535,255,1.666189920857022
1788776177.1254475,2026-09-07T10:16:17.125447Z,8259,21,Path Control,65535,255,1.6659068822763812
1788776177.275419,2026-09-07T10:16:17.275418Z,8259,21,Path Control,65535,255,1.6654455324698683
1788776177.425263,2026-09-07T10:16:17.425262Z,8259,21,Path Control,65535,255,1.6725302249909557
1788776177.5254703,2026-09-07T10:16:17.525470Z,8259,21,Path Control,65535,255,1.6720338511303834
1788776177.6754007,2026-09-07T10:16:17.675400Z,8259,21,Path Control,65535,255,1.6710217515296752
1788776177.7754042,2026-09-07T10:16:17.775404Z,8259,21,Path Control,65535,255,1.6701778750338319
1788776177.8754404,2026-09-07T10:16:17.875440Z,8259,21,Path Control,65535,255,1.6695274039914132
1788776178.0252936,2026-09-07T10:16:18.025293Z,8259,21,Path Control,65535,255,1.6686182924779498
1788776178.1254025,2026-09-07T10:16:18.125402Z,8259,21,Path Control,65535,255,1.667547640575056
1788776178.275421,2026-09-07T10:16:18.275420Z,8259,21,Path Control,65535,255,1.6659469957147166
1788776178.3754358,2026-09-07T10:16:18.375435Z,8259,21,Path Control,65535,255,1.672874253967116
1788776178.4754565,2026-09-07T10:16:18.475456Z,8259,21,Path Control,65535,255,1.6718236673803315
1788776178.6252887,2026-09-07T10:16:18.625288Z,8259,21,Path Control,65535,255,1.670196393341386
1788776178.7255187,2026-09-07T10:16:18.725518Z,8259,21,Path Control,65535,255,1.6691555516232266
1788776178.875491,2026-09-07T10:16:18.875490Z,8259,21,Path Control,65535,255,1.667480825101777
1788776179.0252793,2026-09-07T10:16:19.025279Z,8259,21,Path Control,65535,255,1.6657937758843295
1788776179.1254256,2026-09-07T10:16:19.125425Z,8259,21,Path Control,65535,255,1.664970116536757
1788776179.275607,2026-09-07T10:16:19.275607Z,8259,21,Path Control,65535,255,1.6637847486170563
1788776179.4253025,2026-09-07T10:16:19.425302Z,8259,21,Path Control,65535,255,1.674767309807894
1788776179.5254085,2026-09-07T10:16:19.525408Z,8259,21,Path Control,65535,255,1.6739426716999415
1788776179.675458,2026-09-07T10:16:19.675457Z,8259,21,Path Control,65535,255,1.6727014837579692
1788776179.8253028,2026-09-07T10:16:19.825302Z,8259,21,Path Control,65535,255,1.6714024568491415
1788776179.9254208,2026-09-07T10:16:19.925420Z,8259,21,Path Control,65535,255,1.6698823037841244
1788776180.0754955,2026-09-07T10:16:20.075495Z,8259,21,Path Control,65535,255,1.668006516838267
1788776180.225304,2026-09-07T10:16:20.225303Z,8259,21,Path Control,65535,255,1.666377844711074
1788776180.3254473,2026-09-07T10:16:20.325447Z,8259,21,Path Control,65535,255,1.6671636830515888
1788776180.4755979,2026-09-07T10:16:20.475597Z,8259,21,Path Control,65535,255,1.6656701762020756
1788776180.6253552,2026-09-07T10:16:20.625355Z,8259,21,Path Control,65535,255,1.6640981191082629
1788776180.7255628,2026-09-07T10:16:20.725562Z,8259,21,Path Control,65535,255,1.6627084254846833
1788776180.8754191,2026-09-07T10:16:20.875419Z,8259,21,Path Control,65535,255,1.6606104533189694
1788776181.0253189,2026-09-07T10:16:21.025318Z,8259,21,Path Control,65535,255,1.6584246224401191
1788776181.125368,2026-09-07T10:16:21.125368Z,8259,21,Path Control,65535,255,1.6567487324697574
1788776181.27567,2026-09-07T10:16:21.275670Z,8259,21,Path Control,65535,255,1.6542729303670283
1788776181.4253597,2026-09-07T10:16:21.425359Z,8259,21,Path Control,65535,255,1.6600899942061549
1788776181.5254707,2026-09-07T10:16:21.525470Z,8259,21,Path Control,65535,255,1.658904704103049
1788776181.6754682,2026-09-07T10:16:21.675468Z,8259,21,Path Control,65535,255,1.6572278357949592
1788776181.8253021,2026-09-07T10:16:21.825302Z,8259,21,Path Control,65535,255,1.6557422160607655
1788776181.925475,2026-09-07T10:16:21.925474Z,8259,21,Path Control,65535,255,1.654412292013581
1788776182.0754561,2026-09-07T10:16:22.075456Z,8259,21,Path Control,65535,255,1.6520344324364553
1788776182.2252676,2026-09-07T10:16:22.225267Z,8259,21,Path Control,65535,255,1.6492797667550188
1788776182.3255794,2026-09-07T10:16:22.325579Z,8259,21,Path Control,65535,255,1.6503955808848028
1788776182.4754553,2026-09-07T10:16:22.475455Z,8259,21,Path Control,65535,255,1.6480330378719743
1788776182.5755477,2026-09-07T10:16:22.575547Z,8259,21,Path Control,65535,255,1.6465832497294135
1788776182.7255058,2026-09-07T10:16:22.725505Z,8259,21,Path Control,65535,255,1.6441976807736312
1788776182.8754888,2026-09-07T10:16:22.875488Z,8259,21,Path Control,65535,255,1.6418487563676392
1788776183.0252914,2026-09-07T10:16:23.025291Z,8259,21,Path Control,65535,255,1.6395688834699291
1788776183.125313,2026-09-07T10:16:23.125313Z,8259,21,Path Control,65535,255,1.6382748404144134
1788776183.2754343,2026-09-07T10:16:23.275434Z,8259,21,Path Control,65535,255,1.636164217606567
1788776183.3755274,2026-09-07T10:16:23.375527Z,8259,21,Path Control,65535,255,1.63601273685577
1788776183.5254898,2026-09-07T10:16:23.525489Z,8259,21,Path Control,65535,255,1.6331437572444867
1788776183.6755214,2026-09-07T10:16:23.675521Z,8259,21,Path Control,65535,255,1.6302972393631288
1788776183.8253024,2026-09-07T10:16:23.825302Z,8259,21,Path Control,65535,255,1.6275705826657731
1788776183.9255161,2026-09-07T10:16:23.925516Z,8259,21,Path Control,65535,255,1.6261373524377414
1788776184.075437,2026-09-07T10:16:24.075437Z,8259,21,Path Control,65535,255,1.623687608586965
1788776184.225296,2026-09-07T10:16:24.225296Z,8259,21,Path Control,65535,255,1.6211274495704082
1788776184.3256156,2026-09-07T10:16:24.325615Z,8259,21,Path Control,65535,255,1.6278064150092904
1788776184.4754841,2026-09-07T10:16:24.475484Z,8259,21,Path Control,65535,255,1.6252394533445798
1788776184.5755546,2026-09-07T10:16:24.575554Z,8259,21,Path Control,65535,255,1.6235106638991068
1788776184.7254148,2026-09-07T10:16:24.725414Z,8259,21,Path Control,65535,255,1.6211537406509493
1788776184.8754005,2026-09-07T10:16:24.875400Z,8259,21,Path Control,65535,255,1.6190959314062605
1788776185.0252795,2026-09-07T10:16:25.025279Z,8259,21,Path Control,65535,255,1.6173216233028112
1788776185.125391,2026-09-07T10:16:25.125391Z,8259,21,Path Control,65535,255,1.6165802484499157
1788776185.2753282,2026-09-07T10:16:25.275328Z,8259,21,Path Control,65535,255,1.615298053917514
1788776185.3755276,2026-09-07T10:16:25.375527Z,8259,21,Path Control,65535,255,1.6182059266166695
1788776185.475439,2026-09-07T10:16:25.475439Z,8259,21,Path Control,65535,255,1.6173345993722676
1788776185.6253464,2026-09-07T10:16:25.625346Z,8259,21,Path Control,65535,255,1.6161787696863663
1788776185.72542,2026-09-07T10:16:25.725419Z,8259,21,Path Control,65535,255,1.6151126302657828
1788776185.8756306,2026-09-07T10:16:25.875630Z,8259,21,Path Control,65535,255,1.6140052949190613
1788776186.0253358,2026-09-07T10:16:26.025335Z,8259,21,Path Control,65535,255,1.6132652214829775
1788776186.1752574,2026-09-07T10:16:26.175257Z,8259,21,Path Control,65535,255,1.6124332360656826
1788776186.2754593,2026-09-07T10:16:26.275459Z,8259,21,Path Control,65535,255,1.6121878359599187
1788776186.3754616,2026-09-07T10:16:26.375461Z,8259,21,Path Control,65535,255,1.611138421999283
1788776186.5253851,2026-09-07T10:16:26.525385Z,8259,21,Path Control,65535,255,1.6109924253774917
1788776186.6754794,2026-09-07T10:16:26.675479Z,8259,21,Path Control,65535,255,1.610299343034446
1788776186.8252935,2026-09-07T10:16:26.825293Z,8259,21,Path Control,65535,255,1.609061124692086
1788776186.9254189,2026-09-07T10:16:26.925418Z,8259,21,Path Control,65535,255,1.6089709626321969
1788776187.0754592,2026-09-07T10:16:27.075459Z,8259,21,Path Control,65535,255,1.6087450041354758
1788776187.2253122,2026-09-07T10:16:27.225312Z,8259,21,Path Control,65535,255,1.608676070527503
1788776187.3256724,2026-09-07T10:16:27.325672Z,8259,21,Path Control,65535,255,1.6164688538212146
1788776187.4755478,2026-09-07T10:16:27.475547Z,8259,21,Path Control,65535,255,1.6167881626804865
1788776187.6253352,2026-09-07T10:16:27.625335Z,8259,21,Path Control,65535,255,1.6173261171479127
1788776187.72547,2026-09-07T10:16:27.725470Z,8259,21,Path Control,65535,255,1.6175923421700031
1788776187.8755128,2026-09-07T10:16:27.875512Z,8259,21,Path Control,65535,255,1.6176859544640783
1788776188.0253396,2026-09-07T10:16:28.025339Z,8259,21,Path Control,65535,255,1.6174474208506457
1788776188.1254332,2026-09-07T10:16:28.125433Z,8259,21,Path Control,65535,255,1.617732823146869
1788776188.2754552,2026-09-07T10:16:28.275455Z,8259,21,Path Control,65535,255,1.6179903498537447
1788776188.4252987,2026-09-07T10:16:28.425298Z,8259,21,Path Control,65535,255,1.6153338330183487
1788776188.5253682,2026-09-07T10:16:28.525368Z,8259,21,Path Control,65535,255,1.6154352711613327
1788776188.6756577,2026-09-07T10:16:28.675657Z,8259,21,Path Control,65535,255,1.6154804395693527
1788776188.8252988,2026-09-07T10:16:28.825298Z,8259,21,Path Control,65535,255,1.6154675767165778
1788776188.9254372,2026-09-07T10:16:28.925437Z,8259,21,Path Control,65535,255,1.6149873945475162
1788776189.075501,2026-09-07T10:16:29.075500Z,8259,21,Path Control,65535,255,1.6144690604676282
1788776189.2253063,2026-09-07T10:16:29.225306Z,8259,21,Path Control,65535,255,1.6140242045218394
1788776189.3258288,2026-09-07T10:16:29.325828Z,8259,21,Path Control,65535,255,1.6150004224205903
1788776189.4754314,2026-09-07T10:16:29.475431Z,8259,21,Path Control,65535,255,1.6145691526589747
1788776189.6253083,2026-09-07T10:16:29.625308Z,8259,21,Path Control,65535,255,2.9470900889828835
1788776189.725424,2026-09-07T10:16:29.725424Z,8259,21,Path Control,65535,255,2.959863576119742
1788776189.875478,2026-09-07T10:16:29.875478Z,8259,21,Path Control,65535,255,2.9795688102140456
1788776190.0253015,2026-09-07T10:16:30.025301Z,8259,21,Path Control,65535,255,2.9998921705293915
1788776190.1254113,2026-09-07T10:16:30.125411Z,8259,21,Path Control,65535,255,3.01331958801328
1788776190.275482,2026-09-07T10:16:30.275481Z,8259,21,Path Control,65535,255,3.034414040833126
1788776190.4253013,2026-09-07T10:16:30.425301Z,8259,21,Path Control,65535,255,3.0539613369268097
1788776190.5255725,2026-09-07T10:16:30.525572Z,8259,21,Path Control,65535,255,3.06881116649237
1788776190.6754665,2026-09-07T10:16:30.675466Z,8259,21,Path Control,65535,255,3.0919702749762754
1788776190.7754774,2026-09-07T10:16:30.775477Z,8259,21,Path Control,65535,255,3.107940416585975
1788776190.9255521,2026-09-07T10:16:30.925552Z,8259,21,Path Control,65535,255,3.1328253486593227
1788776191.0754163,2026-09-07T10:16:31.075416Z,8259,21,Path Control,65535,255,-3.126144990537055
1788776191.2252636,2026-09-07T10:16:31.225263Z,8259,21,Path Control,65535,255,-3.100468249327021
1788776191.325437,2026-09-07T10:16:31.325437Z,8259,21,Path Control,65535,255,-3.0937889510282326
1788776191.4754488,2026-09-07T10:16:31.475448Z,8259,21,Path Control,65535,255,-3.0672782516488004
1788776191.575661,2026-09-07T10:16:31.575660Z,8259,21,Path Control,65535,255,-3.0490262916822983
1788776191.725342,2026-09-07T10:16:31.725342Z,8259,21,Path Control,65535,255,-3.019958562478685
1788776191.875528,2026-09-07T10:16:31.875528Z,8259,21,Path Control,65535,255,-2.9905245779880287
1788776192.0253475,2026-09-07T10:16:32.025347Z,8259,21,Path Control,65535,255,-2.96031468842698
1788776192.1253684,2026-09-07T10:16:32.125368Z,8259,21,Path Control,65535,255,-2.940128455374336
1788776192.2754476,2026-09-07T10:16:32.275447Z,8259,21,Path Control,65535,255,-2.9090619899913457
1788776192.3754492,2026-09-07T10:16:32.375449Z,8259,21,Path Control,65535,255,-2.9009087390785306
1788776192.5254173,2026-09-07T10:16:32.525417Z,8259,21,Path Control,65535,255,-2.868829713551568
1788776192.6755462,2026-09-07T10:16:32.675546Z,8259,21,Path Control,65535,255,-2.836285032332769
1788776192.8253345,2026-09-07T10:16:32.825334Z,8259,21,Path Control,65535,255,-2.8034383696404235
1788776192.9255447,2026-09-07T10:16:32.925544Z,8259,21,Path Control,65535,255,-2.7817073126894587
1788776193.075504,2026-09-07T10:16:33.075504Z,8259,21,Path Control,65535,255,-2.748700993055218
1788776193.2252548,2026-09-07T10:16:33.225254Z,8259,21,Path Control,65535,255,-2.7155175099055073
1788776193.3254178,2026-09-07T10:16:33.325417Z,8259,21,Path Control,65535,255,-2.688177727745937
1788776193.4754405,2026-09-07T10:16:33.475440Z,8259,21,Path Control,65535,255,-2.6549365806474983
1788776193.6253252,2026-09-07T10:16:33.625325Z,8259,21,Path Control,65535,255,-2.622023616579443
1788776193.7254176,2026-09-07T10:16:33.725417Z,8259,21,Path Control,65535,255,-2.6001087660231894
1788776193.8254607,2026-09-07T10:16:33.825460Z,8259,21,Path Control,65535,255,-2.578247686092216
1788776193.9753866,2026-09-07T10:16:33.975386Z,8259,21,Path Control,65535,255,-2.5453253933789792
1788776194.0755057,2026-09-07T10:16:34.075505Z,8259,21,Path Control,65535,255,-2.5236215183739
1788776194.2252932,2026-09-07T10:16:34.225293Z,8259,21,Path Control,65535,255,-2.4914610813233584
1788776194.3253908,2026-09-07T10:16:34.325390Z,8259,21,Path Control,65535,255,-2.4526686932017485
1788776194.4254851,2026-09-07T10:16:34.425485Z,8259,21,Path Control,65535,255,-2.4313629637505723
1788776194.5754428,2026-09-07T10:16:34.575442Z,8259,21,Path Control,65535,255,-2.3995698848142117
1788776194.6754997,2026-09-07T10:16:34.675499Z,8259,21,Path Control,65535,255,-2.378920574986751
1788776194.825504,2026-09-07T10:16:34.825504Z,8259,21,Path Control,65535,255,-2.3486131917260513
1788776194.9255004,2026-09-07T10:16:34.925500Z,8259,21,Path Control,65535,255,-2.3282278296469645
1788776195.0756185,2026-09-07T10:16:35.075618Z,8259,21,Path Control,65535,255,-2.298545736344274
1788776195.2252707,2026-09-07T10:16:35.225270Z,8259,21,Path Control,65535,255,-2.269811466347107
1788776195.3254924,2026-09-07T10:16:35.325492Z,8259,21,Path Control,65535,255,-2.245413928557918
1788776195.475444,2026-09-07T10:16:35.475444Z,8259,21,Path Control,65535,255,-2.2178744409924955
1788776195.5754457,2026-09-07T10:16:35.575445Z,8259,21,Path Control,65535,255,-2.199928587720745
1788776195.6754987,2026-09-07T10:16:35.675498Z,8259,21,Path Control,65535,255,-2.1825558985804134
1788776195.7755008,2026-09-07T10:16:35.775500Z,8259,21,Path Control,65535,255,-2.1656575965586438
1788776195.8756728,2026-09-07T10:16:35.875672Z,8259,21,Path Control,65535,255,-2.1490679071098278
1788776196.025294,2026-09-07T10:16:36.025294Z,8259,21,Path Control,65535,255,-2.1250637352611337
1788776196.1253505,2026-09-07T10:16:36.125350Z,8259,21,Path Control,65535,255,-2.109469734789218
1788776196.2755241,2026-09-07T10:16:36.275524Z,8259,21,Path Control,65535,255,-2.086977381673268
1788776196.4252634,2026-09-07T10:16:36.425263Z,8259,21,Path Control,65535,255,-2.0530182608676326
1788776196.525415,2026-09-07T10:16:36.525414Z,8259,21,Path Control,65535,255,-2.039476420387386
1788776196.6754725,2026-09-07T10:16:36.675472Z,8259,21,Path Control,65535,255,-2.020027395528593
1788776196.8252916,2026-09-07T10:16:36.825291Z,8259,21,Path Control,65535,255,-2.001505420507682
1788776196.9253974,2026-09-07T10:16:36.925397Z,8259,21,Path Control,65535,255,-1.9896154517140971
1788776197.0756443,2026-09-07T10:16:37.075644Z,8259,21,Path Control,65535,255,-1.9722152834496494
1788776197.2252965,2026-09-07T10:16:37.225296Z,8259,21,Path Control,65535,255,-1.9554775571747074
1788776197.3254335,2026-09-07T10:16:37.325433Z,8259,21,Path Control,65535,255,-1.9260343145584125
1788776197.475431,2026-09-07T10:16:37.475430Z,8259,21,Path Control,65535,255,-1.910834794365874
1788776197.5754793,2026-09-07T10:16:37.575479Z,8259,21,Path Control,65535,255,-1.9011793441857914
1788776197.675522,2026-09-07T10:16:37.675522Z,8259,21,Path Control,65535,255,-1.891904564279121
1788776197.7756286,2026-09-07T10:16:37.775628Z,8259,21,Path Control,65535,255,-1.8829888842510987
1788776197.8756495,2026-09-07T10:16:37.875649Z,8259,21,Path Control,65535,255,-1.8743911836905287
1788776198.0253618,2026-09-07T10:16:38.025361Z,8259,21,Path Control,65535,255,-1.862141063265074
1788776198.1255012,2026-09-07T10:16:38.125501Z,8259,21,Path Control,65535,255,-1.8543161508231834
1788776198.2756467,2026-09-07T10:16:38.275646Z,8259,21,Path Control,65535,255,-1.8432867124224925
1788776198.4254148,2026-09-07T10:16:38.425414Z,8259,21,Path Control,65535,255,-1.8173038205602665
1788776198.575626,2026-09-07T10:16:38.575625Z,8259,21,Path Control,65535,255,-1.80811722890339
1788776198.7254581,2026-09-07T10:16:38.725458Z,8259,21,Path Control,65535,255,-1.7992826304631468
1788776198.8755414,2026-09-07T10:16:38.875541Z,8259,21,Path Control,65535,255,-1.7908928612126807
1788776199.0253,2026-09-07T10:16:39.025300Z,8259,21,Path Control,65535,255,-1.7829767297142878
1788776199.1753154,2026-09-07T10:16:39.175315Z,8259,21,Path Control,65535,255,-1.7758097996831177
1788776199.2757542,2026-09-07T10:16:39.275754Z,8259,21,Path Control,65535,255,-1.7713042829857732
1788776199.4254103,2026-09-07T10:16:39.425410Z,8259,21,Path Control,65535,255,-1.738267927444691
1788776199.5754461,2026-09-07T10:16:39.575446Z,8259,21,Path Control,65535,255,-1.732754684142071
1788776199.675495,2026-09-07T10:16:39.675494Z,8259,21,Path Control,65535,255,-1.7293032562454502
1788776199.7755477,2026-09-07T10:16:39.775547Z,8259,21,Path Control,65535,255,-1.726049906917376
1788776199.9254873,2026-09-07T10:16:39.925487Z,8259,21,Path Control,65535,255,-1.721620968243549
1788776200.0754871,2026-09-07T10:16:40.075487Z,8259,21,Path Control,65535,255,-1.717748632657138
1788776200.2253318,2026-09-07T10:16:40.225331Z,8259,21,Path Control,65535,255,-1.7143762136033982
1788776200.3255668,2026-09-07T10:16:40.325566Z,8259,21,Path Control,65535,255,-1.6873176830057774
1788776200.475448,2026-09-07T10:16:40.475447Z,8259,21,Path Control,65535,255,-1.6848104156937622
1788776200.5754585,2026-09-07T10:16:40.575458Z,8259,21,Path Control,65535,255,-1.6832826646848567
1788776200.7254446,2026-09-07T10:16:40.725444Z,8259,21,Path Control,65535,255,-1.68141407677789
1788776200.8754582,2026-09-07T10:16:40.875458Z,8259,21,Path Control,65535,255,-1.67977990607542
1788776201.0252666,2026-09-07T10:16:41.025266Z,8259,21,Path Control,65535,255,-1.6783806353080193
1788776201.1252925,2026-09-07T10:16:41.125292Z,8259,21,Path Control,65535,255,-1.6774716484257153
1788776201.2253375,2026-09-07T10:16:41.225337Z,8259,21,Path Control,65535,255,-1.6767822337753735
1788776201.3255143,2026-09-07T10:16:41.325514Z,8259,21,Path Control,65535,255,-1.6479189430116366
1788776201.4754462,2026-09-07T10:16:41.475446Z,8259,21,Path Control,65535,255,-1.6475315069672716
1788776201.6253698,2026-09-07T10:16:41.625369Z,8259,21,Path Control,65535,255,-1.6474802335749699
1788776201.7253883,2026-09-07T10:16:41.725388Z,8259,21,Path Control,65535,255,-1.6475691220328443
1788776201.8754098,2026-09-07T10:16:41.875409Z,8259,21,Path Control,65535,255,-1.6479756325359483
1788776202.0253327,2026-09-07T10:16:42.025332Z,8259,21,Path Control,65535,255,-1.6487075687892108
1788776202.125362,2026-09-07T10:16:42.125361Z,8259,21,Path Control,65535,255,-1.6490994361194742
1788776202.2754645,2026-09-07T10:16:42.275464Z,8259,21,Path Control,65535,255,-1.6501281715505065
1788776202.3755348,2026-09-07T10:16:42.375534Z,8259,21,Path Control,65535,255,-1.6317778631138657
1788776202.5256066,2026-09-07T10:16:42.525606Z,8259,21,Path Control,65535,255,-1.6336163765734137
1788776202.6754196,2026-09-07T10:16:42.675419Z,8259,21,Path Control,65535,255,-1.635848317658155
1788776202.7756383,2026-09-07T10:16:42.775638Z,8259,21,Path Control,65535,255,-1.6375086887057329
1788776202.9254286,2026-09-07T10:16:42.925428Z,8259,21,Path Control,65535,255,-1.6403766279784957
1788776203.0753841,2026-09-07T10:16:43.075384Z,8259,21,Path Control,65535,255,-1.64340362893323
1788776203.2252965,2026-09-07T10:16:43.225296Z,8259,21,Path Control,65535,255,-1.6466301649996298
1788776203.3256712,2026-09-07T10:16:43.325671Z,8259,21,Path Control,65535,255,-1.6288620614230882
1788776203.4754293,2026-09-07T10:16:43.475429Z,8259,21,Path Control,65535,255,-1.6322896885210927
1788776203.5754824,2026-09-07T10:16:43.575482Z,8259,21,Path Control,65535,255,-1.6347842835495454
1788776203.7253675,2026-09-07T10:16:43.725367Z,8259,21,Path Control,65535,255,-1.6390118373352454
1788776203.8253877,2026-09-07T10:16:43.825387Z,8259,21,Path Control,65535,255,-1.6420334813171378
1788776203.9254868,2026-09-07T10:16:43.925486Z,8259,21,Path Control,65535,255,-1.6451377879911693
1788776204.0754902,2026-09-07T10:16:44.075490Z,8259,21,Path Control,65535,255,-1.6500667001564313
1788776204.225285,2026-09-07T10:16:44.225285Z,8259,21,Path Control,65535,255,-1.6553023170221097
1788776204.3253803,2026-09-07T10:16:44.325380Z,8259,21,Path Control,65535,255,-1.6356011533868948
1788776204.4756253,2026-09-07T10:16:44.475625Z,8259,21,Path Control,65535,255,-1.6411211049941028
1788776204.575739,2026-09-07T10:16:44.575738Z,8259,21,Path Control,65535,255,-1.6450396151309097
1788776204.7254126,2026-09-07T10:16:44.725412Z,8259,21,Path Control,65535,255,-1.651409269563529
1788776204.875447,2026-09-07T10:16:44.875447Z,8259,21,Path Control,65535,255,-1.6580610635633974
1788776205.0253062,2026-09-07T10:16:45.025306Z,8259,21,Path Control,65535,255,-1.6649978149028768
1788776205.1254182,2026-09-07T10:16:45.125418Z,8259,21,Path Control,65535,255,-1.6697433326667483
1788776205.2755067,2026-09-07T10:16:45.275506Z,8259,21,Path Control,65535,255,-1.6773640464490565
1788776205.3756428,2026-09-07T10:16:45.375642Z,8259,21,Path Control,65535,255,-1.66186398391214
1788776205.5255501,2026-09-07T10:16:45.525550Z,8259,21,Path Control,65535,255,-1.6699573784302348
1788776205.6756558,2026-09-07T10:16:45.675655Z,8259,21,Path Control,65535,255,-1.6784138039815537
1788776205.8254237,2026-09-07T10:16:45.825423Z,8259,21,Path Control,65535,255,-1.6871779631307744
1788776205.975412,2026-09-07T10:16:45.975411Z,8259,21,Path Control,65535,255,-1.6963020037517587
1788776206.075467,2026-09-07T10:16:46.075467Z,8259,21,Path Control,65535,255,-1.7026763737218813
1788776206.2252848,2026-09-07T10:16:46.225284Z,8259,21,Path Control,65535,255,-1.7125691343407339
1788776206.325428,2026-09-07T10:16:46.325428Z,8259,21,Path Control,65535,255,-1.6985969179644402
1788776206.475451,2026-09-07T10:16:46.475450Z,8259,21,Path Control,65535,255,-1.7088010785852081
1788776206.5755832,2026-09-07T10:16:46.575583Z,8259,21,Path Control,65535,255,-1.7158314541488746
1788776206.7256055,2026-09-07T10:16:46.725605Z,8259,21,Path Control,65535,255,-1.726934154046027
1788776206.8755865,2026-09-07T10:16:46.875586Z,8259,21,Path Control,65535,255,-1.738631848074758
1788776207.025494,2026-09-07T10:16:47.025494Z,8259,21,Path Control,65535,255,-1.7508352158744183
1788776207.1753852,2026-09-07T10:16:47.175385Z,8259,21,Path Control,65535,255,-1.7638095635810336
1788776207.2754583,2026-09-07T10:16:47.275458Z,8259,21,Path Control,65535,255,-1.772718881918069
1788776207.375619,2026-09-07T10:16:47.375618Z,8259,21,Path Control,65535,255,-1.7604345673714192
1788776207.475642,2026-09-07T10:16:47.475641Z,8259,21,Path Control,65535,255,-1.7693451022748343
1788776207.6254132,2026-09-07T10:16:47.625413Z,8259,21,Path Control,65535,255,-1.7830912239271053
1788776207.7253888,2026-09-07T10:16:47.725388Z,8259,21,Path Control,65535,255,-1.792736799918381
1788776207.875494,2026-09-07T10:16:47.875494Z,8259,21,Path Control,65535,255,-1.807547988664643
1788776207.975545,2026-09-07T10:16:47.975544Z,8259,21,Path Control,65535,255,-1.8176677255288787
1788776208.0756361,2026-09-07T10:16:48.075636Z,8259,21,Path Control,65535,255,-1.8280727895609306
1788776208.225235,2026-09-07T10:16:48.225234Z,8259,21,Path Control,65535,255,-1.844022387321993
1788776208.3254042,2026-09-07T10:16:48.325404Z,8259,21,Path Control,65535,255,-1.8391872099425424
1788776208.4755511,2026-09-07T10:16:48.475551Z,8259,21,Path Control,65535,255,-1.855939608522835
1788776208.5756276,2026-09-07T10:16:48.575627Z,8259,21,Path Control,65535,255,-1.8673755796023672
1788776208.725521,2026-09-07T10:16:48.725521Z,8259,21,Path Control,65535,255,-1.8851324719980367
1788776208.8755817,2026-09-07T10:16:48.875581Z,8259,21,Path Control,65535,255,-1.9034543096192587
1788776209.0253384,2026-09-07T10:16:49.025338Z,8259,21,Path Control,65535,255,-1.922253258420445
1788776209.1254132,2026-09-07T10:16:49.125413Z,8259,21,Path Control,65535,255,-1.9348796410840619
1788776209.275468,2026-09-07T10:16:49.275468Z,8259,21,Path Control,65535,255,-1.9546980141858237
1788776209.3756332,2026-09-07T10:16:49.375633Z,8259,21,Path Control,65535,255,-1.9565913589853323
1788776209.5254824,2026-09-07T10:16:49.525482Z,8259,21,Path Control,65535,255,-1.9771765211054988
1788776209.6754916,2026-09-07T10:16:49.675491Z,8259,21,Path Control,65535,255,-1.9982067305924673
1788776209.8253098,2026-09-07T10:16:49.825309Z,8259,21,Path Control,65535,255,-2.0196089210416215
1788776209.925371,2026-09-07T10:16:49.925370Z,8259,21,Path Control,65535,255,-2.034468241188903
1788776210.075464,2026-09-07T10:16:50.075464Z,8259,21,Path Control,65535,255,-2.0570787902278806
1788776210.225249,2026-09-07T10:16:50.225249Z,8259,21,Path Control,65535,255,-2.0801034290678047
1788776210.3254097,2026-09-07T10:16:50.325409Z,8259,21,Path Control,65535,255,-2.086236383670811
1788776210.475635,2026-09-07T10:16:50.475635Z,8259,21,Path Control,65535,255,-2.1094889189274246
1788776210.6253104,2026-09-07T10:16:50.625310Z,8259,21,Path Control,65535,255,-2.1330714234778516
1788776210.7253947,2026-09-07T10:16:50.725394Z,8259,21,Path Control,65535,255,-2.149226919703608
1788776210.8755908,2026-09-07T10:16:50.875590Z,8259,21,Path Control,65535,255,-2.1737136451004457
1788776211.0252597,2026-09-07T10:16:51.025259Z,8259,21,Path Control,65535,255,-2.198417376040402
1788776211.125326,2026-09-07T10:16:51.125325Z,8259,21,Path Control,65535,255,-2.2145830131079656
1788776211.2754676,2026-09-07T10:16:51.275467Z,8259,21,Path Control,65535,255,-2.2388946538100942
1788776211.3755689,2026-09-07T10:16:51.375568Z,8259,21,Path Control,65535,255,-2.2534269129378615
1788776211.4756024,2026-09-07T10:16:51.475602Z,8259,21,Path Control,65535,255,-2.2691100163677187
1788776211.6256044,2026-09-07T10:16:51.625604Z,8259,21,Path Control,65535,255,-2.292218003917492
1788776211.775542,2026-09-07T10:16:51.775542Z,8259,21,Path Control,65535,255,-2.3153248744346513
1788776211.8758953,2026-09-07T10:16:51.875895Z,8259,21,Path Control,65535,255,-2.3305188203277143
1788776212.0253577,2026-09-07T10:16:52.025357Z,8259,21,Path Control,65535,255,-2.3526839480186945
1788776212.1752899,2026-09-07T10:16:52.175289Z,8259,21,Path Control,65535,255,-2.373685212332824
1788776212.2756567,2026-09-07T10:16:52.275656Z,8259,21,Path Control,65535,255,-2.3872514536278095
1788776212.375682,2026-09-07T10:16:52.375682Z,8259,21,Path Control,65535,255,-2.4213920592826694
1788776212.5254123,2026-09-07T10:16:52.525412Z,8259,21,Path Control,65535,255,-2.4417380810011506
1788776212.6756155,2026-09-07T10:16:52.675615Z,8259,21,Path Control,65535,255,-2.4620590845449963
1788776212.8253736,2026-09-07T10:16:52.825373Z,8259,21,Path Control,65535,255,-2.481977021477836
1788776212.9254465,2026-09-07T10:16:52.925446Z,8259,21,Path Control,65535,255,-2.4946343158639244
1788776213.0756538,2026-09-07T10:16:53.075653Z,8259,21,Path Control,65535,255,-2.5128245798432904
1788776213.2253082,2026-09-07T10:16:53.225308Z,8259,21,Path Control,65535,255,-2.5300968109287663
1788776213.3254125,2026-09-07T10:16:53.325412Z,8259,21,Path Control,65535,255,-2.5685264841527493
1788776213.475453,2026-09-07T10:16:53.475452Z,8259,21,Path Control,65535,255,-2.584035675247647
1788776213.575464,2026-09-07T10:16:53.575464Z,8259,21,Path Control,65535,255,-2.59395199231191
1788776213.6754954,2026-09-07T10:16:53.675495Z,8259,21,Path Control,65535,255,-2.6032998553239657
1788776213.8253164,2026-09-07T10:16:53.825316Z,8259,21,Path Control,65535,255,-2.616672157997201
1788776213.9256008,2026-09-07T10:16:53.925600Z,8259,21,Path Control,65535,255,-2.625570753936386
1788776214.0756447,2026-09-07T10:16:54.075644Z,8259,21,Path Control,65535,255,-2.638502219774972
1788776214.2253592,2026-09-07T10:16:54.225359Z,8259,21,Path Control,65535,255,-2.6508949824504864
1788776214.325512,2026-09-07T10:16:54.325511Z,8259,21,Path Control,65535,255,-2.6986877346561746
1788776214.475653,2026-09-07T10:16:54.475652Z,8259,21,Path Control,65535,255,-2.7093074815093185
1788776214.6252992,2026-09-07T10:16:54.625299Z,8259,21,Path Control,65535,255,-2.7191320296802983
1788776214.7254272,2026-09-07T10:16:54.725427Z,8259,21,Path Control,65535,255,-2.7245988072917853
1788776214.8756642,2026-09-07T10:16:54.875664Z,8259,21,Path Control,65535,255,-2.732506782310402
1788776215.025335,2026-09-07T10:16:55.025335Z,8259,21,Path Control,65535,255,-2.7398214245094534
1788776215.1253233,2026-09-07T10:16:55.125323Z,8259,21,Path Control,65535,255,-2.743760235116998
1788776215.2754683,2026-09-07T10:16:55.275468Z,8259,21,Path Control,65535,255,-2.749270131514354
1788776215.4253573,2026-09-07T10:16:55.425357Z,8259,21,Path Control,65535,255,-2.8009073660173636
1788776215.5253966,2026-09-07T10:16:55.525396Z,8259,21,Path Control,65535,255,-2.8036908790183515
1788776215.6754436,2026-09-07T10:16:55.675443Z,8259,21,Path Control,65535,255,-2.8072696867768157
1788776215.7756362,2026-09-07T10:16:55.775636Z,8259,21,Path Control,65535,255,-2.809406901901739
1788776215.9254377,2026-09-07T10:16:55.925437Z,8259,21,Path Control,65535,255,-2.811773541280645
1788776216.0754676,2026-09-07T10:16:56.075467Z,8259,21,Path Control,65535,255,-2.8138471949727126
1788776216.225257,2026-09-07T10:16:56.225256Z,8259,21,Path Control,65535,255,-2.8155458351236433
1788776216.3253922,2026-09-07T10:16:56.325392Z,8259,21,Path Control,65535,255,-2.8706717949373997
1788776216.4754446,2026-09-07T10:16:56.475444Z,8259,21,Path Control,65535,255,-2.8713714385787985
1788776216.5754735,2026-09-07T10:16:56.575473Z,8259,21,Path Control,65535,255,-2.871425355737552
1788776216.72541,2026-09-07T10:16:56.725409Z,8259,21,Path Control,65535,255,-2.870351497565805
1788776216.8754237,2026-09-07T10:16:56.875423Z,8259,21,Path Control,65535,255,-2.8685334210244426
1788776217.0253606,2026-09-07T10:16:57.025360Z,8259,21,Path Control,65535,255,-2.866185016090179
1788776217.17532,2026-09-07T10:16:57.175319Z,8259,21,Path Control,65535,255,-2.863783145356404
1788776217.275446,2026-09-07T10:16:57.275445Z,8259,21,Path Control,65535,255,-2.8621052835094347
1788776217.4253325,2026-09-07T10:16:57.425332Z,8259,21,Path Control,65535,255,-2.9112707392539523
1788776217.5253592,2026-09-07T10:16:57.525359Z,8259,21,Path Control,65535,255,-2.909228506310658
1788776217.6753488,2026-09-07T10:16:57.675348Z,8259,21,Path Control,65535,255,-2.905852309235633
1788776217.7755418,2026-09-07T10:16:57.775541Z,8259,21,Path Control,65535,255,-2.903334122144729
1788776217.8756618,2026-09-07T10:16:57.875661Z,8259,21,Path Control,65535,255,-2.900700837890229
1788776218.0253344,2026-09-07T10:16:58.025334Z,8259,21,Path Control,65535,255,-2.896146329540793
1788776218.125389,2026-09-07T10:16:58.125389Z,8259,21,Path Control,65535,255,-2.8927223951998564
1788776218.2758815,2026-09-07T10:16:58.275881Z,8259,21,Path Control,65535,255,-2.8869208730923064
1788776218.4252915,2026-09-07T10:16:58.425291Z,8259,21,Path Control,65535,255,-2.939314833398605
1788776218.5256138,2026-09-07T10:16:58.525613Z,8259,21,Path Control,65535,255,-2.9348690095611043
1788776218.675556,2026-09-07T10:16:58.675555Z,8259,21,Path Control,65535,255,-2.9279566598083475
1788776218.8252885,2026-09-07T10:16:58.825288Z,8259,21,Path Control,65535,255,-2.9206189035760524
1788776218.9254105,2026-09-07T10:16:58.925410Z,8259,21,Path Control,65535,255,-2.916067476537495
1788776219.0756705,2026-09-07T10:16:59.075670Z,8259,21,Path Control,65535,255,-2.908826001184124
1788776219.2253585,2026-09-07T10:16:59.225358Z,8259,21,Path Control,65535,255,-2.9012300695443485
1788776219.3256545,2026-09-07T10:16:59.325654Z,8259,21,Path Control,65535,255,-2.94232539209509
1788776219.4757533,2026-09-07T10:16:59.475753Z,8259,21,Path Control,65535,255,-2.934389679843511
1788776219.6253688,2026-09-07T10:16:59.625368Z,8259,21,Path Control,65535,255,-2.9261010589852168
1788776219.7754345,2026-09-07T10:16:59.775434Z,8259,21,Path Control,65535,255,-2.917537847482745
1788776219.8754563,2026-09-07T10:16:59.875456Z,8259,21,Path Control,65535,255,-2.9118763541589843
1788776220.0253344,2026-09-07T10:17:00.025334Z,8259,21,Path Control,65535,255,-2.9031839231376
1788776220.1254277,2026-09-07T10:17:00.125427Z,8259,21,Path Control,65535,255,-2.8969496932111625
1788776220.2754827,2026-09-07T10:17:00.275482Z,8259,21,Path Control,65535,255,-2.8872327434725094
1788776220.4253297,2026-09-07T10:17:00.425329Z,8259,21,Path Control,65535,255,-2.917089540559945
1788776220.525385,2026-09-07T10:17:00.525384Z,8259,21,Path Control,65535,255,-2.91042724060773
1788776220.6754613,2026-09-07T10:17:00.675461Z,8259,21,Path Control,65535,255,-2.9005760365832454
1788776220.8252969,2026-09-07T10:17:00.825296Z,8259,21,Path Control,65535,255,-2.8906743861918587
1788776220.9254668,2026-09-07T10:17:00.925466Z,8259,21,Path Control,65535,255,-2.8846638893864296
1788776221.075597,2026-09-07T10:17:01.075597Z,8259,21,Path Control,65535,255,-2.8751748999864266
1788776221.2253044,2026-09-07T10:17:01.225304Z,8259,21,Path Control,65535,255,-2.8654520345741155
1788776221.3254,2026-09-07T10:17:01.325400Z,8259,21,Path Control,65535,255,-2.889910459966819
1788776221.4754727,2026-09-07T10:17:01.475472Z,8259,21,Path Control,65535,255,-2.879971855734711
1788776221.5754893,2026-09-07T10:17:01.575489Z,8259,21,Path Control,65535,255,-2.8733428247362722
1788776221.7253778,2026-09-07T10:17:01.725377Z,8259,21,Path Control,65535,255,-2.86305858532288
1788776221.8253784,2026-09-07T10:17:01.825378Z,8259,21,Path Control,65535,255,-2.8563028778086843
1788776221.9753656,2026-09-07T10:17:01.975365Z,8259,21,Path Control,65535,255,-2.8473746638338517
1788776222.0754502,2026-09-07T10:17:02.075450Z,8259,21,Path Control,65535,255,-2.841409085832914
1788776222.225301,2026-09-07T10:17:02.225301Z,8259,21,Path Control,65535,255,-2.832437244431097
1788776222.3253403,2026-09-07T10:17:02.325340Z,8259,21,Path Control,65535,255,-2.8264030499157644
1788776222.4253662,2026-09-07T10:17:02.425366Z,8259,21,Path Control,65535,255,-2.8475837451586257
1788776222.5754435,2026-09-07T10:17:02.575443Z,8259,21,Path Control,65535,255,-2.838354400994375
1788776222.675504,2026-09-07T10:17:02.675503Z,8259,21,Path Control,65535,255,-2.832216994426048
1788776222.8252752,2026-09-07T10:17:02.825275Z,8259,21,Path Control,65535,255,-2.8232855847800846
1788776222.9252977,2026-09-07T10:17:02.925297Z,8259,21,Path Control,65535,255,-2.817817659440276
1788776223.0253127,2026-09-07T10:17:03.025312Z,8259,21,Path Control,65535,255,-2.8123445439903323
1788776223.1753528,2026-09-07T10:17:03.175352Z,8259,21,Path Control,65535,255,-2.804819366576851
1788776223.2753615,2026-09-07T10:17:03.275361Z,8259,21,Path Control,65535,255,-2.799780353011233
1788776223.3754585,2026-09-07T10:17:03.375458Z,8259,21,Path Control,65535,255,-2.810542873316474
1788776223.4755251,2026-09-07T10:17:03.475525Z,8259,21,Path Control,65535,255,-2.8052252890620633
1788776223.6253173,2026-09-07T10:17:03.625317Z,8259,21,Path Control,65535,255,-2.7973782215850616
1788776223.725361,2026-09-07T10:17:03.725361Z,8259,21,Path Control,65535,255,-2.7911822319275883
1788776223.875626,2026-09-07T10:17:03.875626Z,8259,21,Path Control,65535,255,-2.78303855321579
1788776224.0253,2026-09-07T10:17:04.025300Z,8259,21,Path Control,65535,255,-2.7756057803685756
1788776224.1253479,2026-09-07T10:17:04.125347Z,8259,21,Path Control,65535,255,-2.770789521786845
1788776224.2756472,2026-09-07T10:17:04.275647Z,8259,21,Path Control,65535,255,-2.7636421667352042
1788776224.4252903,2026-09-07T10:17:04.425290Z,8259,21,Path Control,65535,255,-2.7734062095390244
1788776224.525386,2026-09-07T10:17:04.525386Z,8259,21,Path Control,65535,255,-2.7694965844023463
1788776224.6756341,2026-09-07T10:17:04.675634Z,8259,21,Path Control,65535,255,-2.7637836413363908
1788776224.8252974,2026-09-07T10:17:04.825297Z,8259,21,Path Control,65535,255,-2.758255412174174
1788776224.9253225,2026-09-07T10:17:04.925322Z,8259,21,Path Control,65535,255,-2.754824611330562
1788776225.0253375,2026-09-07T10:17:05.025337Z,8259,21,Path Control,65535,255,-2.751180210635109
1788776225.1752264,2026-09-07T10:17:05.175226Z,8259,21,Path Control,65535,255,-2.745763673631693
1788776225.2756364,2026-09-07T10:17:05.275636Z,8259,21,Path Control,65535,255,-2.741578129981187
1788776225.4253051,2026-09-07T10:17:05.425305Z,8259,21,Path Control,65535,255,-2.7451041430591765
1788776225.5253394,2026-09-07T10:17:05.525339Z,8259,21,Path Control,65535,255,-2.740438895538152
1788776225.6755216,2026-09-07T10:17:05.675521Z,8259,21,Path Control,65535,255,-2.7341296369965846
1788776225.825457,2026-09-07T10:17:05.825457Z,8259,21,Path Control,65535,255,-2.728321703383096
1788776225.9254375,2026-09-07T10:17:05.925437Z,8259,21,Path Control,65535,255,-2.72455354027228
1788776226.0754373,2026-09-07T10:17:06.075437Z,8259,21,Path Control,65535,255,-2.719229357264971
1788776226.225239,2026-09-07T10:17:06.225239Z,8259,21,Path Control,65535,255,-2.714208484741155
1788776226.3254027,2026-09-07T10:17:06.325402Z,8259,21,Path Control,65535,255,-2.710863994928925
1788776226.4754052,2026-09-07T10:17:06.475405Z,8259,21,Path Control,65535,255,-2.7202907011415194
1788776226.5754213,2026-09-07T10:17:06.575421Z,8259,21,Path Control,65535,255,-2.716923165760297
1788776226.675481,2026-09-07T10:17:06.675481Z,8259,21,Path Control,65535,255,-2.713293881014287
1788776226.8252664,2026-09-07T10:17:06.825266Z,8259,21,Path Control,65535,255,-2.7081147946405957
1788776226.9255383,2026-09-07T10:17:06.925538Z,8259,21,Path Control,65535,255,-2.7053200072439036
1788776227.0754733,2026-09-07T10:17:07.075473Z,8259,21,Path Control,65535,255,-2.701301040938625
1788776227.2252474,2026-09-07T10:17:07.225247Z,8259,21,Path Control,65535,255,-2.69738809685777
1788776227.325448,2026-09-07T10:17:07.325448Z,8259,21,Path Control,65535,255,-2.6962066588028506
1788776227.4756598,2026-09-07T10:17:07.475659Z,8259,21,Path Control,65535,255,-2.6928012231067857
1788776227.6253157,2026-09-07T10:17:07.625315Z,8259,21,Path Control,65535,255,-2.6891039239570094
1788776227.7253861,2026-09-07T10:17:07.725386Z,8259,21,Path Control,65535,255,-2.686765849754885
1788776227.8254247,2026-09-07T10:17:07.825424Z,8259,21,Path Control,65535,255,-2.6843627220868393
1788776227.9754076,2026-09-07T10:17:07.975407Z,8259,21,Path Control,65535,255,-2.6804641930601134
1788776228.0754273,2026-09-07T10:17:08.075427Z,8259,21,Path Control,65535,255,-2.678060319930499
1788776228.225292,2026-09-07T10:17:08.225291Z,8259,21,Path Control,65535,255,-2.6746469380601585
1788776228.3254087,2026-09-07T10:17:08.325408Z,8259,21,Path Control,65535,255,-2.6759268290948777
1788776228.4755707,2026-09-07T10:17:08.475570Z,8259,21,Path Control,65535,255,-2.6721088458764193
1788776228.625417,2026-09-07T10:17:08.625416Z,8259,21,Path Control,65535,255,-2.668629919893214
1788776228.7753863,2026-09-07T10:17:08.775386Z,8259,21,Path Control,65535,255,-2.66623153198278
1788776228.8754282,2026-09-07T10:17:08.875428Z,8259,21,Path Control,65535,255,-2.664832719330039
1788776229.0255961,2026-09-07T10:17:09.025596Z,8259,21,Path Control,65535,255,-2.6628941109691375
1788776229.125416,2026-09-07T10:17:09.125416Z,8259,21,Path Control,65535,255,-2.6607546030174545
1788776229.2753985,2026-09-07T10:17:09.275398Z,8259,21,Path Control,65535,255,-2.6579548467727334
1788776229.3754287,2026-09-07T10:17:09.375428Z,8259,21,Path Control,65535,255,-2.657425831427774
1788776229.4755542,2026-09-07T10:17:09.475554Z,8259,21,Path Control,65535,255,-2.655627398145585
1788776229.6254754,2026-09-07T10:17:09.625475Z,8259,21,Path Control,65535,255,-2.653127673493254
1788776229.775426,2026-09-07T10:17:09.775425Z,8259,21,Path Control,65535,255,-2.65105900846904
1788776229.875429,2026-09-07T10:17:09.875428Z,8259,21,Path Control,65535,255,-2.6501542329219263
1788776230.0255234,2026-09-07T10:17:10.025523Z,8259,21,Path Control,65535,255,-2.6488765547344557
1788776230.1753278,2026-09-07T10:17:10.175327Z,8259,21,Path Control,65535,255,-2.6477853580585875
1788776230.2754683,2026-09-07T10:17:10.275468Z,8259,21,Path Control,65535,255,-2.646563488961461
1788776230.4255142,2026-09-07T10:17:10.425514Z,8259,21,Path Control,65535,255,-2.650342119298159
1788776230.5754752,2026-09-07T10:17:10.575475Z,8259,21,Path Control,65535,255,-2.648952433379699
1788776230.7253833,2026-09-07T10:17:10.725383Z,8259,21,Path Control,65535,255,-2.6474441955796726
1788776230.8756452,2026-09-07T10:17:10.875645Z,8259,21,Path Control,65535,255,-2.646596625589262
1788776231.025398,2026-09-07T10:17:11.025398Z,8259,21,Path Control,65535,255,-2.646036528040669
1788776231.175335,2026-09-07T10:17:11.175334Z,8259,21,Path Control,65535,255,-2.6468807556760754
1788776231.2754338,2026-09-07T10:17:11.275433Z,8259,21,Path Control,65535,255,-2.647323311293867
1788776231.3754642,2026-09-07T10:17:11.375464Z,8259,21,Path Control,65535,255,-2.657584391012309
1788776231.5253916,2026-09-07T10:17:11.525391Z,8259,21,Path Control,65535,255,-2.6589780537310816
1788776231.6753826,2026-09-07T10:17:11.675382Z,8259,21,Path Control,65535,255,-2.659420964696537
1788776231.775535,2026-09-07T10:17:11.775535Z,8259,21,Path Control,65535,255,-2.6598639779467947
1788776231.9253442,2026-09-07T10:17:11.925344Z,8259,21,Path Control,65535,255,-2.6596624428003213
1788776232.0253437,2026-09-07T10:17:12.025343Z,8259,21,Path Control,65535,255,-2.6593680061333265
1788776232.1253965,2026-09-07T10:17:12.125396Z,8259,21,Path Control,65535,255,-2.6592970568381245
1788776232.2758489,2026-09-07T10:17:12.275848Z,8259,21,Path Control,65535,255,-2.6586947078996053
1788776232.4253774,2026-09-07T10:17:12.425377Z,8259,21,Path Control,65535,255,-2.658307125054518
1788776232.5754547,2026-09-07T10:17:12.575454Z,8259,21,Path Control,65535,255,-2.6577896089249733
1788776232.7253745,2026-09-07T10:17:12.725374Z,8259,21,Path Control,65535,255,-2.6576775630344067
1788776232.8754983,2026-09-07T10:17:12.875498Z,8259,21,Path Control,65535,255,-2.6566184216738313
1788776233.0253077,2026-09-07T10:17:13.025307Z,8259,21,Path Control,65535,255,-2.65471708272761
1788776233.12535,2026-09-07T10:17:13.125349Z,8259,21,Path Control,65535,255,-2.653380397091112
1788776233.2757742,2026-09-07T10:17:13.275774Z,8259,21,Path Control,65535,255,-2.6513526842584243
1788776233.4253159,2026-09-07T10:17:13.425315Z,8259,21,Path Control,65535,255,-2.6623999053378697
1788776233.5253642,2026-09-07T10:17:13.525364Z,8259,21,Path Control,65535,255,-2.6612796097896525
1788776233.6755674,2026-09-07T10:17:13.675567Z,8259,21,Path Control,65535,255,-2.659823017029058
1788776233.8252661,2026-09-07T10:17:13.825266Z,8259,21,Path Control,65535,255,-2.6585788366588474
1788776233.9254,2026-09-07T10:17:13.925400Z,8259,21,Path Control,65535,255,-2.659161080357793
1788776234.0756087,2026-09-07T10:17:14.075608Z,8259,21,Path Control,65535,255,-2.659047740687591
1788776234.2252538,2026-09-07T10:17:14.225253Z,8259,21,Path Control,65535,255,-2.659224741570903
1788776234.3255079,2026-09-07T10:17:14.325507Z,8259,21,Path Control,65535,255,-2.6646058568528592
1788776234.4754593,2026-09-07T10:17:14.475459Z,8259,21,Path Control,65535,255,-2.6639107168031044
1788776234.6253026,2026-09-07T10:17:14.625302Z,8259,21,Path Control,65535,255,-2.6632776380000664
1788776234.7254305,2026-09-07T10:17:14.725430Z,8259,21,Path Control,65535,255,-2.6622891223483856
1788776234.875495,2026-09-07T10:17:14.875494Z,8259,21,Path Control,65535,255,-2.6619920709276492
1788776235.0252762,2026-09-07T10:17:15.025276Z,8259,21,Path Control,65535,255,-2.6623002107700593
1788776235.1253943,2026-09-07T10:17:15.125394Z,8259,21,Path Control,65535,255,-2.662518442087013
1788776235.2755008,2026-09-07T10:17:15.275500Z,8259,21,Path Control,65535,255,-2.6623634776645675
1788776235.4253,2026-09-07T10:17:15.425299Z,8259,21,Path Control,65535,255,-2.6688175187159877
1788776235.5252903,2026-09-07T10:17:15.525290Z,8259,21,Path Control,65535,255,-2.6682912682383693
1788776235.625335,2026-09-07T10:17:15.625334Z,8259,21,Path Control,65535,255,-2.66770573665463
1788776235.7254279,2026-09-07T10:17:15.725427Z,8259,21,Path Control,65535,255,-2.6670294221098425
1788776235.8754466,2026-09-07T10:17:15.875446Z,8259,21,Path Control,65535,255,-2.6659938064057824
1788776236.0253074,2026-09-07T10:17:16.025307Z,8259,21,Path Control,65535,255,-2.665059673652498
1788776236.125365,2026-09-07T10:17:16.125365Z,8259,21,Path Control,65535,255,-2.6645566059089703
1788776236.2758362,2026-09-07T10:17:16.275836Z,8259,21,Path Control,65535,255,-2.6640799465368588
1788776236.4252682,2026-09-07T10:17:16.425268Z,8259,21,Path Control,65535,255,-2.672624762781512
1788776236.5255265,2026-09-07T10:17:16.525526Z,8259,21,Path Control,65535,255,-2.672735987799127
1788776236.6754627,2026-09-07T10:17:16.675462Z,8259,21,Path Control,65535,255,-2.672103555358075
1788776236.8252633,2026-09-07T10:17:16.825263Z,8259,21,Path Control,65535,255,-2.6709091911888536
1788776236.9254124,2026-09-07T10:17:16.925412Z,8259,21,Path Control,65535,255,-2.6695047499547715
1788776237.0755818,2026-09-07T10:17:17.075581Z,8259,21,Path Control,65535,255,-2.667608637730504
1788776237.225319,2026-09-07T10:17:17.225318Z,8259,21,Path Control,65535,255,-2.665761835323927
1788776237.325411,2026-09-07T10:17:17.325411Z,8259,21,Path Control,65535,255,-2.6712778781077295
1788776237.475587,2026-09-07T10:17:17.475586Z,8259,21,Path Control,65535,255,-2.669836073161317
1788776237.6254199,2026-09-07T10:17:17.625419Z,8259,21,Path Control,65535,255,-2.6684158708296843
1788776237.7754836,2026-09-07T10:17:17.775483Z,8259,21,Path Control,65535,255,-2.666349443946042
1788776237.8756752,2026-09-07T10:17:17.875675Z,8259,21,Path Control,65535,255,-2.665059032935921
1788776238.0252979,2026-09-07T10:17:18.025297Z,8259,21,Path Control,65535,255,-2.6631997839417574
1788776238.1253998,2026-09-07T10:17:18.125399Z,8259,21,Path Control,65535,255,-2.661513573993019
1788776238.275407,2026-09-07T10:17:18.275407Z,8259,21,Path Control,65535,255,-2.659684551225801
1788776238.375427,2026-09-07T10:17:18.375427Z,8259,21,Path Control,65535,255,-2.6721454582542252
1788776238.4755447,2026-09-07T10:17:18.475544Z,8259,21,Path Control,65535,255,-2.6714564661598477
1788776238.575444,2026-09-07T10:17:18.575443Z,8259,21,Path Control,65535,255,-2.6708490493597363
1788776238.6755443,2026-09-07T10:17:18.675544Z,8259,21,Path Control,65535,255,-2.670473380927806
1788776238.8253832,2026-09-07T10:17:18.825383Z,8259,21,Path Control,65535,255,-2.670044503637198
1788776238.92539,2026-09-07T10:17:18.925390Z,8259,21,Path Control,65535,255,-2.669319672073383
1788776239.0754256,2026-09-07T10:17:19.075425Z,8259,21,Path Control,65535,255,-2.668306728095779
1788776239.2253573,2026-09-07T10:17:19.225357Z,8259,21,Path Control,65535,255,-2.667087396849433
1788776239.3254101,2026-09-07T10:17:19.325410Z,8259,21,Path Control,65535,255,-2.669037977417645
1788776239.4754338,2026-09-07T10:17:19.475433Z,8259,21,Path Control,65535,255,-2.6682943044985
1788776239.5756059,2026-09-07T10:17:19.575605Z,8259,21,Path Control,65535,255,-2.667678784305468
1788776239.7253785,2026-09-07T10:17:19.725378Z,8259,21,Path Control,65535,255,-2.6662238337047444
1788776239.875384,2026-09-07T10:17:19.875384Z,8259,21,Path Control,65535,255,-2.6651260854378376
1788776239.9753907,2026-09-07T10:17:19.975390Z,8259,21,Path Control,65535,255,-2.6645951870248017
1788776240.0755196,2026-09-07T10:17:20.075519Z,8259,21,Path Control,65535,255,-2.6639940482661197
1788776240.2253053,2026-09-07T10:17:20.225305Z,8259,21,Path Control,65535,255,-2.662990057575374
1788776240.3253546,2026-09-07T10:17:20.325354Z,8259,21,Path Control,65535,255,-2.662204224372927
1788776240.4253817,2026-09-07T10:17:20.425381Z,8259,21,Path Control,65535,255,-2.6729893970139877
1788776240.5755756,2026-09-07T10:17:20.575575Z,8259,21,Path Control,65535,255,-2.67141379982554
1788776240.725339,2026-09-07T10:17:20.725338Z,8259,21,Path Control,65535,255,-2.6704180937754045
1788776240.8254635,2026-09-07T10:17:20.825463Z,8259,21,Path Control,65535,255,-2.6697939044221015
1788776240.9753783,2026-09-07T10:17:20.975378Z,8259,21,Path Control,65535,255,-2.6694214522969983
1788776241.075481,2026-09-07T10:17:21.075480Z,8259,21,Path Control,65535,255,-2.6686740985893698
1788776241.2252474,2026-09-07T10:17:21.225247Z,8259,21,Path Control,65535,255,-2.6674491511572653
1788776241.3254077,2026-09-07T10:17:21.325407Z,8259,21,Path Control,65535,255,-2.674219279829481
1788776241.42542,2026-09-07T10:17:21.425420Z,8259,21,Path Control,65535,255,-2.673748726137629
1788776241.5754695,2026-09-07T10:17:21.575469Z,8259,21,Path Control,65535,255,-2.6729895859854604
1788776241.7253506,2026-09-07T10:17:21.725350Z,8259,21,Path Control,65535,255,-2.6720422598287046
1788776241.8755567,2026-09-07T10:17:21.875556Z,8259,21,Path Control,65535,255,-2.6713003299845175
1788776242.0253825,2026-09-07T10:17:22.025382Z,8259,21,Path Control,65535,255,-2.670782707173397
1788776242.1254966,2026-09-07T10:17:22.125496Z,8259,21,Path Control,65535,255,-2.670178575135422
1788776242.2755282,2026-09-07T10:17:22.275528Z,8259,21,Path Control,65535,255,-2.6694630809944067
1788776242.3756053,2026-09-07T10:17:22.375605Z,8259,21,Path Control,65535,255,-2.679100731717627
1788776242.5253987,2026-09-07T10:17:22.525398Z,8259,21,Path Control,65535,255,-2.678200201283139
1788776242.6756055,2026-09-07T10:17:22.675605Z,8259,21,Path Control,65535,255,-2.6772564675423127
1788776242.825375,2026-09-07T10:17:22.825375Z,8259,21,Path Control,65535,255,-2.676387208735224
1788776242.925511,2026-09-07T10:17:22.925510Z,8259,21,Path Control,65535,255,-2.6762668779238603
1788776243.075465,2026-09-07T10:17:23.075464Z,8259,21,Path Control,65535,255,-2.676487674354635
1788776243.2253501,2026-09-07T10:17:23.225350Z,8259,21,Path Control,65535,255,-2.677050260061217
1788776243.3253593,2026-09-07T10:17:23.325359Z,8259,21,Path Control,65535,255,-2.6872144538529965
1788776243.475659,2026-09-07T10:17:23.475658Z,8259,21,Path Control,65535,255,-2.6869184645102644
1788776243.6253521,2026-09-07T10:17:23.625352Z,8259,21,Path Control,65535,255,-2.6863126141269196
1788776243.7253444,2026-09-07T10:17:23.725344Z,8259,21,Path Control,65535,255,-2.68531797858922
1788776243.8253863,2026-09-07T10:17:23.825386Z,8259,21,Path Control,65535,255,-2.6844475907563004
1788776243.9755418,2026-09-07T10:17:23.975541Z,8259,21,Path Control,65535,255,-2.683166435719907
1788776244.125406,2026-09-07T10:17:24.125406Z,8259,21,Path Control,65535,255,-2.682264207603964
1788776244.2756343,2026-09-07T10:17:24.275634Z,8259,21,Path Control,65535,255,-2.6816116231537857
1788776244.3756695,2026-09-07T10:17:24.375669Z,8259,21,Path Control,65535,255,-2.6979505604273557
1788776244.525412,2026-09-07T10:17:24.525412Z,8259,21,Path Control,65535,255,-2.6974188281167395
1788776244.6754503,2026-09-07T10:17:24.675450Z,8259,21,Path Control,65535,255,-2.6969113027121754
1788776244.775504,2026-09-07T10:17:24.775504Z,8259,21,Path Control,65535,255,-2.696619790283597
1788776244.9253318,2026-09-07T10:17:24.925331Z,8259,21,Path Control,65535,255,-2.696403924069867
1788776245.075371,2026-09-07T10:17:25.075371Z,8259,21,Path Control,65535,255,-2.6959832950576734
1788776245.225268,2026-09-07T10:17:25.225267Z,8259,21,Path Control,65535,255,-2.6954491903406015
1788776245.3254206,2026-09-07T10:17:25.325420Z,8259,21,Path Control,65535,255,-2.6953356388199383
1788776245.4754603,2026-09-07T10:17:25.475460Z,8259,21,Path Control,65535,255,-2.6945037122374393
1788776245.5754628,2026-09-07T10:17:25.575462Z,8259,21,Path Control,65535,255,-2.6938990381519328
1788776245.6756487,2026-09-07T10:17:25.675648Z,8259,21,Path Control,65535,255,-2.693587070782583
1788776245.8252814,2026-09-07T10:17:25.825281Z,8259,21,Path Control,65535,255,-2.693077182398957
1788776245.9253829,2026-09-07T10:17:25.925382Z,8259,21,Path Control,65535,255,-2.6919903141079415
1788776246.0754695,2026-09-07T10:17:26.075469Z,8259,21,Path Control,65535,255,-2.690491974304153
1788776246.2252502,2026-09-07T10:17:26.225250Z,8259,21,Path Control,65535,255,-2.689272014216054
1788776246.3253653,2026-09-07T10:17:26.325365Z,8259,21,Path Control,65535,255,-2.688475965799554
1788776246.4754472,2026-09-07T10:17:26.475447Z,8259,21,Path Control,65535,255,-2.6942734813951588
1788776246.6252973,2026-09-07T10:17:26.625297Z,8259,21,Path Control,65535,255,-2.693909312372889
1788776246.7254195,2026-09-07T10:17:26.725419Z,8259,21,Path Control,65535,255,-2.693785738339037
1788776246.8755817,2026-09-07T10:17:26.875581Z,8259,21,Path Control,65535,255,-2.6931663739210476
1788776247.0253155,2026-09-07T10:17:27.025315Z,8259,21,Path Control,65535,255,-2.692208452802351
1788776247.1753378,2026-09-07T10:17:27.175337Z,8259,21,Path Control,65535,255,-2.69054975235007
1788776247.2755294,2026-09-07T10:17:27.275529Z,8259,21,Path Control,65535,255,-2.68950688483097
1788776247.4253309,2026-09-07T10:17:27.425330Z,8259,21,Path Control,65535,255,-2.6912505957273765
1788776247.525446,2026-09-07T10:17:27.525445Z,8259,21,Path Control,65535,255,-2.690740746808588
1788776247.6755366,2026-09-07T10:17:27.675536Z,8259,21,Path Control,65535,255,-2.690226526128284
1788776247.8253102,2026-09-07T10:17:27.825310Z,8259,21,Path Control,65535,255,-2.6900280879603096
1788776247.9253633,2026-09-07T10:17:27.925363Z,8259,21,Path Control,65535,255,-2.689324373998546
1788776248.0754914,2026-09-07T10:17:28.075491Z,8259,21,Path Control,65535,255,-2.688262869342854
1788776248.2252889,2026-09-07T10:17:28.225288Z,8259,21,Path Control,65535,255,-2.6870053092914294
1788776248.3254826,2026-09-07T10:17:28.325482Z,8259,21,Path Control,65535,255,-2.6839183292825997
1788776248.4754457,2026-09-07T10:17:28.475445Z,8259,21,Path Control,65535,255,-2.682651457835652
1788776248.6253347,2026-09-07T10:17:28.625334Z,8259,21,Path Control,65535,255,-2.6812206495883353
1788776248.7253983,2026-09-07T10:17:28.725398Z,8259,21,Path Control,65535,255,-2.6802121245901316
1788776248.8754725,2026-09-07T10:17:28.875472Z,8259,21,Path Control,65535,255,-2.678611873652504
1788776249.0252807,2026-09-07T10:17:29.025280Z,8259,21,Path Control,65535,255,-2.6767932792434146
1788776249.1254697,2026-09-07T10:17:29.125469Z,8259,21,Path Control,65535,255,-2.6760542799936253
1788776249.2755575,2026-09-07T10:17:29.275557Z,8259,21,Path Control,65535,255,-2.6746208033733994
1788776249.42534,2026-09-07T10:17:29.425339Z,8259,21,Path Control,65535,255,-2.6877562589446615
1788776249.5253832,2026-09-07T10:17:29.525383Z,8259,21,Path Control,65535,255,-2.6868627087163484
1788776249.6754599,2026-09-07T10:17:29.675459Z,8259,21,Path Control,65535,255,-2.6857827196781208
1788776249.8253045,2026-09-07T10:17:29.825304Z,8259,21,Path Control,65535,255,-2.6850045567817338
1788776249.9253926,2026-09-07T10:17:29.925392Z,8259,21,Path Control,65535,255,-2.6842602391158046
1788776250.075657,2026-09-07T10:17:30.075656Z,8259,21,Path Control,65535,255,-2.6832322154778385
1788776250.2252567,2026-09-07T10:17:30.225256Z,8259,21,Path Control,65535,255,-2.6822214361211976
1788776250.3254206,2026-09-07T10:17:30.325420Z,8259,21,Path Control,65535,255,-2.6816907020941767
1788776250.4754093,2026-09-07T10:17:30.475409Z,8259,21,Path Control,65535,255,-2.6802452484989283
1788776250.5754178,2026-09-07T10:17:30.575417Z,8259,21,Path Control,65535,255,-2.6797107651005745
1788776250.6754644,2026-09-07T10:17:30.675464Z,8259,21,Path Control,65535,255,-2.6792132245871323
1788776250.825353,2026-09-07T10:17:30.825352Z,8259,21,Path Control,65535,255,-2.678453146328219
1788776250.9253917,2026-09-07T10:17:30.925391Z,8259,21,Path Control,65535,255,-2.6783001018648553
1788776251.0754952,2026-09-07T10:17:31.075495Z,8259,21,Path Control,65535,255,-2.6779177154221396
1788776251.225248,2026-09-07T10:17:31.225248Z,8259,21,Path Control,65535,255,-2.6775457869332953
1788776251.3255746,2026-09-07T10:17:31.325574Z,8259,21,Path Control,65535,255,-2.6845571451024917
1788776251.4755054,2026-09-07T10:17:31.475505Z,8259,21,Path Control,65535,255,-2.6839602008791736
1788776251.6253004,2026-09-07T10:17:31.625300Z,8259,21,Path Control,65535,255,-2.6833745679927663
1788776251.7753394,2026-09-07T10:17:31.775339Z,8259,21,Path Control,65535,255,-2.682978479050805
1788776251.875665,2026-09-07T10:17:31.875664Z,8259,21,Path Control,65535,255,-2.6825085590529607
1788776252.02534,2026-09-07T10:17:32.025340Z,8259,21,Path Control,65535,255,-2.68169738434531
1788776252.175301,2026-09-07T10:17:32.175301Z,8259,21,Path Control,65535,255,-2.681371567166947
1788776252.2754586,2026-09-07T10:17:32.275458Z,8259,21,Path Control,65535,255,-2.680860354850918
1788776252.4254072,2026-09-07T10:17:32.425407Z,8259,21,Path Control,65535,255,-2.6854443209581027
1788776252.525352,2026-09-07T10:17:32.525352Z,8259,21,Path Control,65535,255,-2.684343961119539
1788776252.6253874,2026-09-07T10:17:32.625387Z,8259,21,Path Control,65535,255,-2.683420170897608
1788776252.7253947,2026-09-07T10:17:32.725394Z,8259,21,Path Control,65535,255,-2.682036975122203
1788776252.8754237,2026-09-07T10:17:32.875423Z,8259,21,Path Control,65535,255,-2.68053182322559
1788776253.0252883,2026-09-07T10:17:33.025288Z,8259,21,Path Control,65535,255,-2.6792737892777283
1788776253.1253464,2026-09-07T10:17:33.125346Z,8259,21,Path Control,65535,255,-2.679544358659488
1788776253.2253425,2026-09-07T10:17:33.225342Z,8259,21,Path Control,65535,255,-2.679584566565751
1788776253.3754296,2026-09-07T10:17:33.375429Z,8259,21,Path Control,65535,255,-2.6887565395179043
1788776253.4757252,2026-09-07T10:17:33.475725Z,8259,21,Path Control,65535,255,-2.6882647707516583
1788776253.575686,2026-09-07T10:17:33.575685Z,8259,21,Path Control,65535,255,-2.6877631978747325
1788776253.7252917,2026-09-07T10:17:33.725291Z,8259,21,Path Control,65535,255,-2.6872449095492827
1788776253.8253925,2026-09-07T10:17:33.825392Z,8259,21,Path Control,65535,255,-2.686897535503954
1788776253.9253983,2026-09-07T10:17:33.925398Z,8259,21,Path Control,65535,255,-2.6862762484225926
1788776254.0753791,2026-09-07T10:17:34.075379Z,8259,21,Path Control,65535,255,-2.6855001318166623
1788776254.2253475,2026-09-07T10:17:34.225347Z,8259,21,Path Control,65535,255,-2.6848059430471154
1788776254.3254063,2026-09-07T10:17:34.325406Z,8259,21,Path Control,65535,255,-2.69533178542469
1788776254.4753966,2026-09-07T10:17:34.475396Z,8259,21,Path Control,65535,255,-2.6956958404286704
1788776254.5754936,2026-09-07T10:17:34.575493Z,8259,21,Path Control,65535,255,-2.69584723458477
1788776254.7253428,2026-09-07T10:17:34.725342Z,8259,21,Path Control,65535,255,-2.6955351184668688
1788776254.825427,2026-09-07T10:17:34.825427Z,8259,21,Path Control,65535,255,-2.6952463075319963
1788776254.9753752,2026-09-07T10:17:34.975375Z,8259,21,Path Control,65535,255,-2.6935175564058107
1788776255.0755172,2026-09-07T10:17:35.075517Z,8259,21,Path Control,65535,255,-2.6927001834700164
1788776255.225316,2026-09-07T10:17:35.225316Z,8259,21,Path Control,65535,255,-2.6915336518564072
1788776255.3254142,2026-09-07T10:17:35.325414Z,8259,21,Path Control,65535,255,-2.6940371867047155
1788776255.4754517,2026-09-07T10:17:35.475451Z,8259,21,Path Control,65535,255,-2.6926683993891998
1788776255.5756407,2026-09-07T10:17:35.575640Z,8259,21,Path Control,65535,255,-2.691778169031693
1788776255.7254083,2026-09-07T10:17:35.725408Z,8259,21,Path Control,65535,255,-2.6903182558165093
1788776255.8754628,2026-09-07T10:17:35.875462Z,8259,21,Path Control,65535,255,-2.6886966645166197
1788776256.0253432,2026-09-07T10:17:36.025343Z,8259,21,Path Control,65535,255,-2.6869513937062086
1788776256.1255088,2026-09-07T10:17:36.125508Z,8259,21,Path Control,65535,255,-2.68533294625174
1788776256.2756324,2026-09-07T10:17:36.275632Z,8259,21,Path Control,65535,255,-2.683249501874783
1788776256.4254308,2026-09-07T10:17:36.425430Z,8259,21,Path Control,65535,255,-2.6964245950588372
1788776256.5754194,2026-09-07T10:17:36.575419Z,8259,21,Path Control,65535,255,-2.6948073629697165
1788776256.675506,2026-09-07T10:17:36.675506Z,8259,21,Path Control,65535,255,-2.6937258294537365
1788776256.8252835,2026-09-07T10:17:36.825283Z,8259,21,Path Control,65535,255,-2.6921563615387654
1788776256.925371,2026-09-07T10:17:36.925370Z,8259,21,Path Control,65535,255,-2.691225823565885
1788776257.0754337,2026-09-07T10:17:37.075433Z,8259,21,Path Control,65535,255,-2.6897768485454923
1788776257.2252913,2026-09-07T10:17:37.225291Z,8259,21,Path Control,65535,255,-2.688360415975568
1788776257.3253484,2026-09-07T10:17:37.325348Z,8259,21,Path Control,65535,255,-2.692832525298435
1788776257.475551,2026-09-07T10:17:37.475550Z,8259,21,Path Control,65535,255,-2.6912939072467186
1788776257.625333,2026-09-07T10:17:37.625333Z,8259,21,Path Control,65535,255,-2.689771941560776
1788776257.7254117,2026-09-07T10:17:37.725411Z,8259,21,Path Control,65535,255,-2.6889300725538154
1788776257.875467,2026-09-07T10:17:37.875467Z,8259,21,Path Control,65535,255,-2.6877132900627654
1788776258.0252883,2026-09-07T10:17:38.025288Z,8259,21,Path Control,65535,255,-2.6864982831812028
1788776258.1252904,2026-09-07T10:17:38.125290Z,8259,21,Path Control,65535,255,-2.6866132672830365
1788776258.2754385,2026-09-07T10:17:38.275438Z,8259,21,Path Control,65535,255,-2.6858688641922646
1788776258.425302,2026-09-07T10:17:38.425302Z,8259,21,Path Control,65535,255,-2.6952406731121514
1788776258.5254009,2026-09-07T10:17:38.525400Z,8259,21,Path Control,65535,255,-2.694142903040633
1788776258.6755435,2026-09-07T10:17:38.675543Z,8259,21,Path Control,65535,255,-2.692579718832408
1788776258.8253255,2026-09-07T10:17:38.825325Z,8259,21,Path Control,65535,255,-2.690952551026321
1788776258.9253612,2026-09-07T10:17:38.925361Z,8259,21,Path Control,65535,255,-2.6903371549535446
1788776259.0754888,2026-09-07T10:17:39.075488Z,8259,21,Path Control,65535,255,-2.6888504799654798
1788776259.2252567,2026-09-07T10:17:39.225256Z,8259,21,Path Control,65535,255,-2.6870901474529765
1788776259.3255374,2026-09-07T10:17:39.325537Z,8259,21,Path Control,65535,255,-2.6988360676498258
1788776259.4754515,2026-09-07T10:17:39.475451Z,8259,21,Path Control,65535,255,-2.6965017640273268
1788776259.5755026,2026-09-07T10:17:39.575502Z,8259,21,Path Control,65535,255,-2.695235513978549
1788776259.7253954,2026-09-07T10:17:39.725395Z,8259,21,Path Control,65535,255,-2.6934590307226647
1788776259.8754761,2026-09-07T10:17:39.875476Z,8259,21,Path Control,65535,255,-2.6921333435763417
1788776260.0252721,2026-09-07T10:17:40.025272Z,8259,21,Path Control,65535,255,-2.6911546619943065
1788776260.1253736,2026-09-07T10:17:40.125373Z,8259,21,Path Control,65535,255,-2.690517794064122
1788776260.2756724,2026-09-07T10:17:40.275672Z,8259,21,Path Control,65535,255,-2.6895372965542967
1788776260.4252949,2026-09-07T10:17:40.425294Z,8259,21,Path Control,65535,255,-2.7000080628388634
1788776260.5754764,2026-09-07T10:17:40.575476Z,8259,21,Path Control,65535,255,-2.6989780071304157
1788776260.675485,2026-09-07T10:17:40.675484Z,8259,21,Path Control,65535,255,-2.6983829760307216
1788776260.8253202,2026-09-07T10:17:40.825320Z,8259,21,Path Control,65535,255,-2.6975095800677242
1788776260.9255571,2026-09-07T10:17:40.925557Z,8259,21,Path Control,65535,255,-2.6964452321853445
1788776261.0754862,2026-09-07T10:17:41.075486Z,8259,21,Path Control,65535,255,-2.694898896048374
1788776261.2252564,2026-09-07T10:17:41.225256Z,8259,21,Path Control,65535,255,-2.6932629077788297
1788776261.3253803,2026-09-07T10:17:41.325380Z,8259,21,Path Control,65535,255,-2.6961301262597406
1788776261.4753802,2026-09-07T10:17:41.475380Z,8259,21,Path Control,65535,255,-2.694037581654023
1788776261.6254156,2026-09-07T10:17:41.625415Z,8259,21,Path Control,65535,255,-2.6918967021473077
1788776261.7754428,2026-09-07T10:17:41.775442Z,8259,21,Path Control,65535,255,-2.6899133655046463
1788776261.875464,2026-09-07T10:17:41.875463Z,8259,21,Path Control,65535,255,-2.6886726041555895
1788776262.025392,2026-09-07T10:17:42.025392Z,8259,21,Path Control,65535,255,-2.6869421961854196
1788776262.1253536,2026-09-07T10:17:42.125353Z,8259,21,Path Control,65535,255,-2.6857655666805043
1788776262.2754166,2026-09-07T10:17:42.275416Z,8259,21,Path Control,65535,255,-2.6842744671129326
1788776262.4252968,2026-09-07T10:17:42.425296Z,8259,21,Path Control,65535,255,-2.69182579550566
1788776262.525413,2026-09-07T10:17:42.525413Z,8259,21,Path Control,65535,255,-2.6911456336312005
1788776262.675536,2026-09-07T10:17:42.675535Z,8259,21,Path Control,65535,255,-2.6897358273889944
1788776262.8252645,2026-09-07T10:17:42.825264Z,8259,21,Path Control,65535,255,-2.688058588347932
1788776262.9254034,2026-09-07T10:17:42.925403Z,8259,21,Path Control,65535,255,-2.687350116808354
1788776263.0755455,2026-09-07T10:17:43.075545Z,8259,21,Path Control,65535,255,-2.6861847349320205
1788776263.2252588,2026-09-07T10:17:43.225258Z,8259,21,Path Control,65535,255,-2.6850245340701235
1788776263.3253655,2026-09-07T10:17:43.325365Z,8259,21,Path Control,65535,255,-2.689461307245934
1788776263.4754212,2026-09-07T10:17:43.475421Z,8259,21,Path Control,65535,255,-2.6888944664931618
1788776263.6252708,2026-09-07T10:17:43.625270Z,8259,21,Path Control,65535,255,-2.6882956192944043
1788776263.7253604,2026-09-07T10:17:43.725360Z,8259,21,Path Control,65535,255,-2.687814883980809
1788776263.8253677,2026-09-07T10:17:43.825367Z,8259,21,Path Control,65535,255,-2.6872094666141813
1788776263.9753664,2026-09-07T10:17:43.975366Z,8259,21,Path Control,65535,255,-2.6860377034306526
1788776264.0753803,2026-09-07T10:17:44.075380Z,8259,21,Path Control,65535,255,-2.6849921892422737
1788776264.225347,2026-09-07T10:17:44.225347Z,8259,21,Path Control,65535,255,-2.6833082261386907
1788776264.3254592,2026-09-07T10:17:44.325459Z,8259,21,Path Control,65535,255,-2.6879518055160734
1788776264.4754303,2026-09-07T10:17:44.475430Z,8259,21,Path Control,65535,255,-2.685962488174072
1788776264.6253855,2026-09-07T10:17:44.625385Z,8259,21,Path Control,65535,255,-2.684032006079513
1788776264.725451,2026-09-07T10:17:44.725450Z,8259,21,Path Control,65535,255,-2.6828272620604263
1788776264.8755352,2026-09-07T10:17:44.875535Z,8259,21,Path Control,65535,255,-2.68094468134278
1788776265.0253062,2026-09-07T10:17:45.025306Z,8259,21,Path Control,65535,255,-2.6788866245232024
1788776265.1254113,2026-09-07T10:17:45.125411Z,8259,21,Path Control,65535,255,-2.678361537314826
1788776265.2754972,2026-09-07T10:17:45.275497Z,8259,21,Path Control,65535,255,-2.677036461471726
1788776265.3756242,2026-09-07T10:17:45.375624Z,8259,21,Path Control,65535,255,-2.682942617600641
1788776265.5254157,2026-09-07T10:17:45.525415Z,8259,21,Path Control,65535,255,-2.681322311298251
1788776265.6754415,2026-09-07T10:17:45.675441Z,8259,21,Path Control,65535,255,-2.679887480181226
1788776265.7755105,2026-09-07T10:17:45.775510Z,8259,21,Path Control,65535,255,-2.678933305236796
1788776265.925506,2026-09-07T10:17:45.925506Z,8259,21,Path Control,65535,255,-2.6789248274593285
1788776266.0754175,2026-09-07T10:17:46.075417Z,8259,21,Path Control,65535,255,-2.6788361703871773
1788776266.2252705,2026-09-07T10:17:46.225270Z,8259,21,Path Control,65535,255,-2.67885105954454
1788776266.3255594,2026-09-07T10:17:46.325559Z,8259,21,Path Control,65535,255,-2.6824396269506603
1788776266.4753873,2026-09-07T10:17:46.475387Z,8259,21,Path Control,65535,255,-2.681272488862967
1788776266.575443,2026-09-07T10:17:46.575443Z,8259,21,Path Control,65535,255,-2.6804901944006554
1788776266.7253568,2026-09-07T10:17:46.725356Z,8259,21,Path Control,65535,255,-2.67924158969582
1788776266.8253908,2026-09-07T10:17:46.825390Z,8259,21,Path Control,65535,255,-2.678436311122015
1788776266.9753826,2026-09-07T10:17:46.975382Z,8259,21,Path Control,65535,255,-2.6771618835566113
1788776267.0754557,2026-09-07T10:17:47.075455Z,8259,21,Path Control,65535,255,-2.6766595953541406
1788776267.225257,2026-09-07T10:17:47.225256Z,8259,21,Path Control,65535,255,-2.6761709325302148
1788776267.3254712,2026-09-07T10:17:47.325471Z,8259,21,Path Control,65535,255,-2.6711424391510685
1788776267.4254308,2026-09-07T10:17:47.425430Z,8259,21,Path Control,65535,255,-2.670972285149341
1788776267.5753727,2026-09-07T10:17:47.575372Z,8259,21,Path Control,65535,255,-2.6708139186215227
1788776267.6754456,2026-09-07T10:17:47.675445Z,8259,21,Path Control,65535,255,-2.6706382364555514
1788776267.8253043,2026-09-07T10:17:47.825304Z,8259,21,Path Control,65535,255,-2.670315192631377
1788776267.925396,2026-09-07T10:17:47.925395Z,8259,21,Path Control,65535,255,-2.6699158723483807
1788776268.0753837,2026-09-07T10:17:48.075383Z,8259,21,Path Control,65535,255,-2.669020338139153
1788776268.2253008,2026-09-07T10:17:48.225300Z,8259,21,Path Control,65535,255,-2.6677728058993173
1788776268.3253634,2026-09-07T10:17:48.325363Z,8259,21,Path Control,65535,255,-2.667289268910477
1788776268.4754975,2026-09-07T10:17:48.475497Z,8259,21,Path Control,65535,255,-2.676191737877057
1788776268.6252756,2026-09-07T10:17:48.625275Z,8259,21,Path Control,65535,255,-2.675270724988264
1788776268.7253973,2026-09-07T10:17:48.725397Z,8259,21,Path Control,65535,255,-2.6750511722510537
1788776268.8754132,2026-09-07T10:17:48.875413Z,8259,21,Path Control,65535,255,-2.6746234318254736
1788776269.0252666,2026-09-07T10:17:49.025266Z,8259,21,Path Control,65535,255,-2.6743566266416745
1788776269.1253278,2026-09-07T10:17:49.125327Z,8259,21,Path Control,65535,255,-2.6737011973608404
1788776269.2754548,2026-09-07T10:17:49.275454Z,8259,21,Path Control,65535,255,-2.673060656978002
1788776269.4253554,2026-09-07T10:17:49.425355Z,8259,21,Path Control,65535,255,-2.679421454901039
1788776269.5753925,2026-09-07T10:17:49.575392Z,8259,21,Path Control,65535,255,-2.6781144781309245
1788776269.6755898,2026-09-07T10:17:49.675589Z,8259,21,Path Control,65535,255,-2.677103319063615
1788776269.8253717,2026-09-07T10:17:49.825371Z,8259,21,Path Control,65535,255,-2.6756502412921668
1788776269.9753788,2026-09-07T10:17:49.975378Z,8259,21,Path Control,65535,255,-2.674648204251947
1788776270.0754817,2026-09-07T10:17:50.075481Z,8259,21,Path Control,65535,255,-2.6743419590315285
1788776270.2252843,2026-09-07T10:17:50.225284Z,8259,21,Path Control,65535,255,-2.6739312689499917
1788776270.3253734,2026-09-07T10:17:50.325373Z,8259,21,Path Control,65535,255,-2.673599068052912
1788776270.4754179,2026-09-07T10:17:50.475417Z,8259,21,Path Control,65535,255,-2.683232041475192
1788776270.5754838,2026-09-07T10:17:50.575483Z,8259,21,Path Control,65535,255,-2.682658060815338
1788776270.6754558,2026-09-07T10:17:50.675455Z,8259,21,Path Control,65535,255,-2.682077037845666
1788776270.8253846,2026-09-07T10:17:50.825384Z,8259,21,Path Control,65535,255,-2.681267934101639
1788776270.975442,2026-09-07T10:17:50.975441Z,8259,21,Path Control,65535,255,-2.680435987098998
1788776271.0756052,2026-09-07T10:17:51.075605Z,8259,21,Path Control,65535,255,-2.6799974181731514
1788776271.2252474,2026-09-07T10:17:51.225247Z,8259,21,Path Control,65535,255,-2.6793001900098368
1788776271.3254058,2026-09-07T10:17:51.325405Z,8259,21,Path Control,65535,255,-2.6922070344449462
1788776271.4254313,2026-09-07T10:17:51.425431Z,8259,21,Path Control,65535,255,-2.6912401598757234
1788776271.5754163,2026-09-07T10:17:51.575416Z,8259,21,Path Control,65535,255,-2.6892853545174544
1788776271.6755342,2026-09-07T10:17:51.675534Z,8259,21,Path Control,65535,255,-2.68805619581916
1788776271.7755089,2026-09-07T10:17:51.775508Z,8259,21,Path Control,65535,255,-2.6869607440559005
1788776271.925371,2026-09-07T10:17:51.925370Z,8259,21,Path Control,65535,255,-2.6860469846395874
1788776272.0754504,2026-09-07T10:17:52.075450Z,8259,21,Path Control,65535,255,-2.68547137255107
1788776272.2252622,2026-09-07T10:17:52.225262Z,8259,21,Path Control,65535,255,-2.6850218394267165
1788776272.3253522,2026-09-07T10:17:52.325352Z,8259,21,Path Control,65535,255,-2.6848636960236396
1788776272.4755404,2026-09-07T10:17:52.475540Z,8259,21,Path Control,65535,255,-2.6967322133576843
1788776272.6253242,2026-09-07T10:17:52.625324Z,8259,21,Path Control,65535,255,-2.696359475220522
1788776272.7254503,2026-09-07T10:17:52.725450Z,8259,21,Path Control,65535,255,-2.6958008136138147
1788776272.8753045,2026-09-07T10:17:52.875304Z,8259,21,Path Control,65535,255,-2.694745001436276
1788776272.9753819,2026-09-07T10:17:52.975381Z,8259,21,Path Control,65535,255,-2.693820867404095
1788776273.0756721,2026-09-07T10:17:53.075672Z,8259,21,Path Control,65535,255,-2.693365641109742
1788776273.225238,2026-09-07T10:17:53.225238Z,8259,21,Path Control,65535,255,-2.6929034394929436
1788776273.3254037,2026-09-07T10:17:53.325403Z,8259,21,Path Control,65535,255,-2.706290944190599
1788776273.475407,2026-09-07T10:17:53.475406Z,8259,21,Path Control,65535,255,-2.7056762705683446
1788776273.5755265,2026-09-07T10:17:53.575526Z,8259,21,Path Control,65535,255,-2.705401762448149
1788776273.725348,2026-09-07T10:17:53.725347Z,8259,21,Path Control,65535,255,-2.7053219757645235
1788776273.8755002,2026-09-07T10:17:53.875500Z,8259,21,Path Control,65535,255,-2.70502566539912
1788776274.025292,2026-09-07T10:17:54.025291Z,8259,21,Path Control,65535,255,-2.704489074162584
1788776274.125352,2026-09-07T10:17:54.125351Z,8259,21,Path Control,65535,255,-2.7038541742986255
1788776274.2754526,2026-09-07T10:17:54.275452Z,8259,21,Path Control,65535,255,-2.702683796443684
1788776274.4252956,2026-09-07T10:17:54.425295Z,8259,21,Path Control,65535,255,-2.7104423235111437
1788776274.5253494,2026-09-07T10:17:54.525349Z,8259,21,Path Control,65535,255,-2.7091389448255607
1788776274.6755571,2026-09-07T10:17:54.675557Z,8259,21,Path Control,65535,255,-2.70740001976033
1788776274.8252718,2026-09-07T10:17:54.825271Z,8259,21,Path Control,65535,255,-2.7058777104039287
1788776274.9254444,2026-09-07T10:17:54.925444Z,8259,21,Path Control,65535,255,-2.7047258300695036
1788776275.0753362,2026-09-07T10:17:55.075336Z,8259,21,Path Control,65535,255,-2.7033209506783376
1788776275.1753767,2026-09-07T10:17:55.175376Z,8259,21,Path Control,65535,255,-2.7025439495081383
1788776275.2755258,2026-09-07T10:17:55.275525Z,8259,21,Path Control,65535,255,-2.7017091367583994
1788776275.4253962,2026-09-07T10:17:55.425396Z,8259,21,Path Control,65535,255,-2.713692811705479
1788776275.5754457,2026-09-07T10:17:55.575445Z,8259,21,Path Control,65535,255,-2.7117438237946208
1788776275.7253995,2026-09-07T10:17:55.725399Z,8259,21,Path Control,65535,255,-2.709339287372479
1788776275.8754377,2026-09-07T10:17:55.875437Z,8259,21,Path Control,65535,255,-2.7067209236489136
1788776276.0254257,2026-09-07T10:17:56.025425Z,8259,21,Path Control,65535,255,-2.7038645333507083
1788776276.1254008,2026-09-07T10:17:56.125400Z,8259,21,Path Control,65535,255,-2.702157645946519
1788776276.2754066,2026-09-07T10:17:56.275406Z,8259,21,Path Control,65535,255,-2.699366053122543
1788776276.3754282,2026-09-07T10:17:56.375428Z,8259,21,Path Control,65535,255,-2.709598627444652
1788776276.4755096,2026-09-07T10:17:56.475509Z,8259,21,Path Control,65535,255,-2.7080751194516806
1788776276.6253967,2026-09-07T10:17:56.625396Z,8259,21,Path Control,65535,255,-2.7059922700417443
1788776276.7754083,2026-09-07T10:17:56.775408Z,8259,21,Path Control,65535,255,-2.704692628249873
1788776276.8756073,2026-09-07T10:17:56.875607Z,8259,21,Path Control,65535,255,-2.7032930498610352
1788776277.0253787,2026-09-07T10:17:57.025378Z,8259,21,Path Control,65535,255,-2.700993021595018
1788776277.1752644,2026-09-07T10:17:57.175264Z,8259,21,Path Control,65535,255,-2.698324247376389
1788776277.275395,2026-09-07T10:17:57.275394Z,8259,21,Path Control,65535,255,-2.6965666690812973
1788776277.4253964,2026-09-07T10:17:57.425396Z,8259,21,Path Control,65535,255,-2.6981744895001674
1788776277.5254312,2026-09-07T10:17:57.525431Z,8259,21,Path Control,65535,255,-2.6962448260598024
1788776277.6256542,2026-09-07T10:17:57.625654Z,8259,21,Path Control,65535,255,-2.6943843220477435
1788776277.7754412,2026-09-07T10:17:57.775441Z,8259,21,Path Control,65535,255,-2.692632992515317
1788776277.9254148,2026-09-07T10:17:57.925414Z,8259,21,Path Control,65535,255,-2.6908119450586363
1788776278.075454,2026-09-07T10:17:58.075453Z,8259,21,Path Control,65535,255,-2.6892744632582053
1788776278.2252738,2026-09-07T10:17:58.225273Z,8259,21,Path Control,65535,255,-2.688039182054541
1788776278.3254945,2026-09-07T10:17:58.325494Z,8259,21,Path Control,65535,255,-2.6866476698173014
1788776278.475428,2026-09-07T10:17:58.475428Z,8259,21,Path Control,65535,255,-2.694406494100599
1788776278.5754883,2026-09-07T10:17:58.575488Z,8259,21,Path Control,65535,255,-2.6932532483323635
1788776278.7253253,2026-09-07T10:17:58.725325Z,8259,21,Path Control,65535,255,-2.6916215565927506
1788776278.8253765,2026-09-07T10:17:58.825376Z,8259,21,Path Control,65535,255,-2.690587034031051
1788776278.9255092,2026-09-07T10:17:58.925509Z,8259,21,Path Control,65535,255,-2.68946868582231
1788776279.0754337,2026-09-07T10:17:59.075433Z,8259,21,Path Control,65535,255,-2.6877388238332256
1788776279.2255473,2026-09-07T10:17:59.225547Z,8259,21,Path Control,65535,255,-2.685966371464064
1788776279.3256059,2026-09-07T10:17:59.325605Z,8259,21,Path Control,65535,255,-2.692871848350107
1788776279.4754736,2026-09-07T10:17:59.475473Z,8259,21,Path Control,65535,255,-2.6912177707434437
1788776279.6254625,2026-09-07T10:17:59.625462Z,8259,21,Path Control,65535,255,-2.689578845213318
1788776279.7255712,2026-09-07T10:17:59.725571Z,8259,21,Path Control,65535,255,-2.6881264430357157
1788776279.8754637,2026-09-07T10:17:59.875463Z,8259,21,Path Control,65535,255,-2.6865293638864367
1788776279.9755409,2026-09-07T10:17:59.975540Z,8259,21,Path Control,65535,255,-2.685735963386258
1788776280.1253724,2026-09-07T10:18:00.125372Z,8259,21,Path Control,65535,255,-2.6839158124855254
1788776280.2755523,2026-09-07T10:18:00.275552Z,8259,21,Path Control,65535,255,-2.6816731306346293
1788776280.4254422,2026-09-07T10:18:00.425442Z,8259,21,Path Control,65535,255,-2.688873967644445
1788776280.5256226,2026-09-07T10:18:00.525622Z,8259,21,Path Control,65535,255,-2.687227644000325
1788776280.6755044,2026-09-07T10:18:00.675504Z,8259,21,Path Control,65535,255,-2.685125825443493
1788776280.8253274,2026-09-07T10:18:00.825327Z,8259,21,Path Control,65535,255,-2.6832040113003144
1788776280.9253643,2026-09-07T10:18:00.925364Z,8259,21,Path Control,65535,255,-2.681938465574476
1788776281.0753832,2026-09-07T10:18:01.075383Z,8259,21,Path Control,65535,255,-2.6794894779494975
1788776281.2252717,2026-09-07T10:18:01.225271Z,8259,21,Path Control,65535,255,-2.6766153581149834
1788776281.325412,2026-09-07T10:18:01.325412Z,8259,21,Path Control,65535,255,-2.6837552952528108
1788776281.4754455,2026-09-07T10:18:01.475445Z,8259,21,Path Control,65535,255,-2.6818298022997396
1788776281.575559,2026-09-07T10:18:01.575558Z,8259,21,Path Control,65535,255,-2.68056607107942
1788776281.7256083,2026-09-07T10:18:01.725608Z,8259,21,Path Control,65535,255,-2.6793216340544346
1788776281.875477,2026-09-07T10:18:01.875477Z,8259,21,Path Control,65535,255,-2.6782165932129383
1788776282.0254512,2026-09-07T10:18:02.025451Z,8259,21,Path Control,65535,255,-2.677033967474371
1788776282.1256485,2026-09-07T10:18:02.125648Z,8259,21,Path Control,65535,255,-2.6762864501461885
1788776282.2754421,2026-09-07T10:18:02.275442Z,8259,21,Path Control,65535,255,-2.674815979085623
1788776282.4253936,2026-09-07T10:18:02.425393Z,8259,21,Path Control,65535,255,-2.671090876522017
1788776282.5254672,2026-09-07T10:18:02.525467Z,8259,21,Path Control,65535,255,-2.66990629770987
1788776282.6754518,2026-09-07T10:18:02.675451Z,8259,21,Path Control,65535,255,-2.6686061190119417
1788776282.8253598,2026-09-07T10:18:02.825359Z,8259,21,Path Control,65535,255,-2.6675705200048907
1788776282.9755228,2026-09-07T10:18:02.975522Z,8259,21,Path Control,65535,255,-2.6674091330864123
1788776283.0756278,2026-09-07T10:18:03.075627Z,8259,21,Path Control,65535,255,-2.667048734896709
1788776283.2253313,2026-09-07T10:18:03.225331Z,8259,21,Path Control,65535,255,-2.666561671165836
1788776283.3254068,2026-09-07T10:18:03.325406Z,8259,21,Path Control,65535,255,-2.6765833254367455
1788776283.4754877,2026-09-07T10:18:03.475487Z,8259,21,Path Control,65535,255,-2.676124665839919
1788776283.6252801,2026-09-07T10:18:03.625280Z,8259,21,Path Control,65535,255,-2.675624769337443
1788776283.725339,2026-09-07T10:18:03.725338Z,8259,21,Path Control,65535,255,-2.6759477195880286
1788776283.875502,2026-09-07T10:18:03.875502Z,8259,21,Path Control,65535,255,-2.6758092023781757
1788776284.0252645,2026-09-07T10:18:04.025264Z,8259,21,Path Control,65535,255,-2.6753281065042294
1788776284.1253765,2026-09-07T10:18:04.125376Z,8259,21,Path Control,65535,255,-2.674543741055223
1788776284.2755537,2026-09-07T10:18:04.275553Z,8259,21,Path Control,65535,255,-2.673695708410601
1788776284.4252837,2026-09-07T10:18:04.425283Z,8259,21,Path Control,65535,255,-2.67378308144368
1788776284.5254092,2026-09-07T10:18:04.525409Z,8259,21,Path Control,65535,255,-2.673654518060137
1788776284.675465,2026-09-07T10:18:04.675465Z,8259,21,Path Control,65535,255,-2.673369145155513
1788776284.775537,2026-09-07T10:18:04.775537Z,8259,21,Path Control,65535,255,-2.6732230069618295
1788776284.9254653,2026-09-07T10:18:04.925465Z,8259,21,Path Control,65535,255,-2.6726785372015978
1788776285.0756352,2026-09-07T10:18:05.075635Z,8259,21,Path Control,65535,255,-2.6717966062678506
1788776285.2253337,2026-09-07T10:18:05.225333Z,8259,21,Path Control,65535,255,-2.6706008811849737
1788776285.3253963,2026-09-07T10:18:05.325396Z,8259,21,Path Control,65535,255,-2.6785008525898144
1788776285.4756095,2026-09-07T10:18:05.475609Z,8259,21,Path Control,65535,255,-2.6773839133061412
1788776285.6254349,2026-09-07T10:18:05.625434Z,8259,21,Path Control,65535,255,-2.6762148268664143
1788776285.7254453,2026-09-07T10:18:05.725445Z,8259,21,Path Control,65535,255,-2.6751428778353064
1788776285.875433,2026-09-07T10:18:05.875432Z,8259,21,Path Control,65535,255,-2.6740703139500863
1788776285.9754798,2026-09-07T10:18:05.975479Z,8259,21,Path Control,65535,255,-2.673568464132643
1788776286.1254778,2026-09-07T10:18:06.125477Z,8259,21,Path Control,65535,255,-2.6730886358325425
1788776286.2754326,2026-09-07T10:18:06.275432Z,8259,21,Path Control,65535,255,-2.6725979149372794
1788776286.4254222,2026-09-07T10:18:06.425422Z,8259,21,Path Control,65535,255,-2.686243683639727
1788776286.5254595,2026-09-07T10:18:06.525459Z,8259,21,Path Control,65535,255,-2.685531617435668
1788776286.6756015,2026-09-07T10:18:06.675601Z,8259,21,Path Control,65535,255,-2.685177361704041
1788776286.8252797,2026-09-07T10:18:06.825279Z,8259,21,Path Control,65535,255,-2.6851638437884278
1788776286.92539,2026-09-07T10:18:06.925390Z,8259,21,Path Control,65535,255,-2.685347194364757
1788776287.0254946,2026-09-07T10:18:07.025494Z,8259,21,Path Control,65535,255,-2.685412412244979
1788776287.1753678,2026-09-07T10:18:07.175367Z,8259,21,Path Control,65535,255,-2.6851875931805274
1788776287.2754266,2026-09-07T10:18:07.275426Z,8259,21,Path Control,65535,255,-2.68470395442521
1788776287.4253242,2026-09-07T10:18:07.425324Z,8259,21,Path Control,65535,255,-2.693011975803083
1788776287.5254889,2026-09-07T10:18:07.525488Z,8259,21,Path Control,65535,255,-2.6933368039742818
1788776287.6754673,2026-09-07T10:18:07.675467Z,8259,21,Path Control,65535,255,-2.693286493540666
1788776287.7755816,2026-09-07T10:18:07.775581Z,8259,21,Path Control,65535,255,-2.693105015939434
1788776287.8756654,2026-09-07T10:18:07.875665Z,8259,21,Path Control,65535,255,-2.6928875797105762
1788776288.025272,2026-09-07T10:18:08.025271Z,8259,21,Path Control,65535,255,-2.692541497811465
1788776288.125431,2026-09-07T10:18:08.125431Z,8259,21,Path Control,65535,255,-2.6924463201744926
1788776288.2756035,2026-09-07T10:18:08.275603Z,8259,21,Path Control,65535,255,-2.692232896296467
1788776288.4253929,2026-09-07T10:18:08.425392Z,8259,21,Path Control,65535,255,-2.706053353427573
1788776288.5254457,2026-09-07T10:18:08.525445Z,8259,21,Path Control,65535,255,-2.7050207059586686
1788776288.6755362,2026-09-07T10:18:08.675536Z,8259,21,Path Control,65535,255,-2.703074225796573
1788776288.8253522,2026-09-07T10:18:08.825352Z,8259,21,Path Control,65535,255,-2.7007799057042425
1788776288.9254365,2026-09-07T10:18:08.925436Z,8259,21,Path Control,65535,255,-2.6994786690822927
1788776289.0754306,2026-09-07T10:18:09.075430Z,8259,21,Path Control,65535,255,-2.697873645480957
1788776289.225278,2026-09-07T10:18:09.225277Z,8259,21,Path Control,65535,255,-2.6963046458932096
1788776289.3254454,2026-09-07T10:18:09.325445Z,8259,21,Path Control,65535,255,-2.714396433405256
1788776289.4756184,2026-09-07T10:18:09.475618Z,8259,21,Path Control,65535,255,-2.7131423735561366
1788776289.5756454,2026-09-07T10:18:09.575645Z,8259,21,Path Control,65535,255,-2.7120165750401446
1788776289.6758163,2026-09-07T10:18:09.675816Z,8259,21,Path Control,65535,255,-2.7105475457202544
1788776289.825437,2026-09-07T10:18:09.825437Z,8259,21,Path Control,65535,255,-2.708269291215298
1788776289.9255013,2026-09-07T10:18:09.925501Z,8259,21,Path Control,65535,255,-2.7063020579481503
1788776290.075686,2026-09-07T10:18:10.075685Z,8259,21,Path Control,65535,255,-2.7036158895031583
1788776290.2253053,2026-09-07T10:18:10.225305Z,8259,21,Path Control,65535,255,-2.7010882988367904
1788776290.325485,2026-09-07T10:18:10.325484Z,8259,21,Path Control,65535,255,-2.7172956830104718
1788776290.4754558,2026-09-07T10:18:10.475455Z,8259,21,Path Control,65535,255,-2.715204020005176
1788776290.5756187,2026-09-07T10:18:10.575618Z,8259,21,Path Control,65535,255,-2.7139052932918935
1788776290.7254112,2026-09-07T10:18:10.725411Z,8259,21,Path Control,65535,255,-2.7123275813638488
1788776290.8755074,2026-09-07T10:18:10.875507Z,8259,21,Path Control,65535,255,-2.710738127118894
1788776291.0252542,2026-09-07T10:18:11.025254Z,8259,21,Path Control,65535,255,-2.7091393327157167
1788776291.1254666,2026-09-07T10:18:11.125466Z,8259,21,Path Control,65535,255,-2.7078948486326158
1788776291.2754803,2026-09-07T10:18:11.275480Z,8259,21,Path Control,65535,255,-2.7062430328580733
1788776291.4254205,2026-09-07T10:18:11.425420Z,8259,21,Path Control,65535,255,-2.7135118032118823
1788776291.5756822,2026-09-07T10:18:11.575682Z,8259,21,Path Control,65535,255,-2.7121950714799823
1788776291.7253973,2026-09-07T10:18:11.725397Z,8259,21,Path Control,65535,255,-2.7089538055292306
1788776291.8754423,2026-09-07T10:18:11.875442Z,8259,21,Path Control,65535,255,-2.7066202688765255
1788776292.0254035,2026-09-07T10:18:12.025403Z,8259,21,Path Control,65535,255,-2.704552192945995
1788776292.1253967,2026-09-07T10:18:12.125396Z,8259,21,Path Control,65535,255,-2.7028683884743026
1788776292.2754643,2026-09-07T10:18:12.275464Z,8259,21,Path Control,65535,255,-2.7009478909922633
1788776292.3754783,2026-09-07T10:18:12.375478Z,8259,21,Path Control,65535,255,-2.7092483656696946
1788776292.52539,2026-09-07T10:18:12.525389Z,8259,21,Path Control,65535,255,-2.707428729215917
1788776292.6754453,2026-09-07T10:18:12.675445Z,8259,21,Path Control,65535,255,-2.7051506210356924
1788776292.7754612,2026-09-07T10:18:12.775461Z,8259,21,Path Control,65535,255,-2.7034560643490066
1788776292.8756504,2026-09-07T10:18:12.875650Z,8259,21,Path Control,65535,255,-2.7016692803857896
1788776293.025587,2026-09-07T10:18:13.025587Z,8259,21,Path Control,65535,255,-2.6988986143121942
1788776293.1753478,2026-09-07T10:18:13.175347Z,8259,21,Path Control,65535,255,-2.696642203647369
1788776293.2754757,2026-09-07T10:18:13.275475Z,8259,21,Path Control,65535,255,-2.6951162138957896
1788776293.4253464,2026-09-07T10:18:13.425346Z,8259,21,Path Control,65535,255,-2.7072731881529557
1788776293.5253994,2026-09-07T10:18:13.525399Z,8259,21,Path Control,65535,255,-2.705366737810646
1788776293.675664,2026-09-07T10:18:13.675663Z,8259,21,Path Control,65535,255,-2.702729258439035
1788776293.8254807,2026-09-07T10:18:13.825480Z,8259,21,Path Control,65535,255,-2.700220979206101
1788776293.975341,2026-09-07T10:18:13.975341Z,8259,21,Path Control,65535,255,-2.6990929979587417
1788776294.0755665,2026-09-07T10:18:14.075566Z,8259,21,Path Control,65535,255,-2.698138709596172
1788776294.225253,2026-09-07T10:18:14.225253Z,8259,21,Path Control,65535,255,-2.6967303971831225
1788776294.3253706,2026-09-07T10:18:14.325370Z,8259,21,Path Control,65535,255,-2.705824999411269
1788776294.4255195,2026-09-07T10:18:14.425519Z,8259,21,Path Control,65535,255,-2.7042908301187603
1788776294.575327,2026-09-07T10:18:14.575326Z,8259,21,Path Control,65535,255,-2.702190243229878
1788776294.675464,2026-09-07T10:18:14.675463Z,8259,21,Path Control,65535,255,-2.7009083306209773
1788776294.8255758,2026-09-07T10:18:14.825575Z,8259,21,Path Control,65535,255,-2.6991029775889746
1788776294.9754019,2026-09-07T10:18:14.975401Z,8259,21,Path Control,65535,255,-2.696489671997273
1788776295.0755692,2026-09-07T10:18:15.075569Z,8259,21,Path Control,65535,255,-2.6951200502128128
1788776295.2252538,2026-09-07T10:18:15.225253Z,8259,21,Path Control,65535,255,-2.6931793156463186
1788776295.325408,2026-09-07T10:18:15.325407Z,8259,21,Path Control,65535,255,-2.6964753432856923
1788776295.425444,2026-09-07T10:18:15.425443Z,8259,21,Path Control,65535,255,-2.6955399043430375
1788776295.5755074,2026-09-07T10:18:15.575507Z,8259,21,Path Control,65535,255,-2.6938197702770093
1788776295.6755333,2026-09-07T10:18:15.675533Z,8259,21,Path Control,65535,255,-2.692653075945902
1788776295.825558,2026-09-07T10:18:15.825557Z,8259,21,Path Control,65535,255,-2.690895566425947
1788776295.9753852,2026-09-07T10:18:15.975385Z,8259,21,Path Control,65535,255,-2.689692158130167
1788776296.0757,2026-09-07T10:18:16.075700Z,8259,21,Path Control,65535,255,-2.68881339900022
1788776296.225333,2026-09-07T10:18:16.225332Z,8259,21,Path Control,65535,255,-2.687400093996616
1788776296.3254254,2026-09-07T10:18:16.325425Z,8259,21,Path Control,65535,255,-2.6930003950974384
1788776296.4255233,2026-09-07T10:18:16.425523Z,8259,21,Path Control,65535,255,-2.6919741569569777
1788776296.5754237,2026-09-07T10:18:16.575423Z,8259,21,Path Control,65535,255,-2.689677521601348
1788776296.6754465,2026-09-07T10:18:16.675446Z,8259,21,Path Control,65535,255,-2.68817762604396
1788776296.8254597,2026-09-07T10:18:16.825459Z,8259,21,Path Control,65535,255,-2.6860186511116293
1788776296.9753726,2026-09-07T10:18:16.975372Z,8259,21,Path Control,65535,255,-2.6846863578102407
1788776297.0754063,2026-09-07T10:18:17.075406Z,8259,21,Path Control,65535,255,-2.683744213522158
1788776297.2254138,2026-09-07T10:18:17.225413Z,8259,21,Path Control,65535,255,-2.6823774546763586
1788776297.325412,2026-09-07T10:18:17.325412Z,8259,21,Path Control,65535,255,-2.68970765094585
1788776297.4255166,2026-09-07T10:18:17.425516Z,8259,21,Path Control,65535,255,-2.6884540971479134
1788776297.5757122,2026-09-07T10:18:17.575712Z,8259,21,Path Control,65535,255,-2.6868740564575906
1788776297.7253873,2026-09-07T10:18:17.725387Z,8259,21,Path Control,65535,255,-2.68561509173715
1788776297.825552,2026-09-07T10:18:17.825551Z,8259,21,Path Control,65535,255,-2.684817553038771
1788776297.975374,2026-09-07T10:18:17.975373Z,8259,21,Path Control,65535,255,-2.684064954793908
1788776298.0755954,2026-09-07T10:18:18.075595Z,8259,21,Path Control,65535,255,-2.683452569304131
1788776298.2253401,2026-09-07T10:18:18.225340Z,8259,21,Path Control,65535,255,-2.6824848459107313
1788776298.3254783,2026-09-07T10:18:18.325478Z,8259,21,Path Control,65535,255,-2.681963736605635
1788776298.4256053,2026-09-07T10:18:18.425605Z,8259,21,Path Control,65535,255,-2.6804796896651535
1788776298.575409,2026-09-07T10:18:18.575408Z,8259,21,Path Control,65535,255,-2.6788872770791485
1788776298.6754987,2026-09-07T10:18:18.675498Z,8259,21,Path Control,65535,255,-2.678267793224118
1788776298.7756739,2026-09-07T10:18:18.775673Z,8259,21,Path Control,65535,255,-2.6776564849013176
1788776298.9253724,2026-09-07T10:18:18.925372Z,8259,21,Path Control,65535,255,-2.6770034362846284
1788776299.075468,2026-09-07T10:18:19.075468Z,8259,21,Path Control,65535,255,-2.675827103971989
1788776299.225271,2026-09-07T10:18:19.225270Z,8259,21,Path Control,65535,255,-2.6743887290929873
1788776299.3254871,2026-09-07T10:18:19.325487Z,8259,21,Path Control,65535,255,-2.685592112910422
1788776299.4754462,2026-09-07T10:18:19.475446Z,8259,21,Path Control,65535,255,-2.6849973260692472
1788776299.575766,2026-09-07T10:18:19.575766Z,8259,21,Path Control,65535,255,-2.684893720617934
1788776299.675628,2026-09-07T10:18:19.675627Z,8259,21,Path Control,65535,255,-2.684918469528459
1788776299.825377,2026-09-07T10:18:19.825376Z,8259,21,Path Control,65535,255,-2.684859214856945
1788776299.925434,2026-09-07T10:18:19.925434Z,8259,21,Path Control,65535,255,-2.6846311949836656
1788776300.0754855,2026-09-07T10:18:20.075485Z,8259,21,Path Control,65535,255,-2.683883244045312
1788776300.2253227,2026-09-07T10:18:20.225322Z,8259,21,Path Control,65535,255,-2.682884764216549
1788776300.3253944,2026-09-07T10:18:20.325394Z,8259,21,Path Control,65535,255,-2.683148866611954
1788776300.4756212,2026-09-07T10:18:20.475621Z,8259,21,Path Control,65535,255,-2.681375422435221
1788776300.6254275,2026-09-07T10:18:20.625427Z,8259,21,Path Control,65535,255,-2.679467474686339
1788776300.7754433,2026-09-07T10:18:20.775443Z,8259,21,Path Control,65535,255,-2.6784313854476465
1788776300.9254313,2026-09-07T10:18:20.925431Z,8259,21,Path Control,65535,255,-2.677150144853021
1788776301.0754483,2026-09-07T10:18:21.075448Z,8259,21,Path Control,65535,255,-2.675510685700618
1788776301.225323,2026-09-07T10:18:21.225322Z,8259,21,Path Control,65535,255,-2.6737121551633174
1788776301.3254092,2026-09-07T10:18:21.325409Z,8259,21,Path Control,65535,255,-2.685305946804106
1788776301.475644,2026-09-07T10:18:21.475644Z,8259,21,Path Control,65535,255,-2.6837617277313215
1788776301.5755854,2026-09-07T10:18:21.575585Z,8259,21,Path Control,65535,255,-2.6828753337836977
1788776301.7254527,2026-09-07T10:18:21.725452Z,8259,21,Path Control,65535,255,-2.681942535744151
1788776301.825384,2026-09-07T10:18:21.825383Z,8259,21,Path Control,65535,255,-2.6812442173208404
1788776301.925431,2026-09-07T10:18:21.925431Z,8259,21,Path Control,65535,255,-2.680260922956504
1788776302.0753303,2026-09-07T10:18:22.075330Z,8259,21,Path Control,65535,255,-2.678688675606315
1788776302.2252684,2026-09-07T10:18:22.225268Z,8259,21,Path Control,65535,255,-2.677120605862083
1788776302.3254063,2026-09-07T10:18:22.325406Z,8259,21,Path Control,65535,255,-2.683543805334898
1788776302.4753304,2026-09-07T10:18:22.475330Z,8259,21,Path Control,65535,255,-2.682709657608334
1788776302.5756228,2026-09-07T10:18:22.575622Z,8259,21,Path Control,65535,255,-2.6823891520918983
1788776302.725414,2026-09-07T10:18:22.725414Z,8259,21,Path Control,65535,255,-2.681804636410109
1788776302.8753579,2026-09-07T10:18:22.875357Z,8259,21,Path Control,65535,255,-2.6807932549115003
1788776302.9753845,2026-09-07T10:18:22.975384Z,8259,21,Path Control,65535,255,-2.6799131996630026
1788776303.0755775,2026-09-07T10:18:23.075577Z,8259,21,Path Control,65535,255,-2.6796731816522272
1788776303.225318,2026-09-07T10:18:23.225317Z,8259,21,Path Control,65535,255,-2.6796739223458435
1788776303.325479,2026-09-07T10:18:23.325479Z,8259,21,Path Control,65535,255,-2.6817293799389343
1788776303.475618,2026-09-07T10:18:23.475617Z,8259,21,Path Control,65535,255,-2.6816973315647417
1788776303.625684,2026-09-07T10:18:23.625684Z,8259,21,Path Control,65535,255,-2.6817177272498625
1788776303.7753887,2026-09-07T10:18:23.775388Z,8259,21,Path Control,65535,255,-2.6817429608380445
1788776303.8756192,2026-09-07T10:18:23.875619Z,8259,21,Path Control,65535,255,-2.681268000856592
1788776304.0252662,2026-09-07T10:18:24.025266Z,8259,21,Path Control,65535,255,-2.6802891635739754
1788776304.1254292,2026-09-07T10:18:24.125429Z,8259,21,Path Control,65535,255,-2.678557116034387
1788776304.275435,2026-09-07T10:18:24.275434Z,8259,21,Path Control,65535,255,-2.676550745415149
1788776304.3754752,2026-09-07T10:18:24.375475Z,8259,21,Path Control,65535,255,-2.679368801874174
1788776304.525569,2026-09-07T10:18:24.525568Z,8259,21,Path Control,65535,255,-2.6776826007367927
1788776304.675464,2026-09-07T10:18:24.675463Z,8259,21,Path Control,65535,255,-2.6761253879605333
1788776304.7756104,2026-09-07T10:18:24.775610Z,8259,21,Path Control,65535,255,-2.6751247757373657
1788776304.9255755,2026-09-07T10:18:24.925575Z,8259,21,Path Control,65535,255,-2.6738913358157888
1788776305.0753534,2026-09-07T10:18:25.075353Z,8259,21,Path Control,65535,255,-2.672670619210882
1788776305.2252867,2026-09-07T10:18:25.225286Z,8259,21,Path Control,65535,255,-2.6714510554139848
1788776305.325501,2026-09-07T10:18:25.325500Z,8259,21,Path Control,65535,255,-2.681220677591651
1788776305.4754412,2026-09-07T10:18:25.475441Z,8259,21,Path Control,65535,255,-2.68002715508164
1788776305.575459,2026-09-07T10:18:25.575459Z,8259,21,Path Control,65535,255,-2.6793860502362628
1788776305.7254713,2026-09-07T10:18:25.725471Z,8259,21,Path Control,65535,255,-2.6783113363176607
1788776305.8255382,2026-09-07T10:18:25.825538Z,8259,21,Path Control,65535,255,-2.677599305786157
1788776305.975372,2026-09-07T10:18:25.975372Z,8259,21,Path Control,65535,255,-2.6767881840832697
1788776306.075496,2026-09-07T10:18:26.075495Z,8259,21,Path Control,65535,255,-2.676319341644232
1788776306.2253132,2026-09-07T10:18:26.225313Z,8259,21,Path Control,65535,255,-2.67574229361669
1788776306.3254435,2026-09-07T10:18:26.325443Z,8259,21,Path Control,65535,255,-2.682044878352511
1788776306.4755242,2026-09-07T10:18:26.475524Z,8259,21,Path Control,65535,255,-2.6815453712233084
1788776306.6253207,2026-09-07T10:18:26.625320Z,8259,21,Path Control,65535,255,-2.6810694365600214
1788776306.725798,2026-09-07T10:18:26.725797Z,8259,21,Path Control,65535,255,-2.6809757537470227
1788776306.8754497,2026-09-07T10:18:26.875449Z,8259,21,Path Control,65535,255,-2.680152502320634
1788776306.9755678,2026-09-07T10:18:26.975567Z,8259,21,Path Control,65535,255,-2.6793431920934108
1788776307.1253593,2026-09-07T10:18:27.125359Z,8259,21,Path Control,65535,255,-2.678008986505007
1788776307.275401,2026-09-07T10:18:27.275401Z,8259,21,Path Control,65535,255,-2.6770078183642165
1788776307.3754697,2026-09-07T10:18:27.375469Z,8259,21,Path Control,65535,255,-2.681739708433974
1788776307.475539,2026-09-07T10:18:27.475538Z,8259,21,Path Control,65535,255,-2.681240361268124
1788776307.625417,2026-09-07T10:18:27.625416Z,8259,21,Path Control,65535,255,-2.680477006068533
1788776307.7254238,2026-09-07T10:18:27.725423Z,8259,21,Path Control,65535,255,-2.6798625171792607
1788776307.8255954,2026-09-07T10:18:27.825595Z,8259,21,Path Control,65535,255,-2.6792876204824183
1788776307.9753156,2026-09-07T10:18:27.975315Z,8259,21,Path Control,65535,255,-2.678773869015476
1788776308.075433,2026-09-07T10:18:28.075433Z,8259,21,Path Control,65535,255,-2.6786718726442693
1788776308.2252254,2026-09-07T10:18:28.225225Z,8259,21,Path Control,65535,255,-2.6785696176638623
1788776308.3256133,2026-09-07T10:18:28.325613Z,8259,21,Path Control,65535,255,-2.689114037275546
1788776308.475466,2026-09-07T10:18:28.475466Z,8259,21,Path Control,65535,255,-2.688785057644815
1788776308.6254075,2026-09-07T10:18:28.625407Z,8259,21,Path Control,65535,255,-2.6883096101225026
1788776308.725481,2026-09-07T10:18:28.725481Z,8259,21,Path Control,65535,255,-2.6869200356541247
1788776308.875561,2026-09-07T10:18:28.875560Z,8259,21,Path Control,65535,255,-2.685654899113382
1788776309.0253048,2026-09-07T10:18:29.025304Z,8259,21,Path Control,65535,255,-2.6848331409200688
1788776309.1254735,2026-09-07T10:18:29.125473Z,8259,21,Path Control,65535,255,-2.6842018700488457
1788776309.2754545,2026-09-07T10:18:29.275454Z,8259,21,Path Control,65535,255,-2.6837992466535314
1788776309.4255471,2026-09-07T10:18:29.425547Z,8259,21,Path Control,65535,255,-2.690635681031747
1788776309.5754085,2026-09-07T10:18:29.575408Z,8259,21,Path Control,65535,255,-2.691149431458652
1788776309.675545,2026-09-07T10:18:29.675544Z,8259,21,Path Control,65535,255,-2.691066189658378
1788776309.8253286,2026-09-07T10:18:29.825328Z,8259,21,Path Control,65535,255,-2.6907497383604597
1788776309.9254787,2026-09-07T10:18:29.925478Z,8259,21,Path Control,65535,255,-2.690435049201622
1788776310.0753205,2026-09-07T10:18:30.075320Z,8259,21,Path Control,65535,255,-2.6900494848665977
1788776310.2252605,2026-09-07T10:18:30.225260Z,8259,21,Path Control,65535,255,-2.6896859607237142
1788776310.325452,2026-09-07T10:18:30.325452Z,8259,21,Path Control,65535,255,-2.6951744702828693
1788776310.425452,2026-09-07T10:18:30.425451Z,8259,21,Path Control,65535,255,-2.6948513216511083
1788776310.575402,2026-09-07T10:18:30.575402Z,8259,21,Path Control,65535,255,-2.694081536495105
1788776310.6754947,2026-09-07T10:18:30.675494Z,8259,21,Path Control,65535,255,-2.693606200925139
1788776310.8252966,2026-09-07T10:18:30.825296Z,8259,21,Path Control,65535,255,-2.692970858432793
1788776310.92565,2026-09-07T10:18:30.925649Z,8259,21,Path Control,65535,255,-2.6926247844866467
1788776311.075435,2026-09-07T10:18:31.075434Z,8259,21,Path Control,65535,255,-2.6921622973538804
1788776311.2252648,2026-09-07T10:18:31.225264Z,8259,21,Path Control,65535,255,-2.6916400293387133
1788776311.325478,2026-09-07T10:18:31.325478Z,8259,21,Path Control,65535,255,-2.6998015613133743
1788776311.475431,2026-09-07T10:18:31.475430Z,8259,21,Path Control,65535,255,-2.700106431418134
1788776311.5755134,2026-09-07T10:18:31.575513Z,8259,21,Path Control,65535,255,-2.700106423987531
1788776311.7254312,2026-09-07T10:18:31.725431Z,8259,21,Path Control,65535,255,-2.699297198259457
1788776311.8754623,2026-09-07T10:18:31.875462Z,8259,21,Path Control,65535,255,-2.6977999795790586
1788776312.0253658,2026-09-07T10:18:32.025365Z,8259,21,Path Control,65535,255,-2.695775049777645
1788776312.1253552,2026-09-07T10:18:32.125355Z,8259,21,Path Control,65535,255,-2.694824215180735
1788776312.2753918,2026-09-07T10:18:32.275391Z,8259,21,Path Control,65535,255,-2.693058270510807
1788776312.3754292,2026-09-07T10:18:32.375429Z,8259,21,Path Control,65535,255,-2.7037207176694404
1788776312.4755096,2026-09-07T10:18:32.475509Z,8259,21,Path Control,65535,255,-2.702690710646663
1788776312.6253848,2026-09-07T10:18:32.625384Z,8259,21,Path Control,65535,255,-2.7011463317925197
1788776312.7254357,2026-09-07T10:18:32.725435Z,8259,21,Path Control,65535,255,-2.700117443070675
1788776312.8753753,2026-09-07T10:18:32.875375Z,8259,21,Path Control,65535,255,-2.698423832738617
1788776312.9753795,2026-09-07T10:18:32.975379Z,8259,21,Path Control,65535,255,-2.6973562394055115
1788776313.0754263,2026-09-07T10:18:33.075426Z,8259,21,Path Control,65535,255,-2.6957620782042317
1788776313.2253082,2026-09-07T10:18:33.225308Z,8259,21,Path Control,65535,255,-2.6933283611910026
1788776313.3256497,2026-09-07T10:18:33.325649Z,8259,21,Path Control,65535,255,-2.7041323405221434
1788776313.4755135,2026-09-07T10:18:33.475513Z,8259,21,Path Control,65535,255,-2.7024643860852375
1788776313.6252723,2026-09-07T10:18:33.625272Z,8259,21,Path Control,65535,255,-2.701261355853634
1788776313.7254224,2026-09-07T10:18:33.725422Z,8259,21,Path Control,65535,255,-2.7004861961810294
1788776313.8754675,2026-09-07T10:18:33.875467Z,8259,21,Path Control,65535,255,-2.699323395233886
1788776313.975472,2026-09-07T10:18:33.975471Z,8259,21,Path Control,65535,255,-2.698554701878636
1788776314.125668,2026-09-07T10:18:34.125668Z,8259,21,Path Control,65535,255,-2.697273299088265
1788776314.2754807,2026-09-07T10:18:34.275480Z,8259,21,Path Control,65535,255,-2.695887418647207
1788776314.4254742,2026-09-07T10:18:34.425474Z,8259,21,Path Control,65535,255,-2.702507554707489
1788776314.5255828,2026-09-07T10:18:34.525582Z,8259,21,Path Control,65535,255,-2.7011736865189673
1788776314.675447,2026-09-07T10:18:34.675446Z,8259,21,Path Control,65535,255,-2.699179545482517
1788776314.825433,2026-09-07T10:18:34.825433Z,8259,21,Path Control,65535,255,-2.697035465377903
1788776314.9254422,2026-09-07T10:18:34.925442Z,8259,21,Path Control,65535,255,-2.6962176580426007
1788776315.0753407,2026-09-07T10:18:35.075340Z,8259,21,Path Control,65535,255,-2.69470076519497
1788776315.2253525,2026-09-07T10:18:35.225352Z,8259,21,Path Control,65535,255,-2.6931196264437745
1788776315.3254776,2026-09-07T10:18:35.325477Z,8259,21,Path Control,65535,255,-2.7105748912229237
1788776315.4255514,2026-09-07T10:18:35.425551Z,8259,21,Path Control,65535,255,-2.709203408863653
1788776315.5755365,2026-09-07T10:18:35.575536Z,8259,21,Path Control,65535,255,-2.7065338943808688
1788776315.6755533,2026-09-07T10:18:35.675553Z,8259,21,Path Control,65535,255,-2.7051547116848305
1788776315.8252916,2026-09-07T10:18:35.825291Z,8259,21,Path Control,65535,255,-2.7033155922445053
1788776315.9253936,2026-09-07T10:18:35.925393Z,8259,21,Path Control,65535,255,-2.7011378231775907
1788776316.0253994,2026-09-07T10:18:36.025399Z,8259,21,Path Control,65535,255,-2.6992724199869347
1788776316.1254036,2026-09-07T10:18:36.125403Z,8259,21,Path Control,65535,255,-2.697851927704965
1788776316.2754955,2026-09-07T10:18:36.275495Z,8259,21,Path Control,65535,255,-2.6957749064054557
1788776316.4252744,2026-09-07T10:18:36.425274Z,8259,21,Path Control,65535,255,-2.70105593524074
1788776316.525507,2026-09-07T10:18:36.525506Z,8259,21,Path Control,65535,255,-2.69980436789892
1788776316.6255915,2026-09-07T10:18:36.625591Z,8259,21,Path Control,65535,255,-2.6984801644960097
1788776316.7753496,2026-09-07T10:18:36.775349Z,8259,21,Path Control,65535,255,-2.696479913249672
1788776316.8754241,2026-09-07T10:18:36.875424Z,8259,21,Path Control,65535,255,-2.6947636078872663
1788776317.025474,2026-09-07T10:18:37.025474Z,8259,21,Path Control,65535,255,-2.6921175910593433
1788776317.175376,2026-09-07T10:18:37.175375Z,8259,21,Path Control,65535,255,-2.6893125577293224
1788776317.2755444,2026-09-07T10:18:37.275544Z,8259,21,Path Control,65535,255,-2.6878079244145985
1788776317.4253898,2026-09-07T10:18:37.425389Z,8259,21,Path Control,65535,255,-2.6948279999251397
1788776317.5256004,2026-09-07T10:18:37.525600Z,8259,21,Path Control,65535,255,-2.6934386722299513
1788776317.675464,2026-09-07T10:18:37.675463Z,8259,21,Path Control,65535,255,-2.6912072117685772
1788776317.8254387,2026-09-07T10:18:37.825438Z,8259,21,Path Control,65535,255,-2.6890621365444196
1788776317.9255142,2026-09-07T10:18:37.925514Z,8259,21,Path Control,65535,255,-2.687730086357595
1788776318.0754063,2026-09-07T10:18:38.075406Z,8259,21,Path Control,65535,255,-2.686253854353213
1788776318.2253542,2026-09-07T10:18:38.225354Z,8259,21,Path Control,65535,255,-2.6851620620860754
1788776318.3256254,2026-09-07T10:18:38.325625Z,8259,21,Path Control,65535,255,-2.692442430372498
1788776318.4755056,2026-09-07T10:18:38.475505Z,8259,21,Path Control,65535,255,-2.691873920023071
1788776318.6253676,2026-09-07T10:18:38.625367Z,8259,21,Path Control,65535,255,-2.691276264830341
1788776318.7254589,2026-09-07T10:18:38.725458Z,8259,21,Path Control,65535,255,-2.6913919874869086
1788776318.8754246,2026-09-07T10:18:38.875424Z,8259,21,Path Control,65535,255,-2.691159567927644
1788776318.9754422,2026-09-07T10:18:38.975442Z,8259,21,Path Control,65535,255,-2.6908683652018492
1788776319.125239,2026-09-07T10:18:39.125238Z,8259,21,Path Control,65535,255,-2.6897647018470523
1788776319.2253375,2026-09-07T10:18:39.225337Z,8259,21,Path Control,65535,255,-2.688965437348565
1788776319.3254697,2026-09-07T10:18:39.325469Z,8259,21,Path Control,65535,255,-2.6948757273008
1788776319.4754548,2026-09-07T10:18:39.475454Z,8259,21,Path Control,65535,255,-2.6941218080924485
1788776319.6253839,2026-09-07T10:18:39.625383Z,8259,21,Path Control,65535,255,-2.693621787582212
1788776319.7254128,2026-09-07T10:18:39.725412Z,8259,21,Path Control,65535,255,-2.6929192876921038
1788776319.8753772,2026-09-07T10:18:39.875377Z,8259,21,Path Control,65535,255,-2.6918657034765316
1788776319.9753804,2026-09-07T10:18:39.975380Z,8259,21,Path Control,65535,255,-2.691102669215231
1788776320.0754964,2026-09-07T10:18:40.075496Z,8259,21,Path Control,65535,255,-2.6903034789038816
1788776320.2253962,2026-09-07T10:18:40.225396Z,8259,21,Path Control,65535,255,-2.689065402660584
1788776320.325613,2026-09-07T10:18:40.325613Z,8259,21,Path Control,65535,255,-2.7017584987024494
1788776320.475354,2026-09-07T10:18:40.475353Z,8259,21,Path Control,65535,255,-2.700569084380991
1788776320.5754974,2026-09-07T10:18:40.575497Z,8259,21,Path Control,65535,255,-2.6998779346035544
1788776320.725468,2026-09-07T10:18:40.725467Z,8259,21,Path Control,65535,255,-2.6987433761589634
1788776320.875474,2026-09-07T10:18:40.875473Z,8259,21,Path Control,65535,255,-2.6971857476563925
1788776321.0253854,2026-09-07T10:18:41.025385Z,8259,21,Path Control,65535,255,-2.6953161186239063
1788776321.1753027,2026-09-07T10:18:41.175302Z,8259,21,Path Control,65535,255,-2.6941582654429372
1788776321.2754269,2026-09-07T10:18:41.275426Z,8259,21,Path Control,65535,255,-2.6935980711838714
1788776321.4253924,2026-09-07T10:18:41.425392Z,8259,21,Path Control,65535,255,-2.6998783797563117
1788776321.5255718,2026-09-07T10:18:41.525571Z,8259,21,Path Control,65535,255,-2.6989175224548987
1788776321.6755111,2026-09-07T10:18:41.675511Z,8259,21,Path Control,65535,255,-2.697610624498571
1788776321.8253622,2026-09-07T10:18:41.825362Z,8259,21,Path Control,65535,255,-2.696282516487735
1788776321.9255579,2026-09-07T10:18:41.925557Z,8259,21,Path Control,65535,255,-2.69537345450134
1788776322.075483,2026-09-07T10:18:42.075483Z,8259,21,Path Control,65535,255,-2.6936853141133748
1788776322.2253,2026-09-07T10:18:42.225300Z,8259,21,Path Control,65535,255,-2.691714201267547
1788776322.325525,2026-09-07T10:18:42.325525Z,8259,21,Path Control,65535,255,-2.701832324984681
1788776322.4754393,2026-09-07T10:18:42.475439Z,8259,21,Path Control,65535,255,-2.6996315809822296
1788776322.5754578,2026-09-07T10:18:42.575457Z,8259,21,Path Control,65535,255,-2.698266131919634
1788776322.6754596,2026-09-07T10:18:42.675459Z,8259,21,Path Control,65535,255,-2.696985716640169
1788776322.7756145,2026-09-07T10:18:42.775614Z,8259,21,Path Control,65535,255,-2.6956362927356854
1788776322.9253511,2026-09-07T10:18:42.925351Z,8259,21,Path Control,65535,255,-2.693897629428704
1788776323.075418,2026-09-07T10:18:43.075417Z,8259,21,Path Control,65535,255,-2.6915823111586894
1788776323.225236,2026-09-07T10:18:43.225235Z,8259,21,Path Control,65535,255,-2.688847199589319
1788776323.325505,2026-09-07T10:18:43.325505Z,8259,21,Path Control,65535,255,-2.6983093987248545
1788776323.4753928,2026-09-07T10:18:43.475392Z,8259,21,Path Control,65535,255,-2.695577078060256
1788776323.5754652,2026-09-07T10:18:43.575465Z,8259,21,Path Control,65535,255,-2.6938737266504984
1788776323.675477,2026-09-07T10:18:43.675477Z,8259,21,Path Control,65535,255,-2.6928388747894982
1788776323.8253021,2026-09-07T10:18:43.825302Z,8259,21,Path Control,65535,255,-2.6915036103076124
1788776323.9256263,2026-09-07T10:18:43.925626Z,8259,21,Path Control,65535,255,-2.69062827809454
1788776324.0754886,2026-09-07T10:18:44.075488Z,8259,21,Path Control,65535,255,-2.689108022671354
1788776324.2252517,2026-09-07T10:18:44.225251Z,8259,21,Path Control,65535,255,-2.6875643683543595
1788776324.325592,2026-09-07T10:18:44.325592Z,8259,21,Path Control,65535,255,-2.6930334393356365
1788776324.4754753,2026-09-07T10:18:44.475475Z,8259,21,Path Control,65535,255,-2.691244678566043
1788776324.6253781,2026-09-07T10:18:44.625378Z,8259,21,Path Control,65535,255,-2.6894734688373747
1788776324.7255673,2026-09-07T10:18:44.725567Z,8259,21,Path Control,65535,255,-2.687720221987521
1788776324.8755336,2026-09-07T10:18:44.875533Z,8259,21,Path Control,65535,255,-2.6848151629160277
1788776324.9754884,2026-09-07T10:18:44.975488Z,8259,21,Path Control,65535,255,-2.682709736967576
1788776325.1254728,2026-09-07T10:18:45.125472Z,8259,21,Path Control,65535,255,-2.6805683395641733
1788776325.275473,2026-09-07T10:18:45.275473Z,8259,21,Path Control,65535,255,-2.6792730227948622
1788776325.3754752,2026-09-07T10:18:45.375475Z,8259,21,Path Control,65535,255,-2.685852173631175
1788776325.525531,2026-09-07T10:18:45.525531Z,8259,21,Path Control,65535,255,-2.6853919541053286
1788776325.6753776,2026-09-07T10:18:45.675377Z,8259,21,Path Control,65535,255,-2.6847819823110424
1788776325.775433,2026-09-07T10:18:45.775433Z,8259,21,Path Control,65535,255,-2.684289069867828
1788776325.925535,2026-09-07T10:18:45.925534Z,8259,21,Path Control,65535,255,-2.68304918978834
1788776326.0754437,2026-09-07T10:18:46.075443Z,8259,21,Path Control,65535,255,-2.6819397337435014
1788776326.2252295,2026-09-07T10:18:46.225229Z,8259,21,Path Control,65535,255,-2.681024576839177
1788776326.325699,2026-09-07T10:18:46.325699Z,8259,21,Path Control,65535,255,-2.680779414155069
1788776326.475444,2026-09-07T10:18:46.475444Z,8259,21,Path Control,65535,255,-2.6805625457325943
1788776326.6252725,2026-09-07T10:18:46.625272Z,8259,21,Path Control,65535,255,-2.6805356788927224
1788776326.7256975,2026-09-07T10:18:46.725697Z,8259,21,Path Control,65535,255,-2.679579479522644
1788776326.8754597,2026-09-07T10:18:46.875459Z,8259,21,Path Control,65535,255,-2.6780537197809684
1788776327.1253376,2026-09-07T10:18:47.125337Z,8259,21,Path Control,65535,255,-1.2519442624141945
1788776327.2754693,2026-09-07T10:18:47.275469Z,8259,21,Path Control,65535,255,-1.2331981831620262
1788776327.4253325,2026-09-07T10:18:47.425332Z,8259,21,Path Control,65535,255,-1.209738676877369
1788776327.5255435,2026-09-07T10:18:47.525543Z,8259,21,Path Control,65535,255,-1.196561501576089
1788776327.6753907,2026-09-07T10:18:47.675390Z,8259,21,Path Control,65535,255,-1.176154838790484
1788776327.7754326,2026-09-07T10:18:47.775432Z,8259,21,Path Control,65535,255,-1.1621275423565425
1788776327.9254813,2026-09-07T10:18:47.925481Z,8259,21,Path Control,65535,255,-1.1406926103949369
1788776328.075458,2026-09-07T10:18:48.075458Z,8259,21,Path Control,65535,255,-1.1182472243051684
1788776328.2252684,2026-09-07T10:18:48.225268Z,8259,21,Path Control,65535,255,-1.0947008010056685
1788776328.3256037,2026-09-07T10:18:48.325603Z,8259,21,Path Control,65535,255,-1.0814597650378683
1788776328.4753852,2026-09-07T10:18:48.475385Z,8259,21,Path Control,65535,255,-1.0565105749197072
1788776328.625367,2026-09-07T10:18:48.625366Z,8259,21,Path Control,65535,255,-1.0307557106529228
1788776328.7254198,2026-09-07T10:18:48.725419Z,8259,21,Path Control,65535,255,-1.0132865056126446
1788776328.8754404,2026-09-07T10:18:48.875440Z,8259,21,Path Control,65535,255,-0.9862294792796724
1788776329.0252733,2026-09-07T10:18:49.025273Z,8259,21,Path Control,65535,255,-0.9582556328552008
1788776329.1255238,2026-09-07T10:18:49.125523Z,8259,21,Path Control,65535,255,-0.9395024339976947
1788776329.2754614,2026-09-07T10:18:49.275461Z,8259,21,Path Control,65535,255,-0.9102111938787125
1788776329.4253142,2026-09-07T10:18:49.425314Z,8259,21,Path Control,65535,255,-0.8899079751152783
1788776329.525491,2026-09-07T10:18:49.525490Z,8259,21,Path Control,65535,255,-0.8694899756773657
1788776329.675506,2026-09-07T10:18:49.675506Z,8259,21,Path Control,65535,255,-0.8381418356668631
1788776329.8253045,2026-09-07T10:18:49.825304Z,8259,21,Path Control,65535,255,-0.8060092166258199
1788776329.9256053,2026-09-07T10:18:49.925605Z,8259,21,Path Control,65535,255,-0.7843883494688342
1788776330.075429,2026-09-07T10:18:50.075428Z,8259,21,Path Control,65535,255,-0.7512644004985243
1788776330.225317,2026-09-07T10:18:50.225317Z,8259,21,Path Control,65535,255,-0.7174135973265713
1788776330.325484,2026-09-07T10:18:50.325484Z,8259,21,Path Control,65535,255,-0.7018597328154784
1788776330.4754384,2026-09-07T10:18:50.475438Z,8259,21,Path Control,65535,255,-0.6667626463824288
1788776330.575515,2026-09-07T10:18:50.575515Z,8259,21,Path Control,65535,255,-0.6431320627334491
1788776330.7255826,2026-09-07T10:18:50.725582Z,8259,21,Path Control,65535,255,-0.607642818406366
1788776330.8754852,2026-09-07T10:18:50.875485Z,8259,21,Path Control,65535,255,-0.5718632793454327
1788776331.0252697,2026-09-07T10:18:51.025269Z,8259,21,Path Control,65535,255,-0.5359121111837282
1788776331.1253357,2026-09-07T10:18:51.125335Z,8259,21,Path Control,65535,255,-0.5122109180644948
1788776331.2754772,2026-09-07T10:18:51.275477Z,8259,21,Path Control,65535,255,-0.4766421312931446
1788776331.4252853,2026-09-07T10:18:51.425285Z,8259,21,Path Control,65535,255,-0.43909744100482806
1788776331.5255094,2026-09-07T10:18:51.525509Z,8259,21,Path Control,65535,255,-0.41516118393394813
1788776331.6754463,2026-09-07T10:18:51.675446Z,8259,21,Path Control,65535,255,-0.37954529643103074
1788776331.8253145,2026-09-07T10:18:51.825314Z,8259,21,Path Control,65535,255,-0.3442024536051703
1788776331.9256458,2026-09-07T10:18:51.925645Z,8259,21,Path Control,65535,255,-0.32024634481795944
1788776332.0754693,2026-09-07T10:18:52.075469Z,8259,21,Path Control,65535,255,-0.28554751547746615
1788776332.225252,2026-09-07T10:18:52.225251Z,8259,21,Path Control,65535,255,-0.2518804517574977
1788776332.3256702,2026-09-07T10:18:52.325670Z,8259,21,Path Control,65535,255,-0.2254486720648623
1788776332.4754581,2026-09-07T10:18:52.475458Z,8259,21,Path Control,65535,255,-0.1932216865780394
1788776332.6253707,2026-09-07T10:18:52.625370Z,8259,21,Path Control,65535,255,-0.1617451757547776
1788776332.7254016,2026-09-07T10:18:52.725401Z,8259,21,Path Control,65535,255,-0.14115779329804534
1788776332.825481,2026-09-07T10:18:52.825480Z,8259,21,Path Control,65535,255,-0.12098255063332575
1788776332.9259167,2026-09-07T10:18:52.925916Z,8259,21,Path Control,65535,255,-0.10093043455926104
1788776333.0754964,2026-09-07T10:18:53.075496Z,8259,21,Path Control,65535,255,-0.07169508889878262
1788776333.2252815,2026-09-07T10:18:53.225281Z,8259,21,Path Control,65535,255,-0.04329830756197728
1788776333.3254495,2026-09-07T10:18:53.325449Z,8259,21,Path Control,65535,255,-0.018190659155977118
1788776333.4755697,2026-09-07T10:18:53.475569Z,8259,21,Path Control,65535,255,0.008363926358982754
1788776333.57543,2026-09-07T10:18:53.575429Z,8259,21,Path Control,65535,255,0.02548825981507652
1788776333.6754384,2026-09-07T10:18:53.675438Z,8259,21,Path Control,65535,255,0.0420860449415692
1788776333.8254004,2026-09-07T10:18:53.825400Z,8259,21,Path Control,65535,255,0.06609332595534734
1788776333.9255211,2026-09-07T10:18:53.925521Z,8259,21,Path Control,65535,255,0.08155782332279404
1788776334.0754504,2026-09-07T10:18:54.075450Z,8259,21,Path Control,65535,255,0.10391225655756464
1788776334.2252421,2026-09-07T10:18:54.225242Z,8259,21,Path Control,65535,255,0.12530880798809418
1788776334.3255453,2026-09-07T10:18:54.325545Z,8259,21,Path Control,65535,255,0.14938605262263682
1788776334.475483,2026-09-07T10:18:54.475482Z,8259,21,Path Control,65535,255,0.16947366838897082
1788776334.6253273,2026-09-07T10:18:54.625327Z,8259,21,Path Control,65535,255,0.18863826444497322
1788776334.7254207,2026-09-07T10:18:54.725420Z,8259,21,Path Control,65535,255,0.2006575663230028
1788776334.8254197,2026-09-07T10:18:54.825419Z,8259,21,Path Control,65535,255,0.21240224272529384
1788776334.9254346,2026-09-07T10:18:54.925434Z,8259,21,Path Control,65535,255,0.22361317198807773
1788776335.075495,2026-09-07T10:18:55.075495Z,8259,21,Path Control,65535,255,0.2398579325389798
1788776335.2253778,2026-09-07T10:18:55.225377Z,8259,21,Path Control,65535,255,0.25533230844403054
1788776335.3254564,2026-09-07T10:18:55.325456Z,8259,21,Path Control,65535,255,0.27426426953079897
1788776335.4755218,2026-09-07T10:18:55.475521Z,8259,21,Path Control,65535,255,0.2883470160486661
1788776335.6253722,2026-09-07T10:18:55.625372Z,8259,21,Path Control,65535,255,0.30186013588843685
1788776335.7253919,2026-09-07T10:18:55.725391Z,8259,21,Path Control,65535,255,0.31051105226330467
1788776335.8254306,2026-09-07T10:18:55.825430Z,8259,21,Path Control,65535,255,0.3188810198981259
1788776335.9255953,2026-09-07T10:18:55.925595Z,8259,21,Path Control,65535,255,0.32688438437532785
1788776336.0754235,2026-09-07T10:18:56.075423Z,8259,21,Path Control,65535,255,0.33857271527700317
1788776336.2253897,2026-09-07T10:18:56.225389Z,8259,21,Path Control,65535,255,0.34983244286869
1788776336.3254473,2026-09-07T10:18:56.325447Z,8259,21,Path Control,65535,255,0.36317425974084094
1788776336.425459,2026-09-07T10:18:56.425458Z,8259,21,Path Control,65535,255,0.3699748358528493
1788776336.575485,2026-09-07T10:18:56.575484Z,8259,21,Path Control,65535,255,0.3797521946407324
1788776336.6754916,2026-09-07T10:18:56.675491Z,8259,21,Path Control,65535,255,0.38593244503658486
1788776336.8253329,2026-09-07T10:18:56.825332Z,8259,21,Path Control,65535,255,0.39480951658478214
1788776336.9254336,2026-09-07T10:18:56.925433Z,8259,21,Path Control,65535,255,0.400609886517196
1788776337.075468,2026-09-07T10:18:57.075468Z,8259,21,Path Control,65535,255,0.40886840664846325
1788776337.2253418,2026-09-07T10:18:57.225341Z,8259,21,Path Control,65535,255,0.4166851771365855
1788776337.3254101,2026-09-07T10:18:57.325410Z,8259,21,Path Control,65535,255,0.4331308303984357
1788776337.4254212,2026-09-07T10:18:57.425421Z,8259,21,Path Control,65535,255,0.43778852214132724
1788776337.5254688,2026-09-07T10:18:57.525468Z,8259,21,Path Control,65535,255,0.4421274705969601
1788776337.6255,2026-09-07T10:18:57.625499Z,8259,21,Path Control,65535,255,0.4463417262658008
1788776337.7753901,2026-09-07T10:18:57.775390Z,8259,21,Path Control,65535,255,0.4522146745811395
1788776337.8755085,2026-09-07T10:18:57.875508Z,8259,21,Path Control,65535,255,0.45598218162254767
1788776338.0253487,2026-09-07T10:18:58.025348Z,8259,21,Path Control,65535,255,0.46135786858299954
1788776338.1254022,2026-09-07T10:18:58.125402Z,8259,21,Path Control,65535,255,0.46503987334423036
1788776338.275373,2026-09-07T10:18:58.275372Z,8259,21,Path Control,65535,255,0.4702859637007434
1788776338.3754086,2026-09-07T10:18:58.375408Z,8259,21,Path Control,65535,255,0.48123081669820733
1788776338.475419,2026-09-07T10:18:58.475419Z,8259,21,Path Control,65535,255,0.4843705216992148
1788776338.575444,2026-09-07T10:18:58.575443Z,8259,21,Path Control,65535,255,0.4873648125162361
1788776338.7254555,2026-09-07T10:18:58.725455Z,8259,21,Path Control,65535,255,0.491462158137271
1788776338.8754346,2026-09-07T10:18:58.875434Z,8259,21,Path Control,65535,255,0.49525484621704663
1788776339.02527,2026-09-07T10:18:59.025269Z,8259,21,Path Control,65535,255,0.49878142963564587
1788776339.1253543,2026-09-07T10:18:59.125354Z,8259,21,Path Control,65535,255,0.500892703575625
1788776339.2754903,2026-09-07T10:18:59.275490Z,8259,21,Path Control,65535,255,0.5039307627025169
1788776339.4253223,2026-09-07T10:18:59.425322Z,8259,21,Path Control,65535,255,0.5103002219291561
1788776339.5256145,2026-09-07T10:18:59.525614Z,8259,21,Path Control,65535,255,0.5120113434223852
1788776339.6754513,2026-09-07T10:18:59.675451Z,8259,21,Path Control,65535,255,0.5144141155186643
1788776339.8254318,2026-09-07T10:18:59.825431Z,8259,21,Path Control,65535,255,0.5166111165961096
1788776339.9254975,2026-09-07T10:18:59.925497Z,8259,21,Path Control,65535,255,0.5178859906421454
1788776340.0754697,2026-09-07T10:19:00.075469Z,8259,21,Path Control,65535,255,0.5195508000856746
1788776340.2253776,2026-09-07T10:19:00.225377Z,8259,21,Path Control,65535,255,0.5209245134405001
1788776340.3255925,2026-09-07T10:19:00.325592Z,8259,21,Path Control,65535,255,0.525395484752873
1788776340.4753826,2026-09-07T10:19:00.475382Z,8259,21,Path Control,65535,255,0.5263894534469626
1788776340.5755074,2026-09-07T10:19:00.575507Z,8259,21,Path Control,65535,255,0.5269335481003614
1788776340.725408,2026-09-07T10:19:00.725408Z,8259,21,Path Control,65535,255,0.5277124102921298
1788776340.87558,2026-09-07T10:19:00.875580Z,8259,21,Path Control,65535,255,0.5282421170071117
1788776340.9754553,2026-09-07T10:19:00.975455Z,8259,21,Path Control,65535,255,0.5284254685860037
1788776341.0754826,2026-09-07T10:19:01.075482Z,8259,21,Path Control,65535,255,0.5285045905619516
1788776341.225326,2026-09-07T10:19:01.225326Z,8259,21,Path Control,65535,255,0.5284264122319464
1788776341.3254306,2026-09-07T10:19:01.325430Z,8259,21,Path Control,65535,255,0.5295630891862191
1788776341.4754267,2026-09-07T10:19:01.475426Z,8259,21,Path Control,65535,255,0.529212714168062
1788776341.6253285,2026-09-07T10:19:01.625328Z,8259,21,Path Control,65535,255,0.5286324972343772
1788776341.725392,2026-09-07T10:19:01.725392Z,8259,21,Path Control,65535,255,0.5280662665907474
1788776341.8755455,2026-09-07T10:19:01.875545Z,8259,21,Path Control,65535,255,0.5270203963394322
1788776342.0253649,2026-09-07T10:19:02.025364Z,8259,21,Path Control,65535,255,0.5257534798111052
1788776342.175273,2026-09-07T10:19:02.175272Z,8259,21,Path Control,65535,255,0.5243493615282944
1788776342.2754853,2026-09-07T10:19:02.275485Z,8259,21,Path Control,65535,255,0.5233072867672959
1788776342.425491,2026-09-07T10:19:02.425491Z,8259,21,Path Control,65535,255,0.525157021535086
1788776342.5753064,2026-09-07T10:19:02.575306Z,8259,21,Path Control,65535,255,0.5232218802267241
1788776342.675382,2026-09-07T10:19:02.675381Z,8259,21,Path Control,65535,255,0.5218135808323698
1788776342.7755027,2026-09-07T10:19:02.775502Z,8259,21,Path Control,65535,255,0.5202992507130906
1788776342.8754594,2026-09-07T10:19:02.875459Z,8259,21,Path Control,65535,255,0.5186836000043882
1788776343.025466,2026-09-07T10:19:03.025465Z,8259,21,Path Control,65535,255,0.5160135443265463
1788776343.1753807,2026-09-07T10:19:03.175380Z,8259,21,Path Control,65535,255,0.5129640926720072
1788776343.3255384,2026-09-07T10:19:03.325538Z,8259,21,Path Control,65535,255,0.5076341309567356
1788776343.475425,2026-09-07T10:19:03.475425Z,8259,21,Path Control,65535,255,0.5039681761261852
1788776343.6253502,2026-09-07T10:19:03.625350Z,8259,21,Path Control,65535,255,0.5000827432766928
1788776343.7253785,2026-09-07T10:19:03.725378Z,8259,21,Path Control,65535,255,0.49740113806530295
1788776343.8254004,2026-09-07T10:19:03.825400Z,8259,21,Path Control,65535,255,0.4946036926921381
1788776343.9254482,2026-09-07T10:19:03.925448Z,8259,21,Path Control,65535,255,0.4917772755225295
1788776344.0753896,2026-09-07T10:19:04.075389Z,8259,21,Path Control,65535,255,0.48742568703652933
1788776344.1753778,2026-09-07T10:19:04.175377Z,8259,21,Path Control,65535,255,0.48446447073488264
1788776344.2754943,2026-09-07T10:19:04.275494Z,8259,21,Path Control,65535,255,0.4813798432178362
1788776344.425386,2026-09-07T10:19:04.425385Z,8259,21,Path Control,65535,255,0.47625638903127565
1788776344.5255926,2026-09-07T10:19:04.525592Z,8259,21,Path Control,65535,255,0.4726023639019651
1788776344.6754363,2026-09-07T10:19:04.675436Z,8259,21,Path Control,65535,255,0.46678749375151196
1788776344.7754428,2026-09-07T10:19:04.775442Z,8259,21,Path Control,65535,255,0.4626545049711921
1788776344.925462,2026-09-07T10:19:04.925462Z,8259,21,Path Control,65535,255,0.4562259734301084
1788776345.0755067,2026-09-07T10:19:05.075506Z,8259,21,Path Control,65535,255,0.44938247043773816
1788776345.225301,2026-09-07T10:19:05.225301Z,8259,21,Path Control,65535,255,0.4421386243973684
1788776345.3254008,2026-09-07T10:19:05.325400Z,8259,21,Path Control,65535,255,0.44035656868273254
1788776345.4254227,2026-09-07T10:19:05.425422Z,8259,21,Path Control,65535,255,0.435162683883593
1788776345.5255563,2026-09-07T10:19:05.525556Z,8259,21,Path Control,65535,255,0.4298414090466879
1788776345.6754282,2026-09-07T10:19:05.675428Z,8259,21,Path Control,65535,255,0.4214646396190931
1788776345.8255017,2026-09-07T10:19:05.825501Z,8259,21,Path Control,65535,255,0.41260279068630756
1788776345.9753573,2026-09-07T10:19:05.975357Z,8259,21,Path Control,65535,255,0.4033300115017865
1788776346.0755413,2026-09-07T10:19:06.075541Z,8259,21,Path Control,65535,255,0.3969033459132516
1788776346.2253,2026-09-07T10:19:06.225300Z,8259,21,Path Control,65535,255,0.3869490119744373
1788776346.3254852,2026-09-07T10:19:06.325485Z,8259,21,Path Control,65535,255,0.3788336542111215
1788776346.4754848,2026-09-07T10:19:06.475484Z,8259,21,Path Control,65535,255,0.3678258587515164
1788776346.5755792,2026-09-07T10:19:06.575579Z,8259,21,Path Control,65535,255,0.36013167029049864
1788776346.7254002,2026-09-07T10:19:06.725400Z,8259,21,Path Control,65535,255,0.3481849009118777
1788776346.8754587,2026-09-07T10:19:06.875458Z,8259,21,Path Control,65535,255,0.33585503467414013
1788776347.0253265,2026-09-07T10:19:07.025326Z,8259,21,Path Control,65535,255,0.32314865280192806
1788776347.125414,2026-09-07T10:19:07.125413Z,8259,21,Path Control,65535,255,0.3140237070541184
1788776347.275486,2026-09-07T10:19:07.275485Z,8259,21,Path Control,65535,255,0.30009315589267116
1788776347.4252882,2026-09-07T10:19:07.425288Z,8259,21,Path Control,65535,255,0.2836245693475402
1788776347.5254667,2026-09-07T10:19:07.525466Z,8259,21,Path Control,65535,255,0.27337658088303207
1788776347.6754577,2026-09-07T10:19:07.675457Z,8259,21,Path Control,65535,255,0.25754235447843765
1788776347.8252797,2026-09-07T10:19:07.825279Z,8259,21,Path Control,65535,255,0.24109385453216425
1788776347.9254763,2026-09-07T10:19:07.925476Z,8259,21,Path Control,65535,255,0.22993357654217994
1788776348.075426,2026-09-07T10:19:08.075426Z,8259,21,Path Control,65535,255,0.2124461080895934
1788776348.2252884,2026-09-07T10:19:08.225288Z,8259,21,Path Control,65535,255,0.19410985388420565
1788776348.3254967,2026-09-07T10:19:08.325496Z,8259,21,Path Control,65535,255,0.17712266671737031
1788776348.475436,2026-09-07T10:19:08.475435Z,8259,21,Path Control,65535,255,0.15739344389371324
1788776348.625282,2026-09-07T10:19:08.625282Z,8259,21,Path Control,65535,255,0.1370900870919478
1788776348.7253993,2026-09-07T10:19:08.725399Z,8259,21,Path Control,65535,255,0.12321665662412229
1788776348.8754127,2026-09-07T10:19:08.875412Z,8259,21,Path Control,65535,255,0.10186308162453839
1788776349.025455,2026-09-07T10:19:09.025454Z,8259,21,Path Control,65535,255,0.07988901335430487
1788776349.1753166,2026-09-07T10:19:09.175316Z,8259,21,Path Control,65535,255,0.057430337142331034
1788776349.275549,2026-09-07T10:19:09.275548Z,8259,21,Path Control,65535,255,0.04223478940249603
1788776349.4253042,2026-09-07T10:19:09.425304Z,8259,21,Path Control,65535,255,0.0079591053417839
1788776349.525436,2026-09-07T10:19:09.525435Z,8259,21,Path Control,65535,255,-0.007833433630135556
1788776349.675412,2026-09-07T10:19:09.675411Z,8259,21,Path Control,65535,255,-0.031584838151711425
1788776349.8253338,2026-09-07T10:19:09.825333Z,8259,21,Path Control,65535,255,-0.055435091483737875
1788776349.925433,2026-09-07T10:19:09.925432Z,8259,21,Path Control,65535,255,-0.07147589626327067
1788776350.0754392,2026-09-07T10:19:10.075439Z,8259,21,Path Control,65535,255,-0.095512518465798
1788776350.225268,2026-09-07T10:19:10.225267Z,8259,21,Path Control,65535,255,-0.11954713247828791
1788776350.3257008,2026-09-07T10:19:10.325700Z,8259,21,Path Control,65535,255,-0.14388973690928958
1788776350.4754539,2026-09-07T10:19:10.475453Z,8259,21,Path Control,65535,255,-0.16792227719762715
1788776350.575473,2026-09-07T10:19:10.575473Z,8259,21,Path Control,65535,255,-0.18379353958323974
1788776350.7253973,2026-09-07T10:19:10.725397Z,8259,21,Path Control,65535,255,-0.20698979917080618
1788776350.8754277,2026-09-07T10:19:10.875427Z,8259,21,Path Control,65535,255,-0.22963618714493805
1788776351.025369,2026-09-07T10:19:11.025368Z,8259,21,Path Control,65535,255,-0.25173175507203155
1788776351.1253736,2026-09-07T10:19:11.125373Z,8259,21,Path Control,65535,255,-0.2663421867556099
1788776351.275502,2026-09-07T10:19:11.275501Z,8259,21,Path Control,65535,255,-0.28784444712083823
1788776351.4253728,2026-09-07T10:19:11.425372Z,8259,21,Path Control,65535,255,-0.31523138981841803
1788776351.5254447,2026-09-07T10:19:11.525444Z,8259,21,Path Control,65535,255,-0.3290711674466451
1788776351.6754193,2026-09-07T10:19:11.675419Z,8259,21,Path Control,65535,255,-0.3488340981759629
1788776351.7754233,2026-09-07T10:19:11.775423Z,8259,21,Path Control,65535,255,-0.3616185645098733
1788776351.8754616,2026-09-07T10:19:11.875461Z,8259,21,Path Control,65535,255,-0.3738720406989001
1788776352.0253212,2026-09-07T10:19:12.025321Z,8259,21,Path Control,65535,255,-0.391609289167233
1788776352.1254034,2026-09-07T10:19:12.125403Z,8259,21,Path Control,65535,255,-0.40357150395737956
1788776352.2754934,2026-09-07T10:19:12.275493Z,8259,21,Path Control,65535,255,-0.41999501009559637
1788776352.4254262,2026-09-07T10:19:12.425426Z,8259,21,Path Control,65535,255,-0.43657979399294283
1788776352.525609,2026-09-07T10:19:12.525609Z,8259,21,Path Control,65535,255,-0.4472592953198177
1788776352.6754405,2026-09-07T10:19:12.675440Z,8259,21,Path Control,65535,255,-0.46199484200732405
1788776352.7754948,2026-09-07T10:19:12.775494Z,8259,21,Path Control,65535,255,-0.47105223094142035
1788776352.9255798,2026-09-07T10:19:12.925579Z,8259,21,Path Control,65535,255,-0.4829520215797954
1788776353.0754526,2026-09-07T10:19:13.075452Z,8259,21,Path Control,65535,255,-0.49371433743211274
1788776353.225314,2026-09-07T10:19:13.225313Z,8259,21,Path Control,65535,255,-0.5038504822389924
1788776353.3254926,2026-09-07T10:19:13.325492Z,8259,21,Path Control,65535,255,-0.5143296292374719
1788776353.4755027,2026-09-07T10:19:13.475502Z,8259,21,Path Control,65535,255,-0.5240228261723879
1788776353.625317,2026-09-07T10:19:13.625317Z,8259,21,Path Control,65535,255,-0.5323211309700385
1788776353.7254202,2026-09-07T10:19:13.725420Z,8259,21,Path Control,65535,255,-0.5369628749719144
1788776353.8754883,2026-09-07T10:19:13.875488Z,8259,21,Path Control,65535,255,-0.5437471641695739
1788776354.0252755,2026-09-07T10:19:14.025275Z,8259,21,Path Control,65535,255,-0.5505590467821692
1788776354.12546,2026-09-07T10:19:14.125459Z,8259,21,Path Control,65535,255,-0.5551156556663371
1788776354.2755318,2026-09-07T10:19:14.275531Z,8259,21,Path Control,65535,255,-0.560897786711791
1788776354.4253435,2026-09-07T10:19:14.425343Z,8259,21,Path Control,65535,255,-0.555835120198412
1788776354.5256407,2026-09-07T10:19:14.525640Z,8259,21,Path Control,65535,255,-0.5570624577757319
1788776354.6754336,2026-09-07T10:19:14.675433Z,8259,21,Path Control,65535,255,-0.5582543079362368
1788776354.8253405,2026-09-07T10:19:14.825340Z,8259,21,Path Control,65535,255,-0.5588605691727245
1788776354.925586,2026-09-07T10:19:14.925585Z,8259,21,Path Control,65535,255,-0.5604542295710137
1788776355.075486,2026-09-07T10:19:15.075485Z,8259,21,Path Control,65535,255,-0.5622309686849154
1788776355.2253718,2026-09-07T10:19:15.225371Z,8259,21,Path Control,65535,255,-0.5634132294396602
1788776355.3255665,2026-09-07T10:19:15.325566Z,8259,21,Path Control,65535,255,-0.5447866518594311
1788776355.4755323,2026-09-07T10:19:15.475532Z,8259,21,Path Control,65535,255,-0.5439991515950652
1788776355.6253924,2026-09-07T10:19:15.625392Z,8259,21,Path Control,65535,255,-0.5425415673030626
1788776355.725414,2026-09-07T10:19:15.725414Z,8259,21,Path Control,65535,255,-0.5414511307278104
1788776355.8754156,2026-09-07T10:19:15.875415Z,8259,21,Path Control,65535,255,-0.5396012637713017
1788776356.0253022,2026-09-07T10:19:16.025302Z,8259,21,Path Control,65535,255,-0.5375145797194226
1788776356.1254098,2026-09-07T10:19:16.125409Z,8259,21,Path Control,65535,255,-0.5356472658783649
1788776356.2755277,2026-09-07T10:19:16.275527Z,8259,21,Path Control,65535,255,-0.5321659844053969
1788776356.425276,2026-09-07T10:19:16.425276Z,8259,21,Path Control,65535,255,-0.5038947015690923
1788776356.5254562,2026-09-07T10:19:16.525456Z,8259,21,Path Control,65535,255,-0.5013837630085203
1788776356.6754854,2026-09-07T10:19:16.675485Z,8259,21,Path Control,65535,255,-0.4973385783153003
1788776356.8252933,2026-09-07T10:19:16.825293Z,8259,21,Path Control,65535,255,-0.4931748997994854
1788776356.9254713,2026-09-07T10:19:16.925471Z,8259,21,Path Control,65535,255,-0.4903867314539823
1788776357.0755227,2026-09-07T10:19:17.075522Z,8259,21,Path Control,65535,255,-0.48535228333128627
1788776357.2252533,2026-09-07T10:19:17.225253Z,8259,21,Path Control,65535,255,-0.48085109589161457
1788776357.3255272,2026-09-07T10:19:17.325527Z,8259,21,Path Control,65535,255,-0.4634908146693041
1788776357.4755085,2026-09-07T10:19:17.475508Z,8259,21,Path Control,65535,255,-0.4591364438808627
1788776357.6253016,2026-09-07T10:19:17.625301Z,8259,21,Path Control,65535,255,-0.4544165439619153
1788776357.7254307,2026-09-07T10:19:17.725430Z,8259,21,Path Control,65535,255,-0.45046623772791616
1788776357.875489,2026-09-07T10:19:17.875488Z,8259,21,Path Control,65535,255,-0.4451879141326928
1788776358.025354,2026-09-07T10:19:18.025353Z,8259,21,Path Control,65535,255,-0.4404686058722759
1788776358.1253939,2026-09-07T10:19:18.125393Z,8259,21,Path Control,65535,255,-0.4379292278533217
1788776358.275483,2026-09-07T10:19:18.275482Z,8259,21,Path Control,65535,255,-0.434190606297383
1788776358.3756511,2026-09-07T10:19:18.375651Z,8259,21,Path Control,65535,255,-0.41946451717040456
1788776358.5254369,2026-09-07T10:19:18.525436Z,8259,21,Path Control,65535,255,-0.41602796001790815
1788776358.6755033,2026-09-07T10:19:18.675503Z,8259,21,Path Control,65535,255,-0.4126104253481352
1788776358.825386,2026-09-07T10:19:18.825386Z,8259,21,Path Control,65535,255,-0.4093451203972487
1788776358.9254355,2026-09-07T10:19:18.925435Z,8259,21,Path Control,65535,255,-0.4076397283296995
1788776359.0754638,2026-09-07T10:19:19.075463Z,8259,21,Path Control,65535,255,-0.4055634514823759
1788776359.225228,2026-09-07T10:19:19.225228Z,8259,21,Path Control,65535,255,-0.40404489802006943
1788776359.325423,2026-09-07T10:19:19.325423Z,8259,21,Path Control,65535,255,-0.39141013099832217
1788776359.4755137,2026-09-07T10:19:19.475513Z,8259,21,Path Control,65535,255,-0.38943497716549536
1788776359.6254492,2026-09-07T10:19:19.625449Z,8259,21,Path Control,65535,255,-0.3872952729766781
1788776359.7753983,2026-09-07T10:19:19.775398Z,8259,21,Path Control,65535,255,-0.3853279645408385
1788776359.8755136,2026-09-07T10:19:19.875513Z,8259,21,Path Control,65535,255,-0.38434926374902256
1788776360.0253365,2026-09-07T10:19:20.025336Z,8259,21,Path Control,65535,255,-0.38325859147323393
1788776360.1253772,2026-09-07T10:19:20.125377Z,8259,21,Path Control,65535,255,-0.38318725804885306
1788776360.2754378,2026-09-07T10:19:20.275437Z,8259,21,Path Control,65535,255,-0.3831411376376689
1788776360.3754413,2026-09-07T10:19:20.375441Z,8259,21,Path Control,65535,255,-0.37750890387749386
1788776360.5255365,2026-09-07T10:19:20.525536Z,8259,21,Path Control,65535,255,-0.3774683414460758
1788776360.6753485,2026-09-07T10:19:20.675348Z,8259,21,Path Control,65535,255,-0.37739178677309504
1788776360.7753837,2026-09-07T10:19:20.775383Z,8259,21,Path Control,65535,255,-0.3773652259043293
1788776360.8755312,2026-09-07T10:19:20.875531Z,8259,21,Path Control,65535,255,-0.3778115168459235
1788776361.0252938,2026-09-07T10:19:21.025293Z,8259,21,Path Control,65535,255,-0.3790034381099391
1788776361.125355,2026-09-07T10:19:21.125355Z,8259,21,Path Control,65535,255,-0.3804745218286369
1788776361.2753813,2026-09-07T10:19:21.275381Z,8259,21,Path Control,65535,255,-0.3828408576400023
1788776361.375388,2026-09-07T10:19:21.375387Z,8259,21,Path Control,65535,255,-0.3868639304825435
1788776361.4755309,2026-09-07T10:19:21.475530Z,8259,21,Path Control,65535,255,-0.3883256717315174
1788776361.6253626,2026-09-07T10:19:21.625362Z,8259,21,Path Control,65535,255,-0.39049959338952944
1788776361.7253997,2026-09-07T10:19:21.725399Z,8259,21,Path Control,65535,255,-0.3920755934177408
1788776361.8754406,2026-09-07T10:19:21.875440Z,8259,21,Path Control,65535,255,-0.3946935606107085
1788776362.0255287,2026-09-07T10:19:22.025528Z,8259,21,Path Control,65535,255,-0.39761781137607255
1788776362.1253898,2026-09-07T10:19:22.125389Z,8259,21,Path Control,65535,255,-0.40003713831706955
1788776362.2754612,2026-09-07T10:19:22.275461Z,8259,21,Path Control,65535,255,-0.40374261394405825
1788776362.4253275,2026-09-07T10:19:22.425327Z,8259,21,Path Control,65535,255,-0.4057236181962737
1788776362.5254383,2026-09-07T10:19:22.525438Z,8259,21,Path Control,65535,255,-0.40857871803359763
1788776362.6755066,2026-09-07T10:19:22.675506Z,8259,21,Path Control,65535,255,-0.41247126019622493
1788776362.8253648,2026-09-07T10:19:22.825364Z,8259,21,Path Control,65535,255,-0.41605593179898326
1788776362.9256256,2026-09-07T10:19:22.925625Z,8259,21,Path Control,65535,255,-0.41894619789017634
1788776363.0752985,2026-09-07T10:19:23.075298Z,8259,21,Path Control,65535,255,-0.4231422123414508
1788776363.175367,2026-09-07T10:19:23.175367Z,8259,21,Path Control,65535,255,-0.425907671607504
1788776363.2754157,2026-09-07T10:19:23.275415Z,8259,21,Path Control,65535,255,-0.42847853567771643
1788776363.3754387,2026-09-07T10:19:23.375438Z,8259,21,Path Control,65535,255,-0.43512215987931935
1788776363.5255575,2026-09-07T10:19:23.525557Z,8259,21,Path Control,65535,255,-0.4393547664098811
1788776363.6754262,2026-09-07T10:19:23.675426Z,8259,21,Path Control,65535,255,-0.4437677712226489
1788776363.8253827,2026-09-07T10:19:23.825382Z,8259,21,Path Control,65535,255,-0.4482410035317578
1788776363.9254816,2026-09-07T10:19:23.925481Z,8259,21,Path Control,65535,255,-0.4509534283418661
1788776364.0756693,2026-09-07T10:19:24.075669Z,8259,21,Path Control,65535,255,-0.45516532225846357
1788776364.2252636,2026-09-07T10:19:24.225263Z,8259,21,Path Control,65535,255,-0.4592982035598818
1788776364.3254592,2026-09-07T10:19:24.325459Z,8259,21,Path Control,65535,255,-0.4627641464000305
1788776364.4754996,2026-09-07T10:19:24.475499Z,8259,21,Path Control,65535,255,-0.46574151838328137
1788776364.6252692,2026-09-07T10:19:24.625269Z,8259,21,Path Control,65535,255,-0.46859199251259254
1788776364.7253914,2026-09-07T10:19:24.725391Z,8259,21,Path Control,65535,255,-0.47103319657607723
1788776364.8755083,2026-09-07T10:19:24.875508Z,8259,21,Path Control,65535,255,-0.47432490065144245
1788776365.0253386,2026-09-07T10:19:25.025338Z,8259,21,Path Control,65535,255,-0.47741253370176046
1788776365.1255503,2026-09-07T10:19:25.125550Z,8259,21,Path Control,65535,255,-0.47936945503484774
1788776365.2754626,2026-09-07T10:19:25.275462Z,8259,21,Path Control,65535,255,-0.482494559968276
1788776365.4253702,2026-09-07T10:19:25.425370Z,8259,21,Path Control,65535,255,-0.4892877980426382
1788776365.525428,2026-09-07T10:19:25.525428Z,8259,21,Path Control,65535,255,-0.49114299362014013
1788776365.6754217,2026-09-07T10:19:25.675421Z,8259,21,Path Control,65535,255,-0.49365802019255395
1788776365.825424,2026-09-07T10:19:25.825423Z,8259,21,Path Control,65535,255,-0.49572525183907507
1788776365.925516,2026-09-07T10:19:25.925515Z,8259,21,Path Control,65535,255,-0.49674282621971455
1788776366.075389,2026-09-07T10:19:26.075388Z,8259,21,Path Control,65535,255,-0.49801691994780833
1788776366.2252703,2026-09-07T10:19:26.225270Z,8259,21,Path Control,65535,255,-0.4989786403593978
1788776366.325425,2026-09-07T10:19:26.325424Z,8259,21,Path Control,65535,255,-0.5013839012309782
1788776366.4755008,2026-09-07T10:19:26.475500Z,8259,21,Path Control,65535,255,-0.5028364986740773
1788776366.5756223,2026-09-07T10:19:26.575622Z,8259,21,Path Control,65535,255,-0.5038591837129021
1788776366.7254062,2026-09-07T10:19:26.725406Z,8259,21,Path Control,65535,255,-0.5054271159639692
1788776366.8754203,2026-09-07T10:19:26.875420Z,8259,21,Path Control,65535,255,-0.5065111015854808
1788776367.0252912,2026-09-07T10:19:27.025291Z,8259,21,Path Control,65535,255,-0.5070983729325969
1788776367.1253853,2026-09-07T10:19:27.125385Z,8259,21,Path Control,65535,255,-0.5071885586762244
1788776367.2754211,2026-09-07T10:19:27.275421Z,8259,21,Path Control,65535,255,-0.5070105368464084
1788776367.3753822,2026-09-07T10:19:27.375382Z,8259,21,Path Control,65535,255,-0.5049525730359729
1788776367.4754226,2026-09-07T10:19:27.475422Z,8259,21,Path Control,65535,255,-0.5040410271941036
1788776367.625293,2026-09-07T10:19:27.625293Z,8259,21,Path Control,65535,255,-0.5021780850709496
1788776367.7254536,2026-09-07T10:19:27.725453Z,8259,21,Path Control,65535,255,-0.5010634125088076
1788776367.8754303,2026-09-07T10:19:27.875430Z,8259,21,Path Control,65535,255,-0.4993980290693801
1788776368.0253282,2026-09-07T10:19:28.025328Z,8259,21,Path Control,65535,255,-0.49794263310193776
1788776368.1254325,2026-09-07T10:19:28.125432Z,8259,21,Path Control,65535,255,-0.4973512656846984
1788776368.275465,2026-09-07T10:19:28.275465Z,8259,21,Path Control,65535,255,-0.4963388518078711
1788776368.425362,2026-09-07T10:19:28.425362Z,8259,21,Path Control,65535,255,-0.49442290537244565
1788776368.5256188,2026-09-07T10:19:28.525618Z,8259,21,Path Control,65535,255,-0.4931156887849625
1788776368.6753504,2026-09-07T10:19:28.675350Z,8259,21,Path Control,65535,255,-0.4908865288502333
1788776368.7754455,2026-09-07T10:19:28.775445Z,8259,21,Path Control,65535,255,-0.4891474588101009
1788776368.8754725,2026-09-07T10:19:28.875472Z,8259,21,Path Control,65535,255,-0.48754089949353374
1788776369.025338,2026-09-07T10:19:29.025337Z,8259,21,Path Control,65535,255,-0.4852366459456212
1788776369.1254466,2026-09-07T10:19:29.125446Z,8259,21,Path Control,65535,255,-0.483472478870222
1788776369.2754729,2026-09-07T10:19:29.275472Z,8259,21,Path Control,65535,255,-0.4807401381100233
1788776369.4253159,2026-09-07T10:19:29.425315Z,8259,21,Path Control,65535,255,-0.4769535379822978
1788776369.5254953,2026-09-07T10:19:29.525495Z,8259,21,Path Control,65535,255,-0.4745524772375509
1788776369.6753905,2026-09-07T10:19:29.675390Z,8259,21,Path Control,65535,255,-0.47128120060137796
1788776369.8253512,2026-09-07T10:19:29.825351Z,8259,21,Path Control,65535,255,-0.46826295277870333
1788776369.925414,2026-09-07T10:19:29.925414Z,8259,21,Path Control,65535,255,-0.4666674244725281
1788776370.0754237,2026-09-07T10:19:30.075423Z,8259,21,Path Control,65535,255,-0.46450670348136686
1788776370.225305,2026-09-07T10:19:30.225305Z,8259,21,Path Control,65535,255,-0.46280883090407005
1788776370.3256333,2026-09-07T10:19:30.325633Z,8259,21,Path Control,65535,255,-0.46148661200150287
1788776370.4754114,2026-09-07T10:19:30.475411Z,8259,21,Path Control,65535,255,-0.4595275171358673
1788776370.6252718,2026-09-07T10:19:30.625271Z,8259,21,Path Control,65535,255,-0.45742269657609225
1788776370.725457,2026-09-07T10:19:30.725456Z,8259,21,Path Control,65535,255,-0.45529776453673687
1788776370.8754997,2026-09-07T10:19:30.875499Z,8259,21,Path Control,65535,255,-0.4523415053736329
1788776371.0253088,2026-09-07T10:19:31.025308Z,8259,21,Path Control,65535,255,-0.44939540274353873
1788776371.1254292,2026-09-07T10:19:31.125429Z,8259,21,Path Control,65535,255,-0.44775019296079394
1788776371.2754245,2026-09-07T10:19:31.275424Z,8259,21,Path Control,65535,255,-0.4458101520548502
1788776371.3755352,2026-09-07T10:19:31.375535Z,8259,21,Path Control,65535,255,-0.4506119948991901
1788776371.5254295,2026-09-07T10:19:31.525429Z,8259,21,Path Control,65535,255,-0.44946282461296827
1788776371.6754262,2026-09-07T10:19:31.675426Z,8259,21,Path Control,65535,255,-0.4487223671267256
1788776371.8253467,2026-09-07T10:19:31.825346Z,8259,21,Path Control,65535,255,-0.4483481505787326
1788776371.925397,2026-09-07T10:19:31.925396Z,8259,21,Path Control,65535,255,-0.44786218643523534
1788776372.075427,2026-09-07T10:19:32.075427Z,8259,21,Path Control,65535,255,-0.447149969447834
1788776372.2252886,2026-09-07T10:19:32.225288Z,8259,21,Path Control,65535,255,-0.44632163343036124
1788776372.3254402,2026-09-07T10:19:32.325440Z,8259,21,Path Control,65535,255,-0.4452761782413594
1788776372.4754653,2026-09-07T10:19:32.475465Z,8259,21,Path Control,65535,255,-0.44434366337105896
1788776372.625414,2026-09-07T10:19:32.625413Z,8259,21,Path Control,65535,255,-0.44349861756420994
1788776372.7254581,2026-09-07T10:19:32.725458Z,8259,21,Path Control,65535,255,-0.44367985381764524
1788776372.875432,2026-09-07T10:19:32.875432Z,8259,21,Path Control,65535,255,-0.4437435079781637
1788776373.0252762,2026-09-07T10:19:33.025276Z,8259,21,Path Control,65535,255,-0.4438922912120273
1788776373.125432,2026-09-07T10:19:33.125432Z,8259,21,Path Control,65535,255,-0.44403789281447165
1788776373.2754116,2026-09-07T10:19:33.275411Z,8259,21,Path Control,65535,255,-0.44440198614444654
1788776373.3754573,2026-09-07T10:19:33.375457Z,8259,21,Path Control,65535,255,-0.44541795562602193
1788776373.5255227,2026-09-07T10:19:33.525522Z,8259,21,Path Control,65535,255,-0.4456231981325628
1788776373.6754365,2026-09-07T10:19:33.675436Z,8259,21,Path Control,65535,255,-0.44611996305582635
1788776373.8253412,2026-09-07T10:19:33.825341Z,8259,21,Path Control,65535,255,-0.447027813573159
1788776373.925591,2026-09-07T10:19:33.925590Z,8259,21,Path Control,65535,255,-0.4477172731914663
1788776374.0754254,2026-09-07T10:19:34.075425Z,8259,21,Path Control,65535,255,-0.44889328871414685
1788776374.225355,2026-09-07T10:19:34.225354Z,8259,21,Path Control,65535,255,-0.4502345493922882
1788776374.3256176,2026-09-07T10:19:34.325617Z,8259,21,Path Control,65535,255,-0.454246385050776
1788776374.4754229,2026-09-07T10:19:34.475422Z,8259,21,Path Control,65535,255,-0.4560450877969621
1788776374.6253402,2026-09-07T10:19:34.625340Z,8259,21,Path Control,65535,255,-0.4581245454179426
1788776374.7254453,2026-09-07T10:19:34.725445Z,8259,21,Path Control,65535,255,-0.4590637467283986
1788776374.875462,2026-09-07T10:19:34.875462Z,8259,21,Path Control,65535,255,-0.46059204281852617
1788776375.0252964,2026-09-07T10:19:35.025296Z,8259,21,Path Control,65535,255,-0.46198697027742885
1788776375.1254454,2026-09-07T10:19:35.125445Z,8259,21,Path Control,65535,255,-0.4628717792427192
1788776375.2754533,2026-09-07T10:19:35.275453Z,8259,21,Path Control,65535,255,-0.4639850150765777
1788776375.425392,2026-09-07T10:19:35.425391Z,8259,21,Path Control,65535,255,-0.46734880205121404
1788776375.5254598,2026-09-07T10:19:35.525459Z,8259,21,Path Control,65535,255,-0.4685102303045259
1788776375.675353,2026-09-07T10:19:35.675353Z,8259,21,Path Control,65535,255,-0.47058433600908883
1788776375.775434,2026-09-07T10:19:35.775434Z,8259,21,Path Control,65535,255,-0.4722781860826999
1788776375.9255946,2026-09-07T10:19:35.925594Z,8259,21,Path Control,65535,255,-0.47403933478514426
1788776376.0754302,2026-09-07T10:19:36.075430Z,8259,21,Path Control,65535,255,-0.47542099446340597
1788776376.2252328,2026-09-07T10:19:36.225232Z,8259,21,Path Control,65535,255,-0.47662906151523454
1788776376.3254886,2026-09-07T10:19:36.325488Z,8259,21,Path Control,65535,255,-0.47980577417958614
1788776376.4753678,2026-09-07T10:19:36.475367Z,8259,21,Path Control,65535,255,-0.48116885913896856
1788776376.575392,2026-09-07T10:19:36.575392Z,8259,21,Path Control,65535,255,-0.48179007730093715
1788776376.675519,2026-09-07T10:19:36.675518Z,8259,21,Path Control,65535,255,-0.48221314734398113
1788776376.8254313,2026-09-07T10:19:36.825431Z,8259,21,Path Control,65535,255,-0.4827401081604392
1788776376.92549,2026-09-07T10:19:36.925489Z,8259,21,Path Control,65535,255,-0.48360308301640126
1788776377.0753841,2026-09-07T10:19:37.075384Z,8259,21,Path Control,65535,255,-0.4849552551921652
1788776377.225239,2026-09-07T10:19:37.225239Z,8259,21,Path Control,65535,255,-0.48656064473076877
1788776377.3254144,2026-09-07T10:19:37.325414Z,8259,21,Path Control,65535,255,-0.4945648268621587
1788776377.4754217,2026-09-07T10:19:37.475421Z,8259,21,Path Control,65535,255,-0.49607712828140077
1788776377.6254182,2026-09-07T10:19:37.625418Z,8259,21,Path Control,65535,255,-0.49727505692563323
1788776377.7755399,2026-09-07T10:19:37.775539Z,8259,21,Path Control,65535,255,-0.4980420908556665
1788776377.8754354,2026-09-07T10:19:37.875435Z,8259,21,Path Control,65535,255,-0.4986410229662561
1788776378.025308,2026-09-07T10:19:38.025307Z,8259,21,Path Control,65535,255,-0.49947953441424053
1788776378.125397,2026-09-07T10:19:38.125396Z,8259,21,Path Control,65535,255,-0.499899864753878
1788776378.2754197,2026-09-07T10:19:38.275419Z,8259,21,Path Control,65535,255,-0.5001443522821756
1788776378.4253323,2026-09-07T10:19:38.425332Z,8259,21,Path Control,65535,255,-0.5076763207144476
1788776378.5255058,2026-09-07T10:19:38.525505Z,8259,21,Path Control,65535,255,-0.507706286767617
1788776378.6754212,2026-09-07T10:19:38.675421Z,8259,21,Path Control,65535,255,-0.5081221376805248
1788776378.7755308,2026-09-07T10:19:38.775530Z,8259,21,Path Control,65535,255,-0.5086812214024856
1788776378.8755348,2026-09-07T10:19:38.875534Z,8259,21,Path Control,65535,255,-0.5091357152418025
1788776379.025419,2026-09-07T10:19:39.025418Z,8259,21,Path Control,65535,255,-0.5096869026629912
1788776379.1254432,2026-09-07T10:19:39.125443Z,8259,21,Path Control,65535,255,-0.509257753906381
1788776379.2753248,2026-09-07T10:19:39.275324Z,8259,21,Path Control,65535,255,-0.5086845046180074
1788776379.3754945,2026-09-07T10:19:39.375494Z,8259,21,Path Control,65535,255,-0.5092754930553169
1788776379.5254755,2026-09-07T10:19:39.525475Z,8259,21,Path Control,65535,255,-0.5084375379510532
1788776379.6754956,2026-09-07T10:19:39.675495Z,8259,21,Path Control,65535,255,-0.5076231720705919
1788776379.825351,2026-09-07T10:19:39.825351Z,8259,21,Path Control,65535,255,-0.5069798774497835
1788776379.9254313,2026-09-07T10:19:39.925431Z,8259,21,Path Control,65535,255,-0.5072533784862702
1788776380.0755992,2026-09-07T10:19:40.075599Z,8259,21,Path Control,65535,255,-0.5069693453483278
1788776380.2252529,2026-09-07T10:19:40.225252Z,8259,21,Path Control,65535,255,-0.50604461028969
1788776380.3254714,2026-09-07T10:19:40.325471Z,8259,21,Path Control,65535,255,-0.5059090804060724
1788776380.4753659,2026-09-07T10:19:40.475365Z,8259,21,Path Control,65535,255,-0.5039559178485923
1788776380.5754244,2026-09-07T10:19:40.575424Z,8259,21,Path Control,65535,255,-0.5025662667793909
1788776380.675496,2026-09-07T10:19:40.675496Z,8259,21,Path Control,65535,255,-0.5013206453007082
1788776380.8252718,2026-09-07T10:19:40.825271Z,8259,21,Path Control,65535,255,-0.49956812127048117
1788776380.925429,2026-09-07T10:19:40.925429Z,8259,21,Path Control,65535,255,-0.49908303800136067
1788776381.0755723,2026-09-07T10:19:41.075572Z,8259,21,Path Control,65535,255,-0.49824814708810855
1788776381.2252378,2026-09-07T10:19:41.225237Z,8259,21,Path Control,65535,255,-0.4974376655146879
1788776381.3254378,2026-09-07T10:19:41.325437Z,8259,21,Path Control,65535,255,-0.4997043720839895
1788776381.4254417,2026-09-07T10:19:41.425441Z,8259,21,Path Control,65535,255,-0.4988659484534217
1788776381.575545,2026-09-07T10:19:41.575545Z,8259,21,Path Control,65535,255,-0.49713360906094745
1788776381.725445,2026-09-07T10:19:41.725445Z,8259,21,Path Control,65535,255,-0.4959853302877646
1788776381.8754277,2026-09-07T10:19:41.875427Z,8259,21,Path Control,65535,255,-0.49513534193848385
1788776382.0254898,2026-09-07T10:19:42.025489Z,8259,21,Path Control,65535,255,-0.4944282058236656
1788776382.1754022,2026-09-07T10:19:42.175402Z,8259,21,Path Control,65535,255,-0.49353115130158676
1788776382.3256264,2026-09-07T10:19:42.325626Z,8259,21,Path Control,65535,255,-0.49215243259987285
1788776382.4754407,2026-09-07T10:19:42.475440Z,8259,21,Path Control,65535,255,-0.4957533759163896
1788776382.575449,2026-09-07T10:19:42.575448Z,8259,21,Path Control,65535,255,-0.49398760388265556
1788776382.675558,2026-09-07T10:19:42.675558Z,8259,21,Path Control,65535,255,-0.49221164535250234
1788776382.8254502,2026-09-07T10:19:42.825450Z,8259,21,Path Control,65535,255,-0.48950163928838725
1788776382.9254537,2026-09-07T10:19:42.925453Z,8259,21,Path Control,65535,255,-0.48798428351292883
1788776383.0257194,2026-09-07T10:19:43.025719Z,8259,21,Path Control,65535,255,-0.48640104652023197
1788776383.1752968,2026-09-07T10:19:43.175296Z,8259,21,Path Control,65535,255,-0.4846008847199398
1788776383.275657,2026-09-07T10:19:43.275656Z,8259,21,Path Control,65535,255,-0.4837446569612562
1788776383.4253786,2026-09-07T10:19:43.425378Z,8259,21,Path Control,65535,255,-0.49611697450012526
1788776383.5253975,2026-09-07T10:19:43.525397Z,8259,21,Path Control,65535,255,-0.4943787667087218
1788776383.6754475,2026-09-07T10:19:43.675447Z,8259,21,Path Control,65535,255,-0.492676546625412
1788776383.8254328,2026-09-07T10:19:43.825432Z,8259,21,Path Control,65535,255,-0.49162748660421696
1788776383.9753284,2026-09-07T10:19:43.975328Z,8259,21,Path Control,65535,255,-0.49087016735856476
1788776384.0755105,2026-09-07T10:19:44.075510Z,8259,21,Path Control,65535,255,-0.49000075489264694
1788776384.2253103,2026-09-07T10:19:44.225310Z,8259,21,Path Control,65535,255,-0.4885380769426606
1788776384.3254175,2026-09-07T10:19:44.325417Z,8259,21,Path Control,65535,255,-0.4897589882930905
1788776384.4254615,2026-09-07T10:19:44.425461Z,8259,21,Path Control,65535,255,-0.48890763458255987
1788776384.5755734,2026-09-07T10:19:44.575573Z,8259,21,Path Control,65535,255,-0.4875718015503712
1788776384.7254586,2026-09-07T10:19:44.725458Z,8259,21,Path Control,65535,255,-0.4858257487014911
1788776384.8754601,2026-09-07T10:19:44.875460Z,8259,21,Path Control,65535,255,-0.48379255988003395
1788776385.02551,2026-09-07T10:19:45.025510Z,8259,21,Path Control,65535,255,-0.48155204423449394
1788776385.1754143,2026-09-07T10:19:45.175414Z,8259,21,Path Control,65535,255,-0.47995620917748044
1788776385.2756102,2026-09-07T10:19:45.275610Z,8259,21,Path Control,65535,255,-0.47883909655439394
1788776385.425341,2026-09-07T10:19:45.425340Z,8259,21,Path Control,65535,255,-0.48351962068885035
1788776385.525353,2026-09-07T10:19:45.525352Z,8259,21,Path Control,65535,255,-0.482599943028418
1788776385.625377,2026-09-07T10:19:45.625376Z,8259,21,Path Control,65535,255,-0.48166523445041604
1788776385.7254055,2026-09-07T10:19:45.725405Z,8259,21,Path Control,65535,255,-0.48036878735460886
1788776385.875493,2026-09-07T10:19:45.875493Z,8259,21,Path Control,65535,255,-0.4785722917880861
1788776386.0253878,2026-09-07T10:19:46.025387Z,8259,21,Path Control,65535,255,-0.4768364943001706
1788776386.175407,2026-09-07T10:19:46.175406Z,8259,21,Path Control,65535,255,-0.4753292677370572
1788776386.2758622,2026-09-07T10:19:46.275862Z,8259,21,Path Control,65535,255,-0.47468133533778556
1788776386.4254806,2026-09-07T10:19:46.425480Z,8259,21,Path Control,65535,255,-0.48145767507463805
1788776386.575582,2026-09-07T10:19:46.575582Z,8259,21,Path Control,65535,255,-0.4812202502223805
1788776386.6756775,2026-09-07T10:19:46.675677Z,8259,21,Path Control,65535,255,-0.48057908957861745
1788776386.8252935,2026-09-07T10:19:46.825293Z,8259,21,Path Control,65535,255,-0.4793675477336181
1788776386.9254677,2026-09-07T10:19:46.925467Z,8259,21,Path Control,65535,255,-0.47805193187517236
1788776387.0755074,2026-09-07T10:19:47.075507Z,8259,21,Path Control,65535,255,-0.47629459424353127
1788776387.2254431,2026-09-07T10:19:47.225443Z,8259,21,Path Control,65535,255,-0.47465621905081934
1788776387.3254497,2026-09-07T10:19:47.325449Z,8259,21,Path Control,65535,255,-0.4796047112379353
1788776387.475445,2026-09-07T10:19:47.475445Z,8259,21,Path Control,65535,255,-0.4787112861802361
1788776387.6252854,2026-09-07T10:19:47.625285Z,8259,21,Path Control,65535,255,-0.4783310862817859
1788776387.7253807,2026-09-07T10:19:47.725380Z,8259,21,Path Control,65535,255,-0.47854388938063597
1788776387.8254445,2026-09-07T10:19:47.825444Z,8259,21,Path Control,65535,255,-0.47869689690072065
1788776387.975363,2026-09-07T10:19:47.975363Z,8259,21,Path Control,65535,255,-0.477901109882524
1788776388.0754526,2026-09-07T10:19:48.075452Z,8259,21,Path Control,65535,255,-0.47763724301947597
1788776388.2254202,2026-09-07T10:19:48.225420Z,8259,21,Path Control,65535,255,-0.47735577202561214
1788776388.3753898,2026-09-07T10:19:48.375389Z,8259,21,Path Control,65535,255,-0.4818545711893898
1788776388.5254202,2026-09-07T10:19:48.525420Z,8259,21,Path Control,65535,255,-0.48202216295166844
1788776388.6255772,2026-09-07T10:19:48.625577Z,8259,21,Path Control,65535,255,-0.48221424051788125
1788776388.775372,2026-09-07T10:19:48.775372Z,8259,21,Path Control,65535,255,-0.48227356732178017
1788776388.8754823,2026-09-07T10:19:48.875482Z,8259,21,Path Control,65535,255,-0.4823471922555588
1788776389.0252867,2026-09-07T10:19:49.025286Z,8259,21,Path Control,65535,255,-0.48247175279971116
1788776389.1253688,2026-09-07T10:19:49.125368Z,8259,21,Path Control,65535,255,-0.4824916555634169
1788776389.275736,2026-09-07T10:19:49.275736Z,8259,21,Path Control,65535,255,-0.48266543492245734
1788776389.3755858,2026-09-07T10:19:49.375585Z,8259,21,Path Control,65535,255,-0.4853654242925318
1788776389.5254028,2026-09-07T10:19:49.525402Z,8259,21,Path Control,65535,255,-0.4856420405382414
1788776389.6756015,2026-09-07T10:19:49.675601Z,8259,21,Path Control,65535,255,-0.4858937065915751
1788776389.8253355,2026-09-07T10:19:49.825335Z,8259,21,Path Control,65535,255,-0.4861283994495872
1788776389.925429,2026-09-07T10:19:49.925429Z,8259,21,Path Control,65535,255,-0.48632288670761276
1788776390.0754647,2026-09-07T10:19:50.075464Z,8259,21,Path Control,65535,255,-0.48689490429316307
1788776390.225304,2026-09-07T10:19:50.225303Z,8259,21,Path Control,65535,255,-0.4877344346281313
1788776390.3254895,2026-09-07T10:19:50.325489Z,8259,21,Path Control,65535,255,-0.4883577084419229
1788776390.4754422,2026-09-07T10:19:50.475442Z,8259,21,Path Control,65535,255,-0.4890330660392772
1788776390.57546,2026-09-07T10:19:50.575459Z,8259,21,Path Control,65535,255,-0.4895387785985143
1788776390.7253385,2026-09-07T10:19:50.725338Z,8259,21,Path Control,65535,255,-0.49062409768849063
1788776390.8754983,2026-09-07T10:19:50.875498Z,8259,21,Path Control,65535,255,-0.4917824153120445
1788776391.0252647,2026-09-07T10:19:51.025264Z,8259,21,Path Control,65535,255,-0.4928479174408549
1788776391.1254742,2026-09-07T10:19:51.125474Z,8259,21,Path Control,65535,255,-0.49311875016329626
1788776391.275421,2026-09-07T10:19:51.275420Z,8259,21,Path Control,65535,255,-0.49378557267940054
1788776391.3754828,2026-09-07T10:19:51.375482Z,8259,21,Path Control,65535,255,-0.5023609543005899
1788776391.5254169,2026-09-07T10:19:51.525416Z,8259,21,Path Control,65535,255,-0.503492909438381
1788776391.6754525,2026-09-07T10:19:51.675452Z,8259,21,Path Control,65535,255,-0.5047270412824371
1788776391.8253126,2026-09-07T10:19:51.825312Z,8259,21,Path Control,65535,255,-0.5059968087741036
1788776391.9255233,2026-09-07T10:19:51.925523Z,8259,21,Path Control,65535,255,-0.5070707845631544
1788776392.0755634,2026-09-07T10:19:52.075563Z,8259,21,Path Control,65535,255,-0.5084752632375346
1788776392.2253635,2026-09-07T10:19:52.225363Z,8259,21,Path Control,65535,255,-0.5096631818194598
1788776392.3255086,2026-09-07T10:19:52.325508Z,8259,21,Path Control,65535,255,-0.5101043690164798
1788776392.475568,2026-09-07T10:19:52.475568Z,8259,21,Path Control,65535,255,-0.5107996404616104
1788776392.625274,2026-09-07T10:19:52.625273Z,8259,21,Path Control,65535,255,-0.5113310621527076
1788776392.725389,2026-09-07T10:19:52.725389Z,8259,21,Path Control,65535,255,-0.511209411665521
1788776392.8754926,2026-09-07T10:19:52.875492Z,8259,21,Path Control,65535,255,-0.511218051380841
1788776393.0253792,2026-09-07T10:19:53.025379Z,8259,21,Path Control,65535,255,-0.5113028791131486
1788776393.12535,2026-09-07T10:19:53.125349Z,8259,21,Path Control,65535,255,-0.511078556148996
1788776393.2754529,2026-09-07T10:19:53.275452Z,8259,21,Path Control,65535,255,-0.5105780474695583
1788776393.42528,2026-09-07T10:19:53.425280Z,8259,21,Path Control,65535,255,-0.5180278417437416
1788776393.5254333,2026-09-07T10:19:53.525433Z,8259,21,Path Control,65535,255,-0.5179575436964111
1788776393.6754394,2026-09-07T10:19:53.675439Z,8259,21,Path Control,65535,255,-0.518000220234033
1788776393.7755892,2026-09-07T10:19:53.775589Z,8259,21,Path Control,65535,255,-0.5181700821581988
1788776393.9254653,2026-09-07T10:19:53.925465Z,8259,21,Path Control,65535,255,-0.5182713468250844
1788776394.0754473,2026-09-07T10:19:54.075447Z,8259,21,Path Control,65535,255,-0.518042812019439
1788776394.2252588,2026-09-07T10:19:54.225258Z,8259,21,Path Control,65535,255,-0.517488086724537
1788776394.3254516,2026-09-07T10:19:54.325451Z,8259,21,Path Control,65535,255,-0.5173623596880043
1788776394.4755344,2026-09-07T10:19:54.475534Z,8259,21,Path Control,65535,255,-0.5162090460600773
1788776394.6253703,2026-09-07T10:19:54.625370Z,8259,21,Path Control,65535,255,-0.515078325614487
1788776394.7254016,2026-09-07T10:19:54.725401Z,8259,21,Path Control,65535,255,-0.5147302516853176
1788776394.875486,2026-09-07T10:19:54.875485Z,8259,21,Path Control,65535,255,-0.5139591081042935
1788776395.025275,2026-09-07T10:19:55.025274Z,8259,21,Path Control,65535,255,-0.512956795542505
1788776395.1253905,2026-09-07T10:19:55.125390Z,8259,21,Path Control,65535,255,-0.511837146826825
1788776395.2754807,2026-09-07T10:19:55.275480Z,8259,21,Path Control,65535,255,-0.5103662540892223
1788776395.4252944,2026-09-07T10:19:55.425294Z,8259,21,Path Control,65535,255,-0.5183274046271961
1788776395.5255022,2026-09-07T10:19:55.525502Z,8259,21,Path Control,65535,255,-0.5178956364893532
1788776395.6755292,2026-09-07T10:19:55.675529Z,8259,21,Path Control,65535,255,-0.5170075292402719
1788776395.8252869,2026-09-07T10:19:55.825286Z,8259,21,Path Control,65535,255,-0.5158667753778452
1788776395.9253633,2026-09-07T10:19:55.925363Z,8259,21,Path Control,65535,255,-0.5142647485745336
1788776396.0254443,2026-09-07T10:19:56.025444Z,8259,21,Path Control,65535,255,-0.5126652241570737
1788776396.1253994,2026-09-07T10:19:56.125399Z,8259,21,Path Control,65535,255,-0.5106886474784151
1788776396.2752724,2026-09-07T10:19:56.275272Z,8259,21,Path Control,65535,255,-0.5080517737524575
1788776396.375387,2026-09-07T10:19:56.375386Z,8259,21,Path Control,65535,255,-0.5081834069317497
1788776396.5255442,2026-09-07T10:19:56.525544Z,8259,21,Path Control,65535,255,-0.5061104369496737
1788776396.6753182,2026-09-07T10:19:56.675318Z,8259,21,Path Control,65535,255,-0.503637192169192
1788776396.7753804,2026-09-07T10:19:56.775380Z,8259,21,Path Control,65535,255,-0.5016778121645159
1788776396.875434,2026-09-07T10:19:56.875433Z,8259,21,Path Control,65535,255,-0.49970776452643184
1788776397.1254835,2026-09-07T10:19:57.125483Z,8259,21,Path Control,65535,255,0.8748571263375633
1788776397.2753236,2026-09-07T10:19:57.275323Z,8259,21,Path Control,65535,255,0.8933658917298515
1788776397.3753226,2026-09-07T10:19:57.375322Z,8259,21,Path Control,65535,255,0.9066196499144857
1788776397.475334,2026-09-07T10:19:57.475333Z,8259,21,Path Control,65535,255,0.9194097739371554
1788776397.5753922,2026-09-07T10:19:57.575392Z,8259,21,Path Control,65535,255,0.9324031517583318
1788776397.7253947,2026-09-07T10:19:57.725394Z,8259,21,Path Control,65535,255,0.9521848564408824
1788776397.8254433,2026-09-07T10:19:57.825443Z,8259,21,Path Control,65535,255,0.9657710340446894
1788776397.9753916,2026-09-07T10:19:57.975391Z,8259,21,Path Control,65535,255,0.9867619969806567
1788776398.0755494,2026-09-07T10:19:58.075549Z,8259,21,Path Control,65535,255,1.00090114643696
1788776398.225307,2026-09-07T10:19:58.225306Z,8259,21,Path Control,65535,255,1.0226808718637823
1788776398.3256598,2026-09-07T10:19:58.325659Z,8259,21,Path Control,65535,255,1.0306728721149394
1788776398.475352,2026-09-07T10:19:58.475352Z,8259,21,Path Control,65535,255,1.053342812475075
1788776398.5753946,2026-09-07T10:19:58.575394Z,8259,21,Path Control,65535,255,1.0689379203239198
1788776398.6755018,2026-09-07T10:19:58.675501Z,8259,21,Path Control,65535,255,1.0847438366065054
1788776398.8256779,2026-09-07T10:19:58.825677Z,8259,21,Path Control,65535,255,1.1090643222018821
1788776398.9752865,2026-09-07T10:19:58.975286Z,8259,21,Path Control,65535,255,1.1338147611747595
1788776399.1256046,2026-09-07T10:19:59.125604Z,8259,21,Path Control,65535,255,1.15915021580808
1788776399.2753417,2026-09-07T10:19:59.275341Z,8259,21,Path Control,65535,255,1.1853005010120197
1788776399.425376,2026-09-07T10:19:59.425375Z,8259,21,Path Control,65535,255,1.209134508515143
1788776399.5254765,2026-09-07T10:19:59.525476Z,8259,21,Path Control,65535,255,1.227559140385887
1788776399.6752982,2026-09-07T10:19:59.675298Z,8259,21,Path Control,65535,255,1.2555796039339182
1788776399.825378,2026-09-07T10:19:59.825377Z,8259,21,Path Control,65535,255,1.2841302980842078
1788776399.9254687,2026-09-07T10:19:59.925468Z,8259,21,Path Control,65535,255,1.303793929162563
1788776400.0254703,2026-09-07T10:20:00.025470Z,8259,21,Path Control,65535,255,1.3237340489052158
1788776400.175365,2026-09-07T10:20:00.175364Z,8259,21,Path Control,65535,255,1.3537520925342852
1788776400.2752945,2026-09-07T10:20:00.275294Z,8259,21,Path Control,65535,255,1.3745360748986555
1788776400.3754084,2026-09-07T10:20:00.375408Z,8259,21,Path Control,65535,255,1.3875733910248966
1788776400.5254292,2026-09-07T10:20:00.525429Z,8259,21,Path Control,65535,255,1.4196141540147127
1788776400.6255317,2026-09-07T10:20:00.625531Z,8259,21,Path Control,65535,255,1.4412709065286264
1788776400.7753928,2026-09-07T10:20:00.775392Z,8259,21,Path Control,65535,255,1.47455267806867
1788776400.8754158,2026-09-07T10:20:00.875415Z,8259,21,Path Control,65535,255,1.4966191365132762
1788776401.025455,2026-09-07T10:20:01.025454Z,8259,21,Path Control,65535,255,1.529864075695566
1788776401.1753387,2026-09-07T10:20:01.175338Z,8259,21,Path Control,65535,255,1.5634855877961127
1788776401.2753644,2026-09-07T10:20:01.275364Z,8259,21,Path Control,65535,255,1.5861121739714505
1788776401.3755093,2026-09-07T10:20:01.375509Z,8259,21,Path Control,65535,255,1.6162172676968733
1788776401.5255919,2026-09-07T10:20:01.525591Z,8259,21,Path Control,65535,255,1.6503840875599594
1788776401.67544,2026-09-07T10:20:01.675440Z,8259,21,Path Control,65535,255,1.684582074519018
1788776401.8253107,2026-09-07T10:20:01.825310Z,8259,21,Path Control,65535,255,1.7186896503242033
1788776401.9253993,2026-09-07T10:20:01.925399Z,8259,21,Path Control,65535,255,1.7412436497155603
1788776402.0754228,2026-09-07T10:20:02.075422Z,8259,21,Path Control,65535,255,1.7753442937227204
1788776402.225455,2026-09-07T10:20:02.225455Z,8259,21,Path Control,65535,255,1.8094195848697134
1788776402.32552,2026-09-07T10:20:02.325520Z,8259,21,Path Control,65535,255,1.8270503242262417
1788776402.4754019,2026-09-07T10:20:02.475401Z,8259,21,Path Control,65535,255,1.859840349741652
1788776402.6253679,2026-09-07T10:20:02.625367Z,8259,21,Path Control,65535,255,1.8920439236752464
1788776402.7254126,2026-09-07T10:20:02.725412Z,8259,21,Path Control,65535,255,1.913155864779133
1788776402.8754172,2026-09-07T10:20:02.875417Z,8259,21,Path Control,65535,255,1.9443197218600614
1788776403.0254533,2026-09-07T10:20:03.025453Z,8259,21,Path Control,65535,255,1.9746801897194262
1788776403.175307,2026-09-07T10:20:03.175307Z,8259,21,Path Control,65535,255,2.0043561248370834
1788776403.275493,2026-09-07T10:20:03.275492Z,8259,21,Path Control,65535,255,2.023639485879685
1788776403.4253953,2026-09-07T10:20:03.425395Z,8259,21,Path Control,65535,255,2.0496921114785485
1788776403.5753424,2026-09-07T10:20:03.575342Z,8259,21,Path Control,65535,255,2.0768493638483356
1788776403.6754825,2026-09-07T10:20:03.675482Z,8259,21,Path Control,65535,255,2.0943120403932673
1788776403.8254461,2026-09-07T10:20:03.825446Z,8259,21,Path Control,65535,255,2.119698201431182
1788776403.9254675,2026-09-07T10:20:03.925467Z,8259,21,Path Control,65535,255,2.1362056980454556
1788776404.025479,2026-09-07T10:20:04.025479Z,8259,21,Path Control,65535,255,2.152305916175896
1788776404.175259,2026-09-07T10:20:04.175259Z,8259,21,Path Control,65535,255,2.175739526752067
1788776404.2753606,2026-09-07T10:20:04.275360Z,8259,21,Path Control,65535,255,2.1908520849303144
1788776404.4253128,2026-09-07T10:20:04.425312Z,8259,21,Path Control,65535,255,2.2165722901068596
1788776404.5752783,2026-09-07T10:20:04.575278Z,8259,21,Path Control,65535,255,2.2378392212024307
1788776404.675373,2026-09-07T10:20:04.675373Z,8259,21,Path Control,65535,255,2.2514664389537855
1788776404.8253758,2026-09-07T10:20:04.825375Z,8259,21,Path Control,65535,255,2.2711683614063536
1788776404.9254315,2026-09-07T10:20:04.925431Z,8259,21,Path Control,65535,255,2.2838281526843494
1788776405.0753465,2026-09-07T10:20:05.075346Z,8259,21,Path Control,65535,255,2.302116142664565
1788776405.2252958,2026-09-07T10:20:05.225295Z,8259,21,Path Control,65535,255,2.3195966021078736
1788776405.325442,2026-09-07T10:20:05.325442Z,8259,21,Path Control,65535,255,2.3259879910981516
1788776405.4754894,2026-09-07T10:20:05.475489Z,8259,21,Path Control,65535,255,2.342724589306789
1788776405.6254108,2026-09-07T10:20:05.625410Z,8259,21,Path Control,65535,255,2.3588660509400095
1788776405.7753837,2026-09-07T10:20:05.775383Z,8259,21,Path Control,65535,255,2.374095087687703
1788776405.9254942,2026-09-07T10:20:05.925494Z,8259,21,Path Control,65535,255,2.3883259594043253
1788776406.0753038,2026-09-07T10:20:06.075303Z,8259,21,Path Control,65535,255,2.401813066657663
1788776406.225234,2026-09-07T10:20:06.225234Z,8259,21,Path Control,65535,255,2.414633134492367
1788776406.3254137,2026-09-07T10:20:06.325413Z,8259,21,Path Control,65535,255,2.422924818766199
1788776406.4754722,2026-09-07T10:20:06.475472Z,8259,21,Path Control,65535,255,2.427136952394503
1788776406.6255853,2026-09-07T10:20:06.625585Z,8259,21,Path Control,65535,255,2.438222546353858
1788776406.775386,2026-09-07T10:20:06.775386Z,8259,21,Path Control,65535,255,2.4493207633625835
1788776406.8754642,2026-09-07T10:20:06.875464Z,8259,21,Path Control,65535,255,2.456460523290912
1788776407.0254402,2026-09-07T10:20:07.025440Z,8259,21,Path Control,65535,255,2.4667635265909222
1788776407.175254,2026-09-07T10:20:07.175254Z,8259,21,Path Control,65535,255,2.476157790548491
1788776407.275475,2026-09-07T10:20:07.275475Z,8259,21,Path Control,65535,255,2.482307863921635
1788776407.4253476,2026-09-07T10:20:07.425347Z,8259,21,Path Control,65535,255,2.49709815612509
1788776407.5255616,2026-09-07T10:20:07.525561Z,8259,21,Path Control,65535,255,2.502823722072069
1788776407.675342,2026-09-07T10:20:07.675342Z,8259,21,Path Control,65535,255,2.5110380908632512
1788776407.7755191,2026-09-07T10:20:07.775519Z,8259,21,Path Control,65535,255,2.516310749419391
1788776407.9255116,2026-09-07T10:20:07.925511Z,8259,21,Path Control,65535,255,2.523847068134521
1788776408.075405,2026-09-07T10:20:08.075404Z,8259,21,Path Control,65535,255,2.5309490294362162
1788776408.2252493,2026-09-07T10:20:08.225249Z,8259,21,Path Control,65535,255,2.5376252146469156
1788776408.3253765,2026-09-07T10:20:08.325376Z,8259,21,Path Control,65535,255,2.540789360459396
1788776408.42539,2026-09-07T10:20:08.425390Z,8259,21,Path Control,65535,255,2.5448653708630244
1788776408.5254068,2026-09-07T10:20:08.525406Z,8259,21,Path Control,65535,255,2.548701382945308
1788776408.6754766,2026-09-07T10:20:08.675476Z,8259,21,Path Control,65535,255,2.55416043580465
1788776408.825384,2026-09-07T10:20:08.825383Z,8259,21,Path Control,65535,255,2.559238252845928
1788776408.9254205,2026-09-07T10:20:08.925420Z,8259,21,Path Control,65535,255,2.5622235939662596
1788776409.0754752,2026-09-07T10:20:09.075475Z,8259,21,Path Control,65535,255,2.566553097818359
1788776409.2252262,2026-09-07T10:20:09.225226Z,8259,21,Path Control,65535,255,2.5706366586911686
1788776409.3255327,2026-09-07T10:20:09.325532Z,8259,21,Path Control,65535,255,2.5769169241512833
1788776409.475449,2026-09-07T10:20:09.475449Z,8259,21,Path Control,65535,255,2.580502010926306
1788776409.6253738,2026-09-07T10:20:09.625373Z,8259,21,Path Control,65535,255,2.583865564243924
1788776409.7254312,2026-09-07T10:20:09.725431Z,8259,21,Path Control,65535,255,2.5858949954923913
1788776409.8754153,2026-09-07T10:20:09.875415Z,8259,21,Path Control,65535,255,2.588699969647477
1788776410.0255048,2026-09-07T10:20:10.025504Z,8259,21,Path Control,65535,255,2.591214864334592
1788776410.1752355,2026-09-07T10:20:10.175235Z,8259,21,Path Control,65535,255,2.593316403932754
1788776410.275348,2026-09-07T10:20:10.275347Z,8259,21,Path Control,65535,255,2.594561564761859
1788776410.4253814,2026-09-07T10:20:10.425381Z,8259,21,Path Control,65535,255,2.5957256023560475
1788776410.5753026,2026-09-07T10:20:10.575302Z,8259,21,Path Control,65535,255,2.5971362679857886
1788776410.6754024,2026-09-07T10:20:10.675402Z,8259,21,Path Control,65535,255,2.597903537894272
1788776410.8254108,2026-09-07T10:20:10.825410Z,8259,21,Path Control,65535,255,2.5988217350101936
1788776410.9253552,2026-09-07T10:20:10.925355Z,8259,21,Path Control,65535,255,2.5993900281684943
1788776411.0253925,2026-09-07T10:20:11.025392Z,8259,21,Path Control,65535,255,2.599799082204941
1788776411.1254656,2026-09-07T10:20:11.125465Z,8259,21,Path Control,65535,255,2.6000884131621778
1788776411.2753499,2026-09-07T10:20:11.275349Z,8259,21,Path Control,65535,255,2.6002173392730916
1788776411.4254851,2026-09-07T10:20:11.425485Z,8259,21,Path Control,65535,255,2.6023098846174086
1788776411.5753577,2026-09-07T10:20:11.575357Z,8259,21,Path Control,65535,255,2.601826258439237
1788776411.7254899,2026-09-07T10:20:11.725489Z,8259,21,Path Control,65535,255,2.600724980386979
1788776411.875748,2026-09-07T10:20:11.875747Z,8259,21,Path Control,65535,255,2.599422152406023
1788776412.0255156,2026-09-07T10:20:12.025515Z,8259,21,Path Control,65535,255,2.5977793209557882
1788776412.1752684,2026-09-07T10:20:12.175268Z,8259,21,Path Control,65535,255,2.5959169741017813
1788776412.2754233,2026-09-07T10:20:12.275423Z,8259,21,Path Control,65535,255,2.594497012666703
1788776412.425384,2026-09-07T10:20:12.425384Z,8259,21,Path Control,65535,255,2.6004328412483755
1788776412.5254157,2026-09-07T10:20:12.525415Z,8259,21,Path Control,65535,255,2.598600217653268
1788776412.675365,2026-09-07T10:20:12.675364Z,8259,21,Path Control,65535,255,2.595579495820407
1788776412.775409,2026-09-07T10:20:12.775408Z,8259,21,Path Control,65535,255,2.5933717016413134
1788776412.9255188,2026-09-07T10:20:12.925518Z,8259,21,Path Control,65535,255,2.589704894723382
1788776413.0753388,2026-09-07T10:20:13.075338Z,8259,21,Path Control,65535,255,2.585743944363512
1788776413.1753178,2026-09-07T10:20:13.175317Z,8259,21,Path Control,65535,255,2.582950188579772
1788776413.3254795,2026-09-07T10:20:13.325479Z,8259,21,Path Control,65535,255,2.5844539687488006
1788776413.4753623,2026-09-07T10:20:13.475362Z,8259,21,Path Control,65535,255,2.57955821495798
1788776413.6253872,2026-09-07T10:20:13.625387Z,8259,21,Path Control,65535,255,2.5743364516541827
1788776413.7753873,2026-09-07T10:20:13.775387Z,8259,21,Path Control,65535,255,2.568810817471575
1788776413.9256628,2026-09-07T10:20:13.925662Z,8259,21,Path Control,65535,255,2.563021551831402
1788776414.0752976,2026-09-07T10:20:14.075297Z,8259,21,Path Control,65535,255,2.5569029683600477
1788776414.2252524,2026-09-07T10:20:14.225252Z,8259,21,Path Control,65535,255,2.5504173905148906
1788776414.3254976,2026-09-07T10:20:14.325497Z,8259,21,Path Control,65535,255,2.5559368336304993
1788776414.4255455,2026-09-07T10:20:14.425545Z,8259,21,Path Control,65535,255,2.5511585007649753
1788776414.5753767,2026-09-07T10:20:14.575376Z,8259,21,Path Control,65535,255,2.543470997127505
1788776414.6754284,2026-09-07T10:20:14.675428Z,8259,21,Path Control,65535,255,2.538127644330106
1788776414.8254638,2026-09-07T10:20:14.825463Z,8259,21,Path Control,65535,255,2.529772455573337
1788776414.9754348,2026-09-07T10:20:14.975434Z,8259,21,Path Control,65535,255,2.5212381822034264
1788776415.1254556,2026-09-07T10:20:15.125455Z,8259,21,Path Control,65535,255,2.5120196083502546
1788776415.2752612,2026-09-07T10:20:15.275261Z,8259,21,Path Control,65535,255,2.5022591578676376
1788776415.3753893,2026-09-07T10:20:15.375389Z,8259,21,Path Control,65535,255,2.5066689806120954
1788776415.4754548,2026-09-07T10:20:15.475454Z,8259,21,Path Control,65535,255,2.49984671044318
1788776415.5754666,2026-09-07T10:20:15.575466Z,8259,21,Path Control,65535,255,2.4928385176221486
1788776415.72537,2026-09-07T10:20:15.725369Z,8259,21,Path Control,65535,255,2.4818761692173537
1788776415.825591,2026-09-07T10:20:15.825591Z,8259,21,Path Control,65535,255,2.474350262287974
1788776415.9754145,2026-09-07T10:20:15.975414Z,8259,21,Path Control,65535,255,2.4627145810453923
1788776416.0753844,2026-09-07T10:20:16.075384Z,8259,21,Path Control,65535,255,2.454754954263218
1788776416.2252758,2026-09-07T10:20:16.225275Z,8259,21,Path Control,65535,255,2.442518442811929
1788776416.325434,2026-09-07T10:20:16.325433Z,8259,21,Path Control,65535,255,2.4397426191166387
1788776416.475344,2026-09-07T10:20:16.475343Z,8259,21,Path Control,65535,255,2.42648666501818
1788776416.5753927,2026-09-07T10:20:16.575392Z,8259,21,Path Control,65535,255,2.417326359862966
1788776416.7254357,2026-09-07T10:20:16.725435Z,8259,21,Path Control,65535,255,2.403249764180644
1788776416.8753364,2026-09-07T10:20:16.875336Z,8259,21,Path Control,65535,255,2.388662436638517
1788776417.0254922,2026-09-07T10:20:17.025492Z,8259,21,Path Control,65535,255,2.373558624117038
1788776417.1753044,2026-09-07T10:20:17.175304Z,8259,21,Path Control,65535,255,2.357459258581005
1788776417.3254876,2026-09-07T10:20:17.325487Z,8259,21,Path Control,65535,255,2.341343281934953
1788776417.4753277,2026-09-07T10:20:17.475327Z,8259,21,Path Control,65535,255,2.3241996652551906
1788776417.575404,2026-09-07T10:20:17.575403Z,8259,21,Path Control,65535,255,2.3124374318135166
1788776417.7253544,2026-09-07T10:20:17.725354Z,8259,21,Path Control,65535,255,2.2943430859607856
1788776417.8254602,2026-09-07T10:20:17.825460Z,8259,21,Path Control,65535,255,2.2820352553786187
1788776417.9254882,2026-09-07T10:20:17.925488Z,8259,21,Path Control,65535,255,2.269407983511092
1788776418.0754662,2026-09-07T10:20:18.075466Z,8259,21,Path Control,65535,255,2.24998110321136
1788776418.1754136,2026-09-07T10:20:18.175413Z,8259,21,Path Control,65535,255,2.2366574806177146
1788776418.325478,2026-09-07T10:20:18.325478Z,8259,21,Path Control,65535,255,2.2163496487580483
1788776418.4756124,2026-09-07T10:20:18.475612Z,8259,21,Path Control,65535,255,2.195783769964866
1788776418.5755377,2026-09-07T10:20:18.575537Z,8259,21,Path Control,65535,255,2.181642752161885
1788776418.7253585,2026-09-07T10:20:18.725358Z,8259,21,Path Control,65535,255,2.1599645323367533
1788776418.8253663,2026-09-07T10:20:18.825366Z,8259,21,Path Control,65535,255,2.145303480845474
1788776418.9253957,2026-09-07T10:20:18.925395Z,8259,21,Path Control,65535,255,2.130700831582053
1788776419.0755427,2026-09-07T10:20:19.075542Z,8259,21,Path Control,65535,255,2.1087738307098602
1788776419.2253342,2026-09-07T10:20:19.225334Z,8259,21,Path Control,65535,255,2.086917209184834
1788776419.3254504,2026-09-07T10:20:19.325450Z,8259,21,Path Control,65535,255,2.057336681393071
1788776419.42548,2026-09-07T10:20:19.425479Z,8259,21,Path Control,65535,255,2.0420152391262802
1788776419.575406,2026-09-07T10:20:19.575406Z,8259,21,Path Control,65535,255,2.0193647836363815
1788776419.7254,2026-09-07T10:20:19.725399Z,8259,21,Path Control,65535,255,1.9963739941143002
1788776419.8255506,2026-09-07T10:20:19.825550Z,8259,21,Path Control,65535,255,1.9810351671953252
1788776419.9753878,2026-09-07T10:20:19.975387Z,8259,21,Path Control,65535,255,1.9584907924622303
1788776420.075365,2026-09-07T10:20:20.075365Z,8259,21,Path Control,65535,255,1.9435327668988978
1788776420.225282,2026-09-07T10:20:20.225281Z,8259,21,Path Control,65535,255,1.92132032321362
1788776420.3254209,2026-09-07T10:20:20.325420Z,8259,21,Path Control,65535,255,1.8874207203737738
1788776420.4752998,2026-09-07T10:20:20.475299Z,8259,21,Path Control,65535,255,1.865267589202754
1788776420.5754635,2026-09-07T10:20:20.575463Z,8259,21,Path Control,65535,255,1.8510373405034282
1788776420.7253428,2026-09-07T10:20:20.725342Z,8259,21,Path Control,65535,255,1.8297688095183855
1788776420.8254335,2026-09-07T10:20:20.825433Z,8259,21,Path Control,65535,255,1.8158501085810093
1788776420.925423,2026-09-07T10:20:20.925422Z,8259,21,Path Control,65535,255,1.8016873292831055
1788776421.025551,2026-09-07T10:20:21.025551Z,8259,21,Path Control,65535,255,1.7879524070688142
1788776421.1255634,2026-09-07T10:20:21.125563Z,8259,21,Path Control,65535,255,1.774859022508201
1788776421.27547,2026-09-07T10:20:21.275470Z,8259,21,Path Control,65535,255,1.7562232555792816
1788776421.3754609,2026-09-07T10:20:21.375460Z,8259,21,Path Control,65535,255,1.713961095561954
1788776421.5255187,2026-09-07T10:20:21.525518Z,8259,21,Path Control,65535,255,1.6957745855823365
1788776421.675299,2026-09-07T10:20:21.675298Z,8259,21,Path Control,65535,255,1.6780311283672098
1788776421.7754664,2026-09-07T10:20:21.775466Z,8259,21,Path Control,65535,255,1.6665280811769565
1788776421.8754697,2026-09-07T10:20:21.875469Z,8259,21,Path Control,65535,255,1.655429265159101
1788776422.0253875,2026-09-07T10:20:22.025387Z,8259,21,Path Control,65535,255,1.6394453747808557
1788776422.175259,2026-09-07T10:20:22.175259Z,8259,21,Path Control,65535,255,1.6230770716670044
1788776422.275474,2026-09-07T10:20:22.275474Z,8259,21,Path Control,65535,255,1.6127510906656606
1788776422.375456,2026-09-07T10:20:22.375456Z,8259,21,Path Control,65535,255,1.5760661742099487
1788776422.5255442,2026-09-07T10:20:22.525544Z,8259,21,Path Control,65535,255,1.563746259394951
1788776422.675294,2026-09-07T10:20:22.675293Z,8259,21,Path Control,65535,255,1.5526217795185366
1788776422.7754962,2026-09-07T10:20:22.775496Z,8259,21,Path Control,65535,255,1.5457010830620086
1788776422.9254112,2026-09-07T10:20:22.925411Z,8259,21,Path Control,65535,255,1.5351317225150576
1788776423.0753777,2026-09-07T10:20:23.075377Z,8259,21,Path Control,65535,255,1.52565449632015
1788776423.2252247,2026-09-07T10:20:23.225224Z,8259,21,Path Control,65535,255,1.5174330625352772
1788776423.3256013,2026-09-07T10:20:23.325601Z,8259,21,Path Control,65535,255,1.476971323220464
1788776423.4754176,2026-09-07T10:20:23.475417Z,8259,21,Path Control,65535,255,1.4705023443597294
1788776423.5754545,2026-09-07T10:20:23.575454Z,8259,21,Path Control,65535,255,1.4665869767464137
1788776423.7254207,2026-09-07T10:20:23.725420Z,8259,21,Path Control,65535,255,1.4608291520437326
1788776423.8753557,2026-09-07T10:20:23.875355Z,8259,21,Path Control,65535,255,1.455544032280403
1788776423.9753697,2026-09-07T10:20:23.975369Z,8259,21,Path Control,65535,255,1.4523237043099797
1788776424.0754576,2026-09-07T10:20:24.075457Z,8259,21,Path Control,65535,255,1.4495295688594279
1788776424.2252712,2026-09-07T10:20:24.225271Z,8259,21,Path Control,65535,255,1.4460142989447344
1788776424.3254278,2026-09-07T10:20:24.325427Z,8259,21,Path Control,65535,255,1.4181645111043448
1788776424.4754858,2026-09-07T10:20:24.475485Z,8259,21,Path Control,65535,255,1.4171937972417292
1788776424.5754817,2026-09-07T10:20:24.575481Z,8259,21,Path Control,65535,255,1.41684619480534
1788776424.6754959,2026-09-07T10:20:24.675495Z,8259,21,Path Control,65535,255,1.4168780158882415
1788776424.8253946,2026-09-07T10:20:24.825394Z,8259,21,Path Control,65535,255,1.4173082213771977
1788776424.9254272,2026-09-07T10:20:24.925427Z,8259,21,Path Control,65535,255,1.417508573673676
1788776425.0753682,2026-09-07T10:20:25.075368Z,8259,21,Path Control,65535,255,1.418089206500788
1788776425.2252634,2026-09-07T10:20:25.225263Z,8259,21,Path Control,65535,255,1.4190178107561164
1788776425.3254385,2026-09-07T10:20:25.325438Z,8259,21,Path Control,65535,255,1.402011351841593
1788776425.425458,2026-09-07T10:20:25.425457Z,8259,21,Path Control,65535,255,1.4036629527341502
1788776425.5255804,2026-09-07T10:20:25.525580Z,8259,21,Path Control,65535,255,1.4054465504884015
1788776425.6753857,2026-09-07T10:20:25.675385Z,8259,21,Path Control,65535,255,1.4087447875254613
1788776425.775433,2026-09-07T10:20:25.775433Z,8259,21,Path Control,65535,255,1.4112790860052327
1788776425.9254384,2026-09-07T10:20:25.925438Z,8259,21,Path Control,65535,255,1.4157784548517942
1788776426.0753844,2026-09-07T10:20:26.075384Z,8259,21,Path Control,65535,255,1.4207170897383037
1788776426.2253134,2026-09-07T10:20:26.225313Z,8259,21,Path Control,65535,255,1.4259617659220185
1788776426.3255162,2026-09-07T10:20:26.325516Z,8259,21,Path Control,65535,255,1.4137190734802467
1788776426.4753993,2026-09-07T10:20:26.475399Z,8259,21,Path Control,65535,255,1.4191437394921034
1788776426.6254265,2026-09-07T10:20:26.625426Z,8259,21,Path Control,65535,255,1.4247544949395403
1788776426.7254112,2026-09-07T10:20:26.725411Z,8259,21,Path Control,65535,255,1.4286834279612517
1788776426.8254676,2026-09-07T10:20:26.825467Z,8259,21,Path Control,65535,255,1.4327383474890367
1788776426.9753296,2026-09-07T10:20:26.975329Z,8259,21,Path Control,65535,255,1.4391608712033677
1788776427.1253333,2026-09-07T10:20:27.125333Z,8259,21,Path Control,65535,255,1.4458909901045136
1788776427.2754245,2026-09-07T10:20:27.275424Z,8259,21,Path Control,65535,255,1.4526503047394508
1788776427.425516,2026-09-07T10:20:27.425515Z,8259,21,Path Control,65535,255,1.4507222865684593
1788776427.5255477,2026-09-07T10:20:27.525547Z,8259,21,Path Control,65535,255,1.4554132389132137
1788776427.675414,2026-09-07T10:20:27.675414Z,8259,21,Path Control,65535,255,1.462280260689868
1788776427.8254414,2026-09-07T10:20:27.825441Z,8259,21,Path Control,65535,255,1.4691401635777543
1788776427.9256227,2026-09-07T10:20:27.925622Z,8259,21,Path Control,65535,255,1.4740322531288819
1788776428.0754223,2026-09-07T10:20:28.075422Z,8259,21,Path Control,65535,255,1.4817348767972462
1788776428.2253098,2026-09-07T10:20:28.225309Z,8259,21,Path Control,65535,255,1.4898797624810165
1788776428.3254876,2026-09-07T10:20:28.325487Z,8259,21,Path Control,65535,255,1.4991115399715076
1788776428.425559,2026-09-07T10:20:28.425559Z,8259,21,Path Control,65535,255,1.504104566953487
1788776428.5754561,2026-09-07T10:20:28.575456Z,8259,21,Path Control,65535,255,1.511297453507438
1788776428.725418,2026-09-07T10:20:28.725418Z,8259,21,Path Control,65535,255,1.518172949154572
1788776428.8253973,2026-09-07T10:20:28.825397Z,8259,21,Path Control,65535,255,1.5225476310583876
1788776428.9256306,2026-09-07T10:20:28.925630Z,8259,21,Path Control,65535,255,1.5266736148216176
1788776429.0753777,2026-09-07T10:20:29.075377Z,8259,21,Path Control,65535,255,1.5327388815604108
1788776429.2254138,2026-09-07T10:20:29.225413Z,8259,21,Path Control,65535,255,1.5387903735333093
1788776429.3254576,2026-09-07T10:20:29.325457Z,8259,21,Path Control,65535,255,1.5463584288526426
1788776429.425543,2026-09-07T10:20:29.425543Z,8259,21,Path Control,65535,255,1.5505470858127643
1788776429.575429,2026-09-07T10:20:29.575428Z,8259,21,Path Control,65535,255,1.5554593503782912
1788776429.6754742,2026-09-07T10:20:29.675474Z,8259,21,Path Control,65535,255,1.5586731165844927
1788776429.7756345,2026-09-07T10:20:29.775634Z,8259,21,Path Control,65535,255,1.5614890495422982
1788776429.9254868,2026-09-07T10:20:29.925486Z,8259,21,Path Control,65535,255,1.5655603386350518
1788776430.0755467,2026-09-07T10:20:30.075546Z,8259,21,Path Control,65535,255,1.5696801257995048
1788776430.2253177,2026-09-07T10:20:30.225317Z,8259,21,Path Control,65535,255,1.5739541297428006
1788776430.325434,2026-09-07T10:20:30.325433Z,8259,21,Path Control,65535,255,1.5771136035325855
1788776430.4255846,2026-09-07T10:20:30.425584Z,8259,21,Path Control,65535,255,1.593090256281609
1788776430.5255892,2026-09-07T10:20:30.525589Z,8259,21,Path Control,65535,255,1.5957307552270708
1788776430.675388,2026-09-07T10:20:30.675388Z,8259,21,Path Control,65535,255,1.5993730378592297
1788776430.7757843,2026-09-07T10:20:30.775784Z,8259,21,Path Control,65535,255,1.6015673553056657
1788776430.9254897,2026-09-07T10:20:30.925489Z,8259,21,Path Control,65535,255,1.6047575078652987
1788776431.025677,2026-09-07T10:20:31.025676Z,8259,21,Path Control,65535,255,1.6068110352852427
1788776431.175373,2026-09-07T10:20:31.175373Z,8259,21,Path Control,65535,255,1.6098297875004854
1788776431.2756057,2026-09-07T10:20:31.275605Z,8259,21,Path Control,65535,255,1.611380820949054
1788776431.4255333,2026-09-07T10:20:31.425533Z,8259,21,Path Control,65535,255,1.6110300337944743
1788776431.5754778,2026-09-07T10:20:31.575477Z,8259,21,Path Control,65535,255,1.613106669221425
1788776431.7254124,2026-09-07T10:20:31.725412Z,8259,21,Path Control,65535,255,1.614871932975295
1788776431.8255363,2026-09-07T10:20:31.825536Z,8259,21,Path Control,65535,255,1.6165436658259789
1788776431.925521,2026-09-07T10:20:31.925520Z,8259,21,Path Control,65535,255,1.6169742289306384
1788776432.0754273,2026-09-07T10:20:32.075427Z,8259,21,Path Control,65535,255,1.61734332412609
1788776432.225235,2026-09-07T10:20:32.225234Z,8259,21,Path Control,65535,255,1.6182378845278744
1788776432.3254457,2026-09-07T10:20:32.325445Z,8259,21,Path Control,65535,255,1.618206239411236
1788776432.4254596,2026-09-07T10:20:32.425459Z,8259,21,Path Control,65535,255,1.6255691548254478
1788776432.5254674,2026-09-07T10:20:32.525467Z,8259,21,Path Control,65535,255,1.6253943643771893
1788776432.6255555,2026-09-07T10:20:32.625555Z,8259,21,Path Control,65535,255,1.625129428655372
1788776432.775377,2026-09-07T10:20:32.775377Z,8259,21,Path Control,65535,255,1.6249252878144576
1788776432.8754435,2026-09-07T10:20:32.875443Z,8259,21,Path Control,65535,255,1.6247343309425983
1788776432.9753993,2026-09-07T10:20:32.975399Z,8259,21,Path Control,65535,255,1.624100197126739
1788776433.1254618,2026-09-07T10:20:33.125461Z,8259,21,Path Control,65535,255,1.6230705516898072
1788776433.2753873,2026-09-07T10:20:33.275387Z,8259,21,Path Control,65535,255,1.621889927972804
1788776433.4253275,2026-09-07T10:20:33.425327Z,8259,21,Path Control,65535,255,1.6238115711172363
1788776433.525614,2026-09-07T10:20:33.525614Z,8259,21,Path Control,65535,255,1.6223513611872016
1788776433.6753426,2026-09-07T10:20:33.675342Z,8259,21,Path Control,65535,255,1.6200480225018712
1788776433.77539,2026-09-07T10:20:33.775389Z,8259,21,Path Control,65535,255,1.6184265548672798
1788776433.9255798,2026-09-07T10:20:33.925579Z,8259,21,Path Control,65535,255,1.6160249865266323
1788776434.0754006,2026-09-07T10:20:34.075400Z,8259,21,Path Control,65535,255,1.613478496865483
1788776434.2253313,2026-09-07T10:20:34.225331Z,8259,21,Path Control,65535,255,1.6111876645780787
1788776434.3255012,2026-09-07T10:20:34.325501Z,8259,21,Path Control,65535,255,1.6089722882628028
1788776434.475387,2026-09-07T10:20:34.475387Z,8259,21,Path Control,65535,255,1.603756816945071
1788776434.5753975,2026-09-07T10:20:34.575397Z,8259,21,Path Control,65535,255,1.601747285069399
1788776434.7253926,2026-09-07T10:20:34.725392Z,8259,21,Path Control,65535,255,1.5988610849910359
1788776434.8254874,2026-09-07T10:20:34.825487Z,8259,21,Path Control,65535,255,1.5969615535031483
1788776434.9256954,2026-09-07T10:20:34.925695Z,8259,21,Path Control,65535,255,1.5952512771813927
1788776435.075399,2026-09-07T10:20:35.075398Z,8259,21,Path Control,65535,255,1.5925773693545933
1788776435.22529,2026-09-07T10:20:35.225290Z,8259,21,Path Control,65535,255,1.5898917278761695
1788776435.3254287,2026-09-07T10:20:35.325428Z,8259,21,Path Control,65535,255,1.5853980458373036
1788776435.475367,2026-09-07T10:20:35.475367Z,8259,21,Path Control,65535,255,1.583071755434232
1788776435.625404,2026-09-07T10:20:35.625403Z,8259,21,Path Control,65535,255,1.5809567920965863
1788776435.7254043,2026-09-07T10:20:35.725404Z,8259,21,Path Control,65535,255,1.5793521647414086
1788776435.8254218,2026-09-07T10:20:35.825421Z,8259,21,Path Control,65535,255,1.577824878732557
1788776435.925678,2026-09-07T10:20:35.925678Z,8259,21,Path Control,65535,255,1.5763238539065882
1788776436.0754068,2026-09-07T10:20:36.075406Z,8259,21,Path Control,65535,255,1.5741256316617693
1788776436.2252722,2026-09-07T10:20:36.225272Z,8259,21,Path Control,65535,255,1.5714507137700933
1788776436.325546,2026-09-07T10:20:36.325546Z,8259,21,Path Control,65535,255,1.5694759342961253
1788776436.4753704,2026-09-07T10:20:36.475370Z,8259,21,Path Control,65535,255,1.5576373417477325
1788776436.625357,2026-09-07T10:20:36.625356Z,8259,21,Path Control,65535,255,1.5548278190519922
1788776436.7253993,2026-09-07T10:20:36.725399Z,8259,21,Path Control,65535,255,1.5539148238141183
1788776436.8256154,2026-09-07T10:20:36.825615Z,8259,21,Path Control,65535,255,1.55290959298637
1788776436.925621,2026-09-07T10:20:36.925621Z,8259,21,Path Control,65535,255,1.552126060365216
1788776437.0755875,2026-09-07T10:20:37.075587Z,8259,21,Path Control,65535,255,1.5509052181241862
1788776437.2253008,2026-09-07T10:20:37.225300Z,8259,21,Path Control,65535,255,1.5496788321816564
1788776437.3254263,2026-09-07T10:20:37.325426Z,8259,21,Path Control,65535,255,1.5484627239673818
1788776437.4255338,2026-09-07T10:20:37.425533Z,8259,21,Path Control,65535,255,1.550082369433153
1788776437.5754619,2026-09-07T10:20:37.575461Z,8259,21,Path Control,65535,255,1.5483354189454612
1788776437.6754956,2026-09-07T10:20:37.675495Z,8259,21,Path Control,65535,255,1.5474334330528252
1788776437.8256123,2026-09-07T10:20:37.825612Z,8259,21,Path Control,65535,255,1.5463238396743662
1788776437.975421,2026-09-07T10:20:37.975420Z,8259,21,Path Control,65535,255,1.5459610750606907
1788776438.1255126,2026-09-07T10:20:38.125512Z,8259,21,Path Control,65535,255,1.5456106088626778
1788776438.2753608,2026-09-07T10:20:38.275360Z,8259,21,Path Control,65535,255,1.5452527831201255
1788776438.3753648,2026-09-07T10:20:38.375364Z,8259,21,Path Control,65535,255,1.5501986353974067
1788776438.5253565,2026-09-07T10:20:38.525356Z,8259,21,Path Control,65535,255,1.5501894102557843
1788776438.6255186,2026-09-07T10:20:38.625518Z,8259,21,Path Control,65535,255,1.5503786663315902
1788776438.7754824,2026-09-07T10:20:38.775482Z,8259,21,Path Control,65535,255,1.550673034912086
1788776438.9254074,2026-09-07T10:20:38.925407Z,8259,21,Path Control,65535,255,1.5508103330503138
1788776439.0754626,2026-09-07T10:20:39.075462Z,8259,21,Path Control,65535,255,1.550815041181202
1788776439.225321,2026-09-07T10:20:39.225321Z,8259,21,Path Control,65535,255,1.5506564611884546
1788776439.325434,2026-09-07T10:20:39.325433Z,8259,21,Path Control,65535,255,1.5530503502454671
1788776439.4754834,2026-09-07T10:20:39.475483Z,8259,21,Path Control,65535,255,1.5530417631720732
1788776439.625355,2026-09-07T10:20:39.625355Z,8259,21,Path Control,65535,255,1.5531323447167995
1788776439.725374,2026-09-07T10:20:39.725373Z,8259,21,Path Control,65535,255,1.553856574904259
1788776439.825453,2026-09-07T10:20:39.825453Z,8259,21,Path Control,65535,255,1.554514826149041
1788776439.925462,2026-09-07T10:20:39.925462Z,8259,21,Path Control,65535,255,1.5549412556780418
1788776440.0753894,2026-09-07T10:20:40.075389Z,8259,21,Path Control,65535,255,1.5562023284787794
1788776440.2253363,2026-09-07T10:20:40.225336Z,8259,21,Path Control,65535,255,1.557968579560942
1788776440.3256311,2026-09-07T10:20:40.325631Z,8259,21,Path Control,65535,255,1.5589407805734334
1788776440.4753728,2026-09-07T10:20:40.475372Z,8259,21,Path Control,65535,255,1.560246745241033
1788776440.5753877,2026-09-07T10:20:40.575387Z,8259,21,Path Control,65535,255,1.5607565433583934
1788776440.6754036,2026-09-07T10:20:40.675403Z,8259,21,Path Control,65535,255,1.5611732772962166
1788776440.8253512,2026-09-07T10:20:40.825351Z,8259,21,Path Control,65535,255,1.56148166191768
1788776440.9256136,2026-09-07T10:20:40.925613Z,8259,21,Path Control,65535,255,1.562201196105229
1788776441.075457,2026-09-07T10:20:41.075457Z,8259,21,Path Control,65535,255,1.562993667118601
1788776441.2252314,2026-09-07T10:20:41.225231Z,8259,21,Path Control,65535,255,1.5633770629644679
1788776441.3254588,2026-09-07T10:20:41.325458Z,8259,21,Path Control,65535,255,1.5707076714436747
1788776441.475359,2026-09-07T10:20:41.475358Z,8259,21,Path Control,65535,255,1.5716670387608742
1788776441.575367,2026-09-07T10:20:41.575366Z,8259,21,Path Control,65535,255,1.572369290417604
1788776441.6755612,2026-09-07T10:20:41.675561Z,8259,21,Path Control,65535,255,1.573280625349494
1788776441.8254015,2026-09-07T10:20:41.825401Z,8259,21,Path Control,65535,255,1.5748375450032646
1788776441.9256544,2026-09-07T10:20:41.925654Z,8259,21,Path Control,65535,255,1.5757080971769886
1788776442.0753648,2026-09-07T10:20:42.075364Z,8259,21,Path Control,65535,255,1.5772243387266462
1788776442.2253416,2026-09-07T10:20:42.225341Z,8259,21,Path Control,65535,255,1.5783087051414995
1788776442.3254802,2026-09-07T10:20:42.325480Z,8259,21,Path Control,65535,255,1.5792600729512296
1788776442.4254472,2026-09-07T10:20:42.425447Z,8259,21,Path Control,65535,255,1.5745852800063
1788776442.5255952,2026-09-07T10:20:42.525595Z,8259,21,Path Control,65535,255,1.5752678821696229
1788776442.6754112,2026-09-07T10:20:42.675411Z,8259,21,Path Control,65535,255,1.5768809498618943
1788776442.825427,2026-09-07T10:20:42.825427Z,8259,21,Path Control,65535,255,1.577755090075818
1788776442.925676,2026-09-07T10:20:42.925676Z,8259,21,Path Control,65535,255,1.5788571058687102
1788776443.0754824,2026-09-07T10:20:43.075482Z,8259,21,Path Control,65535,255,1.5803144255311183
1788776443.2253215,2026-09-07T10:20:43.225321Z,8259,21,Path Control,65535,255,1.5817426524682392
1788776443.3258111,2026-09-07T10:20:43.325811Z,8259,21,Path Control,65535,255,1.5882831388714334
1788776443.4756403,2026-09-07T10:20:43.475640Z,8259,21,Path Control,65535,255,1.5894722194527537
1788776443.6254294,2026-09-07T10:20:43.625429Z,8259,21,Path Control,65535,255,1.5908076824289132
1788776443.7754061,2026-09-07T10:20:43.775406Z,8259,21,Path Control,65535,255,1.5917536112884245
1788776443.875437,2026-09-07T10:20:43.875437Z,8259,21,Path Control,65535,255,1.5923555491630577
1788776444.0255651,2026-09-07T10:20:44.025565Z,8259,21,Path Control,65535,255,1.5931961699289654
1788776444.1752696,2026-09-07T10:20:44.175269Z,8259,21,Path Control,65535,255,1.5938587054079119
1788776444.2753904,2026-09-07T10:20:44.275390Z,8259,21,Path Control,65535,255,1.593918274635664
1788776444.375621,2026-09-07T10:20:44.375621Z,8259,21,Path Control,65535,255,1.5995632497326757
1788776444.5256236,2026-09-07T10:20:44.525623Z,8259,21,Path Control,65535,255,1.599950202042453
1788776444.675492,2026-09-07T10:20:44.675492Z,8259,21,Path Control,65535,255,1.6001204693359428
1788776444.8254359,2026-09-07T10:20:44.825435Z,8259,21,Path Control,65535,255,1.599895288962766
1788776444.925582,2026-09-07T10:20:44.925581Z,8259,21,Path Control,65535,255,1.5998601948851545
1788776445.0753965,2026-09-07T10:20:45.075396Z,8259,21,Path Control,65535,255,1.5999604423947902
1788776445.2252812,2026-09-07T10:20:45.225281Z,8259,21,Path Control,65535,255,1.6002516729284348
1788776445.325711,2026-09-07T10:20:45.325711Z,8259,21,Path Control,65535,255,1.6105819273516284
1788776445.4754772,2026-09-07T10:20:45.475477Z,8259,21,Path Control,65535,255,1.6097793355437355
1788776445.6253862,2026-09-07T10:20:45.625386Z,8259,21,Path Control,65535,255,1.6092580867642106
1788776445.7754006,2026-09-07T10:20:45.775400Z,8259,21,Path Control,65535,255,1.6083901265364802
1788776445.9254148,2026-09-07T10:20:45.925414Z,8259,21,Path Control,65535,255,1.607817006275844
1788776446.075395,2026-09-07T10:20:46.075395Z,8259,21,Path Control,65535,255,1.6072940486465435
1788776446.2252886,2026-09-07T10:20:46.225288Z,8259,21,Path Control,65535,255,1.60613622692138
1788776446.3256183,2026-09-07T10:20:46.325618Z,8259,21,Path Control,65535,255,1.605444101971867
1788776446.4753172,2026-09-07T10:20:46.475317Z,8259,21,Path Control,65535,255,1.6103821593305363
1788776446.5754163,2026-09-07T10:20:46.575416Z,8259,21,Path Control,65535,255,1.6095630541331072
1788776446.6753652,2026-09-07T10:20:46.675365Z,8259,21,Path Control,65535,255,1.6086378469916784
1788776446.7753787,2026-09-07T10:20:46.775378Z,8259,21,Path Control,65535,255,1.6076770492390853
1788776446.9254484,2026-09-07T10:20:46.925448Z,8259,21,Path Control,65535,255,1.6062306303608396
1788776447.0254567,2026-09-07T10:20:47.025456Z,8259,21,Path Control,65535,255,1.605286383924505
1788776447.1753118,2026-09-07T10:20:47.175311Z,8259,21,Path Control,65535,255,1.6029889756325397
1788776447.325423,2026-09-07T10:20:47.325423Z,8259,21,Path Control,65535,255,1.6117290832281117
1788776447.4753523,2026-09-07T10:20:47.475352Z,8259,21,Path Control,65535,255,1.6103195250277
1788776447.6255038,2026-09-07T10:20:47.625503Z,8259,21,Path Control,65535,255,1.6091916700745592
1788776447.7753468,2026-09-07T10:20:47.775346Z,8259,21,Path Control,65535,255,1.6083146445677832
1788776447.8753822,2026-09-07T10:20:47.875382Z,8259,21,Path Control,65535,255,1.607593400842367
1788776448.0253923,2026-09-07T10:20:48.025392Z,8259,21,Path Control,65535,255,1.606312248663774
1788776448.125547,2026-09-07T10:20:48.125546Z,8259,21,Path Control,65535,255,1.605297338283589
1788776448.2754965,2026-09-07T10:20:48.275496Z,8259,21,Path Control,65535,255,1.6039002458368414
1788776448.3755407,2026-09-07T10:20:48.375540Z,8259,21,Path Control,65535,255,1.6010466878490992
1788776448.5254743,2026-09-07T10:20:48.525474Z,8259,21,Path Control,65535,255,1.5998890219685902
1788776448.6757736,2026-09-07T10:20:48.675773Z,8259,21,Path Control,65535,255,1.5984854918671263
1788776448.825398,2026-09-07T10:20:48.825397Z,8259,21,Path Control,65535,255,1.5968678851393567
1788776448.9254808,2026-09-07T10:20:48.925480Z,8259,21,Path Control,65535,255,1.5961386156607724
1788776449.075494,2026-09-07T10:20:49.075494Z,8259,21,Path Control,65535,255,1.5951470903870713
1788776449.2253144,2026-09-07T10:20:49.225314Z,8259,21,Path Control,65535,255,1.5943184498377547
1788776449.3256714,2026-09-07T10:20:49.325671Z,8259,21,Path Control,65535,255,1.5949960459161507
1788776449.4753907,2026-09-07T10:20:49.475390Z,8259,21,Path Control,65535,255,1.593412212426218
1788776449.625428,2026-09-07T10:20:49.625427Z,8259,21,Path Control,65535,255,1.591632861004632
1788776449.7254796,2026-09-07T10:20:49.725479Z,8259,21,Path Control,65535,255,1.5905155632150234
1788776449.8255286,2026-09-07T10:20:49.825528Z,8259,21,Path Control,65535,255,1.5893929847054766
1788776449.9256077,2026-09-07T10:20:49.925607Z,8259,21,Path Control,65535,255,1.588096549820408
1788776450.075543,2026-09-07T10:20:50.075542Z,8259,21,Path Control,65535,255,1.5862768239011265
1788776450.2252533,2026-09-07T10:20:50.225253Z,8259,21,Path Control,65535,255,1.5855272496390478
1788776450.325475,2026-09-07T10:20:50.325474Z,8259,21,Path Control,65535,255,1.5913917038799654
1788776450.4254863,2026-09-07T10:20:50.425486Z,8259,21,Path Control,65535,255,1.5907700826669593
1788776450.5255868,2026-09-07T10:20:50.525586Z,8259,21,Path Control,65535,255,1.5900700665387202
1788776450.6755295,2026-09-07T10:20:50.675529Z,8259,21,Path Control,65535,255,1.58902514897526
1788776450.7757528,2026-09-07T10:20:50.775752Z,8259,21,Path Control,65535,255,1.5883176060920916
1788776450.9254987,2026-09-07T10:20:50.925498Z,8259,21,Path Control,65535,255,1.5874337944211498
1788776451.0255418,2026-09-07T10:20:51.025541Z,8259,21,Path Control,65535,255,1.5869685544565115
1788776451.175411,2026-09-07T10:20:51.175410Z,8259,21,Path Control,65535,255,1.5866076988585527
1788776451.2755148,2026-09-07T10:20:51.275514Z,8259,21,Path Control,65535,255,1.5865006877733523
1788776451.3755808,2026-09-07T10:20:51.375580Z,8259,21,Path Control,65535,255,1.5921779195789365
1788776451.525529,2026-09-07T10:20:51.525528Z,8259,21,Path Control,65535,255,1.591682026068714
1788776451.6754415,2026-09-07T10:20:51.675441Z,8259,21,Path Control,65535,255,1.59108278943481
1788776451.8254743,2026-09-07T10:20:51.825474Z,8259,21,Path Control,65535,255,1.5906953577539193
1788776451.9255319,2026-09-07T10:20:51.925531Z,8259,21,Path Control,65535,255,1.5906639378305596
1788776452.025611,2026-09-07T10:20:52.025610Z,8259,21,Path Control,65535,255,1.5906049141229206
1788776452.175255,2026-09-07T10:20:52.175255Z,8259,21,Path Control,65535,255,1.5901618554170247
1788776452.2753558,2026-09-07T10:20:52.275355Z,8259,21,Path Control,65535,255,1.5898953524131365
1788776452.3754761,2026-09-07T10:20:52.375476Z,8259,21,Path Control,65535,255,1.5942271427917765
1788776452.475484,2026-09-07T10:20:52.475483Z,8259,21,Path Control,65535,255,1.5939605209099015
1788776452.6255403,2026-09-07T10:20:52.625540Z,8259,21,Path Control,65535,255,1.5936453088591223
1788776452.7754133,2026-09-07T10:20:52.775413Z,8259,21,Path Control,65535,255,1.5936355739467458
1788776452.925617,2026-09-07T10:20:52.925616Z,8259,21,Path Control,65535,255,1.5935059913221643
1788776453.0754793,2026-09-07T10:20:53.075479Z,8259,21,Path Control,65535,255,1.593485732284768
1788776453.225273,2026-09-07T10:20:53.225272Z,8259,21,Path Control,65535,255,1.5937460977198792
1788776453.3256314,2026-09-07T10:20:53.325631Z,8259,21,Path Control,65535,255,1.6023076474774423
1788776453.4753895,2026-09-07T10:20:53.475389Z,8259,21,Path Control,65535,255,1.602083585948451
1788776453.6254022,2026-09-07T10:20:53.625402Z,8259,21,Path Control,65535,255,1.6016192043794564
1788776453.7254164,2026-09-07T10:20:53.725416Z,8259,21,Path Control,65535,255,1.60190977002559
1788776453.825445,2026-09-07T10:20:53.825444Z,8259,21,Path Control,65535,255,1.6017835050488867
1788776453.9256177,2026-09-07T10:20:53.925617Z,8259,21,Path Control,65535,255,1.6020760505360694
1788776454.0753095,2026-09-07T10:20:54.075309Z,8259,21,Path Control,65535,255,1.60251732308483
1788776454.1753106,2026-09-07T10:20:54.175310Z,8259,21,Path Control,65535,255,1.6028290039056539
1788776454.2755673,2026-09-07T10:20:54.275567Z,8259,21,Path Control,65535,255,1.6032491078560849
1788776454.425345,2026-09-07T10:20:54.425344Z,8259,21,Path Control,65535,255,1.6044396427077956
1788776454.5256553,2026-09-07T10:20:54.525655Z,8259,21,Path Control,65535,255,1.604347566714753
1788776454.6753852,2026-09-07T10:20:54.675385Z,8259,21,Path Control,65535,255,1.6037876936275435
1788776454.8254256,2026-09-07T10:20:54.825425Z,8259,21,Path Control,65535,255,1.60271274151985
1788776454.925511,2026-09-07T10:20:54.925510Z,8259,21,Path Control,65535,255,1.6025083078909115
1788776455.0257902,2026-09-07T10:20:55.025790Z,8259,21,Path Control,65535,255,1.6021378195408167
1788776455.175294,2026-09-07T10:20:55.175293Z,8259,21,Path Control,65535,255,1.6014000741812904
1788776455.2753441,2026-09-07T10:20:55.275344Z,8259,21,Path Control,65535,255,1.600880998159474
1788776455.3754098,2026-09-07T10:20:55.375409Z,8259,21,Path Control,65535,255,1.6088552175984545
1788776455.4754393,2026-09-07T10:20:55.475439Z,8259,21,Path Control,65535,255,1.6088988958316193
1788776455.625384,2026-09-07T10:20:55.625384Z,8259,21,Path Control,65535,255,1.6087267733088824
1788776455.725584,2026-09-07T10:20:55.725584Z,8259,21,Path Control,65535,255,1.6083215327719917
1788776455.875476,2026-09-07T10:20:55.875475Z,8259,21,Path Control,65535,255,1.6079558592861694
1788776456.0253332,2026-09-07T10:20:56.025333Z,8259,21,Path Control,65535,255,1.6080261150989903
1788776456.1257424,2026-09-07T10:20:56.125742Z,8259,21,Path Control,65535,255,1.6075093281927626
1788776456.2756135,2026-09-07T10:20:56.275613Z,8259,21,Path Control,65535,255,1.6065210461208559
1788776456.4255056,2026-09-07T10:20:56.425505Z,8259,21,Path Control,65535,255,1.6077814790343326
1788776456.525514,2026-09-07T10:20:56.525513Z,8259,21,Path Control,65535,255,1.607135804039039
1788776456.6255412,2026-09-07T10:20:56.625541Z,8259,21,Path Control,65535,255,1.6065735658033922
1788776456.7753859,2026-09-07T10:20:56.775385Z,8259,21,Path Control,65535,255,1.6066977477201134
1788776456.8754811,2026-09-07T10:20:56.875481Z,8259,21,Path Control,65535,255,1.6066335250545236
1788776457.0253983,2026-09-07T10:20:57.025398Z,8259,21,Path Control,65535,255,1.6065043564342651
1788776457.1254032,2026-09-07T10:20:57.125403Z,8259,21,Path Control,65535,255,1.6060283374898099
1788776457.275408,2026-09-07T10:20:57.275408Z,8259,21,Path Control,65535,255,1.6053359595439922
1788776457.4253876,2026-09-07T10:20:57.425387Z,8259,21,Path Control,65535,255,1.5994440031379664
1788776457.5253892,2026-09-07T10:20:57.525389Z,8259,21,Path Control,65535,255,1.5987642331003276
1788776457.6255238,2026-09-07T10:20:57.625523Z,8259,21,Path Control,65535,255,1.5980375611496962
1788776457.7753024,2026-09-07T10:20:57.775302Z,8259,21,Path Control,65535,255,1.597404933289212
1788776457.8754647,2026-09-07T10:20:57.875464Z,8259,21,Path Control,65535,255,1.59668348720862
1788776458.0254915,2026-09-07T10:20:58.025491Z,8259,21,Path Control,65535,255,1.595199806030653
1788776458.1753583,2026-09-07T10:20:58.175358Z,8259,21,Path Control,65535,255,1.5940032364969992
1788776458.2756069,2026-09-07T10:20:58.275606Z,8259,21,Path Control,65535,255,1.5934311142783353
1788776458.4253502,2026-09-07T10:20:58.425350Z,8259,21,Path Control,65535,255,1.6074087503287584
1788776458.5254564,2026-09-07T10:20:58.525456Z,8259,21,Path Control,65535,255,1.6068473157870968
1788776458.6755733,2026-09-07T10:20:58.675573Z,8259,21,Path Control,65535,255,1.6064060799080395
1788776458.7756715,2026-09-07T10:20:58.775671Z,8259,21,Path Control,65535,255,1.6063747125793355
1788776458.925475,2026-09-07T10:20:58.925474Z,8259,21,Path Control,65535,255,1.606731878033246
1788776459.0255446,2026-09-07T10:20:59.025544Z,8259,21,Path Control,65535,255,1.6071275653077721
1788776459.1753097,2026-09-07T10:20:59.175309Z,8259,21,Path Control,65535,255,1.6074297798934087
1788776459.2753925,2026-09-07T10:20:59.275392Z,8259,21,Path Control,65535,255,1.6076148694753747
1788776459.3756444,2026-09-07T10:20:59.375644Z,8259,21,Path Control,65535,255,1.6229420378724202
1788776459.5254362,2026-09-07T10:20:59.525436Z,8259,21,Path Control,65535,255,1.6220613547387912
1788776459.6255112,2026-09-07T10:20:59.625511Z,8259,21,Path Control,65535,255,1.6212748748124943
1788776459.7756069,2026-09-07T10:20:59.775606Z,8259,21,Path Control,65535,255,1.620385456930763
1788776459.9254253,2026-09-07T10:20:59.925425Z,8259,21,Path Control,65535,255,1.6195291906183558
1788776460.0254993,2026-09-07T10:21:00.025499Z,8259,21,Path Control,65535,255,1.6189459708030627
1788776460.1256256,2026-09-07T10:21:00.125625Z,8259,21,Path Control,65535,255,1.6185392995200623
1788776460.2753189,2026-09-07T10:21:00.275318Z,8259,21,Path Control,65535,255,1.6177947562135477
1788776460.37558,2026-09-07T10:21:00.375580Z,8259,21,Path Control,65535,255,1.624015524328797
1788776460.5256734,2026-09-07T10:21:00.525673Z,8259,21,Path Control,65535,255,1.62287435892318
1788776460.6255906,2026-09-07T10:21:00.625590Z,8259,21,Path Control,65535,255,1.6218561021752629
1788776460.7753868,2026-09-07T10:21:00.775386Z,8259,21,Path Control,65535,255,1.620203305165696
1788776460.8754992,2026-09-07T10:21:00.875499Z,8259,21,Path Control,65535,255,1.6190655871353736
1788776461.0253654,2026-09-07T10:21:01.025365Z,8259,21,Path Control,65535,255,1.6182228630656554
1788776461.125398,2026-09-07T10:21:01.125397Z,8259,21,Path Control,65535,255,1.6175099351260513
1788776461.2754436,2026-09-07T10:21:01.275443Z,8259,21,Path Control,65535,255,1.61619982036063
1788776461.3755074,2026-09-07T10:21:01.375507Z,8259,21,Path Control,65535,255,1.6206383402390636
1788776461.525519,2026-09-07T10:21:01.525518Z,8259,21,Path Control,65535,255,1.6192032761776245
1788776461.6754127,2026-09-07T10:21:01.675412Z,8259,21,Path Control,65535,255,1.6177147425417984
1788776461.77538,2026-09-07T10:21:01.775379Z,8259,21,Path Control,65535,255,1.6162302645931184
1788776461.875395,2026-09-07T10:21:01.875395Z,8259,21,Path Control,65535,255,1.6146861443903593
1788776462.0253727,2026-09-07T10:21:02.025372Z,8259,21,Path Control,65535,255,1.612952006890639
1788776462.1254995,2026-09-07T10:21:02.125499Z,8259,21,Path Control,65535,255,1.6118628548298994
1788776462.2755427,2026-09-07T10:21:02.275542Z,8259,21,Path Control,65535,255,1.610448811632703
1788776462.425343,2026-09-07T10:21:02.425343Z,8259,21,Path Control,65535,255,1.6080783617665715
1788776462.5254114,2026-09-07T10:21:02.525411Z,8259,21,Path Control,65535,255,1.607374251238735
1788776462.6254375,2026-09-07T10:21:02.625437Z,8259,21,Path Control,65535,255,1.606739566672092
1788776462.7255797,2026-09-07T10:21:02.725579Z,8259,21,Path Control,65535,255,1.6062322006337562
1788776462.8753297,2026-09-07T10:21:02.875329Z,8259,21,Path Control,65535,255,1.6055966005144002
1788776463.025366,2026-09-07T10:21:03.025366Z,8259,21,Path Control,65535,255,1.6050504321020431
1788776463.1253726,2026-09-07T10:21:03.125372Z,8259,21,Path Control,65535,255,1.6045325387621547
1788776463.2753663,2026-09-07T10:21:03.275366Z,8259,21,Path Control,65535,255,1.6035025548139807
1788776463.3754425,2026-09-07T10:21:03.375442Z,8259,21,Path Control,65535,255,1.6041867678818453
1788776463.525378,2026-09-07T10:21:03.525377Z,8259,21,Path Control,65535,255,1.6029239054855497
1788776463.6254358,2026-09-07T10:21:03.625435Z,8259,21,Path Control,65535,255,1.6020556381634647
1788776463.775369,2026-09-07T10:21:03.775368Z,8259,21,Path Control,65535,255,1.6009581317508021
1788776463.9255137,2026-09-07T10:21:03.925513Z,8259,21,Path Control,65535,255,1.5997789227723607
1788776464.075506,2026-09-07T10:21:04.075505Z,8259,21,Path Control,65535,255,1.5984705939226178
1788776464.2253685,2026-09-07T10:21:04.225368Z,8259,21,Path Control,65535,255,1.5970625365732762
1788776464.3254068,2026-09-07T10:21:04.325406Z,8259,21,Path Control,65535,255,1.6035288338298608
1788776464.4753594,2026-09-07T10:21:04.475359Z,8259,21,Path Control,65535,255,1.6026902072639446
1788776464.6256447,2026-09-07T10:21:04.625644Z,8259,21,Path Control,65535,255,1.6020226417055974
1788776464.7755365,2026-09-07T10:21:04.775536Z,8259,21,Path Control,65535,255,1.6010272049587
1788776464.9255931,2026-09-07T10:21:04.925593Z,8259,21,Path Control,65535,255,1.599862170093938
1788776465.07552,2026-09-07T10:21:05.075520Z,8259,21,Path Control,65535,255,1.5988149791239976
1788776465.2252562,2026-09-07T10:21:05.225256Z,8259,21,Path Control,65535,255,1.5978862904176432
1788776465.3253975,2026-09-07T10:21:05.325397Z,8259,21,Path Control,65535,255,1.5997756076299945
1788776465.4754026,2026-09-07T10:21:05.475402Z,8259,21,Path Control,65535,255,1.5978709448318895
1788776465.575534,2026-09-07T10:21:05.575534Z,8259,21,Path Control,65535,255,1.5964066313981988
1788776465.7254145,2026-09-07T10:21:05.725414Z,8259,21,Path Control,65535,255,1.5945953235928592
1788776465.8754802,2026-09-07T10:21:05.875480Z,8259,21,Path Control,65535,255,1.5928929114060784
1788776466.0253747,2026-09-07T10:21:06.025374Z,8259,21,Path Control,65535,255,1.5912489718300402
1788776466.1254444,2026-09-07T10:21:06.125444Z,8259,21,Path Control,65535,255,1.589948854716885
1788776466.2754722,2026-09-07T10:21:06.275472Z,8259,21,Path Control,65535,255,1.5881763969139522
1788776466.4254267,2026-09-07T10:21:06.425426Z,8259,21,Path Control,65535,255,1.5933072621167899
1788776466.5754,2026-09-07T10:21:06.575400Z,8259,21,Path Control,65535,255,1.592568003437293
1788776466.6754394,2026-09-07T10:21:06.675439Z,8259,21,Path Control,65535,255,1.59184618297565
1788776466.775458,2026-09-07T10:21:06.775458Z,8259,21,Path Control,65535,255,1.591066205869493
1788776466.8756275,2026-09-07T10:21:06.875627Z,8259,21,Path Control,65535,255,1.5898758993513382
1788776467.0253675,2026-09-07T10:21:07.025367Z,8259,21,Path Control,65535,255,1.587948789538749
1788776467.1253762,2026-09-07T10:21:07.125376Z,8259,21,Path Control,65535,255,1.5869183423678301
1788776467.2753685,2026-09-07T10:21:07.275368Z,8259,21,Path Control,65535,255,1.5853853327153469
1788776467.3754525,2026-09-07T10:21:07.375452Z,8259,21,Path Control,65535,255,1.5898901423247942
1788776467.525419,2026-09-07T10:21:07.525418Z,8259,21,Path Control,65535,255,1.5881078985399466
1788776467.6756227,2026-09-07T10:21:07.675622Z,8259,21,Path Control,65535,255,1.5865183740756796
1788776467.8252556,2026-09-07T10:21:07.825255Z,8259,21,Path Control,65535,255,1.585178304266457
1788776467.925478,2026-09-07T10:21:07.925477Z,8259,21,Path Control,65535,255,1.5848259562733111
1788776468.075463,2026-09-07T10:21:08.075463Z,8259,21,Path Control,65535,255,1.584082003815998
1788776468.2252574,2026-09-07T10:21:08.225257Z,8259,21,Path Control,65535,255,1.5832543349952686
1788776468.3254478,2026-09-07T10:21:08.325447Z,8259,21,Path Control,65535,255,1.5817353025436873
1788776468.425519,2026-09-07T10:21:08.425518Z,8259,21,Path Control,65535,255,1.583321471591165
1788776468.5753984,2026-09-07T10:21:08.575398Z,8259,21,Path Control,65535,255,1.5817428483446039
1788776468.675561,2026-09-07T10:21:08.675560Z,8259,21,Path Control,65535,255,1.5807877973157898
1788776468.8253043,2026-09-07T10:21:08.825304Z,8259,21,Path Control,65535,255,1.5798252724655888
1788776468.925509,2026-09-07T10:21:08.925508Z,8259,21,Path Control,65535,255,1.5795323393906537
1788776469.075409,2026-09-07T10:21:09.075408Z,8259,21,Path Control,65535,255,1.5789501865770956
1788776469.2252326,2026-09-07T10:21:09.225232Z,8259,21,Path Control,65535,255,1.5782791638583806
1788776469.325479,2026-09-07T10:21:09.325479Z,8259,21,Path Control,65535,255,1.5778732224452408
1788776469.475348,2026-09-07T10:21:09.475347Z,8259,21,Path Control,65535,255,1.5761790473960762
1788776469.5753262,2026-09-07T10:21:09.575326Z,8259,21,Path Control,65535,255,1.5752155235647984
1788776469.6755042,2026-09-07T10:21:09.675504Z,8259,21,Path Control,65535,255,1.5745747341423795
1788776469.8253524,2026-09-07T10:21:09.825352Z,8259,21,Path Control,65535,255,1.5738079608966724
1788776469.9253788,2026-09-07T10:21:09.925378Z,8259,21,Path Control,65535,255,1.5735358149011558
1788776470.0755043,2026-09-07T10:21:10.075504Z,8259,21,Path Control,65535,255,1.5728335391524992
1788776470.2252958,2026-09-07T10:21:10.225295Z,8259,21,Path Control,65535,255,1.571988763497969
1788776470.3254004,2026-09-07T10:21:10.325400Z,8259,21,Path Control,65535,255,1.5682488912892267
1788776470.4753947,2026-09-07T10:21:10.475394Z,8259,21,Path Control,65535,255,1.5673243197463547
1788776470.6253002,2026-09-07T10:21:10.625300Z,8259,21,Path Control,65535,255,1.5667328660510038
1788776470.7254128,2026-09-07T10:21:10.725412Z,8259,21,Path Control,65535,255,1.5661648307320324
1788776470.875404,2026-09-07T10:21:10.875403Z,8259,21,Path Control,65535,255,1.5651954683254274
1788776471.0252705,2026-09-07T10:21:11.025270Z,8259,21,Path Control,65535,255,1.564094689086894
1788776471.12555,2026-09-07T10:21:11.125550Z,8259,21,Path Control,65535,255,1.5636258662687934
1788776471.275383,2026-09-07T10:21:11.275382Z,8259,21,Path Control,65535,255,1.562942086592317
1788776471.3753836,2026-09-07T10:21:11.375383Z,8259,21,Path Control,65535,255,1.566999948044943
1788776471.4753985,2026-09-07T10:21:11.475398Z,8259,21,Path Control,65535,255,1.5667526395611537
1788776471.6253247,2026-09-07T10:21:11.625324Z,8259,21,Path Control,65535,255,1.566423612518956
1788776471.7253976,2026-09-07T10:21:11.725397Z,8259,21,Path Control,65535,255,1.5674227486636523
1788776471.875416,2026-09-07T10:21:11.875416Z,8259,21,Path Control,65535,255,1.5675104947284366
1788776472.0253496,2026-09-07T10:21:12.025349Z,8259,21,Path Control,65535,255,1.5673805737789566
1788776472.1254513,2026-09-07T10:21:12.125451Z,8259,21,Path Control,65535,255,1.5670077907194202
1788776472.2753074,2026-09-07T10:21:12.275307Z,8259,21,Path Control,65535,255,1.5665364148465615
1788776472.3753808,2026-09-07T10:21:12.375380Z,8259,21,Path Control,65535,255,1.5686776266845384
1788776472.5254025,2026-09-07T10:21:12.525402Z,8259,21,Path Control,65535,255,1.5684890561641827
1788776472.675538,2026-09-07T10:21:12.675538Z,8259,21,Path Control,65535,255,1.5684762515222284
1788776472.8253078,2026-09-07T10:21:12.825307Z,8259,21,Path Control,65535,255,1.56859197795364
1788776472.9254203,2026-09-07T10:21:12.925420Z,8259,21,Path Control,65535,255,1.5685098541392957
1788776473.075455,2026-09-07T10:21:13.075454Z,8259,21,Path Control,65535,255,1.5685701404418935
1788776473.2254195,2026-09-07T10:21:13.225419Z,8259,21,Path Control,65535,255,1.5686347536819523
1788776473.3254144,2026-09-07T10:21:13.325414Z,8259,21,Path Control,65535,255,1.5683390188265105
1788776473.475375,2026-09-07T10:21:13.475374Z,8259,21,Path Control,65535,255,1.568161807343908
1788776473.6253943,2026-09-07T10:21:13.625394Z,8259,21,Path Control,65535,255,1.5679764122643243
1788776473.7254303,2026-09-07T10:21:13.725430Z,8259,21,Path Control,65535,255,1.568361625753379
1788776473.8254383,2026-09-07T10:21:13.825438Z,8259,21,Path Control,65535,255,1.5684804576213884
1788776473.925475,2026-09-07T10:21:13.925474Z,8259,21,Path Control,65535,255,1.5687029597497133
1788776474.0753713,2026-09-07T10:21:14.075371Z,8259,21,Path Control,65535,255,1.5688251954681143
1788776474.225224,2026-09-07T10:21:14.225224Z,8259,21,Path Control,65535,255,1.568776165098272
1788776474.325585,2026-09-07T10:21:14.325584Z,8259,21,Path Control,65535,255,1.5664697267927339
1788776474.475399,2026-09-07T10:21:14.475399Z,8259,21,Path Control,65535,255,1.5663587455436807
1788776474.625375,2026-09-07T10:21:14.625375Z,8259,21,Path Control,65535,255,1.566562316162081
1788776474.725391,2026-09-07T10:21:14.725390Z,8259,21,Path Control,65535,255,1.5669264127409175
1788776474.8753917,2026-09-07T10:21:14.875391Z,8259,21,Path Control,65535,255,1.5672630125809843
1788776474.9755414,2026-09-07T10:21:14.975541Z,8259,21,Path Control,65535,255,1.5674139378629168
1788776475.1253827,2026-09-07T10:21:15.125382Z,8259,21,Path Control,65535,255,1.5677850186352185
1788776475.275373,2026-09-07T10:21:15.275372Z,8259,21,Path Control,65535,255,1.5682140608411341
1788776475.3758264,2026-09-07T10:21:15.375826Z,8259,21,Path Control,65535,255,1.5714554207308842
1788776475.5254529,2026-09-07T10:21:15.525452Z,8259,21,Path Control,65535,255,1.571812984457541
1788776475.6756907,2026-09-07T10:21:15.675690Z,8259,21,Path Control,65535,255,1.572383218133732
1788776475.8254378,2026-09-07T10:21:15.825437Z,8259,21,Path Control,65535,255,1.5731752081107209
1788776475.9754295,2026-09-07T10:21:15.975429Z,8259,21,Path Control,65535,255,1.5742685704780752
1788776476.0756826,2026-09-07T10:21:16.075682Z,8259,21,Path Control,65535,255,1.5745973768853134
1788776476.225333,2026-09-07T10:21:16.225332Z,8259,21,Path Control,65535,255,1.5749076787957226
1788776476.3255806,2026-09-07T10:21:16.325580Z,8259,21,Path Control,65535,255,1.5769162490583803
1788776476.4756968,2026-09-07T10:21:16.475696Z,8259,21,Path Control,65535,255,1.577467033381945
1788776476.625509,2026-09-07T10:21:16.625509Z,8259,21,Path Control,65535,255,1.5782409750797197
1788776476.7755492,2026-09-07T10:21:16.775549Z,8259,21,Path Control,65535,255,1.5790832729904596
1788776476.9253967,2026-09-07T10:21:16.925396Z,8259,21,Path Control,65535,255,1.5797200798912052
1788776477.0254261,2026-09-07T10:21:17.025426Z,8259,21,Path Control,65535,255,1.5800327312026152
1788776477.1254344,2026-09-07T10:21:17.125434Z,8259,21,Path Control,65535,255,1.5797221976223157
1788776477.2753916,2026-09-07T10:21:17.275391Z,8259,21,Path Control,65535,255,1.579369920341544
1788776477.3754609,2026-09-07T10:21:17.375460Z,8259,21,Path Control,65535,255,1.5831178116081421
1788776477.5255446,2026-09-07T10:21:17.525544Z,8259,21,Path Control,65535,255,1.583398743084428
1788776477.6755605,2026-09-07T10:21:17.675560Z,8259,21,Path Control,65535,255,1.583718521898152
1788776477.8253975,2026-09-07T10:21:17.825397Z,8259,21,Path Control,65535,255,1.5839383391801993
1788776477.9254408,2026-09-07T10:21:17.925440Z,8259,21,Path Control,65535,255,1.5836725098593523
1788776478.025524,2026-09-07T10:21:18.025523Z,8259,21,Path Control,65535,255,1.5834914730473002
1788776478.17536,2026-09-07T10:21:18.175359Z,8259,21,Path Control,65535,255,1.5836249656879915
1788776478.2753804,2026-09-07T10:21:18.275380Z,8259,21,Path Control,65535,255,1.5837975872202277
1788776478.3753884,2026-09-07T10:21:18.375388Z,8259,21,Path Control,65535,255,1.5863876641194252
1788776478.475429,2026-09-07T10:21:18.475429Z,8259,21,Path Control,65535,255,1.586623284731516
1788776478.6255276,2026-09-07T10:21:18.625527Z,8259,21,Path Control,65535,255,1.5869868633201138
1788776478.7255466,2026-09-07T10:21:18.725546Z,8259,21,Path Control,65535,255,1.5871238437060073
1788776478.875333,2026-09-07T10:21:18.875333Z,8259,21,Path Control,65535,255,1.5875005503557589
1788776479.0255501,2026-09-07T10:21:19.025550Z,8259,21,Path Control,65535,255,1.5879832433165721
1788776479.1753192,2026-09-07T10:21:19.175319Z,8259,21,Path Control,65535,255,1.5881469763717677
1788776479.2755778,2026-09-07T10:21:19.275577Z,8259,21,Path Control,65535,255,1.5884448132090494
1788776479.425344,2026-09-07T10:21:19.425343Z,8259,21,Path Control,65535,255,1.5861292563372602
1788776479.525422,2026-09-07T10:21:19.525422Z,8259,21,Path Control,65535,255,1.5862203440005882
1788776479.6754174,2026-09-07T10:21:19.675417Z,8259,21,Path Control,65535,255,1.5867109060334055
1788776479.7758515,2026-09-07T10:21:19.775851Z,8259,21,Path Control,65535,255,1.5872222477135627
1788776479.9254224,2026-09-07T10:21:19.925422Z,8259,21,Path Control,65535,255,1.5885752923155367
1788776480.075396,2026-09-07T10:21:20.075396Z,8259,21,Path Control,65535,255,1.5897898585094448
1788776480.2252774,2026-09-07T10:21:20.225277Z,8259,21,Path Control,65535,255,1.5906524781566105
1788776480.3255258,2026-09-07T10:21:20.325525Z,8259,21,Path Control,65535,255,1.5855680864177046
1788776480.475355,2026-09-07T10:21:20.475354Z,8259,21,Path Control,65535,255,1.585364555663158
1788776480.5754344,2026-09-07T10:21:20.575434Z,8259,21,Path Control,65535,255,1.5849128030899826
1788776480.7254224,2026-09-07T10:21:20.725422Z,8259,21,Path Control,65535,255,1.5843060903669077
1788776480.8253975,2026-09-07T10:21:20.825397Z,8259,21,Path Control,65535,255,1.5839451128987487
1788776480.9753792,2026-09-07T10:21:20.975379Z,8259,21,Path Control,65535,255,1.5836440718571247
1788776481.0754776,2026-09-07T10:21:21.075477Z,8259,21,Path Control,65535,255,1.5834845754382476
1788776481.225292,2026-09-07T10:21:21.225291Z,8259,21,Path Control,65535,255,1.5837140255391777
1788776481.3754344,2026-09-07T10:21:21.375434Z,8259,21,Path Control,65535,255,1.5975984275345272
1788776481.5256042,2026-09-07T10:21:21.525604Z,8259,21,Path Control,65535,255,1.59790422558098
1788776481.6754005,2026-09-07T10:21:21.675400Z,8259,21,Path Control,65535,255,1.5978916184832204
1788776481.8257608,2026-09-07T10:21:21.825760Z,8259,21,Path Control,65535,255,1.5978392064349254
1788776481.9256926,2026-09-07T10:21:21.925692Z,8259,21,Path Control,65535,255,1.5973762896010244
1788776482.075407,2026-09-07T10:21:22.075407Z,8259,21,Path Control,65535,255,1.5966276891493083
1788776482.2252612,2026-09-07T10:21:22.225261Z,8259,21,Path Control,65535,255,1.595699856682468
1788776482.325504,2026-09-07T10:21:22.325504Z,8259,21,Path Control,65535,255,1.59724143701761
1788776482.475347,2026-09-07T10:21:22.475347Z,8259,21,Path Control,65535,255,1.596648011668022
1788776482.575475,2026-09-07T10:21:22.575474Z,8259,21,Path Control,65535,255,1.596286825916513
1788776482.7254856,2026-09-07T10:21:22.725485Z,8259,21,Path Control,65535,255,1.5958553136208375
1788776482.8256953,2026-09-07T10:21:22.825695Z,8259,21,Path Control,65535,255,1.5956161810983116
1788776482.975392,2026-09-07T10:21:22.975392Z,8259,21,Path Control,65535,255,1.5949381872787214
1788776483.1254237,2026-09-07T10:21:23.125423Z,8259,21,Path Control,65535,255,1.5944222742320697
1788776483.27541,2026-09-07T10:21:23.275409Z,8259,21,Path Control,65535,255,1.5941893463666912
1788776483.3754632,2026-09-07T10:21:23.375463Z,8259,21,Path Control,65535,255,1.5896495004085154
1788776483.475468,2026-09-07T10:21:23.475467Z,8259,21,Path Control,65535,255,1.5895812419320807
1788776483.57552,2026-09-07T10:21:23.575520Z,8259,21,Path Control,65535,255,1.5894694300918055
1788776483.7255127,2026-09-07T10:21:23.725512Z,8259,21,Path Control,65535,255,1.589006497546537
1788776483.8755145,2026-09-07T10:21:23.875514Z,8259,21,Path Control,65535,255,1.5885391503756243
1788776484.0253947,2026-09-07T10:21:24.025394Z,8259,21,Path Control,65535,255,1.5883873235890242
1788776484.1255097,2026-09-07T10:21:24.125509Z,8259,21,Path Control,65535,255,1.5877676608337237
1788776484.2754443,2026-09-07T10:21:24.275444Z,8259,21,Path Control,65535,255,1.5871153134779228
1788776484.4254465,2026-09-07T10:21:24.425446Z,8259,21,Path Control,65535,255,1.5855293763588736
1788776484.525466,2026-09-07T10:21:24.525465Z,8259,21,Path Control,65535,255,1.5851238833154424
1788776484.6754682,2026-09-07T10:21:24.675468Z,8259,21,Path Control,65535,255,1.5836176496412089
1788776484.775543,2026-09-07T10:21:24.775542Z,8259,21,Path Control,65535,255,1.583282376497564
1788776484.9254847,2026-09-07T10:21:24.925484Z,8259,21,Path Control,65535,255,1.582931687326544
1788776485.0754006,2026-09-07T10:21:25.075400Z,8259,21,Path Control,65535,255,1.5827626820280674
1788776485.225232,2026-09-07T10:21:25.225231Z,8259,21,Path Control,65535,255,1.5827480397859583
1788776485.3254926,2026-09-07T10:21:25.325492Z,8259,21,Path Control,65535,255,1.5819190460763146
1788776485.425553,2026-09-07T10:21:25.425553Z,8259,21,Path Control,65535,255,1.5817311473734077
1788776485.5754423,2026-09-07T10:21:25.575442Z,8259,21,Path Control,65535,255,1.5814539477599312
1788776485.725442,2026-09-07T10:21:25.725441Z,8259,21,Path Control,65535,255,1.581292371642597
1788776485.8254879,2026-09-07T10:21:25.825487Z,8259,21,Path Control,65535,255,1.5812172797614346
1788776485.9754102,2026-09-07T10:21:25.975410Z,8259,21,Path Control,65535,255,1.581452830272263
1788776486.0754383,2026-09-07T10:21:26.075438Z,8259,21,Path Control,65535,255,1.5812084978763323
1788776486.225327,2026-09-07T10:21:26.225327Z,8259,21,Path Control,65535,255,1.580667104331297
1788776486.325409,2026-09-07T10:21:26.325408Z,8259,21,Path Control,65535,255,1.5807554358436562
1788776486.4754035,2026-09-07T10:21:26.475403Z,8259,21,Path Control,65535,255,1.5807330932765005
1788776486.6253822,2026-09-07T10:21:26.625382Z,8259,21,Path Control,65535,255,1.5813964763785644
1788776486.725519,2026-09-07T10:21:26.725518Z,8259,21,Path Control,65535,255,1.5814283128897513
1788776486.8753674,2026-09-07T10:21:26.875367Z,8259,21,Path Control,65535,255,1.5812141568427027
1788776487.0254493,2026-09-07T10:21:27.025449Z,8259,21,Path Control,65535,255,1.580775011705899
1788776487.1253965,2026-09-07T10:21:27.125396Z,8259,21,Path Control,65535,255,1.5807654032953309
1788776487.2753894,2026-09-07T10:21:27.275389Z,8259,21,Path Control,65535,255,1.5806202702012495
1788776487.3754535,2026-09-07T10:21:27.375453Z,8259,21,Path Control,65535,255,1.5771438347747408
1788776487.5254765,2026-09-07T10:21:27.525476Z,8259,21,Path Control,65535,255,1.5767113620943163
1788776487.6753943,2026-09-07T10:21:27.675394Z,8259,21,Path Control,65535,255,1.5764191424693184
1788776487.7754493,2026-09-07T10:21:27.775449Z,8259,21,Path Control,65535,255,1.5766766699196177
1788776487.9254167,2026-09-07T10:21:27.925416Z,8259,21,Path Control,65535,255,1.5771070166939485
1788776488.0754373,2026-09-07T10:21:28.075437Z,8259,21,Path Control,65535,255,1.577335317563858
1788776488.2253559,2026-09-07T10:21:28.225355Z,8259,21,Path Control,65535,255,1.5762918754865223
1788776488.325414,2026-09-07T10:21:28.325413Z,8259,21,Path Control,65535,255,1.576179565116324
1788776488.4753346,2026-09-07T10:21:28.475334Z,8259,21,Path Control,65535,255,1.5735870471816298
1788776488.5754576,2026-09-07T10:21:28.575457Z,8259,21,Path Control,65535,255,1.5738813271191108
1788776488.6756752,2026-09-07T10:21:28.675675Z,8259,21,Path Control,65535,255,1.5739137571009219
1788776488.825407,2026-09-07T10:21:28.825407Z,8259,21,Path Control,65535,255,1.5738044164725824
1788776488.9754028,2026-09-07T10:21:28.975402Z,8259,21,Path Control,65535,255,1.5736705345989406
1788776489.0755477,2026-09-07T10:21:29.075547Z,8259,21,Path Control,65535,255,1.573523286109631
1788776489.225248,2026-09-07T10:21:29.225248Z,8259,21,Path Control,65535,255,1.5731945379205978
1788776489.3254452,2026-09-07T10:21:29.325445Z,8259,21,Path Control,65535,255,1.5649990628835344
1788776489.4754322,2026-09-07T10:21:29.475432Z,8259,21,Path Control,65535,255,1.5645861939775398
1788776489.625242,2026-09-07T10:21:29.625241Z,8259,21,Path Control,65535,255,1.564111802295408
1788776489.7256203,2026-09-07T10:21:29.725620Z,8259,21,Path Control,65535,255,1.5644031921197321
1788776489.8754165,2026-09-07T10:21:29.875416Z,8259,21,Path Control,65535,255,1.5646062094239266
1788776490.0252998,2026-09-07T10:21:30.025299Z,8259,21,Path Control,65535,255,1.5643577293441855
1788776490.1255248,2026-09-07T10:21:30.125524Z,8259,21,Path Control,65535,255,1.5640435394775933
1788776490.275409,2026-09-07T10:21:30.275408Z,8259,21,Path Control,65535,255,1.563836210227311
1788776490.3754797,2026-09-07T10:21:30.375479Z,8259,21,Path Control,65535,255,1.5617288467837493
1788776490.525522,2026-09-07T10:21:30.525521Z,8259,21,Path Control,65535,255,1.5623038787544958
1788776490.6255329,2026-09-07T10:21:30.625532Z,8259,21,Path Control,65535,255,1.562780892220804
1788776490.7753992,2026-09-07T10:21:30.775399Z,8259,21,Path Control,65535,255,1.5627534347952878
1788776490.9253547,2026-09-07T10:21:30.925354Z,8259,21,Path Control,65535,255,1.5629836262818986
1788776491.025443,2026-09-07T10:21:31.025443Z,8259,21,Path Control,65535,255,1.5627351764846
1788776491.1753743,2026-09-07T10:21:31.175374Z,8259,21,Path Control,65535,255,1.5632825615069716
1788776491.2754061,2026-09-07T10:21:31.275406Z,8259,21,Path Control,65535,255,1.5636525889507853
1788776491.375424,2026-09-07T10:21:31.375423Z,8259,21,Path Control,65535,255,1.5597228526916833
1788776491.4754689,2026-09-07T10:21:31.475468Z,8259,21,Path Control,65535,255,1.5597224149542779
1788776491.6254406,2026-09-07T10:21:31.625440Z,8259,21,Path Control,65535,255,1.5595669869758901
1788776491.7753448,2026-09-07T10:21:31.775344Z,8259,21,Path Control,65535,255,1.5603048431824793
1788776491.8754315,2026-09-07T10:21:31.875431Z,8259,21,Path Control,65535,255,1.561051832142644
1788776492.025321,2026-09-07T10:21:32.025321Z,8259,21,Path Control,65535,255,1.5623428781977158
1788776492.1254523,2026-09-07T10:21:32.125452Z,8259,21,Path Control,65535,255,1.562588027367051
1788776492.2755349,2026-09-07T10:21:32.275534Z,8259,21,Path Control,65535,255,1.5629831781446892
1788776492.4253666,2026-09-07T10:21:32.425366Z,8259,21,Path Control,65535,255,1.559842312855248
1788776492.5254838,2026-09-07T10:21:32.525483Z,8259,21,Path Control,65535,255,1.5606550556814889
1788776492.6754823,2026-09-07T10:21:32.675482Z,8259,21,Path Control,65535,255,1.5615559187338885
1788776492.8253458,2026-09-07T10:21:32.825345Z,8259,21,Path Control,65535,255,1.5622908857553328
1788776492.925451,2026-09-07T10:21:32.925451Z,8259,21,Path Control,65535,255,1.5627354806527598
1788776493.0754392,2026-09-07T10:21:33.075439Z,8259,21,Path Control,65535,255,1.563508473101993
1788776493.225251,2026-09-07T10:21:33.225250Z,8259,21,Path Control,65535,255,1.564361548855532
1788776493.3255997,2026-09-07T10:21:33.325599Z,8259,21,Path Control,65535,255,1.561707335710507
1788776493.4754117,2026-09-07T10:21:33.475411Z,8259,21,Path Control,65535,255,1.56300489641268
1788776493.625422,2026-09-07T10:21:33.625422Z,8259,21,Path Control,65535,255,1.5641699232201047
1788776493.725587,2026-09-07T10:21:33.725586Z,8259,21,Path Control,65535,255,1.5651759585340934
1788776493.875563,2026-09-07T10:21:33.875562Z,8259,21,Path Control,65535,255,1.566812640607944
1788776494.025461,2026-09-07T10:21:34.025460Z,8259,21,Path Control,65535,255,1.568644363548525
1788776494.1752539,2026-09-07T10:21:34.175253Z,8259,21,Path Control,65535,255,1.5702391017949016
1788776494.2754824,2026-09-07T10:21:34.275482Z,8259,21,Path Control,65535,255,1.571143817155186
1788776494.4253228,2026-09-07T10:21:34.425322Z,8259,21,Path Control,65535,255,1.5651199478272353
1788776494.5253623,2026-09-07T10:21:34.525362Z,8259,21,Path Control,65535,255,1.566157223735187
1788776494.6254146,2026-09-07T10:21:34.625414Z,8259,21,Path Control,65535,255,1.5671191169552945
1788776494.7254355,2026-09-07T10:21:34.725435Z,8259,21,Path Control,65535,255,1.5679024644756407
1788776494.8755968,2026-09-07T10:21:34.875596Z,8259,21,Path Control,65535,255,1.5692321546180847
1788776495.0253875,2026-09-07T10:21:35.025387Z,8259,21,Path Control,65535,255,1.5688598055719274
1788776495.1254,2026-09-07T10:21:35.125400Z,8259,21,Path Control,65535,255,1.5694860309584995
1788776495.2754102,2026-09-07T10:21:35.275410Z,8259,21,Path Control,65535,255,1.5702993155217675
1788776495.3754678,2026-09-07T10:21:35.375467Z,8259,21,Path Control,65535,255,1.5679951221296726
1788776495.525493,2026-09-07T10:21:35.525492Z,8259,21,Path Control,65535,255,1.5681065221273551
1788776495.6754048,2026-09-07T10:21:35.675404Z,8259,21,Path Control,65535,255,1.5687496086186798
1788776495.7754426,2026-09-07T10:21:35.775442Z,8259,21,Path Control,65535,255,1.5695113099459908
1788776495.9254687,2026-09-07T10:21:35.925468Z,8259,21,Path Control,65535,255,1.5706823005490405
1788776496.0753608,2026-09-07T10:21:36.075360Z,8259,21,Path Control,65535,255,1.5718356798599922
1788776496.2252285,2026-09-07T10:21:36.225228Z,8259,21,Path Control,65535,255,1.5722257207161487
1788776496.3253767,2026-09-07T10:21:36.325376Z,8259,21,Path Control,65535,255,1.5729310644318806
1788776496.4254165,2026-09-07T10:21:36.425416Z,8259,21,Path Control,65535,255,1.5738011240820151
1788776496.525433,2026-09-07T10:21:36.525433Z,8259,21,Path Control,65535,255,1.5748274221768408
1788776496.6755888,2026-09-07T10:21:36.675588Z,8259,21,Path Control,65535,255,1.5762502784278205
1788776496.825417,2026-09-07T10:21:36.825417Z,8259,21,Path Control,65535,255,1.5773283758963037
1788776496.925437,2026-09-07T10:21:36.925436Z,8259,21,Path Control,65535,255,1.5782659635741942
1788776497.0754728,2026-09-07T10:21:37.075472Z,8259,21,Path Control,65535,255,1.5797943855978651
1788776497.2253234,2026-09-07T10:21:37.225323Z,8259,21,Path Control,65535,255,1.5815241593520764
1788776497.3255126,2026-09-07T10:21:37.325512Z,8259,21,Path Control,65535,255,1.582727851042642
1788776497.4754453,2026-09-07T10:21:37.475445Z,8259,21,Path Control,65535,255,1.5838821461300163
1788776497.6253607,2026-09-07T10:21:37.625360Z,8259,21,Path Control,65535,255,1.5851038418108199
1788776497.725421,2026-09-07T10:21:37.725420Z,8259,21,Path Control,65535,255,1.5859726150274547
1788776497.8254347,2026-09-07T10:21:37.825434Z,8259,21,Path Control,65535,255,1.586773369492651
1788776497.925501,2026-09-07T10:21:37.925501Z,8259,21,Path Control,65535,255,1.5869090059166742
1788776498.0753968,2026-09-07T10:21:38.075396Z,8259,21,Path Control,65535,255,1.5870086830258399
1788776498.1754158,2026-09-07T10:21:38.175415Z,8259,21,Path Control,65535,255,1.5876916850515483
1788776498.3254611,2026-09-07T10:21:38.325461Z,8259,21,Path Control,65535,255,1.5882566394661704
1788776498.4753468,2026-09-07T10:21:38.475346Z,8259,21,Path Control,65535,255,1.594040610334134
1788776498.5754676,2026-09-07T10:21:38.575467Z,8259,21,Path Control,65535,255,1.5947910117086335
1788776498.7255044,2026-09-07T10:21:38.725504Z,8259,21,Path Control,65535,255,1.5955964200765647
1788776498.875437,2026-09-07T10:21:38.875437Z,8259,21,Path Control,65535,255,1.596403512185409
1788776499.0253701,2026-09-07T10:21:39.025370Z,8259,21,Path Control,65535,255,1.59727011816653
1788776499.1253834,2026-09-07T10:21:39.125383Z,8259,21,Path Control,65535,255,1.5981804827440953
1788776499.275475,2026-09-07T10:21:39.275475Z,8259,21,Path Control,65535,255,1.5989768538875937
1788776499.4254076,2026-09-07T10:21:39.425407Z,8259,21,Path Control,65535,255,1.600716431205198
1788776499.575415,2026-09-07T10:21:39.575414Z,8259,21,Path Control,65535,255,1.601574224064329
1788776499.6754756,2026-09-07T10:21:39.675475Z,8259,21,Path Control,65535,255,1.6016355564303586
1788776499.8255284,2026-09-07T10:21:39.825528Z,8259,21,Path Control,65535,255,1.6014751987039866
1788776499.92541,2026-09-07T10:21:39.925410Z,8259,21,Path Control,65535,255,1.6019229436206113
1788776500.0754602,2026-09-07T10:21:40.075460Z,8259,21,Path Control,65535,255,1.6024079469921229
1788776500.2253804,2026-09-07T10:21:40.225380Z,8259,21,Path Control,65535,255,1.6028210634991842
1788776500.3254702,2026-09-07T10:21:40.325470Z,8259,21,Path Control,65535,255,1.606554638277725
1788776500.4254735,2026-09-07T10:21:40.425473Z,8259,21,Path Control,65535,255,1.6067652694863752
1788776500.5756414,2026-09-07T10:21:40.575641Z,8259,21,Path Control,65535,255,1.6073731623884404
1788776500.72542,2026-09-07T10:21:40.725419Z,8259,21,Path Control,65535,255,1.6079206240522916
1788776500.8756003,2026-09-07T10:21:40.875600Z,8259,21,Path Control,65535,255,1.608312713476022
1788776500.975464,2026-09-07T10:21:40.975464Z,8259,21,Path Control,65535,255,1.6087024138469566
1788776501.0755126,2026-09-07T10:21:41.075512Z,8259,21,Path Control,65535,255,1.608824361164368
1788776501.2253566,2026-09-07T10:21:41.225356Z,8259,21,Path Control,65535,255,1.6082975112519455
1788776501.3254242,2026-09-07T10:21:41.325424Z,8259,21,Path Control,65535,255,1.60339031887609
1788776501.4754806,2026-09-07T10:21:41.475480Z,8259,21,Path Control,65535,255,1.6037142617662883
1788776501.5755281,2026-09-07T10:21:41.575528Z,8259,21,Path Control,65535,255,1.603927920097069
1788776501.7254438,2026-09-07T10:21:41.725443Z,8259,21,Path Control,65535,255,1.6044117745393551
1788776501.8755035,2026-09-07T10:21:41.875503Z,8259,21,Path Control,65535,255,1.6045868925803775
1788776502.0254455,2026-09-07T10:21:42.025445Z,8259,21,Path Control,65535,255,1.604033056543001
1788776502.1752884,2026-09-07T10:21:42.175288Z,8259,21,Path Control,65535,255,1.6038903714410826
1788776502.275404,2026-09-07T10:21:42.275403Z,8259,21,Path Control,65535,255,1.6039062142795717
1788776502.3754396,2026-09-07T10:21:42.375439Z,8259,21,Path Control,65535,255,1.6009893707894933
1788776502.5254347,2026-09-07T10:21:42.525434Z,8259,21,Path Control,65535,255,1.6009794454767614
1788776502.6754978,2026-09-07T10:21:42.675497Z,8259,21,Path Control,65535,255,1.6007658746727724
1788776502.8253767,2026-09-07T10:21:42.825376Z,8259,21,Path Control,65535,255,1.6004249124679681
1788776502.9754305,2026-09-07T10:21:42.975430Z,8259,21,Path Control,65535,255,1.5998241672573514
1788776503.0754957,2026-09-07T10:21:43.075495Z,8259,21,Path Control,65535,255,1.5996546862409737
1788776503.2252588,2026-09-07T10:21:43.225258Z,8259,21,Path Control,65535,255,1.5995434968190771
1788776503.3254313,2026-09-07T10:21:43.325431Z,8259,21,Path Control,65535,255,1.5935479765862606
1788776503.4754267,2026-09-07T10:21:43.475426Z,8259,21,Path Control,65535,255,1.5929810461353169
1788776503.5754776,2026-09-07T10:21:43.575477Z,8259,21,Path Control,65535,255,1.5926526434916324
1788776503.7254303,2026-09-07T10:21:43.725430Z,8259,21,Path Control,65535,255,1.5919636633734617
1788776503.8754246,2026-09-07T10:21:43.875424Z,8259,21,Path Control,65535,255,1.5912192999701738
1788776504.0254247,2026-09-07T10:21:44.025424Z,8259,21,Path Control,65535,255,1.5905643807886034
1788776504.1254265,2026-09-07T10:21:44.125426Z,8259,21,Path Control,65535,255,1.5897933913048876
1788776504.2754614,2026-09-07T10:21:44.275461Z,8259,21,Path Control,65535,255,1.588720602343457
1788776504.3754776,2026-09-07T10:21:44.375477Z,8259,21,Path Control,65535,255,1.5935562378555186
1788776504.4755032,2026-09-07T10:21:44.475503Z,8259,21,Path Control,65535,255,1.593054986206913
1788776504.6256127,2026-09-07T10:21:44.625612Z,8259,21,Path Control,65535,255,1.5919642650088428
1788776504.7754326,2026-09-07T10:21:44.775432Z,8259,21,Path Control,65535,255,1.591157062379426
1788776504.8754394,2026-09-07T10:21:44.875439Z,8259,21,Path Control,65535,255,1.5907129256453898
1788776505.0253384,2026-09-07T10:21:45.025338Z,8259,21,Path Control,65535,255,1.5896050733035219
1788776505.1255834,2026-09-07T10:21:45.125583Z,8259,21,Path Control,65535,255,1.5891447970965256
1788776505.2753751,2026-09-07T10:21:45.275375Z,8259,21,Path Control,65535,255,1.5884490545456378
1788776505.375405,2026-09-07T10:21:45.375405Z,8259,21,Path Control,65535,255,1.5874914169094332
1788776505.4755285,2026-09-07T10:21:45.475528Z,8259,21,Path Control,65535,255,1.5873686086588643
1788776505.5754683,2026-09-07T10:21:45.575468Z,8259,21,Path Control,65535,255,1.5874877016637836
1788776505.7254145,2026-09-07T10:21:45.725414Z,8259,21,Path Control,65535,255,1.5871473107260592
1788776505.8754585,2026-09-07T10:21:45.875458Z,8259,21,Path Control,65535,255,1.5867498525556087
1788776506.02531,2026-09-07T10:21:46.025310Z,8259,21,Path Control,65535,255,1.5867120718618954
1788776506.1255016,2026-09-07T10:21:46.125501Z,8259,21,Path Control,65535,255,1.585833733169475
1788776506.2754712,2026-09-07T10:21:46.275471Z,8259,21,Path Control,65535,255,1.5848851150494965
1788776506.4255767,2026-09-07T10:21:46.425576Z,8259,21,Path Control,65535,255,1.575715307049437
1788776506.575545,2026-09-07T10:21:46.575545Z,8259,21,Path Control,65535,255,1.5757817535405638
1788776506.7253883,2026-09-07T10:21:46.725388Z,8259,21,Path Control,65535,255,1.5759788172728126
1788776506.8255494,2026-09-07T10:21:46.825549Z,8259,21,Path Control,65535,255,1.5760144152140942
1788776506.9753923,2026-09-07T10:21:46.975392Z,8259,21,Path Control,65535,255,1.5759138539532478
1788776507.0754843,2026-09-07T10:21:47.075484Z,8259,21,Path Control,65535,255,1.5759116728830413
1788776507.2252877,2026-09-07T10:21:47.225287Z,8259,21,Path Control,65535,255,1.576012229028618
1788776507.3254387,2026-09-07T10:21:47.325438Z,8259,21,Path Control,65535,255,1.5747466558550154
1788776507.4754133,2026-09-07T10:21:47.475413Z,8259,21,Path Control,65535,255,1.575557472044972
1788776507.5754297,2026-09-07T10:21:47.575429Z,8259,21,Path Control,65535,255,1.5760783019852056
1788776507.675453,2026-09-07T10:21:47.675452Z,8259,21,Path Control,65535,255,1.576126390119563
1788776507.8253472,2026-09-07T10:21:47.825347Z,8259,21,Path Control,65535,255,1.5745585112437477
1788776507.925505,2026-09-07T10:21:47.925504Z,8259,21,Path Control,65535,255,1.5746570998943439
1788776508.0753996,2026-09-07T10:21:48.075399Z,8259,21,Path Control,65535,255,1.5750084934585555
1788776508.2253182,2026-09-07T10:21:48.225318Z,8259,21,Path Control,65535,255,1.5755582091921025
1788776508.3254507,2026-09-07T10:21:48.325450Z,8259,21,Path Control,65535,255,1.5759752216748968
1788776508.4255445,2026-09-07T10:21:48.425544Z,8259,21,Path Control,65535,255,1.577116770225206
1788776508.5754652,2026-09-07T10:21:48.575465Z,8259,21,Path Control,65535,255,1.577508030647651
1788776508.6755638,2026-09-07T10:21:48.675563Z,8259,21,Path Control,65535,255,1.5772808722176501
1788776508.82535,2026-09-07T10:21:48.825350Z,8259,21,Path Control,65535,255,1.5770819858124419
1788776508.925546,2026-09-07T10:21:48.925545Z,8259,21,Path Control,65535,255,1.577487320323529
1788776509.075462,2026-09-07T10:21:49.075462Z,8259,21,Path Control,65535,255,1.5782350776029526
1788776509.2252264,2026-09-07T10:21:49.225226Z,8259,21,Path Control,65535,255,1.5792156238907136
1788776509.3254724,2026-09-07T10:21:49.325472Z,8259,21,Path Control,65535,255,1.584113977391501
1788776509.4754386,2026-09-07T10:21:49.475438Z,8259,21,Path Control,65535,255,1.584721924128716
1788776509.6254823,2026-09-07T10:21:49.625482Z,8259,21,Path Control,65535,255,1.5855454386389916
1788776509.7255418,2026-09-07T10:21:49.725541Z,8259,21,Path Control,65535,255,1.5858409558997058
1788776509.8756394,2026-09-07T10:21:49.875639Z,8259,21,Path Control,65535,255,1.5864396348979128
1788776510.0253696,2026-09-07T10:21:50.025369Z,8259,21,Path Control,65535,255,1.5872324355698493
1788776510.1255043,2026-09-07T10:21:50.125504Z,8259,21,Path Control,65535,255,1.587873100683633
1788776510.2755182,2026-09-07T10:21:50.275518Z,8259,21,Path Control,65535,255,1.5888023686466695
1788776510.4253118,2026-09-07T10:21:50.425311Z,8259,21,Path Control,65535,255,1.5855670125403991
1788776510.5254476,2026-09-07T10:21:50.525447Z,8259,21,Path Control,65535,255,1.585886817302175
1788776510.6755137,2026-09-07T10:21:50.675513Z,8259,21,Path Control,65535,255,1.5863789282608014
1788776510.8255,2026-09-07T10:21:50.825500Z,8259,21,Path Control,65535,255,1.586957304132517
1788776510.9753888,2026-09-07T10:21:50.975388Z,8259,21,Path Control,65535,255,1.5871706371684795
1788776511.0754948,2026-09-07T10:21:51.075494Z,8259,21,Path Control,65535,255,1.587376598690441
1788776511.2252827,2026-09-07T10:21:51.225282Z,8259,21,Path Control,65535,255,1.587784750175783
1788776511.325459,2026-09-07T10:21:51.325459Z,8259,21,Path Control,65535,255,1.5961948396201169
1788776511.4255984,2026-09-07T10:21:51.425598Z,8259,21,Path Control,65535,255,1.5963068204742799
1788776511.5754294,2026-09-07T10:21:51.575429Z,8259,21,Path Control,65535,255,1.5963627478628666
1788776511.7253726,2026-09-07T10:21:51.725372Z,8259,21,Path Control,65535,255,1.5973178393016325
1788776511.8754315,2026-09-07T10:21:51.875431Z,8259,21,Path Control,65535,255,1.5982713708996614
1788776512.025399,2026-09-07T10:21:52.025398Z,8259,21,Path Control,65535,255,1.5990008321768499
1788776512.125488,2026-09-07T10:21:52.125488Z,8259,21,Path Control,65535,255,1.5993508560330065
1788776512.2754548,2026-09-07T10:21:52.275454Z,8259,21,Path Control,65535,255,1.5997461216743563
1788776512.4253728,2026-09-07T10:21:52.425372Z,8259,21,Path Control,65535,255,1.602582945395341
1788776512.5254602,2026-09-07T10:21:52.525460Z,8259,21,Path Control,65535,255,1.6030845917602792
1788776512.6754704,2026-09-07T10:21:52.675470Z,8259,21,Path Control,65535,255,1.6038435709111694
1788776512.8255153,2026-09-07T10:21:52.825515Z,8259,21,Path Control,65535,255,1.6046755800642982
1788776512.9255364,2026-09-07T10:21:52.925536Z,8259,21,Path Control,65535,255,1.6050879284297155
1788776513.075656,2026-09-07T10:21:53.075655Z,8259,21,Path Control,65535,255,1.6056393307246666
1788776513.2253034,2026-09-07T10:21:53.225303Z,8259,21,Path Control,65535,255,1.6060526152947325
1788776513.3254633,2026-09-07T10:21:53.325463Z,8259,21,Path Control,65535,255,1.6050849038616093
1788776513.4754736,2026-09-07T10:21:53.475473Z,8259,21,Path Control,65535,255,1.6052923764782474
1788776513.575654,2026-09-07T10:21:53.575654Z,8259,21,Path Control,65535,255,1.605460737429375
1788776513.6756227,2026-09-07T10:21:53.675622Z,8259,21,Path Control,65535,255,1.6055913848609509
1788776513.825478,2026-09-07T10:21:53.825478Z,8259,21,Path Control,65535,255,1.605624295369629
1788776513.975411,2026-09-07T10:21:53.975410Z,8259,21,Path Control,65535,255,1.605347544104869
1788776514.0754592,2026-09-07T10:21:54.075459Z,8259,21,Path Control,65535,255,1.6051301580434647
1788776514.2252483,2026-09-07T10:21:54.225248Z,8259,21,Path Control,65535,255,1.6039781602213439
1788776514.3254128,2026-09-07T10:21:54.325412Z,8259,21,Path Control,65535,255,1.6035507059388698
1788776514.4754167,2026-09-07T10:21:54.475416Z,8259,21,Path Control,65535,255,1.6078552891068867
1788776514.6253521,2026-09-07T10:21:54.625352Z,8259,21,Path Control,65535,255,1.6078092808699616
1788776514.7253897,2026-09-07T10:21:54.725389Z,8259,21,Path Control,65535,255,1.6080918638901058
1788776514.8755264,2026-09-07T10:21:54.875526Z,8259,21,Path Control,65535,255,1.6078627230871831
1788776515.025266,2026-09-07T10:21:55.025265Z,8259,21,Path Control,65535,255,1.6072923912046084
1788776515.1254127,2026-09-07T10:21:55.125412Z,8259,21,Path Control,65535,255,1.6068654023966833
1788776515.2754276,2026-09-07T10:21:55.275427Z,8259,21,Path Control,65535,255,1.6061186668653225
1788776515.3754282,2026-09-07T10:21:55.375428Z,8259,21,Path Control,65535,255,1.6075819129116433
1788776515.4754574,2026-09-07T10:21:55.475457Z,8259,21,Path Control,65535,255,1.6067059558812424
1788776515.5755682,2026-09-07T10:21:55.575568Z,8259,21,Path Control,65535,255,1.6058919354840688
1788776515.6756265,2026-09-07T10:21:55.675626Z,8259,21,Path Control,65535,255,1.6052689322490028
1788776515.8253412,2026-09-07T10:21:55.825341Z,8259,21,Path Control,65535,255,1.6043781186113724
1788776515.9254408,2026-09-07T10:21:55.925440Z,8259,21,Path Control,65535,255,1.6038109767992892
1788776516.0755773,2026-09-07T10:21:56.075577Z,8259,21,Path Control,65535,255,1.6026914904196639
1788776516.225255,2026-09-07T10:21:56.225255Z,8259,21,Path Control,65535,255,1.601389138580291
1788776516.3254623,2026-09-07T10:21:56.325462Z,8259,21,Path Control,65535,255,1.6017664951939696
1788776516.4754117,2026-09-07T10:21:56.475411Z,8259,21,Path Control,65535,255,1.6011716549578245
1788776516.5754373,2026-09-07T10:21:56.575437Z,8259,21,Path Control,65535,255,1.6008264187424839
1788776516.7255857,2026-09-07T10:21:56.725585Z,8259,21,Path Control,65535,255,1.600325378532627
1788776516.8757129,2026-09-07T10:21:56.875712Z,8259,21,Path Control,65535,255,1.5997583921167513
1788776517.0253224,2026-09-07T10:21:57.025322Z,8259,21,Path Control,65535,255,1.5990736333171232
1788776517.1254697,2026-09-07T10:21:57.125469Z,8259,21,Path Control,65535,255,1.598281876718449
1788776517.2756774,2026-09-07T10:21:57.275677Z,8259,21,Path Control,65535,255,1.5972306957163267
1788776517.4253433,2026-09-07T10:21:57.425343Z,8259,21,Path Control,65535,255,1.5995955354870168
1788776517.5254755,2026-09-07T10:21:57.525475Z,8259,21,Path Control,65535,255,1.5986628986956497
1788776517.675414,2026-09-07T10:21:57.675414Z,8259,21,Path Control,65535,255,1.5970733068190865
1788776517.775569,2026-09-07T10:21:57.775568Z,8259,21,Path Control,65535,255,1.5958795118185867
1788776517.8755422,2026-09-07T10:21:57.875542Z,8259,21,Path Control,65535,255,1.5950514685936161
1788776518.0252578,2026-09-07T10:21:58.025257Z,8259,21,Path Control,65535,255,1.594068107288476
1788776518.1253803,2026-09-07T10:21:58.125380Z,8259,21,Path Control,65535,255,1.5939455224217012
1788776518.2754982,2026-09-07T10:21:58.275498Z,8259,21,Path Control,65535,255,1.5934891894881216
1788776518.4253561,2026-09-07T10:21:58.425356Z,8259,21,Path Control,65535,255,1.5947555307888206
1788776518.5253901,2026-09-07T10:21:58.525390Z,8259,21,Path Control,65535,255,1.594046933696332
1788776518.6756039,2026-09-07T10:21:58.675603Z,8259,21,Path Control,65535,255,1.5929953432805188
1788776518.7756605,2026-09-07T10:21:58.775660Z,8259,21,Path Control,65535,255,1.5922672285875965
1788776518.9253564,2026-09-07T10:21:58.925356Z,8259,21,Path Control,65535,255,1.5910480687896065
1788776519.0754623,2026-09-07T10:21:59.075462Z,8259,21,Path Control,65535,255,1.589842458559984
1788776519.2252839,2026-09-07T10:21:59.225283Z,8259,21,Path Control,65535,255,1.5886581853517756
1788776519.3255107,2026-09-07T10:21:59.325510Z,8259,21,Path Control,65535,255,1.6001562612448796
1788776519.4754436,2026-09-07T10:21:59.475443Z,8259,21,Path Control,65535,255,1.5993119082974707
1788776519.5756257,2026-09-07T10:21:59.575625Z,8259,21,Path Control,65535,255,1.5988020883274883
1788776519.725388,2026-09-07T10:21:59.725388Z,8259,21,Path Control,65535,255,1.598730262809512
1788776519.8755257,2026-09-07T10:21:59.875525Z,8259,21,Path Control,65535,255,1.5988547667240383
1788776520.0252988,2026-09-07T10:22:00.025298Z,8259,21,Path Control,65535,255,1.5990465506396465
1788776520.1254137,2026-09-07T10:22:00.125413Z,8259,21,Path Control,65535,255,1.5987678968145804
1788776520.2754874,2026-09-07T10:22:00.275487Z,8259,21,Path Control,65535,255,1.598055469831599
1788776520.3756568,2026-09-07T10:22:00.375656Z,8259,21,Path Control,65535,255,1.5919356010118282
1788776520.525413,2026-09-07T10:22:00.525413Z,8259,21,Path Control,65535,255,1.5911331104550481
1788776520.6756139,2026-09-07T10:22:00.675613Z,8259,21,Path Control,65535,255,1.5904541114495976
1788776520.8253148,2026-09-07T10:22:00.825314Z,8259,21,Path Control,65535,255,1.589751094269268
1788776520.925465,2026-09-07T10:22:00.925465Z,8259,21,Path Control,65535,255,1.589230139868771
1788776521.0753171,2026-09-07T10:22:01.075317Z,8259,21,Path Control,65535,255,1.588432784685902
1788776521.2252636,2026-09-07T10:22:01.225263Z,8259,21,Path Control,65535,255,1.587643662257867
1788776521.3253686,2026-09-07T10:22:01.325368Z,8259,21,Path Control,65535,255,1.583807577971142
1788776521.4755213,2026-09-07T10:22:01.475521Z,8259,21,Path Control,65535,255,1.5831532063523597
1788776521.6253262,2026-09-07T10:22:01.625326Z,8259,21,Path Control,65535,255,1.5826233264547551
1788776521.7253299,2026-09-07T10:22:01.725329Z,8259,21,Path Control,65535,255,1.582237942389004
1788776521.875659,2026-09-07T10:22:01.875658Z,8259,21,Path Control,65535,255,1.581082467763536
1788776522.0253353,2026-09-07T10:22:02.025335Z,8259,21,Path Control,65535,255,1.5800759502906006
1788776522.1253576,2026-09-07T10:22:02.125357Z,8259,21,Path Control,65535,255,1.5794190451459573
1788776522.2754507,2026-09-07T10:22:02.275450Z,8259,21,Path Control,65535,255,1.5785085746803913
1788776522.375507,2026-09-07T10:22:02.375507Z,8259,21,Path Control,65535,255,1.5821989518349024
1788776522.5254226,2026-09-07T10:22:02.525422Z,8259,21,Path Control,65535,255,1.5816843099045004
1788776522.6756651,2026-09-07T10:22:02.675665Z,8259,21,Path Control,65535,255,1.5813288945244344
1788776522.8253777,2026-09-07T10:22:02.825377Z,8259,21,Path Control,65535,255,1.581076400219469
1788776522.9255111,2026-09-07T10:22:02.925511Z,8259,21,Path Control,65535,255,1.5812005707350059
1788776523.0753717,2026-09-07T10:22:03.075371Z,8259,21,Path Control,65535,255,1.5813690553140825
1788776523.2252643,2026-09-07T10:22:03.225264Z,8259,21,Path Control,65535,255,1.58161035518854
1788776523.3254051,2026-09-07T10:22:03.325405Z,8259,21,Path Control,65535,255,1.579052952212568
1788776523.4755821,2026-09-07T10:22:03.475582Z,8259,21,Path Control,65535,255,1.5790810912798474
1788776523.5756202,2026-09-07T10:22:03.575620Z,8259,21,Path Control,65535,255,1.5791319205705243
1788776523.7253964,2026-09-07T10:22:03.725396Z,8259,21,Path Control,65535,255,1.5789749918862428
1788776523.875456,2026-09-07T10:22:03.875456Z,8259,21,Path Control,65535,255,1.5785460219660004
1788776524.025387,2026-09-07T10:22:04.025387Z,8259,21,Path Control,65535,255,1.5778813119507058
1788776524.1753545,2026-09-07T10:22:04.175354Z,8259,21,Path Control,65535,255,1.5770103502619572
1788776524.2756631,2026-09-07T10:22:04.275663Z,8259,21,Path Control,65535,255,1.5765832467973022
1788776524.4253862,2026-09-07T10:22:04.425386Z,8259,21,Path Control,65535,255,1.5806189439113667
1788776524.5254123,2026-09-07T10:22:04.525412Z,8259,21,Path Control,65535,255,1.5807434730355183
1788776524.675497,2026-09-07T10:22:04.675497Z,8259,21,Path Control,65535,255,1.580478048823314
1788776524.775501,2026-09-07T10:22:04.775501Z,8259,21,Path Control,65535,255,1.580123312717136
1788776524.9254007,2026-09-07T10:22:04.925400Z,8259,21,Path Control,65535,255,1.5792579482998732
1788776525.0754638,2026-09-07T10:22:05.075463Z,8259,21,Path Control,65535,255,1.5783991538323812
1788776525.225334,2026-09-07T10:22:05.225333Z,8259,21,Path Control,65535,255,1.5776155423397384
1788776525.325479,2026-09-07T10:22:05.325479Z,8259,21,Path Control,65535,255,1.5852336892469403
1788776525.4754546,2026-09-07T10:22:05.475454Z,8259,21,Path Control,65535,255,1.584618012732403
1788776525.575471,2026-09-07T10:22:05.575470Z,8259,21,Path Control,65535,255,1.5843521029410623
1788776525.725405,2026-09-07T10:22:05.725404Z,8259,21,Path Control,65535,255,1.5838024269958142
1788776525.825416,2026-09-07T10:22:05.825416Z,8259,21,Path Control,65535,255,1.5834810904607117
1788776525.9254436,2026-09-07T10:22:05.925443Z,8259,21,Path Control,65535,255,1.5827657094866454
1788776526.0754223,2026-09-07T10:22:06.075422Z,8259,21,Path Control,65535,255,1.5819418050243022
1788776526.2252584,2026-09-07T10:22:06.225258Z,8259,21,Path Control,65535,255,1.5812544653416762
1788776526.3256066,2026-09-07T10:22:06.325606Z,8259,21,Path Control,65535,255,1.581100858670346
1788776526.4755013,2026-09-07T10:22:06.475501Z,8259,21,Path Control,65535,255,1.5791057147329024
1788776526.6253402,2026-09-07T10:22:06.625340Z,8259,21,Path Control,65535,255,1.5791599567679349
1788776526.725399,2026-09-07T10:22:06.725399Z,8259,21,Path Control,65535,255,1.578994483989801
1788776526.8756022,2026-09-07T10:22:06.875602Z,8259,21,Path Control,65535,255,1.578750640533407
1788776527.025468,2026-09-07T10:22:07.025468Z,8259,21,Path Control,65535,255,1.5779441966918133
1788776527.1752985,2026-09-07T10:22:07.175298Z,8259,21,Path Control,65535,255,1.5772972016412363
1788776527.2755375,2026-09-07T10:22:07.275537Z,8259,21,Path Control,65535,255,1.57705425528894
1788776527.4254396,2026-09-07T10:22:07.425439Z,8259,21,Path Control,65535,255,1.574659868150625
1788776527.525411,2026-09-07T10:22:07.525410Z,8259,21,Path Control,65535,255,1.574853133542931
1788776527.6754704,2026-09-07T10:22:07.675470Z,8259,21,Path Control,65535,255,1.5748038638617805
1788776527.7755291,2026-09-07T10:22:07.775529Z,8259,21,Path Control,65535,255,1.574613765253062
1788776527.9255571,2026-09-07T10:22:07.925557Z,8259,21,Path Control,65535,255,1.5737101546268986
1788776528.075454,2026-09-07T10:22:08.075453Z,8259,21,Path Control,65535,255,1.5729406729257827
1788776528.225354,2026-09-07T10:22:08.225353Z,8259,21,Path Control,65535,255,1.572486879285206
1788776528.3254285,2026-09-07T10:22:08.325428Z,8259,21,Path Control,65535,255,1.5727323743197994
1788776528.4754481,2026-09-07T10:22:08.475448Z,8259,21,Path Control,65535,255,1.578124737706305
1788776528.575403,2026-09-07T10:22:08.575402Z,8259,21,Path Control,65535,255,1.5781666216610482
1788776528.6754403,2026-09-07T10:22:08.675440Z,8259,21,Path Control,65535,255,1.5777894970354582
1788776528.8253808,2026-09-07T10:22:08.825380Z,8259,21,Path Control,65535,255,1.5770669964770863
1788776528.9254608,2026-09-07T10:22:08.925460Z,8259,21,Path Control,65535,255,1.5767972929060357
1788776529.02551,2026-09-07T10:22:09.025510Z,8259,21,Path Control,65535,255,1.57657656649236
1788776529.125559,2026-09-07T10:22:09.125559Z,8259,21,Path Control,65535,255,1.5765060855958644
1788776529.2754352,2026-09-07T10:22:09.275435Z,8259,21,Path Control,65535,255,1.5763985348191363
1788776529.3754497,2026-09-07T10:22:09.375449Z,8259,21,Path Control,65535,255,1.5762181090185965
1788776529.475663,2026-09-07T10:22:09.475662Z,8259,21,Path Control,65535,255,1.5761083799002846
1788776529.625423,2026-09-07T10:22:09.625422Z,8259,21,Path Control,65535,255,1.575896715104482
1788776529.725464,2026-09-07T10:22:09.725464Z,8259,21,Path Control,65535,255,1.575612548144143
1788776529.8254907,2026-09-07T10:22:09.825490Z,8259,21,Path Control,65535,255,1.5753175800638035
1788776529.9753735,2026-09-07T10:22:09.975373Z,8259,21,Path Control,65535,255,1.5750719367884982
1788776530.0754893,2026-09-07T10:22:10.075489Z,8259,21,Path Control,65535,255,1.5748886309319297
1788776530.2252285,2026-09-07T10:22:10.225228Z,8259,21,Path Control,65535,255,1.574776305955814
1788776530.3258288,2026-09-07T10:22:10.325828Z,8259,21,Path Control,65535,255,1.576569821825319
1788776530.475396,2026-09-07T10:22:10.475395Z,8259,21,Path Control,65535,255,1.5762254476051973
1788776530.5755138,2026-09-07T10:22:10.575513Z,8259,21,Path Control,65535,255,1.5760780214498504
1788776530.6755471,2026-09-07T10:22:10.675547Z,8259,21,Path Control,65535,255,1.5758464547604505
1788776530.8253503,2026-09-07T10:22:10.825350Z,8259,21,Path Control,65535,255,1.57519072617142
1788776530.9255998,2026-09-07T10:22:10.925599Z,8259,21,Path Control,65535,255,1.5748866136425692
1788776531.0754015,2026-09-07T10:22:11.075401Z,8259,21,Path Control,65535,255,1.5745498775191917
1788776531.2252886,2026-09-07T10:22:11.225288Z,8259,21,Path Control,65535,255,1.5744074970525326
1788776531.32541,2026-09-07T10:22:11.325409Z,8259,21,Path Control,65535,255,1.5745714539750357
1788776531.4755354,2026-09-07T10:22:11.475535Z,8259,21,Path Control,65535,255,1.574361250069008
1788776531.6253784,2026-09-07T10:22:11.625378Z,8259,21,Path Control,65535,255,1.5741385483060932
1788776531.7254033,2026-09-07T10:22:11.725403Z,8259,21,Path Control,65535,255,1.5732777665136057
1788776531.8755016,2026-09-07T10:22:11.875501Z,8259,21,Path Control,65535,255,1.5730133424749357
1788776532.0252757,2026-09-07T10:22:12.025275Z,8259,21,Path Control,65535,255,1.5731111351817935
1788776532.1253233,2026-09-07T10:22:12.125323Z,8259,21,Path Control,65535,255,1.573584871332493
1788776532.275514,2026-09-07T10:22:12.275513Z,8259,21,Path Control,65535,255,1.5740249211170758
1788776532.425293,2026-09-07T10:22:12.425292Z,8259,21,Path Control,65535,255,1.57586290933066
1788776532.525386,2026-09-07T10:22:12.525386Z,8259,21,Path Control,65535,255,1.5757993584809455
1788776532.675697,2026-09-07T10:22:12.675697Z,8259,21,Path Control,65535,255,1.575704351235043
1788776532.8253348,2026-09-07T10:22:12.825334Z,8259,21,Path Control,65535,255,1.575586471724775
1788776532.9254224,2026-09-07T10:22:12.925422Z,8259,21,Path Control,65535,255,1.575630869953291
1788776533.0754535,2026-09-07T10:22:13.075453Z,8259,21,Path Control,65535,255,1.575807220611632
1788776533.225274,2026-09-07T10:22:13.225274Z,8259,21,Path Control,65535,255,1.5761580753876814
1788776533.3253877,2026-09-07T10:22:13.325387Z,8259,21,Path Control,65535,255,1.5797112254495984
1788776533.4754355,2026-09-07T10:22:13.475435Z,8259,21,Path Control,65535,255,1.5800200924683394
1788776533.5757203,2026-09-07T10:22:13.575720Z,8259,21,Path Control,65535,255,1.580010931174977
1788776533.7254333,2026-09-07T10:22:13.725433Z,8259,21,Path Control,65535,255,1.5803384819752524
1788776533.875686,2026-09-07T10:22:13.875685Z,8259,21,Path Control,65535,255,1.580658159907331
1788776534.0253146,2026-09-07T10:22:14.025314Z,8259,21,Path Control,65535,255,1.5808555216478564
1788776534.1253145,2026-09-07T10:22:14.125314Z,8259,21,Path Control,65535,255,1.5809315936230353
1788776534.275477,2026-09-07T10:22:14.275476Z,8259,21,Path Control,65535,255,1.580833517565851
1788776534.3755708,2026-09-07T10:22:14.375570Z,8259,21,Path Control,65535,255,1.5813262001625885
1788776534.5254629,2026-09-07T10:22:14.525462Z,8259,21,Path Control,65535,255,1.5806889514414724
1788776534.6756525,2026-09-07T10:22:14.675652Z,8259,21,Path Control,65535,255,1.579785090198528
1788776534.825358,2026-09-07T10:22:14.825357Z,8259,21,Path Control,65535,255,1.5787436517949271
1788776534.9254098,2026-09-07T10:22:14.925409Z,8259,21,Path Control,65535,255,1.5784960374833905
1788776535.07551,2026-09-07T10:22:15.075510Z,8259,21,Path Control,65535,255,1.578239706984737
1788776535.225279,2026-09-07T10:22:15.225279Z,8259,21,Path Control,65535,255,1.5782864226891866
1788776535.3254075,2026-09-07T10:22:15.325407Z,8259,21,Path Control,65535,255,1.5786294723095813
1788776535.4754417,2026-09-07T10:22:15.475441Z,8259,21,Path Control,65535,255,1.581577286502005
1788776535.62528,2026-09-07T10:22:15.625279Z,8259,21,Path Control,65535,255,1.5825153435585584
1788776535.7254138,2026-09-07T10:22:15.725413Z,8259,21,Path Control,65535,255,1.582780020575012
1788776535.8755133,2026-09-07T10:22:15.875513Z,8259,21,Path Control,65535,255,1.5832936674597575
1788776536.0252705,2026-09-07T10:22:16.025270Z,8259,21,Path Control,65535,255,1.5838310608215453
1788776536.1253564,2026-09-07T10:22:16.125356Z,8259,21,Path Control,65535,255,1.5842573088060474
1788776536.2755814,2026-09-07T10:22:16.275581Z,8259,21,Path Control,65535,255,1.5847166484330824
1788776536.3756347,2026-09-07T10:22:16.375634Z,8259,21,Path Control,65535,255,1.58283282980775
1788776536.5253987,2026-09-07T10:22:16.525398Z,8259,21,Path Control,65535,255,1.5827184222147803
1788776536.675494,2026-09-07T10:22:16.675493Z,8259,21,Path Control,65535,255,1.5828719822979866
1788776536.8253613,2026-09-07T10:22:16.825361Z,8259,21,Path Control,65535,255,1.5834265420208105
1788776536.9254537,2026-09-07T10:22:16.925453Z,8259,21,Path Control,65535,255,1.5844574219231136
1788776537.0755107,2026-09-07T10:22:17.075510Z,8259,21,Path Control,65535,255,1.5858923194243344
1788776537.2252722,2026-09-07T10:22:17.225272Z,8259,21,Path Control,65535,255,1.5873950933886514
1788776537.3253918,2026-09-07T10:22:17.325391Z,8259,21,Path Control,65535,255,1.5886823141465933
1788776537.4756527,2026-09-07T10:22:17.475652Z,8259,21,Path Control,65535,255,1.586262324850108
1788776537.6252956,2026-09-07T10:22:17.625295Z,8259,21,Path Control,65535,255,1.5873945360731923
1788776537.7254314,2026-09-07T10:22:17.725431Z,8259,21,Path Control,65535,255,1.5873109982864053
1788776537.8754394,2026-09-07T10:22:17.875439Z,8259,21,Path Control,65535,255,1.5875037157066882
1788776538.0253377,2026-09-07T10:22:18.025337Z,8259,21,Path Control,65535,255,1.5877790144442052
1788776538.1253963,2026-09-07T10:22:18.125396Z,8259,21,Path Control,65535,255,1.5878706948928771
1788776538.2756312,2026-09-07T10:22:18.275631Z,8259,21,Path Control,65535,255,1.5882136046932098
1788776538.4252663,2026-09-07T10:22:18.425266Z,8259,21,Path Control,65535,255,1.588266581237464
1788776538.5253584,2026-09-07T10:22:18.525358Z,8259,21,Path Control,65535,255,1.5885629012848381
1788776538.675461,2026-09-07T10:22:18.675461Z,8259,21,Path Control,65535,255,1.5888486203481595
1788776538.7756302,2026-09-07T10:22:18.775630Z,8259,21,Path Control,65535,255,1.5889537418316217
1788776538.9253993,2026-09-07T10:22:18.925399Z,8259,21,Path Control,65535,255,1.5885082256730347
1788776539.1253245,2026-09-07T10:22:19.125324Z,8259,21,Path Control,65535,255,2.936388415420344
1788776539.275416,2026-09-07T10:22:19.275415Z,8259,21,Path Control,65535,255,2.9554369201812087
1788776539.3755312,2026-09-07T10:22:19.375531Z,8259,21,Path Control,65535,255,2.9756931568774285
1788776539.5254114,2026-09-07T10:22:19.525411Z,8259,21,Path Control,65535,255,2.9958122506395903
1788776539.6754775,2026-09-07T10:22:19.675477Z,8259,21,Path Control,65535,255,3.016302962042753
1788776539.8253026,2026-09-07T10:22:19.825302Z,8259,21,Path Control,65535,255,3.03742106118465
1788776539.925612,2026-09-07T10:22:19.925611Z,8259,21,Path Control,65535,255,3.0518835533173205
1788776540.075563,2026-09-07T10:22:20.075562Z,8259,21,Path Control,65535,255,3.0745328934670186
1788776540.2252657,2026-09-07T10:22:20.225265Z,8259,21,Path Control,65535,255,3.0982302738304752
1788776540.325403,2026-09-07T10:22:20.325402Z,8259,21,Path Control,65535,255,3.112382332772146
1788776540.475567,2026-09-07T10:22:20.475567Z,8259,21,Path Control,65535,255,3.1377578351337845
1788776540.6254292,2026-09-07T10:22:20.625429Z,8259,21,Path Control,65535,255,-3.118083856161511
1788776540.7754555,2026-09-07T10:22:20.775455Z,8259,21,Path Control,65535,255,-3.090627191291648
1788776540.9255023,2026-09-07T10:22:20.925502Z,8259,21,Path Control,65535,255,-3.062143021545966
1788776541.07541,2026-09-07T10:22:21.075409Z,8259,21,Path Control,65535,255,-3.032767982316713
1788776541.2254367,2026-09-07T10:22:21.225436Z,8259,21,Path Control,65535,255,-3.0024860318553617
1788776541.325443,2026-09-07T10:22:21.325443Z,8259,21,Path Control,65535,255,-2.9978258946162906
1788776541.4754336,2026-09-07T10:22:21.475433Z,8259,21,Path Control,65535,255,-2.966800817787491
1788776541.5754628,2026-09-07T10:22:21.575462Z,8259,21,Path Control,65535,255,-2.9456883663361983
1788776541.7254078,2026-09-07T10:22:21.725407Z,8259,21,Path Control,65535,255,-2.913189995702952
1788776541.8754427,2026-09-07T10:22:21.875442Z,8259,21,Path Control,65535,255,-2.879909878358293
1788776542.025324,2026-09-07T10:22:22.025324Z,8259,21,Path Control,65535,255,-2.845988303053624
1788776542.1254125,2026-09-07T10:22:22.125412Z,8259,21,Path Control,65535,255,-2.82330513214528
1788776542.2754624,2026-09-07T10:22:22.275462Z,8259,21,Path Control,65535,255,-2.78929458565191
1788776542.3754866,2026-09-07T10:22:22.375486Z,8259,21,Path Control,65535,255,-2.777123425570725
1788776542.525439,2026-09-07T10:22:22.525439Z,8259,21,Path Control,65535,255,-2.742825784783246
1788776542.6756496,2026-09-07T10:22:22.675649Z,8259,21,Path Control,65535,255,-2.708671111475556
1788776542.8253624,2026-09-07T10:22:22.825362Z,8259,21,Path Control,65535,255,-2.674946690707715
1788776542.9254146,2026-09-07T10:22:22.925414Z,8259,21,Path Control,65535,255,-2.652540973716616
1788776543.0756931,2026-09-07T10:22:23.075693Z,8259,21,Path Control,65535,255,-2.618905173436635
1788776543.225264,2026-09-07T10:22:23.225264Z,8259,21,Path Control,65535,255,-2.585590361065216
1788776543.325487,2026-09-07T10:22:23.325486Z,8259,21,Path Control,65535,255,-2.558821662394589
1788776543.4754827,2026-09-07T10:22:23.475482Z,8259,21,Path Control,65535,255,-2.5260236082430305
1788776543.6253126,2026-09-07T10:22:23.625312Z,8259,21,Path Control,65535,255,-2.4936420184426313
1788776543.7754254,2026-09-07T10:22:23.775425Z,8259,21,Path Control,65535,255,-2.461540912587769
1788776543.9254723,2026-09-07T10:22:23.925472Z,8259,21,Path Control,65535,255,-2.43025690382619
1788776544.0754225,2026-09-07T10:22:24.075422Z,8259,21,Path Control,65535,255,-2.399643745651338
1788776544.2253087,2026-09-07T10:22:24.225308Z,8259,21,Path Control,65535,255,-2.368881120623498
1788776544.3257213,2026-09-07T10:22:24.325721Z,8259,21,Path Control,65535,255,-2.348729059197516
1788776544.4754424,2026-09-07T10:22:24.475442Z,8259,21,Path Control,65535,255,-2.3194613719675425
1788776544.575444,2026-09-07T10:22:24.575443Z,8259,21,Path Control,65535,255,-2.300463411495833
1788776544.7253964,2026-09-07T10:22:24.725396Z,8259,21,Path Control,65535,255,-2.272788610685795
1788776544.875363,2026-09-07T10:22:24.875363Z,8259,21,Path Control,65535,255,-2.2461366564790537
1788776544.9753804,2026-09-07T10:22:24.975380Z,8259,21,Path Control,65535,255,-2.228907976694993
1788776545.125314,2026-09-07T10:22:25.125313Z,8259,21,Path Control,65535,255,-2.2029661600050785
1788776545.2253277,2026-09-07T10:22:25.225327Z,8259,21,Path Control,65535,255,-2.1852350302248835
1788776545.3256,2026-09-07T10:22:25.325599Z,8259,21,Path Control,65535,255,-2.140972019259629
1788776545.4754412,2026-09-07T10:22:25.475441Z,8259,21,Path Control,65535,255,-2.117787771901665
1788776545.5754125,2026-09-07T10:22:25.575412Z,8259,21,Path Control,65535,255,-2.102909756419326
1788776545.675487,2026-09-07T10:22:25.675487Z,8259,21,Path Control,65535,255,-2.0883969668196896
1788776545.8253915,2026-09-07T10:22:25.825391Z,8259,21,Path Control,65535,255,-2.0671272339936015
1788776545.9254959,2026-09-07T10:22:25.925495Z,8259,21,Path Control,65535,255,-2.0534450226094525
1788776546.0753894,2026-09-07T10:22:26.075389Z,8259,21,Path Control,65535,255,-2.0336733269996294
1788776546.2252288,2026-09-07T10:22:26.225228Z,8259,21,Path Control,65535,255,-2.0146965911272408
1788776546.3254938,2026-09-07T10:22:26.325493Z,8259,21,Path Control,65535,255,-2.0023962203645285
1788776546.4754262,2026-09-07T10:22:26.475426Z,8259,21,Path Control,65535,255,-1.9725575330544567
1788776546.6252706,2026-09-07T10:22:26.625270Z,8259,21,Path Control,65535,255,-1.9565993989471142
1788776546.7253973,2026-09-07T10:22:26.725397Z,8259,21,Path Control,65535,255,-1.9463427768791877
1788776546.8753927,2026-09-07T10:22:26.875392Z,8259,21,Path Control,65535,255,-1.9315131993391872
1788776546.9754806,2026-09-07T10:22:26.975480Z,8259,21,Path Control,65535,255,-1.921816362165624
1788776547.1253965,2026-09-07T10:22:27.125396Z,8259,21,Path Control,65535,255,-1.9077741013707419
1788776547.2754333,2026-09-07T10:22:27.275433Z,8259,21,Path Control,65535,255,-1.8942828250786234
1788776547.3755643,2026-09-07T10:22:27.375564Z,8259,21,Path Control,65535,255,-1.86246302554054
1788776547.5253384,2026-09-07T10:22:27.525338Z,8259,21,Path Control,65535,255,-1.8511772574938874
1788776547.625333,2026-09-07T10:22:27.625333Z,8259,21,Path Control,65535,255,-1.8440065190804256
1788776547.7254293,2026-09-07T10:22:27.725429Z,8259,21,Path Control,65535,255,-1.8370819223647712
1788776547.8754065,2026-09-07T10:22:27.875406Z,8259,21,Path Control,65535,255,-1.8271756283436313
1788776548.025387,2026-09-07T10:22:28.025387Z,8259,21,Path Control,65535,255,-1.8177912371572353
1788776548.1254556,2026-09-07T10:22:28.125455Z,8259,21,Path Control,65535,255,-1.8119120460536524
1788776548.2752736,2026-09-07T10:22:28.275273Z,8259,21,Path Control,65535,255,-1.8037024011931166
1788776548.3754635,2026-09-07T10:22:28.375463Z,8259,21,Path Control,65535,255,-1.778262177773278
1788776548.5255497,2026-09-07T10:22:28.525549Z,8259,21,Path Control,65535,255,-1.7713284693835485
1788776548.675518,2026-09-07T10:22:28.675518Z,8259,21,Path Control,65535,255,-1.7648196342497804
1788776548.8253806,2026-09-07T10:22:28.825380Z,8259,21,Path Control,65535,255,-1.7587330532095062
1788776548.9254417,2026-09-07T10:22:28.925441Z,8259,21,Path Control,65535,255,-1.754519183141233
1788776549.075489,2026-09-07T10:22:29.075489Z,8259,21,Path Control,65535,255,-1.748792381283538
1788776549.2252834,2026-09-07T10:22:29.225283Z,8259,21,Path Control,65535,255,-1.7436009376112909
1788776549.3253357,2026-09-07T10:22:29.325335Z,8259,21,Path Control,65535,255,-1.7150037561312899
1788776549.4253407,2026-09-07T10:22:29.425340Z,8259,21,Path Control,65535,255,-1.7121263182479036
1788776549.5259895,2026-09-07T10:22:29.525989Z,8259,21,Path Control,65535,255,-1.709513943742924
1788776549.6754138,2026-09-07T10:22:29.675413Z,8259,21,Path Control,65535,255,-1.7059392196607999
1788776549.7754288,2026-09-07T10:22:29.775428Z,8259,21,Path Control,65535,255,-1.703744793691156
1788776549.8755376,2026-09-07T10:22:29.875537Z,8259,21,Path Control,65535,255,-1.70176075506683
1788776550.0254695,2026-09-07T10:22:30.025469Z,8259,21,Path Control,65535,255,-1.6991520947438565
1788776550.1754258,2026-09-07T10:22:30.175425Z,8259,21,Path Control,65535,255,-1.6968467232865327
1788776550.2755082,2026-09-07T10:22:30.275508Z,8259,21,Path Control,65535,255,-1.6955508043928154
1788776550.4253502,2026-09-07T10:22:30.425350Z,8259,21,Path Control,65535,255,-1.6698893522306597
1788776550.525434,2026-09-07T10:22:30.525434Z,8259,21,Path Control,65535,255,-1.6691437788036876
1788776550.6756437,2026-09-07T10:22:30.675643Z,8259,21,Path Control,65535,255,-1.6683812324139273
1788776550.7754607,2026-09-07T10:22:30.775460Z,8259,21,Path Control,65535,255,-1.6680950351721293
1788776550.8754666,2026-09-07T10:22:30.875466Z,8259,21,Path Control,65535,255,-1.6679385431958504
1788776551.0253522,2026-09-07T10:22:31.025352Z,8259,21,Path Control,65535,255,-1.6677914280319635
1788776551.175324,2026-09-07T10:22:31.175323Z,8259,21,Path Control,65535,255,-1.667975056004674
1788776551.275424,2026-09-07T10:22:31.275424Z,8259,21,Path Control,65535,255,-1.66829281729184
1788776551.4252899,2026-09-07T10:22:31.425289Z,8259,21,Path Control,65535,255,-1.6473993000046798
1788776551.5254147,2026-09-07T10:22:31.525414Z,8259,21,Path Control,65535,255,-1.6481301342261412
1788776551.6755056,2026-09-07T10:22:31.675505Z,8259,21,Path Control,65535,255,-1.6495281754140985
1788776551.7754614,2026-09-07T10:22:31.775461Z,8259,21,Path Control,65535,255,-1.6506462961245547
1788776551.9255626,2026-09-07T10:22:31.925562Z,8259,21,Path Control,65535,255,-1.6526530329878757
1788776552.075417,2026-09-07T10:22:32.075417Z,8259,21,Path Control,65535,255,-1.6548856993566163
1788776552.2252772,2026-09-07T10:22:32.225277Z,8259,21,Path Control,65535,255,-1.6572443434992343
1788776552.3254545,2026-09-07T10:22:32.325454Z,8259,21,Path Control,65535,255,-1.6369381205853593
1788776552.4753563,2026-09-07T10:22:32.475356Z,8259,21,Path Control,65535,255,-1.6397223610587959
1788776552.6253192,2026-09-07T10:22:32.625319Z,8259,21,Path Control,65535,255,-1.6428914888579802
1788776552.7255077,2026-09-07T10:22:32.725507Z,8259,21,Path Control,65535,255,-1.6451148062187602
1788776552.8253965,2026-09-07T10:22:32.825396Z,8259,21,Path Control,65535,255,-1.6475299368597889
1788776552.925444,2026-09-07T10:22:32.925443Z,8259,21,Path Control,65535,255,-1.6501358382239306
1788776553.075458,2026-09-07T10:22:33.075458Z,8259,21,Path Control,65535,255,-1.6543870832125687
1788776553.2252417,2026-09-07T10:22:33.225241Z,8259,21,Path Control,65535,255,-1.659088511184848
1788776553.3253481,2026-09-07T10:22:33.325348Z,8259,21,Path Control,65535,255,-1.638101781345147
1788776553.4755068,2026-09-07T10:22:33.475506Z,8259,21,Path Control,65535,255,-1.6428553039879463
1788776553.6252797,2026-09-07T10:22:33.625279Z,8259,21,Path Control,65535,255,-1.6477905109126958
1788776553.7256982,2026-09-07T10:22:33.725698Z,8259,21,Path Control,65535,255,-1.651254853437921
1788776553.8754163,2026-09-07T10:22:33.875416Z,8259,21,Path Control,65535,255,-1.656832813100216
1788776554.025317,2026-09-07T10:22:34.025316Z,8259,21,Path Control,65535,255,-1.6625807322653439
1788776554.125367,2026-09-07T10:22:34.125366Z,8259,21,Path Control,65535,255,-1.6665671384574108
1788776554.2754738,2026-09-07T10:22:34.275473Z,8259,21,Path Control,65535,255,-1.673102155374727
1788776554.4253693,2026-09-07T10:22:34.425369Z,8259,21,Path Control,65535,255,-1.660590468058809
1788776554.5253742,2026-09-07T10:22:34.525374Z,8259,21,Path Control,65535,255,-1.6653840274522713
1788776554.625403,2026-09-07T10:22:34.625402Z,8259,21,Path Control,65535,255,-1.6703296659679596
1788776554.725893,2026-09-07T10:22:34.725893Z,8259,21,Path Control,65535,255,-1.6755556823108488
1788776554.8754427,2026-09-07T10:22:34.875442Z,8259,21,Path Control,65535,255,-1.6836739436113974
1788776555.0253105,2026-09-07T10:22:35.025310Z,8259,21,Path Control,65535,255,-1.6921299097125797
1788776555.1253722,2026-09-07T10:22:35.125372Z,8259,21,Path Control,65535,255,-1.6981808171973602
1788776555.2753723,2026-09-07T10:22:35.275372Z,8259,21,Path Control,65535,255,-1.7075663670714678
1788776555.3754232,2026-09-07T10:22:35.375423Z,8259,21,Path Control,65535,255,-1.6906870449501048
1788776555.4754517,2026-09-07T10:22:35.475451Z,8259,21,Path Control,65535,255,-1.6970343558342453
1788776555.575627,2026-09-07T10:22:35.575627Z,8259,21,Path Control,65535,255,-1.703587219861891
1788776555.7254238,2026-09-07T10:22:35.725423Z,8259,21,Path Control,65535,255,-1.7135675370518548
1788776555.875497,2026-09-07T10:22:35.875497Z,8259,21,Path Control,65535,255,-1.7242186857527233
1788776556.025331,2026-09-07T10:22:36.025331Z,8259,21,Path Control,65535,255,-1.7352198977820081
1788776556.1254992,2026-09-07T10:22:36.125499Z,8259,21,Path Control,65535,255,-1.7428619266872327
1788776556.2753742,2026-09-07T10:22:36.275374Z,8259,21,Path Control,65535,255,-1.7547931229720681
1788776556.375531,2026-09-07T10:22:36.375530Z,8259,21,Path Control,65535,255,-1.7429013807710274
1788776556.5254145,2026-09-07T10:22:36.525414Z,8259,21,Path Control,65535,255,-1.7551715256664533
1788776556.6754813,2026-09-07T10:22:36.675481Z,8259,21,Path Control,65535,255,-1.7677749211548912
1788776556.825285,2026-09-07T10:22:36.825284Z,8259,21,Path Control,65535,255,-1.780700939012751
1788776556.9254534,2026-09-07T10:22:36.925453Z,8259,21,Path Control,65535,255,-1.7897685914032073
1788776557.0756278,2026-09-07T10:22:37.075627Z,8259,21,Path Control,65535,255,-1.8037927445222066
1788776557.22524,2026-09-07T10:22:37.225239Z,8259,21,Path Control,65535,255,-1.8182718751581972
1788776557.3254464,2026-09-07T10:22:37.325446Z,8259,21,Path Control,65535,255,-1.8213832136951464
1788776557.4754446,2026-09-07T10:22:37.475444Z,8259,21,Path Control,65535,255,-1.8369341770676373
1788776557.5756621,2026-09-07T10:22:37.575662Z,8259,21,Path Control,65535,255,-1.8476752022929683
1788776557.7253458,2026-09-07T10:22:37.725345Z,8259,21,Path Control,65535,255,-1.8641210576114242
1788776557.8754978,2026-09-07T10:22:37.875497Z,8259,21,Path Control,65535,255,-1.8813738662489219
1788776558.0253718,2026-09-07T10:22:38.025371Z,8259,21,Path Control,65535,255,-1.899339873993667
1788776558.1254497,2026-09-07T10:22:38.125449Z,8259,21,Path Control,65535,255,-1.9121561763131432
1788776558.2755,2026-09-07T10:22:38.275500Z,8259,21,Path Control,65535,255,-1.9321748164510788
1788776558.3756526,2026-09-07T10:22:38.375652Z,8259,21,Path Control,65535,255,-1.9269861041894316
1788776558.5254116,2026-09-07T10:22:38.525411Z,8259,21,Path Control,65535,255,-1.9463928682275906
1788776558.675468,2026-09-07T10:22:38.675467Z,8259,21,Path Control,65535,255,-1.9662817361197942
1788776558.825328,2026-09-07T10:22:38.825328Z,8259,21,Path Control,65535,255,-1.9867193749711034
1788776558.9253864,2026-09-07T10:22:38.925386Z,8259,21,Path Control,65535,255,-2.0006247423855124
1788776559.0755427,2026-09-07T10:22:39.075542Z,8259,21,Path Control,65535,255,-2.0215236242327443
1788776559.2252793,2026-09-07T10:22:39.225279Z,8259,21,Path Control,65535,255,-2.0423414097001573
1788776559.3255804,2026-09-07T10:22:39.325580Z,8259,21,Path Control,65535,255,-2.0647365678530347
1788776559.475431,2026-09-07T10:22:39.475430Z,8259,21,Path Control,65535,255,-2.0861460449617417
1788776559.5754707,2026-09-07T10:22:39.575470Z,8259,21,Path Control,65535,255,-2.1003797681264826
1788776559.7254288,2026-09-07T10:22:39.725428Z,8259,21,Path Control,65535,255,-2.121493743416384
1788776559.8755326,2026-09-07T10:22:39.875532Z,8259,21,Path Control,65535,255,-2.142714095224238
1788776560.0253696,2026-09-07T10:22:40.025369Z,8259,21,Path Control,65535,255,-2.1639562688587306
1788776560.1753318,2026-09-07T10:22:40.175331Z,8259,21,Path Control,65535,255,-2.1852894866341166
1788776560.275559,2026-09-07T10:22:40.275558Z,8259,21,Path Control,65535,255,-2.199517936899924
1788776560.425316,2026-09-07T10:22:40.425316Z,8259,21,Path Control,65535,255,-2.2292367830492736
1788776560.5254235,2026-09-07T10:22:40.525423Z,8259,21,Path Control,65535,255,-2.2435423868975404
1788776560.6754649,2026-09-07T10:22:40.675464Z,8259,21,Path Control,65535,255,-2.264810119232391
1788776560.8253033,2026-09-07T10:22:40.825303Z,8259,21,Path Control,65535,255,-2.285664960104009
1788776560.9254372,2026-09-07T10:22:40.925437Z,8259,21,Path Control,65535,255,-2.299305146856184
1788776561.0754218,2026-09-07T10:22:41.075421Z,8259,21,Path Control,65535,255,-2.3191291612835556
1788776561.2252629,2026-09-07T10:22:41.225262Z,8259,21,Path Control,65535,255,-2.3382731439082414
1788776561.3254325,2026-09-07T10:22:41.325432Z,8259,21,Path Control,65535,255,-2.3701501565717686
1788776561.4754345,2026-09-07T10:22:41.475434Z,8259,21,Path Control,65535,255,-2.389126281920862
1788776561.5756226,2026-09-07T10:22:41.575622Z,8259,21,Path Control,65535,255,-2.4016545281708037
1788776561.7254572,2026-09-07T10:22:41.725457Z,8259,21,Path Control,65535,255,-2.419901855874105
1788776561.875457,2026-09-07T10:22:41.875457Z,8259,21,Path Control,65535,255,-2.4365338494781557
1788776562.0254076,2026-09-07T10:22:42.025407Z,8259,21,Path Control,65535,255,-2.4532056892941996
1788776562.1254137,2026-09-07T10:22:42.125413Z,8259,21,Path Control,65535,255,-2.4633695022487316
1788776562.275537,2026-09-07T10:22:42.275537Z,8259,21,Path Control,65535,255,-2.47855307344787
1788776562.4253325,2026-09-07T10:22:42.425332Z,8259,21,Path Control,65535,255,-2.522064267441103
1788776562.52541,2026-09-07T10:22:42.525409Z,8259,21,Path Control,65535,255,-2.5309207999563315
1788776562.675553,2026-09-07T10:22:42.675553Z,8259,21,Path Control,65535,255,-2.543708677373639
1788776562.8253016,2026-09-07T10:22:42.825301Z,8259,21,Path Control,65535,255,-2.5558956220952394
1788776562.9255457,2026-09-07T10:22:42.925545Z,8259,21,Path Control,65535,255,-2.564011030347171
1788776563.0754952,2026-09-07T10:22:43.075495Z,8259,21,Path Control,65535,255,-2.5749112494595767
1788776563.2252936,2026-09-07T10:22:43.225293Z,8259,21,Path Control,65535,255,-2.5846167390828656
1788776563.3255312,2026-09-07T10:22:43.325531Z,8259,21,Path Control,65535,255,-2.642170199447498
1788776563.4254336,2026-09-07T10:22:43.425433Z,8259,21,Path Control,65535,255,-2.6475746633074397
1788776563.525503,2026-09-07T10:22:43.525502Z,8259,21,Path Control,65535,255,-2.6529080182831484
1788776563.6754375,2026-09-07T10:22:43.675437Z,8259,21,Path Control,65535,255,-2.6607340887472137
1788776563.775458,2026-09-07T10:22:43.775458Z,8259,21,Path Control,65535,255,-2.665820694697368
1788776563.9253895,2026-09-07T10:22:43.925389Z,8259,21,Path Control,65535,255,-2.6720394483729955
1788776564.0754461,2026-09-07T10:22:44.075446Z,8259,21,Path Control,65535,255,-2.677360254224931
1788776564.2253735,2026-09-07T10:22:44.225373Z,8259,21,Path Control,65535,255,-2.6821043981855173
1788776564.325497,2026-09-07T10:22:44.325496Z,8259,21,Path Control,65535,255,-2.733258066498301
1788776564.4754524,2026-09-07T10:22:44.475452Z,8259,21,Path Control,65535,255,-2.737399726837178
1788776564.575634,2026-09-07T10:22:44.575634Z,8259,21,Path Control,65535,255,-2.7403403812238936
1788776564.72534,2026-09-07T10:22:44.725339Z,8259,21,Path Control,65535,255,-2.7441904970728976
1788776564.825401,2026-09-07T10:22:44.825401Z,8259,21,Path Control,65535,255,-2.746129549320253
1788776564.925607,2026-09-07T10:22:44.925606Z,8259,21,Path Control,65535,255,-2.747649903792184
1788776565.0754547,2026-09-07T10:22:45.075454Z,8259,21,Path Control,65535,255,-2.749436262292577
1788776565.2252624,2026-09-07T10:22:45.225262Z,8259,21,Path Control,65535,255,-2.7508455261057816
1788776565.3253756,2026-09-07T10:22:45.325375Z,8259,21,Path Control,65535,255,-2.79785119667664
1788776565.4754746,2026-09-07T10:22:45.475474Z,8259,21,Path Control,65535,255,-2.7975186145288418
1788776565.5754802,2026-09-07T10:22:45.575480Z,8259,21,Path Control,65535,255,-2.7971202827543276
1788776565.7254205,2026-09-07T10:22:45.725420Z,8259,21,Path Control,65535,255,-2.796045918771142
1788776565.875493,2026-09-07T10:22:45.875493Z,8259,21,Path Control,65535,255,-2.794453980152534
1788776566.0253127,2026-09-07T10:22:46.025312Z,8259,21,Path Control,65535,255,-2.792354664242152
1788776566.125395,2026-09-07T10:22:46.125395Z,8259,21,Path Control,65535,255,-2.790819395700209
1788776566.2756186,2026-09-07T10:22:46.275618Z,8259,21,Path Control,65535,255,-2.7878753244330317
1788776566.4253302,2026-09-07T10:22:46.425330Z,8259,21,Path Control,65535,255,-2.835812380044649
1788776566.5253785,2026-09-07T10:22:46.525378Z,8259,21,Path Control,65535,255,-2.833325494290054
1788776566.6756241,2026-09-07T10:22:46.675624Z,8259,21,Path Control,65535,255,-2.829233661224204
1788776566.8253067,2026-09-07T10:22:46.825306Z,8259,21,Path Control,65535,255,-2.824889621954244
1788776566.9253938,2026-09-07T10:22:46.925393Z,8259,21,Path Control,65535,255,-2.821750578454083
1788776567.0755672,2026-09-07T10:22:47.075567Z,8259,21,Path Control,65535,255,-2.8170018564411374
1788776567.225266,2026-09-07T10:22:47.225265Z,8259,21,Path Control,65535,255,-2.812196604486996
1788776567.325574,2026-09-07T10:22:47.325573Z,8259,21,Path Control,65535,255,-2.852194358997664
1788776567.4755235,2026-09-07T10:22:47.475523Z,8259,21,Path Control,65535,255,-2.8471551667981476
1788776567.625323,2026-09-07T10:22:47.625323Z,8259,21,Path Control,65535,255,-2.842215747140348
1788776567.7254517,2026-09-07T10:22:47.725451Z,8259,21,Path Control,65535,255,-2.83886866291517
1788776567.8754544,2026-09-07T10:22:47.875454Z,8259,21,Path Control,65535,255,-2.833310669917372
1788776568.0252557,2026-09-07T10:22:48.025255Z,8259,21,Path Control,65535,255,-2.8273030146679714
1788776568.1254103,2026-09-07T10:22:48.125410Z,8259,21,Path Control,65535,255,-2.8229627281892347
1788776568.2754614,2026-09-07T10:22:48.275461Z,8259,21,Path Control,65535,255,-2.8162796707566016
1788776568.425301,2026-09-07T10:22:48.425301Z,8259,21,Path Control,65535,255,-2.8490357786572
1788776568.5253649,2026-09-07T10:22:48.525364Z,8259,21,Path Control,65535,255,-2.8447110801632913
1788776568.6754677,2026-09-07T10:22:48.675467Z,8259,21,Path Control,65535,255,-2.8384768316917315
1788776568.8252785,2026-09-07T10:22:48.825278Z,8259,21,Path Control,65535,255,-2.832180821117855
1788776568.9253883,2026-09-07T10:22:48.925388Z,8259,21,Path Control,65535,255,-2.8276728102265722
1788776569.07545,2026-09-07T10:22:49.075449Z,8259,21,Path Control,65535,255,-2.820239254961531
1788776569.225264,2026-09-07T10:22:49.225264Z,8259,21,Path Control,65535,255,-2.8124568273649904
1788776569.325644,2026-09-07T10:22:49.325644Z,8259,21,Path Control,65535,255,-2.843299632473325
1788776569.4754758,2026-09-07T10:22:49.475475Z,8259,21,Path Control,65535,255,-2.8357460462589827
1788776569.6252928,2026-09-07T10:22:49.625292Z,8259,21,Path Control,65535,255,-2.8286147329461513
1788776569.7255025,2026-09-07T10:22:49.725502Z,8259,21,Path Control,65535,255,-2.8237213276211546
1788776569.875429,2026-09-07T10:22:49.875428Z,8259,21,Path Control,65535,255,-2.816417753976654
1788776570.0253258,2026-09-07T10:22:50.025325Z,8259,21,Path Control,65535,255,-2.8091872793024444
1788776570.125496,2026-09-07T10:22:50.125495Z,8259,21,Path Control,65535,255,-2.8045219173457734
1788776570.275515,2026-09-07T10:22:50.275515Z,8259,21,Path Control,65535,255,-2.797303912726956
1788776570.4252913,2026-09-07T10:22:50.425291Z,8259,21,Path Control,65535,255,-2.815779256820896
1788776570.5254574,2026-09-07T10:22:50.525457Z,8259,21,Path Control,65535,255,-2.8111105946942363
1788776570.675505,2026-09-07T10:22:50.675504Z,8259,21,Path Control,65535,255,-2.8038696528493885
1788776570.7755847,2026-09-07T10:22:50.775584Z,8259,21,Path Control,65535,255,-2.7989724884494214
1788776570.925393,2026-09-07T10:22:50.925393Z,8259,21,Path Control,65535,255,-2.7919117380345053
1788776571.0754642,2026-09-07T10:22:51.075464Z,8259,21,Path Control,65535,255,-2.7848200200937616
1788776571.2254508,2026-09-07T10:22:51.225450Z,8259,21,Path Control,65535,255,-2.7776533107632706
1788776571.3756332,2026-09-07T10:22:51.375633Z,8259,21,Path Control,65535,255,-2.789192762811093
1788776571.525403,2026-09-07T10:22:51.525403Z,8259,21,Path Control,65535,255,-2.783122406293614
1788776571.675662,2026-09-07T10:22:51.675662Z,8259,21,Path Control,65535,255,-2.7769778326875976
1788776571.825321,2026-09-07T10:22:51.825320Z,8259,21,Path Control,65535,255,-2.770532118494009
1788776571.9254675,2026-09-07T10:22:51.925467Z,8259,21,Path Control,65535,255,-2.7661361495516257
1788776572.0755787,2026-09-07T10:22:52.075578Z,8259,21,Path Control,65535,255,-2.7592556915955386
1788776572.2252364,2026-09-07T10:22:52.225236Z,8259,21,Path Control,65535,255,-2.752250937273224
1788776572.3254106,2026-09-07T10:22:52.325410Z,8259,21,Path Control,65535,255,-2.7638647941769565
1788776572.4754043,2026-09-07T10:22:52.475404Z,8259,21,Path Control,65535,255,-2.7575267171419244
1788776572.5756772,2026-09-07T10:22:52.575677Z,8259,21,Path Control,65535,255,-2.7533596814245316
1788776572.7253168,2026-09-07T10:22:52.725316Z,8259,21,Path Control,65535,255,-2.7476076153699007
1788776572.8755462,2026-09-07T10:22:52.875546Z,8259,21,Path Control,65535,255,-2.7421502950035417
1788776573.0253265,2026-09-07T10:22:53.025326Z,8259,21,Path Control,65535,255,-2.736717243600365
1788776573.1253886,2026-09-07T10:22:53.125388Z,8259,21,Path Control,65535,255,-2.7334954751525067
1788776573.2755518,2026-09-07T10:22:53.275551Z,8259,21,Path Control,65535,255,-2.7278235458174858
1788776573.4252946,2026-09-07T10:22:53.425294Z,8259,21,Path Control,65535,255,-2.737865806920527
1788776573.5254893,2026-09-07T10:22:53.525489Z,8259,21,Path Control,65535,255,-2.7334640825226764
1788776573.6754844,2026-09-07T10:22:53.675484Z,8259,21,Path Control,65535,255,-2.7278155552957806
1788776573.7755919,2026-09-07T10:22:53.775591Z,8259,21,Path Control,65535,255,-2.7245296246463466
1788776573.925436,2026-09-07T10:22:53.925436Z,8259,21,Path Control,65535,255,-2.720025269480406
1788776574.0754814,2026-09-07T10:22:54.075481Z,8259,21,Path Control,65535,255,-2.715888479246327
1788776574.2252595,2026-09-07T10:22:54.225259Z,8259,21,Path Control,65535,255,-2.711941850556026
1788776574.325402,2026-09-07T10:22:54.325402Z,8259,21,Path Control,65535,255,-2.726908577664713
1788776574.4754634,2026-09-07T10:22:54.475463Z,8259,21,Path Control,65535,255,-2.7222899861728007
1788776574.5756416,2026-09-07T10:22:54.575641Z,8259,21,Path Control,65535,255,-2.718797779162375
1788776574.7253857,2026-09-07T10:22:54.725385Z,8259,21,Path Control,65535,255,-2.713722242641652
1788776574.8754656,2026-09-07T10:22:54.875465Z,8259,21,Path Control,65535,255,-2.709224850245058
1788776574.9755394,2026-09-07T10:22:54.975539Z,8259,21,Path Control,65535,255,-2.706474061301539
1788776575.125341,2026-09-07T10:22:55.125340Z,8259,21,Path Control,65535,255,-2.7029015036851534
1788776575.2755065,2026-09-07T10:22:55.275506Z,8259,21,Path Control,65535,255,-2.699370979006971
1788776575.4253082,2026-09-07T10:22:55.425308Z,8259,21,Path Control,65535,255,-2.706859615688119
1788776575.525348,2026-09-07T10:22:55.525347Z,8259,21,Path Control,65535,255,-2.7045930301999124
1788776575.625377,2026-09-07T10:22:55.625376Z,8259,21,Path Control,65535,255,-2.7023856947433096
1788776575.7253885,2026-09-07T10:22:55.725388Z,8259,21,Path Control,65535,255,-2.7001766543749044
1788776575.8754587,2026-09-07T10:22:55.875458Z,8259,21,Path Control,65535,255,-2.696545839710186
1788776576.025315,2026-09-07T10:22:56.025315Z,8259,21,Path Control,65535,255,-2.692678715992116
1788776576.1254222,2026-09-07T10:22:56.125422Z,8259,21,Path Control,65535,255,-2.6900660221164148
1788776576.2753582,2026-09-07T10:22:56.275358Z,8259,21,Path Control,65535,255,-2.686162699921492
1788776576.3757145,2026-09-07T10:22:56.375714Z,8259,21,Path Control,65535,255,-2.6859582172821823
1788776576.5253336,2026-09-07T10:22:56.525333Z,8259,21,Path Control,65535,255,-2.682237099325048
1788776576.675398,2026-09-07T10:22:56.675398Z,8259,21,Path Control,65535,255,-2.6791658703434678
1788776576.7755017,2026-09-07T10:22:56.775501Z,8259,21,Path Control,65535,255,-2.6774807522602098
1788776576.9253428,2026-09-07T10:22:56.925342Z,8259,21,Path Control,65535,255,-2.6751884757611797
1788776577.0254061,2026-09-07T10:22:57.025406Z,8259,21,Path Control,65535,255,-2.673703242616683
1788776577.1254978,2026-09-07T10:22:57.125497Z,8259,21,Path Control,65535,255,-2.6722466084402208
1788776577.2755125,2026-09-07T10:22:57.275512Z,8259,21,Path Control,65535,255,-2.6697589506580575
1788776577.3755176,2026-09-07T10:22:57.375517Z,8259,21,Path Control,65535,255,-2.6709378587412296
1788776577.5254016,2026-09-07T10:22:57.525401Z,8259,21,Path Control,65535,255,-2.6685035693698285
1788776577.6754553,2026-09-07T10:22:57.675455Z,8259,21,Path Control,65535,255,-2.6657970602348193
1788776577.8253565,2026-09-07T10:22:57.825356Z,8259,21,Path Control,65535,255,-2.662909476173381
1788776577.9254355,2026-09-07T10:22:57.925435Z,8259,21,Path Control,65535,255,-2.6610828213061657
1788776578.0754542,2026-09-07T10:22:58.075454Z,8259,21,Path Control,65535,255,-2.65842522751955
1788776578.2252398,2026-09-07T10:22:58.225239Z,8259,21,Path Control,65535,255,-2.656001349476958
1788776578.3255126,2026-09-07T10:22:58.325512Z,8259,21,Path Control,65535,255,-2.6669941117475457
1788776578.4754617,2026-09-07T10:22:58.475461Z,8259,21,Path Control,65535,255,-2.664686709062849
1788776578.5754843,2026-09-07T10:22:58.575484Z,8259,21,Path Control,65535,255,-2.6630554708657246
1788776578.6754923,2026-09-07T10:22:58.675492Z,8259,21,Path Control,65535,255,-2.661313793910786
1788776578.8253093,2026-09-07T10:22:58.825309Z,8259,21,Path Control,65535,255,-2.65889676540649
1788776578.9253807,2026-09-07T10:22:58.925380Z,8259,21,Path Control,65535,255,-2.6578521447970855
1788776579.0755196,2026-09-07T10:22:59.075519Z,8259,21,Path Control,65535,255,-2.6563004207400547
1788776579.2252867,2026-09-07T10:22:59.225286Z,8259,21,Path Control,65535,255,-2.6548753717319444
1788776579.325426,2026-09-07T10:22:59.325426Z,8259,21,Path Control,65535,255,-2.65683001468763
1788776579.475453,2026-09-07T10:22:59.475452Z,8259,21,Path Control,65535,255,-2.655571918909984
1788776579.6253586,2026-09-07T10:22:59.625358Z,8259,21,Path Control,65535,255,-2.654301592913029
1788776579.725486,2026-09-07T10:22:59.725486Z,8259,21,Path Control,65535,255,-2.653741957999424
1788776579.8754084,2026-09-07T10:22:59.875408Z,8259,21,Path Control,65535,255,-2.652893251262636
1788776580.0254147,2026-09-07T10:23:00.025414Z,8259,21,Path Control,65535,255,-2.652181342939474
1788776580.125609,2026-09-07T10:23:00.125608Z,8259,21,Path Control,65535,255,-2.651749740303027
1788776580.2754464,2026-09-07T10:23:00.275446Z,8259,21,Path Control,65535,255,-2.6502502170452202
1788776580.4254699,2026-09-07T10:23:00.425469Z,8259,21,Path Control,65535,255,-2.6562389808234044
1788776580.5254502,2026-09-07T10:23:00.525450Z,8259,21,Path Control,65535,255,-2.6560087227093723
1788776580.6754525,2026-09-07T10:23:00.675452Z,8259,21,Path Control,65535,255,-2.6557095270859277
1788776580.8252928,2026-09-07T10:23:00.825292Z,8259,21,Path Control,65535,255,-2.6553921110917966
1788776580.9254782,2026-09-07T10:23:00.925478Z,8259,21,Path Control,65535,255,-2.6552643122320263
1788776581.075483,2026-09-07T10:23:01.075483Z,8259,21,Path Control,65535,255,-2.6550744846681718
1788776581.2252991,2026-09-07T10:23:01.225299Z,8259,21,Path Control,65535,255,-2.6548450874361964
1788776581.3253376,2026-09-07T10:23:01.325337Z,8259,21,Path Control,65535,255,-2.653797516304756
1788776581.4754725,2026-09-07T10:23:01.475472Z,8259,21,Path Control,65535,255,-2.6537869670145486
1788776581.6252747,2026-09-07T10:23:01.625274Z,8259,21,Path Control,65535,255,-2.6538606893284435
1788776581.7255204,2026-09-07T10:23:01.725520Z,8259,21,Path Control,65535,255,-2.653889122315433
1788776581.8253977,2026-09-07T10:23:01.825397Z,8259,21,Path Control,65535,255,-2.653645702004601
1788776581.975425,2026-09-07T10:23:01.975425Z,8259,21,Path Control,65535,255,-2.6533086385553406
1788776582.0754154,2026-09-07T10:23:02.075415Z,8259,21,Path Control,65535,255,-2.6529928771821054
1788776582.225317,2026-09-07T10:23:02.225317Z,8259,21,Path Control,65535,255,-2.6523880310559234
1788776582.325431,2026-09-07T10:23:02.325431Z,8259,21,Path Control,65535,255,-2.658724011912162
1788776582.4754815,2026-09-07T10:23:02.475481Z,8259,21,Path Control,65535,255,-2.657671413841125
1788776582.6252909,2026-09-07T10:23:02.625290Z,8259,21,Path Control,65535,255,-2.6565449720530667
1788776582.725507,2026-09-07T10:23:02.725507Z,8259,21,Path Control,65535,255,-2.65556286371967
1788776582.8752983,2026-09-07T10:23:02.875298Z,8259,21,Path Control,65535,255,-2.6543677826933294
1788776582.975369,2026-09-07T10:23:02.975368Z,8259,21,Path Control,65535,255,-2.653547518192817
1788776583.0754683,2026-09-07T10:23:03.075468Z,8259,21,Path Control,65535,255,-2.653014342071728
1788776583.2252555,2026-09-07T10:23:03.225255Z,8259,21,Path Control,65535,255,-2.6520113987533755
1788776583.32567,2026-09-07T10:23:03.325670Z,8259,21,Path Control,65535,255,-2.667865080329343
1788776583.475513,2026-09-07T10:23:03.475512Z,8259,21,Path Control,65535,255,-2.666113993652241
1788776583.5755763,2026-09-07T10:23:03.575576Z,8259,21,Path Control,65535,255,-2.664855439649028
1788776583.7253356,2026-09-07T10:23:03.725335Z,8259,21,Path Control,65535,255,-2.6632382351915282
1788776583.8753297,2026-09-07T10:23:03.875329Z,8259,21,Path Control,65535,255,-2.6619190838820384
1788776584.025436,2026-09-07T10:23:04.025435Z,8259,21,Path Control,65535,255,-2.6609313014668645
1788776584.1753726,2026-09-07T10:23:04.175372Z,8259,21,Path Control,65535,255,-2.6596437383845766
1788776584.2754905,2026-09-07T10:23:04.275490Z,8259,21,Path Control,65535,255,-2.6591270660423296
1788776584.425355,2026-09-07T10:23:04.425354Z,8259,21,Path Control,65535,255,-2.668430768439705
1788776584.5253875,2026-09-07T10:23:04.525387Z,8259,21,Path Control,65535,255,-2.6685113574960218
1788776584.6755085,2026-09-07T10:23:04.675508Z,8259,21,Path Control,65535,255,-2.6687381567019672
1788776584.8253,2026-09-07T10:23:04.825299Z,8259,21,Path Control,65535,255,-2.669041499005409
1788776584.9254057,2026-09-07T10:23:04.925405Z,8259,21,Path Control,65535,255,-2.6687999479134104
1788776585.0756288,2026-09-07T10:23:05.075628Z,8259,21,Path Control,65535,255,-2.668281279295973
1788776585.2253602,2026-09-07T10:23:05.225360Z,8259,21,Path Control,65535,255,-2.6675498164686235
1788776585.3754473,2026-09-07T10:23:05.375447Z,8259,21,Path Control,65535,255,-2.6754029553292145
1788776585.475507,2026-09-07T10:23:05.475507Z,8259,21,Path Control,65535,255,-2.6746875837157162
1788776585.5755894,2026-09-07T10:23:05.575589Z,8259,21,Path Control,65535,255,-2.673958138233716
1788776585.6756115,2026-09-07T10:23:05.675611Z,8259,21,Path Control,65535,255,-2.673461134576076
1788776585.8253791,2026-09-07T10:23:05.825379Z,8259,21,Path Control,65535,255,-2.672716800044135
1788776585.9254818,2026-09-07T10:23:05.925481Z,8259,21,Path Control,65535,255,-2.672285288193283
1788776586.075486,2026-09-07T10:23:06.075485Z,8259,21,Path Control,65535,255,-2.671481843904083
1788776586.2252991,2026-09-07T10:23:06.225299Z,8259,21,Path Control,65535,255,-2.670749617621769
1788776586.325582,2026-09-07T10:23:06.325582Z,8259,21,Path Control,65535,255,-2.6700702477637512
1788776586.4754472,2026-09-07T10:23:06.475447Z,8259,21,Path Control,65535,255,-2.68637043357885
1788776586.6253397,2026-09-07T10:23:06.625339Z,8259,21,Path Control,65535,255,-2.6853989722789273
1788776586.7253952,2026-09-07T10:23:06.725395Z,8259,21,Path Control,65535,255,-2.684799504565561
1788776586.8753576,2026-09-07T10:23:06.875357Z,8259,21,Path Control,65535,255,-2.683643585401348
1788776586.9754086,2026-09-07T10:23:06.975408Z,8259,21,Path Control,65535,255,-2.682224047156257
1788776587.0756283,2026-09-07T10:23:07.075628Z,8259,21,Path Control,65535,255,-2.6807100633329632
1788776587.225279,2026-09-07T10:23:07.225279Z,8259,21,Path Control,65535,255,-2.67911623051185
1788776587.3254325,2026-09-07T10:23:07.325432Z,8259,21,Path Control,65535,255,-2.694827356591712
1788776587.4254513,2026-09-07T10:23:07.425451Z,8259,21,Path Control,65535,255,-2.694215269855346
1788776587.5756288,2026-09-07T10:23:07.575628Z,8259,21,Path Control,65535,255,-2.691804875558594
1788776587.725459,2026-09-07T10:23:07.725459Z,8259,21,Path Control,65535,255,-2.6897021074973053
1788776587.8754654,2026-09-07T10:23:07.875465Z,8259,21,Path Control,65535,255,-2.687590237734204
1788776588.0253785,2026-09-07T10:23:08.025378Z,8259,21,Path Control,65535,255,-2.685468544607474
1788776588.1253994,2026-09-07T10:23:08.125399Z,8259,21,Path Control,65535,255,-2.684597115863147
1788776588.2756565,2026-09-07T10:23:08.275656Z,8259,21,Path Control,65535,255,-2.683045553333953
1788776588.4253354,2026-09-07T10:23:08.425335Z,8259,21,Path Control,65535,255,-2.6985565104119167
1788776588.5254824,2026-09-07T10:23:08.525482Z,8259,21,Path Control,65535,255,-2.6978952175746604
1788776588.6755126,2026-09-07T10:23:08.675512Z,8259,21,Path Control,65535,255,-2.6966055693503392
1788776588.7757049,2026-09-07T10:23:08.775704Z,8259,21,Path Control,65535,255,-2.6957251541691445
1788776588.9254177,2026-09-07T10:23:08.925417Z,8259,21,Path Control,65535,255,-2.6936506186134106
1788776589.0756516,2026-09-07T10:23:09.075651Z,8259,21,Path Control,65535,255,-2.691288475539813
1788776589.2253122,2026-09-07T10:23:09.225312Z,8259,21,Path Control,65535,255,-2.6889607640124833
1788776589.3254418,2026-09-07T10:23:09.325441Z,8259,21,Path Control,65535,255,-2.700070267203438
1788776589.475623,2026-09-07T10:23:09.475622Z,8259,21,Path Control,65535,255,-2.698780072404502
1788776589.6253455,2026-09-07T10:23:09.625345Z,8259,21,Path Control,65535,255,-2.6981048338001354
1788776589.7253897,2026-09-07T10:23:09.725389Z,8259,21,Path Control,65535,255,-2.6976440281043605
1788776589.875685,2026-09-07T10:23:09.875684Z,8259,21,Path Control,65535,255,-2.6963790375791197
1788776590.0252805,2026-09-07T10:23:10.025280Z,8259,21,Path Control,65535,255,-2.694738190343295
1788776590.1255138,2026-09-07T10:23:10.125513Z,8259,21,Path Control,65535,255,-2.6931072449323135
1788776590.2756543,2026-09-07T10:23:10.275654Z,8259,21,Path Control,65535,255,-2.6909664548293253
1788776590.4252684,2026-09-07T10:23:10.425268Z,8259,21,Path Control,65535,255,-2.699501889952007
1788776590.5254822,2026-09-07T10:23:10.525482Z,8259,21,Path Control,65535,255,-2.6984366659660295
1788776590.6756546,2026-09-07T10:23:10.675654Z,8259,21,Path Control,65535,255,-2.696512390130708
1788776590.825293,2026-09-07T10:23:10.825293Z,8259,21,Path Control,65535,255,-2.694525404979355
1788776590.9254367,2026-09-07T10:23:10.925436Z,8259,21,Path Control,65535,255,-2.6925603107891374
1788776591.0756295,2026-09-07T10:23:11.075629Z,8259,21,Path Control,65535,255,-2.689977696698986
1788776591.225241,2026-09-07T10:23:11.225240Z,8259,21,Path Control,65535,255,-2.68749728906312
1788776591.3254137,2026-09-07T10:23:11.325413Z,8259,21,Path Control,65535,255,-2.7064175974478943
1788776591.4756238,2026-09-07T10:23:11.475623Z,8259,21,Path Control,65535,255,-2.7047403298819876
1788776591.5756426,2026-09-07T10:23:11.575642Z,8259,21,Path Control,65535,255,-2.703713253425287
1788776591.7254906,2026-09-07T10:23:11.725490Z,8259,21,Path Control,65535,255,-2.702238188055752
1788776591.8755088,2026-09-07T10:23:11.875508Z,8259,21,Path Control,65535,255,-2.700640057695605
1788776592.0254686,2026-09-07T10:23:12.025468Z,8259,21,Path Control,65535,255,-2.6989933648964786
1788776592.125568,2026-09-07T10:23:12.125567Z,8259,21,Path Control,65535,255,-2.697812087701152
1788776592.2754996,2026-09-07T10:23:12.275499Z,8259,21,Path Control,65535,255,-2.6958108905325227
1788776592.4253237,2026-09-07T10:23:12.425323Z,8259,21,Path Control,65535,255,-2.710035245350291
1788776592.5255134,2026-09-07T10:23:12.525513Z,8259,21,Path Control,65535,255,-2.709032345509236
1788776592.6754737,2026-09-07T10:23:12.675473Z,8259,21,Path Control,65535,255,-2.7077258436204916
1788776592.8255134,2026-09-07T10:23:12.825513Z,8259,21,Path Control,65535,255,-2.7062208551279214
1788776592.9753728,2026-09-07T10:23:12.975372Z,8259,21,Path Control,65535,255,-2.7041442286637167
1788776593.075648,2026-09-07T10:23:13.075648Z,8259,21,Path Control,65535,255,-2.7028613565975137
1788776593.2253509,2026-09-07T10:23:13.225350Z,8259,21,Path Control,65535,255,-2.7010774749594852
1788776593.3254879,2026-09-07T10:23:13.325487Z,8259,21,Path Control,65535,255,-2.705556883684969
1788776593.4754348,2026-09-07T10:23:13.475434Z,8259,21,Path Control,65535,255,-2.704000360169606
1788776593.6252775,2026-09-07T10:23:13.625277Z,8259,21,Path Control,65535,255,-2.7026416705528407
1788776593.7256074,2026-09-07T10:23:13.725607Z,8259,21,Path Control,65535,255,-2.7018617267640987
1788776593.8754652,2026-09-07T10:23:13.875465Z,8259,21,Path Control,65535,255,-2.700714678867463
1788776594.0254855,2026-09-07T10:23:14.025485Z,8259,21,Path Control,65535,255,-2.699638851868964
1788776594.1753097,2026-09-07T10:23:14.175309Z,8259,21,Path Control,65535,255,-2.698112750044517
1788776594.2754583,2026-09-07T10:23:14.275458Z,8259,21,Path Control,65535,255,-2.696926417675023
1788776594.4253948,2026-09-07T10:23:14.425394Z,8259,21,Path Control,65535,255,-2.704272854260438
1788776594.525472,2026-09-07T10:23:14.525471Z,8259,21,Path Control,65535,255,-2.70285219045364
1788776594.6754172,2026-09-07T10:23:14.675417Z,8259,21,Path Control,65535,255,-2.701303912804818
1788776594.8252897,2026-09-07T10:23:14.825289Z,8259,21,Path Control,65535,255,-2.699659661057249
1788776594.9253304,2026-09-07T10:23:14.925330Z,8259,21,Path Control,65535,255,-2.6990773375164685
1788776595.02545,2026-09-07T10:23:15.025449Z,8259,21,Path Control,65535,255,-2.698353973074365
1788776595.1752691,2026-09-07T10:23:15.175269Z,8259,21,Path Control,65535,255,-2.6967930092039847
1788776595.275431,2026-09-07T10:23:15.275430Z,8259,21,Path Control,65535,255,-2.6959650581850467
1788776595.3754878,2026-09-07T10:23:15.375487Z,8259,21,Path Control,65535,255,-2.705454676046539
1788776595.525451,2026-09-07T10:23:15.525450Z,8259,21,Path Control,65535,255,-2.70400621485238
1788776595.6753798,2026-09-07T10:23:15.675379Z,8259,21,Path Control,65535,255,-2.702753061429181
1788776595.775454,2026-09-07T10:23:15.775454Z,8259,21,Path Control,65535,255,-2.7019162883553984
1788776595.8754714,2026-09-07T10:23:15.875471Z,8259,21,Path Control,65535,255,-2.7012434939251073
1788776596.0252724,2026-09-07T10:23:16.025272Z,8259,21,Path Control,65535,255,-2.7002904415905604
1788776596.1253138,2026-09-07T10:23:16.125313Z,8259,21,Path Control,65535,255,-2.6996753884774116
1788776596.2755096,2026-09-07T10:23:16.275509Z,8259,21,Path Control,65535,255,-2.6988479553294087
1788776596.4255238,2026-09-07T10:23:16.425523Z,8259,21,Path Control,65535,255,-2.706019494855154
1788776596.5256352,2026-09-07T10:23:16.525635Z,8259,21,Path Control,65535,255,-2.7045849302276617
1788776596.67547,2026-09-07T10:23:16.675470Z,8259,21,Path Control,65535,255,-2.7024608363076497
1788776596.8253374,2026-09-07T10:23:16.825337Z,8259,21,Path Control,65535,255,-2.70049028146518
1788776596.9255476,2026-09-07T10:23:16.925547Z,8259,21,Path Control,65535,255,-2.699102328006776
1788776597.0754673,2026-09-07T10:23:17.075467Z,8259,21,Path Control,65535,255,-2.698134640724324
1788776597.2253115,2026-09-07T10:23:17.225311Z,8259,21,Path Control,65535,255,-2.696899185538636
1788776597.3258846,2026-09-07T10:23:17.325884Z,8259,21,Path Control,65535,255,-2.7103830681843513
1788776597.4753716,2026-09-07T10:23:17.475371Z,8259,21,Path Control,65535,255,-2.709291029189151
1788776597.5753825,2026-09-07T10:23:17.575382Z,8259,21,Path Control,65535,255,-2.70864473510911
1788776597.675425,2026-09-07T10:23:17.675425Z,8259,21,Path Control,65535,255,-2.707870324606942
1788776597.8253412,2026-09-07T10:23:17.825341Z,8259,21,Path Control,65535,255,-2.7056289488770227
1788776597.9253747,2026-09-07T10:23:17.925374Z,8259,21,Path Control,65535,255,-2.7042633684313837
1788776598.07556,2026-09-07T10:23:18.075560Z,8259,21,Path Control,65535,255,-2.702242099967481
1788776598.2252493,2026-09-07T10:23:18.225249Z,8259,21,Path Control,65535,255,-2.700254373113595
1788776598.325381,2026-09-07T10:23:18.325381Z,8259,21,Path Control,65535,255,-2.716078957525773
1788776598.4755087,2026-09-07T10:23:18.475508Z,8259,21,Path Control,65535,255,-2.715646915978965
1788776598.5754335,2026-09-07T10:23:18.575433Z,8259,21,Path Control,65535,255,-2.7155896630452983
1788776598.6754994,2026-09-07T10:23:18.675499Z,8259,21,Path Control,65535,255,-2.7155663731382527
1788776598.8253727,2026-09-07T10:23:18.825372Z,8259,21,Path Control,65535,255,-2.7155059859874915
1788776598.9254038,2026-09-07T10:23:18.925403Z,8259,21,Path Control,65535,255,-2.715280685570879
1788776599.0754626,2026-09-07T10:23:19.075462Z,8259,21,Path Control,65535,255,-2.7147959542920623
1788776599.2252586,2026-09-07T10:23:19.225258Z,8259,21,Path Control,65535,255,-2.714158851522487
1788776599.3254364,2026-09-07T10:23:19.325436Z,8259,21,Path Control,65535,255,-2.7177400622222803
1788776599.4754639,2026-09-07T10:23:19.475463Z,8259,21,Path Control,65535,255,-2.7160759941722046
1788776599.625371,2026-09-07T10:23:19.625370Z,8259,21,Path Control,65535,255,-2.7142963167034084
1788776599.7254236,2026-09-07T10:23:19.725423Z,8259,21,Path Control,65535,255,-2.713367397758631
1788776599.8754435,2026-09-07T10:23:19.875443Z,8259,21,Path Control,65535,255,-2.7116359611864245
1788776600.0253124,2026-09-07T10:23:20.025312Z,8259,21,Path Control,65535,255,-2.7095844229250616
1788776600.1254628,2026-09-07T10:23:20.125462Z,8259,21,Path Control,65535,255,-2.707636447426392
1788776600.2754626,2026-09-07T10:23:20.275462Z,8259,21,Path Control,65535,255,-2.7047692760190185
1788776600.4253747,2026-09-07T10:23:20.425374Z,8259,21,Path Control,65535,255,-2.7274242398020982
1788776600.5255754,2026-09-07T10:23:20.525575Z,8259,21,Path Control,65535,255,-2.7253512921414975
1788776600.6754308,2026-09-07T10:23:20.675430Z,8259,21,Path Control,65535,255,-2.7227838511346993
1788776600.8252685,2026-09-07T10:23:20.825268Z,8259,21,Path Control,65535,255,-2.720690568767766
1788776600.9254758,2026-09-07T10:23:20.925475Z,8259,21,Path Control,65535,255,-2.7194237763155957
1788776601.0754673,2026-09-07T10:23:21.075467Z,8259,21,Path Control,65535,255,-2.717632570978019
1788776601.2253718,2026-09-07T10:23:21.225371Z,8259,21,Path Control,65535,255,-2.7161154549804314
1788776601.3254516,2026-09-07T10:23:21.325451Z,8259,21,Path Control,65535,255,-2.7238439062931845
1788776601.475424,2026-09-07T10:23:21.475424Z,8259,21,Path Control,65535,255,-2.7217422196486196
1788776601.5756147,2026-09-07T10:23:21.575614Z,8259,21,Path Control,65535,255,-2.7202391876322296
1788776601.7254815,2026-09-07T10:23:21.725481Z,8259,21,Path Control,65535,255,-2.717312344932753
1788776601.875647,2026-09-07T10:23:21.875647Z,8259,21,Path Control,65535,255,-2.71456883413261
1788776602.0252857,2026-09-07T10:23:22.025285Z,8259,21,Path Control,65535,255,-2.711941428391042
1788776602.1254194,2026-09-07T10:23:22.125419Z,8259,21,Path Control,65535,255,-2.71009065027119
1788776602.2753942,2026-09-07T10:23:22.275394Z,8259,21,Path Control,65535,255,-2.7076220320030147
1788776602.3754232,2026-09-07T10:23:22.375423Z,8259,21,Path Control,65535,255,-2.722985339264353
1788776602.5254087,2026-09-07T10:23:22.525408Z,8259,21,Path Control,65535,255,-2.72020811396571
1788776602.6754737,2026-09-07T10:23:22.675473Z,8259,21,Path Control,65535,255,-2.717661735539308
1788776602.7754383,2026-09-07T10:23:22.775438Z,8259,21,Path Control,65535,255,-2.7161473831773195
1788776602.875561,2026-09-07T10:23:22.875560Z,8259,21,Path Control,65535,255,-2.7147361899922426
1788776603.0252976,2026-09-07T10:23:23.025297Z,8259,21,Path Control,65535,255,-2.712607172947579
1788776603.12534,2026-09-07T10:23:23.125339Z,8259,21,Path Control,65535,255,-2.711070510935747
1788776603.2754943,2026-09-07T10:23:23.275494Z,8259,21,Path Control,65535,255,-2.7085645182622042
1788776603.3755975,2026-09-07T10:23:23.375597Z,8259,21,Path Control,65535,255,-2.717141718567735
1788776603.525408,2026-09-07T10:23:23.525408Z,8259,21,Path Control,65535,255,-2.714675269820921
1788776603.6756136,2026-09-07T10:23:23.675613Z,8259,21,Path Control,65535,255,-2.712363530646833
1788776603.8254323,2026-09-07T10:23:23.825432Z,8259,21,Path Control,65535,255,-2.7101759510695147
1788776603.975421,2026-09-07T10:23:23.975420Z,8259,21,Path Control,65535,255,-2.707350155738445
1788776604.125443,2026-09-07T10:23:24.125442Z,8259,21,Path Control,65535,255,-2.7047517337467877
1788776604.2753131,2026-09-07T10:23:24.275313Z,8259,21,Path Control,65535,255,-2.7026199869727923
1788776604.3754768,2026-09-07T10:23:24.375476Z,8259,21,Path Control,65535,255,-2.7121665775320616
1788776604.5254226,2026-09-07T10:23:24.525422Z,8259,21,Path Control,65535,255,-2.7106712151932024
1788776604.675414,2026-09-07T10:23:24.675414Z,8259,21,Path Control,65535,255,-2.70905552823136
1788776604.775485,2026-09-07T10:23:24.775485Z,8259,21,Path Control,65535,255,-2.7079000023258164
1788776604.925387,2026-09-07T10:23:24.925386Z,8259,21,Path Control,65535,255,-2.7061768825344856
1788776605.0754097,2026-09-07T10:23:25.075409Z,8259,21,Path Control,65535,255,-2.704455470507599
1788776605.225235,2026-09-07T10:23:25.225234Z,8259,21,Path Control,65535,255,-2.702693019759714
1788776605.3254173,2026-09-07T10:23:25.325417Z,8259,21,Path Control,65535,255,-2.7080059352701267
1788776605.475504,2026-09-07T10:23:25.475503Z,8259,21,Path Control,65535,255,-2.706332696557673
1788776605.6253514,2026-09-07T10:23:25.625351Z,8259,21,Path Control,65535,255,-2.7045149821687438
1788776605.7255874,2026-09-07T10:23:25.725587Z,8259,21,Path Control,65535,255,-2.70324692842821
1788776605.8754559,2026-09-07T10:23:25.875455Z,8259,21,Path Control,65535,255,-2.7012454766971485
1788776605.9754457,2026-09-07T10:23:25.975445Z,8259,21,Path Control,65535,255,-2.699866422587641
1788776606.0754478,2026-09-07T10:23:26.075447Z,8259,21,Path Control,65535,255,-2.698656279445523
1788776606.225336,2026-09-07T10:23:26.225336Z,8259,21,Path Control,65535,255,-2.6969556633321745
1788776606.3255064,2026-09-07T10:23:26.325506Z,8259,21,Path Control,65535,255,-2.7040839453649155
1788776606.4753768,2026-09-07T10:23:26.475376Z,8259,21,Path Control,65535,255,-2.702378995199851
1788776606.5754626,2026-09-07T10:23:26.575462Z,8259,21,Path Control,65535,255,-2.7012853540476387
1788776606.7254138,2026-09-07T10:23:26.725413Z,8259,21,Path Control,65535,255,-2.6995347342392284
1788776606.8755229,2026-09-07T10:23:26.875522Z,8259,21,Path Control,65535,255,-2.6977187765472395
1788776607.0253315,2026-09-07T10:23:27.025331Z,8259,21,Path Control,65535,255,-2.6959755833332686
1788776607.1253946,2026-09-07T10:23:27.125394Z,8259,21,Path Control,65535,255,-2.6952539132974827
1788776607.2753716,2026-09-07T10:23:27.275371Z,8259,21,Path Control,65535,255,-2.694214511121121
1788776607.3755038,2026-09-07T10:23:27.375503Z,8259,21,Path Control,65535,255,-2.7004538108529896
1788776607.525561,2026-09-07T10:23:27.525561Z,8259,21,Path Control,65535,255,-2.6985477619423577
1788776607.6754198,2026-09-07T10:23:27.675419Z,8259,21,Path Control,65535,255,-2.696678270029172
1788776607.7755427,2026-09-07T10:23:27.775542Z,8259,21,Path Control,65535,255,-2.6953669762929846
1788776607.9256742,2026-09-07T10:23:27.925674Z,8259,21,Path Control,65535,255,-2.693321074981916
1788776608.0753133,2026-09-07T10:23:28.075313Z,8259,21,Path Control,65535,255,-2.691389949502629
1788776608.1753201,2026-09-07T10:23:28.175320Z,8259,21,Path Control,65535,255,-2.6899216474505567
1788776608.3255634,2026-09-07T10:23:28.325563Z,8259,21,Path Control,65535,255,-2.6881091120756753
1788776608.4755275,2026-09-07T10:23:28.475527Z,8259,21,Path Control,65535,255,-2.698827376577947
1788776608.625313,2026-09-07T10:23:28.625313Z,8259,21,Path Control,65535,255,-2.6972039259867455
1788776608.7253776,2026-09-07T10:23:28.725377Z,8259,21,Path Control,65535,255,-2.695306799779384
1788776608.875437,2026-09-07T10:23:28.875437Z,8259,21,Path Control,65535,255,-2.6925508920882204
1788776609.0253282,2026-09-07T10:23:29.025328Z,8259,21,Path Control,65535,255,-2.6900210150413106
1788776609.1752634,2026-09-07T10:23:29.175263Z,8259,21,Path Control,65535,255,-2.6877683857000356
1788776609.2754436,2026-09-07T10:23:29.275443Z,8259,21,Path Control,65535,255,-2.6880572020254583
1788776609.375626,2026-09-07T10:23:29.375626Z,8259,21,Path Control,65535,255,-2.690907319133016
1788776609.5253413,2026-09-07T10:23:29.525341Z,8259,21,Path Control,65535,255,-2.6901734019989894
1788776609.6754487,2026-09-07T10:23:29.675448Z,8259,21,Path Control,65535,255,-2.689223779648975
1788776609.775461,2026-09-07T10:23:29.775460Z,8259,21,Path Control,65535,255,-2.6884076855991226
1788776609.8756473,2026-09-07T10:23:29.875647Z,8259,21,Path Control,65535,255,-2.6872866915689615
1788776610.025364,2026-09-07T10:23:30.025363Z,8259,21,Path Control,65535,255,-2.6854019944713303
1788776610.1255677,2026-09-07T10:23:30.125567Z,8259,21,Path Control,65535,255,-2.684178763604295
1788776610.2754436,2026-09-07T10:23:30.275443Z,8259,21,Path Control,65535,255,-2.682370886284059
1788776610.3755898,2026-09-07T10:23:30.375589Z,8259,21,Path Control,65535,255,-2.6942435927936894
1788776610.5254173,2026-09-07T10:23:30.525417Z,8259,21,Path Control,65535,255,-2.692805667437739
1788776610.6754863,2026-09-07T10:23:30.675486Z,8259,21,Path Control,65535,255,-2.6917271919986034
1788776610.825417,2026-09-07T10:23:30.825417Z,8259,21,Path Control,65535,255,-2.6909236690506586
1788776610.9256072,2026-09-07T10:23:30.925607Z,8259,21,Path Control,65535,255,-2.690656043672109
1788776611.075464,2026-09-07T10:23:31.075464Z,8259,21,Path Control,65535,255,-2.690215430194565
1788776611.2252903,2026-09-07T10:23:31.225290Z,8259,21,Path Control,65535,255,-2.6897822795924076
1788776611.3254752,2026-09-07T10:23:31.325475Z,8259,21,Path Control,65535,255,-2.6917594535730776
1788776611.4755166,2026-09-07T10:23:31.475516Z,8259,21,Path Control,65535,255,-2.6911767366206947
1788776611.6252782,2026-09-07T10:23:31.625278Z,8259,21,Path Control,65535,255,-3.0866516876269388
1788776611.7253947,2026-09-07T10:23:31.725394Z,8259,21,Path Control,65535,255,-3.098897763777508
1788776611.875463,2026-09-07T10:23:31.875463Z,8259,21,Path Control,65535,255,-3.1182127605960246
1788776612.0253625,2026-09-07T10:23:32.025362Z,8259,21,Path Control,65535,255,-3.1384413305933014
1788776612.1753094,2026-09-07T10:23:32.175309Z,8259,21,Path Control,65535,255,3.1233951976569827
1788776612.2754807,2026-09-07T10:23:32.275480Z,8259,21,Path Control,65535,255,3.108908609712271
1788776612.4254076,2026-09-07T10:23:32.425407Z,8259,21,Path Control,65535,255,3.0837741391542153
1788776612.5754478,2026-09-07T10:23:32.575447Z,8259,21,Path Control,65535,255,3.0606365328887972
1788776612.6754346,2026-09-07T10:23:32.675434Z,8259,21,Path Control,65535,255,3.0448708894324925
1788776612.8252788,2026-09-07T10:23:32.825278Z,8259,21,Path Control,65535,255,3.0208169805293923
1788776612.9254923,2026-09-07T10:23:32.925492Z,8259,21,Path Control,65535,255,3.005007089095388
1788776613.0754836,2026-09-07T10:23:33.075483Z,8259,21,Path Control,65535,255,2.980775268036413
1788776613.2252076,2026-09-07T10:23:33.225207Z,8259,21,Path Control,65535,255,2.9562534158420983
1788776613.325548,2026-09-07T10:23:33.325547Z,8259,21,Path Control,65535,255,2.925653298625092
1788776613.4754493,2026-09-07T10:23:33.475449Z,8259,21,Path Control,65535,255,2.9005332253008347
1788776613.5755289,2026-09-07T10:23:33.575528Z,8259,21,Path Control,65535,255,2.8836927832814454
1788776613.6755047,2026-09-07T10:23:33.675504Z,8259,21,Path Control,65535,255,2.8670946060825577
1788776613.825396,2026-09-07T10:23:33.825396Z,8259,21,Path Control,65535,255,2.8422621052945476
1788776613.9255052,2026-09-07T10:23:33.925505Z,8259,21,Path Control,65535,255,2.8252588774355645
1788776614.0754733,2026-09-07T10:23:34.075473Z,8259,21,Path Control,65535,255,2.7998538101044996
1788776614.2252643,2026-09-07T10:23:34.225264Z,8259,21,Path Control,65535,255,2.774472911645609
1788776614.3253763,2026-09-07T10:23:34.325376Z,8259,21,Path Control,65535,255,2.729677123355763
1788776614.475413,2026-09-07T10:23:34.475413Z,8259,21,Path Control,65535,255,2.70421846240606
1788776614.625321,2026-09-07T10:23:34.625320Z,8259,21,Path Control,65535,255,2.6793044503847856
1788776614.7254007,2026-09-07T10:23:34.725400Z,8259,21,Path Control,65535,255,2.663186813280185
1788776614.8755128,2026-09-07T10:23:34.875512Z,8259,21,Path Control,65535,255,2.6392580433524255
1788776615.0253932,2026-09-07T10:23:35.025393Z,8259,21,Path Control,65535,255,2.615784426998122
1788776615.125466,2026-09-07T10:23:35.125466Z,8259,21,Path Control,65535,255,2.600363042911356
1788776615.2755024,2026-09-07T10:23:35.275502Z,8259,21,Path Control,65535,255,2.5777297428140287
1788776615.4254088,2026-09-07T10:23:35.425408Z,8259,21,Path Control,65535,255,2.511725664297853
1788776615.5254922,2026-09-07T10:23:35.525492Z,8259,21,Path Control,65535,255,2.4970923156209404
1788776615.6754727,2026-09-07T10:23:35.675472Z,8259,21,Path Control,65535,255,2.4757237492665083
1788776615.825296,2026-09-07T10:23:35.825295Z,8259,21,Path Control,65535,255,2.455003764819377
1788776615.9253674,2026-09-07T10:23:35.925367Z,8259,21,Path Control,65535,255,2.441122938576255
1788776616.0253847,2026-09-07T10:23:36.025384Z,8259,21,Path Control,65535,255,2.427649782268925
1788776616.1254013,2026-09-07T10:23:36.125401Z,8259,21,Path Control,65535,255,2.4145286627897398
1788776616.2753935,2026-09-07T10:23:36.275393Z,8259,21,Path Control,65535,255,2.396436621795346
1788776616.3754141,2026-09-07T10:23:36.375414Z,8259,21,Path Control,65535,255,2.337864806751495
1788776616.5254025,2026-09-07T10:23:36.525402Z,8259,21,Path Control,65535,255,2.3201399222475056
1788776616.6254506,2026-09-07T10:23:36.625450Z,8259,21,Path Control,65535,255,2.308848055393468
1788776616.7753923,2026-09-07T10:23:36.775392Z,8259,21,Path Control,65535,255,2.292440721122787
1788776616.875403,2026-09-07T10:23:36.875402Z,8259,21,Path Control,65535,255,2.281878716110122
1788776616.9754407,2026-09-07T10:23:36.975440Z,8259,21,Path Control,65535,255,2.2715993358980424
1788776617.125458,2026-09-07T10:23:37.125458Z,8259,21,Path Control,65535,255,2.256579021808863
1788776617.27535,2026-09-07T10:23:37.275350Z,8259,21,Path Control,65535,255,2.2421819467946604
1788776617.3754053,2026-09-07T10:23:37.375405Z,8259,21,Path Control,65535,255,2.176832726074668
1788776617.5254722,2026-09-07T10:23:37.525472Z,8259,21,Path Control,65535,255,2.1635866954627803
1788776617.6255126,2026-09-07T10:23:37.625512Z,8259,21,Path Control,65535,255,2.155015017210815
1788776617.7755287,2026-09-07T10:23:37.775528Z,8259,21,Path Control,65535,255,2.142568097712933
1788776617.87543,2026-09-07T10:23:37.875430Z,8259,21,Path Control,65535,255,2.13477117463532
1788776618.0253856,2026-09-07T10:23:38.025385Z,8259,21,Path Control,65535,255,2.1238561726495364
1788776618.1257448,2026-09-07T10:23:38.125744Z,8259,21,Path Control,65535,255,2.117184481123275
1788776618.2754335,2026-09-07T10:23:38.275433Z,8259,21,Path Control,65535,255,2.1079384901484466
1788776618.4257245,2026-09-07T10:23:38.425724Z,8259,21,Path Control,65535,255,2.0660539113637912
1788776618.5753744,2026-09-07T10:23:38.575374Z,8259,21,Path Control,65535,255,2.058786969307983
1788776618.6754138,2026-09-07T10:23:38.675413Z,8259,21,Path Control,65535,255,2.05437639480871
1788776618.8257136,2026-09-07T10:23:38.825713Z,8259,21,Path Control,65535,255,2.048408639590318
1788776618.9754865,2026-09-07T10:23:38.975486Z,8259,21,Path Control,65535,255,2.042994959555077
1788776619.1254,2026-09-07T10:23:39.125400Z,8259,21,Path Control,65535,255,2.0383297299016934
1788776619.275498,2026-09-07T10:23:39.275497Z,8259,21,Path Control,65535,255,2.0342286473592446
1788776619.425374,2026-09-07T10:23:39.425374Z,8259,21,Path Control,65535,255,1.9719601884782527
1788776619.525407,2026-09-07T10:23:39.525407Z,8259,21,Path Control,65535,255,1.969933282808436
1788776619.6754808,2026-09-07T10:23:39.675480Z,8259,21,Path Control,65535,255,1.967516948590297
1788776619.8254328,2026-09-07T10:23:39.825432Z,8259,21,Path Control,65535,255,1.9653651254651106
1788776619.9256413,2026-09-07T10:23:39.925641Z,8259,21,Path Control,65535,255,1.9648915159011415
1788776620.075384,2026-09-07T10:23:40.075383Z,8259,21,Path Control,65535,255,1.9648484919081612
1788776620.225224,2026-09-07T10:23:40.225224Z,8259,21,Path Control,65535,255,1.9655556579257638
1788776620.3254583,2026-09-07T10:23:40.325458Z,8259,21,Path Control,65535,255,1.9249907298942446
1788776620.4254687,2026-09-07T10:23:40.425468Z,8259,21,Path Control,65535,255,1.9260338242708643
1788776620.5753808,2026-09-07T10:23:40.575380Z,8259,21,Path Control,65535,255,1.9287377512320525
1788776620.6754224,2026-09-07T10:23:40.675422Z,8259,21,Path Control,65535,255,1.930716924206759
1788776620.8255124,2026-09-07T10:23:40.825512Z,8259,21,Path Control,65535,255,1.934080775412356
1788776620.9253533,2026-09-07T10:23:40.925353Z,8259,21,Path Control,65535,255,1.936726709046958
1788776621.0254505,2026-09-07T10:23:41.025450Z,8259,21,Path Control,65535,255,1.9396034452385338
1788776621.1752598,2026-09-07T10:23:41.175259Z,8259,21,Path Control,65535,255,1.9446926889615086
1788776621.2753613,2026-09-07T10:23:41.275361Z,8259,21,Path Control,65535,255,1.9482636183034352
1788776621.3753955,2026-09-07T10:23:41.375395Z,8259,21,Path Control,65535,255,1.9086628482716699
1788776621.4754093,2026-09-07T10:23:41.475409Z,8259,21,Path Control,65535,255,1.912376128258669
1788776621.5757198,2026-09-07T10:23:41.575719Z,8259,21,Path Control,65535,255,1.9162382324847016
1788776621.7253015,2026-09-07T10:23:41.725301Z,8259,21,Path Control,65535,255,1.9226076402161005
1788776621.8253987,2026-09-07T10:23:41.825398Z,8259,21,Path Control,65535,255,1.9273973191217801
1788776621.975395,2026-09-07T10:23:41.975394Z,8259,21,Path Control,65535,255,1.9345294979646588
1788776622.0754747,2026-09-07T10:23:42.075474Z,8259,21,Path Control,65535,255,1.9394762003645032
1788776622.2252946,2026-09-07T10:23:42.225294Z,8259,21,Path Control,65535,255,1.94820709967772
1788776622.3255823,2026-09-07T10:23:42.325582Z,8259,21,Path Control,65535,255,1.9541338479766486
1788776622.4754074,2026-09-07T10:23:42.475407Z,8259,21,Path Control,65535,255,1.9316090018719372
1788776622.625536,2026-09-07T10:23:42.625535Z,8259,21,Path Control,65535,255,1.940606790301388
1788776622.7754345,2026-09-07T10:23:42.775434Z,8259,21,Path Control,65535,255,1.950080311129931
1788776622.9254217,2026-09-07T10:23:42.925421Z,8259,21,Path Control,65535,255,1.9601689600856806
1788776623.0255582,2026-09-07T10:23:43.025558Z,8259,21,Path Control,65535,255,1.9671591603196916
1788776623.1753194,2026-09-07T10:23:43.175319Z,8259,21,Path Control,65535,255,1.9777751762030444
1788776623.275396,2026-09-07T10:23:43.275396Z,8259,21,Path Control,65535,255,1.9849794483242809
1788776623.3754146,2026-09-07T10:23:43.375414Z,8259,21,Path Control,65535,255,1.9919868159632026
1788776623.525397,2026-09-07T10:23:43.525397Z,8259,21,Path Control,65535,255,1.968024681923058
1788776623.625438,2026-09-07T10:23:43.625437Z,8259,21,Path Control,65535,255,1.9752960196674763
1788776623.7753413,2026-09-07T10:23:43.775341Z,8259,21,Path Control,65535,255,1.986105091592523
1788776623.8754108,2026-09-07T10:23:43.875410Z,8259,21,Path Control,65535,255,1.9932821800193108
1788776624.0252979,2026-09-07T10:23:44.025297Z,8259,21,Path Control,65535,255,2.00410591530042
1788776624.1253753,2026-09-07T10:23:44.125375Z,8259,21,Path Control,65535,255,2.0116538770666548
1788776624.2254295,2026-09-07T10:23:44.225429Z,8259,21,Path Control,65535,255,2.0192594261975314
1788776624.325397,2026-09-07T10:23:44.325397Z,8259,21,Path Control,65535,255,2.0269867103504406
1788776624.4753964,2026-09-07T10:23:44.475396Z,8259,21,Path Control,65535,255,2.0181384312892003
1788776624.6256218,2026-09-07T10:23:44.625621Z,8259,21,Path Control,65535,255,2.029648122327013
1788776624.7753623,2026-09-07T10:23:44.775362Z,8259,21,Path Control,65535,255,2.0411746549782275
1788776624.875381,2026-09-07T10:23:44.875380Z,8259,21,Path Control,65535,255,2.049226335812304
1788776624.9754422,2026-09-07T10:23:44.975442Z,8259,21,Path Control,65535,255,2.0571185793888684
1788776625.125442,2026-09-07T10:23:45.125442Z,8259,21,Path Control,65535,255,2.068834897769392
1788776625.2754235,2026-09-07T10:23:45.275423Z,8259,21,Path Control,65535,255,2.080392685938664
1788776625.375389,2026-09-07T10:23:45.375389Z,8259,21,Path Control,65535,255,2.088048863329697
1788776625.4754095,2026-09-07T10:23:45.475409Z,8259,21,Path Control,65535,255,2.0916732137084355
1788776625.5754714,2026-09-07T10:23:45.575471Z,8259,21,Path Control,65535,255,2.099703063622644
1788776625.675567,2026-09-07T10:23:45.675566Z,8259,21,Path Control,65535,255,2.108106906352748
1788776625.775494,2026-09-07T10:23:45.775494Z,8259,21,Path Control,65535,255,2.116565231703337
1788776625.925354,2026-09-07T10:23:45.925354Z,8259,21,Path Control,65535,255,2.129189685483632
1788776626.0254176,2026-09-07T10:23:46.025417Z,8259,21,Path Control,65535,255,2.1375297902432338
1788776626.125439,2026-09-07T10:23:46.125438Z,8259,21,Path Control,65535,255,2.1455698565152
1788776626.2756093,2026-09-07T10:23:46.275609Z,8259,21,Path Control,65535,255,2.1574416025803966
1788776626.4253504,2026-09-07T10:23:46.425350Z,8259,21,Path Control,65535,255,2.1624109485753333
1788776626.5254025,2026-09-07T10:23:46.525402Z,8259,21,Path Control,65535,255,2.1698157807042504
1788776626.6755664,2026-09-07T10:23:46.675566Z,8259,21,Path Control,65535,255,2.1802565020733664
1788776626.8252842,2026-09-07T10:23:46.825284Z,8259,21,Path Control,65535,255,2.1899148335345116
1788776626.9254446,2026-09-07T10:23:46.925444Z,8259,21,Path Control,65535,255,2.1966427398289503
1788776627.0756752,2026-09-07T10:23:47.075675Z,8259,21,Path Control,65535,255,2.2063664109299777
1788776627.225305,2026-09-07T10:23:47.225305Z,8259,21,Path Control,65535,255,2.2157760140506215
1788776627.3254335,2026-09-07T10:23:47.325433Z,8259,21,Path Control,65535,255,2.2212941308702487
1788776627.4754388,2026-09-07T10:23:47.475438Z,8259,21,Path Control,65535,255,2.235694750793196
1788776627.575486,2026-09-07T10:23:47.575485Z,8259,21,Path Control,65535,255,2.2411905143212443
1788776627.725445,2026-09-07T10:23:47.725445Z,8259,21,Path Control,65535,255,2.2492577150542603
1788776627.8755343,2026-09-07T10:23:47.875534Z,8259,21,Path Control,65535,255,2.2571654470835507
1788776628.0253367,2026-09-07T10:23:48.025336Z,8259,21,Path Control,65535,255,2.264963982527676
1788776628.1254685,2026-09-07T10:23:48.125468Z,8259,21,Path Control,65535,255,2.2697697845301765
1788776628.2754984,2026-09-07T10:23:48.275498Z,8259,21,Path Control,65535,255,2.276980721147734
1788776628.4254231,2026-09-07T10:23:48.425423Z,8259,21,Path Control,65535,255,2.290661242615295
1788776628.5254004,2026-09-07T10:23:48.525400Z,8259,21,Path Control,65535,255,2.295384002235156
1788776628.6754518,2026-09-07T10:23:48.675451Z,8259,21,Path Control,65535,255,2.3024152342346302
1788776628.8253896,2026-09-07T10:23:48.825389Z,8259,21,Path Control,65535,255,2.309363968003425
1788776628.9253938,2026-09-07T10:23:48.925393Z,8259,21,Path Control,65535,255,2.3136997833418036
1788776629.0755012,2026-09-07T10:23:49.075501Z,8259,21,Path Control,65535,255,2.319976639673868
1788776629.225384,2026-09-07T10:23:49.225383Z,8259,21,Path Control,65535,255,2.325965670184596
1788776629.3254004,2026-09-07T10:23:49.325400Z,8259,21,Path Control,65535,255,2.3293939916776027
1788776629.42566,2026-09-07T10:23:49.425659Z,8259,21,Path Control,65535,255,2.3331131099724556
1788776629.575436,2026-09-07T10:23:49.575436Z,8259,21,Path Control,65535,255,2.3376738505032164
1788776629.7253954,2026-09-07T10:23:49.725395Z,8259,21,Path Control,65535,255,2.3419663441939624
1788776629.8754342,2026-09-07T10:23:49.875434Z,8259,21,Path Control,65535,255,2.3464616523675352
1788776630.0255206,2026-09-07T10:23:50.025520Z,8259,21,Path Control,65535,255,2.349500807569638
1788776630.1754382,2026-09-07T10:23:50.175438Z,8259,21,Path Control,65535,255,2.352462542848121
1788776630.3253095,2026-09-07T10:23:50.325309Z,8259,21,Path Control,65535,255,2.355303013190503
1788776630.425393,2026-09-07T10:23:50.425393Z,8259,21,Path Control,65535,255,2.367054960250977
1788776630.5756552,2026-09-07T10:23:50.575655Z,8259,21,Path Control,65535,255,2.3696393645928815
1788776630.6756601,2026-09-07T10:23:50.675660Z,8259,21,Path Control,65535,255,2.3709564437153605
1788776630.8253927,2026-09-07T10:23:50.825392Z,8259,21,Path Control,65535,255,2.372361661101439
1788776630.9254608,2026-09-07T10:23:50.925460Z,8259,21,Path Control,65535,255,2.373804862687503
1788776631.0753934,2026-09-07T10:23:51.075393Z,8259,21,Path Control,65535,255,2.375965817733461
1788776631.2252924,2026-09-07T10:23:51.225292Z,8259,21,Path Control,65535,255,2.3782838569686042
1788776631.3253965,2026-09-07T10:23:51.325396Z,8259,21,Path Control,65535,255,2.379627763202442
1788776631.4753733,2026-09-07T10:23:51.475373Z,8259,21,Path Control,65535,255,2.3868868513679313
1788776631.575376,2026-09-07T10:23:51.575376Z,8259,21,Path Control,65535,255,2.387714772700622
1788776631.675506,2026-09-07T10:23:51.675506Z,8259,21,Path Control,65535,255,2.38842801511486
1788776631.7755234,2026-09-07T10:23:51.775523Z,8259,21,Path Control,65535,255,2.388823624219632
1788776631.9254072,2026-09-07T10:23:51.925407Z,8259,21,Path Control,65535,255,2.3887922851832615
1788776632.0755203,2026-09-07T10:23:52.075520Z,8259,21,Path Control,65535,255,2.388264028112346
1788776632.225286,2026-09-07T10:23:52.225286Z,8259,21,Path Control,65535,255,2.3871917178315343
1788776632.3254015,2026-09-07T10:23:52.325401Z,8259,21,Path Control,65535,255,2.3866004682455206
1788776632.4254842,2026-09-07T10:23:52.425484Z,8259,21,Path Control,65535,255,2.3937819895769574
1788776632.5753677,2026-09-07T10:23:52.575367Z,8259,21,Path Control,65535,255,2.3931381478719316
1788776632.6755698,2026-09-07T10:23:52.675569Z,8259,21,Path Control,65535,255,2.3927709467464946
1788776632.825338,2026-09-07T10:23:52.825337Z,8259,21,Path Control,65535,255,2.3918842874095754
1788776632.925466,2026-09-07T10:23:52.925466Z,8259,21,Path Control,65535,255,2.391333512920749
1788776633.075377,2026-09-07T10:23:53.075376Z,8259,21,Path Control,65535,255,2.3902981525382443
1788776633.2253077,2026-09-07T10:23:53.225307Z,8259,21,Path Control,65535,255,2.389003238173127
1788776633.325383,2026-09-07T10:23:53.325382Z,8259,21,Path Control,65535,255,2.388162452752998
1788776633.4254456,2026-09-07T10:23:53.425445Z,8259,21,Path Control,65535,255,2.3899841775705344
1788776633.5753443,2026-09-07T10:23:53.575344Z,8259,21,Path Control,65535,255,2.3883884105337216
1788776633.6754122,2026-09-07T10:23:53.675412Z,8259,21,Path Control,65535,255,2.387513200338991
1788776633.7755766,2026-09-07T10:23:53.775576Z,8259,21,Path Control,65535,255,2.386506671951964
1788776633.9253707,2026-09-07T10:23:53.925370Z,8259,21,Path Control,65535,255,2.384992268271491
1788776634.0254178,2026-09-07T10:23:54.025417Z,8259,21,Path Control,65535,255,2.384006824240901
1788776634.1753068,2026-09-07T10:23:54.175306Z,8259,21,Path Control,65535,255,2.382400825237137
1788776634.2753086,2026-09-07T10:23:54.275308Z,8259,21,Path Control,65535,255,2.3810460033697844
1788776634.3754017,2026-09-07T10:23:54.375401Z,8259,21,Path Control,65535,255,2.379599987955188
1788776634.4754379,2026-09-07T10:23:54.475437Z,8259,21,Path Control,65535,255,2.3805333668251447
1788776634.625352,2026-09-07T10:23:54.625351Z,8259,21,Path Control,65535,255,2.3786414529577127
1788776634.7755234,2026-09-07T10:23:54.775523Z,8259,21,Path Control,65535,255,2.3769094609229087
1788776634.8754401,2026-09-07T10:23:54.875440Z,8259,21,Path Control,65535,255,2.37547794760949
1788776635.0254095,2026-09-07T10:23:55.025409Z,8259,21,Path Control,65535,255,2.37334841193775
1788776635.175305,2026-09-07T10:23:55.175304Z,8259,21,Path Control,65535,255,2.3715553284924944
1788776635.2753947,2026-09-07T10:23:55.275394Z,8259,21,Path Control,65535,255,2.370795248318227
1788776635.3754063,2026-09-07T10:23:55.375406Z,8259,21,Path Control,65535,255,2.3702052305232715
1788776635.47541,2026-09-07T10:23:55.475409Z,8259,21,Path Control,65535,255,2.3635738947909766
1788776635.6253724,2026-09-07T10:23:55.625372Z,8259,21,Path Control,65535,255,2.362188729476578
1788776635.7254133,2026-09-07T10:23:55.725413Z,8259,21,Path Control,65535,255,2.3612260956516846
1788776635.8753502,2026-09-07T10:23:55.875350Z,8259,21,Path Control,65535,255,2.3600003295849104
1788776636.0255218,2026-09-07T10:23:56.025521Z,8259,21,Path Control,65535,255,2.3591859709146084
1788776636.1753006,2026-09-07T10:23:56.175300Z,8259,21,Path Control,65535,255,2.358501027932997
1788776636.2753503,2026-09-07T10:23:56.275350Z,8259,21,Path Control,65535,255,2.357860675152357
1788776636.3754008,2026-09-07T10:23:56.375400Z,8259,21,Path Control,65535,255,2.357207428566583
1788776636.5253625,2026-09-07T10:23:56.525362Z,8259,21,Path Control,65535,255,2.3512856827483577
1788776636.6754444,2026-09-07T10:23:56.675444Z,8259,21,Path Control,65535,255,2.3510072035569105
1788776636.8253596,2026-09-07T10:23:56.825359Z,8259,21,Path Control,65535,255,2.350198943638875
1788776636.9253826,2026-09-07T10:23:56.925382Z,8259,21,Path Control,65535,255,2.3499675791425836
1788776637.07544,2026-09-07T10:23:57.075439Z,8259,21,Path Control,65535,255,2.3496654895564624
1788776637.2253487,2026-09-07T10:23:57.225348Z,8259,21,Path Control,65535,255,2.3494154247539587
1788776637.3254087,2026-09-07T10:23:57.325408Z,8259,21,Path Control,65535,255,2.3490443694532193
1788776637.4753056,2026-09-07T10:23:57.475305Z,8259,21,Path Control,65535,255,2.341206937170412
1788776637.575461,2026-09-07T10:23:57.575460Z,8259,21,Path Control,65535,255,2.3406338939432962
1788776637.7253869,2026-09-07T10:23:57.725386Z,8259,21,Path Control,65535,255,2.339954789001233
1788776637.875471,2026-09-07T10:23:57.875471Z,8259,21,Path Control,65535,255,2.3389541721056237
1788776638.0253265,2026-09-07T10:23:58.025326Z,8259,21,Path Control,65535,255,2.337614460112342
1788776638.1255655,2026-09-07T10:23:58.125565Z,8259,21,Path Control,65535,255,2.336727890761259
1788776638.2754943,2026-09-07T10:23:58.275494Z,8259,21,Path Control,65535,255,2.335431235249985
1788776638.4254262,2026-09-07T10:23:58.425426Z,8259,21,Path Control,65535,255,2.334273691312745
1788776638.525551,2026-09-07T10:23:58.525551Z,8259,21,Path Control,65535,255,2.337359068068489
1788776638.6754677,2026-09-07T10:23:58.675467Z,8259,21,Path Control,65535,255,2.3367680733008784
1788776638.8253045,2026-09-07T10:23:58.825304Z,8259,21,Path Control,65535,255,2.3363289241072804
1788776638.9254038,2026-09-07T10:23:58.925403Z,8259,21,Path Control,65535,255,2.3361534320611694
1788776639.0754526,2026-09-07T10:23:59.075452Z,8259,21,Path Control,65535,255,2.3357325914502227
1788776639.2253675,2026-09-07T10:23:59.225367Z,8259,21,Path Control,65535,255,2.3351735835313936
1788776639.325379,2026-09-07T10:23:59.325378Z,8259,21,Path Control,65535,255,2.3254419944895104
1788776639.4754386,2026-09-07T10:23:59.475438Z,8259,21,Path Control,65535,255,2.3256557933333255
1788776639.625307,2026-09-07T10:23:59.625307Z,8259,21,Path Control,65535,255,2.3259174655354355
1788776639.7253592,2026-09-07T10:23:59.725359Z,8259,21,Path Control,65535,255,2.3258886497558637
1788776639.8755004,2026-09-07T10:23:59.875500Z,8259,21,Path Control,65535,255,2.325989258672891
1788776640.025279,2026-09-07T10:24:00.025279Z,8259,21,Path Control,65535,255,2.326116497844013
1788776640.1253934,2026-09-07T10:24:00.125393Z,8259,21,Path Control,65535,255,2.326625343420269
1788776640.2754004,2026-09-07T10:24:00.275400Z,8259,21,Path Control,65535,255,2.327124029237754
1788776640.3754158,2026-09-07T10:24:00.375415Z,8259,21,Path Control,65535,255,2.32738230973028
1788776640.525409,2026-09-07T10:24:00.525408Z,8259,21,Path Control,65535,255,2.325429825322182
1788776640.6754482,2026-09-07T10:24:00.675448Z,8259,21,Path Control,65535,255,2.326004278453226
1788776640.8252804,2026-09-07T10:24:00.825280Z,8259,21,Path Control,65535,255,2.326734100082164
1788776640.9254026,2026-09-07T10:24:00.925402Z,8259,21,Path Control,65535,255,2.3271740677952533
1788776641.0754719,2026-09-07T10:24:01.075471Z,8259,21,Path Control,65535,255,2.3278428923504757
1788776641.225377,2026-09-07T10:24:01.225377Z,8259,21,Path Control,65535,255,2.3286370189810266
1788776641.325603,2026-09-07T10:24:01.325603Z,8259,21,Path Control,65535,255,2.3250945993635983
1788776641.4753804,2026-09-07T10:24:01.475380Z,8259,21,Path Control,65535,255,2.325922924184847
1788776641.575465,2026-09-07T10:24:01.575464Z,8259,21,Path Control,65535,255,2.326698282555322
1788776641.6755145,2026-09-07T10:24:01.675514Z,8259,21,Path Control,65535,255,2.3272483396540444
1788776641.8253,2026-09-07T10:24:01.825299Z,8259,21,Path Control,65535,255,2.328090392907353
1788776641.9254262,2026-09-07T10:24:01.925426Z,8259,21,Path Control,65535,255,2.328751616422142
1788776642.07537,2026-09-07T10:24:02.075370Z,8259,21,Path Control,65535,255,2.3299358668873635
1788776642.2252324,2026-09-07T10:24:02.225232Z,8259,21,Path Control,65535,255,2.3312666781950178
1788776642.325374,2026-09-07T10:24:02.325373Z,8259,21,Path Control,65535,255,2.3234989718305
1788776642.4754903,2026-09-07T10:24:02.475490Z,8259,21,Path Control,65535,255,2.3250638117691045
1788776642.6252835,2026-09-07T10:24:02.625283Z,8259,21,Path Control,65535,255,2.3261929957494374
1788776642.7253826,2026-09-07T10:24:02.725382Z,8259,21,Path Control,65535,255,2.3271512973504276
1788776642.8753994,2026-09-07T10:24:02.875399Z,8259,21,Path Control,65535,255,2.3285645554961523
1788776643.0252724,2026-09-07T10:24:03.025272Z,8259,21,Path Control,65535,255,2.330464130047341
1788776643.1253786,2026-09-07T10:24:03.125378Z,8259,21,Path Control,65535,255,2.3311331623182623
1788776643.275351,2026-09-07T10:24:03.275351Z,8259,21,Path Control,65535,255,2.325913565698911
1788776643.3756862,2026-09-07T10:24:03.375686Z,8259,21,Path Control,65535,255,2.3265937658974374
1788776643.525425,2026-09-07T10:24:03.525424Z,8259,21,Path Control,65535,255,2.327690633955066
1788776643.6754725,2026-09-07T10:24:03.675472Z,8259,21,Path Control,65535,255,2.3290412420465274
1788776643.8253074,2026-09-07T10:24:03.825307Z,8259,21,Path Control,65535,255,2.330612632686454
1788776643.9253998,2026-09-07T10:24:03.925399Z,8259,21,Path Control,65535,255,2.33134908651141
1788776644.075453,2026-09-07T10:24:04.075453Z,8259,21,Path Control,65535,255,2.3325054786021133
1788776644.2252364,2026-09-07T10:24:04.225236Z,8259,21,Path Control,65535,255,2.3344838296226187
1788776644.325402,2026-09-07T10:24:04.325402Z,8259,21,Path Control,65535,255,2.3301953972190406
1788776644.4753933,2026-09-07T10:24:04.475393Z,8259,21,Path Control,65535,255,2.3308118514606457
1788776644.575448,2026-09-07T10:24:04.575448Z,8259,21,Path Control,65535,255,2.331624764134228
1788776644.6754587,2026-09-07T10:24:04.675458Z,8259,21,Path Control,65535,255,2.3323822309532325
1788776644.8253005,2026-09-07T10:24:04.825300Z,8259,21,Path Control,65535,255,2.333602284802037
1788776644.9253342,2026-09-07T10:24:04.925334Z,8259,21,Path Control,65535,255,2.3341060960854216
1788776645.0753665,2026-09-07T10:24:05.075366Z,8259,21,Path Control,65535,255,2.335024507129825
1788776645.225231,2026-09-07T10:24:05.225230Z,8259,21,Path Control,65535,255,2.3359645979269823
1788776645.3253064,2026-09-07T10:24:05.325306Z,8259,21,Path Control,65535,255,2.3281836185584224
1788776645.42532,2026-09-07T10:24:05.425319Z,8259,21,Path Control,65535,255,2.3287683669650203
1788776645.5255313,2026-09-07T10:24:05.525531Z,8259,21,Path Control,65535,255,2.3291703356099336
1788776645.6754506,2026-09-07T10:24:05.675450Z,8259,21,Path Control,65535,255,2.329775952809771
1788776645.825341,2026-09-07T10:24:05.825340Z,8259,21,Path Control,65535,255,2.3310876023919263
1788776645.9253511,2026-09-07T10:24:05.925351Z,8259,21,Path Control,65535,255,2.33202235386589
1788776646.025364,2026-09-07T10:24:06.025363Z,8259,21,Path Control,65535,255,2.3328820599097853
1788776646.1752357,2026-09-07T10:24:06.175235Z,8259,21,Path Control,65535,255,2.3341098392679918
1788776646.2753928,2026-09-07T10:24:06.275392Z,8259,21,Path Control,65535,255,2.3347995705881432
1788776646.4253395,2026-09-07T10:24:06.425339Z,8259,21,Path Control,65535,255,2.3355925953301226
1788776646.575389,2026-09-07T10:24:06.575388Z,8259,21,Path Control,65535,255,2.3335065515248545
1788776646.6754599,2026-09-07T10:24:06.675459Z,8259,21,Path Control,65535,255,2.3338967571267797
1788776646.7754636,2026-09-07T10:24:06.775463Z,8259,21,Path Control,65535,255,2.33425112532993
1788776646.9254227,2026-09-07T10:24:06.925422Z,8259,21,Path Control,65535,255,2.334936838076069
1788776647.025454,2026-09-07T10:24:07.025454Z,8259,21,Path Control,65535,255,2.336298416427405
1788776647.175281,2026-09-07T10:24:07.175281Z,8259,21,Path Control,65535,255,2.33673472252919
1788776647.2753534,2026-09-07T10:24:07.275353Z,8259,21,Path Control,65535,255,2.3329517460089093
1788776647.3755443,2026-09-07T10:24:07.375544Z,8259,21,Path Control,65535,255,2.333341500570631
1788776647.4755776,2026-09-07T10:24:07.475577Z,8259,21,Path Control,65535,255,2.3339142273190987
1788776647.6253867,2026-09-07T10:24:07.625386Z,8259,21,Path Control,65535,255,2.334867242711455
1788776647.725468,2026-09-07T10:24:07.725467Z,8259,21,Path Control,65535,255,2.335506798196108
1788776647.875364,2026-09-07T10:24:07.875364Z,8259,21,Path Control,65535,255,2.336590569539163
1788776647.9753664,2026-09-07T10:24:07.975366Z,8259,21,Path Control,65535,255,2.337358857018549
1788776648.075397,2026-09-07T10:24:08.075397Z,8259,21,Path Control,65535,255,2.338126255260526
1788776648.2252622,2026-09-07T10:24:08.225262Z,8259,21,Path Control,65535,255,2.339283948072086
1788776648.3253987,2026-09-07T10:24:08.325398Z,8259,21,Path Control,65535,255,2.3340588287903477
1788776648.4254155,2026-09-07T10:24:08.425415Z,8259,21,Path Control,65535,255,2.3346478807811524
1788776648.5255506,2026-09-07T10:24:08.525550Z,8259,21,Path Control,65535,255,2.334940338265683
1788776648.6754887,2026-09-07T10:24:08.675488Z,8259,21,Path Control,65535,255,2.335958764290504
1788776648.8253095,2026-09-07T10:24:08.825309Z,8259,21,Path Control,65535,255,2.3373347212745594
1788776648.9253855,2026-09-07T10:24:08.925385Z,8259,21,Path Control,65535,255,2.3383221427815952
1788776649.0754428,2026-09-07T10:24:09.075442Z,8259,21,Path Control,65535,255,2.339643681870663
1788776649.2252254,2026-09-07T10:24:09.225225Z,8259,21,Path Control,65535,255,2.3408999972835214
1788776649.3253598,2026-09-07T10:24:09.325359Z,8259,21,Path Control,65535,255,2.332925159763976
1788776649.4754226,2026-09-07T10:24:09.475422Z,8259,21,Path Control,65535,255,2.3341829506842675
1788776649.625333,2026-09-07T10:24:09.625333Z,8259,21,Path Control,65535,255,2.335380434196602
1788776649.7253494,2026-09-07T10:24:09.725349Z,8259,21,Path Control,65535,255,2.336033917317401
1788776649.8757188,2026-09-07T10:24:09.875718Z,8259,21,Path Control,65535,255,2.3369534718156992
1788776650.025272,2026-09-07T10:24:10.025271Z,8259,21,Path Control,65535,255,2.3377942153804008
1788776650.1252825,2026-09-07T10:24:10.125282Z,8259,21,Path Control,65535,255,2.3386598246440595
1788776650.2252946,2026-09-07T10:24:10.225294Z,8259,21,Path Control,65535,255,2.3395035058904186
1788776650.3253562,2026-09-07T10:24:10.325356Z,8259,21,Path Control,65535,255,2.335938934397816
1788776650.4753282,2026-09-07T10:24:10.475328Z,8259,21,Path Control,65535,255,2.337443965960117
1788776650.575479,2026-09-07T10:24:10.575479Z,8259,21,Path Control,65535,255,2.33838819873387
1788776650.7254465,2026-09-07T10:24:10.725446Z,8259,21,Path Control,65535,255,2.3395553628008927
1788776650.825473,2026-09-07T10:24:10.825473Z,8259,21,Path Control,65535,255,2.3403644778392096
1788776650.9754603,2026-09-07T10:24:10.975460Z,8259,21,Path Control,65535,255,2.3421863386193587
1788776651.125377,2026-09-07T10:24:11.125376Z,8259,21,Path Control,65535,255,2.344366928581518
1788776651.2753465,2026-09-07T10:24:11.275346Z,8259,21,Path Control,65535,255,2.346680552680936
1788776651.375493,2026-09-07T10:24:11.375493Z,8259,21,Path Control,65535,255,2.3364922745912877
1788776651.5253978,2026-09-07T10:24:11.525397Z,8259,21,Path Control,65535,255,2.3382694413194236
1788776651.675384,2026-09-07T10:24:11.675384Z,8259,21,Path Control,65535,255,2.3399557917546314
1788776651.7753916,2026-09-07T10:24:11.775391Z,8259,21,Path Control,65535,255,2.340983401353138
1788776651.8754086,2026-09-07T10:24:11.875408Z,8259,21,Path Control,65535,255,2.341367733887608
1788776652.0254383,2026-09-07T10:24:12.025438Z,8259,21,Path Control,65535,255,2.3423990330616573
1788776652.125424,2026-09-07T10:24:12.125423Z,8259,21,Path Control,65535,255,2.3428351306832624
1788776652.275434,2026-09-07T10:24:12.275434Z,8259,21,Path Control,65535,255,2.3433912449648875
1788776652.4253654,2026-09-07T10:24:12.425365Z,8259,21,Path Control,65535,255,2.343049395527948
1788776652.525448,2026-09-07T10:24:12.525448Z,8259,21,Path Control,65535,255,2.343134724236497
1788776652.6754267,2026-09-07T10:24:12.675426Z,8259,21,Path Control,65535,255,2.343211621596255
1788776652.825357,2026-09-07T10:24:12.825356Z,8259,21,Path Control,65535,255,2.3432977901175622
1788776652.9753904,2026-09-07T10:24:12.975390Z,8259,21,Path Control,65535,255,2.343915854188569
1788776653.1253738,2026-09-07T10:24:13.125373Z,8259,21,Path Control,65535,255,2.344781514756956
1788776653.2753801,2026-09-07T10:24:13.275380Z,8259,21,Path Control,65535,255,2.345657986702462
1788776653.3753855,2026-09-07T10:24:13.375385Z,8259,21,Path Control,65535,255,2.3518519500724047
1788776653.4754405,2026-09-07T10:24:13.475440Z,8259,21,Path Control,65535,255,2.3523905471644935
1788776653.625328,2026-09-07T10:24:13.625328Z,8259,21,Path Control,65535,255,2.353085746190082
1788776653.7254221,2026-09-07T10:24:13.725422Z,8259,21,Path Control,65535,255,2.353737181909726
1788776653.875419,2026-09-07T10:24:13.875418Z,8259,21,Path Control,65535,255,2.3547780623214676
1788776654.025404,2026-09-07T10:24:14.025403Z,8259,21,Path Control,65535,255,2.355887886292138
1788776654.1256065,2026-09-07T10:24:14.125606Z,8259,21,Path Control,65535,255,2.356707468139999
1788776654.2754045,2026-09-07T10:24:14.275404Z,8259,21,Path Control,65535,255,2.357708946683596
1788776654.4252913,2026-09-07T10:24:14.425291Z,8259,21,Path Control,65535,255,2.35298886758514
1788776654.525411,2026-09-07T10:24:14.525410Z,8259,21,Path Control,65535,255,2.3530143600386757
1788776654.6754184,2026-09-07T10:24:14.675418Z,8259,21,Path Control,65535,255,2.3533364104567913
1788776654.8253937,2026-09-07T10:24:14.825393Z,8259,21,Path Control,65535,255,2.3540271662057504
1788776654.975361,2026-09-07T10:24:14.975361Z,8259,21,Path Control,65535,255,2.3551139959113603
1788776655.0754242,2026-09-07T10:24:15.075424Z,8259,21,Path Control,65535,255,2.3555568573223473
1788776655.2253134,2026-09-07T10:24:15.225313Z,8259,21,Path Control,65535,255,2.3558477017118684
1788776655.3253903,2026-09-07T10:24:15.325390Z,8259,21,Path Control,65535,255,2.3557007355034867
1788776655.4754033,2026-09-07T10:24:15.475403Z,8259,21,Path Control,65535,255,2.3559130268528863
1788776655.625305,2026-09-07T10:24:15.625304Z,8259,21,Path Control,65535,255,2.355951017447185
1788776655.7254229,2026-09-07T10:24:15.725422Z,8259,21,Path Control,65535,255,2.3558480399488566
1788776655.8755326,2026-09-07T10:24:15.875532Z,8259,21,Path Control,65535,255,2.3557003480080008
1788776656.0254903,2026-09-07T10:24:16.025490Z,8259,21,Path Control,65535,255,2.3555868403804014
1788776656.175246,2026-09-07T10:24:16.175246Z,8259,21,Path Control,65535,255,2.3561282019674494
1788776656.2754369,2026-09-07T10:24:16.275436Z,8259,21,Path Control,65535,255,2.356661327395016
1788776656.3754177,2026-09-07T10:24:16.375417Z,8259,21,Path Control,65535,255,2.361032941281698
1788776656.5253854,2026-09-07T10:24:16.525385Z,8259,21,Path Control,65535,255,2.3614804297572825
1788776656.6754541,2026-09-07T10:24:16.675454Z,8259,21,Path Control,65535,255,2.3619034084029424
1788776656.8252947,2026-09-07T10:24:16.825294Z,8259,21,Path Control,65535,255,2.362422954750355
1788776656.925404,2026-09-07T10:24:16.925404Z,8259,21,Path Control,65535,255,2.3626117415898644
1788776657.0754094,2026-09-07T10:24:17.075409Z,8259,21,Path Control,65535,255,2.363079296797767
1788776657.225251,2026-09-07T10:24:17.225250Z,8259,21,Path Control,65535,255,2.3637724613568727
1788776657.3255315,2026-09-07T10:24:17.325531Z,8259,21,Path Control,65535,255,2.357490492975253
1788776657.4754019,2026-09-07T10:24:17.475401Z,8259,21,Path Control,65535,255,2.357971507268016
1788776657.625351,2026-09-07T10:24:17.625350Z,8259,21,Path Control,65535,255,2.3584452997103997
1788776657.7253578,2026-09-07T10:24:17.725357Z,8259,21,Path Control,65535,255,2.3586827767979064
1788776657.8253582,2026-09-07T10:24:17.825358Z,8259,21,Path Control,65535,255,2.358952497705753
1788776657.9254048,2026-09-07T10:24:17.925404Z,8259,21,Path Control,65535,255,2.359556840828757
1788776658.0254958,2026-09-07T10:24:18.025495Z,8259,21,Path Control,65535,255,2.360130800452221
1788776658.1753345,2026-09-07T10:24:18.175334Z,8259,21,Path Control,65535,255,2.3606630105467317
1788776658.2753882,2026-09-07T10:24:18.275388Z,8259,21,Path Control,65535,255,2.361210633315413
1788776658.3754508,2026-09-07T10:24:18.375450Z,8259,21,Path Control,65535,255,2.361868700755948
1788776658.5254447,2026-09-07T10:24:18.525444Z,8259,21,Path Control,65535,255,2.362485167083557
1788776658.6754148,2026-09-07T10:24:18.675414Z,8259,21,Path Control,65535,255,2.362727054286191
1788776658.8254366,2026-09-07T10:24:18.825436Z,8259,21,Path Control,65535,255,2.362767998949676
1788776658.9255426,2026-09-07T10:24:18.925542Z,8259,21,Path Control,65535,255,2.363053857338669
1788776659.0754921,2026-09-07T10:24:19.075492Z,8259,21,Path Control,65535,255,2.363503784629652
1788776659.2252495,2026-09-07T10:24:19.225249Z,8259,21,Path Control,65535,255,2.3639880349379467
1788776659.3253942,2026-09-07T10:24:19.325394Z,8259,21,Path Control,65535,255,2.363379998479133
1788776659.4754615,2026-09-07T10:24:19.475461Z,8259,21,Path Control,65535,255,2.3643136341205606
1788776659.6253183,2026-09-07T10:24:19.625318Z,8259,21,Path Control,65535,255,2.3654493157811927
1788776659.725353,2026-09-07T10:24:19.725353Z,8259,21,Path Control,65535,255,2.3656480658326187
1788776659.875395,2026-09-07T10:24:19.875395Z,8259,21,Path Control,65535,255,2.365893995061903
1788776660.0253608,2026-09-07T10:24:20.025360Z,8259,21,Path Control,65535,255,2.3666042041387807
1788776660.1254385,2026-09-07T10:24:20.125438Z,8259,21,Path Control,65535,255,2.3668255034452756
1788776660.2754173,2026-09-07T10:24:20.275417Z,8259,21,Path Control,65535,255,2.3671376553247367
1788776660.3754528,2026-09-07T10:24:20.375452Z,8259,21,Path Control,65535,255,2.3675865368586275
1788776660.4756026,2026-09-07T10:24:20.475602Z,8259,21,Path Control,65535,255,2.3680153864657836
1788776660.6253889,2026-09-07T10:24:20.625388Z,8259,21,Path Control,65535,255,2.3687808715065897
1788776660.775404,2026-09-07T10:24:20.775403Z,8259,21,Path Control,65535,255,2.3692317985658478
1788776660.8754895,2026-09-07T10:24:20.875489Z,8259,21,Path Control,65535,255,2.369668012075278
1788776661.0253417,2026-09-07T10:24:21.025341Z,8259,21,Path Control,65535,255,2.370402349246815
1788776661.1752577,2026-09-07T10:24:21.175257Z,8259,21,Path Control,65535,255,2.3706543086348595
1788776661.2755442,2026-09-07T10:24:21.275544Z,8259,21,Path Control,65535,255,2.3708004397230837
1788776661.4253957,2026-09-07T10:24:21.425395Z,8259,21,Path Control,65535,255,2.368672007610871
1788776661.5754395,2026-09-07T10:24:21.575439Z,8259,21,Path Control,65535,255,2.369916493080293
1788776661.6754258,2026-09-07T10:24:21.675425Z,8259,21,Path Control,65535,255,2.3706163434776713
1788776661.7754557,2026-09-07T10:24:21.775455Z,8259,21,Path Control,65535,255,2.3712707454519157
1788776661.8754933,2026-09-07T10:24:21.875493Z,8259,21,Path Control,65535,255,2.3718858893374875
1788776662.0253916,2026-09-07T10:24:22.025391Z,8259,21,Path Control,65535,255,2.37280638866548
1788776662.1254635,2026-09-07T10:24:22.125463Z,8259,21,Path Control,65535,255,2.373098385506972
1788776662.2754912,2026-09-07T10:24:22.275491Z,8259,21,Path Control,65535,255,2.3736438798072124
1788776662.4253516,2026-09-07T10:24:22.425351Z,8259,21,Path Control,65535,255,2.363134756200956
1788776662.5253866,2026-09-07T10:24:22.525386Z,8259,21,Path Control,65535,255,2.3633988761574676
1788776662.6757662,2026-09-07T10:24:22.675766Z,8259,21,Path Control,65535,255,2.3636760468765856
1788776662.8254483,2026-09-07T10:24:22.825448Z,8259,21,Path Control,65535,255,2.363729623182471
1788776662.9752948,2026-09-07T10:24:22.975294Z,8259,21,Path Control,65535,255,2.363594562105529
1788776663.0754616,2026-09-07T10:24:23.075461Z,8259,21,Path Control,65535,255,2.363514252262688
1788776663.2252464,2026-09-07T10:24:23.225246Z,8259,21,Path Control,65535,255,2.363922682449235
1788776663.3253856,2026-09-07T10:24:23.325385Z,8259,21,Path Control,65535,255,2.3564385880501453
1788776663.4754164,2026-09-07T10:24:23.475416Z,8259,21,Path Control,65535,255,2.357000493939187
1788776663.6254563,2026-09-07T10:24:23.625456Z,8259,21,Path Control,65535,255,2.357401314709061
1788776663.7755194,2026-09-07T10:24:23.775519Z,8259,21,Path Control,65535,255,2.3585015710719155
1788776663.9253206,2026-09-07T10:24:23.925320Z,8259,21,Path Control,65535,255,2.3592202913859595
1788776664.0254242,2026-09-07T10:24:24.025424Z,8259,21,Path Control,65535,255,2.359689308822587
1788776664.1752772,2026-09-07T10:24:24.175277Z,8259,21,Path Control,65535,255,2.360131172140475
1788776664.2754245,2026-09-07T10:24:24.275424Z,8259,21,Path Control,65535,255,2.360565424782709
1788776664.3754294,2026-09-07T10:24:24.375429Z,8259,21,Path Control,65535,255,2.3527973837363008
1788776664.5254245,2026-09-07T10:24:24.525424Z,8259,21,Path Control,65535,255,2.3538437952163074
1788776664.6755009,2026-09-07T10:24:24.675500Z,8259,21,Path Control,65535,255,2.3548708696798357
1788776664.825432,2026-09-07T10:24:24.825432Z,8259,21,Path Control,65535,255,2.3555911399849463
1788776664.975362,2026-09-07T10:24:24.975362Z,8259,21,Path Control,65535,255,2.3555098832293684
1788776665.075511,2026-09-07T10:24:25.075510Z,8259,21,Path Control,65535,255,2.3554697976436536
1788776665.2252593,2026-09-07T10:24:25.225259Z,8259,21,Path Control,65535,255,2.355367851856556
1788776665.3253875,2026-09-07T10:24:25.325387Z,8259,21,Path Control,65535,255,2.351310857387241
1788776665.4754374,2026-09-07T10:24:25.475437Z,8259,21,Path Control,65535,255,2.3508956516927837
1788776665.5754378,2026-09-07T10:24:25.575437Z,8259,21,Path Control,65535,255,2.3505871823616227
1788776665.7253869,2026-09-07T10:24:25.725386Z,8259,21,Path Control,65535,255,2.3506553861757764
1788776665.8754897,2026-09-07T10:24:25.875489Z,8259,21,Path Control,65535,255,2.351163523030967
1788776666.0253456,2026-09-07T10:24:26.025345Z,8259,21,Path Control,65535,255,2.351688409347474
1788776666.1254067,2026-09-07T10:24:26.125406Z,8259,21,Path Control,65535,255,2.352334611561971
1788776666.2754242,2026-09-07T10:24:26.275424Z,8259,21,Path Control,65535,255,2.353167555409618
1788776666.3754923,2026-09-07T10:24:26.375492Z,8259,21,Path Control,65535,255,2.355274100494287
1788776666.5255013,2026-09-07T10:24:26.525501Z,8259,21,Path Control,65535,255,2.3558454723157256
1788776666.6754205,2026-09-07T10:24:26.675420Z,8259,21,Path Control,65535,255,2.3563334161990945
1788776666.7754264,2026-09-07T10:24:26.775426Z,8259,21,Path Control,65535,255,2.356662059611953
1788776666.875504,2026-09-07T10:24:26.875504Z,8259,21,Path Control,65535,255,2.356889871162011
1788776667.0253677,2026-09-07T10:24:27.025367Z,8259,21,Path Control,65535,255,2.357233255962042
1788776667.1253874,2026-09-07T10:24:27.125387Z,8259,21,Path Control,65535,255,2.3579570250695183
1788776667.2754574,2026-09-07T10:24:27.275457Z,8259,21,Path Control,65535,255,2.3589567529561877
1788776667.425293,2026-09-07T10:24:27.425292Z,8259,21,Path Control,65535,255,2.355032441546027
1788776667.5253673,2026-09-07T10:24:27.525367Z,8259,21,Path Control,65535,255,2.3553181118754707
1788776667.6754248,2026-09-07T10:24:27.675424Z,8259,21,Path Control,65535,255,2.355733798567742
1788776667.7754707,2026-09-07T10:24:27.775470Z,8259,21,Path Control,65535,255,2.355931789633188
1788776667.9256437,2026-09-07T10:24:27.925643Z,8259,21,Path Control,65535,255,2.356305198398334
1788776668.075463,2026-09-07T10:24:28.075463Z,8259,21,Path Control,65535,255,2.3568670646876835
1788776668.2253435,2026-09-07T10:24:28.225343Z,8259,21,Path Control,65535,255,2.3575703926009663
1788776668.3253706,2026-09-07T10:24:28.325370Z,8259,21,Path Control,65535,255,2.354136323713328
1788776668.4753892,2026-09-07T10:24:28.475389Z,8259,21,Path Control,65535,255,2.3553425386390336
1788776668.5755546,2026-09-07T10:24:28.575554Z,8259,21,Path Control,65535,255,2.356161201647689
1788776668.7253509,2026-09-07T10:24:28.725350Z,8259,21,Path Control,65535,255,2.3572649921722504
1788776668.8754508,2026-09-07T10:24:28.875450Z,8259,21,Path Control,65535,255,2.358297273242222
1788776669.025344,2026-09-07T10:24:29.025343Z,8259,21,Path Control,65535,255,2.3592678090624304
1788776669.125575,2026-09-07T10:24:29.125575Z,8259,21,Path Control,65535,255,2.360043387782293
1788776669.2753747,2026-09-07T10:24:29.275374Z,8259,21,Path Control,65535,255,2.360901272030793
1788776669.3755932,2026-09-07T10:24:29.375593Z,8259,21,Path Control,65535,255,2.358464488792756
1788776669.525444,2026-09-07T10:24:29.525444Z,8259,21,Path Control,65535,255,2.3588710441091862
1788776669.6754568,2026-09-07T10:24:29.675456Z,8259,21,Path Control,65535,255,2.359372947427631
1788776669.8253095,2026-09-07T10:24:29.825309Z,8259,21,Path Control,65535,255,2.359981772007081
1788776669.925469,2026-09-07T10:24:29.925468Z,8259,21,Path Control,65535,255,2.3604923867347556
1788776670.0754507,2026-09-07T10:24:30.075450Z,8259,21,Path Control,65535,255,2.3612712388060193
1788776670.225309,2026-09-07T10:24:30.225308Z,8259,21,Path Control,65535,255,2.36209458722422
1788776670.3254154,2026-09-07T10:24:30.325415Z,8259,21,Path Control,65535,255,2.3626187223746915
1788776670.425446,2026-09-07T10:24:30.425446Z,8259,21,Path Control,65535,255,2.358735581883537
1788776670.5753963,2026-09-07T10:24:30.575396Z,8259,21,Path Control,65535,255,2.3591152622144085
1788776670.6754575,2026-09-07T10:24:30.675457Z,8259,21,Path Control,65535,255,2.3593679157936953
1788776670.8256435,2026-09-07T10:24:30.825643Z,8259,21,Path Control,65535,255,2.3596648758958354
1788776670.975403,2026-09-07T10:24:30.975403Z,8259,21,Path Control,65535,255,2.360265844096739
1788776671.0754678,2026-09-07T10:24:31.075467Z,8259,21,Path Control,65535,255,2.360249618001634
1788776671.2253473,2026-09-07T10:24:31.225347Z,8259,21,Path Control,65535,255,2.360033212720691
1788776671.3254092,2026-09-07T10:24:31.325409Z,8259,21,Path Control,65535,255,2.3667847600231533
1788776671.4753797,2026-09-07T10:24:31.475379Z,8259,21,Path Control,65535,255,2.3671391093186824
1788776671.5754657,2026-09-07T10:24:31.575465Z,8259,21,Path Control,65535,255,2.367608712956679
1788776671.725518,2026-09-07T10:24:31.725517Z,8259,21,Path Control,65535,255,2.3684416719284718
1788776671.8753839,2026-09-07T10:24:31.875383Z,8259,21,Path Control,65535,255,2.3692450681364496
1788776672.0253694,2026-09-07T10:24:32.025369Z,8259,21,Path Control,65535,255,2.3700290604775858
1788776672.1258283,2026-09-07T10:24:32.125828Z,8259,21,Path Control,65535,255,2.3704863908108935
1788776672.2754514,2026-09-07T10:24:32.275451Z,8259,21,Path Control,65535,255,2.3727430707334736
1788776672.4254112,2026-09-07T10:24:32.425411Z,8259,21,Path Control,65535,255,2.3684808270002606
1788776672.5255902,2026-09-07T10:24:32.525590Z,8259,21,Path Control,65535,255,2.368762330325947
1788776672.6255937,2026-09-07T10:24:32.625593Z,8259,21,Path Control,65535,255,2.3690175074034916
1788776672.7754266,2026-09-07T10:24:32.775426Z,8259,21,Path Control,65535,255,2.3691580468959463
1788776672.8754354,2026-09-07T10:24:32.875435Z,8259,21,Path Control,65535,255,2.3692183155430326
1788776673.0253785,2026-09-07T10:24:33.025378Z,8259,21,Path Control,65535,255,2.3690379679293088
1788776673.125546,2026-09-07T10:24:33.125545Z,8259,21,Path Control,65535,255,2.3692405394535516
1788776673.2755208,2026-09-07T10:24:33.275520Z,8259,21,Path Control,65535,255,2.36945989006748
1788776673.3755233,2026-09-07T10:24:33.375523Z,8259,21,Path Control,65535,255,2.370156762209754
1788776673.525524,2026-09-07T10:24:33.525523Z,8259,21,Path Control,65535,255,2.369870422800882
1788776673.6754153,2026-09-07T10:24:33.675415Z,8259,21,Path Control,65535,255,2.369392328459147
1788776673.7754178,2026-09-07T10:24:33.775417Z,8259,21,Path Control,65535,255,2.3690326225614826
1788776673.9255428,2026-09-07T10:24:33.925542Z,8259,21,Path Control,65535,255,2.3691227915229907
1788776674.0753667,2026-09-07T10:24:34.075366Z,8259,21,Path Control,65535,255,2.369530809312079
1788776674.2252889,2026-09-07T10:24:34.225288Z,8259,21,Path Control,65535,255,2.370163286834104
1788776674.325884,2026-09-07T10:24:34.325884Z,8259,21,Path Control,65535,255,2.372222835072932
1788776674.475425,2026-09-07T10:24:34.475425Z,8259,21,Path Control,65535,255,2.3718536348000927
1788776674.575427,2026-09-07T10:24:34.575427Z,8259,21,Path Control,65535,255,2.3719058716050405
1788776674.6754928,2026-09-07T10:24:34.675492Z,8259,21,Path Control,65535,255,2.371834785653733
1788776674.775517,2026-09-07T10:24:34.775516Z,8259,21,Path Control,65535,255,2.3717376699358326
1788776674.9254024,2026-09-07T10:24:34.925402Z,8259,21,Path Control,65535,255,2.3716466106821557
1788776675.0254476,2026-09-07T10:24:35.025447Z,8259,21,Path Control,65535,255,2.3716309470375827
1788776675.17529,2026-09-07T10:24:35.175290Z,8259,21,Path Control,65535,255,2.372112778701234
1788776675.2753928,2026-09-07T10:24:35.275392Z,8259,21,Path Control,65535,255,2.3723773751205997
1788776675.3757017,2026-09-07T10:24:35.375701Z,8259,21,Path Control,65535,255,2.365604934251622
1788776675.5253618,2026-09-07T10:24:35.525361Z,8259,21,Path Control,65535,255,2.3654959748010964
1788776675.6754289,2026-09-07T10:24:35.675428Z,8259,21,Path Control,65535,255,2.3659622892703864
1788776675.8252962,2026-09-07T10:24:35.825296Z,8259,21,Path Control,65535,255,2.366294162009268
1788776675.9253702,2026-09-07T10:24:35.925370Z,8259,21,Path Control,65535,255,2.366525886028775
1788776676.025534,2026-09-07T10:24:36.025533Z,8259,21,Path Control,65535,255,2.366791620977259
1788776676.1752746,2026-09-07T10:24:36.175274Z,8259,21,Path Control,65535,255,2.3678894430215043
1788776676.2754376,2026-09-07T10:24:36.275437Z,8259,21,Path Control,65535,255,2.3686323766259574
1788776676.3754463,2026-09-07T10:24:36.375446Z,8259,21,Path Control,65535,255,2.360949103750094
1788776676.5255425,2026-09-07T10:24:36.525542Z,8259,21,Path Control,65535,255,2.3612372224183393
1788776676.6255555,2026-09-07T10:24:36.625555Z,8259,21,Path Control,65535,255,2.361356591971535
1788776676.7754562,2026-09-07T10:24:36.775456Z,8259,21,Path Control,65535,255,2.3617811795681254
1788776676.875483,2026-09-07T10:24:36.875483Z,8259,21,Path Control,65535,255,2.362003234716039
1788776677.0252936,2026-09-07T10:24:37.025293Z,8259,21,Path Control,65535,255,2.362342613309851
1788776677.1254008,2026-09-07T10:24:37.125400Z,8259,21,Path Control,65535,255,2.362758158657438
1788776677.275498,2026-09-07T10:24:37.275497Z,8259,21,Path Control,65535,255,2.363338440794574
1788776677.3755367,2026-09-07T10:24:37.375536Z,8259,21,Path Control,65535,255,2.3667410338044577
1788776677.5256307,2026-09-07T10:24:37.525630Z,8259,21,Path Control,65535,255,2.367205260580231
1788776677.6754315,2026-09-07T10:24:37.675431Z,8259,21,Path Control,65535,255,2.3673530688149387
1788776677.8254344,2026-09-07T10:24:37.825434Z,8259,21,Path Control,65535,255,2.3671836834717292
1788776677.9254842,2026-09-07T10:24:37.925484Z,8259,21,Path Control,65535,255,2.3674558304228066
1788776678.0255294,2026-09-07T10:24:38.025529Z,8259,21,Path Control,65535,255,2.3676325384012804
1788776678.175322,2026-09-07T10:24:38.175322Z,8259,21,Path Control,65535,255,2.3676027032984597
1788776678.2754545,2026-09-07T10:24:38.275454Z,8259,21,Path Control,65535,255,2.367575665644843
1788776678.425425,2026-09-07T10:24:38.425425Z,8259,21,Path Control,65535,255,2.3670105369744636
1788776678.575506,2026-09-07T10:24:38.575505Z,8259,21,Path Control,65535,255,2.3666856579159905
1788776678.675489,2026-09-07T10:24:38.675488Z,8259,21,Path Control,65535,255,2.3663953022344195
1788776678.7755008,2026-09-07T10:24:38.775500Z,8259,21,Path Control,65535,255,2.3661291912057854
1788776678.9254603,2026-09-07T10:24:38.925460Z,8259,21,Path Control,65535,255,2.365864849844003
1788776679.0754602,2026-09-07T10:24:39.075460Z,8259,21,Path Control,65535,255,2.3659971451082864
1788776679.2252657,2026-09-07T10:24:39.225265Z,8259,21,Path Control,65535,255,2.366496165149253
1788776679.3253736,2026-09-07T10:24:39.325373Z,8259,21,Path Control,65535,255,2.3594638158884873
1788776679.4253728,2026-09-07T10:24:39.425372Z,8259,21,Path Control,65535,255,2.36021056974983
1788776679.525567,2026-09-07T10:24:39.525567Z,8259,21,Path Control,65535,255,2.3606231230671084
1788776679.6754775,2026-09-07T10:24:39.675477Z,8259,21,Path Control,65535,255,2.3611215231648
1788776679.7754695,2026-09-07T10:24:39.775469Z,8259,21,Path Control,65535,255,2.3612634167668745
1788776679.8754914,2026-09-07T10:24:39.875491Z,8259,21,Path Control,65535,255,2.361536426991351
1788776680.0254233,2026-09-07T10:24:40.025423Z,8259,21,Path Control,65535,255,2.3619469330486806
1788776680.1753044,2026-09-07T10:24:40.175304Z,8259,21,Path Control,65535,255,2.3620047762339578
1788776680.2755759,2026-09-07T10:24:40.275575Z,8259,21,Path Control,65535,255,2.3619420835098284
1788776680.4253597,2026-09-07T10:24:40.425359Z,8259,21,Path Control,65535,255,2.357463851503084
1788776680.525444,2026-09-07T10:24:40.525444Z,8259,21,Path Control,65535,255,2.358027243107946
1788776680.675657,2026-09-07T10:24:40.675657Z,8259,21,Path Control,65535,255,2.358646661011475
1788776680.8255439,2026-09-07T10:24:40.825543Z,8259,21,Path Control,65535,255,2.3592367566347807
1788776680.9753873,2026-09-07T10:24:40.975387Z,8259,21,Path Control,65535,255,2.3598208831889718
1788776681.0754936,2026-09-07T10:24:41.075493Z,8259,21,Path Control,65535,255,2.360447648145939
1788776681.2253056,2026-09-07T10:24:41.225305Z,8259,21,Path Control,65535,255,2.361451460574463
1788776681.3254852,2026-09-07T10:24:41.325485Z,8259,21,Path Control,65535,255,2.3566740065157266
1788776681.4754233,2026-09-07T10:24:41.475423Z,8259,21,Path Control,65535,255,2.3568501721161623
1788776681.6253643,2026-09-07T10:24:41.625364Z,8259,21,Path Control,65535,255,2.35702512151591
1788776681.7256138,2026-09-07T10:24:41.725613Z,8259,21,Path Control,65535,255,2.3577621566603226
1788776681.8754015,2026-09-07T10:24:41.875401Z,8259,21,Path Control,65535,255,2.358812258131021
1788776682.025362,2026-09-07T10:24:42.025362Z,8259,21,Path Control,65535,255,2.359977449548609
1788776682.1254196,2026-09-07T10:24:42.125419Z,8259,21,Path Control,65535,255,2.3605011026852187
1788776682.2754493,2026-09-07T10:24:42.275449Z,8259,21,Path Control,65535,255,2.3612351709388637
1788776682.4253461,2026-09-07T10:24:42.425346Z,8259,21,Path Control,65535,255,2.359193951432871
1788776682.5255716,2026-09-07T10:24:42.525571Z,8259,21,Path Control,65535,255,2.3596308945937823
1788776682.675458,2026-09-07T10:24:42.675457Z,8259,21,Path Control,65535,255,2.3601365190018573
1788776682.8256106,2026-09-07T10:24:42.825610Z,8259,21,Path Control,65535,255,2.360380100245661
1788776682.9753926,2026-09-07T10:24:42.975392Z,8259,21,Path Control,65535,255,2.360451645147931
1788776683.0754905,2026-09-07T10:24:43.075490Z,8259,21,Path Control,65535,255,2.360475577449354
1788776683.2252576,2026-09-07T10:24:43.225257Z,8259,21,Path Control,65535,255,2.360852246319992
1788776683.325379,2026-09-07T10:24:43.325378Z,8259,21,Path Control,65535,255,2.3610792969024335
1788776683.4754443,2026-09-07T10:24:43.475444Z,8259,21,Path Control,65535,255,2.3599527960489555
1788776683.575506,2026-09-07T10:24:43.575505Z,8259,21,Path Control,65535,255,2.360226066632659
1788776683.725371,2026-09-07T10:24:43.725370Z,8259,21,Path Control,65535,255,2.3607867507188036
1788776683.825372,2026-09-07T10:24:43.825371Z,8259,21,Path Control,65535,255,2.361193328795413
1788776683.9254806,2026-09-07T10:24:43.925480Z,8259,21,Path Control,65535,255,2.3615661340279743
1788776684.0254586,2026-09-07T10:24:44.025458Z,8259,21,Path Control,65535,255,2.3619158282193675
1788776684.1256194,2026-09-07T10:24:44.125619Z,8259,21,Path Control,65535,255,2.3623450332014704
1788776684.275527,2026-09-07T10:24:44.275527Z,8259,21,Path Control,65535,255,2.3579529832682096
1788776684.3755655,2026-09-07T10:24:44.375565Z,8259,21,Path Control,65535,255,2.3581899420068506
1788776684.5254807,2026-09-07T10:24:44.525480Z,8259,21,Path Control,65535,255,2.35806522638098
1788776684.6755524,2026-09-07T10:24:44.675552Z,8259,21,Path Control,65535,255,2.3590114287281105
1788776684.8253648,2026-09-07T10:24:44.825364Z,8259,21,Path Control,65535,255,2.359692244879906
1788776684.925455,2026-09-07T10:24:44.925455Z,8259,21,Path Control,65535,255,2.360206001843366
