{"type": "FeatureCollection", "features": [{"type": "Feature", "properties": {"recording": "20260907_143153", "kind": "recorded GPS track"}, "geometry": {"type": "MultiLineString", "coordinates": [[[16.948021333333333, 78.66132716666667], [16.948024, 78.66132883333333], [16.948026833333333, 78.66133033333334], [16.948029833333333, 78.66133183333334], [16.948032666666666, 78.66133333333333], [16.9480355, 78.661335], [16.948038, 78.6613365], [16.948040833333334, 78.66133799999999], [16.948043666666667, 78.6613395], [16.94804633333333, 78.66134116666667], [16.948049, 78.66134266666667], [16.948051833333334, 78.66134416666667], [16.9480545, 78.66134583333334], [16.9480575, 78.66134733333334], [16.948060166666668, 78.661349], [16.948062999999998, 78.6613505], [16.94806583333333, 78.66135200000001], [16.948068499999998, 78.66135366666667], [16.948071333333335, 78.66135516666667], [16.948074000000002, 78.66135666666668], [16.948076833333335, 78.66135816666666], [16.94807966666667, 78.66135966666667], [16.948082333333332, 78.66136116666667], [16.948085166666665, 78.66136266666668], [16.948087833333332, 78.66136433333332], [16.948090666666666, 78.66136583333333], [16.948093333333336, 78.66136750000001], [16.948096333333336, 78.661369], [16.948099, 78.6613705], [16.948101666666666, 78.66137216666667], [16.9481045, 78.66137366666666], [16.948107166666667, 78.66137533333334], [16.948110333333332, 78.66137683333334], [16.948113, 78.6613785], [16.948115833333336, 78.66138], [16.9481185, 78.6613815], [16.9481215, 78.66138299999999], [16.948124166666666, 78.66138466666666], [16.948127, 78.66138616666667], [16.948129833333333, 78.66138766666667], [16.948132666666666, 78.66138933333333], [16.9481355, 78.66139083333334], [16.94813816666667, 78.66139233333334], [16.948140666666667, 78.66139383333334], [16.948143333333334, 78.6613955], [16.948146166666668, 78.66139700000001], [16.948148833333335, 78.66139849999999], [16.948151333333332, 78.66140016666667], [16.948154, 78.66140166666668], [16.948156666666666, 78.66140316666666], [16.948159166666667, 78.66140466666667], [16.948161833333334, 78.66140633333333], [16.94816416666667, 78.66140783333334], [16.94816666666667, 78.6614095], [16.948169166666666, 78.661411], [16.948171666666667, 78.66141250000001], [16.948174166666668, 78.66141416666666], [16.94817683333333, 78.66141583333334], [16.9481795, 78.66141733333333], [16.948182166666665, 78.66141883333333], [16.94818466666667, 78.6614205], [16.948187333333333, 78.66142199999999], [16.94819, 78.66142366666666], [16.9481925, 78.66142516666667], [16.948195166666668, 78.66142683333334], [16.94819783333333, 78.66142833333333], [16.9482005, 78.66143000000001], [16.948203166666666, 78.66143149999999], [16.94820566666667, 78.66143316666667], [16.948208333333334, 78.66143466666668], [16.948210833333334, 78.66143633333333], [16.948213333333335, 78.66143783333334], [16.94821616666667, 78.6614395], [16.948218666666666, 78.661441], [16.948221333333333, 78.6614425], [16.948223833333333, 78.66144416666666], [16.948226666666667, 78.66144583333333], [16.948229166666668, 78.66144733333334], [16.948231833333335, 78.66144899999999], [16.948234333333335, 78.6614505], [16.948236833333333, 78.66145216666668], [16.9482395, 78.66145383333334], [16.948242166666667, 78.66145533333334], [16.948244666666668, 78.661457], [16.94824733333333, 78.6614585], [16.948250166666664, 78.66146016666667], [16.94825266666667, 78.66146183333333], [16.94825516666667, 78.66146333333333], [16.94825816666667, 78.66146483333334], [16.948260833333332, 78.6614665], [16.948263333333333, 78.66146816666667], [16.948266333333333, 78.66146966666666], [16.948268833333334, 78.66147133333334], [16.948271499999997, 78.66147299999999], [16.948274333333334, 78.6614745], [16.948277, 78.661476], [16.9482795, 78.66147766666667], [16.94828216666667, 78.66147916666667], [16.948284666666666, 78.66148083333333], [16.948287333333333, 78.66148233333334], [16.948289833333334, 78.661484], [16.94829233333333, 78.6614855], [16.948294833333332, 78.66148700000001], [16.948297333333336, 78.66148866666667], [16.948299833333333, 78.66149033333333], [16.948302333333334, 78.66149183333333], [16.948304833333335, 78.66149333333333], [16.948307333333332, 78.661495], [16.948309833333333, 78.66149650000001], [16.9483125, 78.66149816666666], [16.948315166666664, 78.66149966666667], [16.948317666666664, 78.66150133333333], [16.94832016666667, 78.66150283333333], [16.948322666666666, 78.66150433333334], [16.948325166666667, 78.66150599999999], [16.948327666666668, 78.6615075], [16.948330333333335, 78.66150916666668], [16.948332833333332, 78.66151066666666], [16.9483355, 78.66151216666667], [16.948338166666666, 78.66151383333333], [16.948341000000003, 78.66151533333333], [16.948344000000002, 78.66151683333332], [16.948346666666666, 78.6615185], [16.948349666666665, 78.66152000000001], [16.948352666666665, 78.66152149999999], [16.948355333333332, 78.66152316666667], [16.948358166666665, 78.66152466666668], [16.948361, 78.66152616666666], [16.94836366666667, 78.66152783333334], [16.948366500000002, 78.66152933333333], [16.948369500000002, 78.66153083333333], [16.948372333333335, 78.66153233333333], [16.948375, 78.66153383333334], [16.948377999999998, 78.6615355], [16.94838083333333, 78.661537], [16.948383666666665, 78.6615385], [16.948386666666668, 78.66154], [16.948389333333335, 78.66154150000001], [16.948392166666668, 78.66154316666666], [16.948395166666668, 78.66154466666667], [16.948398166666667, 78.66154616666667], [16.948401, 78.66154766666666], [16.948404, 78.66154933333334], [16.948407, 78.66155083333334], [16.948409833333336, 78.66155233333333], [16.948412833333336, 78.661554], [16.948415666666666, 78.6615555], [16.948418666666665, 78.66155699999999], [16.948421666666665, 78.66155866666666], [16.948424499999998, 78.66156016666667], [16.948427499999998, 78.66156166666666], [16.94843033333333, 78.66156333333333], [16.9484335, 78.66156483333333], [16.948436333333333, 78.66156633333334], [16.9484395, 78.661568], [16.9484425, 78.6615695], [16.9484455, 78.66157100000001], [16.948448666666664, 78.66157266666667], [16.948451666666664, 78.66157416666667], [16.948455000000003, 78.66157566666668], [16.948458000000002, 78.66157733333333], [16.948461333333334, 78.66157883333334], [16.948464666666666, 78.66158033333333], [16.948467833333332, 78.661582], [16.948470999999998, 78.6615835], [16.948474166666664, 78.661585], [16.948477500000003, 78.66158650000001], [16.94848066666667, 78.66158816666666], [16.948484166666667, 78.66158966666667], [16.948487, 78.66159133333333], [16.948490333333332, 78.66159283333333], [16.948493499999998, 78.6615945], [16.948496666666664, 78.66159616666667], [16.948499833333337, 78.66159783333333], [16.948503000000002, 78.6615995], [16.948506333333334, 78.661601], [16.9485095, 78.66160266666667], [16.948512666666666, 78.66160433333333], [16.948515999999998, 78.66160583333334], [16.948519166666664, 78.6616075], [16.94852266666667, 78.661609], [16.948525833333335, 78.66161066666668], [16.948529, 78.66161216666666], [16.948532, 78.66161383333333], [16.948535333333332, 78.6616155], [16.948538166666665, 78.66161699999999], [16.948541499999997, 78.66161866666667], [16.948544833333337, 78.66162033333333], [16.948548000000002, 78.66162183333333], [16.9485515, 78.66162349999999], [16.948554833333333, 78.661625], [16.948557833333332, 78.66162666666668], [16.948560999999998, 78.66162816666666], [16.9485645, 78.66162966666667], [16.948567833333335, 78.66163133333333], [16.948571, 78.661633], [16.948574166666667, 78.66163466666667], [16.9485775, 78.66163633333333], [16.948581, 78.66163783333333], [16.948584, 78.6616395], [16.948587, 78.66164116666667], [16.948590000000003, 78.66164266666667], [16.94859316666667, 78.66164433333333], [16.948596333333334, 78.661646], [16.948599666666667, 78.6616475], [16.948602666666666, 78.66164916666666], [16.948605999999998, 78.66165083333334], [16.948609166666664, 78.66165233333332], [16.948612166666667, 78.661654], [16.948615333333333, 78.66165550000001], [16.94861866666667, 78.66165716666666], [16.948621833333334, 78.66165883333333], [16.948624833333334, 78.6616605], [16.948627833333333, 78.66166199999999], [16.948630833333333, 78.66166366666667], [16.948634000000002, 78.66166516666667], [16.948637, 78.66166666666666], [16.948640166666667, 78.66166833333334], [16.948643333333333, 78.66166983333332], [16.94864683333333, 78.6616715], [16.94865, 78.66167300000001], [16.948653166666666, 78.66167466666667], [16.948656333333336, 78.66167633333333], [16.9486595, 78.66167783333334], [16.948662666666667, 78.66167933333332], [16.948666, 78.66168083333334], [16.94866933333333, 78.66168250000001], [16.9486725, 78.661684], [16.948676, 78.66168566666667], [16.9486795, 78.66168733333333], [16.948682666666667, 78.66168883333333], [16.948686000000002, 78.66169033333334], [16.948689166666668, 78.66169199999999], [16.9486925, 78.6616935], [16.948695666666666, 78.66169516666668], [16.94869883333333, 78.66169666666666], [16.948702166666667, 78.66169833333333], [16.94870566666667, 78.66170000000001], [16.94870866666667, 78.66170166666667], [16.948712166666667, 78.66170333333334], [16.94871583333333, 78.66170483333333], [16.948719166666667, 78.66170650000001], [16.948722666666665, 78.66170816666666], [16.948726, 78.66170966666667], [16.94872966666667, 78.66171133333334], [16.948733166666667, 78.66171299999999], [16.948736666666665, 78.66171466666667], [16.948740333333333, 78.66171633333333], [16.948743999999998, 78.66171800000001], [16.948747500000003, 78.66171983333334], [16.948751, 78.66172150000001], [16.948754666666666, 78.66172316666666], [16.948758166666668, 78.66172483333334], [16.948762, 78.6617265], [16.94876533333333, 78.66172816666668], [16.948769000000002, 78.66172966666666], [16.948772333333334, 78.66173133333334], [16.9487755, 78.66173283333333], [16.948779000000002, 78.6617345], [16.9487825, 78.66173616666667], [16.948786, 78.66173766666667], [16.948788999999998, 78.66173933333333], [16.94879266666667, 78.66174099999999], [16.948796, 78.66174266666667], [16.948799333333334, 78.66174433333335], [16.948803, 78.661746], [16.9488065, 78.6617475], [16.948809666666666, 78.66174916666667], [16.94881333333333, 78.66175083333333], [16.948816500000003, 78.66175249999999], [16.94882, 78.66175416666667], [16.948823166666667, 78.66175583333333], [16.948826166666667, 78.66175733333333], [16.9488295, 78.66175883333334], [16.948832499999998, 78.6617605], [16.948835666666664, 78.66176216666666], [16.948838833333333, 78.66176366666667], [16.948841833333333, 78.66176533333334], [16.948844833333332, 78.66176683333333], [16.948847833333332, 78.66176850000001], [16.94885083333333, 78.66176999999999], [16.948853999999997, 78.66177166666667], [16.948857166666667, 78.66177316666668], [16.94886, 78.66177466666666], [16.94886316666667, 78.66177633333334], [16.94886616666667, 78.66177783333333], [16.948869166666668, 78.6617795], [16.948872166666668, 78.661781], [16.948875333333334, 78.6617825], [16.9488785, 78.66178416666666], [16.948881333333336, 78.66178566666667], [16.948884333333336, 78.66178733333332], [16.948887333333335, 78.66178883333333], [16.9488905, 78.66179050000001], [16.9488935, 78.661792], [16.9488965, 78.6617935], [16.948899333333333, 78.66179516666666], [16.948902166666667, 78.66179666666667], [16.948905333333336, 78.66179816666666], [16.94890816666667, 78.66179983333333], [16.9489115, 78.66180133333334], [16.948915166666666, 78.66180283333333], [16.948919333333333, 78.66180433333334], [16.948923999999998, 78.661806], [16.94892916666667, 78.66180766666666], [16.9489355, 78.66180933333334], [16.94894233333333, 78.66181116666667], [16.948949833333334, 78.66181266666668], [16.948956666666668, 78.66181383333333], [16.948964, 78.66181516666667], [16.948971833333335, 78.6618165], [16.948980666666667, 78.66181783333333], [16.948989833333332, 78.66181916666666], [16.94899966666667, 78.66182033333332], [16.949009999999998, 78.6618215], [16.949021000000002, 78.66182266666667], [16.949031333333334, 78.66182350000001], [16.949041833333336, 78.66182433333333], [16.949052333333334, 78.661825], [16.9490635, 78.66182566666666], [16.949074166666666, 78.66182616666667], [16.949084833333334, 78.6618265], [16.949094833333334, 78.6618265], [16.949105499999998, 78.6618265], [16.949115333333335, 78.66182633333332], [16.9491245, 78.66182583333332], [16.949133333333336, 78.66182533333334], [16.949141666666666, 78.66182466666667], [16.949149166666665, 78.66182383333333], [16.949155833333336, 78.661823], [16.949161833333335, 78.661822], [16.949166833333333, 78.66182083333334], [16.949171, 78.66181966666666], [16.9491745, 78.66181816666668], [16.949178, 78.66181683333333], [16.949180666666667, 78.66181533333334], [16.949183, 78.66181383333333], [16.949184666666667, 78.66181233333333], [16.9491865, 78.66181083333332], [16.949187833333333, 78.66180933333334], [16.949189, 78.66180783333333], [16.949189999999998, 78.66180633333333], [16.9491905, 78.66180483333332], [16.949190833333333, 78.66180333333334], [16.949191166666665, 78.66180183333333], [16.949191166666665, 78.6618005], [16.949190833333333, 78.661799], [16.949190333333334, 78.66179766666667], [16.94918983333333, 78.66179633333333], [16.949189, 78.661795], [16.949188166666666, 78.66179383333333], [16.949187, 78.66179233333334], [16.949185833333335, 78.66179116666667], [16.949184333333335, 78.66178983333333], [16.949183333333334, 78.6617885], [16.949182166666667, 78.66178716666667], [16.949181, 78.66178599999999], [16.9491795, 78.66178466666666], [16.949178166666666, 78.66178333333333], [16.949177000000002, 78.66178216666667], [16.949175500000003, 78.66178083333332], [16.949174333333335, 78.6617795], [16.949173, 78.66177816666666], [16.94917183333333, 78.66177666666667], [16.949170499999997, 78.66177533333332], [16.9491695, 78.66177383333334], [16.9491685, 78.66177233333333], [16.94916733333333, 78.66177083333334], [16.949166333333334, 78.66176933333332], [16.949164833333334, 78.661768], [16.949163666666667, 78.66176633333333], [16.949162166666667, 78.66176483333334], [16.949160666666668, 78.66176316666666], [16.949159, 78.66176166666668], [16.949157500000002, 78.66176], [16.949155833333336, 78.66175849999999], [16.949154166666666, 78.66175683333333], [16.9491525, 78.661755], [16.94915083333333, 78.66175333333334], [16.949149, 78.66175166666667], [16.949147, 78.66175], [16.949145166666664, 78.66174833333334], [16.949143, 78.66174633333334], [16.949140833333335, 78.661744], [16.949138166666668, 78.6617415], [16.9491355, 78.66173866666666], [16.94913216666667, 78.6617355], [16.949128833333337, 78.66173233333333], [16.949125499999997, 78.66172916666666], [16.949121833333333, 78.66172583333334], [16.949118333333335, 78.6617225], [16.9491145, 78.66171916666667], [16.949110833333336, 78.661716], [16.949107166666668, 78.66171266666667], [16.9491035, 78.6617095], [16.94909983333333, 78.66170616666666], [16.949096166666667, 78.661703], [16.949092333333333, 78.66169966666666], [16.949088500000002, 78.66169633333334], [16.9490845, 78.661693], [16.949080499999997, 78.66168966666667], [16.949076666666667, 78.66168633333334], [16.949072833333332, 78.661683], [16.949069, 78.66167966666667], [16.949065166666667, 78.66167633333333], [16.94906116666667, 78.66167300000001], [16.949057166666666, 78.66166966666667], [16.949053166666666, 78.66166633333334], [16.949048833333332, 78.661663], [16.949044833333335, 78.66165966666668], [16.94904066666667, 78.66165633333334], [16.94903683333333, 78.66165299999999], [16.949032499999998, 78.66164966666666], [16.949028333333334, 78.66164633333332], [16.949024166666668, 78.661643], [16.94902, 78.66163966666666], [16.94901583333333, 78.66163633333333], [16.949011666666667, 78.661633], [16.9490075, 78.66162966666667], [16.9490035, 78.6616265], [16.948999166666667, 78.66162316666667], [16.948995, 78.66161983333333], [16.948990666666667, 78.66161650000001], [16.9489865, 78.66161316666667], [16.948982, 78.66160983333333], [16.948977666666668, 78.66160666666666], [16.948973000000002, 78.66160333333333], [16.948968333333333, 78.66159999999999], [16.948963666666668, 78.66159666666667], [16.948958833333332, 78.6615935], [16.948953833333334, 78.66159016666667], [16.94894866666667, 78.661587], [16.9489435, 78.66158383333332], [16.948938, 78.6615805], [16.948932833333334, 78.66157716666666], [16.948927, 78.661574], [16.94892133333333, 78.66157083333333], [16.9489155, 78.66156766666667], [16.94890966666667, 78.66156433333335], [16.948903499999997, 78.66156116666666], [16.948897166666665, 78.661558], [16.948891, 78.66155483333334], [16.948884666666668, 78.6615515], [16.948877999999997, 78.66154833333333], [16.9488715, 78.66154516666667], [16.948865, 78.661542], [16.94885833333333, 78.66153883333332], [16.948851666666666, 78.6615355], [16.948845, 78.66153233333333], [16.948838666666667, 78.66152916666667], [16.948832499999998, 78.66152600000001], [16.948825833333334, 78.66152283333332], [16.948819333333333, 78.6615195], [16.94881333333333, 78.66151633333334], [16.948807, 78.66151316666667], [16.948800666666667, 78.66150999999999], [16.948794333333336, 78.66150683333333], [16.94878783333333, 78.66150366666668], [16.948781333333333, 78.66150033333334], [16.948775, 78.66149716666668], [16.948768166666664, 78.66149399999999], [16.948761333333334, 78.66149083333333], [16.948754166666667, 78.66148766666667], [16.948747, 78.6614845], [16.948739666666665, 78.66148133333333], [16.948732500000002, 78.66147816666667], [16.948725000000003, 78.66147500000001], [16.948717666666667, 78.66147183333332], [16.948710666666667, 78.66146883333333], [16.948703000000002, 78.66146566666666], [16.948695666666666, 78.6614625], [16.948688, 78.6614595], [16.948680500000002, 78.66145633333333], [16.948672666666667, 78.66145316666666], [16.948665166666668, 78.66145], [16.94865766666667, 78.661447], [16.948649666666665, 78.66144383333334], [16.948641666666667, 78.66144066666668], [16.948633833333336, 78.66143766666667], [16.94862583333333, 78.6614345], [16.948618, 78.66143149999999], [16.94861, 78.66142833333333], [16.948602166666667, 78.66142533333333], [16.948594, 78.66142216666667], [16.948586, 78.661419], [16.948578166666667, 78.66141599999999], [16.948570166666666, 78.661413], [16.948562, 78.66140983333334], [16.948553833333335, 78.66140683333333], [16.948545666666668, 78.66140366666667], [16.9485375, 78.66140066666667], [16.948529, 78.66139766666667], [16.948521000000003, 78.6613945], [16.9485125, 78.66139150000001], [16.948504, 78.6613885], [16.948495833333332, 78.66138550000001], [16.948487333333333, 78.66138233333332], [16.948478833333336, 78.66137933333333], [16.948470666666665, 78.66137633333332], [16.948462, 78.66137333333333], [16.948453833333335, 78.66137033333332], [16.948445166666666, 78.66136733333333], [16.948436833333336, 78.66136433333332], [16.948428, 78.66136133333333], [16.948419166666667, 78.66135833333333], [16.948410333333335, 78.66135533333333], [16.948401666666665, 78.66135233333333], [16.948392833333333, 78.66134933333333], [16.948383999999997, 78.66134650000001], [16.948375166666665, 78.6613435], [16.948366166666666, 78.66134050000001], [16.948356999999998, 78.6613375], [16.948348166666666, 78.66133450000001], [16.948339166666663, 78.6613315], [16.94833, 78.66132850000001], [16.948320666666667, 78.66132566666667], [16.9483115, 78.66132266666666], [16.948302333333334, 78.66131966666667], [16.948293, 78.66131683333333], [16.948283833333335, 78.66131383333332], [16.94827466666667, 78.66131083333333], [16.94826533333333, 78.66130783333332], [16.948256, 78.661305], [16.948246833333332, 78.66130216666667], [16.9482375, 78.66129916666667], [16.94822816666667, 78.66129616666667], [16.948218999999998, 78.66129333333333], [16.9482095, 78.66129033333333], [16.9482, 78.66128733333333], [16.9481905, 78.66128433333333], [16.948181166666664, 78.66128133333333], [16.9481715, 78.6612785], [16.948162, 78.6612755], [16.948152166666667, 78.6612725], [16.9481425, 78.66126966666667], [16.948133, 78.66126666666668], [16.9481235, 78.66126366666667], [16.948113666666664, 78.66126083333333], [16.948104166666667, 78.66125783333334], [16.9480945, 78.66125483333333], [16.948084833333333, 78.661252], [16.948075333333335, 78.661249], [16.948065666666665, 78.66124599999999], [16.948055833333335, 78.66124316666667], [16.948046166666664, 78.66124016666666], [16.948036333333334, 78.66123733333333], [16.948026666666667, 78.66123433333334], [16.948016833333334, 78.66123133333333], [16.948007, 78.6612285], [16.947997, 78.6612255], [16.947987, 78.6612225], [16.947976999999998, 78.66121966666667], [16.94796716666667, 78.66121666666666], [16.947957166666665, 78.66121383333333], [16.947947, 78.66121083333334], [16.947936833333333, 78.661208], [16.947926666666667, 78.66120500000001], [16.947916333333335, 78.66120216666667], [16.947906333333332, 78.66119916666666], [16.947896, 78.66119633333332], [16.947885666666664, 78.66119333333333], [16.947875500000002, 78.6611905], [16.947865, 78.66118766666666], [16.947854666666668, 78.66118483333334], [16.947844166666666, 78.66118183333333], [16.947833833333334, 78.66117899999999], [16.94782316666667, 78.661176], [16.9478125, 78.66117316666667], [16.947802000000003, 78.66117033333333], [16.9477915, 78.66116749999999], [16.947781000000003, 78.6611645], [16.94777, 78.66116166666667], [16.947759333333334, 78.66115866666668], [16.947748833333332, 78.66115583333334], [16.947738166666667, 78.661153], [16.947727166666667, 78.66114999999999], [16.947716500000002, 78.66114716666667], [16.947705833333334, 78.66114433333334], [16.947695, 78.6611415], [16.947684166666665, 78.66113866666666], [16.947673166666668, 78.66113583333335], [16.947662166666664, 78.661133], [16.947651, 78.66113016666667], [16.947640166666666, 78.66112733333333], [16.947629, 78.6611245], [16.947617833333332, 78.66112183333333], [16.947606833333335, 78.661119], [16.947595333333332, 78.66111616666667], [16.947584166666665, 78.66111333333333], [16.947572666666666, 78.66111049999999], [16.9475615, 78.66110783333333], [16.94755, 78.66110499999999], [16.9475385, 78.66110216666667], [16.947526999999997, 78.66109933333334], [16.947515333333335, 78.6610965], [16.947503833333332, 78.66109383333334], [16.947492166666667, 78.661091], [16.947480499999998, 78.66108816666666], [16.947468833333335, 78.6610855], [16.947457, 78.66108283333332], [16.947445333333334, 78.66108016666666], [16.9474335, 78.66107733333334], [16.947421666666667, 78.66107466666668], [16.947409666666665, 78.66107183333334], [16.947398, 78.66106916666666], [16.947385999999998, 78.6610665], [16.947373833333334, 78.66106383333334], [16.947361666666666, 78.66106116666667], [16.94734933333333, 78.66105850000001], [16.9473375, 78.66105583333334], [16.947325333333332, 78.66105316666668], [16.947313166666667, 78.6610505], [16.947301, 78.66104783333334], [16.9472885, 78.66104516666665], [16.947276, 78.6610425], [16.947263666666668, 78.66103983333333], [16.9472515, 78.66103716666666], [16.947238833333333, 78.6610345], [16.9472265, 78.66103166666667], [16.947214, 78.66102916666667], [16.94720166666667, 78.66102649999999], [16.947189166666664, 78.66102383333333], [16.947176833333334, 78.66102116666666], [16.9471645, 78.6610185], [16.947151833333333, 78.661016], [16.947139333333332, 78.66101333333333], [16.947126833333336, 78.66101083333334], [16.947114166666665, 78.66100816666668], [16.9471015, 78.6610055], [16.947088833333332, 78.66100283333334], [16.947076166666665, 78.66100016666665], [16.947063500000002, 78.66099766666666], [16.947050833333332, 78.660995], [16.947037833333333, 78.66099233333333], [16.947025166666666, 78.66098966666667], [16.94701266666667, 78.66098699999999], [16.947000166666665, 78.66098433333333], [16.946987666666665, 78.66098183333334], [16.946975166666668, 78.66097916666666], [16.946962833333334, 78.6609765], [16.946950333333334, 78.66097383333334], [16.946937833333333, 78.66097116666667], [16.946925500000003, 78.66096866666666], [16.946913, 78.66096599999999], [16.946900666666668, 78.66096333333333], [16.9468885, 78.66096066666667], [16.946876166666666, 78.660958], [16.946864, 78.66095533333333], [16.946851833333334, 78.66095283333334], [16.946839666666666, 78.66095016666667], [16.946827499999998, 78.6609475], [16.946815333333333, 78.66094483333333], [16.946803166666665, 78.66094216666667], [16.946791, 78.6609395], [16.946778833333333, 78.66093683333334], [16.94676666666667, 78.66093416666666], [16.946754666666667, 78.6609315], [16.946742833333335, 78.66092883333334], [16.946730833333334, 78.66092616666667], [16.946718999999998, 78.66092350000001], [16.946707166666666, 78.66092083333334], [16.94669533333333, 78.66091816666668], [16.9466835, 78.6609155], [16.946671833333333, 78.66091283333334], [16.94666, 78.66091016666665], [16.946648166666666, 78.6609075], [16.946636166666668, 78.66090483333333], [16.946624333333332, 78.66090216666666], [16.9466125, 78.6608995], [16.9466005, 78.66089683333333], [16.946588833333333, 78.66089416666667], [16.94657683333333, 78.66089149999999], [16.946564666666667, 78.66088883333333], [16.94655283333333, 78.66088616666666], [16.94654116666667, 78.6608835], [16.946529333333334, 78.660881], [16.946517333333336, 78.66087833333333], [16.9465055, 78.66087566666667], [16.946493666666665, 78.66087316666668], [16.9464815, 78.6608705], [16.9464695, 78.66086783333334], [16.9464575, 78.66086533333333], [16.946445666666666, 78.66086266666666], [16.946433666666668, 78.66086016666667], [16.946421833333332, 78.6608575], [16.946409666666668, 78.66085500000001], [16.946397666666666, 78.66085233333334], [16.9463855, 78.66084983333333], [16.9463735, 78.66084716666666], [16.946361333333336, 78.66084466666666], [16.946349, 78.660842], [16.946337000000003, 78.66083950000001], [16.946324666666666, 78.660837], [16.94631283333333, 78.66083449999999], [16.946300666666666, 78.660832], [16.946288499999998, 78.6608295], [16.946276666666666, 78.66082716666666], [16.946264666666664, 78.66082483333334], [16.9462525, 78.66082266666668], [16.946240166666666, 78.66082033333333], [16.946227833333335, 78.660818], [16.946215166666665, 78.66081583333333], [16.946202500000002, 78.66081349999999], [16.9461895, 78.66081133333334], [16.9461765, 78.66080916666667], [16.946163666666667, 78.660807], [16.946150166666666, 78.66080483333333], [16.946137166666666, 78.66080266666667], [16.946123666666665, 78.66080050000001], [16.946109999999997, 78.6607985], [16.946096666666666, 78.6607965], [16.946083166666664, 78.66079450000001], [16.9460695, 78.66079233333333], [16.9460555, 78.6607905], [16.946041833333332, 78.66078850000001], [16.946027833333336, 78.6607865], [16.946013833333332, 78.66078466666666], [16.94599966666667, 78.66078283333333], [16.945985333333333, 78.660781], [16.945971166666666, 78.66077916666667], [16.945956666666667, 78.66077733333333], [16.94594216666667, 78.66077566666667], [16.945927333333334, 78.66077383333332], [16.945912333333336, 78.66077216666666], [16.945897666666667, 78.6607705], [16.9458825, 78.660769], [16.945867500000002, 78.66076733333333], [16.945852333333335, 78.66076566666668], [16.945837333333333, 78.66076416666667], [16.945822333333336, 78.66076249999999], [16.9458075, 78.66076116666666], [16.945792333333333, 78.66075966666668], [16.945777333333336, 78.66075816666667], [16.945761833333332, 78.66075666666667], [16.94574683333333, 78.66075533333333], [16.945731666666667, 78.660754], [16.9457165, 78.66075266666667], [16.945701333333332, 78.66075133333334], [16.945686333333335, 78.66075000000001], [16.945671, 78.66074883333334], [16.945655833333333, 78.6607475], [16.945640500000003, 78.66074633333332], [16.945625166666666, 78.66074499999999], [16.945609833333332, 78.66074383333333], [16.945594333333336, 78.66074283333334], [16.94557916666667, 78.66074166666667], [16.945563666666665, 78.66074066666667], [16.945548499999997, 78.66073966666666], [16.945533333333334, 78.66073866666667], [16.945518, 78.66073783333333], [16.945502666666666, 78.660737], [16.945487500000002, 78.66073633333333], [16.945472666666667, 78.66073566666667], [16.9454575, 78.660735], [16.94544266666667, 78.6607345], [16.945427833333333, 78.660734], [16.945413166666665, 78.66073366666666], [16.945398666666666, 78.66073333333334], [16.945384333333333, 78.66073316666666], [16.945371166666668, 78.66073283333334], [16.9453585, 78.66073266666668], [16.945346833333335, 78.6607325], [16.945336, 78.66073233333333], [16.945326333333334, 78.66073233333333], [16.945317, 78.66073233333333], [16.945308666666666, 78.66073233333333], [16.945300999999997, 78.66073233333333], [16.945293333333332, 78.66073216666668], [16.945286, 78.66073200000001], [16.945279000000003, 78.66073183333333], [16.945272666666664, 78.66073166666666], [16.945266666666665, 78.66073150000001], [16.945260833333336, 78.66073133333333], [16.945255333333332, 78.66073133333333], [16.94524983333333, 78.66073116666666], [16.945244333333335, 78.660731], [16.945239, 78.66073083333335], [16.945234000000003, 78.66073066666667], [16.945229333333334, 78.66073033333333], [16.945224666666665, 78.66073016666665], [16.945220166666665, 78.66073], [16.945215666666666, 78.66072983333333], [16.945211333333337, 78.66072966666667], [16.945207333333332, 78.66072949999999], [16.945203499999998, 78.66072933333334], [16.945199666666667, 78.66072916666667], [16.945195833333333, 78.660729], [16.945192333333335, 78.66072883333332], [16.945188499999997, 78.66072866666667], [16.945185, 78.6607285], [16.945181833333333, 78.66072833333332], [16.9451785, 78.66072816666666], [16.94517516666667, 78.660728], [16.945171833333333, 78.66072783333334], [16.945168666666667, 78.66072766666666], [16.945165666666664, 78.6607275], [16.9451625, 78.66072733333334], [16.945159166666667, 78.66072716666666], [16.945155833333335, 78.66072683333333], [16.945152, 78.6607265], [16.945147666666667, 78.66072600000001], [16.945142833333332, 78.6607255], [16.945137499999998, 78.66072483333333], [16.945131833333335, 78.660724], [16.945126000000002, 78.66072333333334], [16.945120333333332, 78.66072233333333], [16.94511483333333, 78.6607215], [16.94511, 78.66072066666668], [16.945105166666668, 78.66071966666667], [16.945100333333336, 78.6607185], [16.945094833333332, 78.66071716666667], [16.945089333333332, 78.66071583333334], [16.945084, 78.66071433333333], [16.945079333333336, 78.660713], [16.945074499999997, 78.66071149999999], [16.945070166666667, 78.66071016666666], [16.9450655, 78.6607085], [16.94506116666667, 78.660707], [16.94505716666667, 78.66070566666667], [16.945053166666664, 78.66070416666666], [16.94504883333333, 78.66070266666667], [16.945044333333332, 78.66070133333332], [16.945039, 78.66069983333334], [16.94503316666667, 78.66069816666666], [16.94502633333333, 78.66069666666667], [16.945019, 78.66069516666667], [16.945011333333333, 78.66069366666667], [16.945003, 78.66069216666666], [16.9449935, 78.66069066666667], [16.944982999999997, 78.660689], [16.9449715, 78.66068716666668], [16.9449595, 78.66068516666665], [16.944946833333333, 78.66068333333332], [16.944933666666667, 78.66068116666666], [16.94492066666667, 78.66067916666665], [16.9449075, 78.660677], [16.94489433333333, 78.66067500000001], [16.94488116666667, 78.66067283333334], [16.944868166666666, 78.66067066666666], [16.944855166666667, 78.66066866666667], [16.944842, 78.66066649999999], [16.944828500000003, 78.66066433333334], [16.944814833333332, 78.660662], [16.9448015, 78.66065966666666], [16.944787833333333, 78.66065733333333], [16.944774, 78.66065499999999], [16.94476033333333, 78.66065266666666], [16.944746666666667, 78.6606505], [16.944732666666667, 78.66064816666668], [16.94471916666667, 78.66064583333333], [16.94470533333333, 78.66064366666666], [16.944691499999998, 78.66064133333333], [16.944677833333333, 78.660639], [16.944664, 78.66063666666668], [16.944650000000003, 78.66063416666665], [16.944636333333335, 78.66063183333334], [16.944622499999998, 78.6606295], [16.944608833333334, 78.660627], [16.944595166666666, 78.6606245], [16.9445815, 78.66062216666666], [16.944567666666668, 78.66061966666666], [16.944554, 78.66061733333332], [16.944540333333336, 78.660615], [16.9445265, 78.6606125], [16.944512999999997, 78.66060999999999], [16.944499333333333, 78.66060766666666], [16.944485666666665, 78.66060516666667], [16.944472, 78.66060283333333], [16.9444585, 78.6606005], [16.944445166666664, 78.660598], [16.944432333333335, 78.66059583333335], [16.944419999999997, 78.66059366666667], [16.944408666666668, 78.66059166666668], [16.944398333333332, 78.66058983333333], [16.9443885, 78.66058816666667], [16.94437966666667, 78.66058666666666], [16.944371, 78.66058516666666], [16.944362833333333, 78.66058383333333], [16.944354833333332, 78.66058249999999], [16.944347166666667, 78.66058116666666], [16.94434, 78.66058], [16.944333500000003, 78.66057883333333], [16.944327666666666, 78.66057783333333], [16.944322166666666, 78.66057683333334], [16.944317, 78.66057583333333], [16.94431216666667, 78.66057500000001], [16.94430733333333, 78.66057416666666], [16.9443025, 78.66057333333333], [16.944297833333334, 78.6605725], [16.944293166666668, 78.66057183333334], [16.944288833333335, 78.66057099999999], [16.944284666666665, 78.66057033333333], [16.944281, 78.66056966666666], [16.944277166666666, 78.660569], [16.9442735, 78.66056833333333], [16.944269833333333, 78.66056766666667], [16.944266333333335, 78.660567], [16.944262833333333, 78.6605665], [16.94425933333333, 78.66056583333334], [16.944255166666668, 78.66056516666666], [16.944251666666666, 78.66056466666667], [16.9442485, 78.66056416666667], [16.944245666666667, 78.66056350000001], [16.94424233333333, 78.660563], [16.944238833333333, 78.6605625], [16.944235833333334, 78.660562], [16.944232666666668, 78.6605615], [16.94423, 78.66056083333334], [16.944227, 78.6605605], [16.9442235, 78.66056], [16.94422033333333, 78.6605595], [16.944218, 78.66055899999999], [16.944215166666666, 78.6605585], [16.944212166666667, 78.66055816666668], [16.9442095, 78.66055766666666], [16.944207, 78.66055733333333], [16.944204833333334, 78.660557], [16.944202333333333, 78.6605565], [16.944199833333336, 78.66055616666667], [16.944197666666664, 78.66055583333333], [16.9441955, 78.66055533333333], [16.944193499999997, 78.660555], [16.9441915, 78.66055466666667], [16.9441895, 78.66055433333332], [16.944187499999998, 78.660554], [16.9441855, 78.66055366666666], [16.944183333333335, 78.66055333333334], [16.944181333333333, 78.660553], [16.944179333333334, 78.66055266666667], [16.944177500000002, 78.66055233333333], [16.94417533333333, 78.66055216666668], [16.94417333333333, 78.66055183333333], [16.9441715, 78.66055150000001], [16.944169666666667, 78.66055116666666], [16.94416783333333, 78.66055083333335], [16.944166, 78.6605505], [16.944164333333333, 78.66055016666665], [16.944162833333333, 78.66054983333333], [16.944161166666667, 78.66054949999999], [16.944159833333334, 78.66054916666667], [16.944158166666668, 78.66054883333332], [16.944156833333334, 78.66054866666667], [16.944155333333335, 78.66054833333332], [16.94415366666667, 78.660548], [16.944152166666665, 78.66054766666666], [16.94415083333333, 78.66054733333334], [16.944149499999998, 78.66054716666666], [16.944148, 78.66054683333333], [16.944146666666665, 78.6605465], [16.944145166666665, 78.66054633333333], [16.94414383333333, 78.66054600000001], [16.944142333333332, 78.66054566666666], [16.944141166666668, 78.6605455], [16.94413966666667, 78.66054516666667], [16.94413816666667, 78.660545], [16.944136833333335, 78.66054466666667], [16.94413516666667, 78.66054433333333], [16.94413366666667, 78.66054416666665], [16.944132333333336, 78.66054383333334], [16.944131000000002, 78.66054366666667], [16.9441295, 78.66054333333334], [16.944128, 78.66054316666667], [16.944126666666666, 78.66054283333332], [16.944125166666666, 78.66054266666667], [16.944123666666666, 78.66054233333332], [16.944122166666666, 78.660542], [16.944120833333333, 78.66054183333334], [16.944119333333333, 78.66054166666666], [16.944118, 78.66054133333334], [16.9441165, 78.66054116666666], [16.944115, 78.66054083333333], [16.9441135, 78.66054066666668], [16.944112166666667, 78.66054033333333], [16.944110666666667, 78.66054016666666], [16.944109166666667, 78.66053983333333], [16.94410783333333, 78.66053966666666], [16.9441065, 78.66053933333333], [16.944105, 78.66053916666667], [16.944103666666667, 78.66053883333333], [16.944102166666667, 78.66053866666667], [16.944100833333334, 78.66053833333334], [16.9440995, 78.66053816666665], [16.944098166666667, 78.660538], [16.944096833333333, 78.66053766666667], [16.9440955, 78.66053749999999], [16.944094166666666, 78.66053716666667], [16.944093000000002, 78.660537], [16.944091500000003, 78.66053666666667], [16.9440905, 78.6605365], [16.944089, 78.66053633333333], [16.944087666666668, 78.66053600000001], [16.944086333333335, 78.66053583333334], [16.944085166666664, 78.6605355], [16.944083499999998, 78.66053533333334], [16.94408233333333, 78.660535], [16.944081, 78.66053483333333], [16.944079833333333, 78.6605345], [16.944078333333334, 78.66053433333333], [16.944077166666666, 78.66053400000001], [16.944075833333333, 78.66053366666667], [16.9440745, 78.6605335], [16.944073333333332, 78.66053316666667], [16.944072000000002, 78.660533], [16.94407066666667, 78.66053283333333], [16.944069333333335, 78.6605325], [16.944068, 78.66053233333334], [16.9440665, 78.660532], [16.944065333333334, 78.66053183333334], [16.944064, 78.66053166666667], [16.944062666666664, 78.66053133333334], [16.9440615, 78.66053116666667], [16.944060333333333, 78.66053083333333], [16.944058833333333, 78.66053066666667], [16.9440575, 78.66053033333333], [16.944056333333332, 78.66053016666666], [16.944055, 78.66053000000001], [16.94405383333333, 78.66052966666666], [16.944052666666668, 78.6605295], [16.944051666666667, 78.66052933333334], [16.9440505, 78.66052916666666], [16.944049500000002, 78.66052883333333], [16.944048333333335, 78.66052866666668], [16.944047166666667, 78.6605285], [16.944046, 78.66052833333333], [16.944044833333333, 78.66052816666667], [16.944043833333335, 78.66052800000001], [16.944042666666668, 78.66052783333333], [16.9440415, 78.6605275], [16.94404033333333, 78.66052733333332], [16.944039333333333, 78.66052716666667], [16.944038166666665, 78.660527], [16.944037166666664, 78.66052666666666], [16.944036, 78.6605265], [16.944035166666666, 78.66052616666666], [16.944034166666665, 78.66052599999999], [16.944033166666667, 78.66052583333334], [16.944032166666666, 78.66052566666667], [16.94403133333333, 78.66052549999999], [16.9440305, 78.66052516666667], [16.9440295, 78.660525], [16.944028666666668, 78.66052483333333], [16.944027666666667, 78.66052466666666], [16.944026833333332, 78.66052433333333], [16.944026, 78.66052416666666], [16.944025, 78.660524], [16.94402416666667, 78.66052383333334], [16.944023166666668, 78.6605235], [16.944022166666667, 78.66052333333333], [16.944021333333335, 78.66052316666666], [16.944020166666668, 78.660523], [16.944019333333333, 78.66052283333333], [16.944018333333336, 78.66052266666667], [16.944017666666664, 78.66052233333333], [16.944016666666666, 78.66052233333333], [16.944015666666665, 78.660522], [16.944014666666664, 78.66052183333333], [16.944013833333333, 78.66052166666667], [16.944012999999998, 78.6605215], [16.944012166666667, 78.66052133333332], [16.944011333333332, 78.66052116666667], [16.9440105, 78.660521], [16.944009666666666, 78.66052066666666], [16.94400883333333, 78.6605205], [16.944008, 78.66052033333334], [16.94400733333333, 78.66052016666666], [16.944006666666667, 78.66051999999999], [16.944005833333332, 78.66051983333334], [16.944004833333334, 78.66051966666667], [16.944004166666666, 78.66051949999999], [16.944003333333335, 78.66051933333333], [16.9440025, 78.66051916666667], [16.944001833333335, 78.66051883333333], [16.944001, 78.66051866666666], [16.94400016666667, 78.66051850000001], [16.943999333333334, 78.66051833333333], [16.943998500000003, 78.66051816666666], [16.943997666666668, 78.660518], [16.943996833333333, 78.66051783333334], [16.94399616666667, 78.66051766666666], [16.943995166666664, 78.6605175], [16.943994333333332, 78.66051733333333], [16.943993666666664, 78.66051716666666], [16.943992833333333, 78.66051683333333], [16.94399183333333, 78.66051666666667], [16.943991, 78.6605165], [16.94399, 78.66051633333333], [16.943989166666665, 78.66051633333333], [16.943988166666667, 78.66051616666667], [16.9439875, 78.660516], [16.943986666666667, 78.66051583333333], [16.943985666666666, 78.66051566666667], [16.94398483333333, 78.6605155], [16.943984, 78.66051533333332], [16.943983166666666, 78.66051516666667], [16.943982333333334, 78.660515], [16.9439815, 78.66051483333334], [16.94398066666667, 78.66051466666666], [16.943979833333334, 78.6605145], [16.943979000000002, 78.66051433333334], [16.943978166666668, 78.66051416666666], [16.943977333333333, 78.66051399999999], [16.9439765, 78.66051383333334], [16.943975666666667, 78.66051366666667], [16.943975000000002, 78.6605135], [16.943974333333333, 78.66051333333333], [16.943973500000002, 78.66051316666668], [16.94397283333333, 78.66051316666668], [16.94397233333333, 78.66051283333333], [16.943972, 78.66051266666666], [16.943972, 78.66051216666666], [16.943972166666665, 78.66051183333335], [16.943972499999997, 78.6605115], [16.943973833333335, 78.660511], [16.94397466666667, 78.66051066666667], [16.943975666666667, 78.66051033333333], [16.943976666666668, 78.66051], [16.94397766666667, 78.6605095], [16.943978833333333, 78.66050933333332], [16.943980166666666, 78.660509], [16.943981833333332, 78.66050866666666], [16.9439835, 78.6605085], [16.9439855, 78.66050816666666], [16.943987166666666, 78.660508], [16.943988166666667, 78.66050816666666], [16.9439895, 78.66050816666666], [16.943991, 78.66050816666666], [16.943991999999998, 78.66050816666666], [16.943993, 78.66050783333334], [16.94399383333333, 78.66050766666667], [16.9439945, 78.66050733333333], [16.94399533333333, 78.66050716666668], [16.94399566666667, 78.66050683333333], [16.94399616666667, 78.66050650000001], [16.943996666666667, 78.66050616666666], [16.943996833333333, 78.660506], [16.943997333333336, 78.66050566666667], [16.943997833333334, 78.6605055], [16.943998500000003, 78.66050516666665], [16.943999, 78.660505], [16.943999166666668, 78.66050483333333], [16.9439995, 78.66050449999999], [16.943999833333333, 78.66050433333334], [16.944000333333335, 78.66050416666667], [16.944000833333334, 78.660504], [16.944000666666668, 78.66050383333332], [16.9440005, 78.66050366666667], [16.94400016666667, 78.6605035], [16.944000333333335, 78.66050333333332], [16.944000666666668, 78.66050316666666], [16.944001, 78.66050316666666], [16.944001333333333, 78.66050283333334], [16.944001333333333, 78.66050266666666], [16.944001500000002, 78.66050233333334], [16.944001833333335, 78.66050216666666], [16.9440025, 78.66050183333333], [16.944002666666666, 78.66050166666668], [16.944002833333332, 78.6605015], [16.944002833333332, 78.66050116666666], [16.944002833333332, 78.66050083333333], [16.944002833333332, 78.66050066666666], [16.944003333333335, 78.6605005], [16.944003833333333, 78.66050033333333], [16.944003833333333, 78.66050016666667], [16.944004, 78.66049983333333], [16.944003833333333, 78.66049966666667], [16.944004166666666, 78.66049933333333], [16.944004666666668, 78.66049916666665], [16.944005166666667, 78.660499], [16.944005166666667, 78.66049866666667], [16.944005166666667, 78.66049833333334], [16.944005166666667, 78.66049816666667], [16.944005666666666, 78.660498], [16.944005833333332, 78.66049766666667], [16.944006333333334, 78.6604975], [16.9440065, 78.66049716666666], [16.9440065, 78.660497], [16.944006666666667, 78.66049666666666], [16.944006833333333, 78.6604965], [16.944007166666665, 78.66049633333334], [16.944007666666668, 78.66049616666666], [16.944007833333334, 78.66049583333333], [16.9440075, 78.6604955], [16.94400733333333, 78.66049533333333], [16.944007166666665, 78.66049500000001], [16.944006833333333, 78.6604945], [16.944005833333332, 78.660494], [16.944004666666668, 78.6604935], [16.944003333333335, 78.66049316666665], [16.944002, 78.66049283333334], [16.944001, 78.66049249999999], [16.944000666666668, 78.66049233333334], [16.944000000000003, 78.66049216666667], [16.9439995, 78.660492], [16.943998833333335, 78.66049183333332], [16.943998166666667, 78.6604915], [16.943997666666668, 78.66049133333333], [16.94399716666667, 78.66049100000001], [16.943996333333335, 78.66049083333334], [16.94399533333333, 78.66049066666666], [16.9439945, 78.66049033333334], [16.94399383333333, 78.66049], [16.943993, 78.66048966666668], [16.94399233333333, 78.6604895], [16.9439915, 78.66048916666666], [16.943990499999998, 78.66048900000001], [16.9439895, 78.66048883333333], [16.943988833333332, 78.6604885], [16.9439885, 78.66048833333333], [16.94398783333333, 78.660488], [16.943987166666666, 78.66048783333333], [16.943986166666665, 78.6604875], [16.943984666666665, 78.66048716666666], [16.943982666666667, 78.66048683333334], [16.943980333333332, 78.66048649999999], [16.943977500000003, 78.66048616666667], [16.943974333333333, 78.660486], [16.943971166666664, 78.660486], [16.94396833333333, 78.66048633333334], [16.94396533333333, 78.66048666666667], [16.9439635, 78.660487], [16.943961333333334, 78.66048733333334], [16.943959, 78.66048766666667], [16.943956166666666, 78.660488], [16.94395216666667, 78.66048833333333], [16.943948499999998, 78.66048916666666], [16.9439435, 78.66049], [16.943937333333334, 78.66049083333334], [16.943930166666668, 78.66049183333332], [16.943922999999998, 78.660493], [16.943915166666667, 78.66049433333333], [16.94390716666667, 78.66049583333333], [16.943898666666666, 78.66049733333332], [16.943890333333332, 78.66049916666665], [16.943881833333332, 78.66050100000001], [16.9438725, 78.66050283333334], [16.943862666666668, 78.66050516666665], [16.943851666666667, 78.66050733333333], [16.943839833333335, 78.66050966666667], [16.943827333333335, 78.66051183333335], [16.943814333333332, 78.66051416666666], [16.943801166666667, 78.66051633333333], [16.943787999999998, 78.66051850000001], [16.943775000000002, 78.66052083333334], [16.943761833333333, 78.660523], [16.943749166666667, 78.66052533333333], [16.943736166666667, 78.66052733333332], [16.943723166666665, 78.6605295], [16.94371, 78.66053166666667], [16.943696833333334, 78.66053383333333], [16.943683500000002, 78.66053583333334], [16.943670333333333, 78.660538], [16.943656999999998, 78.66053983333333], [16.943643333333334, 78.66054183333334], [16.943630166666665, 78.66054383333334], [16.943616666666667, 78.66054566666666], [16.943603333333332, 78.66054733333334], [16.943589499999998, 78.660549], [16.9435755, 78.66055066666667], [16.94356133333333, 78.6605525], [16.943547333333335, 78.66055416666667], [16.943532833333332, 78.660556], [16.943518166666667, 78.66055766666666], [16.943503500000002, 78.66055933333334], [16.9434885, 78.660561], [16.943473333333333, 78.66056283333334], [16.943458500000002, 78.66056449999999], [16.943443333333335, 78.66056633333332], [16.9434285, 78.660568], [16.943413500000002, 78.66056966666666], [16.9433985, 78.66057133333334], [16.943382999999997, 78.66057300000001], [16.943367666666667, 78.66057466666666], [16.943352166666667, 78.66057633333334], [16.943336666666667, 78.660578], [16.943321166666667, 78.6605795], [16.943305666666667, 78.66058116666666], [16.9432905, 78.66058249999999], [16.94327516666667, 78.660584], [16.94326016666667, 78.66058533333333], [16.943245333333333, 78.66058666666666], [16.943230500000002, 78.66058783333332], [16.943215666666667, 78.66058883333334], [16.943200166666667, 78.66059], [16.943184166666665, 78.66059116666666], [16.943167833333334, 78.66059233333334], [16.943150833333334, 78.6605935], [16.94313383333333, 78.66059466666667], [16.9431165, 78.660596], [16.943099166666666, 78.66059716666668], [16.943082, 78.66059833333334], [16.943064833333334, 78.6605995], [16.943047666666665, 78.66060066666667], [16.943031, 78.66060183333335], [16.943014333333334, 78.66060300000001], [16.942998166666666, 78.66060416666666], [16.942982166666663, 78.66060533333332], [16.942967, 78.6606065], [16.9429525, 78.66060766666666], [16.9429395, 78.66060850000001], [16.942927666666666, 78.66060949999999], [16.942917, 78.66061033333334], [16.942906666666666, 78.660611], [16.942896666666666, 78.66061166666667], [16.942887166666665, 78.66061233333333], [16.942878166666667, 78.660613], [16.94286933333333, 78.66061366666666], [16.942860833333334, 78.66061433333333], [16.942852833333333, 78.66061483333333], [16.942845499999997, 78.66061533333333], [16.942838666666667, 78.66061566666667], [16.942832333333335, 78.66061599999999], [16.94282616666667, 78.66061633333334], [16.94281983333333, 78.66061666666666], [16.942813833333332, 78.660617], [16.942807833333333, 78.66061733333332], [16.94280183333333, 78.66061766666667], [16.942795999999998, 78.66061800000001], [16.942790666666667, 78.66061833333333], [16.942785333333333, 78.6606185], [16.9427805, 78.66061883333333], [16.942775333333334, 78.660619], [16.94277, 78.66061916666666], [16.942765, 78.66061933333334], [16.942760333333336, 78.6606195], [16.942755666666667, 78.66061983333334], [16.942751166666667, 78.66062000000001], [16.942746833333334, 78.66062016666666], [16.942742666666668, 78.66062033333333], [16.942738333333335, 78.66062050000001], [16.94273433333333, 78.66062066666667], [16.942730333333333, 78.66062083333333], [16.9427265, 78.660621], [16.9427225, 78.660621], [16.9427185, 78.66062116666667], [16.942715, 78.66062133333334], [16.942711499999998, 78.66062149999999], [16.942708, 78.66062149999999], [16.94270433333333, 78.66062166666667], [16.942700666666667, 78.66062166666667], [16.94269716666667, 78.66062183333334], [16.94269416666667, 78.660622], [16.942690833333334, 78.66062216666666], [16.94268783333333, 78.66062216666666], [16.94268483333333, 78.66062233333334], [16.94268183333333, 78.66062233333334], [16.942678833333332, 78.6606225], [16.94267616666667, 78.6606225], [16.942673333333335, 78.66062266666667], [16.942670666666668, 78.66062266666667], [16.942667833333335, 78.66062283333333], [16.942665166666664, 78.66062283333333], [16.942662833333333, 78.660623], [16.942660166666666, 78.660623], [16.94265783333333, 78.660623], [16.942655333333335, 78.66062316666667], [16.942652833333334, 78.66062316666667], [16.942650333333333, 78.66062316666667], [16.942648000000002, 78.66062333333333], [16.942645666666667, 78.66062333333333], [16.942643166666667, 78.66062333333333], [16.942640833333332, 78.66062333333333], [16.942638499999997, 78.66062333333333], [16.942636166666666, 78.6606235], [16.942633666666666, 78.6606235], [16.942631333333335, 78.6606235], [16.942628833333334, 78.6606235], [16.9426265, 78.6606235], [16.94262416666667, 78.6606235], [16.94262183333333, 78.6606235], [16.942619666666666, 78.6606235], [16.94261733333333, 78.6606235], [16.942615166666666, 78.6606235], [16.94261283333333, 78.6606235], [16.942610833333333, 78.6606235], [16.94260866666667, 78.6606235], [16.9426065, 78.6606235], [16.942604333333335, 78.6606235], [16.942602, 78.6606235], [16.942599833333336, 78.6606235], [16.942597666666664, 78.66062333333333], [16.942595666666666, 78.66062333333333], [16.942593499999997, 78.66062333333333], [16.942591333333333, 78.66062333333333], [16.942589333333334, 78.66062333333333], [16.942587166666666, 78.66062316666667], [16.942585333333334, 78.66062316666667], [16.942583333333335, 78.66062316666667], [16.942581333333333, 78.660623], [16.942579333333335, 78.660623], [16.942577333333336, 78.66062316666667], [16.94257533333333, 78.660623], [16.942573333333332, 78.660623], [16.942571333333333, 78.660623], [16.9425695, 78.660623], [16.942567166666667, 78.66062316666667], [16.942564833333332, 78.66062333333333], [16.942562666666667, 78.6606235], [16.942560500000003, 78.66062366666667], [16.942558000000002, 78.66062383333333], [16.942556000000003, 78.66062400000001], [16.942553999999998, 78.66062433333333], [16.942552166666665, 78.6606245], [16.942550166666667, 78.6606245], [16.94254833333333, 78.66062466666668], [16.9425465, 78.66062483333333], [16.942544666666667, 78.660625], [16.942543, 78.66062516666666], [16.942541000000002, 78.66062533333334], [16.942539, 78.6606255], [16.942536833333335, 78.66062566666666], [16.9425345, 78.66062583333334], [16.94253216666667, 78.66062600000001], [16.94252983333333, 78.66062616666666], [16.9425275, 78.66062633333333], [16.942525, 78.6606265], [16.94252283333333, 78.6606265], [16.942520333333334, 78.66062666666667], [16.942518166666666, 78.66062683333332], [16.94251566666667, 78.660627], [16.942513333333334, 78.66062733333334], [16.942511000000003, 78.66062749999999], [16.9425085, 78.66062766666667], [16.942506166666664, 78.66062783333334], [16.942503833333333, 78.660628], [16.942501333333333, 78.66062833333334], [16.942499, 78.6606285], [16.942496666666667, 78.66062866666667], [16.942494500000002, 78.66062883333333], [16.942492166666668, 78.660629], [16.942489833333333, 78.66062916666667], [16.942487500000002, 78.6606295], [16.942485166666664, 78.66062966666667], [16.942482833333333, 78.66062983333333], [16.942480333333332, 78.66063016666666], [16.942478166666668, 78.66063033333333], [16.942475833333333, 78.6606305], [16.942473666666668, 78.66063066666668], [16.9424715, 78.660631], [16.942469333333335, 78.66063116666666], [16.942467166666667, 78.66063133333334], [16.942464833333336, 78.6606315], [16.942462666666664, 78.66063166666666], [16.94246083333333, 78.660632], [16.9424585, 78.66063216666666], [16.942455833333334, 78.66063233333333], [16.9424525, 78.66063266666667], [16.942448000000002, 78.660633], [16.942441666666664, 78.66063366666667], [16.942433333333334, 78.6606345], [16.942423, 78.66063533333333], [16.942411, 78.6606365], [16.942398, 78.66063783333334], [16.942384333333333, 78.66063916666667], [16.94236983333333, 78.66064066666667], [16.94235516666667, 78.66064216666668], [16.942340333333334, 78.66064366666666], [16.942325166666667, 78.66064516666667], [16.942309833333336, 78.66064666666666], [16.942294666666665, 78.66064816666668], [16.942279166666665, 78.6606495], [16.94226366666667, 78.660651], [16.942248, 78.6606525], [16.942232333333333, 78.66065400000001], [16.942216499999997, 78.6606555], [16.94220066666667, 78.66065683333333], [16.942184666666666, 78.66065833333333], [16.942168499999998, 78.66065966666666], [16.942152500000002, 78.66066116666666], [16.942136333333334, 78.6606625], [16.94212, 78.66066383333333], [16.942103666666664, 78.66066516666666], [16.9420875, 78.66066649999999], [16.942071, 78.66066783333333], [16.94205433333333, 78.66066916666666], [16.942038, 78.6606705], [16.942021333333333, 78.66067166666667], [16.942004666666666, 78.660673], [16.941988, 78.66067433333333], [16.941971333333335, 78.6606755], [16.941954666666668, 78.66067683333334], [16.941937833333334, 78.660678], [16.941920999999997, 78.66067933333333], [16.9419045, 78.6606805], [16.941887666666666, 78.66068166666668], [16.941870833333333, 78.660683], [16.941854166666666, 78.66068433333334], [16.941837333333336, 78.6606855], [16.9418205, 78.66068666666666], [16.941803666666665, 78.660688], [16.94178683333333, 78.66068916666667], [16.94177, 78.66069033333333], [16.94175316666667, 78.6606915], [16.9417365, 78.66069266666666], [16.941719666666664, 78.66069383333334], [16.941702833333334, 78.660695], [16.941686, 78.660696], [16.941669, 78.66069716666667], [16.941651999999998, 78.66069816666666], [16.94163466666667, 78.66069916666667], [16.941617333333333, 78.66070016666666], [16.9416, 78.66070116666667], [16.9415825, 78.66070216666667], [16.941565166666667, 78.66070316666666], [16.94154766666667, 78.66070416666666], [16.941530166666666, 78.66070500000001], [16.941512666666664, 78.66070599999999], [16.941495166666666, 78.66070683333334], [16.941477833333334, 78.66070783333333], [16.9414605, 78.66070866666668], [16.941443, 78.66070966666666], [16.941425499999998, 78.66071050000001], [16.941408000000003, 78.66071133333334], [16.9413905, 78.66071233333334], [16.941373, 78.66071316666667], [16.941355333333334, 78.66071400000001], [16.9413375, 78.66071483333333], [16.941319833333335, 78.66071566666666], [16.941302166666667, 78.66071633333333], [16.941284666666665, 78.66071716666667], [16.941266833333334, 78.660718], [16.94124916666667, 78.66071883333333], [16.9412315, 78.66071966666667], [16.941213833333332, 78.6607205], [16.941196333333334, 78.66072116666666], [16.9411785, 78.660722], [16.94116066666667, 78.66072266666667], [16.941143, 78.66072349999999], [16.9411255, 78.66072433333333], [16.941107666666667, 78.660725], [16.941090166666665, 78.66072583333333], [16.9410725, 78.6607265], [16.941054833333332, 78.66072733333334], [16.941037333333334, 78.660728], [16.941019666666666, 78.66072866666667], [16.941002, 78.66072949999999], [16.940984166666667, 78.66073016666665], [16.940966500000002, 78.66073083333335], [16.940948833333334, 78.66073150000001], [16.940931166666665, 78.66073216666668], [16.9409135, 78.66073283333334], [16.940895833333332, 78.66073366666666], [16.940878166666668, 78.66073433333332], [16.9408605, 78.660735], [16.94084283333333, 78.66073566666667], [16.940825166666666, 78.66073633333333], [16.940807333333332, 78.660737], [16.940789833333334, 78.66073766666666], [16.940772166666665, 78.66073833333333], [16.9407545, 78.66073899999999], [16.940736833333336, 78.66073966666666], [16.940719166666668, 78.66074033333332], [16.9407015, 78.660741], [16.94068383333333, 78.66074166666667], [16.940666166666666, 78.66074233333333], [16.940648833333334, 78.660743], [16.940631166666666, 78.66074366666666], [16.940613666666664, 78.66074433333333], [16.940595833333337, 78.66074483333334], [16.940578000000002, 78.6607455], [16.940560333333334, 78.66074616666667], [16.9405425, 78.66074666666667], [16.940524666666665, 78.66074733333333], [16.940507, 78.660748], [16.9404895, 78.6607485], [16.940472, 78.66074916666666], [16.940454499999998, 78.66074966666666], [16.940437, 78.66075016666667], [16.9404195, 78.66075083333334], [16.940401833333333, 78.66075133333334], [16.940384333333334, 78.66075183333334], [16.940367, 78.66075233333332], [16.9403495, 78.66075283333333], [16.940332166666668, 78.66075333333333], [16.940314666666666, 78.66075383333333], [16.940297166666667, 78.66075433333334], [16.94027983333333, 78.66075500000001], [16.9402625, 78.66075550000001], [16.940245, 78.660756], [16.940227666666665, 78.66075649999999], [16.94021, 78.660757], [16.940192500000002, 78.66075766666667], [16.940174833333334, 78.66075816666667], [16.94015733333333, 78.66075866666667], [16.94014, 78.66075916666667], [16.940122499999998, 78.66075966666668], [16.940104833333333, 78.66076033333334], [16.940087333333334, 78.66076083333334], [16.94007, 78.66076133333333], [16.9400525, 78.660762], [16.940035, 78.66076249999999], [16.940017333333333, 78.660763], [16.94, 78.6607635], [16.9399825, 78.660764], [16.939964999999997, 78.66076466666667], [16.939947500000002, 78.66076516666666], [16.93993, 78.66076566666668], [16.9399125, 78.66076616666666], [16.939895166666666, 78.66076666666666], [16.9398775, 78.66076733333333], [16.93986, 78.66076783333332], [16.939842333333335, 78.66076833333334], [16.939824666666667, 78.66076883333334], [16.939807, 78.6607695], [16.939789666666666, 78.66077], [16.939772166666668, 78.66077066666666], [16.939754833333332, 78.66077116666666], [16.939737166666664, 78.66077183333333], [16.939719833333335, 78.66077233333334], [16.939702333333333, 78.660773], [16.939685, 78.66077366666667], [16.939667666666665, 78.66077416666667], [16.939650333333336, 78.66077483333333], [16.939632833333334, 78.6607755], [16.939615333333332, 78.660776], [16.939597833333334, 78.66077666666666], [16.939580333333332, 78.66077733333333], [16.939562666666667, 78.660778], [16.93954516666667, 78.6607785], [16.939527666666667, 78.66077916666667], [16.939509833333332, 78.66077983333334], [16.93949233333333, 78.66078033333334], [16.93947466666667, 78.660781], [16.939457166666667, 78.66078166666667], [16.939439666666665, 78.66078233333333], [16.939422, 78.66078283333333], [16.939404500000002, 78.6607835], [16.939387166666666, 78.66078416666666], [16.939369666666668, 78.66078466666666], [16.939352166666666, 78.66078533333332], [16.939334666666664, 78.660786], [16.93931716666667, 78.6607865], [16.939299833333333, 78.66078716666667], [16.939282166666665, 78.66078783333334], [16.939264666666666, 78.66078850000001], [16.939247, 78.66078916666667], [16.9392295, 78.66078966666667], [16.939212, 78.66079033333334], [16.9391945, 78.660791], [16.939177166666664, 78.66079166666667], [16.93915966666667, 78.66079216666667], [16.939142333333333, 78.66079283333333], [16.939124833333334, 78.66079366666666], [16.9391075, 78.66079416666666], [16.939090166666666, 78.66079483333333], [16.939072666666668, 78.66079549999999], [16.939055166666666, 78.66079633333334], [16.939037833333334, 78.660797], [16.939020333333335, 78.66079766666667], [16.939003, 78.66079833333333], [16.9389855, 78.660799], [16.938968166666665, 78.66079966666666], [16.938950666666663, 78.66080033333333], [16.938933333333335, 78.660801], [16.938915833333333, 78.66080166666667], [16.938898333333334, 78.66080233333334], [16.938881166666665, 78.660803], [16.93886366666667, 78.66080383333333], [16.938846166666668, 78.6608045], [16.938828833333332, 78.66080516666666], [16.938811166666667, 78.66080583333334], [16.938793666666665, 78.6608065], [16.938776333333333, 78.66080716666667], [16.938758833333335, 78.66080783333334], [16.9387415, 78.66080866666667], [16.938724166666667, 78.66080933333333], [16.938706833333335, 78.66081000000001], [16.938689333333333, 78.66081066666668], [16.938672166666667, 78.66081133333334], [16.93865483333333, 78.66081216666666], [16.93863766666667, 78.66081283333332], [16.938620333333333, 78.66081349999999], [16.938603166666667, 78.66081433333333], [16.938586, 78.660815], [16.938568666666665, 78.66081583333333], [16.938551333333333, 78.6608165], [16.938534166666667, 78.66081716666666], [16.938517, 78.660818], [16.93849983333333, 78.66081866666667], [16.93848266666667, 78.66081949999999], [16.938465666666666, 78.66082016666665], [16.9384485, 78.660821], [16.9384315, 78.66082166666666], [16.938414333333334, 78.6608225], [16.938397166666668, 78.66082333333334], [16.938380166666665, 78.660824], [16.938362833333333, 78.66082483333334], [16.938345833333337, 78.66082566666667], [16.938328833333333, 78.66082633333333], [16.938311666666667, 78.66082716666666], [16.93829433333333, 78.66082800000001], [16.93827716666667, 78.66082883333334], [16.938259833333333, 78.66082966666666], [16.938242666666667, 78.6608305], [16.93822533333333, 78.66083133333333], [16.938207833333333, 78.66083216666667], [16.9381905, 78.660833], [16.9381735, 78.66083383333333], [16.938156333333332, 78.66083466666667], [16.938139166666666, 78.6608355], [16.938122, 78.66083633333332], [16.938104833333334, 78.66083733333333], [16.938087833333334, 78.66083816666666], [16.938070666666665, 78.660839], [16.938053500000002, 78.66083983333333], [16.938036333333333, 78.66084066666667], [16.9380195, 78.66084166666666], [16.938002333333333, 78.6608425], [16.9379855, 78.66084333333333], [16.937968333333334, 78.66084416666666], [16.937951166666668, 78.66084516666666], [16.937934166666665, 78.660846], [16.93791716666667, 78.66084683333334], [16.93790016666667, 78.66084783333334], [16.937883166666666, 78.66084866666667], [16.937866, 78.6608495], [16.93784916666667, 78.6608505], [16.937832333333333, 78.6608515], [16.9378155, 78.66085233333334], [16.9377985, 78.66085333333334], [16.937781500000003, 78.66085416666667], [16.937764666666666, 78.66085516666666], [16.937747833333333, 78.660856], [16.937730833333333, 78.66085700000001], [16.937714000000003, 78.660858], [16.937697166666666, 78.66085883333334], [16.937680166666667, 78.66085983333333], [16.937663333333333, 78.66086083333333], [16.93764633333333, 78.66086166666668], [16.937629666666666, 78.66086266666666], [16.937612833333333, 78.66086366666667], [16.937596166666665, 78.66086449999999], [16.93757916666667, 78.6608655], [16.937562500000002, 78.66086650000001], [16.937545833333335, 78.6608675], [16.937528999999998, 78.6608685], [16.937512166666668, 78.6608695], [16.937495333333334, 78.6608705], [16.9374785, 78.6608715], [16.937461666666664, 78.66087250000001], [16.937445, 78.6608735], [16.937428166666667, 78.6608745], [16.9374115, 78.6608755], [16.9373945, 78.6608765], [16.937377833333336, 78.6608775], [16.937361, 78.66087850000001], [16.937344333333332, 78.66087966666667], [16.937327333333332, 78.66088066666666], [16.937310833333335, 78.66088166666667], [16.937294, 78.66088266666667], [16.937277166666668, 78.66088366666666], [16.937260499999997, 78.66088483333333], [16.937243666666667, 78.66088583333334], [16.937226833333334, 78.66088683333334], [16.937210166666667, 78.66088783333333], [16.9371935, 78.660889], [16.937176833333336, 78.66089000000001], [16.93716016666667, 78.66089116666667], [16.937143499999998, 78.66089216666666], [16.93712683333333, 78.66089316666667], [16.937110333333333, 78.66089433333333], [16.937093666666666, 78.66089533333334], [16.937076833333332, 78.66089633333333], [16.93706033333333, 78.66089749999999], [16.9370435, 78.6608985], [16.937027, 78.66089966666667], [16.9370105, 78.66090066666668], [16.936993833333336, 78.66090183333334], [16.9369775, 78.66090283333332], [16.936960833333334, 78.660904], [16.936944666666665, 78.660905], [16.936928, 78.66090600000001], [16.9369115, 78.66090716666666], [16.936894833333334, 78.66090833333332], [16.9368785, 78.66090933333334], [16.936862, 78.6609105], [16.9368455, 78.66091166666666], [16.936828833333333, 78.66091266666668], [16.936812333333332, 78.66091383333334], [16.936795833333335, 78.660915], [16.936779333333334, 78.66091616666667], [16.936763, 78.66091733333333], [16.9367465, 78.6609185], [16.936730166666667, 78.66091966666666], [16.9367135, 78.66092083333334], [16.936697166666665, 78.660922], [16.936680833333334, 78.66092316666666], [16.9366645, 78.66092433333333], [16.936648333333334, 78.6609255], [16.936632, 78.66092666666667], [16.936615500000002, 78.66092783333333], [16.936599333333334, 78.660929], [16.936583, 78.66093016666667], [16.936566833333334, 78.6609315], [16.9365505, 78.66093266666667], [16.936534333333334, 78.660934], [16.936518166666666, 78.66093516666666], [16.936502, 78.66093649999999], [16.936486, 78.66093766666667], [16.936469833333334, 78.660939], [16.936453833333335, 78.66094016666666], [16.9364375, 78.6609415], [16.936421166666666, 78.66094283333334], [16.936404999999997, 78.660944], [16.93638866666667, 78.66094533333333], [16.9363725, 78.66094666666666], [16.936356333333332, 78.66094799999999], [16.936339999999998, 78.66094933333333], [16.936323666666667, 78.66095066666666], [16.936307333333332, 78.660952], [16.93629083333333, 78.66095333333332], [16.936274333333333, 78.66095466666667], [16.936258000000002, 78.660956], [16.93624133333333, 78.66095733333333], [16.93622483333333, 78.66095866666666], [16.936208333333333, 78.66095999999999], [16.936191833333332, 78.66096133333333], [16.93617533333333, 78.66096266666666], [16.936158666666664, 78.66096399999999], [16.936142166666666, 78.66096533333332], [16.936125666666666, 78.66096666666667], [16.93610933333333, 78.66096783333334], [16.93609283333333, 78.66096916666667], [16.936076333333332, 78.6609705], [16.936059833333335, 78.66097183333333], [16.936043166666664, 78.66097316666666], [16.936026833333337, 78.66097450000001], [16.936010333333336, 78.66097583333334], [16.935993666666665, 78.66097716666667], [16.935977166666664, 78.6609785], [16.935960666666666, 78.66097983333334], [16.935944, 78.66098116666667], [16.9359275, 78.66098233333334], [16.935910999999997, 78.66098366666667], [16.9358945, 78.660985], [16.935878, 78.66098633333333], [16.935861499999998, 78.66098766666667], [16.935844999999997, 78.660989], [16.935828666666666, 78.66099016666666], [16.935812166666665, 78.6609915], [16.935795666666667, 78.66099283333332], [16.935779, 78.66099416666665], [16.93576266666667, 78.6609955], [16.935746333333334, 78.66099666666668], [16.93573, 78.660998], [16.93571366666667, 78.66099933333334], [16.935697333333334, 78.66100066666667], [16.935681, 78.661002], [16.935664666666664, 78.6610035], [16.935648166666667, 78.66100483333334], [16.935631666666666, 78.661006], [16.935615166666665, 78.66100733333333], [16.935598666666667, 78.66100866666667], [16.935582333333333, 78.66101], [16.93556583333333, 78.66101133333333], [16.935549499999997, 78.66101266666666], [16.935533333333336, 78.661014], [16.935516833333335, 78.66101533333334], [16.9355005, 78.66101666666667], [16.935484, 78.661018], [16.935467666666668, 78.66101933333333], [16.935451166666667, 78.66102066666667], [16.935434833333332, 78.661022], [16.9354185, 78.6610235], [16.935402333333332, 78.66102483333334], [16.935386166666667, 78.66102616666667], [16.935369666666666, 78.6610275], [16.9353535, 78.661029], [16.935337333333333, 78.66103033333334], [16.935321166666665, 78.66103166666667], [16.935305000000003, 78.661033], [16.93528866666667, 78.6610345], [16.9352725, 78.66103583333333], [16.935256166666665, 78.66103716666666], [16.93524, 78.66103866666667], [16.935223833333335, 78.66104], [16.935207666666667, 78.66104133333333], [16.9351915, 78.66104283333334], [16.935175333333333, 78.66104416666667], [16.935159166666665, 78.66104566666667], [16.935143, 78.661047], [16.935126833333335, 78.6610485], [16.935110666666667, 78.66104999999999], [16.935094333333332, 78.66105133333333], [16.935078166666663, 78.66105283333333], [16.935061833333336, 78.66105433333334], [16.935045666666667, 78.66105583333334], [16.9350295, 78.66105716666667], [16.935013333333334, 78.66105866666666], [16.93499716666667, 78.66106016666666], [16.934981166666667, 78.66106166666667], [16.934965, 78.66106316666666], [16.934949, 78.66106466666666], [16.934933, 78.66106616666666], [16.934917, 78.66106766666667], [16.934901, 78.66106916666666], [16.934885, 78.66107066666667], [16.934869, 78.66107216666666], [16.934853166666667, 78.66107366666667], [16.934837, 78.66107533333334], [16.934821, 78.66107683333333], [16.934804999999997, 78.66107833333334], [16.93478916666667, 78.66107983333333], [16.934773333333332, 78.6610815], [16.9347575, 78.66108299999999], [16.934741666666664, 78.6610845], [16.934725833333335, 78.66108616666666], [16.934710166666665, 78.66108766666666], [16.934694333333333, 78.66108933333334], [16.9346785, 78.66109083333335], [16.9346625, 78.6610925], [16.9346465, 78.661094], [16.934630833333333, 78.66109566666667], [16.934614833333335, 78.66109716666666], [16.934599166666665, 78.66109883333334], [16.9345835, 78.6611005], [16.9345675, 78.661102], [16.934551666666668, 78.66110366666666], [16.934535999999998, 78.66110533333334], [16.934520333333335, 78.66110699999999], [16.934504666666665, 78.6611085], [16.934489, 78.66111016666667], [16.934473166666667, 78.66111166666666], [16.9344575, 78.66111333333333], [16.934441833333334, 78.66111500000001], [16.934426166666665, 78.66111666666667], [16.934410500000002, 78.66111816666667], [16.934394833333332, 78.66111983333333], [16.934379166666666, 78.66112150000001], [16.934363666666666, 78.66112316666666], [16.934348166666666, 78.66112466666667], [16.9343325, 78.66112633333334], [16.934317, 78.66112799999999], [16.9343015, 78.66112966666667], [16.934286, 78.66113133333333], [16.934270666666666, 78.661133], [16.934255333333333, 78.66113466666667], [16.934239833333333, 78.66113633333333], [16.934224500000003, 78.661138], [16.93420916666667, 78.66113966666667], [16.934193999999998, 78.66114133333333], [16.934178666666664, 78.661143], [16.9341635, 78.66114466666666], [16.934148166666667, 78.6611465], [16.934132833333333, 78.66114816666666], [16.9341175, 78.66114983333334], [16.934102166666666, 78.6611515], [16.934086833333332, 78.66115316666667], [16.9340715, 78.661155], [16.934055999999998, 78.66115666666666], [16.93404083333333, 78.66115833333333], [16.9340255, 78.66116016666666], [16.934010166666667, 78.66116183333334], [16.933994833333333, 78.66116366666667], [16.933979833333336, 78.66116533333334], [16.933964500000002, 78.66116699999999], [16.9339495, 78.66116883333333], [16.933934166666667, 78.6611705], [16.933919166666666, 78.66117233333333], [16.933904, 78.661174], [16.933888833333334, 78.66117583333333], [16.933873666666667, 78.6611775], [16.9338585, 78.66117933333334], [16.933843500000002, 78.661181], [16.933828166666668, 78.66118283333334], [16.933813, 78.6611845], [16.933797666666667, 78.66118633333333], [16.933782666666666, 78.66118816666668], [16.93376783333333, 78.66118983333334], [16.933752666666667, 78.66119166666667], [16.9337375, 78.66119350000001], [16.933722333333332, 78.66119533333334], [16.933707333333334, 78.66119716666667], [16.933692333333333, 78.661199], [16.933677166666666, 78.66120066666667], [16.933662, 78.6612025], [16.933647, 78.6612045], [16.933632333333332, 78.66120633333334], [16.933617333333334, 78.66120816666667], [16.9336025, 78.66121], [16.93358733333333, 78.66121183333333], [16.9335725, 78.66121383333333], [16.933557666666665, 78.66121566666668], [16.933543, 78.6612175], [16.933528000000003, 78.6612195], [16.933513333333334, 78.66122133333333], [16.9334985, 78.66122316666666], [16.933484, 78.661225], [16.933469166666665, 78.661227], [16.9334545, 78.66122883333334], [16.933439833333335, 78.66123083333333], [16.933425166666666, 78.66123266666666], [16.933410499999997, 78.66123466666666], [16.93339566666667, 78.6612365], [16.933380833333334, 78.66123850000001], [16.933366166666666, 78.6612405], [16.9333515, 78.6612425], [16.933336833333332, 78.66124450000001], [16.933322166666667, 78.66124633333334], [16.933307666666668, 78.66124833333333], [16.933293, 78.66125033333333], [16.93327833333333, 78.66125233333334], [16.933263833333335, 78.66125433333333], [16.933249333333332, 78.66125633333333], [16.93323516666667, 78.66125833333334], [16.9332205, 78.66126033333333], [16.933206, 78.6612625], [16.933191500000003, 78.66126433333334], [16.933177166666667, 78.6612665], [16.93316283333333, 78.6612685], [16.9331485, 78.6612705], [16.933134, 78.6612725], [16.933119833333333, 78.6612745], [16.933105666666666, 78.6612765], [16.933091333333333, 78.6612785], [16.933077, 78.6612805], [16.933062666666668, 78.6612825], [16.933048166666666, 78.66128466666667], [16.933033666666667, 78.66128666666667], [16.933019166666668, 78.66128866666666], [16.933004666666665, 78.66129066666667], [16.93299, 78.66129283333333], [16.9329755, 78.66129483333334], [16.932960833333333, 78.66129683333334], [16.932946333333334, 78.66129883333333], [16.932931833333335, 78.66130083333334], [16.9329175, 78.66130283333334], [16.932902833333333, 78.66130483333333], [16.932888333333334, 78.66130683333334], [16.932873833333336, 78.66130883333334], [16.932859333333333, 78.66131083333333], [16.932844833333334, 78.66131283333334], [16.9328305, 78.66131483333334], [16.932816166666665, 78.66131683333333], [16.9328015, 78.66131883333334], [16.932787, 78.66132083333333], [16.9327725, 78.66132266666666], [16.932758, 78.66132466666666], [16.932743333333335, 78.66132666666667], [16.932728833333332, 78.66132866666666], [16.932714166666663, 78.66133066666666], [16.932699666666668, 78.66133266666667], [16.932685, 78.66133466666666], [16.93267033333333, 78.66133666666666], [16.93265566666667, 78.66133866666668], [16.932641, 78.66134066666667], [16.932626333333335, 78.66134266666667], [16.932611666666666, 78.66134466666668], [16.932597166666667, 78.66134666666667], [16.932582500000002, 78.66134866666667], [16.932567833333334, 78.66135066666668], [16.93255333333333, 78.66135266666667], [16.93253866666667, 78.66135466666667], [16.932524, 78.66135666666668], [16.9325095, 78.66135866666667], [16.932495, 78.6613605], [16.9324805, 78.6613625], [16.93246583333333, 78.6613645], [16.932451, 78.6613665], [16.932436499999998, 78.6613685], [16.932421666666666, 78.6613705], [16.932407166666668, 78.6613725], [16.9323925, 78.6613745], [16.93237783333333, 78.66137633333332], [16.932363000000002, 78.66137833333333], [16.9323485, 78.66138033333333], [16.932333833333335, 78.66138233333332], [16.932319166666666, 78.66138433333334], [16.9323045, 78.66138633333334], [16.932289833333336, 78.66138833333333], [16.932275166666667, 78.66139033333334], [16.932260499999998, 78.66139216666667], [16.932245833333333, 78.66139416666667], [16.932231166666668, 78.66139616666666], [16.9322165, 78.66139816666667], [16.9322015, 78.6614], [16.932186833333333, 78.661402], [16.932172166666664, 78.66140399999999], [16.932157500000002, 78.66140583333335], [16.932142833333334, 78.66140783333334], [16.932128, 78.66140983333334], [16.932113166666667, 78.66141166666667], [16.9320985, 78.66141366666668], [16.932083833333333, 78.66141566666667], [16.93206916666667, 78.6614175], [16.9320545, 78.6614195], [16.932039666666665, 78.66142133333332], [16.932025, 78.66142333333333], [16.932010166666664, 78.66142533333333], [16.931995333333337, 78.66142716666667], [16.9319805, 78.66142916666666], [16.931965833333333, 78.661431], [16.931950833333335, 78.661433], [16.931936, 78.661435], [16.931921166666665, 78.66143683333333], [16.931906333333334, 78.66143883333334], [16.931891333333333, 78.66144066666668], [16.931876499999998, 78.66144266666667], [16.9318615, 78.66144466666667], [16.93184666666667, 78.6614465], [16.931832, 78.6614485], [16.931817000000002, 78.66145033333333], [16.931802, 78.66145233333333], [16.931787166666666, 78.66145416666667], [16.9317725, 78.66145616666667], [16.9317575, 78.661458], [16.931742666666665, 78.66146], [16.931727833333333, 78.661462], [16.931713, 78.66146383333333], [16.931697999999997, 78.66146583333332], [16.931683, 78.66146766666667], [16.931668, 78.66146966666666], [16.931653166666667, 78.6614715], [16.931638333333336, 78.6614735], [16.931623166666668, 78.66147533333333], [16.931608333333333, 78.66147733333334], [16.93159316666667, 78.66147933333333], [16.931578166666668, 78.66148116666666], [16.931563333333333, 78.66148316666666], [16.931548333333335, 78.661485], [16.931533333333334, 78.66148700000001], [16.931518333333333, 78.66148883333334], [16.931503333333335, 78.66149083333333], [16.931488333333334, 78.66149266666666], [16.9314735, 78.66149449999999], [16.9314585, 78.66149650000001], [16.931443333333334, 78.66149850000001], [16.931428333333333, 78.66150033333334], [16.931413333333335, 78.66150233333333], [16.9313985, 78.66150416666666], [16.931383666666665, 78.66150616666667], [16.931368666666668, 78.66150816666666], [16.931353666666666, 78.66150999999999], [16.931338666666665, 78.66151199999999], [16.931323666666668, 78.66151383333333], [16.931308833333333, 78.66151583333334], [16.93129383333333, 78.66151766666667], [16.931278833333334, 78.66151966666666], [16.931263833333333, 78.66152149999999], [16.931248999999998, 78.6615235], [16.931234333333336, 78.66152533333334], [16.931219333333335, 78.66152716666667], [16.931204333333334, 78.661529], [16.931189333333336, 78.66153083333333], [16.9311745, 78.66153266666667], [16.931159333333333, 78.6615345], [16.931144166666666, 78.66153633333333], [16.931129, 78.66153816666666], [16.931113666666665, 78.66153983333334], [16.931098666666667, 78.66154166666666], [16.9310835, 78.66154333333334], [16.931068, 78.66154499999999], [16.93105266666667, 78.66154683333333], [16.931037166666666, 78.66154833333333], [16.931021833333332, 78.66155], [16.931006500000002, 78.66155166666667], [16.930990666666666, 78.66155333333333], [16.930975333333333, 78.66155499999999], [16.930959833333336, 78.66155666666667], [16.9309445, 78.66155833333333], [16.930929, 78.66156], [16.9309135, 78.66156183333332], [16.930898, 78.6615635], [16.930882333333333, 78.66156516666666], [16.930866666666667, 78.66156683333334], [16.930851166666667, 78.6615685], [16.930835333333334, 78.66157016666666], [16.930819666666665, 78.66157183333333], [16.930804000000002, 78.6615735], [16.930788500000002, 78.66157516666667], [16.930772666666666, 78.66157683333333], [16.930757000000003, 78.66157849999999], [16.930741, 78.66158], [16.93072533333333, 78.66158166666668], [16.930709666666665, 78.66158333333333], [16.930693833333333, 78.661585], [16.930678, 78.66158666666666], [16.9306625, 78.66158833333334], [16.930646666666668, 78.66158999999999], [16.930631166666668, 78.66159166666667], [16.9306155, 78.66159333333333], [16.930600000000002, 78.661595], [16.930584500000002, 78.66159666666667], [16.930568666666666, 78.66159850000001], [16.930553166666666, 78.66160016666666], [16.930537666666666, 78.66160183333334], [16.930522166666666, 78.6616035], [16.9305065, 78.661605], [16.930491, 78.66160666666666], [16.930475333333334, 78.66160833333333], [16.930459833333334, 78.66161000000001], [16.930444333333334, 78.66161166666667], [16.930428833333334, 78.66161316666667], [16.930413333333334, 78.66161483333333], [16.930397666666668, 78.66161650000001], [16.930382166666668, 78.66161816666666], [16.930366333333332, 78.66161966666667], [16.9303505, 78.66162133333334], [16.930334833333333, 78.66162299999999], [16.930319166666667, 78.6616245], [16.93030333333333, 78.66162616666666], [16.930287333333336, 78.66162766666666], [16.930271666666666, 78.66162933333334], [16.930255666666667, 78.66163083333332], [16.930239833333335, 78.6616325], [16.930223833333333, 78.66163416666667], [16.930208, 78.66163566666667], [16.930192166666664, 78.66163733333333], [16.930176333333335, 78.66163883333334], [16.930160333333333, 78.66164033333332], [16.930144499999997, 78.661642], [16.930128500000002, 78.66164350000001], [16.9301125, 78.661645], [16.930096666666667, 78.66164666666667], [16.930080666666665, 78.66164816666667], [16.930064666666667, 78.66164983333333], [16.9300485, 78.66165133333334], [16.930032666666666, 78.66165283333333], [16.930016666666667, 78.6616545], [16.93000066666667, 78.661656], [16.9299845, 78.6616575], [16.929968499999998, 78.661659], [16.929952333333333, 78.66166066666666], [16.929936166666668, 78.66166216666667], [16.929920166666665, 78.66166366666667], [16.929904, 78.66166516666667], [16.929887833333332, 78.66166666666666], [16.929871666666667, 78.66166816666667], [16.9298555, 78.6616695], [16.929839333333334, 78.661671], [16.929823166666665, 78.6616725], [16.929807166666667, 78.66167399999999], [16.929790833333335, 78.6616755], [16.9297745, 78.661677], [16.929758333333332, 78.66167833333334], [16.92974183333333, 78.66167983333334], [16.9297255, 78.66168133333333], [16.929709166666665, 78.66168283333333], [16.929692666666664, 78.66168416666666], [16.929676500000003, 78.66168566666667], [16.929660166666668, 78.66168716666667], [16.929643833333333, 78.66168850000001], [16.9296275, 78.66169], [16.929611, 78.6616915], [16.929594666666667, 78.66169283333333], [16.929578333333332, 78.66169433333333], [16.92956183333333, 78.66169566666667], [16.929545333333333, 78.66169716666667], [16.929529, 78.6616985], [16.929512666666668, 78.66169983333333], [16.92949616666667, 78.66170133333334], [16.92947966666667, 78.66170266666667], [16.929463166666668, 78.661704], [16.929446833333333, 78.66170533333334], [16.929430333333336, 78.66170666666667], [16.929413833333335, 78.661708], [16.9293975, 78.66170933333333], [16.929381, 78.66171083333333], [16.929364333333336, 78.66171216666666], [16.929348, 78.66171349999999], [16.9293315, 78.66171483333332], [16.929314833333333, 78.66171616666666], [16.929298333333335, 78.6617175], [16.929281666666668, 78.66171883333332], [16.929265166666667, 78.66172], [16.92924866666667, 78.66172133333333], [16.929232000000003, 78.66172266666668], [16.9292155, 78.661724], [16.929199, 78.66172533333334], [16.929182333333333, 78.6617265], [16.929165666666666, 78.66172783333333], [16.929149166666665, 78.66172916666666], [16.92913233333333, 78.6617305], [16.9291155, 78.66173166666667], [16.929098833333335, 78.661733], [16.929082166666667, 78.66173433333333], [16.92906533333333, 78.6617355], [16.929048666666667, 78.66173683333334], [16.929031833333333, 78.661738], [16.929015166666666, 78.66173933333333], [16.9289985, 78.6617405], [16.92898166666667, 78.66174183333332], [16.928964833333335, 78.66174299999999], [16.928948, 78.66174416666667], [16.928931, 78.66174550000001], [16.928914000000002, 78.66174666666667], [16.928897, 78.66174783333332], [16.928880166666666, 78.66174916666667], [16.928863333333332, 78.66175033333334], [16.928846333333336, 78.66175150000001], [16.928829333333333, 78.66175266666667], [16.928812333333333, 78.661754], [16.928795333333333, 78.66175516666667], [16.928778333333334, 78.66175633333334], [16.928761333333334, 78.66175750000001], [16.928744333333334, 78.66175866666667], [16.92872733333333, 78.66175983333332], [16.92871016666667, 78.661761], [16.92869316666667, 78.66176216666666], [16.928676166666666, 78.66176333333333], [16.928659166666666, 78.66176449999999], [16.92864216666667, 78.66176566666667], [16.928625166666667, 78.66176683333333], [16.928608, 78.66176783333334], [16.92859083333333, 78.661769], [16.92857366666667, 78.66177016666667], [16.9285565, 78.66177133333333], [16.928539333333333, 78.66177233333333], [16.928522166666667, 78.6617735], [16.928504999999998, 78.66177466666666], [16.92848766666667, 78.66177583333334], [16.9284705, 78.66177683333333], [16.928453333333334, 78.661778], [16.928435999999998, 78.661779], [16.92841866666667, 78.66178], [16.9284015, 78.66178116666667], [16.928384166666667, 78.66178216666667], [16.928367166666664, 78.66178316666667], [16.928350000000002, 78.66178416666666], [16.928332666666666, 78.66178533333333], [16.928315333333334, 78.66178633333334], [16.928298166666664, 78.66178733333332], [16.928281000000002, 78.66178833333333], [16.928263666666666, 78.66178933333335], [16.928246333333334, 78.66179033333333], [16.928229166666664, 78.66179133333334], [16.928212, 78.66179233333334], [16.928194833333336, 78.66179333333334], [16.9281775, 78.66179433333333], [16.928160166666665, 78.66179533333334], [16.928142833333332, 78.66179633333333], [16.928125666666666, 78.66179733333334], [16.928108333333334, 78.66179833333334], [16.928091, 78.66179916666667], [16.9280735, 78.66180016666667], [16.928056333333334, 78.66180116666666], [16.928038833333336, 78.66180200000001], [16.9280215, 78.66180299999999], [16.928004166666664, 78.66180383333334], [16.927986833333332, 78.66180483333332], [16.9279695, 78.66180566666667], [16.927952166666667, 78.66180666666668], [16.92793483333333, 78.6618075], [16.927917666666666, 78.66180833333333], [16.927900333333334, 78.66180916666667], [16.927883, 78.66181016666665], [16.927865666666666, 78.661811], [16.927848333333333, 78.66181183333333], [16.927831166666667, 78.66181266666668], [16.927813833333335, 78.66181350000001], [16.927796333333333, 78.66181433333333], [16.927778999999997, 78.66181516666667], [16.927761666666665, 78.661816], [16.927744333333333, 78.66181666666667], [16.927727, 78.66181750000001], [16.9277095, 78.66181833333333], [16.927692166666667, 78.66181916666666], [16.927674833333334, 78.66182], [16.927657500000002, 78.66182083333334], [16.927640166666666, 78.6618215], [16.927622666666664, 78.66182233333333], [16.927605333333336, 78.66182316666666], [16.927588, 78.661824], [16.9275705, 78.66182483333334], [16.927553166666666, 78.6618255], [16.927535666666664, 78.66182633333332], [16.9275185, 78.66182716666667], [16.927501166666666, 78.66182783333333], [16.927483833333334, 78.66182866666666], [16.92746633333333, 78.66182933333333], [16.927449000000003, 78.66183016666668], [16.927431666666667, 78.66183083333334], [16.927414333333335, 78.6618315], [16.927396833333333, 78.66183233333332], [16.927379499999997, 78.66183299999999], [16.92736216666667, 78.66183366666668], [16.927344666666666, 78.66183433333335], [16.927327333333334, 78.66183516666666], [16.927309833333332, 78.66183583333333], [16.927292333333334, 78.66183649999999], [16.927274833333335, 78.66183733333334], [16.9272575, 78.661838], [16.927240166666664, 78.66183883333333], [16.92722266666667, 78.6618395], [16.927205166666667, 78.66184016666666], [16.927187833333335, 78.66184100000001], [16.9271705, 78.66184166666667], [16.927153166666667, 78.66184233333334], [16.927135500000002, 78.661843], [16.927118166666666, 78.66184366666667], [16.927100833333334, 78.66184433333333], [16.927083333333332, 78.661845], [16.927065833333334, 78.66184566666668], [16.927048333333335, 78.66184616666666], [16.927031, 78.66184683333333], [16.927013499999997, 78.66184750000001], [16.926996166666665, 78.66184816666667], [16.926978666666667, 78.66184883333334], [16.92696116666667, 78.66184933333334], [16.9269435, 78.66185], [16.926925999999998, 78.6618505], [16.926908833333336, 78.66185116666666], [16.926891166666667, 78.66185166666668], [16.9268735, 78.66185233333334], [16.926856166666667, 78.66185283333333], [16.926838666666665, 78.66185333333333], [16.926821166666667, 78.66185399999999], [16.926803666666668, 78.66185449999999], [16.926786, 78.661855], [16.92676833333333, 78.6618555], [16.9267505, 78.661856], [16.92673316666667, 78.66185650000001], [16.9267155, 78.661857], [16.926697833333332, 78.6618575], [16.926680333333334, 78.661858], [16.92666266666667, 78.66185850000001], [16.926645, 78.661859], [16.926627333333332, 78.6618595], [16.926609666666664, 78.66185983333334], [16.92659216666667, 78.66186033333334], [16.9265745, 78.66186083333334], [16.926557, 78.66186116666667], [16.926539166666664, 78.66186166666667], [16.926521666666666, 78.661862], [16.926503833333335, 78.66186250000001], [16.926486333333333, 78.66186283333333], [16.9264685, 78.66186333333333], [16.926451, 78.66186366666668], [16.926433166666666, 78.66186416666666], [16.9264155, 78.66186450000001], [16.926397833333333, 78.661865], [16.926380333333334, 78.66186533333332], [16.926362666666666, 78.66186583333334], [16.926345, 78.66186633333334], [16.9263275, 78.66186666666667], [16.926309833333335, 78.66186716666667], [16.926292166666666, 78.6618675], [16.926274499999998, 78.661868], [16.926257, 78.66186833333333], [16.92623916666667, 78.66186883333333], [16.9262215, 78.66186916666668], [16.926203833333332, 78.66186966666668], [16.92618633333333, 78.66187], [16.92616866666667, 78.6618705], [16.926151, 78.66187083333332], [16.926133333333333, 78.66187116666667], [16.926115666666664, 78.66187166666667], [16.926098000000003, 78.66187199999999], [16.926080333333335, 78.66187233333333], [16.9260625, 78.66187283333333], [16.926045, 78.66187316666667], [16.926027166666664, 78.6618735], [16.926009500000003, 78.661874], [16.925991833333335, 78.66187433333333], [16.925974166666666, 78.66187466666666], [16.925956333333332, 78.661875], [16.925938666666664, 78.66187533333333], [16.925920833333333, 78.66187566666667], [16.925903333333334, 78.66187599999999], [16.925885333333333, 78.66187633333334], [16.9258675, 78.66187666666666], [16.925849833333334, 78.661877], [16.925832166666666, 78.66187733333332], [16.925814333333335, 78.66187766666667], [16.9257965, 78.66187799999999], [16.925778833333332, 78.66187833333333], [16.925761, 78.66187866666668], [16.925743333333333, 78.661879], [16.9257255, 78.66187933333335], [16.925707666666664, 78.66187966666666], [16.925689833333333, 78.66188000000001], [16.92567216666667, 78.66188016666666], [16.925654333333334, 78.66188050000001], [16.925636666666666, 78.66188083333333], [16.92561883333333, 78.66188116666667], [16.92560116666667, 78.66188149999999], [16.925583333333336, 78.66188183333334], [16.9255655, 78.661882], [16.925548, 78.66188233333334], [16.925530166666665, 78.66188266666667], [16.925512333333334, 78.661883], [16.92549466666667, 78.66188316666667], [16.925477, 78.6618835], [16.925459166666666, 78.66188366666667], [16.925441499999998, 78.661884], [16.925423666666667, 78.66188433333333], [16.925406, 78.66188466666668], [16.925388333333334, 78.66188483333333], [16.925370666666666, 78.66188516666666], [16.92535283333333, 78.66188533333334], [16.925335, 78.66188566666666], [16.925317166666666, 78.66188600000001], [16.925299666666668, 78.66188616666666], [16.925281833333333, 78.66188650000001], [16.925264000000002, 78.66188666666667], [16.925246166666668, 78.661887], [16.9252285, 78.66188733333334], [16.92521083333333, 78.66188749999999], [16.925193166666666, 78.66188783333334], [16.92517516666667, 78.661888], [16.9251575, 78.66188833333334], [16.925139666666666, 78.6618885], [16.925122166666664, 78.66188883333332], [16.925104333333334, 78.661889], [16.92508666666667, 78.66188933333333], [16.925068833333334, 78.66188966666667], [16.925051333333332, 78.66189], [16.925033499999998, 78.66189016666667], [16.925015833333337, 78.6618905], [16.924998000000002, 78.66189083333333], [16.924980333333334, 78.661891], [16.924962833333332, 78.66189133333334], [16.92494483333333, 78.6618915], [16.924927166666667, 78.66189183333333], [16.924909500000002, 78.66189200000001], [16.924891666666667, 78.66189233333333], [16.924873833333333, 78.66189250000001], [16.924856166666665, 78.66189283333333], [16.924838333333334, 78.66189299999999], [16.924820833333335, 78.66189316666667], [16.924803, 78.66189349999999], [16.924785333333332, 78.66189366666667], [16.924767666666664, 78.661894], [16.92475016666667, 78.66189416666666], [16.9247325, 78.6618945], [16.924715, 78.66189466666667], [16.924697166666665, 78.66189483333332], [16.9246795, 78.66189516666667], [16.92466166666667, 78.66189533333333], [16.924644, 78.66189566666667], [16.924626166666666, 78.66189583333333], [16.92460833333333, 78.661896], [16.9245905, 78.66189616666666], [16.924573000000002, 78.6618965], [16.9245555, 78.66189666666668], [16.924537833333332, 78.66189683333333], [16.924519999999998, 78.66189716666666], [16.924502333333333, 78.66189733333334], [16.924484666666668, 78.6618975], [16.924467, 78.66189766666666], [16.924449166666665, 78.66189800000001], [16.924431333333334, 78.66189816666666], [16.924413666666666, 78.66189833333333], [16.924395666666666, 78.6618985], [16.92437783333333, 78.66189866666667], [16.92436, 78.66189899999999], [16.924342333333335, 78.66189916666667], [16.9243245, 78.66189933333334], [16.924306833333333, 78.66189949999999], [16.924288999999998, 78.66189966666667], [16.924271166666664, 78.66189983333334], [16.924253500000003, 78.6619], [16.924235666666668, 78.66190033333334], [16.924218, 78.6619005], [16.924200166666665, 78.66190066666667], [16.92418233333333, 78.66190083333332], [16.924164666666666, 78.661901], [16.924146833333335, 78.66190116666667], [16.924129, 78.66190133333333], [16.924111166666666, 78.66190150000001], [16.9240935, 78.66190166666667], [16.924075666666667, 78.66190183333333], [16.924057833333332, 78.661902], [16.924040333333334, 78.66190216666668], [16.9240225, 78.66190233333333], [16.92400466666667, 78.6619025], [16.923987, 78.66190266666668], [16.9239695, 78.66190283333334], [16.923951833333334, 78.661903], [16.923934, 78.66190316666666], [16.923916333333334, 78.66190333333334], [16.923898666666666, 78.66190350000001], [16.923881166666668, 78.66190366666666], [16.923863333333333, 78.66190366666666], [16.923845500000002, 78.66190383333333], [16.923827666666668, 78.661904], [16.92381, 78.66190416666667], [16.9237925, 78.66190433333333], [16.923774666666667, 78.66190433333333], [16.92375666666667, 78.6619045], [16.923739, 78.66190466666667], [16.923721333333333, 78.66190466666667], [16.9237035, 78.66190483333334], [16.92368583333333, 78.66190499999999], [16.92366816666667, 78.66190499999999], [16.923650333333335, 78.66190516666667], [16.9236325, 78.66190533333334], [16.923614833333332, 78.66190533333334], [16.923596999999997, 78.6619055], [16.923579, 78.6619055], [16.923561333333335, 78.66190566666667], [16.923543333333335, 78.66190583333334], [16.9235255, 78.66190583333334], [16.923507833333336, 78.661906], [16.923489833333335, 78.661906], [16.923472, 78.66190616666667], [16.923454, 78.66190633333333], [16.923436166666665, 78.66190633333333], [16.923418333333334, 78.6619065], [16.9234005, 78.66190666666667], [16.9233825, 78.66190666666667], [16.923364499999998, 78.66190683333333], [16.923346666666664, 78.661907], [16.923328666666666, 78.661907], [16.923310666666666, 78.66190716666667], [16.92329266666667, 78.66190716666667], [16.923274499999998, 78.66190733333333], [16.923256666666667, 78.66190733333333], [16.923238833333336, 78.66190750000001], [16.923220833333335, 78.66190750000001], [16.923203, 78.66190766666666], [16.923185166666666, 78.66190783333333], [16.923167166666666, 78.66190783333333], [16.9231495, 78.661908], [16.923131666666666, 78.66190816666668], [16.923113666666666, 78.66190833333333], [16.92309583333333, 78.6619085], [16.923077999999997, 78.66190866666668], [16.92306016666667, 78.66190883333334], [16.923042333333335, 78.661909], [16.923024666666667, 78.66190916666666], [16.923006666666666, 78.66190933333334], [16.922989166666664, 78.66190950000001], [16.922971333333333, 78.66190966666666], [16.922953500000002, 78.66190983333333], [16.922935666666667, 78.66191], [16.922917833333333, 78.66191016666667], [16.922899833333336, 78.66191033333332], [16.922882, 78.6619105], [16.922864166666667, 78.66191066666667], [16.9228465, 78.66191083333334], [16.922828666666664, 78.66191099999999], [16.922810666666667, 78.66191116666667], [16.922793000000002, 78.6619115], [16.922775, 78.66191166666667], [16.922757166666667, 78.66191183333333], [16.922739333333332, 78.66191183333333], [16.922721333333335, 78.66191216666667], [16.922703333333335, 78.66191216666667], [16.9226855, 78.66191233333333], [16.922667666666666, 78.6619125], [16.9226495, 78.66191266666667], [16.9226315, 78.66191283333333], [16.922613666666667, 78.661913], [16.922595666666666, 78.66191316666666], [16.922577666666665, 78.66191333333333], [16.9225595, 78.66191350000001], [16.922541833333334, 78.66191366666666], [16.922523833333333, 78.66191383333333], [16.922506, 78.661914], [16.922488166666668, 78.66191416666668], [16.922470166666667, 78.66191433333333], [16.922452333333336, 78.66191433333333], [16.922434333333335, 78.6619145], [16.922416333333334, 78.66191466666668], [16.922398666666666, 78.66191483333334], [16.922380999999998, 78.66191516666666], [16.922363166666667, 78.66191533333334], [16.9223455, 78.6619155], [16.922327833333334, 78.6619155], [16.922310333333332, 78.66191583333332], [16.9222925, 78.661916], [16.922274833333333, 78.66191616666667], [16.922257166666668, 78.66191633333332], [16.922239333333334, 78.6619165], [16.922221666666665, 78.66191666666667], [16.922203833333334, 78.66191683333334], [16.922185833333334, 78.66191699999999], [16.922168166666665, 78.66191733333334], [16.92215033333333, 78.6619175], [16.922132666666666, 78.66191766666667], [16.922115, 78.661918], [16.922097166666667, 78.66191816666667], [16.922079666666665, 78.6619185], [16.92206183333333, 78.66191866666666], [16.922044000000003, 78.661919], [16.92202616666667, 78.66191916666666], [16.922008333333334, 78.66191933333333], [16.921990666666666, 78.66191966666666], [16.92197283333333, 78.66191983333333], [16.921955, 78.66192016666668], [16.921937166666666, 78.66192033333333], [16.921919333333335, 78.66192066666667], [16.921901666666667, 78.66192083333334], [16.921883833333332, 78.66192116666666], [16.921866, 78.66192133333334], [16.921848333333333, 78.66192166666666], [16.9218305, 78.66192183333332], [16.921812666666664, 78.66192216666667], [16.921795, 78.66192233333332], [16.92177716666667, 78.66192266666667], [16.921759666666667, 78.66192283333334], [16.921742, 78.66192316666667], [16.921724166666667, 78.66192333333333], [16.921706500000003, 78.66192366666668], [16.921688500000002, 78.66192383333333], [16.921670666666667, 78.66192416666667], [16.921653, 78.6619245], [16.921635166666665, 78.66192466666666], [16.921617333333334, 78.66192500000001], [16.9215995, 78.66192516666666], [16.921581833333335, 78.66192550000001], [16.921564166666666, 78.66192566666668], [16.921546666666664, 78.661926], [16.921529, 78.66192633333334], [16.92151116666667, 78.66192649999999], [16.9214935, 78.66192683333334], [16.921475666666666, 78.661927], [16.921457999999998, 78.66192733333334], [16.921440166666667, 78.6619275], [16.921422333333332, 78.66192783333332], [16.9214045, 78.661928], [16.921386833333333, 78.66192833333334], [16.921369000000002, 78.6619285], [16.921351333333334, 78.66192883333333], [16.9213335, 78.66192916666667], [16.921316, 78.66192933333333], [16.921298333333333, 78.66192966666668], [16.9212805, 78.66192983333333], [16.921262833333333, 78.66193016666666], [16.921245166666665, 78.6619305], [16.92122733333333, 78.66193066666666], [16.921209666666666, 78.66193100000001], [16.921192, 78.66193133333333], [16.921174, 78.66193150000001], [16.921156166666666, 78.66193183333333], [16.921138166666665, 78.661932], [16.92112033333333, 78.66193233333334], [16.921102333333334, 78.66193249999999], [16.921084666666665, 78.66193283333334], [16.921066833333335, 78.661933], [16.921049, 78.66193333333334], [16.921031333333335, 78.6619335], [16.9210135, 78.66193383333332], [16.920995666666666, 78.66193416666667], [16.920977833333332, 78.66193433333333], [16.920959999999997, 78.66193466666667], [16.92094216666667, 78.66193483333333], [16.92092416666667, 78.661935], [16.9209065, 78.66193533333333], [16.920888833333333, 78.66193566666668], [16.920870999999998, 78.66193583333333], [16.920853333333334, 78.661936], [16.920835333333333, 78.66193633333334], [16.920817666666668, 78.6619365], [16.920799833333334, 78.66193683333333], [16.920781833333333, 78.66193700000001], [16.920764000000002, 78.66193733333333], [16.920746, 78.66193750000001], [16.920728166666667, 78.66193766666667], [16.9207105, 78.66193799999999], [16.920692666666664, 78.66193816666667], [16.920674833333333, 78.66193849999999], [16.920657000000002, 78.66193883333334], [16.920639166666668, 78.661939], [16.920621333333333, 78.66193933333334], [16.920603500000002, 78.6619395], [16.920585666666668, 78.66193983333332], [16.920567833333333, 78.66194016666667], [16.92055, 78.66194033333333], [16.920532166666664, 78.66194066666667], [16.920514333333333, 78.66194083333333], [16.92049666666667, 78.66194116666667], [16.920478833333334, 78.6619415], [16.920460833333333, 78.66194166666668], [16.920443, 78.661942], [16.920425333333334, 78.66194216666666], [16.920407666666666, 78.6619425], [16.920389833333335, 78.66194283333333], [16.920372333333333, 78.66194316666666], [16.9203545, 78.66194333333333], [16.920337, 78.66194366666667], [16.920319166666665, 78.66194399999999], [16.920301333333335, 78.66194433333334], [16.920283666666666, 78.66194449999999], [16.920266, 78.66194483333334], [16.920248333333333, 78.66194516666665], [16.9202305, 78.6619455], [16.920212833333334, 78.66194566666667], [16.920195166666666, 78.661946], [16.92017716666667, 78.66194633333333], [16.9201595, 78.66194666666667], [16.920141666666666, 78.66194683333333], [16.92012383333333, 78.66194716666668], [16.92010583333333, 78.6619475], [16.920088, 78.66194766666668], [16.92007016666667, 78.661948], [16.920052333333334, 78.66194833333334], [16.920034333333334, 78.66194850000001], [16.9200165, 78.66194883333333], [16.919998666666668, 78.66194916666667], [16.919980833333334, 78.66194933333333], [16.919963, 78.66194966666667], [16.919945166666665, 78.66194983333334], [16.91992733333333, 78.66195016666667], [16.919909500000003, 78.6619505], [16.91989166666667, 78.66195066666667], [16.919874, 78.661951], [16.919856166666666, 78.66195133333333], [16.9198385, 78.6619515], [16.919820666666666, 78.66195183333333], [16.919802833333332, 78.661952], [16.919785, 78.66195233333333], [16.919767166666666, 78.66195250000001], [16.9197495, 78.66195266666666], [16.919731833333334, 78.661953], [16.919714166666665, 78.66195316666668], [16.9196965, 78.66195333333333], [16.919678833333332, 78.6619535], [16.919661, 78.66195366666668], [16.919643333333333, 78.66195383333334], [16.9196255, 78.66195416666666], [16.919607833333334, 78.66195433333334], [16.91959016666667, 78.66195433333334], [16.9195725, 78.66195450000001], [16.919554666666667, 78.66195466666666], [16.919537, 78.66195483333333], [16.919519166666664, 78.661955], [16.919501500000003, 78.66195516666667], [16.919483666666668, 78.66195516666667], [16.919466, 78.66195533333332], [16.91944833333333, 78.6619555], [16.919430499999997, 78.6619555], [16.919412833333336, 78.6619555], [16.919395, 78.66195566666667], [16.919377166666667, 78.66195566666667], [16.919359333333333, 78.66195566666667], [16.919341666666664, 78.66195566666667], [16.919324, 78.66195566666667], [16.919306, 78.66195566666667], [16.919288333333334, 78.66195566666667], [16.9192705, 78.66195566666667], [16.91925266666667, 78.66195566666667], [16.919235, 78.6619555], [16.9192175, 78.6619555], [16.9192, 78.6619555], [16.91918233333333, 78.66195533333332], [16.919164833333333, 78.66195533333332], [16.919147, 78.66195516666667], [16.9191295, 78.661955], [16.919111833333332, 78.661955], [16.91909433333333, 78.66195483333333], [16.919077, 78.66195466666666], [16.919059833333332, 78.66195450000001], [16.919043, 78.66195433333334], [16.919026, 78.661954], [16.919009666666668, 78.66195383333334], [16.918993333333333, 78.6619535], [16.91897733333333, 78.66195316666668], [16.9189615, 78.66195283333333], [16.918945833333332, 78.66195250000001], [16.9189305, 78.661952], [16.9189155, 78.6619515], [16.918900666666666, 78.661951], [16.918886166666667, 78.6619505], [16.918871833333334, 78.66194999999999], [16.918857833333334, 78.66194933333333], [16.918844, 78.66194883333333], [16.918830333333336, 78.66194816666666], [16.918817, 78.6619475], [16.918803833333335, 78.66194666666667], [16.918791166666665, 78.661946], [16.918778666666665, 78.66194516666665], [16.918766666666667, 78.66194433333334], [16.91875483333333, 78.6619435], [16.918743166666665, 78.66194266666666], [16.918731833333332, 78.66194183333333], [16.918720833333335, 78.661941], [16.918710333333333, 78.66194], [16.918700166666667, 78.66193916666666], [16.918690333333334, 78.66193816666667], [16.918680833333333, 78.66193716666666], [16.91867166666667, 78.66193633333334], [16.918662833333332, 78.66193533333333], [16.918654166666666, 78.66193433333333], [16.918645833333336, 78.66193333333334], [16.918637333333333, 78.66193216666667], [16.9186295, 78.66193116666666], [16.918621666666663, 78.66193], [16.918614333333334, 78.661929], [16.918607166666668, 78.66192783333332], [16.918600166666668, 78.66192683333334], [16.918593166666668, 78.66192566666668], [16.9185865, 78.6619245], [16.918579833333336, 78.66192333333333], [16.918573, 78.66192216666667], [16.918566833333333, 78.66192099999999], [16.918560666666668, 78.66192], [16.918554500000003, 78.66191883333333], [16.918548833333332, 78.66191766666667], [16.918543333333332, 78.6619165], [16.9185385, 78.6619155], [16.91853366666667, 78.6619145], [16.918529499999998, 78.66191350000001], [16.91852533333333, 78.6619125], [16.9185215, 78.6619115], [16.918517833333333, 78.6619105], [16.918514166666668, 78.66190950000001], [16.91851066666667, 78.6619085], [16.918507499999997, 78.66190750000001], [16.918504833333333, 78.6619065], [16.918502166666666, 78.66190566666667], [16.918500166666668, 78.66190483333334], [16.918498166666666, 78.661904], [16.918496166666667, 78.661903], [16.918494, 78.661902], [16.918491833333334, 78.66190116666667], [16.918489833333336, 78.66190016666665], [16.918487833333334, 78.66189933333334], [16.918485999999998, 78.6618985], [16.918484499999998, 78.66189766666666], [16.918483, 78.66189683333333], [16.9184815, 78.661896], [16.918480499999998, 78.66189516666667], [16.9184795, 78.6618945], [16.9184785, 78.66189366666667], [16.918477499999998, 78.66189283333333], [16.918476333333334, 78.66189216666666], [16.9184755, 78.66189133333334], [16.91847466666667, 78.66189066666668], [16.918474, 78.66189], [16.91847316666667, 78.66188933333333], [16.918472333333334, 78.66188866666667], [16.9184715, 78.661888], [16.918470833333334, 78.66188733333334], [16.918470333333335, 78.66188683333333], [16.91847, 78.66188616666666], [16.918469666666667, 78.66188566666666], [16.918469, 78.66188516666666], [16.91846866666667, 78.66188466666668], [16.918468, 78.66188416666667], [16.91846766666667, 78.6618835], [16.918467333333336, 78.66188316666667], [16.918466666666667, 78.66188266666667], [16.91846616666667, 78.66188216666666], [16.918465833333336, 78.66188166666667], [16.918465166666667, 78.66188133333334], [16.918465, 78.66188083333333], [16.918464500000002, 78.66188033333333], [16.918464333333336, 78.66188000000001], [16.91846416666667, 78.6618795], [16.91846383333333, 78.66187916666667], [16.918463166666665, 78.66187866666668], [16.918463, 78.66187833333333], [16.91846333333333, 78.66187799999999], [16.918463666666664, 78.6618775], [16.918463666666664, 78.66187716666667], [16.918463, 78.66187683333332], [16.91846233333333, 78.66187633333334], [16.918462166666664, 78.66187599999999], [16.918462833333333, 78.66187566666667], [16.918463499999998, 78.66187533333333], [16.91846333333333, 78.661875], [16.918462666666667, 78.66187450000001], [16.918461999999998, 78.66187416666666], [16.91846233333333, 78.66187383333333], [16.918463, 78.66187366666666], [16.91846333333333, 78.66187333333333], [16.918462499999997, 78.66187283333333], [16.918461333333333, 78.6618725], [16.918460999999997, 78.66187216666667], [16.918461333333333, 78.66187183333334], [16.918461666666666, 78.6618715], [16.918461166666667, 78.66187116666667], [16.91846, 78.66187066666666], [16.918458833333332, 78.66187033333334], [16.918458666666666, 78.66187], [16.918459, 78.66186966666668], [16.91845933333333, 78.66186933333333], [16.9184585, 78.661869], [16.918457166666666, 78.66186850000001], [16.91845633333333, 78.66186816666666], [16.918456166666665, 78.661868], [16.918456666666668, 78.6618675], [16.91845633333333, 78.66186716666667], [16.918455333333334, 78.66186683333333], [16.918454, 78.6618665], [16.9184535, 78.66186616666667], [16.918453666666668, 78.66186583333334], [16.918453833333334, 78.6618655], [16.918453333333332, 78.66186533333332], [16.91845216666667, 78.661865], [16.918451, 78.66186450000001], [16.91845066666667, 78.66186433333334], [16.918451, 78.661864], [16.918451, 78.66186366666668], [16.918450333333332, 78.6618635], [16.918449, 78.66186316666668], [16.918448166666668, 78.66186283333333], [16.91844766666667, 78.66186250000001], [16.918447833333335, 78.66186233333333], [16.918447833333335, 78.661862], [16.918447, 78.66186183333333], [16.918446, 78.6618615], [16.918445000000002, 78.66186116666667], [16.9184445, 78.661861], [16.9184445, 78.66186066666667], [16.918444333333333, 78.6618605], [16.918443333333336, 78.66186016666667], [16.91844216666667, 78.66185999999999], [16.918441166666664, 78.66185966666667], [16.918440666666665, 78.6618595], [16.9184405, 78.66185933333333], [16.918440333333333, 78.661859], [16.918439166666666, 78.661859], [16.918437833333332, 78.66185866666666], [16.91843683333333, 78.66185850000001], [16.918436333333332, 78.66185833333334], [16.918436333333332, 78.66185816666666], [16.918436166666666, 78.661858], [16.91843533333333, 78.66185766666668], [16.918434166666668, 78.6618575], [16.9184335, 78.66185733333333], [16.918433166666667, 78.661857], [16.918433, 78.66185683333333], [16.918432666666668, 78.66185666666667], [16.9184315, 78.66185650000001], [16.918430333333333, 78.66185650000001], [16.9184295, 78.66185633333333], [16.918429, 78.66185616666667], [16.918428833333333, 78.661856], [16.918428, 78.66185583333332], [16.91842666666667, 78.66185583333332], [16.9184255, 78.66185566666667], [16.918424333333334, 78.6618555], [16.91842366666667, 78.6618555], [16.9184235, 78.66185533333334], [16.918423166666667, 78.66185516666665], [16.91842216666667, 78.66185516666665], [16.91842116666667, 78.661855], [16.918420166666667, 78.66185483333334], [16.91841966666667, 78.66185466666667], [16.91841966666667, 78.66185449999999], [16.91841916666667, 78.66185433333334], [16.918418166666665, 78.66185416666667], [16.918417166666664, 78.66185416666667], [16.918415999999997, 78.66185399999999], [16.9184155, 78.66185383333332], [16.918415166666666, 78.66185366666667], [16.918414666666667, 78.6618535], [16.918413666666666, 78.66185333333333], [16.918412333333332, 78.66185333333333], [16.91841133333333, 78.66185316666666], [16.918410833333333, 78.66185300000001], [16.918410333333334, 78.66185283333333], [16.91840983333333, 78.66185283333333], [16.918408833333334, 78.66185266666666], [16.918407833333333, 78.6618525], [16.918406833333332, 78.6618525], [16.918406166666667, 78.66185233333334], [16.91840566666667, 78.66185216666666], [16.918405166666666, 78.661852], [16.918404333333335, 78.66185183333333], [16.918403166666668, 78.66185183333333], [16.918402166666667, 78.66185166666668], [16.9184015, 78.6618515], [16.918401, 78.66185133333333], [16.9184005, 78.66185133333333], [16.9183995, 78.66185116666666], [16.918398500000002, 78.661851], [16.9183975, 78.66185083333333], [16.91839666666667, 78.66185066666667], [16.91839633333333, 78.66185066666667], [16.91839583333333, 78.6618505], [16.918394999999997, 78.66185033333333], [16.918394, 78.66185016666667], [16.918392833333332, 78.66185], [16.918392166666667, 78.66184983333332], [16.918391666666665, 78.66184966666667], [16.918391166666666, 78.6618495], [16.91839033333333, 78.66184933333334], [16.918389333333334, 78.66184916666666], [16.918388333333333, 78.661849], [16.91838733333333, 78.66184883333334], [16.918386666666667, 78.66184866666667], [16.918385833333332, 78.66184849999999], [16.918385166666667, 78.66184833333334], [16.918383833333333, 78.66184816666667], [16.918382666666666, 78.66184799999999], [16.91838166666667, 78.66184799999999], [16.918380833333334, 78.66184783333333], [16.918380333333335, 78.66184766666667], [16.918379333333334, 78.66184750000001], [16.918378166666667, 78.66184750000001], [16.918376833333333, 78.66184733333333], [16.918375833333336, 78.66184716666666], [16.918375, 78.66184700000001], [16.918374333333336, 78.66184700000001], [16.918373499999998, 78.66184683333333], [16.918372166666664, 78.66184666666666], [16.918370999999997, 78.66184666666666], [16.91837, 78.6618465], [16.918369166666665, 78.66184633333334], [16.918368333333333, 78.66184633333334], [16.9183675, 78.66184616666666], [16.918366499999998, 78.661846], [16.918365166666668, 78.661846], [16.918364166666667, 78.66184583333333], [16.918363499999998, 78.66184566666668], [16.918362666666667, 78.6618455], [16.918361833333332, 78.6618455], [16.918360833333335, 78.66184533333333], [16.918359666666667, 78.66184533333333], [16.918358666666666, 78.66184516666667], [16.91835766666667, 78.661845], [16.918357, 78.661845], [16.918356000000003, 78.66184483333333], [16.918355000000002, 78.66184466666667], [16.918353833333335, 78.66184466666667], [16.918352833333334, 78.6618445], [16.918351833333336, 78.6618445], [16.918350999999998, 78.66184433333333], [16.918350333333333, 78.66184416666667], [16.91834933333333, 78.66184416666667], [16.91834833333333, 78.661844], [16.918347333333333, 78.661844], [16.918346166666666, 78.66184383333332], [16.91834533333333, 78.66184366666667], [16.918344333333334, 78.6618435], [16.918342833333334, 78.66184333333334], [16.918340833333332, 78.66184333333334], [16.918339500000002, 78.66184316666666], [16.91833666666667, 78.66184316666666], [16.918334333333334, 78.661843], [16.918330833333336, 78.661843], [16.918327666666666, 78.661843], [16.918324166666665, 78.66184333333334], [16.918321666666667, 78.66184383333332], [16.918317333333334, 78.6618445], [16.918313666666666, 78.66184516666667], [16.918312, 78.66184616666666], [16.918309833333335, 78.66184683333333], [16.918307666666667, 78.66184766666667], [16.918305666666665, 78.66184833333334], [16.918304666666664, 78.66184916666666], [16.918303666666667, 78.66185], [16.918302833333332, 78.66185083333333], [16.918303166666664, 78.66185166666668], [16.91830333333333, 78.66185233333334], [16.91830433333333, 78.66185300000001], [16.918305, 78.66185366666667], [16.918305999999998, 78.66185416666667], [16.918307333333335, 78.66185483333334], [16.918308333333336, 78.66185533333334], [16.918310333333334, 78.66185566666667], [16.918312166666666, 78.661856], [16.91831416666667, 78.66185616666667], [16.918316333333333, 78.66185650000001], [16.918318333333332, 78.66185666666667], [16.918320333333334, 78.661857], [16.918321833333334, 78.66185716666668], [16.9183235, 78.6618575], [16.91832583333333, 78.66185783333334], [16.918326999999998, 78.661858], [16.91832833333333, 78.66185833333334], [16.918329500000002, 78.66185866666666], [16.91833116666667, 78.66185883333333], [16.918333166666667, 78.661859], [16.91833516666667, 78.66185916666667], [16.918336833333335, 78.66185933333333], [16.9183385, 78.6618595], [16.91834, 78.66185966666667], [16.918342, 78.66185983333334], [16.91834383333333, 78.66185999999999], [16.918345666666667, 78.66186016666667], [16.918347333333333, 78.66186016666667], [16.918349, 78.66186033333334], [16.91835083333333, 78.66186033333334], [16.918352833333334, 78.6618605], [16.918354833333336, 78.6618605], [16.918357, 78.66186066666667], [16.91835916666667, 78.66186066666667], [16.918361333333333, 78.66186083333334], [16.918363333333332, 78.661861], [16.9183655, 78.66186116666667], [16.918367666666665, 78.6618615], [16.918369833333333, 78.66186166666667], [16.91837183333333, 78.661862], [16.918373499999998, 78.66186233333333], [16.9183755, 78.66186266666666], [16.918377, 78.661863], [16.9183785, 78.66186333333333], [16.91838, 78.66186366666668], [16.918381333333333, 78.661864], [16.9183825, 78.66186416666666], [16.918383833333333, 78.66186450000001], [16.918384833333334, 78.66186483333333], [16.918385999999998, 78.661865], [16.918387, 78.66186533333332], [16.918388, 78.66186566666667], [16.918388999999998, 78.66186599999999], [16.91839, 78.66186616666667], [16.918390833333333, 78.6618665], [16.91839183333333, 78.66186666666667], [16.918392833333332, 78.66186683333333], [16.918393499999997, 78.66186716666667], [16.91839433333333, 78.66186733333333], [16.918395166666667, 78.6618675], [16.918395999999998, 78.66186766666667], [16.91839666666667, 78.661868], [16.918397333333335, 78.66186816666666], [16.918398, 78.66186833333333], [16.91839866666667, 78.66186866666666], [16.9183995, 78.66186883333333], [16.918400166666668, 78.661869], [16.918400833333333, 78.66186916666668], [16.918401333333335, 78.66186933333333], [16.918402, 78.66186966666668], [16.9184025, 78.66186983333334], [16.918403333333334, 78.66187], [16.918403833333333, 78.66187016666666], [16.918404666666667, 78.6618705], [16.918405166666666, 78.66187066666666], [16.91840566666667, 78.66187083333332], [16.918406333333333, 78.661871], [16.918407333333334, 78.66187133333332], [16.918409, 78.66187166666667], [16.918411499999998, 78.66187199999999], [16.9184155, 78.66187266666667], [16.91842216666667, 78.6618735], [16.918430833333332, 78.66187466666666], [16.91844133333333, 78.66187583333334], [16.918453, 78.66187733333332], [16.918465333333334, 78.66187883333333], [16.918478, 78.66188033333333], [16.918491333333336, 78.661882], [16.918504666666667, 78.66188366666667], [16.918518, 78.6618855], [16.918531499999997, 78.66188716666667], [16.918544666666666, 78.66188916666667], [16.918558166666667, 78.66189083333333], [16.918571333333333, 78.66189266666667], [16.918584833333334, 78.66189466666667], [16.918598, 78.6618965], [16.9186115, 78.6618985], [16.91862516666667, 78.6619005], [16.918638666666666, 78.66190233333333], [16.918652333333334, 78.66190433333333], [16.918665833333332, 78.66190633333333], [16.918679333333333, 78.6619085], [16.918693166666667, 78.6619105], [16.918706666666665, 78.6619125], [16.918720166666667, 78.6619145], [16.91873383333333, 78.6619165], [16.918747166666666, 78.6619185], [16.918760833333334, 78.66192066666667], [16.918774166666665, 78.66192266666667], [16.918787666666667, 78.66192483333333], [16.918801166666665, 78.66192683333334], [16.9188145, 78.661929], [16.918827833333335, 78.66193116666666], [16.918841, 78.66193333333334], [16.918854166666666, 78.6619355], [16.918867499999998, 78.66193766666667], [16.9188805, 78.66194], [16.91889366666667, 78.66194216666666], [16.918906666666665, 78.66194433333334], [16.918919833333334, 78.66194650000001], [16.918932833333333, 78.66194866666666], [16.918946000000002, 78.661951], [16.918959166666664, 78.66195316666668], [16.9189725, 78.6619555], [16.918985333333335, 78.66195783333333], [16.918998666666667, 78.66196], [16.919011833333332, 78.66196233333334], [16.919024999999998, 78.66196466666666], [16.919038166666667, 78.661967], [16.919051500000002, 78.66196933333335], [16.919064666666667, 78.66197166666667], [16.919077666666666, 78.66197383333333], [16.919090999999998, 78.66197616666666], [16.919104, 78.6619785], [16.919117000000004, 78.661981], [16.91913, 78.66198333333334], [16.919143000000002, 78.66198566666667], [16.919155999999997, 78.66198800000001], [16.919168666666668, 78.66199033333334], [16.919181499999997, 78.66199266666666], [16.919194166666667, 78.66199516666667], [16.919206999999997, 78.66199750000001], [16.9192195, 78.66199983333333], [16.919232166666667, 78.66200233333333], [16.919244499999998, 78.66200466666666], [16.91925666666667, 78.66200716666667], [16.919269, 78.66200950000001], [16.919281166666668, 78.662012], [16.919293166666666, 78.66201433333335], [16.919304833333335, 78.66201683333334], [16.919315833333332, 78.662019], [16.919326666666667, 78.66202133333333], [16.919337166666665, 78.6620235], [16.919347166666668, 78.66202583333333], [16.919357333333334, 78.66202799999999], [16.919367166666667, 78.66203016666667], [16.9193765, 78.66203233333334], [16.919385833333333, 78.66203433333334], [16.919395, 78.66203650000001], [16.919403833333334, 78.66203866666666], [16.919412333333334, 78.66204066666666], [16.919420666666667, 78.66204266666666], [16.91942883333333, 78.66204466666666], [16.919436333333334, 78.6620465], [16.919443666666666, 78.66204833333333], [16.919450833333332, 78.66205016666666], [16.919457833333336, 78.66205199999999], [16.919464833333333, 78.66205383333333], [16.91947233333333, 78.66205583333334], [16.919480500000002, 78.66205816666667], [16.919489666666667, 78.66206066666668], [16.91949933333333, 78.66206333333334], [16.919509, 78.66206600000001], [16.919518666666665, 78.66206883333332], [16.919528500000002, 78.6620715], [16.919538, 78.66207433333334], [16.9195475, 78.662077], [16.919556833333335, 78.66207966666666], [16.919565833333333, 78.66208233333333], [16.919574833333336, 78.66208499999999], [16.919584, 78.66208766666666], [16.919592666666667, 78.66209033333332], [16.9196015, 78.662093], [16.919610499999997, 78.66209583333332], [16.9196195, 78.6620985], [16.919628499999998, 78.66210133333334], [16.919637333333334, 78.66210416666667], [16.919646333333333, 78.662107], [16.919655166666665, 78.66211], [16.919664166666667, 78.66211283333334], [16.919672666666667, 78.66211566666666], [16.919681166666667, 78.66211866666666], [16.919689666666667, 78.6621215], [16.919698333333333, 78.66212433333334], [16.9197065, 78.66212733333333], [16.919714666666668, 78.66213016666667], [16.91972283333333, 78.66213316666668], [16.919731000000002, 78.66213599999999], [16.919739, 78.662139], [16.919746999999997, 78.66214199999999], [16.919754666666666, 78.66214483333333], [16.919762666666667, 78.66214783333334], [16.919770333333336, 78.66215083333333], [16.919778, 78.66215383333333], [16.9197855, 78.66215666666668], [16.919793000000002, 78.66215966666667], [16.9198005, 78.66216266666667], [16.919807833333333, 78.6621655], [16.919815333333336, 78.66216833333333], [16.91982266666667, 78.66217133333333], [16.919829666666665, 78.66217416666667], [16.919837166666664, 78.662177], [16.9198445, 78.66218], [16.919852, 78.66218283333333], [16.91985933333333, 78.66218583333333], [16.919866666666667, 78.66218866666667], [16.919874166666666, 78.66219166666666], [16.919881666666665, 78.6621945], [16.919889166666668, 78.6621975], [16.9198965, 78.66220033333335], [16.919903833333333, 78.66220316666666], [16.91991116666667, 78.662206], [16.919918666666668, 78.66220866666666], [16.91992583333333, 78.66221133333333], [16.919933166666667, 78.66221399999999], [16.919940333333333, 78.66221666666667], [16.91994783333333, 78.66221916666667], [16.919955166666668, 78.66222183333333], [16.919962333333334, 78.66222416666666], [16.919969499999997, 78.66222666666665], [16.9199765, 78.662229], [16.919983666666667, 78.66223133333332], [16.919990833333333, 78.66223366666667], [16.919998, 78.66223583333334], [16.920005166666666, 78.66223799999999], [16.920012333333332, 78.66224016666666], [16.92001966666667, 78.66224233333334], [16.920026833333335, 78.66224433333333], [16.920034166666667, 78.66224633333333], [16.920041333333334, 78.66224833333334], [16.920048666666666, 78.66225016666667], [16.920056166666665, 78.66225200000001], [16.920064, 78.66225383333334], [16.92007166666667, 78.6622555], [16.920079333333334, 78.66225716666666], [16.920087000000002, 78.66225866666667], [16.920094833333334, 78.66226033333334], [16.920102666666665, 78.66226183333333], [16.9201105, 78.66226316666666], [16.92011816666667, 78.6622645], [16.920125666666667, 78.66226583333334], [16.920133333333336, 78.66226716666667], [16.9201405, 78.6622685], [16.9201475, 78.66226966666666], [16.92015466666667, 78.66227083333334], [16.92016166666667, 78.66227183333334], [16.920168666666665, 78.662273], [16.920175500000003, 78.662274], [16.920182166666667, 78.662275], [16.920188833333334, 78.66227583333333], [16.920195666666665, 78.66227666666667], [16.920202166666666, 78.6622775], [16.920208666666667, 78.66227833333333], [16.920215166666665, 78.66227916666666], [16.9202215, 78.66227983333333], [16.920228, 78.6622805], [16.920234333333333, 78.66228116666666], [16.920240166666666, 78.66228183333332], [16.92024616666667, 78.6622825], [16.920251666666665, 78.66228316666667], [16.920257, 78.66228366666665], [16.920261999999997, 78.66228416666667], [16.920266833333336, 78.66228466666666], [16.920271333333336, 78.66228533333333], [16.920276166666667, 78.66228583333333], [16.920280333333334, 78.66228616666668], [16.920284499999998, 78.66228666666666], [16.9202885, 78.662287], [16.920292333333336, 78.66228733333334], [16.920296166666667, 78.66228766666667], [16.920299833333335, 78.662288], [16.9203035, 78.66228833333334], [16.920306999999998, 78.6622885], [16.920310333333337, 78.66228883333333], [16.92031366666667, 78.662289], [16.920317, 78.66228916666667], [16.92032, 78.66228933333333], [16.920322833333334, 78.6622895], [16.920325833333333, 78.66228966666667], [16.920328666666666, 78.66228966666667], [16.920331166666664, 78.66228983333333], [16.920333833333334, 78.66229], [16.9203365, 78.66229016666666], [16.920339000000002, 78.66229016666666], [16.920341333333333, 78.66229033333335], [16.920343833333334, 78.66229033333335], [16.920346, 78.6622905], [16.920348333333333, 78.6622905], [16.920350499999998, 78.6622905], [16.920352666666666, 78.6622905], [16.92035483333333, 78.66229066666666], [16.920356666666667, 78.66229066666666], [16.920358333333336, 78.66229066666666], [16.92036016666667, 78.66229066666666], [16.920362, 78.66229066666666], [16.920363833333333, 78.66229066666666], [16.9203655, 78.66229066666666], [16.920367333333335, 78.66229066666666], [16.920368833333335, 78.66229066666666], [16.920370666666667, 78.66229066666666], [16.920372333333333, 78.66229066666666], [16.920374, 78.6622905], [16.920375999999997, 78.6622905], [16.920377666666663, 78.6622905], [16.920379333333337, 78.6622905], [16.920380833333336, 78.6622905], [16.920382500000002, 78.6622905], [16.920384000000002, 78.66229033333335], [16.920385666666668, 78.66229033333335], [16.920387166666668, 78.66229033333335], [16.9203885, 78.66229033333335], [16.920389833333335, 78.66229033333335], [16.9203915, 78.66229033333335], [16.920392833333334, 78.66229016666666], [16.920393999999998, 78.66229016666666], [16.92039533333333, 78.66229016666666], [16.9203965, 78.66229], [16.920397333333334, 78.66229], [16.920398666666664, 78.66229], [16.9203995, 78.66228983333333], [16.92040066666667, 78.66228983333333], [16.920401833333337, 78.66228983333333], [16.920402833333334, 78.66228966666667], [16.920404, 78.66228966666667], [16.920405000000002, 78.66228966666667], [16.920406166666666, 78.66228966666667], [16.9204075, 78.6622895], [16.920408833333333, 78.6622895], [16.92041, 78.6622895], [16.920411, 78.6622895], [16.920412166666665, 78.6622895], [16.920413166666666, 78.6622895], [16.9204145, 78.66228933333333], [16.920415666666667, 78.66228933333333], [16.920416833333334, 78.66228933333333], [16.920417666666665, 78.66228916666667], [16.920418333333334, 78.662289], [16.920419, 78.66228883333333], [16.920419833333334, 78.6622885], [16.920420666666665, 78.66228833333334], [16.9204215, 78.662288], [16.92042233333333, 78.66228766666667], [16.92042316666667, 78.66228733333334], [16.920424, 78.66228716666666], [16.92042466666667, 78.662287], [16.920425166666668, 78.66228683333334], [16.920425166666668, 78.66228666666666], [16.920425666666667, 78.6622865], [16.920426000000003, 78.66228633333334], [16.920426000000003, 78.66228633333334], [16.920426333333335, 78.66228616666668], [16.920426833333334, 78.662286], [16.920427, 78.66228583333333], [16.920427333333336, 78.66228566666668], [16.920427500000002, 78.66228550000001], [16.920428, 78.66228516666666], [16.92042766666667, 78.66228500000001], [16.920427333333336, 78.66228466666666], [16.920427, 78.66228433333335], [16.920426333333335, 78.662284], [16.920426000000003, 78.66228366666665], [16.920425666666667, 78.66228333333333], [16.9204255, 78.66228299999999], [16.920424833333335, 78.66228266666667], [16.920424333333337, 78.66228233333332], [16.920423666666668, 78.662282], [16.920423500000002, 78.66228166666666], [16.92042316666667, 78.6622815], [16.920422833333337, 78.66228133333334], [16.92042233333333, 78.66228116666666], [16.920421833333332, 78.66228083333334], [16.920421166666664, 78.66228066666666], [16.920420666666665, 78.6622805], [16.920420333333333, 78.66228033333333], [16.920419833333334, 78.66228016666668], [16.920419, 78.66228], [16.920418333333334, 78.66227983333333], [16.920417666666665, 78.66227966666666], [16.920417166666667, 78.66227933333333], [16.920416, 78.66227916666666], [16.920415, 78.66227883333333], [16.920414166666667, 78.66227866666667], [16.920413, 78.6622785], [16.920412333333335, 78.66227833333333], [16.9204115, 78.66227816666667], [16.9204105, 78.66227783333333], [16.920409333333335, 78.66227766666665], [16.9204085, 78.6622775], [16.920407666666666, 78.66227733333334], [16.920407, 78.66227716666667], [16.920406166666666, 78.66227699999999], [16.92040516666667, 78.66227683333334], [16.920404166666668, 78.66227666666667], [16.920403333333336, 78.6622765], [16.9204025, 78.66227633333332], [16.920401666666667, 78.66227633333332], [16.92040066666667, 78.66227616666667], [16.920399666666665, 78.662276], [16.920398666666664, 78.66227583333333], [16.920397833333332, 78.66227566666666], [16.920396999999998, 78.66227566666666], [16.920396333333333, 78.6622755], [16.920395166666665, 78.6622755], [16.920394166666664, 78.66227533333334], [16.920393333333333, 78.66227516666666], [16.9203925, 78.662275], [16.920391666666667, 78.66227466666666], [16.920390833333332, 78.6622745], [16.920389833333335, 78.66227433333333], [16.920389, 78.66227416666668], [16.920388166666665, 78.662274], [16.920387, 78.66227383333333], [16.920386166666667, 78.66227350000001], [16.920385333333336, 78.66227333333333], [16.92038416666667, 78.66227316666667], [16.920383166666667, 78.662273], [16.920382166666666, 78.66227283333333], [16.92038116666667, 78.66227266666667], [16.920380166666668, 78.66227266666667], [16.920379, 78.6622725], [16.920377833333337, 78.66227233333333], [16.920376666666666, 78.66227216666667], [16.920375666666665, 78.662272], [16.920374666666664, 78.662272], [16.920373666666666, 78.66227183333334], [16.920372166666667, 78.66227183333334], [16.920370666666667, 78.66227166666665], [16.920369333333333, 78.66227166666665], [16.920368333333332, 78.6622715], [16.9203665, 78.66227166666665], [16.920365, 78.66227166666665], [16.920363666666667, 78.66227166666665], [16.920362333333333, 78.6622715], [16.920361333333336, 78.6622715], [16.9203605, 78.66227133333334], [16.9203595, 78.66227116666667], [16.920358, 78.66227116666667], [16.920356666666667, 78.66227099999999], [16.920355166666663, 78.66227099999999], [16.920354, 78.66227083333334], [16.920353166666665, 78.66227066666667], [16.920352166666664, 78.6622705], [16.920351333333333, 78.66227033333332], [16.92035033333333, 78.66227016666667], [16.920349333333334, 78.66227], [16.920348333333333, 78.66227], [16.920347666666665, 78.66226983333333], [16.920346833333333, 78.66226966666666], [16.920346, 78.66226950000001], [16.920345, 78.66226933333334], [16.920344, 78.66226916666666], [16.920343, 78.66226916666666], [16.920342333333334, 78.662269], [16.920341666666666, 78.66226883333334], [16.920340833333334, 78.66226883333334], [16.92034, 78.66226866666666], [16.92033916666667, 78.6622685], [16.920338166666667, 78.6622685], [16.920337166666666, 78.6622685], [16.920336666666667, 78.66226833333333], [16.9203355, 78.66226833333333], [16.920334500000003, 78.66226833333333], [16.9203335, 78.66226816666668], [16.92033233333333, 78.66226816666668], [16.920331333333333, 78.66226816666668], [16.920330333333332, 78.66226816666668], [16.92032933333333, 78.66226816666668], [16.920328333333334, 78.66226816666668], [16.920327166666667, 78.662268], [16.920326333333332, 78.662268], [16.920325333333334, 78.662268], [16.920324666666666, 78.662268], [16.920323833333335, 78.662268], [16.920323, 78.662268], [16.920322166666665, 78.662268], [16.920321, 78.662268], [16.920320166666666, 78.662268], [16.920319333333335, 78.66226783333333], [16.920318333333334, 78.66226783333333], [16.920317166666667, 78.66226783333333], [16.920316166666666, 78.66226783333333], [16.920314833333336, 78.66226783333333], [16.920313833333335, 78.66226783333333], [16.920313, 78.66226783333333], [16.920312000000003, 78.66226783333333], [16.920311, 78.66226783333333], [16.92030983333333, 78.66226783333333], [16.920308833333333, 78.66226766666666], [16.9203075, 78.66226766666666], [16.920306333333333, 78.66226766666666], [16.920305166666665, 78.66226750000001], [16.920304166666664, 78.66226750000001], [16.920303, 78.66226750000001], [16.920301833333333, 78.66226733333333], [16.9203005, 78.66226733333333], [16.920299666666665, 78.66226733333333], [16.920298666666667, 78.66226716666667], [16.920297666666666, 78.66226716666667], [16.920296833333335, 78.662267], [16.920296, 78.662267], [16.920295166666666, 78.66226683333333], [16.920294333333334, 78.66226683333333], [16.920293333333333, 78.66226683333333], [16.92029266666667, 78.66226666666667], [16.920292166666666, 78.66226666666667], [16.92029116666667, 78.6622665], [16.920290166666668, 78.6622665], [16.920289, 78.6622665], [16.920288000000003, 78.66226633333333], [16.920287, 78.66226633333333], [16.92028583333333, 78.66226633333333], [16.920284833333334, 78.66226633333333], [16.9202835, 78.66226616666667], [16.920282166666667, 78.66226616666667], [16.920281, 78.66226616666667], [16.920279833333332, 78.662266], [16.920278666666665, 78.662266], [16.920277333333335, 78.662266], [16.920275833333335, 78.66226583333334], [16.920274333333335, 78.66226583333334], [16.920273, 78.66226583333334], [16.920271666666668, 78.66226566666666], [16.920270333333335, 78.66226566666666], [16.920268833333335, 78.6622655], [16.920267333333335, 78.6622655], [16.92026566666667, 78.66226533333334], [16.920264, 78.66226533333334], [16.920262666666666, 78.66226516666667], [16.920261166666666, 78.66226516666667], [16.920259833333333, 78.66226499999999], [16.920258166666667, 78.66226499999999], [16.920256666666667, 78.66226499999999], [16.920255166666667, 78.66226483333334], [16.920254, 78.66226466666667], [16.920252666666666, 78.66226466666667], [16.9202515, 78.6622645], [16.920250166666666, 78.6622645], [16.920248833333336, 78.6622645], [16.920247333333336, 78.66226433333333], [16.920246333333335, 78.66226433333333], [16.920245166666668, 78.66226416666667], [16.920244, 78.66226400000001], [16.920242833333337, 78.66226400000001], [16.920241333333333, 78.66226383333333], [16.920240166666666, 78.66226383333333], [16.920239, 78.66226366666666], [16.920237999999998, 78.66226366666666], [16.920236666666664, 78.66226350000001], [16.9202355, 78.66226350000001], [16.920234166666667, 78.66226333333334], [16.920232833333333, 78.66226316666666], [16.920231833333332, 78.662263], [16.9202305, 78.662263], [16.920229333333335, 78.66226283333334], [16.920228, 78.66226266666666], [16.920226666666668, 78.66226266666666], [16.920225333333335, 78.6622625], [16.920224166666667, 78.66226233333333], [16.920223, 78.66226233333333], [16.920221833333336, 78.66226216666668], [16.92022066666667, 78.66226216666668], [16.920219999999997, 78.66226216666668], [16.920219166666666, 78.66226216666668], [16.92021833333333, 78.66226216666668], [16.920217666666666, 78.66226216666668], [16.920217333333333, 78.66226216666668], [16.920216999999997, 78.66226233333333], [16.9202165, 78.66226233333333], [16.920216333333332, 78.6622625], [16.920215833333334, 78.66226266666666], [16.920215499999998, 78.66226283333334], [16.920214833333333, 78.662263], [16.9202145, 78.66226316666666], [16.920214166666664, 78.66226333333334], [16.920214166666664, 78.66226350000001], [16.920213999999998, 78.66226366666666], [16.920214166666664, 78.66226366666666], [16.920214333333334, 78.66226383333333], [16.9202145, 78.66226400000001], [16.920214166666664, 78.66226416666667], [16.9202145, 78.66226433333333], [16.9202145, 78.6622645], [16.920214666666666, 78.66226466666667], [16.920214833333333, 78.66226483333334], [16.92021533333333, 78.66226499999999], [16.920216166666666, 78.66226516666667], [16.920216666666665, 78.6622655], [16.920217333333333, 78.66226566666666], [16.920218, 78.66226583333334], [16.920218499999997, 78.662266], [16.920218833333333, 78.66226633333333], [16.920219499999998, 78.66226666666667], [16.920219666666664, 78.662267], [16.920219666666664, 78.66226716666667], [16.920219, 78.66226733333333], [16.92021833333333, 78.66226766666666], [16.920216999999997, 78.66226783333333], [16.920215833333334, 78.66226816666668], [16.920213666666665, 78.66226833333333], [16.920211833333333, 78.6622685], [16.9202105, 78.66226866666666], [16.920208666666667, 78.662269], [16.920207, 78.66226916666666], [16.920205666666668, 78.66226933333334], [16.920203833333336, 78.66226950000001], [16.920202500000002, 78.66226966666666], [16.920201000000002, 78.66226983333333], [16.92019966666667, 78.66226983333333], [16.9201985, 78.66227], [16.920197166666664, 78.66227], [16.920196166666663, 78.66227], [16.920194833333333, 78.66227], [16.920194, 78.66226983333333], [16.920193333333334, 78.66226983333333], [16.920192999999998, 78.66226950000001], [16.920192333333333, 78.66226933333334], [16.920192166666666, 78.662269], [16.920192, 78.6622685], [16.920192, 78.66226816666668], [16.920192166666666, 78.66226766666666], [16.9201925, 78.66226716666667], [16.920193166666664, 78.66226666666667], [16.9201935, 78.662266], [16.92019433333333, 78.66226533333334], [16.920195, 78.66226466666667], [16.920195666666665, 78.66226400000001], [16.9201965, 78.66226333333334], [16.920197499999997, 78.66226266666666], [16.9201985, 78.662262], [16.920199333333336, 78.66226133333333], [16.920200333333334, 78.66226066666667], [16.920201333333335, 78.66226], [16.920202500000002, 78.66225933333334], [16.920203833333336, 78.66225866666667], [16.920205, 78.66225800000001], [16.920206166666667, 78.6622575], [16.920207666666666, 78.66225683333333], [16.920209, 78.66225616666667], [16.9202105, 78.66225566666667], [16.920212, 78.662255], [16.9202135, 78.6622545], [16.92021533333333, 78.66225383333334], [16.920217166666664, 78.66225316666667], [16.920219, 78.66225266666667], [16.92022066666667, 78.66225200000001], [16.9202225, 78.6622515], [16.920224333333334, 78.662251], [16.920226500000002, 78.66225066666667], [16.9202285, 78.66225033333333], [16.920230166666666, 78.66225], [16.9202315, 78.66224966666667], [16.920233, 78.6622495], [16.920234666666666, 78.66224933333334], [16.920236166666665, 78.66224916666667], [16.920238166666664, 78.662249], [16.920240333333332, 78.66224883333332], [16.92024316666667, 78.66224866666667], [16.920245833333336, 78.6622485], [16.920249166666668, 78.66224833333334], [16.9202525, 78.66224816666666], [16.920256166666665, 78.66224816666666], [16.92026033333333, 78.662248], [16.92026483333333, 78.66224783333334], [16.9202695, 78.66224783333334], [16.9202745, 78.66224766666666], [16.920279833333332, 78.66224749999999], [16.920285666666665, 78.66224749999999], [16.920291833333334, 78.66224733333334], [16.920298166666665, 78.66224733333334], [16.920304833333333, 78.662247], [16.920312000000003, 78.66224683333333], [16.920319333333335, 78.66224650000001], [16.920327166666667, 78.66224633333333], [16.92033466666667, 78.66224616666666], [16.9203425, 78.66224583333333], [16.920350499999998, 78.66224566666666], [16.920358500000003, 78.6622455], [16.920366333333334, 78.66224533333335], [16.92037433333333, 78.66224516666666], [16.920382333333336, 78.662245], [16.9203905, 78.66224466666667], [16.920398666666664, 78.6622445], [16.920407, 78.66224433333333], [16.920415333333334, 78.66224416666667], [16.920423666666668, 78.66224383333333], [16.920432166666668, 78.66224366666667], [16.920440666666664, 78.6622435], [16.920449166666668, 78.66224316666667], [16.920458, 78.662243], [16.920466666666666, 78.66224266666667], [16.920475333333332, 78.66224233333334], [16.92048433333333, 78.66224216666666], [16.920493166666667, 78.66224183333334], [16.920502166666665, 78.6622415], [16.92051133333333, 78.66224116666667], [16.92052066666667, 78.66224083333333], [16.920530166666666, 78.66224050000001], [16.920539666666667, 78.66224016666666], [16.920549666666666, 78.66223983333333], [16.92055966666667, 78.6622395], [16.920569666666665, 78.66223916666667], [16.920579666666665, 78.66223866666665], [16.920590166666667, 78.66223833333333], [16.9206005, 78.66223799999999], [16.920611, 78.6622375], [16.920621666666666, 78.66223716666667], [16.920632333333334, 78.66223683333332], [16.920643166666665, 78.66223633333334], [16.920653833333333, 78.662236], [16.9206645, 78.66223566666666], [16.920675333333335, 78.66223516666668], [16.920686333333332, 78.66223466666666], [16.920697166666667, 78.66223433333333], [16.920708166666667, 78.66223383333333], [16.920719000000002, 78.66223333333333], [16.92073, 78.66223283333333], [16.920740833333333, 78.6622325], [16.920751833333334, 78.66223199999999], [16.92076266666667, 78.66223166666667], [16.920773666666665, 78.66223116666667], [16.92078466666667, 78.66223066666666], [16.920796, 78.66223033333334], [16.920806833333334, 78.66222983333334], [16.920817666666668, 78.66222933333333], [16.92082866666667, 78.662229], [16.920839666666666, 78.66222850000001], [16.92085066666667, 78.662228], [16.920861666666667, 78.66222766666667], [16.920872666666664, 78.66222716666667], [16.920883833333335, 78.66222666666665], [16.92089483333333, 78.66222616666667], [16.9209055, 78.66222583333334], [16.92091633333333, 78.66222533333332], [16.92092716666667, 78.66222483333333], [16.920938, 78.66222450000001], [16.920949, 78.662224], [16.920959666666665, 78.66222366666666], [16.920970666666665, 78.66222316666668], [16.9209815, 78.66222266666666], [16.9209925, 78.66222216666667], [16.921003499999998, 78.66222166666667], [16.921014333333336, 78.66222133333333], [16.921025166666666, 78.66222066666666], [16.921036166666667, 78.66222016666667], [16.921047166666664, 78.66221966666667], [16.921058333333335, 78.66221916666667], [16.921069, 78.66221866666666], [16.921079833333334, 78.66221816666666], [16.921090833333334, 78.66221766666666], [16.92110166666667, 78.66221716666668], [16.921112333333333, 78.66221666666667], [16.921123, 78.66221616666667], [16.921133833333332, 78.66221566666667], [16.921144666666667, 78.66221516666666], [16.921155333333335, 78.66221466666666], [16.921166000000003, 78.66221416666667], [16.921176833333334, 78.66221366666667], [16.9211875, 78.66221300000001], [16.921198333333333, 78.6622125], [16.921209166666664, 78.66221183333333], [16.921220166666668, 78.66221133333333], [16.921231, 78.66221066666667], [16.921242, 78.66221016666667], [16.921253, 78.6622095], [16.921263833333335, 78.66220883333334], [16.92127483333333, 78.66220833333334], [16.921285666666666, 78.66220766666667], [16.9212965, 78.66220700000001], [16.9213075, 78.6622065], [16.921318333333332, 78.66220583333333], [16.921329333333333, 78.66220516666667], [16.921340166666667, 78.66220466666667], [16.921351166666668, 78.662204], [16.921362, 78.66220333333334], [16.921373000000003, 78.66220266666666], [16.921384, 78.66220216666667], [16.921394833333334, 78.66220150000001], [16.921405666666665, 78.66220083333333], [16.921416500000003, 78.66220016666666], [16.921427333333334, 78.6621995], [16.921438333333334, 78.66219883333333], [16.921449166666665, 78.66219816666667], [16.921459833333333, 78.6621975], [16.921470666666668, 78.66219683333334], [16.921481333333336, 78.662196], [16.921492, 78.66219533333333], [16.92150283333333, 78.66219466666666], [16.9215135, 78.662194], [16.921524166666664, 78.66219333333333], [16.921534833333332, 78.66219266666667], [16.921545666666667, 78.662192], [16.92155616666667, 78.66219116666666], [16.921566833333333, 78.6621905], [16.92157716666667, 78.66218983333333], [16.921587833333334, 78.662189], [16.921598333333336, 78.66218833333333], [16.921608666666668, 78.6621875], [16.921619, 78.66218683333334], [16.921629333333332, 78.662186], [16.921639666666668, 78.66218533333334], [16.921649833333333, 78.6621845], [16.921660166666666, 78.66218383333333], [16.921670666666667, 78.662183], [16.921680833333333, 78.66218233333333], [16.921691333333335, 78.6621815], [16.921701499999998, 78.66218083333334], [16.921711666666667, 78.66218], [16.921721833333333, 78.66217916666666], [16.921732000000002, 78.66217833333333], [16.921741833333332, 78.66217766666666], [16.921752, 78.66217683333333], [16.921762166666667, 78.662176], [16.921772166666663, 78.66217533333334], [16.921782166666667, 78.6621745], [16.921792333333332, 78.66217366666666], [16.921802333333336, 78.662173], [16.92181233333333, 78.66217216666668], [16.921822333333335, 78.66217133333333], [16.921832333333334, 78.6621705], [16.921842333333334, 78.66216966666666], [16.9218525, 78.66216883333333], [16.921862166666664, 78.66216800000001], [16.921872166666667, 78.66216716666666], [16.921882166666666, 78.66216633333333], [16.921891833333333, 78.6621655], [16.9219015, 78.66216466666667], [16.921911333333334, 78.66216383333334], [16.921920833333335, 78.66216299999999], [16.921930333333332, 78.66216216666666], [16.92194, 78.66216133333334], [16.9219495, 78.6621605], [16.921958833333335, 78.66215966666667], [16.921968333333332, 78.66215883333332], [16.921978000000003, 78.66215783333334], [16.921987333333334, 78.662157], [16.92199683333333, 78.66215616666666], [16.922006166666666, 78.66215533333335], [16.9220155, 78.6621545], [16.922024833333335, 78.66215366666667], [16.922034166666666, 78.66215283333332], [16.922043499999997, 78.662152], [16.922052666666666, 78.662151], [16.922062, 78.66215016666666], [16.92207116666667, 78.66214933333335], [16.922080333333334, 78.6621485], [16.922089500000002, 78.66214766666667], [16.922098666666667, 78.66214666666666], [16.922107999999998, 78.66214583333334], [16.922117166666666, 78.66214483333333], [16.9221265, 78.66214383333333], [16.92213566666667, 78.662143], [16.922144666666668, 78.66214199999999], [16.9221535, 78.662141], [16.922162500000002, 78.66214016666666], [16.9221715, 78.66213916666668], [16.922180333333333, 78.66213816666667], [16.922189166666666, 78.66213733333333], [16.922197999999998, 78.66213633333334], [16.9222065, 78.66213533333332], [16.922215, 78.66213433333334], [16.922223666666664, 78.66213333333333], [16.922232166666667, 78.66213233333333], [16.922240666666667, 78.66213133333333], [16.922249166666667, 78.66213033333334], [16.9222575, 78.66212933333333], [16.92226583333333, 78.66212816666666], [16.922274333333334, 78.66212716666668], [16.922282666666668, 78.66212616666667], [16.92229083333333, 78.662125], [16.922299, 78.66212399999999], [16.922307333333332, 78.66212300000001], [16.9223155, 78.66212183333333], [16.922323666666667, 78.66212083333333], [16.922331999999997, 78.66211966666667], [16.922340333333334, 78.66211866666666], [16.9223485, 78.66211750000001], [16.922356666666666, 78.66211633333334], [16.922364833333333, 78.66211516666667], [16.922373, 78.662114], [16.922381166666664, 78.66211283333334], [16.9223895, 78.66211166666668], [16.9223975, 78.6621105], [16.92240566666667, 78.66210933333333], [16.922413833333334, 78.66210816666667], [16.922421999999997, 78.662107], [16.92243016666667, 78.66210583333333], [16.922438333333332, 78.6621045], [16.922446333333333, 78.66210333333333], [16.922454333333334, 78.66210216666667], [16.922462666666668, 78.66210083333334], [16.922470833333332, 78.66209966666666], [16.922478666666667, 78.66209833333333], [16.922486666666668, 78.66209716666667], [16.92249466666667, 78.66209583333332], [16.922502833333333, 78.66209466666666], [16.922510666666668, 78.66209333333333], [16.92251866666667, 78.662092], [16.9225265, 78.66209083333334], [16.92253433333333, 78.66208950000001], [16.922542333333336, 78.66208816666668], [16.92255, 78.662087], [16.922557833333332, 78.66208566666666], [16.9225655, 78.66208433333333], [16.922573166666666, 78.662083], [16.922580999999997, 78.66208166666667], [16.9225885, 78.66208033333334], [16.922596333333335, 78.66207899999999], [16.922604166666666, 78.66207766666666], [16.922611833333335, 78.66207633333333], [16.9226195, 78.662075], [16.922627, 78.66207366666666], [16.9226345, 78.66207233333333], [16.922642166666666, 78.662071], [16.9226495, 78.66206966666667], [16.922657333333333, 78.66206816666666], [16.922664666666666, 78.66206683333333], [16.92267233333333, 78.6620655], [16.922679666666667, 78.66206416666667], [16.922687333333332, 78.66206283333332], [16.92269483333333, 78.66206133333334], [16.922702, 78.66206000000001], [16.922709666666666, 78.66205866666665], [16.922716833333332, 78.66205733333332], [16.922724333333335, 78.66205583333334], [16.922731666666667, 78.66205450000001], [16.922739, 78.66205316666667], [16.922746166666666, 78.66205166666667], [16.9227535, 78.66205033333334], [16.922760666666665, 78.66204883333333], [16.922768, 78.6620475], [16.922775166666668, 78.66204599999999], [16.922782333333334, 78.66204450000001], [16.9227895, 78.66204316666668], [16.922796666666667, 78.66204166666667], [16.922803833333333, 78.66204016666667], [16.922810666666667, 78.66203883333333], [16.922817833333333, 78.66203733333333], [16.922824833333333, 78.66203583333332], [16.922832000000003, 78.66203449999999], [16.922839, 78.66203300000001], [16.922846, 78.6620315], [16.922853166666666, 78.66203], [16.922860166666666, 78.66202849999999], [16.922867166666666, 78.66202700000001], [16.922874, 78.6620255], [16.922881, 78.662024], [16.922888, 78.66202249999999], [16.922894666666664, 78.66202100000001], [16.922901500000002, 78.6620195], [16.922908333333332, 78.662018], [16.922915333333332, 78.6620165], [16.92292183333333, 78.66201500000001], [16.922928666666667, 78.6620135], [16.9229355, 78.662012], [16.922942, 78.6620105], [16.922948666666667, 78.66200883333333], [16.922955166666668, 78.66200733333334], [16.922961666666666, 78.66200583333332], [16.922968333333333, 78.66200433333333], [16.922975, 78.66200266666667], [16.922981166666666, 78.66200116666667], [16.922987666666664, 78.66199966666666], [16.922994000000003, 78.66199816666668], [16.923000666666667, 78.6619965], [16.923007, 78.66199499999999], [16.923013333333333, 78.66199333333334], [16.923019833333335, 78.66199183333333], [16.9230265, 78.66199033333334], [16.92303283333333, 78.66198866666667], [16.92303916666667, 78.66198716666666], [16.923045666666667, 78.6619855], [16.923051833333332, 78.661984], [16.923058, 78.66198233333333], [16.923064, 78.66198083333333], [16.92307033333333, 78.66197916666667], [16.92307633333333, 78.66197749999999], [16.9230825, 78.66197583333333], [16.9230885, 78.66197433333333], [16.92309433333333, 78.66197266666667], [16.923099999999998, 78.661971], [16.923105666666668, 78.66196933333335], [16.92311116666667, 78.6619675], [16.923116333333333, 78.66196583333334], [16.923121666666667, 78.661964], [16.923127, 78.66196233333334], [16.923132333333335, 78.66196066666666], [16.923137333333333, 78.66195883333333], [16.923142499999997, 78.66195716666667], [16.923147500000002, 78.66195516666667], [16.923152333333334, 78.66195333333333], [16.923157333333332, 78.66195166666667], [16.923162333333334, 78.66194983333334], [16.923167, 78.66194816666666], [16.923171833333335, 78.66194633333333], [16.923176666666667, 78.66194466666667], [16.9231815, 78.66194283333333], [16.923186166666667, 78.661941], [16.923190833333333, 78.66193933333334], [16.92319566666667, 78.66193750000001], [16.923200333333334, 78.66193583333333], [16.923204833333333, 78.661934], [16.9232095, 78.66193233333334], [16.923214166666664, 78.6619305], [16.923218666666667, 78.66192883333333], [16.923223166666666, 78.661927], [16.923227666666666, 78.66192533333333], [16.923231833333332, 78.6619235], [16.92323633333333, 78.66192183333332], [16.923240333333336, 78.66192], [16.9232445, 78.66191816666667], [16.9232485, 78.66191633333332], [16.923252333333334, 78.6619145], [16.923256166666665, 78.66191283333333], [16.92326016666667, 78.66191099999999], [16.923263666666667, 78.66190916666666], [16.923267333333335, 78.66190750000001], [16.923271, 78.66190566666667], [16.923274499999998, 78.66190383333333], [16.923278166666666, 78.661902], [16.923281499999998, 78.66190016666665], [16.923285, 78.66189833333333], [16.92328816666667, 78.66189666666668], [16.9232915, 78.66189466666667], [16.9232945, 78.66189283333333], [16.923297833333333, 78.661891], [16.923300833333332, 78.66188916666667], [16.923303833333332, 78.66188733333334], [16.923307, 78.6618855], [16.923310166666667, 78.66188366666667], [16.923313, 78.66188183333334], [16.923315666666667, 78.66188000000001], [16.923318333333334, 78.66187799999999], [16.923321166666664, 78.66187616666666], [16.92332383333333, 78.66187416666666], [16.923326333333332, 78.66187233333333], [16.923328833333336, 78.66187033333334], [16.923331166666667, 78.66186850000001], [16.923333500000002, 78.6618665], [16.923335666666667, 78.66186450000001], [16.923337833333335, 78.66186266666666], [16.923340166666666, 78.66186066666667], [16.923341999999998, 78.66185883333333], [16.923344, 78.66185683333333], [16.923345833333332, 78.66185483333334], [16.923347666666665, 78.66185283333333], [16.923349166666664, 78.66185083333333], [16.923350666666668, 78.661849], [16.923352, 78.66184683333333], [16.92335316666667, 78.66184483333333], [16.923354333333336, 78.66184283333334], [16.923355166666667, 78.66184100000001], [16.923356166666668, 78.661839], [16.923357, 78.661837], [16.923357666666668, 78.66183500000001], [16.923358333333333, 78.66183299999999], [16.923359, 78.66183099999999], [16.9233595, 78.661829], [16.92336, 78.66182716666667], [16.923360333333335, 78.66182516666666], [16.923360833333334, 78.66182316666666], [16.923360833333334, 78.66182133333334], [16.923360666666667, 78.66181950000001], [16.9233605, 78.66181750000001], [16.923360333333335, 78.66181566666667], [16.92336, 78.66181383333333], [16.9233595, 78.66181183333333], [16.923359166666668, 78.66180983333334], [16.9233585, 78.66180783333333], [16.923357833333334, 78.66180583333333], [16.923357166666666, 78.66180383333334], [16.9233565, 78.66180216666666], [16.9233555, 78.6618005], [16.923354333333336, 78.661799], [16.92335316666667, 78.66179749999999], [16.92335166666667, 78.66179616666666], [16.923350000000003, 78.661795], [16.9233485, 78.66179383333333], [16.923347, 78.66179266666667], [16.923345666666666, 78.66179149999999], [16.923344166666666, 78.66179050000001], [16.923343166666665, 78.6617895], [16.923341666666666, 78.66178833333333], [16.923340333333332, 78.66178733333332], [16.923339333333335, 78.6617865], [16.923338, 78.6617855], [16.923336833333334, 78.66178466666666], [16.9233355, 78.66178383333333], [16.923334333333333, 78.661783], [16.923333, 78.66178216666667], [16.9233315, 78.66178133333332], [16.923330333333336, 78.6617805], [16.92332916666667, 78.66177983333334], [16.92332766666667, 78.66177916666668], [16.923326499999998, 78.66177850000001], [16.92332533333333, 78.66177783333333], [16.923323999999997, 78.66177716666667], [16.923323, 78.6617765], [16.9233215, 78.66177583333334], [16.923320166666667, 78.66177533333332], [16.923319166666666, 78.66177466666666], [16.9233175, 78.66177416666666], [16.923316166666666, 78.6617735], [16.923314666666666, 78.661773], [16.923313166666667, 78.66177250000001], [16.9233115, 78.661772], [16.92331, 78.6617715], [16.9233085, 78.661771], [16.92330666666667, 78.66177066666667], [16.92330516666667, 78.66177016666667], [16.923303666666666, 78.66176966666667], [16.923302166666666, 78.66176916666667], [16.923300333333334, 78.66176866666666], [16.923298499999998, 78.66176833333334], [16.923296999999998, 78.66176783333334], [16.923295333333332, 78.66176733333333], [16.923293666666666, 78.661767], [16.923292, 78.66176650000001], [16.923290833333333, 78.661766], [16.923289166666667, 78.66176566666667], [16.923287666666667, 78.66176516666665], [16.923286166666667, 78.66176466666667], [16.9232845, 78.66176433333334], [16.923283166666668, 78.66176383333332], [16.923281666666664, 78.6617635], [16.923280166666665, 78.66176300000001], [16.923278666666665, 78.6617625], [16.92327733333333, 78.66176216666666], [16.92327583333333, 78.66176183333333], [16.92327433333333, 78.66176133333333], [16.923273, 78.661761], [16.92327166666667, 78.66176066666667], [16.9232705, 78.66176033333333], [16.923268833333335, 78.66176], [16.9232675, 78.66175966666667], [16.923266, 78.66175933333334], [16.923264500000002, 78.661759], [16.92326316666667, 78.66175866666667], [16.923261833333335, 78.66175833333334], [16.923260333333335, 78.66175816666667], [16.923259166666664, 78.66175783333333], [16.923257666666665, 78.66175766666667], [16.923256, 78.66175733333333], [16.9232545, 78.66175716666666], [16.923253166666665, 78.66175683333333], [16.923251666666665, 78.66175666666666], [16.92325, 78.66175633333334], [16.923248666666666, 78.66175616666666], [16.923247333333332, 78.66175583333333], [16.923245666666666, 78.66175566666668], [16.923244333333333, 78.6617555], [16.923243, 78.66175533333333], [16.9232415, 78.661755], [16.923240333333336, 78.66175483333333], [16.923239000000002, 78.66175466666667], [16.923237500000003, 78.6617545], [16.92323633333333, 78.66175416666667], [16.923235, 78.661754], [16.923233999999997, 78.66175383333332], [16.923233, 78.66175366666667], [16.923232166666665, 78.6617535], [16.923230999999998, 78.66175333333334], [16.923230333333333, 78.661753], [16.923229166666665, 78.66175283333334], [16.923228333333334, 78.66175266666667], [16.9232275, 78.66175233333334], [16.923226666666668, 78.66175216666667], [16.923225666666667, 78.66175199999999], [16.923224666666666, 78.66175183333333], [16.923223333333333, 78.66175166666667], [16.923222, 78.66175133333333], [16.9232205, 78.66175116666666], [16.923219, 78.66175100000001], [16.9232175, 78.66175083333333], [16.923216, 78.66175066666666], [16.92321466666667, 78.6617505], [16.923213166666667, 78.66175033333334], [16.923211499999997, 78.66175016666666], [16.92320983333333, 78.66175], [16.923208166666665, 78.66174983333333], [16.923206166666667, 78.66174966666668], [16.9232045, 78.6617495], [16.923202833333335, 78.66174933333333], [16.923201333333335, 78.66174916666667], [16.9231995, 78.661749], [16.923198, 78.66174883333333], [16.9231965, 78.66174866666667], [16.923194833333334, 78.6617485], [16.923193, 78.6617485], [16.923191499999998, 78.66174833333334], [16.923189833333332, 78.66174816666667], [16.9231885, 78.661748], [16.923186833333332, 78.66174783333332], [16.923185166666666, 78.66174766666667], [16.923183833333333, 78.66174766666667], [16.9231825, 78.6617475], [16.923180833333333, 78.66174733333334], [16.9231795, 78.66174716666666], [16.923178333333333, 78.66174716666666], [16.92317716666667, 78.661747], [16.923175833333335, 78.66174683333334], [16.923174666666668, 78.66174683333334], [16.9231735, 78.66174666666667], [16.923172166666667, 78.66174666666667], [16.923171333333336, 78.66174649999999], [16.92317016666667, 78.66174649999999], [16.92316933333333, 78.66174633333334], [16.923168166666667, 78.66174633333334], [16.923167166666666, 78.66174633333334], [16.923165666666666, 78.66174633333334], [16.923164333333332, 78.66174633333334], [16.923162333333334, 78.66174649999999], [16.92316, 78.661747], [16.923156333333335, 78.66174733333334], [16.923152666666667, 78.66174766666667], [16.923148833333336, 78.66174816666667], [16.923145499999997, 78.66174883333333], [16.923143333333332, 78.66174983333333], [16.923142666666667, 78.66175083333333], [16.923141333333334, 78.66175166666667], [16.923140999999998, 78.66175249999999], [16.923141833333332, 78.6617535], [16.923141333333334, 78.66175433333333], [16.923140999999998, 78.661755], [16.923141166666667, 78.66175566666668], [16.923142499999997, 78.66175633333334], [16.923143166666666, 78.66175683333333], [16.923144333333333, 78.66175750000001], [16.923146166666665, 78.66175799999999], [16.923147833333335, 78.66175833333334], [16.92314916666667, 78.66175866666667], [16.923150500000002, 78.66175866666667], [16.923151833333336, 78.66175866666667], [16.9231535, 78.66175866666667], [16.9231545, 78.66175849999999], [16.9231555, 78.66175849999999], [16.9231565, 78.66175866666667], [16.923157333333332, 78.66175866666667], [16.9231575, 78.66175866666667], [16.923158166666667, 78.66175883333334], [16.9231585, 78.66175883333334], [16.923159166666668, 78.66175883333334], [16.923159333333334, 78.66175883333334], [16.9231595, 78.66175883333334], [16.923159666666667, 78.66175883333334], [16.923159666666667, 78.66175883333334], [16.923159666666667, 78.66175883333334], [16.923159833333333, 78.66175883333334], [16.923159833333333, 78.66175883333334], [16.923159666666667, 78.66175883333334], [16.923159333333334, 78.66175866666667], [16.9231595, 78.66175866666667], [16.923158833333332, 78.66175849999999], [16.9231585, 78.66175849999999], [16.923158, 78.66175833333334], [16.92315766666667, 78.66175833333334], [16.92315766666667, 78.66175816666667], [16.923158166666667, 78.66175833333334], [16.923159166666668, 78.66175833333334], [16.923160333333332, 78.66175849999999], [16.923161333333333, 78.66175849999999], [16.923162833333333, 78.66175866666667], [16.923164333333332, 78.66175866666667], [16.923165666666666, 78.66175883333334], [16.923167166666666, 78.661759], [16.92316883333333, 78.66175916666666], [16.9231705, 78.66175916666666], [16.923172166666667, 78.66175933333334], [16.923174, 78.6617595], [16.92317566666667, 78.66175966666667], [16.9231775, 78.66175983333332], [16.923179333333334, 78.66176], [16.923181, 78.66176016666667], [16.923182833333332, 78.66176016666667], [16.923184833333334, 78.6617605], [16.923186666666666, 78.66176066666667], [16.923188666666665, 78.66176083333333], [16.923190499999997, 78.661761], [16.923192333333336, 78.66176116666666], [16.923194000000002, 78.6617615], [16.923195500000002, 78.66176166666668], [16.923197333333334, 78.66176183333333], [16.923198833333334, 78.661762], [16.923200333333334, 78.66176216666666], [16.9232015, 78.66176233333334], [16.923203, 78.66176266666666], [16.923204666666667, 78.66176283333333], [16.923206, 78.66176300000001], [16.923207166666668, 78.66176316666666], [16.923208499999998, 78.66176333333333], [16.92320983333333, 78.6617635], [16.923211, 78.66176366666667], [16.923212166666666, 78.66176383333332], [16.923213333333333, 78.66176399999999], [16.923214499999997, 78.66176416666667], [16.9232155, 78.66176449999999], [16.92321666666667, 78.66176466666667], [16.92321766666667, 78.66176483333334], [16.923218833333333, 78.661765], [16.92322, 78.66176516666665], [16.923221, 78.66176533333334], [16.923222, 78.6617655], [16.923222833333334, 78.66176566666667], [16.92322366666667, 78.66176583333332], [16.923224666666666, 78.661766], [16.923225333333335, 78.66176616666667], [16.923226166666666, 78.66176633333333], [16.923227, 78.66176633333333], [16.923227999999998, 78.66176666666667], [16.923229499999998, 78.66176683333333], [16.923231166666667, 78.661767], [16.923233333333332, 78.66176716666668], [16.923235499999997, 78.6617675], [16.923238, 78.66176783333334], [16.923240833333335, 78.66176816666666], [16.923243833333334, 78.66176850000001], [16.923247, 78.66176883333333], [16.923250499999998, 78.66176916666667], [16.923254166666666, 78.6617695], [16.92325783333333, 78.66176983333334], [16.923261500000002, 78.66177016666667], [16.923265166666667, 78.6617705], [16.9232685, 78.66177083333334], [16.92327166666667, 78.66177116666667], [16.923274833333334, 78.6617715], [16.923277833333334, 78.66177183333333], [16.923280499999997, 78.66177216666667], [16.9232835, 78.66177233333333], [16.923286166666667, 78.66177266666666], [16.923288666666668, 78.661773], [16.92329116666667, 78.66177316666668], [16.9232935, 78.6617735], [16.923296, 78.66177366666668], [16.923298166666665, 78.661774], [16.923300333333334, 78.66177416666666], [16.9233025, 78.6617745], [16.92330433333333, 78.66177466666666], [16.923306333333336, 78.661775], [16.923308333333335, 78.66177516666667], [16.923310166666667, 78.6617755], [16.923311833333333, 78.66177566666667], [16.9233135, 78.66177599999999], [16.923315, 78.66177616666667], [16.923317, 78.66177633333334], [16.923318666666667, 78.66177666666667], [16.923320166666667, 78.66177683333333], [16.923321666666666, 78.661777], [16.923323166666666, 78.66177733333333], [16.9233245, 78.6617775], [16.923325833333333, 78.66177766666667], [16.923327500000003, 78.661778], [16.923328833333336, 78.66177816666666], [16.92333, 78.66177833333333], [16.923331333333334, 78.66177850000001], [16.923332666666667, 78.66177866666666], [16.923333833333334, 78.66177883333333], [16.923334833333335, 78.66177916666668], [16.923336, 78.66177933333333], [16.923337333333333, 78.6617795], [16.923338, 78.66177966666667], [16.923338833333332, 78.66178], [16.923340333333332, 78.66178016666666], [16.923341166666667, 78.66178033333334], [16.923341833333332, 78.6617805], [16.923343, 78.66178066666666], [16.923344166666666, 78.66178083333332], [16.923344666666665, 78.661781], [16.923345333333334, 78.66178133333332], [16.92334633333333, 78.6617815], [16.923346833333333, 78.66178166666667], [16.9233475, 78.66178183333334], [16.923348333333333, 78.66178199999999], [16.923349166666664, 78.66178216666667], [16.923349833333337, 78.66178233333333], [16.923350333333335, 78.6617825], [16.923350833333334, 78.66178266666667], [16.923351500000003, 78.66178283333333], [16.923352, 78.66178316666667], [16.923352666666666, 78.66178333333333], [16.92335316666667, 78.6617835], [16.9233535, 78.66178366666666], [16.923354, 78.66178383333333], [16.923354333333336, 78.66178383333333], [16.923355166666667, 78.66178416666666], [16.923355333333333, 78.66178433333333], [16.923355666666666, 78.66178450000001], [16.923356333333334, 78.66178466666666], [16.923356666666667, 78.66178483333333], [16.923357166666666, 78.661785], [16.9233575, 78.66178516666668], [16.923357833333334, 78.66178533333333], [16.923358166666667, 78.66178566666667], [16.923358666666665, 78.66178583333334], [16.923359, 78.66178599999999], [16.9233595, 78.66178616666666], [16.923359666666666, 78.66178633333334], [16.923360333333335, 78.6617865], [16.923360666666667, 78.66178683333332], [16.923360833333334, 78.661787], [16.923361166666666, 78.66178716666667], [16.923361666666665, 78.66178733333332], [16.923362, 78.6617875], [16.923362333333333, 78.66178783333334], [16.923363, 78.66178799999999], [16.923363333333334, 78.66178816666667], [16.923363666666667, 78.66178833333333], [16.923364, 78.6617885], [16.923364499999998, 78.66178866666668], [16.923364833333334, 78.66178883333333], [16.923365166666667, 78.66178916666667], [16.923365666666665, 78.66178933333335], [16.923366166666664, 78.6617895], [16.9233665, 78.66178966666666], [16.923367, 78.66179000000001], [16.923367499999998, 78.66179016666666], [16.923367833333334, 78.66179050000001], [16.923368166666666, 78.66179066666668], [16.923368666666665, 78.66179083333333], [16.923368999999997, 78.66179116666667], [16.9233695, 78.66179133333334], [16.923369833333332, 78.66179149999999], [16.92337033333333, 78.66179183333334], [16.923370666666663, 78.661792], [16.923371, 78.66179233333334], [16.923371333333332, 78.6617925], [16.923371666666664, 78.66179283333332], [16.923372166666663, 78.661793], [16.923372333333337, 78.66179316666667], [16.923372833333335, 78.66179333333334], [16.923373166666668, 78.66179366666667], [16.9233735, 78.66179383333333], [16.923373833333336, 78.661794], [16.923374333333335, 78.66179433333333], [16.9233745, 78.6617945], [16.923374833333334, 78.66179466666668], [16.923375, 78.661795], [16.923375500000002, 78.66179516666666], [16.92337566666667, 78.66179533333334], [16.923376, 78.6617955], [16.923376333333334, 78.66179566666666], [16.9233765, 78.66179583333333], [16.923376666666666, 78.66179616666666], [16.923377000000002, 78.66179633333333], [16.923377333333335, 78.66179650000001], [16.9233775, 78.66179666666667], [16.923377833333333, 78.66179683333333], [16.923378, 78.66179699999999], [16.923378166666666, 78.66179716666667], [16.923378333333336, 78.66179733333334], [16.923378500000002, 78.66179749999999], [16.923378666666668, 78.66179766666667], [16.923378833333334, 78.66179783333334], [16.923378833333334, 78.661798], [16.923379166666667, 78.66179816666666], [16.923379333333333, 78.66179833333334], [16.9233795, 78.6617985], [16.923379666666666, 78.66179866666667], [16.923379666666666, 78.66179883333332], [16.923379833333335, 78.66179883333332], [16.923379833333335, 78.661799], [16.923380166666668, 78.66179916666667], [16.923380333333334, 78.66179933333333], [16.923380333333334, 78.6617995], [16.923380666666667, 78.66179966666667], [16.923380666666667, 78.66179983333333], [16.923380666666667, 78.6618], [16.923380833333333, 78.66180016666667], [16.923381, 78.66180033333333], [16.923381166666665, 78.6618005], [16.923381333333335, 78.6618005], [16.9233815, 78.66180066666668], [16.923381666666668, 78.66180083333333], [16.923381666666668, 78.661801], [16.923381833333334, 78.66180116666666], [16.923382, 78.66180116666666], [16.923382, 78.66180133333334], [16.923382166666666, 78.6618015], [16.923382166666666, 78.66180166666666], [16.923382333333333, 78.66180166666666], [16.923382333333333, 78.66180183333333], [16.9233825, 78.66180200000001], [16.9233825, 78.66180200000001], [16.9233825, 78.66180216666666], [16.9233825, 78.66180233333333], [16.9233825, 78.66180233333333], [16.9233825, 78.66180250000001], [16.9233825, 78.66180250000001], [16.923382833333335, 78.66180266666667], [16.923382833333335, 78.66180283333333], [16.923383, 78.66180283333333], [16.923382833333335, 78.66180299999999], [16.923383, 78.66180316666667], [16.923383166666667, 78.66180316666667], [16.923383333333334, 78.66180316666667], [16.923383333333334, 78.66180333333334], [16.9233835, 78.66180349999999], [16.923383333333334, 78.66180349999999], [16.923383666666666, 78.66180366666667], [16.923384, 78.66180366666667], [16.923384333333335, 78.66180383333334], [16.923384333333335, 78.66180383333334], [16.923384166666665, 78.66180383333334], [16.923384166666665, 78.661804], [16.923384166666665, 78.661804], [16.923384166666665, 78.661804], [16.923384166666665, 78.661804], [16.923384, 78.661804], [16.923383833333332, 78.661804], [16.923383666666666, 78.66180416666666], [16.9233835, 78.66180416666666], [16.923383333333334, 78.66180416666666], [16.923383333333334, 78.66180416666666], [16.923383, 78.66180416666666], [16.923382666666665, 78.66180433333334], [16.923382666666665, 78.66180433333334], [16.9233825, 78.66180433333334], [16.923382333333333, 78.66180433333334], [16.923382166666666, 78.6618045], [16.923382, 78.6618045], [16.923381833333334, 78.6618045], [16.9233815, 78.66180466666667], [16.923381333333335, 78.66180466666667], [16.923381333333335, 78.66180466666667], [16.923381166666665, 78.66180466666667], [16.923381, 78.66180483333332], [16.9233805, 78.66180483333332], [16.923380333333334, 78.661805], [16.92338, 78.661805], [16.923379833333335, 78.661805], [16.923379333333333, 78.66180516666667], [16.923379166666667, 78.66180516666667], [16.923378833333334, 78.66180533333333], [16.923378500000002, 78.66180533333333], [16.923378166666666, 78.66180533333333], [16.923378, 78.6618055], [16.923377666666667, 78.6618055], [16.923377333333335, 78.66180566666667], [16.923377000000002, 78.66180566666667], [16.923376666666666, 78.66180566666667], [16.923376333333334, 78.66180583333333], [16.923376, 78.66180583333333], [16.923375500000002, 78.661806], [16.923375166666666, 78.661806], [16.923374833333334, 78.66180616666666], [16.9233745, 78.66180616666666], [16.92337416666667, 78.66180633333333], [16.923373833333336, 78.66180633333333], [16.923373666666667, 78.6618065], [16.923373166666668, 78.6618065], [16.923373, 78.66180666666668], [16.92337266666667, 78.66180666666668], [16.923372500000003, 78.66180683333333], [16.923372166666663, 78.66180683333333], [16.92337183333333, 78.661807], [16.9233715, 78.66180716666666], [16.923371166666666, 78.66180716666666], [16.923371, 78.66180716666666], [16.923370666666663, 78.66180733333334], [16.92337033333333, 78.6618075], [16.92337, 78.6618075], [16.923369666666666, 78.66180766666666], [16.9233695, 78.66180766666666], [16.923369333333333, 78.66180783333333], [16.923368999999997, 78.66180783333333], [16.9233685, 78.66180800000001], [16.923368333333332, 78.66180800000001], [16.923368, 78.66180816666666], [16.923367666666664, 78.66180816666666], [16.923367499999998, 78.66180833333333], [16.92336733333333, 78.66180833333333], [16.92336733333333, 78.66180833333333], [16.923367499999998, 78.66180833333333], [16.923367666666664, 78.66180833333333], [16.923367833333334, 78.66180833333333], [16.923368, 78.66180833333333], [16.9233685, 78.66180833333333], [16.923368666666665, 78.66180833333333], [16.92336883333333, 78.66180816666666], [16.92336883333333, 78.66180816666666], [16.92336883333333, 78.66180816666666], [16.923368666666665, 78.66180800000001], [16.923368666666665, 78.66180800000001], [16.923368666666665, 78.66180783333333], [16.9233685, 78.66180766666666], [16.923368166666666, 78.6618075], [16.923367666666664, 78.6618075], [16.923367499999998, 78.66180733333334], [16.92336733333333, 78.66180716666666], [16.923367, 78.661807], [16.923366333333334, 78.66180683333333], [16.923365999999998, 78.66180666666668], [16.923365666666665, 78.6618065], [16.9233655, 78.66180633333333], [16.923365333333333, 78.66180616666666], [16.923365166666667, 78.661806], [16.923364833333334, 78.66180583333333], [16.923364666666664, 78.66180566666667], [16.923364499999998, 78.6618055], [16.923364166666666, 78.6618055], [16.923363833333333, 78.66180533333333], [16.923364, 78.66180516666667], [16.923365, 78.66180483333332], [16.92336583333333, 78.66180483333332], [16.9233665, 78.66180466666667], [16.923366666666666, 78.6618045], [16.923367499999998, 78.6618045], [16.923368166666666, 78.6618045], [16.923368666666665, 78.6618045], [16.92336883333333, 78.6618045], [16.923368999999997, 78.6618045], [16.92336883333333, 78.6618045], [16.923368333333332, 78.66180433333334], [16.92336733333333, 78.66180433333334], [16.923366666666666, 78.66180416666666], [16.923366166666664, 78.661804], [16.923365333333333, 78.66180383333334], [16.923364166666666, 78.66180366666667], [16.923363166666665, 78.66180366666667], [16.923362, 78.66180366666667], [16.9233605, 78.66180333333334], [16.923358833333335, 78.66180316666667], [16.923357333333335, 78.66180299999999], [16.923355666666666, 78.66180283333333], [16.923354500000002, 78.66180266666667], [16.92335316666667, 78.66180283333333], [16.923352333333334, 78.66180299999999], [16.923351833333335, 78.66180316666667], [16.923351500000003, 78.66180316666667], [16.923351, 78.66180316666667], [16.9233505, 78.66180316666667], [16.923350000000003, 78.66180333333334], [16.923349666666663, 78.66180333333334], [16.92334933333333, 78.66180333333334], [16.923348833333332, 78.66180333333334], [16.9233485, 78.66180333333334], [16.923347999999997, 78.66180333333334], [16.923347999999997, 78.66180333333334], [16.92334783333333, 78.66180333333334], [16.92334783333333, 78.66180333333334], [16.92334783333333, 78.66180333333334], [16.9233475, 78.66180349999999], [16.923347333333332, 78.66180349999999], [16.923347166666666, 78.66180349999999], [16.923347, 78.66180349999999], [16.923347, 78.66180349999999], [16.923346666666664, 78.66180349999999], [16.923346166666665, 78.66180333333334], [16.923345666666666, 78.66180333333334], [16.92334483333333, 78.66180333333334], [16.923344, 78.66180333333334], [16.923343166666665, 78.66180333333334], [16.923341833333332, 78.66180333333334], [16.923340833333334, 78.66180316666667], [16.9233395, 78.66180316666667], [16.923338, 78.66180333333334], [16.9233365, 78.66180333333334], [16.923334166666667, 78.66180366666667], [16.9233325, 78.66180383333334], [16.92333, 78.661804], [16.923328833333336, 78.661804], [16.923327833333335, 78.661804], [16.923326666666664, 78.66180383333334], [16.923325666666663, 78.66180383333334], [16.923324666666666, 78.66180383333334], [16.923323666666665, 78.66180383333334], [16.923322666666664, 78.66180383333334], [16.9233215, 78.66180383333334], [16.9233205, 78.66180383333334], [16.923319499999998, 78.66180366666667], [16.923319, 78.66180366666667], [16.923318166666665, 78.66180366666667], [16.9233175, 78.66180366666667], [16.923317, 78.66180366666667], [16.923316333333332, 78.66180349999999], [16.9233155, 78.66180349999999], [16.923315, 78.66180349999999], [16.923314833333333, 78.66180333333334], [16.923314666666666, 78.66180333333334], [16.923314666666666, 78.66180333333334], [16.9233145, 78.66180333333334], [16.9233145, 78.66180333333334], [16.923314666666666, 78.66180316666667], [16.923314833333333, 78.66180316666667], [16.923315166666665, 78.66180299999999], [16.923315333333335, 78.66180299999999], [16.9233155, 78.66180299999999], [16.9233155, 78.66180299999999], [16.923315333333335, 78.66180299999999], [16.923315166666665, 78.66180299999999], [16.923314833333333, 78.66180283333333], [16.923314166666668, 78.66180299999999], [16.923313833333335, 78.66180299999999], [16.923313333333333, 78.66180299999999], [16.923313, 78.66180299999999], [16.9233125, 78.66180299999999], [16.923312, 78.66180283333333], [16.9233115, 78.66180299999999], [16.923310833333336, 78.66180299999999], [16.923310333333333, 78.66180299999999], [16.923309833333334, 78.66180299999999], [16.923309500000002, 78.66180299999999], [16.923309, 78.66180299999999], [16.9233085, 78.66180316666667], [16.923308000000002, 78.66180316666667], [16.9233075, 78.66180316666667], [16.923307166666667, 78.66180316666667], [16.923306833333335, 78.66180333333334], [16.923306333333336, 78.66180333333334], [16.923305666666668, 78.66180333333334], [16.923305333333335, 78.66180349999999], [16.923304833333336, 78.66180349999999], [16.923304499999997, 78.66180349999999], [16.923304166666664, 78.66180349999999], [16.9233035, 78.66180366666667], [16.923302999999997, 78.66180366666667], [16.923302666666665, 78.66180366666667], [16.923302166666666, 78.66180366666667], [16.923301499999997, 78.66180383333334], [16.923301166666665, 78.66180383333334], [16.923300666666666, 78.66180383333334], [16.923300333333334, 78.66180383333334], [16.923299999999998, 78.66180383333334], [16.923299666666665, 78.66180383333334], [16.923299166666666, 78.661804], [16.923298833333334, 78.661804], [16.923298499999998, 78.661804], [16.923298166666665, 78.661804], [16.923297833333333, 78.66180416666666], [16.9232975, 78.66180416666666], [16.923296999999998, 78.66180416666666], [16.9232965, 78.66180416666666], [16.923295833333334, 78.66180416666666], [16.923295666666668, 78.66180433333334], [16.923295166666666, 78.66180433333334], [16.923294833333333, 78.66180433333334], [16.923294333333335, 78.66180433333334], [16.923294, 78.66180433333334], [16.9232935, 78.6618045], [16.923293333333334, 78.6618045], [16.923293, 78.6618045], [16.92329266666667, 78.6618045], [16.923292333333332, 78.66180466666667], [16.923291833333334, 78.66180466666667], [16.923291666666668, 78.66180466666667], [16.92329116666667, 78.66180466666667], [16.923290833333333, 78.66180466666667], [16.9232905, 78.66180466666667], [16.923290166666668, 78.66180466666667], [16.923289833333335, 78.66180483333332], [16.923289833333335, 78.66180483333332], [16.9232895, 78.66180483333332], [16.9232895, 78.66180483333332], [16.923289166666667, 78.66180483333332], [16.923289166666667, 78.66180483333332], [16.923289, 78.661805], [16.923288833333334, 78.661805], [16.923288833333334, 78.661805], [16.923288666666668, 78.661805], [16.9232885, 78.661805], [16.923288333333335, 78.661805], [16.92328816666667, 78.661805], [16.923288, 78.661805], [16.923287833333333, 78.66180516666667], [16.923287666666667, 78.66180516666667], [16.923287666666667, 78.66180516666667], [16.9232875, 78.66180516666667], [16.923287333333334, 78.66180516666667], [16.923287000000002, 78.66180516666667], [16.923286833333336, 78.66180516666667], [16.9232865, 78.66180533333333], [16.923286333333333, 78.66180533333333], [16.923286166666667, 78.66180533333333], [16.923286, 78.66180533333333], [16.923285833333335, 78.66180533333333], [16.923285833333335, 78.66180533333333], [16.923285500000002, 78.66180533333333], [16.923285333333336, 78.66180533333333], [16.923285333333336, 78.6618055], [16.923284833333334, 78.6618055], [16.923284833333334, 78.6618055], [16.9232845, 78.6618055], [16.92328416666667, 78.6618055], [16.923284000000002, 78.6618055], [16.92328366666667, 78.6618055], [16.923283333333334, 78.6618055], [16.923283, 78.6618055], [16.92328266666667, 78.6618055], [16.92328216666667, 78.6618055], [16.923281499999998, 78.6618055], [16.923281333333332, 78.6618055], [16.923280833333333, 78.6618055], [16.923280666666667, 78.6618055], [16.923280166666665, 78.6618055], [16.923279666666666, 78.6618055], [16.923278999999997, 78.6618055], [16.923278666666665, 78.6618055], [16.923278166666666, 78.66180566666667], [16.923277666666667, 78.6618055], [16.923277166666665, 78.66180566666667], [16.9232765, 78.6618055], [16.923275999999998, 78.6618055], [16.9232755, 78.6618055], [16.923275, 78.6618055], [16.92327433333333, 78.6618055], [16.923273833333333, 78.6618055], [16.9232735, 78.6618055], [16.923272833333332, 78.6618055], [16.923272, 78.6618055], [16.9232715, 78.6618055], [16.9232705, 78.6618055], [16.923269833333332, 78.6618055], [16.923269, 78.6618055], [16.923268166666666, 78.6618055], [16.9232675, 78.66180533333333], [16.9232665, 78.66180533333333], [16.923265833333335, 78.66180533333333], [16.923264833333334, 78.66180533333333], [16.923263833333333, 78.66180516666667], [16.923263000000002, 78.66180516666667], [16.923262, 78.66180516666667], [16.92326116666667, 78.661805], [16.92326016666667, 78.661805], [16.92325933333333, 78.66180483333332], [16.9232585, 78.66180483333332], [16.9232575, 78.66180483333332], [16.923256666666667, 78.66180466666667], [16.923255666666666, 78.66180466666667], [16.923254666666665, 78.6618045], [16.923253833333334, 78.6618045], [16.923252833333333, 78.66180433333334], [16.92325183333333, 78.66180433333334], [16.923251, 78.66180416666666], [16.923249833333333, 78.66180416666666], [16.923249, 78.66180416666666], [16.923248, 78.661804], [16.923247166666666, 78.661804], [16.92324616666667, 78.66180383333334], [16.923245166666668, 78.66180383333334], [16.9232445, 78.66180366666667], [16.923243666666668, 78.66180366666667], [16.923242666666667, 78.66180349999999], [16.923241833333336, 78.66180349999999], [16.923241166666667, 78.66180333333334], [16.92324016666667, 78.66180333333334], [16.923239333333335, 78.66180316666667], [16.923238833333336, 78.66180316666667], [16.923238, 78.66180316666667], [16.923236999999997, 78.66180299999999], [16.923236166666666, 78.66180299999999], [16.923235499999997, 78.66180283333333], [16.923234333333333, 78.66180283333333], [16.9232335, 78.66180266666667], [16.923232666666667, 78.66180250000001], [16.923231833333332, 78.66180250000001], [16.92323083333333, 78.66180250000001], [16.923230166666666, 78.66180233333333], [16.923229166666665, 78.66180233333333], [16.9232285, 78.66180216666666], [16.923227666666666, 78.66180216666666], [16.923226833333334, 78.66180200000001], [16.923226, 78.66180200000001], [16.923225, 78.66180183333333], [16.923224333333334, 78.66180183333333], [16.9232235, 78.66180166666666], [16.923222666666668, 78.66180166666666], [16.923222, 78.66180166666666], [16.923221, 78.66180166666666], [16.923220166666667, 78.6618015], [16.923219500000002, 78.6618015], [16.923218666666667, 78.6618015], [16.923217833333336, 78.66180133333334], [16.923217166666667, 78.66180133333334], [16.923216333333336, 78.66180116666666], [16.9232155, 78.66180116666666], [16.923214833333336, 78.661801], [16.923213999999998, 78.661801], [16.923213166666667, 78.661801], [16.923212333333332, 78.66180083333333], [16.923211666666667, 78.66180083333333], [16.923210833333332, 78.66180083333333], [16.923209999999997, 78.66180066666668], [16.923209333333332, 78.66180066666668], [16.923208499999998, 78.66180066666668], [16.923207666666666, 78.6618005], [16.92320683333333, 78.6618005], [16.923206, 78.6618005], [16.923205166666666, 78.66180033333333], [16.923204333333334, 78.66180033333333], [16.923203666666666, 78.66180033333333], [16.923202833333335, 78.66180033333333], [16.923202, 78.66180016666667], [16.92320116666667, 78.66180016666667], [16.9232005, 78.6618], [16.92319966666667, 78.6618], [16.923198833333334, 78.6618], [16.92319816666667, 78.6618], [16.923197166666668, 78.66179983333333], [16.923196333333333, 78.66179983333333], [16.923195500000002, 78.66179983333333], [16.923194666666667, 78.66179966666667], [16.923194000000002, 78.66179966666667], [16.923193166666668, 78.66179966666667], [16.923192333333336, 78.66179966666667], [16.923191666666664, 78.6617995], [16.923190666666667, 78.6617995], [16.923189999999998, 78.6617995], [16.923188999999997, 78.6617995], [16.923188333333332, 78.66179933333333], [16.92318733333333, 78.66179933333333], [16.923186666666666, 78.66179933333333], [16.92318583333333, 78.66179933333333], [16.923185, 78.66179916666667], [16.923184166666665, 78.66179916666667], [16.923183333333334, 78.66179916666667], [16.923182833333332, 78.66179916666667], [16.923182166666667, 78.66179916666667], [16.9231815, 78.66179916666667], [16.923180666666667, 78.66179916666667], [16.92318016666667, 78.661799], [16.9231795, 78.661799], [16.923178833333335, 78.661799], [16.923178333333333, 78.661799], [16.923177666666668, 78.66179883333332], [16.923176666666667, 78.66179883333332], [16.923176166666668, 78.66179883333332], [16.923175333333333, 78.66179883333332], [16.923174833333334, 78.66179866666667], [16.92317416666667, 78.66179866666667], [16.923173333333335, 78.66179866666667], [16.9231725, 78.66179866666667], [16.92317166666667, 78.66179866666667], [16.923170833333334, 78.6617985], [16.923170000000002, 78.6617985], [16.923169166666664, 78.6617985], [16.9231685, 78.6617985], [16.923167666666664, 78.6617985], [16.923166666666667, 78.6617985], [16.923166, 78.6617985], [16.923165166666667, 78.66179833333334], [16.923164333333332, 78.66179833333334], [16.92316333333333, 78.66179833333334], [16.9231625, 78.66179833333334], [16.9231615, 78.66179833333334], [16.923160833333334, 78.66179833333334], [16.923159833333333, 78.66179833333334], [16.923159, 78.66179816666666], [16.923158333333333, 78.66179816666666], [16.923157333333332, 78.66179816666666], [16.9231565, 78.66179816666666], [16.923155666666666, 78.661798], [16.92315466666667, 78.661798], [16.923153833333334, 78.661798], [16.923152833333333, 78.661798], [16.923152, 78.66179783333334], [16.923151, 78.66179783333334], [16.92315016666667, 78.66179783333334], [16.923149333333335, 78.66179766666667], [16.923148333333334, 78.66179766666667], [16.923147500000002, 78.66179766666667], [16.923146666666664, 78.66179749999999], [16.923145833333333, 78.66179749999999], [16.923144999999998, 78.66179749999999], [16.923144166666667, 78.66179733333334], [16.923143333333332, 78.66179733333334], [16.92314233333333, 78.66179733333334], [16.923141666666666, 78.66179716666667], [16.923140666666665, 78.66179716666667], [16.923139833333334, 78.66179716666667], [16.923138666666667, 78.66179699999999], [16.923137999999998, 78.66179699999999], [16.923137166666667, 78.66179699999999], [16.923136166666666, 78.66179699999999], [16.9231355, 78.66179683333333], [16.923134833333332, 78.66179683333333], [16.923133833333335, 78.66179683333333], [16.923133, 78.66179666666667], [16.92313216666667, 78.66179666666667], [16.9231315, 78.66179666666667], [16.92313066666667, 78.66179650000001], [16.92313, 78.66179650000001], [16.923129333333335, 78.66179650000001], [16.9231285, 78.66179633333333], [16.923127833333336, 78.66179633333333], [16.923127333333333, 78.66179633333333], [16.923126500000002, 78.66179633333333], [16.923125833333334, 78.66179616666666], [16.923125000000002, 78.66179616666666], [16.92312433333333, 78.66179616666666], [16.92312383333333, 78.66179616666666], [16.923123166666667, 78.66179600000001], [16.923122499999998, 78.66179600000001], [16.923121833333333, 78.66179600000001], [16.923121166666665, 78.66179600000001], [16.9231205, 78.66179600000001], [16.923119999999997, 78.66179600000001], [16.923119333333332, 78.66179583333333], [16.923118666666667, 78.66179583333333], [16.923118, 78.66179583333333], [16.9231175, 78.66179583333333], [16.92311683333333, 78.66179583333333], [16.923116166666667, 78.66179583333333], [16.923115499999998, 78.66179583333333], [16.923114666666667, 78.66179583333333], [16.923114166666668, 78.66179583333333], [16.9231135, 78.66179583333333], [16.923113, 78.66179583333333], [16.923112333333332, 78.66179583333333], [16.9231115, 78.66179583333333], [16.923111, 78.66179600000001], [16.923110333333334, 78.66179600000001], [16.92311, 78.66179600000001], [16.92310966666667, 78.66179600000001], [16.923109166666666, 78.66179600000001], [16.923108833333334, 78.66179600000001], [16.92310816666667, 78.66179600000001], [16.9231075, 78.66179600000001], [16.923107, 78.66179600000001], [16.923106333333333, 78.66179583333333], [16.923105666666668, 78.66179583333333], [16.92310516666667, 78.66179583333333], [16.923104333333335, 78.66179583333333], [16.923103833333336, 78.66179583333333], [16.923103166666667, 78.66179583333333], [16.92310266666667, 78.66179583333333], [16.923101999999997, 78.66179583333333], [16.92310133333333, 78.66179583333333], [16.923100833333333, 78.66179566666666], [16.92310033333333, 78.66179566666666], [16.923099833333332, 78.66179566666666], [16.923099333333333, 78.66179566666666], [16.92309883333333, 78.66179566666666], [16.923098333333332, 78.66179566666666], [16.923098, 78.66179566666666], [16.923097666666667, 78.66179566666666], [16.923097166666665, 78.66179566666666], [16.923096833333332, 78.6617955], [16.9230965, 78.6617955], [16.923095999999997, 78.6617955], [16.923095666666665, 78.6617955], [16.923095333333332, 78.6617955], [16.923094833333334, 78.6617955], [16.923094166666665, 78.6617955], [16.9230935, 78.6617955], [16.92309283333333, 78.66179533333334], [16.923091833333334, 78.66179533333334], [16.923090666666667, 78.66179533333334], [16.923089166666667, 78.6617955], [16.923087333333335, 78.66179533333334], [16.923086333333334, 78.6617955], [16.92308566666667, 78.6617955], [16.923084666666668, 78.6617955], [16.923083333333334, 78.66179566666666], [16.923081833333335, 78.66179583333333], [16.92308116666667, 78.66179600000001], [16.923081333333336, 78.66179600000001], [16.923081, 78.66179600000001], [16.923080333333335, 78.66179600000001], [16.923079833333336, 78.66179600000001], [16.92307933333333, 78.66179600000001], [16.923078666666665, 78.66179616666666], [16.923078166666667, 78.66179616666666], [16.923077666666664, 78.66179616666666], [16.923077666666664, 78.66179616666666], [16.923077499999998, 78.66179616666666], [16.923077, 78.66179616666666], [16.923076499999997, 78.66179633333333], [16.923075833333332, 78.66179633333333], [16.923075166666667, 78.66179633333333], [16.92307483333333, 78.66179650000001], [16.923074166666666, 78.66179650000001], [16.923073666666667, 78.66179650000001], [16.923073, 78.66179650000001], [16.9230725, 78.66179666666667], [16.923071999999998, 78.66179666666667], [16.9230715, 78.66179666666667], [16.923070833333334, 78.66179683333333], [16.92307033333333, 78.66179683333333], [16.9230695, 78.66179683333333], [16.923068999999998, 78.66179683333333], [16.923068166666667, 78.66179699999999], [16.9230675, 78.66179699999999], [16.923066666666667, 78.66179699999999], [16.923065833333332, 78.66179699999999], [16.923065333333334, 78.66179716666667], [16.9230645, 78.66179716666667], [16.923063666666668, 78.66179716666667], [16.923063, 78.66179716666667], [16.923062166666668, 78.66179733333334], [16.9230615, 78.66179733333334], [16.923060833333334, 78.66179733333334], [16.923060333333336, 78.66179733333334], [16.9230595, 78.66179733333334], [16.923058833333336, 78.66179749999999], [16.923058166666667, 78.66179749999999], [16.923057500000002, 78.66179749999999], [16.92305683333333, 78.66179749999999], [16.923056166666665, 78.66179749999999], [16.923055499999997, 78.66179766666667], [16.923054999999998, 78.66179766666667], [16.923054166666667, 78.66179783333334], [16.923053499999998, 78.66179783333334], [16.923053, 78.66179783333334], [16.923052499999997, 78.661798], [16.923052166666665, 78.661798], [16.923051666666666, 78.66179816666666], [16.923051166666667, 78.66179833333334], [16.92305083333333, 78.66179833333334], [16.923050166666666, 78.66179833333334], [16.923049666666667, 78.6617985], [16.923049, 78.6617985], [16.9230485, 78.66179866666667], [16.92304783333333, 78.66179866666667], [16.923047333333333, 78.66179883333332], [16.923046666666668, 78.66179883333332], [16.923046, 78.66179883333332], [16.9230455, 78.661799], [16.923044666666666, 78.661799], [16.923044, 78.661799], [16.923043333333332, 78.661799], [16.9230425, 78.66179916666667], [16.923041833333333, 78.66179916666667], [16.923041, 78.66179916666667], [16.923040333333333, 78.66179916666667], [16.923039833333334, 78.66179916666667], [16.923039000000003, 78.66179933333333], [16.923038166666668, 78.66179933333333], [16.923037500000003, 78.66179933333333], [16.92303666666667, 78.66179933333333], [16.923036000000003, 78.66179933333333], [16.923035333333335, 78.66179933333333], [16.923034500000004, 78.6617995], [16.92303383333333, 78.6617995], [16.923033, 78.6617995], [16.92303233333333, 78.6617995], [16.9230315, 78.6617995], [16.923030999999998, 78.6617995], [16.923030166666667, 78.6617995], [16.9230295, 78.6617995], [16.923028666666667, 78.6617995], [16.923028166666665, 78.6617995], [16.923027333333334, 78.6617995], [16.9230265, 78.6617995], [16.923026, 78.6617995], [16.92302533333333, 78.66179966666667], [16.923024666666667, 78.66179966666667], [16.923024, 78.66179966666667], [16.923023166666667, 78.66179966666667], [16.923022500000002, 78.66179966666667], [16.923021666666667, 78.66179966666667], [16.92302116666667, 78.66179966666667], [16.923020333333334, 78.66179983333333], [16.92301966666667, 78.66179983333333], [16.923019, 78.66179983333333], [16.92301816666667, 78.66179983333333], [16.9230175, 78.66179983333333], [16.92301666666667, 78.66179983333333], [16.923015833333334, 78.66179983333333], [16.923015333333336, 78.6618], [16.9230145, 78.6618], [16.923013833333336, 78.6618], [16.923013, 78.66180016666667], [16.92301216666667, 78.66180016666667], [16.92301133333333, 78.66180016666667], [16.9230105, 78.66180016666667], [16.923009666666665, 78.66180016666667], [16.92300883333333, 78.66180016666667], [16.923007833333333, 78.66180033333333], [16.923007, 78.66180033333333], [16.92300583333333, 78.66180033333333], [16.923005, 78.66180033333333], [16.923004166666665, 78.66180033333333], [16.923003166666668, 78.66180033333333], [16.923002166666667, 78.66180033333333], [16.923001, 78.66180033333333], [16.923000000000002, 78.66180033333333], [16.922998833333335, 78.66180033333333], [16.922997666666667, 78.66180033333333], [16.9229965, 78.66180033333333], [16.922995166666666, 78.66180033333333], [16.922994000000003, 78.66180033333333], [16.922993, 78.66180033333333], [16.922991833333334, 78.66180033333333], [16.922990666666667, 78.66180033333333], [16.922989500000003, 78.66180033333333], [16.9229885, 78.66180033333333], [16.92298733333333, 78.66180033333333], [16.922985999999998, 78.66180033333333], [16.922985, 78.6618005], [16.922983833333333, 78.6618005], [16.9229825, 78.6618005], [16.922981333333333, 78.6618005], [16.922980166666665, 78.6618005], [16.922979, 78.66180066666668], [16.922977666666668, 78.66180066666668], [16.922976666666667, 78.66180066666668], [16.922975166666667, 78.66180066666668], [16.922973833333334, 78.66180066666668], [16.922972666666666, 78.66180066666668], [16.922971500000003, 78.66180066666668], [16.922970000000003, 78.66180066666668], [16.922968833333336, 78.66180083333333], [16.92296766666667, 78.66180083333333], [16.92296633333333, 78.66180083333333], [16.922965166666664, 78.66180083333333], [16.92296383333333, 78.66180083333333], [16.9229625, 78.66180083333333], [16.922961166666667, 78.661801], [16.922959833333334, 78.661801], [16.922958333333334, 78.661801], [16.922957, 78.661801], [16.922955666666667, 78.661801], [16.922954333333333, 78.661801], [16.922953, 78.661801], [16.922951666666666, 78.661801], [16.922950333333333, 78.661801], [16.922949000000003, 78.661801], [16.92294766666667, 78.661801], [16.922946333333336, 78.661801], [16.922945000000002, 78.66180116666666], [16.92294383333333, 78.661801], [16.922942499999998, 78.661801], [16.922940999999998, 78.661801], [16.92293983333333, 78.661801], [16.9229385, 78.661801], [16.922937166666667, 78.661801], [16.922936, 78.661801], [16.922934666666666, 78.661801], [16.9229335, 78.661801], [16.922932166666666, 78.661801], [16.922931000000002, 78.661801], [16.922929833333335, 78.661801], [16.922928833333334, 78.661801], [16.922927666666666, 78.66180083333333], [16.922926500000003, 78.66180083333333], [16.922925333333335, 78.66180083333333], [16.922924333333334, 78.66180083333333], [16.922923166666667, 78.66180083333333], [16.922922000000003, 78.66180083333333], [16.922921, 78.66180083333333], [16.922919999999998, 78.66180083333333], [16.922919, 78.66180083333333], [16.922918, 78.66180083333333], [16.922916999999998, 78.66180066666668], [16.92291583333333, 78.66180066666668], [16.922914833333333, 78.66180066666668], [16.922913833333332, 78.66180066666668], [16.92291283333333, 78.6618005], [16.922911833333334, 78.6618005], [16.922910833333333, 78.6618005], [16.92291, 78.66180033333333], [16.922909, 78.66180033333333], [16.922908166666666, 78.66180033333333], [16.92290716666667, 78.66180033333333], [16.922906166666667, 78.66180033333333], [16.922905333333333, 78.66180033333333], [16.922904333333335, 78.66180033333333], [16.9229035, 78.66180016666667], [16.92290266666667, 78.66180016666667], [16.922901666666668, 78.66180016666667], [16.922900833333333, 78.66180016666667], [16.922900000000002, 78.66180016666667], [16.922899166666664, 78.6618], [16.922898166666666, 78.6618], [16.922897166666665, 78.6618], [16.92289633333333, 78.6618], [16.9228955, 78.66179983333333], [16.922894499999998, 78.66179983333333], [16.922893666666667, 78.66179983333333], [16.922892833333332, 78.66179983333333], [16.922892, 78.66179983333333], [16.922891166666666, 78.66179966666667], [16.92289033333333, 78.66179966666667], [16.9228895, 78.66179966666667], [16.92288883333333, 78.66179966666667], [16.922887833333334, 78.66179966666667], [16.922887, 78.66179966666667], [16.922886166666668, 78.6617995], [16.922885333333333, 78.6617995], [16.922884500000002, 78.6617995], [16.922883833333334, 78.6617995], [16.922883000000002, 78.66179933333333], [16.922882, 78.66179933333333], [16.922881166666667, 78.66179933333333], [16.922880333333335, 78.66179933333333], [16.922879666666667, 78.66179933333333], [16.922878833333336, 78.66179933333333], [16.922878166666667, 78.66179933333333], [16.922877500000002, 78.66179933333333], [16.922876666666664, 78.66179933333333], [16.922875833333332, 78.66179933333333], [16.922874999999998, 78.66179933333333], [16.922874, 78.66179916666667], [16.922873166666665, 78.66179916666667], [16.92287233333333, 78.66179916666667], [16.922871333333333, 78.66179916666667], [16.9228705, 78.66179916666667], [16.9228695, 78.66179916666667], [16.922868666666666, 78.66179916666667], [16.922867666666665, 78.66179916666667], [16.922866833333334, 78.66179916666667], [16.922865833333333, 78.66179916666667], [16.922865, 78.66179916666667], [16.922864, 78.66179916666667], [16.922863166666666, 78.66179916666667], [16.922862333333335, 78.66179916666667], [16.9228615, 78.66179916666667], [16.922860500000002, 78.66179916666667], [16.922859666666668, 78.66179916666667], [16.9228585, 78.66179916666667], [16.92285766666667, 78.66179916666667], [16.922856666666668, 78.66179916666667], [16.922855666666667, 78.66179916666667], [16.922855000000002, 78.66179916666667], [16.922854166666664, 78.66179916666667], [16.922853333333332, 78.66179916666667], [16.922852499999998, 78.66179933333333], [16.922851666666666, 78.66179933333333], [16.922850999999998, 78.66179933333333], [16.922850166666667, 78.66179933333333], [16.922849333333332, 78.66179933333333], [16.922848666666667, 78.6617995], [16.922847833333332, 78.6617995], [16.922847166666667, 78.6617995], [16.922846166666666, 78.6617995], [16.9228455, 78.6617995], [16.922844666666666, 78.66179966666667], [16.922844, 78.66179966666667], [16.922843166666667, 78.66179966666667], [16.922842166666666, 78.66179966666667], [16.922841333333334, 78.66179983333333], [16.9228405, 78.66179983333333], [16.92283966666667, 78.66179983333333], [16.922838666666667, 78.6618], [16.922838000000002, 78.6618], [16.922837166666667, 78.6618], [16.922836500000003, 78.66180016666667], [16.922835666666668, 78.66180016666667], [16.922834833333333, 78.66180033333333], [16.922834166666668, 78.66180033333333], [16.92283366666667, 78.66180033333333], [16.922833, 78.6618005], [16.922832333333336, 78.6618005], [16.922832000000003, 78.66180066666668], [16.92283133333333, 78.66180066666668], [16.922830833333332, 78.66180083333333], [16.92283033333333, 78.66180083333333], [16.922829666666665, 78.661801], [16.922829166666666, 78.661801], [16.92282883333333, 78.661801], [16.922828, 78.66180116666666], [16.922827666666667, 78.66180116666666], [16.922826999999998, 78.66180116666666], [16.9228265, 78.66180116666666], [16.922826, 78.66180133333334], [16.922825666666665, 78.66180133333334], [16.922825166666666, 78.66180133333334], [16.922824833333333, 78.66180133333334], [16.922824666666667, 78.66180133333334], [16.92282433333333, 78.66180133333334], [16.922823833333332, 78.66180133333334], [16.922823166666667, 78.6618015], [16.92282283333333, 78.6618015], [16.922822333333333, 78.6618015], [16.922821833333334, 78.66180133333334], [16.92282133333333, 78.66180133333334], [16.922820833333333, 78.66180133333334], [16.9228205, 78.66180133333334], [16.92281983333333, 78.66180133333334], [16.922819333333333, 78.66180133333334], [16.922818666666668, 78.66180133333334], [16.922818166666666, 78.66180116666666], [16.922817666666667, 78.66180116666666], [16.92281716666667, 78.66180116666666], [16.922816833333332, 78.66180116666666], [16.922816166666667, 78.66180116666666], [16.92281566666667, 78.661801], [16.922815, 78.661801], [16.922814333333335, 78.66180083333333], [16.922813833333333, 78.66180083333333], [16.922813333333334, 78.66180066666668], [16.92281266666667, 78.66180066666668], [16.922812500000003, 78.6618005], [16.922812333333333, 78.6618005], [16.922812166666667, 78.6618005], [16.922812166666667, 78.66180033333333], [16.922812333333333, 78.66180033333333], [16.922812500000003, 78.66180033333333], [16.92281266666667, 78.66180016666667], [16.922813, 78.66180016666667], [16.922813333333334, 78.66180016666667], [16.922813666666666, 78.6618], [16.92281416666667, 78.6618], [16.922814666666667, 78.66179983333333], [16.922815166666666, 78.66179983333333], [16.922815500000002, 78.66179983333333], [16.922816166666667, 78.66179966666667], [16.922816833333332, 78.66179966666667], [16.922817666666667, 78.6617995], [16.922818166666666, 78.66179933333333], [16.922818666666668, 78.66179916666667], [16.922819333333333, 78.661799], [16.92282, 78.66179883333332], [16.922820166666668, 78.66179866666667], [16.922820166666668, 78.6617985], [16.922820333333334, 78.6617985], [16.922820333333334, 78.66179833333334], [16.9228205, 78.66179816666666], [16.922820666666667, 78.66179816666666], [16.922820833333333, 78.661798], [16.922820833333333, 78.66179783333334], [16.922821, 78.66179766666667], [16.92282133333333, 78.66179766666667], [16.922821666666668, 78.66179749999999], [16.922822166666666, 78.66179733333334], [16.9228225, 78.66179716666667], [16.922823, 78.66179716666667], [16.922823333333334, 78.66179699999999], [16.922823833333332, 78.66179699999999], [16.92282433333333, 78.66179699999999], [16.922824833333333, 78.66179683333333], [16.922825166666666, 78.66179683333333], [16.922825333333332, 78.66179683333333], [16.922826, 78.66179666666667], [16.922826333333333, 78.66179666666667], [16.9228265, 78.66179666666667], [16.922826666666666, 78.66179666666667], [16.922826666666666, 78.66179666666667], [16.922826666666666, 78.66179666666667], [16.9228265, 78.66179666666667], [16.922826666666666, 78.66179666666667], [16.9228265, 78.66179666666667], [16.922826333333333, 78.66179666666667], [16.922826166666667, 78.66179666666667], [16.922826166666667, 78.66179666666667], [16.922826166666667, 78.66179650000001], [16.922826166666667, 78.66179650000001], [16.922826, 78.66179650000001], [16.92282583333333, 78.66179650000001], [16.922826, 78.66179650000001], [16.922826166666667, 78.66179650000001], [16.922826, 78.66179650000001], [16.922826, 78.66179633333333], [16.922826, 78.66179633333333], [16.922826166666667, 78.66179633333333], [16.92282583333333, 78.66179633333333], [16.922825666666665, 78.66179616666666], [16.92282583333333, 78.66179616666666], [16.922825666666665, 78.66179616666666], [16.922825333333332, 78.66179600000001], [16.922824833333333, 78.66179600000001], [16.922824666666667, 78.66179583333333], [16.922824166666665, 78.66179583333333], [16.922824, 78.66179566666666], [16.9228235, 78.66179566666666], [16.922823166666667, 78.66179566666666], [16.922822666666665, 78.6617955], [16.922822, 78.6617955], [16.92282133333333, 78.66179533333334], [16.922820666666667, 78.66179533333334], [16.92282, 78.66179516666666], [16.922819166666667, 78.661795], [16.922818333333332, 78.661795], [16.9228175, 78.66179483333333], [16.922816666666666, 78.66179483333333], [16.922815833333335, 78.66179466666668], [16.922814666666667, 78.6617945], [16.922813666666666, 78.66179433333333], [16.92281266666667, 78.66179433333333], [16.9228115, 78.66179416666667], [16.922810666666667, 78.661794], [16.92280966666667, 78.66179383333333], [16.922808666666665, 78.66179366666667], [16.922807666666664, 78.6617935], [16.922806666666666, 78.6617935], [16.92280583333333, 78.66179333333334], [16.922805166666667, 78.66179316666667], [16.922804166666666, 78.66179316666667], [16.922803, 78.661793], [16.922802, 78.66179283333332], [16.922801, 78.66179266666667], [16.922799666666666, 78.6617925], [16.9227985, 78.6617925], [16.922797166666665, 78.66179233333334], [16.922795833333332, 78.66179216666666], [16.922794333333332, 78.661792], [16.922792833333332, 78.661792], [16.922791333333333, 78.66179183333334], [16.922789833333333, 78.66179166666667], [16.922788500000003, 78.66179166666667], [16.922786666666664, 78.66179149999999], [16.922784999999998, 78.66179149999999], [16.922783166666665, 78.66179133333334], [16.922781333333333, 78.66179116666667], [16.9227795, 78.661791], [16.9227775, 78.66179083333333], [16.9227755, 78.66179083333333], [16.922773666666668, 78.66179066666668], [16.922771666666666, 78.66179050000001], [16.922769833333334, 78.66179050000001], [16.92276766666667, 78.66179033333333], [16.9227655, 78.66179016666666], [16.922763166666666, 78.66178983333333], [16.92276083333333, 78.66178966666666], [16.922758666666667, 78.6617895], [16.922756166666666, 78.66178916666667], [16.922753666666665, 78.66178883333333], [16.922751166666668, 78.66178866666668], [16.922748666666667, 78.66178833333333], [16.922745833333334, 78.66178816666667], [16.922743, 78.66178783333334], [16.922740333333333, 78.6617875], [16.922737333333334, 78.66178716666667], [16.9227345, 78.66178683333332], [16.9227315, 78.6617865], [16.9227285, 78.66178616666666], [16.922725500000002, 78.66178583333334], [16.922722500000003, 78.6617855], [16.922719500000003, 78.66178516666668], [16.922716166666664, 78.66178483333333], [16.922713166666664, 78.66178450000001], [16.922709666666666, 78.66178416666666], [16.9227065, 78.66178366666666], [16.922703000000002, 78.66178333333333], [16.922699666666666, 78.661783], [16.922696166666665, 78.66178266666667], [16.922692666666666, 78.66178216666667], [16.922689166666665, 78.66178183333334], [16.9226855, 78.66178133333332], [16.922682000000002, 78.661781], [16.922678166666667, 78.66178066666666], [16.922674333333337, 78.66178016666666], [16.9226705, 78.66177983333334], [16.922666833333334, 78.6617795], [16.922662833333334, 78.661779], [16.922659, 78.66177866666666], [16.922655000000002, 78.66177816666666], [16.922651166666665, 78.66177783333333], [16.922646999999998, 78.6617775], [16.922643, 78.661777], [16.922638833333334, 78.66177666666667], [16.922634833333333, 78.66177633333334], [16.922630833333336, 78.66177583333334], [16.922626833333332, 78.6617755], [16.922622999999998, 78.66177516666667], [16.922619166666667, 78.66177483333333], [16.922615166666667, 78.66177433333334], [16.922611333333336, 78.66177416666666], [16.922607333333335, 78.66177366666668], [16.922603666666664, 78.66177333333333], [16.922599833333333, 78.661773], [16.922596166666665, 78.66177266666666], [16.922592333333334, 78.66177233333333], [16.922588666666666, 78.661772], [16.922584833333335, 78.66177166666667], [16.922581166666664, 78.66177133333333], [16.922577333333333, 78.661771], [16.922573666666665, 78.66177066666667], [16.922569833333334, 78.66177033333334], [16.922566166666666, 78.66176999999999], [16.9225625, 78.6617695], [16.922558833333333, 78.66176916666667], [16.922555, 78.66176883333333], [16.922551166666665, 78.66176850000001], [16.9225475, 78.66176816666666], [16.922543833333336, 78.66176783333334], [16.922540333333334, 78.6617675], [16.922536333333333, 78.661767], [16.92253283333333, 78.66176666666667], [16.922529, 78.66176633333333], [16.922525333333333, 78.661766], [16.92252166666667, 78.66176566666667], [16.922517833333334, 78.66176533333334], [16.922514333333332, 78.66176483333334], [16.922510499999998, 78.66176449999999], [16.922506833333333, 78.66176416666667], [16.92250316666667, 78.66176383333332], [16.922499333333334, 78.6617635], [16.922495833333336, 78.66176316666666], [16.922492, 78.66176283333333], [16.922488333333334, 78.6617625], [16.922484666666666, 78.66176216666666], [16.922481166666667, 78.66176183333333], [16.9224775, 78.6617615], [16.922473833333335, 78.66176116666666], [16.922470166666667, 78.66176066666667], [16.922466333333332, 78.66176033333333], [16.922462833333334, 78.66176], [16.922459333333332, 78.66175966666667], [16.922455333333335, 78.66175933333334], [16.922451833333334, 78.661759], [16.922448166666666, 78.66175866666667], [16.922444166666665, 78.66175833333334], [16.9224405, 78.66175799999999], [16.922436833333332, 78.66175766666667], [16.922433, 78.66175733333333], [16.9224295, 78.66175700000001], [16.92242583333333, 78.6617565], [16.922422166666667, 78.66175616666666], [16.9224185, 78.66175583333333], [16.922414833333335, 78.6617555], [16.922411166666667, 78.66175516666667], [16.92240766666667, 78.66175466666667], [16.92240383333333, 78.66175433333333], [16.922400166666666, 78.661754], [16.922396666666668, 78.66175366666667], [16.922392833333333, 78.66175316666666], [16.92238916666667, 78.66175283333334], [16.9223855, 78.66175249999999], [16.92238166666667, 78.66175216666667], [16.922378, 78.66175166666667], [16.9223745, 78.66175133333333], [16.9223705, 78.66175083333333], [16.922366833333335, 78.6617505], [16.922363, 78.66175016666666], [16.92235916666667, 78.66174966666668], [16.9223555, 78.66174916666667], [16.922351499999998, 78.66174883333333], [16.9223475, 78.6617485], [16.922343666666666, 78.661748], [16.922339833333336, 78.6617475], [16.922335999999998, 78.66174716666666], [16.92233183333333, 78.66174666666667], [16.922328166666667, 78.66174633333334], [16.922324333333332, 78.66174583333333], [16.9223205, 78.66174550000001], [16.922316666666667, 78.66174500000001], [16.922313, 78.66174466666666], [16.922308833333332, 78.66174416666667], [16.922305333333334, 78.66174383333333], [16.922301333333333, 78.66174333333333], [16.92229766666667, 78.66174299999999], [16.922294166666667, 78.6617425], [16.9222905, 78.66174216666667], [16.922286166666666, 78.66174166666666], [16.922282666666668, 78.66174133333334], [16.922278833333333, 78.66174083333334], [16.92227516666667, 78.6617405], [16.9222715, 78.66174], [16.922267166666664, 78.66173966666666], [16.9222635, 78.66173916666666], [16.92225983333333, 78.66173883333333], [16.92225566666667, 78.66173833333333], [16.922252, 78.66173783333333], [16.92224816666667, 78.6617375], [16.922244166666665, 78.66173699999999], [16.92224033333333, 78.6617365], [16.922236333333334, 78.66173616666667], [16.9222325, 78.66173566666666], [16.922228500000003, 78.66173516666666], [16.922224500000002, 78.66173483333334], [16.92222083333333, 78.66173433333333], [16.922217, 78.66173383333333], [16.922212833333333, 78.66173333333333], [16.922209333333335, 78.661733], [16.922205333333334, 78.6617325], [16.92220166666667, 78.66173216666667], [16.922198166666664, 78.66173166666667], [16.922194166666667, 78.66173133333334], [16.922190666666665, 78.66173083333334], [16.922187333333333, 78.6617305], [16.922183500000003, 78.66173], [16.92218, 78.66172966666666], [16.922176333333333, 78.66172916666666], [16.922173, 78.66172883333334], [16.9221695, 78.66172833333333], [16.922165833333334, 78.661728], [16.922162500000002, 78.66172750000001], [16.922159166666667, 78.661727], [16.92215583333333, 78.66172666666667], [16.92215283333333, 78.66172616666667], [16.922149666666666, 78.66172566666667], [16.922146833333333, 78.66172533333334], [16.922143666666667, 78.66172483333334], [16.922140833333334, 78.66172433333332], [16.922137833333334, 78.66172383333333], [16.922135166666667, 78.66172350000001], [16.92213233333333, 78.661723], [16.9221295, 78.6617225], [16.922126833333333, 78.66172216666668], [16.922124, 78.66172166666666], [16.9221215, 78.66172116666667], [16.922118666666666, 78.66172083333332], [16.922116000000003, 78.66172033333334], [16.922113666666668, 78.66172], [16.922110999999997, 78.66171949999999], [16.9221085, 78.66171899999999], [16.922106, 78.66171866666667], [16.922103333333332, 78.66171816666666], [16.92210083333333, 78.66171766666666], [16.9220985, 78.66171716666666], [16.922095833333334, 78.66171683333333], [16.922093500000003, 78.66171633333333], [16.922090833333336, 78.66171583333333], [16.92208833333333, 78.66171533333333], [16.92208583333333, 78.66171483333332], [16.922083166666667, 78.66171433333334], [16.922081, 78.661714], [16.922078166666665, 78.66171333333334], [16.922076166666667, 78.66171299999999], [16.922073333333334, 78.66171250000001], [16.92207116666667, 78.66171200000001], [16.922068333333335, 78.6617115], [16.922065999999997, 78.661711], [16.922064, 78.6617105], [16.922061333333332, 78.66171], [16.9220595, 78.66170966666667], [16.92205733333333, 78.66170916666667], [16.922054833333334, 78.66170866666667], [16.922052833333332, 78.66170833333334], [16.922050333333335, 78.66170783333334], [16.922048333333333, 78.66170733333334], [16.922045833333335, 78.66170683333333], [16.922043499999997, 78.66170633333333], [16.922041166666666, 78.66170583333333], [16.922038999999998, 78.66170533333334], [16.922037, 78.66170483333333], [16.92203483333333, 78.6617045], [16.9220325, 78.661704], [16.922030166666666, 78.6617035], [16.922028166666667, 78.661703], [16.922026000000002, 78.6617025], [16.922023666666668, 78.661702], [16.92202133333333, 78.66170149999999], [16.922018833333333, 78.661701], [16.922016499999998, 78.66170050000001], [16.922014333333333, 78.66170000000001], [16.922011833333332, 78.66169933333335], [16.92200933333333, 78.66169883333333], [16.922007, 78.66169833333333], [16.922004333333334, 78.66169766666667], [16.92200216666667, 78.66169716666667], [16.922, 78.66169666666666], [16.92199683333333, 78.66169599999999], [16.9219945, 78.6616955], [16.921992333333332, 78.661695], [16.921989666666665, 78.66169433333333], [16.9219875, 78.66169383333333], [16.921985166666666, 78.66169316666667], [16.921982833333335, 78.6616925], [16.921980166666668, 78.66169199999999], [16.921977166666668, 78.66169133333332], [16.921975, 78.66169066666666], [16.921973333333334, 78.66169016666666], [16.921970833333333, 78.66168966666667], [16.921968833333334, 78.66168916666668], [16.921966333333334, 78.66168850000001], [16.921964333333335, 78.661688], [16.921962333333333, 78.6616875], [16.921959166666667, 78.66168683333333], [16.921957666666668, 78.6616865], [16.921955, 78.66168583333334], [16.921952833333332, 78.66168533333332], [16.921950166666665, 78.66168466666666], [16.921947666666664, 78.66168416666666], [16.921945666666666, 78.6616835], [16.921943166666665, 78.661683], [16.921941, 78.66168250000001], [16.921940666666668, 78.66168216666667], [16.921938666666666, 78.66168166666667], [16.921937333333336, 78.66168133333333], [16.921935, 78.66168083333334], [16.921932833333337, 78.66168033333334], [16.92193083333333, 78.66167983333334], [16.921928166666664, 78.66167933333332], [16.921926166666665, 78.66167883333333], [16.921925166666664, 78.66167866666666], [16.921923666666665, 78.66167833333334], [16.921922, 78.661678], [16.9219195, 78.6616775], [16.921917833333335, 78.661677], [16.921916500000002, 78.66167683333333], [16.9219145, 78.66167633333333], [16.921912666666667, 78.661676], [16.921911666666666, 78.66167583333332], [16.92191, 78.6616755], [16.921908666666663, 78.66167516666665], [16.921907166666664, 78.661675], [16.92190533333333, 78.66167466666667], [16.9219035, 78.66167433333334], [16.921902166666666, 78.66167416666667], [16.921900666666666, 78.66167383333332], [16.921898833333334, 78.6616735], [16.9218975, 78.66167333333333], [16.921896166666667, 78.66167300000001], [16.921894333333334, 78.66167283333333], [16.921892500000002, 78.66167233333334], [16.921891333333335, 78.66167216666666], [16.921890333333334, 78.661672], [16.921888833333334, 78.66167183333333], [16.921887166666668, 78.6616715], [16.92188583333333, 78.66167133333333], [16.92188433333333, 78.661671], [16.921883166666664, 78.66167083333333], [16.921881499999998, 78.6616705], [16.921879999999998, 78.66167033333333], [16.921878833333334, 78.66167016666667], [16.921878, 78.66167], [16.921877, 78.66166983333332], [16.921875666666665, 78.6616695], [16.9218735, 78.66166916666666], [16.921872166666667, 78.661669], [16.921871, 78.66166883333334], [16.921869833333336, 78.66166849999999], [16.92186866666667, 78.66166833333334], [16.921867333333335, 78.66166799999999], [16.921865833333335, 78.66166766666667], [16.921865833333335, 78.66166766666667], [16.921865166666667, 78.66166766666667], [16.921863499999997, 78.66166733333333], [16.92186183333333, 78.66166700000001], [16.9218615, 78.66166683333333], [16.921859833333333, 78.66166666666666], [16.921858333333333, 78.66166616666666], [16.921857499999998, 78.66166616666666], [16.921855666666666, 78.661666], [16.921853833333333, 78.66166583333333], [16.9218515, 78.66166566666668], [16.921848333333333, 78.6616655], [16.9218455, 78.66166533333333], [16.9218435, 78.661665], [16.921841333333337, 78.66166483333333], [16.921839166666665, 78.66166466666667], [16.9218375, 78.6616645], [16.921835166666664, 78.66166433333333], [16.921832833333333, 78.66166416666667], [16.921830833333335, 78.661664], [16.921828833333333, 78.66166383333332], [16.921827166666667, 78.66166366666667], [16.921825166666668, 78.66166333333334], [16.92182366666667, 78.66166316666666], [16.92182216666667, 78.66166283333334], [16.9218215, 78.66166249999999], [16.921820166666667, 78.66166199999999], [16.9218195, 78.66166166666667], [16.921818666666663, 78.66166100000001], [16.921818, 78.66166066666666], [16.921817166666663, 78.66166016666666], [16.92181683333333, 78.66165983333333], [16.92181683333333, 78.6616595], [16.9218165, 78.661659], [16.921816333333332, 78.66165866666667], [16.921816166666666, 78.6616585], [16.9218165, 78.66165816666667], [16.921817166666663, 78.661658], [16.921818, 78.66165783333332], [16.921818, 78.66165766666667], [16.9218175, 78.66165733333334], [16.921816999999997, 78.66165716666666], [16.9218165, 78.661657], [16.921816166666666, 78.66165683333334], [16.921816, 78.66165649999999], [16.921815833333334, 78.66165633333334], [16.921815833333334, 78.66165616666667], [16.921815666666664, 78.661656], [16.921815833333334, 78.66165566666668], [16.921815499999997, 78.66165550000001], [16.9218145, 78.66165516666666], [16.921813666666665, 78.66165483333333], [16.92181383333333, 78.66165466666666], [16.921813166666666, 78.6616545], [16.921812499999998, 78.66165433333335], [16.921811666666667, 78.66165416666666], [16.921810999999998, 78.661654], [16.92181, 78.66165383333333], [16.921809, 78.66165366666668], [16.921808, 78.66165366666668], [16.921807166666667, 78.6616535], [16.9218065, 78.66165333333333], [16.9218055, 78.66165316666667], [16.921804666666667, 78.66165299999999], [16.921804, 78.66165299999999], [16.9218035, 78.66165283333333], [16.921802833333334, 78.66165266666667], [16.921802333333336, 78.66165233333332], [16.921801333333335, 78.66165216666667], [16.921800833333336, 78.661652], [16.921800333333334, 78.66165183333332], [16.9218, 78.6616515], [16.921799500000002, 78.66165116666666], [16.921798666666668, 78.66165099999999], [16.921798000000003, 78.66165066666667], [16.921797166666668, 78.6616505], [16.921796500000003, 78.66165033333333], [16.92179583333333, 78.66165016666667], [16.921795, 78.66165], [16.921794499999997, 78.66164983333333], [16.921793833333332, 78.66164966666666], [16.921793333333333, 78.66164950000001], [16.92179283333333, 78.66164933333333], [16.921792333333332, 78.661649], [16.921791833333334, 78.66164883333333], [16.921791, 78.66164866666666], [16.921790666666666, 78.6616485], [16.921790333333334, 78.66164833333333], [16.92178983333333, 78.66164816666667], [16.921789166666667, 78.661648], [16.921788833333334, 78.661648], [16.921788833333334, 78.66164783333333], [16.921788666666664, 78.66164766666667], [16.921788166666666, 78.66164733333333], [16.921788, 78.66164716666667], [16.921787666666667, 78.66164699999999], [16.921787333333334, 78.66164683333334], [16.921786833333332, 78.66164666666667], [16.921785666666665, 78.66164666666667], [16.9217845, 78.66164666666667], [16.921783, 78.66164666666667], [16.921781166666666, 78.66164683333334], [16.921779666666666, 78.66164699999999], [16.921778333333336, 78.66164699999999], [16.921776833333336, 78.66164699999999], [16.921775833333335, 78.66164716666667], [16.921775, 78.66164716666667], [16.92177416666667, 78.66164716666667], [16.921773666666663, 78.66164716666667], [16.921772999999998, 78.66164716666667], [16.921772166666663, 78.66164716666667], [16.921771333333332, 78.66164699999999], [16.921771333333332, 78.66164699999999], [16.921770666666664, 78.66164683333334], [16.92177, 78.66164666666667], [16.921769833333332, 78.66164633333332], [16.921769333333334, 78.66164616666667], [16.92176883333333, 78.661646], [16.921768, 78.66164583333332], [16.921768, 78.66164566666666], [16.921767833333334, 78.66164533333334], [16.921767499999998, 78.66164516666666], [16.921766833333333, 78.66164516666666], [16.921766333333334, 78.66164483333334], [16.921765666666666, 78.66164483333334], [16.921765166666667, 78.66164466666667], [16.921764, 78.66164466666667], [16.921763166666665, 78.66164483333334], [16.921762333333334, 78.66164483333334], [16.9217615, 78.66164483333334], [16.921760833333334, 78.66164483333334], [16.92176, 78.66164483333334], [16.9217595, 78.66164466666667], [16.921758833333335, 78.66164466666667], [16.9217585, 78.66164466666667], [16.921758166666667, 78.66164466666667], [16.921758, 78.66164483333334], [16.921757833333334, 78.66164483333334], [16.921757666666668, 78.66164483333334], [16.921757166666666, 78.66164483333334], [16.921756666666667, 78.66164483333334], [16.921756333333335, 78.66164483333334], [16.921755833333336, 78.66164483333334], [16.921755666666666, 78.66164466666667], [16.921755666666666, 78.66164483333334], [16.921755833333336, 78.66164483333334], [16.921756333333335, 78.66164483333334], [16.9217565, 78.66164466666667], [16.921756833333333, 78.66164466666667]]]}}]}