recorder_seconds,gps_utc_seconds,latitude,longitude,gps_valid,gps_quality,segment_id,gps_utc,elapsed_recorder_min
1788791513.785,1788791028.0,78.66132716666667,16.948021333333333,True,1,1,2026-09-07 14:23:48+00:00,0.0
1788791513.984,1788791028.2,78.66132883333333,16.948024,True,1,1,2026-09-07 14:23:48.200000048+00:00,0.003316664695739746
1788791514.185,1788791028.4,78.66133033333334,16.948026833333333,True,1,1,2026-09-07 14:23:48.400000095+00:00,0.006666664282480876
1788791514.384,1788791028.6,78.66133183333334,16.948029833333333,True,1,1,2026-09-07 14:23:48.599999905+00:00,0.009983332951863606
1788791514.584,1788791028.8,78.66133333333333,16.948032666666666,True,1,1,2026-09-07 14:23:48.799999952+00:00,0.013316667079925537
1788791514.783,1788791029.0,78.661335,16.9480355,True,1,1,2026-09-07 14:23:49+00:00,0.016633331775665283
1788791514.983,1788791029.2,78.6613365,16.948038,True,1,1,2026-09-07 14:23:49.200000048+00:00,0.019966665903727213
1788791515.181,1788791029.4,78.66133799999999,16.948040833333334,True,1,1,2026-09-07 14:23:49.400000095+00:00,0.02326666514078776
1788791515.382,1788791029.6,78.6613395,16.948043666666667,True,1,1,2026-09-07 14:23:49.599999905+00:00,0.02661666472752889
1788791515.582,1788791029.8,78.66134116666667,16.94804633333333,True,1,1,2026-09-07 14:23:49.799999952+00:00,0.02994999885559082
1788791515.781,1788791030.0,78.66134266666667,16.948049,True,1,1,2026-09-07 14:23:50+00:00,0.033266663551330566
1788791515.98,1788791030.2,78.66134416666667,16.948051833333334,True,1,1,2026-09-07 14:23:50.200000048+00:00,0.0365833322207133
1788791516.181,1788791030.4,78.66134583333334,16.9480545,True,1,1,2026-09-07 14:23:50.400000095+00:00,0.039933331807454425
1788791516.381,1788791030.6,78.66134733333334,16.9480575,True,1,1,2026-09-07 14:23:50.599999905+00:00,0.043266665935516355
1788791516.583,1788791030.8,78.661349,16.948060166666668,True,1,1,2026-09-07 14:23:50.799999952+00:00,0.04663333098093669
1788791516.784,1788791031.0,78.6613505,16.948062999999998,True,1,1,2026-09-07 14:23:51+00:00,0.049983330567677814
1788791516.983,1788791031.2,78.66135200000001,16.94806583333333,True,1,1,2026-09-07 14:23:51.200000048+00:00,0.053299999237060545
1788791517.183,1788791031.4,78.66135366666667,16.948068499999998,True,1,1,2026-09-07 14:23:51.400000095+00:00,0.056633333365122475
1788791517.384,1788791031.6,78.66135516666667,16.948071333333335,True,1,1,2026-09-07 14:23:51.599999905+00:00,0.05998333295186361
1788791517.583,1788791031.8,78.66135666666668,16.948074000000002,True,1,1,2026-09-07 14:23:51.799999952+00:00,0.06329999764760336
1788791517.784,1788791032.0,78.66135816666666,16.948076833333335,True,1,1,2026-09-07 14:23:52+00:00,0.06664999723434448
1788791517.983,1788791032.2,78.66135966666667,16.94807966666667,True,1,1,2026-09-07 14:23:52.200000048+00:00,0.06996666590372722
1788791518.183,1788791032.4,78.66136116666667,16.948082333333332,True,1,1,2026-09-07 14:23:52.400000095+00:00,0.07330000003178914
1788791518.384,1788791032.6,78.66136266666668,16.948085166666665,True,1,1,2026-09-07 14:23:52.599999905+00:00,0.07664999961853028
1788791518.583,1788791032.8,78.66136433333332,16.948087833333332,True,1,1,2026-09-07 14:23:52.799999952+00:00,0.07996666431427002
1788791518.781,1788791033.0,78.66136583333333,16.948090666666666,True,1,1,2026-09-07 14:23:53+00:00,0.08326666355133057
1788791518.983,1788791033.2,78.66136750000001,16.948093333333336,True,1,1,2026-09-07 14:23:53.200000048+00:00,0.08663333257039388
1788791519.183,1788791033.4,78.661369,16.948096333333336,True,1,1,2026-09-07 14:23:53.400000095+00:00,0.08996666669845581
1788791519.384,1788791033.6,78.6613705,16.948099,True,1,1,2026-09-07 14:23:53.599999905+00:00,0.09331666628519694
1788791519.584,1788791033.8,78.66137216666667,16.948101666666666,True,1,1,2026-09-07 14:23:53.799999952+00:00,0.09665000041325887
1788791519.783,1788791034.0,78.66137366666666,16.9481045,True,1,1,2026-09-07 14:23:54+00:00,0.09996666510899861
1788791519.982,1788791034.2,78.66137533333334,16.948107166666667,True,1,1,2026-09-07 14:23:54.200000048+00:00,0.10328333377838135
1788791520.18,1788791034.4,78.66137683333334,16.948110333333332,True,1,1,2026-09-07 14:23:54.400000095+00:00,0.1065833330154419
1788791520.382,1788791034.6,78.6613785,16.948113,True,1,1,2026-09-07 14:23:54.599999905+00:00,0.10994999806086223
1788791520.581,1788791034.8,78.66138,16.948115833333336,True,1,1,2026-09-07 14:23:54.799999952+00:00,0.11326666673024495
1788791520.782,1788791035.0,78.6613815,16.9481185,True,1,1,2026-09-07 14:23:55+00:00,0.11661666631698608
1788791520.982,1788791035.2,78.66138299999999,16.9481215,True,1,1,2026-09-07 14:23:55.200000048+00:00,0.11995000044504801
1788791521.184,1788791035.4,78.66138466666666,16.948124166666666,True,1,1,2026-09-07 14:23:55.400000095+00:00,0.12331666549046834
1788791521.385,1788791035.6,78.66138616666667,16.948127,True,1,1,2026-09-07 14:23:55.599999905+00:00,0.12666666507720947
1788791521.58,1788791035.8,78.66138766666667,16.948129833333333,True,1,1,2026-09-07 14:23:55.799999952+00:00,0.12991666396458942
1788791521.784,1788791036.0,78.66138933333333,16.948132666666666,True,1,1,2026-09-07 14:23:56+00:00,0.13331666390101116
1788791521.983,1788791036.2,78.66139083333334,16.9481355,True,1,1,2026-09-07 14:23:56.200000048+00:00,0.13663333257039387
1788791522.183,1788791036.4,78.66139233333334,16.94813816666667,True,1,1,2026-09-07 14:23:56.400000095+00:00,0.1399666666984558
1788791522.382,1788791036.6,78.66139383333334,16.948140666666667,True,1,1,2026-09-07 14:23:56.599999905+00:00,0.14328333139419555
1788791522.583,1788791036.8,78.6613955,16.948143333333334,True,1,1,2026-09-07 14:23:56.799999952+00:00,0.1466333309809367
1788791522.785,1788791037.0,78.66139700000001,16.948146166666668,True,1,1,2026-09-07 14:23:57+00:00,0.15
1788791522.982,1788791037.2,78.66139849999999,16.948148833333335,True,1,1,2026-09-07 14:23:57.200000048+00:00,0.15328333377838135
1788791523.183,1788791037.4,78.66140016666667,16.948151333333332,True,1,1,2026-09-07 14:23:57.400000095+00:00,0.15663333336512247
1788791523.382,1788791037.6,78.66140166666668,16.948154,True,1,1,2026-09-07 14:23:57.599999905+00:00,0.15994999806086221
1788791523.582,1788791037.8,78.66140316666666,16.948156666666666,True,1,1,2026-09-07 14:23:57.799999952+00:00,0.16328333218892416
1788791523.783,1788791038.0,78.66140466666667,16.948159166666667,True,1,1,2026-09-07 14:23:58+00:00,0.16663333177566528
1788791523.984,1788791038.2,78.66140633333333,16.948161833333334,True,1,1,2026-09-07 14:23:58.200000048+00:00,0.16998333136240643
1788791524.184,1788791038.4,78.66140783333334,16.94816416666667,True,1,1,2026-09-07 14:23:58.400000095+00:00,0.17331666549046834
1788791524.381,1788791038.6,78.6614095,16.94816666666667,True,1,1,2026-09-07 14:23:58.599999905+00:00,0.1765999992688497
1788791524.584,1788791038.8,78.661411,16.948169166666666,True,1,1,2026-09-07 14:23:58.799999952+00:00,0.1799833337465922
1788791524.784,1788791039.0,78.66141250000001,16.948171666666667,True,1,1,2026-09-07 14:23:59+00:00,0.18331666390101115
1788791524.985,1788791039.2,78.66141416666666,16.948174166666668,True,1,1,2026-09-07 14:23:59.200000048+00:00,0.18666666348775227
1788791525.184,1788791039.4,78.66141583333334,16.94817683333333,True,1,1,2026-09-07 14:23:59.400000095+00:00,0.189983332157135
1788791525.384,1788791039.6,78.66141733333333,16.9481795,True,1,1,2026-09-07 14:23:59.599999905+00:00,0.19331666628519695
1788791525.584,1788791039.8,78.66141883333333,16.948182166666665,True,1,1,2026-09-07 14:23:59.799999952+00:00,0.19665000041325886
1788791525.784,1788791040.0,78.6614205,16.94818466666667,True,1,1,2026-09-07 14:24:00+00:00,0.1999833305676778
1788791525.99,1788791040.2,78.66142199999999,16.948187333333333,True,1,1,2026-09-07 14:24:00.200000048+00:00,0.20341666539510092
1788791526.183,1788791040.4,78.66142366666666,16.94819,True,1,1,2026-09-07 14:24:00.400000095+00:00,0.2066333333651225
1788791526.383,1788791040.6,78.66142516666667,16.9481925,True,1,1,2026-09-07 14:24:00.599999905+00:00,0.20996666351954144
1788791526.581,1788791040.8,78.66142683333334,16.948195166666668,True,1,1,2026-09-07 14:24:00.799999952+00:00,0.21326666673024494
1788791526.781,1788791041.0,78.66142833333333,16.94819783333333,True,1,1,2026-09-07 14:24:01+00:00,0.2165999968846639
1788791526.981,1788791041.2,78.66143000000001,16.9482005,True,1,1,2026-09-07 14:24:01.200000048+00:00,0.21993333101272583
1788791527.182,1788791041.4,78.66143149999999,16.948203166666666,True,1,1,2026-09-07 14:24:01.400000095+00:00,0.22328333059946695
1788791527.385,1788791041.6,78.66143316666667,16.94820566666667,True,1,1,2026-09-07 14:24:01.599999905+00:00,0.22666666507720948
1788791527.584,1788791041.8,78.66143466666668,16.948208333333334,True,1,1,2026-09-07 14:24:01.799999952+00:00,0.22998333374659222
1788791527.786,1788791042.0,78.66143633333333,16.948210833333334,True,1,1,2026-09-07 14:24:02+00:00,0.23334999879201254
1788791527.984,1788791042.2,78.66143783333334,16.948213333333335,True,1,1,2026-09-07 14:24:02.200000048+00:00,0.23664999802907308
1788791528.185,1788791042.4,78.6614395,16.94821616666667,True,1,1,2026-09-07 14:24:02.400000095+00:00,0.2399999976158142
1788791528.385,1788791042.6,78.661441,16.948218666666666,True,1,1,2026-09-07 14:24:02.599999905+00:00,0.24333333174387614
1788791528.584,1788791042.8,78.6614425,16.948221333333333,True,1,1,2026-09-07 14:24:02.799999952+00:00,0.24665000041325888
1788791528.784,1788791043.0,78.66144416666666,16.948223833333333,True,1,1,2026-09-07 14:24:03+00:00,0.24998333056767783
1788791528.985,1788791043.2,78.66144583333333,16.948226666666667,True,1,1,2026-09-07 14:24:03.200000048+00:00,0.25333333015441895
1788791529.184,1788791043.4,78.66144733333334,16.948229166666668,True,1,1,2026-09-07 14:24:03.400000095+00:00,0.2566499988238017
1788791529.384,1788791043.6,78.66144899999999,16.948231833333335,True,1,1,2026-09-07 14:24:03.599999905+00:00,0.2599833329518636
1788791529.583,1788791043.8,78.6614505,16.948234333333335,True,1,1,2026-09-07 14:24:03.799999952+00:00,0.26329999764760337
1788791529.784,1788791044.0,78.66145216666668,16.948236833333333,True,1,1,2026-09-07 14:24:04+00:00,0.26664999723434446
1788791529.982,1788791044.2,78.66145383333334,16.9482395,True,1,1,2026-09-07 14:24:04.200000048+00:00,0.269950000445048
1788791530.183,1788791044.4,78.66145533333334,16.948242166666667,True,1,1,2026-09-07 14:24:04.400000095+00:00,0.27330000003178917
1788791530.384,1788791044.6,78.661457,16.948244666666668,True,1,1,2026-09-07 14:24:04.599999905+00:00,0.27664999961853026
1788791530.584,1788791044.8,78.6614585,16.94824733333333,True,1,1,2026-09-07 14:24:04.799999952+00:00,0.2799833337465922
1788791530.784,1788791045.0,78.66146016666667,16.948250166666664,True,1,1,2026-09-07 14:24:05+00:00,0.2833166639010111
1788791530.985,1788791045.2,78.66146183333333,16.94825266666667,True,1,1,2026-09-07 14:24:05.200000048+00:00,0.28666666348775227
1788791531.185,1788791045.4,78.66146333333333,16.94825516666667,True,1,1,2026-09-07 14:24:05.400000095+00:00,0.2899999976158142
1788791531.387,1788791045.6,78.66146483333334,16.94825816666667,True,1,1,2026-09-07 14:24:05.599999905+00:00,0.29336666663487754
1788791531.583,1788791045.8,78.6614665,16.948260833333332,True,1,1,2026-09-07 14:24:05.799999952+00:00,0.2966333309809367
1788791531.784,1788791046.0,78.66146816666667,16.948263333333333,True,1,1,2026-09-07 14:24:06+00:00,0.29998333056767784
1788791531.982,1788791046.2,78.66146966666666,16.948266333333333,True,1,1,2026-09-07 14:24:06.200000048+00:00,0.30328333377838135
1788791532.184,1788791046.4,78.66147133333334,16.948268833333334,True,1,1,2026-09-07 14:24:06.400000095+00:00,0.3066499988238017
1788791532.384,1788791046.6,78.66147299999999,16.948271499999997,True,1,1,2026-09-07 14:24:06.599999905+00:00,0.3099833329518636
1788791532.584,1788791046.8,78.6614745,16.948274333333334,True,1,1,2026-09-07 14:24:06.799999952+00:00,0.31331666707992556
1788791532.783,1788791047.0,78.661476,16.948277,True,1,1,2026-09-07 14:24:07+00:00,0.31663333177566527
1788791532.984,1788791047.2,78.66147766666667,16.9482795,True,1,1,2026-09-07 14:24:07.200000048+00:00,0.3199833313624064
1788791533.185,1788791047.4,78.66147916666667,16.94828216666667,True,1,1,2026-09-07 14:24:07.400000095+00:00,0.32333333094914757
1788791533.385,1788791047.6,78.66148083333333,16.948284666666666,True,1,1,2026-09-07 14:24:07.599999905+00:00,0.3266666650772095
1788791533.584,1788791047.8,78.66148233333334,16.948287333333333,True,1,1,2026-09-07 14:24:07.799999952+00:00,0.3299833337465922
1788791533.784,1788791048.0,78.661484,16.948289833333334,True,1,1,2026-09-07 14:24:08+00:00,0.33331666390101117
1788791533.982,1788791048.2,78.6614855,16.94829233333333,True,1,1,2026-09-07 14:24:08.200000048+00:00,0.3366166671117147
1788791534.183,1788791048.4,78.66148700000001,16.948294833333332,True,1,1,2026-09-07 14:24:08.400000095+00:00,0.3399666666984558
1788791534.384,1788791048.6,78.66148866666667,16.948297333333336,True,1,1,2026-09-07 14:24:08.599999905+00:00,0.3433166662851969
1788791534.583,1788791048.8,78.66149033333333,16.948299833333333,True,1,1,2026-09-07 14:24:08.799999952+00:00,0.3466333309809367
1788791534.783,1788791049.0,78.66149183333333,16.948302333333334,True,1,1,2026-09-07 14:24:09+00:00,0.3499666651089986
1788791534.985,1788791049.2,78.66149333333333,16.948304833333335,True,1,1,2026-09-07 14:24:09.200000048+00:00,0.3533333301544189
1788791535.184,1788791049.4,78.661495,16.948307333333332,True,1,1,2026-09-07 14:24:09.400000095+00:00,0.35664999882380166
1788791535.383,1788791049.6,78.66149650000001,16.948309833333333,True,1,1,2026-09-07 14:24:09.599999905+00:00,0.35996666351954143
1788791535.586,1788791049.8,78.66149816666666,16.9483125,True,1,1,2026-09-07 14:24:09.799999952+00:00,0.36334999799728396
1788791535.786,1788791050.0,78.66149966666667,16.948315166666664,True,1,1,2026-09-07 14:24:10+00:00,0.3666833321253459
1788791535.985,1788791050.2,78.66150133333333,16.948317666666664,True,1,1,2026-09-07 14:24:10.200000048+00:00,0.3699999968210856
1788791536.185,1788791050.4,78.66150283333333,16.94832016666667,True,1,1,2026-09-07 14:24:10.400000095+00:00,0.37333333094914756
1788791536.385,1788791050.6,78.66150433333334,16.948322666666666,True,1,1,2026-09-07 14:24:10.599999905+00:00,0.3766666650772095
1788791536.584,1788791050.8,78.66150599999999,16.948325166666667,True,1,1,2026-09-07 14:24:10.799999952+00:00,0.3799833337465922
1788791536.782,1788791051.0,78.6615075,16.948327666666668,True,1,1,2026-09-07 14:24:11+00:00,0.38328333298365275
1788791536.984,1788791051.2,78.66150916666668,16.948330333333335,True,1,1,2026-09-07 14:24:11.200000048+00:00,0.38664999802907307
1788791537.184,1788791051.4,78.66151066666666,16.948332833333332,True,1,1,2026-09-07 14:24:11.400000095+00:00,0.389983332157135
1788791537.385,1788791051.6,78.66151216666667,16.9483355,True,1,1,2026-09-07 14:24:11.599999905+00:00,0.39333333174387614
1788791537.585,1788791051.8,78.66151383333333,16.948338166666666,True,1,1,2026-09-07 14:24:11.799999952+00:00,0.39666666587193805
1788791537.788,1788791052.0,78.66151533333333,16.948341000000003,True,1,1,2026-09-07 14:24:12+00:00,0.4000500003496806
1788791537.987,1788791052.2,78.66151683333332,16.948344000000002,True,1,1,2026-09-07 14:24:12.200000048+00:00,0.40336666504542035
1788791538.181,1788791052.4,78.6615185,16.948346666666666,True,1,1,2026-09-07 14:24:12.400000095+00:00,0.4065999984741211
1788791538.383,1788791052.6,78.66152000000001,16.948349666666665,True,1,1,2026-09-07 14:24:12.599999905+00:00,0.4099666635195414
1788791538.584,1788791052.8,78.66152149999999,16.948352666666665,True,1,1,2026-09-07 14:24:12.799999952+00:00,0.41331666707992554
1788791538.785,1788791053.0,78.66152316666667,16.948355333333332,True,1,1,2026-09-07 14:24:13+00:00,0.4166666666666667
1788791538.985,1788791053.2,78.66152466666668,16.948358166666665,True,1,1,2026-09-07 14:24:13.200000048+00:00,0.41999999682108563
1788791539.185,1788791053.4,78.66152616666666,16.948361,True,1,1,2026-09-07 14:24:13.400000095+00:00,0.42333333094914755
1788791539.384,1788791053.6,78.66152783333334,16.94836366666667,True,1,1,2026-09-07 14:24:13.599999905+00:00,0.4266499996185303
1788791539.584,1788791053.8,78.66152933333333,16.948366500000002,True,1,1,2026-09-07 14:24:13.799999952+00:00,0.4299833337465922
1788791539.784,1788791054.0,78.66153083333333,16.948369500000002,True,1,1,2026-09-07 14:24:14+00:00,0.43331666390101115
1788791539.986,1788791054.2,78.66153233333333,16.948372333333335,True,1,1,2026-09-07 14:24:14.200000048+00:00,0.43668333292007444
1788791540.184,1788791054.4,78.66153383333334,16.948375,True,1,1,2026-09-07 14:24:14.400000095+00:00,0.43998333215713503
1788791540.383,1788791054.6,78.6615355,16.948377999999998,True,1,1,2026-09-07 14:24:14.599999905+00:00,0.44329999685287474
1788791540.583,1788791054.8,78.661537,16.94838083333333,True,1,1,2026-09-07 14:24:14.799999952+00:00,0.44663333098093666
1788791540.782,1788791055.0,78.6615385,16.948383666666665,True,1,1,2026-09-07 14:24:15+00:00,0.4499499996503194
1788791540.983,1788791055.2,78.66154,16.948386666666668,True,1,1,2026-09-07 14:24:15.200000048+00:00,0.45329999923706055
1788791541.184,1788791055.4,78.66154150000001,16.948389333333335,True,1,1,2026-09-07 14:24:15.400000095+00:00,0.4566499988238017
1788791541.386,1788791055.6,78.66154316666666,16.948392166666668,True,1,1,2026-09-07 14:24:15.599999905+00:00,0.460016663869222
1788791541.585,1788791055.8,78.66154466666667,16.948395166666668,True,1,1,2026-09-07 14:24:15.799999952+00:00,0.46333333253860476
1788791541.787,1788791056.0,78.66154616666667,16.948398166666667,True,1,1,2026-09-07 14:24:16+00:00,0.4666999975840251
1788791541.986,1788791056.2,78.66154766666666,16.948401,True,1,1,2026-09-07 14:24:16.200000048+00:00,0.4700166662534078
1788791542.187,1788791056.4,78.66154933333334,16.948404,True,1,1,2026-09-07 14:24:16.400000095+00:00,0.4733666658401489
1788791542.4,1788791056.6,78.66155083333334,16.948407,True,1,1,2026-09-07 14:24:16.599999905+00:00,0.4769166668256124
1788791542.586,1788791056.8,78.66155233333333,16.948409833333336,True,1,1,2026-09-07 14:24:16.799999952+00:00,0.4800166646639506
1788791542.784,1788791057.0,78.661554,16.948412833333336,True,1,1,2026-09-07 14:24:17+00:00,0.48331666390101113
1788791542.986,1788791057.2,78.6615555,16.948415666666666,True,1,1,2026-09-07 14:24:17.200000048+00:00,0.4866833329200745
1788791543.183,1788791057.4,78.66155699999999,16.948418666666665,True,1,1,2026-09-07 14:24:17.400000095+00:00,0.4899666666984558
1788791543.385,1788791057.6,78.66155866666666,16.948421666666665,True,1,1,2026-09-07 14:24:17.599999905+00:00,0.4933333317438761
1788791543.582,1788791057.8,78.66156016666667,16.948424499999998,True,1,1,2026-09-07 14:24:17.799999952+00:00,0.49661666552225747
1788791543.784,1788791058.0,78.66156166666666,16.948427499999998,True,1,1,2026-09-07 14:24:18+00:00,0.4999833305676778
1788791543.987,1788791058.2,78.66156333333333,16.94843033333333,True,1,1,2026-09-07 14:24:18.200000048+00:00,0.5033666650454204
1788791544.185,1788791058.4,78.66156483333333,16.9484335,True,1,1,2026-09-07 14:24:18.400000095+00:00,0.5066666642824809
1788791544.385,1788791058.6,78.66156633333334,16.948436333333333,True,1,1,2026-09-07 14:24:18.599999905+00:00,0.5099999984105428
1788791544.585,1788791058.8,78.661568,16.9484395,True,1,1,2026-09-07 14:24:18.799999952+00:00,0.5133333325386047
1788791544.784,1788791059.0,78.6615695,16.9484425,True,1,1,2026-09-07 14:24:19+00:00,0.5166499972343445
1788791544.983,1788791059.2,78.66157100000001,16.9484455,True,1,1,2026-09-07 14:24:19.200000048+00:00,0.5199666659037272
1788791545.183,1788791059.4,78.66157266666667,16.948448666666664,True,1,1,2026-09-07 14:24:19.400000095+00:00,0.5233000000317891
1788791545.384,1788791059.6,78.66157416666667,16.948451666666664,True,1,1,2026-09-07 14:24:19.599999905+00:00,0.5266499996185303
1788791545.583,1788791059.8,78.66157566666668,16.948455000000003,True,1,1,2026-09-07 14:24:19.799999952+00:00,0.52996666431427
1788791545.787,1788791060.0,78.66157733333333,16.948458000000002,True,1,1,2026-09-07 14:24:20+00:00,0.5333666642506917
1788791545.986,1788791060.2,78.66157883333334,16.948461333333334,True,1,1,2026-09-07 14:24:20.200000048+00:00,0.5366833329200744
1788791546.183,1788791060.4,78.66158033333333,16.948464666666666,True,1,1,2026-09-07 14:24:20.400000095+00:00,0.5399666666984558
1788791546.382,1788791060.6,78.661582,16.948467833333332,True,1,1,2026-09-07 14:24:20.599999905+00:00,0.5432833313941956
1788791546.583,1788791060.8,78.6615835,16.948470999999998,True,1,1,2026-09-07 14:24:20.799999952+00:00,0.5466333309809367
1788791546.783,1788791061.0,78.661585,16.948474166666664,True,1,1,2026-09-07 14:24:21+00:00,0.5499666651089986
1788791546.983,1788791061.2,78.66158650000001,16.948477500000003,True,1,1,2026-09-07 14:24:21.200000048+00:00,0.5532999992370605
1788791547.185,1788791061.4,78.66158816666666,16.94848066666667,True,1,1,2026-09-07 14:24:21.400000095+00:00,0.5566666642824809
1788791547.385,1788791061.6,78.66158966666667,16.948484166666667,True,1,1,2026-09-07 14:24:21.599999905+00:00,0.5599999984105428
1788791547.584,1788791061.8,78.66159133333333,16.948487,True,1,1,2026-09-07 14:24:21.799999952+00:00,0.5633166670799256
1788791547.783,1788791062.0,78.66159283333333,16.948490333333332,True,1,1,2026-09-07 14:24:22+00:00,0.5666333317756653
1788791547.983,1788791062.2,78.6615945,16.948493499999998,True,1,1,2026-09-07 14:24:22.200000048+00:00,0.5699666659037272
1788791548.185,1788791062.4,78.66159616666667,16.948496666666664,True,1,1,2026-09-07 14:24:22.400000095+00:00,0.5733333309491475
1788791548.386,1788791062.6,78.66159783333333,16.948499833333337,True,1,1,2026-09-07 14:24:22.599999905+00:00,0.5766833305358887
1788791548.587,1788791062.8,78.6615995,16.948503000000002,True,1,1,2026-09-07 14:24:22.799999952+00:00,0.5800333301226298
1788791548.786,1788791063.0,78.661601,16.948506333333334,True,1,1,2026-09-07 14:24:23+00:00,0.5833499987920125
1788791548.986,1788791063.2,78.66160266666667,16.9485095,True,1,1,2026-09-07 14:24:23.200000048+00:00,0.5866833329200745
1788791549.182,1788791063.4,78.66160433333333,16.948512666666666,True,1,1,2026-09-07 14:24:23.400000095+00:00,0.5899499972661336
1788791549.387,1788791063.6,78.66160583333334,16.948515999999998,True,1,1,2026-09-07 14:24:23.599999905+00:00,0.5933666666348775
1788791549.585,1788791063.8,78.6616075,16.948519166666664,True,1,1,2026-09-07 14:24:23.799999952+00:00,0.5966666658719381
1788791549.785,1788791064.0,78.661609,16.94852266666667,True,1,1,2026-09-07 14:24:24+00:00,0.6
1788791549.985,1788791064.2,78.66161066666668,16.948525833333335,True,1,1,2026-09-07 14:24:24.200000048+00:00,0.6033333301544189
1788791550.183,1788791064.4,78.66161216666666,16.948529,True,1,1,2026-09-07 14:24:24.400000095+00:00,0.6066333333651225
1788791550.384,1788791064.6,78.66161383333333,16.948532,True,1,1,2026-09-07 14:24:24.599999905+00:00,0.6099833329518636
1788791550.582,1788791064.8,78.6616155,16.948535333333332,True,1,1,2026-09-07 14:24:24.799999952+00:00,0.6132833321889242
1788791550.783,1788791065.0,78.66161699999999,16.948538166666665,True,1,1,2026-09-07 14:24:25+00:00,0.6166333317756653
1788791550.983,1788791065.2,78.66161866666667,16.948541499999997,True,1,1,2026-09-07 14:24:25.200000048+00:00,0.6199666659037272
1788791551.184,1788791065.4,78.66162033333333,16.948544833333337,True,1,1,2026-09-07 14:24:25.400000095+00:00,0.6233166654904684
1788791551.384,1788791065.6,78.66162183333333,16.948548000000002,True,1,1,2026-09-07 14:24:25.599999905+00:00,0.6266499996185303
1788791551.585,1788791065.8,78.66162349999999,16.9485515,True,1,1,2026-09-07 14:24:25.799999952+00:00,0.6299999992052714
1788791551.784,1788791066.0,78.661625,16.948554833333333,True,1,1,2026-09-07 14:24:26+00:00,0.6333166639010112
1788791551.983,1788791066.2,78.66162666666668,16.948557833333332,True,1,1,2026-09-07 14:24:26.200000048+00:00,0.6366333325703939
1788791552.184,1788791066.4,78.66162816666666,16.948560999999998,True,1,1,2026-09-07 14:24:26.400000095+00:00,0.639983332157135
1788791552.384,1788791066.6,78.66162966666667,16.9485645,True,1,1,2026-09-07 14:24:26.599999905+00:00,0.6433166662851969
1788791552.585,1788791066.8,78.66163133333333,16.948567833333335,True,1,1,2026-09-07 14:24:26.799999952+00:00,0.6466666658719381
1788791552.786,1788791067.0,78.661633,16.948571,True,1,1,2026-09-07 14:24:27+00:00,0.6500166654586792
1788791552.984,1788791067.2,78.66163466666667,16.948574166666667,True,1,1,2026-09-07 14:24:27.200000048+00:00,0.6533166646957398
1788791553.182,1788791067.4,78.66163633333333,16.9485775,True,1,1,2026-09-07 14:24:27.400000095+00:00,0.6566166639328003
1788791553.382,1788791067.6,78.66163783333333,16.948581,True,1,1,2026-09-07 14:24:27.599999905+00:00,0.6599499980608622
1788791553.585,1788791067.8,78.6616395,16.948584,True,1,1,2026-09-07 14:24:27.799999952+00:00,0.6633333325386047
1788791553.785,1788791068.0,78.66164116666667,16.948587,True,1,1,2026-09-07 14:24:28+00:00,0.6666666666666666
1788791553.985,1788791068.2,78.66164266666667,16.948590000000003,True,1,1,2026-09-07 14:24:28.200000048+00:00,0.6699999968210856
1788791554.185,1788791068.4,78.66164433333333,16.94859316666667,True,1,1,2026-09-07 14:24:28.400000095+00:00,0.6733333309491475
1788791554.386,1788791068.6,78.661646,16.948596333333334,True,1,1,2026-09-07 14:24:28.599999905+00:00,0.6766833305358887
1788791554.584,1788791068.8,78.6616475,16.948599666666667,True,1,1,2026-09-07 14:24:28.799999952+00:00,0.6799833337465923
1788791554.783,1788791069.0,78.66164916666666,16.948602666666666,True,1,1,2026-09-07 14:24:29+00:00,0.6832999984423319
1788791554.986,1788791069.2,78.66165083333334,16.948605999999998,True,1,1,2026-09-07 14:24:29.200000048+00:00,0.6866833329200744
1788791555.188,1788791069.4,78.66165233333332,16.948609166666664,True,1,1,2026-09-07 14:24:29.400000095+00:00,0.6900499979654948
1788791555.386,1788791069.6,78.661654,16.948612166666667,True,1,1,2026-09-07 14:24:29.599999905+00:00,0.6933499972025553
1788791555.586,1788791069.8,78.66165550000001,16.948615333333333,True,1,1,2026-09-07 14:24:29.799999952+00:00,0.6966833313306172
1788791555.787,1788791070.0,78.66165716666666,16.94861866666667,True,1,1,2026-09-07 14:24:30+00:00,0.7000333309173584
1788791555.989,1788791070.2,78.66165883333333,16.948621833333334,True,1,1,2026-09-07 14:24:30.200000048+00:00,0.7033999999364217
1788791556.183,1788791070.4,78.6616605,16.948624833333334,True,1,1,2026-09-07 14:24:30.400000095+00:00,0.7066333333651225
1788791556.383,1788791070.6,78.66166199999999,16.948627833333333,True,1,1,2026-09-07 14:24:30.599999905+00:00,0.7099666635195414
1788791556.582,1788791070.8,78.66166366666667,16.948630833333333,True,1,1,2026-09-07 14:24:30.799999952+00:00,0.7132833321889241
1788791556.783,1788791071.0,78.66166516666667,16.948634000000002,True,1,1,2026-09-07 14:24:31+00:00,0.7166333317756652
1788791556.983,1788791071.2,78.66166666666666,16.948637,True,1,1,2026-09-07 14:24:31.200000048+00:00,0.7199666659037273
1788791557.182,1788791071.4,78.66166833333334,16.948640166666667,True,1,1,2026-09-07 14:24:31.400000095+00:00,0.7232833305994669
1788791557.382,1788791071.6,78.66166983333332,16.948643333333333,True,1,1,2026-09-07 14:24:31.599999905+00:00,0.7266166647275288
1788791557.583,1788791071.8,78.6616715,16.94864683333333,True,1,1,2026-09-07 14:24:31.799999952+00:00,0.72996666431427
1788791557.786,1788791072.0,78.66167300000001,16.94865,True,1,1,2026-09-07 14:24:32+00:00,0.7333499987920126
1788791557.986,1788791072.2,78.66167466666667,16.948653166666666,True,1,1,2026-09-07 14:24:32.200000048+00:00,0.7366833329200745
1788791558.186,1788791072.4,78.66167633333333,16.948656333333336,True,1,1,2026-09-07 14:24:32.400000095+00:00,0.7400166670481364
1788791558.387,1788791072.6,78.66167783333334,16.9486595,True,1,1,2026-09-07 14:24:32.599999905+00:00,0.7433666666348775
1788791558.586,1788791072.8,78.66167933333332,16.948662666666667,True,1,1,2026-09-07 14:24:32.799999952+00:00,0.7466833313306173
1788791558.787,1788791073.0,78.66168083333334,16.948666,True,1,1,2026-09-07 14:24:33+00:00,0.7500333309173584
1788791558.986,1788791073.2,78.66168250000001,16.94866933333333,True,1,1,2026-09-07 14:24:33.200000048+00:00,0.7533499995867411
1788791559.187,1788791073.4,78.661684,16.9486725,True,1,1,2026-09-07 14:24:33.400000095+00:00,0.7566999991734823
1788791559.388,1788791073.6,78.66168566666667,16.948676,True,1,1,2026-09-07 14:24:33.599999905+00:00,0.7600499987602234
1788791559.586,1788791073.8,78.66168733333333,16.9486795,True,1,1,2026-09-07 14:24:33.799999952+00:00,0.763349997997284
1788791559.786,1788791074.0,78.66168883333333,16.948682666666667,True,1,1,2026-09-07 14:24:34+00:00,0.7666833321253459
1788791559.986,1788791074.2,78.66169033333334,16.948686000000002,True,1,1,2026-09-07 14:24:34.200000048+00:00,0.7700166662534078
1788791560.182,1788791074.4,78.66169199999999,16.948689166666668,True,1,1,2026-09-07 14:24:34.400000095+00:00,0.773283330599467
1788791560.385,1788791074.6,78.6616935,16.9486925,True,1,1,2026-09-07 14:24:34.599999905+00:00,0.7766666650772095
1788791560.584,1788791074.8,78.66169516666668,16.948695666666666,True,1,1,2026-09-07 14:24:34.799999952+00:00,0.7799833337465922
1788791560.787,1788791075.0,78.66169666666666,16.94869883333333,True,1,1,2026-09-07 14:24:35+00:00,0.7833666642506917
1788791560.985,1788791075.2,78.66169833333333,16.948702166666667,True,1,1,2026-09-07 14:24:35.200000048+00:00,0.7866666634877523
1788791561.185,1788791075.4,78.66170000000001,16.94870566666667,True,1,1,2026-09-07 14:24:35.400000095+00:00,0.7899999976158142
1788791561.386,1788791075.6,78.66170166666667,16.94870866666667,True,1,1,2026-09-07 14:24:35.599999905+00:00,0.7933499972025554
1788791561.583,1788791075.8,78.66170333333334,16.948712166666667,True,1,1,2026-09-07 14:24:35.799999952+00:00,0.7966333309809367
1788791561.787,1788791076.0,78.66170483333333,16.94871583333333,True,1,1,2026-09-07 14:24:36+00:00,0.8000333309173584
1788791561.986,1788791076.2,78.66170650000001,16.948719166666667,True,1,1,2026-09-07 14:24:36.200000048+00:00,0.8033499995867411
1788791562.186,1788791076.4,78.66170816666666,16.948722666666665,True,1,1,2026-09-07 14:24:36.400000095+00:00,0.806683333714803
1788791562.385,1788791076.6,78.66170966666667,16.948726,True,1,1,2026-09-07 14:24:36.599999905+00:00,0.8099999984105428
1788791562.586,1788791076.8,78.66171133333334,16.94872966666667,True,1,1,2026-09-07 14:24:36.799999952+00:00,0.8133499979972839
1788791562.787,1788791077.0,78.66171299999999,16.948733166666667,True,1,1,2026-09-07 14:24:37+00:00,0.8166999975840251
1788791562.984,1788791077.2,78.66171466666667,16.948736666666665,True,1,1,2026-09-07 14:24:37.200000048+00:00,0.8199833313624064
1788791563.187,1788791077.4,78.66171633333333,16.948740333333333,True,1,1,2026-09-07 14:24:37.400000095+00:00,0.823366665840149
1788791563.386,1788791077.6,78.66171800000001,16.948743999999998,True,1,1,2026-09-07 14:24:37.599999905+00:00,0.8266833305358887
1788791563.586,1788791077.8,78.66171983333334,16.948747500000003,True,1,1,2026-09-07 14:24:37.799999952+00:00,0.8300166646639506
1788791563.786,1788791078.0,78.66172150000001,16.948751,True,1,1,2026-09-07 14:24:38+00:00,0.8333499987920125
1788791563.985,1788791078.2,78.66172316666666,16.948754666666666,True,1,1,2026-09-07 14:24:38.200000048+00:00,0.8366666634877523
1788791564.185,1788791078.4,78.66172483333334,16.948758166666668,True,1,1,2026-09-07 14:24:38.400000095+00:00,0.8399999976158142
1788791564.382,1788791078.6,78.6617265,16.948762,True,1,1,2026-09-07 14:24:38.599999905+00:00,0.8432833313941955
1788791564.584,1788791078.8,78.66172816666668,16.94876533333333,True,1,1,2026-09-07 14:24:38.799999952+00:00,0.8466500004132589
1788791564.783,1788791079.0,78.66172966666666,16.948769000000002,True,1,1,2026-09-07 14:24:39+00:00,0.8499666651089987
1788791564.983,1788791079.2,78.66173133333334,16.948772333333334,True,1,1,2026-09-07 14:24:39.200000048+00:00,0.8532999992370606
1788791565.183,1788791079.4,78.66173283333333,16.9487755,True,1,1,2026-09-07 14:24:39.400000095+00:00,0.8566333333651225
1788791565.39,1788791079.6,78.6617345,16.948779000000002,True,1,1,2026-09-07 14:24:39.599999905+00:00,0.8600833336512248
1788791565.583,1788791079.8,78.66173616666667,16.9487825,True,1,1,2026-09-07 14:24:39.799999952+00:00,0.8632999976476033
1788791565.782,1788791080.0,78.66173766666667,16.948786,True,1,1,2026-09-07 14:24:40+00:00,0.8666166663169861
1788791565.985,1788791080.2,78.66173933333333,16.948788999999998,True,1,1,2026-09-07 14:24:40.200000048+00:00,0.8699999968210856
1788791566.183,1788791080.4,78.66174099999999,16.94879266666667,True,1,1,2026-09-07 14:24:40.400000095+00:00,0.8733000000317891
1788791566.383,1788791080.6,78.66174266666667,16.948796,True,1,1,2026-09-07 14:24:40.599999905+00:00,0.876633330186208
1788791566.582,1788791080.8,78.66174433333335,16.948799333333334,True,1,1,2026-09-07 14:24:40.799999952+00:00,0.8799499988555908
1788791566.782,1788791081.0,78.661746,16.948803,True,1,1,2026-09-07 14:24:41+00:00,0.8832833329836528
1788791566.981,1788791081.2,78.6617475,16.9488065,True,1,1,2026-09-07 14:24:41.200000048+00:00,0.8865999976793925
1788791567.182,1788791081.4,78.66174916666667,16.948809666666666,True,1,1,2026-09-07 14:24:41.400000095+00:00,0.8899499972661337
1788791567.388,1788791081.6,78.66175083333333,16.94881333333333,True,1,1,2026-09-07 14:24:41.599999905+00:00,0.8933833320935567
1788791567.582,1788791081.8,78.66175249999999,16.948816500000003,True,1,1,2026-09-07 14:24:41.799999952+00:00,0.8966166655222575
1788791567.784,1788791082.0,78.66175416666667,16.94882,True,1,1,2026-09-07 14:24:42+00:00,0.8999833305676778
1788791567.986,1788791082.2,78.66175583333333,16.948823166666667,True,1,1,2026-09-07 14:24:42.200000048+00:00,0.9033499995867411
1788791568.185,1788791082.4,78.66175733333333,16.948826166666667,True,1,1,2026-09-07 14:24:42.400000095+00:00,0.9066666642824809
1788791568.383,1788791082.6,78.66175883333334,16.9488295,True,1,1,2026-09-07 14:24:42.599999905+00:00,0.9099666635195415
1788791568.583,1788791082.8,78.6617605,16.948832499999998,True,1,1,2026-09-07 14:24:42.799999952+00:00,0.9132999976476034
1788791568.787,1788791083.0,78.66176216666666,16.948835666666664,True,1,1,2026-09-07 14:24:43+00:00,0.9166999975840251
1788791568.986,1788791083.2,78.66176366666667,16.948838833333333,True,1,1,2026-09-07 14:24:43.200000048+00:00,0.9200166662534078
1788791569.186,1788791083.4,78.66176533333334,16.948841833333333,True,1,1,2026-09-07 14:24:43.400000095+00:00,0.9233500003814697
1788791569.387,1788791083.6,78.66176683333333,16.948844833333332,True,1,1,2026-09-07 14:24:43.599999905+00:00,0.9266999999682108
1788791569.586,1788791083.8,78.66176850000001,16.948847833333332,True,1,1,2026-09-07 14:24:43.799999952+00:00,0.9300166646639506
1788791569.787,1788791084.0,78.66176999999999,16.94885083333333,True,1,1,2026-09-07 14:24:44+00:00,0.9333666642506917
1788791569.986,1788791084.2,78.66177166666667,16.948853999999997,True,1,1,2026-09-07 14:24:44.200000048+00:00,0.9366833329200744
1788791570.187,1788791084.4,78.66177316666668,16.948857166666667,True,1,1,2026-09-07 14:24:44.400000095+00:00,0.9400333325068156
1788791570.387,1788791084.6,78.66177466666666,16.94886,True,1,1,2026-09-07 14:24:44.599999905+00:00,0.9433666666348776
1788791570.584,1788791084.8,78.66177633333334,16.94886316666667,True,1,1,2026-09-07 14:24:44.799999952+00:00,0.9466500004132589
1788791570.785,1788791085.0,78.66177783333333,16.94886616666667,True,1,1,2026-09-07 14:24:45+00:00,0.95
1788791570.984,1788791085.2,78.6617795,16.948869166666668,True,1,1,2026-09-07 14:24:45.200000048+00:00,0.9533166646957397
1788791571.185,1788791085.4,78.661781,16.948872166666668,True,1,1,2026-09-07 14:24:45.400000095+00:00,0.9566666642824809
1788791571.386,1788791085.6,78.6617825,16.948875333333334,True,1,1,2026-09-07 14:24:45.599999905+00:00,0.960016663869222
1788791571.586,1788791085.8,78.66178416666666,16.9488785,True,1,1,2026-09-07 14:24:45.799999952+00:00,0.9633499979972839
1788791571.787,1788791086.0,78.66178566666667,16.948881333333336,True,1,1,2026-09-07 14:24:46+00:00,0.966699997584025
1788791571.987,1788791086.2,78.66178733333332,16.948884333333336,True,1,1,2026-09-07 14:24:46.200000048+00:00,0.9700333317120869
1788791572.188,1788791086.4,78.66178883333333,16.948887333333335,True,1,1,2026-09-07 14:24:46.400000095+00:00,0.9733833312988281
1788791572.386,1788791086.6,78.66179050000001,16.9488905,True,1,1,2026-09-07 14:24:46.599999905+00:00,0.9766833305358886
1788791572.585,1788791086.8,78.661792,16.9488935,True,1,1,2026-09-07 14:24:46.799999952+00:00,0.9799999992052714
1788791572.785,1788791087.0,78.6617935,16.9488965,True,1,1,2026-09-07 14:24:47+00:00,0.9833333333333333
1788791572.987,1788791087.2,78.66179516666666,16.948899333333333,True,1,1,2026-09-07 14:24:47.200000048+00:00,0.9866999983787537
1788791573.185,1788791087.4,78.66179666666667,16.948902166666667,True,1,1,2026-09-07 14:24:47.400000095+00:00,0.9899999976158143
1788791573.386,1788791087.6,78.66179816666666,16.948905333333336,True,1,1,2026-09-07 14:24:47.599999905+00:00,0.9933499972025553
1788791573.585,1788791087.8,78.66179983333333,16.94890816666667,True,1,1,2026-09-07 14:24:47.799999952+00:00,0.9966666658719381
1788791573.785,1788791088.0,78.66180133333334,16.9489115,True,1,1,2026-09-07 14:24:48+00:00,1.0
1788791573.983,1788791088.2,78.66180283333333,16.948915166666666,True,1,1,2026-09-07 14:24:48.200000048+00:00,1.0032999992370606
1788791574.188,1788791088.4,78.66180433333334,16.948919333333333,True,1,1,2026-09-07 14:24:48.400000095+00:00,1.0067166646321615
1788791574.386,1788791088.6,78.661806,16.948923999999998,True,1,1,2026-09-07 14:24:48.599999905+00:00,1.010016663869222
1788791574.585,1788791088.8,78.66180766666666,16.94892916666667,True,1,1,2026-09-07 14:24:48.799999952+00:00,1.0133333325386047
1788791574.788,1788791089.0,78.66180933333334,16.9489355,True,1,1,2026-09-07 14:24:49+00:00,1.0167166670163472
1788791574.986,1788791089.2,78.66181116666667,16.94894233333333,True,1,1,2026-09-07 14:24:49.200000048+00:00,1.0200166662534078
1788791575.187,1788791089.4,78.66181266666668,16.948949833333334,True,1,1,2026-09-07 14:24:49.400000095+00:00,1.023366665840149
1788791575.384,1788791089.6,78.66181383333333,16.948956666666668,True,1,1,2026-09-07 14:24:49.599999905+00:00,1.0266499996185303
1788791575.581,1788791089.8,78.66181516666667,16.948964,True,1,1,2026-09-07 14:24:49.799999952+00:00,1.0299333333969116
1788791575.782,1788791090.0,78.6618165,16.948971833333335,True,1,1,2026-09-07 14:24:50+00:00,1.0332833329836528
1788791575.982,1788791090.2,78.66181783333333,16.948980666666667,True,1,1,2026-09-07 14:24:50.200000048+00:00,1.0366166671117147
1788791576.182,1788791090.4,78.66181916666666,16.948989833333332,True,1,1,2026-09-07 14:24:50.400000095+00:00,1.0399499972661337
1788791576.382,1788791090.6,78.66182033333332,16.94899966666667,True,1,1,2026-09-07 14:24:50.599999905+00:00,1.0432833313941956
1788791576.582,1788791090.8,78.6618215,16.949009999999998,True,1,1,2026-09-07 14:24:50.799999952+00:00,1.0466166655222575
1788791576.78,1788791091.0,78.66182266666667,16.949021000000002,True,1,1,2026-09-07 14:24:51+00:00,1.049916664759318
1788791576.982,1788791091.2,78.66182350000001,16.949031333333334,True,1,1,2026-09-07 14:24:51.200000048+00:00,1.0532833337783813
1788791577.182,1788791091.4,78.66182433333333,16.949041833333336,True,1,1,2026-09-07 14:24:51.400000095+00:00,1.0566166639328003
1788791577.382,1788791091.6,78.661825,16.949052333333334,True,1,1,2026-09-07 14:24:51.599999905+00:00,1.0599499980608622
1788791577.585,1788791091.8,78.66182566666666,16.9490635,True,1,1,2026-09-07 14:24:51.799999952+00:00,1.0633333325386047
1788791577.785,1788791092.0,78.66182616666667,16.949074166666666,True,1,1,2026-09-07 14:24:52+00:00,1.0666666666666667
1788791577.984,1788791092.2,78.6618265,16.949084833333334,True,1,1,2026-09-07 14:24:52.200000048+00:00,1.0699833313624063
1788791578.183,1788791092.4,78.6618265,16.949094833333334,True,1,1,2026-09-07 14:24:52.400000095+00:00,1.0733000000317892
1788791578.383,1788791092.6,78.6618265,16.949105499999998,True,1,1,2026-09-07 14:24:52.599999905+00:00,1.076633330186208
1788791578.583,1788791092.8,78.66182633333332,16.949115333333335,True,1,1,2026-09-07 14:24:52.799999952+00:00,1.07996666431427
1788791578.784,1788791093.0,78.66182583333332,16.9491245,True,1,1,2026-09-07 14:24:53+00:00,1.0833166639010112
1788791578.982,1788791093.2,78.66182533333334,16.949133333333336,True,1,1,2026-09-07 14:24:53.200000048+00:00,1.0866166671117148
1788791579.185,1788791093.4,78.66182466666667,16.949141666666666,True,1,1,2026-09-07 14:24:53.400000095+00:00,1.0899999976158141
1788791579.384,1788791093.6,78.66182383333333,16.949149166666665,True,1,1,2026-09-07 14:24:53.599999905+00:00,1.093316666285197
1788791579.582,1788791093.8,78.661823,16.949155833333336,True,1,1,2026-09-07 14:24:53.799999952+00:00,1.0966166655222576
1788791579.786,1788791094.0,78.661822,16.949161833333335,True,1,1,2026-09-07 14:24:54+00:00,1.1000166654586792
1788791579.983,1788791094.2,78.66182083333334,16.949166833333333,True,1,1,2026-09-07 14:24:54.200000048+00:00,1.1032999992370605
1788791580.184,1788791094.4,78.66181966666666,16.949171,True,1,1,2026-09-07 14:24:54.400000095+00:00,1.1066499988238017
1788791580.386,1788791094.6,78.66181816666668,16.9491745,True,1,1,2026-09-07 14:24:54.599999905+00:00,1.110016663869222
1788791580.583,1788791094.8,78.66181683333333,16.949178,True,1,1,2026-09-07 14:24:54.799999952+00:00,1.1132999976476035
1788791580.783,1788791095.0,78.66181533333334,16.949180666666667,True,1,1,2026-09-07 14:24:55+00:00,1.1166333317756654
1788791580.982,1788791095.2,78.66181383333333,16.949183,True,1,1,2026-09-07 14:24:55.200000048+00:00,1.119950000445048
1788791581.182,1788791095.4,78.66181233333333,16.949184666666667,True,1,1,2026-09-07 14:24:55.400000095+00:00,1.123283330599467
1788791581.383,1788791095.6,78.66181083333332,16.9491865,True,1,1,2026-09-07 14:24:55.599999905+00:00,1.1266333301862081
1788791581.584,1788791095.8,78.66180933333334,16.949187833333333,True,1,1,2026-09-07 14:24:55.799999952+00:00,1.129983333746592
1788791581.784,1788791096.0,78.66180783333333,16.949189,True,1,1,2026-09-07 14:24:56+00:00,1.133316663901011
1788791581.983,1788791096.2,78.66180633333333,16.949189999999998,True,1,1,2026-09-07 14:24:56.200000048+00:00,1.136633332570394
1788791582.183,1788791096.4,78.66180483333332,16.9491905,True,1,1,2026-09-07 14:24:56.400000095+00:00,1.1399666666984558
1788791582.382,1788791096.6,78.66180333333334,16.949190833333333,True,1,1,2026-09-07 14:24:56.599999905+00:00,1.1432833313941955
1788791582.584,1788791096.8,78.66180183333333,16.949191166666665,True,1,1,2026-09-07 14:24:56.799999952+00:00,1.146650000413259
1788791582.786,1788791097.0,78.6618005,16.949191166666665,True,1,1,2026-09-07 14:24:57+00:00,1.1500166654586792
1788791582.985,1788791097.2,78.661799,16.949190833333333,True,1,1,2026-09-07 14:24:57.200000048+00:00,1.1533333301544189
1788791583.185,1788791097.4,78.66179766666667,16.949190333333334,True,1,1,2026-09-07 14:24:57.400000095+00:00,1.1566666642824808
1788791583.384,1788791097.6,78.66179633333333,16.94918983333333,True,1,1,2026-09-07 14:24:57.599999905+00:00,1.1599833329518636
1788791583.584,1788791097.8,78.661795,16.949189,True,1,1,2026-09-07 14:24:57.799999952+00:00,1.1633166670799255
1788791583.784,1788791098.0,78.66179383333333,16.949188166666666,True,1,1,2026-09-07 14:24:58+00:00,1.1666499972343445
1788791583.985,1788791098.2,78.66179233333334,16.949187,True,1,1,2026-09-07 14:24:58.200000048+00:00,1.1699999968210857
1788791584.188,1788791098.4,78.66179116666667,16.949185833333335,True,1,1,2026-09-07 14:24:58.400000095+00:00,1.1733833312988282
1788791584.387,1788791098.6,78.66178983333333,16.949184333333335,True,1,1,2026-09-07 14:24:58.599999905+00:00,1.1766999999682108
1788791584.585,1788791098.8,78.6617885,16.949183333333334,True,1,1,2026-09-07 14:24:58.799999952+00:00,1.1799999992052714
1788791584.785,1788791099.0,78.66178716666667,16.949182166666667,True,1,1,2026-09-07 14:24:59+00:00,1.1833333333333333
1788791584.982,1788791099.2,78.66178599999999,16.949181,True,1,1,2026-09-07 14:24:59.200000048+00:00,1.1866166671117147
1788791585.185,1788791099.4,78.66178466666666,16.9491795,True,1,1,2026-09-07 14:24:59.400000095+00:00,1.1899999976158142
1788791585.386,1788791099.6,78.66178333333333,16.949178166666666,True,1,1,2026-09-07 14:24:59.599999905+00:00,1.1933499972025554
1788791585.584,1788791099.8,78.66178216666667,16.949177000000002,True,1,1,2026-09-07 14:24:59.799999952+00:00,1.196650000413259
1788791585.785,1788791100.0,78.66178083333332,16.949175500000003,True,1,1,2026-09-07 14:25:00+00:00,1.2
1788791585.99,1788791100.2,78.6617795,16.949174333333335,True,1,1,2026-09-07 14:25:00.200000048+00:00,1.2034166653951008
1788791586.185,1788791100.4,78.66177816666666,16.949173,True,1,1,2026-09-07 14:25:00.400000095+00:00,1.2066666642824808
1788791586.383,1788791100.6,78.66177666666667,16.94917183333333,True,1,1,2026-09-07 14:25:00.599999905+00:00,1.2099666635195414
1788791586.586,1788791100.8,78.66177533333332,16.949170499999997,True,1,1,2026-09-07 14:25:00.799999952+00:00,1.213349997997284
1788791586.787,1788791101.0,78.66177383333334,16.9491695,True,1,1,2026-09-07 14:25:01+00:00,1.2166999975840251
1788791586.984,1788791101.2,78.66177233333333,16.9491685,True,1,1,2026-09-07 14:25:01.200000048+00:00,1.2199833313624064
1788791587.184,1788791101.4,78.66177083333334,16.94916733333333,True,1,1,2026-09-07 14:25:01.400000095+00:00,1.2233166654904684
1788791587.386,1788791101.6,78.66176933333332,16.949166333333334,True,1,1,2026-09-07 14:25:01.599999905+00:00,1.2266833305358886
1788791587.584,1788791101.8,78.661768,16.949164833333334,True,1,1,2026-09-07 14:25:01.799999952+00:00,1.2299833337465922
1788791587.784,1788791102.0,78.66176633333333,16.949163666666667,True,1,1,2026-09-07 14:25:02+00:00,1.2333166639010111
1788791587.984,1788791102.2,78.66176483333334,16.949162166666667,True,1,1,2026-09-07 14:25:02.200000048+00:00,1.236649998029073
1788791588.186,1788791102.4,78.66176316666666,16.949160666666668,True,1,1,2026-09-07 14:25:02.400000095+00:00,1.2400166670481363
1788791588.387,1788791102.6,78.66176166666668,16.949159,True,1,1,2026-09-07 14:25:02.599999905+00:00,1.2433666666348775
1788791588.585,1788791102.8,78.66176,16.949157500000002,True,1,1,2026-09-07 14:25:02.799999952+00:00,1.246666665871938
1788791588.786,1788791103.0,78.66175849999999,16.949155833333336,True,1,1,2026-09-07 14:25:03+00:00,1.2500166654586793
1788791588.986,1788791103.2,78.66175683333333,16.949154166666666,True,1,1,2026-09-07 14:25:03.200000048+00:00,1.2533499995867412
1788791589.184,1788791103.4,78.661755,16.9491525,True,1,1,2026-09-07 14:25:03.400000095+00:00,1.2566499988238016
1788791589.385,1788791103.6,78.66175333333334,16.94915083333333,True,1,1,2026-09-07 14:25:03.599999905+00:00,1.2599999984105428
1788791589.585,1788791103.8,78.66175166666667,16.949149,True,1,1,2026-09-07 14:25:03.799999952+00:00,1.2633333325386047
1788791589.786,1788791104.0,78.66175,16.949147,True,1,1,2026-09-07 14:25:04+00:00,1.266683332125346
1788791589.987,1788791104.2,78.66174833333334,16.949145166666664,True,1,1,2026-09-07 14:25:04.200000048+00:00,1.270033331712087
1788791590.187,1788791104.4,78.66174633333334,16.949143,True,1,1,2026-09-07 14:25:04.400000095+00:00,1.273366665840149
1788791590.385,1788791104.6,78.661744,16.949140833333335,True,1,1,2026-09-07 14:25:04.599999905+00:00,1.2766666650772094
1788791590.583,1788791104.8,78.6617415,16.949138166666668,True,1,1,2026-09-07 14:25:04.799999952+00:00,1.27996666431427
1788791590.787,1788791105.0,78.66173866666666,16.9491355,True,1,1,2026-09-07 14:25:05+00:00,1.2833666642506918
1788791590.984,1788791105.2,78.6617355,16.94913216666667,True,1,1,2026-09-07 14:25:05.200000048+00:00,1.286649998029073
1788791591.184,1788791105.4,78.66173233333333,16.949128833333337,True,1,1,2026-09-07 14:25:05.400000095+00:00,1.289983332157135
1788791591.384,1788791105.6,78.66172916666666,16.949125499999997,True,1,1,2026-09-07 14:25:05.599999905+00:00,1.293316666285197
1788791591.583,1788791105.8,78.66172583333334,16.949121833333333,True,1,1,2026-09-07 14:25:05.799999952+00:00,1.2966333309809366
1788791591.785,1788791106.0,78.6617225,16.949118333333335,True,1,1,2026-09-07 14:25:06+00:00,1.3
1788791591.983,1788791106.2,78.66171916666667,16.9491145,True,1,1,2026-09-07 14:25:06.200000048+00:00,1.3032999992370606
1788791592.186,1788791106.4,78.661716,16.949110833333336,True,1,1,2026-09-07 14:25:06.400000095+00:00,1.3066833337148032
1788791592.386,1788791106.6,78.66171266666667,16.949107166666668,True,1,1,2026-09-07 14:25:06.599999905+00:00,1.310016663869222
1788791592.585,1788791106.8,78.6617095,16.9491035,True,1,1,2026-09-07 14:25:06.799999952+00:00,1.3133333325386047
1788791592.784,1788791107.0,78.66170616666666,16.94909983333333,True,1,1,2026-09-07 14:25:07+00:00,1.3166499972343444
1788791592.988,1788791107.2,78.661703,16.949096166666667,True,1,1,2026-09-07 14:25:07.200000048+00:00,1.3200499971707662
1788791593.187,1788791107.4,78.66169966666666,16.949092333333333,True,1,1,2026-09-07 14:25:07.400000095+00:00,1.3233666658401488
1788791593.384,1788791107.6,78.66169633333334,16.949088500000002,True,1,1,2026-09-07 14:25:07.599999905+00:00,1.3266499996185304
1788791593.585,1788791107.8,78.661693,16.9490845,True,1,1,2026-09-07 14:25:07.799999952+00:00,1.3299999992052713
1788791593.786,1788791108.0,78.66168966666667,16.949080499999997,True,1,1,2026-09-07 14:25:08+00:00,1.3333499987920125
1788791593.986,1788791108.2,78.66168633333334,16.949076666666667,True,1,1,2026-09-07 14:25:08.200000048+00:00,1.3366833329200745
1788791594.187,1788791108.4,78.661683,16.949072833333332,True,1,1,2026-09-07 14:25:08.400000095+00:00,1.3400333325068157
1788791594.387,1788791108.6,78.66167966666667,16.949069,True,1,1,2026-09-07 14:25:08.599999905+00:00,1.3433666666348776
1788791594.586,1788791108.8,78.66167633333333,16.949065166666667,True,1,1,2026-09-07 14:25:08.799999952+00:00,1.3466833313306172
1788791594.787,1788791109.0,78.66167300000001,16.94906116666667,True,1,1,2026-09-07 14:25:09+00:00,1.3500333309173584
1788791594.986,1788791109.2,78.66166966666667,16.949057166666666,True,1,1,2026-09-07 14:25:09.200000048+00:00,1.353349999586741
1788791595.185,1788791109.4,78.66166633333334,16.949053166666666,True,1,1,2026-09-07 14:25:09.400000095+00:00,1.356666664282481
1788791595.387,1788791109.6,78.661663,16.949048833333332,True,1,1,2026-09-07 14:25:09.599999905+00:00,1.3600333333015442
1788791595.589,1788791109.8,78.66165966666668,16.949044833333335,True,1,1,2026-09-07 14:25:09.799999952+00:00,1.3633999983469645
1788791595.787,1788791110.0,78.66165633333334,16.94904066666667,True,1,1,2026-09-07 14:25:10+00:00,1.366699997584025
1788791595.985,1788791110.2,78.66165299999999,16.94903683333333,True,1,1,2026-09-07 14:25:10.200000048+00:00,1.3699999968210856
1788791596.182,1788791110.4,78.66164966666666,16.949032499999998,True,1,1,2026-09-07 14:25:10.400000095+00:00,1.373283330599467
1788791596.386,1788791110.6,78.66164633333332,16.949028333333334,True,1,1,2026-09-07 14:25:10.599999905+00:00,1.3766833305358888
1788791596.586,1788791110.8,78.661643,16.949024166666668,True,1,1,2026-09-07 14:25:10.799999952+00:00,1.3800166646639507
1788791596.787,1788791111.0,78.66163966666666,16.94902,True,1,1,2026-09-07 14:25:11+00:00,1.3833666642506917
1788791596.984,1788791111.2,78.66163633333333,16.94901583333333,True,1,1,2026-09-07 14:25:11.200000048+00:00,1.3866499980290732
1788791597.183,1788791111.4,78.661633,16.949011666666667,True,1,1,2026-09-07 14:25:11.400000095+00:00,1.3899666666984558
1788791597.386,1788791111.6,78.66162966666667,16.9490075,True,1,1,2026-09-07 14:25:11.599999905+00:00,1.3933499972025554
1788791597.582,1788791111.8,78.6616265,16.9490035,True,1,1,2026-09-07 14:25:11.799999952+00:00,1.3966166655222574
1788791597.788,1788791112.0,78.66162316666667,16.948999166666667,True,1,1,2026-09-07 14:25:12+00:00,1.4000500003496805
1788791597.985,1788791112.2,78.66161983333333,16.948995,True,1,1,2026-09-07 14:25:12.200000048+00:00,1.4033333301544189
1788791598.185,1788791112.4,78.66161650000001,16.948990666666667,True,1,1,2026-09-07 14:25:12.400000095+00:00,1.4066666642824808
1788791598.386,1788791112.6,78.66161316666667,16.9489865,True,1,1,2026-09-07 14:25:12.599999905+00:00,1.410016663869222
1788791598.587,1788791112.8,78.66160983333333,16.948982,True,1,1,2026-09-07 14:25:12.799999952+00:00,1.4133666634559632
1788791598.782,1788791113.0,78.66160666666666,16.948977666666668,True,1,1,2026-09-07 14:25:13+00:00,1.4166166663169861
1788791598.987,1788791113.2,78.66160333333333,16.948973000000002,True,1,1,2026-09-07 14:25:13.200000048+00:00,1.420033331712087
1788791599.185,1788791113.4,78.66159999999999,16.948968333333333,True,1,1,2026-09-07 14:25:13.400000095+00:00,1.4233333309491476
1788791599.385,1788791113.6,78.66159666666667,16.948963666666668,True,1,1,2026-09-07 14:25:13.599999905+00:00,1.4266666650772095
1788791599.585,1788791113.8,78.6615935,16.948958833333332,True,1,1,2026-09-07 14:25:13.799999952+00:00,1.4299999992052714
1788791599.787,1788791114.0,78.66159016666667,16.948953833333334,True,1,1,2026-09-07 14:25:14+00:00,1.4333666642506917
1788791599.986,1788791114.2,78.661587,16.94894866666667,True,1,1,2026-09-07 14:25:14.200000048+00:00,1.4366833329200746
1788791600.185,1788791114.4,78.66158383333332,16.9489435,True,1,1,2026-09-07 14:25:14.400000095+00:00,1.4399999976158142
1788791600.386,1788791114.6,78.6615805,16.948938,True,1,1,2026-09-07 14:25:14.599999905+00:00,1.4433499972025554
1788791600.586,1788791114.8,78.66157716666666,16.948932833333334,True,1,1,2026-09-07 14:25:14.799999952+00:00,1.4466833313306173
1788791600.785,1788791115.0,78.661574,16.948927,True,1,1,2026-09-07 14:25:15+00:00,1.45
1788791600.983,1788791115.2,78.66157083333333,16.94892133333333,True,1,1,2026-09-07 14:25:15.200000048+00:00,1.4532999992370605
1788791601.183,1788791115.4,78.66156766666667,16.9489155,True,1,1,2026-09-07 14:25:15.400000095+00:00,1.4566333333651225
1788791601.383,1788791115.6,78.66156433333335,16.94890966666667,True,1,1,2026-09-07 14:25:15.599999905+00:00,1.4599666635195414
1788791601.581,1788791115.8,78.66156116666666,16.948903499999997,True,1,1,2026-09-07 14:25:15.799999952+00:00,1.463266666730245
1788791601.786,1788791116.0,78.661558,16.948897166666665,True,1,1,2026-09-07 14:25:16+00:00,1.4666833321253459
1788791601.985,1788791116.2,78.66155483333334,16.948891,True,1,1,2026-09-07 14:25:16.200000048+00:00,1.4699999968210855
1788791602.185,1788791116.4,78.6615515,16.948884666666668,True,1,1,2026-09-07 14:25:16.400000095+00:00,1.4733333309491476
1788791602.384,1788791116.6,78.66154833333333,16.948877999999997,True,1,1,2026-09-07 14:25:16.599999905+00:00,1.4766499996185303
1788791602.583,1788791116.8,78.66154516666667,16.9488715,True,1,1,2026-09-07 14:25:16.799999952+00:00,1.47996666431427
1788791602.783,1788791117.0,78.661542,16.948865,True,1,1,2026-09-07 14:25:17+00:00,1.4832999984423318
1788791602.982,1788791117.2,78.66153883333332,16.94885833333333,True,1,1,2026-09-07 14:25:17.200000048+00:00,1.4866166671117147
1788791603.184,1788791117.4,78.6615355,16.948851666666666,True,1,1,2026-09-07 14:25:17.400000095+00:00,1.489983332157135
1788791603.385,1788791117.6,78.66153233333333,16.948845,True,1,1,2026-09-07 14:25:17.599999905+00:00,1.4933333317438762
1788791603.582,1788791117.8,78.66152916666667,16.948838666666667,True,1,1,2026-09-07 14:25:17.799999952+00:00,1.4966166655222575
1788791603.783,1788791118.0,78.66152600000001,16.948832499999998,True,1,1,2026-09-07 14:25:18+00:00,1.4999666651089987
1788791603.985,1788791118.2,78.66152283333332,16.948825833333334,True,1,1,2026-09-07 14:25:18.200000048+00:00,1.503333330154419
1788791604.186,1788791118.4,78.6615195,16.948819333333333,True,1,1,2026-09-07 14:25:18.400000095+00:00,1.5066833337148031
1788791604.384,1788791118.6,78.66151633333334,16.94881333333333,True,1,1,2026-09-07 14:25:18.599999905+00:00,1.5099833329518637
1788791604.585,1788791118.8,78.66151316666667,16.948807,True,1,1,2026-09-07 14:25:18.799999952+00:00,1.5133333325386047
1788791604.785,1788791119.0,78.66150999999999,16.948800666666667,True,1,1,2026-09-07 14:25:19+00:00,1.5166666666666666
1788791604.985,1788791119.2,78.66150683333333,16.948794333333336,True,1,1,2026-09-07 14:25:19.200000048+00:00,1.5199999968210856
1788791605.185,1788791119.4,78.66150366666668,16.94878783333333,True,1,1,2026-09-07 14:25:19.400000095+00:00,1.5233333309491475
1788791605.384,1788791119.6,78.66150033333334,16.948781333333333,True,1,1,2026-09-07 14:25:19.599999905+00:00,1.5266499996185303
1788791605.584,1788791119.8,78.66149716666668,16.948775,True,1,1,2026-09-07 14:25:19.799999952+00:00,1.5299833337465922
1788791605.782,1788791120.0,78.66149399999999,16.948768166666664,True,1,1,2026-09-07 14:25:20+00:00,1.5332833329836528
1788791605.985,1788791120.2,78.66149083333333,16.948761333333334,True,1,1,2026-09-07 14:25:20.200000048+00:00,1.5366666634877524
1788791606.185,1788791120.4,78.66148766666667,16.948754166666667,True,1,1,2026-09-07 14:25:20.400000095+00:00,1.5399999976158143
1788791606.384,1788791120.6,78.6614845,16.948747,True,1,1,2026-09-07 14:25:20.599999905+00:00,1.543316666285197
1788791606.582,1788791120.8,78.66148133333333,16.948739666666665,True,1,1,2026-09-07 14:25:20.799999952+00:00,1.5466166655222575
1788791606.782,1788791121.0,78.66147816666667,16.948732500000002,True,1,1,2026-09-07 14:25:21+00:00,1.5499499996503194
1788791606.981,1788791121.2,78.66147500000001,16.948725000000003,True,1,1,2026-09-07 14:25:21.200000048+00:00,1.553266664346059
1788791607.18,1788791121.4,78.66147183333332,16.948717666666667,True,1,1,2026-09-07 14:25:21.400000095+00:00,1.556583333015442
1788791607.383,1788791121.6,78.66146883333333,16.948710666666667,True,1,1,2026-09-07 14:25:21.599999905+00:00,1.5599666635195415
1788791607.582,1788791121.8,78.66146566666666,16.948703000000002,True,1,1,2026-09-07 14:25:21.799999952+00:00,1.5632833321889241
1788791607.787,1788791122.0,78.6614625,16.948695666666666,True,1,1,2026-09-07 14:25:22+00:00,1.566699997584025
1788791607.985,1788791122.2,78.6614595,16.948688,True,1,1,2026-09-07 14:25:22.200000048+00:00,1.5699999968210856
1788791608.185,1788791122.4,78.66145633333333,16.948680500000002,True,1,1,2026-09-07 14:25:22.400000095+00:00,1.5733333309491475
1788791608.385,1788791122.6,78.66145316666666,16.948672666666667,True,1,1,2026-09-07 14:25:22.599999905+00:00,1.5766666650772094
1788791608.583,1788791122.8,78.66145,16.948665166666668,True,1,1,2026-09-07 14:25:22.799999952+00:00,1.57996666431427
1788791608.783,1788791123.0,78.661447,16.94865766666667,True,1,1,2026-09-07 14:25:23+00:00,1.583299998442332
1788791608.984,1788791123.2,78.66144383333334,16.948649666666665,True,1,1,2026-09-07 14:25:23.200000048+00:00,1.5866499980290731
1788791609.203,1788791123.4,78.66144066666668,16.948641666666667,True,1,1,2026-09-07 14:25:23.400000095+00:00,1.5902999997138978
1788791609.384,1788791123.6,78.66143766666667,16.948633833333336,True,1,1,2026-09-07 14:25:23.599999905+00:00,1.593316666285197
1788791609.583,1788791123.8,78.6614345,16.94862583333333,True,1,1,2026-09-07 14:25:23.799999952+00:00,1.5966333309809366
1788791609.782,1788791124.0,78.66143149999999,16.948618,True,1,1,2026-09-07 14:25:24+00:00,1.5999499996503195
1788791609.984,1788791124.2,78.66142833333333,16.94861,True,1,1,2026-09-07 14:25:24.200000048+00:00,1.6033166646957397
1788791610.184,1788791124.4,78.66142533333333,16.948602166666667,True,1,1,2026-09-07 14:25:24.400000095+00:00,1.6066499988238017
1788791610.384,1788791124.6,78.66142216666667,16.948594,True,1,1,2026-09-07 14:25:24.599999905+00:00,1.6099833329518636
1788791610.584,1788791124.8,78.661419,16.948586,True,1,1,2026-09-07 14:25:24.799999952+00:00,1.6133166670799255
1788791610.782,1788791125.0,78.66141599999999,16.948578166666667,True,1,1,2026-09-07 14:25:25+00:00,1.616616666316986
1788791610.985,1788791125.2,78.661413,16.948570166666666,True,1,1,2026-09-07 14:25:25.200000048+00:00,1.6199999968210856
1788791611.184,1788791125.4,78.66140983333334,16.948562,True,1,1,2026-09-07 14:25:25.400000095+00:00,1.6233166654904683
1788791611.384,1788791125.6,78.66140683333333,16.948553833333335,True,1,1,2026-09-07 14:25:25.599999905+00:00,1.6266499996185302
1788791611.584,1788791125.8,78.66140366666667,16.948545666666668,True,1,1,2026-09-07 14:25:25.799999952+00:00,1.629983333746592
1788791611.784,1788791126.0,78.66140066666667,16.9485375,True,1,1,2026-09-07 14:25:26+00:00,1.633316663901011
1788791611.985,1788791126.2,78.66139766666667,16.948529,True,1,1,2026-09-07 14:25:26.200000048+00:00,1.6366666634877522
1788791612.183,1788791126.4,78.6613945,16.948521000000003,True,1,1,2026-09-07 14:25:26.400000095+00:00,1.6399666666984558
1788791612.384,1788791126.6,78.66139150000001,16.9485125,True,1,1,2026-09-07 14:25:26.599999905+00:00,1.643316666285197
1788791612.583,1788791126.8,78.6613885,16.948504,True,1,1,2026-09-07 14:25:26.799999952+00:00,1.6466333309809367
1788791612.786,1788791127.0,78.66138550000001,16.948495833333332,True,1,1,2026-09-07 14:25:27+00:00,1.6500166654586792
1788791612.987,1788791127.2,78.66138233333332,16.948487333333333,True,1,1,2026-09-07 14:25:27.200000048+00:00,1.6533666650454204
1788791613.186,1788791127.4,78.66137933333333,16.948478833333336,True,1,1,2026-09-07 14:25:27.400000095+00:00,1.656683333714803
1788791613.387,1788791127.6,78.66137633333332,16.948470666666665,True,1,1,2026-09-07 14:25:27.599999905+00:00,1.6600333333015442
1788791613.585,1788791127.8,78.66137333333333,16.948462,True,1,1,2026-09-07 14:25:27.799999952+00:00,1.6633333325386048
1788791613.786,1788791128.0,78.66137033333332,16.948453833333335,True,1,1,2026-09-07 14:25:28+00:00,1.6666833321253458
1788791613.986,1788791128.2,78.66136733333333,16.948445166666666,True,1,1,2026-09-07 14:25:28.200000048+00:00,1.6700166662534077
1788791614.186,1788791128.4,78.66136433333332,16.948436833333336,True,1,1,2026-09-07 14:25:28.400000095+00:00,1.6733500003814696
1788791614.386,1788791128.6,78.66136133333333,16.948428,True,1,1,2026-09-07 14:25:28.599999905+00:00,1.6766833305358886
1788791614.587,1788791128.8,78.66135833333333,16.948419166666667,True,1,1,2026-09-07 14:25:28.799999952+00:00,1.6800333301226298
1788791614.785,1788791129.0,78.66135533333333,16.948410333333335,True,1,1,2026-09-07 14:25:29+00:00,1.6833333333333333
1788791614.984,1788791129.2,78.66135233333333,16.948401666666665,True,1,1,2026-09-07 14:25:29.200000048+00:00,1.686649998029073
1788791615.184,1788791129.4,78.66134933333333,16.948392833333333,True,1,1,2026-09-07 14:25:29.400000095+00:00,1.689983332157135
1788791615.382,1788791129.6,78.66134650000001,16.948383999999997,True,1,1,2026-09-07 14:25:29.599999905+00:00,1.6932833313941955
1788791615.585,1788791129.8,78.6613435,16.948375166666665,True,1,1,2026-09-07 14:25:29.799999952+00:00,1.696666665871938
1788791615.786,1788791130.0,78.66134050000001,16.948366166666666,True,1,1,2026-09-07 14:25:30+00:00,1.7000166654586792
1788791615.984,1788791130.2,78.6613375,16.948356999999998,True,1,1,2026-09-07 14:25:30.200000048+00:00,1.7033166646957398
1788791616.184,1788791130.4,78.66133450000001,16.948348166666666,True,1,1,2026-09-07 14:25:30.400000095+00:00,1.7066499988238018
1788791616.383,1788791130.6,78.6613315,16.948339166666663,True,1,1,2026-09-07 14:25:30.599999905+00:00,1.7099666635195414
1788791616.583,1788791130.8,78.66132850000001,16.94833,True,1,1,2026-09-07 14:25:30.799999952+00:00,1.7132999976476033
1788791616.783,1788791131.0,78.66132566666667,16.948320666666667,True,1,1,2026-09-07 14:25:31+00:00,1.7166333317756652
1788791616.983,1788791131.2,78.66132266666666,16.9483115,True,1,1,2026-09-07 14:25:31.200000048+00:00,1.7199666659037272
1788791617.182,1788791131.4,78.66131966666667,16.948302333333334,True,1,1,2026-09-07 14:25:31.400000095+00:00,1.723283330599467
1788791617.385,1788791131.6,78.66131683333333,16.948293,True,1,1,2026-09-07 14:25:31.599999905+00:00,1.7266666650772096
1788791617.581,1788791131.8,78.66131383333332,16.948283833333335,True,1,1,2026-09-07 14:25:31.799999952+00:00,1.7299333333969116
1788791617.786,1788791132.0,78.66131083333333,16.94827466666667,True,1,1,2026-09-07 14:25:32+00:00,1.7333499987920125
1788791617.988,1788791132.2,78.66130783333332,16.94826533333333,True,1,1,2026-09-07 14:25:32.200000048+00:00,1.736716663837433
1788791618.183,1788791132.4,78.661305,16.948256,True,1,1,2026-09-07 14:25:32.400000095+00:00,1.739966666698456
1788791618.386,1788791132.6,78.66130216666667,16.948246833333332,True,1,1,2026-09-07 14:25:32.599999905+00:00,1.7433499972025552
1788791618.585,1788791132.8,78.66129916666667,16.9482375,True,1,1,2026-09-07 14:25:32.799999952+00:00,1.746666665871938
1788791618.785,1788791133.0,78.66129616666667,16.94822816666667,True,1,1,2026-09-07 14:25:33+00:00,1.75
1788791618.986,1788791133.2,78.66129333333333,16.948218999999998,True,1,1,2026-09-07 14:25:33.200000048+00:00,1.7533499995867412
1788791619.186,1788791133.4,78.66129033333333,16.9482095,True,1,1,2026-09-07 14:25:33.400000095+00:00,1.7566833337148031
1788791619.387,1788791133.6,78.66128733333333,16.9482,True,1,1,2026-09-07 14:25:33.599999905+00:00,1.760033333301544
1788791619.58,1788791133.8,78.66128433333333,16.9481905,True,1,1,2026-09-07 14:25:33.799999952+00:00,1.7632499972979228
1788791619.783,1788791134.0,78.66128133333333,16.948181166666664,True,1,1,2026-09-07 14:25:34+00:00,1.7666333317756653
1788791619.983,1788791134.2,78.6612785,16.9481715,True,1,1,2026-09-07 14:25:34.200000048+00:00,1.7699666659037272
1788791620.184,1788791134.4,78.6612755,16.948162,True,1,1,2026-09-07 14:25:34.400000095+00:00,1.7733166654904684
1788791620.384,1788791134.6,78.6612725,16.948152166666667,True,1,1,2026-09-07 14:25:34.599999905+00:00,1.7766499996185303
1788791620.585,1788791134.8,78.66126966666667,16.9481425,True,1,1,2026-09-07 14:25:34.799999952+00:00,1.7799999992052713
1788791620.782,1788791135.0,78.66126666666668,16.948133,True,1,1,2026-09-07 14:25:35+00:00,1.7832833329836528
1788791620.982,1788791135.2,78.66126366666667,16.9481235,True,1,1,2026-09-07 14:25:35.200000048+00:00,1.7866166671117147
1788791621.184,1788791135.4,78.66126083333333,16.948113666666664,True,1,1,2026-09-07 14:25:35.400000095+00:00,1.789983332157135
1788791621.386,1788791135.6,78.66125783333334,16.948104166666667,True,1,1,2026-09-07 14:25:35.599999905+00:00,1.7933499972025553
1788791621.584,1788791135.8,78.66125483333333,16.9480945,True,1,1,2026-09-07 14:25:35.799999952+00:00,1.7966500004132588
1788791621.786,1788791136.0,78.661252,16.948084833333333,True,1,1,2026-09-07 14:25:36+00:00,1.800016665458679
1788791621.985,1788791136.2,78.661249,16.948075333333335,True,1,1,2026-09-07 14:25:36.200000048+00:00,1.803333330154419
1788791622.184,1788791136.4,78.66124599999999,16.948065666666665,True,1,1,2026-09-07 14:25:36.400000095+00:00,1.8066499988238016
1788791622.383,1788791136.6,78.66124316666667,16.948055833333335,True,1,1,2026-09-07 14:25:36.599999905+00:00,1.8099666635195415
1788791622.587,1788791136.8,78.66124016666666,16.948046166666664,True,1,1,2026-09-07 14:25:36.799999952+00:00,1.813366663455963
1788791622.784,1788791137.0,78.66123733333333,16.948036333333334,True,1,1,2026-09-07 14:25:37+00:00,1.8166499972343444
1788791622.982,1788791137.2,78.66123433333334,16.948026666666667,True,1,1,2026-09-07 14:25:37.200000048+00:00,1.819950000445048
1788791623.184,1788791137.4,78.66123133333333,16.948016833333334,True,1,1,2026-09-07 14:25:37.400000095+00:00,1.8233166654904684
1788791623.385,1788791137.6,78.6612285,16.948007,True,1,1,2026-09-07 14:25:37.599999905+00:00,1.8266666650772094
1788791623.583,1788791137.8,78.6612255,16.947997,True,1,1,2026-09-07 14:25:37.799999952+00:00,1.82996666431427
1788791623.783,1788791138.0,78.6612225,16.947987,True,1,1,2026-09-07 14:25:38+00:00,1.833299998442332
1788791623.983,1788791138.2,78.66121966666667,16.947976999999998,True,1,1,2026-09-07 14:25:38.200000048+00:00,1.8366333325703939
1788791624.183,1788791138.4,78.66121666666666,16.94796716666667,True,1,1,2026-09-07 14:25:38.400000095+00:00,1.8399666666984558
1788791624.383,1788791138.6,78.66121383333333,16.947957166666665,True,1,1,2026-09-07 14:25:38.599999905+00:00,1.8432999968528747
1788791624.585,1788791138.8,78.66121083333334,16.947947,True,1,1,2026-09-07 14:25:38.799999952+00:00,1.8466666658719382
1788791624.784,1788791139.0,78.661208,16.947936833333333,True,1,1,2026-09-07 14:25:39+00:00,1.8499833305676778
1788791624.985,1788791139.2,78.66120500000001,16.947926666666667,True,1,1,2026-09-07 14:25:39.200000048+00:00,1.853333330154419
1788791625.184,1788791139.4,78.66120216666667,16.947916333333335,True,1,1,2026-09-07 14:25:39.400000095+00:00,1.8566499988238017
1788791625.385,1788791139.6,78.66119916666666,16.947906333333332,True,1,1,2026-09-07 14:25:39.599999905+00:00,1.8599999984105429
1788791625.583,1788791139.8,78.66119633333332,16.947896,True,1,1,2026-09-07 14:25:39.799999952+00:00,1.8632999976476035
1788791625.785,1788791140.0,78.66119333333333,16.947885666666664,True,1,1,2026-09-07 14:25:40+00:00,1.8666666666666667
1788791625.984,1788791140.2,78.6611905,16.947875500000002,True,1,1,2026-09-07 14:25:40.200000048+00:00,1.8699833313624064
1788791626.183,1788791140.4,78.66118766666666,16.947865,True,1,1,2026-09-07 14:25:40.400000095+00:00,1.8733000000317892
1788791626.381,1788791140.6,78.66118483333334,16.947854666666668,True,1,1,2026-09-07 14:25:40.599999905+00:00,1.8765999992688498
1788791626.582,1788791140.8,78.66118183333333,16.947844166666666,True,1,1,2026-09-07 14:25:40.799999952+00:00,1.8799499988555908
1788791626.782,1788791141.0,78.66117899999999,16.947833833333334,True,1,1,2026-09-07 14:25:41+00:00,1.8832833329836527
1788791626.982,1788791141.2,78.661176,16.94782316666667,True,1,1,2026-09-07 14:25:41.200000048+00:00,1.8866166671117146
1788791627.183,1788791141.4,78.66117316666667,16.9478125,True,1,1,2026-09-07 14:25:41.400000095+00:00,1.8899666666984558
1788791627.383,1788791141.6,78.66117033333333,16.947802000000003,True,1,1,2026-09-07 14:25:41.599999905+00:00,1.8932999968528748
1788791627.582,1788791141.8,78.66116749999999,16.9477915,True,1,1,2026-09-07 14:25:41.799999952+00:00,1.8966166655222574
1788791627.784,1788791142.0,78.6611645,16.947781000000003,True,1,1,2026-09-07 14:25:42+00:00,1.8999833305676779
1788791627.987,1788791142.2,78.66116166666667,16.94777,True,1,1,2026-09-07 14:25:42.200000048+00:00,1.9033666650454204
1788791628.182,1788791142.4,78.66115866666668,16.947759333333334,True,1,1,2026-09-07 14:25:42.400000095+00:00,1.9066166639328004
1788791628.383,1788791142.6,78.66115583333334,16.947748833333332,True,1,1,2026-09-07 14:25:42.599999905+00:00,1.9099666635195414
1788791628.583,1788791142.8,78.661153,16.947738166666667,True,1,1,2026-09-07 14:25:42.799999952+00:00,1.9132999976476033
1788791628.783,1788791143.0,78.66114999999999,16.947727166666667,True,1,1,2026-09-07 14:25:43+00:00,1.9166333317756652
1788791628.984,1788791143.2,78.66114716666667,16.947716500000002,True,1,1,2026-09-07 14:25:43.200000048+00:00,1.9199833313624064
1788791629.183,1788791143.4,78.66114433333334,16.947705833333334,True,1,1,2026-09-07 14:25:43.400000095+00:00,1.9233000000317892
1788791629.386,1788791143.6,78.6611415,16.947695,True,1,1,2026-09-07 14:25:43.599999905+00:00,1.9266833305358886
1788791629.582,1788791143.8,78.66113866666666,16.947684166666665,True,1,1,2026-09-07 14:25:43.799999952+00:00,1.9299499988555908
1788791629.783,1788791144.0,78.66113583333335,16.947673166666668,True,1,1,2026-09-07 14:25:44+00:00,1.933299998442332
1788791629.984,1788791144.2,78.661133,16.947662166666664,True,1,1,2026-09-07 14:25:44.200000048+00:00,1.936649998029073
1788791630.183,1788791144.4,78.66113016666667,16.947651,True,1,1,2026-09-07 14:25:44.400000095+00:00,1.9399666666984559
1788791630.385,1788791144.6,78.66112733333333,16.947640166666666,True,1,1,2026-09-07 14:25:44.599999905+00:00,1.9433333317438761
1788791630.582,1788791144.8,78.6611245,16.947629,True,1,1,2026-09-07 14:25:44.799999952+00:00,1.9466166655222574
1788791630.786,1788791145.0,78.66112183333333,16.947617833333332,True,1,1,2026-09-07 14:25:45+00:00,1.9500166654586792
1788791630.984,1788791145.2,78.661119,16.947606833333335,True,1,1,2026-09-07 14:25:45.200000048+00:00,1.9533166646957398
1788791631.182,1788791145.4,78.66111616666667,16.947595333333332,True,1,1,2026-09-07 14:25:45.400000095+00:00,1.9566166639328002
1788791631.385,1788791145.6,78.66111333333333,16.947584166666665,True,1,1,2026-09-07 14:25:45.599999905+00:00,1.9599999984105427
1788791631.585,1788791145.8,78.66111049999999,16.947572666666666,True,1,1,2026-09-07 14:25:45.799999952+00:00,1.9633333325386046
1788791631.785,1788791146.0,78.66110783333333,16.9475615,True,1,1,2026-09-07 14:25:46+00:00,1.9666666666666666
1788791631.984,1788791146.2,78.66110499999999,16.94755,True,1,1,2026-09-07 14:25:46.200000048+00:00,1.9699833313624064
1788791632.187,1788791146.4,78.66110216666667,16.9475385,True,1,1,2026-09-07 14:25:46.400000095+00:00,1.973366665840149
1788791632.386,1788791146.6,78.66109933333334,16.947526999999997,True,1,1,2026-09-07 14:25:46.599999905+00:00,1.9766833305358886
1788791632.586,1788791146.8,78.6610965,16.947515333333335,True,1,1,2026-09-07 14:25:46.799999952+00:00,1.9800166646639505
1788791632.787,1788791147.0,78.66109383333334,16.947503833333332,True,1,1,2026-09-07 14:25:47+00:00,1.9833666642506917
1788791632.986,1788791147.2,78.661091,16.947492166666667,True,1,1,2026-09-07 14:25:47.200000048+00:00,1.9866833329200744
1788791633.185,1788791147.4,78.66108816666666,16.947480499999998,True,1,1,2026-09-07 14:25:47.400000095+00:00,1.9899999976158143
1788791633.384,1788791147.6,78.6610855,16.947468833333335,True,1,1,2026-09-07 14:25:47.599999905+00:00,1.9933166662851969
1788791633.585,1788791147.8,78.66108283333332,16.947457,True,1,1,2026-09-07 14:25:47.799999952+00:00,1.996666665871938
1788791633.789,1788791148.0,78.66108016666666,16.947445333333334,True,1,1,2026-09-07 14:25:48+00:00,2.00006666580836
1788791633.985,1788791148.2,78.66107733333334,16.9474335,True,1,1,2026-09-07 14:25:48.200000048+00:00,2.003333330154419
1788791634.187,1788791148.4,78.66107466666668,16.947421666666667,True,1,1,2026-09-07 14:25:48.400000095+00:00,2.0066999991734824
1788791634.386,1788791148.6,78.66107183333334,16.947409666666665,True,1,1,2026-09-07 14:25:48.599999905+00:00,2.010016663869222
1788791634.585,1788791148.8,78.66106916666666,16.947398,True,1,1,2026-09-07 14:25:48.799999952+00:00,2.013333332538605
1788791634.783,1788791149.0,78.6610665,16.947385999999998,True,1,1,2026-09-07 14:25:49+00:00,2.0166333317756653
1788791634.984,1788791149.2,78.66106383333334,16.947373833333334,True,1,1,2026-09-07 14:25:49.200000048+00:00,2.0199833313624063
1788791635.185,1788791149.4,78.66106116666667,16.947361666666666,True,1,1,2026-09-07 14:25:49.400000095+00:00,2.0233333309491477
1788791635.387,1788791149.6,78.66105850000001,16.94734933333333,True,1,1,2026-09-07 14:25:49.599999905+00:00,2.0266999999682107
1788791635.584,1788791149.8,78.66105583333334,16.9473375,True,1,1,2026-09-07 14:25:49.799999952+00:00,2.0299833337465922
1788791635.785,1788791150.0,78.66105316666668,16.947325333333332,True,1,1,2026-09-07 14:25:50+00:00,2.033333333333333
1788791635.986,1788791150.2,78.6610505,16.947313166666667,True,1,1,2026-09-07 14:25:50.200000048+00:00,2.0366833329200746
1788791636.185,1788791150.4,78.66104783333334,16.947301,True,1,1,2026-09-07 14:25:50.400000095+00:00,2.0399999976158143
1788791636.384,1788791150.6,78.66104516666665,16.9472885,True,1,1,2026-09-07 14:25:50.599999905+00:00,2.043316666285197
1788791636.584,1788791150.8,78.6610425,16.947276,True,1,1,2026-09-07 14:25:50.799999952+00:00,2.046650000413259
1788791636.784,1788791151.0,78.66103983333333,16.947263666666668,True,1,1,2026-09-07 14:25:51+00:00,2.049983330567678
1788791636.983,1788791151.2,78.66103716666666,16.9472515,True,1,1,2026-09-07 14:25:51.200000048+00:00,2.0532999992370606
1788791637.183,1788791151.4,78.6610345,16.947238833333333,True,1,1,2026-09-07 14:25:51.400000095+00:00,2.0566333333651223
1788791637.383,1788791151.6,78.66103166666667,16.9472265,True,1,1,2026-09-07 14:25:51.599999905+00:00,2.0599666635195413
1788791637.582,1788791151.8,78.66102916666667,16.947214,True,1,1,2026-09-07 14:25:51.799999952+00:00,2.063283332188924
1788791637.784,1788791152.0,78.66102649999999,16.94720166666667,True,1,1,2026-09-07 14:25:52+00:00,2.0666499972343444
1788791637.99,1788791152.2,78.66102383333333,16.947189166666664,True,1,1,2026-09-07 14:25:52.200000048+00:00,2.0700833320617678
1788791638.187,1788791152.4,78.66102116666666,16.947176833333334,True,1,1,2026-09-07 14:25:52.400000095+00:00,2.073366665840149
1788791638.384,1788791152.6,78.6610185,16.9471645,True,1,1,2026-09-07 14:25:52.599999905+00:00,2.0766499996185304
1788791638.584,1788791152.8,78.661016,16.947151833333333,True,1,1,2026-09-07 14:25:52.799999952+00:00,2.079983333746592
1788791638.784,1788791153.0,78.66101333333333,16.947139333333332,True,1,1,2026-09-07 14:25:53+00:00,2.083316663901011
1788791638.984,1788791153.2,78.66101083333334,16.947126833333336,True,1,1,2026-09-07 14:25:53.200000048+00:00,2.086649998029073
1788791639.184,1788791153.4,78.66100816666668,16.947114166666665,True,1,1,2026-09-07 14:25:53.400000095+00:00,2.089983332157135
1788791639.382,1788791153.6,78.6610055,16.9471015,True,1,1,2026-09-07 14:25:53.599999905+00:00,2.0932833313941956
1788791639.582,1788791153.8,78.66100283333334,16.947088833333332,True,1,1,2026-09-07 14:25:53.799999952+00:00,2.0966166655222573
1788791639.784,1788791154.0,78.66100016666665,16.947076166666665,True,1,1,2026-09-07 14:25:54+00:00,2.0999833305676776
1788791639.985,1788791154.2,78.66099766666666,16.947063500000002,True,1,1,2026-09-07 14:25:54.200000048+00:00,2.103333330154419
1788791640.181,1788791154.4,78.660995,16.947050833333332,True,1,1,2026-09-07 14:25:54.400000095+00:00,2.1065999984741213
1788791640.382,1788791154.6,78.66099233333333,16.947037833333333,True,1,1,2026-09-07 14:25:54.599999905+00:00,2.1099499980608623
1788791640.583,1788791154.8,78.66098966666667,16.947025166666666,True,1,1,2026-09-07 14:25:54.799999952+00:00,2.1132999976476032
1788791640.786,1788791155.0,78.66098699999999,16.94701266666667,True,1,1,2026-09-07 14:25:55+00:00,2.116683332125346
1788791640.985,1788791155.2,78.66098433333333,16.947000166666665,True,1,1,2026-09-07 14:25:55.200000048+00:00,2.1199999968210856
1788791641.186,1788791155.4,78.66098183333334,16.946987666666665,True,1,1,2026-09-07 14:25:55.400000095+00:00,2.12335000038147
1788791641.386,1788791155.6,78.66097916666666,16.946975166666668,True,1,1,2026-09-07 14:25:55.599999905+00:00,2.1266833305358888
1788791641.584,1788791155.8,78.6609765,16.946962833333334,True,1,1,2026-09-07 14:25:55.799999952+00:00,2.1299833337465923
1788791641.785,1788791156.0,78.66097383333334,16.946950333333334,True,1,1,2026-09-07 14:25:56+00:00,2.1333333333333333
1788791641.985,1788791156.2,78.66097116666667,16.946937833333333,True,1,1,2026-09-07 14:25:56.200000048+00:00,2.1366666634877522
1788791642.184,1788791156.4,78.66096866666666,16.946925500000003,True,1,1,2026-09-07 14:25:56.400000095+00:00,2.139983332157135
1788791642.385,1788791156.6,78.66096599999999,16.946913,True,1,1,2026-09-07 14:25:56.599999905+00:00,2.143333331743876
1788791642.584,1788791156.8,78.66096333333333,16.946900666666668,True,1,1,2026-09-07 14:25:56.799999952+00:00,2.146650000413259
1788791642.787,1788791157.0,78.66096066666667,16.9468885,True,1,1,2026-09-07 14:25:57+00:00,2.1500333309173585
1788791642.984,1788791157.2,78.660958,16.946876166666666,True,1,1,2026-09-07 14:25:57.200000048+00:00,2.1533166646957396
1788791643.187,1788791157.4,78.66095533333333,16.946864,True,1,1,2026-09-07 14:25:57.400000095+00:00,2.1566999991734823
1788791643.386,1788791157.6,78.66095283333334,16.946851833333334,True,1,1,2026-09-07 14:25:57.599999905+00:00,2.160016663869222
1788791643.585,1788791157.8,78.66095016666667,16.946839666666666,True,1,1,2026-09-07 14:25:57.799999952+00:00,2.163333332538605
1788791643.784,1788791158.0,78.6609475,16.946827499999998,True,1,1,2026-09-07 14:25:58+00:00,2.1666499972343445
1788791643.984,1788791158.2,78.66094483333333,16.946815333333333,True,1,1,2026-09-07 14:25:58.200000048+00:00,2.1699833313624066
1788791644.184,1788791158.4,78.66094216666667,16.946803166666665,True,1,1,2026-09-07 14:25:58.400000095+00:00,2.1733166654904683
1788791644.382,1788791158.6,78.6609395,16.946791,True,1,1,2026-09-07 14:25:58.599999905+00:00,2.1766166647275287
1788791644.581,1788791158.8,78.66093683333334,16.946778833333333,True,1,1,2026-09-07 14:25:58.799999952+00:00,2.1799333333969115
1788791644.783,1788791159.0,78.66093416666666,16.94676666666667,True,1,1,2026-09-07 14:25:59+00:00,2.183299998442332
1788791644.982,1788791159.2,78.6609315,16.946754666666667,True,1,1,2026-09-07 14:25:59.200000048+00:00,2.1866166671117147
1788791645.185,1788791159.4,78.66092883333334,16.946742833333335,True,1,1,2026-09-07 14:25:59.400000095+00:00,2.189999997615814
1788791645.384,1788791159.6,78.66092616666667,16.946730833333334,True,1,1,2026-09-07 14:25:59.599999905+00:00,2.193316666285197
1788791645.583,1788791159.8,78.66092350000001,16.946718999999998,True,1,1,2026-09-07 14:25:59.799999952+00:00,2.1966333309809367
1788791645.782,1788791160.0,78.66092083333334,16.946707166666666,True,1,1,2026-09-07 14:26:00+00:00,2.1999499996503196
1788791645.99,1788791160.2,78.66091816666668,16.94669533333333,True,1,1,2026-09-07 14:26:00.200000048+00:00,2.203416665395101
1788791646.184,1788791160.4,78.6609155,16.9466835,True,1,1,2026-09-07 14:26:00.400000095+00:00,2.2066499988238015
1788791646.385,1788791160.6,78.66091283333334,16.946671833333333,True,1,1,2026-09-07 14:26:00.599999905+00:00,2.209999998410543
1788791646.585,1788791160.8,78.66091016666665,16.94666,True,1,1,2026-09-07 14:26:00.799999952+00:00,2.2133333325386046
1788791646.785,1788791161.0,78.6609075,16.946648166666666,True,1,1,2026-09-07 14:26:01+00:00,2.216666666666667
1788791646.984,1788791161.2,78.66090483333333,16.946636166666668,True,1,1,2026-09-07 14:26:01.200000048+00:00,2.2199833313624064
1788791647.182,1788791161.4,78.66090216666666,16.946624333333332,True,1,1,2026-09-07 14:26:01.400000095+00:00,2.223283330599467
1788791647.385,1788791161.6,78.6608995,16.9466125,True,1,1,2026-09-07 14:26:01.599999905+00:00,2.2266666650772096
1788791647.583,1788791161.8,78.66089683333333,16.9466005,True,1,1,2026-09-07 14:26:01.799999952+00:00,2.22996666431427
1788791647.784,1788791162.0,78.66089416666667,16.946588833333333,True,1,1,2026-09-07 14:26:02+00:00,2.2333166639010114
1788791647.983,1788791162.2,78.66089149999999,16.94657683333333,True,1,1,2026-09-07 14:26:02.200000048+00:00,2.2366333325703938
1788791648.182,1788791162.4,78.66088883333333,16.946564666666667,True,1,1,2026-09-07 14:26:02.400000095+00:00,2.2399499972661334
1788791648.384,1788791162.6,78.66088616666666,16.94655283333333,True,1,1,2026-09-07 14:26:02.599999905+00:00,2.243316666285197
1788791648.582,1788791162.8,78.6608835,16.94654116666667,True,1,1,2026-09-07 14:26:02.799999952+00:00,2.2466166655222577
1788791648.784,1788791163.0,78.660881,16.946529333333334,True,1,1,2026-09-07 14:26:03+00:00,2.249983330567678
1788791648.985,1788791163.2,78.66087833333333,16.946517333333336,True,1,1,2026-09-07 14:26:03.200000048+00:00,2.253333330154419
1788791649.184,1788791163.4,78.66087566666667,16.9465055,True,1,1,2026-09-07 14:26:03.400000095+00:00,2.256649998823802
1788791649.387,1788791163.6,78.66087316666668,16.946493666666665,True,1,1,2026-09-07 14:26:03.599999905+00:00,2.260033333301544
1788791649.583,1788791163.8,78.6608705,16.9464815,True,1,1,2026-09-07 14:26:03.799999952+00:00,2.263299997647603
1788791649.785,1788791164.0,78.66086783333334,16.9464695,True,1,1,2026-09-07 14:26:04+00:00,2.2666666666666666
1788791649.986,1788791164.2,78.66086533333333,16.9464575,True,1,1,2026-09-07 14:26:04.200000048+00:00,2.2700166662534076
1788791650.186,1788791164.4,78.66086266666666,16.946445666666666,True,1,1,2026-09-07 14:26:04.400000095+00:00,2.2733500003814697
1788791650.384,1788791164.6,78.66086016666667,16.946433666666668,True,1,1,2026-09-07 14:26:04.599999905+00:00,2.27664999961853
1788791650.588,1788791164.8,78.6608575,16.946421833333332,True,1,1,2026-09-07 14:26:04.799999952+00:00,2.280049999554952
1788791650.786,1788791165.0,78.66085500000001,16.946409666666668,True,1,1,2026-09-07 14:26:05+00:00,2.2833499987920125
1788791650.986,1788791165.2,78.66085233333334,16.946397666666666,True,1,1,2026-09-07 14:26:05.200000048+00:00,2.2866833329200746
1788791651.187,1788791165.4,78.66084983333333,16.9463855,True,1,1,2026-09-07 14:26:05.400000095+00:00,2.2900333325068156
1788791651.384,1788791165.6,78.66084716666666,16.9463735,True,1,1,2026-09-07 14:26:05.599999905+00:00,2.293316666285197
1788791651.583,1788791165.8,78.66084466666666,16.946361333333336,True,1,1,2026-09-07 14:26:05.799999952+00:00,2.296633330980937
1788791651.786,1788791166.0,78.660842,16.946349,True,1,1,2026-09-07 14:26:06+00:00,2.300016665458679
1788791651.984,1788791166.2,78.66083950000001,16.946337000000003,True,1,1,2026-09-07 14:26:06.200000048+00:00,2.30331666469574
1788791652.185,1788791166.4,78.660837,16.946324666666666,True,1,1,2026-09-07 14:26:06.400000095+00:00,2.306666664282481
1788791652.385,1788791166.6,78.66083449999999,16.94631283333333,True,1,1,2026-09-07 14:26:06.599999905+00:00,2.3099999984105426
1788791652.584,1788791166.8,78.660832,16.946300666666666,True,1,1,2026-09-07 14:26:06.799999952+00:00,2.3133166670799254
1788791652.784,1788791167.0,78.6608295,16.946288499999998,True,1,1,2026-09-07 14:26:07+00:00,2.3166499972343444
1788791652.985,1788791167.2,78.66082716666666,16.946276666666666,True,1,1,2026-09-07 14:26:07.200000048+00:00,2.319999996821086
1788791653.186,1788791167.4,78.66082483333334,16.946264666666664,True,1,1,2026-09-07 14:26:07.400000095+00:00,2.3233500003814695
1788791653.386,1788791167.6,78.66082266666668,16.9462525,True,1,1,2026-09-07 14:26:07.599999905+00:00,2.3266833305358885
1788791653.585,1788791167.8,78.66082033333333,16.946240166666666,True,1,1,2026-09-07 14:26:07.799999952+00:00,2.3299999992052713
1788791653.786,1788791168.0,78.660818,16.946227833333335,True,1,1,2026-09-07 14:26:08+00:00,2.3333499987920123
1788791653.985,1788791168.2,78.66081583333333,16.946215166666665,True,1,1,2026-09-07 14:26:08.200000048+00:00,2.3366666634877524
1788791654.185,1788791168.4,78.66081349999999,16.946202500000002,True,1,1,2026-09-07 14:26:08.400000095+00:00,2.339999997615814
1788791654.386,1788791168.6,78.66081133333334,16.9461895,True,1,1,2026-09-07 14:26:08.599999905+00:00,2.3433499972025555
1788791654.587,1788791168.8,78.66080916666667,16.9461765,True,1,1,2026-09-07 14:26:08.799999952+00:00,2.3466999967892965
1788791654.785,1788791169.0,78.660807,16.946163666666667,True,1,1,2026-09-07 14:26:09+00:00,2.35
1788791654.986,1788791169.2,78.66080483333333,16.946150166666666,True,1,1,2026-09-07 14:26:09.200000048+00:00,2.353349999586741
1788791655.186,1788791169.4,78.66080266666667,16.946137166666666,True,1,1,2026-09-07 14:26:09.400000095+00:00,2.356683333714803
1788791655.386,1788791169.6,78.66080050000001,16.946123666666665,True,1,1,2026-09-07 14:26:09.599999905+00:00,2.360016663869222
1788791655.585,1788791169.8,78.6607985,16.946109999999997,True,1,1,2026-09-07 14:26:09.799999952+00:00,2.3633333325386046
1788791655.786,1788791170.0,78.6607965,16.946096666666666,True,1,1,2026-09-07 14:26:10+00:00,2.366683332125346
1788791655.985,1788791170.2,78.66079450000001,16.946083166666664,True,1,1,2026-09-07 14:26:10.200000048+00:00,2.3699999968210856
1788791656.187,1788791170.4,78.66079233333333,16.9460695,True,1,1,2026-09-07 14:26:10.400000095+00:00,2.373366665840149
1788791656.386,1788791170.6,78.6607905,16.9460555,True,1,1,2026-09-07 14:26:10.599999905+00:00,2.3766833305358888
1788791656.585,1788791170.8,78.66078850000001,16.946041833333332,True,1,1,2026-09-07 14:26:10.799999952+00:00,2.3799999992052716
1788791656.783,1788791171.0,78.6607865,16.946027833333336,True,1,1,2026-09-07 14:26:11+00:00,2.383299998442332
1788791656.984,1788791171.2,78.66078466666666,16.946013833333332,True,1,1,2026-09-07 14:26:11.200000048+00:00,2.386649998029073
1788791657.187,1788791171.4,78.66078283333333,16.94599966666667,True,1,1,2026-09-07 14:26:11.400000095+00:00,2.3900333325068157
1788791657.385,1788791171.6,78.660781,16.945985333333333,True,1,1,2026-09-07 14:26:11.599999905+00:00,2.393333331743876
1788791657.586,1788791171.8,78.66077916666667,16.945971166666666,True,1,1,2026-09-07 14:26:11.799999952+00:00,2.396683331330617
1788791657.787,1788791172.0,78.66077733333333,16.945956666666667,True,1,1,2026-09-07 14:26:12+00:00,2.4000333309173585
1788791657.985,1788791172.2,78.66077566666667,16.94594216666667,True,1,1,2026-09-07 14:26:12.200000048+00:00,2.403333330154419
1788791658.184,1788791172.4,78.66077383333332,16.945927333333334,True,1,1,2026-09-07 14:26:12.400000095+00:00,2.4066499988238017
1788791658.385,1788791172.6,78.66077216666666,16.945912333333336,True,1,1,2026-09-07 14:26:12.599999905+00:00,2.4099999984105427
1788791658.584,1788791172.8,78.6607705,16.945897666666667,True,1,1,2026-09-07 14:26:12.799999952+00:00,2.4133166670799255
1788791658.786,1788791173.0,78.660769,16.9458825,True,1,1,2026-09-07 14:26:13+00:00,2.416683332125346
1788791658.985,1788791173.2,78.66076733333333,16.945867500000002,True,1,1,2026-09-07 14:26:13.200000048+00:00,2.4199999968210855
1788791659.185,1788791173.4,78.66076566666668,16.945852333333335,True,1,1,2026-09-07 14:26:13.400000095+00:00,2.4233333309491476
1788791659.387,1788791173.6,78.66076416666667,16.945837333333333,True,1,1,2026-09-07 14:26:13.599999905+00:00,2.426699999968211
1788791659.582,1788791173.8,78.66076249999999,16.945822333333336,True,1,1,2026-09-07 14:26:13.799999952+00:00,2.429949998855591
1788791659.79,1788791174.0,78.66076116666666,16.9458075,True,1,1,2026-09-07 14:26:14+00:00,2.4334166646003723
1788791659.986,1788791174.2,78.66075966666668,16.945792333333333,True,1,1,2026-09-07 14:26:14.200000048+00:00,2.4366833329200746
1788791660.186,1788791174.4,78.66075816666667,16.945777333333336,True,1,1,2026-09-07 14:26:14.400000095+00:00,2.4400166670481362
1788791660.384,1788791174.6,78.66075666666667,16.945761833333332,True,1,1,2026-09-07 14:26:14.599999905+00:00,2.443316666285197
1788791660.586,1788791174.8,78.66075533333333,16.94574683333333,True,1,1,2026-09-07 14:26:14.799999952+00:00,2.4466833313306173
1788791660.788,1788791175.0,78.660754,16.945731666666667,True,1,1,2026-09-07 14:26:15+00:00,2.450050000349681
1788791660.985,1788791175.2,78.66075266666667,16.9457165,True,1,1,2026-09-07 14:26:15.200000048+00:00,2.453333330154419
1788791661.188,1788791175.4,78.66075133333334,16.945701333333332,True,1,1,2026-09-07 14:26:15.400000095+00:00,2.4567166646321614
1788791661.385,1788791175.6,78.66075000000001,16.945686333333335,True,1,1,2026-09-07 14:26:15.599999905+00:00,2.459999998410543
1788791661.582,1788791175.8,78.66074883333334,16.945671,True,1,1,2026-09-07 14:26:15.799999952+00:00,2.463283332188924
1788791661.785,1788791176.0,78.6607475,16.945655833333333,True,1,1,2026-09-07 14:26:16+00:00,2.466666666666667
1788791661.985,1788791176.2,78.66074633333332,16.945640500000003,True,1,1,2026-09-07 14:26:16.200000048+00:00,2.4699999968210857
1788791662.185,1788791176.4,78.66074499999999,16.945625166666666,True,1,1,2026-09-07 14:26:16.400000095+00:00,2.4733333309491474
1788791662.382,1788791176.6,78.66074383333333,16.945609833333332,True,1,1,2026-09-07 14:26:16.599999905+00:00,2.476616664727529
1788791662.587,1788791176.8,78.66074283333334,16.945594333333336,True,1,1,2026-09-07 14:26:16.799999952+00:00,2.48003333012263
1788791662.786,1788791177.0,78.66074166666667,16.94557916666667,True,1,1,2026-09-07 14:26:17+00:00,2.4833499987920127
1788791662.986,1788791177.2,78.66074066666667,16.945563666666665,True,1,1,2026-09-07 14:26:17.200000048+00:00,2.4866833329200744
1788791663.186,1788791177.4,78.66073966666666,16.945548499999997,True,1,1,2026-09-07 14:26:17.400000095+00:00,2.4900166670481365
1788791663.387,1788791177.6,78.66073866666667,16.945533333333334,True,1,1,2026-09-07 14:26:17.599999905+00:00,2.4933666666348775
1788791663.585,1788791177.8,78.66073783333333,16.945518,True,1,1,2026-09-07 14:26:17.799999952+00:00,2.496666665871938
1788791663.788,1788791178.0,78.660737,16.945502666666666,True,1,1,2026-09-07 14:26:18+00:00,2.5000500003496806
1788791663.987,1788791178.2,78.66073633333333,16.945487500000002,True,1,1,2026-09-07 14:26:18.200000048+00:00,2.5033666650454203
1788791664.187,1788791178.4,78.66073566666667,16.945472666666667,True,1,1,2026-09-07 14:26:18.400000095+00:00,2.5066999991734824
1788791664.388,1788791178.6,78.660735,16.9454575,True,1,1,2026-09-07 14:26:18.599999905+00:00,2.5100499987602234
1788791664.586,1788791178.8,78.6607345,16.94544266666667,True,1,1,2026-09-07 14:26:18.799999952+00:00,2.5133499979972838
1788791664.786,1788791179.0,78.660734,16.945427833333333,True,1,1,2026-09-07 14:26:19+00:00,2.516683332125346
1788791664.985,1788791179.2,78.66073366666666,16.945413166666665,True,1,1,2026-09-07 14:26:19.200000048+00:00,2.5199999968210856
1788791665.183,1788791179.4,78.66073333333334,16.945398666666666,True,1,1,2026-09-07 14:26:19.400000095+00:00,2.523300000031789
1788791665.387,1788791179.6,78.66073316666666,16.945384333333333,True,1,1,2026-09-07 14:26:19.599999905+00:00,2.5266999999682107
1788791665.585,1788791179.8,78.66073283333334,16.945371166666668,True,1,1,2026-09-07 14:26:19.799999952+00:00,2.5299999992052715
1788791665.784,1788791180.0,78.66073266666668,16.9453585,True,1,1,2026-09-07 14:26:20+00:00,2.533316663901011
1788791665.986,1788791180.2,78.6607325,16.945346833333335,True,1,1,2026-09-07 14:26:20.200000048+00:00,2.5366833329200746
1788791666.187,1788791180.4,78.66073233333333,16.945336,True,1,1,2026-09-07 14:26:20.400000095+00:00,2.5400333325068156
1788791666.387,1788791180.6,78.66073233333333,16.945326333333334,True,1,1,2026-09-07 14:26:20.599999905+00:00,2.5433666666348773
1788791666.585,1788791180.8,78.66073233333333,16.945317,True,1,1,2026-09-07 14:26:20.799999952+00:00,2.546666665871938
1788791666.786,1788791181.0,78.66073233333333,16.945308666666666,True,1,1,2026-09-07 14:26:21+00:00,2.550016665458679
1788791666.984,1788791181.2,78.66073233333333,16.945300999999997,True,1,1,2026-09-07 14:26:21.200000048+00:00,2.55331666469574
1788791667.186,1788791181.4,78.66073216666668,16.945293333333332,True,1,1,2026-09-07 14:26:21.400000095+00:00,2.556683333714803
1788791667.386,1788791181.6,78.66073200000001,16.945286,True,1,1,2026-09-07 14:26:21.599999905+00:00,2.560016663869222
1788791667.586,1788791181.8,78.66073183333333,16.945279000000003,True,1,1,2026-09-07 14:26:21.799999952+00:00,2.563349997997284
1788791667.784,1788791182.0,78.66073166666666,16.945272666666664,True,1,1,2026-09-07 14:26:22+00:00,2.5666499972343444
1788791667.984,1788791182.2,78.66073150000001,16.945266666666665,True,1,1,2026-09-07 14:26:22.200000048+00:00,2.5699833313624065
1788791668.184,1788791182.4,78.66073133333333,16.945260833333336,True,1,1,2026-09-07 14:26:22.400000095+00:00,2.5733166654904682
1788791668.385,1788791182.6,78.66073133333333,16.945255333333332,True,1,1,2026-09-07 14:26:22.599999905+00:00,2.5766666650772097
1788791668.585,1788791182.8,78.66073116666666,16.94524983333333,True,1,1,2026-09-07 14:26:22.799999952+00:00,2.5799999992052713
1788791668.786,1788791183.0,78.660731,16.945244333333335,True,1,1,2026-09-07 14:26:23+00:00,2.5833499987920123
1788791668.985,1788791183.2,78.66073083333335,16.945239,True,1,1,2026-09-07 14:26:23.200000048+00:00,2.5866666634877524
1788791669.184,1788791183.4,78.66073066666667,16.945234000000003,True,1,1,2026-09-07 14:26:23.400000095+00:00,2.589983332157135
1788791669.386,1788791183.6,78.66073033333333,16.945229333333334,True,1,1,2026-09-07 14:26:23.599999905+00:00,2.5933499972025555
1788791669.586,1788791183.8,78.66073016666665,16.945224666666665,True,1,1,2026-09-07 14:26:23.799999952+00:00,2.5966833313306172
1788791669.786,1788791184.0,78.66073,16.945220166666665,True,1,1,2026-09-07 14:26:24+00:00,2.6000166654586794
1788791669.985,1788791184.2,78.66072983333333,16.945215666666666,True,1,1,2026-09-07 14:26:24.200000048+00:00,2.603333330154419
1788791670.185,1788791184.4,78.66072966666667,16.945211333333337,True,1,1,2026-09-07 14:26:24.400000095+00:00,2.6066666642824807
1788791670.386,1788791184.6,78.66072949999999,16.945207333333332,True,1,1,2026-09-07 14:26:24.599999905+00:00,2.610016663869222
1788791670.583,1788791184.8,78.66072933333334,16.945203499999998,True,1,1,2026-09-07 14:26:24.799999952+00:00,2.6132999976476032
1788791670.787,1788791185.0,78.66072916666667,16.945199666666667,True,1,1,2026-09-07 14:26:25+00:00,2.6166999975840253
1788791670.986,1788791185.2,78.660729,16.945195833333333,True,1,1,2026-09-07 14:26:25.200000048+00:00,2.6200166662534077
1788791671.185,1788791185.4,78.66072883333332,16.945192333333335,True,1,1,2026-09-07 14:26:25.400000095+00:00,2.6233333309491473
1788791671.386,1788791185.6,78.66072866666667,16.945188499999997,True,1,1,2026-09-07 14:26:25.599999905+00:00,2.6266833305358888
1788791671.587,1788791185.8,78.6607285,16.945185,True,1,1,2026-09-07 14:26:25.799999952+00:00,2.6300333301226297
1788791671.785,1788791186.0,78.66072833333332,16.945181833333333,True,1,1,2026-09-07 14:26:26+00:00,2.6333333333333333
1788791671.983,1788791186.2,78.66072816666666,16.9451785,True,1,1,2026-09-07 14:26:26.200000048+00:00,2.6366333325703937
1788791672.183,1788791186.4,78.660728,16.94517516666667,True,1,1,2026-09-07 14:26:26.400000095+00:00,2.639966666698456
1788791672.381,1788791186.6,78.66072783333334,16.945171833333333,True,1,1,2026-09-07 14:26:26.599999905+00:00,2.643266665935516
1788791672.582,1788791186.8,78.66072766666666,16.945168666666667,True,1,1,2026-09-07 14:26:26.799999952+00:00,2.6466166655222576
1788791672.785,1788791187.0,78.6607275,16.945165666666664,True,1,1,2026-09-07 14:26:27+00:00,2.65
1788791672.985,1788791187.2,78.66072733333334,16.9451625,True,1,1,2026-09-07 14:26:27.200000048+00:00,2.653333330154419
1788791673.186,1788791187.4,78.66072716666666,16.945159166666667,True,1,1,2026-09-07 14:26:27.400000095+00:00,2.656683333714803
1788791673.383,1788791187.6,78.66072683333333,16.945155833333335,True,1,1,2026-09-07 14:26:27.599999905+00:00,2.6599666635195414
1788791673.585,1788791187.8,78.6607265,16.945152,True,1,1,2026-09-07 14:26:27.799999952+00:00,2.663333332538605
1788791673.785,1788791188.0,78.66072600000001,16.945147666666667,True,1,1,2026-09-07 14:26:28+00:00,2.6666666666666665
1788791673.986,1788791188.2,78.6607255,16.945142833333332,True,1,1,2026-09-07 14:26:28.200000048+00:00,2.670016666253408
1788791674.186,1788791188.4,78.66072483333333,16.945137499999998,True,1,1,2026-09-07 14:26:28.400000095+00:00,2.6733500003814696
1788791674.386,1788791188.6,78.660724,16.945131833333335,True,1,1,2026-09-07 14:26:28.599999905+00:00,2.6766833305358886
1788791674.584,1788791188.8,78.66072333333334,16.945126000000002,True,1,1,2026-09-07 14:26:28.799999952+00:00,2.679983333746592
1788791674.782,1788791189.0,78.66072233333333,16.945120333333332,True,1,1,2026-09-07 14:26:29+00:00,2.683283332983653
1788791674.986,1788791189.2,78.6607215,16.94511483333333,True,1,1,2026-09-07 14:26:29.200000048+00:00,2.6866833329200746
1788791675.186,1788791189.4,78.66072066666668,16.94511,True,1,1,2026-09-07 14:26:29.400000095+00:00,2.6900166670481362
1788791675.386,1788791189.6,78.66071966666667,16.945105166666668,True,1,1,2026-09-07 14:26:29.599999905+00:00,2.693349997202555
1788791675.586,1788791189.8,78.6607185,16.945100333333336,True,1,1,2026-09-07 14:26:29.799999952+00:00,2.6966833313306173
1788791675.787,1788791190.0,78.66071716666667,16.945094833333332,True,1,1,2026-09-07 14:26:30+00:00,2.7000333309173583
1788791675.985,1788791190.2,78.66071583333334,16.945089333333332,True,1,1,2026-09-07 14:26:30.200000048+00:00,2.703333330154419
1788791676.182,1788791190.4,78.66071433333333,16.945084,True,1,1,2026-09-07 14:26:30.400000095+00:00,2.7066166639328
1788791676.387,1788791190.6,78.660713,16.945079333333336,True,1,1,2026-09-07 14:26:30.599999905+00:00,2.7100333333015443
1788791676.584,1788791190.8,78.66071149999999,16.945074499999997,True,1,1,2026-09-07 14:26:30.799999952+00:00,2.7133166670799254
1788791676.787,1788791191.0,78.66071016666666,16.945070166666667,True,1,1,2026-09-07 14:26:31+00:00,2.716699997584025
1788791676.985,1788791191.2,78.6607085,16.9450655,True,1,1,2026-09-07 14:26:31.200000048+00:00,2.7199999968210857
1788791677.186,1788791191.4,78.660707,16.94506116666667,True,1,1,2026-09-07 14:26:31.400000095+00:00,2.72335000038147
1788791677.386,1788791191.6,78.66070566666667,16.94505716666667,True,1,1,2026-09-07 14:26:31.599999905+00:00,2.726683330535889
1788791677.585,1788791191.8,78.66070416666666,16.945053166666664,True,1,1,2026-09-07 14:26:31.799999952+00:00,2.7299999992052713
1788791677.787,1788791192.0,78.66070266666667,16.94504883333333,True,1,1,2026-09-07 14:26:32+00:00,2.7333666642506915
1788791677.984,1788791192.2,78.66070133333332,16.945044333333332,True,1,1,2026-09-07 14:26:32.200000048+00:00,2.736649998029073
1788791678.183,1788791192.4,78.66069983333334,16.945039,True,1,1,2026-09-07 14:26:32.400000095+00:00,2.739966666698456
1788791678.387,1788791192.6,78.66069816666666,16.94503316666667,True,1,1,2026-09-07 14:26:32.599999905+00:00,2.7433666666348775
1788791678.586,1788791192.8,78.66069666666667,16.94502633333333,True,1,1,2026-09-07 14:26:32.799999952+00:00,2.746683331330617
1788791678.786,1788791193.0,78.66069516666667,16.945019,True,1,1,2026-09-07 14:26:33+00:00,2.7500166654586793
1788791678.984,1788791193.2,78.66069366666667,16.945011333333333,True,1,1,2026-09-07 14:26:33.200000048+00:00,2.7533166646957397
1788791679.188,1788791193.4,78.66069216666666,16.945003,True,1,1,2026-09-07 14:26:33.400000095+00:00,2.7567166646321613
1788791679.387,1788791193.6,78.66069066666667,16.9449935,True,1,1,2026-09-07 14:26:33.599999905+00:00,2.760033333301544
1788791679.584,1788791193.8,78.660689,16.944982999999997,True,1,1,2026-09-07 14:26:33.799999952+00:00,2.7633166670799256
1788791679.786,1788791194.0,78.66068716666668,16.9449715,True,1,1,2026-09-07 14:26:34+00:00,2.766683332125346
1788791679.985,1788791194.2,78.66068516666665,16.9449595,True,1,1,2026-09-07 14:26:34.200000048+00:00,2.7699999968210856
1788791680.186,1788791194.4,78.66068333333332,16.944946833333333,True,1,1,2026-09-07 14:26:34.400000095+00:00,2.7733500003814697
1788791680.385,1788791194.6,78.66068116666666,16.944933666666667,True,1,1,2026-09-07 14:26:34.599999905+00:00,2.7766666650772094
1788791680.586,1788791194.8,78.66067916666665,16.94492066666667,True,1,1,2026-09-07 14:26:34.799999952+00:00,2.780016664663951
1788791680.786,1788791195.0,78.660677,16.9449075,True,1,1,2026-09-07 14:26:35+00:00,2.7833499987920125
1788791680.987,1788791195.2,78.66067500000001,16.94489433333333,True,1,1,2026-09-07 14:26:35.200000048+00:00,2.7866999983787535
1788791681.185,1788791195.4,78.66067283333334,16.94488116666667,True,1,1,2026-09-07 14:26:35.400000095+00:00,2.7899999976158143
1788791681.386,1788791195.6,78.66067066666666,16.944868166666666,True,1,1,2026-09-07 14:26:35.599999905+00:00,2.7933499972025553
1788791681.585,1788791195.8,78.66066866666667,16.944855166666667,True,1,1,2026-09-07 14:26:35.799999952+00:00,2.796666665871938
1788791681.786,1788791196.0,78.66066649999999,16.944842,True,1,1,2026-09-07 14:26:36+00:00,2.800016665458679
1788791681.985,1788791196.2,78.66066433333334,16.944828500000003,True,1,1,2026-09-07 14:26:36.200000048+00:00,2.8033333301544188
1788791682.185,1788791196.4,78.660662,16.944814833333332,True,1,1,2026-09-07 14:26:36.400000095+00:00,2.806666664282481
1788791682.384,1788791196.6,78.66065966666666,16.9448015,True,1,1,2026-09-07 14:26:36.599999905+00:00,2.8099833329518638
1788791682.585,1788791196.8,78.66065733333333,16.944787833333333,True,1,1,2026-09-07 14:26:36.799999952+00:00,2.8133333325386047
1788791682.785,1788791197.0,78.66065499999999,16.944774,True,1,1,2026-09-07 14:26:37+00:00,2.816666666666667
1788791682.986,1788791197.2,78.66065266666666,16.94476033333333,True,1,1,2026-09-07 14:26:37.200000048+00:00,2.820016666253408
1788791683.186,1788791197.4,78.6606505,16.944746666666667,True,1,1,2026-09-07 14:26:37.400000095+00:00,2.8233500003814695
1788791683.387,1788791197.6,78.66064816666668,16.944732666666667,True,1,1,2026-09-07 14:26:37.599999905+00:00,2.826699999968211
1788791683.585,1788791197.8,78.66064583333333,16.94471916666667,True,1,1,2026-09-07 14:26:37.799999952+00:00,2.8299999992052713
1788791683.786,1788791198.0,78.66064366666666,16.94470533333333,True,1,1,2026-09-07 14:26:38+00:00,2.8333499987920123
1788791683.985,1788791198.2,78.66064133333333,16.944691499999998,True,1,1,2026-09-07 14:26:38.200000048+00:00,2.8366666634877524
1788791684.187,1788791198.4,78.660639,16.944677833333333,True,1,1,2026-09-07 14:26:38.400000095+00:00,2.8400333325068154
1788791684.385,1788791198.6,78.66063666666668,16.944664,True,1,1,2026-09-07 14:26:38.599999905+00:00,2.8433333317438763
1788791684.586,1788791198.8,78.66063416666665,16.944650000000003,True,1,1,2026-09-07 14:26:38.799999952+00:00,2.8466833313306172
1788791684.786,1788791199.0,78.66063183333334,16.944636333333335,True,1,1,2026-09-07 14:26:39+00:00,2.8500166654586794
1788791684.986,1788791199.2,78.6606295,16.944622499999998,True,1,1,2026-09-07 14:26:39.200000048+00:00,2.853349999586741
1788791685.185,1788791199.4,78.660627,16.944608833333334,True,1,1,2026-09-07 14:26:39.400000095+00:00,2.8566666642824807
1788791685.387,1788791199.6,78.6606245,16.944595166666666,True,1,1,2026-09-07 14:26:39.599999905+00:00,2.860033333301544
1788791685.585,1788791199.8,78.66062216666666,16.9445815,True,1,1,2026-09-07 14:26:39.799999952+00:00,2.8633333325386046
1788791685.783,1788791200.0,78.66061966666666,16.944567666666668,True,1,1,2026-09-07 14:26:40+00:00,2.8666333317756654
1788791685.985,1788791200.2,78.66061733333332,16.944554,True,1,1,2026-09-07 14:26:40.200000048+00:00,2.8699999968210856
1788791686.185,1788791200.4,78.660615,16.944540333333336,True,1,1,2026-09-07 14:26:40.400000095+00:00,2.8733333309491473
1788791686.384,1788791200.6,78.6606125,16.9445265,True,1,1,2026-09-07 14:26:40.599999905+00:00,2.87664999961853
1788791686.585,1788791200.8,78.66060999999999,16.944512999999997,True,1,1,2026-09-07 14:26:40.799999952+00:00,2.8799999992052716
1788791686.787,1788791201.0,78.66060766666666,16.944499333333333,True,1,1,2026-09-07 14:26:41+00:00,2.883366664250692
1788791686.986,1788791201.2,78.66060516666667,16.944485666666665,True,1,1,2026-09-07 14:26:41.200000048+00:00,2.8866833329200743
1788791687.183,1788791201.4,78.66060283333333,16.944472,True,1,1,2026-09-07 14:26:41.400000095+00:00,2.889966666698456
1788791687.387,1788791201.6,78.6606005,16.9444585,True,1,1,2026-09-07 14:26:41.599999905+00:00,2.8933666666348774
1788791687.598,1788791201.8,78.660598,16.944445166666664,True,1,1,2026-09-07 14:26:41.799999952+00:00,2.8968833327293395
1788791687.791,1788791202.0,78.66059583333335,16.944432333333335,True,1,1,2026-09-07 14:26:42+00:00,2.9000999967257184
1788791687.986,1788791202.2,78.66059366666667,16.944419999999997,True,1,1,2026-09-07 14:26:42.200000048+00:00,2.9033499995867413
1788791688.185,1788791202.4,78.66059166666668,16.944408666666668,True,1,1,2026-09-07 14:26:42.400000095+00:00,2.906666664282481
1788791688.385,1788791202.6,78.66058983333333,16.944398333333332,True,1,1,2026-09-07 14:26:42.599999905+00:00,2.9099999984105427
1788791688.582,1788791202.8,78.66058816666667,16.9443885,True,1,1,2026-09-07 14:26:42.799999952+00:00,2.913283332188924
1788791688.785,1788791203.0,78.66058666666666,16.94437966666667,True,1,1,2026-09-07 14:26:43+00:00,2.9166666666666665
1788791688.985,1788791203.2,78.66058516666666,16.944371,True,1,1,2026-09-07 14:26:43.200000048+00:00,2.9199999968210855
1788791689.187,1788791203.4,78.66058383333333,16.944362833333333,True,1,1,2026-09-07 14:26:43.400000095+00:00,2.923366665840149
1788791689.387,1788791203.6,78.66058249999999,16.944354833333332,True,1,1,2026-09-07 14:26:43.599999905+00:00,2.926699999968211
1788791689.585,1788791203.8,78.66058116666666,16.944347166666667,True,1,1,2026-09-07 14:26:43.799999952+00:00,2.9299999992052714
1788791689.785,1788791204.0,78.66058,16.94434,True,1,1,2026-09-07 14:26:44+00:00,2.933333333333333
1788791689.984,1788791204.2,78.66057883333333,16.944333500000003,True,1,1,2026-09-07 14:26:44.200000048+00:00,2.9366499980290732
1788791690.187,1788791204.4,78.66057783333333,16.944327666666666,True,1,1,2026-09-07 14:26:44.400000095+00:00,2.9400333325068155
1788791690.386,1788791204.6,78.66057683333334,16.944322166666666,True,1,1,2026-09-07 14:26:44.599999905+00:00,2.943349997202555
1788791690.587,1788791204.8,78.66057583333333,16.944317,True,1,1,2026-09-07 14:26:44.799999952+00:00,2.9466999967892966
1788791690.786,1788791205.0,78.66057500000001,16.94431216666667,True,1,1,2026-09-07 14:26:45+00:00,2.950016665458679
1788791690.986,1788791205.2,78.66057416666666,16.94430733333333,True,1,1,2026-09-07 14:26:45.200000048+00:00,2.953349999586741
1788791691.186,1788791205.4,78.66057333333333,16.9443025,True,1,1,2026-09-07 14:26:45.400000095+00:00,2.956683333714803
1788791691.386,1788791205.6,78.6605725,16.944297833333334,True,1,1,2026-09-07 14:26:45.599999905+00:00,2.960016663869222
1788791691.585,1788791205.8,78.66057183333334,16.944293166666668,True,1,1,2026-09-07 14:26:45.799999952+00:00,2.9633333325386046
1788791691.789,1788791206.0,78.66057099999999,16.944288833333335,True,1,1,2026-09-07 14:26:46+00:00,2.9667333324750262
1788791691.987,1788791206.2,78.66057033333333,16.944284666666665,True,1,1,2026-09-07 14:26:46.200000048+00:00,2.970033331712087
1788791692.186,1788791206.4,78.66056966666666,16.944281,True,1,1,2026-09-07 14:26:46.400000095+00:00,2.97335000038147
1788791692.384,1788791206.6,78.660569,16.944277166666666,True,1,1,2026-09-07 14:26:46.599999905+00:00,2.9766499996185303
1788791692.583,1788791206.8,78.66056833333333,16.9442735,True,1,1,2026-09-07 14:26:46.799999952+00:00,2.97996666431427
1788791692.781,1788791207.0,78.66056766666667,16.944269833333333,True,1,1,2026-09-07 14:26:47+00:00,2.9832666635513307
1788791692.988,1788791207.2,78.660567,16.944266333333335,True,1,1,2026-09-07 14:26:47.200000048+00:00,2.986716663837433
1788791693.187,1788791207.4,78.6605665,16.944262833333333,True,1,1,2026-09-07 14:26:47.400000095+00:00,2.990033332506816
1788791693.388,1788791207.6,78.66056583333334,16.94425933333333,True,1,1,2026-09-07 14:26:47.599999905+00:00,2.993383332093557
1788791693.586,1788791207.8,78.66056516666666,16.944255166666668,True,1,1,2026-09-07 14:26:47.799999952+00:00,2.996683331330617
1788791693.787,1788791208.0,78.66056466666667,16.944251666666666,True,1,1,2026-09-07 14:26:48+00:00,3.0000333309173586
1788791693.986,1788791208.2,78.66056416666667,16.9442485,True,1,1,2026-09-07 14:26:48.200000048+00:00,3.003349999586741
1788791694.187,1788791208.4,78.66056350000001,16.944245666666667,True,1,1,2026-09-07 14:26:48.400000095+00:00,3.0066999991734824
1788791694.386,1788791208.6,78.660563,16.94424233333333,True,1,1,2026-09-07 14:26:48.599999905+00:00,3.010016663869222
1788791694.586,1788791208.8,78.6605625,16.944238833333333,True,1,1,2026-09-07 14:26:48.799999952+00:00,3.0133499979972838
1788791694.786,1788791209.0,78.660562,16.944235833333334,True,1,1,2026-09-07 14:26:49+00:00,3.016683332125346
1788791694.985,1788791209.2,78.6605615,16.944232666666668,True,1,1,2026-09-07 14:26:49.200000048+00:00,3.0199999968210856
1788791695.185,1788791209.4,78.66056083333334,16.94423,True,1,1,2026-09-07 14:26:49.400000095+00:00,3.0233333309491477
1788791695.383,1788791209.6,78.6605605,16.944227,True,1,1,2026-09-07 14:26:49.599999905+00:00,3.026633330186208
1788791695.583,1788791209.8,78.66056,16.9442235,True,1,1,2026-09-07 14:26:49.799999952+00:00,3.02996666431427
1788791695.785,1788791210.0,78.6605595,16.94422033333333,True,1,1,2026-09-07 14:26:50+00:00,3.033333333333333
1788791695.984,1788791210.2,78.66055899999999,16.944218,True,1,1,2026-09-07 14:26:50.200000048+00:00,3.036649998029073
1788791696.184,1788791210.4,78.6605585,16.944215166666666,True,1,1,2026-09-07 14:26:50.400000095+00:00,3.039983332157135
1788791696.386,1788791210.6,78.66055816666668,16.944212166666667,True,1,1,2026-09-07 14:26:50.599999905+00:00,3.0433499972025553
1788791696.584,1788791210.8,78.66055766666666,16.9442095,True,1,1,2026-09-07 14:26:50.799999952+00:00,3.046650000413259
1788791696.785,1788791211.0,78.66055733333333,16.944207,True,1,1,2026-09-07 14:26:51+00:00,3.05
1788791696.984,1788791211.2,78.660557,16.944204833333334,True,1,1,2026-09-07 14:26:51.200000048+00:00,3.05331666469574
1788791697.185,1788791211.4,78.6605565,16.944202333333333,True,1,1,2026-09-07 14:26:51.400000095+00:00,3.056666664282481
1788791697.385,1788791211.6,78.66055616666667,16.944199833333336,True,1,1,2026-09-07 14:26:51.599999905+00:00,3.0599999984105426
1788791697.586,1788791211.8,78.66055583333333,16.944197666666664,True,1,1,2026-09-07 14:26:51.799999952+00:00,3.063349997997284
1788791697.79,1788791212.0,78.66055533333333,16.9441955,True,1,1,2026-09-07 14:26:52+00:00,3.0667499979337056
1788791697.985,1788791212.2,78.660555,16.944193499999997,True,1,1,2026-09-07 14:26:52.200000048+00:00,3.069999996821086
1788791698.183,1788791212.4,78.66055466666667,16.9441915,True,1,1,2026-09-07 14:26:52.400000095+00:00,3.073300000031789
1788791698.386,1788791212.6,78.66055433333332,16.9441895,True,1,1,2026-09-07 14:26:52.599999905+00:00,3.0766833305358885
1788791698.584,1788791212.8,78.660554,16.944187499999998,True,1,1,2026-09-07 14:26:52.799999952+00:00,3.079983333746592
1788791698.785,1788791213.0,78.66055366666666,16.9441855,True,1,1,2026-09-07 14:26:53+00:00,3.0833333333333335
1788791698.985,1788791213.2,78.66055333333334,16.944183333333335,True,1,1,2026-09-07 14:26:53.200000048+00:00,3.0866666634877524
1788791699.186,1788791213.4,78.660553,16.944181333333333,True,1,1,2026-09-07 14:26:53.400000095+00:00,3.0900166670481366
1788791699.386,1788791213.6,78.66055266666667,16.944179333333334,True,1,1,2026-09-07 14:26:53.599999905+00:00,3.0933499972025555
1788791699.583,1788791213.8,78.66055233333333,16.944177500000002,True,1,1,2026-09-07 14:26:53.799999952+00:00,3.0966333309809366
1788791699.786,1788791214.0,78.66055216666668,16.94417533333333,True,1,1,2026-09-07 14:26:54+00:00,3.1000166654586794
1788791699.988,1788791214.2,78.66055183333333,16.94417333333333,True,1,1,2026-09-07 14:26:54.200000048+00:00,3.1033833305040996
1788791700.186,1788791214.4,78.66055150000001,16.9441715,True,1,1,2026-09-07 14:26:54.400000095+00:00,3.106683333714803
1788791700.386,1788791214.6,78.66055116666666,16.944169666666667,True,1,1,2026-09-07 14:26:54.599999905+00:00,3.110016663869222
1788791700.587,1788791214.8,78.66055083333335,16.94416783333333,True,1,1,2026-09-07 14:26:54.799999952+00:00,3.113366663455963
1788791700.787,1788791215.0,78.6605505,16.944166,True,1,1,2026-09-07 14:26:55+00:00,3.1166999975840253
1788791700.984,1788791215.2,78.66055016666665,16.944164333333333,True,1,1,2026-09-07 14:26:55.200000048+00:00,3.1199833313624064
1788791701.187,1788791215.4,78.66054983333333,16.944162833333333,True,1,1,2026-09-07 14:26:55.400000095+00:00,3.123366665840149
1788791701.387,1788791215.6,78.66054949999999,16.944161166666667,True,1,1,2026-09-07 14:26:55.599999905+00:00,3.126699999968211
1788791701.586,1788791215.8,78.66054916666667,16.944159833333334,True,1,1,2026-09-07 14:26:55.799999952+00:00,3.1300166646639505
1788791701.787,1788791216.0,78.66054883333332,16.944158166666668,True,1,1,2026-09-07 14:26:56+00:00,3.133366664250692
1788791701.988,1788791216.2,78.66054866666667,16.944156833333334,True,1,1,2026-09-07 14:26:56.200000048+00:00,3.136716663837433
1788791702.187,1788791216.4,78.66054833333332,16.944155333333335,True,1,1,2026-09-07 14:26:56.400000095+00:00,3.1400333325068157
1788791702.383,1788791216.6,78.660548,16.94415366666667,True,1,1,2026-09-07 14:26:56.599999905+00:00,3.1432999968528748
1788791702.586,1788791216.8,78.66054766666666,16.944152166666665,True,1,1,2026-09-07 14:26:56.799999952+00:00,3.146683331330617
1788791702.786,1788791217.0,78.66054733333334,16.94415083333333,True,1,1,2026-09-07 14:26:57+00:00,3.150016665458679
1788791702.985,1788791217.2,78.66054716666666,16.944149499999998,True,1,1,2026-09-07 14:26:57.200000048+00:00,3.153333330154419
1788791703.184,1788791217.4,78.66054683333333,16.944148,True,1,1,2026-09-07 14:26:57.400000095+00:00,3.1566499988238017
1788791703.386,1788791217.6,78.6605465,16.944146666666665,True,1,1,2026-09-07 14:26:57.599999905+00:00,3.160016663869222
1788791703.586,1788791217.8,78.66054633333333,16.944145166666665,True,1,1,2026-09-07 14:26:57.799999952+00:00,3.163349997997284
1788791703.784,1788791218.0,78.66054600000001,16.94414383333333,True,1,1,2026-09-07 14:26:58+00:00,3.1666499972343445
1788791703.986,1788791218.2,78.66054566666666,16.944142333333332,True,1,1,2026-09-07 14:26:58.200000048+00:00,3.170016666253408
1788791704.188,1788791218.4,78.6605455,16.944141166666668,True,1,1,2026-09-07 14:26:58.400000095+00:00,3.173383331298828
1788791704.388,1788791218.6,78.66054516666667,16.94413966666667,True,1,1,2026-09-07 14:26:58.599999905+00:00,3.17671666542689
1788791704.587,1788791218.8,78.660545,16.94413816666667,True,1,1,2026-09-07 14:26:58.799999952+00:00,3.18003333012263
1788791704.787,1788791219.0,78.66054466666667,16.944136833333335,True,1,1,2026-09-07 14:26:59+00:00,3.1833666642506917
1788791704.986,1788791219.2,78.66054433333333,16.94413516666667,True,1,1,2026-09-07 14:26:59.200000048+00:00,3.1866833329200746
1788791705.187,1788791219.4,78.66054416666665,16.94413366666667,True,1,1,2026-09-07 14:26:59.400000095+00:00,3.1900333325068155
1788791705.388,1788791219.6,78.66054383333334,16.944132333333336,True,1,1,2026-09-07 14:26:59.599999905+00:00,3.1933833320935565
1788791705.589,1788791219.8,78.66054366666667,16.944131000000002,True,1,1,2026-09-07 14:26:59.799999952+00:00,3.196733331680298
1788791705.787,1788791220.0,78.66054333333334,16.9441295,True,1,1,2026-09-07 14:27:00+00:00,3.2000333309173583
1788791705.992,1788791220.2,78.66054316666667,16.944128,True,1,1,2026-09-07 14:27:00.200000048+00:00,3.2034500002861024
1788791706.187,1788791220.4,78.66054283333332,16.944126666666666,True,1,1,2026-09-07 14:27:00.400000095+00:00,3.206699999173482
1788791706.385,1788791220.6,78.66054266666667,16.944125166666666,True,1,1,2026-09-07 14:27:00.599999905+00:00,3.209999998410543
1788791706.584,1788791220.8,78.66054233333332,16.944123666666666,True,1,1,2026-09-07 14:27:00.799999952+00:00,3.2133166670799254
1788791706.787,1788791221.0,78.660542,16.944122166666666,True,1,1,2026-09-07 14:27:01+00:00,3.216699997584025
1788791706.987,1788791221.2,78.66054183333334,16.944120833333333,True,1,1,2026-09-07 14:27:01.200000048+00:00,3.220033331712087
1788791707.187,1788791221.4,78.66054166666666,16.944119333333333,True,1,1,2026-09-07 14:27:01.400000095+00:00,3.2233666658401487
1788791707.388,1788791221.6,78.66054133333334,16.944118,True,1,1,2026-09-07 14:27:01.599999905+00:00,3.22671666542689
1788791707.595,1788791221.8,78.66054116666666,16.9441165,True,1,1,2026-09-07 14:27:01.799999952+00:00,3.2301666657129924
1788791707.786,1788791222.0,78.66054083333333,16.944115,True,1,1,2026-09-07 14:27:02+00:00,3.2333499987920127
1788791707.985,1788791222.2,78.66054066666668,16.9441135,True,1,1,2026-09-07 14:27:02.200000048+00:00,3.2366666634877523
1788791708.186,1788791222.4,78.66054033333333,16.944112166666667,True,1,1,2026-09-07 14:27:02.400000095+00:00,3.2400166670481365
1788791708.387,1788791222.6,78.66054016666666,16.944110666666667,True,1,1,2026-09-07 14:27:02.599999905+00:00,3.2433666666348775
1788791708.587,1788791222.8,78.66053983333333,16.944109166666667,True,1,1,2026-09-07 14:27:02.799999952+00:00,3.2466999967892964
1788791708.785,1788791223.0,78.66053966666666,16.94410783333333,True,1,1,2026-09-07 14:27:03+00:00,3.25
1788791708.985,1788791223.2,78.66053933333333,16.9441065,True,1,1,2026-09-07 14:27:03.200000048+00:00,3.253333330154419
1788791709.184,1788791223.4,78.66053916666667,16.944105,True,1,1,2026-09-07 14:27:03.400000095+00:00,3.256649998823802
1788791709.386,1788791223.6,78.66053883333333,16.944103666666667,True,1,1,2026-09-07 14:27:03.599999905+00:00,3.260016663869222
1788791709.586,1788791223.8,78.66053866666667,16.944102166666667,True,1,1,2026-09-07 14:27:03.799999952+00:00,3.2633499979972838
1788791709.788,1788791224.0,78.66053833333334,16.944100833333334,True,1,1,2026-09-07 14:27:04+00:00,3.266716667016347
1788791709.987,1788791224.2,78.66053816666665,16.9440995,True,1,1,2026-09-07 14:27:04.200000048+00:00,3.270033331712087
1788791710.185,1788791224.4,78.660538,16.944098166666667,True,1,1,2026-09-07 14:27:04.400000095+00:00,3.2733333309491477
1788791710.388,1788791224.6,78.66053766666667,16.944096833333333,True,1,1,2026-09-07 14:27:04.599999905+00:00,3.27671666542689
1788791710.585,1788791224.8,78.66053749999999,16.9440955,True,1,1,2026-09-07 14:27:04.799999952+00:00,3.2799999992052715
1788791710.788,1788791225.0,78.66053716666667,16.944094166666666,True,1,1,2026-09-07 14:27:05+00:00,3.283383333683014
1788791710.986,1788791225.2,78.660537,16.944093000000002,True,1,1,2026-09-07 14:27:05.200000048+00:00,3.2866833329200746
1788791711.19,1788791225.4,78.66053666666667,16.944091500000003,True,1,1,2026-09-07 14:27:05.400000095+00:00,3.2900833328564962
1788791711.386,1788791225.6,78.6605365,16.9440905,True,1,1,2026-09-07 14:27:05.599999905+00:00,3.2933499972025553
1788791711.587,1788791225.8,78.66053633333333,16.944089,True,1,1,2026-09-07 14:27:05.799999952+00:00,3.2966999967892963
1788791711.788,1788791226.0,78.66053600000001,16.944087666666668,True,1,1,2026-09-07 14:27:06+00:00,3.3000500003496804
1788791711.984,1788791226.2,78.66053583333334,16.944086333333335,True,1,1,2026-09-07 14:27:06.200000048+00:00,3.30331666469574
1788791712.188,1788791226.4,78.6605355,16.944085166666664,True,1,1,2026-09-07 14:27:06.400000095+00:00,3.3067166646321615
1788791712.386,1788791226.6,78.66053533333334,16.944083499999998,True,1,1,2026-09-07 14:27:06.599999905+00:00,3.310016663869222
1788791712.585,1788791226.8,78.660535,16.94408233333333,True,1,1,2026-09-07 14:27:06.799999952+00:00,3.3133333325386047
1788791712.786,1788791227.0,78.66053483333333,16.944081,True,1,1,2026-09-07 14:27:07+00:00,3.3166833321253457
1788791712.985,1788791227.2,78.6605345,16.944079833333333,True,1,1,2026-09-07 14:27:07.200000048+00:00,3.319999996821086
1788791713.184,1788791227.4,78.66053433333333,16.944078333333334,True,1,1,2026-09-07 14:27:07.400000095+00:00,3.3233166654904682
1788791713.383,1788791227.6,78.66053400000001,16.944077166666666,True,1,1,2026-09-07 14:27:07.599999905+00:00,3.326633330186208
1788791713.586,1788791227.8,78.66053366666667,16.944075833333333,True,1,1,2026-09-07 14:27:07.799999952+00:00,3.3300166646639506
1788791713.786,1788791228.0,78.6605335,16.9440745,True,1,1,2026-09-07 14:27:08+00:00,3.3333499987920123
1788791713.986,1788791228.2,78.66053316666667,16.944073333333332,True,1,1,2026-09-07 14:27:08.200000048+00:00,3.3366833329200745
1788791714.186,1788791228.4,78.660533,16.944072000000002,True,1,1,2026-09-07 14:27:08.400000095+00:00,3.3400166670481366
1788791714.386,1788791228.6,78.66053283333333,16.94407066666667,True,1,1,2026-09-07 14:27:08.599999905+00:00,3.3433499972025555
1788791714.585,1788791228.8,78.6605325,16.944069333333335,True,1,1,2026-09-07 14:27:08.799999952+00:00,3.346666665871938
1788791714.784,1788791229.0,78.66053233333334,16.944068,True,1,1,2026-09-07 14:27:09+00:00,3.3499833305676776
1788791714.986,1788791229.2,78.660532,16.9440665,True,1,1,2026-09-07 14:27:09.200000048+00:00,3.353349999586741
1788791715.187,1788791229.4,78.66053183333334,16.944065333333334,True,1,1,2026-09-07 14:27:09.400000095+00:00,3.356699999173482
1788791715.386,1788791229.6,78.66053166666667,16.944064,True,1,1,2026-09-07 14:27:09.599999905+00:00,3.360016663869222
1788791715.586,1788791229.8,78.66053133333334,16.944062666666664,True,1,1,2026-09-07 14:27:09.799999952+00:00,3.363349997997284
1788791715.786,1788791230.0,78.66053116666667,16.9440615,True,1,1,2026-09-07 14:27:10+00:00,3.366683332125346
1788791715.986,1788791230.2,78.66053083333333,16.944060333333333,True,1,1,2026-09-07 14:27:10.200000048+00:00,3.3700166662534077
1788791716.185,1788791230.4,78.66053066666667,16.944058833333333,True,1,1,2026-09-07 14:27:10.400000095+00:00,3.3733333309491473
1788791716.385,1788791230.6,78.66053033333333,16.9440575,True,1,1,2026-09-07 14:27:10.599999905+00:00,3.3766666650772095
1788791716.586,1788791230.8,78.66053016666666,16.944056333333332,True,1,1,2026-09-07 14:27:10.799999952+00:00,3.3800166646639505
1788791716.786,1788791231.0,78.66053000000001,16.944055,True,1,1,2026-09-07 14:27:11+00:00,3.3833499987920126
1788791716.986,1788791231.2,78.66052966666666,16.94405383333333,True,1,1,2026-09-07 14:27:11.200000048+00:00,3.3866833329200743
1788791717.186,1788791231.4,78.6605295,16.944052666666668,True,1,1,2026-09-07 14:27:11.400000095+00:00,3.3900166670481364
1788791717.385,1788791231.6,78.66052933333334,16.944051666666667,True,1,1,2026-09-07 14:27:11.599999905+00:00,3.393333331743876
1788791717.582,1788791231.8,78.66052916666666,16.9440505,True,1,1,2026-09-07 14:27:11.799999952+00:00,3.3966166655222576
1788791717.786,1788791232.0,78.66052883333333,16.944049500000002,True,1,1,2026-09-07 14:27:12+00:00,3.400016665458679
1788791717.985,1788791232.2,78.66052866666668,16.944048333333335,True,1,1,2026-09-07 14:27:12.200000048+00:00,3.403333330154419
1788791718.185,1788791232.4,78.6605285,16.944047166666667,True,1,1,2026-09-07 14:27:12.400000095+00:00,3.406666664282481
1788791718.385,1788791232.6,78.66052833333333,16.944046,True,1,1,2026-09-07 14:27:12.599999905+00:00,3.4099999984105427
1788791718.585,1788791232.8,78.66052816666667,16.944044833333333,True,1,1,2026-09-07 14:27:12.799999952+00:00,3.413333332538605
1788791718.786,1788791233.0,78.66052800000001,16.944043833333335,True,1,1,2026-09-07 14:27:13+00:00,3.416683332125346
1788791718.987,1788791233.2,78.66052783333333,16.944042666666668,True,1,1,2026-09-07 14:27:13.200000048+00:00,3.420033331712087
1788791719.187,1788791233.4,78.6605275,16.9440415,True,1,1,2026-09-07 14:27:13.400000095+00:00,3.423366665840149
1788791719.386,1788791233.6,78.66052733333332,16.94404033333333,True,1,1,2026-09-07 14:27:13.599999905+00:00,3.4266833305358886
1788791719.586,1788791233.8,78.66052716666667,16.944039333333333,True,1,1,2026-09-07 14:27:13.799999952+00:00,3.4300166646639507
1788791719.788,1788791234.0,78.660527,16.944038166666665,True,1,1,2026-09-07 14:27:14+00:00,3.4333833336830137
1788791719.987,1788791234.2,78.66052666666666,16.944037166666664,True,1,1,2026-09-07 14:27:14.200000048+00:00,3.436699998378754
1788791720.185,1788791234.4,78.6605265,16.944036,True,1,1,2026-09-07 14:27:14.400000095+00:00,3.439999997615814
1788791720.384,1788791234.6,78.66052616666666,16.944035166666666,True,1,1,2026-09-07 14:27:14.599999905+00:00,3.443316666285197
1788791720.587,1788791234.8,78.66052599999999,16.944034166666665,True,1,1,2026-09-07 14:27:14.799999952+00:00,3.4466999967892966
1788791720.787,1788791235.0,78.66052583333334,16.944033166666667,True,1,1,2026-09-07 14:27:15+00:00,3.4500333309173583
1788791720.988,1788791235.2,78.66052566666667,16.944032166666666,True,1,1,2026-09-07 14:27:15.200000048+00:00,3.4533833305040997
1788791721.187,1788791235.4,78.66052549999999,16.94403133333333,True,1,1,2026-09-07 14:27:15.400000095+00:00,3.456699999173482
1788791721.387,1788791235.6,78.66052516666667,16.9440305,True,1,1,2026-09-07 14:27:15.599999905+00:00,3.4600333333015443
1788791721.587,1788791235.8,78.660525,16.9440295,True,1,1,2026-09-07 14:27:15.799999952+00:00,3.4633666634559632
1788791721.788,1788791236.0,78.66052483333333,16.944028666666668,True,1,1,2026-09-07 14:27:16+00:00,3.4667166670163474
1788791721.987,1788791236.2,78.66052466666666,16.944027666666667,True,1,1,2026-09-07 14:27:16.200000048+00:00,3.470033331712087
1788791722.189,1788791236.4,78.66052433333333,16.944026833333332,True,1,1,2026-09-07 14:27:16.400000095+00:00,3.4733999967575073
1788791722.387,1788791236.6,78.66052416666666,16.944026,True,1,1,2026-09-07 14:27:16.599999905+00:00,3.476699999968211
1788791722.593,1788791236.8,78.660524,16.944025,True,1,1,2026-09-07 14:27:16.799999952+00:00,3.480133330821991
1788791722.785,1788791237.0,78.66052383333334,16.94402416666667,True,1,1,2026-09-07 14:27:17+00:00,3.4833333333333334
1788791722.982,1788791237.2,78.6605235,16.944023166666668,True,1,1,2026-09-07 14:27:17.200000048+00:00,3.4866166671117145
1788791723.185,1788791237.4,78.66052333333333,16.944022166666667,True,1,1,2026-09-07 14:27:17.400000095+00:00,3.489999997615814
1788791723.387,1788791237.6,78.66052316666666,16.944021333333335,True,1,1,2026-09-07 14:27:17.599999905+00:00,3.4933666666348775
1788791723.588,1788791237.8,78.660523,16.944020166666668,True,1,1,2026-09-07 14:27:17.799999952+00:00,3.4967166662216185
1788791723.789,1788791238.0,78.66052283333333,16.944019333333333,True,1,1,2026-09-07 14:27:18+00:00,3.50006666580836
1788791723.989,1788791238.2,78.66052266666667,16.944018333333336,True,1,1,2026-09-07 14:27:18.200000048+00:00,3.5033999999364216
1788791724.188,1788791238.4,78.66052233333333,16.944017666666664,True,1,1,2026-09-07 14:27:18.400000095+00:00,3.5067166646321613
1788791724.388,1788791238.6,78.66052233333333,16.944016666666666,True,1,1,2026-09-07 14:27:18.599999905+00:00,3.5100499987602234
1788791724.587,1788791238.8,78.660522,16.944015666666665,True,1,1,2026-09-07 14:27:18.799999952+00:00,3.513366663455963
1788791724.789,1788791239.0,78.66052183333333,16.944014666666664,True,1,1,2026-09-07 14:27:19+00:00,3.5167333324750265
1788791724.987,1788791239.2,78.66052166666667,16.944013833333333,True,1,1,2026-09-07 14:27:19.200000048+00:00,3.520033331712087
1788791725.187,1788791239.4,78.6605215,16.944012999999998,True,1,1,2026-09-07 14:27:19.400000095+00:00,3.523366665840149
1788791725.387,1788791239.6,78.66052133333332,16.944012166666667,True,1,1,2026-09-07 14:27:19.599999905+00:00,3.5266999999682107
1788791725.587,1788791239.8,78.66052116666667,16.944011333333332,True,1,1,2026-09-07 14:27:19.799999952+00:00,3.5300333301226297
1788791725.785,1788791240.0,78.660521,16.9440105,True,1,1,2026-09-07 14:27:20+00:00,3.533333333333333
1788791725.987,1788791240.2,78.66052066666666,16.944009666666666,True,1,1,2026-09-07 14:27:20.200000048+00:00,3.5366999983787535
1788791726.187,1788791240.4,78.6605205,16.94400883333333,True,1,1,2026-09-07 14:27:20.400000095+00:00,3.5400333325068156
1788791726.386,1788791240.6,78.66052033333334,16.944008,True,1,1,2026-09-07 14:27:20.599999905+00:00,3.5433499972025553
1788791726.588,1788791240.8,78.66052016666666,16.94400733333333,True,1,1,2026-09-07 14:27:20.799999952+00:00,3.5467166662216187
1788791726.787,1788791241.0,78.66051999999999,16.944006666666667,True,1,1,2026-09-07 14:27:21+00:00,3.5500333309173584
1788791726.986,1788791241.2,78.66051983333334,16.944005833333332,True,1,1,2026-09-07 14:27:21.200000048+00:00,3.5533499995867412
1788791727.184,1788791241.4,78.66051966666667,16.944004833333334,True,1,1,2026-09-07 14:27:21.400000095+00:00,3.5566499988238016
1788791727.387,1788791241.6,78.66051949999999,16.944004166666666,True,1,1,2026-09-07 14:27:21.599999905+00:00,3.5600333333015444
1788791727.586,1788791241.8,78.66051933333333,16.944003333333335,True,1,1,2026-09-07 14:27:21.799999952+00:00,3.563349997997284
1788791727.787,1788791242.0,78.66051916666667,16.9440025,True,1,1,2026-09-07 14:27:22+00:00,3.566699997584025
1788791727.987,1788791242.2,78.66051883333333,16.944001833333335,True,1,1,2026-09-07 14:27:22.200000048+00:00,3.570033331712087
1788791728.188,1788791242.4,78.66051866666666,16.944001,True,1,1,2026-09-07 14:27:22.400000095+00:00,3.573383331298828
1788791728.387,1788791242.6,78.66051850000001,16.94400016666667,True,1,1,2026-09-07 14:27:22.599999905+00:00,3.576699999968211
1788791728.584,1788791242.8,78.66051833333333,16.943999333333334,True,1,1,2026-09-07 14:27:22.799999952+00:00,3.579983333746592
1788791728.788,1788791243.0,78.66051816666666,16.943998500000003,True,1,1,2026-09-07 14:27:23+00:00,3.583383333683014
1788791728.986,1788791243.2,78.660518,16.943997666666668,True,1,1,2026-09-07 14:27:23.200000048+00:00,3.5866833329200745
1788791729.188,1788791243.4,78.66051783333334,16.943996833333333,True,1,1,2026-09-07 14:27:23.400000095+00:00,3.5900499979654947
1788791729.388,1788791243.6,78.66051766666666,16.94399616666667,True,1,1,2026-09-07 14:27:23.599999905+00:00,3.593383332093557
1788791729.585,1788791243.8,78.6605175,16.943995166666664,True,1,1,2026-09-07 14:27:23.799999952+00:00,3.596666665871938
1788791729.786,1788791244.0,78.66051733333333,16.943994333333332,True,1,1,2026-09-07 14:27:24+00:00,3.6000166654586794
1788791729.985,1788791244.2,78.66051716666666,16.943993666666664,True,1,1,2026-09-07 14:27:24.200000048+00:00,3.603333330154419
1788791730.186,1788791244.4,78.66051683333333,16.943992833333333,True,1,1,2026-09-07 14:27:24.400000095+00:00,3.606683333714803
1788791730.386,1788791244.6,78.66051666666667,16.94399183333333,True,1,1,2026-09-07 14:27:24.599999905+00:00,3.610016663869222
1788791730.587,1788791244.8,78.6605165,16.943991,True,1,1,2026-09-07 14:27:24.799999952+00:00,3.613366663455963
1788791730.786,1788791245.0,78.66051633333333,16.94399,True,1,1,2026-09-07 14:27:25+00:00,3.616683332125346
1788791730.986,1788791245.2,78.66051633333333,16.943989166666665,True,1,1,2026-09-07 14:27:25.200000048+00:00,3.6200166662534077
1788791731.187,1788791245.4,78.66051616666667,16.943988166666667,True,1,1,2026-09-07 14:27:25.400000095+00:00,3.623366665840149
1788791731.384,1788791245.6,78.660516,16.9439875,True,1,1,2026-09-07 14:27:25.599999905+00:00,3.62664999961853
1788791731.586,1788791245.8,78.66051583333333,16.943986666666667,True,1,1,2026-09-07 14:27:25.799999952+00:00,3.6300166646639505
1788791731.785,1788791246.0,78.66051566666667,16.943985666666666,True,1,1,2026-09-07 14:27:26+00:00,3.6333333333333333
1788791731.986,1788791246.2,78.6605155,16.94398483333333,True,1,1,2026-09-07 14:27:26.200000048+00:00,3.6366833329200743
1788791732.187,1788791246.4,78.66051533333332,16.943984,True,1,1,2026-09-07 14:27:26.400000095+00:00,3.6400333325068157
1788791732.39,1788791246.6,78.66051516666667,16.943983166666666,True,1,1,2026-09-07 14:27:26.599999905+00:00,3.643416666984558
1788791732.589,1788791246.8,78.660515,16.943982333333334,True,1,1,2026-09-07 14:27:26.799999952+00:00,3.6467333316802977
1788791732.787,1788791247.0,78.66051483333334,16.9439815,True,1,1,2026-09-07 14:27:27+00:00,3.6500333309173585
1788791732.985,1788791247.2,78.66051466666666,16.94398066666667,True,1,1,2026-09-07 14:27:27.200000048+00:00,3.653333330154419
1788791733.184,1788791247.4,78.6605145,16.943979833333334,True,1,1,2026-09-07 14:27:27.400000095+00:00,3.6566499988238017
1788791733.384,1788791247.6,78.66051433333334,16.943979000000002,True,1,1,2026-09-07 14:27:27.599999905+00:00,3.6599833329518634
1788791733.589,1788791247.8,78.66051416666666,16.943978166666668,True,1,1,2026-09-07 14:27:27.799999952+00:00,3.6633999983469647
1788791733.788,1788791248.0,78.66051399999999,16.943977333333333,True,1,1,2026-09-07 14:27:28+00:00,3.666716667016347
1788791733.986,1788791248.2,78.66051383333334,16.9439765,True,1,1,2026-09-07 14:27:28.200000048+00:00,3.670016666253408
1788791734.184,1788791248.4,78.66051366666667,16.943975666666667,True,1,1,2026-09-07 14:27:28.400000095+00:00,3.6733166654904683
1788791734.387,1788791248.6,78.6605135,16.943975000000002,True,1,1,2026-09-07 14:27:28.599999905+00:00,3.676699999968211
1788791734.587,1788791248.8,78.66051333333333,16.943974333333333,True,1,1,2026-09-07 14:27:28.799999952+00:00,3.68003333012263
1788791734.788,1788791249.0,78.66051316666668,16.943973500000002,True,1,1,2026-09-07 14:27:29+00:00,3.6833833336830137
1788791734.987,1788791249.2,78.66051316666668,16.94397283333333,True,1,1,2026-09-07 14:27:29.200000048+00:00,3.686699998378754
1788791735.187,1788791249.4,78.66051283333333,16.94397233333333,True,1,1,2026-09-07 14:27:29.400000095+00:00,3.6900333325068155
1788791735.388,1788791249.6,78.66051266666666,16.943972,True,1,1,2026-09-07 14:27:29.599999905+00:00,3.6933833320935565
1788791735.587,1788791249.8,78.66051216666666,16.943972,True,1,1,2026-09-07 14:27:29.799999952+00:00,3.6966999967892966
1788791735.787,1788791250.0,78.66051183333335,16.943972166666665,True,1,1,2026-09-07 14:27:30+00:00,3.7000333309173583
1788791735.988,1788791250.2,78.6605115,16.943972499999997,True,1,1,2026-09-07 14:27:30.200000048+00:00,3.7033833305040997
1788791736.188,1788791250.4,78.660511,16.943973833333335,True,1,1,2026-09-07 14:27:30.400000095+00:00,3.7067166646321614
1788791736.388,1788791250.6,78.66051066666667,16.94397466666667,True,1,1,2026-09-07 14:27:30.599999905+00:00,3.7100499987602236
1788791736.586,1788791250.8,78.66051033333333,16.943975666666667,True,1,1,2026-09-07 14:27:30.799999952+00:00,3.713349997997284
1788791736.785,1788791251.0,78.66051,16.943976666666668,True,1,1,2026-09-07 14:27:31+00:00,3.716666666666667
1788791736.987,1788791251.2,78.6605095,16.94397766666667,True,1,1,2026-09-07 14:27:31.200000048+00:00,3.720033331712087
1788791737.188,1788791251.4,78.66050933333332,16.943978833333333,True,1,1,2026-09-07 14:27:31.400000095+00:00,3.723383331298828
1788791737.389,1788791251.6,78.660509,16.943980166666666,True,1,1,2026-09-07 14:27:31.599999905+00:00,3.7267333308855695
1788791737.594,1788791251.8,78.66050866666666,16.943981833333332,True,1,1,2026-09-07 14:27:31.799999952+00:00,3.730150000254313
1788791737.787,1788791252.0,78.6605085,16.9439835,True,1,1,2026-09-07 14:27:32+00:00,3.7333666642506915
1788791737.987,1788791252.2,78.66050816666666,16.9439855,True,1,1,2026-09-07 14:27:32.200000048+00:00,3.7366999983787537
1788791738.186,1788791252.4,78.660508,16.943987166666666,True,1,1,2026-09-07 14:27:32.400000095+00:00,3.7400166670481365
1788791738.389,1788791252.6,78.66050816666666,16.943988166666667,True,1,1,2026-09-07 14:27:32.599999905+00:00,3.743399997552236
1788791738.588,1788791252.8,78.66050816666666,16.9439895,True,1,1,2026-09-07 14:27:32.799999952+00:00,3.7467166662216185
1788791738.792,1788791253.0,78.66050816666666,16.943991,True,1,1,2026-09-07 14:27:33+00:00,3.7501166661580405
1788791738.988,1788791253.2,78.66050816666666,16.943991999999998,True,1,1,2026-09-07 14:27:33.200000048+00:00,3.7533833305040996
1788791739.187,1788791253.4,78.66050783333334,16.943993,True,1,1,2026-09-07 14:27:33.400000095+00:00,3.7566999991734824
1788791739.388,1788791253.6,78.66050766666667,16.94399383333333,True,1,1,2026-09-07 14:27:33.599999905+00:00,3.7600499987602234
1788791739.584,1788791253.8,78.66050733333333,16.9439945,True,1,1,2026-09-07 14:27:33.799999952+00:00,3.7633166670799256
1788791739.789,1788791254.0,78.66050716666668,16.94399533333333,True,1,1,2026-09-07 14:27:34+00:00,3.7667333324750265
1788791739.987,1788791254.2,78.66050683333333,16.94399566666667,True,1,1,2026-09-07 14:27:34.200000048+00:00,3.770033331712087
1788791740.186,1788791254.4,78.66050650000001,16.94399616666667,True,1,1,2026-09-07 14:27:34.400000095+00:00,3.7733500003814697
1788791740.388,1788791254.6,78.66050616666666,16.943996666666667,True,1,1,2026-09-07 14:27:34.599999905+00:00,3.77671666542689
1788791740.594,1788791254.8,78.660506,16.943996833333333,True,1,1,2026-09-07 14:27:34.799999952+00:00,3.7801500002543134
1788791740.787,1788791255.0,78.66050566666667,16.943997333333336,True,1,1,2026-09-07 14:27:35+00:00,3.783366664250692
1788791740.985,1788791255.2,78.6605055,16.943997833333334,True,1,1,2026-09-07 14:27:35.200000048+00:00,3.786666663487752
1788791741.186,1788791255.4,78.66050516666665,16.943998500000003,True,1,1,2026-09-07 14:27:35.400000095+00:00,3.7900166670481363
1788791741.388,1788791255.6,78.660505,16.943999,True,1,1,2026-09-07 14:27:35.599999905+00:00,3.7933833320935566
1788791741.586,1788791255.8,78.66050483333333,16.943999166666668,True,1,1,2026-09-07 14:27:35.799999952+00:00,3.7966833313306174
1788791741.787,1788791256.0,78.66050449999999,16.9439995,True,1,1,2026-09-07 14:27:36+00:00,3.8000333309173584
1788791741.986,1788791256.2,78.66050433333334,16.943999833333333,True,1,1,2026-09-07 14:27:36.200000048+00:00,3.8033499995867412
1788791742.187,1788791256.4,78.66050416666667,16.944000333333335,True,1,1,2026-09-07 14:27:36.400000095+00:00,3.8066999991734822
1788791742.384,1788791256.6,78.660504,16.944000833333334,True,1,1,2026-09-07 14:27:36.599999905+00:00,3.8099833329518638
1788791742.591,1788791256.8,78.66050383333332,16.944000666666668,True,1,1,2026-09-07 14:27:36.799999952+00:00,3.813433333237966
1788791742.787,1788791257.0,78.66050366666667,16.9440005,True,1,1,2026-09-07 14:27:37+00:00,3.816699997584025
1788791742.985,1788791257.2,78.6605035,16.94400016666667,True,1,1,2026-09-07 14:27:37.200000048+00:00,3.819999996821086
1788791743.185,1788791257.4,78.66050333333332,16.944000333333335,True,1,1,2026-09-07 14:27:37.400000095+00:00,3.8233333309491475
1788791743.385,1788791257.6,78.66050316666666,16.944000666666668,True,1,1,2026-09-07 14:27:37.599999905+00:00,3.8266666650772097
1788791743.584,1788791257.8,78.66050316666666,16.944001,True,1,1,2026-09-07 14:27:37.799999952+00:00,3.829983333746592
1788791743.785,1788791258.0,78.66050283333334,16.944001333333333,True,1,1,2026-09-07 14:27:38+00:00,3.8333333333333335
1788791743.987,1788791258.2,78.66050266666666,16.944001333333333,True,1,1,2026-09-07 14:27:38.200000048+00:00,3.8366999983787538
1788791744.188,1788791258.4,78.66050233333334,16.944001500000002,True,1,1,2026-09-07 14:27:38.400000095+00:00,3.8400499979654947
1788791744.387,1788791258.6,78.66050216666666,16.944001833333335,True,1,1,2026-09-07 14:27:38.599999905+00:00,3.8433666666348776
1788791744.587,1788791258.8,78.66050183333333,16.9440025,True,1,1,2026-09-07 14:27:38.799999952+00:00,3.8466999967892965
1788791744.787,1788791259.0,78.66050166666668,16.944002666666666,True,1,1,2026-09-07 14:27:39+00:00,3.850033330917358
1788791744.986,1788791259.2,78.6605015,16.944002833333332,True,1,1,2026-09-07 14:27:39.200000048+00:00,3.853349999586741
1788791745.185,1788791259.4,78.66050116666666,16.944002833333332,True,1,1,2026-09-07 14:27:39.400000095+00:00,3.8566666642824807
1788791745.388,1788791259.6,78.66050083333333,16.944002833333332,True,1,1,2026-09-07 14:27:39.599999905+00:00,3.8600499987602235
1788791745.587,1788791259.8,78.66050066666666,16.944002833333332,True,1,1,2026-09-07 14:27:39.799999952+00:00,3.863366663455963
1788791745.787,1788791260.0,78.6605005,16.944003333333335,True,1,1,2026-09-07 14:27:40+00:00,3.8666999975840253
1788791745.987,1788791260.2,78.66050033333333,16.944003833333333,True,1,1,2026-09-07 14:27:40.200000048+00:00,3.870033331712087
1788791746.187,1788791260.4,78.66050016666667,16.944003833333333,True,1,1,2026-09-07 14:27:40.400000095+00:00,3.873366665840149
1788791746.387,1788791260.6,78.66049983333333,16.944004,True,1,1,2026-09-07 14:27:40.599999905+00:00,3.876699999968211
1788791746.587,1788791260.8,78.66049966666667,16.944003833333333,True,1,1,2026-09-07 14:27:40.799999952+00:00,3.8800333301226297
1788791746.786,1788791261.0,78.66049933333333,16.944004166666666,True,1,1,2026-09-07 14:27:41+00:00,3.8833499987920126
1788791746.986,1788791261.2,78.66049916666665,16.944004666666668,True,1,1,2026-09-07 14:27:41.200000048+00:00,3.8866833329200743
1788791747.187,1788791261.4,78.660499,16.944005166666667,True,1,1,2026-09-07 14:27:41.400000095+00:00,3.8900333325068157
1788791747.388,1788791261.6,78.66049866666667,16.944005166666667,True,1,1,2026-09-07 14:27:41.599999905+00:00,3.8933833320935567
1788791747.586,1788791261.8,78.66049833333334,16.944005166666667,True,1,1,2026-09-07 14:27:41.799999952+00:00,3.896683331330617
1788791747.786,1788791262.0,78.66049816666667,16.944005166666667,True,1,1,2026-09-07 14:27:42+00:00,3.900016665458679
1788791747.984,1788791262.2,78.660498,16.944005666666666,True,1,1,2026-09-07 14:27:42.200000048+00:00,3.9033166646957396
1788791748.186,1788791262.4,78.66049766666667,16.944005833333332,True,1,1,2026-09-07 14:27:42.400000095+00:00,3.906683333714803
1788791748.387,1788791262.6,78.6604975,16.944006333333334,True,1,1,2026-09-07 14:27:42.599999905+00:00,3.910033333301544
1788791748.588,1788791262.8,78.66049716666666,16.9440065,True,1,1,2026-09-07 14:27:42.799999952+00:00,3.9133833328882854
1788791748.788,1788791263.0,78.660497,16.9440065,True,1,1,2026-09-07 14:27:43+00:00,3.916716667016347
1788791748.986,1788791263.2,78.66049666666666,16.944006666666667,True,1,1,2026-09-07 14:27:43.200000048+00:00,3.920016666253408
1788791749.187,1788791263.4,78.6604965,16.944006833333333,True,1,1,2026-09-07 14:27:43.400000095+00:00,3.923366665840149
1788791749.388,1788791263.6,78.66049633333334,16.944007166666665,True,1,1,2026-09-07 14:27:43.599999905+00:00,3.92671666542689
1788791749.587,1788791263.8,78.66049616666666,16.944007666666668,True,1,1,2026-09-07 14:27:43.799999952+00:00,3.93003333012263
1788791749.787,1788791264.0,78.66049583333333,16.944007833333334,True,1,1,2026-09-07 14:27:44+00:00,3.9333666642506917
1788791749.988,1788791264.2,78.6604955,16.9440075,True,1,1,2026-09-07 14:27:44.200000048+00:00,3.9367166638374327
1788791750.188,1788791264.4,78.66049533333333,16.94400733333333,True,1,1,2026-09-07 14:27:44.400000095+00:00,3.940049997965495
1788791750.388,1788791264.6,78.66049500000001,16.944007166666665,True,1,1,2026-09-07 14:27:44.599999905+00:00,3.9433833320935565
1788791750.586,1788791264.8,78.6604945,16.944006833333333,True,1,1,2026-09-07 14:27:44.799999952+00:00,3.9466833313306173
1788791750.788,1788791265.0,78.660494,16.944005833333332,True,1,1,2026-09-07 14:27:45+00:00,3.950050000349681
1788791750.989,1788791265.2,78.6604935,16.944004666666668,True,1,1,2026-09-07 14:27:45.200000048+00:00,3.9533999999364218
1788791751.188,1788791265.4,78.66049316666665,16.944003333333335,True,1,1,2026-09-07 14:27:45.400000095+00:00,3.9567166646321614
1788791751.389,1788791265.6,78.66049283333334,16.944002,True,1,1,2026-09-07 14:27:45.599999905+00:00,3.9600666642189024
1788791751.587,1788791265.8,78.66049249999999,16.944001,True,1,1,2026-09-07 14:27:45.799999952+00:00,3.9633666634559632
1788791751.789,1788791266.0,78.66049233333334,16.944000666666668,True,1,1,2026-09-07 14:27:46+00:00,3.9667333324750262
1788791751.988,1788791266.2,78.66049216666667,16.944000000000003,True,1,1,2026-09-07 14:27:46.200000048+00:00,3.9700499971707663
1788791752.188,1788791266.4,78.660492,16.9439995,True,1,1,2026-09-07 14:27:46.400000095+00:00,3.973383331298828
1788791752.389,1788791266.6,78.66049183333332,16.943998833333335,True,1,1,2026-09-07 14:27:46.599999905+00:00,3.9767333308855695
1788791752.6,1788791266.8,78.6604915,16.943998166666667,True,1,1,2026-09-07 14:27:46.799999952+00:00,3.980249996980031
1788791752.786,1788791267.0,78.66049133333333,16.943997666666668,True,1,1,2026-09-07 14:27:47+00:00,3.9833499987920127
1788791752.986,1788791267.2,78.66049100000001,16.94399716666667,True,1,1,2026-09-07 14:27:47.200000048+00:00,3.9866833329200744
1788791753.187,1788791267.4,78.66049083333334,16.943996333333335,True,1,1,2026-09-07 14:27:47.400000095+00:00,3.990033332506816
1788791753.385,1788791267.6,78.66049066666666,16.94399533333333,True,1,1,2026-09-07 14:27:47.599999905+00:00,3.993333331743876
1788791753.586,1788791267.8,78.66049033333334,16.9439945,True,1,1,2026-09-07 14:27:47.799999952+00:00,3.996683331330617
1788791753.788,1788791268.0,78.66049,16.94399383333333,True,1,1,2026-09-07 14:27:48+00:00,4.00005000034968
1788791753.987,1788791268.2,78.66048966666668,16.943993,True,1,1,2026-09-07 14:27:48.200000048+00:00,4.00336666504542
1788791754.189,1788791268.4,78.6604895,16.94399233333333,True,1,1,2026-09-07 14:27:48.400000095+00:00,4.0067333300908405
1788791754.389,1788791268.6,78.66048916666666,16.9439915,True,1,1,2026-09-07 14:27:48.599999905+00:00,4.010066664218902
1788791754.587,1788791268.8,78.66048900000001,16.943990499999998,True,1,1,2026-09-07 14:27:48.799999952+00:00,4.0133666634559635
1788791754.786,1788791269.0,78.66048883333333,16.9439895,True,1,1,2026-09-07 14:27:49+00:00,4.0166833321253455
1788791754.987,1788791269.2,78.6604885,16.943988833333332,True,1,1,2026-09-07 14:27:49.200000048+00:00,4.020033331712087
1788791755.188,1788791269.4,78.66048833333333,16.9439885,True,1,1,2026-09-07 14:27:49.400000095+00:00,4.023383331298828
1788791755.388,1788791269.6,78.660488,16.94398783333333,True,1,1,2026-09-07 14:27:49.599999905+00:00,4.02671666542689
1788791755.587,1788791269.8,78.66048783333333,16.943987166666666,True,1,1,2026-09-07 14:27:49.799999952+00:00,4.03003333012263
1788791755.788,1788791270.0,78.6604875,16.943986166666665,True,1,1,2026-09-07 14:27:50+00:00,4.033383333683014
1788791755.987,1788791270.2,78.66048716666666,16.943984666666665,True,1,1,2026-09-07 14:27:50.200000048+00:00,4.0366999983787535
1788791756.185,1788791270.4,78.66048683333334,16.943982666666667,True,1,1,2026-09-07 14:27:50.400000095+00:00,4.039999997615814
1788791756.388,1788791270.6,78.66048649999999,16.943980333333332,True,1,1,2026-09-07 14:27:50.599999905+00:00,4.043383332093557
1788791756.587,1788791270.8,78.66048616666667,16.943977500000003,True,1,1,2026-09-07 14:27:50.799999952+00:00,4.046699996789297
1788791756.788,1788791271.0,78.660486,16.943974333333333,True,1,1,2026-09-07 14:27:51+00:00,4.050050000349681
1788791756.987,1788791271.2,78.660486,16.943971166666664,True,1,1,2026-09-07 14:27:51.200000048+00:00,4.05336666504542
1788791757.187,1788791271.4,78.66048633333334,16.94396833333333,True,1,1,2026-09-07 14:27:51.400000095+00:00,4.056699999173483
1788791757.389,1788791271.6,78.66048666666667,16.94396533333333,True,1,1,2026-09-07 14:27:51.599999905+00:00,4.060066664218903
1788791757.585,1788791271.8,78.660487,16.9439635,True,1,1,2026-09-07 14:27:51.799999952+00:00,4.063333332538605
1788791757.787,1788791272.0,78.66048733333334,16.943961333333334,True,1,1,2026-09-07 14:27:52+00:00,4.066699997584025
1788791757.987,1788791272.2,78.66048766666667,16.943959,True,1,1,2026-09-07 14:27:52.200000048+00:00,4.070033331712087
1788791758.188,1788791272.4,78.660488,16.943956166666666,True,1,1,2026-09-07 14:27:52.400000095+00:00,4.073383331298828
1788791758.388,1788791272.6,78.66048833333333,16.94395216666667,True,1,1,2026-09-07 14:27:52.599999905+00:00,4.07671666542689
1788791758.587,1788791272.8,78.66048916666666,16.943948499999998,True,1,1,2026-09-07 14:27:52.799999952+00:00,4.08003333012263
1788791758.787,1788791273.0,78.66049,16.9439435,True,1,1,2026-09-07 14:27:53+00:00,4.083366664250692
1788791758.985,1788791273.2,78.66049083333334,16.943937333333334,True,1,1,2026-09-07 14:27:53.200000048+00:00,4.086666663487752
1788791759.188,1788791273.4,78.66049183333332,16.943930166666668,True,1,1,2026-09-07 14:27:53.400000095+00:00,4.090049997965495
1788791759.389,1788791273.6,78.660493,16.943922999999998,True,1,1,2026-09-07 14:27:53.599999905+00:00,4.093399997552236
1788791759.589,1788791273.8,78.66049433333333,16.943915166666667,True,1,1,2026-09-07 14:27:53.799999952+00:00,4.096733331680298
1788791759.789,1788791274.0,78.66049583333333,16.94390716666667,True,1,1,2026-09-07 14:27:54+00:00,4.1000666658083595
1788791759.988,1788791274.2,78.66049733333332,16.943898666666666,True,1,1,2026-09-07 14:27:54.200000048+00:00,4.1033833305041
1788791760.186,1788791274.4,78.66049916666665,16.943890333333332,True,1,1,2026-09-07 14:27:54.400000095+00:00,4.106683333714803
1788791760.387,1788791274.6,78.66050100000001,16.943881833333332,True,1,1,2026-09-07 14:27:54.599999905+00:00,4.110033333301544
1788791760.588,1788791274.8,78.66050283333334,16.9438725,True,1,1,2026-09-07 14:27:54.799999952+00:00,4.113383332888286
1788791760.788,1788791275.0,78.66050516666665,16.943862666666668,True,1,1,2026-09-07 14:27:55+00:00,4.116716667016347
1788791760.987,1788791275.2,78.66050733333333,16.943851666666667,True,1,1,2026-09-07 14:27:55.200000048+00:00,4.120033331712087
1788791761.186,1788791275.4,78.66050966666667,16.943839833333335,True,1,1,2026-09-07 14:27:55.400000095+00:00,4.123350000381469
1788791761.387,1788791275.6,78.66051183333335,16.943827333333335,True,1,1,2026-09-07 14:27:55.599999905+00:00,4.126699999968211
1788791761.586,1788791275.8,78.66051416666666,16.943814333333332,True,1,1,2026-09-07 14:27:55.799999952+00:00,4.130016664663951
1788791761.785,1788791276.0,78.66051633333333,16.943801166666667,True,1,1,2026-09-07 14:27:56+00:00,4.133333333333334
1788791761.986,1788791276.2,78.66051850000001,16.943787999999998,True,1,1,2026-09-07 14:27:56.200000048+00:00,4.136683332920074
1788791762.185,1788791276.4,78.66052083333334,16.943775000000002,True,1,1,2026-09-07 14:27:56.400000095+00:00,4.139999997615814
1788791762.386,1788791276.6,78.660523,16.943761833333333,True,1,1,2026-09-07 14:27:56.599999905+00:00,4.143349997202555
1788791762.587,1788791276.8,78.66052533333333,16.943749166666667,True,1,1,2026-09-07 14:27:56.799999952+00:00,4.146699996789296
1788791762.79,1788791277.0,78.66052733333332,16.943736166666667,True,1,1,2026-09-07 14:27:57+00:00,4.150083331267039
1788791762.988,1788791277.2,78.6605295,16.943723166666665,True,1,1,2026-09-07 14:27:57.200000048+00:00,4.1533833305040995
1788791763.186,1788791277.4,78.66053166666667,16.94371,True,1,1,2026-09-07 14:27:57.400000095+00:00,4.1566833337148035
1788791763.386,1788791277.6,78.66053383333333,16.943696833333334,True,1,1,2026-09-07 14:27:57.599999905+00:00,4.160016663869222
1788791763.586,1788791277.8,78.66053583333334,16.943683500000002,True,1,1,2026-09-07 14:27:57.799999952+00:00,4.163349997997284
1788791763.787,1788791278.0,78.660538,16.943670333333333,True,1,1,2026-09-07 14:27:58+00:00,4.166699997584025
1788791763.988,1788791278.2,78.66053983333333,16.943656999999998,True,1,1,2026-09-07 14:27:58.200000048+00:00,4.170049997170766
1788791764.188,1788791278.4,78.66054183333334,16.943643333333334,True,1,1,2026-09-07 14:27:58.400000095+00:00,4.173383331298828
1788791764.385,1788791278.6,78.66054383333334,16.943630166666665,True,1,1,2026-09-07 14:27:58.599999905+00:00,4.176666665077209
1788791764.586,1788791278.8,78.66054566666666,16.943616666666667,True,1,1,2026-09-07 14:27:58.799999952+00:00,4.180016664663951
1788791764.789,1788791279.0,78.66054733333334,16.943603333333332,True,1,1,2026-09-07 14:27:59+00:00,4.1833999991416935
1788791764.989,1788791279.2,78.660549,16.943589499999998,True,1,1,2026-09-07 14:27:59.200000048+00:00,4.186733333269755
1788791765.189,1788791279.4,78.66055066666667,16.9435755,True,1,1,2026-09-07 14:27:59.400000095+00:00,4.190066663424174
1788791765.389,1788791279.6,78.6605525,16.94356133333333,True,1,1,2026-09-07 14:27:59.599999905+00:00,4.193399997552236
1788791765.588,1788791279.8,78.66055416666667,16.943547333333335,True,1,1,2026-09-07 14:27:59.799999952+00:00,4.196716666221619
1788791765.788,1788791280.0,78.660556,16.943532833333332,True,1,1,2026-09-07 14:28:00+00:00,4.20005000034968
1788791765.994,1788791280.2,78.66055766666666,16.943518166666667,True,1,1,2026-09-07 14:28:00.200000048+00:00,4.2034833312034605
1788791766.189,1788791280.4,78.66055933333334,16.943503500000002,True,1,1,2026-09-07 14:28:00.400000095+00:00,4.206733330090841
1788791766.389,1788791280.6,78.660561,16.9434885,True,1,1,2026-09-07 14:28:00.599999905+00:00,4.210066664218902
1788791766.587,1788791280.8,78.66056283333334,16.943473333333333,True,1,1,2026-09-07 14:28:00.799999952+00:00,4.213366663455963
1788791766.788,1788791281.0,78.66056449999999,16.943458500000002,True,1,1,2026-09-07 14:28:01+00:00,4.216716667016347
1788791766.988,1788791281.2,78.66056633333332,16.943443333333335,True,1,1,2026-09-07 14:28:01.200000048+00:00,4.220049997170766
1788791767.186,1788791281.4,78.660568,16.9434285,True,1,1,2026-09-07 14:28:01.400000095+00:00,4.22335000038147
1788791767.389,1788791281.6,78.66056966666666,16.943413500000002,True,1,1,2026-09-07 14:28:01.599999905+00:00,4.226733330885569
1788791767.595,1788791281.8,78.66057133333334,16.9433985,True,1,1,2026-09-07 14:28:01.799999952+00:00,4.230166665712992
1788791767.789,1788791282.0,78.66057300000001,16.943382999999997,True,1,1,2026-09-07 14:28:02+00:00,4.233399999141693
1788791767.988,1788791282.2,78.66057466666666,16.943367666666667,True,1,1,2026-09-07 14:28:02.200000048+00:00,4.2367166638374325
1788791768.188,1788791282.4,78.66057633333334,16.943352166666667,True,1,1,2026-09-07 14:28:02.400000095+00:00,4.240049997965495
1788791768.389,1788791282.6,78.660578,16.943336666666667,True,1,1,2026-09-07 14:28:02.599999905+00:00,4.243399997552236
1788791768.586,1788791282.8,78.6605795,16.943321166666667,True,1,1,2026-09-07 14:28:02.799999952+00:00,4.246683331330617
1788791768.788,1788791283.0,78.66058116666666,16.943305666666667,True,1,1,2026-09-07 14:28:03+00:00,4.25005000034968
1788791768.987,1788791283.2,78.66058249999999,16.9432905,True,1,1,2026-09-07 14:28:03.200000048+00:00,4.25336666504542
1788791769.185,1788791283.4,78.660584,16.94327516666667,True,1,1,2026-09-07 14:28:03.400000095+00:00,4.256666664282481
1788791769.388,1788791283.6,78.66058533333333,16.94326016666667,True,1,1,2026-09-07 14:28:03.599999905+00:00,4.260049998760223
1788791769.587,1788791283.8,78.66058666666666,16.943245333333333,True,1,1,2026-09-07 14:28:03.799999952+00:00,4.2633666634559635
1788791769.789,1788791284.0,78.66058783333332,16.943230500000002,True,1,1,2026-09-07 14:28:04+00:00,4.2667333324750265
1788791769.986,1788791284.2,78.66058883333334,16.943215666666667,True,1,1,2026-09-07 14:28:04.200000048+00:00,4.270016666253408
1788791770.188,1788791284.4,78.66059,16.943200166666667,True,1,1,2026-09-07 14:28:04.400000095+00:00,4.273383331298828
1788791770.387,1788791284.6,78.66059116666666,16.943184166666665,True,1,1,2026-09-07 14:28:04.599999905+00:00,4.276699999968211
1788791770.588,1788791284.8,78.66059233333334,16.943167833333334,True,1,1,2026-09-07 14:28:04.799999952+00:00,4.280049999554952
1788791770.789,1788791285.0,78.6605935,16.943150833333334,True,1,1,2026-09-07 14:28:05+00:00,4.283399999141693
1788791770.987,1788791285.2,78.66059466666667,16.94313383333333,True,1,1,2026-09-07 14:28:05.200000048+00:00,4.2866999983787535
1788791771.187,1788791285.4,78.660596,16.9431165,True,1,1,2026-09-07 14:28:05.400000095+00:00,4.290033332506815
1788791771.386,1788791285.6,78.66059716666668,16.943099166666666,True,1,1,2026-09-07 14:28:05.599999905+00:00,4.293349997202555
1788791771.587,1788791285.8,78.66059833333334,16.943082,True,1,1,2026-09-07 14:28:05.799999952+00:00,4.296699996789297
1788791771.788,1788791286.0,78.6605995,16.943064833333334,True,1,1,2026-09-07 14:28:06+00:00,4.300050000349681
1788791771.987,1788791286.2,78.66060066666667,16.943047666666665,True,1,1,2026-09-07 14:28:06.200000048+00:00,4.30336666504542
1788791772.186,1788791286.4,78.66060183333335,16.943031,True,1,1,2026-09-07 14:28:06.400000095+00:00,4.306683333714803
1788791772.387,1788791286.6,78.66060300000001,16.943014333333334,True,1,1,2026-09-07 14:28:06.599999905+00:00,4.310033333301544
1788791772.586,1788791286.8,78.66060416666666,16.942998166666666,True,1,1,2026-09-07 14:28:06.799999952+00:00,4.313349997997284
1788791772.787,1788791287.0,78.66060533333332,16.942982166666663,True,1,1,2026-09-07 14:28:07+00:00,4.316699997584025
1788791772.986,1788791287.2,78.6606065,16.942967,True,1,1,2026-09-07 14:28:07.200000048+00:00,4.320016666253408
1788791773.185,1788791287.4,78.66060766666666,16.9429525,True,1,1,2026-09-07 14:28:07.400000095+00:00,4.323333330949148
1788791773.386,1788791287.6,78.66060850000001,16.9429395,True,1,1,2026-09-07 14:28:07.599999905+00:00,4.3266833305358885
1788791773.585,1788791287.8,78.66060949999999,16.942927666666666,True,1,1,2026-09-07 14:28:07.799999952+00:00,4.329999999205271
1788791773.786,1788791288.0,78.66061033333334,16.942917,True,1,1,2026-09-07 14:28:08+00:00,4.333349998792013
1788791773.985,1788791288.2,78.660611,16.942906666666666,True,1,1,2026-09-07 14:28:08.200000048+00:00,4.336666663487752
1788791774.186,1788791288.4,78.66061166666667,16.942896666666666,True,1,1,2026-09-07 14:28:08.400000095+00:00,4.340016667048136
1788791774.387,1788791288.6,78.66061233333333,16.942887166666665,True,1,1,2026-09-07 14:28:08.599999905+00:00,4.343366666634878
1788791774.587,1788791288.8,78.660613,16.942878166666667,True,1,1,2026-09-07 14:28:08.799999952+00:00,4.3466999967892965
1788791774.787,1788791289.0,78.66061366666666,16.94286933333333,True,1,1,2026-09-07 14:28:09+00:00,4.350033330917358
1788791774.987,1788791289.2,78.66061433333333,16.942860833333334,True,1,1,2026-09-07 14:28:09.200000048+00:00,4.35336666504542
1788791775.187,1788791289.4,78.66061483333333,16.942852833333333,True,1,1,2026-09-07 14:28:09.400000095+00:00,4.3566999991734825
1788791775.387,1788791289.6,78.66061533333333,16.942845499999997,True,1,1,2026-09-07 14:28:09.599999905+00:00,4.360033333301544
1788791775.584,1788791289.8,78.66061566666667,16.942838666666667,True,1,1,2026-09-07 14:28:09.799999952+00:00,4.363316667079926
1788791775.788,1788791290.0,78.66061599999999,16.942832333333335,True,1,1,2026-09-07 14:28:10+00:00,4.366716667016347
1788791775.986,1788791290.2,78.66061633333334,16.94282616666667,True,1,1,2026-09-07 14:28:10.200000048+00:00,4.370016666253408
1788791776.187,1788791290.4,78.66061666666666,16.94281983333333,True,1,1,2026-09-07 14:28:10.400000095+00:00,4.373366665840149
1788791776.386,1788791290.6,78.660617,16.942813833333332,True,1,1,2026-09-07 14:28:10.599999905+00:00,4.376683330535888
1788791776.587,1788791290.8,78.66061733333332,16.942807833333333,True,1,1,2026-09-07 14:28:10.799999952+00:00,4.38003333012263
1788791776.789,1788791291.0,78.66061766666667,16.94280183333333,True,1,1,2026-09-07 14:28:11+00:00,4.383399999141693
1788791776.987,1788791291.2,78.66061800000001,16.942795999999998,True,1,1,2026-09-07 14:28:11.200000048+00:00,4.386699998378754
1788791777.187,1788791291.4,78.66061833333333,16.942790666666667,True,1,1,2026-09-07 14:28:11.400000095+00:00,4.390033332506816
1788791777.387,1788791291.6,78.6606185,16.942785333333333,True,1,1,2026-09-07 14:28:11.599999905+00:00,4.393366666634877
1788791777.586,1788791291.8,78.66061883333333,16.9427805,True,1,1,2026-09-07 14:28:11.799999952+00:00,4.3966833313306175
1788791777.789,1788791292.0,78.660619,16.942775333333334,True,1,1,2026-09-07 14:28:12+00:00,4.400066665808359
1788791777.987,1788791292.2,78.66061916666666,16.94277,True,1,1,2026-09-07 14:28:12.200000048+00:00,4.403366665045421
1788791778.182,1788791292.4,78.66061933333334,16.942765,True,1,1,2026-09-07 14:28:12.400000095+00:00,4.4066166639328
1788791778.385,1788791292.6,78.6606195,16.942760333333336,True,1,1,2026-09-07 14:28:12.599999905+00:00,4.409999998410543
1788791778.585,1788791292.8,78.66061983333334,16.942755666666667,True,1,1,2026-09-07 14:28:12.799999952+00:00,4.413333332538604
1788791778.784,1788791293.0,78.66062000000001,16.942751166666667,True,1,1,2026-09-07 14:28:13+00:00,4.4166499972343445
1788791778.984,1788791293.2,78.66062016666666,16.942746833333334,True,1,1,2026-09-07 14:28:13.200000048+00:00,4.419983331362406
1788791779.184,1788791293.4,78.66062033333333,16.942742666666668,True,1,1,2026-09-07 14:28:13.400000095+00:00,4.423316665490469
1788791779.386,1788791293.6,78.66062050000001,16.942738333333335,True,1,1,2026-09-07 14:28:13.599999905+00:00,4.426683330535889
1788791779.587,1788791293.8,78.66062066666667,16.94273433333333,True,1,1,2026-09-07 14:28:13.799999952+00:00,4.43003333012263
1788791779.787,1788791294.0,78.66062083333333,16.942730333333333,True,1,1,2026-09-07 14:28:14+00:00,4.433366664250692
1788791779.987,1788791294.2,78.660621,16.9427265,True,1,1,2026-09-07 14:28:14.200000048+00:00,4.436699998378754
1788791780.188,1788791294.4,78.660621,16.9427225,True,1,1,2026-09-07 14:28:14.400000095+00:00,4.440049997965494
1788791780.387,1788791294.6,78.66062116666667,16.9427185,True,1,1,2026-09-07 14:28:14.599999905+00:00,4.443366666634877
1788791780.586,1788791294.8,78.66062133333334,16.942715,True,1,1,2026-09-07 14:28:14.799999952+00:00,4.446683331330617
1788791780.787,1788791295.0,78.66062149999999,16.942711499999998,True,1,1,2026-09-07 14:28:15+00:00,4.450033330917359
1788791780.984,1788791295.2,78.66062149999999,16.942708,True,1,1,2026-09-07 14:28:15.200000048+00:00,4.453316664695739
1788791781.186,1788791295.4,78.66062166666667,16.94270433333333,True,1,1,2026-09-07 14:28:15.400000095+00:00,4.456683333714803
1788791781.386,1788791295.6,78.66062166666667,16.942700666666667,True,1,1,2026-09-07 14:28:15.599999905+00:00,4.460016663869222
1788791781.586,1788791295.8,78.66062183333334,16.94269716666667,True,1,1,2026-09-07 14:28:15.799999952+00:00,4.463349997997284
1788791781.787,1788791296.0,78.660622,16.94269416666667,True,1,1,2026-09-07 14:28:16+00:00,4.466699997584025
1788791781.986,1788791296.2,78.66062216666666,16.942690833333334,True,1,1,2026-09-07 14:28:16.200000048+00:00,4.470016666253408
1788791782.187,1788791296.4,78.66062216666666,16.94268783333333,True,1,1,2026-09-07 14:28:16.400000095+00:00,4.473366665840149
1788791782.382,1788791296.6,78.66062233333334,16.94268483333333,True,1,1,2026-09-07 14:28:16.599999905+00:00,4.476616664727529
1788791782.593,1788791296.8,78.66062233333334,16.94268183333333,True,1,1,2026-09-07 14:28:16.799999952+00:00,4.480133330821991
1788791782.784,1788791297.0,78.6606225,16.942678833333332,True,1,1,2026-09-07 14:28:17+00:00,4.483316663901011
1788791782.983,1788791297.2,78.6606225,16.94267616666667,True,1,1,2026-09-07 14:28:17.200000048+00:00,4.486633332570394
1788791783.183,1788791297.4,78.66062266666667,16.942673333333335,True,1,1,2026-09-07 14:28:17.400000095+00:00,4.4899666666984555
1788791783.385,1788791297.6,78.66062266666667,16.942670666666668,True,1,1,2026-09-07 14:28:17.599999905+00:00,4.493333331743876
1788791783.586,1788791297.8,78.66062283333333,16.942667833333335,True,1,1,2026-09-07 14:28:17.799999952+00:00,4.496683331330617
1788791783.784,1788791298.0,78.66062283333333,16.942665166666664,True,1,1,2026-09-07 14:28:18+00:00,4.4999833305676775
1788791783.987,1788791298.2,78.660623,16.942662833333333,True,1,1,2026-09-07 14:28:18.200000048+00:00,4.50336666504542
1788791784.187,1788791298.4,78.660623,16.942660166666666,True,1,1,2026-09-07 14:28:18.400000095+00:00,4.506699999173482
1788791784.386,1788791298.6,78.660623,16.94265783333333,True,1,1,2026-09-07 14:28:18.599999905+00:00,4.510016663869222
1788791784.585,1788791298.8,78.66062316666667,16.942655333333335,True,1,1,2026-09-07 14:28:18.799999952+00:00,4.513333332538605
1788791784.785,1788791299.0,78.66062316666667,16.942652833333334,True,1,1,2026-09-07 14:28:19+00:00,4.516666666666667
1788791784.986,1788791299.2,78.66062316666667,16.942650333333333,True,1,1,2026-09-07 14:28:19.200000048+00:00,4.520016666253408
1788791785.183,1788791299.4,78.66062333333333,16.942648000000002,True,1,1,2026-09-07 14:28:19.400000095+00:00,4.52330000003179
1788791785.387,1788791299.6,78.66062333333333,16.942645666666667,True,1,1,2026-09-07 14:28:19.599999905+00:00,4.526699999968211
1788791785.586,1788791299.8,78.66062333333333,16.942643166666667,True,1,1,2026-09-07 14:28:19.799999952+00:00,4.53001666466395
1788791785.785,1788791300.0,78.66062333333333,16.942640833333332,True,1,1,2026-09-07 14:28:20+00:00,4.533333333333333
1788791785.987,1788791300.2,78.66062333333333,16.942638499999997,True,1,1,2026-09-07 14:28:20.200000048+00:00,4.5366999983787535
1788791786.185,1788791300.4,78.6606235,16.942636166666666,True,1,1,2026-09-07 14:28:20.400000095+00:00,4.539999997615814
1788791786.386,1788791300.6,78.6606235,16.942633666666666,True,1,1,2026-09-07 14:28:20.599999905+00:00,4.543349997202555
1788791786.583,1788791300.8,78.6606235,16.942631333333335,True,1,1,2026-09-07 14:28:20.799999952+00:00,4.546633330980937
1788791786.787,1788791301.0,78.6606235,16.942628833333334,True,1,1,2026-09-07 14:28:21+00:00,4.550033330917358
1788791786.985,1788791301.2,78.6606235,16.9426265,True,1,1,2026-09-07 14:28:21.200000048+00:00,4.553333330154419
1788791787.186,1788791301.4,78.6606235,16.94262416666667,True,1,1,2026-09-07 14:28:21.400000095+00:00,4.556683333714803
1788791787.387,1788791301.6,78.6606235,16.94262183333333,True,1,1,2026-09-07 14:28:21.599999905+00:00,4.560033333301544
1788791787.587,1788791301.8,78.6606235,16.942619666666666,True,1,1,2026-09-07 14:28:21.799999952+00:00,4.563366663455963
1788791787.787,1788791302.0,78.6606235,16.94261733333333,True,1,1,2026-09-07 14:28:22+00:00,4.566699997584025
1788791787.987,1788791302.2,78.6606235,16.942615166666666,True,1,1,2026-09-07 14:28:22.200000048+00:00,4.570033331712087
1788791788.188,1788791302.4,78.6606235,16.94261283333333,True,1,1,2026-09-07 14:28:22.400000095+00:00,4.573383331298828
1788791788.388,1788791302.6,78.6606235,16.942610833333333,True,1,1,2026-09-07 14:28:22.599999905+00:00,4.57671666542689
1788791788.586,1788791302.8,78.6606235,16.94260866666667,True,1,1,2026-09-07 14:28:22.799999952+00:00,4.58001666466395
1788791788.787,1788791303.0,78.6606235,16.9426065,True,1,1,2026-09-07 14:28:23+00:00,4.583366664250692
1788791788.987,1788791303.2,78.6606235,16.942604333333335,True,1,1,2026-09-07 14:28:23.200000048+00:00,4.586699998378753
1788791789.185,1788791303.4,78.6606235,16.942602,True,1,1,2026-09-07 14:28:23.400000095+00:00,4.589999997615815
1788791789.384,1788791303.6,78.6606235,16.942599833333336,True,1,1,2026-09-07 14:28:23.599999905+00:00,4.5933166662851965
1788791789.586,1788791303.8,78.66062333333333,16.942597666666664,True,1,1,2026-09-07 14:28:23.799999952+00:00,4.596683331330618
1788791789.788,1788791304.0,78.66062333333333,16.942595666666666,True,1,1,2026-09-07 14:28:24+00:00,4.600050000349681
1788791789.988,1788791304.2,78.66062333333333,16.942593499999997,True,1,1,2026-09-07 14:28:24.200000048+00:00,4.6033833305041
1788791790.188,1788791304.4,78.66062333333333,16.942591333333333,True,1,1,2026-09-07 14:28:24.400000095+00:00,4.606716664632161
1788791790.388,1788791304.6,78.66062333333333,16.942589333333334,True,1,1,2026-09-07 14:28:24.599999905+00:00,4.610049998760223
1788791790.589,1788791304.8,78.66062316666667,16.942587166666666,True,1,1,2026-09-07 14:28:24.799999952+00:00,4.6133999983469645
1788791790.788,1788791305.0,78.66062316666667,16.942585333333334,True,1,1,2026-09-07 14:28:25+00:00,4.616716667016347
1788791790.987,1788791305.2,78.66062316666667,16.942583333333335,True,1,1,2026-09-07 14:28:25.200000048+00:00,4.620033331712087
1788791791.188,1788791305.4,78.660623,16.942581333333333,True,1,1,2026-09-07 14:28:25.400000095+00:00,4.623383331298828
1788791791.387,1788791305.6,78.660623,16.942579333333335,True,1,1,2026-09-07 14:28:25.599999905+00:00,4.626699999968211
1788791791.586,1788791305.8,78.66062316666667,16.942577333333336,True,1,1,2026-09-07 14:28:25.799999952+00:00,4.630016664663951
1788791791.787,1788791306.0,78.660623,16.94257533333333,True,1,1,2026-09-07 14:28:26+00:00,4.633366664250691
1788791791.984,1788791306.2,78.660623,16.942573333333332,True,1,1,2026-09-07 14:28:26.200000048+00:00,4.636649998029073
1788791792.186,1788791306.4,78.660623,16.942571333333333,True,1,1,2026-09-07 14:28:26.400000095+00:00,4.640016667048136
1788791792.387,1788791306.6,78.660623,16.9425695,True,1,1,2026-09-07 14:28:26.599999905+00:00,4.643366666634877
1788791792.588,1788791306.8,78.66062316666667,16.942567166666667,True,1,1,2026-09-07 14:28:26.799999952+00:00,4.646716666221619
1788791792.789,1788791307.0,78.66062333333333,16.942564833333332,True,1,1,2026-09-07 14:28:27+00:00,4.650066665808359
1788791792.989,1788791307.2,78.6606235,16.942562666666667,True,1,1,2026-09-07 14:28:27.200000048+00:00,4.653399999936422
1788791793.188,1788791307.4,78.66062366666667,16.942560500000003,True,1,1,2026-09-07 14:28:27.400000095+00:00,4.656716664632161
1788791793.385,1788791307.6,78.66062383333333,16.942558000000002,True,1,1,2026-09-07 14:28:27.599999905+00:00,4.659999998410543
1788791793.585,1788791307.8,78.66062400000001,16.942556000000003,True,1,1,2026-09-07 14:28:27.799999952+00:00,4.663333332538604
1788791793.786,1788791308.0,78.66062433333333,16.942553999999998,True,1,1,2026-09-07 14:28:28+00:00,4.666683332125346
1788791793.987,1788791308.2,78.6606245,16.942552166666665,True,1,1,2026-09-07 14:28:28.200000048+00:00,4.670033331712087
1788791794.188,1788791308.4,78.6606245,16.942550166666667,True,1,1,2026-09-07 14:28:28.400000095+00:00,4.673383331298828
1788791794.387,1788791308.6,78.66062466666668,16.94254833333333,True,1,1,2026-09-07 14:28:28.599999905+00:00,4.676699999968211
1788791794.598,1788791308.8,78.66062483333333,16.9425465,True,1,1,2026-09-07 14:28:28.799999952+00:00,4.680216666062673
1788791794.787,1788791309.0,78.660625,16.942544666666667,True,1,1,2026-09-07 14:28:29+00:00,4.683366664250692
1788791794.988,1788791309.2,78.66062516666666,16.942543,True,1,1,2026-09-07 14:28:29.200000048+00:00,4.686716663837433
1788791795.188,1788791309.4,78.66062533333334,16.942541000000002,True,1,1,2026-09-07 14:28:29.400000095+00:00,4.690049997965494
1788791795.388,1788791309.6,78.6606255,16.942539,True,1,1,2026-09-07 14:28:29.599999905+00:00,4.693383332093557
1788791795.588,1788791309.8,78.66062566666666,16.942536833333335,True,1,1,2026-09-07 14:28:29.799999952+00:00,4.696716666221619
1788791795.788,1788791310.0,78.66062583333334,16.9425345,True,1,1,2026-09-07 14:28:30+00:00,4.70005000034968
1788791795.988,1788791310.2,78.66062600000001,16.94253216666667,True,1,1,2026-09-07 14:28:30.200000048+00:00,4.703383330504099
1788791796.184,1788791310.4,78.66062616666666,16.94252983333333,True,1,1,2026-09-07 14:28:30.400000095+00:00,4.706649998823802
1788791796.386,1788791310.6,78.66062633333333,16.9425275,True,1,1,2026-09-07 14:28:30.599999905+00:00,4.710016663869222
1788791796.587,1788791310.8,78.6606265,16.942525,True,1,1,2026-09-07 14:28:30.799999952+00:00,4.713366663455963
1788791796.787,1788791311.0,78.6606265,16.94252283333333,True,1,1,2026-09-07 14:28:31+00:00,4.716699997584025
1788791796.987,1788791311.2,78.66062666666667,16.942520333333334,True,1,1,2026-09-07 14:28:31.200000048+00:00,4.720033331712087
1788791797.189,1788791311.4,78.66062683333332,16.942518166666666,True,1,1,2026-09-07 14:28:31.400000095+00:00,4.723399996757507
1788791797.388,1788791311.6,78.660627,16.94251566666667,True,1,1,2026-09-07 14:28:31.599999905+00:00,4.72671666542689
1788791797.592,1788791311.8,78.66062733333334,16.942513333333334,True,1,1,2026-09-07 14:28:31.799999952+00:00,4.730116665363312
1788791797.788,1788791312.0,78.66062749999999,16.942511000000003,True,1,1,2026-09-07 14:28:32+00:00,4.733383333683014
1788791797.987,1788791312.2,78.66062766666667,16.9425085,True,1,1,2026-09-07 14:28:32.200000048+00:00,4.736699998378754
1788791798.188,1788791312.4,78.66062783333334,16.942506166666664,True,1,1,2026-09-07 14:28:32.400000095+00:00,4.740049997965495
1788791798.388,1788791312.6,78.660628,16.942503833333333,True,1,1,2026-09-07 14:28:32.599999905+00:00,4.743383332093557
1788791798.588,1788791312.8,78.66062833333334,16.942501333333333,True,1,1,2026-09-07 14:28:32.799999952+00:00,4.7467166662216185
1788791798.789,1788791313.0,78.6606285,16.942499,True,1,1,2026-09-07 14:28:33+00:00,4.75006666580836
1788791798.985,1788791313.2,78.66062866666667,16.942496666666667,True,1,1,2026-09-07 14:28:33.200000048+00:00,4.753333330154419
1788791799.192,1788791313.4,78.66062883333333,16.942494500000002,True,1,1,2026-09-07 14:28:33.400000095+00:00,4.756783330440522
1788791799.388,1788791313.6,78.660629,16.942492166666668,True,1,1,2026-09-07 14:28:33.599999905+00:00,4.760049998760223
1788791799.587,1788791313.8,78.66062916666667,16.942489833333333,True,1,1,2026-09-07 14:28:33.799999952+00:00,4.7633666634559635
1788791799.788,1788791314.0,78.6606295,16.942487500000002,True,1,1,2026-09-07 14:28:34+00:00,4.766716667016348
1788791799.987,1788791314.2,78.66062966666667,16.942485166666664,True,1,1,2026-09-07 14:28:34.200000048+00:00,4.770033331712087
1788791800.187,1788791314.4,78.66062983333333,16.942482833333333,True,1,1,2026-09-07 14:28:34.400000095+00:00,4.773366665840149
1788791800.384,1788791314.6,78.66063016666666,16.942480333333332,True,1,1,2026-09-07 14:28:34.599999905+00:00,4.77664999961853
1788791800.588,1788791314.8,78.66063033333333,16.942478166666668,True,1,1,2026-09-07 14:28:34.799999952+00:00,4.780049999554952
1788791800.787,1788791315.0,78.6606305,16.942475833333333,True,1,1,2026-09-07 14:28:35+00:00,4.783366664250692
1788791800.987,1788791315.2,78.66063066666668,16.942473666666668,True,1,1,2026-09-07 14:28:35.200000048+00:00,4.7866999983787535
1788791801.188,1788791315.4,78.660631,16.9424715,True,1,1,2026-09-07 14:28:35.400000095+00:00,4.790049997965495
1788791801.387,1788791315.6,78.66063116666666,16.942469333333335,True,1,1,2026-09-07 14:28:35.599999905+00:00,4.793366666634878
1788791801.587,1788791315.8,78.66063133333334,16.942467166666667,True,1,1,2026-09-07 14:28:35.799999952+00:00,4.796699996789297
1788791801.788,1788791316.0,78.6606315,16.942464833333336,True,1,1,2026-09-07 14:28:36+00:00,4.800050000349681
1788791801.987,1788791316.2,78.66063166666666,16.942462666666664,True,1,1,2026-09-07 14:28:36.200000048+00:00,4.80336666504542
1788791802.188,1788791316.4,78.660632,16.94246083333333,True,1,1,2026-09-07 14:28:36.400000095+00:00,4.8067166646321615
1788791802.387,1788791316.6,78.66063216666666,16.9424585,True,1,1,2026-09-07 14:28:36.599999905+00:00,4.810033333301544
1788791802.587,1788791316.8,78.66063233333333,16.942455833333334,True,1,1,2026-09-07 14:28:36.799999952+00:00,4.813366663455963
1788791802.788,1788791317.0,78.66063266666667,16.9424525,True,1,1,2026-09-07 14:28:37+00:00,4.8167166670163475
1788791802.986,1788791317.2,78.660633,16.942448000000002,True,1,1,2026-09-07 14:28:37.200000048+00:00,4.820016666253408
1788791803.186,1788791317.4,78.66063366666667,16.942441666666664,True,1,1,2026-09-07 14:28:37.400000095+00:00,4.8233500003814695
1788791803.391,1788791317.6,78.6606345,16.942433333333334,True,1,1,2026-09-07 14:28:37.599999905+00:00,4.826766665776571
1788791803.584,1788791317.8,78.66063533333333,16.942423,True,1,1,2026-09-07 14:28:37.799999952+00:00,4.8299833337465925
1788791803.785,1788791318.0,78.6606365,16.942411,True,1,1,2026-09-07 14:28:38+00:00,4.833333333333333
1788791803.986,1788791318.2,78.66063783333334,16.942398,True,1,1,2026-09-07 14:28:38.200000048+00:00,4.8366833329200745
1788791804.186,1788791318.4,78.66063916666667,16.942384333333333,True,1,1,2026-09-07 14:28:38.400000095+00:00,4.840016667048136
1788791804.389,1788791318.6,78.66064066666667,16.94236983333333,True,1,1,2026-09-07 14:28:38.599999905+00:00,4.843399997552236
1788791804.586,1788791318.8,78.66064216666668,16.94235516666667,True,1,1,2026-09-07 14:28:38.799999952+00:00,4.846683331330618
1788791804.787,1788791319.0,78.66064366666666,16.942340333333334,True,1,1,2026-09-07 14:28:39+00:00,4.850033330917358
1788791804.987,1788791319.2,78.66064516666667,16.942325166666667,True,1,1,2026-09-07 14:28:39.200000048+00:00,4.85336666504542
1788791805.187,1788791319.4,78.66064666666666,16.942309833333336,True,1,1,2026-09-07 14:28:39.400000095+00:00,4.8566999991734825
1788791805.388,1788791319.6,78.66064816666668,16.942294666666665,True,1,1,2026-09-07 14:28:39.599999905+00:00,4.860049998760223
1788791805.587,1788791319.8,78.6606495,16.942279166666665,True,1,1,2026-09-07 14:28:39.799999952+00:00,4.863366663455963
1788791805.785,1788791320.0,78.660651,16.94226366666667,True,1,1,2026-09-07 14:28:40+00:00,4.866666666666666
1788791805.985,1788791320.2,78.6606525,16.942248,True,1,1,2026-09-07 14:28:40.200000048+00:00,4.869999996821085
1788791806.188,1788791320.4,78.66065400000001,16.942232333333333,True,1,1,2026-09-07 14:28:40.400000095+00:00,4.873383331298828
1788791806.387,1788791320.6,78.6606555,16.942216499999997,True,1,1,2026-09-07 14:28:40.599999905+00:00,4.876699999968211
1788791806.587,1788791320.8,78.66065683333333,16.94220066666667,True,1,1,2026-09-07 14:28:40.799999952+00:00,4.88003333012263
1788791806.788,1788791321.0,78.66065833333333,16.942184666666666,True,1,1,2026-09-07 14:28:41+00:00,4.883383333683014
1788791806.986,1788791321.2,78.66065966666666,16.942168499999998,True,1,1,2026-09-07 14:28:41.200000048+00:00,4.886683332920074
1788791807.186,1788791321.4,78.66066116666666,16.942152500000002,True,1,1,2026-09-07 14:28:41.400000095+00:00,4.890016667048136
1788791807.388,1788791321.6,78.6606625,16.942136333333334,True,1,1,2026-09-07 14:28:41.599999905+00:00,4.893383332093557
1788791807.586,1788791321.8,78.66066383333333,16.94212,True,1,1,2026-09-07 14:28:41.799999952+00:00,4.8966833313306175
1788791807.788,1788791322.0,78.66066516666666,16.942103666666664,True,1,1,2026-09-07 14:28:42+00:00,4.9000500003496805
1788791807.986,1788791322.2,78.66066649999999,16.9420875,True,1,1,2026-09-07 14:28:42.200000048+00:00,4.903349999586741
1788791808.186,1788791322.4,78.66066783333333,16.942071,True,1,1,2026-09-07 14:28:42.400000095+00:00,4.9066833337148035
1788791808.386,1788791322.6,78.66066916666666,16.94205433333333,True,1,1,2026-09-07 14:28:42.599999905+00:00,4.910016663869222
1788791808.583,1788791322.8,78.6606705,16.942038,True,1,1,2026-09-07 14:28:42.799999952+00:00,4.913299997647603
1788791808.788,1788791323.0,78.66067166666667,16.942021333333333,True,1,1,2026-09-07 14:28:43+00:00,4.916716667016347
1788791808.986,1788791323.2,78.660673,16.942004666666666,True,1,1,2026-09-07 14:28:43.200000048+00:00,4.9200166662534075
1788791809.187,1788791323.4,78.66067433333333,16.941988,True,1,1,2026-09-07 14:28:43.400000095+00:00,4.923366665840149
1788791809.387,1788791323.6,78.6606755,16.941971333333335,True,1,1,2026-09-07 14:28:43.599999905+00:00,4.926699999968211
1788791809.586,1788791323.8,78.66067683333334,16.941954666666668,True,1,1,2026-09-07 14:28:43.799999952+00:00,4.930016664663951
1788791809.788,1788791324.0,78.660678,16.941937833333334,True,1,1,2026-09-07 14:28:44+00:00,4.933383333683014
1788791809.986,1788791324.2,78.66067933333333,16.941920999999997,True,1,1,2026-09-07 14:28:44.200000048+00:00,4.936683332920074
1788791810.189,1788791324.4,78.6606805,16.9419045,True,1,1,2026-09-07 14:28:44.400000095+00:00,4.940066663424174
1788791810.388,1788791324.6,78.66068166666668,16.941887666666666,True,1,1,2026-09-07 14:28:44.599999905+00:00,4.943383332093557
1788791810.587,1788791324.8,78.660683,16.941870833333333,True,1,1,2026-09-07 14:28:44.799999952+00:00,4.946699996789296
1788791810.789,1788791325.0,78.66068433333334,16.941854166666666,True,1,1,2026-09-07 14:28:45+00:00,4.95006666580836
1788791810.986,1788791325.2,78.6606855,16.941837333333336,True,1,1,2026-09-07 14:28:45.200000048+00:00,4.953349999586741
1788791811.187,1788791325.4,78.66068666666666,16.9418205,True,1,1,2026-09-07 14:28:45.400000095+00:00,4.956699999173482
1788791811.384,1788791325.6,78.660688,16.941803666666665,True,1,1,2026-09-07 14:28:45.599999905+00:00,4.959983332951864
1788791811.585,1788791325.8,78.66068916666667,16.94178683333333,True,1,1,2026-09-07 14:28:45.799999952+00:00,4.963333332538605
1788791811.786,1788791326.0,78.66069033333333,16.94177,True,1,1,2026-09-07 14:28:46+00:00,4.966683332125346
1788791811.986,1788791326.2,78.6606915,16.94175316666667,True,1,1,2026-09-07 14:28:46.200000048+00:00,4.970016666253408
1788791812.187,1788791326.4,78.66069266666666,16.9417365,True,1,1,2026-09-07 14:28:46.400000095+00:00,4.973366665840149
1788791812.388,1788791326.6,78.66069383333334,16.941719666666664,True,1,1,2026-09-07 14:28:46.599999905+00:00,4.97671666542689
1788791812.594,1788791326.8,78.660695,16.941702833333334,True,1,1,2026-09-07 14:28:46.799999952+00:00,4.980150000254313
1788791812.785,1788791327.0,78.660696,16.941686,True,1,1,2026-09-07 14:28:47+00:00,4.983333333333333
1788791812.981,1788791327.2,78.66069716666667,16.941669,True,1,1,2026-09-07 14:28:47.200000048+00:00,4.986599997679392
1788791813.19,1788791327.4,78.66069816666666,16.941651999999998,True,1,1,2026-09-07 14:28:47.400000095+00:00,4.990083332856496
1788791813.388,1788791327.6,78.66069916666667,16.94163466666667,True,1,1,2026-09-07 14:28:47.599999905+00:00,4.993383332093557
1788791813.587,1788791327.8,78.66070016666666,16.941617333333333,True,1,1,2026-09-07 14:28:47.799999952+00:00,4.996699996789297
1788791813.787,1788791328.0,78.66070116666667,16.9416,True,1,1,2026-09-07 14:28:48+00:00,5.000033330917359
1788791813.987,1788791328.2,78.66070216666667,16.9415825,True,1,1,2026-09-07 14:28:48.200000048+00:00,5.00336666504542
1788791814.186,1788791328.4,78.66070316666666,16.941565166666667,True,1,1,2026-09-07 14:28:48.400000095+00:00,5.006683333714803
1788791814.389,1788791328.6,78.66070416666666,16.94154766666667,True,1,1,2026-09-07 14:28:48.599999905+00:00,5.010066664218902
1788791814.587,1788791328.8,78.66070500000001,16.941530166666666,True,1,1,2026-09-07 14:28:48.799999952+00:00,5.0133666634559635
1788791814.789,1788791329.0,78.66070599999999,16.941512666666664,True,1,1,2026-09-07 14:28:49+00:00,5.0167333324750265
1788791814.987,1788791329.2,78.66070683333334,16.941495166666666,True,1,1,2026-09-07 14:28:49.200000048+00:00,5.020033331712087
1788791815.186,1788791329.4,78.66070783333333,16.941477833333334,True,1,1,2026-09-07 14:28:49.400000095+00:00,5.02335000038147
1788791815.389,1788791329.6,78.66070866666668,16.9414605,True,1,1,2026-09-07 14:28:49.599999905+00:00,5.026733330885569
1788791815.588,1788791329.8,78.66070966666666,16.941443,True,1,1,2026-09-07 14:28:49.799999952+00:00,5.030049999554952
1788791815.788,1788791330.0,78.66071050000001,16.941425499999998,True,1,1,2026-09-07 14:28:50+00:00,5.033383333683014
1788791815.987,1788791330.2,78.66071133333334,16.941408000000003,True,1,1,2026-09-07 14:28:50.200000048+00:00,5.0366999983787535
1788791816.187,1788791330.4,78.66071233333334,16.9413905,True,1,1,2026-09-07 14:28:50.400000095+00:00,5.040033332506815
1788791816.387,1788791330.6,78.66071316666667,16.941373,True,1,1,2026-09-07 14:28:50.599999905+00:00,5.043366666634878
1788791816.587,1788791330.8,78.66071400000001,16.941355333333334,True,1,1,2026-09-07 14:28:50.799999952+00:00,5.046699996789297
1788791816.787,1788791331.0,78.66071483333333,16.9413375,True,1,1,2026-09-07 14:28:51+00:00,5.050033330917358
1788791816.984,1788791331.2,78.66071566666666,16.941319833333335,True,1,1,2026-09-07 14:28:51.200000048+00:00,5.05331666469574
1788791817.189,1788791331.4,78.66071633333333,16.941302166666667,True,1,1,2026-09-07 14:28:51.400000095+00:00,5.05673333009084
1788791817.388,1788791331.6,78.66071716666667,16.941284666666665,True,1,1,2026-09-07 14:28:51.599999905+00:00,5.060049998760223
1788791817.588,1788791331.8,78.660718,16.941266833333334,True,1,1,2026-09-07 14:28:51.799999952+00:00,5.063383332888285
1788791817.787,1788791332.0,78.66071883333333,16.94124916666667,True,1,1,2026-09-07 14:28:52+00:00,5.066699997584025
1788791817.987,1788791332.2,78.66071966666667,16.9412315,True,1,1,2026-09-07 14:28:52.200000048+00:00,5.070033331712087
1788791818.188,1788791332.4,78.6607205,16.941213833333332,True,1,1,2026-09-07 14:28:52.400000095+00:00,5.073383331298828
1788791818.387,1788791332.6,78.66072116666666,16.941196333333334,True,1,1,2026-09-07 14:28:52.599999905+00:00,5.076699999968211
1788791818.587,1788791332.8,78.660722,16.9411785,True,1,1,2026-09-07 14:28:52.799999952+00:00,5.08003333012263
1788791818.788,1788791333.0,78.66072266666667,16.94116066666667,True,1,1,2026-09-07 14:28:53+00:00,5.083383333683014
1788791818.986,1788791333.2,78.66072349999999,16.941143,True,1,1,2026-09-07 14:28:53.200000048+00:00,5.0866833329200745
1788791819.188,1788791333.4,78.66072433333333,16.9411255,True,1,1,2026-09-07 14:28:53.400000095+00:00,5.090049997965495
1788791819.388,1788791333.6,78.660725,16.941107666666667,True,1,1,2026-09-07 14:28:53.599999905+00:00,5.093383332093556
1788791819.584,1788791333.8,78.66072583333333,16.941090166666665,True,1,1,2026-09-07 14:28:53.799999952+00:00,5.096650000413259
1788791819.787,1788791334.0,78.6607265,16.9410725,True,1,1,2026-09-07 14:28:54+00:00,5.100033330917358
1788791819.988,1788791334.2,78.66072733333334,16.941054833333332,True,1,1,2026-09-07 14:28:54.200000048+00:00,5.1033833305041
1788791820.187,1788791334.4,78.660728,16.941037333333334,True,1,1,2026-09-07 14:28:54.400000095+00:00,5.1066999991734825
1788791820.387,1788791334.6,78.66072866666667,16.941019666666666,True,1,1,2026-09-07 14:28:54.599999905+00:00,5.110033333301544
1788791820.588,1788791334.8,78.66072949999999,16.941002,True,1,1,2026-09-07 14:28:54.799999952+00:00,5.113383332888286
1788791820.789,1788791335.0,78.66073016666665,16.940984166666667,True,1,1,2026-09-07 14:28:55+00:00,5.116733332475026
1788791820.988,1788791335.2,78.66073083333335,16.940966500000002,True,1,1,2026-09-07 14:28:55.200000048+00:00,5.120049997170766
1788791821.187,1788791335.4,78.66073150000001,16.940948833333334,True,1,1,2026-09-07 14:28:55.400000095+00:00,5.123366665840149
1788791821.387,1788791335.6,78.66073216666668,16.940931166666665,True,1,1,2026-09-07 14:28:55.599999905+00:00,5.126699999968211
1788791821.587,1788791335.8,78.66073283333334,16.9409135,True,1,1,2026-09-07 14:28:55.799999952+00:00,5.13003333012263
1788791821.788,1788791336.0,78.66073366666666,16.940895833333332,True,1,1,2026-09-07 14:28:56+00:00,5.133383333683014
1788791821.987,1788791336.2,78.66073433333332,16.940878166666668,True,1,1,2026-09-07 14:28:56.200000048+00:00,5.136699998378754
1788791822.188,1788791336.4,78.660735,16.9408605,True,1,1,2026-09-07 14:28:56.400000095+00:00,5.1400499979654946
1788791822.383,1788791336.6,78.66073566666667,16.94084283333333,True,1,1,2026-09-07 14:28:56.599999905+00:00,5.143299996852875
1788791822.587,1788791336.8,78.66073633333333,16.940825166666666,True,1,1,2026-09-07 14:28:56.799999952+00:00,5.146699996789296
1788791822.789,1788791337.0,78.660737,16.940807333333332,True,1,1,2026-09-07 14:28:57+00:00,5.150066665808359
1788791822.987,1788791337.2,78.66073766666666,16.940789833333334,True,1,1,2026-09-07 14:28:57.200000048+00:00,5.153366665045421
1788791823.188,1788791337.4,78.66073833333333,16.940772166666665,True,1,1,2026-09-07 14:28:57.400000095+00:00,5.156716664632161
1788791823.391,1788791337.6,78.66073899999999,16.9407545,True,1,1,2026-09-07 14:28:57.599999905+00:00,5.160099999109904
1788791823.584,1788791337.8,78.66073966666666,16.940736833333336,True,1,1,2026-09-07 14:28:57.799999952+00:00,5.1633166670799255
1788791823.782,1788791338.0,78.66074033333332,16.940719166666668,True,1,1,2026-09-07 14:28:58+00:00,5.166616666316986
1788791823.987,1788791338.2,78.660741,16.9407015,True,1,1,2026-09-07 14:28:58.200000048+00:00,5.170033331712087
1788791824.185,1788791338.4,78.66074166666667,16.94068383333333,True,1,1,2026-09-07 14:28:58.400000095+00:00,5.173333330949148
1788791824.387,1788791338.6,78.66074233333333,16.940666166666666,True,1,1,2026-09-07 14:28:58.599999905+00:00,5.176699999968211
1788791824.587,1788791338.8,78.660743,16.940648833333334,True,1,1,2026-09-07 14:28:58.799999952+00:00,5.18003333012263
1788791824.787,1788791339.0,78.66074366666666,16.940631166666666,True,1,1,2026-09-07 14:28:59+00:00,5.183366664250692
1788791824.986,1788791339.2,78.66074433333333,16.940613666666664,True,1,1,2026-09-07 14:28:59.200000048+00:00,5.186683332920074
1788791825.185,1788791339.4,78.66074483333334,16.940595833333337,True,1,1,2026-09-07 14:28:59.400000095+00:00,5.189999997615814
1788791825.389,1788791339.6,78.6607455,16.940578000000002,True,1,1,2026-09-07 14:28:59.599999905+00:00,5.193399997552236
1788791825.588,1788791339.8,78.66074616666667,16.940560333333334,True,1,1,2026-09-07 14:28:59.799999952+00:00,5.196716666221619
1788791825.789,1788791340.0,78.66074666666667,16.9405425,True,1,1,2026-09-07 14:29:00+00:00,5.20006666580836
1788791825.993,1788791340.2,78.66074733333333,16.940524666666665,True,1,1,2026-09-07 14:29:00.200000048+00:00,5.203466665744782
1788791826.188,1788791340.4,78.660748,16.940507,True,1,1,2026-09-07 14:29:00.400000095+00:00,5.206716664632162
1788791826.387,1788791340.6,78.6607485,16.9404895,True,1,1,2026-09-07 14:29:00.599999905+00:00,5.210033333301544
1788791826.59,1788791340.8,78.66074916666666,16.940472,True,1,1,2026-09-07 14:29:00.799999952+00:00,5.213416663805644
1788791826.789,1788791341.0,78.66074966666666,16.940454499999998,True,1,1,2026-09-07 14:29:01+00:00,5.216733332475027
1788791826.987,1788791341.2,78.66075016666667,16.940437,True,1,1,2026-09-07 14:29:01.200000048+00:00,5.220033331712087
1788791827.187,1788791341.4,78.66075083333334,16.9404195,True,1,1,2026-09-07 14:29:01.400000095+00:00,5.223366665840149
1788791827.388,1788791341.6,78.66075133333334,16.940401833333333,True,1,1,2026-09-07 14:29:01.599999905+00:00,5.22671666542689
1788791827.594,1788791341.8,78.66075183333334,16.940384333333334,True,1,1,2026-09-07 14:29:01.799999952+00:00,5.230150000254313
1788791827.788,1788791342.0,78.66075233333332,16.940367,True,1,1,2026-09-07 14:29:02+00:00,5.233383333683014
1788791827.985,1788791342.2,78.66075283333333,16.9403495,True,1,1,2026-09-07 14:29:02.200000048+00:00,5.236666663487752
1788791828.189,1788791342.4,78.66075333333333,16.940332166666668,True,1,1,2026-09-07 14:29:02.400000095+00:00,5.240066663424174
1788791828.388,1788791342.6,78.66075383333333,16.940314666666666,True,1,1,2026-09-07 14:29:02.599999905+00:00,5.243383332093557
1788791828.59,1788791342.8,78.66075433333334,16.940297166666667,True,1,1,2026-09-07 14:29:02.799999952+00:00,5.246749997138977
1788791828.789,1788791343.0,78.66075500000001,16.94027983333333,True,1,1,2026-09-07 14:29:03+00:00,5.25006666580836
1788791828.99,1788791343.2,78.66075550000001,16.9402625,True,1,1,2026-09-07 14:29:03.200000048+00:00,5.253416665395101
1788791829.188,1788791343.4,78.660756,16.940245,True,1,1,2026-09-07 14:29:03.400000095+00:00,5.256716664632162
1788791829.387,1788791343.6,78.66075649999999,16.940227666666665,True,1,1,2026-09-07 14:29:03.599999905+00:00,5.2600333333015445
1788791829.584,1788791343.8,78.660757,16.94021,True,1,1,2026-09-07 14:29:03.799999952+00:00,5.263316667079925
1788791829.785,1788791344.0,78.66075766666667,16.940192500000002,True,1,1,2026-09-07 14:29:04+00:00,5.266666666666667
1788791829.988,1788791344.2,78.66075816666667,16.940174833333334,True,1,1,2026-09-07 14:29:04.200000048+00:00,5.270049997170767
1788791830.187,1788791344.4,78.66075866666667,16.94015733333333,True,1,1,2026-09-07 14:29:04.400000095+00:00,5.273366665840149
1788791830.389,1788791344.6,78.66075916666667,16.94014,True,1,1,2026-09-07 14:29:04.599999905+00:00,5.276733330885569
1788791830.585,1788791344.8,78.66075966666668,16.940122499999998,True,1,1,2026-09-07 14:29:04.799999952+00:00,5.2799999992052715
1788791830.785,1788791345.0,78.66076033333334,16.940104833333333,True,1,1,2026-09-07 14:29:05+00:00,5.283333333333333
1788791830.987,1788791345.2,78.66076083333334,16.940087333333334,True,1,1,2026-09-07 14:29:05.200000048+00:00,5.2866999983787535
1788791831.187,1788791345.4,78.66076133333333,16.94007,True,1,1,2026-09-07 14:29:05.400000095+00:00,5.290033332506815
1788791831.388,1788791345.6,78.660762,16.9400525,True,1,1,2026-09-07 14:29:05.599999905+00:00,5.293383332093557
1788791831.586,1788791345.8,78.66076249999999,16.940035,True,1,1,2026-09-07 14:29:05.799999952+00:00,5.296683331330617
1788791831.788,1788791346.0,78.660763,16.940017333333333,True,1,1,2026-09-07 14:29:06+00:00,5.300050000349681
1788791831.986,1788791346.2,78.6607635,16.94,True,1,1,2026-09-07 14:29:06.200000048+00:00,5.303349999586741
1788791832.188,1788791346.4,78.660764,16.9399825,True,1,1,2026-09-07 14:29:06.400000095+00:00,5.3067166646321615
1788791832.387,1788791346.6,78.66076466666667,16.939964999999997,True,1,1,2026-09-07 14:29:06.599999905+00:00,5.310033333301544
1788791832.585,1788791346.8,78.66076516666666,16.939947500000002,True,1,1,2026-09-07 14:29:06.799999952+00:00,5.313333332538605
1788791832.788,1788791347.0,78.66076566666668,16.93993,True,1,1,2026-09-07 14:29:07+00:00,5.3167166670163475
1788791832.988,1788791347.2,78.66076616666666,16.9399125,True,1,1,2026-09-07 14:29:07.200000048+00:00,5.320049997170766
1788791833.198,1788791347.4,78.66076666666666,16.939895166666666,True,1,1,2026-09-07 14:29:07.400000095+00:00,5.323549997806549
1788791833.387,1788791347.6,78.66076733333333,16.9398775,True,1,1,2026-09-07 14:29:07.599999905+00:00,5.326699999968211
1788791833.588,1788791347.8,78.66076783333332,16.93986,True,1,1,2026-09-07 14:29:07.799999952+00:00,5.330049999554952
1788791833.786,1788791348.0,78.66076833333334,16.939842333333335,True,1,1,2026-09-07 14:29:08+00:00,5.333349998792013
1788791833.986,1788791348.2,78.66076883333334,16.939824666666667,True,1,1,2026-09-07 14:29:08.200000048+00:00,5.3366833329200745
1788791834.187,1788791348.4,78.6607695,16.939807,True,1,1,2026-09-07 14:29:08.400000095+00:00,5.340033332506816
1788791834.387,1788791348.6,78.66077,16.939789666666666,True,1,1,2026-09-07 14:29:08.599999905+00:00,5.343366666634878
1788791834.587,1788791348.8,78.66077066666666,16.939772166666668,True,1,1,2026-09-07 14:29:08.799999952+00:00,5.3466999967892965
1788791834.788,1788791349.0,78.66077116666666,16.939754833333332,True,1,1,2026-09-07 14:29:09+00:00,5.350050000349681
1788791834.987,1788791349.2,78.66077183333333,16.939737166666664,True,1,1,2026-09-07 14:29:09.200000048+00:00,5.35336666504542
1788791835.187,1788791349.4,78.66077233333334,16.939719833333335,True,1,1,2026-09-07 14:29:09.400000095+00:00,5.3566999991734825
1788791835.389,1788791349.6,78.660773,16.939702333333333,True,1,1,2026-09-07 14:29:09.599999905+00:00,5.360066664218903
1788791835.587,1788791349.8,78.66077366666667,16.939685,True,1,1,2026-09-07 14:29:09.799999952+00:00,5.363366663455963
1788791835.788,1788791350.0,78.66077416666667,16.939667666666665,True,1,1,2026-09-07 14:29:10+00:00,5.366716667016347
1788791835.988,1788791350.2,78.66077483333333,16.939650333333336,True,1,1,2026-09-07 14:29:10.200000048+00:00,5.370049997170766
1788791836.185,1788791350.4,78.6607755,16.939632833333334,True,1,1,2026-09-07 14:29:10.400000095+00:00,5.373333330949148
1788791836.387,1788791350.6,78.660776,16.939615333333332,True,1,1,2026-09-07 14:29:10.599999905+00:00,5.376699999968211
1788791836.587,1788791350.8,78.66077666666666,16.939597833333334,True,1,1,2026-09-07 14:29:10.799999952+00:00,5.38003333012263
1788791836.788,1788791351.0,78.66077733333333,16.939580333333332,True,1,1,2026-09-07 14:29:11+00:00,5.383383333683014
1788791836.987,1788791351.2,78.660778,16.939562666666667,True,1,1,2026-09-07 14:29:11.200000048+00:00,5.386699998378754
1788791837.187,1788791351.4,78.6607785,16.93954516666667,True,1,1,2026-09-07 14:29:11.400000095+00:00,5.390033332506816
1788791837.387,1788791351.6,78.66077916666667,16.939527666666667,True,1,1,2026-09-07 14:29:11.599999905+00:00,5.393366666634877
1788791837.584,1788791351.8,78.66077983333334,16.939509833333332,True,1,1,2026-09-07 14:29:11.799999952+00:00,5.396650000413259
1788791837.788,1788791352.0,78.66078033333334,16.93949233333333,True,1,1,2026-09-07 14:29:12+00:00,5.4000500003496805
1788791837.988,1788791352.2,78.660781,16.93947466666667,True,1,1,2026-09-07 14:29:12.200000048+00:00,5.4033833305040995
1788791838.188,1788791352.4,78.66078166666667,16.939457166666667,True,1,1,2026-09-07 14:29:12.400000095+00:00,5.406716664632161
1788791838.387,1788791352.6,78.66078233333333,16.939439666666665,True,1,1,2026-09-07 14:29:12.599999905+00:00,5.410033333301544
1788791838.588,1788791352.8,78.66078283333333,16.939422,True,1,1,2026-09-07 14:29:12.799999952+00:00,5.413383332888285
1788791838.788,1788791353.0,78.6607835,16.939404500000002,True,1,1,2026-09-07 14:29:13+00:00,5.416716667016347
1788791838.984,1788791353.2,78.66078416666666,16.939387166666666,True,1,1,2026-09-07 14:29:13.200000048+00:00,5.419983331362406
1788791839.187,1788791353.4,78.66078466666666,16.939369666666668,True,1,1,2026-09-07 14:29:13.400000095+00:00,5.423366665840149
1788791839.387,1788791353.6,78.66078533333332,16.939352166666666,True,1,1,2026-09-07 14:29:13.599999905+00:00,5.426699999968211
1788791839.586,1788791353.8,78.660786,16.939334666666664,True,1,1,2026-09-07 14:29:13.799999952+00:00,5.430016664663951
1788791839.787,1788791354.0,78.6607865,16.93931716666667,True,1,1,2026-09-07 14:29:14+00:00,5.433366664250692
1788791839.988,1788791354.2,78.66078716666667,16.939299833333333,True,1,1,2026-09-07 14:29:14.200000048+00:00,5.436716663837433
1788791840.188,1788791354.4,78.66078783333334,16.939282166666665,True,1,1,2026-09-07 14:29:14.400000095+00:00,5.440049997965494
1788791840.387,1788791354.6,78.66078850000001,16.939264666666666,True,1,1,2026-09-07 14:29:14.599999905+00:00,5.443366666634877
1788791840.589,1788791354.8,78.66078916666667,16.939247,True,1,1,2026-09-07 14:29:14.799999952+00:00,5.4467333316802975
1788791840.788,1788791355.0,78.66078966666667,16.9392295,True,1,1,2026-09-07 14:29:15+00:00,5.45005000034968
1788791840.988,1788791355.2,78.66079033333334,16.939212,True,1,1,2026-09-07 14:29:15.200000048+00:00,5.453383330504099
1788791841.187,1788791355.4,78.660791,16.9391945,True,1,1,2026-09-07 14:29:15.400000095+00:00,5.456699999173482
1788791841.388,1788791355.6,78.66079166666667,16.939177166666664,True,1,1,2026-09-07 14:29:15.599999905+00:00,5.460049998760224
1788791841.587,1788791355.8,78.66079216666667,16.93915966666667,True,1,1,2026-09-07 14:29:15.799999952+00:00,5.463366663455963
1788791841.785,1788791356.0,78.66079283333333,16.939142333333333,True,1,1,2026-09-07 14:29:16+00:00,5.466666666666667
1788791841.988,1788791356.2,78.66079366666666,16.939124833333334,True,1,1,2026-09-07 14:29:16.200000048+00:00,5.470049997170766
1788791842.187,1788791356.4,78.66079416666666,16.9391075,True,1,1,2026-09-07 14:29:16.400000095+00:00,5.473366665840149
1788791842.389,1788791356.6,78.66079483333333,16.939090166666666,True,1,1,2026-09-07 14:29:16.599999905+00:00,5.476733330885569
1788791842.595,1788791356.8,78.66079549999999,16.939072666666668,True,1,1,2026-09-07 14:29:16.799999952+00:00,5.480166665712992
1788791842.788,1788791357.0,78.66079633333334,16.939055166666666,True,1,1,2026-09-07 14:29:17+00:00,5.483383333683014
1788791842.987,1788791357.2,78.660797,16.939037833333334,True,1,1,2026-09-07 14:29:17.200000048+00:00,5.486699998378754
1788791843.187,1788791357.4,78.66079766666667,16.939020333333335,True,1,1,2026-09-07 14:29:17.400000095+00:00,5.490033332506815
1788791843.387,1788791357.6,78.66079833333333,16.939003,True,1,1,2026-09-07 14:29:17.599999905+00:00,5.493366666634878
1788791843.588,1788791357.8,78.660799,16.9389855,True,1,1,2026-09-07 14:29:17.799999952+00:00,5.4967166662216185
1788791843.787,1788791358.0,78.66079966666666,16.938968166666665,True,1,1,2026-09-07 14:29:18+00:00,5.500033330917359
1788791843.986,1788791358.2,78.66080033333333,16.938950666666663,True,1,1,2026-09-07 14:29:18.200000048+00:00,5.503349999586741
1788791844.185,1788791358.4,78.660801,16.938933333333335,True,1,1,2026-09-07 14:29:18.400000095+00:00,5.506666664282481
1788791844.384,1788791358.6,78.66080166666667,16.938915833333333,True,1,1,2026-09-07 14:29:18.599999905+00:00,5.5099833329518635
1788791844.583,1788791358.8,78.66080233333334,16.938898333333334,True,1,1,2026-09-07 14:29:18.799999952+00:00,5.513299997647604
1788791844.787,1788791359.0,78.660803,16.938881166666665,True,1,1,2026-09-07 14:29:19+00:00,5.516699997584025
1788791844.987,1788791359.2,78.66080383333333,16.93886366666667,True,1,1,2026-09-07 14:29:19.200000048+00:00,5.520033331712087
1788791845.187,1788791359.4,78.6608045,16.938846166666668,True,1,1,2026-09-07 14:29:19.400000095+00:00,5.523366665840149
1788791845.388,1788791359.6,78.66080516666666,16.938828833333332,True,1,1,2026-09-07 14:29:19.599999905+00:00,5.52671666542689
1788791845.586,1788791359.8,78.66080583333334,16.938811166666667,True,1,1,2026-09-07 14:29:19.799999952+00:00,5.53001666466395
1788791845.788,1788791360.0,78.6608065,16.938793666666665,True,1,1,2026-09-07 14:29:20+00:00,5.533383333683014
1788791845.988,1788791360.2,78.66080716666667,16.938776333333333,True,1,1,2026-09-07 14:29:20.200000048+00:00,5.536716663837433
1788791846.187,1788791360.4,78.66080783333334,16.938758833333335,True,1,1,2026-09-07 14:29:20.400000095+00:00,5.540033332506815
1788791846.387,1788791360.6,78.66080866666667,16.9387415,True,1,1,2026-09-07 14:29:20.599999905+00:00,5.543366666634878
1788791846.587,1788791360.8,78.66080933333333,16.938724166666667,True,1,1,2026-09-07 14:29:20.799999952+00:00,5.546699996789297
1788791846.787,1788791361.0,78.66081000000001,16.938706833333335,True,1,1,2026-09-07 14:29:21+00:00,5.550033330917358
1788791846.987,1788791361.2,78.66081066666668,16.938689333333333,True,1,1,2026-09-07 14:29:21.200000048+00:00,5.55336666504542
1788791847.185,1788791361.4,78.66081133333334,16.938672166666667,True,1,1,2026-09-07 14:29:21.400000095+00:00,5.5566666642824805
1788791847.388,1788791361.6,78.66081216666666,16.93865483333333,True,1,1,2026-09-07 14:29:21.599999905+00:00,5.560049998760223
1788791847.587,1788791361.8,78.66081283333332,16.93863766666667,True,1,1,2026-09-07 14:29:21.799999952+00:00,5.563366663455963
1788791847.786,1788791362.0,78.66081349999999,16.938620333333333,True,1,1,2026-09-07 14:29:22+00:00,5.566683332125346
1788791847.987,1788791362.2,78.66081433333333,16.938603166666667,True,1,1,2026-09-07 14:29:22.200000048+00:00,5.570033331712087
1788791848.188,1788791362.4,78.660815,16.938586,True,1,1,2026-09-07 14:29:22.400000095+00:00,5.573383331298828
1788791848.388,1788791362.6,78.66081583333333,16.938568666666665,True,1,1,2026-09-07 14:29:22.599999905+00:00,5.57671666542689
1788791848.586,1788791362.8,78.6608165,16.938551333333333,True,1,1,2026-09-07 14:29:22.799999952+00:00,5.58001666466395
1788791848.787,1788791363.0,78.66081716666666,16.938534166666667,True,1,1,2026-09-07 14:29:23+00:00,5.583366664250692
1788791848.987,1788791363.2,78.660818,16.938517,True,1,1,2026-09-07 14:29:23.200000048+00:00,5.586699998378753
1788791849.187,1788791363.4,78.66081866666667,16.93849983333333,True,1,1,2026-09-07 14:29:23.400000095+00:00,5.590033332506816
1788791849.387,1788791363.6,78.66081949999999,16.93848266666667,True,1,1,2026-09-07 14:29:23.599999905+00:00,5.593366666634878
1788791849.586,1788791363.8,78.66082016666665,16.938465666666666,True,1,1,2026-09-07 14:29:23.799999952+00:00,5.596683331330618
1788791849.787,1788791364.0,78.660821,16.9384485,True,1,1,2026-09-07 14:29:24+00:00,5.600033330917358
1788791849.985,1788791364.2,78.66082166666666,16.9384315,True,1,1,2026-09-07 14:29:24.200000048+00:00,5.603333330154419
1788791850.188,1788791364.4,78.6608225,16.938414333333334,True,1,1,2026-09-07 14:29:24.400000095+00:00,5.606716664632161
1788791850.388,1788791364.6,78.66082333333334,16.938397166666668,True,1,1,2026-09-07 14:29:24.599999905+00:00,5.610049998760223
1788791850.587,1788791364.8,78.660824,16.938380166666665,True,1,1,2026-09-07 14:29:24.799999952+00:00,5.613366663455963
1788791850.787,1788791365.0,78.66082483333334,16.938362833333333,True,1,1,2026-09-07 14:29:25+00:00,5.616699997584025
1788791850.987,1788791365.2,78.66082566666667,16.938345833333337,True,1,1,2026-09-07 14:29:25.200000048+00:00,5.620033331712087
1788791851.187,1788791365.4,78.66082633333333,16.938328833333333,True,1,1,2026-09-07 14:29:25.400000095+00:00,5.623366665840149
1788791851.384,1788791365.6,78.66082716666666,16.938311666666667,True,1,1,2026-09-07 14:29:25.599999905+00:00,5.626649999618531
1788791851.587,1788791365.8,78.66082800000001,16.93829433333333,True,1,1,2026-09-07 14:29:25.799999952+00:00,5.63003333012263
1788791851.788,1788791366.0,78.66082883333334,16.93827716666667,True,1,1,2026-09-07 14:29:26+00:00,5.633383333683014
1788791851.987,1788791366.2,78.66082966666666,16.938259833333333,True,1,1,2026-09-07 14:29:26.200000048+00:00,5.636699998378754
1788791852.187,1788791366.4,78.6608305,16.938242666666667,True,1,1,2026-09-07 14:29:26.400000095+00:00,5.640033332506816
1788791852.387,1788791366.6,78.66083133333333,16.93822533333333,True,1,1,2026-09-07 14:29:26.599999905+00:00,5.643366666634877
1788791852.587,1788791366.8,78.66083216666667,16.938207833333333,True,1,1,2026-09-07 14:29:26.799999952+00:00,5.646699996789296
1788791852.786,1788791367.0,78.660833,16.9381905,True,1,1,2026-09-07 14:29:27+00:00,5.650016665458679
1788791852.986,1788791367.2,78.66083383333333,16.9381735,True,1,1,2026-09-07 14:29:27.200000048+00:00,5.653349999586741
1788791853.186,1788791367.4,78.66083466666667,16.938156333333332,True,1,1,2026-09-07 14:29:27.400000095+00:00,5.6566833337148035
1788791853.387,1788791367.6,78.6608355,16.938139166666666,True,1,1,2026-09-07 14:29:27.599999905+00:00,5.660033333301544
1788791853.587,1788791367.8,78.66083633333332,16.938122,True,1,1,2026-09-07 14:29:27.799999952+00:00,5.663366663455963
1788791853.789,1788791368.0,78.66083733333333,16.938104833333334,True,1,1,2026-09-07 14:29:28+00:00,5.666733332475027
1788791853.988,1788791368.2,78.66083816666666,16.938087833333334,True,1,1,2026-09-07 14:29:28.200000048+00:00,5.670049997170766
1788791854.184,1788791368.4,78.660839,16.938070666666665,True,1,1,2026-09-07 14:29:28.400000095+00:00,5.673316665490469
1788791854.385,1788791368.6,78.66083983333333,16.938053500000002,True,1,1,2026-09-07 14:29:28.599999905+00:00,5.676666665077209
1788791854.585,1788791368.8,78.66084066666667,16.938036333333333,True,1,1,2026-09-07 14:29:28.799999952+00:00,5.679999999205271
1788791854.786,1788791369.0,78.66084166666666,16.9380195,True,1,1,2026-09-07 14:29:29+00:00,5.683349998792012
1788791854.994,1788791369.2,78.6608425,16.938002333333333,True,1,1,2026-09-07 14:29:29.200000048+00:00,5.686816664536794
1788791855.217,1788791369.4,78.66084333333333,16.9379855,True,1,1,2026-09-07 14:29:29.400000095+00:00,5.690533332029978
1788791855.387,1788791369.6,78.66084416666666,16.937968333333334,True,1,1,2026-09-07 14:29:29.599999905+00:00,5.693366666634877
1788791855.585,1788791369.8,78.66084516666666,16.937951166666668,True,1,1,2026-09-07 14:29:29.799999952+00:00,5.6966666658719385
1788791855.788,1788791370.0,78.660846,16.937934166666665,True,1,1,2026-09-07 14:29:30+00:00,5.70005000034968
1788791855.987,1788791370.2,78.66084683333334,16.93791716666667,True,1,1,2026-09-07 14:29:30.200000048+00:00,5.7033666650454204
1788791856.187,1788791370.4,78.66084783333334,16.93790016666667,True,1,1,2026-09-07 14:29:30.400000095+00:00,5.706699999173482
1788791856.386,1788791370.6,78.66084866666667,16.937883166666666,True,1,1,2026-09-07 14:29:30.599999905+00:00,5.710016663869222
1788791856.587,1788791370.8,78.6608495,16.937866,True,1,1,2026-09-07 14:29:30.799999952+00:00,5.713366663455963
1788791856.79,1788791371.0,78.6608505,16.93784916666667,True,1,1,2026-09-07 14:29:31+00:00,5.7167499979337055
1788791856.988,1788791371.2,78.6608515,16.937832333333333,True,1,1,2026-09-07 14:29:31.200000048+00:00,5.720049997170766
1788791857.188,1788791371.4,78.66085233333334,16.9378155,True,1,1,2026-09-07 14:29:31.400000095+00:00,5.7233833312988285
1788791857.387,1788791371.6,78.66085333333334,16.9377985,True,1,1,2026-09-07 14:29:31.599999905+00:00,5.72669999996821
1788791857.595,1788791371.8,78.66085416666667,16.937781500000003,True,1,1,2026-09-07 14:29:31.799999952+00:00,5.730166665712992
1788791857.787,1788791372.0,78.66085516666666,16.937764666666666,True,1,1,2026-09-07 14:29:32+00:00,5.733366664250692
1788791857.988,1788791372.2,78.660856,16.937747833333333,True,1,1,2026-09-07 14:29:32.200000048+00:00,5.7367166638374325
1788791858.185,1788791372.4,78.66085700000001,16.937730833333333,True,1,1,2026-09-07 14:29:32.400000095+00:00,5.739999997615814
1788791858.384,1788791372.6,78.660858,16.937714000000003,True,1,1,2026-09-07 14:29:32.599999905+00:00,5.743316666285197
1788791858.587,1788791372.8,78.66085883333334,16.937697166666666,True,1,1,2026-09-07 14:29:32.799999952+00:00,5.746699996789297
1788791858.788,1788791373.0,78.66085983333333,16.937680166666667,True,1,1,2026-09-07 14:29:33+00:00,5.75005000034968
1788791858.987,1788791373.2,78.66086083333333,16.937663333333333,True,1,1,2026-09-07 14:29:33.200000048+00:00,5.75336666504542
1788791859.188,1788791373.4,78.66086166666668,16.93764633333333,True,1,1,2026-09-07 14:29:33.400000095+00:00,5.756716664632162
1788791859.39,1788791373.6,78.66086266666666,16.937629666666666,True,1,1,2026-09-07 14:29:33.599999905+00:00,5.760083333651225
1788791859.586,1788791373.8,78.66086366666667,16.937612833333333,True,1,1,2026-09-07 14:29:33.799999952+00:00,5.763349997997284
1788791859.787,1788791374.0,78.66086449999999,16.937596166666665,True,1,1,2026-09-07 14:29:34+00:00,5.766699997584025
1788791859.988,1788791374.2,78.6608655,16.93757916666667,True,1,1,2026-09-07 14:29:34.200000048+00:00,5.770049997170767
1788791860.188,1788791374.4,78.66086650000001,16.937562500000002,True,1,1,2026-09-07 14:29:34.400000095+00:00,5.773383331298828
1788791860.388,1788791374.6,78.6608675,16.937545833333335,True,1,1,2026-09-07 14:29:34.599999905+00:00,5.77671666542689
1788791860.585,1788791374.8,78.6608685,16.937528999999998,True,1,1,2026-09-07 14:29:34.799999952+00:00,5.7799999992052715
1788791860.787,1788791375.0,78.6608695,16.937512166666668,True,1,1,2026-09-07 14:29:35+00:00,5.783366664250692
1788791860.985,1788791375.2,78.6608705,16.937495333333334,True,1,1,2026-09-07 14:29:35.200000048+00:00,5.786666663487752
1788791861.186,1788791375.4,78.6608715,16.9374785,True,1,1,2026-09-07 14:29:35.400000095+00:00,5.790016667048136
1788791861.389,1788791375.6,78.66087250000001,16.937461666666664,True,1,1,2026-09-07 14:29:35.599999905+00:00,5.793399997552236
1788791861.587,1788791375.8,78.6608735,16.937445,True,1,1,2026-09-07 14:29:35.799999952+00:00,5.796699996789297
1788791861.788,1788791376.0,78.6608745,16.937428166666667,True,1,1,2026-09-07 14:29:36+00:00,5.800050000349681
1788791861.988,1788791376.2,78.6608755,16.9374115,True,1,1,2026-09-07 14:29:36.200000048+00:00,5.8033833305041
1788791862.188,1788791376.4,78.6608765,16.9373945,True,1,1,2026-09-07 14:29:36.400000095+00:00,5.8067166646321615
1788791862.388,1788791376.6,78.6608775,16.937377833333336,True,1,1,2026-09-07 14:29:36.599999905+00:00,5.810049998760223
1788791862.588,1788791376.8,78.66087850000001,16.937361,True,1,1,2026-09-07 14:29:36.799999952+00:00,5.813383332888285
1788791862.788,1788791377.0,78.66087966666667,16.937344333333332,True,1,1,2026-09-07 14:29:37+00:00,5.8167166670163475
1788791862.986,1788791377.2,78.66088066666666,16.937327333333332,True,1,1,2026-09-07 14:29:37.200000048+00:00,5.820016666253408
1788791863.187,1788791377.4,78.66088166666667,16.937310833333335,True,1,1,2026-09-07 14:29:37.400000095+00:00,5.823366665840149
1788791863.387,1788791377.6,78.66088266666667,16.937294,True,1,1,2026-09-07 14:29:37.599999905+00:00,5.826699999968211
1788791863.586,1788791377.8,78.66088366666666,16.937277166666668,True,1,1,2026-09-07 14:29:37.799999952+00:00,5.83001666466395
1788791863.785,1788791378.0,78.66088483333333,16.937260499999997,True,1,1,2026-09-07 14:29:38+00:00,5.833333333333333
1788791863.989,1788791378.2,78.66088583333334,16.937243666666667,True,1,1,2026-09-07 14:29:38.200000048+00:00,5.836733333269755
1788791864.187,1788791378.4,78.66088683333334,16.937226833333334,True,1,1,2026-09-07 14:29:38.400000095+00:00,5.840033332506816
1788791864.385,1788791378.6,78.66088783333333,16.937210166666667,True,1,1,2026-09-07 14:29:38.599999905+00:00,5.843333331743876
1788791864.585,1788791378.8,78.660889,16.9371935,True,1,1,2026-09-07 14:29:38.799999952+00:00,5.846666665871938
1788791864.788,1788791379.0,78.66089000000001,16.937176833333336,True,1,1,2026-09-07 14:29:39+00:00,5.850050000349681
1788791864.987,1788791379.2,78.66089116666667,16.93716016666667,True,1,1,2026-09-07 14:29:39.200000048+00:00,5.85336666504542
1788791865.184,1788791379.4,78.66089216666666,16.937143499999998,True,1,1,2026-09-07 14:29:39.400000095+00:00,5.856649998823801
1788791865.386,1788791379.6,78.66089316666667,16.93712683333333,True,1,1,2026-09-07 14:29:39.599999905+00:00,5.860016663869222
1788791865.587,1788791379.8,78.66089433333333,16.937110333333333,True,1,1,2026-09-07 14:29:39.799999952+00:00,5.863366663455963
1788791865.789,1788791380.0,78.66089533333334,16.937093666666666,True,1,1,2026-09-07 14:29:40+00:00,5.866733332475026
1788791865.987,1788791380.2,78.66089633333333,16.937076833333332,True,1,1,2026-09-07 14:29:40.200000048+00:00,5.870033331712087
1788791866.187,1788791380.4,78.66089749999999,16.93706033333333,True,1,1,2026-09-07 14:29:40.400000095+00:00,5.873366665840149
1788791866.387,1788791380.6,78.6608985,16.9370435,True,1,1,2026-09-07 14:29:40.599999905+00:00,5.876699999968211
1788791866.585,1788791380.8,78.66089966666667,16.937027,True,1,1,2026-09-07 14:29:40.799999952+00:00,5.879999999205271
1788791866.788,1788791381.0,78.66090066666668,16.9370105,True,1,1,2026-09-07 14:29:41+00:00,5.883383333683014
1788791866.996,1788791381.2,78.66090183333334,16.936993833333336,True,1,1,2026-09-07 14:29:41.200000048+00:00,5.886849999427795
1788791867.187,1788791381.4,78.66090283333332,16.9369775,True,1,1,2026-09-07 14:29:41.400000095+00:00,5.890033332506816
1788791867.388,1788791381.6,78.660904,16.936960833333334,True,1,1,2026-09-07 14:29:41.599999905+00:00,5.893383332093557
1788791867.586,1788791381.8,78.660905,16.936944666666665,True,1,1,2026-09-07 14:29:41.799999952+00:00,5.8966833313306175
1788791867.789,1788791382.0,78.66090600000001,16.936928,True,1,1,2026-09-07 14:29:42+00:00,5.900066665808359
1788791867.987,1788791382.2,78.66090716666666,16.9369115,True,1,1,2026-09-07 14:29:42.200000048+00:00,5.903366665045421
1788791868.187,1788791382.4,78.66090833333332,16.936894833333334,True,1,1,2026-09-07 14:29:42.400000095+00:00,5.906699999173482
1788791868.385,1788791382.6,78.66090933333334,16.9368785,True,1,1,2026-09-07 14:29:42.599999905+00:00,5.909999998410543
1788791868.588,1788791382.8,78.6609105,16.936862,True,1,1,2026-09-07 14:29:42.799999952+00:00,5.913383332888285
1788791868.787,1788791383.0,78.66091166666666,16.9368455,True,1,1,2026-09-07 14:29:43+00:00,5.916699997584025
1788791868.987,1788791383.2,78.66091266666668,16.936828833333333,True,1,1,2026-09-07 14:29:43.200000048+00:00,5.920033331712087
1788791869.188,1788791383.4,78.66091383333334,16.936812333333332,True,1,1,2026-09-07 14:29:43.400000095+00:00,5.923383331298828
1788791869.385,1788791383.6,78.660915,16.936795833333335,True,1,1,2026-09-07 14:29:43.599999905+00:00,5.926666665077209
1788791869.588,1788791383.8,78.66091616666667,16.936779333333334,True,1,1,2026-09-07 14:29:43.799999952+00:00,5.930049999554952
1788791869.788,1788791384.0,78.66091733333333,16.936763,True,1,1,2026-09-07 14:29:44+00:00,5.933383333683014
1788791869.988,1788791384.2,78.6609185,16.9367465,True,1,1,2026-09-07 14:29:44.200000048+00:00,5.936716663837433
1788791870.189,1788791384.4,78.66091966666666,16.936730166666667,True,1,1,2026-09-07 14:29:44.400000095+00:00,5.940066663424174
1788791870.387,1788791384.6,78.66092083333334,16.9367135,True,1,1,2026-09-07 14:29:44.599999905+00:00,5.943366666634877
1788791870.587,1788791384.8,78.660922,16.936697166666665,True,1,1,2026-09-07 14:29:44.799999952+00:00,5.946699996789296
1788791870.789,1788791385.0,78.66092316666666,16.936680833333334,True,1,1,2026-09-07 14:29:45+00:00,5.95006666580836
1788791870.987,1788791385.2,78.66092433333333,16.9366645,True,1,1,2026-09-07 14:29:45.200000048+00:00,5.9533666650454204
1788791871.187,1788791385.4,78.6609255,16.936648333333334,True,1,1,2026-09-07 14:29:45.400000095+00:00,5.956699999173482
1788791871.387,1788791385.6,78.66092666666667,16.936632,True,1,1,2026-09-07 14:29:45.599999905+00:00,5.960033333301544
1788791871.586,1788791385.8,78.66092783333333,16.936615500000002,True,1,1,2026-09-07 14:29:45.799999952+00:00,5.963349997997284
1788791871.788,1788791386.0,78.660929,16.936599333333334,True,1,1,2026-09-07 14:29:46+00:00,5.966716667016347
1788791871.987,1788791386.2,78.66093016666667,16.936583,True,1,1,2026-09-07 14:29:46.200000048+00:00,5.970033331712087
1788791872.185,1788791386.4,78.6609315,16.936566833333334,True,1,1,2026-09-07 14:29:46.400000095+00:00,5.973333330949147
1788791872.388,1788791386.6,78.66093266666667,16.9365505,True,1,1,2026-09-07 14:29:46.599999905+00:00,5.97671666542689
1788791872.594,1788791386.8,78.660934,16.936534333333334,True,1,1,2026-09-07 14:29:46.799999952+00:00,5.980150000254313
1788791872.787,1788791387.0,78.66093516666666,16.936518166666666,True,1,1,2026-09-07 14:29:47+00:00,5.983366664250692
1788791872.987,1788791387.2,78.66093649999999,16.936502,True,1,1,2026-09-07 14:29:47.200000048+00:00,5.986699998378754
1788791873.186,1788791387.4,78.66093766666667,16.936486,True,1,1,2026-09-07 14:29:47.400000095+00:00,5.9900166670481365
1788791873.388,1788791387.6,78.660939,16.936469833333334,True,1,1,2026-09-07 14:29:47.599999905+00:00,5.993383332093557
1788791873.587,1788791387.8,78.66094016666666,16.936453833333335,True,1,1,2026-09-07 14:29:47.799999952+00:00,5.996699996789297
1788791873.788,1788791388.0,78.6609415,16.9364375,True,1,1,2026-09-07 14:29:48+00:00,6.00005000034968
1788791873.989,1788791388.2,78.66094283333334,16.936421166666666,True,1,1,2026-09-07 14:29:48.200000048+00:00,6.003399999936422
1788791874.189,1788791388.4,78.660944,16.936404999999997,True,1,1,2026-09-07 14:29:48.400000095+00:00,6.0067333300908405
1788791874.387,1788791388.6,78.66094533333333,16.93638866666667,True,1,1,2026-09-07 14:29:48.599999905+00:00,6.0100333333015445
1788791874.586,1788791388.8,78.66094666666666,16.9363725,True,1,1,2026-09-07 14:29:48.799999952+00:00,6.013349997997284
1788791874.784,1788791389.0,78.66094799999999,16.936356333333332,True,1,1,2026-09-07 14:29:49+00:00,6.016649997234344
1788791874.985,1788791389.2,78.66094933333333,16.936339999999998,True,1,1,2026-09-07 14:29:49.200000048+00:00,6.0199999968210856
1788791875.185,1788791389.4,78.66095066666666,16.936323666666667,True,1,1,2026-09-07 14:29:49.400000095+00:00,6.023333330949147
1788791875.387,1788791389.6,78.660952,16.936307333333332,True,1,1,2026-09-07 14:29:49.599999905+00:00,6.026699999968211
1788791875.586,1788791389.8,78.66095333333332,16.93629083333333,True,1,1,2026-09-07 14:29:49.799999952+00:00,6.03001666466395
1788791875.787,1788791390.0,78.66095466666667,16.936274333333333,True,1,1,2026-09-07 14:29:50+00:00,6.033366664250692
1788791875.986,1788791390.2,78.660956,16.936258000000002,True,1,1,2026-09-07 14:29:50.200000048+00:00,6.036683332920075
1788791876.184,1788791390.4,78.66095733333333,16.93624133333333,True,1,1,2026-09-07 14:29:50.400000095+00:00,6.039983332157135
1788791876.388,1788791390.6,78.66095866666666,16.93622483333333,True,1,1,2026-09-07 14:29:50.599999905+00:00,6.043383332093557
1788791876.585,1788791390.8,78.66095999999999,16.936208333333333,True,1,1,2026-09-07 14:29:50.799999952+00:00,6.046666665871938
1788791876.785,1788791391.0,78.66096133333333,16.936191833333332,True,1,1,2026-09-07 14:29:51+00:00,6.05
1788791876.983,1788791391.2,78.66096266666666,16.93617533333333,True,1,1,2026-09-07 14:29:51.200000048+00:00,6.05329999923706
1788791877.186,1788791391.4,78.66096399999999,16.936158666666664,True,1,1,2026-09-07 14:29:51.400000095+00:00,6.056683333714803
1788791877.386,1788791391.6,78.66096533333332,16.936142166666666,True,1,1,2026-09-07 14:29:51.599999905+00:00,6.060016663869222
1788791877.583,1788791391.8,78.66096666666667,16.936125666666666,True,1,1,2026-09-07 14:29:51.799999952+00:00,6.063299997647603
1788791877.786,1788791392.0,78.66096783333334,16.93610933333333,True,1,1,2026-09-07 14:29:52+00:00,6.066683332125346
1788791877.986,1788791392.2,78.66096916666667,16.93609283333333,True,1,1,2026-09-07 14:29:52.200000048+00:00,6.070016666253408
1788791878.185,1788791392.4,78.6609705,16.936076333333332,True,1,1,2026-09-07 14:29:52.400000095+00:00,6.073333330949148
1788791878.388,1788791392.6,78.66097183333333,16.936059833333335,True,1,1,2026-09-07 14:29:52.599999905+00:00,6.07671666542689
1788791878.585,1788791392.8,78.66097316666666,16.936043166666664,True,1,1,2026-09-07 14:29:52.799999952+00:00,6.079999999205271
1788791878.791,1788791393.0,78.66097450000001,16.936026833333337,True,1,1,2026-09-07 14:29:53+00:00,6.0834333300590515
1788791878.984,1788791393.2,78.66097583333334,16.936010333333336,True,1,1,2026-09-07 14:29:53.200000048+00:00,6.086649998029073
1788791879.186,1788791393.4,78.66097716666667,16.935993666666665,True,1,1,2026-09-07 14:29:53.400000095+00:00,6.090016667048136
1788791879.386,1788791393.6,78.6609785,16.935977166666664,True,1,1,2026-09-07 14:29:53.599999905+00:00,6.093349997202555
1788791879.585,1788791393.8,78.66097983333334,16.935960666666666,True,1,1,2026-09-07 14:29:53.799999952+00:00,6.096666665871938
1788791879.786,1788791394.0,78.66098116666667,16.935944,True,1,1,2026-09-07 14:29:54+00:00,6.100016665458679
1788791879.987,1788791394.2,78.66098233333334,16.9359275,True,1,1,2026-09-07 14:29:54.200000048+00:00,6.10336666504542
1788791880.184,1788791394.4,78.66098366666667,16.935910999999997,True,1,1,2026-09-07 14:29:54.400000095+00:00,6.106649998823801
1788791880.381,1788791394.6,78.660985,16.9358945,True,1,1,2026-09-07 14:29:54.599999905+00:00,6.109933332602183
1788791880.587,1788791394.8,78.66098633333333,16.935878,True,1,1,2026-09-07 14:29:54.799999952+00:00,6.113366663455963
1788791880.787,1788791395.0,78.66098766666667,16.935861499999998,True,1,1,2026-09-07 14:29:55+00:00,6.116699997584025
1788791880.986,1788791395.2,78.660989,16.935844999999997,True,1,1,2026-09-07 14:29:55.200000048+00:00,6.120016666253408
1788791881.186,1788791395.4,78.66099016666666,16.935828666666666,True,1,1,2026-09-07 14:29:55.400000095+00:00,6.123350000381469
1788791881.384,1788791395.6,78.6609915,16.935812166666665,True,1,1,2026-09-07 14:29:55.599999905+00:00,6.126649999618531
1788791881.586,1788791395.8,78.66099283333332,16.935795666666667,True,1,1,2026-09-07 14:29:55.799999952+00:00,6.130016664663951
1788791881.785,1788791396.0,78.66099416666665,16.935779,True,1,1,2026-09-07 14:29:56+00:00,6.133333333333334
1788791881.985,1788791396.2,78.6609955,16.93576266666667,True,1,1,2026-09-07 14:29:56.200000048+00:00,6.136666663487753
1788791882.185,1788791396.4,78.66099666666668,16.935746333333334,True,1,1,2026-09-07 14:29:56.400000095+00:00,6.139999997615814
1788791882.385,1788791396.6,78.660998,16.93573,True,1,1,2026-09-07 14:29:56.599999905+00:00,6.143333331743876
1788791882.585,1788791396.8,78.66099933333334,16.93571366666667,True,1,1,2026-09-07 14:29:56.799999952+00:00,6.146666665871938
1788791882.793,1788791397.0,78.66100066666667,16.935697333333334,True,1,1,2026-09-07 14:29:57+00:00,6.150133331616719
1788791882.987,1788791397.2,78.661002,16.935681,True,1,1,2026-09-07 14:29:57.200000048+00:00,6.153366665045421
1788791883.186,1788791397.4,78.6610035,16.935664666666664,True,1,1,2026-09-07 14:29:57.400000095+00:00,6.1566833337148035
1788791883.387,1788791397.6,78.66100483333334,16.935648166666667,True,1,1,2026-09-07 14:29:57.599999905+00:00,6.160033333301544
1788791883.584,1788791397.8,78.661006,16.935631666666666,True,1,1,2026-09-07 14:29:57.799999952+00:00,6.1633166670799255
1788791883.786,1788791398.0,78.66100733333333,16.935615166666665,True,1,1,2026-09-07 14:29:58+00:00,6.166683332125346
1788791883.986,1788791398.2,78.66100866666667,16.935598666666667,True,1,1,2026-09-07 14:29:58.200000048+00:00,6.1700166662534075
1788791884.186,1788791398.4,78.66101,16.935582333333333,True,1,1,2026-09-07 14:29:58.400000095+00:00,6.17335000038147
1788791884.384,1788791398.6,78.66101133333333,16.93556583333333,True,1,1,2026-09-07 14:29:58.599999905+00:00,6.1766499996185305
1788791884.584,1788791398.8,78.66101266666666,16.935549499999997,True,1,1,2026-09-07 14:29:58.799999952+00:00,6.179983333746592
1788791884.784,1788791399.0,78.661014,16.935533333333336,True,1,1,2026-09-07 14:29:59+00:00,6.183316663901011
1788791884.985,1788791399.2,78.66101533333334,16.935516833333335,True,1,1,2026-09-07 14:29:59.200000048+00:00,6.1866666634877525
1788791885.185,1788791399.4,78.66101666666667,16.9355005,True,1,1,2026-09-07 14:29:59.400000095+00:00,6.189999997615814
1788791885.387,1788791399.6,78.661018,16.935484,True,1,1,2026-09-07 14:29:59.599999905+00:00,6.193366666634877
1788791885.586,1788791399.8,78.66101933333333,16.935467666666668,True,1,1,2026-09-07 14:29:59.799999952+00:00,6.196683331330617
1788791885.784,1788791400.0,78.66102066666667,16.935451166666667,True,1,1,2026-09-07 14:30:00+00:00,6.199983330567678
1788791885.99,1788791400.2,78.661022,16.935434833333332,True,1,1,2026-09-07 14:30:00.200000048+00:00,6.203416665395101
1788791886.185,1788791400.4,78.6610235,16.9354185,True,1,1,2026-09-07 14:30:00.400000095+00:00,6.206666664282481
1788791886.385,1788791400.6,78.66102483333334,16.935402333333332,True,1,1,2026-09-07 14:30:00.599999905+00:00,6.2099999984105425
1788791886.585,1788791400.8,78.66102616666667,16.935386166666667,True,1,1,2026-09-07 14:30:00.799999952+00:00,6.213333332538605
1788791886.786,1788791401.0,78.6610275,16.935369666666666,True,1,1,2026-09-07 14:30:01+00:00,6.216683332125346
1788791886.986,1788791401.2,78.661029,16.9353535,True,1,1,2026-09-07 14:30:01.200000048+00:00,6.220016666253408
1788791887.186,1788791401.4,78.66103033333334,16.935337333333333,True,1,1,2026-09-07 14:30:01.400000095+00:00,6.22335000038147
1788791887.386,1788791401.6,78.66103166666667,16.935321166666665,True,1,1,2026-09-07 14:30:01.599999905+00:00,6.226683330535889
1788791887.592,1788791401.8,78.661033,16.935305000000003,True,1,1,2026-09-07 14:30:01.799999952+00:00,6.230116665363312
1788791887.786,1788791402.0,78.6610345,16.93528866666667,True,1,1,2026-09-07 14:30:02+00:00,6.233349998792012
1788791887.984,1788791402.2,78.66103583333333,16.9352725,True,1,1,2026-09-07 14:30:02.200000048+00:00,6.2366499980290735
1788791888.186,1788791402.4,78.66103716666666,16.935256166666665,True,1,1,2026-09-07 14:30:02.400000095+00:00,6.2400166670481365
1788791888.387,1788791402.6,78.66103866666667,16.93524,True,1,1,2026-09-07 14:30:02.599999905+00:00,6.243366666634878
1788791888.583,1788791402.8,78.66104,16.935223833333335,True,1,1,2026-09-07 14:30:02.799999952+00:00,6.246633330980937
1788791888.786,1788791403.0,78.66104133333333,16.935207666666667,True,1,1,2026-09-07 14:30:03+00:00,6.250016665458679
1788791888.988,1788791403.2,78.66104283333334,16.9351915,True,1,1,2026-09-07 14:30:03.200000048+00:00,6.253383330504099
1788791889.186,1788791403.4,78.66104416666667,16.935175333333333,True,1,1,2026-09-07 14:30:03.400000095+00:00,6.256683333714803
1788791889.386,1788791403.6,78.66104566666667,16.935159166666665,True,1,1,2026-09-07 14:30:03.599999905+00:00,6.260016663869222
1788791889.584,1788791403.8,78.661047,16.935143,True,1,1,2026-09-07 14:30:03.799999952+00:00,6.263316667079925
1788791889.786,1788791404.0,78.6610485,16.935126833333335,True,1,1,2026-09-07 14:30:04+00:00,6.2666833321253455
1788791889.986,1788791404.2,78.66104999999999,16.935110666666667,True,1,1,2026-09-07 14:30:04.200000048+00:00,6.270016666253408
1788791890.185,1788791404.4,78.66105133333333,16.935094333333332,True,1,1,2026-09-07 14:30:04.400000095+00:00,6.273333330949147
1788791890.385,1788791404.6,78.66105283333333,16.935078166666663,True,1,1,2026-09-07 14:30:04.599999905+00:00,6.27666666507721
1788791890.586,1788791404.8,78.66105433333334,16.935061833333336,True,1,1,2026-09-07 14:30:04.799999952+00:00,6.28001666466395
1788791890.785,1788791405.0,78.66105583333334,16.935045666666667,True,1,1,2026-09-07 14:30:05+00:00,6.283333333333333
1788791890.986,1788791405.2,78.66105716666667,16.9350295,True,1,1,2026-09-07 14:30:05.200000048+00:00,6.286683332920075
1788791891.185,1788791405.4,78.66105866666666,16.935013333333334,True,1,1,2026-09-07 14:30:05.400000095+00:00,6.289999997615814
1788791891.383,1788791405.6,78.66106016666666,16.93499716666667,True,1,1,2026-09-07 14:30:05.599999905+00:00,6.293299996852875
1788791891.585,1788791405.8,78.66106166666667,16.934981166666667,True,1,1,2026-09-07 14:30:05.799999952+00:00,6.296666665871938
1788791891.785,1788791406.0,78.66106316666666,16.934965,True,1,1,2026-09-07 14:30:06+00:00,6.3
1788791891.986,1788791406.2,78.66106466666666,16.934949,True,1,1,2026-09-07 14:30:06.200000048+00:00,6.303349999586741
1788791892.187,1788791406.4,78.66106616666666,16.934933,True,1,1,2026-09-07 14:30:06.400000095+00:00,6.306699999173483
1788791892.385,1788791406.6,78.66106766666667,16.934917,True,1,1,2026-09-07 14:30:06.599999905+00:00,6.309999998410543
1788791892.585,1788791406.8,78.66106916666666,16.934901,True,1,1,2026-09-07 14:30:06.799999952+00:00,6.313333332538605
1788791892.783,1788791407.0,78.66107066666667,16.934885,True,1,1,2026-09-07 14:30:07+00:00,6.316633331775665
1788791892.986,1788791407.2,78.66107216666666,16.934869,True,1,1,2026-09-07 14:30:07.200000048+00:00,6.320016666253408
1788791893.185,1788791407.4,78.66107366666667,16.934853166666667,True,1,1,2026-09-07 14:30:07.400000095+00:00,6.323333330949148
1788791893.386,1788791407.6,78.66107533333334,16.934837,True,1,1,2026-09-07 14:30:07.599999905+00:00,6.3266833305358885
1788791893.585,1788791407.8,78.66107683333333,16.934821,True,1,1,2026-09-07 14:30:07.799999952+00:00,6.329999999205271
1788791893.786,1788791408.0,78.66107833333334,16.934804999999997,True,1,1,2026-09-07 14:30:08+00:00,6.333349998792013
1788791893.987,1788791408.2,78.66107983333333,16.93478916666667,True,1,1,2026-09-07 14:30:08.200000048+00:00,6.336699998378753
1788791894.184,1788791408.4,78.6610815,16.934773333333332,True,1,1,2026-09-07 14:30:08.400000095+00:00,6.339983332157135
1788791894.388,1788791408.6,78.66108299999999,16.9347575,True,1,1,2026-09-07 14:30:08.599999905+00:00,6.343383332093556
1788791894.585,1788791408.8,78.6610845,16.934741666666664,True,1,1,2026-09-07 14:30:08.799999952+00:00,6.346666665871938
1788791894.784,1788791409.0,78.66108616666666,16.934725833333335,True,1,1,2026-09-07 14:30:09+00:00,6.349983330567678
1788791894.989,1788791409.2,78.66108766666666,16.934710166666665,True,1,1,2026-09-07 14:30:09.200000048+00:00,6.353399999936422
1788791895.184,1788791409.4,78.66108933333334,16.934694333333333,True,1,1,2026-09-07 14:30:09.400000095+00:00,6.356649998823801
1788791895.383,1788791409.6,78.66109083333335,16.9346785,True,1,1,2026-09-07 14:30:09.599999905+00:00,6.3599666635195415
1788791895.581,1788791409.8,78.6610925,16.9346625,True,1,1,2026-09-07 14:30:09.799999952+00:00,6.363266666730245
1788791895.784,1788791410.0,78.661094,16.9346465,True,1,1,2026-09-07 14:30:10+00:00,6.366649997234345
1788791895.984,1788791410.2,78.66109566666667,16.934630833333333,True,1,1,2026-09-07 14:30:10.200000048+00:00,6.369983331362406
1788791896.184,1788791410.4,78.66109716666666,16.934614833333335,True,1,1,2026-09-07 14:30:10.400000095+00:00,6.373316665490468
1788791896.385,1788791410.6,78.66109883333334,16.934599166666665,True,1,1,2026-09-07 14:30:10.599999905+00:00,6.3766666650772095
1788791896.584,1788791410.8,78.6611005,16.9345835,True,1,1,2026-09-07 14:30:10.799999952+00:00,6.379983333746592
1788791896.785,1788791411.0,78.661102,16.9345675,True,1,1,2026-09-07 14:30:11+00:00,6.383333333333334
1788791896.981,1788791411.2,78.66110366666666,16.934551666666668,True,1,1,2026-09-07 14:30:11.200000048+00:00,6.386599997679393
1788791897.185,1788791411.4,78.66110533333334,16.934535999999998,True,1,1,2026-09-07 14:30:11.400000095+00:00,6.389999997615814
1788791897.385,1788791411.6,78.66110699999999,16.934520333333335,True,1,1,2026-09-07 14:30:11.599999905+00:00,6.393333331743876
1788791897.584,1788791411.8,78.6611085,16.934504666666665,True,1,1,2026-09-07 14:30:11.799999952+00:00,6.396650000413259
1788791897.788,1788791412.0,78.66111016666667,16.934489,True,1,1,2026-09-07 14:30:12+00:00,6.4000500003496805
1788791897.986,1788791412.2,78.66111166666666,16.934473166666667,True,1,1,2026-09-07 14:30:12.200000048+00:00,6.403349999586741
1788791898.186,1788791412.4,78.66111333333333,16.9344575,True,1,1,2026-09-07 14:30:12.400000095+00:00,6.4066833337148035
1788791898.385,1788791412.6,78.66111500000001,16.934441833333334,True,1,1,2026-09-07 14:30:12.599999905+00:00,6.409999998410543
1788791898.584,1788791412.8,78.66111666666667,16.934426166666665,True,1,1,2026-09-07 14:30:12.799999952+00:00,6.4133166670799255
1788791898.786,1788791413.0,78.66111816666667,16.934410500000002,True,1,1,2026-09-07 14:30:13+00:00,6.416683332125346
1788791898.986,1788791413.2,78.66111983333333,16.934394833333332,True,1,1,2026-09-07 14:30:13.200000048+00:00,6.4200166662534075
1788791899.185,1788791413.4,78.66112150000001,16.934379166666666,True,1,1,2026-09-07 14:30:13.400000095+00:00,6.423333330949148
1788791899.386,1788791413.6,78.66112316666666,16.934363666666666,True,1,1,2026-09-07 14:30:13.599999905+00:00,6.426683330535889
1788791899.583,1788791413.8,78.66112466666667,16.934348166666666,True,1,1,2026-09-07 14:30:13.799999952+00:00,6.42996666431427
1788791899.783,1788791414.0,78.66112633333334,16.9343325,True,1,1,2026-09-07 14:30:14+00:00,6.433299998442332
1788791899.986,1788791414.2,78.66112799999999,16.934317,True,1,1,2026-09-07 14:30:14.200000048+00:00,6.436683332920074
1788791900.186,1788791414.4,78.66112966666667,16.9343015,True,1,1,2026-09-07 14:30:14.400000095+00:00,6.440016667048137
1788791900.386,1788791414.6,78.66113133333333,16.934286,True,1,1,2026-09-07 14:30:14.599999905+00:00,6.443349997202556
1788791900.586,1788791414.8,78.661133,16.934270666666666,True,1,1,2026-09-07 14:30:14.799999952+00:00,6.446683331330617
1788791900.787,1788791415.0,78.66113466666667,16.934255333333333,True,1,1,2026-09-07 14:30:15+00:00,6.450033330917359
1788791900.984,1788791415.2,78.66113633333333,16.934239833333333,True,1,1,2026-09-07 14:30:15.200000048+00:00,6.453316664695739
1788791901.186,1788791415.4,78.661138,16.934224500000003,True,1,1,2026-09-07 14:30:15.400000095+00:00,6.456683333714803
1788791901.385,1788791415.6,78.66113966666667,16.93420916666667,True,1,1,2026-09-07 14:30:15.599999905+00:00,6.4599999984105425
1788791901.585,1788791415.8,78.66114133333333,16.934193999999998,True,1,1,2026-09-07 14:30:15.799999952+00:00,6.463333332538605
1788791901.787,1788791416.0,78.661143,16.934178666666664,True,1,1,2026-09-07 14:30:16+00:00,6.466699997584025
1788791901.99,1788791416.2,78.66114466666666,16.9341635,True,1,1,2026-09-07 14:30:16.200000048+00:00,6.470083332061767
1788791902.187,1788791416.4,78.6611465,16.934148166666667,True,1,1,2026-09-07 14:30:16.400000095+00:00,6.473366665840149
1788791902.383,1788791416.6,78.66114816666666,16.934132833333333,True,1,1,2026-09-07 14:30:16.599999905+00:00,6.476633330186208
1788791902.591,1788791416.8,78.66114983333334,16.9341175,True,1,1,2026-09-07 14:30:16.799999952+00:00,6.480099999904633
1788791902.787,1788791417.0,78.6611515,16.934102166666666,True,1,1,2026-09-07 14:30:17+00:00,6.483366664250692
1788791902.99,1788791417.2,78.66115316666667,16.934086833333332,True,1,1,2026-09-07 14:30:17.200000048+00:00,6.486749998728434
1788791903.185,1788791417.4,78.661155,16.9340715,True,1,1,2026-09-07 14:30:17.400000095+00:00,6.489999997615814
1788791903.388,1788791417.6,78.66115666666666,16.934055999999998,True,1,1,2026-09-07 14:30:17.599999905+00:00,6.493383332093557
1788791903.586,1788791417.8,78.66115833333333,16.93404083333333,True,1,1,2026-09-07 14:30:17.799999952+00:00,6.496683331330617
1788791903.787,1788791418.0,78.66116016666666,16.9340255,True,1,1,2026-09-07 14:30:18+00:00,6.500033330917359
1788791903.987,1788791418.2,78.66116183333334,16.934010166666667,True,1,1,2026-09-07 14:30:18.200000048+00:00,6.50336666504542
1788791904.187,1788791418.4,78.66116366666667,16.933994833333333,True,1,1,2026-09-07 14:30:18.400000095+00:00,6.506699999173482
1788791904.388,1788791418.6,78.66116533333334,16.933979833333336,True,1,1,2026-09-07 14:30:18.599999905+00:00,6.510049998760223
1788791904.586,1788791418.8,78.66116699999999,16.933964500000002,True,1,1,2026-09-07 14:30:18.799999952+00:00,6.513349997997284
1788791904.785,1788791419.0,78.66116883333333,16.9339495,True,1,1,2026-09-07 14:30:19+00:00,6.516666666666667
1788791904.984,1788791419.2,78.6611705,16.933934166666667,True,1,1,2026-09-07 14:30:19.200000048+00:00,6.519983331362407
1788791905.182,1788791419.4,78.66117233333333,16.933919166666666,True,1,1,2026-09-07 14:30:19.400000095+00:00,6.523283330599467
1788791905.385,1788791419.6,78.661174,16.933904,True,1,1,2026-09-07 14:30:19.599999905+00:00,6.52666666507721
1788791905.584,1788791419.8,78.66117583333333,16.933888833333334,True,1,1,2026-09-07 14:30:19.799999952+00:00,6.529983333746592
1788791905.786,1788791420.0,78.6611775,16.933873666666667,True,1,1,2026-09-07 14:30:20+00:00,6.533349998792013
1788791905.987,1788791420.2,78.66117933333334,16.9338585,True,1,1,2026-09-07 14:30:20.200000048+00:00,6.5366999983787535
1788791906.186,1788791420.4,78.661181,16.933843500000002,True,1,1,2026-09-07 14:30:20.400000095+00:00,6.540016667048136
1788791906.387,1788791420.6,78.66118283333334,16.933828166666668,True,1,1,2026-09-07 14:30:20.599999905+00:00,6.543366666634878
1788791906.584,1788791420.8,78.6611845,16.933813,True,1,1,2026-09-07 14:30:20.799999952+00:00,6.546650000413259
1788791906.787,1788791421.0,78.66118633333333,16.933797666666667,True,1,1,2026-09-07 14:30:21+00:00,6.550033330917358
1788791906.989,1788791421.2,78.66118816666668,16.933782666666666,True,1,1,2026-09-07 14:30:21.200000048+00:00,6.553399999936421
1788791907.186,1788791421.4,78.66118983333334,16.93376783333333,True,1,1,2026-09-07 14:30:21.400000095+00:00,6.556683333714803
1788791907.387,1788791421.6,78.66119166666667,16.933752666666667,True,1,1,2026-09-07 14:30:21.599999905+00:00,6.560033333301544
1788791907.587,1788791421.8,78.66119350000001,16.9337375,True,1,1,2026-09-07 14:30:21.799999952+00:00,6.563366663455963
1788791907.808,1788791422.0,78.66119533333334,16.933722333333332,True,1,1,2026-09-07 14:30:22+00:00,6.567050000031789
1788791907.984,1788791422.2,78.66119716666667,16.933707333333334,True,1,1,2026-09-07 14:30:22.200000048+00:00,6.5699833313624065
1788791908.186,1788791422.4,78.661199,16.933692333333333,True,1,1,2026-09-07 14:30:22.400000095+00:00,6.5733500003814695
1788791908.387,1788791422.6,78.66120066666667,16.933677166666666,True,1,1,2026-09-07 14:30:22.599999905+00:00,6.576699999968211
1788791908.586,1788791422.8,78.6612025,16.933662,True,1,1,2026-09-07 14:30:22.799999952+00:00,6.58001666466395
1788791908.786,1788791423.0,78.6612045,16.933647,True,1,1,2026-09-07 14:30:23+00:00,6.583349998792013
1788791908.984,1788791423.2,78.66120633333334,16.933632333333332,True,1,1,2026-09-07 14:30:23.200000048+00:00,6.586649998029073
1788791909.186,1788791423.4,78.66120816666667,16.933617333333334,True,1,1,2026-09-07 14:30:23.400000095+00:00,6.590016667048136
1788791909.385,1788791423.6,78.66121,16.9336025,True,1,1,2026-09-07 14:30:23.599999905+00:00,6.593333331743876
1788791909.585,1788791423.8,78.66121183333333,16.93358733333333,True,1,1,2026-09-07 14:30:23.799999952+00:00,6.596666665871938
1788791909.786,1788791424.0,78.66121383333333,16.9335725,True,1,1,2026-09-07 14:30:24+00:00,6.600016665458679
1788791909.985,1788791424.2,78.66121566666668,16.933557666666665,True,1,1,2026-09-07 14:30:24.200000048+00:00,6.603333330154419
1788791910.186,1788791424.4,78.6612175,16.933543,True,1,1,2026-09-07 14:30:24.400000095+00:00,6.606683333714803
1788791910.387,1788791424.6,78.6612195,16.933528000000003,True,1,1,2026-09-07 14:30:24.599999905+00:00,6.610033333301544
1788791910.586,1788791424.8,78.66122133333333,16.933513333333334,True,1,1,2026-09-07 14:30:24.799999952+00:00,6.613349997997284
1788791910.784,1788791425.0,78.66122316666666,16.9334985,True,1,1,2026-09-07 14:30:25+00:00,6.616649997234345
1788791910.99,1788791425.2,78.661225,16.933484,True,1,1,2026-09-07 14:30:25.200000048+00:00,6.620083332061768
1788791911.187,1788791425.4,78.661227,16.933469166666665,True,1,1,2026-09-07 14:30:25.400000095+00:00,6.623366665840149
1788791911.386,1788791425.6,78.66122883333334,16.9334545,True,1,1,2026-09-07 14:30:25.599999905+00:00,6.626683330535888
1788791911.585,1788791425.8,78.66123083333333,16.933439833333335,True,1,1,2026-09-07 14:30:25.799999952+00:00,6.629999999205271
1788791911.788,1788791426.0,78.66123266666666,16.933425166666666,True,1,1,2026-09-07 14:30:26+00:00,6.633383333683014
1788791911.991,1788791426.2,78.66123466666666,16.933410499999997,True,1,1,2026-09-07 14:30:26.200000048+00:00,6.636766664187113
1788791912.186,1788791426.4,78.6612365,16.93339566666667,True,1,1,2026-09-07 14:30:26.400000095+00:00,6.640016667048136
1788791912.385,1788791426.6,78.66123850000001,16.933380833333334,True,1,1,2026-09-07 14:30:26.599999905+00:00,6.643333331743876
1788791912.586,1788791426.8,78.6612405,16.933366166666666,True,1,1,2026-09-07 14:30:26.799999952+00:00,6.6466833313306175
1788791912.787,1788791427.0,78.6612425,16.9333515,True,1,1,2026-09-07 14:30:27+00:00,6.650033330917358
1788791912.986,1788791427.2,78.66124450000001,16.933336833333332,True,1,1,2026-09-07 14:30:27.200000048+00:00,6.653349999586741
1788791913.186,1788791427.4,78.66124633333334,16.933322166666667,True,1,1,2026-09-07 14:30:27.400000095+00:00,6.6566833337148035
1788791913.385,1788791427.6,78.66124833333333,16.933307666666668,True,1,1,2026-09-07 14:30:27.599999905+00:00,6.659999998410543
1788791913.582,1788791427.8,78.66125033333333,16.933293,True,1,1,2026-09-07 14:30:27.799999952+00:00,6.663283332188924
1788791913.786,1788791428.0,78.66125233333334,16.93327833333333,True,1,1,2026-09-07 14:30:28+00:00,6.666683332125346
1788791913.987,1788791428.2,78.66125433333333,16.933263833333335,True,1,1,2026-09-07 14:30:28.200000048+00:00,6.670033331712087
1788791914.186,1788791428.4,78.66125633333333,16.933249333333332,True,1,1,2026-09-07 14:30:28.400000095+00:00,6.67335000038147
1788791914.386,1788791428.6,78.66125833333334,16.93323516666667,True,1,1,2026-09-07 14:30:28.599999905+00:00,6.676683330535889
1788791914.588,1788791428.8,78.66126033333333,16.9332205,True,1,1,2026-09-07 14:30:28.799999952+00:00,6.680049999554952
1788791914.787,1788791429.0,78.6612625,16.933206,True,1,1,2026-09-07 14:30:29+00:00,6.683366664250692
1788791914.984,1788791429.2,78.66126433333334,16.933191500000003,True,1,1,2026-09-07 14:30:29.200000048+00:00,6.686649998029073
1788791915.186,1788791429.4,78.6612665,16.933177166666667,True,1,1,2026-09-07 14:30:29.400000095+00:00,6.690016667048137
1788791915.387,1788791429.6,78.6612685,16.93316283333333,True,1,1,2026-09-07 14:30:29.599999905+00:00,6.693366666634877
1788791915.585,1788791429.8,78.6612705,16.9331485,True,1,1,2026-09-07 14:30:29.799999952+00:00,6.6966666658719385
1788791915.786,1788791430.0,78.6612725,16.933134,True,1,1,2026-09-07 14:30:30+00:00,6.700016665458679
1788791915.986,1788791430.2,78.6612745,16.933119833333333,True,1,1,2026-09-07 14:30:30.200000048+00:00,6.703349999586741
1788791916.183,1788791430.4,78.6612765,16.933105666666666,True,1,1,2026-09-07 14:30:30.400000095+00:00,6.706633333365122
1788791916.384,1788791430.6,78.6612785,16.933091333333333,True,1,1,2026-09-07 14:30:30.599999905+00:00,6.709983332951864
1788791916.584,1788791430.8,78.6612805,16.933077,True,1,1,2026-09-07 14:30:30.799999952+00:00,6.713316667079925
1788791916.787,1788791431.0,78.6612825,16.933062666666668,True,1,1,2026-09-07 14:30:31+00:00,6.716699997584025
1788791916.986,1788791431.2,78.66128466666667,16.933048166666666,True,1,1,2026-09-07 14:30:31.200000048+00:00,6.720016666253408
1788791917.185,1788791431.4,78.66128666666667,16.933033666666667,True,1,1,2026-09-07 14:30:31.400000095+00:00,6.723333330949147
1788791917.387,1788791431.6,78.66128866666666,16.933019166666668,True,1,1,2026-09-07 14:30:31.599999905+00:00,6.72669999996821
1788791917.595,1788791431.8,78.66129066666667,16.933004666666665,True,1,1,2026-09-07 14:30:31.799999952+00:00,6.730166665712992
1788791917.786,1788791432.0,78.66129283333333,16.93299,True,1,1,2026-09-07 14:30:32+00:00,6.733349998792012
1788791917.985,1788791432.2,78.66129483333334,16.9329755,True,1,1,2026-09-07 14:30:32.200000048+00:00,6.736666663487752
1788791918.184,1788791432.4,78.66129683333334,16.932960833333333,True,1,1,2026-09-07 14:30:32.400000095+00:00,6.739983332157135
1788791918.385,1788791432.6,78.66129883333333,16.932946333333334,True,1,1,2026-09-07 14:30:32.599999905+00:00,6.743333331743876
1788791918.586,1788791432.8,78.66130083333334,16.932931833333335,True,1,1,2026-09-07 14:30:32.799999952+00:00,6.746683331330617
1788791918.787,1788791433.0,78.66130283333334,16.9329175,True,1,1,2026-09-07 14:30:33+00:00,6.750033330917359
1788791918.983,1788791433.2,78.66130483333333,16.932902833333333,True,1,1,2026-09-07 14:30:33.200000048+00:00,6.75329999923706
1788791919.186,1788791433.4,78.66130683333334,16.932888333333334,True,1,1,2026-09-07 14:30:33.400000095+00:00,6.756683333714803
1788791919.386,1788791433.6,78.66130883333334,16.932873833333336,True,1,1,2026-09-07 14:30:33.599999905+00:00,6.760016663869222
1788791919.585,1788791433.8,78.66131083333333,16.932859333333333,True,1,1,2026-09-07 14:30:33.799999952+00:00,6.763333332538605
1788791919.786,1788791434.0,78.66131283333334,16.932844833333334,True,1,1,2026-09-07 14:30:34+00:00,6.7666833321253455
1788791919.985,1788791434.2,78.66131483333334,16.9328305,True,1,1,2026-09-07 14:30:34.200000048+00:00,6.7699999968210856
1788791920.184,1788791434.4,78.66131683333333,16.932816166666665,True,1,1,2026-09-07 14:30:34.400000095+00:00,6.773316665490468
1788791920.383,1788791434.6,78.66131883333334,16.9328015,True,1,1,2026-09-07 14:30:34.599999905+00:00,6.7766333301862085
1788791920.584,1788791434.8,78.66132083333333,16.932787,True,1,1,2026-09-07 14:30:34.799999952+00:00,6.779983333746592
1788791920.782,1788791435.0,78.66132266666666,16.9327725,True,1,1,2026-09-07 14:30:35+00:00,6.783283332983653
1788791920.986,1788791435.2,78.66132466666666,16.932758,True,1,1,2026-09-07 14:30:35.200000048+00:00,6.786683332920075
1788791921.184,1788791435.4,78.66132666666667,16.932743333333335,True,1,1,2026-09-07 14:30:35.400000095+00:00,6.789983332157135
1788791921.386,1788791435.6,78.66132866666666,16.932728833333332,True,1,1,2026-09-07 14:30:35.599999905+00:00,6.793349997202555
1788791921.585,1788791435.8,78.66133066666666,16.932714166666663,True,1,1,2026-09-07 14:30:35.799999952+00:00,6.796666665871938
1788791921.783,1788791436.0,78.66133266666667,16.932699666666668,True,1,1,2026-09-07 14:30:36+00:00,6.7999666651089985
1788791921.985,1788791436.2,78.66133466666666,16.932685,True,1,1,2026-09-07 14:30:36.200000048+00:00,6.803333330154419
1788791922.186,1788791436.4,78.66133666666666,16.93267033333333,True,1,1,2026-09-07 14:30:36.400000095+00:00,6.806683333714803
1788791922.385,1788791436.6,78.66133866666668,16.93265566666667,True,1,1,2026-09-07 14:30:36.599999905+00:00,6.809999998410543
1788791922.584,1788791436.8,78.66134066666667,16.932641,True,1,1,2026-09-07 14:30:36.799999952+00:00,6.813316667079926
1788791922.786,1788791437.0,78.66134266666667,16.932626333333335,True,1,1,2026-09-07 14:30:37+00:00,6.816683332125346
1788791922.984,1788791437.2,78.66134466666668,16.932611666666666,True,1,1,2026-09-07 14:30:37.200000048+00:00,6.8199833313624065
1788791923.183,1788791437.4,78.66134666666667,16.932597166666667,True,1,1,2026-09-07 14:30:37.400000095+00:00,6.823300000031789
1788791923.386,1788791437.6,78.66134866666667,16.932582500000002,True,1,1,2026-09-07 14:30:37.599999905+00:00,6.8266833305358885
1788791923.585,1788791437.8,78.66135066666668,16.932567833333334,True,1,1,2026-09-07 14:30:37.799999952+00:00,6.829999999205271
1788791923.785,1788791438.0,78.66135266666667,16.93255333333333,True,1,1,2026-09-07 14:30:38+00:00,6.833333333333333
1788791923.985,1788791438.2,78.66135466666667,16.93253866666667,True,1,1,2026-09-07 14:30:38.200000048+00:00,6.836666663487752
1788791924.186,1788791438.4,78.66135666666668,16.932524,True,1,1,2026-09-07 14:30:38.400000095+00:00,6.840016667048136
1788791924.385,1788791438.6,78.66135866666667,16.9325095,True,1,1,2026-09-07 14:30:38.599999905+00:00,6.843333331743876
1788791924.582,1788791438.8,78.6613605,16.932495,True,1,1,2026-09-07 14:30:38.799999952+00:00,6.846616665522258
1788791924.785,1788791439.0,78.6613625,16.9324805,True,1,1,2026-09-07 14:30:39+00:00,6.85
1788791924.984,1788791439.2,78.6613645,16.93246583333333,True,1,1,2026-09-07 14:30:39.200000048+00:00,6.85331666469574
1788791925.184,1788791439.4,78.6613665,16.932451,True,1,1,2026-09-07 14:30:39.400000095+00:00,6.856649998823801
1788791925.405,1788791439.6,78.6613685,16.932436499999998,True,1,1,2026-09-07 14:30:39.599999905+00:00,6.860333331425985
1788791925.585,1788791439.8,78.6613705,16.932421666666666,True,1,1,2026-09-07 14:30:39.799999952+00:00,6.863333332538605
1788791925.785,1788791440.0,78.6613725,16.932407166666668,True,1,1,2026-09-07 14:30:40+00:00,6.866666666666666
1788791925.986,1788791440.2,78.6613745,16.9323925,True,1,1,2026-09-07 14:30:40.200000048+00:00,6.870016666253408
1788791926.186,1788791440.4,78.66137633333332,16.93237783333333,True,1,1,2026-09-07 14:30:40.400000095+00:00,6.873350000381469
1788791926.406,1788791440.6,78.66137833333333,16.932363000000002,True,1,1,2026-09-07 14:30:40.599999905+00:00,6.877016663551331
1788791926.586,1788791440.8,78.66138033333333,16.9323485,True,1,1,2026-09-07 14:30:40.799999952+00:00,6.880016664663951
1788791926.786,1788791441.0,78.66138233333332,16.932333833333335,True,1,1,2026-09-07 14:30:41+00:00,6.883349998792013
1788791926.985,1788791441.2,78.66138433333334,16.932319166666666,True,1,1,2026-09-07 14:30:41.200000048+00:00,6.886666663487753
1788791927.184,1788791441.4,78.66138633333334,16.9323045,True,1,1,2026-09-07 14:30:41.400000095+00:00,6.889983332157135
1788791927.383,1788791441.6,78.66138833333333,16.932289833333336,True,1,1,2026-09-07 14:30:41.599999905+00:00,6.893299996852875
1788791927.585,1788791441.8,78.66139033333334,16.932275166666667,True,1,1,2026-09-07 14:30:41.799999952+00:00,6.896666665871938
1788791927.786,1788791442.0,78.66139216666667,16.932260499999998,True,1,1,2026-09-07 14:30:42+00:00,6.900016665458679
1788791927.986,1788791442.2,78.66139416666667,16.932245833333333,True,1,1,2026-09-07 14:30:42.200000048+00:00,6.903349999586741
1788791928.185,1788791442.4,78.66139616666666,16.932231166666668,True,1,1,2026-09-07 14:30:42.400000095+00:00,6.906666664282481
1788791928.386,1788791442.6,78.66139816666667,16.9322165,True,1,1,2026-09-07 14:30:42.599999905+00:00,6.910016663869222
1788791928.584,1788791442.8,78.6614,16.9322015,True,1,1,2026-09-07 14:30:42.799999952+00:00,6.9133166670799255
1788791928.784,1788791443.0,78.661402,16.932186833333333,True,1,1,2026-09-07 14:30:43+00:00,6.9166499972343445
1788791928.986,1788791443.2,78.66140399999999,16.932172166666664,True,1,1,2026-09-07 14:30:43.200000048+00:00,6.9200166662534075
1788791929.185,1788791443.4,78.66140583333335,16.932157500000002,True,1,1,2026-09-07 14:30:43.400000095+00:00,6.923333330949148
1788791929.386,1788791443.6,78.66140783333334,16.932142833333334,True,1,1,2026-09-07 14:30:43.599999905+00:00,6.926683330535889
1788791929.585,1788791443.8,78.66140983333334,16.932128,True,1,1,2026-09-07 14:30:43.799999952+00:00,6.929999999205271
1788791929.785,1788791444.0,78.66141166666667,16.932113166666667,True,1,1,2026-09-07 14:30:44+00:00,6.933333333333334
1788791929.985,1788791444.2,78.66141366666668,16.9320985,True,1,1,2026-09-07 14:30:44.200000048+00:00,6.9366666634877525
1788791930.186,1788791444.4,78.66141566666667,16.932083833333333,True,1,1,2026-09-07 14:30:44.400000095+00:00,6.940016667048137
1788791930.387,1788791444.6,78.6614175,16.93206916666667,True,1,1,2026-09-07 14:30:44.599999905+00:00,6.943366666634877
1788791930.586,1788791444.8,78.6614195,16.9320545,True,1,1,2026-09-07 14:30:44.799999952+00:00,6.946683331330617
1788791930.788,1788791445.0,78.66142133333332,16.932039666666665,True,1,1,2026-09-07 14:30:45+00:00,6.95005000034968
1788791930.984,1788791445.2,78.66142333333333,16.932025,True,1,1,2026-09-07 14:30:45.200000048+00:00,6.953316664695739
1788791931.186,1788791445.4,78.66142533333333,16.932010166666664,True,1,1,2026-09-07 14:30:45.400000095+00:00,6.956683333714803
1788791931.385,1788791445.6,78.66142716666667,16.931995333333337,True,1,1,2026-09-07 14:30:45.599999905+00:00,6.9599999984105425
1788791931.585,1788791445.8,78.66142916666666,16.9319805,True,1,1,2026-09-07 14:30:45.799999952+00:00,6.963333332538605
1788791931.787,1788791446.0,78.661431,16.931965833333333,True,1,1,2026-09-07 14:30:46+00:00,6.966699997584025
1788791931.986,1788791446.2,78.661433,16.931950833333335,True,1,1,2026-09-07 14:30:46.200000048+00:00,6.970016666253408
1788791932.185,1788791446.4,78.661435,16.931936,True,1,1,2026-09-07 14:30:46.400000095+00:00,6.973333330949147
1788791932.386,1788791446.6,78.66143683333333,16.931921166666665,True,1,1,2026-09-07 14:30:46.599999905+00:00,6.976683330535889
1788791932.594,1788791446.8,78.66143883333334,16.931906333333334,True,1,1,2026-09-07 14:30:46.799999952+00:00,6.980150000254313
1788791932.783,1788791447.0,78.66144066666668,16.931891333333333,True,1,1,2026-09-07 14:30:47+00:00,6.983299998442332
1788791932.985,1788791447.2,78.66144266666667,16.931876499999998,True,1,1,2026-09-07 14:30:47.200000048+00:00,6.986666663487752
1788791933.185,1788791447.4,78.66144466666667,16.9318615,True,1,1,2026-09-07 14:30:47.400000095+00:00,6.989999997615814
1788791933.386,1788791447.6,78.6614465,16.93184666666667,True,1,1,2026-09-07 14:30:47.599999905+00:00,6.9933499972025555
1788791933.585,1788791447.8,78.6614485,16.931832,True,1,1,2026-09-07 14:30:47.799999952+00:00,6.996666665871938
1788791933.786,1788791448.0,78.66145033333333,16.931817000000002,True,1,1,2026-09-07 14:30:48+00:00,7.000016665458679
1788791933.987,1788791448.2,78.66145233333333,16.931802,True,1,1,2026-09-07 14:30:48.200000048+00:00,7.00336666504542
1788791934.181,1788791448.4,78.66145416666667,16.931787166666666,True,1,1,2026-09-07 14:30:48.400000095+00:00,7.006599998474121
1788791934.384,1788791448.6,78.66145616666667,16.9317725,True,1,1,2026-09-07 14:30:48.599999905+00:00,7.0099833329518635
1788791934.584,1788791448.8,78.661458,16.9317575,True,1,1,2026-09-07 14:30:48.799999952+00:00,7.013316667079925
1788791934.784,1788791449.0,78.66146,16.931742666666665,True,1,1,2026-09-07 14:30:49+00:00,7.016649997234344
1788791934.985,1788791449.2,78.661462,16.931727833333333,True,1,1,2026-09-07 14:30:49.200000048+00:00,7.0199999968210856
1788791935.184,1788791449.4,78.66146383333333,16.931713,True,1,1,2026-09-07 14:30:49.400000095+00:00,7.023316665490468
1788791935.385,1788791449.6,78.66146583333332,16.931697999999997,True,1,1,2026-09-07 14:30:49.599999905+00:00,7.02666666507721
1788791935.583,1788791449.8,78.66146766666667,16.931683,True,1,1,2026-09-07 14:30:49.799999952+00:00,7.02996666431427
1788791935.786,1788791450.0,78.66146966666666,16.931668,True,1,1,2026-09-07 14:30:50+00:00,7.033349998792013
1788791935.987,1788791450.2,78.6614715,16.931653166666667,True,1,1,2026-09-07 14:30:50.200000048+00:00,7.0366999983787535
1788791936.186,1788791450.4,78.6614735,16.931638333333336,True,1,1,2026-09-07 14:30:50.400000095+00:00,7.040016667048136
1788791936.386,1788791450.6,78.66147533333333,16.931623166666668,True,1,1,2026-09-07 14:30:50.599999905+00:00,7.043349997202555
1788791936.585,1788791450.8,78.66147733333334,16.931608333333333,True,1,1,2026-09-07 14:30:50.799999952+00:00,7.046666665871938
1788791936.786,1788791451.0,78.66147933333333,16.93159316666667,True,1,1,2026-09-07 14:30:51+00:00,7.0500166654586796
1788791936.984,1788791451.2,78.66148116666666,16.931578166666668,True,1,1,2026-09-07 14:30:51.200000048+00:00,7.05331666469574
1788791937.185,1788791451.4,78.66148316666666,16.931563333333333,True,1,1,2026-09-07 14:30:51.400000095+00:00,7.0566666642824805
1788791937.386,1788791451.6,78.661485,16.931548333333335,True,1,1,2026-09-07 14:30:51.599999905+00:00,7.060016663869222
1788791937.586,1788791451.8,78.66148700000001,16.931533333333334,True,1,1,2026-09-07 14:30:51.799999952+00:00,7.063349997997284
1788791937.786,1788791452.0,78.66148883333334,16.931518333333333,True,1,1,2026-09-07 14:30:52+00:00,7.066683332125346
1788791937.986,1788791452.2,78.66149083333333,16.931503333333335,True,1,1,2026-09-07 14:30:52.200000048+00:00,7.070016666253408
1788791938.185,1788791452.4,78.66149266666666,16.931488333333334,True,1,1,2026-09-07 14:30:52.400000095+00:00,7.073333330949148
1788791938.382,1788791452.6,78.66149449999999,16.9314735,True,1,1,2026-09-07 14:30:52.599999905+00:00,7.076616664727529
1788791938.606,1788791452.8,78.66149650000001,16.9314585,True,1,1,2026-09-07 14:30:52.799999952+00:00,7.080349997679392
1788791938.785,1788791453.0,78.66149850000001,16.931443333333334,True,1,1,2026-09-07 14:30:53+00:00,7.083333333333333
1788791938.986,1788791453.2,78.66150033333334,16.931428333333333,True,1,1,2026-09-07 14:30:53.200000048+00:00,7.0866833329200745
1788791939.185,1788791453.4,78.66150233333333,16.931413333333335,True,1,1,2026-09-07 14:30:53.400000095+00:00,7.089999997615815
1788791939.385,1788791453.6,78.66150416666666,16.9313985,True,1,1,2026-09-07 14:30:53.599999905+00:00,7.093333331743876
1788791939.585,1788791453.8,78.66150616666667,16.931383666666665,True,1,1,2026-09-07 14:30:53.799999952+00:00,7.096666665871938
1788791939.786,1788791454.0,78.66150816666666,16.931368666666668,True,1,1,2026-09-07 14:30:54+00:00,7.100016665458679
1788791939.986,1788791454.2,78.66150999999999,16.931353666666666,True,1,1,2026-09-07 14:30:54.200000048+00:00,7.103349999586741
1788791940.186,1788791454.4,78.66151199999999,16.931338666666665,True,1,1,2026-09-07 14:30:54.400000095+00:00,7.106683333714803
1788791940.386,1788791454.6,78.66151383333333,16.931323666666668,True,1,1,2026-09-07 14:30:54.599999905+00:00,7.110016663869222
1788791940.585,1788791454.8,78.66151583333334,16.931308833333333,True,1,1,2026-09-07 14:30:54.799999952+00:00,7.113333332538605
1788791940.784,1788791455.0,78.66151766666667,16.93129383333333,True,1,1,2026-09-07 14:30:55+00:00,7.116649997234345
1788791940.981,1788791455.2,78.66151966666666,16.931278833333334,True,1,1,2026-09-07 14:30:55.200000048+00:00,7.119933331012726
1788791941.182,1788791455.4,78.66152149999999,16.931263833333333,True,1,1,2026-09-07 14:30:55.400000095+00:00,7.123283330599467
1788791941.385,1788791455.6,78.6615235,16.931248999999998,True,1,1,2026-09-07 14:30:55.599999905+00:00,7.1266666650772095
1788791941.584,1788791455.8,78.66152533333334,16.931234333333336,True,1,1,2026-09-07 14:30:55.799999952+00:00,7.129983333746592
1788791941.787,1788791456.0,78.66152716666667,16.931219333333335,True,1,1,2026-09-07 14:30:56+00:00,7.133366664250691
1788791941.984,1788791456.2,78.661529,16.931204333333334,True,1,1,2026-09-07 14:30:56.200000048+00:00,7.136649998029073
1788791942.184,1788791456.4,78.66153083333333,16.931189333333336,True,1,1,2026-09-07 14:30:56.400000095+00:00,7.139983332157135
1788791942.384,1788791456.6,78.66153266666667,16.9311745,True,1,1,2026-09-07 14:30:56.599999905+00:00,7.143316666285197
1788791942.584,1788791456.8,78.6615345,16.931159333333333,True,1,1,2026-09-07 14:30:56.799999952+00:00,7.146650000413259
1788791942.787,1788791457.0,78.66153633333333,16.931144166666666,True,1,1,2026-09-07 14:30:57+00:00,7.150033330917358
1788791942.985,1788791457.2,78.66153816666666,16.931129,True,1,1,2026-09-07 14:30:57.200000048+00:00,7.153333330154419
1788791943.183,1788791457.4,78.66153983333334,16.931113666666665,True,1,1,2026-09-07 14:30:57.400000095+00:00,7.156633333365122
1788791943.384,1788791457.6,78.66154166666666,16.931098666666667,True,1,1,2026-09-07 14:30:57.599999905+00:00,7.159983332951864
1788791943.583,1788791457.8,78.66154333333334,16.9310835,True,1,1,2026-09-07 14:30:57.799999952+00:00,7.163299997647603
1788791943.783,1788791458.0,78.66154499999999,16.931068,True,1,1,2026-09-07 14:30:58+00:00,7.166633331775666
1788791943.984,1788791458.2,78.66154683333333,16.93105266666667,True,1,1,2026-09-07 14:30:58.200000048+00:00,7.169983331362406
1788791944.186,1788791458.4,78.66154833333333,16.931037166666666,True,1,1,2026-09-07 14:30:58.400000095+00:00,7.17335000038147
1788791944.384,1788791458.6,78.66155,16.931021833333332,True,1,1,2026-09-07 14:30:58.599999905+00:00,7.1766499996185305
1788791944.586,1788791458.8,78.66155166666667,16.931006500000002,True,1,1,2026-09-07 14:30:58.799999952+00:00,7.180016664663951
1788791944.786,1788791459.0,78.66155333333333,16.930990666666666,True,1,1,2026-09-07 14:30:59+00:00,7.183349998792012
1788791944.986,1788791459.2,78.66155499999999,16.930975333333333,True,1,1,2026-09-07 14:30:59.200000048+00:00,7.186683332920074
1788791945.185,1788791459.4,78.66155666666667,16.930959833333336,True,1,1,2026-09-07 14:30:59.400000095+00:00,7.189999997615814
1788791945.386,1788791459.6,78.66155833333333,16.9309445,True,1,1,2026-09-07 14:30:59.599999905+00:00,7.193349997202556
1788791945.585,1788791459.8,78.66156,16.930929,True,1,1,2026-09-07 14:30:59.799999952+00:00,7.1966666658719385
1788791945.785,1788791460.0,78.66156183333332,16.9309135,True,1,1,2026-09-07 14:31:00+00:00,7.2
1788791945.991,1788791460.2,78.6615635,16.930898,True,1,1,2026-09-07 14:31:00.200000048+00:00,7.20343333085378
1788791946.185,1788791460.4,78.66156516666666,16.930882333333333,True,1,1,2026-09-07 14:31:00.400000095+00:00,7.206666664282481
1788791946.383,1788791460.6,78.66156683333334,16.930866666666667,True,1,1,2026-09-07 14:31:00.599999905+00:00,7.209966663519541
1788791946.582,1788791460.8,78.6615685,16.930851166666667,True,1,1,2026-09-07 14:31:00.799999952+00:00,7.213283332188924
1788791946.785,1788791461.0,78.66157016666666,16.930835333333334,True,1,1,2026-09-07 14:31:01+00:00,7.216666666666667
1788791946.985,1788791461.2,78.66157183333333,16.930819666666665,True,1,1,2026-09-07 14:31:01.200000048+00:00,7.219999996821086
1788791947.186,1788791461.4,78.6615735,16.930804000000002,True,1,1,2026-09-07 14:31:01.400000095+00:00,7.22335000038147
1788791947.385,1788791461.6,78.66157516666667,16.930788500000002,True,1,1,2026-09-07 14:31:01.599999905+00:00,7.226666665077209
1788791947.593,1788791461.8,78.66157683333333,16.930772666666666,True,1,1,2026-09-07 14:31:01.799999952+00:00,7.230133330821991
1788791947.785,1788791462.0,78.66157849999999,16.930757000000003,True,1,1,2026-09-07 14:31:02+00:00,7.233333333333333
1788791947.983,1788791462.2,78.66158,16.930741,True,1,1,2026-09-07 14:31:02.200000048+00:00,7.236633332570394
1788791948.184,1788791462.4,78.66158166666668,16.93072533333333,True,1,1,2026-09-07 14:31:02.400000095+00:00,7.239983332157135
1788791948.385,1788791462.6,78.66158333333333,16.930709666666665,True,1,1,2026-09-07 14:31:02.599999905+00:00,7.243333331743876
1788791948.585,1788791462.8,78.661585,16.930693833333333,True,1,1,2026-09-07 14:31:02.799999952+00:00,7.246666665871938
1788791948.786,1788791463.0,78.66158666666666,16.930678,True,1,1,2026-09-07 14:31:03+00:00,7.250016665458679
1788791948.986,1788791463.2,78.66158833333334,16.9306625,True,1,1,2026-09-07 14:31:03.200000048+00:00,7.253349999586741
1788791949.185,1788791463.4,78.66158999999999,16.930646666666668,True,1,1,2026-09-07 14:31:03.400000095+00:00,7.256666664282481
1788791949.383,1788791463.6,78.66159166666667,16.930631166666668,True,1,1,2026-09-07 14:31:03.599999905+00:00,7.259966663519541
1788791949.584,1788791463.8,78.66159333333333,16.9306155,True,1,1,2026-09-07 14:31:03.799999952+00:00,7.263316667079925
1788791949.785,1788791464.0,78.661595,16.930600000000002,True,1,1,2026-09-07 14:31:04+00:00,7.266666666666667
1788791949.985,1788791464.2,78.66159666666667,16.930584500000002,True,1,1,2026-09-07 14:31:04.200000048+00:00,7.2699999968210856
1788791950.186,1788791464.4,78.66159850000001,16.930568666666666,True,1,1,2026-09-07 14:31:04.400000095+00:00,7.27335000038147
1788791950.386,1788791464.6,78.66160016666666,16.930553166666666,True,1,1,2026-09-07 14:31:04.599999905+00:00,7.276683330535889
1788791950.585,1788791464.8,78.66160183333334,16.930537666666666,True,1,1,2026-09-07 14:31:04.799999952+00:00,7.2799999992052715
1788791950.782,1788791465.0,78.6616035,16.930522166666666,True,1,1,2026-09-07 14:31:05+00:00,7.283283332983653
1788791950.985,1788791465.2,78.661605,16.9305065,True,1,1,2026-09-07 14:31:05.200000048+00:00,7.286666663487752
1788791951.183,1788791465.4,78.66160666666666,16.930491,True,1,1,2026-09-07 14:31:05.400000095+00:00,7.289966666698456
1788791951.386,1788791465.6,78.66160833333333,16.930475333333334,True,1,1,2026-09-07 14:31:05.599999905+00:00,7.293349997202555
1788791951.584,1788791465.8,78.66161000000001,16.930459833333334,True,1,1,2026-09-07 14:31:05.799999952+00:00,7.296650000413259
1788791951.785,1788791466.0,78.66161166666667,16.930444333333334,True,1,1,2026-09-07 14:31:06+00:00,7.3
1788791951.984,1788791466.2,78.66161316666667,16.930428833333334,True,1,1,2026-09-07 14:31:06.200000048+00:00,7.30331666469574
1788791952.182,1788791466.4,78.66161483333333,16.930413333333334,True,1,1,2026-09-07 14:31:06.400000095+00:00,7.3066166639328
1788791952.384,1788791466.6,78.66161650000001,16.930397666666668,True,1,1,2026-09-07 14:31:06.599999905+00:00,7.309983332951863
1788791952.585,1788791466.8,78.66161816666666,16.930382166666668,True,1,1,2026-09-07 14:31:06.799999952+00:00,7.313333332538605
1788791952.785,1788791467.0,78.66161966666667,16.930366333333332,True,1,1,2026-09-07 14:31:07+00:00,7.316666666666666
1788791952.986,1788791467.2,78.66162133333334,16.9303505,True,1,1,2026-09-07 14:31:07.200000048+00:00,7.320016666253408
1788791953.186,1788791467.4,78.66162299999999,16.930334833333333,True,1,1,2026-09-07 14:31:07.400000095+00:00,7.3233500003814695
1788791953.389,1788791467.6,78.6616245,16.930319166666667,True,1,1,2026-09-07 14:31:07.599999905+00:00,7.3267333308855696
1788791953.586,1788791467.8,78.66162616666666,16.93030333333333,True,1,1,2026-09-07 14:31:07.799999952+00:00,7.33001666466395
1788791953.786,1788791468.0,78.66162766666666,16.930287333333336,True,1,1,2026-09-07 14:31:08+00:00,7.333349998792013
1788791953.984,1788791468.2,78.66162933333334,16.930271666666666,True,1,1,2026-09-07 14:31:08.200000048+00:00,7.336649998029073
1788791954.184,1788791468.4,78.66163083333332,16.930255666666667,True,1,1,2026-09-07 14:31:08.400000095+00:00,7.339983332157135
1788791954.386,1788791468.6,78.6616325,16.930239833333335,True,1,1,2026-09-07 14:31:08.599999905+00:00,7.343349997202555
1788791954.584,1788791468.8,78.66163416666667,16.930223833333333,True,1,1,2026-09-07 14:31:08.799999952+00:00,7.346650000413259
1788791954.784,1788791469.0,78.66163566666667,16.930208,True,1,1,2026-09-07 14:31:09+00:00,7.349983330567678
1788791954.981,1788791469.2,78.66163733333333,16.930192166666664,True,1,1,2026-09-07 14:31:09.200000048+00:00,7.35326666434606
1788791955.183,1788791469.4,78.66163883333334,16.930176333333335,True,1,1,2026-09-07 14:31:09.400000095+00:00,7.356633333365123
1788791955.384,1788791469.6,78.66164033333332,16.930160333333333,True,1,1,2026-09-07 14:31:09.599999905+00:00,7.359983332951864
1788791955.584,1788791469.8,78.661642,16.930144499999997,True,1,1,2026-09-07 14:31:09.799999952+00:00,7.363316667079926
1788791955.785,1788791470.0,78.66164350000001,16.930128500000002,True,1,1,2026-09-07 14:31:10+00:00,7.366666666666666
1788791955.986,1788791470.2,78.661645,16.9301125,True,1,1,2026-09-07 14:31:10.200000048+00:00,7.370016666253408
1788791956.186,1788791470.4,78.66164666666667,16.930096666666667,True,1,1,2026-09-07 14:31:10.400000095+00:00,7.373350000381469
1788791956.386,1788791470.6,78.66164816666667,16.930080666666665,True,1,1,2026-09-07 14:31:10.599999905+00:00,7.376683330535888
1788791956.586,1788791470.8,78.66164983333333,16.930064666666667,True,1,1,2026-09-07 14:31:10.799999952+00:00,7.380016664663951
1788791956.786,1788791471.0,78.66165133333334,16.9300485,True,1,1,2026-09-07 14:31:11+00:00,7.383349998792013
1788791956.985,1788791471.2,78.66165283333333,16.930032666666666,True,1,1,2026-09-07 14:31:11.200000048+00:00,7.386666663487753
1788791957.185,1788791471.4,78.6616545,16.930016666666667,True,1,1,2026-09-07 14:31:11.400000095+00:00,7.389999997615814
1788791957.385,1788791471.6,78.661656,16.93000066666667,True,1,1,2026-09-07 14:31:11.599999905+00:00,7.393333331743876
1788791957.581,1788791471.8,78.6616575,16.9299845,True,1,1,2026-09-07 14:31:11.799999952+00:00,7.396600000063578
1788791957.785,1788791472.0,78.661659,16.929968499999998,True,1,1,2026-09-07 14:31:12+00:00,7.4
1788791957.986,1788791472.2,78.66166066666666,16.929952333333333,True,1,1,2026-09-07 14:31:12.200000048+00:00,7.403349999586741
1788791958.185,1788791472.4,78.66166216666667,16.929936166666668,True,1,1,2026-09-07 14:31:12.400000095+00:00,7.406666664282481
1788791958.384,1788791472.6,78.66166366666667,16.929920166666665,True,1,1,2026-09-07 14:31:12.599999905+00:00,7.409983332951864
1788791958.586,1788791472.8,78.66166516666667,16.929904,True,1,1,2026-09-07 14:31:12.799999952+00:00,7.413349997997284
1788791958.785,1788791473.0,78.66166666666666,16.929887833333332,True,1,1,2026-09-07 14:31:13+00:00,7.416666666666667
1788791958.985,1788791473.2,78.66166816666667,16.929871666666667,True,1,1,2026-09-07 14:31:13.200000048+00:00,7.419999996821086
1788791959.186,1788791473.4,78.6616695,16.9298555,True,1,1,2026-09-07 14:31:13.400000095+00:00,7.42335000038147
1788791959.386,1788791473.6,78.661671,16.929839333333334,True,1,1,2026-09-07 14:31:13.599999905+00:00,7.426683330535889
1788791959.585,1788791473.8,78.6616725,16.929823166666665,True,1,1,2026-09-07 14:31:13.799999952+00:00,7.429999999205271
1788791959.785,1788791474.0,78.66167399999999,16.929807166666667,True,1,1,2026-09-07 14:31:14+00:00,7.433333333333334
1788791960.005,1788791474.2,78.6616755,16.929790833333335,True,1,1,2026-09-07 14:31:14.200000048+00:00,7.4370000004768375
1788791960.186,1788791474.4,78.661677,16.9297745,True,1,1,2026-09-07 14:31:14.400000095+00:00,7.440016667048137
1788791960.384,1788791474.6,78.66167833333334,16.929758333333332,True,1,1,2026-09-07 14:31:14.599999905+00:00,7.443316666285197
1788791960.586,1788791474.8,78.66167983333334,16.92974183333333,True,1,1,2026-09-07 14:31:14.799999952+00:00,7.446683331330617
1788791960.786,1788791475.0,78.66168133333333,16.9297255,True,1,1,2026-09-07 14:31:15+00:00,7.450016665458679
1788791960.985,1788791475.2,78.66168283333333,16.929709166666665,True,1,1,2026-09-07 14:31:15.200000048+00:00,7.453333330154419
1788791961.186,1788791475.4,78.66168416666666,16.929692666666664,True,1,1,2026-09-07 14:31:15.400000095+00:00,7.456683333714803
1788791961.384,1788791475.6,78.66168566666667,16.929676500000003,True,1,1,2026-09-07 14:31:15.599999905+00:00,7.459983332951864
1788791961.584,1788791475.8,78.66168716666667,16.929660166666668,True,1,1,2026-09-07 14:31:15.799999952+00:00,7.463316667079925
1788791961.785,1788791476.0,78.66168850000001,16.929643833333333,True,1,1,2026-09-07 14:31:16+00:00,7.466666666666667
1788791961.987,1788791476.2,78.66169,16.9296275,True,1,1,2026-09-07 14:31:16.200000048+00:00,7.470033331712087
1788791962.187,1788791476.4,78.6616915,16.929611,True,1,1,2026-09-07 14:31:16.400000095+00:00,7.473366665840149
1788791962.387,1788791476.6,78.66169283333333,16.929594666666667,True,1,1,2026-09-07 14:31:16.599999905+00:00,7.47669999996821
1788791962.594,1788791476.8,78.66169433333333,16.929578333333332,True,1,1,2026-09-07 14:31:16.799999952+00:00,7.480150000254313
1788791962.784,1788791477.0,78.66169566666667,16.92956183333333,True,1,1,2026-09-07 14:31:17+00:00,7.483316663901011
1788791962.985,1788791477.2,78.66169716666667,16.929545333333333,True,1,1,2026-09-07 14:31:17.200000048+00:00,7.486666663487752
1788791963.182,1788791477.4,78.6616985,16.929529,True,1,1,2026-09-07 14:31:17.400000095+00:00,7.489949997266134
1788791963.387,1788791477.6,78.66169983333333,16.929512666666668,True,1,1,2026-09-07 14:31:17.599999905+00:00,7.493366666634878
1788791963.587,1788791477.8,78.66170133333334,16.92949616666667,True,1,1,2026-09-07 14:31:17.799999952+00:00,7.496699996789297
1788791963.786,1788791478.0,78.66170266666667,16.92947966666667,True,1,1,2026-09-07 14:31:18+00:00,7.500016665458679
1788791963.987,1788791478.2,78.661704,16.929463166666668,True,1,1,2026-09-07 14:31:18.200000048+00:00,7.50336666504542
1788791964.192,1788791478.4,78.66170533333334,16.929446833333333,True,1,1,2026-09-07 14:31:18.400000095+00:00,7.506783330440522
1788791964.387,1788791478.6,78.66170666666667,16.929430333333336,True,1,1,2026-09-07 14:31:18.599999905+00:00,7.5100333333015445
1788791964.584,1788791478.8,78.661708,16.929413833333335,True,1,1,2026-09-07 14:31:18.799999952+00:00,7.513316667079925
1788791964.786,1788791479.0,78.66170933333333,16.9293975,True,1,1,2026-09-07 14:31:19+00:00,7.5166833321253455
1788791964.985,1788791479.2,78.66171083333333,16.929381,True,1,1,2026-09-07 14:31:19.200000048+00:00,7.5199999968210856
1788791965.187,1788791479.4,78.66171216666666,16.929364333333336,True,1,1,2026-09-07 14:31:19.400000095+00:00,7.523366665840149
1788791965.387,1788791479.6,78.66171349999999,16.929348,True,1,1,2026-09-07 14:31:19.599999905+00:00,7.526699999968211
1788791965.587,1788791479.8,78.66171483333332,16.9293315,True,1,1,2026-09-07 14:31:19.799999952+00:00,7.53003333012263
1788791965.784,1788791480.0,78.66171616666666,16.929314833333333,True,1,1,2026-09-07 14:31:20+00:00,7.533316663901011
1788791965.981,1788791480.2,78.6617175,16.929298333333335,True,1,1,2026-09-07 14:31:20.200000048+00:00,7.536599997679392
1788791966.184,1788791480.4,78.66171883333332,16.929281666666668,True,1,1,2026-09-07 14:31:20.400000095+00:00,7.539983332157135
1788791966.385,1788791480.6,78.66172,16.929265166666667,True,1,1,2026-09-07 14:31:20.599999905+00:00,7.543333331743876
1788791966.584,1788791480.8,78.66172133333333,16.92924866666667,True,1,1,2026-09-07 14:31:20.799999952+00:00,7.546650000413259
1788791966.786,1788791481.0,78.66172266666668,16.929232000000003,True,1,1,2026-09-07 14:31:21+00:00,7.5500166654586796
1788791966.985,1788791481.2,78.661724,16.9292155,True,1,1,2026-09-07 14:31:21.200000048+00:00,7.553333330154419
1788791967.186,1788791481.4,78.66172533333334,16.929199,True,1,1,2026-09-07 14:31:21.400000095+00:00,7.556683333714803
1788791967.386,1788791481.6,78.6617265,16.929182333333333,True,1,1,2026-09-07 14:31:21.599999905+00:00,7.560016663869222
1788791967.585,1788791481.8,78.66172783333333,16.929165666666666,True,1,1,2026-09-07 14:31:21.799999952+00:00,7.563333332538605
1788791967.786,1788791482.0,78.66172916666666,16.929149166666665,True,1,1,2026-09-07 14:31:22+00:00,7.566683332125346
1788791967.987,1788791482.2,78.6617305,16.92913233333333,True,1,1,2026-09-07 14:31:22.200000048+00:00,7.570033331712087
1788791968.185,1788791482.4,78.66173166666667,16.9291155,True,1,1,2026-09-07 14:31:22.400000095+00:00,7.573333330949148
1788791968.385,1788791482.6,78.661733,16.929098833333335,True,1,1,2026-09-07 14:31:22.599999905+00:00,7.57666666507721
1788791968.583,1788791482.8,78.66173433333333,16.929082166666667,True,1,1,2026-09-07 14:31:22.799999952+00:00,7.57996666431427
1788791968.782,1788791483.0,78.6617355,16.92906533333333,True,1,1,2026-09-07 14:31:23+00:00,7.583283332983653
1788791968.986,1788791483.2,78.66173683333334,16.929048666666667,True,1,1,2026-09-07 14:31:23.200000048+00:00,7.5866833329200745
1788791969.183,1788791483.4,78.661738,16.929031833333333,True,1,1,2026-09-07 14:31:23.400000095+00:00,7.589966666698456
1788791969.383,1788791483.6,78.66173933333333,16.929015166666666,True,1,1,2026-09-07 14:31:23.599999905+00:00,7.593299996852875
1788791969.583,1788791483.8,78.6617405,16.9289985,True,1,1,2026-09-07 14:31:23.799999952+00:00,7.596633330980937
1788791969.789,1788791484.0,78.66174183333332,16.92898166666667,True,1,1,2026-09-07 14:31:24+00:00,7.6000666658083595
1788791969.984,1788791484.2,78.66174299999999,16.928964833333335,True,1,1,2026-09-07 14:31:24.200000048+00:00,7.60331666469574
1788791970.184,1788791484.4,78.66174416666667,16.928948,True,1,1,2026-09-07 14:31:24.400000095+00:00,7.606649998823801
1788791970.384,1788791484.6,78.66174550000001,16.928931,True,1,1,2026-09-07 14:31:24.599999905+00:00,7.609983332951864
1788791970.584,1788791484.8,78.66174666666667,16.928914000000002,True,1,1,2026-09-07 14:31:24.799999952+00:00,7.613316667079926
1788791970.784,1788791485.0,78.66174783333332,16.928897,True,1,1,2026-09-07 14:31:25+00:00,7.616649997234345
1788791970.984,1788791485.2,78.66174916666667,16.928880166666666,True,1,1,2026-09-07 14:31:25.200000048+00:00,7.619983331362406
1788791971.185,1788791485.4,78.66175033333334,16.928863333333332,True,1,1,2026-09-07 14:31:25.400000095+00:00,7.623333330949148
1788791971.382,1788791485.6,78.66175150000001,16.928846333333336,True,1,1,2026-09-07 14:31:25.599999905+00:00,7.626616664727529
1788791971.586,1788791485.8,78.66175266666667,16.928829333333333,True,1,1,2026-09-07 14:31:25.799999952+00:00,7.630016664663951
1788791971.782,1788791486.0,78.661754,16.928812333333333,True,1,1,2026-09-07 14:31:26+00:00,7.633283332983653
1788791971.985,1788791486.2,78.66175516666667,16.928795333333333,True,1,1,2026-09-07 14:31:26.200000048+00:00,7.636666663487753
1788791972.183,1788791486.4,78.66175633333334,16.928778333333334,True,1,1,2026-09-07 14:31:26.400000095+00:00,7.639966666698456
1788791972.385,1788791486.6,78.66175750000001,16.928761333333334,True,1,1,2026-09-07 14:31:26.599999905+00:00,7.643333331743876
1788791972.585,1788791486.8,78.66175866666667,16.928744333333334,True,1,1,2026-09-07 14:31:26.799999952+00:00,7.646666665871938
1788791972.785,1788791487.0,78.66175983333332,16.92872733333333,True,1,1,2026-09-07 14:31:27+00:00,7.65
1788791972.984,1788791487.2,78.661761,16.92871016666667,True,1,1,2026-09-07 14:31:27.200000048+00:00,7.65331666469574
1788791973.183,1788791487.4,78.66176216666666,16.92869316666667,True,1,1,2026-09-07 14:31:27.400000095+00:00,7.656633333365122
1788791973.386,1788791487.6,78.66176333333333,16.928676166666666,True,1,1,2026-09-07 14:31:27.599999905+00:00,7.660016663869222
1788791973.585,1788791487.8,78.66176449999999,16.928659166666666,True,1,1,2026-09-07 14:31:27.799999952+00:00,7.663333332538604
1788791973.783,1788791488.0,78.66176566666667,16.92864216666667,True,1,1,2026-09-07 14:31:28+00:00,7.666633331775666
1788791973.985,1788791488.2,78.66176683333333,16.928625166666667,True,1,1,2026-09-07 14:31:28.200000048+00:00,7.669999996821086
1788791974.183,1788791488.4,78.66176783333334,16.928608,True,1,1,2026-09-07 14:31:28.400000095+00:00,7.673300000031789
1788791974.386,1788791488.6,78.661769,16.92859083333333,True,1,1,2026-09-07 14:31:28.599999905+00:00,7.676683330535889
1788791974.585,1788791488.8,78.66177016666667,16.92857366666667,True,1,1,2026-09-07 14:31:28.799999952+00:00,7.679999999205271
1788791974.786,1788791489.0,78.66177133333333,16.9285565,True,1,1,2026-09-07 14:31:29+00:00,7.683349998792012
1788791974.985,1788791489.2,78.66177233333333,16.928539333333333,True,1,1,2026-09-07 14:31:29.200000048+00:00,7.6866666634877525
1788791975.186,1788791489.4,78.6617735,16.928522166666667,True,1,1,2026-09-07 14:31:29.400000095+00:00,7.690016667048137
1788791975.389,1788791489.6,78.66177466666666,16.928504999999998,True,1,1,2026-09-07 14:31:29.599999905+00:00,7.693399997552236
1788791975.584,1788791489.8,78.66177583333334,16.92848766666667,True,1,1,2026-09-07 14:31:29.799999952+00:00,7.696650000413259
1788791975.786,1788791490.0,78.66177683333333,16.9284705,True,1,1,2026-09-07 14:31:30+00:00,7.700016665458679
1788791975.985,1788791490.2,78.661778,16.928453333333334,True,1,1,2026-09-07 14:31:30.200000048+00:00,7.703333330154419
1788791976.183,1788791490.4,78.661779,16.928435999999998,True,1,1,2026-09-07 14:31:30.400000095+00:00,7.706633333365122
1788791976.384,1788791490.6,78.66178,16.92841866666667,True,1,1,2026-09-07 14:31:30.599999905+00:00,7.709983332951864
1788791976.583,1788791490.8,78.66178116666667,16.9284015,True,1,1,2026-09-07 14:31:30.799999952+00:00,7.713299997647604
1788791976.786,1788791491.0,78.66178216666667,16.928384166666667,True,1,1,2026-09-07 14:31:31+00:00,7.716683332125346
1788791976.984,1788791491.2,78.66178316666667,16.928367166666664,True,1,1,2026-09-07 14:31:31.200000048+00:00,7.719983331362406
1788791977.187,1788791491.4,78.66178416666666,16.928350000000002,True,1,1,2026-09-07 14:31:31.400000095+00:00,7.723366665840149
1788791977.386,1788791491.6,78.66178533333333,16.928332666666666,True,1,1,2026-09-07 14:31:31.599999905+00:00,7.726683330535889
1788791977.592,1788791491.8,78.66178633333334,16.928315333333334,True,1,1,2026-09-07 14:31:31.799999952+00:00,7.730116665363312
1788791977.785,1788791492.0,78.66178733333332,16.928298166666664,True,1,1,2026-09-07 14:31:32+00:00,7.733333333333333
1788791977.988,1788791492.2,78.66178833333333,16.928281000000002,True,1,1,2026-09-07 14:31:32.200000048+00:00,7.7367166638374325
1788791978.185,1788791492.4,78.66178933333335,16.928263666666666,True,1,1,2026-09-07 14:31:32.400000095+00:00,7.739999997615814
1788791978.384,1788791492.6,78.66179033333333,16.928246333333334,True,1,1,2026-09-07 14:31:32.599999905+00:00,7.743316666285197
1788791978.586,1788791492.8,78.66179133333334,16.928229166666664,True,1,1,2026-09-07 14:31:32.799999952+00:00,7.746683331330617
1788791978.79,1788791493.0,78.66179233333334,16.928212,True,1,1,2026-09-07 14:31:33+00:00,7.750083331267039
1788791978.988,1788791493.2,78.66179333333334,16.928194833333336,True,1,1,2026-09-07 14:31:33.200000048+00:00,7.753383330504099
1788791979.187,1788791493.4,78.66179433333333,16.9281775,True,1,1,2026-09-07 14:31:33.400000095+00:00,7.756699999173482
1788791979.387,1788791493.6,78.66179533333334,16.928160166666665,True,1,1,2026-09-07 14:31:33.599999905+00:00,7.7600333333015445
1788791979.586,1788791493.8,78.66179633333333,16.928142833333332,True,1,1,2026-09-07 14:31:33.799999952+00:00,7.763349997997284
1788791979.784,1788791494.0,78.66179733333334,16.928125666666666,True,1,1,2026-09-07 14:31:34+00:00,7.766649997234344
1788791979.987,1788791494.2,78.66179833333334,16.928108333333334,True,1,1,2026-09-07 14:31:34.200000048+00:00,7.770033331712087
1788791980.186,1788791494.4,78.66179916666667,16.928091,True,1,1,2026-09-07 14:31:34.400000095+00:00,7.77335000038147
1788791980.386,1788791494.6,78.66180016666667,16.9280735,True,1,1,2026-09-07 14:31:34.599999905+00:00,7.776683330535889
1788791980.586,1788791494.8,78.66180116666666,16.928056333333334,True,1,1,2026-09-07 14:31:34.799999952+00:00,7.78001666466395
1788791980.786,1788791495.0,78.66180200000001,16.928038833333336,True,1,1,2026-09-07 14:31:35+00:00,7.783349998792013
1788791980.988,1788791495.2,78.66180299999999,16.9280215,True,1,1,2026-09-07 14:31:35.200000048+00:00,7.786716663837433
1788791981.186,1788791495.4,78.66180383333334,16.928004166666664,True,1,1,2026-09-07 14:31:35.400000095+00:00,7.790016667048136
1788791981.387,1788791495.6,78.66180483333332,16.927986833333332,True,1,1,2026-09-07 14:31:35.599999905+00:00,7.793366666634878
1788791981.586,1788791495.8,78.66180566666667,16.9279695,True,1,1,2026-09-07 14:31:35.799999952+00:00,7.796683331330617
1788791981.785,1788791496.0,78.66180666666668,16.927952166666667,True,1,1,2026-09-07 14:31:36+00:00,7.8
1788791981.986,1788791496.2,78.6618075,16.92793483333333,True,1,1,2026-09-07 14:31:36.200000048+00:00,7.803349999586741
1788791982.187,1788791496.4,78.66180833333333,16.927917666666666,True,1,1,2026-09-07 14:31:36.400000095+00:00,7.806699999173483
1788791982.386,1788791496.6,78.66180916666667,16.927900333333334,True,1,1,2026-09-07 14:31:36.599999905+00:00,7.810016663869222
1788791982.583,1788791496.8,78.66181016666665,16.927883,True,1,1,2026-09-07 14:31:36.799999952+00:00,7.813299997647603
1788791982.787,1788791497.0,78.661811,16.927865666666666,True,1,1,2026-09-07 14:31:37+00:00,7.816699997584025
1788791982.987,1788791497.2,78.66181183333333,16.927848333333333,True,1,1,2026-09-07 14:31:37.200000048+00:00,7.820033331712087
1788791983.186,1788791497.4,78.66181266666668,16.927831166666667,True,1,1,2026-09-07 14:31:37.400000095+00:00,7.8233500003814695
1788791983.387,1788791497.6,78.66181350000001,16.927813833333335,True,1,1,2026-09-07 14:31:37.599999905+00:00,7.826699999968211
1788791983.586,1788791497.8,78.66181433333333,16.927796333333333,True,1,1,2026-09-07 14:31:37.799999952+00:00,7.83001666466395
1788791983.786,1788791498.0,78.66181516666667,16.927778999999997,True,1,1,2026-09-07 14:31:38+00:00,7.833349998792013
1788791983.988,1788791498.2,78.661816,16.927761666666665,True,1,1,2026-09-07 14:31:38.200000048+00:00,7.836716663837433
1788791984.187,1788791498.4,78.66181666666667,16.927744333333333,True,1,1,2026-09-07 14:31:38.400000095+00:00,7.840033332506816
1788791984.388,1788791498.6,78.66181750000001,16.927727,True,1,1,2026-09-07 14:31:38.599999905+00:00,7.843383332093556
1788791984.586,1788791498.8,78.66181833333333,16.9277095,True,1,1,2026-09-07 14:31:38.799999952+00:00,7.846683331330618
1788791984.785,1788791499.0,78.66181916666666,16.927692166666667,True,1,1,2026-09-07 14:31:39+00:00,7.85
1788791984.987,1788791499.2,78.66182,16.927674833333334,True,1,1,2026-09-07 14:31:39.200000048+00:00,7.85336666504542
1788791985.185,1788791499.4,78.66182083333334,16.927657500000002,True,1,1,2026-09-07 14:31:39.400000095+00:00,7.856666664282481
1788791985.389,1788791499.6,78.6618215,16.927640166666666,True,1,1,2026-09-07 14:31:39.599999905+00:00,7.860066664218903
1788791985.588,1788791499.8,78.66182233333333,16.927622666666664,True,1,1,2026-09-07 14:31:39.799999952+00:00,7.863383332888286
1788791985.786,1788791500.0,78.66182316666666,16.927605333333336,True,1,1,2026-09-07 14:31:40+00:00,7.866683332125346
1788791985.984,1788791500.2,78.661824,16.927588,True,1,1,2026-09-07 14:31:40.200000048+00:00,7.869983331362406
1788791986.186,1788791500.4,78.66182483333334,16.9275705,True,1,1,2026-09-07 14:31:40.400000095+00:00,7.873350000381469
1788791986.385,1788791500.6,78.6618255,16.927553166666666,True,1,1,2026-09-07 14:31:40.599999905+00:00,7.8766666650772095
1788791986.587,1788791500.8,78.66182633333332,16.927535666666664,True,1,1,2026-09-07 14:31:40.799999952+00:00,7.88003333012263
1788791986.788,1788791501.0,78.66182716666667,16.9275185,True,1,1,2026-09-07 14:31:41+00:00,7.883383333683014
1788791986.985,1788791501.2,78.66182783333333,16.927501166666666,True,1,1,2026-09-07 14:31:41.200000048+00:00,7.886666663487753
1788791987.187,1788791501.4,78.66182866666666,16.927483833333334,True,1,1,2026-09-07 14:31:41.400000095+00:00,7.890033332506816
1788791987.387,1788791501.6,78.66182933333333,16.92746633333333,True,1,1,2026-09-07 14:31:41.599999905+00:00,7.893366666634877
1788791987.586,1788791501.8,78.66183016666668,16.927449000000003,True,1,1,2026-09-07 14:31:41.799999952+00:00,7.8966833313306175
1788791987.788,1788791502.0,78.66183083333334,16.927431666666667,True,1,1,2026-09-07 14:31:42+00:00,7.9000500003496805
1788791987.984,1788791502.2,78.6618315,16.927414333333335,True,1,1,2026-09-07 14:31:42.200000048+00:00,7.90331666469574
1788791988.186,1788791502.4,78.66183233333332,16.927396833333333,True,1,1,2026-09-07 14:31:42.400000095+00:00,7.9066833337148035
1788791988.387,1788791502.6,78.66183299999999,16.927379499999997,True,1,1,2026-09-07 14:31:42.599999905+00:00,7.910033333301544
1788791988.587,1788791502.8,78.66183366666668,16.92736216666667,True,1,1,2026-09-07 14:31:42.799999952+00:00,7.913366663455963
1788791988.788,1788791503.0,78.66183433333335,16.927344666666666,True,1,1,2026-09-07 14:31:43+00:00,7.916716667016347
1788791988.987,1788791503.2,78.66183516666666,16.927327333333334,True,1,1,2026-09-07 14:31:43.200000048+00:00,7.920033331712087
1788791989.187,1788791503.4,78.66183583333333,16.927309833333332,True,1,1,2026-09-07 14:31:43.400000095+00:00,7.923366665840149
1788791989.383,1788791503.6,78.66183649999999,16.927292333333334,True,1,1,2026-09-07 14:31:43.599999905+00:00,7.926633330186208
1788791989.586,1788791503.8,78.66183733333334,16.927274833333335,True,1,1,2026-09-07 14:31:43.799999952+00:00,7.930016664663951
1788791989.787,1788791504.0,78.661838,16.9272575,True,1,1,2026-09-07 14:31:44+00:00,7.933366664250692
1788791989.989,1788791504.2,78.66183883333333,16.927240166666664,True,1,1,2026-09-07 14:31:44.200000048+00:00,7.936733333269755
1788791990.187,1788791504.4,78.6618395,16.92722266666667,True,1,1,2026-09-07 14:31:44.400000095+00:00,7.9400333325068155
1788791990.391,1788791504.6,78.66184016666666,16.927205166666667,True,1,1,2026-09-07 14:31:44.599999905+00:00,7.943433332443237
1788791990.587,1788791504.8,78.66184100000001,16.927187833333335,True,1,1,2026-09-07 14:31:44.799999952+00:00,7.946699996789296
1788791990.785,1788791505.0,78.66184166666667,16.9271705,True,1,1,2026-09-07 14:31:45+00:00,7.95
1788791990.989,1788791505.2,78.66184233333334,16.927153166666667,True,1,1,2026-09-07 14:31:45.200000048+00:00,7.953399999936422
1788791991.186,1788791505.4,78.661843,16.927135500000002,True,1,1,2026-09-07 14:31:45.400000095+00:00,7.956683333714803
1788791991.389,1788791505.6,78.66184366666667,16.927118166666666,True,1,1,2026-09-07 14:31:45.599999905+00:00,7.960066664218902
1788791991.586,1788791505.8,78.66184433333333,16.927100833333334,True,1,1,2026-09-07 14:31:45.799999952+00:00,7.963349997997284
1788791991.786,1788791506.0,78.661845,16.927083333333332,True,1,1,2026-09-07 14:31:46+00:00,7.966683332125346
1788791991.987,1788791506.2,78.66184566666668,16.927065833333334,True,1,1,2026-09-07 14:31:46.200000048+00:00,7.970033331712087
1788791992.186,1788791506.4,78.66184616666666,16.927048333333335,True,1,1,2026-09-07 14:31:46.400000095+00:00,7.97335000038147
1788791992.387,1788791506.6,78.66184683333333,16.927031,True,1,1,2026-09-07 14:31:46.599999905+00:00,7.97669999996821
1788791992.595,1788791506.8,78.66184750000001,16.927013499999997,True,1,1,2026-09-07 14:31:46.799999952+00:00,7.980166665712992
1788791992.787,1788791507.0,78.66184816666667,16.926996166666665,True,1,1,2026-09-07 14:31:47+00:00,7.983366664250692
1788791992.986,1788791507.2,78.66184883333334,16.926978666666667,True,1,1,2026-09-07 14:31:47.200000048+00:00,7.986683332920075
1788791993.187,1788791507.4,78.66184933333334,16.92696116666667,True,1,1,2026-09-07 14:31:47.400000095+00:00,7.990033332506815
1788791993.388,1788791507.6,78.66185,16.9269435,True,1,1,2026-09-07 14:31:47.599999905+00:00,7.993383332093557
1788791993.583,1788791507.8,78.6618505,16.926925999999998,True,1,1,2026-09-07 14:31:47.799999952+00:00,7.996633330980937
1788791993.787,1788791508.0,78.66185116666666,16.926908833333336,True,1,1,2026-09-07 14:31:48+00:00,8.000033330917358
1788791993.987,1788791508.2,78.66185166666668,16.926891166666667,True,1,1,2026-09-07 14:31:48.200000048+00:00,8.003366665045421
1788791994.188,1788791508.4,78.66185233333334,16.9268735,True,1,1,2026-09-07 14:31:48.400000095+00:00,8.006716664632162
1788791994.389,1788791508.6,78.66185283333333,16.926856166666667,True,1,1,2026-09-07 14:31:48.599999905+00:00,8.010066664218902
1788791994.587,1788791508.8,78.66185333333333,16.926838666666665,True,1,1,2026-09-07 14:31:48.799999952+00:00,8.013366663455963
1788791994.787,1788791509.0,78.66185399999999,16.926821166666667,True,1,1,2026-09-07 14:31:49+00:00,8.016699997584025
1788791994.986,1788791509.2,78.66185449999999,16.926803666666668,True,1,1,2026-09-07 14:31:49.200000048+00:00,8.020016666253408
1788791995.185,1788791509.4,78.661855,16.926786,True,1,1,2026-09-07 14:31:49.400000095+00:00,8.023333330949148
1788791995.387,1788791509.6,78.6618555,16.92676833333333,True,1,1,2026-09-07 14:31:49.599999905+00:00,8.02669999996821
1788791995.586,1788791509.8,78.661856,16.9267505,True,1,1,2026-09-07 14:31:49.799999952+00:00,8.03001666466395
1788791995.787,1788791510.0,78.66185650000001,16.92673316666667,True,1,1,2026-09-07 14:31:50+00:00,8.033366664250691
1788791995.985,1788791510.2,78.661857,16.9267155,True,1,1,2026-09-07 14:31:50.200000048+00:00,8.036666663487752
1788791996.182,1788791510.4,78.6618575,16.926697833333332,True,1,1,2026-09-07 14:31:50.400000095+00:00,8.039949997266133
1788791996.384,1788791510.6,78.661858,16.926680333333334,True,1,1,2026-09-07 14:31:50.599999905+00:00,8.043316666285197
1788791996.585,1788791510.8,78.66185850000001,16.92666266666667,True,1,1,2026-09-07 14:31:50.799999952+00:00,8.046666665871937
1788791996.786,1788791511.0,78.661859,16.926645,True,1,1,2026-09-07 14:31:51+00:00,8.05001666545868
1788791996.985,1788791511.2,78.6618595,16.926627333333332,True,1,1,2026-09-07 14:31:51.200000048+00:00,8.05333333015442
1788791997.186,1788791511.4,78.66185983333334,16.926609666666664,True,1,1,2026-09-07 14:31:51.400000095+00:00,8.056683333714803
1788791997.388,1788791511.6,78.66186033333334,16.92659216666667,True,1,1,2026-09-07 14:31:51.599999905+00:00,8.060049998760224
1788791997.586,1788791511.8,78.66186083333334,16.9265745,True,1,1,2026-09-07 14:31:51.799999952+00:00,8.063349997997284
1788791997.787,1788791512.0,78.66186116666667,16.926557,True,1,1,2026-09-07 14:31:52+00:00,8.066699997584026
1788791997.986,1788791512.2,78.66186166666667,16.926539166666664,True,1,1,2026-09-07 14:31:52.200000048+00:00,8.070016666253407
1788791998.186,1788791512.4,78.661862,16.926521666666666,True,1,1,2026-09-07 14:31:52.400000095+00:00,8.07335000038147
1788791998.385,1788791512.6,78.66186250000001,16.926503833333335,True,1,1,2026-09-07 14:31:52.599999905+00:00,8.076666665077209
1788791998.588,1788791512.8,78.66186283333333,16.926486333333333,True,1,1,2026-09-07 14:31:52.799999952+00:00,8.080049999554952
1788791998.788,1788791513.0,78.66186333333333,16.9264685,True,1,1,2026-09-07 14:31:53+00:00,8.083383333683013
1788791998.981,1788791513.2,78.66186366666668,16.926451,True,1,1,2026-09-07 14:31:53.200000048+00:00,8.086599997679393
1788791999.182,1788791513.4,78.66186416666666,16.926433166666666,True,1,1,2026-09-07 14:31:53.400000095+00:00,8.089949997266134
1788791999.384,1788791513.6,78.66186450000001,16.9264155,True,1,1,2026-09-07 14:31:53.599999905+00:00,8.093316666285197
1788791999.584,1788791513.8,78.661865,16.926397833333333,True,1,1,2026-09-07 14:31:53.799999952+00:00,8.096650000413259
1788791999.783,1788791514.0,78.66186533333332,16.926380333333334,True,1,1,2026-09-07 14:31:54+00:00,8.099966665109
1788791999.986,1788791514.2,78.66186583333334,16.926362666666666,True,1,1,2026-09-07 14:31:54.200000048+00:00,8.103349999586742
1788792000.184,1788791514.4,78.66186633333334,16.926345,True,1,1,2026-09-07 14:31:54.400000095+00:00,8.106649998823801
1788792000.384,1788791514.6,78.66186666666667,16.9263275,True,1,1,2026-09-07 14:31:54.599999905+00:00,8.109983332951863
1788792000.583,1788791514.8,78.66186716666667,16.926309833333335,True,1,1,2026-09-07 14:31:54.799999952+00:00,8.113299997647603
1788792000.784,1788791515.0,78.6618675,16.926292166666666,True,1,1,2026-09-07 14:31:55+00:00,8.116649997234344
1788792000.984,1788791515.2,78.661868,16.926274499999998,True,1,1,2026-09-07 14:31:55.200000048+00:00,8.119983331362407
1788792001.184,1788791515.4,78.66186833333333,16.926257,True,1,1,2026-09-07 14:31:55.400000095+00:00,8.123316665490469
1788792001.385,1788791515.6,78.66186883333333,16.92623916666667,True,1,1,2026-09-07 14:31:55.599999905+00:00,8.12666666507721
1788792001.583,1788791515.8,78.66186916666668,16.9262215,True,1,1,2026-09-07 14:31:55.799999952+00:00,8.12996666431427
1788792001.783,1788791516.0,78.66186966666668,16.926203833333332,True,1,1,2026-09-07 14:31:56+00:00,8.133299998442332
1788792001.987,1788791516.2,78.66187,16.92618633333333,True,1,1,2026-09-07 14:31:56.200000048+00:00,8.136699998378754
1788792002.188,1788791516.4,78.6618705,16.92616866666667,True,1,1,2026-09-07 14:31:56.400000095+00:00,8.140049997965495
1788792002.384,1788791516.6,78.66187083333332,16.926151,True,1,1,2026-09-07 14:31:56.599999905+00:00,8.143316666285196
1788792002.584,1788791516.8,78.66187116666667,16.926133333333333,True,1,1,2026-09-07 14:31:56.799999952+00:00,8.146650000413258
1788792002.787,1788791517.0,78.66187166666667,16.926115666666664,True,1,1,2026-09-07 14:31:57+00:00,8.150033330917358
1788792002.984,1788791517.2,78.66187199999999,16.926098000000003,True,1,1,2026-09-07 14:31:57.200000048+00:00,8.15331666469574
1788792003.182,1788791517.4,78.66187233333333,16.926080333333335,True,1,1,2026-09-07 14:31:57.400000095+00:00,8.1566166639328
1788792003.384,1788791517.6,78.66187283333333,16.9260625,True,1,1,2026-09-07 14:31:57.599999905+00:00,8.159983332951864
1788792003.584,1788791517.8,78.66187316666667,16.926045,True,1,1,2026-09-07 14:31:57.799999952+00:00,8.163316667079926
1788792003.783,1788791518.0,78.6618735,16.926027166666664,True,1,1,2026-09-07 14:31:58+00:00,8.166633331775666
1788792003.985,1788791518.2,78.661874,16.926009500000003,True,1,1,2026-09-07 14:31:58.200000048+00:00,8.169999996821085
1788792004.185,1788791518.4,78.66187433333333,16.925991833333335,True,1,1,2026-09-07 14:31:58.400000095+00:00,8.173333330949147
1788792004.384,1788791518.6,78.66187466666666,16.925974166666666,True,1,1,2026-09-07 14:31:58.599999905+00:00,8.17664999961853
1788792004.582,1788791518.8,78.661875,16.925956333333332,True,1,1,2026-09-07 14:31:58.799999952+00:00,8.17994999885559
1788792004.784,1788791519.0,78.66187533333333,16.925938666666664,True,1,1,2026-09-07 14:31:59+00:00,8.183316663901012
1788792004.988,1788791519.2,78.66187566666667,16.925920833333333,True,1,1,2026-09-07 14:31:59.200000048+00:00,8.186716663837434
1788792005.187,1788791519.4,78.66187599999999,16.925903333333334,True,1,1,2026-09-07 14:31:59.400000095+00:00,8.190033332506816
1788792005.387,1788791519.6,78.66187633333334,16.925885333333333,True,1,1,2026-09-07 14:31:59.599999905+00:00,8.193366666634878
1788792005.589,1788791519.8,78.66187666666666,16.9258675,True,1,1,2026-09-07 14:31:59.799999952+00:00,8.196733331680297
1788792005.787,1788791520.0,78.661877,16.925849833333334,True,1,1,2026-09-07 14:32:00+00:00,8.200033330917359
1788792005.99,1788791520.2,78.66187733333332,16.925832166666666,True,1,1,2026-09-07 14:32:00.200000048+00:00,8.203416665395102
1788792006.186,1788791520.4,78.66187766666667,16.925814333333335,True,1,1,2026-09-07 14:32:00.400000095+00:00,8.206683333714803
1788792006.386,1788791520.6,78.66187799999999,16.9257965,True,1,1,2026-09-07 14:32:00.599999905+00:00,8.210016663869222
1788792006.586,1788791520.8,78.66187833333333,16.925778833333332,True,1,1,2026-09-07 14:32:00.799999952+00:00,8.213349997997284
1788792006.787,1788791521.0,78.66187866666668,16.925761,True,1,1,2026-09-07 14:32:01+00:00,8.216699997584024
1788792006.988,1788791521.2,78.661879,16.925743333333333,True,1,1,2026-09-07 14:32:01.200000048+00:00,8.220049997170767
1788792007.186,1788791521.4,78.66187933333335,16.9257255,True,1,1,2026-09-07 14:32:01.400000095+00:00,8.223350000381469
1788792007.383,1788791521.6,78.66187966666666,16.925707666666664,True,1,1,2026-09-07 14:32:01.599999905+00:00,8.226633330186209
1788792007.592,1788791521.8,78.66188000000001,16.925689833333333,True,1,1,2026-09-07 14:32:01.799999952+00:00,8.230116665363312
1788792007.786,1788791522.0,78.66188016666666,16.92567216666667,True,1,1,2026-09-07 14:32:02+00:00,8.233349998792013
1788792007.985,1788791522.2,78.66188050000001,16.925654333333334,True,1,1,2026-09-07 14:32:02.200000048+00:00,8.236666663487751
1788792008.186,1788791522.4,78.66188083333333,16.925636666666666,True,1,1,2026-09-07 14:32:02.400000095+00:00,8.240016667048137
1788792008.389,1788791522.6,78.66188116666667,16.92561883333333,True,1,1,2026-09-07 14:32:02.599999905+00:00,8.243399997552237
1788792008.587,1788791522.8,78.66188149999999,16.92560116666667,True,1,1,2026-09-07 14:32:02.799999952+00:00,8.246699996789296
1788792008.788,1788791523.0,78.66188183333334,16.925583333333336,True,1,1,2026-09-07 14:32:03+00:00,8.250050000349681
1788792008.989,1788791523.2,78.661882,16.9255655,True,1,1,2026-09-07 14:32:03.200000048+00:00,8.253399999936422
1788792009.186,1788791523.4,78.66188233333334,16.925548,True,1,1,2026-09-07 14:32:03.400000095+00:00,8.256683333714802
1788792009.386,1788791523.6,78.66188266666667,16.925530166666665,True,1,1,2026-09-07 14:32:03.599999905+00:00,8.260016663869221
1788792009.586,1788791523.8,78.661883,16.925512333333334,True,1,1,2026-09-07 14:32:03.799999952+00:00,8.263349997997285
1788792009.786,1788791524.0,78.66188316666667,16.92549466666667,True,1,1,2026-09-07 14:32:04+00:00,8.266683332125346
1788792009.985,1788791524.2,78.6618835,16.925477,True,1,1,2026-09-07 14:32:04.200000048+00:00,8.269999996821086
1788792010.183,1788791524.4,78.66188366666667,16.925459166666666,True,1,1,2026-09-07 14:32:04.400000095+00:00,8.273300000031789
1788792010.387,1788791524.6,78.661884,16.925441499999998,True,1,1,2026-09-07 14:32:04.599999905+00:00,8.27669999996821
1788792010.585,1788791524.8,78.66188433333333,16.925423666666667,True,1,1,2026-09-07 14:32:04.799999952+00:00,8.279999999205272
1788792010.785,1788791525.0,78.66188466666668,16.925406,True,1,1,2026-09-07 14:32:05+00:00,8.283333333333333
1788792010.986,1788791525.2,78.66188483333333,16.925388333333334,True,1,1,2026-09-07 14:32:05.200000048+00:00,8.286683332920074
1788792011.186,1788791525.4,78.66188516666666,16.925370666666666,True,1,1,2026-09-07 14:32:05.400000095+00:00,8.290016667048137
1788792011.387,1788791525.6,78.66188533333334,16.92535283333333,True,1,1,2026-09-07 14:32:05.599999905+00:00,8.293366666634878
1788792011.585,1788791525.8,78.66188566666666,16.925335,True,1,1,2026-09-07 14:32:05.799999952+00:00,8.296666665871937
1788792011.787,1788791526.0,78.66188600000001,16.925317166666666,True,1,1,2026-09-07 14:32:06+00:00,8.300033330917358
1788792011.985,1788791526.2,78.66188616666666,16.925299666666668,True,1,1,2026-09-07 14:32:06.200000048+00:00,8.30333333015442
1788792012.187,1788791526.4,78.66188650000001,16.925281833333333,True,1,1,2026-09-07 14:32:06.400000095+00:00,8.306699999173482
1788792012.388,1788791526.6,78.66188666666667,16.925264000000002,True,1,1,2026-09-07 14:32:06.599999905+00:00,8.310049998760224
1788792012.589,1788791526.8,78.661887,16.925246166666668,True,1,1,2026-09-07 14:32:06.799999952+00:00,8.313399998346965
1788792012.783,1788791527.0,78.66188733333334,16.9252285,True,1,1,2026-09-07 14:32:07+00:00,8.316633331775666
1788792012.984,1788791527.2,78.66188749999999,16.92521083333333,True,1,1,2026-09-07 14:32:07.200000048+00:00,8.319983331362407
1788792013.185,1788791527.4,78.66188783333334,16.925193166666666,True,1,1,2026-09-07 14:32:07.400000095+00:00,8.323333330949147
1788792013.386,1788791527.6,78.661888,16.92517516666667,True,1,1,2026-09-07 14:32:07.599999905+00:00,8.32668333053589
1788792013.584,1788791527.8,78.66188833333334,16.9251575,True,1,1,2026-09-07 14:32:07.799999952+00:00,8.329983333746592
1788792013.79,1788791528.0,78.6618885,16.925139666666666,True,1,1,2026-09-07 14:32:08+00:00,8.333416664600373
1788792013.985,1788791528.2,78.66188883333332,16.925122166666664,True,1,1,2026-09-07 14:32:08.200000048+00:00,8.336666663487753
1788792014.184,1788791528.4,78.661889,16.925104333333334,True,1,1,2026-09-07 14:32:08.400000095+00:00,8.339983332157136
1788792014.385,1788791528.6,78.66188933333333,16.92508666666667,True,1,1,2026-09-07 14:32:08.599999905+00:00,8.343333331743876
1788792014.586,1788791528.8,78.66188966666667,16.925068833333334,True,1,1,2026-09-07 14:32:08.799999952+00:00,8.346683331330617
1788792014.786,1788791529.0,78.66189,16.925051333333332,True,1,1,2026-09-07 14:32:09+00:00,8.350016665458678
1788792014.985,1788791529.2,78.66189016666667,16.925033499999998,True,1,1,2026-09-07 14:32:09.200000048+00:00,8.353333330154419
1788792015.186,1788791529.4,78.6618905,16.925015833333337,True,1,1,2026-09-07 14:32:09.400000095+00:00,8.356683333714804
1788792015.386,1788791529.6,78.66189083333333,16.924998000000002,True,1,1,2026-09-07 14:32:09.599999905+00:00,8.360016663869223
1788792015.582,1788791529.8,78.661891,16.924980333333334,True,1,1,2026-09-07 14:32:09.799999952+00:00,8.363283332188924
1788792015.789,1788791530.0,78.66189133333334,16.924962833333332,True,1,1,2026-09-07 14:32:10+00:00,8.366733332475027
1788792015.989,1788791530.2,78.6618915,16.92494483333333,True,1,1,2026-09-07 14:32:10.200000048+00:00,8.370066666603089
1788792016.186,1788791530.4,78.66189183333333,16.924927166666667,True,1,1,2026-09-07 14:32:10.400000095+00:00,8.37335000038147
1788792016.385,1788791530.6,78.66189200000001,16.924909500000002,True,1,1,2026-09-07 14:32:10.599999905+00:00,8.37666666507721
1788792016.584,1788791530.8,78.66189233333333,16.924891666666667,True,1,1,2026-09-07 14:32:10.799999952+00:00,8.379983333746592
1788792016.785,1788791531.0,78.66189250000001,16.924873833333333,True,1,1,2026-09-07 14:32:11+00:00,8.383333333333333
1788792016.984,1788791531.2,78.66189283333333,16.924856166666665,True,1,1,2026-09-07 14:32:11.200000048+00:00,8.386649998029073
1788792017.184,1788791531.4,78.66189299999999,16.924838333333334,True,1,1,2026-09-07 14:32:11.400000095+00:00,8.389983332157135
1788792017.385,1788791531.6,78.66189316666667,16.924820833333335,True,1,1,2026-09-07 14:32:11.599999905+00:00,8.393333331743877
1788792017.585,1788791531.8,78.66189349999999,16.924803,True,1,1,2026-09-07 14:32:11.799999952+00:00,8.396666665871939
1788792017.786,1788791532.0,78.66189366666667,16.924785333333332,True,1,1,2026-09-07 14:32:12+00:00,8.40001666545868
1788792017.985,1788791532.2,78.661894,16.924767666666664,True,1,1,2026-09-07 14:32:12.200000048+00:00,8.40333333015442
1788792018.186,1788791532.4,78.66189416666666,16.92475016666667,True,1,1,2026-09-07 14:32:12.400000095+00:00,8.406683333714803
1788792018.383,1788791532.6,78.6618945,16.9247325,True,1,1,2026-09-07 14:32:12.599999905+00:00,8.409966663519542
1788792018.585,1788791532.8,78.66189466666667,16.924715,True,1,1,2026-09-07 14:32:12.799999952+00:00,8.413333332538604
1788792018.804,1788791533.0,78.66189483333332,16.924697166666665,True,1,1,2026-09-07 14:32:13+00:00,8.416983330249787
1788792018.984,1788791533.2,78.66189516666667,16.9246795,True,1,1,2026-09-07 14:32:13.200000048+00:00,8.419983331362406
1788792019.185,1788791533.4,78.66189533333333,16.92466166666667,True,1,1,2026-09-07 14:32:13.400000095+00:00,8.423333330949147
1788792019.388,1788791533.6,78.66189566666667,16.924644,True,1,1,2026-09-07 14:32:13.599999905+00:00,8.42671666542689
1788792019.584,1788791533.8,78.66189583333333,16.924626166666666,True,1,1,2026-09-07 14:32:13.799999952+00:00,8.429983333746593
1788792019.784,1788791534.0,78.661896,16.92460833333333,True,1,1,2026-09-07 14:32:14+00:00,8.433316663901012
1788792019.986,1788791534.2,78.66189616666666,16.9245905,True,1,1,2026-09-07 14:32:14.200000048+00:00,8.436683332920074
1788792020.186,1788791534.4,78.6618965,16.924573000000002,True,1,1,2026-09-07 14:32:14.400000095+00:00,8.440016667048136
1788792020.386,1788791534.6,78.66189666666668,16.9245555,True,1,1,2026-09-07 14:32:14.599999905+00:00,8.443349997202555
1788792020.587,1788791534.8,78.66189683333333,16.924537833333332,True,1,1,2026-09-07 14:32:14.799999952+00:00,8.446699996789297
1788792020.787,1788791535.0,78.66189716666666,16.924519999999998,True,1,1,2026-09-07 14:32:15+00:00,8.450033330917359
1788792020.988,1788791535.2,78.66189733333334,16.924502333333333,True,1,1,2026-09-07 14:32:15.200000048+00:00,8.4533833305041
1788792021.183,1788791535.4,78.6618975,16.924484666666668,True,1,1,2026-09-07 14:32:15.400000095+00:00,8.456633333365122
1788792021.386,1788791535.6,78.66189766666666,16.924467,True,1,1,2026-09-07 14:32:15.599999905+00:00,8.460016663869222
1788792021.586,1788791535.8,78.66189800000001,16.924449166666665,True,1,1,2026-09-07 14:32:15.799999952+00:00,8.463349997997284
1788792021.787,1788791536.0,78.66189816666666,16.924431333333334,True,1,1,2026-09-07 14:32:16+00:00,8.466699997584024
1788792021.99,1788791536.2,78.66189833333333,16.924413666666666,True,1,1,2026-09-07 14:32:16.200000048+00:00,8.470083332061767
1788792022.186,1788791536.4,78.6618985,16.924395666666666,True,1,1,2026-09-07 14:32:16.400000095+00:00,8.473350000381469
1788792022.384,1788791536.6,78.66189866666667,16.92437783333333,True,1,1,2026-09-07 14:32:16.599999905+00:00,8.47664999961853
1788792022.591,1788791536.8,78.66189899999999,16.92436,True,1,1,2026-09-07 14:32:16.799999952+00:00,8.480099999904633
1788792022.784,1788791537.0,78.66189916666667,16.924342333333335,True,1,1,2026-09-07 14:32:17+00:00,8.483316663901011
1788792022.984,1788791537.2,78.66189933333334,16.9243245,True,1,1,2026-09-07 14:32:17.200000048+00:00,8.486649998029073
1788792023.184,1788791537.4,78.66189949999999,16.924306833333333,True,1,1,2026-09-07 14:32:17.400000095+00:00,8.489983332157134
1788792023.387,1788791537.6,78.66189966666667,16.924288999999998,True,1,1,2026-09-07 14:32:17.599999905+00:00,8.493366666634877
1788792023.586,1788791537.8,78.66189983333334,16.924271166666664,True,1,1,2026-09-07 14:32:17.799999952+00:00,8.496683331330617
1788792023.786,1788791538.0,78.6619,16.924253500000003,True,1,1,2026-09-07 14:32:18+00:00,8.500016665458679
1788792023.986,1788791538.2,78.66190033333334,16.924235666666668,True,1,1,2026-09-07 14:32:18.200000048+00:00,8.50334999958674
1788792024.186,1788791538.4,78.6619005,16.924218,True,1,1,2026-09-07 14:32:18.400000095+00:00,8.506683333714802
1788792024.387,1788791538.6,78.66190066666667,16.924200166666665,True,1,1,2026-09-07 14:32:18.599999905+00:00,8.510033333301545
1788792024.586,1788791538.8,78.66190083333332,16.92418233333333,True,1,1,2026-09-07 14:32:18.799999952+00:00,8.513349997997285
1788792024.787,1788791539.0,78.661901,16.924164666666666,True,1,1,2026-09-07 14:32:19+00:00,8.516699997584025
1788792024.986,1788791539.2,78.66190116666667,16.924146833333335,True,1,1,2026-09-07 14:32:19.200000048+00:00,8.520016666253408
1788792025.191,1788791539.4,78.66190133333333,16.924129,True,1,1,2026-09-07 14:32:19.400000095+00:00,8.523433331648508
1788792025.387,1788791539.6,78.66190150000001,16.924111166666666,True,1,1,2026-09-07 14:32:19.599999905+00:00,8.52669999996821
1788792025.59,1788791539.8,78.66190166666667,16.9240935,True,1,1,2026-09-07 14:32:19.799999952+00:00,8.53008333047231
1788792025.79,1788791540.0,78.66190183333333,16.924075666666667,True,1,1,2026-09-07 14:32:20+00:00,8.533416664600372
1788792025.987,1788791540.2,78.661902,16.924057833333332,True,1,1,2026-09-07 14:32:20.200000048+00:00,8.536699998378754
1788792026.185,1788791540.4,78.66190216666668,16.924040333333334,True,1,1,2026-09-07 14:32:20.400000095+00:00,8.539999997615814
1788792026.384,1788791540.6,78.66190233333333,16.9240225,True,1,1,2026-09-07 14:32:20.599999905+00:00,8.543316666285197
1788792026.583,1788791540.8,78.6619025,16.92400466666667,True,1,1,2026-09-07 14:32:20.799999952+00:00,8.546633330980937
1788792026.784,1788791541.0,78.66190266666668,16.923987,True,1,1,2026-09-07 14:32:21+00:00,8.549983330567677
1788792026.985,1788791541.2,78.66190283333334,16.9239695,True,1,1,2026-09-07 14:32:21.200000048+00:00,8.55333333015442
1788792027.185,1788791541.4,78.661903,16.923951833333334,True,1,1,2026-09-07 14:32:21.400000095+00:00,8.556666664282481
1788792027.385,1788791541.6,78.66190316666666,16.923934,True,1,1,2026-09-07 14:32:21.599999905+00:00,8.559999998410543
1788792027.586,1788791541.8,78.66190333333334,16.923916333333334,True,1,1,2026-09-07 14:32:21.799999952+00:00,8.563349997997284
1788792027.785,1788791542.0,78.66190350000001,16.923898666666666,True,1,1,2026-09-07 14:32:22+00:00,8.566666666666666
1788792027.985,1788791542.2,78.66190366666666,16.923881166666668,True,1,1,2026-09-07 14:32:22.200000048+00:00,8.569999996821085
1788792028.186,1788791542.4,78.66190366666666,16.923863333333333,True,1,1,2026-09-07 14:32:22.400000095+00:00,8.57335000038147
1788792028.386,1788791542.6,78.66190383333333,16.923845500000002,True,1,1,2026-09-07 14:32:22.599999905+00:00,8.57668333053589
1788792028.586,1788791542.8,78.661904,16.923827666666668,True,1,1,2026-09-07 14:32:22.799999952+00:00,8.580016664663951
1788792028.789,1788791543.0,78.66190416666667,16.92381,True,1,1,2026-09-07 14:32:23+00:00,8.583399999141694
1788792028.985,1788791543.2,78.66190433333333,16.9237925,True,1,1,2026-09-07 14:32:23.200000048+00:00,8.586666663487753
1788792029.185,1788791543.4,78.66190433333333,16.923774666666667,True,1,1,2026-09-07 14:32:23.400000095+00:00,8.589999997615815
1788792029.384,1788791543.6,78.6619045,16.92375666666667,True,1,1,2026-09-07 14:32:23.599999905+00:00,8.593316666285197
1788792029.586,1788791543.8,78.66190466666667,16.923739,True,1,1,2026-09-07 14:32:23.799999952+00:00,8.596683331330617
1788792029.79,1788791544.0,78.66190466666667,16.923721333333333,True,1,1,2026-09-07 14:32:24+00:00,8.600083331267038
1788792029.986,1788791544.2,78.66190483333334,16.9237035,True,1,1,2026-09-07 14:32:24.200000048+00:00,8.603349999586742
1788792030.185,1788791544.4,78.66190499999999,16.92368583333333,True,1,1,2026-09-07 14:32:24.400000095+00:00,8.60666666428248
1788792030.386,1788791544.6,78.66190499999999,16.92366816666667,True,1,1,2026-09-07 14:32:24.599999905+00:00,8.610016663869223
1788792030.587,1788791544.8,78.66190516666667,16.923650333333335,True,1,1,2026-09-07 14:32:24.799999952+00:00,8.613366663455963
1788792030.788,1788791545.0,78.66190533333334,16.9236325,True,1,1,2026-09-07 14:32:25+00:00,8.616716667016346
1788792030.986,1788791545.2,78.66190533333334,16.923614833333332,True,1,1,2026-09-07 14:32:25.200000048+00:00,8.620016666253408
1788792031.185,1788791545.4,78.6619055,16.923596999999997,True,1,1,2026-09-07 14:32:25.400000095+00:00,8.623333330949148
1788792031.386,1788791545.6,78.6619055,16.923579,True,1,1,2026-09-07 14:32:25.599999905+00:00,8.626683330535888
1788792031.585,1788791545.8,78.66190566666667,16.923561333333335,True,1,1,2026-09-07 14:32:25.799999952+00:00,8.629999999205271
1788792031.786,1788791546.0,78.66190583333334,16.923543333333335,True,1,1,2026-09-07 14:32:26+00:00,8.633349998792012
1788792031.986,1788791546.2,78.66190583333334,16.9235255,True,1,1,2026-09-07 14:32:26.200000048+00:00,8.636683332920075
1788792032.183,1788791546.4,78.661906,16.923507833333336,True,1,1,2026-09-07 14:32:26.400000095+00:00,8.639966666698456
1788792032.384,1788791546.6,78.661906,16.923489833333335,True,1,1,2026-09-07 14:32:26.599999905+00:00,8.643316666285196
1788792032.583,1788791546.8,78.66190616666667,16.923472,True,1,1,2026-09-07 14:32:26.799999952+00:00,8.646633330980936
1788792032.787,1788791547.0,78.66190633333333,16.923454,True,1,1,2026-09-07 14:32:27+00:00,8.650033330917358
1788792032.985,1788791547.2,78.66190633333333,16.923436166666665,True,1,1,2026-09-07 14:32:27.200000048+00:00,8.65333333015442
1788792033.187,1788791547.4,78.6619065,16.923418333333334,True,1,1,2026-09-07 14:32:27.400000095+00:00,8.656699999173481
1788792033.384,1788791547.6,78.66190666666667,16.9234005,True,1,1,2026-09-07 14:32:27.599999905+00:00,8.659983332951864
1788792033.581,1788791547.8,78.66190666666667,16.9233825,True,1,1,2026-09-07 14:32:27.799999952+00:00,8.663266666730244
1788792033.786,1788791548.0,78.66190683333333,16.923364499999998,True,1,1,2026-09-07 14:32:28+00:00,8.666683332125347
1788792033.987,1788791548.2,78.661907,16.923346666666664,True,1,1,2026-09-07 14:32:28.200000048+00:00,8.670033331712087
1788792034.186,1788791548.4,78.661907,16.923328666666666,True,1,1,2026-09-07 14:32:28.400000095+00:00,8.67335000038147
1788792034.385,1788791548.6,78.66190716666667,16.923310666666666,True,1,1,2026-09-07 14:32:28.599999905+00:00,8.67666666507721
1788792034.585,1788791548.8,78.66190716666667,16.92329266666667,True,1,1,2026-09-07 14:32:28.799999952+00:00,8.679999999205272
1788792034.789,1788791549.0,78.66190733333333,16.923274499999998,True,1,1,2026-09-07 14:32:29+00:00,8.683399999141693
1788792034.983,1788791549.2,78.66190733333333,16.923256666666667,True,1,1,2026-09-07 14:32:29.200000048+00:00,8.686633332570393
1788792035.186,1788791549.4,78.66190750000001,16.923238833333336,True,1,1,2026-09-07 14:32:29.400000095+00:00,8.690016667048136
1788792035.386,1788791549.6,78.66190750000001,16.923220833333335,True,1,1,2026-09-07 14:32:29.599999905+00:00,8.693349997202555
1788792035.585,1788791549.8,78.66190766666666,16.923203,True,1,1,2026-09-07 14:32:29.799999952+00:00,8.696666665871938
1788792035.785,1788791550.0,78.66190783333333,16.923185166666666,True,1,1,2026-09-07 14:32:30+00:00,8.7
1788792035.987,1788791550.2,78.66190783333333,16.923167166666666,True,1,1,2026-09-07 14:32:30.200000048+00:00,8.70336666504542
1788792036.184,1788791550.4,78.661908,16.9231495,True,1,1,2026-09-07 14:32:30.400000095+00:00,8.706649998823801
1788792036.384,1788791550.6,78.66190816666668,16.923131666666666,True,1,1,2026-09-07 14:32:30.599999905+00:00,8.709983332951863
1788792036.586,1788791550.8,78.66190833333333,16.923113666666666,True,1,1,2026-09-07 14:32:30.799999952+00:00,8.713349997997284
1788792036.787,1788791551.0,78.6619085,16.92309583333333,True,1,1,2026-09-07 14:32:31+00:00,8.716699997584024
1788792036.986,1788791551.2,78.66190866666668,16.923077999999997,True,1,1,2026-09-07 14:32:31.200000048+00:00,8.720016666253407
1788792037.188,1788791551.4,78.66190883333334,16.92306016666667,True,1,1,2026-09-07 14:32:31.400000095+00:00,8.723383331298828
1788792037.386,1788791551.6,78.661909,16.923042333333335,True,1,1,2026-09-07 14:32:31.599999905+00:00,8.726683330535888
1788792037.592,1788791551.8,78.66190916666666,16.923024666666667,True,1,1,2026-09-07 14:32:31.799999952+00:00,8.730116665363312
1788792037.783,1788791552.0,78.66190933333334,16.923006666666666,True,1,1,2026-09-07 14:32:32+00:00,8.733299998442332
1788792037.985,1788791552.2,78.66190950000001,16.922989166666664,True,1,1,2026-09-07 14:32:32.200000048+00:00,8.736666663487751
1788792038.186,1788791552.4,78.66190966666666,16.922971333333333,True,1,1,2026-09-07 14:32:32.400000095+00:00,8.740016667048137
1788792038.387,1788791552.6,78.66190983333333,16.922953500000002,True,1,1,2026-09-07 14:32:32.599999905+00:00,8.743366666634877
1788792038.586,1788791552.8,78.66191,16.922935666666667,True,1,1,2026-09-07 14:32:32.799999952+00:00,8.746683331330617
1788792038.788,1788791553.0,78.66191016666667,16.922917833333333,True,1,1,2026-09-07 14:32:33+00:00,8.750050000349681
1788792038.987,1788791553.2,78.66191033333332,16.922899833333336,True,1,1,2026-09-07 14:32:33.200000048+00:00,8.753366665045421
1788792039.186,1788791553.4,78.6619105,16.922882,True,1,1,2026-09-07 14:32:33.400000095+00:00,8.756683333714802
1788792039.387,1788791553.6,78.66191066666667,16.922864166666667,True,1,1,2026-09-07 14:32:33.599999905+00:00,8.760033333301545
1788792039.585,1788791553.8,78.66191083333334,16.9228465,True,1,1,2026-09-07 14:32:33.799999952+00:00,8.763333332538604
1788792039.787,1788791554.0,78.66191099999999,16.922828666666664,True,1,1,2026-09-07 14:32:34+00:00,8.766699997584025
1788792039.986,1788791554.2,78.66191116666667,16.922810666666667,True,1,1,2026-09-07 14:32:34.200000048+00:00,8.770016666253408
1788792040.186,1788791554.4,78.6619115,16.922793000000002,True,1,1,2026-09-07 14:32:34.400000095+00:00,8.77335000038147
1788792040.383,1788791554.6,78.66191166666667,16.922775,True,1,1,2026-09-07 14:32:34.599999905+00:00,8.776633330186208
1788792040.585,1788791554.8,78.66191183333333,16.922757166666667,True,1,1,2026-09-07 14:32:34.799999952+00:00,8.779999999205272
1788792040.787,1788791555.0,78.66191183333333,16.922739333333332,True,1,1,2026-09-07 14:32:35+00:00,8.783366664250691
1788792040.994,1788791555.2,78.66191216666667,16.922721333333335,True,1,1,2026-09-07 14:32:35.200000048+00:00,8.786816664536794
1788792041.184,1788791555.4,78.66191216666667,16.922703333333335,True,1,1,2026-09-07 14:32:35.400000095+00:00,8.789983332157135
1788792041.385,1788791555.6,78.66191233333333,16.9226855,True,1,1,2026-09-07 14:32:35.599999905+00:00,8.793333331743876
1788792041.586,1788791555.8,78.6619125,16.922667666666666,True,1,1,2026-09-07 14:32:35.799999952+00:00,8.796683331330618
1788792041.785,1788791556.0,78.66191266666667,16.9226495,True,1,1,2026-09-07 14:32:36+00:00,8.8
1788792041.985,1788791556.2,78.66191283333333,16.9226315,True,1,1,2026-09-07 14:32:36.200000048+00:00,8.80333333015442
1788792042.184,1788791556.4,78.661913,16.922613666666667,True,1,1,2026-09-07 14:32:36.400000095+00:00,8.806649998823803
1788792042.386,1788791556.6,78.66191316666666,16.922595666666666,True,1,1,2026-09-07 14:32:36.599999905+00:00,8.810016663869222
1788792042.588,1788791556.8,78.66191333333333,16.922577666666665,True,1,1,2026-09-07 14:32:36.799999952+00:00,8.813383332888286
1788792042.785,1788791557.0,78.66191350000001,16.9225595,True,1,1,2026-09-07 14:32:37+00:00,8.816666666666666
1788792042.986,1788791557.2,78.66191366666666,16.922541833333334,True,1,1,2026-09-07 14:32:37.200000048+00:00,8.820016666253407
1788792043.183,1788791557.4,78.66191383333333,16.922523833333333,True,1,1,2026-09-07 14:32:37.400000095+00:00,8.82330000003179
1788792043.386,1788791557.6,78.661914,16.922506,True,1,1,2026-09-07 14:32:37.599999905+00:00,8.82668333053589
1788792043.585,1788791557.8,78.66191416666668,16.922488166666668,True,1,1,2026-09-07 14:32:37.799999952+00:00,8.829999999205272
1788792043.785,1788791558.0,78.66191433333333,16.922470166666667,True,1,1,2026-09-07 14:32:38+00:00,8.833333333333334
1788792043.987,1788791558.2,78.66191433333333,16.922452333333336,True,1,1,2026-09-07 14:32:38.200000048+00:00,8.836699998378753
1788792044.185,1788791558.4,78.6619145,16.922434333333335,True,1,1,2026-09-07 14:32:38.400000095+00:00,8.839999997615815
1788792044.385,1788791558.6,78.66191466666668,16.922416333333334,True,1,1,2026-09-07 14:32:38.599999905+00:00,8.843333331743876
1788792044.583,1788791558.8,78.66191483333334,16.922398666666666,True,1,1,2026-09-07 14:32:38.799999952+00:00,8.846633330980938
1788792044.786,1788791559.0,78.66191516666666,16.922380999999998,True,1,1,2026-09-07 14:32:39+00:00,8.850016665458678
1788792044.986,1788791559.2,78.66191533333334,16.922363166666667,True,1,1,2026-09-07 14:32:39.200000048+00:00,8.853349999586742
1788792045.186,1788791559.4,78.6619155,16.9223455,True,1,1,2026-09-07 14:32:39.400000095+00:00,8.856683333714804
1788792045.386,1788791559.6,78.6619155,16.922327833333334,True,1,1,2026-09-07 14:32:39.599999905+00:00,8.860016663869223
1788792045.588,1788791559.8,78.66191583333332,16.922310333333332,True,1,1,2026-09-07 14:32:39.799999952+00:00,8.863383332888285
1788792045.786,1788791560.0,78.661916,16.9222925,True,1,1,2026-09-07 14:32:40+00:00,8.866683332125346
1788792045.985,1788791560.2,78.66191616666667,16.922274833333333,True,1,1,2026-09-07 14:32:40.200000048+00:00,8.869999996821086
1788792046.188,1788791560.4,78.66191633333332,16.922257166666668,True,1,1,2026-09-07 14:32:40.400000095+00:00,8.873383331298829
1788792046.383,1788791560.6,78.6619165,16.922239333333334,True,1,1,2026-09-07 14:32:40.599999905+00:00,8.876633330186207
1788792046.584,1788791560.8,78.66191666666667,16.922221666666665,True,1,1,2026-09-07 14:32:40.799999952+00:00,8.879983333746592
1788792046.786,1788791561.0,78.66191683333334,16.922203833333334,True,1,1,2026-09-07 14:32:41+00:00,8.883349998792012
1788792046.985,1788791561.2,78.66191699999999,16.922185833333334,True,1,1,2026-09-07 14:32:41.200000048+00:00,8.886666663487752
1788792047.184,1788791561.4,78.66191733333334,16.922168166666665,True,1,1,2026-09-07 14:32:41.400000095+00:00,8.889983332157135
1788792047.384,1788791561.6,78.6619175,16.92215033333333,True,1,1,2026-09-07 14:32:41.599999905+00:00,8.893316666285196
1788792047.585,1788791561.8,78.66191766666667,16.922132666666666,True,1,1,2026-09-07 14:32:41.799999952+00:00,8.896666665871939
1788792047.787,1788791562.0,78.661918,16.922115,True,1,1,2026-09-07 14:32:42+00:00,8.900033330917358
1788792047.985,1788791562.2,78.66191816666667,16.922097166666667,True,1,1,2026-09-07 14:32:42.200000048+00:00,8.90333333015442
1788792048.184,1788791562.4,78.6619185,16.922079666666665,True,1,1,2026-09-07 14:32:42.400000095+00:00,8.906649998823802
1788792048.386,1788791562.6,78.66191866666666,16.92206183333333,True,1,1,2026-09-07 14:32:42.599999905+00:00,8.910016663869222
1788792048.585,1788791562.8,78.661919,16.922044000000003,True,1,1,2026-09-07 14:32:42.799999952+00:00,8.913333332538604
1788792048.783,1788791563.0,78.66191916666666,16.92202616666667,True,1,1,2026-09-07 14:32:43+00:00,8.916633331775666
1788792048.989,1788791563.2,78.66191933333333,16.922008333333334,True,1,1,2026-09-07 14:32:43.200000048+00:00,8.920066666603088
1788792049.186,1788791563.4,78.66191966666666,16.921990666666666,True,1,1,2026-09-07 14:32:43.400000095+00:00,8.92335000038147
1788792049.385,1788791563.6,78.66191983333333,16.92197283333333,True,1,1,2026-09-07 14:32:43.599999905+00:00,8.92666666507721
1788792049.584,1788791563.8,78.66192016666668,16.921955,True,1,1,2026-09-07 14:32:43.799999952+00:00,8.929983333746593
1788792049.785,1788791564.0,78.66192033333333,16.921937166666666,True,1,1,2026-09-07 14:32:44+00:00,8.933333333333334
1788792049.994,1788791564.2,78.66192066666667,16.921919333333335,True,1,1,2026-09-07 14:32:44.200000048+00:00,8.936816664536794
1788792050.186,1788791564.4,78.66192083333334,16.921901666666667,True,1,1,2026-09-07 14:32:44.400000095+00:00,8.940016667048136
1788792050.386,1788791564.6,78.66192116666666,16.921883833333332,True,1,1,2026-09-07 14:32:44.599999905+00:00,8.943349997202555
1788792050.586,1788791564.8,78.66192133333334,16.921866,True,1,1,2026-09-07 14:32:44.799999952+00:00,8.946683331330616
1788792050.787,1788791565.0,78.66192166666666,16.921848333333333,True,1,1,2026-09-07 14:32:45+00:00,8.950033330917359
1788792050.987,1788791565.2,78.66192183333332,16.9218305,True,1,1,2026-09-07 14:32:45.200000048+00:00,8.95336666504542
1788792051.184,1788791565.4,78.66192216666667,16.921812666666664,True,1,1,2026-09-07 14:32:45.400000095+00:00,8.956649998823801
1788792051.383,1788791565.6,78.66192233333332,16.921795,True,1,1,2026-09-07 14:32:45.599999905+00:00,8.959966663519541
1788792051.583,1788791565.8,78.66192266666667,16.92177716666667,True,1,1,2026-09-07 14:32:45.799999952+00:00,8.963299997647603
1788792051.788,1788791566.0,78.66192283333334,16.921759666666667,True,1,1,2026-09-07 14:32:46+00:00,8.966716667016348
1788792051.987,1788791566.2,78.66192316666667,16.921742,True,1,1,2026-09-07 14:32:46.200000048+00:00,8.970033331712086
1788792052.187,1788791566.4,78.66192333333333,16.921724166666667,True,1,1,2026-09-07 14:32:46.400000095+00:00,8.97336666584015
1788792052.386,1788791566.6,78.66192366666668,16.921706500000003,True,1,1,2026-09-07 14:32:46.599999905+00:00,8.976683330535888
1788792052.594,1788791566.8,78.66192383333333,16.921688500000002,True,1,1,2026-09-07 14:32:46.799999952+00:00,8.980150000254314
1788792052.786,1788791567.0,78.66192416666667,16.921670666666667,True,1,1,2026-09-07 14:32:47+00:00,8.983349998792013
1788792052.984,1788791567.2,78.6619245,16.921653,True,1,1,2026-09-07 14:32:47.200000048+00:00,8.986649998029073
1788792053.186,1788791567.4,78.66192466666666,16.921635166666665,True,1,1,2026-09-07 14:32:47.400000095+00:00,8.990016667048137
1788792053.388,1788791567.6,78.66192500000001,16.921617333333334,True,1,1,2026-09-07 14:32:47.599999905+00:00,8.993383332093556
1788792053.586,1788791567.8,78.66192516666666,16.9215995,True,1,1,2026-09-07 14:32:47.799999952+00:00,8.996683331330617
1788792053.787,1788791568.0,78.66192550000001,16.921581833333335,True,1,1,2026-09-07 14:32:48+00:00,9.000033330917358
1788792053.986,1788791568.2,78.66192566666668,16.921564166666666,True,1,1,2026-09-07 14:32:48.200000048+00:00,9.00334999958674
1788792054.184,1788791568.4,78.661926,16.921546666666664,True,1,1,2026-09-07 14:32:48.400000095+00:00,9.006649998823802
1788792054.386,1788791568.6,78.66192633333334,16.921529,True,1,1,2026-09-07 14:32:48.599999905+00:00,9.010016663869221
1788792054.586,1788791568.8,78.66192649999999,16.92151116666667,True,1,1,2026-09-07 14:32:48.799999952+00:00,9.013349997997285
1788792054.787,1788791569.0,78.66192683333334,16.9214935,True,1,1,2026-09-07 14:32:49+00:00,9.016699997584025
1788792054.986,1788791569.2,78.661927,16.921475666666666,True,1,1,2026-09-07 14:32:49.200000048+00:00,9.020016666253408
1788792055.185,1788791569.4,78.66192733333334,16.921457999999998,True,1,1,2026-09-07 14:32:49.400000095+00:00,9.023333330949148
1788792055.386,1788791569.6,78.6619275,16.921440166666667,True,1,1,2026-09-07 14:32:49.599999905+00:00,9.026683330535889
1788792055.585,1788791569.8,78.66192783333332,16.921422333333332,True,1,1,2026-09-07 14:32:49.799999952+00:00,9.029999999205272
1788792055.787,1788791570.0,78.661928,16.9214045,True,1,1,2026-09-07 14:32:50+00:00,9.033366664250691
1788792055.987,1788791570.2,78.66192833333334,16.921386833333333,True,1,1,2026-09-07 14:32:50.200000048+00:00,9.036699998378754
1788792056.188,1788791570.4,78.6619285,16.921369000000002,True,1,1,2026-09-07 14:32:50.400000095+00:00,9.040049997965495
1788792056.387,1788791570.6,78.66192883333333,16.921351333333334,True,1,1,2026-09-07 14:32:50.599999905+00:00,9.043366666634878
1788792056.584,1788791570.8,78.66192916666667,16.9213335,True,1,1,2026-09-07 14:32:50.799999952+00:00,9.046650000413258
1788792056.785,1788791571.0,78.66192933333333,16.921316,True,1,1,2026-09-07 14:32:51+00:00,9.05
1788792056.983,1788791571.2,78.66192966666668,16.921298333333333,True,1,1,2026-09-07 14:32:51.200000048+00:00,9.05329999923706
1788792057.184,1788791571.4,78.66192983333333,16.9212805,True,1,1,2026-09-07 14:32:51.400000095+00:00,9.056649998823803
1788792057.386,1788791571.6,78.66193016666666,16.921262833333333,True,1,1,2026-09-07 14:32:51.599999905+00:00,9.060016663869222
1788792057.585,1788791571.8,78.6619305,16.921245166666665,True,1,1,2026-09-07 14:32:51.799999952+00:00,9.063333332538605
1788792057.786,1788791572.0,78.66193066666666,16.92122733333333,True,1,1,2026-09-07 14:32:52+00:00,9.066683332125345
1788792057.987,1788791572.2,78.66193100000001,16.921209666666666,True,1,1,2026-09-07 14:32:52.200000048+00:00,9.070033331712088
1788792058.185,1788791572.4,78.66193133333333,16.921192,True,1,1,2026-09-07 14:32:52.400000095+00:00,9.073333330949147
1788792058.384,1788791572.6,78.66193150000001,16.921174,True,1,1,2026-09-07 14:32:52.599999905+00:00,9.07664999961853
1788792058.586,1788791572.8,78.66193183333333,16.921156166666666,True,1,1,2026-09-07 14:32:52.799999952+00:00,9.080016664663951
1788792058.786,1788791573.0,78.661932,16.921138166666665,True,1,1,2026-09-07 14:32:53+00:00,9.083349998792013
1788792058.986,1788791573.2,78.66193233333334,16.92112033333333,True,1,1,2026-09-07 14:32:53.200000048+00:00,9.086683332920074
1788792059.186,1788791573.4,78.66193249999999,16.921102333333334,True,1,1,2026-09-07 14:32:53.400000095+00:00,9.090016667048136
1788792059.387,1788791573.6,78.66193283333334,16.921084666666665,True,1,1,2026-09-07 14:32:53.599999905+00:00,9.093366666634877
1788792059.585,1788791573.8,78.661933,16.921066833333335,True,1,1,2026-09-07 14:32:53.799999952+00:00,9.096666665871938
1788792059.783,1788791574.0,78.66193333333334,16.921049,True,1,1,2026-09-07 14:32:54+00:00,9.099966665109
1788792059.987,1788791574.2,78.6619335,16.921031333333335,True,1,1,2026-09-07 14:32:54.200000048+00:00,9.10336666504542
1788792060.186,1788791574.4,78.66193383333332,16.9210135,True,1,1,2026-09-07 14:32:54.400000095+00:00,9.106683333714804
1788792060.388,1788791574.6,78.66193416666667,16.920995666666666,True,1,1,2026-09-07 14:32:54.599999905+00:00,9.110049998760223
1788792060.586,1788791574.8,78.66193433333333,16.920977833333332,True,1,1,2026-09-07 14:32:54.799999952+00:00,9.113349997997284
1788792060.785,1788791575.0,78.66193466666667,16.920959999999997,True,1,1,2026-09-07 14:32:55+00:00,9.116666666666667
1788792060.985,1788791575.2,78.66193483333333,16.92094216666667,True,1,1,2026-09-07 14:32:55.200000048+00:00,9.119999996821086
1788792061.184,1788791575.4,78.661935,16.92092416666667,True,1,1,2026-09-07 14:32:55.400000095+00:00,9.123316665490469
1788792061.386,1788791575.6,78.66193533333333,16.9209065,True,1,1,2026-09-07 14:32:55.599999905+00:00,9.126683330535888
1788792061.586,1788791575.8,78.66193566666668,16.920888833333333,True,1,1,2026-09-07 14:32:55.799999952+00:00,9.13001666466395
1788792061.786,1788791576.0,78.66193583333333,16.920870999999998,True,1,1,2026-09-07 14:32:56+00:00,9.133349998792012
1788792061.986,1788791576.2,78.661936,16.920853333333334,True,1,1,2026-09-07 14:32:56.200000048+00:00,9.136683332920075
1788792062.187,1788791576.4,78.66193633333334,16.920835333333333,True,1,1,2026-09-07 14:32:56.400000095+00:00,9.140033332506816
1788792062.386,1788791576.6,78.6619365,16.920817666666668,True,1,1,2026-09-07 14:32:56.599999905+00:00,9.143349997202556
1788792062.582,1788791576.8,78.66193683333333,16.920799833333334,True,1,1,2026-09-07 14:32:56.799999952+00:00,9.146616665522258
1788792062.785,1788791577.0,78.66193700000001,16.920781833333333,True,1,1,2026-09-07 14:32:57+00:00,9.15
1788792062.984,1788791577.2,78.66193733333333,16.920764000000002,True,1,1,2026-09-07 14:32:57.200000048+00:00,9.15331666469574
1788792063.186,1788791577.4,78.66193750000001,16.920746,True,1,1,2026-09-07 14:32:57.400000095+00:00,9.156683333714803
1788792063.386,1788791577.6,78.66193766666667,16.920728166666667,True,1,1,2026-09-07 14:32:57.599999905+00:00,9.160016663869222
1788792063.585,1788791577.8,78.66193799999999,16.9207105,True,1,1,2026-09-07 14:32:57.799999952+00:00,9.163333332538604
1788792063.787,1788791578.0,78.66193816666667,16.920692666666664,True,1,1,2026-09-07 14:32:58+00:00,9.166699997584026
1788792063.986,1788791578.2,78.66193849999999,16.920674833333333,True,1,1,2026-09-07 14:32:58.200000048+00:00,9.170016666253408
1788792064.186,1788791578.4,78.66193883333334,16.920657000000002,True,1,1,2026-09-07 14:32:58.400000095+00:00,9.17335000038147
1788792064.387,1788791578.6,78.661939,16.920639166666668,True,1,1,2026-09-07 14:32:58.599999905+00:00,9.17669999996821
1788792064.587,1788791578.8,78.66193933333334,16.920621333333333,True,1,1,2026-09-07 14:32:58.799999952+00:00,9.18003333012263
1788792064.787,1788791579.0,78.6619395,16.920603500000002,True,1,1,2026-09-07 14:32:59+00:00,9.183366664250691
1788792064.987,1788791579.2,78.66193983333332,16.920585666666668,True,1,1,2026-09-07 14:32:59.200000048+00:00,9.186699998378753
1788792065.185,1788791579.4,78.66194016666667,16.920567833333333,True,1,1,2026-09-07 14:32:59.400000095+00:00,9.189999997615814
1788792065.383,1788791579.6,78.66194033333333,16.92055,True,1,1,2026-09-07 14:32:59.599999905+00:00,9.193299996852875
1788792065.586,1788791579.8,78.66194066666667,16.920532166666664,True,1,1,2026-09-07 14:32:59.799999952+00:00,9.196683331330616
1788792065.788,1788791580.0,78.66194083333333,16.920514333333333,True,1,1,2026-09-07 14:33:00+00:00,9.20005000034968
1788792066.0,1788791580.2,78.66194116666667,16.92049666666667,True,1,1,2026-09-07 14:33:00.200000048+00:00,9.203583331902822
1788792066.185,1788791580.4,78.6619415,16.920478833333334,True,1,1,2026-09-07 14:33:00.400000095+00:00,9.206666664282482
1788792066.383,1788791580.6,78.66194166666668,16.920460833333333,True,1,1,2026-09-07 14:33:00.599999905+00:00,9.209966663519541
1788792066.583,1788791580.8,78.661942,16.920443,True,1,1,2026-09-07 14:33:00.799999952+00:00,9.213299997647603
1788792066.785,1788791581.0,78.66194216666666,16.920425333333334,True,1,1,2026-09-07 14:33:01+00:00,9.216666666666667
1788792066.985,1788791581.2,78.6619425,16.920407666666666,True,1,1,2026-09-07 14:33:01.200000048+00:00,9.219999996821086
1788792067.186,1788791581.4,78.66194283333333,16.920389833333335,True,1,1,2026-09-07 14:33:01.400000095+00:00,9.223350000381469
1788792067.387,1788791581.6,78.66194316666666,16.920372333333333,True,1,1,2026-09-07 14:33:01.599999905+00:00,9.226699999968211
1788792067.587,1788791581.8,78.66194333333333,16.9203545,True,1,1,2026-09-07 14:33:01.799999952+00:00,9.23003333012263
1788792067.787,1788791582.0,78.66194366666667,16.920337,True,1,1,2026-09-07 14:33:02+00:00,9.233366664250692
1788792067.985,1788791582.2,78.66194399999999,16.920319166666665,True,1,1,2026-09-07 14:33:02.200000048+00:00,9.236666663487751
1788792068.186,1788791582.4,78.66194433333334,16.920301333333335,True,1,1,2026-09-07 14:33:02.400000095+00:00,9.240016667048137
1788792068.388,1788791582.6,78.66194449999999,16.920283666666666,True,1,1,2026-09-07 14:33:02.599999905+00:00,9.243383332093556
1788792068.587,1788791582.8,78.66194483333334,16.920266,True,1,1,2026-09-07 14:33:02.799999952+00:00,9.246699996789296
1788792068.786,1788791583.0,78.66194516666665,16.920248333333333,True,1,1,2026-09-07 14:33:03+00:00,9.250016665458679
1788792068.986,1788791583.2,78.6619455,16.9202305,True,1,1,2026-09-07 14:33:03.200000048+00:00,9.25334999958674
1788792069.187,1788791583.4,78.66194566666667,16.920212833333334,True,1,1,2026-09-07 14:33:03.400000095+00:00,9.256699999173483
1788792069.386,1788791583.6,78.661946,16.920195166666666,True,1,1,2026-09-07 14:33:03.599999905+00:00,9.260016663869221
1788792069.585,1788791583.8,78.66194633333333,16.92017716666667,True,1,1,2026-09-07 14:33:03.799999952+00:00,9.263333332538604
1788792069.786,1788791584.0,78.66194666666667,16.9201595,True,1,1,2026-09-07 14:33:04+00:00,9.266683332125346
1788792069.985,1788791584.2,78.66194683333333,16.920141666666666,True,1,1,2026-09-07 14:33:04.200000048+00:00,9.269999996821086
1788792070.184,1788791584.4,78.66194716666668,16.92012383333333,True,1,1,2026-09-07 14:33:04.400000095+00:00,9.273316665490468
1788792070.384,1788791584.6,78.6619475,16.92010583333333,True,1,1,2026-09-07 14:33:04.599999905+00:00,9.276649999618531
1788792070.585,1788791584.8,78.66194766666668,16.920088,True,1,1,2026-09-07 14:33:04.799999952+00:00,9.279999999205272
1788792070.783,1788791585.0,78.661948,16.92007016666667,True,1,1,2026-09-07 14:33:05+00:00,9.283299998442333
1788792070.986,1788791585.2,78.66194833333334,16.920052333333334,True,1,1,2026-09-07 14:33:05.200000048+00:00,9.286683332920074
1788792071.184,1788791585.4,78.66194850000001,16.920034333333334,True,1,1,2026-09-07 14:33:05.400000095+00:00,9.289983332157135
1788792071.387,1788791585.6,78.66194883333333,16.9200165,True,1,1,2026-09-07 14:33:05.599999905+00:00,9.293366666634878
1788792071.584,1788791585.8,78.66194916666667,16.919998666666668,True,1,1,2026-09-07 14:33:05.799999952+00:00,9.296650000413258
1788792071.785,1788791586.0,78.66194933333333,16.919980833333334,True,1,1,2026-09-07 14:33:06+00:00,9.3
1788792071.985,1788791586.2,78.66194966666667,16.919963,True,1,1,2026-09-07 14:33:06.200000048+00:00,9.30333333015442
1788792072.181,1788791586.4,78.66194983333334,16.919945166666665,True,1,1,2026-09-07 14:33:06.400000095+00:00,9.306599998474121
1788792072.384,1788791586.6,78.66195016666667,16.91992733333333,True,1,1,2026-09-07 14:33:06.599999905+00:00,9.309983332951864
1788792072.583,1788791586.8,78.6619505,16.919909500000003,True,1,1,2026-09-07 14:33:06.799999952+00:00,9.313299997647603
1788792072.784,1788791587.0,78.66195066666667,16.91989166666667,True,1,1,2026-09-07 14:33:07+00:00,9.316649997234345
1788792072.986,1788791587.2,78.661951,16.919874,True,1,1,2026-09-07 14:33:07.200000048+00:00,9.320016666253407
1788792073.187,1788791587.4,78.66195133333333,16.919856166666666,True,1,1,2026-09-07 14:33:07.400000095+00:00,9.32336666584015
1788792073.387,1788791587.6,78.6619515,16.9198385,True,1,1,2026-09-07 14:33:07.599999905+00:00,9.326699999968211
1788792073.59,1788791587.8,78.66195183333333,16.919820666666666,True,1,1,2026-09-07 14:33:07.799999952+00:00,9.330083330472311
1788792073.785,1788791588.0,78.661952,16.919802833333332,True,1,1,2026-09-07 14:33:08+00:00,9.333333333333334
1788792074.0,1788791588.2,78.66195233333333,16.919785,True,1,1,2026-09-07 14:33:08.200000048+00:00,9.336916665236155
1788792074.186,1788791588.4,78.66195250000001,16.919767166666666,True,1,1,2026-09-07 14:33:08.400000095+00:00,9.340016667048136
1788792074.388,1788791588.6,78.66195266666666,16.9197495,True,1,1,2026-09-07 14:33:08.599999905+00:00,9.343383332093557
1788792074.586,1788791588.8,78.661953,16.919731833333334,True,1,1,2026-09-07 14:33:08.799999952+00:00,9.346683331330617
1788792074.786,1788791589.0,78.66195316666668,16.919714166666665,True,1,1,2026-09-07 14:33:09+00:00,9.350016665458678
1788792074.983,1788791589.2,78.66195333333333,16.9196965,True,1,1,2026-09-07 14:33:09.200000048+00:00,9.353299999237061
1788792075.185,1788791589.4,78.6619535,16.919678833333332,True,1,1,2026-09-07 14:33:09.400000095+00:00,9.35666666428248
1788792075.386,1788791589.6,78.66195366666668,16.919661,True,1,1,2026-09-07 14:33:09.599999905+00:00,9.360016663869223
1788792075.586,1788791589.8,78.66195383333334,16.919643333333333,True,1,1,2026-09-07 14:33:09.799999952+00:00,9.363349997997284
1788792075.786,1788791590.0,78.66195416666666,16.9196255,True,1,1,2026-09-07 14:33:10+00:00,9.366683332125346
1788792075.986,1788791590.2,78.66195433333334,16.919607833333334,True,1,1,2026-09-07 14:33:10.200000048+00:00,9.370016666253408
1788792076.186,1788791590.4,78.66195433333334,16.91959016666667,True,1,1,2026-09-07 14:33:10.400000095+00:00,9.37335000038147
1788792076.384,1788791590.6,78.66195450000001,16.9195725,True,1,1,2026-09-07 14:33:10.599999905+00:00,9.37664999961853
1788792076.586,1788791590.8,78.66195466666666,16.919554666666667,True,1,1,2026-09-07 14:33:10.799999952+00:00,9.38001666466395
1788792076.785,1788791591.0,78.66195483333333,16.919537,True,1,1,2026-09-07 14:33:11+00:00,9.383333333333333
1788792076.984,1788791591.2,78.661955,16.919519166666664,True,1,1,2026-09-07 14:33:11.200000048+00:00,9.386649998029073
1788792077.184,1788791591.4,78.66195516666667,16.919501500000003,True,1,1,2026-09-07 14:33:11.400000095+00:00,9.389983332157135
1788792077.385,1788791591.6,78.66195516666667,16.919483666666668,True,1,1,2026-09-07 14:33:11.599999905+00:00,9.393333331743877
1788792077.585,1788791591.8,78.66195533333332,16.919466,True,1,1,2026-09-07 14:33:11.799999952+00:00,9.396666665871939
1788792077.787,1788791592.0,78.6619555,16.91944833333333,True,1,1,2026-09-07 14:33:12+00:00,9.400033330917358
1788792077.987,1788791592.2,78.6619555,16.919430499999997,True,1,1,2026-09-07 14:33:12.200000048+00:00,9.40336666504542
1788792078.185,1788791592.4,78.6619555,16.919412833333336,True,1,1,2026-09-07 14:33:12.400000095+00:00,9.406666664282481
1788792078.386,1788791592.6,78.66195566666667,16.919395,True,1,1,2026-09-07 14:33:12.599999905+00:00,9.410016663869222
1788792078.586,1788791592.8,78.66195566666667,16.919377166666667,True,1,1,2026-09-07 14:33:12.799999952+00:00,9.413349997997283
1788792078.787,1788791593.0,78.66195566666667,16.919359333333333,True,1,1,2026-09-07 14:33:13+00:00,9.416699997584026
1788792078.985,1788791593.2,78.66195566666667,16.919341666666664,True,1,1,2026-09-07 14:33:13.200000048+00:00,9.419999996821085
1788792079.183,1788791593.4,78.66195566666667,16.919324,True,1,1,2026-09-07 14:33:13.400000095+00:00,9.423300000031789
1788792079.386,1788791593.6,78.66195566666667,16.919306,True,1,1,2026-09-07 14:33:13.599999905+00:00,9.426683330535889
1788792079.586,1788791593.8,78.66195566666667,16.919288333333334,True,1,1,2026-09-07 14:33:13.799999952+00:00,9.43001666466395
1788792079.786,1788791594.0,78.66195566666667,16.9192705,True,1,1,2026-09-07 14:33:14+00:00,9.433349998792012
1788792079.988,1788791594.2,78.66195566666667,16.91925266666667,True,1,1,2026-09-07 14:33:14.200000048+00:00,9.436716663837434
1788792080.186,1788791594.4,78.6619555,16.919235,True,1,1,2026-09-07 14:33:14.400000095+00:00,9.440016667048136
1788792080.388,1788791594.6,78.6619555,16.9192175,True,1,1,2026-09-07 14:33:14.599999905+00:00,9.443383332093557
1788792080.587,1788791594.8,78.6619555,16.9192,True,1,1,2026-09-07 14:33:14.799999952+00:00,9.446699996789297
1788792080.787,1788791595.0,78.66195533333332,16.91918233333333,True,1,1,2026-09-07 14:33:15+00:00,9.450033330917359
1788792080.987,1788791595.2,78.66195533333332,16.919164833333333,True,1,1,2026-09-07 14:33:15.200000048+00:00,9.45336666504542
1788792081.186,1788791595.4,78.66195516666667,16.919147,True,1,1,2026-09-07 14:33:15.400000095+00:00,9.456683333714803
1788792081.387,1788791595.6,78.661955,16.9191295,True,1,1,2026-09-07 14:33:15.599999905+00:00,9.460033333301544
1788792081.584,1788791595.8,78.661955,16.919111833333332,True,1,1,2026-09-07 14:33:15.799999952+00:00,9.463316667079926
1788792081.784,1788791596.0,78.66195483333333,16.91909433333333,True,1,1,2026-09-07 14:33:16+00:00,9.466649997234345
1788792081.987,1788791596.2,78.66195466666666,16.919077,True,1,1,2026-09-07 14:33:16.200000048+00:00,9.470033331712086
1788792082.187,1788791596.4,78.66195450000001,16.919059833333332,True,1,1,2026-09-07 14:33:16.400000095+00:00,9.47336666584015
1788792082.387,1788791596.6,78.66195433333334,16.919043,True,1,1,2026-09-07 14:33:16.599999905+00:00,9.476699999968211
1788792082.586,1788791596.8,78.661954,16.919026,True,1,1,2026-09-07 14:33:16.799999952+00:00,9.480016664663951
1788792082.783,1788791597.0,78.66195383333334,16.919009666666668,True,1,1,2026-09-07 14:33:17+00:00,9.483299998442332
1788792082.984,1788791597.2,78.6619535,16.918993333333333,True,1,1,2026-09-07 14:33:17.200000048+00:00,9.486649998029073
1788792083.184,1788791597.4,78.66195316666668,16.91897733333333,True,1,1,2026-09-07 14:33:17.400000095+00:00,9.489983332157134
1788792083.388,1788791597.6,78.66195283333333,16.9189615,True,1,1,2026-09-07 14:33:17.599999905+00:00,9.493383332093556
1788792083.586,1788791597.8,78.66195250000001,16.918945833333332,True,1,1,2026-09-07 14:33:17.799999952+00:00,9.496683331330617
1788792083.787,1788791598.0,78.661952,16.9189305,True,1,1,2026-09-07 14:33:18+00:00,9.500033330917358
1788792083.987,1788791598.2,78.6619515,16.9189155,True,1,1,2026-09-07 14:33:18.200000048+00:00,9.503366665045421
1788792084.186,1788791598.4,78.661951,16.918900666666666,True,1,1,2026-09-07 14:33:18.400000095+00:00,9.506683333714802
1788792084.387,1788791598.6,78.6619505,16.918886166666667,True,1,1,2026-09-07 14:33:18.599999905+00:00,9.510033333301545
1788792084.583,1788791598.8,78.66194999999999,16.918871833333334,True,1,1,2026-09-07 14:33:18.799999952+00:00,9.513299997647604
1788792084.786,1788791599.0,78.66194933333333,16.918857833333334,True,1,1,2026-09-07 14:33:19+00:00,9.516683332125346
1788792084.984,1788791599.2,78.66194883333333,16.918844,True,1,1,2026-09-07 14:33:19.200000048+00:00,9.519983331362406
1788792085.186,1788791599.4,78.66194816666666,16.918830333333336,True,1,1,2026-09-07 14:33:19.400000095+00:00,9.52335000038147
1788792085.387,1788791599.6,78.6619475,16.918817,True,1,1,2026-09-07 14:33:19.599999905+00:00,9.52669999996821
1788792085.584,1788791599.8,78.66194666666667,16.918803833333335,True,1,1,2026-09-07 14:33:19.799999952+00:00,9.529983333746593
1788792085.787,1788791600.0,78.661946,16.918791166666665,True,1,1,2026-09-07 14:33:20+00:00,9.533366664250691
1788792085.984,1788791600.2,78.66194516666665,16.918778666666665,True,1,1,2026-09-07 14:33:20.200000048+00:00,9.536649998029073
1788792086.184,1788791600.4,78.66194433333334,16.918766666666667,True,1,1,2026-09-07 14:33:20.400000095+00:00,9.539983332157135
1788792086.386,1788791600.6,78.6619435,16.91875483333333,True,1,1,2026-09-07 14:33:20.599999905+00:00,9.543349997202556
1788792086.587,1788791600.8,78.66194266666666,16.918743166666665,True,1,1,2026-09-07 14:33:20.799999952+00:00,9.546699996789297
1788792086.788,1788791601.0,78.66194183333333,16.918731833333332,True,1,1,2026-09-07 14:33:21+00:00,9.55005000034968
1788792086.985,1788791601.2,78.661941,16.918720833333335,True,1,1,2026-09-07 14:33:21.200000048+00:00,9.55333333015442
1788792087.183,1788791601.4,78.66194,16.918710333333333,True,1,1,2026-09-07 14:33:21.400000095+00:00,9.556633333365122
1788792087.381,1788791601.6,78.66193916666666,16.918700166666667,True,1,1,2026-09-07 14:33:21.599999905+00:00,9.559933332602183
1788792087.584,1788791601.8,78.66193816666667,16.918690333333334,True,1,1,2026-09-07 14:33:21.799999952+00:00,9.563316667079926
1788792087.784,1788791602.0,78.66193716666666,16.918680833333333,True,1,1,2026-09-07 14:33:22+00:00,9.566649997234345
1788792087.984,1788791602.2,78.66193633333334,16.91867166666667,True,1,1,2026-09-07 14:33:22.200000048+00:00,9.569983331362407
1788792088.184,1788791602.4,78.66193533333333,16.918662833333332,True,1,1,2026-09-07 14:33:22.400000095+00:00,9.573316665490468
1788792088.384,1788791602.6,78.66193433333333,16.918654166666666,True,1,1,2026-09-07 14:33:22.599999905+00:00,9.57664999961853
1788792088.585,1788791602.8,78.66193333333334,16.918645833333336,True,1,1,2026-09-07 14:33:22.799999952+00:00,9.579999999205272
1788792088.784,1788791603.0,78.66193216666667,16.918637333333333,True,1,1,2026-09-07 14:33:23+00:00,9.58331666390101
1788792088.987,1788791603.2,78.66193116666666,16.9186295,True,1,1,2026-09-07 14:33:23.200000048+00:00,9.586699998378753
1788792089.187,1788791603.4,78.66193,16.918621666666663,True,1,1,2026-09-07 14:33:23.400000095+00:00,9.590033332506815
1788792089.386,1788791603.6,78.661929,16.918614333333334,True,1,1,2026-09-07 14:33:23.599999905+00:00,9.593349997202555
1788792089.584,1788791603.8,78.66192783333332,16.918607166666668,True,1,1,2026-09-07 14:33:23.799999952+00:00,9.596650000413259
1788792089.786,1788791604.0,78.66192683333334,16.918600166666668,True,1,1,2026-09-07 14:33:24+00:00,9.600016665458678
1788792089.986,1788791604.2,78.66192566666668,16.918593166666668,True,1,1,2026-09-07 14:33:24.200000048+00:00,9.603349999586742
1788792090.183,1788791604.4,78.6619245,16.9185865,True,1,1,2026-09-07 14:33:24.400000095+00:00,9.606633333365123
1788792090.385,1788791604.6,78.66192333333333,16.918579833333336,True,1,1,2026-09-07 14:33:24.599999905+00:00,9.609999998410542
1788792090.586,1788791604.8,78.66192216666667,16.918573,True,1,1,2026-09-07 14:33:24.799999952+00:00,9.613349997997284
1788792090.785,1788791605.0,78.66192099999999,16.918566833333333,True,1,1,2026-09-07 14:33:25+00:00,9.616666666666667
1788792090.985,1788791605.2,78.66192,16.918560666666668,True,1,1,2026-09-07 14:33:25.200000048+00:00,9.619999996821086
1788792091.186,1788791605.4,78.66191883333333,16.918554500000003,True,1,1,2026-09-07 14:33:25.400000095+00:00,9.62335000038147
1788792091.386,1788791605.6,78.66191766666667,16.918548833333332,True,1,1,2026-09-07 14:33:25.599999905+00:00,9.626683330535888
1788792091.584,1788791605.8,78.6619165,16.918543333333332,True,1,1,2026-09-07 14:33:25.799999952+00:00,9.629983333746592
1788792091.786,1788791606.0,78.6619155,16.9185385,True,1,1,2026-09-07 14:33:26+00:00,9.633349998792012
1788792091.986,1788791606.2,78.6619145,16.91853366666667,True,1,1,2026-09-07 14:33:26.200000048+00:00,9.636683332920075
1788792092.186,1788791606.4,78.66191350000001,16.918529499999998,True,1,1,2026-09-07 14:33:26.400000095+00:00,9.640016667048137
1788792092.387,1788791606.6,78.6619125,16.91852533333333,True,1,1,2026-09-07 14:33:26.599999905+00:00,9.643366666634877
1788792092.584,1788791606.8,78.6619115,16.9185215,True,1,1,2026-09-07 14:33:26.799999952+00:00,9.646650000413258
1788792092.785,1788791607.0,78.6619105,16.918517833333333,True,1,1,2026-09-07 14:33:27+00:00,9.65
1788792092.981,1788791607.2,78.66190950000001,16.918514166666668,True,1,1,2026-09-07 14:33:27.200000048+00:00,9.65326666434606
1788792093.183,1788791607.4,78.6619085,16.91851066666667,True,1,1,2026-09-07 14:33:27.400000095+00:00,9.656633333365123
1788792093.387,1788791607.6,78.66190750000001,16.918507499999997,True,1,1,2026-09-07 14:33:27.599999905+00:00,9.660033333301545
1788792093.585,1788791607.8,78.6619065,16.918504833333333,True,1,1,2026-09-07 14:33:27.799999952+00:00,9.663333332538604
1788792093.785,1788791608.0,78.66190566666667,16.918502166666666,True,1,1,2026-09-07 14:33:28+00:00,9.666666666666666
1788792093.988,1788791608.2,78.66190483333334,16.918500166666668,True,1,1,2026-09-07 14:33:28.200000048+00:00,9.670049997170766
1788792094.187,1788791608.4,78.661904,16.918498166666666,True,1,1,2026-09-07 14:33:28.400000095+00:00,9.673366665840149
1788792094.386,1788791608.6,78.661903,16.918496166666667,True,1,1,2026-09-07 14:33:28.599999905+00:00,9.676683330535889
1788792094.586,1788791608.8,78.661902,16.918494,True,1,1,2026-09-07 14:33:28.799999952+00:00,9.68001666466395
1788792094.785,1788791609.0,78.66190116666667,16.918491833333334,True,1,1,2026-09-07 14:33:29+00:00,9.683333333333334
1788792094.987,1788791609.2,78.66190016666665,16.918489833333336,True,1,1,2026-09-07 14:33:29.200000048+00:00,9.686699998378753
1788792095.188,1788791609.4,78.66189933333334,16.918487833333334,True,1,1,2026-09-07 14:33:29.400000095+00:00,9.690049997965495
1788792095.386,1788791609.6,78.6618985,16.918485999999998,True,1,1,2026-09-07 14:33:29.599999905+00:00,9.693349997202555
1788792095.585,1788791609.8,78.66189766666666,16.918484499999998,True,1,1,2026-09-07 14:33:29.799999952+00:00,9.696666665871938
1788792095.785,1788791610.0,78.66189683333333,16.918483,True,1,1,2026-09-07 14:33:30+00:00,9.7
1788792095.989,1788791610.2,78.661896,16.9184815,True,1,1,2026-09-07 14:33:30.200000048+00:00,9.70339999993642
1788792096.187,1788791610.4,78.66189516666667,16.918480499999998,True,1,1,2026-09-07 14:33:30.400000095+00:00,9.706699999173482
1788792096.387,1788791610.6,78.6618945,16.9184795,True,1,1,2026-09-07 14:33:30.599999905+00:00,9.710033333301544
1788792096.585,1788791610.8,78.66189366666667,16.9184785,True,1,1,2026-09-07 14:33:30.799999952+00:00,9.713333332538605
1788792096.789,1788791611.0,78.66189283333333,16.918477499999998,True,1,1,2026-09-07 14:33:31+00:00,9.716733332475027
1788792096.986,1788791611.2,78.66189216666666,16.918476333333334,True,1,1,2026-09-07 14:33:31.200000048+00:00,9.720016666253407
1788792097.183,1788791611.4,78.66189133333334,16.9184755,True,1,1,2026-09-07 14:33:31.400000095+00:00,9.72330000003179
1788792097.384,1788791611.6,78.66189066666668,16.91847466666667,True,1,1,2026-09-07 14:33:31.599999905+00:00,9.72664999961853
1788792097.585,1788791611.8,78.66189,16.918474,True,1,1,2026-09-07 14:33:31.799999952+00:00,9.72999999920527
1788792097.786,1788791612.0,78.66188933333333,16.91847316666667,True,1,1,2026-09-07 14:33:32+00:00,9.733349998792013
1788792097.986,1788791612.2,78.66188866666667,16.918472333333334,True,1,1,2026-09-07 14:33:32.200000048+00:00,9.736683332920075
1788792098.187,1788791612.4,78.661888,16.9184715,True,1,1,2026-09-07 14:33:32.400000095+00:00,9.740033332506815
1788792098.383,1788791612.6,78.66188733333334,16.918470833333334,True,1,1,2026-09-07 14:33:32.599999905+00:00,9.743299996852874
1788792098.587,1788791612.8,78.66188683333333,16.918470333333335,True,1,1,2026-09-07 14:33:32.799999952+00:00,9.746699996789296
1788792098.786,1788791613.0,78.66188616666666,16.91847,True,1,1,2026-09-07 14:33:33+00:00,9.750016665458679
1788792098.985,1788791613.2,78.66188566666666,16.918469666666667,True,1,1,2026-09-07 14:33:33.200000048+00:00,9.753333330154419
1788792099.185,1788791613.4,78.66188516666666,16.918469,True,1,1,2026-09-07 14:33:33.400000095+00:00,9.75666666428248
1788792099.385,1788791613.6,78.66188466666668,16.91846866666667,True,1,1,2026-09-07 14:33:33.599999905+00:00,9.759999998410542
1788792099.585,1788791613.8,78.66188416666667,16.918468,True,1,1,2026-09-07 14:33:33.799999952+00:00,9.763333332538604
1788792099.783,1788791614.0,78.6618835,16.91846766666667,True,1,1,2026-09-07 14:33:34+00:00,9.766633331775665
1788792099.986,1788791614.2,78.66188316666667,16.918467333333336,True,1,1,2026-09-07 14:33:34.200000048+00:00,9.770016666253408
1788792100.185,1788791614.4,78.66188266666667,16.918466666666667,True,1,1,2026-09-07 14:33:34.400000095+00:00,9.773333330949148
1788792100.386,1788791614.6,78.66188216666666,16.91846616666667,True,1,1,2026-09-07 14:33:34.599999905+00:00,9.776683330535889
1788792100.585,1788791614.8,78.66188166666667,16.918465833333336,True,1,1,2026-09-07 14:33:34.799999952+00:00,9.779999999205272
1788792100.785,1788791615.0,78.66188133333334,16.918465166666667,True,1,1,2026-09-07 14:33:35+00:00,9.783333333333333
1788792100.986,1788791615.2,78.66188083333333,16.918465,True,1,1,2026-09-07 14:33:35.200000048+00:00,9.786683332920074
1788792101.184,1788791615.4,78.66188033333333,16.918464500000002,True,1,1,2026-09-07 14:33:35.400000095+00:00,9.789983332157135
1788792101.387,1788791615.6,78.66188000000001,16.918464333333336,True,1,1,2026-09-07 14:33:35.599999905+00:00,9.793366666634878
1788792101.588,1788791615.8,78.6618795,16.91846416666667,True,1,1,2026-09-07 14:33:35.799999952+00:00,9.796716666221618
1788792101.787,1788791616.0,78.66187916666667,16.91846383333333,True,1,1,2026-09-07 14:33:36+00:00,9.800033330917358
1788792101.987,1788791616.2,78.66187866666668,16.918463166666665,True,1,1,2026-09-07 14:33:36.200000048+00:00,9.80336666504542
1788792102.186,1788791616.4,78.66187833333333,16.918463,True,1,1,2026-09-07 14:33:36.400000095+00:00,9.806683333714803
1788792102.385,1788791616.6,78.66187799999999,16.91846333333333,True,1,1,2026-09-07 14:33:36.599999905+00:00,9.809999998410543
1788792102.583,1788791616.8,78.6618775,16.918463666666664,True,1,1,2026-09-07 14:33:36.799999952+00:00,9.813299997647603
1788792102.787,1788791617.0,78.66187716666667,16.918463666666664,True,1,1,2026-09-07 14:33:37+00:00,9.816699997584026
1788792102.985,1788791617.2,78.66187683333332,16.918463,True,1,1,2026-09-07 14:33:37.200000048+00:00,9.819999996821085
1788792103.184,1788791617.4,78.66187633333334,16.91846233333333,True,1,1,2026-09-07 14:33:37.400000095+00:00,9.823316665490468
1788792103.387,1788791617.6,78.66187599999999,16.918462166666664,True,1,1,2026-09-07 14:33:37.599999905+00:00,9.826699999968211
1788792103.585,1788791617.8,78.66187566666667,16.918462833333333,True,1,1,2026-09-07 14:33:37.799999952+00:00,9.829999999205272
1788792103.786,1788791618.0,78.66187533333333,16.918463499999998,True,1,1,2026-09-07 14:33:38+00:00,9.833349998792013
1788792103.985,1788791618.2,78.661875,16.91846333333333,True,1,1,2026-09-07 14:33:38.200000048+00:00,9.836666663487753
1788792104.187,1788791618.4,78.66187450000001,16.918462666666667,True,1,1,2026-09-07 14:33:38.400000095+00:00,9.840033332506815
1788792104.389,1788791618.6,78.66187416666666,16.918461999999998,True,1,1,2026-09-07 14:33:38.599999905+00:00,9.843399997552236
1788792104.587,1788791618.8,78.66187383333333,16.91846233333333,True,1,1,2026-09-07 14:33:38.799999952+00:00,9.846699996789296
1788792104.786,1788791619.0,78.66187366666666,16.918463,True,1,1,2026-09-07 14:33:39+00:00,9.850016665458678
1788792104.986,1788791619.2,78.66187333333333,16.91846333333333,True,1,1,2026-09-07 14:33:39.200000048+00:00,9.853349999586742
1788792105.186,1788791619.4,78.66187283333333,16.918462499999997,True,1,1,2026-09-07 14:33:39.400000095+00:00,9.856683333714804
1788792105.39,1788791619.6,78.6618725,16.918461333333333,True,1,1,2026-09-07 14:33:39.599999905+00:00,9.860083333651225
1788792105.585,1788791619.8,78.66187216666667,16.918460999999997,True,1,1,2026-09-07 14:33:39.799999952+00:00,9.863333332538605
1788792105.785,1788791620.0,78.66187183333334,16.918461333333333,True,1,1,2026-09-07 14:33:40+00:00,9.866666666666667
1788792105.983,1788791620.2,78.6618715,16.918461666666666,True,1,1,2026-09-07 14:33:40.200000048+00:00,9.869966665903727
1788792106.186,1788791620.4,78.66187116666667,16.918461166666667,True,1,1,2026-09-07 14:33:40.400000095+00:00,9.87335000038147
1788792106.385,1788791620.6,78.66187066666666,16.91846,True,1,1,2026-09-07 14:33:40.599999905+00:00,9.87666666507721
1788792106.583,1788791620.8,78.66187033333334,16.918458833333332,True,1,1,2026-09-07 14:33:40.799999952+00:00,9.87996666431427
1788792106.782,1788791621.0,78.66187,16.918458666666666,True,1,1,2026-09-07 14:33:41+00:00,9.883283332983654
1788792106.985,1788791621.2,78.66186966666668,16.918459,True,1,1,2026-09-07 14:33:41.200000048+00:00,9.886666663487752
1788792107.186,1788791621.4,78.66186933333333,16.91845933333333,True,1,1,2026-09-07 14:33:41.400000095+00:00,9.890016667048137
1788792107.388,1788791621.6,78.661869,16.9184585,True,1,1,2026-09-07 14:33:41.599999905+00:00,9.893383332093556
1788792107.595,1788791621.8,78.66186850000001,16.918457166666666,True,1,1,2026-09-07 14:33:41.799999952+00:00,9.896833332379659
1788792107.788,1788791622.0,78.66186816666666,16.91845633333333,True,1,1,2026-09-07 14:33:42+00:00,9.900050000349681
1788792107.987,1788791622.2,78.661868,16.918456166666665,True,1,1,2026-09-07 14:33:42.200000048+00:00,9.90336666504542
1788792108.187,1788791622.4,78.6618675,16.918456666666668,True,1,1,2026-09-07 14:33:42.400000095+00:00,9.906699999173481
1788792108.387,1788791622.6,78.66186716666667,16.91845633333333,True,1,1,2026-09-07 14:33:42.599999905+00:00,9.910033333301545
1788792108.586,1788791622.8,78.66186683333333,16.918455333333334,True,1,1,2026-09-07 14:33:42.799999952+00:00,9.913349997997283
1788792108.786,1788791623.0,78.6618665,16.918454,True,1,1,2026-09-07 14:33:43+00:00,9.916683332125347
1788792108.986,1788791623.2,78.66186616666667,16.9184535,True,1,1,2026-09-07 14:33:43.200000048+00:00,9.920016666253408
1788792109.185,1788791623.4,78.66186583333334,16.918453666666668,True,1,1,2026-09-07 14:33:43.400000095+00:00,9.923333330949147
1788792109.384,1788791623.6,78.6618655,16.918453833333334,True,1,1,2026-09-07 14:33:43.599999905+00:00,9.92664999961853
1788792109.585,1788791623.8,78.66186533333332,16.918453333333332,True,1,1,2026-09-07 14:33:43.799999952+00:00,9.929999999205272
1788792109.788,1788791624.0,78.661865,16.91845216666667,True,1,1,2026-09-07 14:33:44+00:00,9.933383333683015
1788792109.987,1788791624.2,78.66186450000001,16.918451,True,1,1,2026-09-07 14:33:44.200000048+00:00,9.936699998378753
1788792110.185,1788791624.4,78.66186433333334,16.91845066666667,True,1,1,2026-09-07 14:33:44.400000095+00:00,9.939999997615814
1788792110.385,1788791624.6,78.661864,16.918451,True,1,1,2026-09-07 14:33:44.599999905+00:00,9.943333331743876
1788792110.587,1788791624.8,78.66186366666668,16.918451,True,1,1,2026-09-07 14:33:44.799999952+00:00,9.946699996789297
1788792110.787,1788791625.0,78.6618635,16.918450333333332,True,1,1,2026-09-07 14:33:45+00:00,9.950033330917359
1788792110.988,1788791625.2,78.66186316666668,16.918449,True,1,1,2026-09-07 14:33:45.200000048+00:00,9.9533833305041
1788792111.186,1788791625.4,78.66186283333333,16.918448166666668,True,1,1,2026-09-07 14:33:45.400000095+00:00,9.956683333714803
1788792111.384,1788791625.6,78.66186250000001,16.91844766666667,True,1,1,2026-09-07 14:33:45.599999905+00:00,9.959983332951863
1788792111.582,1788791625.8,78.66186233333333,16.918447833333335,True,1,1,2026-09-07 14:33:45.799999952+00:00,9.963283332188924
1788792111.784,1788791626.0,78.661862,16.918447833333335,True,1,1,2026-09-07 14:33:46+00:00,9.966649997234345
1788792111.988,1788791626.2,78.66186183333333,16.918447,True,1,1,2026-09-07 14:33:46.200000048+00:00,9.970049997170767
1788792112.183,1788791626.4,78.6618615,16.918446,True,1,1,2026-09-07 14:33:46.400000095+00:00,9.97330000003179
1788792112.384,1788791626.6,78.66186116666667,16.918445000000002,True,1,1,2026-09-07 14:33:46.599999905+00:00,9.97664999961853
1788792112.585,1788791626.8,78.661861,16.9184445,True,1,1,2026-09-07 14:33:46.799999952+00:00,9.97999999920527
1788792112.785,1788791627.0,78.66186066666667,16.9184445,True,1,1,2026-09-07 14:33:47+00:00,9.983333333333333
1788792112.987,1788791627.2,78.6618605,16.918444333333333,True,1,1,2026-09-07 14:33:47.200000048+00:00,9.986699998378754
1788792113.187,1788791627.4,78.66186016666667,16.918443333333336,True,1,1,2026-09-07 14:33:47.400000095+00:00,9.990033332506815
1788792113.388,1788791627.6,78.66185999999999,16.91844216666667,True,1,1,2026-09-07 14:33:47.599999905+00:00,9.993383332093556
1788792113.584,1788791627.8,78.66185966666667,16.918441166666664,True,1,1,2026-09-07 14:33:47.799999952+00:00,9.99665000041326
1788792113.787,1788791628.0,78.6618595,16.918440666666665,True,1,1,2026-09-07 14:33:48+00:00,10.000033330917358
1788792113.988,1788791628.2,78.66185933333333,16.9184405,True,1,1,2026-09-07 14:33:48.200000048+00:00,10.0033833305041
1788792114.187,1788791628.4,78.661859,16.918440333333333,True,1,1,2026-09-07 14:33:48.400000095+00:00,10.006699999173483
1788792114.388,1788791628.6,78.661859,16.918439166666666,True,1,1,2026-09-07 14:33:48.599999905+00:00,10.010049998760223
1788792114.586,1788791628.8,78.66185866666666,16.918437833333332,True,1,1,2026-09-07 14:33:48.799999952+00:00,10.013349997997285
1788792114.785,1788791629.0,78.66185850000001,16.91843683333333,True,1,1,2026-09-07 14:33:49+00:00,10.016666666666667
1788792114.983,1788791629.2,78.66185833333334,16.918436333333332,True,1,1,2026-09-07 14:33:49.200000048+00:00,10.019966665903727
1788792115.185,1788791629.4,78.66185816666666,16.918436333333332,True,1,1,2026-09-07 14:33:49.400000095+00:00,10.023333330949148
1788792115.386,1788791629.6,78.661858,16.918436166666666,True,1,1,2026-09-07 14:33:49.599999905+00:00,10.026683330535889
1788792115.586,1788791629.8,78.66185766666668,16.91843533333333,True,1,1,2026-09-07 14:33:49.799999952+00:00,10.03001666466395
1788792115.786,1788791630.0,78.6618575,16.918434166666668,True,1,1,2026-09-07 14:33:50+00:00,10.033349998792012
1788792115.987,1788791630.2,78.66185733333333,16.9184335,True,1,1,2026-09-07 14:33:50.200000048+00:00,10.036699998378754
1788792116.186,1788791630.4,78.661857,16.918433166666667,True,1,1,2026-09-07 14:33:50.400000095+00:00,10.040016667048137
1788792116.384,1788791630.6,78.66185683333333,16.918433,True,1,1,2026-09-07 14:33:50.599999905+00:00,10.043316666285197
1788792116.585,1788791630.8,78.66185666666667,16.918432666666668,True,1,1,2026-09-07 14:33:50.799999952+00:00,10.046666665871937
1788792116.787,1788791631.0,78.66185650000001,16.9184315,True,1,1,2026-09-07 14:33:51+00:00,10.050033330917358
1788792116.986,1788791631.2,78.66185650000001,16.918430333333333,True,1,1,2026-09-07 14:33:51.200000048+00:00,10.053349999586741
1788792117.184,1788791631.4,78.66185633333333,16.9184295,True,1,1,2026-09-07 14:33:51.400000095+00:00,10.056649998823803
1788792117.386,1788791631.6,78.66185616666667,16.918429,True,1,1,2026-09-07 14:33:51.599999905+00:00,10.060016663869222
1788792117.584,1788791631.8,78.661856,16.918428833333333,True,1,1,2026-09-07 14:33:51.799999952+00:00,10.063316667079926
1788792117.783,1788791632.0,78.66185583333332,16.918428,True,1,1,2026-09-07 14:33:52+00:00,10.066633331775666
1788792117.985,1788791632.2,78.66185583333332,16.91842666666667,True,1,1,2026-09-07 14:33:52.200000048+00:00,10.069999996821085
1788792118.186,1788791632.4,78.66185566666667,16.9184255,True,1,1,2026-09-07 14:33:52.400000095+00:00,10.07335000038147
1788792118.387,1788791632.6,78.6618555,16.918424333333334,True,1,1,2026-09-07 14:33:52.599999905+00:00,10.076699999968211
1788792118.586,1788791632.8,78.6618555,16.91842366666667,True,1,1,2026-09-07 14:33:52.799999952+00:00,10.080016664663951
1788792118.787,1788791633.0,78.66185533333334,16.9184235,True,1,1,2026-09-07 14:33:53+00:00,10.083366664250692
1788792118.986,1788791633.2,78.66185516666665,16.918423166666667,True,1,1,2026-09-07 14:33:53.200000048+00:00,10.086683332920074
1788792119.187,1788791633.4,78.66185516666665,16.91842216666667,True,1,1,2026-09-07 14:33:53.400000095+00:00,10.090033332506815
1788792119.385,1788791633.6,78.661855,16.91842116666667,True,1,1,2026-09-07 14:33:53.599999905+00:00,10.093333331743876
1788792119.586,1788791633.8,78.66185483333334,16.918420166666667,True,1,1,2026-09-07 14:33:53.799999952+00:00,10.096683331330617
1788792119.785,1788791634.0,78.66185466666667,16.91841966666667,True,1,1,2026-09-07 14:33:54+00:00,10.1
1788792119.987,1788791634.2,78.66185449999999,16.91841966666667,True,1,1,2026-09-07 14:33:54.200000048+00:00,10.10336666504542
1788792120.185,1788791634.4,78.66185433333334,16.91841916666667,True,1,1,2026-09-07 14:33:54.400000095+00:00,10.10666666428248
1788792120.386,1788791634.6,78.66185416666667,16.918418166666665,True,1,1,2026-09-07 14:33:54.599999905+00:00,10.110016663869223
1788792120.583,1788791634.8,78.66185416666667,16.918417166666664,True,1,1,2026-09-07 14:33:54.799999952+00:00,10.113299997647603
1788792120.788,1788791635.0,78.66185399999999,16.918415999999997,True,1,1,2026-09-07 14:33:55+00:00,10.116716667016346
1788792120.987,1788791635.2,78.66185383333332,16.9184155,True,1,1,2026-09-07 14:33:55.200000048+00:00,10.120033331712087
1788792121.185,1788791635.4,78.66185366666667,16.918415166666666,True,1,1,2026-09-07 14:33:55.400000095+00:00,10.123333330949148
1788792121.386,1788791635.6,78.6618535,16.918414666666667,True,1,1,2026-09-07 14:33:55.599999905+00:00,10.126683330535888
1788792121.585,1788791635.8,78.66185333333333,16.918413666666666,True,1,1,2026-09-07 14:33:55.799999952+00:00,10.129999999205271
1788792121.785,1788791636.0,78.66185333333333,16.918412333333332,True,1,1,2026-09-07 14:33:56+00:00,10.133333333333333
1788792121.986,1788791636.2,78.66185316666666,16.91841133333333,True,1,1,2026-09-07 14:33:56.200000048+00:00,10.136683332920075
1788792122.186,1788791636.4,78.66185300000001,16.918410833333333,True,1,1,2026-09-07 14:33:56.400000095+00:00,10.140016667048137
1788792122.39,1788791636.6,78.66185283333333,16.918410333333334,True,1,1,2026-09-07 14:33:56.599999905+00:00,10.143416666984558
1788792122.587,1788791636.8,78.66185283333333,16.91840983333333,True,1,1,2026-09-07 14:33:56.799999952+00:00,10.146699996789296
1788792122.787,1788791637.0,78.66185266666666,16.918408833333334,True,1,1,2026-09-07 14:33:57+00:00,10.150033330917358
1788792122.986,1788791637.2,78.6618525,16.918407833333333,True,1,1,2026-09-07 14:33:57.200000048+00:00,10.153349999586741
1788792123.183,1788791637.4,78.6618525,16.918406833333332,True,1,1,2026-09-07 14:33:57.400000095+00:00,10.156633333365123
1788792123.383,1788791637.6,78.66185233333334,16.918406166666667,True,1,1,2026-09-07 14:33:57.599999905+00:00,10.159966663519542
1788792123.585,1788791637.8,78.66185216666666,16.91840566666667,True,1,1,2026-09-07 14:33:57.799999952+00:00,10.163333332538604
1788792123.786,1788791638.0,78.661852,16.918405166666666,True,1,1,2026-09-07 14:33:58+00:00,10.166683332125347
1788792123.987,1788791638.2,78.66185183333333,16.918404333333335,True,1,1,2026-09-07 14:33:58.200000048+00:00,10.170033331712087
1788792124.186,1788791638.4,78.66185183333333,16.918403166666668,True,1,1,2026-09-07 14:33:58.400000095+00:00,10.17335000038147
1788792124.387,1788791638.6,78.66185166666668,16.918402166666667,True,1,1,2026-09-07 14:33:58.599999905+00:00,10.17669999996821
1788792124.584,1788791638.8,78.6618515,16.9184015,True,1,1,2026-09-07 14:33:58.799999952+00:00,10.179983333746593
1788792124.786,1788791639.0,78.66185133333333,16.918401,True,1,1,2026-09-07 14:33:59+00:00,10.183349998792012
1788792124.987,1788791639.2,78.66185133333333,16.9184005,True,1,1,2026-09-07 14:33:59.200000048+00:00,10.186699998378753
1788792125.185,1788791639.4,78.66185116666666,16.9183995,True,1,1,2026-09-07 14:33:59.400000095+00:00,10.189999997615814
1788792125.387,1788791639.6,78.661851,16.918398500000002,True,1,1,2026-09-07 14:33:59.599999905+00:00,10.193366666634878
1788792125.587,1788791639.8,78.66185083333333,16.9183975,True,1,1,2026-09-07 14:33:59.799999952+00:00,10.196699996789297
1788792125.788,1788791640.0,78.66185066666667,16.91839666666667,True,1,1,2026-09-07 14:34:00+00:00,10.20005000034968
1788792125.99,1788791640.2,78.66185066666667,16.91839633333333,True,1,1,2026-09-07 14:34:00.200000048+00:00,10.203416665395102
1788792126.187,1788791640.4,78.6618505,16.91839583333333,True,1,1,2026-09-07 14:34:00.400000095+00:00,10.206699999173482
1788792126.387,1788791640.6,78.66185033333333,16.918394999999997,True,1,1,2026-09-07 14:34:00.599999905+00:00,10.210033333301544
1788792126.588,1788791640.8,78.66185016666667,16.918394,True,1,1,2026-09-07 14:34:00.799999952+00:00,10.213383332888286
1788792126.789,1788791641.0,78.66185,16.918392833333332,True,1,1,2026-09-07 14:34:01+00:00,10.216733332475027
1788792126.988,1788791641.2,78.66184983333332,16.918392166666667,True,1,1,2026-09-07 14:34:01.200000048+00:00,10.220049997170767
1788792127.189,1788791641.4,78.66184966666667,16.918391666666665,True,1,1,2026-09-07 14:34:01.400000095+00:00,10.223399996757507
1788792127.385,1788791641.6,78.6618495,16.918391166666666,True,1,1,2026-09-07 14:34:01.599999905+00:00,10.22666666507721
1788792127.585,1788791641.8,78.66184933333334,16.91839033333333,True,1,1,2026-09-07 14:34:01.799999952+00:00,10.22999999920527
1788792127.786,1788791642.0,78.66184916666666,16.918389333333334,True,1,1,2026-09-07 14:34:02+00:00,10.233349998792013
1788792127.987,1788791642.2,78.661849,16.918388333333333,True,1,1,2026-09-07 14:34:02.200000048+00:00,10.236699998378754
1788792128.186,1788791642.4,78.66184883333334,16.91838733333333,True,1,1,2026-09-07 14:34:02.400000095+00:00,10.240016667048137
1788792128.389,1788791642.6,78.66184866666667,16.918386666666667,True,1,1,2026-09-07 14:34:02.599999905+00:00,10.243399997552237
1788792128.588,1788791642.8,78.66184849999999,16.918385833333332,True,1,1,2026-09-07 14:34:02.799999952+00:00,10.24671666622162
1788792128.786,1788791643.0,78.66184833333334,16.918385166666667,True,1,1,2026-09-07 14:34:03+00:00,10.250016665458679
1788792128.989,1788791643.2,78.66184816666667,16.918383833333333,True,1,1,2026-09-07 14:34:03.200000048+00:00,10.253399999936422
1788792129.189,1788791643.4,78.66184799999999,16.918382666666666,True,1,1,2026-09-07 14:34:03.400000095+00:00,10.25673333009084
1788792129.39,1788791643.6,78.66184799999999,16.91838166666667,True,1,1,2026-09-07 14:34:03.599999905+00:00,10.260083333651226
1788792129.588,1788791643.8,78.66184783333333,16.918380833333334,True,1,1,2026-09-07 14:34:03.799999952+00:00,10.263383332888285
1788792129.787,1788791644.0,78.66184766666667,16.918380333333335,True,1,1,2026-09-07 14:34:04+00:00,10.266699997584025
1788792129.986,1788791644.2,78.66184750000001,16.918379333333334,True,1,1,2026-09-07 14:34:04.200000048+00:00,10.270016666253408
1788792130.187,1788791644.4,78.66184750000001,16.918378166666667,True,1,1,2026-09-07 14:34:04.400000095+00:00,10.273366665840149
1788792130.389,1788791644.6,78.66184733333333,16.918376833333333,True,1,1,2026-09-07 14:34:04.599999905+00:00,10.27673333088557
1788792130.587,1788791644.8,78.66184716666666,16.918375833333336,True,1,1,2026-09-07 14:34:04.799999952+00:00,10.28003333012263
1788792130.788,1788791645.0,78.66184700000001,16.918375,True,1,1,2026-09-07 14:34:05+00:00,10.283383333683014
1788792130.987,1788791645.2,78.66184700000001,16.918374333333336,True,1,1,2026-09-07 14:34:05.200000048+00:00,10.286699998378754
1788792131.187,1788791645.4,78.66184683333333,16.918373499999998,True,1,1,2026-09-07 14:34:05.400000095+00:00,10.290033332506816
1788792131.39,1788791645.6,78.66184666666666,16.918372166666664,True,1,1,2026-09-07 14:34:05.599999905+00:00,10.293416666984559
1788792131.582,1788791645.8,78.66184666666666,16.918370999999997,True,1,1,2026-09-07 14:34:05.799999952+00:00,10.296616665522258
1788792131.786,1788791646.0,78.6618465,16.91837,True,1,1,2026-09-07 14:34:06+00:00,10.30001666545868
1788792131.984,1788791646.2,78.66184633333334,16.918369166666665,True,1,1,2026-09-07 14:34:06.200000048+00:00,10.303316664695739
1788792132.184,1788791646.4,78.66184633333334,16.918368333333333,True,1,1,2026-09-07 14:34:06.400000095+00:00,10.306649998823803
1788792132.384,1788791646.6,78.66184616666666,16.9183675,True,1,1,2026-09-07 14:34:06.599999905+00:00,10.309983332951864
1788792132.583,1788791646.8,78.661846,16.918366499999998,True,1,1,2026-09-07 14:34:06.799999952+00:00,10.313299997647603
1788792132.783,1788791647.0,78.661846,16.918365166666668,True,1,1,2026-09-07 14:34:07+00:00,10.316633331775666
1788792132.984,1788791647.2,78.66184583333333,16.918364166666667,True,1,1,2026-09-07 14:34:07.200000048+00:00,10.319983331362407
1788792133.186,1788791647.4,78.66184566666668,16.918363499999998,True,1,1,2026-09-07 14:34:07.400000095+00:00,10.32335000038147
1788792133.387,1788791647.6,78.6618455,16.918362666666667,True,1,1,2026-09-07 14:34:07.599999905+00:00,10.326699999968211
1788792133.585,1788791647.8,78.6618455,16.918361833333332,True,1,1,2026-09-07 14:34:07.799999952+00:00,10.329999999205272
1788792133.785,1788791648.0,78.66184533333333,16.918360833333335,True,1,1,2026-09-07 14:34:08+00:00,10.333333333333334
1788792133.985,1788791648.2,78.66184533333333,16.918359666666667,True,1,1,2026-09-07 14:34:08.200000048+00:00,10.336666663487753
1788792134.183,1788791648.4,78.66184516666667,16.918358666666666,True,1,1,2026-09-07 14:34:08.400000095+00:00,10.339966666698455
1788792134.384,1788791648.6,78.661845,16.91835766666667,True,1,1,2026-09-07 14:34:08.599999905+00:00,10.343316666285197
1788792134.586,1788791648.8,78.661845,16.918357,True,1,1,2026-09-07 14:34:08.799999952+00:00,10.346683331330617
1788792134.784,1788791649.0,78.66184483333333,16.918356000000003,True,1,1,2026-09-07 14:34:09+00:00,10.349983330567678
1788792134.985,1788791649.2,78.66184466666667,16.918355000000002,True,1,1,2026-09-07 14:34:09.200000048+00:00,10.353333330154419
1788792135.21,1788791649.4,78.66184466666667,16.918353833333335,True,1,1,2026-09-07 14:34:09.400000095+00:00,10.357083332538604
1788792135.385,1788791649.6,78.6618445,16.918352833333334,True,1,1,2026-09-07 14:34:09.599999905+00:00,10.359999998410542
1788792135.584,1788791649.8,78.6618445,16.918351833333336,True,1,1,2026-09-07 14:34:09.799999952+00:00,10.363316667079925
1788792135.785,1788791650.0,78.66184433333333,16.918350999999998,True,1,1,2026-09-07 14:34:10+00:00,10.366666666666667
1788792135.985,1788791650.2,78.66184416666667,16.918350333333333,True,1,1,2026-09-07 14:34:10.200000048+00:00,10.369999996821086
1788792136.184,1788791650.4,78.66184416666667,16.91834933333333,True,1,1,2026-09-07 14:34:10.400000095+00:00,10.373316665490469
1788792136.385,1788791650.6,78.661844,16.91834833333333,True,1,1,2026-09-07 14:34:10.599999905+00:00,10.37666666507721
1788792136.583,1788791650.8,78.661844,16.918347333333333,True,1,1,2026-09-07 14:34:10.799999952+00:00,10.37996666431427
1788792136.786,1788791651.0,78.66184383333332,16.918346166666666,True,1,1,2026-09-07 14:34:11+00:00,10.383349998792012
1788792136.981,1788791651.2,78.66184366666667,16.91834533333333,True,1,1,2026-09-07 14:34:11.200000048+00:00,10.386599997679392
1788792137.182,1788791651.4,78.6618435,16.918344333333334,True,1,1,2026-09-07 14:34:11.400000095+00:00,10.389949997266134
1788792137.382,1788791651.6,78.66184333333334,16.918342833333334,True,1,1,2026-09-07 14:34:11.599999905+00:00,10.393283331394196
1788792137.584,1788791651.8,78.66184333333334,16.918340833333332,True,1,1,2026-09-07 14:34:11.799999952+00:00,10.396650000413258
1788792137.786,1788791652.0,78.66184316666666,16.918339500000002,True,1,1,2026-09-07 14:34:12+00:00,10.40001666545868
1788792137.987,1788791652.2,78.66184316666666,16.91833666666667,True,1,1,2026-09-07 14:34:12.200000048+00:00,10.40336666504542
1788792138.185,1788791652.4,78.661843,16.918334333333334,True,1,1,2026-09-07 14:34:12.400000095+00:00,10.406666664282481
1788792138.384,1788791652.6,78.661843,16.918330833333336,True,1,1,2026-09-07 14:34:12.599999905+00:00,10.409983332951864
1788792138.585,1788791652.8,78.661843,16.918327666666666,True,1,1,2026-09-07 14:34:12.799999952+00:00,10.413333332538604
1788792138.786,1788791653.0,78.66184333333334,16.918324166666665,True,1,1,2026-09-07 14:34:13+00:00,10.416683332125347
1788792138.988,1788791653.2,78.66184383333332,16.918321666666667,True,1,1,2026-09-07 14:34:13.200000048+00:00,10.420049997170766
1788792139.195,1788791653.4,78.6618445,16.918317333333334,True,1,1,2026-09-07 14:34:13.400000095+00:00,10.423499997456869
1788792139.387,1788791653.6,78.66184516666667,16.918313666666666,True,1,1,2026-09-07 14:34:13.599999905+00:00,10.42669999996821
1788792139.586,1788791653.8,78.66184616666666,16.918312,True,1,1,2026-09-07 14:34:13.799999952+00:00,10.43001666466395
1788792139.783,1788791654.0,78.66184683333333,16.918309833333335,True,1,1,2026-09-07 14:34:14+00:00,10.433299998442331
1788792139.988,1788791654.2,78.66184766666667,16.918307666666667,True,1,1,2026-09-07 14:34:14.200000048+00:00,10.436716663837434
1788792140.188,1788791654.4,78.66184833333334,16.918305666666665,True,1,1,2026-09-07 14:34:14.400000095+00:00,10.440049997965495
1788792140.388,1788791654.6,78.66184916666666,16.918304666666664,True,1,1,2026-09-07 14:34:14.599999905+00:00,10.443383332093557
1788792140.587,1788791654.8,78.66185,16.918303666666667,True,1,1,2026-09-07 14:34:14.799999952+00:00,10.446699996789297
1788792140.787,1788791655.0,78.66185083333333,16.918302833333332,True,1,1,2026-09-07 14:34:15+00:00,10.450033330917359
1788792140.988,1788791655.2,78.66185166666668,16.918303166666664,True,1,1,2026-09-07 14:34:15.200000048+00:00,10.4533833305041
1788792141.182,1788791655.4,78.66185233333334,16.91830333333333,True,1,1,2026-09-07 14:34:15.400000095+00:00,10.4566166639328
1788792141.386,1788791655.6,78.66185300000001,16.91830433333333,True,1,1,2026-09-07 14:34:15.599999905+00:00,10.460016663869222
1788792141.585,1788791655.8,78.66185366666667,16.918305,True,1,1,2026-09-07 14:34:15.799999952+00:00,10.463333332538605
1788792141.787,1788791656.0,78.66185416666667,16.918305999999998,True,1,1,2026-09-07 14:34:16+00:00,10.466699997584024
1788792141.988,1788791656.2,78.66185483333334,16.918307333333335,True,1,1,2026-09-07 14:34:16.200000048+00:00,10.470049997170767
1788792142.186,1788791656.4,78.66185533333334,16.918308333333336,True,1,1,2026-09-07 14:34:16.400000095+00:00,10.473350000381469
1788792142.388,1788791656.6,78.66185566666667,16.918310333333334,True,1,1,2026-09-07 14:34:16.599999905+00:00,10.47671666542689
1788792142.585,1788791656.8,78.661856,16.918312166666666,True,1,1,2026-09-07 14:34:16.799999952+00:00,10.47999999920527
1788792142.787,1788791657.0,78.66185616666667,16.91831416666667,True,1,1,2026-09-07 14:34:17+00:00,10.483366664250692
1788792142.987,1788791657.2,78.66185650000001,16.918316333333333,True,1,1,2026-09-07 14:34:17.200000048+00:00,10.486699998378754
1788792143.186,1788791657.4,78.66185666666667,16.918318333333332,True,1,1,2026-09-07 14:34:17.400000095+00:00,10.490016667048137
1788792143.387,1788791657.6,78.661857,16.918320333333334,True,1,1,2026-09-07 14:34:17.599999905+00:00,10.493366666634877
1788792143.585,1788791657.8,78.66185716666668,16.918321833333334,True,1,1,2026-09-07 14:34:17.799999952+00:00,10.496666665871938
1788792143.788,1788791658.0,78.6618575,16.9183235,True,1,1,2026-09-07 14:34:18+00:00,10.500050000349681
1788792143.986,1788791658.2,78.66185783333334,16.91832583333333,True,1,1,2026-09-07 14:34:18.200000048+00:00,10.50334999958674
1788792144.189,1788791658.4,78.661858,16.918326999999998,True,1,1,2026-09-07 14:34:18.400000095+00:00,10.50673333009084
1788792144.388,1788791658.6,78.66185833333334,16.91832833333333,True,1,1,2026-09-07 14:34:18.599999905+00:00,10.510049998760223
1788792144.587,1788791658.8,78.66185866666666,16.918329500000002,True,1,1,2026-09-07 14:34:18.799999952+00:00,10.513366663455963
1788792144.786,1788791659.0,78.66185883333333,16.91833116666667,True,1,1,2026-09-07 14:34:19+00:00,10.516683332125346
1788792144.987,1788791659.2,78.661859,16.918333166666667,True,1,1,2026-09-07 14:34:19.200000048+00:00,10.520033331712087
1788792145.188,1788791659.4,78.66185916666667,16.91833516666667,True,1,1,2026-09-07 14:34:19.400000095+00:00,10.523383331298827
1788792145.384,1788791659.6,78.66185933333333,16.918336833333335,True,1,1,2026-09-07 14:34:19.599999905+00:00,10.526649999618531
1788792145.591,1788791659.8,78.6618595,16.9183385,True,1,1,2026-09-07 14:34:19.799999952+00:00,10.530099999904632
1788792145.786,1788791660.0,78.66185966666667,16.91834,True,1,1,2026-09-07 14:34:20+00:00,10.533349998792012
1788792145.989,1788791660.2,78.66185983333334,16.918342,True,1,1,2026-09-07 14:34:20.200000048+00:00,10.536733333269755
1788792146.186,1788791660.4,78.66185999999999,16.91834383333333,True,1,1,2026-09-07 14:34:20.400000095+00:00,10.540016667048137
1788792146.387,1788791660.6,78.66186016666667,16.918345666666667,True,1,1,2026-09-07 14:34:20.599999905+00:00,10.543366666634878
1788792146.589,1788791660.8,78.66186016666667,16.918347333333333,True,1,1,2026-09-07 14:34:20.799999952+00:00,10.546733331680297
1788792146.787,1788791661.0,78.66186033333334,16.918349,True,1,1,2026-09-07 14:34:21+00:00,10.550033330917358
1788792146.986,1788791661.2,78.66186033333334,16.91835083333333,True,1,1,2026-09-07 14:34:21.200000048+00:00,10.553349999586741
1788792147.185,1788791661.4,78.6618605,16.918352833333334,True,1,1,2026-09-07 14:34:21.400000095+00:00,10.556666664282481
1788792147.39,1788791661.6,78.6618605,16.918354833333336,True,1,1,2026-09-07 14:34:21.599999905+00:00,10.560083333651225
1788792147.584,1788791661.8,78.66186066666667,16.918357,True,1,1,2026-09-07 14:34:21.799999952+00:00,10.563316667079926
1788792147.784,1788791662.0,78.66186066666667,16.91835916666667,True,1,1,2026-09-07 14:34:22+00:00,10.566649997234345
1788792147.982,1788791662.2,78.66186083333334,16.918361333333333,True,1,1,2026-09-07 14:34:22.200000048+00:00,10.569950000445049
1788792148.183,1788791662.4,78.661861,16.918363333333332,True,1,1,2026-09-07 14:34:22.400000095+00:00,10.57330000003179
1788792148.387,1788791662.6,78.66186116666667,16.9183655,True,1,1,2026-09-07 14:34:22.599999905+00:00,10.576699999968211
1788792148.587,1788791662.8,78.6618615,16.918367666666665,True,1,1,2026-09-07 14:34:22.799999952+00:00,10.58003333012263
1788792148.788,1788791663.0,78.66186166666667,16.918369833333333,True,1,1,2026-09-07 14:34:23+00:00,10.583383333683013
1788792148.987,1788791663.2,78.661862,16.91837183333333,True,1,1,2026-09-07 14:34:23.200000048+00:00,10.586699998378753
1788792149.187,1788791663.4,78.66186233333333,16.918373499999998,True,1,1,2026-09-07 14:34:23.400000095+00:00,10.590033332506815
1788792149.387,1788791663.6,78.66186266666666,16.9183755,True,1,1,2026-09-07 14:34:23.599999905+00:00,10.593366666634877
1788792149.585,1788791663.8,78.661863,16.918377,True,1,1,2026-09-07 14:34:23.799999952+00:00,10.596666665871938
1788792149.786,1788791664.0,78.66186333333333,16.9183785,True,1,1,2026-09-07 14:34:24+00:00,10.600016665458678
1788792149.986,1788791664.2,78.66186366666668,16.91838,True,1,1,2026-09-07 14:34:24.200000048+00:00,10.603349999586742
1788792150.185,1788791664.4,78.661864,16.918381333333333,True,1,1,2026-09-07 14:34:24.400000095+00:00,10.60666666428248
1788792150.386,1788791664.6,78.66186416666666,16.9183825,True,1,1,2026-09-07 14:34:24.599999905+00:00,10.610016663869223
1788792150.585,1788791664.8,78.66186450000001,16.918383833333333,True,1,1,2026-09-07 14:34:24.799999952+00:00,10.613333332538605
1788792150.786,1788791665.0,78.66186483333333,16.918384833333334,True,1,1,2026-09-07 14:34:25+00:00,10.616683332125346
1788792150.986,1788791665.2,78.661865,16.918385999999998,True,1,1,2026-09-07 14:34:25.200000048+00:00,10.620016666253408
1788792151.186,1788791665.4,78.66186533333332,16.918387,True,1,1,2026-09-07 14:34:25.400000095+00:00,10.62335000038147
1788792151.386,1788791665.6,78.66186566666667,16.918388,True,1,1,2026-09-07 14:34:25.599999905+00:00,10.626683330535888
1788792151.586,1788791665.8,78.66186599999999,16.918388999999998,True,1,1,2026-09-07 14:34:25.799999952+00:00,10.63001666466395
1788792151.787,1788791666.0,78.66186616666667,16.91839,True,1,1,2026-09-07 14:34:26+00:00,10.633366664250692
1788792151.987,1788791666.2,78.6618665,16.918390833333333,True,1,1,2026-09-07 14:34:26.200000048+00:00,10.636699998378754
1788792152.186,1788791666.4,78.66186666666667,16.91839183333333,True,1,1,2026-09-07 14:34:26.400000095+00:00,10.640016667048137
1788792152.385,1788791666.6,78.66186683333333,16.918392833333332,True,1,1,2026-09-07 14:34:26.599999905+00:00,10.643333331743877
1788792152.586,1788791666.8,78.66186716666667,16.918393499999997,True,1,1,2026-09-07 14:34:26.799999952+00:00,10.646683331330618
1788792152.788,1788791667.0,78.66186733333333,16.91839433333333,True,1,1,2026-09-07 14:34:27+00:00,10.650050000349681
1788792152.988,1788791667.2,78.6618675,16.918395166666667,True,1,1,2026-09-07 14:34:27.200000048+00:00,10.6533833305041
1788792153.186,1788791667.4,78.66186766666667,16.918395999999998,True,1,1,2026-09-07 14:34:27.400000095+00:00,10.656683333714803
1788792153.385,1788791667.6,78.661868,16.91839666666667,True,1,1,2026-09-07 14:34:27.599999905+00:00,10.659999998410543
1788792153.583,1788791667.8,78.66186816666666,16.918397333333335,True,1,1,2026-09-07 14:34:27.799999952+00:00,10.663299997647604
1788792153.787,1788791668.0,78.66186833333333,16.918398,True,1,1,2026-09-07 14:34:28+00:00,10.666699997584026
1788792153.987,1788791668.2,78.66186866666666,16.91839866666667,True,1,1,2026-09-07 14:34:28.200000048+00:00,10.670033331712087
1788792154.187,1788791668.4,78.66186883333333,16.9183995,True,1,1,2026-09-07 14:34:28.400000095+00:00,10.673366665840149
1788792154.385,1788791668.6,78.661869,16.918400166666668,True,1,1,2026-09-07 14:34:28.599999905+00:00,10.67666666507721
1788792154.586,1788791668.8,78.66186916666668,16.918400833333333,True,1,1,2026-09-07 14:34:28.799999952+00:00,10.68001666466395
1788792154.785,1788791669.0,78.66186933333333,16.918401333333335,True,1,1,2026-09-07 14:34:29+00:00,10.683333333333334
1788792154.985,1788791669.2,78.66186966666668,16.918402,True,1,1,2026-09-07 14:34:29.200000048+00:00,10.686666663487753
1788792155.187,1788791669.4,78.66186983333334,16.9184025,True,1,1,2026-09-07 14:34:29.400000095+00:00,10.690033332506816
1788792155.386,1788791669.6,78.66187,16.918403333333334,True,1,1,2026-09-07 14:34:29.599999905+00:00,10.693349997202555
1788792155.586,1788791669.8,78.66187016666666,16.918403833333333,True,1,1,2026-09-07 14:34:29.799999952+00:00,10.696683331330616
1788792155.786,1788791670.0,78.6618705,16.918404666666667,True,1,1,2026-09-07 14:34:30+00:00,10.70001666545868
1788792155.986,1788791670.2,78.66187066666666,16.918405166666666,True,1,1,2026-09-07 14:34:30.200000048+00:00,10.703349999586742
1788792156.186,1788791670.4,78.66187083333332,16.91840566666667,True,1,1,2026-09-07 14:34:30.400000095+00:00,10.706683333714803
1788792156.383,1788791670.6,78.661871,16.918406333333333,True,1,1,2026-09-07 14:34:30.599999905+00:00,10.709966663519541
1788792156.587,1788791670.8,78.66187133333332,16.918407333333334,True,1,1,2026-09-07 14:34:30.799999952+00:00,10.713366663455963
1788792156.788,1788791671.0,78.66187166666667,16.918409,True,1,1,2026-09-07 14:34:31+00:00,10.716716667016348
1788792156.988,1788791671.2,78.66187199999999,16.918411499999998,True,1,1,2026-09-07 14:34:31.200000048+00:00,10.720049997170767
1788792157.187,1788791671.4,78.66187266666667,16.9184155,True,1,1,2026-09-07 14:34:31.400000095+00:00,10.72336666584015
1788792157.388,1788791671.6,78.6618735,16.91842216666667,True,1,1,2026-09-07 14:34:31.599999905+00:00,10.72671666542689
1788792157.587,1788791671.8,78.66187466666666,16.918430833333332,True,1,1,2026-09-07 14:34:31.799999952+00:00,10.73003333012263
1788792157.782,1788791672.0,78.66187583333334,16.91844133333333,True,1,1,2026-09-07 14:34:32+00:00,10.733283332983653
1788792157.984,1788791672.2,78.66187733333332,16.918453,True,1,1,2026-09-07 14:34:32.200000048+00:00,10.736649998029073
1788792158.186,1788791672.4,78.66187883333333,16.918465333333334,True,1,1,2026-09-07 14:34:32.400000095+00:00,10.740016667048137
1788792158.386,1788791672.6,78.66188033333333,16.918478,True,1,1,2026-09-07 14:34:32.599999905+00:00,10.743349997202555
1788792158.586,1788791672.8,78.661882,16.918491333333336,True,1,1,2026-09-07 14:34:32.799999952+00:00,10.746683331330617
1788792158.786,1788791673.0,78.66188366666667,16.918504666666667,True,1,1,2026-09-07 14:34:33+00:00,10.750016665458679
1788792158.987,1788791673.2,78.6618855,16.918518,True,1,1,2026-09-07 14:34:33.200000048+00:00,10.753366665045421
1788792159.184,1788791673.4,78.66188716666667,16.918531499999997,True,1,1,2026-09-07 14:34:33.400000095+00:00,10.756649998823802
1788792159.388,1788791673.6,78.66188916666667,16.918544666666666,True,1,1,2026-09-07 14:34:33.599999905+00:00,10.760049998760223
1788792159.586,1788791673.8,78.66189083333333,16.918558166666667,True,1,1,2026-09-07 14:34:33.799999952+00:00,10.763349997997285
1788792159.788,1788791674.0,78.66189266666667,16.918571333333333,True,1,1,2026-09-07 14:34:34+00:00,10.766716667016347
1788792159.988,1788791674.2,78.66189466666667,16.918584833333334,True,1,1,2026-09-07 14:34:34.200000048+00:00,10.770049997170766
1788792160.188,1788791674.4,78.6618965,16.918598,True,1,1,2026-09-07 14:34:34.400000095+00:00,10.773383331298827
1788792160.387,1788791674.6,78.6618985,16.9186115,True,1,1,2026-09-07 14:34:34.599999905+00:00,10.77669999996821
1788792160.586,1788791674.8,78.6619005,16.91862516666667,True,1,1,2026-09-07 14:34:34.799999952+00:00,10.78001666466395
1788792160.787,1788791675.0,78.66190233333333,16.918638666666666,True,1,1,2026-09-07 14:34:35+00:00,10.783366664250691
1788792160.989,1788791675.2,78.66190433333333,16.918652333333334,True,1,1,2026-09-07 14:34:35.200000048+00:00,10.786733333269755
1788792161.186,1788791675.4,78.66190633333333,16.918665833333332,True,1,1,2026-09-07 14:34:35.400000095+00:00,10.790016667048137
1788792161.386,1788791675.6,78.6619085,16.918679333333333,True,1,1,2026-09-07 14:34:35.599999905+00:00,10.793349997202556
1788792161.586,1788791675.8,78.6619105,16.918693166666667,True,1,1,2026-09-07 14:34:35.799999952+00:00,10.796683331330618
1788792161.787,1788791676.0,78.6619125,16.918706666666665,True,1,1,2026-09-07 14:34:36+00:00,10.800033330917358
1788792161.985,1788791676.2,78.6619145,16.918720166666667,True,1,1,2026-09-07 14:34:36.200000048+00:00,10.80333333015442
1788792162.186,1788791676.4,78.6619165,16.91873383333333,True,1,1,2026-09-07 14:34:36.400000095+00:00,10.806683333714803
1788792162.386,1788791676.6,78.6619185,16.918747166666666,True,1,1,2026-09-07 14:34:36.599999905+00:00,10.810016663869222
1788792162.586,1788791676.8,78.66192066666667,16.918760833333334,True,1,1,2026-09-07 14:34:36.799999952+00:00,10.813349997997284
1788792162.787,1788791677.0,78.66192266666667,16.918774166666665,True,1,1,2026-09-07 14:34:37+00:00,10.816699997584026
1788792162.987,1788791677.2,78.66192483333333,16.918787666666667,True,1,1,2026-09-07 14:34:37.200000048+00:00,10.820033331712088
1788792163.185,1788791677.4,78.66192683333334,16.918801166666665,True,1,1,2026-09-07 14:34:37.400000095+00:00,10.823333330949147
1788792163.386,1788791677.6,78.661929,16.9188145,True,1,1,2026-09-07 14:34:37.599999905+00:00,10.82668333053589
1788792163.585,1788791677.8,78.66193116666666,16.918827833333335,True,1,1,2026-09-07 14:34:37.799999952+00:00,10.829999999205272
1788792163.784,1788791678.0,78.66193333333334,16.918841,True,1,1,2026-09-07 14:34:38+00:00,10.83331666390101
1788792163.986,1788791678.2,78.6619355,16.918854166666666,True,1,1,2026-09-07 14:34:38.200000048+00:00,10.836683332920074
1788792164.188,1788791678.4,78.66193766666667,16.918867499999998,True,1,1,2026-09-07 14:34:38.400000095+00:00,10.840049997965496
1788792164.388,1788791678.6,78.66194,16.9188805,True,1,1,2026-09-07 14:34:38.599999905+00:00,10.843383332093557
1788792164.584,1788791678.8,78.66194216666666,16.91889366666667,True,1,1,2026-09-07 14:34:38.799999952+00:00,10.846650000413259
1788792164.787,1788791679.0,78.66194433333334,16.918906666666665,True,1,1,2026-09-07 14:34:39+00:00,10.850033330917359
1788792164.987,1788791679.2,78.66194650000001,16.918919833333334,True,1,1,2026-09-07 14:34:39.200000048+00:00,10.85336666504542
1788792165.187,1788791679.4,78.66194866666666,16.918932833333333,True,1,1,2026-09-07 14:34:39.400000095+00:00,10.856699999173482
1788792165.388,1788791679.6,78.661951,16.918946000000002,True,1,1,2026-09-07 14:34:39.599999905+00:00,10.860049998760223
1788792165.586,1788791679.8,78.66195316666668,16.918959166666664,True,1,1,2026-09-07 14:34:39.799999952+00:00,10.863349997997284
1788792165.791,1788791680.0,78.6619555,16.9189725,True,1,1,2026-09-07 14:34:40+00:00,10.866766663392385
1788792165.986,1788791680.2,78.66195783333333,16.918985333333335,True,1,1,2026-09-07 14:34:40.200000048+00:00,10.870016666253408
1788792166.187,1788791680.4,78.66196,16.918998666666667,True,1,1,2026-09-07 14:34:40.400000095+00:00,10.873366665840148
1788792166.387,1788791680.6,78.66196233333334,16.919011833333332,True,1,1,2026-09-07 14:34:40.599999905+00:00,10.876699999968212
1788792166.587,1788791680.8,78.66196466666666,16.919024999999998,True,1,1,2026-09-07 14:34:40.799999952+00:00,10.88003333012263
1788792166.788,1788791681.0,78.661967,16.919038166666667,True,1,1,2026-09-07 14:34:41+00:00,10.883383333683014
1788792166.987,1788791681.2,78.66196933333335,16.919051500000002,True,1,1,2026-09-07 14:34:41.200000048+00:00,10.886699998378754
1788792167.187,1788791681.4,78.66197166666667,16.919064666666667,True,1,1,2026-09-07 14:34:41.400000095+00:00,10.890033332506816
1788792167.384,1788791681.6,78.66197383333333,16.919077666666666,True,1,1,2026-09-07 14:34:41.599999905+00:00,10.893316666285196
1788792167.586,1788791681.8,78.66197616666666,16.919090999999998,True,1,1,2026-09-07 14:34:41.799999952+00:00,10.896683331330618
1788792167.789,1788791682.0,78.6619785,16.919104,True,1,1,2026-09-07 14:34:42+00:00,10.90006666580836
1788792167.989,1788791682.2,78.661981,16.919117000000004,True,1,1,2026-09-07 14:34:42.200000048+00:00,10.903399999936422
1788792168.186,1788791682.4,78.66198333333334,16.91913,True,1,1,2026-09-07 14:34:42.400000095+00:00,10.906683333714803
1788792168.386,1788791682.6,78.66198566666667,16.919143000000002,True,1,1,2026-09-07 14:34:42.599999905+00:00,10.910016663869222
1788792168.585,1788791682.8,78.66198800000001,16.919155999999997,True,1,1,2026-09-07 14:34:42.799999952+00:00,10.913333332538604
1788792168.783,1788791683.0,78.66199033333334,16.919168666666668,True,1,1,2026-09-07 14:34:43+00:00,10.916633331775666
1788792168.986,1788791683.2,78.66199266666666,16.919181499999997,True,1,1,2026-09-07 14:34:43.200000048+00:00,10.920016666253408
1788792169.187,1788791683.4,78.66199516666667,16.919194166666667,True,1,1,2026-09-07 14:34:43.400000095+00:00,10.923366665840149
1788792169.387,1788791683.6,78.66199750000001,16.919206999999997,True,1,1,2026-09-07 14:34:43.599999905+00:00,10.92669999996821
1788792169.587,1788791683.8,78.66199983333333,16.9192195,True,1,1,2026-09-07 14:34:43.799999952+00:00,10.93003333012263
1788792169.787,1788791684.0,78.66200233333333,16.919232166666667,True,1,1,2026-09-07 14:34:44+00:00,10.933366664250691
1788792169.988,1788791684.2,78.66200466666666,16.919244499999998,True,1,1,2026-09-07 14:34:44.200000048+00:00,10.936716663837434
1788792170.185,1788791684.4,78.66200716666667,16.91925666666667,True,1,1,2026-09-07 14:34:44.400000095+00:00,10.939999997615814
1788792170.388,1788791684.6,78.66200950000001,16.919269,True,1,1,2026-09-07 14:34:44.599999905+00:00,10.943383332093557
1788792170.588,1788791684.8,78.662012,16.919281166666668,True,1,1,2026-09-07 14:34:44.799999952+00:00,10.946716666221619
1788792170.787,1788791685.0,78.66201433333335,16.919293166666666,True,1,1,2026-09-07 14:34:45+00:00,10.950033330917359
1788792170.989,1788791685.2,78.66201683333334,16.919304833333335,True,1,1,2026-09-07 14:34:45.200000048+00:00,10.95339999993642
1788792171.187,1788791685.4,78.662019,16.919315833333332,True,1,1,2026-09-07 14:34:45.400000095+00:00,10.956699999173482
1788792171.388,1788791685.6,78.66202133333333,16.919326666666667,True,1,1,2026-09-07 14:34:45.599999905+00:00,10.960049998760223
1788792171.585,1788791685.8,78.6620235,16.919337166666665,True,1,1,2026-09-07 14:34:45.799999952+00:00,10.963333332538605
1788792171.787,1788791686.0,78.66202583333333,16.919347166666668,True,1,1,2026-09-07 14:34:46+00:00,10.966699997584024
1788792171.987,1788791686.2,78.66202799999999,16.919357333333334,True,1,1,2026-09-07 14:34:46.200000048+00:00,10.970033331712086
1788792172.187,1788791686.4,78.66203016666667,16.919367166666667,True,1,1,2026-09-07 14:34:46.400000095+00:00,10.97336666584015
1788792172.387,1788791686.6,78.66203233333334,16.9193765,True,1,1,2026-09-07 14:34:46.599999905+00:00,10.976699999968211
1788792172.587,1788791686.8,78.66203433333334,16.919385833333333,True,1,1,2026-09-07 14:34:46.799999952+00:00,10.98003333012263
1788792172.788,1788791687.0,78.66203650000001,16.919395,True,1,1,2026-09-07 14:34:47+00:00,10.983383333683014
1788792172.983,1788791687.2,78.66203866666666,16.919403833333334,True,1,1,2026-09-07 14:34:47.200000048+00:00,10.986633332570394
1788792173.187,1788791687.4,78.66204066666666,16.919412333333334,True,1,1,2026-09-07 14:34:47.400000095+00:00,10.990033332506815
1788792173.389,1788791687.6,78.66204266666666,16.919420666666667,True,1,1,2026-09-07 14:34:47.599999905+00:00,10.993399997552237
1788792173.587,1788791687.8,78.66204466666666,16.91942883333333,True,1,1,2026-09-07 14:34:47.799999952+00:00,10.996699996789296
1788792173.786,1788791688.0,78.6620465,16.919436333333334,True,1,1,2026-09-07 14:34:48+00:00,11.000016665458679
1788792173.984,1788791688.2,78.66204833333333,16.919443666666666,True,1,1,2026-09-07 14:34:48.200000048+00:00,11.00331666469574
1788792174.188,1788791688.4,78.66205016666666,16.919450833333332,True,1,1,2026-09-07 14:34:48.400000095+00:00,11.006716664632162
1788792174.387,1788791688.6,78.66205199999999,16.919457833333336,True,1,1,2026-09-07 14:34:48.599999905+00:00,11.010033333301545
1788792174.586,1788791688.8,78.66205383333333,16.919464833333333,True,1,1,2026-09-07 14:34:48.799999952+00:00,11.013349997997285
1788792174.788,1788791689.0,78.66205583333334,16.91947233333333,True,1,1,2026-09-07 14:34:49+00:00,11.016716667016347
1788792174.987,1788791689.2,78.66205816666667,16.919480500000002,True,1,1,2026-09-07 14:34:49.200000048+00:00,11.020033331712087
1788792175.185,1788791689.4,78.66206066666668,16.919489666666667,True,1,1,2026-09-07 14:34:49.400000095+00:00,11.023333330949148
1788792175.386,1788791689.6,78.66206333333334,16.91949933333333,True,1,1,2026-09-07 14:34:49.599999905+00:00,11.026683330535889
1788792175.585,1788791689.8,78.66206600000001,16.919509,True,1,1,2026-09-07 14:34:49.799999952+00:00,11.029999999205272
1788792175.785,1788791690.0,78.66206883333332,16.919518666666665,True,1,1,2026-09-07 14:34:50+00:00,11.033333333333333
1788792175.988,1788791690.2,78.6620715,16.919528500000002,True,1,1,2026-09-07 14:34:50.200000048+00:00,11.036716663837433
1788792176.186,1788791690.4,78.66207433333334,16.919538,True,1,1,2026-09-07 14:34:50.400000095+00:00,11.040016667048137
1788792176.386,1788791690.6,78.662077,16.9195475,True,1,1,2026-09-07 14:34:50.599999905+00:00,11.043349997202556
1788792176.587,1788791690.8,78.66207966666666,16.919556833333335,True,1,1,2026-09-07 14:34:50.799999952+00:00,11.046699996789297
1788792176.788,1788791691.0,78.66208233333333,16.919565833333333,True,1,1,2026-09-07 14:34:51+00:00,11.05005000034968
1788792176.987,1788791691.2,78.66208499999999,16.919574833333336,True,1,1,2026-09-07 14:34:51.200000048+00:00,11.05336666504542
1788792177.195,1788791691.4,78.66208766666666,16.919584,True,1,1,2026-09-07 14:34:51.400000095+00:00,11.056833330790202
1788792177.387,1788791691.6,78.66209033333332,16.919592666666667,True,1,1,2026-09-07 14:34:51.599999905+00:00,11.060033333301543
1788792177.592,1788791691.8,78.662093,16.9196015,True,1,1,2026-09-07 14:34:51.799999952+00:00,11.063449998696646
1788792177.789,1788791692.0,78.66209583333332,16.919610499999997,True,1,1,2026-09-07 14:34:52+00:00,11.066733332475026
1788792177.986,1788791692.2,78.6620985,16.9196195,True,1,1,2026-09-07 14:34:52.200000048+00:00,11.070016666253407
1788792178.186,1788791692.4,78.66210133333334,16.919628499999998,True,1,1,2026-09-07 14:34:52.400000095+00:00,11.07335000038147
1788792178.383,1788791692.6,78.66210416666667,16.919637333333334,True,1,1,2026-09-07 14:34:52.599999905+00:00,11.076633330186208
1788792178.588,1788791692.8,78.662107,16.919646333333333,True,1,1,2026-09-07 14:34:52.799999952+00:00,11.080049999554952
1788792178.784,1788791693.0,78.66211,16.919655166666665,True,1,1,2026-09-07 14:34:53+00:00,11.08331666390101
1788792178.984,1788791693.2,78.66211283333334,16.919664166666667,True,1,1,2026-09-07 14:34:53.200000048+00:00,11.086649998029072
1788792179.186,1788791693.4,78.66211566666666,16.919672666666667,True,1,1,2026-09-07 14:34:53.400000095+00:00,11.090016667048136
1788792179.389,1788791693.6,78.66211866666666,16.919681166666667,True,1,1,2026-09-07 14:34:53.599999905+00:00,11.093399997552236
1788792179.585,1788791693.8,78.6621215,16.919689666666667,True,1,1,2026-09-07 14:34:53.799999952+00:00,11.096666665871938
1788792179.787,1788791694.0,78.66212433333334,16.919698333333333,True,1,1,2026-09-07 14:34:54+00:00,11.100033330917359
1788792179.988,1788791694.2,78.66212733333333,16.9197065,True,1,1,2026-09-07 14:34:54.200000048+00:00,11.1033833305041
1788792180.186,1788791694.4,78.66213016666667,16.919714666666668,True,1,1,2026-09-07 14:34:54.400000095+00:00,11.106683333714804
1788792180.387,1788791694.6,78.66213316666668,16.91972283333333,True,1,1,2026-09-07 14:34:54.599999905+00:00,11.110033333301544
1788792180.585,1788791694.8,78.66213599999999,16.919731000000002,True,1,1,2026-09-07 14:34:54.799999952+00:00,11.113333332538605
1788792180.786,1788791695.0,78.662139,16.919739,True,1,1,2026-09-07 14:34:55+00:00,11.116683332125346
1788792180.987,1788791695.2,78.66214199999999,16.919746999999997,True,1,1,2026-09-07 14:34:55.200000048+00:00,11.120033331712087
1788792181.183,1788791695.4,78.66214483333333,16.919754666666666,True,1,1,2026-09-07 14:34:55.400000095+00:00,11.123300000031788
1788792181.387,1788791695.6,78.66214783333334,16.919762666666667,True,1,1,2026-09-07 14:34:55.599999905+00:00,11.126699999968212
1788792181.585,1788791695.8,78.66215083333333,16.919770333333336,True,1,1,2026-09-07 14:34:55.799999952+00:00,11.129999999205271
1788792181.786,1788791696.0,78.66215383333333,16.919778,True,1,1,2026-09-07 14:34:56+00:00,11.133349998792012
1788792181.987,1788791696.2,78.66215666666668,16.9197855,True,1,1,2026-09-07 14:34:56.200000048+00:00,11.136699998378754
1788792182.187,1788791696.4,78.66215966666667,16.919793000000002,True,1,1,2026-09-07 14:34:56.400000095+00:00,11.140033332506816
1788792182.392,1788791696.6,78.66216266666667,16.9198005,True,1,1,2026-09-07 14:34:56.599999905+00:00,11.143449997901916
1788792182.584,1788791696.8,78.6621655,16.919807833333333,True,1,1,2026-09-07 14:34:56.799999952+00:00,11.146650000413258
1788792182.789,1788791697.0,78.66216833333333,16.919815333333336,True,1,1,2026-09-07 14:34:57+00:00,11.15006666580836
1788792182.985,1788791697.2,78.66217133333333,16.91982266666667,True,1,1,2026-09-07 14:34:57.200000048+00:00,11.15333333015442
1788792183.186,1788791697.4,78.66217416666667,16.919829666666665,True,1,1,2026-09-07 14:34:57.400000095+00:00,11.156683333714803
1788792183.385,1788791697.6,78.662177,16.919837166666664,True,1,1,2026-09-07 14:34:57.599999905+00:00,11.159999998410543
1788792183.585,1788791697.8,78.66218,16.9198445,True,1,1,2026-09-07 14:34:57.799999952+00:00,11.163333332538604
1788792183.79,1788791698.0,78.66218283333333,16.919852,True,1,1,2026-09-07 14:34:58+00:00,11.166749997933705
1788792183.988,1788791698.2,78.66218583333333,16.91985933333333,True,1,1,2026-09-07 14:34:58.200000048+00:00,11.170049997170766
1788792184.185,1788791698.4,78.66218866666667,16.919866666666667,True,1,1,2026-09-07 14:34:58.400000095+00:00,11.173333330949147
1788792184.388,1788791698.6,78.66219166666666,16.919874166666666,True,1,1,2026-09-07 14:34:58.599999905+00:00,11.17671666542689
1788792184.586,1788791698.8,78.6621945,16.919881666666665,True,1,1,2026-09-07 14:34:58.799999952+00:00,11.18001666466395
1788792184.787,1788791699.0,78.6621975,16.919889166666668,True,1,1,2026-09-07 14:34:59+00:00,11.183366664250691
1788792184.986,1788791699.2,78.66220033333335,16.9198965,True,1,1,2026-09-07 14:34:59.200000048+00:00,11.186683332920074
1788792185.186,1788791699.4,78.66220316666666,16.919903833333333,True,1,1,2026-09-07 14:34:59.400000095+00:00,11.190016667048136
1788792185.384,1788791699.6,78.662206,16.91991116666667,True,1,1,2026-09-07 14:34:59.599999905+00:00,11.193316666285197
1788792185.586,1788791699.8,78.66220866666666,16.919918666666668,True,1,1,2026-09-07 14:34:59.799999952+00:00,11.196683331330616
1788792185.786,1788791700.0,78.66221133333333,16.91992583333333,True,1,1,2026-09-07 14:35:00+00:00,11.20001666545868
1788792185.993,1788791700.2,78.66221399999999,16.919933166666667,True,1,1,2026-09-07 14:35:00.200000048+00:00,11.20346666574478
1788792186.186,1788791700.4,78.66221666666667,16.919940333333333,True,1,1,2026-09-07 14:35:00.400000095+00:00,11.206683333714803
1788792186.387,1788791700.6,78.66221916666667,16.91994783333333,True,1,1,2026-09-07 14:35:00.599999905+00:00,11.210033333301544
1788792186.585,1788791700.8,78.66222183333333,16.919955166666668,True,1,1,2026-09-07 14:35:00.799999952+00:00,11.213333332538605
1788792186.785,1788791701.0,78.66222416666666,16.919962333333334,True,1,1,2026-09-07 14:35:01+00:00,11.216666666666667
1788792186.989,1788791701.2,78.66222666666665,16.919969499999997,True,1,1,2026-09-07 14:35:01.200000048+00:00,11.220066666603088
1788792187.188,1788791701.4,78.662229,16.9199765,True,1,1,2026-09-07 14:35:01.400000095+00:00,11.223383331298828
1788792187.387,1788791701.6,78.66223133333332,16.919983666666667,True,1,1,2026-09-07 14:35:01.599999905+00:00,11.226699999968211
1788792187.586,1788791701.8,78.66223366666667,16.919990833333333,True,1,1,2026-09-07 14:35:01.799999952+00:00,11.230016664663951
1788792187.786,1788791702.0,78.66223583333334,16.919998,True,1,1,2026-09-07 14:35:02+00:00,11.233349998792013
1788792187.989,1788791702.2,78.66223799999999,16.920005166666666,True,1,1,2026-09-07 14:35:02.200000048+00:00,11.236733333269756
1788792188.187,1788791702.4,78.66224016666666,16.920012333333332,True,1,1,2026-09-07 14:35:02.400000095+00:00,11.240033332506815
1788792188.384,1788791702.6,78.66224233333334,16.92001966666667,True,1,1,2026-09-07 14:35:02.599999905+00:00,11.243316666285198
1788792188.586,1788791702.8,78.66224433333333,16.920026833333335,True,1,1,2026-09-07 14:35:02.799999952+00:00,11.246683331330617
1788792188.786,1788791703.0,78.66224633333333,16.920034166666667,True,1,1,2026-09-07 14:35:03+00:00,11.250016665458679
1788792188.986,1788791703.2,78.66224833333334,16.920041333333334,True,1,1,2026-09-07 14:35:03.200000048+00:00,11.25334999958674
1788792189.187,1788791703.4,78.66225016666667,16.920048666666666,True,1,1,2026-09-07 14:35:03.400000095+00:00,11.256699999173483
1788792189.386,1788791703.6,78.66225200000001,16.920056166666665,True,1,1,2026-09-07 14:35:03.599999905+00:00,11.260016663869221
1788792189.584,1788791703.8,78.66225383333334,16.920064,True,1,1,2026-09-07 14:35:03.799999952+00:00,11.263316667079925
1788792189.786,1788791704.0,78.6622555,16.92007166666667,True,1,1,2026-09-07 14:35:04+00:00,11.266683332125346
1788792189.985,1788791704.2,78.66225716666666,16.920079333333334,True,1,1,2026-09-07 14:35:04.200000048+00:00,11.269999996821086
1788792190.188,1788791704.4,78.66225866666667,16.920087000000002,True,1,1,2026-09-07 14:35:04.400000095+00:00,11.273383331298827
1788792190.388,1788791704.6,78.66226033333334,16.920094833333334,True,1,1,2026-09-07 14:35:04.599999905+00:00,11.27671666542689
1788792190.586,1788791704.8,78.66226183333333,16.920102666666665,True,1,1,2026-09-07 14:35:04.799999952+00:00,11.28001666466395
1788792190.787,1788791705.0,78.66226316666666,16.9201105,True,1,1,2026-09-07 14:35:05+00:00,11.283366664250691
1788792190.989,1788791705.2,78.6622645,16.92011816666667,True,1,1,2026-09-07 14:35:05.200000048+00:00,11.286733333269755
1788792191.187,1788791705.4,78.66226583333334,16.920125666666667,True,1,1,2026-09-07 14:35:05.400000095+00:00,11.290033332506816
1788792191.387,1788791705.6,78.66226716666667,16.920133333333336,True,1,1,2026-09-07 14:35:05.599999905+00:00,11.293366666634878
1788792191.586,1788791705.8,78.6622685,16.9201405,True,1,1,2026-09-07 14:35:05.799999952+00:00,11.296683331330618
1788792191.787,1788791706.0,78.66226966666666,16.9201475,True,1,1,2026-09-07 14:35:06+00:00,11.300033330917358
1788792191.987,1788791706.2,78.66227083333334,16.92015466666667,True,1,1,2026-09-07 14:35:06.200000048+00:00,11.30336666504542
1788792192.184,1788791706.4,78.66227183333334,16.92016166666667,True,1,1,2026-09-07 14:35:06.400000095+00:00,11.306649998823803
1788792192.387,1788791706.6,78.662273,16.920168666666665,True,1,1,2026-09-07 14:35:06.599999905+00:00,11.310033333301543
1788792192.59,1788791706.8,78.662274,16.920175500000003,True,1,1,2026-09-07 14:35:06.799999952+00:00,11.313416663805643
1788792192.787,1788791707.0,78.662275,16.920182166666667,True,1,1,2026-09-07 14:35:07+00:00,11.316699997584026
1788792192.989,1788791707.2,78.66227583333333,16.920188833333334,True,1,1,2026-09-07 14:35:07.200000048+00:00,11.320066666603088
1788792193.188,1788791707.4,78.66227666666667,16.920195666666665,True,1,1,2026-09-07 14:35:07.400000095+00:00,11.323383331298828
1788792193.388,1788791707.6,78.6622775,16.920202166666666,True,1,1,2026-09-07 14:35:07.599999905+00:00,11.32671666542689
1788792193.585,1788791707.8,78.66227833333333,16.920208666666667,True,1,1,2026-09-07 14:35:07.799999952+00:00,11.329999999205272
1788792193.787,1788791708.0,78.66227916666666,16.920215166666665,True,1,1,2026-09-07 14:35:08+00:00,11.333366664250692
1788792193.986,1788791708.2,78.66227983333333,16.9202215,True,1,1,2026-09-07 14:35:08.200000048+00:00,11.336683332920074
1788792194.185,1788791708.4,78.6622805,16.920228,True,1,1,2026-09-07 14:35:08.400000095+00:00,11.339999997615815
1788792194.387,1788791708.6,78.66228116666666,16.920234333333333,True,1,1,2026-09-07 14:35:08.599999905+00:00,11.343366666634877
1788792194.587,1788791708.8,78.66228183333332,16.920240166666666,True,1,1,2026-09-07 14:35:08.799999952+00:00,11.346699996789296
1788792194.788,1788791709.0,78.6622825,16.92024616666667,True,1,1,2026-09-07 14:35:09+00:00,11.35005000034968
1788792194.984,1788791709.2,78.66228316666667,16.920251666666665,True,1,1,2026-09-07 14:35:09.200000048+00:00,11.35331666469574
1788792195.188,1788791709.4,78.66228366666665,16.920257,True,1,1,2026-09-07 14:35:09.400000095+00:00,11.356716664632161
1788792195.387,1788791709.6,78.66228416666667,16.920261999999997,True,1,1,2026-09-07 14:35:09.599999905+00:00,11.360033333301544
1788792195.588,1788791709.8,78.66228466666666,16.920266833333336,True,1,1,2026-09-07 14:35:09.799999952+00:00,11.363383332888285
1788792195.787,1788791710.0,78.66228533333333,16.920271333333336,True,1,1,2026-09-07 14:35:10+00:00,11.366699997584025
1788792195.987,1788791710.2,78.66228583333333,16.920276166666667,True,1,1,2026-09-07 14:35:10.200000048+00:00,11.370033331712087
1788792196.189,1788791710.4,78.66228616666668,16.920280333333334,True,1,1,2026-09-07 14:35:10.400000095+00:00,11.373399996757508
1788792196.408,1788791710.6,78.66228666666666,16.920284499999998,True,1,1,2026-09-07 14:35:10.599999905+00:00,11.377049998442333
1788792196.587,1788791710.8,78.662287,16.9202885,True,1,1,2026-09-07 14:35:10.799999952+00:00,11.38003333012263
1788792196.787,1788791711.0,78.66228733333334,16.920292333333336,True,1,1,2026-09-07 14:35:11+00:00,11.383366664250692
1788792196.987,1788791711.2,78.66228766666667,16.920296166666667,True,1,1,2026-09-07 14:35:11.200000048+00:00,11.386699998378754
1788792197.187,1788791711.4,78.662288,16.920299833333335,True,1,1,2026-09-07 14:35:11.400000095+00:00,11.390033332506816
1788792197.386,1788791711.6,78.66228833333334,16.9203035,True,1,1,2026-09-07 14:35:11.599999905+00:00,11.393349997202556
1788792197.586,1788791711.8,78.6622885,16.920306999999998,True,1,1,2026-09-07 14:35:11.799999952+00:00,11.396683331330618
1788792197.786,1788791712.0,78.66228883333333,16.920310333333337,True,1,1,2026-09-07 14:35:12+00:00,11.40001666545868
1788792197.986,1788791712.2,78.662289,16.92031366666667,True,1,1,2026-09-07 14:35:12.200000048+00:00,11.403349999586741
1788792198.19,1788791712.4,78.66228916666667,16.920317,True,1,1,2026-09-07 14:35:12.400000095+00:00,11.406749999523162
1788792198.386,1788791712.6,78.66228933333333,16.92032,True,1,1,2026-09-07 14:35:12.599999905+00:00,11.410016663869222
1788792198.584,1788791712.8,78.6622895,16.920322833333334,True,1,1,2026-09-07 14:35:12.799999952+00:00,11.413316667079926
1788792198.79,1788791713.0,78.66228966666667,16.920325833333333,True,1,1,2026-09-07 14:35:13+00:00,11.416749997933705
1788792198.985,1788791713.2,78.66228966666667,16.920328666666666,True,1,1,2026-09-07 14:35:13.200000048+00:00,11.419999996821085
1788792199.185,1788791713.4,78.66228983333333,16.920331166666664,True,1,1,2026-09-07 14:35:13.400000095+00:00,11.423333330949147
1788792199.388,1788791713.6,78.66229,16.920333833333334,True,1,1,2026-09-07 14:35:13.599999905+00:00,11.42671666542689
1788792199.586,1788791713.8,78.66229016666666,16.9203365,True,1,1,2026-09-07 14:35:13.799999952+00:00,11.43001666466395
1788792199.787,1788791714.0,78.66229016666666,16.920339000000002,True,1,1,2026-09-07 14:35:14+00:00,11.433366664250691
1788792199.988,1788791714.2,78.66229033333335,16.920341333333333,True,1,1,2026-09-07 14:35:14.200000048+00:00,11.436716663837434
1788792200.187,1788791714.4,78.66229033333335,16.920343833333334,True,1,1,2026-09-07 14:35:14.400000095+00:00,11.440033332506816
1788792200.387,1788791714.6,78.6622905,16.920346,True,1,1,2026-09-07 14:35:14.599999905+00:00,11.443366666634878
1788792200.585,1788791714.8,78.6622905,16.920348333333333,True,1,1,2026-09-07 14:35:14.799999952+00:00,11.446666665871938
1788792200.788,1788791715.0,78.6622905,16.920350499999998,True,1,1,2026-09-07 14:35:15+00:00,11.45005000034968
1788792200.988,1788791715.2,78.6622905,16.920352666666666,True,1,1,2026-09-07 14:35:15.200000048+00:00,11.4533833305041
1788792201.194,1788791715.4,78.66229066666666,16.92035483333333,True,1,1,2026-09-07 14:35:15.400000095+00:00,11.456816665331523
1788792201.387,1788791715.6,78.66229066666666,16.920356666666667,True,1,1,2026-09-07 14:35:15.599999905+00:00,11.460033333301544
1788792201.588,1788791715.8,78.66229066666666,16.920358333333336,True,1,1,2026-09-07 14:35:15.799999952+00:00,11.463383332888286
1788792201.788,1788791716.0,78.66229066666666,16.92036016666667,True,1,1,2026-09-07 14:35:16+00:00,11.466716667016348
1788792201.988,1788791716.2,78.66229066666666,16.920362,True,1,1,2026-09-07 14:35:16.200000048+00:00,11.470049997170767
1788792202.187,1788791716.4,78.66229066666666,16.920363833333333,True,1,1,2026-09-07 14:35:16.400000095+00:00,11.47336666584015
1788792202.387,1788791716.6,78.66229066666666,16.9203655,True,1,1,2026-09-07 14:35:16.599999905+00:00,11.476699999968211
1788792202.586,1788791716.8,78.66229066666666,16.920367333333335,True,1,1,2026-09-07 14:35:16.799999952+00:00,11.480016664663951
1788792202.788,1788791717.0,78.66229066666666,16.920368833333335,True,1,1,2026-09-07 14:35:17+00:00,11.483383333683014
1788792202.988,1788791717.2,78.66229066666666,16.920370666666667,True,1,1,2026-09-07 14:35:17.200000048+00:00,11.486716663837433
1788792203.185,1788791717.4,78.66229066666666,16.920372333333333,True,1,1,2026-09-07 14:35:17.400000095+00:00,11.489999997615815
1788792203.384,1788791717.6,78.6622905,16.920374,True,1,1,2026-09-07 14:35:17.599999905+00:00,11.493316666285198
1788792203.588,1788791717.8,78.6622905,16.920375999999997,True,1,1,2026-09-07 14:35:17.799999952+00:00,11.49671666622162
1788792203.786,1788791718.0,78.6622905,16.920377666666663,True,1,1,2026-09-07 14:35:18+00:00,11.500016665458679
1788792203.988,1788791718.2,78.6622905,16.920379333333337,True,1,1,2026-09-07 14:35:18.200000048+00:00,11.5033833305041
1788792204.186,1788791718.4,78.6622905,16.920380833333336,True,1,1,2026-09-07 14:35:18.400000095+00:00,11.506683333714802
1788792204.389,1788791718.6,78.6622905,16.920382500000002,True,1,1,2026-09-07 14:35:18.599999905+00:00,11.510066664218902
1788792204.588,1788791718.8,78.66229033333335,16.920384000000002,True,1,1,2026-09-07 14:35:18.799999952+00:00,11.513383332888285
1788792204.787,1788791719.0,78.66229033333335,16.920385666666668,True,1,1,2026-09-07 14:35:19+00:00,11.516699997584025
1788792204.986,1788791719.2,78.66229033333335,16.920387166666668,True,1,1,2026-09-07 14:35:19.200000048+00:00,11.520016666253408
1788792205.186,1788791719.4,78.66229033333335,16.9203885,True,1,1,2026-09-07 14:35:19.400000095+00:00,11.52335000038147
1788792205.386,1788791719.6,78.66229033333335,16.920389833333335,True,1,1,2026-09-07 14:35:19.599999905+00:00,11.526683330535889
1788792205.586,1788791719.8,78.66229033333335,16.9203915,True,1,1,2026-09-07 14:35:19.799999952+00:00,11.53001666466395
1788792205.787,1788791720.0,78.66229016666666,16.920392833333334,True,1,1,2026-09-07 14:35:20+00:00,11.533366664250691
1788792205.983,1788791720.2,78.66229016666666,16.920393999999998,True,1,1,2026-09-07 14:35:20.200000048+00:00,11.536633332570394
1788792206.185,1788791720.4,78.66229016666666,16.92039533333333,True,1,1,2026-09-07 14:35:20.400000095+00:00,11.539999997615814
1788792206.387,1788791720.6,78.66229,16.9203965,True,1,1,2026-09-07 14:35:20.599999905+00:00,11.543366666634878
1788792206.587,1788791720.8,78.66229,16.920397333333334,True,1,1,2026-09-07 14:35:20.799999952+00:00,11.546699996789297
1788792206.787,1788791721.0,78.66229,16.920398666666664,True,1,1,2026-09-07 14:35:21+00:00,11.550033330917358
1788792206.985,1788791721.2,78.66228983333333,16.9203995,True,1,1,2026-09-07 14:35:21.200000048+00:00,11.55333333015442
1788792207.186,1788791721.4,78.66228983333333,16.92040066666667,True,1,1,2026-09-07 14:35:21.400000095+00:00,11.556683333714803
1788792207.387,1788791721.6,78.66228983333333,16.920401833333337,True,1,1,2026-09-07 14:35:21.599999905+00:00,11.560033333301543
1788792207.586,1788791721.8,78.66228966666667,16.920402833333334,True,1,1,2026-09-07 14:35:21.799999952+00:00,11.563349997997284
1788792207.787,1788791722.0,78.66228966666667,16.920404,True,1,1,2026-09-07 14:35:22+00:00,11.566699997584026
1788792207.986,1788791722.2,78.66228966666667,16.920405000000002,True,1,1,2026-09-07 14:35:22.200000048+00:00,11.570016666253407
1788792208.189,1788791722.4,78.66228966666667,16.920406166666666,True,1,1,2026-09-07 14:35:22.400000095+00:00,11.573399996757507
1788792208.385,1788791722.6,78.6622895,16.9204075,True,1,1,2026-09-07 14:35:22.599999905+00:00,11.576666665077209
1788792208.584,1788791722.8,78.6622895,16.920408833333333,True,1,1,2026-09-07 14:35:22.799999952+00:00,11.579983333746592
1788792208.783,1788791723.0,78.6622895,16.92041,True,1,1,2026-09-07 14:35:23+00:00,11.583299998442332
1788792208.987,1788791723.2,78.6622895,16.920411,True,1,1,2026-09-07 14:35:23.200000048+00:00,11.586699998378753
1788792209.186,1788791723.4,78.6622895,16.920412166666665,True,1,1,2026-09-07 14:35:23.400000095+00:00,11.590016667048136
1788792209.386,1788791723.6,78.6622895,16.920413166666666,True,1,1,2026-09-07 14:35:23.599999905+00:00,11.593349997202555
1788792209.585,1788791723.8,78.66228933333333,16.9204145,True,1,1,2026-09-07 14:35:23.799999952+00:00,11.596666665871938
1788792209.786,1788791724.0,78.66228933333333,16.920415666666667,True,1,1,2026-09-07 14:35:24+00:00,11.600016665458678
1788792209.986,1788791724.2,78.66228933333333,16.920416833333334,True,1,1,2026-09-07 14:35:24.200000048+00:00,11.603349999586742
1788792210.184,1788791724.4,78.66228916666667,16.920417666666665,True,1,1,2026-09-07 14:35:24.400000095+00:00,11.606649998823801
1788792210.385,1788791724.6,78.662289,16.920418333333334,True,1,1,2026-09-07 14:35:24.599999905+00:00,11.609999998410542
1788792210.584,1788791724.8,78.66228883333333,16.920419,True,1,1,2026-09-07 14:35:24.799999952+00:00,11.613316667079925
1788792210.787,1788791725.0,78.6622885,16.920419833333334,True,1,1,2026-09-07 14:35:25+00:00,11.616699997584025
1788792210.985,1788791725.2,78.66228833333334,16.920420666666665,True,1,1,2026-09-07 14:35:25.200000048+00:00,11.619999996821086
1788792211.185,1788791725.4,78.662288,16.9204215,True,1,1,2026-09-07 14:35:25.400000095+00:00,11.623333330949148
1788792211.386,1788791725.6,78.66228766666667,16.92042233333333,True,1,1,2026-09-07 14:35:25.599999905+00:00,11.626683330535888
1788792211.582,1788791725.8,78.66228733333334,16.92042316666667,True,1,1,2026-09-07 14:35:25.799999952+00:00,11.62994999885559
1788792211.787,1788791726.0,78.66228716666666,16.920424,True,1,1,2026-09-07 14:35:26+00:00,11.633366664250692
1788792211.986,1788791726.2,78.662287,16.92042466666667,True,1,1,2026-09-07 14:35:26.200000048+00:00,11.636683332920075
1788792212.185,1788791726.4,78.66228683333334,16.920425166666668,True,1,1,2026-09-07 14:35:26.400000095+00:00,11.639999997615813
1788792212.388,1788791726.6,78.66228666666666,16.920425166666668,True,1,1,2026-09-07 14:35:26.599999905+00:00,11.643383332093556
1788792212.585,1788791726.8,78.6622865,16.920425666666667,True,1,1,2026-09-07 14:35:26.799999952+00:00,11.646666665871939
1788792212.787,1788791727.0,78.66228633333334,16.920426000000003,True,1,1,2026-09-07 14:35:27+00:00,11.650033330917358
1788792212.985,1788791727.2,78.66228633333334,16.920426000000003,True,1,1,2026-09-07 14:35:27.200000048+00:00,11.65333333015442
1788792213.184,1788791727.4,78.66228616666668,16.920426333333335,True,1,1,2026-09-07 14:35:27.400000095+00:00,11.656649998823802
1788792213.385,1788791727.6,78.662286,16.920426833333334,True,1,1,2026-09-07 14:35:27.599999905+00:00,11.659999998410543
1788792213.585,1788791727.8,78.66228583333333,16.920427,True,1,1,2026-09-07 14:35:27.799999952+00:00,11.663333332538604
1788792213.786,1788791728.0,78.66228566666668,16.920427333333336,True,1,1,2026-09-07 14:35:28+00:00,11.666683332125347
1788792213.984,1788791728.2,78.66228550000001,16.920427500000002,True,1,1,2026-09-07 14:35:28.200000048+00:00,11.669983331362406
1788792214.184,1788791728.4,78.66228516666666,16.920428,True,1,1,2026-09-07 14:35:28.400000095+00:00,11.673316665490468
1788792214.382,1788791728.6,78.66228500000001,16.92042766666667,True,1,1,2026-09-07 14:35:28.599999905+00:00,11.67661666472753
1788792214.586,1788791728.8,78.66228466666666,16.920427333333336,True,1,1,2026-09-07 14:35:28.799999952+00:00,11.68001666466395
1788792214.786,1788791729.0,78.66228433333335,16.920427,True,1,1,2026-09-07 14:35:29+00:00,11.683349998792012
1788792214.988,1788791729.2,78.662284,16.920426333333335,True,1,1,2026-09-07 14:35:29.200000048+00:00,11.686716663837434
1788792215.187,1788791729.4,78.66228366666665,16.920426000000003,True,1,1,2026-09-07 14:35:29.400000095+00:00,11.690033332506816
1788792215.388,1788791729.6,78.66228333333333,16.920425666666667,True,1,1,2026-09-07 14:35:29.599999905+00:00,11.693383332093557
1788792215.587,1788791729.8,78.66228299999999,16.9204255,True,1,1,2026-09-07 14:35:29.799999952+00:00,11.696699996789297
1788792215.787,1788791730.0,78.66228266666667,16.920424833333335,True,1,1,2026-09-07 14:35:30+00:00,11.700033330917359
1788792215.988,1788791730.2,78.66228233333332,16.920424333333337,True,1,1,2026-09-07 14:35:30.200000048+00:00,11.7033833305041
1788792216.186,1788791730.4,78.662282,16.920423666666668,True,1,1,2026-09-07 14:35:30.400000095+00:00,11.706683333714803
1788792216.386,1788791730.6,78.66228166666666,16.920423500000002,True,1,1,2026-09-07 14:35:30.599999905+00:00,11.710016663869222
1788792216.586,1788791730.8,78.6622815,16.92042316666667,True,1,1,2026-09-07 14:35:30.799999952+00:00,11.713349997997284
1788792216.788,1788791731.0,78.66228133333334,16.920422833333337,True,1,1,2026-09-07 14:35:31+00:00,11.716716667016348
1788792216.985,1788791731.2,78.66228116666666,16.92042233333333,True,1,1,2026-09-07 14:35:31.200000048+00:00,11.719999996821086
1788792217.184,1788791731.4,78.66228083333334,16.920421833333332,True,1,1,2026-09-07 14:35:31.400000095+00:00,11.723316665490469
1788792217.388,1788791731.6,78.66228066666666,16.920421166666664,True,1,1,2026-09-07 14:35:31.599999905+00:00,11.72671666542689
1788792217.586,1788791731.8,78.6622805,16.920420666666665,True,1,1,2026-09-07 14:35:31.799999952+00:00,11.730016664663951
1788792217.786,1788791732.0,78.66228033333333,16.920420333333333,True,1,1,2026-09-07 14:35:32+00:00,11.733349998792013
1788792217.987,1788791732.2,78.66228016666668,16.920419833333334,True,1,1,2026-09-07 14:35:32.200000048+00:00,11.736699998378754
1788792218.187,1788791732.4,78.66228,16.920419,True,1,1,2026-09-07 14:35:32.400000095+00:00,11.740033332506815
1788792218.389,1788791732.6,78.66227983333333,16.920418333333334,True,1,1,2026-09-07 14:35:32.599999905+00:00,11.743399997552237
1788792218.588,1788791732.8,78.66227966666666,16.920417666666665,True,1,1,2026-09-07 14:35:32.799999952+00:00,11.74671666622162
1788792218.786,1788791733.0,78.66227933333333,16.920417166666667,True,1,1,2026-09-07 14:35:33+00:00,11.750016665458679
1788792218.985,1788791733.2,78.66227916666666,16.920416,True,1,1,2026-09-07 14:35:33.200000048+00:00,11.753333330154419
1788792219.185,1788791733.4,78.66227883333333,16.920415,True,1,1,2026-09-07 14:35:33.400000095+00:00,11.75666666428248
1788792219.387,1788791733.6,78.66227866666667,16.920414166666667,True,1,1,2026-09-07 14:35:33.599999905+00:00,11.760033333301545
1788792219.586,1788791733.8,78.6622785,16.920413,True,1,1,2026-09-07 14:35:33.799999952+00:00,11.763349997997285
1788792219.783,1788791734.0,78.66227833333333,16.920412333333335,True,1,1,2026-09-07 14:35:34+00:00,11.766633331775665
1788792219.986,1788791734.2,78.66227816666667,16.9204115,True,1,1,2026-09-07 14:35:34.200000048+00:00,11.770016666253408
1788792220.185,1788791734.4,78.66227783333333,16.9204105,True,1,1,2026-09-07 14:35:34.400000095+00:00,11.773333330949148
1788792220.386,1788791734.6,78.66227766666665,16.920409333333335,True,1,1,2026-09-07 14:35:34.599999905+00:00,11.776683330535889
1788792220.585,1788791734.8,78.6622775,16.9204085,True,1,1,2026-09-07 14:35:34.799999952+00:00,11.779999999205272
1788792220.785,1788791735.0,78.66227733333334,16.920407666666666,True,1,1,2026-09-07 14:35:35+00:00,11.783333333333333
1788792220.987,1788791735.2,78.66227716666667,16.920407,True,1,1,2026-09-07 14:35:35.200000048+00:00,11.786699998378754
1788792221.185,1788791735.4,78.66227699999999,16.920406166666666,True,1,1,2026-09-07 14:35:35.400000095+00:00,11.789999997615814
1788792221.385,1788791735.6,78.66227683333334,16.92040516666667,True,1,1,2026-09-07 14:35:35.599999905+00:00,11.793333331743876
1788792221.586,1788791735.8,78.66227666666667,16.920404166666668,True,1,1,2026-09-07 14:35:35.799999952+00:00,11.796683331330618
1788792221.789,1788791736.0,78.6622765,16.920403333333336,True,1,1,2026-09-07 14:35:36+00:00,11.80006666580836
1788792221.986,1788791736.2,78.66227633333332,16.9204025,True,1,1,2026-09-07 14:35:36.200000048+00:00,11.803349999586741
1788792222.191,1788791736.4,78.66227633333332,16.920401666666667,True,1,1,2026-09-07 14:35:36.400000095+00:00,11.806766664981842
1788792222.385,1788791736.6,78.66227616666667,16.92040066666667,True,1,1,2026-09-07 14:35:36.599999905+00:00,11.809999998410543
1788792222.582,1788791736.8,78.662276,16.920399666666665,True,1,1,2026-09-07 14:35:36.799999952+00:00,11.813283332188924
1788792222.786,1788791737.0,78.66227583333333,16.920398666666664,True,1,1,2026-09-07 14:35:37+00:00,11.816683332125345
1788792222.984,1788791737.2,78.66227566666666,16.920397833333332,True,1,1,2026-09-07 14:35:37.200000048+00:00,11.819983331362407
1788792223.185,1788791737.4,78.66227566666666,16.920396999999998,True,1,1,2026-09-07 14:35:37.400000095+00:00,11.823333330949147
1788792223.386,1788791737.6,78.6622755,16.920396333333333,True,1,1,2026-09-07 14:35:37.599999905+00:00,11.82668333053589
1788792223.583,1788791737.8,78.6622755,16.920395166666665,True,1,1,2026-09-07 14:35:37.799999952+00:00,11.82996666431427
1788792223.784,1788791738.0,78.66227533333334,16.920394166666664,True,1,1,2026-09-07 14:35:38+00:00,11.83331666390101
1788792223.982,1788791738.2,78.66227516666666,16.920393333333333,True,1,1,2026-09-07 14:35:38.200000048+00:00,11.836616667111715
1788792224.184,1788791738.4,78.662275,16.9203925,True,1,1,2026-09-07 14:35:38.400000095+00:00,11.839983332157136
1788792224.383,1788791738.6,78.66227466666666,16.920391666666667,True,1,1,2026-09-07 14:35:38.599999905+00:00,11.843299996852874
1788792224.582,1788791738.8,78.6622745,16.920390833333332,True,1,1,2026-09-07 14:35:38.799999952+00:00,11.846616665522257
1788792224.785,1788791739.0,78.66227433333333,16.920389833333335,True,1,1,2026-09-07 14:35:39+00:00,11.85
1788792224.986,1788791739.2,78.66227416666668,16.920389,True,1,1,2026-09-07 14:35:39.200000048+00:00,11.853349999586742
1788792225.187,1788791739.4,78.662274,16.920388166666665,True,1,1,2026-09-07 14:35:39.400000095+00:00,11.856699999173482
1788792225.384,1788791739.6,78.66227383333333,16.920387,True,1,1,2026-09-07 14:35:39.599999905+00:00,11.859983332951863
1788792225.586,1788791739.8,78.66227350000001,16.920386166666667,True,1,1,2026-09-07 14:35:39.799999952+00:00,11.863349997997284
1788792225.786,1788791740.0,78.66227333333333,16.920385333333336,True,1,1,2026-09-07 14:35:40+00:00,11.866683332125346
1788792225.985,1788791740.2,78.66227316666667,16.92038416666667,True,1,1,2026-09-07 14:35:40.200000048+00:00,11.869999996821086
1788792226.185,1788791740.4,78.662273,16.920383166666667,True,1,1,2026-09-07 14:35:40.400000095+00:00,11.873333330949148
1788792226.385,1788791740.6,78.66227283333333,16.920382166666666,True,1,1,2026-09-07 14:35:40.599999905+00:00,11.87666666507721
1788792226.585,1788791740.8,78.66227266666667,16.92038116666667,True,1,1,2026-09-07 14:35:40.799999952+00:00,11.879999999205271
1788792226.784,1788791741.0,78.66227266666667,16.920380166666668,True,1,1,2026-09-07 14:35:41+00:00,11.883316663901011
1788792226.985,1788791741.2,78.6622725,16.920379,True,1,1,2026-09-07 14:35:41.200000048+00:00,11.886666663487752
1788792227.185,1788791741.4,78.66227233333333,16.920377833333337,True,1,1,2026-09-07 14:35:41.400000095+00:00,11.889999997615813
1788792227.385,1788791741.6,78.66227216666667,16.920376666666666,True,1,1,2026-09-07 14:35:41.599999905+00:00,11.893333331743877
1788792227.586,1788791741.8,78.662272,16.920375666666665,True,1,1,2026-09-07 14:35:41.799999952+00:00,11.896683331330618
1788792227.787,1788791742.0,78.662272,16.920374666666664,True,1,1,2026-09-07 14:35:42+00:00,11.900033330917358
1788792227.985,1788791742.2,78.66227183333334,16.920373666666666,True,1,1,2026-09-07 14:35:42.200000048+00:00,11.90333333015442
1788792228.182,1788791742.4,78.66227183333334,16.920372166666667,True,1,1,2026-09-07 14:35:42.400000095+00:00,11.9066166639328
1788792228.386,1788791742.6,78.66227166666665,16.920370666666667,True,1,1,2026-09-07 14:35:42.599999905+00:00,11.910016663869222
1788792228.588,1788791742.8,78.66227166666665,16.920369333333333,True,1,1,2026-09-07 14:35:42.799999952+00:00,11.913383332888285
1788792228.787,1788791743.0,78.6622715,16.920368333333332,True,1,1,2026-09-07 14:35:43+00:00,11.916699997584026
1788792228.984,1788791743.2,78.66227166666665,16.9203665,True,1,1,2026-09-07 14:35:43.200000048+00:00,11.919983331362406
1788792229.184,1788791743.4,78.66227166666665,16.920365,True,1,1,2026-09-07 14:35:43.400000095+00:00,11.923316665490468
1788792229.384,1788791743.6,78.66227166666665,16.920363666666667,True,1,1,2026-09-07 14:35:43.599999905+00:00,11.92664999961853
1788792229.584,1788791743.8,78.6622715,16.920362333333333,True,1,1,2026-09-07 14:35:43.799999952+00:00,11.929983333746593
1788792229.785,1788791744.0,78.6622715,16.920361333333336,True,1,1,2026-09-07 14:35:44+00:00,11.933333333333334
1788792229.987,1788791744.2,78.66227133333334,16.9203605,True,1,1,2026-09-07 14:35:44.200000048+00:00,11.936699998378753
1788792230.185,1788791744.4,78.66227116666667,16.9203595,True,1,1,2026-09-07 14:35:44.400000095+00:00,11.939999997615814
1788792230.386,1788791744.6,78.66227116666667,16.920358,True,1,1,2026-09-07 14:35:44.599999905+00:00,11.943349997202555
1788792230.587,1788791744.8,78.66227099999999,16.920356666666667,True,1,1,2026-09-07 14:35:44.799999952+00:00,11.946699996789297
1788792230.786,1788791745.0,78.66227099999999,16.920355166666663,True,1,1,2026-09-07 14:35:45+00:00,11.95001666545868
1788792230.984,1788791745.2,78.66227083333334,16.920354,True,1,1,2026-09-07 14:35:45.200000048+00:00,11.95331666469574
1788792231.186,1788791745.4,78.66227066666667,16.920353166666665,True,1,1,2026-09-07 14:35:45.400000095+00:00,11.956683333714803
1788792231.385,1788791745.6,78.6622705,16.920352166666664,True,1,1,2026-09-07 14:35:45.599999905+00:00,11.959999998410543
1788792231.585,1788791745.8,78.66227033333332,16.920351333333333,True,1,1,2026-09-07 14:35:45.799999952+00:00,11.963333332538605
1788792231.788,1788791746.0,78.66227016666667,16.92035033333333,True,1,1,2026-09-07 14:35:46+00:00,11.966716667016348
1788792231.987,1788791746.2,78.66227,16.920349333333334,True,1,1,2026-09-07 14:35:46.200000048+00:00,11.970033331712086
1788792232.187,1788791746.4,78.66227,16.920348333333333,True,1,1,2026-09-07 14:35:46.400000095+00:00,11.97336666584015
1788792232.387,1788791746.6,78.66226983333333,16.920347666666665,True,1,1,2026-09-07 14:35:46.599999905+00:00,11.976699999968211
1788792232.585,1788791746.8,78.66226966666666,16.920346833333333,True,1,1,2026-09-07 14:35:46.799999952+00:00,11.97999999920527
1788792232.784,1788791747.0,78.66226950000001,16.920346,True,1,1,2026-09-07 14:35:47+00:00,11.983316663901011
1788792232.986,1788791747.2,78.66226933333334,16.920345,True,1,1,2026-09-07 14:35:47.200000048+00:00,11.986683332920075
1788792233.187,1788791747.4,78.66226916666666,16.920344,True,1,1,2026-09-07 14:35:47.400000095+00:00,11.990033332506815
1788792233.386,1788791747.6,78.66226916666666,16.920343,True,1,1,2026-09-07 14:35:47.599999905+00:00,11.993349997202555
1788792233.582,1788791747.8,78.662269,16.920342333333334,True,1,1,2026-09-07 14:35:47.799999952+00:00,11.996616665522257
1788792233.785,1788791748.0,78.66226883333334,16.920341666666666,True,1,1,2026-09-07 14:35:48+00:00,12.0
1788792233.989,1788791748.2,78.66226883333334,16.920340833333334,True,1,1,2026-09-07 14:35:48.200000048+00:00,12.003399999936422
1788792234.185,1788791748.4,78.66226866666666,16.92034,True,1,1,2026-09-07 14:35:48.400000095+00:00,12.00666666428248
1788792234.386,1788791748.6,78.6622685,16.92033916666667,True,1,1,2026-09-07 14:35:48.599999905+00:00,12.010016663869221
1788792234.585,1788791748.8,78.6622685,16.920338166666667,True,1,1,2026-09-07 14:35:48.799999952+00:00,12.013333332538604
1788792234.788,1788791749.0,78.6622685,16.920337166666666,True,1,1,2026-09-07 14:35:49+00:00,12.016716667016347
1788792234.986,1788791749.2,78.66226833333333,16.920336666666667,True,1,1,2026-09-07 14:35:49.200000048+00:00,12.020016666253408
1788792235.186,1788791749.4,78.66226833333333,16.9203355,True,1,1,2026-09-07 14:35:49.400000095+00:00,12.02335000038147
1788792235.387,1788791749.6,78.66226833333333,16.920334500000003,True,1,1,2026-09-07 14:35:49.599999905+00:00,12.02669999996821
1788792235.585,1788791749.8,78.66226816666668,16.9203335,True,1,1,2026-09-07 14:35:49.799999952+00:00,12.029999999205272
1788792235.785,1788791750.0,78.66226816666668,16.92033233333333,True,1,1,2026-09-07 14:35:50+00:00,12.033333333333333
1788792235.986,1788791750.2,78.66226816666668,16.920331333333333,True,1,1,2026-09-07 14:35:50.200000048+00:00,12.036683332920074
1788792236.185,1788791750.4,78.66226816666668,16.920330333333332,True,1,1,2026-09-07 14:35:50.400000095+00:00,12.039999997615814
1788792236.383,1788791750.6,78.66226816666668,16.92032933333333,True,1,1,2026-09-07 14:35:50.599999905+00:00,12.043299996852875
1788792236.587,1788791750.8,78.66226816666668,16.920328333333334,True,1,1,2026-09-07 14:35:50.799999952+00:00,12.046699996789297
1788792236.786,1788791751.0,78.662268,16.920327166666667,True,1,1,2026-09-07 14:35:51+00:00,12.05001666545868
1788792236.986,1788791751.2,78.662268,16.920326333333332,True,1,1,2026-09-07 14:35:51.200000048+00:00,12.053349999586741
1788792237.187,1788791751.4,78.662268,16.920325333333334,True,1,1,2026-09-07 14:35:51.400000095+00:00,12.056699999173482
1788792237.386,1788791751.6,78.662268,16.920324666666666,True,1,1,2026-09-07 14:35:51.599999905+00:00,12.060016663869222
1788792237.586,1788791751.8,78.662268,16.920323833333335,True,1,1,2026-09-07 14:35:51.799999952+00:00,12.063349997997284
1788792237.784,1788791752.0,78.662268,16.920323,True,1,1,2026-09-07 14:35:52+00:00,12.066649997234345
1788792237.988,1788791752.2,78.662268,16.920322166666665,True,1,1,2026-09-07 14:35:52.200000048+00:00,12.070049997170766
1788792238.186,1788791752.4,78.662268,16.920321,True,1,1,2026-09-07 14:35:52.400000095+00:00,12.07335000038147
1788792238.387,1788791752.6,78.662268,16.920320166666666,True,1,1,2026-09-07 14:35:52.599999905+00:00,12.076699999968211
1788792238.588,1788791752.8,78.66226783333333,16.920319333333335,True,1,1,2026-09-07 14:35:52.799999952+00:00,12.080049999554952
1788792238.788,1788791753.0,78.66226783333333,16.920318333333334,True,1,1,2026-09-07 14:35:53+00:00,12.083383333683013
1788792238.985,1788791753.2,78.66226783333333,16.920317166666667,True,1,1,2026-09-07 14:35:53.200000048+00:00,12.086666663487753
1788792239.18,1788791753.4,78.66226783333333,16.920316166666666,True,1,1,2026-09-07 14:35:53.400000095+00:00,12.089916666348776
1788792239.383,1788791753.6,78.66226783333333,16.920314833333336,True,1,1,2026-09-07 14:35:53.599999905+00:00,12.093299996852874
1788792239.585,1788791753.8,78.66226783333333,16.920313833333335,True,1,1,2026-09-07 14:35:53.799999952+00:00,12.096666665871938
1788792239.784,1788791754.0,78.66226783333333,16.920313,True,1,1,2026-09-07 14:35:54+00:00,12.099983330567678
1788792239.987,1788791754.2,78.66226783333333,16.920312000000003,True,1,1,2026-09-07 14:35:54.200000048+00:00,12.10336666504542
1788792240.188,1788791754.4,78.66226783333333,16.920311,True,1,1,2026-09-07 14:35:54.400000095+00:00,12.106716664632161
1788792240.386,1788791754.6,78.66226783333333,16.92030983333333,True,1,1,2026-09-07 14:35:54.599999905+00:00,12.110016663869223
1788792240.583,1788791754.8,78.66226766666666,16.920308833333333,True,1,1,2026-09-07 14:35:54.799999952+00:00,12.113299997647603
1788792240.787,1788791755.0,78.66226766666666,16.9203075,True,1,1,2026-09-07 14:35:55+00:00,12.116699997584025
1788792240.987,1788791755.2,78.66226766666666,16.920306333333333,True,1,1,2026-09-07 14:35:55.200000048+00:00,12.120033331712087
1788792241.188,1788791755.4,78.66226750000001,16.920305166666665,True,1,1,2026-09-07 14:35:55.400000095+00:00,12.123383331298829
1788792241.386,1788791755.6,78.66226750000001,16.920304166666664,True,1,1,2026-09-07 14:35:55.599999905+00:00,12.126683330535888
1788792241.585,1788791755.8,78.66226750000001,16.920303,True,1,1,2026-09-07 14:35:55.799999952+00:00,12.129999999205271
1788792241.788,1788791756.0,78.66226733333333,16.920301833333333,True,1,1,2026-09-07 14:35:56+00:00,12.133383333683014
1788792241.986,1788791756.2,78.66226733333333,16.9203005,True,1,1,2026-09-07 14:35:56.200000048+00:00,12.136683332920075
1788792242.186,1788791756.4,78.66226733333333,16.920299666666665,True,1,1,2026-09-07 14:35:56.400000095+00:00,12.140016667048137
1788792242.386,1788791756.6,78.66226716666667,16.920298666666667,True,1,1,2026-09-07 14:35:56.599999905+00:00,12.143349997202556
1788792242.587,1788791756.8,78.66226716666667,16.920297666666666,True,1,1,2026-09-07 14:35:56.799999952+00:00,12.146699996789296
1788792242.788,1788791757.0,78.662267,16.920296833333335,True,1,1,2026-09-07 14:35:57+00:00,12.150050000349681
1788792242.987,1788791757.2,78.662267,16.920296,True,1,1,2026-09-07 14:35:57.200000048+00:00,12.15336666504542
1788792243.186,1788791757.4,78.66226683333333,16.920295166666666,True,1,1,2026-09-07 14:35:57.400000095+00:00,12.156683333714803
1788792243.385,1788791757.6,78.66226683333333,16.920294333333334,True,1,1,2026-09-07 14:35:57.599999905+00:00,12.159999998410543
1788792243.585,1788791757.8,78.66226683333333,16.920293333333333,True,1,1,2026-09-07 14:35:57.799999952+00:00,12.163333332538604
1788792243.785,1788791758.0,78.66226666666667,16.92029266666667,True,1,1,2026-09-07 14:35:58+00:00,12.166666666666666
1788792243.986,1788791758.2,78.66226666666667,16.920292166666666,True,1,1,2026-09-07 14:35:58.200000048+00:00,12.170016666253408
1788792244.187,1788791758.4,78.6622665,16.92029116666667,True,1,1,2026-09-07 14:35:58.400000095+00:00,12.173366665840149
1788792244.386,1788791758.6,78.6622665,16.920290166666668,True,1,1,2026-09-07 14:35:58.599999905+00:00,12.176683330535889
1788792244.583,1788791758.8,78.6622665,16.920289,True,1,1,2026-09-07 14:35:58.799999952+00:00,12.17996666431427
1788792244.784,1788791759.0,78.66226633333333,16.920288000000003,True,1,1,2026-09-07 14:35:59+00:00,12.183316663901012
1788792244.988,1788791759.2,78.66226633333333,16.920287,True,1,1,2026-09-07 14:35:59.200000048+00:00,12.186716663837434
1788792245.188,1788791759.4,78.66226633333333,16.92028583333333,True,1,1,2026-09-07 14:35:59.400000095+00:00,12.190049997965495
1788792245.388,1788791759.6,78.66226633333333,16.920284833333334,True,1,1,2026-09-07 14:35:59.599999905+00:00,12.193383332093557
1788792245.586,1788791759.8,78.66226616666667,16.9202835,True,1,1,2026-09-07 14:35:59.799999952+00:00,12.196683331330616
1788792245.788,1788791760.0,78.66226616666667,16.920282166666667,True,1,1,2026-09-07 14:36:00+00:00,12.20005000034968
1788792245.992,1788791760.2,78.66226616666667,16.920281,True,1,1,2026-09-07 14:36:00.200000048+00:00,12.203450000286102
1788792246.186,1788791760.4,78.662266,16.920279833333332,True,1,1,2026-09-07 14:36:00.400000095+00:00,12.206683333714803
1788792246.387,1788791760.6,78.662266,16.920278666666665,True,1,1,2026-09-07 14:36:00.599999905+00:00,12.210033333301544
1788792246.586,1788791760.8,78.662266,16.920277333333335,True,1,1,2026-09-07 14:36:00.799999952+00:00,12.213349997997284
1788792246.787,1788791761.0,78.66226583333334,16.920275833333335,True,1,1,2026-09-07 14:36:01+00:00,12.216699997584024
1788792246.989,1788791761.2,78.66226583333334,16.920274333333335,True,1,1,2026-09-07 14:36:01.200000048+00:00,12.220066666603088
1788792247.186,1788791761.4,78.66226583333334,16.920273,True,1,1,2026-09-07 14:36:01.400000095+00:00,12.223350000381469
1788792247.384,1788791761.6,78.66226566666666,16.920271666666668,True,1,1,2026-09-07 14:36:01.599999905+00:00,12.22664999961853
1788792247.586,1788791761.8,78.66226566666666,16.920270333333335,True,1,1,2026-09-07 14:36:01.799999952+00:00,12.230016664663951
1788792247.787,1788791762.0,78.6622655,16.920268833333335,True,1,1,2026-09-07 14:36:02+00:00,12.233366664250692
1788792247.985,1788791762.2,78.6622655,16.920267333333335,True,1,1,2026-09-07 14:36:02.200000048+00:00,12.236666663487751
1788792248.187,1788791762.4,78.66226533333334,16.92026566666667,True,1,1,2026-09-07 14:36:02.400000095+00:00,12.240033332506815
1788792248.387,1788791762.6,78.66226533333334,16.920264,True,1,1,2026-09-07 14:36:02.599999905+00:00,12.243366666634877
1788792248.588,1788791762.8,78.66226516666667,16.920262666666666,True,1,1,2026-09-07 14:36:02.799999952+00:00,12.24671666622162
1788792248.787,1788791763.0,78.66226516666667,16.920261166666666,True,1,1,2026-09-07 14:36:03+00:00,12.250033330917358
1788792248.987,1788791763.2,78.66226499999999,16.920259833333333,True,1,1,2026-09-07 14:36:03.200000048+00:00,12.253366665045421
1788792249.185,1788791763.4,78.66226499999999,16.920258166666667,True,1,1,2026-09-07 14:36:03.400000095+00:00,12.25666666428248
1788792249.386,1788791763.6,78.66226499999999,16.920256666666667,True,1,1,2026-09-07 14:36:03.599999905+00:00,12.260016663869221
1788792249.586,1788791763.8,78.66226483333334,16.920255166666667,True,1,1,2026-09-07 14:36:03.799999952+00:00,12.263349997997285
1788792249.788,1788791764.0,78.66226466666667,16.920254,True,1,1,2026-09-07 14:36:04+00:00,12.266716667016347
1788792249.986,1788791764.2,78.66226466666667,16.920252666666666,True,1,1,2026-09-07 14:36:04.200000048+00:00,12.270016666253408
1788792250.183,1788791764.4,78.6622645,16.9202515,True,1,1,2026-09-07 14:36:04.400000095+00:00,12.273300000031789
1788792250.386,1788791764.6,78.6622645,16.920250166666666,True,1,1,2026-09-07 14:36:04.599999905+00:00,12.276683330535889
1788792250.587,1788791764.8,78.6622645,16.920248833333336,True,1,1,2026-09-07 14:36:04.799999952+00:00,12.28003333012263
1788792250.786,1788791765.0,78.66226433333333,16.920247333333336,True,1,1,2026-09-07 14:36:05+00:00,12.283349998792012
1788792250.988,1788791765.2,78.66226433333333,16.920246333333335,True,1,1,2026-09-07 14:36:05.200000048+00:00,12.286716663837433
1788792251.186,1788791765.4,78.66226416666667,16.920245166666668,True,1,1,2026-09-07 14:36:05.400000095+00:00,12.290016667048137
1788792251.387,1788791765.6,78.66226400000001,16.920244,True,1,1,2026-09-07 14:36:05.599999905+00:00,12.293366666634878
1788792251.584,1788791765.8,78.66226400000001,16.920242833333337,True,1,1,2026-09-07 14:36:05.799999952+00:00,12.296650000413258
1788792251.788,1788791766.0,78.66226383333333,16.920241333333333,True,1,1,2026-09-07 14:36:06+00:00,12.30005000034968
1788792251.986,1788791766.2,78.66226383333333,16.920240166666666,True,1,1,2026-09-07 14:36:06.200000048+00:00,12.303349999586741
1788792252.187,1788791766.4,78.66226366666666,16.920239,True,1,1,2026-09-07 14:36:06.400000095+00:00,12.306699999173482
1788792252.387,1788791766.6,78.66226366666666,16.920237999999998,True,1,1,2026-09-07 14:36:06.599999905+00:00,12.310033333301543
1788792252.587,1788791766.8,78.66226350000001,16.920236666666664,True,1,1,2026-09-07 14:36:06.799999952+00:00,12.313366663455962
1788792252.786,1788791767.0,78.66226350000001,16.9202355,True,1,1,2026-09-07 14:36:07+00:00,12.316683332125345
1788792252.986,1788791767.2,78.66226333333334,16.920234166666667,True,1,1,2026-09-07 14:36:07.200000048+00:00,12.320016666253407
1788792253.185,1788791767.4,78.66226316666666,16.920232833333333,True,1,1,2026-09-07 14:36:07.400000095+00:00,12.323333330949147
1788792253.388,1788791767.6,78.662263,16.920231833333332,True,1,1,2026-09-07 14:36:07.599999905+00:00,12.32671666542689
1788792253.586,1788791767.8,78.662263,16.9202305,True,1,1,2026-09-07 14:36:07.799999952+00:00,12.330016664663951
1788792253.786,1788791768.0,78.66226283333334,16.920229333333335,True,1,1,2026-09-07 14:36:08+00:00,12.333349998792013
1788792253.986,1788791768.2,78.66226266666666,16.920228,True,1,1,2026-09-07 14:36:08.200000048+00:00,12.336683332920074
1788792254.186,1788791768.4,78.66226266666666,16.920226666666668,True,1,1,2026-09-07 14:36:08.400000095+00:00,12.340016667048136
1788792254.385,1788791768.6,78.6622625,16.920225333333335,True,1,1,2026-09-07 14:36:08.599999905+00:00,12.343333331743876
1788792254.583,1788791768.8,78.66226233333333,16.920224166666667,True,1,1,2026-09-07 14:36:08.799999952+00:00,12.346633330980938
1788792254.787,1788791769.0,78.66226233333333,16.920223,True,1,1,2026-09-07 14:36:09+00:00,12.350033330917359
1788792254.985,1788791769.2,78.66226216666668,16.920221833333336,True,1,1,2026-09-07 14:36:09.200000048+00:00,12.353333330154419
1788792255.186,1788791769.4,78.66226216666668,16.92022066666667,True,1,1,2026-09-07 14:36:09.400000095+00:00,12.356683333714804
1788792255.386,1788791769.6,78.66226216666668,16.920219999999997,True,1,1,2026-09-07 14:36:09.599999905+00:00,12.360016663869223
1788792255.585,1788791769.8,78.66226216666668,16.920219166666666,True,1,1,2026-09-07 14:36:09.799999952+00:00,12.363333332538605
1788792255.783,1788791770.0,78.66226216666668,16.92021833333333,True,1,1,2026-09-07 14:36:10+00:00,12.366633331775665
1788792255.985,1788791770.2,78.66226216666668,16.920217666666666,True,1,1,2026-09-07 14:36:10.200000048+00:00,12.369999996821086
1788792256.186,1788791770.4,78.66226216666668,16.920217333333333,True,1,1,2026-09-07 14:36:10.400000095+00:00,12.37335000038147
1788792256.387,1788791770.6,78.66226233333333,16.920216999999997,True,1,1,2026-09-07 14:36:10.599999905+00:00,12.376699999968212
1788792256.585,1788791770.8,78.66226233333333,16.9202165,True,1,1,2026-09-07 14:36:10.799999952+00:00,12.379999999205271
1788792256.786,1788791771.0,78.6622625,16.920216333333332,True,1,1,2026-09-07 14:36:11+00:00,12.383349998792012
1788792256.986,1788791771.2,78.66226266666666,16.920215833333334,True,1,1,2026-09-07 14:36:11.200000048+00:00,12.386683332920075
1788792257.186,1788791771.4,78.66226283333334,16.920215499999998,True,1,1,2026-09-07 14:36:11.400000095+00:00,12.390016667048137
1788792257.386,1788791771.6,78.662263,16.920214833333333,True,1,1,2026-09-07 14:36:11.599999905+00:00,12.393349997202556
1788792257.586,1788791771.8,78.66226316666666,16.9202145,True,1,1,2026-09-07 14:36:11.799999952+00:00,12.396683331330618
1788792257.789,1788791772.0,78.66226333333334,16.920214166666664,True,1,1,2026-09-07 14:36:12+00:00,12.40006666580836
1788792257.986,1788791772.2,78.66226350000001,16.920214166666664,True,1,1,2026-09-07 14:36:12.200000048+00:00,12.403349999586741
1788792258.185,1788791772.4,78.66226366666666,16.920213999999998,True,1,1,2026-09-07 14:36:12.400000095+00:00,12.406666664282481
1788792258.384,1788791772.6,78.66226366666666,16.920214166666664,True,1,1,2026-09-07 14:36:12.599999905+00:00,12.409983332951864
1788792258.583,1788791772.8,78.66226383333333,16.920214333333334,True,1,1,2026-09-07 14:36:12.799999952+00:00,12.413299997647604
1788792258.788,1788791773.0,78.66226400000001,16.9202145,True,1,1,2026-09-07 14:36:13+00:00,12.416716667016347
1788792258.985,1788791773.2,78.66226416666667,16.920214166666664,True,1,1,2026-09-07 14:36:13.200000048+00:00,12.419999996821085
1788792259.185,1788791773.4,78.66226433333333,16.9202145,True,1,1,2026-09-07 14:36:13.400000095+00:00,12.423333330949147
1788792259.382,1788791773.6,78.6622645,16.9202145,True,1,1,2026-09-07 14:36:13.599999905+00:00,12.42661666472753
1788792259.583,1788791773.8,78.66226466666667,16.920214666666666,True,1,1,2026-09-07 14:36:13.799999952+00:00,12.42996666431427
1788792259.783,1788791774.0,78.66226483333334,16.920214833333333,True,1,1,2026-09-07 14:36:14+00:00,12.433299998442331
1788792259.987,1788791774.2,78.66226499999999,16.92021533333333,True,1,1,2026-09-07 14:36:14.200000048+00:00,12.436699998378753
1788792260.186,1788791774.4,78.66226516666667,16.920216166666666,True,1,1,2026-09-07 14:36:14.400000095+00:00,12.440016667048136
1788792260.386,1788791774.6,78.6622655,16.920216666666665,True,1,1,2026-09-07 14:36:14.599999905+00:00,12.443349997202555
1788792260.586,1788791774.8,78.66226566666666,16.920217333333333,True,1,1,2026-09-07 14:36:14.799999952+00:00,12.446683331330616
1788792260.785,1788791775.0,78.66226583333334,16.920218,True,1,1,2026-09-07 14:36:15+00:00,12.45
1788792260.989,1788791775.2,78.662266,16.920218499999997,True,1,1,2026-09-07 14:36:15.200000048+00:00,12.45339999993642
1788792261.181,1788791775.4,78.66226633333333,16.920218833333333,True,1,1,2026-09-07 14:36:15.400000095+00:00,12.456599998474122
1788792261.383,1788791775.6,78.66226666666667,16.920219499999998,True,1,1,2026-09-07 14:36:15.599999905+00:00,12.459966663519541
1788792261.585,1788791775.8,78.662267,16.920219666666664,True,1,1,2026-09-07 14:36:15.799999952+00:00,12.463333332538605
1788792261.785,1788791776.0,78.66226716666667,16.920219666666664,True,1,1,2026-09-07 14:36:16+00:00,12.466666666666667
1788792261.987,1788791776.2,78.66226733333333,16.920219,True,1,1,2026-09-07 14:36:16.200000048+00:00,12.470033331712086
1788792262.186,1788791776.4,78.66226766666666,16.92021833333333,True,1,1,2026-09-07 14:36:16.400000095+00:00,12.473350000381469
1788792262.387,1788791776.6,78.66226783333333,16.920216999999997,True,1,1,2026-09-07 14:36:16.599999905+00:00,12.476699999968211
1788792262.585,1788791776.8,78.66226816666668,16.920215833333334,True,1,1,2026-09-07 14:36:16.799999952+00:00,12.47999999920527
1788792262.786,1788791777.0,78.66226833333333,16.920213666666665,True,1,1,2026-09-07 14:36:17+00:00,12.483349998792013
1788792262.985,1788791777.2,78.6622685,16.920211833333333,True,1,1,2026-09-07 14:36:17.200000048+00:00,12.486666663487751
1788792263.185,1788791777.4,78.66226866666666,16.9202105,True,1,1,2026-09-07 14:36:17.400000095+00:00,12.489999997615815
1788792263.386,1788791777.6,78.662269,16.920208666666667,True,1,1,2026-09-07 14:36:17.599999905+00:00,12.493349997202555
1788792263.586,1788791777.8,78.66226916666666,16.920207,True,1,1,2026-09-07 14:36:17.799999952+00:00,12.496683331330617
1788792263.787,1788791778.0,78.66226933333334,16.920205666666668,True,1,1,2026-09-07 14:36:18+00:00,12.500033330917358
1788792263.983,1788791778.2,78.66226950000001,16.920203833333336,True,1,1,2026-09-07 14:36:18.200000048+00:00,12.503299999237061
1788792264.186,1788791778.4,78.66226966666666,16.920202500000002,True,1,1,2026-09-07 14:36:18.400000095+00:00,12.506683333714802
1788792264.388,1788791778.6,78.66226983333333,16.920201000000002,True,1,1,2026-09-07 14:36:18.599999905+00:00,12.510049998760223
1788792264.588,1788791778.8,78.66226983333333,16.92019966666667,True,1,1,2026-09-07 14:36:18.799999952+00:00,12.513383332888285
1788792264.785,1788791779.0,78.66227,16.9201985,True,1,1,2026-09-07 14:36:19+00:00,12.516666666666667
1788792264.985,1788791779.2,78.66227,16.920197166666664,True,1,1,2026-09-07 14:36:19.200000048+00:00,12.519999996821086
1788792265.184,1788791779.4,78.66227,16.920196166666663,True,1,1,2026-09-07 14:36:19.400000095+00:00,12.523316665490468
1788792265.381,1788791779.6,78.66227,16.920194833333333,True,1,1,2026-09-07 14:36:19.599999905+00:00,12.52659999926885
1788792265.584,1788791779.8,78.66226983333333,16.920194,True,1,1,2026-09-07 14:36:19.799999952+00:00,12.529983333746593
1788792265.784,1788791780.0,78.66226983333333,16.920193333333334,True,1,1,2026-09-07 14:36:20+00:00,12.533316663901012
1788792265.985,1788791780.2,78.66226950000001,16.920192999999998,True,1,1,2026-09-07 14:36:20.200000048+00:00,12.536666663487752
1788792266.186,1788791780.4,78.66226933333334,16.920192333333333,True,1,1,2026-09-07 14:36:20.400000095+00:00,12.540016667048137
1788792266.387,1788791780.6,78.662269,16.920192166666666,True,1,1,2026-09-07 14:36:20.599999905+00:00,12.543366666634878
1788792266.585,1788791780.8,78.6622685,16.920192,True,1,1,2026-09-07 14:36:20.799999952+00:00,12.546666665871937
1788792266.784,1788791781.0,78.66226816666668,16.920192,True,1,1,2026-09-07 14:36:21+00:00,12.549983330567677
1788792266.988,1788791781.2,78.66226766666666,16.920192166666666,True,1,1,2026-09-07 14:36:21.200000048+00:00,12.553383330504099
1788792267.185,1788791781.4,78.66226716666667,16.9201925,True,1,1,2026-09-07 14:36:21.400000095+00:00,12.556666664282481
1788792267.386,1788791781.6,78.66226666666667,16.920193166666664,True,1,1,2026-09-07 14:36:21.599999905+00:00,12.560016663869222
1788792267.585,1788791781.8,78.662266,16.9201935,True,1,1,2026-09-07 14:36:21.799999952+00:00,12.563333332538605
1788792267.786,1788791782.0,78.66226533333334,16.92019433333333,True,1,1,2026-09-07 14:36:22+00:00,12.566683332125345
1788792267.986,1788791782.2,78.66226466666667,16.920195,True,1,1,2026-09-07 14:36:22.200000048+00:00,12.570016666253407
1788792268.184,1788791782.4,78.66226400000001,16.920195666666665,True,1,1,2026-09-07 14:36:22.400000095+00:00,12.573316665490468
1788792268.387,1788791782.6,78.66226333333334,16.9201965,True,1,1,2026-09-07 14:36:22.599999905+00:00,12.576699999968211
1788792268.584,1788791782.8,78.66226266666666,16.920197499999997,True,1,1,2026-09-07 14:36:22.799999952+00:00,12.579983333746592
1788792268.785,1788791783.0,78.662262,16.9201985,True,1,1,2026-09-07 14:36:23+00:00,12.583333333333334
1788792268.988,1788791783.2,78.66226133333333,16.920199333333336,True,1,1,2026-09-07 14:36:23.200000048+00:00,12.586716663837432
1788792269.188,1788791783.4,78.66226066666667,16.920200333333334,True,1,1,2026-09-07 14:36:23.400000095+00:00,12.590049997965496
1788792269.387,1788791783.6,78.66226,16.920201333333335,True,1,1,2026-09-07 14:36:23.599999905+00:00,12.593366666634877
1788792269.582,1788791783.8,78.66225933333334,16.920202500000002,True,1,1,2026-09-07 14:36:23.799999952+00:00,12.596616665522257
1788792269.786,1788791784.0,78.66225866666667,16.920203833333336,True,1,1,2026-09-07 14:36:24+00:00,12.600016665458678
1788792269.985,1788791784.2,78.66225800000001,16.920205,True,1,1,2026-09-07 14:36:24.200000048+00:00,12.603333330154419
1788792270.185,1788791784.4,78.6622575,16.920206166666667,True,1,1,2026-09-07 14:36:24.400000095+00:00,12.60666666428248
1788792270.386,1788791784.6,78.66225683333333,16.920207666666666,True,1,1,2026-09-07 14:36:24.599999905+00:00,12.610016663869223
1788792270.586,1788791784.8,78.66225616666667,16.920209,True,1,1,2026-09-07 14:36:24.799999952+00:00,12.613349997997284
1788792270.786,1788791785.0,78.66225566666667,16.9202105,True,1,1,2026-09-07 14:36:25+00:00,12.616683332125346
1788792270.988,1788791785.2,78.662255,16.920212,True,1,1,2026-09-07 14:36:25.200000048+00:00,12.620049997170765
1788792271.187,1788791785.4,78.6622545,16.9202135,True,1,1,2026-09-07 14:36:25.400000095+00:00,12.623366665840148
1788792271.386,1788791785.6,78.66225383333334,16.92021533333333,True,1,1,2026-09-07 14:36:25.599999905+00:00,12.626683330535888
1788792271.582,1788791785.8,78.66225316666667,16.920217166666664,True,1,1,2026-09-07 14:36:25.799999952+00:00,12.62994999885559
1788792271.785,1788791786.0,78.66225266666667,16.920219,True,1,1,2026-09-07 14:36:26+00:00,12.633333333333333
1788792271.984,1788791786.2,78.66225200000001,16.92022066666667,True,1,1,2026-09-07 14:36:26.200000048+00:00,12.636649998029073
1788792272.181,1788791786.4,78.6622515,16.9202225,True,1,1,2026-09-07 14:36:26.400000095+00:00,12.639933331807454
1788792272.383,1788791786.6,78.662251,16.920224333333334,True,1,1,2026-09-07 14:36:26.599999905+00:00,12.643299996852875
1788792272.584,1788791786.8,78.66225066666667,16.920226500000002,True,1,1,2026-09-07 14:36:26.799999952+00:00,12.646650000413258
1788792272.785,1788791787.0,78.66225033333333,16.9202285,True,1,1,2026-09-07 14:36:27+00:00,12.65
1788792272.985,1788791787.2,78.66225,16.920230166666666,True,1,1,2026-09-07 14:36:27.200000048+00:00,12.65333333015442
1788792273.184,1788791787.4,78.66224966666667,16.9202315,True,1,1,2026-09-07 14:36:27.400000095+00:00,12.656649998823802
1788792273.385,1788791787.6,78.6622495,16.920233,True,1,1,2026-09-07 14:36:27.599999905+00:00,12.659999998410543
1788792273.585,1788791787.8,78.66224933333334,16.920234666666666,True,1,1,2026-09-07 14:36:27.799999952+00:00,12.663333332538604
1788792273.783,1788791788.0,78.66224916666667,16.920236166666665,True,1,1,2026-09-07 14:36:28+00:00,12.666633331775666
1788792273.984,1788791788.2,78.662249,16.920238166666664,True,1,1,2026-09-07 14:36:28.200000048+00:00,12.669983331362406
1788792274.184,1788791788.4,78.66224883333332,16.920240333333332,True,1,1,2026-09-07 14:36:28.400000095+00:00,12.673316665490468
1788792274.385,1788791788.6,78.66224866666667,16.92024316666667,True,1,1,2026-09-07 14:36:28.599999905+00:00,12.67666666507721
1788792274.586,1788791788.8,78.6622485,16.920245833333336,True,1,1,2026-09-07 14:36:28.799999952+00:00,12.68001666466395
1788792274.79,1788791789.0,78.66224833333334,16.920249166666668,True,1,1,2026-09-07 14:36:29+00:00,12.683416664600372
1788792274.983,1788791789.2,78.66224816666666,16.9202525,True,1,1,2026-09-07 14:36:29.200000048+00:00,12.686633332570393
1788792275.183,1788791789.4,78.66224816666666,16.920256166666665,True,1,1,2026-09-07 14:36:29.400000095+00:00,12.689966666698457
1788792275.385,1788791789.6,78.662248,16.92026033333333,True,1,1,2026-09-07 14:36:29.599999905+00:00,12.693333331743876
1788792275.585,1788791789.8,78.66224783333334,16.92026483333333,True,1,1,2026-09-07 14:36:29.799999952+00:00,12.696666665871938
1788792275.784,1788791790.0,78.66224783333334,16.9202695,True,1,1,2026-09-07 14:36:30+00:00,12.699983330567678
1788792275.984,1788791790.2,78.66224766666666,16.9202745,True,1,1,2026-09-07 14:36:30.200000048+00:00,12.70331666469574
1788792276.184,1788791790.4,78.66224749999999,16.920279833333332,True,1,1,2026-09-07 14:36:30.400000095+00:00,12.706649998823801
1788792276.383,1788791790.6,78.66224749999999,16.920285666666665,True,1,1,2026-09-07 14:36:30.599999905+00:00,12.709966663519541
1788792276.584,1788791790.8,78.66224733333334,16.920291833333334,True,1,1,2026-09-07 14:36:30.799999952+00:00,12.713316667079926
1788792276.785,1788791791.0,78.66224733333334,16.920298166666665,True,1,1,2026-09-07 14:36:31+00:00,12.716666666666667
1788792277.005,1788791791.2,78.662247,16.920304833333333,True,1,1,2026-09-07 14:36:31.200000048+00:00,12.72033333381017
1788792277.185,1788791791.4,78.66224683333333,16.920312000000003,True,1,1,2026-09-07 14:36:31.400000095+00:00,12.723333330949147
1788792277.386,1788791791.6,78.66224650000001,16.920319333333335,True,1,1,2026-09-07 14:36:31.599999905+00:00,12.726683330535888
1788792277.584,1788791791.8,78.66224633333333,16.920327166666667,True,1,1,2026-09-07 14:36:31.799999952+00:00,12.729983333746592
1788792277.783,1788791792.0,78.66224616666666,16.92033466666667,True,1,1,2026-09-07 14:36:32+00:00,12.733299998442332
1788792277.986,1788791792.2,78.66224583333333,16.9203425,True,1,1,2026-09-07 14:36:32.200000048+00:00,12.736683332920075
1788792278.185,1788791792.4,78.66224566666666,16.920350499999998,True,1,1,2026-09-07 14:36:32.400000095+00:00,12.739999997615815
1788792278.385,1788791792.6,78.6622455,16.920358500000003,True,1,1,2026-09-07 14:36:32.599999905+00:00,12.743333331743877
1788792278.586,1788791792.8,78.66224533333335,16.920366333333334,True,1,1,2026-09-07 14:36:32.799999952+00:00,12.746683331330617
1788792278.786,1788791793.0,78.66224516666666,16.92037433333333,True,1,1,2026-09-07 14:36:33+00:00,12.750016665458679
1788792278.986,1788791793.2,78.662245,16.920382333333336,True,1,1,2026-09-07 14:36:33.200000048+00:00,12.75334999958674
1788792279.185,1788791793.4,78.66224466666667,16.9203905,True,1,1,2026-09-07 14:36:33.400000095+00:00,12.75666666428248
1788792279.385,1788791793.6,78.6622445,16.920398666666664,True,1,1,2026-09-07 14:36:33.599999905+00:00,12.759999998410542
1788792279.583,1788791793.8,78.66224433333333,16.920407,True,1,1,2026-09-07 14:36:33.799999952+00:00,12.763299997647604
1788792279.784,1788791794.0,78.66224416666667,16.920415333333334,True,1,1,2026-09-07 14:36:34+00:00,12.766649997234344
1788792279.985,1788791794.2,78.66224383333333,16.920423666666668,True,1,1,2026-09-07 14:36:34.200000048+00:00,12.769999996821086
1788792280.185,1788791794.4,78.66224366666667,16.920432166666668,True,1,1,2026-09-07 14:36:34.400000095+00:00,12.773333330949148
1788792280.384,1788791794.6,78.6622435,16.920440666666664,True,1,1,2026-09-07 14:36:34.599999905+00:00,12.776649999618531
1788792280.582,1788791794.8,78.66224316666667,16.920449166666668,True,1,1,2026-09-07 14:36:34.799999952+00:00,12.77994999885559
1788792280.784,1788791795.0,78.662243,16.920458,True,1,1,2026-09-07 14:36:35+00:00,12.783316663901012
1788792280.985,1788791795.2,78.66224266666667,16.920466666666666,True,1,1,2026-09-07 14:36:35.200000048+00:00,12.786666663487752
1788792281.184,1788791795.4,78.66224233333334,16.920475333333332,True,1,1,2026-09-07 14:36:35.400000095+00:00,12.789983332157135
1788792281.386,1788791795.6,78.66224216666666,16.92048433333333,True,1,1,2026-09-07 14:36:35.599999905+00:00,12.793349997202556
1788792281.585,1788791795.8,78.66224183333334,16.920493166666667,True,1,1,2026-09-07 14:36:35.799999952+00:00,12.796666665871937
1788792281.784,1788791796.0,78.6622415,16.920502166666665,True,1,1,2026-09-07 14:36:36+00:00,12.799983330567677
1788792281.983,1788791796.2,78.66224116666667,16.92051133333333,True,1,1,2026-09-07 14:36:36.200000048+00:00,12.80329999923706
1788792282.185,1788791796.4,78.66224083333333,16.92052066666667,True,1,1,2026-09-07 14:36:36.400000095+00:00,12.806666664282481
1788792282.385,1788791796.6,78.66224050000001,16.920530166666666,True,1,1,2026-09-07 14:36:36.599999905+00:00,12.809999998410543
1788792282.586,1788791796.8,78.66224016666666,16.920539666666667,True,1,1,2026-09-07 14:36:36.799999952+00:00,12.813349997997284
1788792282.786,1788791797.0,78.66223983333333,16.920549666666666,True,1,1,2026-09-07 14:36:37+00:00,12.816683332125345
1788792282.984,1788791797.2,78.6622395,16.92055966666667,True,1,1,2026-09-07 14:36:37.200000048+00:00,12.819983331362407
1788792283.186,1788791797.4,78.66223916666667,16.920569666666665,True,1,1,2026-09-07 14:36:37.400000095+00:00,12.82335000038147
1788792283.385,1788791797.6,78.66223866666665,16.920579666666665,True,1,1,2026-09-07 14:36:37.599999905+00:00,12.826666665077209
1788792283.586,1788791797.8,78.66223833333333,16.920590166666667,True,1,1,2026-09-07 14:36:37.799999952+00:00,12.830016664663951
1788792283.788,1788791798.0,78.66223799999999,16.9206005,True,1,1,2026-09-07 14:36:38+00:00,12.833383333683013
1788792283.985,1788791798.2,78.6622375,16.920611,True,1,1,2026-09-07 14:36:38.200000048+00:00,12.836666663487753
1788792284.185,1788791798.4,78.66223716666667,16.920621666666666,True,1,1,2026-09-07 14:36:38.400000095+00:00,12.839999997615815
1788792284.387,1788791798.6,78.66223683333332,16.920632333333334,True,1,1,2026-09-07 14:36:38.599999905+00:00,12.843366666634877
1788792284.587,1788791798.8,78.66223633333334,16.920643166666665,True,1,1,2026-09-07 14:36:38.799999952+00:00,12.846699996789296
1788792284.789,1788791799.0,78.662236,16.920653833333333,True,1,1,2026-09-07 14:36:39+00:00,12.85006666580836
1788792284.984,1788791799.2,78.66223566666666,16.9206645,True,1,1,2026-09-07 14:36:39.200000048+00:00,12.85331666469574
1788792285.184,1788791799.4,78.66223516666668,16.920675333333335,True,1,1,2026-09-07 14:36:39.400000095+00:00,12.856649998823801
1788792285.384,1788791799.6,78.66223466666666,16.920686333333332,True,1,1,2026-09-07 14:36:39.599999905+00:00,12.859983332951863
1788792285.585,1788791799.8,78.66223433333333,16.920697166666667,True,1,1,2026-09-07 14:36:39.799999952+00:00,12.863333332538605
1788792285.787,1788791800.0,78.66223383333333,16.920708166666667,True,1,1,2026-09-07 14:36:40+00:00,12.866699997584025
1788792285.984,1788791800.2,78.66223333333333,16.920719000000002,True,1,1,2026-09-07 14:36:40.200000048+00:00,12.869983331362407
1788792286.183,1788791800.4,78.66223283333333,16.92073,True,1,1,2026-09-07 14:36:40.400000095+00:00,12.873300000031788
1788792286.386,1788791800.6,78.6622325,16.920740833333333,True,1,1,2026-09-07 14:36:40.599999905+00:00,12.876683330535888
1788792286.586,1788791800.8,78.66223199999999,16.920751833333334,True,1,1,2026-09-07 14:36:40.799999952+00:00,12.88001666466395
1788792286.787,1788791801.0,78.66223166666667,16.92076266666667,True,1,1,2026-09-07 14:36:41+00:00,12.883366664250692
1788792286.987,1788791801.2,78.66223116666667,16.920773666666665,True,1,1,2026-09-07 14:36:41.200000048+00:00,12.886699998378754
1788792287.185,1788791801.4,78.66223066666666,16.92078466666667,True,1,1,2026-09-07 14:36:41.400000095+00:00,12.889999997615813
1788792287.385,1788791801.6,78.66223033333334,16.920796,True,1,1,2026-09-07 14:36:41.599999905+00:00,12.893333331743877
1788792287.585,1788791801.8,78.66222983333334,16.920806833333334,True,1,1,2026-09-07 14:36:41.799999952+00:00,12.896666665871939
1788792287.787,1788791802.0,78.66222933333333,16.920817666666668,True,1,1,2026-09-07 14:36:42+00:00,12.900033330917358
1788792287.986,1788791802.2,78.662229,16.92082866666667,True,1,1,2026-09-07 14:36:42.200000048+00:00,12.903349999586741
1788792288.185,1788791802.4,78.66222850000001,16.920839666666666,True,1,1,2026-09-07 14:36:42.400000095+00:00,12.906666664282481
1788792288.386,1788791802.6,78.662228,16.92085066666667,True,1,1,2026-09-07 14:36:42.599999905+00:00,12.910016663869222
1788792288.586,1788791802.8,78.66222766666667,16.920861666666667,True,1,1,2026-09-07 14:36:42.799999952+00:00,12.913349997997283
1788792288.783,1788791803.0,78.66222716666667,16.920872666666664,True,1,1,2026-09-07 14:36:43+00:00,12.916633331775666
1788792288.986,1788791803.2,78.66222666666665,16.920883833333335,True,1,1,2026-09-07 14:36:43.200000048+00:00,12.920016666253408
1788792289.189,1788791803.4,78.66222616666667,16.92089483333333,True,1,1,2026-09-07 14:36:43.400000095+00:00,12.923399996757507
1788792289.387,1788791803.6,78.66222583333334,16.9209055,True,1,1,2026-09-07 14:36:43.599999905+00:00,12.92669999996821
1788792289.583,1788791803.8,78.66222533333332,16.92091633333333,True,1,1,2026-09-07 14:36:43.799999952+00:00,12.92996666431427
1788792289.785,1788791804.0,78.66222483333333,16.92092716666667,True,1,1,2026-09-07 14:36:44+00:00,12.933333333333334
1788792289.985,1788791804.2,78.66222450000001,16.920938,True,1,1,2026-09-07 14:36:44.200000048+00:00,12.936666663487753
1788792290.186,1788791804.4,78.662224,16.920949,True,1,1,2026-09-07 14:36:44.400000095+00:00,12.940016667048136
1788792290.386,1788791804.6,78.66222366666666,16.920959666666665,True,1,1,2026-09-07 14:36:44.599999905+00:00,12.943349997202555
1788792290.586,1788791804.8,78.66222316666668,16.920970666666665,True,1,1,2026-09-07 14:36:44.799999952+00:00,12.946683331330616
1788792290.785,1788791805.0,78.66222266666666,16.9209815,True,1,1,2026-09-07 14:36:45+00:00,12.95
1788792290.986,1788791805.2,78.66222216666667,16.9209925,True,1,1,2026-09-07 14:36:45.200000048+00:00,12.953349999586742
1788792291.186,1788791805.4,78.66222166666667,16.921003499999998,True,1,1,2026-09-07 14:36:45.400000095+00:00,12.956683333714803
1788792291.386,1788791805.6,78.66222133333333,16.921014333333336,True,1,1,2026-09-07 14:36:45.599999905+00:00,12.960016663869222
1788792291.584,1788791805.8,78.66222066666666,16.921025166666666,True,1,1,2026-09-07 14:36:45.799999952+00:00,12.963316667079926
1788792291.787,1788791806.0,78.66222016666667,16.921036166666667,True,1,1,2026-09-07 14:36:46+00:00,12.966699997584024
1788792291.987,1788791806.2,78.66221966666667,16.921047166666664,True,1,1,2026-09-07 14:36:46.200000048+00:00,12.970033331712086
1788792292.187,1788791806.4,78.66221916666667,16.921058333333335,True,1,1,2026-09-07 14:36:46.400000095+00:00,12.97336666584015
1788792292.387,1788791806.6,78.66221866666666,16.921069,True,1,1,2026-09-07 14:36:46.599999905+00:00,12.976699999968211
1788792292.586,1788791806.8,78.66221816666666,16.921079833333334,True,1,1,2026-09-07 14:36:46.799999952+00:00,12.980016664663951
1788792292.785,1788791807.0,78.66221766666666,16.921090833333334,True,1,1,2026-09-07 14:36:47+00:00,12.983333333333333
1788792292.983,1788791807.2,78.66221716666668,16.92110166666667,True,1,1,2026-09-07 14:36:47.200000048+00:00,12.986633332570394
1788792293.185,1788791807.4,78.66221666666667,16.921112333333333,True,1,1,2026-09-07 14:36:47.400000095+00:00,12.989999997615815
1788792293.387,1788791807.6,78.66221616666667,16.921123,True,1,1,2026-09-07 14:36:47.599999905+00:00,12.993366666634877
1788792293.587,1788791807.8,78.66221566666667,16.921133833333332,True,1,1,2026-09-07 14:36:47.799999952+00:00,12.996699996789296
1788792293.787,1788791808.0,78.66221516666666,16.921144666666667,True,1,1,2026-09-07 14:36:48+00:00,13.000033330917358
1788792293.986,1788791808.2,78.66221466666666,16.921155333333335,True,1,1,2026-09-07 14:36:48.200000048+00:00,13.00334999958674
1788792294.186,1788791808.4,78.66221416666667,16.921166000000003,True,1,1,2026-09-07 14:36:48.400000095+00:00,13.006683333714802
1788792294.384,1788791808.6,78.66221366666667,16.921176833333334,True,1,1,2026-09-07 14:36:48.599999905+00:00,13.009983332951863
1788792294.586,1788791808.8,78.66221300000001,16.9211875,True,1,1,2026-09-07 14:36:48.799999952+00:00,13.013349997997285
1788792294.787,1788791809.0,78.6622125,16.921198333333333,True,1,1,2026-09-07 14:36:49+00:00,13.016699997584025
1788792294.985,1788791809.2,78.66221183333333,16.921209166666664,True,1,1,2026-09-07 14:36:49.200000048+00:00,13.019999996821086
1788792295.184,1788791809.4,78.66221133333333,16.921220166666668,True,1,1,2026-09-07 14:36:49.400000095+00:00,13.023316665490468
1788792295.386,1788791809.6,78.66221066666667,16.921231,True,1,1,2026-09-07 14:36:49.599999905+00:00,13.026683330535889
1788792295.585,1788791809.8,78.66221016666667,16.921242,True,1,1,2026-09-07 14:36:49.799999952+00:00,13.029999999205272
1788792295.785,1788791810.0,78.6622095,16.921253,True,1,1,2026-09-07 14:36:50+00:00,13.033333333333333
1788792295.986,1788791810.2,78.66220883333334,16.921263833333335,True,1,1,2026-09-07 14:36:50.200000048+00:00,13.036683332920074
1788792296.185,1788791810.4,78.66220833333334,16.92127483333333,True,1,1,2026-09-07 14:36:50.400000095+00:00,13.039999997615814
1788792296.386,1788791810.6,78.66220766666667,16.921285666666666,True,1,1,2026-09-07 14:36:50.599999905+00:00,13.043349997202556
1788792296.586,1788791810.8,78.66220700000001,16.9212965,True,1,1,2026-09-07 14:36:50.799999952+00:00,13.046683331330618
1788792296.786,1788791811.0,78.6622065,16.9213075,True,1,1,2026-09-07 14:36:51+00:00,13.05001666545868
1788792296.987,1788791811.2,78.66220583333333,16.921318333333332,True,1,1,2026-09-07 14:36:51.200000048+00:00,13.05336666504542
1788792297.182,1788791811.4,78.66220516666667,16.921329333333333,True,1,1,2026-09-07 14:36:51.400000095+00:00,13.0566166639328
1788792297.386,1788791811.6,78.66220466666667,16.921340166666667,True,1,1,2026-09-07 14:36:51.599999905+00:00,13.060016663869222
1788792297.586,1788791811.8,78.662204,16.921351166666668,True,1,1,2026-09-07 14:36:51.799999952+00:00,13.063349997997284
1788792297.786,1788791812.0,78.66220333333334,16.921362,True,1,1,2026-09-07 14:36:52+00:00,13.066683332125345
1788792297.987,1788791812.2,78.66220266666666,16.921373000000003,True,1,1,2026-09-07 14:36:52.200000048+00:00,13.070033331712088
1788792298.186,1788791812.4,78.66220216666667,16.921384,True,1,1,2026-09-07 14:36:52.400000095+00:00,13.07335000038147
1788792298.386,1788791812.6,78.66220150000001,16.921394833333334,True,1,1,2026-09-07 14:36:52.599999905+00:00,13.07668333053589
1788792298.587,1788791812.8,78.66220083333333,16.921405666666665,True,1,1,2026-09-07 14:36:52.799999952+00:00,13.08003333012263
1788792298.787,1788791813.0,78.66220016666666,16.921416500000003,True,1,1,2026-09-07 14:36:53+00:00,13.083366664250692
1788792298.986,1788791813.2,78.6621995,16.921427333333334,True,1,1,2026-09-07 14:36:53.200000048+00:00,13.086683332920074
1788792299.188,1788791813.4,78.66219883333333,16.921438333333334,True,1,1,2026-09-07 14:36:53.400000095+00:00,13.090049997965496
1788792299.386,1788791813.6,78.66219816666667,16.921449166666665,True,1,1,2026-09-07 14:36:53.599999905+00:00,13.093349997202555
1788792299.584,1788791813.8,78.6621975,16.921459833333333,True,1,1,2026-09-07 14:36:53.799999952+00:00,13.096650000413259
1788792299.782,1788791814.0,78.66219683333334,16.921470666666668,True,1,1,2026-09-07 14:36:54+00:00,13.099949999650319
1788792299.982,1788791814.2,78.662196,16.921481333333336,True,1,1,2026-09-07 14:36:54.200000048+00:00,13.103283333778382
1788792300.183,1788791814.4,78.66219533333333,16.921492,True,1,1,2026-09-07 14:36:54.400000095+00:00,13.106633333365123
1788792300.385,1788791814.6,78.66219466666666,16.92150283333333,True,1,1,2026-09-07 14:36:54.599999905+00:00,13.109999998410542
1788792300.587,1788791814.8,78.662194,16.9215135,True,1,1,2026-09-07 14:36:54.799999952+00:00,13.113366663455963
1788792300.789,1788791815.0,78.66219333333333,16.921524166666664,True,1,1,2026-09-07 14:36:55+00:00,13.116733332475027
1788792300.986,1788791815.2,78.66219266666667,16.921534833333332,True,1,1,2026-09-07 14:36:55.200000048+00:00,13.120016666253408
1788792301.186,1788791815.4,78.662192,16.921545666666667,True,1,1,2026-09-07 14:36:55.400000095+00:00,13.12335000038147
1788792301.387,1788791815.6,78.66219116666666,16.92155616666667,True,1,1,2026-09-07 14:36:55.599999905+00:00,13.126699999968212
1788792301.585,1788791815.8,78.6621905,16.921566833333333,True,1,1,2026-09-07 14:36:55.799999952+00:00,13.129999999205271
1788792301.786,1788791816.0,78.66218983333333,16.92157716666667,True,1,1,2026-09-07 14:36:56+00:00,13.133349998792012
1788792301.985,1788791816.2,78.662189,16.921587833333334,True,1,1,2026-09-07 14:36:56.200000048+00:00,13.136666663487752
1788792302.185,1788791816.4,78.66218833333333,16.921598333333336,True,1,1,2026-09-07 14:36:56.400000095+00:00,13.139999997615813
1788792302.385,1788791816.6,78.6621875,16.921608666666668,True,1,1,2026-09-07 14:36:56.599999905+00:00,13.143333331743877
1788792302.583,1788791816.8,78.66218683333334,16.921619,True,1,1,2026-09-07 14:36:56.799999952+00:00,13.146633330980936
1788792302.787,1788791817.0,78.662186,16.921629333333332,True,1,1,2026-09-07 14:36:57+00:00,13.150033330917358
1788792302.987,1788791817.2,78.66218533333334,16.921639666666668,True,1,1,2026-09-07 14:36:57.200000048+00:00,13.15336666504542
1788792303.186,1788791817.4,78.6621845,16.921649833333333,True,1,1,2026-09-07 14:36:57.400000095+00:00,13.156683333714803
1788792303.386,1788791817.6,78.66218383333333,16.921660166666666,True,1,1,2026-09-07 14:36:57.599999905+00:00,13.160016663869222
1788792303.585,1788791817.8,78.662183,16.921670666666667,True,1,1,2026-09-07 14:36:57.799999952+00:00,13.163333332538604
1788792303.786,1788791818.0,78.66218233333333,16.921680833333333,True,1,1,2026-09-07 14:36:58+00:00,13.166683332125347
1788792303.987,1788791818.2,78.6621815,16.921691333333335,True,1,1,2026-09-07 14:36:58.200000048+00:00,13.170033331712087
1788792304.186,1788791818.4,78.66218083333334,16.921701499999998,True,1,1,2026-09-07 14:36:58.400000095+00:00,13.17335000038147
1788792304.386,1788791818.6,78.66218,16.921711666666667,True,1,1,2026-09-07 14:36:58.599999905+00:00,13.176683330535889
1788792304.586,1788791818.8,78.66217916666666,16.921721833333333,True,1,1,2026-09-07 14:36:58.799999952+00:00,13.18001666466395
1788792304.786,1788791819.0,78.66217833333333,16.921732000000002,True,1,1,2026-09-07 14:36:59+00:00,13.183349998792012
1788792304.987,1788791819.2,78.66217766666666,16.921741833333332,True,1,1,2026-09-07 14:36:59.200000048+00:00,13.186699998378753
1788792305.185,1788791819.4,78.66217683333333,16.921752,True,1,1,2026-09-07 14:36:59.400000095+00:00,13.189999997615814
1788792305.382,1788791819.6,78.662176,16.921762166666667,True,1,1,2026-09-07 14:36:59.599999905+00:00,13.193283331394195
1788792305.586,1788791819.8,78.66217533333334,16.921772166666663,True,1,1,2026-09-07 14:36:59.799999952+00:00,13.196683331330616
1788792305.787,1788791820.0,78.6621745,16.921782166666667,True,1,1,2026-09-07 14:37:00+00:00,13.200033330917359
1788792305.992,1788791820.2,78.66217366666666,16.921792333333332,True,1,1,2026-09-07 14:37:00.200000048+00:00,13.203450000286102
1788792306.186,1788791820.4,78.662173,16.921802333333336,True,1,1,2026-09-07 14:37:00.400000095+00:00,13.206683333714803
1788792306.387,1788791820.6,78.66217216666668,16.92181233333333,True,1,1,2026-09-07 14:37:00.599999905+00:00,13.210033333301544
1788792306.587,1788791820.8,78.66217133333333,16.921822333333335,True,1,1,2026-09-07 14:37:00.799999952+00:00,13.213366663455963
1788792306.785,1788791821.0,78.6621705,16.921832333333334,True,1,1,2026-09-07 14:37:01+00:00,13.216666666666667
1788792306.987,1788791821.2,78.66216966666666,16.921842333333334,True,1,1,2026-09-07 14:37:01.200000048+00:00,13.220033331712086
1788792307.187,1788791821.4,78.66216883333333,16.9218525,True,1,1,2026-09-07 14:37:01.400000095+00:00,13.22336666584015
1788792307.387,1788791821.6,78.66216800000001,16.921862166666664,True,1,1,2026-09-07 14:37:01.599999905+00:00,13.226699999968211
1788792307.587,1788791821.8,78.66216716666666,16.921872166666667,True,1,1,2026-09-07 14:37:01.799999952+00:00,13.23003333012263
1788792307.787,1788791822.0,78.66216633333333,16.921882166666666,True,1,1,2026-09-07 14:37:02+00:00,13.233366664250692
1788792307.986,1788791822.2,78.6621655,16.921891833333333,True,1,1,2026-09-07 14:37:02.200000048+00:00,13.236683332920075
1788792308.183,1788791822.4,78.66216466666667,16.9219015,True,1,1,2026-09-07 14:37:02.400000095+00:00,13.239966666698455
1788792308.386,1788791822.6,78.66216383333334,16.921911333333334,True,1,1,2026-09-07 14:37:02.599999905+00:00,13.243349997202555
1788792308.587,1788791822.8,78.66216299999999,16.921920833333335,True,1,1,2026-09-07 14:37:02.799999952+00:00,13.246699996789296
1788792308.787,1788791823.0,78.66216216666666,16.921930333333332,True,1,1,2026-09-07 14:37:03+00:00,13.250033330917358
1788792308.987,1788791823.2,78.66216133333334,16.92194,True,1,1,2026-09-07 14:37:03.200000048+00:00,13.253366665045421
1788792309.187,1788791823.4,78.6621605,16.9219495,True,1,1,2026-09-07 14:37:03.400000095+00:00,13.256699999173483
1788792309.388,1788791823.6,78.66215966666667,16.921958833333335,True,1,1,2026-09-07 14:37:03.599999905+00:00,13.260049998760223
1788792309.584,1788791823.8,78.66215883333332,16.921968333333332,True,1,1,2026-09-07 14:37:03.799999952+00:00,13.263316667079925
1788792309.784,1788791824.0,78.66215783333334,16.921978000000003,True,1,1,2026-09-07 14:37:04+00:00,13.266649997234344
1788792309.986,1788791824.2,78.662157,16.921987333333334,True,1,1,2026-09-07 14:37:04.200000048+00:00,13.270016666253408
1788792310.184,1788791824.4,78.66215616666666,16.92199683333333,True,1,1,2026-09-07 14:37:04.400000095+00:00,13.273316665490468
1788792310.384,1788791824.6,78.66215533333335,16.922006166666666,True,1,1,2026-09-07 14:37:04.599999905+00:00,13.276649999618531
1788792310.585,1788791824.8,78.6621545,16.9220155,True,1,1,2026-09-07 14:37:04.799999952+00:00,13.279999999205272
1788792310.786,1788791825.0,78.66215366666667,16.922024833333335,True,1,1,2026-09-07 14:37:05+00:00,13.283349998792012
1788792310.984,1788791825.2,78.66215283333332,16.922034166666666,True,1,1,2026-09-07 14:37:05.200000048+00:00,13.286649998029073
1788792311.187,1788791825.4,78.662152,16.922043499999997,True,1,1,2026-09-07 14:37:05.400000095+00:00,13.290033332506816
1788792311.386,1788791825.6,78.662151,16.922052666666666,True,1,1,2026-09-07 14:37:05.599999905+00:00,13.293349997202556
1788792311.585,1788791825.8,78.66215016666666,16.922062,True,1,1,2026-09-07 14:37:05.799999952+00:00,13.296666665871937
1788792311.786,1788791826.0,78.66214933333335,16.92207116666667,True,1,1,2026-09-07 14:37:06+00:00,13.30001666545868
1788792311.986,1788791826.2,78.6621485,16.922080333333334,True,1,1,2026-09-07 14:37:06.200000048+00:00,13.303349999586741
1788792312.187,1788791826.4,78.66214766666667,16.922089500000002,True,1,1,2026-09-07 14:37:06.400000095+00:00,13.306699999173482
1788792312.387,1788791826.6,78.66214666666666,16.922098666666667,True,1,1,2026-09-07 14:37:06.599999905+00:00,13.310033333301543
1788792312.586,1788791826.8,78.66214583333334,16.922107999999998,True,1,1,2026-09-07 14:37:06.799999952+00:00,13.313349997997284
1788792312.785,1788791827.0,78.66214483333333,16.922117166666666,True,1,1,2026-09-07 14:37:07+00:00,13.316666666666666
1788792312.986,1788791827.2,78.66214383333333,16.9221265,True,1,1,2026-09-07 14:37:07.200000048+00:00,13.320016666253407
1788792313.186,1788791827.4,78.662143,16.92213566666667,True,1,1,2026-09-07 14:37:07.400000095+00:00,13.32335000038147
1788792313.387,1788791827.6,78.66214199999999,16.922144666666668,True,1,1,2026-09-07 14:37:07.599999905+00:00,13.326699999968211
1788792313.584,1788791827.8,78.662141,16.9221535,True,1,1,2026-09-07 14:37:07.799999952+00:00,13.329983333746592
1788792313.782,1788791828.0,78.66214016666666,16.922162500000002,True,1,1,2026-09-07 14:37:08+00:00,13.333283332983653
1788792313.986,1788791828.2,78.66213916666668,16.9221715,True,1,1,2026-09-07 14:37:08.200000048+00:00,13.336683332920074
1788792314.186,1788791828.4,78.66213816666667,16.922180333333333,True,1,1,2026-09-07 14:37:08.400000095+00:00,13.340016667048136
1788792314.386,1788791828.6,78.66213733333333,16.922189166666666,True,1,1,2026-09-07 14:37:08.599999905+00:00,13.343349997202555
1788792314.586,1788791828.8,78.66213633333334,16.922197999999998,True,1,1,2026-09-07 14:37:08.799999952+00:00,13.346683331330617
1788792314.788,1788791829.0,78.66213533333332,16.9222065,True,1,1,2026-09-07 14:37:09+00:00,13.35005000034968
1788792314.987,1788791829.2,78.66213433333334,16.922215,True,1,1,2026-09-07 14:37:09.200000048+00:00,13.35336666504542
1788792315.186,1788791829.4,78.66213333333333,16.922223666666664,True,1,1,2026-09-07 14:37:09.400000095+00:00,13.356683333714804
1788792315.385,1788791829.6,78.66213233333333,16.922232166666667,True,1,1,2026-09-07 14:37:09.599999905+00:00,13.359999998410542
1788792315.585,1788791829.8,78.66213133333333,16.922240666666667,True,1,1,2026-09-07 14:37:09.799999952+00:00,13.363333332538605
1788792315.786,1788791830.0,78.66213033333334,16.922249166666667,True,1,1,2026-09-07 14:37:10+00:00,13.366683332125346
1788792315.991,1788791830.2,78.66212933333333,16.9222575,True,1,1,2026-09-07 14:37:10.200000048+00:00,13.370099997520446
1788792316.185,1788791830.4,78.66212816666666,16.92226583333333,True,1,1,2026-09-07 14:37:10.400000095+00:00,13.373333330949148
1788792316.382,1788791830.6,78.66212716666668,16.922274333333334,True,1,1,2026-09-07 14:37:10.599999905+00:00,13.376616664727528
1788792316.585,1788791830.8,78.66212616666667,16.922282666666668,True,1,1,2026-09-07 14:37:10.799999952+00:00,13.379999999205271
1788792316.787,1788791831.0,78.662125,16.92229083333333,True,1,1,2026-09-07 14:37:11+00:00,13.383366664250692
1788792316.986,1788791831.2,78.66212399999999,16.922299,True,1,1,2026-09-07 14:37:11.200000048+00:00,13.386683332920075
1788792317.187,1788791831.4,78.66212300000001,16.922307333333332,True,1,1,2026-09-07 14:37:11.400000095+00:00,13.390033332506816
1788792317.386,1788791831.6,78.66212183333333,16.9223155,True,1,1,2026-09-07 14:37:11.599999905+00:00,13.393349997202556
1788792317.586,1788791831.8,78.66212083333333,16.922323666666667,True,1,1,2026-09-07 14:37:11.799999952+00:00,13.396683331330618
1788792317.786,1788791832.0,78.66211966666667,16.922331999999997,True,1,1,2026-09-07 14:37:12+00:00,13.40001666545868
1788792317.986,1788791832.2,78.66211866666666,16.922340333333334,True,1,1,2026-09-07 14:37:12.200000048+00:00,13.403349999586741
1788792318.185,1788791832.4,78.66211750000001,16.9223485,True,1,1,2026-09-07 14:37:12.400000095+00:00,13.406666664282481
1788792318.385,1788791832.6,78.66211633333334,16.922356666666666,True,1,1,2026-09-07 14:37:12.599999905+00:00,13.409999998410543
1788792318.586,1788791832.8,78.66211516666667,16.922364833333333,True,1,1,2026-09-07 14:37:12.799999952+00:00,13.413349997997283
1788792318.786,1788791833.0,78.662114,16.922373,True,1,1,2026-09-07 14:37:13+00:00,13.416683332125347
1788792318.987,1788791833.2,78.66211283333334,16.922381166666664,True,1,1,2026-09-07 14:37:13.200000048+00:00,13.420033331712087
1788792319.183,1788791833.4,78.66211166666668,16.9223895,True,1,1,2026-09-07 14:37:13.400000095+00:00,13.423300000031789
1788792319.387,1788791833.6,78.6621105,16.9223975,True,1,1,2026-09-07 14:37:13.599999905+00:00,13.42669999996821
1788792319.586,1788791833.8,78.66210933333333,16.92240566666667,True,1,1,2026-09-07 14:37:13.799999952+00:00,13.43001666466395
1788792319.784,1788791834.0,78.66210816666667,16.922413833333334,True,1,1,2026-09-07 14:37:14+00:00,13.433316663901012
1788792319.985,1788791834.2,78.662107,16.922421999999997,True,1,1,2026-09-07 14:37:14.200000048+00:00,13.436666663487753
1788792320.185,1788791834.4,78.66210583333333,16.92243016666667,True,1,1,2026-09-07 14:37:14.400000095+00:00,13.439999997615814
1788792320.385,1788791834.6,78.6621045,16.922438333333332,True,1,1,2026-09-07 14:37:14.599999905+00:00,13.443333331743876
1788792320.585,1788791834.8,78.66210333333333,16.922446333333333,True,1,1,2026-09-07 14:37:14.799999952+00:00,13.446666665871938
1788792320.786,1788791835.0,78.66210216666667,16.922454333333334,True,1,1,2026-09-07 14:37:15+00:00,13.45001666545868
1788792320.987,1788791835.2,78.66210083333334,16.922462666666668,True,1,1,2026-09-07 14:37:15.200000048+00:00,13.45336666504542
1788792321.185,1788791835.4,78.66209966666666,16.922470833333332,True,1,1,2026-09-07 14:37:15.400000095+00:00,13.456666664282482
1788792321.385,1788791835.6,78.66209833333333,16.922478666666667,True,1,1,2026-09-07 14:37:15.599999905+00:00,13.459999998410543
1788792321.586,1788791835.8,78.66209716666667,16.922486666666668,True,1,1,2026-09-07 14:37:15.799999952+00:00,13.463349997997284
1788792321.787,1788791836.0,78.66209583333332,16.92249466666667,True,1,1,2026-09-07 14:37:16+00:00,13.466699997584024
1788792321.983,1788791836.2,78.66209466666666,16.922502833333333,True,1,1,2026-09-07 14:37:16.200000048+00:00,13.469966665903728
1788792322.187,1788791836.4,78.66209333333333,16.922510666666668,True,1,1,2026-09-07 14:37:16.400000095+00:00,13.47336666584015
1788792322.386,1788791836.6,78.662092,16.92251866666667,True,1,1,2026-09-07 14:37:16.599999905+00:00,13.476683330535888
1788792322.586,1788791836.8,78.66209083333334,16.9225265,True,1,1,2026-09-07 14:37:16.799999952+00:00,13.480016664663951
1788792322.785,1788791837.0,78.66208950000001,16.92253433333333,True,1,1,2026-09-07 14:37:17+00:00,13.483333333333333
1788792322.987,1788791837.2,78.66208816666668,16.922542333333336,True,1,1,2026-09-07 14:37:17.200000048+00:00,13.486699998378754
1788792323.186,1788791837.4,78.662087,16.92255,True,1,1,2026-09-07 14:37:17.400000095+00:00,13.490016667048137
1788792323.385,1788791837.6,78.66208566666666,16.922557833333332,True,1,1,2026-09-07 14:37:17.599999905+00:00,13.493333331743877
1788792323.586,1788791837.8,78.66208433333333,16.9225655,True,1,1,2026-09-07 14:37:17.799999952+00:00,13.496683331330617
1788792323.787,1788791838.0,78.662083,16.922573166666666,True,1,1,2026-09-07 14:37:18+00:00,13.500033330917358
1788792323.994,1788791838.2,78.66208166666667,16.922580999999997,True,1,1,2026-09-07 14:37:18.200000048+00:00,13.50348333120346
1788792324.186,1788791838.4,78.66208033333334,16.9225885,True,1,1,2026-09-07 14:37:18.400000095+00:00,13.506683333714802
1788792324.386,1788791838.6,78.66207899999999,16.922596333333335,True,1,1,2026-09-07 14:37:18.599999905+00:00,13.510016663869221
1788792324.585,1788791838.8,78.66207766666666,16.922604166666666,True,1,1,2026-09-07 14:37:18.799999952+00:00,13.513333332538604
1788792324.783,1788791839.0,78.66207633333333,16.922611833333335,True,1,1,2026-09-07 14:37:19+00:00,13.516633331775665
1788792324.986,1788791839.2,78.662075,16.9226195,True,1,1,2026-09-07 14:37:19.200000048+00:00,13.520016666253408
1788792325.185,1788791839.4,78.66207366666666,16.922627,True,1,1,2026-09-07 14:37:19.400000095+00:00,13.523333330949148
1788792325.385,1788791839.6,78.66207233333333,16.9226345,True,1,1,2026-09-07 14:37:19.599999905+00:00,13.52666666507721
1788792325.584,1788791839.8,78.662071,16.922642166666666,True,1,1,2026-09-07 14:37:19.799999952+00:00,13.529983333746593
1788792325.784,1788791840.0,78.66206966666667,16.9226495,True,1,1,2026-09-07 14:37:20+00:00,13.533316663901012
1788792325.986,1788791840.2,78.66206816666666,16.922657333333333,True,1,1,2026-09-07 14:37:20.200000048+00:00,13.536683332920074
1788792326.185,1788791840.4,78.66206683333333,16.922664666666666,True,1,1,2026-09-07 14:37:20.400000095+00:00,13.539999997615814
1788792326.386,1788791840.6,78.6620655,16.92267233333333,True,1,1,2026-09-07 14:37:20.599999905+00:00,13.543349997202556
1788792326.587,1788791840.8,78.66206416666667,16.922679666666667,True,1,1,2026-09-07 14:37:20.799999952+00:00,13.546699996789297
1788792326.786,1788791841.0,78.66206283333332,16.922687333333332,True,1,1,2026-09-07 14:37:21+00:00,13.55001666545868
1788792326.986,1788791841.2,78.66206133333334,16.92269483333333,True,1,1,2026-09-07 14:37:21.200000048+00:00,13.553349999586741
1788792327.186,1788791841.4,78.66206000000001,16.922702,True,1,1,2026-09-07 14:37:21.400000095+00:00,13.556683333714803
1788792327.385,1788791841.6,78.66205866666665,16.922709666666666,True,1,1,2026-09-07 14:37:21.599999905+00:00,13.559999998410543
1788792327.582,1788791841.8,78.66205733333332,16.922716833333332,True,1,1,2026-09-07 14:37:21.799999952+00:00,13.563283332188924
1788792327.786,1788791842.0,78.66205583333334,16.922724333333335,True,1,1,2026-09-07 14:37:22+00:00,13.566683332125345
1788792327.986,1788791842.2,78.66205450000001,16.922731666666667,True,1,1,2026-09-07 14:37:22.200000048+00:00,13.570016666253407
1788792328.186,1788791842.4,78.66205316666667,16.922739,True,1,1,2026-09-07 14:37:22.400000095+00:00,13.57335000038147
1788792328.386,1788791842.6,78.66205166666667,16.922746166666666,True,1,1,2026-09-07 14:37:22.599999905+00:00,13.57668333053589
1788792328.586,1788791842.8,78.66205033333334,16.9227535,True,1,1,2026-09-07 14:37:22.799999952+00:00,13.580016664663951
1788792328.787,1788791843.0,78.66204883333333,16.922760666666665,True,1,1,2026-09-07 14:37:23+00:00,13.583366664250692
1788792328.985,1788791843.2,78.6620475,16.922768,True,1,1,2026-09-07 14:37:23.200000048+00:00,13.586666663487753
1788792329.186,1788791843.4,78.66204599999999,16.922775166666668,True,1,1,2026-09-07 14:37:23.400000095+00:00,13.590016667048136
1788792329.385,1788791843.6,78.66204450000001,16.922782333333334,True,1,1,2026-09-07 14:37:23.599999905+00:00,13.593333331743876
1788792329.586,1788791843.8,78.66204316666668,16.9227895,True,1,1,2026-09-07 14:37:23.799999952+00:00,13.596683331330617
1788792329.785,1788791844.0,78.66204166666667,16.922796666666667,True,1,1,2026-09-07 14:37:24+00:00,13.6
1788792329.984,1788791844.2,78.66204016666667,16.922803833333333,True,1,1,2026-09-07 14:37:24.200000048+00:00,13.60331666469574
1788792330.181,1788791844.4,78.66203883333333,16.922810666666667,True,1,1,2026-09-07 14:37:24.400000095+00:00,13.60659999847412
1788792330.384,1788791844.6,78.66203733333333,16.922817833333333,True,1,1,2026-09-07 14:37:24.599999905+00:00,13.609983332951863
1788792330.584,1788791844.8,78.66203583333332,16.922824833333333,True,1,1,2026-09-07 14:37:24.799999952+00:00,13.613316667079925
1788792330.785,1788791845.0,78.66203449999999,16.922832000000003,True,1,1,2026-09-07 14:37:25+00:00,13.616666666666667
1788792330.987,1788791845.2,78.66203300000001,16.922839,True,1,1,2026-09-07 14:37:25.200000048+00:00,13.620033331712087
1788792331.185,1788791845.4,78.6620315,16.922846,True,1,1,2026-09-07 14:37:25.400000095+00:00,13.623333330949148
1788792331.386,1788791845.6,78.66203,16.922853166666666,True,1,1,2026-09-07 14:37:25.599999905+00:00,13.626683330535888
1788792331.585,1788791845.8,78.66202849999999,16.922860166666666,True,1,1,2026-09-07 14:37:25.799999952+00:00,13.629999999205271
1788792331.785,1788791846.0,78.66202700000001,16.922867166666666,True,1,1,2026-09-07 14:37:26+00:00,13.633333333333333
1788792331.986,1788791846.2,78.6620255,16.922874,True,1,1,2026-09-07 14:37:26.200000048+00:00,13.636683332920075
1788792332.186,1788791846.4,78.662024,16.922881,True,1,1,2026-09-07 14:37:26.400000095+00:00,13.640016667048137
1788792332.385,1788791846.6,78.66202249999999,16.922888,True,1,1,2026-09-07 14:37:26.599999905+00:00,13.643333331743877
1788792332.585,1788791846.8,78.66202100000001,16.922894666666664,True,1,1,2026-09-07 14:37:26.799999952+00:00,13.646666665871939
1788792332.786,1788791847.0,78.6620195,16.922901500000002,True,1,1,2026-09-07 14:37:27+00:00,13.65001666545868
1788792332.982,1788791847.2,78.662018,16.922908333333332,True,1,1,2026-09-07 14:37:27.200000048+00:00,13.653283333778381
1788792333.185,1788791847.4,78.6620165,16.922915333333332,True,1,1,2026-09-07 14:37:27.400000095+00:00,13.656666664282481
1788792333.386,1788791847.6,78.66201500000001,16.92292183333333,True,1,1,2026-09-07 14:37:27.599999905+00:00,13.660016663869222
1788792333.585,1788791847.8,78.6620135,16.922928666666667,True,1,1,2026-09-07 14:37:27.799999952+00:00,13.663333332538604
1788792333.786,1788791848.0,78.662012,16.9229355,True,1,1,2026-09-07 14:37:28+00:00,13.666683332125347
1788792333.986,1788791848.2,78.6620105,16.922942,True,1,1,2026-09-07 14:37:28.200000048+00:00,13.670016666253408
1788792334.186,1788791848.4,78.66200883333333,16.922948666666667,True,1,1,2026-09-07 14:37:28.400000095+00:00,13.67335000038147
1788792334.383,1788791848.6,78.66200733333334,16.922955166666668,True,1,1,2026-09-07 14:37:28.599999905+00:00,13.676633330186208
1788792334.586,1788791848.8,78.66200583333332,16.922961666666666,True,1,1,2026-09-07 14:37:28.799999952+00:00,13.68001666466395
1788792334.788,1788791849.0,78.66200433333333,16.922968333333333,True,1,1,2026-09-07 14:37:29+00:00,13.683383333683015
1788792334.987,1788791849.2,78.66200266666667,16.922975,True,1,1,2026-09-07 14:37:29.200000048+00:00,13.686699998378753
1788792335.186,1788791849.4,78.66200116666667,16.922981166666666,True,1,1,2026-09-07 14:37:29.400000095+00:00,13.690016667048136
1788792335.386,1788791849.6,78.66199966666666,16.922987666666664,True,1,1,2026-09-07 14:37:29.599999905+00:00,13.693349997202555
1788792335.58,1788791849.8,78.66199816666668,16.922994000000003,True,1,1,2026-09-07 14:37:29.799999952+00:00,13.696583330631256
1788792335.782,1788791850.0,78.6619965,16.923000666666667,True,1,1,2026-09-07 14:37:30+00:00,13.69994999965032
1788792335.987,1788791850.2,78.66199499999999,16.923007,True,1,1,2026-09-07 14:37:30.200000048+00:00,13.70336666504542
1788792336.185,1788791850.4,78.66199333333334,16.923013333333333,True,1,1,2026-09-07 14:37:30.400000095+00:00,13.706666664282482
1788792336.385,1788791850.6,78.66199183333333,16.923019833333335,True,1,1,2026-09-07 14:37:30.599999905+00:00,13.709999998410543
1788792336.587,1788791850.8,78.66199033333334,16.9230265,True,1,1,2026-09-07 14:37:30.799999952+00:00,13.713366663455963
1788792336.788,1788791851.0,78.66198866666667,16.92303283333333,True,1,1,2026-09-07 14:37:31+00:00,13.716716667016348
1788792336.989,1788791851.2,78.66198716666666,16.92303916666667,True,1,1,2026-09-07 14:37:31.200000048+00:00,13.720066666603088
1788792337.185,1788791851.4,78.6619855,16.923045666666667,True,1,1,2026-09-07 14:37:31.400000095+00:00,13.723333330949147
1788792337.387,1788791851.6,78.661984,16.923051833333332,True,1,1,2026-09-07 14:37:31.599999905+00:00,13.726699999968211
1788792337.584,1788791851.8,78.66198233333333,16.923058,True,1,1,2026-09-07 14:37:31.799999952+00:00,13.729983333746592
1788792337.786,1788791852.0,78.66198083333333,16.923064,True,1,1,2026-09-07 14:37:32+00:00,13.733349998792013
1788792337.985,1788791852.2,78.66197916666667,16.92307033333333,True,1,1,2026-09-07 14:37:32.200000048+00:00,13.736666663487751
1788792338.184,1788791852.4,78.66197749999999,16.92307633333333,True,1,1,2026-09-07 14:37:32.400000095+00:00,13.739983332157134
1788792338.386,1788791852.6,78.66197583333333,16.9230825,True,1,1,2026-09-07 14:37:32.599999905+00:00,13.743349997202555
1788792338.582,1788791852.8,78.66197433333333,16.9230885,True,1,1,2026-09-07 14:37:32.799999952+00:00,13.746616665522257
1788792338.786,1788791853.0,78.66197266666667,16.92309433333333,True,1,1,2026-09-07 14:37:33+00:00,13.750016665458679
1788792338.985,1788791853.2,78.661971,16.923099999999998,True,1,1,2026-09-07 14:37:33.200000048+00:00,13.753333330154419
1788792339.186,1788791853.4,78.66196933333335,16.923105666666668,True,1,1,2026-09-07 14:37:33.400000095+00:00,13.756683333714802
1788792339.386,1788791853.6,78.6619675,16.92311116666667,True,1,1,2026-09-07 14:37:33.599999905+00:00,13.760016663869221
1788792339.587,1788791853.8,78.66196583333334,16.923116333333333,True,1,1,2026-09-07 14:37:33.799999952+00:00,13.763366663455963
1788792339.786,1788791854.0,78.661964,16.923121666666667,True,1,1,2026-09-07 14:37:34+00:00,13.766683332125346
1788792339.984,1788791854.2,78.66196233333334,16.923127,True,1,1,2026-09-07 14:37:34.200000048+00:00,13.769983331362406
1788792340.182,1788791854.4,78.66196066666666,16.923132333333335,True,1,1,2026-09-07 14:37:34.400000095+00:00,13.773283330599467
1788792340.382,1788791854.6,78.66195883333333,16.923137333333333,True,1,1,2026-09-07 14:37:34.599999905+00:00,13.776616664727529
1788792340.583,1788791854.8,78.66195716666667,16.923142499999997,True,1,1,2026-09-07 14:37:34.799999952+00:00,13.77996666431427
1788792340.783,1788791855.0,78.66195516666667,16.923147500000002,True,1,1,2026-09-07 14:37:35+00:00,13.783299998442333
1788792340.985,1788791855.2,78.66195333333333,16.923152333333334,True,1,1,2026-09-07 14:37:35.200000048+00:00,13.786666663487752
1788792341.182,1788791855.4,78.66195166666667,16.923157333333332,True,1,1,2026-09-07 14:37:35.400000095+00:00,13.789949997266133
1788792341.382,1788791855.6,78.66194983333334,16.923162333333334,True,1,1,2026-09-07 14:37:35.599999905+00:00,13.793283331394196
1788792341.585,1788791855.8,78.66194816666666,16.923167,True,1,1,2026-09-07 14:37:35.799999952+00:00,13.796666665871937
1788792341.785,1788791856.0,78.66194633333333,16.923171833333335,True,1,1,2026-09-07 14:37:36+00:00,13.8
1788792341.985,1788791856.2,78.66194466666667,16.923176666666667,True,1,1,2026-09-07 14:37:36.200000048+00:00,13.80333333015442
1788792342.184,1788791856.4,78.66194283333333,16.9231815,True,1,1,2026-09-07 14:37:36.400000095+00:00,13.806649998823803
1788792342.384,1788791856.6,78.661941,16.923186166666667,True,1,1,2026-09-07 14:37:36.599999905+00:00,13.809983332951864
1788792342.585,1788791856.8,78.66193933333334,16.923190833333333,True,1,1,2026-09-07 14:37:36.799999952+00:00,13.813333332538605
1788792342.784,1788791857.0,78.66193750000001,16.92319566666667,True,1,1,2026-09-07 14:37:37+00:00,13.816649997234345
1788792342.984,1788791857.2,78.66193583333333,16.923200333333334,True,1,1,2026-09-07 14:37:37.200000048+00:00,13.819983331362407
1788792343.184,1788791857.4,78.661934,16.923204833333333,True,1,1,2026-09-07 14:37:37.400000095+00:00,13.823316665490468
1788792343.384,1788791857.6,78.66193233333334,16.9232095,True,1,1,2026-09-07 14:37:37.599999905+00:00,13.82664999961853
1788792343.584,1788791857.8,78.6619305,16.923214166666664,True,1,1,2026-09-07 14:37:37.799999952+00:00,13.829983333746592
1788792343.784,1788791858.0,78.66192883333333,16.923218666666667,True,1,1,2026-09-07 14:37:38+00:00,13.83331666390101
1788792343.985,1788791858.2,78.661927,16.923223166666666,True,1,1,2026-09-07 14:37:38.200000048+00:00,13.836666663487753
1788792344.183,1788791858.4,78.66192533333333,16.923227666666666,True,1,1,2026-09-07 14:37:38.400000095+00:00,13.839966666698455
1788792344.385,1788791858.6,78.6619235,16.923231833333332,True,1,1,2026-09-07 14:37:38.599999905+00:00,13.843333331743876
1788792344.583,1788791858.8,78.66192183333332,16.92323633333333,True,1,1,2026-09-07 14:37:38.799999952+00:00,13.846633330980938
1788792344.793,1788791859.0,78.66192,16.923240333333336,True,1,1,2026-09-07 14:37:39+00:00,13.85013333161672
1788792344.985,1788791859.2,78.66191816666667,16.9232445,True,1,1,2026-09-07 14:37:39.200000048+00:00,13.853333330154419
1788792345.184,1788791859.4,78.66191633333332,16.9232485,True,1,1,2026-09-07 14:37:39.400000095+00:00,13.856649998823801
1788792345.383,1788791859.6,78.6619145,16.923252333333334,True,1,1,2026-09-07 14:37:39.599999905+00:00,13.859966663519542
1788792345.584,1788791859.8,78.66191283333333,16.923256166666665,True,1,1,2026-09-07 14:37:39.799999952+00:00,13.863316667079925
1788792345.782,1788791860.0,78.66191099999999,16.92326016666667,True,1,1,2026-09-07 14:37:40+00:00,13.866616666316986
1788792345.982,1788791860.2,78.66190916666666,16.923263666666667,True,1,1,2026-09-07 14:37:40.200000048+00:00,13.869950000445048
1788792346.184,1788791860.4,78.66190750000001,16.923267333333335,True,1,1,2026-09-07 14:37:40.400000095+00:00,13.873316665490469
1788792346.384,1788791860.6,78.66190566666667,16.923271,True,1,1,2026-09-07 14:37:40.599999905+00:00,13.87664999961853
1788792346.584,1788791860.8,78.66190383333333,16.923274499999998,True,1,1,2026-09-07 14:37:40.799999952+00:00,13.879983333746592
1788792346.781,1788791861.0,78.661902,16.923278166666666,True,1,1,2026-09-07 14:37:41+00:00,13.88326666355133
1788792346.985,1788791861.2,78.66190016666665,16.923281499999998,True,1,1,2026-09-07 14:37:41.200000048+00:00,13.886666663487752
1788792347.183,1788791861.4,78.66189833333333,16.923285,True,1,1,2026-09-07 14:37:41.400000095+00:00,13.889966666698456
1788792347.383,1788791861.6,78.66189666666668,16.92328816666667,True,1,1,2026-09-07 14:37:41.599999905+00:00,13.893299996852875
1788792347.583,1788791861.8,78.66189466666667,16.9232915,True,1,1,2026-09-07 14:37:41.799999952+00:00,13.896633330980936
1788792347.786,1788791862.0,78.66189283333333,16.9232945,True,1,1,2026-09-07 14:37:42+00:00,13.90001666545868
1788792347.986,1788791862.2,78.661891,16.923297833333333,True,1,1,2026-09-07 14:37:42.200000048+00:00,13.903349999586741
1788792348.182,1788791862.4,78.66188916666667,16.923300833333332,True,1,1,2026-09-07 14:37:42.400000095+00:00,13.9066166639328
1788792348.385,1788791862.6,78.66188733333334,16.923303833333332,True,1,1,2026-09-07 14:37:42.599999905+00:00,13.909999998410543
1788792348.584,1788791862.8,78.6618855,16.923307,True,1,1,2026-09-07 14:37:42.799999952+00:00,13.913316667079926
1788792348.785,1788791863.0,78.66188366666667,16.923310166666667,True,1,1,2026-09-07 14:37:43+00:00,13.916666666666666
1788792348.984,1788791863.2,78.66188183333334,16.923313,True,1,1,2026-09-07 14:37:43.200000048+00:00,13.919983331362406
1788792349.183,1788791863.4,78.66188000000001,16.923315666666667,True,1,1,2026-09-07 14:37:43.400000095+00:00,13.923300000031789
1788792349.383,1788791863.6,78.66187799999999,16.923318333333334,True,1,1,2026-09-07 14:37:43.599999905+00:00,13.926633330186208
1788792349.581,1788791863.8,78.66187616666666,16.923321166666664,True,1,1,2026-09-07 14:37:43.799999952+00:00,13.929933333396912
1788792349.787,1788791864.0,78.66187416666666,16.92332383333333,True,1,1,2026-09-07 14:37:44+00:00,13.933366664250691
1788792349.986,1788791864.2,78.66187233333333,16.923326333333332,True,1,1,2026-09-07 14:37:44.200000048+00:00,13.936683332920074
1788792350.182,1788791864.4,78.66187033333334,16.923328833333336,True,1,1,2026-09-07 14:37:44.400000095+00:00,13.939949997266133
1788792350.383,1788791864.6,78.66186850000001,16.923331166666667,True,1,1,2026-09-07 14:37:44.599999905+00:00,13.943299996852875
1788792350.584,1788791864.8,78.6618665,16.923333500000002,True,1,1,2026-09-07 14:37:44.799999952+00:00,13.946650000413259
1788792350.787,1788791865.0,78.66186450000001,16.923335666666667,True,1,1,2026-09-07 14:37:45+00:00,13.950033330917359
1788792350.983,1788791865.2,78.66186266666666,16.923337833333335,True,1,1,2026-09-07 14:37:45.200000048+00:00,13.95329999923706
1788792351.183,1788791865.4,78.66186066666667,16.923340166666666,True,1,1,2026-09-07 14:37:45.400000095+00:00,13.956633333365122
1788792351.385,1788791865.6,78.66185883333333,16.923341999999998,True,1,1,2026-09-07 14:37:45.599999905+00:00,13.959999998410543
1788792351.584,1788791865.8,78.66185683333333,16.923344,True,1,1,2026-09-07 14:37:45.799999952+00:00,13.963316667079926
1788792351.785,1788791866.0,78.66185483333334,16.923345833333332,True,1,1,2026-09-07 14:37:46+00:00,13.966666666666667
1788792351.986,1788791866.2,78.66185283333333,16.923347666666665,True,1,1,2026-09-07 14:37:46.200000048+00:00,13.970016666253407
1788792352.184,1788791866.4,78.66185083333333,16.923349166666664,True,1,1,2026-09-07 14:37:46.400000095+00:00,13.973316665490469
1788792352.394,1788791866.6,78.661849,16.923350666666668,True,1,1,2026-09-07 14:37:46.599999905+00:00,13.97681666612625
1788792352.584,1788791866.8,78.66184683333333,16.923352,True,1,1,2026-09-07 14:37:46.799999952+00:00,13.979983333746592
1788792352.783,1788791867.0,78.66184483333333,16.92335316666667,True,1,1,2026-09-07 14:37:47+00:00,13.983299998442332
1788792352.985,1788791867.2,78.66184283333334,16.923354333333336,True,1,1,2026-09-07 14:37:47.200000048+00:00,13.986666663487751
1788792353.183,1788791867.4,78.66184100000001,16.923355166666667,True,1,1,2026-09-07 14:37:47.400000095+00:00,13.989966666698455
1788792353.386,1788791867.6,78.661839,16.923356166666668,True,1,1,2026-09-07 14:37:47.599999905+00:00,13.993349997202555
1788792353.582,1788791867.8,78.661837,16.923357,True,1,1,2026-09-07 14:37:47.799999952+00:00,13.996616665522257
1788792353.782,1788791868.0,78.66183500000001,16.923357666666668,True,1,1,2026-09-07 14:37:48+00:00,13.999949999650319
1788792353.983,1788791868.2,78.66183299999999,16.923358333333333,True,1,1,2026-09-07 14:37:48.200000048+00:00,14.003299999237061
1788792354.183,1788791868.4,78.66183099999999,16.923359,True,1,1,2026-09-07 14:37:48.400000095+00:00,14.006633333365123
1788792354.383,1788791868.6,78.661829,16.9233595,True,1,1,2026-09-07 14:37:48.599999905+00:00,14.009966663519542
1788792354.582,1788791868.8,78.66182716666667,16.92336,True,1,1,2026-09-07 14:37:48.799999952+00:00,14.013283332188925
1788792354.783,1788791869.0,78.66182516666666,16.923360333333335,True,1,1,2026-09-07 14:37:49+00:00,14.016633331775665
1788792354.982,1788791869.2,78.66182316666666,16.923360833333334,True,1,1,2026-09-07 14:37:49.200000048+00:00,14.019950000445048
1788792355.181,1788791869.4,78.66182133333334,16.923360833333334,True,1,1,2026-09-07 14:37:49.400000095+00:00,14.023266665140788
1788792355.386,1788791869.6,78.66181950000001,16.923360666666667,True,1,1,2026-09-07 14:37:49.599999905+00:00,14.026683330535889
1788792355.583,1788791869.8,78.66181750000001,16.9233605,True,1,1,2026-09-07 14:37:49.799999952+00:00,14.02996666431427
1788792355.787,1788791870.0,78.66181566666667,16.923360333333335,True,1,1,2026-09-07 14:37:50+00:00,14.033366664250691
1788792355.985,1788791870.2,78.66181383333333,16.92336,True,1,1,2026-09-07 14:37:50.200000048+00:00,14.036666663487752
1788792356.184,1788791870.4,78.66181183333333,16.9233595,True,1,1,2026-09-07 14:37:50.400000095+00:00,14.039983332157135
1788792356.385,1788791870.6,78.66180983333334,16.923359166666668,True,1,1,2026-09-07 14:37:50.599999905+00:00,14.043333331743876
1788792356.583,1788791870.8,78.66180783333333,16.9233585,True,1,1,2026-09-07 14:37:50.799999952+00:00,14.046633330980937
1788792356.784,1788791871.0,78.66180583333333,16.923357833333334,True,1,1,2026-09-07 14:37:51+00:00,14.049983330567677
1788792356.983,1788791871.2,78.66180383333334,16.923357166666666,True,1,1,2026-09-07 14:37:51.200000048+00:00,14.05329999923706
1788792357.184,1788791871.4,78.66180216666666,16.9233565,True,1,1,2026-09-07 14:37:51.400000095+00:00,14.056649998823803
1788792357.385,1788791871.6,78.6618005,16.9233555,True,1,1,2026-09-07 14:37:51.599999905+00:00,14.059999998410543
1788792357.584,1788791871.8,78.661799,16.923354333333336,True,1,1,2026-09-07 14:37:51.799999952+00:00,14.063316667079926
1788792357.782,1788791872.0,78.66179749999999,16.92335316666667,True,1,1,2026-09-07 14:37:52+00:00,14.066616666316985
1788792357.984,1788791872.2,78.66179616666666,16.92335166666667,True,1,1,2026-09-07 14:37:52.200000048+00:00,14.069983331362407
1788792358.184,1788791872.4,78.661795,16.923350000000003,True,1,1,2026-09-07 14:37:52.400000095+00:00,14.073316665490468
1788792358.383,1788791872.6,78.66179383333333,16.9233485,True,1,1,2026-09-07 14:37:52.599999905+00:00,14.076633330186208
1788792358.584,1788791872.8,78.66179266666667,16.923347,True,1,1,2026-09-07 14:37:52.799999952+00:00,14.079983333746592
1788792358.783,1788791873.0,78.66179149999999,16.923345666666666,True,1,1,2026-09-07 14:37:53+00:00,14.083299998442332
1788792358.985,1788791873.2,78.66179050000001,16.923344166666666,True,1,1,2026-09-07 14:37:53.200000048+00:00,14.086666663487753
1788792359.183,1788791873.4,78.6617895,16.923343166666665,True,1,1,2026-09-07 14:37:53.400000095+00:00,14.089966666698455
1788792359.384,1788791873.6,78.66178833333333,16.923341666666666,True,1,1,2026-09-07 14:37:53.599999905+00:00,14.093316666285197
1788792359.585,1788791873.8,78.66178733333332,16.923340333333332,True,1,1,2026-09-07 14:37:53.799999952+00:00,14.096666665871938
1788792359.787,1788791874.0,78.6617865,16.923339333333335,True,1,1,2026-09-07 14:37:54+00:00,14.100033330917359
1788792359.988,1788791874.2,78.6617855,16.923338,True,1,1,2026-09-07 14:37:54.200000048+00:00,14.1033833305041
1788792360.192,1788791874.4,78.66178466666666,16.923336833333334,True,1,1,2026-09-07 14:37:54.400000095+00:00,14.106783330440521
1788792360.383,1788791874.6,78.66178383333333,16.9233355,True,1,1,2026-09-07 14:37:54.599999905+00:00,14.109966663519542
1788792360.582,1788791874.8,78.661783,16.923334333333333,True,1,1,2026-09-07 14:37:54.799999952+00:00,14.113283332188924
1788792360.784,1788791875.0,78.66178216666667,16.923333,True,1,1,2026-09-07 14:37:55+00:00,14.116649997234344
1788792360.985,1788791875.2,78.66178133333332,16.9233315,True,1,1,2026-09-07 14:37:55.200000048+00:00,14.119999996821086
1788792361.184,1788791875.4,78.6617805,16.923330333333336,True,1,1,2026-09-07 14:37:55.400000095+00:00,14.123316665490469
1788792361.384,1788791875.6,78.66177983333334,16.92332916666667,True,1,1,2026-09-07 14:37:55.599999905+00:00,14.12664999961853
1788792361.583,1788791875.8,78.66177916666668,16.92332766666667,True,1,1,2026-09-07 14:37:55.799999952+00:00,14.12996666431427
1788792361.787,1788791876.0,78.66177850000001,16.923326499999998,True,1,1,2026-09-07 14:37:56+00:00,14.133366664250692
1788792361.982,1788791876.2,78.66177783333333,16.92332533333333,True,1,1,2026-09-07 14:37:56.200000048+00:00,14.136616667111715
1788792362.184,1788791876.4,78.66177716666667,16.923323999999997,True,1,1,2026-09-07 14:37:56.400000095+00:00,14.139983332157135
1788792362.385,1788791876.6,78.6617765,16.923323,True,1,1,2026-09-07 14:37:56.599999905+00:00,14.143333331743877
1788792362.585,1788791876.8,78.66177583333334,16.9233215,True,1,1,2026-09-07 14:37:56.799999952+00:00,14.146666665871939
1788792362.786,1788791877.0,78.66177533333332,16.923320166666667,True,1,1,2026-09-07 14:37:57+00:00,14.15001666545868
1788792362.985,1788791877.2,78.66177466666666,16.923319166666666,True,1,1,2026-09-07 14:37:57.200000048+00:00,14.15333333015442
1788792363.185,1788791877.4,78.66177416666666,16.9233175,True,1,1,2026-09-07 14:37:57.400000095+00:00,14.156666664282481
1788792363.382,1788791877.6,78.6617735,16.923316166666666,True,1,1,2026-09-07 14:37:57.599999905+00:00,14.159949998060862
1788792363.585,1788791877.8,78.661773,16.923314666666666,True,1,1,2026-09-07 14:37:57.799999952+00:00,14.163333332538604
1788792363.786,1788791878.0,78.66177250000001,16.923313166666667,True,1,1,2026-09-07 14:37:58+00:00,14.166683332125347
1788792363.986,1788791878.2,78.661772,16.9233115,True,1,1,2026-09-07 14:37:58.200000048+00:00,14.170016666253408
1788792364.185,1788791878.4,78.6617715,16.92331,True,1,1,2026-09-07 14:37:58.400000095+00:00,14.173333330949147
1788792364.385,1788791878.6,78.661771,16.9233085,True,1,1,2026-09-07 14:37:58.599999905+00:00,14.17666666507721
1788792364.586,1788791878.8,78.66177066666667,16.92330666666667,True,1,1,2026-09-07 14:37:58.799999952+00:00,14.18001666466395
1788792364.783,1788791879.0,78.66177016666667,16.92330516666667,True,1,1,2026-09-07 14:37:59+00:00,14.183299998442331
1788792364.985,1788791879.2,78.66176966666667,16.923303666666666,True,1,1,2026-09-07 14:37:59.200000048+00:00,14.186666663487753
1788792365.186,1788791879.4,78.66176916666667,16.923302166666666,True,1,1,2026-09-07 14:37:59.400000095+00:00,14.190016667048136
1788792365.386,1788791879.6,78.66176866666666,16.923300333333334,True,1,1,2026-09-07 14:37:59.599999905+00:00,14.193349997202555
1788792365.585,1788791879.8,78.66176833333334,16.923298499999998,True,1,1,2026-09-07 14:37:59.799999952+00:00,14.196666665871938
1788792365.786,1788791880.0,78.66176783333334,16.923296999999998,True,1,1,2026-09-07 14:38:00+00:00,14.20001666545868
1788792365.989,1788791880.2,78.66176733333333,16.923295333333332,True,1,1,2026-09-07 14:38:00.200000048+00:00,14.20339999993642
1788792366.181,1788791880.4,78.661767,16.923293666666666,True,1,1,2026-09-07 14:38:00.400000095+00:00,14.206599998474122
1788792366.384,1788791880.6,78.66176650000001,16.923292,True,1,1,2026-09-07 14:38:00.599999905+00:00,14.209983332951863
1788792366.585,1788791880.8,78.661766,16.923290833333333,True,1,1,2026-09-07 14:38:00.799999952+00:00,14.213333332538605
1788792366.786,1788791881.0,78.66176566666667,16.923289166666667,True,1,1,2026-09-07 14:38:01+00:00,14.216683332125346
1788792366.987,1788791881.2,78.66176516666665,16.923287666666667,True,1,1,2026-09-07 14:38:01.200000048+00:00,14.220033331712086
1788792367.188,1788791881.4,78.66176466666667,16.923286166666667,True,1,1,2026-09-07 14:38:01.400000095+00:00,14.223383331298828
1788792367.387,1788791881.6,78.66176433333334,16.9232845,True,1,1,2026-09-07 14:38:01.599999905+00:00,14.226699999968211
1788792367.587,1788791881.8,78.66176383333332,16.923283166666668,True,1,1,2026-09-07 14:38:01.799999952+00:00,14.23003333012263
1788792367.785,1788791882.0,78.6617635,16.923281666666664,True,1,1,2026-09-07 14:38:02+00:00,14.233333333333333
1788792367.985,1788791882.2,78.66176300000001,16.923280166666665,True,1,1,2026-09-07 14:38:02.200000048+00:00,14.236666663487751
1788792368.186,1788791882.4,78.6617625,16.923278666666665,True,1,1,2026-09-07 14:38:02.400000095+00:00,14.240016667048137
1788792368.387,1788791882.6,78.66176216666666,16.92327733333333,True,1,1,2026-09-07 14:38:02.599999905+00:00,14.243366666634877
1788792368.586,1788791882.8,78.66176183333333,16.92327583333333,True,1,1,2026-09-07 14:38:02.799999952+00:00,14.246683331330617
1788792368.785,1788791883.0,78.66176133333333,16.92327433333333,True,1,1,2026-09-07 14:38:03+00:00,14.25
1788792368.984,1788791883.2,78.661761,16.923273,True,1,1,2026-09-07 14:38:03.200000048+00:00,14.25331666469574
1788792369.187,1788791883.4,78.66176066666667,16.92327166666667,True,1,1,2026-09-07 14:38:03.400000095+00:00,14.256699999173483
1788792369.386,1788791883.6,78.66176033333333,16.9232705,True,1,1,2026-09-07 14:38:03.599999905+00:00,14.260016663869221
1788792369.586,1788791883.8,78.66176,16.923268833333335,True,1,1,2026-09-07 14:38:03.799999952+00:00,14.263349997997285
1788792369.787,1788791884.0,78.66175966666667,16.9232675,True,1,1,2026-09-07 14:38:04+00:00,14.266699997584025
1788792369.988,1788791884.2,78.66175933333334,16.923266,True,1,1,2026-09-07 14:38:04.200000048+00:00,14.270049997170766
1788792370.186,1788791884.4,78.661759,16.923264500000002,True,1,1,2026-09-07 14:38:04.400000095+00:00,14.27335000038147
1788792370.383,1788791884.6,78.66175866666667,16.92326316666667,True,1,1,2026-09-07 14:38:04.599999905+00:00,14.276633330186208
1788792370.583,1788791884.8,78.66175833333334,16.923261833333335,True,1,1,2026-09-07 14:38:04.799999952+00:00,14.27996666431427
1788792370.784,1788791885.0,78.66175816666667,16.923260333333335,True,1,1,2026-09-07 14:38:05+00:00,14.283316663901012
1788792370.984,1788791885.2,78.66175783333333,16.923259166666664,True,1,1,2026-09-07 14:38:05.200000048+00:00,14.286649998029073
1788792371.183,1788791885.4,78.66175766666667,16.923257666666665,True,1,1,2026-09-07 14:38:05.400000095+00:00,14.289966666698456
1788792371.385,1788791885.6,78.66175733333333,16.923256,True,1,1,2026-09-07 14:38:05.599999905+00:00,14.293333331743876
1788792371.582,1788791885.8,78.66175716666666,16.9232545,True,1,1,2026-09-07 14:38:05.799999952+00:00,14.296616665522258
1788792371.785,1788791886.0,78.66175683333333,16.923253166666665,True,1,1,2026-09-07 14:38:06+00:00,14.3
1788792371.986,1788791886.2,78.66175666666666,16.923251666666665,True,1,1,2026-09-07 14:38:06.200000048+00:00,14.303349999586741
1788792372.186,1788791886.4,78.66175633333334,16.92325,True,1,1,2026-09-07 14:38:06.400000095+00:00,14.306683333714803
1788792372.387,1788791886.6,78.66175616666666,16.923248666666666,True,1,1,2026-09-07 14:38:06.599999905+00:00,14.310033333301543
1788792372.586,1788791886.8,78.66175583333333,16.923247333333332,True,1,1,2026-09-07 14:38:06.799999952+00:00,14.313349997997284
1788792372.786,1788791887.0,78.66175566666668,16.923245666666666,True,1,1,2026-09-07 14:38:07+00:00,14.316683332125345
1788792372.986,1788791887.2,78.6617555,16.923244333333333,True,1,1,2026-09-07 14:38:07.200000048+00:00,14.320016666253407
1788792373.185,1788791887.4,78.66175533333333,16.923243,True,1,1,2026-09-07 14:38:07.400000095+00:00,14.323333330949147
1788792373.385,1788791887.6,78.661755,16.9232415,True,1,1,2026-09-07 14:38:07.599999905+00:00,14.326666665077209
1788792373.586,1788791887.8,78.66175483333333,16.923240333333336,True,1,1,2026-09-07 14:38:07.799999952+00:00,14.330016664663951
1788792373.785,1788791888.0,78.66175466666667,16.923239000000002,True,1,1,2026-09-07 14:38:08+00:00,14.333333333333334
1788792373.986,1788791888.2,78.6617545,16.923237500000003,True,1,1,2026-09-07 14:38:08.200000048+00:00,14.336683332920074
1788792374.185,1788791888.4,78.66175416666667,16.92323633333333,True,1,1,2026-09-07 14:38:08.400000095+00:00,14.339999997615815
1788792374.384,1788791888.6,78.661754,16.923235,True,1,1,2026-09-07 14:38:08.599999905+00:00,14.343316666285197
1788792374.586,1788791888.8,78.66175383333332,16.923233999999997,True,1,1,2026-09-07 14:38:08.799999952+00:00,14.346683331330617
1788792374.786,1788791889.0,78.66175366666667,16.923233,True,1,1,2026-09-07 14:38:09+00:00,14.350016665458678
1788792374.987,1788791889.2,78.6617535,16.923232166666665,True,1,1,2026-09-07 14:38:09.200000048+00:00,14.35336666504542
1788792375.185,1788791889.4,78.66175333333334,16.923230999999998,True,1,1,2026-09-07 14:38:09.400000095+00:00,14.35666666428248
1788792375.386,1788791889.6,78.661753,16.923230333333333,True,1,1,2026-09-07 14:38:09.599999905+00:00,14.360016663869223
1788792375.584,1788791889.8,78.66175283333334,16.923229166666665,True,1,1,2026-09-07 14:38:09.799999952+00:00,14.363316667079925
1788792375.783,1788791890.0,78.66175266666667,16.923228333333334,True,1,1,2026-09-07 14:38:10+00:00,14.366633331775665
1788792375.985,1788791890.2,78.66175233333334,16.9232275,True,1,1,2026-09-07 14:38:10.200000048+00:00,14.369999996821086
1788792376.184,1788791890.4,78.66175216666667,16.923226666666668,True,1,1,2026-09-07 14:38:10.400000095+00:00,14.373316665490469
1788792376.386,1788791890.6,78.66175199999999,16.923225666666667,True,1,1,2026-09-07 14:38:10.599999905+00:00,14.376683330535888
1788792376.585,1788791890.8,78.66175183333333,16.923224666666666,True,1,1,2026-09-07 14:38:10.799999952+00:00,14.379999999205271
1788792376.786,1788791891.0,78.66175166666667,16.923223333333333,True,1,1,2026-09-07 14:38:11+00:00,14.383349998792012
1788792376.985,1788791891.2,78.66175133333333,16.923222,True,1,1,2026-09-07 14:38:11.200000048+00:00,14.386666663487752
1788792377.183,1788791891.4,78.66175116666666,16.9232205,True,1,1,2026-09-07 14:38:11.400000095+00:00,14.389966666698456
1788792377.385,1788791891.6,78.66175100000001,16.923219,True,1,1,2026-09-07 14:38:11.599999905+00:00,14.393333331743877
1788792377.584,1788791891.8,78.66175083333333,16.9232175,True,1,1,2026-09-07 14:38:11.799999952+00:00,14.396650000413258
1788792377.785,1788791892.0,78.66175066666666,16.923216,True,1,1,2026-09-07 14:38:12+00:00,14.4
1788792377.984,1788791892.2,78.6617505,16.92321466666667,True,1,1,2026-09-07 14:38:12.200000048+00:00,14.40331666469574
1788792378.184,1788791892.4,78.66175033333334,16.923213166666667,True,1,1,2026-09-07 14:38:12.400000095+00:00,14.406649998823802
1788792378.385,1788791892.6,78.66175016666666,16.923211499999997,True,1,1,2026-09-07 14:38:12.599999905+00:00,14.409999998410543
1788792378.583,1788791892.8,78.66175,16.92320983333333,True,1,1,2026-09-07 14:38:12.799999952+00:00,14.413299997647604
1788792378.786,1788791893.0,78.66174983333333,16.923208166666665,True,1,1,2026-09-07 14:38:13+00:00,14.416683332125347
1788792378.986,1788791893.2,78.66174966666668,16.923206166666667,True,1,1,2026-09-07 14:38:13.200000048+00:00,14.420016666253408
1788792379.186,1788791893.4,78.6617495,16.9232045,True,1,1,2026-09-07 14:38:13.400000095+00:00,14.42335000038147
1788792379.385,1788791893.6,78.66174933333333,16.923202833333335,True,1,1,2026-09-07 14:38:13.599999905+00:00,14.42666666507721
1788792379.585,1788791893.8,78.66174916666667,16.923201333333335,True,1,1,2026-09-07 14:38:13.799999952+00:00,14.429999999205272
1788792379.785,1788791894.0,78.661749,16.9231995,True,1,1,2026-09-07 14:38:14+00:00,14.433333333333334
1788792379.985,1788791894.2,78.66174883333333,16.923198,True,1,1,2026-09-07 14:38:14.200000048+00:00,14.436666663487753
1788792380.186,1788791894.4,78.66174866666667,16.9231965,True,1,1,2026-09-07 14:38:14.400000095+00:00,14.440016667048136
1788792380.384,1788791894.6,78.6617485,16.923194833333334,True,1,1,2026-09-07 14:38:14.599999905+00:00,14.443316666285197
1788792380.584,1788791894.8,78.6617485,16.923193,True,1,1,2026-09-07 14:38:14.799999952+00:00,14.446650000413259
1788792380.785,1788791895.0,78.66174833333334,16.923191499999998,True,1,1,2026-09-07 14:38:15+00:00,14.45
1788792380.987,1788791895.2,78.66174816666667,16.923189833333332,True,1,1,2026-09-07 14:38:15.200000048+00:00,14.45336666504542
1788792381.186,1788791895.4,78.661748,16.9231885,True,1,1,2026-09-07 14:38:15.400000095+00:00,14.456683333714803
1788792381.386,1788791895.6,78.66174783333332,16.923186833333332,True,1,1,2026-09-07 14:38:15.599999905+00:00,14.460016663869222
1788792381.585,1788791895.8,78.66174766666667,16.923185166666666,True,1,1,2026-09-07 14:38:15.799999952+00:00,14.463333332538605
1788792381.788,1788791896.0,78.66174766666667,16.923183833333333,True,1,1,2026-09-07 14:38:16+00:00,14.466716667016348
1788792381.986,1788791896.2,78.6617475,16.9231825,True,1,1,2026-09-07 14:38:16.200000048+00:00,14.470016666253407
1788792382.187,1788791896.4,78.66174733333334,16.923180833333333,True,1,1,2026-09-07 14:38:16.400000095+00:00,14.47336666584015
1788792382.386,1788791896.6,78.66174716666666,16.9231795,True,1,1,2026-09-07 14:38:16.599999905+00:00,14.476683330535888
1788792382.586,1788791896.8,78.66174716666666,16.923178333333333,True,1,1,2026-09-07 14:38:16.799999952+00:00,14.480016664663951
1788792382.783,1788791897.0,78.661747,16.92317716666667,True,1,1,2026-09-07 14:38:17+00:00,14.483299998442332
1788792382.988,1788791897.2,78.66174683333334,16.923175833333335,True,1,1,2026-09-07 14:38:17.200000048+00:00,14.486716663837433
1788792383.188,1788791897.4,78.66174683333334,16.923174666666668,True,1,1,2026-09-07 14:38:17.400000095+00:00,14.490049997965494
1788792383.386,1788791897.6,78.66174666666667,16.9231735,True,1,1,2026-09-07 14:38:17.599999905+00:00,14.493349997202555
1788792383.586,1788791897.8,78.66174666666667,16.923172166666667,True,1,1,2026-09-07 14:38:17.799999952+00:00,14.496683331330617
1788792383.788,1788791898.0,78.66174649999999,16.923171333333336,True,1,1,2026-09-07 14:38:18+00:00,14.500050000349681
1788792383.988,1788791898.2,78.66174649999999,16.92317016666667,True,1,1,2026-09-07 14:38:18.200000048+00:00,14.5033833305041
1788792384.186,1788791898.4,78.66174633333334,16.92316933333333,True,1,1,2026-09-07 14:38:18.400000095+00:00,14.506683333714802
1788792384.386,1788791898.6,78.66174633333334,16.923168166666667,True,1,1,2026-09-07 14:38:18.599999905+00:00,14.510016663869221
1788792384.585,1788791898.8,78.66174633333334,16.923167166666666,True,1,1,2026-09-07 14:38:18.799999952+00:00,14.513333332538604
1788792384.787,1788791899.0,78.66174633333334,16.923165666666666,True,1,1,2026-09-07 14:38:19+00:00,14.516699997584025
1788792384.987,1788791899.2,78.66174633333334,16.923164333333332,True,1,1,2026-09-07 14:38:19.200000048+00:00,14.520033331712087
1788792385.186,1788791899.4,78.66174649999999,16.923162333333334,True,1,1,2026-09-07 14:38:19.400000095+00:00,14.52335000038147
1788792385.383,1788791899.6,78.661747,16.92316,True,1,1,2026-09-07 14:38:19.599999905+00:00,14.526633330186208
1788792385.584,1788791899.8,78.66174733333334,16.923156333333335,True,1,1,2026-09-07 14:38:19.799999952+00:00,14.529983333746593
1788792385.797,1788791900.0,78.66174766666667,16.923152666666667,True,1,1,2026-09-07 14:38:20+00:00,14.533533330758413
1788792385.998,1788791900.2,78.66174816666667,16.923148833333336,True,1,1,2026-09-07 14:38:20.200000048+00:00,14.536883330345153
1788792386.184,1788791900.4,78.66174883333333,16.923145499999997,True,1,1,2026-09-07 14:38:20.400000095+00:00,14.539983332157135
1788792386.384,1788791900.6,78.66174983333333,16.923143333333332,True,1,1,2026-09-07 14:38:20.599999905+00:00,14.543316666285197
1788792386.586,1788791900.8,78.66175083333333,16.923142666666667,True,1,1,2026-09-07 14:38:20.799999952+00:00,14.546683331330618
1788792386.785,1788791901.0,78.66175166666667,16.923141333333334,True,1,1,2026-09-07 14:38:21+00:00,14.55
1788792386.985,1788791901.2,78.66175249999999,16.923140999999998,True,1,1,2026-09-07 14:38:21.200000048+00:00,14.55333333015442
1788792387.186,1788791901.4,78.6617535,16.923141833333332,True,1,1,2026-09-07 14:38:21.400000095+00:00,14.556683333714803
1788792387.384,1788791901.6,78.66175433333333,16.923141333333334,True,1,1,2026-09-07 14:38:21.599999905+00:00,14.559983332951864
1788792387.584,1788791901.8,78.661755,16.923140999999998,True,1,1,2026-09-07 14:38:21.799999952+00:00,14.563316667079926
1788792387.784,1788791902.0,78.66175566666668,16.923141166666667,True,1,1,2026-09-07 14:38:22+00:00,14.566649997234345
1788792387.984,1788791902.2,78.66175633333334,16.923142499999997,True,1,1,2026-09-07 14:38:22.200000048+00:00,14.569983331362407
1788792388.181,1788791902.4,78.66175683333333,16.923143166666666,True,1,1,2026-09-07 14:38:22.400000095+00:00,14.573266665140787
1788792388.386,1788791902.6,78.66175750000001,16.923144333333333,True,1,1,2026-09-07 14:38:22.599999905+00:00,14.57668333053589
1788792388.585,1788791902.8,78.66175799999999,16.923146166666665,True,1,1,2026-09-07 14:38:22.799999952+00:00,14.579999999205272
1788792388.785,1788791903.0,78.66175833333334,16.923147833333335,True,1,1,2026-09-07 14:38:23+00:00,14.583333333333334
1788792388.984,1788791903.2,78.66175866666667,16.92314916666667,True,1,1,2026-09-07 14:38:23.200000048+00:00,14.586649998029072
1788792389.184,1788791903.4,78.66175866666667,16.923150500000002,True,1,1,2026-09-07 14:38:23.400000095+00:00,14.589983332157136
1788792389.386,1788791903.6,78.66175866666667,16.923151833333336,True,1,1,2026-09-07 14:38:23.599999905+00:00,14.593349997202555
1788792389.582,1788791903.8,78.66175866666667,16.9231535,True,1,1,2026-09-07 14:38:23.799999952+00:00,14.596616665522257
1788792389.783,1788791904.0,78.66175849999999,16.9231545,True,1,1,2026-09-07 14:38:24+00:00,14.599966665109
1788792389.984,1788791904.2,78.66175849999999,16.9231555,True,1,1,2026-09-07 14:38:24.200000048+00:00,14.60331666469574
1788792390.182,1788791904.4,78.66175866666667,16.9231565,True,1,1,2026-09-07 14:38:24.400000095+00:00,14.606616663932801
1788792390.384,1788791904.6,78.66175866666667,16.923157333333332,True,1,1,2026-09-07 14:38:24.599999905+00:00,14.609983332951863
1788792390.584,1788791904.8,78.66175866666667,16.9231575,True,1,1,2026-09-07 14:38:24.799999952+00:00,14.613316667079925
1788792390.783,1788791905.0,78.66175883333334,16.923158166666667,True,1,1,2026-09-07 14:38:25+00:00,14.616633331775665
1788792390.981,1788791905.2,78.66175883333334,16.9231585,True,1,1,2026-09-07 14:38:25.200000048+00:00,14.619933331012726
1788792391.184,1788791905.4,78.66175883333334,16.923159166666668,True,1,1,2026-09-07 14:38:25.400000095+00:00,14.623316665490469
1788792391.385,1788791905.6,78.66175883333334,16.923159333333334,True,1,1,2026-09-07 14:38:25.599999905+00:00,14.62666666507721
1788792391.585,1788791905.8,78.66175883333334,16.9231595,True,1,1,2026-09-07 14:38:25.799999952+00:00,14.629999999205271
1788792391.786,1788791906.0,78.66175883333334,16.923159666666667,True,1,1,2026-09-07 14:38:26+00:00,14.633349998792012
1788792391.985,1788791906.2,78.66175883333334,16.923159666666667,True,1,1,2026-09-07 14:38:26.200000048+00:00,14.636666663487752
1788792392.184,1788791906.4,78.66175883333334,16.923159666666667,True,1,1,2026-09-07 14:38:26.400000095+00:00,14.639983332157135
1788792392.382,1788791906.6,78.66175883333334,16.923159833333333,True,1,1,2026-09-07 14:38:26.599999905+00:00,14.643283331394196
1788792392.585,1788791906.8,78.66175883333334,16.923159833333333,True,1,1,2026-09-07 14:38:26.799999952+00:00,14.646666665871939
1788792392.786,1788791907.0,78.66175883333334,16.923159666666667,True,1,1,2026-09-07 14:38:27+00:00,14.65001666545868
1788792392.984,1788791907.2,78.66175866666667,16.923159333333334,True,1,1,2026-09-07 14:38:27.200000048+00:00,14.65331666469574
1788792393.184,1788791907.4,78.66175866666667,16.9231595,True,1,1,2026-09-07 14:38:27.400000095+00:00,14.656649998823802
1788792393.383,1788791907.6,78.66175849999999,16.923158833333332,True,1,1,2026-09-07 14:38:27.599999905+00:00,14.659966663519542
1788792393.598,1788791907.8,78.66175849999999,16.9231585,True,1,1,2026-09-07 14:38:27.799999952+00:00,14.663549999396006
1788792393.782,1788791908.0,78.66175833333334,16.923158,True,1,1,2026-09-07 14:38:28+00:00,14.666616666316987
1788792393.985,1788791908.2,78.66175833333334,16.92315766666667,True,1,1,2026-09-07 14:38:28.200000048+00:00,14.669999996821085
1788792394.184,1788791908.4,78.66175816666667,16.92315766666667,True,1,1,2026-09-07 14:38:28.400000095+00:00,14.673316665490468
1788792394.385,1788791908.6,78.66175833333334,16.923158166666667,True,1,1,2026-09-07 14:38:28.599999905+00:00,14.67666666507721
1788792394.585,1788791908.8,78.66175833333334,16.923159166666668,True,1,1,2026-09-07 14:38:28.799999952+00:00,14.679999999205272
1788792394.785,1788791909.0,78.66175849999999,16.923160333333332,True,1,1,2026-09-07 14:38:29+00:00,14.683333333333334
1788792394.983,1788791909.2,78.66175849999999,16.923161333333333,True,1,1,2026-09-07 14:38:29.200000048+00:00,14.686633332570393
1788792395.184,1788791909.4,78.66175866666667,16.923162833333333,True,1,1,2026-09-07 14:38:29.400000095+00:00,14.689983332157135
1788792395.384,1788791909.6,78.66175866666667,16.923164333333332,True,1,1,2026-09-07 14:38:29.599999905+00:00,14.693316666285197
1788792395.582,1788791909.8,78.66175883333334,16.923165666666666,True,1,1,2026-09-07 14:38:29.799999952+00:00,14.696616665522258
1788792395.782,1788791910.0,78.661759,16.923167166666666,True,1,1,2026-09-07 14:38:30+00:00,14.69994999965032
1788792395.986,1788791910.2,78.66175916666666,16.92316883333333,True,1,1,2026-09-07 14:38:30.200000048+00:00,14.703349999586742
1788792396.184,1788791910.4,78.66175916666666,16.9231705,True,1,1,2026-09-07 14:38:30.400000095+00:00,14.706649998823801
1788792396.382,1788791910.6,78.66175933333334,16.923172166666667,True,1,1,2026-09-07 14:38:30.599999905+00:00,14.709949998060862
1788792396.581,1788791910.8,78.6617595,16.923174,True,1,1,2026-09-07 14:38:30.799999952+00:00,14.713266666730245
1788792396.786,1788791911.0,78.66175966666667,16.92317566666667,True,1,1,2026-09-07 14:38:31+00:00,14.716683332125346
1788792396.985,1788791911.2,78.66175983333332,16.9231775,True,1,1,2026-09-07 14:38:31.200000048+00:00,14.719999996821086
1788792397.186,1788791911.4,78.66176,16.923179333333334,True,1,1,2026-09-07 14:38:31.400000095+00:00,14.723350000381469
1788792397.385,1788791911.6,78.66176016666667,16.923181,True,1,1,2026-09-07 14:38:31.599999905+00:00,14.72666666507721
1788792397.586,1788791911.8,78.66176016666667,16.923182833333332,True,1,1,2026-09-07 14:38:31.799999952+00:00,14.730016664663951
1788792397.784,1788791912.0,78.6617605,16.923184833333334,True,1,1,2026-09-07 14:38:32+00:00,14.733316663901011
1788792397.985,1788791912.2,78.66176066666667,16.923186666666666,True,1,1,2026-09-07 14:38:32.200000048+00:00,14.736666663487751
1788792398.184,1788791912.4,78.66176083333333,16.923188666666665,True,1,1,2026-09-07 14:38:32.400000095+00:00,14.739983332157134
1788792398.386,1788791912.6,78.661761,16.923190499999997,True,1,1,2026-09-07 14:38:32.599999905+00:00,14.743349997202555
1788792398.586,1788791912.8,78.66176116666666,16.923192333333336,True,1,1,2026-09-07 14:38:32.799999952+00:00,14.746683331330617
1788792398.785,1788791913.0,78.6617615,16.923194000000002,True,1,1,2026-09-07 14:38:33+00:00,14.75
1788792398.986,1788791913.2,78.66176166666668,16.923195500000002,True,1,1,2026-09-07 14:38:33.200000048+00:00,14.75334999958674
1788792399.183,1788791913.4,78.66176183333333,16.923197333333334,True,1,1,2026-09-07 14:38:33.400000095+00:00,14.756633333365123
1788792399.384,1788791913.6,78.661762,16.923198833333334,True,1,1,2026-09-07 14:38:33.599999905+00:00,14.759983332951863
1788792399.585,1788791913.8,78.66176216666666,16.923200333333334,True,1,1,2026-09-07 14:38:33.799999952+00:00,14.763333332538604
1788792399.784,1788791914.0,78.66176233333334,16.9232015,True,1,1,2026-09-07 14:38:34+00:00,14.766649997234344
1788792399.983,1788791914.2,78.66176266666666,16.923203,True,1,1,2026-09-07 14:38:34.200000048+00:00,14.769966665903727
1788792400.182,1788791914.4,78.66176283333333,16.923204666666667,True,1,1,2026-09-07 14:38:34.400000095+00:00,14.773283330599467
1788792400.384,1788791914.6,78.66176300000001,16.923206,True,1,1,2026-09-07 14:38:34.599999905+00:00,14.776649999618531
1788792400.584,1788791914.8,78.66176316666666,16.923207166666668,True,1,1,2026-09-07 14:38:34.799999952+00:00,14.779983333746593
1788792400.785,1788791915.0,78.66176333333333,16.923208499999998,True,1,1,2026-09-07 14:38:35+00:00,14.783333333333333
1788792400.986,1788791915.2,78.6617635,16.92320983333333,True,1,1,2026-09-07 14:38:35.200000048+00:00,14.786683332920074
1788792401.185,1788791915.4,78.66176366666667,16.923211,True,1,1,2026-09-07 14:38:35.400000095+00:00,14.789999997615814
1788792401.385,1788791915.6,78.66176383333332,16.923212166666666,True,1,1,2026-09-07 14:38:35.599999905+00:00,14.793333331743876
1788792401.585,1788791915.8,78.66176399999999,16.923213333333333,True,1,1,2026-09-07 14:38:35.799999952+00:00,14.796666665871937
1788792401.784,1788791916.0,78.66176416666667,16.923214499999997,True,1,1,2026-09-07 14:38:36+00:00,14.799983330567677
1788792401.981,1788791916.2,78.66176449999999,16.9232155,True,1,1,2026-09-07 14:38:36.200000048+00:00,14.80326666434606
1788792402.185,1788791916.4,78.66176466666667,16.92321666666667,True,1,1,2026-09-07 14:38:36.400000095+00:00,14.806666664282481
1788792402.385,1788791916.6,78.66176483333334,16.92321766666667,True,1,1,2026-09-07 14:38:36.599999905+00:00,14.809999998410543
1788792402.585,1788791916.8,78.661765,16.923218833333333,True,1,1,2026-09-07 14:38:36.799999952+00:00,14.813333332538605
1788792402.785,1788791917.0,78.66176516666665,16.92322,True,1,1,2026-09-07 14:38:37+00:00,14.816666666666666
1788792402.985,1788791917.2,78.66176533333334,16.923221,True,1,1,2026-09-07 14:38:37.200000048+00:00,14.819999996821085
1788792403.189,1788791917.4,78.6617655,16.923222,True,1,1,2026-09-07 14:38:37.400000095+00:00,14.823399996757507
1788792403.381,1788791917.6,78.66176566666667,16.923222833333334,True,1,1,2026-09-07 14:38:37.599999905+00:00,14.826599999268849
1788792403.583,1788791917.8,78.66176583333332,16.92322366666667,True,1,1,2026-09-07 14:38:37.799999952+00:00,14.82996666431427
1788792403.784,1788791918.0,78.661766,16.923224666666666,True,1,1,2026-09-07 14:38:38+00:00,14.83331666390101
1788792403.983,1788791918.2,78.66176616666667,16.923225333333335,True,1,1,2026-09-07 14:38:38.200000048+00:00,14.836633332570393
1788792404.183,1788791918.4,78.66176633333333,16.923226166666666,True,1,1,2026-09-07 14:38:38.400000095+00:00,14.839966666698455
1788792404.383,1788791918.6,78.66176633333333,16.923227,True,1,1,2026-09-07 14:38:38.599999905+00:00,14.843299996852874
1788792404.584,1788791918.8,78.66176666666667,16.923227999999998,True,1,1,2026-09-07 14:38:38.799999952+00:00,14.846650000413259
1788792404.782,1788791919.0,78.66176683333333,16.923229499999998,True,1,1,2026-09-07 14:38:39+00:00,14.849949999650319
1788792404.984,1788791919.2,78.661767,16.923231166666667,True,1,1,2026-09-07 14:38:39.200000048+00:00,14.85331666469574
1788792405.183,1788791919.4,78.66176716666668,16.923233333333332,True,1,1,2026-09-07 14:38:39.400000095+00:00,14.856633333365123
1788792405.383,1788791919.6,78.6617675,16.923235499999997,True,1,1,2026-09-07 14:38:39.599999905+00:00,14.859966663519542
1788792405.583,1788791919.8,78.66176783333334,16.923238,True,1,1,2026-09-07 14:38:39.799999952+00:00,14.863299997647603
1788792405.783,1788791920.0,78.66176816666666,16.923240833333335,True,1,1,2026-09-07 14:38:40+00:00,14.866633331775665
1788792405.983,1788791920.2,78.66176850000001,16.923243833333334,True,1,1,2026-09-07 14:38:40.200000048+00:00,14.869966665903727
1788792406.182,1788791920.4,78.66176883333333,16.923247,True,1,1,2026-09-07 14:38:40.400000095+00:00,14.873283330599467
1788792406.383,1788791920.6,78.66176916666667,16.923250499999998,True,1,1,2026-09-07 14:38:40.599999905+00:00,14.876633330186207
1788792406.585,1788791920.8,78.6617695,16.923254166666666,True,1,1,2026-09-07 14:38:40.799999952+00:00,14.879999999205271
1788792406.785,1788791921.0,78.66176983333334,16.92325783333333,True,1,1,2026-09-07 14:38:41+00:00,14.883333333333333
1788792406.984,1788791921.2,78.66177016666667,16.923261500000002,True,1,1,2026-09-07 14:38:41.200000048+00:00,14.886649998029073
1788792407.186,1788791921.4,78.6617705,16.923265166666667,True,1,1,2026-09-07 14:38:41.400000095+00:00,14.890016667048137
1788792407.384,1788791921.6,78.66177083333334,16.9232685,True,1,1,2026-09-07 14:38:41.599999905+00:00,14.893316666285196
1788792407.581,1788791921.8,78.66177116666667,16.92327166666667,True,1,1,2026-09-07 14:38:41.799999952+00:00,14.896600000063579
1788792407.786,1788791922.0,78.6617715,16.923274833333334,True,1,1,2026-09-07 14:38:42+00:00,14.90001666545868
1788792407.984,1788791922.2,78.66177183333333,16.923277833333334,True,1,1,2026-09-07 14:38:42.200000048+00:00,14.90331666469574
1788792408.184,1788791922.4,78.66177216666667,16.923280499999997,True,1,1,2026-09-07 14:38:42.400000095+00:00,14.906649998823802
1788792408.385,1788791922.6,78.66177233333333,16.9232835,True,1,1,2026-09-07 14:38:42.599999905+00:00,14.909999998410543
1788792408.585,1788791922.8,78.66177266666666,16.923286166666667,True,1,1,2026-09-07 14:38:42.799999952+00:00,14.913333332538604
1788792408.785,1788791923.0,78.661773,16.923288666666668,True,1,1,2026-09-07 14:38:43+00:00,14.916666666666666
1788792408.985,1788791923.2,78.66177316666668,16.92329116666667,True,1,1,2026-09-07 14:38:43.200000048+00:00,14.919999996821085
1788792409.185,1788791923.4,78.6617735,16.9232935,True,1,1,2026-09-07 14:38:43.400000095+00:00,14.923333330949147
1788792409.384,1788791923.6,78.66177366666668,16.923296,True,1,1,2026-09-07 14:38:43.599999905+00:00,14.92664999961853
1788792409.584,1788791923.8,78.661774,16.923298166666665,True,1,1,2026-09-07 14:38:43.799999952+00:00,14.929983333746593
1788792409.784,1788791924.0,78.66177416666666,16.923300333333334,True,1,1,2026-09-07 14:38:44+00:00,14.933316663901012
1788792409.986,1788791924.2,78.6617745,16.9233025,True,1,1,2026-09-07 14:38:44.200000048+00:00,14.936683332920074
1788792410.185,1788791924.4,78.66177466666666,16.92330433333333,True,1,1,2026-09-07 14:38:44.400000095+00:00,14.939999997615814
1788792410.382,1788791924.6,78.661775,16.923306333333336,True,1,1,2026-09-07 14:38:44.599999905+00:00,14.943283331394195
1788792410.582,1788791924.8,78.66177516666667,16.923308333333335,True,1,1,2026-09-07 14:38:44.799999952+00:00,14.946616665522258
1788792410.785,1788791925.0,78.6617755,16.923310166666667,True,1,1,2026-09-07 14:38:45+00:00,14.95
1788792410.984,1788791925.2,78.66177566666667,16.923311833333333,True,1,1,2026-09-07 14:38:45.200000048+00:00,14.95331666469574
1788792411.183,1788791925.4,78.66177599999999,16.9233135,True,1,1,2026-09-07 14:38:45.400000095+00:00,14.956633333365122
1788792411.382,1788791925.6,78.66177616666667,16.923315,True,1,1,2026-09-07 14:38:45.599999905+00:00,14.959949998060862
1788792411.585,1788791925.8,78.66177633333334,16.923317,True,1,1,2026-09-07 14:38:45.799999952+00:00,14.963333332538605
1788792411.785,1788791926.0,78.66177666666667,16.923318666666667,True,1,1,2026-09-07 14:38:46+00:00,14.966666666666667
1788792411.985,1788791926.2,78.66177683333333,16.923320166666667,True,1,1,2026-09-07 14:38:46.200000048+00:00,14.969999996821086
1788792412.185,1788791926.4,78.661777,16.923321666666666,True,1,1,2026-09-07 14:38:46.400000095+00:00,14.973333330949147
1788792412.386,1788791926.6,78.66177733333333,16.923323166666666,True,1,1,2026-09-07 14:38:46.599999905+00:00,14.976683330535888
1788792412.585,1788791926.8,78.6617775,16.9233245,True,1,1,2026-09-07 14:38:46.799999952+00:00,14.97999999920527
1788792412.783,1788791927.0,78.66177766666667,16.923325833333333,True,1,1,2026-09-07 14:38:47+00:00,14.983299998442332
1788792412.983,1788791927.2,78.661778,16.923327500000003,True,1,1,2026-09-07 14:38:47.200000048+00:00,14.986633332570394
1788792413.184,1788791927.4,78.66177816666666,16.923328833333336,True,1,1,2026-09-07 14:38:47.400000095+00:00,14.989983332157134
1788792413.385,1788791927.6,78.66177833333333,16.92333,True,1,1,2026-09-07 14:38:47.599999905+00:00,14.993333331743877
1788792413.585,1788791927.8,78.66177850000001,16.923331333333334,True,1,1,2026-09-07 14:38:47.799999952+00:00,14.996666665871938
1788792413.785,1788791928.0,78.66177866666666,16.923332666666667,True,1,1,2026-09-07 14:38:48+00:00,15.0
1788792413.984,1788791928.2,78.66177883333333,16.923333833333334,True,1,1,2026-09-07 14:38:48.200000048+00:00,15.00331666469574
1788792414.185,1788791928.4,78.66177916666668,16.923334833333335,True,1,1,2026-09-07 14:38:48.400000095+00:00,15.00666666428248
1788792414.384,1788791928.6,78.66177933333333,16.923336,True,1,1,2026-09-07 14:38:48.599999905+00:00,15.009983332951863
1788792414.584,1788791928.8,78.6617795,16.923337333333333,True,1,1,2026-09-07 14:38:48.799999952+00:00,15.013316667079925
1788792414.785,1788791929.0,78.66177966666667,16.923338,True,1,1,2026-09-07 14:38:49+00:00,15.016666666666667
1788792414.984,1788791929.2,78.66178,16.923338833333332,True,1,1,2026-09-07 14:38:49.200000048+00:00,15.019983331362406
1788792415.184,1788791929.4,78.66178016666666,16.923340333333332,True,1,1,2026-09-07 14:38:49.400000095+00:00,15.023316665490468
1788792415.385,1788791929.6,78.66178033333334,16.923341166666667,True,1,1,2026-09-07 14:38:49.599999905+00:00,15.02666666507721
1788792415.583,1788791929.8,78.6617805,16.923341833333332,True,1,1,2026-09-07 14:38:49.799999952+00:00,15.02996666431427
1788792415.781,1788791930.0,78.66178066666666,16.923343,True,1,1,2026-09-07 14:38:50+00:00,15.03326666355133
1788792415.986,1788791930.2,78.66178083333332,16.923344166666666,True,1,1,2026-09-07 14:38:50.200000048+00:00,15.036683332920074
1788792416.183,1788791930.4,78.661781,16.923344666666665,True,1,1,2026-09-07 14:38:50.400000095+00:00,15.039966666698456
1788792416.383,1788791930.6,78.66178133333332,16.923345333333334,True,1,1,2026-09-07 14:38:50.599999905+00:00,15.043299996852875
1788792416.583,1788791930.8,78.6617815,16.92334633333333,True,1,1,2026-09-07 14:38:50.799999952+00:00,15.046633330980937
1788792416.784,1788791931.0,78.66178166666667,16.923346833333333,True,1,1,2026-09-07 14:38:51+00:00,15.049983330567677
1788792416.985,1788791931.2,78.66178183333334,16.9233475,True,1,1,2026-09-07 14:38:51.200000048+00:00,15.05333333015442
1788792417.182,1788791931.4,78.66178199999999,16.923348333333333,True,1,1,2026-09-07 14:38:51.400000095+00:00,15.0566166639328
1788792417.385,1788791931.6,78.66178216666667,16.923349166666664,True,1,1,2026-09-07 14:38:51.599999905+00:00,15.059999998410543
1788792417.588,1788791931.8,78.66178233333333,16.923349833333337,True,1,1,2026-09-07 14:38:51.799999952+00:00,15.063383332888286
1788792417.784,1788791932.0,78.6617825,16.923350333333335,True,1,1,2026-09-07 14:38:52+00:00,15.066649997234345
1788792417.984,1788791932.2,78.66178266666667,16.923350833333334,True,1,1,2026-09-07 14:38:52.200000048+00:00,15.069983331362407
1788792418.184,1788791932.4,78.66178283333333,16.923351500000003,True,1,1,2026-09-07 14:38:52.400000095+00:00,15.073316665490468
1788792418.384,1788791932.6,78.66178316666667,16.923352,True,1,1,2026-09-07 14:38:52.599999905+00:00,15.07664999961853
1788792418.581,1788791932.8,78.66178333333333,16.923352666666666,True,1,1,2026-09-07 14:38:52.799999952+00:00,15.079933333396912
1788792418.784,1788791933.0,78.6617835,16.92335316666667,True,1,1,2026-09-07 14:38:53+00:00,15.08331666390101
1788792418.985,1788791933.2,78.66178366666666,16.9233535,True,1,1,2026-09-07 14:38:53.200000048+00:00,15.086666663487753
1788792419.183,1788791933.4,78.66178383333333,16.923354,True,1,1,2026-09-07 14:38:53.400000095+00:00,15.089966666698455
1788792419.383,1788791933.6,78.66178383333333,16.923354333333336,True,1,1,2026-09-07 14:38:53.599999905+00:00,15.093299996852874
1788792419.583,1788791933.8,78.66178416666666,16.923355166666667,True,1,1,2026-09-07 14:38:53.799999952+00:00,15.096633330980938
1788792419.784,1788791934.0,78.66178433333333,16.923355333333333,True,1,1,2026-09-07 14:38:54+00:00,15.099983330567678
1788792419.983,1788791934.2,78.66178450000001,16.923355666666666,True,1,1,2026-09-07 14:38:54.200000048+00:00,15.103299999237061
1788792420.183,1788791934.4,78.66178466666666,16.923356333333334,True,1,1,2026-09-07 14:38:54.400000095+00:00,15.106633333365123
1788792420.386,1788791934.6,78.66178483333333,16.923356666666667,True,1,1,2026-09-07 14:38:54.599999905+00:00,15.110016663869223
1788792420.584,1788791934.8,78.661785,16.923357166666666,True,1,1,2026-09-07 14:38:54.799999952+00:00,15.113316667079925
1788792420.782,1788791935.0,78.66178516666668,16.9233575,True,1,1,2026-09-07 14:38:55+00:00,15.116616666316986
1788792420.983,1788791935.2,78.66178533333333,16.923357833333334,True,1,1,2026-09-07 14:38:55.200000048+00:00,15.119966665903727
1788792421.182,1788791935.4,78.66178566666667,16.923358166666667,True,1,1,2026-09-07 14:38:55.400000095+00:00,15.123283330599467
1788792421.379,1788791935.6,78.66178583333334,16.923358666666665,True,1,1,2026-09-07 14:38:55.599999905+00:00,15.12656666437785
1788792421.583,1788791935.8,78.66178599999999,16.923359,True,1,1,2026-09-07 14:38:55.799999952+00:00,15.12996666431427
1788792421.785,1788791936.0,78.66178616666666,16.9233595,True,1,1,2026-09-07 14:38:56+00:00,15.133333333333333
1788792421.984,1788791936.2,78.66178633333334,16.923359666666666,True,1,1,2026-09-07 14:38:56.200000048+00:00,15.136649998029073
1788792422.184,1788791936.4,78.6617865,16.923360333333335,True,1,1,2026-09-07 14:38:56.400000095+00:00,15.139983332157135
1788792422.384,1788791936.6,78.66178683333332,16.923360666666667,True,1,1,2026-09-07 14:38:56.599999905+00:00,15.143316666285196
1788792422.583,1788791936.8,78.661787,16.923360833333334,True,1,1,2026-09-07 14:38:56.799999952+00:00,15.146633330980936
1788792422.785,1788791937.0,78.66178716666667,16.923361166666666,True,1,1,2026-09-07 14:38:57+00:00,15.15
1788792422.984,1788791937.2,78.66178733333332,16.923361666666665,True,1,1,2026-09-07 14:38:57.200000048+00:00,15.15331666469574
1788792423.183,1788791937.4,78.6617875,16.923362,True,1,1,2026-09-07 14:38:57.400000095+00:00,15.156633333365123
1788792423.389,1788791937.6,78.66178783333334,16.923362333333333,True,1,1,2026-09-07 14:38:57.599999905+00:00,15.160066664218903
1788792423.582,1788791937.8,78.66178799999999,16.923363,True,1,1,2026-09-07 14:38:57.799999952+00:00,15.163283332188923
1788792423.784,1788791938.0,78.66178816666667,16.923363333333334,True,1,1,2026-09-07 14:38:58+00:00,15.166649997234344
1788792423.982,1788791938.2,78.66178833333333,16.923363666666667,True,1,1,2026-09-07 14:38:58.200000048+00:00,15.169950000445048
1788792424.182,1788791938.4,78.6617885,16.923364,True,1,1,2026-09-07 14:38:58.400000095+00:00,15.173283330599467
1788792424.385,1788791938.6,78.66178866666668,16.923364499999998,True,1,1,2026-09-07 14:38:58.599999905+00:00,15.17666666507721
1788792424.584,1788791938.8,78.66178883333333,16.923364833333334,True,1,1,2026-09-07 14:38:58.799999952+00:00,15.179983333746593
1788792424.784,1788791939.0,78.66178916666667,16.923365166666667,True,1,1,2026-09-07 14:38:59+00:00,15.183316663901012
1788792424.985,1788791939.2,78.66178933333335,16.923365666666665,True,1,1,2026-09-07 14:38:59.200000048+00:00,15.186666663487753
1788792425.185,1788791939.4,78.6617895,16.923366166666664,True,1,1,2026-09-07 14:38:59.400000095+00:00,15.189999997615814
1788792425.384,1788791939.6,78.66178966666666,16.9233665,True,1,1,2026-09-07 14:38:59.599999905+00:00,15.193316666285197
1788792425.585,1788791939.8,78.66179000000001,16.923367,True,1,1,2026-09-07 14:38:59.799999952+00:00,15.196666665871938
1788792425.784,1788791940.0,78.66179016666666,16.923367499999998,True,1,1,2026-09-07 14:39:00+00:00,15.199983330567678
1788792425.988,1788791940.2,78.66179050000001,16.923367833333334,True,1,1,2026-09-07 14:39:00.200000048+00:00,15.2033833305041
1788792426.183,1788791940.4,78.66179066666668,16.923368166666666,True,1,1,2026-09-07 14:39:00.400000095+00:00,15.206633333365122
1788792426.383,1788791940.6,78.66179083333333,16.923368666666665,True,1,1,2026-09-07 14:39:00.599999905+00:00,15.209966663519541
1788792426.584,1788791940.8,78.66179116666667,16.923368999999997,True,1,1,2026-09-07 14:39:00.799999952+00:00,15.213316667079926
1788792426.78,1788791941.0,78.66179133333334,16.9233695,True,1,1,2026-09-07 14:39:01+00:00,15.216583331425985
1788792426.981,1788791941.2,78.66179149999999,16.923369833333332,True,1,1,2026-09-07 14:39:01.200000048+00:00,15.219933331012726
1788792427.185,1788791941.4,78.66179183333334,16.92337033333333,True,1,1,2026-09-07 14:39:01.400000095+00:00,15.223333330949147
1788792427.384,1788791941.6,78.661792,16.923370666666663,True,1,1,2026-09-07 14:39:01.599999905+00:00,15.22664999961853
1788792427.59,1788791941.8,78.66179233333334,16.923371,True,1,1,2026-09-07 14:39:01.799999952+00:00,15.23008333047231
1788792427.784,1788791942.0,78.6617925,16.923371333333332,True,1,1,2026-09-07 14:39:02+00:00,15.233316663901011
1788792427.984,1788791942.2,78.66179283333332,16.923371666666664,True,1,1,2026-09-07 14:39:02.200000048+00:00,15.236649998029073
1788792428.183,1788791942.4,78.661793,16.923372166666663,True,1,1,2026-09-07 14:39:02.400000095+00:00,15.239966666698455
1788792428.385,1788791942.6,78.66179316666667,16.923372333333337,True,1,1,2026-09-07 14:39:02.599999905+00:00,15.243333331743877
1788792428.584,1788791942.8,78.66179333333334,16.923372833333335,True,1,1,2026-09-07 14:39:02.799999952+00:00,15.24665000041326
1788792428.785,1788791943.0,78.66179366666667,16.923373166666668,True,1,1,2026-09-07 14:39:03+00:00,15.25
1788792428.986,1788791943.2,78.66179383333333,16.9233735,True,1,1,2026-09-07 14:39:03.200000048+00:00,15.25334999958674
1788792429.184,1788791943.4,78.661794,16.923373833333336,True,1,1,2026-09-07 14:39:03.400000095+00:00,15.256649998823802
1788792429.384,1788791943.6,78.66179433333333,16.923374333333335,True,1,1,2026-09-07 14:39:03.599999905+00:00,15.259983332951863
1788792429.581,1788791943.8,78.6617945,16.9233745,True,1,1,2026-09-07 14:39:03.799999952+00:00,15.263266666730244
1788792429.784,1788791944.0,78.66179466666668,16.923374833333334,True,1,1,2026-09-07 14:39:04+00:00,15.266649997234344
1788792429.984,1788791944.2,78.661795,16.923375,True,1,1,2026-09-07 14:39:04.200000048+00:00,15.269983331362406
1788792430.183,1788791944.4,78.66179516666666,16.923375500000002,True,1,1,2026-09-07 14:39:04.400000095+00:00,15.273300000031789
1788792430.384,1788791944.6,78.66179533333334,16.92337566666667,True,1,1,2026-09-07 14:39:04.599999905+00:00,15.276649999618531
1788792430.585,1788791944.8,78.6617955,16.923376,True,1,1,2026-09-07 14:39:04.799999952+00:00,15.279999999205272
1788792430.785,1788791945.0,78.66179566666666,16.923376333333334,True,1,1,2026-09-07 14:39:05+00:00,15.283333333333333
1788792430.981,1788791945.2,78.66179583333333,16.9233765,True,1,1,2026-09-07 14:39:05.200000048+00:00,15.286599997679392
1788792431.182,1788791945.4,78.66179616666666,16.923376666666666,True,1,1,2026-09-07 14:39:05.400000095+00:00,15.289949997266133
1788792431.383,1788791945.6,78.66179633333333,16.923377000000002,True,1,1,2026-09-07 14:39:05.599999905+00:00,15.293299996852875
1788792431.582,1788791945.8,78.66179650000001,16.923377333333335,True,1,1,2026-09-07 14:39:05.799999952+00:00,15.296616665522258
1788792431.782,1788791946.0,78.66179666666667,16.9233775,True,1,1,2026-09-07 14:39:06+00:00,15.29994999965032
1788792431.984,1788791946.2,78.66179683333333,16.923377833333333,True,1,1,2026-09-07 14:39:06.200000048+00:00,15.303316664695739
1788792432.184,1788791946.4,78.66179699999999,16.923378,True,1,1,2026-09-07 14:39:06.400000095+00:00,15.306649998823803
1788792432.382,1788791946.6,78.66179716666667,16.923378166666666,True,1,1,2026-09-07 14:39:06.599999905+00:00,15.309949998060862
1788792432.584,1788791946.8,78.66179733333334,16.923378333333336,True,1,1,2026-09-07 14:39:06.799999952+00:00,15.313316667079926
1788792432.782,1788791947.0,78.66179749999999,16.923378500000002,True,1,1,2026-09-07 14:39:07+00:00,15.316616666316985
1788792432.983,1788791947.2,78.66179766666667,16.923378666666668,True,1,1,2026-09-07 14:39:07.200000048+00:00,15.319966665903728
1788792433.183,1788791947.4,78.66179783333334,16.923378833333334,True,1,1,2026-09-07 14:39:07.400000095+00:00,15.32330000003179
1788792433.384,1788791947.6,78.661798,16.923378833333334,True,1,1,2026-09-07 14:39:07.599999905+00:00,15.32664999961853
1788792433.583,1788791947.8,78.66179816666666,16.923379166666667,True,1,1,2026-09-07 14:39:07.799999952+00:00,15.32996666431427
1788792433.782,1788791948.0,78.66179833333334,16.923379333333333,True,1,1,2026-09-07 14:39:08+00:00,15.333283332983653
1788792433.983,1788791948.2,78.6617985,16.9233795,True,1,1,2026-09-07 14:39:08.200000048+00:00,15.336633332570393
1788792434.184,1788791948.4,78.66179866666667,16.923379666666666,True,1,1,2026-09-07 14:39:08.400000095+00:00,15.339983332157136
1788792434.384,1788791948.6,78.66179883333332,16.923379666666666,True,1,1,2026-09-07 14:39:08.599999905+00:00,15.343316666285197
1788792434.585,1788791948.8,78.66179883333332,16.923379833333335,True,1,1,2026-09-07 14:39:08.799999952+00:00,15.346666665871938
1788792434.784,1788791949.0,78.661799,16.923379833333335,True,1,1,2026-09-07 14:39:09+00:00,15.349983330567678
1788792434.985,1788791949.2,78.66179916666667,16.923380166666668,True,1,1,2026-09-07 14:39:09.200000048+00:00,15.353333330154419
1788792435.18,1788791949.4,78.66179933333333,16.923380333333334,True,1,1,2026-09-07 14:39:09.400000095+00:00,15.356583333015442
1788792435.383,1788791949.6,78.6617995,16.923380333333334,True,1,1,2026-09-07 14:39:09.599999905+00:00,15.359966663519542
1788792435.584,1788791949.8,78.66179966666667,16.923380666666667,True,1,1,2026-09-07 14:39:09.799999952+00:00,15.363316667079925
1788792435.785,1788791950.0,78.66179983333333,16.923380666666667,True,1,1,2026-09-07 14:39:10+00:00,15.366666666666667
1788792435.986,1788791950.2,78.6618,16.923380666666667,True,1,1,2026-09-07 14:39:10.200000048+00:00,15.370016666253408
1788792436.185,1788791950.4,78.66180016666667,16.923380833333333,True,1,1,2026-09-07 14:39:10.400000095+00:00,15.373333330949148
1788792436.383,1788791950.6,78.66180033333333,16.923381,True,1,1,2026-09-07 14:39:10.599999905+00:00,15.376633330186207
1788792436.585,1788791950.8,78.6618005,16.923381166666665,True,1,1,2026-09-07 14:39:10.799999952+00:00,15.379999999205271
1788792436.784,1788791951.0,78.6618005,16.923381333333335,True,1,1,2026-09-07 14:39:11+00:00,15.383316663901011
1788792436.988,1788791951.2,78.66180066666668,16.9233815,True,1,1,2026-09-07 14:39:11.200000048+00:00,15.386716663837433
1788792437.181,1788791951.4,78.66180083333333,16.923381666666668,True,1,1,2026-09-07 14:39:11.400000095+00:00,15.389933331807454
1788792437.382,1788791951.6,78.661801,16.923381666666668,True,1,1,2026-09-07 14:39:11.599999905+00:00,15.393283331394196
1788792437.584,1788791951.8,78.66180116666666,16.923381833333334,True,1,1,2026-09-07 14:39:11.799999952+00:00,15.396650000413258
1788792437.783,1788791952.0,78.66180116666666,16.923382,True,1,1,2026-09-07 14:39:12+00:00,15.399966665108998
1788792437.981,1788791952.2,78.66180133333334,16.923382,True,1,1,2026-09-07 14:39:12.200000048+00:00,15.40326666434606
1788792438.183,1788791952.4,78.6618015,16.923382166666666,True,1,1,2026-09-07 14:39:12.400000095+00:00,15.406633333365123
1788792438.384,1788791952.6,78.66180166666666,16.923382166666666,True,1,1,2026-09-07 14:39:12.599999905+00:00,15.409983332951864
1788792438.583,1788791952.8,78.66180166666666,16.923382333333333,True,1,1,2026-09-07 14:39:12.799999952+00:00,15.413299997647604
1788792438.784,1788791953.0,78.66180183333333,16.923382333333333,True,1,1,2026-09-07 14:39:13+00:00,15.416649997234344
1788792438.985,1788791953.2,78.66180200000001,16.9233825,True,1,1,2026-09-07 14:39:13.200000048+00:00,15.419999996821085
1788792439.185,1788791953.4,78.66180200000001,16.9233825,True,1,1,2026-09-07 14:39:13.400000095+00:00,15.423333330949147
1788792439.385,1788791953.6,78.66180216666666,16.9233825,True,1,1,2026-09-07 14:39:13.599999905+00:00,15.42666666507721
1788792439.583,1788791953.8,78.66180233333333,16.9233825,True,1,1,2026-09-07 14:39:13.799999952+00:00,15.42996666431427
1788792439.783,1788791954.0,78.66180233333333,16.9233825,True,1,1,2026-09-07 14:39:14+00:00,15.433299998442331
1788792439.986,1788791954.2,78.66180250000001,16.9233825,True,1,1,2026-09-07 14:39:14.200000048+00:00,15.436683332920074
1788792440.184,1788791954.4,78.66180250000001,16.9233825,True,1,1,2026-09-07 14:39:14.400000095+00:00,15.439983332157135
1788792440.385,1788791954.6,78.66180266666667,16.923382833333335,True,1,1,2026-09-07 14:39:14.599999905+00:00,15.443333331743876
1788792440.582,1788791954.8,78.66180283333333,16.923382833333335,True,1,1,2026-09-07 14:39:14.799999952+00:00,15.446616665522258
1788792440.787,1788791955.0,78.66180283333333,16.923383,True,1,1,2026-09-07 14:39:15+00:00,15.450033330917359
1788792440.984,1788791955.2,78.66180299999999,16.923382833333335,True,1,1,2026-09-07 14:39:15.200000048+00:00,15.45331666469574
1788792441.183,1788791955.4,78.66180316666667,16.923383,True,1,1,2026-09-07 14:39:15.400000095+00:00,15.456633333365122
1788792441.382,1788791955.6,78.66180316666667,16.923383166666667,True,1,1,2026-09-07 14:39:15.599999905+00:00,15.459949998060862
1788792441.582,1788791955.8,78.66180316666667,16.923383333333334,True,1,1,2026-09-07 14:39:15.799999952+00:00,15.463283332188924
1788792441.784,1788791956.0,78.66180333333334,16.923383333333334,True,1,1,2026-09-07 14:39:16+00:00,15.466649997234345
1788792441.983,1788791956.2,78.66180349999999,16.9233835,True,1,1,2026-09-07 14:39:16.200000048+00:00,15.469966665903728
1788792442.184,1788791956.4,78.66180349999999,16.923383333333334,True,1,1,2026-09-07 14:39:16.400000095+00:00,15.473316665490469
1788792442.384,1788791956.6,78.66180366666667,16.923383666666666,True,1,1,2026-09-07 14:39:16.599999905+00:00,15.47664999961853
1788792442.585,1788791956.8,78.66180366666667,16.923384,True,1,1,2026-09-07 14:39:16.799999952+00:00,15.47999999920527
1788792442.784,1788791957.0,78.66180383333334,16.923384333333335,True,1,1,2026-09-07 14:39:17+00:00,15.483316663901011
1788792442.984,1788791957.2,78.66180383333334,16.923384333333335,True,1,1,2026-09-07 14:39:17.200000048+00:00,15.486649998029073
1788792443.184,1788791957.4,78.66180383333334,16.923384166666665,True,1,1,2026-09-07 14:39:17.400000095+00:00,15.489983332157134
1788792443.382,1788791957.6,78.661804,16.923384166666665,True,1,1,2026-09-07 14:39:17.599999905+00:00,15.493283331394196
1788792443.586,1788791957.8,78.661804,16.923384166666665,True,1,1,2026-09-07 14:39:17.799999952+00:00,15.496683331330617
1788792443.786,1788791958.0,78.661804,16.923384166666665,True,1,1,2026-09-07 14:39:18+00:00,15.500016665458679
1788792443.986,1788791958.2,78.661804,16.923384166666665,True,1,1,2026-09-07 14:39:18.200000048+00:00,15.50334999958674
1788792444.185,1788791958.4,78.661804,16.923384,True,1,1,2026-09-07 14:39:18.400000095+00:00,15.50666666428248
1788792444.385,1788791958.6,78.661804,16.923383833333332,True,1,1,2026-09-07 14:39:18.599999905+00:00,15.509999998410542
1788792444.584,1788791958.8,78.66180416666666,16.923383666666666,True,1,1,2026-09-07 14:39:18.799999952+00:00,15.513316667079925
1788792444.782,1788791959.0,78.66180416666666,16.9233835,True,1,1,2026-09-07 14:39:19+00:00,15.516616666316986
1788792444.985,1788791959.2,78.66180416666666,16.923383333333334,True,1,1,2026-09-07 14:39:19.200000048+00:00,15.519999996821086
1788792445.184,1788791959.4,78.66180416666666,16.923383333333334,True,1,1,2026-09-07 14:39:19.400000095+00:00,15.523316665490468
1788792445.384,1788791959.6,78.66180416666666,16.923383,True,1,1,2026-09-07 14:39:19.599999905+00:00,15.526649999618531
1788792445.583,1788791959.8,78.66180433333334,16.923382666666665,True,1,1,2026-09-07 14:39:19.799999952+00:00,15.52996666431427
1788792445.784,1788791960.0,78.66180433333334,16.923382666666665,True,1,1,2026-09-07 14:39:20+00:00,15.533316663901012
1788792445.985,1788791960.2,78.66180433333334,16.9233825,True,1,1,2026-09-07 14:39:20.200000048+00:00,15.536666663487752
1788792446.182,1788791960.4,78.66180433333334,16.923382333333333,True,1,1,2026-09-07 14:39:20.400000095+00:00,15.539949997266133
1788792446.384,1788791960.6,78.6618045,16.923382166666666,True,1,1,2026-09-07 14:39:20.599999905+00:00,15.543316666285197
1788792446.585,1788791960.8,78.6618045,16.923382,True,1,1,2026-09-07 14:39:20.799999952+00:00,15.546666665871937
1788792446.783,1788791961.0,78.6618045,16.923381833333334,True,1,1,2026-09-07 14:39:21+00:00,15.549966665108998
1788792446.985,1788791961.2,78.66180466666667,16.9233815,True,1,1,2026-09-07 14:39:21.200000048+00:00,15.55333333015442
1788792447.182,1788791961.4,78.66180466666667,16.923381333333335,True,1,1,2026-09-07 14:39:21.400000095+00:00,15.5566166639328
1788792447.383,1788791961.6,78.66180466666667,16.923381333333335,True,1,1,2026-09-07 14:39:21.599999905+00:00,15.55996666351954
1788792447.582,1788791961.8,78.66180466666667,16.923381166666665,True,1,1,2026-09-07 14:39:21.799999952+00:00,15.563283332188924
1788792447.782,1788791962.0,78.66180483333332,16.923381,True,1,1,2026-09-07 14:39:22+00:00,15.566616666316985
1788792447.984,1788791962.2,78.66180483333332,16.9233805,True,1,1,2026-09-07 14:39:22.200000048+00:00,15.569983331362407
1788792448.184,1788791962.4,78.661805,16.923380333333334,True,1,1,2026-09-07 14:39:22.400000095+00:00,15.573316665490468
1788792448.385,1788791962.6,78.661805,16.92338,True,1,1,2026-09-07 14:39:22.599999905+00:00,15.576666665077209
1788792448.585,1788791962.8,78.661805,16.923379833333335,True,1,1,2026-09-07 14:39:22.799999952+00:00,15.579999999205272
1788792448.782,1788791963.0,78.66180516666667,16.923379333333333,True,1,1,2026-09-07 14:39:23+00:00,15.583283332983653
1788792448.98,1788791963.2,78.66180516666667,16.923379166666667,True,1,1,2026-09-07 14:39:23.200000048+00:00,15.586583332220714
1788792449.184,1788791963.4,78.66180533333333,16.923378833333334,True,1,1,2026-09-07 14:39:23.400000095+00:00,15.589983332157136
1788792449.386,1788791963.6,78.66180533333333,16.923378500000002,True,1,1,2026-09-07 14:39:23.599999905+00:00,15.593349997202555
1788792449.584,1788791963.8,78.66180533333333,16.923378166666666,True,1,1,2026-09-07 14:39:23.799999952+00:00,15.596650000413259
1788792449.784,1788791964.0,78.6618055,16.923378,True,1,1,2026-09-07 14:39:24+00:00,15.599983330567678
1788792449.985,1788791964.2,78.6618055,16.923377666666667,True,1,1,2026-09-07 14:39:24.200000048+00:00,15.603333330154419
1788792450.183,1788791964.4,78.66180566666667,16.923377333333335,True,1,1,2026-09-07 14:39:24.400000095+00:00,15.606633333365123
1788792450.384,1788791964.6,78.66180566666667,16.923377000000002,True,1,1,2026-09-07 14:39:24.599999905+00:00,15.609983332951863
1788792450.586,1788791964.8,78.66180566666667,16.923376666666666,True,1,1,2026-09-07 14:39:24.799999952+00:00,15.613349997997284
1788792450.785,1788791965.0,78.66180583333333,16.923376333333334,True,1,1,2026-09-07 14:39:25+00:00,15.616666666666667
1788792450.987,1788791965.2,78.66180583333333,16.923376,True,1,1,2026-09-07 14:39:25.200000048+00:00,15.620033331712087
1788792451.185,1788791965.4,78.661806,16.923375500000002,True,1,1,2026-09-07 14:39:25.400000095+00:00,15.623333330949148
1788792451.381,1788791965.6,78.661806,16.923375166666666,True,1,1,2026-09-07 14:39:25.599999905+00:00,15.62659999926885
1788792451.581,1788791965.8,78.66180616666666,16.923374833333334,True,1,1,2026-09-07 14:39:25.799999952+00:00,15.629933333396911
1788792451.78,1788791966.0,78.66180616666666,16.9233745,True,1,1,2026-09-07 14:39:26+00:00,15.633249998092651
1788792451.983,1788791966.2,78.66180633333333,16.92337416666667,True,1,1,2026-09-07 14:39:26.200000048+00:00,15.636633332570394
1788792452.182,1788791966.4,78.66180633333333,16.923373833333336,True,1,1,2026-09-07 14:39:26.400000095+00:00,15.639949997266134
1788792452.382,1788791966.6,78.6618065,16.923373666666667,True,1,1,2026-09-07 14:39:26.599999905+00:00,15.643283331394196
1788792452.583,1788791966.8,78.6618065,16.923373166666668,True,1,1,2026-09-07 14:39:26.799999952+00:00,15.646633330980936
1788792452.785,1788791967.0,78.66180666666668,16.923373,True,1,1,2026-09-07 14:39:27+00:00,15.65
1788792452.984,1788791967.2,78.66180666666668,16.92337266666667,True,1,1,2026-09-07 14:39:27.200000048+00:00,15.65331666469574
1788792453.184,1788791967.4,78.66180683333333,16.923372500000003,True,1,1,2026-09-07 14:39:27.400000095+00:00,15.656649998823802
1788792453.383,1788791967.6,78.66180683333333,16.923372166666663,True,1,1,2026-09-07 14:39:27.599999905+00:00,15.659966663519542
1788792453.582,1788791967.8,78.661807,16.92337183333333,True,1,1,2026-09-07 14:39:27.799999952+00:00,15.663283332188923
1788792453.783,1788791968.0,78.66180716666666,16.9233715,True,1,1,2026-09-07 14:39:28+00:00,15.666633331775666
1788792453.985,1788791968.2,78.66180716666666,16.923371166666666,True,1,1,2026-09-07 14:39:28.200000048+00:00,15.669999996821085
1788792454.184,1788791968.4,78.66180716666666,16.923371,True,1,1,2026-09-07 14:39:28.400000095+00:00,15.673316665490468
1788792454.381,1788791968.6,78.66180733333334,16.923370666666663,True,1,1,2026-09-07 14:39:28.599999905+00:00,15.67659999926885
1788792454.584,1788791968.8,78.6618075,16.92337033333333,True,1,1,2026-09-07 14:39:28.799999952+00:00,15.679983333746593
1788792454.789,1788791969.0,78.6618075,16.92337,True,1,1,2026-09-07 14:39:29+00:00,15.683399999141693
1788792454.986,1788791969.2,78.66180766666666,16.923369666666666,True,1,1,2026-09-07 14:39:29.200000048+00:00,15.686683332920074
1788792455.184,1788791969.4,78.66180766666666,16.9233695,True,1,1,2026-09-07 14:39:29.400000095+00:00,15.689983332157135
1788792455.385,1788791969.6,78.66180783333333,16.923369333333333,True,1,1,2026-09-07 14:39:29.599999905+00:00,15.693333331743876
1788792455.584,1788791969.8,78.66180783333333,16.923368999999997,True,1,1,2026-09-07 14:39:29.799999952+00:00,15.696650000413259
1788792455.784,1788791970.0,78.66180800000001,16.9233685,True,1,1,2026-09-07 14:39:30+00:00,15.699983330567678
1788792455.985,1788791970.2,78.66180800000001,16.923368333333332,True,1,1,2026-09-07 14:39:30.200000048+00:00,15.703333330154418
1788792456.184,1788791970.4,78.66180816666666,16.923368,True,1,1,2026-09-07 14:39:30.400000095+00:00,15.706649998823801
1788792456.384,1788791970.6,78.66180816666666,16.923367666666664,True,1,1,2026-09-07 14:39:30.599999905+00:00,15.709983332951863
1788792456.585,1788791970.8,78.66180833333333,16.923367499999998,True,1,1,2026-09-07 14:39:30.799999952+00:00,15.713333332538605
1788792456.784,1788791971.0,78.66180833333333,16.92336733333333,True,1,1,2026-09-07 14:39:31+00:00,15.716649997234345
1788792456.984,1788791971.2,78.66180833333333,16.92336733333333,True,1,1,2026-09-07 14:39:31.200000048+00:00,15.719983331362407
1788792457.182,1788791971.4,78.66180833333333,16.923367499999998,True,1,1,2026-09-07 14:39:31.400000095+00:00,15.723283330599466
1788792457.383,1788791971.6,78.66180833333333,16.923367666666664,True,1,1,2026-09-07 14:39:31.599999905+00:00,15.726633330186209
1788792457.583,1788791971.8,78.66180833333333,16.923367833333334,True,1,1,2026-09-07 14:39:31.799999952+00:00,15.72996666431427
1788792457.785,1788791972.0,78.66180833333333,16.923368,True,1,1,2026-09-07 14:39:32+00:00,15.733333333333333
1788792457.983,1788791972.2,78.66180833333333,16.9233685,True,1,1,2026-09-07 14:39:32.200000048+00:00,15.736633332570394
1788792458.184,1788791972.4,78.66180833333333,16.923368666666665,True,1,1,2026-09-07 14:39:32.400000095+00:00,15.739983332157134
1788792458.386,1788791972.6,78.66180816666666,16.92336883333333,True,1,1,2026-09-07 14:39:32.599999905+00:00,15.743349997202555
1788792458.584,1788791972.8,78.66180816666666,16.92336883333333,True,1,1,2026-09-07 14:39:32.799999952+00:00,15.74665000041326
1788792458.784,1788791973.0,78.66180816666666,16.92336883333333,True,1,1,2026-09-07 14:39:33+00:00,15.749983330567678
1788792458.985,1788791973.2,78.66180800000001,16.923368666666665,True,1,1,2026-09-07 14:39:33.200000048+00:00,15.753333330154419
1788792459.184,1788791973.4,78.66180800000001,16.923368666666665,True,1,1,2026-09-07 14:39:33.400000095+00:00,15.756649998823802
1788792459.384,1788791973.6,78.66180783333333,16.923368666666665,True,1,1,2026-09-07 14:39:33.599999905+00:00,15.759983332951863
1788792459.583,1788791973.8,78.66180766666666,16.9233685,True,1,1,2026-09-07 14:39:33.799999952+00:00,15.763299997647604
1788792459.785,1788791974.0,78.6618075,16.923368166666666,True,1,1,2026-09-07 14:39:34+00:00,15.766666666666667
1788792459.981,1788791974.2,78.6618075,16.923367666666664,True,1,1,2026-09-07 14:39:34.200000048+00:00,15.769933331012727
1788792460.184,1788791974.4,78.66180733333334,16.923367499999998,True,1,1,2026-09-07 14:39:34.400000095+00:00,15.773316665490468
1788792460.384,1788791974.6,78.66180716666666,16.92336733333333,True,1,1,2026-09-07 14:39:34.599999905+00:00,15.776649999618531
1788792460.583,1788791974.8,78.661807,16.923367,True,1,1,2026-09-07 14:39:34.799999952+00:00,15.77996666431427
1788792460.784,1788791975.0,78.66180683333333,16.923366333333334,True,1,1,2026-09-07 14:39:35+00:00,15.783316663901012
1788792460.986,1788791975.2,78.66180666666668,16.923365999999998,True,1,1,2026-09-07 14:39:35.200000048+00:00,15.786683332920074
1788792461.183,1788791975.4,78.6618065,16.923365666666665,True,1,1,2026-09-07 14:39:35.400000095+00:00,15.789966666698456
1788792461.38,1788791975.6,78.66180633333333,16.9233655,True,1,1,2026-09-07 14:39:35.599999905+00:00,15.793250000476837
1788792461.58,1788791975.8,78.66180616666666,16.923365333333333,True,1,1,2026-09-07 14:39:35.799999952+00:00,15.796583330631256
1788792461.782,1788791976.0,78.661806,16.923365166666667,True,1,1,2026-09-07 14:39:36+00:00,15.79994999965032
1788792461.982,1788791976.2,78.66180583333333,16.923364833333334,True,1,1,2026-09-07 14:39:36.200000048+00:00,15.803283333778381
1788792462.183,1788791976.4,78.66180566666667,16.923364666666664,True,1,1,2026-09-07 14:39:36.400000095+00:00,15.806633333365122
1788792462.383,1788791976.6,78.6618055,16.923364499999998,True,1,1,2026-09-07 14:39:36.599999905+00:00,15.80996666351954
1788792462.583,1788791976.8,78.6618055,16.923364166666666,True,1,1,2026-09-07 14:39:36.799999952+00:00,15.813299997647603
1788792462.781,1788791977.0,78.66180533333333,16.923363833333333,True,1,1,2026-09-07 14:39:37+00:00,15.816599996884664
1788792462.985,1788791977.2,78.66180516666667,16.923364,True,1,1,2026-09-07 14:39:37.200000048+00:00,15.819999996821085
1788792463.184,1788791977.4,78.66180483333332,16.923365,True,1,1,2026-09-07 14:39:37.400000095+00:00,15.823316665490468
1788792463.385,1788791977.6,78.66180483333332,16.92336583333333,True,1,1,2026-09-07 14:39:37.599999905+00:00,15.826666665077209
1788792463.584,1788791977.8,78.66180466666667,16.9233665,True,1,1,2026-09-07 14:39:37.799999952+00:00,15.829983333746592
1788792463.784,1788791978.0,78.6618045,16.923366666666666,True,1,1,2026-09-07 14:39:38+00:00,15.83331666390101
1788792463.983,1788791978.2,78.6618045,16.923367499999998,True,1,1,2026-09-07 14:39:38.200000048+00:00,15.836633332570393
1788792464.183,1788791978.4,78.6618045,16.923368166666666,True,1,1,2026-09-07 14:39:38.400000095+00:00,15.839966666698455
1788792464.383,1788791978.6,78.6618045,16.923368666666665,True,1,1,2026-09-07 14:39:38.599999905+00:00,15.843299996852874
1788792464.584,1788791978.8,78.6618045,16.92336883333333,True,1,1,2026-09-07 14:39:38.799999952+00:00,15.846650000413259
1788792464.785,1788791979.0,78.6618045,16.923368999999997,True,1,1,2026-09-07 14:39:39+00:00,15.85
1788792464.984,1788791979.2,78.6618045,16.92336883333333,True,1,1,2026-09-07 14:39:39.200000048+00:00,15.85331666469574
1788792465.183,1788791979.4,78.66180433333334,16.923368333333332,True,1,1,2026-09-07 14:39:39.400000095+00:00,15.856633333365123
1788792465.382,1788791979.6,78.66180433333334,16.92336733333333,True,1,1,2026-09-07 14:39:39.599999905+00:00,15.859949998060863
1788792465.582,1788791979.8,78.66180416666666,16.923366666666666,True,1,1,2026-09-07 14:39:39.799999952+00:00,15.863283332188924
1788792465.784,1788791980.0,78.661804,16.923366166666664,True,1,1,2026-09-07 14:39:40+00:00,15.866649997234344
1788792465.983,1788791980.2,78.66180383333334,16.923365333333333,True,1,1,2026-09-07 14:39:40.200000048+00:00,15.869966665903727
1788792466.184,1788791980.4,78.66180366666667,16.923364166666666,True,1,1,2026-09-07 14:39:40.400000095+00:00,15.873316665490469
1788792466.383,1788791980.6,78.66180366666667,16.923363166666665,True,1,1,2026-09-07 14:39:40.599999905+00:00,15.876633330186207
1788792466.583,1788791980.8,78.66180366666667,16.923362,True,1,1,2026-09-07 14:39:40.799999952+00:00,15.87996666431427
1788792466.784,1788791981.0,78.66180333333334,16.9233605,True,1,1,2026-09-07 14:39:41+00:00,15.883316663901011
1788792466.984,1788791981.2,78.66180316666667,16.923358833333335,True,1,1,2026-09-07 14:39:41.200000048+00:00,15.886649998029073
1788792467.189,1788791981.4,78.66180299999999,16.923357333333335,True,1,1,2026-09-07 14:39:41.400000095+00:00,15.890066663424173
1788792467.382,1788791981.6,78.66180283333333,16.923355666666666,True,1,1,2026-09-07 14:39:41.599999905+00:00,15.893283331394196
1788792467.582,1788791981.8,78.66180266666667,16.923354500000002,True,1,1,2026-09-07 14:39:41.799999952+00:00,15.896616665522258
1788792467.784,1788791982.0,78.66180283333333,16.92335316666667,True,1,1,2026-09-07 14:39:42+00:00,15.899983330567677
1788792467.985,1788791982.2,78.66180299999999,16.923352333333334,True,1,1,2026-09-07 14:39:42.200000048+00:00,15.90333333015442
1788792468.181,1788791982.4,78.66180316666667,16.923351833333335,True,1,1,2026-09-07 14:39:42.400000095+00:00,15.906599998474121
1788792468.384,1788791982.6,78.66180316666667,16.923351500000003,True,1,1,2026-09-07 14:39:42.599999905+00:00,15.909983332951864
1788792468.584,1788791982.8,78.66180316666667,16.923351,True,1,1,2026-09-07 14:39:42.799999952+00:00,15.913316667079926
1788792468.784,1788791983.0,78.66180316666667,16.9233505,True,1,1,2026-09-07 14:39:43+00:00,15.916649997234344
1788792468.984,1788791983.2,78.66180333333334,16.923350000000003,True,1,1,2026-09-07 14:39:43.200000048+00:00,15.919983331362406
1788792469.185,1788791983.4,78.66180333333334,16.923349666666663,True,1,1,2026-09-07 14:39:43.400000095+00:00,15.923333330949147
1788792469.385,1788791983.6,78.66180333333334,16.92334933333333,True,1,1,2026-09-07 14:39:43.599999905+00:00,15.92666666507721
1788792469.582,1788791983.8,78.66180333333334,16.923348833333332,True,1,1,2026-09-07 14:39:43.799999952+00:00,15.92994999885559
1788792469.784,1788791984.0,78.66180333333334,16.9233485,True,1,1,2026-09-07 14:39:44+00:00,15.933316663901012
1788792469.985,1788791984.2,78.66180333333334,16.923347999999997,True,1,1,2026-09-07 14:39:44.200000048+00:00,15.936666663487753
1788792470.185,1788791984.4,78.66180333333334,16.923347999999997,True,1,1,2026-09-07 14:39:44.400000095+00:00,15.939999997615814
1788792470.384,1788791984.6,78.66180333333334,16.92334783333333,True,1,1,2026-09-07 14:39:44.599999905+00:00,15.943316666285197
1788792470.584,1788791984.8,78.66180333333334,16.92334783333333,True,1,1,2026-09-07 14:39:44.799999952+00:00,15.946650000413259
1788792470.784,1788791985.0,78.66180333333334,16.92334783333333,True,1,1,2026-09-07 14:39:45+00:00,15.949983330567678
1788792470.981,1788791985.2,78.66180349999999,16.9233475,True,1,1,2026-09-07 14:39:45.200000048+00:00,15.953266664346058
1788792471.185,1788791985.4,78.66180349999999,16.923347333333332,True,1,1,2026-09-07 14:39:45.400000095+00:00,15.956666664282482
1788792471.385,1788791985.6,78.66180349999999,16.923347166666666,True,1,1,2026-09-07 14:39:45.599999905+00:00,15.959999998410543
1788792471.582,1788791985.8,78.66180349999999,16.923347,True,1,1,2026-09-07 14:39:45.799999952+00:00,15.963283332188924
1788792471.783,1788791986.0,78.66180349999999,16.923347,True,1,1,2026-09-07 14:39:46+00:00,15.966633331775665
1788792471.983,1788791986.2,78.66180349999999,16.923346666666664,True,1,1,2026-09-07 14:39:46.200000048+00:00,15.969966665903728
1788792472.183,1788791986.4,78.66180333333334,16.923346166666665,True,1,1,2026-09-07 14:39:46.400000095+00:00,15.97330000003179
1788792472.382,1788791986.6,78.66180333333334,16.923345666666666,True,1,1,2026-09-07 14:39:46.599999905+00:00,15.976616664727528
1788792472.585,1788791986.8,78.66180333333334,16.92334483333333,True,1,1,2026-09-07 14:39:46.799999952+00:00,15.97999999920527
1788792472.785,1788791987.0,78.66180333333334,16.923344,True,1,1,2026-09-07 14:39:47+00:00,15.983333333333333
1788792472.984,1788791987.2,78.66180333333334,16.923343166666665,True,1,1,2026-09-07 14:39:47.200000048+00:00,15.986649998029073
1788792473.184,1788791987.4,78.66180333333334,16.923341833333332,True,1,1,2026-09-07 14:39:47.400000095+00:00,15.989983332157134
1788792473.384,1788791987.6,78.66180316666667,16.923340833333334,True,1,1,2026-09-07 14:39:47.599999905+00:00,15.993316666285198
1788792473.585,1788791987.8,78.66180316666667,16.9233395,True,1,1,2026-09-07 14:39:47.799999952+00:00,15.996666665871938
1788792473.782,1788791988.0,78.66180333333334,16.923338,True,1,1,2026-09-07 14:39:48+00:00,15.999949999650319
1788792473.992,1788791988.2,78.66180333333334,16.9233365,True,1,1,2026-09-07 14:39:48.200000048+00:00,16.0034500002861
1788792474.186,1788791988.4,78.66180366666667,16.923334166666667,True,1,1,2026-09-07 14:39:48.400000095+00:00,16.006683333714804
1788792474.385,1788791988.6,78.66180383333334,16.9233325,True,1,1,2026-09-07 14:39:48.599999905+00:00,16.009999998410542
1788792474.584,1788791988.8,78.661804,16.92333,True,1,1,2026-09-07 14:39:48.799999952+00:00,16.013316667079927
1788792474.784,1788791989.0,78.661804,16.923328833333336,True,1,1,2026-09-07 14:39:49+00:00,16.016649997234346
1788792474.986,1788791989.2,78.661804,16.923327833333335,True,1,1,2026-09-07 14:39:49.200000048+00:00,16.020016666253408
1788792475.182,1788791989.4,78.66180383333334,16.923326666666664,True,1,1,2026-09-07 14:39:49.400000095+00:00,16.023283330599465
1788792475.384,1788791989.6,78.66180383333334,16.923325666666663,True,1,1,2026-09-07 14:39:49.599999905+00:00,16.02664999961853
1788792475.583,1788791989.8,78.66180383333334,16.923324666666666,True,1,1,2026-09-07 14:39:49.799999952+00:00,16.02996666431427
1788792475.784,1788791990.0,78.66180383333334,16.923323666666665,True,1,1,2026-09-07 14:39:50+00:00,16.03331666390101
1788792475.985,1788791990.2,78.66180383333334,16.923322666666664,True,1,1,2026-09-07 14:39:50.200000048+00:00,16.036666663487754
1788792476.183,1788791990.4,78.66180383333334,16.9233215,True,1,1,2026-09-07 14:39:50.400000095+00:00,16.039966666698454
1788792476.383,1788791990.6,78.66180383333334,16.9233205,True,1,1,2026-09-07 14:39:50.599999905+00:00,16.043299996852873
1788792476.58,1788791990.8,78.66180366666667,16.923319499999998,True,1,1,2026-09-07 14:39:50.799999952+00:00,16.046583330631258
1788792476.783,1788791991.0,78.66180366666667,16.923319,True,1,1,2026-09-07 14:39:51+00:00,16.049966665109
1788792476.995,1788791991.2,78.66180366666667,16.923318166666665,True,1,1,2026-09-07 14:39:51.200000048+00:00,16.05349999666214
1788792477.184,1788791991.4,78.66180366666667,16.9233175,True,1,1,2026-09-07 14:39:51.400000095+00:00,16.0566499988238
1788792477.385,1788791991.6,78.66180366666667,16.923317,True,1,1,2026-09-07 14:39:51.599999905+00:00,16.059999998410543
1788792477.581,1788791991.8,78.66180349999999,16.923316333333332,True,1,1,2026-09-07 14:39:51.799999952+00:00,16.063266666730247
1788792477.782,1788791992.0,78.66180349999999,16.9233155,True,1,1,2026-09-07 14:39:52+00:00,16.066616666316985
1788792477.985,1788791992.2,78.66180349999999,16.923315,True,1,1,2026-09-07 14:39:52.200000048+00:00,16.069999996821085
1788792478.184,1788791992.4,78.66180333333334,16.923314833333333,True,1,1,2026-09-07 14:39:52.400000095+00:00,16.07331666549047
1788792478.385,1788791992.6,78.66180333333334,16.923314666666666,True,1,1,2026-09-07 14:39:52.599999905+00:00,16.07666666507721
1788792478.583,1788791992.8,78.66180333333334,16.923314666666666,True,1,1,2026-09-07 14:39:52.799999952+00:00,16.07996666431427
1788792478.783,1788791993.0,78.66180333333334,16.9233145,True,1,1,2026-09-07 14:39:53+00:00,16.08329999844233
1788792478.983,1788791993.2,78.66180333333334,16.9233145,True,1,1,2026-09-07 14:39:53.200000048+00:00,16.086633332570393
1788792479.182,1788791993.4,78.66180316666667,16.923314666666666,True,1,1,2026-09-07 14:39:53.400000095+00:00,16.089949997266135
1788792479.381,1788791993.6,78.66180316666667,16.923314833333333,True,1,1,2026-09-07 14:39:53.599999905+00:00,16.093266665935516
1788792479.584,1788791993.8,78.66180299999999,16.923315166666665,True,1,1,2026-09-07 14:39:53.799999952+00:00,16.09665000041326
1788792479.784,1788791994.0,78.66180299999999,16.923315333333335,True,1,1,2026-09-07 14:39:54+00:00,16.099983330567678
1788792479.985,1788791994.2,78.66180299999999,16.9233155,True,1,1,2026-09-07 14:39:54.200000048+00:00,16.10333333015442
1788792480.184,1788791994.4,78.66180299999999,16.9233155,True,1,1,2026-09-07 14:39:54.400000095+00:00,16.1066499988238
1788792480.386,1788791994.6,78.66180299999999,16.923315333333335,True,1,1,2026-09-07 14:39:54.599999905+00:00,16.11001666386922
1788792480.586,1788791994.8,78.66180299999999,16.923315166666665,True,1,1,2026-09-07 14:39:54.799999952+00:00,16.113349997997283
1788792480.784,1788791995.0,78.66180283333333,16.923314833333333,True,1,1,2026-09-07 14:39:55+00:00,16.116649997234344
1788792480.984,1788791995.2,78.66180299999999,16.923314166666668,True,1,1,2026-09-07 14:39:55.200000048+00:00,16.119983331362405
1788792481.184,1788791995.4,78.66180299999999,16.923313833333335,True,1,1,2026-09-07 14:39:55.400000095+00:00,16.123316665490467
1788792481.384,1788791995.6,78.66180299999999,16.923313333333333,True,1,1,2026-09-07 14:39:55.599999905+00:00,16.12664999961853
1788792481.582,1788791995.8,78.66180299999999,16.923313,True,1,1,2026-09-07 14:39:55.799999952+00:00,16.12994999885559
1788792481.782,1788791996.0,78.66180299999999,16.9233125,True,1,1,2026-09-07 14:39:56+00:00,16.133283332983652
1788792481.979,1788791996.2,78.66180283333333,16.923312,True,1,1,2026-09-07 14:39:56.200000048+00:00,16.136566666762032
1788792482.18,1788791996.4,78.66180299999999,16.9233115,True,1,1,2026-09-07 14:39:56.400000095+00:00,16.139916666348775
1788792482.382,1788791996.6,78.66180299999999,16.923310833333336,True,1,1,2026-09-07 14:39:56.599999905+00:00,16.143283331394194
1788792482.583,1788791996.8,78.66180299999999,16.923310333333333,True,1,1,2026-09-07 14:39:56.799999952+00:00,16.146633330980936
1788792482.786,1788791997.0,78.66180299999999,16.923309833333334,True,1,1,2026-09-07 14:39:57+00:00,16.15001666545868
1788792482.985,1788791997.2,78.66180299999999,16.923309500000002,True,1,1,2026-09-07 14:39:57.200000048+00:00,16.153333330154418
1788792483.184,1788791997.4,78.66180299999999,16.923309,True,1,1,2026-09-07 14:39:57.400000095+00:00,16.156649998823802
1788792483.383,1788791997.6,78.66180316666667,16.9233085,True,1,1,2026-09-07 14:39:57.599999905+00:00,16.15996666351954
1788792483.584,1788791997.8,78.66180316666667,16.923308000000002,True,1,1,2026-09-07 14:39:57.799999952+00:00,16.163316667079926
1788792483.783,1788791998.0,78.66180316666667,16.9233075,True,1,1,2026-09-07 14:39:58+00:00,16.166633331775664
1788792483.984,1788791998.2,78.66180316666667,16.923307166666667,True,1,1,2026-09-07 14:39:58.200000048+00:00,16.169983331362406
1788792484.185,1788791998.4,78.66180333333334,16.923306833333335,True,1,1,2026-09-07 14:39:58.400000095+00:00,16.17333333094915
1788792484.384,1788791998.6,78.66180333333334,16.923306333333336,True,1,1,2026-09-07 14:39:58.599999905+00:00,16.17664999961853
1788792484.586,1788791998.8,78.66180333333334,16.923305666666668,True,1,1,2026-09-07 14:39:58.799999952+00:00,16.18001666466395
1788792484.782,1788791999.0,78.66180349999999,16.923305333333335,True,1,1,2026-09-07 14:39:59+00:00,16.183283332983653
1788792484.987,1788791999.2,78.66180349999999,16.923304833333336,True,1,1,2026-09-07 14:39:59.200000048+00:00,16.186699998378753
1788792485.186,1788791999.4,78.66180349999999,16.923304499999997,True,1,1,2026-09-07 14:39:59.400000095+00:00,16.190016667048138
1788792485.385,1788791999.6,78.66180349999999,16.923304166666664,True,1,1,2026-09-07 14:39:59.599999905+00:00,16.193333331743876
1788792485.584,1788791999.8,78.66180366666667,16.9233035,True,1,1,2026-09-07 14:39:59.799999952+00:00,16.19665000041326
1788792485.786,1788792000.0,78.66180366666667,16.923302999999997,True,1,1,2026-09-07 14:40:00+00:00,16.20001666545868
1788792485.99,1788792000.2,78.66180366666667,16.923302666666665,True,1,1,2026-09-07 14:40:00.200000048+00:00,16.2034166653951
1788792486.182,1788792000.4,78.66180366666667,16.923302166666666,True,1,1,2026-09-07 14:40:00.400000095+00:00,16.2066166639328
1788792486.383,1788792000.6,78.66180383333334,16.923301499999997,True,1,1,2026-09-07 14:40:00.599999905+00:00,16.20996666351954
1788792486.583,1788792000.8,78.66180383333334,16.923301166666665,True,1,1,2026-09-07 14:40:00.799999952+00:00,16.213299997647603
1788792486.786,1788792001.0,78.66180383333334,16.923300666666666,True,1,1,2026-09-07 14:40:01+00:00,16.216683332125346
1788792486.985,1788792001.2,78.66180383333334,16.923300333333334,True,1,1,2026-09-07 14:40:01.200000048+00:00,16.219999996821084
1788792487.185,1788792001.4,78.66180383333334,16.923299999999998,True,1,1,2026-09-07 14:40:01.400000095+00:00,16.22333333094915
1788792487.385,1788792001.6,78.66180383333334,16.923299666666665,True,1,1,2026-09-07 14:40:01.599999905+00:00,16.22666666507721
1788792487.582,1788792001.8,78.661804,16.923299166666666,True,1,1,2026-09-07 14:40:01.799999952+00:00,16.22994999885559
1788792487.782,1788792002.0,78.661804,16.923298833333334,True,1,1,2026-09-07 14:40:02+00:00,16.233283332983653
1788792487.981,1788792002.2,78.661804,16.923298499999998,True,1,1,2026-09-07 14:40:02.200000048+00:00,16.23659999767939
1788792488.184,1788792002.4,78.661804,16.923298166666665,True,1,1,2026-09-07 14:40:02.400000095+00:00,16.239983332157134
1788792488.386,1788792002.6,78.66180416666666,16.923297833333333,True,1,1,2026-09-07 14:40:02.599999905+00:00,16.243349997202554
1788792488.584,1788792002.8,78.66180416666666,16.9232975,True,1,1,2026-09-07 14:40:02.799999952+00:00,16.246650000413258
1788792488.785,1788792003.0,78.66180416666666,16.923296999999998,True,1,1,2026-09-07 14:40:03+00:00,16.25
1788792488.983,1788792003.2,78.66180416666666,16.9232965,True,1,1,2026-09-07 14:40:03.200000048+00:00,16.25329999923706
1788792489.184,1788792003.4,78.66180416666666,16.923295833333334,True,1,1,2026-09-07 14:40:03.400000095+00:00,16.2566499988238
1788792489.384,1788792003.6,78.66180433333334,16.923295666666668,True,1,1,2026-09-07 14:40:03.599999905+00:00,16.259983332951865
1788792489.588,1788792003.8,78.66180433333334,16.923295166666666,True,1,1,2026-09-07 14:40:03.799999952+00:00,16.263383332888285
1788792489.784,1788792004.0,78.66180433333334,16.923294833333333,True,1,1,2026-09-07 14:40:04+00:00,16.266649997234346
1788792489.984,1788792004.2,78.66180433333334,16.923294333333335,True,1,1,2026-09-07 14:40:04.200000048+00:00,16.269983331362408
1788792490.182,1788792004.4,78.66180433333334,16.923294,True,1,1,2026-09-07 14:40:04.400000095+00:00,16.273283330599465
1788792490.38,1788792004.6,78.6618045,16.9232935,True,1,1,2026-09-07 14:40:04.599999905+00:00,16.27658333381017
1788792490.584,1788792004.8,78.6618045,16.923293333333334,True,1,1,2026-09-07 14:40:04.799999952+00:00,16.279983333746593
1788792490.785,1788792005.0,78.6618045,16.923293,True,1,1,2026-09-07 14:40:05+00:00,16.283333333333335
1788792490.985,1788792005.2,78.6618045,16.92329266666667,True,1,1,2026-09-07 14:40:05.200000048+00:00,16.286666663487754
1788792491.183,1788792005.4,78.66180466666667,16.923292333333332,True,1,1,2026-09-07 14:40:05.400000095+00:00,16.289966666698454
1788792491.386,1788792005.6,78.66180466666667,16.923291833333334,True,1,1,2026-09-07 14:40:05.599999905+00:00,16.293349997202554
1788792491.585,1788792005.8,78.66180466666667,16.923291666666668,True,1,1,2026-09-07 14:40:05.799999952+00:00,16.29666666587194
1788792491.783,1788792006.0,78.66180466666667,16.92329116666667,True,1,1,2026-09-07 14:40:06+00:00,16.299966665109
1788792491.981,1788792006.2,78.66180466666667,16.923290833333333,True,1,1,2026-09-07 14:40:06.200000048+00:00,16.303266664346058
1788792492.182,1788792006.4,78.66180466666667,16.9232905,True,1,1,2026-09-07 14:40:06.400000095+00:00,16.3066166639328
1788792492.382,1788792006.6,78.66180466666667,16.923290166666668,True,1,1,2026-09-07 14:40:06.599999905+00:00,16.309949998060862
1788792492.582,1788792006.8,78.66180483333332,16.923289833333335,True,1,1,2026-09-07 14:40:06.799999952+00:00,16.313283332188924
1788792492.783,1788792007.0,78.66180483333332,16.923289833333335,True,1,1,2026-09-07 14:40:07+00:00,16.316633331775666
1788792492.982,1788792007.2,78.66180483333332,16.9232895,True,1,1,2026-09-07 14:40:07.200000048+00:00,16.319950000445047
1788792493.181,1788792007.4,78.66180483333332,16.9232895,True,1,1,2026-09-07 14:40:07.400000095+00:00,16.32326666514079
1788792493.384,1788792007.6,78.66180483333332,16.923289166666667,True,1,1,2026-09-07 14:40:07.599999905+00:00,16.32664999961853
1788792493.583,1788792007.8,78.66180483333332,16.923289166666667,True,1,1,2026-09-07 14:40:07.799999952+00:00,16.32996666431427
1788792493.783,1788792008.0,78.661805,16.923289,True,1,1,2026-09-07 14:40:08+00:00,16.33329999844233
1788792493.984,1788792008.2,78.661805,16.923288833333334,True,1,1,2026-09-07 14:40:08.200000048+00:00,16.336649998029074
1788792494.187,1788792008.4,78.661805,16.923288833333334,True,1,1,2026-09-07 14:40:08.400000095+00:00,16.340033332506817
1788792494.385,1788792008.6,78.661805,16.923288666666668,True,1,1,2026-09-07 14:40:08.599999905+00:00,16.343333331743874
1788792494.582,1788792008.8,78.661805,16.9232885,True,1,1,2026-09-07 14:40:08.799999952+00:00,16.34661666552226
1788792494.786,1788792009.0,78.661805,16.923288333333335,True,1,1,2026-09-07 14:40:09+00:00,16.35001666545868
1788792494.985,1788792009.2,78.661805,16.92328816666667,True,1,1,2026-09-07 14:40:09.200000048+00:00,16.35333333015442
1788792495.183,1788792009.4,78.661805,16.923288,True,1,1,2026-09-07 14:40:09.400000095+00:00,16.35663333336512
1788792495.383,1788792009.6,78.66180516666667,16.923287833333333,True,1,1,2026-09-07 14:40:09.599999905+00:00,16.35996666351954
1788792495.583,1788792009.8,78.66180516666667,16.923287666666667,True,1,1,2026-09-07 14:40:09.799999952+00:00,16.363299997647605
1788792495.78,1788792010.0,78.66180516666667,16.923287666666667,True,1,1,2026-09-07 14:40:10+00:00,16.366583331425986
1788792495.984,1788792010.2,78.66180516666667,16.9232875,True,1,1,2026-09-07 14:40:10.200000048+00:00,16.369983331362405
1788792496.184,1788792010.4,78.66180516666667,16.923287333333334,True,1,1,2026-09-07 14:40:10.400000095+00:00,16.373316665490467
1788792496.382,1788792010.6,78.66180516666667,16.923287000000002,True,1,1,2026-09-07 14:40:10.599999905+00:00,16.37661666472753
1788792496.583,1788792010.8,78.66180516666667,16.923286833333336,True,1,1,2026-09-07 14:40:10.799999952+00:00,16.37996666431427
1788792496.783,1788792011.0,78.66180533333333,16.9232865,True,1,1,2026-09-07 14:40:11+00:00,16.383299998442332
1788792496.983,1788792011.2,78.66180533333333,16.923286333333333,True,1,1,2026-09-07 14:40:11.200000048+00:00,16.386633332570394
1788792497.182,1788792011.4,78.66180533333333,16.923286166666667,True,1,1,2026-09-07 14:40:11.400000095+00:00,16.389949997266132
1788792497.384,1788792011.6,78.66180533333333,16.923286,True,1,1,2026-09-07 14:40:11.599999905+00:00,16.393316666285198
1788792497.583,1788792011.8,78.66180533333333,16.923285833333335,True,1,1,2026-09-07 14:40:11.799999952+00:00,16.396633330980936
1788792497.786,1788792012.0,78.66180533333333,16.923285833333335,True,1,1,2026-09-07 14:40:12+00:00,16.40001666545868
1788792497.982,1788792012.2,78.66180533333333,16.923285500000002,True,1,1,2026-09-07 14:40:12.200000048+00:00,16.403283333778383
1788792498.182,1788792012.4,78.66180533333333,16.923285333333336,True,1,1,2026-09-07 14:40:12.400000095+00:00,16.4066166639328
1788792498.383,1788792012.6,78.6618055,16.923285333333336,True,1,1,2026-09-07 14:40:12.599999905+00:00,16.40996666351954
1788792498.58,1788792012.8,78.6618055,16.923284833333334,True,1,1,2026-09-07 14:40:12.799999952+00:00,16.41324999729792
1788792498.783,1788792013.0,78.6618055,16.923284833333334,True,1,1,2026-09-07 14:40:13+00:00,16.416633331775664
1788792498.985,1788792013.2,78.6618055,16.9232845,True,1,1,2026-09-07 14:40:13.200000048+00:00,16.419999996821087
1788792499.186,1788792013.4,78.6618055,16.92328416666667,True,1,1,2026-09-07 14:40:13.400000095+00:00,16.42335000038147
1788792499.384,1788792013.6,78.6618055,16.923284000000002,True,1,1,2026-09-07 14:40:13.599999905+00:00,16.42664999961853
1788792499.584,1788792013.8,78.6618055,16.92328366666667,True,1,1,2026-09-07 14:40:13.799999952+00:00,16.42998333374659
1788792499.783,1788792014.0,78.6618055,16.923283333333334,True,1,1,2026-09-07 14:40:14+00:00,16.433299998442333
1788792499.981,1788792014.2,78.6618055,16.923283,True,1,1,2026-09-07 14:40:14.200000048+00:00,16.43659999767939
1788792500.184,1788792014.4,78.6618055,16.92328266666667,True,1,1,2026-09-07 14:40:14.400000095+00:00,16.439983332157134
1788792500.384,1788792014.6,78.6618055,16.92328216666667,True,1,1,2026-09-07 14:40:14.599999905+00:00,16.443316666285195
1788792500.585,1788792014.8,78.6618055,16.923281499999998,True,1,1,2026-09-07 14:40:14.799999952+00:00,16.446666665871938
1788792500.783,1788792015.0,78.6618055,16.923281333333332,True,1,1,2026-09-07 14:40:15+00:00,16.449966665109
1788792500.984,1788792015.2,78.6618055,16.923280833333333,True,1,1,2026-09-07 14:40:15.200000048+00:00,16.45331666469574
1788792501.183,1788792015.4,78.6618055,16.923280666666667,True,1,1,2026-09-07 14:40:15.400000095+00:00,16.456633333365122
1788792501.38,1788792015.6,78.6618055,16.923280166666665,True,1,1,2026-09-07 14:40:15.599999905+00:00,16.459916667143503
1788792501.586,1788792015.8,78.6618055,16.923279666666666,True,1,1,2026-09-07 14:40:15.799999952+00:00,16.463349997997284
1788792501.788,1788792016.0,78.6618055,16.923278999999997,True,1,1,2026-09-07 14:40:16+00:00,16.466716667016346
1788792501.983,1788792016.2,78.6618055,16.923278666666665,True,1,1,2026-09-07 14:40:16.200000048+00:00,16.469966665903726
1788792502.183,1788792016.4,78.66180566666667,16.923278166666666,True,1,1,2026-09-07 14:40:16.400000095+00:00,16.473300000031788
1788792502.383,1788792016.6,78.6618055,16.923277666666667,True,1,1,2026-09-07 14:40:16.599999905+00:00,16.476633330186207
1788792502.583,1788792016.8,78.66180566666667,16.923277166666665,True,1,1,2026-09-07 14:40:16.799999952+00:00,16.47996666431427
1788792502.782,1788792017.0,78.6618055,16.9232765,True,1,1,2026-09-07 14:40:17+00:00,16.483283332983653
1788792502.983,1788792017.2,78.6618055,16.923275999999998,True,1,1,2026-09-07 14:40:17.200000048+00:00,16.486633332570396
1788792503.184,1788792017.4,78.6618055,16.9232755,True,1,1,2026-09-07 14:40:17.400000095+00:00,16.489983332157134
1788792503.384,1788792017.6,78.6618055,16.923275,True,1,1,2026-09-07 14:40:17.599999905+00:00,16.493316666285196
1788792503.583,1788792017.8,78.6618055,16.92327433333333,True,1,1,2026-09-07 14:40:17.799999952+00:00,16.496633330980938
1788792503.784,1788792018.0,78.6618055,16.923273833333333,True,1,1,2026-09-07 14:40:18+00:00,16.499983330567677
1788792503.984,1788792018.2,78.6618055,16.9232735,True,1,1,2026-09-07 14:40:18.200000048+00:00,16.50331666469574
1788792504.181,1788792018.4,78.6618055,16.923272833333332,True,1,1,2026-09-07 14:40:18.400000095+00:00,16.506599998474123
1788792504.385,1788792018.6,78.6618055,16.923272,True,1,1,2026-09-07 14:40:18.599999905+00:00,16.509999998410542
1788792504.583,1788792018.8,78.6618055,16.9232715,True,1,1,2026-09-07 14:40:18.799999952+00:00,16.513299997647604
1788792504.784,1788792019.0,78.6618055,16.9232705,True,1,1,2026-09-07 14:40:19+00:00,16.516649997234346
1788792504.983,1788792019.2,78.6618055,16.923269833333332,True,1,1,2026-09-07 14:40:19.200000048+00:00,16.519966665903727
1788792505.183,1788792019.4,78.6618055,16.923269,True,1,1,2026-09-07 14:40:19.400000095+00:00,16.52330000003179
1788792505.383,1788792019.6,78.6618055,16.923268166666666,True,1,1,2026-09-07 14:40:19.599999905+00:00,16.526633330186208
1788792505.583,1788792019.8,78.66180533333333,16.9232675,True,1,1,2026-09-07 14:40:19.799999952+00:00,16.52996666431427
1788792505.784,1788792020.0,78.66180533333333,16.9232665,True,1,1,2026-09-07 14:40:20+00:00,16.53331666390101
1788792505.984,1788792020.2,78.66180533333333,16.923265833333335,True,1,1,2026-09-07 14:40:20.200000048+00:00,16.536649998029073
1788792506.191,1788792020.4,78.66180533333333,16.923264833333334,True,1,1,2026-09-07 14:40:20.400000095+00:00,16.540099998315174
1788792506.385,1788792020.6,78.66180516666667,16.923263833333333,True,1,1,2026-09-07 14:40:20.599999905+00:00,16.543333331743877
1788792506.585,1788792020.8,78.66180516666667,16.923263000000002,True,1,1,2026-09-07 14:40:20.799999952+00:00,16.54666666587194
1788792506.782,1788792021.0,78.66180516666667,16.923262,True,1,1,2026-09-07 14:40:21+00:00,16.54994999965032
1788792506.982,1788792021.2,78.661805,16.92326116666667,True,1,1,2026-09-07 14:40:21.200000048+00:00,16.55328333377838
1788792507.184,1788792021.4,78.661805,16.92326016666667,True,1,1,2026-09-07 14:40:21.400000095+00:00,16.5566499988238
1788792507.386,1788792021.6,78.66180483333332,16.92325933333333,True,1,1,2026-09-07 14:40:21.599999905+00:00,16.560016663869224
1788792507.584,1788792021.8,78.66180483333332,16.9232585,True,1,1,2026-09-07 14:40:21.799999952+00:00,16.563316667079924
1788792507.785,1788792022.0,78.66180483333332,16.9232575,True,1,1,2026-09-07 14:40:22+00:00,16.566666666666666
1788792507.985,1788792022.2,78.66180466666667,16.923256666666667,True,1,1,2026-09-07 14:40:22.200000048+00:00,16.569999996821085
1788792508.182,1788792022.4,78.66180466666667,16.923255666666666,True,1,1,2026-09-07 14:40:22.400000095+00:00,16.573283330599466
1788792508.381,1788792022.6,78.6618045,16.923254666666665,True,1,1,2026-09-07 14:40:22.599999905+00:00,16.57659999926885
1788792508.583,1788792022.8,78.6618045,16.923253833333334,True,1,1,2026-09-07 14:40:22.799999952+00:00,16.57996666431427
1788792508.783,1788792023.0,78.66180433333334,16.923252833333333,True,1,1,2026-09-07 14:40:23+00:00,16.58329999844233
1788792508.984,1788792023.2,78.66180433333334,16.92325183333333,True,1,1,2026-09-07 14:40:23.200000048+00:00,16.586649998029074
1788792509.183,1788792023.4,78.66180416666666,16.923251,True,1,1,2026-09-07 14:40:23.400000095+00:00,16.589966666698455
1788792509.384,1788792023.6,78.66180416666666,16.923249833333333,True,1,1,2026-09-07 14:40:23.599999905+00:00,16.593316666285197
1788792509.581,1788792023.8,78.66180416666666,16.923249,True,1,1,2026-09-07 14:40:23.799999952+00:00,16.596600000063578
1788792509.784,1788792024.0,78.661804,16.923248,True,1,1,2026-09-07 14:40:24+00:00,16.599983330567678
1788792509.986,1788792024.2,78.661804,16.923247166666666,True,1,1,2026-09-07 14:40:24.200000048+00:00,16.60334999958674
1788792510.185,1788792024.4,78.66180383333334,16.92324616666667,True,1,1,2026-09-07 14:40:24.400000095+00:00,16.606666664282482
1788792510.385,1788792024.6,78.66180383333334,16.923245166666668,True,1,1,2026-09-07 14:40:24.599999905+00:00,16.609999998410544
1788792510.584,1788792024.8,78.66180366666667,16.9232445,True,1,1,2026-09-07 14:40:24.799999952+00:00,16.613316667079925
1788792510.785,1788792025.0,78.66180366666667,16.923243666666668,True,1,1,2026-09-07 14:40:25+00:00,16.616666666666667
1788792510.984,1788792025.2,78.66180349999999,16.923242666666667,True,1,1,2026-09-07 14:40:25.200000048+00:00,16.619983331362405
1788792511.185,1788792025.4,78.66180349999999,16.923241833333336,True,1,1,2026-09-07 14:40:25.400000095+00:00,16.623333330949148
1788792511.385,1788792025.6,78.66180333333334,16.923241166666667,True,1,1,2026-09-07 14:40:25.599999905+00:00,16.62666666507721
1788792511.583,1788792025.8,78.66180333333334,16.92324016666667,True,1,1,2026-09-07 14:40:25.799999952+00:00,16.62996666431427
1788792511.786,1788792026.0,78.66180316666667,16.923239333333335,True,1,1,2026-09-07 14:40:26+00:00,16.633349998792013
1788792511.985,1788792026.2,78.66180316666667,16.923238833333336,True,1,1,2026-09-07 14:40:26.200000048+00:00,16.636666663487752
1788792512.183,1788792026.4,78.66180316666667,16.923238,True,1,1,2026-09-07 14:40:26.400000095+00:00,16.639966666698456
1788792512.38,1788792026.6,78.66180299999999,16.923236999999997,True,1,1,2026-09-07 14:40:26.599999905+00:00,16.643250000476836
1788792512.582,1788792026.8,78.66180299999999,16.923236166666666,True,1,1,2026-09-07 14:40:26.799999952+00:00,16.646616665522256
1788792512.795,1788792027.0,78.66180283333333,16.923235499999997,True,1,1,2026-09-07 14:40:27+00:00,16.650166666507722
1788792512.982,1788792027.2,78.66180283333333,16.923234333333333,True,1,1,2026-09-07 14:40:27.200000048+00:00,16.653283333778383
1788792513.183,1788792027.4,78.66180266666667,16.9232335,True,1,1,2026-09-07 14:40:27.400000095+00:00,16.65663333336512
1788792513.384,1788792027.6,78.66180250000001,16.923232666666667,True,1,1,2026-09-07 14:40:27.599999905+00:00,16.659983332951864
1788792513.584,1788792027.8,78.66180250000001,16.923231833333332,True,1,1,2026-09-07 14:40:27.799999952+00:00,16.663316667079926
1788792513.781,1788792028.0,78.66180250000001,16.92323083333333,True,1,1,2026-09-07 14:40:28+00:00,16.666599996884663
1788792513.984,1788792028.2,78.66180233333333,16.923230166666666,True,1,1,2026-09-07 14:40:28.200000048+00:00,16.669983331362406
1788792514.185,1788792028.4,78.66180233333333,16.923229166666665,True,1,1,2026-09-07 14:40:28.400000095+00:00,16.67333333094915
1788792514.385,1788792028.6,78.66180216666666,16.9232285,True,1,1,2026-09-07 14:40:28.599999905+00:00,16.67666666507721
1788792514.585,1788792028.8,78.66180216666666,16.923227666666666,True,1,1,2026-09-07 14:40:28.799999952+00:00,16.679999999205272
1788792514.784,1788792029.0,78.66180200000001,16.923226833333334,True,1,1,2026-09-07 14:40:29+00:00,16.68331666390101
1788792514.985,1788792029.2,78.66180200000001,16.923226,True,1,1,2026-09-07 14:40:29.200000048+00:00,16.686666663487753
1788792515.181,1788792029.4,78.66180183333333,16.923225,True,1,1,2026-09-07 14:40:29.400000095+00:00,16.689933331807456
1788792515.386,1788792029.6,78.66180183333333,16.923224333333334,True,1,1,2026-09-07 14:40:29.599999905+00:00,16.693349997202557
1788792515.584,1788792029.8,78.66180166666666,16.9232235,True,1,1,2026-09-07 14:40:29.799999952+00:00,16.69665000041326
1788792515.786,1788792030.0,78.66180166666666,16.923222666666668,True,1,1,2026-09-07 14:40:30+00:00,16.70001666545868
1788792515.984,1788792030.2,78.66180166666666,16.923222,True,1,1,2026-09-07 14:40:30.200000048+00:00,16.70331666469574
1788792516.184,1788792030.4,78.66180166666666,16.923221,True,1,1,2026-09-07 14:40:30.400000095+00:00,16.706649998823803
1788792516.384,1788792030.6,78.6618015,16.923220166666667,True,1,1,2026-09-07 14:40:30.599999905+00:00,16.709983332951865
1788792516.582,1788792030.8,78.6618015,16.923219500000002,True,1,1,2026-09-07 14:40:30.799999952+00:00,16.713283332188926
1788792516.784,1788792031.0,78.6618015,16.923218666666667,True,1,1,2026-09-07 14:40:31+00:00,16.716649997234345
1788792516.985,1788792031.2,78.66180133333334,16.923217833333336,True,1,1,2026-09-07 14:40:31.200000048+00:00,16.719999996821084
1788792517.184,1788792031.4,78.66180133333334,16.923217166666667,True,1,1,2026-09-07 14:40:31.400000095+00:00,16.72331666549047
1788792517.384,1788792031.6,78.66180116666666,16.923216333333336,True,1,1,2026-09-07 14:40:31.599999905+00:00,16.72664999961853
1788792517.583,1788792031.8,78.66180116666666,16.9232155,True,1,1,2026-09-07 14:40:31.799999952+00:00,16.72996666431427
1788792517.783,1788792032.0,78.661801,16.923214833333336,True,1,1,2026-09-07 14:40:32+00:00,16.73329999844233
1788792517.981,1788792032.2,78.661801,16.923213999999998,True,1,1,2026-09-07 14:40:32.200000048+00:00,16.73659999767939
1788792518.185,1788792032.4,78.661801,16.923213166666667,True,1,1,2026-09-07 14:40:32.400000095+00:00,16.739999997615815
1788792518.384,1788792032.6,78.66180083333333,16.923212333333332,True,1,1,2026-09-07 14:40:32.599999905+00:00,16.743316666285196
1788792518.582,1788792032.8,78.66180083333333,16.923211666666667,True,1,1,2026-09-07 14:40:32.799999952+00:00,16.746616665522257
1788792518.786,1788792033.0,78.66180083333333,16.923210833333332,True,1,1,2026-09-07 14:40:33+00:00,16.75001666545868
1788792518.985,1788792033.2,78.66180066666668,16.923209999999997,True,1,1,2026-09-07 14:40:33.200000048+00:00,16.75333333015442
1788792519.184,1788792033.4,78.66180066666668,16.923209333333332,True,1,1,2026-09-07 14:40:33.400000095+00:00,16.7566499988238
1788792519.385,1788792033.6,78.66180066666668,16.923208499999998,True,1,1,2026-09-07 14:40:33.599999905+00:00,16.759999998410542
1788792519.583,1788792033.8,78.6618005,16.923207666666666,True,1,1,2026-09-07 14:40:33.799999952+00:00,16.763299997647604
1788792519.784,1788792034.0,78.6618005,16.92320683333333,True,1,1,2026-09-07 14:40:34+00:00,16.766649997234346
1788792519.984,1788792034.2,78.6618005,16.923206,True,1,1,2026-09-07 14:40:34.200000048+00:00,16.769983331362408
1788792520.184,1788792034.4,78.66180033333333,16.923205166666666,True,1,1,2026-09-07 14:40:34.400000095+00:00,16.77331666549047
1788792520.385,1788792034.6,78.66180033333333,16.923204333333334,True,1,1,2026-09-07 14:40:34.599999905+00:00,16.776666665077208
1788792520.582,1788792034.8,78.66180033333333,16.923203666666666,True,1,1,2026-09-07 14:40:34.799999952+00:00,16.779949998855592
1788792520.781,1788792035.0,78.66180033333333,16.923202833333335,True,1,1,2026-09-07 14:40:35+00:00,16.78326666355133
1788792520.987,1788792035.2,78.66180016666667,16.923202,True,1,1,2026-09-07 14:40:35.200000048+00:00,16.786699998378754
1788792521.183,1788792035.4,78.66180016666667,16.92320116666667,True,1,1,2026-09-07 14:40:35.400000095+00:00,16.789966666698454
1788792521.385,1788792035.6,78.6618,16.9232005,True,1,1,2026-09-07 14:40:35.599999905+00:00,16.793333331743877
1788792521.584,1788792035.8,78.6618,16.92319966666667,True,1,1,2026-09-07 14:40:35.799999952+00:00,16.79665000041326
1788792521.788,1788792036.0,78.6618,16.923198833333334,True,1,1,2026-09-07 14:40:36+00:00,16.80005000034968
1788792521.98,1788792036.2,78.6618,16.92319816666667,True,1,1,2026-09-07 14:40:36.200000048+00:00,16.80324999888738
1788792522.182,1788792036.4,78.66179983333333,16.923197166666668,True,1,1,2026-09-07 14:40:36.400000095+00:00,16.8066166639328
1788792522.381,1788792036.6,78.66179983333333,16.923196333333333,True,1,1,2026-09-07 14:40:36.599999905+00:00,16.80993333260218
1788792522.582,1788792036.8,78.66179983333333,16.923195500000002,True,1,1,2026-09-07 14:40:36.799999952+00:00,16.813283332188924
1788792522.782,1788792037.0,78.66179966666667,16.923194666666667,True,1,1,2026-09-07 14:40:37+00:00,16.816616666316985
1788792522.983,1788792037.2,78.66179966666667,16.923194000000002,True,1,1,2026-09-07 14:40:37.200000048+00:00,16.819966665903728
1788792523.183,1788792037.4,78.66179966666667,16.923193166666668,True,1,1,2026-09-07 14:40:37.400000095+00:00,16.82330000003179
1788792523.383,1788792037.6,78.66179966666667,16.923192333333336,True,1,1,2026-09-07 14:40:37.599999905+00:00,16.82663333018621
1788792523.582,1788792037.8,78.6617995,16.923191666666664,True,1,1,2026-09-07 14:40:37.799999952+00:00,16.82994999885559
1788792523.784,1788792038.0,78.6617995,16.923190666666667,True,1,1,2026-09-07 14:40:38+00:00,16.833316663901012
1788792523.982,1788792038.2,78.6617995,16.923189999999998,True,1,1,2026-09-07 14:40:38.200000048+00:00,16.836616667111716
1788792524.183,1788792038.4,78.6617995,16.923188999999997,True,1,1,2026-09-07 14:40:38.400000095+00:00,16.839966666698455
1788792524.383,1788792038.6,78.66179933333333,16.923188333333332,True,1,1,2026-09-07 14:40:38.599999905+00:00,16.843299996852874
1788792524.584,1788792038.8,78.66179933333333,16.92318733333333,True,1,1,2026-09-07 14:40:38.799999952+00:00,16.84665000041326
1788792524.783,1788792039.0,78.66179933333333,16.923186666666666,True,1,1,2026-09-07 14:40:39+00:00,16.849966665108997
1788792524.983,1788792039.2,78.66179933333333,16.92318583333333,True,1,1,2026-09-07 14:40:39.200000048+00:00,16.85329999923706
1788792525.184,1788792039.4,78.66179916666667,16.923185,True,1,1,2026-09-07 14:40:39.400000095+00:00,16.8566499988238
1788792525.385,1788792039.6,78.66179916666667,16.923184166666665,True,1,1,2026-09-07 14:40:39.599999905+00:00,16.859999998410544
1788792525.583,1788792039.8,78.66179916666667,16.923183333333334,True,1,1,2026-09-07 14:40:39.799999952+00:00,16.863299997647605
1788792525.784,1788792040.0,78.66179916666667,16.923182833333332,True,1,1,2026-09-07 14:40:40+00:00,16.866649997234344
1788792525.983,1788792040.2,78.66179916666667,16.923182166666667,True,1,1,2026-09-07 14:40:40.200000048+00:00,16.86996666590373
1788792526.182,1788792040.4,78.66179916666667,16.9231815,True,1,1,2026-09-07 14:40:40.400000095+00:00,16.873283330599467
1788792526.385,1788792040.6,78.66179916666667,16.923180666666667,True,1,1,2026-09-07 14:40:40.599999905+00:00,16.87666666507721
1788792526.584,1788792040.8,78.661799,16.92318016666667,True,1,1,2026-09-07 14:40:40.799999952+00:00,16.87998333374659
1788792526.784,1788792041.0,78.661799,16.9231795,True,1,1,2026-09-07 14:40:41+00:00,16.88331666390101
1788792526.983,1788792041.2,78.661799,16.923178833333335,True,1,1,2026-09-07 14:40:41.200000048+00:00,16.886633332570394
1788792527.183,1788792041.4,78.661799,16.923178333333333,True,1,1,2026-09-07 14:40:41.400000095+00:00,16.889966666698456
1788792527.383,1788792041.6,78.66179883333332,16.923177666666668,True,1,1,2026-09-07 14:40:41.599999905+00:00,16.893299996852875
1788792527.581,1788792041.8,78.66179883333332,16.923176666666667,True,1,1,2026-09-07 14:40:41.799999952+00:00,16.89660000006358
1788792527.785,1788792042.0,78.66179883333332,16.923176166666668,True,1,1,2026-09-07 14:40:42+00:00,16.9
1788792527.983,1788792042.2,78.66179883333332,16.923175333333333,True,1,1,2026-09-07 14:40:42.200000048+00:00,16.90329999923706
1788792528.183,1788792042.4,78.66179866666667,16.923174833333334,True,1,1,2026-09-07 14:40:42.400000095+00:00,16.90663333336512
1788792528.383,1788792042.6,78.66179866666667,16.92317416666667,True,1,1,2026-09-07 14:40:42.599999905+00:00,16.90996666351954
1788792528.583,1788792042.8,78.66179866666667,16.923173333333335,True,1,1,2026-09-07 14:40:42.799999952+00:00,16.913299997647602
1788792528.783,1788792043.0,78.66179866666667,16.9231725,True,1,1,2026-09-07 14:40:43+00:00,16.916633331775664
1788792528.981,1788792043.2,78.66179866666667,16.92317166666667,True,1,1,2026-09-07 14:40:43.200000048+00:00,16.919933331012725
1788792529.185,1788792043.4,78.6617985,16.923170833333334,True,1,1,2026-09-07 14:40:43.400000095+00:00,16.92333333094915
1788792529.384,1788792043.6,78.6617985,16.923170000000002,True,1,1,2026-09-07 14:40:43.599999905+00:00,16.92664999961853
1788792529.584,1788792043.8,78.6617985,16.923169166666664,True,1,1,2026-09-07 14:40:43.799999952+00:00,16.92998333374659
1788792529.784,1788792044.0,78.6617985,16.9231685,True,1,1,2026-09-07 14:40:44+00:00,16.93331666390101
1788792529.985,1788792044.2,78.6617985,16.923167666666664,True,1,1,2026-09-07 14:40:44.200000048+00:00,16.936666663487753
1788792530.185,1788792044.4,78.6617985,16.923166666666667,True,1,1,2026-09-07 14:40:44.400000095+00:00,16.939999997615814
1788792530.383,1788792044.6,78.6617985,16.923166,True,1,1,2026-09-07 14:40:44.599999905+00:00,16.943299996852875
1788792530.585,1788792044.8,78.66179833333334,16.923165166666667,True,1,1,2026-09-07 14:40:44.799999952+00:00,16.946666665871938
1788792530.785,1788792045.0,78.66179833333334,16.923164333333332,True,1,1,2026-09-07 14:40:45+00:00,16.95
1788792530.985,1788792045.2,78.66179833333334,16.92316333333333,True,1,1,2026-09-07 14:40:45.200000048+00:00,16.95333333015442
1788792531.185,1788792045.4,78.66179833333334,16.9231625,True,1,1,2026-09-07 14:40:45.400000095+00:00,16.95666666428248
1788792531.384,1788792045.6,78.66179833333334,16.9231615,True,1,1,2026-09-07 14:40:45.599999905+00:00,16.959983332951865
1788792531.583,1788792045.8,78.66179833333334,16.923160833333334,True,1,1,2026-09-07 14:40:45.799999952+00:00,16.963299997647603
1788792531.786,1788792046.0,78.66179833333334,16.923159833333333,True,1,1,2026-09-07 14:40:46+00:00,16.966683332125346
1788792531.987,1788792046.2,78.66179816666666,16.923159,True,1,1,2026-09-07 14:40:46.200000048+00:00,16.970033331712088
1788792532.187,1788792046.4,78.66179816666666,16.923158333333333,True,1,1,2026-09-07 14:40:46.400000095+00:00,16.97336666584015
1788792532.382,1788792046.6,78.66179816666666,16.923157333333332,True,1,1,2026-09-07 14:40:46.599999905+00:00,16.97661666472753
1788792532.583,1788792046.8,78.66179816666666,16.9231565,True,1,1,2026-09-07 14:40:46.799999952+00:00,16.97996666431427
1788792532.781,1788792047.0,78.661798,16.923155666666666,True,1,1,2026-09-07 14:40:47+00:00,16.98326666355133
1788792532.982,1788792047.2,78.661798,16.92315466666667,True,1,1,2026-09-07 14:40:47.200000048+00:00,16.986616667111715
1788792533.184,1788792047.4,78.661798,16.923153833333334,True,1,1,2026-09-07 14:40:47.400000095+00:00,16.989983332157134
1788792533.385,1788792047.6,78.661798,16.923152833333333,True,1,1,2026-09-07 14:40:47.599999905+00:00,16.993333331743877
1788792533.584,1788792047.8,78.66179783333334,16.923152,True,1,1,2026-09-07 14:40:47.799999952+00:00,16.996650000413258
1788792533.784,1788792048.0,78.66179783333334,16.923151,True,1,1,2026-09-07 14:40:48+00:00,16.999983330567677
1788792533.983,1788792048.2,78.66179783333334,16.92315016666667,True,1,1,2026-09-07 14:40:48.200000048+00:00,17.00329999923706
1788792534.185,1788792048.4,78.66179766666667,16.923149333333335,True,1,1,2026-09-07 14:40:48.400000095+00:00,17.00666666428248
1788792534.383,1788792048.6,78.66179766666667,16.923148333333334,True,1,1,2026-09-07 14:40:48.599999905+00:00,17.009966663519542
1788792534.581,1788792048.8,78.66179766666667,16.923147500000002,True,1,1,2026-09-07 14:40:48.799999952+00:00,17.013266666730246
1788792534.783,1788792049.0,78.66179749999999,16.923146666666664,True,1,1,2026-09-07 14:40:49+00:00,17.016633331775665
1788792534.985,1788792049.2,78.66179749999999,16.923145833333333,True,1,1,2026-09-07 14:40:49.200000048+00:00,17.019999996821085
1788792535.183,1788792049.4,78.66179749999999,16.923144999999998,True,1,1,2026-09-07 14:40:49.400000095+00:00,17.02330000003179
1788792535.385,1788792049.6,78.66179733333334,16.923144166666667,True,1,1,2026-09-07 14:40:49.599999905+00:00,17.026666665077208
1788792535.584,1788792049.8,78.66179733333334,16.923143333333332,True,1,1,2026-09-07 14:40:49.799999952+00:00,17.029983333746593
1788792535.784,1788792050.0,78.66179733333334,16.92314233333333,True,1,1,2026-09-07 14:40:50+00:00,17.03331666390101
1788792535.985,1788792050.2,78.66179716666667,16.923141666666666,True,1,1,2026-09-07 14:40:50.200000048+00:00,17.036666663487754
1788792536.182,1788792050.4,78.66179716666667,16.923140666666665,True,1,1,2026-09-07 14:40:50.400000095+00:00,17.039949997266135
1788792536.383,1788792050.6,78.66179716666667,16.923139833333334,True,1,1,2026-09-07 14:40:50.599999905+00:00,17.043299996852873
1788792536.584,1788792050.8,78.66179699999999,16.923138666666667,True,1,1,2026-09-07 14:40:50.799999952+00:00,17.04665000041326
1788792536.785,1788792051.0,78.66179699999999,16.923137999999998,True,1,1,2026-09-07 14:40:51+00:00,17.05
1788792536.983,1788792051.2,78.66179699999999,16.923137166666667,True,1,1,2026-09-07 14:40:51.200000048+00:00,17.053299999237062
1788792537.185,1788792051.4,78.66179699999999,16.923136166666666,True,1,1,2026-09-07 14:40:51.400000095+00:00,17.05666666428248
1788792537.382,1788792051.6,78.66179683333333,16.9231355,True,1,1,2026-09-07 14:40:51.599999905+00:00,17.059949998060862
1788792537.584,1788792051.8,78.66179683333333,16.923134833333332,True,1,1,2026-09-07 14:40:51.799999952+00:00,17.063316667079924
1788792537.784,1788792052.0,78.66179683333333,16.923133833333335,True,1,1,2026-09-07 14:40:52+00:00,17.066649997234343
1788792537.984,1788792052.2,78.66179666666667,16.923133,True,1,1,2026-09-07 14:40:52.200000048+00:00,17.069983331362405
1788792538.184,1788792052.4,78.66179666666667,16.92313216666667,True,1,1,2026-09-07 14:40:52.400000095+00:00,17.07331666549047
1788792538.385,1788792052.6,78.66179666666667,16.9231315,True,1,1,2026-09-07 14:40:52.599999905+00:00,17.07666666507721
1788792538.584,1788792052.8,78.66179650000001,16.92313066666667,True,1,1,2026-09-07 14:40:52.799999952+00:00,17.079983333746593
1788792538.782,1788792053.0,78.66179650000001,16.92313,True,1,1,2026-09-07 14:40:53+00:00,17.08328333298365
1788792538.982,1788792053.2,78.66179650000001,16.923129333333335,True,1,1,2026-09-07 14:40:53.200000048+00:00,17.086616667111716
1788792539.183,1788792053.4,78.66179633333333,16.9231285,True,1,1,2026-09-07 14:40:53.400000095+00:00,17.089966666698455
1788792539.383,1788792053.6,78.66179633333333,16.923127833333336,True,1,1,2026-09-07 14:40:53.599999905+00:00,17.093299996852874
1788792539.582,1788792053.8,78.66179633333333,16.923127333333333,True,1,1,2026-09-07 14:40:53.799999952+00:00,17.09661666552226
1788792539.783,1788792054.0,78.66179633333333,16.923126500000002,True,1,1,2026-09-07 14:40:54+00:00,17.099966665108997
1788792539.981,1788792054.2,78.66179616666666,16.923125833333334,True,1,1,2026-09-07 14:40:54.200000048+00:00,17.10326666434606
1788792540.183,1788792054.4,78.66179616666666,16.923125000000002,True,1,1,2026-09-07 14:40:54.400000095+00:00,17.10663333336512
1788792540.384,1788792054.6,78.66179616666666,16.92312433333333,True,1,1,2026-09-07 14:40:54.599999905+00:00,17.109983332951863
1788792540.584,1788792054.8,78.66179616666666,16.92312383333333,True,1,1,2026-09-07 14:40:54.799999952+00:00,17.113316667079925
1788792540.783,1788792055.0,78.66179600000001,16.923123166666667,True,1,1,2026-09-07 14:40:55+00:00,17.116633331775667
1788792540.984,1788792055.2,78.66179600000001,16.923122499999998,True,1,1,2026-09-07 14:40:55.200000048+00:00,17.119983331362405
1788792541.184,1788792055.4,78.66179600000001,16.923121833333333,True,1,1,2026-09-07 14:40:55.400000095+00:00,17.123316665490467
1788792541.381,1788792055.6,78.66179600000001,16.923121166666665,True,1,1,2026-09-07 14:40:55.599999905+00:00,17.12659999926885
1788792541.582,1788792055.8,78.66179600000001,16.9231205,True,1,1,2026-09-07 14:40:55.799999952+00:00,17.12994999885559
1788792541.784,1788792056.0,78.66179600000001,16.923119999999997,True,1,1,2026-09-07 14:40:56+00:00,17.13331666390101
1788792541.984,1788792056.2,78.66179583333333,16.923119333333332,True,1,1,2026-09-07 14:40:56.200000048+00:00,17.136649998029075
1788792542.185,1788792056.4,78.66179583333333,16.923118666666667,True,1,1,2026-09-07 14:40:56.400000095+00:00,17.139999997615813
1788792542.386,1788792056.6,78.66179583333333,16.923118,True,1,1,2026-09-07 14:40:56.599999905+00:00,17.143349997202556
1788792542.582,1788792056.8,78.66179583333333,16.9231175,True,1,1,2026-09-07 14:40:56.799999952+00:00,17.146616665522256
1788792542.78,1788792057.0,78.66179583333333,16.92311683333333,True,1,1,2026-09-07 14:40:57+00:00,17.149916664759317
1788792542.981,1788792057.2,78.66179583333333,16.923116166666667,True,1,1,2026-09-07 14:40:57.200000048+00:00,17.15326666434606
1788792543.182,1788792057.4,78.66179583333333,16.923115499999998,True,1,1,2026-09-07 14:40:57.400000095+00:00,17.1566166639328
1788792543.381,1788792057.6,78.66179583333333,16.923114666666667,True,1,1,2026-09-07 14:40:57.599999905+00:00,17.159933332602183
1788792543.582,1788792057.8,78.66179583333333,16.923114166666668,True,1,1,2026-09-07 14:40:57.799999952+00:00,17.163283332188925
1788792543.785,1788792058.0,78.66179583333333,16.9231135,True,1,1,2026-09-07 14:40:58+00:00,17.166666666666668
1788792543.985,1788792058.2,78.66179583333333,16.923113,True,1,1,2026-09-07 14:40:58.200000048+00:00,17.169999996821087
1788792544.182,1788792058.4,78.66179583333333,16.923112333333332,True,1,1,2026-09-07 14:40:58.400000095+00:00,17.173283330599467
1788792544.384,1788792058.6,78.66179583333333,16.9231115,True,1,1,2026-09-07 14:40:58.599999905+00:00,17.17664999961853
1788792544.584,1788792058.8,78.66179600000001,16.923111,True,1,1,2026-09-07 14:40:58.799999952+00:00,17.17998333374659
1788792544.784,1788792059.0,78.66179600000001,16.923110333333334,True,1,1,2026-09-07 14:40:59+00:00,17.18331666390101
1788792544.985,1788792059.2,78.66179600000001,16.92311,True,1,1,2026-09-07 14:40:59.200000048+00:00,17.186666663487753
1788792545.184,1788792059.4,78.66179600000001,16.92310966666667,True,1,1,2026-09-07 14:40:59.400000095+00:00,17.189983332157134
1788792545.385,1788792059.6,78.66179600000001,16.923109166666666,True,1,1,2026-09-07 14:40:59.599999905+00:00,17.193333331743876
1788792545.581,1788792059.8,78.66179600000001,16.923108833333334,True,1,1,2026-09-07 14:40:59.799999952+00:00,17.19660000006358
1788792545.784,1788792060.0,78.66179600000001,16.92310816666667,True,1,1,2026-09-07 14:41:00+00:00,17.19998333056768
1788792545.988,1788792060.2,78.66179600000001,16.9231075,True,1,1,2026-09-07 14:41:00.200000048+00:00,17.2033833305041
1788792546.184,1788792060.4,78.66179600000001,16.923107,True,1,1,2026-09-07 14:41:00.400000095+00:00,17.206649998823803
1788792546.384,1788792060.6,78.66179583333333,16.923106333333333,True,1,1,2026-09-07 14:41:00.599999905+00:00,17.209983332951865
1788792546.584,1788792060.8,78.66179583333333,16.923105666666668,True,1,1,2026-09-07 14:41:00.799999952+00:00,17.213316667079926
1788792546.785,1788792061.0,78.66179583333333,16.92310516666667,True,1,1,2026-09-07 14:41:01+00:00,17.216666666666665
1788792546.986,1788792061.2,78.66179583333333,16.923104333333335,True,1,1,2026-09-07 14:41:01.200000048+00:00,17.220016666253407
1788792547.184,1788792061.4,78.66179583333333,16.923103833333336,True,1,1,2026-09-07 14:41:01.400000095+00:00,17.22331666549047
1788792547.384,1788792061.6,78.66179583333333,16.923103166666667,True,1,1,2026-09-07 14:41:01.599999905+00:00,17.22664999961853
1788792547.586,1788792061.8,78.66179583333333,16.92310266666667,True,1,1,2026-09-07 14:41:01.799999952+00:00,17.23001666466395
1788792547.783,1788792062.0,78.66179583333333,16.923101999999997,True,1,1,2026-09-07 14:41:02+00:00,17.23329999844233
1788792547.983,1788792062.2,78.66179583333333,16.92310133333333,True,1,1,2026-09-07 14:41:02.200000048+00:00,17.236633332570396
1788792548.182,1788792062.4,78.66179566666666,16.923100833333333,True,1,1,2026-09-07 14:41:02.400000095+00:00,17.239949997266134
1788792548.381,1788792062.6,78.66179566666666,16.92310033333333,True,1,1,2026-09-07 14:41:02.599999905+00:00,17.243266665935515
1788792548.585,1788792062.8,78.66179566666666,16.923099833333332,True,1,1,2026-09-07 14:41:02.799999952+00:00,17.24666666587194
1788792548.785,1788792063.0,78.66179566666666,16.923099333333333,True,1,1,2026-09-07 14:41:03+00:00,17.25
1788792548.982,1788792063.2,78.66179566666666,16.92309883333333,True,1,1,2026-09-07 14:41:03.200000048+00:00,17.25328333377838
1788792549.183,1788792063.4,78.66179566666666,16.923098333333332,True,1,1,2026-09-07 14:41:03.400000095+00:00,17.256633333365123
1788792549.384,1788792063.6,78.66179566666666,16.923098,True,1,1,2026-09-07 14:41:03.599999905+00:00,17.259983332951865
1788792549.583,1788792063.8,78.66179566666666,16.923097666666667,True,1,1,2026-09-07 14:41:03.799999952+00:00,17.263299997647604
1788792549.784,1788792064.0,78.66179566666666,16.923097166666665,True,1,1,2026-09-07 14:41:04+00:00,17.266649997234346
1788792549.984,1788792064.2,78.6617955,16.923096833333332,True,1,1,2026-09-07 14:41:04.200000048+00:00,17.269983331362408
1788792550.183,1788792064.4,78.6617955,16.9230965,True,1,1,2026-09-07 14:41:04.400000095+00:00,17.27330000003179
1788792550.384,1788792064.6,78.6617955,16.923095999999997,True,1,1,2026-09-07 14:41:04.599999905+00:00,17.27664999961853
1788792550.583,1788792064.8,78.6617955,16.923095666666665,True,1,1,2026-09-07 14:41:04.799999952+00:00,17.27996666431427
1788792550.784,1788792065.0,78.6617955,16.923095333333332,True,1,1,2026-09-07 14:41:05+00:00,17.28331666390101
1788792550.981,1788792065.2,78.6617955,16.923094833333334,True,1,1,2026-09-07 14:41:05.200000048+00:00,17.286599997679392
1788792551.205,1788792065.4,78.6617955,16.923094166666665,True,1,1,2026-09-07 14:41:05.400000095+00:00,17.290333330631256
1788792551.384,1788792065.6,78.6617955,16.9230935,True,1,1,2026-09-07 14:41:05.599999905+00:00,17.293316666285197
1788792551.584,1788792065.8,78.66179533333334,16.92309283333333,True,1,1,2026-09-07 14:41:05.799999952+00:00,17.29665000041326
1788792551.784,1788792066.0,78.66179533333334,16.923091833333334,True,1,1,2026-09-07 14:41:06+00:00,17.299983330567677
1788792551.982,1788792066.2,78.66179533333334,16.923090666666667,True,1,1,2026-09-07 14:41:06.200000048+00:00,17.30328333377838
1788792552.183,1788792066.4,78.6617955,16.923089166666667,True,1,1,2026-09-07 14:41:06.400000095+00:00,17.306633333365124
1788792552.387,1788792066.6,78.66179533333334,16.923087333333335,True,1,1,2026-09-07 14:41:06.599999905+00:00,17.310033333301543
1788792552.585,1788792066.8,78.6617955,16.923086333333334,True,1,1,2026-09-07 14:41:06.799999952+00:00,17.313333332538605
1788792552.788,1788792067.0,78.6617955,16.92308566666667,True,1,1,2026-09-07 14:41:07+00:00,17.316716667016347
1788792552.983,1788792067.2,78.6617955,16.923084666666668,True,1,1,2026-09-07 14:41:07.200000048+00:00,17.319966665903728
1788792553.182,1788792067.4,78.66179566666666,16.923083333333334,True,1,1,2026-09-07 14:41:07.400000095+00:00,17.323283330599466
1788792553.382,1788792067.6,78.66179583333333,16.923081833333335,True,1,1,2026-09-07 14:41:07.599999905+00:00,17.326616664727528
1788792553.585,1788792067.8,78.66179600000001,16.92308116666667,True,1,1,2026-09-07 14:41:07.799999952+00:00,17.32999999920527
1788792553.781,1788792068.0,78.66179600000001,16.923081333333336,True,1,1,2026-09-07 14:41:08+00:00,17.33326666355133
1788792553.985,1788792068.2,78.66179600000001,16.923081,True,1,1,2026-09-07 14:41:08.200000048+00:00,17.33666666348775
1788792554.185,1788792068.4,78.66179600000001,16.923080333333335,True,1,1,2026-09-07 14:41:08.400000095+00:00,17.339999997615813
1788792554.385,1788792068.6,78.66179600000001,16.923079833333336,True,1,1,2026-09-07 14:41:08.599999905+00:00,17.343333331743874
1788792554.584,1788792068.8,78.66179600000001,16.92307933333333,True,1,1,2026-09-07 14:41:08.799999952+00:00,17.34665000041326
1788792554.784,1788792069.0,78.66179616666666,16.923078666666665,True,1,1,2026-09-07 14:41:09+00:00,17.349983330567678
1788792554.985,1788792069.2,78.66179616666666,16.923078166666667,True,1,1,2026-09-07 14:41:09.200000048+00:00,17.35333333015442
1788792555.182,1788792069.4,78.66179616666666,16.923077666666664,True,1,1,2026-09-07 14:41:09.400000095+00:00,17.3566166639328
1788792555.384,1788792069.6,78.66179616666666,16.923077666666664,True,1,1,2026-09-07 14:41:09.599999905+00:00,17.359983332951863
1788792555.583,1788792069.8,78.66179616666666,16.923077499999998,True,1,1,2026-09-07 14:41:09.799999952+00:00,17.363299997647605
1788792555.784,1788792070.0,78.66179616666666,16.923077,True,1,1,2026-09-07 14:41:10+00:00,17.366649997234344
1788792555.983,1788792070.2,78.66179633333333,16.923076499999997,True,1,1,2026-09-07 14:41:10.200000048+00:00,17.36996666590373
1788792556.183,1788792070.4,78.66179633333333,16.923075833333332,True,1,1,2026-09-07 14:41:10.400000095+00:00,17.37330000003179
1788792556.383,1788792070.6,78.66179633333333,16.923075166666667,True,1,1,2026-09-07 14:41:10.599999905+00:00,17.37663333018621
1788792556.58,1788792070.8,78.66179650000001,16.92307483333333,True,1,1,2026-09-07 14:41:10.799999952+00:00,17.37991666396459
1788792556.784,1788792071.0,78.66179650000001,16.923074166666666,True,1,1,2026-09-07 14:41:11+00:00,17.38331666390101
1788792556.985,1788792071.2,78.66179650000001,16.923073666666667,True,1,1,2026-09-07 14:41:11.200000048+00:00,17.386666663487752
1788792557.184,1788792071.4,78.66179650000001,16.923073,True,1,1,2026-09-07 14:41:11.400000095+00:00,17.389983332157136
1788792557.384,1788792071.6,78.66179666666667,16.9230725,True,1,1,2026-09-07 14:41:11.599999905+00:00,17.393316666285198
1788792557.583,1788792071.8,78.66179666666667,16.923071999999998,True,1,1,2026-09-07 14:41:11.799999952+00:00,17.396633330980936
1788792557.785,1788792072.0,78.66179666666667,16.9230715,True,1,1,2026-09-07 14:41:12+00:00,17.4
1788792557.981,1788792072.2,78.66179683333333,16.923070833333334,True,1,1,2026-09-07 14:41:12.200000048+00:00,17.40326666434606
1788792558.183,1788792072.4,78.66179683333333,16.92307033333333,True,1,1,2026-09-07 14:41:12.400000095+00:00,17.40663333336512
1788792558.384,1788792072.6,78.66179683333333,16.9230695,True,1,1,2026-09-07 14:41:12.599999905+00:00,17.409983332951864
1788792558.583,1788792072.8,78.66179683333333,16.923068999999998,True,1,1,2026-09-07 14:41:12.799999952+00:00,17.413299997647602
1788792558.784,1788792073.0,78.66179699999999,16.923068166666667,True,1,1,2026-09-07 14:41:13+00:00,17.416649997234344
1788792558.982,1788792073.2,78.66179699999999,16.9230675,True,1,1,2026-09-07 14:41:13.200000048+00:00,17.41995000044505
1788792559.186,1788792073.4,78.66179699999999,16.923066666666667,True,1,1,2026-09-07 14:41:13.400000095+00:00,17.42335000038147
1788792559.38,1788792073.6,78.66179699999999,16.923065833333332,True,1,1,2026-09-07 14:41:13.599999905+00:00,17.42658333381017
1788792559.584,1788792073.8,78.66179716666667,16.923065333333334,True,1,1,2026-09-07 14:41:13.799999952+00:00,17.42998333374659
1788792559.783,1788792074.0,78.66179716666667,16.9230645,True,1,1,2026-09-07 14:41:14+00:00,17.433299998442333
1788792559.984,1788792074.2,78.66179716666667,16.923063666666668,True,1,1,2026-09-07 14:41:14.200000048+00:00,17.436649998029072
1788792560.185,1788792074.4,78.66179716666667,16.923063,True,1,1,2026-09-07 14:41:14.400000095+00:00,17.439999997615814
1788792560.384,1788792074.6,78.66179733333334,16.923062166666668,True,1,1,2026-09-07 14:41:14.599999905+00:00,17.443316666285195
1788792560.585,1788792074.8,78.66179733333334,16.9230615,True,1,1,2026-09-07 14:41:14.799999952+00:00,17.446666665871938
1788792560.785,1788792075.0,78.66179733333334,16.923060833333334,True,1,1,2026-09-07 14:41:15+00:00,17.45
1788792560.984,1788792075.2,78.66179733333334,16.923060333333336,True,1,1,2026-09-07 14:41:15.200000048+00:00,17.45331666469574
1788792561.182,1788792075.4,78.66179733333334,16.9230595,True,1,1,2026-09-07 14:41:15.400000095+00:00,17.4566166639328
1788792561.381,1788792075.6,78.66179749999999,16.923058833333336,True,1,1,2026-09-07 14:41:15.599999905+00:00,17.459933332602183
1788792561.581,1788792075.8,78.66179749999999,16.923058166666667,True,1,1,2026-09-07 14:41:15.799999952+00:00,17.463266666730245
1788792561.784,1788792076.0,78.66179749999999,16.923057500000002,True,1,1,2026-09-07 14:41:16+00:00,17.466649997234345
1788792561.983,1788792076.2,78.66179749999999,16.92305683333333,True,1,1,2026-09-07 14:41:16.200000048+00:00,17.469966665903726
1788792562.181,1788792076.4,78.66179749999999,16.923056166666665,True,1,1,2026-09-07 14:41:16.400000095+00:00,17.473266665140788
1788792562.383,1788792076.6,78.66179766666667,16.923055499999997,True,1,1,2026-09-07 14:41:16.599999905+00:00,17.476633330186207
1788792562.585,1788792076.8,78.66179766666667,16.923054999999998,True,1,1,2026-09-07 14:41:16.799999952+00:00,17.479999999205273
1788792562.784,1788792077.0,78.66179783333334,16.923054166666667,True,1,1,2026-09-07 14:41:17+00:00,17.48331666390101
1788792562.982,1788792077.2,78.66179783333334,16.923053499999998,True,1,1,2026-09-07 14:41:17.200000048+00:00,17.486616667111715
1788792563.182,1788792077.4,78.66179783333334,16.923053,True,1,1,2026-09-07 14:41:17.400000095+00:00,17.489949997266134
1788792563.382,1788792077.6,78.661798,16.923052499999997,True,1,1,2026-09-07 14:41:17.599999905+00:00,17.493283331394196
1788792563.586,1788792077.8,78.661798,16.923052166666665,True,1,1,2026-09-07 14:41:17.799999952+00:00,17.49668333133062
1788792563.784,1788792078.0,78.66179816666666,16.923051666666666,True,1,1,2026-09-07 14:41:18+00:00,17.499983330567677
1788792563.985,1788792078.2,78.66179833333334,16.923051166666667,True,1,1,2026-09-07 14:41:18.200000048+00:00,17.50333333015442
1788792564.184,1788792078.4,78.66179833333334,16.92305083333333,True,1,1,2026-09-07 14:41:18.400000095+00:00,17.5066499988238
1788792564.384,1788792078.6,78.66179833333334,16.923050166666666,True,1,1,2026-09-07 14:41:18.599999905+00:00,17.509983332951865
1788792564.582,1788792078.8,78.6617985,16.923049666666667,True,1,1,2026-09-07 14:41:18.799999952+00:00,17.513283332188923
1788792564.781,1788792079.0,78.6617985,16.923049,True,1,1,2026-09-07 14:41:19+00:00,17.516599996884665
1788792564.982,1788792079.2,78.66179866666667,16.9230485,True,1,1,2026-09-07 14:41:19.200000048+00:00,17.519950000445046
1788792565.183,1788792079.4,78.66179866666667,16.92304783333333,True,1,1,2026-09-07 14:41:19.400000095+00:00,17.52330000003179
1788792565.385,1788792079.6,78.66179883333332,16.923047333333333,True,1,1,2026-09-07 14:41:19.599999905+00:00,17.526666665077208
1788792565.583,1788792079.8,78.66179883333332,16.923046666666668,True,1,1,2026-09-07 14:41:19.799999952+00:00,17.52996666431427
1788792565.784,1788792080.0,78.66179883333332,16.923046,True,1,1,2026-09-07 14:41:20+00:00,17.53331666390101
1788792565.983,1788792080.2,78.661799,16.9230455,True,1,1,2026-09-07 14:41:20.200000048+00:00,17.536633332570393
1788792566.183,1788792080.4,78.661799,16.923044666666666,True,1,1,2026-09-07 14:41:20.400000095+00:00,17.539966666698454
1788792566.384,1788792080.6,78.661799,16.923044,True,1,1,2026-09-07 14:41:20.599999905+00:00,17.543316666285197
1788792566.584,1788792080.8,78.661799,16.923043333333332,True,1,1,2026-09-07 14:41:20.799999952+00:00,17.54665000041326
1788792566.782,1788792081.0,78.66179916666667,16.9230425,True,1,1,2026-09-07 14:41:21+00:00,17.54994999965032
1788792566.983,1788792081.2,78.66179916666667,16.923041833333333,True,1,1,2026-09-07 14:41:21.200000048+00:00,17.553299999237062
1788792567.183,1788792081.4,78.66179916666667,16.923041,True,1,1,2026-09-07 14:41:21.400000095+00:00,17.556633333365124
1788792567.383,1788792081.6,78.66179916666667,16.923040333333333,True,1,1,2026-09-07 14:41:21.599999905+00:00,17.559966663519543
1788792567.581,1788792081.8,78.66179916666667,16.923039833333334,True,1,1,2026-09-07 14:41:21.799999952+00:00,17.563266666730247
1788792567.785,1788792082.0,78.66179933333333,16.923039000000003,True,1,1,2026-09-07 14:41:22+00:00,17.566666666666666
1788792567.983,1788792082.2,78.66179933333333,16.923038166666668,True,1,1,2026-09-07 14:41:22.200000048+00:00,17.569966665903728
1788792568.182,1788792082.4,78.66179933333333,16.923037500000003,True,1,1,2026-09-07 14:41:22.400000095+00:00,17.573283330599466
1788792568.384,1788792082.6,78.66179933333333,16.92303666666667,True,1,1,2026-09-07 14:41:22.599999905+00:00,17.57664999961853
1788792568.584,1788792082.8,78.66179933333333,16.923036000000003,True,1,1,2026-09-07 14:41:22.799999952+00:00,17.579983333746593
1788792568.784,1788792083.0,78.66179933333333,16.923035333333335,True,1,1,2026-09-07 14:41:23+00:00,17.583316663901012
1788792568.98,1788792083.2,78.6617995,16.923034500000004,True,1,1,2026-09-07 14:41:23.200000048+00:00,17.586583332220712
1788792569.181,1788792083.4,78.6617995,16.92303383333333,True,1,1,2026-09-07 14:41:23.400000095+00:00,17.589933331807455
1788792569.381,1788792083.6,78.6617995,16.923033,True,1,1,2026-09-07 14:41:23.599999905+00:00,17.593266665935516
1788792569.583,1788792083.8,78.6617995,16.92303233333333,True,1,1,2026-09-07 14:41:23.799999952+00:00,17.596633330980936
1788792569.783,1788792084.0,78.6617995,16.9230315,True,1,1,2026-09-07 14:41:24+00:00,17.599966665108997
1788792569.983,1788792084.2,78.6617995,16.923030999999998,True,1,1,2026-09-07 14:41:24.200000048+00:00,17.60329999923706
1788792570.182,1788792084.4,78.6617995,16.923030166666667,True,1,1,2026-09-07 14:41:24.400000095+00:00,17.6066166639328
1788792570.38,1788792084.6,78.6617995,16.9230295,True,1,1,2026-09-07 14:41:24.599999905+00:00,17.609916667143505
1788792570.583,1788792084.8,78.6617995,16.923028666666667,True,1,1,2026-09-07 14:41:24.799999952+00:00,17.613299997647605
1788792570.784,1788792085.0,78.6617995,16.923028166666665,True,1,1,2026-09-07 14:41:25+00:00,17.616649997234344
1788792570.983,1788792085.2,78.6617995,16.923027333333334,True,1,1,2026-09-07 14:41:25.200000048+00:00,17.61996666590373
1788792571.183,1788792085.4,78.6617995,16.9230265,True,1,1,2026-09-07 14:41:25.400000095+00:00,17.62330000003179
1788792571.383,1788792085.6,78.6617995,16.923026,True,1,1,2026-09-07 14:41:25.599999905+00:00,17.62663333018621
1788792571.582,1788792085.8,78.66179966666667,16.92302533333333,True,1,1,2026-09-07 14:41:25.799999952+00:00,17.62994999885559
1788792571.781,1788792086.0,78.66179966666667,16.923024666666667,True,1,1,2026-09-07 14:41:26+00:00,17.633266663551332
1788792571.983,1788792086.2,78.66179966666667,16.923024,True,1,1,2026-09-07 14:41:26.200000048+00:00,17.636633332570394
1788792572.182,1788792086.4,78.66179966666667,16.923023166666667,True,1,1,2026-09-07 14:41:26.400000095+00:00,17.639949997266132
1788792572.384,1788792086.6,78.66179966666667,16.923022500000002,True,1,1,2026-09-07 14:41:26.599999905+00:00,17.643316666285198
1788792572.583,1788792086.8,78.66179966666667,16.923021666666667,True,1,1,2026-09-07 14:41:26.799999952+00:00,17.646633330980936
1788792572.785,1788792087.0,78.66179966666667,16.92302116666667,True,1,1,2026-09-07 14:41:27+00:00,17.65
1788792572.983,1788792087.2,78.66179983333333,16.923020333333334,True,1,1,2026-09-07 14:41:27.200000048+00:00,17.65329999923706
1788792573.18,1788792087.4,78.66179983333333,16.92301966666667,True,1,1,2026-09-07 14:41:27.400000095+00:00,17.65658333301544
1788792573.381,1788792087.6,78.66179983333333,16.923019,True,1,1,2026-09-07 14:41:27.599999905+00:00,17.659933332602183
1788792573.582,1788792087.8,78.66179983333333,16.92301816666667,True,1,1,2026-09-07 14:41:27.799999952+00:00,17.663283332188925
1788792573.781,1788792088.0,78.66179983333333,16.9230175,True,1,1,2026-09-07 14:41:28+00:00,17.666599996884663
1788792573.982,1788792088.2,78.66179983333333,16.92301666666667,True,1,1,2026-09-07 14:41:28.200000048+00:00,17.66995000044505
1788792574.184,1788792088.4,78.66179983333333,16.923015833333334,True,1,1,2026-09-07 14:41:28.400000095+00:00,17.673316665490468
1788792574.384,1788792088.6,78.6618,16.923015333333336,True,1,1,2026-09-07 14:41:28.599999905+00:00,17.67664999961853
1788792574.585,1788792088.8,78.6618,16.9230145,True,1,1,2026-09-07 14:41:28.799999952+00:00,17.679999999205272
1788792574.783,1788792089.0,78.6618,16.923013833333336,True,1,1,2026-09-07 14:41:29+00:00,17.683299998442333
1788792574.984,1788792089.2,78.66180016666667,16.923013,True,1,1,2026-09-07 14:41:29.200000048+00:00,17.686649998029072
1788792575.183,1788792089.4,78.66180016666667,16.92301216666667,True,1,1,2026-09-07 14:41:29.400000095+00:00,17.689966666698457
1788792575.384,1788792089.6,78.66180016666667,16.92301133333333,True,1,1,2026-09-07 14:41:29.599999905+00:00,17.693316666285195
1788792575.585,1788792089.8,78.66180016666667,16.9230105,True,1,1,2026-09-07 14:41:29.799999952+00:00,17.696666665871938
1788792575.783,1788792090.0,78.66180016666667,16.923009666666665,True,1,1,2026-09-07 14:41:30+00:00,17.699966665109
1788792575.982,1788792090.2,78.66180016666667,16.92300883333333,True,1,1,2026-09-07 14:41:30.200000048+00:00,17.70328333377838
1788792576.184,1788792090.4,78.66180033333333,16.923007833333333,True,1,1,2026-09-07 14:41:30.400000095+00:00,17.706649998823803
1788792576.384,1788792090.6,78.66180033333333,16.923007,True,1,1,2026-09-07 14:41:30.599999905+00:00,17.709983332951865
1788792576.583,1788792090.8,78.66180033333333,16.92300583333333,True,1,1,2026-09-07 14:41:30.799999952+00:00,17.713299997647603
1788792576.785,1788792091.0,78.66180033333333,16.923005,True,1,1,2026-09-07 14:41:31+00:00,17.716666666666665
1788792576.985,1788792091.2,78.66180033333333,16.923004166666665,True,1,1,2026-09-07 14:41:31.200000048+00:00,17.719999996821084
1788792577.185,1788792091.4,78.66180033333333,16.923003166666668,True,1,1,2026-09-07 14:41:31.400000095+00:00,17.72333333094915
1788792577.384,1788792091.6,78.66180033333333,16.923002166666667,True,1,1,2026-09-07 14:41:31.599999905+00:00,17.72664999961853
1788792577.584,1788792091.8,78.66180033333333,16.923001,True,1,1,2026-09-07 14:41:31.799999952+00:00,17.729983333746592
1788792577.783,1788792092.0,78.66180033333333,16.923000000000002,True,1,1,2026-09-07 14:41:32+00:00,17.73329999844233
1788792577.983,1788792092.2,78.66180033333333,16.922998833333335,True,1,1,2026-09-07 14:41:32.200000048+00:00,17.736633332570396
1788792578.184,1788792092.4,78.66180033333333,16.922997666666667,True,1,1,2026-09-07 14:41:32.400000095+00:00,17.739983332157134
1788792578.383,1788792092.6,78.66180033333333,16.9229965,True,1,1,2026-09-07 14:41:32.599999905+00:00,17.743299996852876
1788792578.582,1788792092.8,78.66180033333333,16.922995166666666,True,1,1,2026-09-07 14:41:32.799999952+00:00,17.746616665522257
1788792578.78,1788792093.0,78.66180033333333,16.922994000000003,True,1,1,2026-09-07 14:41:33+00:00,17.74991666475932
1788792578.983,1788792093.2,78.66180033333333,16.922993,True,1,1,2026-09-07 14:41:33.200000048+00:00,17.75329999923706
1788792579.185,1788792093.4,78.66180033333333,16.922991833333334,True,1,1,2026-09-07 14:41:33.400000095+00:00,17.75666666428248
1788792579.385,1788792093.6,78.66180033333333,16.922990666666667,True,1,1,2026-09-07 14:41:33.599999905+00:00,17.759999998410542
1788792579.584,1788792093.8,78.66180033333333,16.922989500000003,True,1,1,2026-09-07 14:41:33.799999952+00:00,17.763316667079927
1788792579.784,1788792094.0,78.66180033333333,16.9229885,True,1,1,2026-09-07 14:41:34+00:00,17.766649997234346
1788792579.983,1788792094.2,78.66180033333333,16.92298733333333,True,1,1,2026-09-07 14:41:34.200000048+00:00,17.769966665903727
1788792580.184,1788792094.4,78.66180033333333,16.922985999999998,True,1,1,2026-09-07 14:41:34.400000095+00:00,17.77331666549047
1788792580.383,1788792094.6,78.6618005,16.922985,True,1,1,2026-09-07 14:41:34.599999905+00:00,17.776633330186208
1788792580.584,1788792094.8,78.6618005,16.922983833333333,True,1,1,2026-09-07 14:41:34.799999952+00:00,17.779983333746593
1788792580.783,1788792095.0,78.6618005,16.9229825,True,1,1,2026-09-07 14:41:35+00:00,17.78329999844233
1788792580.982,1788792095.2,78.6618005,16.922981333333333,True,1,1,2026-09-07 14:41:35.200000048+00:00,17.786616667111716
1788792581.182,1788792095.4,78.6618005,16.922980166666665,True,1,1,2026-09-07 14:41:35.400000095+00:00,17.789949997266135
1788792581.38,1788792095.6,78.66180066666668,16.922979,True,1,1,2026-09-07 14:41:35.599999905+00:00,17.79325000047684
1788792581.584,1788792095.8,78.66180066666668,16.922977666666668,True,1,1,2026-09-07 14:41:35.799999952+00:00,17.79665000041326
1788792581.787,1788792096.0,78.66180066666668,16.922976666666667,True,1,1,2026-09-07 14:41:36+00:00,17.80003333091736
1788792581.984,1788792096.2,78.66180066666668,16.922975166666667,True,1,1,2026-09-07 14:41:36.200000048+00:00,17.80331666469574
1788792582.183,1788792096.4,78.66180066666668,16.922973833333334,True,1,1,2026-09-07 14:41:36.400000095+00:00,17.806633333365124
1788792582.384,1788792096.6,78.66180066666668,16.922972666666666,True,1,1,2026-09-07 14:41:36.599999905+00:00,17.809983332951862
1788792582.584,1788792096.8,78.66180066666668,16.922971500000003,True,1,1,2026-09-07 14:41:36.799999952+00:00,17.813316667079924
1788792582.783,1788792097.0,78.66180066666668,16.922970000000003,True,1,1,2026-09-07 14:41:37+00:00,17.816633331775666
1788792582.984,1788792097.2,78.66180083333333,16.922968833333336,True,1,1,2026-09-07 14:41:37.200000048+00:00,17.819983331362405
1788792583.181,1788792097.4,78.66180083333333,16.92296766666667,True,1,1,2026-09-07 14:41:37.400000095+00:00,17.82326666514079
1788792583.381,1788792097.6,78.66180083333333,16.92296633333333,True,1,1,2026-09-07 14:41:37.599999905+00:00,17.82659999926885
1788792583.58,1788792097.8,78.66180083333333,16.922965166666664,True,1,1,2026-09-07 14:41:37.799999952+00:00,17.82991666396459
1788792583.781,1788792098.0,78.66180083333333,16.92296383333333,True,1,1,2026-09-07 14:41:38+00:00,17.83326666355133
1788792583.983,1788792098.2,78.66180083333333,16.9229625,True,1,1,2026-09-07 14:41:38.200000048+00:00,17.836633332570393
1788792584.181,1788792098.4,78.661801,16.922961166666667,True,1,1,2026-09-07 14:41:38.400000095+00:00,17.839933331807455
1788792584.382,1788792098.6,78.661801,16.922959833333334,True,1,1,2026-09-07 14:41:38.599999905+00:00,17.843283331394197
1788792584.583,1788792098.8,78.661801,16.922958333333334,True,1,1,2026-09-07 14:41:38.799999952+00:00,17.846633330980936
1788792584.783,1788792099.0,78.661801,16.922957,True,1,1,2026-09-07 14:41:39+00:00,17.849966665108997
1788792584.983,1788792099.2,78.661801,16.922955666666667,True,1,1,2026-09-07 14:41:39.200000048+00:00,17.85329999923706
1788792585.183,1788792099.4,78.661801,16.922954333333333,True,1,1,2026-09-07 14:41:39.400000095+00:00,17.85663333336512
1788792585.383,1788792099.6,78.661801,16.922953,True,1,1,2026-09-07 14:41:39.599999905+00:00,17.85996666351954
1788792585.581,1788792099.8,78.661801,16.922951666666666,True,1,1,2026-09-07 14:41:39.799999952+00:00,17.863266666730244
1788792585.783,1788792100.0,78.661801,16.922950333333333,True,1,1,2026-09-07 14:41:40+00:00,17.866633331775667
1788792585.983,1788792100.2,78.661801,16.922949000000003,True,1,1,2026-09-07 14:41:40.200000048+00:00,17.86996666590373
1788792586.184,1788792100.4,78.661801,16.92294766666667,True,1,1,2026-09-07 14:41:40.400000095+00:00,17.873316665490467
1788792586.382,1788792100.6,78.661801,16.922946333333336,True,1,1,2026-09-07 14:41:40.599999905+00:00,17.87661666472753
1788792586.583,1788792100.8,78.66180116666666,16.922945000000002,True,1,1,2026-09-07 14:41:40.799999952+00:00,17.87996666431427
1788792586.783,1788792101.0,78.661801,16.92294383333333,True,1,1,2026-09-07 14:41:41+00:00,17.883299998442332
1788792586.98,1788792101.2,78.661801,16.922942499999998,True,1,1,2026-09-07 14:41:41.200000048+00:00,17.886583332220713
1788792587.182,1788792101.4,78.661801,16.922940999999998,True,1,1,2026-09-07 14:41:41.400000095+00:00,17.889949997266132
1788792587.383,1788792101.6,78.661801,16.92293983333333,True,1,1,2026-09-07 14:41:41.599999905+00:00,17.893299996852875
1788792587.583,1788792101.8,78.661801,16.9229385,True,1,1,2026-09-07 14:41:41.799999952+00:00,17.896633330980936
1788792587.784,1788792102.0,78.661801,16.922937166666667,True,1,1,2026-09-07 14:41:42+00:00,17.89998333056768
1788792587.982,1788792102.2,78.661801,16.922936,True,1,1,2026-09-07 14:41:42.200000048+00:00,17.903283333778383
1788792588.184,1788792102.4,78.661801,16.922934666666666,True,1,1,2026-09-07 14:41:42.400000095+00:00,17.906649998823802
1788792588.381,1788792102.6,78.661801,16.9229335,True,1,1,2026-09-07 14:41:42.599999905+00:00,17.909933332602183
1788792588.584,1788792102.8,78.661801,16.922932166666666,True,1,1,2026-09-07 14:41:42.799999952+00:00,17.913316667079926
1788792588.783,1788792103.0,78.661801,16.922931000000002,True,1,1,2026-09-07 14:41:43+00:00,17.916633331775664
1788792588.985,1788792103.2,78.661801,16.922929833333335,True,1,1,2026-09-07 14:41:43.200000048+00:00,17.919999996821087
1788792589.182,1788792103.4,78.661801,16.922928833333334,True,1,1,2026-09-07 14:41:43.400000095+00:00,17.923283330599467
1788792589.381,1788792103.6,78.66180083333333,16.922927666666666,True,1,1,2026-09-07 14:41:43.599999905+00:00,17.92659999926885
1788792589.58,1788792103.8,78.66180083333333,16.922926500000003,True,1,1,2026-09-07 14:41:43.799999952+00:00,17.92991666396459
1788792589.78,1788792104.0,78.66180083333333,16.922925333333335,True,1,1,2026-09-07 14:41:44+00:00,17.933249998092652
1788792589.984,1788792104.2,78.66180083333333,16.922924333333334,True,1,1,2026-09-07 14:41:44.200000048+00:00,17.936649998029072
1788792590.184,1788792104.4,78.66180083333333,16.922923166666667,True,1,1,2026-09-07 14:41:44.400000095+00:00,17.939983332157134
1788792590.384,1788792104.6,78.66180083333333,16.922922000000003,True,1,1,2026-09-07 14:41:44.599999905+00:00,17.943316666285195
1788792590.585,1788792104.8,78.66180083333333,16.922921,True,1,1,2026-09-07 14:41:44.799999952+00:00,17.946666665871938
1788792590.785,1788792105.0,78.66180083333333,16.922919999999998,True,1,1,2026-09-07 14:41:45+00:00,17.95
1788792590.984,1788792105.2,78.66180083333333,16.922919,True,1,1,2026-09-07 14:41:45.200000048+00:00,17.95331666469574
1788792591.182,1788792105.4,78.66180083333333,16.922918,True,1,1,2026-09-07 14:41:45.400000095+00:00,17.9566166639328
1788792591.382,1788792105.6,78.66180066666668,16.922916999999998,True,1,1,2026-09-07 14:41:45.599999905+00:00,17.95994999806086
1788792591.582,1788792105.8,78.66180066666668,16.92291583333333,True,1,1,2026-09-07 14:41:45.799999952+00:00,17.963283332188926
1788792591.784,1788792106.0,78.66180066666668,16.922914833333333,True,1,1,2026-09-07 14:41:46+00:00,17.966649997234345
1788792591.984,1788792106.2,78.66180066666668,16.922913833333332,True,1,1,2026-09-07 14:41:46.200000048+00:00,17.969983331362407
1788792592.183,1788792106.4,78.6618005,16.92291283333333,True,1,1,2026-09-07 14:41:46.400000095+00:00,17.973300000031788
1788792592.382,1788792106.6,78.6618005,16.922911833333334,True,1,1,2026-09-07 14:41:46.599999905+00:00,17.97661666472753
1788792592.584,1788792106.8,78.6618005,16.922910833333333,True,1,1,2026-09-07 14:41:46.799999952+00:00,17.979983333746592
1788792592.784,1788792107.0,78.66180033333333,16.92291,True,1,1,2026-09-07 14:41:47+00:00,17.98331666390101
1788792592.987,1788792107.2,78.66180033333333,16.922909,True,1,1,2026-09-07 14:41:47.200000048+00:00,17.986699998378754
1788792593.185,1788792107.4,78.66180033333333,16.922908166666666,True,1,1,2026-09-07 14:41:47.400000095+00:00,17.989999997615815
1788792593.383,1788792107.6,78.66180033333333,16.92290716666667,True,1,1,2026-09-07 14:41:47.599999905+00:00,17.993299996852876
1788792593.582,1788792107.8,78.66180033333333,16.922906166666667,True,1,1,2026-09-07 14:41:47.799999952+00:00,17.996616665522257
1788792593.782,1788792108.0,78.66180033333333,16.922905333333333,True,1,1,2026-09-07 14:41:48+00:00,17.99994999965032
1788792593.984,1788792108.2,78.66180033333333,16.922904333333335,True,1,1,2026-09-07 14:41:48.200000048+00:00,18.00331666469574
1788792594.184,1788792108.4,78.66180016666667,16.9229035,True,1,1,2026-09-07 14:41:48.400000095+00:00,18.0066499988238
1788792594.384,1788792108.6,78.66180016666667,16.92290266666667,True,1,1,2026-09-07 14:41:48.599999905+00:00,18.009983332951865
1788792594.584,1788792108.8,78.66180016666667,16.922901666666668,True,1,1,2026-09-07 14:41:48.799999952+00:00,18.013316667079927
1788792594.783,1788792109.0,78.66180016666667,16.922900833333333,True,1,1,2026-09-07 14:41:49+00:00,18.016633331775665
1788792594.983,1788792109.2,78.66180016666667,16.922900000000002,True,1,1,2026-09-07 14:41:49.200000048+00:00,18.019966665903727
1788792595.181,1788792109.4,78.6618,16.922899166666664,True,1,1,2026-09-07 14:41:49.400000095+00:00,18.02326666514079
1788792595.383,1788792109.6,78.6618,16.922898166666666,True,1,1,2026-09-07 14:41:49.599999905+00:00,18.026633330186208
1788792595.584,1788792109.8,78.6618,16.922897166666665,True,1,1,2026-09-07 14:41:49.799999952+00:00,18.029983333746593
1788792595.785,1788792110.0,78.6618,16.92289633333333,True,1,1,2026-09-07 14:41:50+00:00,18.033333333333335
1788792595.986,1788792110.2,78.66179983333333,16.9228955,True,1,1,2026-09-07 14:41:50.200000048+00:00,18.036683332920074
1788792596.183,1788792110.4,78.66179983333333,16.922894499999998,True,1,1,2026-09-07 14:41:50.400000095+00:00,18.039966666698454
1788792596.384,1788792110.6,78.66179983333333,16.922893666666667,True,1,1,2026-09-07 14:41:50.599999905+00:00,18.043316666285197
1788792596.581,1788792110.8,78.66179983333333,16.922892833333332,True,1,1,2026-09-07 14:41:50.799999952+00:00,18.046600000063577
1788792596.784,1788792111.0,78.66179983333333,16.922892,True,1,1,2026-09-07 14:41:51+00:00,18.049983330567677
1788792596.984,1788792111.2,78.66179966666667,16.922891166666666,True,1,1,2026-09-07 14:41:51.200000048+00:00,18.05331666469574
1788792597.184,1788792111.4,78.66179966666667,16.92289033333333,True,1,1,2026-09-07 14:41:51.400000095+00:00,18.0566499988238
1788792597.384,1788792111.6,78.66179966666667,16.9228895,True,1,1,2026-09-07 14:41:51.599999905+00:00,18.059983332951862
1788792597.583,1788792111.8,78.66179966666667,16.92288883333333,True,1,1,2026-09-07 14:41:51.799999952+00:00,18.063299997647604
1788792597.783,1788792112.0,78.66179966666667,16.922887833333334,True,1,1,2026-09-07 14:41:52+00:00,18.066633331775666
1788792597.982,1788792112.2,78.66179966666667,16.922887,True,1,1,2026-09-07 14:41:52.200000048+00:00,18.069950000445047
1788792598.184,1788792112.4,78.6617995,16.922886166666668,True,1,1,2026-09-07 14:41:52.400000095+00:00,18.07331666549047
1788792598.384,1788792112.6,78.6617995,16.922885333333333,True,1,1,2026-09-07 14:41:52.599999905+00:00,18.07664999961853
1788792598.586,1788792112.8,78.6617995,16.922884500000002,True,1,1,2026-09-07 14:41:52.799999952+00:00,18.08001666466395
1788792598.784,1788792113.0,78.6617995,16.922883833333334,True,1,1,2026-09-07 14:41:53+00:00,18.083316663901012
1788792598.984,1788792113.2,78.66179933333333,16.922883000000002,True,1,1,2026-09-07 14:41:53.200000048+00:00,18.086649998029074
1788792599.185,1788792113.4,78.66179933333333,16.922882,True,1,1,2026-09-07 14:41:53.400000095+00:00,18.089999997615813
1788792599.384,1788792113.6,78.66179933333333,16.922881166666667,True,1,1,2026-09-07 14:41:53.599999905+00:00,18.093316666285197
1788792599.582,1788792113.8,78.66179933333333,16.922880333333335,True,1,1,2026-09-07 14:41:53.799999952+00:00,18.09661666552226
1788792599.782,1788792114.0,78.66179933333333,16.922879666666667,True,1,1,2026-09-07 14:41:54+00:00,18.09994999965032
1788792599.985,1788792114.2,78.66179933333333,16.922878833333336,True,1,1,2026-09-07 14:41:54.200000048+00:00,18.10333333015442
1788792600.184,1788792114.4,78.66179933333333,16.922878166666667,True,1,1,2026-09-07 14:41:54.400000095+00:00,18.1066499988238
1788792600.384,1788792114.6,78.66179933333333,16.922877500000002,True,1,1,2026-09-07 14:41:54.599999905+00:00,18.109983332951863
1788792600.584,1788792114.8,78.66179933333333,16.922876666666664,True,1,1,2026-09-07 14:41:54.799999952+00:00,18.113316667079925
1788792600.78,1788792115.0,78.66179933333333,16.922875833333332,True,1,1,2026-09-07 14:41:55+00:00,18.116583331425986
1788792600.984,1788792115.2,78.66179933333333,16.922874999999998,True,1,1,2026-09-07 14:41:55.200000048+00:00,18.119983331362405
1788792601.185,1788792115.4,78.66179916666667,16.922874,True,1,1,2026-09-07 14:41:55.400000095+00:00,18.123333330949148
1788792601.384,1788792115.6,78.66179916666667,16.922873166666665,True,1,1,2026-09-07 14:41:55.599999905+00:00,18.12664999961853
1788792601.584,1788792115.8,78.66179916666667,16.92287233333333,True,1,1,2026-09-07 14:41:55.799999952+00:00,18.12998333374659
1788792601.785,1788792116.0,78.66179916666667,16.922871333333333,True,1,1,2026-09-07 14:41:56+00:00,18.133333333333333
1788792601.981,1788792116.2,78.66179916666667,16.9228705,True,1,1,2026-09-07 14:41:56.200000048+00:00,18.136599997679394
1788792602.184,1788792116.4,78.66179916666667,16.9228695,True,1,1,2026-09-07 14:41:56.400000095+00:00,18.139983332157136
1788792602.381,1788792116.6,78.66179916666667,16.922868666666666,True,1,1,2026-09-07 14:41:56.599999905+00:00,18.143266665935517
1788792602.582,1788792116.8,78.66179916666667,16.922867666666665,True,1,1,2026-09-07 14:41:56.799999952+00:00,18.146616665522256
1788792602.782,1788792117.0,78.66179916666667,16.922866833333334,True,1,1,2026-09-07 14:41:57+00:00,18.14994999965032
1788792602.993,1788792117.2,78.66179916666667,16.922865833333333,True,1,1,2026-09-07 14:41:57.200000048+00:00,18.15346666574478
1788792603.183,1788792117.4,78.66179916666667,16.922865,True,1,1,2026-09-07 14:41:57.400000095+00:00,18.15663333336512
1788792603.38,1788792117.6,78.66179916666667,16.922864,True,1,1,2026-09-07 14:41:57.599999905+00:00,18.159916667143502
1788792603.578,1788792117.8,78.66179916666667,16.922863166666666,True,1,1,2026-09-07 14:41:57.799999952+00:00,18.163216666380563
1788792603.78,1788792118.0,78.66179916666667,16.922862333333335,True,1,1,2026-09-07 14:41:58+00:00,18.166583331425986
1788792603.982,1788792118.2,78.66179916666667,16.9228615,True,1,1,2026-09-07 14:41:58.200000048+00:00,18.16995000044505
1788792604.181,1788792118.4,78.66179916666667,16.922860500000002,True,1,1,2026-09-07 14:41:58.400000095+00:00,18.173266665140787
1788792604.381,1788792118.6,78.66179916666667,16.922859666666668,True,1,1,2026-09-07 14:41:58.599999905+00:00,18.17659999926885
1788792604.583,1788792118.8,78.66179916666667,16.9228585,True,1,1,2026-09-07 14:41:58.799999952+00:00,18.17996666431427
1788792604.787,1788792119.0,78.66179916666667,16.92285766666667,True,1,1,2026-09-07 14:41:59+00:00,18.18336666425069
1788792604.982,1788792119.2,78.66179916666667,16.922856666666668,True,1,1,2026-09-07 14:41:59.200000048+00:00,18.186616667111714
1788792605.183,1788792119.4,78.66179916666667,16.922855666666667,True,1,1,2026-09-07 14:41:59.400000095+00:00,18.189966666698457
1788792605.382,1788792119.6,78.66179916666667,16.922855000000002,True,1,1,2026-09-07 14:41:59.599999905+00:00,18.193283331394195
1788792605.583,1788792119.8,78.66179916666667,16.922854166666664,True,1,1,2026-09-07 14:41:59.799999952+00:00,18.196633330980937
1788792605.783,1788792120.0,78.66179916666667,16.922853333333332,True,1,1,2026-09-07 14:42:00+00:00,18.199966665109
1788792605.991,1788792120.2,78.66179933333333,16.922852499999998,True,1,1,2026-09-07 14:42:00.200000048+00:00,18.20343333085378
1788792606.18,1788792120.4,78.66179933333333,16.922851666666666,True,1,1,2026-09-07 14:42:00.400000095+00:00,18.20658333301544
1788792606.382,1788792120.6,78.66179933333333,16.922850999999998,True,1,1,2026-09-07 14:42:00.599999905+00:00,18.20994999806086
1788792606.583,1788792120.8,78.66179933333333,16.922850166666667,True,1,1,2026-09-07 14:42:00.799999952+00:00,18.213299997647603
1788792606.784,1788792121.0,78.66179933333333,16.922849333333332,True,1,1,2026-09-07 14:42:01+00:00,18.216649997234345
1788792606.984,1788792121.2,78.6617995,16.922848666666667,True,1,1,2026-09-07 14:42:01.200000048+00:00,18.219983331362407
1788792607.183,1788792121.4,78.6617995,16.922847833333332,True,1,1,2026-09-07 14:42:01.400000095+00:00,18.223300000031788
1788792607.383,1788792121.6,78.6617995,16.922847166666667,True,1,1,2026-09-07 14:42:01.599999905+00:00,18.226633330186207
1788792607.582,1788792121.8,78.6617995,16.922846166666666,True,1,1,2026-09-07 14:42:01.799999952+00:00,18.22994999885559
1788792607.782,1788792122.0,78.6617995,16.9228455,True,1,1,2026-09-07 14:42:02+00:00,18.233283332983653
1788792607.982,1788792122.2,78.66179966666667,16.922844666666666,True,1,1,2026-09-07 14:42:02.200000048+00:00,18.236616667111715
1788792608.182,1788792122.4,78.66179966666667,16.922844,True,1,1,2026-09-07 14:42:02.400000095+00:00,18.239949997266134
1788792608.382,1788792122.6,78.66179966666667,16.922843166666667,True,1,1,2026-09-07 14:42:02.599999905+00:00,18.243283331394196
1788792608.584,1788792122.8,78.66179966666667,16.922842166666666,True,1,1,2026-09-07 14:42:02.799999952+00:00,18.246650000413258
1788792608.781,1788792123.0,78.66179983333333,16.922841333333334,True,1,1,2026-09-07 14:42:03+00:00,18.249933330217996
1788792608.979,1788792123.2,78.66179983333333,16.9228405,True,1,1,2026-09-07 14:42:03.200000048+00:00,18.2532333334287
1788792609.182,1788792123.4,78.66179983333333,16.92283966666667,True,1,1,2026-09-07 14:42:03.400000095+00:00,18.2566166639328
1788792609.416,1788792123.6,78.6618,16.922838666666667,True,1,1,2026-09-07 14:42:03.599999905+00:00,18.260516663392384
1788792609.582,1788792123.8,78.6618,16.922838000000002,True,1,1,2026-09-07 14:42:03.799999952+00:00,18.263283332188923
1788792609.782,1788792124.0,78.6618,16.922837166666667,True,1,1,2026-09-07 14:42:04+00:00,18.266616666316985
1788792609.984,1788792124.2,78.66180016666667,16.922836500000003,True,1,1,2026-09-07 14:42:04.200000048+00:00,18.269983331362408
1788792610.182,1788792124.4,78.66180016666667,16.922835666666668,True,1,1,2026-09-07 14:42:04.400000095+00:00,18.273283330599465
1788792610.38,1788792124.6,78.66180033333333,16.922834833333333,True,1,1,2026-09-07 14:42:04.599999905+00:00,18.27658333381017
1788792610.582,1788792124.8,78.66180033333333,16.922834166666668,True,1,1,2026-09-07 14:42:04.799999952+00:00,18.279949998855592
1788792610.782,1788792125.0,78.66180033333333,16.92283366666667,True,1,1,2026-09-07 14:42:05+00:00,18.283283332983654
1788792610.984,1788792125.2,78.6618005,16.922833,True,1,1,2026-09-07 14:42:05.200000048+00:00,18.286649998029073
1788792611.183,1788792125.4,78.6618005,16.922832333333336,True,1,1,2026-09-07 14:42:05.400000095+00:00,18.289966666698454
1788792611.384,1788792125.6,78.66180066666668,16.922832000000003,True,1,1,2026-09-07 14:42:05.599999905+00:00,18.293316666285197
1788792611.582,1788792125.8,78.66180066666668,16.92283133333333,True,1,1,2026-09-07 14:42:05.799999952+00:00,18.296616665522258
1788792611.779,1788792126.0,78.66180083333333,16.922830833333332,True,1,1,2026-09-07 14:42:06+00:00,18.29989999930064
1788792611.988,1788792126.2,78.66180083333333,16.92283033333333,True,1,1,2026-09-07 14:42:06.200000048+00:00,18.3033833305041
1788792612.186,1788792126.4,78.661801,16.922829666666665,True,1,1,2026-09-07 14:42:06.400000095+00:00,18.306683333714805
1788792612.384,1788792126.6,78.661801,16.922829166666666,True,1,1,2026-09-07 14:42:06.599999905+00:00,18.309983332951862
1788792612.585,1788792126.8,78.661801,16.92282883333333,True,1,1,2026-09-07 14:42:06.799999952+00:00,18.313333332538605
1788792612.784,1788792127.0,78.66180116666666,16.922828,True,1,1,2026-09-07 14:42:07+00:00,18.316649997234343
1788792612.985,1788792127.2,78.66180116666666,16.922827666666667,True,1,1,2026-09-07 14:42:07.200000048+00:00,18.319999996821085
1788792613.18,1788792127.4,78.66180116666666,16.922826999999998,True,1,1,2026-09-07 14:42:07.400000095+00:00,18.32324999968211
1788792613.381,1788792127.6,78.66180116666666,16.9228265,True,1,1,2026-09-07 14:42:07.599999905+00:00,18.32659999926885
1788792613.581,1788792127.8,78.66180133333334,16.922826,True,1,1,2026-09-07 14:42:07.799999952+00:00,18.329933333396912
1788792613.781,1788792128.0,78.66180133333334,16.922825666666665,True,1,1,2026-09-07 14:42:08+00:00,18.33326666355133
1788792613.979,1788792128.2,78.66180133333334,16.922825166666666,True,1,1,2026-09-07 14:42:08.200000048+00:00,18.336566666762035
1788792614.184,1788792128.4,78.66180133333334,16.922824833333333,True,1,1,2026-09-07 14:42:08.400000095+00:00,18.339983332157136
1788792614.381,1788792128.6,78.66180133333334,16.922824666666667,True,1,1,2026-09-07 14:42:08.599999905+00:00,18.343266665935516
1788792614.579,1788792128.8,78.66180133333334,16.92282433333333,True,1,1,2026-09-07 14:42:08.799999952+00:00,18.346566665172578
1788792614.782,1788792129.0,78.66180133333334,16.922823833333332,True,1,1,2026-09-07 14:42:09+00:00,18.34994999965032
1788792614.982,1788792129.2,78.6618015,16.922823166666667,True,1,1,2026-09-07 14:42:09.200000048+00:00,18.353283333778382
1788792615.181,1788792129.4,78.6618015,16.92282283333333,True,1,1,2026-09-07 14:42:09.400000095+00:00,18.35659999847412
1788792615.382,1788792129.6,78.6618015,16.922822333333333,True,1,1,2026-09-07 14:42:09.599999905+00:00,18.359949998060863
1788792615.581,1788792129.8,78.66180133333334,16.922821833333334,True,1,1,2026-09-07 14:42:09.799999952+00:00,18.363266666730244
1788792615.782,1788792130.0,78.66180133333334,16.92282133333333,True,1,1,2026-09-07 14:42:10+00:00,18.366616666316986
1788792615.985,1788792130.2,78.66180133333334,16.922820833333333,True,1,1,2026-09-07 14:42:10.200000048+00:00,18.369999996821086
1788792616.181,1788792130.4,78.66180133333334,16.9228205,True,1,1,2026-09-07 14:42:10.400000095+00:00,18.373266665140786
1788792616.381,1788792130.6,78.66180133333334,16.92281983333333,True,1,1,2026-09-07 14:42:10.599999905+00:00,18.37659999926885
1788792616.583,1788792130.8,78.66180133333334,16.922819333333333,True,1,1,2026-09-07 14:42:10.799999952+00:00,18.37996666431427
1788792616.782,1788792131.0,78.66180133333334,16.922818666666668,True,1,1,2026-09-07 14:42:11+00:00,18.383283332983652
1788792616.982,1788792131.2,78.66180116666666,16.922818166666666,True,1,1,2026-09-07 14:42:11.200000048+00:00,18.386616667111713
1788792617.18,1788792131.4,78.66180116666666,16.922817666666667,True,1,1,2026-09-07 14:42:11.400000095+00:00,18.389916666348775
1788792617.379,1788792131.6,78.66180116666666,16.92281716666667,True,1,1,2026-09-07 14:42:11.599999905+00:00,18.393233331044517
1788792617.582,1788792131.8,78.66180116666666,16.922816833333332,True,1,1,2026-09-07 14:42:11.799999952+00:00,18.396616665522256
1788792617.782,1788792132.0,78.66180116666666,16.922816166666667,True,1,1,2026-09-07 14:42:12+00:00,18.39994999965032
1788792617.982,1788792132.2,78.661801,16.92281566666667,True,1,1,2026-09-07 14:42:12.200000048+00:00,18.403283333778383
1788792618.183,1788792132.4,78.661801,16.922815,True,1,1,2026-09-07 14:42:12.400000095+00:00,18.40663333336512
1788792618.384,1788792132.6,78.66180083333333,16.922814333333335,True,1,1,2026-09-07 14:42:12.599999905+00:00,18.409983332951864
1788792618.584,1788792132.8,78.66180083333333,16.922813833333333,True,1,1,2026-09-07 14:42:12.799999952+00:00,18.413316667079926
1788792618.802,1788792133.0,78.66180066666668,16.922813333333334,True,1,1,2026-09-07 14:42:13+00:00,18.416949999332427
1788792618.984,1788792133.2,78.66180066666668,16.92281266666667,True,1,1,2026-09-07 14:42:13.200000048+00:00,18.419983331362406
1788792619.184,1788792133.4,78.6618005,16.922812500000003,True,1,1,2026-09-07 14:42:13.400000095+00:00,18.423316665490468
1788792619.384,1788792133.6,78.6618005,16.922812333333333,True,1,1,2026-09-07 14:42:13.599999905+00:00,18.42664999961853
1788792619.586,1788792133.8,78.6618005,16.922812166666667,True,1,1,2026-09-07 14:42:13.799999952+00:00,18.43001666466395
1788792619.781,1788792134.0,78.66180033333333,16.922812166666667,True,1,1,2026-09-07 14:42:14+00:00,18.43326666355133
1788792619.979,1788792134.2,78.66180033333333,16.922812333333333,True,1,1,2026-09-07 14:42:14.200000048+00:00,18.436566666762033
1788792620.181,1788792134.4,78.66180033333333,16.922812500000003,True,1,1,2026-09-07 14:42:14.400000095+00:00,18.439933331807456
1788792620.383,1788792134.6,78.66180016666667,16.92281266666667,True,1,1,2026-09-07 14:42:14.599999905+00:00,18.443299996852875
1788792620.586,1788792134.8,78.66180016666667,16.922813,True,1,1,2026-09-07 14:42:14.799999952+00:00,18.446683331330618
1788792620.784,1788792135.0,78.66180016666667,16.922813333333334,True,1,1,2026-09-07 14:42:15+00:00,18.44998333056768
1788792620.985,1788792135.2,78.6618,16.922813666666666,True,1,1,2026-09-07 14:42:15.200000048+00:00,18.45333333015442
1788792621.184,1788792135.4,78.6618,16.92281416666667,True,1,1,2026-09-07 14:42:15.400000095+00:00,18.456649998823803
1788792621.383,1788792135.6,78.66179983333333,16.922814666666667,True,1,1,2026-09-07 14:42:15.599999905+00:00,18.45996666351954
1788792621.584,1788792135.8,78.66179983333333,16.922815166666666,True,1,1,2026-09-07 14:42:15.799999952+00:00,18.463316667079926
1788792621.783,1788792136.0,78.66179983333333,16.922815500000002,True,1,1,2026-09-07 14:42:16+00:00,18.466633331775665
1788792621.984,1788792136.2,78.66179966666667,16.922816166666667,True,1,1,2026-09-07 14:42:16.200000048+00:00,18.469983331362407
1788792622.184,1788792136.4,78.66179966666667,16.922816833333332,True,1,1,2026-09-07 14:42:16.400000095+00:00,18.47331666549047
1788792622.383,1788792136.6,78.6617995,16.922817666666667,True,1,1,2026-09-07 14:42:16.599999905+00:00,18.476633330186207
1788792622.583,1788792136.8,78.66179933333333,16.922818166666666,True,1,1,2026-09-07 14:42:16.799999952+00:00,18.47996666431427
1788792622.78,1788792137.0,78.66179916666667,16.922818666666668,True,1,1,2026-09-07 14:42:17+00:00,18.483249998092653
1788792622.983,1788792137.2,78.661799,16.922819333333333,True,1,1,2026-09-07 14:42:17.200000048+00:00,18.486633332570396
1788792623.183,1788792137.4,78.66179883333332,16.92282,True,1,1,2026-09-07 14:42:17.400000095+00:00,18.489966666698457
1788792623.388,1788792137.6,78.66179866666667,16.922820166666668,True,1,1,2026-09-07 14:42:17.599999905+00:00,18.493383332093558
1788792623.587,1788792137.8,78.6617985,16.922820166666668,True,1,1,2026-09-07 14:42:17.799999952+00:00,18.496699996789296
1788792623.783,1788792138.0,78.6617985,16.922820333333334,True,1,1,2026-09-07 14:42:18+00:00,18.499966665109
1788792623.983,1788792138.2,78.66179833333334,16.922820333333334,True,1,1,2026-09-07 14:42:18.200000048+00:00,18.50329999923706
1788792624.182,1788792138.4,78.66179816666666,16.9228205,True,1,1,2026-09-07 14:42:18.400000095+00:00,18.5066166639328
1788792624.383,1788792138.6,78.66179816666666,16.922820666666667,True,1,1,2026-09-07 14:42:18.599999905+00:00,18.509966663519542
1788792624.581,1788792138.8,78.661798,16.922820833333333,True,1,1,2026-09-07 14:42:18.799999952+00:00,18.513266666730246
1788792624.783,1788792139.0,78.66179783333334,16.922820833333333,True,1,1,2026-09-07 14:42:19+00:00,18.516633331775665
1788792624.984,1788792139.2,78.66179766666667,16.922821,True,1,1,2026-09-07 14:42:19.200000048+00:00,18.519983331362408
1788792625.184,1788792139.4,78.66179766666667,16.92282133333333,True,1,1,2026-09-07 14:42:19.400000095+00:00,18.52331666549047
1788792625.384,1788792139.6,78.66179749999999,16.922821666666668,True,1,1,2026-09-07 14:42:19.599999905+00:00,18.52664999961853
1788792625.58,1788792139.8,78.66179733333334,16.922822166666666,True,1,1,2026-09-07 14:42:19.799999952+00:00,18.52991666396459
1788792625.783,1788792140.0,78.66179716666667,16.9228225,True,1,1,2026-09-07 14:42:20+00:00,18.53329999844233
1788792625.984,1788792140.2,78.66179716666667,16.922823,True,1,1,2026-09-07 14:42:20.200000048+00:00,18.536649998029073
1788792626.184,1788792140.4,78.66179699999999,16.922823333333334,True,1,1,2026-09-07 14:42:20.400000095+00:00,18.539983332157135
1788792626.385,1788792140.6,78.66179699999999,16.922823833333332,True,1,1,2026-09-07 14:42:20.599999905+00:00,18.543333331743877
1788792626.584,1788792140.8,78.66179699999999,16.92282433333333,True,1,1,2026-09-07 14:42:20.799999952+00:00,18.54665000041326
1788792626.785,1788792141.0,78.66179683333333,16.922824833333333,True,1,1,2026-09-07 14:42:21+00:00,18.55
1788792626.982,1788792141.2,78.66179683333333,16.922825166666666,True,1,1,2026-09-07 14:42:21.200000048+00:00,18.55328333377838
1788792627.183,1788792141.4,78.66179683333333,16.922825333333332,True,1,1,2026-09-07 14:42:21.400000095+00:00,18.556633333365124
1788792627.384,1788792141.6,78.66179666666667,16.922826,True,1,1,2026-09-07 14:42:21.599999905+00:00,18.559983332951862
1788792627.584,1788792141.8,78.66179666666667,16.922826333333333,True,1,1,2026-09-07 14:42:21.799999952+00:00,18.563316667079924
1788792627.784,1788792142.0,78.66179666666667,16.9228265,True,1,1,2026-09-07 14:42:22+00:00,18.566649997234343
1788792627.985,1788792142.2,78.66179666666667,16.922826666666666,True,1,1,2026-09-07 14:42:22.200000048+00:00,18.569999996821085
1788792628.183,1788792142.4,78.66179666666667,16.922826666666666,True,1,1,2026-09-07 14:42:22.400000095+00:00,18.57330000003179
1788792628.381,1788792142.6,78.66179666666667,16.922826666666666,True,1,1,2026-09-07 14:42:22.599999905+00:00,18.57659999926885
1788792628.584,1788792142.8,78.66179666666667,16.9228265,True,1,1,2026-09-07 14:42:22.799999952+00:00,18.579983333746593
1788792628.783,1788792143.0,78.66179666666667,16.922826666666666,True,1,1,2026-09-07 14:42:23+00:00,18.58329999844233
1788792628.985,1788792143.2,78.66179666666667,16.9228265,True,1,1,2026-09-07 14:42:23.200000048+00:00,18.58666666348775
1788792629.184,1788792143.4,78.66179666666667,16.922826333333333,True,1,1,2026-09-07 14:42:23.400000095+00:00,18.589983332157136
1788792629.384,1788792143.6,78.66179666666667,16.922826166666667,True,1,1,2026-09-07 14:42:23.599999905+00:00,18.593316666285197
1788792629.585,1788792143.8,78.66179666666667,16.922826166666667,True,1,1,2026-09-07 14:42:23.799999952+00:00,18.59666666587194
1788792629.782,1788792144.0,78.66179650000001,16.922826166666667,True,1,1,2026-09-07 14:42:24+00:00,18.59994999965032
1788792629.982,1788792144.2,78.66179650000001,16.922826166666667,True,1,1,2026-09-07 14:42:24.200000048+00:00,18.603283333778382
1788792630.184,1788792144.4,78.66179650000001,16.922826,True,1,1,2026-09-07 14:42:24.400000095+00:00,18.6066499988238
1788792630.384,1788792144.6,78.66179650000001,16.92282583333333,True,1,1,2026-09-07 14:42:24.599999905+00:00,18.609983332951863
1788792630.584,1788792144.8,78.66179650000001,16.922826,True,1,1,2026-09-07 14:42:24.799999952+00:00,18.613316667079925
1788792630.783,1788792145.0,78.66179650000001,16.922826166666667,True,1,1,2026-09-07 14:42:25+00:00,18.616633331775667
1788792630.983,1788792145.2,78.66179650000001,16.922826,True,1,1,2026-09-07 14:42:25.200000048+00:00,18.61996666590373
1788792631.181,1788792145.4,78.66179633333333,16.922826,True,1,1,2026-09-07 14:42:25.400000095+00:00,18.623266665140786
1788792631.383,1788792145.6,78.66179633333333,16.922826,True,1,1,2026-09-07 14:42:25.599999905+00:00,18.62663333018621
1788792631.582,1788792145.8,78.66179633333333,16.922826166666667,True,1,1,2026-09-07 14:42:25.799999952+00:00,18.62994999885559
1788792631.785,1788792146.0,78.66179633333333,16.92282583333333,True,1,1,2026-09-07 14:42:26+00:00,18.633333333333333
1788792631.984,1788792146.2,78.66179616666666,16.922825666666665,True,1,1,2026-09-07 14:42:26.200000048+00:00,18.636649998029075
1788792632.184,1788792146.4,78.66179616666666,16.92282583333333,True,1,1,2026-09-07 14:42:26.400000095+00:00,18.639983332157136
1788792632.384,1788792146.6,78.66179616666666,16.922825666666665,True,1,1,2026-09-07 14:42:26.599999905+00:00,18.643316666285198
1788792632.584,1788792146.8,78.66179600000001,16.922825333333332,True,1,1,2026-09-07 14:42:26.799999952+00:00,18.64665000041326
1788792632.784,1788792147.0,78.66179600000001,16.922824833333333,True,1,1,2026-09-07 14:42:27+00:00,18.64998333056768
1788792632.985,1788792147.2,78.66179583333333,16.922824666666667,True,1,1,2026-09-07 14:42:27.200000048+00:00,18.653333330154418
1788792633.183,1788792147.4,78.66179583333333,16.922824166666665,True,1,1,2026-09-07 14:42:27.400000095+00:00,18.65663333336512
1788792633.386,1788792147.6,78.66179566666666,16.922824,True,1,1,2026-09-07 14:42:27.599999905+00:00,18.66001666386922
1788792633.584,1788792147.8,78.66179566666666,16.9228235,True,1,1,2026-09-07 14:42:27.799999952+00:00,18.663316667079926
1788792633.779,1788792148.0,78.66179566666666,16.922823166666667,True,1,1,2026-09-07 14:42:28+00:00,18.666566665967306
1788792633.982,1788792148.2,78.6617955,16.922822666666665,True,1,1,2026-09-07 14:42:28.200000048+00:00,18.66995000044505
1788792634.183,1788792148.4,78.6617955,16.922822,True,1,1,2026-09-07 14:42:28.400000095+00:00,18.67330000003179
1788792634.383,1788792148.6,78.66179533333334,16.92282133333333,True,1,1,2026-09-07 14:42:28.599999905+00:00,18.67663333018621
1788792634.583,1788792148.8,78.66179533333334,16.922820666666667,True,1,1,2026-09-07 14:42:28.799999952+00:00,18.67996666431427
1788792634.785,1788792149.0,78.66179516666666,16.92282,True,1,1,2026-09-07 14:42:29+00:00,18.683333333333334
1788792634.984,1788792149.2,78.661795,16.922819166666667,True,1,1,2026-09-07 14:42:29.200000048+00:00,18.686649998029072
1788792635.185,1788792149.4,78.661795,16.922818333333332,True,1,1,2026-09-07 14:42:29.400000095+00:00,18.689999997615814
1788792635.386,1788792149.6,78.66179483333333,16.9228175,True,1,1,2026-09-07 14:42:29.599999905+00:00,18.693349997202557
1788792635.586,1788792149.8,78.66179483333333,16.922816666666666,True,1,1,2026-09-07 14:42:29.799999952+00:00,18.696683331330618
1788792635.785,1788792150.0,78.66179466666668,16.922815833333335,True,1,1,2026-09-07 14:42:30+00:00,18.7
1788792635.984,1788792150.2,78.6617945,16.922814666666667,True,1,1,2026-09-07 14:42:30.200000048+00:00,18.70331666469574
1788792636.183,1788792150.4,78.66179433333333,16.922813666666666,True,1,1,2026-09-07 14:42:30.400000095+00:00,18.706633333365122
1788792636.385,1788792150.6,78.66179433333333,16.92281266666667,True,1,1,2026-09-07 14:42:30.599999905+00:00,18.70999999841054
1788792636.581,1788792150.8,78.66179416666667,16.9228115,True,1,1,2026-09-07 14:42:30.799999952+00:00,18.713266666730245
1788792636.784,1788792151.0,78.661794,16.922810666666667,True,1,1,2026-09-07 14:42:31+00:00,18.716649997234345
1788792636.985,1788792151.2,78.66179383333333,16.92280966666667,True,1,1,2026-09-07 14:42:31.200000048+00:00,18.719999996821084
1788792637.185,1788792151.4,78.66179366666667,16.922808666666665,True,1,1,2026-09-07 14:42:31.400000095+00:00,18.72333333094915
1788792637.386,1788792151.6,78.6617935,16.922807666666664,True,1,1,2026-09-07 14:42:31.599999905+00:00,18.726683330535888
1788792637.587,1788792151.8,78.6617935,16.922806666666666,True,1,1,2026-09-07 14:42:31.799999952+00:00,18.73003333012263
1788792637.786,1788792152.0,78.66179333333334,16.92280583333333,True,1,1,2026-09-07 14:42:32+00:00,18.73334999879201
1788792637.982,1788792152.2,78.66179316666667,16.922805166666667,True,1,1,2026-09-07 14:42:32.200000048+00:00,18.736616667111715
1788792638.186,1788792152.4,78.66179316666667,16.922804166666666,True,1,1,2026-09-07 14:42:32.400000095+00:00,18.740016667048135
1788792638.385,1788792152.6,78.661793,16.922803,True,1,1,2026-09-07 14:42:32.599999905+00:00,18.743333331743877
1788792638.585,1788792152.8,78.66179283333332,16.922802,True,1,1,2026-09-07 14:42:32.799999952+00:00,18.74666666587194
1788792638.785,1788792153.0,78.66179266666667,16.922801,True,1,1,2026-09-07 14:42:33+00:00,18.75
1788792638.986,1788792153.2,78.6617925,16.922799666666666,True,1,1,2026-09-07 14:42:33.200000048+00:00,18.753349999586742
1788792639.186,1788792153.4,78.6617925,16.9227985,True,1,1,2026-09-07 14:42:33.400000095+00:00,18.756683333714804
1788792639.384,1788792153.6,78.66179233333334,16.922797166666665,True,1,1,2026-09-07 14:42:33.599999905+00:00,18.759983332951865
1788792639.585,1788792153.8,78.66179216666666,16.922795833333332,True,1,1,2026-09-07 14:42:33.799999952+00:00,18.763333332538604
1788792639.783,1788792154.0,78.661792,16.922794333333332,True,1,1,2026-09-07 14:42:34+00:00,18.766633331775665
1788792639.984,1788792154.2,78.661792,16.922792833333332,True,1,1,2026-09-07 14:42:34.200000048+00:00,18.769983331362408
1788792640.183,1788792154.4,78.66179183333334,16.922791333333333,True,1,1,2026-09-07 14:42:34.400000095+00:00,18.77330000003179
1788792640.387,1788792154.6,78.66179166666667,16.922789833333333,True,1,1,2026-09-07 14:42:34.599999905+00:00,18.776699999968212
1788792640.585,1788792154.8,78.66179166666667,16.922788500000003,True,1,1,2026-09-07 14:42:34.799999952+00:00,18.77999999920527
1788792640.783,1788792155.0,78.66179149999999,16.922786666666664,True,1,1,2026-09-07 14:42:35+00:00,18.78329999844233
1788792640.985,1788792155.2,78.66179149999999,16.922784999999998,True,1,1,2026-09-07 14:42:35.200000048+00:00,18.786666663487754
1788792641.184,1788792155.4,78.66179133333334,16.922783166666665,True,1,1,2026-09-07 14:42:35.400000095+00:00,18.789983332157135
1788792641.385,1788792155.6,78.66179116666667,16.922781333333333,True,1,1,2026-09-07 14:42:35.599999905+00:00,18.793333331743877
1788792641.584,1788792155.8,78.661791,16.9227795,True,1,1,2026-09-07 14:42:35.799999952+00:00,18.79665000041326
1788792641.784,1788792156.0,78.66179083333333,16.9227775,True,1,1,2026-09-07 14:42:36+00:00,18.799983330567677
1788792641.984,1788792156.2,78.66179083333333,16.9227755,True,1,1,2026-09-07 14:42:36.200000048+00:00,18.80331666469574
1788792642.182,1788792156.4,78.66179066666668,16.922773666666668,True,1,1,2026-09-07 14:42:36.400000095+00:00,18.8066166639328
1788792642.385,1788792156.6,78.66179050000001,16.922771666666666,True,1,1,2026-09-07 14:42:36.599999905+00:00,18.809999998410543
1788792642.586,1788792156.8,78.66179050000001,16.922769833333334,True,1,1,2026-09-07 14:42:36.799999952+00:00,18.813349997997285
1788792642.785,1788792157.0,78.66179033333333,16.92276766666667,True,1,1,2026-09-07 14:42:37+00:00,18.816666666666666
1788792642.985,1788792157.2,78.66179016666666,16.9227655,True,1,1,2026-09-07 14:42:37.200000048+00:00,18.819999996821085
1788792643.183,1788792157.4,78.66178983333333,16.922763166666666,True,1,1,2026-09-07 14:42:37.400000095+00:00,18.82330000003179
1788792643.385,1788792157.6,78.66178966666666,16.92276083333333,True,1,1,2026-09-07 14:42:37.599999905+00:00,18.82666666507721
1788792643.587,1788792157.8,78.6617895,16.922758666666667,True,1,1,2026-09-07 14:42:37.799999952+00:00,18.830033330122628
1788792643.787,1788792158.0,78.66178916666667,16.922756166666666,True,1,1,2026-09-07 14:42:38+00:00,18.833366664250693
1788792643.982,1788792158.2,78.66178883333333,16.922753666666665,True,1,1,2026-09-07 14:42:38.200000048+00:00,18.836616667111716
1788792644.183,1788792158.4,78.66178866666668,16.922751166666668,True,1,1,2026-09-07 14:42:38.400000095+00:00,18.839966666698455
1788792644.384,1788792158.6,78.66178833333333,16.922748666666667,True,1,1,2026-09-07 14:42:38.599999905+00:00,18.843316666285197
1788792644.583,1788792158.8,78.66178816666667,16.922745833333334,True,1,1,2026-09-07 14:42:38.799999952+00:00,18.846633330980936
1788792644.781,1788792159.0,78.66178783333334,16.922743,True,1,1,2026-09-07 14:42:39+00:00,18.849933330217997
1788792644.982,1788792159.2,78.6617875,16.922740333333333,True,1,1,2026-09-07 14:42:39.200000048+00:00,18.853283333778382
1788792645.185,1788792159.4,78.66178716666667,16.922737333333334,True,1,1,2026-09-07 14:42:39.400000095+00:00,18.856666664282482
1788792645.384,1788792159.6,78.66178683333332,16.9227345,True,1,1,2026-09-07 14:42:39.599999905+00:00,18.859983332951863
1788792645.585,1788792159.8,78.6617865,16.9227315,True,1,1,2026-09-07 14:42:39.799999952+00:00,18.863333332538605
1788792645.785,1788792160.0,78.66178616666666,16.9227285,True,1,1,2026-09-07 14:42:40+00:00,18.866666666666667
1788792645.985,1788792160.2,78.66178583333334,16.922725500000002,True,1,1,2026-09-07 14:42:40.200000048+00:00,18.869999996821086
1788792646.185,1788792160.4,78.6617855,16.922722500000003,True,1,1,2026-09-07 14:42:40.400000095+00:00,18.873333330949148
1788792646.385,1788792160.6,78.66178516666668,16.922719500000003,True,1,1,2026-09-07 14:42:40.599999905+00:00,18.87666666507721
1788792646.584,1788792160.8,78.66178483333333,16.922716166666664,True,1,1,2026-09-07 14:42:40.799999952+00:00,18.87998333374659
1788792646.784,1788792161.0,78.66178450000001,16.922713166666664,True,1,1,2026-09-07 14:42:41+00:00,18.88331666390101
1788792646.983,1788792161.2,78.66178416666666,16.922709666666666,True,1,1,2026-09-07 14:42:41.200000048+00:00,18.886633332570394
1788792647.183,1788792161.4,78.66178366666666,16.9227065,True,1,1,2026-09-07 14:42:41.400000095+00:00,18.889966666698456
1788792647.383,1788792161.6,78.66178333333333,16.922703000000002,True,1,1,2026-09-07 14:42:41.599999905+00:00,18.893299996852875
1788792647.581,1788792161.8,78.661783,16.922699666666666,True,1,1,2026-09-07 14:42:41.799999952+00:00,18.89660000006358
1788792647.784,1788792162.0,78.66178266666667,16.922696166666665,True,1,1,2026-09-07 14:42:42+00:00,18.89998333056768
1788792647.985,1788792162.2,78.66178216666667,16.922692666666666,True,1,1,2026-09-07 14:42:42.200000048+00:00,18.903333330154418
1788792648.184,1788792162.4,78.66178183333334,16.922689166666665,True,1,1,2026-09-07 14:42:42.400000095+00:00,18.906649998823802
1788792648.384,1788792162.6,78.66178133333332,16.9226855,True,1,1,2026-09-07 14:42:42.599999905+00:00,18.909983332951864
1788792648.584,1788792162.8,78.661781,16.922682000000002,True,1,1,2026-09-07 14:42:42.799999952+00:00,18.913316667079926
1788792648.785,1788792163.0,78.66178066666666,16.922678166666667,True,1,1,2026-09-07 14:42:43+00:00,18.916666666666668
1788792648.985,1788792163.2,78.66178016666666,16.922674333333337,True,1,1,2026-09-07 14:42:43.200000048+00:00,18.919999996821087
1788792649.184,1788792163.4,78.66177983333334,16.9226705,True,1,1,2026-09-07 14:42:43.400000095+00:00,18.923316665490468
1788792649.385,1788792163.6,78.6617795,16.922666833333334,True,1,1,2026-09-07 14:42:43.599999905+00:00,18.92666666507721
1788792649.584,1788792163.8,78.661779,16.922662833333334,True,1,1,2026-09-07 14:42:43.799999952+00:00,18.92998333374659
1788792649.785,1788792164.0,78.66177866666666,16.922659,True,1,1,2026-09-07 14:42:44+00:00,18.933333333333334
1788792649.984,1788792164.2,78.66177816666666,16.922655000000002,True,1,1,2026-09-07 14:42:44.200000048+00:00,18.936649998029072
1788792650.184,1788792164.4,78.66177783333333,16.922651166666665,True,1,1,2026-09-07 14:42:44.400000095+00:00,18.939983332157134
1788792650.382,1788792164.6,78.6617775,16.922646999999998,True,1,1,2026-09-07 14:42:44.599999905+00:00,18.943283331394195
1788792650.584,1788792164.8,78.661777,16.922643,True,1,1,2026-09-07 14:42:44.799999952+00:00,18.94665000041326
1788792650.784,1788792165.0,78.66177666666667,16.922638833333334,True,1,1,2026-09-07 14:42:45+00:00,18.94998333056768
1788792650.986,1788792165.2,78.66177633333334,16.922634833333333,True,1,1,2026-09-07 14:42:45.200000048+00:00,18.95334999958674
1788792651.184,1788792165.4,78.66177583333334,16.922630833333336,True,1,1,2026-09-07 14:42:45.400000095+00:00,18.956649998823803
1788792651.384,1788792165.6,78.6617755,16.922626833333332,True,1,1,2026-09-07 14:42:45.599999905+00:00,18.959983332951865
1788792651.584,1788792165.8,78.66177516666667,16.922622999999998,True,1,1,2026-09-07 14:42:45.799999952+00:00,18.963316667079926
1788792651.782,1788792166.0,78.66177483333333,16.922619166666667,True,1,1,2026-09-07 14:42:46+00:00,18.966616666316988
1788792651.985,1788792166.2,78.66177433333334,16.922615166666667,True,1,1,2026-09-07 14:42:46.200000048+00:00,18.969999996821084
1788792652.185,1788792166.4,78.66177416666666,16.922611333333336,True,1,1,2026-09-07 14:42:46.400000095+00:00,18.97333333094915
1788792652.385,1788792166.6,78.66177366666668,16.922607333333335,True,1,1,2026-09-07 14:42:46.599999905+00:00,18.97666666507721
1788792652.584,1788792166.8,78.66177333333333,16.922603666666664,True,1,1,2026-09-07 14:42:46.799999952+00:00,18.979983333746592
1788792652.783,1788792167.0,78.661773,16.922599833333333,True,1,1,2026-09-07 14:42:47+00:00,18.98329999844233
1788792652.985,1788792167.2,78.66177266666666,16.922596166666665,True,1,1,2026-09-07 14:42:47.200000048+00:00,18.986666663487753
1788792653.182,1788792167.4,78.66177233333333,16.922592333333334,True,1,1,2026-09-07 14:42:47.400000095+00:00,18.989949997266134
1788792653.385,1788792167.6,78.661772,16.922588666666666,True,1,1,2026-09-07 14:42:47.599999905+00:00,18.993333331743877
1788792653.586,1788792167.8,78.66177166666667,16.922584833333335,True,1,1,2026-09-07 14:42:47.799999952+00:00,18.99668333133062
1788792653.785,1788792168.0,78.66177133333333,16.922581166666664,True,1,1,2026-09-07 14:42:48+00:00,19.0
1788792653.982,1788792168.2,78.661771,16.922577333333333,True,1,1,2026-09-07 14:42:48.200000048+00:00,19.00328333377838
1788792654.184,1788792168.4,78.66177066666667,16.922573666666665,True,1,1,2026-09-07 14:42:48.400000095+00:00,19.0066499988238
1788792654.384,1788792168.6,78.66177033333334,16.922569833333334,True,1,1,2026-09-07 14:42:48.599999905+00:00,19.009983332951865
1788792654.581,1788792168.8,78.66176999999999,16.922566166666666,True,1,1,2026-09-07 14:42:48.799999952+00:00,19.013266666730246
1788792654.784,1788792169.0,78.6617695,16.9225625,True,1,1,2026-09-07 14:42:49+00:00,19.016649997234346
1788792654.985,1788792169.2,78.66176916666667,16.922558833333333,True,1,1,2026-09-07 14:42:49.200000048+00:00,19.019999996821085
1788792655.184,1788792169.4,78.66176883333333,16.922555,True,1,1,2026-09-07 14:42:49.400000095+00:00,19.02331666549047
1788792655.385,1788792169.6,78.66176850000001,16.922551166666665,True,1,1,2026-09-07 14:42:49.599999905+00:00,19.026666665077208
1788792655.585,1788792169.8,78.66176816666666,16.9225475,True,1,1,2026-09-07 14:42:49.799999952+00:00,19.02999999920527
1788792655.785,1788792170.0,78.66176783333334,16.922543833333336,True,1,1,2026-09-07 14:42:50+00:00,19.033333333333335
1788792655.983,1788792170.2,78.6617675,16.922540333333334,True,1,1,2026-09-07 14:42:50.200000048+00:00,19.036633332570393
1788792656.184,1788792170.4,78.661767,16.922536333333333,True,1,1,2026-09-07 14:42:50.400000095+00:00,19.039983332157135
1788792656.385,1788792170.6,78.66176666666667,16.92253283333333,True,1,1,2026-09-07 14:42:50.599999905+00:00,19.043333331743877
1788792656.586,1788792170.8,78.66176633333333,16.922529,True,1,1,2026-09-07 14:42:50.799999952+00:00,19.046683331330616
1788792656.786,1788792171.0,78.661766,16.922525333333333,True,1,1,2026-09-07 14:42:51+00:00,19.050016665458678
1788792656.984,1788792171.2,78.66176566666667,16.92252166666667,True,1,1,2026-09-07 14:42:51.200000048+00:00,19.05331666469574
1788792657.184,1788792171.4,78.66176533333334,16.922517833333334,True,1,1,2026-09-07 14:42:51.400000095+00:00,19.0566499988238
1788792657.383,1788792171.6,78.66176483333334,16.922514333333332,True,1,1,2026-09-07 14:42:51.599999905+00:00,19.059966663519543
1788792657.585,1788792171.8,78.66176449999999,16.922510499999998,True,1,1,2026-09-07 14:42:51.799999952+00:00,19.063333332538605
1788792657.784,1788792172.0,78.66176416666667,16.922506833333333,True,1,1,2026-09-07 14:42:52+00:00,19.066649997234343
1788792657.985,1788792172.2,78.66176383333332,16.92250316666667,True,1,1,2026-09-07 14:42:52.200000048+00:00,19.069999996821085
1788792658.185,1788792172.4,78.6617635,16.922499333333334,True,1,1,2026-09-07 14:42:52.400000095+00:00,19.073333330949147
1788792658.384,1788792172.6,78.66176316666666,16.922495833333336,True,1,1,2026-09-07 14:42:52.599999905+00:00,19.07664999961853
1788792658.583,1788792172.8,78.66176283333333,16.922492,True,1,1,2026-09-07 14:42:52.799999952+00:00,19.07996666431427
1788792658.786,1788792173.0,78.6617625,16.922488333333334,True,1,1,2026-09-07 14:42:53+00:00,19.083349998792013
1788792658.989,1788792173.2,78.66176216666666,16.922484666666666,True,1,1,2026-09-07 14:42:53.200000048+00:00,19.086733333269756
1788792659.184,1788792173.4,78.66176183333333,16.922481166666667,True,1,1,2026-09-07 14:42:53.400000095+00:00,19.089983332157136
1788792659.385,1788792173.6,78.6617615,16.9224775,True,1,1,2026-09-07 14:42:53.599999905+00:00,19.093333331743874
1788792659.585,1788792173.8,78.66176116666666,16.922473833333335,True,1,1,2026-09-07 14:42:53.799999952+00:00,19.09666666587194
1788792659.785,1788792174.0,78.66176066666667,16.922470166666667,True,1,1,2026-09-07 14:42:54+00:00,19.1
1788792659.986,1788792174.2,78.66176033333333,16.922466333333332,True,1,1,2026-09-07 14:42:54.200000048+00:00,19.10334999958674
1788792660.182,1788792174.4,78.66176,16.922462833333334,True,1,1,2026-09-07 14:42:54.400000095+00:00,19.1066166639328
1788792660.382,1788792174.6,78.66175966666667,16.922459333333332,True,1,1,2026-09-07 14:42:54.599999905+00:00,19.109949998060863
1788792660.584,1788792174.8,78.66175933333334,16.922455333333335,True,1,1,2026-09-07 14:42:54.799999952+00:00,19.113316667079925
1788792660.785,1788792175.0,78.661759,16.922451833333334,True,1,1,2026-09-07 14:42:55+00:00,19.116666666666667
1788792660.985,1788792175.2,78.66175866666667,16.922448166666666,True,1,1,2026-09-07 14:42:55.200000048+00:00,19.119999996821086
1788792661.185,1788792175.4,78.66175833333334,16.922444166666665,True,1,1,2026-09-07 14:42:55.400000095+00:00,19.123333330949148
1788792661.381,1788792175.6,78.66175799999999,16.9224405,True,1,1,2026-09-07 14:42:55.599999905+00:00,19.12659999926885
1788792661.583,1788792175.8,78.66175766666667,16.922436833333332,True,1,1,2026-09-07 14:42:55.799999952+00:00,19.12996666431427
1788792661.784,1788792176.0,78.66175733333333,16.922433,True,1,1,2026-09-07 14:42:56+00:00,19.13331666390101
1788792661.984,1788792176.2,78.66175700000001,16.9224295,True,1,1,2026-09-07 14:42:56.200000048+00:00,19.136649998029075
1788792662.184,1788792176.4,78.6617565,16.92242583333333,True,1,1,2026-09-07 14:42:56.400000095+00:00,19.139983332157136
1788792662.385,1788792176.6,78.66175616666666,16.922422166666667,True,1,1,2026-09-07 14:42:56.599999905+00:00,19.143333331743875
1788792662.585,1788792176.8,78.66175583333333,16.9224185,True,1,1,2026-09-07 14:42:56.799999952+00:00,19.146666665871937
1788792662.785,1788792177.0,78.6617555,16.922414833333335,True,1,1,2026-09-07 14:42:57+00:00,19.15
1788792662.985,1788792177.2,78.66175516666667,16.922411166666667,True,1,1,2026-09-07 14:42:57.200000048+00:00,19.153333330154418
1788792663.185,1788792177.4,78.66175466666667,16.92240766666667,True,1,1,2026-09-07 14:42:57.400000095+00:00,19.15666666428248
1788792663.385,1788792177.6,78.66175433333333,16.92240383333333,True,1,1,2026-09-07 14:42:57.599999905+00:00,19.159999998410544
1788792663.583,1788792177.8,78.661754,16.922400166666666,True,1,1,2026-09-07 14:42:57.799999952+00:00,19.163299997647602
1788792663.785,1788792178.0,78.66175366666667,16.922396666666668,True,1,1,2026-09-07 14:42:58+00:00,19.166666666666668
1788792663.986,1788792178.2,78.66175316666666,16.922392833333333,True,1,1,2026-09-07 14:42:58.200000048+00:00,19.170016666253407
1788792664.181,1788792178.4,78.66175283333334,16.92238916666667,True,1,1,2026-09-07 14:42:58.400000095+00:00,19.173266665140787
1788792664.383,1788792178.6,78.66175249999999,16.9223855,True,1,1,2026-09-07 14:42:58.599999905+00:00,19.17663333018621
1788792664.583,1788792178.8,78.66175216666667,16.92238166666667,True,1,1,2026-09-07 14:42:58.799999952+00:00,19.17996666431427
1788792664.782,1788792179.0,78.66175166666667,16.922378,True,1,1,2026-09-07 14:42:59+00:00,19.183283332983653
1788792664.985,1788792179.2,78.66175133333333,16.9223745,True,1,1,2026-09-07 14:42:59.200000048+00:00,19.186666663487753
1788792665.186,1788792179.4,78.66175083333333,16.9223705,True,1,1,2026-09-07 14:42:59.400000095+00:00,19.190016667048138
1788792665.384,1788792179.6,78.6617505,16.922366833333335,True,1,1,2026-09-07 14:42:59.599999905+00:00,19.193316666285195
1788792665.582,1788792179.8,78.66175016666666,16.922363,True,1,1,2026-09-07 14:42:59.799999952+00:00,19.196616665522257
1788792665.785,1788792180.0,78.66174966666668,16.92235916666667,True,1,1,2026-09-07 14:43:00+00:00,19.2
1788792665.99,1788792180.2,78.66174916666667,16.9223555,True,1,1,2026-09-07 14:43:00.200000048+00:00,19.2034166653951
1788792666.186,1788792180.4,78.66174883333333,16.922351499999998,True,1,1,2026-09-07 14:43:00.400000095+00:00,19.206683333714803
1788792666.386,1788792180.6,78.6617485,16.9223475,True,1,1,2026-09-07 14:43:00.599999905+00:00,19.210016663869222
1788792666.585,1788792180.8,78.661748,16.922343666666666,True,1,1,2026-09-07 14:43:00.799999952+00:00,19.213333332538603
1788792666.784,1788792181.0,78.6617475,16.922339833333336,True,1,1,2026-09-07 14:43:01+00:00,19.216649997234345
1788792666.983,1788792181.2,78.66174716666666,16.922335999999998,True,1,1,2026-09-07 14:43:01.200000048+00:00,19.219966665903726
1788792667.185,1788792181.4,78.66174666666667,16.92233183333333,True,1,1,2026-09-07 14:43:01.400000095+00:00,19.22333333094915
1788792667.385,1788792181.6,78.66174633333334,16.922328166666667,True,1,1,2026-09-07 14:43:01.599999905+00:00,19.22666666507721
1788792667.586,1788792181.8,78.66174583333333,16.922324333333332,True,1,1,2026-09-07 14:43:01.799999952+00:00,19.23001666466395
1788792667.784,1788792182.0,78.66174550000001,16.9223205,True,1,1,2026-09-07 14:43:02+00:00,19.23331666390101
1788792667.984,1788792182.2,78.66174500000001,16.922316666666667,True,1,1,2026-09-07 14:43:02.200000048+00:00,19.236649998029073
1788792668.184,1788792182.4,78.66174466666666,16.922313,True,1,1,2026-09-07 14:43:02.400000095+00:00,19.239983332157134
1788792668.382,1788792182.6,78.66174416666667,16.922308833333332,True,1,1,2026-09-07 14:43:02.599999905+00:00,19.243283331394196
1788792668.585,1788792182.8,78.66174383333333,16.922305333333334,True,1,1,2026-09-07 14:43:02.799999952+00:00,19.24666666587194
1788792668.784,1788792183.0,78.66174333333333,16.922301333333333,True,1,1,2026-09-07 14:43:03+00:00,19.249983330567677
1788792668.986,1788792183.2,78.66174299999999,16.92229766666667,True,1,1,2026-09-07 14:43:03.200000048+00:00,19.253349999586742
1788792669.184,1788792183.4,78.6617425,16.922294166666667,True,1,1,2026-09-07 14:43:03.400000095+00:00,19.2566499988238
1788792669.386,1788792183.6,78.66174216666667,16.9222905,True,1,1,2026-09-07 14:43:03.599999905+00:00,19.260016663869223
1788792669.584,1788792183.8,78.66174166666666,16.922286166666666,True,1,1,2026-09-07 14:43:03.799999952+00:00,19.263316667079927
1788792669.783,1788792184.0,78.66174133333334,16.922282666666668,True,1,1,2026-09-07 14:43:04+00:00,19.266633331775665
1788792669.986,1788792184.2,78.66174083333334,16.922278833333333,True,1,1,2026-09-07 14:43:04.200000048+00:00,19.270016666253408
1788792670.183,1788792184.4,78.6617405,16.92227516666667,True,1,1,2026-09-07 14:43:04.400000095+00:00,19.27330000003179
1788792670.384,1788792184.6,78.66174,16.9222715,True,1,1,2026-09-07 14:43:04.599999905+00:00,19.27664999961853
1788792670.602,1788792184.8,78.66173966666666,16.922267166666664,True,1,1,2026-09-07 14:43:04.799999952+00:00,19.280283331871033
1788792670.785,1788792185.0,78.66173916666666,16.9222635,True,1,1,2026-09-07 14:43:05+00:00,19.283333333333335
1788792670.986,1788792185.2,78.66173883333333,16.92225983333333,True,1,1,2026-09-07 14:43:05.200000048+00:00,19.286683332920074
1788792671.184,1788792185.4,78.66173833333333,16.92225566666667,True,1,1,2026-09-07 14:43:05.400000095+00:00,19.289983332157135
1788792671.384,1788792185.6,78.66173783333333,16.922252,True,1,1,2026-09-07 14:43:05.599999905+00:00,19.293316666285197
1788792671.584,1788792185.8,78.6617375,16.92224816666667,True,1,1,2026-09-07 14:43:05.799999952+00:00,19.29665000041326
1788792671.784,1788792186.0,78.66173699999999,16.922244166666665,True,1,1,2026-09-07 14:43:06+00:00,19.299983330567677
1788792671.983,1788792186.2,78.6617365,16.92224033333333,True,1,1,2026-09-07 14:43:06.200000048+00:00,19.303299999237062
1788792672.184,1788792186.4,78.66173616666667,16.922236333333334,True,1,1,2026-09-07 14:43:06.400000095+00:00,19.3066499988238
1788792672.384,1788792186.6,78.66173566666666,16.9222325,True,1,1,2026-09-07 14:43:06.599999905+00:00,19.309983332951862
1788792672.582,1788792186.8,78.66173516666666,16.922228500000003,True,1,1,2026-09-07 14:43:06.799999952+00:00,19.313283332188924
1788792672.786,1788792187.0,78.66173483333334,16.922224500000002,True,1,1,2026-09-07 14:43:07+00:00,19.316683332125347
1788792672.984,1788792187.2,78.66173433333333,16.92222083333333,True,1,1,2026-09-07 14:43:07.200000048+00:00,19.319983331362405
1788792673.185,1788792187.4,78.66173383333333,16.922217,True,1,1,2026-09-07 14:43:07.400000095+00:00,19.323333330949147
1788792673.385,1788792187.6,78.66173333333333,16.922212833333333,True,1,1,2026-09-07 14:43:07.599999905+00:00,19.32666666507721
1788792673.585,1788792187.8,78.661733,16.922209333333335,True,1,1,2026-09-07 14:43:07.799999952+00:00,19.32999999920527
1788792673.785,1788792188.0,78.6617325,16.922205333333334,True,1,1,2026-09-07 14:43:08+00:00,19.333333333333332
1788792673.983,1788792188.2,78.66173216666667,16.92220166666667,True,1,1,2026-09-07 14:43:08.200000048+00:00,19.336633332570393
1788792674.182,1788792188.4,78.66173166666667,16.922198166666664,True,1,1,2026-09-07 14:43:08.400000095+00:00,19.339949997266135
1788792674.383,1788792188.6,78.66173133333334,16.922194166666667,True,1,1,2026-09-07 14:43:08.599999905+00:00,19.343299996852874
1788792674.582,1788792188.8,78.66173083333334,16.922190666666665,True,1,1,2026-09-07 14:43:08.799999952+00:00,19.34661666552226
1788792674.782,1788792189.0,78.6617305,16.922187333333333,True,1,1,2026-09-07 14:43:09+00:00,19.34994999965032
1788792674.984,1788792189.2,78.66173,16.922183500000003,True,1,1,2026-09-07 14:43:09.200000048+00:00,19.35331666469574
1788792675.182,1788792189.4,78.66172966666666,16.92218,True,1,1,2026-09-07 14:43:09.400000095+00:00,19.3566166639328
1788792675.384,1788792189.6,78.66172916666666,16.922176333333333,True,1,1,2026-09-07 14:43:09.599999905+00:00,19.359983332951863
1788792675.585,1788792189.8,78.66172883333334,16.922173,True,1,1,2026-09-07 14:43:09.799999952+00:00,19.363333332538605
1788792675.784,1788792190.0,78.66172833333333,16.9221695,True,1,1,2026-09-07 14:43:10+00:00,19.366649997234344
1788792675.985,1788792190.2,78.661728,16.922165833333334,True,1,1,2026-09-07 14:43:10.200000048+00:00,19.369999996821086
1788792676.185,1788792190.4,78.66172750000001,16.922162500000002,True,1,1,2026-09-07 14:43:10.400000095+00:00,19.373333330949148
1788792676.386,1788792190.6,78.661727,16.922159166666667,True,1,1,2026-09-07 14:43:10.599999905+00:00,19.37668333053589
1788792676.584,1788792190.8,78.66172666666667,16.92215583333333,True,1,1,2026-09-07 14:43:10.799999952+00:00,19.37998333374659
1788792676.784,1788792191.0,78.66172616666667,16.92215283333333,True,1,1,2026-09-07 14:43:11+00:00,19.38331666390101
1788792676.985,1788792191.2,78.66172566666667,16.922149666666666,True,1,1,2026-09-07 14:43:11.200000048+00:00,19.386666663487752
1788792677.183,1788792191.4,78.66172533333334,16.922146833333333,True,1,1,2026-09-07 14:43:11.400000095+00:00,19.389966666698456
1788792677.383,1788792191.6,78.66172483333334,16.922143666666667,True,1,1,2026-09-07 14:43:11.599999905+00:00,19.393299996852875
1788792677.584,1788792191.8,78.66172433333332,16.922140833333334,True,1,1,2026-09-07 14:43:11.799999952+00:00,19.39665000041326
1788792677.784,1788792192.0,78.66172383333333,16.922137833333334,True,1,1,2026-09-07 14:43:12+00:00,19.39998333056768
1788792677.981,1788792192.2,78.66172350000001,16.922135166666667,True,1,1,2026-09-07 14:43:12.200000048+00:00,19.40326666434606
1788792678.184,1788792192.4,78.661723,16.92213233333333,True,1,1,2026-09-07 14:43:12.400000095+00:00,19.406649998823802
1788792678.384,1788792192.6,78.6617225,16.9221295,True,1,1,2026-09-07 14:43:12.599999905+00:00,19.409983332951864
1788792678.585,1788792192.8,78.66172216666668,16.922126833333333,True,1,1,2026-09-07 14:43:12.799999952+00:00,19.413333332538606
1788792678.786,1788792193.0,78.66172166666666,16.922124,True,1,1,2026-09-07 14:43:13+00:00,19.416683332125345
1788792678.985,1788792193.2,78.66172116666667,16.9221215,True,1,1,2026-09-07 14:43:13.200000048+00:00,19.419999996821087
1788792679.184,1788792193.4,78.66172083333332,16.922118666666666,True,1,1,2026-09-07 14:43:13.400000095+00:00,19.423316665490468
1788792679.382,1788792193.6,78.66172033333334,16.922116000000003,True,1,1,2026-09-07 14:43:13.599999905+00:00,19.42661666472753
1788792679.584,1788792193.8,78.66172,16.922113666666668,True,1,1,2026-09-07 14:43:13.799999952+00:00,19.42998333374659
1788792679.784,1788792194.0,78.66171949999999,16.922110999999997,True,1,1,2026-09-07 14:43:14+00:00,19.43331666390101
1788792679.985,1788792194.2,78.66171899999999,16.9221085,True,1,1,2026-09-07 14:43:14.200000048+00:00,19.436666663487753
1788792680.186,1788792194.4,78.66171866666667,16.922106,True,1,1,2026-09-07 14:43:14.400000095+00:00,19.440016667048138
1788792680.382,1788792194.6,78.66171816666666,16.922103333333332,True,1,1,2026-09-07 14:43:14.599999905+00:00,19.443283331394195
1788792680.594,1788792194.8,78.66171766666666,16.92210083333333,True,1,1,2026-09-07 14:43:14.799999952+00:00,19.44681666692098
1788792680.781,1788792195.0,78.66171716666666,16.9220985,True,1,1,2026-09-07 14:43:15+00:00,19.449933330218
1788792680.986,1788792195.2,78.66171683333333,16.922095833333334,True,1,1,2026-09-07 14:43:15.200000048+00:00,19.45334999958674
1788792681.184,1788792195.4,78.66171633333333,16.922093500000003,True,1,1,2026-09-07 14:43:15.400000095+00:00,19.456649998823803
1788792681.384,1788792195.6,78.66171583333333,16.922090833333336,True,1,1,2026-09-07 14:43:15.599999905+00:00,19.459983332951865
1788792681.584,1788792195.8,78.66171533333333,16.92208833333333,True,1,1,2026-09-07 14:43:15.799999952+00:00,19.463316667079926
1788792681.785,1788792196.0,78.66171483333332,16.92208583333333,True,1,1,2026-09-07 14:43:16+00:00,19.466666666666665
1788792681.986,1788792196.2,78.66171433333334,16.922083166666667,True,1,1,2026-09-07 14:43:16.200000048+00:00,19.470016666253407
1788792682.184,1788792196.4,78.661714,16.922081,True,1,1,2026-09-07 14:43:16.400000095+00:00,19.47331666549047
1788792682.386,1788792196.6,78.66171333333334,16.922078166666665,True,1,1,2026-09-07 14:43:16.599999905+00:00,19.476683330535888
1788792682.586,1788792196.8,78.66171299999999,16.922076166666667,True,1,1,2026-09-07 14:43:16.799999952+00:00,19.48001666466395
1788792682.784,1788792197.0,78.66171250000001,16.922073333333334,True,1,1,2026-09-07 14:43:17+00:00,19.48331666390101
1788792682.984,1788792197.2,78.66171200000001,16.92207116666667,True,1,1,2026-09-07 14:43:17.200000048+00:00,19.486649998029073
1788792683.184,1788792197.4,78.6617115,16.922068333333335,True,1,1,2026-09-07 14:43:17.400000095+00:00,19.489983332157134
1788792683.384,1788792197.6,78.661711,16.922065999999997,True,1,1,2026-09-07 14:43:17.599999905+00:00,19.493316666285196
1788792683.582,1788792197.8,78.6617105,16.922064,True,1,1,2026-09-07 14:43:17.799999952+00:00,19.496616665522257
1788792683.784,1788792198.0,78.66171,16.922061333333332,True,1,1,2026-09-07 14:43:18+00:00,19.499983330567677
1788792683.988,1788792198.2,78.66170966666667,16.9220595,True,1,1,2026-09-07 14:43:18.200000048+00:00,19.5033833305041
1788792684.187,1788792198.4,78.66170916666667,16.92205733333333,True,1,1,2026-09-07 14:43:18.400000095+00:00,19.50669999917348
1788792684.384,1788792198.6,78.66170866666667,16.922054833333334,True,1,1,2026-09-07 14:43:18.599999905+00:00,19.509983332951865
1788792684.584,1788792198.8,78.66170833333334,16.922052833333332,True,1,1,2026-09-07 14:43:18.799999952+00:00,19.513316667079927
1788792684.784,1788792199.0,78.66170783333334,16.922050333333335,True,1,1,2026-09-07 14:43:19+00:00,19.516649997234346
1788792684.984,1788792199.2,78.66170733333334,16.922048333333333,True,1,1,2026-09-07 14:43:19.200000048+00:00,19.519983331362408
1788792685.186,1788792199.4,78.66170683333333,16.922045833333335,True,1,1,2026-09-07 14:43:19.400000095+00:00,19.52335000038147
1788792685.384,1788792199.6,78.66170633333333,16.922043499999997,True,1,1,2026-09-07 14:43:19.599999905+00:00,19.52664999961853
1788792685.585,1788792199.8,78.66170583333333,16.922041166666666,True,1,1,2026-09-07 14:43:19.799999952+00:00,19.52999999920527
1788792685.784,1788792200.0,78.66170533333334,16.922038999999998,True,1,1,2026-09-07 14:43:20+00:00,19.53331666390101
1788792685.984,1788792200.2,78.66170483333333,16.922037,True,1,1,2026-09-07 14:43:20.200000048+00:00,19.536649998029073
1788792686.183,1788792200.4,78.6617045,16.92203483333333,True,1,1,2026-09-07 14:43:20.400000095+00:00,19.539966666698454
1788792686.383,1788792200.6,78.661704,16.9220325,True,1,1,2026-09-07 14:43:20.599999905+00:00,19.543299996852873
1788792686.585,1788792200.8,78.6617035,16.922030166666666,True,1,1,2026-09-07 14:43:20.799999952+00:00,19.54666666587194
1788792686.786,1788792201.0,78.661703,16.922028166666667,True,1,1,2026-09-07 14:43:21+00:00,19.550016665458678
1788792686.985,1788792201.2,78.6617025,16.922026000000002,True,1,1,2026-09-07 14:43:21.200000048+00:00,19.55333333015442
1788792687.184,1788792201.4,78.661702,16.922023666666668,True,1,1,2026-09-07 14:43:21.400000095+00:00,19.5566499988238
1788792687.384,1788792201.6,78.66170149999999,16.92202133333333,True,1,1,2026-09-07 14:43:21.599999905+00:00,19.559983332951862
1788792687.584,1788792201.8,78.661701,16.922018833333333,True,1,1,2026-09-07 14:43:21.799999952+00:00,19.563316667079924
1788792687.784,1788792202.0,78.66170050000001,16.922016499999998,True,1,1,2026-09-07 14:43:22+00:00,19.566649997234343
1788792687.985,1788792202.2,78.66170000000001,16.922014333333333,True,1,1,2026-09-07 14:43:22.200000048+00:00,19.569999996821085
1788792688.185,1788792202.4,78.66169933333335,16.922011833333332,True,1,1,2026-09-07 14:43:22.400000095+00:00,19.573333330949147
1788792688.384,1788792202.6,78.66169883333333,16.92200933333333,True,1,1,2026-09-07 14:43:22.599999905+00:00,19.57664999961853
1788792688.584,1788792202.8,78.66169833333333,16.922007,True,1,1,2026-09-07 14:43:22.799999952+00:00,19.579983333746593
1788792688.784,1788792203.0,78.66169766666667,16.922004333333334,True,1,1,2026-09-07 14:43:23+00:00,19.583316663901012
1788792688.983,1788792203.2,78.66169716666667,16.92200216666667,True,1,1,2026-09-07 14:43:23.200000048+00:00,19.586633332570393
1788792689.185,1788792203.4,78.66169666666666,16.922,True,1,1,2026-09-07 14:43:23.400000095+00:00,19.589999997615813
1788792689.395,1788792203.6,78.66169599999999,16.92199683333333,True,1,1,2026-09-07 14:43:23.599999905+00:00,19.5934999982516
1788792689.584,1788792203.8,78.6616955,16.9219945,True,1,1,2026-09-07 14:43:23.799999952+00:00,19.59665000041326
1788792689.785,1788792204.0,78.661695,16.921992333333332,True,1,1,2026-09-07 14:43:24+00:00,19.6
1788792689.985,1788792204.2,78.66169433333333,16.921989666666665,True,1,1,2026-09-07 14:43:24.200000048+00:00,19.60333333015442
1788792690.185,1788792204.4,78.66169383333333,16.9219875,True,1,1,2026-09-07 14:43:24.400000095+00:00,19.606666664282482
1788792690.382,1788792204.6,78.66169316666667,16.921985166666666,True,1,1,2026-09-07 14:43:24.599999905+00:00,19.609949998060863
1788792690.584,1788792204.8,78.6616925,16.921982833333335,True,1,1,2026-09-07 14:43:24.799999952+00:00,19.613316667079925
1788792690.783,1788792205.0,78.66169199999999,16.921980166666668,True,1,1,2026-09-07 14:43:25+00:00,19.616633331775667
1788792690.984,1788792205.2,78.66169133333332,16.921977166666668,True,1,1,2026-09-07 14:43:25.200000048+00:00,19.619983331362405
1788792691.184,1788792205.4,78.66169066666666,16.921975,True,1,1,2026-09-07 14:43:25.400000095+00:00,19.623316665490467
1788792691.385,1788792205.6,78.66169016666666,16.921973333333334,True,1,1,2026-09-07 14:43:25.599999905+00:00,19.62666666507721
1788792691.583,1788792205.8,78.66168966666667,16.921970833333333,True,1,1,2026-09-07 14:43:25.799999952+00:00,19.62996666431427
1788792691.782,1788792206.0,78.66168916666668,16.921968833333334,True,1,1,2026-09-07 14:43:26+00:00,19.633283332983652
1788792691.985,1788792206.2,78.66168850000001,16.921966333333334,True,1,1,2026-09-07 14:43:26.200000048+00:00,19.636666663487752
1788792692.184,1788792206.4,78.661688,16.921964333333335,True,1,1,2026-09-07 14:43:26.400000095+00:00,19.639983332157136
1788792692.384,1788792206.6,78.6616875,16.921962333333333,True,1,1,2026-09-07 14:43:26.599999905+00:00,19.643316666285198
1788792692.586,1788792206.8,78.66168683333333,16.921959166666667,True,1,1,2026-09-07 14:43:26.799999952+00:00,19.646683331330618
1788792692.785,1788792207.0,78.6616865,16.921957666666668,True,1,1,2026-09-07 14:43:27+00:00,19.65
1788792692.986,1788792207.2,78.66168583333334,16.921955,True,1,1,2026-09-07 14:43:27.200000048+00:00,19.65334999958674
1788792693.181,1788792207.4,78.66168533333332,16.921952833333332,True,1,1,2026-09-07 14:43:27.400000095+00:00,19.65659999847412
1788792693.383,1788792207.6,78.66168466666666,16.921950166666665,True,1,1,2026-09-07 14:43:27.599999905+00:00,19.65996666351954
1788792693.584,1788792207.8,78.66168416666666,16.921947666666664,True,1,1,2026-09-07 14:43:27.799999952+00:00,19.663316667079926
1788792693.784,1788792208.0,78.6616835,16.921945666666666,True,1,1,2026-09-07 14:43:28+00:00,19.666649997234344
1788792693.985,1788792208.2,78.661683,16.921943166666665,True,1,1,2026-09-07 14:43:28.200000048+00:00,19.669999996821087
1788792694.186,1788792208.4,78.66168250000001,16.921941,True,1,1,2026-09-07 14:43:28.400000095+00:00,19.67335000038147
1788792694.386,1788792208.6,78.66168216666667,16.921940666666668,True,1,1,2026-09-07 14:43:28.599999905+00:00,19.676683330535887
1788792694.58,1788792208.8,78.66168166666667,16.921938666666666,True,1,1,2026-09-07 14:43:28.799999952+00:00,19.67991666396459
1788792694.782,1788792209.0,78.66168133333333,16.921937333333336,True,1,1,2026-09-07 14:43:29+00:00,19.683283332983653
1788792694.985,1788792209.2,78.66168083333334,16.921935,True,1,1,2026-09-07 14:43:29.200000048+00:00,19.686666663487753
1788792695.185,1788792209.4,78.66168033333334,16.921932833333337,True,1,1,2026-09-07 14:43:29.400000095+00:00,19.689999997615814
1788792695.385,1788792209.6,78.66167983333334,16.92193083333333,True,1,1,2026-09-07 14:43:29.599999905+00:00,19.693333331743876
1788792695.585,1788792209.8,78.66167933333332,16.921928166666664,True,1,1,2026-09-07 14:43:29.799999952+00:00,19.696666665871938
1788792695.784,1788792210.0,78.66167883333333,16.921926166666665,True,1,1,2026-09-07 14:43:30+00:00,19.69998333056768
1788792695.984,1788792210.2,78.66167866666666,16.921925166666664,True,1,1,2026-09-07 14:43:30.200000048+00:00,19.70331666469574
1788792696.184,1788792210.4,78.66167833333334,16.921923666666665,True,1,1,2026-09-07 14:43:30.400000095+00:00,19.706649998823803
1788792696.384,1788792210.6,78.661678,16.921922,True,1,1,2026-09-07 14:43:30.599999905+00:00,19.709983332951865
1788792696.584,1788792210.8,78.6616775,16.9219195,True,1,1,2026-09-07 14:43:30.799999952+00:00,19.713316667079926
1788792696.785,1788792211.0,78.661677,16.921917833333335,True,1,1,2026-09-07 14:43:31+00:00,19.716666666666665
1788792696.986,1788792211.2,78.66167683333333,16.921916500000002,True,1,1,2026-09-07 14:43:31.200000048+00:00,19.720016666253407
1788792697.185,1788792211.4,78.66167633333333,16.9219145,True,1,1,2026-09-07 14:43:31.400000095+00:00,19.72333333094915
1788792697.382,1788792211.6,78.661676,16.921912666666667,True,1,1,2026-09-07 14:43:31.599999905+00:00,19.72661666472753
1788792697.584,1788792211.8,78.66167583333332,16.921911666666666,True,1,1,2026-09-07 14:43:31.799999952+00:00,19.729983333746592
1788792697.786,1788792212.0,78.6616755,16.92191,True,1,1,2026-09-07 14:43:32+00:00,19.73334999879201
1788792697.985,1788792212.2,78.66167516666665,16.921908666666663,True,1,1,2026-09-07 14:43:32.200000048+00:00,19.736666663487753
1788792698.185,1788792212.4,78.661675,16.921907166666664,True,1,1,2026-09-07 14:43:32.400000095+00:00,19.739999997615815
1788792698.386,1788792212.6,78.66167466666667,16.92190533333333,True,1,1,2026-09-07 14:43:32.599999905+00:00,19.743349997202554
1788792698.586,1788792212.8,78.66167433333334,16.9219035,True,1,1,2026-09-07 14:43:32.799999952+00:00,19.74668333133062
1788792698.784,1788792213.0,78.66167416666667,16.921902166666666,True,1,1,2026-09-07 14:43:33+00:00,19.749983330567677
1788792698.986,1788792213.2,78.66167383333332,16.921900666666666,True,1,1,2026-09-07 14:43:33.200000048+00:00,19.753349999586742
1788792699.185,1788792213.4,78.6616735,16.921898833333334,True,1,1,2026-09-07 14:43:33.400000095+00:00,19.75666666428248
1788792699.386,1788792213.6,78.66167333333333,16.9218975,True,1,1,2026-09-07 14:43:33.599999905+00:00,19.760016663869223
1788792699.584,1788792213.8,78.66167300000001,16.921896166666667,True,1,1,2026-09-07 14:43:33.799999952+00:00,19.763316667079927
1788792699.785,1788792214.0,78.66167283333333,16.921894333333334,True,1,1,2026-09-07 14:43:34+00:00,19.766666666666666
1788792699.982,1788792214.2,78.66167233333334,16.921892500000002,True,1,1,2026-09-07 14:43:34.200000048+00:00,19.769950000445046
1788792700.183,1788792214.4,78.66167216666666,16.921891333333335,True,1,1,2026-09-07 14:43:34.400000095+00:00,19.77330000003179
1788792700.386,1788792214.6,78.661672,16.921890333333334,True,1,1,2026-09-07 14:43:34.599999905+00:00,19.77668333053589
1788792700.583,1788792214.8,78.66167183333333,16.921888833333334,True,1,1,2026-09-07 14:43:34.799999952+00:00,19.77996666431427
1788792700.783,1788792215.0,78.6616715,16.921887166666668,True,1,1,2026-09-07 14:43:35+00:00,19.78329999844233
1788792700.984,1788792215.2,78.66167133333333,16.92188583333333,True,1,1,2026-09-07 14:43:35.200000048+00:00,19.786649998029073
1788792701.184,1788792215.4,78.661671,16.92188433333333,True,1,1,2026-09-07 14:43:35.400000095+00:00,19.789983332157135
1788792701.386,1788792215.6,78.66167083333333,16.921883166666664,True,1,1,2026-09-07 14:43:35.599999905+00:00,19.793349997202554
1788792701.584,1788792215.8,78.6616705,16.921881499999998,True,1,1,2026-09-07 14:43:35.799999952+00:00,19.79665000041326
1788792701.784,1788792216.0,78.66167033333333,16.921879999999998,True,1,1,2026-09-07 14:43:36+00:00,19.799983330567677
1788792701.984,1788792216.2,78.66167016666667,16.921878833333334,True,1,1,2026-09-07 14:43:36.200000048+00:00,19.80331666469574
1788792702.184,1788792216.4,78.66167,16.921878,True,1,1,2026-09-07 14:43:36.400000095+00:00,19.8066499988238
1788792702.384,1788792216.6,78.66166983333332,16.921877,True,1,1,2026-09-07 14:43:36.599999905+00:00,19.809983332951862
1788792702.585,1788792216.8,78.6616695,16.921875666666665,True,1,1,2026-09-07 14:43:36.799999952+00:00,19.813333332538605
1788792702.782,1788792217.0,78.66166916666666,16.9218735,True,1,1,2026-09-07 14:43:37+00:00,19.816616666316985
1788792702.983,1788792217.2,78.661669,16.921872166666667,True,1,1,2026-09-07 14:43:37.200000048+00:00,19.819966665903728
1788792703.184,1788792217.4,78.66166883333334,16.921871,True,1,1,2026-09-07 14:43:37.400000095+00:00,19.82331666549047
1788792703.382,1788792217.6,78.66166849999999,16.921869833333336,True,1,1,2026-09-07 14:43:37.599999905+00:00,19.826616664727528
1788792703.583,1788792217.8,78.66166833333334,16.92186866666667,True,1,1,2026-09-07 14:43:37.799999952+00:00,19.82996666431427
1788792703.782,1788792218.0,78.66166799999999,16.921867333333335,True,1,1,2026-09-07 14:43:38+00:00,19.83328333298365
1788792703.982,1788792218.2,78.66166766666667,16.921865833333335,True,1,1,2026-09-07 14:43:38.200000048+00:00,19.836616667111716
1788792704.182,1788792218.4,78.66166766666667,16.921865833333335,True,1,1,2026-09-07 14:43:38.400000095+00:00,19.839949997266135
1788792704.382,1788792218.6,78.66166766666667,16.921865166666667,True,1,1,2026-09-07 14:43:38.599999905+00:00,19.843283331394197
1788792704.58,1788792218.8,78.66166733333333,16.921863499999997,True,1,1,2026-09-07 14:43:38.799999952+00:00,19.846583330631255
1788792704.78,1788792219.0,78.66166700000001,16.92186183333333,True,1,1,2026-09-07 14:43:39+00:00,19.849916664759316
1788792704.983,1788792219.2,78.66166683333333,16.9218615,True,1,1,2026-09-07 14:43:39.200000048+00:00,19.85329999923706
1788792705.183,1788792219.4,78.66166666666666,16.921859833333333,True,1,1,2026-09-07 14:43:39.400000095+00:00,19.85663333336512
1788792705.382,1788792219.6,78.66166616666666,16.921858333333333,True,1,1,2026-09-07 14:43:39.599999905+00:00,19.859949998060863
1788792705.58,1788792219.8,78.66166616666666,16.921857499999998,True,1,1,2026-09-07 14:43:39.799999952+00:00,19.863249997297924
1788792705.782,1788792220.0,78.661666,16.921855666666666,True,1,1,2026-09-07 14:43:40+00:00,19.866616666316986
1788792705.984,1788792220.2,78.66166583333333,16.921853833333333,True,1,1,2026-09-07 14:43:40.200000048+00:00,19.869983331362405
1788792706.182,1788792220.4,78.66166566666668,16.9218515,True,1,1,2026-09-07 14:43:40.400000095+00:00,19.873283330599467
1788792706.382,1788792220.6,78.6616655,16.921848333333333,True,1,1,2026-09-07 14:43:40.599999905+00:00,19.87661666472753
1788792706.58,1788792220.8,78.66166533333333,16.9218455,True,1,1,2026-09-07 14:43:40.799999952+00:00,19.87991666396459
1788792706.78,1788792221.0,78.661665,16.9218435,True,1,1,2026-09-07 14:43:41+00:00,19.88324999809265
1788792706.977,1788792221.2,78.66166483333333,16.921841333333337,True,1,1,2026-09-07 14:43:41.200000048+00:00,19.886533331871032
1788792707.181,1788792221.4,78.66166466666667,16.921839166666665,True,1,1,2026-09-07 14:43:41.400000095+00:00,19.889933331807455
1788792707.381,1788792221.6,78.6616645,16.9218375,True,1,1,2026-09-07 14:43:41.599999905+00:00,19.893266665935517
1788792707.58,1788792221.8,78.66166433333333,16.921835166666664,True,1,1,2026-09-07 14:43:41.799999952+00:00,19.896583330631255
1788792707.779,1788792222.0,78.66166416666667,16.921832833333333,True,1,1,2026-09-07 14:43:42+00:00,19.89989999930064
1788792707.979,1788792222.2,78.661664,16.921830833333335,True,1,1,2026-09-07 14:43:42.200000048+00:00,19.9032333334287
1788792708.18,1788792222.4,78.66166383333332,16.921828833333333,True,1,1,2026-09-07 14:43:42.400000095+00:00,19.90658333301544
1788792708.375,1788792222.6,78.66166366666667,16.921827166666667,True,1,1,2026-09-07 14:43:42.599999905+00:00,19.90983333190282
1788792708.582,1788792222.8,78.66166333333334,16.921825166666668,True,1,1,2026-09-07 14:43:42.799999952+00:00,19.913283332188925
1788792708.782,1788792223.0,78.66166316666666,16.92182366666667,True,1,1,2026-09-07 14:43:43+00:00,19.916616666316987
1788792708.983,1788792223.2,78.66166283333334,16.92182216666667,True,1,1,2026-09-07 14:43:43.200000048+00:00,19.919966665903726
1788792709.185,1788792223.4,78.66166249999999,16.9218215,True,1,1,2026-09-07 14:43:43.400000095+00:00,19.92333333094915
1788792709.382,1788792223.6,78.66166199999999,16.921820166666667,True,1,1,2026-09-07 14:43:43.599999905+00:00,19.92661666472753
1788792709.583,1788792223.8,78.66166166666667,16.9218195,True,1,1,2026-09-07 14:43:43.799999952+00:00,19.92996666431427
1788792709.788,1788792224.0,78.66166100000001,16.921818666666663,True,1,1,2026-09-07 14:43:44+00:00,19.933383333683015
1788792709.983,1788792224.2,78.66166066666666,16.921818,True,1,1,2026-09-07 14:43:44.200000048+00:00,19.936633332570395
1788792710.182,1788792224.4,78.66166016666666,16.921817166666663,True,1,1,2026-09-07 14:43:44.400000095+00:00,19.939949997266133
1788792710.384,1788792224.6,78.66165983333333,16.92181683333333,True,1,1,2026-09-07 14:43:44.599999905+00:00,19.943316666285195
1788792710.582,1788792224.8,78.6616595,16.92181683333333,True,1,1,2026-09-07 14:43:44.799999952+00:00,19.946616665522257
1788792710.781,1788792225.0,78.661659,16.9218165,True,1,1,2026-09-07 14:43:45+00:00,19.949933330218
1788792710.983,1788792225.2,78.66165866666667,16.921816333333332,True,1,1,2026-09-07 14:43:45.200000048+00:00,19.95329999923706
1788792711.178,1788792225.4,78.6616585,16.921816166666666,True,1,1,2026-09-07 14:43:45.400000095+00:00,19.95654999812444
1788792711.381,1788792225.6,78.66165816666667,16.9218165,True,1,1,2026-09-07 14:43:45.599999905+00:00,19.959933332602183
1788792711.582,1788792225.8,78.661658,16.921817166666663,True,1,1,2026-09-07 14:43:45.799999952+00:00,19.963283332188926
1788792711.782,1788792226.0,78.66165783333332,16.921818,True,1,1,2026-09-07 14:43:46+00:00,19.966616666316988
1788792711.981,1788792226.2,78.66165766666667,16.921818,True,1,1,2026-09-07 14:43:46.200000048+00:00,19.969933331012726
1788792712.184,1788792226.4,78.66165733333334,16.9218175,True,1,1,2026-09-07 14:43:46.400000095+00:00,19.97331666549047
1788792712.38,1788792226.6,78.66165716666666,16.921816999999997,True,1,1,2026-09-07 14:43:46.599999905+00:00,19.976583333810172
1788792712.581,1788792226.8,78.661657,16.9218165,True,1,1,2026-09-07 14:43:46.799999952+00:00,19.97993333339691
1788792712.78,1788792227.0,78.66165683333334,16.921816166666666,True,1,1,2026-09-07 14:43:47+00:00,19.983249998092653
1788792712.979,1788792227.2,78.66165649999999,16.921816,True,1,1,2026-09-07 14:43:47.200000048+00:00,19.986566666762034
1788792713.179,1788792227.4,78.66165633333334,16.921815833333334,True,1,1,2026-09-07 14:43:47.400000095+00:00,19.989899996916453
1788792713.38,1788792227.6,78.66165616666667,16.921815833333334,True,1,1,2026-09-07 14:43:47.599999905+00:00,19.993250000476838
1788792713.582,1788792227.8,78.661656,16.921815666666664,True,1,1,2026-09-07 14:43:47.799999952+00:00,19.996616665522257
1788792713.778,1788792228.0,78.66165566666668,16.921815833333334,True,1,1,2026-09-07 14:43:48+00:00,19.99988333384196
1788792713.977,1788792228.2,78.66165550000001,16.921815499999997,True,1,1,2026-09-07 14:43:48.200000048+00:00,20.0031999985377
1788792714.181,1788792228.4,78.66165516666666,16.9218145,True,1,1,2026-09-07 14:43:48.400000095+00:00,20.006599998474123
1788792714.384,1788792228.6,78.66165483333333,16.921813666666665,True,1,1,2026-09-07 14:43:48.599999905+00:00,20.009983332951865
1788792714.578,1788792228.8,78.66165466666666,16.92181383333333,True,1,1,2026-09-07 14:43:48.799999952+00:00,20.013216666380565
1788792714.78,1788792229.0,78.6616545,16.921813166666666,True,1,1,2026-09-07 14:43:49+00:00,20.016583331425984
1788792714.984,1788792229.2,78.66165433333335,16.921812499999998,True,1,1,2026-09-07 14:43:49.200000048+00:00,20.019983331362408
1788792715.182,1788792229.4,78.66165416666666,16.921811666666667,True,1,1,2026-09-07 14:43:49.400000095+00:00,20.023283330599465
1788792715.381,1788792229.6,78.661654,16.921810999999998,True,1,1,2026-09-07 14:43:49.599999905+00:00,20.02659999926885
1788792715.579,1788792229.8,78.66165383333333,16.92181,True,1,1,2026-09-07 14:43:49.799999952+00:00,20.02989999850591
1788792715.78,1788792230.0,78.66165366666668,16.921809,True,1,1,2026-09-07 14:43:50+00:00,20.03324999809265
1788792715.981,1788792230.2,78.66165366666668,16.921808,True,1,1,2026-09-07 14:43:50.200000048+00:00,20.036599997679392
1788792716.18,1788792230.4,78.6616535,16.921807166666667,True,1,1,2026-09-07 14:43:50.400000095+00:00,20.039916666348777
1788792716.381,1788792230.6,78.66165333333333,16.9218065,True,1,1,2026-09-07 14:43:50.599999905+00:00,20.043266665935516
1788792716.577,1788792230.8,78.66165316666667,16.9218055,True,1,1,2026-09-07 14:43:50.799999952+00:00,20.046533330281576
1788792716.779,1788792231.0,78.66165299999999,16.921804666666667,True,1,1,2026-09-07 14:43:51+00:00,20.04989999930064
1788792716.98,1788792231.2,78.66165299999999,16.921804,True,1,1,2026-09-07 14:43:51.200000048+00:00,20.05324999888738
1788792717.18,1788792231.4,78.66165283333333,16.9218035,True,1,1,2026-09-07 14:43:51.400000095+00:00,20.056583333015443
1788792717.381,1788792231.6,78.66165266666667,16.921802833333334,True,1,1,2026-09-07 14:43:51.599999905+00:00,20.05993333260218
1788792717.581,1788792231.8,78.66165233333332,16.921802333333336,True,1,1,2026-09-07 14:43:51.799999952+00:00,20.063266666730247
1788792717.781,1788792232.0,78.66165216666667,16.921801333333335,True,1,1,2026-09-07 14:43:52+00:00,20.066599996884666
1788792717.98,1788792232.2,78.661652,16.921800833333336,True,1,1,2026-09-07 14:43:52.200000048+00:00,20.069916665554047
1788792718.181,1788792232.4,78.66165183333332,16.921800333333334,True,1,1,2026-09-07 14:43:52.400000095+00:00,20.07326666514079
1788792718.384,1788792232.6,78.6616515,16.9218,True,1,1,2026-09-07 14:43:52.599999905+00:00,20.07664999961853
1788792718.582,1788792232.8,78.66165116666666,16.921799500000002,True,1,1,2026-09-07 14:43:52.799999952+00:00,20.07994999885559
1788792718.782,1788792233.0,78.66165099999999,16.921798666666668,True,1,1,2026-09-07 14:43:53+00:00,20.08328333298365
1788792718.982,1788792233.2,78.66165066666667,16.921798000000003,True,1,1,2026-09-07 14:43:53.200000048+00:00,20.086616667111716
1788792719.184,1788792233.4,78.6616505,16.921797166666668,True,1,1,2026-09-07 14:43:53.400000095+00:00,20.089983332157136
1788792719.383,1788792233.6,78.66165033333333,16.921796500000003,True,1,1,2026-09-07 14:43:53.599999905+00:00,20.093299996852874
1788792719.583,1788792233.8,78.66165016666667,16.92179583333333,True,1,1,2026-09-07 14:43:53.799999952+00:00,20.096633330980936
1788792719.783,1788792234.0,78.66165,16.921795,True,1,1,2026-09-07 14:43:54+00:00,20.099966665108997
1788792719.984,1788792234.2,78.66164983333333,16.921794499999997,True,1,1,2026-09-07 14:43:54.200000048+00:00,20.10331666469574
1788792720.184,1788792234.4,78.66164966666666,16.921793833333332,True,1,1,2026-09-07 14:43:54.400000095+00:00,20.1066499988238
1788792720.382,1788792234.6,78.66164950000001,16.921793333333333,True,1,1,2026-09-07 14:43:54.599999905+00:00,20.109949998060863
1788792720.586,1788792234.8,78.66164933333333,16.92179283333333,True,1,1,2026-09-07 14:43:54.799999952+00:00,20.113349997997283
1788792720.786,1788792235.0,78.661649,16.921792333333332,True,1,1,2026-09-07 14:43:55+00:00,20.116683332125344
1788792720.985,1788792235.2,78.66164883333333,16.921791833333334,True,1,1,2026-09-07 14:43:55.200000048+00:00,20.119999996821086
1788792721.188,1788792235.4,78.66164866666666,16.921791,True,1,1,2026-09-07 14:43:55.400000095+00:00,20.12338333129883
1788792721.385,1788792235.6,78.6616485,16.921790666666666,True,1,1,2026-09-07 14:43:55.599999905+00:00,20.12666666507721
1788792721.583,1788792235.8,78.66164833333333,16.921790333333334,True,1,1,2026-09-07 14:43:55.799999952+00:00,20.12996666431427
1788792721.783,1788792236.0,78.66164816666667,16.92178983333333,True,1,1,2026-09-07 14:43:56+00:00,20.133299998442332
1788792721.984,1788792236.2,78.661648,16.921789166666667,True,1,1,2026-09-07 14:43:56.200000048+00:00,20.136649998029075
1788792722.183,1788792236.4,78.661648,16.921788833333334,True,1,1,2026-09-07 14:43:56.400000095+00:00,20.139966666698456
1788792722.382,1788792236.6,78.66164783333333,16.921788833333334,True,1,1,2026-09-07 14:43:56.599999905+00:00,20.143283331394194
1788792722.583,1788792236.8,78.66164766666667,16.921788666666664,True,1,1,2026-09-07 14:43:56.799999952+00:00,20.146633330980936
1788792722.787,1788792237.0,78.66164733333333,16.921788166666666,True,1,1,2026-09-07 14:43:57+00:00,20.15003333091736
1788792722.983,1788792237.2,78.66164716666667,16.921788,True,1,1,2026-09-07 14:43:57.200000048+00:00,20.15329999923706
1788792723.185,1788792237.4,78.66164699999999,16.921787666666667,True,1,1,2026-09-07 14:43:57.400000095+00:00,20.15666666428248
1788792723.385,1788792237.6,78.66164683333334,16.921787333333334,True,1,1,2026-09-07 14:43:57.599999905+00:00,20.159999998410544
1788792723.585,1788792237.8,78.66164666666667,16.921786833333332,True,1,1,2026-09-07 14:43:57.799999952+00:00,20.163333332538606
1788792723.784,1788792238.0,78.66164666666667,16.921785666666665,True,1,1,2026-09-07 14:43:58+00:00,20.166649997234344
1788792723.986,1788792238.2,78.66164666666667,16.9217845,True,1,1,2026-09-07 14:43:58.200000048+00:00,20.170016666253407
1788792724.185,1788792238.4,78.66164666666667,16.921783,True,1,1,2026-09-07 14:43:58.400000095+00:00,20.17333333094915
1788792724.385,1788792238.6,78.66164683333334,16.921781166666666,True,1,1,2026-09-07 14:43:58.599999905+00:00,20.17666666507721
1788792724.584,1788792238.8,78.66164699999999,16.921779666666666,True,1,1,2026-09-07 14:43:58.799999952+00:00,20.17998333374659
1788792724.784,1788792239.0,78.66164699999999,16.921778333333336,True,1,1,2026-09-07 14:43:59+00:00,20.18331666390101
1788792724.985,1788792239.2,78.66164699999999,16.921776833333336,True,1,1,2026-09-07 14:43:59.200000048+00:00,20.186666663487753
1788792725.184,1788792239.4,78.66164716666667,16.921775833333335,True,1,1,2026-09-07 14:43:59.400000095+00:00,20.189983332157134
1788792725.386,1788792239.6,78.66164716666667,16.921775,True,1,1,2026-09-07 14:43:59.599999905+00:00,20.193349997202557
1788792725.584,1788792239.8,78.66164716666667,16.92177416666667,True,1,1,2026-09-07 14:43:59.799999952+00:00,20.19665000041326
1788792725.786,1788792240.0,78.66164716666667,16.921773666666663,True,1,1,2026-09-07 14:44:00+00:00,20.20001666545868
1788792725.997,1788792240.2,78.66164716666667,16.921772999999998,True,1,1,2026-09-07 14:44:00.200000048+00:00,20.203533331553142
1788792726.185,1788792240.4,78.66164716666667,16.921772166666663,True,1,1,2026-09-07 14:44:00.400000095+00:00,20.20666666428248
1788792726.386,1788792240.6,78.66164699999999,16.921771333333332,True,1,1,2026-09-07 14:44:00.599999905+00:00,20.210016663869222
1788792726.585,1788792240.8,78.66164699999999,16.921771333333332,True,1,1,2026-09-07 14:44:00.799999952+00:00,20.213333332538603
1788792726.784,1788792241.0,78.66164683333334,16.921770666666664,True,1,1,2026-09-07 14:44:01+00:00,20.216649997234345
1788792726.985,1788792241.2,78.66164666666667,16.92177,True,1,1,2026-09-07 14:44:01.200000048+00:00,20.219999996821084
1788792727.185,1788792241.4,78.66164633333332,16.921769833333332,True,1,1,2026-09-07 14:44:01.400000095+00:00,20.22333333094915
1788792727.385,1788792241.6,78.66164616666667,16.921769333333334,True,1,1,2026-09-07 14:44:01.599999905+00:00,20.22666666507721
1788792727.585,1788792241.8,78.661646,16.92176883333333,True,1,1,2026-09-07 14:44:01.799999952+00:00,20.229999999205273
1788792727.785,1788792242.0,78.66164583333332,16.921768,True,1,1,2026-09-07 14:44:02+00:00,20.233333333333334
1788792727.985,1788792242.2,78.66164566666666,16.921768,True,1,1,2026-09-07 14:44:02.200000048+00:00,20.236666663487753
1788792728.183,1788792242.4,78.66164533333334,16.921767833333334,True,1,1,2026-09-07 14:44:02.400000095+00:00,20.239966666698457
1788792728.385,1788792242.6,78.66164516666666,16.921767499999998,True,1,1,2026-09-07 14:44:02.599999905+00:00,20.243333331743877
1788792728.584,1788792242.8,78.66164516666666,16.921766833333333,True,1,1,2026-09-07 14:44:02.799999952+00:00,20.246650000413258
1788792728.786,1788792243.0,78.66164483333334,16.921766333333334,True,1,1,2026-09-07 14:44:03+00:00,20.25001666545868
1788792728.984,1788792243.2,78.66164483333334,16.921765666666666,True,1,1,2026-09-07 14:44:03.200000048+00:00,20.25331666469574
1788792729.184,1788792243.4,78.66164466666667,16.921765166666667,True,1,1,2026-09-07 14:44:03.400000095+00:00,20.2566499988238
1788792729.385,1788792243.6,78.66164466666667,16.921764,True,1,1,2026-09-07 14:44:03.599999905+00:00,20.259999998410542
1788792729.583,1788792243.8,78.66164483333334,16.921763166666665,True,1,1,2026-09-07 14:44:03.799999952+00:00,20.263299997647604
1788792729.783,1788792244.0,78.66164483333334,16.921762333333334,True,1,1,2026-09-07 14:44:04+00:00,20.266633331775665
1788792729.984,1788792244.2,78.66164483333334,16.9217615,True,1,1,2026-09-07 14:44:04.200000048+00:00,20.269983331362408
1788792730.183,1788792244.4,78.66164483333334,16.921760833333334,True,1,1,2026-09-07 14:44:04.400000095+00:00,20.27330000003179
1788792730.385,1788792244.6,78.66164483333334,16.92176,True,1,1,2026-09-07 14:44:04.599999905+00:00,20.276666665077208
1788792730.583,1788792244.8,78.66164466666667,16.9217595,True,1,1,2026-09-07 14:44:04.799999952+00:00,20.27996666431427
1788792730.781,1788792245.0,78.66164466666667,16.921758833333335,True,1,1,2026-09-07 14:44:05+00:00,20.28326666355133
1788792730.987,1788792245.2,78.66164466666667,16.9217585,True,1,1,2026-09-07 14:44:05.200000048+00:00,20.286699998378754
1788792731.183,1788792245.4,78.66164466666667,16.921758166666667,True,1,1,2026-09-07 14:44:05.400000095+00:00,20.289966666698454
1788792731.383,1788792245.6,78.66164483333334,16.921758,True,1,1,2026-09-07 14:44:05.599999905+00:00,20.293299996852873
1788792731.582,1788792245.8,78.66164483333334,16.921757833333334,True,1,1,2026-09-07 14:44:05.799999952+00:00,20.296616665522258
1788792731.78,1788792246.0,78.66164483333334,16.921757666666668,True,1,1,2026-09-07 14:44:06+00:00,20.29991666475932
1788792731.98,1788792246.2,78.66164483333334,16.921757166666666,True,1,1,2026-09-07 14:44:06.200000048+00:00,20.30324999888738
1788792732.179,1788792246.4,78.66164483333334,16.921756666666667,True,1,1,2026-09-07 14:44:06.400000095+00:00,20.30656666358312
1788792732.38,1788792246.6,78.66164483333334,16.921756333333335,True,1,1,2026-09-07 14:44:06.599999905+00:00,20.309916667143504
1788792732.579,1788792246.8,78.66164483333334,16.921755833333336,True,1,1,2026-09-07 14:44:06.799999952+00:00,20.313233331839243
1788792732.782,1788792247.0,78.66164466666667,16.921755666666666,True,1,1,2026-09-07 14:44:07+00:00,20.316616666316985
1788792732.978,1788792247.2,78.66164483333334,16.921755666666666,True,1,1,2026-09-07 14:44:07.200000048+00:00,20.319883330663046
1788792733.182,1788792247.4,78.66164483333334,16.921755833333336,True,1,1,2026-09-07 14:44:07.400000095+00:00,20.323283330599466
1788792733.382,1788792247.6,78.66164483333334,16.921756333333335,True,1,1,2026-09-07 14:44:07.599999905+00:00,20.326616664727528
1788792733.584,1788792247.8,78.66164466666667,16.9217565,True,1,1,2026-09-07 14:44:07.799999952+00:00,20.329983333746593
1788792733.783,1788792248.0,78.66164466666667,16.921756833333333,True,1,1,2026-09-07 14:44:08+00:00,20.33329999844233
