{"type": "FeatureCollection", "features": [{"type": "Feature", "properties": {"recording": "20260907_120153", "kind": "recorded GPS track"}, "geometry": {"type": "MultiLineString", "coordinates": [[[16.8804125, 78.66464583333332], [16.880423, 78.66464599999999], [16.8804335, 78.66464616666667], [16.880444166666667, 78.66464616666667], [16.880455166666664, 78.66464633333334], [16.880466000000002, 78.66464649999999], [16.880476666666667, 78.66464649999999], [16.8804875, 78.66464666666667], [16.880498333333332, 78.66464683333334], [16.880509, 78.66464683333334], [16.880519666666665, 78.664647], [16.880530333333336, 78.664647], [16.880541, 78.66464716666665], [16.88055166666667, 78.66464716666665], [16.880562333333334, 78.66464716666665], [16.880573000000002, 78.66464716666665], [16.880584, 78.66464716666665], [16.880594666666664, 78.66464716666665], [16.8806055, 78.66464716666665], [16.880616166666666, 78.66464716666665], [16.880627, 78.66464716666665], [16.88063783333333, 78.66464716666665], [16.8806485, 78.66464716666665], [16.880659166666664, 78.66464733333333], [16.880670000000002, 78.66464733333333], [16.880680833333333, 78.66464733333333], [16.8806915, 78.66464733333333], [16.880702333333332, 78.66464733333333], [16.880713166666666, 78.66464733333333], [16.88072383333333, 78.6646475], [16.880734500000003, 78.6646475], [16.880745166666667, 78.66464766666667], [16.880755833333335, 78.66464766666667], [16.8807665, 78.66464766666667], [16.880777166666668, 78.66464766666667], [16.880788, 78.66464766666667], [16.880798666666667, 78.66464766666667], [16.8808095, 78.66464766666667], [16.88082016666667, 78.66464766666667], [16.880831166666667, 78.6646475], [16.880841999999998, 78.6646475], [16.880852666666666, 78.66464733333333], [16.88086333333333, 78.66464733333333], [16.880873833333332, 78.66464733333333], [16.88088433333333, 78.66464716666665], [16.88089516666667, 78.66464716666665], [16.880905666666667, 78.66464716666665], [16.880916333333335, 78.66464716666665], [16.880927166666666, 78.664647], [16.880938, 78.664647], [16.880948666666665, 78.664647], [16.8809595, 78.66464683333334], [16.880970333333334, 78.66464666666667], [16.880981333333335, 78.66464666666667], [16.880992166666665, 78.66464649999999], [16.881003, 78.66464649999999], [16.881013833333334, 78.66464633333334], [16.881024500000002, 78.66464633333334], [16.881035333333333, 78.66464616666667], [16.88104566666667, 78.66464599999999], [16.881056, 78.66464599999999], [16.881066666666666, 78.66464583333332], [16.881077333333334, 78.66464566666667], [16.881088, 78.66464566666667], [16.881099, 78.6646455], [16.88111, 78.66464533333333], [16.881121, 78.66464516666666], [16.881131999999997, 78.66464516666666], [16.881142666666666, 78.66464500000001], [16.8811535, 78.66464500000001], [16.881164333333334, 78.66464483333333], [16.881175166666665, 78.66464466666666], [16.881185833333333, 78.6646445], [16.881196499999998, 78.6646445], [16.881207333333336, 78.66464433333334], [16.881218166666667, 78.66464433333334], [16.881228833333335, 78.66464416666666], [16.881239833333332, 78.664644], [16.881250666666666, 78.66464383333333], [16.8812615, 78.66464383333333], [16.88127216666667, 78.66464366666668], [16.881283, 78.6646435], [16.881293833333334, 78.6646435], [16.881304666666665, 78.66464333333333], [16.881315333333337, 78.66464316666666], [16.881326166666668, 78.664643], [16.881337, 78.66464283333333], [16.881347666666667, 78.66464283333333], [16.881358666666664, 78.66464266666667], [16.8813695, 78.6646425], [16.881380166666666, 78.66464233333333], [16.881391, 78.66464216666667], [16.88140183333333, 78.664642], [16.881412666666666, 78.66464183333332], [16.8814235, 78.66464166666667], [16.881434333333335, 78.6646415], [16.881445, 78.66464116666666], [16.881456, 78.664641], [16.88146683333333, 78.66464083333334], [16.881477833333335, 78.66464066666667], [16.881488833333332, 78.66464049999999], [16.881500000000003, 78.66464016666667], [16.881511, 78.66463999999999], [16.881522, 78.66463983333333], [16.881533, 78.66463966666667], [16.881543833333335, 78.6646395], [16.881555, 78.66463933333333], [16.88156616666667, 78.66463900000001], [16.881577, 78.66463883333333], [16.881588, 78.66463866666666], [16.881599, 78.6646385], [16.88160966666667, 78.66463833333334], [16.881620666666667, 78.66463816666666], [16.881631333333335, 78.664638], [16.881642166666666, 78.66463783333333], [16.88165283333333, 78.66463766666668], [16.881663333333332, 78.6646375], [16.881674333333333, 78.66463716666667], [16.881685166666667, 78.664637], [16.881696166666664, 78.66463683333333], [16.881707333333335, 78.66463666666667], [16.881718166666666, 78.6646365], [16.881729, 78.66463616666667], [16.881739999999997, 78.664636], [16.881750833333335, 78.66463583333332], [16.881761833333332, 78.66463566666667], [16.881772666666667, 78.6646355], [16.881783833333333, 78.66463533333334], [16.881795, 78.66463516666666], [16.881806166666667, 78.66463483333334], [16.881817666666667, 78.66463466666667], [16.881828666666667, 78.66463449999999], [16.88184, 78.66463416666667], [16.881851166666667, 78.66463399999999], [16.881862333333334, 78.66463383333333], [16.88187333333333, 78.66463366666667], [16.881884666666668, 78.66463350000001], [16.88189583333333, 78.66463333333333], [16.881906666666666, 78.66463316666666], [16.881917666666666, 78.66463300000001], [16.881928833333333, 78.66463283333333], [16.88194, 78.66463283333333], [16.881951166666667, 78.66463266666666], [16.881962166666664, 78.6646325], [16.88197316666667, 78.66463233333334], [16.881984499999998, 78.66463216666666], [16.881995833333335, 78.664632], [16.882006999999998, 78.66463183333333], [16.882018333333335, 78.6646315], [16.882029666666664, 78.66463133333333], [16.882041166666667, 78.66463116666667], [16.882052666666667, 78.664631], [16.882063666666667, 78.66463083333333], [16.882075, 78.6646305], [16.882086333333334, 78.66463033333333], [16.8820975, 78.66463016666667], [16.8821085, 78.66463], [16.882119833333334, 78.66462966666667], [16.882131166666667, 78.6646295], [16.882142333333334, 78.66462933333334], [16.882153666666667, 78.66462933333334], [16.882165, 78.66462916666666], [16.882176166666667, 78.66462883333334], [16.88218733333333, 78.66462883333334], [16.88219816666667, 78.66462849999999], [16.882209166666666, 78.66462833333334], [16.882220166666666, 78.66462816666667], [16.882231333333333, 78.664628], [16.882242333333334, 78.66462766666668], [16.8822535, 78.66462750000001], [16.882264666666668, 78.66462716666666], [16.882276166666667, 78.66462700000001], [16.882287666666667, 78.66462666666666], [16.882298833333333, 78.6646265], [16.882310333333333, 78.66462616666666], [16.8823215, 78.664626], [16.882332833333333, 78.66462566666668], [16.882343833333334, 78.6646255], [16.882354666666668, 78.66462516666667], [16.88236583333333, 78.66462499999999], [16.882377, 78.66462466666667], [16.882388166666665, 78.6646245], [16.88239916666667, 78.66462416666667], [16.882410333333333, 78.664624], [16.88242166666667, 78.66462366666666], [16.882433, 78.6646235], [16.882444333333336, 78.66462333333334], [16.882455666666665, 78.66462316666666], [16.882467000000002, 78.66462283333334], [16.882478166666665, 78.66462266666667], [16.882489333333336, 78.6646225], [16.8825005, 78.66462216666667], [16.882511833333336, 78.664622], [16.882523166666665, 78.66462166666666], [16.882534333333336, 78.66462150000001], [16.882545666666665, 78.66462116666666], [16.882557000000002, 78.66462083333333], [16.882568499999998, 78.66462066666666], [16.88258, 78.66462033333333], [16.882591666666666, 78.66462016666667], [16.88260316666667, 78.66461983333333], [16.882614666666665, 78.66461966666667], [16.882626000000002, 78.66461933333333], [16.88263733333333, 78.66461899999999], [16.882648500000002, 78.66461883333334], [16.88265983333333, 78.6646185], [16.882671333333334, 78.66461816666667], [16.882682833333334, 78.664618], [16.882694333333333, 78.66461766666666], [16.882705666666666, 78.66461733333334], [16.882717, 78.66461716666666], [16.88272883333333, 78.66461683333334], [16.882740000000002, 78.66461666666667], [16.88275133333333, 78.66461633333333], [16.882762500000002, 78.66461616666668], [16.88277383333333, 78.66461583333333], [16.882785000000002, 78.66461550000001], [16.88279633333333, 78.66461516666666], [16.882807666666668, 78.66461483333333], [16.88281883333333, 78.66461433333333], [16.88283016666667, 78.664614], [16.882841499999998, 78.6646135], [16.882852833333335, 78.66461299999999], [16.882864166666664, 78.6646125], [16.882875333333335, 78.66461216666667], [16.882886666666664, 78.66461166666666], [16.88289766666667, 78.66461116666666], [16.882908666666665, 78.6646105], [16.8829195, 78.66461016666668], [16.882930333333334, 78.66460966666666], [16.882941000000002, 78.66460916666666], [16.882951833333333, 78.6646085], [16.882962833333334, 78.664608], [16.88297383333333, 78.6646075], [16.882984833333335, 78.66460683333334], [16.882996, 78.66460633333332], [16.883007000000003, 78.66460583333333], [16.883018, 78.66460516666666], [16.883028833333334, 78.66460466666668], [16.88303983333333, 78.664604], [16.88305066666667, 78.66460333333333], [16.883061333333334, 78.66460266666667], [16.883072333333335, 78.664602], [16.88308333333333, 78.66460149999999], [16.883094333333336, 78.66460083333332], [16.8831055, 78.66460000000001], [16.88311666666667, 78.66459933333334], [16.883127833333333, 78.66459866666668], [16.883139000000003, 78.664598], [16.883150333333333, 78.66459716666667], [16.883161500000003, 78.6645965], [16.883172666666667, 78.66459583333334], [16.883183666666664, 78.66459516666667], [16.883194666666668, 78.66459433333333], [16.8832055, 78.66459366666666], [16.8832165, 78.664593], [16.883227499999997, 78.66459233333333], [16.883238333333335, 78.66459166666667], [16.883249333333332, 78.66459083333332], [16.8832605, 78.66459016666666], [16.883271666666666, 78.66458949999999], [16.883283, 78.66458883333333], [16.883294333333332, 78.66458800000001], [16.883305833333335, 78.66458716666666], [16.88331733333333, 78.6645865], [16.883328833333334, 78.66458566666667], [16.883340333333333, 78.664585], [16.883351666666666, 78.66458416666666], [16.883362833333333, 78.66458349999999], [16.883374, 78.66458266666667], [16.883384999999997, 78.66458200000001], [16.883396, 78.66458133333335], [16.883406833333332, 78.6645805], [16.883418, 78.66457983333333], [16.883429, 78.664579], [16.883440166666666, 78.66457833333334], [16.883451166666667, 78.6645775], [16.8834625, 78.66457683333333], [16.883473833333333, 78.664576], [16.883485166666667, 78.66457533333333], [16.883496833333332, 78.6645745], [16.883508166666665, 78.66457366666667], [16.8835195, 78.66457283333334], [16.883530833333335, 78.66457199999999], [16.883542, 78.66457133333333], [16.883553166666665, 78.66457050000001], [16.883564, 78.66456966666667], [16.883575, 78.664569], [16.883586166666664, 78.66456816666667], [16.883597, 78.6645675], [16.883608, 78.66456666666666], [16.883619, 78.66456583333334], [16.88363, 78.664565], [16.883641, 78.66456416666666], [16.883652333333334, 78.6645635], [16.883663833333333, 78.66456266666667], [16.883675, 78.66456183333334], [16.883686333333333, 78.66456116666667], [16.8836975, 78.66456033333334], [16.883708666666667, 78.6645595], [16.883719833333334, 78.66455883333333], [16.883731, 78.664558], [16.883741999999998, 78.66455716666665], [16.883753000000002, 78.66455649999999], [16.883764, 78.66455566666667], [16.883775, 78.66455500000001], [16.883786166666667, 78.66455416666666], [16.883797333333334, 78.66455333333333], [16.88380833333333, 78.66455266666667], [16.8838195, 78.66455183333333], [16.883830666666665, 78.66455116666666], [16.883842, 78.66455033333334], [16.8838535, 78.66454966666667], [16.883864833333334, 78.66454883333334], [16.883876, 78.664548], [16.883887, 78.66454733333333], [16.883898166666665, 78.6645465], [16.88390916666667, 78.66454583333334], [16.883920333333332, 78.664545], [16.883931333333333, 78.66454433333334], [16.8839425, 78.66454350000001], [16.883953666666667, 78.66454283333334], [16.883964833333334, 78.664542], [16.883976166666667, 78.66454116666667], [16.8839875, 78.66454033333333], [16.883998833333333, 78.66453966666667], [16.884010166666666, 78.66453883333334], [16.8840215, 78.664538], [16.884032333333334, 78.66453716666666], [16.884043333333334, 78.6645365], [16.88405433333333, 78.66453566666668], [16.884065333333336, 78.66453483333333], [16.884076, 78.664534], [16.88408666666667, 78.66453316666666], [16.8840975, 78.66453249999999], [16.884108333333334, 78.66453166666666], [16.884119333333334, 78.66453083333334], [16.8841305, 78.66453], [16.8841415, 78.66452916666667], [16.88415266666667, 78.66452833333332], [16.884164, 78.66452766666666], [16.884175333333335, 78.66452683333334], [16.88418666666667, 78.664526], [16.884198, 78.66452516666666], [16.884209, 78.66452433333333], [16.884220000000003, 78.66452366666667], [16.884230833333334, 78.66452283333334], [16.88424183333333, 78.664522], [16.884252666666665, 78.66452133333334], [16.884263833333332, 78.6645205], [16.884274833333333, 78.66451966666666], [16.884286, 78.66451883333335], [16.884297166666666, 78.66451816666667], [16.8843085, 78.66451733333334], [16.88432, 78.6645165], [16.884331166666666, 78.66451566666666], [16.884342333333333, 78.664515], [16.884353666666666, 78.66451416666668], [16.884364833333333, 78.66451333333333], [16.884376166666666, 78.66451266666667], [16.884387166666667, 78.66451183333334], [16.884398166666664, 78.66451099999999], [16.884409166666668, 78.66451033333333], [16.884420166666665, 78.6645095], [16.884431333333335, 78.66450866666668], [16.884442666666665, 78.66450783333333], [16.884454, 78.66450716666667], [16.884465166666665, 78.66450633333334], [16.8844765, 78.66450549999999], [16.8844875, 78.66450466666667], [16.884498666666666, 78.66450383333334], [16.884509833333333, 78.66450316666666], [16.884520833333333, 78.66450233333333], [16.884532, 78.6645015], [16.884543166666667, 78.66450066666667], [16.884554166666664, 78.6645], [16.884565333333335, 78.66449916666667], [16.884576666666664, 78.66449833333333], [16.88458766666667, 78.6644975], [16.884598999999998, 78.66449666666668], [16.884610333333335, 78.664496], [16.884621499999998, 78.66449516666667], [16.884632500000002, 78.66449433333334], [16.8846435, 78.66449366666667], [16.8846545, 78.66449283333333], [16.884665833333333, 78.66449200000001], [16.884676666666667, 78.66449133333334], [16.88468783333333, 78.6644905], [16.884699, 78.66448966666667], [16.884710166666665, 78.66448883333334], [16.8847215, 78.66448799999999], [16.884732666666665, 78.66448716666667], [16.884743833333335, 78.66448633333333], [16.88475533333333, 78.6644855], [16.884766833333334, 78.66448466666667], [16.884778333333333, 78.66448383333334], [16.884789666666666, 78.664483], [16.884801, 78.66448216666666], [16.884812166666666, 78.66448133333333], [16.884823166666667, 78.66448050000001], [16.884834166666668, 78.66447966666667], [16.884845499999997, 78.66447883333333], [16.8848565, 78.66447799999999], [16.884867666666665, 78.66447716666667], [16.884878833333335, 78.66447616666666], [16.88489, 78.66447533333333], [16.884901333333335, 78.66447450000001], [16.884912666666665, 78.66447366666667], [16.884924, 78.66447283333333], [16.88493533333333, 78.66447199999999], [16.884946666666668, 78.66447116666667], [16.884957999999997, 78.66447033333334], [16.884969333333334, 78.6644695], [16.884980666666667, 78.66446866666666], [16.884991833333334, 78.66446783333335], [16.885002999999998, 78.664467], [16.885014166666668, 78.66446616666667], [16.885025166666665, 78.66446533333333], [16.885036333333336, 78.6644645], [16.8850475, 78.66446366666668], [16.885058666666666, 78.66446283333333], [16.88507, 78.66446183333333], [16.885081500000002, 78.664461], [16.88509283333333, 78.66446016666667], [16.885104166666668, 78.66445933333333], [16.885115666666664, 78.6644585], [16.885127, 78.66445766666668], [16.885138166666664, 78.66445683333333], [16.885149166666668, 78.66445616666667], [16.88516, 78.66445533333334], [16.885171, 78.66445449999999], [16.885182, 78.66445366666667], [16.885193, 78.66445300000001], [16.885203999999998, 78.66445216666666], [16.88521516666667, 78.66445133333333], [16.885226333333332, 78.6644505], [16.885237500000002, 78.66444966666667], [16.885248666666666, 78.66444883333334], [16.885259666666666, 78.664448], [16.885270666666667, 78.66444716666666], [16.885281833333334, 78.66444633333334], [16.885292666666665, 78.6644455], [16.885303833333335, 78.66444466666667], [16.885314833333332, 78.66444383333334], [16.885325833333333, 78.66444299999999], [16.885336666666667, 78.66444216666667], [16.885347666666668, 78.66444133333333], [16.885358666666665, 78.6644405], [16.885369500000003, 78.66443966666667], [16.885380666666666, 78.66443883333334], [16.885391833333333, 78.664438], [16.885403, 78.66443716666666], [16.885414166666667, 78.66443633333333], [16.885425333333334, 78.66443533333333], [16.885436666666667, 78.6644345], [16.885448, 78.66443366666667], [16.885459166666667, 78.66443283333334], [16.885470333333334, 78.664432], [16.8854815, 78.66443116666666], [16.88549233333333, 78.66443033333333], [16.885503333333336, 78.66442950000001], [16.885514333333333, 78.66442866666667], [16.88552533333333, 78.66442783333333], [16.8855365, 78.66442699999999], [16.885547666666664, 78.66442616666667], [16.885558833333334, 78.66442516666666], [16.88557033333333, 78.66442433333333], [16.885582, 78.66442350000001], [16.88559316666667, 78.66442266666667], [16.885604666666666, 78.66442183333334], [16.885615833333336, 78.66442099999999], [16.885627, 78.66442], [16.88563816666667, 78.66441916666666], [16.885649166666667, 78.66441833333333], [16.885659999999998, 78.6644175], [16.885671, 78.66441666666667], [16.885681833333333, 78.66441583333334], [16.885693, 78.66441499999999], [16.885703999999997, 78.66441416666666], [16.885715333333334, 78.66441333333334], [16.885726499999997, 78.6644125], [16.885737833333334, 78.66441166666667], [16.885749166666667, 78.66441066666667], [16.885760333333334, 78.66440983333334], [16.885771499999997, 78.66440899999999], [16.8857825, 78.66440816666666], [16.8857935, 78.66440733333334], [16.88580466666667, 78.6644065], [16.885815666666666, 78.66440566666667], [16.885826666666667, 78.66440483333334], [16.885837666666664, 78.664404], [16.885848666666668, 78.66440316666667], [16.885859666666665, 78.66440233333333], [16.885870833333335, 78.6644015], [16.885882, 78.66440083333333], [16.885893166666666, 78.66439999999999], [16.885904333333333, 78.664399], [16.885915833333335, 78.66439816666666], [16.885927166666665, 78.66439733333333], [16.885938666666668, 78.66439650000001], [16.885949999999998, 78.66439566666666], [16.885961166666668, 78.66439483333333], [16.885972499999998, 78.66439399999999], [16.885983666666668, 78.66439316666667], [16.885994666666665, 78.66439233333334], [16.886005666666666, 78.6643915], [16.8860165, 78.66439066666666], [16.8860275, 78.66438983333335], [16.88603833333333, 78.664389], [16.886049500000002, 78.66438816666667], [16.8860605, 78.66438733333332], [16.886071666666666, 78.6643865], [16.886083, 78.6643855], [16.886094166666666, 78.66438466666666], [16.8861055, 78.66438366666667], [16.886116833333332, 78.66438283333333], [16.886128, 78.66438199999999], [16.886139166666666, 78.66438116666667], [16.886150166666667, 78.66438033333334], [16.886161, 78.6643795], [16.886171833333332, 78.66437850000001], [16.886182666666667, 78.66437766666667], [16.88619333333333, 78.664377], [16.886204333333335, 78.66437599999999], [16.886215166666666, 78.66437533333333], [16.886226166666667, 78.66437433333334], [16.886237166666668, 78.6643735], [16.886248333333334, 78.66437266666667], [16.8862595, 78.66437183333333], [16.886270500000002, 78.66437083333334], [16.886282, 78.66436999999999], [16.886293333333334, 78.66436916666666], [16.8863045, 78.66436833333334], [16.886315500000002, 78.6643675], [16.886326666666665, 78.66436666666667], [16.886337333333334, 78.66436583333333], [16.886347999999998, 78.664365], [16.88635866666667, 78.66436416666667], [16.886369333333334, 78.66436350000001], [16.886380166666665, 78.66436266666666], [16.886390666666667, 78.66436183333333], [16.886401333333332, 78.66436116666667], [16.886412333333332, 78.66436033333333], [16.886423166666667, 78.6643595], [16.886434, 78.66435866666667], [16.886445166666665, 78.66435783333333], [16.886456, 78.66435716666666], [16.886467166666666, 78.66435633333334], [16.886478, 78.6643555], [16.88648883333333, 78.66435466666667], [16.886499833333335, 78.66435383333334], [16.8865105, 78.66435299999999], [16.8865215, 78.664352], [16.886532166666665, 78.66435116666666], [16.88654316666667, 78.66435033333333], [16.886554333333333, 78.6643495], [16.886565166666667, 78.66434866666667], [16.886576166666668, 78.66434783333334], [16.88658716666667, 78.66434683333334], [16.886598166666666, 78.664346], [16.886609166666666, 78.66434516666666], [16.88662, 78.66434433333333], [16.886631, 78.6643435], [16.886642, 78.66434266666667], [16.886653000000003, 78.66434183333334], [16.886664, 78.664341], [16.886675, 78.66434016666668], [16.886685666666665, 78.66433933333333], [16.886696500000003, 78.6643385], [16.886707333333334, 78.6643375], [16.886718, 78.66433666666667], [16.886729, 78.66433583333334], [16.886739666666664, 78.664335], [16.886750666666668, 78.66433416666668], [16.8867615, 78.66433333333333], [16.8867725, 78.6643325], [16.8867835, 78.66433166666667], [16.886794666666667, 78.66433083333332], [16.886805833333334, 78.66433], [16.886816833333334, 78.66432916666666], [16.886827999999998, 78.66432833333333], [16.886839000000002, 78.6643275], [16.88685, 78.66432666666667], [16.886860833333333, 78.66432583333334], [16.886872, 78.66432499999999], [16.886882833333335, 78.66432416666666], [16.886893999999998, 78.66432333333334], [16.88690516666667, 78.6643225], [16.886916333333332, 78.6643215], [16.886927500000002, 78.66432066666667], [16.8869385, 78.66431983333334], [16.886949666666666, 78.66431899999999], [16.886960666666667, 78.66431816666666], [16.886971666666668, 78.66431733333334], [16.8869825, 78.6643165], [16.886993500000003, 78.66431566666667], [16.887004333333334, 78.66431483333334], [16.8870155, 78.664314], [16.887026666666667, 78.66431316666667], [16.887037833333334, 78.66431233333333], [16.887049, 78.6643115], [16.887060166666668, 78.66431083333333], [16.88707133333333, 78.66430983333333], [16.8870825, 78.664309], [16.887093666666665, 78.66430833333334], [16.88710466666667, 78.66430733333333], [16.887115666666666, 78.66430650000001], [16.887126833333333, 78.66430566666666], [16.887137833333334, 78.66430483333333], [16.887149166666667, 78.66430399999999], [16.887160333333334, 78.66430316666667], [16.8871715, 78.66430233333334], [16.887183, 78.6643015], [16.887194333333333, 78.66430066666666], [16.887205666666667, 78.66429983333335], [16.887217, 78.664299], [16.887228166666667, 78.66429799999999], [16.887239333333333, 78.66429733333332], [16.887250333333334, 78.66429633333334], [16.887261333333335, 78.66429566666667], [16.887272333333332, 78.66429466666666], [16.88728316666667, 78.66429383333335], [16.887294166666667, 78.664293], [16.887305166666668, 78.66429216666667], [16.88731616666667, 78.66429133333332], [16.887326833333336, 78.6642905], [16.887337666666667, 78.66428966666668], [16.887348499999998, 78.66428883333333], [16.887359333333333, 78.664288], [16.887369999999997, 78.66428716666665], [16.887380666666665, 78.66428633333334], [16.8873915, 78.6642855], [16.887402333333334, 78.66428466666666], [16.887413166666665, 78.66428383333333], [16.887423833333333, 78.664283], [16.887434666666664, 78.66428216666667], [16.887445333333336, 78.66428133333334], [16.887456166666666, 78.66428049999999], [16.887467166666667, 78.66427966666667], [16.887477999999998, 78.66427883333334], [16.887489000000002, 78.664278], [16.8875, 78.664277], [16.887511, 78.66427616666667], [16.887522166666667, 78.66427533333334], [16.887533333333334, 78.66427449999999], [16.8875445, 78.66427366666667], [16.887555333333335, 78.66427266666666], [16.887566333333332, 78.66427183333333], [16.887577333333336, 78.664271], [16.887588333333333, 78.66427016666667], [16.887599333333334, 78.66426933333334], [16.887610333333335, 78.66426833333334], [16.887621333333335, 78.66426750000001], [16.887632666666665, 78.66426666666666], [16.887643500000003, 78.66426583333333], [16.887654666666666, 78.66426483333333], [16.887665833333333, 78.664264], [16.887677, 78.66426316666666], [16.887688166666667, 78.66426233333333], [16.887699166666668, 78.66426150000001], [16.88771016666667, 78.66426066666666], [16.887721, 78.66425983333333], [16.88773183333333, 78.66425899999999], [16.887742833333334, 78.66425816666667], [16.887753999999997, 78.66425733333334], [16.887765166666668, 78.6642565], [16.887776499999998, 78.66425550000001], [16.887787666666668, 78.66425466666666], [16.887798999999998, 78.66425383333333], [16.887810333333334, 78.66425299999999], [16.887821666666664, 78.66425216666667], [16.887833, 78.66425133333334], [16.887843999999998, 78.6642505], [16.887855166666668, 78.66424950000001], [16.887866, 78.66424866666667], [16.887877166666666, 78.66424766666667], [16.887888166666666, 78.66424683333334], [16.887899333333333, 78.664246], [16.887910499999997, 78.66424516666666], [16.887921666666667, 78.66424433333333], [16.88793283333333, 78.66424350000001], [16.887944, 78.66424266666667], [16.887955166666664, 78.66424183333334], [16.8879665, 78.66424099999999], [16.887977666666664, 78.66424], [16.887988833333335, 78.66423916666666], [16.887999666666666, 78.66423833333333], [16.888010666666666, 78.6642375], [16.888021499999997, 78.66423666666667], [16.8880325, 78.66423583333334], [16.888043333333332, 78.66423499999999], [16.8880545, 78.66423416666666], [16.888065333333333, 78.66423333333334], [16.888076, 78.6642325], [16.8880865, 78.66423166666667], [16.888097166666668, 78.66423083333333], [16.888108, 78.66423], [16.888118833333333, 78.66422916666667], [16.888129833333334, 78.66422833333333], [16.888140833333335, 78.6642275], [16.888151833333332, 78.66422666666668], [16.888162666666666, 78.66422583333333], [16.8881735, 78.664225], [16.8881845, 78.66422416666666], [16.888195166666666, 78.66422333333334], [16.888206, 78.66422250000001], [16.888216666666665, 78.6642215], [16.888227500000003, 78.66422083333333], [16.888238166666667, 78.66421983333333], [16.888248833333332, 78.664219], [16.888259666666666, 78.66421816666666], [16.888270666666664, 78.66421733333333], [16.888281833333334, 78.66421650000001], [16.88829283333333, 78.6642155], [16.888304, 78.66421466666667], [16.888315166666665, 78.66421383333333], [16.888326166666666, 78.66421283333334], [16.888337166666666, 78.66421199999999], [16.888348333333333, 78.664211], [16.888359166666664, 78.66421016666666], [16.888370333333334, 78.66420933333333], [16.888381166666665, 78.66420833333333], [16.888392, 78.6642075], [16.888403, 78.66420666666666], [16.888414, 78.66420566666667], [16.88842483333333, 78.66420483333333], [16.888435666666666, 78.66420383333335], [16.888446833333333, 78.664203], [16.888458, 78.66420216666667], [16.888469166666667, 78.66420116666667], [16.888480166666668, 78.66420033333334], [16.88849133333333, 78.66419933333333], [16.888502666666668, 78.66419850000001], [16.888514, 78.6641975], [16.888525, 78.66419666666667], [16.88853633333333, 78.66419583333332], [16.888547666666668, 78.66419483333334], [16.88855883333333, 78.664194], [16.888570166666668, 78.66419316666666], [16.88858133333333, 78.66419216666667], [16.8885925, 78.66419133333333], [16.88860383333333, 78.66419049999999], [16.888615333333334, 78.66418966666667], [16.8886265, 78.66418866666666], [16.888638166666667, 78.66418783333333], [16.888649833333332, 78.66418683333333], [16.888661000000003, 78.664186], [16.888672333333332, 78.66418516666666], [16.88868366666667, 78.66418416666667], [16.888694833333332, 78.66418333333333], [16.888706, 78.6641825], [16.888717, 78.6641815], [16.888728, 78.66418066666667], [16.88873883333333, 78.66417983333334], [16.888749833333335, 78.66417883333334], [16.888760833333333, 78.66417799999999], [16.888771833333333, 78.66417716666666], [16.888782833333334, 78.66417633333334], [16.888793833333335, 78.66417533333333], [16.88880483333333, 78.6641745], [16.88881566666667, 78.66417366666666], [16.8888265, 78.66417283333334], [16.8888375, 78.664172], [16.888848333333332, 78.66417116666666], [16.888859, 78.66417016666666], [16.888869666666668, 78.66416933333333], [16.888880333333336, 78.6641685], [16.888890833333335, 78.66416766666666], [16.8889015, 78.66416683333334], [16.888912333333334, 78.664166], [16.888923166666665, 78.66416516666666], [16.888934, 78.66416433333333], [16.888944833333333, 78.6641635], [16.8889555, 78.66416266666667], [16.888966333333332, 78.66416183333334], [16.888977, 78.66416083333334], [16.88898783333333, 78.66416], [16.888998666666666, 78.66415916666666], [16.889009333333334, 78.66415833333333], [16.88902016666667, 78.6641575], [16.889030833333333, 78.66415666666667], [16.889041666666667, 78.66415583333334], [16.8890525, 78.664155], [16.889063500000002, 78.66415416666668], [16.8890745, 78.66415333333333], [16.889085333333334, 78.6641525], [16.889096333333335, 78.66415166666667], [16.88910716666667, 78.66415066666667], [16.889118, 78.66414983333334], [16.889128833333334, 78.664149], [16.889139833333335, 78.66414816666666], [16.889150833333336, 78.66414716666667], [16.889161666666666, 78.66414633333333], [16.889172666666664, 78.66414549999999], [16.889183666666668, 78.66414466666667], [16.889194333333332, 78.66414366666666], [16.889205333333333, 78.66414283333333], [16.889216166666664, 78.664142], [16.889227, 78.66414116666667], [16.889237833333333, 78.66414016666666], [16.889248833333333, 78.66413933333334], [16.88925983333333, 78.6641385], [16.889270833333335, 78.6641375], [16.88928183333333, 78.66413666666668], [16.889292833333332, 78.66413566666667], [16.889304, 78.66413483333334], [16.889315, 78.66413383333334], [16.889326166666667, 78.66413299999999], [16.889337166666667, 78.66413216666666], [16.88934833333333, 78.66413116666666], [16.88935916666667, 78.66413033333333], [16.88937, 78.6641295], [16.889381, 78.6641285], [16.889392, 78.66412766666667], [16.889403, 78.66412666666666], [16.889414, 78.66412583333334], [16.889425333333335, 78.664125], [16.8894365, 78.66412399999999], [16.889447833333335, 78.66412316666667], [16.889459, 78.66412216666666], [16.88947, 78.66412133333333], [16.889481166666666, 78.66412050000001], [16.889492166666667, 78.6641195], [16.889503166666668, 78.66411866666667], [16.889514000000002, 78.66411783333334], [16.889524833333333, 78.664117], [16.889535833333333, 78.66411616666666], [16.889546833333334, 78.66411516666668], [16.889557833333335, 78.66411433333333], [16.889568666666666, 78.6641135], [16.889579833333336, 78.66411266666667], [16.889591, 78.66411166666667], [16.889602, 78.66411083333334], [16.889612833333334, 78.66411], [16.88962366666667, 78.66410916666668], [16.889634666666666, 78.66410816666667], [16.88964566666667, 78.66410733333333], [16.889656333333335, 78.66410633333334], [16.889667333333332, 78.6641055], [16.889678333333332, 78.66410466666666], [16.889689333333333, 78.66410366666668], [16.889700333333334, 78.66410283333333], [16.88971133333333, 78.66410183333333], [16.889722333333335, 78.664101], [16.889733333333332, 78.66409999999999], [16.889744333333333, 78.66409916666666], [16.889755166666664, 78.66409816666666], [16.889766166666668, 78.66409716666666], [16.889777, 78.66409633333333], [16.889788, 78.6640955], [16.889799166666666, 78.66409466666667], [16.88981, 78.66409383333333], [16.889820999999998, 78.66409300000001], [16.889831833333336, 78.66409233333334], [16.889843, 78.6640915], [16.889854166666666, 78.66409066666667], [16.8898655, 78.66409], [16.889876833333336, 78.66408916666666], [16.889888166666665, 78.66408833333334], [16.889899333333336, 78.66408766666667], [16.889910666666665, 78.66408683333334], [16.8899215, 78.66408616666666], [16.889932333333334, 78.6640855], [16.889943333333335, 78.66408466666667], [16.889954166666666, 78.664084], [16.889965, 78.66408333333334], [16.889975666666665, 78.66408249999999], [16.889986166666667, 78.66408166666666], [16.889997, 78.66408083333334], [16.89000766666667, 78.66408], [16.8900185, 78.66407899999999], [16.890029166666668, 78.66407816666667], [16.89004, 78.66407733333334], [16.890051000000003, 78.66407633333333], [16.890061833333334, 78.66407550000001], [16.890072666666665, 78.6640745], [16.890083666666666, 78.66407366666667], [16.8900945, 78.66407283333334], [16.890105333333334, 78.66407183333334], [16.890116, 78.66407099999999], [16.890126833333333, 78.66407016666668], [16.890137499999998, 78.66406916666666], [16.890148166666666, 78.66406833333333], [16.890159, 78.66406733333334], [16.89016966666667, 78.66406633333332], [16.890180333333333, 78.6640655], [16.890191333333334, 78.6640645], [16.89020233333333, 78.66406366666666], [16.89021316666667, 78.66406283333335], [16.890224, 78.66406183333334], [16.890234833333334, 78.66406083333332], [16.89024583333333, 78.66406], [16.89025666666667, 78.664059], [16.8902675, 78.66405800000001], [16.89027816666667, 78.66405716666667], [16.890289, 78.66405616666665], [16.890299666666667, 78.66405533333334], [16.8903105, 78.66405433333333], [16.890321500000002, 78.66405333333334], [16.890332333333333, 78.66405233333333], [16.89034333333333, 78.66405133333333], [16.890354333333335, 78.66405033333334], [16.890365499999998, 78.66404933333334], [16.890376333333332, 78.66404833333333], [16.890387333333333, 78.66404733333334], [16.890398333333334, 78.66404633333333], [16.890409, 78.66404533333333], [16.8904195, 78.66404433333334], [16.89043, 78.66404349999999], [16.890440333333334, 78.66404250000001], [16.890450666666666, 78.6640415], [16.890461166666668, 78.6640405], [16.890471666666667, 78.6640395], [16.8904825, 78.6640385], [16.890493499999998, 78.66403749999999], [16.890504500000002, 78.66403633333333], [16.890515333333333, 78.66403533333333], [16.890526166666668, 78.66403433333333], [16.890537, 78.66403333333332], [16.890547833333336, 78.66403233333334], [16.8905585, 78.66403133333333], [16.890568833333337, 78.66403050000001], [16.890579333333335, 78.6640295], [16.890589499999997, 78.6640285], [16.890599833333333, 78.6640275], [16.89061, 78.66402666666666], [16.8906205, 78.66402566666667], [16.890631166666665, 78.66402450000001], [16.890642, 78.6640235], [16.890652833333334, 78.6640225], [16.890663833333335, 78.6640215], [16.890674666666666, 78.6640205], [16.8906855, 78.6640195], [16.890696333333334, 78.66401833333333], [16.89070716666667, 78.6640175], [16.890718, 78.66401649999999], [16.890728833333334, 78.6640155], [16.890739333333332, 78.6640145], [16.890749666666668, 78.6640135], [16.89076, 78.6640125], [16.890770333333332, 78.66401133333333], [16.890780833333334, 78.66401049999999], [16.890791333333333, 78.66400933333333], [16.890802166666667, 78.66400833333334], [16.890812999999998, 78.66400733333333], [16.890824000000002, 78.66400633333333], [16.890835166666665, 78.66400533333334], [16.890846166666666, 78.66400433333334], [16.890857, 78.66400333333333], [16.890867833333335, 78.66400216666666], [16.8908785, 78.66400116666667], [16.890889333333334, 78.66400016666667], [16.890899666666666, 78.66399916666666], [16.890910166666668, 78.663998], [16.8909205, 78.66399700000001], [16.890931000000002, 78.663996], [16.890941333333334, 78.66399500000001], [16.890952000000002, 78.66399383333334], [16.890962666666667, 78.66399283333334], [16.890973499999998, 78.66399183333333], [16.890984500000002, 78.66399066666666], [16.890995666666665, 78.66398966666667], [16.891006666666666, 78.66398866666667], [16.891018, 78.66398766666666], [16.891028833333333, 78.66398666666667], [16.891039499999998, 78.66398550000001], [16.891050166666666, 78.6639845], [16.89106083333333, 78.6639835], [16.891071333333333, 78.6639825], [16.89108183333333, 78.6639815], [16.891092166666667, 78.6639805], [16.891102999999998, 78.66397950000001], [16.891113833333335, 78.66397833333333], [16.891124833333333, 78.66397733333334], [16.891135833333333, 78.66397633333332], [16.891146833333334, 78.66397533333334], [16.89115766666667, 78.66397416666668], [16.8911685, 78.66397333333333], [16.8911795, 78.66397216666665], [16.891190166666668, 78.66397116666667], [16.891201000000002, 78.66397016666666], [16.8912115, 78.66396916666666], [16.891222000000003, 78.66396816666666], [16.8912325, 78.66396716666667], [16.891242833333333, 78.66396616666665], [16.89125316666667, 78.66396533333334], [16.891263499999997, 78.66396433333333], [16.891273666666667, 78.66396333333334], [16.891284, 78.66396233333333], [16.891294666666667, 78.66396133333333], [16.89130533333333, 78.66396033333334], [16.891316333333336, 78.66395949999999], [16.891327333333333, 78.6639585], [16.891338166666667, 78.6639575], [16.891348999999998, 78.6639565], [16.891360000000002, 78.6639555], [16.891370833333333, 78.66395466666667], [16.891381666666668, 78.66395366666667], [16.891392166666666, 78.66395266666667], [16.891402833333334, 78.66395166666666], [16.8914135, 78.66395066666668], [16.891424166666663, 78.66394966666667], [16.8914345, 78.66394883333334], [16.891445166666664, 78.66394783333334], [16.891455666666666, 78.66394683333333], [16.8914665, 78.66394583333334], [16.891477333333334, 78.66394483333333], [16.891488166666665, 78.66394383333333], [16.891499, 78.66394283333334], [16.891510166666666, 78.66394183333334], [16.891521166666667, 78.66394083333333], [16.891531999999998, 78.66393983333334], [16.891542666666666, 78.66393866666667], [16.89155333333333, 78.66393766666667], [16.891564000000002, 78.66393666666666], [16.8915745, 78.66393566666667], [16.891585000000003, 78.66393466666666], [16.8915955, 78.66393366666667], [16.89160616666667, 78.66393266666667], [16.891616833333334, 78.66393166666667], [16.891627500000002, 78.66393066666666], [16.891638333333333, 78.66392966666668], [16.891649166666664, 78.66392866666666], [16.89166, 78.66392766666667], [16.891670833333333, 78.66392649999999], [16.891681666666667, 78.6639255], [16.89169233333333, 78.6639245], [16.891703, 78.6639235], [16.891713666666664, 78.6639225], [16.891724166666666, 78.6639215], [16.891734666666665, 78.66392049999999], [16.891745166666666, 78.66391933333333], [16.891756, 78.66391833333334], [16.891766833333335, 78.6639175], [16.8917775, 78.66391633333333], [16.891788333333334, 78.66391533333334], [16.891799, 78.66391433333334], [16.891809833333333, 78.66391333333333], [16.89182033333333, 78.66391233333334], [16.891831, 78.66391116666667], [16.891841666666668, 78.66391016666667], [16.891851999999997, 78.66390916666666], [16.89186266666667, 78.66390816666667], [16.891873166666667, 78.66390716666666], [16.89188366666667, 78.66390616666666], [16.891893999999997, 78.66390516666667], [16.89190466666667, 78.66390416666667], [16.891915333333333, 78.66390316666666], [16.891926166666668, 78.66390216666667], [16.891936833333332, 78.66390116666666], [16.891947666666667, 78.66390016666666], [16.89195833333333, 78.66389916666667], [16.891969, 78.663898], [16.891979666666668, 78.66389699999999], [16.891990333333336, 78.66389600000001], [16.892000666666668, 78.663895], [16.89201116666667, 78.66389383333333], [16.89202166666667, 78.66389283333334], [16.89203216666667, 78.66389183333334], [16.89204266666667, 78.66389083333334], [16.892053333333333, 78.66388966666666], [16.892064, 78.66388866666667], [16.892074666666666, 78.66388766666667], [16.892085333333334, 78.66388666666667], [16.892096166666665, 78.66388566666666], [16.892106833333333, 78.66388466666668], [16.892117666666664, 78.66388350000001], [16.892128333333336, 78.6638825], [16.892139, 78.66388149999999], [16.89214966666667, 78.6638805], [16.892160333333333, 78.6638795], [16.892170833333335, 78.6638785], [16.892181166666667, 78.6638775], [16.89219166666667, 78.66387666666667], [16.892202, 78.66387566666667], [16.892212500000003, 78.66387466666667], [16.892223166666668, 78.66387366666666], [16.892233833333332, 78.66387266666668], [16.8922445, 78.66387166666667], [16.89225533333333, 78.6638705], [16.892266166666666, 78.66386949999999], [16.892276833333334, 78.6638685], [16.892287500000002, 78.6638675], [16.892298166666667, 78.6638665], [16.89230866666667, 78.6638655], [16.892319, 78.6638645], [16.892329500000002, 78.66386349999999], [16.89233983333333, 78.66386266666667], [16.89235, 78.66386166666666], [16.892360166666666, 78.66386066666668], [16.892370666666668, 78.66385966666667], [16.892381333333333, 78.66385866666666], [16.892391999999997, 78.66385766666667], [16.892402833333332, 78.66385666666666], [16.8924135, 78.6638555], [16.892424333333334, 78.6638545], [16.892434833333333, 78.6638535], [16.8924455, 78.6638525], [16.892456166666665, 78.66385149999999], [16.8924665, 78.66385050000001], [16.892476833333333, 78.6638495], [16.89248716666667, 78.6638485], [16.8924975, 78.66384766666667], [16.892507833333333, 78.66384666666666], [16.892518166666665, 78.66384566666667], [16.892528666666667, 78.66384466666666], [16.892539166666666, 78.66384366666666], [16.89254983333333, 78.66384266666667], [16.892560500000002, 78.66384166666667], [16.892571, 78.66384066666666], [16.8925815, 78.66383966666668], [16.892591999999997, 78.66383883333333], [16.892602333333333, 78.66383783333335], [16.89261283333333, 78.66383666666667], [16.892623333333333, 78.66383566666667], [16.892633666666665, 78.66383466666666], [16.892643833333334, 78.66383366666668], [16.892654333333333, 78.66383266666666], [16.892664500000002, 78.66383183333333], [16.892675, 78.66383083333334], [16.892685500000002, 78.66383], [16.892696166666667, 78.663829], [16.892706999999998, 78.663828], [16.892718, 78.66382700000001], [16.892729, 78.663826], [16.89274, 78.66382516666665], [16.89275083333333, 78.66382416666667], [16.89276166666667, 78.66382316666666], [16.8927725, 78.66382216666666], [16.892783166666668, 78.66382116666666], [16.892793666666666, 78.66382016666667], [16.892804333333334, 78.66381933333334], [16.892814666666666, 78.66381833333334], [16.89282516666667, 78.66381733333333], [16.892835666666667, 78.66381633333334], [16.892846000000002, 78.66381533333333], [16.8928565, 78.66381433333332], [16.892867000000003, 78.66381333333334], [16.892877833333333, 78.66381233333333], [16.892888666666668, 78.66381116666666], [16.8928995, 78.66381016666666], [16.892910500000003, 78.66380916666667], [16.8929215, 78.66380816666667], [16.892932166666665, 78.66380716666666], [16.892942833333333, 78.66380600000001], [16.89295333333333, 78.663805], [16.892963833333333, 78.663804], [16.89297433333333, 78.663803], [16.892984666666667, 78.663802], [16.892995166666665, 78.66380083333334], [16.893005666666667, 78.66379983333333], [16.893016166666666, 78.66379883333335], [16.893026833333334, 78.66379766666667], [16.8930375, 78.66379666666667], [16.893048333333336, 78.66379566666666], [16.893059, 78.6637945], [16.89306966666667, 78.66379350000001], [16.893080166666667, 78.66379233333333], [16.893090833333336, 78.66379133333334], [16.893101333333334, 78.66379016666666], [16.893111833333332, 78.663789], [16.893122166666668, 78.66378800000001], [16.8931325, 78.66378683333333], [16.893143000000002, 78.66378583333334], [16.8931535, 78.66378483333332], [16.893164000000002, 78.66378366666666], [16.8931745, 78.66378266666668], [16.893185000000003, 78.66378166666667], [16.8931955, 78.6637805], [16.89320616666667, 78.66377933333334], [16.893216666666667, 78.66377833333333], [16.89322716666667, 78.66377716666666], [16.8932375, 78.66377616666666], [16.893248000000003, 78.663775], [16.893258166666666, 78.66377383333334], [16.893268499999998, 78.66377283333333], [16.893278666666667, 78.66377166666666], [16.893289, 78.6637705], [16.89329916666667, 78.6637695], [16.8933095, 78.66376833333334], [16.893319833333333, 78.66376733333333], [16.89333033333333, 78.66376616666666], [16.893340666666667, 78.663765], [16.893351, 78.663764], [16.893361333333335, 78.663763], [16.893371833333333, 78.66376183333334], [16.89338233333333, 78.66376083333333], [16.893392666666667, 78.66375966666666], [16.89340333333333, 78.66375866666667], [16.893414, 78.6637575], [16.8934245, 78.6637565], [16.893435166666666, 78.6637555], [16.8934455, 78.66375433333333], [16.893456, 78.66375333333333], [16.893466333333333, 78.66375233333333], [16.89347666666667, 78.66375116666667], [16.893486833333334, 78.66375016666666], [16.89349716666667, 78.66374916666668], [16.893507666666668, 78.663748], [16.893518333333336, 78.663747], [16.893529, 78.66374583333332], [16.8935395, 78.66374483333334], [16.893550333333334, 78.66374366666668], [16.893561166666665, 78.6637425], [16.893572, 78.6637415], [16.89358233333333, 78.66374033333334], [16.8935925, 78.66373933333333], [16.8936025, 78.66373833333334], [16.89361266666667, 78.66373733333333], [16.893622333333333, 78.6637365], [16.893632, 78.6637355], [16.893641666666667, 78.66373449999999], [16.893651499999997, 78.6637335], [16.893661333333334, 78.66373233333334], [16.893671833333332, 78.66373133333333], [16.893682333333334, 78.66373033333333], [16.893693, 78.66372916666666], [16.8937035, 78.663728], [16.893714, 78.66372700000001], [16.893724333333335, 78.663726], [16.893734666666667, 78.66372500000001], [16.893745000000003, 78.66372383333334], [16.8937555, 78.66372283333334], [16.893765666666663, 78.66372183333333], [16.893775833333333, 78.66372066666666], [16.893786166666665, 78.66371966666667], [16.893796666666667, 78.66371866666667], [16.893807166666665, 78.6637175], [16.893818166666666, 78.66371633333333], [16.893829166666666, 78.66371516666666], [16.893840166666667, 78.663714], [16.8938515, 78.66371283333334], [16.893862666666667, 78.66371166666666], [16.893874, 78.6637105], [16.893884833333335, 78.66370933333333], [16.893895833333332, 78.66370816666667], [16.893906666666666, 78.663707], [16.89391733333333, 78.663706], [16.893928000000002, 78.66370483333334], [16.893938666666667, 78.66370383333333], [16.893949333333335, 78.66370266666667], [16.893959833333334, 78.66370166666667], [16.893970333333336, 78.6637005], [16.893981, 78.66369949999999], [16.89399166666667, 78.66369833333333], [16.894002333333333, 78.66369716666667], [16.894013166666664, 78.66369616666665], [16.894024, 78.663695], [16.894034833333333, 78.66369383333334], [16.894045666666667, 78.66369283333333], [16.89405633333333, 78.66369166666667], [16.894066833333333, 78.66369066666667], [16.894077166666666, 78.66368949999999], [16.894087666666668, 78.6636885], [16.894098, 78.66368733333334], [16.89410816666667, 78.66368633333333], [16.89411833333333, 78.66368516666667], [16.894128666666667, 78.66368416666666], [16.89413933333333, 78.663683], [16.89415, 78.66368183333334], [16.894161, 78.66368066666668], [16.894172, 78.6636795], [16.894182999999998, 78.6636785], [16.894194000000002, 78.66367733333333], [16.894204833333333, 78.66367616666666], [16.894215499999998, 78.663675], [16.894226, 78.663674], [16.894236499999998, 78.66367283333334], [16.894246666666668, 78.66367183333334], [16.894257, 78.66367066666666], [16.894267333333335, 78.66366966666666], [16.894277833333334, 78.66366866666667], [16.894288333333336, 78.66366766666667], [16.894299166666666, 78.6636665], [16.894309833333335, 78.66366533333333], [16.894320666666665, 78.66366433333333], [16.89433166666667, 78.66366316666667], [16.8943425, 78.663662], [16.894353333333335, 78.66366083333334], [16.894364166666666, 78.66365983333334], [16.894374833333334, 78.66365866666666], [16.894385333333332, 78.66365766666667], [16.894395666666664, 78.66365666666667], [16.894406166666666, 78.6636555], [16.894416333333332, 78.66365449999999], [16.894426833333334, 78.6636535], [16.894437166666666, 78.6636525], [16.894447500000002, 78.66365133333333], [16.894458, 78.66365016666667], [16.894468833333335, 78.66364916666666], [16.8944795, 78.663648], [16.894490333333334, 78.66364683333333], [16.894500999999998, 78.66364583333333], [16.894511833333336, 78.66364466666667], [16.894522333333335, 78.66364366666667], [16.894533000000003, 78.6636425], [16.8945435, 78.6636415], [16.894553666666663, 78.66364033333333], [16.894564, 78.66363933333334], [16.894574, 78.66363833333334], [16.894584166666668, 78.66363733333333], [16.894594333333334, 78.66363616666666], [16.894604833333336, 78.66363516666667], [16.894615333333334, 78.66363416666667], [16.894626000000002, 78.66363316666666], [16.894636833333333, 78.663632], [16.894647666666668, 78.663631], [16.894658666666665, 78.66362983333333], [16.894669333333333, 78.66362883333333], [16.89467983333333, 78.66362783333334], [16.894690333333333, 78.66362666666667], [16.894700666666665, 78.66362566666666], [16.894710999999997, 78.66362466666666], [16.894721333333333, 78.66362366666667], [16.8947315, 78.66362266666667], [16.894741833333335, 78.66362166666666], [16.894752166666667, 78.6636205], [16.894762500000002, 78.66361950000001], [16.894773, 78.6636185], [16.894783500000003, 78.66361733333333], [16.894794333333333, 78.66361633333332], [16.894805166666668, 78.66361516666666], [16.894815833333332, 78.66361416666668], [16.8948265, 78.66361316666666], [16.894836833333333, 78.663612], [16.894847333333335, 78.663611], [16.894857833333333, 78.66360983333334], [16.894868, 78.66360883333333], [16.8948785, 78.66360783333333], [16.894888833333333, 78.66360666666667], [16.894899333333335, 78.66360566666667], [16.894909833333333, 78.6636045], [16.894920333333335, 78.6636035], [16.894931166666666, 78.66360233333333], [16.894941833333334, 78.66360133333333], [16.894952333333332, 78.66360016666665], [16.894962833333334, 78.663599], [16.894973333333333, 78.66359800000001], [16.894983833333335, 78.66359683333333], [16.894994166666667, 78.66359583333333], [16.895004500000002, 78.66359466666667], [16.895014833333335, 78.66359366666667], [16.8950255, 78.66359266666667], [16.895035833333335, 78.6635915], [16.895046333333333, 78.6635905], [16.895057, 78.66358933333332], [16.8950675, 78.66358833333334], [16.895078166666668, 78.66358716666667], [16.895088666666666, 78.66358616666666], [16.895099000000002, 78.663585], [16.8951095, 78.663584], [16.895120000000002, 78.663583], [16.8951305, 78.66358183333334], [16.895140833333336, 78.66358083333333], [16.895151333333335, 78.66357983333334], [16.895161499999997, 78.66357883333333], [16.895172, 78.66357766666667], [16.89518233333333, 78.66357666666666], [16.895192833333333, 78.66357566666667], [16.89520333333333, 78.66357450000001], [16.895213666666667, 78.6635735], [16.895224, 78.66357233333333], [16.895234833333333, 78.66357133333332], [16.89524533333333, 78.66357016666666], [16.895256, 78.66356916666668], [16.895266666666664, 78.663568], [16.895277333333336, 78.663567], [16.895287833333335, 78.66356583333332], [16.895298333333336, 78.66356483333334], [16.895308666666665, 78.66356366666668], [16.895318999999997, 78.66356266666666], [16.895329333333333, 78.66356166666667], [16.895339666666665, 78.66356049999999], [16.89535, 78.66355933333332], [16.8953605, 78.66355833333334], [16.895371, 78.66355716666666], [16.8953815, 78.66355616666667], [16.895392, 78.663555], [16.895402666666666, 78.66355383333332], [16.895413333333334, 78.66355266666666], [16.895423833333332, 78.66355166666668], [16.895434166666668, 78.6635505], [16.895444666666666, 78.6635495], [16.895455166666668, 78.66354833333334], [16.8954655, 78.66354733333333], [16.895475666666666, 78.66354616666666], [16.895486166666668, 78.66354516666667], [16.8954965, 78.66354416666667], [16.895506833333332, 78.66354299999999], [16.895517166666664, 78.66354183333333], [16.895527666666666, 78.66354083333334], [16.895538166666665, 78.66353966666667], [16.895548666666667, 78.6635385], [16.895559166666665, 78.6635375], [16.8955695, 78.66353633333333], [16.895580166666665, 78.66353516666666], [16.895590833333333, 78.66353416666668], [16.895601166666665, 78.663533], [16.89561133333333, 78.663532], [16.895621833333333, 78.66353083333334], [16.895632166666665, 78.66352983333333], [16.895642333333335, 78.66352883333334], [16.895652833333333, 78.66352766666667], [16.895663333333335, 78.6635265], [16.895674, 78.6635255], [16.8956845, 78.66352433333333], [16.895695166666666, 78.66352316666666], [16.895705666666668, 78.663522], [16.8957165, 78.663521], [16.895727, 78.66351983333334], [16.895737166666667, 78.66351866666668], [16.895747333333336, 78.66351766666666], [16.8957575, 78.6635165], [16.895767666666664, 78.66351549999999], [16.8957775, 78.6635145], [16.895787666666667, 78.6635135], [16.895798, 78.66351233333333], [16.895808499999998, 78.66351133333333], [16.895818833333333, 78.66351016666667], [16.89582933333333, 78.66350916666667], [16.895839833333334, 78.66350800000001], [16.895850333333332, 78.663507], [16.895860833333334, 78.66350583333333], [16.895871166666666, 78.66350483333333], [16.895881499999998, 78.66350366666667], [16.895892, 78.66350266666667], [16.895902333333332, 78.66350166666666], [16.895912666666668, 78.6635005], [16.895923, 78.6634995], [16.8959335, 78.66349833333334], [16.895943833333334, 78.66349733333332], [16.89595416666667, 78.66349616666666], [16.895964666666664, 78.66349516666668], [16.895974833333334, 78.663494], [16.895985166666666, 78.663493], [16.895995666666668, 78.66349199999999], [16.896006166666666, 78.66349083333333], [16.896016499999998, 78.66348983333334], [16.896027, 78.66348866666667], [16.896037666666665, 78.66348766666667], [16.896048, 78.66348666666666], [16.896058333333333, 78.6634855], [16.896068833333334, 78.66348433333333], [16.896079166666667, 78.66348333333333], [16.896089833333335, 78.66348216666667], [16.896100333333333, 78.66348116666667], [16.89611066666667, 78.66347999999999], [16.896121, 78.66347883333333], [16.896131500000003, 78.66347783333335], [16.896141833333335, 78.66347666666667], [16.896152166666663, 78.66347566666667], [16.896162333333333, 78.66347466666666], [16.8961725, 78.66347366666668], [16.896182500000002, 78.66347266666666], [16.896192666666664, 78.66347166666667], [16.896202833333334, 78.66347066666667], [16.896213166666666, 78.66346966666667], [16.896223666666668, 78.6634685], [16.896234, 78.6634675], [16.8962445, 78.6634665], [16.896255166666666, 78.6634655], [16.896265666666668, 78.66346449999999], [16.896276, 78.6634635], [16.8962865, 78.66346233333334], [16.896296833333334, 78.66346133333333], [16.896307166666666, 78.66346033333333], [16.896317333333332, 78.66345933333334], [16.896327666666664, 78.66345833333334], [16.896338166666666, 78.66345733333333], [16.89634883333333, 78.66345616666668], [16.896359333333333, 78.66345516666667], [16.89637, 78.663454], [16.89638066666667, 78.66345299999999], [16.8963915, 78.663452], [16.896402000000002, 78.66345083333334], [16.8964125, 78.66344983333333], [16.896423000000002, 78.66344883333333], [16.896433333333334, 78.66344783333334], [16.896443666666666, 78.66344666666667], [16.89645416666667, 78.66344566666666], [16.8964645, 78.6634445], [16.896474833333333, 78.6634435], [16.896485166666665, 78.6634425], [16.896495833333333, 78.66344133333334], [16.89650633333333, 78.66344016666667], [16.896516666666667, 78.66343916666666], [16.896527166666665, 78.663438], [16.896537833333333, 78.663437], [16.89654833333333, 78.66343583333334], [16.896559, 78.66343483333334], [16.8965695, 78.66343366666666], [16.896579999999997, 78.66343266666667], [16.8965905, 78.66343149999999], [16.89660083333333, 78.66343033333332], [16.896611166666666, 78.66342933333334], [16.896621666666665, 78.66342816666666], [16.896631666666668, 78.66342716666666], [16.896642, 78.66342616666667], [16.89665216666667, 78.663425], [16.896662666666668, 78.663424], [16.89667316666667, 78.66342283333333], [16.896683666666668, 78.66342166666666], [16.896694333333336, 78.66342066666667], [16.896705, 78.66341949999999], [16.896715500000003, 78.6634185], [16.896725833333335, 78.66341733333334], [16.8967365, 78.66341633333333], [16.896747, 78.66341516666667], [16.896757333333333, 78.66341416666667], [16.896767833333335, 78.663413], [16.896778333333334, 78.66341200000001], [16.896789000000002, 78.66341083333333], [16.896799166666664, 78.66340983333333], [16.896809666666666, 78.66340883333334], [16.896820166666664, 78.66340766666667], [16.896830666666666, 78.66340666666666], [16.896841, 78.6634055], [16.8968515, 78.6634045], [16.896862, 78.66340333333332], [16.896872499999997, 78.66340216666667], [16.896883, 78.66340116666667], [16.89689333333333, 78.66340016666666], [16.896903833333333, 78.663399], [16.89691433333333, 78.66339783333333], [16.896924833333333, 78.66339666666666], [16.896935499999998, 78.66339566666667], [16.896946, 78.66339466666666], [16.896956833333334, 78.6633935], [16.896967166666666, 78.66339233333333], [16.896977666666665, 78.66339133333332], [16.896988166666667, 78.66339016666667], [16.8969985, 78.66338916666668], [16.897008833333334, 78.66338816666666], [16.897019166666666, 78.663387], [16.89702983333333, 78.663386], [16.897040166666667, 78.663385], [16.897050666666665, 78.66338383333333], [16.897061, 78.66338283333333], [16.897071333333333, 78.66338166666667], [16.897081833333335, 78.66338066666667], [16.897092333333333, 78.6633795], [16.897103, 78.6633785], [16.897113666666666, 78.66337733333333], [16.897124166666668, 78.66337616666667], [16.897134833333332, 78.663375], [16.8971455, 78.663374], [16.897156, 78.66337283333334], [16.897166333333335, 78.66337183333333], [16.8971765, 78.66337066666667], [16.897186666666666, 78.66336966666667], [16.897197000000002, 78.66336866666667], [16.89720733333333, 78.6633675], [16.897217833333332, 78.66336633333334], [16.89722833333333, 78.66336533333333], [16.897238666666667, 78.66336416666667], [16.897249166666665, 78.66336299999999], [16.897259833333333, 78.663362], [16.897270499999998, 78.66336083333334], [16.897280666666667, 78.66335966666666], [16.897291166666665, 78.6633585], [16.897301666666667, 78.66335733333334], [16.897312, 78.66335616666667], [16.89732233333333, 78.663355], [16.8973325, 78.663354], [16.897342833333333, 78.66335283333333], [16.897353, 78.66335183333334], [16.89736333333333, 78.66335066666667], [16.897373666666667, 78.66334966666666], [16.897384166666665, 78.6633485], [16.8973945, 78.66334733333333], [16.897404666666667, 78.66334633333332], [16.89741516666667, 78.66334516666667], [16.8974255, 78.66334400000001], [16.897436000000003, 78.66334283333335], [16.8974465, 78.66334183333333], [16.897456833333333, 78.66334066666667], [16.897467333333335, 78.66333949999999], [16.897477833333333, 78.66333833333333], [16.897488333333335, 78.66333716666666], [16.897498666666667, 78.66333616666667], [16.89750916666667, 78.663335], [16.897519499999998, 78.66333383333334], [16.89753, 78.66333266666668], [16.897540499999998, 78.6633315], [16.897550833333334, 78.6633305], [16.897561333333332, 78.66332933333334], [16.897571666666668, 78.66332816666666], [16.897582166666666, 78.663327], [16.897592666666664, 78.66332600000001], [16.897603, 78.66332466666667], [16.897613333333332, 78.66332349999999], [16.897623666666668, 78.6633225], [16.897634, 78.66332133333334], [16.897644333333336, 78.66332016666667], [16.897654833333334, 78.663319], [16.897665166666666, 78.66331783333334], [16.897675666666665, 78.66331666666666], [16.897686166666666, 78.6633155], [16.897696833333335, 78.6633145], [16.897707333333337, 78.66331333333332], [16.897717666666665, 78.66331216666667], [16.897728166666663, 78.66331100000001], [16.897738666666665, 78.66330983333334], [16.897749166666664, 78.66330866666667], [16.897759333333333, 78.66330766666667], [16.89776983333333, 78.6633065], [16.897780166666667, 78.66330533333333], [16.897790333333333, 78.66330433333333], [16.89780066666667, 78.66330316666668], [16.897811166666667, 78.66330216666667], [16.89782166666667, 78.663301], [16.897832, 78.66329983333334], [16.897842500000003, 78.66329883333333], [16.897853, 78.66329766666667], [16.897863500000003, 78.66329649999999], [16.897873833333332, 78.66329533333332], [16.897884166666664, 78.66329416666667], [16.897894833333332, 78.66329316666666], [16.897905166666664, 78.663292], [16.897915666666666, 78.66329083333333], [16.897926, 78.66328966666667], [16.897936333333334, 78.66328866666666], [16.897946666666666, 78.6632875], [16.89795666666667, 78.66328633333333], [16.89796683333333, 78.66328533333333], [16.897977, 78.66328416666667], [16.897987166666667, 78.66328316666666], [16.897997333333333, 78.663282], [16.898007833333335, 78.66328100000001], [16.898018166666667, 78.66327983333333], [16.89802866666667, 78.66327866666667], [16.898039166666667, 78.6632775], [16.89804966666667, 78.6632765], [16.898059999999997, 78.66327533333333], [16.898070333333333, 78.66327416666667], [16.8980805, 78.66327299999999], [16.898091, 78.663272], [16.898101666666665, 78.66327083333334], [16.898112, 78.66326966666666], [16.8981225, 78.66326866666667], [16.898132666666665, 78.6632675], [16.898143166666667, 78.66326633333333], [16.898153333333333, 78.66326533333333], [16.8981635, 78.66326416666668], [16.898173666666665, 78.66326316666667], [16.898183833333334, 78.663262], [16.898194, 78.66326083333334], [16.898204333333336, 78.66325966666666], [16.898214666666668, 78.66325866666666], [16.898225, 78.6632575], [16.8982355, 78.66325633333332], [16.898245999999997, 78.66325516666667], [16.898256333333332, 78.66325400000001], [16.89826683333333, 78.66325283333335], [16.898277166666666, 78.66325183333333], [16.8982875, 78.66325066666667], [16.898297833333334, 78.66324949999999], [16.898308166666666, 78.6632485], [16.898318500000002, 78.66324733333333], [16.898328833333334, 78.66324616666667], [16.898339, 78.66324516666667], [16.898349166666666, 78.663244], [16.89835916666667, 78.663243], [16.8983695, 78.66324183333333], [16.898379833333333, 78.66324066666667], [16.898390333333335, 78.66323949999999], [16.898400833333334, 78.6632385], [16.898411333333335, 78.66323733333334], [16.898421833333334, 78.66323616666666], [16.898432333333336, 78.663235], [16.898442833333334, 78.66323383333334], [16.898453, 78.66323266666667], [16.8984635, 78.6632315], [16.898473666666668, 78.66323033333333], [16.898484166666666, 78.66322933333332], [16.898494333333336, 78.66322816666667], [16.898504666666668, 78.663227], [16.898514833333333, 78.66322583333334], [16.898525, 78.66322466666666], [16.898535166666665, 78.6632235], [16.898545666666667, 78.66322233333334], [16.898556, 78.66322133333333], [16.898566333333335, 78.66322016666666], [16.898576666666667, 78.663219], [16.898587000000003, 78.66321783333333], [16.89859733333333, 78.66321666666666], [16.898607666666667, 78.66321566666667], [16.898618, 78.66321450000001], [16.89862833333333, 78.66321333333333], [16.8986385, 78.66321216666667], [16.898648666666666, 78.66321116666667], [16.898658833333332, 78.66320999999999], [16.898668833333332, 78.66320900000001], [16.898679166666668, 78.66320783333335], [16.898689333333333, 78.66320666666667], [16.898699, 78.6632055], [16.898709166666666, 78.66320449999999], [16.89871916666667, 78.66320333333333], [16.898729333333332, 78.66320216666666], [16.89873983333333, 78.663201], [16.898750166666666, 78.66319983333332], [16.898760666666664, 78.66319866666666], [16.898771, 78.6631975], [16.898781166666666, 78.66319633333333], [16.898791333333335, 78.66319516666667], [16.89880133333333, 78.66319416666667], [16.89881116666667, 78.663193], [16.898821, 78.663192], [16.898830666666665, 78.66319083333333], [16.8988405, 78.66318983333333], [16.898850499999998, 78.66318866666667], [16.898860666666668, 78.6631875], [16.898871, 78.66318633333334], [16.898881333333335, 78.66318516666666], [16.898891666666668, 78.663184], [16.89890216666667, 78.66318283333334], [16.898912499999998, 78.66318166666666], [16.898922833333334, 78.6631805], [16.898933166666666, 78.66317933333333], [16.898943499999998, 78.66317816666667], [16.898953833333334, 78.66317699999999], [16.898963833333333, 78.66317583333333], [16.89897416666667, 78.66317466666666], [16.898984166666665, 78.66317366666667], [16.898994333333334, 78.6631725], [16.8990045, 78.66317133333334], [16.899015000000002, 78.66317016666667], [16.899025333333334, 78.663169], [16.899035833333336, 78.66316783333333], [16.8990465, 78.66316666666667], [16.89905716666667, 78.6631655], [16.899067666666667, 78.66316416666668], [16.899078166666666, 78.663163], [16.899088666666668, 78.66316183333333], [16.899099333333332, 78.66316066666667], [16.899109333333335, 78.66315949999999], [16.899119666666664, 78.66315833333333], [16.899129666666667, 78.66315716666666], [16.899139833333333, 78.663156], [16.899149833333336, 78.66315483333332], [16.899160166666665, 78.66315366666666], [16.8991705, 78.6631525], [16.899180833333332, 78.66315133333333], [16.899191499999997, 78.66315016666667], [16.899202, 78.663149], [16.899212499999997, 78.66314783333334], [16.899223166666665, 78.66314666666668], [16.899233499999998, 78.6631455], [16.899243833333333, 78.6631445], [16.899253833333333, 78.66314333333334], [16.899264000000002, 78.66314216666666], [16.899274, 78.663141], [16.899284, 78.66314000000001], [16.899294, 78.66313883333333], [16.899304333333337, 78.66313766666667], [16.899314666666665, 78.66313666666666], [16.899324999999997, 78.6631355], [16.899335333333333, 78.66313433333333], [16.899345666666665, 78.66313316666667], [16.899356166666667, 78.66313199999999], [16.8993665, 78.66313083333333], [16.89937666666667, 78.66312966666666], [16.899387, 78.6631285], [16.899397333333333, 78.66312733333332], [16.8994075, 78.66312633333334], [16.899418, 78.66312500000001], [16.899428166666667, 78.663124], [16.899438166666666, 78.66312283333333], [16.899448333333332, 78.66312166666667], [16.89945833333333, 78.6631205], [16.899468833333334, 78.66311933333333], [16.899479, 78.66311816666666], [16.899489333333335, 78.663117], [16.8995, 78.66311583333332], [16.8995105, 78.66311466666666], [16.899521, 78.6631135], [16.899531333333336, 78.66311233333333], [16.8995415, 78.66311116666667], [16.899551499999998, 78.66311016666667], [16.899561000000002, 78.663109], [16.8995705, 78.663108], [16.89958, 78.66310700000001], [16.899589666666667, 78.663106], [16.899599666666667, 78.66310483333334], [16.899609833333333, 78.66310383333332], [16.89962016666667, 78.66310266666666], [16.899630666666667, 78.6631015], [16.899641499999998, 78.66310033333333], [16.899652333333332, 78.66309916666667], [16.899663166666667, 78.66309816666667], [16.89967366666667, 78.66309700000001], [16.899683999999997, 78.66309583333333], [16.899694166666666, 78.66309483333333], [16.899704166666666, 78.66309366666665], [16.89971416666667, 78.66309266666667], [16.899723833333333, 78.66309166666666], [16.89973366666667, 78.66309066666666], [16.899743666666666, 78.6630895], [16.89975383333333, 78.6630885], [16.899763833333335, 78.66308733333334], [16.899774333333333, 78.66308616666667], [16.899785, 78.663085], [16.899795666666666, 78.66308383333333], [16.899806333333334, 78.66308266666667], [16.899817166666665, 78.6630815], [16.899828, 78.66308033333333], [16.899838666666668, 78.66307916666666], [16.899848833333333, 78.66307816666668], [16.899859166666666, 78.663077], [16.899869333333335, 78.66307583333334], [16.8998795, 78.66307483333334], [16.899889499999997, 78.66307366666666], [16.899899333333334, 78.66307266666666], [16.899909333333333, 78.66307149999999], [16.8999195, 78.6630705], [16.899929999999998, 78.66306933333334], [16.8999405, 78.66306816666666], [16.8999515, 78.663067], [16.899962333333335, 78.663066], [16.899972833333333, 78.66306483333332], [16.8999835, 78.66306366666666], [16.899993833333333, 78.66306266666668], [16.900004000000003, 78.6630615], [16.900014166666665, 78.6630605], [16.900024499999997, 78.66305933333334], [16.900034666666667, 78.66305816666666], [16.900044833333332, 78.66305716666668], [16.900055333333334, 78.66305600000001], [16.900065666666666, 78.66305483333333], [16.90007616666667, 78.66305366666667], [16.900086666666667, 78.6630525], [16.90009716666667, 78.66305133333334], [16.900107666666667, 78.66305033333333], [16.900118000000003, 78.66304916666667], [16.9001285, 78.66304799999999], [16.900138666666667, 78.66304683333333], [16.900148833333333, 78.66304566666666], [16.900159, 78.6630445], [16.9001695, 78.66304333333332], [16.9001795, 78.66304216666667], [16.900189833333332, 78.663041], [16.90020033333333, 78.66303983333334], [16.900210666666666, 78.66303866666667], [16.900221, 78.6630375], [16.900231666666667, 78.66303633333334], [16.900241833333332, 78.66303516666667], [16.900252166666668, 78.663034], [16.9002625, 78.66303283333333], [16.900272833333336, 78.66303166666667], [16.900283166666668, 78.6630305], [16.9002935, 78.66302933333333], [16.900303833333332, 78.66302816666666], [16.900313999999998, 78.663027], [16.900324166666667, 78.66302583333332], [16.900334333333333, 78.66302466666666], [16.90034466666667, 78.6630235], [16.900355, 78.66302233333333], [16.90036566666667, 78.663021], [16.900376, 78.66301983333332], [16.900386500000003, 78.66301866666666], [16.900397166666668, 78.6630175], [16.900407499999996, 78.66301633333335], [16.900418, 78.663015], [16.900428499999997, 78.66301383333332], [16.900438833333332, 78.66301266666666], [16.900449166666665, 78.6630115], [16.900459666666666, 78.66301033333335], [16.90047, 78.66300916666667], [16.9004805, 78.663008], [16.900490833333333, 78.66300683333334], [16.90050116666667, 78.66300566666668], [16.900511666666667, 78.6630045], [16.900522000000002, 78.66300333333334], [16.9005325, 78.66300216666667], [16.900542833333336, 78.663001], [16.90055316666667, 78.66299983333333], [16.900563666666667, 78.66299866666667], [16.900574, 78.6629975], [16.90058433333333, 78.66299633333333], [16.900594333333334, 78.66299533333334], [16.900604666666666, 78.66299416666668], [16.90061466666667, 78.662993], [16.90062483333333, 78.66299183333334], [16.900635, 78.66299066666667], [16.900645166666667, 78.66298950000001], [16.900655500000003, 78.66298833333333], [16.900665666666665, 78.66298716666667], [16.900675999999997, 78.66298583333334], [16.9006865, 78.66298466666667], [16.90069683333333, 78.66298350000001], [16.900707, 78.66298233333333], [16.900717333333333, 78.66298116666667], [16.900727500000002, 78.66298], [16.900737499999998, 78.66297883333333], [16.900747833333334, 78.66297766666666], [16.900758166666666, 78.6629765], [16.900768333333335, 78.66297533333334], [16.900778333333335, 78.662974], [16.900788666666664, 78.66297283333333], [16.900798833333333, 78.66297166666666], [16.900809, 78.6629705], [16.900819333333335, 78.66296933333334], [16.9008295, 78.66296816666666], [16.900840000000002, 78.66296683333333], [16.9008505, 78.66296566666666], [16.900860833333336, 78.6629645], [16.9008715, 78.66296333333334], [16.900881833333337, 78.66296216666666], [16.900892166666665, 78.662961], [16.90090233333333, 78.66295966666667], [16.900912666666667, 78.6629585], [16.900923, 78.66295733333332], [16.9009335, 78.66295616666666], [16.900943666666667, 78.66295483333333], [16.900953833333332, 78.66295366666667], [16.900964, 78.6629525], [16.900974333333334, 78.66295116666667], [16.9009845, 78.66295], [16.900995, 78.66294883333333], [16.901005166666668, 78.66294766666667], [16.901015833333336, 78.66294633333334], [16.901026333333334, 78.66294516666667], [16.9010365, 78.662944], [16.901047166666668, 78.66294283333333], [16.9010575, 78.6629415], [16.901067666666666, 78.66294033333334], [16.901077833333332, 78.66293916666667], [16.901088166666668, 78.662938], [16.901098666666666, 78.66293666666667], [16.901109166666668, 78.66293533333334], [16.901119666666666, 78.66293416666667], [16.901130000000002, 78.66293300000001], [16.9011405, 78.66293183333333], [16.90115116666667, 78.66293066666667], [16.901161666666667, 78.66292933333334], [16.90117233333333, 78.66292816666667], [16.901183, 78.66292700000001], [16.901193499999998, 78.66292566666667], [16.901204, 78.66292449999999], [16.901214, 78.66292333333334], [16.901223833333333, 78.66292216666668], [16.901234, 78.66292100000001], [16.901244333333334, 78.66291983333333], [16.901254666666667, 78.66291849999999], [16.901265333333335, 78.66291733333334], [16.901276166666666, 78.66291616666668], [16.901287, 78.66291483333333], [16.901297833333334, 78.6629135], [16.90130866666667, 78.66291233333332], [16.9013195, 78.66291116666666], [16.901330833333336, 78.66290983333333], [16.901341833333333, 78.6629085], [16.901352666666664, 78.66290716666667], [16.901362833333334, 78.662906], [16.901372666666667, 78.66290483333334], [16.901382833333333, 78.66290366666667], [16.901393, 78.66290233333334], [16.901403333333334, 78.66290116666667], [16.901413833333333, 78.66289983333333], [16.9014245, 78.66289866666666], [16.901435499999998, 78.66289733333333], [16.90144666666667, 78.662896], [16.901457666666666, 78.66289466666667], [16.901468666666666, 78.66289350000001], [16.901479333333334, 78.66289216666668], [16.901489833333336, 78.662891], [16.9015, 78.66288966666666], [16.90151, 78.6628885], [16.901519833333335, 78.66288733333334], [16.901529999999998, 78.66288616666667], [16.90154, 78.662885], [16.901550333333333, 78.66288366666666], [16.901560833333335, 78.6628825], [16.901571666666666, 78.66288116666666], [16.901582333333334, 78.66288], [16.901593166666665, 78.66287866666667], [16.901604333333335, 78.66287733333334], [16.901615333333332, 78.66287616666666], [16.901626500000003, 78.66287483333333], [16.901637333333333, 78.66287349999999], [16.901647500000003, 78.66287233333334], [16.901657333333333, 78.66287116666668], [16.901667, 78.66287000000001], [16.901676666666667, 78.66286883333333], [16.901686666666667, 78.66286766666667], [16.901696833333332, 78.66286633333334], [16.90170733333333, 78.66286516666668], [16.901718000000002, 78.662864], [16.901728666666667, 78.66286266666665], [16.901739666666668, 78.66286149999999], [16.9017505, 78.66286033333334], [16.901761, 78.662859], [16.901771333333333, 78.66285783333333], [16.901781833333335, 78.66285666666666], [16.901792, 78.66285549999999], [16.901802, 78.66285416666666], [16.901811833333333, 78.662853], [16.901821666666667, 78.66285183333333], [16.901831666666666, 78.66285066666666], [16.901841833333332, 78.6628495], [16.901852166666668, 78.66284833333334], [16.901863, 78.66284716666668], [16.9018735, 78.66284583333332], [16.90188433333333, 78.66284466666666], [16.901894833333333, 78.6628435], [16.9019055, 78.66284233333334], [16.901916000000003, 78.66284116666667], [16.901926166666666, 78.66284], [16.901936166666665, 78.66283883333334], [16.901946333333335, 78.66283766666668], [16.90195633333333, 78.6628365], [16.9019665, 78.66283533333333], [16.901976666666666, 78.66283416666667], [16.901987000000002, 78.662833], [16.901997333333334, 78.66283183333333], [16.902007833333336, 78.66283066666666], [16.902018333333334, 78.6628295], [16.902029000000002, 78.66282833333334], [16.9020395, 78.66282716666666], [16.902050166666665, 78.662826], [16.902060333333335, 78.66282483333333], [16.902070666666667, 78.66282366666665], [16.902080666666667, 78.66282249999999], [16.902090833333332, 78.66282133333334], [16.902100833333336, 78.66282016666668], [16.902110999999998, 78.662819], [16.902121166666667, 78.66281783333334], [16.902131166666667, 78.66281649999999], [16.902141333333336, 78.66281533333334], [16.902151333333332, 78.66281416666668], [16.902161666666665, 78.662813], [16.902172, 78.66281183333334], [16.902182333333332, 78.66281066666667], [16.902192833333334, 78.66280950000001], [16.902203166666666, 78.66280833333333], [16.90221366666667, 78.662807], [16.902224166666667, 78.66280583333334], [16.902234500000002, 78.66280466666667], [16.902244833333334, 78.66280333333334], [16.902255166666666, 78.66280216666668], [16.902265166666666, 78.662801], [16.902275333333332, 78.66279966666666], [16.902285666666668, 78.6627985], [16.902295833333334, 78.66279733333334], [16.902306, 78.66279616666667], [16.90231633333333, 78.66279483333332], [16.902326833333333, 78.66279366666666], [16.902337, 78.6627925], [16.9023475, 78.66279133333335], [16.902357833333333, 78.66279016666667], [16.90236816666667, 78.662789], [16.902378333333335, 78.66278783333334], [16.902388666666663, 78.6627865], [16.902399, 78.66278533333335], [16.902409, 78.662784], [16.902418833333336, 78.66278283333332], [16.902428999999998, 78.6627815], [16.902439333333334, 78.66278033333333], [16.902449666666666, 78.66277916666667], [16.902459833333335, 78.66277783333334], [16.902470333333333, 78.66277666666666], [16.90248066666667, 78.6627755], [16.902491166666668, 78.66277416666667], [16.902501500000003, 78.662773], [16.90251183333333, 78.66277183333334], [16.902521999999998, 78.66277050000001], [16.902532333333333, 78.66276933333333], [16.902542666666665, 78.662768], [16.902553, 78.66276683333334], [16.902563166666667, 78.66276566666667], [16.902573500000003, 78.66276433333334], [16.902583666666665, 78.66276316666668], [16.902593833333334, 78.662762], [16.902604166666666, 78.66276066666666], [16.902614333333336, 78.66275949999999], [16.9026245, 78.66275833333334], [16.902635, 78.662757], [16.902645166666666, 78.66275583333332], [16.902655499999998, 78.66275466666666], [16.902665833333334, 78.6627535], [16.902676, 78.66275216666666], [16.902686333333335, 78.662751], [16.902696166666665, 78.66274966666667], [16.9027065, 78.66274833333334], [16.9027165, 78.66274716666666], [16.902726833333336, 78.66274583333333], [16.902737, 78.66274466666667], [16.902747499999997, 78.66274333333334], [16.902757666666666, 78.66274216666667], [16.90276833333333, 78.66274083333333], [16.9027785, 78.6627395], [16.902788833333332, 78.66273833333334], [16.902799, 78.662737], [16.9028095, 78.66273583333333], [16.902819333333333, 78.6627345], [16.902829666666666, 78.66273333333334], [16.902839833333335, 78.662732], [16.902849833333335, 78.66273083333334], [16.902859999999997, 78.6627295], [16.902870166666666, 78.66272833333333], [16.9028805, 78.66272699999999], [16.902890833333334, 78.66272566666666], [16.902901, 78.66272433333333], [16.902911, 78.662723], [16.902921166666665, 78.66272183333334], [16.9029315, 78.66272049999999], [16.902941666666667, 78.66271933333334], [16.902951833333336, 78.662718], [16.902961833333332, 78.66271683333333], [16.902971833333332, 78.6627155], [16.902981833333335, 78.66271433333333], [16.902991333333333, 78.662713], [16.903001333333336, 78.66271166666667], [16.903010833333333, 78.6627105], [16.903020666666666, 78.66270916666667], [16.903030833333332, 78.66270783333333], [16.903040833333332, 78.66270666666667], [16.903051, 78.66270533333334], [16.9030615, 78.66270416666666], [16.903072166666668, 78.66270283333333], [16.903083166666665, 78.6627015], [16.903093666666667, 78.66270016666667], [16.903104, 78.66269883333332], [16.90311416666667, 78.66269766666666], [16.903124, 78.66269633333333], [16.90313366666667, 78.66269516666667], [16.9031435, 78.66269383333334], [16.903153333333332, 78.6626925], [16.9031635, 78.66269116666668], [16.903173833333334, 78.66268983333333], [16.903184166666666, 78.66268866666665], [16.903194666666664, 78.66268716666667], [16.903205, 78.66268583333334], [16.903215833333334, 78.6626845], [16.903226333333336, 78.66268316666667], [16.903236833333334, 78.66268183333334], [16.9032465, 78.66268050000001], [16.903255833333333, 78.66267933333333], [16.90326533333333, 78.662678], [16.903275166666667, 78.66267666666666], [16.903285, 78.66267533333333], [16.903295166666666, 78.662674], [16.903305166666666, 78.66267266666667], [16.9033155, 78.66267133333334], [16.903326166666666, 78.66266999999999], [16.903336666666668, 78.66266866666666], [16.903347, 78.66266733333333], [16.90335716666667, 78.662666], [16.903367166666666, 78.66266466666666], [16.903377166666665, 78.66266333333333], [16.903387000000002, 78.662662], [16.903396833333332, 78.66266083333333], [16.903406833333335, 78.6626595], [16.903416666666665, 78.66265816666667], [16.903426833333334, 78.66265683333333], [16.903436666666668, 78.6626555], [16.903446666666664, 78.66265416666667], [16.903456833333333, 78.66265283333334], [16.903467, 78.6626515], [16.90347716666667, 78.66265016666667], [16.903487166666665, 78.66264883333334], [16.903497166666668, 78.6626475], [16.903507166666667, 78.66264616666668], [16.903517333333333, 78.66264483333333], [16.903527333333333, 78.6626435], [16.903537333333336, 78.66264216666667], [16.903547333333332, 78.66264083333334], [16.90355733333333, 78.6626395], [16.90356716666667, 78.66263816666667], [16.903577166666665, 78.66263683333334], [16.903587, 78.66263550000001], [16.903596999999998, 78.66263416666668], [16.903607, 78.66263283333333], [16.903617166666667, 78.66263166666666], [16.903626999999997, 78.66263033333333], [16.903637, 78.662629], [16.903647, 78.66262766666667], [16.903657, 78.66262633333334], [16.903667, 78.66262516666667], [16.903677166666668, 78.66262383333333], [16.903686999999998, 78.6626225], [16.903696833333335, 78.66262133333333], [16.903706833333334, 78.66262], [16.903716666666664, 78.66261866666667], [16.903726666666667, 78.66261733333334], [16.903736666666667, 78.662616], [16.903746666666667, 78.66261466666667], [16.903756666666666, 78.66261349999999], [16.9037665, 78.66261216666666], [16.9037765, 78.66261083333333], [16.903786500000002, 78.66260966666667], [16.903796166666666, 78.66260833333334], [16.903806166666666, 78.662607], [16.903816166666665, 78.66260583333333], [16.903826166666665, 78.6626045], [16.903836166666668, 78.66260316666667], [16.903846333333334, 78.662602], [16.903856333333334, 78.66260066666668], [16.903866666666666, 78.66259933333335], [16.903876833333335, 78.66259799999999], [16.903887, 78.66259683333332], [16.903896999999997, 78.6625955], [16.903907333333333, 78.66259416666666], [16.903917, 78.662593], [16.903926666666667, 78.66259166666667], [16.9039365, 78.66259050000001], [16.9039465, 78.66258916666668], [16.9039565, 78.66258783333333], [16.903966500000003, 78.66258666666666], [16.9039765, 78.66258533333333], [16.903986666666665, 78.662584], [16.903997, 78.66258266666667], [16.904007166666666, 78.66258133333334], [16.904017500000002, 78.66258016666667], [16.904027833333334, 78.66257883333333], [16.904037833333334, 78.6625775], [16.904047666666667, 78.66257616666667], [16.904057166666668, 78.662575], [16.9040665, 78.66257383333333], [16.904076, 78.6625725], [16.9040855, 78.66257116666667], [16.90409533333333, 78.66257], [16.904105, 78.66256866666666], [16.904115, 78.66256733333333], [16.904125166666667, 78.662566], [16.904135333333333, 78.66256466666667], [16.90414566666667, 78.66256333333334], [16.904155833333334, 78.662562], [16.904166, 78.66256066666666], [16.904176166666666, 78.66255933333333], [16.904185833333333, 78.662558], [16.9041955, 78.66255683333334], [16.904205333333334, 78.6625555], [16.904215166666667, 78.66255433333335], [16.904224833333334, 78.66255299999999], [16.904234666666664, 78.66255166666666], [16.904244666666667, 78.6625505], [16.904254833333333, 78.66254916666666], [16.904265000000002, 78.66254783333333], [16.904275666666667, 78.66254649999999], [16.904286333333335, 78.66254516666666], [16.904296833333333, 78.662544], [16.90430716666667, 78.6625425], [16.904317166666665, 78.66254116666667], [16.90432716666667, 78.66254], [16.904336999999998, 78.66253866666666], [16.9043465, 78.66253733333333], [16.904356166666666, 78.662536], [16.904366, 78.66253466666667], [16.90437616666667, 78.66253333333334], [16.90438633333333, 78.662532], [16.904396333333334, 78.66253066666667], [16.9044065, 78.66252933333334], [16.904416833333336, 78.66252800000001], [16.904427, 78.66252666666666], [16.904436999999998, 78.66252533333333], [16.904447, 78.662524], [16.90445683333333, 78.66252266666667], [16.9044665, 78.66252133333334], [16.90447633333333, 78.66252], [16.90448616666667, 78.66251866666667], [16.904495999999998, 78.66251733333334], [16.904506, 78.66251600000001], [16.904516, 78.66251466666667], [16.904525999999997, 78.66251333333334], [16.904536, 78.662512], [16.904545833333334, 78.66251066666668], [16.904555833333333, 78.66250933333335], [16.904565666666667, 78.66250799999999], [16.9045755, 78.66250666666666], [16.904585333333333, 78.66250516666668], [16.904594999999997, 78.66250383333333], [16.904604833333334, 78.6625025], [16.904614833333333, 78.66250116666667], [16.904624666666667, 78.66249983333334], [16.904634833333333, 78.66249850000001], [16.904644666666666, 78.66249716666667], [16.904654666666666, 78.66249583333334], [16.90466466666667, 78.66249433333334], [16.904674833333335, 78.662493], [16.9046845, 78.66249166666667], [16.904694333333335, 78.66249033333334], [16.904704, 78.66248900000001], [16.904713833333336, 78.66248766666666], [16.904723666666666, 78.66248633333333], [16.90473366666667, 78.662485], [16.904743666666665, 78.66248366666667], [16.904753833333334, 78.66248233333334], [16.904763833333334, 78.662481], [16.904774, 78.66247966666667], [16.904784166666666, 78.66247833333334], [16.90479433333333, 78.66247683333333], [16.90480416666667, 78.6624755], [16.904814166666664, 78.66247416666667], [16.904824, 78.66247283333334], [16.90483383333333, 78.66247133333333], [16.904843500000002, 78.66247], [16.904853166666665, 78.66246866666667], [16.904863166666665, 78.66246733333334], [16.904873000000002, 78.66246583333333], [16.904883166666664, 78.6624645], [16.904893166666668, 78.66246316666667], [16.904903333333333, 78.66246166666666], [16.904913500000003, 78.66246033333333], [16.90492383333333, 78.662459], [16.90493366666667, 78.6624575], [16.904943666666668, 78.66245616666667], [16.904953499999998, 78.66245483333334], [16.90496316666667, 78.66245350000001], [16.904972666666666, 78.66245216666667], [16.904982333333333, 78.66245083333334], [16.904992333333333, 78.66244933333334], [16.90500216666667, 78.662448], [16.905012166666666, 78.66244666666667], [16.905022499999998, 78.66244533333334], [16.905032833333333, 78.66244400000001], [16.905043166666665, 78.66244266666666], [16.905053333333335, 78.66244116666667], [16.9050635, 78.66243983333334], [16.9050735, 78.66243850000001], [16.9050835, 78.66243716666666], [16.905093333333333, 78.66243583333333], [16.905103, 78.6624345], [16.90511283333333, 78.66243316666667], [16.905122666666667, 78.66243183333333], [16.905132499999997, 78.6624305], [16.905142833333333, 78.66242916666667], [16.905153, 78.66242783333334], [16.905163, 78.66242650000001], [16.905173166666668, 78.66242533333335], [16.905183, 78.662424], [16.905193166666667, 78.66242266666667], [16.90520283333333, 78.66242133333334], [16.905212333333335, 78.66242016666666], [16.905222, 78.66241883333333], [16.9052315, 78.6624175], [16.905241333333333, 78.66241633333334], [16.905251333333336, 78.662415], [16.905261166666666, 78.66241366666667], [16.905271333333335, 78.66241233333334], [16.905281666666667, 78.662411], [16.905292, 78.66240966666666], [16.90530216666667, 78.66240816666667], [16.90531233333333, 78.662407], [16.905322166666668, 78.66240566666667], [16.905331999999998, 78.66240433333334], [16.905341500000002, 78.66240316666668], [16.905350833333333, 78.66240183333333], [16.905360166666664, 78.66240066666666], [16.905369833333335, 78.66239933333333], [16.905379333333332, 78.662398], [16.905389333333336, 78.66239683333333], [16.905399166666665, 78.6623955], [16.905409333333335, 78.66239416666667], [16.905419666666667, 78.66239283333333], [16.905429833333336, 78.6623915], [16.905440166666665, 78.66239033333333], [16.905450499999997, 78.662389], [16.905460833333333, 78.66238766666667], [16.905470666666666, 78.66238633333334], [16.905480333333333, 78.66238516666667], [16.90549, 78.662384], [16.905499333333335, 78.66238283333334], [16.905509, 78.66238150000001], [16.90551866666667, 78.66238016666667], [16.9055285, 78.662379], [16.9055385, 78.66237766666667], [16.905548833333334, 78.6623765], [16.905559166666666, 78.66237516666666], [16.90556966666667, 78.662374], [16.905580166666667, 78.66237266666667], [16.905590333333336, 78.6623715], [16.905600333333332, 78.66237033333333], [16.905610333333335, 78.662369], [16.90562033333333, 78.66236783333333], [16.905630166666665, 78.66236666666667], [16.905639833333332, 78.66236533333334], [16.9056495, 78.66236416666668], [16.905659166666666, 78.662363], [16.905669166666666, 78.66236183333334], [16.905679000000003, 78.66236066666667], [16.905689166666665, 78.66235933333334], [16.9056995, 78.66235816666668], [16.905709666666667, 78.662357], [16.90572033333333, 78.66235566666666], [16.905730833333333, 78.6623545], [16.905741166666665, 78.66235333333334], [16.905751333333335, 78.662352], [16.90576133333333, 78.66235083333332], [16.9057715, 78.66234966666666], [16.905781166666667, 78.66234850000001], [16.905791, 78.66234733333334], [16.905800666666668, 78.66234616666667], [16.905810499999998, 78.662345], [16.9058205, 78.66234383333334], [16.905830666666667, 78.66234250000001], [16.905840833333333, 78.66234133333334], [16.905851, 78.66234016666667], [16.9058615, 78.66233883333332], [16.905871833333332, 78.66233766666666], [16.905882166666668, 78.66233650000001], [16.905892166666668, 78.66233533333335], [16.905902333333334, 78.66233416666667], [16.9059125, 78.66233283333332], [16.905922333333333, 78.66233166666666], [16.905932, 78.66233050000001], [16.905941833333333, 78.66232933333335], [16.905951666666667, 78.66232816666667], [16.905961833333333, 78.66232683333332], [16.90597216666667, 78.66232566666666], [16.9059825, 78.66232433333333], [16.905992833333336, 78.66232316666667], [16.906003333333334, 78.66232199999999], [16.906013499999997, 78.66232066666666], [16.906024, 78.6623195], [16.90603433333333, 78.66231816666667], [16.906044833333333, 78.662317], [16.906054833333332, 78.66231583333334], [16.906065, 78.66231466666666], [16.906074999999998, 78.66231333333333], [16.906085166666667, 78.66231216666667], [16.906095166666667, 78.662311], [16.906104833333334, 78.66230983333334], [16.906115, 78.66230850000001], [16.906125166666666, 78.66230733333333], [16.906135166666665, 78.662306], [16.90614533333333, 78.66230483333334], [16.906155666666667, 78.66230350000001], [16.906166, 78.66230216666666], [16.90617616666667, 78.662301], [16.906186333333334, 78.66229966666667], [16.906196333333334, 78.66229833333334], [16.906206166666667, 78.66229716666666], [16.90621583333333, 78.662296], [16.9062255, 78.66229466666667], [16.906235166666665, 78.6622935], [16.906245000000002, 78.66229216666667], [16.906254999999998, 78.66229100000001], [16.906265, 78.66228966666667], [16.906275166666667, 78.6622885], [16.906285166666667, 78.66228716666666], [16.906295166666666, 78.662286], [16.9063055, 78.66228483333333], [16.906315666666668, 78.6622835], [16.906325833333334, 78.66228233333332], [16.906335833333333, 78.66228116666666], [16.906345833333333, 78.66227983333333], [16.906355833333336, 78.66227866666667], [16.906365666666666, 78.6622775], [16.906375500000003, 78.66227633333332], [16.906385166666666, 78.662275], [16.906395166666666, 78.66227383333333], [16.906405333333332, 78.6622725], [16.90641533333333, 78.66227133333334], [16.9064255, 78.66227016666667], [16.9064355, 78.66226883333334], [16.906445666666666, 78.66226766666666], [16.906455666666666, 78.6622665], [16.906465833333336, 78.66226516666667], [16.90647583333333, 78.66226400000001], [16.906486166666664, 78.66226266666666], [16.906496166666667, 78.66226150000001], [16.906506333333333, 78.66226033333334], [16.906516166666666, 78.66225916666667], [16.906526, 78.66225800000001], [16.906536000000003, 78.66225683333333], [16.906546, 78.6622555], [16.906556000000002, 78.66225433333334], [16.906566, 78.66225316666667], [16.90657633333333, 78.66225200000001], [16.9065865, 78.66225083333333], [16.906597166666664, 78.6622495], [16.906607666666666, 78.66224816666666], [16.906618166666664, 78.662247], [16.906628333333334, 78.66224583333333], [16.906638666666666, 78.6622445], [16.906648833333335, 78.66224333333334], [16.90665883333333, 78.66224216666666], [16.906668833333335, 78.66224083333333], [16.906679, 78.66223966666666], [16.906688999999997, 78.66223833333333], [16.906698833333333, 78.66223716666667], [16.906708833333333, 78.662236], [16.906718833333333, 78.66223466666666], [16.906729166666665, 78.6622335], [16.9067395, 78.66223233333334], [16.90675, 78.662231], [16.9067605, 78.66222983333334], [16.906771, 78.66222850000001], [16.906781000000002, 78.66222733333333], [16.906791, 78.66222616666667], [16.906800666666665, 78.662225], [16.906810333333333, 78.66222366666666], [16.90682, 78.66222250000001], [16.906829666666667, 78.66222133333333], [16.906839666666666, 78.66221999999999], [16.906849833333336, 78.66221883333333], [16.906859999999998, 78.6622175], [16.9068705, 78.66221633333333], [16.906880833333332, 78.662215], [16.906891499999997, 78.66221383333333], [16.906902, 78.66221266666666], [16.90691233333333, 78.66221133333333], [16.906922166666668, 78.66221033333333], [16.906931999999998, 78.662209], [16.906941833333335, 78.66220783333333], [16.906951499999998, 78.66220666666666], [16.90696116666667, 78.6622055], [16.906970833333332, 78.66220433333334], [16.906980833333332, 78.66220316666666], [16.906991, 78.662202], [16.907001166666664, 78.66220083333333], [16.9070115, 78.66219966666667], [16.90702183333333, 78.66219833333334], [16.907032166666667, 78.66219716666666], [16.907042666666666, 78.662196], [16.907052833333335, 78.66219483333333], [16.907063, 78.66219366666665], [16.907073, 78.66219233333332], [16.907082833333334, 78.66219133333334], [16.907092666666664, 78.66219016666668], [16.9071025, 78.662189], [16.907112333333334, 78.66218766666665], [16.907122333333334, 78.6621865], [16.9071325, 78.66218533333334], [16.90714266666667, 78.66218416666668], [16.907153166666667, 78.662183], [16.907163500000003, 78.66218183333334], [16.907174, 78.6621805], [16.907184166666664, 78.66217933333334], [16.9071945, 78.662178], [16.907204666666665, 78.66217683333333], [16.907214833333335, 78.6621755], [16.907224666666664, 78.66217433333333], [16.9072345, 78.662173], [16.9072445, 78.66217183333333], [16.907254666666667, 78.66217066666667], [16.907264666666666, 78.66216933333334], [16.907275000000002, 78.66216816666666], [16.907285166666668, 78.66216683333333], [16.907295166666664, 78.66216566666667], [16.907305166666667, 78.6621645], [16.907315166666667, 78.66216316666667], [16.907325166666666, 78.66216200000001], [16.907335166666666, 78.66216066666667], [16.90734516666667, 78.6621595], [16.90735533333333, 78.66215816666666], [16.907365333333335, 78.662157], [16.907375333333334, 78.66215566666666], [16.9073855, 78.6621545], [16.9073955, 78.66215316666667], [16.907405666666666, 78.662152], [16.90741566666667, 78.66215066666668], [16.90742583333333, 78.6621495], [16.907436166666667, 78.66214816666667], [16.907446, 78.662147], [16.907456, 78.66214566666666], [16.907466, 78.66214450000001], [16.907476166666665, 78.66214316666667], [16.90748616666667, 78.66214199999999], [16.907496, 78.66214066666666], [16.907506, 78.6621395], [16.907515999999998, 78.66213816666667], [16.907526, 78.662137], [16.907536166666667, 78.66213566666667], [16.907546500000002, 78.66213450000001], [16.907556666666668, 78.66213316666668], [16.907566666666664, 78.66213183333333], [16.907576666666667, 78.6621305], [16.907586833333333, 78.66212933333333], [16.907597, 78.662128], [16.907607, 78.66212666666667], [16.907617000000002, 78.66212533333334], [16.907626999999998, 78.66212399999999], [16.907637166666667, 78.66212266666666], [16.907647333333333, 78.6621215], [16.90765716666667, 78.66212016666667], [16.907667166666666, 78.66211883333334], [16.907677166666666, 78.66211750000001], [16.907687166666665, 78.66211633333334], [16.907697166666665, 78.662115], [16.90770716666667, 78.66211366666667], [16.907717333333334, 78.66211233333334], [16.907727333333334, 78.66211100000001], [16.9077375, 78.66210983333333], [16.907747333333337, 78.6621085], [16.907757333333333, 78.66210716666666], [16.907767166666666, 78.66210583333333], [16.907776833333333, 78.66210466666666], [16.907786833333333, 78.66210333333333], [16.907796666666666, 78.662102], [16.9078065, 78.66210066666666], [16.907816833333335, 78.66209933333333], [16.907827, 78.662098], [16.907837166666663, 78.66209666666667], [16.9078475, 78.66209533333334], [16.9078575, 78.662094], [16.907867333333336, 78.6620925], [16.90787733333333, 78.66209133333334], [16.907887333333335, 78.66209], [16.907896833333332, 78.66208866666666], [16.907906500000003, 78.66208733333333], [16.907916333333333, 78.66208583333334], [16.907926333333332, 78.6620845], [16.9079365, 78.66208316666666], [16.907946666666664, 78.66208183333333], [16.907956833333333, 78.6620805], [16.907966833333333, 78.66207916666667], [16.907977000000002, 78.66207783333333], [16.907987166666665, 78.6620765], [16.907997, 78.66207516666667], [16.90800683333333, 78.66207383333334], [16.9080165, 78.66207250000001], [16.908026333333332, 78.66207116666666], [16.908035833333333, 78.66206983333333], [16.908045666666666, 78.6620685], [16.908055333333333, 78.66206716666667], [16.908065333333333, 78.66206583333333], [16.908075666666665, 78.6620645], [16.908086, 78.66206316666667], [16.908096166666667, 78.66206166666666], [16.908106333333333, 78.66206033333333], [16.908116333333332, 78.662059], [16.908126166666666, 78.66205783333334], [16.908135833333333, 78.6620565], [16.9081455, 78.66205516666668], [16.908155166666667, 78.66205383333333], [16.908165166666667, 78.6620525], [16.908175333333336, 78.66205116666667], [16.908185166666666, 78.66204983333334], [16.908195, 78.66204850000001], [16.908205, 78.66204716666667], [16.908215, 78.66204583333334], [16.908225166666668, 78.66204450000001], [16.908235333333334, 78.662043], [16.908245166666667, 78.66204166666667], [16.908255, 78.66204033333334], [16.90826483333333, 78.66203900000001], [16.9082745, 78.66203766666666], [16.908284166666665, 78.66203633333333], [16.908293833333335, 78.662035], [16.908303666666665, 78.66203366666667], [16.90831366666667, 78.66203216666666], [16.908323499999998, 78.66203083333333], [16.908333666666667, 78.6620295], [16.908343666666667, 78.66202816666667], [16.908353666666667, 78.66202683333333], [16.9083635, 78.6620255], [16.9083735, 78.66202416666667], [16.9083835, 78.66202283333334], [16.9083935, 78.66202150000001], [16.908403, 78.66202016666666], [16.908412666666667, 78.66201883333333], [16.90842233333333, 78.6620175], [16.908432166666667, 78.66201616666667], [16.908441999999997, 78.66201483333333], [16.908451833333334, 78.66201333333333], [16.908461666666668, 78.662012], [16.908471666666667, 78.66201066666666], [16.908481666666667, 78.66200933333333], [16.908491666666666, 78.662008], [16.9085015, 78.66200666666667], [16.908511333333333, 78.66200533333334], [16.908521166666667, 78.662004], [16.908530833333334, 78.66200266666667], [16.9085405, 78.66200133333334], [16.9085505, 78.662], [16.908560333333334, 78.66199866666666], [16.908570333333333, 78.66199733333333], [16.908580166666663, 78.661996], [16.90859, 78.66199466666667], [16.908600166666666, 78.66199316666666], [16.908610166666666, 78.661992], [16.90862, 78.66199066666667], [16.908629833333336, 78.66198933333334], [16.908639833333332, 78.66198800000001], [16.90864966666667, 78.66198683333333], [16.908659166666666, 78.66198566666667], [16.908669166666666, 78.66198433333334], [16.908679, 78.66198299999999], [16.908688833333333, 78.66198166666666], [16.908698666666666, 78.6619805], [16.908708666666666, 78.66197916666667], [16.90871866666667, 78.66197783333334], [16.908728666666665, 78.66197650000001], [16.908738666666668, 78.66197516666666], [16.908748666666668, 78.661974], [16.908758666666664, 78.66197266666667], [16.908768333333335, 78.66197133333334], [16.908778166666664, 78.66197000000001], [16.908788166666668, 78.66196866666668], [16.90879783333333, 78.6619675], [16.9088075, 78.66196616666666], [16.908817166666665, 78.66196483333333], [16.908827166666665, 78.6619635], [16.908837166666668, 78.66196216666667], [16.90884733333333, 78.66196066666666], [16.9088575, 78.66195933333333], [16.908867666666666, 78.661958], [16.908877833333335, 78.66195666666667], [16.90888783333333, 78.66195533333332], [16.908897500000002, 78.661954], [16.9089075, 78.66195266666666], [16.908917166666665, 78.6619515], [16.908926833333332, 78.66195016666667], [16.908936166666667, 78.661949], [16.908945666666668, 78.66194766666668], [16.9089555, 78.66194650000001], [16.90896516666667, 78.66194516666665], [16.908975, 78.66194383333332], [16.90898483333333, 78.66194266666666], [16.90899466666667, 78.66194133333333], [16.90900483333333, 78.66194], [16.909015166666666, 78.66193866666667], [16.909025166666666, 78.66193733333333], [16.909035, 78.661936], [16.909045, 78.66193483333333], [16.909054833333336, 78.6619335], [16.909064666666666, 78.66193216666667], [16.909074166666667, 78.66193100000001], [16.909083833333334, 78.66192966666668], [16.909093666666667, 78.6619285], [16.909103666666667, 78.66192716666666], [16.9091135, 78.66192583333333], [16.909123333333334, 78.66192466666666], [16.909133833333332, 78.66192333333333], [16.909144166666668, 78.661922], [16.909154666666666, 78.66192066666667], [16.909164999999998, 78.66191933333333], [16.909175, 78.66191816666667], [16.909184999999997, 78.66191683333334], [16.909194833333334, 78.66191566666666], [16.90920433333333, 78.66191433333333], [16.909214000000002, 78.66191316666666], [16.9092235, 78.661912], [16.909233333333336, 78.66191066666667], [16.909243166666666, 78.66190950000001], [16.909253, 78.66190816666668], [16.909263, 78.661907], [16.909272833333333, 78.66190566666667], [16.909283000000002, 78.6619045], [16.909292999999998, 78.66190316666666], [16.909303166666668, 78.661902], [16.909313, 78.66190066666667], [16.909322999999997, 78.66189933333334], [16.909333, 78.66189816666666], [16.909342833333334, 78.66189683333333], [16.9093525, 78.66189566666667], [16.9093625, 78.66189433333334], [16.909372666666666, 78.66189316666667], [16.909382833333332, 78.66189183333333], [16.909393, 78.66189066666668], [16.909403166666667, 78.66188933333333], [16.909413500000003, 78.661888], [16.909423666666665, 78.66188683333333], [16.90943383333333, 78.66188566666666], [16.909443833333334, 78.6618845], [16.909453666666664, 78.66188316666667], [16.909463666666667, 78.661882], [16.909473666666667, 78.66188083333333], [16.9094835, 78.66187966666666], [16.9094935, 78.66187833333333], [16.90950366666667, 78.66187716666667], [16.909513666666665, 78.66187583333334], [16.90952383333333, 78.66187466666666], [16.909534, 78.6618735], [16.909544, 78.66187233333333], [16.909554166666666, 78.661871], [16.909564166666666, 78.66186983333334], [16.90957416666667, 78.66186866666666], [16.909584, 78.6618675], [16.90959366666667, 78.66186633333334], [16.909603666666666, 78.661865], [16.909613333333333, 78.66186383333334], [16.909623166666666, 78.66186250000001], [16.909633333333332, 78.66186133333333], [16.90964316666667, 78.66186016666667], [16.909653166666665, 78.66185883333333], [16.909663333333334, 78.66185766666668], [16.909673666666666, 78.66185650000001], [16.90968366666667, 78.66185516666665], [16.909693666666666, 78.66185399999999], [16.909703666666665, 78.66185266666666], [16.90971366666667, 78.6618515], [16.9097235, 78.66185033333333], [16.9097335, 78.66184916666666], [16.909743666666667, 78.66184783333333], [16.909753833333333, 78.66184666666666], [16.909763833333333, 78.66184533333333], [16.90977416666667, 78.66184416666667], [16.909784333333334, 78.66184283333334], [16.909794666666667, 78.66184166666667], [16.909804833333332, 78.66184033333334], [16.909815, 78.66183916666667], [16.909825, 78.661838], [16.909834999999998, 78.66183666666667], [16.909844833333334, 78.66183550000001], [16.909854666666668, 78.66183433333335], [16.909864833333334, 78.66183299999999], [16.909875, 78.66183183333332], [16.909885, 78.6618305], [16.909895, 78.66182933333333], [16.909905, 78.66182816666667], [16.909915166666668, 78.66182683333334], [16.909925333333334, 78.66182566666666], [16.9099355, 78.66182433333333], [16.909945666666665, 78.66182316666666], [16.90995566666667, 78.66182183333333], [16.90996566666667, 78.66182066666667], [16.909975666666664, 78.66181950000001], [16.909985666666667, 78.66181816666668], [16.909995666666667, 78.661817], [16.910006, 78.66181566666667], [16.910016, 78.6618145], [16.91002616666667, 78.66181316666666], [16.910036166666664, 78.661812], [16.910046333333334, 78.66181066666667], [16.910056166666667, 78.66180949999999], [16.91006583333333, 78.66180816666666], [16.910075833333334, 78.661807], [16.910085666666664, 78.66180583333333], [16.9100955, 78.6618045], [16.910105166666664, 78.66180333333334], [16.910115166666667, 78.66180200000001], [16.910125333333333, 78.66180066666668], [16.910135333333336, 78.6617995], [16.910145333333332, 78.66179816666666], [16.910155333333332, 78.66179699999999], [16.9101655, 78.66179566666666], [16.91017533333333, 78.6617945], [16.91018516666667, 78.66179316666667], [16.910195166666664, 78.66179183333334], [16.910205, 78.66179066666668], [16.910214833333335, 78.66178933333335], [16.910224833333334, 78.66178799999999], [16.9102345, 78.66178666666666], [16.910244499999997, 78.6617855], [16.910254666666667, 78.66178416666666], [16.910264833333333, 78.66178283333333], [16.910274666666666, 78.66178166666667], [16.910284666666666, 78.66178033333334], [16.910294500000003, 78.661779], [16.910304166666666, 78.66177783333333], [16.910314000000003, 78.6617765], [16.910323666666667, 78.66177533333332], [16.910333666666666, 78.661774], [16.910343666666666, 78.66177266666666], [16.9103535, 78.6617715], [16.910363500000003, 78.66177016666667], [16.9103735, 78.66176883333333], [16.910383500000002, 78.6617675], [16.91039333333333, 78.66176633333333], [16.91040333333333, 78.661765], [16.910413000000002, 78.66176383333332], [16.910422666666665, 78.6617625], [16.910432166666666, 78.66176133333333], [16.910441166666665, 78.66176016666667], [16.910450500000003, 78.661759], [16.910459333333332, 78.66175783333333], [16.910467999999998, 78.66175666666666], [16.910476833333334, 78.6617555], [16.910485333333334, 78.6617545], [16.910493666666664, 78.66175333333334], [16.910502, 78.66175233333334], [16.91051, 78.66175116666666], [16.910518000000003, 78.66175016666666], [16.91052566666667, 78.66174916666667], [16.910533166666667, 78.66174816666667], [16.910540333333334, 78.66174716666666], [16.910547333333334, 78.66174633333334], [16.910554166666667, 78.66174533333333], [16.910560999999998, 78.6617445], [16.910568, 78.6617435], [16.9105745, 78.66174266666667], [16.91058083333333, 78.66174183333332], [16.910587333333336, 78.66174099999999], [16.910593833333333, 78.66174016666668], [16.910600166666665, 78.66173933333333], [16.910606166666664, 78.6617385], [16.910611833333334, 78.66173783333333], [16.910617333333334, 78.66173699999999], [16.910622666666665, 78.66173633333332], [16.910627666666667, 78.66173566666666], [16.910632833333334, 78.661735], [16.910638, 78.66173433333333], [16.910643, 78.66173350000001], [16.910648166666665, 78.66173283333333], [16.91065316666667, 78.66173216666667], [16.910658166666668, 78.6617315], [16.910662666666667, 78.66173083333334], [16.910667166666666, 78.66173016666667], [16.910671333333333, 78.66172966666666], [16.91067566666667, 78.661729], [16.910679666666667, 78.66172833333333], [16.910683666666667, 78.66172783333333], [16.910687499999998, 78.66172733333333], [16.910691333333332, 78.66172683333333], [16.910694999999997, 78.66172633333333], [16.91069866666667, 78.66172583333334], [16.910702166666667, 78.66172516666667], [16.9107055, 78.66172466666667], [16.910709, 78.66172416666667], [16.910712166666666, 78.66172366666666], [16.9107155, 78.66172333333334], [16.910718666666664, 78.66172283333334], [16.910721833333334, 78.6617225], [16.910724833333333, 78.661722], [16.910727833333333, 78.66172150000001], [16.910730833333332, 78.66172116666667], [16.91073383333333, 78.66172083333332], [16.9107365, 78.66172033333334], [16.910739, 78.66172], [16.91074133333333, 78.66171966666667], [16.910743833333335, 78.66171916666667], [16.910746333333336, 78.66171883333332], [16.910748666666667, 78.6617185], [16.910750833333335, 78.66171816666666], [16.910753166666666, 78.66171800000001], [16.910755333333334, 78.66171766666666], [16.9107575, 78.66171733333334], [16.910759499999998, 78.661717], [16.9107615, 78.66171666666668], [16.910763666666664, 78.66171633333333], [16.91076566666667, 78.661716], [16.91076766666667, 78.66171566666667], [16.910769666666667, 78.66171533333333], [16.9107715, 78.661715], [16.910773333333335, 78.66171466666667], [16.910775166666667, 78.6617145], [16.910777, 78.66171416666666], [16.9107785, 78.66171383333334], [16.91078, 78.66171349999999], [16.910781666666665, 78.66171316666667], [16.91078333333333, 78.66171299999999], [16.910784999999997, 78.66171266666667], [16.91078666666667, 78.66171250000001], [16.910788, 78.66171216666666], [16.910789333333334, 78.66171200000001], [16.910790666666667, 78.66171166666666], [16.910792, 78.6617115], [16.910793166666668, 78.66171116666666], [16.910794333333335, 78.661711], [16.9107955, 78.66171083333333], [16.910797, 78.6617105], [16.9107985, 78.66171033333333], [16.910799833333332, 78.66171016666667], [16.910801166666666, 78.66171], [16.910802333333333, 78.66170966666667], [16.910803666666666, 78.6617095], [16.910804833333334, 78.66170916666667], [16.910806166666667, 78.661709], [16.91080733333333, 78.66170883333332], [16.910808333333332, 78.66170866666667], [16.910809500000003, 78.6617085], [16.910811000000002, 78.66170833333334], [16.910812166666666, 78.661708], [16.910813333333333, 78.66170783333334], [16.910814333333335, 78.66170766666667], [16.910815500000002, 78.66170749999999], [16.910816666666665, 78.66170733333334], [16.910817666666667, 78.66170716666667], [16.910818833333334, 78.66170699999999], [16.91082, 78.66170683333333], [16.910821166666665, 78.66170666666667], [16.910822333333332, 78.66170650000001], [16.910823333333333, 78.66170650000001], [16.910824333333334, 78.66170633333333], [16.91082533333333, 78.66170616666666], [16.910826333333333, 78.66170600000001], [16.910826999999998, 78.66170583333333], [16.910828, 78.66170583333333], [16.910828666666664, 78.66170566666666], [16.9108295, 78.6617055], [16.9108305, 78.66170533333334], [16.910831499999997, 78.66170516666666], [16.91083216666667, 78.661705], [16.910833, 78.66170483333333], [16.910833833333335, 78.66170483333333], [16.910834666666666, 78.66170466666668], [16.9108355, 78.6617045], [16.910836166666666, 78.66170433333333], [16.910837, 78.66170433333333], [16.910837833333336, 78.66170416666667], [16.910838833333333, 78.661704], [16.910839666666668, 78.66170383333333], [16.910840333333333, 78.66170366666667], [16.910841166666668, 78.6617035], [16.910841833333333, 78.66170333333334], [16.9108425, 78.66170316666667], [16.910843166666666, 78.661703], [16.910844, 78.66170283333332], [16.910844666666666, 78.66170266666667], [16.9108455, 78.66170266666667], [16.910846333333332, 78.6617025], [16.910847, 78.66170233333334], [16.910847666666665, 78.66170216666666], [16.910848166666664, 78.661702], [16.910848666666666, 78.661702], [16.91084933333333, 78.66170183333334], [16.91085, 78.66170166666667], [16.9108505, 78.66170149999999], [16.910850999999997, 78.66170133333334], [16.910851666666666, 78.66170133333334], [16.910852166666665, 78.66170116666667], [16.910852833333333, 78.661701], [16.910853333333332, 78.66170083333333], [16.91085383333333, 78.66170066666668], [16.910854333333337, 78.66170066666668], [16.910855, 78.66170050000001], [16.910855666666667, 78.66170033333333], [16.910856000000003, 78.66170033333333], [16.9108565, 78.66170016666666], [16.910857, 78.66170016666666], [16.910857333333336, 78.66170000000001], [16.91085766666667, 78.66169983333333], [16.910858166666667, 78.66169966666666], [16.910858666666666, 78.6616995], [16.910859000000002, 78.6616995], [16.91085916666667, 78.6616995], [16.9108595, 78.66169933333335], [16.910859666666667, 78.66169933333335], [16.91086, 78.66169916666666], [16.910860333333336, 78.66169916666666], [16.910860500000002, 78.661699], [16.910860666666668, 78.66169883333333], [16.910861, 78.66169883333333], [16.910861166666667, 78.66169866666668], [16.9108615, 78.66169866666668], [16.910861666666666, 78.66169866666668], [16.910862, 78.6616985], [16.910862166666668, 78.6616985], [16.9108625, 78.66169833333333], [16.910862666666667, 78.66169833333333], [16.910863, 78.66169816666667], [16.910863333333335, 78.66169799999999], [16.910863666666668, 78.66169799999999], [16.910864, 78.66169783333333], [16.910864166666666, 78.66169783333333], [16.9108645, 78.66169766666667], [16.910864666666665, 78.66169766666667], [16.910864833333335, 78.66169766666667], [16.910865166666667, 78.6616975], [16.910865333333334, 78.6616975], [16.9108655, 78.6616975], [16.910865666666666, 78.66169733333332], [16.910865833333332, 78.66169733333332], [16.910866166666665, 78.66169716666667], [16.910866166666665, 78.66169716666667], [16.9108665, 78.66169716666667], [16.910866833333333, 78.661697], [16.910867, 78.661697], [16.910867166666666, 78.66169683333332], [16.910867333333332, 78.66169683333332], [16.910867333333332, 78.66169683333332], [16.9108675, 78.66169683333332], [16.9108675, 78.66169666666666], [16.9108675, 78.66169666666666], [16.9108675, 78.6616965], [16.910867833333334, 78.6616965], [16.910868166666667, 78.66169633333334], [16.910868166666667, 78.66169633333334], [16.9108685, 78.66169633333334], [16.910868666666666, 78.66169616666666], [16.910868666666666, 78.66169616666666], [16.910868666666666, 78.66169616666666], [16.910868833333332, 78.66169616666666], [16.910868666666666, 78.66169616666666], [16.910868666666666, 78.66169599999999], [16.910868666666666, 78.66169599999999], [16.910868999999998, 78.66169599999999], [16.910869166666664, 78.66169599999999], [16.9108695, 78.66169599999999], [16.910869666666667, 78.66169583333334], [16.910869833333333, 78.66169583333334], [16.910869833333333, 78.66169583333334], [16.910869666666667, 78.66169583333334], [16.9108695, 78.66169583333334], [16.9108695, 78.66169583333334], [16.910869666666667, 78.66169583333334], [16.910869833333333, 78.66169566666667], [16.91087033333333, 78.66169566666667], [16.91087033333333, 78.6616955], [16.910870666666664, 78.6616955], [16.910870666666664, 78.6616955], [16.910870499999998, 78.6616955], [16.91087033333333, 78.6616955], [16.910870166666665, 78.6616955], [16.91087, 78.6616955], [16.91087, 78.6616955], [16.91087, 78.6616955], [16.910870166666665, 78.6616955], [16.910870166666665, 78.66169533333333], [16.910869833333333, 78.66169533333333], [16.9108695, 78.66169533333333], [16.910869166666664, 78.66169533333333], [16.910868666666666, 78.66169533333333], [16.910868333333333, 78.66169533333333], [16.910868333333333, 78.66169533333333], [16.910868333333333, 78.66169533333333], [16.910868333333333, 78.66169533333333], [16.910868166666667, 78.66169533333333], [16.910868166666667, 78.66169533333333], [16.910868166666667, 78.66169533333333], [16.910867833333334, 78.66169533333333], [16.910867666666665, 78.66169533333333], [16.910867333333332, 78.66169533333333], [16.910867166666666, 78.66169516666668], [16.910867, 78.66169533333333], [16.910866833333333, 78.66169533333333], [16.910866666666667, 78.66169533333333], [16.910866833333333, 78.66169533333333], [16.910866666666667, 78.66169533333333], [16.9108665, 78.66169516666668], [16.9108665, 78.66169516666668], [16.9108665, 78.66169516666668], [16.910866166666665, 78.66169516666668], [16.910866, 78.66169516666668], [16.910866, 78.66169516666668], [16.910866, 78.66169516666668], [16.910866, 78.66169516666668], [16.910866, 78.66169516666668], [16.910865833333332, 78.661695], [16.910865666666666, 78.661695], [16.910865666666666, 78.661695], [16.9108655, 78.661695], [16.910865166666667, 78.661695], [16.910865166666667, 78.661695], [16.910865333333334, 78.661695], [16.910865333333334, 78.661695], [16.910865333333334, 78.66169483333333], [16.910865166666667, 78.66169483333333], [16.910865166666667, 78.66169483333333], [16.910864833333335, 78.66169483333333], [16.9108645, 78.66169483333333], [16.910864166666666, 78.66169483333333], [16.910864, 78.66169483333333], [16.910863833333334, 78.66169483333333], [16.910864, 78.66169483333333], [16.910864166666666, 78.66169483333333], [16.910864, 78.66169483333333], [16.910863833333334, 78.66169466666666], [16.9108635, 78.66169466666666], [16.910863166666665, 78.66169466666666], [16.910862833333333, 78.66169466666666], [16.910862833333333, 78.66169450000001], [16.910862666666667, 78.66169450000001], [16.910862833333333, 78.66169450000001], [16.910862833333333, 78.66169450000001], [16.910862833333333, 78.66169450000001], [16.9108625, 78.66169433333333], [16.910862166666668, 78.66169433333333], [16.910861666666666, 78.66169433333333], [16.9108615, 78.66169433333333], [16.910861333333333, 78.66169433333333], [16.910861333333333, 78.66169416666666], [16.910861166666667, 78.66169416666666], [16.910861166666667, 78.66169416666666], [16.910861, 78.66169433333333], [16.910861, 78.66169416666666], [16.910860666666668, 78.66169416666666], [16.910860333333336, 78.66169416666666], [16.91086, 78.66169416666666], [16.910859666666667, 78.66169416666666], [16.910859333333335, 78.66169416666666], [16.91085916666667, 78.66169416666666], [16.910859000000002, 78.66169416666666], [16.910858833333336, 78.66169416666666], [16.910858833333336, 78.66169416666666], [16.910858333333334, 78.66169416666666], [16.910858166666667, 78.661694], [16.910857833333335, 78.661694], [16.910857500000002, 78.661694], [16.910857, 78.661694], [16.910856666666668, 78.661694], [16.910856333333335, 78.661694], [16.91085616666667, 78.661694], [16.910856000000003, 78.661694], [16.910855833333336, 78.661694], [16.910855333333334, 78.661694], [16.910855, 78.661694], [16.91085466666667, 78.661694], [16.910854166666663, 78.661694], [16.91085383333333, 78.661694], [16.910853499999998, 78.661694], [16.910853333333332, 78.661694], [16.910853499999998, 78.661694], [16.910853499999998, 78.661694], [16.910853166666666, 78.661694], [16.910852833333333, 78.661694], [16.91085233333333, 78.661694], [16.910851833333332, 78.661694], [16.9108515, 78.661694], [16.910851166666664, 78.661694], [16.910851166666664, 78.66169416666666], [16.910850999999997, 78.66169416666666], [16.91085083333333, 78.66169416666666], [16.910850333333332, 78.66169416666666], [16.91084933333333, 78.66169433333333], [16.910848333333334, 78.66169450000001], [16.910847666666665, 78.66169450000001], [16.910847333333333, 78.66169450000001], [16.910847166666667, 78.66169466666666], [16.910846833333334, 78.66169466666666], [16.910846833333334, 78.66169466666666], [16.910846499999998, 78.66169483333333], [16.910846, 78.661695], [16.910845, 78.66169516666668], [16.910844166666667, 78.66169533333333], [16.910843666666665, 78.6616955], [16.910843333333332, 78.6616955], [16.910843333333332, 78.6616955], [16.910843166666666, 78.6616955], [16.910843166666666, 78.66169566666667], [16.910843166666666, 78.66169566666667], [16.910843, 78.66169566666667], [16.910842666666667, 78.66169566666667], [16.910842333333335, 78.66169566666667], [16.910841833333333, 78.66169583333334], [16.910841333333334, 78.66169583333334], [16.910841, 78.66169583333334], [16.910840666666665, 78.66169583333334], [16.9108405, 78.66169583333334], [16.910840333333333, 78.66169599999999], [16.910840166666667, 78.66169599999999], [16.910839666666668, 78.66169599999999], [16.9108395, 78.66169599999999], [16.910839166666666, 78.66169599999999], [16.910839, 78.66169616666666], [16.910838666666667, 78.66169616666666], [16.910838333333334, 78.66169633333334], [16.910837833333336, 78.66169633333334], [16.9108375, 78.66169633333334], [16.910837333333333, 78.66169633333334], [16.910837, 78.6616965], [16.91083666666667, 78.6616965], [16.910836333333336, 78.6616965], [16.910836166666666, 78.66169666666666], [16.910835833333334, 78.6616965], [16.910835333333335, 78.6616965], [16.910835000000002, 78.66169666666666], [16.910834666666666, 78.66169666666666], [16.9108345, 78.66169683333332], [16.910834333333334, 78.66169683333332], [16.910834, 78.66169683333332], [16.91083366666667, 78.661697], [16.910833166666666, 78.661697], [16.910832666666668, 78.661697], [16.91083216666667, 78.661697], [16.910831833333337, 78.661697], [16.910831666666663, 78.661697], [16.910831666666663, 78.66169716666667], [16.910831666666663, 78.66169716666667], [16.91083133333333, 78.66169716666667], [16.910830833333332, 78.66169733333332], [16.9108305, 78.66169733333332], [16.91082983333333, 78.66169733333332], [16.910829333333332, 78.66169733333332], [16.910829166666666, 78.66169733333332], [16.910829, 78.66169733333332], [16.910829, 78.66169733333332], [16.910829, 78.6616975], [16.910828833333333, 78.6616975], [16.910828666666664, 78.6616975], [16.910828166666665, 78.6616975], [16.9108275, 78.6616975], [16.910826999999998, 78.66169766666667], [16.91082683333333, 78.66169766666667], [16.910826666666665, 78.66169766666667], [16.9108265, 78.66169766666667], [16.9108265, 78.66169783333333], [16.910826333333333, 78.66169783333333], [16.910825833333334, 78.66169783333333], [16.91082533333333, 78.66169783333333], [16.910825, 78.66169783333333], [16.910824333333334, 78.66169783333333], [16.910823999999998, 78.66169783333333], [16.910823666666666, 78.66169783333333], [16.910823666666666, 78.66169799999999], [16.9108235, 78.66169799999999], [16.9108235, 78.66169799999999], [16.910823, 78.66169799999999], [16.9108225, 78.66169799999999], [16.910822, 78.66169816666667], [16.910821333333335, 78.66169816666667], [16.910820833333332, 78.66169816666667], [16.910820666666666, 78.66169816666667], [16.910820333333334, 78.66169833333333], [16.910820166666667, 78.66169833333333], [16.91082, 78.66169833333333], [16.910819666666665, 78.66169833333333], [16.910819166666666, 78.66169833333333], [16.910818833333334, 78.66169833333333], [16.910818333333335, 78.66169833333333], [16.910817833333333, 78.66169833333333], [16.910817333333334, 78.66169833333333], [16.910817, 78.6616985], [16.910816833333335, 78.6616985], [16.910816666666665, 78.6616985], [16.9108165, 78.6616985], [16.910816166666667, 78.6616985], [16.910815833333334, 78.6616985], [16.910815333333336, 78.6616985], [16.910814833333333, 78.6616985], [16.910814333333335, 78.6616985], [16.910813666666666, 78.6616985], [16.910813333333333, 78.6616985], [16.910812833333335, 78.6616985], [16.910812500000002, 78.6616985], [16.910812, 78.6616985], [16.910811666666667, 78.6616985], [16.91081116666667, 78.6616985], [16.910810666666666, 78.6616985], [16.91081, 78.6616985], [16.910809500000003, 78.66169833333333], [16.910809333333336, 78.66169833333333], [16.910808999999997, 78.6616985], [16.91080883333333, 78.6616985], [16.910808666666664, 78.66169833333333], [16.910808499999998, 78.66169833333333], [16.910808166666666, 78.66169833333333], [16.910807833333333, 78.66169816666667], [16.91080733333333, 78.66169816666667], [16.910806833333332, 78.66169816666667], [16.9108065, 78.66169816666667], [16.910806333333333, 78.66169816666667], [16.910805999999997, 78.66169816666667], [16.910805666666665, 78.66169816666667], [16.910805333333332, 78.66169816666667], [16.910804666666667, 78.66169816666667], [16.910804166666665, 78.66169816666667], [16.910803666666666, 78.66169816666667], [16.910803166666668, 78.66169816666667], [16.910802666666665, 78.66169816666667], [16.910802, 78.66169816666667], [16.910801499999998, 78.66169816666667], [16.910800833333333, 78.66169816666667], [16.910800333333334, 78.66169833333333], [16.9107995, 78.66169833333333], [16.91079866666667, 78.66169833333333], [16.910798, 78.66169833333333], [16.910797333333335, 78.6616985], [16.910796833333333, 78.6616985], [16.910796166666668, 78.66169866666668], [16.9107955, 78.66169883333333], [16.910795, 78.661699], [16.910794333333335, 78.66169916666666], [16.910793333333334, 78.66169916666666], [16.9107925, 78.66169933333335], [16.910791500000002, 78.66169933333335], [16.910790666666667, 78.6616995], [16.910790000000002, 78.6616995], [16.910789333333334, 78.6616995], [16.910789, 78.6616995], [16.910788833333335, 78.6616995], [16.910788500000002, 78.6616995], [16.910787833333334, 78.6616995], [16.910787333333335, 78.6616995], [16.91078666666667, 78.6616995], [16.910785999999998, 78.6616995], [16.910785333333333, 78.6616995], [16.91078483333333, 78.66169933333335], [16.910784333333332, 78.66169933333335], [16.910784, 78.66169933333335], [16.910783666666667, 78.66169933333335], [16.91078333333333, 78.66169933333335], [16.910783, 78.66169933333335], [16.910782333333334, 78.66169933333335], [16.91078183333333, 78.66169916666666], [16.910781166666666, 78.66169933333335], [16.910780499999998, 78.66169933333335], [16.91078, 78.66169933333335], [16.910779666666667, 78.66169933333335], [16.910779666666667, 78.66169916666666], [16.9107795, 78.66169916666666], [16.910778999999998, 78.66169916666666], [16.910778666666666, 78.66169916666666], [16.910778333333333, 78.66169916666666], [16.910778, 78.66169916666666], [16.910777333333332, 78.66169916666666], [16.910777166666666, 78.66169916666666], [16.910777, 78.66169916666666], [16.910776833333333, 78.66169933333335], [16.9107765, 78.66169933333335], [16.910776333333335, 78.66169933333335], [16.910776, 78.66169916666666], [16.910775833333332, 78.66169916666666], [16.910775666666666, 78.66169916666666], [16.910775333333333, 78.66169916666666], [16.910775166666667, 78.66169916666666], [16.910774833333335, 78.66169916666666], [16.91077466666667, 78.66169916666666], [16.9107745, 78.66169916666666], [16.910774, 78.66169916666666], [16.9107735, 78.66169916666666], [16.910773, 78.661699], [16.9107725, 78.661699], [16.910772166666668, 78.66169883333333], [16.910771833333335, 78.66169883333333], [16.91077166666667, 78.66169883333333], [16.91077166666667, 78.66169883333333], [16.910771333333333, 78.66169883333333], [16.910771, 78.66169883333333], [16.9107705, 78.66169866666668], [16.910769833333333, 78.66169866666668], [16.910769333333334, 78.66169866666668], [16.910768833333336, 78.66169866666668], [16.91076866666667, 78.6616985], [16.910768333333333, 78.6616985], [16.910768, 78.6616985], [16.910767833333335, 78.6616985], [16.910767500000002, 78.6616985], [16.91076716666667, 78.66169833333333], [16.910767, 78.66169833333333], [16.9107665, 78.66169833333333], [16.910766000000002, 78.66169833333333], [16.9107655, 78.66169833333333], [16.910765, 78.66169816666667], [16.910764333333336, 78.66169816666667], [16.91076416666667, 78.66169816666667], [16.910763499999998, 78.66169816666667], [16.910762833333333, 78.66169816666667], [16.910762166666665, 78.66169816666667], [16.910761666666666, 78.66169816666667], [16.910761166666667, 78.66169816666667], [16.9107605, 78.66169816666667], [16.910759833333334, 78.66169816666667], [16.910759, 78.66169816666667], [16.910758333333334, 78.66169816666667], [16.91075783333333, 78.66169816666667], [16.910757, 78.66169816666667], [16.910756166666665, 78.66169816666667], [16.9107555, 78.66169816666667], [16.910754666666666, 78.66169816666667], [16.910754, 78.66169799999999], [16.9107535, 78.66169799999999], [16.910752833333333, 78.66169799999999], [16.91075216666667, 78.66169799999999], [16.910751833333332, 78.66169799999999], [16.910751333333334, 78.66169783333333], [16.91075066666667, 78.66169783333333], [16.910750166666666, 78.66169783333333], [16.9107495, 78.66169766666667], [16.910748833333333, 78.66169766666667], [16.910748166666668, 78.66169766666667], [16.91074766666667, 78.66169766666667], [16.910747, 78.66169766666667], [16.91074616666667, 78.66169766666667], [16.910745333333335, 78.66169766666667], [16.9107445, 78.66169766666667], [16.910743, 78.66169783333333], [16.91074133333333, 78.66169783333333], [16.91073983333333, 78.66169799999999], [16.91073833333333, 78.66169799999999], [16.910736999999997, 78.66169799999999], [16.910735833333334, 78.66169799999999], [16.910734833333333, 78.66169816666667], [16.910733666666665, 78.66169816666667], [16.910732499999998, 78.66169816666667], [16.910731833333333, 78.66169816666667], [16.910731333333334, 78.66169816666667], [16.910730333333333, 78.66169816666667], [16.910729333333332, 78.66169816666667], [16.910728333333335, 78.66169816666667], [16.9107275, 78.66169816666667], [16.91072666666667, 78.66169833333333], [16.910725833333334, 78.66169833333333], [16.91072516666667, 78.66169833333333], [16.910724333333334, 78.66169833333333], [16.9107235, 78.6616985], [16.910722833333335, 78.6616985], [16.910722333333336, 78.6616985], [16.910721833333334, 78.6616985], [16.9107215, 78.66169866666668], [16.910721000000002, 78.66169866666668], [16.91072066666667, 78.66169866666668], [16.91072066666667, 78.66169866666668], [16.91072066666667, 78.66169866666668], [16.91072066666667, 78.66169883333333], [16.910720333333334, 78.66169883333333], [16.91072, 78.66169883333333], [16.910719833333335, 78.66169883333333], [16.910719500000003, 78.66169883333333], [16.910719333333336, 78.66169883333333], [16.910718999999997, 78.66169883333333], [16.910718499999998, 78.661699], [16.910718166666665, 78.661699], [16.910717833333333, 78.661699], [16.910717499999997, 78.661699], [16.910716833333332, 78.661699], [16.910716166666667, 78.661699], [16.9107155, 78.661699], [16.910715, 78.66169916666666], [16.910714499999997, 78.66169916666666], [16.910713833333332, 78.66169916666666], [16.910712999999998, 78.66169916666666], [16.910712333333333, 78.66169916666666], [16.910711666666668, 78.66169916666666], [16.910711, 78.66169933333335], [16.910710333333334, 78.66169933333335], [16.910709666666666, 78.66169933333335], [16.910709, 78.66169916666666], [16.9107085, 78.66169933333335], [16.910707833333333, 78.66169933333335], [16.910707333333335, 78.66169933333335], [16.910706666666666, 78.66169933333335], [16.910705833333335, 78.66169933333335], [16.910705166666666, 78.66169933333335], [16.910704666666668, 78.66169933333335], [16.91070416666667, 78.66169933333335], [16.910703666666667, 78.66169933333335], [16.910703, 78.66169933333335], [16.910702166666667, 78.66169933333335], [16.910701666666668, 78.66169933333335], [16.91070116666667, 78.66169933333335], [16.910700833333333, 78.66169933333335], [16.91070016666667, 78.66169933333335], [16.9106995, 78.66169933333335], [16.910698833333335, 78.66169933333335], [16.910698500000002, 78.66169933333335], [16.910698, 78.66169933333335], [16.910697666666668, 78.66169933333335], [16.910697000000003, 78.66169933333335], [16.91069633333333, 78.66169933333335], [16.910695666666665, 78.66169933333335], [16.910695166666667, 78.66169933333335], [16.910694666666664, 78.66169933333335], [16.910694166666666, 78.66169933333335], [16.910693666666667, 78.66169933333335], [16.910693166666665, 78.66169916666666], [16.910693, 78.66169916666666], [16.9106925, 78.66169916666666], [16.910692166666667, 78.66169916666666], [16.910691666666665, 78.661699], [16.910691, 78.661699], [16.910690499999998, 78.661699], [16.910690166666665, 78.66169883333333], [16.910689833333333, 78.66169883333333], [16.910689333333334, 78.66169883333333], [16.910688999999998, 78.66169866666668], [16.9106885, 78.66169866666668], [16.910688333333333, 78.66169866666668], [16.910688166666667, 78.6616985], [16.910687833333334, 78.66169833333333], [16.910687333333332, 78.66169833333333], [16.910687, 78.66169833333333], [16.910686666666667, 78.66169816666667], [16.9106865, 78.66169816666667], [16.910686166666668, 78.66169816666667], [16.910685666666666, 78.66169799999999], [16.910685166666667, 78.66169799999999], [16.910684833333335, 78.66169799999999], [16.9106845, 78.66169783333333], [16.910684, 78.66169783333333], [16.910683333333335, 78.66169783333333], [16.910683, 78.66169766666667], [16.910682666666666, 78.66169766666667], [16.910682333333334, 78.66169766666667], [16.910682, 78.66169766666667], [16.9106815, 78.6616975], [16.910681166666667, 78.6616975], [16.910680666666668, 78.6616975], [16.91068016666667, 78.6616975], [16.910679833333333, 78.66169733333332], [16.910679666666667, 78.66169733333332], [16.910679833333333, 78.66169733333332], [16.91068016666667, 78.66169733333332], [16.910680833333334, 78.66169733333332], [16.910681833333335, 78.66169716666667], [16.910684, 78.66169733333332], [16.910685666666666, 78.66169733333332], [16.910687666666668, 78.66169716666667], [16.910689333333334, 78.66169716666667], [16.910691, 78.661697], [16.9106925, 78.661697], [16.910693666666667, 78.661697], [16.910694666666664, 78.661697], [16.910695333333333, 78.661697], [16.910695666666665, 78.661697], [16.910696166666664, 78.66169683333332], [16.910697000000003, 78.66169683333332], [16.910697833333334, 78.66169683333332], [16.910698333333336, 78.66169666666666], [16.910699, 78.66169666666666], [16.910699833333336, 78.66169666666666], [16.910700333333335, 78.66169683333332], [16.91070116666667, 78.661697], [16.910702, 78.66169716666667], [16.910703166666668, 78.6616975], [16.9107045, 78.66169783333333], [16.910706166666667, 78.66169816666667], [16.910708, 78.6616985], [16.910709666666666, 78.66169866666668], [16.91071133333333, 78.66169883333333], [16.91071283333333, 78.66169916666666], [16.910714666666667, 78.66169933333335], [16.910716666666666, 78.6616995], [16.910718499999998, 78.66169983333333], [16.91072, 78.66170000000001], [16.910721666666667, 78.66170016666666], [16.910723333333333, 78.66170050000001], [16.9107255, 78.66170050000001], [16.910727666666666, 78.66170066666668], [16.91073, 78.66170083333333], [16.910732666666668, 78.661701], [16.91073533333333, 78.661701], [16.910737666666666, 78.66170116666667], [16.910739999999997, 78.66170133333334], [16.910742333333335, 78.66170149999999], [16.9107445, 78.66170149999999], [16.910746833333334, 78.66170166666667], [16.910749, 78.66170183333334], [16.910751166666667, 78.66170183333334], [16.9107535, 78.661702], [16.910755666666667, 78.661702], [16.910757666666665, 78.66170216666666], [16.910759666666667, 78.66170233333334], [16.9107615, 78.66170233333334], [16.910763333333332, 78.6617025], [16.910765166666668, 78.66170266666667], [16.910767, 78.66170283333332], [16.910768833333336, 78.66170283333332], [16.910770666666668, 78.661703], [16.9107725, 78.661703], [16.910774333333332, 78.661703], [16.910776333333335, 78.66170316666667], [16.910778, 78.66170333333334], [16.9107795, 78.6617035], [16.910781166666666, 78.6617035], [16.9107825, 78.66170366666667], [16.910784166666666, 78.66170383333333], [16.910785666666666, 78.66170383333333], [16.910787333333335, 78.661704], [16.910789, 78.661704], [16.910790666666667, 78.66170416666667], [16.910792333333333, 78.66170416666667], [16.910793666666667, 78.66170433333333], [16.910794833333334, 78.6617045], [16.910796, 78.66170466666668], [16.91079716666667, 78.66170466666668], [16.9107985, 78.66170483333333], [16.910799833333332, 78.661705], [16.910801, 78.661705], [16.910802333333333, 78.66170516666666], [16.9108035, 78.66170533333334], [16.910804833333334, 78.66170533333334], [16.91080583333333, 78.6617055], [16.9108065, 78.66170566666666], [16.910807499999997, 78.66170583333333], [16.910808666666664, 78.66170600000001], [16.91080966666667, 78.66170600000001], [16.910810833333336, 78.66170616666666], [16.910812, 78.66170633333333], [16.910813, 78.66170633333333], [16.910814000000002, 78.66170650000001], [16.910814833333333, 78.66170650000001], [16.910815500000002, 78.66170666666667], [16.910816, 78.66170683333333], [16.9108165, 78.66170699999999], [16.910817333333334, 78.66170716666667], [16.910818166666665, 78.66170716666667], [16.910819333333333, 78.66170733333334], [16.910820166666667, 78.66170733333334], [16.910821, 78.66170749999999], [16.910821833333333, 78.66170749999999], [16.910822666666665, 78.66170766666667], [16.910823666666666, 78.66170766666667], [16.9108245, 78.66170766666667], [16.910825166666665, 78.66170783333334], [16.910826, 78.661708], [16.910826999999998, 78.661708], [16.91082833333333, 78.661708], [16.910829, 78.66170816666666], [16.910829666666665, 78.66170816666666], [16.9108305, 78.66170833333334], [16.910831166666664, 78.66170833333334], [16.910832000000003, 78.66170833333334], [16.910832833333334, 78.6617085], [16.91083366666667, 78.6617085], [16.9108345, 78.66170866666667], [16.91083516666667, 78.66170866666667], [16.910836, 78.66170883333332], [16.910836500000002, 78.66170883333332], [16.910837166666667, 78.66170883333332], [16.910837833333336, 78.66170883333332], [16.910838666666667, 78.661709], [16.910839666666668, 78.661709], [16.910840666666665, 78.661709], [16.9108415, 78.66170916666667], [16.910842166666665, 78.66170916666667], [16.910842833333334, 78.66170933333333], [16.910843333333332, 78.66170933333333], [16.910843833333335, 78.66170933333333], [16.910844666666666, 78.6617095], [16.910845333333334, 78.6617095], [16.910846166666666, 78.6617095], [16.910847166666667, 78.6617095], [16.910847999999998, 78.6617095], [16.910848666666666, 78.66170966666667], [16.910849166666665, 78.66170966666667], [16.910849499999998, 78.66170966666667], [16.91085, 78.66170983333333], [16.910850333333332, 78.66170983333333], [16.91085083333333, 78.66170983333333], [16.910851333333333, 78.66171], [16.910852166666665, 78.66171], [16.910852833333333, 78.66171], [16.910853333333332, 78.66171], [16.910853999999997, 78.66171016666667], [16.910854166666663, 78.66171016666667], [16.910854333333337, 78.66171016666667], [16.910854500000003, 78.66171033333333], [16.910854833333335, 78.66171033333333], [16.910855166666668, 78.66171033333333], [16.9108555, 78.6617105], [16.910855666666667, 78.6617105], [16.910856000000003, 78.6617105], [16.910856333333335, 78.66171066666668], [16.9108565, 78.66171066666668], [16.910856666666668, 78.66171066666668], [16.910856666666668, 78.66171083333333], [16.9108565, 78.66171083333333], [16.910856666666668, 78.661711], [16.910856833333334, 78.661711], [16.910857, 78.661711], [16.910857166666666, 78.66171116666666], [16.910857333333336, 78.66171133333334], [16.910857333333336, 78.66171133333334], [16.910857500000002, 78.66171133333334], [16.910857333333336, 78.6617115], [16.910857333333336, 78.6617115], [16.910857166666666, 78.66171166666666], [16.910857, 78.66171166666666], [16.910857, 78.66171183333333], [16.910856833333334, 78.66171183333333], [16.910856833333334, 78.66171200000001], [16.910856833333334, 78.66171200000001], [16.910856666666668, 78.66171216666666], [16.91085616666667, 78.66171216666666], [16.910856000000003, 78.66171233333333], [16.910855666666667, 78.66171233333333], [16.910855333333334, 78.66171250000001], [16.910855166666668, 78.66171250000001], [16.910854833333335, 78.66171266666667], [16.910854500000003, 78.66171266666667], [16.910854333333337, 78.66171283333333], [16.91085383333333, 78.66171299999999], [16.910853499999998, 78.66171299999999], [16.910853166666666, 78.66171299999999], [16.910852833333333, 78.66171299999999], [16.91085233333333, 78.66171299999999], [16.910851833333332, 78.66171316666667], [16.910851333333333, 78.66171316666667], [16.910851166666664, 78.66171316666667], [16.910850999999997, 78.66171316666667], [16.91085083333333, 78.66171333333334], [16.910850333333332, 78.66171333333334], [16.91085, 78.66171333333334], [16.910849666666664, 78.66171333333334], [16.910849499999998, 78.66171349999999], [16.910849166666665, 78.66171349999999], [16.910848666666666, 78.66171349999999], [16.910848166666664, 78.66171366666667], [16.910848166666664, 78.66171366666667], [16.910848166666664, 78.66171383333334], [16.910847999999998, 78.66171383333334], [16.91084783333333, 78.66171383333334], [16.910847333333333, 78.66171383333334], [16.910847, 78.661714], [16.910846499999998, 78.661714], [16.910846333333332, 78.661714], [16.910845833333333, 78.661714], [16.910845333333334, 78.66171416666666], [16.910845, 78.66171416666666], [16.910844833333332, 78.66171416666666], [16.910844666666666, 78.66171433333334], [16.9108445, 78.66171433333334], [16.910844, 78.66171433333334], [16.9108435, 78.66171433333334], [16.910843166666666, 78.6617145], [16.910842833333334, 78.6617145], [16.9108425, 78.66171466666667], [16.910841666666666, 78.66171483333332], [16.910840833333335, 78.66171483333332], [16.910840166666667, 78.661715], [16.910839666666668, 78.661715], [16.910839166666666, 78.66171516666667], [16.910838666666667, 78.66171516666667], [16.910837833333336, 78.66171516666667], [16.9108375, 78.66171533333333], [16.910837333333333, 78.66171533333333], [16.910837333333333, 78.66171533333333], [16.910837, 78.66171533333333], [16.910836333333336, 78.6617155], [16.910835666666667, 78.6617155], [16.9108355, 78.66171566666667], [16.91083516666667, 78.66171566666667], [16.910835000000002, 78.66171566666667], [16.9108345, 78.66171566666667], [16.910834166666667, 78.66171566666667], [16.910834, 78.66171583333333], [16.91083366666667, 78.66171583333333], [16.91083366666667, 78.661716], [16.910833333333336, 78.661716], [16.910832833333334, 78.661716], [16.910832333333335, 78.66171616666666], [16.91083216666667, 78.66171616666666], [16.910831833333337, 78.66171616666666], [16.910831666666663, 78.66171616666666], [16.91083133333333, 78.66171616666666], [16.910831166666664, 78.66171633333333], [16.910830999999998, 78.66171633333333], [16.910830666666666, 78.66171633333333], [16.9108305, 78.66171633333333], [16.910830333333333, 78.6617165], [16.91082983333333, 78.6617165], [16.9108295, 78.6617165], [16.910829333333332, 78.6617165], [16.9108295, 78.6617165], [16.9108295, 78.66171666666668], [16.910829333333332, 78.66171666666668], [16.910829166666666, 78.66171683333333], [16.910828833333333, 78.66171683333333], [16.910828833333333, 78.661717], [16.910828666666664, 78.661717], [16.91082833333333, 78.66171716666666], [16.910828166666665, 78.66171716666666], [16.910828166666665, 78.66171716666666], [16.910828166666665, 78.66171716666666], [16.910828166666665, 78.66171733333334], [16.910828166666665, 78.66171733333334], [16.910827833333332, 78.6617175], [16.9108275, 78.6617175], [16.910827333333334, 78.66171766666666], [16.910827166666664, 78.66171783333333], [16.91082683333333, 78.66171783333333], [16.910826666666665, 78.66171800000001], [16.9108265, 78.66171800000001], [16.9108265, 78.66171816666666], [16.9108265, 78.66171816666666], [16.910826166666666, 78.66171833333333], [16.910825833333334, 78.6617185], [16.910825499999998, 78.6617185], [16.91082533333333, 78.66171866666667], [16.91082533333333, 78.66171866666667], [16.910825166666665, 78.66171883333332], [16.910824833333333, 78.66171883333332], [16.910824666666667, 78.66171899999999], [16.910824666666667, 78.66171899999999], [16.910824333333334, 78.66171916666667], [16.910824166666664, 78.66171916666667], [16.910823833333332, 78.66171933333334], [16.910823333333333, 78.66171933333334], [16.910823166666667, 78.66171949999999], [16.910822833333334, 78.66171949999999], [16.910822666666665, 78.66171949999999], [16.910822833333334, 78.66171966666667], [16.910822666666665, 78.66171966666667], [16.910822333333332, 78.66171983333334], [16.910822, 78.66172], [16.910821666666667, 78.66172], [16.910821333333335, 78.66172], [16.910820833333332, 78.66172016666665], [16.910820333333334, 78.66172016666665], [16.910820166666667, 78.66172016666665], [16.91082, 78.66172033333334], [16.910819666666665, 78.66172033333334], [16.910819333333333, 78.66172033333334], [16.910819, 78.6617205], [16.910818666666668, 78.6617205], [16.910818166666665, 78.66172066666667], [16.9108175, 78.66172066666667], [16.910817, 78.66172066666667], [16.910816666666665, 78.66172083333332], [16.910816333333333, 78.66172083333332], [16.910816, 78.66172083333332], [16.910815500000002, 78.661721], [16.910815, 78.661721], [16.9108145, 78.66172116666667], [16.910814000000002, 78.66172116666667], [16.910813333333333, 78.66172116666667], [16.91081266666667, 78.66172116666667], [16.910812166666666, 78.66172133333333], [16.910811833333334, 78.66172133333333], [16.910811333333335, 78.66172133333333], [16.910810833333336, 78.66172150000001], [16.910810166666668, 78.66172150000001], [16.910809166666663, 78.66172150000001], [16.910808333333332, 78.66172166666666], [16.91080733333333, 78.66172166666666], [16.910806666666666, 78.66172166666666], [16.910805999999997, 78.66172166666666], [16.910805333333332, 78.66172183333333], [16.910804833333334, 78.66172183333333], [16.91080433333333, 78.66172183333333], [16.910803666666666, 78.661722], [16.910802999999998, 78.661722], [16.910802166666667, 78.661722], [16.910801333333332, 78.66172216666668], [16.910800666666667, 78.66172216666668], [16.9108, 78.66172216666668], [16.9107995, 78.66172216666668], [16.910798833333335, 78.66172233333333], [16.910798166666666, 78.66172233333333], [16.910797666666667, 78.66172233333333], [16.910797, 78.66172233333333], [16.9107965, 78.66172233333333], [16.910795833333335, 78.66172233333333], [16.910795166666666, 78.6617225], [16.910794833333334, 78.6617225], [16.910794333333335, 78.6617225], [16.910793666666667, 78.6617225], [16.910793333333334, 78.6617225], [16.91079266666667, 78.66172266666668], [16.910792166666667, 78.66172266666668], [16.910791833333334, 78.66172266666668], [16.910791500000002, 78.66172266666668], [16.910791, 78.66172266666668], [16.9107905, 78.66172266666668], [16.91079016666667, 78.66172266666668], [16.910790000000002, 78.66172266666668], [16.910790000000002, 78.66172266666668], [16.91078966666667, 78.66172266666668], [16.910789333333334, 78.66172266666668], [16.91078866666667, 78.66172283333334], [16.91078816666667, 78.66172283333334], [16.910787833333334, 78.66172266666668], [16.910787666666668, 78.66172266666668], [16.910787333333335, 78.66172266666668], [16.91078716666667, 78.66172283333334], [16.910786833333336, 78.66172283333334], [16.910786499999997, 78.66172283333334], [16.91078633333333, 78.66172283333334], [16.910786166666664, 78.66172283333334], [16.910785833333332, 78.66172266666668], [16.910785333333333, 78.66172283333334], [16.91078483333333, 78.66172266666668], [16.910784666666665, 78.66172266666668], [16.910784666666665, 78.66172283333334], [16.910784333333332, 78.66172266666668], [16.910784166666666, 78.66172283333334], [16.910783833333333, 78.66172283333334], [16.910783499999997, 78.66172283333334], [16.910783166666665, 78.66172266666668], [16.910782833333332, 78.66172266666668], [16.9107825, 78.66172266666668], [16.910781999999998, 78.66172283333334], [16.910781666666665, 78.66172266666668], [16.910781333333333, 78.66172266666668], [16.910780833333334, 78.66172266666668], [16.91078033333333, 78.66172266666668], [16.91078, 78.66172266666668], [16.910779666666667, 78.66172266666668], [16.910779333333334, 78.66172266666668], [16.91077883333333, 78.66172266666668], [16.910778333333333, 78.66172266666668], [16.910778, 78.6617225], [16.910777666666668, 78.6617225], [16.910777166666666, 78.6617225], [16.9107765, 78.6617225], [16.910776, 78.6617225], [16.910775333333333, 78.6617225], [16.910775, 78.66172233333333], [16.91077466666667, 78.66172233333333], [16.9107745, 78.66172233333333], [16.910774, 78.66172233333333], [16.910773333333335, 78.66172233333333], [16.910772666666666, 78.66172233333333], [16.910772333333334, 78.66172216666668], [16.910771833333335, 78.66172216666668], [16.9107715, 78.66172216666668], [16.910771, 78.66172216666668], [16.9107705, 78.66172216666668], [16.91077, 78.66172216666668], [16.9107695, 78.66172216666668], [16.910769166666668, 78.66172216666668], [16.9107685, 78.66172216666668], [16.910768, 78.661722], [16.91076716666667, 78.661722], [16.910766833333334, 78.661722], [16.9107665, 78.661722], [16.91076616666667, 78.661722], [16.910765833333336, 78.661722], [16.910765166666668, 78.661722], [16.91076466666667, 78.66172183333333], [16.91076416666667, 78.66172183333333], [16.910763666666664, 78.66172183333333], [16.910763, 78.66172183333333], [16.910762499999997, 78.66172183333333], [16.910762, 78.66172183333333], [16.910761333333333, 78.66172183333333], [16.910760999999997, 78.66172183333333], [16.91076083333333, 78.66172166666666], [16.910760333333332, 78.66172166666666], [16.910759833333334, 78.66172166666666], [16.910759166666665, 78.66172166666666], [16.910758666666666, 78.66172166666666], [16.910758333333334, 78.66172166666666], [16.910757999999998, 78.66172150000001], [16.9107575, 78.66172150000001], [16.910757166666667, 78.66172150000001], [16.910756666666668, 78.66172150000001], [16.910756166666665, 78.66172150000001], [16.910755833333333, 78.66172133333333], [16.910755166666668, 78.66172133333333], [16.910754833333332, 78.66172133333333], [16.910754166666667, 78.66172133333333], [16.91075366666667, 78.66172116666667], [16.910753333333332, 78.66172116666667], [16.910752833333333, 78.66172133333333], [16.910752333333335, 78.66172133333333], [16.910751833333332, 78.66172133333333], [16.910751333333334, 78.66172116666667], [16.910750833333335, 78.66172116666667], [16.910750333333333, 78.66172116666667], [16.91075, 78.66172116666667], [16.910749666666668, 78.66172116666667], [16.91074916666667, 78.66172116666667], [16.910748833333333, 78.66172116666667], [16.910748333333334, 78.66172116666667], [16.910748166666668, 78.66172116666667], [16.91074766666667, 78.66172116666667], [16.910747333333333, 78.66172116666667], [16.910746833333334, 78.661721], [16.91074616666667, 78.661721], [16.910745666666667, 78.661721], [16.91074516666667, 78.661721], [16.910744833333336, 78.661721], [16.910744333333334, 78.66172116666667], [16.910743833333335, 78.66172116666667], [16.910743333333336, 78.66172116666667], [16.910742833333334, 78.66172116666667], [16.91074216666667, 78.66172116666667], [16.910741833333336, 78.66172116666667], [16.910741166666664, 78.66172116666667], [16.9107405, 78.66172116666667], [16.910739999999997, 78.66172116666667], [16.9107395, 78.66172116666667], [16.910739166666666, 78.66172116666667], [16.910738666666667, 78.66172116666667], [16.910738, 78.661721], [16.910737166666667, 78.661721], [16.910736333333332, 78.661721], [16.910736, 78.661721], [16.910735499999998, 78.66172083333332], [16.910735, 78.66172083333332], [16.910734333333334, 78.66172083333332], [16.91073383333333, 78.66172083333332], [16.910733, 78.66172066666667], [16.910732499999998, 78.66172066666667], [16.910731666666667, 78.66172066666667], [16.910731, 78.66172066666667], [16.910730333333333, 78.66172066666667], [16.91072966666667, 78.66172066666667], [16.910729333333332, 78.66172066666667], [16.910729, 78.66172066666667], [16.910728666666667, 78.66172066666667], [16.91072816666667, 78.66172066666667], [16.910727833333333, 78.66172066666667], [16.910727166666668, 78.66172066666667], [16.9107265, 78.66172066666667], [16.910725833333334, 78.6617205], [16.91072516666667, 78.6617205], [16.910724833333333, 78.66172066666667], [16.9107245, 78.6617205], [16.910724166666668, 78.6617205], [16.91072366666667, 78.6617205], [16.910723166666667, 78.6617205], [16.91072266666667, 78.6617205], [16.91072216666667, 78.6617205], [16.9107215, 78.6617205], [16.910720833333336, 78.6617205], [16.910720333333334, 78.6617205], [16.91072, 78.66172066666667], [16.910719833333335, 78.66172066666667], [16.910719500000003, 78.66172066666667], [16.910718999999997, 78.66172066666667], [16.910718499999998, 78.66172066666667], [16.910718, 78.66172066666667], [16.910717666666667, 78.66172066666667], [16.91071733333333, 78.66172066666667], [16.910716833333332, 78.66172066666667], [16.9107165, 78.66172066666667], [16.910716166666667, 78.66172066666667], [16.91071583333333, 78.66172083333332], [16.9107155, 78.66172083333332], [16.910715, 78.66172083333332], [16.910714666666667, 78.66172083333332], [16.910714166666665, 78.66172083333332], [16.910713666666666, 78.66172083333332], [16.910713166666667, 78.66172083333332], [16.91071283333333, 78.66172083333332], [16.910712666666665, 78.66172083333332], [16.9107125, 78.66172083333332], [16.910712166666666, 78.66172083333332], [16.910711833333334, 78.66172083333332], [16.910711666666668, 78.66172083333332], [16.91071133333333, 78.66172083333332], [16.910711166666665, 78.66172083333332], [16.910711, 78.661721], [16.9107105, 78.661721], [16.910710166666668, 78.661721], [16.910709999999998, 78.661721], [16.910709833333332, 78.661721], [16.910709666666666, 78.661721], [16.910709333333333, 78.661721], [16.910709, 78.661721], [16.910708666666668, 78.661721], [16.910708166666666, 78.66172116666667], [16.910707833333333, 78.66172116666667], [16.9107075, 78.66172116666667], [16.91070716666667, 78.66172116666667], [16.910707, 78.66172116666667], [16.910706833333332, 78.66172116666667], [16.910706333333334, 78.66172116666667], [16.910705833333335, 78.66172116666667], [16.9107055, 78.66172116666667], [16.910705166666666, 78.66172133333333], [16.910704666666668, 78.66172133333333], [16.91070416666667, 78.66172133333333], [16.910703833333333, 78.66172133333333], [16.910703666666667, 78.66172133333333], [16.910703333333334, 78.66172133333333], [16.910703, 78.66172133333333], [16.91070266666667, 78.66172150000001], [16.910702166666667, 78.66172150000001], [16.910701833333334, 78.66172150000001], [16.910701666666668, 78.66172150000001], [16.910701333333336, 78.66172166666666], [16.910701, 78.66172166666666], [16.910700666666667, 78.66172166666666], [16.910700333333335, 78.66172166666666], [16.910700000000002, 78.66172166666666], [16.91069966666667, 78.66172166666666], [16.910699333333334, 78.66172183333333], [16.910699, 78.66172183333333], [16.91069866666667, 78.66172183333333], [16.910698500000002, 78.661722], [16.910698500000002, 78.661722], [16.910698500000002, 78.661722], [16.910698333333336, 78.661722], [16.910698, 78.661722], [16.910697666666668, 78.661722], [16.9106975, 78.66172216666668], [16.91069716666667, 78.66172216666668], [16.910696833333336, 78.66172216666668], [16.91069633333333, 78.66172216666668], [16.910695999999998, 78.66172233333333], [16.9106955, 78.66172233333333], [16.910695166666667, 78.66172233333333], [16.91069483333333, 78.66172233333333], [16.910694499999998, 78.66172233333333], [16.910694, 78.6617225], [16.910693499999997, 78.6617225], [16.91069333333333, 78.6617225], [16.910693166666665, 78.6617225], [16.910692833333332, 78.6617225], [16.9106925, 78.6617225], [16.910692166666667, 78.6617225], [16.91069183333333, 78.6617225], [16.9106915, 78.6617225], [16.9106915, 78.6617225], [16.910691, 78.6617225], [16.910690499999998, 78.6617225], [16.91069, 78.6617225], [16.9106895, 78.66172266666668], [16.910689333333334, 78.66172266666668], [16.910689166666668, 78.66172266666668], [16.910688666666665, 78.66172266666668], [16.9106885, 78.66172266666668], [16.910688166666667, 78.66172266666668], [16.910688, 78.66172266666668], [16.910688, 78.66172266666668], [16.910687666666668, 78.66172266666668], [16.910687333333332, 78.66172266666668], [16.910687333333332, 78.66172266666668], [16.910687166666666, 78.66172266666668], [16.910687, 78.66172266666668], [16.910686833333333, 78.66172266666668], [16.910686666666667, 78.66172266666668], [16.910686333333334, 78.66172266666668], [16.910686333333334, 78.66172266666668], [16.910686, 78.66172266666668], [16.910685833333332, 78.6617225], [16.910685666666666, 78.6617225], [16.910685666666666, 78.6617225], [16.910685333333333, 78.6617225], [16.910685166666667, 78.6617225], [16.910684833333335, 78.6617225], [16.9106845, 78.6617225], [16.910684166666666, 78.6617225], [16.910684166666666, 78.6617225], [16.910684, 78.6617225], [16.910683666666667, 78.66172233333333], [16.9106835, 78.66172233333333], [16.910683333333335, 78.66172233333333], [16.91068316666667, 78.66172216666668], [16.910683, 78.66172216666668], [16.910682833333333, 78.66172216666668], [16.910682666666666, 78.66172216666668], [16.910682333333334, 78.66172216666668], [16.910682, 78.66172216666668], [16.910682, 78.661722], [16.910682, 78.661722], [16.910682, 78.661722], [16.910681833333335, 78.66172183333333], [16.91068166666667, 78.66172183333333], [16.910681333333333, 78.66172166666666], [16.910681, 78.66172166666666], [16.910680833333334, 78.66172166666666], [16.910680333333335, 78.66172166666666], [16.91068, 78.66172166666666], [16.910679666666667, 78.66172166666666], [16.910679333333334, 78.66172166666666], [16.910679333333334, 78.66172150000001], [16.910679333333334, 78.66172150000001], [16.910679000000002, 78.66172150000001], [16.91067866666667, 78.66172150000001], [16.910678333333333, 78.66172150000001], [16.910678, 78.66172133333333], [16.91067766666667, 78.66172133333333], [16.91067766666667, 78.66172133333333], [16.910677333333336, 78.66172133333333], [16.91067716666667, 78.66172116666667], [16.910677, 78.66172116666667], [16.910676833333333, 78.66172116666667], [16.910676833333333, 78.66172116666667], [16.910676833333333, 78.66172116666667], [16.910677500000002, 78.66172116666667], [16.910679000000002, 78.66172133333333], [16.9106815, 78.66172150000001], [16.910683833333334, 78.66172183333333], [16.910687166666666, 78.66172216666668], [16.91069033333333, 78.6617225], [16.910693833333333, 78.6617225], [16.910696499999997, 78.6617225], [16.910698500000002, 78.6617225], [16.910700333333335, 78.66172233333333], [16.910702333333333, 78.66172233333333], [16.910704, 78.661722], [16.9107055, 78.66172150000001], [16.910707, 78.66172116666667], [16.910708166666666, 78.66172083333332], [16.910709999999998, 78.6617205], [16.910712, 78.66172033333334], [16.910714166666665, 78.66172], [16.910716333333333, 78.66172], [16.910718666666664, 78.66171983333334], [16.910720833333336, 78.66171949999999], [16.910723166666667, 78.66171949999999], [16.9107255, 78.66171933333334], [16.910727833333333, 78.66171933333334], [16.910730666666666, 78.66171916666667], [16.9107335, 78.66171916666667], [16.910736333333332, 78.66171916666667], [16.910738833333333, 78.66171916666667], [16.91074133333333, 78.66171899999999], [16.91074366666667, 78.66171916666667], [16.910745833333333, 78.66171916666667], [16.910748, 78.66171916666667], [16.910749833333334, 78.66171916666667], [16.910752, 78.66171899999999], [16.910754, 78.66171899999999], [16.910756, 78.66171899999999], [16.91075783333333, 78.66171899999999], [16.910759666666667, 78.66171883333332], [16.9107615, 78.66171883333332], [16.910763333333332, 78.66171866666667], [16.910765, 78.66171866666667], [16.910766666666667, 78.6617185], [16.910768333333333, 78.6617185], [16.91077016666667, 78.66171833333333], [16.910771833333335, 78.66171800000001], [16.910773333333335, 78.66171800000001], [16.910775, 78.66171783333333], [16.9107765, 78.66171766666666], [16.910778, 78.6617175], [16.910779333333334, 78.66171733333334], [16.910780833333334, 78.66171716666666], [16.910782333333334, 78.661717], [16.910783666666667, 78.66171683333333], [16.910784999999997, 78.66171683333333], [16.91078633333333, 78.66171666666668], [16.910788, 78.6617165], [16.9107895, 78.66171633333333], [16.910790833333333, 78.66171616666666], [16.910792333333333, 78.661716], [16.910793833333333, 78.66171583333333], [16.910795, 78.66171566666667], [16.9107965, 78.6617155], [16.910797666666667, 78.6617155], [16.910799166666667, 78.66171533333333], [16.910800833333333, 78.66171516666667], [16.9108025, 78.661715], [16.910804, 78.66171483333332], [16.9108055, 78.66171483333332], [16.9108065, 78.66171466666667], [16.910808166666666, 78.6617145], [16.910809333333336, 78.66171433333334], [16.9108105, 78.66171416666666], [16.910811833333334, 78.66171416666666], [16.9108135, 78.661714], [16.910815, 78.66171383333334], [16.9108165, 78.66171366666667], [16.910817666666667, 78.66171349999999], [16.910819, 78.66171349999999], [16.910820166666667, 78.66171333333334], [16.910821166666665, 78.66171316666667], [16.910822166666666, 78.66171316666667], [16.9108235, 78.66171299999999], [16.910824833333333, 78.66171283333333], [16.910825833333334, 78.66171283333333], [16.910826999999998, 78.66171266666667], [16.910828, 78.66171250000001], [16.910829, 78.66171233333333], [16.910829999999997, 78.66171233333333], [16.910831166666664, 78.66171216666666], [16.910832000000003, 78.66171216666666], [16.910833166666666, 78.66171200000001], [16.910834166666667, 78.66171200000001], [16.910835333333335, 78.66171183333333], [16.910836166666666, 78.66171183333333], [16.910837166666667, 78.66171166666666], [16.910838166666668, 78.66171166666666], [16.910838833333333, 78.66171166666666], [16.910839666666668, 78.6617115], [16.910840666666665, 78.6617115], [16.9108415, 78.66171133333334], [16.910842333333335, 78.66171133333334], [16.910843333333332, 78.66171133333334], [16.910844333333333, 78.66171133333334], [16.910845, 78.66171116666666], [16.910845666666667, 78.66171116666666], [16.910846666666664, 78.66171116666666], [16.910847666666665, 78.66171116666666], [16.9108485, 78.66171116666666], [16.91084933333333, 78.661711], [16.910850166666666, 78.661711], [16.91085083333333, 78.66171083333333], [16.9108515, 78.66171083333333], [16.910852166666665, 78.66171083333333], [16.910852666666663, 78.66171083333333], [16.910853499999998, 78.66171083333333], [16.910854166666663, 78.66171066666668], [16.910854833333335, 78.66171066666668], [16.9108555, 78.66171066666668], [16.910856000000003, 78.6617105], [16.9108565, 78.6617105], [16.910857, 78.6617105], [16.910857333333336, 78.6617105], [16.910857833333335, 78.66171033333333], [16.9108585, 78.66171033333333], [16.91085916666667, 78.66171033333333], [16.910859666666667, 78.66171033333333], [16.910860166666666, 78.66171016666667], [16.910860666666668, 78.66171016666667], [16.910861, 78.66171016666667], [16.9108615, 78.66171016666667], [16.910861833333335, 78.66171016666667], [16.910862333333334, 78.66171016666667], [16.910863, 78.66171016666667], [16.9108635, 78.66171016666667], [16.910864, 78.66171], [16.9108645, 78.66171], [16.910864833333335, 78.66171], [16.910865166666667, 78.66171], [16.9108655, 78.66171], [16.910866, 78.66171], [16.9108665, 78.66170983333333], [16.910867166666666, 78.66170983333333], [16.910867666666665, 78.66170983333333], [16.910868, 78.66170983333333], [16.910868333333333, 78.66170983333333], [16.9108685, 78.66170983333333], [16.910868666666666, 78.66170966666667], [16.910868833333332, 78.66170966666667], [16.910869166666664, 78.66170966666667], [16.910869666666667, 78.66170966666667], [16.910870166666665, 78.66170966666667], [16.91087033333333, 78.66170966666667], [16.910870666666664, 78.6617095], [16.910870833333334, 78.6617095], [16.910871, 78.6617095], [16.910871333333333, 78.66170966666667], [16.910871666666665, 78.66170966666667], [16.910871999999998, 78.6617095], [16.910872333333334, 78.6617095], [16.910872666666666, 78.6617095], [16.910873, 78.6617095], [16.910873166666665, 78.6617095], [16.91087333333333, 78.6617095], [16.91087333333333, 78.6617095], [16.910873499999997, 78.66170933333333], [16.910874, 78.66170933333333], [16.910874333333332, 78.66170933333333], [16.910874666666665, 78.66170933333333], [16.91087483333333, 78.6617095], [16.91087483333333, 78.66170933333333], [16.91087483333333, 78.66170933333333], [16.910874999999997, 78.66170933333333], [16.910875333333333, 78.66170933333333], [16.9108755, 78.66170933333333], [16.910875666666666, 78.66170933333333], [16.910876, 78.66170933333333], [16.91087633333333, 78.66170933333333], [16.910876499999997, 78.66170933333333], [16.910876499999997, 78.66170933333333], [16.910876499999997, 78.66170933333333], [16.910876666666663, 78.66170933333333], [16.910876833333337, 78.66170933333333], [16.910877000000003, 78.66170916666667], [16.91087716666667, 78.66170916666667], [16.9108775, 78.66170916666667], [16.910877666666668, 78.66170916666667], [16.910877833333334, 78.66170916666667], [16.910877833333334, 78.66170916666667], [16.910878, 78.66170916666667], [16.910878, 78.66170916666667], [16.910878, 78.66170916666667], [16.910878, 78.66170916666667], [16.910878166666667, 78.66170916666667], [16.910878333333336, 78.66170916666667], [16.910878500000003, 78.66170916666667], [16.910878500000003, 78.66170916666667], [16.91087866666667, 78.66170916666667], [16.910878833333335, 78.66170916666667], [16.910879, 78.66170916666667], [16.910879166666668, 78.66170916666667], [16.910879333333334, 78.66170916666667], [16.9108795, 78.66170916666667], [16.9108795, 78.66170916666667], [16.910879833333336, 78.66170916666667], [16.910879833333336, 78.66170916666667], [16.910879833333336, 78.66170916666667], [16.910879833333336, 78.66170916666667], [16.910879833333336, 78.66170916666667], [16.910879833333336, 78.66170916666667], [16.910879833333336, 78.66170916666667], [16.910880000000002, 78.66170916666667], [16.91088016666667, 78.661709], [16.910880333333335, 78.661709], [16.9108805, 78.661709], [16.9108805, 78.661709], [16.910880666666667, 78.661709], [16.910880666666667, 78.661709], [16.910880666666667, 78.661709], [16.910880666666667, 78.661709], [16.910880666666667, 78.66170883333332], [16.9108805, 78.66170883333332], [16.9108805, 78.66170883333332], [16.910880666666667, 78.66170883333332], [16.9108805, 78.66170883333332], [16.910880333333335, 78.66170883333332], [16.910880333333335, 78.66170883333332], [16.910880333333335, 78.66170883333332], [16.9108805, 78.66170883333332], [16.9108805, 78.66170883333332], [16.910880333333335, 78.66170883333332], [16.910880333333335, 78.66170883333332], [16.910880333333335, 78.66170883333332], [16.9108805, 78.66170883333332], [16.9108805, 78.66170883333332], [16.910880666666667, 78.66170866666667], [16.910880666666667, 78.66170866666667], [16.910880833333334, 78.66170866666667], [16.910881, 78.66170866666667], [16.910881, 78.66170866666667], [16.910881, 78.66170866666667], [16.910881, 78.66170866666667], [16.910881166666666, 78.66170866666667], [16.910881166666666, 78.66170866666667], [16.910881166666666, 78.66170866666667], [16.910881333333336, 78.66170866666667], [16.910881333333336, 78.66170866666667], [16.910881500000002, 78.66170866666667], [16.910881500000002, 78.66170866666667], [16.91088166666667, 78.66170866666667], [16.91088166666667, 78.66170866666667], [16.91088166666667, 78.66170866666667], [16.910881833333335, 78.66170866666667], [16.910882, 78.6617085], [16.910882, 78.6617085], [16.910882, 78.6617085], [16.910882166666667, 78.6617085], [16.910882166666667, 78.6617085], [16.910882166666667, 78.6617085], [16.910882333333333, 78.6617085], [16.9108825, 78.6617085], [16.910882666666666, 78.6617085], [16.910882666666666, 78.6617085], [16.910882833333336, 78.6617085], [16.910883166666668, 78.6617085], [16.910883000000002, 78.6617085], [16.910883166666668, 78.6617085], [16.9108835, 78.6617085], [16.9108835, 78.66170833333334], [16.910883833333333, 78.66170833333334], [16.910883833333333, 78.66170833333334], [16.910884166666666, 78.66170833333334], [16.9108845, 78.66170833333334], [16.910884666666668, 78.66170833333334], [16.910885, 78.66170833333334], [16.910885166666667, 78.66170833333334], [16.910885166666667, 78.66170833333334], [16.910885166666667, 78.66170833333334], [16.9108855, 78.66170833333334], [16.910885833333335, 78.66170833333334], [16.910886, 78.66170833333334], [16.910886333333334, 78.66170833333334], [16.9108865, 78.66170816666666], [16.910886833333333, 78.66170816666666], [16.910887, 78.66170816666666], [16.910887, 78.66170816666666], [16.910887, 78.66170816666666], [16.910887166666665, 78.66170816666666], [16.910887333333335, 78.66170816666666], [16.910887666666667, 78.66170816666666], [16.910888, 78.66170816666666], [16.910888166666666, 78.66170816666666], [16.9108885, 78.66170816666666], [16.910888666666665, 78.66170816666666], [16.910888666666665, 78.66170816666666], [16.9108885, 78.66170816666666], [16.910888833333335, 78.661708], [16.910889166666667, 78.661708], [16.9108895, 78.661708], [16.910889833333332, 78.661708], [16.910890166666665, 78.661708], [16.910890333333334, 78.661708], [16.910890333333334, 78.661708], [16.910890166666665, 78.661708], [16.91089, 78.661708], [16.910890166666665, 78.661708], [16.910890333333334, 78.661708], [16.9108905, 78.661708], [16.910890666666667, 78.661708], [16.910890833333333, 78.661708], [16.910890833333333, 78.661708], [16.910890833333333, 78.66170816666666], [16.910890833333333, 78.66170816666666], [16.910890666666667, 78.66170816666666], [16.9108905, 78.66170816666666], [16.9108905, 78.66170833333334], [16.910890666666667, 78.66170833333334], [16.910890833333333, 78.66170833333334], [16.910891, 78.66170833333334], [16.910890833333333, 78.66170833333334], [16.910890833333333, 78.66170833333334], [16.910890666666667, 78.66170833333334], [16.910890666666667, 78.66170833333334], [16.9108905, 78.66170833333334], [16.910890333333334, 78.66170833333334], [16.910890333333334, 78.66170833333334], [16.9108905, 78.66170833333334], [16.9108905, 78.66170816666666], [16.910890333333334, 78.66170816666666], [16.910890166666665, 78.66170816666666], [16.910889833333332, 78.66170816666666], [16.910889833333332, 78.66170816666666], [16.910889833333332, 78.66170816666666], [16.910889833333332, 78.66170816666666], [16.91089, 78.66170816666666], [16.91089, 78.661708], [16.91089, 78.661708], [16.910889833333332, 78.661708], [16.910889666666666, 78.661708], [16.910889333333333, 78.66170783333334], [16.910889333333333, 78.66170783333334], [16.910889333333333, 78.66170783333334], [16.9108895, 78.66170783333334], [16.9108895, 78.66170766666667], [16.9108895, 78.66170766666667], [16.910889333333333, 78.66170749999999], [16.910889166666667, 78.66170749999999], [16.910889, 78.66170733333334], [16.910888833333335, 78.66170733333334], [16.910888833333335, 78.66170716666667], [16.910889, 78.66170716666667], [16.910889, 78.66170716666667], [16.910889166666667, 78.66170699999999], [16.910889, 78.66170699999999], [16.910888833333335, 78.66170683333333], [16.910888666666665, 78.66170683333333], [16.9108885, 78.66170683333333], [16.910888166666666, 78.66170666666667], [16.910888333333332, 78.66170666666667], [16.910888333333332, 78.66170650000001], [16.9108885, 78.66170650000001], [16.9108885, 78.66170650000001], [16.910888333333332, 78.66170650000001], [16.910888333333332, 78.66170633333333], [16.910887833333334, 78.66170633333333], [16.910887666666667, 78.66170616666666], [16.910887333333335, 78.66170616666666], [16.910887166666665, 78.66170616666666], [16.910887166666665, 78.66170616666666], [16.910887166666665, 78.66170600000001], [16.910887, 78.66170600000001], [16.910886666666666, 78.66170583333333], [16.9108865, 78.66170583333333], [16.910886166666668, 78.66170583333333], [16.910886, 78.66170566666666], [16.910885833333335, 78.66170566666666], [16.910885666666665, 78.66170566666666], [16.9108855, 78.66170566666666], [16.910885333333333, 78.6617055], [16.910885166666667, 78.6617055], [16.910885, 78.6617055], [16.910884666666668, 78.66170533333334], [16.9108845, 78.66170533333334], [16.910884166666666, 78.66170533333334], [16.910883833333333, 78.66170533333334], [16.910883833333333, 78.66170516666666], [16.910883833333333, 78.66170516666666], [16.9108835, 78.66170516666666], [16.910883166666668, 78.66170516666666], [16.910882833333336, 78.66170516666666], [16.910882666666666, 78.66170516666666], [16.9108825, 78.661705], [16.910882333333333, 78.661705], [16.910882, 78.661705], [16.910881833333335, 78.661705], [16.91088166666667, 78.661705], [16.91088166666667, 78.661705], [16.910881500000002, 78.66170483333333], [16.910881500000002, 78.66170483333333], [16.910881333333336, 78.66170483333333], [16.910881, 78.66170483333333], [16.910880666666667, 78.66170483333333], [16.9108805, 78.66170483333333], [16.910880333333335, 78.66170483333333], [16.91088016666667, 78.66170483333333], [16.910880000000002, 78.66170483333333], [16.910879833333336, 78.66170483333333], [16.910879833333336, 78.66170466666668], [16.910879833333336, 78.66170466666668], [16.910879666666666, 78.66170466666668], [16.910879333333334, 78.66170466666668], [16.910879, 78.66170466666668], [16.910878833333335, 78.66170466666668], [16.910878500000003, 78.66170466666668], [16.910878500000003, 78.66170466666668], [16.910878333333336, 78.6617045], [16.910878166666667, 78.6617045], [16.910877833333334, 78.6617045], [16.910877833333334, 78.6617045], [16.910877666666668, 78.66170433333333], [16.9108775, 78.66170433333333], [16.91087716666667, 78.66170416666667], [16.910877000000003, 78.66170416666667], [16.910876833333337, 78.661704], [16.910876666666663, 78.661704], [16.910876666666663, 78.661704], [16.910876666666663, 78.66170383333333], [16.910876499999997, 78.66170383333333], [16.91087633333333, 78.66170383333333], [16.91087633333333, 78.66170366666667], [16.91087633333333, 78.6617035], [16.910876166666664, 78.6617035], [16.910876166666664, 78.6617035], [16.910876, 78.66170333333334], [16.910875833333332, 78.66170333333334], [16.910875666666666, 78.66170316666667], [16.910875666666666, 78.66170316666667], [16.910875333333333, 78.66170316666667], [16.910875166666663, 78.661703], [16.910874999999997, 78.661703], [16.910874999999997, 78.66170283333332], [16.91087483333333, 78.66170266666667], [16.910874666666665, 78.66170266666667], [16.910874166666666, 78.66170266666667], [16.910873833333333, 78.6617025], [16.910873666666664, 78.6617025], [16.910873666666664, 78.66170233333334], [16.910873166666665, 78.66170233333334], [16.910873, 78.66170233333334], [16.910872666666666, 78.66170216666666], [16.910872333333334, 78.66170216666666], [16.910871999999998, 78.661702], [16.910871666666665, 78.661702], [16.910871166666666, 78.661702], [16.910870833333334, 78.661702], [16.91087033333333, 78.661702], [16.910870166666665, 78.661702], [16.91087, 78.661702], [16.910869666666667, 78.661702], [16.910869333333334, 78.66170183333334], [16.910868833333332, 78.661702], [16.9108685, 78.661702], [16.910868166666667, 78.661702], [16.910867833333334, 78.661702], [16.910867333333332, 78.661702], [16.910867, 78.661702], [16.910866666666667, 78.661702], [16.9108665, 78.661702], [16.910866, 78.661702], [16.910865666666666, 78.661702], [16.910865166666667, 78.661702], [16.910864666666665, 78.661702], [16.910864166666666, 78.661702], [16.9108635, 78.661702], [16.910863166666665, 78.661702], [16.910862666666667, 78.661702], [16.910862166666668, 78.661702], [16.9108615, 78.661702], [16.910860833333334, 78.661702], [16.910860166666666, 78.661702], [16.910859666666667, 78.661702], [16.91085916666667, 78.661702], [16.9108585, 78.661702], [16.910858, 78.661702], [16.910857500000002, 78.661702], [16.910857, 78.661702], [16.910856333333335, 78.661702], [16.910855833333336, 78.661702], [16.910855333333334, 78.661702], [16.910854833333335, 78.661702], [16.910854333333337, 78.66170183333334], [16.91085383333333, 78.66170183333334], [16.910853499999998, 78.66170183333334], [16.910852833333333, 78.66170183333334], [16.91085233333333, 78.66170183333334], [16.910851666666666, 78.66170166666667], [16.910850999999997, 78.66170166666667], [16.910850333333332, 78.66170149999999], [16.910849833333334, 78.66170149999999], [16.910849166666665, 78.66170149999999], [16.910849, 78.66170149999999], [16.910848333333334, 78.66170133333334], [16.91084783333333, 78.66170133333334], [16.910847166666667, 78.66170133333334], [16.910846499999998, 78.66170133333334], [16.910845833333333, 78.66170116666667], [16.910845166666665, 78.66170116666667], [16.9108445, 78.66170116666667], [16.910844, 78.661701], [16.9108435, 78.661701], [16.910843, 78.661701], [16.910842666666667, 78.661701], [16.910842, 78.66170083333333], [16.910841333333334, 78.66170083333333], [16.910840833333335, 78.66170083333333], [16.91084, 78.66170083333333], [16.910839333333335, 78.66170066666668], [16.910838666666667, 78.66170066666668], [16.910838000000002, 78.66170066666668], [16.9108375, 78.66170066666668], [16.910836833333335, 78.66170066666668], [16.910836333333336, 78.66170066666668], [16.910835666666667, 78.66170066666668], [16.910835000000002, 78.66170066666668], [16.910834, 78.66170066666668], [16.910833166666666, 78.66170066666668], [16.910832333333335, 78.66170066666668], [16.910831499999997, 78.66170066666668], [16.910830666666666, 78.66170066666668], [16.910829999999997, 78.66170066666668], [16.910829166666666, 78.66170066666668], [16.910828499999997, 78.66170066666668], [16.910827833333332, 78.66170066666668], [16.910827166666664, 78.66170066666668], [16.910826333333333, 78.66170066666668], [16.910825499999998, 78.66170066666668], [16.910824833333333, 78.66170066666668], [16.910824166666664, 78.66170066666668], [16.910823333333333, 78.66170083333333], [16.910822666666665, 78.66170083333333], [16.910822, 78.66170083333333], [16.9108215, 78.66170083333333], [16.910821, 78.66170083333333], [16.9108205, 78.66170083333333], [16.910819833333335, 78.66170083333333], [16.910819166666666, 78.66170083333333], [16.9108185, 78.66170083333333], [16.910818, 78.661701], [16.910817166666668, 78.661701], [16.9108165, 78.661701], [16.910815666666668, 78.66170116666667], [16.910815, 78.66170116666667], [16.9108145, 78.66170116666667], [16.910814000000002, 78.66170116666667], [16.910813333333333, 78.66170116666667], [16.91081266666667, 78.66170116666667], [16.910812, 78.66170133333334], [16.9108115, 78.66170133333334], [16.910811000000002, 78.66170133333334], [16.9108105, 78.66170133333334], [16.91081, 78.66170149999999], [16.910809333333336, 78.66170149999999], [16.91080883333333, 78.66170149999999], [16.910808499999998, 78.66170149999999], [16.910807833333333, 78.66170149999999], [16.910807166666665, 78.66170149999999], [16.910806666666666, 78.66170149999999], [16.910806166666667, 78.66170166666667], [16.910805999999997, 78.66170166666667], [16.9108055, 78.66170166666667], [16.910805, 78.66170166666667], [16.910804499999998, 78.66170166666667], [16.910803833333333, 78.66170166666667], [16.910803333333334, 78.66170166666667], [16.910802999999998, 78.66170183333334], [16.9108025, 78.66170183333334], [16.910802, 78.661702], [16.910801499999998, 78.661702], [16.910801, 78.661702], [16.9108005, 78.661702], [16.9108, 78.661702], [16.910799333333333, 78.661702], [16.910799, 78.661702], [16.910798333333332, 78.66170216666666], [16.910798166666666, 78.66170216666666], [16.910797666666667, 78.66170233333334], [16.910797333333335, 78.66170233333334], [16.910796833333333, 78.66170233333334], [16.910796333333334, 78.66170233333334], [16.910795833333335, 78.66170233333334], [16.910795166666666, 78.66170233333334], [16.910794833333334, 78.66170233333334], [16.9107945, 78.6617025], [16.910794333333335, 78.6617025], [16.910794, 78.66170266666667], [16.910793666666667, 78.66170266666667], [16.910793166666668, 78.66170266666667], [16.91079266666667, 78.66170266666667], [16.910792, 78.66170266666667], [16.910791333333336, 78.66170283333332], [16.910790833333333, 78.66170283333332], [16.91079016666667, 78.661703], [16.91078966666667, 78.661703], [16.910789166666667, 78.661703], [16.91078866666667, 78.66170316666667], [16.910788, 78.66170316666667], [16.910787333333335, 78.66170316666667], [16.910786833333336, 78.66170316666667], [16.910786166666664, 78.66170316666667], [16.910785666666666, 78.66170316666667], [16.910785166666667, 78.66170316666667], [16.910784666666665, 78.66170333333334], [16.910784166666666, 78.66170333333334], [16.910783666666667, 78.66170333333334], [16.91078333333333, 78.66170333333334], [16.910782666666666, 78.66170333333334], [16.910782333333334, 78.6617035], [16.91078183333333, 78.6617035], [16.910781166666666, 78.6617035], [16.910780666666668, 78.6617035], [16.91078, 78.6617035], [16.910779333333334, 78.6617035], [16.910778666666666, 78.6617035], [16.910777833333334, 78.66170366666667], [16.910777166666666, 78.66170366666667], [16.910776666666667, 78.66170366666667], [16.91077616666667, 78.66170366666667], [16.910775666666666, 78.66170366666667], [16.910775, 78.66170366666667], [16.910774333333332, 78.66170366666667], [16.910773666666667, 78.66170366666667], [16.91077316666667, 78.66170366666667], [16.910772666666666, 78.66170383333333], [16.910772166666668, 78.66170383333333], [16.91077166666667, 78.66170383333333], [16.910771, 78.66170383333333], [16.9107705, 78.66170383333333], [16.91077016666667, 78.661704], [16.9107695, 78.661704], [16.910769000000002, 78.66170383333333], [16.910768333333333, 78.66170383333333], [16.91076766666667, 78.66170383333333], [16.91076716666667, 78.66170383333333], [16.910766333333335, 78.66170383333333], [16.9107655, 78.66170383333333], [16.910765166666668, 78.66170383333333], [16.91076466666667, 78.66170383333333], [16.910763999999997, 78.66170383333333], [16.910763333333332, 78.66170383333333], [16.910762666666667, 78.66170383333333], [16.910762166666665, 78.66170383333333], [16.910761833333332, 78.66170383333333], [16.910761166666667, 78.66170383333333], [16.9107605, 78.66170383333333], [16.910759666666667, 78.66170383333333], [16.91075933333333, 78.66170383333333], [16.910759, 78.66170366666667], [16.910758666666666, 78.66170366666667], [16.910758166666668, 78.66170366666667], [16.910757666666665, 78.66170366666667], [16.910757166666667, 78.66170366666667], [16.910756833333334, 78.66170366666667], [16.910756499999998, 78.6617035], [16.910756166666665, 78.6617035], [16.910755666666667, 78.6617035], [16.910755166666668, 78.6617035], [16.9107545, 78.6617035], [16.910754, 78.6617035], [16.91075366666667, 78.6617035], [16.910753166666666, 78.66170333333334], [16.910752666666667, 78.66170333333334], [16.910752, 78.66170333333334], [16.9107515, 78.66170333333334], [16.910751, 78.66170333333334], [16.9107505, 78.66170316666667], [16.910750166666666, 78.66170316666667], [16.9107495, 78.66170316666667], [16.91074916666667, 78.661703], [16.910748666666667, 78.661703], [16.910748166666668, 78.661703], [16.910747833333335, 78.661703], [16.910747333333333, 78.66170283333332], [16.910746833333334, 78.66170283333332], [16.91074616666667, 78.66170266666667], [16.9107455, 78.66170266666667], [16.91074516666667, 78.66170266666667], [16.9107445, 78.6617025], [16.910744, 78.6617025], [16.910743500000002, 78.66170233333334], [16.910743, 78.66170233333334], [16.910742666666668, 78.66170233333334], [16.91074216666667, 78.66170216666666], [16.910741499999997, 78.66170216666666], [16.910740999999998, 78.66170216666666], [16.910740333333333, 78.661702], [16.910739999999997, 78.661702], [16.910739666666665, 78.661702], [16.910739166666666, 78.661702], [16.910738666666667, 78.66170183333334], [16.91073833333333, 78.66170183333334], [16.910738, 78.66170166666667], [16.9107375, 78.66170166666667], [16.91073683333333, 78.66170166666667], [16.910736, 78.66170166666667], [16.910735499999998, 78.66170166666667], [16.910735166666665, 78.66170149999999], [16.910734666666666, 78.66170149999999], [16.910734166666668, 78.66170149999999], [16.9107335, 78.66170149999999], [16.910733166666667, 78.66170133333334], [16.910732833333334, 78.66170133333334], [16.910732333333332, 78.66170116666667], [16.910731666666667, 78.66170116666667], [16.910731166666668, 78.66170116666667], [16.910730833333332, 78.661701], [16.9107305, 78.661701], [16.91073, 78.661701], [16.9107295, 78.66170083333333], [16.910728833333334, 78.66170083333333], [16.91072816666667, 78.66170083333333], [16.910727666666666, 78.66170066666668], [16.910727166666668, 78.66170066666668], [16.910727, 78.66170066666668], [16.9107265, 78.66170066666668], [16.910725833333334, 78.66170050000001], [16.91072516666667, 78.66170050000001], [16.910724666666667, 78.66170050000001], [16.910724000000002, 78.66170050000001], [16.910723166666667, 78.66170033333333], [16.91072266666667, 78.66170033333333], [16.910722, 78.66170033333333], [16.9107215, 78.66170033333333], [16.910721000000002, 78.66170016666666], [16.910720333333334, 78.66170016666666], [16.91071966666667, 78.66170016666666], [16.91071883333333, 78.66170016666666], [16.910718166666665, 78.66170016666666], [16.910717499999997, 78.66170000000001], [16.910716999999998, 78.66170000000001], [16.910716166666667, 78.66170000000001], [16.910715666666665, 78.66170000000001], [16.910715, 78.66170000000001], [16.910714666666667, 78.66170000000001], [16.910714, 78.66170000000001], [16.910713166666667, 78.66170000000001], [16.9107125, 78.66170000000001], [16.910712, 78.66169983333333], [16.910711833333334, 78.66169983333333], [16.91071133333333, 78.66169983333333], [16.910710666666667, 78.66169983333333], [16.910709999999998, 78.66169983333333], [16.910709333333333, 78.66169983333333], [16.910708833333334, 78.66169983333333], [16.910708333333332, 78.66169983333333], [16.910707833333333, 78.66169983333333], [16.91070716666667, 78.66169966666666], [16.910706666666666, 78.66169966666666], [16.910706333333334, 78.66169966666666], [16.910705833333335, 78.66169966666666], [16.910705333333333, 78.66169966666666], [16.910704666666668, 78.66169966666666], [16.91070416666667, 78.66169966666666], [16.910703833333333, 78.66169966666666], [16.9107035, 78.66169966666666], [16.910703, 78.66169966666666], [16.9107025, 78.66169966666666], [16.910702166666667, 78.66169966666666], [16.910701666666668, 78.66169966666666], [16.910701500000002, 78.66169966666666], [16.910701, 78.66169983333333], [16.9107005, 78.66169983333333], [16.910699833333336, 78.66169983333333], [16.9106995, 78.66169983333333], [16.910699333333334, 78.66169983333333], [16.910699166666667, 78.66169983333333], [16.91069866666667, 78.66169983333333], [16.910698333333336, 78.66170000000001], [16.910698, 78.66170000000001], [16.910697833333334, 78.66170000000001], [16.9106975, 78.66170000000001], [16.910697333333335, 78.66170000000001], [16.91069716666667, 78.66170000000001], [16.910697000000003, 78.66170000000001], [16.910696833333336, 78.66170000000001], [16.91069666666667, 78.66170016666666], [16.910696499999997, 78.66170000000001], [16.910696166666664, 78.66170000000001], [16.91069583333333, 78.66170000000001], [16.910695666666665, 78.66170000000001], [16.9106955, 78.66170000000001], [16.910695333333333, 78.66170000000001], [16.910694999999997, 78.66170000000001], [16.910694499999998, 78.66170000000001], [16.910694333333332, 78.66170000000001], [16.910694, 78.66170000000001], [16.910693666666667, 78.66170000000001], [16.910693499999997, 78.66169983333333], [16.91069333333333, 78.66169983333333], [16.910692833333332, 78.66169983333333], [16.910692666666666, 78.66169983333333], [16.910692333333333, 78.66169983333333], [16.910691999999997, 78.66169983333333], [16.910691666666665, 78.66169983333333], [16.9106915, 78.66169983333333], [16.910691166666666, 78.66169983333333], [16.910690666666667, 78.66169983333333], [16.91069033333333, 78.66169983333333], [16.910690166666665, 78.66169983333333], [16.910690166666665, 78.66169983333333], [16.910689666666666, 78.66169983333333], [16.910689333333334, 78.66169983333333], [16.91068883333333, 78.66169983333333], [16.910688666666665, 78.66169983333333], [16.910688333333333, 78.66169983333333], [16.910687833333334, 78.66169983333333], [16.910687499999998, 78.66169966666666], [16.910687333333332, 78.66169966666666], [16.910687, 78.66169966666666], [16.910686833333333, 78.6616995], [16.9106865, 78.6616995], [16.910686166666668, 78.6616995], [16.910685666666666, 78.6616995], [16.910685333333333, 78.6616995], [16.910684833333335, 78.6616995], [16.9106845, 78.6616995], [16.910684166666666, 78.6616995], [16.910683833333334, 78.6616995], [16.910683666666667, 78.6616995], [16.91068316666667, 78.6616995], [16.910682833333333, 78.6616995], [16.9106825, 78.6616995], [16.910682166666668, 78.66169933333335], [16.910682, 78.66169933333335], [16.910681833333335, 78.66169933333335], [16.91068166666667, 78.66169933333335], [16.9106815, 78.66169933333335], [16.910681166666667, 78.66169933333335], [16.910681, 78.66169933333335], [16.910680833333334, 78.66169933333335], [16.9106805, 78.66169933333335], [16.910680333333335, 78.66169933333335], [16.910679833333333, 78.66169933333335], [16.9106795, 78.66169933333335], [16.910679000000002, 78.66169933333335], [16.91067866666667, 78.66169933333335], [16.9106785, 78.6616995], [16.910678166666667, 78.6616995], [16.91067766666667, 78.6616995], [16.910677333333336, 78.6616995], [16.910677333333336, 78.6616995], [16.91067766666667, 78.6616995], [16.910678833333336, 78.66169966666666], [16.91068, 78.66169983333333], [16.910681833333335, 78.66170000000001], [16.910683666666667, 78.66170016666666], [16.910686, 78.66170033333333], [16.910688333333333, 78.66170033333333], [16.91069, 78.66170033333333], [16.910691333333332, 78.66170033333333], [16.910692333333333, 78.66170033333333], [16.91069333333333, 78.66170033333333], [16.910694166666666, 78.66170033333333], [16.910695166666667, 78.66170033333333], [16.910695999999998, 78.66170033333333], [16.910697000000003, 78.66170050000001], [16.910697666666668, 78.66170050000001], [16.91069866666667, 78.66170050000001], [16.910699333333334, 78.66170050000001], [16.910700000000002, 78.66170066666668], [16.910700666666667, 78.66170066666668], [16.910701666666668, 78.661701], [16.910703, 78.66170133333334], [16.9107045, 78.66170166666667], [16.910706, 78.661702], [16.910707333333335, 78.66170233333334], [16.910708666666668, 78.6617025], [16.910709833333332, 78.66170283333332], [16.910711166666665, 78.66170316666667], [16.9107125, 78.66170333333334], [16.910713666666666, 78.66170366666667], [16.910714666666667, 78.66170383333333], [16.91071583333333, 78.66170416666667], [16.910716999999998, 78.66170433333333], [16.91071833333333, 78.6617045], [16.910719833333335, 78.66170483333333], [16.910721666666667, 78.661705], [16.910724000000002, 78.66170516666666], [16.910726333333333, 78.66170533333334], [16.9107285, 78.66170533333334], [16.9107305, 78.6617055], [16.910732499999998, 78.66170566666666], [16.9107345, 78.66170566666666], [16.9107365, 78.66170583333333], [16.91073833333333, 78.66170600000001], [16.910740166666667, 78.66170616666666], [16.910742000000003, 78.66170616666666], [16.910743500000002, 78.66170633333333], [16.910745333333335, 78.66170650000001], [16.910747333333333, 78.66170666666667], [16.910749, 78.66170666666667], [16.910750833333335, 78.66170683333333], [16.9107525, 78.66170683333333], [16.910754333333333, 78.66170699999999], [16.910756, 78.66170699999999], [16.910757666666665, 78.66170716666667], [16.91075933333333, 78.66170716666667], [16.910760999999997, 78.66170733333334], [16.910762666666667, 78.66170733333334], [16.91076416666667, 78.66170733333334], [16.910765833333336, 78.66170733333334], [16.910767333333336, 78.66170733333334], [16.910768833333336, 78.66170733333334], [16.91077016666667, 78.66170749999999], [16.9107715, 78.66170749999999], [16.910772833333333, 78.66170749999999], [16.910774166666666, 78.66170766666667], [16.9107755, 78.66170766666667], [16.910776833333333, 78.66170766666667], [16.910778333333333, 78.66170783333334], [16.910779666666667, 78.66170783333334], [16.910781, 78.66170783333334], [16.910782166666667, 78.66170783333334], [16.91078333333333, 78.66170783333334], [16.910784333333332, 78.66170783333334], [16.9107855, 78.661708], [16.91078666666667, 78.661708], [16.910787833333334, 78.661708], [16.910789166666667, 78.661708], [16.910790333333335, 78.661708], [16.910791500000002, 78.66170816666666], [16.91079266666667, 78.66170816666666], [16.910794, 78.66170816666666], [16.910795, 78.66170816666666], [16.910796, 78.66170816666666], [16.910797, 78.66170833333334], [16.910798166666666, 78.66170833333334], [16.910799166666667, 78.66170833333334], [16.910800166666668, 78.6617085], [16.910801166666666, 78.6617085], [16.910802333333333, 78.6617085], [16.910803333333334, 78.6617085], [16.910804499999998, 78.66170866666667], [16.9108055, 78.66170866666667], [16.9108065, 78.66170866666667], [16.910807499999997, 78.66170866666667], [16.910808499999998, 78.66170883333332], [16.910809500000003, 78.66170883333332], [16.910810333333334, 78.66170883333332], [16.910811333333335, 78.661709], [16.910812333333336, 78.661709], [16.910813333333333, 78.661709], [16.9108145, 78.661709], [16.910815333333336, 78.661709], [16.910816333333333, 78.66170916666667], [16.910817166666668, 78.66170916666667], [16.910818, 78.66170933333333], [16.910818666666668, 78.66170933333333], [16.910819333333333, 78.6617095], [16.91082, 78.66170966666667], [16.910820833333332, 78.66170966666667], [16.910821666666667, 78.66170983333333], [16.910822333333332, 78.66170983333333], [16.910823, 78.66171], [16.910823666666666, 78.66171], [16.910824333333334, 78.66171016666667], [16.910825, 78.66171016666667], [16.910825666666664, 78.66171033333333], [16.910826333333333, 78.66171033333333], [16.91082683333333, 78.6617105], [16.9108275, 78.6617105], [16.910828, 78.66171066666668], [16.910828499999997, 78.66171083333333], [16.910829, 78.66171083333333], [16.9108295, 78.661711], [16.910829999999997, 78.66171116666666], [16.910830333333333, 78.66171133333334], [16.910830666666666, 78.66171133333334], [16.910830999999998, 78.6617115], [16.910831499999997, 78.66171166666666], [16.910831833333337, 78.66171166666666], [16.91083216666667, 78.66171166666666], [16.9108325, 78.66171183333333], [16.910832833333334, 78.66171183333333], [16.910833166666666, 78.66171200000001], [16.910833333333336, 78.66171200000001], [16.91083366666667, 78.66171200000001], [16.910834166666667, 78.66171200000001], [16.9108345, 78.66171200000001], [16.910834833333336, 78.66171216666666], [16.910835333333335, 78.66171216666666], [16.910836, 78.66171216666666], [16.910836500000002, 78.66171216666666], [16.910837, 78.66171216666666], [16.9108375, 78.66171216666666], [16.910837666666666, 78.66171216666666], [16.910837833333336, 78.66171216666666], [16.910838000000002, 78.66171216666666], [16.910838166666668, 78.66171216666666], [16.9108385, 78.66171216666666], [16.910838666666667, 78.66171216666666], [16.910839, 78.66171216666666], [16.910839166666666, 78.66171233333333], [16.910839333333335, 78.66171233333333], [16.910839333333335, 78.66171233333333], [16.9108395, 78.66171250000001], [16.910839666666668, 78.66171250000001], [16.910839833333334, 78.66171250000001], [16.91084, 78.66171250000001], [16.910840333333333, 78.66171266666667], [16.9108405, 78.66171266666667], [16.9108405, 78.66171266666667], [16.910840666666665, 78.66171283333333], [16.910840666666665, 78.66171283333333], [16.910840666666665, 78.66171299999999], [16.910840833333335, 78.66171299999999], [16.910840833333335, 78.66171299999999], [16.910840833333335, 78.66171316666667], [16.910840666666665, 78.66171316666667], [16.910840833333335, 78.66171316666667], [16.910840833333335, 78.66171316666667], [16.910840666666665, 78.66171333333334], [16.9108405, 78.66171333333334], [16.910840166666667, 78.66171333333334], [16.91084, 78.66171349999999], [16.910839666666668, 78.66171349999999], [16.9108395, 78.66171349999999], [16.910839333333335, 78.66171349999999], [16.910839, 78.66171366666667], [16.910838666666667, 78.66171366666667], [16.9108385, 78.66171366666667], [16.9108385, 78.66171366666667], [16.910838333333334, 78.66171366666667], [16.910837833333336, 78.66171383333334], [16.910837333333333, 78.66171383333334], [16.910837, 78.66171383333334], [16.91083666666667, 78.66171383333334], [16.910836333333336, 78.66171383333334], [16.910836, 78.66171383333334], [16.9108355, 78.661714], [16.910835000000002, 78.661714], [16.910834666666666, 78.661714], [16.910834166666667, 78.661714], [16.910833833333335, 78.661714], [16.910833500000003, 78.661714], [16.910833166666666, 78.661714], [16.910832666666668, 78.66171416666666], [16.910832333333335, 78.66171416666666], [16.910832000000003, 78.66171416666666], [16.910831833333337, 78.66171416666666], [16.91083133333333, 78.66171416666666], [16.910830999999998, 78.66171416666666], [16.9108305, 78.66171433333334], [16.910830333333333, 78.66171433333334], [16.910830166666663, 78.66171433333334], [16.91082983333333, 78.6617145], [16.9108295, 78.6617145], [16.910829166666666, 78.66171466666667], [16.910828666666664, 78.66171466666667], [16.91082833333333, 78.66171466666667], [16.910828166666665, 78.66171483333332], [16.910827666666666, 78.66171483333332], [16.910827333333334, 78.66171483333332], [16.910826666666665, 78.661715], [16.910826166666666, 78.661715], [16.910825499999998, 78.661715], [16.910825166666665, 78.661715], [16.9108245, 78.66171516666667], [16.910823833333332, 78.66171516666667], [16.910823333333333, 78.66171533333333], [16.910822666666665, 78.66171533333333], [16.910821833333333, 78.6617155], [16.910821166666665, 78.6617155], [16.910820333333334, 78.66171566666667], [16.91082, 78.66171566666667], [16.9108195, 78.66171566666667], [16.910818833333334, 78.66171583333333], [16.9108185, 78.66171583333333], [16.910817833333333, 78.661716], [16.9108175, 78.661716], [16.910817, 78.66171616666666], [16.910816333333333, 78.66171616666666], [16.910815666666668, 78.66171616666666], [16.910815166666666, 78.66171633333333], [16.910814666666667, 78.6617165], [16.91081416666667, 78.6617165], [16.910813666666666, 78.66171666666668], [16.910813166666667, 78.66171666666668], [16.91081266666667, 78.66171683333333], [16.910812, 78.66171683333333], [16.910811333333335, 78.661717], [16.910810833333336, 78.66171716666666], [16.910810333333334, 78.66171716666666], [16.91081, 78.66171733333334], [16.910809833333335, 78.66171733333334], [16.910809500000003, 78.6617175], [16.910808999999997, 78.66171766666666], [16.910808666666664, 78.66171766666666], [16.910808166666666, 78.66171766666666], [16.910807666666663, 78.66171783333333], [16.91080733333333, 78.66171800000001], [16.910806833333332, 78.66171800000001], [16.9108065, 78.66171816666666], [16.910806166666667, 78.66171833333333], [16.910805999999997, 78.66171833333333], [16.9108055, 78.6617185], [16.910805166666666, 78.6617185], [16.910804666666667, 78.66171866666667], [16.910804166666665, 78.66171866666667], [16.910803666666666, 78.66171883333332], [16.910803166666668, 78.66171899999999], [16.91080283333333, 78.66171916666667], [16.910802666666665, 78.66171933333334], [16.910802333333333, 78.66171949999999], [16.910801833333334, 78.66171966666667], [16.910801333333332, 78.66171966666667], [16.910800833333333, 78.66171983333334], [16.910800333333334, 78.66172], [16.910799833333332, 78.66172], [16.910799333333333, 78.66172016666665], [16.91079866666667, 78.66172033333334], [16.910798333333332, 78.6617205], [16.910798, 78.6617205], [16.9107975, 78.6617205], [16.910796833333333, 78.66172066666667], [16.910796, 78.66172066666667], [16.9107955, 78.66172066666667], [16.910795, 78.66172083333332], [16.910794333333335, 78.661721], [16.910793666666667, 78.66172116666667], [16.910793166666668, 78.66172116666667], [16.9107925, 78.66172133333333], [16.910792, 78.66172133333333], [16.910791333333336, 78.66172133333333], [16.9107905, 78.66172150000001], [16.91078966666667, 78.66172150000001], [16.910789166666667, 78.66172166666666], [16.91078866666667, 78.66172183333333], [16.91078816666667, 78.66172183333333], [16.9107875, 78.661722], [16.910786833333336, 78.661722], [16.910786166666664, 78.66172216666668], [16.9107855, 78.66172216666668], [16.910784666666665, 78.66172216666668], [16.910783833333333, 78.66172216666668], [16.910783, 78.66172233333333], [16.9107825, 78.66172233333333], [16.91078183333333, 78.6617225], [16.910781, 78.6617225], [16.91078033333333, 78.6617225], [16.910779333333334, 78.66172266666668], [16.9107785, 78.66172266666668], [16.910777666666668, 78.66172266666668], [16.910776833333333, 78.66172266666668], [16.91077616666667, 78.66172283333334], [16.9107755, 78.66172283333334], [16.910774833333335, 78.66172283333334], [16.910774, 78.66172283333334], [16.910773333333335, 78.661723], [16.9107725, 78.661723], [16.910771833333335, 78.661723], [16.910771166666667, 78.661723], [16.9107705, 78.661723], [16.910769833333333, 78.661723], [16.910769166666668, 78.661723], [16.910768833333336, 78.661723], [16.910768333333333, 78.661723], [16.910768, 78.661723], [16.910767500000002, 78.661723], [16.910766833333334, 78.661723], [16.9107665, 78.661723], [16.910766000000002, 78.661723], [16.9107655, 78.661723], [16.910765, 78.661723], [16.910764500000003, 78.661723], [16.910763999999997, 78.661723], [16.910763166666666, 78.661723], [16.910762666666667, 78.661723], [16.910762166666665, 78.66172283333334], [16.910761666666666, 78.66172283333334], [16.910761166666667, 78.66172283333334], [16.9107605, 78.66172283333334], [16.91076, 78.66172283333334], [16.91075933333333, 78.66172283333334], [16.9107585, 78.66172266666668], [16.91075783333333, 78.66172266666668], [16.910757166666667, 78.66172266666668], [16.910756666666668, 78.66172266666668], [16.910756166666665, 78.66172266666668], [16.910755666666667, 78.66172266666668], [16.910754999999998, 78.66172266666668], [16.910754166666667, 78.66172266666668], [16.9107535, 78.66172266666668], [16.910752833333333, 78.66172266666668], [16.9107525, 78.66172266666668], [16.910751833333332, 78.6617225], [16.910751, 78.6617225], [16.9107505, 78.6617225], [16.910749833333334, 78.6617225], [16.91074916666667, 78.6617225], [16.910748666666667, 78.6617225], [16.910747833333335, 78.6617225], [16.910747166666667, 78.6617225], [16.910746500000002, 78.6617225], [16.910746, 78.6617225], [16.910745666666667, 78.6617225], [16.910745333333335, 78.66172233333333], [16.9107445, 78.66172233333333], [16.910743833333335, 78.66172233333333], [16.910743, 78.66172233333333], [16.9107425, 78.66172233333333], [16.91074216666667, 78.66172233333333], [16.91074166666667, 78.66172233333333], [16.910740833333332, 78.66172233333333], [16.910740166666667, 78.66172233333333], [16.910739666666665, 78.66172233333333], [16.910739166666666, 78.6617225], [16.910738666666667, 78.6617225], [16.910737833333332, 78.6617225], [16.910736999999997, 78.6617225], [16.910736333333332, 78.6617225], [16.910735833333334, 78.66172266666668], [16.91073533333333, 78.66172266666668], [16.910734666666666, 78.66172266666668], [16.910733999999998, 78.66172266666668], [16.910733333333333, 78.66172283333334], [16.910732833333334, 78.66172283333334], [16.910732499999998, 78.661723], [16.910731833333333, 78.661723], [16.910731333333334, 78.661723], [16.910730666666666, 78.66172316666666], [16.910730166666667, 78.66172316666666], [16.910729833333335, 78.66172316666666], [16.910729166666666, 78.66172333333334], [16.9107285, 78.66172333333334], [16.910728, 78.66172350000001], [16.9107275, 78.66172350000001], [16.910727, 78.66172350000001], [16.910726833333335, 78.66172366666666], [16.9107265, 78.66172366666666], [16.910726, 78.66172366666666], [16.9107255, 78.66172383333333], [16.910724833333333, 78.66172383333333], [16.910724166666668, 78.661724], [16.91072366666667, 78.661724], [16.910723166666667, 78.66172416666667], [16.910722833333335, 78.66172416666667], [16.910722500000002, 78.66172416666667], [16.910722, 78.66172433333332], [16.9107215, 78.66172433333332], [16.910721000000002, 78.6617245], [16.91072066666667, 78.6617245], [16.910720333333334, 78.66172466666667], [16.910719833333335, 78.66172466666667], [16.910719333333336, 78.66172483333334], [16.910718999999997, 78.66172483333334], [16.910718499999998, 78.66172499999999], [16.91071833333333, 78.66172499999999], [16.910718, 78.66172499999999], [16.910717833333333, 78.66172499999999], [16.910717499999997, 78.66172516666667], [16.91071733333333, 78.66172516666667], [16.910717166666664, 78.66172516666667], [16.910716999999998, 78.66172533333334], [16.910716666666666, 78.66172533333334], [16.9107165, 78.66172533333334], [16.910716166666667, 78.6617255], [16.910715999999997, 78.6617255], [16.91071583333333, 78.6617255], [16.910715666666665, 78.66172566666667], [16.910715666666665, 78.66172566666667], [16.910715666666665, 78.66172566666667], [16.9107155, 78.66172583333334], [16.910715, 78.66172583333334], [16.910714666666667, 78.66172583333334], [16.910714666666667, 78.661726], [16.910714666666667, 78.66172616666667], [16.91071433333333, 78.66172616666667], [16.910714166666665, 78.66172633333333], [16.910713833333332, 78.66172633333333], [16.9107135, 78.66172633333333], [16.910713333333334, 78.66172633333333], [16.910712999999998, 78.6617265], [16.910712666666665, 78.6617265], [16.910712166666666, 78.66172666666667], [16.910711499999998, 78.66172666666667], [16.910711, 78.66172666666667], [16.9107105, 78.66172683333333], [16.910710166666668, 78.66172683333333], [16.910709666666666, 78.66172683333333], [16.910708833333334, 78.66172683333333], [16.910708166666666, 78.661727], [16.9107075, 78.661727], [16.91070716666667, 78.661727], [16.910706666666666, 78.66172716666667], [16.910706333333334, 78.66172716666667], [16.910705833333335, 78.66172716666667], [16.910705333333333, 78.66172716666667], [16.910704833333334, 78.66172716666667], [16.9107045, 78.66172733333333], [16.91070416666667, 78.66172750000001], [16.910703833333333, 78.66172750000001], [16.910703333333334, 78.66172766666666], [16.910702833333335, 78.66172783333333], [16.9107025, 78.66172783333333], [16.910702, 78.66172783333333], [16.910701500000002, 78.66172783333333], [16.910701, 78.661728], [16.9107005, 78.661728], [16.910699833333336, 78.66172816666668], [16.910699333333334, 78.66172833333333], [16.910698833333335, 78.6617285], [16.910698333333336, 78.6617285], [16.910697666666668, 78.66172866666668], [16.91069716666667, 78.66172866666668], [16.910696499999997, 78.66172883333334], [16.910695999999998, 78.661729], [16.9106955, 78.661729], [16.910694666666664, 78.66172916666666], [16.910693833333333, 78.66172916666666], [16.910693166666665, 78.66172933333334], [16.9106925, 78.66172933333334], [16.910691999999997, 78.6617295], [16.9106915, 78.6617295], [16.910691166666666, 78.66172966666666], [16.910691333333332, 78.66172983333333], [16.910692333333333, 78.66173], [16.910694, 78.66173033333332], [16.91069633333333, 78.66173066666667], [16.910700000000002, 78.66173099999999], [16.9107035, 78.66173116666667], [16.9107065, 78.66173133333334], [16.910709999999998, 78.66173133333334], [16.910713166666667, 78.66173133333334], [16.9107165, 78.6617315], [16.910719500000003, 78.66173133333334], [16.91072216666667, 78.66173116666667], [16.910724333333334, 78.66173099999999], [16.910726833333335, 78.66173099999999], [16.910728833333334, 78.66173066666667], [16.910730666666666, 78.6617305], [16.910732333333332, 78.66173016666667], [16.91073383333333, 78.66173], [16.910735666666667, 78.66172983333333], [16.910737166666667, 78.66172966666666], [16.910738833333333, 78.66172933333334], [16.9107405, 78.66172916666666], [16.910742333333335, 78.661729], [16.910743833333335, 78.66172883333334], [16.910745833333333, 78.6617285], [16.910747333333333, 78.66172833333333], [16.910748833333333, 78.661728], [16.910750333333333, 78.66172783333333], [16.910752, 78.66172750000001], [16.91075366666667, 78.66172716666667], [16.9107555, 78.66172683333333], [16.910757166666667, 78.6617265], [16.910758833333333, 78.66172616666667], [16.910760166666666, 78.66172566666667], [16.910761666666666, 78.66172533333334], [16.910763, 78.66172499999999], [16.91076416666667, 78.66172466666667], [16.910765166666668, 78.66172416666667], [16.91076616666667, 78.66172383333333], [16.910767, 78.66172350000001], [16.910767833333335, 78.66172316666666], [16.91076866666667, 78.66172283333334], [16.910769166666668, 78.66172233333333], [16.910769666666667, 78.661722], [16.91077016666667, 78.66172166666666], [16.910770666666668, 78.66172133333333], [16.9107715, 78.661721], [16.910772, 78.66172066666667], [16.9107725, 78.66172033333334], [16.91077316666667, 78.66172016666665], [16.910773833333334, 78.66171983333334], [16.910774333333332, 78.66171949999999], [16.910774833333335, 78.66171933333334], [16.910775333333333, 78.66171899999999], [16.910776, 78.66171883333332], [16.9107765, 78.6617185], [16.910777166666666, 78.66171816666666], [16.910777833333334, 78.66171800000001], [16.9107785, 78.66171766666666], [16.910778999999998, 78.6617175], [16.9107795, 78.66171716666666], [16.910779833333333, 78.661717], [16.91078033333333, 78.66171666666668], [16.910780666666668, 78.66171633333333], [16.910780833333334, 78.66171616666666], [16.910781166666666, 78.66171583333333], [16.9107815, 78.66171566666667], [16.910781999999998, 78.66171533333333], [16.910782333333334, 78.66171516666667], [16.910782333333334, 78.66171483333332], [16.9107825, 78.6617145], [16.910782666666666, 78.66171433333334], [16.910782666666666, 78.661714], [16.910782666666666, 78.66171383333334], [16.9107825, 78.66171366666667], [16.9107825, 78.66171333333334], [16.910782833333332, 78.66171299999999], [16.910782833333332, 78.66171283333333], [16.910782666666666, 78.66171266666667], [16.910782666666666, 78.66171233333333], [16.910782833333332, 78.66171216666666], [16.910782833333332, 78.66171183333333], [16.910783, 78.66171166666666], [16.910782833333332, 78.6617115], [16.910783, 78.66171133333334], [16.910782833333332, 78.661711], [16.910783, 78.66171083333333], [16.910783, 78.66171066666668], [16.910782833333332, 78.6617105], [16.910782833333332, 78.66171016666667], [16.910782833333332, 78.66171], [16.910783, 78.66170983333333], [16.910782833333332, 78.66170966666667], [16.910783, 78.6617095], [16.910783, 78.66170933333333], [16.910783, 78.66170916666667], [16.910783, 78.661709], [16.910783, 78.66170883333332], [16.910783, 78.6617085], [16.910783, 78.66170833333334], [16.910782833333332, 78.66170816666666], [16.910782666666666, 78.661708], [16.910782666666666, 78.66170783333334], [16.9107825, 78.66170766666667], [16.9107825, 78.66170749999999], [16.910782333333334, 78.66170733333334], [16.910782333333334, 78.66170733333334], [16.910782166666667, 78.66170716666667], [16.910782333333334, 78.66170699999999], [16.910782166666667, 78.66170683333333], [16.910782166666667, 78.66170666666667], [16.910781999999998, 78.66170650000001], [16.910782166666667, 78.66170633333333], [16.910781999999998, 78.66170616666666], [16.910781666666665, 78.66170600000001], [16.9107815, 78.66170583333333], [16.910781333333333, 78.66170566666666], [16.910781166666666, 78.6617055], [16.910781333333333, 78.66170533333334], [16.910781333333333, 78.66170516666666], [16.910781166666666, 78.661705], [16.910780833333334, 78.66170483333333], [16.910780833333334, 78.66170466666668], [16.91078033333333, 78.6617045], [16.91078033333333, 78.66170433333333], [16.910780166666665, 78.66170433333333], [16.910779833333333, 78.661704], [16.910779666666667, 78.66170383333333], [16.9107795, 78.66170366666667], [16.910779333333334, 78.66170366666667], [16.910779166666668, 78.6617035], [16.910778666666666, 78.66170333333334], [16.9107785, 78.66170316666667], [16.910778166666667, 78.661703], [16.910778, 78.66170283333332], [16.910777666666668, 78.6617025], [16.910777333333332, 78.66170233333334], [16.910777, 78.66170216666666], [16.910776666666667, 78.661702], [16.910776333333335, 78.66170183333334], [16.910776, 78.66170166666667], [16.9107755, 78.66170149999999], [16.910775333333333, 78.66170116666667], [16.910775166666667, 78.661701], [16.910774833333335, 78.66170083333333], [16.910774333333332, 78.66170066666668], [16.910774, 78.66170050000001], [16.9107735, 78.66170033333333], [16.91077316666667, 78.66170016666666], [16.910772833333333, 78.66170000000001], [16.910772333333334, 78.66169983333333], [16.910772, 78.66169966666666], [16.9107715, 78.6616995], [16.910771, 78.66169933333335], [16.910770666666668, 78.66169916666666], [16.910770333333335, 78.661699], [16.91077, 78.66169883333333], [16.910769666666667, 78.66169866666668], [16.910769166666668, 78.6616985], [16.9107685, 78.66169833333333], [16.910768166666667, 78.66169816666667], [16.91076766666667, 78.66169816666667], [16.910767333333336, 78.66169799999999], [16.910766833333334, 78.66169783333333], [16.910766333333335, 78.6616975], [16.910765833333336, 78.66169733333332], [16.910765333333334, 78.66169716666667], [16.910765, 78.661697], [16.910764500000003, 78.66169683333332], [16.91076383333333, 78.66169666666666], [16.910763333333332, 78.66169633333334], [16.910762499999997, 78.66169616666666], [16.910762166666665, 78.66169599999999], [16.9107615, 78.66169583333334], [16.91076083333333, 78.66169566666667], [16.910760166666666, 78.66169533333333], [16.91075933333333, 78.66169516666668], [16.9107585, 78.661695], [16.910757666666665, 78.66169483333333], [16.910757, 78.66169466666666], [16.910756166666665, 78.66169450000001], [16.910755166666668, 78.66169433333333], [16.910754166666667, 78.66169416666666], [16.910753333333332, 78.661694], [16.910752666666667, 78.66169383333333], [16.910752, 78.66169366666666], [16.910751, 78.6616935], [16.91075, 78.66169333333333], [16.910749, 78.66169316666667], [16.910748166666668, 78.661693], [16.9107475, 78.66169283333333], [16.910746500000002, 78.66169266666667], [16.910745666666667, 78.6616925], [16.91074466666667, 78.66169233333333], [16.91074366666667, 78.66169216666667], [16.9107425, 78.66169199999999], [16.910741499999997, 78.66169183333334], [16.910740333333333, 78.66169166666667], [16.9107395, 78.6616915], [16.91073833333333, 78.66169133333332], [16.910737333333334, 78.66169133333332], [16.910736333333332, 78.66169116666667], [16.910735499999998, 78.661691], [16.910734666666666, 78.66169083333332], [16.9107335, 78.66169066666666], [16.910732499999998, 78.66169066666666], [16.9107315, 78.6616905], [16.910730666666666, 78.66169033333334], [16.9107295, 78.66169016666666], [16.9107285, 78.66169], [16.9107275, 78.66169], [16.9107265, 78.66168983333334], [16.910725333333335, 78.66168983333334], [16.910724166666668, 78.66168966666667], [16.910723333333333, 78.6616895], [16.910722500000002, 78.66168933333333], [16.9107215, 78.66168933333333], [16.910720333333334, 78.66168916666668], [16.91071916666667, 78.661689], [16.910718, 78.661689], [16.910716833333332, 78.66168883333333], [16.91071583333333, 78.66168883333333], [16.910714833333333, 78.66168866666666], [16.910713833333332, 78.66168866666666], [16.91071283333333, 78.66168850000001], [16.910711666666668, 78.66168833333333], [16.910710666666667, 78.66168816666666], [16.910709666666666, 78.661688], [16.9107085, 78.66168783333333], [16.91070716666667, 78.66168783333333], [16.91070566666667, 78.66168766666667], [16.9107035, 78.66168766666667], [16.910701333333336, 78.6616875], [16.910698500000002, 78.66168733333333], [16.910695166666667, 78.66168716666667], [16.910691, 78.661687], [16.910685833333332, 78.66168733333333], [16.910680833333334, 78.66168716666667], [16.9106755, 78.6616875], [16.910670333333332, 78.6616875], [16.910665166666668, 78.661688], [16.910660166666666, 78.66168850000001], [16.910656, 78.66168933333333], [16.91065133333333, 78.66169], [16.910647833333332, 78.661691], [16.910645166666665, 78.66169183333334], [16.9106435, 78.66169283333333], [16.910642, 78.661694], [16.910641166666668, 78.66169483333333], [16.910640833333332, 78.66169583333334], [16.910641166666668, 78.6616965], [16.910641666666667, 78.66169766666667], [16.910643999999998, 78.6616985], [16.910646333333332, 78.6616995], [16.910648833333333, 78.66170016666666], [16.910651166666664, 78.66170083333333], [16.910654166666667, 78.66170133333334], [16.910656833333334, 78.66170183333334], [16.910659333333335, 78.66170216666666], [16.91066216666667, 78.66170233333334], [16.910664, 78.6617025], [16.91066633333333, 78.66170266666667], [16.910668833333332, 78.66170266666667], [16.910671333333333, 78.66170266666667], [16.910674333333336, 78.6617025], [16.910677833333335, 78.66170233333334], [16.9106805, 78.66170216666666], [16.91068316666667, 78.66170216666666], [16.9106855, 78.66170216666666], [16.910687833333334, 78.661702], [16.910689833333333, 78.661702], [16.910692333333333, 78.66170183333334], [16.910694666666664, 78.66170183333334], [16.910697000000003, 78.66170183333334], [16.91069966666667, 78.661702], [16.910702166666667, 78.661702], [16.910704833333334, 78.66170216666666], [16.9107075, 78.66170216666666], [16.910710166666668, 78.66170233333334], [16.9107125, 78.6617025], [16.910715, 78.66170283333332], [16.91071733333333, 78.661703], [16.910719500000003, 78.66170316666667], [16.910721833333334, 78.66170333333334], [16.91072366666667, 78.6617035], [16.9107255, 78.66170383333333], [16.910727, 78.661704], [16.910728666666667, 78.66170416666667], [16.91073, 78.6617045], [16.910730833333332, 78.66170466666668], [16.910732, 78.66170483333333], [16.910733166666667, 78.66170516666666], [16.910734333333334, 78.66170533333334], [16.910735499999998, 78.66170566666666], [16.910736999999997, 78.66170600000001], [16.910738666666667, 78.66170633333333], [16.910740166666667, 78.66170666666667], [16.91074166666667, 78.66170716666667], [16.910742833333334, 78.66170749999999], [16.910744, 78.66170783333334], [16.910745000000002, 78.66170816666666], [16.91074616666667, 78.66170866666667], [16.910747166666667, 78.66170883333332], [16.910748166666668, 78.66170916666667], [16.910749, 78.6617095], [16.910749833333334, 78.66170966666667], [16.9107505, 78.66171], [16.910751333333334, 78.66171016666667], [16.910751833333332, 78.6617105], [16.910752333333335, 78.66171066666668], [16.910752833333333, 78.661711], [16.910753166666666, 78.66171116666666], [16.910753333333332, 78.66171133333334], [16.91075366666667, 78.66171166666666], [16.910754, 78.66171183333333], [16.910754166666667, 78.66171200000001], [16.910754166666667, 78.66171216666666], [16.910754166666667, 78.66171233333333], [16.910754166666667, 78.66171250000001], [16.9107545, 78.66171266666667], [16.910754666666666, 78.66171283333333], [16.910754833333332, 78.66171299999999], [16.910754833333332, 78.66171333333334], [16.910754999999998, 78.66171349999999], [16.910755166666668, 78.66171366666667], [16.910755166666668, 78.66171383333334], [16.9107555, 78.661714], [16.910755666666667, 78.66171416666666], [16.910756, 78.66171433333334], [16.910756166666665, 78.6617145], [16.910756499999998, 78.66171466666667], [16.910756833333334, 78.66171483333332], [16.910757166666667, 78.661715], [16.910757333333333, 78.66171516666667], [16.9107575, 78.66171533333333], [16.910757666666665, 78.6617155], [16.91075783333333, 78.66171566666667], [16.910758166666668, 78.66171583333333], [16.910758333333334, 78.661716], [16.910758666666666, 78.66171616666666], [16.910758833333333, 78.66171633333333], [16.910759, 78.6617165], [16.910759, 78.6617165], [16.910759166666665, 78.66171666666668], [16.910759166666665, 78.66171683333333], [16.910759166666665, 78.66171683333333], [16.910759166666665, 78.661717], [16.910759166666665, 78.66171733333334], [16.910759166666665, 78.66171733333334], [16.910759, 78.6617175], [16.910758833333333, 78.66171766666666], [16.910758666666666, 78.66171783333333], [16.910758666666666, 78.66171783333333], [16.9107585, 78.66171783333333], [16.9107585, 78.66171783333333], [16.910758166666668, 78.66171800000001], [16.910757999999998, 78.66171800000001], [16.91075783333333, 78.66171800000001], [16.910757666666665, 78.66171816666666], [16.9107575, 78.66171816666666], [16.910757333333333, 78.66171833333333], [16.910757166666667, 78.6617185], [16.910756833333334, 78.66171866666667], [16.910756499999998, 78.66171883333332], [16.910756166666665, 78.66171899999999], [16.910756166666665, 78.66171899999999], [16.910755833333333, 78.66171916666667], [16.9107555, 78.66171933333334], [16.910755166666668, 78.66171949999999], [16.910754833333332, 78.66171966666667], [16.910754333333333, 78.66171983333334], [16.910754, 78.66172], [16.91075366666667, 78.66172016666665], [16.9107535, 78.66172033333334], [16.910753166666666, 78.6617205], [16.910752666666667, 78.66172066666667], [16.910752333333335, 78.66172066666667], [16.910752, 78.66172083333332], [16.9107515, 78.66172083333332], [16.910751, 78.661721], [16.910750333333333, 78.66172116666667], [16.91075, 78.66172116666667], [16.910749666666668, 78.66172133333333], [16.91074916666667, 78.66172150000001], [16.910748666666667, 78.66172150000001], [16.910748, 78.66172166666666], [16.9107475, 78.66172166666666], [16.910747, 78.66172183333333], [16.910746500000002, 78.66172183333333], [16.910746, 78.66172183333333], [16.910745333333335, 78.661722], [16.910744833333336, 78.661722], [16.9107445, 78.661722], [16.910744, 78.66172216666668], [16.910743500000002, 78.66172216666668], [16.910742833333334, 78.66172233333333], [16.910742333333335, 78.66172233333333], [16.910741833333336, 78.6617225], [16.91074166666667, 78.6617225], [16.910741166666664, 78.6617225], [16.910740833333332, 78.66172266666668], [16.910740333333333, 78.66172266666668], [16.91073983333333, 78.66172266666668], [16.9107395, 78.66172283333334], [16.910739333333332, 78.66172283333334], [16.910739, 78.661723], [16.910738666666667, 78.661723], [16.910738166666665, 78.66172316666666], [16.910737833333332, 78.66172316666666], [16.9107375, 78.66172316666666], [16.910736999999997, 78.66172316666666], [16.910736666666665, 78.66172316666666], [16.910736166666666, 78.66172316666666], [16.910735833333334, 78.66172333333334], [16.91073533333333, 78.66172333333334], [16.910734666666666, 78.66172350000001], [16.910733999999998, 78.66172350000001], [16.9107335, 78.66172350000001], [16.910733, 78.66172350000001], [16.910732499999998, 78.66172366666666], [16.910731666666667, 78.66172366666666], [16.910731166666668, 78.66172366666666], [16.910730666666666, 78.66172383333333], [16.910730166666667, 78.66172383333333], [16.9107295, 78.66172383333333], [16.910729, 78.661724], [16.910728333333335, 78.661724], [16.910727666666666, 78.66172416666667], [16.910727166666668, 78.66172416666667], [16.91072666666667, 78.66172433333332], [16.910726166666667, 78.66172433333332], [16.9107255, 78.66172433333332], [16.910725, 78.6617245], [16.910724666666667, 78.6617245], [16.910724000000002, 78.66172466666667], [16.91072366666667, 78.66172466666667], [16.910723166666667, 78.66172466666667], [16.910722500000002, 78.66172483333334], [16.910721833333334, 78.66172483333334], [16.9107215, 78.66172499999999], [16.91072066666667, 78.66172499999999], [16.910720166666668, 78.66172516666667], [16.910719500000003, 78.66172516666667], [16.910718999999997, 78.66172533333334], [16.91071833333333, 78.6617255], [16.910717499999997, 78.6617255], [16.910716666666666, 78.6617255], [16.91071583333333, 78.66172566666667], [16.910715, 78.66172566666667], [16.910714166666665, 78.66172583333334], [16.910713166666667, 78.661726], [16.910712333333333, 78.66172616666667], [16.910711833333334, 78.66172633333333], [16.910711166666665, 78.66172633333333], [16.9107105, 78.6617265], [16.910709833333332, 78.66172666666667], [16.910709333333333, 78.66172683333333], [16.910708666666668, 78.661727], [16.910708166666666, 78.661727], [16.910707333333335, 78.66172716666667], [16.910706666666666, 78.66172733333333], [16.910706166666667, 78.66172750000001], [16.91070566666667, 78.66172766666666], [16.910705333333333, 78.66172766666666], [16.910704666666668, 78.66172783333333], [16.910704, 78.661728], [16.910703166666668, 78.66172816666668], [16.9107025, 78.66172833333333], [16.910701833333334, 78.6617285], [16.91070116666667, 78.66172866666668], [16.910700666666667, 78.66172866666668], [16.91070016666667, 78.661729], [16.910699333333334, 78.66172916666666], [16.910698500000002, 78.66172933333334], [16.910698, 78.6617295], [16.910697333333335, 78.6617295], [16.910696833333336, 78.66172983333333], [16.910695999999998, 78.66172983333333], [16.910695333333333, 78.66173016666667], [16.91069483333333, 78.66173033333332], [16.910694333333332, 78.66173066666667], [16.910693833333333, 78.66173083333334], [16.910693166666665, 78.66173099999999], [16.910692666666666, 78.66173099999999], [16.910692333333333, 78.66173133333334], [16.910692166666667, 78.6617315], [16.910692833333332, 78.66173166666667], [16.910694666666664, 78.661732], [16.910697000000003, 78.66173233333333], [16.910698, 78.66173216666667], [16.9107005, 78.66173216666667], [16.910703333333334, 78.661732], [16.910705833333335, 78.66173183333333], [16.910708, 78.66173099999999], [16.910709666666666, 78.66173033333332], [16.910710833333333, 78.6617295], [16.910712999999998, 78.661729], [16.910714833333333, 78.6617285], [16.9107165, 78.66172816666668], [16.910718166666665, 78.66172766666666], [16.91071966666667, 78.66172733333333], [16.910720833333336, 78.66172683333333], [16.91072216666667, 78.6617265], [16.91072366666667, 78.66172616666667], [16.910725833333334, 78.661726], [16.910727833333333, 78.66172583333334], [16.91073, 78.6617255], [16.910732166666666, 78.6617255], [16.910734333333334, 78.66172533333334], [16.910736166666666, 78.66172516666667], [16.910737833333332, 78.66172499999999], [16.910739666666665, 78.66172483333334], [16.910741499999997, 78.66172466666667], [16.91074316666667, 78.6617245], [16.910744833333336, 78.66172416666667], [16.910746500000002, 78.661724], [16.910748166666668, 78.66172383333333], [16.9107495, 78.66172383333333], [16.910750833333335, 78.66172366666666], [16.910752, 78.66172350000001], [16.910753333333332, 78.66172316666666], [16.9107545, 78.661723], [16.910755833333333, 78.66172266666668], [16.910757, 78.6617225], [16.910758166666668, 78.66172216666668], [16.910759, 78.66172183333333], [16.91076, 78.66172166666666], [16.910760999999997, 78.66172133333333], [16.910762, 78.661721], [16.910763, 78.66172083333332], [16.910763999999997, 78.66172066666667], [16.910765, 78.66172033333334], [16.910766000000002, 78.66172016666665], [16.910766666666667, 78.66172], [16.910767500000002, 78.66171983333334], [16.9107685, 78.66171966666667], [16.910769333333334, 78.66171949999999], [16.91077016666667, 78.66171933333334], [16.910771, 78.66171916666667], [16.910771833333335, 78.66171899999999], [16.910772666666666, 78.66171883333332], [16.9107735, 78.66171866666667], [16.910774166666666, 78.66171866666667], [16.91077466666667, 78.6617185], [16.910775333333333, 78.66171816666666], [16.910775833333332, 78.66171816666666], [16.91077616666667, 78.66171800000001], [16.910776833333333, 78.66171783333333], [16.910777166666666, 78.66171766666666], [16.9107775, 78.6617175], [16.910777666666668, 78.6617175], [16.910778, 78.66171733333334], [16.910778333333333, 78.66171716666666], [16.9107785, 78.661717], [16.91077883333333, 78.66171683333333], [16.910778999999998, 78.66171666666668], [16.9107795, 78.6617165], [16.910779666666667, 78.66171633333333], [16.9107795, 78.66171616666666], [16.9107795, 78.661716], [16.910779666666667, 78.661716], [16.910779666666667, 78.66171583333333], [16.910779666666667, 78.66171566666667], [16.910779833333333, 78.66171566666667], [16.91078, 78.6617155], [16.91078033333333, 78.6617155], [16.910780499999998, 78.6617155], [16.910780833333334, 78.6617155], [16.910781166666666, 78.6617155], [16.9107815, 78.66171533333333], [16.910781999999998, 78.66171533333333], [16.910782166666667, 78.66171533333333], [16.9107825, 78.66171533333333], [16.910783, 78.66171533333333], [16.910783166666665, 78.66171533333333], [16.910783166666665, 78.66171533333333], [16.910783166666665, 78.66171533333333], [16.91078333333333, 78.66171533333333], [16.910783166666665, 78.66171533333333], [16.910783166666665, 78.66171533333333], [16.910783166666665, 78.66171533333333], [16.910783166666665, 78.66171516666667], [16.910783, 78.66171516666667], [16.910783, 78.66171516666667], [16.910782833333332, 78.661715], [16.910782666666666, 78.661715], [16.910782333333334, 78.661715], [16.910782166666667, 78.66171483333332], [16.910781999999998, 78.66171483333332], [16.91078183333333, 78.66171483333332], [16.910781666666665, 78.66171466666667], [16.910781333333333, 78.66171466666667], [16.910781, 78.66171466666667], [16.910780833333334, 78.66171466666667], [16.910780499999998, 78.66171466666667], [16.910780166666665, 78.66171466666667], [16.910779666666667, 78.6617145], [16.910779333333334, 78.6617145], [16.91077883333333, 78.6617145], [16.9107785, 78.66171433333334], [16.910778333333333, 78.66171433333334], [16.910778, 78.66171433333334], [16.910777666666668, 78.66171416666666], [16.910777166666666, 78.66171416666666], [16.910776833333333, 78.66171416666666], [16.9107765, 78.661714], [16.91077616666667, 78.661714], [16.910775666666666, 78.661714], [16.910775333333333, 78.661714], [16.910775, 78.661714], [16.9107745, 78.661714], [16.910774166666666, 78.66171383333334], [16.910773666666667, 78.66171383333334], [16.910773333333335, 78.66171383333334], [16.910772833333333, 78.66171383333334], [16.9107725, 78.66171383333334], [16.910771833333335, 78.66171383333334], [16.910771333333333, 78.66171383333334], [16.9107705, 78.66171383333334], [16.910769833333333, 78.66171383333334], [16.910769333333334, 78.66171383333334], [16.910768833333336, 78.66171383333334], [16.910768166666667, 78.66171366666667], [16.910767333333336, 78.66171366666667], [16.910766666666667, 78.66171366666667], [16.910766000000002, 78.66171366666667], [16.9107655, 78.66171349999999], [16.910765, 78.66171349999999], [16.910764333333336, 78.66171349999999], [16.91076383333333, 78.66171333333334], [16.910763166666666, 78.66171333333334], [16.910762833333333, 78.66171333333334], [16.910762166666665, 78.66171316666667], [16.910761666666666, 78.66171316666667], [16.910761166666667, 78.66171316666667], [16.910760666666665, 78.66171316666667], [16.910760166666666, 78.66171316666667], [16.910759666666667, 78.66171299999999], [16.910759166666665, 78.66171299999999], [16.910758666666666, 78.66171299999999], [16.910757999999998, 78.66171299999999], [16.9107575, 78.66171283333333], [16.910756666666668, 78.66171283333333], [16.910756, 78.66171283333333], [16.910754666666666, 78.66171266666667], [16.910753333333332, 78.66171266666667], [16.910752, 78.66171250000001], [16.910751333333334, 78.66171250000001], [16.91075066666667, 78.66171233333333], [16.910749833333334, 78.66171233333333], [16.910748833333333, 78.66171233333333], [16.910747833333335, 78.66171233333333], [16.910746833333334, 78.66171216666666], [16.910745666666667, 78.66171216666666], [16.9107445, 78.66171216666666], [16.91074316666667, 78.66171200000001], [16.910741833333336, 78.66171200000001], [16.910740666666666, 78.66171200000001], [16.910739666666665, 78.66171183333333], [16.91073833333333, 78.66171183333333], [16.910736999999997, 78.66171183333333], [16.910735833333334, 78.66171166666666], [16.910734666666666, 78.66171166666666], [16.9107335, 78.66171166666666], [16.910732333333332, 78.66171166666666], [16.910731, 78.6617115], [16.91073, 78.6617115], [16.910728833333334, 78.6617115], [16.910727666666666, 78.6617115], [16.910726333333333, 78.66171133333334], [16.91072516666667, 78.66171133333334], [16.910724000000002, 78.66171133333334], [16.910723, 78.66171133333334], [16.910721666666667, 78.66171133333334], [16.91072066666667, 78.66171133333334], [16.910719500000003, 78.66171133333334], [16.91071833333333, 78.66171133333334], [16.910717166666664, 78.66171133333334], [16.91071583333333, 78.66171133333334], [16.910714666666667, 78.66171133333334], [16.9107135, 78.66171116666666], [16.910712333333333, 78.66171116666666], [16.910710833333333, 78.66171116666666], [16.910709333333333, 78.66171116666666], [16.910708, 78.661711], [16.9107065, 78.661711], [16.910705166666666, 78.66171083333333], [16.910704, 78.66171066666668], [16.910702833333335, 78.66171066666668], [16.910701666666668, 78.66171066666668], [16.9107005, 78.6617105], [16.9106995, 78.6617105], [16.910698333333336, 78.66171033333333], [16.910697000000003, 78.66171033333333], [16.91069583333333, 78.66171016666667], [16.910694666666664, 78.66171016666667], [16.910693666666667, 78.66171], [16.9106925, 78.66171], [16.9106915, 78.66171], [16.910690499999998, 78.66171], [16.9106895, 78.66170983333333], [16.910688333333333, 78.66170983333333], [16.910687333333332, 78.66170983333333], [16.910686333333334, 78.66170966666667], [16.9106855, 78.66170966666667], [16.9106845, 78.6617095], [16.910683333333335, 78.6617095], [16.910682666666666, 78.6617095], [16.910681333333333, 78.66170933333333], [16.910680333333335, 78.66170933333333], [16.910679166666668, 78.66170916666667], [16.910678, 78.66170916666667], [16.910676833333333, 78.66170916666667], [16.9106755, 78.66170916666667], [16.910674333333336, 78.66170916666667], [16.910673, 78.66170916666667], [16.910671666666666, 78.66170916666667], [16.910670333333332, 78.66170916666667], [16.910669, 78.661709], [16.910667666666665, 78.66170916666667], [16.910666666666668, 78.66170916666667], [16.910665333333334, 78.66170916666667], [16.910663833333334, 78.66170916666667], [16.9106625, 78.661709], [16.910661166666667, 78.661709], [16.910659833333334, 78.661709], [16.910658666666667, 78.661709], [16.910657166666667, 78.661709], [16.910656, 78.661709], [16.910654833333336, 78.661709], [16.91065366666667, 78.661709], [16.9106525, 78.66170883333332], [16.910651166666664, 78.66170883333332], [16.910649999999997, 78.66170883333332], [16.910648166666665, 78.66170883333332], [16.910645833333334, 78.66170883333332], [16.910643333333333, 78.66170866666667], [16.910640833333332, 78.66170866666667], [16.910638, 78.66170866666667], [16.910635333333335, 78.66170883333332], [16.910632500000002, 78.66170883333332], [16.91062966666667, 78.661709], [16.910626833333332, 78.6617095], [16.9106235, 78.66170983333333], [16.910621, 78.66171066666668], [16.910617666666667, 78.6617115], [16.91061566666667, 78.66171233333333], [16.910613833333333, 78.66171349999999], [16.910612333333333, 78.6617145], [16.9106115, 78.6617155], [16.910610833333333, 78.66171666666668], [16.910610333333334, 78.66171800000001], [16.910610833333333, 78.66171899999999], [16.910611666666668, 78.66172016666665], [16.910613666666666, 78.661721], [16.910616166666667, 78.66172183333333], [16.910618333333332, 78.66172266666668], [16.910622, 78.66172333333334], [16.910624, 78.66172366666666], [16.910625999999997, 78.66172416666667], [16.910628499999998, 78.66172433333332], [16.910631000000002, 78.6617245], [16.91063366666667, 78.6617245], [16.91063666666667, 78.66172433333332], [16.910639333333332, 78.66172383333333], [16.910641833333333, 78.66172350000001], [16.910644333333334, 78.66172316666666], [16.910647166666667, 78.661723], [16.910650333333333, 78.66172283333334], [16.910653333333336, 78.66172266666668], [16.9106565, 78.66172233333333], [16.910659833333334, 78.66172216666668], [16.9106625, 78.66172183333333], [16.910665333333334, 78.66172150000001], [16.9106685, 78.66172133333333], [16.9106715, 78.66172116666667], [16.910674500000002, 78.661721], [16.91067766666667, 78.66172066666667], [16.910680666666668, 78.6617205], [16.9106835, 78.66172033333334], [16.910686166666668, 78.66172016666665], [16.91068883333333, 78.66172], [16.910691166666666, 78.66172], [16.910693499999997, 78.66171983333334], [16.910696166666664, 78.66171983333334], [16.910699166666667, 78.66171966666667], [16.910702166666667, 78.66171966666667], [16.910705333333333, 78.66171966666667], [16.910708833333334, 78.66171966666667], [16.910712166666666, 78.66171966666667], [16.910715333333332, 78.66171983333334], [16.910718166666665, 78.66171983333334], [16.91072066666667, 78.66172], [16.910723166666667, 78.66172], [16.910725666666668, 78.66172016666665], [16.910728333333335, 78.66172016666665], [16.910731, 78.66172033333334], [16.910733999999998, 78.6617205], [16.910736666666665, 78.66172066666667], [16.910739, 78.66172066666667], [16.910741166666664, 78.66172083333332], [16.910743333333336, 78.661721], [16.910745333333335, 78.66172116666667], [16.910747333333333, 78.66172116666667], [16.910749333333335, 78.66172133333333], [16.9107515, 78.66172150000001], [16.91075366666667, 78.66172150000001], [16.910755666666667, 78.66172166666666], [16.9107575, 78.66172183333333], [16.910759166666665, 78.661722], [16.91076083333333, 78.661722], [16.91076233333333, 78.66172216666668], [16.910763999999997, 78.66172216666668], [16.91076566666667, 78.66172233333333], [16.910767500000002, 78.6617225], [16.910769000000002, 78.66172266666668], [16.9107705, 78.66172266666668], [16.910771833333335, 78.66172283333334], [16.910773, 78.661723], [16.910774333333332, 78.66172316666666], [16.9107755, 78.66172333333334], [16.910776833333333, 78.66172350000001], [16.910778333333333, 78.66172350000001], [16.910779666666667, 78.66172366666666], [16.910781166666666, 78.66172383333333], [16.9107825, 78.661724], [16.910783666666667, 78.661724], [16.910784666666665, 78.66172416666667], [16.910785833333332, 78.66172433333332], [16.910787000000003, 78.6617245], [16.910788333333336, 78.6617245], [16.910789833333336, 78.66172466666667], [16.91079116666667, 78.66172483333334], [16.910792333333333, 78.66172499999999], [16.9107935, 78.66172499999999], [16.9107945, 78.66172516666667], [16.9107955, 78.66172533333334], [16.910796333333334, 78.66172533333334], [16.91079716666667, 78.6617255], [16.910798166666666, 78.6617255], [16.910799166666667, 78.6617255], [16.9108, 78.66172566666667], [16.910800833333333, 78.66172566666667], [16.910801499999998, 78.66172566666667], [16.910801833333334, 78.66172566666667], [16.910802333333333, 78.66172566666667], [16.910802666666665, 78.66172566666667], [16.910803166666668, 78.66172583333334], [16.910803833333333, 78.66172583333334], [16.910804499999998, 78.661726], [16.910805, 78.661726], [16.9108055, 78.661726], [16.910805666666665, 78.661726], [16.91080583333333, 78.661726], [16.910806166666667, 78.66172616666667], [16.9108065, 78.66172616666667], [16.910807, 78.66172616666667], [16.910807499999997, 78.66172616666667], [16.910807833333333, 78.66172633333333], [16.910808, 78.6617265], [16.910807833333333, 78.66172666666667], [16.910807666666663, 78.66172683333333], [16.910807499999997, 78.661727], [16.910807666666663, 78.66172716666667], [16.910807666666663, 78.66172750000001], [16.910807833333333, 78.66172766666666], [16.910808, 78.66172783333333], [16.910808333333332, 78.661728], [16.910808499999998, 78.661728], [16.910808666666664, 78.66172816666668], [16.910808666666664, 78.66172816666668], [16.91080883333333, 78.66172833333333], [16.910808999999997, 78.66172833333333], [16.910809333333336, 78.6617285], [16.91080966666667, 78.66172866666668], [16.91081, 78.66172866666668], [16.910810333333334, 78.66172883333334], [16.9108105, 78.661729], [16.910810666666666, 78.661729], [16.910810833333336, 78.66172916666666], [16.91081116666667, 78.66172933333334], [16.910811333333335, 78.6617295], [16.910811666666667, 78.66172966666666], [16.910812333333336, 78.66172983333333], [16.91081266666667, 78.66172983333333], [16.910813, 78.66173], [16.910813333333333, 78.66173016666667], [16.9108135, 78.66173033333332], [16.910814000000002, 78.6617305], [16.910814333333335, 78.66173066666667], [16.910814833333333, 78.66173066666667], [16.910815, 78.66173083333334], [16.910815166666666, 78.66173099999999], [16.910815333333336, 78.66173099999999], [16.910815166666666, 78.66173116666667], [16.910815166666666, 78.66173116666667], [16.910815166666666, 78.66173133333334], [16.910815333333336, 78.6617315], [16.910815333333336, 78.66173166666667], [16.910815333333336, 78.66173166666667], [16.910815333333336, 78.66173183333333], [16.910815166666666, 78.661732], [16.910814666666667, 78.66173216666667], [16.910814333333335, 78.66173216666667], [16.910814000000002, 78.66173233333333], [16.910814000000002, 78.6617325], [16.910813833333336, 78.66173266666667], [16.9108135, 78.66173283333333], [16.910813333333333, 78.661733], [16.910813166666667, 78.66173316666666], [16.910813, 78.66173333333333], [16.91081266666667, 78.66173350000001], [16.910812500000002, 78.66173350000001], [16.910812166666666, 78.66173383333333], [16.910812, 78.661734], [16.910812333333336, 78.66173416666668], [16.910812166666666, 78.66173416666668], [16.910812166666666, 78.66173433333333], [16.910812, 78.6617345], [16.910811833333334, 78.66173466666667], [16.910811666666667, 78.66173483333334], [16.910811666666667, 78.661735], [16.9108115, 78.66173516666666], [16.9108115, 78.66173533333334], [16.9108115, 78.6617355], [16.910811333333335, 78.66173566666666], [16.910811000000002, 78.66173583333332], [16.910810833333336, 78.66173583333332], [16.910810833333336, 78.661736], [16.910810833333336, 78.661736], [16.910810833333336, 78.66173616666667], [16.910810666666666, 78.66173616666667], [16.910810833333336, 78.66173633333332], [16.910810666666666, 78.66173633333332], [16.910810666666666, 78.66173633333332], [16.910810333333334, 78.6617365], [16.91081, 78.6617365], [16.910809500000003, 78.6617365], [16.910809333333336, 78.66173666666667], [16.910809166666663, 78.66173666666667], [16.910808999999997, 78.66173683333334], [16.910808666666664, 78.66173683333334], [16.910808166666666, 78.66173699999999], [16.910807833333333, 78.66173699999999], [16.910807666666663, 78.66173716666667], [16.91080733333333, 78.66173716666667], [16.91080733333333, 78.66173733333333], [16.910806833333332, 78.66173733333333], [16.910806833333332, 78.6617375], [16.9108065, 78.6617375], [16.910806333333333, 78.6617375], [16.910805999999997, 78.66173766666667], [16.9108055, 78.66173766666667], [16.910805166666666, 78.66173766666667], [16.910804666666667, 78.66173783333333], [16.910804499999998, 78.66173783333333], [16.91080433333333, 78.66173783333333], [16.910804, 78.661738], [16.910803666666666, 78.661738], [16.910803333333334, 78.661738], [16.91080283333333, 78.66173816666667], [16.910802333333333, 78.66173816666667], [16.910801666666668, 78.66173816666667], [16.910801166666666, 78.66173816666667], [16.910800666666667, 78.66173816666667], [16.910800333333334, 78.66173816666667], [16.910799833333332, 78.66173833333333], [16.910799333333333, 78.66173833333333], [16.9107985, 78.66173833333333], [16.910797833333334, 78.66173833333333], [16.91079716666667, 78.66173833333333], [16.910796666666666, 78.66173833333333], [16.910796166666668, 78.66173833333333], [16.910796166666668, 78.66173833333333], [16.910796833333333, 78.66173833333333], [16.910798333333332, 78.661738], [16.9108005, 78.6617375], [16.910802999999998, 78.6617365], [16.910804833333334, 78.66173533333334], [16.910807833333333, 78.66173466666667], [16.910810666666666, 78.66173383333333], [16.910813333333333, 78.66173316666666], [16.910815333333336, 78.66173266666667], [16.910816833333335, 78.66173183333333], [16.910818, 78.66173133333334], [16.910818666666668, 78.66173083333334], [16.910819166666666, 78.66173033333332], [16.910819333333333, 78.66172983333333], [16.9108195, 78.66172933333334], [16.910819666666665, 78.66172866666668], [16.91082, 78.66172833333333], [16.9108205, 78.66172783333333], [16.910821, 78.66172750000001], [16.910821333333335, 78.66172733333333], [16.9108215, 78.661727], [16.910821666666667, 78.66172683333333], [16.910821833333333, 78.66172666666667], [16.910822, 78.6617265], [16.910822333333332, 78.66172616666667], [16.9108225, 78.661726], [16.9108225, 78.66172583333334], [16.910822333333332, 78.66172566666667], [16.910822166666666, 78.66172566666667], [16.910822166666666, 78.6617255], [16.910821833333333, 78.66172533333334], [16.910821666666667, 78.66172533333334], [16.9108215, 78.66172516666667], [16.910821166666665, 78.66172499999999], [16.910821, 78.66172499999999], [16.9108205, 78.66172483333334], [16.91082, 78.66172466666667], [16.910819166666666, 78.66172466666667], [16.9108185, 78.6617245], [16.910818166666665, 78.66172433333332], [16.910817666666667, 78.66172416666667], [16.910817166666668, 78.66172416666667], [16.910816666666665, 78.661724], [16.910816, 78.66172383333333], [16.910815166666666, 78.66172383333333], [16.910813666666666, 78.66172366666666], [16.910811666666667, 78.66172366666666], [16.910809833333335, 78.66172350000001], [16.910808166666666, 78.66172350000001], [16.910806833333332, 78.66172333333334], [16.9108055, 78.66172316666666], [16.910804499999998, 78.66172316666666], [16.910803666666666, 78.66172316666666], [16.910802666666665, 78.661723], [16.910801499999998, 78.661723], [16.910800166666668, 78.661723], [16.910799, 78.66172283333334], [16.910797833333334, 78.66172283333334], [16.9107965, 78.66172283333334], [16.91079566666667, 78.66172266666668], [16.910794833333334, 78.66172266666668], [16.91079416666667, 78.66172266666668], [16.910792833333335, 78.66172266666668], [16.910791666666668, 78.66172266666668], [16.910790666666667, 78.66172266666668], [16.910789833333336, 78.66172266666668], [16.91078866666667, 78.66172266666668], [16.9107875, 78.66172266666668], [16.910786166666664, 78.66172266666668], [16.91078483333333, 78.66172266666668], [16.910783666666667, 78.66172266666668], [16.910782333333334, 78.6617225], [16.910781166666666, 78.66172266666668], [16.910779833333333, 78.6617225], [16.910778666666666, 78.6617225], [16.910777666666668, 78.6617225], [16.9107765, 78.6617225], [16.9107755, 78.66172233333333], [16.910774, 78.66172233333333], [16.910773, 78.66172216666668], [16.910772, 78.66172216666668], [16.910771166666667, 78.66172216666668], [16.910770333333335, 78.66172216666668], [16.910769166666668, 78.661722], [16.910768, 78.661722], [16.91076716666667, 78.661722], [16.910766333333335, 78.661722], [16.9107655, 78.66172183333333], [16.91076466666667, 78.66172183333333], [16.910763999999997, 78.66172183333333], [16.910763166666666, 78.66172166666666], [16.910762166666665, 78.66172166666666], [16.910761166666667, 78.66172166666666], [16.910760333333332, 78.66172166666666], [16.91075933333333, 78.66172150000001], [16.910758333333334, 78.66172150000001], [16.910757333333333, 78.66172150000001], [16.910756499999998, 78.66172150000001], [16.910755666666667, 78.66172150000001], [16.910754666666666, 78.66172150000001], [16.91075366666667, 78.66172150000001], [16.910752666666667, 78.66172150000001], [16.910752, 78.66172150000001], [16.910750833333335, 78.66172150000001], [16.910749833333334, 78.66172150000001], [16.910748833333333, 78.66172150000001], [16.910748166666668, 78.66172133333333], [16.910747166666667, 78.66172133333333], [16.910746666666668, 78.66172133333333], [16.910745833333333, 78.66172133333333], [16.91074516666667, 78.66172116666667], [16.91074466666667, 78.66172116666667], [16.910744, 78.66172116666667], [16.910743333333336, 78.661721], [16.910742666666668, 78.661721], [16.910742000000003, 78.661721], [16.910741499999997, 78.661721], [16.910740999999998, 78.661721], [16.910740666666666, 78.66172083333332], [16.910740333333333, 78.66172083333332], [16.910739999999997, 78.66172066666667], [16.910739333333332, 78.66172066666667], [16.910738499999997, 78.66172066666667], [16.910737833333332, 78.66172066666667], [16.910737166666667, 78.66172066666667], [16.9107365, 78.66172066666667], [16.910735833333334, 78.66172066666667], [16.91073533333333, 78.66172066666667], [16.910734666666666, 78.66172066666667], [16.910734333333334, 78.66172066666667], [16.910733999999998, 78.66172066666667], [16.9107335, 78.66172083333332], [16.910733166666667, 78.66172083333332], [16.910732333333332, 78.66172083333332], [16.910731666666667, 78.66172083333332], [16.910731166666668, 78.661721], [16.910730666666666, 78.661721], [16.910730166666667, 78.661721], [16.910729333333332, 78.66172116666667], [16.910728833333334, 78.66172116666667], [16.9107285, 78.66172116666667], [16.91072816666667, 78.66172133333333], [16.910727666666666, 78.66172133333333], [16.910727, 78.66172133333333], [16.9107265, 78.66172150000001], [16.910725666666668, 78.66172150000001], [16.910725, 78.66172150000001], [16.910724166666668, 78.66172166666666], [16.9107235, 78.66172166666666], [16.91072266666667, 78.66172166666666], [16.910722, 78.66172183333333], [16.91072116666667, 78.66172183333333], [16.9107205, 78.66172183333333], [16.91071966666667, 78.661722], [16.910718499999998, 78.66172216666668], [16.910717499999997, 78.66172216666668], [16.910716666666666, 78.66172233333333], [16.910715666666665, 78.66172233333333], [16.910715, 78.6617225], [16.91071433333333, 78.66172266666668], [16.910713666666666, 78.66172266666668], [16.91071283333333, 78.66172283333334], [16.910712333333333, 78.66172283333334], [16.910711666666668, 78.66172283333334], [16.910711, 78.661723], [16.9107105, 78.66172283333334], [16.9107095, 78.661723], [16.910709, 78.661723], [16.910708166666666, 78.661723], [16.9107075, 78.66172316666666], [16.910706833333332, 78.66172333333334], [16.910706, 78.66172333333334], [16.910705, 78.66172333333334], [16.91070416666667, 78.66172333333334], [16.910703333333334, 78.66172350000001], [16.910702333333333, 78.66172350000001], [16.910701833333334, 78.66172350000001], [16.91070116666667, 78.66172350000001], [16.910700333333335, 78.66172350000001], [16.9106995, 78.66172366666666], [16.910698333333336, 78.66172366666666], [16.910697666666668, 78.66172366666666], [16.910696833333336, 78.66172383333333], [16.910696166666664, 78.66172383333333], [16.910695666666665, 78.66172383333333], [16.910694666666664, 78.66172383333333], [16.910694, 78.66172383333333], [16.91069333333333, 78.661724], [16.9106925, 78.661724], [16.91069183333333, 78.661724], [16.910691333333332, 78.661724], [16.910690666666667, 78.66172416666667], [16.910689833333333, 78.66172416666667], [16.910689333333334, 78.66172416666667], [16.910688999999998, 78.66172416666667], [16.910688166666667, 78.66172433333332], [16.910687333333332, 78.66172433333332], [16.910686833333333, 78.66172433333332], [16.910686166666668, 78.66172433333332], [16.9106855, 78.66172433333332], [16.910685, 78.6617245], [16.910684, 78.6617245], [16.910683333333335, 78.6617245], [16.910682666666666, 78.6617245], [16.910681833333335, 78.66172466666667], [16.910680833333334, 78.66172466666667], [16.910679833333333, 78.66172466666667], [16.910678833333336, 78.66172466666667], [16.910678, 78.66172466666667], [16.910677333333336, 78.66172466666667], [16.9106765, 78.66172466666667], [16.910675333333334, 78.66172483333334], [16.91067416666667, 78.66172483333334], [16.910673, 78.66172483333334], [16.910671166666667, 78.66172499999999], [16.910668666666666, 78.66172516666667], [16.9106655, 78.6617255], [16.9106615, 78.66172583333334], [16.9106575, 78.66172633333333], [16.910654166666667, 78.66172683333333], [16.910651833333336, 78.66172783333333], [16.910650333333333, 78.66172883333334], [16.910648, 78.66172966666666], [16.910646, 78.66173016666667], [16.910644666666666, 78.66173083333334], [16.910643, 78.66173133333334], [16.910641166666668, 78.66173183333333], [16.910639166666666, 78.66173216666667], [16.910637333333334, 78.6617325], [16.9106355, 78.66173283333333], [16.9106335, 78.66173316666666], [16.910631666666667, 78.66173350000001], [16.910630166666667, 78.66173383333333], [16.910628499999998, 78.66173416666668], [16.910626999999998, 78.66173433333333], [16.910625666666665, 78.66173466666667], [16.910624166666665, 78.66173483333334], [16.910622333333333, 78.661735], [16.910619999999998, 78.66173533333334], [16.910617333333334, 78.66173533333334], [16.91061416666667, 78.66173533333334], [16.910610833333333, 78.66173516666666], [16.910606833333336, 78.66173483333334], [16.910602833333332, 78.6617345], [16.910599333333334, 78.66173383333333], [16.910595666666666, 78.66173316666666], [16.910592666666666, 78.6617325], [16.910589666666667, 78.66173166666667], [16.91058716666667, 78.66173116666667], [16.910586333333335, 78.66173033333332], [16.91058566666667, 78.66172966666666], [16.91058466666667, 78.66172883333334], [16.910583999999997, 78.66172833333333], [16.91058333333333, 78.66172766666666], [16.91058333333333, 78.66172716666667], [16.91058333333333, 78.6617265], [16.91058383333333, 78.66172583333334], [16.910583999999997, 78.66172533333334], [16.910584833333335, 78.66172466666667], [16.910585333333334, 78.661724], [16.910587333333336, 78.66172350000001], [16.910589, 78.661723], [16.910591333333333, 78.6617225], [16.910594166666666, 78.661722], [16.91059733333333, 78.66172166666666], [16.91060033333333, 78.66172133333333], [16.910603666666667, 78.66172083333332], [16.910606499999997, 78.66172033333334], [16.9106095, 78.66172], [16.910612166666667, 78.66171966666667], [16.910614833333334, 78.66171916666667], [16.910617666666667, 78.66171899999999], [16.910620666666667, 78.6617185], [16.910623833333332, 78.66171816666666], [16.910626833333332, 78.66171766666666], [16.910629833333335, 78.66171733333334], [16.910632833333334, 78.66171683333333], [16.910635833333334, 78.66171633333333], [16.910639, 78.66171583333333], [16.910641833333333, 78.66171533333333], [16.910644666666666, 78.66171483333332], [16.910647666666666, 78.66171433333334], [16.9106505, 78.66171383333334], [16.91065366666667, 78.66171333333334], [16.910657333333333, 78.66171283333333], [16.9106605, 78.66171233333333], [16.910664, 78.66171183333333], [16.9106675, 78.66171133333334], [16.910670999999997, 78.66171083333333], [16.910674333333336, 78.6617105], [16.910677500000002, 78.66171], [16.9106805, 78.66170966666667], [16.910683666666667, 78.66170916666667], [16.9106865, 78.66170883333332], [16.9106895, 78.6617085], [16.910692333333333, 78.66170816666666], [16.910695166666667, 78.66170783333334], [16.9106975, 78.66170766666667], [16.910700000000002, 78.66170749999999], [16.910702333333333, 78.66170716666667], [16.91070416666667, 78.66170716666667], [16.9107065, 78.66170699999999], [16.910708833333334, 78.66170683333333], [16.910711166666665, 78.66170666666667], [16.910713833333332, 78.66170666666667], [16.910716333333333, 78.66170650000001], [16.910718999999997, 78.66170633333333], [16.9107215, 78.66170633333333], [16.910723833333336, 78.66170633333333], [16.910726, 78.66170616666666], [16.910728, 78.66170616666666], [16.910730166666667, 78.66170600000001], [16.910732, 78.66170600000001], [16.910734166666668, 78.66170600000001], [16.910736166666666, 78.66170600000001], [16.91073833333333, 78.66170600000001], [16.910740166666667, 78.66170583333333], [16.910742000000003, 78.66170583333333], [16.91074366666667, 78.66170583333333], [16.91074516666667, 78.66170583333333], [16.910746666666668, 78.66170583333333], [16.910748, 78.66170583333333], [16.9107495, 78.66170583333333], [16.910751166666667, 78.66170583333333], [16.9107525, 78.66170566666666], [16.910753833333334, 78.66170583333333], [16.910755166666668, 78.66170583333333], [16.91075633333333, 78.66170583333333], [16.9107575, 78.66170583333333], [16.910758833333333, 78.66170583333333], [16.910760166666666, 78.66170583333333], [16.910761166666667, 78.66170583333333], [16.91076233333333, 78.66170600000001], [16.910763333333332, 78.66170600000001], [16.91076416666667, 78.66170600000001], [16.910765, 78.66170600000001], [16.910765833333336, 78.66170600000001], [16.910766833333334, 78.66170600000001], [16.91076766666667, 78.66170616666666], [16.9107685, 78.66170616666666], [16.910769333333334, 78.66170616666666], [16.91077016666667, 78.66170616666666], [16.910771, 78.66170616666666], [16.91077166666667, 78.66170633333333], [16.9107725, 78.66170633333333], [16.91077316666667, 78.66170633333333], [16.910773833333334, 78.66170633333333], [16.91077466666667, 78.66170650000001], [16.9107755, 78.66170650000001], [16.910776333333335, 78.66170666666667], [16.910777, 78.66170666666667], [16.9107775, 78.66170683333333], [16.910778333333333, 78.66170683333333], [16.910779166666668, 78.66170683333333], [16.910779833333333, 78.66170699999999], [16.910780666666668, 78.66170699999999], [16.910781333333333, 78.66170716666667], [16.910782166666667, 78.66170716666667], [16.910782833333332, 78.66170733333334], [16.910783499999997, 78.66170733333334], [16.910783833333333, 78.66170749999999], [16.9107845, 78.66170749999999], [16.91078483333333, 78.66170749999999], [16.910784999999997, 78.66170749999999], [16.910784999999997, 78.66170766666667], [16.910784999999997, 78.66170766666667], [16.91078483333333, 78.66170766666667], [16.9107845, 78.66170766666667], [16.910784166666666, 78.66170783333334], [16.910783833333333, 78.661708], [16.910783833333333, 78.661708], [16.910784, 78.661708], [16.910784, 78.66170816666666], [16.910784, 78.66170816666666], [16.910783833333333, 78.66170816666666], [16.910784, 78.66170816666666], [16.910783833333333, 78.66170816666666], [16.910783666666667, 78.66170833333334], [16.910783666666667, 78.66170833333334], [16.910783499999997, 78.66170833333334], [16.910783499999997, 78.66170833333334], [16.910783833333333, 78.66170833333334], [16.910783666666667, 78.66170833333334], [16.910783833333333, 78.66170833333334], [16.910783833333333, 78.66170833333334], [16.910783833333333, 78.66170833333334], [16.910784166666666, 78.66170833333334], [16.910784166666666, 78.66170833333334], [16.910784, 78.6617085], [16.910784, 78.66170866666667], [16.910784, 78.66170866666667], [16.910783833333333, 78.66170883333332], [16.910783499999997, 78.66170883333332], [16.91078333333333, 78.66170883333332], [16.910783499999997, 78.66170883333332], [16.910783499999997, 78.66170866666667], [16.910783499999997, 78.66170866666667], [16.910783499999997, 78.66170883333332], [16.910783166666665, 78.66170883333332], [16.910783, 78.66170883333332], [16.910782666666666, 78.661709], [16.910782166666667, 78.661709], [16.910782166666667, 78.661709], [16.910781999999998, 78.66170916666667], [16.910781666666665, 78.66170916666667], [16.9107815, 78.66170933333333], [16.910781333333333, 78.66170933333333], [16.910781, 78.6617095], [16.910780666666668, 78.6617095], [16.910780166666665, 78.6617095], [16.910779833333333, 78.66170966666667], [16.9107795, 78.66170966666667], [16.910779333333334, 78.66170983333333], [16.910779166666668, 78.66170983333333], [16.910778999999998, 78.66170983333333], [16.910778666666666, 78.66170983333333], [16.9107785, 78.66170983333333], [16.910778166666667, 78.66170983333333], [16.910777833333334, 78.66170983333333], [16.910777666666668, 78.66171], [16.910777833333334, 78.66171], [16.9107775, 78.66171], [16.910777333333332, 78.66171016666667], [16.910776833333333, 78.66171016666667], [16.9107765, 78.66171033333333], [16.910775833333332, 78.66171033333333], [16.9107755, 78.6617105], [16.910775, 78.6617105], [16.910774166666666, 78.66171066666668], [16.9107735, 78.66171083333333], [16.910773, 78.661711], [16.9107725, 78.661711], [16.910772, 78.661711], [16.910771333333333, 78.661711], [16.910770666666668, 78.66171116666666], [16.9107695, 78.66171116666666], [16.9107685, 78.661711], [16.910768, 78.66171116666666], [16.910767500000002, 78.66171116666666], [16.910766666666667, 78.66171133333334], [16.910765833333336, 78.66171133333334], [16.910765166666668, 78.6617115], [16.910764500000003, 78.6617115], [16.91076383333333, 78.66171166666666], [16.910763166666666, 78.66171166666666], [16.910762666666667, 78.66171183333333], [16.910762, 78.66171183333333], [16.910761333333333, 78.66171200000001], [16.910760666666665, 78.66171200000001], [16.910759833333334, 78.66171216666666], [16.910759166666665, 78.66171233333333], [16.9107585, 78.66171233333333], [16.910758166666668, 78.66171233333333], [16.910757333333333, 78.66171250000001], [16.910756666666668, 78.66171266666667], [16.910756, 78.66171266666667], [16.910755333333334, 78.66171283333333], [16.9107545, 78.66171283333333], [16.910753833333334, 78.66171299999999], [16.910753166666666, 78.66171299999999], [16.910752666666667, 78.66171316666667], [16.91075216666667, 78.66171316666667], [16.9107515, 78.66171316666667], [16.910751, 78.66171333333334], [16.91075066666667, 78.66171333333334], [16.91075, 78.66171349999999], [16.9107495, 78.66171349999999], [16.910748833333333, 78.66171366666667], [16.9107485, 78.66171366666667], [16.910748166666668, 78.66171383333334], [16.9107475, 78.66171383333334], [16.910746666666668, 78.661714], [16.910746, 78.661714], [16.910745333333335, 78.661714], [16.91074466666667, 78.66171416666666], [16.910744166666667, 78.66171416666666], [16.910743500000002, 78.66171416666666], [16.910742833333334, 78.66171416666666], [16.91074216666667, 78.66171416666666], [16.91074166666667, 78.66171433333334], [16.910740999999998, 78.66171433333334], [16.9107405, 78.66171433333334], [16.91073983333333, 78.6617145], [16.910739166666666, 78.6617145], [16.910738833333333, 78.6617145], [16.910738166666665, 78.66171466666667], [16.9107375, 78.66171466666667], [16.91073683333333, 78.66171466666667], [16.910736333333332, 78.66171466666667], [16.910735833333334, 78.66171466666667], [16.910735166666665, 78.66171483333332], [16.910734666666666, 78.66171483333332], [16.91073383333333, 78.66171483333332], [16.910733166666667, 78.66171483333332], [16.910732499999998, 78.66171483333332], [16.910731833333333, 78.661715], [16.910731333333334, 78.661715], [16.9107305, 78.661715], [16.910729833333335, 78.661715], [16.910729333333332, 78.66171516666667], [16.9107285, 78.66171516666667], [16.910727833333333, 78.66171516666667], [16.910726833333335, 78.66171533333333], [16.910726166666667, 78.66171533333333], [16.9107255, 78.66171533333333], [16.910725, 78.6617155], [16.910724333333334, 78.6617155], [16.910724166666668, 78.66171566666667], [16.91072366666667, 78.66171566666667], [16.910723166666667, 78.66171566666667], [16.91072266666667, 78.66171583333333], [16.910722, 78.66171583333333], [16.910721666666667, 78.661716], [16.910721000000002, 78.661716], [16.9107205, 78.661716], [16.910720166666668, 78.66171616666666], [16.910719500000003, 78.66171616666666], [16.910718999999997, 78.66171633333333], [16.910718499999998, 78.66171633333333], [16.910717833333333, 78.66171633333333], [16.910717166666664, 78.6617165], [16.910716666666666, 78.6617165], [16.91071583333333, 78.6617165], [16.910715333333332, 78.66171666666668], [16.910714833333333, 78.66171683333333], [16.910714166666665, 78.66171683333333], [16.910713666666666, 78.661717], [16.910712666666665, 78.66171716666666], [16.910712166666666, 78.66171733333334], [16.910711833333334, 78.66171766666666], [16.910711499999998, 78.66171800000001], [16.910711, 78.66171833333333], [16.910710666666667, 78.66171866666667], [16.910710166666668, 78.66171899999999], [16.9107095, 78.66171933333334], [16.910708833333334, 78.66171966666667], [16.9107085, 78.66172], [16.910707833333333, 78.66172033333334], [16.91070716666667, 78.66172083333332], [16.910707, 78.66172116666667], [16.9107065, 78.66172150000001], [16.910706, 78.66172183333333], [16.910705333333333, 78.66172216666668], [16.910704666666668, 78.6617225], [16.910704333333335, 78.66172283333334], [16.910703666666667, 78.66172316666666], [16.910703166666668, 78.66172333333334], [16.910702833333335, 78.66172366666666], [16.910702166666667, 78.66172383333333], [16.910701666666668, 78.661724], [16.910701333333336, 78.661724], [16.910700833333333, 78.66172416666667], [16.910700333333335, 78.66172433333332], [16.91069966666667, 78.6617245], [16.910699, 78.6617245], [16.910698333333336, 78.66172466666667], [16.910697833333334, 78.66172483333334], [16.9106975, 78.66172483333334], [16.91069716666667, 78.66172499999999], [16.910696499999997, 78.66172499999999], [16.910695999999998, 78.66172516666667], [16.9106955, 78.66172533333334], [16.910694999999997, 78.66172533333334], [16.910694666666664, 78.6617255], [16.910694166666666, 78.66172566666667], [16.910693499999997, 78.66172583333334], [16.910693166666665, 78.661726], [16.9106925, 78.66172616666667], [16.910692333333333, 78.66172616666667], [16.91069183333333, 78.66172633333333], [16.910691333333332, 78.6617265], [16.910690833333334, 78.6617265], [16.910690499999998, 78.66172666666667], [16.91069033333333, 78.66172666666667], [16.910689833333333, 78.66172683333333], [16.910689666666666, 78.661727], [16.910689333333334, 78.661727], [16.910688999999998, 78.66172716666667], [16.9106885, 78.66172733333333], [16.910688333333333, 78.66172733333333], [16.910688, 78.66172750000001], [16.910688, 78.66172766666666], [16.910687833333334, 78.66172783333333], [16.910688166666667, 78.66172816666668], [16.9106895, 78.66172833333333], [16.910690833333334, 78.6617285], [16.910693, 78.6617285], [16.91069483333333, 78.6617285], [16.910697000000003, 78.66172833333333], [16.910699833333336, 78.66172833333333], [16.910702, 78.661728], [16.910704, 78.66172733333333], [16.910705833333335, 78.661727], [16.910707666666667, 78.66172666666667], [16.910709999999998, 78.66172633333333], [16.910711, 78.661726], [16.910712333333333, 78.66172566666667], [16.910712999999998, 78.66172533333334], [16.9107135, 78.66172499999999], [16.910714166666665, 78.66172466666667], [16.910715166666666, 78.66172416666667], [16.910716166666667, 78.661724], [16.910717499999997, 78.66172366666666], [16.910718999999997, 78.66172333333334], [16.9107205, 78.661723], [16.910722, 78.66172283333334], [16.91072366666667, 78.66172266666668], [16.910725, 78.66172233333333], [16.9107265, 78.661722], [16.910728333333335, 78.66172166666666], [16.91073, 78.66172116666667], [16.9107315, 78.66172066666667], [16.910732833333334, 78.66172033333334], [16.910733999999998, 78.66172], [16.910735, 78.66171949999999], [16.910736, 78.66171916666667], [16.91073683333333, 78.66171883333332], [16.910737333333334, 78.6617185], [16.910738, 78.66171816666666], [16.910738666666667, 78.66171783333333], [16.910739333333332, 78.6617175], [16.91073983333333, 78.66171733333334], [16.910740333333333, 78.661717], [16.910740833333332, 78.66171666666668], [16.91074133333333, 78.6617165], [16.910741833333336, 78.66171616666666], [16.910742000000003, 78.66171566666667], [16.9107425, 78.6617155], [16.910743, 78.66171516666667], [16.91074316666667, 78.66171483333332], [16.91074316666667, 78.66171466666667], [16.910743500000002, 78.66171433333334], [16.91074366666667, 78.66171416666666], [16.910743833333335, 78.66171383333334], [16.910744, 78.66171366666667], [16.9107445, 78.66171333333334], [16.9107445, 78.66171316666667], [16.9107445, 78.66171299999999], [16.9107445, 78.66171283333333], [16.91074466666667, 78.66171266666667], [16.91074466666667, 78.66171233333333], [16.91074466666667, 78.66171216666666], [16.91074466666667, 78.66171200000001], [16.91074466666667, 78.66171183333333], [16.91074466666667, 78.66171166666666], [16.910744833333336, 78.6617115], [16.910744833333336, 78.66171133333334], [16.910744833333336, 78.66171116666666], [16.910744833333336, 78.661711], [16.91074466666667, 78.66171066666668], [16.91074466666667, 78.66171066666668], [16.9107445, 78.6617105], [16.91074466666667, 78.66171033333333], [16.91074466666667, 78.66171016666667], [16.91074466666667, 78.66171], [16.9107445, 78.66170983333333], [16.9107445, 78.66170966666667], [16.9107445, 78.6617095], [16.9107445, 78.66170933333333], [16.910744166666667, 78.66170916666667], [16.910744, 78.661709], [16.910743833333335, 78.661709], [16.910743833333335, 78.66170883333332], [16.91074366666667, 78.66170866666667], [16.91074316666667, 78.66170866666667], [16.91074316666667, 78.66170833333334], [16.910742833333334, 78.66170833333334], [16.9107425, 78.66170816666666], [16.91074216666667, 78.661708], [16.91074216666667, 78.661708], [16.910742000000003, 78.66170766666667], [16.910742000000003, 78.66170749999999], [16.910741833333336, 78.66170733333334], [16.91074133333333, 78.66170716666667], [16.910741166666664, 78.66170699999999], [16.910741166666664, 78.66170699999999], [16.910741166666664, 78.66170683333333], [16.9107405, 78.66170666666667], [16.9107405, 78.66170650000001], [16.9107405, 78.66170633333333], [16.910740166666667, 78.66170633333333], [16.910739666666665, 78.66170616666666], [16.9107395, 78.66170600000001], [16.910739, 78.66170600000001], [16.910738499999997, 78.66170583333333], [16.910738166666665, 78.66170566666666], [16.910738, 78.66170566666666], [16.910737666666666, 78.6617055], [16.910737166666667, 78.66170533333334], [16.910736666666665, 78.66170516666666], [16.9107365, 78.66170516666666], [16.910736, 78.661705], [16.910735499999998, 78.661705], [16.910735, 78.66170483333333], [16.9107345, 78.66170466666668], [16.910733999999998, 78.6617045], [16.910733666666665, 78.66170433333333], [16.910733166666667, 78.66170416666667], [16.910732833333334, 78.661704], [16.910732666666668, 78.66170383333333], [16.910731833333333, 78.66170383333333], [16.910731166666668, 78.66170366666667], [16.910730666666666, 78.6617035], [16.910730166666667, 78.6617035], [16.910729166666666, 78.66170333333334], [16.910728, 78.66170316666667], [16.91072666666667, 78.661703], [16.910725333333335, 78.66170283333332], [16.910724000000002, 78.66170283333332], [16.910722833333335, 78.66170266666667], [16.910721666666667, 78.6617025], [16.910720833333336, 78.66170233333334], [16.91071966666667, 78.66170233333334], [16.910718166666665, 78.66170216666666], [16.910716833333332, 78.661702], [16.9107155, 78.66170183333334], [16.910714833333333, 78.66170166666667], [16.910713833333332, 78.66170166666667], [16.91071283333333, 78.66170149999999], [16.910711666666668, 78.66170149999999], [16.9107105, 78.66170149999999], [16.910709666666666, 78.66170133333334], [16.910708666666668, 78.66170116666667], [16.9107075, 78.66170116666667], [16.910706666666666, 78.661701], [16.91070566666667, 78.66170083333333], [16.910704666666668, 78.66170083333333], [16.910703666666667, 78.66170066666668], [16.9107025, 78.66170050000001], [16.910701500000002, 78.66170050000001], [16.9107005, 78.66170033333333], [16.91069966666667, 78.66170033333333], [16.91069866666667, 78.66170016666666], [16.9106975, 78.66170000000001], [16.91069666666667, 78.66170000000001], [16.9106955, 78.66169983333333], [16.910694666666664, 78.66169983333333], [16.910693499999997, 78.66169966666666], [16.9106925, 78.66169966666666], [16.9106915, 78.6616995], [16.91069033333333, 78.6616995], [16.910689166666668, 78.66169933333335], [16.910688166666667, 78.66169933333335], [16.910687166666666, 78.66169916666666], [16.910685833333332, 78.66169916666666], [16.910684833333335, 78.66169916666666], [16.910683833333334, 78.661699], [16.9106825, 78.661699], [16.9106815, 78.66169883333333], [16.910680333333335, 78.66169866666668], [16.91067866666667, 78.66169866666668], [16.91067766666667, 78.6616985], [16.910676333333335, 78.6616985], [16.910675166666667, 78.66169833333333], [16.91067333333333, 78.66169816666667], [16.910671999999998, 78.66169816666667], [16.9106705, 78.66169799999999], [16.910669166666665, 78.66169799999999], [16.91066783333333, 78.66169783333333], [16.910666499999998, 78.66169766666667], [16.910665166666668, 78.6616975], [16.9106635, 78.66169733333332], [16.9106615, 78.66169716666667], [16.910659333333335, 78.661697], [16.9106565, 78.66169666666666], [16.910653333333336, 78.66169633333334], [16.91064983333333, 78.66169599999999], [16.91064683333333, 78.66169566666667], [16.910643999999998, 78.66169533333333], [16.910641, 78.66169516666668], [16.910637666666666, 78.66169483333333], [16.910633333333333, 78.66169450000001], [16.910627666666667, 78.66169416666666], [16.91062133333333, 78.66169366666666], [16.9106135, 78.66169316666667], [16.910604499999998, 78.66169266666667], [16.910595166666667, 78.66169233333333], [16.9105855, 78.66169216666667], [16.910574999999998, 78.66169216666667], [16.910564333333333, 78.66169233333333], [16.91055383333333, 78.66169266666667], [16.910544333333334, 78.66169316666667], [16.910535166666666, 78.661694], [16.910527166666668, 78.661695], [16.910520166666668, 78.66169616666666], [16.910512666666666, 78.66169733333332], [16.910505666666666, 78.66169866666668], [16.91050016666667, 78.66170000000001], [16.910495, 78.66170149999999], [16.910491166666667, 78.661703], [16.91048783333333, 78.6617045], [16.910485833333333, 78.66170616666666], [16.91048483333333, 78.66170766666667], [16.9104855, 78.6617095], [16.910486166666665, 78.66171116666666], [16.9104875, 78.66171250000001], [16.9104895, 78.66171383333334], [16.910492833333333, 78.66171516666667], [16.910496333333334, 78.66171616666666], [16.91050016666667, 78.66171733333334], [16.910504166666666, 78.66171833333333], [16.91050883333333, 78.66171933333334], [16.910513666666667, 78.66172016666665], [16.910518833333334, 78.661721], [16.91052416666667, 78.66172166666666], [16.910529666666665, 78.66172233333333], [16.910535166666666, 78.661723], [16.91054066666667, 78.66172350000001], [16.910546166666666, 78.66172416666667], [16.9105515, 78.66172466666667], [16.910557166666667, 78.66172483333334], [16.910562333333335, 78.66172516666667], [16.910567333333333, 78.66172533333334], [16.9105725, 78.66172533333334], [16.9105775, 78.6617255], [16.910582166666664, 78.6617255], [16.910586833333333, 78.66172566666667], [16.9105915, 78.66172583333334], [16.910596333333334, 78.66172583333334], [16.910601, 78.661726], [16.910605666666665, 78.66172616666667], [16.9106105, 78.66172633333333], [16.91061566666667, 78.6617265], [16.9106205, 78.66172666666667], [16.9106255, 78.66172683333333], [16.910630166666667, 78.66172683333333], [16.910634833333333, 78.66172683333333], [16.910639166666666, 78.661727], [16.9106435, 78.661727], [16.910648, 78.661727], [16.910652333333335, 78.66172716666667], [16.910656833333334, 78.66172716666667], [16.910661, 78.66172733333333], [16.910665666666667, 78.66172733333333], [16.91067, 78.66172733333333], [16.910674500000002, 78.66172733333333], [16.910678833333336, 78.66172750000001], [16.910682833333333, 78.66172750000001], [16.910686833333333, 78.66172750000001], [16.910690666666667, 78.66172750000001], [16.910694666666664, 78.66172750000001], [16.91069866666667, 78.66172750000001], [16.9107025, 78.66172750000001], [16.9107065, 78.66172733333333], [16.910710166666668, 78.66172733333333], [16.910713833333332, 78.66172733333333], [16.91071733333333, 78.66172716666667], [16.9107205, 78.661727], [16.910723833333336, 78.661727], [16.910726833333335, 78.66172666666667], [16.910729833333335, 78.6617265], [16.910732666666668, 78.66172633333333], [16.910735499999998, 78.66172616666667], [16.91073833333333, 78.66172583333334], [16.910740666666666, 78.66172566666667], [16.910742833333334, 78.6617255], [16.910745000000002, 78.66172516666667], [16.910747, 78.66172499999999], [16.91074916666667, 78.66172466666667], [16.910751333333334, 78.6617245], [16.9107535, 78.66172433333332], [16.9107555, 78.661724], [16.910757666666665, 78.66172383333333], [16.910759666666667, 78.66172350000001], [16.9107615, 78.66172333333334], [16.910763333333332, 78.661723], [16.910765333333334, 78.66172283333334], [16.91076716666667, 78.6617225], [16.910769000000002, 78.66172233333333], [16.910770666666668, 78.66172216666668], [16.910772333333334, 78.661722], [16.910774166666666, 78.66172166666666], [16.910776, 78.66172150000001], [16.910777833333334, 78.66172116666667], [16.910779333333334, 78.661721], [16.910781, 78.66172083333332], [16.910782666666666, 78.6617205], [16.910784166666666, 78.66172033333334], [16.910785666666666, 78.66172016666665], [16.91078716666667, 78.66172], [16.91078866666667, 78.66171983333334], [16.91079016666667, 78.66171949999999], [16.910791666666668, 78.66171933333334], [16.910793166666668, 78.66171899999999], [16.910794666666668, 78.66171883333332], [16.910796166666668, 78.6617185], [16.9107975, 78.66171833333333], [16.910798833333335, 78.66171816666666], [16.910800166666668, 78.66171800000001], [16.910801499999998, 78.66171766666666], [16.910802999999998, 78.6617175], [16.910804166666665, 78.66171716666666], [16.910805166666666, 78.661717], [16.910806333333333, 78.66171683333333], [16.910807499999997, 78.6617165], [16.910808499999998, 78.66171633333333], [16.91080966666667, 78.66171616666666], [16.910810666666666, 78.66171616666666], [16.910811666666667, 78.66171583333333], [16.910812500000002, 78.66171566666667], [16.910813666666666, 78.6617155], [16.910814666666667, 78.66171533333333], [16.910815833333334, 78.66171516666667], [16.910816666666665, 78.661715], [16.910817666666667, 78.66171483333332], [16.9108185, 78.66171466666667], [16.910819333333333, 78.6617145], [16.910820166666667, 78.66171433333334], [16.910821166666665, 78.66171433333334], [16.910822, 78.661714], [16.9108225, 78.661714], [16.910823333333333, 78.66171383333334], [16.910824166666664, 78.66171366666667], [16.910825166666665, 78.66171349999999], [16.910825833333334, 78.66171333333334], [16.9108265, 78.66171316666667], [16.910827166666664, 78.66171299999999], [16.910827666666666, 78.66171283333333], [16.91082833333333, 78.66171266666667], [16.910828833333333, 78.66171266666667], [16.9108295, 78.66171250000001], [16.9108305, 78.66171233333333], [16.91083133333333, 78.66171216666666], [16.910832000000003, 78.66171216666666], [16.910832666666668, 78.66171200000001], [16.910833333333336, 78.66171183333333], [16.91083366666667, 78.66171166666666], [16.910834333333334, 78.66171166666666], [16.910834833333336, 78.6617115], [16.91083516666667, 78.66171133333334], [16.910835833333334, 78.66171133333334], [16.910836, 78.66171116666666], [16.910836500000002, 78.66171116666666], [16.910837, 78.661711], [16.910837166666667, 78.66171066666668], [16.910837666666666, 78.6617105], [16.910837833333336, 78.6617105], [16.910838000000002, 78.66171033333333], [16.910838166666668, 78.66171033333333], [16.910838333333334, 78.66171016666667], [16.9108385, 78.66171], [16.910838666666667, 78.66170983333333], [16.910838833333333, 78.66170983333333], [16.910838833333333, 78.66170966666667], [16.9108395, 78.6617095], [16.9108395, 78.66170933333333], [16.910839666666668, 78.66170916666667], [16.910839666666668, 78.661709], [16.91084, 78.66170883333332], [16.91084, 78.66170866666667], [16.910840166666667, 78.6617085], [16.910839833333334, 78.66170833333334], [16.91084, 78.66170816666666], [16.910840166666667, 78.661708], [16.91084, 78.661708], [16.91084, 78.66170783333334], [16.910839666666668, 78.66170766666667], [16.910839833333334, 78.66170749999999], [16.910839833333334, 78.66170749999999], [16.91084, 78.66170733333334], [16.91084, 78.66170716666667], [16.910840166666667, 78.66170699999999], [16.910840166666667, 78.66170699999999], [16.91084, 78.66170683333333], [16.91084, 78.66170666666667], [16.9108395, 78.66170666666667], [16.9108395, 78.66170666666667], [16.910839166666666, 78.66170666666667], [16.910839, 78.66170650000001], [16.910838833333333, 78.66170650000001], [16.910838666666667, 78.66170633333333], [16.910838833333333, 78.66170633333333], [16.910838666666667, 78.66170633333333], [16.910838333333334, 78.66170616666666], [16.910838166666668, 78.66170616666666], [16.910838000000002, 78.66170600000001], [16.910838000000002, 78.66170600000001], [16.910837833333336, 78.66170583333333], [16.910837666666666, 78.66170583333333], [16.910837666666666, 78.66170583333333], [16.9108375, 78.66170566666666], [16.9108375, 78.6617055], [16.910837333333333, 78.6617055], [16.910837166666667, 78.6617055], [16.910836833333335, 78.6617055], [16.91083666666667, 78.66170533333334], [16.910836166666666, 78.66170533333334], [16.910836, 78.66170533333334], [16.910835333333335, 78.66170533333334], [16.91083516666667, 78.66170516666666], [16.910835000000002, 78.66170516666666], [16.9108345, 78.66170516666666], [16.910834333333334, 78.66170516666666], [16.910834, 78.66170516666666], [16.910833833333335, 78.661705], [16.910833500000003, 78.661705], [16.910833, 78.661705], [16.910832833333334, 78.661705], [16.910832666666668, 78.66170483333333], [16.910832333333335, 78.66170483333333], [16.910832000000003, 78.66170466666668], [16.910831833333337, 78.66170466666668], [16.910831666666663, 78.66170466666668], [16.910831666666663, 78.66170466666668], [16.910831499999997, 78.6617045], [16.910831166666664, 78.6617045], [16.910831166666664, 78.6617045], [16.91083133333333, 78.66170433333333], [16.910830833333332, 78.66170433333333], [16.910830666666666, 78.66170433333333], [16.9108305, 78.66170433333333], [16.9108305, 78.66170433333333], [16.910830166666663, 78.66170416666667], [16.910830166666663, 78.66170416666667], [16.910829999999997, 78.66170416666667], [16.91082983333333, 78.66170416666667], [16.91082983333333, 78.66170416666667], [16.9108295, 78.66170416666667], [16.910829, 78.661704], [16.910828833333333, 78.661704], [16.91082833333333, 78.661704], [16.910828, 78.661704], [16.910827666666666, 78.66170383333333], [16.910827333333334, 78.66170383333333], [16.910826999999998, 78.66170383333333], [16.9108265, 78.66170383333333], [16.910825833333334, 78.66170383333333], [16.910825166666665, 78.66170383333333], [16.910824666666667, 78.66170383333333], [16.910823833333332, 78.66170383333333], [16.910823333333333, 78.66170383333333], [16.910822833333334, 78.66170366666667], [16.910822166666666, 78.66170366666667], [16.910821166666665, 78.66170366666667], [16.910820166666667, 78.6617035], [16.910819, 78.6617035], [16.910817666666667, 78.66170333333334], [16.9108165, 78.66170333333334], [16.910815500000002, 78.66170316666667], [16.910814333333335, 78.66170316666667], [16.9108135, 78.66170316666667], [16.910812500000002, 78.66170316666667], [16.9108115, 78.661703], [16.910810333333334, 78.661703], [16.91080966666667, 78.661703], [16.910808999999997, 78.66170283333332], [16.910808166666666, 78.661703], [16.910807499999997, 78.66170283333332], [16.910806833333332, 78.66170283333332], [16.910805999999997, 78.66170283333332], [16.910805333333332, 78.66170283333332], [16.910804666666667, 78.66170283333332], [16.910804, 78.66170283333332], [16.910803166666668, 78.66170283333332], [16.910802333333333, 78.66170283333332], [16.910801499999998, 78.66170283333332], [16.910800833333333, 78.661703], [16.910800166666668, 78.661703], [16.9107995, 78.661703], [16.910798833333335, 78.66170316666667], [16.910798166666666, 78.66170316666667], [16.9107975, 78.66170316666667], [16.910796833333333, 78.66170316666667], [16.910796166666668, 78.66170333333334], [16.910795333333333, 78.66170333333334], [16.9107945, 78.66170333333334], [16.910793833333333, 78.66170333333334], [16.910793, 78.66170333333334], [16.9107925, 78.66170333333334], [16.910791500000002, 78.66170333333334], [16.910790666666667, 78.66170333333334], [16.910789833333336, 78.66170333333334], [16.910789, 78.66170333333334], [16.910788, 78.66170333333334], [16.9107875, 78.66170333333334], [16.910786499999997, 78.66170316666667], [16.910785833333332, 78.66170316666667], [16.91078483333333, 78.66170316666667], [16.910784, 78.66170316666667], [16.91078333333333, 78.661703], [16.910782333333334, 78.661703], [16.9107815, 78.66170283333332], [16.910781, 78.66170283333332], [16.91078033333333, 78.66170283333332], [16.910779666666667, 78.66170266666667], [16.910778999999998, 78.66170266666667], [16.910778333333333, 78.66170266666667], [16.910777666666668, 78.6617025], [16.910777, 78.6617025], [16.9107765, 78.6617025], [16.910775833333332, 78.66170233333334], [16.910775166666667, 78.66170233333334], [16.91077466666667, 78.66170216666666], [16.910773833333334, 78.66170216666666], [16.910773, 78.66170216666666], [16.9107725, 78.66170216666666], [16.91077166666667, 78.661702], [16.910770833333334, 78.661702], [16.910769833333333, 78.661702], [16.910769000000002, 78.661702], [16.910768333333333, 78.661702], [16.910767500000002, 78.66170183333334], [16.910766833333334, 78.661702], [16.91076616666667, 78.66170183333334], [16.910765333333334, 78.66170183333334], [16.910764333333336, 78.66170183333334], [16.910763666666664, 78.66170183333334], [16.910762666666667, 78.66170166666667], [16.910762, 78.66170183333334], [16.910761333333333, 78.66170166666667], [16.910760666666665, 78.66170166666667], [16.910759833333334, 78.66170166666667], [16.910759166666665, 78.66170166666667], [16.9107585, 78.66170149999999], [16.91075783333333, 78.66170149999999], [16.910756833333334, 78.66170149999999], [16.910756, 78.66170149999999], [16.910755333333334, 78.66170149999999], [16.9107545, 78.66170149999999], [16.91075366666667, 78.66170149999999], [16.910753166666666, 78.66170149999999], [16.910752333333335, 78.66170133333334], [16.910751333333334, 78.66170149999999], [16.9107505, 78.66170133333334], [16.9107495, 78.66170133333334], [16.910748833333333, 78.66170133333334], [16.910747833333335, 78.66170116666667], [16.910746833333334, 78.66170116666667], [16.910746, 78.66170116666667], [16.910745000000002, 78.66170116666667], [16.910744166666667, 78.66170116666667], [16.910743, 78.66170116666667], [16.910742333333335, 78.66170116666667], [16.91074166666667, 78.66170116666667], [16.910740833333332, 78.661701], [16.910740166666667, 78.661701], [16.910739, 78.661701], [16.91073833333333, 78.661701], [16.910737333333334, 78.661701], [16.9107365, 78.66170116666667], [16.910735666666667, 78.66170116666667], [16.910735, 78.66170116666667], [16.910734166666668, 78.661701], [16.9107335, 78.661701], [16.910732833333334, 78.661701], [16.910732, 78.661701], [16.910731166666668, 78.661701], [16.91073, 78.661701], [16.910729166666666, 78.661701], [16.91072816666667, 78.661701], [16.910726833333335, 78.661701], [16.910725833333334, 78.661701], [16.910724833333333, 78.661701], [16.910723333333333, 78.661701], [16.910722333333336, 78.661701], [16.910721000000002, 78.661701], [16.910718999999997, 78.661701], [16.910716833333332, 78.661701], [16.910715166666666, 78.66170083333333], [16.910712999999998, 78.661701], [16.910711666666668, 78.66170083333333], [16.9107105, 78.66170083333333], [16.910709333333333, 78.66170083333333], [16.910708333333332, 78.66170083333333], [16.91070716666667, 78.66170083333333], [16.910706166666667, 78.66170083333333], [16.910705, 78.66170083333333], [16.910703833333333, 78.66170083333333], [16.91070266666667, 78.661701], [16.910701333333336, 78.661701], [16.910699833333336, 78.661701], [16.91069816666667, 78.661701], [16.91069666666667, 78.661701], [16.9106955, 78.661701], [16.910694, 78.661701], [16.910693, 78.661701], [16.910691333333332, 78.661701], [16.91069, 78.66170116666667], [16.910688666666665, 78.661701], [16.910687333333332, 78.66170116666667], [16.910686, 78.66170116666667], [16.9106845, 78.66170116666667], [16.91068316666667, 78.66170116666667], [16.910682, 78.66170116666667], [16.9106805, 78.66170116666667], [16.910679166666668, 78.66170133333334], [16.910677833333335, 78.66170133333334], [16.9106765, 78.66170133333334], [16.910674833333335, 78.66170133333334], [16.910673666666664, 78.66170133333334], [16.910672166666664, 78.66170133333334], [16.910670666666665, 78.66170133333334], [16.91066933333333, 78.66170133333334], [16.91066783333333, 78.66170149999999], [16.910666666666668, 78.66170149999999], [16.910665333333334, 78.66170149999999], [16.910663833333334, 78.66170149999999], [16.9106625, 78.66170149999999], [16.91066066666667, 78.66170149999999], [16.910658833333333, 78.66170166666667], [16.910657333333333, 78.66170166666667], [16.910655333333334, 78.66170166666667], [16.910652833333334, 78.661702], [16.910650166666667, 78.661702], [16.910646999999997, 78.66170183333334], [16.910643, 78.66170183333334], [16.9106385, 78.66170183333334], [16.910635, 78.66170166666667], [16.910631666666667, 78.66170166666667], [16.91062883333333, 78.66170166666667], [16.910625, 78.66170166666667], [16.910620333333334, 78.661702], [16.910616833333332, 78.66170233333334], [16.910612833333335, 78.661703], [16.9106095, 78.66170416666667], [16.91060583333333, 78.66170516666666], [16.910603499999997, 78.66170633333333], [16.910600833333334, 78.66170749999999], [16.91059883333333, 78.66170866666667], [16.910598333333333, 78.66170966666667], [16.910597666666668, 78.66171083333333], [16.910596666666667, 78.66171200000001], [16.910596833333333, 78.66171316666667], [16.91059733333333, 78.66171416666666], [16.910599166666668, 78.66171516666667], [16.910600666666667, 78.66171616666666], [16.91060333333333, 78.66171683333333], [16.91060583333333, 78.6617175], [16.91060816666667, 78.66171766666666], [16.910609833333336, 78.66171800000001], [16.91061116666667, 78.66171800000001], [16.910613, 78.66171816666666], [16.910614833333334, 78.66171833333333], [16.910616833333332, 78.6617185], [16.910619666666665, 78.6617185], [16.910622333333333, 78.66171866666667], [16.910625, 78.66171866666667], [16.910627666666667, 78.66171866666667], [16.91063116666667, 78.66171866666667], [16.910635, 78.66171883333332], [16.91063816666667, 78.66171883333332], [16.910641333333334, 78.66171866666667], [16.910644166666668, 78.66171866666667], [16.91064683333333, 78.66171866666667], [16.910649999999997, 78.66171883333332], [16.910653, 78.66171883333332], [16.910656, 78.66171883333332], [16.910658666666667, 78.66171883333332], [16.910661166666667, 78.66171883333332], [16.9106635, 78.66171899999999], [16.910665833333333, 78.66171933333334], [16.910668166666667, 78.66171949999999], [16.91067083333333, 78.66171966666667], [16.910673499999998, 78.66171966666667], [16.9106765, 78.66171966666667], [16.910679666666667, 78.66171949999999], [16.9106825, 78.66171949999999], [16.9106855, 78.66171949999999], [16.910688, 78.66171949999999], [16.910690666666667, 78.66171949999999], [16.91069333333333, 78.66171949999999], [16.910695999999998, 78.66171949999999], [16.910698500000002, 78.66171949999999], [16.91070116666667, 78.66171949999999], [16.910704, 78.66171949999999], [16.910706833333332, 78.66171949999999], [16.910709833333332, 78.66171933333334], [16.91071283333333, 78.66171933333334], [16.910716166666667, 78.66171916666667], [16.910719333333336, 78.66171899999999], [16.910722333333336, 78.66171899999999], [16.910725333333335, 78.66171899999999], [16.91072816666667, 78.66171899999999], [16.910731166666668, 78.66171883333332], [16.91073383333333, 78.66171883333332], [16.910736666666665, 78.66171883333332], [16.910739333333332, 78.66171866666667], [16.910741833333336, 78.66171866666667], [16.91074466666667, 78.6617185], [16.910747166666667, 78.66171833333333], [16.9107495, 78.66171833333333], [16.910751833333332, 78.66171833333333], [16.910754166666667, 78.66171816666666], [16.910756499999998, 78.66171816666666], [16.9107585, 78.66171816666666], [16.910760666666665, 78.66171800000001], [16.910762833333333, 78.66171783333333], [16.91076466666667, 78.66171783333333], [16.9107665, 78.66171783333333], [16.9107685, 78.66171766666666], [16.9107705, 78.66171766666666], [16.910772166666668, 78.6617175], [16.910773833333334, 78.6617175], [16.910775666666666, 78.66171733333334], [16.910777166666666, 78.66171733333334], [16.910778999999998, 78.66171733333334], [16.910780666666668, 78.66171716666666], [16.910782333333334, 78.66171716666666], [16.910783833333333, 78.66171716666666], [16.9107855, 78.661717], [16.910786833333336, 78.661717], [16.910788, 78.661717], [16.91078966666667, 78.66171683333333], [16.910791, 78.66171683333333], [16.910792333333333, 78.66171683333333], [16.910794, 78.66171666666668], [16.9107955, 78.66171666666668], [16.910796833333333, 78.66171666666668], [16.910798333333332, 78.6617165], [16.910799333333333, 78.6617165], [16.910800666666667, 78.66171633333333], [16.910802, 78.66171633333333], [16.9108035, 78.66171633333333], [16.910804833333334, 78.66171616666666], [16.910806333333333, 78.66171616666666], [16.910807833333333, 78.661716], [16.910809166666663, 78.66171583333333], [16.9108105, 78.66171583333333], [16.910811833333334, 78.66171583333333], [16.910813, 78.66171566666667], [16.910814333333335, 78.66171566666667], [16.910815500000002, 78.66171566666667], [16.910816833333335, 78.6617155], [16.910818166666665, 78.6617155], [16.910819166666666, 78.6617155], [16.910820333333334, 78.6617155], [16.9108215, 78.66171533333333], [16.910822666666665, 78.66171533333333], [16.910824166666664, 78.66171516666667], [16.910825166666665, 78.66171516666667], [16.910826166666666, 78.66171516666667], [16.910826999999998, 78.661715], [16.910828, 78.661715], [16.910829333333332, 78.661715], [16.910830166666663, 78.661715], [16.910831166666664, 78.66171483333332], [16.910832333333335, 78.66171483333332], [16.910833333333336, 78.66171483333332], [16.910834166666667, 78.66171466666667], [16.91083516666667, 78.66171466666667], [16.910836, 78.66171466666667], [16.910837, 78.6617145], [16.910837833333336, 78.6617145], [16.910838666666667, 78.6617145], [16.910839666666668, 78.6617145], [16.9108405, 78.6617145], [16.910841833333333, 78.6617145], [16.910842333333335, 78.6617145], [16.910843333333332, 78.66171433333334], [16.910844166666667, 78.66171433333334], [16.910845, 78.66171433333334], [16.910846, 78.66171433333334], [16.910846833333334, 78.66171416666666], [16.910847999999998, 78.66171416666666], [16.910848666666666, 78.66171416666666], [16.91084933333333, 78.66171416666666], [16.91085, 78.66171416666666], [16.91085083333333, 78.66171416666666], [16.9108515, 78.66171416666666], [16.910852166666665, 78.66171416666666], [16.910852833333333, 78.661714], [16.910853333333332, 78.66171416666666], [16.910854166666663, 78.661714], [16.910854500000003, 78.661714], [16.910855, 78.661714], [16.910855666666667, 78.661714], [16.910856333333335, 78.661714], [16.910856833333334, 78.661714], [16.910857500000002, 78.661714], [16.910858, 78.661714], [16.9108585, 78.661714], [16.91085916666667, 78.66171383333334], [16.910859666666667, 78.66171383333334], [16.910860166666666, 78.66171383333334], [16.910861, 78.66171383333334], [16.9108615, 78.66171383333334], [16.910862, 78.66171383333334], [16.9108625, 78.66171383333334], [16.910863166666665, 78.66171366666667], [16.910863833333334, 78.66171366666667], [16.9108645, 78.66171366666667], [16.910865, 78.66171366666667], [16.910865666666666, 78.66171349999999], [16.910866166666665, 78.66171349999999], [16.9108665, 78.66171349999999], [16.910866833333333, 78.66171349999999], [16.910867333333332, 78.66171349999999], [16.9108675, 78.66171349999999], [16.910867666666665, 78.66171333333334], [16.910867833333334, 78.66171333333334], [16.910868166666667, 78.66171333333334], [16.910868333333333, 78.66171333333334], [16.910868666666666, 78.66171333333334], [16.910868833333332, 78.66171316666667], [16.910868999999998, 78.66171316666667], [16.910869166666664, 78.66171316666667], [16.910869333333334, 78.66171316666667], [16.910869666666667, 78.66171299999999], [16.910869833333333, 78.66171299999999], [16.910870166666665, 78.66171299999999], [16.91087033333333, 78.66171299999999], [16.910870499999998, 78.66171283333333], [16.910870666666664, 78.66171283333333], [16.910870833333334, 78.66171283333333], [16.910871, 78.66171266666667], [16.910871, 78.66171266666667], [16.910871333333333, 78.66171266666667], [16.910871333333333, 78.66171266666667], [16.910871666666665, 78.66171266666667], [16.9108715, 78.66171266666667], [16.9108715, 78.66171250000001], [16.9108715, 78.66171250000001], [16.910871333333333, 78.66171250000001], [16.910871333333333, 78.66171250000001], [16.9108715, 78.66171233333333], [16.9108715, 78.66171233333333], [16.9108715, 78.66171233333333], [16.910871166666666, 78.66171233333333], [16.910871333333333, 78.66171233333333], [16.910871166666666, 78.66171216666666], [16.910871, 78.66171216666666], [16.910870833333334, 78.66171200000001], [16.910870666666664, 78.66171200000001], [16.910870666666664, 78.66171200000001], [16.910870499999998, 78.66171200000001], [16.910870166666665, 78.66171183333333], [16.910869833333333, 78.66171183333333], [16.910869666666667, 78.66171183333333], [16.910869333333334, 78.66171183333333], [16.910869166666664, 78.66171183333333], [16.910869166666664, 78.66171166666666], [16.910868833333332, 78.66171166666666], [16.910868666666666, 78.66171166666666], [16.910868666666666, 78.66171166666666], [16.9108685, 78.66171166666666], [16.910868166666667, 78.66171166666666], [16.910868, 78.6617115], [16.9108675, 78.6617115], [16.910867666666665, 78.6617115], [16.910867333333332, 78.6617115], [16.910867333333332, 78.6617115], [16.910867, 78.66171133333334], [16.910866833333333, 78.66171133333334], [16.910866666666667, 78.66171133333334], [16.910866166666665, 78.66171133333334], [16.910866, 78.66171133333334], [16.910865666666666, 78.66171116666666], [16.9108655, 78.66171116666666], [16.910865166666667, 78.66171116666666], [16.910865, 78.66171116666666], [16.9108645, 78.661711], [16.910864333333333, 78.661711], [16.910864333333333, 78.661711], [16.910864, 78.66171083333333], [16.910863833333334, 78.66171083333333], [16.910863666666668, 78.66171083333333], [16.910863333333335, 78.66171083333333], [16.910863166666665, 78.66171083333333], [16.910863166666665, 78.66171066666668], [16.910863, 78.66171066666668], [16.910862666666667, 78.66171066666668], [16.9108625, 78.66171083333333], [16.910862333333334, 78.66171083333333], [16.910862, 78.66171083333333], [16.910862, 78.66171083333333], [16.910862, 78.66171083333333], [16.910861666666666, 78.661711], [16.9108615, 78.661711], [16.910861166666667, 78.661711], [16.910861, 78.661711], [16.910860833333334, 78.661711], [16.910860666666668, 78.661711], [16.910860500000002, 78.66171116666666], [16.910860666666668, 78.66171116666666], [16.910860500000002, 78.66171116666666], [16.910860333333336, 78.66171116666666], [16.910860333333336, 78.661711], [16.910860166666666, 78.661711], [16.91086, 78.661711], [16.910859833333333, 78.661711], [16.910859833333333, 78.661711], [16.910859833333333, 78.661711], [16.910859666666667, 78.661711], [16.9108595, 78.661711], [16.910859333333335, 78.661711], [16.910859000000002, 78.661711], [16.910858666666666, 78.661711], [16.910858333333334, 78.661711], [16.910858, 78.661711], [16.910857500000002, 78.661711], [16.910857166666666, 78.661711], [16.910856833333334, 78.661711], [16.910856666666668, 78.661711], [16.910856333333335, 78.661711], [16.910856333333335, 78.661711], [16.91085616666667, 78.661711], [16.910856000000003, 78.661711], [16.910856000000003, 78.661711], [16.910855666666667, 78.661711], [16.9108555, 78.661711], [16.910855333333334, 78.661711], [16.910855166666668, 78.661711], [16.910854833333335, 78.661711], [16.910854500000003, 78.661711], [16.910854166666663, 78.661711], [16.910854166666663, 78.661711], [16.910853666666664, 78.661711], [16.910853166666666, 78.661711], [16.910852833333333, 78.661711], [16.910852499999997, 78.661711], [16.910852, 78.661711], [16.9108515, 78.66171083333333], [16.910850999999997, 78.66171083333333], [16.910850333333332, 78.66171083333333], [16.910849833333334, 78.66171083333333], [16.910849, 78.66171066666668], [16.9108485, 78.66171066666668], [16.91084783333333, 78.66171066666668], [16.910847166666667, 78.6617105], [16.910846499999998, 78.6617105], [16.910846, 78.6617105], [16.910845333333334, 78.66171033333333], [16.910844666666666, 78.66171033333333], [16.910844166666667, 78.66171033333333], [16.9108435, 78.66171033333333], [16.910842833333334, 78.66171033333333], [16.910842166666665, 78.66171033333333], [16.910841666666666, 78.66171033333333], [16.910841, 78.66171033333333], [16.910840666666665, 78.66171033333333], [16.910839833333334, 78.66171033333333], [16.9108395, 78.66171016666667], [16.910838833333333, 78.66171016666667], [16.910838333333334, 78.66171016666667], [16.910837666666666, 78.66171016666667], [16.910837, 78.66171016666667], [16.910836500000002, 78.66171016666667], [16.910836, 78.66171016666667], [16.9108355, 78.66171016666667], [16.91083516666667, 78.66171016666667], [16.910834666666666, 78.66171016666667], [16.910834166666667, 78.66171016666667], [16.91083366666667, 78.66171016666667], [16.910833333333336, 78.66171016666667], [16.910832666666668, 78.66171016666667], [16.910832000000003, 78.66171016666667], [16.910831666666663, 78.66171033333333], [16.910830999999998, 78.66171033333333], [16.9108305, 78.66171033333333], [16.910830333333333, 78.66171033333333], [16.910830166666663, 78.66171033333333], [16.91082983333333, 78.66171033333333], [16.910829333333332, 78.6617105], [16.910829166666666, 78.6617105], [16.910829, 78.6617105], [16.910828666666664, 78.6617105], [16.91082833333333, 78.6617105], [16.910828166666665, 78.6617105], [16.91082833333333, 78.66171066666668], [16.910827833333332, 78.66171066666668], [16.9108275, 78.66171066666668], [16.910827166666664, 78.66171066666668], [16.91082683333333, 78.66171066666668], [16.910826333333333, 78.66171083333333], [16.910826, 78.66171083333333], [16.910825666666664, 78.66171083333333], [16.91082533333333, 78.66171083333333], [16.91082533333333, 78.66171083333333], [16.910824833333333, 78.66171083333333], [16.9108245, 78.66171083333333], [16.910823999999998, 78.66171083333333], [16.910823666666666, 78.66171083333333], [16.910823166666667, 78.66171083333333], [16.910823, 78.661711], [16.910823, 78.661711], [16.9108225, 78.661711], [16.910822166666666, 78.661711], [16.910821833333333, 78.66171083333333], [16.910821333333335, 78.661711], [16.910821, 78.661711], [16.910820833333332, 78.661711], [16.910820666666666, 78.66171083333333], [16.910820166666667, 78.661711], [16.910819666666665, 78.661711], [16.9108195, 78.661711], [16.910818833333334, 78.661711], [16.9108185, 78.661711], [16.910818166666665, 78.66171116666666], [16.9108175, 78.66171116666666], [16.910817333333334, 78.66171116666666], [16.910816833333335, 78.66171116666666], [16.910816333333333, 78.66171116666666], [16.910815833333334, 78.66171116666666], [16.910815666666668, 78.66171133333334], [16.910815, 78.66171133333334], [16.910814333333335, 78.66171133333334], [16.910814000000002, 78.66171133333334], [16.910813333333333, 78.66171133333334], [16.910812833333335, 78.66171133333334], [16.910812500000002, 78.66171133333334], [16.910812, 78.66171133333334], [16.9108115, 78.66171133333334], [16.910811333333335, 78.66171133333334], [16.9108105, 78.66171133333334], [16.910810166666668, 78.66171133333334], [16.910809166666663, 78.66171133333334], [16.91080883333333, 78.66171133333334], [16.910808166666666, 78.66171133333334], [16.910807666666663, 78.66171133333334], [16.910807, 78.66171133333334], [16.910806166666667, 78.66171133333334], [16.910805333333332, 78.6617115], [16.910804833333334, 78.6617115], [16.910804166666665, 78.6617115], [16.910803666666666, 78.6617115], [16.910803166666668, 78.6617115], [16.91080283333333, 78.6617115], [16.910802166666667, 78.6617115], [16.910801666666668, 78.6617115], [16.910801166666666, 78.6617115], [16.910800833333333, 78.6617115], [16.910800166666668, 78.6617115], [16.910799833333332, 78.6617115], [16.910799333333333, 78.6617115], [16.910798833333335, 78.66171166666666], [16.910798333333332, 78.6617115], [16.910797833333334, 78.66171166666666], [16.9107975, 78.66171166666666], [16.910796666666666, 78.66171166666666], [16.910796333333334, 78.66171166666666], [16.9107955, 78.66171183333333], [16.910795, 78.66171183333333], [16.9107945, 78.66171183333333], [16.910794, 78.66171183333333], [16.9107935, 78.66171183333333], [16.910793, 78.66171200000001], [16.9107925, 78.66171200000001], [16.910791833333334, 78.66171200000001], [16.910791333333336, 78.66171200000001], [16.91079116666667, 78.66171200000001], [16.9107905, 78.66171216666666], [16.910790000000002, 78.66171216666666], [16.9107895, 78.66171216666666], [16.910789, 78.66171216666666], [16.910788500000002, 78.66171216666666], [16.910788, 78.66171216666666], [16.910787666666668, 78.66171216666666], [16.910787000000003, 78.66171233333333], [16.91078666666667, 78.66171233333333], [16.910785833333332, 78.66171233333333], [16.910785333333333, 78.66171233333333], [16.910784666666665, 78.66171250000001], [16.910784166666666, 78.66171250000001], [16.910783499999997, 78.66171250000001], [16.910783166666665, 78.66171250000001], [16.910782666666666, 78.66171250000001], [16.910782166666667, 78.66171250000001], [16.9107815, 78.66171250000001], [16.910780666666668, 78.66171250000001], [16.910779833333333, 78.66171250000001], [16.910779166666668, 78.66171250000001], [16.9107785, 78.66171250000001], [16.910777833333334, 78.66171250000001], [16.9107775, 78.66171250000001], [16.910776666666667, 78.66171250000001], [16.910776, 78.66171250000001], [16.910775333333333, 78.66171233333333], [16.9107745, 78.66171233333333], [16.9107735, 78.66171250000001], [16.910772833333333, 78.66171250000001], [16.910772, 78.66171250000001], [16.910771333333333, 78.66171250000001], [16.910770333333335, 78.66171250000001], [16.910769833333333, 78.66171250000001], [16.910768833333336, 78.66171250000001], [16.910768166666667, 78.66171250000001], [16.910767333333336, 78.66171250000001], [16.910766333333335, 78.66171250000001], [16.910765166666668, 78.66171250000001], [16.910764333333336, 78.66171250000001], [16.910763499999998, 78.66171250000001], [16.910762666666667, 78.66171233333333], [16.910761666666666, 78.66171233333333], [16.91076083333333, 78.66171233333333], [16.910759833333334, 78.66171233333333], [16.910759, 78.66171216666666], [16.910758166666668, 78.66171216666666], [16.910757333333333, 78.66171216666666], [16.91075633333333, 78.66171216666666], [16.9107555, 78.66171216666666], [16.910754666666666, 78.66171200000001], [16.91075366666667, 78.66171200000001], [16.910752833333333, 78.66171200000001], [16.910752, 78.66171183333333], [16.910751333333334, 78.66171183333333], [16.91075066666667, 78.66171183333333], [16.91075, 78.66171166666666], [16.9107495, 78.66171166666666], [16.910749, 78.6617115], [16.9107485, 78.6617115], [16.910748333333334, 78.66171133333334], [16.91074766666667, 78.66171133333334], [16.9107475, 78.66171116666666], [16.910746833333334, 78.66171116666666], [16.910746500000002, 78.66171116666666], [16.910745833333333, 78.661711], [16.91074516666667, 78.66171083333333], [16.910744833333336, 78.66171083333333], [16.910744166666667, 78.66171066666668], [16.91074366666667, 78.66171066666668], [16.91074316666667, 78.66171066666668], [16.9107425, 78.6617105], [16.910741833333336, 78.6617105], [16.91074133333333, 78.6617105], [16.9107405, 78.66171033333333], [16.91073983333333, 78.66171033333333], [16.910739166666666, 78.66171033333333], [16.910738499999997, 78.66171033333333], [16.910737666666666, 78.66171016666667], [16.910737166666667, 78.66171016666667], [16.910736666666665, 78.66171016666667], [16.910736, 78.66171], [16.91073533333333, 78.66171], [16.910734833333333, 78.66171], [16.910734166666668, 78.66171], [16.9107335, 78.66171], [16.910733, 78.66170983333333], [16.910732166666666, 78.66170983333333], [16.910731666666667, 78.66170983333333], [16.910730833333332, 78.66170983333333], [16.910730333333333, 78.66170966666667], [16.9107295, 78.66170966666667], [16.910728833333334, 78.66170966666667], [16.910728, 78.6617095], [16.910727333333334, 78.6617095], [16.9107265, 78.6617095], [16.9107255, 78.66170933333333], [16.910724833333333, 78.66170933333333], [16.910723833333336, 78.66170933333333], [16.910723, 78.66170916666667], [16.91072216666667, 78.66170916666667], [16.910721333333335, 78.66170916666667], [16.910720166666668, 78.66170916666667], [16.910719500000003, 78.66170916666667], [16.910718499999998, 78.661709], [16.910717499999997, 78.661709], [16.9107165, 78.661709], [16.910715666666665, 78.661709], [16.910714666666667, 78.66170883333332], [16.910713833333332, 78.66170883333332], [16.910712999999998, 78.66170883333332], [16.910712, 78.66170883333332], [16.91071133333333, 78.66170883333332], [16.910710166666668, 78.66170866666667], [16.910709333333333, 78.66170866666667], [16.910708166666666, 78.66170866666667], [16.910707, 78.66170866666667], [16.910706166666667, 78.6617085], [16.910705166666666, 78.6617085], [16.910704, 78.6617085], [16.910703, 78.6617085], [16.910702, 78.66170833333334], [16.910701, 78.66170833333334], [16.9106995, 78.66170833333334], [16.910698500000002, 78.66170833333334], [16.9106975, 78.66170833333334], [16.91069666666667, 78.66170833333334], [16.91069583333333, 78.66170833333334], [16.910694999999997, 78.66170816666666], [16.910693833333333, 78.66170816666666], [16.910693, 78.66170816666666], [16.910691999999997, 78.66170816666666], [16.910691, 78.66170816666666], [16.91069, 78.66170816666666], [16.910689166666668, 78.66170816666666], [16.910688333333333, 78.66170816666666], [16.910687499999998, 78.661708], [16.910686666666667, 78.661708], [16.910685833333332, 78.661708], [16.910684833333335, 78.661708], [16.910683833333334, 78.661708], [16.910683, 78.661708], [16.910682, 78.661708], [16.910681166666667, 78.661708], [16.910680333333335, 78.661708], [16.9106795, 78.66170816666666], [16.910678833333336, 78.66170816666666], [16.910678, 78.66170816666666], [16.910677333333336, 78.66170816666666], [16.910676666666667, 78.66170816666666], [16.910675833333336, 78.66170816666666], [16.910675166666667, 78.66170816666666], [16.910674333333336, 78.66170816666666], [16.910673166666665, 78.66170816666666], [16.91067233333333, 78.66170816666666], [16.910671333333333, 78.66170816666666], [16.910670333333332, 78.66170816666666], [16.91066933333333, 78.66170816666666], [16.9106685, 78.66170816666666], [16.910667333333333, 78.66170816666666], [16.91066633333333, 78.66170816666666], [16.910665333333334, 78.66170833333334], [16.910664333333333, 78.66170833333334], [16.910663333333332, 78.66170833333334], [16.910662333333335, 78.66170833333334], [16.910661333333334, 78.66170833333334], [16.91066066666667, 78.66170833333334], [16.910659833333334, 78.66170833333334], [16.910658666666667, 78.66170833333334], [16.910657833333335, 78.66170833333334], [16.910657, 78.66170833333334], [16.91065616666667, 78.66170833333334], [16.910655000000002, 78.66170833333334], [16.910653833333335, 78.66170833333334], [16.910652333333335, 78.66170816666666], [16.910650333333333, 78.66170783333334], [16.910647166666667, 78.66170749999999], [16.910644833333333, 78.66170699999999], [16.910642166666666, 78.66170650000001], [16.91063966666667, 78.66170616666666], [16.910637666666666, 78.66170583333333], [16.910635833333334, 78.6617055], [16.91063366666667, 78.66170533333334], [16.910632833333334, 78.661705], [16.910632, 78.66170483333333], [16.91063116666667, 78.66170466666668], [16.910631000000002, 78.6617045], [16.910630333333334, 78.66170433333333], [16.910629500000002, 78.66170416666667], [16.910628499999998, 78.661704], [16.910627833333333, 78.661704], [16.910626999999998, 78.66170383333333], [16.910626666666666, 78.66170366666667], [16.910626833333332, 78.6617035], [16.910627666666667, 78.66170333333334], [16.91062883333333, 78.661703], [16.910630333333334, 78.6617025], [16.910632500000002, 78.661702], [16.91063516666667, 78.66170166666667], [16.910638, 78.66170133333334], [16.910641166666668, 78.66170116666667], [16.910644166666668, 78.661701], [16.910646666666665, 78.66170083333333], [16.910649166666666, 78.66170083333333], [16.910651833333336, 78.66170083333333], [16.910654333333333, 78.66170083333333], [16.910657333333333, 78.66170066666668], [16.91066, 78.66170066666668], [16.910662, 78.66170066666668], [16.910664333333333, 78.66170066666668], [16.910666499999998, 78.66170066666668], [16.9106685, 78.66170066666668], [16.910671166666667, 78.66170066666668], [16.910673999999997, 78.66170066666668], [16.910677, 78.66170083333333], [16.910679666666667, 78.661701], [16.910682166666668, 78.661701], [16.910684166666666, 78.66170116666667], [16.910685666666666, 78.66170133333334], [16.910687499999998, 78.66170149999999], [16.910689166666668, 78.66170149999999], [16.910690166666665, 78.66170166666667], [16.910691166666666, 78.66170183333334], [16.910691999999997, 78.661702], [16.910692333333333, 78.66170233333334], [16.910692666666666, 78.6617025], [16.910693499999997, 78.66170266666667], [16.910694, 78.66170283333332], [16.910694999999997, 78.661703], [16.910695999999998, 78.66170316666667], [16.9106975, 78.66170333333334], [16.910699166666667, 78.6617035], [16.91070116666667, 78.66170366666667], [16.910703, 78.66170383333333], [16.910704666666668, 78.66170383333333], [16.910706333333334, 78.661704], [16.910708, 78.661704], [16.9107095, 78.66170416666667], [16.910710833333333, 78.66170416666667], [16.9107125, 78.66170433333333], [16.910714166666665, 78.66170433333333], [16.910715666666665, 78.6617045], [16.910717166666664, 78.66170466666668], [16.910718666666664, 78.66170466666668], [16.91072, 78.66170483333333], [16.9107215, 78.661705], [16.910722833333335, 78.66170516666666], [16.9107245, 78.66170516666666], [16.910726, 78.66170533333334], [16.910727666666666, 78.66170533333334], [16.910729166666666, 78.6617055], [16.910730333333333, 78.66170566666666], [16.910731833333333, 78.66170583333333], [16.910733, 78.66170600000001], [16.910734333333334, 78.66170600000001], [16.910735499999998, 78.66170616666666], [16.91073683333333, 78.66170633333333], [16.910738, 78.66170650000001], [16.910739333333332, 78.66170666666667], [16.9107405, 78.66170683333333], [16.910741499999997, 78.66170683333333], [16.910742666666668, 78.66170699999999], [16.910743500000002, 78.66170716666667], [16.9107445, 78.66170733333334], [16.9107455, 78.66170749999999], [16.910746666666668, 78.66170766666667], [16.9107475, 78.66170783333334], [16.910748666666667, 78.661708], [16.9107495, 78.661708], [16.9107505, 78.66170816666666], [16.9107515, 78.66170833333334], [16.910752333333335, 78.6617085], [16.910753, 78.6617085], [16.910753833333334, 78.66170866666667], [16.910754833333332, 78.66170883333332], [16.910755666666667, 78.661709], [16.910756499999998, 78.661709], [16.9107575, 78.66170916666667], [16.910757999999998, 78.66170933333333], [16.9107585, 78.6617095], [16.910759166666665, 78.66170966666667], [16.910759833333334, 78.66170966666667], [16.910760666666665, 78.66170983333333], [16.9107615, 78.66171], [16.91076233333333, 78.66171], [16.910763166666666, 78.66171016666667], [16.910763666666664, 78.66171016666667], [16.910764333333336, 78.66171033333333], [16.910765, 78.6617105], [16.91076566666667, 78.6617105], [16.9107665, 78.6617105], [16.91076716666667, 78.66171066666668], [16.910768, 78.66171066666668], [16.9107685, 78.66171083333333], [16.910769000000002, 78.66171083333333], [16.9107695, 78.661711], [16.91077016666667, 78.661711], [16.9107705, 78.66171116666666], [16.910771, 78.66171116666666], [16.9107715, 78.66171133333334], [16.910772, 78.66171133333334], [16.910772333333334, 78.66171133333334], [16.910772666666666, 78.66171133333334], [16.91077316666667, 78.66171133333334], [16.910773833333334, 78.6617115], [16.910774333333332, 78.6617115], [16.910774833333335, 78.6617115], [16.910775166666667, 78.66171166666666], [16.910775833333332, 78.66171166666666], [16.910776333333335, 78.66171166666666], [16.910776833333333, 78.66171183333333], [16.910777333333332, 78.66171183333333], [16.910777666666668, 78.66171183333333], [16.910778166666667, 78.66171200000001], [16.910778666666666, 78.66171200000001], [16.910779166666668, 78.66171216666666], [16.910779833333333, 78.66171216666666], [16.910780166666665, 78.66171233333333], [16.910780499999998, 78.66171233333333], [16.910780499999998, 78.66171233333333], [16.910780833333334, 78.66171250000001], [16.910781166666666, 78.66171266666667], [16.9107815, 78.66171266666667], [16.91078183333333, 78.66171266666667], [16.910781999999998, 78.66171283333333], [16.910782333333334, 78.66171283333333], [16.9107825, 78.66171299999999], [16.910782666666666, 78.66171299999999], [16.910782833333332, 78.66171299999999], [16.910783166666665, 78.66171316666667], [16.910783, 78.66171316666667], [16.910783166666665, 78.66171333333334], [16.910783166666665, 78.66171333333334], [16.91078333333333, 78.66171333333334], [16.91078333333333, 78.66171333333334], [16.910783666666667, 78.66171349999999], [16.910783499999997, 78.66171349999999], [16.910784, 78.66171349999999], [16.910784, 78.66171349999999], [16.910784, 78.66171366666667], [16.910784, 78.66171366666667], [16.910784166666666, 78.66171383333334], [16.910784166666666, 78.66171383333334], [16.9107845, 78.66171383333334], [16.910784666666665, 78.661714], [16.910784666666665, 78.66171416666666], [16.91078483333333, 78.66171416666666], [16.91078483333333, 78.66171433333334], [16.910784999999997, 78.6617145], [16.91078483333333, 78.6617145], [16.91078483333333, 78.66171466666667], [16.910784999999997, 78.66171483333332], [16.91078483333333, 78.661715], [16.910784999999997, 78.66171516666667], [16.910785166666667, 78.66171516666667], [16.910784999999997, 78.66171533333333], [16.910785166666667, 78.6617155], [16.910785333333333, 78.66171566666667], [16.910785166666667, 78.66171583333333], [16.910784999999997, 78.66171583333333], [16.910785166666667, 78.661716], [16.910785166666667, 78.66171616666666], [16.910784999999997, 78.66171633333333], [16.910785166666667, 78.66171666666668], [16.910785166666667, 78.66171683333333], [16.910785333333333, 78.661717], [16.910785333333333, 78.66171716666666], [16.9107855, 78.66171733333334], [16.9107855, 78.6617175], [16.910785666666666, 78.66171766666666], [16.910785666666666, 78.66171783333333], [16.910785666666666, 78.66171800000001], [16.910785999999998, 78.66171816666666], [16.910786166666664, 78.66171833333333], [16.910786499999997, 78.6617185], [16.91078666666667, 78.66171883333332], [16.91078666666667, 78.66171883333332], [16.910787000000003, 78.66171899999999], [16.910787333333335, 78.66171916666667], [16.91078716666667, 78.66171933333334], [16.910787333333335, 78.66171949999999], [16.910787666666668, 78.66171983333334], [16.910787833333334, 78.66172], [16.91078816666667, 78.66172016666665], [16.910788500000002, 78.66172033333334], [16.91078866666667, 78.66172033333334], [16.910789, 78.6617205], [16.910789333333334, 78.66172066666667], [16.910789833333336, 78.66172083333332], [16.910790333333335, 78.661721], [16.910790833333333, 78.661721], [16.910791333333336, 78.66172116666667], [16.910791666666668, 78.66172133333333], [16.910792, 78.66172133333333], [16.910792166666667, 78.66172150000001], [16.910792333333333, 78.66172166666666], [16.910792333333333, 78.661722], [16.9107925, 78.66172216666668], [16.910792333333333, 78.66172233333333], [16.910792, 78.6617225], [16.910792, 78.66172266666668], [16.910792, 78.66172266666668], [16.910792, 78.66172283333334], [16.910792, 78.661723], [16.910791666666668, 78.66172316666666], [16.910791666666668, 78.66172316666666], [16.910791333333336, 78.66172333333334], [16.91079116666667, 78.66172333333334], [16.910790833333333, 78.66172350000001], [16.910790666666667, 78.66172350000001], [16.910790333333335, 78.66172366666666], [16.910790333333335, 78.66172366666666], [16.910790000000002, 78.66172366666666], [16.91078966666667, 78.66172383333333], [16.910789166666667, 78.66172383333333], [16.910788833333335, 78.66172383333333], [16.910788333333336, 78.661724], [16.910788, 78.661724], [16.910787666666668, 78.66172416666667], [16.910787000000003, 78.66172416666667], [16.910786499999997, 78.66172416666667], [16.910785666666666, 78.66172416666667], [16.910785166666667, 78.66172416666667], [16.9107845, 78.66172416666667], [16.910783666666667, 78.66172416666667], [16.910783, 78.66172416666667], [16.910782333333334, 78.66172416666667], [16.9107815, 78.66172416666667], [16.910780499999998, 78.66172433333332], [16.910779666666667, 78.66172433333332], [16.910778999999998, 78.66172433333332], [16.910778, 78.66172433333332], [16.910777, 78.6617245], [16.910776, 78.6617245], [16.910775333333333, 78.6617245], [16.910774333333332, 78.6617245], [16.910773333333335, 78.6617245], [16.910772333333334, 78.66172466666667], [16.910771333333333, 78.66172466666667], [16.910770333333335, 78.66172466666667], [16.910769333333334, 78.66172466666667], [16.91076866666667, 78.66172466666667], [16.91076766666667, 78.66172483333334], [16.910766833333334, 78.66172483333334], [16.910765833333336, 78.66172483333334], [16.910765, 78.66172483333334], [16.910764333333336, 78.66172483333334], [16.910763499999998, 78.66172499999999], [16.910762499999997, 78.66172499999999], [16.9107615, 78.66172499999999], [16.9107605, 78.66172499999999], [16.910759666666667, 78.66172499999999], [16.910758833333333, 78.66172516666667], [16.91075783333333, 78.66172516666667], [16.910756833333334, 78.66172516666667], [16.910755666666667, 78.66172516666667], [16.910754666666666, 78.66172516666667], [16.910753833333334, 78.66172516666667], [16.910752833333333, 78.66172533333334], [16.910751666666666, 78.66172533333334], [16.910750833333335, 78.66172516666667], [16.91075, 78.66172516666667], [16.910749, 78.66172516666667], [16.910748166666668, 78.66172516666667], [16.9107475, 78.66172533333334], [16.910747, 78.66172533333334], [16.910746333333336, 78.6617255], [16.9107455, 78.6617255], [16.910745000000002, 78.6617255], [16.910744333333334, 78.66172566666667], [16.91074366666667, 78.66172566666667], [16.91074316666667, 78.66172583333334], [16.910742333333335, 78.66172583333334], [16.910741833333336, 78.661726], [16.91074133333333, 78.66172616666667], [16.910740666666666, 78.66172616666667], [16.910739999999997, 78.66172633333333], [16.910739333333332, 78.6617265], [16.910738666666667, 78.6617265], [16.910738, 78.66172666666667], [16.910737333333334, 78.66172683333333], [16.910736666666665, 78.661727], [16.910736, 78.66172716666667], [16.91073533333333, 78.66172716666667], [16.910734666666666, 78.66172733333333], [16.910734166666668, 78.66172750000001], [16.910733666666665, 78.66172766666666], [16.910733166666667, 78.66172783333333], [16.910732666666668, 78.66172783333333], [16.910732, 78.661728], [16.9107315, 78.66172816666668], [16.910731, 78.66172833333333], [16.9107305, 78.66172833333333], [16.910730166666667, 78.6617285], [16.910729333333332, 78.66172866666668], [16.910729, 78.66172866666668], [16.9107285, 78.66172883333334], [16.91072816666667, 78.661729], [16.910727666666666, 78.661729], [16.910727166666668, 78.661729], [16.91072666666667, 78.66172916666666], [16.910726166666667, 78.66172916666666], [16.910725666666668, 78.66172933333334], [16.910725333333335, 78.66172933333334], [16.910724666666667, 78.66172933333334], [16.910724000000002, 78.66172933333334], [16.910723333333333, 78.66172933333334], [16.910722833333335, 78.66172933333334], [16.910722333333336, 78.66172933333334], [16.910721666666667, 78.6617295], [16.910720833333336, 78.6617295], [16.910720333333334, 78.66172933333334], [16.91071966666667, 78.66172933333334], [16.91071916666667, 78.66172933333334], [16.910718666666664, 78.6617295], [16.910718, 78.6617295], [16.910717499999997, 78.6617295], [16.910717166666664, 78.66172933333334], [16.910716999999998, 78.66172933333334], [16.9107165, 78.66172933333334], [16.910715666666665, 78.66172933333334], [16.910715166666666, 78.66172933333334], [16.910714666666667, 78.66172933333334], [16.910714166666665, 78.66172933333334], [16.910713833333332, 78.66172933333334], [16.910713666666666, 78.66172933333334], [16.910712999999998, 78.66172933333334], [16.9107125, 78.66172933333334], [16.910712166666666, 78.66172933333334], [16.910711666666668, 78.66172933333334], [16.910711499999998, 78.6617295], [16.910711, 78.6617295], [16.910710666666667, 78.66172966666666], [16.910709999999998, 78.66172983333333], [16.9107095, 78.66172983333333], [16.910709333333333, 78.66173], [16.910708833333334, 78.66173], [16.9107085, 78.66173033333332], [16.910707833333333, 78.6617305], [16.910706833333332, 78.66173066666667], [16.910706333333334, 78.66173083333334], [16.91070566666667, 78.66173099999999], [16.910704666666668, 78.66173099999999], [16.910703833333333, 78.66173116666667], [16.910703, 78.66173133333334], [16.910702333333333, 78.6617315], [16.910701500000002, 78.66173166666667], [16.9107005, 78.66173183333333], [16.910699333333334, 78.661732], [16.910698500000002, 78.66173216666667], [16.910697833333334, 78.6617325], [16.910697666666668, 78.66173266666667], [16.910698333333336, 78.66173283333333], [16.910698, 78.66173283333333], [16.910697666666668, 78.66173283333333], [16.910698833333335, 78.66173283333333], [16.910700666666667, 78.66173283333333], [16.910704, 78.66173266666667], [16.910706833333332, 78.6617325], [16.910710666666667, 78.6617325], [16.910713333333334, 78.6617325], [16.91071583333333, 78.6617325], [16.910718166666665, 78.66173216666667], [16.9107205, 78.661732], [16.910722833333335, 78.66173183333333], [16.910725, 78.66173166666667], [16.910727, 78.6617315], [16.910729, 78.66173116666667], [16.910731, 78.66173083333334], [16.910733, 78.66173066666667], [16.910734666666666, 78.66173033333332], [16.9107365, 78.66173], [16.910738, 78.66172966666666], [16.910739999999997, 78.66172933333334], [16.91074166666667, 78.66172916666666], [16.910743333333336, 78.66172883333334], [16.910745000000002, 78.6617285], [16.910746500000002, 78.66172816666668], [16.910748166666668, 78.66172766666666], [16.910749833333334, 78.66172733333333], [16.910751166666667, 78.661727], [16.910752333333335, 78.66172666666667], [16.9107535, 78.66172633333333], [16.910754666666666, 78.661726], [16.910755666666667, 78.66172566666667], [16.91075633333333, 78.66172533333334], [16.910757, 78.66172499999999], [16.91075783333333, 78.66172466666667], [16.910758666666666, 78.66172433333332], [16.91075933333333, 78.661724], [16.91076, 78.66172366666666], [16.910760666666665, 78.66172350000001], [16.910760999999997, 78.66172316666666], [16.910761666666666, 78.66172283333334], [16.910762166666665, 78.66172266666668], [16.910762833333333, 78.6617225], [16.910763166666666, 78.66172216666668], [16.910763666666664, 78.661722], [16.910763999999997, 78.66172166666666], [16.910764333333336, 78.66172150000001], [16.91076466666667, 78.66172116666667], [16.910764833333335, 78.661721], [16.910765, 78.66172083333332], [16.910765333333334, 78.6617205], [16.91076566666667, 78.66172016666665], [16.910765833333336, 78.66172], [16.910765833333336, 78.66171966666667], [16.910765833333336, 78.66171949999999], [16.910765833333336, 78.66171916666667], [16.910766000000002, 78.66171899999999], [16.910766000000002, 78.66171866666667], [16.91076616666667, 78.66171833333333], [16.910766000000002, 78.66171816666666], [16.910765833333336, 78.66171783333333], [16.91076566666667, 78.66171766666666], [16.91076566666667, 78.66171733333334], [16.9107655, 78.661717], [16.910765333333334, 78.66171683333333], [16.910765333333334, 78.6617165], [16.910765166666668, 78.66171633333333], [16.910765166666668, 78.661716], [16.910765, 78.66171566666667], [16.910764833333335, 78.66171533333333], [16.91076466666667, 78.66171516666667], [16.910764500000003, 78.66171483333332], [16.910764333333336, 78.6617145], [16.910764333333336, 78.66171433333334], [16.910764500000003, 78.661714], [16.910764333333336, 78.66171383333334], [16.910764333333336, 78.66171349999999], [16.910763999999997, 78.66171333333334], [16.910763999999997, 78.66171299999999], [16.91076383333333, 78.66171283333333], [16.910763499999998, 78.66171266666667], [16.910763499999998, 78.66171233333333], [16.910763333333332, 78.66171200000001], [16.910763166666666, 78.66171183333333], [16.910763333333332, 78.6617115], [16.910763333333332, 78.66171133333334], [16.910763166666666, 78.66171116666666], [16.910763, 78.66171083333333], [16.910763, 78.66171066666668], [16.910762833333333, 78.6617105], [16.910763166666666, 78.66171016666667], [16.910763, 78.66171], [16.910762666666667, 78.66170983333333], [16.910762833333333, 78.66170966666667], [16.910762666666667, 78.66170933333333], [16.910762666666667, 78.66170916666667], [16.910762833333333, 78.661709], [16.910763, 78.66170883333332], [16.910763166666666, 78.66170866666667], [16.910763166666666, 78.66170866666667], [16.910763, 78.6617085], [16.910763, 78.66170833333334], [16.910763166666666, 78.66170816666666], [16.910763166666666, 78.661708], [16.910763166666666, 78.66170783333334], [16.910763, 78.66170766666667], [16.910762833333333, 78.66170749999999], [16.910763, 78.66170733333334], [16.910763166666666, 78.66170716666667], [16.910763, 78.66170699999999], [16.910762833333333, 78.66170683333333], [16.910762666666667, 78.66170666666667], [16.910762499999997, 78.66170650000001], [16.910762499999997, 78.66170633333333], [16.91076233333333, 78.66170616666666], [16.910762166666665, 78.66170600000001], [16.910761833333332, 78.66170583333333], [16.910761833333332, 78.66170583333333], [16.910762, 78.66170566666666], [16.910762166666665, 78.6617055], [16.910762, 78.66170533333334], [16.910761833333332, 78.66170516666666], [16.910762, 78.661705], [16.910762166666665, 78.66170483333333], [16.910762166666665, 78.66170466666668], [16.91076233333333, 78.6617045], [16.91076233333333, 78.66170416666667], [16.910762499999997, 78.661704], [16.910762833333333, 78.66170383333333], [16.910762833333333, 78.66170383333333], [16.910762666666667, 78.66170366666667], [16.910762833333333, 78.6617035], [16.910762666666667, 78.66170333333334], [16.910762833333333, 78.66170316666667], [16.910762833333333, 78.661703], [16.910763, 78.66170283333332], [16.910762833333333, 78.66170283333332], [16.910762833333333, 78.66170266666667], [16.910763, 78.6617025], [16.910763, 78.6617025], [16.910763166666666, 78.66170233333334], [16.910763, 78.66170216666666], [16.910763, 78.661702], [16.910763, 78.66170183333334], [16.910763, 78.66170166666667], [16.910762833333333, 78.66170149999999], [16.910762666666667, 78.66170133333334], [16.91076233333333, 78.66170133333334], [16.91076233333333, 78.66170116666667], [16.910762, 78.66170116666667], [16.910761833333332, 78.661701], [16.910761666666666, 78.66170083333333], [16.9107615, 78.66170066666668], [16.910761166666667, 78.66170066666668], [16.910760999999997, 78.66170050000001], [16.910760666666665, 78.66170033333333], [16.9107605, 78.66170033333333], [16.910760166666666, 78.66170016666666], [16.91076, 78.66170000000001], [16.910759833333334, 78.66169983333333], [16.910759833333334, 78.66169983333333], [16.910759499999998, 78.66169966666666], [16.910759166666665, 78.6616995], [16.910758833333333, 78.66169933333335], [16.910758333333334, 78.66169933333335], [16.910757999999998, 78.66169916666666], [16.910757666666665, 78.66169916666666], [16.910757333333333, 78.661699], [16.910757166666667, 78.66169883333333], [16.910757, 78.66169883333333], [16.910756666666668, 78.66169866666668], [16.91075633333333, 78.6616985], [16.910755833333333, 78.6616985], [16.910755166666668, 78.66169833333333], [16.910754666666666, 78.66169816666667], [16.910754333333333, 78.66169816666667], [16.910754166666667, 78.66169799999999], [16.910754, 78.66169783333333], [16.91075366666667, 78.66169766666667], [16.910753333333332, 78.66169766666667], [16.910753166666666, 78.6616975], [16.910753, 78.66169733333332], [16.910752833333333, 78.66169733333332], [16.9107525, 78.66169716666667], [16.910752, 78.66169716666667], [16.910751833333332, 78.661697], [16.9107515, 78.66169683333332], [16.910751333333334, 78.66169683333332], [16.910751, 78.66169683333332], [16.9107505, 78.66169666666666], [16.91075, 78.6616965], [16.9107495, 78.6616965], [16.9107495, 78.66169633333334], [16.9107495, 78.66169633333334], [16.91074916666667, 78.66169616666666], [16.910748666666667, 78.66169599999999], [16.910748666666667, 78.66169599999999], [16.910748333333334, 78.66169583333334], [16.910748, 78.66169583333334], [16.91074766666667, 78.66169566666667], [16.910747166666667, 78.6616955], [16.910746666666668, 78.6616955], [16.910745666666667, 78.66169533333333], [16.910744833333336, 78.66169516666668], [16.910743833333335, 78.66169516666668], [16.910742833333334, 78.661695], [16.910741833333336, 78.661695], [16.9107405, 78.66169483333333], [16.910739666666665, 78.66169483333333], [16.910738666666667, 78.66169466666666], [16.9107375, 78.66169450000001], [16.910736666666665, 78.66169450000001], [16.910735833333334, 78.66169433333333], [16.910735, 78.66169416666666], [16.910734333333334, 78.66169416666666], [16.91073383333333, 78.661694], [16.910733, 78.661694], [16.910732499999998, 78.66169383333333], [16.910731666666667, 78.66169383333333], [16.910731, 78.66169366666666], [16.910730166666667, 78.66169366666666], [16.910729333333332, 78.6616935], [16.910728833333334, 78.66169333333333], [16.910728, 78.66169333333333], [16.910727166666668, 78.66169316666667], [16.910726333333333, 78.66169316666667], [16.9107255, 78.661693], [16.9107245, 78.661693], [16.91072366666667, 78.66169283333333], [16.91072266666667, 78.66169283333333], [16.910721833333334, 78.66169266666667], [16.91072116666667, 78.6616925], [16.910720333333334, 78.6616925], [16.91071966666667, 78.66169233333333], [16.91071883333333, 78.66169233333333], [16.910718, 78.66169233333333], [16.910717166666664, 78.66169216666667], [16.910716333333333, 78.66169216666667], [16.910715333333332, 78.66169199999999], [16.910714666666667, 78.66169199999999], [16.910713833333332, 78.66169199999999], [16.91071283333333, 78.66169199999999], [16.910712166666666, 78.66169183333334], [16.91071133333333, 78.66169183333334], [16.910710666666667, 78.66169183333334], [16.910709833333332, 78.66169183333334], [16.910709, 78.66169183333334], [16.910708166666666, 78.66169166666667], [16.91070716666667, 78.66169166666667], [16.9107065, 78.66169166666667], [16.910706, 78.66169166666667], [16.910705166666666, 78.6616915], [16.910704333333335, 78.6616915], [16.9107035, 78.66169133333332], [16.910702833333335, 78.66169133333332], [16.910702, 78.66169133333332], [16.91070116666667, 78.66169133333332], [16.9107005, 78.66169133333332], [16.9106995, 78.66169133333332], [16.91069866666667, 78.66169116666667], [16.910697833333334, 78.66169116666667], [16.910696833333336, 78.66169116666667], [16.91069583333333, 78.66169116666667], [16.910694499999998, 78.661691], [16.910692666666666, 78.66169083333332], [16.910690166666665, 78.66169066666666], [16.910687166666666, 78.6616905], [16.910684333333332, 78.66169016666666], [16.910681, 78.66168983333334], [16.910677500000002, 78.6616895], [16.91067333333333, 78.661689], [16.910669166666665, 78.66168883333333], [16.910664333333333, 78.66168866666666], [16.91065916666667, 78.66168850000001], [16.91065466666667, 78.66168850000001], [16.91065083333333, 78.66168866666666], [16.910647666666666, 78.66168883333333], [16.910644666666666, 78.6616895], [16.910642499999998, 78.66169016666666], [16.91063966666667, 78.66169083333332], [16.910637, 78.66169183333334], [16.910634166666668, 78.6616925], [16.910632666666668, 78.66169333333333]]]}}]}