{"type": "FeatureCollection", "features": [{"type": "Feature", "properties": {"recording": "20260907_123153", "kind": "recorded GPS track"}, "geometry": {"type": "MultiLineString", "coordinates": [[[16.91063116666667, 78.66169433333333], [16.91063, 78.66169516666668], [16.91062883333333, 78.66169616666666], [16.91062833333333, 78.66169716666667], [16.91062916666667, 78.66169799999999], [16.910630333333334, 78.66169866666668], [16.91063116666667, 78.66169933333335], [16.910632666666668, 78.66169983333333], [16.910634833333333, 78.66170033333333], [16.910636166666666, 78.66170050000001], [16.9106385, 78.66170083333333], [16.910640666666666, 78.66170116666667], [16.910642833333334, 78.66170133333334], [16.91064533333333, 78.66170149999999], [16.910648, 78.66170166666667], [16.910650999999998, 78.66170183333334], [16.910654166666667, 78.66170183333334], [16.910657333333333, 78.66170166666667], [16.910659833333334, 78.66170166666667], [16.91066216666667, 78.66170183333334], [16.910664333333333, 78.66170183333334], [16.910666833333334, 78.661702], [16.910669166666665, 78.661702], [16.910671666666666, 78.661702], [16.91067416666667, 78.66170183333334], [16.910676333333335, 78.66170183333334], [16.91067866666667, 78.66170166666667], [16.910681, 78.66170166666667], [16.91068316666667, 78.66170166666667], [16.9106855, 78.66170183333334], [16.910688333333333, 78.66170183333334], [16.910691166666666, 78.661702], [16.910694166666666, 78.66170216666666], [16.91069716666667, 78.66170233333334], [16.910700000000002, 78.6617025], [16.910702833333335, 78.66170266666667], [16.91070566666667, 78.66170283333332], [16.910708166666666, 78.66170316666667], [16.9107105, 78.66170333333334], [16.910713333333334, 78.6617035], [16.91071583333333, 78.66170383333333], [16.91071833333333, 78.661704], [16.91072066666667, 78.66170416666667], [16.910723, 78.6617045], [16.910726, 78.66170483333333], [16.910728666666667, 78.661705], [16.910731, 78.66170533333334], [16.910733166666667, 78.66170566666666], [16.910735166666665, 78.66170583333333], [16.910737166666667, 78.66170616666666], [16.910739, 78.66170633333333], [16.910740666666666, 78.66170666666667], [16.91074216666667, 78.66170699999999], [16.91074366666667, 78.66170733333334], [16.910745000000002, 78.66170749999999], [16.91074616666667, 78.66170783333334], [16.9107475, 78.66170816666666], [16.910748833333333, 78.66170833333334], [16.91075, 78.6617085], [16.9107515, 78.66170883333332], [16.910752833333333, 78.661709], [16.910754166666667, 78.66170916666667], [16.9107555, 78.6617095], [16.910757, 78.66170966666667], [16.9107585, 78.66170983333333], [16.910759666666667, 78.66171016666667], [16.910761166666667, 78.66171033333333], [16.91076233333333, 78.6617105], [16.910763666666664, 78.66171066666668], [16.910764833333335, 78.66171083333333], [16.910766000000002, 78.661711], [16.91076716666667, 78.66171116666666], [16.910768166666667, 78.66171133333334], [16.910769333333334, 78.6617115], [16.910770333333335, 78.66171166666666], [16.910771, 78.66171183333333], [16.910771833333335, 78.66171183333333], [16.9107725, 78.66171200000001], [16.910773, 78.66171216666666], [16.910773666666667, 78.66171233333333], [16.9107745, 78.66171233333333], [16.910775166666667, 78.66171250000001], [16.910776, 78.66171266666667], [16.9107765, 78.66171266666667], [16.910777166666666, 78.66171283333333], [16.910777666666668, 78.66171299999999], [16.910778166666667, 78.66171299999999], [16.9107785, 78.66171316666667], [16.91077883333333, 78.66171316666667], [16.910779166666668, 78.66171333333334], [16.910779666666667, 78.66171333333334], [16.910779833333333, 78.66171349999999], [16.910780166666665, 78.66171366666667], [16.910780666666668, 78.66171366666667], [16.910781, 78.66171383333334], [16.910781333333333, 78.66171383333334], [16.91078183333333, 78.66171383333334], [16.910782333333334, 78.661714], [16.910782833333332, 78.66171416666666], [16.910783499999997, 78.66171433333334], [16.910784, 78.66171433333334], [16.910784333333332, 78.6617145], [16.910784999999997, 78.66171466666667], [16.910785666666666, 78.66171466666667], [16.91078633333333, 78.66171483333332], [16.91078666666667, 78.661715], [16.910787333333335, 78.661715], [16.910787833333334, 78.66171516666667], [16.910788333333336, 78.66171516666667], [16.910789, 78.66171533333333], [16.9107895, 78.66171533333333], [16.910789833333336, 78.6617155], [16.91079016666667, 78.6617155], [16.910790666666667, 78.66171566666667], [16.91079116666667, 78.66171566666667], [16.910791500000002, 78.66171566666667], [16.910792, 78.66171583333333], [16.910792333333333, 78.66171583333333], [16.910792833333335, 78.66171583333333], [16.910793166666668, 78.661716], [16.910793666666667, 78.661716], [16.91079416666667, 78.661716], [16.910794333333335, 78.66171616666666], [16.910794833333334, 78.66171616666666], [16.910795333333333, 78.66171633333333], [16.91079566666667, 78.66171633333333], [16.9107965, 78.66171633333333], [16.910796833333333, 78.6617165], [16.910797333333335, 78.6617165], [16.910797666666667, 78.66171666666668], [16.910798333333332, 78.66171666666668], [16.91079866666667, 78.66171683333333], [16.910799166666667, 78.66171683333333], [16.9107995, 78.66171683333333], [16.910799833333332, 78.661717], [16.910800166666668, 78.66171716666666], [16.910800666666667, 78.66171716666666], [16.910801, 78.66171733333334], [16.910801333333332, 78.66171733333334], [16.910801499999998, 78.6617175], [16.910801666666668, 78.66171766666666], [16.910802166666667, 78.66171783333333], [16.910802333333333, 78.66171783333333], [16.91080283333333, 78.66171800000001], [16.91080283333333, 78.66171816666666], [16.910802999999998, 78.66171833333333], [16.910803333333334, 78.6617185], [16.910803666666666, 78.66171866666667], [16.910803833333333, 78.66171866666667], [16.91080433333333, 78.66171883333332], [16.910804499999998, 78.66171899999999], [16.910804666666667, 78.66171916666667], [16.910805166666666, 78.66171916666667], [16.910805333333332, 78.66171933333334], [16.9108055, 78.66171933333334], [16.91080583333333, 78.66171949999999], [16.91080583333333, 78.66171966666667], [16.910806166666667, 78.66171983333334], [16.910806333333333, 78.66172], [16.910806666666666, 78.66172016666665], [16.910806833333332, 78.66172033333334], [16.910806833333332, 78.6617205], [16.910807, 78.66172066666667], [16.910807166666665, 78.66172083333332], [16.910807499999997, 78.66172083333332], [16.910807666666663, 78.661721], [16.910807666666663, 78.66172116666667], [16.910807666666663, 78.66172133333333], [16.910807833333333, 78.66172150000001], [16.910808, 78.66172183333333], [16.910808166666666, 78.66172183333333], [16.910808333333332, 78.66172216666668], [16.910808499999998, 78.66172233333333], [16.910808666666664, 78.6617225], [16.91080883333333, 78.66172266666668], [16.910809166666663, 78.66172283333334], [16.910809166666663, 78.661723], [16.910809500000003, 78.66172316666666], [16.910809833333335, 78.66172333333334], [16.910809833333335, 78.66172366666666], [16.91081, 78.66172383333333], [16.910810333333334, 78.661724], [16.910810833333336, 78.66172416666667], [16.910811000000002, 78.66172433333332], [16.91081116666667, 78.6617245], [16.9108115, 78.66172483333334], [16.910812, 78.66172499999999], [16.910812, 78.66172516666667], [16.910812333333336, 78.66172533333334], [16.910812500000002, 78.6617255], [16.91081266666667, 78.66172583333334], [16.910813, 78.661726], [16.910813166666667, 78.66172616666667], [16.9108135, 78.66172633333333], [16.910813166666667, 78.6617265], [16.9108135, 78.66172666666667], [16.9108135, 78.66172683333333], [16.910813666666666, 78.661727], [16.910813833333336, 78.66172716666667], [16.91081416666667, 78.66172733333333], [16.910814333333335, 78.66172750000001], [16.9108145, 78.66172766666666], [16.910814666666667, 78.66172783333333], [16.910814666666667, 78.661728], [16.9108145, 78.66172816666668], [16.910814666666667, 78.66172833333333], [16.910814833333333, 78.6617285], [16.910815, 78.66172866666668], [16.910815, 78.66172883333334], [16.910814833333333, 78.661729], [16.910814833333333, 78.66172916666666], [16.910814833333333, 78.66172933333334], [16.910814833333333, 78.66172933333334], [16.910815, 78.6617295], [16.910815166666666, 78.6617295], [16.910815166666666, 78.66172966666666], [16.910815166666666, 78.66172983333333], [16.910815166666666, 78.66172983333333], [16.910815166666666, 78.66173], [16.910815, 78.66173016666667], [16.9108145, 78.66173033333332], [16.9108145, 78.66173033333332], [16.910814333333335, 78.6617305], [16.910814333333335, 78.6617305], [16.9108145, 78.6617305], [16.910814333333335, 78.66173066666667], [16.910814333333335, 78.66173066666667], [16.91081416666667, 78.66173066666667], [16.910814000000002, 78.66173083333334], [16.910813833333336, 78.66173099999999], [16.910813666666666, 78.66173099999999], [16.9108135, 78.66173099999999], [16.910813333333333, 78.66173099999999], [16.910813166666667, 78.66173099999999], [16.910813166666667, 78.66173116666667], [16.910813, 78.66173116666667], [16.910812500000002, 78.66173116666667], [16.910812166666666, 78.66173116666667], [16.910811833333334, 78.66173116666667], [16.9108115, 78.66173133333334], [16.91081116666667, 78.66173133333334], [16.910810833333336, 78.66173133333334], [16.910810333333334, 78.66173133333334], [16.910809833333335, 78.66173133333334], [16.910809333333336, 78.66173133333334], [16.910808999999997, 78.66173133333334], [16.910808499999998, 78.66173133333334], [16.910808166666666, 78.66173133333334], [16.910807666666663, 78.66173133333334], [16.91080733333333, 78.66173133333334], [16.910806833333332, 78.66173133333334], [16.9108065, 78.66173133333334], [16.91080583333333, 78.66173133333334], [16.910805166666666, 78.66173133333334], [16.910804499999998, 78.66173133333334], [16.910804166666665, 78.66173133333334], [16.910803666666666, 78.66173133333334], [16.910802999999998, 78.6617315], [16.910802333333333, 78.6617315], [16.910801833333334, 78.6617315], [16.910801499999998, 78.66173166666667], [16.910801, 78.66173166666667], [16.9108005, 78.66173166666667], [16.910799666666666, 78.66173183333333], [16.910799166666667, 78.66173183333333], [16.9107985, 78.66173183333333], [16.910797666666667, 78.661732], [16.910797, 78.66173216666667], [16.910796, 78.66173216666667], [16.910795333333333, 78.66173216666667], [16.9107945, 78.66173233333333], [16.910793666666667, 78.66173233333333], [16.910792833333335, 78.6617325], [16.910792166666667, 78.6617325], [16.910791333333336, 78.6617325], [16.9107905, 78.6617325], [16.910789833333336, 78.66173266666667], [16.910789166666667, 78.66173266666667], [16.910788500000002, 78.66173266666667], [16.910787833333334, 78.66173266666667], [16.91078716666667, 78.66173266666667], [16.91078666666667, 78.66173266666667], [16.910785833333332, 78.66173283333333], [16.910785333333333, 78.66173283333333], [16.9107845, 78.66173283333333], [16.910784, 78.66173283333333], [16.910783499999997, 78.661733], [16.910782833333332, 78.661733], [16.910782333333334, 78.66173316666666], [16.910781666666665, 78.66173316666666], [16.910780833333334, 78.66173316666666], [16.910780166666665, 78.66173316666666], [16.9107795, 78.66173333333333], [16.91077883333333, 78.66173333333333], [16.910778166666667, 78.66173350000001], [16.9107775, 78.66173350000001], [16.910776666666667, 78.66173366666666], [16.910776, 78.66173366666666], [16.910775333333333, 78.66173366666666], [16.9107745, 78.66173366666666], [16.910773666666667, 78.66173366666666], [16.910773, 78.66173366666666], [16.910772166666668, 78.66173366666666], [16.9107715, 78.66173383333333], [16.910771, 78.66173383333333], [16.91077, 78.66173383333333], [16.910769333333334, 78.661734], [16.9107685, 78.661734], [16.910767833333335, 78.66173416666668], [16.910767, 78.66173433333333], [16.9107665, 78.6617345], [16.910765833333336, 78.66173466666667], [16.910765, 78.661735], [16.91076416666667, 78.66173516666666], [16.910763499999998, 78.66173533333334], [16.910762833333333, 78.6617355], [16.910762166666665, 78.6617355], [16.9107615, 78.66173583333332], [16.9107605, 78.66173583333332], [16.910759666666667, 78.661736], [16.910758833333333, 78.66173616666667], [16.910757999999998, 78.66173633333332], [16.910757166666667, 78.6617365], [16.91075633333333, 78.66173666666667], [16.910755333333334, 78.66173683333334], [16.910754666666666, 78.66173699999999], [16.910753833333334, 78.66173716666667], [16.910753166666666, 78.66173733333333], [16.910752333333335, 78.6617375], [16.910751666666666, 78.66173766666667], [16.910750833333335, 78.66173783333333], [16.91075, 78.661738], [16.910749333333335, 78.66173816666667], [16.910748666666667, 78.66173833333333], [16.910748, 78.6617385], [16.9107475, 78.6617385], [16.910747333333333, 78.66173866666666], [16.910747833333335, 78.66173883333333], [16.910749, 78.66173883333333], [16.91075066666667, 78.661739], [16.910753333333332, 78.66173883333333], [16.910756833333334, 78.66173883333333], [16.910760999999997, 78.66173866666666], [16.910764333333336, 78.66173883333333], [16.910767833333335, 78.66173883333333], [16.9107715, 78.66173866666666], [16.910774333333332, 78.6617385], [16.910777, 78.66173816666667], [16.910779166666668, 78.66173783333333], [16.910781666666665, 78.66173733333333], [16.910783666666667, 78.66173699999999], [16.910785666666666, 78.66173666666667], [16.9107875, 78.66173633333332], [16.910789, 78.661736], [16.910790666666667, 78.6617355], [16.910792333333333, 78.66173516666666], [16.910793666666667, 78.66173466666667], [16.910794666666668, 78.66173433333333], [16.910794333333335, 78.66173366666666], [16.910793833333333, 78.66173316666666], [16.910793833333333, 78.66173266666667], [16.910793166666668, 78.66173216666667], [16.910792833333335, 78.66173166666667], [16.910792333333333, 78.66173099999999], [16.910791500000002, 78.6617305], [16.910790833333333, 78.66173], [16.910790333333335, 78.6617295], [16.91078966666667, 78.661729], [16.9107895, 78.66172866666668], [16.91078866666667, 78.66172816666668], [16.91078866666667, 78.66172783333333], [16.910789166666667, 78.66172733333333], [16.91078966666667, 78.661727], [16.910790000000002, 78.66172666666667], [16.91079016666667, 78.66172633333333], [16.910790333333335, 78.66172583333334], [16.9107905, 78.6617255], [16.910791, 78.66172516666667], [16.910791333333336, 78.66172483333334], [16.910791333333336, 78.6617245], [16.910791500000002, 78.66172416666667], [16.910791666666668, 78.66172383333333], [16.910792, 78.66172366666666], [16.910792166666667, 78.66172333333334], [16.9107925, 78.661723], [16.910792833333335, 78.66172266666668], [16.910792833333335, 78.6617225], [16.910793, 78.66172216666668], [16.910793166666668, 78.661722], [16.910793333333334, 78.66172166666666], [16.9107935, 78.66172133333333], [16.9107935, 78.66172116666667], [16.910793666666667, 78.66172083333332], [16.910794, 78.6617205], [16.910794333333335, 78.66172033333334], [16.9107945, 78.66172], [16.910794666666668, 78.66171983333334], [16.910794666666668, 78.66171966666667], [16.910794666666668, 78.66171933333334], [16.910794833333334, 78.66171916666667], [16.910795, 78.66171883333332], [16.910795166666666, 78.66171866666667], [16.910795166666666, 78.66171833333333], [16.910795333333333, 78.66171816666666], [16.910795333333333, 78.66171783333333], [16.9107955, 78.66171766666666], [16.9107955, 78.66171733333334], [16.910795333333333, 78.661717], [16.910795166666666, 78.66171683333333], [16.910794833333334, 78.6617165], [16.910794666666668, 78.66171633333333], [16.9107945, 78.661716], [16.910794333333335, 78.66171583333333], [16.910794, 78.6617155], [16.9107935, 78.66171516666667], [16.910793166666668, 78.661715], [16.910792833333335, 78.66171466666667], [16.91079266666667, 78.6617145], [16.9107925, 78.66171416666666], [16.910792333333333, 78.661714], [16.910792, 78.66171366666667], [16.910791500000002, 78.66171349999999], [16.91079116666667, 78.66171316666667], [16.910791, 78.66171299999999], [16.910790833333333, 78.66171283333333], [16.9107905, 78.66171250000001], [16.91079016666667, 78.66171233333333], [16.91078966666667, 78.66171200000001], [16.910789333333334, 78.66171183333333], [16.910788833333335, 78.6617115], [16.910788500000002, 78.66171133333334], [16.910788, 78.661711], [16.9107875, 78.66171083333333], [16.91078716666667, 78.6617105], [16.910787000000003, 78.66171033333333], [16.910786499999997, 78.66171016666667], [16.910786166666664, 78.66170983333333], [16.910785833333332, 78.66170966666667], [16.910785333333333, 78.66170933333333], [16.910784999999997, 78.66170916666667], [16.910784666666665, 78.661709], [16.910784333333332, 78.66170866666667], [16.910784, 78.6617085], [16.910783666666667, 78.66170833333334], [16.910783499999997, 78.66170816666666], [16.91078333333333, 78.661708], [16.910783, 78.66170766666667], [16.910782666666666, 78.66170749999999], [16.910782166666667, 78.66170733333334], [16.91078183333333, 78.66170716666667], [16.9107815, 78.66170699999999], [16.910781166666666, 78.66170683333333], [16.910780833333334, 78.66170666666667], [16.910780499999998, 78.66170650000001], [16.910780166666665, 78.66170633333333], [16.910779833333333, 78.66170616666666], [16.910779333333334, 78.66170600000001], [16.910778999999998, 78.66170583333333], [16.9107785, 78.66170566666666], [16.910778166666667, 78.6617055], [16.910777833333334, 78.66170533333334], [16.9107775, 78.66170516666666], [16.910777, 78.661705], [16.910776666666667, 78.66170483333333], [16.910776333333335, 78.66170466666668], [16.91077616666667, 78.6617045], [16.910775666666666, 78.66170433333333], [16.910775333333333, 78.66170416666667], [16.910775, 78.661704], [16.910774333333332, 78.661704], [16.910773833333334, 78.66170383333333], [16.9107735, 78.66170366666667], [16.910773, 78.66170366666667], [16.910772666666666, 78.6617035], [16.910772, 78.66170333333334], [16.910771333333333, 78.66170316666667], [16.910770833333334, 78.66170316666667], [16.9107705, 78.661703], [16.910769833333333, 78.66170283333332], [16.910769333333334, 78.66170266666667], [16.91076866666667, 78.6617025], [16.910768, 78.66170233333334], [16.910767333333336, 78.66170233333334], [16.910766833333334, 78.66170216666666], [16.91076616666667, 78.661702], [16.9107655, 78.661702], [16.91076466666667, 78.66170183333334], [16.91076416666667, 78.66170166666667], [16.910763499999998, 78.66170149999999], [16.910762666666667, 78.66170149999999], [16.910762, 78.66170133333334], [16.910761166666667, 78.66170116666667], [16.910760666666665, 78.66170116666667], [16.91076, 78.661701], [16.91075933333333, 78.661701], [16.910758833333333, 78.66170083333333], [16.910758166666668, 78.66170066666668], [16.91075783333333, 78.66170066666668], [16.910757, 78.66170050000001], [16.91075633333333, 78.66170050000001], [16.910755833333333, 78.66170033333333], [16.910755333333334, 78.66170016666666], [16.910754833333332, 78.66170016666666], [16.910754333333333, 78.66170000000001], [16.910753833333334, 78.66170000000001], [16.910753333333332, 78.66169983333333], [16.910752666666667, 78.66169966666666], [16.910752, 78.66169966666666], [16.9107515, 78.6616995], [16.910750833333335, 78.6616995], [16.910750166666666, 78.66169933333335], [16.910749833333334, 78.66169933333335], [16.91074916666667, 78.66169916666666], [16.910748666666667, 78.66169916666666], [16.910748, 78.66169916666666], [16.9107475, 78.661699], [16.910747, 78.66169883333333], [16.910746500000002, 78.66169883333333], [16.910746, 78.66169866666668], [16.9107455, 78.66169866666668], [16.91074516666667, 78.6616985], [16.91074466666667, 78.6616985], [16.910744333333334, 78.66169833333333], [16.910744166666667, 78.66169816666667], [16.910743833333335, 78.66169816666667], [16.910743333333336, 78.66169799999999], [16.910742833333334, 78.66169799999999], [16.9107425, 78.66169799999999], [16.91074216666667, 78.66169783333333], [16.910741499999997, 78.66169783333333], [16.910740999999998, 78.66169783333333], [16.9107405, 78.66169766666667], [16.910739999999997, 78.66169766666667], [16.9107395, 78.6616975], [16.910739, 78.6616975], [16.910738499999997, 78.6616975], [16.910738, 78.66169733333332], [16.9107375, 78.66169733333332], [16.910736999999997, 78.66169716666667], [16.910736666666665, 78.66169716666667], [16.910736333333332, 78.66169716666667], [16.910735833333334, 78.661697], [16.910735499999998, 78.66169683333332], [16.910735, 78.66169683333332], [16.910734666666666, 78.66169666666666], [16.9107345, 78.6616965], [16.910734166666668, 78.6616965], [16.910733666666665, 78.66169633333334], [16.910733, 78.66169633333334], [16.910732499999998, 78.66169633333334], [16.910732166666666, 78.66169616666666], [16.910731833333333, 78.66169616666666], [16.910731166666668, 78.66169616666666], [16.9107305, 78.66169616666666], [16.91073, 78.66169599999999], [16.910729333333332, 78.66169599999999], [16.910728833333334, 78.66169599999999], [16.910728333333335, 78.66169583333334], [16.910727833333333, 78.66169583333334], [16.910727166666668, 78.66169566666667], [16.910726833333335, 78.6616955], [16.910726333333333, 78.6616955], [16.910726, 78.66169533333333], [16.9107255, 78.66169516666668], [16.910725, 78.661695], [16.9107245, 78.661695], [16.910724166666668, 78.66169483333333], [16.910723833333336, 78.66169466666666], [16.9107235, 78.66169450000001], [16.910723, 78.66169450000001], [16.910722333333336, 78.66169433333333], [16.910721833333334, 78.66169416666666], [16.91072116666667, 78.66169416666666], [16.91072066666667, 78.661694], [16.910719833333335, 78.661694], [16.910719333333336, 78.66169383333333], [16.910718666666664, 78.66169383333333], [16.910718166666665, 78.66169366666666], [16.910717666666667, 78.66169366666666], [16.910716999999998, 78.6616935], [16.910716166666667, 78.6616935], [16.9107155, 78.66169333333333], [16.910714833333333, 78.66169333333333], [16.91071433333333, 78.66169316666667], [16.910713833333332, 78.661693], [16.910713333333334, 78.661693], [16.91071283333333, 78.66169283333333], [16.9107125, 78.66169266666667], [16.910712, 78.6616925], [16.910711499999998, 78.6616925], [16.910711166666665, 78.66169233333333], [16.9107105, 78.66169233333333], [16.910709999999998, 78.66169216666667], [16.910709666666666, 78.66169199999999], [16.910709333333333, 78.66169199999999], [16.910708833333334, 78.66169199999999], [16.910708333333332, 78.66169183333334], [16.910707666666667, 78.66169183333334], [16.91070716666667, 78.66169166666667], [16.910706666666666, 78.66169166666667], [16.910706166666667, 78.66169166666667], [16.9107055, 78.6616915], [16.910704833333334, 78.6616915], [16.9107045, 78.66169133333332], [16.910704, 78.66169133333332], [16.910703333333334, 78.66169133333332], [16.910702833333335, 78.66169133333332], [16.910702333333333, 78.66169116666667], [16.910701500000002, 78.66169116666667], [16.910700833333333, 78.661691], [16.910700000000002, 78.661691], [16.910699166666667, 78.66169083333332], [16.910697666666668, 78.66169083333332], [16.9106955, 78.66169066666666], [16.910693, 78.66169033333334], [16.910689833333333, 78.66169033333334], [16.910685666666666, 78.66169083333332], [16.91068166666667, 78.66169133333332], [16.910676666666667, 78.66169166666667], [16.910672666666667, 78.66169183333334], [16.91066783333333, 78.66169166666667], [16.910663, 78.66169183333334], [16.910657833333335, 78.66169216666667], [16.91065316666667, 78.6616925], [16.91064833333333, 78.661693], [16.910643999999998, 78.66169333333333], [16.9106395, 78.66169416666666], [16.910636833333335, 78.66169483333333], [16.910634, 78.66169583333334], [16.910632, 78.661697], [16.910631666666667, 78.66169799999999], [16.910630833333336, 78.66169916666666], [16.9106305, 78.66170016666666], [16.910630833333336, 78.66170116666667], [16.910631000000002, 78.661702], [16.910632833333334, 78.66170266666667], [16.910634, 78.66170333333334], [16.910636333333333, 78.66170416666667], [16.910639333333332, 78.66170483333333], [16.910642333333332, 78.66170533333334], [16.910645166666665, 78.66170566666666], [16.910648166666665, 78.66170583333333], [16.910650333333333, 78.66170600000001], [16.910652666666667, 78.66170616666666], [16.91065516666667, 78.66170633333333], [16.910657166666667, 78.66170633333333], [16.910659666666668, 78.66170583333333], [16.9106615, 78.66170600000001], [16.910663666666668, 78.66170600000001], [16.9106655, 78.66170616666666], [16.91066783333333, 78.66170616666666], [16.9106705, 78.66170616666666], [16.910673166666665, 78.66170633333333], [16.91067566666667, 78.66170616666666], [16.910678166666667, 78.66170616666666], [16.91068016666667, 78.66170616666666], [16.910682, 78.66170600000001], [16.910683833333334, 78.66170600000001], [16.910685666666666, 78.66170600000001], [16.910687666666668, 78.66170583333333], [16.9106895, 78.66170583333333], [16.9106915, 78.66170583333333], [16.910693666666667, 78.66170583333333], [16.910695999999998, 78.66170583333333], [16.910698333333336, 78.66170583333333], [16.910700833333333, 78.66170600000001], [16.910703333333334, 78.66170600000001], [16.910706, 78.66170616666666], [16.910708833333334, 78.66170633333333], [16.910711499999998, 78.66170650000001], [16.91071433333333, 78.66170650000001], [16.910716999999998, 78.66170666666667], [16.910719500000003, 78.66170683333333], [16.91072216666667, 78.66170683333333], [16.910724666666667, 78.66170699999999], [16.910727166666668, 78.66170716666667], [16.91072966666667, 78.66170733333334], [16.910731833333333, 78.66170749999999], [16.910734166666668, 78.66170766666667], [16.910736333333332, 78.66170766666667], [16.91073833333333, 78.66170783333334], [16.9107405, 78.661708], [16.9107425, 78.661708], [16.9107445, 78.66170816666666], [16.910746333333336, 78.66170816666666], [16.910748, 78.66170833333334], [16.910749666666668, 78.66170833333334], [16.910751166666667, 78.6617085], [16.910752666666667, 78.6617085], [16.910754166666667, 78.66170866666667], [16.9107555, 78.66170866666667], [16.910756833333334, 78.66170866666667], [16.910758333333334, 78.66170883333332], [16.910759499999998, 78.66170883333332], [16.910760666666665, 78.661709], [16.910761833333332, 78.661709], [16.910763166666666, 78.661709], [16.910764333333336, 78.66170916666667], [16.9107655, 78.66170916666667], [16.9107665, 78.66170933333333], [16.910767500000002, 78.66170933333333], [16.9107685, 78.66170933333333], [16.9107695, 78.66170933333333], [16.9107705, 78.6617095], [16.91077166666667, 78.6617095], [16.9107725, 78.6617095], [16.9107735, 78.6617095], [16.9107745, 78.6617095], [16.9107755, 78.66170966666667], [16.91077616666667, 78.66170966666667], [16.910776833333333, 78.66170966666667], [16.910777666666668, 78.66170983333333], [16.9107785, 78.66170983333333], [16.910779333333334, 78.66170983333333], [16.91078, 78.66170983333333], [16.910780833333334, 78.66170983333333], [16.910781333333333, 78.66171], [16.910781999999998, 78.66171], [16.910782333333334, 78.66171], [16.910783, 78.66171], [16.910783499999997, 78.66171], [16.910784166666666, 78.66171], [16.91078483333333, 78.66171], [16.910785333333333, 78.66171], [16.910785833333332, 78.66171], [16.91078633333333, 78.66171], [16.910786833333336, 78.66171], [16.91078716666667, 78.66171016666667], [16.9107875, 78.66171], [16.910787833333334, 78.66171016666667], [16.910788333333336, 78.66171016666667], [16.91078866666667, 78.66171016666667], [16.910789, 78.66171016666667], [16.910789333333334, 78.66171016666667], [16.9107895, 78.66171016666667], [16.91078966666667, 78.66171016666667], [16.910790000000002, 78.66171016666667], [16.91079016666667, 78.66171016666667], [16.9107905, 78.66171016666667], [16.910791, 78.66171016666667], [16.91079116666667, 78.66171016666667], [16.910791333333336, 78.66171016666667], [16.910791500000002, 78.66171016666667], [16.910791833333334, 78.66171], [16.910792, 78.66171016666667], [16.910792333333333, 78.66171016666667], [16.910792333333333, 78.66171], [16.9107925, 78.66171], [16.9107925, 78.66171], [16.9107925, 78.66171], [16.91079266666667, 78.66171], [16.910792833333335, 78.66171], [16.910792833333335, 78.66171], [16.910793, 78.66171], [16.910793166666668, 78.66171], [16.910793, 78.66171], [16.910793166666668, 78.66171], [16.910793333333334, 78.66171], [16.910793333333334, 78.66171], [16.9107935, 78.66171], [16.910793666666667, 78.66171], [16.910793833333333, 78.66171], [16.91079416666667, 78.66171], [16.91079416666667, 78.66171], [16.91079416666667, 78.66171], [16.9107945, 78.66170983333333], [16.910794666666668, 78.66171], [16.910794833333334, 78.66170983333333], [16.910795166666666, 78.66170983333333], [16.910795333333333, 78.66170983333333], [16.910795333333333, 78.66170983333333], [16.9107955, 78.66170983333333], [16.9107955, 78.66170983333333], [16.91079566666667, 78.66170983333333], [16.9107955, 78.66170983333333], [16.91079566666667, 78.66170983333333], [16.91079566666667, 78.66170983333333], [16.91079566666667, 78.66170983333333], [16.910795833333335, 78.66170983333333], [16.910795833333335, 78.66170983333333], [16.910795833333335, 78.66170983333333], [16.910795833333335, 78.66170983333333], [16.910796, 78.66170983333333], [16.910795833333335, 78.66170983333333], [16.910796166666668, 78.66170983333333], [16.910796166666668, 78.66170966666667], [16.910796166666668, 78.66170966666667], [16.910796333333334, 78.66170966666667], [16.910796333333334, 78.66170966666667], [16.910796333333334, 78.66170966666667], [16.910796666666666, 78.66170966666667], [16.910796666666666, 78.66170966666667], [16.910796666666666, 78.66170966666667], [16.910796833333333, 78.66170966666667], [16.910796833333333, 78.66170966666667], [16.910796833333333, 78.66170966666667], [16.910796833333333, 78.66170966666667], [16.910797, 78.66170966666667], [16.910796833333333, 78.6617095], [16.910796666666666, 78.6617095], [16.9107965, 78.66170966666667], [16.910796166666668, 78.6617095], [16.910796166666668, 78.6617095], [16.910796, 78.6617095], [16.910796166666668, 78.6617095], [16.910795833333335, 78.6617095], [16.9107955, 78.6617095], [16.910795333333333, 78.66170933333333], [16.910795, 78.66170933333333], [16.910794666666668, 78.66170933333333], [16.9107945, 78.66170916666667], [16.91079416666667, 78.66170916666667], [16.910794, 78.66170916666667], [16.910793666666667, 78.66170916666667], [16.9107935, 78.66170916666667], [16.910793166666668, 78.66170916666667], [16.910793, 78.661709], [16.910793, 78.661709], [16.910793, 78.661709], [16.910792833333335, 78.661709], [16.91079266666667, 78.661709], [16.910792333333333, 78.661709], [16.910792166666667, 78.661709], [16.910791666666668, 78.661709], [16.910791333333336, 78.661709], [16.910791, 78.661709], [16.910790833333333, 78.661709], [16.910790666666667, 78.66170883333332], [16.910790333333335, 78.66170883333332], [16.910789833333336, 78.66170883333332], [16.9107895, 78.661709], [16.910789166666667, 78.66170883333332], [16.91078866666667, 78.66170883333332], [16.91078816666667, 78.66170883333332], [16.910787666666668, 78.66170883333332], [16.910787333333335, 78.66170883333332], [16.910787000000003, 78.66170883333332], [16.910786499999997, 78.66170883333332], [16.910786166666664, 78.66170883333332], [16.910785666666666, 78.66170883333332], [16.910785166666667, 78.66170883333332], [16.91078483333333, 78.66170883333332], [16.910784333333332, 78.66170883333332], [16.910784, 78.66170883333332], [16.910783499999997, 78.66170883333332], [16.91078333333333, 78.66170883333332], [16.910782833333332, 78.66170883333332], [16.9107825, 78.66170883333332], [16.910781999999998, 78.66170866666667], [16.9107815, 78.66170866666667], [16.910781166666666, 78.66170866666667], [16.910780666666668, 78.66170866666667], [16.910780499999998, 78.66170866666667], [16.910780166666665, 78.6617085], [16.91078, 78.6617085], [16.910779666666667, 78.6617085], [16.910779333333334, 78.6617085], [16.910778999999998, 78.6617085], [16.9107785, 78.6617085], [16.910778, 78.6617085], [16.9107775, 78.66170833333334], [16.910777333333332, 78.66170833333334], [16.910777, 78.66170833333334], [16.910776833333333, 78.66170833333334], [16.9107765, 78.66170833333334], [16.91077616666667, 78.66170833333334], [16.910775833333332, 78.66170833333334], [16.9107755, 78.66170816666666], [16.910775166666667, 78.66170816666666], [16.910774833333335, 78.66170816666666], [16.91077466666667, 78.66170816666666], [16.910774333333332, 78.66170816666666], [16.910774, 78.66170816666666], [16.9107735, 78.66170816666666], [16.910773, 78.66170816666666], [16.910772666666666, 78.66170816666666], [16.910772166666668, 78.66170816666666], [16.910771833333335, 78.66170816666666], [16.910771333333333, 78.66170816666666], [16.910771166666667, 78.66170833333334], [16.9107705, 78.66170816666666], [16.91077016666667, 78.66170816666666], [16.910769666666667, 78.66170816666666], [16.910769166666668, 78.66170816666666], [16.910768833333336, 78.66170816666666], [16.910768333333333, 78.66170816666666], [16.910768, 78.66170816666666], [16.910767500000002, 78.66170816666666], [16.910767333333336, 78.66170816666666], [16.910766833333334, 78.66170816666666], [16.9107665, 78.66170816666666], [16.910766333333335, 78.661708], [16.910766000000002, 78.661708], [16.910765833333336, 78.661708], [16.9107655, 78.661708], [16.910765166666668, 78.661708], [16.910765166666668, 78.661708], [16.910764833333335, 78.661708], [16.910764500000003, 78.66170783333334], [16.91076416666667, 78.66170783333334], [16.91076383333333, 78.66170783333334], [16.910763499999998, 78.66170783333334], [16.910763333333332, 78.66170783333334], [16.910763, 78.66170783333334], [16.910763166666666, 78.66170783333334], [16.910763166666666, 78.66170766666667], [16.910763, 78.66170766666667], [16.910762833333333, 78.66170766666667], [16.910762666666667, 78.66170766666667], [16.910762499999997, 78.66170766666667], [16.91076233333333, 78.66170766666667], [16.910762166666665, 78.66170766666667], [16.910762, 78.66170766666667], [16.910762, 78.66170766666667], [16.910761833333332, 78.66170749999999], [16.910761833333332, 78.66170749999999], [16.910761666666666, 78.66170749999999], [16.9107615, 78.66170749999999], [16.910761333333333, 78.66170749999999], [16.910761166666667, 78.66170749999999], [16.910760999999997, 78.66170749999999], [16.910760999999997, 78.66170733333334], [16.910760666666665, 78.66170733333334], [16.9107605, 78.66170733333334], [16.910760333333332, 78.66170733333334], [16.91076, 78.66170733333334], [16.910759666666667, 78.66170733333334], [16.91075933333333, 78.66170716666667], [16.910759, 78.66170716666667], [16.910758666666666, 78.66170716666667], [16.910757999999998, 78.66170716666667], [16.910757666666665, 78.66170716666667], [16.910757333333333, 78.66170716666667], [16.910757166666667, 78.66170716666667], [16.910756833333334, 78.66170716666667], [16.910756499999998, 78.66170699999999], [16.910756166666665, 78.66170699999999], [16.910755833333333, 78.66170699999999], [16.910755333333334, 78.66170699999999], [16.910754999999998, 78.66170699999999], [16.910754666666666, 78.66170699999999], [16.910754333333333, 78.66170699999999], [16.910754166666667, 78.66170683333333], [16.910753833333334, 78.66170699999999], [16.910753333333332, 78.66170683333333], [16.910752833333333, 78.66170683333333], [16.910752666666667, 78.66170683333333], [16.910752333333335, 78.66170683333333], [16.910752, 78.66170683333333], [16.910751666666666, 78.66170683333333], [16.910751333333334, 78.66170666666667], [16.910751166666667, 78.66170666666667], [16.91075066666667, 78.66170666666667], [16.910750166666666, 78.66170666666667], [16.91075, 78.66170650000001], [16.9107495, 78.66170650000001], [16.91074916666667, 78.66170650000001], [16.910748666666667, 78.66170650000001], [16.910748333333334, 78.66170650000001], [16.910747833333335, 78.66170650000001], [16.910747333333333, 78.66170650000001], [16.910747, 78.66170650000001], [16.910746333333336, 78.66170650000001], [16.91074616666667, 78.66170650000001], [16.910745666666667, 78.66170650000001], [16.910745333333335, 78.66170650000001], [16.910744833333336, 78.66170650000001], [16.91074466666667, 78.66170650000001], [16.910744333333334, 78.66170650000001], [16.910744, 78.66170650000001], [16.910743500000002, 78.66170633333333], [16.91074316666667, 78.66170633333333], [16.910742666666668, 78.66170633333333], [16.91074216666667, 78.66170633333333], [16.91074166666667, 78.66170633333333], [16.910740999999998, 78.66170616666666], [16.910740333333333, 78.66170616666666], [16.91073983333333, 78.66170616666666], [16.910739166666666, 78.66170616666666], [16.910738499999997, 78.66170616666666], [16.910737666666666, 78.66170616666666], [16.910737166666667, 78.66170616666666], [16.910736333333332, 78.66170616666666], [16.910735833333334, 78.66170600000001], [16.910735, 78.66170600000001], [16.910734333333334, 78.66170600000001], [16.910733666666665, 78.66170600000001], [16.910732833333334, 78.66170600000001], [16.910732166666666, 78.66170600000001], [16.9107315, 78.66170600000001], [16.910731, 78.66170583333333], [16.910730333333333, 78.66170583333333], [16.91073, 78.66170583333333], [16.910729333333332, 78.66170583333333], [16.910728833333334, 78.66170583333333], [16.9107285, 78.66170566666666], [16.910728, 78.66170566666666], [16.9107275, 78.66170566666666], [16.910727333333334, 78.66170566666666], [16.910726833333335, 78.66170566666666], [16.910726333333333, 78.66170566666666], [16.910726, 78.6617055], [16.910725666666668, 78.6617055], [16.9107255, 78.6617055], [16.91072516666667, 78.6617055], [16.910724833333333, 78.66170533333334], [16.9107245, 78.66170533333334], [16.910724166666668, 78.66170533333334], [16.91072366666667, 78.66170533333334], [16.910723333333333, 78.66170533333334], [16.910723166666667, 78.66170516666666], [16.91072266666667, 78.66170516666666], [16.91072216666667, 78.66170516666666], [16.910722, 78.66170516666666], [16.910721666666667, 78.66170516666666], [16.910721333333335, 78.661705], [16.910720833333336, 78.661705], [16.9107205, 78.661705], [16.910720166666668, 78.66170483333333], [16.910719833333335, 78.66170483333333], [16.910719500000003, 78.66170483333333], [16.910718999999997, 78.66170483333333], [16.910718499999998, 78.66170483333333], [16.910718, 78.66170483333333], [16.910717499999997, 78.66170483333333], [16.910716999999998, 78.66170483333333], [16.9107165, 78.66170483333333], [16.91071583333333, 78.66170483333333], [16.910715333333332, 78.66170483333333], [16.910715, 78.66170483333333], [16.910714499999997, 78.66170466666668], [16.910714, 78.66170466666668], [16.910713666666666, 78.66170466666668], [16.910713166666667, 78.66170466666668], [16.9107125, 78.6617045], [16.910712, 78.6617045], [16.910711499999998, 78.6617045], [16.910711, 78.6617045], [16.910710333333334, 78.6617045], [16.910709999999998, 78.66170433333333], [16.910709333333333, 78.66170433333333], [16.910708666666668, 78.66170433333333], [16.910708, 78.66170433333333], [16.9107075, 78.66170416666667], [16.910707, 78.66170416666667], [16.9107065, 78.66170416666667], [16.910706, 78.66170416666667], [16.9107055, 78.66170416666667], [16.910704833333334, 78.66170416666667], [16.910704333333335, 78.66170416666667], [16.910703666666667, 78.661704], [16.910703166666668, 78.661704], [16.9107025, 78.661704], [16.910702, 78.661704], [16.910701500000002, 78.66170416666667], [16.910701, 78.66170416666667], [16.9107005, 78.66170416666667], [16.910700333333335, 78.66170416666667], [16.910700000000002, 78.66170416666667], [16.91069966666667, 78.66170416666667], [16.9106995, 78.66170433333333], [16.910699166666667, 78.66170433333333], [16.910699, 78.66170433333333], [16.910698333333336, 78.66170433333333], [16.910698, 78.66170433333333], [16.910697666666668, 78.66170433333333], [16.910697333333335, 78.66170433333333], [16.91069716666667, 78.66170433333333], [16.910696833333336, 78.66170433333333], [16.91069666666667, 78.66170433333333], [16.91069633333333, 78.66170433333333], [16.910696166666664, 78.66170433333333], [16.910695666666665, 78.6617045], [16.910695166666667, 78.6617045], [16.910694999999997, 78.6617045], [16.91069483333333, 78.6617045], [16.910694666666664, 78.6617045], [16.910694333333332, 78.6617045], [16.910694, 78.6617045], [16.910693666666667, 78.6617045], [16.910693499999997, 78.66170466666668], [16.910693166666665, 78.6617045], [16.910693, 78.6617045], [16.910692833333332, 78.66170466666668], [16.910692833333332, 78.66170466666668], [16.9106925, 78.66170466666668], [16.910692333333333, 78.66170466666668], [16.910691999999997, 78.66170466666668], [16.910691666666665, 78.66170466666668], [16.910691333333332, 78.66170466666668], [16.910691166666666, 78.66170466666668], [16.910690833333334, 78.66170466666668], [16.910690666666667, 78.66170466666668], [16.91069033333333, 78.66170466666668], [16.91069, 78.66170466666668], [16.9106895, 78.66170466666668], [16.910689333333334, 78.66170466666668], [16.910688999999998, 78.66170466666668], [16.910688666666665, 78.66170466666668], [16.9106885, 78.66170466666668], [16.910688333333333, 78.66170466666668], [16.910688, 78.66170483333333], [16.910687666666668, 78.66170466666668], [16.910687166666666, 78.66170466666668], [16.910687, 78.66170466666668], [16.910686666666667, 78.66170466666668], [16.910686333333334, 78.66170466666668], [16.910686, 78.66170466666668], [16.910685666666666, 78.66170466666668], [16.910685333333333, 78.66170466666668], [16.910685, 78.66170466666668], [16.91068466666667, 78.66170466666668], [16.910684166666666, 78.66170466666668], [16.910683666666667, 78.66170466666668], [16.91068316666667, 78.66170466666668], [16.910683, 78.66170466666668], [16.910682666666666, 78.66170466666668], [16.910682166666668, 78.66170466666668], [16.910681833333335, 78.66170466666668], [16.910681333333333, 78.66170466666668], [16.910681, 78.66170466666668], [16.910680666666668, 78.66170466666668], [16.910680333333335, 78.66170466666668], [16.91068016666667, 78.6617045], [16.910679666666667, 78.6617045], [16.910679000000002, 78.6617045], [16.910678333333333, 78.6617045], [16.91067766666667, 78.6617045], [16.910677, 78.6617045], [16.910676333333335, 78.6617045], [16.910675833333336, 78.6617045], [16.910675333333334, 78.66170433333333], [16.91067466666667, 78.66170433333333], [16.910673999999997, 78.66170433333333], [16.91067333333333, 78.66170433333333], [16.91067233333333, 78.66170433333333], [16.910671666666666, 78.66170433333333], [16.910670999999997, 78.66170433333333], [16.910670666666665, 78.66170433333333], [16.910670166666666, 78.66170433333333], [16.910669833333333, 78.66170433333333], [16.91066933333333, 78.66170433333333], [16.910669, 78.66170433333333], [16.910668333333334, 78.66170433333333], [16.910667666666665, 78.66170433333333], [16.910667, 78.66170433333333], [16.910666666666668, 78.66170433333333], [16.910666166666665, 78.66170433333333], [16.910665833333333, 78.66170433333333], [16.910665333333334, 78.66170433333333], [16.910665166666668, 78.66170416666667], [16.910664999999998, 78.661704], [16.910664999999998, 78.66170366666667], [16.910664666666666, 78.66170316666667], [16.910664333333333, 78.6617025], [16.910663333333332, 78.661702], [16.910660833333335, 78.66170116666667], [16.910658166666668, 78.66170050000001], [16.910655333333334, 78.66170000000001], [16.910654333333333, 78.6616995], [16.910653833333335, 78.66169916666666], [16.91065316666667, 78.66169883333333], [16.9106525, 78.6616985], [16.910651833333336, 78.66169833333333], [16.910651166666664, 78.66169799999999], [16.9106505, 78.66169766666667], [16.910649333333332, 78.6616975], [16.910648, 78.66169716666667], [16.910646999999997, 78.66169683333332], [16.910646333333332, 78.66169666666666], [16.9106465, 78.6616965], [16.910647166666667, 78.66169616666666], [16.910648833333333, 78.66169583333334], [16.910650666666665, 78.66169566666667], [16.910653333333336, 78.66169533333333], [16.9106565, 78.66169516666668], [16.910659666666668, 78.66169516666668], [16.910662666666667, 78.661695], [16.910666166666665, 78.661695], [16.91066933333333, 78.66169516666668], [16.910672499999997, 78.661695], [16.910674833333335, 78.66169516666668], [16.910677333333336, 78.66169516666668], [16.910679666666667, 78.66169533333333], [16.910681333333333, 78.6616955], [16.9106825, 78.66169566666667], [16.9106845, 78.66169566666667], [16.910686666666667, 78.66169583333334], [16.910688666666665, 78.66169599999999], [16.910690666666667, 78.66169616666666], [16.910692833333332, 78.66169633333334], [16.91069483333333, 78.6616965], [16.910696166666664, 78.66169666666666], [16.9106975, 78.661697], [16.910698833333335, 78.66169716666667], [16.910700000000002, 78.6616975], [16.910701333333336, 78.66169766666667], [16.910702333333333, 78.66169799999999], [16.910702833333335, 78.66169816666667], [16.910703833333333, 78.6616985], [16.910705333333333, 78.66169883333333], [16.910707, 78.66169916666666], [16.910708833333334, 78.6616995], [16.910711166666665, 78.66170000000001], [16.910714, 78.66170050000001], [16.9107165, 78.66170083333333], [16.91071916666667, 78.66170116666667], [16.910722, 78.66170166666667], [16.910724666666667, 78.66170183333334], [16.910727666666666, 78.66170216666666], [16.9107305, 78.6617025], [16.9107335, 78.6617025], [16.910736333333332, 78.66170266666667], [16.910739, 78.66170233333334], [16.910741833333336, 78.66170183333334], [16.910744333333334, 78.661702], [16.9107475, 78.661702], [16.91075066666667, 78.661702], [16.910753833333334, 78.661702], [16.910757166666667, 78.66170183333334], [16.910760333333332, 78.66170183333334], [16.910763666666664, 78.66170166666667], [16.910767, 78.66170166666667], [16.91077016666667, 78.66170149999999], [16.910773666666667, 78.66170133333334], [16.910776666666667, 78.66170133333334], [16.9107795, 78.66170133333334], [16.91078183333333, 78.66170149999999], [16.910783833333333, 78.66170166666667], [16.910785666666666, 78.661702], [16.910787333333335, 78.66170216666666], [16.9107895, 78.6617025], [16.910791333333336, 78.66170266666667], [16.910793166666668, 78.661703], [16.910794833333334, 78.66170316666667], [16.9107965, 78.66170333333334], [16.910798, 78.6617035], [16.910799333333333, 78.66170366666667], [16.910800666666667, 78.661704], [16.910801833333334, 78.66170416666667], [16.910803166666668, 78.66170433333333], [16.910804666666667, 78.6617045], [16.910805999999997, 78.66170466666668], [16.910807166666665, 78.66170483333333], [16.910808333333332, 78.66170483333333], [16.910809333333336, 78.66170516666666], [16.910810666666666, 78.66170533333334], [16.910812, 78.6617055], [16.910813166666667, 78.6617055], [16.9108145, 78.66170566666666], [16.910815666666668, 78.66170583333333], [16.910816833333335, 78.66170600000001], [16.910817833333333, 78.66170616666666], [16.910819166666666, 78.66170633333333], [16.91082, 78.66170650000001], [16.910821, 78.66170666666667], [16.910821833333333, 78.66170683333333], [16.910823, 78.66170699999999], [16.910823833333332, 78.66170699999999], [16.910824833333333, 78.66170716666667], [16.910825666666664, 78.66170733333334], [16.910826333333333, 78.66170749999999], [16.910827166666664, 78.66170749999999], [16.910827833333332, 78.66170766666667], [16.910828499999997, 78.66170783333334], [16.910829333333332, 78.661708], [16.910829999999997, 78.661708], [16.910830666666666, 78.66170816666666], [16.910831166666664, 78.66170833333334], [16.910831666666663, 78.66170833333334], [16.91083216666667, 78.6617085], [16.910832666666668, 78.6617085], [16.910833166666666, 78.66170866666667], [16.910833833333335, 78.66170883333332], [16.9108345, 78.661709], [16.91083516666667, 78.66170916666667], [16.910835833333334, 78.66170933333333], [16.910836500000002, 78.6617095], [16.910837, 78.66170966666667], [16.9108375, 78.66170966666667], [16.910838000000002, 78.66170983333333], [16.910838333333334, 78.66171], [16.910838833333333, 78.66171016666667], [16.910839333333335, 78.66171033333333], [16.910839833333334, 78.6617105], [16.910840333333333, 78.6617105], [16.910840833333335, 78.66171066666668], [16.910841166666668, 78.66171083333333], [16.9108415, 78.661711], [16.910842, 78.661711], [16.9108425, 78.66171116666666], [16.910843166666666, 78.66171133333334], [16.910843666666665, 78.66171133333334], [16.910844166666667, 78.6617115], [16.910844833333332, 78.6617115], [16.9108455, 78.66171166666666], [16.910846, 78.66171166666666], [16.910846666666664, 78.66171183333333], [16.910847333333333, 78.66171183333333], [16.910847999999998, 78.66171200000001], [16.910848666666666, 78.66171200000001], [16.910849166666665, 78.66171216666666], [16.910849833333334, 78.66171216666666], [16.9108505, 78.66171233333333], [16.910850999999997, 78.66171250000001], [16.910851833333332, 78.66171266666667], [16.91085233333333, 78.66171266666667], [16.910852833333333, 78.66171283333333], [16.910853333333332, 78.66171299999999], [16.910853666666664, 78.66171299999999], [16.910854333333337, 78.66171316666667], [16.910854833333335, 78.66171333333334], [16.910855333333334, 78.66171333333334], [16.910855833333336, 78.66171349999999], [16.910856333333335, 78.66171366666667], [16.910856833333334, 78.66171366666667], [16.910857166666666, 78.66171383333334], [16.91085766666667, 78.66171383333334], [16.910858, 78.661714], [16.9108585, 78.661714], [16.910858666666666, 78.66171416666666], [16.91085916666667, 78.66171416666666], [16.910859666666667, 78.66171433333334], [16.910860166666666, 78.66171433333334], [16.910860500000002, 78.6617145], [16.910861, 78.6617145], [16.910861333333333, 78.6617145], [16.910861666666666, 78.66171466666667], [16.910861833333335, 78.66171466666667], [16.910862166666668, 78.66171483333332], [16.910862666666667, 78.66171483333332], [16.910862833333333, 78.661715], [16.910863166666665, 78.661715], [16.910863666666668, 78.66171516666667], [16.910863666666668, 78.66171516666667], [16.910863833333334, 78.66171533333333], [16.910864, 78.66171533333333], [16.910864, 78.6617155], [16.910864333333333, 78.6617155], [16.910864666666665, 78.66171566666667], [16.910864833333335, 78.66171566666667], [16.910865166666667, 78.66171583333333], [16.9108655, 78.66171583333333], [16.910865666666666, 78.661716], [16.910865833333332, 78.661716], [16.910866, 78.66171616666666], [16.910866333333335, 78.66171616666666], [16.910866666666667, 78.66171633333333], [16.910866833333333, 78.66171633333333], [16.910867166666666, 78.66171633333333], [16.9108675, 78.6617165], [16.9108675, 78.6617165], [16.910867833333334, 78.66171666666668], [16.910868, 78.66171666666668], [16.910868333333333, 78.66171683333333], [16.9108685, 78.66171683333333], [16.910868833333332, 78.66171683333333], [16.910869166666664, 78.661717], [16.910869166666664, 78.66171716666666], [16.9108695, 78.66171716666666], [16.9108695, 78.66171733333334], [16.910869666666667, 78.6617175], [16.910869833333333, 78.66171766666666], [16.910869833333333, 78.66171766666666], [16.91087, 78.66171783333333], [16.910870166666665, 78.66171800000001], [16.910870166666665, 78.66171816666666], [16.91087033333333, 78.66171816666666], [16.91087033333333, 78.66171833333333], [16.910870499999998, 78.6617185], [16.910870666666664, 78.66171866666667], [16.910870499999998, 78.66171883333332], [16.910870499999998, 78.66171899999999], [16.91087033333333, 78.66171899999999], [16.91087033333333, 78.66171916666667], [16.91087, 78.66171933333334], [16.91087, 78.66171949999999], [16.910869666666667, 78.66171966666667], [16.910869666666667, 78.66171983333334], [16.910869666666667, 78.66171983333334], [16.9108695, 78.66172], [16.910869333333334, 78.66172016666665], [16.910869333333334, 78.66172033333334], [16.910869166666664, 78.6617205], [16.910868999999998, 78.6617205], [16.910868833333332, 78.66172066666667], [16.910868999999998, 78.66172083333332], [16.910868666666666, 78.661721], [16.9108685, 78.661721], [16.9108685, 78.66172116666667], [16.9108685, 78.66172116666667], [16.910868333333333, 78.66172133333333], [16.910868666666666, 78.66172133333333], [16.9108685, 78.66172150000001], [16.9108685, 78.66172166666666], [16.9108685, 78.66172166666666], [16.9108685, 78.66172183333333], [16.9108685, 78.661722], [16.9108685, 78.66172216666668], [16.9108685, 78.66172216666668], [16.910868, 78.66172233333333], [16.910867833333334, 78.6617225], [16.910867833333334, 78.6617225], [16.910867666666665, 78.66172266666668], [16.910867666666665, 78.66172266666668], [16.910867333333332, 78.66172283333334], [16.910867166666666, 78.66172283333334], [16.910867, 78.661723], [16.910866666666667, 78.661723], [16.9108665, 78.66172316666666], [16.910866333333335, 78.66172333333334], [16.910866166666665, 78.66172333333334], [16.910866, 78.66172350000001], [16.910865833333332, 78.66172350000001], [16.910865833333332, 78.66172366666666], [16.910865666666666, 78.66172366666666], [16.910865333333334, 78.66172383333333], [16.910865166666667, 78.661724], [16.910864833333335, 78.661724], [16.910864666666665, 78.661724], [16.9108645, 78.66172416666667], [16.910864166666666, 78.66172416666667], [16.910863833333334, 78.66172433333332], [16.910863666666668, 78.66172433333332], [16.9108635, 78.6617245], [16.910863333333335, 78.6617245], [16.910863, 78.66172466666667], [16.910862833333333, 78.66172466666667], [16.910862666666667, 78.66172483333334], [16.910862333333334, 78.66172483333334], [16.910862, 78.66172483333334], [16.910861833333335, 78.66172499999999], [16.9108615, 78.66172499999999], [16.9108615, 78.66172499999999], [16.910861166666667, 78.66172516666667], [16.910861, 78.66172516666667], [16.910860833333334, 78.66172516666667], [16.910860500000002, 78.66172516666667], [16.910860333333336, 78.66172533333334], [16.910859833333333, 78.66172516666667], [16.9108595, 78.66172533333334], [16.91085916666667, 78.66172533333334], [16.910858666666666, 78.66172533333334], [16.910858333333334, 78.66172533333334], [16.910857833333335, 78.6617255], [16.91085766666667, 78.66172533333334], [16.910857166666666, 78.66172533333334], [16.910856833333334, 78.66172533333334], [16.910856333333335, 78.66172533333334], [16.910855833333336, 78.66172533333334], [16.910855333333334, 78.66172533333334], [16.91085466666667, 78.66172533333334], [16.910854333333337, 78.66172533333334], [16.91085383333333, 78.66172533333334], [16.910853333333332, 78.66172533333334], [16.910852833333333, 78.66172516666667], [16.91085233333333, 78.66172516666667], [16.910851833333332, 78.66172516666667], [16.910851333333333, 78.66172499999999], [16.91085083333333, 78.66172499999999], [16.910850333333332, 78.66172483333334], [16.91085, 78.66172483333334], [16.910849666666664, 78.66172466666667], [16.910849166666665, 78.66172466666667], [16.9108485, 78.66172466666667], [16.910848166666664, 78.66172466666667], [16.910847666666665, 78.6617245], [16.910847, 78.6617245], [16.910846499999998, 78.6617245], [16.910846, 78.6617245], [16.910845333333334, 78.6617245], [16.910844666666666, 78.6617245], [16.910844, 78.6617245], [16.9108435, 78.6617245], [16.910843, 78.6617245], [16.910842333333335, 78.6617245], [16.910841666666666, 78.6617245], [16.910841, 78.6617245], [16.910840333333333, 78.6617245], [16.910839833333334, 78.66172466666667], [16.9108395, 78.66172466666667], [16.910838833333333, 78.66172466666667], [16.910838333333334, 78.66172466666667], [16.910837666666666, 78.66172466666667], [16.910837166666667, 78.66172466666667], [16.910836500000002, 78.66172483333334], [16.910836, 78.66172483333334], [16.9108355, 78.66172483333334], [16.910834833333336, 78.66172483333334], [16.910834333333334, 78.66172499999999], [16.910833833333335, 78.66172499999999], [16.910833166666666, 78.66172499999999], [16.910832666666668, 78.66172499999999], [16.910832000000003, 78.66172516666667], [16.910831499999997, 78.66172516666667], [16.910830833333332, 78.66172516666667], [16.9108305, 78.66172533333334], [16.910829999999997, 78.66172533333334], [16.9108295, 78.66172533333334], [16.910828833333333, 78.66172533333334], [16.910828, 78.66172533333334], [16.910827333333334, 78.6617255], [16.91082683333333, 78.6617255], [16.910826166666666, 78.66172566666667], [16.910825499999998, 78.66172566666667], [16.910824833333333, 78.66172583333334], [16.910824166666664, 78.66172583333334], [16.910823666666666, 78.661726], [16.910822833333334, 78.661726], [16.910822166666666, 78.66172616666667], [16.910821333333335, 78.66172616666667], [16.910820666666666, 78.66172633333333], [16.91082, 78.66172633333333], [16.910819333333333, 78.6617265], [16.910818666666668, 78.6617265], [16.910817833333333, 78.6617265], [16.910817, 78.66172666666667], [16.910816166666667, 78.66172666666667], [16.910815500000002, 78.66172666666667], [16.910814833333333, 78.66172666666667], [16.910814000000002, 78.66172683333333], [16.910813166666667, 78.66172683333333], [16.910812333333336, 78.66172683333333], [16.910811666666667, 78.66172683333333], [16.910810666666666, 78.66172683333333], [16.910809833333335, 78.66172683333333], [16.910808999999997, 78.661727], [16.910808333333332, 78.661727], [16.910807499999997, 78.66172716666667], [16.910806833333332, 78.66172716666667], [16.910805999999997, 78.66172716666667], [16.910805, 78.66172733333333], [16.910804166666665, 78.66172733333333], [16.910803166666668, 78.66172733333333], [16.910802333333333, 78.66172750000001], [16.910801499999998, 78.66172766666666], [16.910800666666667, 78.66172766666666], [16.910799833333332, 78.66172783333333], [16.910799, 78.661728], [16.910798, 78.66172816666668], [16.910797333333335, 78.66172833333333], [16.910796833333333, 78.6617285], [16.910796166666668, 78.66172866666668], [16.9107955, 78.66172883333334], [16.910794833333334, 78.661729], [16.910794, 78.66172916666666], [16.9107935, 78.66172933333334], [16.91079266666667, 78.6617295], [16.910792, 78.66172966666666], [16.910791333333336, 78.66172983333333], [16.910790666666667, 78.66173], [16.910790000000002, 78.66173016666667], [16.910789, 78.66173033333332], [16.910788333333336, 78.6617305], [16.9107875, 78.66173066666667], [16.910786499999997, 78.66173066666667], [16.910785666666666, 78.66173083333334], [16.910784666666665, 78.66173099999999], [16.910783833333333, 78.66173116666667], [16.910782833333332, 78.66173133333334], [16.91078183333333, 78.66173133333334], [16.910780833333334, 78.6617315], [16.91078, 78.66173166666667], [16.910779166666668, 78.66173166666667], [16.910778, 78.66173183333333], [16.910777333333332, 78.66173183333333], [16.910776666666667, 78.661732], [16.910775833333332, 78.661732], [16.910774833333335, 78.66173216666667], [16.910773833333334, 78.66173216666667], [16.910773, 78.66173233333333], [16.910772166666668, 78.66173233333333], [16.910771, 78.6617325], [16.91077016666667, 78.6617325], [16.910769166666668, 78.66173266666667], [16.910768166666667, 78.66173266666667], [16.910767333333336, 78.66173283333333], [16.910766333333335, 78.66173283333333], [16.910765333333334, 78.661733], [16.910764500000003, 78.661733], [16.910763666666664, 78.66173316666666], [16.910762833333333, 78.66173316666666], [16.910762, 78.66173316666666], [16.910761166666667, 78.66173333333333], [16.9107605, 78.66173333333333], [16.910759666666667, 78.66173333333333], [16.910758666666666, 78.66173333333333], [16.910757999999998, 78.66173333333333], [16.910757166666667, 78.66173333333333], [16.910756499999998, 78.66173350000001], [16.910755833333333, 78.66173350000001], [16.910755166666668, 78.66173350000001], [16.910754333333333, 78.66173350000001], [16.91075366666667, 78.66173350000001], [16.910753166666666, 78.66173350000001], [16.910752666666667, 78.66173350000001], [16.910751666666666, 78.66173350000001], [16.910750833333335, 78.66173350000001], [16.910750166666666, 78.66173350000001], [16.9107495, 78.66173350000001], [16.910748833333333, 78.66173350000001], [16.910748166666668, 78.66173366666666], [16.9107475, 78.66173366666666], [16.910746833333334, 78.66173366666666], [16.910746, 78.66173366666666], [16.91074516666667, 78.66173383333333], [16.910744333333334, 78.66173383333333], [16.91074366666667, 78.66173383333333], [16.910742833333334, 78.661734], [16.91074216666667, 78.661734], [16.910741499999997, 78.661734], [16.910740666666666, 78.661734], [16.91073983333333, 78.661734], [16.910739166666666, 78.66173416666668], [16.910738499999997, 78.66173416666668], [16.910737833333332, 78.66173416666668], [16.910737166666667, 78.66173416666668], [16.9107365, 78.66173433333333], [16.910735833333334, 78.66173433333333], [16.910735833333334, 78.66173433333333], [16.910735166666665, 78.6617345], [16.910734166666668, 78.6617345], [16.9107335, 78.66173466666667], [16.910732499999998, 78.66173466666667], [16.910731666666667, 78.66173466666667], [16.910731, 78.66173466666667], [16.910730333333333, 78.66173466666667], [16.9107295, 78.66173483333334], [16.910728666666667, 78.66173483333334], [16.910727833333333, 78.66173483333334], [16.910727166666668, 78.661735], [16.9107265, 78.661735], [16.910726, 78.661735], [16.910726, 78.66173516666666], [16.91072666666667, 78.66173533333334], [16.91072816666667, 78.66173566666666], [16.910730166666667, 78.66173583333332], [16.910733, 78.661736], [16.91073533333333, 78.66173616666667], [16.910738666666667, 78.66173616666667], [16.9107425, 78.66173616666667], [16.910746, 78.66173616666667], [16.91074916666667, 78.66173616666667], [16.910751666666666, 78.661736], [16.910754833333332, 78.66173583333332], [16.910757333333333, 78.66173566666666], [16.910758833333333, 78.66173533333334], [16.910760333333332, 78.661735], [16.910761666666666, 78.66173466666667], [16.910763499999998, 78.66173416666668], [16.910765, 78.66173383333333], [16.9107665, 78.66173350000001], [16.910767833333335, 78.661733], [16.91076866666667, 78.66173266666667], [16.9107695, 78.66173233333333], [16.9107705, 78.66173183333333], [16.91077166666667, 78.66173133333334], [16.910772833333333, 78.66173099999999], [16.9107735, 78.66173066666667], [16.910773, 78.66173016666667], [16.910771333333333, 78.6617295], [16.910769666666667, 78.661729], [16.9107685, 78.6617285], [16.91076766666667, 78.66172816666668], [16.910767, 78.66172766666666], [16.91076616666667, 78.66172716666667], [16.910764833333335, 78.66172683333333], [16.91076383333333, 78.66172633333333], [16.910763166666666, 78.661726], [16.910762166666665, 78.6617255], [16.910761666666666, 78.66172516666667], [16.910760999999997, 78.66172483333334], [16.910760666666665, 78.66172433333332], [16.91076083333333, 78.661724], [16.91076083333333, 78.66172366666666], [16.910761166666667, 78.66172333333334], [16.9107615, 78.661723], [16.910761666666666, 78.66172283333334], [16.910761833333332, 78.6617225], [16.910762166666665, 78.66172216666668], [16.910762499999997, 78.661722], [16.910763166666666, 78.66172166666666], [16.910763333333332, 78.66172150000001], [16.910763166666666, 78.66172116666667], [16.910763166666666, 78.661721], [16.910763499999998, 78.66172066666667], [16.91076383333333, 78.6617205], [16.91076416666667, 78.66172033333334], [16.910764333333336, 78.66172], [16.910764833333335, 78.66171983333334], [16.910765166666668, 78.66171966666667], [16.910765166666668, 78.66171933333334], [16.910764833333335, 78.66171916666667], [16.91076466666667, 78.66171899999999], [16.91076466666667, 78.66171866666667], [16.910764500000003, 78.6617185], [16.910764333333336, 78.66171833333333], [16.91076416666667, 78.66171800000001], [16.910763999999997, 78.66171783333333], [16.910763499999998, 78.66171766666666], [16.910763499999998, 78.6617175], [16.910763333333332, 78.66171733333334], [16.910763, 78.66171716666666], [16.910762833333333, 78.661717], [16.910762499999997, 78.66171683333333], [16.91076233333333, 78.66171666666668], [16.910762166666665, 78.6617165], [16.910762166666665, 78.66171633333333], [16.910762, 78.66171616666666], [16.910761833333332, 78.661716], [16.910761833333332, 78.66171583333333], [16.910761666666666, 78.66171566666667], [16.910761666666666, 78.6617155], [16.9107615, 78.66171533333333], [16.9107615, 78.66171516666667], [16.910761166666667, 78.661715], [16.910761166666667, 78.66171483333332], [16.910760999999997, 78.66171466666667], [16.91076083333333, 78.6617145], [16.9107605, 78.66171433333334], [16.910760333333332, 78.66171416666666], [16.91076, 78.661714], [16.910759833333334, 78.66171383333334], [16.910759666666667, 78.66171366666667], [16.910759666666667, 78.66171349999999], [16.910759499999998, 78.66171333333334], [16.91075933333333, 78.66171316666667], [16.910759, 78.66171299999999], [16.910759, 78.66171283333333], [16.910758666666666, 78.66171266666667], [16.9107585, 78.66171250000001], [16.910758333333334, 78.66171233333333], [16.910757999999998, 78.66171216666666], [16.91075783333333, 78.66171200000001], [16.91075783333333, 78.66171183333333], [16.910757666666665, 78.66171183333333], [16.9107575, 78.66171166666666], [16.910757333333333, 78.6617115], [16.910757333333333, 78.66171133333334], [16.910757166666667, 78.66171133333334], [16.910756833333334, 78.66171116666666], [16.910756499999998, 78.661711], [16.91075633333333, 78.66171083333333], [16.910756166666665, 78.66171066666668], [16.910755833333333, 78.66171066666668], [16.910755666666667, 78.6617105], [16.910755333333334, 78.66171033333333], [16.910755166666668, 78.66171016666667], [16.910754833333332, 78.66171016666667], [16.9107545, 78.66171], [16.910754333333333, 78.66171], [16.910754, 78.66170983333333], [16.91075366666667, 78.66170966666667], [16.910753333333332, 78.6617095], [16.910753166666666, 78.6617095], [16.910752666666667, 78.66170933333333], [16.9107525, 78.66170916666667], [16.9107525, 78.66170916666667], [16.910752, 78.661709], [16.910751833333332, 78.661709], [16.910751333333334, 78.66170883333332], [16.910750833333335, 78.66170866666667], [16.9107505, 78.66170866666667], [16.910750166666666, 78.6617085], [16.910749833333334, 78.6617085], [16.910749666666668, 78.66170833333334], [16.910749333333335, 78.66170833333334], [16.910749, 78.66170816666666], [16.910748666666667, 78.66170816666666], [16.9107485, 78.661708], [16.910748166666668, 78.661708], [16.910748, 78.661708], [16.9107475, 78.66170783333334], [16.910747166666667, 78.66170766666667], [16.910746666666668, 78.66170749999999], [16.910746333333336, 78.66170749999999], [16.910745833333333, 78.66170733333334], [16.91074516666667, 78.66170716666667], [16.9107445, 78.66170699999999], [16.910744, 78.66170699999999], [16.910743333333336, 78.66170683333333], [16.910742833333334, 78.66170666666667], [16.910742333333335, 78.66170650000001], [16.91074166666667, 78.66170633333333], [16.91074133333333, 78.66170616666666], [16.910740833333332, 78.66170600000001], [16.910740333333333, 78.66170583333333], [16.910739666666665, 78.66170583333333], [16.910739166666666, 78.66170566666666], [16.910738499999997, 78.6617055], [16.910738166666665, 78.6617055], [16.910737666666666, 78.66170533333334], [16.910737166666667, 78.66170516666666], [16.9107365, 78.661705], [16.910736, 78.661705], [16.91073533333333, 78.66170483333333], [16.910734833333333, 78.66170483333333], [16.910734333333334, 78.66170466666668], [16.91073383333333, 78.66170466666668], [16.910733166666667, 78.6617045], [16.910732666666668, 78.6617045], [16.910732166666666, 78.66170433333333], [16.9107315, 78.66170433333333], [16.910730833333332, 78.66170416666667], [16.910730166666667, 78.66170416666667], [16.91072966666667, 78.661704], [16.910729, 78.66170383333333], [16.910728333333335, 78.66170383333333], [16.910727833333333, 78.66170366666667], [16.910727, 78.66170366666667], [16.910726333333333, 78.6617035], [16.910725666666668, 78.6617035], [16.910725, 78.66170333333334], [16.910724333333334, 78.66170316666667], [16.91072366666667, 78.66170316666667], [16.910723, 78.661703], [16.91072266666667, 78.66170283333332], [16.91072216666667, 78.66170266666667], [16.9107215, 78.6617025], [16.910720833333336, 78.66170233333334], [16.910720166666668, 78.66170233333334], [16.910719500000003, 78.66170216666666], [16.910718666666664, 78.661702], [16.910718, 78.661702], [16.910717499999997, 78.66170183333334], [16.910716999999998, 78.66170166666667], [16.910716333333333, 78.66170166666667], [16.910715666666665, 78.66170149999999], [16.910715, 78.66170133333334], [16.91071433333333, 78.66170133333334], [16.910713833333332, 78.66170116666667], [16.910712999999998, 78.66170116666667], [16.9107125, 78.661701], [16.910711666666668, 78.66170083333333], [16.910711166666665, 78.66170066666668], [16.910710333333334, 78.66170066666668], [16.910709666666666, 78.66170050000001], [16.910709, 78.66170033333333], [16.910708333333332, 78.66170033333333], [16.910707666666667, 78.66170016666666], [16.910706833333332, 78.66170000000001], [16.910706333333334, 78.66170000000001], [16.9107055, 78.66169983333333], [16.910704833333334, 78.66169966666666], [16.91070416666667, 78.6616995], [16.910703666666667, 78.6616995], [16.910703, 78.66169933333335], [16.910702333333333, 78.66169916666666], [16.910701833333334, 78.661699], [16.91070116666667, 78.661699], [16.9107005, 78.66169883333333], [16.910699833333336, 78.66169866666668], [16.910699, 78.66169833333333], [16.910698333333336, 78.66169816666667], [16.910697666666668, 78.66169816666667], [16.910697000000003, 78.66169799999999], [16.910696499999997, 78.66169783333333], [16.91069583333333, 78.66169766666667], [16.910694999999997, 78.6616975], [16.910694, 78.66169733333332], [16.91069333333333, 78.66169716666667], [16.910692333333333, 78.66169716666667], [16.910691666666665, 78.661697], [16.910690833333334, 78.66169683333332], [16.910690166666665, 78.66169683333332], [16.910689166666668, 78.66169666666666], [16.9106885, 78.66169666666666], [16.910687833333334, 78.6616965], [16.910687, 78.6616965], [16.910686, 78.66169633333334], [16.910685166666667, 78.66169616666666], [16.910684333333332, 78.66169616666666], [16.9106835, 78.66169599999999], [16.910682666666666, 78.66169599999999], [16.91068166666667, 78.66169583333334], [16.910680833333334, 78.66169583333334], [16.91068016666667, 78.66169566666667], [16.910679333333334, 78.6616955], [16.91067866666667, 78.66169533333333], [16.91067766666667, 78.66169516666668], [16.910676666666667, 78.661695], [16.9106755, 78.66169483333333], [16.910673666666664, 78.66169450000001], [16.910670666666665, 78.66169450000001], [16.91066783333333, 78.66169416666666], [16.910663666666668, 78.66169383333333], [16.910659333333335, 78.6616935], [16.9106545, 78.661693], [16.910649, 78.66169283333333], [16.910644666666666, 78.6616925], [16.910639833333335, 78.66169233333333], [16.910634666666667, 78.6616925], [16.91062916666667, 78.6616925], [16.910623166666667, 78.66169283333333], [16.9106175, 78.66169316666667], [16.910612166666667, 78.66169366666666], [16.910607666666667, 78.66169433333333], [16.910601999999997, 78.661695], [16.910597666666668, 78.66169616666666], [16.910593833333333, 78.661697], [16.9105925, 78.66169799999999], [16.9105915, 78.66169916666666], [16.910590833333334, 78.66170016666666], [16.9105905, 78.66170116666667], [16.910591, 78.66170216666666], [16.910592666666666, 78.661703], [16.910594, 78.66170383333333], [16.910595333333333, 78.66170466666668], [16.910597833333334, 78.6617055], [16.910601, 78.66170616666666], [16.910604166666666, 78.66170650000001], [16.910607833333334, 78.66170699999999], [16.910610333333334, 78.66170733333334], [16.910613333333334, 78.66170749999999], [16.910616666666666, 78.66170783333334], [16.910620166666668, 78.66170783333334], [16.910623666666666, 78.66170783333334], [16.910627833333333, 78.66170749999999], [16.9106315, 78.66170716666667], [16.91063516666667, 78.66170666666667], [16.910639333333332, 78.66170650000001], [16.910643, 78.66170633333333], [16.910646666666665, 78.66170616666666], [16.910650333333333, 78.66170616666666], [16.910654, 78.66170600000001], [16.910657333333333, 78.66170583333333], [16.91066066666667, 78.66170583333333], [16.910664, 78.66170566666666], [16.910667166666666, 78.6617055], [16.9106705, 78.6617055], [16.91067383333333, 78.66170533333334], [16.910677333333336, 78.66170533333334], [16.9106805, 78.66170533333334], [16.910684333333332, 78.6617055], [16.910687833333334, 78.6617055], [16.9106915, 78.66170566666666], [16.910695166666667, 78.66170583333333], [16.910698833333335, 78.66170600000001], [16.910702166666667, 78.66170616666666], [16.910705833333335, 78.66170633333333], [16.910709, 78.66170666666667], [16.910712166666666, 78.66170683333333], [16.910715166666666, 78.66170699999999], [16.910718166666665, 78.66170733333334], [16.910720833333336, 78.66170749999999], [16.910723333333333, 78.66170766666667], [16.910725666666668, 78.66170783333334], [16.91072816666667, 78.661708], [16.910730333333333, 78.66170816666666], [16.910732666666668, 78.66170833333334], [16.910734666666666, 78.6617085], [16.91073683333333, 78.66170866666667], [16.910739, 78.661709], [16.91074133333333, 78.66170916666667], [16.910743333333336, 78.66170933333333], [16.910745333333335, 78.6617095], [16.910747166666667, 78.66170966666667], [16.91074916666667, 78.66170983333333], [16.910751, 78.66171], [16.910752666666667, 78.66171016666667], [16.9107545, 78.66171033333333], [16.910756, 78.6617105], [16.910757333333333, 78.66171083333333], [16.910759, 78.66171116666666], [16.910760333333332, 78.66171133333334], [16.9107615, 78.66171166666666], [16.910762833333333, 78.66171183333333], [16.91076416666667, 78.66171216666666], [16.9107655, 78.66171250000001], [16.910767, 78.66171266666667], [16.910768333333333, 78.66171283333333], [16.910769833333333, 78.66171299999999], [16.910771, 78.66171333333334], [16.910772333333334, 78.66171349999999], [16.910773666666667, 78.66171366666667], [16.910775, 78.661714], [16.91077616666667, 78.66171416666666], [16.9107775, 78.66171433333334], [16.91077883333333, 78.66171466666667], [16.910780166666665, 78.66171483333332], [16.910781333333333, 78.661715], [16.910782333333334, 78.66171533333333], [16.910783666666667, 78.6617155], [16.91078483333333, 78.66171566666667], [16.910786166666664, 78.66171583333333], [16.9107875, 78.66171616666666], [16.91078866666667, 78.66171633333333], [16.910789833333336, 78.66171633333333], [16.910791, 78.6617165], [16.910792, 78.66171666666668], [16.910793, 78.66171683333333], [16.91079416666667, 78.661717], [16.910795333333333, 78.661717], [16.910796333333334, 78.66171716666666], [16.91079716666667, 78.66171733333334], [16.910798166666666, 78.66171733333334], [16.910799, 78.6617175], [16.910799833333332, 78.66171766666666], [16.9108005, 78.66171783333333], [16.910801499999998, 78.66171800000001], [16.910802166666667, 78.66171816666666], [16.910802999999998, 78.66171816666666], [16.910803833333333, 78.66171816666666], [16.910804666666667, 78.66171833333333], [16.9108055, 78.66171833333333], [16.910806333333333, 78.6617185], [16.91080733333333, 78.6617185], [16.910808166666666, 78.66171866666667], [16.910808999999997, 78.66171866666667], [16.91080966666667, 78.66171883333332], [16.910810333333334, 78.66171883333332], [16.910811333333335, 78.66171899999999], [16.910812, 78.66171916666667], [16.910812833333335, 78.66171916666667], [16.9108135, 78.66171933333334], [16.910814333333335, 78.66171949999999], [16.910815, 78.66171949999999], [16.910815833333334, 78.66171966666667], [16.9108165, 78.66171966666667], [16.910817166666668, 78.66171983333334], [16.910817833333333, 78.66171983333334], [16.9108185, 78.66172], [16.910819166666666, 78.66172016666665], [16.910819833333335, 78.66172016666665], [16.910820166666667, 78.66172033333334], [16.910820833333332, 78.66172033333334], [16.9108215, 78.66172033333334], [16.910822333333332, 78.6617205], [16.910823, 78.66172066666667], [16.9108235, 78.66172066666667], [16.910823999999998, 78.66172066666667], [16.9108245, 78.66172083333332], [16.910825, 78.66172083333332], [16.910825666666664, 78.66172083333332], [16.910826166666666, 78.661721], [16.910826666666665, 78.661721], [16.910827333333334, 78.66172116666667], [16.910827833333332, 78.66172116666667], [16.91082833333333, 78.66172133333333], [16.910828833333333, 78.66172133333333], [16.910829166666666, 78.66172150000001], [16.91082983333333, 78.66172150000001], [16.910830333333333, 78.66172166666666], [16.910830999999998, 78.66172166666666], [16.910831666666663, 78.66172183333333], [16.91083216666667, 78.66172183333333], [16.910832833333334, 78.661722], [16.910833500000003, 78.661722], [16.910834166666667, 78.66172216666668], [16.910835000000002, 78.66172233333333], [16.910835333333335, 78.66172233333333], [16.910835833333334, 78.6617225], [16.91083666666667, 78.6617225], [16.910837166666667, 78.66172266666668], [16.910838000000002, 78.66172283333334], [16.910838666666667, 78.66172283333334], [16.910839166666666, 78.661723], [16.910839833333334, 78.66172316666666], [16.9108405, 78.66172316666666], [16.910840833333335, 78.66172333333334], [16.910841333333334, 78.66172333333334], [16.910841833333333, 78.66172350000001], [16.910842333333335, 78.66172366666666], [16.9108425, 78.66172366666666], [16.910843, 78.66172383333333], [16.910843333333332, 78.66172383333333], [16.910843666666665, 78.661724], [16.910844, 78.661724], [16.910844, 78.661724], [16.910844166666667, 78.66172416666667], [16.9108445, 78.66172416666667], [16.910844833333332, 78.66172416666667], [16.910845166666665, 78.66172416666667], [16.9108455, 78.66172433333332], [16.910845666666667, 78.66172433333332], [16.910845833333333, 78.66172433333332], [16.910846333333332, 78.6617245], [16.910846833333334, 78.6617245], [16.910847166666667, 78.6617245], [16.910847666666665, 78.66172466666667], [16.910847999999998, 78.66172466666667], [16.910848666666666, 78.66172466666667], [16.910849166666665, 78.66172466666667], [16.910849499999998, 78.66172483333334], [16.910849833333334, 78.66172483333334], [16.910850333333332, 78.66172483333334], [16.91085083333333, 78.66172483333334], [16.910851166666664, 78.66172499999999], [16.9108515, 78.66172499999999], [16.910851666666666, 78.66172499999999], [16.910852, 78.66172499999999], [16.910852, 78.66172499999999], [16.910852166666665, 78.66172516666667], [16.910852166666665, 78.66172516666667], [16.91085233333333, 78.66172516666667], [16.910852499999997, 78.66172533333334], [16.910852499999997, 78.66172533333334], [16.910852666666663, 78.6617255], [16.910852833333333, 78.6617255], [16.910853, 78.6617255], [16.910853, 78.6617255], [16.910853, 78.6617255], [16.910853166666666, 78.66172566666667], [16.910853, 78.66172566666667], [16.910853333333332, 78.66172583333334], [16.910853333333332, 78.66172583333334], [16.910853499999998, 78.66172583333334], [16.91085383333333, 78.661726], [16.910853666666664, 78.661726], [16.910853666666664, 78.66172616666667], [16.91085383333333, 78.66172633333333], [16.91085383333333, 78.66172633333333], [16.910853999999997, 78.66172633333333], [16.910853999999997, 78.6617265], [16.91085383333333, 78.66172666666667], [16.91085383333333, 78.66172666666667], [16.910853666666664, 78.66172666666667], [16.910853499999998, 78.66172683333333], [16.910853499999998, 78.66172683333333], [16.910853666666664, 78.661727], [16.910853333333332, 78.661727], [16.910853333333332, 78.66172716666667], [16.910853333333332, 78.66172733333333], [16.910853333333332, 78.66172733333333], [16.910853166666666, 78.66172750000001], [16.910852833333333, 78.66172766666666], [16.910852666666663, 78.66172783333333], [16.910852666666663, 78.66172783333333], [16.910852666666663, 78.661728], [16.910852666666663, 78.66172816666668], [16.910852499999997, 78.66172833333333], [16.91085233333333, 78.66172833333333], [16.91085233333333, 78.6617285], [16.910852499999997, 78.66172866666668], [16.910852499999997, 78.66172866666668], [16.910852666666663, 78.66172883333334], [16.910852499999997, 78.661729], [16.910852499999997, 78.661729], [16.910852499999997, 78.66172916666666], [16.910852166666665, 78.66172933333334], [16.910852, 78.66172933333334], [16.910851666666666, 78.6617295], [16.910851166666664, 78.66172966666666], [16.91085083333333, 78.66172966666666], [16.9108505, 78.66172983333333], [16.910850166666666, 78.66173], [16.91085, 78.66173], [16.910849666666664, 78.66173016666667], [16.910849499999998, 78.66173016666667], [16.91084933333333, 78.66173033333332], [16.910849, 78.66173033333332], [16.910848833333333, 78.6617305], [16.910848666666666, 78.6617305], [16.9108485, 78.6617305], [16.910848333333334, 78.66173066666667], [16.910848333333334, 78.66173066666667], [16.910848166666664, 78.66173083333334], [16.910848166666664, 78.66173083333334], [16.91084783333333, 78.66173083333334], [16.910847666666665, 78.66173083333334], [16.910847666666665, 78.66173099999999], [16.9108475, 78.66173099999999], [16.910847333333333, 78.66173099999999], [16.910847166666667, 78.66173116666667], [16.910847166666667, 78.66173116666667], [16.910847, 78.66173099999999], [16.910847, 78.66173099999999], [16.910846666666664, 78.66173116666667], [16.910846499999998, 78.66173099999999], [16.910846499999998, 78.66173099999999], [16.910846166666666, 78.66173099999999], [16.910846, 78.66173116666667], [16.910845666666667, 78.66173099999999], [16.9108455, 78.66173099999999], [16.910845166666665, 78.66173099999999], [16.910844833333332, 78.66173099999999], [16.910844666666666, 78.66173116666667], [16.910844333333333, 78.66173116666667], [16.910844166666667, 78.66173116666667], [16.910843833333335, 78.66173116666667], [16.910843333333332, 78.66173116666667], [16.910843, 78.66173116666667], [16.910842666666667, 78.66173116666667], [16.910842333333335, 78.66173116666667], [16.910841833333333, 78.66173116666667], [16.910841166666668, 78.66173133333334], [16.910840666666665, 78.66173133333334], [16.910840333333333, 78.66173133333334], [16.910839833333334, 78.66173133333334], [16.910839333333335, 78.66173133333334], [16.910838666666667, 78.6617315], [16.910838166666668, 78.6617315], [16.910837666666666, 78.6617315], [16.910837166666667, 78.66173166666667], [16.91083666666667, 78.66173166666667], [16.910836, 78.66173166666667], [16.910835666666667, 78.66173166666667], [16.910834833333336, 78.66173183333333], [16.910834333333334, 78.66173183333333], [16.91083366666667, 78.66173183333333], [16.910832833333334, 78.66173183333333], [16.910832000000003, 78.661732], [16.91083133333333, 78.661732], [16.910830666666666, 78.661732], [16.910829999999997, 78.66173216666667], [16.910829166666666, 78.66173216666667], [16.910828499999997, 78.66173233333333], [16.910827833333332, 78.66173233333333], [16.910827333333334, 78.6617325], [16.9108265, 78.6617325], [16.910825666666664, 78.66173266666667], [16.910825, 78.66173266666667], [16.910824333333334, 78.66173283333333], [16.9108235, 78.66173283333333], [16.910822833333334, 78.661733], [16.910822, 78.661733], [16.910821, 78.661733], [16.9108205, 78.66173316666666], [16.910819666666665, 78.66173316666666], [16.910818833333334, 78.66173316666666], [16.910818, 78.66173333333333], [16.9108175, 78.66173333333333], [16.910816833333335, 78.66173350000001], [16.910816166666667, 78.66173333333333], [16.910815500000002, 78.66173350000001], [16.910814833333333, 78.66173350000001], [16.910814000000002, 78.66173350000001], [16.9108135, 78.66173350000001], [16.910812833333335, 78.66173333333333], [16.910812166666666, 78.66173350000001], [16.910811666666667, 78.66173366666666], [16.91081116666667, 78.66173366666666], [16.910810666666666, 78.66173383333333], [16.910810333333334, 78.661734], [16.910809833333335, 78.66173433333333], [16.910809166666663, 78.6617345], [16.910808666666664, 78.66173466666667], [16.910808166666666, 78.661735], [16.910807833333333, 78.66173516666666], [16.91080733333333, 78.66173533333334], [16.910806833333332, 78.66173566666666], [16.9108065, 78.66173583333332], [16.91080583333333, 78.661736], [16.910805166666666, 78.66173616666667], [16.910804499999998, 78.66173633333332], [16.910804, 78.6617365], [16.9108035, 78.66173666666667], [16.91080283333333, 78.66173683333334], [16.910802333333333, 78.66173699999999], [16.910801666666668, 78.66173716666667], [16.910801166666666, 78.66173733333333], [16.9108005, 78.6617375], [16.910799833333332, 78.66173766666667], [16.910799166666667, 78.66173783333333], [16.91079866666667, 78.661738], [16.910798, 78.66173816666667], [16.910797333333335, 78.66173833333333], [16.910796666666666, 78.6617385], [16.910795833333335, 78.66173866666666], [16.910795, 78.66173883333333], [16.910794333333335, 78.661739], [16.910793666666667, 78.661739], [16.910792833333335, 78.66173916666666], [16.910792, 78.66173916666666], [16.910791, 78.66173933333333], [16.91079016666667, 78.66173933333333], [16.910789333333334, 78.66173933333333], [16.910788833333335, 78.66173933333333], [16.910788333333336, 78.66173933333333], [16.910788500000002, 78.66173950000001], [16.910789333333334, 78.66173966666666], [16.910791500000002, 78.66173983333333], [16.910793666666667, 78.66174], [16.910796333333334, 78.66174], [16.910800166666668, 78.66173983333333], [16.910804166666665, 78.66173983333333], [16.910807833333333, 78.66173983333333], [16.910811000000002, 78.66173966666666], [16.91081416666667, 78.66173933333333], [16.910817, 78.661739], [16.910819, 78.66173866666666], [16.910820833333332, 78.66173816666667], [16.910822333333332, 78.66173766666667], [16.9108235, 78.66173716666667], [16.910824166666664, 78.66173666666667], [16.9108245, 78.66173616666667], [16.910825166666665, 78.66173566666666], [16.910825499999998, 78.66173516666666], [16.910825833333334, 78.6617345], [16.910825833333334, 78.661734], [16.910825666666664, 78.66173333333333], [16.910825499999998, 78.66173283333333], [16.91082533333333, 78.66173233333333], [16.910825166666665, 78.66173183333333], [16.910825166666665, 78.6617315], [16.910825166666665, 78.66173116666667], [16.910824833333333, 78.66173066666667], [16.910824833333333, 78.66173033333332], [16.910824833333333, 78.66173], [16.910825166666665, 78.66172983333333], [16.910825666666664, 78.66172966666666], [16.910825833333334, 78.66172933333334], [16.910825499999998, 78.66172916666666], [16.91082533333333, 78.66172883333334], [16.91082533333333, 78.66172866666668], [16.910825499999998, 78.66172833333333], [16.91082533333333, 78.66172816666668], [16.91082533333333, 78.66172766666666], [16.910824833333333, 78.66172733333333], [16.9108245, 78.661727], [16.910823999999998, 78.6617265], [16.910823333333333, 78.66172616666667], [16.910822833333334, 78.66172566666667], [16.910822333333332, 78.66172533333334], [16.910821833333333, 78.66172499999999], [16.910821333333335, 78.6617245], [16.9108205, 78.66172416666667], [16.910819833333335, 78.66172383333333], [16.910819, 78.66172350000001], [16.9108185, 78.661723], [16.910817833333333, 78.66172266666668], [16.910817, 78.66172233333333], [16.9108165, 78.661722], [16.910815500000002, 78.66172166666666], [16.910814833333333, 78.66172133333333], [16.910814000000002, 78.661721], [16.910813166666667, 78.66172066666667], [16.91081266666667, 78.66172033333334], [16.910811666666667, 78.66172], [16.910811000000002, 78.66171966666667], [16.910810333333334, 78.66171933333334], [16.91080966666667, 78.66171899999999], [16.910808999999997, 78.66171866666667], [16.910808, 78.6617185], [16.91080733333333, 78.66171800000001], [16.9108065, 78.66171783333333], [16.91080583333333, 78.66171733333334], [16.910805166666666, 78.66171716666666], [16.910804499999998, 78.66171683333333], [16.910803666666666, 78.6617165], [16.91080283333333, 78.66171616666666], [16.910802166666667, 78.66171583333333], [16.910801333333332, 78.66171566666667], [16.910800666666667, 78.66171533333333], [16.910799833333332, 78.661715], [16.910799, 78.66171483333332], [16.910798166666666, 78.6617145], [16.9107975, 78.66171416666666], [16.910796833333333, 78.661714], [16.910796, 78.66171366666667], [16.910795166666666, 78.66171333333334], [16.910794333333335, 78.66171299999999], [16.9107935, 78.66171283333333], [16.910792833333335, 78.66171250000001], [16.910791833333334, 78.66171233333333], [16.910791, 78.66171200000001], [16.91079016666667, 78.66171183333333], [16.9107895, 78.6617115], [16.91078866666667, 78.66171116666666], [16.910787833333334, 78.66171083333333], [16.910787000000003, 78.6617105], [16.910785999999998, 78.66171033333333], [16.910785333333333, 78.66171], [16.9107845, 78.66170966666667], [16.910783666666667, 78.66170933333333], [16.910782833333332, 78.66170916666667], [16.910782166666667, 78.66170883333332], [16.910781333333333, 78.6617085], [16.910780499999998, 78.66170833333334], [16.9107795, 78.661708], [16.9107785, 78.66170766666667], [16.910777666666668, 78.66170749999999], [16.910777, 78.66170716666667], [16.91077616666667, 78.66170683333333], [16.9107755, 78.66170666666667], [16.91077466666667, 78.66170633333333], [16.910773833333334, 78.66170616666666], [16.910773, 78.66170600000001], [16.9107725, 78.66170566666666], [16.91077166666667, 78.6617055], [16.910770833333334, 78.66170533333334], [16.91077, 78.661705], [16.910769166666668, 78.66170483333333], [16.910768333333333, 78.66170466666668], [16.910767500000002, 78.66170433333333], [16.910766833333334, 78.66170416666667], [16.910765833333336, 78.661704], [16.910765, 78.66170383333333], [16.91076416666667, 78.66170366666667], [16.910763333333332, 78.6617035], [16.910762666666667, 78.66170333333334], [16.910761666666666, 78.66170316666667], [16.91076083333333, 78.66170283333332], [16.910759833333334, 78.66170266666667], [16.910759, 78.6617025], [16.910757999999998, 78.6617025], [16.910757, 78.66170216666666], [16.910756, 78.66170216666666], [16.910755166666668, 78.661702], [16.9107545, 78.66170166666667], [16.9107535, 78.66170149999999], [16.910752666666667, 78.66170133333334], [16.910751833333332, 78.661701], [16.91075066666667, 78.66170083333333], [16.910749666666668, 78.66170083333333], [16.9107485, 78.66170066666668], [16.9107475, 78.66170050000001], [16.910746666666668, 78.66170033333333], [16.910745666666667, 78.66170033333333], [16.910744833333336, 78.66170016666666], [16.910743833333335, 78.66170000000001], [16.910743, 78.66169966666666], [16.910742000000003, 78.6616995], [16.910740999999998, 78.66169933333335], [16.91073983333333, 78.66169933333335], [16.910738666666667, 78.66169916666666], [16.9107375, 78.661699], [16.910736333333332, 78.66169883333333], [16.910735499999998, 78.66169866666668], [16.9107345, 78.6616985], [16.910733333333333, 78.66169833333333], [16.910732333333332, 78.66169833333333], [16.910731166666668, 78.66169816666667], [16.910730333333333, 78.66169799999999], [16.910729166666666, 78.66169783333333], [16.910728, 78.66169766666667], [16.910727, 78.6616975], [16.910726, 78.66169733333332], [16.910725, 78.66169716666667], [16.910724000000002, 78.661697], [16.910723, 78.66169683333332], [16.910722, 78.66169666666666], [16.910721000000002, 78.6616965], [16.910719833333335, 78.66169633333334], [16.910718666666664, 78.66169633333334], [16.91071733333333, 78.66169616666666], [16.9107165, 78.66169599999999], [16.9107155, 78.66169583333334], [16.910714666666667, 78.66169566666667], [16.9107135, 78.66169566666667], [16.910712333333333, 78.6616955], [16.91071133333333, 78.66169533333333], [16.910710166666668, 78.66169533333333], [16.910709, 78.66169516666668], [16.910708, 78.661695], [16.910706833333332, 78.661695], [16.910705833333335, 78.66169483333333], [16.910704833333334, 78.66169466666666], [16.910703833333333, 78.66169466666666], [16.9107025, 78.66169450000001], [16.91070116666667, 78.66169450000001], [16.910699833333336, 78.66169433333333], [16.91069866666667, 78.66169433333333], [16.91069716666667, 78.66169416666666], [16.910695666666665, 78.661694], [16.910694166666666, 78.66169383333333], [16.910692833333332, 78.66169383333333], [16.910691166666666, 78.66169366666666], [16.910689666666666, 78.6616935], [16.910688333333333, 78.6616935], [16.910686833333333, 78.66169333333333], [16.910685333333333, 78.66169316666667], [16.910683833333334, 78.66169316666667], [16.9106825, 78.661693], [16.910681, 78.66169283333333], [16.9106795, 78.66169283333333], [16.910678166666667, 78.66169266666667], [16.910676666666667, 78.6616925], [16.910675166666667, 78.6616925], [16.91067383333333, 78.6616925], [16.91067233333333, 78.66169233333333], [16.910669499999997, 78.66169216666667], [16.910667166666666, 78.66169233333333], [16.91066633333333, 78.66169233333333], [16.910664, 78.66169233333333], [16.910660333333333, 78.6616925], [16.91065616666667, 78.66169266666667], [16.910652333333335, 78.661693], [16.910648666666667, 78.66169333333333], [16.910643999999998, 78.66169383333333], [16.910639333333332, 78.66169450000001], [16.910636, 78.66169516666668], [16.910632333333336, 78.66169599999999], [16.910629833333335, 78.66169716666667], [16.910628499999998, 78.66169816666667], [16.910626833333332, 78.66169933333335], [16.910625999999997, 78.66170050000001], [16.910626166666667, 78.66170166666667], [16.910626166666667, 78.6617025], [16.910626833333332, 78.66170333333334], [16.910627666666667, 78.66170416666667], [16.910629333333336, 78.66170516666666], [16.910631333333335, 78.66170583333333], [16.910634, 78.66170650000001], [16.910637166666667, 78.66170699999999], [16.910640166666667, 78.66170766666667], [16.910642666666668, 78.661708], [16.910645666666667, 78.66170833333334], [16.910649166666666, 78.66170866666667], [16.9106525, 78.66170883333332], [16.910655833333333, 78.661709], [16.91065916666667, 78.66170866666667], [16.910661833333332, 78.6617085], [16.910664666666666, 78.66170833333334], [16.910667666666665, 78.66170816666666], [16.910670666666665, 78.661708], [16.91067383333333, 78.661708], [16.910676666666667, 78.661708], [16.910679333333334, 78.66170783333334], [16.9106815, 78.66170783333334], [16.910683666666667, 78.66170766666667], [16.910685833333332, 78.66170749999999], [16.910688, 78.66170749999999], [16.910690499999998, 78.66170749999999], [16.910693166666665, 78.66170733333334], [16.910695999999998, 78.66170733333334], [16.910699166666667, 78.66170733333334], [16.910702333333333, 78.66170749999999], [16.9107055, 78.66170766666667], [16.9107085, 78.66170783333334], [16.910711499999998, 78.661708], [16.910714666666667, 78.66170816666666], [16.910717666666667, 78.66170833333334], [16.910720166666668, 78.6617085], [16.91072266666667, 78.66170866666667], [16.910725, 78.66170883333332], [16.910727333333334, 78.661709], [16.9107295, 78.66170916666667], [16.910731666666667, 78.66170933333333], [16.91073383333333, 78.6617095], [16.910736, 78.66170966666667], [16.910738, 78.66170983333333], [16.91073983333333, 78.66171016666667], [16.91074166666667, 78.66171033333333], [16.910743333333336, 78.6617105], [16.91074516666667, 78.66171066666668], [16.910747166666667, 78.661711], [16.910748833333333, 78.66171116666666], [16.910750833333335, 78.66171133333334], [16.910753, 78.66171166666666], [16.910754833333332, 78.66171183333333], [16.91075633333333, 78.66171200000001], [16.910758166666668, 78.66171233333333], [16.91076, 78.66171266666667], [16.910761666666666, 78.66171283333333], [16.910763499999998, 78.66171316666667], [16.910765, 78.66171349999999], [16.910766833333334, 78.66171366666667], [16.9107685, 78.66171383333334], [16.91077, 78.66171416666666], [16.9107715, 78.66171433333334], [16.910773, 78.66171466666667], [16.91077466666667, 78.66171483333332], [16.91077616666667, 78.66171516666667], [16.910777666666668, 78.66171533333333], [16.910779166666668, 78.66171566666667], [16.910780666666668, 78.661716], [16.910781999999998, 78.66171616666666], [16.910783499999997, 78.66171633333333], [16.91078483333333, 78.66171666666668], [16.910786166666664, 78.66171683333333], [16.91078716666667, 78.661717], [16.910788500000002, 78.66171733333334], [16.91078966666667, 78.6617175], [16.910791, 78.66171766666666], [16.910792166666667, 78.66171783333333], [16.9107935, 78.66171800000001], [16.9107945, 78.66171816666666], [16.9107955, 78.66171833333333], [16.910796666666666, 78.6617185], [16.910798, 78.66171866666667], [16.910799, 78.66171883333332], [16.910800166666668, 78.66171899999999], [16.910801166666666, 78.66171916666667], [16.910802166666667, 78.66171933333334], [16.910803333333334, 78.66171966666667], [16.910804166666665, 78.66171966666667], [16.910805166666666, 78.66171983333334], [16.910806333333333, 78.66172], [16.91080733333333, 78.66172016666665], [16.910808333333332, 78.66172033333334], [16.910809500000003, 78.6617205], [16.9108105, 78.66172066666667], [16.9108115, 78.66172083333332], [16.91081266666667, 78.66172083333332], [16.910813833333336, 78.661721], [16.910814833333333, 78.66172116666667], [16.910815666666668, 78.66172133333333], [16.9108165, 78.66172133333333], [16.910817666666667, 78.66172150000001], [16.910818666666668, 78.66172166666666], [16.9108195, 78.66172183333333], [16.910820333333334, 78.661722], [16.910821333333335, 78.66172216666668], [16.910822166666666, 78.66172216666668], [16.910823166666667, 78.66172233333333], [16.910823999999998, 78.6617225], [16.910824833333333, 78.6617225], [16.910825666666664, 78.66172266666668], [16.9108265, 78.66172283333334], [16.9108275, 78.661723], [16.91082833333333, 78.66172316666666], [16.910829166666666, 78.66172333333334], [16.910829999999997, 78.66172350000001], [16.910830833333332, 78.66172350000001], [16.910831499999997, 78.66172366666666], [16.910832000000003, 78.66172383333333], [16.910832833333334, 78.66172383333333], [16.910833500000003, 78.661724], [16.910834, 78.66172416666667], [16.910834833333336, 78.66172433333332], [16.910835333333335, 78.6617245], [16.910836166666666, 78.66172466666667], [16.91083666666667, 78.66172466666667], [16.9108375, 78.66172483333334], [16.910838000000002, 78.66172499999999], [16.910838666666667, 78.66172516666667], [16.910839333333335, 78.66172533333334], [16.910840166666667, 78.6617255], [16.9108405, 78.66172566666667], [16.910841333333334, 78.66172583333334], [16.910842, 78.661726], [16.910842666666667, 78.66172616666667], [16.910843166666666, 78.66172633333333], [16.910843666666665, 78.6617265], [16.9108445, 78.6617265], [16.910845, 78.66172666666667], [16.9108455, 78.66172683333333], [16.910846333333332, 78.661727], [16.910847, 78.661727], [16.910847333333333, 78.66172716666667], [16.910847666666665, 78.66172733333333], [16.910848166666664, 78.66172750000001], [16.910848666666666, 78.66172766666666], [16.910849, 78.66172783333333], [16.910849499999998, 78.661728], [16.910849666666664, 78.66172816666668], [16.910850166666666, 78.66172833333333], [16.9108505, 78.6617285], [16.910850999999997, 78.6617285], [16.910851333333333, 78.66172866666668], [16.910851833333332, 78.66172883333334], [16.910852, 78.661729], [16.910852499999997, 78.66172916666666], [16.910853, 78.66172933333334], [16.910853499999998, 78.6617295], [16.91085383333333, 78.66172966666666], [16.910854333333337, 78.66172966666666], [16.910854833333335, 78.66172983333333], [16.910855166666668, 78.66173], [16.9108555, 78.66173016666667], [16.910855666666667, 78.66173033333332], [16.910856000000003, 78.66173033333332], [16.910856333333335, 78.6617305], [16.910856666666668, 78.66173066666667], [16.910857, 78.66173066666667], [16.910857333333336, 78.66173083333334], [16.91085766666667, 78.66173083333334], [16.910858, 78.66173099999999], [16.910858166666667, 78.66173099999999], [16.910858333333334, 78.66173116666667], [16.910858333333334, 78.66173133333334], [16.910858333333334, 78.66173133333334], [16.910858666666666, 78.6617315], [16.910858833333336, 78.66173166666667], [16.910859000000002, 78.66173166666667], [16.91085916666667, 78.66173183333333], [16.910859333333335, 78.66173183333333], [16.9108595, 78.661732], [16.910859833333333, 78.661732], [16.91086, 78.66173216666667], [16.910860333333336, 78.66173216666667], [16.910860666666668, 78.66173233333333], [16.910860833333334, 78.6617325], [16.910861, 78.6617325], [16.910861, 78.66173266666667], [16.910861333333333, 78.66173283333333], [16.910861333333333, 78.66173283333333], [16.910861333333333, 78.66173283333333], [16.910861333333333, 78.661733], [16.910861333333333, 78.66173316666666], [16.9108615, 78.66173316666666], [16.9108615, 78.66173333333333], [16.9108615, 78.66173333333333], [16.910861333333333, 78.66173350000001], [16.910861333333333, 78.66173350000001], [16.9108615, 78.66173366666666], [16.9108615, 78.66173366666666], [16.9108615, 78.66173383333333], [16.9108615, 78.66173383333333], [16.910861666666666, 78.661734], [16.910861666666666, 78.661734], [16.910861666666666, 78.661734], [16.9108615, 78.661734], [16.9108615, 78.66173416666668], [16.9108615, 78.66173416666668], [16.910861666666666, 78.661734], [16.910861666666666, 78.661734], [16.910861666666666, 78.661734], [16.9108615, 78.66173416666668], [16.910861333333333, 78.66173416666668], [16.910861166666667, 78.661734], [16.910860666666668, 78.66173416666668], [16.910860333333336, 78.66173416666668], [16.910860333333336, 78.661734], [16.910860333333336, 78.661734], [16.910860333333336, 78.661734], [16.910860166666666, 78.661734], [16.910860333333336, 78.66173416666668], [16.910860333333336, 78.66173416666668], [16.910860166666666, 78.661734], [16.910860166666666, 78.661734], [16.910860166666666, 78.661734], [16.91086, 78.661734], [16.9108595, 78.661734], [16.910859333333335, 78.661734], [16.91085916666667, 78.66173383333333], [16.910858666666666, 78.66173383333333], [16.9108585, 78.66173383333333], [16.910858333333334, 78.66173383333333], [16.910857833333335, 78.66173383333333], [16.91085766666667, 78.66173366666666], [16.910857333333336, 78.66173366666666], [16.910857166666666, 78.66173366666666], [16.910857, 78.66173366666666], [16.910856666666668, 78.66173366666666], [16.9108565, 78.66173366666666], [16.910856333333335, 78.66173366666666], [16.910855833333336, 78.66173366666666], [16.910855666666667, 78.66173366666666], [16.9108555, 78.66173366666666], [16.910855, 78.66173366666666], [16.910854833333335, 78.66173366666666], [16.910854333333337, 78.66173366666666], [16.910853999999997, 78.66173366666666], [16.910853666666664, 78.66173366666666], [16.910853333333332, 78.66173366666666], [16.910853166666666, 78.66173366666666], [16.910852833333333, 78.66173366666666], [16.91085233333333, 78.66173366666666], [16.910852, 78.66173366666666], [16.910851833333332, 78.66173383333333], [16.910851333333333, 78.66173383333333], [16.910850999999997, 78.66173383333333], [16.910850666666665, 78.66173383333333], [16.910850166666666, 78.66173383333333], [16.910849833333334, 78.66173383333333], [16.910849499999998, 78.661734], [16.910849166666665, 78.66173383333333], [16.910848833333333, 78.661734], [16.9108485, 78.661734], [16.910848166666664, 78.661734], [16.91084783333333, 78.661734], [16.9108475, 78.661734], [16.910847166666667, 78.661734], [16.910846833333334, 78.661734], [16.910846333333332, 78.66173416666668], [16.910845833333333, 78.66173416666668], [16.9108455, 78.66173416666668], [16.910845, 78.66173416666668], [16.910844666666666, 78.66173416666668], [16.910844333333333, 78.66173416666668], [16.910844, 78.66173433333333], [16.9108435, 78.66173433333333], [16.910843333333332, 78.6617345], [16.910843166666666, 78.6617345], [16.910842833333334, 78.6617345], [16.9108425, 78.66173466666667], [16.910842166666665, 78.66173466666667], [16.9108415, 78.66173483333334], [16.910841166666668, 78.66173483333334], [16.910840666666665, 78.661735], [16.910840166666667, 78.661735], [16.910839833333334, 78.66173516666666], [16.910839666666668, 78.66173516666666], [16.910839166666666, 78.66173533333334], [16.910838833333333, 78.6617355], [16.9108385, 78.6617355], [16.910838333333334, 78.66173566666666], [16.910838000000002, 78.66173566666666], [16.910838000000002, 78.66173583333332], [16.9108375, 78.661736], [16.9108375, 78.661736], [16.910837333333333, 78.66173616666667], [16.910837333333333, 78.66173616666667], [16.910837166666667, 78.66173633333332], [16.910837166666667, 78.66173633333332], [16.910837166666667, 78.6617365], [16.910836833333335, 78.6617365], [16.91083666666667, 78.66173666666667], [16.910836166666666, 78.66173666666667], [16.910835833333334, 78.66173683333334], [16.9108355, 78.66173683333334], [16.91083516666667, 78.66173699999999], [16.910835000000002, 78.66173699999999], [16.910834833333336, 78.66173716666667], [16.9108345, 78.66173733333333], [16.910834333333334, 78.66173733333333], [16.910833833333335, 78.6617375], [16.910833500000003, 78.6617375], [16.910833333333336, 78.66173766666667], [16.910833, 78.66173766666667], [16.910832833333334, 78.66173783333333], [16.910832666666668, 78.66173783333333], [16.91083216666667, 78.66173783333333], [16.910832000000003, 78.661738], [16.910831666666663, 78.661738], [16.910831499999997, 78.661738], [16.91083133333333, 78.66173816666667], [16.910830999999998, 78.66173816666667], [16.910830666666666, 78.66173833333333], [16.91082983333333, 78.66173833333333], [16.910828499999997, 78.66173833333333], [16.91082683333333, 78.66173866666666], [16.910824333333334, 78.661739], [16.910821, 78.66173933333333], [16.910817166666668, 78.66173966666666], [16.910812500000002, 78.66173983333333], [16.910808, 78.66174], [16.910803833333333, 78.66174016666668], [16.910799333333333, 78.66174016666668], [16.9107955, 78.66174016666668], [16.910791833333334, 78.66174], [16.910788333333336, 78.66173966666666], [16.9107855, 78.66173950000001], [16.910783166666665, 78.661739], [16.91078183333333, 78.66173866666666], [16.91078, 78.66173833333333], [16.910778, 78.661738], [16.910775833333332, 78.66173766666667], [16.910774166666666, 78.66173733333333], [16.910772, 78.66173716666667], [16.9107705, 78.66173666666667], [16.910769333333334, 78.6617365], [16.910768166666667, 78.66173633333332], [16.910767333333336, 78.66173633333332], [16.910766333333335, 78.66173616666667], [16.910765833333336, 78.661736], [16.910764833333335, 78.66173566666666], [16.910764500000003, 78.66173533333334], [16.910764500000003, 78.66173516666666], [16.910763999999997, 78.661735], [16.910763666666664, 78.66173483333334], [16.910763499999998, 78.6617345], [16.910763333333332, 78.6617345], [16.910763166666666, 78.66173416666668], [16.910763, 78.66173383333333], [16.910763, 78.66173366666666], [16.910762833333333, 78.66173333333333], [16.91076233333333, 78.661733], [16.910762166666665, 78.66173283333333], [16.910761833333332, 78.6617325], [16.9107615, 78.66173216666667], [16.910760999999997, 78.66173183333333], [16.9107605, 78.6617315], [16.91076, 78.66173116666667], [16.910759666666667, 78.66173083333334], [16.91075933333333, 78.6617305], [16.91075933333333, 78.66173016666667], [16.91075933333333, 78.66172983333333], [16.91075933333333, 78.6617295], [16.91075933333333, 78.66172916666666], [16.91075933333333, 78.66172883333334], [16.910759, 78.66172833333333], [16.910759, 78.661728], [16.910758833333333, 78.66172766666666], [16.910758666666666, 78.66172733333333], [16.9107585, 78.661727], [16.910757999999998, 78.6617265], [16.910757666666665, 78.661726], [16.910757166666667, 78.66172566666667], [16.910756666666668, 78.66172516666667], [16.91075633333333, 78.66172483333334], [16.910755833333333, 78.6617245], [16.9107555, 78.66172416666667], [16.910754999999998, 78.66172383333333], [16.910754333333333, 78.66172350000001], [16.910753833333334, 78.66172316666666], [16.9107535, 78.661723], [16.910753166666666, 78.66172283333334], [16.910753, 78.66172266666668], [16.910753, 78.6617225], [16.910752833333333, 78.66172216666668], [16.910752666666667, 78.661722], [16.910752666666667, 78.66172183333333], [16.9107525, 78.66172166666666], [16.910752333333335, 78.66172150000001], [16.91075216666667, 78.66172133333333], [16.910752, 78.661721], [16.910751666666666, 78.66172083333332], [16.910751333333334, 78.66172066666667], [16.910751, 78.6617205], [16.910750833333335, 78.66172033333334], [16.91075066666667, 78.66172], [16.910750333333333, 78.66171983333334], [16.910749833333334, 78.66171966666667], [16.9107495, 78.66171933333334], [16.91074916666667, 78.66171916666667], [16.910748666666667, 78.66171899999999], [16.910748333333334, 78.66171883333332], [16.91074766666667, 78.66171866666667], [16.910747166666667, 78.66171833333333], [16.910746833333334, 78.66171816666666], [16.910746500000002, 78.66171800000001], [16.91074616666667, 78.66171783333333], [16.910745666666667, 78.66171766666666], [16.910745333333335, 78.6617175], [16.910744833333336, 78.66171733333334], [16.910744333333334, 78.66171716666666], [16.910744166666667, 78.661717], [16.910743833333335, 78.66171683333333], [16.91074316666667, 78.66171666666668], [16.910742666666668, 78.6617165], [16.910742333333335, 78.66171616666666], [16.910741833333336, 78.661716], [16.910741499999997, 78.66171583333333], [16.91074133333333, 78.66171566666667], [16.910740999999998, 78.6617155], [16.9107405, 78.66171516666667], [16.91073983333333, 78.661715], [16.910739333333332, 78.66171483333332], [16.910738833333333, 78.6617145], [16.91073833333333, 78.66171433333334], [16.910737833333332, 78.66171416666666], [16.910737333333334, 78.661714], [16.91073683333333, 78.66171383333334], [16.910736333333332, 78.66171349999999], [16.910735666666667, 78.66171333333334], [16.910735166666665, 78.66171316666667], [16.9107345, 78.66171316666667], [16.91073383333333, 78.66171299999999], [16.910733166666667, 78.66171266666667], [16.910732666666668, 78.66171250000001], [16.910732, 78.66171233333333], [16.9107315, 78.66171216666666], [16.910731, 78.66171200000001], [16.910730666666666, 78.66171183333333], [16.910730166666667, 78.66171166666666], [16.910729833333335, 78.6617115], [16.9107295, 78.66171133333334], [16.910729, 78.66171116666666], [16.9107285, 78.66171083333333], [16.910728, 78.66171066666668], [16.910727666666666, 78.6617105], [16.910727, 78.66171033333333], [16.9107265, 78.66171016666667], [16.910726166666667, 78.66171], [16.910725666666668, 78.66170983333333], [16.910725, 78.66170966666667], [16.910724333333334, 78.6617095], [16.910723833333336, 78.66170933333333], [16.910723333333333, 78.66170916666667], [16.91072266666667, 78.661709], [16.910722333333336, 78.66170883333332], [16.910721666666667, 78.66170866666667], [16.91072116666667, 78.6617085], [16.91072066666667, 78.66170833333334], [16.91072, 78.66170816666666], [16.91071966666667, 78.66170783333334], [16.910718999999997, 78.66170766666667], [16.910718499999998, 78.66170749999999], [16.910718166666665, 78.66170749999999], [16.910717499999997, 78.66170733333334], [16.910716999999998, 78.66170716666667], [16.910716333333333, 78.66170699999999], [16.91071583333333, 78.66170666666667], [16.910715166666666, 78.66170666666667], [16.910714666666667, 78.66170650000001], [16.910714166666665, 78.66170633333333], [16.9107135, 78.66170616666666], [16.91071283333333, 78.66170583333333], [16.910712333333333, 78.66170583333333], [16.910711833333334, 78.66170566666666], [16.910711166666665, 78.6617055], [16.9107105, 78.66170533333334], [16.910709999999998, 78.66170516666666], [16.9107095, 78.661705], [16.910709, 78.66170483333333], [16.9107085, 78.66170466666668], [16.910708, 78.6617045], [16.910707333333335, 78.66170433333333], [16.910706666666666, 78.66170416666667], [16.910706, 78.661704], [16.9107055, 78.66170383333333], [16.910705, 78.66170366666667], [16.910704333333335, 78.6617035], [16.910703666666667, 78.66170333333334], [16.910703, 78.66170316666667], [16.91070266666667, 78.661703], [16.910702, 78.661703], [16.910701333333336, 78.66170283333332], [16.910700833333333, 78.66170266666667], [16.91070016666667, 78.6617025], [16.9106995, 78.6617025], [16.910698833333335, 78.66170233333334], [16.91069816666667, 78.66170216666666], [16.910697666666668, 78.661702], [16.910697000000003, 78.66170183333334], [16.91069633333333, 78.66170166666667], [16.9106955, 78.66170166666667], [16.910694999999997, 78.66170149999999], [16.910694333333332, 78.66170133333334], [16.910693666666667, 78.66170116666667], [16.910693, 78.661701], [16.9106925, 78.66170083333333], [16.91069183333333, 78.66170066666668], [16.910691166666666, 78.66170050000001], [16.910690499999998, 78.66170033333333], [16.91069, 78.66170016666666], [16.910689333333334, 78.66170000000001], [16.910688666666665, 78.66169983333333], [16.910688166666667, 78.66169966666666], [16.910687499999998, 78.6616995], [16.910687, 78.66169933333335], [16.910686333333334, 78.66169916666666], [16.910685833333332, 78.661699], [16.910685166666667, 78.661699], [16.9106845, 78.66169883333333], [16.910683833333334, 78.66169866666668], [16.910683333333335, 78.6616985], [16.910682666666666, 78.66169833333333], [16.910682, 78.66169816666667], [16.9106815, 78.66169799999999], [16.910680833333334, 78.66169783333333], [16.910680333333335, 78.66169766666667], [16.9106795, 78.6616975], [16.910679000000002, 78.66169733333332], [16.910678333333333, 78.66169716666667], [16.910677500000002, 78.66169716666667], [16.910676833333333, 78.661697], [16.91067616666667, 78.66169683333332], [16.9106755, 78.66169666666666], [16.910674833333335, 78.6616965], [16.910673999999997, 78.6616965], [16.910672833333333, 78.66169633333334], [16.9106715, 78.66169616666666], [16.910669166666665, 78.66169599999999], [16.910665666666667, 78.66169599999999], [16.910662, 78.66169599999999], [16.910658, 78.66169583333334], [16.910654, 78.66169583333334], [16.9106505, 78.66169566666667], [16.910647166666667, 78.66169566666667], [16.910643666666665, 78.66169566666667], [16.9106405, 78.66169566666667], [16.910637833333332, 78.6616955], [16.910635333333335, 78.66169533333333], [16.910633, 78.661695], [16.910630833333336, 78.66169466666666], [16.910628499999998, 78.66169450000001], [16.910626333333333, 78.66169416666666], [16.910624166666665, 78.661694], [16.910622166666666, 78.66169366666666], [16.9106205, 78.661693], [16.910618499999998, 78.66169233333333], [16.910617333333334, 78.6616915], [16.910617, 78.6616905], [16.910617333333334, 78.6616895], [16.910619333333333, 78.66168850000001], [16.910619666666665, 78.6616875], [16.910621499999998, 78.66168666666667], [16.9106235, 78.66168599999999], [16.91062583333333, 78.66168533333332], [16.910627499999997, 78.66168516666667], [16.910628666666664, 78.66168483333333], [16.910630333333334, 78.66168466666666], [16.91063216666667, 78.66168466666666], [16.910634, 78.66168466666666], [16.9106355, 78.66168483333333], [16.910637, 78.661685], [16.910639333333332, 78.661685], [16.910642166666666, 78.661685], [16.910645, 78.661685], [16.91064833333333, 78.661685], [16.910651833333336, 78.66168516666667], [16.91065516666667, 78.66168533333332], [16.910658833333333, 78.6616855], [16.910663, 78.66168583333334], [16.910667, 78.66168599999999], [16.9106705, 78.66168633333334], [16.91067383333333, 78.6616865], [16.910677833333335, 78.66168683333333], [16.910681, 78.66168716666667], [16.910684166666666, 78.6616875], [16.910687, 78.661688], [16.910689833333333, 78.66168833333333], [16.9106925, 78.66168866666666], [16.910695333333333, 78.661689], [16.910698500000002, 78.66168933333333], [16.91070116666667, 78.66168983333334], [16.91070416666667, 78.66169016666666], [16.91070716666667, 78.6616905], [16.910710666666667, 78.66169083333332], [16.910714, 78.66169116666667], [16.910717166666664, 78.6616915], [16.910720333333334, 78.66169183333334], [16.910723333333333, 78.66169216666667], [16.9107265, 78.66169233333333], [16.91072966666667, 78.66169266666667], [16.910732666666668, 78.661693], [16.910735666666667, 78.66169333333333], [16.910738666666667, 78.6616935], [16.910741499999997, 78.661694], [16.9107445, 78.66169416666666], [16.91074766666667, 78.66169466666666], [16.9107505, 78.661695], [16.910753166666666, 78.66169533333333], [16.9107555, 78.66169583333334], [16.91075783333333, 78.66169633333334], [16.910760166666666, 78.66169683333332], [16.910762833333333, 78.66169716666667], [16.910765333333334, 78.66169766666667], [16.910767833333335, 78.66169799999999], [16.91077016666667, 78.66169833333333], [16.910772333333334, 78.66169866666668], [16.9107745, 78.66169916666666], [16.910776666666667, 78.66169933333335], [16.910778666666666, 78.66169983333333], [16.910780833333334, 78.66170000000001], [16.910782833333332, 78.66170033333333], [16.91078483333333, 78.66170066666668], [16.91078666666667, 78.66170083333333], [16.910788833333335, 78.66170116666667], [16.9107905, 78.66170133333334], [16.910792166666667, 78.66170166666667], [16.910793833333333, 78.66170183333334], [16.9107955, 78.661702], [16.91079716666667, 78.66170216666666], [16.910798833333335, 78.6617025], [16.910800333333334, 78.66170266666667], [16.910801666666668, 78.66170283333332], [16.910802999999998, 78.661703], [16.910804499999998, 78.66170316666667], [16.91080583333333, 78.6617035], [16.910807166666665, 78.66170366666667], [16.910808333333332, 78.66170383333333], [16.91080966666667, 78.661704], [16.910811000000002, 78.66170416666667], [16.910812, 78.66170433333333], [16.910813166666667, 78.6617045], [16.91081416666667, 78.66170466666668], [16.910815333333336, 78.66170483333333], [16.9108165, 78.661705], [16.9108175, 78.66170516666666], [16.910818666666668, 78.66170533333334], [16.9108195, 78.66170533333334], [16.9108205, 78.6617055], [16.9108215, 78.66170566666666], [16.910822666666665, 78.66170583333333], [16.910823666666666, 78.66170600000001], [16.910824666666667, 78.66170616666666], [16.910825666666664, 78.66170633333333], [16.910826666666665, 78.66170650000001], [16.910827666666666, 78.66170666666667], [16.910828499999997, 78.66170683333333], [16.9108295, 78.66170699999999], [16.910830333333333, 78.66170716666667], [16.91083133333333, 78.66170733333334], [16.91083216666667, 78.66170749999999], [16.910833, 78.66170766666667], [16.910834166666667, 78.66170766666667], [16.910835000000002, 78.66170783333334], [16.910835833333334, 78.661708], [16.910837, 78.66170816666666], [16.910837666666666, 78.66170816666666], [16.9108385, 78.66170833333334], [16.910839333333335, 78.66170833333334], [16.910840166666667, 78.6617085], [16.910841, 78.66170866666667], [16.910841833333333, 78.66170883333332], [16.9108425, 78.66170883333332], [16.910843333333332, 78.661709], [16.910844, 78.66170916666667], [16.910844833333332, 78.66170933333333], [16.9108455, 78.6617095], [16.910846166666666, 78.66170966666667], [16.910846666666664, 78.66170983333333], [16.9108475, 78.66171], [16.910848166666664, 78.66171], [16.910848833333333, 78.66171016666667], [16.910849499999998, 78.66171033333333], [16.91085, 78.6617105], [16.910850666666665, 78.66171066666668], [16.910850999999997, 78.66171083333333], [16.910851666666666, 78.661711], [16.910852166666665, 78.66171116666666], [16.910852833333333, 78.66171116666666], [16.910853499999998, 78.66171133333334], [16.910853999999997, 78.6617115], [16.91085466666667, 78.66171166666666], [16.910855166666668, 78.66171183333333], [16.910856000000003, 78.66171200000001], [16.910856666666668, 78.66171200000001], [16.910857333333336, 78.66171216666666], [16.910857833333335, 78.66171233333333], [16.910858333333334, 78.66171250000001], [16.910858833333336, 78.66171250000001], [16.910859333333335, 78.66171266666667], [16.910859666666667, 78.66171283333333], [16.910860166666666, 78.66171283333333], [16.910860666666668, 78.66171299999999], [16.910861, 78.66171316666667], [16.910861666666666, 78.66171333333334], [16.910861833333335, 78.66171349999999], [16.910862333333334, 78.66171349999999], [16.910862666666667, 78.66171366666667], [16.910863, 78.66171383333334], [16.9108635, 78.661714], [16.910863833333334, 78.661714], [16.910864333333333, 78.66171416666666], [16.910864833333335, 78.66171416666666], [16.910865333333334, 78.66171433333334], [16.910865833333332, 78.66171433333334], [16.910866166666665, 78.6617145], [16.910866666666667, 78.6617145], [16.910867166666666, 78.66171466666667], [16.910867833333334, 78.66171483333332], [16.910868166666667, 78.66171483333332], [16.9108685, 78.661715], [16.910868999999998, 78.66171516666667], [16.9108695, 78.66171516666667], [16.91087, 78.66171533333333], [16.910870499999998, 78.66171533333333], [16.910870666666664, 78.6617155], [16.910871, 78.6617155], [16.910871333333333, 78.66171566666667], [16.91087183333333, 78.66171566666667], [16.910872166666664, 78.66171583333333], [16.9108725, 78.66171583333333], [16.910873, 78.661716], [16.91087333333333, 78.661716], [16.910873833333333, 78.661716], [16.910874333333332, 78.66171616666666], [16.9108745, 78.66171616666666], [16.910874999999997, 78.66171616666666], [16.910875333333333, 78.66171633333333], [16.910875666666666, 78.66171633333333], [16.910876, 78.6617165], [16.910876166666664, 78.6617165], [16.910876499999997, 78.6617165], [16.910876666666663, 78.66171666666668], [16.910876833333337, 78.66171666666668], [16.91087716666667, 78.66171666666668], [16.91087716666667, 78.66171683333333], [16.910877333333335, 78.66171683333333], [16.9108775, 78.66171683333333], [16.910877666666668, 78.66171683333333], [16.910877833333334, 78.661717], [16.910878, 78.661717], [16.910878500000003, 78.661717], [16.910878500000003, 78.661717], [16.91087866666667, 78.661717], [16.910878833333335, 78.66171716666666], [16.910879, 78.66171716666666], [16.910879166666668, 78.66171716666666], [16.910879333333334, 78.66171716666666], [16.910879666666666, 78.66171716666666], [16.910879833333336, 78.66171716666666], [16.91088016666667, 78.66171716666666], [16.910880333333335, 78.66171716666666], [16.910880666666667, 78.66171716666666], [16.910880833333334, 78.66171716666666], [16.910881, 78.66171716666666], [16.910881166666666, 78.66171716666666], [16.910881166666666, 78.66171716666666], [16.910881333333336, 78.66171716666666], [16.910881500000002, 78.66171716666666], [16.91088166666667, 78.66171716666666], [16.910881833333335, 78.66171716666666], [16.910882, 78.66171716666666], [16.910882166666667, 78.66171716666666], [16.910882333333333, 78.66171716666666], [16.910882333333333, 78.66171733333334], [16.910882333333333, 78.66171733333334], [16.910882333333333, 78.66171733333334], [16.9108825, 78.66171733333334], [16.9108825, 78.66171733333334], [16.910882833333336, 78.66171733333334], [16.910882833333336, 78.66171733333334], [16.910882833333336, 78.6617175], [16.910882666666666, 78.6617175], [16.910882833333336, 78.6617175], [16.910882833333336, 78.6617175], [16.910882833333336, 78.66171766666666], [16.910883000000002, 78.66171766666666], [16.910883000000002, 78.66171766666666], [16.910883000000002, 78.66171766666666], [16.910883000000002, 78.66171783333333], [16.910883000000002, 78.66171783333333], [16.910882833333336, 78.66171800000001], [16.910883000000002, 78.66171816666666], [16.910883000000002, 78.66171816666666], [16.910883000000002, 78.66171816666666], [16.910883000000002, 78.66171833333333], [16.910883000000002, 78.66171833333333], [16.910882833333336, 78.6617185], [16.910882833333336, 78.6617185], [16.910882833333336, 78.66171866666667], [16.910882833333336, 78.66171866666667], [16.910883000000002, 78.66171883333332], [16.910882833333336, 78.66171883333332], [16.910883000000002, 78.66171899999999], [16.910882833333336, 78.66171899999999], [16.910882833333336, 78.66171916666667], [16.910882666666666, 78.66171916666667], [16.9108825, 78.66171933333334], [16.9108825, 78.66171949999999], [16.9108825, 78.66171949999999], [16.910882333333333, 78.66171966666667], [16.910882333333333, 78.66171966666667], [16.910882, 78.66171983333334], [16.910881833333335, 78.66172], [16.910881833333335, 78.66172], [16.91088166666667, 78.66172016666665], [16.910881500000002, 78.66172033333334], [16.910881333333336, 78.6617205], [16.910881166666666, 78.66172066666667], [16.910881, 78.66172066666667], [16.910880833333334, 78.66172083333332], [16.910880833333334, 78.66172083333332], [16.910880666666667, 78.661721], [16.910880333333335, 78.66172116666667], [16.91088016666667, 78.66172116666667], [16.910880000000002, 78.66172133333333], [16.910879833333336, 78.66172150000001], [16.910879666666666, 78.66172150000001], [16.9108795, 78.66172166666666], [16.910879333333334, 78.66172183333333], [16.910879166666668, 78.66172183333333], [16.910878833333335, 78.661722], [16.91087866666667, 78.66172216666668], [16.910878500000003, 78.66172233333333], [16.910878500000003, 78.66172233333333], [16.910878333333336, 78.6617225], [16.910878166666667, 78.66172266666668], [16.910877833333334, 78.66172283333334], [16.910877666666668, 78.66172283333334], [16.9108775, 78.661723], [16.91087716666667, 78.66172316666666], [16.91087716666667, 78.66172316666666], [16.910876833333337, 78.66172333333334], [16.910876666666663, 78.66172350000001], [16.910876499999997, 78.66172366666666], [16.91087633333333, 78.66172366666666], [16.910876166666664, 78.66172383333333], [16.910876166666664, 78.661724], [16.910875666666666, 78.66172416666667], [16.9108755, 78.66172416666667], [16.910875333333333, 78.66172433333332], [16.910875166666663, 78.6617245], [16.910874999999997, 78.66172466666667], [16.910874666666665, 78.66172483333334], [16.910874333333332, 78.66172483333334], [16.910874166666666, 78.66172499999999], [16.910873833333333, 78.66172516666667], [16.910873666666664, 78.66172516666667], [16.91087333333333, 78.66172533333334], [16.910873, 78.6617255], [16.910872666666666, 78.66172566666667], [16.910872333333334, 78.66172566666667], [16.910872166666664, 78.66172566666667], [16.910871999999998, 78.66172583333334], [16.910871666666665, 78.661726], [16.910871333333333, 78.661726], [16.910871, 78.66172616666667], [16.910870666666664, 78.66172633333333], [16.910870499999998, 78.66172633333333], [16.910870166666665, 78.6617265], [16.910869833333333, 78.6617265], [16.910869666666667, 78.66172666666667], [16.910869333333334, 78.66172683333333], [16.910868999999998, 78.66172683333333], [16.910868833333332, 78.661727], [16.9108685, 78.661727], [16.910868166666667, 78.66172716666667], [16.910868, 78.66172716666667], [16.910867666666665, 78.66172733333333], [16.9108675, 78.66172733333333], [16.910867, 78.66172750000001], [16.910866666666667, 78.66172766666666], [16.9108665, 78.66172766666666], [16.910866333333335, 78.66172783333333], [16.910866, 78.66172783333333], [16.910865833333332, 78.661728], [16.910865333333334, 78.661728], [16.910865166666667, 78.661728], [16.910865, 78.66172816666668], [16.910864833333335, 78.66172816666668], [16.9108645, 78.66172833333333], [16.910864166666666, 78.66172833333333], [16.910863833333334, 78.6617285], [16.9108635, 78.6617285], [16.910863166666665, 78.66172866666668], [16.910862833333333, 78.66172866666668], [16.910862333333334, 78.66172883333334], [16.910862, 78.661729], [16.9108615, 78.661729], [16.910861333333333, 78.66172916666666], [16.910861, 78.66172933333334], [16.910860666666668, 78.66172933333334], [16.910860333333336, 78.6617295], [16.910860166666666, 78.6617295], [16.910859833333333, 78.66172966666666], [16.9108595, 78.66172983333333], [16.910859333333335, 78.66172983333333], [16.91085916666667, 78.66173], [16.910858833333336, 78.66173016666667], [16.9108585, 78.66173033333332], [16.910858333333334, 78.66173033333332], [16.910858, 78.6617305], [16.91085766666667, 78.66173066666667], [16.910857333333336, 78.66173083333334], [16.910857166666666, 78.66173083333334], [16.910856666666668, 78.66173099999999], [16.91085616666667, 78.66173116666667], [16.910855833333336, 78.66173116666667], [16.9108555, 78.66173133333334], [16.910855, 78.66173133333334], [16.910854833333335, 78.6617315], [16.910854333333337, 78.6617315], [16.91085383333333, 78.66173166666667], [16.910853333333332, 78.66173183333333], [16.910853, 78.66173183333333], [16.910852666666663, 78.661732], [16.910852166666665, 78.66173216666667], [16.910851666666666, 78.66173216666667], [16.910851166666664, 78.66173233333333], [16.9108505, 78.6617325], [16.91085, 78.6617325], [16.910849666666664, 78.66173266666667], [16.910849, 78.66173283333333], [16.9108485, 78.66173283333333], [16.910848166666664, 78.661733], [16.910847666666665, 78.66173316666666], [16.910847166666667, 78.66173316666666], [16.910846499999998, 78.66173333333333], [16.910846166666666, 78.66173350000001], [16.9108455, 78.66173350000001], [16.910845, 78.66173350000001], [16.910844666666666, 78.66173366666666], [16.910844, 78.66173383333333], [16.9108435, 78.66173383333333], [16.910843, 78.661734], [16.9108425, 78.661734], [16.910842166666665, 78.66173416666668], [16.910841666666666, 78.66173416666668], [16.910841166666668, 78.66173433333333], [16.910840666666665, 78.6617345], [16.910840166666667, 78.6617345], [16.910839666666668, 78.66173466666667], [16.9108395, 78.66173483333334], [16.910839, 78.661735], [16.910838666666667, 78.661735], [16.910838166666668, 78.66173516666666], [16.910837833333336, 78.66173533333334], [16.9108375, 78.66173533333334], [16.910837, 78.6617355], [16.91083666666667, 78.66173566666666], [16.910836, 78.66173566666666], [16.9108355, 78.66173583333332], [16.910835000000002, 78.661736], [16.910834333333334, 78.66173616666667], [16.910834, 78.66173633333332], [16.910833500000003, 78.66173633333332], [16.910833, 78.6617365], [16.910832333333335, 78.66173666666667], [16.910831833333337, 78.66173666666667], [16.91083133333333, 78.66173683333334], [16.910830833333332, 78.66173699999999], [16.9108305, 78.66173699999999], [16.91082983333333, 78.66173716666667], [16.9108295, 78.66173716666667], [16.910828833333333, 78.66173733333333], [16.910828499999997, 78.66173733333333], [16.910828166666665, 78.6617375], [16.910827666666666, 78.66173766666667], [16.910827333333334, 78.66173766666667], [16.91082683333333, 78.66173783333333], [16.9108265, 78.661738], [16.910826, 78.661738], [16.910825499999998, 78.66173816666667], [16.910825166666665, 78.66173816666667], [16.910824666666667, 78.66173833333333], [16.910824333333334, 78.6617385], [16.910823999999998, 78.6617385], [16.910823666666666, 78.66173866666666], [16.910823333333333, 78.66173866666666], [16.910822833333334, 78.66173883333333], [16.910822166666666, 78.661739], [16.910821333333335, 78.661739], [16.910820166666667, 78.66173916666666], [16.910817833333333, 78.66173950000001], [16.910815166666666, 78.66173966666666], [16.91081116666667, 78.66173983333333], [16.910807499999997, 78.66174], [16.910803166666668, 78.66174016666668], [16.910798833333335, 78.66174016666668], [16.910795, 78.66174016666668], [16.910791666666668, 78.66174], [16.91078816666667, 78.66173983333333], [16.910784999999997, 78.66173950000001], [16.910781999999998, 78.66173933333333], [16.910779666666667, 78.66173883333333], [16.910778166666667, 78.6617385], [16.910776, 78.661738], [16.910774, 78.6617375], [16.910772166666668, 78.66173699999999], [16.910772, 78.6617365], [16.910771166666667, 78.66173616666667], [16.910771166666667, 78.66173583333332], [16.910771166666667, 78.66173566666666], [16.910771166666667, 78.6617355], [16.9107715, 78.661735], [16.910771, 78.66173483333334], [16.910771333333333, 78.66173466666667], [16.9107715, 78.6617345], [16.91077166666667, 78.66173416666668], [16.910772, 78.66173366666666], [16.910772666666666, 78.66173333333333], [16.910773, 78.661733], [16.91077316666667, 78.66173266666667], [16.910773833333334, 78.6617325], [16.910774166666666, 78.66173216666667], [16.910774333333332, 78.66173166666667], [16.91077466666667, 78.66173116666667], [16.910775333333333, 78.66173083333334], [16.91077616666667, 78.66173033333332], [16.910777, 78.66173], [16.9107775, 78.6617295], [16.910778166666667, 78.66172933333334], [16.910778999999998, 78.66172916666666], [16.910779666666667, 78.66172883333334], [16.91078033333333, 78.66172866666668], [16.910780499999998, 78.6617285], [16.910781, 78.66172833333333], [16.91078183333333, 78.66172816666668], [16.910782333333334, 78.66172816666668], [16.910782833333332, 78.661728], [16.910783166666665, 78.66172766666666], [16.910783499999997, 78.66172750000001], [16.910783666666667, 78.66172733333333], [16.910783499999997, 78.66172716666667], [16.910783833333333, 78.661727], [16.910784166666666, 78.66172666666667], [16.910784666666665, 78.6617265], [16.910785166666667, 78.66172633333333], [16.910785666666666, 78.661726], [16.910786499999997, 78.66172583333334], [16.91078716666667, 78.66172566666667], [16.910787666666668, 78.66172566666667], [16.91078816666667, 78.6617255], [16.91078866666667, 78.66172533333334], [16.9107895, 78.66172516666667], [16.910790000000002, 78.66172499999999], [16.9107905, 78.66172483333334], [16.910790833333333, 78.66172483333334], [16.910791, 78.66172466666667], [16.910791500000002, 78.6617245], [16.910791833333334, 78.6617245], [16.910792, 78.66172433333332], [16.9107925, 78.66172416666667], [16.91079266666667, 78.66172416666667], [16.910792833333335, 78.66172416666667], [16.910792833333335, 78.66172416666667], [16.910793, 78.661724], [16.910793166666668, 78.661724], [16.910793166666668, 78.661724], [16.910793333333334, 78.661724], [16.910793333333334, 78.66172383333333], [16.9107935, 78.66172383333333], [16.910793666666667, 78.66172383333333], [16.910793833333333, 78.66172366666666], [16.910793833333333, 78.66172366666666], [16.910793833333333, 78.66172366666666], [16.910793833333333, 78.66172366666666], [16.910794, 78.66172366666666], [16.91079416666667, 78.66172366666666], [16.910794333333335, 78.66172350000001], [16.910794333333335, 78.66172350000001], [16.910794666666668, 78.66172350000001], [16.910794666666668, 78.66172350000001], [16.910794666666668, 78.66172333333334], [16.910794833333334, 78.66172333333334], [16.910795, 78.66172333333334], [16.910795166666666, 78.66172333333334], [16.910795166666666, 78.66172333333334], [16.9107955, 78.66172316666666], [16.9107955, 78.66172316666666], [16.91079566666667, 78.66172316666666], [16.91079566666667, 78.66172316666666], [16.91079566666667, 78.66172316666666], [16.91079566666667, 78.66172316666666], [16.91079566666667, 78.661723], [16.910795833333335, 78.661723], [16.910795833333335, 78.661723], [16.910795833333335, 78.661723], [16.91079566666667, 78.66172283333334], [16.9107955, 78.66172283333334], [16.9107955, 78.66172283333334], [16.910795333333333, 78.66172283333334], [16.910795333333333, 78.66172266666668], [16.910795333333333, 78.66172266666668], [16.910795333333333, 78.66172266666668], [16.910795333333333, 78.66172266666668], [16.910795166666666, 78.66172266666668], [16.910795, 78.66172266666668], [16.910795166666666, 78.6617225], [16.910795166666666, 78.6617225], [16.910795166666666, 78.6617225], [16.910795166666666, 78.6617225], [16.910795333333333, 78.6617225], [16.910795333333333, 78.66172233333333], [16.9107955, 78.66172233333333], [16.9107955, 78.66172233333333], [16.9107955, 78.66172233333333], [16.9107955, 78.66172233333333], [16.910795333333333, 78.66172233333333], [16.910795, 78.66172233333333], [16.910795, 78.66172233333333], [16.910794833333334, 78.66172216666668], [16.910794666666668, 78.66172216666668], [16.9107945, 78.66172216666668], [16.9107945, 78.66172216666668], [16.9107945, 78.66172216666668], [16.91079416666667, 78.66172216666668], [16.910793833333333, 78.66172216666668], [16.910793666666667, 78.66172216666668], [16.9107935, 78.661722], [16.910793333333334, 78.661722], [16.910793166666668, 78.661722], [16.910793166666668, 78.661722], [16.910793166666668, 78.66172183333333], [16.910793333333334, 78.66172183333333], [16.910793166666668, 78.66172183333333], [16.910793333333334, 78.66172183333333], [16.9107935, 78.66172166666666], [16.910793666666667, 78.66172166666666], [16.910793666666667, 78.66172166666666], [16.910793666666667, 78.66172150000001], [16.910793833333333, 78.66172150000001], [16.910793666666667, 78.66172150000001], [16.9107935, 78.66172150000001], [16.910793333333334, 78.66172133333333], [16.910793166666668, 78.66172133333333], [16.910793, 78.66172133333333], [16.910792833333335, 78.66172133333333], [16.91079266666667, 78.66172133333333], [16.910792333333333, 78.66172133333333], [16.910792, 78.66172133333333], [16.910791666666668, 78.66172116666667], [16.910791333333336, 78.66172116666667], [16.910791333333336, 78.66172116666667], [16.91079116666667, 78.66172116666667], [16.910791333333336, 78.66172116666667], [16.91079116666667, 78.66172116666667], [16.910791, 78.66172116666667], [16.910790833333333, 78.66172116666667], [16.910790666666667, 78.66172116666667], [16.9107905, 78.66172116666667], [16.91079016666667, 78.66172116666667], [16.91079016666667, 78.66172116666667], [16.910789833333336, 78.66172116666667], [16.910789833333336, 78.66172116666667], [16.91078966666667, 78.66172133333333], [16.9107895, 78.66172133333333], [16.910789333333334, 78.66172133333333], [16.910789166666667, 78.66172133333333], [16.910789, 78.66172133333333], [16.910788833333335, 78.66172133333333], [16.910788833333335, 78.66172150000001], [16.91078866666667, 78.66172150000001], [16.910788500000002, 78.66172150000001], [16.910788500000002, 78.66172150000001], [16.910788500000002, 78.66172150000001], [16.910788500000002, 78.66172150000001], [16.910788333333336, 78.66172150000001], [16.910788333333336, 78.66172150000001], [16.910788333333336, 78.66172150000001], [16.910788333333336, 78.66172150000001], [16.91078816666667, 78.66172150000001], [16.91078816666667, 78.66172150000001], [16.910787833333334, 78.66172150000001], [16.910787833333334, 78.66172166666666], [16.910787833333334, 78.66172166666666], [16.910788, 78.66172166666666], [16.910787833333334, 78.66172166666666], [16.910787833333334, 78.66172166666666], [16.910787833333334, 78.66172166666666], [16.910787666666668, 78.66172166666666], [16.910787666666668, 78.66172166666666], [16.910787666666668, 78.66172166666666], [16.910787666666668, 78.66172166666666], [16.910787666666668, 78.66172166666666], [16.910787833333334, 78.66172166666666], [16.91078816666667, 78.66172166666666], [16.910788500000002, 78.66172166666666], [16.91078866666667, 78.66172166666666], [16.91078866666667, 78.66172183333333], [16.910788833333335, 78.66172183333333], [16.910788833333335, 78.66172183333333], [16.910789, 78.661722], [16.910789, 78.661722], [16.910789166666667, 78.661722], [16.910789333333334, 78.66172216666668], [16.9107895, 78.66172216666668], [16.910789833333336, 78.66172216666668], [16.910789833333336, 78.66172216666668], [16.91079016666667, 78.66172216666668], [16.91079016666667, 78.66172216666668], [16.910790333333335, 78.66172233333333], [16.9107905, 78.66172233333333], [16.910790833333333, 78.66172233333333], [16.910791, 78.66172233333333], [16.910791333333336, 78.66172216666668], [16.910791666666668, 78.66172216666668], [16.910791833333334, 78.66172216666668], [16.910792, 78.66172216666668], [16.910792166666667, 78.66172216666668], [16.910792333333333, 78.66172233333333], [16.9107925, 78.66172216666668], [16.910792833333335, 78.66172216666668], [16.910792833333335, 78.66172233333333], [16.91079266666667, 78.66172233333333], [16.9107925, 78.66172216666668], [16.9107925, 78.66172233333333], [16.9107925, 78.66172216666668], [16.9107925, 78.66172216666668], [16.91079266666667, 78.66172216666668], [16.91079266666667, 78.66172216666668], [16.910792833333335, 78.66172216666668], [16.910793, 78.66172216666668], [16.910793166666668, 78.66172216666668], [16.9107935, 78.66172216666668], [16.910793833333333, 78.66172216666668], [16.910794, 78.66172216666668], [16.910794333333335, 78.66172216666668], [16.910794666666668, 78.66172216666668], [16.910795, 78.66172216666668], [16.910795166666666, 78.66172216666668], [16.910795333333333, 78.66172216666668], [16.9107955, 78.66172216666668], [16.91079566666667, 78.66172216666668], [16.9107955, 78.66172216666668], [16.910795333333333, 78.66172216666668], [16.910795, 78.66172216666668], [16.910795, 78.66172216666668], [16.910794833333334, 78.661722], [16.910795, 78.661722], [16.910795333333333, 78.661722], [16.91079566666667, 78.661722], [16.910796166666668, 78.661722], [16.910796333333334, 78.661722], [16.910796666666666, 78.661722], [16.91079716666667, 78.661722], [16.9107975, 78.661722], [16.910797833333334, 78.661722], [16.910798333333332, 78.661722], [16.91079866666667, 78.661722], [16.910798833333335, 78.661722], [16.910798833333335, 78.661722], [16.910799, 78.661722], [16.910799, 78.661722], [16.910799, 78.661722], [16.910799, 78.661722], [16.910799166666667, 78.661722], [16.910799333333333, 78.661722], [16.910799666666666, 78.66172216666668], [16.910799833333332, 78.66172216666668], [16.9108, 78.66172216666668], [16.910800333333334, 78.66172216666668], [16.9108005, 78.66172216666668], [16.910800833333333, 78.66172216666668], [16.910801, 78.66172233333333], [16.910801499999998, 78.66172233333333], [16.910802, 78.66172233333333], [16.910802166666667, 78.66172233333333], [16.910802333333333, 78.6617225], [16.910802166666667, 78.6617225], [16.910802166666667, 78.6617225], [16.910802, 78.66172266666668], [16.910801833333334, 78.66172266666668], [16.910801499999998, 78.66172266666668], [16.910801333333332, 78.66172266666668], [16.910801, 78.66172266666668], [16.910801, 78.66172266666668], [16.910801166666666, 78.66172266666668], [16.910801499999998, 78.66172266666668], [16.910801833333334, 78.66172266666668], [16.910802333333333, 78.66172266666668], [16.910802999999998, 78.66172266666668], [16.9108035, 78.66172266666668], [16.910803833333333, 78.66172266666668], [16.910803833333333, 78.66172266666668], [16.910803666666666, 78.66172266666668], [16.910803333333334, 78.66172266666668], [16.91080283333333, 78.66172266666668], [16.9108025, 78.66172266666668], [16.910801666666668, 78.66172266666668], [16.910801, 78.6617225], [16.910800833333333, 78.6617225], [16.9108005, 78.6617225], [16.910800666666667, 78.6617225], [16.910800666666667, 78.6617225], [16.910801, 78.6617225], [16.910801333333332, 78.6617225], [16.910801499999998, 78.66172233333333], [16.910801666666668, 78.66172233333333], [16.910802, 78.66172233333333], [16.910801833333334, 78.66172216666668], [16.910801833333334, 78.66172216666668], [16.910801499999998, 78.66172216666668], [16.910801, 78.66172216666668], [16.910800666666667, 78.66172216666668], [16.910800166666668, 78.661722], [16.910799666666666, 78.661722], [16.9107995, 78.661722], [16.910799166666667, 78.661722], [16.910798833333335, 78.661722], [16.91079866666667, 78.661722], [16.91079866666667, 78.661722], [16.910798833333335, 78.661722], [16.910799, 78.661722], [16.910799333333333, 78.66172183333333], [16.910799833333332, 78.66172183333333], [16.910800166666668, 78.66172183333333], [16.910800666666667, 78.66172183333333], [16.910800833333333, 78.66172183333333], [16.910801166666666, 78.66172183333333], [16.910801166666666, 78.66172183333333], [16.910801, 78.66172183333333], [16.910800666666667, 78.66172183333333], [16.9108, 78.66172183333333], [16.9107995, 78.66172183333333], [16.910798833333335, 78.66172183333333], [16.910798333333332, 78.66172183333333], [16.910798166666666, 78.66172166666666], [16.910798333333332, 78.66172166666666], [16.91079866666667, 78.66172166666666], [16.910799333333333, 78.66172166666666], [16.910800166666668, 78.66172166666666], [16.910801166666666, 78.66172166666666], [16.910802, 78.66172166666666], [16.9108025, 78.66172183333333], [16.910802666666665, 78.66172183333333], [16.9108025, 78.66172183333333], [16.910802, 78.66172183333333], [16.910801166666666, 78.66172183333333], [16.910800333333334, 78.66172183333333], [16.910799666666666, 78.66172183333333], [16.910799333333333, 78.66172183333333], [16.910799166666667, 78.66172166666666], [16.9108, 78.66172166666666], [16.910801, 78.66172183333333], [16.910802333333333, 78.66172183333333], [16.910803833333333, 78.66172183333333], [16.910805, 78.661722], [16.910805666666665, 78.661722], [16.910805666666665, 78.66172216666668], [16.910805166666666, 78.66172216666668], [16.910804166666665, 78.66172216666668], [16.91080283333333, 78.66172216666668], [16.910801666666668, 78.661722], [16.910801, 78.661722], [16.910800833333333, 78.661722], [16.910801499999998, 78.661722], [16.910802999999998, 78.66172216666668], [16.910804666666667, 78.66172216666668], [16.910806333333333, 78.66172233333333], [16.910807666666663, 78.6617225], [16.910808333333332, 78.6617225], [16.910808333333332, 78.6617225], [16.910807666666663, 78.6617225], [16.910806666666666, 78.6617225], [16.910805333333332, 78.6617225], [16.91080433333333, 78.66172233333333], [16.910803833333333, 78.66172233333333], [16.910804499999998, 78.66172233333333], [16.91080583333333, 78.6617225], [16.910808166666666, 78.6617225], [16.910810333333334, 78.66172266666668], [16.910812166666666, 78.66172283333334], [16.910813, 78.66172283333334], [16.910813333333333, 78.661723], [16.910812500000002, 78.661723], [16.910811333333335, 78.661723], [16.91081, 78.661723], [16.91080883333333, 78.661723], [16.910808499999998, 78.661723], [16.910808666666664, 78.661723], [16.910809833333335, 78.661723], [16.910811666666667, 78.66172316666666], [16.910813833333336, 78.66172333333334], [16.910815666666668, 78.66172333333334], [16.910817166666668, 78.66172350000001], [16.910818166666665, 78.66172350000001], [16.910818333333335, 78.66172350000001], [16.910817833333333, 78.66172366666666], [16.910816833333335, 78.66172350000001], [16.910816, 78.66172350000001], [16.910815333333336, 78.66172350000001], [16.910815166666666, 78.66172350000001], [16.910815666666668, 78.66172366666666], [16.910817, 78.66172383333333], [16.910818166666665, 78.66172383333333], [16.9108195, 78.661724], [16.910820333333334, 78.66172416666667], [16.9108205, 78.66172416666667], [16.9108205, 78.66172416666667], [16.910819833333335, 78.66172416666667], [16.910819333333333, 78.66172416666667], [16.910819166666666, 78.661724], [16.910819666666665, 78.661724], [16.9108205, 78.66172416666667], [16.910821666666667, 78.66172416666667], [16.910823166666667, 78.66172433333332], [16.910824166666664, 78.6617245], [16.910824666666667, 78.6617245], [16.9108245, 78.6617245], [16.910823833333332, 78.6617245], [16.910822666666665, 78.6617245], [16.910821666666667, 78.66172433333332], [16.910821333333335, 78.66172433333332], [16.910822, 78.66172433333332], [16.910823333333333, 78.6617245], [16.910825, 78.66172466666667], [16.910826333333333, 78.66172466666667], [16.910827166666664, 78.66172483333334], [16.910827333333334, 78.66172483333334], [16.9108265, 78.66172483333334], [16.910825, 78.66172483333334], [16.910823999999998, 78.66172466666667], [16.910823666666666, 78.66172466666667], [16.910823999999998, 78.66172466666667], [16.910825, 78.66172466666667], [16.9108265, 78.66172483333334], [16.910827666666666, 78.66172499999999], [16.910828499999997, 78.66172499999999], [16.910828499999997, 78.66172499999999], [16.9108275, 78.66172499999999], [16.910826, 78.66172499999999], [16.910824833333333, 78.66172483333334], [16.910824333333334, 78.66172483333334], [16.910824666666667, 78.66172466666667], [16.910825666666664, 78.66172483333334], [16.910826999999998, 78.66172499999999], [16.910828, 78.66172499999999], [16.910828666666664, 78.66172516666667], [16.910828666666664, 78.66172516666667], [16.910827833333332, 78.66172516666667], [16.9108265, 78.66172516666667], [16.910825499999998, 78.66172499999999], [16.91082533333333, 78.66172483333334], [16.910825499999998, 78.66172483333334], [16.910826333333333, 78.66172483333334], [16.9108275, 78.66172499999999], [16.91082833333333, 78.66172499999999], [16.910828833333333, 78.66172516666667], [16.910828666666664, 78.66172516666667], [16.910827833333332, 78.66172499999999], [16.91082683333333, 78.66172499999999], [16.910826, 78.66172483333334], [16.910825666666664, 78.66172483333334], [16.910825666666664, 78.66172483333334], [16.910826, 78.66172499999999], [16.9108265, 78.66172499999999], [16.91082683333333, 78.66172516666667], [16.91082683333333, 78.66172516666667], [16.9108265, 78.66172516666667], [16.910825833333334, 78.66172499999999], [16.910825, 78.66172499999999], [16.9108245, 78.66172483333334], [16.910824833333333, 78.66172483333334], [16.91082533333333, 78.66172483333334], [16.910826333333333, 78.66172483333334], [16.910827166666664, 78.66172499999999], [16.910827833333332, 78.66172499999999], [16.910827833333332, 78.66172499999999], [16.910826999999998, 78.66172499999999], [16.910826, 78.66172499999999], [16.9108245, 78.66172499999999], [16.9108235, 78.66172499999999], [16.910823166666667, 78.66172499999999], [16.910823166666667, 78.66172499999999], [16.910823833333332, 78.66172499999999], [16.910824333333334, 78.66172499999999], [16.910824833333333, 78.66172516666667], [16.910825, 78.66172516666667], [16.910825166666665, 78.66172516666667], [16.910824666666667, 78.66172499999999], [16.910824333333334, 78.66172499999999], [16.910824166666664, 78.66172483333334], [16.910824333333334, 78.66172483333334], [16.910824833333333, 78.66172483333334], [16.910825166666665, 78.66172483333334], [16.910825499999998, 78.66172499999999], [16.910825166666665, 78.66172499999999], [16.9108245, 78.66172499999999], [16.910823333333333, 78.66172499999999], [16.910822333333332, 78.66172499999999], [16.910821166666665, 78.66172499999999], [16.9108205, 78.66172499999999], [16.910820333333334, 78.66172499999999], [16.910820666666666, 78.66172499999999], [16.910821, 78.66172499999999], [16.9108215, 78.66172499999999], [16.910821666666667, 78.66172499999999], [16.910821666666667, 78.66172499999999], [16.9108215, 78.66172499999999], [16.9108215, 78.66172499999999], [16.910821166666665, 78.66172499999999], [16.910820666666666, 78.66172499999999], [16.910820166666667, 78.66172499999999], [16.910819666666665, 78.66172499999999], [16.910819, 78.66172499999999], [16.910818333333335, 78.66172499999999], [16.9108175, 78.66172516666667], [16.910817, 78.66172516666667], [16.9108165, 78.66172499999999], [16.910816166666667, 78.66172499999999], [16.910816, 78.66172499999999], [16.910816166666667, 78.66172499999999], [16.910816166666667, 78.66172499999999], [16.910816333333333, 78.66172499999999], [16.9108165, 78.66172499999999], [16.9108165, 78.66172499999999], [16.910816333333333, 78.66172499999999], [16.910816166666667, 78.66172499999999], [16.910815833333334, 78.66172499999999], [16.910815166666666, 78.66172499999999], [16.9108145, 78.66172499999999], [16.910813833333336, 78.66172499999999], [16.910813333333333, 78.66172499999999], [16.91081266666667, 78.66172499999999], [16.910812166666666, 78.66172499999999], [16.910811666666667, 78.66172499999999], [16.9108115, 78.66172499999999], [16.9108115, 78.66172499999999], [16.910811666666667, 78.66172516666667], [16.910812, 78.66172516666667], [16.910812, 78.66172516666667], [16.910812166666666, 78.66172499999999], [16.910812333333336, 78.66172516666667], [16.910812166666666, 78.66172516666667], [16.910811833333334, 78.66172516666667], [16.9108115, 78.66172516666667], [16.91081116666667, 78.66172516666667], [16.910810833333336, 78.66172516666667], [16.910810333333334, 78.66172516666667], [16.910809833333335, 78.66172516666667], [16.910809333333336, 78.66172516666667], [16.910808999999997, 78.66172516666667], [16.910808666666664, 78.66172516666667], [16.910808666666664, 78.66172516666667], [16.91080883333333, 78.66172516666667], [16.910808999999997, 78.66172516666667], [16.910809166666663, 78.66172516666667], [16.910809166666663, 78.66172516666667], [16.910808999999997, 78.66172516666667], [16.910808666666664, 78.66172516666667], [16.910808166666666, 78.66172516666667], [16.910807833333333, 78.66172516666667], [16.91080733333333, 78.66172516666667], [16.910807166666665, 78.66172516666667], [16.910806666666666, 78.66172516666667], [16.910806333333333, 78.66172516666667], [16.910805999999997, 78.66172516666667], [16.910805666666665, 78.66172516666667], [16.910805166666666, 78.66172516666667], [16.910805166666666, 78.66172516666667], [16.910805166666666, 78.66172516666667], [16.9108055, 78.66172516666667], [16.910805666666665, 78.66172499999999], [16.910805333333332, 78.66172499999999], [16.9108055, 78.66172499999999], [16.910805166666666, 78.66172499999999], [16.910804833333334, 78.66172499999999], [16.910804499999998, 78.66172499999999], [16.910804, 78.66172499999999], [16.9108035, 78.66172499999999], [16.910802999999998, 78.66172499999999], [16.9108025, 78.66172499999999], [16.910802333333333, 78.66172499999999], [16.910802, 78.66172516666667], [16.910801833333334, 78.66172499999999], [16.910801666666668, 78.66172499999999], [16.910801166666666, 78.66172499999999], [16.910800833333333, 78.66172499999999], [16.9108005, 78.66172499999999], [16.910800333333334, 78.66172499999999], [16.910800166666668, 78.66172499999999], [16.9108, 78.66172499999999], [16.910799666666666, 78.66172499999999], [16.910799166666667, 78.66172483333334], [16.910798166666666, 78.66172483333334], [16.9107975, 78.66172483333334], [16.910797, 78.66172499999999], [16.910796666666666, 78.66172499999999], [16.910796166666668, 78.66172499999999], [16.91079566666667, 78.66172483333334], [16.910795166666666, 78.66172483333334], [16.910794333333335, 78.66172483333334], [16.910793833333333, 78.66172483333334], [16.910793166666668, 78.66172499999999], [16.9107925, 78.66172499999999], [16.910791833333334, 78.66172499999999], [16.91079116666667, 78.66172499999999], [16.910790333333335, 78.66172483333334], [16.910789, 78.66172483333334], [16.910787833333334, 78.66172499999999], [16.91078716666667, 78.66172499999999], [16.91078633333333, 78.66172499999999], [16.9107855, 78.66172499999999], [16.910784999999997, 78.66172499999999], [16.91078483333333, 78.66172499999999], [16.91078483333333, 78.66172499999999], [16.9107845, 78.66172499999999], [16.910784166666666, 78.66172499999999], [16.91078333333333, 78.66172516666667], [16.910782666666666, 78.66172516666667], [16.9107815, 78.66172499999999], [16.91078033333333, 78.66172499999999], [16.910779666666667, 78.66172516666667], [16.910778999999998, 78.66172516666667], [16.9107785, 78.66172516666667], [16.910778166666667, 78.66172516666667], [16.9107775, 78.66172533333334], [16.910776666666667, 78.66172533333334], [16.910776333333335, 78.66172533333334], [16.910775666666666, 78.66172533333334], [16.910775, 78.6617255], [16.910774166666666, 78.6617255], [16.910773333333335, 78.6617255], [16.9107725, 78.66172566666667], [16.91077166666667, 78.66172566666667], [16.910770833333334, 78.66172566666667], [16.91077, 78.66172566666667], [16.910769166666668, 78.66172583333334], [16.9107685, 78.66172583333334], [16.91076766666667, 78.66172583333334], [16.910766833333334, 78.66172583333334], [16.91076616666667, 78.661726], [16.91076566666667, 78.661726], [16.910765, 78.661726], [16.910764333333336, 78.66172616666667], [16.910763499999998, 78.66172616666667], [16.910762499999997, 78.66172616666667], [16.910761833333332, 78.66172633333333], [16.910760999999997, 78.66172633333333], [16.910760333333332, 78.6617265], [16.910759499999998, 78.6617265], [16.9107585, 78.6617265], [16.9107575, 78.6617265], [16.910757, 78.66172666666667], [16.91075633333333, 78.66172683333333], [16.910755833333333, 78.66172683333333], [16.910755166666668, 78.66172683333333], [16.9107545, 78.66172683333333], [16.910754, 78.661727], [16.910753333333332, 78.661727], [16.910753, 78.66172716666667], [16.9107525, 78.66172716666667], [16.91075216666667, 78.66172733333333], [16.910751666666666, 78.66172733333333], [16.910750833333335, 78.66172733333333], [16.91075, 78.66172750000001], [16.9107495, 78.66172766666666], [16.910749, 78.66172783333333], [16.9107485, 78.66172783333333], [16.910747833333335, 78.661728], [16.910746833333334, 78.66172783333333], [16.910746, 78.661728], [16.910745333333335, 78.661728], [16.910744833333336, 78.66172816666668], [16.9107445, 78.66172833333333], [16.910744, 78.66172833333333], [16.91074316666667, 78.66172833333333], [16.9107425, 78.66172833333333], [16.910741833333336, 78.6617285], [16.91074133333333, 78.66172866666668], [16.910740999999998, 78.66172883333334], [16.910740666666666, 78.66172883333334], [16.910740166666667, 78.66172883333334], [16.910739333333332, 78.66172883333334], [16.910738833333333, 78.66172883333334], [16.910738666666667, 78.661729], [16.91073833333333, 78.66172916666666], [16.910738, 78.66172933333334], [16.910737666666666, 78.66172933333334], [16.910737166666667, 78.66172933333334], [16.910736333333332, 78.66172933333334], [16.910735666666667, 78.6617295], [16.91073533333333, 78.66172966666666], [16.910735, 78.66172966666666], [16.9107345, 78.66172983333333], [16.91073383333333, 78.66172983333333], [16.910733166666667, 78.66172983333333], [16.910732499999998, 78.66172983333333], [16.910732166666666, 78.66173], [16.910732, 78.66173016666667], [16.910731333333334, 78.66173033333332], [16.910730666666666, 78.66173033333332], [16.910729833333335, 78.66173033333332], [16.910729333333332, 78.6617305], [16.910728833333334, 78.66173066666667], [16.9107285, 78.66173083333334], [16.910728, 78.66173083333334], [16.910727166666668, 78.66173083333334], [16.9107265, 78.66173099999999], [16.910726, 78.66173099999999], [16.9107255, 78.66173116666667], [16.910725, 78.66173133333334], [16.9107245, 78.66173133333334], [16.910723833333336, 78.66173133333334], [16.910723166666667, 78.6617315], [16.91072266666667, 78.6617315], [16.91072216666667, 78.66173166666667], [16.910721666666667, 78.66173183333333], [16.910721000000002, 78.66173183333333], [16.910720166666668, 78.66173183333333], [16.910719333333336, 78.661732], [16.910718666666664, 78.66173216666667], [16.91071833333333, 78.66173233333333], [16.910717833333333, 78.66173233333333], [16.910717166666664, 78.66173233333333], [16.9107165, 78.6617325], [16.910716166666667, 78.6617325], [16.91071583333333, 78.66173266666667], [16.91071583333333, 78.66173283333333], [16.910715333333332, 78.661733], [16.910714666666667, 78.661733], [16.910713833333332, 78.661733], [16.9107135, 78.66173316666666], [16.910713166666667, 78.66173333333333], [16.9107125, 78.66173333333333], [16.910711666666668, 78.66173333333333], [16.910710666666667, 78.66173333333333], [16.9107095, 78.66173316666666], [16.910708833333334, 78.66173266666667], [16.910707333333335, 78.66173233333333], [16.910705333333333, 78.66173166666667], [16.91070266666667, 78.66173099999999], [16.91070016666667, 78.6617305], [16.910696833333336, 78.66172983333333], [16.910694333333332, 78.66172933333334], [16.91069183333333, 78.66172883333334], [16.9106895, 78.6617285], [16.910687166666666, 78.661728], [16.91068466666667, 78.66172766666666], [16.9106825, 78.66172716666667], [16.91068016666667, 78.66172683333333], [16.910678333333333, 78.6617265], [16.910676333333335, 78.66172633333333], [16.91067416666667, 78.66172633333333], [16.910672166666664, 78.66172616666667], [16.91067, 78.661726], [16.910668166666667, 78.66172566666667], [16.910666666666668, 78.66172533333334], [16.910665666666667, 78.66172499999999], [16.910665333333334, 78.6617245], [16.910666, 78.66172383333333], [16.910667166666666, 78.66172333333334], [16.9106685, 78.66172283333334], [16.910670166666666, 78.66172216666668], [16.91067233333333, 78.66172166666666], [16.910674333333336, 78.66172133333333], [16.91067566666667, 78.661721], [16.91067766666667, 78.66172066666667], [16.910679333333334, 78.6617205], [16.910680833333334, 78.66172033333334], [16.910682166666668, 78.66172], [16.910683833333334, 78.66171983333334], [16.910685333333333, 78.66171949999999], [16.910687, 78.66171916666667], [16.9106885, 78.66171899999999], [16.91069033333333, 78.66171899999999], [16.9106925, 78.66171899999999], [16.910694166666666, 78.66171899999999], [16.91069583333333, 78.66171883333332], [16.910697833333334, 78.66171866666667], [16.910700333333335, 78.66171866666667], [16.910703333333334, 78.66171866666667], [16.910705833333335, 78.6617185], [16.9107085, 78.6617185], [16.910711166666665, 78.6617185], [16.910714166666665, 78.6617185], [16.910716833333332, 78.6617185], [16.91071916666667, 78.66171833333333], [16.91072116666667, 78.6617185], [16.91072366666667, 78.6617185], [16.910726, 78.66171866666667], [16.910728, 78.66171866666667], [16.910730166666667, 78.66171866666667], [16.910732333333332, 78.66171866666667], [16.9107345, 78.66171866666667], [16.9107365, 78.66171866666667], [16.910738499999997, 78.66171866666667], [16.910740833333332, 78.66171866666667], [16.910742666666668, 78.66171866666667], [16.910744333333334, 78.66171866666667], [16.910745833333333, 78.66171866666667], [16.910747166666667, 78.66171866666667], [16.910748666666667, 78.66171883333332], [16.910750333333333, 78.66171883333332], [16.910751666666666, 78.66171883333332], [16.910752833333333, 78.66171883333332], [16.910753833333334, 78.66171899999999], [16.910755166666668, 78.66171899999999], [16.910756499999998, 78.66171899999999], [16.9107575, 78.66171899999999], [16.910758666666666, 78.66171916666667], [16.910759833333334, 78.66171916666667], [16.910760999999997, 78.66171933333334], [16.910762499999997, 78.66171933333334], [16.910763499999998, 78.66171933333334], [16.91076466666667, 78.66171933333334], [16.910765833333336, 78.66171949999999], [16.910766833333334, 78.66171949999999], [16.910767833333335, 78.66171966666667], [16.910769000000002, 78.66171966666667], [16.91077016666667, 78.66171966666667], [16.910771166666667, 78.66171983333334], [16.910772333333334, 78.66171983333334], [16.910773333333335, 78.66171983333334], [16.91077466666667, 78.66171983333334], [16.910775666666666, 78.66172], [16.910776833333333, 78.66172], [16.910778, 78.66172016666665], [16.91077883333333, 78.66172016666665], [16.910779666666667, 78.66172033333334], [16.91078033333333, 78.66172033333334], [16.910781, 78.66172033333334], [16.910781999999998, 78.6617205], [16.910783, 78.6617205], [16.910783499999997, 78.66172066666667], [16.910784333333332, 78.66172066666667], [16.910785333333333, 78.66172083333332], [16.910786166666664, 78.66172083333332], [16.910787000000003, 78.661721], [16.910787833333334, 78.661721], [16.91078866666667, 78.66172116666667], [16.9107895, 78.66172116666667], [16.9107905, 78.66172133333333], [16.910791333333336, 78.66172133333333], [16.910792166666667, 78.66172150000001], [16.910793, 78.66172150000001], [16.910793666666667, 78.66172166666666], [16.9107945, 78.66172166666666], [16.910795333333333, 78.66172183333333], [16.910796333333334, 78.661722], [16.910797, 78.66172216666668], [16.910797833333334, 78.66172216666668], [16.9107985, 78.6617225], [16.910799166666667, 78.6617225], [16.910799666666666, 78.66172266666668], [16.910800166666668, 78.66172283333334], [16.910800666666667, 78.661723], [16.910801333333332, 78.66172316666666], [16.910801666666668, 78.66172333333334], [16.910802333333333, 78.66172350000001], [16.91080283333333, 78.66172366666666], [16.910803166666668, 78.66172383333333], [16.910803833333333, 78.661724], [16.910804499999998, 78.661724], [16.910804833333334, 78.66172416666667], [16.9108055, 78.66172416666667], [16.91080583333333, 78.66172433333332], [16.910806333333333, 78.6617245], [16.9108065, 78.6617245], [16.910807, 78.66172466666667], [16.910807166666665, 78.66172466666667], [16.910807666666663, 78.66172483333334], [16.910808, 78.66172483333334], [16.910808333333332, 78.66172499999999], [16.91080883333333, 78.66172499999999], [16.91080883333333, 78.66172516666667], [16.910809166666663, 78.66172516666667], [16.910809500000003, 78.66172533333334], [16.910809833333335, 78.66172533333334], [16.910810166666668, 78.66172533333334], [16.910810333333334, 78.6617255], [16.9108105, 78.6617255], [16.910810833333336, 78.6617255], [16.910811000000002, 78.6617255], [16.910811333333335, 78.6617255], [16.910811333333335, 78.6617255], [16.9108115, 78.6617255], [16.910812, 78.6617255], [16.910812166666666, 78.6617255], [16.910812500000002, 78.6617255], [16.91081266666667, 78.66172566666667], [16.91081266666667, 78.66172566666667], [16.910812833333335, 78.66172566666667], [16.910812833333335, 78.66172566666667], [16.910813166666667, 78.66172566666667], [16.910813333333333, 78.66172566666667], [16.910813333333333, 78.66172566666667], [16.9108135, 78.66172566666667], [16.910813666666666, 78.66172566666667], [16.910813666666666, 78.66172566666667], [16.910813833333336, 78.66172566666667], [16.910814000000002, 78.66172583333334], [16.910814000000002, 78.66172583333334], [16.91081416666667, 78.66172583333334], [16.910814333333335, 78.66172583333334], [16.910814333333335, 78.661726], [16.910814666666667, 78.661726], [16.910815, 78.661726], [16.910815166666666, 78.661726], [16.910815333333336, 78.66172616666667], [16.910815500000002, 78.66172616666667], [16.910815666666668, 78.66172616666667], [16.910815833333334, 78.66172633333333], [16.910816, 78.66172633333333], [16.910816333333333, 78.66172633333333], [16.910816166666667, 78.6617265], [16.910816166666667, 78.6617265], [16.910816, 78.6617265], [16.910816, 78.6617265], [16.910816, 78.66172666666667], [16.910816166666667, 78.66172666666667], [16.910816166666667, 78.66172666666667], [16.910816166666667, 78.66172666666667], [16.910816, 78.66172666666667], [16.910816166666667, 78.66172683333333], [16.910816166666667, 78.66172683333333], [16.910816166666667, 78.66172683333333], [16.910815833333334, 78.66172683333333], [16.910815833333334, 78.66172683333333], [16.910815833333334, 78.66172683333333], [16.910815833333334, 78.66172683333333], [16.910816, 78.66172683333333], [16.910816, 78.66172683333333], [16.910816, 78.661727], [16.910816, 78.661727], [16.910816, 78.661727], [16.910815833333334, 78.661727], [16.910815666666668, 78.661727], [16.910815500000002, 78.661727], [16.910815166666666, 78.661727], [16.910815333333336, 78.661727], [16.910815166666666, 78.661727], [16.910815, 78.661727], [16.910814833333333, 78.661727], [16.910814833333333, 78.661727], [16.910814666666667, 78.661727], [16.9108145, 78.661727], [16.910814333333335, 78.661727], [16.9108145, 78.661727], [16.910814333333335, 78.661727], [16.910814333333335, 78.661727], [16.91081416666667, 78.661727], [16.91081416666667, 78.661727], [16.910814000000002, 78.661727], [16.910814000000002, 78.661727], [16.910814000000002, 78.661727], [16.910813833333336, 78.661727], [16.910813666666666, 78.661727], [16.9108135, 78.661727], [16.910813333333333, 78.661727], [16.910813333333333, 78.661727], [16.910813, 78.661727], [16.910812833333335, 78.661727], [16.910812500000002, 78.66172716666667], [16.910812333333336, 78.66172716666667], [16.910812333333336, 78.66172716666667], [16.910812333333336, 78.66172716666667], [16.910812166666666, 78.66172733333333], [16.910812, 78.66172733333333], [16.910812, 78.66172733333333], [16.910812, 78.66172733333333], [16.910812, 78.66172750000001], [16.910811833333334, 78.66172750000001], [16.910811833333334, 78.66172750000001], [16.910811666666667, 78.66172750000001], [16.910811333333335, 78.66172766666666], [16.91081116666667, 78.66172766666666], [16.910811000000002, 78.66172766666666], [16.910810833333336, 78.66172783333333], [16.910810666666666, 78.66172783333333], [16.910810333333334, 78.661728], [16.91081, 78.661728], [16.91081, 78.66172816666668], [16.910809833333335, 78.66172816666668], [16.910809500000003, 78.66172816666668], [16.910809166666663, 78.66172833333333], [16.91080883333333, 78.66172833333333], [16.910808666666664, 78.6617285], [16.910808499999998, 78.6617285], [16.910808333333332, 78.66172866666668], [16.910808, 78.66172883333334], [16.910807833333333, 78.66172883333334], [16.910807666666663, 78.661729], [16.910807499999997, 78.661729], [16.910807166666665, 78.66172916666666], [16.910807, 78.66172933333334], [16.910806833333332, 78.66172933333334], [16.910806333333333, 78.6617295], [16.910806166666667, 78.6617295], [16.91080583333333, 78.66172966666666], [16.9108055, 78.66172966666666], [16.910805333333332, 78.66172983333333], [16.910804833333334, 78.66173], [16.91080433333333, 78.66173], [16.910804, 78.66173016666667], [16.910803666666666, 78.66173016666667], [16.9108035, 78.66173033333332], [16.910803166666668, 78.6617305], [16.91080283333333, 78.66173066666667], [16.9108025, 78.66173083333334], [16.910802333333333, 78.66173083333334], [16.910802, 78.66173099999999], [16.910801666666668, 78.66173116666667], [16.910801333333332, 78.66173116666667], [16.910801, 78.66173133333334], [16.910800666666667, 78.6617315], [16.910800333333334, 78.6617315], [16.9108, 78.66173166666667], [16.910799666666666, 78.66173183333333], [16.910799166666667, 78.66173183333333], [16.910798833333335, 78.661732], [16.9107985, 78.66173216666667], [16.910798166666666, 78.66173216666667], [16.910797666666667, 78.66173233333333], [16.910797333333335, 78.6617325], [16.910797, 78.66173266666667], [16.9107965, 78.66173266666667], [16.910796333333334, 78.66173283333333], [16.910796, 78.66173283333333], [16.9107955, 78.661733], [16.910795166666666, 78.661733], [16.910794833333334, 78.66173316666666], [16.9107945, 78.66173333333333], [16.910794333333335, 78.66173333333333], [16.910793833333333, 78.66173350000001], [16.9107935, 78.66173366666666], [16.910793, 78.66173366666666], [16.91079266666667, 78.66173383333333], [16.910792333333333, 78.66173383333333], [16.910792, 78.661734], [16.910791666666668, 78.661734], [16.91079116666667, 78.66173416666668], [16.910790833333333, 78.66173433333333], [16.9107905, 78.66173433333333], [16.910790000000002, 78.6617345], [16.91078966666667, 78.6617345], [16.910789166666667, 78.66173466666667], [16.91078866666667, 78.66173483333334], [16.910788500000002, 78.66173483333334], [16.910788, 78.661735], [16.910787833333334, 78.661735], [16.9107875, 78.66173516666666], [16.91078716666667, 78.66173516666666], [16.910786833333336, 78.66173533333334], [16.910786499999997, 78.66173533333334], [16.910786166666664, 78.6617355], [16.910785833333332, 78.6617355], [16.910785333333333, 78.66173566666666], [16.910784999999997, 78.66173566666666], [16.9107845, 78.66173583333332], [16.910784333333332, 78.66173583333332], [16.910783833333333, 78.661736], [16.910783499999997, 78.661736], [16.910783, 78.66173616666667], [16.9107825, 78.66173616666667], [16.910782166666667, 78.66173633333332], [16.91078183333333, 78.66173633333332], [16.9107815, 78.66173633333332], [16.910781, 78.6617365], [16.910780666666668, 78.6617365], [16.91078033333333, 78.6617365], [16.91078, 78.66173666666667], [16.9107795, 78.66173666666667], [16.910779166666668, 78.66173683333334], [16.910778999999998, 78.66173683333334], [16.910778666666666, 78.66173699999999], [16.910778166666667, 78.66173699999999], [16.910777833333334, 78.66173716666667], [16.9107775, 78.66173716666667], [16.910777166666666, 78.66173733333333], [16.910776666666667, 78.66173733333333], [16.9107765, 78.6617375], [16.910776, 78.66173766666667], [16.9107755, 78.66173766666667], [16.910775166666667, 78.66173783333333], [16.910774833333335, 78.66173783333333], [16.9107745, 78.661738], [16.910774166666666, 78.66173816666667], [16.910773833333334, 78.66173816666667], [16.910773666666667, 78.66173833333333], [16.910773333333335, 78.66173833333333], [16.91077316666667, 78.6617385], [16.910772833333333, 78.6617385], [16.910772666666666, 78.66173866666666], [16.910772833333333, 78.66173883333333], [16.91077316666667, 78.66173883333333], [16.91077466666667, 78.66173883333333], [16.9107765, 78.66173883333333], [16.910779166666668, 78.66173883333333], [16.910783, 78.66173866666666], [16.910786499999997, 78.66173866666666], [16.910790000000002, 78.66173833333333], [16.9107935, 78.66173816666667], [16.910797333333335, 78.66173766666667], [16.9108005, 78.66173733333333], [16.910802999999998, 78.66173683333334], [16.910805333333332, 78.6617365], [16.910807, 78.661736], [16.910808666666664, 78.66173566666666], [16.91080966666667, 78.66173516666666], [16.910810833333336, 78.66173466666667], [16.910812, 78.66173433333333], [16.910813, 78.66173383333333], [16.910813833333336, 78.66173350000001], [16.9108145, 78.66173316666666], [16.9108145, 78.66173283333333], [16.910814833333333, 78.66173233333333], [16.910815166666666, 78.661732], [16.910815333333336, 78.6617315], [16.910815333333336, 78.66173116666667], [16.910815166666666, 78.66173066666667], [16.910815166666666, 78.66173033333332], [16.910815, 78.66172983333333], [16.910815, 78.6617295], [16.910814666666667, 78.661729], [16.910814333333335, 78.66172866666668], [16.91081416666667, 78.66172816666668], [16.910813833333336, 78.66172766666666], [16.9108135, 78.66172716666667], [16.910813166666667, 78.66172683333333], [16.910812833333335, 78.66172633333333], [16.910812500000002, 78.66172583333334], [16.910812166666666, 78.66172533333334], [16.910811666666667, 78.66172499999999], [16.91081116666667, 78.6617245], [16.910810666666666, 78.66172416666667], [16.91081, 78.66172366666666], [16.910809500000003, 78.66172333333334], [16.91080883333333, 78.661723], [16.910808166666666, 78.66172266666668], [16.910807666666663, 78.66172233333333], [16.910807, 78.661722], [16.910806333333333, 78.66172183333333], [16.9108055, 78.66172150000001], [16.910804833333334, 78.66172116666667], [16.910804166666665, 78.661721], [16.910803666666666, 78.66172066666667], [16.910802999999998, 78.66172033333334], [16.910802166666667, 78.66172], [16.910801333333332, 78.66171966666667], [16.9108005, 78.66171949999999], [16.910799833333332, 78.66171916666667], [16.910799333333333, 78.66171883333332], [16.9107985, 78.6617185], [16.910797666666667, 78.66171833333333], [16.910797, 78.66171800000001], [16.910796166666668, 78.66171783333333], [16.91079566666667, 78.6617175], [16.910794833333334, 78.66171733333334], [16.910794, 78.66171716666666], [16.910793, 78.66171683333333], [16.910792333333333, 78.66171666666668], [16.910791666666668, 78.6617165], [16.910790833333333, 78.66171633333333], [16.910789833333336, 78.661716], [16.910789, 78.66171583333333], [16.91078816666667, 78.6617155], [16.910787666666668, 78.66171533333333], [16.910786833333336, 78.661715], [16.910786166666664, 78.66171483333332], [16.9107855, 78.6617145], [16.910784666666665, 78.66171433333334], [16.910784, 78.661714], [16.910783166666665, 78.66171383333334], [16.9107825, 78.66171349999999], [16.91078183333333, 78.66171333333334], [16.910781, 78.66171299999999], [16.910780166666665, 78.66171283333333], [16.910779333333334, 78.66171250000001], [16.9107785, 78.66171233333333], [16.910777833333334, 78.66171216666666], [16.910777, 78.66171183333333], [16.91077616666667, 78.66171166666666], [16.910775333333333, 78.66171133333334], [16.910774333333332, 78.66171116666666], [16.9107735, 78.66171083333333], [16.910772833333333, 78.6617105], [16.910771833333335, 78.66171033333333], [16.910770833333334, 78.66171016666667], [16.91077016666667, 78.66170983333333], [16.910769166666668, 78.66170966666667], [16.9107685, 78.66170933333333], [16.910767500000002, 78.66170916666667], [16.9107665, 78.66170883333332], [16.91076566666667, 78.66170866666667], [16.91076466666667, 78.66170833333334], [16.910763666666664, 78.66170816666666], [16.910762666666667, 78.661708], [16.9107615, 78.66170783333334], [16.910760333333332, 78.66170749999999], [16.910759166666665, 78.66170733333334], [16.910757999999998, 78.66170716666667], [16.910756833333334, 78.66170699999999], [16.910755666666667, 78.66170683333333], [16.910754333333333, 78.66170666666667], [16.910753, 78.66170650000001], [16.910751666666666, 78.66170633333333], [16.9107505, 78.66170616666666], [16.91074916666667, 78.66170600000001], [16.910747833333335, 78.66170583333333], [16.910746500000002, 78.66170566666666], [16.910744833333336, 78.6617055], [16.910743500000002, 78.66170533333334], [16.910742333333335, 78.66170516666666], [16.910740833333332, 78.661705], [16.9107395, 78.66170483333333], [16.910738166666665, 78.66170483333333], [16.910736999999997, 78.66170466666668], [16.910735666666667, 78.6617045], [16.910734166666668, 78.6617045], [16.910733166666667, 78.66170433333333], [16.910732166666666, 78.66170416666667], [16.910730833333332, 78.66170416666667], [16.9107295, 78.661704], [16.910728333333335, 78.661704], [16.910727333333334, 78.66170383333333], [16.910726333333333, 78.66170383333333], [16.91072516666667, 78.66170366666667], [16.910724166666668, 78.6617035], [16.910723166666667, 78.6617035], [16.91072216666667, 78.66170333333334], [16.91072116666667, 78.66170316666667], [16.910720166666668, 78.66170316666667], [16.91071916666667, 78.661703], [16.910718, 78.66170283333332], [16.910716999999998, 78.66170283333332], [16.91071583333333, 78.66170266666667], [16.910714833333333, 78.6617025], [16.910713666666666, 78.6617025], [16.910712666666665, 78.66170233333334], [16.910711499999998, 78.66170233333334], [16.910710666666667, 78.66170216666666], [16.9107095, 78.66170216666666], [16.910708666666668, 78.661702], [16.9107075, 78.661702], [16.9107065, 78.661702], [16.910705833333335, 78.66170183333334], [16.910705, 78.66170183333334], [16.91070416666667, 78.66170166666667], [16.910703333333334, 78.66170166666667], [16.9107025, 78.66170149999999], [16.910701666666668, 78.66170149999999], [16.910700833333333, 78.66170133333334], [16.91070016666667, 78.66170133333334], [16.9106995, 78.66170133333334], [16.910698833333335, 78.66170133333334], [16.91069816666667, 78.66170133333334], [16.910697333333335, 78.66170116666667], [16.910696499999997, 78.66170116666667], [16.910695666666665, 78.66170116666667], [16.910694666666664, 78.66170116666667], [16.910693833333333, 78.66170116666667], [16.910693166666665, 78.66170116666667], [16.910692166666667, 78.661701], [16.9106915, 78.661701], [16.910690666666667, 78.661701], [16.910689666666666, 78.661701], [16.910688666666665, 78.661701], [16.910687833333334, 78.66170083333333], [16.910686833333333, 78.66170083333333], [16.910685833333332, 78.66170083333333], [16.910685, 78.66170083333333], [16.910684166666666, 78.66170066666668], [16.910683, 78.66170066666668], [16.910682166666668, 78.66170066666668], [16.910681166666667, 78.66170066666668], [16.910680333333335, 78.66170066666668], [16.910679333333334, 78.66170050000001], [16.9106785, 78.66170050000001], [16.91067766666667, 78.66170050000001], [16.910676666666667, 78.66170050000001], [16.910676000000002, 78.66170033333333], [16.910674833333335, 78.66170033333333], [16.91067416666667, 78.66170016666666], [16.91067333333333, 78.66170016666666], [16.91067233333333, 78.66170000000001], [16.910671333333333, 78.66170000000001], [16.910670333333332, 78.66169983333333], [16.910669499999997, 78.66169983333333], [16.910668666666666, 78.66169966666666], [16.9106675, 78.66169966666666], [16.910666499999998, 78.66169966666666], [16.910665166666668, 78.66169966666666], [16.910663666666668, 78.6616995], [16.910661833333332, 78.66169966666666], [16.9106595, 78.66169983333333], [16.910656666666668, 78.66169983333333], [16.910653500000002, 78.66170016666666], [16.910650166666667, 78.66170033333333], [16.910646999999997, 78.66170066666668], [16.910643333333333, 78.66170083333333], [16.910639833333335, 78.66170149999999], [16.910636333333333, 78.66170183333334], [16.910634, 78.66170266666667], [16.910631333333335, 78.6617035], [16.91062916666667, 78.66170433333333], [16.910627666666667, 78.66170516666666], [16.910626666666666, 78.66170616666666], [16.9106265, 78.66170733333334], [16.91062733333333, 78.66170833333334], [16.910628, 78.66170916666667], [16.91062916666667, 78.66171], [16.91063066666667, 78.66171083333333], [16.910633166666667, 78.6617115], [16.9106365, 78.66171216666666], [16.91064, 78.66171266666667], [16.910643333333333, 78.66171299999999], [16.91064683333333, 78.66171316666667], [16.91064983333333, 78.66171333333334], [16.91065316666667, 78.66171349999999], [16.910657, 78.66171333333334], [16.910660833333335, 78.66171316666667], [16.9106645, 78.66171299999999], [16.91066783333333, 78.66171299999999], [16.9106715, 78.66171283333333], [16.91067466666667, 78.66171266666667], [16.910677333333336, 78.66171250000001], [16.9106805, 78.66171233333333], [16.910683666666667, 78.66171216666666], [16.9106865, 78.66171183333333], [16.9106895, 78.66171166666666], [16.9106925, 78.6617115], [16.910695166666667, 78.66171133333334], [16.910698, 78.66171116666666], [16.910700333333335, 78.661711], [16.9107025, 78.661711], [16.9107045, 78.66171083333333], [16.9107065, 78.66171066666668], [16.910708166666666, 78.66171066666668], [16.910709999999998, 78.66171066666668], [16.910712, 78.6617105], [16.910714166666665, 78.6617105], [16.910716333333333, 78.6617105], [16.91071883333333, 78.6617105], [16.910721000000002, 78.66171066666668], [16.910723333333333, 78.66171066666668], [16.910725666666668, 78.66171083333333], [16.910728333333335, 78.661711], [16.9107305, 78.661711], [16.910733166666667, 78.66171116666666], [16.910735666666667, 78.66171133333334], [16.910738666666667, 78.6617115], [16.91074133333333, 78.66171166666666], [16.910744166666667, 78.66171183333333], [16.910747166666667, 78.66171200000001], [16.910749666666668, 78.66171216666666], [16.910752, 78.66171233333333], [16.910754166666667, 78.66171233333333], [16.910756166666665, 78.66171250000001], [16.910757999999998, 78.66171266666667], [16.91076, 78.66171283333333], [16.910761666666666, 78.66171299999999], [16.910763666666664, 78.66171316666667], [16.9107655, 78.66171316666667], [16.91076716666667, 78.66171333333334], [16.910768833333336, 78.66171349999999], [16.910770333333335, 78.66171366666667], [16.910771833333335, 78.66171383333334], [16.91077316666667, 78.66171383333334], [16.91077466666667, 78.66171416666666], [16.910775833333332, 78.66171416666666], [16.910777166666666, 78.6617145], [16.910778333333333, 78.66171466666667], [16.910779333333334, 78.66171483333332], [16.910780499999998, 78.661715], [16.9107815, 78.66171516666667], [16.9107825, 78.66171516666667], [16.910783499999997, 78.66171533333333], [16.9107845, 78.66171533333333], [16.9107855, 78.6617155], [16.91078633333333, 78.66171566666667], [16.910787333333335, 78.66171566666667], [16.910788333333336, 78.66171583333333], [16.910789333333334, 78.661716], [16.91079016666667, 78.66171616666666], [16.91079116666667, 78.66171616666666], [16.910792, 78.66171633333333], [16.910792833333335, 78.6617165], [16.910793833333333, 78.66171666666668], [16.910794833333334, 78.66171683333333], [16.91079566666667, 78.661717], [16.9107965, 78.66171716666666], [16.9107975, 78.66171733333334], [16.910798333333332, 78.6617175], [16.910799166666667, 78.66171783333333], [16.910800166666668, 78.66171800000001], [16.910801333333332, 78.66171816666666], [16.910802333333333, 78.66171833333333], [16.910802999999998, 78.6617185], [16.910803833333333, 78.66171866666667], [16.910804666666667, 78.66171883333332], [16.910805333333332, 78.66171916666667], [16.910805999999997, 78.66171933333334], [16.910806666666666, 78.66171966666667], [16.91080733333333, 78.66171983333334], [16.910808166666666, 78.66172016666665], [16.91080883333333, 78.6617205], [16.910809500000003, 78.66172066666667], [16.910810166666668, 78.661721], [16.910810833333336, 78.66172133333333], [16.910811666666667, 78.66172150000001], [16.910812333333336, 78.66172183333333], [16.910813, 78.661722], [16.910813666666666, 78.66172233333333], [16.910814333333335, 78.6617225], [16.910815, 78.66172283333334], [16.910815833333334, 78.661723], [16.9108165, 78.66172316666666], [16.9108175, 78.66172350000001], [16.910818166666665, 78.66172366666666], [16.910819166666666, 78.661724], [16.91082, 78.66172416666667], [16.910820666666666, 78.66172433333332], [16.9108215, 78.6617245], [16.910822166666666, 78.66172466666667], [16.910822833333334, 78.66172483333334], [16.9108235, 78.66172499999999], [16.910824166666664, 78.66172516666667], [16.910825, 78.66172533333334], [16.910825833333334, 78.6617255], [16.9108265, 78.66172566666667], [16.910827166666664, 78.66172583333334], [16.910828, 78.661726], [16.910828833333333, 78.661726], [16.910829333333332, 78.66172616666667], [16.91082983333333, 78.66172633333333], [16.910830333333333, 78.6617265], [16.910830833333332, 78.66172666666667], [16.910831166666664, 78.66172683333333], [16.910831499999997, 78.661727], [16.910831833333337, 78.66172716666667], [16.910832333333335, 78.66172733333333], [16.910832666666668, 78.66172733333333], [16.910833166666666, 78.66172750000001], [16.91083366666667, 78.66172766666666], [16.910834166666667, 78.66172766666666], [16.910834666666666, 78.66172783333333], [16.910835000000002, 78.661728], [16.9108355, 78.661728], [16.910836, 78.66172816666668], [16.910836333333336, 78.66172816666668], [16.910836833333335, 78.66172833333333], [16.910837166666667, 78.6617285], [16.9108375, 78.6617285], [16.910837666666666, 78.66172866666668], [16.910837833333336, 78.66172883333334], [16.910838000000002, 78.661729], [16.910838333333334, 78.66172916666666], [16.9108385, 78.66172916666666], [16.910838833333333, 78.66172933333334], [16.910839333333335, 78.6617295], [16.910839666666668, 78.66172966666666], [16.91084, 78.66172966666666], [16.910840166666667, 78.66172966666666], [16.9108405, 78.66172983333333], [16.910840666666665, 78.66172983333333], [16.910840666666665, 78.66173], [16.910841166666668, 78.66173], [16.910841166666668, 78.66173016666667], [16.910841333333334, 78.66173016666667], [16.9108415, 78.66173033333332], [16.9108415, 78.66173033333332], [16.9108415, 78.66173033333332], [16.910841666666666, 78.6617305], [16.9108415, 78.6617305], [16.910841666666666, 78.6617305], [16.9108415, 78.66173066666667], [16.9108415, 78.66173066666667], [16.910841666666666, 78.66173083333334], [16.910841666666666, 78.66173099999999], [16.910841833333333, 78.66173099999999], [16.910842, 78.66173116666667], [16.910842166666665, 78.66173116666667], [16.910842166666665, 78.66173116666667], [16.910842333333335, 78.66173116666667], [16.9108425, 78.66173133333334], [16.9108425, 78.6617315], [16.910842666666667, 78.6617315], [16.910842666666667, 78.6617315], [16.910842833333334, 78.66173166666667], [16.910842833333334, 78.66173166666667], [16.910842833333334, 78.66173166666667], [16.910843, 78.66173183333333], [16.910843, 78.66173183333333], [16.910843166666666, 78.66173183333333], [16.910843166666666, 78.661732], [16.910843, 78.66173216666667], [16.910842666666667, 78.66173216666667], [16.910842666666667, 78.66173233333333], [16.9108425, 78.66173233333333], [16.910842333333335, 78.66173233333333], [16.910842166666665, 78.66173233333333], [16.910842, 78.6617325], [16.910842166666665, 78.6617325], [16.910842166666665, 78.6617325], [16.910841666666666, 78.6617325], [16.910841333333334, 78.6617325], [16.910841, 78.66173266666667], [16.910840666666665, 78.66173266666667], [16.910840333333333, 78.66173266666667], [16.91084, 78.66173266666667], [16.910839666666668, 78.66173283333333], [16.910839333333335, 78.66173283333333], [16.910839166666666, 78.66173283333333], [16.910838833333333, 78.66173283333333], [16.9108385, 78.66173283333333], [16.910838166666668, 78.66173283333333], [16.910837833333336, 78.661733], [16.910837666666666, 78.66173283333333], [16.9108375, 78.661733], [16.910837333333333, 78.661733], [16.910837166666667, 78.661733], [16.910837166666667, 78.661733], [16.910836833333335, 78.661733], [16.91083666666667, 78.661733], [16.910836333333336, 78.661733], [16.910836, 78.66173316666666], [16.9108355, 78.66173316666666], [16.910835000000002, 78.66173333333333], [16.910834666666666, 78.66173333333333], [16.910834333333334, 78.66173333333333], [16.910834, 78.66173333333333], [16.91083366666667, 78.66173333333333], [16.910833500000003, 78.66173333333333], [16.910833166666666, 78.66173333333333], [16.910833, 78.66173333333333], [16.910832666666668, 78.66173333333333], [16.9108325, 78.66173350000001], [16.910832333333335, 78.66173350000001], [16.91083216666667, 78.66173366666666], [16.910831833333337, 78.66173366666666], [16.910831666666663, 78.66173366666666], [16.910831499999997, 78.66173366666666], [16.91083133333333, 78.66173383333333], [16.910830833333332, 78.66173383333333], [16.910830666666666, 78.66173383333333], [16.910830166666663, 78.661734], [16.910829666666665, 78.66173416666668], [16.910829333333332, 78.66173416666668], [16.910828833333333, 78.66173433333333], [16.910828499999997, 78.66173433333333], [16.910828166666665, 78.6617345], [16.910827833333332, 78.6617345], [16.910827666666666, 78.6617345], [16.9108275, 78.6617345], [16.910827333333334, 78.66173466666667], [16.910827166666664, 78.66173466666667], [16.910826666666665, 78.66173483333334], [16.910826333333333, 78.661735], [16.910826166666666, 78.661735], [16.910825833333334, 78.66173516666666], [16.910825666666664, 78.66173516666666], [16.91082533333333, 78.66173533333334], [16.910825, 78.66173533333334], [16.910824833333333, 78.6617355], [16.910824333333334, 78.6617355], [16.910823999999998, 78.66173566666666], [16.910823666666666, 78.66173583333332], [16.910823333333333, 78.661736], [16.910823, 78.66173616666667], [16.910822666666665, 78.66173616666667], [16.9108225, 78.66173633333332], [16.910822166666666, 78.6617365], [16.910821833333333, 78.6617365], [16.910821666666667, 78.66173666666667], [16.910821166666665, 78.66173666666667], [16.910820833333332, 78.66173683333334], [16.9108205, 78.66173699999999], [16.910820166666667, 78.66173716666667], [16.910819666666665, 78.66173733333333], [16.9108195, 78.6617375], [16.910819, 78.66173766666667], [16.910818666666668, 78.66173783333333], [16.910818333333335, 78.66173783333333], [16.910818, 78.661738], [16.9108175, 78.66173816666667], [16.910817, 78.66173833333333], [16.910816666666665, 78.6617385], [16.910816333333333, 78.66173866666666], [16.910815833333334, 78.66173883333333], [16.910815666666668, 78.661739], [16.910815166666666, 78.66173916666666], [16.910814833333333, 78.66173933333333], [16.910814333333335, 78.66173950000001], [16.910813833333336, 78.66173950000001], [16.910813333333333, 78.66173983333333], [16.91081266666667, 78.66174], [16.910812166666666, 78.66174016666668], [16.910811000000002, 78.66174033333333], [16.910809500000003, 78.66174083333334], [16.91080733333333, 78.66174116666666], [16.910804833333334, 78.66174166666666], [16.910801, 78.66174216666667], [16.910796833333333, 78.66174266666667], [16.9107935, 78.66174299999999], [16.910789, 78.66174333333333], [16.910785666666666, 78.66174366666668], [16.910781999999998, 78.66174366666668], [16.9107785, 78.6617435], [16.9107755, 78.66174333333333], [16.910772333333334, 78.66174316666667], [16.91077, 78.66174283333334], [16.91076766666667, 78.66174233333332], [16.91076616666667, 78.661742], [16.910764500000003, 78.66174166666666], [16.910763, 78.66174133333334], [16.9107615, 78.66174116666666], [16.91075933333333, 78.66174083333334], [16.91075783333333, 78.6617405], [16.910756833333334, 78.66174016666668], [16.9107555, 78.66173983333333], [16.910754166666667, 78.66173950000001], [16.910753166666666, 78.66173916666666], [16.910752333333335, 78.66173883333333], [16.910751666666666, 78.6617385], [16.910751, 78.66173816666667], [16.910750166666666, 78.66173766666667], [16.910749666666668, 78.66173733333333], [16.910749666666668, 78.66173716666667], [16.910749833333334, 78.66173683333334], [16.910750166666666, 78.6617365], [16.910750833333335, 78.66173616666667], [16.9107515, 78.66173566666666], [16.91075216666667, 78.66173533333334], [16.910752666666667, 78.66173483333334], [16.910752833333333, 78.66173433333333], [16.910752666666667, 78.66173383333333], [16.910752333333335, 78.66173316666666], [16.910752, 78.66173266666667], [16.910751833333332, 78.66173233333333], [16.910751666666666, 78.66173166666667], [16.9107515, 78.66173116666667], [16.910751333333334, 78.66173066666667], [16.910751166666667, 78.66173016666667], [16.910751166666667, 78.66172983333333], [16.910751166666667, 78.66172933333334], [16.910751333333334, 78.66172883333334], [16.910751333333334, 78.66172833333333], [16.9107515, 78.661728], [16.910751666666666, 78.66172766666666], [16.910752, 78.66172716666667], [16.910752333333335, 78.66172683333333], [16.910752333333335, 78.66172633333333], [16.910752666666667, 78.661726], [16.910752833333333, 78.6617255], [16.910752833333333, 78.66172516666667], [16.910752833333333, 78.66172483333334], [16.910752666666667, 78.6617245], [16.910752833333333, 78.66172416666667], [16.910753, 78.66172383333333], [16.910753, 78.66172350000001], [16.910752833333333, 78.66172316666666], [16.910753166666666, 78.66172266666668], [16.910753333333332, 78.66172233333333], [16.910753166666666, 78.661722], [16.910753, 78.66172166666666], [16.910753166666666, 78.66172133333333], [16.910753166666666, 78.661721], [16.910753166666666, 78.66172066666667], [16.910753, 78.66172033333334], [16.910753, 78.66172], [16.910753, 78.66171966666667], [16.910753, 78.66171933333334], [16.910752833333333, 78.66171899999999], [16.9107525, 78.6617185], [16.910752333333335, 78.66171833333333], [16.910752, 78.66171800000001], [16.910751833333332, 78.66171783333333], [16.9107515, 78.6617175], [16.910751166666667, 78.66171733333334], [16.91075066666667, 78.66171716666666], [16.9107505, 78.66171683333333], [16.910750166666666, 78.66171666666668], [16.910749833333334, 78.66171633333333], [16.9107495, 78.66171616666666], [16.91074916666667, 78.66171583333333], [16.9107485, 78.66171566666667], [16.910748, 78.66171533333333], [16.9107475, 78.66171516666667], [16.910747166666667, 78.661715], [16.910746500000002, 78.66171483333332], [16.910746, 78.6617145], [16.910745333333335, 78.66171433333334], [16.910744833333336, 78.66171416666666], [16.910744333333334, 78.661714], [16.910743833333335, 78.66171383333334], [16.910743, 78.66171366666667], [16.9107425, 78.66171349999999], [16.910742000000003, 78.66171333333334], [16.910741499999997, 78.66171299999999], [16.910740833333332, 78.66171283333333], [16.9107405, 78.66171250000001], [16.910739999999997, 78.66171233333333], [16.910739333333332, 78.66171216666666], [16.910738666666667, 78.66171200000001], [16.910738166666665, 78.66171183333333], [16.9107375, 78.6617115], [16.910736666666665, 78.66171133333334], [16.910736, 78.66171116666666], [16.91073533333333, 78.661711], [16.9107345, 78.66171083333333], [16.910733999999998, 78.66171066666668], [16.910733333333333, 78.6617105], [16.910732499999998, 78.66171016666667], [16.910732, 78.66171], [16.910731333333334, 78.66170983333333], [16.910730666666666, 78.66170966666667], [16.91073, 78.66170933333333], [16.910729333333332, 78.66170916666667], [16.910728666666667, 78.661709], [16.91072816666667, 78.66170866666667], [16.9107275, 78.6617085], [16.91072666666667, 78.66170833333334], [16.910726, 78.66170816666666], [16.910725333333335, 78.66170783333334], [16.9107245, 78.66170783333334], [16.910723833333336, 78.66170749999999], [16.910723, 78.66170733333334], [16.910722333333336, 78.66170716666667], [16.910721666666667, 78.66170683333333], [16.910721000000002, 78.66170666666667], [16.910720333333334, 78.66170650000001], [16.91071966666667, 78.66170616666666], [16.910718999999997, 78.66170583333333], [16.91071833333333, 78.66170566666666], [16.910717499999997, 78.66170533333334], [16.9107165, 78.66170516666666], [16.9107155, 78.66170483333333], [16.910714833333333, 78.66170466666668], [16.910714, 78.6617045], [16.91071283333333, 78.66170433333333], [16.910712, 78.66170416666667], [16.910711, 78.66170383333333], [16.910710166666668, 78.66170366666667], [16.9107095, 78.6617035], [16.910708666666668, 78.66170316666667], [16.910708, 78.661703], [16.910707333333335, 78.66170283333332], [16.910706666666666, 78.6617025], [16.910706166666667, 78.66170233333334], [16.91070566666667, 78.661702], [16.910704833333334, 78.66170183333334], [16.910704, 78.66170149999999], [16.910703166666668, 78.66170133333334], [16.910702166666667, 78.661701], [16.910701333333336, 78.66170083333333], [16.9107005, 78.66170050000001], [16.91069966666667, 78.66170033333333], [16.910699, 78.66170016666666], [16.910698333333336, 78.66169983333333], [16.9106975, 78.66169966666666], [16.910697000000003, 78.6616995], [16.91069666666667, 78.66169916666666], [16.910696166666664, 78.661699], [16.9106955, 78.66169866666668], [16.910694999999997, 78.6616985], [16.910694499999998, 78.66169816666667], [16.910694, 78.66169799999999], [16.91069333333333, 78.66169766666667], [16.910692666666666, 78.6616975], [16.91069183333333, 78.66169716666667], [16.910690833333334, 78.661697], [16.91069, 78.66169683333332], [16.910689333333334, 78.66169666666666], [16.910688666666665, 78.6616965], [16.910687833333334, 78.66169633333334], [16.910687, 78.66169616666666], [16.910686333333334, 78.66169583333334], [16.910685666666666, 78.66169566666667], [16.910685, 78.6616955], [16.9106845, 78.66169516666668], [16.910684, 78.661695], [16.910683333333335, 78.66169483333333], [16.910682833333333, 78.66169450000001], [16.910682333333334, 78.66169433333333], [16.910681833333335, 78.66169416666666], [16.910681, 78.661694], [16.910680333333335, 78.66169366666666], [16.9106795, 78.6616935], [16.9106785, 78.66169333333333], [16.910677, 78.661693], [16.910675, 78.66169266666667], [16.910672833333333, 78.66169233333333], [16.910670333333332, 78.66169199999999], [16.910668166666667, 78.66169133333332], [16.910665333333334, 78.66169083333332], [16.9106625, 78.66169033333334], [16.910659833333334, 78.66169], [16.910657166666667, 78.66168966666667], [16.9106545, 78.6616895], [16.910651499999997, 78.66168933333333], [16.91064833333333, 78.66168916666668], [16.910645666666667, 78.661689], [16.910643, 78.66168883333333], [16.9106405, 78.66168866666666], [16.91063816666667, 78.66168833333333], [16.910636, 78.661688], [16.91063366666667, 78.66168766666667], [16.910632, 78.661687], [16.910630333333334, 78.66168616666667], [16.91063, 78.66168533333332], [16.910630333333334, 78.66168433333334], [16.91063116666667, 78.6616835], [16.910633333333333, 78.66168250000001], [16.910635833333334, 78.66168133333333], [16.910638833333334, 78.66168066666667], [16.910641666666667, 78.66168016666667], [16.910645499999998, 78.66167966666667], [16.91064833333333, 78.6616795], [16.910651166666664, 78.66167916666667], [16.910653, 78.66167933333332], [16.91065516666667, 78.66167966666667], [16.9106575, 78.66167983333334], [16.910659666666668, 78.66167999999999], [16.9106625, 78.66168016666667], [16.910665333333334, 78.66168033333334], [16.910667999999998, 78.66168033333334], [16.910671333333333, 78.66168066666667], [16.910674833333335, 78.66168083333334], [16.910678333333333, 78.66168116666667], [16.91068166666667, 78.6616815], [16.910685166666667, 78.661682], [16.910688666666665, 78.66168250000001], [16.910692166666667, 78.66168283333333], [16.9106955, 78.66168333333333], [16.910698833333335, 78.66168383333334], [16.910701666666668, 78.66168433333334], [16.9107045, 78.661685], [16.91070716666667, 78.6616855], [16.910709833333332, 78.66168599999999], [16.910712166666666, 78.66168633333334], [16.910715, 78.66168683333333], [16.910717499999997, 78.66168716666667], [16.910720333333334, 78.66168766666667], [16.910723333333333, 78.66168816666666], [16.9107265, 78.66168850000001], [16.910729833333335, 78.66168883333333], [16.910733, 78.66168916666668], [16.910736, 78.6616895], [16.910739, 78.66168983333334], [16.910742000000003, 78.66169016666666], [16.910745000000002, 78.66169033333334], [16.91074766666667, 78.66169066666666], [16.910750333333333, 78.661691], [16.910753166666666, 78.6616915], [16.910755666666667, 78.66169166666667], [16.910758333333334, 78.66169199999999], [16.91076083333333, 78.66169233333333], [16.910763499999998, 78.66169266666667], [16.910765833333336, 78.661693], [16.910768333333333, 78.6616935], [16.910770833333334, 78.66169383333333], [16.910773, 78.66169416666666], [16.910775333333333, 78.66169466666666], [16.910777333333332, 78.66169516666668], [16.910778999999998, 78.66169566666667], [16.910780833333334, 78.66169616666666], [16.910782666666666, 78.66169683333332], [16.9107845, 78.66169733333332], [16.910786166666664, 78.66169783333333], [16.910788, 78.6616985], [16.910789833333336, 78.66169883333333], [16.910791500000002, 78.66169933333335], [16.910793166666668, 78.66169966666666], [16.910794666666668, 78.66170000000001], [16.910796166666668, 78.66170033333333], [16.910797666666667, 78.66170066666668], [16.910799, 78.661701], [16.9108005, 78.66170133333334], [16.910802, 78.66170166666667], [16.9108035, 78.66170216666666], [16.910804666666667, 78.6617025], [16.91080583333333, 78.66170283333332], [16.910807166666665, 78.66170333333334], [16.910808666666664, 78.66170366666667], [16.91081, 78.661704], [16.910810833333336, 78.66170433333333], [16.910812, 78.66170466666668], [16.910813, 78.66170483333333], [16.910814000000002, 78.661705], [16.910815, 78.66170533333334], [16.910815833333334, 78.6617055], [16.910816833333335, 78.66170566666666], [16.9108175, 78.66170583333333], [16.910818166666665, 78.66170616666666], [16.910819, 78.66170616666666], [16.910819666666665, 78.66170633333333], [16.910820333333334, 78.66170666666667], [16.910820666666666, 78.66170683333333], [16.910821166666665, 78.66170699999999], [16.910821666666667, 78.66170716666667], [16.910822333333332, 78.66170733333334], [16.910823, 78.66170749999999], [16.9108235, 78.66170766666667], [16.910823999999998, 78.661708], [16.910824333333334, 78.661708], [16.910824666666667, 78.66170816666666], [16.91082533333333, 78.66170833333334], [16.910825833333334, 78.66170833333334], [16.910826333333333, 78.6617085], [16.910826999999998, 78.66170866666667], [16.910827333333334, 78.66170866666667], [16.910827833333332, 78.66170883333332], [16.910828166666665, 78.661709], [16.910828499999997, 78.66170933333333], [16.910828833333333, 78.6617095], [16.910829, 78.66170966666667], [16.910829166666666, 78.66170983333333], [16.910829666666665, 78.66171], [16.910829999999997, 78.66171033333333], [16.9108305, 78.6617105], [16.910831166666664, 78.66171066666668], [16.910831499999997, 78.66171083333333], [16.910831666666663, 78.66171116666666], [16.910832000000003, 78.66171133333334], [16.910832333333335, 78.6617115], [16.9108325, 78.66171166666666], [16.910832666666668, 78.66171183333333], [16.910833, 78.66171200000001], [16.910833166666666, 78.66171216666666], [16.910833333333336, 78.66171233333333], [16.910833500000003, 78.66171250000001], [16.910833833333335, 78.66171266666667], [16.910834166666667, 78.66171283333333], [16.910834333333334, 78.66171316666667], [16.9108345, 78.66171333333334], [16.9108345, 78.66171349999999], [16.910834666666666, 78.66171366666667], [16.910834833333336, 78.66171383333334], [16.910835000000002, 78.661714], [16.91083516666667, 78.66171416666666], [16.910835333333335, 78.66171433333334], [16.910835333333335, 78.66171433333334], [16.910835333333335, 78.6617145], [16.910835333333335, 78.66171466666667], [16.9108355, 78.66171483333332], [16.910835666666667, 78.661715], [16.910835833333334, 78.66171516666667], [16.910835833333334, 78.66171533333333], [16.910835833333334, 78.6617155], [16.910835833333334, 78.66171566666667], [16.910836, 78.66171583333333], [16.910836166666666, 78.66171583333333], [16.910836, 78.661716], [16.910836166666666, 78.66171616666666], [16.910836, 78.66171633333333], [16.910836166666666, 78.6617165], [16.910836333333336, 78.66171666666668], [16.910836333333336, 78.66171683333333], [16.910836500000002, 78.66171716666666], [16.910836333333336, 78.66171733333334], [16.910836333333336, 78.6617175], [16.910836333333336, 78.6617175], [16.910836500000002, 78.66171766666666], [16.91083666666667, 78.66171783333333], [16.91083666666667, 78.66171800000001], [16.910836833333335, 78.66171816666666], [16.910836833333335, 78.66171833333333], [16.910837, 78.6617185], [16.910837166666667, 78.66171866666667], [16.910837166666667, 78.66171899999999], [16.910837, 78.66171916666667], [16.910836833333335, 78.66171933333334], [16.910836833333335, 78.66171949999999], [16.910836833333335, 78.66171966666667], [16.910836833333335, 78.66171983333334], [16.910836833333335, 78.66172], [16.910836500000002, 78.66172016666665], [16.910836500000002, 78.66172033333334], [16.910836333333336, 78.6617205], [16.910836166666666, 78.66172083333332], [16.910836166666666, 78.661721], [16.910835833333334, 78.66172116666667], [16.910835666666667, 78.66172150000001], [16.9108355, 78.66172166666666], [16.9108355, 78.66172183333333], [16.91083516666667, 78.661722], [16.91083516666667, 78.66172216666668], [16.910834833333336, 78.6617225], [16.9108345, 78.66172266666668], [16.910834333333334, 78.66172283333334], [16.910834166666667, 78.661723], [16.910833833333335, 78.66172333333334], [16.91083366666667, 78.66172350000001], [16.91083366666667, 78.66172366666666], [16.910833333333336, 78.66172383333333], [16.910833333333336, 78.66172416666667], [16.910833, 78.66172433333332], [16.910833, 78.6617245], [16.910832833333334, 78.66172466666667], [16.9108325, 78.66172483333334], [16.910832333333335, 78.66172499999999], [16.91083216666667, 78.66172533333334], [16.91083216666667, 78.6617255], [16.91083216666667, 78.66172583333334], [16.910831833333337, 78.661726], [16.910831666666663, 78.66172633333333], [16.910831499999997, 78.6617265], [16.910831499999997, 78.66172666666667], [16.91083133333333, 78.66172683333333], [16.91083133333333, 78.661727], [16.910830999999998, 78.66172716666667], [16.910830833333332, 78.66172733333333], [16.910830833333332, 78.66172750000001], [16.910830833333332, 78.66172766666666], [16.910830833333332, 78.66172783333333], [16.910830666666666, 78.661728], [16.9108305, 78.66172816666668], [16.910830333333333, 78.6617285], [16.910830166666663, 78.66172866666668], [16.910829999999997, 78.66172883333334], [16.910829999999997, 78.66172916666666], [16.91082983333333, 78.66172933333334], [16.910829666666665, 78.6617295], [16.9108295, 78.66172966666666], [16.910829333333332, 78.66172983333333], [16.910829166666666, 78.66173], [16.910829166666666, 78.66173016666667], [16.910829, 78.66173016666667], [16.910828833333333, 78.66173033333332], [16.910828499999997, 78.6617305], [16.91082833333333, 78.66173066666667], [16.910828, 78.66173099999999], [16.910827833333332, 78.66173116666667], [16.910827666666666, 78.66173133333334], [16.9108275, 78.6617315], [16.910827333333334, 78.66173166666667], [16.910827166666664, 78.66173183333333], [16.910827333333334, 78.661732], [16.910827166666664, 78.66173216666667], [16.91082683333333, 78.66173233333333], [16.910826666666665, 78.6617325], [16.910826666666665, 78.66173266666667], [16.910826166666666, 78.66173283333333], [16.910825833333334, 78.661733], [16.910825499999998, 78.66173316666666], [16.91082533333333, 78.66173333333333], [16.910825, 78.66173350000001], [16.910824666666667, 78.66173366666666], [16.910824333333334, 78.66173383333333], [16.910823833333332, 78.661734], [16.910823666666666, 78.66173416666668], [16.9108235, 78.66173433333333], [16.910823166666667, 78.6617345], [16.910822833333334, 78.66173466666667], [16.9108225, 78.66173483333334], [16.910822, 78.661735], [16.9108215, 78.66173516666666], [16.910821166666665, 78.66173516666666], [16.910820833333332, 78.6617355], [16.910820333333334, 78.66173566666666], [16.910819833333335, 78.66173583333332], [16.910819166666666, 78.661736], [16.910818666666668, 78.66173633333332], [16.910818166666665, 78.66173633333332], [16.910817833333333, 78.66173666666667], [16.9108175, 78.66173683333334], [16.910817166666668, 78.66173683333334], [16.910816666666665, 78.66173699999999], [16.910816333333333, 78.66173716666667], [16.910816, 78.66173733333333], [16.910815833333334, 78.6617375], [16.910815500000002, 78.66173766666667], [16.910815166666666, 78.66173783333333], [16.910814833333333, 78.661738], [16.9108145, 78.66173816666667], [16.91081416666667, 78.66173833333333], [16.910814000000002, 78.6617385], [16.910813666666666, 78.66173866666666], [16.910813333333333, 78.66173883333333], [16.910812833333335, 78.661739], [16.910812500000002, 78.66173916666666], [16.910812166666666, 78.66173933333333], [16.910811833333334, 78.66173950000001], [16.9108115, 78.66173966666666], [16.910811000000002, 78.66173983333333], [16.910810666666666, 78.66174], [16.910810166666668, 78.66174016666668], [16.91080966666667, 78.66174033333333], [16.91080883333333, 78.6617405], [16.91080733333333, 78.66174083333334], [16.910805, 78.66174116666666], [16.910801833333334, 78.6617415], [16.9107975, 78.66174183333332], [16.910794, 78.66174216666667], [16.91078966666667, 78.66174233333332], [16.9107855, 78.66174266666667], [16.91078183333333, 78.66174283333334], [16.9107785, 78.66174283333334], [16.910775333333333, 78.66174266666667], [16.910772666666666, 78.6617425], [16.91077, 78.66174233333332], [16.910767833333335, 78.661742], [16.9107665, 78.66174183333332], [16.910765, 78.6617415], [16.910763499999998, 78.66174116666666], [16.910762, 78.66174099999999], [16.910760166666666, 78.6617405], [16.910758333333334, 78.66174016666668], [16.910756833333334, 78.66173950000001], [16.910755666666667, 78.661739], [16.910755166666668, 78.66173833333333], [16.910754833333332, 78.661738], [16.910755333333334, 78.66173733333333], [16.910755333333334, 78.66173699999999], [16.9107555, 78.66173666666667], [16.91075633333333, 78.66173616666667], [16.910756833333334, 78.66173583333332], [16.910758166666668, 78.66173566666666], [16.910758333333334, 78.66173533333334], [16.910759, 78.661735], [16.910759666666667, 78.66173466666667], [16.91076, 78.66173433333333], [16.910760333333332, 78.66173383333333], [16.910760999999997, 78.66173350000001], [16.910761666666666, 78.66173316666666], [16.910761833333332, 78.66173283333333], [16.910762166666665, 78.66173233333333], [16.910763, 78.661732], [16.910763999999997, 78.66173166666667], [16.910764833333335, 78.66173133333334], [16.91076566666667, 78.66173083333334], [16.9107665, 78.66173066666667], [16.91076716666667, 78.66173033333332], [16.910768166666667, 78.66173016666667], [16.910769166666668, 78.66173], [16.910769833333333, 78.66172966666666], [16.910770666666668, 78.6617295], [16.91077166666667, 78.66172933333334], [16.910772333333334, 78.66172916666666], [16.91077316666667, 78.661729], [16.910773666666667, 78.661729], [16.910774, 78.66172883333334], [16.910774166666666, 78.661729], [16.91077466666667, 78.661729], [16.910775333333333, 78.66172883333334], [16.910776, 78.66172866666668], [16.910777, 78.66172833333333], [16.910777833333334, 78.66172783333333], [16.910778666666666, 78.66172750000001], [16.910779333333334, 78.66172716666667], [16.91078, 78.66172683333333], [16.910780666666668, 78.6617265], [16.910781666666665, 78.66172616666667], [16.910782666666666, 78.66172566666667], [16.910783499999997, 78.66172533333334], [16.910784666666665, 78.66172499999999], [16.9107855, 78.6617245], [16.91078666666667, 78.661724], [16.910787666666668, 78.66172366666666], [16.910788500000002, 78.66172333333334], [16.910789166666667, 78.661723], [16.910789833333336, 78.66172266666668], [16.910790666666667, 78.66172233333333], [16.910791333333336, 78.66172216666668], [16.910792, 78.66172183333333], [16.910792833333335, 78.66172150000001], [16.910793666666667, 78.66172116666667], [16.9107945, 78.661721], [16.910795333333333, 78.66172066666667], [16.910796, 78.66172033333334], [16.910796666666666, 78.66172], [16.910797333333335, 78.66171983333334], [16.910797833333334, 78.66171949999999], [16.910798333333332, 78.66171916666667], [16.910799, 78.66171899999999], [16.9107995, 78.66171866666667], [16.9108, 78.66171833333333], [16.9108005, 78.66171816666666], [16.910801166666666, 78.66171783333333], [16.910801833333334, 78.6617175], [16.910802333333333, 78.66171733333334], [16.910802999999998, 78.661717], [16.9108035, 78.66171666666668], [16.910804166666665, 78.6617165], [16.910804833333334, 78.66171616666666], [16.9108055, 78.661716], [16.910805999999997, 78.66171566666667], [16.9108065, 78.6617155], [16.910806833333332, 78.66171516666667], [16.91080733333333, 78.661715], [16.910807833333333, 78.66171483333332], [16.910808333333332, 78.66171466666667], [16.910808666666664, 78.66171433333334], [16.910809166666663, 78.66171416666666], [16.910809500000003, 78.661714], [16.910810166666668, 78.66171366666667], [16.910810833333336, 78.66171349999999], [16.910811333333335, 78.66171316666667], [16.910812, 78.66171283333333], [16.91081266666667, 78.66171266666667], [16.910813333333333, 78.66171250000001], [16.910814000000002, 78.66171233333333], [16.910814333333335, 78.66171216666666], [16.910815166666666, 78.66171183333333], [16.910815666666668, 78.66171166666666], [16.910816333333333, 78.66171133333334], [16.910817, 78.66171116666666], [16.910817666666667, 78.661711], [16.910818333333335, 78.66171066666668], [16.910818833333334, 78.6617105], [16.9108195, 78.66171033333333], [16.91082, 78.66171016666667], [16.9108205, 78.66171], [16.910821, 78.66170966666667], [16.910821666666667, 78.6617095], [16.910822166666666, 78.66170933333333], [16.910823, 78.66170916666667], [16.9108235, 78.66170883333332], [16.910823999999998, 78.66170866666667], [16.910824333333334, 78.6617085], [16.910825, 78.66170833333334], [16.91082533333333, 78.66170816666666], [16.910825833333334, 78.661708], [16.910826166666666, 78.66170783333334], [16.91082683333333, 78.66170766666667], [16.910827166666664, 78.66170749999999], [16.910827666666666, 78.66170733333334], [16.910828166666665, 78.66170716666667], [16.910828499999997, 78.66170699999999], [16.910828833333333, 78.66170683333333], [16.910829166666666, 78.66170666666667], [16.9108295, 78.66170633333333], [16.910829999999997, 78.66170616666666], [16.910830333333333, 78.66170600000001], [16.910830666666666, 78.66170583333333], [16.910830999999998, 78.66170566666666], [16.91083133333333, 78.6617055], [16.910831666666663, 78.66170533333334], [16.910832000000003, 78.66170516666666], [16.910832333333335, 78.661705], [16.9108325, 78.66170483333333], [16.910833, 78.66170466666668], [16.910833166666666, 78.6617045], [16.91083366666667, 78.66170416666667], [16.910834, 78.661704], [16.910834166666667, 78.66170383333333], [16.9108345, 78.66170366666667], [16.910834666666666, 78.6617035], [16.910835000000002, 78.66170333333334], [16.91083516666667, 78.66170316666667], [16.9108355, 78.661703], [16.910835833333334, 78.66170283333332], [16.910835833333334, 78.66170266666667], [16.910836166666666, 78.6617025], [16.910836333333336, 78.66170233333334], [16.910836500000002, 78.66170216666666], [16.91083666666667, 78.661702], [16.910836833333335, 78.66170183333334], [16.910836833333335, 78.66170166666667], [16.910837, 78.66170149999999], [16.910837, 78.66170133333334], [16.910837, 78.66170116666667], [16.910837166666667, 78.661701], [16.910837, 78.66170083333333], [16.910837, 78.66170066666668], [16.910837, 78.66170050000001], [16.910837, 78.66170033333333], [16.910837166666667, 78.66170033333333], [16.910837166666667, 78.66170016666666], [16.910837333333333, 78.66170000000001], [16.9108375, 78.66169983333333], [16.910837666666666, 78.66169966666666], [16.910837833333336, 78.6616995], [16.910837666666666, 78.66169933333335], [16.910837666666666, 78.66169933333335], [16.910837666666666, 78.66169916666666], [16.9108375, 78.661699], [16.9108375, 78.66169883333333], [16.910837666666666, 78.66169866666668], [16.910837666666666, 78.66169866666668], [16.9108375, 78.6616985], [16.910837666666666, 78.66169833333333], [16.910837333333333, 78.66169816666667], [16.910837333333333, 78.66169799999999], [16.910837333333333, 78.66169799999999], [16.9108375, 78.66169783333333], [16.910837166666667, 78.66169766666667], [16.910837, 78.6616975], [16.910836833333335, 78.6616975], [16.910836833333335, 78.66169733333332], [16.91083666666667, 78.66169716666667], [16.91083666666667, 78.66169716666667], [16.910836500000002, 78.661697], [16.910836500000002, 78.66169683333332], [16.910836500000002, 78.66169683333332], [16.910836333333336, 78.66169666666666], [16.910836333333336, 78.6616965], [16.910836166666666, 78.6616965], [16.910835833333334, 78.66169633333334], [16.910835666666667, 78.66169616666666], [16.910835333333335, 78.66169616666666], [16.910835000000002, 78.66169599999999], [16.910834666666666, 78.66169583333334], [16.9108345, 78.66169583333334], [16.910834166666667, 78.66169566666667], [16.910834, 78.6616955], [16.910834, 78.6616955], [16.910833833333335, 78.66169533333333], [16.91083366666667, 78.66169516666668], [16.910833500000003, 78.66169516666668], [16.910833333333336, 78.661695], [16.910833, 78.661695], [16.910832666666668, 78.66169483333333], [16.9108325, 78.66169483333333], [16.910832000000003, 78.66169466666666], [16.910831666666663, 78.66169466666666], [16.91083133333333, 78.66169450000001], [16.910830999999998, 78.66169450000001], [16.910830833333332, 78.66169433333333], [16.910830333333333, 78.66169433333333], [16.910829999999997, 78.66169416666666], [16.910829666666665, 78.66169416666666], [16.910829333333332, 78.661694], [16.910829166666666, 78.66169383333333], [16.910828666666664, 78.66169383333333], [16.910828499999997, 78.66169366666666], [16.910828, 78.6616935], [16.910827666666666, 78.66169333333333], [16.910827333333334, 78.66169316666667], [16.91082683333333, 78.66169316666667], [16.9108265, 78.661693], [16.910826, 78.66169283333333], [16.910825499999998, 78.66169283333333], [16.910825499999998, 78.66169266666667], [16.910825, 78.6616925], [16.910824666666667, 78.66169233333333], [16.910824333333334, 78.66169233333333], [16.910824166666664, 78.66169216666667], [16.910823833333332, 78.66169199999999], [16.910823333333333, 78.66169199999999], [16.910823, 78.66169183333334], [16.910822833333334, 78.66169183333334], [16.910822666666665, 78.66169166666667], [16.910822333333332, 78.66169166666667], [16.910822, 78.66169166666667], [16.910821666666667, 78.66169166666667], [16.910821333333335, 78.6616915], [16.910821, 78.6616915], [16.910821, 78.6616915], [16.910820666666666, 78.6616915], [16.910820333333334, 78.6616915], [16.91082, 78.66169133333332], [16.910819333333333, 78.66169133333332], [16.910819, 78.66169133333332], [16.910818833333334, 78.66169133333332], [16.910818833333334, 78.66169116666667], [16.9108185, 78.66169116666667], [16.910818, 78.661691], [16.910817666666667, 78.661691], [16.910817333333334, 78.661691], [16.910817, 78.661691], [16.910816666666665, 78.661691], [16.910816333333333, 78.66169083333332], [16.910815833333334, 78.66169083333332], [16.910815333333336, 78.66169083333332], [16.910815333333336, 78.66169083333332], [16.910815, 78.66169083333332], [16.9108145, 78.66169083333332], [16.910814000000002, 78.66169083333332], [16.910813833333336, 78.66169083333332], [16.910813666666666, 78.66169083333332], [16.910813333333333, 78.66169083333332], [16.910812833333335, 78.66169083333332], [16.910812333333336, 78.661691], [16.910812, 78.661691], [16.910811666666667, 78.661691], [16.910811000000002, 78.661691], [16.910810666666666, 78.661691], [16.910810166666668, 78.661691], [16.910809833333335, 78.661691], [16.910809500000003, 78.661691], [16.910809166666663, 78.661691], [16.910808499999998, 78.66169116666667], [16.910808, 78.66169116666667], [16.910807499999997, 78.66169116666667], [16.910807166666665, 78.66169116666667], [16.910806833333332, 78.66169116666667], [16.910806333333333, 78.66169116666667], [16.91080583333333, 78.66169116666667], [16.9108055, 78.66169116666667], [16.910805166666666, 78.66169116666667], [16.910804833333334, 78.66169116666667], [16.91080433333333, 78.66169116666667], [16.910804, 78.66169116666667], [16.910803333333334, 78.66169116666667], [16.910802666666665, 78.66169116666667], [16.910802166666667, 78.66169116666667], [16.910801833333334, 78.66169116666667], [16.910801166666666, 78.66169133333332], [16.9108005, 78.66169133333332], [16.9108, 78.66169133333332], [16.910799833333332, 78.66169133333332], [16.910799166666667, 78.66169133333332], [16.91079866666667, 78.66169133333332], [16.910798166666666, 78.66169133333332], [16.910797666666667, 78.66169133333332], [16.91079716666667, 78.66169133333332], [16.9107965, 78.66169133333332], [16.910795833333335, 78.66169133333332], [16.910795, 78.6616915], [16.910794333333335, 78.6616915], [16.9107935, 78.6616915], [16.910792833333335, 78.6616915], [16.910792333333333, 78.66169133333332], [16.910791500000002, 78.66169133333332], [16.910790666666667, 78.66169133333332], [16.910790000000002, 78.66169133333332], [16.910789, 78.66169133333332], [16.91078816666667, 78.66169133333332], [16.910787333333335, 78.66169133333332], [16.910786499999997, 78.66169133333332], [16.910785833333332, 78.66169133333332], [16.910785166666667, 78.66169133333332], [16.9107845, 78.66169133333332], [16.910783833333333, 78.66169116666667], [16.91078333333333, 78.66169116666667], [16.910782666666666, 78.66169116666667], [16.910782333333334, 78.661691], [16.9107815, 78.661691], [16.910781, 78.661691], [16.910780166666665, 78.661691], [16.910779666666667, 78.66169083333332], [16.910778999999998, 78.66169083333332], [16.910778166666667, 78.66169083333332], [16.9107775, 78.66169083333332], [16.910776666666667, 78.66169083333332], [16.910775833333332, 78.66169083333332], [16.910775166666667, 78.66169083333332], [16.9107745, 78.66169066666666], [16.9107735, 78.66169066666666], [16.910772833333333, 78.66169066666666], [16.910772333333334, 78.66169066666666], [16.910771833333335, 78.66169066666666], [16.910771166666667, 78.66169066666666], [16.910770333333335, 78.66169066666666], [16.9107695, 78.6616905], [16.910768833333336, 78.6616905], [16.910768333333333, 78.6616905], [16.910767833333335, 78.6616905], [16.910767, 78.6616905], [16.910766000000002, 78.6616905], [16.910765166666668, 78.6616905], [16.91076466666667, 78.6616905], [16.91076416666667, 78.6616905], [16.910763499999998, 78.66169066666666], [16.910762666666667, 78.6616905], [16.910761833333332, 78.66169066666666], [16.9107615, 78.66169066666666], [16.910760999999997, 78.66169066666666], [16.910760333333332, 78.66169066666666], [16.910759666666667, 78.66169083333332], [16.910759, 78.66169083333332], [16.9107585, 78.66169083333332], [16.91075783333333, 78.66169083333332], [16.910757166666667, 78.66169083333332], [16.910756499999998, 78.661691], [16.910755666666667, 78.661691], [16.910754999999998, 78.661691], [16.910754666666666, 78.661691], [16.910754166666667, 78.66169116666667], [16.91075366666667, 78.66169116666667], [16.910753, 78.66169116666667], [16.9107525, 78.66169116666667], [16.910751833333332, 78.66169116666667], [16.9107515, 78.66169116666667], [16.910751, 78.66169133333332], [16.910750333333333, 78.66169133333332], [16.910749666666668, 78.6616915], [16.91074916666667, 78.6616915], [16.910748833333333, 78.6616915], [16.9107485, 78.6616915], [16.910747833333335, 78.66169166666667], [16.910747333333333, 78.66169166666667], [16.910747, 78.66169166666667], [16.910746333333336, 78.66169166666667], [16.910745833333333, 78.66169166666667], [16.91074516666667, 78.66169183333334], [16.9107445, 78.66169183333334], [16.910743833333335, 78.66169199999999], [16.91074316666667, 78.66169199999999], [16.9107425, 78.66169216666667], [16.910742000000003, 78.66169216666667], [16.91074133333333, 78.66169216666667], [16.910740833333332, 78.66169233333333], [16.9107405, 78.66169233333333], [16.910739999999997, 78.66169216666667], [16.9107395, 78.66169233333333], [16.910738833333333, 78.66169233333333], [16.910738166666665, 78.66169233333333], [16.910737333333334, 78.66169233333333], [16.91073683333333, 78.66169233333333], [16.910736166666666, 78.6616925], [16.910735666666667, 78.6616925], [16.910735, 78.6616925], [16.910734333333334, 78.66169266666667], [16.910733666666665, 78.66169266666667], [16.910733166666667, 78.66169266666667], [16.910732833333334, 78.66169266666667], [16.910732333333332, 78.66169266666667], [16.910731666666667, 78.66169266666667], [16.910730833333332, 78.66169266666667], [16.9107305, 78.66169266666667], [16.910729833333335, 78.66169266666667], [16.910729, 78.66169266666667], [16.910728333333335, 78.66169266666667], [16.910727666666666, 78.66169266666667], [16.910727, 78.66169266666667], [16.9107265, 78.66169266666667], [16.910725833333334, 78.66169266666667], [16.91072516666667, 78.6616925], [16.910724666666667, 78.6616925], [16.910724000000002, 78.6616925], [16.910723333333333, 78.6616925], [16.91072266666667, 78.6616925], [16.910722, 78.6616925], [16.9107215, 78.6616925], [16.910721000000002, 78.66169266666667], [16.9107205, 78.6616925], [16.91072, 78.6616925], [16.91071966666667, 78.6616925], [16.91071916666667, 78.6616925], [16.910718666666664, 78.6616925], [16.91071833333333, 78.66169233333333], [16.910717666666667, 78.66169233333333], [16.910717166666664, 78.66169233333333], [16.910716666666666, 78.66169233333333], [16.910716166666667, 78.66169216666667], [16.910715666666665, 78.66169216666667], [16.910715, 78.66169216666667], [16.91071433333333, 78.66169216666667], [16.910714, 78.66169199999999], [16.9107135, 78.66169183333334], [16.910712999999998, 78.66169183333334], [16.910712666666665, 78.66169166666667], [16.910712166666666, 78.66169166666667], [16.910711666666668, 78.66169166666667], [16.910711166666665, 78.6616915], [16.910710666666667, 78.6616915], [16.910710166666668, 78.6616915], [16.910709666666666, 78.6616915], [16.910709, 78.66169133333332], [16.9107085, 78.66169133333332], [16.910708, 78.66169133333332], [16.9107075, 78.66169116666667], [16.91070716666667, 78.66169116666667], [16.910706666666666, 78.661691], [16.910706333333334, 78.661691], [16.910706, 78.66169083333332], [16.9107055, 78.66169083333332], [16.910704833333334, 78.66169083333332], [16.910704333333335, 78.66169066666666], [16.910703833333333, 78.66169066666666], [16.910703166666668, 78.66169066666666], [16.910702166666667, 78.66169066666666], [16.910701, 78.6616905], [16.91069966666667, 78.66169016666666], [16.9106975, 78.66168966666667], [16.910695166666667, 78.661689], [16.9106925, 78.66168850000001], [16.91069033333333, 78.66168783333333], [16.910687833333334, 78.66168716666667], [16.910684833333335, 78.66168666666667], [16.910681833333335, 78.66168616666667], [16.910677500000002, 78.66168583333334], [16.910673, 78.6616855], [16.910667999999998, 78.6616855], [16.910663, 78.66168533333332], [16.910658333333334, 78.66168533333332], [16.910654, 78.66168533333332], [16.910649999999997, 78.66168566666667], [16.910646333333332, 78.66168599999999], [16.910643333333333, 78.6616865], [16.910640666666666, 78.661687], [16.910637666666666, 78.6616875], [16.910635, 78.66168833333333], [16.9106335, 78.66168883333333], [16.910632333333336, 78.66168933333333], [16.9106315, 78.66168983333334], [16.9106305, 78.66169033333334], [16.91063, 78.66169083333332], [16.910629833333335, 78.66169133333332], [16.91063, 78.66169183333334], [16.910630333333334, 78.66169233333333], [16.91063116666667, 78.66169283333333], [16.910632, 78.66169333333333], [16.910634166666668, 78.66169366666666], [16.9106365, 78.66169416666666], [16.910639, 78.66169466666666], [16.910642166666666, 78.661695], [16.910646, 78.6616955], [16.91064983333333, 78.66169566666667], [16.910653833333335, 78.66169583333334], [16.910657333333333, 78.66169599999999], [16.910661666666666, 78.66169583333334], [16.910665666666667, 78.66169599999999], [16.910669499999997, 78.66169599999999], [16.910672666666667, 78.66169599999999], [16.91067566666667, 78.66169599999999], [16.910678166666667, 78.66169583333334], [16.9106805, 78.6616955], [16.910682833333333, 78.66169533333333], [16.910685166666667, 78.66169516666668], [16.910687499999998, 78.66169516666668], [16.910689833333333, 78.661695], [16.910692166666667, 78.661695], [16.910694666666664, 78.66169483333333], [16.910697333333335, 78.66169466666666], [16.91069966666667, 78.66169450000001], [16.9107025, 78.66169450000001], [16.910705833333335, 78.66169466666666], [16.910709, 78.66169483333333], [16.910712, 78.661695], [16.910715166666666, 78.66169533333333], [16.910717499999997, 78.6616955], [16.910719833333335, 78.66169583333334], [16.910722, 78.66169633333334], [16.910724166666668, 78.66169666666666], [16.910726166666667, 78.661697], [16.91072816666667, 78.66169733333332], [16.910730333333333, 78.66169766666667], [16.910732333333332, 78.66169799999999], [16.9107345, 78.66169833333333], [16.910736666666665, 78.66169866666668], [16.910738666666667, 78.661699], [16.910740666666666, 78.66169933333335], [16.91074216666667, 78.66169966666666], [16.910743833333335, 78.66170000000001], [16.910745333333335, 78.66170033333333], [16.910746833333334, 78.66170066666668], [16.910748333333334, 78.661701], [16.910749666666668, 78.66170133333334], [16.910751333333334, 78.66170166666667], [16.910752666666667, 78.661702], [16.910754, 78.66170233333334], [16.910755166666668, 78.66170266666667], [16.910756499999998, 78.66170283333332], [16.91075783333333, 78.66170316666667], [16.910759, 78.6617035], [16.910760166666666, 78.66170383333333], [16.910761333333333, 78.661704], [16.910762499999997, 78.66170433333333], [16.91076383333333, 78.66170466666668], [16.910765, 78.661705], [16.910766000000002, 78.66170533333334], [16.91076716666667, 78.66170566666666], [16.910768166666667, 78.66170600000001], [16.910769166666668, 78.66170633333333], [16.910770333333335, 78.66170666666667], [16.910771333333333, 78.66170683333333], [16.9107725, 78.66170716666667], [16.9107735, 78.66170749999999], [16.9107745, 78.66170766666667], [16.910775333333333, 78.661708], [16.91077616666667, 78.66170816666666], [16.910777166666666, 78.6617085], [16.910778, 78.66170866666667], [16.910778999999998, 78.661709], [16.91078, 78.66170916666667], [16.910781, 78.6617095], [16.91078183333333, 78.66170966666667], [16.910782666666666, 78.66171], [16.910783499999997, 78.66171016666667], [16.9107845, 78.66171033333333], [16.910785333333333, 78.66171066666668], [16.910785999999998, 78.66171083333333], [16.910786833333336, 78.661711], [16.9107875, 78.66171116666666], [16.910788333333336, 78.66171133333334], [16.910789, 78.6617115], [16.910790000000002, 78.66171166666666], [16.910790833333333, 78.66171183333333], [16.910791500000002, 78.66171200000001], [16.910792166666667, 78.66171216666666], [16.910793, 78.66171233333333], [16.9107935, 78.66171250000001], [16.91079416666667, 78.66171266666667], [16.910794833333334, 78.66171283333333], [16.9107955, 78.66171299999999], [16.910796166666668, 78.66171316666667], [16.910796833333333, 78.66171333333334], [16.91079716666667, 78.66171349999999], [16.910797666666667, 78.66171366666667], [16.910798, 78.66171383333334], [16.910798333333332, 78.66171383333334], [16.910798833333335, 78.66171416666666], [16.910799333333333, 78.66171416666666], [16.9107995, 78.66171433333334], [16.910800166666668, 78.6617145], [16.9108005, 78.66171466666667], [16.910800833333333, 78.66171483333332], [16.910801333333332, 78.661715], [16.910801666666668, 78.66171516666667], [16.910802166666667, 78.66171533333333], [16.910802666666665, 78.6617155], [16.91080283333333, 78.66171566666667], [16.910803166666668, 78.661716], [16.9108035, 78.66171616666666], [16.910803833333333, 78.66171633333333], [16.910804166666665, 78.6617165], [16.910804499999998, 78.66171666666668], [16.910804833333334, 78.66171683333333], [16.910805, 78.661717], [16.910805333333332, 78.66171716666666], [16.910805666666665, 78.66171733333334], [16.910805999999997, 78.6617175], [16.910806333333333, 78.66171766666666], [16.910806833333332, 78.66171783333333], [16.910807, 78.66171800000001], [16.91080733333333, 78.66171833333333], [16.91080733333333, 78.6617185], [16.910807833333333, 78.66171866666667], [16.910807833333333, 78.66171883333332], [16.910808, 78.66171916666667], [16.910808166666666, 78.66171933333334], [16.910808333333332, 78.66171949999999], [16.910808499999998, 78.66171983333334], [16.910808666666664, 78.66172], [16.910808999999997, 78.66172033333334], [16.910809166666663, 78.6617205], [16.910809333333336, 78.66172066666667], [16.91080966666667, 78.661721], [16.910809833333335, 78.66172116666667], [16.91081, 78.66172133333333], [16.910810166666668, 78.66172166666666], [16.910810333333334, 78.66172183333333], [16.910810333333334, 78.66172216666668], [16.910810333333334, 78.66172233333333], [16.910810333333334, 78.66172266666668], [16.910810166666668, 78.661723], [16.910810333333334, 78.66172316666666], [16.9108105, 78.66172333333334], [16.9108105, 78.66172366666666], [16.910810666666666, 78.66172383333333], [16.910810833333336, 78.661724], [16.910811000000002, 78.66172416666667], [16.910811000000002, 78.66172433333332], [16.91081116666667, 78.66172466666667], [16.91081116666667, 78.66172499999999], [16.910811333333335, 78.66172516666667], [16.910811333333335, 78.6617255], [16.910811666666667, 78.66172566666667], [16.910811833333334, 78.66172583333334], [16.910812, 78.66172616666667], [16.910812166666666, 78.66172633333333], [16.910812333333336, 78.6617265], [16.910812333333336, 78.66172683333333], [16.910812333333336, 78.661727], [16.910812333333336, 78.66172733333333], [16.910812166666666, 78.66172766666666], [16.910812, 78.66172783333333], [16.910811833333334, 78.66172816666668], [16.910811666666667, 78.66172833333333], [16.9108115, 78.66172866666668], [16.9108115, 78.66172883333334], [16.9108115, 78.66172916666666], [16.9108115, 78.66172933333334], [16.9108115, 78.6617295], [16.9108115, 78.66172983333333], [16.9108115, 78.66173], [16.910811333333335, 78.66173033333332], [16.910811333333335, 78.6617305], [16.91081116666667, 78.66173083333334], [16.910810833333336, 78.66173099999999], [16.9108105, 78.66173116666667], [16.910810333333334, 78.6617315], [16.91081, 78.66173166666667], [16.910809833333335, 78.66173183333333], [16.91080966666667, 78.661732], [16.910809500000003, 78.66173216666667], [16.910809333333336, 78.6617325], [16.910809166666663, 78.66173266666667], [16.910809166666663, 78.661733], [16.910808999999997, 78.66173316666666], [16.91080883333333, 78.66173333333333], [16.910808666666664, 78.66173366666666], [16.910808499999998, 78.66173383333333], [16.910808666666664, 78.661734], [16.910808666666664, 78.66173433333333], [16.910808499999998, 78.6617345], [16.910808333333332, 78.66173466666667], [16.910808333333332, 78.66173483333334], [16.910808333333332, 78.661735], [16.910808166666666, 78.66173516666666], [16.910807833333333, 78.66173533333334], [16.910807666666663, 78.6617355], [16.910807499999997, 78.66173566666666], [16.91080733333333, 78.66173583333332], [16.91080733333333, 78.661736], [16.910807166666665, 78.66173616666667], [16.910807, 78.66173633333332], [16.910806833333332, 78.6617365], [16.910806833333332, 78.66173666666667], [16.910806666666666, 78.66173683333334], [16.9108065, 78.66173699999999], [16.910806333333333, 78.66173716666667], [16.910806166666667, 78.66173733333333], [16.910805666666665, 78.66173766666667], [16.910805333333332, 78.66173783333333], [16.910805, 78.661738], [16.910805, 78.661738], [16.910804666666667, 78.66173816666667], [16.91080433333333, 78.66173833333333], [16.91080433333333, 78.6617385], [16.910804166666665, 78.6617385], [16.910804, 78.66173866666666], [16.910803833333333, 78.66173883333333], [16.910803666666666, 78.661739], [16.9108035, 78.661739], [16.910803333333334, 78.66173916666666], [16.910803166666668, 78.66173933333333], [16.910802999999998, 78.66173950000001], [16.91080283333333, 78.66173966666666], [16.910802666666665, 78.66173966666666], [16.910802999999998, 78.66173983333333], [16.910803666666666, 78.66174], [16.910805, 78.66174], [16.910807, 78.66174016666668], [16.910809500000003, 78.66174016666668], [16.910813166666667, 78.66174016666668], [16.910816833333335, 78.66174033333333], [16.91082, 78.66174016666668], [16.910823333333333, 78.66173983333333], [16.910826666666665, 78.66173966666666], [16.910829333333332, 78.66173950000001], [16.910831833333337, 78.66173916666666], [16.910833333333336, 78.66173883333333], [16.910834666666666, 78.66173833333333], [16.91083516666667, 78.661738], [16.910836166666666, 78.6617375], [16.910836833333335, 78.66173699999999], [16.9108375, 78.6617365], [16.910838166666668, 78.66173616666667], [16.9108385, 78.66173583333332], [16.910838833333333, 78.6617355], [16.910839333333335, 78.661735], [16.9108395, 78.66173466666667], [16.910839666666668, 78.66173433333333], [16.910839833333334, 78.66173383333333], [16.910839666666668, 78.66173333333333], [16.910839666666668, 78.66173283333333], [16.910839666666668, 78.66173233333333], [16.9108395, 78.66173166666667], [16.910839333333335, 78.66173099999999], [16.910839333333335, 78.6617305], [16.910838833333333, 78.66172983333333], [16.9108385, 78.66172916666666], [16.910837833333336, 78.6617285], [16.910837333333333, 78.66172783333333], [16.910837, 78.66172716666667], [16.910836333333336, 78.6617265], [16.910835666666667, 78.66172583333334], [16.910835000000002, 78.66172533333334], [16.910834333333334, 78.66172466666667], [16.91083366666667, 78.661724], [16.910833, 78.66172350000001], [16.91083216666667, 78.661723], [16.910830999999998, 78.6617225], [16.910829666666665, 78.66172216666668], [16.910828499999997, 78.661722], [16.91082683333333, 78.66172183333333], [16.910825166666665, 78.66172183333333], [16.910823833333332, 78.66172183333333], [16.910822333333332, 78.66172166666666], [16.910820833333332, 78.66172150000001], [16.9108195, 78.66172133333333], [16.910818166666665, 78.66172116666667], [16.910816666666665, 78.661721], [16.910815333333336, 78.66172066666667], [16.910814000000002, 78.6617205], [16.910813, 78.66172016666665], [16.910811666666667, 78.66171983333334], [16.910810333333334, 78.66171949999999], [16.910809333333336, 78.66171916666667], [16.910808333333332, 78.66171899999999], [16.91080733333333, 78.66171866666667], [16.910806333333333, 78.66171833333333], [16.910805333333332, 78.66171800000001], [16.910804499999998, 78.66171783333333], [16.910803666666666, 78.6617175], [16.910802333333333, 78.66171733333334], [16.910801333333332, 78.66171716666666], [16.910800666666667, 78.66171683333333], [16.9107995, 78.66171666666668], [16.910798333333332, 78.6617165], [16.91079716666667, 78.66171616666666], [16.910796333333334, 78.66171583333333], [16.910795833333335, 78.66171566666667], [16.910794833333334, 78.66171533333333], [16.910794, 78.66171516666667], [16.910793333333334, 78.66171483333332], [16.910792333333333, 78.66171466666667], [16.910791500000002, 78.6617145], [16.910790666666667, 78.66171416666666], [16.910789833333336, 78.661714], [16.910789, 78.66171383333334], [16.910788333333336, 78.66171366666667], [16.910787666666668, 78.66171333333334], [16.910787000000003, 78.66171316666667], [16.910786166666664, 78.66171283333333], [16.910785333333333, 78.66171266666667], [16.910784666666665, 78.66171250000001], [16.910783666666667, 78.66171233333333], [16.910782833333332, 78.66171200000001], [16.91078183333333, 78.66171183333333], [16.910780833333334, 78.66171166666666], [16.910779666666667, 78.6617115], [16.910778666666666, 78.66171133333334], [16.910777666666668, 78.66171116666666], [16.910776833333333, 78.661711], [16.910776, 78.66171083333333], [16.910775166666667, 78.66171066666668], [16.910774166666666, 78.6617105], [16.910773333333335, 78.6617105], [16.910772166666668, 78.66171033333333], [16.910771, 78.66171016666667], [16.91077, 78.66171], [16.910768833333336, 78.66171], [16.910767500000002, 78.66170983333333], [16.910766333333335, 78.66170966666667], [16.910765333333334, 78.6617095], [16.910764333333336, 78.66170933333333], [16.910763166666666, 78.66170933333333], [16.910762, 78.66170916666667], [16.910760999999997, 78.661709], [16.91076, 78.66170883333332], [16.910758833333333, 78.66170866666667], [16.91075783333333, 78.6617085], [16.910757, 78.6617085], [16.910756, 78.66170833333334], [16.910755166666668, 78.66170833333334], [16.910754166666667, 78.66170816666666], [16.910753, 78.66170816666666], [16.91075216666667, 78.661708], [16.910751, 78.66170783333334], [16.91075, 78.66170766666667], [16.910748833333333, 78.66170766666667], [16.910747833333335, 78.66170749999999], [16.910746666666668, 78.66170749999999], [16.9107455, 78.66170733333334], [16.910744333333334, 78.66170733333334], [16.91074366666667, 78.66170733333334], [16.9107425, 78.66170716666667], [16.91074166666667, 78.66170716666667], [16.910740666666666, 78.66170699999999], [16.91073983333333, 78.66170699999999], [16.910739166666666, 78.66170699999999], [16.910738166666665, 78.66170683333333], [16.910737166666667, 78.66170683333333], [16.910736333333332, 78.66170666666667], [16.91073533333333, 78.66170666666667], [16.910734333333334, 78.66170650000001], [16.910733666666665, 78.66170650000001], [16.910732666666668, 78.66170650000001], [16.910731833333333, 78.66170633333333], [16.910731, 78.66170633333333], [16.910730333333333, 78.66170633333333], [16.910729833333335, 78.66170616666666], [16.910729333333332, 78.66170616666666], [16.910728833333334, 78.66170600000001], [16.9107285, 78.66170600000001], [16.910727833333333, 78.66170600000001], [16.910727166666668, 78.66170583333333], [16.910726333333333, 78.66170583333333], [16.910725666666668, 78.66170583333333], [16.910724833333333, 78.66170566666666], [16.910723833333336, 78.66170566666666], [16.910723333333333, 78.66170566666666], [16.91072266666667, 78.6617055], [16.91072216666667, 78.6617055], [16.910721333333335, 78.66170533333334], [16.9107205, 78.66170533333334], [16.91071966666667, 78.66170533333334], [16.910718499999998, 78.66170533333334], [16.910717666666667, 78.66170516666666], [16.910716833333332, 78.66170516666666], [16.91071583333333, 78.661705], [16.910714833333333, 78.661705], [16.910713833333332, 78.661705], [16.910712999999998, 78.66170483333333], [16.910712166666666, 78.66170483333333], [16.91071133333333, 78.66170483333333], [16.910710333333334, 78.66170466666668], [16.910709166666667, 78.66170466666668], [16.910708333333332, 78.66170466666668], [16.910707666666667, 78.66170466666668], [16.910706666666666, 78.66170466666668], [16.91070566666667, 78.6617045], [16.910705, 78.6617045], [16.910704, 78.6617045], [16.910703, 78.6617045], [16.910702, 78.6617045], [16.91070116666667, 78.66170433333333], [16.910700000000002, 78.66170433333333], [16.910699, 78.66170433333333], [16.910697833333334, 78.66170433333333], [16.910696833333336, 78.66170433333333], [16.91069583333333, 78.66170416666667], [16.910694499999998, 78.66170416666667], [16.910693499999997, 78.66170416666667], [16.910692333333333, 78.66170416666667], [16.910691333333332, 78.66170416666667], [16.910690166666665, 78.66170416666667], [16.910689333333334, 78.661704], [16.910688333333333, 78.661704], [16.910687166666666, 78.661704], [16.910686, 78.661704], [16.910684833333335, 78.661704], [16.910683666666667, 78.661704], [16.910682666666666, 78.661704], [16.91068166666667, 78.661704], [16.9106805, 78.66170383333333], [16.910679333333334, 78.661704], [16.910678333333333, 78.66170383333333], [16.910677500000002, 78.66170383333333], [16.910676333333335, 78.66170383333333], [16.91067566666667, 78.66170366666667], [16.910674833333335, 78.66170366666667], [16.91067383333333, 78.66170366666667], [16.910672833333333, 78.66170366666667], [16.910671999999998, 78.66170366666667], [16.910671166666667, 78.66170366666667], [16.910670166666666, 78.6617035], [16.91066933333333, 78.6617035], [16.9106685, 78.6617035], [16.91066783333333, 78.6617035], [16.910667333333333, 78.6617035], [16.91066633333333, 78.6617035], [16.9106655, 78.6617035], [16.910664666666666, 78.6617035], [16.910663666666668, 78.66170333333334], [16.910662666666667, 78.66170333333334], [16.9106615, 78.66170333333334], [16.910660333333333, 78.66170333333334], [16.910658833333333, 78.66170316666667], [16.910657, 78.66170316666667], [16.9106545, 78.66170333333334], [16.910651499999997, 78.66170333333334], [16.91064833333333, 78.6617035], [16.91064533333333, 78.66170383333333], [16.910642666666668, 78.66170433333333], [16.910640166666667, 78.66170516666666], [16.910637666666666, 78.66170600000001], [16.910635666666668, 78.66170699999999], [16.910634166666668, 78.661708], [16.910632833333334, 78.66170883333332], [16.91063216666667, 78.66171], [16.91063116666667, 78.66171083333333], [16.91063116666667, 78.66171183333333], [16.910632, 78.66171266666667], [16.910632833333334, 78.66171349999999], [16.910634833333333, 78.66171466666667], [16.910637666666666, 78.6617155], [16.91064, 78.66171633333333], [16.910643166666667, 78.661717], [16.910646166666666, 78.6617175], [16.910649666666664, 78.66171800000001], [16.910653, 78.66171833333333], [16.910656333333336, 78.66171833333333], [16.910659833333334, 78.66171833333333], [16.9106635, 78.66171816666666], [16.910666166666665, 78.66171783333333], [16.9106685, 78.6617175], [16.910669833333333, 78.66171733333334], [16.910671666666666, 78.661717], [16.910673666666664, 78.66171666666668], [16.91067566666667, 78.66171633333333], [16.91067766666667, 78.661716], [16.910679833333333, 78.66171583333333], [16.910682, 78.6617155], [16.910684, 78.66171516666667], [16.910685666666666, 78.66171516666667], [16.910687666666668, 78.66171516666667], [16.9106895, 78.661715], [16.910691333333332, 78.661715], [16.910693, 78.661715], [16.910695166666667, 78.661715], [16.910697833333334, 78.66171516666667], [16.910700666666667, 78.66171516666667], [16.910703333333334, 78.66171516666667], [16.910706, 78.66171516666667], [16.910709, 78.66171533333333], [16.910711666666668, 78.66171516666667], [16.910714499999997, 78.66171516666667], [16.91071733333333, 78.66171516666667], [16.910719833333335, 78.66171516666667], [16.910722333333336, 78.66171516666667], [16.910724666666667, 78.66171516666667], [16.910727, 78.66171516666667], [16.910729166666666, 78.66171516666667], [16.910731166666668, 78.661715], [16.910733166666667, 78.661715], [16.91073533333333, 78.66171483333332], [16.9107375, 78.661715], [16.910739333333332, 78.661715], [16.910741499999997, 78.661715], [16.910743500000002, 78.661715], [16.9107455, 78.661715], [16.9107475, 78.661715], [16.910749666666668, 78.66171516666667], [16.9107515, 78.66171516666667], [16.910753333333332, 78.66171516666667], [16.910754999999998, 78.66171516666667], [16.910756499999998, 78.66171516666667], [16.910758166666668, 78.66171516666667], [16.910759833333334, 78.66171516666667], [16.910761166666667, 78.66171533333333], [16.910762833333333, 78.66171533333333], [16.910764333333336, 78.66171533333333], [16.91076566666667, 78.6617155], [16.910767333333336, 78.66171566666667], [16.910769000000002, 78.66171566666667], [16.910770833333334, 78.66171566666667], [16.910772333333334, 78.66171583333333], [16.910774, 78.66171583333333], [16.910775666666666, 78.66171583333333], [16.910776666666667, 78.661716], [16.910777833333334, 78.66171616666666], [16.910779166666668, 78.66171616666666], [16.91078033333333, 78.66171633333333], [16.910781333333333, 78.66171633333333], [16.910782333333334, 78.6617165], [16.91078333333333, 78.66171666666668], [16.910784333333332, 78.66171666666668], [16.910785333333333, 78.66171683333333], [16.910786166666664, 78.66171683333333], [16.910786833333336, 78.661717], [16.9107875, 78.661717], [16.910788, 78.66171716666666], [16.91078866666667, 78.66171716666666], [16.910789166666667, 78.66171733333334], [16.910790000000002, 78.66171733333334], [16.910790833333333, 78.6617175], [16.910791500000002, 78.66171766666666], [16.910792166666667, 78.66171766666666], [16.910792833333335, 78.66171766666666], [16.910793833333333, 78.66171783333333], [16.910794333333335, 78.66171783333333], [16.910795333333333, 78.66171800000001], [16.910796, 78.66171800000001], [16.9107965, 78.66171800000001], [16.910797, 78.66171816666666], [16.910797333333335, 78.66171816666666], [16.910797833333334, 78.66171833333333], [16.910798333333332, 78.66171833333333], [16.910798833333335, 78.6617185], [16.910799666666666, 78.6617185], [16.9108005, 78.66171866666667], [16.910801166666666, 78.66171866666667], [16.910801833333334, 78.66171866666667], [16.9108025, 78.66171866666667], [16.910802999999998, 78.66171866666667], [16.9108035, 78.66171883333332], [16.910803833333333, 78.66171883333332], [16.910804166666665, 78.66171883333332], [16.910804833333334, 78.66171883333332], [16.9108055, 78.66171883333332], [16.910805999999997, 78.66171883333332], [16.910806666666666, 78.66171899999999], [16.91080733333333, 78.66171883333332], [16.910808, 78.66171883333332], [16.910808499999998, 78.66171899999999], [16.91080883333333, 78.66171899999999], [16.910809333333336, 78.66171899999999], [16.910809500000003, 78.66171899999999], [16.910809833333335, 78.66171899999999], [16.910810166666668, 78.66171899999999], [16.9108105, 78.66171899999999], [16.910810833333336, 78.66171916666667], [16.9108115, 78.66171916666667], [16.910812, 78.66171916666667], [16.910812833333335, 78.66171916666667], [16.9108135, 78.66171916666667], [16.910813833333336, 78.66171916666667], [16.91081416666667, 78.66171916666667], [16.9108145, 78.66171916666667], [16.910814666666667, 78.66171916666667], [16.910814833333333, 78.66171933333334], [16.910814833333333, 78.66171933333334], [16.910815, 78.66171933333334], [16.910815333333336, 78.66171933333334], [16.910815666666668, 78.66171933333334], [16.910816, 78.66171933333334], [16.910816333333333, 78.66171933333334], [16.910816833333335, 78.66171933333334], [16.910817333333334, 78.66171933333334], [16.910817666666667, 78.66171933333334], [16.910818, 78.66171949999999], [16.910818166666665, 78.66171949999999], [16.9108185, 78.66171949999999], [16.910818833333334, 78.66171949999999], [16.910819, 78.66171949999999], [16.910819333333333, 78.66171966666667], [16.9108195, 78.66171966666667], [16.91082, 78.66171966666667], [16.910820333333334, 78.66171966666667], [16.9108205, 78.66171983333334], [16.9108205, 78.66172], [16.910821, 78.66172], [16.910821166666665, 78.66172016666665], [16.9108215, 78.66172016666665], [16.910821833333333, 78.66172033333334], [16.910822166666666, 78.66172033333334], [16.9108225, 78.6617205], [16.910823166666667, 78.6617205], [16.9108235, 78.66172066666667], [16.910823833333332, 78.66172083333332], [16.910824166666664, 78.661721], [16.9108245, 78.661721], [16.910824833333333, 78.66172116666667], [16.910825166666665, 78.66172133333333], [16.910825666666664, 78.66172133333333], [16.910826166666666, 78.66172150000001], [16.910826666666665, 78.66172166666666], [16.910827166666664, 78.66172166666666], [16.910827833333332, 78.66172183333333], [16.91082833333333, 78.661722], [16.910828666666664, 78.66172216666668], [16.910829, 78.66172233333333], [16.9108295, 78.66172233333333], [16.910829999999997, 78.6617225], [16.910830333333333, 78.66172266666668], [16.910830666666666, 78.66172283333334], [16.910831166666664, 78.661723], [16.910831499999997, 78.66172316666666], [16.910831833333337, 78.66172333333334], [16.910832000000003, 78.66172333333334], [16.910832000000003, 78.66172350000001], [16.910831833333337, 78.66172366666666], [16.910832000000003, 78.661724], [16.91083216666667, 78.661724], [16.910832333333335, 78.66172416666667], [16.9108325, 78.6617245], [16.910832833333334, 78.6617245], [16.910833, 78.66172466666667], [16.910833333333336, 78.66172483333334], [16.910833500000003, 78.66172499999999], [16.91083366666667, 78.66172516666667], [16.910833833333335, 78.66172533333334], [16.910833833333335, 78.6617255], [16.910834166666667, 78.66172583333334], [16.9108345, 78.661726], [16.910834666666666, 78.66172616666667], [16.910834833333336, 78.66172633333333], [16.910835000000002, 78.6617265], [16.910835333333335, 78.66172666666667], [16.9108355, 78.66172683333333], [16.910835666666667, 78.66172716666667], [16.910835833333334, 78.66172716666667], [16.910835833333334, 78.66172750000001], [16.910835666666667, 78.66172766666666], [16.910835833333334, 78.66172783333333], [16.910836, 78.661728], [16.910836, 78.66172816666668], [16.910836166666666, 78.66172833333333], [16.910836333333336, 78.6617285], [16.910836500000002, 78.66172866666668], [16.910836500000002, 78.661729], [16.91083666666667, 78.66172916666666], [16.91083666666667, 78.66172933333334], [16.910836833333335, 78.66172966666666], [16.91083666666667, 78.66172983333333], [16.910836500000002, 78.66173016666667], [16.910836333333336, 78.66173033333332], [16.910836166666666, 78.66173066666667], [16.910836166666666, 78.66173083333334], [16.910836, 78.66173116666667], [16.910836, 78.66173133333334], [16.910836, 78.6617315], [16.910835833333334, 78.66173166666667], [16.910835833333334, 78.661732], [16.9108355, 78.66173216666667], [16.9108355, 78.66173233333333], [16.91083516666667, 78.6617325], [16.910835000000002, 78.66173266666667], [16.910835000000002, 78.66173283333333], [16.910835000000002, 78.661733], [16.910834833333336, 78.66173316666666], [16.910835000000002, 78.66173333333333], [16.910834833333336, 78.66173350000001], [16.910835000000002, 78.66173366666666], [16.910835000000002, 78.66173383333333], [16.910835000000002, 78.661734], [16.91083516666667, 78.66173433333333], [16.910835000000002, 78.6617345], [16.910835000000002, 78.66173466666667], [16.910834833333336, 78.66173483333334], [16.910834666666666, 78.661735], [16.910834833333336, 78.66173516666666], [16.910834833333336, 78.66173533333334], [16.910834666666666, 78.66173533333334], [16.910834666666666, 78.6617355], [16.910834666666666, 78.66173566666666], [16.910834833333336, 78.66173583333332], [16.910834666666666, 78.66173583333332], [16.910834833333336, 78.661736], [16.910835000000002, 78.661736], [16.910834833333336, 78.66173616666667], [16.910834666666666, 78.66173616666667], [16.910834833333336, 78.66173633333332], [16.910834833333336, 78.6617365], [16.910834833333336, 78.6617365], [16.910834833333336, 78.66173666666667], [16.910834666666666, 78.66173683333334], [16.910834333333334, 78.66173699999999], [16.910834166666667, 78.66173716666667], [16.910834166666667, 78.66173716666667], [16.9108345, 78.66173733333333], [16.9108345, 78.6617375], [16.9108345, 78.66173766666667], [16.910834666666666, 78.66173766666667], [16.910834833333336, 78.66173766666667], [16.910834833333336, 78.66173783333333], [16.910834833333336, 78.66173783333333], [16.910834666666666, 78.66173783333333], [16.910834166666667, 78.66173783333333], [16.910833833333335, 78.66173783333333], [16.91083366666667, 78.66173783333333], [16.91083366666667, 78.66173783333333], [16.91083366666667, 78.66173783333333], [16.910833500000003, 78.661738], [16.910833500000003, 78.661738], [16.910833333333336, 78.66173816666667], [16.910833, 78.66173833333333], [16.910832333333335, 78.66173866666666], [16.910830999999998, 78.66173916666666], [16.9108295, 78.66173983333333], [16.9108275, 78.66174033333333], [16.9108245, 78.66174083333334], [16.910821666666667, 78.66174133333334], [16.9108185, 78.661742], [16.910815, 78.66174233333332], [16.910810833333336, 78.66174233333332], [16.910807499999997, 78.66174233333332], [16.910804666666667, 78.66174216666667], [16.910801833333334, 78.661742], [16.910799166666667, 78.66174166666666], [16.910797833333334, 78.6617415], [16.910796, 78.66174133333334], [16.910795, 78.66174133333334], [16.910794333333335, 78.66174099999999], [16.910794833333334, 78.66174116666666], [16.910795333333333, 78.66174099999999], [16.910795166666666, 78.66174099999999], [16.910794833333334, 78.66174083333334], [16.910794333333335, 78.66174066666667], [16.910793666666667, 78.66174066666667], [16.91079266666667, 78.6617405], [16.910791666666668, 78.6617405], [16.910790333333335, 78.66174033333333], [16.910789, 78.66174], [16.910788, 78.66173966666666], [16.9107875, 78.66173933333333], [16.91078666666667, 78.661739], [16.910785999999998, 78.6617385], [16.9107855, 78.66173833333333], [16.910784999999997, 78.661738], [16.910784333333332, 78.66173766666667], [16.910783666666667, 78.6617375], [16.910783499999997, 78.66173716666667], [16.91078333333333, 78.66173666666667], [16.910782833333332, 78.66173616666667], [16.910782333333334, 78.66173566666666], [16.910781333333333, 78.66173516666666], [16.910780666666668, 78.66173466666667], [16.910780166666665, 78.661734], [16.910779666666667, 78.66173350000001], [16.910778999999998, 78.66173316666666], [16.910778666666666, 78.66173266666667], [16.910778, 78.66173216666667], [16.910777166666666, 78.66173166666667], [16.91077616666667, 78.66173099999999], [16.910775166666667, 78.66173066666667], [16.9107745, 78.66173016666667], [16.910774, 78.66172966666666], [16.910773666666667, 78.66172916666666], [16.9107735, 78.66172866666668], [16.9107735, 78.66172816666668], [16.9107735, 78.66172783333333], [16.910773833333334, 78.66172750000001], [16.910774, 78.66172716666667], [16.910774166666666, 78.66172683333333], [16.910774333333332, 78.66172633333333], [16.9107745, 78.66172583333334], [16.9107745, 78.6617255], [16.91077466666667, 78.66172516666667], [16.9107745, 78.66172483333334], [16.91077466666667, 78.6617245], [16.91077466666667, 78.66172416666667], [16.91077466666667, 78.66172383333333], [16.9107745, 78.66172350000001], [16.9107745, 78.66172316666666], [16.910774333333332, 78.66172283333334], [16.910774166666666, 78.6617225], [16.910774, 78.66172216666668], [16.910773833333334, 78.661722], [16.910773833333334, 78.66172166666666], [16.9107735, 78.66172133333333], [16.910773333333335, 78.66172116666667], [16.91077316666667, 78.66172083333332], [16.910773, 78.6617205], [16.910772666666666, 78.66172033333334], [16.9107725, 78.66172], [16.910772166666668, 78.66171966666667], [16.910772, 78.66171949999999], [16.910772166666668, 78.66171933333334], [16.910772166666668, 78.66171899999999], [16.910771833333335, 78.66171883333332], [16.9107715, 78.6617185], [16.910771333333333, 78.66171833333333], [16.910771166666667, 78.66171800000001], [16.910770833333334, 78.66171783333333], [16.910770333333335, 78.6617175], [16.91077, 78.66171733333334], [16.9107695, 78.66171716666666], [16.910769166666668, 78.66171683333333], [16.910769000000002, 78.66171666666668], [16.91076866666667, 78.66171633333333], [16.910768166666667, 78.66171616666666], [16.910767833333335, 78.661716], [16.91076766666667, 78.66171566666667], [16.91076766666667, 78.6617155], [16.910767333333336, 78.66171533333333], [16.91076716666667, 78.661715], [16.910766666666667, 78.66171483333332], [16.910766333333335, 78.66171466666667], [16.910766000000002, 78.6617145], [16.910765833333336, 78.66171416666666], [16.910765166666668, 78.661714], [16.910764500000003, 78.66171383333334], [16.910763999999997, 78.66171349999999], [16.910763499999998, 78.66171333333334], [16.910763, 78.66171299999999], [16.910762499999997, 78.66171283333333], [16.910761833333332, 78.66171266666667], [16.9107615, 78.66171233333333], [16.910761166666667, 78.66171200000001], [16.910760666666665, 78.66171183333333], [16.910760166666666, 78.6617115], [16.910759666666667, 78.66171133333334], [16.910759166666665, 78.661711], [16.910758666666666, 78.66171083333333], [16.910757999999998, 78.6617105], [16.910757333333333, 78.66171033333333], [16.910756666666668, 78.66171], [16.910756, 78.66170983333333], [16.9107555, 78.66170966666667], [16.910755166666668, 78.66170933333333], [16.910754666666666, 78.66170916666667], [16.910754166666667, 78.661709], [16.910753833333334, 78.66170866666667], [16.910753333333332, 78.6617085], [16.910753, 78.66170833333334], [16.91075216666667, 78.66170816666666], [16.9107515, 78.66170783333334], [16.910751, 78.66170766666667], [16.910750333333333, 78.66170749999999], [16.910749833333334, 78.66170716666667], [16.91074916666667, 78.66170699999999], [16.910748666666667, 78.66170683333333], [16.910748333333334, 78.66170666666667], [16.910747833333335, 78.66170633333333], [16.9107475, 78.66170616666666], [16.910747, 78.66170600000001], [16.910746500000002, 78.66170583333333], [16.910746, 78.66170566666666], [16.910745333333335, 78.6617055], [16.910744833333336, 78.66170533333334], [16.910744333333334, 78.66170516666666], [16.910744, 78.661705], [16.910743500000002, 78.66170466666668], [16.910743, 78.6617045], [16.9107425, 78.66170433333333], [16.910742000000003, 78.66170416666667], [16.910741499999997, 78.661704], [16.910740999999998, 78.66170366666667], [16.9107405, 78.6617035], [16.91073983333333, 78.66170333333334], [16.9107395, 78.66170316666667], [16.910738833333333, 78.661703], [16.910738166666665, 78.661703], [16.9107375, 78.66170283333332], [16.910736999999997, 78.66170266666667], [16.910736333333332, 78.6617025], [16.910735833333334, 78.66170233333334], [16.91073533333333, 78.66170216666666], [16.910734833333333, 78.661702], [16.910734166666668, 78.66170183333334], [16.910733333333333, 78.66170166666667], [16.910732833333334, 78.66170133333334], [16.910732166666666, 78.66170116666667], [16.9107315, 78.661701], [16.910730833333332, 78.66170083333333], [16.910730333333333, 78.66170066666668], [16.910729833333335, 78.66170033333333], [16.910729166666666, 78.66170016666666], [16.910728666666667, 78.66170000000001], [16.910728, 78.66169983333333], [16.9107275, 78.66169966666666], [16.910726833333335, 78.6616995], [16.910726333333333, 78.66169933333335], [16.9107255, 78.66169916666666], [16.910724833333333, 78.661699], [16.910724333333334, 78.66169883333333], [16.910723833333336, 78.66169866666668], [16.910723333333333, 78.6616985], [16.91072266666667, 78.6616985], [16.910722333333336, 78.66169833333333], [16.910721833333334, 78.66169816666667], [16.910721000000002, 78.66169799999999], [16.910720333333334, 78.66169783333333], [16.910719500000003, 78.66169783333333], [16.910718999999997, 78.66169766666667], [16.91071833333333, 78.6616975], [16.910717666666667, 78.66169733333332], [16.910716999999998, 78.66169716666667], [16.910716333333333, 78.661697], [16.910715666666665, 78.66169683333332], [16.910715166666666, 78.66169666666666], [16.910714666666667, 78.6616965], [16.910714, 78.66169633333334], [16.910713333333334, 78.66169616666666], [16.91071283333333, 78.66169599999999], [16.910712333333333, 78.66169583333334], [16.910711666666668, 78.66169583333334], [16.910711, 78.66169566666667], [16.9107105, 78.66169533333333], [16.910709833333332, 78.66169533333333], [16.910709333333333, 78.66169516666668], [16.910708833333334, 78.661695], [16.910708166666666, 78.66169466666666], [16.9107075, 78.66169466666666], [16.910706833333332, 78.66169450000001], [16.910706166666667, 78.66169433333333], [16.91070566666667, 78.66169416666666], [16.910705166666666, 78.661694], [16.9107045, 78.66169383333333], [16.910704, 78.66169366666666], [16.9107035, 78.6616935], [16.910703166666668, 78.66169333333333], [16.910702833333335, 78.66169316666667], [16.910702333333333, 78.661693], [16.910701500000002, 78.66169283333333], [16.910701, 78.66169266666667], [16.9107005, 78.6616925], [16.910700000000002, 78.66169233333333], [16.910699333333334, 78.66169216666667], [16.910698833333335, 78.66169199999999], [16.910698, 78.66169183333334], [16.910697666666668, 78.66169166666667], [16.910697000000003, 78.6616915], [16.910696499999997, 78.66169133333332], [16.91069583333333, 78.66169116666667], [16.910695166666667, 78.66169116666667], [16.910694499999998, 78.661691], [16.910693833333333, 78.66169083333332], [16.910693, 78.66169066666666], [16.91069183333333, 78.66169033333334], [16.910690499999998, 78.66169016666666], [16.910688666666665, 78.66168983333334], [16.910686666666667, 78.6616895], [16.91068466666667, 78.661689], [16.9106825, 78.66168883333333], [16.91068, 78.66168866666666], [16.910677, 78.66168850000001], [16.910673999999997, 78.66168833333333], [16.910670333333332, 78.66168816666666], [16.910666166666665, 78.66168766666667], [16.910660833333335, 78.661687], [16.910654333333333, 78.66168633333334], [16.91064683333333, 78.6616855], [16.910638666666667, 78.66168466666666], [16.910628666666664, 78.66168383333334], [16.910618166666666, 78.66168316666668], [16.91060716666667, 78.66168250000001], [16.910596333333334, 78.661682], [16.910585, 78.66168166666667], [16.91057483333333, 78.66168166666667], [16.910564333333333, 78.661682], [16.910553999999998, 78.66168233333333], [16.910543500000003, 78.661683], [16.9105335, 78.661684], [16.910524000000002, 78.66168516666667], [16.91051633333333, 78.66168633333334], [16.910509833333332, 78.6616875], [16.910504500000002, 78.66168866666666], [16.910499666666666, 78.66169016666666], [16.91049566666667, 78.66169166666667], [16.910493166666665, 78.66169316666667], [16.910491999999998, 78.66169483333333], [16.910491, 78.66169633333334], [16.910491333333333, 78.66169833333333], [16.910491333333333, 78.66169983333333], [16.9104925, 78.66170133333334], [16.910494833333335, 78.661703], [16.910497666666668, 78.6617045], [16.910500666666668, 78.66170600000001], [16.910504166666666, 78.66170733333334], [16.910508, 78.66170866666667], [16.910512166666667, 78.66170983333333], [16.91051666666667, 78.66171116666666], [16.910521333333335, 78.66171250000001], [16.910526166666667, 78.66171366666667], [16.9105315, 78.66171483333332], [16.91053683333333, 78.661716], [16.910542000000003, 78.661717], [16.910547166666667, 78.66171783333333], [16.910552666666668, 78.66171866666667], [16.910558166666664, 78.66171949999999], [16.91056366666667, 78.66172033333334], [16.91056916666667, 78.661721], [16.91057483333333, 78.66172166666666], [16.910580333333332, 78.66172216666668], [16.910585833333336, 78.66172283333334], [16.910591333333333, 78.66172333333334], [16.910596833333333, 78.66172383333333], [16.910602166666667, 78.66172433333332], [16.910607666666667, 78.66172466666667], [16.910613166666668, 78.66172499999999], [16.910618499999998, 78.66172533333334], [16.910623833333332, 78.66172533333334], [16.910628666666664, 78.66172533333334], [16.9106335, 78.66172533333334], [16.91063816666667, 78.66172533333334], [16.910642833333334, 78.66172533333334], [16.9106475, 78.6617255], [16.910651833333336, 78.6617255], [16.910656333333336, 78.6617255], [16.91066066666667, 78.6617255], [16.910664999999998, 78.6617255], [16.91066933333333, 78.66172533333334], [16.910673499999998, 78.66172533333334], [16.910677500000002, 78.66172516666667], [16.9106815, 78.66172499999999], [16.910685166666667, 78.66172483333334], [16.9106885, 78.66172483333334], [16.91069183333333, 78.66172466666667], [16.910695166666667, 78.66172466666667], [16.91069816666667, 78.6617245], [16.910700833333333, 78.66172433333332], [16.910704, 78.661724], [16.910707, 78.66172383333333], [16.910709999999998, 78.66172366666666], [16.910712999999998, 78.66172350000001], [16.91071583333333, 78.66172333333334], [16.910718499999998, 78.66172316666666], [16.91072116666667, 78.661723], [16.91072366666667, 78.661723], [16.910725833333334, 78.66172283333334], [16.910728, 78.6617225], [16.910730166666667, 78.66172233333333], [16.910732499999998, 78.66172216666668], [16.910734666666666, 78.661722], [16.91073683333333, 78.66172166666666], [16.910739, 78.66172150000001], [16.910741166666664, 78.66172133333333], [16.910743333333336, 78.66172116666667], [16.910745333333335, 78.66172116666667], [16.910747333333333, 78.661721], [16.91074916666667, 78.66172083333332], [16.910750833333335, 78.66172066666667], [16.9107525, 78.6617205], [16.910754, 78.66172033333334], [16.910755666666667, 78.66172016666665], [16.910757166666667, 78.66172], [16.910758833333333, 78.66171983333334], [16.910760166666666, 78.66171966666667], [16.910761666666666, 78.66171949999999], [16.910762833333333, 78.66171933333334], [16.910763999999997, 78.66171916666667], [16.910765166666668, 78.66171899999999], [16.910766833333334, 78.66171883333332], [16.910768333333333, 78.66171866666667], [16.91077016666667, 78.66171866666667], [16.910771833333335, 78.6617185], [16.9107735, 78.66171833333333], [16.910775166666667, 78.66171816666666], [16.910776666666667, 78.66171800000001], [16.910778, 78.66171800000001], [16.910779333333334, 78.66171783333333], [16.910780833333334, 78.66171783333333], [16.910781999999998, 78.66171783333333], [16.910783166666665, 78.66171766666666], [16.9107845, 78.6617175], [16.910785833333332, 78.6617175], [16.910787000000003, 78.6617175], [16.91078816666667, 78.66171733333334], [16.910789333333334, 78.66171733333334], [16.910790333333335, 78.66171716666666], [16.910791666666668, 78.66171716666666], [16.910792833333335, 78.66171716666666], [16.910793833333333, 78.66171716666666], [16.910795, 78.661717], [16.910796333333334, 78.661717], [16.910797666666667, 78.66171683333333], [16.91079866666667, 78.66171683333333], [16.9108, 78.66171683333333], [16.910800833333333, 78.66171683333333], [16.910801833333334, 78.66171683333333], [16.910802666666665, 78.66171683333333], [16.9108035, 78.66171683333333], [16.910804499999998, 78.66171683333333], [16.910805666666665, 78.66171683333333], [16.910806666666666, 78.66171683333333], [16.910807833333333, 78.66171683333333], [16.91080883333333, 78.66171666666668], [16.910809833333335, 78.66171666666668], [16.9108105, 78.66171666666668], [16.910811000000002, 78.66171666666668], [16.910811666666667, 78.66171666666668], [16.910812333333336, 78.66171683333333], [16.910813, 78.66171666666668], [16.910813666666666, 78.66171666666668], [16.9108145, 78.66171666666668], [16.910815500000002, 78.66171666666668], [16.9108165, 78.66171666666668], [16.910817, 78.66171666666668], [16.910817833333333, 78.66171666666668], [16.9108185, 78.66171666666668], [16.910819166666666, 78.66171666666668], [16.9108195, 78.66171666666668], [16.91082, 78.66171666666668], [16.910820666666666, 78.66171666666668], [16.9108215, 78.66171666666668], [16.9108225, 78.66171666666668], [16.9108235, 78.6617165], [16.910824333333334, 78.6617165], [16.91082533333333, 78.6617165], [16.910826, 78.6617165], [16.910826666666665, 78.6617165], [16.910827166666664, 78.6617165], [16.910827666666666, 78.6617165], [16.91082833333333, 78.66171633333333], [16.910829, 78.66171633333333], [16.910829999999997, 78.66171633333333], [16.910830999999998, 78.66171633333333], [16.910832000000003, 78.66171633333333], [16.910832833333334, 78.66171633333333], [16.910833500000003, 78.66171633333333], [16.910834166666667, 78.66171633333333], [16.910834666666666, 78.66171633333333], [16.910835000000002, 78.66171633333333], [16.9108355, 78.66171633333333], [16.910836166666666, 78.66171633333333], [16.910836833333335, 78.66171633333333], [16.910837666666666, 78.66171633333333], [16.9108385, 78.66171633333333], [16.910839, 78.66171633333333], [16.910839666666668, 78.66171633333333], [16.910840166666667, 78.66171633333333], [16.910840666666665, 78.6617165], [16.910841166666668, 78.6617165], [16.910841833333333, 78.6617165], [16.910842333333335, 78.6617165], [16.910843, 78.6617165], [16.910843666666665, 78.6617165], [16.910844333333333, 78.6617165], [16.910844833333332, 78.6617165], [16.910845166666665, 78.6617165], [16.910845666666667, 78.66171666666668], [16.910846, 78.66171666666668], [16.910846499999998, 78.66171683333333], [16.910847166666667, 78.66171683333333], [16.91084783333333, 78.66171683333333], [16.910848333333334, 78.66171683333333], [16.910849, 78.66171683333333], [16.910849499999998, 78.661717], [16.91085, 78.661717], [16.910850166666666, 78.661717], [16.9108505, 78.661717], [16.91085083333333, 78.66171716666666], [16.910851166666664, 78.66171716666666], [16.910851833333332, 78.66171733333334], [16.91085233333333, 78.66171733333334], [16.910853166666666, 78.66171733333334], [16.91085383333333, 78.66171733333334], [16.910854333333337, 78.6617175], [16.910854833333335, 78.6617175], [16.910855166666668, 78.6617175], [16.9108555, 78.66171766666666], [16.910855833333336, 78.66171766666666], [16.91085616666667, 78.66171783333333], [16.910856666666668, 78.66171783333333], [16.910857500000002, 78.66171783333333], [16.910857833333335, 78.66171783333333], [16.910858333333334, 78.66171800000001], [16.9108585, 78.66171800000001], [16.910859000000002, 78.66171800000001], [16.91085916666667, 78.66171800000001], [16.910859333333335, 78.66171816666666], [16.9108595, 78.66171816666666], [16.910859833333333, 78.66171833333333], [16.910860333333336, 78.66171833333333], [16.910860833333334, 78.66171833333333], [16.9108615, 78.66171833333333], [16.910861833333335, 78.6617185], [16.910862333333334, 78.6617185], [16.9108625, 78.6617185], [16.910863, 78.66171866666667], [16.910863166666665, 78.66171866666667], [16.910863333333335, 78.66171866666667], [16.910863666666668, 78.66171883333332], [16.910864, 78.66171883333332], [16.910864333333333, 78.66171883333332], [16.910864833333335, 78.66171883333332], [16.910865, 78.66171883333332], [16.910865166666667, 78.66171899999999], [16.910865333333334, 78.66171899999999], [16.9108655, 78.66171899999999], [16.910865833333332, 78.66171916666667], [16.910866166666665, 78.66171916666667], [16.910866333333335, 78.66171916666667], [16.910866833333333, 78.66171933333334], [16.910867333333332, 78.66171933333334], [16.910867833333334, 78.66171933333334], [16.910868333333333, 78.66171933333334], [16.910868666666666, 78.66171949999999], [16.910868999999998, 78.66171949999999], [16.910869333333334, 78.66171949999999], [16.910869666666667, 78.66171949999999], [16.91087, 78.66171966666667], [16.910870499999998, 78.66171966666667], [16.910871, 78.66171966666667], [16.910871333333333, 78.66171966666667], [16.91087183333333, 78.66171966666667], [16.910872333333334, 78.66171983333334], [16.910872333333334, 78.66171983333334], [16.910872666666666, 78.66172], [16.910873, 78.66172], [16.910873166666665, 78.66172], [16.910873499999997, 78.66172], [16.910873833333333, 78.66172], [16.9108745, 78.66172016666665], [16.91087483333333, 78.66172016666665], [16.910875166666663, 78.66172016666665], [16.9108755, 78.66172016666665], [16.910875666666666, 78.66172033333334], [16.910876166666664, 78.66172033333334], [16.910876666666663, 78.6617205], [16.910877000000003, 78.6617205], [16.910877333333335, 78.6617205], [16.910877833333334, 78.6617205], [16.910878333333336, 78.6617205], [16.91087866666667, 78.6617205], [16.91087866666667, 78.6617205], [16.910878833333335, 78.66172066666667], [16.910879, 78.66172066666667], [16.910879, 78.66172066666667], [16.910879166666668, 78.66172083333332], [16.910879166666668, 78.66172083333332], [16.910879333333334, 78.661721], [16.910879666666666, 78.661721], [16.910879833333336, 78.661721], [16.910879833333336, 78.661721], [16.910879666666666, 78.66172116666667], [16.910879666666666, 78.66172116666667], [16.910879833333336, 78.66172133333333], [16.9108795, 78.66172133333333], [16.910879333333334, 78.66172133333333], [16.910879333333334, 78.66172133333333], [16.9108795, 78.66172150000001], [16.9108795, 78.66172150000001], [16.910879666666666, 78.66172150000001], [16.9108795, 78.66172150000001], [16.9108795, 78.66172150000001], [16.910879333333334, 78.66172166666666], [16.910879166666668, 78.66172166666666], [16.910879166666668, 78.66172183333333], [16.910879333333334, 78.66172183333333], [16.910879333333334, 78.66172183333333], [16.910879666666666, 78.661722], [16.910879833333336, 78.661722], [16.910879833333336, 78.661722], [16.910879666666666, 78.66172216666668], [16.910879833333336, 78.66172216666668], [16.910879833333336, 78.66172216666668], [16.910879833333336, 78.66172233333333], [16.9108795, 78.66172233333333], [16.910879666666666, 78.66172233333333], [16.910879666666666, 78.6617225], [16.9108795, 78.6617225], [16.910879333333334, 78.6617225], [16.910879333333334, 78.6617225], [16.910879166666668, 78.6617225], [16.910878833333335, 78.66172266666668], [16.910878500000003, 78.66172266666668], [16.910878, 78.66172266666668], [16.910877333333335, 78.66172283333334], [16.910877000000003, 78.66172283333334], [16.910876666666663, 78.661723], [16.910876499999997, 78.661723], [16.910876499999997, 78.66172316666666], [16.910876499999997, 78.66172316666666], [16.910876166666664, 78.66172316666666], [16.910876, 78.66172316666666], [16.910875833333332, 78.66172333333334], [16.910875666666666, 78.66172333333334], [16.910875666666666, 78.66172350000001], [16.910875833333332, 78.66172350000001], [16.910875833333332, 78.66172366666666], [16.910876166666664, 78.66172366666666], [16.910876, 78.66172383333333], [16.910876166666664, 78.66172383333333], [16.910875833333332, 78.661724], [16.9108755, 78.661724], [16.910875166666663, 78.661724], [16.910875166666663, 78.66172416666667], [16.910874999999997, 78.66172416666667], [16.910874999999997, 78.66172416666667], [16.910874999999997, 78.66172433333332], [16.910874999999997, 78.66172433333332], [16.910874999999997, 78.6617245], [16.91087483333333, 78.6617245], [16.91087483333333, 78.66172466666667], [16.910874666666665, 78.66172466666667], [16.910874666666665, 78.66172483333334], [16.910874666666665, 78.66172483333334], [16.910874333333332, 78.66172499999999], [16.910874333333332, 78.66172499999999], [16.910874166666666, 78.66172516666667], [16.910873833333333, 78.66172516666667], [16.91087333333333, 78.66172533333334], [16.910872833333332, 78.66172533333334], [16.910872666666666, 78.6617255], [16.910872166666664, 78.66172566666667], [16.91087183333333, 78.66172566666667], [16.9108715, 78.66172583333334], [16.910871166666666, 78.66172583333334], [16.91087033333333, 78.661726], [16.910869666666667, 78.66172616666667], [16.910868833333332, 78.66172616666667], [16.910868333333333, 78.66172633333333], [16.910868, 78.66172633333333], [16.910867666666665, 78.6617265], [16.910867333333332, 78.66172666666667], [16.910867166666666, 78.66172666666667], [16.910867, 78.66172683333333], [16.910866666666667, 78.661727], [16.910866666666667, 78.661727], [16.910866666666667, 78.66172716666667], [16.910866166666665, 78.66172733333333], [16.910866, 78.66172750000001], [16.910865833333332, 78.66172750000001], [16.9108655, 78.66172766666666], [16.910865333333334, 78.66172766666666], [16.910865333333334, 78.66172783333333], [16.910865333333334, 78.661728], [16.910865333333334, 78.661728], [16.910865333333334, 78.66172816666668], [16.910865333333334, 78.66172833333333], [16.910865333333334, 78.66172833333333], [16.910865333333334, 78.6617285], [16.910865333333334, 78.6617285], [16.910865166666667, 78.66172866666668], [16.910865166666667, 78.66172866666668], [16.910865333333334, 78.66172883333334], [16.910865166666667, 78.66172883333334], [16.910865166666667, 78.661729], [16.910865, 78.66172916666666], [16.910864833333335, 78.66172916666666], [16.910864666666665, 78.66172916666666], [16.9108645, 78.66172933333334], [16.910864333333333, 78.66172933333334], [16.910864333333333, 78.6617295], [16.910864333333333, 78.6617295], [16.910864333333333, 78.6617295], [16.910864333333333, 78.66172966666666], [16.910864333333333, 78.66172966666666], [16.910864333333333, 78.66172983333333], [16.910864333333333, 78.66172983333333], [16.910864, 78.66173], [16.910863833333334, 78.66173016666667], [16.910863833333334, 78.66173016666667], [16.910863666666668, 78.66173033333332], [16.910863666666668, 78.66173033333332], [16.9108635, 78.6617305], [16.910863666666668, 78.66173066666667], [16.9108635, 78.66173066666667], [16.910863333333335, 78.66173083333334], [16.910863166666665, 78.66173099999999], [16.910863, 78.66173099999999], [16.910863, 78.66173116666667], [16.910862666666667, 78.66173116666667], [16.9108625, 78.66173133333334], [16.9108625, 78.66173133333334], [16.910862166666668, 78.6617315], [16.910861833333335, 78.6617315], [16.9108615, 78.66173166666667], [16.910861333333333, 78.66173183333333], [16.910861166666667, 78.66173183333333], [16.910861333333333, 78.661732], [16.910861166666667, 78.661732], [16.910861, 78.66173216666667], [16.910860833333334, 78.66173216666667], [16.910860500000002, 78.66173233333333], [16.91086, 78.66173233333333], [16.910859666666667, 78.6617325], [16.910859333333335, 78.6617325], [16.91085916666667, 78.66173266666667], [16.91085916666667, 78.66173266666667], [16.910859000000002, 78.66173283333333], [16.910858833333336, 78.66173283333333], [16.910858666666666, 78.66173283333333], [16.910858333333334, 78.661733], [16.910858166666667, 78.661733], [16.91085766666667, 78.661733], [16.910857333333336, 78.66173316666666], [16.910857, 78.66173316666666], [16.910856666666668, 78.66173316666666], [16.9108565, 78.66173333333333], [16.910856333333335, 78.66173333333333], [16.91085616666667, 78.66173350000001], [16.910856000000003, 78.66173366666666], [16.910855666666667, 78.66173366666666], [16.9108555, 78.66173366666666], [16.910855166666668, 78.66173383333333], [16.910855, 78.66173383333333], [16.91085466666667, 78.661734], [16.910854500000003, 78.661734], [16.910854333333337, 78.66173416666668], [16.910854166666663, 78.66173416666668], [16.910854166666663, 78.66173416666668], [16.91085383333333, 78.66173433333333], [16.910853499999998, 78.66173433333333], [16.910853333333332, 78.6617345], [16.910853, 78.66173466666667], [16.910852833333333, 78.66173466666667], [16.910852499999997, 78.66173466666667], [16.910852166666665, 78.66173483333334], [16.910852, 78.661735], [16.910852, 78.661735], [16.910852, 78.661735], [16.910851833333332, 78.661735], [16.910851666666666, 78.66173516666666], [16.910851333333333, 78.66173516666666], [16.910851333333333, 78.66173516666666], [16.910850999999997, 78.66173516666666], [16.910850999999997, 78.66173516666666], [16.910850666666665, 78.66173516666666], [16.910850666666665, 78.66173516666666], [16.9108505, 78.66173533333334], [16.910850333333332, 78.66173533333334], [16.910850333333332, 78.66173533333334], [16.910850333333332, 78.66173533333334], [16.910850333333332, 78.66173533333334], [16.910850166666666, 78.66173533333334], [16.91085, 78.66173516666666], [16.910849833333334, 78.66173516666666], [16.910849666666664, 78.66173516666666], [16.910849166666665, 78.66173516666666], [16.910848833333333, 78.66173516666666], [16.9108485, 78.66173516666666], [16.910848333333334, 78.66173516666666], [16.910848333333334, 78.66173516666666], [16.910848166666664, 78.66173533333334], [16.910847999999998, 78.66173516666666], [16.910847999999998, 78.66173516666666], [16.91084783333333, 78.66173516666666], [16.910847666666665, 78.66173516666666], [16.910847333333333, 78.66173516666666], [16.910847, 78.66173516666666], [16.910847, 78.66173516666666], [16.910846833333334, 78.66173516666666], [16.910846666666664, 78.661735], [16.910846499999998, 78.661735], [16.910846333333332, 78.661735], [16.910846166666666, 78.661735], [16.910845833333333, 78.661735], [16.910845333333334, 78.66173483333334], [16.910845, 78.66173483333334], [16.910844666666666, 78.66173466666667], [16.9108445, 78.66173466666667], [16.910844166666667, 78.66173466666667], [16.910843833333335, 78.6617345], [16.910843666666665, 78.6617345], [16.910843166666666, 78.66173433333333], [16.910842833333334, 78.66173416666668], [16.9108425, 78.66173416666668], [16.910842, 78.661734], [16.9108415, 78.661734], [16.910841166666668, 78.66173383333333], [16.910840833333335, 78.66173366666666], [16.910840333333333, 78.66173366666666], [16.91084, 78.66173350000001], [16.9108395, 78.66173350000001], [16.910839, 78.66173333333333], [16.910838833333333, 78.66173333333333], [16.9108385, 78.66173316666666], [16.910838166666668, 78.66173316666666], [16.910837666666666, 78.66173316666666], [16.910837333333333, 78.661733], [16.910837166666667, 78.661733], [16.910837, 78.66173283333333], [16.91083666666667, 78.66173283333333], [16.910836500000002, 78.66173283333333], [16.910836166666666, 78.66173266666667], [16.910835833333334, 78.66173266666667], [16.910835666666667, 78.66173266666667], [16.910835333333335, 78.66173266666667], [16.91083516666667, 78.66173266666667], [16.910834833333336, 78.66173266666667], [16.910834666666666, 78.66173266666667], [16.910834166666667, 78.66173266666667], [16.910833833333335, 78.66173266666667], [16.91083366666667, 78.66173266666667], [16.910833500000003, 78.66173266666667], [16.910833333333336, 78.6617325], [16.910833166666666, 78.6617325], [16.910833166666666, 78.6617325], [16.910833166666666, 78.6617325], [16.910833166666666, 78.6617325], [16.910832833333334, 78.66173266666667], [16.910832333333335, 78.66173266666667], [16.910832000000003, 78.66173266666667], [16.910832000000003, 78.66173283333333], [16.910831666666663, 78.66173283333333], [16.910831666666663, 78.661733], [16.910831666666663, 78.661733], [16.910831666666663, 78.66173316666666], [16.910831499999997, 78.66173316666666], [16.91083133333333, 78.66173333333333], [16.910830999999998, 78.66173333333333], [16.910830833333332, 78.66173350000001], [16.9108305, 78.66173366666666], [16.910830333333333, 78.66173366666666], [16.910830166666663, 78.66173383333333], [16.910830166666663, 78.66173383333333], [16.910830166666663, 78.661734], [16.910830166666663, 78.66173416666668], [16.91082983333333, 78.66173433333333], [16.910829666666665, 78.66173433333333], [16.9108295, 78.6617345], [16.910829333333332, 78.66173466666667], [16.910829, 78.66173483333334], [16.910828666666664, 78.66173483333334], [16.910828499999997, 78.661735], [16.91082833333333, 78.661735], [16.910828, 78.66173516666666], [16.910827833333332, 78.66173516666666], [16.9108275, 78.66173533333334], [16.910827333333334, 78.66173533333334], [16.910826999999998, 78.6617355], [16.91082683333333, 78.66173566666666], [16.910826999999998, 78.66173583333332], [16.91082683333333, 78.66173583333332], [16.910826666666665, 78.661736], [16.910826333333333, 78.66173616666667], [16.910826, 78.66173616666667], [16.910825666666664, 78.66173633333332], [16.910825499999998, 78.66173633333332], [16.910825166666665, 78.6617365], [16.910825, 78.6617365], [16.910824833333333, 78.66173666666667], [16.910824833333333, 78.66173666666667], [16.910824666666667, 78.66173683333334], [16.910824333333334, 78.66173683333334], [16.910824166666664, 78.66173699999999], [16.910823833333332, 78.66173699999999], [16.910823666666666, 78.66173716666667], [16.910823333333333, 78.66173716666667], [16.910823166666667, 78.66173716666667], [16.910823, 78.66173733333333], [16.910823, 78.6617375], [16.910822666666665, 78.6617375], [16.9108225, 78.66173766666667], [16.910822333333332, 78.66173766666667], [16.910822, 78.66173783333333], [16.910821666666667, 78.661738], [16.910821666666667, 78.661738], [16.9108215, 78.66173816666667], [16.910821166666665, 78.66173833333333], [16.910821, 78.6617385], [16.910820666666666, 78.66173866666666], [16.910820333333334, 78.66173883333333], [16.91082, 78.66173883333333], [16.910819666666665, 78.661739], [16.910819333333333, 78.66173916666666], [16.910819, 78.66173933333333], [16.910818666666668, 78.66173950000001], [16.910818333333335, 78.66173983333333], [16.9108175, 78.66174], [16.910816833333335, 78.66174016666668], [16.910815500000002, 78.66174066666667], [16.910813833333336, 78.6617415], [16.910812, 78.661742], [16.910809833333335, 78.6617425], [16.910806666666666, 78.66174299999999], [16.910803166666668, 78.6617435], [16.9107995, 78.661744], [16.910796, 78.66174433333335], [16.910791833333334, 78.66174433333335], [16.910787666666668, 78.66174433333335], [16.910784666666665, 78.66174433333335], [16.910781666666665, 78.66174433333335], [16.910778999999998, 78.66174416666667], [16.910777, 78.66174416666667], [16.91077466666667, 78.66174416666667], [16.91077316666667, 78.66174416666667], [16.9107715, 78.661744], [16.910770666666668, 78.66174383333333], [16.910769333333334, 78.66174366666668], [16.910768166666667, 78.66174366666668], [16.910767333333336, 78.6617435], [16.91076566666667, 78.66174333333333], [16.91076466666667, 78.66174316666667], [16.910763499999998, 78.66174299999999], [16.91076233333333, 78.66174283333334], [16.9107615, 78.6617425], [16.91076083333333, 78.66174233333332], [16.91076, 78.66174183333332], [16.910759499999998, 78.6617415], [16.910759, 78.66174099999999], [16.910758666666666, 78.6617405], [16.910758333333334, 78.66174016666668], [16.910758166666668, 78.66173966666666], [16.910758333333334, 78.66173916666666], [16.910757, 78.66173866666666], [16.910755833333333, 78.661738], [16.910755666666667, 78.6617375], [16.910755666666667, 78.66173699999999], [16.910754999999998, 78.6617365], [16.9107545, 78.661736], [16.910754333333333, 78.6617355], [16.910754166666667, 78.661735], [16.910753833333334, 78.6617345], [16.910753333333332, 78.66173416666668], [16.910753333333332, 78.66173366666666], [16.910753333333332, 78.66173316666666], [16.910753333333332, 78.66173266666667], [16.9107535, 78.66173233333333], [16.9107535, 78.66173183333333], [16.910754, 78.6617315], [16.910754, 78.66173116666667], [16.910754166666667, 78.66173066666667], [16.910754333333333, 78.66173016666667], [16.9107545, 78.66172983333333], [16.910754666666666, 78.66172933333334], [16.910754666666666, 78.66172883333334], [16.910754833333332, 78.6617285], [16.910754999999998, 78.661728], [16.910755333333334, 78.66172766666666], [16.9107555, 78.66172716666667], [16.910755333333334, 78.66172683333333], [16.910755333333334, 78.6617265], [16.910755166666668, 78.66172616666667], [16.9107555, 78.66172583333334], [16.9107555, 78.66172533333334], [16.910755666666667, 78.66172499999999], [16.910755833333333, 78.6617245], [16.910756166666665, 78.66172416666667], [16.91075633333333, 78.66172366666666], [16.910756499999998, 78.66172333333334], [16.910756833333334, 78.661723], [16.910757166666667, 78.6617225], [16.9107575, 78.66172216666668], [16.910757666666665, 78.66172183333333], [16.910757666666665, 78.66172133333333], [16.91075783333333, 78.661721], [16.91075783333333, 78.66172066666667], [16.910757999999998, 78.66172033333334], [16.910757999999998, 78.66172], [16.91075783333333, 78.66171966666667], [16.91075783333333, 78.66171933333334], [16.91075783333333, 78.66171883333332], [16.91075783333333, 78.66171866666667], [16.91075783333333, 78.66171833333333], [16.91075783333333, 78.66171800000001], [16.910757666666665, 78.6617175], [16.9107575, 78.66171716666666], [16.910757, 78.66171683333333], [16.910756833333334, 78.6617165], [16.910756833333334, 78.66171616666666], [16.910756666666668, 78.66171583333333], [16.910756499999998, 78.6617155], [16.91075633333333, 78.66171516666667], [16.91075633333333, 78.66171466666667], [16.91075633333333, 78.66171433333334], [16.91075633333333, 78.661714], [16.910756166666665, 78.66171366666667], [16.910756, 78.66171333333334], [16.910755666666667, 78.66171283333333], [16.9107555, 78.66171250000001], [16.910755166666668, 78.66171216666666], [16.910754833333332, 78.66171183333333], [16.910754666666666, 78.6617115], [16.9107545, 78.66171116666666], [16.910754333333333, 78.66171083333333], [16.910754166666667, 78.6617105], [16.910754, 78.66171016666667], [16.910754, 78.66170983333333], [16.910753833333334, 78.6617095], [16.9107535, 78.66170916666667], [16.9107535, 78.66170883333332], [16.91075366666667, 78.66170866666667], [16.91075366666667, 78.66170833333334], [16.91075366666667, 78.661708], [16.91075366666667, 78.66170766666667], [16.91075366666667, 78.66170733333334], [16.91075366666667, 78.66170699999999], [16.91075366666667, 78.66170683333333], [16.9107535, 78.66170650000001], [16.910753333333332, 78.66170616666666], [16.910753333333332, 78.66170583333333], [16.910753333333332, 78.6617055], [16.910753166666666, 78.66170516666666], [16.910753333333332, 78.66170483333333], [16.910753166666666, 78.66170466666668], [16.910753, 78.66170433333333], [16.910753, 78.661704], [16.910752833333333, 78.66170383333333], [16.910752666666667, 78.6617035], [16.9107525, 78.66170316666667], [16.9107525, 78.66170283333332], [16.91075216666667, 78.66170266666667], [16.91075216666667, 78.6617025], [16.910752, 78.66170216666666], [16.910751833333332, 78.661702], [16.910751833333332, 78.66170183333334], [16.910751666666666, 78.66170149999999], [16.910751666666666, 78.66170133333334], [16.9107515, 78.661701], [16.910751333333334, 78.66170066666668], [16.910751166666667, 78.66170050000001], [16.910751, 78.66170016666666], [16.910751, 78.66169983333333], [16.91075066666667, 78.66169966666666], [16.9107505, 78.6616995], [16.9107505, 78.66169916666666], [16.91075066666667, 78.661699], [16.91075066666667, 78.66169866666668], [16.91075066666667, 78.6616985], [16.9107505, 78.66169816666667], [16.9107505, 78.66169799999999], [16.910750166666666, 78.66169783333333], [16.91075, 78.6616975], [16.910749833333334, 78.66169733333332], [16.910749666666668, 78.66169716666667], [16.9107495, 78.661697], [16.9107495, 78.66169683333332], [16.910749333333335, 78.6616965], [16.910749333333335, 78.66169633333334], [16.910749, 78.66169616666666], [16.910748833333333, 78.66169599999999], [16.9107485, 78.66169566666667], [16.910748166666668, 78.6616955], [16.910748166666668, 78.66169516666668], [16.910748, 78.661695], [16.910748, 78.66169483333333], [16.91074766666667, 78.66169466666666], [16.9107475, 78.66169433333333], [16.910747166666667, 78.66169416666666], [16.910747, 78.661694], [16.910746666666668, 78.66169383333333], [16.910746500000002, 78.6616935], [16.91074616666667, 78.66169333333333], [16.91074616666667, 78.66169316666667], [16.91074616666667, 78.66169283333333], [16.910746, 78.66169266666667], [16.91074616666667, 78.6616925], [16.910745833333333, 78.66169233333333], [16.9107455, 78.66169216666667], [16.9107455, 78.66169199999999], [16.91074516666667, 78.66169183333334], [16.910745000000002, 78.6616915], [16.910744833333336, 78.6616915], [16.9107445, 78.66169116666667], [16.910744166666667, 78.661691], [16.910743833333335, 78.661691], [16.91074366666667, 78.66169083333332], [16.91074316666667, 78.66169066666666], [16.910743, 78.6616905], [16.910742666666668, 78.66169033333334], [16.910742333333335, 78.66169], [16.910742000000003, 78.66168983333334], [16.910741499999997, 78.66168966666667], [16.910741166666664, 78.6616895], [16.910740833333332, 78.66168933333333], [16.9107405, 78.66168916666668], [16.910739999999997, 78.661689], [16.9107395, 78.661689], [16.910739166666666, 78.66168883333333], [16.910738833333333, 78.66168866666666], [16.910738499999997, 78.66168850000001], [16.910738166666665, 78.66168833333333], [16.910737833333332, 78.66168816666666], [16.9107375, 78.66168816666666], [16.910736999999997, 78.661688], [16.910736666666665, 78.66168783333333], [16.9107365, 78.66168766666667], [16.910736166666666, 78.6616875], [16.910735666666667, 78.66168733333333], [16.91073533333333, 78.66168716666667], [16.910734833333333, 78.661687], [16.9107345, 78.66168683333333], [16.910734166666668, 78.66168666666667], [16.910733666666665, 78.6616865], [16.910733166666667, 78.66168633333334], [16.910733, 78.66168616666667], [16.910732666666668, 78.66168583333334], [16.910732333333332, 78.66168566666667], [16.910732, 78.6616855], [16.910731833333333, 78.66168533333332], [16.910731333333334, 78.66168516666667], [16.910731, 78.661685], [16.9107305, 78.66168483333333], [16.910730166666667, 78.6616845], [16.910729833333335, 78.66168416666666], [16.91072966666667, 78.66168366666668], [16.91072966666667, 78.66168316666668], [16.91072966666667, 78.66168266666666], [16.91073, 78.66168216666667], [16.910730833333332, 78.66168166666667], [16.910732333333332, 78.66168083333334], [16.910735, 78.66167966666667], [16.910738499999997, 78.66167866666666], [16.910743, 78.6616775], [16.910747833333335, 78.66167633333333], [16.910753, 78.661675], [16.910759166666665, 78.66167383333332], [16.910765833333336, 78.66167266666666], [16.910773333333335, 78.6616715], [16.910781, 78.6616705], [16.91078816666667, 78.66166966666667], [16.910795166666666, 78.66166933333334], [16.910802166666667, 78.66166883333334], [16.910808333333332, 78.66166866666667], [16.91081416666667, 78.66166866666667], [16.910819333333333, 78.66166883333334], [16.910823999999998, 78.66166916666666], [16.910828, 78.66166966666667], [16.910831499999997, 78.66167033333333], [16.910834666666666, 78.66167083333333], [16.910837333333333, 78.66167166666668], [16.910839333333335, 78.6616725], [16.9108405, 78.66167316666666], [16.910841166666668, 78.66167399999999], [16.910842166666665, 78.66167466666667], [16.9108425, 78.66167533333333], [16.910843166666666, 78.66167616666667], [16.910844, 78.66167683333333], [16.910844833333332, 78.6616775], [16.910845166666665, 78.66167816666666], [16.910845666666667, 78.66167883333333], [16.910846166666666, 78.6616795], [16.910846833333334, 78.66168016666667], [16.910847333333333, 78.66168066666667], [16.9108475, 78.66168133333333], [16.910847999999998, 78.661682], [16.910848333333334, 78.66168266666666], [16.9108485, 78.66168333333333], [16.9108485, 78.66168383333334], [16.910848333333334, 78.66168466666666], [16.9108485, 78.66168533333332], [16.910848833333333, 78.66168599999999], [16.910849166666665, 78.66168666666667], [16.910849499999998, 78.66168733333333], [16.910849666666664, 78.661688], [16.910849833333334, 78.66168866666666], [16.910850166666666, 78.66168916666668], [16.9108505, 78.66168983333334], [16.91085083333333, 78.6616905], [16.910850999999997, 78.66169116666667], [16.910851333333333, 78.66169166666667], [16.910851333333333, 78.66169233333333], [16.9108515, 78.66169283333333], [16.910851666666666, 78.6616935], [16.910852, 78.661694], [16.910852, 78.66169450000001], [16.910852, 78.66169516666668], [16.910852, 78.66169566666667], [16.910851833333332, 78.66169633333334], [16.9108515, 78.66169683333332], [16.910850999999997, 78.66169733333332], [16.910850999999997, 78.66169783333333], [16.91085083333333, 78.6616985], [16.9108505, 78.661699], [16.910850333333332, 78.66169966666666], [16.910850166666666, 78.66170016666666], [16.910849833333334, 78.66170066666668], [16.910849666666664, 78.661701], [16.910849499999998, 78.66170149999999], [16.910849166666665, 78.661702], [16.910849, 78.6617025], [16.910848833333333, 78.661703], [16.910848666666666, 78.6617035], [16.910848166666664, 78.661704], [16.91084783333333, 78.6617045], [16.910847333333333, 78.66170483333333], [16.910846833333334, 78.66170533333334], [16.910846499999998, 78.66170583333333], [16.910846166666666, 78.66170633333333], [16.910845666666667, 78.66170666666667], [16.9108455, 78.66170716666667], [16.910845333333334, 78.66170766666667], [16.910844833333332, 78.66170816666666], [16.910844333333333, 78.6617085], [16.910843833333335, 78.66170883333332], [16.9108435, 78.66170933333333], [16.910843166666666, 78.66170966666667], [16.910842833333334, 78.66171], [16.910842333333335, 78.6617105], [16.910842, 78.66171083333333], [16.910841666666666, 78.66171116666666], [16.910841333333334, 78.6617115], [16.910841166666668, 78.66171183333333], [16.9108405, 78.66171216666666], [16.910840333333333, 78.66171266666667], [16.91084, 78.66171299999999], [16.9108395, 78.66171333333334], [16.910839166666666, 78.66171366666667], [16.910838833333333, 78.661714], [16.9108385, 78.66171433333334], [16.910838166666668, 78.66171483333332], [16.910838166666668, 78.66171516666667], [16.910838000000002, 78.6617155], [16.910837833333336, 78.66171583333333], [16.9108375, 78.66171616666666], [16.910837166666667, 78.6617165], [16.910836833333335, 78.66171683333333], [16.91083666666667, 78.661717], [16.910836333333336, 78.66171733333334], [16.910835833333334, 78.66171766666666], [16.910835333333335, 78.66171800000001], [16.910835000000002, 78.66171816666666], [16.910834666666666, 78.6617185], [16.910834333333334, 78.66171883333332], [16.910834166666667, 78.66171916666667], [16.910834, 78.66171933333334], [16.91083366666667, 78.66171966666667], [16.910833166666666, 78.66171983333334], [16.910833, 78.66172016666665], [16.910833, 78.66172033333334], [16.910832666666668, 78.6617205], [16.910832333333335, 78.66172083333332], [16.910832000000003, 78.661721], [16.910831666666663, 78.66172133333333], [16.91083133333333, 78.66172150000001], [16.910830833333332, 78.66172183333333], [16.9108305, 78.661722], [16.910830333333333, 78.66172216666668], [16.91082983333333, 78.66172233333333], [16.910829333333332, 78.66172266666668], [16.910829, 78.66172283333334], [16.910828833333333, 78.661723], [16.910828666666664, 78.66172316666666], [16.910828499999997, 78.66172350000001], [16.910828166666665, 78.66172366666666], [16.910827833333332, 78.66172383333333], [16.910827666666666, 78.661724], [16.9108275, 78.66172416666667], [16.910827333333334, 78.6617245], [16.910826999999998, 78.66172466666667], [16.91082683333333, 78.66172483333334], [16.9108265, 78.66172499999999], [16.910826166666666, 78.66172516666667], [16.910825833333334, 78.6617255], [16.910825666666664, 78.66172566666667], [16.91082533333333, 78.66172583333334], [16.910825, 78.66172616666667], [16.910824833333333, 78.66172633333333], [16.9108245, 78.6617265], [16.910824166666664, 78.66172666666667], [16.910823999999998, 78.66172683333333], [16.910823833333332, 78.661727], [16.9108235, 78.66172716666667], [16.910823333333333, 78.66172733333333], [16.910822833333334, 78.66172750000001], [16.9108225, 78.66172766666666], [16.910822166666666, 78.66172783333333], [16.910821666666667, 78.661728], [16.9108215, 78.66172816666668], [16.910821166666665, 78.66172833333333], [16.910820666666666, 78.6617285], [16.910820333333334, 78.66172883333334], [16.910819833333335, 78.661729], [16.9108195, 78.66172916666666], [16.910819333333333, 78.66172933333334], [16.910819, 78.6617295], [16.910818666666668, 78.66172966666666], [16.910818166666665, 78.66172983333333], [16.910818, 78.66172983333333], [16.9108175, 78.66173], [16.910817166666668, 78.66173016666667], [16.910816833333335, 78.66173033333332], [16.910816333333333, 78.6617305], [16.910816, 78.66173066666667], [16.910815333333336, 78.66173083333334], [16.910814833333333, 78.66173083333334], [16.910814333333335, 78.66173099999999], [16.910814000000002, 78.66173116666667], [16.9108135, 78.66173116666667], [16.910813, 78.66173133333334], [16.91081266666667, 78.66173133333334], [16.910812166666666, 78.6617315], [16.910811833333334, 78.66173166666667], [16.910811333333335, 78.66173183333333], [16.910810666666666, 78.661732], [16.910810333333334, 78.66173216666667], [16.91081, 78.66173233333333], [16.910809500000003, 78.66173233333333], [16.910808999999997, 78.6617325], [16.910808999999997, 78.66173266666667], [16.910808499999998, 78.66173283333333], [16.910808166666666, 78.66173283333333], [16.910807833333333, 78.661733], [16.910807499999997, 78.66173316666666], [16.910807166666665, 78.66173316666666], [16.910806833333332, 78.66173333333333], [16.9108065, 78.66173350000001], [16.910805999999997, 78.66173350000001], [16.910805333333332, 78.66173366666666], [16.910804833333334, 78.66173383333333], [16.910804666666667, 78.66173383333333], [16.91080433333333, 78.661734], [16.910804, 78.661734], [16.910803666666666, 78.66173416666668], [16.910803166666668, 78.66173416666668], [16.910802666666665, 78.66173416666668], [16.910802166666667, 78.66173433333333], [16.910801666666668, 78.66173433333333], [16.910801166666666, 78.6617345], [16.910800666666667, 78.6617345], [16.910800333333334, 78.66173466666667], [16.910799833333332, 78.66173483333334], [16.910799333333333, 78.66173483333334], [16.910798833333335, 78.661735], [16.910798166666666, 78.66173516666666], [16.91079716666667, 78.66173516666666], [16.910796666666666, 78.66173533333334], [16.910796166666668, 78.6617355], [16.910795833333335, 78.66173566666666], [16.910795166666666, 78.66173566666666], [16.910794666666668, 78.66173583333332], [16.91079416666667, 78.661736], [16.9107935, 78.66173616666667], [16.910792833333335, 78.66173616666667], [16.910792166666667, 78.66173633333332], [16.910791333333336, 78.6617365], [16.910790833333333, 78.66173666666667], [16.910790000000002, 78.66173683333334], [16.910789333333334, 78.66173699999999], [16.910788333333336, 78.66173699999999], [16.9107875, 78.66173716666667], [16.91078666666667, 78.66173733333333], [16.910785833333332, 78.66173733333333], [16.910785166666667, 78.6617375], [16.910784333333332, 78.6617375], [16.910783666666667, 78.66173766666667], [16.9107825, 78.66173766666667], [16.910781333333333, 78.66173766666667], [16.91078033333333, 78.66173783333333], [16.9107795, 78.661738], [16.910778666666666, 78.661738], [16.910777666666668, 78.66173816666667], [16.910777, 78.66173833333333], [16.91077616666667, 78.66173833333333], [16.910775333333333, 78.6617385], [16.9107745, 78.66173866666666], [16.9107735, 78.66173866666666], [16.910772666666666, 78.66173883333333], [16.910772, 78.661739], [16.9107715, 78.661739], [16.9107715, 78.66173933333333], [16.910772166666668, 78.66173950000001], [16.910773, 78.66173966666666], [16.910774833333335, 78.66174], [16.910777, 78.66174033333333], [16.910779833333333, 78.66174066666667], [16.910783166666665, 78.66174083333334], [16.91078633333333, 78.66174099999999], [16.9107895, 78.66174116666666], [16.910792833333335, 78.66174116666666], [16.910796333333334, 78.66174099999999], [16.9107985, 78.66174066666667], [16.910800833333333, 78.66173983333333], [16.910802999999998, 78.66173916666666], [16.910805, 78.66173833333333], [16.910807, 78.66173766666667], [16.910808499999998, 78.66173699999999], [16.91080966666667, 78.66173633333332], [16.9108105, 78.66173583333332], [16.910811333333335, 78.66173533333334], [16.910810833333336, 78.66173466666667], [16.910810666666666, 78.66173416666668], [16.910810833333336, 78.66173366666666], [16.910810666666666, 78.66173316666666], [16.910810333333334, 78.66173266666667], [16.91081, 78.66173216666667], [16.91081, 78.66173166666667], [16.910810166666668, 78.66173133333334], [16.910810333333334, 78.66173099999999], [16.910810166666668, 78.66173066666667], [16.91081, 78.66173033333332], [16.91081, 78.66173], [16.910809833333335, 78.66172966666666], [16.910808999999997, 78.66172933333334], [16.910808333333332, 78.66172883333334], [16.910807666666663, 78.66172866666668], [16.910806833333332, 78.66172816666668], [16.910806166666667, 78.66172783333333], [16.910805666666665, 78.66172750000001], [16.910805, 78.66172733333333], [16.910804666666667, 78.661727], [16.910804499999998, 78.66172683333333], [16.91080433333333, 78.6617265], [16.910804, 78.66172633333333], [16.9108035, 78.661726], [16.91080283333333, 78.66172583333334], [16.910802333333333, 78.66172566666667], [16.910802166666667, 78.66172533333334], [16.910801833333334, 78.66172499999999], [16.910801499999998, 78.66172483333334], [16.910801166666666, 78.66172466666667], [16.910800833333333, 78.6617245], [16.9108005, 78.66172416666667], [16.9108, 78.661724], [16.910799833333332, 78.66172383333333], [16.910799666666666, 78.66172366666666], [16.910799166666667, 78.66172350000001], [16.910799166666667, 78.66172316666666], [16.910799, 78.661723], [16.910799, 78.66172283333334], [16.910798833333335, 78.66172266666668], [16.91079866666667, 78.6617225], [16.9107985, 78.66172216666668], [16.910798333333332, 78.661722], [16.910798166666666, 78.66172183333333], [16.910798333333332, 78.66172166666666], [16.910798333333332, 78.66172150000001], [16.910798333333332, 78.66172133333333], [16.910798166666666, 78.66172116666667], [16.910797833333334, 78.661721], [16.910798166666666, 78.66172083333332], [16.910798333333332, 78.6617205], [16.910798333333332, 78.66172033333334], [16.910798, 78.66172016666665], [16.910797666666667, 78.66172], [16.9107975, 78.66171983333334], [16.910797333333335, 78.66171966666667], [16.91079716666667, 78.66171949999999], [16.910797, 78.66171949999999], [16.910796666666666, 78.66171933333334], [16.910796333333334, 78.66171916666667], [16.910796333333334, 78.66171899999999], [16.910796166666668, 78.66171883333332], [16.910796, 78.66171866666667], [16.91079566666667, 78.6617185], [16.910795333333333, 78.66171833333333], [16.910795, 78.66171833333333], [16.910794666666668, 78.66171816666666], [16.910794333333335, 78.66171816666666], [16.910794, 78.66171800000001], [16.910793666666667, 78.66171800000001], [16.910793333333334, 78.66171783333333], [16.910793166666668, 78.66171783333333], [16.910793, 78.66171766666666], [16.91079266666667, 78.6617175], [16.910792333333333, 78.6617175], [16.910791833333334, 78.66171733333334], [16.910791500000002, 78.66171716666666], [16.91079116666667, 78.66171716666666], [16.910790833333333, 78.661717], [16.9107905, 78.661717], [16.910790000000002, 78.66171683333333], [16.910789833333336, 78.66171666666668], [16.9107895, 78.6617165], [16.910789166666667, 78.6617165], [16.910789, 78.66171633333333], [16.91078866666667, 78.66171616666666], [16.910788333333336, 78.66171616666666], [16.910787666666668, 78.661716], [16.910787333333335, 78.661716], [16.910786833333336, 78.66171583333333], [16.910786166666664, 78.66171583333333], [16.910785999999998, 78.66171566666667], [16.9107855, 78.6617155], [16.910785333333333, 78.66171533333333], [16.910784999999997, 78.66171516666667], [16.9107845, 78.66171516666667], [16.910784, 78.661715], [16.910783666666667, 78.66171483333332], [16.910783166666665, 78.66171483333332], [16.910782833333332, 78.66171466666667], [16.9107825, 78.6617145], [16.910782166666667, 78.6617145], [16.910781999999998, 78.66171433333334], [16.9107815, 78.66171416666666], [16.910781, 78.66171416666666], [16.910780499999998, 78.661714], [16.910780166666665, 78.66171383333334], [16.910779833333333, 78.66171383333334], [16.9107795, 78.66171366666667], [16.910778999999998, 78.66171349999999], [16.910778666666666, 78.66171349999999], [16.910778333333333, 78.66171333333334], [16.910777833333334, 78.66171316666667], [16.910777166666666, 78.66171316666667], [16.910776666666667, 78.66171299999999], [16.910776333333335, 78.66171283333333], [16.910776, 78.66171266666667], [16.910775666666666, 78.66171250000001], [16.910775166666667, 78.66171250000001], [16.910774833333335, 78.66171233333333], [16.910774333333332, 78.66171233333333], [16.910773666666667, 78.66171216666666], [16.910773333333335, 78.66171216666666], [16.910772666666666, 78.66171200000001], [16.910772333333334, 78.66171183333333], [16.910772, 78.66171166666666], [16.91077166666667, 78.66171166666666], [16.910771333333333, 78.6617115], [16.910770833333334, 78.6617115], [16.91077016666667, 78.66171133333334], [16.910769666666667, 78.66171116666666], [16.910769166666668, 78.66171116666666], [16.91076866666667, 78.661711], [16.910768333333333, 78.66171083333333], [16.910767833333335, 78.66171083333333], [16.910767333333336, 78.66171066666668], [16.910766666666667, 78.66171066666668], [16.910766333333335, 78.6617105], [16.910765833333336, 78.6617105], [16.9107655, 78.66171033333333], [16.910764833333335, 78.66171016666667], [16.910764333333336, 78.66171016666667], [16.910763999999997, 78.66171], [16.910763333333332, 78.66171], [16.910763, 78.66170983333333], [16.910762499999997, 78.66170983333333], [16.910762, 78.66170966666667], [16.9107615, 78.66170966666667], [16.910761333333333, 78.6617095], [16.910761166666667, 78.6617095], [16.910760666666665, 78.66170933333333], [16.910760166666666, 78.66170933333333], [16.910759499999998, 78.66170916666667], [16.91075933333333, 78.661709], [16.910759166666665, 78.661709], [16.910759, 78.66170883333332], [16.910758666666666, 78.66170866666667], [16.910758333333334, 78.66170866666667], [16.910758166666668, 78.6617085], [16.91075783333333, 78.66170833333334], [16.9107575, 78.66170833333334], [16.910757166666667, 78.66170816666666], [16.910757, 78.661708], [16.910756833333334, 78.66170783333334], [16.910756833333334, 78.66170766666667], [16.910757, 78.66170766666667], [16.910756833333334, 78.66170749999999], [16.910756499999998, 78.66170733333334], [16.91075633333333, 78.66170733333334], [16.91075633333333, 78.66170716666667], [16.910756499999998, 78.66170699999999], [16.91075633333333, 78.66170683333333], [16.91075633333333, 78.66170683333333], [16.910756166666665, 78.66170666666667], [16.910755833333333, 78.66170666666667], [16.910755833333333, 78.66170650000001], [16.910755833333333, 78.66170633333333], [16.910755666666667, 78.66170633333333], [16.9107555, 78.66170633333333], [16.910755333333334, 78.66170616666666], [16.910755166666668, 78.66170616666666], [16.910754833333332, 78.66170616666666], [16.910754666666666, 78.66170616666666], [16.910754166666667, 78.66170600000001], [16.910753833333334, 78.66170600000001], [16.9107535, 78.66170600000001], [16.910753, 78.66170600000001], [16.9107525, 78.66170583333333], [16.910751833333332, 78.66170583333333], [16.910751333333334, 78.66170583333333], [16.9107505, 78.66170583333333], [16.910749833333334, 78.66170583333333], [16.910749333333335, 78.66170566666666], [16.910749, 78.66170566666666], [16.9107485, 78.66170566666666], [16.910747833333335, 78.66170566666666], [16.910747166666667, 78.66170566666666], [16.910746500000002, 78.66170566666666], [16.910745666666667, 78.66170566666666], [16.910744833333336, 78.66170566666666], [16.910744, 78.66170566666666], [16.910743333333336, 78.66170566666666], [16.910742833333334, 78.6617055], [16.91074216666667, 78.6617055], [16.91074166666667, 78.6617055], [16.910740999999998, 78.6617055], [16.910740333333333, 78.6617055], [16.9107395, 78.66170533333334], [16.910738833333333, 78.66170533333334], [16.910738166666665, 78.66170533333334], [16.9107375, 78.66170533333334], [16.91073683333333, 78.66170533333334], [16.910736166666666, 78.66170533333334], [16.910735666666667, 78.66170533333334], [16.910735, 78.66170516666666], [16.9107345, 78.66170516666666], [16.91073383333333, 78.66170516666666], [16.910733, 78.661705], [16.910732166666666, 78.661705], [16.9107315, 78.661705], [16.910730666666666, 78.661705], [16.910730166666667, 78.66170483333333], [16.910729333333332, 78.66170483333333], [16.9107285, 78.66170483333333], [16.910728, 78.66170466666668], [16.910727333333334, 78.66170466666668], [16.910726833333335, 78.66170466666668], [16.910726, 78.66170466666668], [16.910725333333335, 78.6617045], [16.9107245, 78.6617045], [16.910723833333336, 78.66170433333333], [16.910723166666667, 78.66170433333333], [16.910722500000002, 78.66170433333333], [16.910721666666667, 78.66170433333333], [16.91072066666667, 78.66170416666667], [16.910719833333335, 78.66170416666667], [16.910719333333336, 78.66170416666667], [16.910718499999998, 78.661704], [16.910717666666667, 78.66170383333333], [16.910716666666666, 78.66170383333333], [16.910715999999997, 78.66170366666667], [16.910715333333332, 78.66170366666667], [16.910714499999997, 78.6617035], [16.910714, 78.66170333333334], [16.9107135, 78.66170333333334], [16.910712999999998, 78.66170316666667], [16.9107125, 78.661703], [16.910711833333334, 78.661703], [16.910711, 78.66170283333332], [16.910709999999998, 78.66170283333332], [16.910709, 78.66170266666667], [16.910708166666666, 78.66170266666667], [16.910707333333335, 78.66170266666667], [16.910706333333334, 78.6617025], [16.910705333333333, 78.6617025], [16.9107045, 78.6617025], [16.910703666666667, 78.66170233333334], [16.910702833333335, 78.66170233333334], [16.910702, 78.66170233333334], [16.910701333333336, 78.66170216666666], [16.910700666666667, 78.66170216666666], [16.910700000000002, 78.66170216666666], [16.910699166666667, 78.661702], [16.91069866666667, 78.661702], [16.910697833333334, 78.661702], [16.910697333333335, 78.66170183333334], [16.91069666666667, 78.66170183333334], [16.910696166666664, 78.66170166666667], [16.9106955, 78.66170166666667], [16.910694999999997, 78.66170149999999], [16.910694499999998, 78.66170149999999], [16.910694, 78.66170149999999], [16.910693499999997, 78.66170133333334], [16.910692833333332, 78.66170133333334], [16.910692333333333, 78.66170133333334], [16.910691666666665, 78.66170133333334], [16.910691, 78.66170116666667], [16.91069033333333, 78.66170116666667], [16.910689666666666, 78.66170116666667], [16.910688999999998, 78.66170116666667], [16.910688333333333, 78.661701], [16.910687499999998, 78.661701], [16.9106865, 78.66170083333333], [16.910685666666666, 78.66170083333333], [16.910685, 78.66170066666668], [16.910684166666666, 78.66170066666668], [16.9106835, 78.66170066666668], [16.910683, 78.66170050000001], [16.910682333333334, 78.66170050000001], [16.91068166666667, 78.66170050000001], [16.910680833333334, 78.66170050000001], [16.91068016666667, 78.66170033333333], [16.910679333333334, 78.66170033333333], [16.91067866666667, 78.66170033333333], [16.91067766666667, 78.66170033333333], [16.910676833333333, 78.66170016666666], [16.91067616666667, 78.66170016666666], [16.9106755, 78.66170016666666], [16.910674833333335, 78.66170000000001], [16.910673999999997, 78.66170000000001], [16.91067333333333, 78.66170000000001], [16.910672499999997, 78.66170000000001], [16.910671833333332, 78.66169983333333], [16.910670999999997, 78.66169983333333], [16.910670333333332, 78.66169966666666], [16.910669833333333, 78.66169966666666], [16.910669, 78.6616995], [16.910667999999998, 78.6616995], [16.910666666666668, 78.6616995], [16.910664666666666, 78.6616995], [16.91066216666667, 78.66169966666666], [16.910659833333334, 78.66169966666666], [16.910657, 78.66170000000001], [16.910654333333333, 78.66170016666666], [16.910651833333336, 78.66170050000001], [16.910648833333333, 78.66170116666667], [16.910646, 78.66170183333334], [16.910643666666665, 78.6617025], [16.910641666666667, 78.66170333333334], [16.910639833333335, 78.66170433333333], [16.910639, 78.66170533333334], [16.910638333333335, 78.66170650000001], [16.910637666666666, 78.66170749999999], [16.9106375, 78.66170866666667], [16.910638, 78.66170966666667], [16.910638833333334, 78.66171066666668], [16.9106405, 78.66171166666666], [16.910643, 78.66171250000001], [16.91064533333333, 78.66171316666667], [16.910648, 78.66171383333334], [16.910650666666665, 78.66171416666666], [16.910653333333336, 78.66171466666667], [16.910655833333333, 78.66171483333332], [16.910659, 78.66171516666667], [16.9106615, 78.66171533333333], [16.910664, 78.66171533333333], [16.910666833333334, 78.6617155], [16.910669499999997, 78.6617155], [16.910672166666664, 78.66171533333333], [16.910674500000002, 78.66171483333332], [16.910677, 78.6617145], [16.9106795, 78.661714], [16.910682166666668, 78.66171383333334], [16.91068466666667, 78.66171366666667], [16.910686833333333, 78.66171333333334], [16.910689166666668, 78.66171299999999], [16.910691166666666, 78.66171283333333], [16.910693, 78.66171266666667], [16.910694999999997, 78.66171250000001], [16.910696833333336, 78.66171233333333], [16.91069866666667, 78.66171233333333], [16.9107005, 78.66171216666666], [16.910702333333333, 78.66171216666666], [16.9107045, 78.66171216666666], [16.910706666666666, 78.66171216666666], [16.910709, 78.66171216666666], [16.910711499999998, 78.66171216666666], [16.910714, 78.66171216666666], [16.9107165, 78.66171216666666], [16.91071883333333, 78.66171216666666], [16.910721000000002, 78.66171233333333], [16.910723333333333, 78.66171233333333], [16.9107255, 78.66171233333333], [16.910727833333333, 78.66171233333333], [16.910729833333335, 78.66171233333333], [16.910732, 78.66171233333333], [16.910733999999998, 78.66171233333333], [16.910735833333334, 78.66171250000001], [16.910738, 78.66171250000001], [16.91073983333333, 78.66171250000001], [16.910741499999997, 78.66171266666667], [16.910743500000002, 78.66171266666667], [16.9107455, 78.66171266666667], [16.910747333333333, 78.66171266666667], [16.91074916666667, 78.66171283333333], [16.910751, 78.66171283333333], [16.910752666666667, 78.66171283333333], [16.910754166666667, 78.66171299999999], [16.910755666666667, 78.66171299999999], [16.910757166666667, 78.66171316666667], [16.910759, 78.66171316666667], [16.910760333333332, 78.66171316666667], [16.910761833333332, 78.66171333333334], [16.910763333333332, 78.66171349999999], [16.910764833333335, 78.66171349999999], [16.91076616666667, 78.66171366666667], [16.910767333333336, 78.66171383333334], [16.91076866666667, 78.66171383333334], [16.91077016666667, 78.661714], [16.91077166666667, 78.661714], [16.910772666666666, 78.66171416666666], [16.910773833333334, 78.66171433333334], [16.910775, 78.66171433333334], [16.91077616666667, 78.6617145], [16.910777166666666, 78.66171466666667], [16.910778166666667, 78.66171483333332], [16.9107795, 78.66171483333332], [16.910780833333334, 78.661715], [16.910781999999998, 78.66171516666667], [16.910783166666665, 78.66171533333333], [16.910784333333332, 78.66171533333333], [16.910785333333333, 78.6617155], [16.91078633333333, 78.66171566666667], [16.91078716666667, 78.66171583333333], [16.910788, 78.66171583333333], [16.91078866666667, 78.661716], [16.910789833333336, 78.66171616666666], [16.910791, 78.66171616666666], [16.910792333333333, 78.66171633333333], [16.9107935, 78.6617165], [16.910794666666668, 78.66171666666668], [16.910795833333335, 78.66171683333333], [16.910797, 78.66171683333333], [16.910797833333334, 78.661717], [16.910798833333335, 78.66171716666666], [16.910799833333332, 78.66171733333334], [16.910801, 78.6617175], [16.910802, 78.66171766666666], [16.910803166666668, 78.66171766666666], [16.91080433333333, 78.66171783333333], [16.9108055, 78.66171800000001], [16.9108065, 78.66171816666666], [16.910807499999997, 78.66171833333333], [16.910808499999998, 78.6617185], [16.91080966666667, 78.6617185], [16.910810833333336, 78.66171866666667], [16.910811833333334, 78.66171883333332], [16.910812833333335, 78.66171899999999], [16.910813833333336, 78.66171916666667], [16.910814833333333, 78.66171933333334], [16.910815833333334, 78.66171933333334], [16.910816666666665, 78.66171949999999], [16.9108175, 78.66171966666667], [16.9108185, 78.66171983333334], [16.910819166666666, 78.66172], [16.910820166666667, 78.66172], [16.910821, 78.66172016666665], [16.910821666666667, 78.66172033333334], [16.9108225, 78.6617205], [16.910823333333333, 78.66172066666667], [16.910824166666664, 78.66172083333332], [16.910825, 78.661721], [16.910825833333334, 78.66172116666667], [16.9108265, 78.66172116666667], [16.910827333333334, 78.66172133333333], [16.910828166666665, 78.66172150000001], [16.910828833333333, 78.66172166666666], [16.910829666666665, 78.66172166666666], [16.910830333333333, 78.66172183333333], [16.910830999999998, 78.661722], [16.910831666666663, 78.66172216666668], [16.91083216666667, 78.66172216666668], [16.910832833333334, 78.66172233333333], [16.910833333333336, 78.6617225], [16.910833833333335, 78.66172266666668], [16.9108345, 78.66172266666668], [16.910835000000002, 78.66172283333334], [16.910835833333334, 78.661723], [16.91083666666667, 78.661723], [16.910837333333333, 78.66172316666666], [16.910838000000002, 78.66172333333334], [16.910838666666667, 78.66172333333334], [16.910839333333335, 78.66172350000001], [16.910840166666667, 78.66172350000001], [16.910840833333335, 78.66172366666666], [16.9108415, 78.66172383333333], [16.910842, 78.661724], [16.910842666666667, 78.661724], [16.9108435, 78.66172416666667], [16.910844, 78.66172433333332], [16.910844666666666, 78.66172433333332], [16.9108455, 78.6617245], [16.910846166666666, 78.66172466666667], [16.910846833333334, 78.66172466666667], [16.910847333333333, 78.66172483333334], [16.910847999999998, 78.66172483333334], [16.910848666666666, 78.66172499999999], [16.91084933333333, 78.66172516666667], [16.910849833333334, 78.66172516666667], [16.91085, 78.66172533333334], [16.9108505, 78.66172533333334], [16.910850999999997, 78.6617255], [16.910851333333333, 78.6617255], [16.910851833333332, 78.66172566666667], [16.910852499999997, 78.66172566666667], [16.910852833333333, 78.66172566666667], [16.910853333333332, 78.66172583333334], [16.91085383333333, 78.66172583333334], [16.910854333333337, 78.661726], [16.910854833333335, 78.661726], [16.910855166666668, 78.66172616666667], [16.910855666666667, 78.66172616666667], [16.910856000000003, 78.66172633333333], [16.9108565, 78.66172633333333], [16.910857, 78.6617265], [16.910857333333336, 78.66172666666667], [16.910857833333335, 78.66172666666667], [16.910858333333334, 78.66172683333333], [16.910858833333336, 78.66172683333333], [16.91085916666667, 78.661727], [16.9108595, 78.66172716666667], [16.910859666666667, 78.66172716666667], [16.910860166666666, 78.66172716666667], [16.910860666666668, 78.66172733333333], [16.910861, 78.66172750000001], [16.910861333333333, 78.66172750000001], [16.910861833333335, 78.66172766666666], [16.910862166666668, 78.66172766666666], [16.9108625, 78.66172783333333], [16.910862833333333, 78.66172783333333], [16.910863333333335, 78.66172783333333], [16.9108635, 78.661728], [16.910864, 78.661728], [16.910864166666666, 78.66172816666668], [16.9108645, 78.66172816666668], [16.910864833333335, 78.66172816666668], [16.910865166666667, 78.66172833333333], [16.9108655, 78.66172833333333], [16.910865833333332, 78.6617285], [16.910866166666665, 78.6617285], [16.910866666666667, 78.66172866666668], [16.910867, 78.66172866666668], [16.910867333333332, 78.66172883333334], [16.910867666666665, 78.66172883333334], [16.910868, 78.661729], [16.9108685, 78.661729], [16.910868833333332, 78.661729], [16.910869166666664, 78.66172916666666], [16.910869666666667, 78.66172916666666], [16.91087, 78.66172916666666], [16.91087033333333, 78.66172933333334], [16.910870833333334, 78.66172933333334], [16.910871333333333, 78.66172933333334], [16.910871666666665, 78.6617295], [16.910871999999998, 78.6617295], [16.910872666666666, 78.6617295], [16.910873, 78.66172966666666], [16.910873499999997, 78.66172966666666], [16.910873833333333, 78.66172966666666], [16.910874333333332, 78.66172983333333], [16.91087483333333, 78.66172983333333], [16.9108755, 78.66172983333333], [16.910876499999997, 78.66173], [16.910878333333336, 78.66173016666667], [16.910881500000002, 78.66173033333332], [16.910886, 78.66173066666667], [16.9108925, 78.66173116666667], [16.910900666666667, 78.66173183333333], [16.910910166666667, 78.66173283333333], [16.910920666666666, 78.66173383333333], [16.910931666666666, 78.66173483333334], [16.910943, 78.661736], [16.910955, 78.66173733333333], [16.910967333333335, 78.66173883333333], [16.910980333333335, 78.6617405], [16.91099416666667, 78.66174216666667], [16.911008666666664, 78.66174383333333], [16.911023333333333, 78.66174566666668], [16.911037833333335, 78.66174733333334], [16.911052333333334, 78.66174916666667], [16.9110665, 78.66175100000001], [16.911080000000002, 78.66175266666667], [16.9110925, 78.6617545], [16.911104, 78.66175633333334], [16.911115, 78.66175816666667], [16.9111255, 78.66176], [16.911135333333334, 78.661762], [16.911144999999998, 78.66176383333332], [16.911153833333334, 78.66176583333332], [16.911162333333333, 78.66176783333334], [16.911170666666667, 78.66176983333334], [16.911178333333332, 78.66177183333333], [16.9111855, 78.66177383333334], [16.91119183333333, 78.66177583333334], [16.911197166666668, 78.66177766666667], [16.911201833333333, 78.66177966666667], [16.911206166666666, 78.6617815], [16.911209666666664, 78.66178316666667], [16.911212499999998, 78.661785], [16.911214166666664, 78.66178666666666], [16.911215000000002, 78.66178816666667], [16.911215000000002, 78.66178966666666], [16.911214500000003, 78.66179083333333], [16.91121283333333, 78.66179183333334], [16.911210999999998, 78.661793], [16.91120833333333, 78.66179383333333], [16.9112045, 78.6617945], [16.911200666666666, 78.661795], [16.911195833333334, 78.66179533333334], [16.911192000000003, 78.6617955], [16.911188499999998, 78.66179583333333], [16.911185, 78.66179566666666], [16.911182166666666, 78.6617955], [16.91118, 78.66179533333334], [16.911177333333335, 78.66179516666666], [16.911174833333334, 78.6617945], [16.911173333333334, 78.66179416666667], [16.911172166666667, 78.661794], [16.911170333333335, 78.6617935], [16.91116966666667, 78.66179316666667], [16.91116883333333, 78.661793], [16.91116783333333, 78.661793], [16.911166666666666, 78.66179283333332], [16.911165166666667, 78.66179266666667], [16.911164333333332, 78.66179233333334], [16.911163, 78.66179216666666], [16.911161666666665, 78.66179216666666], [16.91116033333333, 78.66179216666666], [16.911159333333334, 78.661792], [16.911158333333333, 78.66179183333334], [16.911156833333333, 78.66179183333334], [16.911155666666666, 78.66179183333334], [16.91115466666667, 78.66179166666667], [16.911153833333334, 78.66179166666667], [16.911153333333335, 78.66179149999999], [16.911152333333334, 78.66179149999999], [16.911151333333333, 78.66179133333334], [16.911150666666668, 78.66179133333334], [16.911150333333335, 78.66179133333334], [16.911149833333333, 78.66179116666667], [16.911149166666668, 78.66179116666667], [16.911148500000003, 78.66179116666667], [16.911147833333334, 78.661791], [16.911147000000003, 78.661791], [16.911146, 78.661791], [16.911145166666664, 78.66179083333333], [16.911144666666665, 78.66179083333333], [16.911143666666664, 78.66179083333333], [16.9111425, 78.66179083333333], [16.911141666666666, 78.66179066666668], [16.911141166666667, 78.66179066666668], [16.91114083333333, 78.66179066666668], [16.911140333333332, 78.66179083333333], [16.911139833333333, 78.66179083333333], [16.911139166666665, 78.66179083333333], [16.9111385, 78.66179083333333], [16.911138, 78.66179083333333], [16.9111375, 78.661791], [16.911137, 78.661791], [16.91113633333333, 78.661791], [16.9111355, 78.661791], [16.911134666666666, 78.66179116666667], [16.911133833333334, 78.66179116666667], [16.911133, 78.661791], [16.91113216666667, 78.661791], [16.911131333333334, 78.66179083333333], [16.911130333333332, 78.66179066666668], [16.9111295, 78.66179050000001], [16.9111285, 78.66179033333333], [16.911127833333335, 78.66179016666666], [16.911126833333334, 78.66179000000001], [16.91112616666667, 78.66178983333333], [16.911125333333334, 78.66178966666666], [16.911124500000003, 78.66178966666666], [16.911123999999997, 78.6617895], [16.911123333333332, 78.66178933333335], [16.911122666666664, 78.66178933333335], [16.911121833333333, 78.66178933333335], [16.911121166666664, 78.66178933333335], [16.911120166666667, 78.66178933333335], [16.911119, 78.66178933333335], [16.911117833333332, 78.66178933333335], [16.91111683333333, 78.6617895], [16.911115833333334, 78.6617895], [16.911115, 78.6617895], [16.911114333333334, 78.6617895], [16.911113333333333, 78.66178966666666], [16.911111833333333, 78.66178966666666], [16.911110666666666, 78.66178966666666], [16.911109500000002, 78.66178983333333], [16.911108333333335, 78.66178983333333], [16.911106833333335, 78.66178983333333], [16.911105833333334, 78.66179000000001], [16.911105000000003, 78.66179000000001], [16.9111045, 78.66179016666666], [16.911104, 78.66179016666666], [16.911103833333335, 78.66179016666666], [16.911103500000003, 78.66179033333333], [16.911102833333334, 78.66179033333333], [16.911102333333336, 78.66179033333333], [16.91110183333333, 78.66179050000001], [16.911101499999997, 78.66179050000001], [16.911101, 78.66179066666668], [16.911100666666666, 78.66179066666668], [16.911099999999998, 78.66179083333333], [16.9110995, 78.66179083333333], [16.911099166666666, 78.66179083333333], [16.911098666666664, 78.661791], [16.91109833333333, 78.661791], [16.911097833333333, 78.66179116666667], [16.9110975, 78.66179116666667], [16.911096999999998, 78.66179133333334], [16.911096333333333, 78.66179133333334], [16.91109583333333, 78.66179149999999], [16.911095166666666, 78.66179149999999], [16.9110945, 78.66179166666667], [16.911094, 78.66179183333334], [16.911093166666667, 78.661792], [16.911092666666665, 78.661792], [16.911092166666666, 78.66179216666666], [16.911091833333334, 78.66179216666666], [16.91109133333333, 78.66179233333334], [16.911090666666666, 78.66179233333334], [16.911090166666668, 78.6617925], [16.91108983333333, 78.6617925], [16.911089333333333, 78.66179266666667], [16.911088833333334, 78.66179266666667], [16.911088333333332, 78.66179283333332], [16.911087666666667, 78.661793], [16.911087333333334, 78.661793], [16.911087000000002, 78.66179316666667], [16.9110865, 78.66179316666667], [16.911085833333335, 78.66179333333334], [16.911085166666666, 78.66179333333334], [16.911084666666667, 78.66179333333334], [16.91108416666667, 78.6617935], [16.911083833333333, 78.6617935], [16.911083166666668, 78.6617935], [16.91108266666667, 78.66179366666667], [16.911082166666667, 78.66179366666667], [16.9110815, 78.66179383333333], [16.91108116666667, 78.66179383333333], [16.911080666666667, 78.661794], [16.911080000000002, 78.661794], [16.911079500000003, 78.66179416666667], [16.91107883333333, 78.66179433333333], [16.911078166666666, 78.66179433333333], [16.91107783333333, 78.6617945], [16.91107733333333, 78.6617945], [16.911076833333333, 78.66179466666668], [16.91107633333333, 78.66179483333333], [16.911075666666665, 78.66179483333333], [16.911075333333333, 78.661795], [16.91107483333333, 78.661795], [16.91107433333333, 78.66179516666666], [16.911073833333333, 78.66179533333334], [16.911073166666664, 78.66179533333334], [16.911072833333332, 78.6617955], [16.911072333333333, 78.6617955], [16.911072, 78.66179566666666], [16.9110715, 78.66179566666666], [16.911071, 78.66179566666666], [16.9110705, 78.66179583333333], [16.911070166666665, 78.66179583333333], [16.911069833333332, 78.66179600000001], [16.9110695, 78.66179616666666], [16.911069166666667, 78.66179616666666], [16.91106883333333, 78.66179633333333], [16.9110685, 78.66179633333333], [16.911068166666666, 78.66179633333333], [16.911067833333334, 78.66179650000001], [16.911067666666668, 78.66179650000001], [16.911067333333335, 78.66179666666667], [16.911066833333333, 78.66179666666667], [16.9110665, 78.66179683333333], [16.911066166666668, 78.66179683333333], [16.911066, 78.66179699999999], [16.911065666666666, 78.66179716666667], [16.911065166666667, 78.66179716666667], [16.911065, 78.66179733333334], [16.911064666666668, 78.66179733333334], [16.911064166666666, 78.66179749999999], [16.911064, 78.66179749999999], [16.911063833333333, 78.66179766666667], [16.911063666666667, 78.66179783333334], [16.91106316666667, 78.66179783333334], [16.911062833333336, 78.661798], [16.911062333333334, 78.66179816666666], [16.911062166666667, 78.66179816666666], [16.911062, 78.66179833333334], [16.91106166666667, 78.66179833333334], [16.911061166666666, 78.6617985], [16.911060833333334, 78.66179866666667], [16.911060666666668, 78.66179866666667], [16.9110605, 78.66179866666667], [16.9110605, 78.66179883333332], [16.91106016666667, 78.661799], [16.91106016666667, 78.661799], [16.9110605, 78.661799], [16.911061500000002, 78.66179883333332], [16.91106316666667, 78.66179883333332], [16.911065, 78.6617985], [16.911067666666668, 78.66179833333334], [16.911070166666665, 78.66179833333334], [16.911073, 78.66179833333334], [16.911075333333333, 78.6617985], [16.911077666666664, 78.6617985], [16.91107933333333, 78.66179866666667], [16.9110805, 78.661799], [16.911081833333334, 78.66179916666667], [16.911083, 78.6617995], [16.911084000000002, 78.66179983333333], [16.911085, 78.6618], [16.911085833333335, 78.66180016666667], [16.911086666666666, 78.66180033333333], [16.9110875, 78.66180033333333], [16.911088666666668, 78.6618005], [16.91109, 78.66180083333333], [16.911091833333334, 78.661801], [16.911093833333332, 78.66180166666666], [16.91109583333333, 78.66180216666666], [16.911098666666664, 78.66180266666667], [16.911101, 78.66180299999999], [16.911103166666667, 78.66180366666667], [16.9111055, 78.6618045], [16.911107166666667, 78.66180533333333], [16.911108666666667, 78.661806], [16.911109166666666, 78.66180716666666]]]}}]}