recorder_seconds,gps_utc_seconds,latitude,longitude,gps_valid,gps_quality
1788700879.905,1788700394.2,78.42947933333333,17.118685333333335,True,2
1788700880.104,1788700394.4,78.42948116666666,17.118686166666667,True,2
1788700880.303,1788700394.6,78.42948283333334,17.118688666666667,True,2
1788700880.504,1788700394.8,78.42948466666667,17.11869,True,2
1788700880.704,1788700395.0,78.42948633333334,17.118691333333334,True,2
1788700880.903,1788700395.2,78.42948816666667,17.118692666666668,True,2
1788700881.102,1788700395.4,78.42949,17.118694333333334,True,2
1788700881.303,1788700395.6,78.429492,17.118695833333334,True,2
1788700881.501,1788700395.8,78.42949383333332,17.118697,True,2
1788700881.703,1788700396.0,78.42949583333333,17.1186985,True,2
1788700881.905,1788700396.2,78.42949783333333,17.118700333333333,True,2
1788700882.103,1788700396.4,78.42949966666667,17.118701833333333,True,2
1788700882.305,1788700396.6,78.4295015,17.118703166666666,True,2
1788700882.505,1788700396.8,78.42950333333333,17.1187045,True,2
1788700882.709,1788700397.0,78.42950516666666,17.118706,True,2
1788700882.904,1788700397.2,78.42950683333333,17.11870766666667,True,2
1788700883.106,1788700397.4,78.42950866666666,17.11870916666667,True,2
1788700883.305,1788700397.6,78.4295105,17.11871066666667,True,2
1788700883.502,1788700397.8,78.42951233333334,17.1187125,True,2
1788700883.704,1788700398.0,78.42951416666666,17.118714166666667,True,2
1788700883.904,1788700398.2,78.42951616666666,17.118715666666667,True,2
1788700884.103,1788700398.4,78.42951816666667,17.118717666666665,True,2
1788700884.304,1788700398.6,78.42952,17.118719333333335,True,2
1788700884.504,1788700398.8,78.42952199999999,17.118721,True,2
1788700884.704,1788700399.0,78.429524,17.118721999999998,True,2
1788700884.903,1788700399.2,78.42952583333334,17.11872333333333,True,2
1788700885.105,1788700399.4,78.42952766666667,17.118724666666665,True,2
1788700885.305,1788700399.6,78.42952933333332,17.118726499999998,True,2
1788700885.507,1788700399.8,78.42953116666666,17.118727666666665,True,2
1788700885.706,1788700400.0,78.429533,17.118729,True,2
1788700885.905,1788700400.2,78.42953483333334,17.118730666666668,True,2
1788700886.105,1788700400.4,78.42953666666668,17.118732333333334,True,2
1788700886.305,1788700400.6,78.42953866666667,17.11873466666667,True,2
1788700886.504,1788700400.8,78.4295405,17.1187365,True,2
1788700886.705,1788700401.0,78.42954266666668,17.118738166666667,True,2
1788700886.905,1788700401.2,78.42954466666667,17.118739833333333,True,2
1788700887.105,1788700401.4,78.42954666666667,17.118741333333332,True,2
1788700887.305,1788700401.6,78.4295485,17.1187425,True,2
1788700887.504,1788700401.8,78.42955033333332,17.118743333333335,True,2
1788700887.704,1788700402.0,78.429552,17.118744666666665,True,2
1788700887.904,1788700402.2,78.42955383333333,17.11874583333333,True,2
1788700888.106,1788700402.4,78.4295555,17.118747166666665,True,2
1788700888.304,1788700402.6,78.42955733333334,17.118748666666665,True,2
1788700888.504,1788700402.8,78.42955916666666,17.11875033333333,True,2
1788700888.705,1788700403.0,78.42956099999999,17.118752166666663,True,2
1788700888.904,1788700403.2,78.429563,17.118754333333335,True,2
1788700889.103,1788700403.4,78.429565,17.1187565,True,2
1788700889.301,1788700403.6,78.42956699999999,17.118758166666666,True,2
1788700889.501,1788700403.8,78.429569,17.118759666666666,True,2
1788700889.703,1788700404.0,78.429571,17.118762,True,2
1788700889.904,1788700404.2,78.42957283333334,17.118763833333333,True,2
1788700890.105,1788700404.4,78.42957466666667,17.118765333333332,True,2
1788700890.307,1788700404.6,78.4295765,17.1187665,True,2
1788700890.503,1788700404.8,78.42957833333334,17.118768333333332,True,2
1788700890.708,1788700405.0,78.42958,17.118770333333334,True,2
1788700890.908,1788700405.2,78.42958183333333,17.118771833333334,True,2
1788700891.106,1788700405.4,78.42958366666667,17.118773833333332,True,2
1788700891.306,1788700405.6,78.42958566666667,17.1187755,True,2
1788700891.505,1788700405.8,78.4295875,17.1187775,True,2
1788700891.707,1788700406.0,78.4295895,17.118779,True,2
1788700891.907,1788700406.2,78.4295915,17.118780666666666,True,2
1788700892.106,1788700406.4,78.42959333333333,17.118782,True,2
1788700892.306,1788700406.6,78.42959533333332,17.118784333333334,True,2
1788700892.506,1788700406.8,78.42959716666665,17.118786,True,2
1788700892.706,1788700407.0,78.42959900000001,17.1187875,True,2
1788700892.904,1788700407.2,78.42960083333334,17.1187885,True,2
1788700893.102,1788700407.4,78.4296025,17.118790333333333,True,2
1788700893.304,1788700407.6,78.42960433333333,17.118792499999998,True,2
1788700893.504,1788700407.8,78.42960616666666,17.1187945,True,2
1788700893.705,1788700408.0,78.429608,17.118796,True,2
1788700893.904,1788700408.2,78.42961,17.118797166666663,True,2
1788700894.107,1788700408.4,78.42961199999999,17.118798666666667,True,2
1788700894.307,1788700408.6,78.42961383333333,17.118801333333334,True,2
1788700894.504,1788700408.8,78.42961583333334,17.11880366666667,True,2
1788700894.705,1788700409.0,78.42961766666667,17.118804833333336,True,2
1788700894.906,1788700409.2,78.4296195,17.118805333333334,True,2
1788700895.105,1788700409.4,78.4296215,17.118806833333334,True,2
1788700895.306,1788700409.6,78.42962316666667,17.118809,True,2
1788700895.504,1788700409.8,78.429625,17.1188105,True,2
1788700895.705,1788700410.0,78.42962666666668,17.1188115,True,2
1788700895.905,1788700410.2,78.4296285,17.118812666666667,True,2
1788700896.106,1788700410.4,78.42963033333334,17.11881483333333,True,2
1788700896.305,1788700410.6,78.42963233333333,17.11881633333333,True,2
1788700896.506,1788700410.8,78.42963416666666,17.11881783333333,True,2
1788700896.707,1788700411.0,78.42963616666665,17.118819,True,2
1788700896.906,1788700411.2,78.42963816666666,17.118821166666667,True,2
1788700897.105,1788700411.4,78.42964016666666,17.1188225,True,2
1788700897.303,1788700411.6,78.429642,17.1188235,True,2
1788700897.504,1788700411.8,78.42964383333333,17.118824833333335,True,2
1788700897.704,1788700412.0,78.42964583333334,17.118827166666666,True,2
1788700897.904,1788700412.2,78.42964766666667,17.1188285,True,2
1788700898.104,1788700412.4,78.42964933333333,17.1188295,True,2
1788700898.305,1788700412.6,78.42965099999999,17.118831166666666,True,2
1788700898.503,1788700412.8,78.42965283333334,17.118833333333335,True,2
1788700898.702,1788700413.0,78.42965466666666,17.118835333333333,True,2
1788700898.904,1788700413.2,78.4296565,17.118837499999998,True,2
1788700899.103,1788700413.4,78.42965833333332,17.118839166666664,True,2
1788700899.304,1788700413.6,78.42966033333333,17.118841166666666,True,2
1788700899.504,1788700413.8,78.42966216666667,17.11884266666667,True,2
1788700899.704,1788700414.0,78.42966416666667,17.118844666666668,True,2
1788700899.905,1788700414.2,78.42966616666666,17.118846666666666,True,2
1788700900.101,1788700414.4,78.429668,17.118847833333334,True,2
1788700900.305,1788700414.6,78.42967,17.11884866666667,True,2
1788700900.505,1788700414.8,78.42967166666668,17.118850666666667,True,2
1788700900.705,1788700415.0,78.4296735,17.118853166666668,True,2
1788700900.905,1788700415.2,78.42967533333334,17.118855,True,2
1788700901.104,1788700415.4,78.42967700000001,17.118855833333335,True,2
1788700901.305,1788700415.6,78.42967883333334,17.118857666666667,True,2
1788700901.502,1788700415.8,78.42968066666667,17.118860166666664,True,2
1788700901.706,1788700416.0,78.4296825,17.118862666666665,True,2
1788700901.905,1788700416.2,78.4296845,17.118864499999997,True,2
1788700902.106,1788700416.4,78.42968633333334,17.118866333333337,True,2
1788700902.305,1788700416.6,78.42968833333333,17.118868000000003,True,2
1788700902.505,1788700416.8,78.42969033333334,17.11886966666667,True,2
1788700902.706,1788700417.0,78.42969216666667,17.118871833333333,True,2
1788700902.904,1788700417.2,78.429694,17.118873666666666,True,2
1788700903.103,1788700417.4,78.42969583333334,17.118875,True,2
1788700903.302,1788700417.6,78.42969766666667,17.1188765,True,2
1788700903.502,1788700417.8,78.4296995,17.118877333333334,True,2
1788700903.702,1788700418.0,78.42970116666667,17.118878666666667,True,2
1788700903.904,1788700418.2,78.429703,17.11888,True,2
1788700904.104,1788700418.4,78.42970483333333,17.118882,True,2
1788700904.302,1788700418.6,78.42970666666666,17.118883333333333,True,2
1788700904.505,1788700418.8,78.42970866666666,17.11888433333333,True,2
1788700904.705,1788700419.0,78.42971066666668,17.11888583333333,True,2
1788700904.905,1788700419.2,78.42971266666667,17.118888166666668,True,2
1788700905.104,1788700419.4,78.42971466666667,17.118889666666668,True,2
1788700905.305,1788700419.6,78.4297165,17.118890833333335,True,2
1788700905.503,1788700419.8,78.42971833333333,17.118892333333335,True,2
1788700905.706,1788700420.0,78.42972033333334,17.118894,True,2
1788700905.904,1788700420.2,78.429722,17.1188955,True,2
1788700906.104,1788700420.4,78.42972383333334,17.118897333333333,True,2
1788700906.303,1788700420.6,78.42972549999999,17.118899,True,2
1788700906.503,1788700420.8,78.42972716666667,17.1189005,True,2
1788700906.704,1788700421.0,78.429729,17.1189025,True,2
1788700906.903,1788700421.2,78.42973083333332,17.1189045,True,2
1788700907.104,1788700421.4,78.42973283333335,17.118906166666665,True,2
1788700907.303,1788700421.6,78.42973466666668,17.11890783333333,True,2
1788700907.503,1788700421.8,78.42973666666667,17.11890983333333,True,2
1788700907.707,1788700422.0,78.42973866666667,17.118911500000003,True,2
1788700907.907,1788700422.2,78.42974066666667,17.118912833333333,True,2
1788700908.104,1788700422.4,78.4297425,17.118915,True,2
1788700908.304,1788700422.6,78.42974433333333,17.118916666666667,True,2
1788700908.501,1788700422.8,78.429746,17.118918166666667,True,2
1788700908.705,1788700423.0,78.42974783333334,17.118919666666667,True,2
1788700908.905,1788700423.2,78.42974966666667,17.118921666666665,True,2
1788700909.104,1788700423.4,78.42975133333333,17.11892333333333,True,2
1788700909.304,1788700423.6,78.42975316666666,17.118925,True,2
1788700909.505,1788700423.8,78.42975499999999,17.118927166666666,True,2
1788700909.703,1788700424.0,78.42975683333334,17.118929166666664,True,2
1788700909.905,1788700424.2,78.42975866666667,17.11893083333333,True,2
1788700910.106,1788700424.4,78.42976066666667,17.118932166666664,True,2
1788700910.307,1788700424.6,78.42976266666666,17.118934666666668,True,2
1788700910.507,1788700424.8,78.42976449999999,17.1189365,True,2
1788700910.706,1788700425.0,78.4297665,17.118937833333334,True,2
1788700910.906,1788700425.2,78.42976833333334,17.118939666666666,True,2
1788700911.104,1788700425.4,78.42977016666667,17.118941833333334,True,2
1788700911.304,1788700425.6,78.42977183333333,17.118943166666668,True,2
1788700911.507,1788700425.8,78.42977366666668,17.118944666666668,True,2
1788700911.706,1788700426.0,78.4297755,17.118946333333334,True,2
1788700911.906,1788700426.2,78.42977733333333,17.1189485,True,2
1788700912.103,1788700426.4,78.42977916666668,17.1189505,True,2
1788700912.305,1788700426.6,78.429781,17.118951666666664,True,2
1788700912.502,1788700426.8,78.42978283333333,17.118953666666666,True,2
1788700912.707,1788700427.0,78.42978483333333,17.118955500000002,True,2
1788700912.904,1788700427.2,78.42978666666666,17.118957666666667,True,2
1788700913.104,1788700427.4,78.4297885,17.118959166666667,True,2
1788700913.306,1788700427.6,78.42979050000001,17.118960666666666,True,2
1788700913.505,1788700427.8,78.42979233333334,17.118962833333335,True,2
1788700913.709,1788700428.0,78.42979416666667,17.118964666666667,True,2
1788700913.908,1788700428.2,78.429796,17.1189665,True,2
1788700914.106,1788700428.4,78.42979783333334,17.118968166666665,True,2
1788700914.308,1788700428.6,78.42979966666667,17.11897,True,2
1788700914.505,1788700428.8,78.42980166666666,17.118971833333333,True,2
1788700914.737,1788700429.0,78.42980349999999,17.11897383333333,True,2
1788700914.908,1788700429.2,78.42980533333333,17.118976166666666,True,2
1788700915.108,1788700429.4,78.42980716666666,17.11897766666667,True,2
1788700915.306,1788700429.6,78.42980899999999,17.118979666666668,True,2
1788700915.507,1788700429.8,78.429811,17.1189815,True,2
1788700915.708,1788700430.0,78.42981283333333,17.118983333333333,True,2
1788700915.905,1788700430.2,78.42981466666667,17.118985000000002,True,2
1788700916.11,1788700430.4,78.42981666666667,17.118986833333334,True,2
1788700916.306,1788700430.6,78.4298185,17.118988333333334,True,2
1788700916.507,1788700430.8,78.42982033333332,17.11899,True,2
1788700916.708,1788700431.0,78.42982233333333,17.118991833333332,True,2
1788700916.907,1788700431.2,78.429824,17.118993666666665,True,2
1788700917.107,1788700431.4,78.42982583333334,17.118996,True,2
1788700917.308,1788700431.6,78.42982783333333,17.118997166666666,True,2
1788700917.506,1788700431.8,78.42982966666666,17.1189985,True,2
1788700917.707,1788700432.0,78.4298315,17.119000500000002,True,2
1788700917.908,1788700432.2,78.4298335,17.119002333333334,True,2
1788700918.11,1788700432.4,78.42983533333333,17.119004,True,2
1788700918.306,1788700432.6,78.42983733333334,17.1190055,True,2
1788700918.506,1788700432.8,78.42983916666667,17.119007166666666,True,2
1788700918.704,1788700433.0,78.42984116666666,17.119008666666666,True,2
1788700918.905,1788700433.2,78.42984299999999,17.11901,True,2
1788700919.107,1788700433.4,78.42984483333333,17.1190115,True,2
1788700919.306,1788700433.6,78.42984666666666,17.119013166666665,True,2
1788700919.505,1788700433.8,78.42984833333334,17.11901483333333,True,2
1788700919.704,1788700434.0,78.42985016666667,17.119016666666667,True,2
1788700919.908,1788700434.2,78.429852,17.119018166666667,True,2
1788700920.108,1788700434.4,78.42985383333333,17.119019666666667,True,2
1788700920.309,1788700434.6,78.42985583333333,17.119021333333333,True,2
1788700920.509,1788700434.8,78.42985783333333,17.119022833333336,True,2
1788700920.71,1788700435.0,78.42985983333332,17.119025166666667,True,2
1788700920.908,1788700435.2,78.42986166666667,17.119026833333333,True,2
1788700921.108,1788700435.4,78.42986366666668,17.1190275,True,2
1788700921.308,1788700435.6,78.42986583333332,17.119028333333333,True,2
1788700921.507,1788700435.8,78.42986766666667,17.11903016666667,True,2
1788700921.709,1788700436.0,78.4298695,17.119031833333334,True,2
1788700921.909,1788700436.2,78.42987133333332,17.119032666666666,True,2
1788700922.108,1788700436.4,78.429873,17.119033833333333,True,2
1788700922.305,1788700436.6,78.42987483333333,17.119035,True,2
1788700922.507,1788700436.8,78.4298765,17.119037,True,2
1788700922.708,1788700437.0,78.42987833333333,17.1190385,True,2
1788700922.908,1788700437.2,78.42988016666666,17.119039833333332,True,2
1788700923.106,1788700437.4,78.42988216666666,17.11904183333333,True,2
1788700923.304,1788700437.6,78.42988416666667,17.119043166666664,True,2
1788700923.503,1788700437.8,78.42988616666666,17.11904483333333,True,2
1788700923.703,1788700438.0,78.42988833333334,17.11904666666667,True,2
1788700923.903,1788700438.2,78.42989033333333,17.11904816666667,True,2
1788700924.104,1788700438.4,78.42989233333333,17.11904966666667,True,2
1788700924.306,1788700438.6,78.42989416666666,17.119051833333334,True,2
1788700924.502,1788700438.8,78.429896,17.1190535,True,2
1788700924.702,1788700439.0,78.42989783333334,17.119055,True,2
1788700924.908,1788700439.2,78.42989949999999,17.1190565,True,2
1788700925.104,1788700439.4,78.42990133333333,17.1190585,True,2
1788700925.307,1788700439.6,78.429903,17.119060333333334,True,2
1788700925.506,1788700439.8,78.42990499999999,17.11906133333333,True,2
1788700925.706,1788700440.0,78.429907,17.119063166666667,True,2
1788700925.905,1788700440.2,78.42990883333333,17.119065,True,2
1788700926.104,1788700440.4,78.42991083333332,17.11906683333333,True,2
1788700926.305,1788700440.6,78.42991283333335,17.119067833333336,True,2
1788700926.504,1788700440.8,78.42991483333334,17.119069000000003,True,2
1788700926.705,1788700441.0,78.42991666666667,17.119071,True,2
1788700926.905,1788700441.2,78.4299185,17.11907216666667,True,2
1788700927.103,1788700441.4,78.42992033333333,17.119072666666668,True,2
1788700927.303,1788700441.6,78.429922,17.119074166666667,True,2
1788700927.503,1788700441.8,78.42992383333333,17.11907666666667,True,2
1788700927.705,1788700442.0,78.42992550000001,17.119078333333334,True,2
1788700927.904,1788700442.2,78.42992733333334,17.119079166666666,True,2
1788700928.106,1788700442.4,78.42992916666667,17.119080666666665,True,2
1788700928.32,1788700442.6,78.42993116666666,17.1190835,True,2
1788700928.503,1788700442.8,78.42993316666666,17.119085666666667,True,2
1788700928.703,1788700443.0,78.42993516666667,17.11908683333333,True,2
1788700928.904,1788700443.2,78.42993700000001,17.11908833333333,True,2
1788700929.103,1788700443.4,78.429939,17.119090333333336,True,2
1788700929.304,1788700443.6,78.42994083333333,17.119091500000003,True,2
1788700929.502,1788700443.8,78.4299425,17.119092166666668,True,2
1788700929.706,1788700444.0,78.42994433333334,17.119093833333334,True,2
1788700929.904,1788700444.2,78.429946,17.11909616666667,True,2
1788700930.101,1788700444.4,78.42994766666668,17.119097500000002,True,2
1788700930.305,1788700444.6,78.4299495,17.1190985,True,2
1788700930.505,1788700444.8,78.42995133333334,17.119100166666666,True,2
1788700930.707,1788700445.0,78.42995316666666,17.119102666666667,True,2
1788700930.906,1788700445.2,78.42995533333333,17.119104333333333,True,2
1788700931.104,1788700445.4,78.42995733333333,17.119105833333332,True,2
1788700931.303,1788700445.6,78.42995933333333,17.1191075,True,2
1788700931.502,1788700445.8,78.42996133333332,17.119108999999998,True,2
1788700931.705,1788700446.0,78.42996333333333,17.11911033333333,True,2
1788700931.904,1788700446.2,78.42996516666668,17.11911183333333,True,2
1788700932.103,1788700446.4,78.42996683333334,17.119113000000002,True,2
1788700932.303,1788700446.6,78.42996866666667,17.119114333333336,True,2
1788700932.504,1788700446.8,78.42997033333333,17.119116166666668,True,2
1788700932.704,1788700447.0,78.42997199999999,17.119118166666667,True,2
1788700932.902,1788700447.2,78.42997366666667,17.119119666666666,True,2
1788700933.104,1788700447.4,78.42997566666666,17.119121166666666,True,2
1788700933.304,1788700447.6,78.42997766666667,17.119123333333334,True,2
1788700933.503,1788700447.8,78.42997966666667,17.1191255,True,2
1788700933.702,1788700448.0,78.42998166666666,17.119126666666666,True,2
1788700933.903,1788700448.2,78.42998366666667,17.119128,True,2
1788700934.104,1788700448.4,78.42998566666667,17.119129833333332,True,2
1788700934.302,1788700448.6,78.42998766666666,17.119131666666664,True,2
1788700934.505,1788700448.8,78.42998949999999,17.119132999999998,True,2
1788700934.704,1788700449.0,78.42999133333333,17.119133833333333,True,2
1788700934.904,1788700449.2,78.42999283333333,17.119135500000002,True,2
1788700935.104,1788700449.4,78.42999466666667,17.11913716666667,True,2
1788700935.303,1788700449.6,78.42999633333334,17.119138666666668,True,2
1788700935.503,1788700449.8,78.42999816666666,17.119139833333335,True,2
1788700935.703,1788700450.0,78.43,17.11914116666667,True,2
1788700935.905,1788700450.2,78.43000183333334,17.119144,True,2
1788700936.106,1788700450.4,78.43000383333333,17.119145666666668,True,2
1788700936.307,1788700450.6,78.43000583333334,17.119146833333332,True,2
1788700936.505,1788700450.8,78.43000783333333,17.119148,True,2
1788700936.706,1788700451.0,78.43000983333333,17.119150166666667,True,2
1788700936.905,1788700451.2,78.43001166666666,17.119151833333333,True,2
1788700937.105,1788700451.4,78.4300135,17.11915283333333,True,2
1788700937.304,1788700451.6,78.43001533333333,17.119153999999998,True,2
1788700937.504,1788700451.8,78.43001699999999,17.119155999999997,True,2
1788700937.704,1788700452.0,78.43001866666667,17.11915733333333,True,2
1788700937.906,1788700452.2,78.4300205,17.119158333333335,True,2
1788700938.102,1788700452.4,78.43002233333333,17.11915966666667,True,2
1788700938.301,1788700452.6,78.43002416666667,17.119161833333333,True,2
1788700938.501,1788700452.8,78.430026,17.119164,True,2
1788700938.704,1788700453.0,78.43002783333333,17.119165333333335,True,2
1788700938.904,1788700453.2,78.43002983333334,17.119166833333335,True,2
1788700939.104,1788700453.4,78.43003183333333,17.1191685,True,2
1788700939.302,1788700453.6,78.43003366666667,17.119169833333334,True,2
1788700939.504,1788700453.8,78.43003566666667,17.1191715,True,2
1788700939.706,1788700454.0,78.4300375,17.1191735,True,2
1788700939.905,1788700454.2,78.43003933333333,17.119175166666665,True,2
1788700940.104,1788700454.4,78.430041,17.119176166666666,True,2
1788700940.305,1788700454.6,78.43004283333333,17.119176999999997,True,2
1788700940.505,1788700454.8,78.4300445,17.119178833333333,True,2
1788700940.707,1788700455.0,78.43004633333334,17.119181166666667,True,2
1788700940.906,1788700455.2,78.43004816666667,17.119183,True,2
1788700941.103,1788700455.4,78.43005,17.1191845,True,2
1788700941.305,1788700455.6,78.43005199999999,17.119185666666667,True,2
1788700941.505,1788700455.8,78.430054,17.1191885,True,2
1788700941.705,1788700456.0,78.430056,17.119190333333332,True,2
1788700941.906,1788700456.2,78.43005783333334,17.119192333333334,True,2
1788700942.105,1788700456.4,78.43005966666666,17.119194333333333,True,2
1788700942.304,1788700456.6,78.43006166666667,17.1191955,True,2
1788700942.504,1788700456.8,78.4300635,17.119196833333334,True,2
1788700942.705,1788700457.0,78.43006533333333,17.119198833333332,True,2
1788700942.903,1788700457.2,78.430067,17.119200666666664,True,2
1788700943.106,1788700457.4,78.43006883333334,17.11920183333333,True,2
1788700943.304,1788700457.6,78.43007066666668,17.11920316666667,True,2
1788700943.502,1788700457.8,78.43007250000001,17.119205166666667,True,2
1788700943.703,1788700458.0,78.43007433333334,17.119206333333334,True,2
1788700943.902,1788700458.2,78.43007616666667,17.1192075,True,2
1788700944.102,1788700458.4,78.43007800000001,17.119209333333334,True,2
1788700944.304,1788700458.6,78.43008,17.119212,True,2
1788700944.503,1788700458.8,78.43008183333333,17.119213333333335,True,2
1788700944.706,1788700459.0,78.43008383333334,17.119214166666666,True,2
1788700944.905,1788700459.2,78.43008583333334,17.119215999999998,True,2
1788700945.106,1788700459.4,78.43008783333333,17.1192185,True,2
1788700945.303,1788700459.6,78.43008966666666,17.119219833333332,True,2
1788700945.505,1788700459.8,78.43009149999999,17.119220833333333,True,2
1788700945.709,1788700460.0,78.43009333333333,17.119222333333333,True,2
1788700945.907,1788700460.2,78.43009516666666,17.119223833333333,True,2
1788700946.104,1788700460.4,78.43009683333334,17.119225333333336,True,2
1788700946.304,1788700460.6,78.4300985,17.11922666666667,True,2
1788700946.504,1788700460.8,78.43010033333333,17.11922816666667,True,2
1788700946.703,1788700461.0,78.430102,17.11923,True,2
1788700946.906,1788700461.2,78.43010383333333,17.119231833333334,True,2
1788700947.106,1788700461.4,78.43010583333333,17.119234,True,2
1788700947.304,1788700461.6,78.43010783333334,17.119235833333335,True,2
1788700947.504,1788700461.8,78.43010983333333,17.119237166666668,True,2
1788700947.705,1788700462.0,78.43011183333333,17.119238833333334,True,2
1788700947.905,1788700462.2,78.43011383333334,17.119240666666666,True,2
1788700948.103,1788700462.4,78.43011583333333,17.1192425,True,2
1788700948.304,1788700462.6,78.43011766666667,17.119244,True,2
1788700948.503,1788700462.8,78.43011933333334,17.119245166666666,True,2
1788700948.703,1788700463.0,78.43012116666667,17.1192465,True,2
1788700948.903,1788700463.2,78.43012283333334,17.11924816666667,True,2
1788700949.103,1788700463.4,78.43012449999999,17.11924966666667,True,2
1788700949.303,1788700463.6,78.43012616666667,17.119251333333334,True,2
1788700949.502,1788700463.8,78.43012816666666,17.1192535,True,2
1788700949.704,1788700464.0,78.43013016666667,17.11925516666667,True,2
1788700949.903,1788700464.2,78.43013216666667,17.1192565,True,2
1788700950.104,1788700464.4,78.43013416666666,17.119257666666666,True,2
1788700950.304,1788700464.6,78.43013633333334,17.119259833333334,True,2
1788700950.503,1788700464.8,78.43013833333333,17.119262,True,2
1788700950.705,1788700465.0,78.43014016666666,17.119263,True,2
1788700950.903,1788700465.2,78.43014199999999,17.1192635,True,2
1788700951.104,1788700465.4,78.43014383333335,17.119265166666665,True,2
1788700951.305,1788700465.6,78.43014566666668,17.119266999999997,True,2
1788700951.504,1788700465.8,78.43014716666667,17.119268666666667,True,2
1788700951.705,1788700466.0,78.43014883333333,17.119269666666664,True,2
1788700951.906,1788700466.2,78.43015066666666,17.11927166666667,True,2
1788700952.104,1788700466.4,78.4301525,17.119274,True,2
1788700952.304,1788700466.6,78.4301545,17.119275833333333,True,2
1788700952.506,1788700466.8,78.43015650000001,17.119277333333333,True,2
1788700952.706,1788700467.0,78.4301585,17.11927916666667,True,2
1788700952.905,1788700467.2,78.43016066666668,17.119281,True,2
1788700953.107,1788700467.4,78.43016250000001,17.119282666666667,True,2
1788700953.305,1788700467.6,78.4301645,17.119284166666667,True,2
1788700953.502,1788700467.8,78.43016633333333,17.1192855,True,2
1788700953.704,1788700468.0,78.43016816666666,17.119286,True,2
1788700953.905,1788700468.2,78.43016983333334,17.1192875,True,2
1788700954.104,1788700468.4,78.4301715,17.119289666666667,True,2
1788700954.303,1788700468.6,78.43017316666666,17.11929183333333,True,2
1788700954.503,1788700468.8,78.43017499999999,17.119293000000003,True,2
1788700954.705,1788700469.0,78.43017683333333,17.119294333333336,True,2
1788700954.903,1788700469.2,78.43017883333333,17.119296666666667,True,2
1788700955.105,1788700469.4,78.43018083333332,17.119298833333335,True,2
1788700955.304,1788700469.6,78.43018283333335,17.119299833333333,True,2
1788700955.505,1788700469.8,78.430185,17.119301166666666,True,2
1788700955.705,1788700470.0,78.43018683333334,17.119303,True,2
1788700955.907,1788700470.2,78.43018883333335,17.119304333333332,True,2
1788700956.106,1788700470.4,78.4301905,17.119305333333333,True,2
1788700956.303,1788700470.6,78.43019233333332,17.119306666666667,True,2
1788700956.504,1788700470.8,78.430194,17.1193085,True,2
1788700956.703,1788700471.0,78.43019566666666,17.119310166666665,True,2
1788700956.904,1788700471.2,78.4301975,17.119311666666665,True,2
1788700957.102,1788700471.4,78.43019933333333,17.119313833333333,True,2
1788700957.303,1788700471.6,78.43020116666666,17.119316166666668,True,2
1788700957.503,1788700471.8,78.43020316666666,17.119318333333336,True,2
1788700957.702,1788700472.0,78.43020516666667,17.119319833333336,True,2
1788700957.904,1788700472.2,78.43020716666666,17.1193215,True,2
1788700958.104,1788700472.4,78.43020916666666,17.119323333333334,True,2
1788700958.305,1788700472.6,78.43021116666667,17.119325166666666,True,2
1788700958.504,1788700472.8,78.43021300000001,17.119326833333332,True,2
1788700958.702,1788700473.0,78.43021483333334,17.119327833333333,True,2
1788700958.903,1788700473.2,78.43021666666667,17.1193295,True,2
1788700959.1,1788700473.4,78.43021816666666,17.119331,True,2
1788700959.304,1788700473.6,78.43021983333333,17.119332666666665,True,2
1788700959.503,1788700473.8,78.43022166666667,17.119334166666665,True,2
1788700959.705,1788700474.0,78.4302235,17.119336166666667,True,2
1788700959.904,1788700474.2,78.43022533333333,17.119338333333335,True,2
1788700960.103,1788700474.4,78.43022733333333,17.119339333333336,True,2
1788700960.304,1788700474.6,78.43022933333333,17.119340166666667,True,2
1788700960.502,1788700474.8,78.43023133333332,17.11934216666667,True,2
1788700960.707,1788700475.0,78.43023316666667,17.119344333333334,True,2
1788700960.905,1788700475.2,78.43023516666668,17.1193455,True,2
1788700961.105,1788700475.4,78.430237,17.1193465,True,2
1788700961.303,1788700475.6,78.43023883333333,17.11934816666667,True,2
1788700961.503,1788700475.8,78.43024066666666,17.11935,True,2
1788700961.705,1788700476.0,78.43024233333334,17.119352,True,2
1788700961.902,1788700476.2,78.43024399999999,17.11935383333333,True,2
1788700962.104,1788700476.4,78.43024583333333,17.11935533333333,True,2
1788700962.303,1788700476.6,78.43024783333334,17.11935683333333,True,2
1788700962.503,1788700476.8,78.43024966666667,17.119359333333332,True,2
1788700962.705,1788700477.0,78.4302515,17.119361333333334,True,2
1788700962.904,1788700477.2,78.43025333333334,17.119362666666667,True,2
1788700963.103,1788700477.4,78.43025533333333,17.119363833333335,True,2
1788700963.302,1788700477.6,78.43025733333334,17.1193655,True,2
1788700963.501,1788700477.8,78.43025916666667,17.11936766666667,True,2
1788700963.703,1788700478.0,78.430261,17.11936916666667,True,2
1788700963.903,1788700478.2,78.430263,17.119369666666667,True,2
1788700964.103,1788700478.4,78.43026466666667,17.1193715,True,2
1788700964.303,1788700478.6,78.4302665,17.1193735,True,2
1788700964.503,1788700478.8,78.43026833333333,17.119375333333334,True,2
1788700964.705,1788700479.0,78.43027016666666,17.119377,True,2
1788700964.902,1788700479.2,78.430272,17.119378666666666,True,2
1788700965.102,1788700479.4,78.430274,17.119380333333332,True,2
1788700965.302,1788700479.6,78.43027583333333,17.119381833333332,True,2
1788700965.501,1788700479.8,78.43027783333334,17.119383833333334,True,2
1788700965.702,1788700480.0,78.43027966666666,17.119385833333336,True,2
1788700965.902,1788700480.2,78.4302815,17.119387333333336,True,2
1788700966.101,1788700480.4,78.4302835,17.11938866666667,True,2
1788700966.304,1788700480.6,78.43028533333333,17.11939,True,2
1788700966.505,1788700480.8,78.43028733333334,17.119391833333335,True,2
1788700966.704,1788700481.0,78.43028916666667,17.119394166666666,True,2
1788700966.903,1788700481.2,78.430291,17.119395833333332,True,2
1788700967.103,1788700481.4,78.43029283333334,17.119397333333332,True,2
1788700967.305,1788700481.6,78.43029483333333,17.11939883333333,True,2
1788700967.503,1788700481.8,78.43029666666666,17.119401,True,2
1788700967.704,1788700482.0,78.43029849999999,17.119402833333332,True,2
1788700967.903,1788700482.2,78.4303005,17.119404333333332,True,2
1788700968.102,1788700482.4,78.4303025,17.119406166666668,True,2
1788700968.302,1788700482.6,78.43030433333334,17.119408,True,2
1788700968.502,1788700482.8,78.43030616666667,17.119410000000002,True,2
1788700968.702,1788700483.0,78.43030816666666,17.119411333333336,True,2
1788700968.907,1788700483.2,78.43031016666667,17.1194125,True,2
1788700969.106,1788700483.4,78.430312,17.119414666666668,True,2
1788700969.303,1788700483.6,78.430314,17.119417,True,2
1788700969.502,1788700483.8,78.43031583333332,17.119418,True,2
1788700969.705,1788700484.0,78.43031766666667,17.119418666666665,True,2
1788700969.903,1788700484.2,78.43031966666668,17.119420333333334,True,2
1788700970.102,1788700484.4,78.4303215,17.11942283333333,True,2
1788700970.303,1788700484.6,78.43032333333333,17.119424166666665,True,2
1788700970.504,1788700484.8,78.43032516666668,17.119424499999997,True,2
1788700970.704,1788700485.0,78.430327,17.119426166666663,True,2
1788700970.904,1788700485.2,78.43032883333333,17.11942816666667,True,2
1788700971.105,1788700485.4,78.43033066666666,17.119430166666668,True,2
1788700971.306,1788700485.6,78.4303325,17.119431333333335,True,2
1788700971.5,1788700485.8,78.43033433333333,17.119433,True,2
1788700971.704,1788700486.0,78.43033633333333,17.119434666666667,True,2
1788700971.903,1788700486.2,78.43033833333334,17.119437,True,2
1788700972.104,1788700486.4,78.43034016666667,17.119438333333335,True,2
1788700972.305,1788700486.6,78.43034216666666,17.11944,True,2
1788700972.505,1788700486.8,78.430344,17.119441333333334,True,2
1788700972.705,1788700487.0,78.43034583333333,17.119443333333333,True,2
1788700972.902,1788700487.2,78.43034766666666,17.1194445,True,2
1788700973.103,1788700487.4,78.43034949999999,17.11944533333333,True,2
1788700973.304,1788700487.6,78.43035133333333,17.119446999999997,True,2
1788700973.507,1788700487.8,78.43035316666666,17.119448833333333,True,2
1788700973.704,1788700488.0,78.43035483333333,17.119449999999997,True,2
1788700973.905,1788700488.2,78.43035666666667,17.119451333333334,True,2
1788700974.101,1788700488.4,78.43035866666668,17.1194525,True,2
1788700974.301,1788700488.6,78.43036066666667,17.1194545,True,2
1788700974.502,1788700488.8,78.4303625,17.119456500000002,True,2
1788700974.705,1788700489.0,78.4303645,17.119458333333334,True,2
1788700974.904,1788700489.2,78.4303665,17.119459666666668,True,2
1788700975.103,1788700489.4,78.43036833333333,17.119461166666667,True,2
1788700975.303,1788700489.6,78.43037033333333,17.119462833333333,True,2
1788700975.503,1788700489.8,78.43037233333332,17.119464666666666,True,2
1788700975.703,1788700490.0,78.430374,17.119466666666664,True,2
1788700975.906,1788700490.2,78.43037583333333,17.119468166666664,True,2
1788700976.105,1788700490.4,78.4303775,17.11946933333333,True,2
1788700976.304,1788700490.6,78.4303795,17.119470666666665,True,2
1788700976.502,1788700490.8,78.43038116666666,17.119472666666663,True,2
1788700976.704,1788700491.0,78.43038299999999,17.119474333333336,True,2
1788700976.905,1788700491.2,78.43038483333333,17.119475833333336,True,2
1788700977.103,1788700491.4,78.43038683333333,17.119477166666666,True,2
1788700977.307,1788700491.6,78.43038883333334,17.119478166666667,True,2
1788700977.505,1788700491.8,78.43039066666667,17.119479666666667,True,2
1788700977.704,1788700492.0,78.43039266666666,17.1194815,True,2
1788700977.905,1788700492.2,78.43039466666667,17.119482833333333,True,2
1788700978.105,1788700492.4,78.4303965,17.1194835,True,2
1788700978.304,1788700492.6,78.43039816666666,17.119485,True,2
1788700978.503,1788700492.8,78.43039999999999,17.119486833333333,True,2
1788700978.706,1788700493.0,78.43040183333332,17.11948883333333,True,2
1788700978.906,1788700493.2,78.43040366666668,17.119490166666665,True,2
1788700979.104,1788700493.4,78.4304055,17.11949183333333,True,2
1788700979.302,1788700493.6,78.43040733333333,17.119493666666664,True,2
1788700979.503,1788700493.8,78.43040933333333,17.119495333333337,True,2
1788700979.703,1788700494.0,78.43041116666667,17.119496833333336,True,2
1788700979.901,1788700494.2,78.43041316666667,17.11949866666667,True,2
1788700980.103,1788700494.4,78.430415,17.1195005,True,2
1788700980.304,1788700494.6,78.430417,17.119502,True,2
1788700980.502,1788700494.8,78.43041883333333,17.119503833333333,True,2
1788700980.706,1788700495.0,78.43042083333333,17.119505333333333,True,2
1788700980.906,1788700495.2,78.43042266666666,17.119507166666665,True,2
1788700981.105,1788700495.4,78.43042466666667,17.119508833333335,True,2
1788700981.304,1788700495.6,78.43042650000001,17.119510833333333,True,2
1788700981.505,1788700495.8,78.43042833333334,17.119512333333333,True,2
1788700981.707,1788700496.0,78.43042999999999,17.119514,True,2
1788700981.904,1788700496.2,78.43043200000001,17.11951583333333,True,2
1788700982.106,1788700496.4,78.43043366666667,17.119517499999997,True,2
1788700982.307,1788700496.6,78.43043566666667,17.119519333333336,True,2
1788700982.503,1788700496.8,78.4304375,17.119520833333336,True,2
1788700982.706,1788700497.0,78.43043949999999,17.119522333333336,True,2
1788700982.905,1788700497.2,78.4304415,17.119524333333334,True,2
1788700983.107,1788700497.4,78.43044333333334,17.119526166666667,True,2
1788700983.305,1788700497.6,78.43044533333334,17.1195275,True,2
1788700983.506,1788700497.8,78.43044733333333,17.119529666666665,True,2
1788700983.704,1788700498.0,78.43044916666666,17.119531666666667,True,2
1788700983.905,1788700498.2,78.43045116666667,17.119532666666665,True,2
1788700984.104,1788700498.4,78.430453,17.119533833333332,True,2
1788700984.305,1788700498.6,78.43045483333334,17.119535666666664,True,2
1788700984.504,1788700498.8,78.4304565,17.1195375,True,2
1788700984.702,1788700499.0,78.43045833333333,17.119538666666664,True,2
1788700984.91,1788700499.2,78.43046,17.119540333333337,True,2
1788700985.105,1788700499.4,78.43046183333333,17.119541666666667,True,2
1788700985.304,1788700499.6,78.43046383333333,17.119543333333336,True,2
1788700985.505,1788700499.8,78.43046566666666,17.11954516666667,True,2
1788700985.707,1788700500.0,78.43046766666666,17.119547333333333,True,2
1788700985.906,1788700500.2,78.4304695,17.119549166666665,True,2
1788700986.106,1788700500.4,78.43047150000001,17.1195505,True,2
1788700986.307,1788700500.6,78.43047366666666,17.119551833333333,True,2
1788700986.508,1788700500.8,78.4304755,17.119553666666665,True,2
1788700986.703,1788700501.0,78.43047733333333,17.119555333333334,True,2
1788700986.904,1788700501.2,78.43047916666666,17.119557333333333,True,2
1788700987.105,1788700501.4,78.430481,17.119558333333334,True,2
1788700987.314,1788700501.6,78.43048266666666,17.11955933333333,True,2
1788700987.503,1788700501.8,78.43048433333334,17.119561333333333,True,2
1788700987.704,1788700502.0,78.43048616666667,17.1195635,True,2
1788700987.904,1788700502.2,78.43048783333333,17.119565166666668,True,2
1788700988.101,1788700502.4,78.43048983333333,17.119566333333335,True,2
1788700988.306,1788700502.6,78.43049183333332,17.119568333333333,True,2
1788700988.505,1788700502.8,78.43049366666668,17.119570666666668,True,2
1788700988.704,1788700503.0,78.43049566666667,17.1195725,True,2
1788700988.903,1788700503.2,78.43049783333332,17.119573333333335,True,2
1788700989.103,1788700503.4,78.43049983333334,17.119575166666667,True,2
1788700989.304,1788700503.6,78.43050166666667,17.1195765,True,2
1788700989.501,1788700503.8,78.4305035,17.119578166666667,True,2
1788700989.704,1788700504.0,78.43050533333333,17.1195795,True,2
1788700989.905,1788700504.2,78.43050716666667,17.119580833333334,True,2
1788700990.106,1788700504.4,78.43050883333333,17.119582166666664,True,2
1788700990.303,1788700504.6,78.43051050000001,17.11958333333333,True,2
1788700990.503,1788700504.8,78.43051216666666,17.119585166666663,True,2
1788700990.706,1788700505.0,78.43051416666667,17.119587333333335,True,2
1788700990.903,1788700505.2,78.430516,17.119589,True,2
1788700991.106,1788700505.4,78.43051783333334,17.1195905,True,2
1788700991.305,1788700505.6,78.43051999999999,17.119592666666666,True,2
1788700991.505,1788700505.8,78.43052216666666,17.119595,True,2
1788700991.704,1788700506.0,78.43052416666666,17.1195965,True,2
1788700991.905,1788700506.2,78.430526,17.119597666666667,True,2
1788700992.106,1788700506.4,78.43052800000001,17.119599333333333,True,2
1788700992.305,1788700506.6,78.43052983333334,17.119601166666666,True,2
1788700992.505,1788700506.8,78.4305315,17.119602999999998,True,2
1788700992.705,1788700507.0,78.43053333333334,17.119604,True,2
1788700992.905,1788700507.2,78.43053499999999,17.119605666666665,True,2
1788700993.105,1788700507.4,78.43053666666667,17.11960733333333,True,2
1788700993.304,1788700507.6,78.4305385,17.119608666666668,True,2
1788700993.502,1788700507.8,78.43054033333333,17.119610666666667,True,2
1788700993.703,1788700508.0,78.43054216666665,17.119612500000002,True,2
1788700993.903,1788700508.2,78.43054416666668,17.119614333333335,True,2
1788700994.105,1788700508.4,78.43054633333333,17.119616,True,2
1788700994.303,1788700508.6,78.43054833333333,17.119618,True,2
1788700994.502,1788700508.8,78.43055016666668,17.119619833333335,True,2
1788700994.702,1788700509.0,78.43055216666667,17.1196205,True,2
1788700994.903,1788700509.2,78.43055416666667,17.119621666666667,True,2
1788700995.104,1788700509.4,78.43055583333333,17.119623666666666,True,2
1788700995.306,1788700509.6,78.4305575,17.11962533333333,True,2
1788700995.502,1788700509.8,78.43055916666667,17.11962683333333,True,2
1788700995.705,1788700510.0,78.43056083333333,17.119627666666666,True,2
1788700995.905,1788700510.2,78.43056266666667,17.119629333333332,True,2
1788700996.103,1788700510.4,78.4305645,17.119631833333337,True,2
1788700996.301,1788700510.6,78.43056633333335,17.119634,True,2
1788700996.502,1788700510.8,78.43056833333334,17.119635666666667,True,2
1788700996.702,1788700511.0,78.43057033333334,17.119637,True,2
1788700996.902,1788700511.2,78.4305725,17.119638833333333,True,2
1788700997.103,1788700511.4,78.43057449999999,17.119641166666668,True,2
1788700997.303,1788700511.6,78.43057633333333,17.119642666666667,True,2
1788700997.503,1788700511.8,78.43057833333334,17.119643833333335,True,2
1788700997.704,1788700512.0,78.43057999999999,17.119645333333334,True,2
1788700997.904,1788700512.2,78.43058183333332,17.119646666666664,True,2
1788700998.102,1788700512.4,78.4305835,17.119648166666664,True,2
1788700998.302,1788700512.6,78.43058516666666,17.119649499999998,True,2
1788700998.502,1788700512.8,78.430587,17.119651333333334,True,2
1788700998.703,1788700513.0,78.43058866666667,17.119653000000003,True,2
1788700998.903,1788700513.2,78.43059050000001,17.11965466666667,True,2
1788700999.101,1788700513.4,78.4305925,17.119656000000003,True,2
1788700999.304,1788700513.6,78.43059450000001,17.119658,True,2
1788700999.503,1788700513.8,78.43059650000001,17.119660500000002,True,2
1788700999.705,1788700514.0,78.4305985,17.119661833333332,True,2
1788700999.905,1788700514.2,78.43060050000001,17.1196635,True,2
1788701000.105,1788700514.4,78.4306025,17.119665333333334,True,2
1788701000.305,1788700514.6,78.43060416666667,17.119666833333333,True,2
1788701000.503,1788700514.8,78.430606,17.119668,True,2
1788701000.707,1788700515.0,78.43060766666667,17.11967,True,2
1788701000.906,1788700515.2,78.4306095,17.1196715,True,2
1788701001.105,1788700515.4,78.43061116666667,17.119673,True,2
1788701001.305,1788700515.6,78.430613,17.1196745,True,2
1788701001.504,1788700515.8,78.43061483333332,17.119676166666668,True,2
1788701001.704,1788700516.0,78.43061666666668,17.119678333333333,True,2
1788701001.903,1788700516.2,78.43061850000001,17.119679833333333,True,2
1788701002.106,1788700516.4,78.4306205,17.119681333333332,True,2
1788701002.307,1788700516.6,78.4306225,17.119682666666666,True,2
1788701002.504,1788700516.8,78.43062433333333,17.119684666666668,True,2
1788701002.705,1788700517.0,78.43062633333334,17.1196865,True,2
1788701002.904,1788700517.2,78.43062816666666,17.119687833333334,True,2
1788701003.105,1788700517.4,78.43063016666666,17.119689,True,2
1788701003.302,1788700517.6,78.430632,17.119691166666666,True,2
1788701003.506,1788700517.8,78.43063383333333,17.119692666666666,True,2
1788701003.704,1788700518.0,78.43063550000001,17.119693666666667,True,2
1788701003.903,1788700518.2,78.43063733333334,17.1196955,True,2
1788701004.103,1788700518.4,78.43063916666667,17.119697666666664,True,2
1788701004.304,1788700518.6,78.430641,17.119699,True,2
1788701004.502,1788700518.8,78.43064283333334,17.1197,True,2
1788701004.702,1788700519.0,78.43064466666667,17.119702,True,2
1788701004.903,1788700519.2,78.4306465,17.119704666666667,True,2
1788701005.103,1788700519.4,78.4306485,17.119705833333335,True,2
1788701005.305,1788700519.6,78.4306505,17.119706666666666,True,2
1788701005.502,1788700519.8,78.43065233333333,17.119708,True,2
1788701005.705,1788700520.0,78.43065433333332,17.119710166666668,True,2
1788701005.907,1788700520.2,78.43065616666667,17.119712,True,2
1788701006.103,1788700520.4,78.430658,17.1197135,True,2
1788701006.302,1788700520.6,78.43065983333332,17.119714833333333,True,2
1788701006.502,1788700520.8,78.43066166666668,17.119715666666664,True,2
1788701006.703,1788700521.0,78.43066350000001,17.1197175,True,2
1788701006.903,1788700521.2,78.43066516666666,17.119719666666665,True,2
1788701007.104,1788700521.4,78.430667,17.119721666666667,True,2
1788701007.3,1788700521.6,78.43066883333333,17.119722666666668,True,2
1788701007.5,1788700521.8,78.43067066666667,17.119723833333335,True,2
1788701007.704,1788700522.0,78.43067266666667,17.119725666666668,True,2
1788701007.903,1788700522.2,78.4306745,17.119728000000002,True,2
1788701008.103,1788700522.4,78.43067649999999,17.119730166666667,True,2
1788701008.301,1788700522.6,78.43067833333333,17.119731333333334,True,2
1788701008.503,1788700522.8,78.43068033333334,17.1197325,True,2
1788701008.703,1788700523.0,78.43068233333334,17.119734166666667,True,2
1788701008.903,1788700523.2,78.43068416666667,17.119736,True,2
1788701009.105,1788700523.4,78.43068583333334,17.119737833333332,True,2
1788701009.306,1788700523.6,78.43068766666667,17.119739499999998,True,2
1788701009.503,1788700523.8,78.43068933333333,17.11974083333333,True,2
1788701009.703,1788700524.0,78.43069116666668,17.119742666666664,True,2
1788701009.904,1788700524.2,78.430693,17.119744833333336,True,2
1788701010.102,1788700524.4,78.43069483333333,17.119747,True,2
1788701010.305,1788700524.6,78.43069666666666,17.119749000000002,True,2
1788701010.503,1788700524.8,78.43069866666666,17.119751,True,2
1788701010.702,1788700525.0,78.43070066666668,17.119752666666667,True,2
1788701010.901,1788700525.2,78.43070250000001,17.119754666666665,True,2
1788701011.103,1788700525.4,78.4307045,17.119756166666665,True,2
1788701011.305,1788700525.6,78.43070633333333,17.1197575,True,2
1788701011.502,1788700525.8,78.43070816666666,17.119759,True,2
1788701011.704,1788700526.0,78.43071,17.11976083333333,True,2
1788701011.902,1788700526.2,78.43071166666667,17.119761999999998,True,2
1788701012.102,1788700526.4,78.4307135,17.119762666666666,True,2
1788701012.303,1788700526.6,78.43071533333334,17.11976383333333,True,2
1788701012.503,1788700526.8,78.43071716666667,17.119765833333336,True,2
1788701012.706,1788700527.0,78.430719,17.119767666666668,True,2
1788701012.903,1788700527.2,78.43072099999999,17.119769,True,2
1788701013.106,1788700527.4,78.430723,17.119770333333335,True,2
1788701013.307,1788700527.6,78.430725,17.119772333333334,True,2
1788701013.506,1788700527.8,78.43072699999999,17.119773666666667,True,2
1788701013.705,1788700528.0,78.430729,17.119775166666667,True,2
1788701013.904,1788700528.2,78.43073083333334,17.119776333333334,True,2
1788701014.104,1788700528.4,78.43073283333334,17.11977733333333,True,2
1788701014.301,1788700528.6,78.4307345,17.1197785,True,2
1788701014.504,1788700528.8,78.43073616666668,17.119779333333334,True,2
1788701014.705,1788700529.0,78.430738,17.119780666666667,True,2
1788701014.903,1788700529.2,78.43073983333333,17.119782333333333,True,2
1788701015.103,1788700529.4,78.43074150000001,17.11978433333333,True,2
1788701015.305,1788700529.6,78.43074333333334,17.119785999999998,True,2
1788701015.502,1788700529.8,78.43074533333333,17.119787499999997,True,2
1788701015.704,1788700530.0,78.43074733333333,17.119789833333336,True,2
1788701015.906,1788700530.2,78.43074933333334,17.119791833333334,True,2
1788701016.107,1788700530.4,78.43075133333333,17.119793166666668,True,2
1788701016.307,1788700530.6,78.43075333333333,17.119795166666666,True,2
1788701016.505,1788700530.8,78.43075516666666,17.119796666666666,True,2
1788701016.705,1788700531.0,78.430757,17.119798166666666,True,2
1788701016.905,1788700531.2,78.43075883333333,17.1197985,True,2
1788701017.102,1788700531.4,78.43076049999999,17.1198005,True,2
1788701017.305,1788700531.6,78.43076216666667,17.119802333333332,True,2
1788701017.504,1788700531.8,78.430764,17.119804166666665,True,2
1788701017.704,1788700532.0,78.43076583333333,17.11980583333333,True,2
1788701017.908,1788700532.2,78.43076766666667,17.119807833333333,True,2
1788701018.105,1788700532.4,78.4307695,17.1198095,True,2
1788701018.305,1788700532.6,78.4307715,17.119811333333335,True,2
1788701018.502,1788700532.8,78.4307735,17.119813500000003,True,2
1788701018.707,1788700533.0,78.4307755,17.119815333333335,True,2
1788701018.903,1788700533.2,78.43077733333332,17.119815833333334,True,2
1788701019.105,1788700533.4,78.43077916666667,17.119816166666666,True,2
1788701019.304,1788700533.6,78.43078083333333,17.119817333333334,True,2
1788701019.503,1788700533.8,78.4307825,17.119817666666666,True,2
1788701019.703,1788700534.0,78.43078416666667,17.119817166666667,True,2
1788701019.902,1788700534.2,78.43078566666667,17.119816166666666,True,2
1788701020.102,1788700534.4,78.43078716666668,17.119815333333335,True,2
1788701020.303,1788700534.6,78.43078883333332,17.119814666666667,True,2
1788701020.504,1788700534.8,78.4307905,17.119814,True,2
1788701020.704,1788700535.0,78.43079233333333,17.119812000000003,True,2
1788701020.903,1788700535.2,78.43079416666666,17.119809333333333,True,2
1788701021.105,1788700535.4,78.430796,17.11980683333333,True,2
1788701021.301,1788700535.6,78.43079783333333,17.119805333333332,True,2
1788701021.505,1788700535.8,78.43079983333334,17.1198035,True,2
1788701021.706,1788700536.0,78.43080166666667,17.119800333333334,True,2
1788701021.905,1788700536.2,78.4308035,17.119797166666668,True,2
1788701022.105,1788700536.4,78.43080516666667,17.11979416666667,True,2
1788701022.304,1788700536.6,78.43080683333332,17.119791666666668,True,2
1788701022.503,1788700536.8,78.4308085,17.119788833333335,True,2
1788701022.706,1788700537.0,78.43081033333333,17.119785333333333,True,2
1788701022.904,1788700537.2,78.430812,17.119782166666667,True,2
1788701023.105,1788700537.4,78.43081366666667,17.1197785,True,2
1788701023.304,1788700537.6,78.43081550000001,17.119774833333334,True,2
1788701023.503,1788700537.8,78.43081733333334,17.119771166666666,True,2
1788701023.705,1788700538.0,78.43081916666667,17.119767000000003,True,2
1788701023.904,1788700538.2,78.43082116666666,17.119762666666666,True,2
1788701024.104,1788700538.4,78.43082299999999,17.119758666666666,True,2
1788701024.304,1788700538.6,78.43082466666667,17.119754333333333,True,2
1788701024.503,1788700538.8,78.43082633333333,17.119750166666666,True,2
1788701024.704,1788700539.0,78.43082783333332,17.11974616666667,True,2
1788701024.903,1788700539.2,78.43082933333334,17.1197415,True,2
1788701025.103,1788700539.4,78.43083066666667,17.11973683333333,True,2
1788701025.304,1788700539.6,78.430832,17.119732,True,2
1788701025.503,1788700539.8,78.43083333333334,17.119727,True,2
1788701025.705,1788700540.0,78.43083483333334,17.11972216666667,True,2
1788701025.904,1788700540.2,78.43083633333335,17.119717166666664,True,2
1788701026.104,1788700540.4,78.43083766666668,17.119711666666667,True,2
1788701026.304,1788700540.6,78.43083916666666,17.11970566666667,True,2
1788701026.503,1788700540.8,78.43084066666667,17.119699500000003,True,2
1788701026.702,1788700541.0,78.43084216666666,17.11969333333333,True,2
1788701026.904,1788700541.2,78.43084366666668,17.119687166666665,True,2
1788701027.105,1788700541.4,78.43084516666666,17.119681333333332,True,2
1788701027.305,1788700541.6,78.43084666666667,17.119675166666664,True,2
1788701027.503,1788700541.8,78.430848,17.119669,True,2
1788701027.706,1788700542.0,78.43084916666666,17.119663166666665,True,2
1788701027.905,1788700542.2,78.43085016666667,17.119657500000002,True,2
1788701028.103,1788700542.4,78.43085133333334,17.119651666666666,True,2
1788701028.305,1788700542.6,78.4308525,17.119646166666666,True,2
1788701028.503,1788700542.8,78.43085383333333,17.11964,True,2
1788701028.704,1788700543.0,78.43085500000001,17.119633500000003,True,2
1788701028.902,1788700543.2,78.43085633333334,17.119626333333333,True,2
1788701029.103,1788700543.4,78.43085766666667,17.119618666666668,True,2
1788701029.303,1788700543.6,78.43085883333333,17.119611333333335,True,2
1788701029.502,1788700543.8,78.43086016666666,17.119603833333333,True,2
1788701029.703,1788700544.0,78.43086133333333,17.119596666666666,True,2
1788701029.906,1788700544.2,78.4308625,17.119589166666668,True,2
1788701030.103,1788700544.4,78.43086366666667,17.119581666666665,True,2
1788701030.304,1788700544.6,78.43086466666666,17.119574166666666,True,2
1788701030.506,1788700544.8,78.43086583333334,17.119566666666667,True,2
1788701030.708,1788700545.0,78.430867,17.119559166666665,True,2
1788701030.926,1788700545.2,78.43086816666667,17.119551,True,2
1788701031.106,1788700545.4,78.43086933333333,17.1195425,True,2
1788701031.305,1788700545.6,78.43087050000001,17.119533666666666,True,2
1788701031.505,1788700545.8,78.43087183333334,17.119525333333335,True,2
1788701031.705,1788700546.0,78.430873,17.119516666666666,True,2
1788701031.906,1788700546.2,78.43087416666667,17.119508166666666,True,2
1788701032.107,1788700546.4,78.43087533333333,17.119499666666666,True,2
1788701032.304,1788700546.6,78.43087633333333,17.119491166666666,True,2
1788701032.506,1788700546.8,78.4308775,17.119482833333333,True,2
1788701032.707,1788700547.0,78.4308785,17.119474500000003,True,2
1788701032.905,1788700547.2,78.43087966666667,17.11946633333333,True,2
1788701033.106,1788700547.4,78.43088083333333,17.119457833333335,True,2
1788701033.306,1788700547.6,78.43088183333333,17.119449,True,2
1788701033.502,1788700547.8,78.43088283333333,17.119440333333333,True,2
1788701033.703,1788700548.0,78.43088383333334,17.119431833333334,True,2
1788701033.904,1788700548.2,78.430885,17.1194235,True,2
1788701034.101,1788700548.4,78.430886,17.119415333333333,True,2
1788701034.309,1788700548.6,78.430887,17.119406666666666,True,2
1788701034.502,1788700548.8,78.43088800000001,17.119398,True,2
1788701034.703,1788700549.0,78.430889,17.119389333333334,True,2
1788701034.901,1788700549.2,78.43089,17.119380666666665,True,2
1788701035.102,1788700549.4,78.430891,17.119372,True,2
1788701035.309,1788700549.6,78.43089216666667,17.119363333333336,True,2
1788701035.502,1788700549.8,78.430893,17.1193545,True,2
1788701035.705,1788700550.0,78.43089400000001,17.119345666666668,True,2
1788701035.902,1788700550.2,78.43089483333333,17.119336999999998,True,2
1788701036.102,1788700550.4,78.43089566666666,17.119328666666668,True,2
1788701036.302,1788700550.6,78.43089666666667,17.119320000000002,True,2
1788701036.503,1788700550.8,78.4308975,17.1193115,True,2
1788701036.704,1788700551.0,78.4308985,17.119302666666666,True,2
1788701036.902,1788700551.2,78.43089933333334,17.119293833333334,True,2
1788701037.101,1788700551.4,78.43090016666666,17.11928483333333,True,2
1788701037.302,1788700551.6,78.43090133333334,17.119276,True,2
1788701037.504,1788700551.8,78.43090233333334,17.119266999999997,True,2
1788701037.704,1788700552.0,78.43090333333333,17.11925816666667,True,2
1788701037.902,1788700552.2,78.43090416666668,17.119249333333336,True,2
1788701038.103,1788700552.4,78.43090516666666,17.119240666666666,True,2
1788701038.304,1788700552.6,78.43090600000001,17.119232166666666,True,2
1788701038.503,1788700552.8,78.43090683333334,17.119223833333333,True,2
1788701038.704,1788700553.0,78.43090766666666,17.119215333333333,True,2
1788701038.905,1788700553.2,78.43090866666667,17.1192065,True,2
1788701039.102,1788700553.4,78.43090950000001,17.1191975,True,2
1788701039.303,1788700553.6,78.4309105,17.119188833333332,True,2
1788701039.5,1788700553.8,78.43091150000001,17.119180333333336,True,2
1788701039.702,1788700554.0,78.4309125,17.119171333333334,True,2
1788701039.901,1788700554.2,78.43091333333334,17.119162333333335,True,2
1788701040.102,1788700554.4,78.43091433333333,17.1191535,True,2
1788701040.3,1788700554.6,78.43091516666667,17.119144833333333,True,2
1788701040.499,1788700554.8,78.43091616666668,17.119136166666667,True,2
1788701040.704,1788700555.0,78.430917,17.119127666666667,True,2
1788701040.903,1788700555.2,78.430918,17.119119,True,2
1788701041.102,1788700555.4,78.43091883333334,17.119110666666664,True,2
1788701041.303,1788700555.6,78.43091966666665,17.119102166666668,True,2
1788701041.503,1788700555.8,78.4309205,17.1190935,True,2
1788701041.703,1788700556.0,78.43092150000001,17.119085166666665,True,2
1788701041.903,1788700556.2,78.43092233333333,17.119076500000002,True,2
1788701042.104,1788700556.4,78.43092316666666,17.119067500000003,True,2
1788701042.302,1788700556.6,78.43092416666667,17.11905833333333,True,2
1788701042.504,1788700556.8,78.43092533333333,17.119049,True,2
1788701042.705,1788700557.0,78.43092616666667,17.11904,True,2
1788701042.904,1788700557.2,78.43092716666666,17.119031166666666,True,2
1788701043.104,1788700557.4,78.43092816666667,17.119022833333336,True,2
1788701043.303,1788700557.6,78.430929,17.119014666666665,True,2
1788701043.504,1788700557.8,78.43092983333332,17.119006333333335,True,2
1788701043.704,1788700558.0,78.43093066666667,17.118998166666664,True,2
1788701043.906,1788700558.2,78.43093166666667,17.118989666666668,True,2
1788701044.102,1788700558.4,78.43093266666666,17.118981166666668,True,2
1788701044.303,1788700558.6,78.43093350000001,17.118972333333332,True,2
1788701044.503,1788700558.8,78.43093449999999,17.118963333333333,True,2
1788701044.701,1788700559.0,78.4309355,17.118954666666664,True,2
1788701044.903,1788700559.2,78.4309365,17.118946166666667,True,2
1788701045.102,1788700559.4,78.4309375,17.118937833333334,True,2
1788701045.304,1788700559.6,78.43093833333334,17.118929166666664,True,2
1788701045.503,1788700559.8,78.43093933333333,17.118920833333334,True,2
1788701045.705,1788700560.0,78.43094016666667,17.118912666666667,True,2
1788701045.905,1788700560.2,78.43094116666666,17.118904333333333,True,2
1788701046.101,1788700560.4,78.43094216666667,17.118895833333333,True,2
1788701046.303,1788700560.6,78.430943,17.118887166666664,True,2
1788701046.503,1788700560.8,78.430944,17.1188785,True,2
1788701046.706,1788700561.0,78.43094500000001,17.11887,True,2
1788701046.905,1788700561.2,78.43094599999999,17.11886133333333,True,2
1788701047.104,1788700561.4,78.43094683333334,17.118853,True,2
1788701047.304,1788700561.6,78.43094783333332,17.118845166666667,True,2
1788701047.504,1788700561.8,78.43094866666667,17.118836833333333,True,2
1788701047.703,1788700562.0,78.43094966666666,17.118828333333333,True,2
1788701047.902,1788700562.2,78.43095066666666,17.11881933333333,True,2
1788701048.101,1788700562.4,78.43095166666667,17.118810833333335,True,2
1788701048.304,1788700562.6,78.43095266666666,17.11880216666667,True,2
1788701048.502,1788700562.8,78.43095366666667,17.11879383333333,True,2
1788701048.701,1788700563.0,78.43095483333333,17.1187855,True,2
1788701048.901,1788700563.2,78.43095583333334,17.118777333333334,True,2
1788701049.105,1788700563.4,78.43095666666666,17.118769166666667,True,2
1788701049.303,1788700563.6,78.4309575,17.118761166666665,True,2
1788701049.504,1788700563.8,78.4309585,17.118753,True,2
1788701049.707,1788700564.0,78.4309595,17.118745,True,2
1788701049.905,1788700564.2,78.43096050000001,17.118736833333333,True,2
1788701050.102,1788700564.4,78.43096133333333,17.1187285,True,2
1788701050.304,1788700564.6,78.43096233333334,17.118719833333333,True,2
1788701050.503,1788700564.8,78.43096333333332,17.118711166666667,True,2
1788701050.702,1788700565.0,78.4309645,17.118702499999998,True,2
1788701050.9,1788700565.2,78.4309655,17.118693833333335,True,2
1788701051.103,1788700565.4,78.43096650000001,17.11868516666667,True,2
1788701051.301,1788700565.6,78.4309675,17.118676666666666,True,2
1788701051.501,1788700565.8,78.4309685,17.118668666666668,True,2
1788701051.701,1788700566.0,78.43096933333332,17.118660666666663,True,2
1788701051.902,1788700566.2,78.43097033333333,17.118652833333332,True,2
1788701052.099,1788700566.4,78.43097116666667,17.118644833333335,True,2
1788701052.302,1788700566.6,78.43097216666666,17.118637,True,2
1788701052.501,1788700566.8,78.43097316666667,17.118628833333332,True,2
1788701052.703,1788700567.0,78.430974,17.118620500000002,True,2
1788701052.901,1788700567.2,78.430975,17.118611666666666,True,2
1788701053.101,1788700567.4,78.430976,17.118602833333334,True,2
1788701053.301,1788700567.6,78.43097716666666,17.118594166666664,True,2
1788701053.501,1788700567.8,78.43097816666666,17.118585666666668,True,2
1788701053.701,1788700568.0,78.43097916666667,17.118577166666668,True,2
1788701053.906,1788700568.2,78.43098,17.118568666666665,True,2
1788701054.102,1788700568.4,78.430981,17.118560666666667,True,2
1788701054.3,1788700568.6,78.43098183333333,17.118553000000002,True,2
1788701054.501,1788700568.8,78.43098283333333,17.118545166666667,True,2
1788701054.701,1788700569.0,78.43098383333333,17.118537333333332,True,2
1788701054.901,1788700569.2,78.43098483333333,17.11852916666667,True,2
1788701055.1,1788700569.4,78.43098583333334,17.118521166666667,True,2
1788701055.301,1788700569.6,78.43098666666667,17.118512833333334,True,2
1788701055.501,1788700569.8,78.43098766666667,17.118504166666664,True,2
1788701055.698,1788700570.0,78.43098866666666,17.118495499999998,True,2
1788701055.905,1788700570.2,78.43098966666666,17.118486833333336,True,2
1788701056.103,1788700570.4,78.43099066666667,17.118478333333332,True,2
1788701056.302,1788700570.6,78.43099183333334,17.11847,True,2
1788701056.503,1788700570.8,78.43099283333332,17.11846166666667,True,2
1788701056.703,1788700571.0,78.430994,17.118453166666665,True,2
1788701056.902,1788700571.2,78.430995,17.118445166666667,True,2
1788701057.102,1788700571.4,78.43099600000001,17.118437500000002,True,2
1788701057.307,1788700571.6,78.43099683333334,17.118429666666668,True,2
1788701057.502,1788700571.8,78.43099783333334,17.118422,True,2
1788701057.705,1788700572.0,78.43099866666667,17.11841433333333,True,2
1788701057.905,1788700572.2,78.43099966666666,17.118406,True,2
1788701058.103,1788700572.4,78.43100066666666,17.118397333333334,True,2
1788701058.304,1788700572.6,78.43100166666666,17.1183885,True,2
1788701058.501,1788700572.8,78.43100299999999,17.118379666666666,True,2
1788701058.704,1788700573.0,78.43100416666667,17.118371,True,2
1788701058.904,1788700573.2,78.43100533333333,17.118362666666666,True,2
1788701059.105,1788700573.4,78.4310065,17.11835466666667,True,2
1788701059.302,1788700573.6,78.43100733333334,17.11834683333333,True,2
1788701059.503,1788700573.8,78.43100833333332,17.11833933333333,True,2
1788701059.702,1788700574.0,78.43100916666667,17.118332000000002,True,2
1788701059.903,1788700574.2,78.43101,17.11832466666667,True,2
1788701060.103,1788700574.4,78.431011,17.11831683333333,True,2
1788701060.303,1788700574.6,78.431012,17.1183085,True,2
1788701060.502,1788700574.8,78.431013,17.1182995,True,2
1788701060.703,1788700575.0,78.431014,17.118290666666667,True,2
1788701060.906,1788700575.2,78.43101516666667,17.118282,True,2
1788701061.109,1788700575.4,78.43101633333335,17.1182735,True,2
1788701061.304,1788700575.6,78.43101750000001,17.118264833333335,True,2
1788701061.504,1788700575.8,78.4310185,17.11825633333333,True,2
1788701061.704,1788700576.0,78.43101966666667,17.118248333333334,True,2
1788701061.905,1788700576.2,78.43102066666667,17.118240500000002,True,2
1788701062.103,1788700576.4,78.43102166666667,17.118233333333333,True,2
1788701062.305,1788700576.6,78.43102266666666,17.118225666666667,True,2
1788701062.504,1788700576.8,78.43102366666668,17.118217833333333,True,2
1788701062.703,1788700577.0,78.43102466666666,17.118209999999998,True,2
1788701062.905,1788700577.2,78.43102566666667,17.118202,True,2
1788701063.104,1788700577.4,78.43102666666667,17.118193833333333,True,2
1788701063.304,1788700577.6,78.43102783333333,17.11818583333333,True,2
1788701063.505,1788700577.8,78.43102900000001,17.118177333333332,True,2
1788701063.707,1788700578.0,78.43103016666667,17.11816866666667,True,2
1788701063.904,1788700578.2,78.43103116666666,17.118159833333333,True,2
1788701064.105,1788700578.4,78.43103233333333,17.1181515,True,2
1788701064.304,1788700578.6,78.4310335,17.1181435,True,2
1788701064.503,1788700578.8,78.4310345,17.118135666666667,True,2
1788701064.705,1788700579.0,78.43103550000001,17.11812816666667,True,2
1788701064.904,1788700579.2,78.43103649999999,17.1181205,True,2
1788701065.102,1788700579.4,78.43103733333334,17.118112333333332,True,2
1788701065.301,1788700579.6,78.43103833333333,17.118104333333335,True,2
1788701065.502,1788700579.8,78.43103933333333,17.118096166666664,True,2
1788701065.706,1788700580.0,78.43104033333334,17.1180875,True,2
1788701065.904,1788700580.2,78.43104133333333,17.118079166666668,True,2
1788701066.101,1788700580.4,78.4310425,17.118070666666664,True,2
1788701066.303,1788700580.6,78.43104366666667,17.118062166666668,True,2
1788701066.509,1788700580.8,78.43104466666666,17.11805383333333,True,2
1788701066.702,1788700581.0,78.43104583333334,17.118045333333335,True,2
1788701066.902,1788700581.2,78.43104683333333,17.118037,True,2
1788701067.102,1788700581.4,78.43104783333334,17.118028833333334,True,2
1788701067.301,1788700581.6,78.43104883333334,17.118021166666665,True,2
1788701067.503,1788700581.8,78.43104983333333,17.1180135,True,2
1788701067.702,1788700582.0,78.43105083333333,17.118005666666665,True,2
1788701067.902,1788700582.2,78.43105166666666,17.117997333333335,True,2
1788701068.1,1788700582.4,78.43105266666666,17.117989,True,2
1788701068.302,1788700582.6,78.43105366666667,17.117980833333334,True,2
1788701068.502,1788700582.8,78.43105483333333,17.117972333333334,True,2
1788701068.703,1788700583.0,78.431056,17.11796383333333,True,2
1788701068.903,1788700583.2,78.431057,17.117955166666665,True,2
1788701069.103,1788700583.4,78.43105816666666,17.117946333333336,True,2
1788701069.304,1788700583.6,78.43105933333332,17.117938,True,2
1788701069.5,1788700583.8,78.43106033333333,17.117930166666667,True,2
1788701069.705,1788700584.0,78.43106133333335,17.117922500000002,True,2
1788701069.903,1788700584.2,78.43106216666666,17.117914666666664,True,2
1788701070.103,1788700584.4,78.431063,17.117906666666666,True,2
1788701070.302,1788700584.6,78.431064,17.117899,True,2
1788701070.502,1788700584.8,78.431065,17.117891333333333,True,2
1788701070.701,1788700585.0,78.431066,17.117883166666665,True,2
1788701070.9,1788700585.2,78.431067,17.117874500000003,True,2
1788701071.106,1788700585.4,78.43106800000001,17.117865666666667,True,2
1788701071.304,1788700585.6,78.43106916666667,17.117856833333335,True,2
1788701071.503,1788700585.8,78.43107033333334,17.117848166666665,True,2
1788701071.703,1788700586.0,78.43107133333334,17.117839833333335,True,2
1788701071.904,1788700586.2,78.4310725,17.117831833333334,True,2
1788701072.102,1788700586.4,78.43107333333334,17.117823833333333,True,2
1788701072.303,1788700586.6,78.43107433333333,17.117815833333335,True,2
1788701072.504,1788700586.8,78.43107533333334,17.117808,True,2
1788701072.704,1788700587.0,78.43107633333334,17.11780033333333,True,2
1788701072.902,1788700587.2,78.43107733333333,17.1177925,True,2
1788701073.104,1788700587.4,78.43107833333333,17.11778416666667,True,2
1788701073.305,1788700587.6,78.43107933333334,17.117776166666665,True,2
1788701073.504,1788700587.8,78.43108033333333,17.117768,True,2
1788701073.703,1788700588.0,78.43108133333334,17.117759666666664,True,2
1788701073.907,1788700588.2,78.43108233333334,17.117751166666668,True,2
1788701074.104,1788700588.4,78.43108333333333,17.11774266666667,True,2
1788701074.307,1788700588.6,78.43108433333333,17.117734499999997,True,2
1788701074.502,1788700588.8,78.43108550000001,17.117726333333334,True,2
1788701074.705,1788700589.0,78.4310865,17.117718,True,2
1788701074.904,1788700589.2,78.4310875,17.117709833333333,True,2
1788701075.102,1788700589.4,78.4310885,17.11770166666667,True,2
1788701075.303,1788700589.6,78.43108950000001,17.117693666666664,True,2
1788701075.503,1788700589.8,78.4310905,17.1176855,True,2
1788701075.704,1788700590.0,78.43109150000001,17.117677833333335,True,2
1788701075.904,1788700590.2,78.4310925,17.117669999999997,True,2
1788701076.104,1788700590.4,78.4310935,17.117661666666667,True,2
1788701076.303,1788700590.6,78.43109433333333,17.117653,True,2
1788701076.503,1788700590.8,78.43109550000001,17.117644666666667,True,2
1788701076.706,1788700591.0,78.4310965,17.117636166666667,True,2
1788701076.905,1788700591.2,78.4310975,17.117627666666667,True,2
1788701077.105,1788700591.4,78.43109866666667,17.117619333333334,True,2
1788701077.304,1788700591.6,78.43109966666665,17.117611166666666,True,2
1788701077.503,1788700591.8,78.43110066666667,17.117603499999998,True,2
1788701077.704,1788700592.0,78.43110150000001,17.1175955,True,2
1788701077.906,1788700592.2,78.43110233333333,17.117587333333333,True,2
1788701078.104,1788700592.4,78.4311035,17.11757933333333,True,2
1788701078.303,1788700592.6,78.4311045,17.1175715,True,2
1788701078.505,1788700592.8,78.4311055,17.117563166666667,True,2
1788701078.704,1788700593.0,78.4311065,17.1175545,True,2
1788701078.904,1788700593.2,78.43110750000001,17.117546,True,2
1788701079.102,1788700593.4,78.4311085,17.117537666666667,True,2
1788701079.305,1788700593.6,78.4311095,17.1175295,True,2
1788701079.505,1788700593.8,78.43111033333334,17.117521333333332,True,2
1788701079.705,1788700594.0,78.43111133333333,17.117513,True,2
1788701079.902,1788700594.2,78.43111233333335,17.11750483333333,True,2
1788701080.103,1788700594.4,78.43111333333333,17.117496666666668,True,2
1788701080.303,1788700594.6,78.43111433333334,17.11748833333333,True,2
1788701080.501,1788700594.8,78.43111533333334,17.117480166666667,True,2
1788701080.704,1788700595.0,78.4311165,17.117471666666667,True,2
1788701080.904,1788700595.2,78.4311175,17.1174635,True,2
1788701081.136,1788700595.4,78.4311185,17.117455166666666,True,2
1788701081.303,1788700595.6,78.43111933333333,17.117447000000002,True,2
1788701081.504,1788700595.8,78.43112033333334,17.117439166666667,True,2
1788701081.705,1788700596.0,78.43112133333334,17.117431166666666,True,2
1788701081.901,1788700596.2,78.43112233333333,17.117423166666665,True,2
1788701082.102,1788700596.4,78.43112316666667,17.11741483333333,True,2
1788701082.305,1788700596.6,78.43112416666666,17.117406333333335,True,2
1788701082.503,1788700596.8,78.43112516666666,17.11739833333333,True,2
1788701082.706,1788700597.0,78.43112633333334,17.117390166666667,True,2
1788701082.905,1788700597.2,78.43112733333334,17.11738216666667,True,2
1788701083.106,1788700597.4,78.43112850000001,17.117373833333332,True,2
1788701083.303,1788700597.6,78.43112933333333,17.117365666666668,True,2
1788701083.504,1788700597.8,78.43113033333334,17.117357666666667,True,2
1788701083.705,1788700598.0,78.43113133333333,17.117349833333332,True,2
1788701083.904,1788700598.2,78.43113233333334,17.117342,True,2
1788701084.103,1788700598.4,78.43113333333334,17.117334333333336,True,2
1788701084.304,1788700598.6,78.43113433333333,17.117326166666665,True,2
1788701084.501,1788700598.8,78.43113533333333,17.11731766666667,True,2
1788701084.701,1788700599.0,78.43113650000001,17.11730933333333,True,2
1788701084.905,1788700599.2,78.4311375,17.117300666666665,True,2
1788701085.104,1788700599.4,78.43113866666666,17.117292000000003,True,2
1788701085.302,1788700599.6,78.43113983333333,17.117283666666665,True,2
1788701085.502,1788700599.8,78.43114083333333,17.117275333333335,True,2
1788701085.71,1788700600.0,78.43114183333334,17.117267333333334,True,2
1788701085.905,1788700600.2,78.43114283333333,17.117259333333333,True,2
1788701086.103,1788700600.4,78.43114383333334,17.117251333333336,True,2
1788701086.306,1788700600.6,78.43114483333333,17.117243666666663,True,2
1788701086.504,1788700600.8,78.43114566666667,17.117236,True,2
1788701086.705,1788700601.0,78.43114666666666,17.117228166666667,True,2
1788701086.903,1788700601.2,78.43114766666666,17.117220166666666,True,2
1788701087.104,1788700601.4,78.43114866666666,17.117211833333332,True,2
1788701087.305,1788700601.6,78.43114983333334,17.117203333333336,True,2
1788701087.502,1788700601.8,78.43115083333333,17.117195166666665,True,2
1788701087.706,1788700602.0,78.43115183333333,17.117186833333335,True,2
1788701087.905,1788700602.2,78.431153,17.1171785,True,2
1788701088.104,1788700602.4,78.43115383333334,17.117170333333334,True,2
1788701088.304,1788700602.6,78.43115483333332,17.117162333333333,True,2
1788701088.503,1788700602.8,78.43115583333334,17.1171545,True,2
1788701088.704,1788700603.0,78.43115683333333,17.117146666666667,True,2
1788701088.904,1788700603.2,78.43115783333333,17.117138666666666,True,2
1788701089.103,1788700603.4,78.43115883333333,17.1171305,True,2
1788701089.302,1788700603.6,78.43115983333334,17.1171225,True,2
1788701089.504,1788700603.8,78.43116083333332,17.1171145,True,2
1788701089.703,1788700604.0,78.43116183333333,17.1171065,True,2
1788701089.905,1788700604.2,78.43116283333333,17.117098,True,2
1788701090.102,1788700604.4,78.43116366666666,17.117089500000002,True,2
1788701090.302,1788700604.6,78.43116466666667,17.117081166666665,True,2
1788701090.505,1788700604.8,78.43116583333334,17.117072833333335,True,2
1788701090.706,1788700605.0,78.43116683333332,17.117064833333334,True,2
1788701090.905,1788700605.2,78.43116783333333,17.117056666666667,True,2
1788701091.106,1788700605.4,78.43116883333333,17.1170485,True,2
1788701091.305,1788700605.6,78.43117000000001,17.117040666666664,True,2
1788701091.505,1788700605.8,78.43117099999999,17.117032833333333,True,2
1788701091.706,1788700606.0,78.431172,17.117025,True,2
1788701091.904,1788700606.2,78.431173,17.117016999999997,True,2
1788701092.104,1788700606.4,78.43117383333333,17.117008833333333,True,2
1788701092.304,1788700606.6,78.43117483333334,17.117000833333336,True,2
1788701092.503,1788700606.8,78.43117583333333,17.116992666666665,True,2
1788701092.704,1788700607.0,78.43117683333334,17.116984333333335,True,2
1788701092.904,1788700607.2,78.43117783333334,17.116976,True,2
1788701093.104,1788700607.4,78.43117883333333,17.11696733333333,True,2
1788701093.305,1788700607.6,78.43117983333333,17.116958833333335,True,2
1788701093.504,1788700607.8,78.431181,17.11695033333333,True,2
1788701093.704,1788700608.0,78.431182,17.116941999999998,True,2
1788701093.905,1788700608.2,78.43118299999999,17.116933833333334,True,2
1788701094.104,1788700608.4,78.431184,17.116925833333333,True,2
1788701094.305,1788700608.6,78.43118483333333,17.116918,True,2
1788701094.502,1788700608.8,78.43118583333333,17.11691,True,2
1788701094.702,1788700609.0,78.43118666666666,17.116902,True,2
1788701094.901,1788700609.2,78.43118766666666,17.116893833333332,True,2
1788701095.102,1788700609.4,78.43118866666667,17.116885500000002,True,2
1788701095.302,1788700609.6,78.43118966666665,17.11687733333333,True,2
1788701095.501,1788700609.8,78.43119066666667,17.116868833333335,True,2
1788701095.701,1788700610.0,78.43119183333333,17.11686033333333,True,2
1788701095.906,1788700610.2,78.43119283333334,17.11685183333333,True,2
1788701096.105,1788700610.4,78.43119383333332,17.116843666666668,True,2
1788701096.305,1788700610.6,78.43119483333334,17.116836,True,2
1788701096.504,1788700610.8,78.43119583333333,17.116828333333334,True,2
1788701096.704,1788700611.0,78.43119666666666,17.1168205,True,2
1788701096.901,1788700611.2,78.43119766666668,17.11681283333333,True,2
1788701097.1,1788700611.4,78.4311985,17.116804833333333,True,2
1788701097.303,1788700611.6,78.4311995,17.116797000000002,True,2
1788701097.503,1788700611.8,78.4312005,17.11678883333333,True,2
1788701097.702,1788700612.0,78.43120166666667,17.116780666666667,True,2
1788701097.902,1788700612.2,78.43120266666666,17.116772333333333,True,2
1788701098.101,1788700612.4,78.43120366666668,17.116764,True,2
1788701098.303,1788700612.6,78.43120466666666,17.1167555,True,2
1788701098.503,1788700612.8,78.43120566666667,17.116747166666666,True,2
1788701098.706,1788700613.0,78.43120666666667,17.116739,True,2
1788701098.905,1788700613.2,78.43120783333333,17.116731,True,2
1788701099.105,1788700613.4,78.43120883333333,17.116723166666667,True,2
1788701099.315,1788700613.6,78.43120966666667,17.116715,True,2
1788701099.507,1788700613.8,78.43121049999999,17.116707333333334,True,2
1788701099.705,1788700614.0,78.4312115,17.1166995,True,2
1788701099.905,1788700614.2,78.4312125,17.116692,True,2
1788701100.104,1788700614.4,78.43121333333333,17.11668416666667,True,2
1788701100.303,1788700614.6,78.4312145,17.116675833333332,True,2
1788701100.501,1788700614.8,78.43121550000001,17.116667333333332,True,2
1788701100.704,1788700615.0,78.43121666666666,17.116659000000002,True,2
1788701100.903,1788700615.2,78.43121783333332,17.1166505,True,2
1788701101.102,1788700615.4,78.43121883333333,17.11664216666667,True,2
1788701101.302,1788700615.6,78.43121983333334,17.116633999999998,True,2
1788701101.504,1788700615.8,78.43122083333333,17.116626333333333,True,2
1788701101.704,1788700616.0,78.43122183333334,17.116619,True,2
1788701101.904,1788700616.2,78.43122266666666,17.116611499999998,True,2
1788701102.102,1788700616.4,78.4312235,17.116603833333333,True,2
1788701102.303,1788700616.6,78.43122450000001,17.116596166666668,True,2
1788701102.503,1788700616.8,78.43122533333333,17.116588166666666,True,2
1788701102.703,1788700617.0,78.43122633333334,17.116580166666665,True,2
1788701102.904,1788700617.2,78.4312275,17.11657166666667,True,2
1788701103.105,1788700617.4,78.4312285,17.116563,True,2
1788701103.304,1788700617.6,78.4312295,17.1165545,True,2
1788701103.505,1788700617.8,78.43123050000001,17.116546333333336,True,2
1788701103.705,1788700618.0,78.4312315,17.116538166666665,True,2
1788701103.904,1788700618.2,78.43123250000001,17.116530333333333,True,2
1788701104.104,1788700618.4,78.4312335,17.1165225,True,2
1788701104.305,1788700618.6,78.43123433333334,17.116514833333333,True,2
1788701104.508,1788700618.8,78.43123516666667,17.11650716666667,True,2
1788701104.707,1788700619.0,78.43123616666666,17.1164995,True,2
1788701104.904,1788700619.2,78.431237,17.116491666666665,True,2
1788701105.103,1788700619.4,78.431238,17.116484,True,2
1788701105.303,1788700619.6,78.431239,17.116475666666666,True,2
1788701105.501,1788700619.8,78.43123999999999,17.116467166666666,True,2
1788701105.703,1788700620.0,78.43124083333333,17.116458666666666,True,2
1788701105.903,1788700620.2,78.43124200000001,17.116450333333333,True,2
1788701106.101,1788700620.4,78.43124316666668,17.116442166666666,True,2
1788701106.302,1788700620.6,78.43124433333334,17.116434333333334,True,2
1788701106.504,1788700620.8,78.43124533333334,17.116426666666666,True,2
1788701106.704,1788700621.0,78.43124616666667,17.116418833333334,True,2
1788701106.904,1788700621.2,78.43124716666667,17.11641116666667,True,2
1788701107.106,1788700621.4,78.43124816666666,17.116403833333333,True,2
1788701107.305,1788700621.6,78.43124916666667,17.116396333333334,True,2
1788701107.506,1788700621.8,78.43125016666666,17.116388833333335,True,2
1788701107.706,1788700622.0,78.43125116666667,17.116380833333334,True,2
1788701107.905,1788700622.2,78.43125216666667,17.116372333333334,True,2
1788701108.105,1788700622.4,78.43125316666666,17.116363666666665,True,2
1788701108.303,1788700622.6,78.43125433333333,17.116355666666667,True,2
1788701108.503,1788700622.8,78.43125533333334,17.116347666666666,True,2
1788701108.705,1788700623.0,78.4312565,17.116339666666665,True,2
1788701108.903,1788700623.2,78.43125749999999,17.1163315,True,2
1788701109.105,1788700623.4,78.4312585,17.116323666666666,True,2
1788701109.305,1788700623.6,78.4312595,17.116315666666665,True,2
1788701109.5,1788700623.8,78.4312605,17.116308,True,2
1788701109.705,1788700624.0,78.43126149999999,17.116300333333335,True,2
1788701109.905,1788700624.2,78.4312625,17.1162925,True,2
1788701110.104,1788700624.4,78.43126333333333,17.116284666666665,True,2
1788701110.304,1788700624.6,78.43126433333333,17.116276333333335,True,2
1788701110.502,1788700624.8,78.43126533333334,17.116267833333332,True,2
1788701110.703,1788700625.0,78.43126633333333,17.116259666666668,True,2
1788701110.901,1788700625.2,78.4312675,17.116251666666667,True,2
1788701111.104,1788700625.4,78.4312685,17.116243333333333,True,2
1788701111.303,1788700625.6,78.4312695,17.116235,True,2
1788701111.502,1788700625.8,78.4312705,17.116227,True,2
1788701111.703,1788700626.0,78.43127150000001,17.116219166666667,True,2
1788701111.903,1788700626.2,78.43127249999999,17.116211500000002,True,2
1788701112.104,1788700626.4,78.4312735,17.116203833333334,True,2
1788701112.302,1788700626.6,78.4312745,17.116195666666666,True,2
1788701112.505,1788700626.8,78.43127533333333,17.11618766666667,True,2
1788701112.706,1788700627.0,78.43127633333333,17.116179499999998,True,2
1788701112.904,1788700627.2,78.43127733333334,17.116171333333334,True,2
1788701113.104,1788700627.4,78.43127849999999,17.116162999999997,True,2
1788701113.305,1788700627.6,78.4312795,17.1161545,True,2
1788701113.503,1788700627.8,78.4312805,17.116146166666667,True,2
1788701113.702,1788700628.0,78.4312815,17.116138,True,2
1788701113.904,1788700628.2,78.43128266666666,17.116130166666668,True,2
1788701114.103,1788700628.4,78.43128366666666,17.116122,True,2
1788701114.302,1788700628.6,78.43128466666667,17.116113833333333,True,2
1788701114.505,1788700628.8,78.43128566666665,17.116105833333332,True,2
1788701114.702,1788700629.0,78.43128666666667,17.116097833333335,True,2
1788701114.902,1788700629.2,78.43128766666668,17.116090166666666,True,2
1788701115.101,1788700629.4,78.43128866666666,17.116082333333335,True,2
1788701115.302,1788700629.6,78.43128966666667,17.11607466666667,True,2
1788701115.508,1788700629.8,78.43129066666667,17.116066666666665,True,2
1788701115.705,1788700630.0,78.43129183333333,17.1160585,True,2
1788701115.904,1788700630.2,78.43129283333333,17.116050166666664,True,2
1788701116.105,1788700630.4,78.43129383333333,17.116041833333334,True,2
1788701116.304,1788700630.6,78.43129483333334,17.1160335,True,2
1788701116.503,1788700630.8,78.43129583333332,17.1160255,True,2
1788701116.706,1788700631.0,78.431297,17.116017666666668,True,2
1788701116.904,1788700631.2,78.43129783333333,17.11601016666667,True,2
1788701117.102,1788700631.4,78.43129883333333,17.11600233333333,True,2
1788701117.307,1788700631.6,78.43129966666667,17.115994333333333,True,2
1788701117.503,1788700631.8,78.43130066666666,17.115986333333336,True,2
1788701117.702,1788700632.0,78.43130166666667,17.11597833333333,True,2
1788701117.904,1788700632.2,78.43130283333333,17.115970166666667,True,2
1788701118.105,1788700632.4,78.43130383333333,17.115962000000003,True,2
1788701118.304,1788700632.6,78.43130483333333,17.115953666666666,True,2
1788701118.505,1788700632.8,78.43130599999999,17.11594566666667,True,2
1788701118.705,1788700633.0,78.43130683333334,17.115937666666664,True,2
1788701118.905,1788700633.2,78.43130783333332,17.115929666666666,True,2
1788701119.105,1788700633.4,78.43130883333333,17.115921833333335,True,2
1788701119.305,1788700633.6,78.43130983333334,17.115914,True,2
1788701119.502,1788700633.8,78.43131083333333,17.11590633333333,True,2
1788701119.702,1788700634.0,78.43131183333334,17.115898333333334,True,2
1788701119.902,1788700634.2,78.43131283333334,17.115890333333333,True,2
1788701120.103,1788700634.4,78.43131383333333,17.115882,True,2
1788701120.305,1788700634.6,78.43131483333333,17.115874,True,2
1788701120.502,1788700634.8,78.431316,17.115866,True,2
1788701120.705,1788700635.0,78.431317,17.115858,True,2
1788701120.904,1788700635.2,78.43131799999999,17.115849833333336,True,2
1788701121.103,1788700635.4,78.43131916666667,17.115842,True,2
1788701121.303,1788700635.6,78.43132016666667,17.115833833333333,True,2
1788701121.506,1788700635.8,78.431321,17.115825833333336,True,2
1788701121.706,1788700636.0,78.431322,17.115818,True,2
1788701121.906,1788700636.2,78.431323,17.115810166666666,True,2
1788701122.104,1788700636.4,78.43132399999999,17.115802166666665,True,2
1788701122.304,1788700636.6,78.431325,17.11579383333333,True,2
1788701122.505,1788700636.8,78.431326,17.1157855,True,2
1788701122.705,1788700637.0,78.431327,17.115777166666664,True,2
1788701122.907,1788700637.2,78.431328,17.115768833333334,True,2
1788701123.104,1788700637.4,78.431329,17.1157605,True,2
1788701123.302,1788700637.6,78.43133016666667,17.115752333333333,True,2
1788701123.505,1788700637.8,78.43133116666667,17.115744333333335,True,2
1788701123.707,1788700638.0,78.43133216666666,17.115736666666667,True,2
1788701123.906,1788700638.2,78.43133316666668,17.115728666666666,True,2
1788701124.106,1788700638.4,78.431334,17.115720500000002,True,2
1788701124.304,1788700638.6,78.43133483333332,17.11571233333333,True,2
1788701124.505,1788700638.8,78.43133583333334,17.115704166666667,True,2
1788701124.701,1788700639.0,78.43133683333333,17.115696166666666,True,2
1788701124.9,1788700639.2,78.43133783333333,17.115688,True,2
1788701125.102,1788700639.4,78.43133883333333,17.115679833333335,True,2
1788701125.302,1788700639.6,78.43133983333334,17.115671333333335,True,2
1788701125.502,1788700639.8,78.43134083333332,17.11566283333333,True,2
1788701125.707,1788700640.0,78.43134183333333,17.1156545,True,2
1788701125.901,1788700640.2,78.43134283333333,17.115646333333334,True,2
1788701126.103,1788700640.4,78.43134383333333,17.115638666666666,True,2
1788701126.304,1788700640.6,78.43134483333333,17.115631,True,2
1788701126.503,1788700640.8,78.43134566666666,17.1156235,True,2
1788701126.702,1788700641.0,78.4313465,17.115615666666667,True,2
1788701126.902,1788700641.2,78.43134733333333,17.115607833333335,True,2
1788701127.103,1788700641.4,78.43134833333333,17.11559983333333,True,2
1788701127.303,1788700641.6,78.43134933333334,17.115591666666667,True,2
1788701127.501,1788700641.8,78.4313505,17.115583333333333,True,2
1788701127.702,1788700642.0,78.43135166666666,17.115574666666664,True,2
1788701127.902,1788700642.2,78.43135266666667,17.115566166666667,True,2
1788701128.104,1788700642.4,78.43135383333333,17.115558,True,2
1788701128.302,1788700642.6,78.43135483333334,17.11555,True,2
1788701128.503,1788700642.8,78.43135583333333,17.115542666666666,True,2
1788701128.702,1788700643.0,78.43135683333334,17.115535166666668,True,2
1788701128.9,1788700643.2,78.43135766666666,17.115527666666665,True,2
1788701129.103,1788700643.4,78.43135866666667,17.11552,True,2
1788701129.302,1788700643.6,78.43135966666667,17.11551216666667,True,2
1788701129.503,1788700643.8,78.43136066666666,17.115504333333334,True,2
1788701129.703,1788700644.0,78.43136166666666,17.115495833333334,True,2
1788701129.903,1788700644.2,78.43136266666667,17.115487499999997,True,2
1788701130.105,1788700644.4,78.43136383333334,17.115479166666667,True,2
1788701130.305,1788700644.6,78.431365,17.115470833333333,True,2
1788701130.503,1788700644.8,78.431366,17.1154625,True,2
1788701130.704,1788700645.0,78.43136716666666,17.1154545,True,2
1788701130.902,1788700645.2,78.43136816666667,17.115446333333335,True,2
1788701131.105,1788700645.4,78.43136916666667,17.115438333333334,True,2
1788701131.304,1788700645.6,78.43137016666667,17.11543066666667,True,2
1788701131.501,1788700645.8,78.43137133333333,17.115423333333336,True,2
1788701131.701,1788700646.0,78.43137216666668,17.115415666666667,True,2
1788701131.904,1788700646.2,78.43137316666666,17.115407666666666,True,2
1788701132.102,1788700646.4,78.43137416666667,17.11539966666667,True,2
1788701132.303,1788700646.6,78.43137516666667,17.11539133333333,True,2
1788701132.504,1788700646.8,78.43137633333335,17.115383166666668,True,2
1788701132.702,1788700647.0,78.4313775,17.11537483333333,True,2
1788701132.903,1788700647.2,78.43137866666666,17.115366166666668,True,2
1788701133.102,1788700647.4,78.43137966666667,17.115357500000002,True,2
1788701133.301,1788700647.6,78.43138066666667,17.115349166666665,True,2
1788701133.503,1788700647.8,78.4313815,17.115341333333333,True,2
1788701133.704,1788700648.0,78.43138233333335,17.115333666666668,True,2
1788701133.904,1788700648.2,78.43138316666666,17.115326166666666,True,2
1788701134.105,1788700648.4,78.43138366666668,17.115318333333335,True,2
1788701134.302,1788700648.6,78.43138433333334,17.115310166666667,True,2
1788701134.505,1788700648.8,78.431385,17.115301833333334,True,2
1788701134.709,1788700649.0,78.43138566666667,17.115293166666667,True,2
1788701134.903,1788700649.2,78.43138649999999,17.115283833333333,True,2
1788701135.103,1788700649.4,78.43138733333333,17.115274499999998,True,2
1788701135.303,1788700649.6,78.431388,17.115265166666667,True,2
1788701135.502,1788700649.8,78.43138883333333,17.115256,True,2
1788701135.704,1788700650.0,78.43138933333333,17.115247166666666,True,2
1788701135.904,1788700650.2,78.43138983333333,17.115238833333333,True,2
1788701136.102,1788700650.4,78.43139033333334,17.115230333333333,True,2
1788701136.303,1788700650.6,78.43139083333334,17.115222000000003,True,2
1788701136.503,1788700650.8,78.431391,17.115213333333333,True,2
1788701136.703,1788700651.0,78.43139133333334,17.1152045,True,2
1788701136.905,1788700651.2,78.4313915,17.11519483333333,True,2
1788701137.103,1788700651.4,78.43139183333332,17.115185166666667,True,2
1788701137.306,1788700651.6,78.431392,17.115175166666667,True,2
1788701137.505,1788700651.8,78.43139233333333,17.1151655,True,2
1788701137.704,1788700652.0,78.43139249999999,17.11515616666667,True,2
1788701137.917,1788700652.2,78.43139266666667,17.11514683333333,True,2
1788701138.105,1788700652.4,78.43139283333333,17.115137666666666,True,2
1788701138.305,1788700652.6,78.431393,17.1151285,True,2
1788701138.503,1788700652.8,78.43139283333333,17.11511983333333,True,2
1788701138.704,1788700653.0,78.43139283333333,17.115110666666666,True,2
1788701138.904,1788700653.2,78.43139266666667,17.115101499999998,True,2
1788701139.105,1788700653.4,78.43139249999999,17.115091666666668,True,2
1788701139.303,1788700653.6,78.43139233333333,17.115081666666665,True,2
1788701139.502,1788700653.8,78.43139216666667,17.115071666666665,True,2
1788701139.704,1788700654.0,78.431392,17.115062166666668,True,2
1788701139.901,1788700654.2,78.43139183333332,17.115053,True,2
1788701140.104,1788700654.4,78.4313915,17.115044166666667,True,2
1788701140.303,1788700654.6,78.43139116666666,17.115035166666665,True,2
1788701140.503,1788700654.8,78.43139066666666,17.115026333333333,True,2
1788701140.704,1788700655.0,78.43139016666667,17.115017333333334,True,2
1788701140.903,1788700655.2,78.4313895,17.115008166666666,True,2
1788701141.102,1788700655.4,78.43138900000001,17.114998833333335,True,2
1788701141.302,1788700655.6,78.4313885,17.1149895,True,2
1788701141.504,1788700655.8,78.43138816666666,17.11498,True,2
1788701141.702,1788700656.0,78.43138766666667,17.114970833333334,True,2
1788701141.902,1788700656.2,78.43138716666667,17.114961833333332,True,2
1788701142.103,1788700656.4,78.43138666666667,17.114953166666666,True,2
1788701142.302,1788700656.6,78.431386,17.114944666666666,True,2
1788701142.505,1788700656.8,78.4313855,17.114936333333333,True,2
1788701142.703,1788700657.0,78.43138466666666,17.114928333333335,True,2
1788701142.905,1788700657.2,78.43138383333333,17.11491983333333,True,2
1788701143.104,1788700657.4,78.43138316666666,17.1149115,True,2
1788701143.304,1788700657.6,78.43138233333335,17.114902833333336,True,2
1788701143.503,1788700657.8,78.43138166666667,17.114894166666666,True,2
1788701143.706,1788700658.0,78.43138066666667,17.1148855,True,2
1788701143.905,1788700658.2,78.43137983333332,17.114877333333332,True,2
1788701144.103,1788700658.4,78.43137883333334,17.114869166666665,True,2
1788701144.302,1788700658.6,78.431378,17.114861,True,2
1788701144.502,1788700658.8,78.43137700000001,17.114853333333333,True,2
1788701144.705,1788700659.0,78.431376,17.1148455,True,2
1788701144.902,1788700659.2,78.43137516666667,17.1148375,True,2
1788701145.101,1788700659.4,78.43137416666667,17.114829333333333,True,2
1788701145.303,1788700659.6,78.43137333333334,17.114821166666665,True,2
1788701145.5,1788700659.8,78.43137233333333,17.11481266666667,True,2
1788701145.702,1788700660.0,78.43137133333333,17.114804499999998,True,2
1788701145.902,1788700660.2,78.43137033333333,17.114796666666667,True,2
1788701146.102,1788700660.4,78.43136933333334,17.114788833333332,True,2
1788701146.305,1788700660.6,78.43136833333332,17.114780666666665,True,2
1788701146.506,1788700660.8,78.43136733333334,17.114772666666667,True,2
1788701146.704,1788700661.0,78.43136633333333,17.114764666666666,True,2
1788701146.902,1788700661.2,78.4313655,17.114756333333332,True,2
1788701147.105,1788700661.4,78.4313645,17.11474816666667,True,2
1788701147.301,1788700661.6,78.43136333333334,17.114739999999998,True,2
1788701147.503,1788700661.8,78.43136233333333,17.114732,True,2
1788701147.703,1788700662.0,78.43136133333334,17.114723666666666,True,2
1788701147.903,1788700662.2,78.43136016666668,17.114715666666665,True,2
1788701148.101,1788700662.4,78.431359,17.114707666666668,True,2
1788701148.301,1788700662.6,78.431358,17.114700000000003,True,2
1788701148.504,1788700662.8,78.43135683333334,17.114691999999998,True,2
1788701148.704,1788700663.0,78.43135583333333,17.114684166666667,True,2
1788701148.903,1788700663.2,78.43135466666666,17.114676166666666,True,2
1788701149.102,1788700663.4,78.43135349999999,17.114668333333334,True,2
1788701149.304,1788700663.6,78.43135233333334,17.114660166666667,True,2
1788701149.502,1788700663.8,78.43135133333334,17.114652333333332,True,2
1788701149.705,1788700664.0,78.43135016666666,17.1146445,True,2
1788701149.904,1788700664.2,78.431349,17.11463666666667,True,2
1788701150.101,1788700664.4,78.43134783333333,17.114628666666665,True,2
1788701150.301,1788700664.6,78.43134666666667,17.114620833333333,True,2
1788701150.503,1788700664.8,78.43134549999999,17.114612833333336,True,2
1788701150.706,1788700665.0,78.43134433333333,17.11460483333333,True,2
1788701150.902,1788700665.2,78.43134316666666,17.114596666666667,True,2
1788701151.105,1788700665.4,78.431342,17.11458866666667,True,2
1788701151.303,1788700665.6,78.43134083333332,17.114580999999998,True,2
1788701151.504,1788700665.8,78.43133966666666,17.114573333333333,True,2
1788701151.705,1788700666.0,78.43133833333333,17.1145655,True,2
1788701151.905,1788700666.2,78.43133716666667,17.114557666666666,True,2
1788701152.104,1788700666.4,78.43133616666667,17.114550166666668,True,2
1788701152.303,1788700666.6,78.431335,17.11454266666667,True,2
1788701152.503,1788700666.8,78.43133383333334,17.114535,True,2
1788701152.705,1788700667.0,78.43133266666668,17.114527,True,2
1788701152.905,1788700667.2,78.4313315,17.114519499999997,True,2
1788701153.106,1788700667.4,78.43133033333334,17.114511666666665,True,2
1788701153.306,1788700667.6,78.43132916666667,17.114503833333334,True,2
1788701153.503,1788700667.8,78.431328,17.114496166666665,True,2
1788701153.702,1788700668.0,78.43132683333333,17.114488666666666,True,2
1788701153.905,1788700668.2,78.43132566666667,17.114481,True,2
1788701154.106,1788700668.4,78.43132466666665,17.1144735,True,2
1788701154.306,1788700668.6,78.43132349999999,17.114466166666666,True,2
1788701154.504,1788700668.8,78.43132233333334,17.114458833333334,True,2
1788701154.705,1788700669.0,78.43132116666668,17.114451166666665,True,2
1788701154.903,1788700669.2,78.43132,17.1144435,True,2
1788701155.102,1788700669.4,78.43131883333334,17.114435500000003,True,2
1788701155.302,1788700669.6,78.43131783333334,17.11442783333333,True,2
1788701155.501,1788700669.8,78.43131666666666,17.114420166666665,True,2
1788701155.703,1788700670.0,78.4313155,17.1144125,True,2
1788701155.904,1788700670.2,78.43131433333333,17.11440483333333,True,2
1788701156.103,1788700670.4,78.43131316666667,17.114397166666667,True,2
1788701156.305,1788700670.6,78.43131199999999,17.114389666666668,True,2
1788701156.502,1788700670.8,78.43131083333333,17.114382,True,2
1788701156.704,1788700671.0,78.43130983333334,17.1143745,True,2
1788701156.904,1788700671.2,78.43130866666667,17.114366833333335,True,2
1788701157.104,1788700671.4,78.4313075,17.114359166666667,True,2
1788701157.303,1788700671.6,78.43130633333334,17.1143515,True,2
1788701157.502,1788700671.8,78.43130516666666,17.114343833333333,True,2
1788701157.703,1788700672.0,78.431304,17.114335999999998,True,2
1788701157.903,1788700672.2,78.43130283333333,17.114328166666667,True,2
1788701158.103,1788700672.4,78.43130183333332,17.1143205,True,2
1788701158.302,1788700672.6,78.43130066666666,17.114312666666667,True,2
1788701158.503,1788700672.8,78.4312995,17.114305,True,2
1788701158.702,1788700673.0,78.43129833333334,17.114297500000003,True,2
1788701158.906,1788700673.2,78.43129716666667,17.11429,True,2
1788701159.103,1788700673.4,78.43129616666667,17.114282333333332,True,2
1788701159.302,1788700673.6,78.431295,17.1142745,True,2
1788701159.503,1788700673.8,78.43129383333333,17.114266666666666,True,2
1788701159.705,1788700674.0,78.43129283333333,17.114258666666668,True,2
1788701159.905,1788700674.2,78.43129166666667,17.114250666666667,True,2
1788701160.103,1788700674.4,78.43129049999999,17.114242666666666,True,2
1788701160.306,1788700674.6,78.43128933333334,17.114234833333335,True,2
1788701160.504,1788700674.8,78.43128816666668,17.11422683333333,True,2
1788701160.703,1788700675.0,78.43128700000001,17.114219166666665,True,2
1788701160.903,1788700675.2,78.43128583333333,17.114211333333333,True,2
1788701161.103,1788700675.4,78.43128466666667,17.114203666666665,True,2
1788701161.304,1788700675.6,78.4312835,17.114195666666667,True,2
1788701161.503,1788700675.8,78.43128233333333,17.114187666666666,True,2
1788701161.701,1788700676.0,78.43128116666666,17.114179666666665,True,2
1788701161.901,1788700676.2,78.43128,17.114171833333334,True,2
1788701162.102,1788700676.4,78.43127899999999,17.114164000000002,True,2
1788701162.303,1788700676.6,78.43127783333333,17.114155999999998,True,2
1788701162.503,1788700676.8,78.43127666666666,17.114147833333334,True,2
1788701162.703,1788700677.0,78.43127566666666,17.114140000000003,True,2
1788701162.902,1788700677.2,78.4312745,17.11413183333333,True,2
1788701163.104,1788700677.4,78.4312735,17.114124,True,2
1788701163.302,1788700677.6,78.43127233333333,17.114116000000003,True,2
1788701163.501,1788700677.8,78.43127116666666,17.114108166666664,True,2
1788701163.705,1788700678.0,78.43127016666668,17.114100166666667,True,2
1788701163.905,1788700678.2,78.431269,17.11409216666667,True,2
1788701164.107,1788700678.4,78.43126783333334,17.114084333333334,True,2
1788701164.305,1788700678.6,78.43126683333334,17.114076166666667,True,2
1788701164.504,1788700678.8,78.43126566666666,17.114068333333332,True,2
1788701164.702,1788700679.0,78.43126466666666,17.114060166666665,True,2
1788701164.911,1788700679.2,78.43126366666667,17.114052166666667,True,2
1788701165.102,1788700679.4,78.43126266666667,17.114044166666666,True,2
1788701165.303,1788700679.6,78.43126166666666,17.114036166666665,True,2
1788701165.503,1788700679.8,78.43126066666667,17.114028166666667,True,2
1788701165.703,1788700680.0,78.43125966666666,17.11402,True,2
1788701165.906,1788700680.2,78.43125866666666,17.114012,True,2
1788701166.103,1788700680.4,78.43125749999999,17.11400366666667,True,2
1788701166.304,1788700680.6,78.4312565,17.11399533333333,True,2
1788701166.503,1788700680.8,78.43125549999999,17.113987,True,2
1788701166.703,1788700681.0,78.4312545,17.113978666666664,True,2
1788701166.903,1788700681.2,78.4312535,17.1139705,True,2
1788701167.104,1788700681.4,78.4312525,17.113962166666667,True,2
1788701167.306,1788700681.6,78.43125149999999,17.113954,True,2
1788701167.502,1788700681.8,78.4312505,17.113945833333332,True,2
1788701167.705,1788700682.0,78.43124949999999,17.113937833333335,True,2
1788701167.906,1788700682.2,78.43124850000001,17.113929833333334,True,2
1788701168.106,1788700682.4,78.4312475,17.113922,True,2
1788701168.307,1788700682.6,78.4312465,17.113913833333335,True,2
1788701168.506,1788700682.8,78.4312455,17.113905833333334,True,2
1788701168.705,1788700683.0,78.4312445,17.113897666666666,True,2
1788701168.904,1788700683.2,78.4312435,17.113889333333336,True,2
1788701169.106,1788700683.4,78.43124250000001,17.113881166666665,True,2
1788701169.305,1788700683.6,78.43124133333335,17.113873166666668,True,2
1788701169.505,1788700683.8,78.43124033333334,17.113864999999997,True,2
1788701169.704,1788700684.0,78.43123933333332,17.113856666666667,True,2
1788701169.903,1788700684.2,78.43123833333334,17.1138485,True,2
1788701170.102,1788700684.4,78.43123733333333,17.113840666666665,True,2
1788701170.302,1788700684.6,78.43123633333333,17.1138325,True,2
1788701170.504,1788700684.8,78.43123533333333,17.113824333333334,True,2
1788701170.705,1788700685.0,78.43123433333334,17.113816166666666,True,2
1788701170.905,1788700685.2,78.43123333333332,17.113807833333333,True,2
1788701171.103,1788700685.4,78.43123233333334,17.113799500000002,True,2
1788701171.303,1788700685.6,78.43123133333333,17.11379133333333,True,2
1788701171.503,1788700685.8,78.43123033333333,17.113783,True,2
1788701171.703,1788700686.0,78.43122933333333,17.11377483333333,True,2
1788701171.905,1788700686.2,78.43122833333334,17.1137665,True,2
1788701172.105,1788700686.4,78.43122733333333,17.113758166666667,True,2
1788701172.305,1788700686.6,78.43122616666666,17.113750166666666,True,2
1788701172.503,1788700686.8,78.43122533333333,17.113742,True,2
1788701172.704,1788700687.0,78.43122433333333,17.113734,True,2
1788701172.902,1788700687.2,78.4312235,17.113725833333334,True,2
1788701173.103,1788700687.4,78.4312225,17.113717666666666,True,2
1788701173.305,1788700687.6,78.4312215,17.113709500000002,True,2
1788701173.503,1788700687.8,78.43122050000001,17.113701166666665,True,2
1788701173.705,1788700688.0,78.4312195,17.11369266666667,True,2
1788701173.907,1788700688.2,78.43121833333333,17.11368433333333,True,2
1788701174.105,1788700688.4,78.43121733333334,17.113675833333332,True,2
1788701174.307,1788700688.6,78.43121616666667,17.11366716666667,True,2
1788701174.503,1788700688.8,78.43121516666666,17.113658833333332,True,2
1788701174.704,1788700689.0,78.43121416666666,17.113650500000002,True,2
1788701174.904,1788700689.2,78.43121333333333,17.1136425,True,2
1788701175.104,1788700689.4,78.43121233333333,17.113634333333334,True,2
1788701175.303,1788700689.6,78.4312115,17.113626166666666,True,2
1788701175.501,1788700689.8,78.43121049999999,17.113618166666665,True,2
1788701175.7,1788700690.0,78.43120950000001,17.11361,True,2
1788701175.903,1788700690.2,78.4312085,17.1136015,True,2
1788701176.103,1788700690.4,78.4312075,17.113592999999998,True,2
1788701176.302,1788700690.6,78.43120633333334,17.113584666666668,True,2
1788701176.505,1788700690.8,78.4312055,17.113576333333334,True,2
1788701176.704,1788700691.0,78.43120449999999,17.113568166666667,True,2
1788701176.904,1788700691.2,78.43120366666668,17.113560166666666,True,2
1788701177.104,1788700691.4,78.43120266666666,17.11355216666667,True,2
1788701177.304,1788700691.6,78.43120166666667,17.113544333333333,True,2
1788701177.506,1788700691.8,78.43120083333334,17.113536333333332,True,2
1788701177.703,1788700692.0,78.43119983333332,17.11352833333333,True,2
1788701177.905,1788700692.2,78.43119883333334,17.11352,True,2
1788701178.103,1788700692.4,78.43119783333333,17.113511666666668,True,2
1788701178.304,1788700692.6,78.43119683333333,17.1135035,True,2
1788701178.504,1788700692.8,78.43119566666665,17.113495333333333,True,2
1788701178.706,1788700693.0,78.43119466666667,17.11348716666667,True,2
1788701178.904,1788700693.2,78.43119366666666,17.113478833333332,True,2
1788701179.104,1788700693.4,78.43119266666666,17.113470833333334,True,2
1788701179.306,1788700693.6,78.43119183333333,17.113463000000003,True,2
1788701179.505,1788700693.8,78.43119083333333,17.113455,True,2
1788701179.706,1788700694.0,78.43118983333333,17.113447,True,2
1788701179.903,1788700694.2,78.43118883333334,17.113439000000003,True,2
1788701180.105,1788700694.4,78.43118783333333,17.113430666666666,True,2
1788701180.304,1788700694.6,78.43118683333334,17.11342266666667,True,2
1788701180.504,1788700694.8,78.43118583333333,17.11341433333333,True,2
1788701180.704,1788700695.0,78.43118483333333,17.113406166666667,True,2
1788701180.903,1788700695.2,78.43118366666666,17.113397833333334,True,2
1788701181.102,1788700695.4,78.43118283333334,17.113389333333334,True,2
1788701181.301,1788700695.6,78.43118183333333,17.113381166666667,True,2
1788701181.533,1788700695.8,78.431181,17.113373000000003,True,2
1788701181.707,1788700696.0,78.43118,17.113364999999998,True,2
1788701181.906,1788700696.2,78.431179,17.113357,True,2
1788701182.107,1788700696.4,78.431178,17.113349000000003,True,2
1788701182.305,1788700696.6,78.43117699999999,17.113340666666666,True,2
1788701182.505,1788700696.8,78.43117583333333,17.113332333333336,True,2
1788701182.703,1788700697.0,78.43117483333334,17.113323833333332,True,2
1788701182.905,1788700697.2,78.43117383333333,17.1133155,True,2
1788701183.106,1788700697.4,78.43117283333332,17.113307333333335,True,2
1788701183.304,1788700697.6,78.43117183333334,17.113299333333334,True,2
1788701183.503,1788700697.8,78.43117083333333,17.113291666666665,True,2
1788701183.705,1788700698.0,78.43116983333333,17.113283833333334,True,2
1788701183.905,1788700698.2,78.431169,17.113276166666665,True,2
1788701184.102,1788700698.4,78.431168,17.113268333333334,True,2
1788701184.305,1788700698.6,78.431167,17.113260166666667,True,2
1788701184.504,1788700698.8,78.431166,17.113251833333333,True,2
1788701184.705,1788700699.0,78.43116483333333,17.113243333333333,True,2
1788701184.907,1788700699.2,78.43116383333333,17.113235,True,2
1788701185.105,1788700699.4,78.43116266666667,17.113226666666666,True,2
1788701185.304,1788700699.6,78.43116166666667,17.11321866666667,True,2
1788701185.502,1788700699.8,78.43116066666667,17.113210499999997,True,2
1788701185.702,1788700700.0,78.43115983333334,17.113202666666666,True,2
1788701185.903,1788700700.2,78.43115883333333,17.113194833333335,True,2
1788701186.104,1788700700.4,78.43115783333333,17.113186833333334,True,2
1788701186.304,1788700700.6,78.431157,17.113178666666666,True,2
1788701186.504,1788700700.8,78.431156,17.113170500000003,True,2
1788701186.704,1788700701.0,78.431155,17.113162499999998,True,2
1788701186.902,1788700701.2,78.43115383333334,17.113154333333334,True,2
1788701187.106,1788700701.4,78.43115283333333,17.113146333333336,True,2
1788701187.303,1788700701.6,78.43115183333333,17.113138333333332,True,2
1788701187.504,1788700701.8,78.43115083333333,17.113130333333334,True,2
1788701187.703,1788700702.0,78.43114983333334,17.113122333333333,True,2
1788701187.902,1788700702.2,78.43114883333332,17.1131145,True,2
1788701188.103,1788700702.4,78.43114783333334,17.113106833333333,True,2
1788701188.303,1788700702.6,78.43114666666666,17.113098833333332,True,2
1788701188.503,1788700702.8,78.43114566666667,17.113090833333334,True,2
1788701188.702,1788700703.0,78.43114466666665,17.113082666666667,True,2
1788701188.902,1788700703.2,78.43114366666667,17.113074833333332,True,2
1788701189.103,1788700703.4,78.43114266666666,17.11306666666667,True,2
1788701189.305,1788700703.6,78.43114166666666,17.113058666666667,True,2
1788701189.503,1788700703.8,78.43114083333333,17.113050666666666,True,2
1788701189.704,1788700704.0,78.43113983333333,17.11304266666667,True,2
1788701189.905,1788700704.2,78.43113883333334,17.113034833333334,True,2
1788701190.103,1788700704.4,78.43113783333334,17.113027,True,2
1788701190.304,1788700704.6,78.43113683333333,17.113018833333335,True,2
1788701190.505,1788700704.8,78.43113583333334,17.11301083333333,True,2
1788701190.704,1788700705.0,78.43113483333333,17.113002666666667,True,2
1788701190.904,1788700705.2,78.43113383333333,17.11299466666667,True,2
1788701191.104,1788700705.4,78.43113283333334,17.112986666666664,True,2
1788701191.304,1788700705.6,78.43113183333334,17.112978333333334,True,2
1788701191.503,1788700705.8,78.43113066666666,17.112970166666667,True,2
1788701191.703,1788700706.0,78.43112966666666,17.112962166666666,True,2
1788701191.904,1788700706.2,78.43112883333333,17.112954,True,2
1788701192.103,1788700706.4,78.43112783333332,17.112946,True,2
1788701192.302,1788700706.6,78.43112683333334,17.112938,True,2
1788701192.504,1788700706.8,78.43112583333333,17.112929833333332,True,2
1788701192.708,1788700707.0,78.43112483333333,17.11292166666667,True,2
1788701192.905,1788700707.2,78.43112383333333,17.112913666666667,True,2
1788701193.105,1788700707.4,78.43112283333333,17.1129055,True,2
1788701193.303,1788700707.6,78.43112183333332,17.1128975,True,2
1788701193.504,1788700707.8,78.43112083333334,17.11288933333333,True,2
1788701193.702,1788700708.0,78.43111983333333,17.112881333333334,True,2
1788701193.905,1788700708.2,78.43111883333333,17.112873,True,2
1788701194.103,1788700708.4,78.43111783333333,17.112864833333333,True,2
1788701194.303,1788700708.6,78.43111683333333,17.112856500000003,True,2
1788701194.503,1788700708.8,78.43111583333332,17.112848333333332,True,2
1788701194.704,1788700709.0,78.43111483333334,17.11284016666667,True,2
1788701194.904,1788700709.2,78.43111383333333,17.112831833333335,True,2
1788701195.102,1788700709.4,78.43111300000001,17.112823833333334,True,2
1788701195.304,1788700709.6,78.431112,17.1128155,True,2
1788701195.504,1788700709.8,78.431111,17.112807333333333,True,2
1788701195.704,1788700710.0,78.43111,17.112799166666665,True,2
1788701195.905,1788700710.2,78.431109,17.112791,True,2
1788701196.106,1788700710.4,78.431108,17.112783,True,2
1788701196.305,1788700710.6,78.43110700000001,17.112774833333333,True,2
1788701196.508,1788700710.8,78.43110583333333,17.112766833333335,True,2
1788701196.704,1788700711.0,78.43110483333334,17.11275883333333,True,2
1788701196.904,1788700711.2,78.43110383333332,17.112750833333333,True,2
1788701197.103,1788700711.4,78.431103,17.112742833333336,True,2
1788701197.302,1788700711.6,78.431102,17.11273483333333,True,2
1788701197.502,1788700711.8,78.431101,17.112726666666667,True,2
1788701197.702,1788700712.0,78.4311,17.11271866666667,True,2
1788701197.902,1788700712.2,78.43109899999999,17.112710666666665,True,2
1788701198.106,1788700712.4,78.431098,17.1127025,True,2
1788701198.305,1788700712.6,78.431097,17.112694666666666,True,2
1788701198.505,1788700712.8,78.43109583333333,17.1126865,True,2
1788701198.708,1788700713.0,78.43109483333333,17.112678333333335,True,2
1788701198.905,1788700713.2,78.43109383333334,17.11266983333333,True,2
1788701199.103,1788700713.4,78.43109266666667,17.112661666666668,True,2
1788701199.303,1788700713.6,78.43109166666666,17.1126535,True,2
1788701199.5,1788700713.8,78.43109066666666,17.112645166666667,True,2
1788701199.703,1788700714.0,78.43108966666667,17.112637,True,2
1788701199.902,1788700714.2,78.43108866666667,17.112628833333336,True,2
1788701200.103,1788700714.4,78.43108783333334,17.112621,True,2
1788701200.303,1788700714.6,78.43108683333334,17.112613,True,2
1788701200.503,1788700714.8,78.43108583333333,17.112604833333332,True,2
1788701200.738,1788700715.0,78.43108483333334,17.112596833333335,True,2
1788701200.901,1788700715.2,78.43108366666667,17.112588666666667,True,2
1788701201.101,1788700715.4,78.4310825,17.112580333333334,True,2
1788701201.303,1788700715.6,78.43108149999999,17.112572,True,2
1788701201.502,1788700715.8,78.43108050000001,17.112564000000003,True,2
1788701201.702,1788700716.0,78.4310795,17.112556333333334,True,2
1788701201.902,1788700716.2,78.43107866666666,17.112548666666665,True,2
1788701202.101,1788700716.4,78.43107766666667,17.112540833333334,True,2
1788701202.301,1788700716.6,78.43107666666667,17.112533166666665,True,2
1788701202.501,1788700716.8,78.43107566666666,17.112525166666668,True,2
1788701202.768,1788700717.0,78.43107466666667,17.112517166666667,True,2
1788701202.901,1788700717.2,78.43107366666666,17.112508833333333,True,2
1788701203.103,1788700717.4,78.43107266666667,17.112500666666666,True,2
1788701203.3,1788700717.6,78.43107166666667,17.112492333333332,True,2
1788701203.5,1788700717.8,78.43107066666667,17.112484333333335,True,2
1788701203.705,1788700718.0,78.43106966666666,17.112476,True,2
1788701203.903,1788700718.2,78.43106866666668,17.112468,True,2
1788701204.102,1788700718.4,78.43106766666666,17.112460166666665,True,2
1788701204.337,1788700718.6,78.43106666666667,17.112452166666667,True,2
1788701204.504,1788700718.8,78.43106566666667,17.112444333333332,True,2
1788701204.705,1788700719.0,78.43106466666667,17.112436333333335,True,2
1788701204.903,1788700719.2,78.4310635,17.112428166666668,True,2
1788701205.107,1788700719.4,78.43106250000001,17.11242,True,2
1788701205.304,1788700719.6,78.4310615,17.112411666666667,True,2
1788701205.501,1788700719.8,78.4310605,17.112403500000003,True,2
1788701205.702,1788700720.0,78.4310595,17.112395333333332,True,2
1788701205.902,1788700720.2,78.43105833333334,17.112387000000002,True,2
1788701206.1,1788700720.4,78.43105733333333,17.112379166666663,True,2
1788701206.303,1788700720.6,78.43105633333333,17.112370833333333,True,2
1788701206.503,1788700720.8,78.43105533333333,17.112362833333336,True,2
1788701206.703,1788700721.0,78.43105433333334,17.112354666666665,True,2
1788701206.901,1788700721.2,78.43105333333332,17.1123465,True,2
1788701207.103,1788700721.4,78.43105233333334,17.112338333333334,True,2
1788701207.304,1788700721.6,78.43105116666668,17.112330333333333,True,2
1788701207.5,1788700721.8,78.43105016666667,17.112322,True,2
1788701207.703,1788700722.0,78.43104916666667,17.112314,True,2
1788701207.906,1788700722.2,78.43104799999999,17.112306166666666,True,2
1788701208.104,1788700722.4,78.431047,17.11229816666667,True,2
1788701208.302,1788700722.6,78.431046,17.112290166666664,True,2
1788701208.502,1788700722.8,78.431045,17.112282166666667,True,2
1788701208.703,1788700723.0,78.43104416666667,17.11227416666667,True,2
1788701208.9,1788700723.2,78.43104316666667,17.11226633333333,True,2
1788701209.103,1788700723.4,78.43104216666667,17.112258333333333,True,2
1788701209.303,1788700723.6,78.43104116666667,17.112250333333336,True,2
1788701209.502,1788700723.8,78.43104016666666,17.112242166666665,True,2
1788701209.705,1788700724.0,78.43103916666668,17.112234166666667,True,2
1788701209.904,1788700724.2,78.43103816666667,17.112226333333336,True,2
1788701210.103,1788700724.4,78.43103716666666,17.11221833333333,True,2
1788701210.302,1788700724.6,78.43103616666667,17.112210166666667,True,2
1788701210.504,1788700724.8,78.43103516666666,17.11220216666667,True,2
1788701210.701,1788700725.0,78.43103433333334,17.11219433333333,True,2
1788701210.901,1788700725.2,78.43103333333333,17.112186166666667,True,2
1788701211.104,1788700725.4,78.43103233333333,17.11217816666667,True,2
1788701211.302,1788700725.6,78.4310315,17.11217,True,2
1788701211.502,1788700725.8,78.43103049999999,17.112161833333335,True,2
1788701211.701,1788700726.0,78.43102950000001,17.112153666666664,True,2
1788701211.902,1788700726.2,78.4310285,17.1121455,True,2
1788701212.103,1788700726.4,78.4310275,17.112137333333333,True,2
1788701212.304,1788700726.6,78.4310265,17.112129333333332,True,2
1788701212.504,1788700726.8,78.43102566666667,17.1121215,True,2
1788701212.703,1788700727.0,78.43102466666666,17.11211366666667,True,2
1788701212.906,1788700727.2,78.43102366666668,17.11210583333333,True,2
1788701213.103,1788700727.4,78.43102266666666,17.112097666666667,True,2
1788701213.302,1788700727.6,78.43102166666667,17.112089333333333,True,2
1788701213.502,1788700727.8,78.43102066666667,17.112081166666666,True,2
1788701213.705,1788700728.0,78.43101966666667,17.112072833333333,True,2
1788701213.905,1788700728.2,78.43101866666666,17.112064666666665,True,2
1788701214.105,1788700728.4,78.43101766666668,17.1120565,True,2
1788701214.301,1788700728.6,78.43101683333333,17.112048666666666,True,2
1788701214.5,1788700728.8,78.43101583333333,17.112040666666665,True,2
1788701214.705,1788700729.0,78.43101499999999,17.112032666666668,True,2
1788701214.906,1788700729.2,78.431014,17.112024833333333,True,2
1788701215.103,1788700729.4,78.431013,17.112016666666666,True,2
1788701215.3,1788700729.6,78.431012,17.112008333333332,True,2
1788701215.502,1788700729.8,78.43101083333333,17.112000000000002,True,2
1788701215.703,1788700730.0,78.43100983333333,17.11199183333333,True,2
1788701215.902,1788700730.2,78.43100883333334,17.111983666666667,True,2
1788701216.101,1788700730.4,78.43100783333333,17.111975833333336,True,2
1788701216.301,1788700730.6,78.431007,17.11196783333333,True,2
1788701216.5,1788700730.8,78.431006,17.111960166666666,True,2
1788701216.701,1788700731.0,78.43100516666667,17.111952499999997,True,2
1788701216.902,1788700731.2,78.43100416666667,17.1119445,True,2
1788701217.101,1788700731.4,78.43100316666667,17.111936500000002,True,2
1788701217.303,1788700731.6,78.43100216666667,17.111928,True,2
1788701217.501,1788700731.8,78.431001,17.11191983333333,True,2
1788701217.703,1788700732.0,78.431,17.111911833333334,True,2
1788701217.904,1788700732.2,78.430999,17.111903833333333,True,2
1788701218.103,1788700732.4,78.430998,17.111896,True,2
1788701218.304,1788700732.6,78.43099716666667,17.111888166666667,True,2
1788701218.503,1788700732.8,78.43099616666667,17.111880666666664,True,2
1788701218.703,1788700733.0,78.43099533333334,17.111872666666667,True,2
1788701218.902,1788700733.2,78.43099433333333,17.111864833333335,True,2
1788701219.102,1788700733.4,78.43099316666667,17.1118565,True,2
1788701219.303,1788700733.6,78.43099216666666,17.111848166666668,True,2
1788701219.503,1788700733.8,78.43099116666667,17.111839666666665,True,2
1788701219.704,1788700734.0,78.43099000000001,17.1118315,True,2
1788701219.902,1788700734.2,78.430989,17.111823666666666,True,2
1788701220.104,1788700734.4,78.43098816666667,17.111815666666665,True,2
1788701220.303,1788700734.6,78.43098716666667,17.111807833333334,True,2
1788701220.505,1788700734.8,78.43098616666666,17.111799666666666,True,2
1788701220.705,1788700735.0,78.43098533333334,17.111791999999998,True,2
1788701220.903,1788700735.2,78.43098433333333,17.111784166666666,True,2
1788701221.102,1788700735.4,78.43098333333334,17.111776333333335,True,2
1788701221.299,1788700735.6,78.4309825,17.111768333333334,True,2
1788701221.501,1788700735.8,78.4309815,17.111760333333333,True,2
1788701221.701,1788700736.0,78.43098033333334,17.111752333333335,True,2
1788701221.903,1788700736.2,78.43097933333334,17.111744333333334,True,2
1788701222.102,1788700736.4,78.43097833333333,17.111736333333333,True,2
1788701222.301,1788700736.6,78.43097733333335,17.111728333333335,True,2
1788701222.503,1788700736.8,78.4309765,17.1117205,True,2
1788701222.701,1788700737.0,78.4309755,17.111712833333335,True,2
1788701222.903,1788700737.2,78.4309745,17.111704999999997,True,2
1788701223.105,1788700737.4,78.43097366666666,17.111697,True,2
1788701223.303,1788700737.6,78.43097266666668,17.111688833333336,True,2
1788701223.502,1788700737.8,78.43097166666666,17.11168083333333,True,2
1788701223.704,1788700738.0,78.43097083333333,17.111672833333333,True,2
1788701223.904,1788700738.2,78.43096966666667,17.111664833333336,True,2
1788701224.101,1788700738.4,78.43096866666666,17.111656666666665,True,2
1788701224.303,1788700738.6,78.43096766666666,17.1116485,True,2
1788701224.504,1788700738.8,78.43096666666666,17.111640333333334,True,2
1788701224.704,1788700739.0,78.43096566666667,17.111632333333333,True,2
1788701224.906,1788700739.2,78.43096466666665,17.111624333333335,True,2
1788701225.103,1788700739.4,78.43096366666667,17.111616333333334,True,2
1788701225.31,1788700739.6,78.43096283333333,17.1116085,True,2
1788701225.5,1788700739.8,78.43096183333334,17.111600333333335,True,2
1788701225.704,1788700740.0,78.43096083333333,17.111592166666664,True,2
1788701225.904,1788700740.2,78.43095983333333,17.111584333333333,True,2
1788701226.104,1788700740.4,78.43095883333334,17.1115765,True,2
1788701226.304,1788700740.6,78.43095783333334,17.111568499999997,True,2
1788701226.502,1788700740.8,78.43095683333333,17.111560333333333,True,2
1788701226.702,1788700741.0,78.43095566666666,17.111552500000002,True,2
1788701226.904,1788700741.2,78.43095466666666,17.111544499999997,True,2
1788701227.105,1788700741.4,78.43095366666667,17.1115365,True,2
1788701227.304,1788700741.6,78.43095266666666,17.11152866666667,True,2
1788701227.503,1788700741.8,78.43095183333334,17.111520666666667,True,2
1788701227.703,1788700742.0,78.43095083333333,17.111512666666666,True,2
1788701227.904,1788700742.2,78.43094983333334,17.11150466666667,True,2
1788701228.102,1788700742.4,78.43094883333333,17.111496833333334,True,2
1788701228.303,1788700742.6,78.430948,17.111488666666666,True,2
1788701228.506,1788700742.8,78.430947,17.11148066666667,True,2
1788701228.705,1788700743.0,78.43094583333333,17.111472499999998,True,2
1788701228.904,1788700743.2,78.43094483333333,17.111464333333334,True,2
1788701229.103,1788700743.4,78.43094383333333,17.111456166666667,True,2
1788701229.304,1788700743.6,78.43094283333333,17.111448166666666,True,2
1788701229.504,1788700743.8,78.43094166666667,17.111440166666668,True,2
1788701229.704,1788700744.0,78.43094083333334,17.111432166666667,True,2
1788701229.905,1788700744.2,78.43093983333333,17.111424333333332,True,2
1788701230.103,1788700744.4,78.43093883333333,17.1114165,True,2
1788701230.305,1788700744.6,78.430938,17.111408666666666,True,2
1788701230.504,1788700744.8,78.430937,17.111400833333335,True,2
1788701230.703,1788700745.0,78.430936,17.111392833333333,True,2
1788701230.9,1788700745.2,78.430935,17.111384666666666,True,2
1788701231.1,1788700745.4,78.430934,17.11137666666667,True,2
1788701231.303,1788700745.6,78.43093300000001,17.1113685,True,2
1788701231.503,1788700745.8,78.430932,17.1113605,True,2
1788701231.703,1788700746.0,78.43093083333333,17.111352166666666,True,2
1788701231.903,1788700746.2,78.43092983333332,17.111344,True,2
1788701232.102,1788700746.4,78.43092883333334,17.111335999999998,True,2
1788701232.301,1788700746.6,78.43092783333333,17.111328,True,2
1788701232.503,1788700746.8,78.43092683333333,17.11132,True,2
1788701232.703,1788700747.0,78.430926,17.111312,True,2
1788701232.903,1788700747.2,78.43092499999999,17.111303666666668,True,2
1788701233.103,1788700747.4,78.430924,17.111295833333333,True,2
1788701233.303,1788700747.6,78.43092299999999,17.111287666666666,True,2
1788701233.502,1788700747.8,78.430922,17.111279666666668,True,2
1788701233.702,1788700748.0,78.430921,17.111271666666667,True,2
1788701233.906,1788700748.2,78.43092,17.111263333333333,True,2
1788701234.103,1788700748.4,78.43091899999999,17.111255333333336,True,2
1788701234.305,1788700748.6,78.430918,17.11124733333333,True,2
1788701234.502,1788700748.8,78.430917,17.111239333333334,True,2
1788701234.704,1788700749.0,78.430916,17.111231,True,2
1788701234.903,1788700749.2,78.43091516666667,17.111223,True,2
1788701235.102,1788700749.4,78.43091416666667,17.111215166666668,True,2
1788701235.313,1788700749.6,78.43091316666667,17.111207333333333,True,2
1788701235.5,1788700749.8,78.43091233333332,17.1111995,True,2
1788701235.701,1788700750.0,78.43091133333334,17.111191833333333,True,2
1788701235.901,1788700750.2,78.43091033333333,17.11118433333333,True,2
1788701236.102,1788700750.4,78.43090933333333,17.111176166666667,True,2
1788701236.304,1788700750.6,78.43090833333333,17.111168000000003,True,2
1788701236.5,1788700750.8,78.43090733333334,17.111159833333332,True,2
1788701236.701,1788700751.0,78.43090616666667,17.111151666666668,True,2
1788701236.901,1788700751.2,78.43090516666666,17.111143666666667,True,2
1788701237.103,1788700751.4,78.43090433333333,17.111136,True,2
1788701237.305,1788700751.6,78.43090333333333,17.111128166666667,True,2
1788701237.503,1788700751.8,78.4309025,17.111120500000002,True,2
1788701237.703,1788700752.0,78.43090149999999,17.111112666666667,True,2
1788701237.901,1788700752.2,78.4309005,17.111105000000002,True,2
1788701238.104,1788700752.4,78.4308995,17.111096999999997,True,2
1788701238.303,1788700752.6,78.4308985,17.111088666666667,True,2
1788701238.503,1788700752.8,78.43089733333333,17.111080333333334,True,2
1788701238.702,1788700753.0,78.43089633333334,17.11107183333333,True,2
1788701238.903,1788700753.2,78.43089533333334,17.111063833333333,True,2
1788701239.103,1788700753.4,78.43089450000001,17.111056,True,2
1788701239.302,1788700753.6,78.4308935,17.111048333333333,True,2
1788701239.503,1788700753.8,78.43089266666667,17.111040833333334,True,2
1788701239.703,1788700754.0,78.43089166666667,17.11103316666667,True,2
1788701239.902,1788700754.2,78.43089083333332,17.111025333333334,True,2
1788701240.104,1788700754.4,78.43088983333334,17.111017333333333,True,2
1788701240.303,1788700754.6,78.43088866666668,17.11100916666667,True,2
1788701240.503,1788700754.8,78.43088766666666,17.111000833333332,True,2
1788701240.705,1788700755.0,78.43088666666667,17.110992500000002,True,2
1788701240.904,1788700755.2,78.43088566666667,17.110984499999997,True,2
1788701241.104,1788700755.4,78.43088466666667,17.1109765,True,2
1788701241.303,1788700755.6,78.43088383333334,17.110968833333335,True,2
1788701241.502,1788700755.8,78.43088283333333,17.110961333333332,True,2
1788701241.702,1788700756.0,78.43088183333333,17.110953833333333,True,2
1788701241.902,1788700756.2,78.430881,17.110945833333336,True,2
1788701242.101,1788700756.4,78.43087999999999,17.110937999999997,True,2
1788701242.304,1788700756.6,78.43087883333332,17.110929833333334,True,2
1788701242.504,1788700756.8,78.43087783333334,17.1109215,True,2
1788701242.707,1788700757.0,78.43087666666666,17.110913166666666,True,2
1788701242.904,1788700757.2,78.43087566666667,17.110904833333333,True,2
1788701243.105,1788700757.4,78.43087466666665,17.110897,True,2
1788701243.305,1788700757.6,78.43087366666667,17.110889166666666,True,2
1788701243.504,1788700757.8,78.43087283333332,17.110881166666665,True,2
1788701243.705,1788700758.0,78.430872,17.1108735,True,2
1788701243.903,1788700758.2,78.430871,17.1108655,True,2
1788701244.104,1788700758.4,78.43086983333333,17.1108575,True,2
1788701244.305,1788700758.6,78.43086883333334,17.110849499999997,True,2
1788701244.504,1788700758.8,78.43086766666667,17.1108415,True,2
1788701244.702,1788700759.0,78.43086666666666,17.110833166666666,True,2
1788701244.904,1788700759.2,78.43086566666666,17.110825166666665,True,2
1788701245.104,1788700759.4,78.43086450000001,17.110817166666667,True,2
1788701245.304,1788700759.6,78.4308635,17.110809333333336,True,2
1788701245.504,1788700759.8,78.43086266666666,17.110801499999997,True,2
1788701245.702,1788700760.0,78.43086166666667,17.110793833333332,True,2
1788701245.903,1788700760.2,78.43086083333333,17.110786166666667,True,2
1788701246.102,1788700760.4,78.43085983333334,17.110778333333332,True,2
1788701246.305,1788700760.6,78.43085883333333,17.110770333333335,True,2
1788701246.501,1788700760.8,78.43085783333332,17.110762166666667,True,2
1788701246.703,1788700761.0,78.43085683333334,17.110754333333333,True,2
1788701246.902,1788700761.2,78.43085566666667,17.11074616666667,True,2
1788701247.102,1788700761.4,78.43085466666666,17.110738166666668,True,2
1788701247.307,1788700761.6,78.43085366666666,17.110730333333333,True,2
1788701247.501,1788700761.8,78.43085266666667,17.110722666666668,True,2
1788701247.704,1788700762.0,78.43085183333332,17.110714833333336,True,2
1788701247.904,1788700762.2,78.430851,17.110706999999998,True,2
1788701248.108,1788700762.4,78.43085016666667,17.110699166666667,True,2
1788701248.304,1788700762.6,78.43084916666666,17.110691166666665,True,2
1788701248.503,1788700762.8,78.43084816666666,17.110683333333334,True,2
1788701248.703,1788700763.0,78.43084716666667,17.1106755,True,2
1788701248.902,1788700763.2,78.430846,17.110667499999998,True,2
1788701249.103,1788700763.4,78.430845,17.110659333333334,True,2
1788701249.302,1788700763.6,78.430844,17.110651333333333,True,2
1788701249.503,1788700763.8,78.43084300000001,17.110643333333332,True,2
1788701249.703,1788700764.0,78.43084216666666,17.1106355,True,2
1788701249.902,1788700764.2,78.43084116666667,17.11062766666667,True,2
1788701250.102,1788700764.4,78.43084033333334,17.11061983333333,True,2
1788701250.302,1788700764.6,78.43083933333334,17.110612,True,2
1788701250.502,1788700764.8,78.43083833333334,17.110603833333336,True,2
1788701250.705,1788700765.0,78.43083733333333,17.11059583333333,True,2
1788701250.902,1788700765.2,78.43083633333335,17.110588,True,2
1788701251.102,1788700765.4,78.43083533333333,17.110580000000002,True,2
1788701251.302,1788700765.6,78.43083433333332,17.11057183333333,True,2
1788701251.502,1788700765.8,78.43083316666666,17.110564,True,2
1788701251.7,1788700766.0,78.43083216666668,17.110556166666665,True,2
1788701251.902,1788700766.2,78.43083133333333,17.110548166666668,True,2
1788701252.102,1788700766.4,78.43083033333333,17.110540333333333,True,2
1788701252.3,1788700766.6,78.43082933333334,17.110532499999998,True,2
1788701252.503,1788700766.8,78.43082833333332,17.110524666666667,True,2
1788701252.703,1788700767.0,78.43082733333334,17.11051666666667,True,2
1788701252.903,1788700767.2,78.43082633333333,17.11050883333333,True,2
1788701253.101,1788700767.4,78.43082533333333,17.1105005,True,2
1788701253.303,1788700767.6,78.43082416666667,17.110492333333333,True,2
1788701253.504,1788700767.8,78.43082316666667,17.110484,True,2
1788701253.704,1788700768.0,78.430822,17.110475833333332,True,2
1788701253.905,1788700768.2,78.430821,17.110468,True,2
1788701254.104,1788700768.4,78.43082016666668,17.110460166666666,True,2
1788701254.304,1788700768.6,78.43081916666667,17.110452333333335,True,2
1788701254.502,1788700768.8,78.43081833333333,17.11044466666667,True,2
1788701254.702,1788700769.0,78.43081733333334,17.110436666666665,True,2
1788701254.902,1788700769.2,78.43081633333333,17.110429,True,2
1788701255.104,1788700769.4,78.43081533333334,17.110420666666666,True,2
1788701255.305,1788700769.6,78.43081416666668,17.1104125,True,2
1788701255.505,1788700769.8,78.43081316666667,17.110404333333335,True,2
1788701255.703,1788700770.0,78.43081216666666,17.110396166666664,True,2
1788701255.901,1788700770.2,78.43081099999999,17.110388166666667,True,2
1788701256.103,1788700770.4,78.43081016666666,17.110380000000003,True,2
1788701256.302,1788700770.6,78.43080916666666,17.11037233333333,True,2
1788701256.502,1788700770.8,78.43080816666667,17.110364666666666,True,2
1788701256.702,1788700771.0,78.43080716666667,17.110356833333334,True,2
1788701256.902,1788700771.2,78.43080633333334,17.110349,True,2
1788701257.105,1788700771.4,78.43080533333334,17.110341000000002,True,2
1788701257.301,1788700771.6,78.43080433333333,17.110333,True,2
1788701257.502,1788700771.8,78.43080333333334,17.110324833333333,True,2
1788701257.704,1788700772.0,78.43080233333333,17.110316833333332,True,2
1788701257.903,1788700772.2,78.43080133333333,17.11030883333333,True,2
1788701258.102,1788700772.4,78.43080033333334,17.110301,True,2
1788701258.303,1788700772.6,78.43079916666667,17.110292833333332,True,2
1788701258.502,1788700772.8,78.43079816666666,17.1102845,True,2
1788701258.703,1788700773.0,78.43079716666666,17.1102765,True,2
1788701258.903,1788700773.2,78.43079616666667,17.110268,True,2
1788701259.104,1788700773.4,78.43079516666667,17.110259666666664,True,2
1788701259.303,1788700773.6,78.43079433333334,17.1102515,True,2
1788701259.504,1788700773.8,78.43079333333334,17.110243500000003,True,2
1788701259.706,1788700774.0,78.43079233333333,17.110235499999998,True,2
1788701259.915,1788700774.2,78.43079133333335,17.1102275,True,2
1788701260.102,1788700774.4,78.43079033333333,17.11021966666667,True,2
1788701260.303,1788700774.6,78.43078933333332,17.110211666666665,True,2
1788701260.503,1788700774.8,78.43078833333334,17.110204,True,2
1788701260.705,1788700775.0,78.43078733333333,17.110196,True,2
1788701260.904,1788700775.2,78.43078633333333,17.110188,True,2
1788701261.103,1788700775.4,78.43078533333333,17.110179833333333,True,2
1788701261.3,1788700775.6,78.4307845,17.110171833333332,True,2
1788701261.502,1788700775.8,78.4307835,17.110163833333335,True,2
1788701261.704,1788700776.0,78.4307825,17.110155833333334,True,2
1788701261.903,1788700776.2,78.4307815,17.110148,True,2
1788701262.102,1788700776.4,78.43078066666666,17.110140333333334,True,2
1788701262.301,1788700776.6,78.43077966666667,17.110132333333336,True,2
1788701262.501,1788700776.8,78.43077866666665,17.110124499999998,True,2
1788701262.7,1788700777.0,78.43077766666667,17.110116333333334,True,2
1788701262.902,1788700777.2,78.43077666666666,17.110108333333336,True,2
1788701263.104,1788700777.4,78.43077566666666,17.11010033333333,True,2
1788701263.303,1788700777.6,78.43077450000001,17.110092,True,2
1788701263.502,1788700777.8,78.4307735,17.110083666666664,True,2
1788701263.702,1788700778.0,78.4307725,17.1100755,True,2
1788701263.904,1788700778.2,78.4307715,17.110067666666666,True,2
1788701264.101,1788700778.4,78.43077050000001,17.1100595,True,2
1788701264.303,1788700778.6,78.43076966666666,17.110051666666667,True,2
1788701264.503,1788700778.8,78.43076866666667,17.110044000000002,True,2
1788701264.705,1788700779.0,78.43076766666667,17.110036333333333,True,2
1788701264.903,1788700779.2,78.43076666666666,17.1100285,True,2
1788701265.104,1788700779.4,78.43076583333333,17.110020666666667,True,2
1788701265.302,1788700779.6,78.43076466666666,17.110012833333332,True,2
1788701265.5,1788700779.8,78.43076366666666,17.11000466666667,True,2
1788701265.703,1788700780.0,78.43076266666667,17.109996666666667,True,2
1788701265.904,1788700780.2,78.43076166666667,17.109988666666666,True,2
1788701266.101,1788700780.4,78.43076066666666,17.10998066666667,True,2
1788701266.304,1788700780.6,78.43075983333333,17.109972833333334,True,2
1788701266.5,1788700780.8,78.43075883333333,17.109964833333333,True,2
1788701266.7,1788700781.0,78.43075783333333,17.109957166666668,True,2
1788701266.899,1788700781.2,78.43075666666667,17.109948999999997,True,2
1788701267.102,1788700781.4,78.43075566666667,17.109940666666667,True,2
1788701267.302,1788700781.6,78.43075466666666,17.1099325,True,2
1788701267.501,1788700781.8,78.43075366666667,17.109924333333332,True,2
1788701267.702,1788700782.0,78.43075283333333,17.109916333333334,True,2
1788701267.903,1788700782.2,78.43075183333333,17.1099085,True,2
1788701268.105,1788700782.4,78.430751,17.109900666666665,True,2
1788701268.304,1788700782.6,78.43075,17.109893,True,2
1788701268.502,1788700782.8,78.430749,17.10988516666667,True,2
1788701268.703,1788700783.0,78.430748,17.109876999999997,True,2
1788701268.904,1788700783.2,78.43074700000001,17.109869,True,2
1788701269.103,1788700783.4,78.430746,17.10986066666667,True,2
1788701269.304,1788700783.6,78.43074499999999,17.109852333333333,True,2
1788701269.502,1788700783.8,78.430744,17.109844,True,2
1788701269.701,1788700784.0,78.43074299999999,17.109835999999998,True,2
1788701269.905,1788700784.2,78.43074216666668,17.109828166666667,True,2
1788701270.104,1788700784.4,78.43074116666666,17.1098205,True,2
1788701270.305,1788700784.6,78.43074033333333,17.109812666666667,True,2
1788701270.504,1788700784.8,78.43073933333334,17.10980483333333,True,2
1788701270.705,1788700785.0,78.43073833333332,17.109796666666668,True,2
1788701270.906,1788700785.2,78.43073733333334,17.10978833333333,True,2
1788701271.103,1788700785.4,78.43073633333333,17.10978,True,2
1788701271.302,1788700785.6,78.43073533333333,17.109771833333333,True,2
1788701271.502,1788700785.8,78.43073433333333,17.109763666666666,True,2
1788701271.701,1788700786.0,78.43073316666667,17.109755833333335,True,2
1788701271.904,1788700786.2,78.43073216666667,17.10974816666667,True,2
1788701272.101,1788700786.4,78.43073116666666,17.1097405,True,2
1788701272.301,1788700786.6,78.43073016666668,17.1097325,True,2
1788701272.501,1788700786.8,78.43072916666667,17.109724500000002,True,2
1788701272.703,1788700787.0,78.43072816666667,17.10971633333333,True,2
1788701272.907,1788700787.2,78.43072716666667,17.109708333333334,True,2
1788701273.106,1788700787.4,78.43072616666667,17.109700166666666,True,2
1788701273.304,1788700787.6,78.43072516666666,17.109692,True,2
1788701273.503,1788700787.8,78.43072416666668,17.109684,True,2
1788701273.703,1788700788.0,78.43072316666667,17.109676,True,2
1788701273.906,1788700788.2,78.43072216666665,17.10966833333333,True,2
1788701274.105,1788700788.4,78.43072116666667,17.1096605,True,2
1788701274.305,1788700788.6,78.43072016666666,17.109652333333333,True,2
1788701274.504,1788700788.8,78.43071916666666,17.109644166666666,True,2
1788701274.702,1788700789.0,78.43071816666667,17.109636166666668,True,2
1788701274.902,1788700789.2,78.43071716666667,17.1096285,True,2
1788701275.134,1788700789.4,78.43071616666666,17.109620666666668,True,2
1788701275.304,1788700789.6,78.43071516666667,17.109612833333333,True,2
1788701275.505,1788700789.8,78.43071433333333,17.109605,True,2
1788701275.705,1788700790.0,78.43071333333334,17.109597166666667,True,2
1788701275.903,1788700790.2,78.43071216666667,17.10958916666667,True,2
1788701276.104,1788700790.4,78.43071116666667,17.109581166666665,True,2
1788701276.301,1788700790.6,78.43071016666666,17.109572833333335,True,2
1788701276.499,1788700790.8,78.43070916666667,17.109564666666664,True,2
1788701276.702,1788700791.0,78.43070816666666,17.109556666666666,True,2
1788701276.901,1788700791.2,78.43070716666666,17.10954866666667,True,2
1788701277.101,1788700791.4,78.43070633333333,17.10954083333333,True,2
1788701277.302,1788700791.6,78.43070533333334,17.109533,True,2
1788701277.502,1788700791.8,78.43070433333334,17.109525,True,2
1788701277.702,1788700792.0,78.43070333333334,17.109517,True,2
1788701277.902,1788700792.2,78.43070233333333,17.109508833333333,True,2
1788701278.103,1788700792.4,78.43070133333335,17.10950066666667,True,2
1788701278.304,1788700792.6,78.43070033333333,17.109492499999998,True,2
1788701278.505,1788700792.8,78.4306995,17.1094845,True,2
1788701278.704,1788700793.0,78.4306985,17.109476833333336,True,2
1788701278.905,1788700793.2,78.43069766666667,17.109468833333334,True,2
1788701279.105,1788700793.4,78.43069666666666,17.109461,True,2
1788701279.301,1788700793.6,78.43069583333333,17.109453166666665,True,2
1788701279.504,1788700793.8,78.43069483333333,17.109445333333333,True,2
1788701279.704,1788700794.0,78.43069383333334,17.109437333333336,True,2
1788701279.904,1788700794.2,78.43069283333332,17.109429499999997,True,2
1788701280.102,1788700794.4,78.43069166666668,17.109421333333334,True,2
1788701280.302,1788700794.6,78.43069066666666,17.109413500000002,True,2
1788701280.502,1788700794.8,78.43068966666667,17.109405499999998,True,2
1788701280.703,1788700795.0,78.43068883333333,17.109397833333333,True,2
1788701280.905,1788700795.2,78.43068783333334,17.10939,True,2
1788701281.103,1788700795.4,78.430687,17.109382166666666,True,2
1788701281.304,1788700795.6,78.430686,17.1093745,True,2
1788701281.504,1788700795.8,78.430685,17.1093665,True,2
1788701281.701,1788700796.0,78.430684,17.1093585,True,2
1788701281.902,1788700796.2,78.430683,17.109350333333335,True,2
1788701282.101,1788700796.4,78.43068199999999,17.109342166666668,True,2
1788701282.302,1788700796.6,78.430681,17.109334,True,2
1788701282.501,1788700796.8,78.43068,17.109325833333333,True,2
1788701282.701,1788700797.0,78.430679,17.109317833333332,True,2
1788701282.901,1788700797.2,78.43067816666667,17.109310166666667,True,2
1788701283.103,1788700797.4,78.43067733333334,17.109302333333336,True,2
1788701283.303,1788700797.6,78.43067633333334,17.109294499999997,True,2
1788701283.501,1788700797.8,78.43067533333333,17.109286666666666,True,2
1788701283.704,1788700798.0,78.4306745,17.10927866666667,True,2
1788701283.905,1788700798.2,78.4306735,17.109270666666664,True,2
1788701284.105,1788700798.4,78.4306725,17.109262666666666,True,2
1788701284.304,1788700798.6,78.4306715,17.109254500000002,True,2
1788701284.503,1788700798.8,78.43067033333334,17.109246499999998,True,2
1788701284.703,1788700799.0,78.43066933333333,17.109238333333334,True,2
1788701284.904,1788700799.2,78.4306685,17.109230500000002,True,2
1788701285.103,1788700799.4,78.4306675,17.109222833333334,True,2
1788701285.304,1788700799.6,78.4306665,17.109215,True,2
1788701285.503,1788700799.8,78.43066566666667,17.1092075,True,2
1788701285.704,1788700800.0,78.43066466666667,17.109199666666665,True,2
1788701285.906,1788700800.2,78.43066366666667,17.109191833333334,True,2
1788701286.101,1788700800.4,78.43066266666666,17.10918366666667,True,2
1788701286.304,1788700800.6,78.43066166666668,17.109175666666665,True,2
1788701286.504,1788700800.8,78.4306605,17.109167833333334,True,2
1788701286.703,1788700801.0,78.4306595,17.109159666666667,True,2
1788701286.904,1788700801.2,78.43065849999999,17.109151333333333,True,2
1788701287.102,1788700801.4,78.43065766666668,17.109143333333336,True,2
1788701287.302,1788700801.6,78.43065666666666,17.109135499999997,True,2
1788701287.502,1788700801.8,78.43065566666668,17.1091275,True,2
1788701287.701,1788700802.0,78.43065466666667,17.10911966666667,True,2
1788701287.902,1788700802.2,78.43065366666666,17.109111499999997,True,2
1788701288.103,1788700802.4,78.43065266666667,17.109103333333334,True,2
1788701288.303,1788700802.6,78.43065183333333,17.10909516666667,True,2
1788701288.503,1788700802.8,78.43065066666666,17.10908733333333,True,2
1788701288.702,1788700803.0,78.43064966666667,17.109079166666668,True,2
1788701288.902,1788700803.2,78.43064866666667,17.10907116666667,True,2
1788701289.104,1788700803.4,78.43064766666666,17.109063166666665,True,2
1788701289.304,1788700803.6,78.43064666666668,17.109055166666668,True,2
1788701289.503,1788700803.8,78.43064566666666,17.109047333333333,True,2
1788701289.704,1788700804.0,78.43064466666667,17.109039499999998,True,2
1788701289.905,1788700804.2,78.4306435,17.109031666666667,True,2
1788701290.105,1788700804.4,78.4306425,17.109023666666666,True,2
1788701290.301,1788700804.6,78.43064150000001,17.109015833333334,True,2
1788701290.502,1788700804.8,78.4306405,17.109008,True,2
1788701290.702,1788700805.0,78.43063950000001,17.108999999999998,True,2
1788701290.902,1788700805.2,78.4306385,17.108992,True,2
1788701291.102,1788700805.4,78.43063766666667,17.10898416666667,True,2
1788701291.304,1788700805.6,78.43063666666667,17.108976166666665,True,2
1788701291.503,1788700805.8,78.43063566666666,17.108968166666667,True,2
1788701291.702,1788700806.0,78.43063466666668,17.10896016666667,True,2
1788701291.902,1788700806.2,78.43063350000001,17.108952,True,2
1788701292.102,1788700806.4,78.4306325,17.108943833333335,True,2
1788701292.302,1788700806.6,78.43063149999999,17.108935666666664,True,2
1788701292.503,1788700806.8,78.4306305,17.1089275,True,2
1788701292.7,1788700807.0,78.4306295,17.10891966666667,True,2
1788701292.902,1788700807.2,78.43062833333333,17.108912,True,2
1788701293.101,1788700807.4,78.4306275,17.10890433333333,True,2
1788701293.302,1788700807.6,78.4306265,17.108896666666666,True,2
1788701293.501,1788700807.8,78.43062549999999,17.108888999999998,True,2
1788701293.703,1788700808.0,78.43062433333333,17.108881166666666,True,2
1788701293.917,1788700808.2,78.43062333333334,17.108873333333335,True,2
1788701294.103,1788700808.4,78.43062216666667,17.10886533333333,True,2
1788701294.305,1788700808.6,78.43062116666667,17.108857333333333,True,2
1788701294.502,1788700808.8,78.43062,17.1088495,True,2
1788701294.705,1788700809.0,78.43061883333333,17.108841666666667,True,2
1788701294.904,1788700809.2,78.43061783333333,17.108834166666668,True,2
1788701295.103,1788700809.4,78.43061683333333,17.108826333333333,True,2
1788701295.302,1788700809.6,78.43061583333333,17.108819,True,2
1788701295.504,1788700809.8,78.43061466666667,17.108811333333332,True,2
1788701295.702,1788700810.0,78.43061366666667,17.108803666666667,True,2
1788701295.903,1788700810.2,78.43061250000001,17.108795999999998,True,2
1788701296.103,1788700810.4,78.43061133333335,17.108788333333333,True,2
1788701296.303,1788700810.6,78.43061016666667,17.108780833333334,True,2
1788701296.503,1788700810.8,78.430609,17.108773166666666,True,2
1788701296.701,1788700811.0,78.43060783333334,17.1087655,True,2
1788701296.901,1788700811.2,78.43060666666666,17.108758166666668,True,2
1788701297.102,1788700811.4,78.4306055,17.108750999999998,True,2
1788701297.298,1788700811.6,78.43060433333333,17.108743666666665,True,2
1788701297.5,1788700811.8,78.43060333333332,17.108736500000003,True,2
1788701297.703,1788700812.0,78.43060216666666,17.108729166666667,True,2
1788701297.902,1788700812.2,78.43060083333333,17.108721833333334,True,2
1788701298.102,1788700812.4,78.43059966666667,17.108714333333335,True,2
1788701298.303,1788700812.6,78.43059833333334,17.108706833333333,True,2
1788701298.501,1788700812.8,78.43059716666667,17.108699666666666,True,2
1788701298.702,1788700813.0,78.43059583333334,17.108692333333334,True,2
1788701298.902,1788700813.2,78.43059466666666,17.1086855,True,2
1788701299.103,1788700813.4,78.4305935,17.1086785,True,2
1788701299.302,1788700813.6,78.4305925,17.1086715,True,2
1788701299.503,1788700813.8,78.43059133333333,17.108664166666664,True,2
1788701299.702,1788700814.0,78.43059,17.108657166666667,True,2
1788701299.9,1788700814.2,78.43058866666667,17.108649833333335,True,2
1788701300.104,1788700814.4,78.43058733333334,17.108642666666665,True,2
1788701300.303,1788700814.6,78.43058599999999,17.1086355,True,2
1788701300.505,1788700814.8,78.43058466666666,17.108628500000002,True,2
1788701300.703,1788700815.0,78.43058333333333,17.108621666666668,True,2
1788701300.904,1788700815.2,78.43058216666667,17.108614666666664,True,2
1788701301.105,1788700815.4,78.430581,17.108607833333334,True,2
1788701301.303,1788700815.6,78.43057983333333,17.108601,True,2
1788701301.509,1788700815.8,78.4305785,17.108594,True,2
1788701301.704,1788700816.0,78.43057716666667,17.108587,True,2
1788701301.903,1788700816.2,78.43057583333332,17.1085795,True,2
1788701302.1,1788700816.4,78.43057433333334,17.10857233333333,True,2
1788701302.303,1788700816.6,78.43057300000001,17.108564833333332,True,2
1788701302.5,1788700816.8,78.43057183333333,17.1085575,True,2
1788701302.701,1788700817.0,78.4305705,17.108550666666666,True,2
1788701302.905,1788700817.2,78.43056916666666,17.108544,True,2
1788701303.103,1788700817.4,78.430568,17.108537333333334,True,2
1788701303.303,1788700817.6,78.43056683333333,17.10853033333333,True,2
1788701303.506,1788700817.8,78.4305655,17.1085235,True,2
1788701303.706,1788700818.0,78.43056416666667,17.108516666666667,True,2
1788701303.904,1788700818.2,78.43056299999999,17.108509833333336,True,2
1788701304.1,1788700818.4,78.43056150000001,17.108503,True,2
1788701304.302,1788700818.6,78.43056016666667,17.108496333333335,True,2
1788701304.504,1788700818.8,78.43055883333334,17.1084895,True,2
1788701304.704,1788700819.0,78.4305575,17.108482666666664,True,2
1788701304.904,1788700819.2,78.430556,17.108476166666666,True,2
1788701305.103,1788700819.4,78.43055466666667,17.1084695,True,2
1788701305.304,1788700819.6,78.43055333333334,17.108462499999998,True,2
1788701305.502,1788700819.8,78.43055216666667,17.108455666666668,True,2
1788701305.705,1788700820.0,78.43055083333334,17.108448833333334,True,2
1788701305.906,1788700820.2,78.43054950000001,17.10844216666667,True,2
1788701306.104,1788700820.4,78.43054816666667,17.1084355,True,2
1788701306.304,1788700820.6,78.43054683333334,17.1084285,True,2
1788701306.503,1788700820.8,78.43054550000001,17.108421333333336,True,2
1788701306.705,1788700821.0,78.43054416666668,17.108414333333332,True,2
1788701306.9,1788700821.2,78.430543,17.1084075,True,2
1788701307.1,1788700821.4,78.43054166666667,17.108401,True,2
1788701307.301,1788700821.6,78.43054033333333,17.108394333333333,True,2
1788701307.503,1788700821.8,78.430539,17.10838783333333,True,2
1788701307.703,1788700822.0,78.43053766666667,17.108381,True,2
1788701307.903,1788700822.2,78.4305365,17.108374166666668,True,2
1788701308.102,1788700822.4,78.43053516666667,17.108367166666667,True,2
1788701308.3,1788700822.6,78.43053383333333,17.1083605,True,2
1788701308.506,1788700822.8,78.4305325,17.10835366666667,True,2
1788701308.703,1788700823.0,78.43053116666667,17.108346666666666,True,2
1788701308.904,1788700823.2,78.43052983333334,17.108339833333332,True,2
1788701309.105,1788700823.4,78.43052850000001,17.108333166666668,True,2
1788701309.304,1788700823.6,78.430527,17.108326499999997,True,2
1788701309.506,1788700823.8,78.43052583333333,17.108319833333333,True,2
1788701309.704,1788700824.0,78.4305245,17.108313,True,2
1788701309.903,1788700824.2,78.430523,17.10830616666667,True,2
1788701310.103,1788700824.4,78.43052166666666,17.108299499999998,True,2
1788701310.303,1788700824.6,78.43052033333333,17.108293,True,2
1788701310.502,1788700824.8,78.430519,17.108286500000002,True,2
1788701310.703,1788700825.0,78.43051766666667,17.108279333333332,True,2
1788701310.901,1788700825.2,78.43051633333333,17.108272333333332,True,2
1788701311.1,1788700825.4,78.43051516666667,17.1082655,True,2
1788701311.304,1788700825.6,78.43051366666667,17.108258499999998,True,2
1788701311.503,1788700825.8,78.43051233333334,17.108252,True,2
1788701311.703,1788700826.0,78.430511,17.10824566666667,True,2
1788701311.905,1788700826.2,78.43050966666667,17.108238833333335,True,2
1788701312.105,1788700826.4,78.4305085,17.108231999999997,True,2
1788701312.303,1788700826.6,78.43050716666667,17.108224833333335,True,2
1788701312.501,1788700826.8,78.430506,17.108218333333333,True,2
1788701312.701,1788700827.0,78.43050466666666,17.108211833333332,True,2
1788701312.901,1788700827.2,78.43050333333333,17.108205166666668,True,2
1788701313.1,1788700827.4,78.43050183333334,17.108198333333334,True,2
1788701313.302,1788700827.6,78.43050050000001,17.1081915,True,2
1788701313.502,1788700827.8,78.43049933333333,17.108184833333333,True,2
1788701313.702,1788700828.0,78.430498,17.108178000000002,True,2
1788701313.903,1788700828.2,78.43049683333334,17.108171333333335,True,2
1788701314.103,1788700828.4,78.4304955,17.108165166666666,True,2
1788701314.305,1788700828.6,78.43049416666666,17.108158166666666,True,2
1788701314.504,1788700828.8,78.43049283333333,17.10815116666667,True,2
1788701314.705,1788700829.0,78.4304915,17.108144166666666,True,2
1788701314.903,1788700829.2,78.43049016666667,17.108137166666666,True,2
1788701315.103,1788700829.4,78.43048883333333,17.10813016666667,True,2
1788701315.303,1788700829.6,78.4304875,17.10812333333333,True,2
1788701315.503,1788700829.8,78.43048616666667,17.108116666666668,True,2
1788701315.705,1788700830.0,78.43048483333334,17.10811,True,2
1788701315.904,1788700830.2,78.43048350000001,17.108103333333336,True,2
1788701316.103,1788700830.4,78.43048216666666,17.108096333333332,True,2
1788701316.303,1788700830.6,78.430481,17.108089666666668,True,2
1788701316.504,1788700830.8,78.43047966666667,17.108082833333334,True,2
1788701316.705,1788700831.0,78.43047833333334,17.108076,True,2
1788701316.907,1788700831.2,78.43047700000001,17.108069,True,2
1788701317.103,1788700831.4,78.43047566666668,17.108062333333333,True,2
1788701317.301,1788700831.6,78.43047433333332,17.108055666666665,True,2
1788701317.504,1788700831.8,78.43047299999999,17.108049,True,2
1788701317.702,1788700832.0,78.43047183333333,17.108042,True,2
1788701317.901,1788700832.2,78.4304705,17.108035500000003,True,2
1788701318.102,1788700832.4,78.43046916666667,17.108029,True,2
1788701318.302,1788700832.6,78.430468,17.108022333333334,True,2
1788701318.502,1788700832.8,78.43046666666667,17.1080155,True,2
1788701318.704,1788700833.0,78.43046533333333,17.10800833333333,True,2
1788701318.903,1788700833.2,78.43046416666667,17.108001333333334,True,2
1788701319.103,1788700833.4,78.43046283333334,17.107994333333334,True,2
1788701319.302,1788700833.6,78.4304615,17.1079875,True,2
1788701319.503,1788700833.8,78.43046033333333,17.107980833333333,True,2
1788701319.705,1788700834.0,78.43045883333333,17.107974000000002,True,2
1788701319.905,1788700834.2,78.4304575,17.107967,True,2
1788701320.107,1788700834.4,78.43045633333332,17.107960166666665,True,2
1788701320.306,1788700834.6,78.430455,17.107953333333334,True,2
1788701320.536,1788700834.8,78.43045383333333,17.107946666666667,True,2
1788701320.702,1788700835.0,78.4304525,17.10794,True,2
1788701320.904,1788700835.2,78.43045133333334,17.107933333333335,True,2
1788701321.104,1788700835.4,78.43045000000001,17.1079265,True,2
1788701321.305,1788700835.6,78.43044883333333,17.107919499999998,True,2
1788701321.505,1788700835.8,78.4304475,17.107912333333335,True,2
1788701321.703,1788700836.0,78.43044633333334,17.1079055,True,2
1788701321.903,1788700836.2,78.43044499999999,17.107898833333333,True,2
1788701322.1,1788700836.4,78.43044366666666,17.107892,True,2
1788701322.303,1788700836.6,78.43044233333333,17.107885333333336,True,2
1788701322.502,1788700836.8,78.430441,17.1078785,True,2
1788701322.701,1788700837.0,78.43043983333334,17.107871499999998,True,2
1788701322.901,1788700837.2,78.43043866666667,17.107864833333334,True,2
1788701323.104,1788700837.4,78.4304375,17.107858,True,2
1788701323.302,1788700837.6,78.43043616666667,17.107851166666666,True,2
1788701323.501,1788700837.8,78.430435,17.107844333333333,True,2
1788701323.705,1788700838.0,78.43043366666667,17.107837,True,2
1788701323.903,1788700838.2,78.43043250000001,17.107829833333334,True,2
1788701324.102,1788700838.4,78.43043116666666,17.107822833333334,True,2
1788701324.302,1788700838.6,78.43042983333333,17.107815666666667,True,2
1788701324.511,1788700838.8,78.4304285,17.107808833333333,True,2
1788701324.703,1788700839.0,78.43042716666668,17.107802,True,2
1788701324.9,1788700839.2,78.430426,17.107795166666666,True,2
1788701325.104,1788700839.4,78.43042483333333,17.107788666666668,True,2
1788701325.304,1788700839.6,78.43042366666667,17.107782,True,2
1788701325.502,1788700839.8,78.4304225,17.107775333333333,True,2
1788701325.703,1788700840.0,78.43042133333333,17.107768333333336,True,2
1788701325.903,1788700840.2,78.43042,17.107761166666666,True,2
1788701326.104,1788700840.4,78.43041866666667,17.107754166666666,True,2
1788701326.302,1788700840.6,78.43041733333332,17.107747166666666,True,2
1788701326.502,1788700840.8,78.430416,17.10774,True,2
1788701326.703,1788700841.0,78.43041466666666,17.107733,True,2
1788701326.903,1788700841.2,78.4304135,17.107726333333336,True,2
1788701327.103,1788700841.4,78.43041216666667,17.107719333333332,True,2
1788701327.301,1788700841.6,78.430411,17.107712666666664,True,2
1788701327.5,1788700841.8,78.43040983333334,17.107706166666667,True,2
1788701327.701,1788700842.0,78.43040850000001,17.107699333333336,True,2
1788701327.905,1788700842.2,78.43040716666665,17.1076925,True,2
1788701328.102,1788700842.4,78.43040599999999,17.1076855,True,2
1788701328.302,1788700842.6,78.43040466666666,17.10767816666667,True,2
1788701328.501,1788700842.8,78.43040333333333,17.107671333333332,True,2
1788701328.703,1788700843.0,78.430402,17.10766466666667,True,2
1788701328.903,1788700843.2,78.43040066666667,17.107657833333334,True,2
1788701329.104,1788700843.4,78.43039950000001,17.1076515,True,2
1788701329.302,1788700843.6,78.43039816666666,17.10764483333333,True,2
1788701329.502,1788700843.8,78.43039683333333,17.107638333333334,True,2
1788701329.703,1788700844.0,78.43039566666667,17.10763166666667,True,2
1788701329.902,1788700844.2,78.43039433333334,17.107625,True,2
1788701330.103,1788700844.4,78.43039300000001,17.10761816666667,True,2
1788701330.3,1788700844.6,78.43039166666668,17.1076115,True,2
1788701330.504,1788700844.8,78.43039033333334,17.107604833333333,True,2
1788701330.705,1788700845.0,78.43038916666666,17.107597833333333,True,2
1788701330.905,1788700845.2,78.43038783333333,17.107591,True,2
1788701331.104,1788700845.4,78.43038666666666,17.10758433333333,True,2
1788701331.304,1788700845.6,78.43038533333333,17.107577166666665,True,2
1788701331.505,1788700845.8,78.43038416666667,17.1075705,True,2
1788701331.702,1788700846.0,78.43038283333334,17.107563833333334,True,2
1788701331.905,1788700846.2,78.43038150000001,17.107557333333332,True,2
1788701332.106,1788700846.4,78.43038016666667,17.107550333333332,True,2
1788701332.305,1788700846.6,78.43037883333334,17.107543333333336,True,2
1788701332.504,1788700846.8,78.43037766666666,17.107536666666665,True,2
1788701332.701,1788700847.0,78.43037633333333,17.107529833333334,True,2
1788701332.901,1788700847.2,78.430375,17.107523,True,2
1788701333.1,1788700847.4,78.43037383333333,17.107516166666667,True,2
1788701333.304,1788700847.6,78.4303725,17.107509,True,2
1788701333.504,1788700847.8,78.430371,17.107502,True,2
1788701333.702,1788700848.0,78.43036966666666,17.107494999999997,True,2
1788701333.903,1788700848.2,78.43036816666667,17.107488,True,2
1788701334.136,1788700848.4,78.43036683333334,17.107481,True,2
1788701334.303,1788700848.6,78.43036550000001,17.10747416666667,True,2
1788701334.503,1788700848.8,78.43036433333333,17.107467333333332,True,2
1788701334.703,1788700849.0,78.43036316666667,17.107460333333332,True,2
1788701334.903,1788700849.2,78.430362,17.107453333333336,True,2
1788701335.102,1788700849.4,78.43036066666667,17.107446,True,2
1788701335.303,1788700849.6,78.4303595,17.107438833333333,True,2
1788701335.503,1788700849.8,78.43035816666666,17.107432,True,2
1788701335.706,1788700850.0,78.43035683333332,17.107425166666665,True,2
1788701335.902,1788700850.2,78.43035549999999,17.107418,True,2
1788701336.104,1788700850.4,78.43035433333333,17.107410833333333,True,2
1788701336.302,1788700850.6,78.430353,17.107403833333333,True,2
1788701336.505,1788700850.8,78.43035183333333,17.107396833333333,True,2
1788701336.704,1788700851.0,78.43035066666667,17.107389666666666,True,2
1788701336.904,1788700851.2,78.43034933333334,17.107382500000003,True,2
1788701337.104,1788700851.4,78.43034816666666,17.107375333333334,True,2
1788701337.302,1788700851.6,78.43034683333333,17.107368333333334,True,2
1788701337.503,1788700851.8,78.43034566666667,17.107361500000003,True,2
1788701337.702,1788700852.0,78.43034433333334,17.107354666666666,True,2
1788701337.902,1788700852.2,78.43034316666667,17.107347333333333,True,2
1788701338.1,1788700852.4,78.43034183333333,17.107340333333333,True,2
1788701338.302,1788700852.6,78.43034066666668,17.107333333333333,True,2
1788701338.501,1788700852.8,78.43033916666667,17.1073265,True,2
1788701338.7,1788700853.0,78.43033783333334,17.107319166666667,True,2
1788701338.901,1788700853.2,78.43033650000001,17.107312333333333,True,2
1788701339.104,1788700853.4,78.43033533333333,17.107305333333333,True,2
1788701339.303,1788700853.6,78.43033399999999,17.107298333333333,True,2
1788701339.504,1788700853.8,78.43033283333332,17.107291666666665,True,2
1788701339.705,1788700854.0,78.43033166666667,17.1072845,True,2
1788701339.905,1788700854.2,78.43033050000001,17.107277500000002,True,2
1788701340.104,1788700854.4,78.43032916666667,17.107270500000002,True,2
1788701340.303,1788700854.6,78.43032783333334,17.1072635,True,2
1788701340.503,1788700854.8,78.43032633333334,17.107256500000002,True,2
1788701340.703,1788700855.0,78.430325,17.107249833333334,True,2
1788701340.904,1788700855.2,78.43032366666667,17.10724283333333,True,2
1788701341.106,1788700855.4,78.4303225,17.107236166666667,True,2
1788701341.302,1788700855.6,78.43032116666667,17.107229333333333,True,2
1788701341.502,1788700855.8,78.43032,17.10722283333333,True,2
1788701341.703,1788700856.0,78.43031883333333,17.107216333333334,True,2
1788701341.904,1788700856.2,78.4303175,17.1072095,True,2
1788701342.106,1788700856.4,78.43031616666667,17.10720233333333,True,2
1788701342.303,1788700856.6,78.43031483333333,17.107195166666667,True,2
1788701342.505,1788700856.8,78.4303135,17.107188,True,2
1788701342.704,1788700857.0,78.43031216666667,17.107181166666667,True,2
1788701342.902,1788700857.2,78.43031083333334,17.107174333333333,True,2
1788701343.101,1788700857.4,78.4303095,17.1071675,True,2
1788701343.301,1788700857.6,78.43030816666666,17.107160833333335,True,2
1788701343.503,1788700857.8,78.43030683333333,17.107154333333334,True,2
1788701343.702,1788700858.0,78.43030566666667,17.1071475,True,2
1788701343.902,1788700858.2,78.43030433333334,17.107140666666666,True,2
1788701344.101,1788700858.4,78.43030300000001,17.107133666666666,True,2
1788701344.303,1788700858.6,78.43030166666668,17.107126833333332,True,2
1788701344.503,1788700858.8,78.4303005,17.107120000000002,True,2
1788701344.704,1788700859.0,78.43029916666666,17.107113333333334,True,2
1788701344.905,1788700859.2,78.43029783333333,17.1071065,True,2
1788701345.103,1788700859.4,78.43029666666666,17.1070995,True,2
1788701345.304,1788700859.6,78.43029533333333,17.107092833333336,True,2
1788701345.5,1788700859.8,78.430294,17.107086,True,2
1788701345.704,1788700860.0,78.4302925,17.107079166666665,True,2
1788701345.904,1788700860.2,78.43029116666666,17.10707216666667,True,2
1788701346.102,1788700860.4,78.43028983333333,17.10706533333333,True,2
1788701346.303,1788700860.6,78.43028866666667,17.107058333333335,True,2
1788701346.503,1788700860.8,78.4302875,17.1070515,True,2
1788701346.704,1788700861.0,78.43028616666668,17.10704433333333,True,2
1788701346.904,1788700861.2,78.430285,17.107037333333334,True,2
1788701347.104,1788700861.4,78.43028366666667,17.107030333333334,True,2
1788701347.306,1788700861.6,78.43028233333332,17.107023166666668,True,2
1788701347.503,1788700861.8,78.430281,17.107015999999998,True,2
1788701347.702,1788700862.0,78.43027966666666,17.107009,True,2
1788701347.904,1788700862.2,78.43027833333333,17.107002,True,2
1788701348.102,1788700862.4,78.43027716666667,17.10699483333333,True,2
1788701348.301,1788700862.6,78.430276,17.106988333333334,True,2
1788701348.505,1788700862.8,78.43027466666668,17.106981333333334,True,2
1788701348.703,1788700863.0,78.43027333333333,17.106974333333334,True,2
1788701348.903,1788700863.2,78.43027216666665,17.1069675,True,2
1788701349.104,1788700863.4,78.43027083333332,17.1069605,True,2
1788701349.303,1788700863.6,78.4302695,17.106953666666666,True,2
1788701349.501,1788700863.8,78.43026816666666,17.106946666666666,True,2
1788701349.701,1788700864.0,78.43026683333332,17.1069395,True,2
1788701349.906,1788700864.2,78.43026566666667,17.10693266666667,True,2
1788701350.104,1788700864.4,78.43026433333333,17.106925999999998,True,2
1788701350.303,1788700864.6,78.430263,17.106919333333334,True,2
1788701350.505,1788700864.8,78.43026183333333,17.106912666666666,True,2
1788701350.704,1788700865.0,78.4302605,17.106905833333332,True,2
1788701350.904,1788700865.2,78.43025916666667,17.106899,True,2
1788701351.104,1788700865.4,78.43025783333333,17.10689216666667,True,2
1788701351.306,1788700865.6,78.4302565,17.10688533333333,True,2
1788701351.505,1788700865.8,78.43025516666667,17.106878666666667,True,2
1788701351.703,1788700866.0,78.43025383333334,17.1068715,True,2
1788701351.904,1788700866.2,78.43025250000001,17.10686433333333,True,2
1788701352.105,1788700866.4,78.43025116666666,17.106857166666668,True,2
1788701352.304,1788700866.6,78.43024983333333,17.106850166666668,True,2
1788701352.502,1788700866.8,78.43024833333334,17.106843333333334,True,2
1788701352.706,1788700867.0,78.430247,17.106836666666666,True,2
1788701352.905,1788700867.2,78.43024583333333,17.10683016666667,True,2
1788701353.101,1788700867.4,78.4302445,17.1068235,True,2
1788701353.304,1788700867.6,78.43024333333332,17.106816499999997,True,2
1788701353.504,1788700867.8,78.43024199999999,17.106809833333333,True,2
1788701353.701,1788700868.0,78.43024066666666,17.106802833333333,True,2
1788701353.901,1788700868.2,78.43023933333333,17.106795833333333,True,2
1788701354.101,1788700868.4,78.43023799999999,17.106788833333333,True,2
1788701354.303,1788700868.6,78.43023666666666,17.106782,True,2
1788701354.504,1788700868.8,78.43023533333333,17.10677516666667,True,2
1788701354.705,1788700869.0,78.430234,17.106768499999998,True,2
1788701354.904,1788700869.2,78.43023283333333,17.106762,True,2
1788701355.102,1788700869.4,78.43023166666667,17.106755333333336,True,2
1788701355.302,1788700869.6,78.43023050000001,17.106748999999997,True,2
1788701355.504,1788700869.8,78.43022916666668,17.106742333333333,True,2
1788701355.705,1788700870.0,78.43022783333332,17.106735333333333,True,2
1788701355.904,1788700870.2,78.43022633333334,17.106727999999997,True,2
1788701356.104,1788700870.4,78.43022500000001,17.106720833333334,True,2
1788701356.304,1788700870.6,78.43022366666668,17.106713666666668,True,2
1788701356.501,1788700870.8,78.43022233333333,17.10670683333333,True,2
1788701356.703,1788700871.0,78.43022116666666,17.106700166666666,True,2
1788701356.903,1788700871.2,78.43021983333333,17.10669366666667,True,2
1788701357.103,1788700871.4,78.43021866666666,17.106686833333335,True,2
1788701357.303,1788700871.6,78.4302175,17.106680333333333,True,2
1788701357.506,1788700871.8,78.43021616666667,17.1066735,True,2
1788701357.704,1788700872.0,78.43021483333334,17.106666333333333,True,2
1788701357.901,1788700872.2,78.43021366666667,17.106658999999997,True,2
1788701358.103,1788700872.4,78.43021233333334,17.106652,True,2
1788701358.302,1788700872.6,78.43021083333333,17.106644833333334,True,2
1788701358.503,1788700872.8,78.43020966666667,17.106638,True,2
1788701358.702,1788700873.0,78.43020833333334,17.106631,True,2
1788701358.903,1788700873.2,78.43020700000001,17.106623833333334,True,2
1788701359.103,1788700873.4,78.4302055,17.10661683333333,True,2
1788701359.302,1788700873.6,78.43020416666667,17.106609666666667,True,2
1788701359.503,1788700873.8,78.43020266666667,17.1066025,True,2
1788701359.703,1788700874.0,78.43020133333333,17.1065955,True,2
1788701359.904,1788700874.2,78.4302,17.1065885,True,2
1788701360.104,1788700874.4,78.43019883333334,17.106581333333335,True,2
1788701360.303,1788700874.6,78.43019766666666,17.1065745,True,2
1788701360.502,1788700874.8,78.4301965,17.106567833333333,True,2
1788701360.701,1788700875.0,78.43019516666666,17.106561166666665,True,2
1788701360.903,1788700875.2,78.43019383333333,17.106554833333334,True,2
1788701361.104,1788700875.4,78.4301925,17.106548166666666,True,2
1788701361.304,1788700875.6,78.43019133333334,17.106541166666666,True,2
1788701361.505,1788700875.8,78.43019,17.106534333333332,True,2
1788701361.704,1788700876.0,78.43018883333335,17.106527333333336,True,2
1788701361.905,1788700876.2,78.4301875,17.1065205,True,2
1788701362.107,1788700876.4,78.43018616666667,17.106513666666668,True,2
1788701362.305,1788700876.6,78.43018483333334,17.106506833333334,True,2
1788701362.505,1788700876.8,78.43018366666666,17.1065,True,2
1788701362.704,1788700877.0,78.43018233333333,17.106493333333333,True,2
1788701362.903,1788700877.2,78.43018099999999,17.106486333333333,True,2
1788701363.101,1788700877.4,78.43017966666666,17.106479333333333,True,2
1788701363.302,1788700877.6,78.4301785,17.106472333333333,True,2
1788701363.5,1788700877.8,78.43017716666667,17.106465500000002,True,2
1788701363.705,1788700878.0,78.430176,17.10645883333333,True,2
1788701363.903,1788700878.2,78.43017466666667,17.106452166666667,True,2
1788701364.104,1788700878.4,78.4301735,17.106445333333333,True,2
1788701364.304,1788700878.6,78.43017216666667,17.106438500000003,True,2
1788701364.504,1788700878.8,78.430171,17.106431333333333,True,2
1788701364.704,1788700879.0,78.43016966666667,17.106424166666667,True,2
1788701364.905,1788700879.2,78.43016833333333,17.106417333333333,True,2
1788701365.103,1788700879.4,78.43016716666666,17.1064105,True,2
1788701365.304,1788700879.6,78.43016583333333,17.106403666666665,True,2
1788701365.504,1788700879.8,78.43016466666667,17.10639666666667,True,2
1788701365.706,1788700880.0,78.43016333333334,17.10638983333333,True,2
1788701365.905,1788700880.2,78.43016216666666,17.106383166666667,True,2
1788701366.103,1788700880.4,78.43016083333333,17.106376166666667,True,2
1788701366.301,1788700880.6,78.4301595,17.106369166666664,True,2
1788701366.504,1788700880.8,78.43015816666666,17.106362333333333,True,2
1788701366.704,1788700881.0,78.430157,17.106355333333333,True,2
1788701366.905,1788700881.2,78.43015566666666,17.106348500000003,True,2
1788701367.105,1788700881.4,78.43015433333333,17.106341666666665,True,2
1788701367.304,1788700881.6,78.43015316666667,17.106334833333335,True,2
1788701367.503,1788700881.8,78.43015183333334,17.106328,True,2
1788701367.708,1788700882.0,78.43015066666666,17.106321166666664,True,2
1788701367.902,1788700882.2,78.4301495,17.1063145,True,2
1788701368.101,1788700882.4,78.43014816666667,17.106308000000002,True,2
1788701368.302,1788700882.6,78.43014683333334,17.106301,True,2
1788701368.502,1788700882.8,78.43014566666668,17.106293833333332,True,2
1788701368.702,1788700883.0,78.43014433333333,17.106287000000002,True,2
1788701368.902,1788700883.2,78.430143,17.106280166666668,True,2
1788701369.1,1788700883.4,78.43014166666667,17.1062735,True,2
1788701369.305,1788700883.6,78.43014050000001,17.1062665,True,2
1788701369.503,1788700883.8,78.43013933333333,17.106259166666668,True,2
1788701369.703,1788700884.0,78.43013816666667,17.106251999999998,True,2
1788701369.904,1788700884.2,78.43013683333334,17.106245166666668,True,2
1788701370.105,1788700884.4,78.43013566666667,17.106238166666667,True,2
1788701370.304,1788700884.6,78.43013433333334,17.106231333333334,True,2
1788701370.503,1788700884.8,78.430133,17.106224333333333,True,2
1788701370.704,1788700885.0,78.43013183333333,17.106217333333333,True,2
1788701370.902,1788700885.2,78.43013066666667,17.106210333333333,True,2
1788701371.104,1788700885.4,78.43012933333333,17.106203333333333,True,2
1788701371.305,1788700885.6,78.43012816666666,17.106196,True,2
1788701371.504,1788700885.8,78.43012683333333,17.106188999999997,True,2
1788701371.7,1788700886.0,78.4301255,17.106182,True,2
1788701371.903,1788700886.2,78.43012416666667,17.106175,True,2
1788701372.105,1788700886.4,78.43012283333334,17.106167833333334,True,2
1788701372.304,1788700886.6,78.43012166666668,17.10616033333333,True,2
1788701372.505,1788700886.8,78.4301205,17.106153333333335,True,2
1788701372.704,1788700887.0,78.43011916666666,17.1061465,True,2
1788701372.903,1788700887.2,78.43011783333333,17.106139499999998,True,2
1788701373.102,1788700887.4,78.4301165,17.106132833333334,True,2
1788701373.303,1788700887.6,78.43011516666667,17.106126,True,2
1788701373.502,1788700887.8,78.430114,17.106119166666666,True,2
1788701373.702,1788700888.0,78.43011249999999,17.1061125,True,2
1788701373.902,1788700888.2,78.43011116666666,17.106105666666668,True,2
1788701374.101,1788700888.4,78.43011,17.10609883333333,True,2
1788701374.302,1788700888.6,78.43010866666667,17.106091833333334,True,2
1788701374.503,1788700888.8,78.43010733333334,17.106085333333333,True,2
1788701374.704,1788700889.0,78.430106,17.106078500000002,True,2
1788701374.905,1788700889.2,78.4301045,17.10607183333333,True,2
1788701375.105,1788700889.4,78.43010316666667,17.106064833333335,True,2
1788701375.304,1788700889.6,78.43010183333334,17.10605766666667,True,2
1788701375.504,1788700889.8,78.4301005,17.106050999999997,True,2
1788701375.704,1788700890.0,78.43009916666666,17.106044166666667,True,2
1788701375.902,1788700890.2,78.43009766666667,17.106037,True,2
1788701376.103,1788700890.4,78.43009633333332,17.106030333333333,True,2
1788701376.304,1788700890.6,78.430095,17.106023166666667,True,2
1788701376.504,1788700890.8,78.43009366666666,17.106015833333334,True,2
1788701376.706,1788700891.0,78.43009216666665,17.10600883333333,True,2
1788701376.904,1788700891.2,78.43009083333332,17.106001833333334,True,2
1788701377.104,1788700891.4,78.4300895,17.105994666666668,True,2
1788701377.3,1788700891.6,78.43008816666666,17.105987833333334,True,2
1788701377.503,1788700891.8,78.43008683333333,17.105981166666666,True,2
1788701377.704,1788700892.0,78.43008549999999,17.1059745,True,2
1788701377.905,1788700892.2,78.43008433333333,17.105967500000002,True,2
1788701378.102,1788700892.4,78.430083,17.105960666666665,True,2
1788701378.303,1788700892.6,78.43008166666667,17.105954,True,2
1788701378.502,1788700892.8,78.43008033333334,17.105947,True,2
1788701378.702,1788700893.0,78.43007899999999,17.105940166666667,True,2
1788701378.902,1788700893.2,78.43007783333334,17.105933,True,2
1788701379.102,1788700893.4,78.43007666666668,17.105926166666666,True,2
1788701379.303,1788700893.6,78.4300755,17.105919500000002,True,2
1788701379.504,1788700893.8,78.43007416666666,17.10591283333333,True,2
1788701379.702,1788700894.0,78.43007283333333,17.105905833333335,True,2
1788701379.902,1788700894.2,78.43007166666666,17.105898833333335,True,2
1788701380.101,1788700894.4,78.43007033333333,17.105891666666665,True,2
1788701380.307,1788700894.6,78.430069,17.105884666666668,True,2
1788701380.504,1788700894.8,78.43006766666667,17.105877833333334,True,2
1788701380.705,1788700895.0,78.43006633333333,17.105870999999997,True,2
1788701380.903,1788700895.2,78.43006516666667,17.105864333333333,True,2
1788701381.106,1788700895.4,78.43006399999999,17.105857833333335,True,2
1788701381.305,1788700895.6,78.43006266666666,17.10585133333333,True,2
1788701381.502,1788700895.8,78.4300615,17.1058445,True,2
1788701381.704,1788700896.0,78.43006016666666,17.105837333333334,True,2
1788701381.903,1788700896.2,78.43005866666667,17.105830333333333,True,2
1788701382.102,1788700896.4,78.43005733333332,17.105823166666667,True,2
1788701382.302,1788700896.6,78.430056,17.105816333333333,True,2
1788701382.503,1788700896.8,78.43005466666666,17.105809333333333,True,2
1788701382.702,1788700897.0,78.4300535,17.105802333333333,True,2
1788701382.903,1788700897.2,78.43005233333334,17.10579583333333,True,2
1788701383.103,1788700897.4,78.430051,17.105789166666668,True,2
1788701383.306,1788700897.6,78.43004966666668,17.10578233333333,True,2
1788701383.502,1788700897.8,78.43004850000001,17.1057755,True,2
1788701383.706,1788700898.0,78.43004716666665,17.105768833333332,True,2
1788701383.903,1788700898.2,78.43004583333332,17.10576166666667,True,2
1788701384.102,1788700898.4,78.4300445,17.105754833333332,True,2
1788701384.301,1788700898.6,78.43004316666666,17.105747666666666,True,2
1788701384.502,1788700898.8,78.430042,17.105740833333336,True,2
1788701384.705,1788700899.0,78.43004066666667,17.105733999999998,True,2
1788701384.905,1788700899.2,78.4300395,17.1057275,True,2
1788701385.104,1788700899.4,78.43003833333334,17.105720666666667,True,2
1788701385.303,1788700899.6,78.430037,17.105713833333333,True,2
1788701385.502,1788700899.8,78.43003566666667,17.105707,True,2
1788701385.705,1788700900.0,78.43003433333334,17.105700000000002,True,2
1788701385.904,1788700900.2,78.43003283333334,17.105692833333332,True,2
1788701386.104,1788700900.4,78.4300315,17.105685666666666,True,2
1788701386.303,1788700900.6,78.43003016666667,17.105678666666666,True,2
1788701386.504,1788700900.8,78.43002883333334,17.10567166666667,True,2
1788701386.704,1788700901.0,78.43002750000001,17.105664666666666,True,2
1788701386.902,1788700901.2,78.43002616666666,17.105658166666668,True,2
1788701387.103,1788700901.4,78.43002466666667,17.105651333333334,True,2
1788701387.303,1788700901.6,78.43002333333334,17.1056445,True,2
1788701387.502,1788700901.8,78.43002216666667,17.105637666666667,True,2
1788701387.703,1788700902.0,78.43002083333334,17.105630666666666,True,2
1788701387.91,1788700902.2,78.4300195,17.105623166666664,True,2
1788701388.105,1788700902.4,78.43001816666667,17.10561583333333,True,2
1788701388.3,1788700902.6,78.43001683333334,17.105608833333335,True,2
1788701388.501,1788700902.8,78.43001550000001,17.10560183333333,True,2
1788701388.702,1788700903.0,78.43001416666667,17.105595333333333,True,2
1788701388.901,1788700903.2,78.43001283333334,17.1055885,True,2
1788701389.102,1788700903.4,78.43001166666666,17.105581500000003,True,2
1788701389.303,1788700903.6,78.43001033333333,17.105574333333333,True,2
1788701389.501,1788700903.8,78.430009,17.1055675,True,2
1788701389.699,1788700904.0,78.43000766666667,17.105560166666667,True,2
1788701389.902,1788700904.2,78.43000616666667,17.105552833333334,True,2
1788701390.105,1788700904.4,78.43000483333334,17.105545166666666,True,2
1788701390.304,1788700904.6,78.43000366666666,17.10553816666667,True,2
1788701390.503,1788700904.8,78.43000233333333,17.105530833333333,True,2
1788701390.703,1788700905.0,78.43000116666667,17.105523666666667,True,2
1788701390.901,1788700905.2,78.42999983333334,17.105516833333336,True,2
1788701391.101,1788700905.4,78.4299985,17.105510166666665,True,2
1788701391.304,1788700905.6,78.42999733333333,17.105503166666665,True,2
1788701391.504,1788700905.8,78.429996,17.105496000000002,True,2
1788701391.705,1788700906.0,78.42999466666667,17.105488333333334,True,2
1788701391.904,1788700906.2,78.42999333333334,17.105481,True,2
1788701392.104,1788700906.4,78.42999216666666,17.105473500000002,True,2
1788701392.323,1788700906.6,78.42999083333333,17.105466,True,2
1788701392.505,1788700906.8,78.42998949999999,17.105459,True,2
1788701392.704,1788700907.0,78.42998816666666,17.105452333333336,True,2
1788701392.904,1788700907.2,78.429987,17.105445333333332,True,2
1788701393.104,1788700907.4,78.42998566666667,17.105438333333332,True,2
1788701393.301,1788700907.6,78.4299845,17.105431166666666,True,2
1788701393.504,1788700907.8,78.42998316666667,17.105424000000003,True,2
1788701393.7,1788700908.0,78.42998183333334,17.105417166666665,True,2
1788701393.902,1788700908.2,78.42998033333333,17.10541,True,2
1788701394.102,1788700908.4,78.42997916666667,17.105402833333336,True,2
1788701394.302,1788700908.6,78.42997783333334,17.105395166666664,True,2
1788701394.501,1788700908.8,78.42997650000001,17.105388166666668,True,2
1788701394.704,1788700909.0,78.42997533333333,17.105381,True,2
1788701394.902,1788700909.2,78.42997399999999,17.105373999999998,True,2
1788701395.104,1788700909.4,78.42997283333334,17.105366833333335,True,2
1788701395.304,1788700909.6,78.4299715,17.10535966666667,True,2
1788701395.504,1788700909.8,78.42997016666666,17.1053525,True,2
1788701395.732,1788700910.0,78.42996866666667,17.105345166666666,True,2
1788701395.904,1788700910.2,78.42996733333332,17.10533816666667,True,2
1788701396.102,1788700910.4,78.429966,17.105330833333333,True,2
1788701396.301,1788700910.6,78.42996466666666,17.105324166666666,True,2
1788701396.5,1788700910.8,78.42996333333333,17.105317333333335,True,2
1788701396.701,1788700911.0,78.42996216666667,17.10531083333333,True,2
1788701396.908,1788700911.2,78.42996083333334,17.105304,True,2
1788701397.105,1788700911.4,78.42995966666668,17.105297333333333,True,2
1788701397.304,1788700911.6,78.42995833333333,17.10529016666667,True,2
1788701397.502,1788700911.8,78.429957,17.105283166666666,True,2
1788701397.719,1788700912.0,78.42995566666667,17.105276166666666,True,2
1788701397.903,1788700912.2,78.42995433333334,17.10526916666667,True,2
1788701398.103,1788700912.4,78.42995316666666,17.105262166666666,True,2
1788701398.307,1788700912.6,78.42995183333333,17.105255166666666,True,2
1788701398.503,1788700912.8,78.42995049999999,17.105248500000002,True,2
1788701398.702,1788700913.0,78.42994916666666,17.10524183333333,True,2
1788701398.9,1788700913.2,78.42994783333333,17.105235333333333,True,2
1788701399.102,1788700913.4,78.42994666666667,17.1052285,True,2
1788701399.3,1788700913.6,78.42994533333334,17.105221333333336,True,2
1788701399.501,1788700913.8,78.42994399999999,17.105214333333333,True,2
1788701399.703,1788700914.0,78.42994266666666,17.1052075,True,2
1788701399.905,1788700914.2,78.4299415,17.105200833333335,True,2
1788701400.103,1788700914.4,78.42994016666667,17.105194166666667,True,2
1788701400.303,1788700914.6,78.42993883333334,17.1051875,True,2
1788701400.504,1788700914.8,78.42993750000001,17.10518066666667,True,2
1788701400.702,1788700915.0,78.42993633333334,17.105173999999998,True,2
1788701400.904,1788700915.2,78.42993499999999,17.1051675,True,2
1788701401.102,1788700915.4,78.42993383333334,17.105160666666666,True,2
1788701401.301,1788700915.6,78.42993249999999,17.105154000000002,True,2
1788701401.503,1788700915.8,78.42993116666666,17.10514733333333,True,2
1788701401.704,1788700916.0,78.42992983333333,17.105140333333335,True,2
1788701401.904,1788700916.2,78.4299285,17.105133666666667,True,2
1788701402.101,1788700916.4,78.42992733333334,17.105126666666667,True,2
1788701402.304,1788700916.6,78.429926,17.10512,True,2
1788701402.505,1788700916.8,78.42992466666666,17.105112833333333,True,2
1788701402.704,1788700917.0,78.42992333333333,17.105106,True,2
1788701402.904,1788700917.2,78.429922,17.105099,True,2
1788701403.104,1788700917.4,78.42992083333334,17.105092,True,2
1788701403.302,1788700917.6,78.42991950000001,17.105085,True,2
1788701403.502,1788700917.8,78.42991816666667,17.105078,True,2
1788701403.702,1788700918.0,78.42991683333334,17.105070666666666,True,2
1788701403.901,1788700918.2,78.4299155,17.10506366666667,True,2
1788701404.1,1788700918.4,78.42991416666668,17.105056666666666,True,2
1788701404.301,1788700918.6,78.42991283333335,17.105049666666666,True,2
1788701404.502,1788700918.8,78.42991149999999,17.105042500000003,True,2
1788701404.702,1788700919.0,78.42991033333332,17.105035666666666,True,2
1788701404.904,1788700919.2,78.429909,17.105028666666666,True,2
1788701405.103,1788700919.4,78.42990766666667,17.105021833333335,True,2
1788701405.304,1788700919.6,78.42990633333334,17.105014999999998,True,2
1788701405.503,1788700919.8,78.42990516666667,17.105007666666666,True,2
1788701405.704,1788700920.0,78.42990383333334,17.105000333333333,True,2
1788701405.903,1788700920.2,78.42990266666668,17.104993,True,2
1788701406.105,1788700920.4,78.42990133333333,17.104986166666666,True,2
1788701406.303,1788700920.6,78.4299,17.10497966666667,True,2
1788701406.503,1788700920.8,78.42989883333333,17.104972999999998,True,2
1788701406.703,1788700921.0,78.4298975,17.104966166666667,True,2
1788701406.905,1788700921.2,78.42989633333333,17.104959333333333,True,2
1788701407.104,1788700921.4,78.429895,17.104952500000003,True,2
1788701407.303,1788700921.6,78.42989366666667,17.104945833333332,True,2
1788701407.501,1788700921.8,78.42989233333333,17.104938666666666,True,2
1788701407.705,1788700922.0,78.42989116666666,17.104931833333335,True,2
1788701407.905,1788700922.2,78.42988983333333,17.104924666666665,True,2
1788701408.103,1788700922.4,78.4298885,17.104917666666665,True,2
1788701408.306,1788700922.6,78.42988716666667,17.104911166666668,True,2
1788701408.503,1788700922.8,78.429886,17.104904666666666,True,2
1788701408.702,1788700923.0,78.42988466666667,17.104898,True,2
1788701408.902,1788700923.2,78.4298835,17.10489116666667,True,2
1788701409.102,1788700923.4,78.42988216666666,17.104884333333334,True,2
1788701409.304,1788700923.6,78.42988066666666,17.10487733333333,True,2
1788701409.501,1788700923.8,78.42987933333333,17.104870333333334,True,2
1788701409.703,1788700924.0,78.42987799999999,17.104863,True,2
1788701409.904,1788700924.2,78.42987666666666,17.1048555,True,2
1788701410.101,1788700924.4,78.42987533333333,17.1048485,True,2
1788701410.301,1788700924.6,78.429874,17.10484166666667,True,2
1788701410.504,1788700924.8,78.42987266666667,17.104834999999998,True,2
1788701410.705,1788700925.0,78.42987133333332,17.104828,True,2
1788701410.903,1788700925.2,78.42987,17.104821,True,2
1788701411.102,1788700925.4,78.42986866666666,17.104813666666665,True,2
1788701411.306,1788700925.6,78.4298675,17.1048065,True,2
1788701411.504,1788700925.8,78.42986616666667,17.10479966666667,True,2
1788701411.703,1788700926.0,78.42986483333334,17.104792666666665,True,2
1788701411.902,1788700926.2,78.4298635,17.104785666666665,True,2
1788701412.102,1788700926.4,78.42986216666667,17.104778500000002,True,2
1788701412.299,1788700926.6,78.42986083333334,17.104771500000002,True,2
1788701412.5,1788700926.8,78.4298595,17.104764666666664,True,2
1788701412.702,1788700927.0,78.42985816666666,17.104757666666668,True,2
1788701412.902,1788700927.2,78.429857,17.104751,True,2
1788701413.099,1788700927.4,78.42985566666667,17.104743666666664,True,2
1788701413.3,1788700927.6,78.42985449999999,17.104736833333334,True,2
1788701413.499,1788700927.8,78.42985333333333,17.104729833333334,True,2
1788701413.704,1788700928.0,78.429852,17.104723,True,2
1788701413.903,1788700928.2,78.42985066666667,17.104716166666666,True,2
1788701414.102,1788700928.4,78.42984933333334,17.104708833333333,True,2
1788701414.302,1788700928.6,78.42984799999999,17.104701499999997,True,2
1788701414.5,1788700928.8,78.42984666666666,17.104694,True,2
1788701414.704,1788700929.0,78.42984533333333,17.104687000000002,True,2
1788701414.903,1788700929.2,78.42984416666667,17.10468033333333,True,2
1788701415.101,1788700929.4,78.42984299999999,17.104673666666667,True,2
1788701415.301,1788700929.6,78.42984183333333,17.104667,True,2
1788701415.5,1788700929.8,78.42984066666666,17.104660333333335,True,2
1788701415.701,1788700930.0,78.4298395,17.104653499999998,True,2
1788701415.901,1788700930.2,78.42983816666667,17.1046465,True,2
1788701416.102,1788700930.4,78.42983683333334,17.10463916666667,True,2
1788701416.303,1788700930.6,78.42983550000001,17.104632166666665,True,2
1788701416.502,1788700930.8,78.42983416666667,17.104625166666665,True,2
1788701416.701,1788700931.0,78.42983266666667,17.1046185,True,2
1788701416.903,1788700931.2,78.4298315,17.104612166666666,True,2
1788701417.103,1788700931.4,78.42983033333333,17.104605333333332,True,2
1788701417.301,1788700931.6,78.429829,17.1045985,True,2
1788701417.502,1788700931.8,78.42982783333333,17.104591666666668,True,2
1788701417.701,1788700932.0,78.4298265,17.104584666666664,True,2
1788701417.901,1788700932.2,78.42982516666666,17.104577666666668,True,2
1788701418.102,1788700932.4,78.429824,17.1045705,True,2
1788701418.301,1788700932.6,78.42982266666667,17.104563666666664,True,2
1788701418.501,1788700932.8,78.42982149999999,17.104556666666667,True,2
1788701418.698,1788700933.0,78.42982016666666,17.104549833333333,True,2
1788701418.901,1788700933.2,78.42981883333333,17.104543333333332,True,2
1788701419.102,1788700933.4,78.4298175,17.1045365,True,2
1788701419.302,1788700933.6,78.42981633333333,17.104529666666668,True,2
1788701419.499,1788700933.8,78.42981516666667,17.10452283333333,True,2
1788701419.704,1788700934.0,78.42981383333334,17.104516166666667,True,2
1788701419.903,1788700934.2,78.42981266666668,17.1045095,True,2
1788701420.102,1788700934.4,78.42981133333333,17.104502500000002,True,2
1788701420.302,1788700934.6,78.42981016666666,17.1044955,True,2
1788701420.501,1788700934.8,78.42980883333333,17.104489,True,2
1788701420.705,1788700935.0,78.4298075,17.104482166666667,True,2
1788701420.903,1788700935.2,78.429806,17.104474999999997,True,2
1788701421.101,1788700935.4,78.42980466666667,17.104468166666667,True,2
1788701421.3,1788700935.6,78.42980349999999,17.104461333333333,True,2
1788701421.5,1788700935.8,78.42980216666666,17.1044545,True,2
1788701421.704,1788700936.0,78.42980083333333,17.1044475,True,2
1788701421.905,1788700936.2,78.4297995,17.104440833333335,True,2
1788701422.103,1788700936.4,78.42979816666666,17.104434333333334,True,2
1788701422.302,1788700936.6,78.42979683333333,17.1044275,True,2
1788701422.502,1788700936.8,78.4297955,17.1044205,True,2
1788701422.704,1788700937.0,78.42979416666667,17.1044135,True,2
1788701422.901,1788700937.2,78.42979283333334,17.104406333333333,True,2
1788701423.101,1788700937.4,78.4297915,17.1043995,True,2
1788701423.302,1788700937.6,78.42979033333333,17.104392833333335,True,2
1788701423.501,1788700937.8,78.429789,17.104386666666667,True,2
1788701423.702,1788700938.0,78.42978783333334,17.10438033333333,True,2
1788701423.903,1788700938.2,78.4297865,17.1043735,True,2
1788701424.101,1788700938.4,78.42978516666668,17.104366833333334,True,2
1788701424.304,1788700938.6,78.42978383333335,17.10436,True,2
1788701424.503,1788700938.8,78.4297825,17.104353333333332,True,2
1788701424.705,1788700939.0,78.42978133333332,17.104346666666668,True,2
1788701424.903,1788700939.2,78.42978,17.104339999999997,True,2
1788701425.104,1788700939.4,78.42977883333333,17.104333333333333,True,2
1788701425.303,1788700939.6,78.4297775,17.10432666666667,True,2
1788701425.501,1788700939.8,78.42977633333334,17.10432033333333,True,2
1788701425.703,1788700940.0,78.429775,17.104313833333332,True,2
1788701425.901,1788700940.2,78.42977366666668,17.10430716666667,True,2
1788701426.101,1788700940.4,78.4297725,17.1043005,True,2
1788701426.302,1788700940.6,78.42977116666665,17.104293833333333,True,2
1788701426.502,1788700940.8,78.42976983333332,17.104286833333333,True,2
1788701426.702,1788700941.0,78.42976866666666,17.10428016666667,True,2
1788701426.901,1788700941.2,78.42976733333333,17.104273499999998,True,2
1788701427.102,1788700941.4,78.42976616666667,17.104267166666666,True,2
1788701427.303,1788700941.6,78.42976483333334,17.10426066666667,True,2
1788701427.503,1788700941.8,78.4297635,17.10425366666667,True,2
1788701427.703,1788700942.0,78.42976216666666,17.104246666666665,True,2
1788701427.901,1788700942.2,78.42976083333333,17.10423966666667,True,2
1788701428.102,1788700942.4,78.42975933333334,17.104232666666668,True,2
1788701428.306,1788700942.6,78.42975799999999,17.10422583333333,True,2
1788701428.499,1788700942.8,78.42975666666666,17.104219166666667,True,2
1788701428.702,1788700943.0,78.4297555,17.10421266666667,True,2
1788701428.901,1788700943.2,78.42975416666667,17.104205999999998,True,2
1788701429.101,1788700943.4,78.42975283333334,17.104199,True,2
1788701429.299,1788700943.6,78.42975150000001,17.104192333333334,True,2
1788701429.5,1788700943.8,78.42975,17.104185166666664,True,2
1788701429.699,1788700944.0,78.42974866666667,17.10417783333333,True,2
1788701429.902,1788700944.2,78.42974716666666,17.10417066666667,True,2
1788701430.102,1788700944.4,78.42974583333333,17.104163500000002,True,2
1788701430.301,1788700944.6,78.4297445,17.104156666666665,True,2
1788701430.502,1788700944.8,78.42974333333333,17.104150166666667,True,2
1788701430.703,1788700945.0,78.42974216666667,17.104143500000003,True,2
1788701430.901,1788700945.2,78.42974099999999,17.104137166666664,True,2
1788701431.099,1788700945.4,78.42973983333333,17.104130666666666,True,2
1788701431.301,1788700945.6,78.42973866666667,17.104124000000002,True,2
1788701431.5,1788700945.8,78.42973733333334,17.104117166666665,True,2
1788701431.701,1788700946.0,78.429736,17.10411033333333,True,2
1788701431.909,1788700946.2,78.42973483333334,17.104103666666667,True,2
1788701432.1,1788700946.4,78.42973350000001,17.1040965,True,2
1788701432.3,1788700946.6,78.42973233333333,17.104089666666667,True,2
1788701432.497,1788700946.8,78.42973099999999,17.104082666666667,True,2
1788701432.701,1788700947.0,78.42972983333334,17.10407616666667,True,2
1788701432.901,1788700947.2,78.4297285,17.10406933333333,True,2
1788701433.101,1788700947.4,78.42972733333333,17.1040625,True,2
1788701433.301,1788700947.6,78.42972616666665,17.104055666666667,True,2
1788701433.5,1788700947.8,78.42972483333332,17.10404883333333,True,2
1788701433.701,1788700948.0,78.4297235,17.104042166666666,True,2
1788701433.9,1788700948.2,78.42972233333333,17.104035500000002,True,2
1788701434.104,1788700948.4,78.429721,17.104028333333336,True,2
1788701434.302,1788700948.6,78.42971966666667,17.104021499999998,True,2
1788701434.503,1788700948.8,78.42971833333333,17.104014166666666,True,2
1788701434.701,1788700949.0,78.429717,17.10400716666667,True,2
1788701434.901,1788700949.2,78.42971566666667,17.10400033333333,True,2
1788701435.103,1788700949.4,78.4297145,17.103993666666668,True,2
1788701435.299,1788700949.6,78.42971333333334,17.103986666666668,True,2
1788701435.501,1788700949.8,78.42971216666666,17.103980166666666,True,2
1788701435.701,1788700950.0,78.42971083333333,17.103973,True,2
1788701435.902,1788700950.2,78.4297095,17.103965833333334,True,2
1788701436.102,1788700950.4,78.42970816666666,17.103959,True,2
1788701436.302,1788700950.6,78.42970683333333,17.103951833333333,True,2
1788701436.503,1788700950.8,78.4297055,17.1039445,True,2
1788701436.701,1788700951.0,78.42970416666667,17.103937499999997,True,2
1788701436.9,1788700951.2,78.42970283333334,17.1039305,True,2
1788701437.101,1788700951.4,78.42970166666667,17.1039235,True,2
1788701437.303,1788700951.6,78.42970033333333,17.103917000000003,True,2
1788701437.502,1788700951.8,78.42969916666667,17.10391,True,2
1788701437.702,1788700952.0,78.42969783333334,17.103903,True,2
1788701437.902,1788700952.2,78.42969666666666,17.10389616666667,True,2
1788701438.101,1788700952.4,78.42969533333333,17.103889166666665,True,2
1788701438.304,1788700952.6,78.429694,17.103882,True,2
1788701438.504,1788700952.8,78.42969283333333,17.103875000000002,True,2
1788701438.705,1788700953.0,78.42969133333332,17.103868,True,2
1788701438.901,1788700953.2,78.42969016666666,17.103861166666665,True,2
1788701439.102,1788700953.4,78.42968883333333,17.103854333333334,True,2
1788701439.301,1788700953.6,78.42968733333333,17.10384733333333,True,2
1788701439.5,1788700953.8,78.429686,17.103840333333334,True,2
1788701439.701,1788700954.0,78.42968483333334,17.1038335,True,2
1788701439.901,1788700954.2,78.4296835,17.103826333333334,True,2
1788701440.102,1788700954.4,78.42968233333333,17.1038195,True,2
1788701440.301,1788700954.6,78.42968116666665,17.103812666666666,True,2
1788701440.501,1788700954.8,78.42967983333332,17.10380616666667,True,2
1788701440.7,1788700955.0,78.4296785,17.103799499999997,True,2
1788701440.903,1788700955.2,78.42967733333333,17.1037925,True,2
1788701441.102,1788700955.4,78.429676,17.1037855,True,2
1788701441.302,1788700955.6,78.42967466666667,17.103778666666663,True,2
1788701441.502,1788700955.8,78.42967333333333,17.103771333333334,True,2
1788701441.704,1788700956.0,78.429672,17.103764333333334,True,2
1788701441.902,1788700956.2,78.42967083333333,17.103757499999997,True,2
1788701442.102,1788700956.4,78.4296695,17.103750833333333,True,2
1788701442.303,1788700956.6,78.42966833333334,17.103744333333335,True,2
1788701442.504,1788700956.8,78.42966716666666,17.103737666666667,True,2
1788701442.7,1788700957.0,78.42966583333333,17.103731,True,2
1788701442.9,1788700957.2,78.42966466666667,17.103724166666666,True,2
1788701443.101,1788700957.4,78.42966333333334,17.10371716666667,True,2
1788701443.3,1788700957.6,78.42966200000001,17.103710166666666,True,2
1788701443.5,1788700957.8,78.4296605,17.103703333333332,True,2
1788701443.703,1788700958.0,78.42965916666667,17.1036965,True,2
1788701443.903,1788700958.2,78.42965783333334,17.103689499999998,True,2
1788701444.101,1788700958.4,78.4296565,17.103682833333334,True,2
1788701444.302,1788700958.6,78.42965516666666,17.1036765,True,2
1788701444.501,1788700958.8,78.42965383333333,17.10367,True,2
1788701444.701,1788700959.0,78.4296525,17.1036635,True,2
1788701444.901,1788700959.2,78.42965116666666,17.103657166666668,True,2
1788701445.1,1788700959.4,78.42964983333333,17.103650833333333,True,2
1788701445.301,1788700959.6,78.42964833333333,17.103644499999998,True,2
1788701445.502,1788700959.8,78.42964683333334,17.103638333333333,True,2
1788701445.702,1788700960.0,78.42964533333334,17.103632166666667,True,2
1788701445.901,1788700960.2,78.42964366666666,17.103626000000002,True,2
1788701446.101,1788700960.4,78.42964216666665,17.103620166666666,True,2
1788701446.299,1788700960.6,78.42964066666667,17.103614,True,2
1788701446.502,1788700960.8,78.42963933333334,17.103608333333334,True,2
1788701446.704,1788700961.0,78.42963783333333,17.103602833333333,True,2
1788701446.902,1788700961.2,78.42963633333333,17.103597333333333,True,2
1788701447.101,1788700961.4,78.42963483333332,17.103591833333333,True,2
1788701447.302,1788700961.6,78.4296335,17.1035865,True,2
1788701447.503,1788700961.8,78.42963183333333,17.103581166666668,True,2
1788701447.701,1788700962.0,78.42963033333334,17.103575999999997,True,2
1788701447.9,1788700962.2,78.42962866666667,17.103571,True,2
1788701448.101,1788700962.4,78.42962716666666,17.103565833333334,True,2
1788701448.302,1788700962.6,78.4296255,17.103560333333334,True,2
1788701448.502,1788700962.8,78.429624,17.103554666666664,True,2
1788701448.703,1788700963.0,78.42962250000001,17.1035495,True,2
1788701448.902,1788700963.2,78.42962083333333,17.103544833333334,True,2
1788701449.1,1788700963.4,78.42961933333332,17.103539833333333,True,2
1788701449.302,1788700963.6,78.42961783333334,17.103534833333335,True,2
1788701449.501,1788700963.8,78.42961633333333,17.103529499999997,True,2
1788701449.701,1788700964.0,78.42961466666667,17.103524333333333,True,2
1788701449.903,1788700964.2,78.429613,17.1035195,True,2
1788701450.103,1788700964.4,78.42961133333333,17.103515166666668,True,2
1788701450.302,1788700964.6,78.42960966666666,17.10351066666667,True,2
1788701450.502,1788700964.8,78.429608,17.103506166666666,True,2
1788701450.702,1788700965.0,78.4296065,17.103501666666666,True,2
1788701450.901,1788700965.2,78.42960483333333,17.103497333333333,True,2
1788701451.103,1788700965.4,78.42960333333333,17.103493166666667,True,2
1788701451.301,1788700965.6,78.42960166666667,17.103489500000002,True,2
1788701451.5,1788700965.8,78.4296,17.103485666666664,True,2
1788701451.7,1788700966.0,78.42959816666666,17.103481833333333,True,2
1788701451.9,1788700966.2,78.42959649999999,17.1034775,True,2
1788701452.102,1788700966.4,78.42959483333334,17.103473,True,2
1788701452.304,1788700966.6,78.42959316666666,17.103469,True,2
1788701452.501,1788700966.8,78.4295915,17.103465333333336,True,2
1788701452.703,1788700967.0,78.42958983333332,17.103462,True,2
1788701452.901,1788700967.2,78.429588,17.1034585,True,2
1788701453.102,1788700967.4,78.42958633333333,17.1034545,True,2
1788701453.303,1788700967.6,78.42958466666667,17.103450333333335,True,2
1788701453.503,1788700967.8,78.42958283333334,17.103446833333333,True,2
1788701453.702,1788700968.0,78.42958116666667,17.103444000000003,True,2
1788701453.902,1788700968.2,78.4295795,17.10344083333333,True,2
1788701454.102,1788700968.4,78.42957783333333,17.103437333333332,True,2
1788701454.3,1788700968.6,78.42957616666666,17.103433666666668,True,2
1788701454.499,1788700968.8,78.42957433333332,17.103430333333332,True,2
1788701454.701,1788700969.0,78.42957249999999,17.103427166666666,True,2
1788701454.902,1788700969.2,78.42957066666666,17.103423833333334,True,2
1788701455.102,1788700969.4,78.429569,17.10342066666667,True,2
1788701455.302,1788700969.6,78.42956733333334,17.103417666666665,True,2
1788701455.502,1788700969.8,78.42956550000001,17.103415,True,2
1788701455.701,1788700970.0,78.42956383333333,17.10341233333333,True,2
1788701455.898,1788700970.2,78.42956216666667,17.103409166666665,True,2
1788701456.102,1788700970.4,78.42956033333333,17.103405666666667,True,2
1788701456.302,1788700970.6,78.42955866666667,17.103403,True,2
1788701456.501,1788700970.8,78.42955683333334,17.103400500000003,True,2
1788701456.704,1788700971.0,78.429555,17.10339816666667,True,2
1788701456.903,1788700971.2,78.42955333333333,17.10339533333333,True,2
1788701457.101,1788700971.4,78.42955149999999,17.103392,True,2
1788701457.299,1788700971.6,78.42954966666666,17.103388833333334,True,2
1788701457.501,1788700971.8,78.42954800000001,17.1033865,True,2
1788701457.704,1788700972.0,78.42954616666665,17.1033845,True,2
1788701457.909,1788700972.2,78.42954433333333,17.103382500000002,True,2
1788701458.101,1788700972.4,78.42954266666668,17.103380166666668,True,2
1788701458.302,1788700972.6,78.429541,17.103377166666668,True,2
1788701458.501,1788700972.8,78.42953916666667,17.103374,True,2
1788701458.7,1788700973.0,78.4295375,17.103372,True,2
1788701458.902,1788700973.2,78.42953566666667,17.1033705,True,2
1788701459.102,1788700973.4,78.42953383333334,17.103368666666665,True,2
1788701459.301,1788700973.6,78.42953200000001,17.103365666666665,True,2
1788701459.5,1788700973.8,78.42953033333333,17.1033625,True,2
1788701459.703,1788700974.0,78.42952866666666,17.103359833333332,True,2
1788701459.903,1788700974.2,78.42952683333333,17.103358333333333,True,2
1788701460.1,1788700974.4,78.429525,17.1033565,True,2
1788701460.301,1788700974.6,78.42952333333332,17.1033535,True,2
1788701460.5,1788700974.8,78.42952149999999,17.10335,True,2
1788701460.701,1788700975.0,78.42951983333334,17.103347333333332,True,2
1788701460.904,1788700975.2,78.429518,17.1033455,True,2
1788701461.102,1788700975.4,78.42951616666666,17.103343833333334,True,2
1788701461.303,1788700975.6,78.42951450000001,17.103341166666667,True,2
1788701461.504,1788700975.8,78.42951266666667,17.103337333333332,True,2
1788701461.705,1788700976.0,78.429511,17.103334833333335,True,2
1788701461.903,1788700976.2,78.42950916666668,17.103333000000003,True,2
1788701462.101,1788700976.4,78.42950733333333,17.103331166666667,True,2
1788701462.302,1788700976.6,78.4295055,17.103328666666666,True,2
1788701462.501,1788700976.8,78.42950383333333,17.1033255,True,2
1788701462.699,1788700977.0,78.429502,17.1033225,True,2
1788701462.9,1788700977.2,78.42950033333334,17.10332,True,2
1788701463.102,1788700977.4,78.4294985,17.103318333333334,True,2
1788701463.303,1788700977.6,78.42949683333333,17.103316,True,2
1788701463.503,1788700977.8,78.429495,17.103313333333332,True,2
1788701463.702,1788700978.0,78.42949316666666,17.10331,True,2
1788701463.9,1788700978.2,78.42949133333333,17.103306999999997,True,2
1788701464.103,1788700978.4,78.4294895,17.103304666666666,True,2
1788701464.301,1788700978.6,78.42948783333333,17.103302499999998,True,2
1788701464.501,1788700978.8,78.429486,17.1033,True,2
1788701464.7,1788700979.0,78.42948433333332,17.103297,True,2
1788701464.902,1788700979.2,78.42948249999999,17.103294166666668,True,2
1788701465.099,1788700979.4,78.42948066666666,17.10329116666667,True,2
1788701465.3,1788700979.6,78.429479,17.103288666666668,True,2
1788701465.5,1788700979.8,78.42947716666666,17.103286,True,2
1788701465.7,1788700980.0,78.42947533333333,17.103282999999998,True,2
1788701465.903,1788700980.2,78.42947366666667,17.10328033333333,True,2
1788701466.102,1788700980.4,78.42947183333334,17.103277833333333,True,2
1788701466.303,1788700980.6,78.42947000000001,17.103275333333332,True,2
1788701466.503,1788700980.8,78.42946816666667,17.1032725,True,2
1788701466.701,1788700981.0,78.4294665,17.103269666666666,True,2
1788701466.902,1788700981.2,78.42946483333334,17.10326716666667,True,2
1788701467.101,1788700981.4,78.429463,17.103264833333334,True,2
1788701467.303,1788700981.6,78.42946116666667,17.103262166666664,True,2
1788701467.503,1788700981.8,78.4294595,17.1032595,True,2
1788701467.703,1788700982.0,78.42945766666666,17.103256666666667,True,2
1788701467.902,1788700982.2,78.42945583333334,17.103254,True,2
1788701468.101,1788700982.4,78.42945416666666,17.103252,True,2
1788701468.3,1788700982.6,78.42945233333333,17.103248833333335,True,2
1788701468.503,1788700982.8,78.4294505,17.103245333333334,True,2
1788701468.703,1788700983.0,78.42944883333332,17.103242166666668,True,2
1788701468.902,1788700983.2,78.42944716666666,17.103240000000003,True,2
1788701469.102,1788700983.4,78.42944533333333,17.103237999999997,True,2
1788701469.302,1788700983.6,78.42944349999999,17.103235333333334,True,2
1788701469.502,1788700983.8,78.42944166666666,17.1032315,True,2
1788701469.7,1788700984.0,78.42944000000001,17.1032285,True,2
1788701469.901,1788700984.2,78.42943833333334,17.1032265,True,2
1788701470.11,1788700984.4,78.42943650000001,17.103224666666666,True,2
1788701470.3,1788700984.6,78.42943466666667,17.1032225,True,2
1788701470.5,1788700984.8,78.429433,17.103219333333335,True,2
1788701470.702,1788700985.0,78.42943116666667,17.103215833333334,True,2
1788701470.902,1788700985.2,78.4294295,17.103212833333334,True,2
1788701471.1,1788700985.4,78.42942766666667,17.103210666666666,True,2
1788701471.303,1788700985.6,78.42942583333334,17.1032085,True,2
1788701471.501,1788700985.8,78.42942416666666,17.103206,True,2
1788701471.702,1788700986.0,78.42942233333333,17.103203,True,2
1788701471.901,1788700986.2,78.4294205,17.103199833333335,True,2
1788701472.103,1788700986.4,78.42941883333333,17.103197166666668,True,2
1788701472.305,1788700986.6,78.429417,17.103195000000003,True,2
1788701472.499,1788700986.8,78.42941516666666,17.10319283333333,True,2
1788701472.702,1788700987.0,78.4294135,17.103189999999998,True,2
1788701472.903,1788700987.2,78.42941183333333,17.103186833333332,True,2
1788701473.101,1788700987.4,78.42941,17.103184166666665,True,2
1788701473.302,1788700987.6,78.42940833333334,17.1031815,True,2
1788701473.5,1788700987.8,78.42940633333333,17.103179,True,2
1788701473.719,1788700988.0,78.42940449999999,17.1031765,True,2
1788701473.9,1788700988.2,78.42940266666666,17.1031735,True,2
1788701474.1,1788700988.4,78.42940100000001,17.103170499999997,True,2
1788701474.302,1788700988.6,78.42939916666666,17.103168166666666,True,2
1788701474.498,1788700988.8,78.42939733333333,17.103165666666666,True,2
1788701474.699,1788700989.0,78.42939566666668,17.103163,True,2
1788701474.9,1788700989.2,78.42939383333334,17.103160166666665,True,2
1788701475.102,1788700989.4,78.429392,17.103157500000002,True,2
1788701475.301,1788700989.6,78.42939016666666,17.103154500000002,True,2
1788701475.499,1788700989.8,78.42938833333332,17.103151500000003,True,2
1788701475.7,1788700990.0,78.42938666666667,17.103148833333332,True,2
1788701475.9,1788700990.2,78.42938483333334,17.10314633333333,True,2
1788701476.101,1788700990.4,78.42938316666667,17.103143666666664,True,2
1788701476.3,1788700990.6,78.4293815,17.103140666666665,True,2
1788701476.499,1788700990.8,78.42937966666666,17.103138,True,2
1788701476.697,1788700991.0,78.429378,17.103135166666668,True,2
1788701476.902,1788700991.2,78.42937616666667,17.103132666666667,True,2
1788701477.101,1788700991.4,78.42937433333333,17.103129833333334,True,2
1788701477.301,1788700991.6,78.42937266666667,17.103126999999997,True,2
1788701477.501,1788700991.8,78.42937083333332,17.103124166666664,True,2
1788701477.7,1788700992.0,78.42936916666666,17.103121166666664,True,2
1788701477.901,1788700992.2,78.42936733333333,17.1031185,True,2
1788701478.101,1788700992.4,78.42936566666667,17.103115833333334,True,2
1788701478.3,1788700992.6,78.42936383333334,17.1031125,True,2
1788701478.501,1788700992.8,78.42936216666666,17.103109333333336,True,2
1788701478.7,1788700993.0,78.42936033333334,17.103106500000003,True,2
1788701478.899,1788700993.2,78.4293585,17.1031035,True,2
1788701479.101,1788700993.4,78.42935683333333,17.103100666666666,True,2
1788701479.299,1788700993.6,78.429355,17.1030975,True,2
1788701479.498,1788700993.8,78.42935333333334,17.103094,True,2
1788701479.699,1788700994.0,78.42935166666666,17.103090833333333,True,2
1788701479.901,1788700994.2,78.42934983333333,17.103088,True,2
1788701480.098,1788700994.4,78.42934799999999,17.103085166666666,True,2
1788701480.299,1788700994.6,78.42934633333333,17.103082166666663,True,2
1788701480.499,1788700994.8,78.42934466666667,17.103079166666664,True,2
1788701480.7,1788700995.0,78.429343,17.10307583333333,True,2
1788701480.901,1788700995.2,78.42934116666667,17.103072333333333,True,2
1788701481.101,1788700995.4,78.42933933333333,17.1030695,True,2
1788701481.3,1788700995.6,78.42933766666667,17.103067,True,2
1788701481.499,1788700995.8,78.42933583333334,17.103064,True,2
1788701481.7,1788700996.0,78.429334,17.1030605,True,2
1788701481.902,1788700996.2,78.42933233333333,17.103057166666666,True,2
1788701482.099,1788700996.4,78.4293305,17.103053833333334,True,2
1788701482.301,1788700996.6,78.42932883333333,17.103051,True,2
1788701482.5,1788700996.8,78.429327,17.103048166666667,True,2
1788701482.702,1788700997.0,78.42932516666666,17.103045,True,2
1788701482.902,1788700997.2,78.4293235,17.1030415,True,2
1788701483.101,1788700997.4,78.42932166666667,17.103038166666668,True,2
1788701483.301,1788700997.6,78.42931983333332,17.103035,True,2
1788701483.499,1788700997.8,78.429318,17.103032,True,2
1788701483.7,1788700998.0,78.42931633333333,17.103028833333333,True,2
1788701483.901,1788700998.2,78.42931449999999,17.103025833333334,True,2
1788701484.102,1788700998.4,78.42931283333334,17.103022666666668,True,2
1788701484.303,1788700998.6,78.42931100000001,17.103019166666666,True,2
1788701484.5,1788700998.8,78.42930933333334,17.103016,True,2
1788701484.699,1788700999.0,78.42930750000001,17.10301283333333,True,2
1788701484.897,1788700999.2,78.42930566666668,17.103010333333334,True,2
1788701485.102,1788700999.4,78.42930383333334,17.1030075,True,2
1788701485.302,1788700999.6,78.42930216666667,17.103004333333335,True,2
1788701485.501,1788700999.8,78.42930033333333,17.103000833333333,True,2
1788701485.701,1788701000.0,78.42929866666667,17.102997000000002,True,2
1788701485.901,1788701000.2,78.42929699999999,17.102994333333335,True,2
1788701486.101,1788701000.4,78.42929516666666,17.102991999999997,True,2
1788701486.3,1788701000.6,78.42929333333333,17.102989666666666,True,2
1788701486.502,1788701000.8,78.4292915,17.102986333333334,True,2
1788701486.701,1788701001.0,78.42928966666666,17.102982833333332,True,2
1788701486.901,1788701001.2,78.429288,17.102979833333332,True,2
1788701487.101,1788701001.4,78.42928616666667,17.1029775,True,2
1788701487.3,1788701001.6,78.42928433333333,17.102975333333333,True,2
1788701487.502,1788701001.8,78.4292825,17.10297266666667,True,2
1788701487.699,1788701002.0,78.42928083333332,17.102969166666664,True,2
1788701487.901,1788701002.2,78.429279,17.102965666666666,True,2
1788701488.101,1788701002.4,78.42927733333333,17.10296333333333,True,2
1788701488.301,1788701002.6,78.42927549999999,17.102961166666667,True,2
1788701488.502,1788701002.8,78.42927366666666,17.102958333333333,True,2
1788701488.701,1788701003.0,78.42927183333333,17.102955333333334,True,2
1788701488.899,1788701003.2,78.42927,17.102951833333336,True,2
1788701489.099,1788701003.4,78.42926833333333,17.102948833333336,True,2
1788701489.3,1788701003.6,78.4292665,17.102946499999998,True,2
1788701489.5,1788701003.8,78.42926466666667,17.102944166666667,True,2
1788701489.699,1788701004.0,78.42926283333333,17.102941333333334,True,2
1788701489.899,1788701004.2,78.42926116666666,17.102937999999998,True,2
1788701490.099,1788701004.4,78.42925916666667,17.1029345,True,2
1788701490.297,1788701004.6,78.42925733333333,17.102931666666667,True,2
1788701490.497,1788701004.8,78.4292555,17.102929333333336,True,2
1788701490.698,1788701005.0,78.42925366666667,17.10292666666667,True,2
1788701490.901,1788701005.2,78.42925199999999,17.1029235,True,2
1788701491.101,1788701005.4,78.42925016666666,17.10291983333333,True,2
1788701491.301,1788701005.6,78.42924833333333,17.10291683333333,True,2
1788701491.501,1788701005.8,78.42924666666666,17.1029145,True,2
1788701491.701,1788701006.0,78.42924466666666,17.102912166666666,True,2
1788701491.9,1788701006.2,78.42924283333333,17.102909166666667,True,2
1788701492.099,1788701006.4,78.429241,17.10290566666667,True,2
1788701492.3,1788701006.6,78.42923933333333,17.102902333333336,True,2
1788701492.499,1788701006.8,78.4292375,17.102899666666666,True,2
1788701492.7,1788701007.0,78.42923583333332,17.10289733333333,True,2
1788701492.905,1788701007.2,78.429234,17.10289433333333,True,2
1788701493.1,1788701007.4,78.42923216666667,17.102890833333333,True,2
1788701493.299,1788701007.6,78.42923033333334,17.10288716666667,True,2
1788701493.5,1788701007.8,78.4292285,17.102884,True,2
1788701493.701,1788701008.0,78.42922683333333,17.10288116666667,True,2
1788701493.9,1788701008.2,78.429225,17.102878166666667,True,2
1788701494.102,1788701008.4,78.42922316666666,17.102875166666667,True,2
1788701494.302,1788701008.6,78.4292215,17.102871666666665,True,2
1788701494.501,1788701008.8,78.42921983333333,17.102868166666667,True,2
1788701494.701,1788701009.0,78.429218,17.10286466666667,True,2
1788701494.899,1788701009.2,78.42921616666666,17.102862000000002,True,2
1788701495.1,1788701009.4,78.42921433333332,17.10285916666667,True,2
1788701495.299,1788701009.6,78.42921266666667,17.102856,True,2
1788701495.498,1788701009.8,78.42921083333334,17.102852833333333,True,2
1788701495.701,1788701010.0,78.429209,17.10284933333333,True,2
1788701495.898,1788701010.2,78.42920733333334,17.102846,True,2
1788701496.102,1788701010.4,78.42920550000001,17.102842833333334,True,2
1788701496.301,1788701010.6,78.42920383333333,17.10284,True,2
1788701496.501,1788701010.8,78.429202,17.1028375,True,2
1788701496.702,1788701011.0,78.42920033333333,17.10283466666667,True,2
1788701496.901,1788701011.2,78.4291985,17.102831499999997,True,2
1788701497.1,1788701011.4,78.42919666666667,17.102828,True,2
1788701497.299,1788701011.6,78.42919499999999,17.102824833333333,True,2
1788701497.503,1788701011.8,78.42919316666666,17.102821833333334,True,2
1788701497.702,1788701012.0,78.42919149999999,17.102819333333333,True,2
1788701497.899,1788701012.2,78.42918983333334,17.102816833333335,True,2
1788701498.1,1788701012.4,78.42918800000001,17.10281366666667,True,2
1788701498.3,1788701012.6,78.42918616666665,17.102810166666664,True,2
1788701498.501,1788701012.8,78.4291845,17.102806833333332,True,2
1788701498.698,1788701013.0,78.4291825,17.102804,True,2
1788701498.902,1788701013.2,78.42918066666667,17.102801333333332,True,2
1788701499.101,1788701013.4,78.429179,17.1027985,True,2
1788701499.302,1788701013.6,78.42917716666666,17.1027955,True,2
1788701499.502,1788701013.8,78.42917533333333,17.102792166666667,True,2
1788701499.703,1788701014.0,78.42917366666667,17.102788999999998,True,2
1788701499.9,1788701014.2,78.42917200000001,17.102785833333332,True,2
1788701500.097,1788701014.4,78.42917016666667,17.1027825,True,2
1788701500.299,1788701014.6,78.42916833333334,17.102779333333334,True,2
1788701500.5,1788701014.8,78.42916650000001,17.102776333333335,True,2
1788701500.701,1788701015.0,78.42916466666667,17.1027735,True,2
1788701500.9,1788701015.2,78.42916283333334,17.10277,True,2
1788701501.102,1788701015.4,78.42916116666667,17.10276683333333,True,2
1788701501.3,1788701015.6,78.4291595,17.1027635,True,2
1788701501.498,1788701015.8,78.42915766666667,17.102760666666665,True,2
1788701501.701,1788701016.0,78.42915599999999,17.102758333333334,True,2
1788701501.903,1788701016.2,78.42915416666666,17.1027555,True,2
1788701502.102,1788701016.4,78.42915233333333,17.102752333333335,True,2
1788701502.303,1788701016.6,78.4291505,17.102748833333333,True,2
1788701502.502,1788701016.8,78.42914866666666,17.102745833333334,True,2
1788701502.702,1788701017.0,78.42914683333333,17.10274283333333,True,2
1788701502.902,1788701017.2,78.42914516666666,17.102739999999997,True,2
1788701503.101,1788701017.4,78.42914333333333,17.10273683333333,True,2
1788701503.301,1788701017.6,78.42914166666667,17.102733166666667,True,2
1788701503.502,1788701017.8,78.42913983333332,17.102730166666667,True,2
1788701503.701,1788701018.0,78.429138,17.102727166666668,True,2
1788701503.901,1788701018.2,78.42913633333333,17.102724333333335,True,2
1788701504.101,1788701018.4,78.42913433333334,17.102721166666665,True,2
1788701504.298,1788701018.6,78.42913266666666,17.102717833333333,True,2
1788701504.502,1788701018.8,78.42913083333333,17.1027145,True,2
1788701504.701,1788701019.0,78.42912916666667,17.1027115,True,2
1788701504.902,1788701019.2,78.42912733333333,17.102708500000002,True,2
1788701505.099,1788701019.4,78.42912566666668,17.102705333333333,True,2
1788701505.299,1788701019.6,78.42912383333334,17.102701833333334,True,2
1788701505.498,1788701019.8,78.429122,17.10269883333333,True,2
1788701505.698,1788701020.0,78.42912033333333,17.102695999999998,True,2
1788701505.9,1788701020.2,78.42911833333332,17.102693166666665,True,2
1788701506.101,1788701020.4,78.42911649999999,17.102690166666665,True,2
1788701506.3,1788701020.6,78.42911466666666,17.102687,True,2
1788701506.498,1788701020.8,78.429113,17.1026835,True,2
1788701506.699,1788701021.0,78.42911116666667,17.102680333333335,True,2
1788701506.899,1788701021.2,78.42910950000001,17.102677500000002,True,2
1788701507.1,1788701021.4,78.42910766666667,17.102674999999998,True,2
1788701507.302,1788701021.6,78.42910583333334,17.102671833333332,True,2
1788701507.5,1788701021.8,78.42910416666668,17.102668,True,2
1788701507.702,1788701022.0,78.42910233333333,17.102664833333332,True,2
1788701507.9,1788701022.2,78.4291005,17.102661833333332,True,2
1788701508.1,1788701022.4,78.42909866666668,17.102659333333335,True,2
1788701508.301,1788701022.6,78.42909683333333,17.10265616666667,True,2
1788701508.501,1788701022.8,78.42909516666667,17.10265283333333,True,2
1788701508.702,1788701023.0,78.42909333333334,17.1026495,True,2
1788701508.899,1788701023.2,78.42909166666666,17.102646333333333,True,2
1788701509.099,1788701023.4,78.42908983333334,17.1026435,True,2
1788701509.3,1788701023.6,78.42908800000001,17.1026405,True,2
1788701509.501,1788701023.8,78.42908616666666,17.102637333333334,True,2
1788701509.7,1788701024.0,78.42908433333334,17.102634000000002,True,2
1788701509.901,1788701024.2,78.42908233333333,17.102630833333333,True,2
1788701510.098,1788701024.4,78.4290805,17.102627833333333,True,2
1788701510.299,1788701024.6,78.42907866666665,17.102624666666667,True,2
1788701510.499,1788701024.8,78.429077,17.1026215,True,2
1788701510.699,1788701025.0,78.42907533333333,17.102618333333332,True,2
1788701510.898,1788701025.2,78.42907366666667,17.102615166666666,True,2
1788701511.097,1788701025.4,78.42907183333334,17.102612,True,2
1788701511.335,1788701025.6,78.42907,17.102609166666664,True,2
1788701511.5,1788701025.8,78.42906816666667,17.102605999999998,True,2
1788701511.701,1788701026.0,78.42906633333334,17.102602666666666,True,2
1788701511.9,1788701026.2,78.42906433333333,17.1025995,True,2
1788701512.101,1788701026.4,78.42906266666667,17.102596333333334,True,2
1788701512.298,1788701026.6,78.42906083333334,17.10259316666667,True,2
1788701512.496,1788701026.8,78.42905916666668,17.102590333333335,True,2
1788701512.699,1788701027.0,78.4290575,17.102587500000002,True,2
1788701512.901,1788701027.2,78.42905566666667,17.102584333333333,True,2
1788701513.101,1788701027.4,78.429054,17.10258083333333,True,2
1788701513.301,1788701027.6,78.42905216666666,17.10257783333333,True,2
1788701513.5,1788701027.8,78.42905033333334,17.102575,True,2
1788701513.701,1788701028.0,78.4290485,17.10257216666667,True,2
1788701513.9,1788701028.2,78.42904666666666,17.102568666666667,True,2
1788701514.102,1788701028.4,78.42904483333334,17.1025655,True,2
1788701514.3,1788701028.6,78.42904316666666,17.102562666666664,True,2
1788701514.5,1788701028.8,78.42904133333333,17.10255983333333,True,2
1788701514.7,1788701029.0,78.42903966666667,17.102556666666665,True,2
1788701514.899,1788701029.2,78.42903783333333,17.102553333333333,True,2
1788701515.101,1788701029.4,78.429036,17.102550166666667,True,2
1788701515.299,1788701029.6,78.42903416666667,17.102547166666668,True,2
1788701515.5,1788701029.8,78.42903233333332,17.102544333333334,True,2
1788701515.699,1788701030.0,78.4290305,17.102541499999997,True,2
1788701515.9,1788701030.2,78.42902883333333,17.10253833333333,True,2
1788701516.1,1788701030.4,78.42902699999999,17.102535,True,2
1788701516.302,1788701030.6,78.42902533333333,17.102531833333334,True,2
1788701516.499,1788701030.8,78.4290235,17.102529,True,2
1788701516.699,1788701031.0,78.42902166666666,17.102526166666667,True,2
1788701516.9,1788701031.2,78.42902000000001,17.102523,True,2
1788701517.101,1788701031.4,78.42901816666668,17.102520333333334,True,2
1788701517.3,1788701031.6,78.42901633333332,17.102517166666665,True,2
1788701517.5,1788701031.8,78.4290145,17.102514,True,2
1788701517.7,1788701032.0,78.42901266666667,17.102511,True,2
1788701517.898,1788701032.2,78.429011,17.102508166666667,True,2
1788701518.108,1788701032.4,78.42900916666667,17.102505333333333,True,2
1788701518.301,1788701032.6,78.4290075,17.102502666666666,True,2
1788701518.502,1788701032.8,78.42900566666667,17.102499833333333,True,2
1788701518.701,1788701033.0,78.429004,17.102496499999997,True,2
1788701518.904,1788701033.2,78.42900216666666,17.102493,True,2
1788701519.1,1788701033.4,78.42900033333333,17.102490333333332,True,2
1788701519.302,1788701033.6,78.4289985,17.10248783333333,True,2
1788701519.5,1788701033.8,78.42899666666668,17.102485,True,2
1788701519.7,1788701034.0,78.428995,17.102482166666668,True,2
1788701519.899,1788701034.2,78.42899333333334,17.102479000000002,True,2
1788701520.1,1788701034.4,78.4289915,17.102475833333333,True,2
1788701520.3,1788701034.6,78.42898983333333,17.102473166666666,True,2
1788701520.498,1788701034.8,78.42898799999999,17.102470333333333,True,2
1788701520.698,1788701035.0,78.42898616666666,17.1024675,True,2
1788701520.899,1788701035.2,78.42898433333333,17.102464,True,2
1788701521.097,1788701035.4,78.4289825,17.102460666666666,True,2
1788701521.298,1788701035.6,78.42898050000001,17.102457333333334,True,2
1788701521.501,1788701035.8,78.42897883333333,17.102454333333334,True,2
1788701521.703,1788701036.0,78.428977,17.102451666666663,True,2
1788701521.901,1788701036.2,78.42897516666667,17.102449166666666,True,2
1788701522.099,1788701036.4,78.4289735,17.102446,True,2
1788701522.3,1788701036.6,78.42897166666667,17.102443,True,2
1788701522.5,1788701036.8,78.42896983333334,17.102440166666668,True,2
1788701522.701,1788701037.0,78.428968,17.102437166666668,True,2
1788701522.901,1788701037.2,78.42896633333334,17.1024345,True,2
1788701523.101,1788701037.4,78.42896449999999,17.102431333333335,True,2
1788701523.299,1788701037.6,78.42896266666666,17.102428333333332,True,2
1788701523.497,1788701037.8,78.42896083333333,17.102425333333333,True,2
1788701523.702,1788701038.0,78.428959,17.102422166666667,True,2
1788701523.9,1788701038.2,78.42895716666666,17.102419,True,2
1788701524.102,1788701038.4,78.4289555,17.102416333333334,True,2
1788701524.3,1788701038.6,78.42895366666667,17.1024135,True,2
1788701524.5,1788701038.8,78.42895183333333,17.10241016666667,True,2
1788701524.7,1788701039.0,78.42895,17.102406666666663,True,2
1788701524.9,1788701039.2,78.42894816666667,17.102402833333333,True,2
1788701525.102,1788701039.4,78.42894633333334,17.1024,True,2
1788701525.301,1788701039.6,78.42894466666667,17.102397333333332,True,2
1788701525.498,1788701039.8,78.42894283333334,17.102394333333333,True,2
1788701525.698,1788701040.0,78.428941,17.102390833333335,True,2
1788701525.9,1788701040.2,78.42893916666667,17.102387333333336,True,2
1788701526.098,1788701040.4,78.4289375,17.102384500000003,True,2
1788701526.296,1788701040.6,78.42893566666666,17.102382,True,2
1788701526.498,1788701040.8,78.42893383333333,17.102379166666665,True,2
1788701526.701,1788701041.0,78.428932,17.102375833333333,True,2
1788701526.901,1788701041.2,78.42893033333333,17.102372333333335,True,2
1788701527.102,1788701041.4,78.4289285,17.102369,True,2
1788701527.302,1788701041.6,78.42892666666667,17.102366166666666,True,2
1788701527.501,1788701041.8,78.42892483333334,17.102363500000003,True,2
1788701527.699,1788701042.0,78.428923,17.102361,True,2
1788701527.9,1788701042.2,78.42892133333334,17.102358,True,2
1788701528.1,1788701042.4,78.42891966666666,17.102354666666667,True,2
1788701528.301,1788701042.6,78.42891783333333,17.102351833333334,True,2
1788701528.501,1788701042.8,78.42891616666667,17.102349166666666,True,2
1788701528.7,1788701043.0,78.42891416666666,17.102346666666666,True,2
1788701528.9,1788701043.2,78.42891233333333,17.102344000000002,True,2
1788701529.099,1788701043.4,78.42891066666667,17.102340666666667,True,2
1788701529.304,1788701043.6,78.42890883333332,17.10233733333333,True,2
1788701529.501,1788701043.8,78.428907,17.102334833333334,True,2
1788701529.703,1788701044.0,78.42890533333333,17.1023325,True,2
1788701529.903,1788701044.2,78.42890349999999,17.102329833333332,True,2
1788701530.101,1788701044.4,78.42890166666666,17.102326666666666,True,2
1788701530.303,1788701044.6,78.42890000000001,17.102323666666667,True,2
1788701530.5,1788701044.8,78.42889816666667,17.102321166666666,True,2
1788701530.7,1788701045.0,78.42889633333333,17.102318500000003,True,2
1788701530.9,1788701045.2,78.42889466666666,17.102316166666665,True,2
1788701531.1,1788701045.4,78.42889283333334,17.102313499999998,True,2
1788701531.299,1788701045.6,78.42889100000001,17.10231033333333,True,2
1788701531.498,1788701045.8,78.42888933333333,17.102307166666666,True,2
1788701531.701,1788701046.0,78.42888766666667,17.102304166666666,True,2
1788701531.9,1788701046.2,78.42888583333334,17.102301666666666,True,2
1788701532.102,1788701046.4,78.428884,17.10229916666667,True,2
1788701532.301,1788701046.6,78.42888216666667,17.1022965,True,2
1788701532.5,1788701046.8,78.4288805,17.102293333333332,True,2
1788701532.701,1788701047.0,78.42887866666666,17.102290333333332,True,2
1788701532.902,1788701047.2,78.428877,17.102287666666665,True,2
1788701533.101,1788701047.4,78.42887516666666,17.102284833333332,True,2
1788701533.302,1788701047.6,78.42887333333333,17.102282,True,2
1788701533.5,1788701047.8,78.4288715,17.102279333333335,True,2
1788701533.7,1788701048.0,78.42886983333332,17.102276333333336,True,2
1788701533.9,1788701048.2,78.428868,17.102273333333336,True,2
1788701534.102,1788701048.4,78.42886616666667,17.102270166666663,True,2
1788701534.301,1788701048.6,78.42886433333334,17.102267333333334,True,2
1788701534.499,1788701048.8,78.4288625,17.102264333333334,True,2
1788701534.699,1788701049.0,78.42886083333333,17.1022615,True,2
1788701534.901,1788701049.2,78.428859,17.102258666666668,True,2
1788701535.102,1788701049.4,78.42885716666666,17.102255666666668,True,2
1788701535.301,1788701049.6,78.42885533333333,17.102252333333336,True,2
1788701535.502,1788701049.8,78.4288535,17.102249166666663,True,2
1788701535.699,1788701050.0,78.42885183333333,17.102245999999997,True,2
1788701535.899,1788701050.2,78.42885,17.102243166666664,True,2
1788701536.098,1788701050.4,78.42884833333332,17.1022405,True,2
1788701536.299,1788701050.6,78.42884649999999,17.1022375,True,2
1788701536.499,1788701050.8,78.42884466666666,17.102233833333333,True,2
1788701536.699,1788701051.0,78.428843,17.1022305,True,2
1788701536.899,1788701051.2,78.42884116666667,17.102227333333335,True,2
1788701537.1,1788701051.4,78.42883933333333,17.102224333333332,True,2
1788701537.298,1788701051.6,78.4288375,17.1022215,True,2
1788701537.502,1788701051.8,78.42883583333334,17.102218333333333,True,2
1788701537.701,1788701052.0,78.42883400000001,17.102214833333335,True,2
1788701537.901,1788701052.2,78.42883216666668,17.102211333333333,True,2
1788701538.102,1788701052.4,78.42883033333332,17.102208166666667,True,2
1788701538.302,1788701052.6,78.42882866666667,17.10220466666667,True,2
1788701538.499,1788701052.8,78.42882683333333,17.102201333333333,True,2
1788701538.698,1788701053.0,78.428825,17.102198666666666,True,2
1788701538.899,1788701053.2,78.42882333333334,17.102195666666667,True,2
1788701539.102,1788701053.4,78.4288215,17.102192,True,2
1788701539.3,1788701053.6,78.42881983333334,17.102188166666668,True,2
1788701539.499,1788701053.8,78.428818,17.10218466666667,True,2
1788701539.702,1788701054.0,78.42881616666666,17.102181833333336,True,2
1788701539.9,1788701054.2,78.42881433333334,17.102179166666666,True,2
1788701540.098,1788701054.4,78.4288125,17.102176,True,2
1788701540.301,1788701054.6,78.42881066666668,17.102172333333332,True,2
1788701540.503,1788701054.8,78.428809,17.1021685,True,2
1788701540.699,1788701055.0,78.42880716666667,17.10216516666667,True,2
1788701540.898,1788701055.2,78.4288055,17.10216266666667,True,2
1788701541.098,1788701055.4,78.42880366666667,17.102159833333335,True,2
1788701541.299,1788701055.6,78.42880183333334,17.1021565,True,2
1788701541.501,1788701055.8,78.42880016666666,17.102152666666665,True,2
1788701541.699,1788701056.0,78.42879816666667,17.102148833333334,True,2
1788701541.9,1788701056.2,78.42879633333334,17.102145833333335,True,2
1788701542.098,1788701056.4,78.42879450000001,17.102143,True,2
1788701542.3,1788701056.6,78.42879283333333,17.102139833333336,True,2
1788701542.501,1788701056.8,78.428791,17.10213633333333,True,2
1788701542.7,1788701057.0,78.42878916666668,17.102133166666665,True,2
1788701542.898,1788701057.2,78.4287875,17.10213,True,2
1788701543.099,1788701057.4,78.42878566666667,17.102127,True,2
1788701543.299,1788701057.6,78.42878383333333,17.102123833333334,True,2
1788701543.502,1788701057.8,78.428782,17.102120666666668,True,2
1788701543.7,1788701058.0,78.42878033333334,17.102117833333335,True,2
1788701543.901,1788701058.2,78.42877849999999,17.102114500000003,True,2
1788701544.101,1788701058.4,78.42877666666666,17.102110999999997,True,2
1788701544.301,1788701058.6,78.42877483333334,17.1021075,True,2
1788701544.501,1788701058.8,78.428773,17.102104666666666,True,2
1788701544.702,1788701059.0,78.42877116666666,17.102101666666666,True,2
1788701544.902,1788701059.2,78.4287695,17.102098166666668,True,2
1788701545.102,1788701059.4,78.42876766666667,17.102094833333336,True,2
1788701545.3,1788701059.6,78.42876583333333,17.10209133333333,True,2
1788701545.499,1788701059.8,78.428764,17.102088,True,2
1788701545.699,1788701060.0,78.42876216666667,17.102084666666666,True,2
1788701545.899,1788701060.2,78.4287605,17.1020815,True,2
1788701546.1,1788701060.4,78.42875866666667,17.102078666666667,True,2
1788701546.3,1788701060.6,78.42875683333334,17.102075833333334,True,2
1788701546.499,1788701060.8,78.428755,17.102072500000002,True,2
1788701546.701,1788701061.0,78.42875316666667,17.10206916666667,True,2
1788701546.906,1788701061.2,78.4287515,17.102066166666667,True,2
1788701547.101,1788701061.4,78.42874966666666,17.102063666666666,True,2
1788701547.301,1788701061.6,78.42874783333333,17.102061,True,2
1788701547.499,1788701061.8,78.42874616666667,17.102057666666667,True,2
1788701547.701,1788701062.0,78.42874433333333,17.10205416666667,True,2
1788701547.902,1788701062.2,78.42874266666666,17.102051,True,2
1788701548.101,1788701062.4,78.42874083333332,17.102048333333336,True,2
1788701548.3,1788701062.6,78.428739,17.102045333333333,True,2
1788701548.499,1788701062.8,78.42873716666666,17.102042333333333,True,2
1788701548.7,1788701063.0,78.42873533333334,17.102038999999998,True,2
1788701548.902,1788701063.2,78.42873366666666,17.102035666666666,True,2
1788701549.101,1788701063.4,78.42873183333333,17.102032833333332,True,2
1788701549.302,1788701063.6,78.42873016666667,17.10203016666667,True,2
1788701549.501,1788701063.8,78.42872833333332,17.10202716666667,True,2
1788701549.699,1788701064.0,78.42872666666668,17.102023666666664,True,2
1788701549.901,1788701064.2,78.42872483333333,17.1020205,True,2
1788701550.099,1788701064.4,78.42872316666667,17.102017333333333,True,2
1788701550.3,1788701064.6,78.42872133333334,17.102015166666668,True,2
1788701550.499,1788701064.8,78.4287195,17.102013166666666,True,2
1788701550.699,1788701065.0,78.42871766666667,17.10201066666667,True,2
1788701550.899,1788701065.2,78.428716,17.102008166666668,True,2
1788701551.098,1788701065.4,78.42871416666667,17.102005833333333,True,2
1788701551.3,1788701065.6,78.42871233333334,17.102004333333333,True,2
1788701551.498,1788701065.8,78.42871066666666,17.10200366666667,True,2
1788701551.699,1788701066.0,78.42870866666667,17.102002666666667,True,2
1788701551.899,1788701066.2,78.428707,17.102000999999998,True,2
1788701552.099,1788701066.4,78.42870516666667,17.101999333333332,True,2
1788701552.301,1788701066.6,78.42870333333333,17.101998499999997,True,2
1788701552.499,1788701066.8,78.4287015,17.101998666666667,True,2
1788701552.7,1788701067.0,78.42869966666667,17.101998666666667,True,2
1788701552.899,1788701067.2,78.42869783333335,17.101997833333332,True,2
1788701553.1,1788701067.4,78.428696,17.101997166666667,True,2
1788701553.3,1788701067.6,78.42869433333334,17.1019975,True,2
1788701553.5,1788701067.8,78.4286925,17.101998833333333,True,2
1788701553.7,1788701068.0,78.42869066666667,17.101999499999998,True,2
1788701553.898,1788701068.2,78.428689,17.101999333333332,True,2
1788701554.1,1788701068.4,78.42868716666666,17.101999666666664,True,2
1788701554.3,1788701068.6,78.42868533333333,17.102000666666665,True,2
1788701554.501,1788701068.8,78.42868366666667,17.1020025,True,2
1788701554.701,1788701069.0,78.428682,17.102004833333336,True,2
1788701554.899,1788701069.2,78.42868033333333,17.102006666666668,True,2
1788701555.101,1788701069.4,78.42867849999999,17.102008166666668,True,2
1788701555.298,1788701069.6,78.42867666666666,17.102009833333334,True,2
1788701555.5,1788701069.8,78.42867500000001,17.10201216666667,True,2
1788701555.701,1788701070.0,78.4286735,17.1020155,True,2
1788701555.901,1788701070.2,78.42867183333333,17.102019,True,2
1788701556.099,1788701070.4,78.42867016666668,17.102021999999998,True,2
1788701556.299,1788701070.6,78.4286685,17.102024333333336,True,2
1788701556.5,1788701070.8,78.42866699999999,17.102027833333334,True,2
1788701556.698,1788701071.0,78.42866550000001,17.102031833333335,True,2
1788701556.901,1788701071.2,78.428664,17.1020355,True,2
1788701557.099,1788701071.4,78.42866233333332,17.102039166666668,True,2
1788701557.3,1788701071.6,78.42866066666667,17.102042833333332,True,2
1788701557.503,1788701071.8,78.42865916666666,17.10204716666667,True,2
1788701557.701,1788701072.0,78.42865766666667,17.102051333333335,True,2
1788701557.901,1788701072.2,78.42865616666667,17.1020555,True,2
1788701558.099,1788701072.4,78.42865466666667,17.102059666666666,True,2
1788701558.299,1788701072.6,78.428653,17.10206433333333,True,2
1788701558.499,1788701072.8,78.42865166666667,17.10206916666667,True,2
1788701558.701,1788701073.0,78.42865033333332,17.102074,True,2
1788701558.901,1788701073.2,78.42864866666667,17.102078833333334,True,2
1788701559.1,1788701073.4,78.42864716666666,17.102083333333333,True,2
1788701559.299,1788701073.6,78.42864566666667,17.10208833333333,True,2
1788701559.497,1788701073.8,78.42864433333334,17.10209366666667,True,2
1788701559.701,1788701074.0,78.428643,17.102099,True,2
1788701559.9,1788701074.2,78.4286415,17.102103833333334,True,2
1788701560.1,1788701074.4,78.42864,17.1021085,True,2
1788701560.303,1788701074.6,78.4286385,17.10211466666667,True,2
1788701560.501,1788701074.8,78.42863716666668,17.10212,True,2
1788701560.7,1788701075.0,78.42863583333333,17.102124833333335,True,2
1788701560.9,1788701075.2,78.4286345,17.102129166666668,True,2
1788701561.099,1788701075.4,78.42863333333334,17.10213483333333,True,2
1788701561.298,1788701075.6,78.42863216666666,17.102140666666667,True,2
1788701561.498,1788701075.8,78.42863116666668,17.102145833333335,True,2
1788701561.699,1788701076.0,78.42863000000001,17.102151666666668,True,2
1788701561.901,1788701076.2,78.42862866666665,17.102157666666667,True,2
1788701562.099,1788701076.4,78.42862749999999,17.102163833333336,True,2
1788701562.3,1788701076.6,78.42862650000001,17.1021695,True,2
1788701562.5,1788701076.8,78.42862533333333,17.102175166666665,True,2
1788701562.701,1788701077.0,78.42862416666667,17.10218166666667,True,2
1788701562.901,1788701077.2,78.428623,17.102188,True,2
1788701563.101,1788701077.4,78.42862199999999,17.102194166666667,True,2
1788701563.302,1788701077.6,78.42862083333333,17.102200666666665,True,2
1788701563.501,1788701077.8,78.42861966666666,17.102207,True,2
1788701563.699,1788701078.0,78.4286185,17.102213,True,2
1788701563.898,1788701078.2,78.4286175,17.102219833333333,True,2
1788701564.1,1788701078.4,78.4286165,17.10222633333333,True,2
1788701564.3,1788701078.6,78.42861516666667,17.102232666666666,True,2
1788701564.499,1788701078.8,78.428614,17.102239333333333,True,2
1788701564.699,1788701079.0,78.42861283333333,17.1022465,True,2
1788701564.898,1788701079.2,78.42861183333333,17.102253333333334,True,2
1788701565.1,1788701079.4,78.42861066666666,17.102259833333335,True,2
1788701565.301,1788701079.6,78.4286095,17.10226683333333,True,2
1788701565.502,1788701079.8,78.42860850000001,17.10227366666667,True,2
1788701565.7,1788701080.0,78.42860733333333,17.102281,True,2
1788701565.9,1788701080.2,78.42860633333333,17.102287999999998,True,2
1788701566.1,1788701080.4,78.42860516666666,17.102295,True,2
1788701566.299,1788701080.6,78.42860399999999,17.102302,True,2
1788701566.5,1788701080.8,78.42860283333333,17.102308833333332,True,2
1788701566.702,1788701081.0,78.42860166666667,17.102315833333332,True,2
1788701566.901,1788701081.2,78.42860033333334,17.1023225,True,2
1788701567.102,1788701081.4,78.42859916666666,17.1023295,True,2
1788701567.299,1788701081.6,78.428598,17.102336666666666,True,2
1788701567.499,1788701081.8,78.42859683333333,17.102343666666666,True,2
1788701567.697,1788701082.0,78.42859566666667,17.1023505,True,2
1788701567.899,1788701082.2,78.42859449999999,17.1023575,True,2
1788701568.1,1788701082.4,78.42859333333334,17.102364666666666,True,2
1788701568.299,1788701082.6,78.42859216666668,17.1023715,True,2
1788701568.499,1788701082.8,78.42859100000001,17.102378333333334,True,2
1788701568.7,1788701083.0,78.42858983333333,17.102385833333337,True,2
1788701568.899,1788701083.2,78.42858866666667,17.102392833333333,True,2
1788701569.097,1788701083.4,78.4285875,17.1024,True,2
1788701569.3,1788701083.6,78.42858616666668,17.10240716666667,True,2
1788701569.502,1788701083.8,78.42858516666666,17.102414333333336,True,2
1788701569.697,1788701084.0,78.42858383333333,17.102421666666665,True,2
1788701569.899,1788701084.2,78.42858266666667,17.102428333333332,True,2
1788701570.102,1788701084.4,78.4285815,17.102435500000002,True,2
1788701570.299,1788701084.6,78.42858033333333,17.102442333333332,True,2
1788701570.497,1788701084.8,78.42857933333333,17.10244983333333,True,2
1788701570.699,1788701085.0,78.42857816666667,17.10245666666667,True,2
1788701570.9,1788701085.2,78.42857683333334,17.102463666666665,True,2
1788701571.097,1788701085.4,78.42857566666666,17.10247083333333,True,2
1788701571.298,1788701085.6,78.4285745,17.102478333333334,True,2
1788701571.499,1788701085.8,78.42857333333333,17.102485166666668,True,2
1788701571.705,1788701086.0,78.428572,17.102492166666664,True,2
1788701571.899,1788701086.2,78.42857083333334,17.102499333333334,True,2
1788701572.098,1788701086.4,78.42856966666666,17.102506333333334,True,2
1788701572.298,1788701086.6,78.4285685,17.1025135,True,2
1788701572.497,1788701086.8,78.42856733333333,17.102520333333334,True,2
1788701572.7,1788701087.0,78.42856616666667,17.102527666666667,True,2
1788701572.9,1788701087.2,78.42856499999999,17.1025345,True,2
1788701573.098,1788701087.4,78.42856366666666,17.102541166666665,True,2
1788701573.296,1788701087.6,78.42856233333333,17.102548333333335,True,2
1788701573.496,1788701087.8,78.42856116666667,17.1025555,True,2
1788701573.699,1788701088.0,78.42856016666666,17.102562666666664,True,2
1788701573.899,1788701088.2,78.42855883333333,17.10257,True,2
1788701574.099,1788701088.4,78.42855766666666,17.102577166666666,True,2
1788701574.3,1788701088.6,78.42855633333333,17.102584333333333,True,2
1788701574.5,1788701088.8,78.428555,17.102591500000003,True,2
1788701574.7,1788701089.0,78.428554,17.10259883333333,True,2
1788701574.901,1788701089.2,78.42855283333333,17.102606166666664,True,2
1788701575.102,1788701089.4,78.42855166666666,17.102613666666667,True,2
1788701575.3,1788701089.6,78.42855033333333,17.1026205,True,2
1788701575.501,1788701089.8,78.428549,17.102627666666667,True,2
1788701575.699,1788701090.0,78.42854783333334,17.102635000000003,True,2
1788701575.899,1788701090.2,78.42854683333333,17.102642333333332,True,2
1788701576.1,1788701090.4,78.4285455,17.10264983333333,True,2
1788701576.304,1788701090.6,78.42854433333333,17.102657,True,2
1788701576.5,1788701090.8,78.42854316666667,17.102664166666667,True,2
1788701576.7,1788701091.0,78.42854183333334,17.102671833333332,True,2
1788701576.898,1788701091.2,78.42854083333333,17.102679166666668,True,2
1788701577.1,1788701091.4,78.4285395,17.1026865,True,2
1788701577.298,1788701091.6,78.42853833333334,17.102693666666667,True,2
1788701577.5,1788701091.8,78.428537,17.10270116666667,True,2
1788701577.7,1788701092.0,78.428536,17.102708166666666,True,2
1788701577.898,1788701092.2,78.42853483333333,17.10271583333333,True,2
1788701578.099,1788701092.4,78.4285335,17.102723,True,2
1788701578.299,1788701092.6,78.42853233333334,17.10273,True,2
1788701578.501,1788701092.8,78.42853116666667,17.102736666666665,True,2
1788701578.7,1788701093.0,78.42853,17.102744166666664,True,2
1788701578.9,1788701093.2,78.42852883333333,17.1027515,True,2
1788701579.1,1788701093.4,78.4285275,17.102758333333334,True,2
1788701579.3,1788701093.6,78.42852616666667,17.102765666666667,True,2
1788701579.501,1788701093.8,78.42852500000001,17.102773333333335,True,2
1788701579.7,1788701094.0,78.42852383333334,17.102780666666668,True,2
1788701579.901,1788701094.2,78.42852266666667,17.102787499999998,True,2
1788701580.097,1788701094.4,78.42852133333334,17.102794666666668,True,2
1788701580.307,1788701094.6,78.42852016666667,17.102801666666668,True,2
1788701580.5,1788701094.8,78.42851900000001,17.102808999999997,True,2
1788701580.701,1788701095.0,78.42851783333334,17.102815666666668,True,2
1788701580.899,1788701095.2,78.42851649999999,17.10282266666667,True,2
1788701581.097,1788701095.4,78.42851533333334,17.102829666666665,True,2
1788701581.297,1788701095.6,78.42851416666667,17.10283666666667,True,2
1788701581.498,1788701095.8,78.42851300000001,17.102843833333335,True,2
1788701581.7,1788701096.0,78.42851166666667,17.10285083333333,True,2
1788701581.898,1788701096.2,78.42851033333334,17.102858333333334,True,2
1788701582.102,1788701096.4,78.42850933333334,17.1028655,True,2
1788701582.3,1788701096.6,78.428508,17.1028725,True,2
1788701582.501,1788701096.8,78.42850683333333,17.102879499999997,True,2
1788701582.701,1788701097.0,78.42850566666667,17.102886833333333,True,2
1788701582.899,1788701097.2,78.42850433333334,17.102893833333333,True,2
1788701583.101,1788701097.4,78.42850316666666,17.102900833333333,True,2
1788701583.3,1788701097.6,78.428502,17.102907833333333,True,2
1788701583.5,1788701097.8,78.42850066666666,17.102915166666666,True,2
1788701583.701,1788701098.0,78.4284995,17.102922333333332,True,2
1788701583.901,1788701098.2,78.42849833333334,17.102928833333333,True,2
1788701584.1,1788701098.4,78.42849700000001,17.102935333333335,True,2
1788701584.3,1788701098.6,78.42849583333333,17.102942666666667,True,2
1788701584.499,1788701098.8,78.42849466666667,17.102949833333334,True,2
1788701584.7,1788701099.0,78.4284935,17.102957,True,2
1788701584.902,1788701099.2,78.42849216666667,17.10296333333333,True,2
1788701585.101,1788701099.4,78.42849083333334,17.102970333333335,True,2
1788701585.302,1788701099.6,78.42848966666666,17.102977,True,2
1788701585.501,1788701099.8,78.42848833333333,17.102983833333333,True,2
1788701585.699,1788701100.0,78.42848733333334,17.102990833333333,True,2
1788701585.899,1788701100.2,78.428486,17.102997333333334,True,2
1788701586.099,1788701100.4,78.42848483333334,17.103003666666666,True,2
1788701586.3,1788701100.6,78.4284835,17.103010333333334,True,2
1788701586.5,1788701100.8,78.42848233333333,17.103017166666667,True,2
1788701586.699,1788701101.0,78.42848099999999,17.103024,True,2
1788701586.898,1788701101.2,78.42847983333333,17.103030333333333,True,2
1788701587.096,1788701101.4,78.4284785,17.103037166666663,True,2
1788701587.299,1788701101.6,78.42847716666667,17.1030445,True,2
1788701587.5,1788701101.8,78.428476,17.103050833333334,True,2
1788701587.701,1788701102.0,78.42847466666667,17.103057333333332,True,2
1788701587.899,1788701102.2,78.42847350000001,17.1030635,True,2
1788701588.1,1788701102.4,78.42847233333333,17.103071,True,2
1788701588.3,1788701102.6,78.428471,17.103077499999998,True,2
1788701588.5,1788701102.8,78.42846983333334,17.103083833333336,True,2
1788701588.701,1788701103.0,78.4284685,17.103090666666667,True,2
1788701588.9,1788701103.2,78.42846733333334,17.103097333333334,True,2
1788701589.1,1788701103.4,78.42846616666667,17.103104499999997,True,2
1788701589.3,1788701103.6,78.42846483333332,17.103110833333336,True,2
1788701589.5,1788701103.8,78.42846349999999,17.103117666666666,True,2
1788701589.697,1788701104.0,78.42846233333333,17.103124166666664,True,2
1788701589.901,1788701104.2,78.42846116666666,17.103131166666667,True,2
1788701590.101,1788701104.4,78.42846,17.103138333333334,True,2
1788701590.3,1788701104.6,78.42845866666667,17.103145166666664,True,2
1788701590.502,1788701104.8,78.42845733333334,17.103152,True,2
1788701590.702,1788701105.0,78.42845616666666,17.103159166666668,True,2
1788701590.899,1788701105.2,78.428455,17.103165833333332,True,2
1788701591.099,1788701105.4,78.42845383333334,17.103172833333335,True,2
1788701591.298,1788701105.6,78.42845266666667,17.103179666666666,True,2
1788701591.497,1788701105.8,78.4284515,17.103186666666666,True,2
1788701591.698,1788701106.0,78.42845016666666,17.103193166666664,True,2
1788701591.9,1788701106.2,78.42844916666667,17.103200333333334,True,2
1788701592.1,1788701106.4,78.42844783333334,17.103207333333334,True,2
1788701592.315,1788701106.6,78.42844666666666,17.103214333333334,True,2
1788701592.499,1788701106.8,78.42844533333333,17.10322066666667,True,2
1788701592.702,1788701107.0,78.42844416666667,17.103228333333334,True,2
1788701592.9,1788701107.2,78.42844316666667,17.103235166666664,True,2
1788701593.1,1788701107.4,78.42844183333334,17.103241833333335,True,2
1788701593.302,1788701107.6,78.42844050000001,17.103248833333335,True,2
1788701593.501,1788701107.8,78.42843933333333,17.103255666666666,True,2
1788701593.702,1788701108.0,78.42843833333333,17.103263000000002,True,2
1788701593.898,1788701108.2,78.428437,17.103269833333332,True,2
1788701594.1,1788701108.4,78.42843566666667,17.103276666666666,True,2
1788701594.299,1788701108.6,78.42843450000001,17.10328333333333,True,2
1788701594.5,1788701108.8,78.42843316666668,17.103290166666667,True,2
1788701594.7,1788701109.0,78.428432,17.103297333333334,True,2
1788701594.9,1788701109.2,78.42843083333334,17.103304166666664,True,2
1788701595.1,1788701109.4,78.4284295,17.10331066666667,True,2
1788701595.298,1788701109.6,78.42842833333334,17.103318,True,2
1788701595.5,1788701109.8,78.42842716666668,17.103324666666666,True,2
1788701595.701,1788701110.0,78.428426,17.10333166666667,True,2
1788701595.901,1788701110.2,78.42842466666666,17.103339166666668,True,2
1788701596.101,1788701110.4,78.4284235,17.103346166666665,True,2
1788701596.301,1788701110.6,78.42842233333334,17.10335316666667,True,2
1788701596.501,1788701110.8,78.42842116666667,17.10336016666667,True,2
1788701596.696,1788701111.0,78.42842,17.103367,True,2
1788701596.9,1788701111.2,78.42841883333334,17.103374166666665,True,2
1788701597.098,1788701111.4,78.4284175,17.103380833333333,True,2
1788701597.3,1788701111.6,78.42841633333335,17.103387833333333,True,2
1788701597.497,1788701111.8,78.42841516666667,17.103395,True,2
1788701597.699,1788701112.0,78.428414,17.103401833333333,True,2
1788701597.899,1788701112.2,78.42841266666666,17.103408833333333,True,2
1788701598.098,1788701112.4,78.4284115,17.1034155,True,2
1788701598.301,1788701112.6,78.42841016666667,17.1034225,True,2
1788701598.5,1788701112.8,78.428409,17.103429666666667,True,2
1788701598.7,1788701113.0,78.42840766666667,17.1034365,True,2
1788701598.9,1788701113.2,78.4284065,17.103443333333335,True,2
1788701599.099,1788701113.4,78.42840516666666,17.1034505,True,2
1788701599.302,1788701113.6,78.428404,17.10345733333333,True,2
1788701599.5,1788701113.8,78.42840266666667,17.103464166666665,True,2
1788701599.701,1788701114.0,78.4284015,17.10347116666667,True,2
1788701599.9,1788701114.2,78.42840033333333,17.103478,True,2
1788701600.099,1788701114.4,78.42839916666667,17.1034845,True,2
1788701600.298,1788701114.6,78.428398,17.103492000000003,True,2
1788701600.499,1788701114.8,78.42839699999999,17.103498833333333,True,2
1788701600.699,1788701115.0,78.42839566666666,17.103505833333333,True,2
1788701600.899,1788701115.2,78.4283945,17.103512666666667,True,2
1788701601.097,1788701115.4,78.42839333333333,17.103519666666667,True,2
1788701601.298,1788701115.6,78.42839216666667,17.103526499999997,True,2
1788701601.5,1788701115.8,78.42839099999999,17.1035335,True,2
1788701601.698,1788701116.0,78.42838966666666,17.1035405,True,2
1788701601.898,1788701116.2,78.4283885,17.103547166666665,True,2
1788701602.098,1788701116.4,78.42838716666667,17.10355433333333,True,2
1788701602.3,1788701116.6,78.42838616666667,17.103561333333335,True,2
1788701602.498,1788701116.8,78.42838483333334,17.103568666666668,True,2
1788701602.7,1788701117.0,78.42838350000001,17.103574499999997,True,2
1788701602.9,1788701117.2,78.42838216666668,17.103581833333333,True,2
1788701603.1,1788701117.4,78.42838116666667,17.103588666666667,True,2
1788701603.301,1788701117.6,78.42837966666666,17.103595499999997,True,2
1788701603.498,1788701117.8,78.4283785,17.103602000000002,True,2
1788701603.698,1788701118.0,78.42837733333334,17.10360916666667,True,2
1788701603.9,1788701118.2,78.428376,17.103616,True,2
1788701604.102,1788701118.4,78.42837483333332,17.103622833333336,True,2
1788701604.302,1788701118.6,78.42837366666666,17.1036295,True,2
1788701604.501,1788701118.8,78.42837233333333,17.103636166666668,True,2
1788701604.699,1788701119.0,78.42837116666666,17.103643166666664,True,2
1788701604.9,1788701119.2,78.42837,17.103650000000002,True,2
1788701605.101,1788701119.4,78.42836883333332,17.103657,True,2
1788701605.3,1788701119.6,78.42836766666666,17.103663833333332,True,2
1788701605.5,1788701119.8,78.4283665,17.103670833333336,True,2
1788701605.7,1788701120.0,78.42836516666667,17.10367816666667,True,2
1788701605.9,1788701120.2,78.42836416666667,17.103685166666665,True,2
1788701606.1,1788701120.4,78.42836283333332,17.103692000000002,True,2
1788701606.299,1788701120.6,78.4283615,17.103698833333333,True,2
1788701606.501,1788701120.8,78.42836033333333,17.103705666666666,True,2
1788701606.701,1788701121.0,78.42835916666667,17.103713000000003,True,2
1788701606.897,1788701121.2,78.42835799999999,17.1037195,True,2
1788701607.098,1788701121.4,78.42835666666666,17.103726333333334,True,2
1788701607.301,1788701121.6,78.42835533333333,17.103733166666665,True,2
1788701607.5,1788701121.8,78.42835416666667,17.103740166666668,True,2
1788701607.697,1788701122.0,78.42835283333334,17.103746833333332,True,2
1788701607.899,1788701122.2,78.42835166666667,17.103753666666666,True,2
1788701608.1,1788701122.4,78.42835033333334,17.10376116666667,True,2
1788701608.3,1788701122.6,78.42834916666668,17.103767333333334,True,2
1788701608.501,1788701122.8,78.42834783333333,17.103774666666666,True,2
1788701608.703,1788701123.0,78.42834666666666,17.1037815,True,2
1788701608.9,1788701123.2,78.42834533333333,17.103788166666668,True,2
1788701609.098,1788701123.4,78.42834416666666,17.103794666666666,True,2
1788701609.301,1788701123.6,78.42834283333333,17.103801999999998,True,2
1788701609.501,1788701123.8,78.42834166666667,17.103808833333336,True,2
1788701609.701,1788701124.0,78.42834033333334,17.103815666666666,True,2
1788701609.9,1788701124.2,78.42833900000001,17.103822166666664,True,2
1788701610.099,1788701124.4,78.42833783333334,17.103829,True,2
1788701610.3,1788701124.6,78.42833666666667,17.103836166666667,True,2
1788701610.499,1788701124.8,78.42833533333334,17.10384283333333,True,2
1788701610.702,1788701125.0,78.42833416666667,17.103849500000003,True,2
1788701610.9,1788701125.2,78.42833283333333,17.103856833333335,True,2
1788701611.101,1788701125.4,78.4283315,17.103863166666667,True,2
1788701611.297,1788701125.6,78.42833033333334,17.103869666666665,True,2
1788701611.498,1788701125.8,78.428329,17.103876333333336,True,2
1788701611.698,1788701126.0,78.42832783333333,17.1038835,True,2
1788701611.901,1788701126.2,78.4283265,17.10389,True,2
1788701612.099,1788701126.4,78.42832516666667,17.103896666666667,True,2
1788701612.299,1788701126.6,78.428324,17.103903833333334,True,2
1788701612.5,1788701126.8,78.42832266666666,17.103910499999998,True,2
1788701612.701,1788701127.0,78.4283215,17.103917333333335,True,2
1788701612.901,1788701127.2,78.42832016666667,17.103924333333335,True,2
1788701613.1,1788701127.4,78.428319,17.103931,True,2
1788701613.301,1788701127.6,78.42831766666667,17.10393816666667,True,2
1788701613.5,1788701127.8,78.4283165,17.103945333333336,True,2
1788701613.7,1788701128.0,78.42831516666666,17.103952166666666,True,2
1788701613.9,1788701128.2,78.42831383333333,17.103959,True,2
1788701614.099,1788701128.4,78.42831266666667,17.103965833333334,True,2
1788701614.3,1788701128.6,78.42831133333334,17.1039725,True,2
1788701614.5,1788701128.8,78.42831,17.10397933333333,True,2
1788701614.698,1788701129.0,78.42830883333333,17.103985833333336,True,2
1788701614.9,1788701129.2,78.42830766666665,17.103993166666665,True,2
1788701615.101,1788701129.4,78.42830633333332,17.104,True,2
1788701615.301,1788701129.6,78.42830516666666,17.104006833333337,True,2
1788701615.502,1788701129.8,78.42830383333333,17.104013166666668,True,2
1788701615.701,1788701130.0,78.42830266666667,17.104020333333334,True,2
1788701615.901,1788701130.2,78.4283015,17.104027166666665,True,2
1788701616.098,1788701130.4,78.42830016666667,17.104033833333336,True,2
1788701616.299,1788701130.6,78.42829883333334,17.1040405,True,2
1788701616.501,1788701130.8,78.42829766666667,17.1040475,True,2
1788701616.699,1788701131.0,78.4282965,17.1040545,True,2
1788701616.9,1788701131.2,78.42829516666667,17.10406083333333,True,2
1788701617.097,1788701131.4,78.42829383333333,17.104067666666666,True,2
1788701617.297,1788701131.6,78.4282925,17.10407466666667,True,2
1788701617.499,1788701131.8,78.42829133333333,17.1040815,True,2
1788701617.699,1788701132.0,78.42829016666666,17.104088333333333,True,2
1788701617.9,1788701132.2,78.42828883333333,17.104095166666664,True,2
1788701618.1,1788701132.4,78.42828766666666,17.104102166666667,True,2
1788701618.301,1788701132.6,78.42828633333333,17.104109,True,2
1788701618.502,1788701132.8,78.42828516666667,17.104115999999998,True,2
1788701618.7,1788701133.0,78.42828366666666,17.104122833333335,True,2
1788701618.901,1788701133.2,78.4282825,17.104129166666667,True,2
1788701619.099,1788701133.4,78.42828133333335,17.104136333333333,True,2
1788701619.3,1788701133.6,78.42828016666667,17.10414366666667,True,2
1788701619.499,1788701133.8,78.42827866666667,17.104150166666667,True,2
1788701619.699,1788701134.0,78.4282775,17.10415683333333,True,2
1788701619.9,1788701134.2,78.42827633333333,17.104163833333335,True,2
1788701620.098,1788701134.4,78.42827516666667,17.104170833333335,True,2
1788701620.301,1788701134.6,78.428274,17.104178166666667,True,2
1788701620.501,1788701134.8,78.42827266666667,17.104184666666665,True,2
1788701620.702,1788701135.0,78.4282715,17.104191500000002,True,2
1788701620.901,1788701135.2,78.42827016666666,17.104198333333333,True,2
1788701621.101,1788701135.4,78.428269,17.1042055,True,2
1788701621.301,1788701135.6,78.42826783333334,17.104212,True,2
1788701621.498,1788701135.8,78.4282665,17.104218666666668,True,2
1788701621.697,1788701136.0,78.42826533333333,17.10422583333333,True,2
1788701621.899,1788701136.2,78.42826416666666,17.104232666666668,True,2
1788701622.1,1788701136.4,78.42826283333333,17.104239500000002,True,2
1788701622.3,1788701136.6,78.42826166666667,17.104246333333332,True,2
1788701622.501,1788701136.8,78.42826033333334,17.10425316666667,True,2
1788701622.701,1788701137.0,78.42825916666668,17.104260333333333,True,2
1788701622.897,1788701137.2,78.42825783333333,17.104267666666665,True,2
1788701623.101,1788701137.4,78.42825666666666,17.10427483333333,True,2
1788701623.302,1788701137.6,78.42825533333333,17.104281833333335,True,2
1788701623.502,1788701137.8,78.42825416666666,17.104288666666665,True,2
1788701623.702,1788701138.0,78.42825283333333,17.10429583333333,True,2
1788701623.905,1788701138.2,78.42825166666667,17.104302833333335,True,2
1788701624.102,1788701138.4,78.42825033333334,17.104309666666666,True,2
1788701624.3,1788701138.6,78.42824900000001,17.104315999999997,True,2
1788701624.501,1788701138.8,78.42824783333334,17.104323333333333,True,2
1788701624.7,1788701139.0,78.42824666666667,17.104330333333333,True,2
1788701624.899,1788701139.2,78.42824533333334,17.104337166666667,True,2
1788701625.099,1788701139.4,78.42824399999999,17.104344,True,2
1788701625.3,1788701139.6,78.42824283333333,17.104351166666667,True,2
1788701625.501,1788701139.8,78.42824166666666,17.104357999999998,True,2
1788701625.698,1788701140.0,78.42824049999999,17.104365166666664,True,2
1788701625.901,1788701140.2,78.42823916666666,17.104372166666668,True,2
1788701626.099,1788701140.4,78.42823783333333,17.104379333333334,True,2
1788701626.299,1788701140.6,78.42823666666666,17.104386666666667,True,2
1788701626.5,1788701140.8,78.4282355,17.104394,True,2
1788701626.702,1788701141.0,78.42823433333334,17.104401166666666,True,2
1788701626.901,1788701141.2,78.42823316666666,17.104408166666666,True,2
1788701627.1,1788701141.4,78.42823183333333,17.104415333333336,True,2
1788701627.299,1788701141.6,78.42823066666666,17.1044225,True,2
1788701627.497,1788701141.8,78.4282295,17.104429666666665,True,2
1788701627.698,1788701142.0,78.42822816666667,17.10443666666667,True,2
1788701627.897,1788701142.2,78.428227,17.104443833333335,True,2
1788701628.098,1788701142.4,78.42822583333333,17.10445083333333,True,2
1788701628.298,1788701142.6,78.4282245,17.104458166666667,True,2
1788701628.497,1788701142.8,78.42822316666667,17.1044655,True,2
1788701628.702,1788701143.0,78.428222,17.1044725,True,2
1788701628.901,1788701143.2,78.42822066666666,17.1044795,True,2
1788701629.1,1788701143.4,78.4282195,17.104487,True,2
1788701629.301,1788701143.6,78.42821816666667,17.104493833333333,True,2
1788701629.5,1788701143.8,78.42821699999999,17.10450116666667,True,2
1788701629.7,1788701144.0,78.42821566666666,17.104508,True,2
1788701629.9,1788701144.2,78.4282145,17.104514833333333,True,2
1788701630.099,1788701144.4,78.42821316666667,17.104522166666666,True,2
1788701630.3,1788701144.6,78.42821183333334,17.10452916666667,True,2
1788701630.498,1788701144.8,78.42821066666667,17.104536,True,2
1788701630.699,1788701145.0,78.42820933333334,17.104542833333333,True,2
1788701630.901,1788701145.2,78.42820816666668,17.10455,True,2
1788701631.099,1788701145.4,78.428207,17.104557166666666,True,2
1788701631.3,1788701145.6,78.42820566666666,17.104563833333334,True,2
1788701631.505,1788701145.8,78.42820433333333,17.104570833333334,True,2
1788701631.698,1788701146.0,78.42820316666666,17.104577333333335,True,2
1788701631.899,1788701146.2,78.42820183333333,17.104584499999998,True,2
1788701632.1,1788701146.4,78.4282005,17.10459116666667,True,2
1788701632.299,1788701146.6,78.42819916666667,17.104598,True,2
1788701632.498,1788701146.8,78.42819800000001,17.1046045,True,2
1788701632.699,1788701147.0,78.42819683333333,17.104611666666663,True,2
1788701632.9,1788701147.2,78.42819549999999,17.10461816666667,True,2
1788701633.1,1788701147.4,78.42819416666666,17.104624666666666,True,2
1788701633.3,1788701147.6,78.42819266666667,17.104631333333334,True,2
1788701633.502,1788701147.8,78.4281915,17.104638333333334,True,2
1788701633.701,1788701148.0,78.42819033333333,17.104645666666666,True,2
1788701633.899,1788701148.2,78.42818916666667,17.104651999999998,True,2
1788701634.1,1788701148.4,78.42818766666666,17.104658333333337,True,2
1788701634.3,1788701148.6,78.4281865,17.104665,True,2
1788701634.502,1788701148.8,78.42818533333335,17.104672166666667,True,2
1788701634.701,1788701149.0,78.42818416666667,17.1046795,True,2
1788701634.901,1788701149.2,78.42818266666667,17.1046865,True,2
1788701635.1,1788701149.4,78.42818133333334,17.104692333333332,True,2
1788701635.299,1788701149.6,78.42818000000001,17.104699666666665,True,2
1788701635.5,1788701149.8,78.42817883333333,17.104706833333335,True,2
1788701635.701,1788701150.0,78.42817733333332,17.104713666666665,True,2
1788701635.901,1788701150.2,78.428176,17.104720333333333,True,2
1788701636.101,1788701150.4,78.42817483333333,17.104727500000003,True,2
1788701636.302,1788701150.6,78.4281735,17.1047345,True,2
1788701636.501,1788701150.8,78.42817233333334,17.104741333333333,True,2
1788701636.699,1788701151.0,78.428171,17.104748166666663,True,2
1788701636.902,1788701151.2,78.42816966666666,17.1047555,True,2
1788701637.102,1788701151.4,78.4281685,17.104762166666667,True,2
1788701637.302,1788701151.6,78.42816716666667,17.104768999999997,True,2
1788701637.499,1788701151.8,78.42816599999999,17.104775833333335,True,2
1788701637.699,1788701152.0,78.42816466666666,17.104783,True,2
1788701637.899,1788701152.2,78.42816333333333,17.104789666666665,True,2
1788701638.097,1788701152.4,78.428162,17.10479666666667,True,2
1788701638.299,1788701152.6,78.42816083333334,17.1048035,True,2
1788701638.501,1788701152.8,78.42815949999999,17.1048105,True,2
1788701638.701,1788701153.0,78.42815816666666,17.104817,True,2
1788701638.901,1788701153.2,78.428157,17.104824333333333,True,2
1788701639.102,1788701153.4,78.42815583333332,17.104831,True,2
1788701639.302,1788701153.6,78.42815449999999,17.104837999999997,True,2
1788701639.5,1788701153.8,78.42815333333333,17.104845,True,2
1788701639.704,1788701154.0,78.42815216666666,17.104852333333334,True,2
1788701639.902,1788701154.2,78.42815116666667,17.10485933333333,True,2
1788701640.101,1788701154.4,78.42814966666667,17.104865833333335,True,2
1788701640.303,1788701154.6,78.42814849999999,17.104872666666665,True,2
1788701640.502,1788701154.8,78.42814733333333,17.1048795,True,2
1788701640.703,1788701155.0,78.428146,17.10488666666667,True,2
1788701640.902,1788701155.2,78.42814483333333,17.104893,True,2
1788701641.101,1788701155.4,78.4281435,17.10489983333333,True,2
1788701641.301,1788701155.6,78.42814216666667,17.104907,True,2
1788701641.501,1788701155.8,78.42814100000001,17.104914,True,2
1788701641.705,1788701156.0,78.42813966666667,17.1049205,True,2
1788701641.9,1788701156.2,78.42813833333334,17.1049275,True,2
1788701642.099,1788701156.4,78.428137,17.104934166666666,True,2
1788701642.298,1788701156.6,78.42813566666668,17.104941,True,2
1788701642.499,1788701156.8,78.4281345,17.104947666666664,True,2
1788701642.7,1788701157.0,78.42813333333334,17.104954666666668,True,2
1788701642.899,1788701157.2,78.428132,17.1049615,True,2
1788701643.103,1788701157.4,78.42813066666666,17.104968666666664,True,2
1788701643.302,1788701157.6,78.4281295,17.104975500000002,True,2
1788701643.501,1788701157.8,78.42812833333333,17.104982500000002,True,2
1788701643.702,1788701158.0,78.42812699999999,17.104989166666666,True,2
1788701643.9,1788701158.2,78.42812583333333,17.10499583333333,True,2
1788701644.102,1788701158.4,78.4281245,17.105002666666667,True,2
1788701644.302,1788701158.6,78.42812333333333,17.105009833333334,True,2
1788701644.5,1788701158.8,78.42812216666667,17.10501683333333,True,2
1788701644.699,1788701159.0,78.42812083333334,17.1050235,True,2
1788701644.899,1788701159.2,78.42811966666666,17.1050305,True,2
1788701645.1,1788701159.4,78.4281185,17.105038,True,2
1788701645.301,1788701159.6,78.42811716666667,17.105044833333334,True,2
1788701645.501,1788701159.8,78.42811583333334,17.105052166666667,True,2
1788701645.701,1788701160.0,78.42811466666667,17.105058666666665,True,2
1788701645.903,1788701160.2,78.42811350000001,17.105065833333335,True,2
1788701646.103,1788701160.4,78.42811233333333,17.105073166666667,True,2
1788701646.301,1788701160.6,78.428111,17.105080166666667,True,2
1788701646.5,1788701160.8,78.42810966666666,17.105087166666667,True,2
1788701646.7,1788701161.0,78.42810850000001,17.105093833333335,True,2
1788701646.9,1788701161.2,78.42810716666666,17.105101666666666,True,2
1788701647.102,1788701161.4,78.428106,17.10510866666667,True,2
1788701647.3,1788701161.6,78.42810466666667,17.105115166666668,True,2
1788701647.501,1788701161.8,78.42810333333334,17.1051215,True,2
1788701647.699,1788701162.0,78.42810233333333,17.105129166666664,True,2
1788701647.9,1788701162.2,78.428101,17.105136333333334,True,2
1788701648.099,1788701162.4,78.42809983333333,17.105142833333332,True,2
1788701648.301,1788701162.6,78.4280985,17.105149833333332,True,2
1788701648.501,1788701162.8,78.42809733333334,17.105157166666668,True,2
1788701648.701,1788701163.0,78.42809616666666,17.105164333333335,True,2
1788701648.899,1788701163.2,78.42809483333333,17.105170833333332,True,2
1788701649.098,1788701163.4,78.4280935,17.105178000000002,True,2
1788701649.3,1788701163.6,78.42809233333334,17.105184666666666,True,2
1788701649.499,1788701163.8,78.428091,17.105191833333333,True,2
1788701649.702,1788701164.0,78.42808966666666,17.105198833333336,True,2
1788701649.901,1788701164.2,78.42808833333333,17.105205166666668,True,2
1788701650.101,1788701164.4,78.428087,17.1052125,True,2
1788701650.3,1788701164.6,78.42808583333334,17.105219833333333,True,2
1788701650.5,1788701164.8,78.42808450000001,17.105226666666667,True,2
1788701650.704,1788701165.0,78.42808316666667,17.1052335,True,2
1788701650.902,1788701165.2,78.42808183333334,17.10524033333333,True,2
1788701651.104,1788701165.4,78.42808066666666,17.105247333333335,True,2
1788701651.302,1788701165.6,78.42807933333333,17.105253833333332,True,2
1788701651.504,1788701165.8,78.428078,17.105260666666666,True,2
1788701651.702,1788701166.0,78.42807683333334,17.105267833333336,True,2
1788701651.901,1788701166.2,78.4280755,17.105274833333333,True,2
1788701652.1,1788701166.4,78.42807433333334,17.105281833333333,True,2
1788701652.3,1788701166.6,78.428073,17.105288499999997,True,2
1788701652.499,1788701166.8,78.42807166666667,17.1052955,True,2
1788701652.699,1788701167.0,78.4280705,17.105302666666667,True,2
1788701652.901,1788701167.2,78.42806916666667,17.105309499999997,True,2
1788701653.1,1788701167.4,78.42806783333334,17.105316333333334,True,2
1788701653.3,1788701167.6,78.42806666666667,17.105323333333335,True,2
1788701653.5,1788701167.8,78.4280655,17.105329833333332,True,2
1788701653.702,1788701168.0,78.42806433333334,17.10533666666667,True,2
1788701653.901,1788701168.2,78.42806300000001,17.105344,True,2
1788701654.103,1788701168.4,78.42806166666666,17.1053505,True,2
1788701654.302,1788701168.6,78.42806033333333,17.105357666666666,True,2
1788701654.502,1788701168.8,78.42805916666666,17.105364666666667,True,2
1788701654.734,1788701169.0,78.428058,17.105371833333333,True,2
1788701654.9,1788701169.2,78.4280565,17.10537833333333,True,2
1788701655.101,1788701169.4,78.42805516666667,17.105385166666668,True,2
1788701655.301,1788701169.6,78.428054,17.105391833333332,True,2
1788701655.5,1788701169.8,78.42805283333334,17.105398833333332,True,2
1788701655.699,1788701170.0,78.42805150000001,17.105406000000002,True,2
1788701655.9,1788701170.2,78.42805016666667,17.105412833333332,True,2
1788701656.098,1788701170.4,78.42804883333334,17.1054195,True,2
1788701656.301,1788701170.6,78.42804766666667,17.105426666666666,True,2
1788701656.501,1788701170.8,78.4280465,17.105433666666666,True,2
1788701656.702,1788701171.0,78.42804516666666,17.105440666666667,True,2
1788701656.901,1788701171.2,78.428044,17.105447333333334,True,2
1788701657.102,1788701171.4,78.42804266666667,17.105454666666667,True,2
1788701657.303,1788701171.6,78.42804133333334,17.105461666666667,True,2
1788701657.502,1788701171.8,78.42804016666668,17.105468499999997,True,2
1788701657.699,1788701172.0,78.42803883333333,17.1054755,True,2
1788701657.897,1788701172.2,78.42803766666665,17.105482333333335,True,2
1788701658.099,1788701172.4,78.4280365,17.105489499999997,True,2
1788701658.299,1788701172.6,78.42803533333334,17.105496666666667,True,2
1788701658.498,1788701172.8,78.428034,17.105503833333334,True,2
1788701658.699,1788701173.0,78.42803266666667,17.105511,True,2
1788701658.9,1788701173.2,78.4280315,17.105518500000002,True,2
1788701659.101,1788701173.4,78.42803016666667,17.105525833333335,True,2
1788701659.3,1788701173.6,78.428029,17.105533166666664,True,2
1788701659.502,1788701173.8,78.42802783333333,17.105540333333334,True,2
1788701659.701,1788701174.0,78.4280265,17.1055475,True,2
1788701659.901,1788701174.2,78.42802533333334,17.1055545,True,2
1788701660.1,1788701174.4,78.42802416666667,17.10556216666667,True,2
1788701660.302,1788701174.6,78.428023,17.105568666666667,True,2
1788701660.501,1788701174.8,78.42802166666667,17.105576,True,2
1788701660.703,1788701175.0,78.42802033333334,17.105582833333337,True,2
1788701660.901,1788701175.2,78.42801916666667,17.1055895,True,2
1788701661.1,1788701175.4,78.42801800000001,17.105597166666666,True,2
1788701661.301,1788701175.6,78.42801666666666,17.105604000000003,True,2
1788701661.498,1788701175.8,78.42801533333333,17.105611,True,2
1788701661.702,1788701176.0,78.428014,17.105618,True,2
1788701661.905,1788701176.2,78.42801283333333,17.105625,True,2
1788701662.1,1788701176.4,78.4280115,17.105632,True,2
1788701662.3,1788701176.6,78.42801016666667,17.105639166666666,True,2
1788701662.5,1788701176.8,78.428009,17.1056465,True,2
1788701662.701,1788701177.0,78.42800766666666,17.105653500000003,True,2
1788701662.898,1788701177.2,78.42800650000001,17.1056605,True,2
1788701663.1,1788701177.4,78.42800533333335,17.105667666666665,True,2
1788701663.3,1788701177.6,78.428004,17.105674500000003,True,2
1788701663.5,1788701177.8,78.42800283333332,17.105681,True,2
1788701663.701,1788701178.0,78.4280015,17.1056885,True,2
1788701663.902,1788701178.2,78.42800033333333,17.105696000000002,True,2
1788701664.1,1788701178.4,78.427999,17.105702666666666,True,2
1788701664.298,1788701178.6,78.42799783333334,17.105709833333332,True,2
1788701664.5,1788701178.8,78.42799666666666,17.10571666666667,True,2
1788701664.703,1788701179.0,78.42799533333333,17.1057235,True,2
1788701664.903,1788701179.2,78.42799416666666,17.105730666666666,True,2
1788701665.103,1788701179.4,78.42799283333333,17.105737833333333,True,2
1788701665.302,1788701179.6,78.4279915,17.105744666666666,True,2
1788701665.502,1788701179.8,78.42799016666666,17.105751666666666,True,2
1788701665.7,1788701180.0,78.42798883333333,17.105759,True,2
1788701665.902,1788701180.2,78.42798766666667,17.1057655,True,2
1788701666.103,1788701180.4,78.42798633333334,17.105772,True,2
1788701666.3,1788701180.6,78.427985,17.105779166666665,True,2
1788701666.501,1788701180.8,78.42798366666666,17.105785833333336,True,2
1788701666.701,1788701181.0,78.42798233333333,17.1057925,True,2
1788701666.9,1788701181.2,78.42798116666667,17.1057995,True,2
1788701667.1,1788701181.4,78.42797999999999,17.105806500000003,True,2
1788701667.301,1788701181.6,78.42797866666666,17.1058135,True,2
1788701667.501,1788701181.8,78.4279775,17.1058205,True,2
1788701667.703,1788701182.0,78.42797616666667,17.105827833333333,True,2
1788701667.901,1788701182.2,78.427975,17.105834666666667,True,2
1788701668.1,1788701182.4,78.42797366666667,17.105841166666668,True,2
1788701668.302,1788701182.6,78.42797233333334,17.10584833333333,True,2
1788701668.499,1788701182.8,78.427971,17.105855333333334,True,2
1788701668.7,1788701183.0,78.42796983333332,17.1058625,True,2
1788701668.9,1788701183.2,78.42796849999999,17.10587,True,2
1788701669.101,1788701183.4,78.42796733333333,17.105876833333333,True,2
1788701669.3,1788701183.6,78.427966,17.105883666666667,True,2
1788701669.501,1788701183.8,78.42796483333333,17.105890833333333,True,2
1788701669.701,1788701184.0,78.4279635,17.10589816666667,True,2
1788701669.899,1788701184.2,78.42796233333334,17.105905333333332,True,2
1788701670.101,1788701184.4,78.42796116666666,17.105911833333334,True,2
1788701670.302,1788701184.6,78.42795983333333,17.10591883333333,True,2
1788701670.503,1788701184.8,78.42795866666667,17.105925833333334,True,2
1788701670.702,1788701185.0,78.42795716666666,17.105932666666668,True,2
1788701670.901,1788701185.2,78.427956,17.105939666666664,True,2
1788701671.101,1788701185.4,78.42795466666666,17.105946833333334,True,2
1788701671.302,1788701185.6,78.4279535,17.105953666666668,True,2
1788701671.501,1788701185.8,78.42795233333332,17.105960333333332,True,2
1788701671.699,1788701186.0,78.427951,17.105967500000002,True,2
1788701671.902,1788701186.2,78.42794983333333,17.105974166666666,True,2
1788701672.102,1788701186.4,78.42794866666667,17.105981666666665,True,2
1788701672.299,1788701186.6,78.42794733333334,17.105988500000002,True,2
1788701672.498,1788701186.8,78.427946,17.105995333333333,True,2
1788701672.7,1788701187.0,78.42794466666666,17.106002,True,2
1788701672.9,1788701187.2,78.42794333333333,17.106008666666664,True,2
1788701673.1,1788701187.4,78.42794216666667,17.106015333333335,True,2
1788701673.299,1788701187.6,78.42794083333334,17.106022166666666,True,2
1788701673.499,1788701187.8,78.42793966666666,17.106029333333332,True,2
1788701673.703,1788701188.0,78.42793833333333,17.10603616666667,True,2
1788701673.901,1788701188.2,78.427937,17.106042666666667,True,2
1788701674.101,1788701188.4,78.42793583333334,17.106049666666667,True,2
1788701674.3,1788701188.6,78.42793466666667,17.106056666666667,True,2
1788701674.499,1788701188.8,78.42793350000001,17.106063333333335,True,2
1788701674.7,1788701189.0,78.427932,17.10607033333333,True,2
1788701674.9,1788701189.2,78.42793083333332,17.106077000000003,True,2
1788701675.102,1788701189.4,78.42792949999999,17.106084,True,2
1788701675.299,1788701189.6,78.42792833333333,17.106091,True,2
1788701675.502,1788701189.8,78.42792683333333,17.106097833333333,True,2
1788701675.703,1788701190.0,78.4279255,17.106104166666668,True,2
1788701675.901,1788701190.2,78.42792433333334,17.106111333333335,True,2
1788701676.101,1788701190.4,78.42792316666667,17.10611833333333,True,2
1788701676.302,1788701190.6,78.42792183333333,17.1061255,True,2
1788701676.502,1788701190.8,78.4279205,17.106132166666665,True,2
1788701676.7,1788701191.0,78.42791916666667,17.10613933333333,True,2
1788701676.901,1788701191.2,78.427918,17.106146333333335,True,2
1788701677.101,1788701191.4,78.42791683333333,17.106153166666665,True,2
1788701677.3,1788701191.6,78.4279155,17.10616,True,2
1788701677.501,1788701191.8,78.42791416666667,17.106166499999997,True,2
1788701677.7,1788701192.0,78.427913,17.106173333333334,True,2
1788701677.899,1788701192.2,78.42791183333334,17.1061805,True,2
1788701678.098,1788701192.4,78.42791050000001,17.10618733333333,True,2
1788701678.297,1788701192.6,78.42790933333335,17.106194333333335,True,2
1788701678.498,1788701192.8,78.42790816666667,17.106201333333335,True,2
1788701678.7,1788701193.0,78.427907,17.106208833333334,True,2
1788701678.899,1788701193.2,78.42790566666666,17.1062155,True,2
1788701679.101,1788701193.4,78.42790450000001,17.106222333333335,True,2
1788701679.3,1788701193.6,78.42790316666667,17.10622933333333,True,2
1788701679.496,1788701193.8,78.42790199999999,17.1062365,True,2
1788701679.699,1788701194.0,78.42790066666666,17.106243333333335,True,2
1788701679.902,1788701194.2,78.42789933333333,17.106250166666666,True,2
1788701680.101,1788701194.4,78.427898,17.106257000000003,True,2
1788701680.302,1788701194.6,78.42789683333334,17.106264,True,2
1788701680.502,1788701194.8,78.4278955,17.106271166666666,True,2
1788701680.701,1788701195.0,78.42789416666666,17.106277833333333,True,2
1788701680.898,1788701195.2,78.42789283333333,17.106284666666667,True,2
1788701681.102,1788701195.4,78.4278915,17.1062915,True,2
1788701681.302,1788701195.6,78.42789033333334,17.106298499999998,True,2
1788701681.502,1788701195.8,78.42788916666667,17.10630516666667,True,2
1788701681.702,1788701196.0,78.42788783333334,17.106311833333333,True,2
1788701681.903,1788701196.2,78.42788666666667,17.106318833333333,True,2
1788701682.1,1788701196.4,78.42788533333334,17.106326000000003,True,2
1788701682.302,1788701196.6,78.42788416666667,17.1063325,True,2
1788701682.5,1788701196.8,78.42788300000001,17.106339166666665,True,2
1788701682.701,1788701197.0,78.42788183333333,17.106346166666665,True,2
1788701682.901,1788701197.2,78.4278805,17.106352833333336,True,2
1788701683.101,1788701197.4,78.42787933333334,17.106360333333335,True,2
1788701683.301,1788701197.6,78.42787816666667,17.106367,True,2
1788701683.5,1788701197.8,78.42787700000001,17.106374000000002,True,2
1788701683.699,1788701198.0,78.42787583333333,17.10638133333333,True,2
1788701683.9,1788701198.2,78.42787466666667,17.106388,True,2
1788701684.101,1788701198.4,78.4278735,17.1063955,True,2
1788701684.3,1788701198.6,78.42787233333334,17.1064025,True,2
1788701684.501,1788701198.8,78.42787100000001,17.106409166666666,True,2
1788701684.703,1788701199.0,78.42786966666667,17.106416000000003,True,2
1788701684.901,1788701199.2,78.42786833333334,17.106423166666666,True,2
1788701685.101,1788701199.4,78.427867,17.106430166666666,True,2
1788701685.301,1788701199.6,78.42786583333333,17.106437000000003,True,2
1788701685.5,1788701199.8,78.42786466666666,17.106444333333332,True,2
1788701685.702,1788701200.0,78.42786333333333,17.106451,True,2
1788701685.9,1788701200.2,78.427862,17.106457499999998,True,2
1788701686.1,1788701200.4,78.42786083333334,17.1064645,True,2
1788701686.299,1788701200.6,78.42785966666666,17.1064715,True,2
1788701686.5,1788701200.8,78.42785833333333,17.106478166666665,True,2
1788701686.702,1788701201.0,78.42785699999999,17.106484666666667,True,2
1788701686.9,1788701201.2,78.42785583333333,17.106491666666667,True,2
1788701687.103,1788701201.4,78.42785466666666,17.106498666666667,True,2
1788701687.301,1788701201.6,78.42785333333333,17.106505833333333,True,2
1788701687.512,1788701201.8,78.42785216666667,17.10651216666667,True,2
1788701687.7,1788701202.0,78.42785083333334,17.106519,True,2
1788701687.901,1788701202.2,78.42784966666666,17.106526499999998,True,2
1788701688.101,1788701202.4,78.4278485,17.106534,True,2
1788701688.299,1788701202.6,78.42784716666667,17.106541166666666,True,2
1788701688.499,1788701202.8,78.427846,17.106547666666664,True,2
1788701688.699,1788701203.0,78.42784466666667,17.106555,True,2
1788701688.897,1788701203.2,78.42784350000001,17.106561833333334,True,2
1788701689.097,1788701203.4,78.42784216666668,17.106568666666664,True,2
1788701689.3,1788701203.6,78.427841,17.106575333333335,True,2
1788701689.501,1788701203.8,78.42783966666666,17.106582666666668,True,2
1788701689.701,1788701204.0,78.42783850000001,17.1065895,True,2
1788701689.9,1788701204.2,78.42783716666666,17.106596000000003,True,2
1788701690.101,1788701204.4,78.42783583333333,17.106603166666666,True,2
1788701690.302,1788701204.6,78.42783466666667,17.106611,True,2
1788701690.497,1788701204.8,78.42783349999999,17.106618,True,2
1788701690.702,1788701205.0,78.42783216666666,17.106624833333335,True,2
1788701690.9,1788701205.2,78.427831,17.106632,True,2
1788701691.099,1788701205.4,78.42782966666667,17.106639166666664,True,2
1788701691.3,1788701205.6,78.4278285,17.106646166666668,True,2
1788701691.5,1788701205.8,78.42782733333334,17.106652999999998,True,2
1788701691.7,1788701206.0,78.42782600000001,17.10665983333333,True,2
1788701691.9,1788701206.2,78.42782466666667,17.10666666666667,True,2
1788701692.1,1788701206.4,78.42782333333334,17.106673333333333,True,2
1788701692.303,1788701206.6,78.42782216666666,17.106680333333333,True,2
1788701692.501,1788701206.8,78.42782083333333,17.106687166666667,True,2
1788701692.7,1788701207.0,78.4278195,17.106694,True,2
1788701692.899,1788701207.2,78.42781833333333,17.106701166666667,True,2
1788701693.101,1788701207.4,78.42781716666667,17.106708333333334,True,2
1788701693.297,1788701207.6,78.42781583333334,17.106715166666667,True,2
1788701693.498,1788701207.8,78.42781450000001,17.106722333333334,True,2
1788701693.7,1788701208.0,78.42781333333333,17.10672933333333,True,2
1788701693.902,1788701208.2,78.42781216666667,17.106736166666668,True,2
1788701694.1,1788701208.4,78.42781083333333,17.106742833333332,True,2
1788701694.302,1788701208.6,78.42780966666666,17.106749833333332,True,2
1788701694.5,1788701208.8,78.42780850000001,17.106756833333336,True,2
1788701694.7,1788701209.0,78.42780716666667,17.106764,True,2
1788701694.901,1788701209.2,78.42780599999999,17.106771,True,2
1788701695.101,1788701209.4,78.42780466666666,17.106778000000002,True,2
1788701695.3,1788701209.6,78.4278035,17.106785333333335,True,2
1788701695.501,1788701209.8,78.42780233333333,17.106792,True,2
1788701695.701,1788701210.0,78.427801,17.106799000000002,True,2
1788701695.903,1788701210.2,78.42779966666667,17.106805833333333,True,2
1788701696.102,1788701210.4,78.42779850000001,17.106813166666665,True,2
1788701696.3,1788701210.6,78.42779716666668,17.10682016666667,True,2
1788701696.502,1788701210.8,78.42779583333332,17.10682716666667,True,2
1788701696.701,1788701211.0,78.42779449999999,17.106833833333333,True,2
1788701696.901,1788701211.2,78.42779333333333,17.106841499999998,True,2
1788701697.1,1788701211.4,78.42779216666666,17.106848666666668,True,2
1788701697.299,1788701211.6,78.427791,17.106855333333332,True,2
1788701697.499,1788701211.8,78.42778966666667,17.106862333333332,True,2
1788701697.701,1788701212.0,78.42778849999999,17.10686916666667,True,2
1788701697.901,1788701212.2,78.42778716666666,17.106875833333334,True,2
1788701698.103,1788701212.4,78.42778583333333,17.106882833333334,True,2
1788701698.301,1788701212.6,78.4277845,17.10688916666667,True,2
1788701698.5,1788701212.8,78.42778316666666,17.106896666666668,True,2
1788701698.703,1788701213.0,78.42778183333333,17.10690333333333,True,2
1788701698.899,1788701213.2,78.42778066666666,17.10691016666667,True,2
1788701699.099,1788701213.4,78.42777933333333,17.106916833333333,True,2
1788701699.3,1788701213.6,78.427778,17.106924,True,2
1788701699.5,1788701213.8,78.42777683333334,17.106930833333333,True,2
1788701699.702,1788701214.0,78.42777533333333,17.106938,True,2
1788701699.901,1788701214.2,78.42777416666667,17.106944833333333,True,2
1788701700.098,1788701214.4,78.42777266666667,17.106951833333333,True,2
1788701700.301,1788701214.6,78.4277715,17.106958333333335,True,2
1788701700.502,1788701214.8,78.42777016666668,17.106965333333335,True,2
1788701700.701,1788701215.0,78.42776883333333,17.106972166666665,True,2
1788701700.902,1788701215.2,78.4277675,17.106979000000003,True,2
1788701701.101,1788701215.4,78.42776616666667,17.106986,True,2
1788701701.302,1788701215.6,78.42776483333334,17.106993166666665,True,2
1788701701.5,1788701215.8,78.42776383333333,17.107000333333335,True,2
1788701701.7,1788701216.0,78.4277625,17.107007,True,2
1788701701.902,1788701216.2,78.42776116666667,17.107014,True,2
1788701702.102,1788701216.4,78.42776,17.107021166666666,True,2
1788701702.3,1788701216.6,78.42775866666666,17.10702716666667,True,2
1788701702.502,1788701216.8,78.42775750000001,17.1070345,True,2
1788701702.7,1788701217.0,78.42775633333333,17.107041666666664,True,2
1788701702.897,1788701217.2,78.42775499999999,17.107048666666667,True,2
1788701703.1,1788701217.4,78.42775383333333,17.107055666666668,True,2
1788701703.3,1788701217.6,78.4277525,17.107062666666664,True,2
1788701703.499,1788701217.8,78.42775133333333,17.107069666666668,True,2
1788701703.7,1788701218.0,78.42775,17.107076833333334,True,2
1788701703.899,1788701218.2,78.42774883333333,17.107083833333334,True,2
1788701704.101,1788701218.4,78.42774766666666,17.107091166666667,True,2
1788701704.298,1788701218.6,78.4277465,17.107098,True,2
1788701704.5,1788701218.8,78.42774516666667,17.107105333333333,True,2
1788701704.701,1788701219.0,78.427744,17.107112333333337,True,2
1788701704.902,1788701219.2,78.42774283333333,17.107119,True,2
1788701705.1,1788701219.4,78.4277415,17.107126166666667,True,2
1788701705.3,1788701219.6,78.42774033333333,17.107132999999997,True,2
1788701705.5,1788701219.8,78.427739,17.107140333333334,True,2
1788701705.699,1788701220.0,78.42773783333334,17.107147333333334,True,2
1788701705.902,1788701220.2,78.42773650000001,17.107153666666665,True,2
1788701706.101,1788701220.4,78.42773533333335,17.10716066666667,True,2
1788701706.3,1788701220.6,78.42773416666667,17.107168166666668,True,2
1788701706.503,1788701220.8,78.42773283333332,17.107174999999998,True,2
1788701706.701,1788701221.0,78.42773166666666,17.10718166666667,True,2
1788701706.901,1788701221.2,78.42773033333333,17.107188833333332,True,2
1788701707.1,1788701221.4,78.42772916666667,17.10719633333333,True,2
1788701707.3,1788701221.6,78.42772783333334,17.107203333333334,True,2
1788701707.499,1788701221.8,78.4277265,17.10721016666667,True,2
1788701707.7,1788701222.0,78.42772533333333,17.107217,True,2
1788701707.9,1788701222.2,78.427724,17.107223833333332,True,2
1788701708.099,1788701222.4,78.42772283333333,17.107230833333332,True,2
1788701708.3,1788701222.6,78.4277215,17.107237833333333,True,2
1788701708.497,1788701222.8,78.42772016666666,17.1072445,True,2
1788701708.699,1788701223.0,78.427719,17.107251833333333,True,2
1788701708.9,1788701223.2,78.42771783333333,17.1072585,True,2
1788701709.099,1788701223.4,78.4277165,17.1072655,True,2
1788701709.298,1788701223.6,78.42771533333332,17.1072725,True,2
1788701709.503,1788701223.8,78.427714,17.107279666666667,True,2
1788701709.703,1788701224.0,78.42771283333333,17.1072865,True,2
1788701709.902,1788701224.2,78.42771166666667,17.1072935,True,2
1788701710.102,1788701224.4,78.4277105,17.107300333333335,True,2
1788701710.333,1788701224.6,78.42770916666667,17.107307166666665,True,2
1788701710.5,1788701224.8,78.42770783333334,17.1073135,True,2
1788701710.701,1788701225.0,78.42770666666667,17.107321333333335,True,2
1788701710.901,1788701225.2,78.4277055,17.10732833333333,True,2
1788701711.098,1788701225.4,78.42770416666667,17.107335,True,2
1788701711.298,1788701225.6,78.42770283333333,17.107342000000003,True,2
1788701711.503,1788701225.8,78.42770166666666,17.107349166666665,True,2
1788701711.702,1788701226.0,78.4277005,17.107356,True,2
1788701711.902,1788701226.2,78.42769916666666,17.10736316666667,True,2
1788701712.102,1788701226.4,78.42769783333333,17.107369833333333,True,2
1788701712.304,1788701226.6,78.4276965,17.107377166666666,True,2
1788701712.5,1788701226.8,78.42769533333333,17.107384000000003,True,2
1788701712.702,1788701227.0,78.42769416666667,17.107391,True,2
1788701712.899,1788701227.2,78.42769283333334,17.107398,True,2
1788701713.099,1788701227.4,78.42769166666668,17.107405000000004,True,2
1788701713.3,1788701227.6,78.42769033333335,17.107411666666668,True,2
1788701713.499,1788701227.8,78.42768883333333,17.107418833333334,True,2
1788701713.698,1788701228.0,78.42768766666667,17.107425666666664,True,2
1788701713.899,1788701228.2,78.4276865,17.107432833333334,True,2
1788701714.1,1788701228.4,78.42768516666666,17.107439833333334,True,2
1788701714.301,1788701228.6,78.42768383333333,17.10744683333333,True,2
1788701714.502,1788701228.8,78.4276825,17.107453,True,2
1788701714.701,1788701229.0,78.42768116666666,17.107460333333332,True,2
1788701714.901,1788701229.2,78.42768,17.107467333333332,True,2
1788701715.103,1788701229.4,78.42767883333333,17.107474333333336,True,2
1788701715.3,1788701229.6,78.42767766666665,17.107481333333332,True,2
1788701715.5,1788701229.8,78.42767633333332,17.107488333333333,True,2
1788701715.699,1788701230.0,78.42767516666666,17.107495833333335,True,2
1788701715.9,1788701230.2,78.427674,17.10750266666667,True,2
1788701716.101,1788701230.4,78.42767266666667,17.10750983333333,True,2
1788701716.301,1788701230.6,78.42767133333334,17.1075165,True,2
1788701716.502,1788701230.8,78.42767,17.1075235,True,2
1788701716.699,1788701231.0,78.42766883333334,17.107530666666666,True,2
1788701716.901,1788701231.2,78.42766750000001,17.1075375,True,2
1788701717.102,1788701231.4,78.42766616666667,17.1075445,True,2
1788701717.303,1788701231.6,78.42766499999999,17.107551333333333,True,2
1788701717.503,1788701231.8,78.42766366666666,17.107558333333333,True,2
1788701717.701,1788701232.0,78.42766233333333,17.107565,True,2
1788701717.9,1788701232.2,78.427661,17.107571833333335,True,2
1788701718.099,1788701232.4,78.42765983333334,17.10757883333333,True,2
1788701718.3,1788701232.6,78.42765866666667,17.10758566666667,True,2
1788701718.5,1788701232.8,78.42765733333334,17.107592166666667,True,2
1788701718.699,1788701233.0,78.427656,17.107599,True,2
1788701718.898,1788701233.2,78.42765483333332,17.107605999999997,True,2
1788701719.098,1788701233.4,78.42765349999999,17.107613,True,2
1788701719.299,1788701233.6,78.42765233333333,17.10762,True,2
1788701719.497,1788701233.8,78.427651,17.107626999999997,True,2
1788701719.701,1788701234.0,78.42764983333333,17.107634333333333,True,2
1788701719.901,1788701234.2,78.42764866666667,17.107641333333333,True,2
1788701720.101,1788701234.4,78.42764733333334,17.107648166666667,True,2
1788701720.299,1788701234.6,78.42764600000001,17.107654833333335,True,2
1788701720.5,1788701234.8,78.42764483333333,17.107662,True,2
1788701720.703,1788701235.0,78.42764366666667,17.10766883333333,True,2
1788701720.899,1788701235.2,78.42764233333334,17.10767566666667,True,2
1788701721.134,1788701235.4,78.42764116666667,17.107682833333335,True,2
1788701721.3,1788701235.6,78.42763983333333,17.107689666666666,True,2
1788701721.5,1788701235.8,78.4276385,17.1076965,True,2
1788701721.7,1788701236.0,78.42763733333332,17.1077035,True,2
1788701721.9,1788701236.2,78.42763599999999,17.107711,True,2
1788701722.099,1788701236.4,78.42763466666666,17.107717666666666,True,2
1788701722.297,1788701236.6,78.4276335,17.1077245,True,2
1788701722.5,1788701236.8,78.42763216666667,17.107731666666666,True,2
1788701722.704,1788701237.0,78.42763083333332,17.107739,True,2
1788701722.9,1788701237.2,78.4276295,17.107745833333336,True,2
1788701723.1,1788701237.4,78.42762816666666,17.107752833333333,True,2
1788701723.3,1788701237.6,78.427627,17.107759833333333,True,2
1788701723.498,1788701237.8,78.42762566666667,17.107766666666667,True,2
1788701723.699,1788701238.0,78.42762433333334,17.107773666666667,True,2
1788701723.901,1788701238.2,78.42762316666668,17.1077805,True,2
1788701724.102,1788701238.4,78.42762183333333,17.10778733333333,True,2
1788701724.301,1788701238.6,78.4276205,17.107794666666667,True,2
1788701724.498,1788701238.8,78.42761933333333,17.107802,True,2
1788701724.7,1788701239.0,78.427618,17.107808833333333,True,2
1788701724.9,1788701239.2,78.42761666666667,17.107816,True,2
1788701725.098,1788701239.4,78.4276155,17.107823166666666,True,2
1788701725.301,1788701239.6,78.42761433333334,17.107829833333334,True,2
1788701725.5,1788701239.8,78.42761300000001,17.107837166666666,True,2
1788701725.7,1788701240.0,78.42761166666666,17.107844,True,2
1788701725.901,1788701240.2,78.42761066666667,17.107851166666666,True,2
1788701726.101,1788701240.4,78.42760933333334,17.107858,True,2
1788701726.302,1788701240.6,78.42760799999999,17.107864666666668,True,2
1788701726.502,1788701240.8,78.42760666666666,17.107872166666667,True,2
1788701726.701,1788701241.0,78.4276055,17.107879166666667,True,2
1788701726.9,1788701241.2,78.42760433333333,17.107886666666666,True,2
1788701727.1,1788701241.4,78.42760316666666,17.107893333333333,True,2
1788701727.302,1788701241.6,78.42760183333333,17.10790066666667,True,2
1788701727.502,1788701241.8,78.4276005,17.107907333333333,True,2
1788701727.699,1788701242.0,78.42759933333333,17.1079145,True,2
1788701727.9,1788701242.2,78.427598,17.107921833333332,True,2
1788701728.101,1788701242.4,78.42759683333334,17.1079285,True,2
1788701728.302,1788701242.6,78.42759550000001,17.107935833333332,True,2
1788701728.502,1788701242.8,78.42759416666667,17.107942666666666,True,2
1788701728.702,1788701243.0,78.42759299999999,17.1079495,True,2
1788701728.902,1788701243.2,78.42759166666666,17.1079565,True,2
1788701729.1,1788701243.4,78.4275905,17.107963833333333,True,2
1788701729.298,1788701243.6,78.42758916666666,17.107970833333333,True,2
1788701729.499,1788701243.8,78.427588,17.1079775,True,2
1788701729.699,1788701244.0,78.42758666666667,17.107984666666667,True,2
1788701729.9,1788701244.2,78.4275855,17.1079915,True,2
1788701730.1,1788701244.4,78.4275845,17.107998333333335,True,2
1788701730.3,1788701244.6,78.42758316666666,17.1080055,True,2
1788701730.5,1788701244.8,78.427582,17.108011833333332,True,2
1788701730.704,1788701245.0,78.42758066666667,17.108019333333335,True,2
1788701730.903,1788701245.2,78.42757950000001,17.10802633333333,True,2
1788701731.101,1788701245.4,78.42757816666668,17.108033166666665,True,2
1788701731.3,1788701245.6,78.427577,17.108040000000003,True,2
1788701731.5,1788701245.8,78.42757566666667,17.108047166666665,True,2
1788701731.701,1788701246.0,78.4275745,17.108054166666665,True,2
1788701731.899,1788701246.2,78.42757316666666,17.1080605,True,2
1788701732.101,1788701246.4,78.42757183333333,17.1080675,True,2
1788701732.3,1788701246.6,78.4275705,17.1080745,True,2
1788701732.5,1788701246.8,78.42756933333334,17.10808116666667,True,2
1788701732.699,1788701247.0,78.42756800000001,17.108087666666666,True,2
1788701732.903,1788701247.2,78.42756683333333,17.1080945,True,2
1788701733.102,1788701247.4,78.4275655,17.108101666666666,True,2
1788701733.298,1788701247.6,78.42756416666666,17.108108333333334,True,2
1788701733.5,1788701247.8,78.42756283333333,17.108115666666666,True,2
1788701733.7,1788701248.0,78.42756183333333,17.108123,True,2
1788701733.898,1788701248.2,78.4275605,17.108129666666667,True,2
1788701734.098,1788701248.4,78.42755916666667,17.108136333333334,True,2
1788701734.3,1788701248.6,78.42755783333334,17.1081435,True,2
1788701734.5,1788701248.8,78.42755666666667,17.108150166666668,True,2
1788701734.699,1788701249.0,78.4275555,17.10815716666667,True,2
1788701734.901,1788701249.2,78.42755433333333,17.108164166666665,True,2
1788701735.1,1788701249.4,78.427553,17.108172000000003,True,2
1788701735.302,1788701249.6,78.42755166666667,17.108178666666667,True,2
1788701735.502,1788701249.8,78.42755050000001,17.108185666666667,True,2
1788701735.701,1788701250.0,78.42754933333335,17.10819283333333,True,2
1788701735.9,1788701250.2,78.42754816666667,17.108199666666668,True,2
1788701736.099,1788701250.4,78.427547,17.108206666666668,True,2
1788701736.301,1788701250.6,78.42754566666667,17.108213,True,2
1788701736.502,1788701250.8,78.42754450000001,17.108219833333333,True,2
1788701736.702,1788701251.0,78.42754333333333,17.1082265,True,2
1788701736.901,1788701251.2,78.42754216666667,17.108234,True,2
1788701737.102,1788701251.4,78.427541,17.108241333333336,True,2
1788701737.301,1788701251.6,78.42753966666668,17.108248166666666,True,2
1788701737.502,1788701251.8,78.42753850000001,17.108255333333332,True,2
1788701737.701,1788701252.0,78.42753733333333,17.108262500000002,True,2
1788701737.9,1788701252.2,78.42753599999999,17.108269333333332,True,2
1788701738.1,1788701252.4,78.42753483333333,17.108276333333333,True,2
1788701738.3,1788701252.6,78.4275335,17.108283500000002,True,2
1788701738.499,1788701252.8,78.42753233333333,17.10829,True,2
1788701738.7,1788701253.0,78.42753116666667,17.108297166666667,True,2
1788701738.899,1788701253.2,78.42752983333334,17.108303999999997,True,2
1788701739.099,1788701253.4,78.42752866666666,17.108310666666668,True,2
1788701739.299,1788701253.6,78.4275275,17.108317166666666,True,2
1788701739.499,1788701253.8,78.42752616666667,17.108324666666665,True,2
1788701739.701,1788701254.0,78.427525,17.10833166666667,True,2
1788701739.901,1788701254.2,78.42752366666667,17.10833866666667,True,2
1788701740.099,1788701254.4,78.42752233333334,17.108345333333332,True,2
1788701740.298,1788701254.6,78.42752116666666,17.108352833333335,True,2
1788701740.5,1788701254.8,78.42752016666667,17.10836,True,2
1788701740.699,1788701255.0,78.42751883333334,17.10836683333333,True,2
1788701740.9,1788701255.2,78.42751750000001,17.108372999999997,True,2
1788701741.102,1788701255.4,78.42751633333334,17.108380333333333,True,2
1788701741.3,1788701255.6,78.427515,17.108387166666667,True,2
1788701741.498,1788701255.8,78.42751366666667,17.108394166666667,True,2
1788701741.7,1788701256.0,78.42751249999999,17.108400666666668,True,2
1788701741.902,1788701256.2,78.42751116666666,17.108408,True,2
1788701742.101,1788701256.4,78.42751,17.108415333333333,True,2
1788701742.301,1788701256.6,78.42750883333333,17.108422,True,2
1788701742.502,1788701256.8,78.4275075,17.108429,True,2
1788701742.702,1788701257.0,78.42750633333334,17.108436166666667,True,2
1788701742.901,1788701257.2,78.42750500000001,17.108443,True,2
1788701743.103,1788701257.4,78.42750383333333,17.10844966666667,True,2
1788701743.302,1788701257.6,78.4275025,17.108456166666667,True,2
1788701743.499,1788701257.8,78.42750116666666,17.108463333333336,True,2
1788701743.7,1788701258.0,78.42749983333333,17.1084705,True,2
1788701743.9,1788701258.2,78.4274985,17.108477166666667,True,2
1788701744.099,1788701258.4,78.42749716666667,17.108484166666663,True,2
1788701744.297,1788701258.6,78.42749583333332,17.108490833333335,True,2
1788701744.499,1788701258.8,78.42749466666668,17.108498,True,2
1788701744.701,1788701259.0,78.42749333333333,17.108504666666665,True,2
1788701744.9,1788701259.2,78.427492,17.108511833333335,True,2
1788701745.102,1788701259.4,78.42749066666667,17.1085185,True,2
1788701745.303,1788701259.6,78.42748950000001,17.108525666666665,True,2
1788701745.501,1788701259.8,78.42748816666668,17.108532833333335,True,2
1788701745.7,1788701260.0,78.427487,17.108539833333335,True,2
1788701745.924,1788701260.2,78.42748566666667,17.108546666666665,True,2
1788701746.101,1788701260.4,78.42748433333333,17.10855366666667,True,2
1788701746.301,1788701260.6,78.42748316666666,17.108560333333333,True,2
1788701746.501,1788701260.8,78.427482,17.108567333333333,True,2
1788701746.7,1788701261.0,78.42748066666667,17.108574166666664,True,2
1788701746.9,1788701261.2,78.42747933333334,17.108581333333333,True,2
1788701747.098,1788701261.4,78.42747816666666,17.108588166666667,True,2
1788701747.303,1788701261.6,78.42747683333333,17.108595333333334,True,2
1788701747.501,1788701261.8,78.4274755,17.108602166666667,True,2
1788701747.701,1788701262.0,78.42747433333334,17.108609333333334,True,2
1788701747.901,1788701262.2,78.42747299999999,17.108616333333334,True,2
1788701748.101,1788701262.4,78.42747166666666,17.108623666666666,True,2
1788701748.303,1788701262.6,78.4274705,17.108630666666667,True,2
1788701748.498,1788701262.8,78.42746933333333,17.1086375,True,2
1788701748.699,1788701263.0,78.427468,17.108645000000003,True,2
1788701748.902,1788701263.2,78.42746683333333,17.108652,True,2
1788701749.097,1788701263.4,78.4274655,17.108658833333333,True,2
1788701749.298,1788701263.6,78.42746416666667,17.108665833333337,True,2
1788701749.499,1788701263.8,78.427463,17.108673166666666,True,2
1788701749.7,1788701264.0,78.42746166666667,17.108679833333333,True,2
1788701749.897,1788701264.2,78.42746033333333,17.108687166666666,True,2
1788701750.099,1788701264.4,78.427459,17.108693833333334,True,2
1788701750.3,1788701264.6,78.42745766666667,17.108701,True,2
1788701750.502,1788701264.8,78.4274565,17.108707833333334,True,2
1788701750.703,1788701265.0,78.42745516666668,17.108715500000002,True,2
1788701750.9,1788701265.2,78.42745383333333,17.1087225,True,2
1788701751.101,1788701265.4,78.42745266666667,17.1087295,True,2
1788701751.298,1788701265.6,78.42745133333332,17.108736333333333,True,2
1788701751.5,1788701265.8,78.42745,17.108743166666667,True,2
1788701751.699,1788701266.0,78.42744883333333,17.108750166666667,True,2
1788701751.901,1788701266.2,78.4274475,17.108756666666668,True,2
1788701752.099,1788701266.4,78.42744616666667,17.108763500000002,True,2
1788701752.3,1788701266.6,78.42744466666666,17.108770666666665,True,2
1788701752.498,1788701266.8,78.4274435,17.108777666666665,True,2
1788701752.7,1788701267.0,78.42744216666667,17.108785166666667,True,2
1788701752.902,1788701267.2,78.427441,17.108792166666667,True,2
1788701753.103,1788701267.4,78.42743966666667,17.108799666666666,True,2
1788701753.299,1788701267.6,78.42743833333334,17.1088065,True,2
1788701753.5,1788701267.8,78.42743716666668,17.1088135,True,2
1788701753.701,1788701268.0,78.427436,17.108821,True,2
1788701753.901,1788701268.2,78.42743466666667,17.108827666666667,True,2
1788701754.1,1788701268.4,78.4274335,17.108835,True,2
1788701754.298,1788701268.6,78.42743216666666,17.108842,True,2
1788701754.5,1788701268.8,78.42743083333333,17.108848333333334,True,2
1788701754.7,1788701269.0,78.42742966666667,17.1088555,True,2
1788701754.9,1788701269.2,78.42742866666667,17.1088625,True,2
1788701755.101,1788701269.4,78.42742733333333,17.108869666666667,True,2
1788701755.297,1788701269.6,78.427426,17.108876333333335,True,2
1788701755.5,1788701269.8,78.42742466666667,17.108883666666667,True,2
1788701755.701,1788701270.0,78.4274235,17.108891000000003,True,2
1788701755.9,1788701270.2,78.42742233333334,17.108898,True,2
1788701756.1,1788701270.4,78.42742100000001,17.108904833333334,True,2
1788701756.303,1788701270.6,78.42741966666668,17.108912,True,2
1788701756.501,1788701270.8,78.42741833333334,17.108919,True,2
1788701756.7,1788701271.0,78.42741716666666,17.108925833333334,True,2
1788701756.9,1788701271.2,78.42741583333333,17.108933,True,2
1788701757.1,1788701271.4,78.42741466666666,17.10894,True,2
1788701757.3,1788701271.6,78.42741333333333,17.108946666666668,True,2
1788701757.502,1788701271.8,78.427412,17.108953166666666,True,2
1788701757.7,1788701272.0,78.42741083333334,17.108960500000002,True,2
1788701757.9,1788701272.2,78.42740950000001,17.10896766666667,True,2
1788701758.097,1788701272.4,78.42740833333333,17.108974333333332,True,2
1788701758.302,1788701272.6,78.42740699999999,17.10898116666667,True,2
1788701758.503,1788701272.8,78.42740566666666,17.108988,True,2
1788701758.702,1788701273.0,78.4274045,17.108994833333334,True,2
1788701758.901,1788701273.2,78.42740316666666,17.109001666666664,True,2
1788701759.101,1788701273.4,78.427402,17.1090085,True,2
1788701759.302,1788701273.6,78.42740066666667,17.109015499999998,True,2
1788701759.497,1788701273.8,78.42739933333334,17.109022666666664,True,2
1788701759.699,1788701274.0,78.42739816666668,17.109029333333336,True,2
1788701759.899,1788701274.2,78.427397,17.109036,True,2
1788701760.098,1788701274.4,78.42739583333334,17.109042833333334,True,2
1788701760.297,1788701274.6,78.4273945,17.109049666666667,True,2
1788701760.5,1788701274.8,78.42739333333334,17.109056833333334,True,2
1788701760.702,1788701275.0,78.427392,17.109063833333334,True,2
1788701760.901,1788701275.2,78.42739066666667,17.109070666666664,True,2
1788701761.103,1788701275.4,78.42738933333334,17.109077333333335,True,2
1788701761.3,1788701275.6,78.42738800000001,17.109084666666668,True,2
1788701761.501,1788701275.8,78.42738683333333,17.109091499999998,True,2
1788701761.702,1788701276.0,78.4273855,17.1090985,True,2
1788701761.901,1788701276.2,78.42738433333334,17.1091055,True,2
1788701762.102,1788701276.4,78.42738299999999,17.1091125,True,2
1788701762.298,1788701276.6,78.42738183333333,17.109119500000002,True,2
1788701762.499,1788701276.8,78.42738066666668,17.1091265,True,2
1788701762.7,1788701277.0,78.42737933333333,17.109133666666665,True,2
1788701762.901,1788701277.2,78.427378,17.10914,True,2
1788701763.098,1788701277.4,78.42737666666667,17.109146833333334,True,2
1788701763.303,1788701277.6,78.42737533333334,17.109153666666668,True,2
1788701763.498,1788701277.8,78.42737416666667,17.109160666666664,True,2
1788701763.696,1788701278.0,78.42737283333332,17.10916716666667,True,2
1788701763.9,1788701278.2,78.42737166666667,17.109174166666666,True,2
1788701764.1,1788701278.4,78.42737033333333,17.109181333333332,True,2
1788701764.299,1788701278.6,78.427369,17.10918816666667,True,2
1788701764.5,1788701278.8,78.42736783333334,17.109195,True,2
1788701764.702,1788701279.0,78.4273665,17.109202,True,2
1788701764.902,1788701279.2,78.42736516666668,17.109208833333334,True,2
1788701765.1,1788701279.4,78.42736383333333,17.10921516666667,True,2
1788701765.3,1788701279.6,78.42736266666667,17.10922233333333,True,2
1788701765.5,1788701279.8,78.42736133333332,17.109229000000003,True,2
1788701765.7,1788701280.0,78.42736,17.1092355,True,2
1788701765.9,1788701280.2,78.42735883333333,17.1092425,True,2
1788701766.101,1788701280.4,78.42735766666667,17.109249833333333,True,2
1788701766.301,1788701280.6,78.4273565,17.109256666666667,True,2
1788701766.498,1788701280.8,78.42735533333332,17.1092635,True,2
1788701766.703,1788701281.0,78.427354,17.109270166666665,True,2
1788701766.9,1788701281.2,78.42735283333333,17.10927716666667,True,2
1788701767.101,1788701281.4,78.4273515,17.109284166666665,True,2
1788701767.302,1788701281.6,78.42735033333334,17.109290833333333,True,2
1788701767.499,1788701281.8,78.427349,17.10929816666667,True,2
1788701767.703,1788701282.0,78.42734783333334,17.109304666666667,True,2
1788701767.9,1788701282.2,78.42734650000001,17.109311333333334,True,2
1788701768.1,1788701282.4,78.42734533333334,17.109318666666663,True,2
1788701768.299,1788701282.6,78.42734399999999,17.109325666666667,True,2
1788701768.499,1788701282.8,78.42734266666666,17.109332833333333,True,2
1788701768.7,1788701283.0,78.4273415,17.109339666666664,True,2
1788701768.897,1788701283.2,78.42734033333333,17.109347,True,2
1788701769.099,1788701283.4,78.42733916666666,17.109354,True,2
1788701769.3,1788701283.6,78.42733799999999,17.109360833333334,True,2
1788701769.499,1788701283.8,78.42733666666666,17.109367333333335,True,2
1788701769.701,1788701284.0,78.42733533333333,17.109374666666668,True,2
1788701769.901,1788701284.2,78.42733416666667,17.10938133333333,True,2
1788701770.101,1788701284.4,78.42733283333334,17.10938816666667,True,2
1788701770.302,1788701284.6,78.42733150000001,17.109394833333333,True,2
1788701770.5,1788701284.8,78.42733033333334,17.109402166666666,True,2
1788701770.7,1788701285.0,78.427329,17.10940916666667,True,2
1788701770.901,1788701285.2,78.42732783333332,17.109416166666666,True,2
1788701771.1,1788701285.4,78.42732649999999,17.1094225,True,2
1788701771.298,1788701285.6,78.42732516666666,17.109429833333333,True,2
1788701771.499,1788701285.8,78.427324,17.1094365,True,2
1788701771.701,1788701286.0,78.42732266666667,17.109443,True,2
1788701771.899,1788701286.2,78.4273215,17.109449666666666,True,2
1788701772.101,1788701286.4,78.42732033333333,17.10945716666667,True,2
1788701772.305,1788701286.6,78.42731916666666,17.109464166666665,True,2
1788701772.502,1788701286.8,78.42731783333333,17.109471499999998,True,2
1788701772.703,1788701287.0,78.4273165,17.10947816666667,True,2
1788701772.902,1788701287.2,78.4273155,17.109485833333334,True,2
1788701773.101,1788701287.4,78.42731433333333,17.109492833333334,True,2
1788701773.297,1788701287.6,78.427313,17.109499833333334,True,2
1788701773.499,1788701287.8,78.42731183333333,17.109506666666668,True,2
1788701773.699,1788701288.0,78.4273105,17.109514166666667,True,2
1788701773.901,1788701288.2,78.42730933333334,17.109521500000003,True,2
1788701774.098,1788701288.4,78.42730816666668,17.1095285,True,2
1788701774.302,1788701288.6,78.427307,17.109535833333332,True,2
1788701774.501,1788701288.8,78.42730583333334,17.1095425,True,2
1788701774.699,1788701289.0,78.4273045,17.109549833333332,True,2
1788701774.9,1788701289.2,78.42730316666666,17.109557166666665,True,2
1788701775.101,1788701289.4,78.427302,17.10956433333333,True,2
1788701775.3,1788701289.6,78.42730066666667,17.1095715,True,2
1788701775.5,1788701289.8,78.42729949999999,17.10957833333333,True,2
1788701775.7,1788701290.0,78.42729816666666,17.109585666666664,True,2
1788701775.901,1788701290.2,78.427297,17.1095925,True,2
1788701776.1,1788701290.4,78.42729566666667,17.1095995,True,2
1788701776.3,1788701290.6,78.42729433333334,17.109606499999998,True,2
1788701776.501,1788701290.8,78.42729316666667,17.109613666666668,True,2
1788701776.7,1788701291.0,78.42729200000001,17.109621,True,2
1788701776.9,1788701291.2,78.42729066666668,17.10962783333333,True,2
1788701777.099,1788701291.4,78.42728933333333,17.109635500000003,True,2
1788701777.302,1788701291.6,78.42728816666666,17.1096425,True,2
1788701777.498,1788701291.8,78.42728699999999,17.109649833333332,True,2
1788701777.701,1788701292.0,78.42728566666666,17.109657000000002,True,2
1788701777.902,1788701292.2,78.4272845,17.1096645,True,2
1788701778.102,1788701292.4,78.42728316666667,17.10967133333333,True,2
1788701778.3,1788701292.6,78.42728183333334,17.109678166666665,True,2
1788701778.5,1788701292.8,78.42728050000001,17.109685666666667,True,2
1788701778.701,1788701293.0,78.42727933333335,17.109692833333334,True,2
1788701778.9,1788701293.2,78.42727816666667,17.109699666666664,True,2
1788701779.101,1788701293.4,78.42727666666666,17.109707500000003,True,2
1788701779.3,1788701293.6,78.4272755,17.10971483333333,True,2
1788701779.499,1788701293.8,78.42727416666666,17.109722166666664,True,2
1788701779.699,1788701294.0,78.42727283333333,17.109729166666668,True,2
1788701779.898,1788701294.2,78.42727166666667,17.1097365,True,2
1788701780.099,1788701294.4,78.42727033333334,17.10974333333333,True,2
1788701780.297,1788701294.6,78.427269,17.109750666666667,True,2
1788701780.501,1788701294.8,78.42726766666667,17.109757666666667,True,2
1788701780.701,1788701295.0,78.4272665,17.109765166666666,True,2
1788701780.9,1788701295.2,78.42726516666667,17.10977216666667,True,2
1788701781.1,1788701295.4,78.427264,17.1097795,True,2
1788701781.301,1788701295.6,78.42726283333333,17.109787166666667,True,2
1788701781.501,1788701295.8,78.4272615,17.109794166666667,True,2
1788701781.701,1788701296.0,78.42726016666667,17.109801666666666,True,2
1788701781.901,1788701296.2,78.427259,17.109809,True,2
1788701782.1,1788701296.4,78.42725766666668,17.109816333333335,True,2
1788701782.301,1788701296.6,78.42725633333333,17.109823666666667,True,2
1788701782.501,1788701296.8,78.42725516666665,17.109830666666667,True,2
1788701782.702,1788701297.0,78.42725399999999,17.10983816666667,True,2
1788701782.9,1788701297.2,78.42725266666666,17.1098455,True,2
1788701783.1,1788701297.4,78.4272515,17.1098525,True,2
1788701783.3,1788701297.6,78.42725016666667,17.10986,True,2
1788701783.502,1788701297.8,78.427249,17.1098675,True,2
1788701783.701,1788701298.0,78.42724783333333,17.109874333333334,True,2
1788701783.9,1788701298.2,78.4272465,17.10988166666667,True,2
1788701784.098,1788701298.4,78.42724516666667,17.109888333333334,True,2
1788701784.299,1788701298.6,78.42724366666667,17.109895833333333,True,2
1788701784.498,1788701298.8,78.42724249999999,17.10990333333333,True,2
1788701784.7,1788701299.0,78.42724116666666,17.1099105,True,2
1788701784.9,1788701299.2,78.42723983333333,17.109917166666666,True,2
1788701785.1,1788701299.4,78.4272385,17.109924333333332,True,2
1788701785.3,1788701299.6,78.42723733333334,17.109931666666668,True,2
1788701785.501,1788701299.8,78.427236,17.109939,True,2
1788701785.699,1788701300.0,78.42723483333333,17.1099455,True,2
1788701785.901,1788701300.2,78.4272335,17.109953,True,2
1788701786.101,1788701300.4,78.42723233333332,17.1099605,True,2
1788701786.3,1788701300.6,78.42723099999999,17.109967166666667,True,2
1788701786.5,1788701300.8,78.42722966666666,17.109974333333334,True,2
1788701786.702,1788701301.0,78.42722833333333,17.1099815,True,2
1788701786.901,1788701301.2,78.42722716666667,17.109988666666666,True,2
1788701787.1,1788701301.4,78.427226,17.109996000000002,True,2
1788701787.299,1788701301.6,78.42722466666667,17.11000316666667,True,2
1788701787.5,1788701301.8,78.42722350000001,17.110010499999998,True,2
1788701787.7,1788701302.0,78.42722216666667,17.110017833333334,True,2
1788701787.9,1788701302.2,78.42722099999999,17.110025,True,2
1788701788.1,1788701302.4,78.42721983333333,17.110032333333333,True,2
1788701788.3,1788701302.6,78.4272185,17.11003966666667,True,2
1788701788.498,1788701302.8,78.42721716666667,17.110047,True,2
1788701788.701,1788701303.0,78.42721566666667,17.110053999999998,True,2
1788701788.902,1788701303.2,78.4272145,17.11006133333333,True,2
1788701789.101,1788701303.4,78.42721316666666,17.1100685,True,2
1788701789.301,1788701303.6,78.427212,17.110075833333333,True,2
1788701789.502,1788701303.8,78.42721066666667,17.110083166666666,True,2
1788701789.7,1788701304.0,78.42720949999999,17.110090666666668,True,2
1788701789.898,1788701304.2,78.42720833333333,17.110098333333333,True,2
1788701790.098,1788701304.4,78.427207,17.110105666666666,True,2
1788701790.298,1788701304.6,78.42720583333333,17.110112833333336,True,2
1788701790.5,1788701304.8,78.42720483333332,17.110120166666665,True,2
1788701790.7,1788701305.0,78.42720366666667,17.110128333333332,True,2
1788701790.9,1788701305.2,78.4272025,17.110136333333333,True,2
1788701791.101,1788701305.4,78.4272015,17.110143666666666,True,2
1788701791.299,1788701305.6,78.4272005,17.1101525,True,2
1788701791.502,1788701305.8,78.42719966666667,17.110160666666665,True,2
1788701791.702,1788701306.0,78.42719866666667,17.110168333333334,True,2
1788701791.903,1788701306.2,78.427198,17.1101765,True,2
1788701792.101,1788701306.4,78.42719716666667,17.110184333333333,True,2
1788701792.301,1788701306.6,78.42719650000001,17.1101925,True,2
1788701792.5,1788701306.8,78.42719583333333,17.1102005,True,2
1788701792.7,1788701307.0,78.42719533333334,17.110208833333335,True,2
1788701792.899,1788701307.2,78.42719466666668,17.110217499999997,True,2
1788701793.1,1788701307.4,78.427194,17.110225833333335,True,2
1788701793.301,1788701307.6,78.42719366666667,17.110234333333334,True,2
1788701793.5,1788701307.8,78.42719316666667,17.110243500000003,True,2
1788701793.703,1788701308.0,78.42719283333332,17.110252,True,2
1788701793.899,1788701308.2,78.4271925,17.110260666666665,True,2
1788701794.097,1788701308.4,78.42719216666666,17.11026916666667,True,2
1788701794.298,1788701308.6,78.427192,17.110277833333335,True,2
1788701794.499,1788701308.8,78.42719183333334,17.110286166666665,True,2
1788701794.7,1788701309.0,78.42719166666667,17.110295,True,2
1788701794.901,1788701309.2,78.42719149999999,17.1103035,True,2
1788701795.1,1788701309.4,78.42719133333334,17.110312,True,2
1788701795.299,1788701309.6,78.42719116666667,17.110320833333333,True,2
1788701795.498,1788701309.8,78.42719116666667,17.110329666666665,True,2
1788701795.699,1788701310.0,78.427191,17.110338333333335,True,2
1788701795.9,1788701310.2,78.42719116666667,17.110347,True,2
1788701796.099,1788701310.4,78.42719116666667,17.110355833333333,True,2
1788701796.3,1788701310.6,78.42719133333334,17.110364333333333,True,2
1788701796.501,1788701310.8,78.42719149999999,17.110372666666667,True,2
1788701796.699,1788701311.0,78.42719166666667,17.110381333333333,True,2
1788701796.901,1788701311.2,78.427192,17.11039,True,2
1788701797.102,1788701311.4,78.42719233333334,17.1103985,True,2
1788701797.301,1788701311.6,78.42719266666667,17.110406833333332,True,2
1788701797.5,1788701311.8,78.427193,17.1104155,True,2
1788701797.701,1788701312.0,78.42719333333334,17.110424000000002,True,2
1788701797.9,1788701312.2,78.42719366666667,17.110432333333332,True,2
1788701798.099,1788701312.4,78.42719416666667,17.110440333333333,True,2
1788701798.3,1788701312.6,78.4271945,17.1104485,True,2
1788701798.5,1788701312.8,78.427195,17.1104565,True,2
1788701798.701,1788701313.0,78.42719533333334,17.11046483333333,True,2
1788701798.901,1788701313.2,78.42719600000001,17.110472666666666,True,2
1788701799.108,1788701313.4,78.42719650000001,17.110480666666668,True,2
1788701799.3,1788701313.6,78.42719716666667,17.11048883333333,True,2
1788701799.499,1788701313.8,78.42719783333334,17.110496666666666,True,2
1788701799.701,1788701314.0,78.4271985,17.110504666666667,True,2
1788701799.898,1788701314.2,78.42719933333333,17.110512500000002,True,2
1788701800.099,1788701314.4,78.4272,17.110520166666667,True,2
1788701800.299,1788701314.6,78.42720083333333,17.110528,True,2
1788701800.497,1788701314.8,78.4272015,17.110535333333335,True,2
1788701800.7,1788701315.0,78.42720216666666,17.110542000000002,True,2
1788701800.897,1788701315.2,78.42720299999999,17.110549166666665,True,2
1788701801.098,1788701315.4,78.42720366666667,17.110556499999998,True,2
1788701801.299,1788701315.6,78.4272045,17.110563666666668,True,2
1788701801.501,1788701315.8,78.42720533333333,17.110570499999998,True,2
1788701801.7,1788701316.0,78.42720616666666,17.110577666666664,True,2
1788701801.9,1788701316.2,78.427207,17.1105845,True,2
1788701802.1,1788701316.4,78.42720783333333,17.110591666666668,True,2
1788701802.299,1788701316.6,78.42720883333332,17.1105985,True,2
1788701802.501,1788701316.8,78.42720983333334,17.110605333333336,True,2
1788701802.706,1788701317.0,78.42721066666667,17.110612333333332,True,2
1788701802.902,1788701317.2,78.42721166666666,17.110618833333334,True,2
1788701803.1,1788701317.4,78.42721266666668,17.1106255,True,2
1788701803.3,1788701317.6,78.42721366666666,17.1106325,True,2
1788701803.502,1788701317.8,78.42721466666667,17.110639,True,2
1788701803.698,1788701318.0,78.42721583333334,17.110646166666665,True,2
1788701803.905,1788701318.2,78.42721683333333,17.110653333333335,True,2
1788701804.106,1788701318.4,78.42721783333333,17.11066,True,2
1788701804.299,1788701318.6,78.427219,17.110666833333333,True,2
1788701804.499,1788701318.8,78.42722016666667,17.110673833333333,True,2
1788701804.7,1788701319.0,78.42722133333334,17.110681166666666,True,2
1788701804.899,1788701319.2,78.4272225,17.110688166666666,True,2
1788701805.098,1788701319.4,78.42722366666666,17.110695333333336,True,2
1788701805.302,1788701319.6,78.42722499999999,17.110702333333332,True,2
1788701805.5,1788701319.8,78.42722616666667,17.1107095,True,2
1788701805.701,1788701320.0,78.42722733333333,17.110716500000002,True,2
1788701805.9,1788701320.2,78.42722866666666,17.1107235,True,2
1788701806.101,1788701320.4,78.42722983333333,17.110730333333333,True,2
1788701806.3,1788701320.6,78.42723099999999,17.110737333333336,True,2
1788701806.5,1788701320.8,78.42723216666667,17.110743833333334,True,2
1788701806.7,1788701321.0,78.42723333333333,17.110750166666666,True,2
1788701806.902,1788701321.2,78.4272345,17.110756666666667,True,2
1788701807.099,1788701321.4,78.42723566666668,17.1107635,True,2
1788701807.301,1788701321.6,78.42723666666667,17.110769666666666,True,2
1788701807.499,1788701321.8,78.42723783333332,17.11077583333333,True,2
1788701807.698,1788701322.0,78.427239,17.110782500000003,True,2
1788701807.897,1788701322.2,78.42724033333334,17.11078966666667,True,2
1788701808.099,1788701322.4,78.42724150000001,17.110796166666667,True,2
1788701808.299,1788701322.6,78.42724266666667,17.11080283333333,True,2
1788701808.5,1788701322.8,78.427244,17.110810166666667,True,2
1788701808.701,1788701323.0,78.42724516666667,17.110817166666667,True,2
1788701808.9,1788701323.2,78.4272465,17.110824166666664,True,2
1788701809.101,1788701323.4,78.42724766666667,17.110831,True,2
1788701809.3,1788701323.6,78.427249,17.110838,True,2
1788701809.498,1788701323.8,78.42725,17.1108445,True,2
1788701809.7,1788701324.0,78.42725133333333,17.110851166666667,True,2
1788701809.9,1788701324.2,78.4272525,17.110857666666668,True,2
1788701810.098,1788701324.4,78.42725366666667,17.110864666666664,True,2
1788701810.297,1788701324.6,78.42725483333334,17.110871166666666,True,2
1788701810.498,1788701324.8,78.42725583333332,17.1108775,True,2
1788701810.698,1788701325.0,78.42725716666668,17.110884166666665,True,2
1788701810.898,1788701325.2,78.42725833333334,17.110890833333332,True,2
1788701811.097,1788701325.4,78.4272595,17.110897666666666,True,2
1788701811.3,1788701325.6,78.42726083333334,17.1109045,True,2
1788701811.5,1788701325.8,78.427262,17.110911666666667,True,2
1788701811.7,1788701326.0,78.42726333333333,17.110918333333334,True,2
1788701811.901,1788701326.2,78.42726466666666,17.110925166666668,True,2
1788701812.099,1788701326.4,78.42726583333334,17.1109325,True,2
1788701812.298,1788701326.6,78.42726716666667,17.110939166666665,True,2
1788701812.499,1788701326.8,78.42726833333333,17.110945833333336,True,2
1788701812.7,1788701327.0,78.42726966666667,17.110953,True,2
1788701812.898,1788701327.2,78.42727083333332,17.110959833333332,True,2
1788701813.098,1788701327.4,78.42727199999999,17.110966666666666,True,2
1788701813.296,1788701327.6,78.42727316666667,17.110973166666668,True,2
1788701813.499,1788701327.8,78.42727433333333,17.110979999999998,True,2
1788701813.701,1788701328.0,78.4272755,17.110986500000003,True,2
1788701813.901,1788701328.2,78.42727666666666,17.1109935,True,2
1788701814.102,1788701328.4,78.42727783333333,17.111000666666666,True,2
1788701814.298,1788701328.6,78.42727916666666,17.111007833333336,True,2
1788701814.497,1788701328.8,78.42728033333333,17.111014666666666,True,2
1788701814.698,1788701329.0,78.42728166666667,17.111022,True,2
1788701814.898,1788701329.2,78.42728283333332,17.111029166666665,True,2
1788701815.1,1788701329.4,78.427284,17.111036333333335,True,2
1788701815.296,1788701329.6,78.42728533333334,17.111043333333335,True,2
1788701815.498,1788701329.8,78.42728666666667,17.111050166666665,True,2
1788701815.699,1788701330.0,78.42728783333334,17.11105716666667,True,2
1788701815.899,1788701330.2,78.427289,17.111063666666666,True,2
1788701816.096,1788701330.4,78.42729016666667,17.111070833333333,True,2
1788701816.299,1788701330.6,78.42729133333334,17.111077666666667,True,2
1788701816.498,1788701330.8,78.42729250000001,17.111084166666668,True,2
1788701816.7,1788701331.0,78.42729366666667,17.111090833333332,True,2
1788701816.898,1788701331.2,78.42729483333332,17.111098000000002,True,2
1788701817.101,1788701331.4,78.427296,17.111104666666666,True,2
1788701817.3,1788701331.6,78.42729716666666,17.111111666666666,True,2
1788701817.497,1788701331.8,78.42729833333333,17.111118666666666,True,2
1788701817.698,1788701332.0,78.42729949999999,17.111126000000002,True,2
1788701817.911,1788701332.2,78.42730066666667,17.111132333333334,True,2
1788701818.099,1788701332.4,78.42730183333333,17.111139666666666,True,2
1788701818.301,1788701332.6,78.427303,17.111146666666667,True,2
1788701818.501,1788701332.8,78.42730416666667,17.11115433333333,True,2
1788701818.699,1788701333.0,78.42730533333334,17.11116133333333,True,2
1788701818.896,1788701333.2,78.42730666666667,17.1111685,True,2
1788701819.1,1788701333.4,78.42730783333333,17.111175166666666,True,2
1788701819.301,1788701333.6,78.42730883333334,17.111182666666664,True,2
1788701819.502,1788701333.8,78.42731,17.111189833333334,True,2
1788701819.701,1788701334.0,78.42731116666667,17.111196500000002,True,2
1788701819.901,1788701334.2,78.42731233333333,17.111203166666666,True,2
1788701820.1,1788701334.4,78.42731350000001,17.11121016666667,True,2
1788701820.297,1788701334.6,78.42731466666667,17.11121766666667,True,2
1788701820.497,1788701334.8,78.42731583333332,17.111224166666666,True,2
1788701820.698,1788701335.0,78.42731699999999,17.11123083333333,True,2
1788701820.9,1788701335.2,78.42731816666667,17.111238500000002,True,2
1788701821.096,1788701335.4,78.42731933333333,17.1112455,True,2
1788701821.298,1788701335.6,78.4273205,17.111252333333333,True,2
1788701821.497,1788701335.8,78.42732183333332,17.111259500000003,True,2
1788701821.7,1788701336.0,78.42732299999999,17.111267,True,2
1788701821.9,1788701336.2,78.42732416666666,17.111273833333332,True,2
1788701822.101,1788701336.4,78.42732533333333,17.111280833333335,True,2
1788701822.299,1788701336.6,78.42732649999999,17.111288166666668,True,2
1788701822.5,1788701336.8,78.42732766666667,17.111294833333332,True,2
1788701822.7,1788701337.0,78.42732883333333,17.111301500000003,True,2
1788701822.902,1788701337.2,78.42733,17.111308666666666,True,2
1788701823.099,1788701337.4,78.42733116666666,17.111315833333332,True,2
1788701823.299,1788701337.6,78.42733216666667,17.11132316666667,True,2
1788701823.499,1788701337.8,78.42733333333334,17.111330833333334,True,2
1788701823.698,1788701338.0,78.4273345,17.111338,True,2
1788701823.9,1788701338.2,78.42733566666668,17.111345333333336,True,2
1788701824.099,1788701338.4,78.42733683333333,17.111353,True,2
1788701824.299,1788701338.6,78.42733783333333,17.111361,True,2
1788701824.497,1788701338.8,78.427339,17.111368666666667,True,2
1788701824.698,1788701339.0,78.42734016666667,17.111376166666666,True,2
1788701824.9,1788701339.2,78.42734133333333,17.11138383333333,True,2
1788701825.101,1788701339.4,78.4273425,17.111391333333334,True,2
1788701825.297,1788701339.6,78.4273435,17.1113985,True,2
1788701825.533,1788701339.8,78.42734466666667,17.111405666666666,True,2
1788701825.698,1788701340.0,78.42734566666667,17.111413333333335,True,2
1788701825.899,1788701340.2,78.42734683333333,17.111421,True,2
1788701826.1,1788701340.4,78.42734783333334,17.1114285,True,2
1788701826.299,1788701340.6,78.427349,17.11143566666667,True,2
1788701826.5,1788701340.8,78.42735016666667,17.111442833333335,True,2
1788701826.699,1788701341.0,78.42735116666667,17.111450333333334,True,2
1788701826.897,1788701341.2,78.42735216666667,17.111458333333335,True,2
1788701827.098,1788701341.4,78.42735333333333,17.111465666666668,True,2
1788701827.3,1788701341.6,78.4273545,17.111473166666666,True,2
1788701827.5,1788701341.8,78.4273555,17.111480833333335,True,2
1788701827.701,1788701342.0,78.42735666666667,17.111488333333334,True,2
1788701827.9,1788701342.2,78.42735766666667,17.111495833333333,True,2
1788701828.1,1788701342.4,78.42735883333333,17.111503333333335,True,2
1788701828.3,1788701342.6,78.42735983333334,17.111511166666666,True,2
1788701828.499,1788701342.8,78.427361,17.111518333333333,True,2
1788701828.7,1788701343.0,78.42736199999999,17.111526166666668,True,2
1788701828.899,1788701343.2,78.427363,17.111533666666666,True,2
1788701829.115,1788701343.4,78.42736416666666,17.111541,True,2
1788701829.299,1788701343.6,78.42736516666668,17.11154816666667,True,2
1788701829.5,1788701343.8,78.42736616666666,17.111555333333335,True,2
1788701829.7,1788701344.0,78.42736733333332,17.111562499999998,True,2
1788701829.898,1788701344.2,78.42736833333333,17.111569666666664,True,2
1788701830.101,1788701344.4,78.4273695,17.111577,True,2
1788701830.3,1788701344.6,78.42737050000001,17.111584666666666,True,2
1788701830.498,1788701344.8,78.42737166666667,17.111591666666666,True,2
1788701830.699,1788701345.0,78.42737266666667,17.1115995,True,2
1788701830.899,1788701345.2,78.42737383333333,17.111607166666666,True,2
1788701831.099,1788701345.4,78.427375,17.111614333333332,True,2
1788701831.296,1788701345.6,78.42737600000001,17.111622333333333,True,2
1788701831.497,1788701345.8,78.42737716666667,17.111629666666666,True,2
1788701831.697,1788701346.0,78.42737816666666,17.11163733333333,True,2
1788701831.898,1788701346.2,78.42737933333333,17.111645,True,2
1788701832.099,1788701346.4,78.42738033333333,17.111652333333332,True,2
1788701832.3,1788701346.6,78.42738133333334,17.111659666666664,True,2
1788701832.499,1788701346.8,78.42738250000001,17.111667166666667,True,2
1788701832.696,1788701347.0,78.42738349999999,17.1116745,True,2
1788701832.9,1788701347.2,78.42738466666667,17.111681666666666,True,2
1788701833.101,1788701347.4,78.42738566666667,17.111689166666668,True,2
1788701833.3,1788701347.6,78.42738683333333,17.111696666666667,True,2
1788701833.501,1788701347.8,78.42738800000001,17.111703833333333,True,2
1788701833.701,1788701348.0,78.42738899999999,17.111711666666668,True,2
1788701833.901,1788701348.2,78.42739033333334,17.111719333333333,True,2
1788701834.099,1788701348.4,78.42739133333333,17.111727,True,2
1788701834.301,1788701348.6,78.4273925,17.111734833333333,True,2
1788701834.502,1788701348.8,78.42739350000001,17.111742333333332,True,2
1788701834.7,1788701349.0,78.42739466666667,17.111749999999997,True,2
1788701834.899,1788701349.2,78.42739566666667,17.111757833333336,True,2
1788701835.098,1788701349.4,78.42739666666667,17.111765166666665,True,2
1788701835.298,1788701349.6,78.42739766666666,17.111772666666663,True,2
1788701835.496,1788701349.8,78.42739883333334,17.111779833333333,True,2
1788701835.699,1788701350.0,78.42739983333333,17.111787166666666,True,2
1788701835.901,1788701350.2,78.42740083333334,17.11179483333333,True,2
1788701836.101,1788701350.4,78.427402,17.111802166666667,True,2
1788701836.3,1788701350.6,78.427403,17.1118095,True,2
1788701836.499,1788701350.8,78.42740416666668,17.111816833333332,True,2
1788701836.7,1788701351.0,78.4274055,17.11182416666667,True,2
1788701836.9,1788701351.2,78.42740666666667,17.1118315,True,2
1788701837.1,1788701351.4,78.42740783333333,17.111839166666666,True,2
1788701837.3,1788701351.6,78.427409,17.111847,True,2
1788701837.5,1788701351.8,78.42741016666668,17.111854333333333,True,2
1788701837.7,1788701352.0,78.42741116666666,17.111861833333332,True,2
1788701837.898,1788701352.2,78.42741233333332,17.111869666666667,True,2
1788701838.098,1788701352.4,78.42741333333333,17.111877,True,2
1788701838.299,1788701352.6,78.42741433333335,17.111884166666666,True,2
1788701838.499,1788701352.8,78.42741550000001,17.11189166666667,True,2
1788701838.702,1788701353.0,78.42741649999999,17.1118995,True,2
1788701838.898,1788701353.2,78.42741766666667,17.1119065,True,2
1788701839.098,1788701353.4,78.42741866666667,17.111914000000002,True,2
1788701839.3,1788701353.6,78.42741983333333,17.11192133333333,True,2
1788701839.499,1788701353.8,78.42742100000001,17.111929333333332,True,2
1788701839.7,1788701354.0,78.42742199999999,17.11193666666667,True,2
1788701839.899,1788701354.2,78.42742316666666,17.111944166666667,True,2
1788701840.098,1788701354.4,78.42742433333333,17.111952166666665,True,2
1788701840.299,1788701354.6,78.42742533333333,17.111959833333334,True,2
1788701840.501,1788701354.8,78.4274265,17.1119675,True,2
1788701840.7,1788701355.0,78.42742766666667,17.111974999999997,True,2
1788701840.897,1788701355.2,78.42742883333334,17.111982666666666,True,2
1788701841.097,1788701355.4,78.42742983333332,17.111990833333333,True,2
1788701841.297,1788701355.6,78.42743083333333,17.11199816666667,True,2
1788701841.499,1788701355.8,78.427432,17.112006,True,2
1788701841.701,1788701356.0,78.42743300000001,17.1120135,True,2
1788701841.903,1788701356.2,78.42743399999999,17.11202116666667,True,2
1788701842.101,1788701356.4,78.427435,17.112028666666667,True,2
1788701842.299,1788701356.6,78.427436,17.112036333333332,True,2
1788701842.499,1788701356.8,78.42743716666668,17.112044,True,2
1788701842.702,1788701357.0,78.42743816666666,17.112052000000002,True,2
1788701842.898,1788701357.2,78.42743916666667,17.112059666666667,True,2
1788701843.1,1788701357.4,78.42744033333334,17.11206766666667,True,2
1788701843.298,1788701357.6,78.4274415,17.112075333333333,True,2
1788701843.498,1788701357.8,78.42744250000001,17.11208333333333,True,2
1788701843.699,1788701358.0,78.42744366666668,17.112091000000003,True,2
1788701843.901,1788701358.2,78.42744466666666,17.112099,True,2
1788701844.102,1788701358.4,78.42744583333334,17.1121065,True,2
1788701844.3,1788701358.6,78.427447,17.112114333333334,True,2
1788701844.503,1788701358.8,78.427448,17.112122333333332,True,2
1788701844.699,1788701359.0,78.427449,17.11212983333333,True,2
1788701844.9,1788701359.2,78.42745,17.112137166666667,True,2
1788701845.097,1788701359.4,78.42745116666667,17.112144666666666,True,2
1788701845.299,1788701359.6,78.42745216666667,17.112152166666664,True,2
1788701845.499,1788701359.8,78.42745333333333,17.11216,True,2
1788701845.698,1788701360.0,78.42745450000001,17.112167666666668,True,2
1788701845.9,1788701360.2,78.42745566666667,17.112175333333333,True,2
1788701846.099,1788701360.4,78.42745666666666,17.112183166666668,True,2
1788701846.301,1788701360.6,78.42745783333334,17.112191,True,2
1788701846.499,1788701360.8,78.427459,17.112198499999998,True,2
1788701846.7,1788701361.0,78.42746000000001,17.112206,True,2
1788701846.913,1788701361.2,78.42746116666667,17.112213833333332,True,2
1788701847.101,1788701361.4,78.42746233333334,17.112221499999997,True,2
1788701847.301,1788701361.6,78.4274635,17.11222916666667,True,2
1788701847.501,1788701361.8,78.4274645,17.112236166666666,True,2
1788701847.702,1788701362.0,78.42746566666666,17.112243999999997,True,2
1788701847.9,1788701362.2,78.42746683333333,17.1122515,True,2
1788701848.1,1788701362.4,78.427468,17.112258666666666,True,2
1788701848.301,1788701362.6,78.427469,17.112265999999998,True,2
1788701848.501,1788701362.8,78.42747016666667,17.112273666666667,True,2
1788701848.701,1788701363.0,78.42747133333334,17.112281333333332,True,2
1788701848.901,1788701363.2,78.42747250000001,17.1122885,True,2
1788701849.132,1788701363.4,78.42747366666667,17.112295666666668,True,2
1788701849.297,1788701363.6,78.42747483333332,17.112303333333333,True,2
1788701849.502,1788701363.8,78.42747583333333,17.112310833333332,True,2
1788701849.702,1788701364.0,78.427477,17.112318333333334,True,2
1788701849.902,1788701364.2,78.42747816666666,17.112325833333333,True,2
1788701850.101,1788701364.4,78.42747933333334,17.112333166666666,True,2
1788701850.301,1788701364.6,78.42748033333334,17.112341,True,2
1788701850.502,1788701364.8,78.42748166666667,17.1123485,True,2
1788701850.7,1788701365.0,78.42748266666668,17.11235633333333,True,2
1788701850.899,1788701365.2,78.42748366666666,17.112363833333333,True,2
1788701851.098,1788701365.4,78.42748483333334,17.112371333333332,True,2
1788701851.3,1788701365.6,78.427486,17.11237883333333,True,2
1788701851.498,1788701365.8,78.427487,17.1123865,True,2
1788701851.699,1788701366.0,78.427488,17.112393666666666,True,2
1788701851.899,1788701366.2,78.42748916666666,17.112401666666663,True,2
1788701852.1,1788701366.4,78.42749016666667,17.112409333333336,True,2
1788701852.301,1788701366.6,78.42749116666667,17.112416833333334,True,2
1788701852.501,1788701366.8,78.42749233333333,17.1124245,True,2
1788701852.701,1788701367.0,78.42749350000001,17.112432166666668,True,2
1788701852.901,1788701367.2,78.42749466666668,17.112439666666667,True,2
1788701853.101,1788701367.4,78.42749566666666,17.112447166666666,True,2
1788701853.3,1788701367.6,78.42749683333334,17.112455166666667,True,2
1788701853.5,1788701367.8,78.427498,17.1124625,True,2
1788701853.702,1788701368.0,78.42749916666666,17.11247033333333,True,2
1788701853.901,1788701368.2,78.42750016666668,17.112478,True,2
1788701854.099,1788701368.4,78.42750133333334,17.112485,True,2
1788701854.3,1788701368.6,78.42750233333332,17.11249283333333,True,2
1788701854.499,1788701368.8,78.4275035,17.112500666666666,True,2
1788701854.701,1788701369.0,78.4275045,17.112508166666665,True,2
1788701854.901,1788701369.2,78.42750566666668,17.112515666666663,True,2
1788701855.1,1788701369.4,78.42750666666667,17.112523166666666,True,2
1788701855.299,1788701369.6,78.42750783333332,17.112531166666667,True,2
1788701855.498,1788701369.8,78.42750883333333,17.11253866666667,True,2
1788701855.699,1788701370.0,78.42751,17.112546166666668,True,2
1788701855.9,1788701370.2,78.42751133333333,17.112553666666667,True,2
1788701856.098,1788701370.4,78.42751233333334,17.112561333333336,True,2
1788701856.3,1788701370.6,78.4275135,17.112568833333334,True,2
1788701856.501,1788701370.8,78.42751466666667,17.112575666666665,True,2
1788701856.7,1788701371.0,78.42751583333333,17.112582999999997,True,2
1788701856.9,1788701371.2,78.42751700000001,17.112590666666666,True,2
1788701857.101,1788701371.4,78.42751816666667,17.112598333333334,True,2
1788701857.299,1788701371.6,78.42751916666666,17.112605666666663,True,2
1788701857.498,1788701371.8,78.42752033333333,17.112612833333333,True,2
1788701857.702,1788701372.0,78.42752166666668,17.1126205,True,2
1788701857.901,1788701372.2,78.4275225,17.112628166666664,True,2
1788701858.101,1788701372.4,78.42752383333332,17.112635666666666,True,2
1788701858.301,1788701372.6,78.42752483333334,17.11264333333333,True,2
1788701858.502,1788701372.8,78.427526,17.11265116666667,True,2
1788701858.702,1788701373.0,78.42752716666668,17.112658833333334,True,2
1788701858.897,1788701373.2,78.42752833333334,17.1126655,True,2
1788701859.1,1788701373.4,78.4275295,17.112673166666664,True,2
1788701859.299,1788701373.6,78.42753066666667,17.112680666666666,True,2
1788701859.5,1788701373.8,78.42753183333333,17.112688166666665,True,2
1788701859.7,1788701374.0,78.427533,17.112695,True,2
1788701859.9,1788701374.2,78.42753416666666,17.11270216666667,True,2
1788701860.099,1788701374.4,78.42753533333332,17.1127095,True,2
1788701860.297,1788701374.6,78.4275365,17.11271683333333,True,2
1788701860.501,1788701374.8,78.42753766666667,17.112723833333334,True,2
1788701860.702,1788701375.0,78.42753866666666,17.112731166666666,True,2
1788701860.899,1788701375.2,78.42754,17.112738999999998,True,2
1788701861.098,1788701375.4,78.42754116666667,17.112746166666668,True,2
1788701861.299,1788701375.6,78.42754233333334,17.1127535,True,2
1788701861.5,1788701375.8,78.4275435,17.112761499999998,True,2
1788701861.699,1788701376.0,78.42754466666666,17.112769,True,2
1788701861.9,1788701376.2,78.42754599999999,17.112776666666665,True,2
1788701862.1,1788701376.4,78.42754716666667,17.11278433333333,True,2
1788701862.299,1788701376.6,78.42754816666667,17.11279216666667,True,2
1788701862.499,1788701376.8,78.42754933333335,17.112799666666668,True,2
1788701862.701,1788701377.0,78.42755050000001,17.112807333333333,True,2
1788701862.9,1788701377.2,78.42755166666667,17.11281466666667,True,2
1788701863.098,1788701377.4,78.42755266666667,17.1128225,True,2
1788701863.301,1788701377.6,78.42755383333333,17.112830499999998,True,2
1788701863.507,1788701377.8,78.42755483333333,17.112838,True,2
1788701863.702,1788701378.0,78.42755600000001,17.112845333333333,True,2
1788701863.9,1788701378.2,78.427557,17.112852999999998,True,2
1788701864.102,1788701378.4,78.42755816666666,17.112860666666666,True,2
1788701864.302,1788701378.6,78.42755933333333,17.1128685,True,2
1788701864.499,1788701378.8,78.42756033333333,17.112876000000004,True,2
1788701864.699,1788701379.0,78.4275615,17.11288366666667,True,2
1788701864.901,1788701379.2,78.42756266666667,17.112891333333334,True,2
1788701865.1,1788701379.4,78.42756383333334,17.11289916666667,True,2
1788701865.299,1788701379.6,78.42756483333332,17.112906666666667,True,2
1788701865.5,1788701379.8,78.427566,17.112914333333332,True,2
1788701865.697,1788701380.0,78.42756716666666,17.112922,True,2
1788701865.9,1788701380.2,78.42756833333333,17.112929833333332,True,2
1788701866.102,1788701380.4,78.42756949999999,17.112937499999997,True,2
1788701866.301,1788701380.6,78.4275705,17.112945,True,2
1788701866.501,1788701380.8,78.42757166666667,17.112952333333332,True,2
1788701866.7,1788701381.0,78.42757283333334,17.1129595,True,2
1788701866.9,1788701381.2,78.42757383333333,17.112967,True,2
1788701867.1,1788701381.4,78.42757499999999,17.112974333333334,True,2
1788701867.3,1788701381.6,78.427576,17.112981833333333,True,2
1788701867.501,1788701381.8,78.42757716666667,17.112989000000002,True,2
1788701867.701,1788701382.0,78.42757833333333,17.112996666666668,True,2
1788701867.9,1788701382.2,78.42757950000001,17.113004,True,2
1788701868.1,1788701382.4,78.42758066666667,17.113010999999997,True,2
1788701868.3,1788701382.6,78.42758183333333,17.1130185,True,2
1788701868.498,1788701382.8,78.427583,17.113026333333334,True,2
1788701868.701,1788701383.0,78.427584,17.11303366666667,True,2
1788701868.9,1788701383.2,78.42758516666666,17.1130415,True,2
1788701869.099,1788701383.4,78.42758633333332,17.113048666666668,True,2
1788701869.302,1788701383.6,78.4275875,17.113056500000003,True,2
1788701869.501,1788701383.8,78.42758866666667,17.11306366666667,True,2
1788701869.701,1788701384.0,78.42758966666666,17.113071166666668,True,2
1788701869.898,1788701384.2,78.42759083333334,17.113078499999997,True,2
1788701870.098,1788701384.4,78.427592,17.11308616666667,True,2
1788701870.3,1788701384.6,78.42759299999999,17.113093499999998,True,2
1788701870.502,1788701384.8,78.42759416666667,17.113100999999997,True,2
1788701870.701,1788701385.0,78.42759516666666,17.11310866666667,True,2
1788701870.9,1788701385.2,78.42759616666667,17.113116166666668,True,2
1788701871.098,1788701385.4,78.42759733333334,17.113123499999997,True,2
1788701871.296,1788701385.6,78.4275985,17.113130666666667,True,2
1788701871.497,1788701385.8,78.42759966666668,17.113138,True,2
1788701871.7,1788701386.0,78.42760083333333,17.11314583333333,True,2
1788701871.9,1788701386.2,78.42760183333333,17.1131535,True,2
1788701872.098,1788701386.4,78.427603,17.113160999999998,True,2
1788701872.299,1788701386.6,78.42760416666667,17.113168499999997,True,2
1788701872.5,1788701386.8,78.42760516666667,17.113176166666666,True,2
1788701872.699,1788701387.0,78.42760633333334,17.113183666666664,True,2
1788701872.9,1788701387.2,78.42760750000001,17.113191333333337,True,2
1788701873.1,1788701387.4,78.42760849999999,17.113198666666666,True,2
1788701873.299,1788701387.6,78.4276095,17.113206333333334,True,2
1788701873.499,1788701387.8,78.42761066666667,17.113213499999997,True,2
1788701873.7,1788701388.0,78.42761166666666,17.113220833333333,True,2
1788701873.9,1788701388.2,78.42761283333333,17.113228333333332,True,2
1788701874.099,1788701388.4,78.42761383333333,17.113236166666663,True,2
1788701874.3,1788701388.6,78.427615,17.113243666666666,True,2
1788701874.5,1788701388.8,78.42761616666667,17.1132515,True,2
1788701874.702,1788701389.0,78.42761716666668,17.11325916666667,True,2
1788701874.9,1788701389.2,78.42761833333334,17.113266666666668,True,2
1788701875.101,1788701389.4,78.42761966666667,17.113274,True,2
1788701875.297,1788701389.6,78.42762066666666,17.113281833333335,True,2
1788701875.497,1788701389.8,78.42762183333333,17.113289333333334,True,2
1788701875.697,1788701390.0,78.42762283333333,17.1132965,True,2
1788701875.896,1788701390.2,78.427624,17.113303833333337,True,2
1788701876.098,1788701390.4,78.42762516666667,17.113311166666666,True,2
1788701876.299,1788701390.6,78.42762616666667,17.113318166666666,True,2
1788701876.499,1788701390.8,78.42762733333333,17.113325666666665,True,2
1788701876.701,1788701391.0,78.42762833333333,17.113333,True,2
1788701876.899,1788701391.2,78.4276295,17.1133405,True,2
1788701877.117,1788701391.4,78.42763083333332,17.113347333333333,True,2
1788701877.301,1788701391.6,78.42763199999999,17.113354833333336,True,2
1788701877.501,1788701391.8,78.42763316666667,17.113362166666665,True,2
1788701877.701,1788701392.0,78.42763433333333,17.113369666666664,True,2
1788701877.932,1788701392.2,78.4276355,17.113377166666666,True,2
1788701878.101,1788701392.4,78.42763683333332,17.113384833333335,True,2
1788701878.301,1788701392.6,78.42763783333334,17.113392666666666,True,2
1788701878.501,1788701392.8,78.42763916666667,17.11340016666667,True,2
1788701878.701,1788701393.0,78.42764033333333,17.113407333333335,True,2
1788701878.9,1788701393.2,78.4276415,17.113415,True,2
1788701879.099,1788701393.4,78.4276425,17.11342266666667,True,2
1788701879.3,1788701393.6,78.42764366666667,17.113430166666667,True,2
1788701879.5,1788701393.8,78.42764483333333,17.113437166666664,True,2
1788701879.7,1788701394.0,78.42764583333333,17.113444833333332,True,2
1788701879.902,1788701394.2,78.427647,17.113452666666667,True,2
1788701880.1,1788701394.4,78.427648,17.113460166666666,True,2
1788701880.312,1788701394.6,78.42764916666667,17.113467833333335,True,2
1788701880.502,1788701394.8,78.42765033333333,17.113475333333334,True,2
1788701880.701,1788701395.0,78.4276515,17.113483,True,2
1788701880.902,1788701395.2,78.42765266666667,17.113491,True,2
1788701881.101,1788701395.4,78.42765383333334,17.11349883333333,True,2
1788701881.297,1788701395.6,78.427655,17.113506500000003,True,2
1788701881.496,1788701395.8,78.427656,17.113514666666667,True,2
1788701881.699,1788701396.0,78.42765716666666,17.113522166666666,True,2
1788701881.898,1788701396.2,78.42765833333333,17.11353,True,2
1788701882.099,1788701396.4,78.42765933333334,17.1135375,True,2
1788701882.298,1788701396.6,78.4276605,17.113545166666665,True,2
1788701882.501,1788701396.8,78.42766150000001,17.113552833333333,True,2
1788701882.701,1788701397.0,78.4276625,17.113560333333332,True,2
1788701882.902,1788701397.2,78.42766350000001,17.113567666666665,True,2
1788701883.103,1788701397.4,78.42766466666667,17.113575333333333,True,2
1788701883.301,1788701397.6,78.42766566666666,17.113582833333332,True,2
1788701883.5,1788701397.8,78.42766666666667,17.113590166666665,True,2
1788701883.7,1788701398.0,78.42766783333333,17.113597833333333,True,2
1788701883.901,1788701398.2,78.427669,17.11360566666667,True,2
1788701884.101,1788701398.4,78.42767,17.113613166666667,True,2
1788701884.3,1788701398.6,78.42767116666667,17.113621333333334,True,2
1788701884.498,1788701398.8,78.42767216666667,17.113629,True,2
1788701884.699,1788701399.0,78.42767333333333,17.1136365,True,2
1788701884.901,1788701399.2,78.42767433333333,17.11364466666667,True,2
1788701885.099,1788701399.4,78.4276755,17.113652333333334,True,2
1788701885.299,1788701399.6,78.4276765,17.1136595,True,2
1788701885.498,1788701399.8,78.4276775,17.113667000000003,True,2
1788701885.7,1788701400.0,78.42767866666667,17.113675,True,2
1788701885.901,1788701400.2,78.42767966666666,17.113682166666667,True,2
1788701886.099,1788701400.4,78.42768083333334,17.11368966666667,True,2
1788701886.299,1788701400.6,78.427682,17.113697166666668,True,2
1788701886.498,1788701400.8,78.42768283333334,17.113705,True,2
1788701886.699,1788701401.0,78.427684,17.113712666666668,True,2
1788701886.899,1788701401.2,78.42768500000001,17.113720166666667,True,2
1788701887.1,1788701401.4,78.42768633333334,17.113727833333332,True,2
1788701887.298,1788701401.6,78.4276875,17.113735666666667,True,2
1788701887.499,1788701401.8,78.4276885,17.113743333333332,True,2
1788701887.7,1788701402.0,78.42768966666667,17.11375083333333,True,2
1788701887.897,1788701402.2,78.42769083333333,17.113758333333333,True,2
1788701888.101,1788701402.4,78.427692,17.113766166666668,True,2
1788701888.299,1788701402.6,78.427693,17.11377333333333,True,2
1788701888.5,1788701402.8,78.42769416666667,17.113780333333334,True,2
1788701888.701,1788701403.0,78.42769533333333,17.113787833333333,True,2
1788701888.9,1788701403.2,78.42769633333334,17.1137955,True,2
1788701889.102,1788701403.4,78.42769733333333,17.113802833333335,True,2
1788701889.299,1788701403.6,78.42769849999999,17.11381,True,2
1788701889.499,1788701403.8,78.4276995,17.113817833333332,True,2
1788701889.699,1788701404.0,78.42770066666667,17.1138255,True,2
1788701889.9,1788701404.2,78.42770166666666,17.113833,True,2
1788701890.099,1788701404.4,78.42770283333333,17.11384083333333,True,2
1788701890.299,1788701404.6,78.42770416666667,17.113848833333336,True,2
1788701890.498,1788701404.8,78.42770516666666,17.113856666666667,True,2
1788701890.699,1788701405.0,78.42770633333333,17.113864333333332,True,2
1788701890.902,1788701405.2,78.4277075,17.113871666666668,True,2
1788701891.1,1788701405.4,78.42770866666666,17.113879666666666,True,2
1788701891.299,1788701405.6,78.42770983333334,17.113886833333332,True,2
1788701891.498,1788701405.8,78.42771083333334,17.113894000000002,True,2
1788701891.699,1788701406.0,78.42771183333333,17.11390116666667,True,2
1788701891.902,1788701406.2,78.427713,17.113908499999997,True,2
1788701892.098,1788701406.4,78.42771416666666,17.113915666666667,True,2
1788701892.297,1788701406.6,78.42771516666667,17.113923166666666,True,2
1788701892.498,1788701406.8,78.42771616666667,17.113930166666666,True,2
1788701892.7,1788701407.0,78.42771733333333,17.113938,True,2
1788701892.9,1788701407.2,78.42771833333333,17.113945,True,2
1788701893.099,1788701407.4,78.4277195,17.113952666666666,True,2
1788701893.299,1788701407.6,78.42772066666666,17.113960000000002,True,2
1788701893.498,1788701407.8,78.42772166666667,17.113967833333334,True,2
1788701893.701,1788701408.0,78.42772283333333,17.11397583333333,True,2
1788701893.902,1788701408.2,78.427724,17.113983833333336,True,2
1788701894.102,1788701408.4,78.42772516666668,17.113991666666667,True,2
1788701894.302,1788701408.6,78.42772633333334,17.113999333333332,True,2
1788701894.501,1788701408.8,78.4277275,17.114007166666667,True,2
1788701894.7,1788701409.0,78.4277285,17.114014666666666,True,2
1788701894.901,1788701409.2,78.4277295,17.114022166666665,True,2
1788701895.102,1788701409.4,78.42773050000001,17.114029333333335,True,2
1788701895.299,1788701409.6,78.42773166666666,17.1140365,True,2
1788701895.497,1788701409.8,78.42773266666667,17.114044,True,2
1788701895.697,1788701410.0,78.42773383333333,17.114051500000002,True,2
1788701895.897,1788701410.2,78.42773483333333,17.114058833333335,True,2
1788701896.101,1788701410.4,78.42773600000001,17.1140665,True,2
1788701896.302,1788701410.6,78.42773716666667,17.1140745,True,2
1788701896.5,1788701410.8,78.42773833333334,17.114082333333332,True,2
1788701896.699,1788701411.0,78.4277395,17.114090166666664,True,2
1788701896.899,1788701411.2,78.42774066666666,17.114098000000002,True,2
1788701897.097,1788701411.4,78.42774183333333,17.114105833333333,True,2
1788701897.297,1788701411.6,78.42774283333333,17.1141135,True,2
1788701897.498,1788701411.8,78.427744,17.114121333333333,True,2
1788701897.697,1788701412.0,78.427745,17.114128333333333,True,2
1788701897.899,1788701412.2,78.42774616666667,17.114135666666666,True,2
1788701898.098,1788701412.4,78.42774733333334,17.114143333333335,True,2
1788701898.298,1788701412.6,78.42774833333333,17.1141505,True,2
1788701898.498,1788701412.8,78.42774949999999,17.114158,True,2
1788701898.697,1788701413.0,78.4277505,17.114165333333336,True,2
1788701898.895,1788701413.2,78.42775150000001,17.114173,True,2
1788701899.097,1788701413.4,78.42775266666666,17.114180166666664,True,2
1788701899.297,1788701413.6,78.42775383333333,17.114187666666666,True,2
1788701899.503,1788701413.8,78.42775483333334,17.11419533333333,True,2
1788701899.698,1788701414.0,78.427756,17.114203166666666,True,2
1788701899.897,1788701414.2,78.42775716666667,17.114210833333335,True,2
1788701900.099,1788701414.4,78.42775816666668,17.114218333333334,True,2
1788701900.295,1788701414.6,78.42775933333334,17.114226,True,2
1788701900.497,1788701414.8,78.4277605,17.114233666666667,True,2
1788701900.699,1788701415.0,78.4277615,17.114241333333332,True,2
1788701900.898,1788701415.2,78.42776266666667,17.11424883333333,True,2
1788701901.096,1788701415.4,78.42776383333333,17.114256166666667,True,2
1788701901.296,1788701415.6,78.42776483333334,17.114264,True,2
1788701901.497,1788701415.8,78.427766,17.114271166666665,True,2
1788701901.694,1788701416.0,78.42776699999999,17.114279,True,2
1788701901.898,1788701416.2,78.42776816666667,17.1142865,True,2
1788701902.095,1788701416.4,78.42776933333333,17.11429383333333,True,2
1788701902.297,1788701416.6,78.42777033333333,17.114301333333334,True,2
1788701902.496,1788701416.8,78.4277715,17.114308833333332,True,2
1788701902.698,1788701417.0,78.4277725,17.114316499999997,True,2
1788701902.897,1788701417.2,78.42777366666665,17.114324333333332,True,2
1788701903.099,1788701417.4,78.42777466666666,17.11433183333333,True,2
1788701903.297,1788701417.6,78.42777583333333,17.11433966666667,True,2
1788701903.496,1788701417.8,78.427777,17.114347333333335,True,2
1788701903.699,1788701418.0,78.427778,17.114355166666666,True,2
1788701903.897,1788701418.2,78.42777916666667,17.114362500000002,True,2
1788701904.096,1788701418.4,78.42778033333335,17.11436966666667,True,2
1788701904.297,1788701418.6,78.42778150000001,17.1143775,True,2
1788701904.496,1788701418.8,78.42778266666666,17.11438516666667,True,2
1788701904.698,1788701419.0,78.42778383333332,17.1143925,True,2
1788701904.9,1788701419.2,78.427785,17.1144,True,2
1788701905.098,1788701419.4,78.427786,17.11440766666667,True,2
1788701905.299,1788701419.6,78.42778716666666,17.114415166666667,True,2
1788701905.496,1788701419.8,78.42778833333334,17.114423,True,2
1788701905.695,1788701420.0,78.4277895,17.114430333333335,True,2
1788701905.896,1788701420.2,78.4277905,17.114437833333334,True,2
1788701906.097,1788701420.4,78.42779166666666,17.1144455,True,2
1788701906.296,1788701420.6,78.42779283333333,17.114453,True,2
1788701906.497,1788701420.8,78.42779399999999,17.1144605,True,2
1788701906.698,1788701421.0,78.42779516666666,17.114468166666665,True,2
1788701906.896,1788701421.2,78.42779616666667,17.11447616666667,True,2
1788701907.096,1788701421.4,78.42779733333333,17.1144835,True,2
1788701907.296,1788701421.6,78.42779850000001,17.114491166666667,True,2
1788701907.498,1788701421.8,78.42779966666667,17.114498333333334,True,2
1788701907.698,1788701422.0,78.42780066666666,17.11450616666667,True,2
1788701907.898,1788701422.2,78.42780166666667,17.114513499999997,True,2
1788701908.097,1788701422.4,78.42780283333333,17.114521,True,2
1788701908.298,1788701422.6,78.427804,17.114528833333335,True,2
1788701908.499,1788701422.8,78.427805,17.1145365,True,2
1788701908.698,1788701423.0,78.42780616666667,17.114544000000002,True,2
1788701908.898,1788701423.2,78.42780716666667,17.114551833333334,True,2
1788701909.138,1788701423.4,78.42780833333333,17.114559666666665,True,2
1788701909.298,1788701423.6,78.42780933333333,17.114567333333333,True,2
1788701909.498,1788701423.8,78.4278105,17.114574833333332,True,2
1788701909.7,1788701424.0,78.42781166666667,17.114582666666667,True,2
1788701909.896,1788701424.2,78.42781283333333,17.114590333333336,True,2
1788701910.099,1788701424.4,78.427814,17.114597833333335,True,2
1788701910.298,1788701424.6,78.42781516666668,17.114605166666667,True,2
1788701910.497,1788701424.8,78.42781616666666,17.1146125,True,2
1788701910.698,1788701425.0,78.4278175,17.114620333333335,True,2
1788701910.9,1788701425.2,78.4278185,17.114627666666667,True,2
1788701911.097,1788701425.4,78.42781966666666,17.11463516666667,True,2
1788701911.295,1788701425.6,78.42782066666668,17.11464266666667,True,2
1788701911.498,1788701425.8,78.42782183333334,17.114650166666667,True,2
1788701911.698,1788701426.0,78.427823,17.114657833333336,True,2
1788701911.896,1788701426.2,78.427824,17.114665666666667,True,2
1788701912.096,1788701426.4,78.42782516666666,17.114673166666666,True,2
1788701912.297,1788701426.6,78.42782633333333,17.114680833333335,True,2
1788701912.497,1788701426.8,78.42782749999999,17.114688166666667,True,2
1788701912.696,1788701427.0,78.42782866666667,17.114695666666666,True,2
1788701912.909,1788701427.2,78.42782983333333,17.114703333333335,True,2
1788701913.099,1788701427.4,78.427831,17.114710833333334,True,2
1788701913.297,1788701427.6,78.42783216666666,17.114718166666666,True,2
1788701913.497,1788701427.8,78.42783333333334,17.114725833333335,True,2
1788701913.698,1788701428.0,78.4278345,17.114733333333334,True,2
1788701913.897,1788701428.2,78.42783566666667,17.114741166666665,True,2
1788701914.096,1788701428.4,78.42783683333333,17.114748333333335,True,2
1788701914.298,1788701428.6,78.42783783333333,17.114755666666667,True,2
1788701914.497,1788701428.8,78.42783899999999,17.114763,True,2
1788701914.697,1788701429.0,78.42784016666666,17.11477066666667,True,2
1788701914.898,1788701429.2,78.42784133333333,17.114778,True,2
1788701915.098,1788701429.4,78.42784233333333,17.114785166666664,True,2
1788701915.299,1788701429.6,78.42784350000001,17.1147925,True,2
1788701915.495,1788701429.8,78.42784466666667,17.114800166666665,True,2
1788701915.696,1788701430.0,78.42784566666666,17.114807833333334,True,2
1788701915.897,1788701430.2,78.42784683333333,17.114815333333336,True,2
1788701916.095,1788701430.4,78.427848,17.114822833333335,True,2
1788701916.296,1788701430.6,78.42784916666666,17.114830833333333,True,2
1788701916.496,1788701430.8,78.42785033333332,17.1148385,True,2
1788701916.695,1788701431.0,78.42785133333334,17.114845833333334,True,2
1788701916.896,1788701431.2,78.4278525,17.114853333333333,True,2
1788701917.096,1788701431.4,78.42785366666666,17.114860833333335,True,2
1788701917.296,1788701431.6,78.42785466666666,17.114868333333334,True,2
1788701917.499,1788701431.8,78.42785566666666,17.1148755,True,2
1788701917.699,1788701432.0,78.42785683333334,17.114883000000003,True,2
1788701917.898,1788701432.2,78.42785783333333,17.114890166666665,True,2
1788701918.097,1788701432.4,78.427859,17.11489733333333,True,2
1788701918.299,1788701432.6,78.42786,17.114905,True,2
1788701918.498,1788701432.8,78.427861,17.114912333333333,True,2
1788701918.701,1788701433.0,78.42786216666667,17.11491983333333,True,2
1788701918.897,1788701433.2,78.42786316666667,17.114927666666667,True,2
1788701919.098,1788701433.4,78.42786433333335,17.114935333333335,True,2
1788701919.296,1788701433.6,78.42786550000001,17.114942499999998,True,2
1788701919.497,1788701433.8,78.42786666666666,17.114950500000003,True,2
1788701919.696,1788701434.0,78.42786783333332,17.114958666666666,True,2
1788701919.897,1788701434.2,78.427869,17.114965833333333,True,2
1788701920.097,1788701434.4,78.42787033333335,17.114974,True,2
1788701920.297,1788701434.6,78.42787133333333,17.1149815,True,2
1788701920.496,1788701434.8,78.42787249999999,17.114988999999998,True,2
1788701920.698,1788701435.0,78.4278735,17.1149965,True,2
1788701920.896,1788701435.2,78.42787466666667,17.115003666666667,True,2
1788701921.097,1788701435.4,78.42787583333333,17.115011166666665,True,2
1788701921.297,1788701435.6,78.42787683333333,17.115018833333334,True,2
1788701921.496,1788701435.8,78.42787783333333,17.115025666666668,True,2
1788701921.699,1788701436.0,78.427879,17.115033166666667,True,2
1788701921.903,1788701436.2,78.42788016666667,17.115040500000003,True,2
1788701922.098,1788701436.4,78.42788133333333,17.115048166666668,True,2
1788701922.297,1788701436.6,78.42788233333334,17.115055666666667,True,2
1788701922.496,1788701436.8,78.42788350000001,17.115063333333335,True,2
1788701922.695,1788701437.0,78.42788466666666,17.115071,True,2
1788701922.894,1788701437.2,78.42788583333332,17.11507883333333,True,2
1788701923.096,1788701437.4,78.427887,17.115086166666668,True,2
1788701923.295,1788701437.6,78.42788816666666,17.115093833333333,True,2
1788701923.498,1788701437.8,78.42788933333333,17.115101666666664,True,2
1788701923.695,1788701438.0,78.4278905,17.115109,True,2
1788701923.898,1788701438.2,78.4278915,17.115116,True,2
1788701924.099,1788701438.4,78.42789266666666,17.1151235,True,2
1788701924.299,1788701438.6,78.42789383333334,17.115130833333335,True,2
1788701924.501,1788701438.8,78.427895,17.115137666666666,True,2
1788701924.699,1788701439.0,78.42789616666667,17.115144833333332,True,2
1788701924.899,1788701439.2,78.42789716666667,17.1151525,True,2
1788701925.098,1788701439.4,78.42789833333333,17.115160333333332,True,2
1788701925.299,1788701439.6,78.4278995,17.11516783333333,True,2
1788701925.501,1788701439.8,78.42790066666666,17.115175166666667,True,2
1788701925.696,1788701440.0,78.42790183333334,17.115182833333332,True,2
1788701925.897,1788701440.2,78.42790283333333,17.11519033333333,True,2
1788701926.1,1788701440.4,78.427904,17.115198000000003,True,2
1788701926.297,1788701440.6,78.42790516666668,17.115205666666668,True,2
1788701926.494,1788701440.8,78.42790633333334,17.115213333333333,True,2
1788701926.697,1788701441.0,78.42790733333332,17.115221000000002,True,2
1788701926.897,1788701441.2,78.4279085,17.115228333333334,True,2
1788701927.098,1788701441.4,78.4279095,17.115235666666667,True,2
1788701927.299,1788701441.6,78.42791066666668,17.115242833333333,True,2
1788701927.5,1788701441.8,78.42791166666666,17.115250333333332,True,2
1788701927.701,1788701442.0,78.42791283333332,17.115257666666665,True,2
1788701927.896,1788701442.2,78.42791383333333,17.115264833333335,True,2
1788701928.098,1788701442.4,78.427915,17.1152725,True,2
1788701928.298,1788701442.6,78.42791616666666,17.115280166666665,True,2
1788701928.499,1788701442.8,78.42791716666667,17.115287833333333,True,2
1788701928.705,1788701443.0,78.42791833333334,17.1152955,True,2
1788701928.899,1788701443.2,78.42791933333334,17.115303333333333,True,2
1788701929.098,1788701443.4,78.4279205,17.11531066666667,True,2
1788701929.296,1788701443.6,78.42792166666666,17.1153185,True,2
1788701929.498,1788701443.8,78.42792283333333,17.115326,True,2
1788701929.699,1788701444.0,78.427924,17.115333833333334,True,2
1788701929.897,1788701444.2,78.42792516666667,17.115341,True,2
1788701930.098,1788701444.4,78.42792633333333,17.115348666666666,True,2
1788701930.297,1788701444.6,78.42792733333334,17.1153565,True,2
1788701930.497,1788701444.8,78.42792833333333,17.115363833333333,True,2
1788701930.698,1788701445.0,78.42792949999999,17.1153715,True,2
1788701930.899,1788701445.2,78.4279305,17.115379,True,2
1788701931.098,1788701445.4,78.42793166666667,17.115386166666667,True,2
1788701931.299,1788701445.6,78.42793266666666,17.115393166666667,True,2
1788701931.497,1788701445.8,78.42793383333333,17.115401000000002,True,2
1788701931.698,1788701446.0,78.42793483333334,17.1154085,True,2
1788701931.899,1788701446.2,78.42793583333334,17.115415833333333,True,2
1788701932.095,1788701446.4,78.427937,17.115423500000002,True,2
1788701932.296,1788701446.6,78.427938,17.115431166666667,True,2
1788701932.496,1788701446.8,78.42793916666666,17.11543933333333,True,2
1788701932.696,1788701447.0,78.42794016666667,17.11544716666667,True,2
1788701932.895,1788701447.2,78.42794133333334,17.115455166666667,True,2
1788701933.097,1788701447.4,78.42794233333333,17.115463,True,2
1788701933.296,1788701447.6,78.42794350000001,17.115471,True,2
1788701933.496,1788701447.8,78.4279445,17.115479166666667,True,2
1788701933.698,1788701448.0,78.42794566666666,17.115486666666666,True,2
1788701933.897,1788701448.2,78.42794666666667,17.115494166666668,True,2
1788701934.098,1788701448.4,78.42794766666665,17.115501833333333,True,2
1788701934.297,1788701448.6,78.42794866666667,17.115509666666664,True,2
1788701934.498,1788701448.8,78.42794983333333,17.115517333333333,True,2
1788701934.697,1788701449.0,78.42795083333334,17.115524999999998,True,2
1788701934.897,1788701449.2,78.427952,17.115532833333337,True,2
1788701935.096,1788701449.4,78.42795299999999,17.115540666666668,True,2
1788701935.296,1788701449.6,78.42795416666667,17.11554883333333,True,2
1788701935.497,1788701449.8,78.42795516666666,17.115556666666667,True,2
1788701935.701,1788701450.0,78.42795633333334,17.115564833333334,True,2
1788701935.896,1788701450.2,78.4279575,17.1155725,True,2
1788701936.096,1788701450.4,78.4279585,17.1155805,True,2
1788701936.296,1788701450.6,78.42795966666667,17.115588,True,2
1788701936.496,1788701450.8,78.42796083333333,17.115595833333334,True,2
1788701936.696,1788701451.0,78.427962,17.115603333333336,True,2
1788701936.895,1788701451.2,78.427963,17.1156105,True,2
1788701937.096,1788701451.4,78.42796416666667,17.115618166666664,True,2
1788701937.297,1788701451.6,78.42796533333333,17.115625666666666,True,2
1788701937.498,1788701451.8,78.42796633333334,17.115633,True,2
1788701937.699,1788701452.0,78.42796750000001,17.11564033333333,True,2
1788701937.899,1788701452.2,78.42796866666666,17.115647833333334,True,2
1788701938.098,1788701452.4,78.42796983333332,17.1156555,True,2
1788701938.298,1788701452.6,78.427971,17.115663166666664,True,2
1788701938.498,1788701452.8,78.42797216666666,17.115670333333334,True,2
1788701938.699,1788701453.0,78.42797333333333,17.115678,True,2
1788701938.897,1788701453.2,78.42797449999999,17.115685666666664,True,2
1788701939.098,1788701453.4,78.42797566666667,17.115693,True,2
1788701939.298,1788701453.6,78.42797683333333,17.115700166666667,True,2
1788701939.499,1788701453.8,78.427978,17.11570783333333,True,2
1788701939.699,1788701454.0,78.42797900000001,17.115715333333334,True,2
1788701939.9,1788701454.2,78.42798016666667,17.115722666666667,True,2
1788701940.1,1788701454.4,78.42798116666667,17.11573,True,2
1788701940.3,1788701454.6,78.42798233333333,17.1157375,True,2
1788701940.497,1788701454.8,78.4279835,17.115745,True,2
1788701940.699,1788701455.0,78.42798450000001,17.1157525,True,2
1788701940.899,1788701455.2,78.42798566666667,17.115759833333335,True,2
1788701941.1,1788701455.4,78.42798683333334,17.115767333333334,True,2
1788701941.297,1788701455.6,78.427988,17.115775,True,2
1788701941.5,1788701455.8,78.427989,17.1157825,True,2
1788701941.696,1788701456.0,78.42799016666666,17.115790333333333,True,2
1788701941.897,1788701456.2,78.42799116666667,17.115797999999998,True,2
1788701942.095,1788701456.4,78.4279925,17.1158055,True,2
1788701942.295,1788701456.6,78.42799366666667,17.115813166666666,True,2
1788701942.497,1788701456.8,78.42799483333333,17.115821333333333,True,2
1788701942.696,1788701457.0,78.427996,17.115828833333335,True,2
1788701942.896,1788701457.2,78.42799716666667,17.1158365,True,2
1788701943.096,1788701457.4,78.42799816666667,17.115844166666665,True,2
1788701943.299,1788701457.6,78.42799933333335,17.115852,True,2
1788701943.499,1788701457.8,78.42800033333333,17.1158595,True,2
1788701943.699,1788701458.0,78.4280015,17.1158665,True,2
1788701943.904,1788701458.2,78.42800266666667,17.115873333333333,True,2
1788701944.098,1788701458.4,78.42800383333334,17.1158805,True,2
1788701944.298,1788701458.6,78.42800483333333,17.1158875,True,2
1788701944.498,1788701458.8,78.42800600000001,17.115895166666668,True,2
1788701944.698,1788701459.0,78.428007,17.1159025,True,2
1788701944.899,1788701459.2,78.42800816666666,17.115909833333333,True,2
1788701945.098,1788701459.4,78.42800933333334,17.115917666666668,True,2
1788701945.296,1788701459.6,78.4280105,17.115925,True,2
1788701945.498,1788701459.8,78.42801166666666,17.115932666666666,True,2
1788701945.699,1788701460.0,78.42801283333333,17.115940166666668,True,2
1788701945.897,1788701460.2,78.428014,17.115947833333333,True,2
1788701946.096,1788701460.4,78.428015,17.115955333333332,True,2
1788701946.296,1788701460.6,78.42801616666667,17.115962333333336,True,2
1788701946.495,1788701460.8,78.42801733333334,17.11596966666667,True,2
1788701946.696,1788701461.0,78.42801850000001,17.115977,True,2
1788701946.895,1788701461.2,78.42801949999999,17.115984333333333,True,2
1788701947.097,1788701461.4,78.4280205,17.115991666666666,True,2
1788701947.296,1788701461.6,78.42802183333333,17.115999,True,2
1788701947.532,1788701461.8,78.42802283333334,17.1160065,True,2
1788701947.698,1788701462.0,78.42802400000001,17.116014333333332,True,2
1788701947.897,1788701462.2,78.42802516666667,17.11602183333333,True,2
1788701948.098,1788701462.4,78.42802633333334,17.11602966666667,True,2
1788701948.299,1788701462.6,78.42802750000001,17.1160375,True,2
1788701948.495,1788701462.8,78.42802866666666,17.116045166666666,True,2
1788701948.696,1788701463.0,78.42802983333333,17.116053,True,2
1788701948.898,1788701463.2,78.42803099999999,17.1160605,True,2
1788701949.1,1788701463.4,78.42803216666667,17.116068166666665,True,2
1788701949.297,1788701463.6,78.42803333333333,17.116075333333335,True,2
1788701949.497,1788701463.8,78.42803433333333,17.116083,True,2
1788701949.698,1788701464.0,78.42803550000001,17.116090666666665,True,2
1788701949.923,1788701464.2,78.4280365,17.116097833333335,True,2
1788701950.098,1788701464.4,78.42803766666665,17.116105333333334,True,2
1788701950.298,1788701464.6,78.42803866666667,17.116112666666666,True,2
1788701950.497,1788701464.8,78.42803983333333,17.11612016666667,True,2
1788701950.698,1788701465.0,78.428041,17.1161275,True,2
1788701950.899,1788701465.2,78.42804216666667,17.116135,True,2
1788701951.096,1788701465.4,78.42804316666667,17.11614216666667,True,2
1788701951.296,1788701465.6,78.42804433333335,17.116150166666667,True,2
1788701951.497,1788701465.8,78.42804550000001,17.116157833333332,True,2
1788701951.699,1788701466.0,78.42804666666666,17.1161655,True,2
1788701951.898,1788701466.2,78.42804783333332,17.116173,True,2
1788701952.098,1788701466.4,78.42804916666667,17.11618083333333,True,2
1788701952.296,1788701466.6,78.42805016666667,17.1161885,True,2
1788701952.496,1788701466.8,78.42805133333333,17.116195833333332,True,2
1788701952.695,1788701467.0,78.42805249999999,17.116202833333332,True,2
1788701952.896,1788701467.2,78.42805366666667,17.11621016666667,True,2
1788701953.096,1788701467.4,78.42805483333333,17.1162175,True,2
1788701953.3,1788701467.6,78.42805583333333,17.11622433333333,True,2
1788701953.494,1788701467.8,78.42805700000001,17.116231833333334,True,2
1788701953.699,1788701468.0,78.42805816666667,17.1162395,True,2
1788701953.896,1788701468.2,78.42805933333334,17.116246999999998,True,2
1788701954.096,1788701468.4,78.4280605,17.116254333333334,True,2
1788701954.297,1788701468.6,78.42806166666666,17.116262,True,2
1788701954.498,1788701468.8,78.42806283333333,17.116269666666668,True,2
1788701954.699,1788701469.0,78.42806399999999,17.116277166666666,True,2
1788701954.899,1788701469.2,78.42806516666666,17.116285166666668,True,2
1788701955.099,1788701469.4,78.42806633333333,17.116293,True,2
1788701955.297,1788701469.6,78.42806733333333,17.116301,True,2
1788701955.496,1788701469.8,78.42806866666666,17.116308666666665,True,2
1788701955.698,1788701470.0,78.42806966666667,17.116316166666664,True,2
1788701955.899,1788701470.2,78.42807083333334,17.116323833333336,True,2
1788701956.095,1788701470.4,78.42807183333333,17.1163315,True,2
1788701956.297,1788701470.6,78.428073,17.116339,True,2
1788701956.497,1788701470.8,78.428074,17.11634666666667,True,2
1788701956.697,1788701471.0,78.42807516666667,17.116354166666667,True,2
1788701956.897,1788701471.2,78.42807616666667,17.116362,True,2
1788701957.097,1788701471.4,78.42807733333333,17.116369833333334,True,2
1788701957.297,1788701471.6,78.42807850000001,17.1163775,True,2
1788701957.497,1788701471.8,78.42807966666666,17.116385166666664,True,2
1788701957.699,1788701472.0,78.42808083333333,17.116393000000002,True,2
1788701957.896,1788701472.2,78.42808183333334,17.116401166666666,True,2
1788701958.1,1788701472.4,78.428083,17.11640883333333,True,2
1788701958.298,1788701472.6,78.42808416666666,17.116417000000002,True,2
1788701958.498,1788701472.8,78.42808516666668,17.116424833333333,True,2
1788701958.699,1788701473.0,78.42808633333334,17.116432333333332,True,2
1788701958.897,1788701473.2,78.4280875,17.11644,True,2
1788701959.097,1788701473.4,78.42808866666665,17.116447666666666,True,2
1788701959.298,1788701473.6,78.42808966666666,17.11645533333333,True,2
1788701959.496,1788701473.8,78.42809083333333,17.116462666666667,True,2
1788701959.695,1788701474.0,78.428092,17.116470166666666,True,2
1788701959.898,1788701474.2,78.428093,17.116477666666665,True,2
1788701960.097,1788701474.4,78.42809416666667,17.116485333333333,True,2
1788701960.3,1788701474.6,78.42809533333335,17.116492666666666,True,2
1788701960.497,1788701474.8,78.42809650000001,17.116500166666665,True,2
1788701960.699,1788701475.0,78.42809766666666,17.116508,True,2
1788701960.898,1788701475.2,78.42809883333332,17.116515166666666,True,2
1788701961.098,1788701475.4,78.4281,17.116523166666664,True,2
1788701961.296,1788701475.6,78.428101,17.116531000000002,True,2
1788701961.499,1788701475.8,78.42810216666666,17.116538666666667,True,2
1788701961.703,1788701476.0,78.42810333333334,17.116546333333336,True,2
1788701961.899,1788701476.2,78.4281045,17.116554,True,2
1788701962.098,1788701476.4,78.42810566666667,17.116561666666666,True,2
1788701962.294,1788701476.6,78.42810666666666,17.116569333333334,True,2
1788701962.495,1788701476.8,78.42810783333333,17.116577,True,2
1788701962.696,1788701477.0,78.42810899999999,17.116584333333332,True,2
1788701962.896,1788701477.2,78.42811,17.116592,True,2
1788701963.097,1788701477.4,78.42811116666667,17.116599166666667,True,2
1788701963.297,1788701477.6,78.42811216666668,17.116607,True,2
1788701963.496,1788701477.8,78.42811316666666,17.116614666666667,True,2
1788701963.697,1788701478.0,78.42811416666667,17.116622166666666,True,2
1788701963.898,1788701478.2,78.42811533333334,17.11662983333333,True,2
1788701964.097,1788701478.4,78.42811633333334,17.11663766666667,True,2
1788701964.296,1788701478.6,78.42811750000001,17.116645666666667,True,2
1788701964.497,1788701478.8,78.42811866666666,17.116654166666667,True,2
1788701964.697,1788701479.0,78.42811983333333,17.116662,True,2
1788701964.897,1788701479.2,78.42812083333334,17.116669833333333,True,2
1788701965.095,1788701479.4,78.428122,17.11667783333333,True,2
1788701965.297,1788701479.6,78.42812316666667,17.116685333333333,True,2
1788701965.498,1788701479.8,78.42812416666668,17.116692333333333,True,2
1788701965.698,1788701480.0,78.42812516666666,17.116699,True,2
1788701965.898,1788701480.2,78.428126,17.116704666666667,True,2
1788701966.099,1788701480.4,78.42812666666667,17.116710166666667,True,2
1788701966.3,1788701480.6,78.4281275,17.1167155,True,2
1788701966.493,1788701480.8,78.428128,17.116720166666667,True,2
1788701966.697,1788701481.0,78.42812866666667,17.11672533333333,True,2
1788701966.896,1788701481.2,78.42812933333333,17.116729333333335,True,2
1788701967.096,1788701481.4,78.42813,17.116733,True,2
1788701967.296,1788701481.6,78.4281305,17.116736833333334,True,2
1788701967.497,1788701481.8,78.428131,17.1167405,True,2
1788701967.695,1788701482.0,78.4281315,17.11674383333333,True,2
1788701967.897,1788701482.2,78.42813183333332,17.116747,True,2
1788701968.099,1788701482.4,78.42813233333332,17.116750000000003,True,2
1788701968.296,1788701482.6,78.42813266666667,17.116753000000003,True,2
1788701968.497,1788701482.8,78.42813299999999,17.1167555,True,2
1788701968.699,1788701483.0,78.42813333333334,17.116758166666667,True,2
1788701968.898,1788701483.2,78.42813366666665,17.116760833333334,True,2
1788701969.099,1788701483.4,78.42813383333333,17.116763,True,2
1788701969.295,1788701483.6,78.42813416666667,17.116765333333333,True,2
1788701969.497,1788701483.8,78.4281345,17.116768,True,2
1788701969.699,1788701484.0,78.42813466666666,17.116770666666664,True,2
1788701969.899,1788701484.2,78.42813500000001,17.11677266666667,True,2
1788701970.099,1788701484.4,78.42813533333333,17.116774833333334,True,2
1788701970.297,1788701484.6,78.4281355,17.11677716666667,True,2
1788701970.497,1788701484.8,78.42813566666668,17.116779166666667,True,2
1788701970.695,1788701485.0,78.42813583333333,17.116781,True,2
1788701970.897,1788701485.2,78.428136,17.116783,True,2
1788701971.1,1788701485.4,78.42813616666668,17.116784666666668,True,2
1788701971.299,1788701485.6,78.42813633333334,17.1167865,True,2
1788701971.497,1788701485.8,78.4281365,17.1167885,True,2
1788701971.698,1788701486.0,78.42813666666666,17.116790166666664,True,2
1788701971.901,1788701486.2,78.42813683333334,17.116792,True,2
1788701972.098,1788701486.4,78.428137,17.11679366666667,True,2
1788701972.298,1788701486.6,78.428137,17.11679516666667,True,2
1788701972.497,1788701486.8,78.42813716666666,17.116796833333336,True,2
1788701972.694,1788701487.0,78.42813733333334,17.116798333333335,True,2
1788701972.897,1788701487.2,78.42813733333334,17.116799833333335,True,2
1788701973.097,1788701487.4,78.4281375,17.116800833333333,True,2
1788701973.295,1788701487.6,78.4281375,17.116802166666666,True,2
1788701973.495,1788701487.8,78.4281375,17.116803333333333,True,2
1788701973.699,1788701488.0,78.4281375,17.116804666666667,True,2
1788701973.898,1788701488.2,78.42813766666667,17.116806,True,2
1788701974.099,1788701488.4,78.42813766666667,17.1168075,True,2
1788701974.296,1788701488.6,78.42813783333332,17.116809,True,2
1788701974.498,1788701488.8,78.42813783333332,17.116809999999997,True,2
1788701974.697,1788701489.0,78.42813783333332,17.116811166666665,True,2
1788701974.897,1788701489.2,78.428138,17.116812333333332,True,2
1788701975.095,1788701489.4,78.428138,17.116813666666665,True,2
1788701975.296,1788701489.6,78.428138,17.116814833333333,True,2
1788701975.495,1788701489.8,78.428138,17.116815666666664,True,2
1788701975.698,1788701490.0,78.428138,17.116817166666667,True,2
1788701975.895,1788701490.2,78.42813783333332,17.11681816666667,True,2
1788701976.094,1788701490.4,78.428138,17.116819333333336,True,2
1788701976.295,1788701490.6,78.428138,17.1168205,True,2
1788701976.503,1788701490.8,78.428138,17.116821166666668,True,2
1788701976.695,1788701491.0,78.428138,17.116822333333335,True,2
1788701976.896,1788701491.2,78.42813783333332,17.11682366666667,True,2
1788701977.094,1788701491.4,78.42813783333332,17.116824833333332,True,2
1788701977.294,1788701491.6,78.42813783333332,17.1168255,True,2
1788701977.494,1788701491.8,78.42813783333332,17.1168265,True,2
1788701977.697,1788701492.0,78.42813766666667,17.116827166666667,True,2
1788701977.896,1788701492.2,78.42813766666667,17.116827999999998,True,2
1788701978.096,1788701492.4,78.42813766666667,17.116828833333333,True,2
1788701978.295,1788701492.6,78.42813766666667,17.116829666666668,True,2
1788701978.497,1788701492.8,78.42813766666667,17.116830666666665,True,2
1788701978.698,1788701493.0,78.42813766666667,17.116831833333332,True,2
1788701978.895,1788701493.2,78.42813766666667,17.116833,True,2
1788701979.096,1788701493.4,78.4281375,17.116834166666667,True,2
1788701979.296,1788701493.6,78.4281375,17.116835166666664,True,2
1788701979.497,1788701493.8,78.4281375,17.116836499999998,True,2
1788701979.699,1788701494.0,78.4281375,17.116836666666664,True,2
1788701979.902,1788701494.2,78.42813733333334,17.116837333333333,True,2
1788701980.098,1788701494.4,78.42813733333334,17.116838166666664,True,2
1788701980.297,1788701494.6,78.42813716666666,17.116839000000002,True,2
1788701980.497,1788701494.8,78.42813716666666,17.11684,True,2
1788701980.7,1788701495.0,78.42813716666666,17.11684066666667,True,2
1788701980.896,1788701495.2,78.42813716666666,17.116841333333333,True,2
1788701981.096,1788701495.4,78.428137,17.116842333333334,True,2
1788701981.297,1788701495.6,78.428137,17.116843333333335,True,2
1788701981.495,1788701495.8,78.42813683333334,17.116843833333334,True,2
1788701981.695,1788701496.0,78.42813683333334,17.116844166666667,True,2
1788701981.897,1788701496.2,78.42813683333334,17.11684466666667,True,2
1788701982.096,1788701496.4,78.42813666666666,17.116845333333334,True,2
1788701982.295,1788701496.6,78.4281365,17.116845833333333,True,2
1788701982.497,1788701496.8,78.42813633333334,17.116846666666667,True,2
1788701982.695,1788701497.0,78.42813633333334,17.1168475,True,2
1788701982.895,1788701497.2,78.42813616666668,17.116847833333335,True,2
1788701983.096,1788701497.4,78.42813616666668,17.1168485,True,2
1788701983.295,1788701497.6,78.428136,17.116849333333334,True,2
1788701983.496,1788701497.8,78.428136,17.116849833333333,True,2
1788701983.696,1788701498.0,78.42813583333333,17.116850166666666,True,2
1788701983.896,1788701498.2,78.42813566666668,17.116850666666668,True,2
1788701984.097,1788701498.4,78.42813566666668,17.116851,True,2
1788701984.296,1788701498.6,78.4281355,17.1168515,True,2
1788701984.497,1788701498.8,78.42813533333333,17.116851666666665,True,2
1788701984.699,1788701499.0,78.42813516666666,17.116852333333334,True,2
1788701984.897,1788701499.2,78.42813516666666,17.116853,True,2
1788701985.097,1788701499.4,78.42813500000001,17.116853,True,2
1788701985.297,1788701499.6,78.42813500000001,17.116853666666668,True,2
1788701985.499,1788701499.8,78.42813483333333,17.116854333333333,True,2
1788701985.698,1788701500.0,78.42813466666666,17.116854666666665,True,2
1788701985.898,1788701500.2,78.42813466666666,17.11685483333333,True,2
1788701986.096,1788701500.4,78.4281345,17.116855333333334,True,2
1788701986.33,1788701500.6,78.42813433333335,17.116855166666667,True,2
1788701986.497,1788701500.8,78.42813416666667,17.116855166666667,True,2
1788701986.696,1788701501.0,78.42813416666667,17.116855333333334,True,2
1788701986.897,1788701501.2,78.428134,17.116855666666666,True,2
1788701987.096,1788701501.4,78.428134,17.116855666666666,True,2
1788701987.294,1788701501.6,78.428134,17.116855833333332,True,2
1788701987.507,1788701501.8,78.42813383333333,17.11685633333333,True,2
1788701987.697,1788701502.0,78.42813383333333,17.11685633333333,True,2
1788701987.897,1788701502.2,78.42813366666665,17.116856499999997,True,2
1788701988.1,1788701502.4,78.4281335,17.116856499999997,True,2
1788701988.296,1788701502.6,78.42813333333334,17.116856666666667,True,2
1788701988.499,1788701502.8,78.42813316666667,17.116857166666666,True,2
1788701988.698,1788701503.0,78.42813316666667,17.116857166666666,True,2
1788701988.897,1788701503.2,78.42813299999999,17.116857166666666,True,2
1788701989.098,1788701503.4,78.42813283333334,17.11685783333333,True,2
1788701989.297,1788701503.6,78.42813266666667,17.1168585,True,2
1788701989.495,1788701503.8,78.42813266666667,17.1168585,True,2
1788701989.696,1788701504.0,78.42813266666667,17.116858333333333,True,2
1788701989.897,1788701504.2,78.42813249999999,17.116858666666666,True,2
1788701990.097,1788701504.4,78.42813249999999,17.116859166666664,True,2
1788701990.299,1788701504.6,78.42813216666667,17.116858999999998,True,2
1788701990.495,1788701504.8,78.428132,17.116858666666666,True,2
1788701990.697,1788701505.0,78.42813183333332,17.116858999999998,True,2
1788701990.897,1788701505.2,78.42813183333332,17.116858666666666,True,2
1788701991.098,1788701505.4,78.42813166666666,17.116858666666666,True,2
1788701991.297,1788701505.6,78.4281315,17.116859166666664,True,2
1788701991.496,1788701505.8,78.42813133333334,17.11685933333333,True,2
1788701991.697,1788701506.0,78.42813116666666,17.11685933333333,True,2
1788701991.896,1788701506.2,78.428131,17.11685933333333,True,2
1788701992.097,1788701506.4,78.42813083333334,17.116859499999997,True,2
1788701992.297,1788701506.6,78.42813066666666,17.116859666666667,True,2
1788701992.496,1788701506.8,78.4281305,17.11685933333333,True,2
1788701992.694,1788701507.0,78.42813033333333,17.116859166666664,True,2
1788701992.9,1788701507.2,78.42813016666668,17.116859166666664,True,2
1788701993.096,1788701507.4,78.42813,17.116859499999997,True,2
1788701993.296,1788701507.6,78.42812983333333,17.116859499999997,True,2
1788701993.495,1788701507.8,78.42812966666666,17.11685933333333,True,2
1788701993.695,1788701508.0,78.4281295,17.116859499999997,True,2
1788701993.898,1788701508.2,78.42812933333333,17.116859499999997,True,2
1788701994.093,1788701508.4,78.42812916666666,17.116859499999997,True,2
1788701994.296,1788701508.6,78.428129,17.116859166666664,True,2
1788701994.498,1788701508.8,78.42812883333333,17.116859166666664,True,2
1788701994.698,1788701509.0,78.42812866666667,17.116859166666664,True,2
1788701994.898,1788701509.2,78.42812833333333,17.116859666666667,True,2
1788701995.096,1788701509.4,78.42812816666667,17.116859166666664,True,2
1788701995.296,1788701509.6,78.428128,17.116858999999998,True,2
1788701995.495,1788701509.8,78.42812783333333,17.116859166666664,True,2
1788701995.699,1788701510.0,78.42812766666665,17.116859499999997,True,2
1788701995.898,1788701510.2,78.4281275,17.116859833333333,True,2
1788701996.097,1788701510.4,78.42812716666667,17.11686,True,2
1788701996.297,1788701510.6,78.42812699999999,17.116860166666665,True,2
1788701996.5,1788701510.8,78.42812683333334,17.116860666666664,True,2
1788701996.699,1788701511.0,78.42812666666667,17.116860499999998,True,2
1788701996.898,1788701511.2,78.42812649999999,17.116860166666665,True,2
1788701997.095,1788701511.4,78.42812616666667,17.116860499999998,True,2
1788701997.296,1788701511.6,78.42812583333333,17.11686033333333,True,2
1788701997.495,1788701511.8,78.42812566666666,17.116860166666665,True,2
1788701997.695,1788701512.0,78.42812566666666,17.11686033333333,True,2
1788701997.902,1788701512.2,78.42812550000001,17.11686033333333,True,2
1788701998.097,1788701512.4,78.42812516666666,17.11686033333333,True,2
1788701998.297,1788701512.6,78.42812483333334,17.11686033333333,True,2
1788701998.498,1788701512.8,78.42812466666666,17.11686033333333,True,2
1788701998.698,1788701513.0,78.4281245,17.11686,True,2
1788701998.897,1788701513.2,78.42812416666668,17.116859666666667,True,2
1788701999.098,1788701513.4,78.42812383333333,17.11685933333333,True,2
1788701999.3,1788701513.6,78.42812366666666,17.116858666666666,True,2
1788701999.498,1788701513.8,78.42812333333333,17.116858833333332,True,2
1788701999.697,1788701514.0,78.42812316666667,17.116858999999998,True,2
1788701999.897,1788701514.2,78.42812283333333,17.116858999999998,True,2
1788702000.096,1788701514.4,78.42812266666667,17.1168585,True,2
1788702000.297,1788701514.6,78.42812233333333,17.116858333333333,True,2
1788702000.497,1788701514.8,78.42812216666667,17.116858166666667,True,2
1788702000.698,1788701515.0,78.42812183333334,17.11685783333333,True,2
1788702000.902,1788701515.2,78.4281215,17.116857166666666,True,2
1788702001.095,1788701515.4,78.42812116666667,17.116856666666667,True,2
1788702001.297,1788701515.6,78.42812083333334,17.116856166666665,True,2
1788702001.498,1788701515.8,78.42812066666667,17.116855833333332,True,2
1788702001.697,1788701516.0,78.42812033333333,17.116855333333334,True,2
1788702001.898,1788701516.2,78.42812,17.11685483333333,True,2
1788702002.097,1788701516.4,78.42811966666666,17.1168545,True,2
1788702002.295,1788701516.6,78.42811950000001,17.116854166666666,True,2
1788702002.497,1788701516.8,78.42811916666666,17.116853666666668,True,2
1788702002.695,1788701517.0,78.42811883333334,17.116853166666665,True,2
1788702002.896,1788701517.2,78.42811866666666,17.1168525,True,2
1788702003.097,1788701517.4,78.42811816666668,17.116851999999998,True,2
1788702003.297,1788701517.6,78.42811783333333,17.1168515,True,2
1788702003.497,1788701517.8,78.42811766666667,17.116851,True,2
1788702003.697,1788701518.0,78.42811733333333,17.116850499999998,True,2
1788702003.899,1788701518.2,78.42811716666667,17.11685,True,2
1788702004.099,1788701518.4,78.42811683333333,17.1168495,True,2
1788702004.3,1788701518.6,78.4281165,17.116848833333332,True,2
1788702004.499,1788701518.8,78.42811633333334,17.116848333333333,True,2
1788702004.698,1788701519.0,78.42811616666667,17.1168475,True,2
1788702004.898,1788701519.2,78.428116,17.116846833333334,True,2
1788702005.098,1788701519.4,78.42811566666666,17.116846333333335,True,2
1788702005.297,1788701519.6,78.42811533333334,17.116845166666668,True,2
1788702005.498,1788701519.8,78.42811499999999,17.116844333333333,True,2
1788702005.697,1788701520.0,78.42811483333334,17.116843833333334,True,2
1788702005.898,1788701520.2,78.42811466666667,17.116843,True,2
1788702006.095,1788701520.4,78.4281145,17.116842166666668,True,2
1788702006.296,1788701520.6,78.42811416666667,17.11684166666667,True,2
1788702006.493,1788701520.8,78.42811383333333,17.116840833333335,True,2
1788702006.695,1788701521.0,78.42811366666666,17.11684,True,2
1788702006.895,1788701521.2,78.42811350000001,17.116839333333335,True,2
1788702007.094,1788701521.4,78.42811333333334,17.116838499999997,True,2
1788702007.294,1788701521.6,78.428113,17.1168375,True,2
1788702007.495,1788701521.8,78.42811266666666,17.116836666666664,True,2
1788702007.697,1788701522.0,78.42811233333333,17.116836,True,2
1788702007.892,1788701522.2,78.42811216666668,17.11683533333333,True,2
1788702008.094,1788701522.4,78.428112,17.116834666666666,True,2
1788702008.294,1788701522.6,78.42811166666667,17.1168335,True,2
1788702008.495,1788701522.8,78.42811133333333,17.116832499999997,True,2
1788702008.695,1788701523.0,78.42811116666667,17.116831833333332,True,2
1788702008.895,1788701523.2,78.428111,17.116830999999998,True,2
1788702009.096,1788701523.4,78.42811066666667,17.116829499999998,True,2
1788702009.293,1788701523.6,78.42811033333334,17.116828666666667,True,2
1788702009.495,1788701523.8,78.42811,17.116827999999998,True,2
1788702009.697,1788701524.0,78.42810983333334,17.116826833333334,True,2
1788702009.894,1788701524.2,78.42810966666666,17.116826166666666,True,2
1788702010.096,1788701524.4,78.42810949999999,17.11682516666667,True,2
1788702010.296,1788701524.6,78.42810916666667,17.116824333333334,True,2
1788702010.495,1788701524.8,78.42810899999999,17.116823333333333,True,2
1788702010.694,1788701525.0,78.42810866666667,17.116822333333335,True,2
1788702010.9,1788701525.2,78.42810850000001,17.1168215,True,2
1788702011.098,1788701525.4,78.42810816666666,17.116820333333333,True,2
1788702011.295,1788701525.6,78.42810783333333,17.116819333333336,True,2
1788702011.494,1788701525.8,78.42810766666666,17.116818333333335,True,2
1788702011.696,1788701526.0,78.42810733333334,17.116817333333334,True,2
1788702011.896,1788701526.2,78.42810716666666,17.116816333333336,True,2
1788702012.098,1788701526.4,78.428107,17.116815166666665,True,2
1788702012.296,1788701526.6,78.42810683333333,17.116814166666664,True,2
1788702012.497,1788701526.8,78.4281065,17.116813166666667,True,2
1788702012.699,1788701527.0,78.42810633333333,17.116811833333333,True,2
1788702012.898,1788701527.2,78.428106,17.116810666666666,True,2
1788702013.095,1788701527.4,78.42810583333333,17.116809333333332,True,2
1788702013.295,1788701527.6,78.4281055,17.116807833333333,True,2
1788702013.496,1788701527.8,78.42810533333333,17.116806166666667,True,2
1788702013.695,1788701528.0,78.428105,17.1168045,True,2
1788702013.895,1788701528.2,78.42810466666667,17.116803333333333,True,2
1788702014.096,1788701528.4,78.4281045,17.116802,True,2
1788702014.294,1788701528.6,78.42810433333334,17.116801,True,2
1788702014.495,1788701528.8,78.42810416666666,17.1167995,True,2
1788702014.696,1788701529.0,78.428104,17.116797666666667,True,2
1788702014.894,1788701529.2,78.42810366666666,17.116796333333333,True,2
1788702015.096,1788701529.4,78.42810349999999,17.116795333333336,True,2
1788702015.294,1788701529.6,78.42810333333334,17.11679416666667,True,2
1788702015.496,1788701529.8,78.42810333333334,17.116792333333333,True,2
1788702015.698,1788701530.0,78.428103,17.116791,True,2
1788702015.899,1788701530.2,78.42810266666667,17.1167895,True,2
1788702016.097,1788701530.4,78.42810250000001,17.1167885,True,2
1788702016.297,1788701530.6,78.42810233333333,17.116787,True,2
1788702016.496,1788701530.8,78.42810233333333,17.11678583333333,True,2
1788702016.701,1788701531.0,78.42810200000001,17.1167845,True,2
1788702016.898,1788701531.2,78.42810183333333,17.116783166666668,True,2
1788702017.097,1788701531.4,78.4281015,17.116781666666668,True,2
1788702017.297,1788701531.6,78.4281015,17.116780000000002,True,2
1788702017.495,1788701531.8,78.42810133333334,17.116778833333335,True,2
1788702017.694,1788701532.0,78.42810116666666,17.116777333333335,True,2
1788702017.896,1788701532.2,78.42810083333333,17.116775833333335,True,2
1788702018.095,1788701532.4,78.42810083333333,17.116774666666668,True,2
1788702018.295,1788701532.6,78.42810083333333,17.1167735,True,2
1788702018.498,1788701532.8,78.42810083333333,17.116772333333333,True,2
1788702018.697,1788701533.0,78.4281005,17.11677083333333,True,2
1788702018.898,1788701533.2,78.42810033333333,17.11676933333333,True,2
1788702019.096,1788701533.4,78.42810016666667,17.116767666666664,True,2
1788702019.296,1788701533.6,78.42810016666667,17.11676633333333,True,2
1788702019.497,1788701533.8,78.4281,17.11676483333333,True,2
1788702019.7,1788701534.0,78.42809983333333,17.1167625,True,2
1788702019.897,1788701534.2,78.42809983333333,17.116760333333332,True,2
1788702020.097,1788701534.4,78.42809983333333,17.116758,True,2
1788702020.294,1788701534.6,78.42809983333333,17.116756833333334,True,2
1788702020.498,1788701534.8,78.42809983333333,17.116755833333333,True,2
1788702020.699,1788701535.0,78.42809966666667,17.116754333333333,True,2
1788702020.897,1788701535.2,78.42809933333334,17.116752333333334,True,2
1788702021.098,1788701535.4,78.42809916666667,17.116751,True,2
1788702021.296,1788701535.6,78.42809916666667,17.116750000000003,True,2
1788702021.496,1788701535.8,78.42809883333332,17.116749666666667,True,2
1788702021.695,1788701536.0,78.42809866666667,17.116747999999998,True,2
1788702021.9,1788701536.2,78.4280985,17.11674633333333,True,2
1788702022.098,1788701536.4,78.42809833333334,17.116744833333332,True,2
1788702022.297,1788701536.6,78.42809816666666,17.11674383333333,True,2
1788702022.496,1788701536.8,78.428098,17.116743166666666,True,2
1788702022.697,1788701537.0,78.42809783333334,17.116741666666666,True,2
1788702022.895,1788701537.2,78.42809766666666,17.11674,True,2
1788702023.094,1788701537.4,78.42809749999999,17.1167385,True,2
1788702023.294,1788701537.6,78.42809733333334,17.116737166666667,True,2
1788702023.494,1788701537.8,78.42809716666667,17.116735666666667,True,2
1788702023.696,1788701538.0,78.42809683333333,17.116734,True,2
1788702023.895,1788701538.2,78.42809666666668,17.1167325,True,2
1788702024.095,1788701538.4,78.42809650000001,17.116731166666668,True,2
1788702024.297,1788701538.6,78.42809650000001,17.116729833333334,True,2
1788702024.495,1788701538.8,78.42809633333333,17.116728333333334,True,2
1788702024.696,1788701539.0,78.42809616666666,17.116727166666667,True,2
1788702024.896,1788701539.2,78.42809600000001,17.11672583333333,True,2
1788702025.096,1788701539.4,78.42809583333333,17.11672433333333,True,2
1788702025.297,1788701539.6,78.42809583333333,17.116722666666664,True,2
1788702025.496,1788701539.8,78.4280955,17.11672133333333,True,2
1788702025.696,1788701540.0,78.4280955,17.116720333333333,True,2
1788702025.894,1788701540.2,78.42809533333335,17.116719166666666,True,2
1788702026.101,1788701540.4,78.42809516666667,17.116717666666666,True,2
1788702026.297,1788701540.6,78.42809516666667,17.116716166666667,True,2
1788702026.497,1788701540.8,78.428095,17.116715166666665,True,2
1788702026.7,1788701541.0,78.42809483333333,17.1167145,True,2
1788702026.899,1788701541.2,78.42809483333333,17.116713166666667,True,2
1788702027.096,1788701541.4,78.42809466666667,17.116711333333335,True,2
1788702027.297,1788701541.6,78.4280945,17.116709333333333,True,2
1788702027.497,1788701541.8,78.42809433333333,17.116708000000003,True,2
1788702027.697,1788701542.0,78.42809416666667,17.116706833333335,True,2
1788702027.895,1788701542.2,78.42809416666667,17.11670516666667,True,2
1788702028.095,1788701542.4,78.428094,17.116704333333335,True,2
1788702028.296,1788701542.6,78.42809383333334,17.11670283333333,True,2
1788702028.498,1788701542.8,78.42809383333334,17.116701,True,2
1788702028.697,1788701543.0,78.42809366666667,17.116699666666666,True,2
1788702028.898,1788701543.2,78.4280935,17.116699,True,2
1788702029.095,1788701543.4,78.42809333333334,17.116698166666666,True,2
1788702029.295,1788701543.6,78.42809316666667,17.1166965,True,2
1788702029.496,1788701543.8,78.428093,17.1166945,True,2
1788702029.698,1788701544.0,78.42809283333332,17.116692666666665,True,2
1788702029.898,1788701544.2,78.42809266666667,17.1166915,True,2
1788702030.098,1788701544.4,78.42809266666667,17.116690333333334,True,2
1788702030.298,1788701544.6,78.4280925,17.116689,True,2
1788702030.497,1788701544.8,78.42809233333334,17.116687000000002,True,2
1788702030.699,1788701545.0,78.42809216666666,17.116685333333333,True,2
1788702030.898,1788701545.2,78.42809216666666,17.116683833333333,True,2
1788702031.098,1788701545.4,78.428092,17.116682833333336,True,2
1788702031.296,1788701545.6,78.42809183333334,17.11668166666667,True,2
1788702031.496,1788701545.8,78.42809166666666,17.116680166666665,True,2
1788702031.697,1788701546.0,78.4280915,17.116678,True,2
1788702031.9,1788701546.2,78.4280915,17.116675666666666,True,2
1788702032.098,1788701546.4,78.42809133333334,17.116674166666666,True,2
1788702032.297,1788701546.6,78.42809116666668,17.116673666666667,True,2
1788702032.497,1788701546.8,78.428091,17.1166725,True,2
1788702032.697,1788701547.0,78.428091,17.11667033333333,True,2
1788702032.898,1788701547.2,78.42809083333333,17.116668166666667,True,2
1788702033.098,1788701547.4,78.42809066666668,17.116666833333333,True,2
1788702033.296,1788701547.6,78.42809050000001,17.116665666666666,True,2
1788702033.495,1788701547.8,78.42809033333333,17.116664333333333,True,2
1788702033.699,1788701548.0,78.42809016666666,17.116662666666667,True,2
1788702033.897,1788701548.2,78.42809000000001,17.116660500000002,True,2
1788702034.096,1788701548.4,78.42808983333333,17.116659000000002,True,2
1788702034.296,1788701548.6,78.42808983333333,17.116657999999997,True,2
1788702034.498,1788701548.8,78.42808966666666,17.116657333333333,True,2
1788702034.699,1788701549.0,78.4280895,17.116656,True,2
1788702034.899,1788701549.2,78.42808933333335,17.116654166666667,True,2
1788702035.097,1788701549.4,78.42808916666667,17.116652666666667,True,2
1788702035.298,1788701549.6,78.428089,17.1166515,True,2
1788702035.496,1788701549.8,78.42808883333333,17.116650666666665,True,2
1788702035.697,1788701550.0,78.42808866666665,17.1166495,True,2
1788702035.897,1788701550.2,78.4280885,17.116647666666665,True,2
1788702036.097,1788701550.4,78.42808833333333,17.116646166666666,True,2
1788702036.297,1788701550.6,78.42808816666667,17.116645166666668,True,2
1788702036.497,1788701550.8,78.42808799999999,17.116644333333333,True,2
1788702036.697,1788701551.0,78.42808783333334,17.116642666666667,True,2
1788702036.894,1788701551.2,78.42808766666667,17.116640833333335,True,2
1788702037.096,1788701551.4,78.4280875,17.116639000000003,True,2
1788702037.296,1788701551.6,78.42808716666667,17.11663766666667,True,2
1788702037.495,1788701551.8,78.428087,17.11663666666667,True,2
1788702037.696,1788701552.0,78.42808683333332,17.116635166666665,True,2
1788702037.897,1788701552.2,78.42808666666666,17.116633,True,2
1788702038.095,1788701552.4,78.4280865,17.116630833333332,True,2
1788702038.295,1788701552.6,78.42808633333334,17.1166295,True,2
1788702038.497,1788701552.8,78.42808616666666,17.116628666666667,True,2
1788702038.698,1788701553.0,78.428086,17.116627333333334,True,2
1788702038.896,1788701553.2,78.42808583333334,17.116625,True,2
1788702039.097,1788701553.4,78.42808566666666,17.116622500000002,True,2
1788702039.297,1788701553.6,78.42808533333333,17.116620666666666,True,2
1788702039.497,1788701553.8,78.42808516666668,17.116619833333335,True,2
1788702039.696,1788701554.0,78.42808483333333,17.116618333333335,True,2
1788702039.903,1788701554.2,78.42808466666666,17.116616166666667,True,2
