{"type": "FeatureCollection", "features": [{"type": "Feature", "properties": {"recording": "20260907_100153", "kind": "recorded GPS track"}, "geometry": {"type": "MultiLineString", "coordinates": [[[16.893375666666667, 78.66232566666666], [16.893389333333335, 78.662324], [16.893402833333333, 78.6623225], [16.89341616666667, 78.66232083333333], [16.893430000000002, 78.66231916666668], [16.893443833333333, 78.6623175], [16.893457333333334, 78.66231599999999], [16.893470666666666, 78.66231433333334], [16.893484, 78.662313], [16.89349766666667, 78.66231133333334], [16.893511333333333, 78.66230966666667], [16.8935245, 78.66230816666666], [16.893537833333333, 78.66230666666667], [16.893551666666667, 78.662305], [16.893564833333336, 78.66230350000001], [16.893577999999998, 78.66230183333333], [16.893591, 78.66230016666667], [16.893604333333332, 78.66229849999999], [16.8936175, 78.66229683333333], [16.893631000000003, 78.66229533333333], [16.8936445, 78.66229366666667], [16.893658333333335, 78.662292], [16.893672166666665, 78.66229033333335], [16.893686, 78.66228866666667], [16.8936995, 78.66228716666666], [16.893712833333332, 78.66228550000001], [16.893726666666666, 78.66228383333333], [16.893740166666664, 78.66228216666667], [16.893753333333333, 78.66228066666666], [16.893766333333335, 78.662279], [16.8937795, 78.6622775], [16.893792666666666, 78.662276], [16.89380583333333, 78.6622745], [16.893819, 78.66227283333333], [16.893832166666666, 78.66227133333334], [16.893845166666665, 78.66226966666666], [16.893858666666667, 78.66226816666668], [16.893871999999998, 78.6622665], [16.8938855, 78.66226483333334], [16.893898999999998, 78.66226316666666], [16.8939125, 78.66226150000001], [16.893926166666667, 78.66225983333334], [16.89394, 78.66225816666666], [16.893953500000002, 78.6622565], [16.893967333333332, 78.66225483333332], [16.893981333333333, 78.66225316666667], [16.893994833333334, 78.66225166666666], [16.894008, 78.66225], [16.89402116666667, 78.66224833333334], [16.8940345, 78.66224666666668], [16.894047333333333, 78.66224516666666], [16.894059833333333, 78.66224366666667], [16.8940725, 78.66224216666666], [16.894085166666667, 78.66224050000001], [16.894098166666666, 78.66223883333333], [16.894111000000002, 78.66223716666667], [16.894123999999998, 78.66223566666666], [16.894137333333333, 78.662234], [16.89415066666667, 78.66223233333334], [16.894164166666666, 78.66223066666666], [16.894177666666668, 78.662229], [16.894191, 78.66222733333333], [16.894204333333334, 78.6622255], [16.89421766666667, 78.66222383333334], [16.89423083333333, 78.66222216666667], [16.894244166666667, 78.66222066666666], [16.894257333333332, 78.66221900000001], [16.894270666666667, 78.66221733333333], [16.894283833333336, 78.66221566666667], [16.8942965, 78.66221416666667], [16.89430966666667, 78.6622125], [16.894322833333334, 78.66221083333333], [16.89433616666667, 78.66220916666666], [16.894349166666665, 78.66220766666667], [16.894362333333333, 78.662206], [16.89437566666667, 78.66220433333334], [16.894389166666667, 78.66220266666666], [16.8944025, 78.66220116666666], [16.894415833333333, 78.6621995], [16.8944295, 78.662198], [16.894443000000003, 78.66219633333334], [16.894456333333334, 78.66219483333333], [16.8944695, 78.66219316666667], [16.894482999999997, 78.6621915], [16.894496666666665, 78.66218983333333], [16.894509666666668, 78.66218816666667], [16.894522833333333, 78.6621865], [16.894535833333336, 78.662185], [16.894549333333334, 78.66218316666667], [16.894562333333333, 78.6621815], [16.894575333333332, 78.66218], [16.894588333333335, 78.6621785], [16.894601833333336, 78.66217683333333], [16.894615166666664, 78.66217516666667], [16.894628, 78.66217350000001], [16.894641, 78.66217183333333], [16.894654166666665, 78.66217016666666], [16.894667666666667, 78.66216866666667], [16.894680666666666, 78.66216683333333], [16.894693833333335, 78.66216516666667], [16.89470683333333, 78.66216349999999], [16.894720333333332, 78.66216183333333], [16.894733666666664, 78.66216016666667], [16.894746666666666, 78.6621585], [16.89475966666667, 78.66215683333333], [16.894773, 78.66215516666666], [16.894786833333335, 78.66215333333334], [16.8948, 78.66215166666666], [16.894813, 78.66215000000001], [16.894826166666668, 78.66214833333333], [16.894839166666667, 78.66214683333332], [16.89485266666667, 78.662145], [16.89486583333333, 78.6621435], [16.8948785, 78.66214183333334], [16.89489216666667, 78.66214016666666], [16.894905666666666, 78.66213850000001], [16.894919333333334, 78.66213683333334], [16.894933166666664, 78.66213516666667], [16.894946833333332, 78.6621335], [16.89496066666667, 78.66213183333333], [16.894974666666666, 78.66213016666667], [16.894988166666668, 78.66212850000001], [16.8950015, 78.66212683333333], [16.89501466666667, 78.66212516666666], [16.895027833333334, 78.6621235], [16.895040833333333, 78.662122], [16.895054000000002, 78.66212033333333], [16.895067166666667, 78.66211866666666], [16.895080333333333, 78.66211716666666], [16.89509383333333, 78.6621155], [16.895107333333332, 78.66211383333332], [16.895121333333336, 78.66211216666667], [16.895135, 78.6621105], [16.895148666666667, 78.66210883333333], [16.895162333333335, 78.66210716666666], [16.895176, 78.66210566666668], [16.895189666666667, 78.662104], [16.895203166666665, 78.66210233333332], [16.895216333333334, 78.66210083333334], [16.895229500000003, 78.66209916666666], [16.895242833333334, 78.66209766666665], [16.895256, 78.662096], [16.89526933333333, 78.66209433333333], [16.895283, 78.66209266666667], [16.895296833333337, 78.66209083333334], [16.895310166666665, 78.66208916666666], [16.895323833333336, 78.66208750000001], [16.8953375, 78.66208583333334], [16.8953505, 78.66208416666667], [16.89536233333333, 78.66208266666666], [16.8953735, 78.66208133333333], [16.895384166666666, 78.66208016666666], [16.895394666666668, 78.66207883333333], [16.895405166666666, 78.6620775], [16.895415833333335, 78.66207616666667], [16.8954265, 78.66207483333332], [16.895437666666666, 78.66207349999999], [16.895448833333333, 78.66207216666666], [16.89546, 78.66207066666666], [16.895471166666667, 78.66206916666667], [16.895482, 78.66206783333334], [16.8954925, 78.66206650000001], [16.895503, 78.66206516666666], [16.895513, 78.66206383333333], [16.89552266666667, 78.6620625], [16.895532666666668, 78.66206116666667], [16.895542499999998, 78.66206000000001], [16.89555216666667, 78.66205866666665], [16.895561999999998, 78.66205733333332], [16.89557166666667, 78.66205599999999], [16.895581666666665, 78.66205466666666], [16.895592, 78.66205333333333], [16.895602, 78.66205199999999], [16.89561183333333, 78.66205066666666], [16.895621666666667, 78.6620495], [16.895631166666664, 78.66204833333333], [16.895640500000003, 78.66204716666667], [16.895649666666667, 78.66204583333334], [16.89565866666667, 78.66204466666666], [16.895667666666668, 78.66204366666666], [16.89567633333333, 78.66204266666666], [16.895684666666668, 78.66204166666667], [16.89569283333333, 78.66204066666666], [16.895700666666666, 78.6620395], [16.895708333333335, 78.66203866666666], [16.895716166666666, 78.66203766666666], [16.8957235, 78.66203683333333], [16.895730833333335, 78.66203583333332], [16.895737999999998, 78.66203483333334], [16.895745166666664, 78.66203383333333], [16.895752166666668, 78.66203300000001], [16.895759166666668, 78.66203216666666], [16.895766, 78.66203133333333], [16.895772333333333, 78.6620305], [16.895778333333332, 78.66202966666667], [16.895784166666665, 78.662029], [16.895789666666666, 78.66202833333334], [16.89579516666667, 78.66202750000001], [16.895800333333334, 78.66202683333333], [16.895805666666668, 78.662026], [16.895811, 78.66202516666667], [16.895816333333336, 78.6620245], [16.895821333333334, 78.66202383333332], [16.895826166666666, 78.66202316666666], [16.89583083333333, 78.66202249999999], [16.895835166666664, 78.66202183333333], [16.8958395, 78.66202116666666], [16.895843833333334, 78.6620205], [16.895848166666667, 78.66201983333333], [16.8958525, 78.66201933333333], [16.895856666666667, 78.66201866666667], [16.895861, 78.66201816666667], [16.895865166666667, 78.66201766666667], [16.895869, 78.662017], [16.895872833333332, 78.6620165], [16.895876833333332, 78.662016], [16.895880499999997, 78.66201533333333], [16.89588416666667, 78.66201483333333], [16.8958875, 78.66201433333335], [16.895890666666666, 78.66201383333333], [16.8958935, 78.6620135], [16.895896333333333, 78.66201299999999], [16.895899166666666, 78.66201266666667], [16.895901833333333, 78.66201233333332], [16.895904499999997, 78.66201183333332], [16.8959075, 78.66201133333334], [16.89591, 78.66201099999999], [16.895912333333335, 78.66201066666666], [16.895914833333332, 78.66201016666668], [16.895917166666667, 78.66200983333333], [16.895919, 78.66200950000001], [16.8959205, 78.66200916666666], [16.895922166666665, 78.66200883333333], [16.89592383333333, 78.6620085], [16.895925666666667, 78.66200816666667], [16.895927333333336, 78.66200783333333], [16.89592866666667, 78.6620075], [16.89593016666667, 78.66200699999999], [16.8959315, 78.66200683333334], [16.895933, 78.6620065], [16.8959345, 78.66200616666667], [16.895936, 78.66200583333332], [16.895937166666666, 78.6620055], [16.8959385, 78.66200516666666], [16.895939333333335, 78.66200483333334], [16.895940666666668, 78.6620045], [16.895942166666668, 78.66200433333333], [16.895943499999998, 78.662004], [16.895944666666665, 78.66200366666666], [16.895945833333332, 78.66200333333333], [16.895947, 78.662003], [16.8959485, 78.66200266666667], [16.895949499999997, 78.66200233333333], [16.8959505, 78.66200216666667], [16.895951333333336, 78.66200166666665], [16.895952166666667, 78.6620015], [16.895952833333336, 78.66200116666667], [16.895953833333333, 78.66200099999999], [16.89595466666667, 78.66200066666667], [16.8959555, 78.66200033333332], [16.895956333333334, 78.66200016666667], [16.89595716666667, 78.66199983333333], [16.895958, 78.66199950000001], [16.8959585, 78.66199916666666], [16.895959, 78.661999], [16.8959595, 78.66199866666666], [16.89596, 78.6619985], [16.8959605, 78.66199833333333], [16.895961166666666, 78.661998], [16.89596166666667, 78.66199766666666], [16.895962333333333, 78.66199750000001], [16.895963333333334, 78.66199716666667], [16.895964, 78.661997], [16.895964499999998, 78.66199683333333], [16.895964833333334, 78.6619965], [16.895965333333333, 78.66199633333333], [16.89596583333333, 78.66199616666667], [16.895966666666666, 78.66199583333334], [16.895967166666665, 78.66199566666666], [16.895967499999998, 78.66199516666667], [16.895967833333334, 78.66199483333334], [16.895968333333332, 78.66199466666667], [16.895968999999997, 78.6619945], [16.8959695, 78.66199433333333], [16.895969833333332, 78.66199416666667], [16.89597, 78.661994], [16.895970499999997, 78.66199366666666], [16.895971166666666, 78.66199350000001], [16.89597183333333, 78.66199333333334], [16.895971999999997, 78.66199316666666], [16.895972166666663, 78.66199283333334], [16.895972333333336, 78.66199266666666], [16.895972500000003, 78.6619925], [16.895972833333335, 78.66199233333333], [16.895973333333334, 78.66199233333333], [16.895973833333336, 78.661992], [16.89597416666667, 78.66199183333333], [16.895974666666667, 78.66199150000001], [16.895975, 78.66199133333333], [16.895975833333335, 78.66199116666667], [16.895976333333333, 78.661991], [16.895976833333336, 78.66199083333332], [16.89597716666667, 78.66199066666667], [16.895977666666667, 78.66199033333334], [16.895978, 78.66199016666665], [16.895978500000002, 78.66199], [16.895979, 78.66198983333334], [16.895979333333333, 78.66198966666666], [16.895979666666666, 78.66198949999999], [16.89598, 78.66198933333334], [16.895980333333334, 78.66198916666667], [16.895980666666667, 78.66198899999999], [16.895981166666665, 78.66198883333333], [16.895981666666668, 78.66198866666667], [16.895982, 78.66198833333333], [16.895982333333333, 78.66198816666666], [16.895982666666665, 78.66198800000001], [16.895983166666667, 78.66198783333333], [16.8959835, 78.66198766666666], [16.895983666666666, 78.6619875], [16.895983666666666, 78.6619875], [16.895984, 78.66198733333334], [16.895984166666665, 78.66198716666666], [16.895984666666667, 78.661987], [16.895985, 78.66198683333333], [16.8959855, 78.66198666666666], [16.895985833333334, 78.6619865], [16.895986166666667, 78.6619865], [16.895986333333333, 78.66198633333333], [16.895986333333333, 78.66198616666667], [16.895986833333332, 78.661986], [16.895987333333334, 78.66198583333333], [16.8959875, 78.66198566666667], [16.895987666666667, 78.6619855], [16.895988166666665, 78.66198533333333], [16.895988666666664, 78.66198533333333], [16.8959895, 78.66198516666667], [16.895990166666664, 78.66198516666667], [16.895990666666666, 78.661985], [16.895990833333332, 78.66198483333332], [16.895991499999997, 78.66198466666667], [16.895992, 78.6619845], [16.895992666666665, 78.66198433333334], [16.895993166666663, 78.66198416666666], [16.895993666666666, 78.66198416666666], [16.89599433333333, 78.661984], [16.895994833333337, 78.66198383333334], [16.895995333333335, 78.66198383333334], [16.895995833333334, 78.66198366666666], [16.895996333333336, 78.66198366666666], [16.89599666666667, 78.66198349999999], [16.895997, 78.66198349999999], [16.895997333333334, 78.66198333333334], [16.895997833333336, 78.66198316666667], [16.8959985, 78.66198316666667], [16.895999, 78.66198299999999], [16.895999833333335, 78.66198299999999], [16.896000166666667, 78.66198283333333], [16.896000833333336, 78.66198283333333], [16.896001000000002, 78.66198266666667], [16.8960015, 78.66198266666667], [16.896001666666667, 78.66198250000001], [16.896001833333333, 78.66198233333333], [16.896002333333335, 78.66198233333333], [16.896003, 78.66198216666666], [16.8960035, 78.66198200000001], [16.896004166666668, 78.66198183333333], [16.896005, 78.66198183333333], [16.896005833333334, 78.66198166666666], [16.896006666666665, 78.66198166666666], [16.896007, 78.6619815], [16.896007666666666, 78.6619815], [16.896008166666665, 78.66198133333334], [16.896008666666667, 78.66198133333334], [16.896009, 78.66198116666666], [16.896009666666664, 78.66198116666666], [16.89601, 78.661981], [16.8960105, 78.661981], [16.896010666666665, 78.66198083333333], [16.896011166666664, 78.66198083333333], [16.896011833333333, 78.66198066666666], [16.896012499999998, 78.66198066666666], [16.896013, 78.66198066666666], [16.896013333333332, 78.6619805], [16.896014166666664, 78.66198033333333], [16.896014666666666, 78.66198016666667], [16.896015499999997, 78.66198016666667], [16.896016166666666, 78.66198016666667], [16.896016333333332, 78.66198], [16.896016666666664, 78.66197983333333], [16.896017333333337, 78.66197983333333], [16.896017833333335, 78.66197966666667], [16.8960185, 78.66197983333333], [16.896018833333336, 78.66197966666667], [16.896019333333335, 78.66197966666667], [16.896019666666668, 78.6619795], [16.896020166666666, 78.66197933333333], [16.896021, 78.66197933333333], [16.896022000000002, 78.66197916666667], [16.896023666666668, 78.661979], [16.896025833333333, 78.66197883333332], [16.896028, 78.66197866666667], [16.896031166666667, 78.6619785], [16.896035333333334, 78.66197816666666], [16.896040000000003, 78.661978], [16.896045166666667, 78.66197783333334], [16.896050666666667, 78.66197766666667], [16.896056166666664, 78.66197766666667], [16.896062166666663, 78.66197749999999], [16.896068166666666, 78.66197749999999], [16.896074, 78.66197749999999], [16.896079666666665, 78.66197766666667], [16.896085333333335, 78.66197783333334], [16.896091166666668, 78.661978], [16.896097, 78.66197816666666], [16.8961035, 78.6619785], [16.896110500000002, 78.66197883333332], [16.896117166666667, 78.66197916666667], [16.896123499999998, 78.66197966666667], [16.896129499999997, 78.66198016666667], [16.896134833333335, 78.66198066666666], [16.8961395, 78.66198133333334], [16.896144, 78.66198200000001], [16.896147666666664, 78.66198266666667], [16.896151166666666, 78.66198349999999], [16.896154333333335, 78.66198416666666], [16.896156833333336, 78.661985], [16.89615866666667, 78.6619855], [16.896159833333336, 78.66198616666667], [16.896160333333334, 78.66198683333333], [16.896160166666668, 78.6619875], [16.896160000000002, 78.66198833333333], [16.8961595, 78.66198899999999], [16.896157666666667, 78.66198966666666], [16.896156166666668, 78.66199016666665], [16.896154000000003, 78.66199083333332], [16.896151333333332, 78.66199116666667], [16.896148666666665, 78.66199183333333], [16.8961465, 78.66199233333333], [16.896144333333332, 78.66199283333334], [16.896141833333335, 78.661993], [16.896139333333334, 78.66199333333334], [16.896136833333333, 78.66199383333333], [16.896134166666666, 78.661994], [16.896131500000003, 78.66199433333333], [16.896128833333332, 78.66199483333334], [16.896125833333333, 78.66199516666667], [16.896122833333333, 78.6619955], [16.896119166666665, 78.66199566666666], [16.896115666666667, 78.661996], [16.896112333333335, 78.66199616666667], [16.89610916666667, 78.66199633333333], [16.896106166666666, 78.66199666666667], [16.896102833333334, 78.661997], [16.896099333333332, 78.66199716666667], [16.896095833333334, 78.66199733333333], [16.8960925, 78.66199766666666], [16.896089500000002, 78.661998], [16.896086500000003, 78.66199833333333], [16.896083666666666, 78.66199866666666], [16.896080833333333, 78.66199883333334], [16.896078, 78.66199916666666], [16.8960755, 78.66199933333334], [16.896073, 78.66199950000001], [16.896070666666667, 78.66199983333333], [16.896068, 78.662], [16.896065500000002, 78.66200016666667], [16.896063, 78.6620005], [16.89606033333333, 78.66200066666667], [16.896057833333334, 78.66200083333334], [16.8960555, 78.66200116666667], [16.896053, 78.66200133333334], [16.896050833333334, 78.6620015], [16.896048666666665, 78.66200166666665], [16.896046333333334, 78.662002], [16.896044, 78.66200216666667], [16.89604166666667, 78.6620025], [16.896039499999997, 78.66200266666667], [16.896037333333332, 78.662003], [16.896035166666664, 78.66200316666666], [16.896033166666665, 78.66200333333333], [16.896031333333333, 78.66200350000001], [16.8960295, 78.66200366666666], [16.896027666666665, 78.66200383333333], [16.896025833333333, 78.662004], [16.896024, 78.66200416666668], [16.89602216666667, 78.66200433333333], [16.896020333333336, 78.6620045], [16.8960185, 78.66200466666666], [16.896016666666664, 78.66200483333334], [16.896014833333332, 78.662005], [16.896013166666666, 78.66200516666666], [16.8960115, 78.66200533333334], [16.896009833333334, 78.66200533333334], [16.896008333333334, 78.6620055], [16.896006666666665, 78.66200566666666], [16.896005166666665, 78.66200583333332], [16.8960035, 78.66200583333332], [16.896002, 78.662006], [16.8960005, 78.66200616666667], [16.895999166666666, 78.66200633333332], [16.895997666666666, 78.66200633333332], [16.895996333333336, 78.6620065], [16.895995000000003, 78.66200666666667], [16.895993666666666, 78.66200683333334], [16.895992166666666, 78.66200683333334], [16.8959905, 78.66200699999999], [16.895989, 78.66200699999999], [16.895987666666667, 78.66200716666667], [16.8959865, 78.66200733333334], [16.895985166666666, 78.66200733333334], [16.895983666666666, 78.6620075], [16.895982333333333, 78.66200766666665], [16.895981333333335, 78.66200766666665], [16.895980166666668, 78.66200766666665], [16.895979166666667, 78.66200783333333], [16.895978, 78.66200783333333], [16.895977000000002, 78.66200783333333], [16.89597566666667, 78.662008], [16.8959745, 78.662008], [16.895973666666666, 78.662008], [16.895972500000003, 78.66200816666667], [16.895971333333332, 78.66200833333333], [16.89597033333333, 78.66200833333333], [16.8959695, 78.66200833333333], [16.895968333333332, 78.66200833333333], [16.89596733333333, 78.6620085], [16.895966333333334, 78.6620085], [16.895965333333333, 78.6620085], [16.895964333333332, 78.66200866666667], [16.895963, 78.66200866666667], [16.895962, 78.66200866666667], [16.895961166666666, 78.66200866666667], [16.89596016666667, 78.66200883333333], [16.895959333333334, 78.66200883333333], [16.895958333333333, 78.66200883333333], [16.895957333333335, 78.66200883333333], [16.895956333333334, 78.662009], [16.89595566666667, 78.662009], [16.895954833333334, 78.662009], [16.895953833333333, 78.66200916666666], [16.895952833333336, 78.66200916666666], [16.895952166666667, 78.66200916666666], [16.895951333333336, 78.66200916666666], [16.895950666666668, 78.66200933333333], [16.89594966666667, 78.66200933333333], [16.895948999999998, 78.66200933333333], [16.895948166666667, 78.66200933333333], [16.8959475, 78.66200950000001], [16.895946666666667, 78.66200950000001], [16.895945666666666, 78.66200950000001], [16.89594483333333, 78.66200950000001], [16.895944166666666, 78.66200950000001], [16.895943499999998, 78.66200950000001], [16.895942833333333, 78.66200966666666], [16.895941999999998, 78.66200966666666], [16.895941166666667, 78.66200966666666], [16.895940333333332, 78.66200966666666], [16.8959395, 78.66200966666666], [16.895938833333332, 78.66200966666666], [16.895938166666667, 78.66200983333333], [16.895937333333332, 78.66200983333333], [16.895936833333334, 78.66200983333333], [16.89593616666667, 78.66200966666666], [16.895935833333333, 78.66200983333333], [16.895935333333334, 78.66200983333333], [16.89593466666667, 78.66200983333333], [16.895933666666668, 78.66201], [16.895932833333333, 78.66201], [16.895931833333336, 78.66201], [16.895931166666667, 78.66201], [16.895930500000002, 78.66201], [16.895929833333334, 78.66201], [16.89592916666667, 78.66201], [16.895928333333334, 78.66201], [16.89592766666667, 78.66201], [16.895926999999997, 78.66201], [16.895926499999998, 78.66201], [16.895926, 78.66201], [16.89592533333333, 78.66201], [16.895924666666666, 78.66201], [16.895923999999997, 78.66201], [16.8959235, 78.66201], [16.895922833333334, 78.66201016666668], [16.895922166666665, 78.66201016666668], [16.895921666666666, 78.66201016666668], [16.89592083333333, 78.66201016666668], [16.895920333333333, 78.66201016666668], [16.895919833333334, 78.66201016666668], [16.895919166666665, 78.66201016666668], [16.895918666666667, 78.66201016666668], [16.895917833333332, 78.66201016666668], [16.895917166666667, 78.66201016666668], [16.8959165, 78.66201016666668], [16.895915833333333, 78.66201033333333], [16.89591516666667, 78.66201033333333], [16.895914666666666, 78.66201033333333], [16.895914166666667, 78.6620105], [16.895913833333335, 78.66201033333333], [16.895913333333333, 78.66201033333333], [16.895912833333334, 78.66201033333333], [16.895912333333335, 78.66201033333333], [16.895912, 78.66201033333333], [16.8959115, 78.66201033333333], [16.895910833333335, 78.66201016666668], [16.89591, 78.66201016666668], [16.895909333333336, 78.66201016666668], [16.895908833333333, 78.66201016666668], [16.8959085, 78.66201016666668], [16.895907833333336, 78.66201033333333], [16.895907333333334, 78.66201033333333], [16.895906833333335, 78.66201033333333], [16.895906333333336, 78.66201033333333], [16.895905666666668, 78.66201033333333], [16.895905000000003, 78.66201033333333], [16.895904166666664, 78.66201033333333], [16.895903166666667, 78.66201033333333], [16.895902333333332, 78.6620105], [16.895901833333333, 78.6620105], [16.89590133333333, 78.6620105], [16.895901, 78.6620105], [16.895900666666666, 78.66201066666666], [16.895900166666667, 78.66201066666666], [16.8958995, 78.66201066666666], [16.895898499999998, 78.66201083333334], [16.895897833333333, 78.66201066666666], [16.895897333333334, 78.66201066666666], [16.895896666666665, 78.66201066666666], [16.895896166666667, 78.66201083333334], [16.895895666666668, 78.66201066666666], [16.895895166666666, 78.66201066666666], [16.895894666666667, 78.66201066666666], [16.895894166666668, 78.66201066666666], [16.895893333333333, 78.66201066666666], [16.89589266666667, 78.6620105], [16.895892, 78.6620105], [16.89589116666667, 78.6620105], [16.8958905, 78.6620105], [16.895889833333335, 78.6620105], [16.895889333333333, 78.6620105], [16.895888833333334, 78.6620105], [16.895888666666668, 78.6620105], [16.895888333333335, 78.6620105], [16.895887833333333, 78.66201033333333], [16.895887333333334, 78.66201033333333], [16.89588666666667, 78.66201033333333], [16.895886166666667, 78.66201033333333], [16.895885500000002, 78.66201016666668], [16.895884833333334, 78.66201016666668], [16.895884000000002, 78.66201016666668], [16.8958835, 78.66201016666668], [16.895883, 78.66201033333333], [16.895882500000003, 78.66201033333333], [16.895881999999997, 78.66201016666668], [16.895881166666666, 78.66201016666668], [16.89588033333333, 78.66201016666668], [16.8958795, 78.66201], [16.8958785, 78.66201], [16.895877833333333, 78.66201], [16.895877166666665, 78.66201], [16.895876666666666, 78.66200983333333], [16.895875999999998, 78.66200983333333], [16.89587583333333, 78.66200983333333], [16.895875333333333, 78.66200983333333], [16.895874833333334, 78.66200983333333], [16.895874166666665, 78.66200983333333], [16.895873166666668, 78.66200983333333], [16.895872166666667, 78.66200983333333], [16.895871333333332, 78.66200966666666], [16.895870666666667, 78.66200983333333], [16.89587, 78.66200983333333], [16.895869166666667, 78.66200983333333], [16.8958685, 78.66200983333333], [16.895867833333334, 78.66200983333333], [16.895867333333335, 78.66200983333333], [16.895866833333333, 78.66200983333333], [16.895866, 78.66200983333333], [16.895865166666667, 78.66200983333333], [16.895864500000002, 78.66200983333333], [16.895864, 78.66200983333333], [16.895863333333335, 78.66200983333333], [16.89586266666667, 78.66200966666666], [16.895862, 78.66200966666666], [16.895861500000002, 78.66200966666666], [16.895861333333336, 78.66200966666666], [16.895860833333334, 78.66200966666666], [16.89586016666667, 78.66200966666666], [16.89585966666667, 78.66200966666666], [16.895858999999998, 78.66200950000001], [16.895858166666667, 78.66200950000001], [16.895857666666664, 78.66200950000001], [16.895857166666666, 78.66200950000001], [16.895856666666667, 78.66200933333333], [16.895856, 78.66200950000001], [16.895855666666666, 78.66200933333333], [16.895854999999997, 78.66200950000001], [16.895854666666665, 78.66200933333333], [16.895854, 78.66200933333333], [16.89585333333333, 78.66200933333333], [16.8958525, 78.66200933333333], [16.89585183333333, 78.66200916666666], [16.895851166666667, 78.66200916666666], [16.895850499999998, 78.66200916666666], [16.89585, 78.66200916666666], [16.895849666666667, 78.66200916666666], [16.8958495, 78.66200916666666], [16.895849166666668, 78.66200916666666], [16.895848833333332, 78.66200916666666], [16.895848333333333, 78.66200933333333], [16.895847833333335, 78.66200933333333], [16.895847166666666, 78.66200933333333], [16.8958465, 78.66200933333333], [16.895846, 78.66200933333333], [16.895845166666668, 78.66200933333333], [16.895844833333335, 78.66200950000001], [16.895844166666667, 78.66200950000001], [16.895843833333334, 78.66200950000001], [16.895843, 78.66200950000001], [16.8958425, 78.66200950000001], [16.895842000000002, 78.66200950000001], [16.8958415, 78.66200950000001], [16.89584066666667, 78.66200966666666], [16.89584016666667, 78.66200966666666], [16.895839666666667, 78.66200966666666], [16.89583916666667, 78.66200966666666], [16.89583866666667, 78.66200966666666], [16.895838166666667, 78.66200966666666], [16.895837833333335, 78.66200966666666], [16.89583716666667, 78.66200966666666], [16.895836499999998, 78.66200950000001], [16.895836, 78.66200950000001], [16.89583533333333, 78.66200950000001], [16.895834666666666, 78.66200950000001], [16.895834166666667, 78.66200950000001], [16.8958335, 78.66200933333333], [16.895833, 78.66200950000001], [16.895832499999997, 78.66200950000001], [16.895832166666665, 78.66200950000001], [16.8958315, 78.66200950000001], [16.895830666666665, 78.66200950000001], [16.895829833333334, 78.66200933333333], [16.895829166666665, 78.66200933333333], [16.8958285, 78.66200933333333], [16.895827999999998, 78.66200933333333], [16.8958275, 78.66200933333333], [16.895827, 78.66200933333333], [16.895826666666668, 78.66200933333333], [16.895826166666666, 78.66200950000001], [16.8958255, 78.66200950000001], [16.895824833333332, 78.66200950000001], [16.895824333333334, 78.66200950000001], [16.89582366666667, 78.66200933333333], [16.895823, 78.66200933333333], [16.895822333333335, 78.66200933333333], [16.895821666666667, 78.66200933333333], [16.895821166666668, 78.66200916666666], [16.89582066666667, 78.66200916666666], [16.895820166666667, 78.66200933333333], [16.8958195, 78.66200916666666], [16.895818833333333, 78.66200916666666], [16.895818000000002, 78.66200916666666], [16.89581766666667, 78.66200916666666], [16.895817, 78.66200916666666], [16.895816333333336, 78.662009], [16.895815833333334, 78.662009], [16.89581516666667, 78.662009], [16.89581466666667, 78.662009], [16.895814166666664, 78.662009], [16.895813666666665, 78.662009], [16.895813166666667, 78.66200883333333], [16.895812666666664, 78.66200883333333], [16.895811833333333, 78.662009], [16.89581133333333, 78.662009], [16.895810666666666, 78.662009], [16.895810166666667, 78.66200883333333], [16.8958095, 78.66200883333333], [16.895808833333334, 78.66200883333333], [16.895808166666665, 78.66200883333333], [16.8958075, 78.662009], [16.89580683333333, 78.66200916666666], [16.895806166666667, 78.66200950000001], [16.895805666666668, 78.66200966666666], [16.895805666666668, 78.66201], [16.895806166666667, 78.6620105], [16.895806333333333, 78.66201083333334], [16.895806666666665, 78.66201133333334], [16.89580683333333, 78.66201166666666], [16.895807166666668, 78.66201233333332], [16.895808166666665, 78.66201283333334], [16.8958095, 78.66201333333333], [16.8958105, 78.662014], [16.895811666666667, 78.66201433333335], [16.895813333333333, 78.66201483333333], [16.89581516666667, 78.66201516666666], [16.89581766666667, 78.66201550000001], [16.895820333333333, 78.66201583333333], [16.895823166666666, 78.66201583333333], [16.895826166666666, 78.662016], [16.895829, 78.66201616666667], [16.895832166666665, 78.66201633333334], [16.895835166666664, 78.6620165], [16.895838, 78.6620165], [16.895840833333335, 78.6620165], [16.895843666666668, 78.6620165], [16.8958465, 78.66201633333334], [16.895849333333334, 78.66201616666667], [16.895852666666666, 78.662016], [16.8958555, 78.66201566666668], [16.895858166666667, 78.66201533333333], [16.8958605, 78.66201516666666], [16.895862833333336, 78.66201483333333], [16.895865, 78.66201433333335], [16.895867333333335, 78.662014], [16.895869166666667, 78.66201383333333], [16.895871166666666, 78.6620135], [16.895873333333334, 78.66201333333333], [16.895875166666666, 78.66201299999999], [16.8958765, 78.66201266666667], [16.895878166666666, 78.66201233333332], [16.8958795, 78.662012], [16.895880833333333, 78.66201183333332], [16.895881999999997, 78.6620115], [16.895883166666668, 78.66201116666666], [16.89588416666667, 78.66201099999999], [16.89588566666667, 78.66201083333334], [16.895887000000002, 78.66201066666666], [16.89588816666667, 78.66201066666666], [16.8958895, 78.66201033333333], [16.895890833333333, 78.66201], [16.895892166666666, 78.66201], [16.895893333333333, 78.66200983333333], [16.895894333333334, 78.66200966666666], [16.895895499999998, 78.66200950000001], [16.8958965, 78.66200933333333], [16.895897333333334, 78.66200916666666], [16.895898499999998, 78.662009], [16.89589983333333, 78.66200883333333], [16.895901, 78.66200866666667], [16.895902, 78.6620085], [16.89590283333333, 78.66200833333333], [16.895903999999998, 78.66200816666667], [16.89590516666667, 78.66200816666667], [16.895905833333334, 78.662008], [16.895907166666667, 78.66200783333333], [16.89590816666667, 78.66200766666665], [16.895909333333336, 78.66200733333334], [16.8959105, 78.66200733333334], [16.895911666666667, 78.66200716666667], [16.895912833333334, 78.66200699999999], [16.8959135, 78.66200683333334], [16.895914666666666, 78.66200666666667], [16.895915666666667, 78.6620065], [16.8959165, 78.6620065], [16.895917166666667, 78.66200633333332], [16.895917833333332, 78.66200616666667], [16.8959185, 78.662006], [16.895919499999998, 78.66200583333332], [16.895920166666667, 78.66200583333332], [16.895920999999998, 78.66200566666666], [16.895921833333333, 78.66200566666666], [16.895922666666667, 78.6620055], [16.895923333333332, 78.6620055], [16.89592383333333, 78.66200533333334], [16.895924666666666, 78.66200516666666], [16.895925166666665, 78.66200516666666], [16.895925666666667, 78.66200516666666], [16.895926166666666, 78.662005], [16.895926666666664, 78.66200483333334], [16.89592716666667, 78.66200466666666], [16.895927833333335, 78.66200466666666], [16.895928833333336, 78.6620045], [16.8959295, 78.6620045], [16.89593, 78.66200433333333], [16.895930500000002, 78.66200433333333], [16.89593066666667, 78.66200416666668], [16.895931166666667, 78.66200416666668], [16.8959315, 78.66200416666668], [16.895932000000002, 78.662004], [16.895932000000002, 78.662004], [16.895932666666667, 78.662004], [16.895933, 78.66200383333333], [16.895933833333334, 78.66200383333333], [16.895933833333334, 78.66200383333333], [16.895934333333333, 78.66200366666666], [16.89593466666667, 78.66200366666666], [16.895935, 78.66200350000001], [16.895935333333334, 78.66200350000001], [16.8959355, 78.66200350000001], [16.895935833333333, 78.66200333333333], [16.89593616666667, 78.66200316666666], [16.8959365, 78.66200316666666], [16.895936833333334, 78.662003], [16.895937333333332, 78.662003], [16.8959375, 78.66200283333333], [16.895937833333335, 78.66200283333333], [16.895937833333335, 78.66200283333333], [16.89593766666667, 78.66200266666667], [16.8959375, 78.66200266666667], [16.895938, 78.6620025], [16.895938333333334, 78.6620025], [16.8959385, 78.66200233333333], [16.895938666666666, 78.66200216666667], [16.895939, 78.66200216666667], [16.895939333333335, 78.66200216666667], [16.89594, 78.662002], [16.895940166666666, 78.662002], [16.895940333333332, 78.66200183333333], [16.895940666666668, 78.66200183333333], [16.895940333333332, 78.66200166666665], [16.895940666666668, 78.66200166666665], [16.895941166666667, 78.66200166666665], [16.8959415, 78.6620015], [16.895941666666666, 78.66200133333334], [16.89594183333333, 78.66200133333334], [16.8959425, 78.66200116666667], [16.895942666666667, 78.66200116666667], [16.895942666666667, 78.66200116666667], [16.895942666666667, 78.66200099999999], [16.895942833333333, 78.66200099999999], [16.895942666666667, 78.66200083333334], [16.895943, 78.66200083333334], [16.895943166666665, 78.66200066666667], [16.89594333333333, 78.66200066666667], [16.895943499999998, 78.6620005], [16.89594333333333, 78.66200033333332], [16.89594333333333, 78.66200033333332], [16.89594333333333, 78.66200016666667], [16.895943666666668, 78.66200016666667], [16.895943833333334, 78.66200016666667], [16.895944, 78.662], [16.895944333333333, 78.66199983333333], [16.895944333333333, 78.66199983333333], [16.89594483333333, 78.66199966666666], [16.89594483333333, 78.66199966666666], [16.895944999999998, 78.66199950000001], [16.895945333333334, 78.66199950000001], [16.895945333333334, 78.66199933333334], [16.895945666666666, 78.66199933333334], [16.895945666666666, 78.66199933333334], [16.895945666666666, 78.66199933333334], [16.895945666666666, 78.66199916666666], [16.895945666666666, 78.66199916666666], [16.8959455, 78.661999], [16.895945666666666, 78.661999], [16.895945666666666, 78.66199883333334], [16.895945833333332, 78.66199883333334], [16.895946166666665, 78.66199883333334], [16.895946166666665, 78.66199866666666], [16.895946166666665, 78.66199866666666], [16.895946166666665, 78.6619985], [16.89594633333333, 78.6619985], [16.895946499999997, 78.66199833333333], [16.895946166666665, 78.66199833333333], [16.895946, 78.66199816666668], [16.895945833333332, 78.66199816666668], [16.895945833333332, 78.661998], [16.895945833333332, 78.661998], [16.8959455, 78.661998], [16.8959455, 78.661998], [16.895945166666667, 78.66199783333333], [16.895944999999998, 78.66199783333333], [16.89594483333333, 78.66199783333333], [16.895944666666665, 78.66199783333333], [16.895944333333333, 78.66199783333333], [16.895944166666666, 78.66199766666666], [16.895944166666666, 78.66199750000001], [16.895944166666666, 78.66199750000001], [16.895944166666666, 78.66199750000001], [16.895944166666666, 78.66199750000001], [16.895943833333334, 78.66199733333333], [16.89594333333333, 78.66199733333333], [16.89594333333333, 78.66199716666667], [16.895943166666665, 78.66199716666667], [16.895942833333333, 78.66199716666667], [16.895942333333334, 78.66199716666667], [16.89594183333333, 78.661997], [16.895941333333333, 78.66199683333333], [16.895941, 78.66199683333333], [16.895940833333334, 78.66199683333333], [16.8959405, 78.66199666666667], [16.895940333333332, 78.66199666666667], [16.895939833333333, 78.66199666666667], [16.89593916666667, 78.6619965], [16.895938833333332, 78.6619965], [16.895938333333334, 78.66199633333333], [16.895938166666667, 78.66199633333333], [16.89593766666667, 78.66199616666667], [16.895937333333332, 78.66199616666667], [16.895937166666666, 78.661996], [16.895937, 78.661996], [16.895937166666666, 78.661996], [16.895936666666667, 78.661996], [16.895936333333335, 78.661996], [16.895935666666666, 78.661996], [16.895935333333334, 78.66199583333334], [16.895935166666668, 78.66199583333334], [16.895934833333335, 78.66199583333334], [16.895935, 78.66199583333334], [16.895934833333335, 78.66199566666666], [16.895934833333335, 78.66199566666666], [16.895934833333335, 78.66199566666666], [16.89593466666667, 78.66199566666666], [16.895934333333333, 78.66199566666666], [16.895933833333334, 78.6619955], [16.895933333333335, 78.6619955], [16.895933, 78.6619955], [16.895932833333333, 78.6619955], [16.895932833333333, 78.6619955], [16.8959325, 78.66199533333334], [16.895932333333334, 78.66199533333334], [16.895932166666668, 78.66199516666667], [16.895932000000002, 78.66199499999999], [16.895932000000002, 78.66199499999999], [16.895931833333336, 78.66199499999999], [16.89593166666667, 78.66199499999999], [16.895931, 78.66199499999999], [16.895930833333335, 78.66199483333334], [16.895930333333336, 78.66199483333334], [16.89593, 78.66199483333334], [16.895929666666667, 78.66199499999999], [16.895929333333335, 78.66199499999999], [16.89592866666667, 78.66199483333334], [16.895928166666668, 78.66199483333334], [16.895927833333335, 78.66199483333334], [16.895927500000003, 78.66199483333334], [16.895927333333336, 78.66199483333334], [16.895926666666664, 78.66199466666667], [16.895926333333332, 78.66199466666667], [16.895925666666667, 78.6619945], [16.89592533333333, 78.6619945], [16.895925166666665, 78.6619945], [16.895925166666665, 78.6619945], [16.895924666666666, 78.6619945], [16.895924333333333, 78.66199433333333], [16.895923999999997, 78.66199433333333], [16.895923666666665, 78.66199433333333], [16.895923333333332, 78.66199433333333], [16.895923, 78.66199433333333], [16.895922666666667, 78.66199433333333], [16.895922, 78.66199416666667], [16.895921666666666, 78.66199416666667], [16.895921333333334, 78.66199416666667], [16.895920999999998, 78.66199416666667], [16.89592083333333, 78.66199416666667], [16.8959205, 78.661994], [16.895920166666667, 78.661994], [16.895919833333334, 78.661994], [16.89591933333333, 78.661994], [16.895919, 78.661994], [16.895918333333334, 78.66199383333333], [16.895917833333332, 78.66199366666666], [16.895917166666667, 78.66199366666666], [16.895916833333334, 78.66199366666666], [16.89591666666667, 78.66199350000001], [16.895916333333332, 78.66199350000001], [16.895915833333333, 78.66199350000001], [16.8959155, 78.66199333333334], [16.895915333333335, 78.66199333333334], [16.895915333333335, 78.66199333333334], [16.89591516666667, 78.66199333333334], [16.895914833333332, 78.66199333333334], [16.895914333333334, 78.66199316666666], [16.895914, 78.66199316666666], [16.89591366666667, 78.66199316666666], [16.895913333333333, 78.66199316666666], [16.895913, 78.661993], [16.8959125, 78.661993], [16.895912333333335, 78.661993], [16.89591216666667, 78.661993], [16.895911833333333, 78.661993], [16.8959115, 78.661993], [16.895911, 78.66199283333334], [16.895910833333335, 78.66199283333334], [16.8959105, 78.66199266666666], [16.895910333333333, 78.66199266666666], [16.895910166666667, 78.66199266666666], [16.89591, 78.66199266666666], [16.895909666666668, 78.6619925], [16.895909333333336, 78.6619925], [16.895908666666667, 78.6619925], [16.895908333333335, 78.6619925], [16.895908000000002, 78.6619925], [16.8959075, 78.66199233333333], [16.895906833333335, 78.66199233333333], [16.895906333333336, 78.66199233333333], [16.89590616666667, 78.66199233333333], [16.89590616666667, 78.66199233333333], [16.895905833333334, 78.66199233333333], [16.895905333333335, 78.66199233333333], [16.895904833333336, 78.66199216666668], [16.895903999999998, 78.66199216666668], [16.895903333333333, 78.66199216666668], [16.895902666666665, 78.66199216666668], [16.895902166666666, 78.661992], [16.895901499999997, 78.661992], [16.895901, 78.66199183333333], [16.895900666666666, 78.66199183333333], [16.8959005, 78.66199183333333], [16.895900333333334, 78.66199183333333], [16.895899666666665, 78.66199183333333], [16.895899166666666, 78.66199166666667], [16.895898499999998, 78.66199166666667], [16.895898, 78.66199150000001], [16.895897666666666, 78.66199150000001], [16.895896999999998, 78.66199150000001], [16.895896333333333, 78.66199150000001], [16.895895499999998, 78.66199133333333], [16.895895166666666, 78.66199133333333], [16.895894666666667, 78.66199133333333], [16.895894333333334, 78.66199133333333], [16.895893833333332, 78.66199133333333], [16.895893666666666, 78.66199116666667], [16.895893, 78.66199116666667], [16.895892333333332, 78.661991], [16.895891666666667, 78.661991], [16.89589116666667, 78.661991], [16.895890833333333, 78.661991], [16.895890666666666, 78.661991], [16.895890166666668, 78.661991], [16.895889833333335, 78.66199083333332], [16.89588966666667, 78.66199083333332], [16.89588966666667, 78.66199083333332], [16.895889333333333, 78.66199083333332], [16.895888833333334, 78.66199066666667], [16.8958885, 78.66199066666667], [16.895887833333333, 78.66199066666667], [16.8958875, 78.66199066666667], [16.895887166666668, 78.66199066666667], [16.895886833333336, 78.66199066666667], [16.89588666666667, 78.66199066666667], [16.8958865, 78.6619905], [16.895886166666667, 78.6619905], [16.895885833333335, 78.6619905], [16.895885333333336, 78.66199033333334], [16.89588516666667, 78.66199033333334], [16.895885, 78.66199016666665], [16.895884666666667, 78.66199016666665], [16.895884333333335, 78.66199016666665], [16.895883833333336, 78.66199016666665], [16.8958835, 78.66199], [16.895883833333336, 78.66199], [16.89588366666667, 78.66199], [16.895883333333334, 78.66198983333334], [16.895883333333334, 78.66198983333334], [16.89588266666667, 78.66198983333334], [16.895882333333336, 78.66198983333334], [16.895881666666664, 78.66198966666666], [16.895881, 78.66198966666666], [16.895881, 78.66198966666666], [16.895880666666667, 78.66198949999999], [16.895880499999997, 78.66198949999999], [16.89588, 78.66198949999999], [16.895879666666666, 78.66198949999999], [16.895879166666667, 78.66198933333334], [16.895879166666667, 78.66198933333334], [16.895878999999997, 78.66198933333334], [16.895878333333332, 78.66198933333334], [16.895877833333333, 78.66198916666667], [16.89587733333333, 78.66198899999999], [16.895876833333332, 78.66198899999999], [16.895876333333334, 78.66198899999999], [16.895876333333334, 78.66198883333333], [16.895876166666667, 78.66198883333333], [16.89587583333333, 78.66198866666667], [16.895875166666666, 78.6619885], [16.895874833333334, 78.6619885], [16.895874166666665, 78.66198833333333], [16.895873666666667, 78.66198833333333], [16.895872833333332, 78.66198833333333], [16.895872166666667, 78.66198816666666], [16.895871833333334, 78.66198800000001], [16.8958715, 78.66198783333333], [16.895871166666666, 78.66198783333333], [16.895870833333333, 78.66198766666666], [16.895870333333335, 78.66198766666666], [16.89587, 78.6619875], [16.895869333333334, 78.66198733333334], [16.895869166666667, 78.66198716666666], [16.89586866666667, 78.66198716666666], [16.895868333333333, 78.661987], [16.895868, 78.66198683333333], [16.895867666666668, 78.66198666666666], [16.895867666666668, 78.66198666666666], [16.895867666666668, 78.6619865], [16.8958675, 78.66198633333333], [16.895867333333335, 78.66198633333333], [16.895867, 78.66198616666667], [16.895867, 78.66198616666667], [16.895866833333333, 78.661986], [16.895866666666667, 78.661986], [16.895866666666667, 78.66198583333333], [16.895866333333334, 78.66198566666667], [16.895866166666668, 78.66198566666667], [16.895866333333334, 78.6619855], [16.895866333333334, 78.66198533333333], [16.8958665, 78.66198533333333], [16.895866666666667, 78.66198533333333], [16.895866833333333, 78.66198516666667], [16.895866666666667, 78.66198516666667], [16.895866833333333, 78.661985], [16.895866833333333, 78.661985], [16.895866833333333, 78.66198483333332], [16.895866833333333, 78.66198466666667], [16.895866666666667, 78.6619845], [16.895866666666667, 78.66198433333334], [16.895866833333333, 78.66198433333334], [16.89586716666667, 78.66198433333334], [16.8958675, 78.66198433333334], [16.895867666666668, 78.66198416666666], [16.8958675, 78.66198416666666], [16.895867666666668, 78.661984], [16.895867833333334, 78.661984], [16.895868, 78.66198383333334], [16.895868, 78.66198366666666], [16.895868, 78.66198366666666], [16.895868, 78.66198349999999], [16.895868333333333, 78.66198333333334], [16.89586866666667, 78.66198333333334], [16.89586866666667, 78.66198316666667], [16.89586866666667, 78.66198316666667], [16.895868833333335, 78.66198299999999], [16.895869, 78.66198299999999], [16.895869166666667, 78.66198283333333], [16.895869, 78.66198266666667], [16.895868833333335, 78.66198250000001], [16.895868833333335, 78.66198233333333], [16.895869, 78.66198233333333], [16.8958695, 78.66198216666666], [16.89587, 78.66198216666666], [16.8958705, 78.66198200000001], [16.895870666666667, 78.66198200000001], [16.895871166666666, 78.66198183333333], [16.895871166666666, 78.66198183333333], [16.895871333333332, 78.66198166666666], [16.895871333333332, 78.6619815], [16.895871333333332, 78.66198133333334], [16.895872, 78.66198116666666], [16.895872666666666, 78.66198083333333], [16.895873333333334, 78.66198033333333], [16.895873666666667, 78.66198], [16.895872833333332, 78.6619795], [16.8958725, 78.66197883333332], [16.895872166666667, 78.66197833333334], [16.8958715, 78.66197783333334], [16.895871166666666, 78.66197733333334], [16.895871, 78.661977], [16.895870833333333, 78.66197666666667], [16.895870666666667, 78.66197633333333], [16.8958705, 78.66197583333333], [16.8958705, 78.66197566666666], [16.8958705, 78.66197516666666], [16.89587016666667, 78.66197483333333], [16.89587016666667, 78.66197433333333], [16.895870333333335, 78.66197383333333], [16.895871, 78.66197316666667], [16.895872166666667, 78.6619725], [16.895873833333333, 78.661972], [16.895875666666665, 78.66197133333334], [16.895878, 78.66197083333333], [16.895880833333333, 78.66197033333333], [16.895883833333336, 78.66197000000001], [16.895886833333336, 78.6619695], [16.895890166666668, 78.66196916666667], [16.895894166666668, 78.661969], [16.895898499999998, 78.66196883333333], [16.895902333333332, 78.66196883333333], [16.895905333333335, 78.661969], [16.89590816666667, 78.66196916666667], [16.895910333333333, 78.6619695], [16.895913, 78.66196983333333], [16.8959145, 78.66197033333333], [16.8959155, 78.66197050000001], [16.89591666666667, 78.66197083333333], [16.89591666666667, 78.66197116666667], [16.895917166666667, 78.66197149999999], [16.8959175, 78.66197183333334], [16.895917833333332, 78.661972], [16.8959175, 78.66197233333334], [16.895918333333334, 78.66197266666667], [16.89591933333333, 78.661973], [16.895920333333333, 78.66197316666667], [16.895921333333334, 78.66197333333334], [16.895921666666666, 78.66197333333334], [16.89592233333333, 78.66197333333334], [16.895923, 78.6619735], [16.8959235, 78.66197366666667], [16.895924166666667, 78.661974], [16.8959245, 78.66197433333333], [16.895924666666666, 78.66197466666668], [16.895924333333333, 78.661975], [16.895923333333332, 78.66197516666666], [16.895922499999998, 78.661975], [16.895922499999998, 78.66197516666666], [16.895922833333334, 78.66197516666666], [16.895923166666666, 78.66197533333334], [16.895923666666665, 78.66197566666666], [16.895924666666666, 78.66197600000001], [16.895926166666666, 78.66197650000001], [16.895927500000003, 78.661977], [16.895928833333336, 78.66197749999999], [16.89593016666667, 78.661978], [16.8959315, 78.66197866666667], [16.89593316666667, 78.66197916666667], [16.89593466666667, 78.66197966666667], [16.895936, 78.66198016666667], [16.895937333333332, 78.66198083333333], [16.895939, 78.66198116666666], [16.895940333333332, 78.66198166666666], [16.8959415, 78.66198216666666], [16.895942666666667, 78.66198266666667], [16.895943666666668, 78.66198299999999], [16.8959445, 78.66198333333334], [16.8959455, 78.66198383333334], [16.895946833333333, 78.66198416666666], [16.89594783333333, 78.66198466666667], [16.895949166666664, 78.661985], [16.895950333333335, 78.66198533333333], [16.895951500000002, 78.66198583333333], [16.8959525, 78.66198633333333], [16.8959535, 78.66198666666666], [16.895954500000002, 78.66198716666666], [16.895955333333333, 78.6619875], [16.895956, 78.66198800000001], [16.895956833333333, 78.6619885], [16.895957333333335, 78.66198899999999], [16.895958166666667, 78.66198933333334], [16.895959, 78.66198983333334], [16.8959595, 78.66199016666665], [16.89596, 78.6619905], [16.895960666666667, 78.661991], [16.8959615, 78.66199133333333], [16.895962, 78.66199166666667], [16.8959625, 78.66199216666668], [16.895962666666666, 78.6619925], [16.895963166666668, 78.66199283333334], [16.895963833333333, 78.66199316666666], [16.895964499999998, 78.66199350000001], [16.895965, 78.66199383333333], [16.895965166666667, 78.661994], [16.895965666666665, 78.66199433333333], [16.8959665, 78.6619945], [16.895967166666665, 78.66199483333334], [16.895967833333334, 78.66199516666667], [16.895968166666666, 78.6619955], [16.8959685, 78.66199566666666], [16.89596883333333, 78.661996], [16.8959695, 78.66199633333333], [16.895969666666666, 78.6619965], [16.895969833333332, 78.66199683333333], [16.895970166666665, 78.66199716666667], [16.895970166666665, 78.66199750000001], [16.895970499999997, 78.66199766666666], [16.895970833333333, 78.661998], [16.895970833333333, 78.66199833333333], [16.895970666666663, 78.6619985], [16.895970833333333, 78.66199883333334], [16.895971, 78.661999], [16.895971333333332, 78.66199933333334], [16.895971666666664, 78.66199950000001], [16.89597183333333, 78.66199966666666], [16.895971999999997, 78.662], [16.895972166666663, 78.66200016666667], [16.895972500000003, 78.6620005], [16.895973, 78.66200066666667], [16.895973166666668, 78.66200083333334], [16.895973166666668, 78.66200116666667], [16.895973166666668, 78.66200133333334], [16.895973333333334, 78.6620015], [16.8959735, 78.66200183333333], [16.895973833333336, 78.662002], [16.895973833333336, 78.66200233333333], [16.895973833333336, 78.6620025], [16.89597416666667, 78.66200266666667], [16.895974666666667, 78.662003], [16.895975, 78.66200316666666], [16.895975333333336, 78.66200333333333], [16.895975500000002, 78.66200350000001], [16.895975833333335, 78.66200366666666], [16.895976, 78.66200383333333], [16.895976166666667, 78.662004], [16.895976333333333, 78.66200416666668], [16.8959765, 78.66200433333333], [16.895976666666666, 78.6620045], [16.895976833333336, 78.66200466666666], [16.895977000000002, 78.66200483333334], [16.895977333333335, 78.662005], [16.8959775, 78.66200516666666], [16.895977666666667, 78.66200533333334], [16.895978, 78.6620055], [16.895978166666666, 78.66200566666666], [16.895978333333336, 78.66200583333332], [16.895978666666668, 78.662006], [16.895978833333334, 78.66200633333332], [16.895979333333333, 78.6620065], [16.8959795, 78.66200666666667], [16.895979666666666, 78.66200683333334], [16.895979833333335, 78.66200699999999], [16.89598, 78.66200716666667], [16.895980333333334, 78.66200733333334], [16.895980666666667, 78.6620075], [16.895981, 78.66200766666665], [16.895981166666665, 78.66200783333333], [16.895981166666665, 78.662008], [16.895981166666665, 78.66200816666667], [16.8959815, 78.66200833333333], [16.895981666666668, 78.6620085], [16.895981833333334, 78.66200866666667], [16.895981833333334, 78.66200883333333], [16.895982, 78.662009], [16.895982166666666, 78.66200933333333], [16.895982333333333, 78.66200950000001], [16.8959825, 78.66200966666666], [16.895982666666665, 78.66200983333333], [16.895982833333335, 78.66201], [16.895983166666667, 78.66201016666668], [16.8959835, 78.6620105], [16.895984, 78.66201066666666], [16.895984333333335, 78.66201083333334], [16.8959845, 78.66201099999999], [16.895984833333333, 78.66201116666666], [16.895985, 78.66201133333334], [16.895985333333332, 78.6620115], [16.895985666666665, 78.66201166666666], [16.895985833333334, 78.66201183333332], [16.895986, 78.66201183333332], [16.895986, 78.662012], [16.895986166666667, 78.66201216666667], [16.895986333333333, 78.66201233333332], [16.895986333333333, 78.6620125], [16.8959865, 78.6620125], [16.8959865, 78.66201283333334], [16.895986666666666, 78.66201299999999], [16.895986833333332, 78.66201316666667], [16.895986999999998, 78.66201333333333], [16.895987166666664, 78.6620135], [16.895987333333334, 78.66201366666665], [16.8959875, 78.66201383333333], [16.8959875, 78.662014], [16.895987666666667, 78.66201416666667], [16.895988, 78.66201433333335], [16.895988166666665, 78.6620145], [16.89598833333333, 78.66201466666666], [16.895988499999998, 78.66201483333333], [16.895988833333334, 78.66201500000001], [16.895989, 78.66201500000001], [16.895989166666666, 78.66201516666666], [16.895989166666666, 78.66201533333333], [16.895989333333333, 78.66201550000001], [16.895989333333333, 78.66201550000001], [16.8959895, 78.66201566666668], [16.895989666666665, 78.66201583333333], [16.89598983333333, 78.662016], [16.895989999999998, 78.66201616666667], [16.895990166666664, 78.66201633333334], [16.895990166666664, 78.6620165], [16.895990333333334, 78.66201666666666], [16.8959905, 78.66201666666666], [16.895990833333332, 78.66201683333334], [16.895990666666666, 78.662017], [16.895990666666666, 78.66201716666666], [16.895990666666666, 78.66201733333334], [16.895991, 78.66201733333334], [16.895991166666665, 78.6620175], [16.89599133333333, 78.66201766666667], [16.895991166666665, 78.66201783333332], [16.895991, 78.66201783333332], [16.895990833333332, 78.662018], [16.895990833333332, 78.662018], [16.895990833333332, 78.66201816666667], [16.895990666666666, 78.66201816666667], [16.8959905, 78.66201833333334], [16.8959905, 78.66201833333334], [16.895990666666666, 78.6620185], [16.895990833333332, 78.6620185], [16.895991, 78.66201866666667], [16.895991166666665, 78.66201883333333], [16.895991166666665, 78.66201883333333], [16.895991166666665, 78.662019], [16.895991166666665, 78.66201916666667], [16.895991, 78.66201916666667], [16.895991166666665, 78.66201933333333], [16.89599133333333, 78.6620195], [16.895991666666664, 78.6620195], [16.895991833333333, 78.6620195], [16.895991833333333, 78.66201966666667], [16.895991499999997, 78.66201966666667], [16.89599133333333, 78.66201966666667], [16.895991499999997, 78.66201966666667], [16.895991499999997, 78.66201983333333], [16.895991499999997, 78.66201983333333], [16.89599133333333, 78.66202], [16.89599133333333, 78.66202], [16.89599133333333, 78.66202], [16.895991499999997, 78.66202016666666], [16.895991666666664, 78.66202016666666], [16.89599133333333, 78.66202033333334], [16.895991166666665, 78.66202033333334], [16.895990666666666, 78.66202033333334], [16.895990666666666, 78.6620205], [16.8959905, 78.6620205], [16.8959905, 78.6620205], [16.8959905, 78.66202066666666], [16.8959905, 78.66202066666666], [16.895990166666664, 78.66202066666666], [16.895990166666664, 78.66202066666666], [16.895989999999998, 78.66202066666666], [16.89598983333333, 78.66202066666666], [16.8959895, 78.66202066666666], [16.895989, 78.66202066666666], [16.895988666666664, 78.66202066666666], [16.89598833333333, 78.66202083333333], [16.895988166666665, 78.66202083333333], [16.89598833333333, 78.66202100000001], [16.895988, 78.66202100000001], [16.895987666666667, 78.66202116666666], [16.8959875, 78.66202116666666], [16.895987166666664, 78.66202116666666], [16.895986999999998, 78.66202116666666], [16.895986666666666, 78.66202116666666], [16.895986333333333, 78.66202116666666], [16.895986, 78.66202116666666], [16.895986166666667, 78.66202116666666], [16.895986, 78.66202116666666], [16.895986, 78.66202116666666], [16.895985833333334, 78.66202133333333], [16.8959855, 78.66202133333333], [16.895985333333332, 78.66202133333333], [16.895985166666666, 78.66202133333333], [16.895984833333333, 78.66202133333333], [16.8959845, 78.66202133333333], [16.895984166666665, 78.66202133333333], [16.895983833333332, 78.66202133333333], [16.895983666666666, 78.66202133333333], [16.8959835, 78.66202150000001], [16.895983166666667, 78.66202150000001], [16.895982666666665, 78.66202150000001], [16.895982166666666, 78.66202150000001], [16.895981666666668, 78.66202150000001], [16.895981166666665, 78.66202150000001], [16.895980833333333, 78.66202150000001], [16.8959805, 78.66202150000001], [16.895980166666668, 78.66202150000001], [16.895979666666666, 78.66202150000001], [16.895979666666666, 78.66202133333333], [16.8959795, 78.66202133333333], [16.8959795, 78.66202133333333], [16.895979166666667, 78.66202133333333], [16.895978833333334, 78.66202133333333], [16.895978500000002, 78.66202133333333], [16.895978166666666, 78.66202133333333], [16.895978, 78.66202133333333], [16.895977666666667, 78.66202116666666], [16.89597716666667, 78.66202116666666], [16.895976833333336, 78.66202100000001], [16.895976833333336, 78.66202100000001], [16.895976666666666, 78.66202100000001], [16.8959765, 78.66202100000001], [16.895975833333335, 78.66202100000001], [16.895975333333336, 78.66202100000001], [16.895975, 78.66202100000001], [16.895974833333334, 78.66202100000001], [16.895975, 78.66202100000001], [16.895974833333334, 78.66202100000001], [16.8959745, 78.66202100000001], [16.895974333333335, 78.66202100000001], [16.895974333333335, 78.66202100000001], [16.89597416666667, 78.66202100000001], [16.895974000000002, 78.66202100000001], [16.8959735, 78.66202100000001], [16.89597266666667, 78.66202100000001], [16.895971999999997, 78.66202100000001], [16.895971666666664, 78.66202083333333], [16.895971333333332, 78.66202083333333], [16.895970666666663, 78.66202083333333], [16.895970166666665, 78.66202083333333], [16.895969666666666, 78.66202083333333], [16.8959695, 78.66202083333333], [16.895969166666664, 78.66202083333333], [16.895968666666665, 78.66202083333333], [16.895968166666666, 78.66202083333333], [16.895967666666664, 78.66202083333333], [16.89596733333333, 78.66202100000001], [16.895967, 78.66202100000001], [16.895966833333333, 78.66202100000001], [16.895966333333334, 78.66202100000001], [16.89596583333333, 78.66202100000001], [16.895965666666665, 78.66202083333333], [16.895965333333333, 78.66202100000001], [16.895965166666667, 78.66202083333333], [16.895964666666664, 78.66202083333333], [16.895963833333333, 78.66202083333333], [16.895963, 78.66202083333333], [16.8959625, 78.66202066666666], [16.895962166666667, 78.66202066666666], [16.895961833333335, 78.66202083333333], [16.895961333333332, 78.66202083333333], [16.895960833333334, 78.66202083333333], [16.895960333333335, 78.66202100000001], [16.89596, 78.66202100000001], [16.895959666666666, 78.66202116666666], [16.8959595, 78.66202116666666], [16.895959, 78.66202116666666], [16.8959585, 78.66202116666666], [16.895958166666667, 78.66202116666666], [16.895958, 78.66202116666666], [16.8959575, 78.66202116666666], [16.895956833333333, 78.66202116666666], [16.895956333333334, 78.66202100000001], [16.89595566666667, 78.66202100000001], [16.895955166666667, 78.66202100000001], [16.895954500000002, 78.66202100000001], [16.895954, 78.66202100000001], [16.8959535, 78.66202100000001], [16.895953000000002, 78.66202100000001], [16.8959525, 78.66202100000001], [16.895952, 78.66202100000001], [16.895951333333336, 78.66202100000001], [16.895950666666668, 78.66202100000001], [16.895950333333335, 78.66202100000001], [16.89595016666667, 78.66202116666666], [16.89594966666667, 78.66202116666666], [16.895948833333332, 78.66202116666666], [16.89594783333333, 78.66202100000001], [16.895947166666666, 78.66202100000001], [16.895946499999997, 78.66202100000001], [16.895946, 78.66202083333333], [16.8959455, 78.66202083333333], [16.8959445, 78.66202083333333], [16.895943666666668, 78.66202083333333], [16.89594333333333, 78.66202083333333], [16.895943, 78.66202083333333], [16.895942666666667, 78.66202083333333], [16.895942166666668, 78.66202083333333], [16.8959415, 78.66202100000001], [16.895940833333334, 78.66202100000001], [16.895940333333332, 78.66202100000001], [16.895939833333333, 78.66202100000001], [16.89593916666667, 78.66202100000001], [16.8959385, 78.66202100000001], [16.895937833333335, 78.66202100000001], [16.895937333333332, 78.66202100000001], [16.895936833333334, 78.66202100000001], [16.8959365, 78.66202100000001], [16.895936, 78.66202100000001], [16.895935333333334, 78.66202100000001], [16.895935, 78.66202100000001], [16.895934166666667, 78.66202100000001], [16.895933666666668, 78.66202100000001], [16.895933, 78.66202100000001], [16.8959325, 78.66202100000001], [16.895932166666668, 78.66202083333333], [16.8959315, 78.66202083333333], [16.895931, 78.66202083333333], [16.895930500000002, 78.66202066666666], [16.895929666666667, 78.66202066666666], [16.895929000000002, 78.66202066666666], [16.895928333333334, 78.66202066666666], [16.89592766666667, 78.66202066666666], [16.89592716666667, 78.66202083333333], [16.895926333333332, 78.66202083333333], [16.895925833333333, 78.66202083333333], [16.895925499999997, 78.66202083333333], [16.895925, 78.66202083333333], [16.895924666666666, 78.66202083333333], [16.895924333333333, 78.66202083333333], [16.895923666666665, 78.66202066666666], [16.895922666666667, 78.66202066666666], [16.895922, 78.66202066666666], [16.895921166666668, 78.66202066666666], [16.895920333333333, 78.6620205], [16.895919666666668, 78.6620205], [16.895919166666665, 78.6620205], [16.895918666666667, 78.6620205], [16.895918333333334, 78.6620205], [16.895917999999998, 78.6620205], [16.8959175, 78.6620205], [16.895917, 78.6620205], [16.8959165, 78.6620205], [16.895915833333333, 78.6620205], [16.89591516666667, 78.6620205], [16.8959145, 78.66202033333334], [16.895913833333335, 78.66202033333334], [16.895913333333333, 78.66202016666666], [16.8959125, 78.66202016666666], [16.895911833333333, 78.66202016666666], [16.895911333333334, 78.66202016666666], [16.89591066666667, 78.66202016666666], [16.89591, 78.66202], [16.895909500000002, 78.66202], [16.895908833333333, 78.66202016666666], [16.89590816666667, 78.66202016666666], [16.89590766666667, 78.66202016666666], [16.895907166666667, 78.66202016666666], [16.895906833333335, 78.66202016666666], [16.89590666666667, 78.66202033333334], [16.89590616666667, 78.66202016666666], [16.8959055, 78.66202016666666], [16.89590466666667, 78.66202], [16.895903833333332, 78.66201983333333], [16.895902999999997, 78.66201966666667], [16.895902333333332, 78.6620195], [16.895901833333333, 78.6620195], [16.89590133333333, 78.6620195], [16.895900833333332, 78.6620195], [16.895900333333334, 78.6620195], [16.895899999999997, 78.6620195], [16.895899666666665, 78.6620195], [16.895899166666666, 78.6620195], [16.895898499999998, 78.66201933333333], [16.895897666666666, 78.66201916666667], [16.895896666666665, 78.66201916666667], [16.895896166666667, 78.662019], [16.895895833333334, 78.662019], [16.895895333333332, 78.66201883333333], [16.895894833333333, 78.66201866666667], [16.895894, 78.66201866666667], [16.895893333333333, 78.6620185], [16.895892833333335, 78.6620185], [16.895892166666666, 78.66201833333334], [16.8958915, 78.66201833333334], [16.895890833333333, 78.66201816666667], [16.89589, 78.66201816666667], [16.8958895, 78.66201816666667], [16.895889166666667, 78.66201816666667], [16.895889, 78.66201816666667], [16.8958885, 78.66201816666667], [16.895887833333333, 78.66201816666667], [16.895887000000002, 78.66201816666667], [16.895886166666667, 78.662018], [16.89588566666667, 78.662018], [16.89588516666667, 78.662018], [16.895884833333334, 78.662018], [16.895884333333335, 78.66201816666667], [16.89588366666667, 78.66201816666667], [16.895883333333334, 78.66201816666667], [16.895882833333335, 78.662018], [16.895882333333336, 78.662018], [16.895881666666664, 78.66201783333332], [16.895881, 78.66201783333332], [16.89588, 78.66201766666667], [16.895879333333333, 78.66201733333334], [16.895878666666665, 78.66201733333334], [16.895878333333332, 78.66201733333334], [16.895878166666666, 78.66201716666666], [16.895877666666667, 78.66201716666666], [16.89587733333333, 78.66201716666666], [16.895877166666665, 78.662017], [16.895876833333332, 78.662017], [16.8958765, 78.662017], [16.895875999999998, 78.662017], [16.8958755, 78.66201683333334], [16.895874666666668, 78.66201683333334], [16.895874, 78.66201666666666], [16.8958735, 78.66201666666666], [16.895873166666668, 78.6620165], [16.895872833333332, 78.6620165], [16.8958725, 78.66201633333334], [16.895871833333334, 78.66201633333334], [16.895871333333332, 78.66201633333334], [16.895870833333333, 78.66201633333334], [16.89587016666667, 78.66201633333334], [16.895869666666666, 78.66201633333334], [16.895869166666667, 78.66201633333334], [16.8958685, 78.66201633333334], [16.895868166666666, 78.66201633333334], [16.895868, 78.66201616666667], [16.895867666666668, 78.662016], [16.89586716666667, 78.662016], [16.8958665, 78.66201583333333], [16.895865833333335, 78.66201566666668], [16.895865333333333, 78.66201566666668], [16.895864833333334, 78.66201566666668], [16.895864500000002, 78.66201566666668], [16.895864, 78.66201566666668], [16.895863833333333, 78.66201566666668], [16.895863666666667, 78.66201566666668], [16.895863666666667, 78.66201566666668], [16.8958635, 78.66201566666668], [16.895863000000002, 78.66201566666668], [16.895862333333334, 78.66201566666668], [16.895861833333335, 78.66201566666668], [16.895861500000002, 78.66201566666668], [16.895861333333336, 78.66201566666668], [16.895860833333334, 78.66201566666668], [16.8958605, 78.66201566666668], [16.89586016666667, 78.66201566666668], [16.895860000000003, 78.66201566666668], [16.895860000000003, 78.66201566666668], [16.895859833333336, 78.66201566666668], [16.89585933333333, 78.66201566666668], [16.89585883333333, 78.66201566666668], [16.895858333333333, 78.66201566666668], [16.89585783333333, 78.66201550000001], [16.895857333333332, 78.66201550000001], [16.895857, 78.66201550000001], [16.895856833333333, 78.66201550000001], [16.895856833333333, 78.66201566666668], [16.89585633333333, 78.66201566666668], [16.895856, 78.66201550000001], [16.8958555, 78.66201566666668], [16.895855333333333, 78.66201566666668], [16.895855166666667, 78.66201583333333], [16.895854999999997, 78.66201583333333], [16.895854666666665, 78.662016], [16.895854333333332, 78.662016], [16.895853833333334, 78.662016], [16.895853499999998, 78.662016], [16.895853166666665, 78.662016], [16.8958525, 78.66201583333333], [16.89585183333333, 78.66201566666668], [16.895851166666667, 78.66201550000001], [16.895850833333334, 78.66201550000001], [16.895850666666668, 78.66201533333333], [16.895850833333334, 78.66201533333333], [16.895850666666668, 78.66201550000001], [16.895850166666666, 78.66201550000001], [16.895849833333333, 78.66201533333333], [16.8958495, 78.66201533333333], [16.895849166666668, 78.66201516666666], [16.8958485, 78.66201516666666], [16.895848, 78.66201516666666], [16.895847333333332, 78.66201500000001], [16.895847166666666, 78.66201500000001], [16.895847, 78.66201516666666], [16.895847, 78.66201516666666], [16.895846833333334, 78.66201516666666], [16.895846666666667, 78.66201533333333], [16.8958465, 78.66201533333333], [16.895846333333335, 78.66201550000001], [16.895846333333335, 78.66201566666668], [16.895846, 78.66201566666668], [16.8958455, 78.66201583333333], [16.895844833333335, 78.66201566666668], [16.89584466666667, 78.66201566666668], [16.895844333333333, 78.66201566666668], [16.895844333333333, 78.66201566666668], [16.895844, 78.66201550000001], [16.895843666666668, 78.66201533333333], [16.895843333333335, 78.66201533333333], [16.89584316666667, 78.66201533333333], [16.895843, 78.66201533333333], [16.895842666666667, 78.66201533333333], [16.895842333333334, 78.66201533333333], [16.895842000000002, 78.66201533333333], [16.895841833333336, 78.66201533333333], [16.89584166666667, 78.66201516666666], [16.8958415, 78.66201516666666], [16.895841166666667, 78.66201533333333], [16.89584066666667, 78.66201516666666], [16.895840333333336, 78.66201533333333], [16.89584016666667, 78.66201550000001], [16.89584, 78.66201550000001], [16.895839833333334, 78.66201550000001], [16.895839666666667, 78.66201566666668], [16.895839000000002, 78.66201566666668], [16.8958385, 78.66201566666668], [16.895838, 78.66201566666668], [16.895837500000003, 78.66201550000001], [16.89583683333333, 78.66201550000001], [16.895836499999998, 78.66201550000001], [16.895836, 78.66201550000001], [16.895835499999997, 78.66201550000001], [16.895835166666664, 78.66201550000001], [16.895834999999998, 78.66201550000001], [16.895834833333332, 78.66201550000001], [16.895834666666666, 78.66201550000001], [16.8958345, 78.66201550000001], [16.895834166666667, 78.66201550000001], [16.8958335, 78.66201550000001], [16.895833, 78.66201550000001], [16.89583233333333, 78.66201533333333], [16.895831666666666, 78.66201533333333], [16.895830999999998, 78.66201516666666], [16.895830666666665, 78.66201516666666], [16.895830333333333, 78.66201533333333], [16.89583, 78.66201533333333], [16.895829833333334, 78.66201533333333], [16.895829499999998, 78.66201550000001], [16.895829166666665, 78.66201550000001], [16.8958285, 78.66201550000001], [16.895827999999998, 78.66201533333333], [16.895827166666667, 78.66201533333333], [16.8958265, 78.66201516666666], [16.895825833333333, 78.66201516666666], [16.8958255, 78.66201500000001], [16.895825333333335, 78.66201483333333], [16.895824833333332, 78.66201483333333], [16.8958245, 78.66201483333333], [16.895824, 78.66201466666666], [16.8958235, 78.66201466666666], [16.895823333333333, 78.66201466666666], [16.895822833333334, 78.66201466666666], [16.895822333333335, 78.6620145], [16.895821666666667, 78.6620145], [16.895821166666668, 78.6620145], [16.89582066666667, 78.6620145], [16.8958205, 78.6620145], [16.89582, 78.6620145], [16.8958195, 78.6620145], [16.895818833333333, 78.6620145], [16.895818333333334, 78.6620145], [16.89581816666667, 78.6620145], [16.895818666666667, 78.66201466666666], [16.895819833333334, 78.66201483333333], [16.895821333333334, 78.66201516666666], [16.8958235, 78.66201533333333], [16.895825833333333, 78.66201566666668], [16.8958285, 78.662016], [16.895832, 78.662016], [16.895834833333332, 78.662016], [16.895836999999997, 78.66201583333333], [16.895839000000002, 78.66201583333333], [16.895840333333336, 78.66201566666668], [16.895841333333333, 78.66201550000001], [16.895842666666667, 78.66201533333333], [16.895843833333334, 78.66201533333333], [16.895845166666668, 78.66201533333333], [16.8958465, 78.66201533333333], [16.8958475, 78.66201516666666], [16.8958485, 78.66201516666666], [16.895849333333334, 78.66201516666666], [16.895850333333332, 78.66201516666666], [16.895851666666665, 78.66201516666666], [16.895853, 78.66201500000001], [16.8958545, 78.66201483333333], [16.895856166666665, 78.66201466666666], [16.895857999999997, 78.66201466666666], [16.895859499999997, 78.66201433333335], [16.895860666666668, 78.66201383333333], [16.895861500000002, 78.66201333333333], [16.895862333333334, 78.66201299999999], [16.8958635, 78.66201266666667], [16.895864500000002, 78.66201216666667], [16.8958655, 78.662012], [16.895866666666667, 78.66201166666666], [16.895867833333334, 78.66201133333334], [16.895869166666667, 78.66201116666666], [16.895870666666667, 78.66201099999999], [16.895872166666667, 78.66201083333334], [16.895873333333334, 78.66201066666666], [16.895874499999998, 78.6620105], [16.895875166666666, 78.66201033333333], [16.89587583333333, 78.66201], [16.8958765, 78.66200983333333], [16.89587733333333, 78.66200983333333], [16.895878333333332, 78.66200966666666], [16.895879166666667, 78.66200966666666], [16.89588033333333, 78.66200966666666], [16.89588133333333, 78.66200950000001], [16.89588216666667, 78.66200950000001], [16.895882833333335, 78.66200933333333], [16.895883, 78.66200916666666], [16.8958835, 78.662009], [16.895883833333336, 78.66200883333333], [16.89588416666667, 78.66200866666667], [16.8958845, 78.66200866666667], [16.895885, 78.66200866666667], [16.895885833333335, 78.66200866666667], [16.895886333333333, 78.6620085], [16.895886833333336, 78.6620085], [16.895887333333334, 78.6620085], [16.895887666666667, 78.66200833333333], [16.895887833333333, 78.66200833333333], [16.895888, 78.66200816666667], [16.89588816666667, 78.66200816666667], [16.8958885, 78.66200816666667], [16.895889, 78.662008], [16.895889166666667, 78.662008], [16.8958895, 78.662008], [16.895889833333335, 78.66200816666667], [16.89589, 78.66200816666667], [16.895890333333334, 78.66200816666667], [16.89589, 78.66200816666667], [16.89589, 78.66200816666667], [16.89589, 78.66200816666667], [16.89589, 78.662008], [16.89589, 78.662008], [16.895889833333335, 78.662008], [16.89588966666667, 78.662008], [16.89588966666667, 78.662008], [16.89588966666667, 78.662008], [16.895889333333333, 78.66200816666667], [16.895889166666667, 78.66200816666667], [16.895888833333334, 78.66200816666667], [16.895888333333335, 78.66200816666667], [16.89588816666667, 78.66200816666667], [16.895887833333333, 78.66200816666667], [16.895887833333333, 78.66200816666667], [16.895887666666667, 78.66200816666667], [16.8958875, 78.66200816666667], [16.8958875, 78.66200816666667], [16.895887166666668, 78.66200816666667], [16.895886833333336, 78.66200816666667], [16.89588666666667, 78.66200816666667], [16.895886166666667, 78.66200816666667], [16.895886, 78.66200816666667], [16.895885500000002, 78.66200816666667], [16.89588516666667, 78.662008], [16.89588516666667, 78.662008], [16.89588516666667, 78.662008], [16.895885, 78.66200816666667], [16.895884833333334, 78.66200816666667], [16.895884666666667, 78.66200833333333], [16.8958845, 78.66200833333333], [16.8958845, 78.66200833333333], [16.8958845, 78.66200833333333], [16.895883833333336, 78.66200833333333], [16.8958835, 78.66200816666667], [16.895883333333334, 78.66200816666667], [16.895883333333334, 78.66200816666667], [16.895883, 78.66200816666667], [16.89588266666667, 78.66200816666667], [16.895882500000003, 78.66200816666667], [16.895882333333336, 78.66200833333333], [16.895881999999997, 78.66200833333333], [16.89588183333333, 78.66200833333333], [16.895881999999997, 78.66200833333333], [16.89588183333333, 78.66200816666667], [16.89588183333333, 78.66200816666667], [16.89588183333333, 78.662008], [16.89588133333333, 78.662008], [16.895880833333333, 78.66200783333333], [16.89588033333333, 78.66200783333333], [16.895880166666664, 78.662008], [16.895879833333332, 78.662008], [16.895879666666666, 78.66200816666667], [16.8958795, 78.66200816666667], [16.895879333333333, 78.66200816666667], [16.89587883333333, 78.66200816666667], [16.8958785, 78.66200816666667], [16.895878333333332, 78.662008], [16.895877666666667, 78.662008], [16.895877, 78.662008], [16.8958765, 78.662008], [16.895876166666667, 78.662008], [16.895876166666667, 78.662008], [16.895876166666667, 78.662008], [16.895876333333334, 78.662008], [16.895876333333334, 78.662008], [16.895876166666667, 78.662008], [16.895875999999998, 78.662008], [16.895875666666665, 78.66200783333333], [16.895875166666666, 78.662008], [16.895874833333334, 78.662008], [16.89587433333333, 78.662008], [16.895873833333333, 78.662008], [16.895874, 78.662008], [16.895874166666665, 78.66200816666667], [16.895874166666665, 78.66200816666667], [16.895873833333333, 78.662008], [16.8958735, 78.662008], [16.895873166666668, 78.662008], [16.895872666666666, 78.662008], [16.895872166666667, 78.662008], [16.895871666666668, 78.662008], [16.895871333333332, 78.662008], [16.895871333333332, 78.662008], [16.895871666666668, 78.662008], [16.895872, 78.662008], [16.895871833333334, 78.662008], [16.895871666666668, 78.66200783333333], [16.895871166666666, 78.66200783333333], [16.895870666666667, 78.66200783333333], [16.895869833333332, 78.66200783333333], [16.8958695, 78.66200783333333], [16.895869166666667, 78.66200783333333], [16.895869, 78.662008], [16.895869166666667, 78.662008], [16.8958695, 78.662008], [16.895869666666666, 78.66200816666667], [16.895869666666666, 78.662008], [16.895869166666667, 78.662008], [16.89586866666667, 78.662008], [16.895868, 78.662008], [16.895867333333335, 78.662008], [16.895867, 78.662008], [16.895866333333334, 78.662008], [16.895866166666668, 78.662008], [16.895866333333334, 78.66200816666667], [16.895866333333334, 78.662008], [16.895866, 78.662008], [16.895865166666667, 78.66200783333333], [16.895864500000002, 78.66200766666665], [16.895864, 78.66200766666665], [16.895863666666667, 78.66200766666665], [16.89586316666667, 78.66200766666665], [16.8958625, 78.66200766666665], [16.895862333333334, 78.66200766666665], [16.895862333333334, 78.66200766666665], [16.895862333333334, 78.66200766666665], [16.895862333333334, 78.66200766666665], [16.89586166666667, 78.66200766666665], [16.895861, 78.6620075], [16.895860333333335, 78.6620075], [16.895860000000003, 78.6620075], [16.895859833333336, 78.6620075], [16.895859499999997, 78.6620075], [16.895859499999997, 78.66200733333334], [16.89585933333333, 78.66200733333334], [16.895859499999997, 78.66200733333334], [16.895859499999997, 78.66200716666667], [16.895859166666664, 78.66200716666667], [16.895858666666665, 78.66200699999999], [16.895858166666667, 78.66200683333334], [16.895857333333332, 78.66200683333334], [16.895857, 78.66200666666667], [16.895856833333333, 78.66200666666667], [16.895856833333333, 78.66200666666667], [16.895856499999997, 78.66200666666667], [16.89585633333333, 78.66200666666667], [16.89585633333333, 78.66200666666667], [16.89585633333333, 78.66200666666667], [16.895856, 78.66200666666667], [16.895855833333332, 78.66200666666667], [16.895855166666667, 78.6620065], [16.89585483333333, 78.6620065], [16.89585483333333, 78.6620065], [16.895854999999997, 78.6620065], [16.895855333333333, 78.6620065], [16.895855333333333, 78.66200633333332], [16.895854999999997, 78.66200616666667], [16.895854666666665, 78.66200616666667], [16.8958545, 78.662006], [16.895854333333332, 78.662006], [16.895854, 78.66200583333332], [16.895853166666665, 78.66200583333332], [16.89585333333333, 78.66200583333332], [16.895853499999998, 78.66200583333332], [16.895853499999998, 78.66200583333332], [16.895853833333334, 78.66200566666666], [16.895853666666667, 78.66200566666666], [16.89585333333333, 78.6620055], [16.895853, 78.66200533333334], [16.895853, 78.66200533333334], [16.895852333333334, 78.66200533333334], [16.89585183333333, 78.66200516666666], [16.895851666666665, 78.66200516666666], [16.89585183333333, 78.66200516666666], [16.895852166666668, 78.66200516666666], [16.8958525, 78.66200516666666], [16.895852333333334, 78.66200516666666], [16.895851999999998, 78.662005], [16.89585183333333, 78.66200483333334], [16.895851666666665, 78.66200466666666], [16.895851333333333, 78.66200466666666], [16.895851333333333, 78.6620045], [16.895851, 78.6620045], [16.895850833333334, 78.66200433333333], [16.895851, 78.66200433333333], [16.895851166666667, 78.66200416666668], [16.895851166666667, 78.66200416666668], [16.895851166666667, 78.66200416666668], [16.895851, 78.662004], [16.895851, 78.66200383333333], [16.895851, 78.66200383333333], [16.895851166666667, 78.66200383333333], [16.895851333333333, 78.66200383333333], [16.895851333333333, 78.66200366666666], [16.895851333333333, 78.66200366666666], [16.8958515, 78.66200350000001], [16.895851666666665, 78.66200333333333], [16.8958515, 78.66200316666666], [16.895851666666665, 78.662003], [16.895851666666665, 78.66200283333333], [16.895851666666665, 78.66200283333333], [16.895851999999998, 78.66200266666667], [16.895852333333334, 78.66200266666667], [16.895853, 78.66200266666667], [16.895853166666665, 78.66200266666667], [16.895853166666665, 78.6620025], [16.895853, 78.66200233333333], [16.895852833333333, 78.66200233333333], [16.895852666666666, 78.66200216666667], [16.895852666666666, 78.66200216666667], [16.8958525, 78.66200216666667], [16.895852333333334, 78.662002], [16.895852833333333, 78.662002], [16.895853, 78.662002], [16.895853499999998, 78.662002], [16.89585333333333, 78.662002], [16.895853166666665, 78.66200183333333], [16.895852833333333, 78.66200166666665], [16.895852666666666, 78.66200166666665], [16.8958525, 78.6620015], [16.895852666666666, 78.6620015], [16.895853166666665, 78.66200133333334], [16.89585333333333, 78.66200133333334], [16.895853833333334, 78.66200116666667], [16.895854333333332, 78.66200099999999], [16.8958545, 78.66200083333334], [16.895854333333332, 78.66200083333334], [16.895854166666666, 78.66200066666667], [16.895854166666666, 78.66200066666667], [16.895854166666666, 78.6620005], [16.895854333333332, 78.6620005], [16.895854333333332, 78.6620005], [16.8958545, 78.6620005], [16.895854666666665, 78.66200033333332], [16.895855166666667, 78.66200016666667], [16.895855333333333, 78.66200016666667], [16.895855333333333, 78.662], [16.8958555, 78.66199983333333], [16.895855666666666, 78.66199983333333], [16.895856, 78.66199966666666], [16.895856166666665, 78.66199966666666], [16.89585633333333, 78.66199950000001], [16.895856666666667, 78.66199950000001], [16.895856833333333, 78.66199933333334], [16.895857333333332, 78.66199916666666], [16.895857499999998, 78.66199916666666], [16.895857499999998, 78.661999], [16.895857666666664, 78.66199883333334], [16.89585783333333, 78.66199883333334], [16.89585783333333, 78.66199883333334], [16.895858166666667, 78.66199883333334], [16.895858333333333, 78.66199883333334], [16.8958585, 78.66199866666666], [16.895858666666665, 78.6619985], [16.89585883333333, 78.6619985], [16.895858999999998, 78.66199833333333], [16.89585883333333, 78.66199816666668], [16.895858333333333, 78.66199816666668], [16.895857666666664, 78.661998], [16.89585783333333, 78.66199783333333], [16.895858333333333, 78.66199783333333], [16.895858666666665, 78.66199783333333], [16.895858333333333, 78.66199766666666], [16.895858333333333, 78.66199750000001], [16.895858333333333, 78.66199750000001], [16.895858333333333, 78.66199750000001], [16.895857999999997, 78.66199750000001], [16.89585783333333, 78.66199750000001], [16.89585783333333, 78.66199733333333], [16.895857999999997, 78.66199716666667], [16.895857999999997, 78.661997], [16.895858166666667, 78.661997], [16.895858666666665, 78.66199683333333], [16.89585883333333, 78.66199683333333], [16.895859166666664, 78.66199666666667], [16.89585933333333, 78.6619965], [16.895859499999997, 78.6619965], [16.895860000000003, 78.6619965], [16.89586016666667, 78.66199633333333], [16.895860000000003, 78.66199633333333], [16.895860000000003, 78.66199616666667], [16.895859833333336, 78.66199616666667], [16.89586016666667, 78.661996], [16.895860333333335, 78.661996], [16.8958605, 78.661996], [16.8958605, 78.66199583333334], [16.895860833333334, 78.66199566666666], [16.895861, 78.66199566666666], [16.895861333333336, 78.66199566666666], [16.895861333333336, 78.66199566666666], [16.895861, 78.6619955], [16.895860833333334, 78.66199533333334], [16.8958605, 78.66199533333334], [16.895860833333334, 78.66199533333334], [16.89586116666667, 78.66199533333334], [16.89586116666667, 78.66199516666667], [16.895861333333336, 78.66199516666667], [16.895861500000002, 78.66199516666667], [16.895861833333335, 78.66199516666667], [16.895861833333335, 78.66199499999999], [16.89586166666667, 78.66199499999999], [16.895861500000002, 78.66199483333334], [16.895861500000002, 78.66199466666667], [16.89586166666667, 78.66199466666667], [16.895862166666667, 78.66199466666667], [16.895862333333334, 78.6619945], [16.895862333333334, 78.6619945], [16.895862333333334, 78.66199433333333], [16.895862333333334, 78.66199433333333], [16.895862333333334, 78.66199433333333], [16.895862, 78.66199433333333], [16.895861833333335, 78.66199416666667], [16.895861833333335, 78.661994], [16.895862, 78.661994], [16.8958625, 78.661994], [16.895863000000002, 78.661994], [16.895863333333335, 78.66199383333333], [16.895863333333335, 78.66199366666666], [16.89586316666667, 78.66199366666666], [16.895863333333335, 78.66199350000001], [16.895863666666667, 78.66199350000001], [16.895863833333333, 78.66199333333334], [16.895864, 78.66199333333334], [16.89586416666667, 78.66199316666666], [16.895864333333336, 78.661993], [16.895864333333336, 78.661993], [16.895864333333336, 78.661993], [16.89586416666667, 78.66199283333334], [16.895864, 78.66199283333334], [16.89586416666667, 78.66199266666666], [16.89586416666667, 78.66199266666666], [16.895864500000002, 78.66199266666666], [16.895864666666668, 78.6619925], [16.895864833333334, 78.6619925], [16.895864833333334, 78.6619925], [16.895865166666667, 78.66199233333333], [16.895865333333333, 78.66199216666668], [16.8958655, 78.66199216666668], [16.8958655, 78.661992], [16.895865833333335, 78.661992], [16.895866, 78.66199183333333], [16.895866333333334, 78.66199183333333], [16.8958665, 78.66199166666667], [16.8958665, 78.66199166666667], [16.895866333333334, 78.66199150000001], [16.895866, 78.66199133333333], [16.895866, 78.66199116666667], [16.895865833333335, 78.66199116666667], [16.895866166666668, 78.661991], [16.895866333333334, 78.661991], [16.895866666666667, 78.66199083333332], [16.895867, 78.66199066666667], [16.895867333333335, 78.66199066666667], [16.8958675, 78.6619905], [16.8958675, 78.6619905], [16.895867333333335, 78.66199033333334], [16.8958675, 78.66199033333334], [16.895867666666668, 78.66199033333334], [16.895867833333334, 78.66199016666665], [16.895868166666666, 78.66199016666665], [16.895868166666666, 78.66199016666665], [16.895868166666666, 78.66199], [16.895868166666666, 78.66198983333334], [16.8958685, 78.66198983333334], [16.8958685, 78.66198966666666], [16.895868333333333, 78.66198966666666], [16.8958685, 78.66198966666666], [16.895869, 78.66198966666666], [16.895869166666667, 78.66198949999999], [16.895869333333334, 78.66198949999999], [16.895869166666667, 78.66198933333334], [16.895869166666667, 78.66198933333334], [16.8958695, 78.66198933333334], [16.8958695, 78.66198916666667], [16.8958695, 78.66198933333334], [16.895869666666666, 78.66198933333334], [16.89587, 78.66198933333334], [16.895870333333335, 78.66198933333334], [16.895870666666667, 78.66198933333334], [16.8958705, 78.66198933333334], [16.895870333333335, 78.66198916666667], [16.89587016666667, 78.66198916666667], [16.89587016666667, 78.66198916666667], [16.89587016666667, 78.66198916666667], [16.89587016666667, 78.66198916666667], [16.895870333333335, 78.66198916666667], [16.8958705, 78.66198916666667], [16.8958705, 78.66198899999999], [16.895870833333333, 78.66198899999999], [16.895871, 78.66198899999999], [16.895871333333332, 78.66198883333333], [16.8958715, 78.66198883333333], [16.8958715, 78.66198883333333], [16.895871666666668, 78.66198883333333], [16.895872, 78.66198883333333], [16.895872, 78.66198883333333], [16.895872, 78.66198866666667], [16.895872166666667, 78.66198866666667], [16.895872333333333, 78.66198866666667], [16.8958725, 78.66198866666667], [16.895872833333332, 78.66198866666667], [16.895872999999998, 78.66198866666667], [16.895872999999998, 78.66198866666667], [16.895873333333334, 78.6619885], [16.8958735, 78.6619885], [16.8958735, 78.6619885], [16.8958735, 78.6619885], [16.895873666666667, 78.66198833333333], [16.895873833333333, 78.66198833333333], [16.895874166666665, 78.66198833333333], [16.89587433333333, 78.66198833333333], [16.895874833333334, 78.66198816666666], [16.895875, 78.66198816666666], [16.895875166666666, 78.66198816666666], [16.895875, 78.66198800000001], [16.895875333333333, 78.66198800000001], [16.8958755, 78.66198816666666], [16.89587583333333, 78.66198816666666], [16.895876166666667, 78.66198816666666], [16.895876333333334, 78.66198816666666], [16.895876666666666, 78.66198816666666], [16.895876833333332, 78.66198816666666], [16.895876666666666, 78.66198800000001], [16.895876666666666, 78.66198800000001], [16.895876666666666, 78.66198783333333], [16.895876666666666, 78.66198783333333], [16.895876833333332, 78.66198783333333], [16.895877166666665, 78.66198800000001], [16.895877, 78.66198800000001], [16.895877166666665, 78.66198783333333], [16.895877166666665, 78.66198783333333], [16.895877499999997, 78.66198783333333], [16.895877666666667, 78.66198800000001], [16.895877833333333, 78.66198800000001], [16.895878, 78.66198800000001], [16.895878166666666, 78.66198783333333], [16.895878666666665, 78.66198783333333], [16.895878999999997, 78.66198783333333], [16.89587883333333, 78.66198783333333], [16.8958785, 78.66198783333333], [16.895878333333332, 78.66198766666666], [16.8958785, 78.66198766666666], [16.895878333333332, 78.66198766666666], [16.895878333333332, 78.66198766666666], [16.8958785, 78.66198766666666], [16.8958785, 78.66198766666666], [16.89587883333333, 78.6619875], [16.895878999999997, 78.6619875], [16.895879166666667, 78.6619875], [16.895879166666667, 78.6619875], [16.895879166666667, 78.6619875], [16.895879166666667, 78.6619875], [16.895878999999997, 78.6619875], [16.89587883333333, 78.6619875], [16.89587883333333, 78.6619875], [16.89587883333333, 78.66198733333334], [16.895879166666667, 78.66198733333334], [16.895879333333333, 78.66198733333334], [16.895879333333333, 78.66198733333334], [16.8958795, 78.66198716666666], [16.895879666666666, 78.66198716666666], [16.895879666666666, 78.66198716666666], [16.895879333333333, 78.661987], [16.895878999999997, 78.661987], [16.895878666666665, 78.661987], [16.895879166666667, 78.66198683333333], [16.8958795, 78.66198683333333], [16.895879833333332, 78.66198683333333], [16.89588, 78.66198683333333], [16.89588033333333, 78.66198683333333], [16.895880499999997, 78.66198666666666], [16.89588033333333, 78.66198666666666], [16.895880166666664, 78.66198666666666], [16.89588033333333, 78.6619865], [16.89588033333333, 78.6619865], [16.895880499999997, 78.6619865], [16.895880166666664, 78.6619865], [16.895880499999997, 78.6619865], [16.895880499999997, 78.6619865], [16.895880499999997, 78.6619865], [16.895880499999997, 78.66198633333333], [16.895880499999997, 78.66198633333333], [16.89588033333333, 78.66198616666667], [16.89588033333333, 78.66198616666667], [16.89588033333333, 78.66198616666667], [16.89588, 78.66198616666667], [16.89588, 78.66198616666667], [16.895880166666664, 78.66198616666667], [16.89588033333333, 78.66198616666667], [16.89588033333333, 78.66198616666667], [16.895880166666664, 78.66198616666667], [16.89588033333333, 78.66198616666667], [16.895879833333332, 78.661986], [16.895879666666666, 78.661986], [16.8958795, 78.661986], [16.8958795, 78.661986], [16.895879666666666, 78.661986], [16.8958795, 78.661986], [16.895879333333333, 78.661986], [16.895879333333333, 78.661986], [16.895879333333333, 78.66198583333333], [16.895879166666667, 78.66198583333333], [16.895878999999997, 78.66198583333333], [16.89587883333333, 78.66198583333333], [16.8958785, 78.66198583333333], [16.89587883333333, 78.66198566666667], [16.895878999999997, 78.66198566666667], [16.895878999999997, 78.66198566666667], [16.895879166666667, 78.66198566666667], [16.8958795, 78.66198566666667], [16.8958795, 78.66198566666667], [16.895879166666667, 78.6619855], [16.895878999999997, 78.6619855], [16.89587883333333, 78.66198533333333], [16.895878999999997, 78.66198533333333], [16.895878999999997, 78.66198533333333], [16.895878999999997, 78.66198533333333], [16.895879333333333, 78.66198533333333], [16.895879166666667, 78.66198533333333], [16.895879333333333, 78.66198516666667], [16.895879166666667, 78.66198516666667], [16.895878999999997, 78.66198516666667], [16.89587883333333, 78.661985], [16.89587883333333, 78.661985], [16.89587883333333, 78.661985], [16.895878999999997, 78.66198483333332], [16.89587883333333, 78.66198483333332], [16.89587883333333, 78.66198466666667], [16.895879166666667, 78.6619845], [16.895878999999997, 78.6619845], [16.895878999999997, 78.6619845], [16.89587883333333, 78.66198433333334], [16.8958785, 78.66198433333334], [16.8958785, 78.66198416666666], [16.895878666666665, 78.66198416666666], [16.895878666666665, 78.66198416666666], [16.895878666666665, 78.66198416666666], [16.89587883333333, 78.66198416666666], [16.89587883333333, 78.66198416666666], [16.895878666666665, 78.661984], [16.895878999999997, 78.661984], [16.895879666666666, 78.66198383333334], [16.895879333333333, 78.66198383333334], [16.895879166666667, 78.66198366666666], [16.895879166666667, 78.66198349999999], [16.8958795, 78.66198349999999], [16.895879833333332, 78.66198366666666], [16.89588033333333, 78.66198366666666], [16.89588033333333, 78.66198366666666], [16.895880833333333, 78.66198349999999], [16.895881, 78.66198333333334], [16.89588133333333, 78.66198333333334], [16.895881666666664, 78.66198333333334], [16.89588183333333, 78.66198333333334], [16.895881999999997, 78.66198333333334], [16.89588216666667, 78.66198316666667], [16.895882500000003, 78.66198316666667], [16.89588266666667, 78.66198316666667], [16.895883166666668, 78.66198316666667], [16.89588366666667, 78.66198316666667], [16.895883833333336, 78.66198299999999], [16.895883833333336, 78.66198299999999], [16.895884000000002, 78.66198283333333], [16.89588416666667, 78.66198283333333], [16.8958845, 78.66198266666667], [16.8958845, 78.66198266666667], [16.895884833333334, 78.66198250000001], [16.89588516666667, 78.66198266666667], [16.895886166666667, 78.66198266666667], [16.895886166666667, 78.66198250000001], [16.895886333333333, 78.66198250000001], [16.895886333333333, 78.66198250000001], [16.8958865, 78.66198233333333], [16.895886333333333, 78.66198233333333], [16.895886333333333, 78.66198216666666], [16.8958865, 78.66198216666666], [16.895886833333336, 78.66198216666666], [16.895887000000002, 78.66198216666666], [16.895887166666668, 78.66198216666666], [16.895887333333334, 78.66198216666666], [16.8958875, 78.66198216666666], [16.8958875, 78.66198216666666], [16.895887833333333, 78.66198216666666], [16.895887666666667, 78.66198200000001], [16.8958875, 78.66198200000001], [16.8958875, 78.66198200000001], [16.895887666666667, 78.66198183333333], [16.895887833333333, 78.66198183333333], [16.895888, 78.66198183333333], [16.895887833333333, 78.66198166666666], [16.895887666666667, 78.66198166666666], [16.8958875, 78.66198166666666], [16.8958875, 78.66198166666666], [16.8958875, 78.66198166666666], [16.895887166666668, 78.6619815], [16.895886833333336, 78.6619815], [16.895887166666668, 78.6619815], [16.895887000000002, 78.6619815], [16.895886833333336, 78.6619815], [16.895886833333336, 78.66198133333334], [16.895886833333336, 78.66198133333334], [16.895886833333336, 78.66198133333334], [16.895886833333336, 78.66198133333334], [16.895886833333336, 78.66198133333334], [16.89588666666667, 78.66198116666666], [16.895886833333336, 78.66198116666666], [16.8958865, 78.661981], [16.8958865, 78.661981], [16.895886333333333, 78.66198083333333], [16.895886166666667, 78.66198083333333], [16.895886166666667, 78.66198083333333], [16.895886, 78.66198083333333], [16.895886166666667, 78.66198083333333], [16.8958865, 78.66198066666666], [16.89588666666667, 78.66198066666666], [16.89588666666667, 78.66198066666666], [16.89588666666667, 78.66198066666666], [16.8958865, 78.6619805], [16.895886333333333, 78.6619805], [16.8958865, 78.6619805], [16.89588666666667, 78.6619805], [16.895886833333336, 78.6619805], [16.895887000000002, 78.66198033333333], [16.895886833333336, 78.66198016666667], [16.895887333333334, 78.66198], [16.8958875, 78.66197966666667], [16.895888, 78.66197933333333], [16.895888666666668, 78.66197883333332], [16.895889166666667, 78.6619785], [16.895889333333333, 78.66197816666666], [16.8958895, 78.66197783333334], [16.895889833333335, 78.66197749999999], [16.895890666666666, 78.66197716666667], [16.8958915, 78.66197683333333], [16.895892333333332, 78.66197650000001], [16.8958925, 78.66197633333333], [16.895893, 78.66197616666666], [16.895893333333333, 78.66197600000001], [16.8958935, 78.66197583333333], [16.895894666666667, 78.6619755], [16.895896666666665, 78.6619755], [16.895899333333332, 78.66197516666666], [16.8959035, 78.66197516666666], [16.89590816666667, 78.66197516666666], [16.8959125, 78.66197533333334], [16.8959135, 78.66197600000001], [16.895914666666666, 78.66197666666667], [16.895916166666666, 78.66197733333334], [16.895917166666667, 78.66197766666667], [16.8959155, 78.66197816666666], [16.895914166666667, 78.6619785], [16.895912, 78.66197883333332], [16.8959105, 78.66197933333333], [16.895909, 78.66197966666667], [16.89590816666667, 78.66198], [16.895907833333336, 78.66198016666667], [16.895908833333333, 78.66198016666667], [16.895909666666668, 78.66198016666667], [16.8959105, 78.6619805], [16.89591216666667, 78.6619805], [16.8959145, 78.66198083333333], [16.895917, 78.66198133333334], [16.895919499999998, 78.66198183333333], [16.895921833333333, 78.66198216666666], [16.895923999999997, 78.66198266666667], [16.895925833333333, 78.66198299999999], [16.89592716666667, 78.66198333333334], [16.895928, 78.66198366666666], [16.8959285, 78.66198416666666], [16.89592866666667, 78.6619845], [16.89592866666667, 78.66198483333332], [16.89592866666667, 78.661985], [16.895928333333334, 78.66198533333333], [16.8959285, 78.66198566666667], [16.895928833333336, 78.661986], [16.895929000000002, 78.66198633333333], [16.895929333333335, 78.66198666666666], [16.895929333333335, 78.661987], [16.895929333333335, 78.66198716666666], [16.89592916666667, 78.6619875], [16.89592916666667, 78.66198783333333], [16.895929333333335, 78.66198833333333], [16.8959295, 78.66198866666667], [16.895929833333334, 78.66198899999999], [16.89593066666667, 78.66198933333334], [16.8959315, 78.66198949999999], [16.8959325, 78.66198983333334], [16.895933333333335, 78.66199016666665], [16.895934, 78.6619905], [16.89593466666667, 78.66199083333332], [16.895935333333334, 78.661991], [16.895935666666666, 78.66199133333333], [16.89593616666667, 78.66199166666667], [16.895936833333334, 78.661992], [16.8959375, 78.66199233333333], [16.895938166666667, 78.66199266666666], [16.895939, 78.661993], [16.8959395, 78.66199333333334], [16.89594, 78.66199366666666], [16.8959405, 78.66199416666667], [16.895940833333334, 78.6619945], [16.895941, 78.66199483333334], [16.895940833333334, 78.66199499999999], [16.895941, 78.66199533333334], [16.895941166666667, 78.66199566666666], [16.895941333333333, 78.661996], [16.89594183333333, 78.66199633333333], [16.895941999999998, 78.66199666666667], [16.8959425, 78.661997], [16.8959425, 78.66199733333333], [16.895942333333334, 78.66199766666666], [16.895942166666668, 78.66199783333333], [16.8959425, 78.66199816666668], [16.895942833333333, 78.66199833333333], [16.895943, 78.66199866666666], [16.895943499999998, 78.661999], [16.895944, 78.66199916666666], [16.8959445, 78.66199950000001], [16.895945166666667, 78.66199966666666], [16.8959455, 78.662], [16.895945666666666, 78.66200016666667], [16.895946, 78.66200033333332], [16.895946166666665, 78.66200066666667], [16.895946666666667, 78.66200083333334], [16.895947, 78.66200099999999], [16.8959475, 78.66200116666667], [16.89594783333333, 78.6620015], [16.895948333333333, 78.66200166666665], [16.895948666666666, 78.66200183333333], [16.895948999999998, 78.662002], [16.89594933333333, 78.66200216666667], [16.89594933333333, 78.66200233333333], [16.89594966666667, 78.66200266666667], [16.895950000000003, 78.66200283333333], [16.895950333333335, 78.66200316666666], [16.895950666666668, 78.66200333333333], [16.89595116666667, 78.66200350000001], [16.895951333333336, 78.66200366666666], [16.895951500000002, 78.662004], [16.89595166666667, 78.66200416666668], [16.895952, 78.6620045], [16.8959525, 78.66200466666666], [16.895953000000002, 78.662005], [16.895953333333335, 78.66200516666666], [16.8959535, 78.66200533333334], [16.895953666666667, 78.6620055], [16.895953833333333, 78.6620055], [16.895954333333336, 78.66200583333332], [16.895954500000002, 78.662006], [16.895954833333334, 78.66200616666667], [16.895955166666667, 78.66200633333332], [16.8959555, 78.6620065], [16.8959555, 78.66200666666667], [16.89595566666667, 78.66200683333334], [16.895955833333336, 78.66200683333334], [16.895955833333336, 78.66200699999999], [16.895956, 78.66200716666667], [16.895955833333336, 78.66200716666667], [16.895955833333336, 78.66200733333334], [16.895956166666668, 78.6620075], [16.895956333333334, 78.66200766666665], [16.8959565, 78.66200783333333], [16.8959565, 78.662008], [16.895956333333334, 78.66200816666667], [16.8959565, 78.66200816666667], [16.895956833333333, 78.66200833333333], [16.895957, 78.66200833333333], [16.895957333333335, 78.6620085], [16.8959575, 78.6620085], [16.895957833333334, 78.66200866666667], [16.895958333333333, 78.66200883333333], [16.89595866666667, 78.66200883333333], [16.895959, 78.662009], [16.895959, 78.66200916666666], [16.895959333333334, 78.66200916666666], [16.8959595, 78.66200933333333], [16.895959666666666, 78.66200933333333], [16.895959833333333, 78.66200966666666], [16.895959666666666, 78.66200966666666], [16.8959595, 78.66200983333333], [16.8959595, 78.66201], [16.895959666666666, 78.66201016666668], [16.895959833333333, 78.66201016666668], [16.89596, 78.66201033333333], [16.89596, 78.6620105], [16.89596, 78.66201066666666], [16.89596016666667, 78.66201066666666], [16.89596016666667, 78.66201083333334], [16.89596016666667, 78.66201099999999], [16.895959833333333, 78.66201116666666], [16.8959595, 78.66201116666666], [16.895959333333334, 78.66201133333334], [16.8959595, 78.6620115], [16.8959595, 78.6620115], [16.895959666666666, 78.66201166666666], [16.8959595, 78.66201183333332], [16.895959333333334, 78.662012], [16.895959, 78.66201216666667], [16.895958833333335, 78.66201233333332], [16.89595866666667, 78.6620125], [16.8959585, 78.66201266666667], [16.895958166666667, 78.66201283333334], [16.895957833333334, 78.66201283333334], [16.895957833333334, 78.66201299999999], [16.895958, 78.66201316666667], [16.895958, 78.66201333333333], [16.895957833333334, 78.66201333333333], [16.8959575, 78.6620135], [16.89595716666667, 78.66201366666665], [16.89595716666667, 78.66201366666665], [16.895957, 78.66201383333333], [16.895956666666667, 78.662014], [16.895956, 78.662014], [16.895955833333336, 78.66201416666667], [16.8959555, 78.66201416666667], [16.895955, 78.66201433333335], [16.89595466666667, 78.66201433333335], [16.895953833333333, 78.6620145], [16.895953000000002, 78.66201466666666], [16.8959525, 78.66201466666666], [16.895952, 78.66201483333333], [16.895951333333336, 78.66201500000001], [16.895950833333334, 78.66201500000001], [16.895949833333336, 78.66201516666666], [16.895948999999998, 78.66201533333333], [16.895947999999997, 78.66201550000001], [16.895947166666666, 78.66201566666668], [16.89594633333333, 78.66201583333333], [16.895945333333334, 78.662016], [16.89594483333333, 78.66201616666667], [16.895944, 78.66201633333334], [16.89594333333333, 78.6620165], [16.895942666666667, 78.66201666666666], [16.89594183333333, 78.66201683333334], [16.895941, 78.662017], [16.89594, 78.66201716666666], [16.895939, 78.66201733333334], [16.895938166666667, 78.6620175], [16.895937333333332, 78.66201766666667], [16.895936833333334, 78.66201766666667], [16.89593616666667, 78.66201783333332], [16.8959355, 78.662018], [16.895935, 78.66201833333334], [16.89593466666667, 78.6620185], [16.8959345, 78.6620185], [16.895934166666667, 78.66201866666667], [16.895933666666668, 78.66201883333333], [16.89593316666667, 78.662019], [16.8959325, 78.662019], [16.895932166666668, 78.66201916666667], [16.895931833333336, 78.66201916666667], [16.89593166666667, 78.66201933333333], [16.8959315, 78.6620195], [16.895931, 78.66201966666667], [16.895930500000002, 78.66201983333333], [16.895930500000002, 78.66202], [16.895930333333336, 78.66202], [16.89593, 78.66202016666666], [16.895929666666667, 78.66202016666666], [16.89592916666667, 78.66202033333334], [16.895928833333336, 78.6620205], [16.89592866666667, 78.6620205], [16.89592866666667, 78.66202066666666], [16.8959285, 78.66202083333333], [16.895928166666668, 78.66202083333333], [16.895927833333335, 78.66202100000001], [16.89592766666667, 78.66202116666666], [16.895927500000003, 78.66202116666666], [16.895927333333336, 78.66202116666666], [16.89592716666667, 78.66202133333333], [16.89592683333333, 78.66202133333333], [16.895926499999998, 78.66202150000001], [16.895926166666666, 78.66202166666667], [16.895925666666667, 78.66202166666667], [16.89592533333333, 78.66202183333333], [16.895925, 78.66202183333333], [16.895924833333332, 78.662022], [16.8959245, 78.662022], [16.895923999999997, 78.66202216666667], [16.89592383333333, 78.66202233333334], [16.895923666666665, 78.66202249999999], [16.8959235, 78.66202266666666], [16.895923, 78.66202266666666], [16.89592233333333, 78.66202283333334], [16.895921833333333, 78.662023], [16.895921666666666, 78.662023], [16.8959215, 78.66202316666666], [16.895921166666668, 78.66202316666666], [16.89592083333333, 78.66202333333334], [16.8959205, 78.66202333333334], [16.895920166666667, 78.6620235], [16.895920166666667, 78.6620235], [16.895919666666668, 78.6620235], [16.895919, 78.66202366666667], [16.8959185, 78.66202366666667], [16.895917999999998, 78.66202383333332], [16.895917833333332, 78.66202383333332], [16.895917666666666, 78.662024], [16.895917, 78.662024], [16.89591666666667, 78.662024], [16.895916333333332, 78.662024], [16.895915833333333, 78.66202416666667], [16.8959155, 78.66202416666667], [16.895915, 78.66202433333333], [16.8959145, 78.6620245], [16.895914, 78.6620245], [16.89591366666667, 78.66202466666667], [16.895913333333333, 78.66202466666667], [16.895912833333334, 78.66202483333333], [16.8959125, 78.66202483333333], [16.895912, 78.66202483333333], [16.895911666666667, 78.66202483333333], [16.895911333333334, 78.66202483333333], [16.895910833333335, 78.662025], [16.8959105, 78.662025], [16.895910166666667, 78.66202516666667], [16.895909833333334, 78.66202516666667], [16.895909500000002, 78.66202533333333], [16.89590916666667, 78.66202533333333], [16.895908833333333, 78.66202533333333], [16.895908666666667, 78.6620255], [16.895908333333335, 78.6620255], [16.895908000000002, 78.66202566666666], [16.895907333333334, 78.66202566666666], [16.895906833333335, 78.66202583333333], [16.895906500000002, 78.662026], [16.895906333333336, 78.662026], [16.895906500000002, 78.66202616666666], [16.89590616666667, 78.66202633333334], [16.895905833333334, 78.66202633333334], [16.895905333333335, 78.6620265], [16.895905000000003, 78.6620265], [16.895904833333336, 78.6620265], [16.89590433333333, 78.6620265], [16.895903666666666, 78.66202666666666], [16.895903166666667, 78.66202666666666], [16.895902999999997, 78.66202683333333], [16.895902999999997, 78.66202700000001], [16.895902999999997, 78.66202716666666], [16.895902666666665, 78.66202716666666], [16.895902166666666, 78.66202733333333], [16.895901499999997, 78.66202733333333], [16.895900833333332, 78.66202750000001], [16.8959005, 78.66202750000001], [16.895900333333334, 78.66202766666667], [16.895900166666667, 78.66202766666667], [16.89589983333333, 78.66202783333333], [16.895899666666665, 78.66202783333333], [16.8958995, 78.66202799999999], [16.8958995, 78.66202799999999], [16.895899333333332, 78.66202816666667], [16.895898833333334, 78.66202816666667], [16.895898166666665, 78.66202816666667], [16.895897666666666, 78.66202816666667], [16.8958975, 78.66202833333334], [16.895897666666666, 78.66202833333334], [16.895897833333333, 78.66202849999999], [16.895897666666666, 78.66202866666666], [16.895897333333334, 78.66202866666666], [16.895896999999998, 78.66202883333334], [16.895896999999998, 78.662029], [16.895896999999998, 78.662029], [16.89589683333333, 78.66202916666666], [16.8958965, 78.66202916666666], [16.895896166666667, 78.66202933333334], [16.895896, 78.66202933333334], [16.895896, 78.6620295], [16.895896, 78.6620295], [16.895895833333334, 78.6620295], [16.895895499999998, 78.66202966666667], [16.895895166666666, 78.66202966666667], [16.895895166666666, 78.66202966666667], [16.895895333333332, 78.66202983333332], [16.895895333333332, 78.66203], [16.895895166666666, 78.66203], [16.895895, 78.66203016666667], [16.895894833333333, 78.66203033333333], [16.895894666666667, 78.66203033333333], [16.8958945, 78.66203033333333], [16.895894333333334, 78.6620305], [16.895894833333333, 78.6620305], [16.895896, 78.66203066666667], [16.89589833333333, 78.66203083333333], [16.89590133333333, 78.662031], [16.89590516666667, 78.66203133333333], [16.895909, 78.6620315], [16.895913166666666, 78.6620315], [16.89591666666667, 78.6620315], [16.895919499999998, 78.66203133333333], [16.895923, 78.662031], [16.895925666666667, 78.66203083333333], [16.895928, 78.6620305], [16.895930333333336, 78.66203033333333], [16.895932333333334, 78.66202983333332], [16.895933833333334, 78.66202933333334], [16.895935833333333, 78.66202883333334], [16.895937333333332, 78.66202833333334], [16.895938, 78.66202766666667], [16.895939, 78.66202683333333], [16.89594, 78.66202616666666], [16.895941, 78.6620255], [16.8959415, 78.66202483333333], [16.895942166666668, 78.66202433333333], [16.895942833333333, 78.66202366666667], [16.895943499999998, 78.66202316666666], [16.895943833333334, 78.66202266666666], [16.895944166666666, 78.66202216666667], [16.89594483333333, 78.66202166666667], [16.895945833333332, 78.66202100000001], [16.89594633333333, 78.6620205], [16.895946833333333, 78.66202], [16.895947, 78.6620195], [16.8959475, 78.662019], [16.895947999999997, 78.66201866666667], [16.895948166666667, 78.66201833333334], [16.895948333333333, 78.66201783333332], [16.895948333333333, 78.6620175], [16.8959485, 78.66201716666666], [16.895948999999998, 78.66201683333334], [16.89594966666667, 78.66201666666666], [16.895949833333336, 78.66201633333334], [16.895949833333336, 78.662016], [16.895949499999997, 78.66201566666668], [16.89594933333333, 78.66201533333333], [16.89594933333333, 78.66201500000001], [16.89594933333333, 78.66201466666666], [16.895949166666664, 78.66201433333335], [16.895949166666664, 78.662014], [16.895948999999998, 78.66201366666665], [16.895948666666666, 78.66201333333333], [16.895948666666666, 78.66201299999999], [16.895948666666666, 78.66201283333334], [16.8959485, 78.6620125], [16.895948333333333, 78.66201233333332], [16.895947999999997, 78.662012], [16.895947666666665, 78.66201183333332], [16.895947666666665, 78.66201166666666], [16.895947666666665, 78.66201133333334], [16.895947333333332, 78.66201116666666], [16.895947, 78.66201083333334], [16.895946833333333, 78.66201066666666], [16.89594633333333, 78.6620105], [16.89594633333333, 78.66201016666668], [16.89594633333333, 78.66201], [16.89594633333333, 78.66200966666666], [16.895946166666665, 78.66200950000001], [16.895946, 78.66200933333333], [16.895946166666665, 78.662009], [16.895946166666665, 78.66200883333333], [16.895946, 78.66200866666667], [16.895945833333332, 78.6620085], [16.895945666666666, 78.66200816666667], [16.895945333333334, 78.662008], [16.89594483333333, 78.66200766666665], [16.8959445, 78.66200766666665], [16.8959445, 78.66200733333334], [16.895944666666665, 78.66200716666667], [16.895944333333333, 78.66200699999999], [16.895944166666666, 78.66200683333334], [16.895943499999998, 78.66200666666667], [16.895943166666665, 78.6620065], [16.8959425, 78.66200633333332], [16.895941999999998, 78.66200616666667], [16.895941333333333, 78.662006], [16.895940833333334, 78.66200583333332], [16.895940333333332, 78.66200566666666], [16.89594, 78.6620055], [16.895939833333333, 78.66200533333334], [16.895939666666667, 78.66200516666666], [16.89593916666667, 78.662005], [16.8959385, 78.66200483333334], [16.895937833333335, 78.66200483333334], [16.8959375, 78.66200466666666], [16.895937166666666, 78.6620045], [16.895936666666667, 78.66200416666668], [16.895936333333335, 78.662004], [16.895935833333333, 78.66200383333333], [16.895935666666666, 78.66200366666666], [16.895935333333334, 78.66200350000001], [16.895934833333335, 78.66200333333333], [16.8959345, 78.66200316666666], [16.895934166666667, 78.662003], [16.895933666666668, 78.66200283333333], [16.895933333333335, 78.66200283333333], [16.895932833333333, 78.66200266666667], [16.895932666666667, 78.66200233333333], [16.895932333333334, 78.66200216666667], [16.895932166666668, 78.662002], [16.895932166666668, 78.66200183333333], [16.89593166666667, 78.66200166666665], [16.895931166666667, 78.66200166666665], [16.895930833333335, 78.6620015], [16.895930500000002, 78.66200133333334], [16.895930333333336, 78.66200133333334], [16.895929833333334, 78.66200116666667], [16.895929333333335, 78.66200099999999], [16.895928833333336, 78.66200066666667], [16.8959285, 78.6620005], [16.895928166666668, 78.66200033333332], [16.895928166666668, 78.66200033333332], [16.895927833333335, 78.66200016666667], [16.895927500000003, 78.662], [16.89592716666667, 78.662], [16.89592683333333, 78.66199983333333], [16.895926499999998, 78.66199966666666], [16.895926, 78.66199950000001], [16.895925666666667, 78.66199933333334], [16.89592533333333, 78.66199933333334], [16.895925, 78.66199916666666], [16.895924833333332, 78.661999], [16.8959245, 78.661999], [16.895923999999997, 78.66199883333334], [16.89592383333333, 78.66199866666666], [16.8959235, 78.66199866666666], [16.895923, 78.6619985], [16.895922833333334, 78.66199833333333], [16.895922666666667, 78.66199816666668], [16.895922499999998, 78.661998], [16.895922499999998, 78.66199783333333], [16.89592233333333, 78.66199766666666], [16.895922, 78.66199750000001], [16.895922, 78.66199750000001], [16.895921833333333, 78.66199733333333], [16.8959215, 78.66199716666667], [16.895920999999998, 78.661997], [16.895920666666665, 78.661997], [16.8959205, 78.66199683333333], [16.8959205, 78.66199666666667], [16.8959205, 78.6619965], [16.895920166666667, 78.66199633333333], [16.895919666666668, 78.66199616666667], [16.895919499999998, 78.66199616666667], [16.89591933333333, 78.661996], [16.895919166666665, 78.66199583333334], [16.895918833333333, 78.66199583333334], [16.895918166666668, 78.66199566666666], [16.895917666666666, 78.6619955], [16.895917666666666, 78.66199533333334], [16.895917666666666, 78.66199516666667], [16.895917333333333, 78.66199499999999], [16.895916833333334, 78.66199483333334], [16.895916333333332, 78.66199466666667], [16.895915833333333, 78.66199466666667], [16.895915666666667, 78.6619945], [16.89591516666667, 78.6619945], [16.895914666666666, 78.66199433333333], [16.895913833333335, 78.66199416666667], [16.8959135, 78.661994], [16.895913166666666, 78.661994], [16.895913, 78.66199383333333], [16.895912666666668, 78.66199366666666], [16.895912333333335, 78.66199350000001], [16.895911666666667, 78.66199350000001], [16.895911333333334, 78.66199333333334], [16.895911166666668, 78.66199316666666], [16.895911, 78.661993], [16.895910833333335, 78.661993], [16.895910166666667, 78.661993], [16.895909833333334, 78.66199283333334], [16.895909833333334, 78.6619925], [16.89591, 78.66199233333333], [16.895909666666668, 78.66199216666668], [16.895909333333336, 78.66199216666668], [16.895908833333333, 78.661992], [16.8959085, 78.661992], [16.89590816666667, 78.66199183333333], [16.89590816666667, 78.66199183333333], [16.89590766666667, 78.66199166666667], [16.8959075, 78.66199150000001], [16.895907166666667, 78.66199150000001], [16.895906833333335, 78.66199133333333], [16.895906500000002, 78.66199116666667], [16.89590616666667, 78.661991], [16.895905833333334, 78.661991], [16.89590516666667, 78.66199083333332], [16.89590466666667, 78.66199066666667], [16.895904499999997, 78.6619905], [16.895904166666664, 78.6619905], [16.895903666666666, 78.66199033333334], [16.895903166666667, 78.66199033333334], [16.895902666666665, 78.66199016666665], [16.895902166666666, 78.66199], [16.895901666666667, 78.66198983333334], [16.895901499999997, 78.66198966666666], [16.895901, 78.66198966666666], [16.8959005, 78.66198949999999], [16.895899999999997, 78.66198933333334], [16.895899666666665, 78.66198933333334], [16.8958995, 78.66198916666667], [16.895899166666666, 78.66198916666667], [16.895898666666668, 78.66198899999999], [16.895898166666665, 78.66198883333333], [16.895897833333333, 78.66198866666667], [16.895897333333334, 78.6619885], [16.895896666666665, 78.66198833333333], [16.895896166666667, 78.66198833333333], [16.895895666666668, 78.66198816666666], [16.895895333333332, 78.66198816666666], [16.895894833333333, 78.66198800000001], [16.895894333333334, 78.66198800000001], [16.895893833333332, 78.66198783333333], [16.8958935, 78.66198766666666], [16.895893333333333, 78.6619875], [16.895892833333335, 78.66198733333334], [16.895892166666666, 78.66198733333334], [16.895891333333335, 78.66198716666666], [16.895890666666666, 78.66198716666666], [16.895889833333335, 78.661987], [16.895889166666667, 78.661987], [16.895888333333335, 78.661987], [16.895887666666667, 78.661987], [16.895886833333336, 78.661987], [16.895886166666667, 78.66198683333333], [16.895885833333335, 78.66198683333333], [16.89588516666667, 78.66198666666666], [16.895884333333335, 78.66198666666666], [16.8958835, 78.66198666666666], [16.895882833333335, 78.6619865], [16.89588216666667, 78.6619865], [16.895881499999998, 78.6619865], [16.895881, 78.6619865], [16.895880166666664, 78.6619865], [16.8958795, 78.66198633333333], [16.89587883333333, 78.66198633333333], [16.895878333333332, 78.66198633333333], [16.895877666666667, 78.66198633333333], [16.895877, 78.66198633333333], [16.895875999999998, 78.66198633333333], [16.895875166666666, 78.66198633333333], [16.895874666666668, 78.66198633333333], [16.895874, 78.66198616666667], [16.8958735, 78.66198616666667], [16.895872833333332, 78.66198616666667], [16.895872, 78.66198616666667], [16.895871333333332, 78.66198616666667], [16.895871, 78.661986], [16.89587016666667, 78.661986], [16.8958695, 78.661986], [16.895868833333335, 78.661986], [16.895868166666666, 78.661986], [16.8958675, 78.66198583333333], [16.895866666666667, 78.66198583333333], [16.895866, 78.66198583333333], [16.895865166666667, 78.66198566666667], [16.895864666666668, 78.66198566666667], [16.89586416666667, 78.6619855], [16.895863666666667, 78.6619855], [16.89586316666667, 78.6619855], [16.8958625, 78.6619855], [16.895861833333335, 78.6619855], [16.89586116666667, 78.6619855], [16.8958605, 78.66198533333333], [16.895860000000003, 78.66198533333333], [16.89585933333333, 78.66198533333333], [16.8958585, 78.66198533333333], [16.89585783333333, 78.66198533333333], [16.895857333333332, 78.66198533333333], [16.895856666666667, 78.66198533333333], [16.895856166666665, 78.66198533333333], [16.8958555, 78.66198533333333], [16.895854666666665, 78.66198533333333], [16.895854166666666, 78.66198533333333], [16.895853499999998, 78.66198516666667], [16.895852833333333, 78.66198516666667], [16.895852166666668, 78.66198516666667], [16.895851333333333, 78.66198516666667], [16.895850666666668, 78.661985], [16.895850166666666, 78.66198516666667], [16.8958495, 78.661985], [16.895848666666666, 78.66198516666667], [16.895848166666667, 78.66198516666667], [16.895847333333332, 78.661985], [16.895847, 78.661985], [16.89584616666667, 78.66198483333332], [16.895845, 78.66198483333332], [16.895843333333335, 78.66198483333332], [16.895841, 78.661985], [16.895837833333335, 78.661985], [16.895834166666667, 78.66198516666667], [16.895830333333333, 78.66198533333333], [16.8958265, 78.66198566666667], [16.895823, 78.66198583333333], [16.895819333333336, 78.66198616666667], [16.895815833333334, 78.66198633333333], [16.895811499999997, 78.66198683333333], [16.895808, 78.6619875], [16.895804333333334, 78.66198800000001], [16.895800833333332, 78.66198883333333], [16.895797666666667, 78.66198983333334], [16.895795333333336, 78.6619905], [16.895793833333336, 78.66199133333333], [16.89579266666667, 78.66199216666668], [16.89579183333333, 78.66199283333334], [16.895790666666667, 78.66199350000001], [16.895789999999998, 78.66199416666667], [16.895789833333332, 78.66199499999999], [16.895789999999998, 78.66199566666666], [16.895791, 78.6619965], [16.895791999999997, 78.66199716666667], [16.8957935, 78.661998], [16.895795333333336, 78.66199866666666], [16.8957975, 78.66199933333334], [16.895800666666666, 78.662], [16.895803666666666, 78.66200066666667], [16.89580683333333, 78.66200133333334], [16.89580983333333, 78.662002], [16.895812666666664, 78.6620025], [16.895815333333335, 78.662003], [16.895818333333334, 78.66200350000001], [16.895821166666668, 78.66200383333333], [16.895824333333334, 78.662004], [16.8958275, 78.662004], [16.895830333333333, 78.66200416666668], [16.895833, 78.66200433333333], [16.895835833333333, 78.66200433333333], [16.8958385, 78.66200416666668], [16.895841166666667, 78.66200416666668], [16.8958435, 78.66200416666668], [16.89584616666667, 78.662004], [16.8958485, 78.662004], [16.895850166666666, 78.66200366666666], [16.89585183333333, 78.66200350000001], [16.895853166666665, 78.66200316666666], [16.895854166666666, 78.662003], [16.895855333333333, 78.66200266666667], [16.895856666666667, 78.66200233333333], [16.895857999999997, 78.66200216666667], [16.89585933333333, 78.662002], [16.895860833333334, 78.66200183333333], [16.895863000000002, 78.66200183333333], [16.895865, 78.66200166666665], [16.895866833333333, 78.6620015], [16.895868333333333, 78.66200166666665], [16.89587016666667, 78.66200183333333], [16.895872, 78.66200183333333], [16.895874166666665, 78.66200183333333], [16.895876166666667, 78.662002], [16.895878166666666, 78.662002], [16.895879666666666, 78.66200216666667], [16.895881166666666, 78.66200216666667], [16.895882833333335, 78.66200233333333], [16.895884666666667, 78.66200233333333], [16.895886166666667, 78.6620025], [16.895887666666667, 78.6620025], [16.895889333333333, 78.66200266666667], [16.895890833333333, 78.66200266666667], [16.895892166666666, 78.66200283333333], [16.895893333333333, 78.662003], [16.895895, 78.66200316666666], [16.8958965, 78.66200316666666], [16.895897833333333, 78.66200333333333], [16.895899166666666, 78.66200350000001], [16.895900166666667, 78.66200366666666], [16.895901166666665, 78.66200383333333], [16.895902166666666, 78.66200383333333], [16.895903333333333, 78.662004], [16.89590433333333, 78.662004], [16.89590516666667, 78.66200416666668], [16.89590616666667, 78.66200433333333], [16.895907166666667, 78.66200433333333], [16.89590816666667, 78.6620045], [16.895909, 78.66200466666666], [16.895909833333334, 78.66200466666666], [16.895910333333333, 78.66200483333334], [16.895911166666668, 78.66200483333334], [16.895911833333333, 78.66200483333334], [16.895912333333335, 78.662005], [16.895912666666668, 78.662005], [16.895913, 78.66200516666666], [16.8959135, 78.66200533333334], [16.895914333333334, 78.66200533333334], [16.89591516666667, 78.6620055], [16.895915833333333, 78.6620055], [16.89591666666667, 78.6620055], [16.895917333333333, 78.66200566666666], [16.895917999999998, 78.66200566666666], [16.895918666666667, 78.66200566666666], [16.89591933333333, 78.66200566666666], [16.895919666666668, 78.66200583333332], [16.895919833333334, 78.66200583333332], [16.895920333333333, 78.662006], [16.89592083333333, 78.662006], [16.8959215, 78.662006], [16.89592233333333, 78.66200616666667], [16.895923166666666, 78.66200616666667], [16.89592383333333, 78.66200633333332], [16.895924333333333, 78.66200633333332], [16.895924833333332, 78.66200633333332], [16.89592533333333, 78.6620065], [16.895925666666667, 78.6620065], [16.895926, 78.6620065], [16.895926333333332, 78.66200666666667], [16.89592683333333, 78.66200666666667], [16.895927500000003, 78.66200683333334], [16.8959285, 78.66200683333334], [16.895929333333335, 78.66200699999999], [16.895929833333334, 78.66200699999999], [16.89593016666667, 78.66200716666667], [16.895930333333336, 78.66200716666667], [16.895930833333335, 78.66200716666667], [16.895931166666667, 78.66200733333334], [16.895931166666667, 78.66200716666667], [16.895931333333333, 78.66200733333334], [16.89593166666667, 78.66200733333334], [16.895932000000002, 78.66200733333334], [16.895932333333334, 78.6620075], [16.895932666666667, 78.6620075], [16.895933, 78.66200733333334], [16.895932833333333, 78.66200733333334], [16.895932833333333, 78.6620075], [16.895932833333333, 78.66200733333334], [16.895933333333335, 78.66200733333334], [16.895934, 78.66200733333334], [16.895934833333335, 78.6620075], [16.895935333333334, 78.6620075], [16.895935666666666, 78.6620075], [16.895935833333333, 78.6620075], [16.895936333333335, 78.6620075], [16.8959365, 78.6620075], [16.8959365, 78.6620075], [16.895936333333335, 78.66200733333334], [16.8959365, 78.66200733333334], [16.895937166666666, 78.66200716666667], [16.89593766666667, 78.66200716666667], [16.895938, 78.66200733333334], [16.895938, 78.66200733333334], [16.895937833333335, 78.66200733333334], [16.895938166666667, 78.66200733333334], [16.8959385, 78.66200716666667], [16.895938666666666, 78.66200716666667], [16.895938666666666, 78.66200716666667], [16.895939, 78.66200716666667], [16.8959395, 78.66200733333334], [16.895940166666666, 78.66200733333334], [16.8959405, 78.66200733333334], [16.895940833333334, 78.66200716666667], [16.895941333333333, 78.66200716666667], [16.895941666666666, 78.66200716666667], [16.89594183333333, 78.66200716666667], [16.89594183333333, 78.66200716666667], [16.89594183333333, 78.66200699999999], [16.895942166666668, 78.66200699999999], [16.8959425, 78.66200699999999], [16.895942666666667, 78.66200699999999], [16.895942833333333, 78.66200683333334], [16.895943, 78.66200699999999], [16.895943, 78.66200699999999], [16.895942833333333, 78.66200683333334], [16.895943, 78.66200683333334], [16.895942833333333, 78.66200666666667], [16.895942333333334, 78.66200666666667], [16.895942166666668, 78.66200666666667], [16.89594183333333, 78.66200666666667], [16.895941666666666, 78.66200683333334], [16.8959415, 78.66200683333334], [16.895941666666666, 78.66200683333334], [16.895941666666666, 78.66200683333334], [16.895941666666666, 78.66200699999999], [16.895941333333333, 78.66200699999999], [16.895940833333334, 78.66200699999999], [16.895940666666668, 78.66200716666667], [16.895940333333332, 78.66200716666667], [16.895940166666666, 78.66200716666667], [16.895940166666666, 78.66200716666667], [16.89594, 78.66200733333334], [16.895939833333333, 78.6620075], [16.895939666666667, 78.6620075], [16.8959395, 78.6620075], [16.8959395, 78.6620075], [16.895939333333335, 78.6620075], [16.895939, 78.66200766666665], [16.8959385, 78.66200766666665], [16.895938333333334, 78.66200783333333], [16.895938166666667, 78.662008], [16.895938, 78.662008], [16.895938, 78.66200816666667], [16.895938, 78.66200816666667], [16.895938, 78.66200833333333], [16.89593766666667, 78.66200833333333], [16.895937333333332, 78.6620085], [16.895937, 78.6620085], [16.8959365, 78.66200866666667], [16.895936333333335, 78.66200866666667], [16.895936, 78.66200866666667], [16.895936, 78.66200883333333], [16.895935666666666, 78.662009], [16.8959355, 78.662009], [16.895935166666668, 78.66200916666666], [16.895935, 78.66200916666666], [16.89593466666667, 78.66200916666666], [16.8959345, 78.66200916666666], [16.895933833333334, 78.66200916666666], [16.8959335, 78.66200933333333], [16.89593316666667, 78.66200933333333], [16.895933, 78.66200933333333], [16.89593316666667, 78.66200950000001], [16.89593316666667, 78.66200950000001], [16.895933, 78.66200950000001], [16.895932666666667, 78.66200966666666], [16.895932166666668, 78.66200966666666], [16.89593166666667, 78.66200983333333], [16.895931333333333, 78.66200983333333], [16.895931, 78.66200983333333], [16.895930833333335, 78.66201], [16.89593066666667, 78.66201], [16.895930500000002, 78.66201016666668], [16.895930333333336, 78.66201033333333], [16.89593016666667, 78.6620105], [16.89593, 78.6620105], [16.895929666666667, 78.6620105], [16.895929666666667, 78.66201066666666], [16.895929333333335, 78.66201066666666], [16.895928833333336, 78.66201066666666], [16.895928833333336, 78.66201083333334], [16.895929000000002, 78.66201083333334], [16.89592916666667, 78.66201099999999], [16.89592916666667, 78.66201099999999], [16.895929000000002, 78.66201116666666], [16.895929000000002, 78.66201116666666], [16.895928833333336, 78.66201133333334], [16.89592866666667, 78.66201133333334], [16.8959285, 78.66201133333334], [16.8959285, 78.6620115], [16.8959285, 78.6620115], [16.89592866666667, 78.66201166666666], [16.895928833333336, 78.66201183333332], [16.895928833333336, 78.662012], [16.895928833333336, 78.66201216666667], [16.89592866666667, 78.66201233333332], [16.895928333333334, 78.6620125], [16.895928166666668, 78.66201266666667], [16.89592766666667, 78.66201283333334], [16.89592716666667, 78.66201299999999], [16.895926666666664, 78.66201316666667], [16.895926499999998, 78.66201316666667], [16.895926666666664, 78.66201333333333], [16.89592683333333, 78.6620135], [16.895926666666664, 78.66201366666665], [16.895926, 78.66201366666665], [16.89592533333333, 78.66201383333333], [16.895924833333332, 78.66201383333333], [16.895924666666666, 78.662014], [16.895924333333333, 78.66201416666667], [16.895923999999997, 78.66201416666667], [16.8959235, 78.66201433333335], [16.895923, 78.6620145], [16.895922666666667, 78.66201466666666], [16.895922499999998, 78.66201483333333], [16.895922499999998, 78.66201483333333], [16.895922499999998, 78.66201483333333], [16.895922, 78.66201500000001], [16.895921166666668, 78.66201516666666], [16.895920333333333, 78.66201516666666], [16.895920166666667, 78.66201533333333], [16.895920333333333, 78.66201533333333], [16.895920666666665, 78.66201550000001], [16.895920666666665, 78.66201550000001], [16.8959205, 78.66201566666668], [16.895919833333334, 78.66201566666668], [16.89591933333333, 78.66201566666668], [16.895918833333333, 78.66201566666668], [16.895918666666667, 78.66201583333333], [16.895918833333333, 78.66201583333333], [16.895918333333334, 78.66201583333333], [16.895917333333333, 78.66201583333333], [16.895916333333332, 78.662016], [16.895915, 78.66201616666667], [16.895913, 78.66201633333334], [16.89591216666667, 78.66201633333334], [16.895911333333334, 78.6620165], [16.895909833333334, 78.6620165], [16.895907333333334, 78.66201666666666], [16.8959055, 78.66201683333334], [16.895904166666664, 78.662017], [16.8959035, 78.66201716666666], [16.895902999999997, 78.66201733333334], [16.895901833333333, 78.6620175], [16.895900333333334, 78.6620175], [16.895899166666666, 78.66201766666667], [16.895898499999998, 78.66201766666667], [16.895898499999998, 78.66201783333332], [16.895898, 78.66201783333332], [16.895897833333333, 78.662018], [16.895897166666668, 78.662018], [16.895896166666667, 78.662018], [16.895895499999998, 78.66201816666667], [16.895895166666666, 78.66201833333334], [16.895894666666667, 78.66201833333334], [16.8958945, 78.6620185], [16.895894, 78.66201866666667], [16.895893666666666, 78.66201866666667], [16.895892833333335, 78.66201866666667], [16.895891833333334, 78.66201866666667], [16.895891, 78.66201883333333], [16.895890333333334, 78.66201883333333], [16.895890166666668, 78.662019], [16.895889833333335, 78.66201916666667], [16.8958895, 78.66201916666667], [16.8958885, 78.66201916666667], [16.895887833333333, 78.66201916666667], [16.8958875, 78.66201933333333], [16.895887000000002, 78.66201933333333], [16.8958865, 78.66201933333333], [16.895885833333335, 78.66201933333333], [16.895885, 78.6620195], [16.89588416666667, 78.6620195], [16.8958835, 78.66201966666667], [16.895883, 78.66201966666667], [16.895882500000003, 78.66201966666667], [16.895881999999997, 78.66201966666667], [16.89588133333333, 78.66201966666667], [16.895880666666667, 78.66201966666667], [16.89588, 78.66201966666667], [16.895879333333333, 78.66201966666667], [16.895878666666665, 78.66201966666667], [16.895878333333332, 78.66201983333333], [16.895878, 78.66201983333333], [16.895877666666667, 78.66202], [16.895877, 78.66202], [16.895876166666667, 78.66202], [16.8958755, 78.66202], [16.895875, 78.66202], [16.895874499999998, 78.66202], [16.89587433333333, 78.66202016666666], [16.895873833333333, 78.66202033333334], [16.895873166666668, 78.66202033333334], [16.8958725, 78.6620205], [16.895871833333334, 78.6620205], [16.895871333333332, 78.66202066666666], [16.895870833333333, 78.66202066666666], [16.89587016666667, 78.66202066666666], [16.8958695, 78.66202083333333], [16.895868833333335, 78.66202083333333], [16.895868166666666, 78.66202100000001], [16.895867666666668, 78.66202100000001], [16.895867833333334, 78.66202116666666], [16.895867833333334, 78.66202133333333], [16.8958675, 78.66202133333333], [16.895866833333333, 78.66202133333333], [16.895866, 78.66202133333333], [16.8958655, 78.66202133333333], [16.895865166666667, 78.66202150000001], [16.895864666666668, 78.66202150000001], [16.895864500000002, 78.66202166666667], [16.89586416666667, 78.66202166666667], [16.895863666666667, 78.66202183333333], [16.895863333333335, 78.66202183333333], [16.895862833333336, 78.66202183333333], [16.8958625, 78.66202183333333], [16.895862166666667, 78.66202183333333], [16.895861833333335, 78.66202183333333], [16.895861333333336, 78.66202183333333], [16.895860666666668, 78.66202183333333], [16.895860000000003, 78.66202166666667], [16.895859499999997, 78.66202166666667], [16.895859166666664, 78.66202183333333], [16.895859166666664, 78.66202183333333], [16.89585883333333, 78.662022], [16.895858333333333, 78.662022], [16.895857499999998, 78.662022], [16.895856666666667, 78.662022], [16.895856, 78.662022], [16.895855333333333, 78.662022], [16.89585483333333, 78.662022], [16.895854666666665, 78.66202216666667], [16.895854166666666, 78.66202216666667], [16.895853666666667, 78.66202216666667], [16.89585333333333, 78.66202216666667], [16.895853, 78.66202216666667], [16.895853, 78.66202216666667], [16.895852666666666, 78.66202216666667], [16.895852166666668, 78.66202216666667], [16.895851166666667, 78.662022], [16.895850499999998, 78.662022], [16.89585, 78.662022], [16.895850166666666, 78.66202216666667], [16.895850333333332, 78.66202216666667], [16.895850166666666, 78.66202216666667], [16.895849666666667, 78.662022], [16.895849, 78.662022], [16.895848333333333, 78.662022], [16.895847833333335, 78.662022], [16.895847333333332, 78.66202216666667], [16.895847, 78.66202216666667], [16.895846833333334, 78.66202216666667], [16.8958465, 78.66202233333334], [16.895845833333333, 78.66202233333334], [16.895845333333334, 78.66202233333334], [16.895845166666668, 78.66202233333334], [16.895845, 78.66202233333334], [16.895844833333335, 78.66202233333334], [16.8958445, 78.66202216666667], [16.895843833333334, 78.66202216666667], [16.895843, 78.662022], [16.895842333333334, 78.662022], [16.895842166666668, 78.662022], [16.895842000000002, 78.66202216666667], [16.895842333333334, 78.66202233333334], [16.895842833333333, 78.66202249999999], [16.8958435, 78.66202266666666], [16.895844833333335, 78.66202283333334], [16.895847333333332, 78.66202333333334], [16.895850666666668, 78.6620235], [16.89585483333333, 78.66202383333332], [16.895858666666665, 78.66202416666667], [16.895862166666667, 78.66202433333333], [16.895864500000002, 78.66202433333333], [16.895867, 78.66202416666667], [16.895869666666666, 78.662024], [16.895872666666666, 78.66202383333332], [16.895875166666666, 78.66202366666667], [16.895876666666666, 78.66202333333334], [16.895877499999997, 78.662023], [16.8958785, 78.66202266666666], [16.895878999999997, 78.66202233333334], [16.895880833333333, 78.66202183333333], [16.89588183333333, 78.66202150000001], [16.895883166666668, 78.66202116666666], [16.895884833333334, 78.66202083333333], [16.8958865, 78.66202033333334], [16.89588816666667, 78.66202016666666], [16.895889333333333, 78.66201983333333], [16.895889333333333, 78.6620195], [16.89588966666667, 78.662019], [16.8958905, 78.6620185], [16.895891666666667, 78.66201816666667], [16.895892833333335, 78.66201783333332], [16.895894, 78.6620175], [16.895894833333333, 78.662017], [16.895895833333334, 78.66201666666666], [16.895896999999998, 78.6620165], [16.895897666666666, 78.66201616666667], [16.89589833333333, 78.662016], [16.895898499999998, 78.66201566666668], [16.895899, 78.66201533333333], [16.8958995, 78.66201500000001], [16.895900333333334, 78.66201466666666], [16.89590133333333, 78.6620145], [16.895901666666667, 78.66201433333335], [16.895901499999997, 78.662014], [16.895901666666667, 78.66201383333333], [16.895901666666667, 78.66201383333333], [16.895902166666666, 78.66201366666665], [16.895902166666666, 78.66201366666665], [16.895901833333333, 78.66201366666665], [16.895901499999997, 78.6620135], [16.895901166666665, 78.66201333333333], [16.895901666666667, 78.66201316666667], [16.8959025, 78.66201316666667], [16.895903166666667, 78.66201299999999], [16.8959035, 78.66201299999999], [16.895903666666666, 78.66201283333334], [16.895903833333332, 78.66201266666667], [16.895903999999998, 78.66201266666667], [16.895904166666664, 78.66201266666667], [16.895903999999998, 78.66201266666667], [16.895903833333332, 78.6620125], [16.895903666666666, 78.66201233333332], [16.8959035, 78.66201233333332], [16.895903999999998, 78.66201233333332], [16.89590433333333, 78.66201233333332], [16.89590466666667, 78.66201233333332], [16.895904499999997, 78.66201216666667], [16.89590433333333, 78.662012], [16.895904166666664, 78.662012], [16.895904166666664, 78.662012], [16.895904166666664, 78.66201183333332], [16.895904166666664, 78.66201166666666], [16.895903833333332, 78.66201166666666], [16.895903666666666, 78.6620115], [16.895903999999998, 78.6620115], [16.89590433333333, 78.6620115], [16.89590466666667, 78.6620115], [16.895904833333336, 78.66201133333334], [16.895904499999997, 78.66201133333334], [16.89590433333333, 78.66201116666666], [16.895904166666664, 78.66201116666666], [16.89590433333333, 78.66201116666666], [16.895904166666664, 78.66201116666666], [16.895904166666664, 78.66201099999999], [16.895904166666664, 78.66201099999999], [16.89590433333333, 78.66201116666666], [16.89590433333333, 78.66201116666666], [16.89590433333333, 78.66201116666666], [16.895903999999998, 78.66201099999999], [16.8959035, 78.66201099999999], [16.895903333333333, 78.66201099999999], [16.895903333333333, 78.66201099999999], [16.8959035, 78.66201083333334], [16.895903666666666, 78.66201083333334], [16.8959035, 78.66201083333334], [16.895903333333333, 78.66201083333334], [16.895903333333333, 78.66201083333334], [16.895903166666667, 78.66201066666666], [16.895902999999997, 78.66201066666666], [16.895902666666665, 78.66201066666666], [16.8959025, 78.66201066666666], [16.895902166666666, 78.66201066666666], [16.895901833333333, 78.66201066666666], [16.895901833333333, 78.66201066666666], [16.895901833333333, 78.66201066666666], [16.895902, 78.66201066666666], [16.895901833333333, 78.6620105], [16.89590133333333, 78.6620105], [16.895901166666665, 78.6620105], [16.895901, 78.6620105], [16.895900833333332, 78.6620105], [16.895900166666667, 78.6620105], [16.89589983333333, 78.66201033333333], [16.89589983333333, 78.66201033333333], [16.895900166666667, 78.66201033333333], [16.895900166666667, 78.66201033333333], [16.895900166666667, 78.66201033333333], [16.8958995, 78.66201033333333], [16.895898833333334, 78.66201033333333], [16.89589833333333, 78.66201033333333], [16.895898166666665, 78.66201033333333], [16.895898, 78.66201033333333], [16.8958975, 78.66201033333333], [16.8958975, 78.66201033333333], [16.8958975, 78.66201033333333], [16.8958975, 78.66201033333333], [16.895897333333334, 78.6620105], [16.895896999999998, 78.6620105], [16.895896333333333, 78.66201033333333], [16.895895833333334, 78.66201033333333], [16.895895333333332, 78.66201033333333], [16.895895499999998, 78.66201033333333], [16.895895499999998, 78.66201033333333], [16.895895499999998, 78.66201033333333], [16.895895166666666, 78.66201033333333], [16.895894666666667, 78.66201016666668], [16.895894666666667, 78.66201016666668], [16.895894833333333, 78.66201016666668], [16.895894833333333, 78.66201016666668], [16.895894333333334, 78.66201033333333], [16.895894, 78.66201033333333], [16.8958935, 78.66201016666668], [16.895893166666667, 78.66201], [16.895893333333333, 78.66201], [16.8958935, 78.66201], [16.895893666666666, 78.66201], [16.8958935, 78.66201], [16.895892833333335, 78.66201], [16.89589266666667, 78.66200983333333], [16.895892833333335, 78.66200983333333], [16.895893, 78.66200983333333], [16.895893, 78.66200983333333], [16.89589266666667, 78.66200983333333], [16.895892166666666, 78.66200966666666], [16.895892166666666, 78.66200950000001], [16.895892333333332, 78.66200950000001], [16.895892333333332, 78.66200950000001], [16.895892333333332, 78.66200950000001], [16.895892166666666, 78.66200933333333], [16.895891666666667, 78.66200933333333], [16.895891666666667, 78.66200916666666], [16.895891666666667, 78.66200916666666], [16.895891833333334, 78.66200916666666], [16.895891666666667, 78.66200916666666], [16.895891333333335, 78.66200916666666], [16.89589116666667, 78.662009], [16.89589116666667, 78.66200883333333], [16.89589116666667, 78.66200883333333], [16.89589116666667, 78.66200883333333], [16.89589116666667, 78.66200883333333], [16.895891, 78.66200883333333], [16.8958905, 78.66200866666667], [16.895890333333334, 78.66200866666667], [16.8958905, 78.66200866666667], [16.895891, 78.66200866666667], [16.89589116666667, 78.6620085], [16.895891333333335, 78.6620085], [16.895891333333335, 78.6620085], [16.895891333333335, 78.6620085], [16.895891666666667, 78.66200866666667], [16.895892, 78.66200883333333], [16.895892333333332, 78.66200883333333], [16.895892166666666, 78.66200883333333], [16.895891833333334, 78.66200883333333], [16.895891833333334, 78.66200883333333], [16.895891833333334, 78.66200883333333], [16.895892, 78.66200883333333], [16.895891833333334, 78.66200883333333], [16.895891333333335, 78.66200883333333], [16.895890833333333, 78.66200883333333], [16.895890833333333, 78.66200883333333], [16.895890833333333, 78.66200883333333], [16.895890666666666, 78.66200883333333], [16.8958905, 78.66200883333333], [16.895890333333334, 78.66200866666667], [16.89589, 78.66200866666667], [16.895889833333335, 78.66200866666667], [16.89588966666667, 78.66200866666667], [16.89588966666667, 78.66200866666667], [16.89588966666667, 78.66200866666667], [16.895889166666667, 78.6620085], [16.895888833333334, 78.6620085], [16.8958885, 78.6620085], [16.895888333333335, 78.6620085], [16.8958885, 78.6620085], [16.89588816666667, 78.66200866666667], [16.89588816666667, 78.66200866666667], [16.895887833333333, 78.66200866666667], [16.8958875, 78.66200866666667], [16.895887000000002, 78.66200866666667], [16.895886833333336, 78.66200866666667], [16.8958865, 78.66200866666667], [16.895886333333333, 78.66200866666667], [16.895886, 78.6620085], [16.89588566666667, 78.6620085], [16.89588566666667, 78.6620085], [16.895885500000002, 78.6620085], [16.895885333333336, 78.6620085], [16.89588516666667, 78.6620085], [16.895884666666667, 78.66200833333333], [16.895884000000002, 78.66200833333333], [16.89588366666667, 78.66200833333333], [16.895883333333334, 78.66200833333333], [16.895883166666668, 78.66200833333333], [16.895883, 78.66200833333333], [16.89588266666667, 78.66200833333333], [16.89588216666667, 78.66200833333333], [16.895881666666664, 78.66200833333333], [16.895881, 78.66200833333333], [16.895880666666667, 78.66200833333333], [16.89588, 78.66200816666667], [16.895879333333333, 78.66200816666667], [16.895878666666665, 78.66200816666667], [16.895878333333332, 78.662008], [16.895878166666666, 78.662008], [16.895878166666666, 78.662008], [16.895877666666667, 78.662008], [16.895877166666665, 78.662008], [16.895876666666666, 78.66200783333333], [16.895875999999998, 78.66200783333333], [16.8958755, 78.66200783333333], [16.895874833333334, 78.66200783333333], [16.89587433333333, 78.66200766666665], [16.895873833333333, 78.66200766666665], [16.895873333333334, 78.66200766666665], [16.895872999999998, 78.6620075], [16.895872999999998, 78.6620075], [16.895872666666666, 78.6620075], [16.895872166666667, 78.6620075], [16.8958715, 78.66200733333334], [16.895870833333333, 78.66200733333334], [16.895870333333335, 78.66200733333334], [16.895869666666666, 78.66200733333334], [16.895869166666667, 78.66200733333334], [16.895868833333335, 78.66200716666667], [16.8958685, 78.66200716666667], [16.895868333333333, 78.66200716666667], [16.895868, 78.66200716666667], [16.8958675, 78.66200716666667], [16.895866666666667, 78.66200716666667], [16.895866, 78.66200716666667], [16.895865166666667, 78.66200716666667], [16.895864500000002, 78.66200716666667], [16.89586416666667, 78.66200716666667], [16.8958635, 78.66200716666667], [16.895862833333336, 78.66200699999999], [16.895862333333334, 78.66200699999999], [16.895862, 78.66200699999999], [16.895861500000002, 78.66200699999999], [16.895861, 78.66200716666667], [16.89586016666667, 78.66200699999999], [16.895859499999997, 78.66200716666667], [16.895858999999998, 78.66200716666667], [16.895858666666665, 78.66200716666667], [16.895858333333333, 78.66200716666667], [16.89585783333333, 78.66200699999999], [16.895857499999998, 78.66200699999999], [16.895857333333332, 78.66200699999999], [16.895857, 78.66200699999999], [16.895856499999997, 78.66200699999999], [16.895856, 78.66200699999999], [16.895855333333333, 78.66200699999999], [16.89585483333333, 78.66200699999999], [16.8958545, 78.66200699999999], [16.895854, 78.66200699999999], [16.895853499999998, 78.66200699999999], [16.895853, 78.66200699999999], [16.8958525, 78.66200699999999], [16.895851999999998, 78.66200699999999], [16.895851333333333, 78.66200699999999], [16.895850833333334, 78.66200699999999], [16.895850166666666, 78.66200699999999], [16.895849666666667, 78.66200699999999], [16.8958495, 78.66200699999999], [16.8958495, 78.66200699999999], [16.895849166666668, 78.66200699999999], [16.895849, 78.66200699999999], [16.895848666666666, 78.66200699999999], [16.895848333333333, 78.66200699999999], [16.895847833333335, 78.66200699999999], [16.895847, 78.66200716666667], [16.895846333333335, 78.66200716666667], [16.895845833333333, 78.66200716666667], [16.8958455, 78.66200716666667], [16.895845166666668, 78.66200716666667], [16.89584466666667, 78.66200733333334], [16.895844166666667, 78.66200716666667], [16.895843833333334, 78.66200733333334], [16.89584316666667, 78.66200733333334], [16.895842666666667, 78.66200716666667], [16.895841833333336, 78.66200716666667], [16.895841166666667, 78.66200733333334], [16.89584066666667, 78.66200716666667], [16.895840333333336, 78.66200716666667], [16.89584, 78.66200716666667], [16.895839833333334, 78.66200716666667], [16.895839333333335, 78.66200716666667], [16.895838833333336, 78.66200716666667], [16.895838333333334, 78.66200716666667], [16.895837833333335, 78.66200733333334], [16.895837500000003, 78.66200733333334], [16.895836999999997, 78.66200733333334], [16.89583633333333, 78.66200733333334], [16.895835666666667, 78.66200733333334], [16.895835166666664, 78.66200733333334], [16.895834833333332, 78.66200733333334], [16.895834666666666, 78.66200733333334], [16.895834333333333, 78.66200733333334], [16.89583383333333, 78.66200733333334], [16.895833, 78.66200733333334], [16.89583233333333, 78.6620075], [16.895832, 78.6620075], [16.895831833333332, 78.6620075], [16.895831333333334, 78.6620075], [16.89583083333333, 78.6620075], [16.895830166666666, 78.6620075], [16.895829833333334, 78.6620075], [16.895829666666668, 78.6620075], [16.89582933333333, 78.6620075], [16.895828833333333, 78.6620075], [16.895828166666668, 78.6620075], [16.895827333333333, 78.6620075], [16.895826666666668, 78.6620075], [16.895826166666666, 78.66200766666665], [16.895825666666667, 78.66200766666665], [16.895825, 78.66200766666665], [16.895824333333334, 78.66200783333333], [16.89582366666667, 78.66200783333333], [16.895823166666666, 78.66200783333333], [16.895822833333334, 78.66200783333333], [16.895822333333335, 78.66200783333333], [16.895821666666667, 78.66200783333333], [16.895821166666668, 78.662008], [16.89582066666667, 78.662008], [16.895820166666667, 78.662008], [16.895819666666668, 78.662008], [16.8958195, 78.662008], [16.895819, 78.662008], [16.895818333333334, 78.66200816666667], [16.895817833333336, 78.66200816666667], [16.895817166666667, 78.66200816666667], [16.89581666666667, 78.66200816666667], [16.89581616666667, 78.66200816666667], [16.895815666666667, 78.66200816666667], [16.895814833333336, 78.66200833333333], [16.89581433333333, 78.66200833333333], [16.895813666666665, 78.6620085], [16.895813333333333, 78.6620085], [16.895812333333332, 78.6620085], [16.895811499999997, 78.6620085], [16.895810833333332, 78.66200866666667], [16.8958105, 78.66200866666667], [16.895810166666667, 78.66200866666667], [16.8958095, 78.66200866666667], [16.895809, 78.66200866666667], [16.89580833333333, 78.66200883333333], [16.895807666666666, 78.66200883333333], [16.895806999999998, 78.66200883333333], [16.895806, 78.66200883333333], [16.895804666666667, 78.66200883333333], [16.8958025, 78.66200866666667], [16.895800333333334, 78.66200866666667], [16.895797666666667, 78.6620085], [16.895795500000002, 78.66200866666667], [16.895793833333336, 78.66200883333333], [16.895792333333336, 78.662009], [16.895791, 78.66200916666666], [16.895789666666666, 78.66200950000001], [16.895788, 78.66200966666666], [16.89578583333333, 78.66201016666668], [16.895783666666667, 78.66201066666666], [16.895781166666666, 78.66201133333334], [16.895779, 78.662012], [16.895776833333333, 78.66201283333334], [16.895775333333333, 78.6620135], [16.895773833333333, 78.66201433333335], [16.895772833333336, 78.66201516666666], [16.895772, 78.66201616666667], [16.895772333333333, 78.662017], [16.895772833333336, 78.66201783333332], [16.895773833333333, 78.66201866666667], [16.8957755, 78.66201916666667], [16.895777833333334, 78.66201983333333], [16.895781, 78.6620205], [16.895784, 78.66202100000001], [16.895787, 78.66202133333333], [16.895789833333332, 78.66202166666667], [16.895792833333335, 78.66202183333333], [16.895795666666668, 78.66202166666667], [16.895798, 78.66202150000001], [16.89580116666667, 78.66202133333333], [16.895804, 78.66202100000001], [16.895806333333333, 78.6620205], [16.89580833333333, 78.66202], [16.8958105, 78.66201933333333], [16.895813666666665, 78.662019], [16.89581666666667, 78.66201866666667], [16.89581916666667, 78.6620185], [16.895821333333334, 78.66201833333334], [16.895824, 78.662018], [16.895826333333332, 78.66201766666667], [16.895828833333333, 78.66201733333334], [16.89583083333333, 78.662017], [16.895833, 78.66201666666666], [16.895834999999998, 78.66201633333334], [16.89583683333333, 78.66201616666667], [16.89583866666667, 78.662016], [16.895840333333336, 78.66201566666668], [16.895841833333336, 78.66201533333333], [16.8958435, 78.66201516666666], [16.895845, 78.66201500000001], [16.895846333333335, 78.66201466666666], [16.895847833333335, 78.66201433333335], [16.895849666666667, 78.66201416666667], [16.895851666666665, 78.662014], [16.89585333333333, 78.66201383333333], [16.89585483333333, 78.6620135], [16.895856499999997, 78.66201316666667], [16.89585783333333, 78.66201299999999], [16.89585933333333, 78.66201283333334], [16.8958605, 78.66201266666667], [16.895861833333335, 78.6620125], [16.89586316666667, 78.66201216666667], [16.89586416666667, 78.662012], [16.8958655, 78.662012], [16.895866833333333, 78.66201183333332], [16.895868333333333, 78.66201166666666], [16.895869666666666, 78.6620115], [16.895870666666667, 78.66201133333334], [16.895871333333332, 78.66201133333334], [16.895872333333333, 78.66201116666666], [16.895873333333334, 78.66201099999999], [16.89587433333333, 78.66201083333334], [16.895875333333333, 78.66201083333334], [16.895876666666666, 78.66201066666666], [16.895878333333332, 78.6620105], [16.89588, 78.66201016666668], [16.895881499999998, 78.66201016666668], [16.895882833333335, 78.66201], [16.89588366666667, 78.66201], [16.8958845, 78.66200983333333], [16.895885500000002, 78.66200966666666], [16.895886833333336, 78.66200950000001], [16.89588816666667, 78.66200950000001], [16.8958895, 78.66200950000001], [16.895891, 78.66200933333333], [16.895892333333332, 78.66200916666666], [16.895893666666666, 78.66200916666666], [16.895895, 78.662009], [16.895896166666667, 78.662009], [16.895897166666668, 78.66200883333333], [16.895898166666665, 78.66200883333333], [16.8958995, 78.66200866666667], [16.895901, 78.6620085], [16.895903166666667, 78.66200833333333], [16.895906333333336, 78.66200816666667], [16.895911166666668, 78.66200783333333], [16.895918333333334, 78.66200733333334], [16.895927833333335, 78.66200683333334], [16.895939, 78.662006], [16.895951333333336, 78.662005], [16.895964499999998, 78.66200416666668], [16.895978166666666, 78.66200316666666], [16.895992333333332, 78.66200216666667], [16.896006833333335, 78.66200133333334], [16.896020833333335, 78.66200066666667], [16.896034666666665, 78.662], [16.896048166666667, 78.66199933333334], [16.896061333333332, 78.661999], [16.896074, 78.6619985], [16.896086, 78.66199816666668], [16.896097166666667, 78.66199783333333], [16.896107833333335, 78.66199750000001], [16.896117833333335, 78.66199716666667], [16.896127, 78.661997], [16.896135666666666, 78.66199666666667], [16.896143666666667, 78.66199633333333], [16.896150833333333, 78.661996], [16.896157333333335, 78.66199583333334], [16.896163666666666, 78.66199566666666], [16.896169333333333, 78.66199533333334], [16.896174833333337, 78.66199516666667], [16.89618, 78.66199483333334], [16.896185333333335, 78.66199466666667], [16.8961905, 78.66199433333333], [16.896195499999997, 78.66199416666667], [16.896200166666667, 78.661994], [16.896204666666666, 78.66199383333333], [16.896209166666665, 78.66199350000001], [16.896213, 78.66199333333334], [16.89621633333333, 78.66199316666666], [16.896219833333337, 78.661993], [16.8962235, 78.66199283333334], [16.896227, 78.66199266666666], [16.89623033333333, 78.66199266666666], [16.896233833333334, 78.6619925], [16.89623783333333, 78.66199266666666], [16.896241999999997, 78.66199283333334], [16.896245166666667, 78.66199316666666], [16.896247666666667, 78.66199366666666], [16.89624866666667, 78.66199416666667], [16.8962495, 78.66199466666667], [16.8962505, 78.66199533333334], [16.896249666666666, 78.661996], [16.896249666666666, 78.66199666666667], [16.896248833333335, 78.66199716666667], [16.896247666666667, 78.66199750000001], [16.8962475, 78.66199783333333], [16.896247000000002, 78.66199816666668], [16.896246666666666, 78.66199833333333], [16.896246166666668, 78.6619985], [16.89624566666667, 78.66199866666666], [16.896245, 78.66199883333334], [16.89624416666667, 78.661999], [16.896243666666667, 78.66199916666666], [16.8962435, 78.66199933333334], [16.8962435, 78.66199950000001], [16.896243666666667, 78.66199966666666], [16.896243333333334, 78.66199983333333], [16.896241666666665, 78.66200016666667], [16.896240666666664, 78.6620005], [16.89624033333333, 78.66200116666667], [16.896240166666665, 78.66200183333333], [16.896241666666665, 78.66200266666667], [16.896243333333334, 78.66200350000001], [16.896245166666667, 78.6620045], [16.896246666666666, 78.66200566666666], [16.89624866666667, 78.66200666666667], [16.896251166666666, 78.6620075], [16.896253833333333, 78.66200816666667], [16.896256, 78.66200883333333], [16.8962595, 78.66200916666666], [16.89626283333333, 78.66200933333333], [16.896266, 78.66200933333333], [16.896269166666666, 78.66200933333333], [16.896271833333333, 78.66200916666666], [16.896275666666668, 78.66200883333333], [16.896278, 78.6620085], [16.896281, 78.662008], [16.896282499999998, 78.6620075], [16.89628433333333, 78.66200683333334], [16.896285666666664, 78.66200633333332], [16.896286333333332, 78.66200566666666], [16.896285666666664, 78.66200533333334], [16.896284166666664, 78.662005], [16.896282166666666, 78.6620045], [16.896280666666666, 78.662004], [16.896279333333332, 78.66200366666666], [16.8962775, 78.66200333333333], [16.89627533333333, 78.66200316666666], [16.8962735, 78.662003], [16.896271666666667, 78.66200283333333], [16.896270166666667, 78.66200283333333], [16.89626816666667, 78.66200283333333], [16.896266, 78.66200283333333], [16.896263666666666, 78.66200283333333], [16.89626283333333, 78.66200283333333], [16.896262, 78.662003], [16.896262166666666, 78.66200283333333], [16.896262, 78.66200283333333], [16.896262333333333, 78.66200283333333], [16.896262666666665, 78.66200266666667], [16.8962635, 78.66200266666667], [16.896263666666666, 78.66200266666667], [16.89626433333333, 78.6620025], [16.89626516666667, 78.6620025], [16.896265833333334, 78.66200233333333], [16.896266333333333, 78.66200233333333], [16.896267166666668, 78.66200233333333], [16.896267833333333, 78.66200233333333], [16.896268333333335, 78.66200233333333], [16.896268333333335, 78.66200233333333], [16.896268333333335, 78.66200216666667], [16.896268333333335, 78.66200216666667], [16.896268333333335, 78.66200233333333], [16.896268333333335, 78.66200233333333], [16.896268666666668, 78.66200233333333], [16.896269333333333, 78.66200233333333], [16.896269833333335, 78.66200233333333], [16.89627, 78.66200233333333], [16.89627, 78.66200233333333], [16.896270333333334, 78.66200233333333], [16.896270833333332, 78.66200233333333], [16.896271000000002, 78.66200216666667], [16.8962715, 78.66200216666667], [16.896271666666667, 78.66200216666667], [16.8962715, 78.662002], [16.896271833333333, 78.662002], [16.896272333333332, 78.66200183333333], [16.896272833333335, 78.66200183333333], [16.896273166666667, 78.66200166666665], [16.8962735, 78.66200166666665], [16.8962735, 78.66200166666665], [16.896273833333332, 78.66200166666665], [16.896274166666668, 78.6620015], [16.896274166666668, 78.6620015], [16.896274166666668, 78.66200133333334], [16.896273833333332, 78.66200133333334], [16.896273666666666, 78.66200133333334], [16.896274166666668, 78.66200116666667], [16.896274666666667, 78.66200116666667], [16.896274833333333, 78.66200099999999], [16.896274833333333, 78.66200099999999], [16.896275, 78.66200099999999], [16.89627533333333, 78.66200083333334], [16.89627533333333, 78.66200066666667], [16.89627533333333, 78.66200066666667], [16.89627533333333, 78.6620005], [16.8962755, 78.6620005], [16.896275833333334, 78.66200033333332], [16.896276166666667, 78.66200033333332], [16.896276166666667, 78.66200033333332], [16.896276166666667, 78.66200033333332], [16.896276333333333, 78.66200016666667], [16.8962765, 78.66200016666667], [16.896276333333333, 78.66200016666667], [16.896276166666667, 78.662], [16.896276166666667, 78.662], [16.896276333333333, 78.662], [16.89627683333333, 78.662], [16.89627683333333, 78.662], [16.89627683333333, 78.66199983333333], [16.89627683333333, 78.66199983333333], [16.89627683333333, 78.66199983333333], [16.89627683333333, 78.66199983333333], [16.8962765, 78.66199983333333], [16.896276666666665, 78.66199983333333], [16.89627683333333, 78.66199966666666], [16.896277166666668, 78.66199966666666], [16.8962775, 78.66199966666666], [16.8962775, 78.66199966666666], [16.8962775, 78.66199966666666], [16.896277833333333, 78.66199966666666], [16.896277666666666, 78.66199966666666], [16.8962775, 78.66199966666666], [16.896277666666666, 78.66199950000001], [16.896277333333334, 78.66199950000001], [16.8962775, 78.66199950000001], [16.896277666666666, 78.66199966666666], [16.896277833333333, 78.66199966666666], [16.896278, 78.66199966666666], [16.896278, 78.66199966666666], [16.89627833333333, 78.66199966666666], [16.89627833333333, 78.66199966666666], [16.896278166666665, 78.66199966666666], [16.896277666666666, 78.66199966666666], [16.896277833333333, 78.66199966666666], [16.896278, 78.66199966666666], [16.896278166666665, 78.66199966666666], [16.89627833333333, 78.66199950000001], [16.896278166666665, 78.66199966666666], [16.896278166666665, 78.66199966666666], [16.896278, 78.66199983333333], [16.896277833333333, 78.66199983333333], [16.896277833333333, 78.66199983333333], [16.8962775, 78.66199983333333], [16.896277333333334, 78.662], [16.896277166666668, 78.662], [16.896277166666668, 78.662], [16.896277166666668, 78.662], [16.896277, 78.662], [16.89627683333333, 78.662], [16.896276666666665, 78.66200016666667], [16.896276666666665, 78.66200016666667], [16.896276666666665, 78.66200016666667], [16.8962765, 78.66200016666667], [16.89627683333333, 78.66200016666667], [16.89627683333333, 78.66200016666667], [16.896277, 78.66200016666667], [16.896277166666668, 78.66200016666667], [16.896277333333334, 78.66200016666667], [16.896277666666666, 78.66200016666667], [16.896277666666666, 78.66200016666667], [16.896277666666666, 78.66200016666667], [16.896277833333333, 78.66200016666667], [16.896277666666666, 78.66200016666667], [16.896278, 78.66200033333332], [16.89627833333333, 78.66200033333332], [16.896278833333334, 78.66200033333332], [16.896279, 78.66200033333332], [16.896279, 78.66200033333332], [16.896278833333334, 78.66200033333332], [16.896278833333334, 78.6620005], [16.896278833333334, 78.6620005], [16.896279, 78.6620005], [16.896279166666666, 78.6620005], [16.896279166666666, 78.6620005], [16.8962795, 78.6620005], [16.8962795, 78.6620005], [16.896279166666666, 78.66200066666667], [16.896279166666666, 78.66200066666667], [16.896279166666666, 78.66200066666667], [16.896279, 78.66200083333334], [16.896278833333334, 78.66200083333334], [16.896278833333334, 78.66200083333334], [16.896279166666666, 78.66200083333334], [16.89628, 78.66200066666667], [16.896281166666665, 78.66200033333332], [16.896282, 78.66199983333333], [16.896283999999998, 78.66199916666666], [16.896286166666666, 78.66199833333333], [16.8962885, 78.66199750000001], [16.89629066666667, 78.6619965], [16.896292333333335, 78.66199566666666], [16.8962945, 78.66199483333334], [16.896296833333334, 78.66199383333333], [16.896299166666665, 78.661993], [16.896301333333334, 78.66199233333333], [16.896303666666665, 78.66199150000001], [16.896306166666665, 78.66199083333332], [16.896308833333332, 78.66199], [16.896311333333333, 78.66198933333334], [16.89631316666667, 78.6619885], [16.896314333333333, 78.66198783333333], [16.8963155, 78.66198683333333], [16.8963165, 78.66198583333333], [16.896317166666666, 78.6619845], [16.896317500000002, 78.66198333333334], [16.896317500000002, 78.66198200000001], [16.896316833333334, 78.66198066666666], [16.8963155, 78.66197933333333], [16.8963135, 78.66197783333334], [16.896310833333335, 78.66197650000001], [16.896308166666664, 78.661975], [16.896304833333332, 78.66197366666667], [16.896301, 78.6619725], [16.896297166666667, 78.66197116666667], [16.89629366666667, 78.66196983333333], [16.896290500000003, 78.66196866666668], [16.896286999999997, 78.66196733333332], [16.896283166666667, 78.66196616666666], [16.896279, 78.661965], [16.896274666666667, 78.66196383333333], [16.896270333333334, 78.66196283333333], [16.896266166666667, 78.66196166666667], [16.89626183333333, 78.6619605], [16.89625733333333, 78.6619595], [16.896253166666668, 78.66195833333333], [16.896248500000002, 78.66195716666667], [16.896244000000003, 78.66195616666667], [16.89623933333333, 78.661955], [16.8962345, 78.661954], [16.8962295, 78.661953], [16.896224166666666, 78.66195183333333], [16.896219166666665, 78.66195066666667], [16.896214, 78.66194966666667], [16.896208666666666, 78.66194866666666], [16.896203500000002, 78.66194766666668], [16.896198333333334, 78.66194666666667], [16.896193333333333, 78.66194566666667], [16.896188, 78.66194466666667], [16.896182333333336, 78.66194366666667], [16.896176833333335, 78.66194266666666], [16.896171499999998, 78.66194166666668], [16.896166, 78.6619405], [16.896160333333334, 78.66193933333334], [16.8961545, 78.66193833333334], [16.89614883333333, 78.66193750000001], [16.896143, 78.66193633333334], [16.896137666666668, 78.66193533333333], [16.896132166666668, 78.66193433333333], [16.896126666666664, 78.66193333333334], [16.896121166666667, 78.66193249999999], [16.896115166666668, 78.66193150000001], [16.896109666666668, 78.6619305], [16.896103999999998, 78.6619295], [16.8960985, 78.66192866666667], [16.896092666666668, 78.66192766666667], [16.896086833333335, 78.66192666666667], [16.896080833333333, 78.66192566666668], [16.896075333333332, 78.66192466666666], [16.8960695, 78.66192366666668], [16.8960635, 78.66192266666667], [16.89605733333333, 78.66192166666666], [16.896051333333332, 78.66192066666667], [16.8960455, 78.66191983333333], [16.896039666666663, 78.66191883333333], [16.896033666666664, 78.66191783333333], [16.896027666666665, 78.66191699999999], [16.896021833333336, 78.66191616666667], [16.896016333333332, 78.66191516666666], [16.89601, 78.661914], [16.896003666666665, 78.66191316666666], [16.895997333333334, 78.66191216666667], [16.895991, 78.66191133333334], [16.8959845, 78.6619105], [16.895978500000002, 78.66190950000001], [16.895972333333336, 78.66190866666668], [16.895966333333334, 78.66190783333333], [16.895960333333335, 78.661907], [16.895953833333333, 78.661906], [16.895947666666665, 78.66190499999999], [16.895941166666667, 78.661904], [16.89593466666667, 78.66190316666666], [16.895928166666668, 78.66190216666668], [16.895921833333333, 78.66190133333333], [16.895915666666667, 78.66190033333334], [16.895909500000002, 78.66189933333334], [16.895903333333333, 78.6618985], [16.895897166666668, 78.6618975], [16.895890833333333, 78.66189666666668], [16.895884333333335, 78.66189566666667], [16.895878333333332, 78.66189466666667], [16.8958725, 78.66189366666667], [16.895866666666667, 78.66189266666667], [16.89586116666667, 78.6618915], [16.895855333333333, 78.6618905], [16.895849166666668, 78.66188933333333], [16.895843833333334, 78.66188833333334], [16.8958385, 78.66188716666667], [16.895833333333332, 78.66188600000001], [16.895828166666668, 78.66188483333333], [16.8958225, 78.66188366666667], [16.895816833333335, 78.6618825], [16.895811166666665, 78.66188133333334], [16.895805666666668, 78.66188016666666], [16.895800333333334, 78.661879], [16.89579516666667, 78.66187783333334], [16.89579033333333, 78.66187666666666], [16.8957855, 78.6618755], [16.895780666666667, 78.66187433333333], [16.895776, 78.66187316666667], [16.895771, 78.66187216666667], [16.895766166666665, 78.661871], [16.895761, 78.66186983333334], [16.8957565, 78.66186850000001], [16.89575166666667, 78.66186733333333], [16.895746999999997, 78.66186616666667], [16.895742499999997, 78.661865], [16.89573783333333, 78.66186383333334], [16.895733333333332, 78.66186266666666], [16.895728833333333, 78.66186166666667], [16.895724166666664, 78.66186033333334], [16.89571983333333, 78.66185933333333], [16.89571533333333, 78.66185816666666], [16.895711, 78.661857], [16.895706833333335, 78.66185583333332], [16.895702333333336, 78.66185449999999], [16.8956975, 78.66185333333333], [16.89569283333333, 78.66185216666666], [16.895688500000002, 78.66185116666666], [16.89568416666667, 78.66185], [16.89567966666667, 78.66184883333334], [16.895675333333333, 78.66184783333333], [16.895670833333334, 78.66184666666666], [16.895666333333335, 78.66184566666668], [16.895661833333335, 78.6618445], [16.895657333333336, 78.66184333333334], [16.895652666666667, 78.66184216666667], [16.895648166666668, 78.66184100000001], [16.895643500000002, 78.66183983333333], [16.895638833333333, 78.66183866666667], [16.895634166666664, 78.6618375], [16.8956295, 78.66183649999999], [16.895624833333333, 78.66183550000001], [16.895620166666667, 78.66183433333335], [16.89561516666667, 78.66183316666667], [16.8956105, 78.661832], [16.8956055, 78.66183099999999], [16.895601, 78.66182983333333], [16.895596333333334, 78.66182866666666], [16.895591666666668, 78.66182733333333], [16.895586833333333, 78.66182616666667], [16.8955825, 78.661825], [16.895577833333334, 78.66182383333333], [16.895573333333335, 78.66182266666667], [16.895568833333336, 78.66182166666667], [16.895564333333333, 78.6618205], [16.895559666666667, 78.66181933333334], [16.895555, 78.66181816666668], [16.895550333333333, 78.661817], [16.895545666666667, 78.66181583333334], [16.895540999999998, 78.66181466666667], [16.895536166666666, 78.66181350000001], [16.8955315, 78.66181233333333], [16.895527, 78.66181116666667], [16.895522500000002, 78.66181], [16.895518, 78.66180883333332], [16.895513166666667, 78.66180783333333], [16.895508666666668, 78.66180666666668], [16.89550416666667, 78.6618055], [16.895499500000003, 78.66180433333334], [16.895495, 78.66180316666667], [16.89549033333333, 78.66180200000001], [16.895485833333332, 78.66180083333333], [16.895481500000002, 78.6617995], [16.895477000000003, 78.66179833333334], [16.8954725, 78.66179716666667], [16.895468166666667, 78.66179600000001], [16.895463333333332, 78.66179483333333], [16.895458833333333, 78.66179366666667], [16.89545433333333, 78.6617925], [16.895449666666664, 78.66179133333334], [16.895445166666665, 78.66179016666666], [16.8954405, 78.66178916666667], [16.895435666666668, 78.66178799999999], [16.895430833333332, 78.66178666666666], [16.895425833333334, 78.6617855], [16.895421166666665, 78.66178433333333], [16.895416333333333, 78.661783], [16.8954115, 78.66178183333334], [16.895406666666666, 78.66178066666666], [16.895401833333334, 78.6617795], [16.895397333333335, 78.66177833333333], [16.895392666666666, 78.66177716666667], [16.895388166666667, 78.66177599999999], [16.895383499999998, 78.66177483333333], [16.895379, 78.66177366666668], [16.895374333333333, 78.66177250000001], [16.89537, 78.66177133333333], [16.895365333333334, 78.66176999999999], [16.89536083333333, 78.66176883333333], [16.895356166666666, 78.66176766666668], [16.895351666666667, 78.66176650000001], [16.895347166666667, 78.66176533333334], [16.895342666666668, 78.66176416666667], [16.895338166666665, 78.66176300000001], [16.895333833333332, 78.66176183333333], [16.895329333333333, 78.66176066666667], [16.895324666666667, 78.66175933333334], [16.89532, 78.66175816666667], [16.8953155, 78.66175700000001], [16.895311, 78.66175583333333], [16.8953065, 78.66175466666667], [16.895301833333335, 78.6617535], [16.89529716666667, 78.66175233333334], [16.895292666666666, 78.66175116666666], [16.895288, 78.66175], [16.895283333333335, 78.66174883333333], [16.8952785, 78.66174766666667], [16.895273999999997, 78.66174633333334], [16.895269499999998, 78.66174516666666], [16.895264833333332, 78.661744], [16.89526, 78.66174283333334], [16.895255333333335, 78.66174166666666], [16.895250666666666, 78.6617405], [16.895246, 78.66173933333333], [16.895241, 78.661738], [16.895236166666667, 78.66173683333334], [16.895231333333335, 78.66173566666666], [16.8952265, 78.6617345], [16.895221666666664, 78.66173333333333], [16.895216666666666, 78.66173216666667], [16.895211833333335, 78.66173099999999], [16.895207000000003, 78.66172983333333], [16.895202333333334, 78.66172866666668], [16.8951975, 78.66172750000001], [16.895192666666667, 78.66172633333333], [16.895188166666667, 78.66172516666667], [16.895183333333332, 78.661724], [16.8951785, 78.66172283333334], [16.895173833333335, 78.66172166666666], [16.895169, 78.6617205], [16.895164333333334, 78.66171933333334], [16.895159666666665, 78.66171800000001], [16.895154666666667, 78.66171683333333], [16.895149833333335, 78.66171566666667], [16.89514516666667, 78.6617145], [16.8951405, 78.66171333333334], [16.895135999999997, 78.66171216666666], [16.895131499999998, 78.661711], [16.8951265, 78.66170983333333], [16.895121833333334, 78.66170866666667], [16.895117333333335, 78.66170733333334], [16.895112666666666, 78.66170633333333], [16.895108, 78.661705], [16.895103, 78.66170383333333], [16.8950985, 78.6617025], [16.89509383333333, 78.66170133333334], [16.895089166666665, 78.66170016666666], [16.8950845, 78.661699], [16.89508, 78.66169783333333], [16.895075666666667, 78.66169666666666], [16.895071166666664, 78.6616955], [16.89506683333333, 78.66169433333333], [16.895062499999998, 78.66169316666667], [16.895058, 78.66169183333334], [16.895053833333336, 78.66169066666666], [16.895049333333336, 78.6616895], [16.895044666666667, 78.66168833333333], [16.895040166666668, 78.661687], [16.895036, 78.66168583333334], [16.895031333333336, 78.66168466666666], [16.89502666666667, 78.66168333333333], [16.895022333333333, 78.66168216666667], [16.895018, 78.661681], [16.895013333333335, 78.66167983333334], [16.895008833333335, 78.66167866666666], [16.895003999999997, 78.66167766666668], [16.894999166666665, 78.66167650000001], [16.8949945, 78.66167516666665], [16.894989833333334, 78.66167383333332], [16.894985166666668, 78.66167266666666], [16.894980166666667, 78.6616715], [16.89497533333333, 78.66167016666667], [16.894970833333332, 78.661669], [16.894966, 78.66166783333333], [16.89496116666667, 78.66166666666666], [16.894956166666667, 78.6616655], [16.894951166666665, 78.66166416666667], [16.894946666666666, 78.661663], [16.894942, 78.66166183333333], [16.89493716666667, 78.6616605], [16.894932166666667, 78.66165933333333], [16.894927499999998, 78.66165816666667], [16.894922833333332, 78.661657], [16.894918166666667, 78.66165566666668], [16.894913499999998, 78.6616545], [16.894908833333332, 78.66165333333333], [16.894903833333334, 78.661652], [16.894899000000002, 78.66165083333334], [16.894894, 78.66164966666666], [16.894889166666665, 78.6616485], [16.8948845, 78.66164733333333], [16.894879666666668, 78.66164616666667], [16.894874833333333, 78.661645], [16.89487, 78.66164366666666], [16.894865, 78.6616425], [16.894860166666668, 78.66164133333334], [16.894855333333332, 78.66164], [16.894850666666667, 78.66163883333334], [16.894846166666664, 78.66163766666666], [16.894841333333332, 78.66163633333333], [16.894836666666667, 78.66163516666667], [16.894831833333335, 78.661634], [16.89482716666667, 78.66163283333334], [16.8948225, 78.66163150000001], [16.894817666666665, 78.66163033333333], [16.894812833333333, 78.66162916666667], [16.894808166666667, 78.66162783333333], [16.894803666666668, 78.66162666666668], [16.894799, 78.6616255], [16.894794666666666, 78.66162416666666], [16.894789833333334, 78.66162299999999], [16.89478516666667, 78.66162183333333], [16.894780333333333, 78.6616205], [16.894775499999998, 78.66161933333333], [16.894770666666666, 78.66161816666666], [16.894765833333334, 78.66161699999999], [16.89476116666667, 78.66161566666666], [16.894756500000003, 78.6616145], [16.894751666666664, 78.66161316666667], [16.894746833333333, 78.661612], [16.894742, 78.66161066666668], [16.894737333333335, 78.6616095], [16.894732666666666, 78.66160833333333], [16.894728166666667, 78.661607], [16.8947235, 78.66160583333334], [16.894718833333332, 78.66160466666666], [16.894714166666667, 78.66160333333333], [16.894709166666665, 78.66160199999999], [16.894704166666667, 78.66160083333332], [16.894699666666668, 78.6615995], [16.89469516666667, 78.66159833333333], [16.894690500000003, 78.661597], [16.89468583333333, 78.66159583333334], [16.894680833333332, 78.66159466666666], [16.894676, 78.66159333333333], [16.89467116666667, 78.66159216666667], [16.894666500000003, 78.66159083333334], [16.894662, 78.6615895], [16.894657166666665, 78.66158833333334], [16.894652666666666, 78.66158716666668], [16.894648166666666, 78.66158583333332], [16.894644000000003, 78.66158449999999], [16.8946395, 78.66158333333333], [16.894634666666665, 78.66158216666666], [16.89463, 78.66158083333333], [16.894625333333334, 78.66157966666667], [16.89462083333333, 78.66157833333334], [16.894616, 78.66157716666666], [16.8946115, 78.66157583333333], [16.894606833333334, 78.66157466666667], [16.894602000000003, 78.66157333333334], [16.894597333333333, 78.66157216666667], [16.894592666666664, 78.66157083333333], [16.894588, 78.6615695], [16.894583333333333, 78.66156833333334], [16.894578833333334, 78.661567], [16.894574, 78.66156566666668], [16.894569166666667, 78.6615645], [16.8945645, 78.66156316666667], [16.894559833333336, 78.661562], [16.894555166666667, 78.66156066666667], [16.89455033333333, 78.66155950000001], [16.8945455, 78.66155833333333], [16.894541166666666, 78.66155699999999], [16.8945365, 78.66155583333332], [16.894531500000003, 78.66155466666667], [16.894526666666664, 78.66155350000001], [16.894521833333332, 78.66155233333333], [16.894517166666667, 78.66155099999999], [16.8945125, 78.66154966666666], [16.894507666666666, 78.6615485], [16.894502666666664, 78.66154716666667], [16.894497666666666, 78.661546], [16.894492666666668, 78.66154466666667], [16.89448816666667, 78.66154333333334], [16.894483666666666, 78.66154216666668], [16.894478499999998, 78.661541], [16.894473666666666, 78.66153983333334], [16.89446866666667, 78.66153866666667], [16.894464000000003, 78.66153733333334], [16.894459166666664, 78.661536], [16.894454666666665, 78.66153483333332], [16.894449833333333, 78.66153366666667], [16.894445, 78.66153233333333], [16.894440499999998, 78.661531], [16.894435666666666, 78.66152983333333], [16.894431, 78.66152866666667], [16.894426166666666, 78.66152749999999], [16.894421333333334, 78.66152616666666], [16.894416666666665, 78.661525], [16.894412166666665, 78.66152366666667], [16.894407333333334, 78.6615225], [16.894402333333336, 78.66152133333334], [16.894397333333334, 78.66152016666666], [16.894392666666665, 78.66151883333333], [16.894388166666666, 78.66151766666667], [16.894383833333332, 78.66151633333334], [16.894379, 78.661515], [16.894374333333335, 78.66151383333333], [16.894369333333334, 78.6615125], [16.894364666666668, 78.66151133333332], [16.89436016666667, 78.66150999999999], [16.894355166666667, 78.66150883333333], [16.894350166666666, 78.6615075], [16.8943455, 78.66150633333334], [16.894340833333334, 78.66150516666667], [16.894336, 78.66150383333334], [16.8943315, 78.66150250000001], [16.894326666666664, 78.66150133333333], [16.894321833333333, 78.66149999999999], [16.894317333333333, 78.66149883333333], [16.894312666666668, 78.6614975], [16.894307833333336, 78.66149633333333], [16.894303166666667, 78.661495], [16.894298166666665, 78.66149383333332], [16.8942935, 78.6614925], [16.894288666666668, 78.66149116666666], [16.89428416666667, 78.66148983333332], [16.8942795, 78.66148866666667], [16.894274833333334, 78.6614875], [16.89427, 78.66148616666666], [16.894265833333336, 78.661485], [16.894261333333336, 78.66148366666667], [16.894256666666667, 78.66148233333334], [16.894251833333332, 78.66148116666666], [16.894246833333334, 78.66147983333333], [16.894242000000002, 78.6614785], [16.8942375, 78.66147733333334], [16.894232833333334, 78.661476], [16.894228, 78.66147466666666], [16.894223333333333, 78.6614735], [16.894218833333333, 78.66147233333332], [16.894214499999997, 78.66147099999999], [16.89420983333333, 78.66146983333333], [16.894205, 78.6614685], [16.894200166666668, 78.66146733333333], [16.894195500000002, 78.66146616666667], [16.894191, 78.66146466666667], [16.8941865, 78.66146350000001], [16.894181833333334, 78.66146216666667], [16.894177333333335, 78.66146083333334], [16.8941725, 78.6614595], [16.894168333333333, 78.66145816666668], [16.894164, 78.661457], [16.894159333333334, 78.66145566666667], [16.894154333333333, 78.66145433333332], [16.89415, 78.66145316666666], [16.89414533333333, 78.66145183333333], [16.894140999999998, 78.66145066666667], [16.894136333333332, 78.66144933333334], [16.8941315, 78.66144800000001], [16.89412666666667, 78.66144683333333], [16.894122166666666, 78.66144566666667], [16.8941175, 78.66144433333334], [16.894112833333335, 78.66144316666667], [16.89410816666667, 78.66144183333334], [16.89410366666667, 78.6614405], [16.8940985, 78.66143933333333], [16.894093666666667, 78.661438], [16.894089333333334, 78.66143666666667], [16.894085, 78.66143533333334], [16.89408033333333, 78.66143416666667], [16.894075833333332, 78.661433], [16.894071166666667, 78.66143166666667], [16.894066666666667, 78.66143033333333], [16.8940625, 78.661429], [16.894057999999998, 78.66142783333333], [16.894053166666666, 78.6614265], [16.894048666666666, 78.66142516666667], [16.894044166666667, 78.66142383333334], [16.894039833333334, 78.6614225], [16.894035, 78.66142133333332], [16.894030666666666, 78.66141999999999], [16.894026166666666, 78.66141883333333], [16.894021833333333, 78.66141766666667], [16.894017, 78.6614165], [16.894012166666666, 78.66141516666667], [16.89400733333333, 78.66141383333334], [16.89400283333333, 78.66141250000001], [16.893998500000002, 78.66141116666667], [16.893994000000003, 78.66140983333334], [16.89398933333333, 78.66140850000001], [16.89398483333333, 78.66140733333333], [16.89398033333333, 78.661406], [16.893975833333332, 78.66140483333334], [16.893971, 78.6614035], [16.893966166666665, 78.66140233333334], [16.893961333333333, 78.66140116666666], [16.893956833333334, 78.66139983333333], [16.893951833333333, 78.66139866666667], [16.893947166666667, 78.66139733333333], [16.89394283333333, 78.661396], [16.89393833333333, 78.66139483333333], [16.893933666666666, 78.6613935], [16.893929, 78.66139233333334], [16.893924333333334, 78.66139100000001], [16.89391983333333, 78.66138966666668], [16.893915333333332, 78.66138833333333], [16.893910666666667, 78.66138716666666], [16.893906, 78.66138583333333], [16.893901666666668, 78.66138466666666], [16.893897499999998, 78.66138333333333], [16.8938935, 78.661382], [16.893889333333334, 78.66138066666667], [16.893885166666667, 78.66137933333333], [16.893880833333334, 78.66137816666667], [16.893876499999998, 78.66137683333334], [16.893871999999998, 78.6613755], [16.893867666666665, 78.66137433333333], [16.893863, 78.661373], [16.893858333333334, 78.66137183333333], [16.893853666666665, 78.66137066666667], [16.893849166666666, 78.66136933333334], [16.893844666666666, 78.661368], [16.893839833333335, 78.66136666666667], [16.893835333333335, 78.6613655], [16.8938305, 78.66136433333332], [16.893826, 78.661363], [16.8938215, 78.66136166666666], [16.893816833333336, 78.6613605], [16.893812, 78.66135933333334], [16.893807499999998, 78.661358], [16.893803, 78.66135666666668], [16.8937985, 78.66135533333333], [16.893794166666666, 78.661354], [16.893789333333334, 78.66135283333332], [16.893784333333333, 78.6613515], [16.893779666666667, 78.66135033333333], [16.893775, 78.661349], [16.893770500000002, 78.66134783333334], [16.89376616666667, 78.66134650000001], [16.8937615, 78.66134516666666], [16.893756833333335, 78.66134383333333], [16.893752333333335, 78.66134266666667], [16.89374816666667, 78.66134133333334], [16.89374366666667, 78.66134000000001], [16.893738833333334, 78.66133866666668], [16.893734166666665, 78.66133733333332], [16.8937295, 78.66133616666666], [16.893725166666666, 78.66133483333333], [16.893721000000003, 78.6613335], [16.8937165, 78.66133233333333], [16.893712333333333, 78.661331], [16.893708, 78.66132966666667], [16.8937035, 78.66132833333333], [16.893699, 78.661327], [16.893694333333332, 78.66132566666667], [16.893689833333333, 78.66132433333334], [16.8936855, 78.661323], [16.893681, 78.66132183333335], [16.893676833333334, 78.6613205], [16.89367233333333, 78.66131916666667], [16.893667666666666, 78.66131783333334], [16.8936635, 78.66131650000001], [16.893658833333333, 78.66131533333333], [16.893654666666666, 78.66131399999999], [16.893650333333333, 78.66131266666666], [16.893646, 78.66131133333333], [16.8936415, 78.66131], [16.893637000000002, 78.66130866666667], [16.89363266666667, 78.66130733333333], [16.893628, 78.661306], [16.8936235, 78.66130483333333], [16.893618833333335, 78.6613035], [16.89361416666667, 78.66130233333334], [16.89360966666667, 78.66130100000001], [16.893605333333333, 78.66129966666668], [16.893601166666667, 78.66129833333333], [16.8935965, 78.66129716666666], [16.893591833333335, 78.66129583333333], [16.89358716666667, 78.6612945], [16.893582499999997, 78.66129316666667], [16.89357783333333, 78.661292], [16.893573166666666, 78.66129066666667], [16.893568666666667, 78.66128933333333], [16.893564333333334, 78.66128816666667], [16.89355983333333, 78.66128683333334], [16.893555166666665, 78.6612855], [16.893550666666666, 78.66128416666668], [16.893546166666667, 78.66128283333335], [16.893541666666668, 78.66128166666667], [16.893536833333332, 78.66128033333332], [16.8935325, 78.661279], [16.893527833333334, 78.66127783333333], [16.8935235, 78.6612765], [16.893519, 78.66127533333334], [16.8935145, 78.661274], [16.893509833333333, 78.66127266666668], [16.893505333333334, 78.66127133333333], [16.89350016666667, 78.66127], [16.89349533333333, 78.66126866666667], [16.893490333333332, 78.66126733333334], [16.893486, 78.661266], [16.8934815, 78.66126483333333], [16.89347666666667, 78.66126349999999], [16.893472, 78.66126216666666], [16.893467333333334, 78.661261], [16.893463, 78.66125966666667], [16.893458833333334, 78.66125833333334], [16.8934545, 78.66125699999999], [16.893449999999998, 78.66125566666666], [16.893445333333332, 78.6612545], [16.893440333333334, 78.66125316666667], [16.893435833333335, 78.66125183333334], [16.893431500000002, 78.66125050000001], [16.893427166666665, 78.66124916666666], [16.893422833333332, 78.66124783333333], [16.893418333333333, 78.6612465], [16.893413833333334, 78.66124516666667], [16.8934095, 78.66124383333334], [16.89340483333333, 78.66124266666667], [16.8934005, 78.66124133333332], [16.893396166666665, 78.66123999999999], [16.893391833333332, 78.66123866666666], [16.89338766666667, 78.66123733333333], [16.89338316666667, 78.66123599999999], [16.893378499999997, 78.66123466666666], [16.89337383333333, 78.66123333333333], [16.893369, 78.661232], [16.893364333333334, 78.66123066666667], [16.893359666666665, 78.66122933333332], [16.893355333333332, 78.661228], [16.893351166666665, 78.66122666666666], [16.893346666666666, 78.66122516666665], [16.893342166666667, 78.66122399999999], [16.893337166666665, 78.66122266666666], [16.893332333333333, 78.66122133333333], [16.8933275, 78.66122016666667], [16.893322833333333, 78.66121883333334], [16.893318333333333, 78.66121766666667], [16.89331383333333, 78.66121633333334], [16.89330933333333, 78.661215], [16.893304333333333, 78.66121366666667], [16.89329916666667, 78.66121233333334], [16.893294833333336, 78.66121100000001], [16.893290166666667, 78.66120966666668], [16.8932855, 78.66120833333333], [16.8932805, 78.66120716666666], [16.893276, 78.66120599999999], [16.893271666666667, 78.66120466666666], [16.893266999999998, 78.6612035], [16.893262333333332, 78.66120216666667], [16.893257666666667, 78.66120083333334], [16.893253, 78.66119950000001], [16.89324816666667, 78.66119816666667], [16.893243166666664, 78.66119683333334], [16.893238333333333, 78.66119566666666], [16.893233833333333, 78.66119433333333], [16.893229666666667, 78.661193], [16.893225166666664, 78.66119183333333], [16.893220166666666, 78.6611905], [16.893215666666666, 78.66118933333334], [16.893211333333333, 78.661188], [16.893206666666668, 78.66118683333335], [16.893201833333332, 78.6611855], [16.89319683333333, 78.66118416666667], [16.893192166666665, 78.66118283333334], [16.893187833333332, 78.66118166666666], [16.893183166666667, 78.66118033333333], [16.893178666666664, 78.66117883333332], [16.893174, 78.66117766666666], [16.8931695, 78.66117633333333], [16.893165, 78.66117516666667], [16.893160666666667, 78.66117383333334], [16.8931565, 78.6611725], [16.893151666666665, 78.66117133333334], [16.893146833333333, 78.66117016666666], [16.893142, 78.66116883333333], [16.8931375, 78.66116733333334], [16.893133499999998, 78.66116600000001], [16.893129166666665, 78.66116466666668], [16.8931245, 78.66116333333333], [16.89312, 78.661162], [16.893115666666667, 78.66116083333333], [16.89311133333333, 78.6611595], [16.893107, 78.66115833333333], [16.893102833333334, 78.66115683333334], [16.893098833333333, 78.66115533333333], [16.893094833333336, 78.6611535], [16.893091166666668, 78.6611515], [16.893087666666666, 78.66114933333333], [16.8930845, 78.66114716666667], [16.893081833333333, 78.66114466666666], [16.893079833333335, 78.66114233333333], [16.893078166666665, 78.66113983333334], [16.893077166666668, 78.66113733333333], [16.893077, 78.661135], [16.8930775, 78.66113266666666], [16.893079, 78.66113033333333], [16.893081166666665, 78.66112783333332], [16.893083666666666, 78.66112533333333], [16.893087166666664, 78.66112316666666], [16.893091833333337, 78.66112116666666], [16.893097666666666, 78.66111933333333], [16.893103333333332, 78.66111766666667], [16.89310983333333, 78.66111616666667], [16.8931165, 78.66111483333334], [16.89312333333333, 78.66111366666668], [16.89313083333333, 78.66111299999999], [16.893138166666667, 78.66111216666667], [16.893145, 78.6611115], [16.8931515, 78.66111116666666], [16.893157499999997, 78.66111116666666], [16.893163166666668, 78.66111133333334], [16.893168166666666, 78.66111166666666], [16.8931735, 78.661112], [16.893177666666666, 78.66111266666667], [16.89318216666667, 78.66111316666667], [16.89318666666667, 78.66111383333333], [16.893191, 78.6611145], [16.893195666666667, 78.66111533333333], [16.89319983333333, 78.66111616666667], [16.893204333333333, 78.661117], [16.893208666666666, 78.66111783333334], [16.893213666666668, 78.66111866666667], [16.893218666666666, 78.6611195], [16.893223499999998, 78.6611205], [16.893228500000003, 78.66112133333333], [16.8932335, 78.66112216666667], [16.8932385, 78.661123], [16.893243833333333, 78.66112383333333], [16.893248833333335, 78.66112466666667], [16.893253833333333, 78.6611255], [16.893259, 78.6611265], [16.893264166666665, 78.66112733333333], [16.893269166666666, 78.66112833333334], [16.893274333333334, 78.66112916666665], [16.893279333333332, 78.66113016666667], [16.893284333333334, 78.66113116666666], [16.893289166666666, 78.661132], [16.893294166666667, 78.661133], [16.893299333333335, 78.66113383333332], [16.893304333333333, 78.66113483333334], [16.893309166666665, 78.66113583333335], [16.893314, 78.66113683333333], [16.89331866666667, 78.66113783333334], [16.89332316666667, 78.66113883333334], [16.893327666666668, 78.66113983333334], [16.89333183333333, 78.661141], [16.89333583333333, 78.661142], [16.89333966666667, 78.66114316666668], [16.893343833333333, 78.66114416666666], [16.893348166666666, 78.66114516666667], [16.8933525, 78.66114633333333], [16.893356666666666, 78.66114733333333], [16.89336066666667, 78.66114850000001], [16.893364666666667, 78.66114966666667], [16.893368833333334, 78.66115066666666], [16.893372666666668, 78.66115183333334], [16.893376666666665, 78.66115283333333], [16.893380333333333, 78.661154], [16.893383833333335, 78.66115516666667], [16.893387333333333, 78.66115633333334], [16.89339066666667, 78.6611575], [16.893393833333334, 78.66115866666668], [16.893396833333334, 78.66115983333334], [16.893400166666666, 78.66116099999999], [16.893403666666664, 78.66116216666666], [16.893406833333334, 78.66116333333333], [16.893409833333333, 78.6611645], [16.893412833333333, 78.66116583333334], [16.893416, 78.66116699999999], [16.89341883333333, 78.66116816666666], [16.8934215, 78.66116933333333], [16.893424166666666, 78.66117066666668], [16.893426666666667, 78.66117200000001], [16.893429333333334, 78.66117316666667], [16.893432166666667, 78.6611745], [16.893435, 78.66117566666667], [16.893437833333333, 78.661177], [16.8934405, 78.66117833333332], [16.893443166666668, 78.66117966666667], [16.89344583333333, 78.661181], [16.893448499999998, 78.66118233333333], [16.893451000000002, 78.66118366666666], [16.893453166666667, 78.66118499999999], [16.893455333333335, 78.6611865], [16.8934575, 78.661188], [16.8934595, 78.66118933333334], [16.893461666666667, 78.66119066666667], [16.893463333333333, 78.661192], [16.893465, 78.66119333333333], [16.893466666666665, 78.6611945], [16.893468166666665, 78.66119583333334], [16.8934695, 78.66119699999999], [16.893470666666666, 78.66119833333333], [16.893471833333333, 78.66119950000001], [16.89347283333333, 78.66120066666667], [16.893473833333335, 78.661202], [16.89347466666667, 78.66120299999999], [16.893475666666667, 78.66120416666666], [16.893476500000002, 78.66120516666666], [16.89347766666667, 78.66120616666667], [16.893478666666667, 78.661207], [16.893479666666668, 78.661208], [16.893480333333333, 78.661209], [16.89348066666667, 78.66121], [16.893481, 78.66121083333334], [16.893481166666668, 78.66121183333333], [16.8934815, 78.66121266666667], [16.893481666666666, 78.66121366666667], [16.8934815, 78.6612145], [16.8934815, 78.66121533333333], [16.893481333333334, 78.66121616666666], [16.893481, 78.66121700000001], [16.893480833333335, 78.66121783333332], [16.89348066666667, 78.66121866666667], [16.893480333333333, 78.66121933333334], [16.893480333333333, 78.66122], [16.89348, 78.66122083333333], [16.893479833333334, 78.6612215], [16.893479666666668, 78.66122216666666], [16.8934795, 78.66122266666666], [16.893479333333335, 78.66122333333333], [16.893479333333335, 78.66122399999999], [16.893479333333335, 78.66122449999999], [16.893479, 78.661225], [16.8934785, 78.6612255], [16.893478, 78.661226], [16.893477833333336, 78.66122633333333], [16.8934775, 78.66122683333333], [16.893477166666667, 78.66122733333333], [16.893477, 78.661228], [16.89347666666667, 78.66122833333334], [16.89347616666667, 78.66122883333334], [16.893475833333333, 78.66122916666667], [16.893475333333335, 78.66122966666667], [16.893474833333336, 78.66122999999999], [16.893474333333334, 78.6612305], [16.89347366666667, 78.66123083333333], [16.89347316666667, 78.66123116666667], [16.89347283333333, 78.66123166666667], [16.893472666666664, 78.661232], [16.89347233333333, 78.66123233333333], [16.893471833333333, 78.66123266666666], [16.89347133333333, 78.661233], [16.893470666666666, 78.66123316666668], [16.893470166666667, 78.6612335], [16.8934695, 78.66123383333334], [16.893469, 78.66123416666666], [16.89346833333333, 78.6612345], [16.893468, 78.66123483333334], [16.893467666666666, 78.66123516666667], [16.893467166666667, 78.66123533333332], [16.893466666666665, 78.66123566666667], [16.893466, 78.66123599999999], [16.89346533333333, 78.66123633333333], [16.893464666666667, 78.66123666666667], [16.893464166666668, 78.661237], [16.8934635, 78.66123733333333], [16.893463333333333, 78.6612375], [16.893463166666667, 78.66123783333335], [16.893462833333334, 78.661238], [16.893462166666666, 78.66123833333333], [16.8934615, 78.66123850000001], [16.893461, 78.66123883333333], [16.8934605, 78.66123916666668], [16.89345966666667, 78.66123933333333], [16.893458833333334, 78.66123966666667], [16.89345816666667, 78.66123983333334], [16.893457833333333, 78.66124016666666], [16.893457666666666, 78.6612405], [16.893457166666668, 78.66124066666666], [16.893456333333333, 78.66124083333334], [16.893455833333334, 78.661241], [16.893455333333335, 78.66124133333332], [16.893454666666667, 78.6612415], [16.893454000000002, 78.66124166666667], [16.89345366666667, 78.66124199999999], [16.893453166666667, 78.66124216666667], [16.89345266666667, 78.6612425], [16.89345216666667, 78.66124283333333], [16.8934515, 78.661243], [16.893451000000002, 78.66124333333333], [16.893450499999997, 78.6612435], [16.89344983333333, 78.66124366666666], [16.893448999999997, 78.661244], [16.893448333333332, 78.66124416666666], [16.893447666666667, 78.66124450000001], [16.89344733333333, 78.66124466666666], [16.893447, 78.661245], [16.8934465, 78.66124516666667], [16.893445666666665, 78.66124533333333], [16.893444833333334, 78.66124533333333], [16.893444, 78.66124566666667], [16.893443333333334, 78.66124583333334], [16.8934425, 78.66124599999999], [16.893441833333334, 78.66124616666666], [16.89344133333333, 78.66124633333334], [16.893440666666667, 78.66124666666666], [16.893440166666668, 78.66124683333334], [16.893439666666666, 78.661247], [16.893439, 78.66124716666667], [16.893438333333332, 78.66124733333332], [16.893437666666667, 78.6612475], [16.893437, 78.6612475], [16.893436333333334, 78.66124766666667], [16.89343566666667, 78.66124783333333], [16.893435166666666, 78.66124799999999], [16.893434833333334, 78.66124816666667], [16.893434333333335, 78.66124833333333], [16.893433333333334, 78.66124833333333], [16.893432333333333, 78.6612485], [16.893431333333336, 78.66124866666668], [16.893430666666667, 78.66124883333333], [16.893430333333335, 78.661249], [16.89342966666667, 78.66124916666666], [16.893428833333335, 78.66124916666666], [16.893427999999997, 78.66124933333334], [16.89342733333333, 78.6612495], [16.893426833333333, 78.66124966666666], [16.893426166666664, 78.66124983333334], [16.893425166666667, 78.66125000000001], [16.893424166666666, 78.66125016666666], [16.89342333333333, 78.66125033333333], [16.893422833333332, 78.66125050000001], [16.893422333333334, 78.66125050000001], [16.893421666666665, 78.66125066666667], [16.893421, 78.66125083333333], [16.89342033333333, 78.661251], [16.8934195, 78.66125116666667], [16.89341883333333, 78.66125133333334], [16.893418, 78.66125149999999], [16.893417333333332, 78.66125149999999], [16.893416833333333, 78.66125166666667], [16.893416333333334, 78.66125166666667], [16.89341616666667, 78.66125166666667], [16.893416, 78.66125166666667], [16.893415666666666, 78.66125166666667], [16.893415, 78.66125166666667], [16.8934145, 78.66125183333334], [16.893414, 78.66125183333334], [16.8934135, 78.661252], [16.89341316666667, 78.661252], [16.8934125, 78.661252], [16.893412166666668, 78.661252], [16.893412, 78.661252], [16.8934115, 78.661252], [16.893411, 78.661252], [16.893410333333335, 78.661252], [16.893409833333333, 78.66125216666666], [16.8934095, 78.66125216666666], [16.893408833333336, 78.66125216666666], [16.893408, 78.66125216666666], [16.893407333333336, 78.66125233333334], [16.893407, 78.66125233333334], [16.893406833333334, 78.66125233333334], [16.8934065, 78.66125233333334], [16.89340566666667, 78.6612525], [16.89340483333333, 78.6612525], [16.8934045, 78.6612525], [16.893404166666667, 78.6612525], [16.893403666666664, 78.6612525], [16.893403166666666, 78.6612525], [16.893402666666667, 78.6612525], [16.893402166666664, 78.66125266666667], [16.893401833333332, 78.6612525], [16.8934015, 78.66125266666667], [16.893400999999997, 78.66125266666667], [16.893400166666666, 78.66125266666667], [16.89339933333333, 78.66125283333334], [16.893398833333332, 78.66125283333334], [16.8933985, 78.66125283333334], [16.893398166666667, 78.66125283333334], [16.89339783333333, 78.66125283333334], [16.893397333333333, 78.66125283333334], [16.893397, 78.66125283333334], [16.893396499999998, 78.66125283333334], [16.893395833333333, 78.661253], [16.893395333333334, 78.661253], [16.893394666666666, 78.661253], [16.893394166666667, 78.66125316666667], [16.893393666666668, 78.66125316666667], [16.893393333333332, 78.66125333333333], [16.893392833333333, 78.66125333333333], [16.89339216666667, 78.66125333333333], [16.893391666666666, 78.6612535], [16.893391333333334, 78.6612535], [16.893390833333335, 78.66125366666667], [16.893390166666666, 78.66125366666667], [16.893389333333335, 78.66125383333333], [16.893388666666667, 78.66125383333333], [16.893388166666668, 78.661254], [16.893387833333335, 78.661254], [16.893387333333333, 78.66125416666667], [16.893386666666668, 78.66125416666667], [16.893386, 78.66125416666667], [16.893385333333335, 78.66125416666667], [16.893384833333336, 78.66125433333333], [16.89338466666667, 78.66125433333333], [16.893384, 78.66125433333333], [16.893383333333336, 78.66125433333333], [16.89338283333333, 78.6612545], [16.893382499999998, 78.6612545], [16.893382166666665, 78.66125466666668], [16.893381833333333, 78.66125466666668], [16.893380999999998, 78.66125466666668], [16.893380166666667, 78.66125466666668], [16.893379666666664, 78.66125466666668], [16.893379333333332, 78.66125483333333], [16.893379166666666, 78.66125483333333], [16.893378666666667, 78.66125483333333], [16.893378, 78.661255], [16.8933775, 78.661255], [16.893376999999997, 78.66125516666666], [16.893376333333332, 78.66125516666666], [16.893375833333334, 78.66125516666666], [16.893375166666665, 78.66125533333334], [16.893374666666666, 78.66125533333334], [16.893374333333334, 78.66125533333334], [16.89337383333333, 78.66125533333334], [16.893373333333333, 78.6612555], [16.893372833333334, 78.6612555], [16.893372333333332, 78.6612555], [16.893372, 78.66125566666666], [16.893371166666668, 78.66125566666666], [16.8933705, 78.66125566666666], [16.89336966666667, 78.66125583333334], [16.893369333333332, 78.66125583333334], [16.893369, 78.66125583333334], [16.893368333333335, 78.66125600000001], [16.893367666666666, 78.66125600000001], [16.893366833333335, 78.66125600000001], [16.8933665, 78.66125616666666], [16.893366166666667, 78.66125616666666], [16.893365666666668, 78.66125616666666], [16.893365, 78.66125616666666], [16.893364166666668, 78.66125633333333], [16.89336366666667, 78.66125633333333], [16.893363166666667, 78.66125650000001], [16.893362833333335, 78.66125650000001], [16.893362333333336, 78.66125650000001], [16.8933615, 78.66125666666667], [16.893360833333336, 78.66125666666667], [16.893360166666664, 78.66125666666667], [16.8933595, 78.66125666666667], [16.893359, 78.66125683333333], [16.89335833333333, 78.66125683333333], [16.893357666666667, 78.66125699999999], [16.893356833333332, 78.66125716666667], [16.893356166666667, 78.66125716666667], [16.893355666666665, 78.66125716666667], [16.893355, 78.66125733333334], [16.89335433333333, 78.66125733333334], [16.893353666666666, 78.66125733333334], [16.893353, 78.66125749999999], [16.893352666666665, 78.66125749999999], [16.893352333333333, 78.66125749999999], [16.893351833333334, 78.66125766666667], [16.893351166666665, 78.66125766666667], [16.8933505, 78.66125783333334], [16.893349666666666, 78.66125783333334], [16.893348833333334, 78.66125783333334], [16.893348333333332, 78.66125783333334], [16.893347833333333, 78.66125783333334], [16.893347333333335, 78.661258], [16.893346666666666, 78.661258], [16.893346166666667, 78.661258], [16.89334566666667, 78.66125816666666], [16.893345166666666, 78.66125816666666], [16.893344333333335, 78.66125833333334], [16.893343666666667, 78.66125833333334], [16.893343, 78.6612585], [16.89334266666667, 78.6612585], [16.893342166666667, 78.6612585], [16.893341833333334, 78.6612585], [16.89334116666667, 78.6612585], [16.893340833333333, 78.66125866666667], [16.893340333333335, 78.66125866666667], [16.89333966666667, 78.66125866666667], [16.893339, 78.66125883333333], [16.89333816666667, 78.66125883333333], [16.893337499999998, 78.66125883333333], [16.893336833333333, 78.661259], [16.89333633333333, 78.661259], [16.89333583333333, 78.661259], [16.893335166666667, 78.661259], [16.893334666666664, 78.66125916666667], [16.893334166666666, 78.66125916666667], [16.893333666666667, 78.66125933333333], [16.893333166666665, 78.66125933333333], [16.893332333333333, 78.66125933333333], [16.893331666666665, 78.6612595], [16.893331, 78.66125966666667], [16.8933305, 78.66125966666667], [16.89333, 78.66125966666667], [16.8933295, 78.66125966666667], [16.893329166666668, 78.66125983333333], [16.893328666666665, 78.66125983333333], [16.893328333333333, 78.66126], [16.893327666666668, 78.66126], [16.893326833333333, 78.66126], [16.8933265, 78.66126], [16.893326333333334, 78.66126016666666], [16.893326166666668, 78.66126016666666], [16.893325333333333, 78.66126016666666], [16.893324500000002, 78.66126016666666], [16.893324, 78.66126033333333], [16.893323666666667, 78.66126033333333], [16.8933235, 78.6612605], [16.893322833333333, 78.6612605], [16.893322, 78.6612605], [16.893321166666666, 78.6612605], [16.893320833333334, 78.66126066666668], [16.893320666666668, 78.66126066666668], [16.89332016666667, 78.66126066666668], [16.893319333333334, 78.66126083333333], [16.893318500000003, 78.66126083333333], [16.893318, 78.66126083333333], [16.893317833333334, 78.66126083333333], [16.893317333333336, 78.661261], [16.893317000000003, 78.661261], [16.893316833333333, 78.66126116666666], [16.89331716666667, 78.66126133333334], [16.893318, 78.66126166666666], [16.893320000000003, 78.66126183333334], [16.893322166666668, 78.66126216666666], [16.89332466666667, 78.66126266666667], [16.893327833333334, 78.66126299999999], [16.893330833333334, 78.66126333333334], [16.893334, 78.66126349999999], [16.893337, 78.66126349999999], [16.893340000000002, 78.66126349999999], [16.893342, 78.66126349999999], [16.89334416666667, 78.66126333333334], [16.893346166666667, 78.66126316666667], [16.893348, 78.66126299999999], [16.893349833333332, 78.66126266666667], [16.893352166666666, 78.66126266666667], [16.893354, 78.6612625], [16.89335583333333, 78.6612625], [16.893358, 78.6612625], [16.893360166666664, 78.6612625], [16.893362500000002, 78.6612625], [16.893364833333333, 78.66126233333333], [16.893367333333334, 78.66126216666666], [16.893370166666667, 78.66126200000001], [16.893373333333333, 78.66126183333334], [16.893376, 78.6612615], [16.893378666666667, 78.66126116666666], [16.893381166666664, 78.661261], [16.893383500000002, 78.66126066666668], [16.893385833333333, 78.6612605], [16.893388333333334, 78.66126], [16.8933905, 78.6612595], [16.8933925, 78.66125916666667], [16.8933945, 78.66125883333333], [16.893396166666665, 78.6612585], [16.8933975, 78.66125816666666], [16.893398666666666, 78.661258], [16.893399833333334, 78.66125766666667], [16.893400999999997, 78.66125733333334], [16.89340233333333, 78.66125716666667], [16.893403499999998, 78.66125683333333], [16.89340483333333, 78.66125650000001], [16.893406000000002, 78.66125616666666], [16.89340716666667, 78.66125583333334], [16.893408, 78.6612555], [16.89340866666667, 78.66125533333334], [16.8934095, 78.661255], [16.89341016666667, 78.66125483333333], [16.893411, 78.66125466666668], [16.893411833333335, 78.6612545], [16.893412833333333, 78.66125416666667], [16.8934135, 78.661254], [16.893414333333332, 78.66125366666667], [16.893415166666667, 78.6612535], [16.893415666666666, 78.66125316666667], [16.893416, 78.661253], [16.8934165, 78.66125266666667], [16.893416833333333, 78.6612525], [16.893417166666666, 78.66125233333334], [16.893417666666668, 78.66125216666666], [16.893418166666667, 78.661252], [16.8934185, 78.66125183333334], [16.893418999999998, 78.66125149999999], [16.893419333333334, 78.66125133333334], [16.893419666666667, 78.66125116666667], [16.893419666666667, 78.66125083333333], [16.8934195, 78.66125066666667], [16.893419166666668, 78.66125050000001], [16.893419166666668, 78.66125033333333], [16.893419333333334, 78.66125033333333], [16.893419666666667, 78.66125016666666], [16.893419666666667, 78.66125000000001], [16.893419666666667, 78.66124966666666], [16.893419666666667, 78.6612495], [16.893419833333333, 78.66124916666666], [16.893419833333333, 78.661249], [16.893419833333333, 78.66124883333333], [16.8934195, 78.66124866666668], [16.893419333333334, 78.66124833333333], [16.893419333333334, 78.66124816666667], [16.893419666666667, 78.66124799999999], [16.89342, 78.66124783333333], [16.893420166666665, 78.66124766666667], [16.893420166666665, 78.66124733333332], [16.89342, 78.66124716666667], [16.893419833333333, 78.661247], [16.89342, 78.66124683333334], [16.893420166666665, 78.66124666666666], [16.893420166666665, 78.6612465], [16.893420166666665, 78.66124633333334], [16.89342, 78.66124599999999], [16.893420166666665, 78.66124583333334], [16.89342, 78.66124583333334], [16.89342, 78.66124566666667], [16.893419833333333, 78.66124549999999], [16.8934195, 78.66124516666667], [16.893419666666667, 78.661245], [16.893419833333333, 78.66124483333333], [16.89342, 78.66124466666666], [16.893420166666665, 78.66124450000001], [16.89342033333333, 78.66124433333333], [16.89342033333333, 78.66124433333333], [16.893420499999998, 78.66124416666666], [16.893420666666668, 78.661244], [16.893420833333334, 78.66124383333334], [16.893421, 78.66124366666666], [16.893421166666666, 78.6612435], [16.893421166666666, 78.66124333333333], [16.893421166666666, 78.66124316666667], [16.893421166666666, 78.66124316666667], [16.893421166666666, 78.661243], [16.893421166666666, 78.66124283333333], [16.893421, 78.66124283333333], [16.893421, 78.66124266666667], [16.893420833333334, 78.6612425], [16.893421, 78.66124233333333], [16.893421166666666, 78.66124216666667], [16.8934215, 78.66124199999999], [16.89342183333333, 78.66124183333334], [16.893421999999997, 78.66124183333334], [16.89342183333333, 78.66124166666667], [16.89342183333333, 78.6612415], [16.893421666666665, 78.6612415], [16.893421666666665, 78.66124133333332], [16.8934215, 78.66124116666667], [16.893421666666665, 78.661241], [16.8934215, 78.661241], [16.8934215, 78.66124083333334], [16.893421333333333, 78.66124083333334], [16.893421333333333, 78.66124083333334], [16.893421166666666, 78.66124066666666], [16.893421, 78.6612405], [16.893420833333334, 78.6612405], [16.893420666666668, 78.66124033333334], [16.893420499999998, 78.66124033333334], [16.89342033333333, 78.66124016666666], [16.893420166666665, 78.66123999999999], [16.893420166666665, 78.66123983333334], [16.89342, 78.66123983333334], [16.893419666666667, 78.66123966666667], [16.8934195, 78.66123966666667], [16.8934195, 78.6612395], [16.893419333333334, 78.66123933333333], [16.893419333333334, 78.66123933333333], [16.893419333333334, 78.66123916666668], [16.893419166666668, 78.661239], [16.893419166666668, 78.661239], [16.893418999999998, 78.66123883333333], [16.893418999999998, 78.66123866666666], [16.893418999999998, 78.66123866666666], [16.8934185, 78.66123850000001], [16.8934185, 78.66123833333333], [16.893418333333333, 78.66123833333333], [16.893418, 78.66123816666666], [16.893417833333334, 78.66123816666666], [16.893417666666668, 78.661238], [16.893417666666668, 78.661238], [16.893417499999998, 78.66123783333335], [16.893417166666666, 78.66123783333335], [16.893416833333333, 78.66123766666666], [16.8934165, 78.66123766666666], [16.89341616666667, 78.66123766666666], [16.893415833333332, 78.6612375], [16.8934155, 78.6612375], [16.893415166666667, 78.66123733333333], [16.893415, 78.66123733333333], [16.893414833333335, 78.66123716666667], [16.8934145, 78.661237], [16.893414333333332, 78.661237], [16.893414, 78.66123683333333], [16.893413666666667, 78.66123666666667], [16.893413333333335, 78.66123666666667], [16.893413, 78.66123666666667], [16.89341316666667, 78.6612365], [16.893412833333333, 78.6612365], [16.8934125, 78.66123633333333], [16.893412333333334, 78.66123616666667], [16.893412333333334, 78.66123616666667], [16.893412, 78.66123599999999], [16.893411333333333, 78.66123599999999], [16.893411, 78.66123583333334], [16.8934105, 78.66123583333334], [16.89341016666667, 78.66123566666667], [16.89341, 78.6612355], [16.893409833333333, 78.6612355], [16.893409666666667, 78.66123533333332], [16.893409333333334, 78.66123516666667], [16.893409000000002, 78.661235], [16.89340866666667, 78.661235], [16.893408333333333, 78.66123483333334], [16.893408, 78.66123483333334], [16.89340766666667, 78.66123483333334], [16.893407333333336, 78.66123466666666], [16.893407, 78.66123466666666], [16.893406666666667, 78.6612345], [16.893406333333335, 78.66123433333334], [16.893406000000002, 78.66123433333334], [16.893405499999997, 78.66123416666666], [16.893405166666664, 78.661234], [16.893404666666665, 78.661234], [16.893404333333333, 78.66123383333334], [16.893404166666667, 78.66123383333334], [16.893403999999997, 78.66123383333334], [16.893403666666664, 78.66123366666667], [16.893403166666666, 78.6612335], [16.893402666666667, 78.66123333333333], [16.89340233333333, 78.66123333333333], [16.893402166666664, 78.66123316666668], [16.893401833333332, 78.661233], [16.893401333333333, 78.661233], [16.893400999999997, 78.66123283333333], [16.8934005, 78.66123283333333], [16.893400166666666, 78.66123283333333], [16.893399833333334, 78.66123266666666], [16.893399499999997, 78.66123266666666], [16.89339933333333, 78.66123250000001], [16.893398666666666, 78.66123233333333], [16.893397999999998, 78.66123233333333], [16.8933975, 78.66123216666666], [16.893396833333334, 78.661232], [16.893396499999998, 78.661232], [16.89339633333333, 78.66123183333335], [16.893396, 78.66123183333335], [16.893395666666667, 78.66123166666667], [16.893395333333334, 78.66123166666667], [16.893394833333332, 78.6612315], [16.8933945, 78.66123133333333], [16.893393833333334, 78.66123133333333], [16.893393166666666, 78.66123116666667], [16.8933925, 78.66123116666667], [16.893391833333332, 78.661231], [16.893391666666666, 78.66123083333333], [16.8933915, 78.66123083333333], [16.893391333333334, 78.66123083333333], [16.893391, 78.66123066666667], [16.8933905, 78.6612305], [16.89339, 78.6612305], [16.893389333333335, 78.6612305], [16.893388666666667, 78.6612305], [16.893388, 78.66123033333334], [16.8933875, 78.66123033333334], [16.893387, 78.66123033333334], [16.893386500000002, 78.66123016666667], [16.893386333333336, 78.66123016666667], [16.89338616666667, 78.66123016666667], [16.893385666666667, 78.66122999999999], [16.893385000000002, 78.66122999999999], [16.8933845, 78.66122999999999], [16.893384166666667, 78.66122999999999], [16.893383833333335, 78.66122999999999], [16.893383333333336, 78.66122999999999], [16.893382666666664, 78.66122983333334], [16.893382166666665, 78.66122983333334], [16.893381666666667, 78.66122983333334], [16.893381166666664, 78.66122983333334], [16.8933805, 78.66122966666667], [16.893379999999997, 78.66122966666667], [16.893379166666666, 78.66122966666667], [16.893378666666667, 78.66122966666667], [16.893378166666665, 78.6612295], [16.893377666666666, 78.6612295], [16.8933775, 78.6612295], [16.893376999999997, 78.66122933333332], [16.8933765, 78.66122933333332], [16.893375833333334, 78.66122916666667], [16.893375166666665, 78.66122916666667], [16.8933745, 78.66122916666667], [16.893374166666668, 78.66122916666667], [16.893373666666665, 78.66122916666667], [16.893373166666667, 78.66122916666667], [16.893372833333334, 78.66122916666667], [16.893372166666666, 78.66122916666667], [16.893371666666667, 78.66122916666667], [16.893371166666668, 78.661229], [16.893370833333332, 78.661229], [16.893370333333333, 78.661229], [16.89336966666667, 78.661229], [16.893369, 78.661229], [16.893368333333335, 78.661229], [16.893368, 78.661229], [16.8933675, 78.661229], [16.893367166666668, 78.661229], [16.893366333333333, 78.661229], [16.893365833333334, 78.66122883333334], [16.893365333333335, 78.66122883333334], [16.893365, 78.66122866666666], [16.893364666666667, 78.66122866666666], [16.893363833333336, 78.66122866666666], [16.893363166666667, 78.66122866666666], [16.893362833333335, 78.66122866666666], [16.893362500000002, 78.66122866666666], [16.893362, 78.6612285], [16.8933615, 78.6612285], [16.893361000000002, 78.6612285], [16.893360499999996, 78.66122833333334], [16.893359999999998, 78.66122833333334], [16.8933595, 78.66122816666666], [16.893359166666666, 78.66122816666666], [16.89335883333333, 78.66122816666666], [16.893358499999998, 78.66122816666666], [16.893358, 78.66122816666666], [16.8933575, 78.661228], [16.893356999999998, 78.661228], [16.893356833333332, 78.66122783333334], [16.8933565, 78.66122783333334], [16.893356166666667, 78.66122766666668], [16.89335583333333, 78.6612275], [16.8933555, 78.66122733333333], [16.893355333333332, 78.66122733333333], [16.893355, 78.66122733333333], [16.893354666666667, 78.66122733333333], [16.89335433333333, 78.66122716666668], [16.893353833333332, 78.661227], [16.893353833333332, 78.661227], [16.893353666666666, 78.66122683333333], [16.8933535, 78.66122683333333], [16.893353333333334, 78.66122666666666], [16.89335283333333, 78.66122650000001], [16.893352333333333, 78.66122650000001], [16.893352166666666, 78.66122633333333], [16.893351666666668, 78.66122633333333], [16.8933515, 78.66122616666667], [16.893351166666665, 78.66122616666667], [16.893351, 78.661226], [16.893351, 78.66122583333335], [16.893350666666667, 78.66122583333335], [16.893350333333334, 78.66122566666667], [16.893349833333332, 78.66122566666667], [16.8933495, 78.6612255], [16.893349166666667, 78.66122533333333], [16.893348666666668, 78.66122516666665], [16.893348166666666, 78.66122516666665], [16.893347833333333, 78.661225], [16.8933475, 78.661225], [16.893347333333335, 78.661225], [16.893347333333335, 78.661225], [16.893347000000002, 78.66122483333334], [16.8933465, 78.66122483333334], [16.893345833333335, 78.66122466666667], [16.893345333333333, 78.66122449999999], [16.893345, 78.66122449999999], [16.8933445, 78.66122433333334], [16.893344333333335, 78.66122433333334], [16.893343833333333, 78.66122433333334], [16.8933435, 78.66122416666667], [16.893343333333334, 78.66122416666667], [16.893343, 78.66122399999999], [16.893342833333335, 78.66122399999999], [16.893342500000003, 78.66122399999999], [16.893342, 78.66122383333332], [16.893341333333336, 78.66122383333332], [16.893341000000003, 78.66122383333332], [16.893340666666667, 78.66122383333332], [16.89334016666667, 78.66122383333332], [16.89333966666667, 78.66122383333332], [16.893339166666667, 78.66122366666667], [16.89333866666667, 78.66122366666667], [16.893338333333336, 78.66122366666667], [16.89333783333333, 78.66122366666667], [16.893337, 78.66122366666667], [16.89333633333333, 78.66122366666667], [16.893335666666665, 78.66122366666667], [16.893335333333333, 78.66122366666667], [16.893335, 78.66122366666667], [16.893334333333332, 78.6612235], [16.893333666666667, 78.6612235], [16.893333166666665, 78.6612235], [16.893332666666666, 78.6612235], [16.893332, 78.6612235], [16.893331333333332, 78.66122333333333], [16.8933305, 78.66122333333333], [16.893329833333333, 78.66122333333333], [16.893329166666668, 78.66122333333333], [16.8933285, 78.66122333333333], [16.893327833333334, 78.6612235], [16.893327, 78.6612235], [16.893326166666668, 78.6612235], [16.893325333333333, 78.6612235], [16.89332466666667, 78.6612235], [16.893324, 78.6612235], [16.8933235, 78.6612235], [16.893323000000002, 78.6612235], [16.893322166666668, 78.6612235], [16.893321500000003, 78.66122366666667], [16.893320666666668, 78.66122366666667], [16.89332016666667, 78.66122366666667], [16.8933195, 78.66122366666667], [16.893318833333336, 78.66122366666667], [16.893318, 78.6612235], [16.893317333333336, 78.6612235], [16.893316833333333, 78.6612235], [16.8933165, 78.66122366666667], [16.893316000000002, 78.66122366666667], [16.893315166666664, 78.66122383333332], [16.8933145, 78.66122383333332], [16.893313499999998, 78.66122366666667], [16.893312666666667, 78.66122383333332], [16.893311999999998, 78.66122383333332], [16.893311333333333, 78.66122383333332], [16.893310666666665, 78.66122383333332], [16.893309833333333, 78.66122383333332], [16.893309166666665, 78.66122399999999], [16.893308666666666, 78.66122399999999], [16.893308166666667, 78.66122399999999], [16.893307666666665, 78.66122383333332], [16.893307, 78.66122383333332], [16.893306166666665, 78.66122383333332], [16.8933055, 78.66122383333332], [16.89330483333333, 78.66122383333332], [16.893304166666667, 78.66122383333332], [16.893303500000002, 78.66122383333332], [16.893303, 78.66122383333332], [16.893302333333335, 78.66122399999999], [16.8933015, 78.66122399999999], [16.893300833333335, 78.66122399999999], [16.8933, 78.66122399999999], [16.893299333333335, 78.66122399999999], [16.8932985, 78.66122399999999], [16.893297833333335, 78.66122399999999], [16.893297, 78.66122416666667], [16.89329616666667, 78.66122416666667], [16.8932955, 78.66122433333334], [16.893295000000002, 78.66122433333334], [16.893294166666667, 78.66122433333334], [16.893293333333336, 78.66122449999999], [16.89329283333333, 78.66122449999999], [16.89329233333333, 78.66122449999999], [16.893291833333333, 78.66122449999999], [16.89329133333333, 78.66122449999999], [16.893290666666665, 78.66122433333334], [16.89329, 78.66122433333334], [16.893289666666664, 78.66122433333334], [16.893289666666664, 78.66122449999999], [16.893289333333332, 78.66122449999999], [16.89328833333333, 78.66122449999999], [16.893287666666666, 78.66122449999999], [16.893287166666667, 78.66122449999999], [16.89328683333333, 78.66122449999999], [16.8932865, 78.66122449999999], [16.893285833333334, 78.66122449999999], [16.893285166666665, 78.66122449999999], [16.893284666666666, 78.66122449999999], [16.893284333333334, 78.66122449999999], [16.893284, 78.66122449999999], [16.89328383333333, 78.66122449999999], [16.8932835, 78.66122466666667], [16.893283, 78.66122449999999], [16.8932825, 78.66122449999999], [16.893282166666665, 78.66122466666667], [16.893281833333333, 78.66122466666667], [16.8932815, 78.66122466666667], [16.893281333333334, 78.66122466666667], [16.893280833333332, 78.66122466666667], [16.893280166666667, 78.66122466666667], [16.893279833333334, 78.66122466666667], [16.893279500000002, 78.66122483333334], [16.893279500000002, 78.66122466666667], [16.893279333333332, 78.66122466666667], [16.893278833333333, 78.66122466666667], [16.893278666666667, 78.66122466666667], [16.8932785, 78.66122466666667], [16.893278333333335, 78.66122466666667], [16.893278333333335, 78.66122466666667], [16.89327816666667, 78.66122466666667], [16.893278000000002, 78.66122483333334], [16.893277666666666, 78.66122483333334], [16.8932775, 78.66122483333334], [16.8932775, 78.66122483333334], [16.893277666666666, 78.66122466666667], [16.893277666666666, 78.66122466666667], [16.8932775, 78.66122466666667], [16.893277166666667, 78.66122466666667], [16.893277166666667, 78.66122466666667], [16.893276833333335, 78.66122466666667], [16.893276833333335, 78.66122483333334], [16.89327666666667, 78.66122483333334], [16.893276500000002, 78.66122466666667], [16.893276333333333, 78.66122466666667], [16.893276500000002, 78.66122466666667], [16.89327666666667, 78.66122449999999], [16.893276833333335, 78.66122449999999], [16.893276500000002, 78.66122449999999], [16.893276166666666, 78.66122449999999], [16.893276, 78.66122449999999], [16.893276, 78.66122466666667], [16.893276166666666, 78.66122466666667], [16.893276166666666, 78.66122466666667], [16.893276166666666, 78.66122466666667], [16.893276166666666, 78.66122449999999], [16.893276333333333, 78.66122449999999], [16.893276500000002, 78.66122449999999], [16.893276333333333, 78.66122433333334], [16.893276, 78.66122433333334], [16.893275666666668, 78.66122433333334], [16.89327516666667, 78.66122449999999], [16.893275000000003, 78.66122449999999], [16.893275000000003, 78.66122449999999], [16.893275000000003, 78.66122449999999], [16.893274833333333, 78.66122449999999], [16.893274666666667, 78.66122449999999], [16.893274833333333, 78.66122433333334], [16.893275000000003, 78.66122433333334], [16.893274666666667, 78.66122449999999], [16.893274166666668, 78.66122449999999], [16.89327366666667, 78.66122449999999], [16.89327366666667, 78.66122449999999], [16.893273833333335, 78.66122449999999], [16.893273833333335, 78.66122449999999], [16.89327366666667, 78.66122449999999], [16.893273333333333, 78.66122433333334], [16.893273, 78.66122433333334], [16.893272833333334, 78.66122433333334], [16.893272833333334, 78.66122449999999], [16.893272666666668, 78.66122449999999], [16.893272000000003, 78.66122449999999], [16.893271333333335, 78.66122466666667], [16.89327116666667, 78.66122466666667], [16.893271000000002, 78.66122466666667], [16.893271000000002, 78.66122449999999], [16.89327033333333, 78.66122466666667], [16.893269333333333, 78.66122466666667], [16.89326883333333, 78.66122483333334], [16.893268166666665, 78.66122483333334], [16.893267833333333, 78.661225], [16.89326733333333, 78.661225], [16.893266666666666, 78.661225], [16.893266, 78.661225], [16.8932655, 78.661225], [16.893265, 78.66122516666665], [16.893264833333333, 78.66122516666665], [16.89326433333333, 78.66122516666665], [16.893263666666666, 78.66122533333333], [16.893263, 78.66122533333333], [16.893262333333332, 78.6612255], [16.893262, 78.6612255], [16.89326133333333, 78.6612255], [16.893260666666666, 78.6612255], [16.89325983333333, 78.66122566666667], [16.893259333333333, 78.66122566666667], [16.893258833333334, 78.66122566666667], [16.893258333333332, 78.66122583333335], [16.893258, 78.66122583333335], [16.8932575, 78.66122583333335], [16.893256833333332, 78.661226], [16.893256, 78.661226], [16.893255333333332, 78.66122616666667], [16.893254666666667, 78.66122616666667], [16.89325416666667, 78.66122633333333], [16.893253666666666, 78.66122633333333], [16.893253166666668, 78.66122633333333], [16.893252500000003, 78.66122650000001], [16.893251833333334, 78.66122650000001], [16.8932515, 78.66122666666666], [16.893251333333335, 78.66122666666666], [16.893250666666667, 78.66122683333333], [16.893250000000002, 78.661227], [16.893249166666667, 78.661227], [16.893248500000002, 78.66122716666668], [16.893248000000003, 78.66122716666668], [16.893247499999998, 78.66122716666668], [16.893246833333333, 78.66122733333333], [16.893245999999998, 78.66122733333333], [16.8932455, 78.66122733333333], [16.893245, 78.6612275], [16.893244666666664, 78.6612275], [16.893244166666666, 78.66122766666668], [16.893243666666667, 78.66122766666668], [16.893242833333332, 78.66122766666668], [16.893242333333333, 78.66122766666668], [16.89324183333333, 78.66122766666668], [16.893241666666665, 78.66122766666668], [16.893241333333332, 78.66122783333334], [16.893240833333333, 78.66122783333334], [16.89324033333333, 78.66122783333334], [16.893239833333332, 78.661228], [16.893239666666666, 78.661228], [16.8932395, 78.661228], [16.893239166666667, 78.66122816666666], [16.8932385, 78.66122816666666], [16.893237833333334, 78.66122816666666], [16.8932375, 78.66122816666666], [16.89323733333333, 78.66122816666666], [16.893237166666665, 78.66122833333334], [16.893236833333333, 78.66122833333334], [16.893236166666668, 78.6612285], [16.893235666666666, 78.6612285], [16.893235333333333, 78.66122866666666], [16.893235166666667, 78.66122866666666], [16.893234666666668, 78.66122866666666], [16.893234166666666, 78.66122866666666], [16.8932335, 78.66122866666666], [16.893233000000002, 78.66122866666666], [16.8932325, 78.66122866666666], [16.893232333333334, 78.66122866666666], [16.893231833333335, 78.66122883333334], [16.893231166666666, 78.66122883333334], [16.893230333333335, 78.661229], [16.8932295, 78.66122916666667], [16.893228833333335, 78.66122916666667], [16.893228333333333, 78.66122916666667], [16.893227666666668, 78.66122933333332], [16.893226833333333, 78.66122933333332], [16.89322616666667, 78.66122933333332], [16.89322566666667, 78.6612295], [16.893224999999997, 78.6612295], [16.893224666666665, 78.6612295], [16.89322383333333, 78.66122966666667], [16.893223166666665, 78.66122966666667], [16.893222666666666, 78.66122966666667], [16.893222166666664, 78.66122966666667], [16.8932215, 78.66122983333334], [16.893221, 78.66122983333334], [16.893220499999998, 78.66122983333334], [16.893219833333333, 78.66122999999999], [16.89321933333333, 78.66122999999999], [16.893218833333332, 78.66122999999999], [16.893218, 78.66123016666667], [16.893217333333332, 78.66123016666667], [16.893216666666667, 78.66123033333334], [16.893216166666665, 78.66123033333334], [16.8932155, 78.6612305], [16.893215166666668, 78.6612305], [16.8932145, 78.6612305], [16.893213833333334, 78.66123066666667], [16.893213166666666, 78.66123066666667], [16.8932125, 78.66123066666667], [16.893211833333332, 78.66123083333333], [16.893210833333335, 78.66123083333333], [16.893209833333334, 78.661231], [16.893209000000002, 78.661231], [16.893208333333334, 78.661231], [16.893207500000003, 78.661231], [16.893206833333334, 78.661231], [16.893206000000003, 78.66123116666667], [16.893205166666668, 78.66123116666667], [16.893204500000003, 78.66123116666667], [16.89320366666667, 78.66123116666667], [16.893203000000003, 78.66123116666667], [16.893202166666665, 78.66123133333333], [16.8932015, 78.66123133333333], [16.893200999999998, 78.6612315], [16.893200166666666, 78.6612315], [16.893199666666664, 78.6612315], [16.893198833333333, 78.66123166666667], [16.893198166666664, 78.66123166666667], [16.893197666666666, 78.66123166666667], [16.893197166666667, 78.66123183333335], [16.893196666666665, 78.66123183333335], [16.893196333333332, 78.66123183333335], [16.893195833333333, 78.66123183333335], [16.89319533333333, 78.66123183333335], [16.893194833333332, 78.66123183333335], [16.893194166666667, 78.66123183333335], [16.893193333333333, 78.66123183333335], [16.893192833333334, 78.661232], [16.89319233333333, 78.661232], [16.893191666666667, 78.66123216666666], [16.893190833333332, 78.66123233333333], [16.893190166666667, 78.66123233333333], [16.893189333333332, 78.66123250000001], [16.893188666666667, 78.66123266666666], [16.893188000000002, 78.66123266666666], [16.8931875, 78.66123266666666], [16.893186833333335, 78.66123266666666], [16.893186166666666, 78.66123250000001], [16.893185666666668, 78.66123266666666], [16.8931855, 78.66123250000001], [16.89318516666667, 78.66123250000001], [16.893185000000003, 78.66123250000001], [16.8931845, 78.66123250000001], [16.893184, 78.66123250000001], [16.893183500000003, 78.66123233333333], [16.893182833333334, 78.66123233333333], [16.89318216666667, 78.66123233333333], [16.893181666666667, 78.66123233333333], [16.89318116666667, 78.66123233333333], [16.89318066666667, 78.66123233333333], [16.893179999999997, 78.66123216666666], [16.8931795, 78.66123233333333], [16.89317883333333, 78.66123233333333], [16.893178166666665, 78.66123233333333], [16.893177833333333, 78.66123216666666], [16.893177166666664, 78.66123216666666], [16.893176333333333, 78.66123216666666], [16.893175499999998, 78.66123233333333], [16.893174833333333, 78.66123233333333], [16.893174166666665, 78.66123233333333], [16.893173666666666, 78.66123233333333], [16.893173166666667, 78.66123233333333], [16.8931725, 78.66123233333333], [16.893171833333334, 78.66123233333333], [16.893171, 78.66123250000001], [16.893170666666666, 78.66123250000001], [16.893170166666668, 78.66123250000001], [16.893169333333333, 78.66123250000001], [16.8931685, 78.66123250000001], [16.893167666666667, 78.66123266666666], [16.893167000000002, 78.66123266666666], [16.893166333333333, 78.66123266666666], [16.89316566666667, 78.66123283333333], [16.893164833333334, 78.66123283333333], [16.893163833333332, 78.661233], [16.893163, 78.661233], [16.893162166666666, 78.66123316666668], [16.8931615, 78.66123316666668], [16.893160833333333, 78.66123333333333], [16.893160166666668, 78.66123333333333], [16.893159166666667, 78.66123333333333], [16.893158333333336, 78.6612335], [16.893157166666665, 78.6612335], [16.893156166666664, 78.6612335], [16.8931555, 78.66123366666667], [16.89315433333333, 78.66123366666667], [16.893153166666664, 78.66123383333334], [16.893152166666667, 78.66123383333334], [16.893151333333332, 78.661234], [16.893150833333333, 78.66123416666666], [16.89315, 78.66123416666666], [16.893149, 78.66123433333334], [16.893147833333334, 78.66123433333334], [16.893146666666667, 78.6612345], [16.893145666666666, 78.6612345], [16.893145, 78.6612345], [16.893144166666666, 78.66123466666666], [16.893143333333335, 78.66123466666666], [16.893142666666666, 78.66123483333334], [16.893142166666667, 78.66123483333334], [16.893141333333332, 78.661235], [16.8931405, 78.661235], [16.893139666666666, 78.661235], [16.893138833333335, 78.661235], [16.893138500000003, 78.661235], [16.8931375, 78.66123516666667], [16.893137000000003, 78.66123516666667], [16.893136333333334, 78.66123516666667], [16.893135500000003, 78.66123516666667], [16.893134666666665, 78.66123516666667], [16.89313383333333, 78.66123516666667], [16.893133166666665, 78.66123516666667], [16.893131999999998, 78.66123516666667], [16.893131166666667, 78.66123533333332], [16.893130333333332, 78.66123533333332], [16.8931295, 78.66123533333332], [16.8931285, 78.66123533333332], [16.893127666666665, 78.66123533333332], [16.893126833333334, 78.66123533333332], [16.893125833333333, 78.66123533333332], [16.893125, 78.66123533333332], [16.893124, 78.66123533333332], [16.893123, 78.66123533333332], [16.893121833333332, 78.66123533333332], [16.893120833333334, 78.66123516666667], [16.89312, 78.66123516666667], [16.893119000000002, 78.66123516666667], [16.893118, 78.66123516666667], [16.893116666666668, 78.66123516666667], [16.8931155, 78.661235], [16.89311466666667, 78.661235], [16.893113666666668, 78.661235], [16.89311283333333, 78.66123483333334], [16.893111666666666, 78.66123483333334], [16.89311083333333, 78.66123483333334], [16.89310983333333, 78.66123483333334], [16.893108666666667, 78.66123483333334], [16.8931075, 78.66123483333334], [16.893106166666666, 78.66123483333334], [16.893104833333332, 78.66123483333334], [16.893103333333332, 78.66123483333334], [16.89310233333333, 78.66123483333334], [16.8931015, 78.66123483333334], [16.8931005, 78.66123483333334], [16.8930995, 78.66123483333334], [16.893097833333336, 78.661235], [16.893096833333335, 78.661235], [16.893095666666667, 78.661235], [16.8930945, 78.661235], [16.893093166666667, 78.661235], [16.893091666666667, 78.661235], [16.89309066666667, 78.661235], [16.8930895, 78.66123483333334], [16.89308833333333, 78.66123483333334], [16.893087333333334, 78.66123483333334], [16.893086166666667, 78.661235], [16.893085, 78.661235], [16.893083833333332, 78.66123483333334], [16.893082666666665, 78.66123483333334], [16.893081666666667, 78.66123483333334], [16.893080833333332, 78.66123483333334], [16.893080166666667, 78.66123466666666], [16.893079166666666, 78.66123466666666], [16.893078333333335, 78.66123466666666], [16.893077333333334, 78.66123466666666], [16.8930765, 78.66123466666666], [16.893075666666668, 78.66123466666666], [16.893074833333333, 78.6612345], [16.893074000000002, 78.6612345], [16.893073166666667, 78.6612345], [16.893072333333336, 78.6612345], [16.893071666666668, 78.6612345], [16.89307116666667, 78.6612345], [16.8930705, 78.66123433333334], [16.89307, 78.66123433333334], [16.893069500000003, 78.66123433333334], [16.893068666666668, 78.66123433333334], [16.893068000000003, 78.66123416666666], [16.89306733333333, 78.66123416666666], [16.893066666666666, 78.66123416666666], [16.893065999999997, 78.66123416666666], [16.893065333333332, 78.661234], [16.893064833333334, 78.661234], [16.89306433333333, 78.661234], [16.8930635, 78.66123383333334], [16.893062999999998, 78.66123383333334], [16.893062333333333, 78.66123383333334], [16.893061499999998, 78.66123383333334], [16.893061, 78.66123383333334], [16.893060666666667, 78.66123383333334], [16.893060166666665, 78.66123383333334], [16.893059666666666, 78.66123383333334], [16.893059166666667, 78.66123366666667], [16.893058666666665, 78.66123366666667], [16.893058166666666, 78.6612335], [16.893057666666667, 78.6612335], [16.893057166666665, 78.6612335], [16.893056833333333, 78.6612335], [16.893056166666668, 78.6612335], [16.893055666666665, 78.66123333333333], [16.893055333333333, 78.66123333333333], [16.893055, 78.66123316666668], [16.893054333333335, 78.66123316666668], [16.893053666666667, 78.66123316666668], [16.893053000000002, 78.66123316666668], [16.893052666666666, 78.66123316666668], [16.893052333333333, 78.661233], [16.893052, 78.661233], [16.893051500000002, 78.661233], [16.893051333333336, 78.661233], [16.893051, 78.661233], [16.893050833333334, 78.66123283333333], [16.893050666666667, 78.66123283333333], [16.893050333333335, 78.661233], [16.893049833333336, 78.661233], [16.893049666666666, 78.661233], [16.893049666666666, 78.66123283333333], [16.893049666666666, 78.66123283333333], [16.893049666666666, 78.66123283333333], [16.893049333333334, 78.66123283333333], [16.893049333333334, 78.66123283333333], [16.893049333333334, 78.66123283333333], [16.893049666666666, 78.66123283333333], [16.893049666666666, 78.66123283333333], [16.893049833333336, 78.66123283333333], [16.8930495, 78.66123283333333], [16.8930495, 78.66123283333333], [16.893049333333334, 78.66123266666666], [16.893049333333334, 78.66123266666666], [16.893049166666668, 78.66123266666666], [16.893049, 78.66123266666666], [16.893048833333335, 78.66123266666666], [16.893048500000003, 78.66123266666666], [16.893048333333336, 78.66123266666666], [16.893048166666667, 78.66123266666666], [16.893048, 78.66123266666666], [16.893047666666668, 78.66123250000001], [16.8930475, 78.66123250000001], [16.893047333333335, 78.66123250000001], [16.89304716666667, 78.66123250000001], [16.893047000000003, 78.66123250000001], [16.893046833333337, 78.66123250000001], [16.893046666666667, 78.66123250000001], [16.893046333333334, 78.66123250000001], [16.893046166666668, 78.66123250000001], [16.893045833333336, 78.66123266666666], [16.893045833333336, 78.66123250000001], [16.893045833333336, 78.66123250000001], [16.893045833333336, 78.66123250000001], [16.893045333333337, 78.66123250000001], [16.893044999999997, 78.66123250000001], [16.893044666666665, 78.66123250000001], [16.8930445, 78.66123233333333], [16.893044333333332, 78.66123233333333], [16.893044, 78.66123233333333], [16.893043666666664, 78.66123233333333], [16.893043166666665, 78.66123233333333], [16.893043, 78.66123216666666], [16.893042833333332, 78.661232], [16.893042333333334, 78.661232], [16.89304183333333, 78.661232], [16.8930415, 78.661232], [16.893041333333333, 78.661232], [16.893041, 78.661232], [16.893040833333334, 78.66123183333335], [16.893040499999998, 78.66123183333335], [16.893040166666665, 78.66123183333335], [16.893039833333333, 78.66123183333335], [16.893039333333334, 78.66123183333335], [16.893038666666666, 78.66123183333335], [16.893038333333333, 78.66123183333335], [16.893038, 78.66123166666667], [16.893037666666665, 78.66123166666667], [16.893037333333332, 78.66123166666667], [16.893037166666666, 78.66123166666667], [16.893037166666666, 78.66123166666667], [16.893036666666667, 78.66123166666667], [16.893036333333335, 78.6612315], [16.8930355, 78.6612315], [16.893034833333335, 78.6612315], [16.893034333333333, 78.6612315], [16.893034333333333, 78.6612315], [16.893034, 78.6612315], [16.893033833333334, 78.6612315], [16.893033666666668, 78.6612315], [16.893033166666665, 78.6612315], [16.893032833333333, 78.6612315], [16.8930325, 78.6612315], [16.893032166666668, 78.6612315], [16.893031833333335, 78.66123133333333], [16.8930315, 78.66123133333333], [16.893031, 78.66123133333333], [16.893031, 78.66123133333333], [16.893031166666667, 78.6612315], [16.893030833333334, 78.6612315], [16.893030666666668, 78.6612315], [16.893030166666666, 78.6612315], [16.893029833333333, 78.6612315], [16.893029666666667, 78.6612315], [16.8930295, 78.6612315], [16.893029333333335, 78.6612315], [16.893029333333335, 78.6612315], [16.893029000000002, 78.6612315], [16.893029000000002, 78.6612315], [16.893028833333336, 78.6612315], [16.893028333333334, 78.66123133333333], [16.893028, 78.66123133333333], [16.893028, 78.66123133333333], [16.893028, 78.66123133333333], [16.893028, 78.66123116666667], [16.893027833333335, 78.66123116666667], [16.89302766666667, 78.66123133333333], [16.893027500000002, 78.66123133333333], [16.893027333333336, 78.66123133333333], [16.893027166666666, 78.6612315], [16.893027, 78.6612315], [16.893026833333334, 78.6612315], [16.893026833333334, 78.6612315], [16.893026833333334, 78.6612315], [16.893026833333334, 78.66123166666667], [16.8930265, 78.66123166666667], [16.89302616666667, 78.66123166666667], [16.893025833333336, 78.66123166666667], [16.8930255, 78.66123166666667], [16.893025166666668, 78.66123166666667], [16.89302466666667, 78.66123183333335], [16.893024500000003, 78.66123183333335], [16.893024166666667, 78.66123183333335], [16.893023833333334, 78.66123166666667], [16.893023333333336, 78.66123183333335], [16.893023000000003, 78.66123166666667], [16.89302233333333, 78.66123166666667], [16.893021833333332, 78.66123183333335], [16.893021166666664, 78.66123166666667], [16.8930205, 78.66123166666667], [16.89302, 78.66123166666667], [16.89301933333333, 78.66123166666667], [16.893019166666665, 78.66123166666667], [16.893018666666666, 78.66123166666667], [16.893018333333334, 78.66123166666667], [16.893018166666664, 78.66123166666667], [16.89301783333333, 78.66123166666667], [16.893017666666665, 78.66123166666667], [16.8930175, 78.66123166666667], [16.893017166666667, 78.66123166666667], [16.893016833333334, 78.66123166666667], [16.893016499999998, 78.66123166666667], [16.893016166666666, 78.66123166666667], [16.893016166666666, 78.6612315], [16.893015833333333, 78.6612315], [16.8930155, 78.6612315], [16.893014833333332, 78.6612315], [16.8930145, 78.6612315], [16.893013833333335, 78.6612315], [16.893013333333332, 78.6612315], [16.893012833333334, 78.6612315], [16.8930125, 78.6612315], [16.893012, 78.6612315], [16.8930115, 78.6612315], [16.893011, 78.6612315], [16.893010666666665, 78.6612315], [16.893010166666667, 78.6612315], [16.893009666666668, 78.6612315], [16.893009, 78.66123166666667], [16.8930085, 78.66123166666667], [16.893008000000002, 78.66123166666667], [16.893007333333333, 78.66123166666667], [16.893007, 78.66123166666667], [16.89300666666667, 78.66123166666667], [16.893006166666666, 78.66123166666667], [16.8930055, 78.66123166666667], [16.893005000000002, 78.66123166666667], [16.893004666666666, 78.66123166666667], [16.893004, 78.66123183333335], [16.893003500000003, 78.66123166666667], [16.893003166666666, 78.66123183333335], [16.893002666666668, 78.66123183333335], [16.89300216666667, 78.66123183333335], [16.893001833333336, 78.66123183333335], [16.893001333333334, 78.66123183333335], [16.893000833333335, 78.66123183333335], [16.893000166666663, 78.66123183333335], [16.89299983333333, 78.661232], [16.892999333333332, 78.661232], [16.892998666666664, 78.661232], [16.89299833333333, 78.661232], [16.892997833333332, 78.661232], [16.892997333333334, 78.661232], [16.892996666666665, 78.66123216666666], [16.892995833333334, 78.66123216666666], [16.89299533333333, 78.66123216666666], [16.892994666666667, 78.66123233333333], [16.892994166666664, 78.66123233333333], [16.8929935, 78.66123233333333], [16.892993, 78.66123250000001], [16.892992666666665, 78.66123250000001], [16.892992333333332, 78.66123250000001], [16.892991666666667, 78.66123250000001], [16.892990833333332, 78.66123250000001], [16.89299, 78.66123250000001], [16.892989166666666, 78.66123250000001], [16.8929885, 78.66123250000001], [16.892988, 78.66123250000001], [16.8929875, 78.66123266666666], [16.892987, 78.66123266666666], [16.892986666666665, 78.66123266666666], [16.892986166666667, 78.66123266666666], [16.892985333333336, 78.66123266666666], [16.892984666666667, 78.66123266666666], [16.892983666666666, 78.66123266666666], [16.892982833333335, 78.66123266666666], [16.892982333333336, 78.66123266666666], [16.892981666666667, 78.66123283333333], [16.89298116666667, 78.66123283333333], [16.8929805, 78.66123283333333], [16.892979833333335, 78.66123283333333], [16.892979, 78.66123266666666], [16.89297816666667, 78.66123266666666], [16.89297733333333, 78.66123283333333], [16.8929765, 78.66123283333333], [16.89297583333333, 78.66123283333333], [16.892975166666666, 78.66123266666666], [16.892974666666664, 78.66123266666666], [16.892974166666665, 78.66123283333333], [16.892973833333333, 78.66123283333333], [16.892973333333334, 78.66123283333333], [16.892972666666665, 78.66123283333333], [16.892972166666667, 78.66123283333333], [16.892971499999998, 78.66123283333333], [16.892970833333333, 78.661233], [16.8929705, 78.661233], [16.892969833333332, 78.661233], [16.8929695, 78.661233], [16.892969, 78.661233], [16.892968666666665, 78.66123316666668], [16.892968333333332, 78.66123316666668], [16.892967833333334, 78.66123316666668], [16.892967333333335, 78.66123316666668], [16.892966833333332, 78.66123316666668], [16.8929665, 78.66123333333333], [16.892966166666668, 78.66123333333333], [16.892965666666665, 78.66123316666668], [16.892965166666666, 78.66123333333333], [16.892964666666668, 78.66123333333333], [16.892964333333335, 78.6612335], [16.892963833333333, 78.66123366666667], [16.8929635, 78.6612335], [16.892963333333334, 78.6612335], [16.892963166666668, 78.66123366666667], [16.892962833333335, 78.6612335], [16.892962333333333, 78.66123366666667], [16.892961666666668, 78.6612335], [16.892961333333336, 78.6612335], [16.892960833333333, 78.6612335], [16.8929605, 78.66123366666667], [16.892960000000002, 78.66123366666667], [16.892959333333334, 78.66123366666667], [16.892959, 78.66123366666667], [16.89295866666667, 78.66123366666667], [16.892958333333336, 78.66123383333334], [16.892958, 78.66123383333334], [16.8929575, 78.66123383333334], [16.892957000000003, 78.66123383333334], [16.8929565, 78.66123383333334], [16.892956, 78.661234], [16.892955333333337, 78.66123416666666], [16.89295483333333, 78.66123416666666], [16.892954333333332, 78.66123416666666], [16.892954333333332, 78.66123433333334], [16.892954, 78.66123433333334], [16.892953833333333, 78.6612345], [16.89295333333333, 78.6612345], [16.892952666666666, 78.66123466666666], [16.892951999999998, 78.66123483333334], [16.8929515, 78.66123483333334], [16.892951, 78.661235], [16.892950833333334, 78.66123516666667], [16.892950666666664, 78.66123516666667], [16.892950499999998, 78.66123516666667], [16.892950166666665, 78.66123516666667], [16.892949666666667, 78.66123533333332], [16.892948999999998, 78.66123533333332], [16.8929485, 78.6612355], [16.892948166666667, 78.6612355], [16.892947833333334, 78.6612355], [16.892947666666664, 78.6612355], [16.892947333333332, 78.66123566666667], [16.892947166666666, 78.66123566666667], [16.892946666666667, 78.66123566666667], [16.892946166666665, 78.66123583333334], [16.8929455, 78.66123583333334], [16.892945, 78.66123583333334], [16.892944333333332, 78.66123583333334], [16.892943833333334, 78.66123599999999], [16.892943333333335, 78.66123616666667], [16.892942833333333, 78.66123633333333], [16.8929425, 78.6612365], [16.892942, 78.6612365], [16.8929415, 78.6612365], [16.892941, 78.66123666666667], [16.89294, 78.66123683333333], [16.892939333333334, 78.661237], [16.892938666666666, 78.661237], [16.892938166666667, 78.66123716666667], [16.89293766666667, 78.66123733333333], [16.892937333333336, 78.6612375], [16.892937, 78.66123766666666], [16.8929365, 78.66123783333335], [16.892935833333336, 78.66123783333335], [16.892935, 78.661238], [16.892934166666667, 78.66123816666666], [16.892933333333335, 78.66123833333333], [16.892932666666663, 78.66123850000001], [16.892931833333332, 78.66123850000001], [16.892931333333333, 78.66123866666666], [16.892930999999997, 78.66123883333333], [16.892930666666665, 78.66123883333333], [16.89293, 78.661239], [16.892929166666665, 78.661239], [16.8929285, 78.66123916666668], [16.892927999999998, 78.66123933333333], [16.8929275, 78.66123933333333], [16.892926666666664, 78.6612395], [16.892926, 78.6612395], [16.8929255, 78.6612395], [16.892924999999998, 78.66123966666667], [16.892924333333333, 78.66123983333334], [16.892923666666665, 78.66123983333334], [16.892922833333333, 78.66123999999999], [16.892922166666665, 78.66123999999999], [16.892921666666666, 78.66124016666666], [16.892921, 78.66124016666666], [16.892920166666666, 78.66124033333334], [16.892919333333335, 78.66124033333334], [16.8929185, 78.66124033333334], [16.892917833333335, 78.66124033333334], [16.892917333333333, 78.6612405], [16.892916666666668, 78.6612405], [16.892916, 78.66124033333334], [16.892915666666667, 78.66124033333334], [16.89291516666667, 78.6612405], [16.8929145, 78.6612405], [16.892913833333335, 78.6612405], [16.892913, 78.6612405], [16.8929125, 78.6612405], [16.89291216666667, 78.6612405], [16.892911833333336, 78.66124066666666], [16.892911333333334, 78.66124066666666], [16.892910833333335, 78.66124066666666], [16.892910166666663, 78.66124066666666], [16.8929095, 78.66124066666666], [16.892909, 78.66124066666666], [16.89290833333333, 78.66124083333334], [16.892907666666666, 78.66124066666666], [16.892906999999997, 78.66124066666666], [16.8929065, 78.66124066666666], [16.892906166666666, 78.66124066666666], [16.892905666666664, 78.66124066666666], [16.892905, 78.66124066666666], [16.892904333333334, 78.66124066666666], [16.892903999999998, 78.66124066666666], [16.8929035, 78.66124066666666], [16.892903166666667, 78.66124066666666], [16.892902499999998, 78.66124066666666], [16.892902, 78.6612405], [16.892901666666667, 78.6612405], [16.8929015, 78.6612405], [16.8929015, 78.6612405], [16.892901, 78.6612405], [16.892900666666666, 78.66124033333334], [16.892900333333333, 78.66124033333334], [16.8929, 78.66124033333334], [16.8928995, 78.66124016666666], [16.892899, 78.66124016666666], [16.892898666666667, 78.66124016666666], [16.8928985, 78.66123999999999], [16.892898166666665, 78.66123999999999], [16.892897833333333, 78.66123999999999], [16.892897166666668, 78.66123999999999], [16.892896833333335, 78.66123999999999], [16.8928965, 78.66123983333334], [16.892896, 78.66123983333334], [16.8928955, 78.66123966666667], [16.892895166666666, 78.66123966666667], [16.892894833333333, 78.66123966666667], [16.8928945, 78.66123966666667], [16.892894000000002, 78.6612395], [16.892893666666666, 78.6612395], [16.892893166666667, 78.6612395], [16.892892833333335, 78.6612395], [16.892892500000002, 78.66123933333333], [16.892892166666666, 78.66123933333333], [16.8928915, 78.66123933333333], [16.892890833333336, 78.66123933333333], [16.892890333333334, 78.66123916666668], [16.892890166666668, 78.66123916666668], [16.892889833333335, 78.66123916666668], [16.892889500000003, 78.66123916666668], [16.892889166666667, 78.66123916666668], [16.892888833333334, 78.661239], [16.8928885, 78.661239], [16.892888000000003, 78.661239], [16.892887499999997, 78.661239], [16.892886999999998, 78.661239], [16.8928865, 78.661239], [16.892886166666663, 78.661239], [16.89288583333333, 78.661239], [16.8928855, 78.661239], [16.892885, 78.661239], [16.892884499999997, 78.661239], [16.892884, 78.661239], [16.8928835, 78.661239], [16.892883166666664, 78.66123916666668], [16.892882666666665, 78.66123916666668], [16.892882166666666, 78.66123916666668], [16.892881666666664, 78.66123916666668], [16.892881166666665, 78.66123933333333], [16.892880666666667, 78.66123933333333], [16.892880166666664, 78.6612395], [16.892879833333332, 78.6612395], [16.892879333333333, 78.6612395], [16.892879166666667, 78.66123966666667], [16.892878833333334, 78.66123966666667], [16.892878333333332, 78.66123983333334], [16.892877833333333, 78.66123983333334], [16.8928775, 78.66123983333334], [16.892877, 78.66123999999999], [16.892876666666666, 78.66124016666666], [16.8928765, 78.66124016666666], [16.892875833333335, 78.66124016666666], [16.892875333333333, 78.66124033333334], [16.892874666666668, 78.66124033333334], [16.892874, 78.6612405], [16.8928735, 78.6612405], [16.892873, 78.6612405], [16.892872666666666, 78.66124066666666], [16.8928725, 78.66124066666666], [16.892872, 78.66124083333334], [16.892871500000002, 78.66124083333334], [16.892870833333333, 78.661241], [16.892870333333335, 78.661241], [16.892869833333336, 78.66124116666667], [16.8928695, 78.66124116666667], [16.892869, 78.66124116666667], [16.892868833333335, 78.66124133333332], [16.892868500000002, 78.66124133333332], [16.892868, 78.6612415], [16.8928675, 78.6612415], [16.892866833333336, 78.6612415], [16.892866166666668, 78.6612415], [16.892866, 78.6612415], [16.892865500000003, 78.66124166666667], [16.892865166666663, 78.66124166666667], [16.89286483333333, 78.66124166666667], [16.892864166666666, 78.66124166666667], [16.892863666666663, 78.66124183333334], [16.89286333333333, 78.66124183333334], [16.892862666666666, 78.66124183333334], [16.892862166666664, 78.66124183333334], [16.892861333333332, 78.66124183333334], [16.892861, 78.66124183333334], [16.892860666666664, 78.66124199999999], [16.89286033333333, 78.66124199999999], [16.892859666666666, 78.66124199999999], [16.892859166666664, 78.66124199999999], [16.89285883333333, 78.66124199999999], [16.892858166666667, 78.66124199999999], [16.892857666666664, 78.66124199999999], [16.892856833333333, 78.66124216666667], [16.892856333333334, 78.66124216666667], [16.892855666666666, 78.66124216666667], [16.892855, 78.66124216666667], [16.8928545, 78.66124216666667], [16.8928535, 78.66124216666667], [16.892853, 78.66124216666667], [16.8928525, 78.66124216666667], [16.892851833333335, 78.66124216666667], [16.892851, 78.66124233333333], [16.89285, 78.66124233333333], [16.892849333333334, 78.66124233333333], [16.892849000000002, 78.66124233333333], [16.892848166666667, 78.66124233333333], [16.892847500000002, 78.66124233333333], [16.892846833333333, 78.66124233333333], [16.892846333333335, 78.66124233333333], [16.892846000000002, 78.66124233333333], [16.8928455, 78.66124233333333], [16.89284466666667, 78.66124233333333], [16.892843833333334, 78.66124216666667], [16.89284316666667, 78.66124216666667], [16.892842499999997, 78.66124233333333], [16.892842166666664, 78.66124233333333], [16.892841666666666, 78.66124216666667], [16.892840999999997, 78.66124216666667], [16.892840333333332, 78.66124216666667], [16.892839666666664, 78.66124216666667], [16.892839166666665, 78.66124216666667], [16.892838666666666, 78.66124216666667], [16.892838166666667, 78.66124216666667], [16.8928375, 78.66124199999999], [16.892837, 78.66124199999999], [16.892836499999998, 78.66124199999999], [16.892836, 78.66124199999999], [16.8928355, 78.66124199999999], [16.892834833333332, 78.66124199999999], [16.892834333333333, 78.66124199999999], [16.892833833333334, 78.66124199999999], [16.8928335, 78.66124183333334], [16.892833166666666, 78.66124183333334], [16.892832666666667, 78.66124183333334], [16.892832, 78.66124183333334], [16.8928315, 78.66124183333334], [16.892831, 78.66124183333334], [16.892830833333335, 78.66124166666667], [16.8928305, 78.66124166666667], [16.892830333333333, 78.66124166666667], [16.892830333333333, 78.66124166666667], [16.89283, 78.66124166666667], [16.892829333333335, 78.66124166666667], [16.8928285, 78.66124166666667], [16.892828, 78.66124166666667], [16.89282766666667, 78.66124183333334], [16.892827333333333, 78.66124166666667], [16.892826833333334, 78.66124166666667], [16.89282616666667, 78.66124166666667], [16.892825833333333, 78.66124166666667], [16.8928255, 78.66124166666667], [16.892825000000002, 78.66124183333334], [16.8928245, 78.66124183333334], [16.892824, 78.66124166666667], [16.89282366666667, 78.66124166666667], [16.892823333333336, 78.66124166666667], [16.892822833333334, 78.66124166666667], [16.89282216666667, 78.66124183333334], [16.8928215, 78.66124166666667], [16.892821, 78.66124166666667], [16.89282066666667, 78.66124183333334], [16.89282016666667, 78.66124183333334], [16.892819666666664, 78.66124183333334], [16.892819333333332, 78.66124183333334], [16.892819, 78.66124183333334], [16.892818499999997, 78.66124183333334], [16.892817833333332, 78.66124183333334], [16.892817166666667, 78.66124183333334], [16.892816666666665, 78.66124183333334], [16.892816333333332, 78.66124183333334], [16.892815666666667, 78.66124183333334], [16.89281533333333, 78.66124183333334], [16.892815, 78.66124183333334], [16.892814833333333, 78.66124183333334], [16.8928145, 78.66124183333334], [16.892814166666668, 78.66124166666667], [16.892813999999998, 78.66124166666667], [16.892813666666665, 78.66124166666667], [16.892813666666665, 78.66124166666667], [16.892813333333333, 78.66124166666667], [16.892812833333334, 78.66124166666667], [16.892812499999998, 78.66124166666667], [16.892812166666666, 78.66124166666667], [16.892812166666666, 78.66124183333334], [16.892812, 78.66124183333334], [16.892811666666667, 78.66124166666667], [16.892811333333334, 78.66124166666667], [16.892811, 78.66124166666667], [16.892810833333332, 78.66124166666667], [16.892810666666666, 78.66124166666667], [16.892810166666667, 78.66124166666667], [16.892809833333335, 78.66124166666667], [16.89280966666667, 78.6612415], [16.8928095, 78.6612415], [16.892809166666666, 78.6612415], [16.892808833333333, 78.6612415], [16.892808666666667, 78.6612415], [16.892808333333335, 78.66124133333332], [16.89280816666667, 78.66124133333332], [16.892807833333332, 78.66124133333332], [16.8928075, 78.66124133333332], [16.892807333333334, 78.66124133333332], [16.892807166666667, 78.66124133333332], [16.89280666666667, 78.66124116666667], [16.892806166666666, 78.66124116666667], [16.892806, 78.66124116666667], [16.892805833333334, 78.66124116666667], [16.892805333333335, 78.661241], [16.892805, 78.661241], [16.8928045, 78.661241], [16.892804, 78.66124083333334], [16.892804, 78.66124083333334], [16.892803833333335, 78.66124083333334], [16.892803333333333, 78.66124083333334], [16.892802833333334, 78.66124066666666], [16.892802333333336, 78.66124066666666], [16.892802, 78.6612405], [16.892801666666667, 78.6612405], [16.892801333333335, 78.6612405], [16.892801000000002, 78.6612405], [16.8928005, 78.66124033333334], [16.892800166666667, 78.66124033333334], [16.89279966666667, 78.66124033333334], [16.89279916666667, 78.66124033333334], [16.892798833333334, 78.66124033333334], [16.892798333333335, 78.66124033333334], [16.89279816666667, 78.66124016666666], [16.892798000000003, 78.66124016666666], [16.892797833333336, 78.66124016666666], [16.892797833333336, 78.66123999999999], [16.892797499999997, 78.66123999999999], [16.892796999999998, 78.66123999999999], [16.892796666666666, 78.66123999999999], [16.8927965, 78.66123999999999], [16.892796333333333, 78.66123999999999], [16.892795999999997, 78.66123983333334], [16.8927955, 78.66123983333334], [16.892795166666666, 78.66123983333334], [16.892794833333333, 78.66123983333334], [16.892794499999997, 78.66123966666667], [16.892794, 78.66123966666667], [16.892793333333334, 78.66123966666667], [16.89279283333333, 78.66123966666667], [16.892792333333333, 78.6612395], [16.892792, 78.6612395], [16.892792, 78.6612395], [16.892791833333334, 78.6612395], [16.892791499999998, 78.66123933333333], [16.892791166666665, 78.66123916666668], [16.892790833333333, 78.66123916666668], [16.892790333333334, 78.66123916666668], [16.89278983333333, 78.66123916666668], [16.8927895, 78.66123916666668], [16.892789, 78.66123916666668], [16.892788666666668, 78.66123916666668], [16.892788333333332, 78.661239], [16.892788333333332, 78.661239], [16.892788, 78.661239], [16.892787666666667, 78.661239], [16.892787, 78.66123883333333], [16.892786333333333, 78.66123883333333], [16.89278566666667, 78.66123883333333], [16.892785333333332, 78.66123883333333], [16.892785, 78.66123883333333], [16.892784833333334, 78.66123883333333], [16.892784666666667, 78.66123883333333], [16.89278416666667, 78.66123866666666], [16.892783833333333, 78.66123866666666], [16.8927835, 78.66123866666666], [16.892783, 78.66123866666666], [16.8927825, 78.66123850000001], [16.892782, 78.66123850000001], [16.892781833333334, 78.66123850000001], [16.892781666666668, 78.66123850000001], [16.8927815, 78.66123850000001], [16.892781, 78.66123850000001], [16.8927805, 78.66123833333333], [16.892779833333336, 78.66123833333333], [16.892779166666667, 78.66123833333333], [16.892778500000002, 78.66123833333333], [16.892777833333334, 78.66123833333333], [16.892777333333335, 78.66123816666666], [16.892776833333336, 78.66123816666666], [16.892776333333334, 78.66123816666666], [16.892775833333335, 78.661238], [16.892775333333336, 78.661238], [16.89277483333333, 78.661238], [16.892774166666666, 78.66123783333335], [16.892773666666667, 78.66123783333335], [16.892773, 78.66123783333335], [16.892772666666666, 78.66123783333335], [16.892772333333333, 78.66123783333335], [16.892771999999997, 78.66123766666666], [16.892771333333332, 78.66123766666666], [16.892770666666667, 78.66123766666666], [16.892770166666665, 78.66123766666666], [16.892769833333332, 78.6612375], [16.892769333333334, 78.66123766666666], [16.892768999999998, 78.66123766666666], [16.8927685, 78.6612375], [16.892768166666666, 78.6612375], [16.892767499999998, 78.6612375], [16.892767, 78.6612375], [16.8927665, 78.6612375], [16.892766166666668, 78.6612375], [16.8927655, 78.66123733333333], [16.892765, 78.66123733333333], [16.8927645, 78.66123733333333], [16.892764166666666, 78.66123733333333], [16.892763666666667, 78.66123733333333], [16.89276316666667, 78.66123733333333], [16.8927625, 78.66123733333333], [16.89276166666667, 78.66123733333333], [16.892761333333333, 78.66123733333333], [16.892760833333334, 78.66123733333333], [16.892760333333335, 78.66123733333333], [16.8927595, 78.66123733333333], [16.892758833333335, 78.66123716666667], [16.89275866666667, 78.66123716666667], [16.892758333333333, 78.66123733333333], [16.892758, 78.66123733333333], [16.892757500000002, 78.66123716666667], [16.892756666666667, 78.66123716666667], [16.89275616666667, 78.66123716666667], [16.892755833333336, 78.66123716666667], [16.8927555, 78.66123716666667], [16.892755333333334, 78.66123716666667], [16.892754833333335, 78.661237], [16.892754333333336, 78.661237], [16.892754, 78.661237], [16.892753666666668, 78.661237], [16.8927535, 78.661237], [16.892753000000003, 78.661237], [16.89275266666667, 78.661237], [16.892752166666664, 78.661237], [16.89275183333333, 78.661237], [16.8927515, 78.661237], [16.892751166666667, 78.661237], [16.8927505, 78.661237], [16.892749666666667, 78.661237], [16.892749, 78.661237], [16.892748666666666, 78.661237], [16.892748166666667, 78.661237], [16.8927475, 78.661237], [16.892746499999998, 78.661237], [16.892745833333333, 78.661237], [16.892745166666668, 78.661237], [16.8927445, 78.661237], [16.892743833333334, 78.661237], [16.892743166666666, 78.661237], [16.8927425, 78.661237], [16.892741666666666, 78.661237], [16.892741, 78.661237], [16.892740333333332, 78.661237], [16.89274, 78.661237], [16.8927395, 78.661237], [16.892738833333333, 78.661237], [16.892738, 78.66123683333333], [16.892737333333333, 78.66123683333333], [16.892736666666668, 78.66123683333333], [16.892736333333335, 78.66123683333333], [16.892735833333333, 78.66123683333333], [16.892735166666668, 78.66123683333333], [16.892735000000002, 78.66123683333333], [16.8927345, 78.66123683333333], [16.892734, 78.66123683333333], [16.892733500000002, 78.66123683333333], [16.892732833333334, 78.66123683333333], [16.892732333333335, 78.66123683333333], [16.892732000000002, 78.66123683333333], [16.8927315, 78.66123683333333], [16.892731166666668, 78.66123683333333], [16.89273066666667, 78.66123683333333], [16.89273016666667, 78.66123683333333], [16.892729666666664, 78.66123683333333], [16.892728833333333, 78.66123683333333], [16.89272833333333, 78.66123683333333], [16.892727666666666, 78.66123683333333], [16.892727166666667, 78.66123683333333], [16.892726333333332, 78.66123683333333], [16.892725666666667, 78.66123683333333], [16.892725166666665, 78.66123683333333], [16.8927245, 78.66123683333333], [16.892723999999998, 78.66123683333333], [16.8927235, 78.66123683333333], [16.892723, 78.66123683333333], [16.89272233333333, 78.66123683333333], [16.892721666666667, 78.66123683333333], [16.892721166666668, 78.66123683333333], [16.8927205, 78.66123683333333], [16.892720166666667, 78.66123683333333], [16.892719833333334, 78.66123683333333], [16.892719666666668, 78.66123683333333], [16.892719, 78.66123683333333], [16.892718333333335, 78.66123683333333], [16.892718, 78.66123683333333], [16.892717333333334, 78.66123683333333], [16.892717, 78.66123683333333], [16.8927165, 78.66123683333333], [16.892716333333333, 78.66123683333333], [16.892716, 78.66123683333333], [16.892715666666668, 78.66123666666667], [16.892715, 78.66123666666667], [16.8927145, 78.66123666666667], [16.892714166666668, 78.66123666666667], [16.89271366666667, 78.66123666666667], [16.892713166666667, 78.66123666666667], [16.892712666666668, 78.66123666666667], [16.892711833333333, 78.6612365], [16.892711333333335, 78.66123666666667], [16.892710833333336, 78.66123666666667], [16.892710333333333, 78.66123666666667], [16.892709833333335, 78.66123666666667], [16.892709333333336, 78.66123666666667], [16.892708833333334, 78.6612365], [16.892708333333335, 78.6612365], [16.892707833333336, 78.66123666666667], [16.892707499999997, 78.66123666666667], [16.892706999999998, 78.66123666666667], [16.892706666666665, 78.66123666666667], [16.892705999999997, 78.66123666666667], [16.892705499999998, 78.66123666666667], [16.892704833333333, 78.66123666666667], [16.892704499999997, 78.66123666666667], [16.892704166666665, 78.66123666666667], [16.8927035, 78.66123683333333], [16.89270283333333, 78.66123666666667], [16.892702166666666, 78.66123666666667], [16.892701666666667, 78.66123666666667], [16.892701166666665, 78.66123666666667], [16.8927005, 78.66123666666667], [16.892699999999998, 78.66123666666667], [16.8926995, 78.66123666666667], [16.892699166666667, 78.66123666666667], [16.892698666666668, 78.66123666666667], [16.892698166666666, 78.66123666666667], [16.892697833333333, 78.66123666666667], [16.892697666666667, 78.66123666666667], [16.892697166666668, 78.66123666666667], [16.892696666666666, 78.66123666666667], [16.892696, 78.66123666666667], [16.8926955, 78.66123666666667], [16.892694833333334, 78.66123666666667], [16.892694333333335, 78.66123666666667], [16.892694, 78.66123666666667], [16.8926935, 78.66123683333333], [16.892693333333334, 78.66123666666667], [16.892692833333335, 78.66123666666667], [16.892692333333333, 78.66123666666667], [16.892691833333334, 78.66123683333333], [16.8926915, 78.66123683333333], [16.892691, 78.66123683333333], [16.892690166666668, 78.66123683333333], [16.89268966666667, 78.66123683333333], [16.8926895, 78.66123683333333], [16.892689, 78.66123683333333], [16.89268866666667, 78.66123683333333], [16.89268816666667, 78.66123683333333], [16.8926875, 78.66123683333333], [16.89268716666667, 78.66123683333333], [16.892687000000002, 78.66123683333333], [16.8926865, 78.661237], [16.892686, 78.661237], [16.892685500000002, 78.661237], [16.89268516666667, 78.661237], [16.89268483333333, 78.661237], [16.892684499999998, 78.661237], [16.892684166666665, 78.661237], [16.892683666666667, 78.661237], [16.892683499999997, 78.661237], [16.892683166666664, 78.661237], [16.892682666666666, 78.66123716666667], [16.892682166666667, 78.66123716666667], [16.89268183333333, 78.66123716666667], [16.8926815, 78.66123716666667], [16.892681, 78.66123733333333], [16.892680666666667, 78.66123733333333], [16.892680166666665, 78.66123733333333], [16.892679666666666, 78.66123733333333], [16.892679166666667, 78.66123733333333], [16.89267883333333, 78.66123733333333], [16.892678166666666, 78.6612375], [16.892677666666668, 78.6612375], [16.892677, 78.6612375], [16.8926765, 78.6612375], [16.892675999999998, 78.6612375], [16.892675666666666, 78.6612375], [16.892675166666667, 78.66123766666666], [16.892674833333334, 78.66123766666666], [16.892674166666666, 78.66123766666666], [16.892673833333333, 78.66123766666666], [16.892673333333335, 78.66123766666666], [16.892672833333332, 78.66123783333335], [16.892672166666667, 78.66123783333335], [16.89267166666667, 78.66123783333335], [16.892671333333332, 78.66123783333335], [16.892670833333334, 78.66123783333335], [16.892670333333335, 78.66123783333335], [16.89267, 78.66123783333335], [16.892669333333334, 78.66123783333335], [16.892668833333335, 78.661238], [16.892668, 78.661238], [16.8926675, 78.661238], [16.892666833333333, 78.661238], [16.892666333333334, 78.66123816666666], [16.892665833333336, 78.66123816666666], [16.892665333333333, 78.66123816666666], [16.892665, 78.66123816666666], [16.892664500000002, 78.66123816666666], [16.89266416666667, 78.66123833333333], [16.892663833333334, 78.66123833333333], [16.8926635, 78.66123833333333], [16.89266316666667, 78.66123833333333], [16.89266266666667, 78.66123833333333], [16.892662166666664, 78.66123833333333], [16.892661666666665, 78.66123850000001], [16.8926615, 78.66123850000001], [16.892661333333333, 78.66123850000001], [16.89266083333333, 78.66123850000001], [16.892660666666664, 78.66123866666666], [16.892660499999998, 78.66123866666666], [16.892660166666666, 78.66123866666666], [16.89266, 78.66123866666666], [16.892659499999997, 78.66123866666666], [16.892659, 78.66123883333333], [16.892658666666666, 78.66123883333333], [16.8926585, 78.66123883333333], [16.892657999999997, 78.66123883333333], [16.8926575, 78.66123883333333], [16.892657166666666, 78.66123883333333], [16.892656833333334, 78.66123883333333], [16.892656833333334, 78.66123883333333], [16.89265633333333, 78.661239], [16.892656, 78.661239], [16.892655666666666, 78.661239], [16.892655166666668, 78.661239], [16.89265483333333, 78.661239], [16.8926545, 78.66123916666668], [16.892654166666667, 78.66123916666668], [16.892653833333334, 78.66123933333333], [16.89265333333333, 78.66123933333333], [16.892652833333333, 78.66123933333333], [16.892652666666667, 78.66123933333333], [16.892652333333334, 78.6612395], [16.892652, 78.6612395], [16.8926515, 78.6612395], [16.892651, 78.6612395], [16.8926505, 78.6612395], [16.892650166666666, 78.66123966666667], [16.892649833333333, 78.66123966666667], [16.892649333333335, 78.66123983333334], [16.892649, 78.66123983333334], [16.892648666666666, 78.66123983333334], [16.892648333333334, 78.66123983333334], [16.892648166666667, 78.66123983333334], [16.89264766666667, 78.66123999999999], [16.892646833333334, 78.66123983333334], [16.892646, 78.66123999999999], [16.892645666666667, 78.66123999999999], [16.892645666666667, 78.66124016666666], [16.892645333333334, 78.66124016666666], [16.892645, 78.66124016666666], [16.8926445, 78.66124016666666], [16.892644166666667, 78.66124016666666], [16.892643833333334, 78.66124033333334], [16.892643500000002, 78.66124033333334], [16.892643, 78.6612405], [16.892642333333335, 78.6612405], [16.89264166666667, 78.6612405], [16.892641333333334, 78.66124066666666], [16.892641, 78.66124066666666], [16.892640500000002, 78.66124083333334], [16.89264016666667, 78.66124083333334], [16.892639499999998, 78.66124083333334], [16.892638833333333, 78.661241], [16.892638166666664, 78.661241], [16.8926375, 78.66124116666667], [16.89263683333333, 78.66124116666667], [16.892636333333332, 78.66124133333332], [16.892635666666667, 78.66124133333332], [16.892635, 78.66124133333332], [16.8926345, 78.66124133333332], [16.892634333333334, 78.6612415], [16.89263383333333, 78.6612415], [16.892633166666666, 78.66124166666667], [16.892632666666668, 78.66124166666667], [16.892632166666665, 78.66124166666667], [16.892631833333333, 78.66124166666667], [16.892631666666666, 78.66124183333334], [16.8926315, 78.66124199999999], [16.892630999999998, 78.66124199999999], [16.8926305, 78.66124199999999], [16.89263, 78.66124199999999], [16.892629666666668, 78.66124216666667], [16.892629499999998, 78.66124216666667], [16.892629, 78.66124233333333], [16.8926285, 78.66124233333333], [16.892628, 78.6612425], [16.8926275, 78.6612425], [16.892627, 78.66124266666667], [16.892626166666666, 78.66124266666667], [16.892625333333335, 78.66124266666667], [16.892624666666666, 78.66124283333333], [16.892624, 78.661243], [16.8926235, 78.661243], [16.892622833333334, 78.66124316666667], [16.892622, 78.66124316666667], [16.892621000000002, 78.66124333333333], [16.892620333333333, 78.66124333333333], [16.89261966666667, 78.6612435], [16.89261916666667, 78.6612435], [16.892618333333335, 78.66124366666666], [16.892618000000002, 78.66124366666666], [16.892617499999997, 78.66124366666666], [16.892616666666665, 78.66124383333334], [16.892615999999997, 78.66124383333334], [16.892615499999998, 78.66124383333334], [16.892614833333333, 78.661244], [16.89261433333333, 78.661244], [16.8926135, 78.661244], [16.89261283333333, 78.66124416666666], [16.892612166666666, 78.66124416666666], [16.892611499999997, 78.66124433333333], [16.892611, 78.66124433333333], [16.892610333333334, 78.66124433333333], [16.89260983333333, 78.66124433333333], [16.892609166666666, 78.66124450000001], [16.892608666666668, 78.66124450000001], [16.892608166666665, 78.66124450000001], [16.8926075, 78.66124450000001], [16.892607166666668, 78.66124466666666], [16.892606833333332, 78.66124466666666], [16.8926065, 78.66124466666666], [16.892606166666667, 78.66124483333333], [16.892605666666668, 78.66124483333333], [16.892605166666666, 78.66124483333333], [16.892604666666667, 78.66124483333333], [16.89260416666667, 78.661245], [16.892603666666666, 78.661245], [16.892603333333334, 78.661245], [16.892603, 78.661245], [16.89260266666667, 78.66124516666667], [16.892602166666666, 78.66124516666667], [16.892601833333334, 78.66124516666667], [16.892601666666668, 78.66124516666667], [16.8926015, 78.66124516666667], [16.892601, 78.66124516666667], [16.8926005, 78.66124533333333], [16.892600333333334, 78.66124533333333], [16.892600166666668, 78.66124533333333], [16.892599833333335, 78.66124533333333], [16.8925995, 78.66124549999999], [16.892599, 78.66124549999999], [16.892598833333334, 78.66124549999999], [16.892598500000002, 78.66124549999999], [16.89259816666667, 78.66124549999999], [16.892597666666667, 78.66124549999999], [16.892597333333335, 78.66124549999999], [16.892597000000002, 78.66124549999999], [16.89259666666667, 78.66124566666667], [16.892596333333334, 78.66124566666667], [16.892596, 78.66124566666667], [16.892595833333335, 78.66124566666667], [16.892595500000002, 78.66124566666667], [16.892594999999996, 78.66124583333334], [16.892594666666664, 78.66124583333334], [16.892594166666665, 78.66124599999999], [16.892594, 78.66124599999999], [16.892593833333333, 78.66124599999999], [16.892593166666664, 78.66124599999999], [16.892592666666665, 78.66124599999999], [16.8925925, 78.66124599999999], [16.892592166666667, 78.66124616666666], [16.892592333333333, 78.66124616666666], [16.89259183333333, 78.66124616666666], [16.892591333333332, 78.66124616666666], [16.892590666666667, 78.66124633333334], [16.892590166666665, 78.66124633333334], [16.892589833333332, 78.6612465], [16.8925895, 78.6612465], [16.892588999999997, 78.66124666666666], [16.8925885, 78.66124666666666], [16.892587833333334, 78.66124666666666], [16.892587666666667, 78.66124666666666], [16.892587166666665, 78.66124683333334], [16.892586666666666, 78.66124683333334], [16.892585999999998, 78.66124683333334], [16.892585333333333, 78.661247], [16.892584833333334, 78.661247], [16.892584333333332, 78.66124716666667], [16.892583833333333, 78.66124716666667], [16.892583333333334, 78.66124716666667], [16.892582833333332, 78.66124716666667], [16.892582333333333, 78.66124733333332], [16.89258166666667, 78.66124733333332], [16.892581, 78.66124733333332], [16.892580333333335, 78.6612475], [16.892579666666666, 78.6612475], [16.892579333333334, 78.66124766666667], [16.8925785, 78.66124766666667], [16.892577833333334, 78.66124766666667], [16.89257716666667, 78.66124766666667], [16.8925765, 78.66124783333333], [16.892576000000002, 78.66124783333333], [16.89257566666667, 78.66124783333333], [16.892575166666667, 78.66124783333333], [16.892574500000002, 78.66124783333333], [16.892574000000003, 78.66124799999999], [16.8925735, 78.66124799999999], [16.892573000000002, 78.66124799999999], [16.892572500000004, 78.66124816666667], [16.892571666666665, 78.66124816666667], [16.892571, 78.66124816666667], [16.892570499999998, 78.66124833333333], [16.89257, 78.66124833333333], [16.8925695, 78.66124833333333], [16.892568833333332, 78.6612485], [16.892568166666667, 78.6612485], [16.8925675, 78.6612485], [16.892567, 78.6612485], [16.8925665, 78.66124866666668], [16.892565833333332, 78.66124883333333], [16.892565, 78.66124883333333], [16.892564333333333, 78.66124883333333], [16.8925635, 78.66124883333333], [16.892563166666665, 78.661249], [16.892562666666667, 78.66124916666666], [16.892562, 78.66124916666666], [16.892561166666667, 78.66124916666666], [16.892560333333332, 78.66124916666666], [16.892559833333333, 78.66124916666666], [16.8925595, 78.66124916666666], [16.892558833333332, 78.66124933333334], [16.892558, 78.66124933333334], [16.892557166666666, 78.66124933333334], [16.8925565, 78.66124933333334], [16.892556000000003, 78.6612495], [16.8925555, 78.6612495], [16.892554833333335, 78.6612495], [16.892554, 78.6612495], [16.892553333333336, 78.6612495], [16.892553000000003, 78.66124966666666], [16.8925525, 78.66124966666666], [16.892551833333336, 78.66124966666666], [16.892551166666667, 78.66124983333334], [16.892550500000002, 78.66124983333334], [16.892550000000004, 78.66124983333334], [16.892549499999998, 78.66124983333334], [16.892549, 78.66124983333334], [16.892548666666666, 78.66124983333334], [16.892547999999998, 78.66124983333334], [16.8925475, 78.66125000000001], [16.892547, 78.66125000000001], [16.892546499999998, 78.66125000000001], [16.892545666666667, 78.66125000000001], [16.892544833333332, 78.66125016666666], [16.892544333333333, 78.66125016666666], [16.89254383333333, 78.66125033333333], [16.892543333333332, 78.66125033333333], [16.892542833333334, 78.66125033333333], [16.892542166666665, 78.66125033333333], [16.892541333333334, 78.66125033333333], [16.89254083333333, 78.66125033333333], [16.892540333333333, 78.66125050000001], [16.892539833333334, 78.66125050000001], [16.892539166666666, 78.66125050000001], [16.892538333333334, 78.66125050000001], [16.892537833333332, 78.66125050000001], [16.8925375, 78.66125050000001], [16.892537, 78.66125066666667], [16.892536333333332, 78.66125066666667], [16.892535833333334, 78.66125066666667], [16.89253516666667, 78.66125066666667], [16.8925345, 78.66125066666667], [16.892533833333335, 78.66125083333333], [16.892533166666666, 78.66125083333333], [16.8925325, 78.66125083333333], [16.892531833333333, 78.66125083333333], [16.892531166666668, 78.66125083333333], [16.89253066666667, 78.66125083333333], [16.892530333333333, 78.66125083333333], [16.892529666666668, 78.66125083333333], [16.892529000000003, 78.66125083333333], [16.89252816666667, 78.661251], [16.892527500000003, 78.661251], [16.8925265, 78.661251], [16.892525499999998, 78.66125116666667], [16.892524833333333, 78.66125116666667], [16.892524166666664, 78.66125133333334], [16.8925235, 78.66125133333334], [16.892523, 78.66125133333334], [16.892522166666666, 78.66125133333334], [16.8925215, 78.66125133333334], [16.892520833333332, 78.66125133333334], [16.892520333333334, 78.66125133333334], [16.8925195, 78.66125149999999], [16.8925185, 78.66125149999999], [16.892517666666667, 78.66125149999999], [16.892517166666668, 78.66125149999999], [16.8925165, 78.66125149999999], [16.892515833333334, 78.66125166666667], [16.892515166666666, 78.66125166666667], [16.8925145, 78.66125166666667], [16.892513666666666, 78.66125166666667], [16.89251266666667, 78.66125149999999], [16.892512, 78.66125166666667], [16.892511333333335, 78.66125166666667], [16.892510833333333, 78.66125166666667], [16.892510333333334, 78.66125166666667], [16.892509833333335, 78.66125166666667], [16.892509166666667, 78.66125166666667], [16.892508333333335, 78.66125149999999], [16.892507833333333, 78.66125149999999], [16.892507166666668, 78.66125149999999], [16.892506500000003, 78.66125149999999], [16.89250566666667, 78.66125149999999], [16.892505000000003, 78.66125149999999], [16.892504166666665, 78.66125133333334], [16.892503166666664, 78.66125133333334], [16.892502333333333, 78.66125133333334], [16.892501333333332, 78.66125133333334], [16.8925005, 78.66125133333334], [16.892499666666666, 78.66125149999999], [16.89249883333333, 78.66125149999999], [16.892498166666666, 78.66125149999999], [16.8924975, 78.66125149999999], [16.892496833333333, 78.66125149999999], [16.892496166666668, 78.66125149999999], [16.8924955, 78.66125149999999], [16.892495, 78.66125149999999], [16.8924945, 78.66125149999999], [16.892494, 78.66125149999999], [16.8924935, 78.66125149999999], [16.892492833333332, 78.66125149999999], [16.892492333333333, 78.66125149999999], [16.89249166666667, 78.66125149999999], [16.892491166666666, 78.66125166666667], [16.892490666666667, 78.66125166666667], [16.892490000000002, 78.66125166666667], [16.8924895, 78.66125166666667], [16.892488833333335, 78.66125166666667], [16.892488333333333, 78.66125166666667], [16.892487666666668, 78.66125166666667], [16.89248716666667, 78.66125183333334], [16.8924865, 78.66125183333334], [16.892486, 78.66125183333334], [16.892485500000003, 78.66125183333334], [16.892484833333334, 78.66125183333334], [16.89248416666667, 78.66125183333334], [16.8924835, 78.66125183333334], [16.892482833333336, 78.66125183333334], [16.89248233333333, 78.66125183333334], [16.892481666666665, 78.66125183333334], [16.892481, 78.661252], [16.89248033333333, 78.661252], [16.892479666666667, 78.661252], [16.892478999999998, 78.661252], [16.892478166666667, 78.661252], [16.8924775, 78.661252], [16.892476833333333, 78.661252], [16.892476166666665, 78.661252], [16.8924755, 78.661252], [16.89247483333333, 78.661252], [16.892474333333332, 78.661252], [16.8924735, 78.661252], [16.892472833333333, 78.661252], [16.892472, 78.661252], [16.8924715, 78.661252], [16.892471, 78.661252], [16.8924705, 78.661252], [16.892469833333333, 78.661252], [16.8924695, 78.661252], [16.892468666666666, 78.661252], [16.892468, 78.661252], [16.892467333333332, 78.661252], [16.8924665, 78.661252], [16.892466000000002, 78.661252], [16.892465333333334, 78.661252], [16.892464833333335, 78.661252], [16.892464, 78.661252], [16.892463333333335, 78.661252], [16.892462666666667, 78.661252], [16.892461833333336, 78.661252], [16.892461166666667, 78.661252], [16.892460500000002, 78.661252], [16.89245983333333, 78.661252], [16.892459, 78.661252], [16.89245833333333, 78.661252], [16.8924575, 78.661252], [16.892456666666664, 78.66125183333334], [16.892456, 78.66125183333334], [16.89245533333333, 78.66125183333334], [16.892454833333332, 78.66125183333334], [16.892454166666667, 78.66125183333334], [16.8924535, 78.66125183333334], [16.892452833333333, 78.66125183333334], [16.892452, 78.66125166666667], [16.8924515, 78.66125183333334], [16.89245083333333, 78.66125183333334], [16.89245, 78.66125166666667], [16.892449166666665, 78.66125166666667], [16.892448333333334, 78.66125166666667], [16.8924475, 78.66125183333334], [16.892446833333334, 78.66125183333334], [16.892446166666666, 78.66125183333334], [16.892445666666667, 78.66125183333334], [16.892445000000002, 78.66125183333334], [16.892444333333334, 78.66125183333334], [16.892443833333335, 78.66125183333334], [16.892443, 78.66125183333334], [16.89244216666667, 78.66125183333334], [16.892441333333334, 78.66125183333334], [16.89244066666667, 78.66125183333334], [16.892440166666667, 78.66125183333334], [16.892439500000002, 78.66125183333334], [16.892438833333333, 78.66125183333334], [16.89243816666667, 78.66125166666667], [16.89243733333333, 78.66125166666667], [16.89243683333333, 78.66125166666667], [16.892436, 78.66125183333334], [16.892435166666665, 78.66125183333334], [16.89243433333333, 78.66125183333334], [16.892433166666667, 78.66125183333334], [16.892431666666667, 78.661252], [16.8924295, 78.66125233333334], [16.892426333333333, 78.661253], [16.89242266666667, 78.66125383333333], [16.892418666666668, 78.661255], [16.892414666666664, 78.66125633333333], [16.892410833333333, 78.66125783333334], [16.892407166666665, 78.66125933333333], [16.892404, 78.66126083333333], [16.892401, 78.6612625], [16.892397833333334, 78.66126416666665], [16.892395, 78.661266], [16.892392833333336, 78.66126766666666], [16.892391166666666, 78.66126933333334], [16.892389833333333, 78.661271], [16.892388666666665, 78.66127266666668], [16.892387666666664, 78.66127433333332], [16.892386666666667, 78.661276], [16.89238633333333, 78.66127750000001], [16.892385833333332, 78.66127916666666], [16.892385666666666, 78.66128083333334], [16.8923855, 78.6612825], [16.8923855, 78.66128416666668], [16.892385666666666, 78.66128583333334], [16.892386166666665, 78.6612875], [16.89238633333333, 78.66128933333333], [16.892387, 78.66129099999999], [16.892387499999998, 78.66129266666667], [16.892388, 78.6612945], [16.892388333333333, 78.66129616666667], [16.892388666666665, 78.661298], [16.892388999999998, 78.66129966666668], [16.89238933333333, 78.66130150000001], [16.89239, 78.66130333333334], [16.892390499999998, 78.66130516666666], [16.892390666666664, 78.66130700000001], [16.892391, 78.661309], [16.892391166666666, 78.66131083333333], [16.892391666666665, 78.66131266666666], [16.892391999999997, 78.66131449999999], [16.89239233333333, 78.66131633333333], [16.89239266666667, 78.66131816666666], [16.892392833333336, 78.66131999999999], [16.892392833333336, 78.66132183333335], [16.892393000000002, 78.66132366666668], [16.89239316666667, 78.6613255], [16.89239316666667, 78.66132733333333], [16.892393000000002, 78.66132916666668], [16.892393000000002, 78.661331], [16.892392833333336, 78.66133283333333], [16.89239266666667, 78.66133466666666], [16.892392500000003, 78.6613365], [16.89239233333333, 78.66133833333333], [16.892391999999997, 78.66134016666666], [16.892391666666665, 78.66134216666666], [16.892391333333332, 78.661344], [16.892391166666666, 78.66134583333334], [16.892390666666664, 78.66134766666667], [16.892390166666665, 78.6613495], [16.8923895, 78.66135133333334], [16.892388666666665, 78.66135316666667], [16.892388, 78.661355], [16.892387166666666, 78.66135683333333], [16.8923865, 78.66135866666667], [16.892385666666666, 78.6613605], [16.892384666666665, 78.66136233333333], [16.8923835, 78.66136416666667], [16.8923825, 78.66136616666667], [16.8923815, 78.661368], [16.8923805, 78.66136983333334], [16.892379333333334, 78.66137166666667], [16.892377833333335, 78.66137350000001], [16.892376333333335, 78.66137533333334], [16.892374833333335, 78.66137716666667], [16.8923735, 78.661379], [16.892372333333334, 78.66138083333334], [16.892371166666667, 78.6613825], [16.892369666666664, 78.66138433333334], [16.89236833333333, 78.66138616666667], [16.892367, 78.661388], [16.892365666666667, 78.66138983333333], [16.892364333333333, 78.66139166666667], [16.892362666666667, 78.6613935], [16.892361, 78.66139533333333], [16.89235933333333, 78.66139716666666], [16.8923575, 78.661399], [16.892355666666667, 78.66140083333333], [16.892353833333335, 78.66140266666666], [16.89235216666667, 78.66140449999999], [16.89235066666667, 78.66140616666667], [16.892349000000003, 78.661408], [16.892347166666664, 78.66140983333334], [16.892345166666665, 78.6614115], [16.892343166666667, 78.66141333333333], [16.89234133333333, 78.66141516666667], [16.8923395, 78.661417], [16.892337666666666, 78.66141866666666], [16.892335833333334, 78.6614205], [16.892333833333332, 78.66142216666667], [16.892331666666667, 78.661424], [16.892329833333335, 78.66142583333334], [16.892328000000003, 78.6614275], [16.892326166666667, 78.66142933333334], [16.89232433333333, 78.661431], [16.8923225, 78.66143283333334], [16.8923205, 78.6614345], [16.8923185, 78.66143633333333], [16.892316666666666, 78.66143816666666], [16.892315, 78.66143983333333], [16.892313166666668, 78.6614415], [16.892311333333335, 78.66144299999999], [16.8923095, 78.6614445], [16.892308, 78.66144583333333], [16.8923065, 78.66144716666666], [16.892305166666667, 78.66144833333333], [16.892303666666667, 78.66144949999999], [16.892302500000003, 78.66145066666667], [16.892301, 78.66145166666666], [16.8922995, 78.66145266666668], [16.892298333333333, 78.66145366666666], [16.892297166666665, 78.66145466666667], [16.892295999999998, 78.6614555], [16.892294666666665, 78.6614565], [16.8922935, 78.66145733333333], [16.892292166666667, 78.66145816666668], [16.892291166666666, 78.66145883333334], [16.89229, 78.66145966666666], [16.892289166666668, 78.6614605], [16.892288, 78.66146116666667], [16.892286666666667, 78.66146183333333], [16.8922855, 78.6614625], [16.89228466666667, 78.66146316666666], [16.892283833333334, 78.66146383333333], [16.892282833333336, 78.6614645], [16.892281833333335, 78.66146499999999], [16.892280833333334, 78.66146566666666], [16.892280000000003, 78.66146616666667], [16.89227933333333, 78.66146666666667], [16.8922785, 78.66146733333333], [16.892277666666665, 78.66146783333333], [16.892276833333334, 78.66146833333333], [16.892275833333333, 78.66146883333333], [16.892274999999998, 78.66146933333333], [16.892274333333333, 78.66146983333333], [16.892273666666664, 78.66147033333333], [16.892272833333333, 78.66147083333334], [16.892271666666666, 78.6614715], [16.892270666666665, 78.661472], [16.89227, 78.6614725], [16.8922695, 78.66147299999999], [16.892268666666666, 78.6614735], [16.892268, 78.661474], [16.892267333333333, 78.66147433333335], [16.8922665, 78.66147483333333], [16.8922655, 78.66147533333333], [16.892264666666666, 78.66147583333333], [16.89226366666667, 78.66147633333334], [16.892262666666667, 78.66147666666667], [16.892261833333336, 78.66147716666666], [16.892261166666668, 78.66147766666667], [16.892260500000003, 78.661478], [16.892259666666668, 78.6614785], [16.892258666666667, 78.66147883333333], [16.892257833333336, 78.66147933333333], [16.892257333333337, 78.66147966666668], [16.8922565, 78.66148], [16.892255666666664, 78.66148033333334], [16.892254833333332, 78.66148066666666], [16.892254166666664, 78.66148100000001], [16.8922535, 78.66148133333333], [16.892253, 78.66148166666667], [16.89225233333333, 78.66148199999999], [16.892251666666667, 78.66148233333334], [16.892250999999998, 78.66148266666667], [16.8922505, 78.66148283333334], [16.892249833333334, 78.66148316666666], [16.892249166666666, 78.6614835], [16.8922485, 78.66148383333332], [16.892247666666666, 78.66148416666667], [16.892246833333335, 78.6614845], [16.892246, 78.66148466666667], [16.892245333333335, 78.661485], [16.892244833333333, 78.66148533333333], [16.892244333333334, 78.66148566666668], [16.892243666666666, 78.66148583333333], [16.892243, 78.66148616666666], [16.892242, 78.66148633333334], [16.8922415, 78.66148666666666], [16.892240833333336, 78.66148700000001], [16.892240333333334, 78.66148716666666], [16.892239500000002, 78.6614875], [16.892238833333334, 78.66148766666667], [16.89223816666667, 78.66148799999999], [16.8922375, 78.66148816666667], [16.892236833333335, 78.66148833333334], [16.892236166666667, 78.66148849999999], [16.8922355, 78.66148883333334], [16.892234666666663, 78.661489], [16.892233833333332, 78.66148916666666], [16.892233166666664, 78.66148933333334], [16.892232666666665, 78.66148966666667], [16.892232, 78.66148983333332], [16.89223133333333, 78.66149], [16.8922305, 78.66149016666667], [16.89222983333333, 78.66149033333333], [16.8922295, 78.66149066666667], [16.892229166666667, 78.66149083333333], [16.892228499999998, 78.661491], [16.892227666666667, 78.661491], [16.892226666666666, 78.66149116666666], [16.892226166666667, 78.66149133333333], [16.892226, 78.6614915], [16.892225666666665, 78.66149166666668], [16.892225166666666, 78.66149183333333], [16.8922245, 78.661492], [16.892224, 78.66149216666666], [16.8922235, 78.66149233333334], [16.892223, 78.6614925], [16.892222333333333, 78.66149266666666], [16.892221666666668, 78.66149283333333], [16.892220833333333, 78.66149300000001], [16.892220333333334, 78.66149316666666], [16.892220166666668, 78.66149333333333], [16.892219666666666, 78.66149366666667], [16.892219166666667, 78.66149383333332], [16.892218333333336, 78.66149399999999], [16.8922175, 78.66149416666667], [16.892216666666666, 78.66149433333334], [16.892216166666667, 78.66149449999999], [16.892216, 78.66149466666667], [16.89221566666667, 78.66149483333334], [16.892215166666666, 78.661495], [16.89221416666667, 78.66149516666665], [16.892213666666667, 78.66149533333333], [16.8922135, 78.6614955], [16.892213166666668, 78.66149566666667], [16.892212500000003, 78.66149583333332], [16.892211666666665, 78.661496], [16.892210833333333, 78.66149616666667], [16.892210666666664, 78.66149633333333], [16.892210499999997, 78.66149650000001], [16.892210166666665, 78.66149666666666], [16.8922095, 78.66149683333333], [16.892208666666665, 78.66149683333333], [16.892208, 78.661497], [16.892207666666664, 78.66149716666668], [16.89220733333333, 78.66149733333333], [16.892207, 78.6614975], [16.892206166666664, 78.6614975], [16.8922055, 78.66149766666668], [16.892205166666667, 78.66149783333334], [16.892204666666665, 78.661498], [16.892204333333332, 78.66149816666666], [16.892203833333333, 78.66149816666666], [16.892203166666665, 78.66149833333334], [16.892202666666666, 78.66149850000001], [16.892202333333334, 78.66149850000001], [16.892202, 78.66149866666666], [16.8922015, 78.66149883333333], [16.892201, 78.661499], [16.892200333333335, 78.66149916666667], [16.892199666666667, 78.66149933333332], [16.892199, 78.6614995], [16.8921985, 78.66149966666667], [16.892198, 78.66149983333334], [16.892197333333336, 78.66149999999999], [16.892196666666667, 78.66150016666667], [16.89219616666667, 78.66150016666667], [16.892195666666666, 78.66150033333334], [16.892195166666667, 78.66150033333334], [16.892194500000002, 78.6615005], [16.892193666666667, 78.6615005], [16.89219316666667, 78.66150066666667], [16.892192666666666, 78.66150083333333], [16.892192166666668, 78.66150083333333], [16.89219166666667, 78.661501], [16.892190833333334, 78.661501], [16.892190333333335, 78.66150116666667], [16.892189833333337, 78.66150133333333], [16.892189166666665, 78.66150133333333], [16.892188666666666, 78.6615015], [16.892187999999997, 78.6615015], [16.8921875, 78.66150166666667], [16.892187, 78.66150166666667], [16.89218633333333, 78.66150183333333], [16.892185833333333, 78.661502], [16.892185166666664, 78.66150216666666], [16.8921845, 78.66150233333333], [16.892184166666667, 78.66150233333333], [16.892183666666664, 78.66150250000001], [16.89218333333333, 78.66150266666666], [16.892182666666667, 78.66150283333333], [16.892182, 78.66150283333333], [16.892181333333333, 78.661503], [16.892181, 78.66150316666668], [16.8921805, 78.66150333333333], [16.89218, 78.6615035], [16.8921795, 78.66150366666668], [16.8921785, 78.66150366666668], [16.892177833333335, 78.66150383333334], [16.892177333333333, 78.661504], [16.892177, 78.66150416666666], [16.892176333333335, 78.66150433333334], [16.8921755, 78.66150433333334], [16.892174666666666, 78.6615045], [16.892174, 78.66150466666666], [16.892173666666668, 78.66150483333332], [16.892173333333336, 78.661505], [16.892172666666667, 78.66150516666667], [16.89217216666667, 78.66150533333332], [16.8921715, 78.66150533333332], [16.892171, 78.6615055], [16.89217066666667, 78.66150566666667], [16.892170333333336, 78.66150583333334], [16.892169666666668, 78.66150599999999], [16.89216916666667, 78.66150616666667], [16.892168833333336, 78.66150633333334], [16.892168333333334, 78.6615065], [16.892168, 78.6615065], [16.89216766666667, 78.66150666666667], [16.892167166666663, 78.66150683333333], [16.892166666666665, 78.66150683333333], [16.892166, 78.661507], [16.892165499999997, 78.66150716666667], [16.892164833333332, 78.66150733333333], [16.892164333333334, 78.66150733333333], [16.892164166666664, 78.6615075], [16.892163666666665, 78.66150766666667], [16.892163333333333, 78.66150766666667], [16.892162833333334, 78.66150783333333], [16.89216233333333, 78.66150783333333], [16.892161833333333, 78.66150783333333], [16.892161333333334, 78.661508], [16.89216083333333, 78.661508], [16.892160166666667, 78.66150816666666], [16.892159666666664, 78.66150816666666], [16.892159166666666, 78.66150833333333], [16.8921585, 78.66150833333333], [16.892157833333332, 78.66150850000001], [16.892157166666667, 78.66150866666666], [16.892156666666665, 78.66150883333333], [16.892156, 78.661509], [16.892155166666665, 78.661509], [16.8921545, 78.66150916666668], [16.892153833333335, 78.66150933333333], [16.892153333333333, 78.66150933333333], [16.892152666666668, 78.6615095], [16.892152, 78.6615095], [16.892151166666668, 78.66150966666667], [16.892150666666666, 78.66150983333334], [16.892149833333335, 78.66150983333334], [16.892149333333336, 78.66150999999999], [16.892149, 78.66151016666666], [16.8921485, 78.66151033333334], [16.892147833333336, 78.66151033333334], [16.892147166666668, 78.6615105], [16.892146500000003, 78.66151066666666], [16.892146, 78.66151066666666], [16.8921455, 78.66151083333332], [16.892144833333337, 78.661511], [16.892144166666665, 78.661511], [16.8921435, 78.66151116666667], [16.89214283333333, 78.66151116666667], [16.892142333333332, 78.66151133333332], [16.892141833333334, 78.66151133333332], [16.892141166666665, 78.6615115], [16.892140333333334, 78.66151166666667], [16.892139333333333, 78.66151166666667], [16.892138666666664, 78.66151183333334], [16.892138166666665, 78.66151199999999], [16.892137666666667, 78.66151199999999], [16.892137333333334, 78.66151216666667], [16.892136666666666, 78.66151233333333], [16.892135666666665, 78.66151233333333], [16.892135166666666, 78.6615125], [16.892134666666667, 78.66151266666667], [16.892134166666665, 78.66151283333333], [16.892133666666666, 78.661513], [16.892132833333335, 78.661513], [16.892131666666668, 78.66151316666667], [16.892131, 78.66151333333333], [16.892130333333334, 78.6615135], [16.89213, 78.66151366666666], [16.892129166666667, 78.66151366666666], [16.892128166666666, 78.66151383333333], [16.892127333333335, 78.66151383333333], [16.892126666666666, 78.661514], [16.892126166666667, 78.66151416666666], [16.892125833333335, 78.66151416666666], [16.892125166666666, 78.66151433333333], [16.8921245, 78.66151450000001], [16.892123833333336, 78.66151450000001], [16.892123166666668, 78.66151450000001], [16.89212266666667, 78.66151466666666], [16.892122166666663, 78.66151483333333], [16.892121666666664, 78.66151483333333], [16.892121, 78.661515], [16.892120166666665, 78.661515], [16.892119333333333, 78.66151516666667], [16.89211883333333, 78.66151533333333], [16.892118333333332, 78.66151533333333], [16.892117499999998, 78.6615155], [16.892116666666666, 78.6615155], [16.892115666666665, 78.66151566666667], [16.892115166666667, 78.66151583333334], [16.892114833333334, 78.66151583333334], [16.892114166666666, 78.66151599999999], [16.892113333333334, 78.66151599999999], [16.892112333333333, 78.66151616666666], [16.892111833333335, 78.66151633333334], [16.892111333333332, 78.66151633333334], [16.892110666666667, 78.6615165], [16.892109666666666, 78.66151666666666], [16.892108666666665, 78.66151666666666], [16.892108, 78.66151683333332], [16.892107333333335, 78.661517], [16.892106666666667, 78.66151716666667], [16.892105666666666, 78.66151716666667], [16.892104833333335, 78.66151733333332], [16.892104166666666, 78.66151733333332], [16.892103333333335, 78.6615175], [16.892102666666666, 78.6615175], [16.892101833333335, 78.66151766666667], [16.892101, 78.66151766666667], [16.89210016666667, 78.66151783333333], [16.89209933333333, 78.66151783333333], [16.8920985, 78.66151783333333], [16.89209783333333, 78.66151799999999], [16.892097333333332, 78.66151799999999], [16.892096499999997, 78.66151816666667], [16.892095666666666, 78.66151816666667], [16.89209483333333, 78.66151833333333], [16.892094166666666, 78.66151833333333], [16.892093499999998, 78.6615185], [16.892092666666667, 78.66151866666668], [16.892091666666666, 78.66151866666668], [16.892091166666667, 78.66151866666668], [16.8920905, 78.66151883333333], [16.892089833333333, 78.66151883333333], [16.892089, 78.661519], [16.892088166666667, 78.66151916666666], [16.892087333333333, 78.66151916666666], [16.892086666666668, 78.66151933333335], [16.892086, 78.66151933333335], [16.892085166666668, 78.6615195], [16.892084333333333, 78.66151966666666], [16.892083500000002, 78.66151966666666], [16.892082666666667, 78.66151983333333], [16.892082000000002, 78.66151983333333], [16.892081333333334, 78.66152000000001], [16.892080833333335, 78.66152000000001], [16.892080166666666, 78.66152016666666], [16.892079333333335, 78.66152016666666], [16.8920785, 78.66152033333333], [16.89207766666667, 78.66152050000001], [16.892076999999997, 78.66152050000001], [16.892076333333332, 78.66152066666668], [16.892075499999997, 78.66152083333333], [16.892074666666666, 78.66152083333333], [16.892073999999997, 78.661521], [16.8920735, 78.661521], [16.892072833333334, 78.66152116666667], [16.89207233333333, 78.66152133333334], [16.892071833333333, 78.66152133333334], [16.892071333333334, 78.66152149999999], [16.892070666666665, 78.66152149999999], [16.89207, 78.66152166666667], [16.892069333333332, 78.66152166666667], [16.892068333333334, 78.66152183333334], [16.8920675, 78.66152183333334], [16.892066833333335, 78.661522], [16.892066333333332, 78.66152216666666], [16.892065666666667, 78.66152216666666], [16.892065166666665, 78.66152233333334], [16.892064333333334, 78.6615225], [16.892063666666665, 78.6615225], [16.892062833333334, 78.6615225], [16.892062, 78.66152266666667], [16.892061166666668, 78.66152266666667], [16.892060166666667, 78.66152266666667], [16.892059333333336, 78.66152283333332], [16.8920585, 78.66152283333332], [16.892057666666666, 78.661523], [16.892057, 78.66152316666667], [16.892056500000002, 78.66152316666667], [16.892055666666668, 78.66152333333334], [16.892055000000003, 78.66152333333334], [16.892054166666664, 78.6615235], [16.892053666666666, 78.6615235], [16.892053166666667, 78.66152366666667], [16.892052333333332, 78.66152383333333], [16.892051499999997, 78.66152383333333], [16.892051, 78.661524], [16.892050166666667, 78.661524], [16.8920495, 78.66152416666667], [16.892048833333334, 78.66152433333333], [16.892048, 78.66152433333333], [16.892047166666668, 78.6615245], [16.892046333333333, 78.6615245], [16.892045666666668, 78.66152466666668], [16.892044833333333, 78.66152483333333], [16.892043833333332, 78.66152483333333], [16.89204266666667, 78.661525], [16.892041666666668, 78.661525], [16.892040833333333, 78.66152516666666], [16.892040166666668, 78.66152516666666], [16.892039166666667, 78.66152533333334], [16.892038333333335, 78.6615255], [16.8920375, 78.6615255], [16.89203666666667, 78.66152566666666], [16.892036, 78.66152583333333], [16.892035333333336, 78.66152600000001], [16.892034666666667, 78.66152600000001], [16.89203366666667, 78.66152616666666], [16.892032833333335, 78.66152616666666], [16.89203216666667, 78.66152633333333], [16.892031499999998, 78.66152650000001], [16.892030666666667, 78.66152666666667], [16.892029666666666, 78.66152683333333], [16.892028666666665, 78.66152683333333], [16.892027833333334, 78.66152699999999], [16.892027166666665, 78.66152699999999], [16.8920265, 78.66152716666667], [16.8920255, 78.66152716666667], [16.892024666666668, 78.66152733333334], [16.892024, 78.66152733333334], [16.892023333333334, 78.66152749999999], [16.8920225, 78.66152749999999], [16.89202166666667, 78.66152766666667], [16.892020833333333, 78.66152766666667], [16.89202, 78.66152783333334], [16.892019166666667, 78.66152783333334], [16.892018333333333, 78.661528], [16.8920175, 78.661528], [16.892016666666667, 78.66152816666666], [16.892016, 78.66152816666666], [16.892015166666667, 78.66152833333334], [16.892014, 78.66152833333334], [16.892013000000002, 78.6615285], [16.892012166666667, 78.6615285], [16.892011500000002, 78.66152866666667], [16.892010666666668, 78.66152866666667], [16.892009833333336, 78.66152883333332], [16.892008999999998, 78.66152883333332], [16.892008166666667, 78.661529], [16.892007333333332, 78.66152916666667], [16.892006499999997, 78.66152916666667], [16.8920055, 78.66152933333333], [16.892004666666665, 78.66152933333333], [16.892003666666668, 78.6615295], [16.892002833333333, 78.6615295], [16.892001999999998, 78.6615295], [16.892001166666667, 78.66152966666667], [16.892000666666668, 78.66152966666667], [16.892000166666666, 78.66152983333333], [16.89199916666667, 78.66153], [16.891998, 78.66153], [16.891997166666666, 78.66153016666667], [16.891996666666667, 78.66153016666667], [16.891996, 78.66153033333333], [16.891995166666668, 78.66153033333333], [16.891994333333333, 78.6615305], [16.8919935, 78.6615305], [16.891992666666667, 78.6615305], [16.891992166666668, 78.66153066666668], [16.8919915, 78.66153066666668], [16.89199066666667, 78.66153083333333], [16.891989666666667, 78.66153083333333], [16.891988833333336, 78.66153083333333], [16.891988166666668, 78.661531], [16.891987500000003, 78.66153116666666], [16.891986666666664, 78.66153116666666], [16.891986, 78.66153133333334], [16.891985166666664, 78.66153133333334], [16.891984333333333, 78.6615315], [16.891983666666665, 78.66153166666666], [16.891983166666666, 78.66153183333333], [16.89198233333333, 78.66153183333333], [16.8919815, 78.66153200000001], [16.891980666666665, 78.66153200000001], [16.891979833333334, 78.66153216666666], [16.89197933333333, 78.66153233333333], [16.8919785, 78.66153233333333], [16.891977666666666, 78.66153233333333], [16.891977166666667, 78.6615325], [16.8919765, 78.66153266666667], [16.891975833333333, 78.66153266666667], [16.89197516666667, 78.66153283333333], [16.8919745, 78.66153283333333], [16.89197366666667, 78.66153299999999], [16.891973, 78.66153299999999], [16.891972, 78.66153316666667], [16.891971333333334, 78.66153333333334], [16.89197066666667, 78.66153333333334], [16.89197, 78.66153349999999], [16.891969333333336, 78.66153366666667], [16.8919685, 78.66153366666667], [16.89196766666667, 78.66153366666667], [16.891966833333335, 78.66153383333334], [16.891966, 78.66153383333334], [16.89196516666667, 78.661534], [16.891964166666664, 78.661534], [16.891963333333333, 78.66153416666666], [16.891962499999998, 78.66153416666666], [16.891961666666667, 78.66153416666666], [16.891960833333332, 78.66153433333334], [16.891960166666667, 78.66153433333334], [16.891959666666665, 78.66153433333334], [16.891958833333334, 78.66153433333334], [16.891957833333333, 78.66153433333334], [16.891956999999998, 78.66153433333334], [16.891956333333333, 78.6615345], [16.891955833333334, 78.6615345], [16.891955166666666, 78.6615345], [16.891954333333334, 78.6615345], [16.8919535, 78.66153466666667], [16.89195266666667, 78.66153466666667], [16.891952333333332, 78.66153483333332], [16.8919515, 78.661535], [16.8919505, 78.661535], [16.8919495, 78.66153516666667], [16.891948833333334, 78.66153516666667], [16.89194816666667, 78.66153533333333], [16.891947333333334, 78.66153533333333], [16.891946833333336, 78.6615355], [16.891946, 78.6615355], [16.89194516666667, 78.6615355], [16.8919445, 78.66153566666667], [16.891944000000002, 78.66153583333333], [16.891943166666668, 78.66153583333333], [16.891942500000003, 78.66153583333333], [16.891941666666664, 78.661536], [16.891940833333333, 78.661536], [16.891940166666664, 78.66153616666666], [16.891939333333333, 78.66153616666666], [16.8919385, 78.66153633333333], [16.891937666666667, 78.66153633333333], [16.891937, 78.6615365], [16.891936166666667, 78.6615365], [16.8919355, 78.6615365], [16.891934833333334, 78.6615365], [16.891934, 78.66153666666668], [16.891932999999998, 78.66153666666668], [16.891931833333334, 78.66153666666668], [16.891931333333332, 78.66153683333333], [16.891930666666667, 78.66153683333333], [16.891929833333332, 78.66153683333333], [16.891929166666667, 78.66153683333333], [16.891928166666666, 78.661537], [16.891927666666668, 78.661537], [16.89192716666667, 78.661537], [16.891926666666667, 78.66153716666666], [16.891925833333335, 78.66153716666666], [16.891925, 78.66153733333334], [16.89192416666667, 78.66153733333334], [16.891923666666667, 78.6615375], [16.891923000000002, 78.6615375], [16.891922333333333, 78.66153766666666], [16.891921500000002, 78.66153766666666], [16.891920666666667, 78.66153766666666], [16.89192016666667, 78.66153766666666], [16.89191933333333, 78.66153783333333], [16.891918333333333, 78.66153783333333], [16.891917333333332, 78.66153783333333], [16.891916666666667, 78.66153800000001], [16.891915833333332, 78.66153800000001], [16.891915333333333, 78.66153816666666], [16.8919145, 78.66153816666666], [16.891913499999998, 78.66153816666666], [16.891912666666666, 78.66153816666666], [16.891911999999998, 78.66153833333333], [16.891911166666667, 78.66153833333333], [16.891910166666666, 78.6615385], [16.891909166666668, 78.6615385], [16.891908333333333, 78.6615385], [16.8919075, 78.66153866666667], [16.8919065, 78.66153866666667], [16.891905833333333, 78.66153883333332], [16.891904833333335, 78.66153883333332], [16.891904166666666, 78.66153883333332], [16.891903333333335, 78.66153883333332], [16.8919025, 78.66153899999999], [16.8919015, 78.66153899999999], [16.891900500000002, 78.66153899999999], [16.8918995, 78.66153899999999], [16.891898833333336, 78.66153899999999], [16.891898, 78.66153916666667], [16.89189716666667, 78.66153916666667], [16.891896166666665, 78.66153916666667], [16.89189533333333, 78.66153916666667], [16.8918945, 78.66153916666667], [16.89189383333333, 78.66153916666667], [16.891893166666666, 78.66153933333334], [16.891892166666665, 78.66153933333334], [16.891891166666667, 78.66153933333334], [16.891890166666666, 78.66153933333334], [16.89188933333333, 78.66153949999999], [16.8918885, 78.66153949999999], [16.891887666666666, 78.66153949999999], [16.891886833333334, 78.66153949999999], [16.891886, 78.66153966666667], [16.89188516666667, 78.66153966666667], [16.8918845, 78.66153983333334], [16.89188366666667, 78.66153983333334], [16.891882833333334, 78.66153983333334], [16.891881666666666, 78.66154], [16.89188066666667, 78.66154], [16.891879833333334, 78.66154], [16.891879, 78.66154], [16.891878166666668, 78.66154016666665], [16.891877333333333, 78.66154016666665], [16.891876500000002, 78.66154016666665], [16.891875833333334, 78.66154033333333], [16.891874833333336, 78.66154033333333], [16.89187383333333, 78.66154033333333], [16.89187283333333, 78.66154033333333], [16.891871833333333, 78.66154033333333], [16.891870833333332, 78.6615405], [16.891869999999997, 78.6615405], [16.891869333333332, 78.6615405], [16.89186833333333, 78.6615405], [16.891867333333334, 78.6615405], [16.8918665, 78.66154066666667], [16.891865833333334, 78.66154066666667], [16.891865166666665, 78.66154066666667], [16.891863999999998, 78.66154066666667], [16.891862833333334, 78.66154066666667], [16.891861833333333, 78.66154066666667], [16.891861333333335, 78.66154083333332], [16.891860666666666, 78.66154083333332], [16.89186, 78.66154083333332], [16.891859, 78.66154083333332], [16.891857666666667, 78.66154083333332], [16.891856833333335, 78.66154083333332], [16.891855833333334, 78.661541], [16.891855, 78.661541], [16.891853833333336, 78.661541], [16.89185266666667, 78.66154116666667], [16.891851666666664, 78.66154116666667], [16.891850499999997, 78.66154116666667], [16.8918495, 78.66154116666667], [16.8918485, 78.66154133333333], [16.891847666666667, 78.66154133333333], [16.891846833333332, 78.66154133333333], [16.89184583333333, 78.66154133333333], [16.891844833333334, 78.66154150000001], [16.891843833333333, 78.66154150000001], [16.891842666666665, 78.66154150000001], [16.891841666666668, 78.66154150000001], [16.8918405, 78.66154166666666], [16.891839666666666, 78.66154166666666], [16.89183866666667, 78.66154166666666], [16.891837833333334, 78.66154166666666], [16.891836833333333, 78.66154166666666], [16.891836, 78.66154183333333], [16.891835166666667, 78.66154183333333], [16.891834333333335, 78.66154183333333], [16.891833333333334, 78.66154183333333], [16.8918325, 78.66154183333333], [16.891832, 78.661542], [16.891831333333336, 78.661542], [16.891830666666667, 78.661542], [16.891830000000002, 78.661542], [16.89182933333333, 78.661542], [16.891828666666665, 78.661542], [16.891828166666667, 78.66154216666668], [16.891827666666664, 78.66154216666668], [16.891827, 78.66154216666668], [16.891826166666664, 78.66154216666668], [16.891825333333333, 78.66154216666668], [16.8918245, 78.66154233333333], [16.891823666666667, 78.66154233333333], [16.891822833333332, 78.66154233333333], [16.891822166666667, 78.66154233333333], [16.8918215, 78.66154233333333], [16.891821, 78.66154233333333], [16.89182033333333, 78.66154233333333], [16.891819333333334, 78.66154233333333], [16.891818333333333, 78.66154233333333], [16.891817666666668, 78.66154233333333], [16.891816833333333, 78.66154233333333], [16.891815833333332, 78.66154233333333], [16.891815, 78.66154233333333], [16.891814166666666, 78.66154233333333], [16.891813333333335, 78.66154233333333], [16.8918125, 78.66154233333333], [16.891811833333335, 78.66154233333333], [16.891810666666668, 78.66154233333333], [16.89180916666667, 78.66154266666668], [16.891806666666664, 78.66154283333334], [16.891803, 78.66154333333334], [16.8917985, 78.661544], [16.891793500000002, 78.66154483333334], [16.891788333333334, 78.66154566666667], [16.89178283333333, 78.66154666666667], [16.891777, 78.66154766666666], [16.891770666666666, 78.66154883333334], [16.8917645, 78.66154983333332], [16.891758166666666, 78.66155099999999], [16.891751333333332, 78.66155216666667], [16.891744333333335, 78.66155333333333], [16.891737166666665, 78.6615545], [16.891730166666665, 78.6615555], [16.891723000000002, 78.6615565], [16.891715833333333, 78.66155766666667], [16.891708666666666, 78.66155866666666], [16.891701666666666, 78.66155966666666], [16.89169466666667, 78.66156066666667], [16.891687166666667, 78.66156166666666], [16.891679500000002, 78.66156266666667], [16.891671499999998, 78.66156366666668], [16.891663833333332, 78.66156466666666], [16.891656166666667, 78.66156566666668], [16.891648, 78.66156666666667], [16.891639666666666, 78.66156766666667], [16.891631500000003, 78.6615685], [16.89162333333333, 78.6615695], [16.8916155, 78.6615705], [16.89160766666667, 78.66157133333333], [16.8916, 78.66157233333334], [16.891592, 78.66157316666666], [16.89158366666667, 78.661574], [16.891575666666665, 78.66157466666667], [16.8915675, 78.6615755], [16.89155933333333, 78.66157633333334], [16.891551166666666, 78.66157716666666], [16.891542666666666, 78.66157783333333], [16.891534166666666, 78.66157866666667], [16.8915255, 78.66157933333334], [16.891517, 78.66158016666667], [16.8915085, 78.66158083333333], [16.891499833333334, 78.66158166666668], [16.891491, 78.66158233333334], [16.891482666666665, 78.66158300000001], [16.89147416666667, 78.66158366666667], [16.891465999999998, 78.66158433333334], [16.8914575, 78.661585], [16.891448833333335, 78.66158566666667], [16.891440333333332, 78.66158633333333], [16.8914315, 78.66158716666668], [16.891422499999997, 78.66158783333334], [16.891413333333333, 78.66158850000001], [16.891404333333334, 78.66158916666667], [16.89139533333333, 78.66158983333334], [16.891386333333333, 78.6615905], [16.89137733333333, 78.66159116666667], [16.8913685, 78.66159183333333], [16.891359666666666, 78.66159250000001], [16.891350833333334, 78.66159316666668], [16.891342166666668, 78.66159383333334], [16.8913335, 78.66159433333334], [16.891325, 78.661595], [16.891316333333336, 78.66159566666667], [16.891307666666666, 78.66159616666667], [16.8912985, 78.66159683333333], [16.89128966666667, 78.66159733333333], [16.891280833333333, 78.661598], [16.891272166666667, 78.66159850000001], [16.891263166666665, 78.66159916666668], [16.891254, 78.66159983333334], [16.891245166666668, 78.6616005], [16.891236499999998, 78.661601], [16.8912275, 78.66160166666667], [16.891218666666667, 78.66160233333333], [16.89121, 78.66160283333333], [16.891201333333335, 78.6616035], [16.891192666666665, 78.661604], [16.8911835, 78.66160466666666], [16.891174499999998, 78.66160533333333], [16.891165666666666, 78.66160583333334], [16.89115716666667, 78.6616065], [16.891147999999998, 78.66160716666667], [16.891138833333333, 78.66160766666667], [16.891130166666667, 78.66160833333333], [16.8911215, 78.661609], [16.891112666666668, 78.6616095], [16.891103833333332, 78.66161016666666], [16.891095, 78.66161066666668], [16.89108633333333, 78.66161133333334], [16.891077833333334, 78.66161183333334], [16.89106866666667, 78.6616125], [16.891059833333333, 78.66161316666667], [16.891050833333335, 78.66161366666667], [16.891042000000002, 78.66161433333333], [16.891033, 78.66161483333333], [16.891024, 78.6616155], [16.891015166666666, 78.66161616666666], [16.891006, 78.66161683333333], [16.89099666666667, 78.66161733333334], [16.890987833333334, 78.661618], [16.890979, 78.66161883333332], [16.890970166666666, 78.6616195], [16.890961333333333, 78.66162016666667], [16.890952333333335, 78.66162066666668], [16.890943333333333, 78.66162133333334], [16.8909345, 78.66162200000001], [16.890925499999998, 78.66162266666667], [16.890916666666666, 78.66162333333334], [16.890907833333333, 78.661624], [16.890899, 78.6616245], [16.89089016666667, 78.66162516666667], [16.890881166666667, 78.66162583333333], [16.890872333333334, 78.6616265], [16.890863333333336, 78.66162716666666], [16.8908545, 78.66162783333333], [16.890845833333334, 78.66162833333333], [16.890836999999998, 78.66162899999999], [16.89082833333333, 78.66162966666667], [16.89081966666667, 78.66163033333333], [16.890810833333333, 78.661631], [16.890801833333335, 78.66163166666666], [16.890793, 78.66163233333333], [16.890784, 78.661633], [16.890775333333334, 78.66163366666666], [16.890766499999998, 78.66163433333332], [16.8907575, 78.66163499999999], [16.890748666666664, 78.66163566666667], [16.89074, 78.66163616666667], [16.89073116666667, 78.66163683333333], [16.890722333333333, 78.66163750000001], [16.8907135, 78.66163816666668], [16.890704833333334, 78.66163883333334], [16.890696, 78.66163933333334], [16.890686833333334, 78.66164], [16.89067783333333, 78.66164066666667], [16.890669, 78.66164133333334], [16.890660166666667, 78.66164183333333], [16.890651166666665, 78.6616425], [16.890642500000002, 78.66164316666666], [16.890633833333332, 78.66164383333333], [16.890625, 78.6616445], [16.890616, 78.66164516666666], [16.890607166666666, 78.66164583333332], [16.890598166666667, 78.6616465], [16.89058933333333, 78.66164716666667], [16.890580166666666, 78.66164783333333], [16.890571333333334, 78.66164866666666], [16.890562499999998, 78.66164933333333], [16.890553666666666, 78.66165], [16.890544833333333, 78.66165066666667], [16.890536166666667, 78.66165133333334], [16.890527333333335, 78.661652], [16.89051883333333, 78.66165266666667], [16.890509833333333, 78.66165333333333], [16.89050083333333, 78.661654], [16.890491833333332, 78.66165483333333], [16.890483, 78.66165550000001], [16.890473999999998, 78.66165616666667], [16.890464833333333, 78.661657], [16.89045583333333, 78.66165766666667], [16.890446666666666, 78.6616585], [16.890437833333333, 78.66165916666667], [16.89042883333333, 78.66166], [16.89042, 78.66166066666666], [16.89041116666667, 78.66166150000001], [16.890402333333334, 78.66166216666667], [16.890393500000002, 78.661663], [16.8903845, 78.66166366666667], [16.890375833333334, 78.66166433333333], [16.890367, 78.66166516666667], [16.890358166666665, 78.66166583333333], [16.890348833333334, 78.66166666666666], [16.890339666666666, 78.66166750000001], [16.890330833333334, 78.66166816666667], [16.890321833333335, 78.66166883333334], [16.890312833333333, 78.6616695], [16.890304, 78.66167033333333], [16.890295166666665, 78.661671], [16.8902865, 78.66167166666668], [16.89027766666667, 78.66167233333334], [16.890268833333334, 78.66167300000001], [16.890259833333335, 78.66167366666667], [16.890251, 78.66167449999999], [16.890242, 78.66167516666665], [16.89023316666667, 78.66167583333332], [16.890224333333332, 78.66167650000001], [16.890215166666668, 78.66167716666668], [16.890206166666665, 78.661678], [16.890197166666667, 78.66167883333333], [16.890188333333334, 78.6616795], [16.890179333333332, 78.66168016666667], [16.8901705, 78.661681], [16.890161666666664, 78.66168166666667], [16.890153166666668, 78.66168250000001], [16.89014416666667, 78.66168316666668], [16.890135333333333, 78.661684], [16.8901265, 78.66168466666666], [16.890117666666665, 78.6616855], [16.890108666666666, 78.66168616666667], [16.8900995, 78.661687], [16.8900905, 78.66168766666667], [16.890081666666667, 78.66168850000001], [16.89007283333333, 78.66168916666668], [16.890063833333333, 78.66168983333334], [16.890054666666668, 78.66169066666666], [16.890045833333332, 78.6616915], [16.890037, 78.66169216666667], [16.890027999999997, 78.66169283333333], [16.890019, 78.66169366666666], [16.890010166666666, 78.66169433333333], [16.89000133333333, 78.661695], [16.8899925, 78.66169583333334], [16.88998366666667, 78.6616965], [16.889974833333333, 78.66169716666667], [16.889966, 78.66169783333333], [16.889957166666665, 78.6616985], [16.889948166666667, 78.66169916666666], [16.889939166666668, 78.66169983333333], [16.8899305, 78.66170050000001], [16.889921833333336, 78.66170116666667], [16.889912833333334, 78.66170183333334], [16.889903833333335, 78.66170266666667], [16.889894833333337, 78.66170333333334], [16.889886166666667, 78.661704], [16.889877000000002, 78.66170483333333], [16.889868, 78.6617055], [16.889858833333335, 78.66170633333333], [16.889849666666667, 78.66170699999999], [16.8898405, 78.66170783333334], [16.889831666666666, 78.6617085], [16.889822666666664, 78.66170933333333], [16.889813833333335, 78.66171], [16.889804833333336, 78.66171083333333], [16.889795833333334, 78.6617115], [16.889786666666666, 78.66171233333333], [16.889777833333333, 78.66171299999999], [16.889769166666667, 78.66171383333334], [16.889760000000003, 78.66171466666667], [16.889750666666664, 78.6617155], [16.889741666666666, 78.66171633333333], [16.889733, 78.661717], [16.889724166666667, 78.66171783333333], [16.8897155, 78.6617185], [16.889706666666665, 78.66171933333334], [16.889697833333333, 78.66172], [16.889688999999997, 78.66172083333332], [16.88968016666667, 78.66172166666666], [16.889671500000002, 78.6617225], [16.8896625, 78.66172316666666], [16.889653333333335, 78.661724], [16.889644333333333, 78.66172466666667], [16.889635666666667, 78.6617255], [16.889626500000002, 78.66172633333333], [16.889617666666666, 78.661727], [16.889608666666668, 78.66172783333333], [16.889599666666665, 78.66172866666668], [16.889590666666667, 78.66172933333334], [16.88958166666667, 78.66173016666667], [16.889572833333332, 78.66173099999999], [16.889564166666666, 78.66173166666667], [16.889554999999998, 78.6617325], [16.889546166666666, 78.66173333333333], [16.889537166666667, 78.661734], [16.889528, 78.66173483333334], [16.889519166666666, 78.6617355], [16.88951033333333, 78.66173616666667], [16.889501499999998, 78.66173699999999], [16.889492333333333, 78.66173783333333], [16.889483, 78.66173866666666], [16.889474166666666, 78.66173933333333], [16.889465166666664, 78.66174], [16.889456166666665, 78.66174083333334], [16.889447500000003, 78.66174166666666], [16.889438666666667, 78.66174233333332], [16.88942966666667, 78.66174299999999], [16.889420500000003, 78.66174383333333], [16.889411833333334, 78.66174466666666], [16.889403166666668, 78.66174550000001], [16.889394333333332, 78.66174616666667], [16.889385166666667, 78.661747], [16.88937566666667, 78.66174766666667], [16.889367, 78.6617485], [16.889358, 78.66174916666667], [16.889349, 78.66175], [16.889339666666668, 78.66175066666666], [16.889330500000003, 78.66175150000001], [16.889321833333334, 78.66175216666667], [16.889313166666668, 78.66175283333334], [16.889304, 78.66175366666667], [16.889295, 78.6617545], [16.889286000000002, 78.66175516666667], [16.889277, 78.66175583333333], [16.889268, 78.66175666666666], [16.889259, 78.66175733333333], [16.88925, 78.66175816666667], [16.889241000000002, 78.66175883333334], [16.889231666666667, 78.6617595], [16.88922266666667, 78.66176016666667], [16.889213833333333, 78.66176083333333], [16.889204666666668, 78.6617615], [16.889195166666664, 78.66176233333334], [16.889186166666665, 78.66176300000001], [16.889177500000002, 78.66176366666667], [16.889168666666666, 78.66176433333334], [16.889159333333335, 78.661765], [16.889150333333337, 78.66176583333332], [16.889141333333335, 78.66176650000001], [16.889132333333336, 78.66176733333333], [16.889123166666664, 78.66176816666666], [16.889114, 78.66176883333333], [16.889104999999997, 78.6617695], [16.889095666666666, 78.66177033333334], [16.889086333333335, 78.661771], [16.889077166666667, 78.66177183333333], [16.889068, 78.66177250000001], [16.889058833333333, 78.66177316666668], [16.889049833333335, 78.66177383333334], [16.889040666666666, 78.66177466666666], [16.88903133333333, 78.66177533333332], [16.889022333333333, 78.66177616666667], [16.88901333333333, 78.66177683333333], [16.889004333333332, 78.6617775], [16.888995, 78.66177833333333], [16.88898633333333, 78.661779], [16.8889775, 78.66177983333334], [16.888968499999997, 78.6617805], [16.888959333333332, 78.66178116666667], [16.8889505, 78.66178199999999], [16.888941499999998, 78.66178283333333], [16.888932833333335, 78.6617835], [16.888923833333333, 78.66178433333333], [16.888914833333335, 78.66178516666668], [16.888905833333336, 78.66178583333334], [16.888896833333334, 78.6617865], [16.888887833333335, 78.66178733333332], [16.888879, 78.66178816666667], [16.888869833333334, 78.66178883333333], [16.88886066666667, 78.66178966666666], [16.888851499999998, 78.66179050000001], [16.8888425, 78.66179116666667], [16.888833666666667, 78.661792], [16.888824666666668, 78.66179283333332], [16.888815333333334, 78.6617935], [16.88880633333333, 78.66179433333333], [16.888797166666667, 78.661795], [16.88878833333333, 78.66179583333333], [16.888779, 78.66179666666667], [16.88876966666667, 78.66179733333334], [16.888760666666666, 78.66179816666666], [16.888751666666668, 78.661799], [16.888742833333332, 78.66179966666667], [16.888733666666667, 78.6618005], [16.888724500000002, 78.66180133333334], [16.888715666666666, 78.66180200000001], [16.888706833333334, 78.66180283333333], [16.88869783333333, 78.66180366666667], [16.888688666666667, 78.66180433333334], [16.88867966666667, 78.661805], [16.888670666666666, 78.66180583333333], [16.888661833333334, 78.6618065], [16.8886525, 78.66180733333334], [16.888643333333334, 78.66180816666666], [16.888634333333336, 78.66180883333332], [16.888625333333334, 78.66180966666667], [16.888616000000003, 78.66181033333334], [16.88860683333333, 78.66181116666667], [16.888598, 78.66181183333333], [16.88858916666667, 78.6618125], [16.88858, 78.66181316666666], [16.88857116666667, 78.661814], [16.888562333333333, 78.66181466666667], [16.888553, 78.66181533333334], [16.88854416666667, 78.661816], [16.888535, 78.66181683333333], [16.888526000000002, 78.66181750000001], [16.88851683333333, 78.66181816666668], [16.8885075, 78.66181883333334], [16.888498333333335, 78.66181950000001], [16.888489166666666, 78.66182016666667], [16.888479833333335, 78.66182099999999], [16.8884705, 78.66182166666667], [16.888461333333332, 78.66182233333333], [16.888452166666664, 78.661823], [16.88844333333333, 78.66182366666666], [16.888434166666666, 78.66182416666668], [16.88842483333333, 78.66182483333334], [16.888415666666667, 78.6618255], [16.88840683333333, 78.66182616666667], [16.888397666666666, 78.66182683333334], [16.888388333333335, 78.6618275], [16.888379, 78.66182816666667], [16.888370000000002, 78.661829], [16.888361, 78.66182966666666], [16.888351833333335, 78.66183033333333], [16.888342666666667, 78.66183099999999], [16.888333499999998, 78.66183166666666], [16.8883245, 78.6618325], [16.888315499999997, 78.66183316666667], [16.888306333333333, 78.661834], [16.888297166666668, 78.66183466666666], [16.888287833333333, 78.66183550000001], [16.888278666666668, 78.66183616666667], [16.888269833333332, 78.661837], [16.888260833333334, 78.66183766666667], [16.888251500000003, 78.6618385], [16.888242333333334, 78.66183916666667], [16.888233500000002, 78.66184], [16.8882245, 78.66184083333333], [16.8882155, 78.66184150000001], [16.888206333333336, 78.66184216666667], [16.888196999999998, 78.661843], [16.888187833333333, 78.66184383333332], [16.888178666666665, 78.66184466666667], [16.888169166666668, 78.66184533333333], [16.888159833333336, 78.66184616666666], [16.888150666666668, 78.66184683333333], [16.8881415, 78.66184766666667], [16.888132, 78.66184833333334], [16.888122666666668, 78.66184916666666], [16.8881135, 78.66185], [16.888104, 78.66185066666667], [16.8880945, 78.6618515], [16.888085, 78.66185216666666], [16.888075833333335, 78.66185283333333], [16.888066666666667, 78.66185366666667], [16.888057166666666, 78.66185449999999], [16.888047833333335, 78.66185516666665], [16.8880385, 78.661856], [16.888029666666668, 78.66185666666667], [16.888020666666666, 78.6618575], [16.888011333333335, 78.66185833333334], [16.88800216666667, 78.66185916666667], [16.887992999999998, 78.66185983333334], [16.887984, 78.6618605], [16.887975166666667, 78.66186133333333], [16.887966, 78.66186216666667], [16.88795683333333, 78.66186283333333], [16.887947666666665, 78.6618635], [16.8879385, 78.66186433333334], [16.887929333333332, 78.661865], [16.887920333333334, 78.66186566666667], [16.88791133333333, 78.66186633333334], [16.887902, 78.66186716666667], [16.88789266666667, 78.661868], [16.887883666666667, 78.66186866666666], [16.88787466666667, 78.66186933333333], [16.887865833333333, 78.66187016666666], [16.887856833333334, 78.66187083333332], [16.88784766666667, 78.6618715], [16.887838666666667, 78.66187233333333], [16.887829500000002, 78.661873], [16.88782033333333, 78.66187383333333], [16.887810833333333, 78.66187450000001], [16.887801666666668, 78.66187533333333], [16.887792666666666, 78.66187599999999], [16.887783666666667, 78.66187683333332], [16.8877745, 78.66187766666667], [16.887765, 78.66187833333333], [16.88775616666667, 78.661879], [16.887747333333333, 78.66187983333333], [16.88773816666667, 78.66188066666668], [16.887729, 78.66188149999999], [16.887719833333332, 78.66188216666666], [16.887710666666667, 78.661883], [16.88770183333333, 78.66188366666667], [16.887692666666666, 78.6618845], [16.88768333333333, 78.66188533333334], [16.887674166666667, 78.66188600000001], [16.887665000000002, 78.66188666666667], [16.887656, 78.66188749999999], [16.88764666666667, 78.66188816666666], [16.887637666666667, 78.661889], [16.887628333333335, 78.66188983333333], [16.887618999999997, 78.66189066666668], [16.887609833333332, 78.66189133333334], [16.887600666666668, 78.66189200000001], [16.8875915, 78.66189283333333], [16.887582333333334, 78.66189366666667], [16.887573, 78.66189433333334], [16.8875635, 78.661895], [16.887554166666668, 78.66189583333333], [16.887545, 78.6618965], [16.88753566666667, 78.66189733333334], [16.887526166666664, 78.66189800000001], [16.887517, 78.66189883333332], [16.887507833333334, 78.66189949999999], [16.887498333333333, 78.66190033333334], [16.88748916666667, 78.661901], [16.887479833333334, 78.66190183333333], [16.8874705, 78.66190266666668], [16.887461166666665, 78.66190333333334], [16.887451666666667, 78.66190416666667], [16.887442, 78.66190483333334], [16.88743283333333, 78.66190566666667], [16.8874235, 78.6619065], [16.887414333333332, 78.66190716666667], [16.887405166666667, 78.661908], [16.887395833333336, 78.66190883333334], [16.887386666666664, 78.66190966666666], [16.8873775, 78.66191033333332], [16.88736833333333, 78.66191116666667], [16.887359166666666, 78.661912], [16.887349500000003, 78.66191266666667], [16.88734, 78.66191350000001], [16.887330666666667, 78.66191433333333], [16.887321666666665, 78.661915], [16.887312333333334, 78.66191583333332], [16.887303166666666, 78.66191666666667], [16.887294, 78.66191733333334], [16.887285000000002, 78.66191816666667], [16.887275833333334, 78.66191883333333], [16.88726666666667, 78.66191966666666], [16.88725733333333, 78.6619205], [16.887248, 78.66192133333334], [16.887238833333335, 78.661922], [16.887229333333334, 78.66192283333334], [16.887219666666667, 78.66192366666668], [16.8872105, 78.6619245], [16.887201333333334, 78.66192550000001], [16.887191833333336, 78.66192633333334], [16.88718233333333, 78.66192716666666], [16.887173, 78.661928], [16.887163833333332, 78.66192866666667], [16.8871545, 78.6619295], [16.887144999999997, 78.66193033333334], [16.8871355, 78.66193116666666], [16.887126000000002, 78.661932], [16.887116499999998, 78.66193266666667], [16.887107500000003, 78.6619335], [16.887097999999998, 78.66193433333333], [16.887088666666667, 78.66193516666667], [16.887079333333336, 78.66193583333333], [16.88706983333333, 78.66193666666666], [16.887060166666668, 78.66193733333333], [16.887051, 78.66193816666667], [16.887041833333335, 78.66193883333334], [16.887032666666666, 78.66193966666667], [16.887023, 78.66194033333333], [16.887013666666668, 78.66194116666667], [16.8870045, 78.661942], [16.8869955, 78.66194266666666], [16.886986333333333, 78.6619435], [16.886977, 78.66194416666667], [16.886967833333333, 78.66194483333334], [16.88695883333333, 78.66194566666667], [16.886949666666666, 78.66194633333333], [16.886940499999998, 78.66194716666668], [16.886931166666667, 78.661948], [16.886921833333336, 78.66194866666666], [16.886912666666667, 78.6619495], [16.886903333333333, 78.66195016666667], [16.886894166666664, 78.661951], [16.886885, 78.66195183333333], [16.88687583333333, 78.66195250000001], [16.886866333333334, 78.66195333333333], [16.88685716666667, 78.661954], [16.886848, 78.66195483333333], [16.886839000000002, 78.66195566666667], [16.886829833333334, 78.66195633333334], [16.886820833333335, 78.66195716666667], [16.886811666666667, 78.66195783333333], [16.886802833333334, 78.66195866666666], [16.8867935, 78.66195933333333], [16.886784, 78.66196016666666], [16.886774666666668, 78.66196083333332], [16.886765500000003, 78.66196166666667], [16.886756166666665, 78.6619625]]]}}]}