{"type": "FeatureCollection", "features": [{"type": "Feature", "properties": {"recording": "20260906_134902", "kind": "recorded GPS track"}, "geometry": {"type": "MultiLineString", "coordinates": [[[17.117500333333332, 78.42839333333333], [17.11749916666667, 78.42839316666667], [17.117497833333335, 78.42839316666667], [17.117497, 78.42839316666667], [17.117495666666667, 78.428393], [17.117494333333333, 78.42839283333333], [17.11749316666667, 78.42839283333333], [17.11749216666667, 78.42839266666667], [17.117491166666664, 78.42839266666667], [17.11749, 78.4283925], [17.117488666666667, 78.4283925], [17.1174875, 78.42839233333333], [17.1174865, 78.42839233333333], [17.117485166666665, 78.42839216666667], [17.11748383333333, 78.428392], [17.11748233333333, 78.428392], [17.117481166666668, 78.42839183333334], [17.117480333333333, 78.42839166666666], [17.117478833333333, 78.42839166666666], [17.117477333333333, 78.4283915], [17.117476, 78.42839133333334], [17.11747516666667, 78.42839133333334], [17.117474166666668, 78.42839116666667], [17.117472833333334, 78.42839099999999], [17.117471166666668, 78.42839083333334], [17.11746966666667, 78.42839083333334], [17.117469000000003, 78.42839066666667], [17.117467833333333, 78.42839049999999], [17.117466166666667, 78.42839033333333], [17.1174645, 78.42839016666667], [17.117463333333333, 78.42839016666667], [17.1174625, 78.42839000000001], [17.117461666666667, 78.42838983333333], [17.117459666666665, 78.42838966666666], [17.117458, 78.42838950000001], [17.117457, 78.42838933333334], [17.117456166666667, 78.42838916666666], [17.117454666666667, 78.428389], [17.117452833333335, 78.42838883333334], [17.117451333333335, 78.42838866666666], [17.117450333333334, 78.4283885], [17.117449166666667, 78.42838833333333], [17.117447333333335, 78.428388], [17.1174455, 78.42838783333333], [17.117444499999998, 78.42838783333333], [17.11744333333333, 78.42838766666667], [17.11744183333333, 78.4283875], [17.117439833333332, 78.42838716666667], [17.1174385, 78.428387], [17.1174375, 78.428387], [17.117436333333334, 78.42838683333333], [17.1174345, 78.42838666666667], [17.117433000000002, 78.4283865], [17.117431833333335, 78.42838633333334], [17.117430666666667, 78.42838616666667], [17.117429333333334, 78.42838616666667], [17.117428166666667, 78.428386], [17.117427000000003, 78.42838583333334], [17.11742566666667, 78.42838566666666], [17.117424500000002, 78.4283855], [17.11742333333333, 78.4283855], [17.11742183333333, 78.42838533333334], [17.117420499999998, 78.42838516666667], [17.1174195, 78.42838499999999], [17.117418166666667, 78.42838499999999], [17.117416833333333, 78.42838483333334], [17.117415333333334, 78.42838483333334], [17.117414333333333, 78.42838466666667], [17.117413166666665, 78.42838449999999], [17.117411666666666, 78.42838449999999], [17.117410333333332, 78.42838433333333], [17.117409000000002, 78.42838433333333], [17.117407500000002, 78.42838400000001], [17.11740616666667, 78.42838400000001], [17.117404500000003, 78.42838400000001], [17.11740316666667, 78.42838383333333], [17.11740166666667, 78.42838366666666], [17.1174, 78.42838350000001], [17.117398666666666, 78.42838350000001], [17.1173975, 78.42838350000001], [17.117396166666666, 78.42838316666666], [17.1173945, 78.428383], [17.117392833333334, 78.428383], [17.117391666666666, 78.428383], [17.117390666666665, 78.428383], [17.117389333333332, 78.42838266666666], [17.117387333333333, 78.4283825], [17.117385833333334, 78.4283825], [17.117384833333332, 78.4283825], [17.117384, 78.42838233333333], [17.1173825, 78.42838233333333], [17.11738066666667, 78.42838216666668], [17.11737916666667, 78.428382], [17.117378, 78.428382], [17.11737683333333, 78.428382], [17.117375166666665, 78.42838183333333], [17.1173735, 78.42838166666667], [17.117372166666666, 78.42838149999999], [17.117370833333332, 78.42838149999999], [17.1173695, 78.42838133333333], [17.117367833333333, 78.42838116666667], [17.1173665, 78.428381], [17.117365166666666, 78.428381], [17.1173635, 78.42838083333332], [17.117362333333332, 78.42838066666667], [17.117360666666666, 78.42838066666667], [17.117359333333333, 78.42838066666667], [17.11735816666667, 78.4283805], [17.11735666666667, 78.42838033333334], [17.117355166666666, 78.42838016666666], [17.117353833333333, 78.42838016666666], [17.117352666666665, 78.42838], [17.117351666666664, 78.42837983333334], [17.11735033333333, 78.42837966666666], [17.1173485, 78.42837966666666], [17.117347166666665, 78.42837949999999], [17.117346333333334, 78.42837933333334], [17.117345, 78.42837916666667], [17.117342666666666, 78.42837899999999], [17.117340666666667, 78.42837883333333], [17.117338500000002, 78.42837866666667], [17.117336166666668, 78.42837833333333], [17.117333666666664, 78.42837800000001], [17.117330666666664, 78.42837783333333], [17.117327166666666, 78.4283775], [17.117323, 78.42837683333333], [17.1173185, 78.42837616666667], [17.117314166666667, 78.42837533333334], [17.1173105, 78.4283745], [17.11730783333333, 78.42837333333334], [17.117304833333332, 78.42837216666666], [17.1173025, 78.428371], [17.1173005, 78.42836983333333], [17.1172995, 78.428369], [17.117298833333333, 78.428368], [17.117299333333335, 78.42836716666667], [17.1173005, 78.4283665], [17.117301, 78.42836583333333], [17.117302166666665, 78.42836533333335], [17.117302666666667, 78.428365], [17.117304166666667, 78.42836466666667], [17.117304999999998, 78.42836433333333], [17.117306833333334, 78.42836433333333], [17.117307333333333, 78.42836416666667], [17.11730783333333, 78.428364], [17.1173085, 78.428364], [17.117309499999998, 78.428364], [17.117309833333334, 78.428364], [17.1173105, 78.42836416666667], [17.11731083333333, 78.42836433333333], [17.117311500000003, 78.42836466666667], [17.117312000000002, 78.428365], [17.1173125, 78.42836516666667], [17.117312333333334, 78.4283655], [17.117312166666668, 78.42836566666666], [17.117311333333337, 78.42836583333333], [17.117310333333332, 78.42836583333333], [17.117309499999998, 78.42836583333333], [17.117308666666666, 78.42836583333333], [17.117307666666665, 78.42836583333333], [17.117307166666667, 78.42836583333333], [17.117306499999998, 78.42836583333333], [17.117306166666665, 78.42836566666666], [17.117305166666664, 78.4283655], [17.1173045, 78.42836533333335], [17.117303666666665, 78.42836516666667], [17.117302833333333, 78.428365], [17.117302333333335, 78.42836466666667], [17.117301666666666, 78.4283645], [17.1173015, 78.42836416666667], [17.117301333333334, 78.42836383333334], [17.117301, 78.42836366666667], [17.117300666666665, 78.42836333333334], [17.1173005, 78.428363], [17.1173, 78.42836283333332], [17.1172995, 78.4283625], [17.117299, 78.42836233333334], [17.117298666666667, 78.42836216666666], [17.117298166666668, 78.42836183333334], [17.1172975, 78.4283615], [17.117296666666668, 78.42836133333334], [17.117295833333333, 78.428361], [17.117294833333336, 78.42836083333333], [17.117294, 78.4283605], [17.117293500000002, 78.42836016666666], [17.117293166666666, 78.42836000000001], [17.1172925, 78.42835983333333], [17.117291666666667, 78.4283595], [17.117290833333335, 78.42835933333335], [17.11729, 78.428359], [17.117289500000002, 78.42835866666665], [17.11728916666667, 78.4283585], [17.117288666666663, 78.42835833333334], [17.117288, 78.42835799999999], [17.117287666666666, 78.42835783333334], [17.117287166666664, 78.42835749999999], [17.117286666666665, 78.42835716666667], [17.117285833333334, 78.428357], [17.117284833333333, 78.42835683333332], [17.117284333333334, 78.4283565], [17.117283666666665, 78.42835616666666], [17.117283166666667, 78.42835583333334], [17.117282333333332, 78.42835566666666], [17.1172815, 78.4283555], [17.1172805, 78.42835516666668], [17.1172795, 78.42835483333333], [17.117278333333335, 78.42835466666666], [17.117278, 78.42835433333333], [17.1172775, 78.42835416666667], [17.117276833333335, 78.42835383333333], [17.117275833333334, 78.4283535], [17.117275166666666, 78.42835333333333], [17.117274000000002, 78.428353], [17.117273, 78.42835283333334], [17.117272333333336, 78.4283525], [17.1172715, 78.42835216666667], [17.117270833333336, 78.42835199999999], [17.117269833333335, 78.42835183333334], [17.117269166666667, 78.42835149999999], [17.117268333333335, 78.42835133333332], [17.1172675, 78.428351], [17.117266833333336, 78.42835066666666], [17.117266166666663, 78.42835033333334], [17.117265333333332, 78.42835016666666], [17.117264666666664, 78.42835], [17.117263833333332, 78.42834966666666], [17.117263166666664, 78.4283495], [17.1172625, 78.42834916666668], [17.117261499999998, 78.42834883333333], [17.1172605, 78.42834866666666], [17.117259833333332, 78.42834833333333], [17.117259, 78.428348], [17.117258, 78.42834783333333], [17.117257166666665, 78.4283475], [17.117256166666667, 78.42834733333333], [17.1172555, 78.428347], [17.1172545, 78.42834666666666], [17.117253166666668, 78.42834633333334], [17.117252333333333, 78.42834599999999], [17.117251166666666, 78.42834583333334], [17.117250333333335, 78.42834549999999], [17.117249333333334, 78.42834516666667], [17.117248500000002, 78.42834500000001], [17.117247833333334, 78.42834483333333], [17.117247000000003, 78.42834450000001], [17.117246, 78.42834433333334], [17.117245166666667, 78.42834416666666], [17.1172445, 78.42834383333334], [17.117243833333337, 78.42834366666666], [17.11724333333333, 78.4283435], [17.1172425, 78.42834316666668], [17.117241666666665, 78.428343], [17.117240833333334, 78.42834266666667], [17.117240166666665, 78.4283425], [17.1172395, 78.42834216666667], [17.11723883333333, 78.428342], [17.117238166666667, 78.42834183333333], [17.117237166666666, 78.4283415], [17.1172365, 78.42834116666667], [17.1172355, 78.428341], [17.117234666666665, 78.42834066666666], [17.1172335, 78.4283405], [17.117232333333334, 78.42834016666667], [17.1172315, 78.42833999999999], [17.117230666666668, 78.42833966666667], [17.11723, 78.42833933333333], [17.117229166666668, 78.42833916666667], [17.117228, 78.42833900000001], [17.117226833333334, 78.42833866666666], [17.117226000000002, 78.42833833333334], [17.117225, 78.428338], [17.117224333333336, 78.42833783333334], [17.1172235, 78.4283375], [17.1172225, 78.42833733333333], [17.117221833333335, 78.428337], [17.11722083333333, 78.42833683333333], [17.117219833333333, 78.42833666666667], [17.117218833333332, 78.42833633333333], [17.11721783333333, 78.428336], [17.117216833333334, 78.42833583333332], [17.117215833333333, 78.4283355], [17.117214999999998, 78.42833533333334], [17.117213833333334, 78.428335], [17.117213, 78.42833466666666], [17.117212, 78.42833449999999], [17.117210833333335, 78.42833416666667], [17.117209833333334, 78.42833383333333], [17.117208833333333, 78.42833366666667], [17.117207666666665, 78.42833333333333], [17.117206166666666, 78.42833300000001], [17.117205000000002, 78.42833283333333], [17.117203833333335, 78.4283325], [17.117202333333335, 78.42833233333334], [17.117201166666668, 78.428332], [17.117199833333334, 78.42833183333333], [17.117198666666663, 78.4283315], [17.1171975, 78.42833116666667], [17.117196333333332, 78.428331], [17.117195, 78.42833066666667], [17.117193666666665, 78.42833033333334], [17.117192333333332, 78.42833016666667], [17.117191166666665, 78.42832983333332], [17.117190166666667, 78.4283295], [17.117189166666666, 78.42832933333334], [17.117188, 78.428329], [17.117186833333335, 78.42832866666666], [17.1171855, 78.42832849999999], [17.1171845, 78.42832816666667], [17.117183166666667, 78.428328], [17.117182, 78.42832766666668], [17.117180833333336, 78.42832733333333], [17.11717966666667, 78.42832716666666], [17.117178666666668, 78.42832700000001], [17.117177333333334, 78.42832666666666], [17.117175999999997, 78.4283265], [17.117174499999997, 78.42832616666666], [17.117173166666664, 78.428326], [17.117171833333334, 78.42832566666667], [17.1171705, 78.42832533333333], [17.117169166666667, 78.42832516666667], [17.117167833333333, 78.428325], [17.1171665, 78.42832466666667], [17.117165333333332, 78.42832449999999], [17.117164, 78.42832416666667], [17.117162666666665, 78.428324], [17.117161166666666, 78.42832366666667], [17.117159833333336, 78.4283235], [17.117158500000002, 78.42832316666666], [17.11715716666667, 78.428323], [17.11715566666667, 78.42832283333334], [17.11715416666667, 78.4283225], [17.117152833333332, 78.42832233333334], [17.117151333333332, 78.428322], [17.117150166666665, 78.42832166666668], [17.11714883333333, 78.42832100000001], [17.117147166666665, 78.42832033333335], [17.117145833333332, 78.4283195], [17.1171445, 78.42831883333334], [17.117142666666666, 78.42831783333332], [17.117140166666665, 78.42831683333334], [17.117137666666668, 78.42831583333333], [17.117135666666666, 78.42831500000001], [17.117133333333335, 78.42831433333335], [17.117130999999997, 78.42831366666665], [17.117128666666666, 78.42831299999999], [17.117126499999998, 78.42831216666667], [17.11712483333333, 78.42831166666666], [17.117123333333332, 78.428311], [17.117121333333333, 78.4283105], [17.117118833333333, 78.42830983333333], [17.117116833333334, 78.42830933333333], [17.1171155, 78.42830883333333], [17.117114, 78.42830816666667], [17.117112333333335, 78.42830766666665], [17.117110833333335, 78.42830699999999], [17.1171095, 78.42830616666667], [17.117108499999997, 78.42830533333334], [17.117108666666663, 78.42830433333333], [17.1171095, 78.42830333333333], [17.117111, 78.42830233333333], [17.117113833333335, 78.42830133333334], [17.117116333333335, 78.42830033333333], [17.11712, 78.42829950000001], [17.117124333333333, 78.42829883333334], [17.117129666666663, 78.42829816666668], [17.11713466666667, 78.4282975], [17.117139666666667, 78.42829733333333], [17.1171455, 78.42829716666667], [17.117151666666665, 78.428297], [17.117158333333336, 78.428297], [17.1171645, 78.42829716666667], [17.117171499999998, 78.42829733333333], [17.1171785, 78.42829783333333], [17.117185833333334, 78.42829816666668], [17.117193, 78.42829866666666], [17.117200166666667, 78.42829933333334], [17.117207333333333, 78.42830000000001], [17.1172145, 78.42830066666667], [17.117221833333335, 78.4283015], [17.117229000000002, 78.42830233333333], [17.117236, 78.42830316666667], [17.117243166666665, 78.428304], [17.117249833333336, 78.42830466666666], [17.1172565, 78.42830566666666], [17.117262999999998, 78.42830649999999], [17.117269500000003, 78.4283075], [17.117275833333334, 78.4283085], [17.117282666666664, 78.42830933333333], [17.117288833333337, 78.42831016666668], [17.117295000000002, 78.42831133333334], [17.117301166666667, 78.42831233333332], [17.117307333333333, 78.42831333333334], [17.117313833333334, 78.42831433333335], [17.117320333333332, 78.4283155], [17.1173265, 78.4283165], [17.1173325, 78.42831766666667], [17.11733866666667, 78.42831866666667], [17.117345166666667, 78.42831983333333], [17.117351166666666, 78.42832083333333], [17.117356500000003, 78.428322], [17.117362500000002, 78.42832316666666], [17.117368166666665, 78.42832416666667], [17.117373999999998, 78.42832533333333], [17.117379333333336, 78.4283265], [17.117384166666668, 78.42832783333333], [17.11739, 78.428329], [17.117395166666665, 78.42833033333334], [17.11740083333333, 78.4283315], [17.117405833333333, 78.42833283333333], [17.117411166666667, 78.42833416666667], [17.1174155, 78.4283355], [17.11742033333333, 78.42833683333333], [17.117424833333335, 78.428338], [17.117429666666666, 78.42833933333333], [17.117433666666667, 78.42834066666666], [17.117437833333334, 78.428342], [17.11744183333333, 78.42834333333333], [17.117445999999997, 78.42834466666666], [17.117450333333334, 78.42834599999999], [17.117454666666667, 78.42834733333333], [17.117458833333334, 78.42834883333333], [17.1174635, 78.42835033333334], [17.117467666666666, 78.42835183333334], [17.117471833333333, 78.42835333333333], [17.117476500000002, 78.42835466666666], [17.117480666666665, 78.42835616666666], [17.117485166666665, 78.42835766666667], [17.117489666666664, 78.428359], [17.117494166666667, 78.42836033333333], [17.117498166666667, 78.42836166666666], [17.117501833333332, 78.42836316666667], [17.117505666666666, 78.42836483333333], [17.11750933333333, 78.42836633333333], [17.117513166666665, 78.42836783333334], [17.11751716666667, 78.42836916666667], [17.117521, 78.42837066666667], [17.117524666666668, 78.42837200000001], [17.117528666666665, 78.42837333333334], [17.1175325, 78.42837483333332], [17.117536166666664, 78.428376], [17.117539833333336, 78.42837733333334], [17.117543166666668, 78.42837866666667], [17.117547000000002, 78.42838], [17.117550666666666, 78.42838133333333], [17.11755433333333, 78.42838266666666], [17.117557833333333, 78.42838400000001], [17.117561833333333, 78.42838533333334], [17.117565666666668, 78.42838666666667], [17.117569500000002, 78.428388], [17.11757383333333, 78.42838933333334], [17.117577666666666, 78.42839049999999], [17.117580999999998, 78.42839183333334], [17.117585000000002, 78.42839316666667], [17.117589, 78.4283945], [17.117592833333333, 78.42839566666666], [17.11759633333333, 78.42839699999999], [17.117600166666666, 78.42839833333333], [17.117603999999996, 78.42839966666666], [17.117608333333333, 78.428401], [17.117612, 78.42840233333332], [17.117615833333332, 78.42840366666665], [17.117619833333332, 78.42840500000001], [17.117623833333333, 78.42840633333334], [17.117628, 78.42840766666667], [17.117632166666667, 78.428409], [17.117636, 78.42841033333335], [17.117639999999998, 78.42841166666668], [17.117644166666665, 78.42841283333334], [17.117648666666664, 78.42841416666667], [17.117652666666668, 78.4284155], [17.117657, 78.42841683333333], [17.117660833333332, 78.42841816666667], [17.117665166666665, 78.4284195], [17.117669666666664, 78.42842083333333], [17.117674, 78.42842216666666], [17.117678166666668, 78.4284235], [17.117682666666667, 78.42842483333334], [17.117686666666668, 78.42842616666667], [17.117690999999997, 78.42842733333333], [17.11769566666667, 78.42842866666666], [17.117699666666667, 78.42842999999999], [17.117704166666666, 78.42843116666667], [17.117708666666665, 78.4284325], [17.117713166666665, 78.42843383333334], [17.1177175, 78.42843516666667], [17.117722166666667, 78.4284365], [17.117726833333332, 78.42843783333333], [17.117731499999998, 78.42843916666668], [17.117736166666667, 78.42844050000001], [17.117740833333336, 78.42844183333334], [17.117745666666668, 78.42844316666667], [17.117750333333333, 78.42844433333333], [17.117754833333333, 78.42844566666666], [17.1177595, 78.428447], [17.1177645, 78.42844833333334], [17.117769, 78.42844966666667], [17.117774, 78.428451], [17.117779, 78.42845233333334], [17.117783666666664, 78.42845349999999], [17.1177885, 78.42845483333333], [17.117793333333335, 78.42845616666666], [17.1177985, 78.4284575], [17.117803166666665, 78.42845883333332], [17.117807833333334, 78.42846016666667], [17.11781266666667, 78.42846133333335], [17.117818, 78.42846266666668], [17.117822666666665, 78.428464], [17.117827499999997, 78.42846533333334], [17.117832333333336, 78.42846666666667], [17.117837333333334, 78.42846783333333], [17.1178425, 78.42846916666667], [17.1178475, 78.4284705], [17.1178525, 78.42847183333333], [17.117857833333336, 78.42847316666666], [17.117862666666667, 78.4284745], [17.11786783333333, 78.42847583333334], [17.117873, 78.428477], [17.117877833333335, 78.42847833333333], [17.117883166666665, 78.42847966666666], [17.117888166666667, 78.42848099999999], [17.117892833333332, 78.42848216666667], [17.117898, 78.4284835], [17.117903000000002, 78.42848483333334], [17.117908333333332, 78.428486], [17.117913666666666, 78.42848733333334], [17.11791883333333, 78.42848866666667], [17.117924333333335, 78.42848983333333], [17.117929833333335, 78.42849116666666], [17.117935, 78.42849249999999], [17.117940166666664, 78.42849383333333], [17.117946, 78.42849500000001], [17.1179515, 78.42849616666668], [17.117956833333334, 78.42849733333334], [17.117962166666665, 78.42849866666667], [17.117967833333335, 78.42849983333333], [17.117973333333335, 78.42850100000001], [17.117979, 78.42850216666668], [17.117984666666665, 78.42850333333334], [17.117990333333335, 78.42850466666667], [17.117995833333335, 78.42850583333333], [17.118002, 78.42850716666666], [17.118007833333333, 78.42850833333334], [17.118013666666666, 78.4285095], [17.1180195, 78.42851083333333], [17.118025333333332, 78.428512], [17.118030833333332, 78.42851316666666], [17.118037, 78.42851433333334], [17.1180425, 78.4285155], [17.118048166666664, 78.42851683333333], [17.118053999999997, 78.428518], [17.1180595, 78.42851916666667], [17.118065666666666, 78.42852033333334], [17.118071333333333, 78.4285215], [17.118077333333336, 78.42852283333333], [17.118083333333335, 78.428524], [17.1180895, 78.42852533333333], [17.118095333333333, 78.4285265], [17.118101333333335, 78.42852766666667], [17.118107000000002, 78.42852883333333], [17.11811283333333, 78.42853], [17.118118499999998, 78.42853133333332], [17.118124333333334, 78.4285325], [17.11813, 78.42853366666667], [17.118135833333334, 78.42853483333333], [17.118142, 78.42853616666666], [17.11814766666667, 78.42853733333332], [17.118153666666668, 78.4285385], [17.11816, 78.42853983333333], [17.118166, 78.428541], [17.118171833333335, 78.42854233333334], [17.118177333333332, 78.42854349999999], [17.1181835, 78.42854483333333], [17.118189166666664, 78.42854600000001], [17.118194833333334, 78.42854716666668], [17.118200666666667, 78.4285485], [17.118206666666666, 78.42854966666667], [17.118212500000002, 78.42855083333333], [17.118218333333335, 78.42855216666666], [17.118224166666668, 78.42855333333334], [17.118230166666667, 78.42855466666667], [17.11823616666667, 78.428556], [17.11824216666667, 78.42855716666666], [17.118248, 78.4285585], [17.118253666666664, 78.42855983333334], [17.118260000000003, 78.428561], [17.118265833333332, 78.42856233333333], [17.11827183333333, 78.42856350000001], [17.118277166666665, 78.42856483333334], [17.1182835, 78.42856616666667], [17.118289, 78.4285675], [17.1182945, 78.42856866666666], [17.1183005, 78.42857000000001], [17.118306166666667, 78.42857133333334], [17.118311666666667, 78.42857266666667], [17.118317166666667, 78.428574], [17.118323166666666, 78.42857550000001], [17.118329000000003, 78.42857666666667], [17.118334833333332, 78.428578], [17.118340166666666, 78.42857933333333], [17.118346, 78.42858066666666], [17.118351833333335, 78.428582], [17.118357833333334, 78.42858316666667], [17.11836333333333, 78.4285845], [17.118369166666664, 78.42858583333333], [17.118375333333333, 78.42858700000001], [17.118381333333332, 78.42858833333334], [17.11838733333333, 78.4285895], [17.118393333333334, 78.42859083333333], [17.1183995, 78.42859216666668], [17.118406, 78.4285935], [17.118411833333333, 78.42859466666667], [17.118417833333336, 78.428596], [17.118424, 78.42859733333333], [17.118430166666666, 78.42859849999999], [17.118436166666665, 78.42859966666667], [17.11844166666667, 78.428601], [17.11844766666667, 78.42860216666666], [17.118453666666667, 78.4286035], [17.118459833333336, 78.42860466666666], [17.11846566666667, 78.42860583333332], [17.118471333333332, 78.42860716666668], [17.118477499999997, 78.42860850000001], [17.11848366666667, 78.42860966666667], [17.11849, 78.42861083333334], [17.118496166666667, 78.42861216666667], [17.118502333333332, 78.4286135], [17.118508666666667, 78.42861483333333], [17.118514666666666, 78.42861599999999], [17.118520666666665, 78.42861733333334], [17.11852683333333, 78.4286185], [17.118533333333335, 78.42861983333334], [17.118539333333334, 78.42862116666667], [17.1185455, 78.42862233333334], [17.11855166666667, 78.42862366666667], [17.118558166666666, 78.428625], [17.118564499999998, 78.42862633333334], [17.118571166666666, 78.42862749999999], [17.118577333333334, 78.42862883333333], [17.1185835, 78.42863016666666], [17.118589999999998, 78.4286315], [17.11859616666667, 78.42863266666667], [17.118602333333335, 78.42863383333334], [17.1186085, 78.42863516666667], [17.1186145, 78.42863633333333], [17.118620333333336, 78.42863766666666], [17.1186265, 78.42863883333332], [17.118632666666667, 78.42864016666667], [17.118638999999998, 78.42864133333335], [17.118645166666667, 78.42864266666668], [17.118651, 78.428644], [17.118657666666664, 78.42864533333334], [17.118663833333336, 78.42864666666667], [17.11867, 78.42864800000001], [17.118676166666667, 78.42864916666667], [17.118682333333332, 78.4286505], [17.1186885, 78.42865183333333], [17.118694833333333, 78.42865316666666], [17.1187005, 78.4286545], [17.11870683333333, 78.42865566666666], [17.118713166666666, 78.428657], [17.118719, 78.42865816666668], [17.118725166666664, 78.42865933333333], [17.118731333333336, 78.42866066666667], [17.118737666666668, 78.428662], [17.1187435, 78.42866333333333], [17.118749833333332, 78.42866466666666], [17.11875566666667, 78.428666], [17.118761666666668, 78.42866733333334], [17.118767833333333, 78.4286685], [17.118774, 78.42866983333333], [17.118780166666667, 78.42867116666666], [17.118786166666666, 78.42867249999999], [17.118791833333333, 78.42867383333333], [17.1187985, 78.42867500000001], [17.1188045, 78.42867633333334], [17.118810166666666, 78.42867783333332], [17.118816166666665, 78.42867916666667], [17.1188225, 78.42868033333333], [17.118828666666666, 78.42868166666668], [17.118834833333334, 78.428683], [17.118840666666664, 78.42868433333334], [17.118847000000002, 78.42868566666667], [17.118852666666665, 78.42868700000001], [17.118858833333334, 78.42868816666667], [17.118864499999997, 78.4286895], [17.118870666666666, 78.42869083333333], [17.1188765, 78.42869216666666], [17.118882666666664, 78.42869333333333], [17.1188885, 78.42869466666666], [17.118894666666666, 78.428696], [17.11890083333333, 78.42869733333333], [17.118907333333333, 78.42869866666666], [17.118913666666668, 78.42869999999999], [17.118919666666667, 78.42870133333332], [17.118926166666665, 78.42870266666667], [17.118933000000002, 78.42870383333334], [17.118939, 78.42870533333333], [17.118944833333334, 78.4287065], [17.118951166666665, 78.42870783333333], [17.118957333333334, 78.42870916666668], [17.1189635, 78.42871050000001], [17.11896983333333, 78.42871183333334], [17.118975666666664, 78.42871316666667], [17.118981833333333, 78.4287145], [17.118988333333334, 78.42871583333334], [17.1189945, 78.42871716666667], [17.11900066666667, 78.4287185], [17.119006666666667, 78.42871983333333], [17.119012833333333, 78.428721], [17.11901883333333, 78.4287225], [17.119024833333334, 78.42872366666667], [17.119031, 78.428725], [17.119037, 78.42872633333333], [17.119042999999998, 78.42872766666666], [17.119049166666667, 78.428729], [17.1190555, 78.42873033333333], [17.119061666666667, 78.4287315], [17.119067833333336, 78.428733], [17.119074, 78.42873433333332], [17.119080666666665, 78.42873566666667], [17.11908683333333, 78.428737], [17.11909316666667, 78.42873833333333], [17.119099333333335, 78.42873966666666], [17.1191055, 78.428741], [17.119111666666665, 78.42874233333333], [17.119117666666668, 78.42874366666666], [17.119123333333334, 78.42874499999999], [17.1191295, 78.42874633333332], [17.119135333333336, 78.42874766666667], [17.11914116666667, 78.428749], [17.119147166666668, 78.42875033333333], [17.119153333333333, 78.42875166666666], [17.119159333333336, 78.428753], [17.119165666666667, 78.4287545], [17.1191715, 78.42875583333333], [17.11917783333333, 78.42875716666667], [17.119184166666667, 78.4287585], [17.119190666666668, 78.42875983333333], [17.119196833333334, 78.42876116666666], [17.11920266666667, 78.42876249999999], [17.119209, 78.42876383333333], [17.119215666666665, 78.42876516666666], [17.119221666666665, 78.4287665], [17.119227000000002, 78.42876783333332], [17.119233333333334, 78.42876916666667], [17.119239333333333, 78.4287705], [17.119245666666664, 78.42877183333333], [17.119251833333333, 78.42877316666666], [17.119257833333332, 78.42877449999999], [17.11926383333333, 78.428776], [17.119270333333336, 78.42877716666666], [17.1192765, 78.42877849999999], [17.119282666666667, 78.42877983333332], [17.119288666666666, 78.42878133333333], [17.119295166666667, 78.4287825], [17.1193015, 78.428784], [17.119307499999998, 78.42878516666666], [17.119313833333333, 78.42878649999999], [17.119320166666668, 78.42878783333335], [17.119327, 78.42878916666668], [17.119332999999997, 78.4287905], [17.11933966666667, 78.42879183333334], [17.119346166666666, 78.42879333333333], [17.119352499999998, 78.42879466666666], [17.119358833333333, 78.42879583333334], [17.119365166666668, 78.42879716666667], [17.119371333333333, 78.4287985], [17.119377333333333, 78.4288], [17.119383333333335, 78.42880133333333], [17.119389333333334, 78.42880266666666], [17.119395666666666, 78.428804], [17.119401666666665, 78.42880516666668], [17.119408, 78.42880650000001], [17.119414, 78.42880783333334], [17.119420166666664, 78.42880916666667], [17.119426333333333, 78.4288105], [17.11943266666667, 78.42881183333334], [17.1194385, 78.42881316666667], [17.11944533333333, 78.4288145], [17.119451166666668, 78.42881600000001], [17.119458, 78.42881733333334], [17.119464, 78.42881866666667], [17.11947083333333, 78.42881983333334], [17.119477166666666, 78.42882116666667], [17.119483833333334, 78.4288225], [17.119490166666665, 78.42882383333334], [17.119496333333334, 78.428825], [17.119503166666668, 78.42882633333333], [17.1195095, 78.42882766666666], [17.11951583333333, 78.428829], [17.119522, 78.42883033333332], [17.1195285, 78.42883149999999], [17.119534833333333, 78.42883283333335], [17.119540833333335, 78.42883416666668], [17.119547, 78.4288355], [17.119553333333332, 78.42883666666667], [17.119559499999998, 78.428838], [17.119565333333334, 78.42883933333333], [17.119571833333335, 78.42884066666667], [17.119578166666667, 78.428842], [17.1195845, 78.42884333333333], [17.119591166666666, 78.42884466666666], [17.119597666666667, 78.42884600000001], [17.119604, 78.42884733333334], [17.119610666666667, 78.42884866666667], [17.1196175, 78.42885], [17.119623999999998, 78.42885133333333], [17.119629999999997, 78.42885266666667], [17.119636500000002, 78.428854], [17.119643, 78.42885516666666], [17.119649166666665, 78.4288565], [17.119655166666668, 78.42885783333332], [17.119661333333333, 78.42885916666667], [17.119667333333332, 78.4288605], [17.119673499999998, 78.42886166666668], [17.1196795, 78.42886316666666], [17.11968583333333, 78.42886449999999], [17.119692333333333, 78.42886583333333], [17.119698500000002, 78.42886733333333], [17.1197045, 78.42886866666666], [17.119711166666665, 78.42887], [17.11971733333333, 78.42887133333333], [17.119723833333335, 78.42887266666666], [17.11973, 78.428874], [17.119736166666666, 78.42887533333332], [17.119742666666664, 78.42887666666667], [17.119749000000002, 78.42887816666666], [17.119755333333334, 78.4288795], [17.119761666666665, 78.42888066666666], [17.119768, 78.42888216666667], [17.119774500000002, 78.4288835], [17.119781333333332, 78.42888483333333], [17.11978733333333, 78.42888616666667], [17.119793666666666, 78.42888766666667], [17.119800166666668, 78.428889], [17.1198065, 78.42889033333333], [17.119812666666668, 78.42889166666667], [17.119819166666666, 78.428893], [17.119825166666665, 78.42889433333333], [17.1198315, 78.42889566666666], [17.119838166666668, 78.42889683333333], [17.119844166666667, 78.42889816666667], [17.119850666666665, 78.4288995], [17.119856833333333, 78.42890083333333], [17.1198635, 78.42890216666666], [17.11987, 78.42890349999999], [17.1198765, 78.42890483333333], [17.119883, 78.42890633333333], [17.119889333333333, 78.42890766666666], [17.11989583333333, 78.428909], [17.119902000000003, 78.4289105], [17.119908333333335, 78.42891183333333], [17.1199145, 78.42891316666667], [17.11992083333333, 78.4289145], [17.119926500000002, 78.42891583333333], [17.119932833333333, 78.42891716666666], [17.11993933333333, 78.4289185], [17.119945499999996, 78.42891983333334], [17.1199515, 78.42892116666667], [17.119957499999998, 78.4289225], [17.119963666666667, 78.42892383333333], [17.119970000000002, 78.42892516666667], [17.1199765, 78.42892633333332], [17.11998283333333, 78.42892766666667], [17.119989166666667, 78.428929], [17.119995666666668, 78.42893033333333], [17.120002166666666, 78.42893166666666], [17.120008833333333, 78.42893283333333], [17.12001516666667, 78.42893416666668], [17.120021333333334, 78.42893566666666], [17.120028333333334, 78.42893699999999], [17.12003483333333, 78.42893816666667], [17.120040833333334, 78.42893966666666], [17.1200475, 78.428941], [17.120054, 78.42894233333332], [17.12006016666667, 78.42894383333334], [17.1200665, 78.42894516666667], [17.1200725, 78.4289465], [17.120078499999998, 78.428948], [17.1200845, 78.42894933333334], [17.120090666666666, 78.42895066666667], [17.120096666666665, 78.42895216666668], [17.120102499999998, 78.4289535], [17.120108833333333, 78.42895483333334], [17.120115, 78.42895616666667], [17.120120999999997, 78.4289575], [17.12012716666667, 78.42895883333334], [17.1201335, 78.42896016666667], [17.120139666666667, 78.4289615], [17.120146499999997, 78.42896283333333], [17.12015266666667, 78.42896416666667], [17.120159, 78.4289655], [17.120165333333333, 78.42896683333333], [17.120171833333334, 78.42896833333333], [17.120177666666667, 78.42896966666667], [17.120184333333334, 78.42897116666667], [17.120190666666666, 78.4289725], [17.120197166666667, 78.42897383333334], [17.120203666666665, 78.42897516666667], [17.120210166666666, 78.4289765], [17.120216333333335, 78.42897783333333], [17.120222666666667, 78.42897933333333], [17.120229, 78.42898066666666], [17.120235166666664, 78.42898199999999], [17.120241333333336, 78.4289835], [17.1202475, 78.42898483333333], [17.120253666666667, 78.42898633333333], [17.120259833333332, 78.42898766666667], [17.120266166666667, 78.428989], [17.120272666666665, 78.42899033333333], [17.120279, 78.42899166666666], [17.120285000000003, 78.428993], [17.120291333333334, 78.42899433333334], [17.120297666666666, 78.42899566666667], [17.12030383333333, 78.42899716666668], [17.120310166666666, 78.4289985], [17.120316166666665, 78.42899983333334], [17.120322833333333, 78.42900116666667], [17.120329166666668, 78.4290025], [17.120335833333336, 78.42900383333334], [17.120341833333335, 78.42900516666667], [17.120348, 78.42900666666667], [17.120354333333335, 78.42900800000001], [17.120360666666667, 78.42900933333334], [17.120366666666666, 78.42901066666667], [17.120372999999997, 78.429012], [17.120379166666666, 78.42901333333333], [17.120385333333335, 78.42901466666667], [17.120392, 78.429016], [17.120398333333334, 78.42901733333333], [17.120404833333335, 78.42901866666666], [17.120411333333333, 78.42902000000001], [17.120417999999997, 78.42902133333334], [17.120424333333336, 78.42902266666667], [17.120431, 78.429024], [17.120437666666664, 78.42902550000001], [17.120444000000003, 78.42902683333334], [17.120450166666668, 78.42902816666667], [17.120456333333333, 78.4290295], [17.120462666666665, 78.42903083333334], [17.120468833333334, 78.42903216666667], [17.12047533333333, 78.42903333333334], [17.12048133333333, 78.42903466666667], [17.120487500000003, 78.429036], [17.120494, 78.42903733333333], [17.1205, 78.42903866666667], [17.12050633333333, 78.42904], [17.1205125, 78.4290415], [17.120518833333332, 78.42904283333334], [17.120525, 78.42904416666667], [17.120531500000002, 78.4290455], [17.120537666666667, 78.42904700000001], [17.120544, 78.42904833333334], [17.1205505, 78.42904966666667], [17.120557, 78.42905116666667], [17.1205635, 78.42905233333333], [17.12056983333333, 78.42905366666668], [17.120576500000002, 78.429055], [17.120583, 78.42905633333334], [17.1205895, 78.42905766666667], [17.120595833333333, 78.42905900000001], [17.120602, 78.42906033333334], [17.1206085, 78.42906166666667], [17.12061483333333, 78.429063], [17.12062083333333, 78.42906433333333], [17.120627333333335, 78.42906566666667], [17.120633333333334, 78.429067], [17.120639666666666, 78.42906833333333], [17.120646, 78.42906966666666], [17.120652166666666, 78.42907100000001], [17.12065833333333, 78.4290725], [17.12066433333333, 78.42907383333333], [17.120671166666668, 78.42907516666668], [17.120677833333332, 78.42907633333333], [17.12068383333333, 78.42907766666667], [17.12069016666667, 78.42907916666667], [17.120696666666667, 78.4290805], [17.12070333333333, 78.42908183333334], [17.120709833333333, 78.42908316666667], [17.120716, 78.42908466666667], [17.1207225, 78.42908600000001], [17.120728999999997, 78.42908733333334], [17.12073516666667, 78.42908866666667], [17.120741333333335, 78.42909016666667], [17.120748, 78.4290915], [17.120754166666664, 78.42909283333333], [17.120760166666667, 78.42909416666666], [17.120766166666666, 78.42909549999999], [17.120772666666667, 78.42909683333333], [17.120779000000002, 78.42909816666666], [17.120785166666668, 78.42909949999999], [17.1207915, 78.42910083333332], [17.12079783333333, 78.42910216666668], [17.120804333333336, 78.42910350000001], [17.1208105, 78.42910483333334], [17.120817, 78.42910616666667], [17.12082333333333, 78.4291075], [17.12083, 78.42910883333334], [17.120836666666666, 78.42911033333333], [17.120842999999997, 78.42911166666666], [17.12084966666667, 78.429113], [17.120856166666666, 78.42911433333333], [17.120862666666667, 78.42911566666666], [17.120868833333336, 78.42911699999999], [17.120875333333334, 78.4291185], [17.120881666666666, 78.42911983333333], [17.120887666666665, 78.42912116666666], [17.120893833333334, 78.42912266666667], [17.120900333333335, 78.429124], [17.120906666666666, 78.42912533333333], [17.120912833333332, 78.42912666666666], [17.120919333333333, 78.429128], [17.120925166666666, 78.4291295], [17.120931499999998, 78.42913083333333], [17.120937833333336, 78.42913216666668], [17.120944333333334, 78.4291335], [17.120950666666666, 78.42913483333334], [17.120956999999997, 78.42913616666667], [17.120963333333336, 78.4291375], [17.120969833333334, 78.42913883333334], [17.120976499999998, 78.42914016666667], [17.120982833333336, 78.42914166666667], [17.120989333333334, 78.42914283333333], [17.120995333333333, 78.42914416666667], [17.121001666666665, 78.4291455], [17.121008166666666, 78.42914683333333], [17.1210145, 78.429148], [17.121020666666666, 78.42914933333333], [17.121027, 78.42915066666666], [17.121033666666666, 78.429152], [17.121040333333333, 78.42915333333333], [17.12104683333333, 78.42915466666666], [17.121053, 78.42915599999999], [17.121059666666667, 78.42915733333332], [17.121066499999998, 78.42915866666667], [17.121073000000003, 78.42916], [17.121079333333334, 78.42916133333333], [17.121086, 78.42916283333334], [17.121092333333333, 78.42916416666667], [17.121098833333335, 78.4291655], [17.1211055, 78.429167], [17.121111666666664, 78.42916833333334], [17.12111816666667, 78.42916966666667], [17.121124666666667, 78.429171], [17.121130833333332, 78.42917233333333], [17.121136999999997, 78.42917366666667], [17.121143500000002, 78.429175], [17.121149666666668, 78.42917633333333], [17.121156166666665, 78.42917766666666], [17.121162, 78.42917916666667], [17.121168, 78.4291805], [17.121174333333332, 78.42918183333333], [17.121180833333334, 78.42918316666666], [17.121186666666667, 78.4291845], [17.1211935, 78.429186], [17.121199333333333, 78.42918733333333], [17.121205999999997, 78.42918866666668], [17.121212, 78.42919016666666], [17.121218333333335, 78.42919149999999], [17.121224833333333, 78.42919283333335], [17.121231333333334, 78.42919416666668], [17.121237333333333, 78.42919566666666], [17.12124383333333, 78.429197], [17.12125, 78.42919833333333], [17.12125616666667, 78.42919966666666], [17.121262666666667, 78.42920099999999], [17.1212685, 78.42920233333332], [17.121275, 78.42920366666667], [17.121280833333334, 78.42920516666666], [17.121287, 78.42920649999999], [17.1212935, 78.42920783333334], [17.121299833333335, 78.42920916666667], [17.121306166666667, 78.4292105], [17.121312166666666, 78.42921183333333], [17.12131833333333, 78.42921316666666], [17.121324833333333, 78.4292145], [17.121331166666668, 78.42921583333333], [17.121337666666665, 78.42921716666666], [17.121344, 78.42921849999999], [17.121350166666666, 78.42921983333333], [17.1213565, 78.42922116666666], [17.12136333333333, 78.4292225], [17.121369833333333, 78.42922383333332], [17.121376333333334, 78.42922516666665], [17.12138283333333, 78.42922666666666], [17.121388833333334, 78.429228], [17.121395833333334, 78.4292295], [17.121402166666666, 78.42923066666667], [17.121408, 78.42923216666667], [17.121414333333334, 78.4292335], [17.121420666666666, 78.42923483333334], [17.12142683333333, 78.42923616666667], [17.1214325, 78.4292375], [17.121439000000002, 78.42923883333333], [17.121445166666668, 78.42924033333334], [17.121451, 78.42924166666667], [17.121457666666668, 78.429243], [17.121463833333333, 78.42924450000001], [17.121470166666665, 78.42924583333334], [17.121476833333336, 78.42924716666667], [17.121483166666668, 78.42924866666667], [17.121489166666667, 78.42925], [17.121495499999998, 78.42925149999999], [17.121501833333333, 78.42925283333334], [17.12150816666667, 78.42925433333333], [17.121514166666667, 78.42925566666666], [17.121520333333333, 78.429257], [17.121526666666668, 78.4292585], [17.121533166666666, 78.42925983333333], [17.121539166666665, 78.42926116666666], [17.1215455, 78.42926250000001], [17.12155166666667, 78.42926383333334], [17.121558, 78.42926516666667], [17.121564499999998, 78.4292665], [17.121570666666667, 78.42926783333334], [17.121577333333335, 78.42926916666667], [17.121583166666667, 78.4292705], [17.121589833333335, 78.42927183333333], [17.121596, 78.42927316666666], [17.121602666666668, 78.4292745], [17.121608833333333, 78.42927566666667], [17.121615833333333, 78.42927716666667], [17.121622333333335, 78.4292785], [17.121628833333332, 78.42927983333334], [17.121635166666668, 78.42928116666667], [17.121641833333335, 78.4292825], [17.121648166666667, 78.42928383333333], [17.121655166666667, 78.42928516666666], [17.121661666666668, 78.4292865], [17.121667666666667, 78.42928783333333], [17.12167433333333, 78.42928916666666], [17.121680333333334, 78.4292905], [17.121686333333333, 78.429292], [17.121692833333334, 78.42929333333333], [17.121699, 78.42929466666666], [17.1217055, 78.42929600000001], [17.121712, 78.42929733333334], [17.121718166666668, 78.42929866666667], [17.121724833333335, 78.4293], [17.12173166666667, 78.42930133333333], [17.121738, 78.42930283333334], [17.121744666666665, 78.42930416666667], [17.121751333333336, 78.4293055], [17.121757833333334, 78.42930683333334], [17.121764499999998, 78.42930816666667], [17.12177116666667, 78.4293095], [17.121777333333334, 78.42931083333333], [17.121783666666666, 78.42931216666666], [17.12178983333333, 78.4293135], [17.121796166666666, 78.42931483333334], [17.121802166666665, 78.42931616666667], [17.121809, 78.4293175], [17.121815166666668, 78.42931883333334], [17.1218215, 78.42932016666667], [17.121827666666665, 78.4293215], [17.121834166666666, 78.42932283333333], [17.121840833333334, 78.42932416666666], [17.121847166666665, 78.4293255], [17.121853333333334, 78.42932683333333], [17.121859833333335, 78.42932833333333], [17.121866166666667, 78.42932966666667], [17.121872833333335, 78.429331], [17.121879166666666, 78.42933233333333], [17.121885666666667, 78.42933366666666], [17.1218925, 78.42933500000001], [17.121898666666667, 78.4293365], [17.121905, 78.42933783333334], [17.121911666666666, 78.42933916666667], [17.1219175, 78.42934050000001], [17.121924, 78.42934183333334], [17.12193016666667, 78.42934333333332], [17.121936333333334, 78.42934466666667], [17.121942833333332, 78.429346], [17.12194883333333, 78.42934733333333], [17.121954833333334, 78.42934883333334], [17.121961333333335, 78.42935016666667], [17.121967333333334, 78.4293515], [17.121973500000003, 78.42935283333333], [17.121979333333336, 78.42935433333334], [17.121985666666667, 78.42935566666667], [17.121991833333333, 78.429357], [17.121998166666668, 78.4293585], [17.122004333333333, 78.42935983333334], [17.12201083333333, 78.42936133333333], [17.12201716666667, 78.42936266666668], [17.122023666666667, 78.429364], [17.12203, 78.42936549999999], [17.122035999999998, 78.42936683333333], [17.122042166666667, 78.42936816666666], [17.122048333333332, 78.42936949999999], [17.1220545, 78.42937083333332], [17.122060666666666, 78.42937216666665], [17.12206666666667, 78.42937350000001], [17.122073, 78.42937483333334], [17.122079166666666, 78.42937616666667], [17.122085333333334, 78.4293775], [17.122091333333334, 78.42937883333335], [17.122098, 78.42938016666668], [17.122104333333333, 78.4293815], [17.122110666666668, 78.42938283333334], [17.122117, 78.42938433333333], [17.1221235, 78.42938550000001], [17.122130000000002, 78.42938683333334], [17.122136333333334, 78.42938816666667], [17.1221425, 78.4293895], [17.12214833333333, 78.42939083333334], [17.12215516666667, 78.42939216666667], [17.1221615, 78.4293935], [17.122167833333332, 78.42939483333333], [17.122174166666664, 78.42939616666666], [17.12218066666667, 78.42939750000001], [17.122187166666667, 78.42939883333334], [17.122193499999998, 78.42940016666667], [17.12220016666667, 78.4294015], [17.122206000000002, 78.42940283333334], [17.122212333333334, 78.42940433333334], [17.122218333333333, 78.42940566666667], [17.122225166666666, 78.42940700000001], [17.122231333333332, 78.42940833333334], [17.122238166666666, 78.42940966666667], [17.12224416666667, 78.42941116666665], [17.122250833333332, 78.4294125], [17.122257333333334, 78.42941383333333], [17.122264166666664, 78.42941516666666], [17.122270333333333, 78.42941666666667], [17.122277, 78.429418], [17.122283499999998, 78.42941933333333], [17.12229, 78.42942066666666], [17.122296, 78.429422], [17.122302166666667, 78.42942333333333], [17.122308333333333, 78.42942466666666], [17.122314666666668, 78.42942599999999], [17.1223205, 78.42942733333332], [17.1223265, 78.42942866666667], [17.122332500000002, 78.42943], [17.122338833333334, 78.42943133333333], [17.122345, 78.42943266666666], [17.122351, 78.429434], [17.122357333333333, 78.42943533333333], [17.12236366666667, 78.42943666666666], [17.122370166666666, 78.42943799999999], [17.122376666666664, 78.42943933333332], [17.122383, 78.42944066666668], [17.122389666666667, 78.42944200000001], [17.12239633333333, 78.42944333333334], [17.122402833333336, 78.42944466666667], [17.122409166666667, 78.42944600000001], [17.12241583333333, 78.42944733333334], [17.122421999999997, 78.42944866666667], [17.122428666666668, 78.42945], [17.122434833333333, 78.42945116666667], [17.122441166666665, 78.4294525], [17.12244766666667, 78.42945383333334], [17.1224535, 78.42945516666667], [17.122460166666666, 78.4294565], [17.122466666666664, 78.42945766666666], [17.122472833333333, 78.429459], [17.12247916666667, 78.42946033333332], [17.122485666666666, 78.42946166666667], [17.122492166666667, 78.429463], [17.122498833333335, 78.42946433333333], [17.122505, 78.42946566666666], [17.122511666666664, 78.429467], [17.122518333333336, 78.42946833333333], [17.122524833333333, 78.42946966666666], [17.122531499999997, 78.42947099999999], [17.122538333333335, 78.4294725], [17.122545, 78.42947383333333], [17.122551666666666, 78.42947516666666], [17.122558333333334, 78.42947649999999], [17.122564666666666, 78.42947783333334], [17.122571166666667, 78.42947933333333], [17.1225775, 78.42948066666666], [17.122583666666667, 78.42948200000001], [17.122590333333335, 78.42948316666666], [17.1225965, 78.4294845], [17.122602833333335, 78.42948583333333], [17.122608666666668, 78.42948716666666], [17.122615333333332, 78.42948849999999], [17.122622, 78.42948983333334], [17.12262816666667, 78.42949133333333], [17.122634666666666, 78.42949266666666], [17.122641166666664, 78.429494], [17.122647333333337, 78.4294955], [17.1226545, 78.42949683333333], [17.122660833333335, 78.42949816666666], [17.1226675, 78.4294995], [17.122673666666667, 78.429501], [17.1226805, 78.42950233333333], [17.122686833333333, 78.42950366666668], [17.1226935, 78.429505], [17.122699666666666, 78.42950633333334], [17.122705833333335, 78.42950766666667], [17.122712, 78.42950900000001], [17.1227185, 78.4295105], [17.122724833333333, 78.42951183333334], [17.122730833333332, 78.42951316666667], [17.122737166666663, 78.42951466666666], [17.122743500000002, 78.42951599999999], [17.12275, 78.42951733333332], [17.122756166666665, 78.42951883333333], [17.1227625, 78.42952016666666], [17.122769166666668, 78.42952149999999], [17.122775666666666, 78.42952283333334], [17.12278183333333, 78.42952416666667], [17.122788333333332, 78.42952566666666], [17.122794833333334, 78.42952700000001], [17.122801166666665, 78.42952833333334], [17.122807333333334, 78.42952966666667], [17.122813666666666, 78.429531], [17.12281983333333, 78.42953233333333], [17.1228265, 78.42953366666667], [17.122832833333334, 78.429535], [17.122838833333333, 78.42953633333333], [17.12284533333333, 78.42953766666666], [17.122852, 78.429539], [17.1228585, 78.42954033333334], [17.122865, 78.42954166666667], [17.122871333333332, 78.429543], [17.122877833333334, 78.42954433333333], [17.12288433333333, 78.42954566666667], [17.122891, 78.429547], [17.122897333333334, 78.42954816666666], [17.122904166666668, 78.42954966666666], [17.1229105, 78.429551], [17.12291733333333, 78.42955233333333], [17.122924166666667, 78.42955350000001], [17.122930333333333, 78.42955483333334], [17.122937, 78.42955633333332], [17.122943333333335, 78.4295575], [17.12295, 78.429559], [17.122956666666667, 78.42956016666668], [17.12296266666667, 78.4295615], [17.122969, 78.429563], [17.122975333333333, 78.42956433333333], [17.12298183333333, 78.42956550000001], [17.122988000000003, 78.42956699999999], [17.122994000000002, 78.42956833333332], [17.123000333333334, 78.42956966666667], [17.123006999999998, 78.429571], [17.123013166666667, 78.42957249999999], [17.1230195, 78.42957383333334], [17.123025833333333, 78.42957516666667], [17.123032333333335, 78.42957666666666], [17.123038833333332, 78.429578], [17.123045166666667, 78.4295795], [17.1230515, 78.42958083333333], [17.123058, 78.42958233333334], [17.123064, 78.42958366666667], [17.123070166666665, 78.42958516666666], [17.1230765, 78.4295865], [17.12308266666667, 78.42958783333333], [17.123088666666668, 78.42958916666666], [17.123095166666666, 78.42959049999999], [17.123101000000002, 78.42959183333333], [17.123107166666667, 78.42959333333333], [17.123113333333333, 78.42959466666666], [17.123119499999998, 78.429596], [17.123126, 78.42959733333333], [17.123132166666668, 78.42959866666666], [17.1231385, 78.4296], [17.12314466666667, 78.4296015], [17.123151166666666, 78.42960283333333], [17.123157666666668, 78.42960416666666], [17.123163833333333, 78.42960566666667], [17.123170000000002, 78.429607], [17.123176666666666, 78.42960833333333], [17.123183166666667, 78.42960983333334], [17.123189500000002, 78.42961100000001], [17.123195666666668, 78.4296125], [17.123202, 78.42961366666667], [17.123208499999997, 78.42961516666666], [17.1232145, 78.42961633333333], [17.12322066666667, 78.42961783333334], [17.123226833333334, 78.42961916666667], [17.123233000000003, 78.4296205], [17.123239166666668, 78.42962183333334], [17.123245333333333, 78.42962316666667], [17.123251666666665, 78.4296245], [17.12325816666667, 78.42962583333333], [17.1232645, 78.42962716666666], [17.123270666666667, 78.4296285], [17.123277166666664, 78.42962983333334], [17.123283166666667, 78.42963116666667], [17.123289833333335, 78.4296325], [17.123296166666666, 78.42963383333334], [17.123302833333334, 78.42963516666667], [17.123309166666665, 78.4296365], [17.123315833333333, 78.42963783333333], [17.123322166666664, 78.42963916666666], [17.1233285, 78.4296405], [17.123335, 78.42964183333333], [17.123340833333334, 78.42964333333333], [17.123347000000003, 78.42964466666668], [17.1233535, 78.429646], [17.123359833333332, 78.42964733333334], [17.123365666666665, 78.42964883333335], [17.123372, 78.42965016666668], [17.1233785, 78.4296515], [17.1233845, 78.42965283333334], [17.123391, 78.42965433333333], [17.123397666666666, 78.42965550000001], [17.123404333333333, 78.42965699999999], [17.123410166666666, 78.42965833333332], [17.123417166666666, 78.42965966666667], [17.123423333333335, 78.42966116666666], [17.123430166666665, 78.42966249999999], [17.123436666666667, 78.42966383333334], [17.123443333333334, 78.42966516666667], [17.12345, 78.42966633333334], [17.123456833333332, 78.42966766666667], [17.123463833333336, 78.429669], [17.123470333333334, 78.42967033333333], [17.123477333333334, 78.42967166666668], [17.1234845, 78.42967283333334], [17.1234915, 78.42967416666667], [17.123498333333334, 78.42967533333334], [17.1235055, 78.42967666666667], [17.123512666666667, 78.42967783333333], [17.123520166666665, 78.42967900000001], [17.123527333333335, 78.42968033333334], [17.123534666666668, 78.4296815], [17.123541666666664, 78.42968266666666], [17.123549, 78.42968383333333], [17.1235565, 78.429685], [17.123563833333332, 78.429686], [17.1235715, 78.42968716666665], [17.123579, 78.42968833333333], [17.123586666666665, 78.42968933333333], [17.123594500000003, 78.4296905], [17.123602166666668, 78.4296915], [17.123609833333333, 78.4296925], [17.123617666666668, 78.42969366666667], [17.123625333333333, 78.42969466666666], [17.12363333333333, 78.42969566666667], [17.123640833333333, 78.42969683333334], [17.123648666666668, 78.42969783333334], [17.1236565, 78.42969883333333], [17.123664333333334, 78.42969983333334], [17.1236725, 78.42970083333333], [17.123680333333333, 78.42970183333334], [17.1236885, 78.42970283333334], [17.123696666666667, 78.42970383333333], [17.12370483333333, 78.42970483333333], [17.12371316666667, 78.42970583333334], [17.123721, 78.42970683333333], [17.123729500000003, 78.42970783333334], [17.1237375, 78.42970883333334], [17.1237455, 78.42970983333333], [17.123753500000003, 78.42971083333333], [17.123761166666668, 78.42971183333334], [17.123769333333332, 78.42971283333333], [17.123777, 78.42971366666667], [17.123785, 78.42971466666667], [17.123793, 78.42971566666667], [17.123801166666667, 78.4297165], [17.123809, 78.4297175], [17.123817, 78.4297185], [17.123825166666666, 78.42971933333334], [17.123833333333334, 78.42972033333334], [17.1238415, 78.42972133333333], [17.12384966666667, 78.42972216666666], [17.123857833333332, 78.42972316666666], [17.12386616666667, 78.42972416666666], [17.1238745, 78.42972499999999], [17.123882833333333, 78.429726], [17.123890833333334, 78.42972683333333], [17.12389883333333, 78.42972783333333], [17.123907, 78.42972866666668], [17.123915, 78.4297295], [17.123923166666668, 78.4297305], [17.123931000000002, 78.42973133333334], [17.123939333333333, 78.42973233333333], [17.123947333333334, 78.42973316666667], [17.123955666666667, 78.42973416666668], [17.12396366666667, 78.429735], [17.123971833333332, 78.42973583333334], [17.12398, 78.42973683333334], [17.123988166666667, 78.42973766666667], [17.123995999999998, 78.4297385], [17.12400416666667, 78.42973950000001], [17.124012166666667, 78.42974033333333], [17.124020166666664, 78.42974133333334], [17.12402816666667, 78.42974233333332], [17.124036166666667, 78.42974316666667], [17.124044333333334, 78.42974416666667], [17.124052666666667, 78.429745], [17.124060666666665, 78.429746], [17.124068833333336, 78.42974683333334], [17.124077, 78.42974783333334], [17.124084999999997, 78.42974883333333], [17.124092833333336, 78.42974966666667], [17.124100666666667, 78.42975066666666], [17.124108333333332, 78.42975166666666], [17.124116333333333, 78.42975249999999], [17.124124166666665, 78.4297535], [17.124132166666666, 78.42975433333332], [17.124140166666667, 78.42975533333333], [17.124148166666664, 78.42975633333334], [17.124156333333335, 78.42975733333333], [17.124164666666665, 78.42975816666667], [17.124172833333333, 78.42975916666666], [17.124181, 78.42976016666667], [17.124189166666667, 78.42976116666667], [17.124197166666665, 78.429762], [17.124205166666666, 78.42976316666666], [17.124213, 78.42976399999999], [17.124221, 78.429765], [17.124228666666667, 78.429766], [17.1242365, 78.42976683333333], [17.124244333333333, 78.42976783333333], [17.124252333333335, 78.42976883333334], [17.124260166666666, 78.42976983333332], [17.124268333333337, 78.42977066666667], [17.1242765, 78.42977166666667], [17.124284833333334, 78.42977266666666], [17.124292833333335, 78.42977366666668], [17.124301, 78.42977466666666], [17.124309, 78.42977566666667], [17.124317166666668, 78.42977666666667], [17.124325, 78.42977766666667], [17.124332833333334, 78.42977866666666], [17.124340833333335, 78.42977966666668], [17.124348666666666, 78.42978066666666], [17.124356666666664, 78.4297815], [17.12436466666667, 78.4297825], [17.124372333333334, 78.4297835], [17.124380499999997, 78.42978450000001], [17.124388333333332, 78.42978533333333], [17.124396333333333, 78.42978633333334], [17.124404166666668, 78.42978733333332], [17.124412166666666, 78.42978833333333], [17.124420166666667, 78.42978916666667], [17.124428, 78.42979016666666], [17.124436, 78.42979116666667], [17.12444383333333, 78.42979216666666], [17.124451833333335, 78.42979316666667], [17.12446, 78.42979399999999], [17.124468, 78.429795], [17.124476, 78.429796], [17.124484166666665, 78.429797], [17.124492, 78.42979799999999], [17.124500333333334, 78.429799], [17.124508166666665, 78.42979999999999], [17.124516000000003, 78.42980083333333], [17.124524, 78.42980183333334], [17.124531666666666, 78.42980283333333], [17.1245395, 78.42980383333334], [17.124547333333332, 78.42980483333334], [17.124555, 78.42980566666667], [17.124562833333336, 78.42980666666668], [17.124570833333333, 78.42980766666666], [17.1245785, 78.42980866666667], [17.12458666666667, 78.42980966666667], [17.1245945, 78.42981066666667], [17.124602666666664, 78.4298115], [17.12461066666667, 78.42981266666668], [17.124619, 78.42981366666666], [17.124627166666667, 78.42981466666667], [17.1246355, 78.42981566666667], [17.124643833333334, 78.4298165], [17.124651833333335, 78.4298175], [17.124659833333332, 78.4298185], [17.124667499999997, 78.4298195], [17.124675333333336, 78.4298205], [17.124683166666667, 78.42982133333334], [17.124690833333332, 78.42982233333333], [17.1246985, 78.42982333333333], [17.124706333333332, 78.42982433333333], [17.124714333333333, 78.42982533333334], [17.124722000000002, 78.42982633333332], [17.124729833333333, 78.42982733333334], [17.12473783333333, 78.42982833333333], [17.12474566666667, 78.42982933333333], [17.124753833333333, 78.42983033333333], [17.12476183333333, 78.42983133333334], [17.124769833333335, 78.42983233333332], [17.124777833333333, 78.42983333333333], [17.124785999999997, 78.42983433333333], [17.124794, 78.42983533333333], [17.124801833333333, 78.42983633333333], [17.124809833333334, 78.42983716666666], [17.12481766666667, 78.42983833333332], [17.1248255, 78.42983916666667], [17.1248335, 78.42984016666666], [17.1248415, 78.42984116666666], [17.1248495, 78.42984216666667], [17.124857333333335, 78.42984316666666], [17.1248655, 78.42984416666667], [17.124873333333333, 78.42984516666667], [17.1248815, 78.42984616666666], [17.1248895, 78.42984716666666], [17.124897833333332, 78.42984816666667], [17.124905666666667, 78.42984916666666], [17.124913666666664, 78.42985016666667], [17.12492166666667, 78.42985116666667], [17.124929833333333, 78.42985216666666], [17.124937666666664, 78.42985316666666], [17.124945833333335, 78.42985416666667], [17.124953833333333, 78.42985516666666], [17.124961666666664, 78.42985616666667], [17.12496966666667, 78.42985716666666], [17.124977333333334, 78.42985816666666], [17.12498533333333, 78.42985900000001], [17.124993166666666, 78.42985999999999], [17.125000833333335, 78.429861], [17.1250085, 78.429862], [17.1250165, 78.429863], [17.125024333333332, 78.429864], [17.125032333333333, 78.42986483333334], [17.1250405, 78.42986583333332], [17.1250485, 78.42986683333334], [17.125056500000003, 78.42986783333335], [17.125064666666667, 78.42986883333333], [17.125072833333334, 78.42986983333334], [17.125080833333335, 78.42987083333334], [17.125089, 78.42987183333334], [17.125096833333334, 78.42987283333333], [17.125104833333335, 78.42987366666667], [17.125112833333333, 78.42987466666666], [17.12512033333333, 78.42987566666667], [17.125128166666666, 78.42987666666666], [17.125136, 78.42987766666667], [17.1251435, 78.4298785], [17.12515116666667, 78.4298795], [17.125159, 78.42988050000001], [17.1251665, 78.4298815], [17.1251745, 78.42988266666666], [17.1251825, 78.42988366666667], [17.1251905, 78.42988466666667], [17.1251985, 78.42988566666666], [17.1252065, 78.42988666666666], [17.12521466666667, 78.42988766666667], [17.125222666666666, 78.42988866666666], [17.125230833333333, 78.42988966666667], [17.125238666666668, 78.42989066666668], [17.125246666666666, 78.42989166666666], [17.125254666666667, 78.42989266666667], [17.125262333333335, 78.42989366666667], [17.12527, 78.42989466666667], [17.125277999999998, 78.42989566666667], [17.125285833333333, 78.4298965], [17.125293666666668, 78.42989766666666], [17.125301666666665, 78.42989866666667], [17.125309666666666, 78.42989966666667], [17.125317666666668, 78.42990066666667], [17.125325333333333, 78.4299015], [17.1253335, 78.4299025], [17.125341166666665, 78.4299035], [17.12534916666667, 78.4299045], [17.125357166666667, 78.42990549999999], [17.125365, 78.4299065], [17.125373000000003, 78.4299075], [17.125380833333335, 78.42990833333333], [17.125388833333332, 78.42990933333334], [17.125396833333333, 78.42991033333332], [17.125404666666668, 78.42991133333334], [17.1254125, 78.42991216666665], [17.125421, 78.42991316666667], [17.125428666666668, 78.42991416666668], [17.125436666666666, 78.42991516666666], [17.1254445, 78.42991616666667], [17.125452499999998, 78.42991716666667], [17.125460166666667, 78.42991816666667], [17.125468166666668, 78.42991916666666], [17.125476166666665, 78.42992033333333], [17.125483999999997, 78.42992133333334], [17.125492166666668, 78.42992233333332], [17.12550033333333, 78.42992333333333], [17.12550816666667, 78.42992433333333], [17.125516333333334, 78.42992533333333], [17.12552433333333, 78.42992633333333], [17.125532333333336, 78.42992733333334], [17.125540333333333, 78.42992833333332], [17.12554833333333, 78.42992933333333], [17.125556333333336, 78.42993033333333], [17.125564333333333, 78.42993133333333], [17.125572, 78.42993216666667], [17.12558, 78.42993316666666], [17.125587833333334, 78.42993416666667], [17.125595833333332, 78.42993516666667], [17.1256035, 78.42993616666666], [17.125611666666668, 78.42993716666666], [17.125619333333336, 78.42993816666667], [17.1256275, 78.42993916666666], [17.125635166666665, 78.42994016666667], [17.125643333333336, 78.42994116666667], [17.125651, 78.42994216666666], [17.12565933333333, 78.42994316666666], [17.125667, 78.42994416666667], [17.125675, 78.42994516666666], [17.125682833333332, 78.42994633333333], [17.125690666666667, 78.42994716666666], [17.125698666666665, 78.42994816666666], [17.1257065, 78.42994916666666], [17.1257145, 78.42995016666667], [17.125722333333332, 78.429951], [17.125730166666663, 78.429952], [17.1257385, 78.42995316666666], [17.125746333333332, 78.429954], [17.125754333333337, 78.429955], [17.125762166666668, 78.42995599999999], [17.125770166666666, 78.429957], [17.125778166666667, 78.429958], [17.125786333333334, 78.429959], [17.125794166666665, 78.42996], [17.125802166666666, 78.429961], [17.125810166666668, 78.42996199999999], [17.125818, 78.429963], [17.125825833333334, 78.429964], [17.125833666666665, 78.429965], [17.125841666666666, 78.429966], [17.1258495, 78.429967], [17.1258575, 78.42996799999999], [17.125865333333333, 78.429969], [17.125873333333335, 78.42997], [17.125881, 78.429971], [17.12588883333333, 78.42997199999999], [17.125896833333336, 78.429973], [17.125904666666667, 78.42997399999999], [17.12591216666667, 78.429975], [17.125920166666667, 78.429976], [17.125928166666665, 78.429977], [17.125935833333333, 78.42997799999999], [17.125943833333334, 78.42997883333334], [17.125951833333332, 78.42997999999999], [17.125959833333333, 78.42998083333333], [17.125968, 78.42998183333334], [17.125975999999998, 78.42998283333333], [17.125984000000003, 78.42998383333334], [17.125991833333334, 78.42998483333334], [17.125999999999998, 78.42998566666667], [17.126007833333333, 78.42998666666668], [17.126015666666667, 78.42998766666666], [17.126023333333332, 78.42998866666667], [17.126031, 78.42998966666667], [17.126038833333332, 78.4299905], [17.126046499999998, 78.4299915], [17.126054333333332, 78.4299925], [17.126062, 78.42999333333334], [17.126070000000002, 78.42999433333333], [17.126077666666667, 78.42999533333334], [17.126085666666665, 78.42999633333334], [17.126093500000003, 78.42999733333333], [17.126101333333335, 78.42999833333333], [17.126109333333332, 78.42999933333334], [17.126117166666667, 78.43000033333333], [17.126125000000002, 78.43000133333334], [17.126133, 78.43000233333333], [17.126140666666668, 78.43000333333333], [17.126148666666666, 78.43000433333333], [17.12615633333333, 78.43000516666666], [17.12616416666667, 78.43000616666667], [17.126171833333334, 78.43000716666667], [17.126179666666665, 78.43000816666667], [17.126187333333334, 78.430009], [17.126195166666665, 78.43001], [17.12620283333333, 78.430011], [17.12621066666667, 78.430012], [17.126218833333333, 78.43001283333334], [17.12622683333333, 78.43001383333333], [17.12623466666667, 78.43001483333335], [17.126242666666666, 78.43001583333333], [17.1262505, 78.43001666666667], [17.1262585, 78.43001766666666], [17.126265999999998, 78.43001866666667], [17.126274000000002, 78.43001966666667], [17.126282, 78.43002066666666], [17.1262895, 78.43002150000001], [17.126297333333333, 78.43002249999999], [17.126304833333332, 78.4300235], [17.126312833333333, 78.4300245], [17.126320500000002, 78.4300255], [17.1263285, 78.4300265], [17.126335833333332, 78.43002733333333], [17.126343833333333, 78.43002833333334], [17.126351333333332, 78.43002933333334], [17.126359166666667, 78.43003033333333], [17.12636666666667, 78.43003116666667], [17.126374833333333, 78.43003233333334], [17.126382666666665, 78.43003316666666], [17.126390833333335, 78.43003416666667], [17.1263985, 78.43003516666666], [17.126406499999998, 78.43003616666667], [17.1264145, 78.43003716666666], [17.126422333333334, 78.43003816666666], [17.126430000000003, 78.43003916666666], [17.126437666666668, 78.43004016666667], [17.126445333333333, 78.43004116666665], [17.126452833333335, 78.43004216666667], [17.1264605, 78.430043], [17.126468, 78.430044], [17.126475833333334, 78.430045], [17.1264835, 78.43004583333332], [17.126491166666664, 78.43004683333334], [17.126499000000003, 78.43004783333335], [17.126506666666668, 78.43004883333333], [17.126514666666665, 78.43004983333334], [17.126522333333334, 78.43005083333334], [17.126530166666665, 78.43005183333334], [17.126538, 78.43005283333333], [17.126546166666667, 78.43005383333335], [17.126554, 78.43005483333333], [17.126561833333334, 78.43005583333334], [17.126569833333335, 78.43005683333334], [17.126577666666666, 78.43005766666667], [17.126585666666664, 78.43005866666667], [17.126593333333336, 78.43005966666666], [17.126601166666667, 78.43006066666666], [17.126609, 78.43006166666667], [17.126616666666667, 78.43006266666666], [17.1266245, 78.43006366666667], [17.126632500000003, 78.43006466666667], [17.126640166666668, 78.4300655], [17.126648, 78.43006650000001], [17.126655666666668, 78.43006749999999], [17.126663666666666, 78.43006866666666], [17.1266715, 78.43006966666667], [17.126679333333335, 78.43007066666668], [17.126687333333333, 78.43007166666666], [17.126694999999998, 78.43007266666667], [17.126702666666667, 78.43007349999999], [17.126710833333334, 78.4300745], [17.126718333333333, 78.4300755], [17.126726, 78.4300765], [17.126733833333333, 78.43007733333334], [17.126741666666664, 78.43007833333333], [17.126749333333333, 78.43007933333334], [17.126757166666668, 78.43008033333334], [17.126765, 78.43008133333333], [17.126773166666666, 78.43008233333333], [17.1267805, 78.43008333333334], [17.126788666666666, 78.43008433333333], [17.1267965, 78.43008516666667], [17.126804166666666, 78.43008616666665], [17.12681233333333, 78.43008716666667], [17.126820000000002, 78.43008816666666], [17.126828, 78.43008916666666], [17.126835833333335, 78.43009], [17.126843666666666, 78.43009099999999], [17.126851666666667, 78.430092], [17.126859500000002, 78.430093], [17.126867166666667, 78.43009383333333], [17.126875166666665, 78.43009483333334], [17.126882833333333, 78.43009583333334], [17.126890833333334, 78.43009666666667], [17.126898333333333, 78.43009766666667], [17.126906166666668, 78.4300985], [17.126913833333333, 78.43009950000001], [17.12692183333333, 78.43010033333333], [17.12692966666667, 78.43010133333334], [17.1269375, 78.43010216666667], [17.126945499999998, 78.43010316666667], [17.1269535, 78.43010416666667], [17.126961333333334, 78.43010516666666], [17.126969666666664, 78.430106], [17.126977833333335, 78.43010699999999], [17.126985833333332, 78.430108], [17.126993666666667, 78.43010899999999], [17.12700166666667, 78.43011], [17.127009666666666, 78.430111], [17.127017333333335, 78.43011183333333], [17.127025166666666, 78.43011283333334], [17.127032999999997, 78.43011383333334], [17.127040833333336, 78.43011483333333], [17.127048666666667, 78.43011583333333], [17.127056666666665, 78.43011683333334], [17.127064333333333, 78.43011783333333], [17.127072333333334, 78.43011883333334], [17.127080166666666, 78.43011983333334], [17.127088, 78.43012083333333], [17.127095833333332, 78.43012183333333], [17.127103666666667, 78.43012266666666], [17.1271115, 78.43012366666667], [17.127119333333333, 78.43012466666667], [17.127127166666664, 78.43012566666667], [17.127135, 78.43012666666667], [17.127143, 78.43012766666668], [17.127151, 78.43012866666666], [17.127159, 78.43012966666667], [17.127167, 78.43013066666667], [17.127174833333335, 78.43013166666667], [17.127182666666666, 78.43013266666667], [17.127190499999998, 78.4301335], [17.12719866666667, 78.43013466666666], [17.127206333333334, 78.4301355], [17.12721433333333, 78.43013649999999], [17.127222333333336, 78.4301375], [17.127230166666667, 78.43013850000001], [17.127238166666665, 78.4301395], [17.127246, 78.43014050000001], [17.127254166666667, 78.43014133333332], [17.127261999999998, 78.43014233333334], [17.12727, 78.43014333333333], [17.127278166666667, 78.43014433333333], [17.127286, 78.43014533333333], [17.127294, 78.43014633333334], [17.127301833333334, 78.43014733333332], [17.12731, 78.43014833333334], [17.127317833333333, 78.43014933333333], [17.127325666666664, 78.43015033333333], [17.127333333333336, 78.43015133333333], [17.127341166666668, 78.43015216666666], [17.127348833333333, 78.43015316666667], [17.127356666666667, 78.43015416666667], [17.127364333333333, 78.43015516666667], [17.127372166666664, 78.43015616666666], [17.127380000000002, 78.43015716666667], [17.127388, 78.43015816666666], [17.12739583333333, 78.43015916666667], [17.127403833333336, 78.43016016666667], [17.127412, 78.43016116666666], [17.127419666666665, 78.43016233333333], [17.1274275, 78.43016333333334], [17.1274355, 78.43016433333334], [17.12744316666667, 78.43016533333333], [17.127450833333334, 78.43016633333333], [17.127458333333333, 78.43016733333334], [17.127466166666668, 78.43016816666666], [17.127473833333333, 78.43016916666667], [17.127481166666666, 78.43017016666666], [17.127489, 78.43017116666667], [17.127496833333332, 78.430172], [17.1275045, 78.430173], [17.127512333333335, 78.43017400000001], [17.127520333333333, 78.43017499999999], [17.127528166666664, 78.430176], [17.127536333333335, 78.430177], [17.127544, 78.430178], [17.127551999999998, 78.43017883333333], [17.127559833333333, 78.43017983333334], [17.127568, 78.43018083333332], [17.127575666666665, 78.43018183333334], [17.127583666666666, 78.43018266666667], [17.1275915, 78.43018366666666], [17.127599666666665, 78.43018466666668], [17.1276075, 78.43018566666666], [17.1276155, 78.43018666666667], [17.12762366666667, 78.43018766666667], [17.127631666666666, 78.43018866666667], [17.127639666666667, 78.43018966666666], [17.127648, 78.43019066666668], [17.127656, 78.43019166666666], [17.127664, 78.43019266666667], [17.127672, 78.43019366666667], [17.12767983333333, 78.43019466666667], [17.127687666666667, 78.43019566666666], [17.1276955, 78.43019666666667], [17.1277035, 78.43019766666666], [17.1277115, 78.43019866666667], [17.1277195, 78.43019966666667], [17.127727333333333, 78.43020066666666], [17.12773533333333, 78.43020166666666], [17.12774316666667, 78.43020266666667], [17.127751166666666, 78.43020366666666], [17.127759, 78.4302045], [17.127766833333332, 78.4302055], [17.127774499999997, 78.4302065], [17.127782333333336, 78.43020750000001], [17.127790333333333, 78.43020849999999], [17.127798166666665, 78.43020933333334], [17.12780616666667, 78.43021033333333], [17.127814166666667, 78.43021133333333], [17.127822166666665, 78.43021233333334], [17.127830333333335, 78.43021333333333], [17.127838166666667, 78.43021416666667], [17.127845999999998, 78.43021516666666], [17.127854, 78.43021616666667], [17.127861666666668, 78.43021716666667], [17.1278695, 78.43021816666666], [17.127877166666668, 78.43021900000001], [17.127884666666667, 78.43021999999999], [17.127892499999998, 78.43022083333334], [17.127900166666667, 78.43022183333332], [17.12790783333333, 78.43022283333333], [17.127915833333336, 78.43022383333333], [17.127923666666668, 78.43022466666666], [17.12793183333333, 78.43022566666667], [17.12793966666667, 78.43022666666667], [17.127947833333334, 78.43022783333332], [17.127955666666665, 78.43022866666666], [17.12796366666667, 78.43022966666668], [17.127971666666667, 78.43023066666666], [17.1279795, 78.43023166666667], [17.127987333333333, 78.43023266666667], [17.127995166666665, 78.43023366666667], [17.128003, 78.43023466666666], [17.128010833333335, 78.43023566666668], [17.1280185, 78.4302365], [17.12802633333333, 78.43023766666667], [17.128034, 78.4302385], [17.128042, 78.4302395], [17.128049999999998, 78.43024050000001], [17.128057666666667, 78.4302415], [17.128065666666664, 78.4302425], [17.128073500000003, 78.4302435], [17.128081666666667, 78.4302445], [17.128089666666664, 78.4302455], [17.128097500000003, 78.43024650000001], [17.1281055, 78.43024733333333], [17.12811333333333, 78.43024833333334], [17.128121333333336, 78.43024933333332], [17.128129333333334, 78.43025033333333], [17.12813733333333, 78.43025116666666], [17.128145166666666, 78.43025216666666], [17.128153, 78.43025316666667], [17.128160833333332, 78.43025416666666], [17.128168833333334, 78.43025516666667], [17.128176666666665, 78.43025616666667], [17.1281845, 78.43025716666666], [17.128192666666667, 78.43025816666666], [17.1282005, 78.43025916666667], [17.128208500000003, 78.43026016666666], [17.128216166666668, 78.43026116666667], [17.128224, 78.430262], [17.128232, 78.43026316666666], [17.128239833333335, 78.43026400000001], [17.128247666666667, 78.43026499999999], [17.128255666666668, 78.430266], [17.1282635, 78.430267], [17.1282715, 78.430268], [17.1282795, 78.43026883333333], [17.128287333333333, 78.43026983333333], [17.12829533333333, 78.43027083333332], [17.12830316666667, 78.43027183333334], [17.128311, 78.43027283333332], [17.12831883333333, 78.43027366666666], [17.128326666666666, 78.43027466666668], [17.128334666666667, 78.43027566666666], [17.1283425, 78.43027666666667], [17.128350333333334, 78.43027766666667], [17.12835833333333, 78.4302785], [17.128366000000003, 78.43027950000001], [17.128374166666667, 78.4302805], [17.128381833333332, 78.4302815], [17.128389833333333, 78.4302825], [17.128397666666668, 78.4302835], [17.1284055, 78.4302845], [17.128413333333334, 78.43028533333333], [17.128421333333332, 78.43028633333333], [17.128429166666667, 78.43028733333334], [17.128437333333334, 78.43028833333332], [17.128445166666666, 78.43028933333333], [17.128453166666667, 78.43029033333333], [17.128461, 78.43029133333333], [17.128469, 78.43029233333333], [17.128477, 78.43029333333334], [17.128484833333335, 78.43029433333332], [17.128492666666666, 78.43029533333333], [17.128500499999998, 78.43029616666666], [17.12850866666667, 78.43029716666666], [17.1285165, 78.43029816666667], [17.1285245, 78.43029916666666], [17.1285325, 78.43030016666667], [17.1285405, 78.43030116666667], [17.1285485, 78.43030216666666], [17.1285565, 78.43030316666666], [17.128564333333333, 78.43030416666667], [17.128572000000002, 78.43030516666666], [17.128579833333333, 78.43030616666667], [17.128587333333332, 78.43030716666667], [17.128595333333333, 78.43030816666666], [17.128602666666666, 78.43030933333333], [17.128610666666667, 78.43031033333334], [17.128618, 78.4303115], [17.128625833333334, 78.43031266666667], [17.128633333333333, 78.43031366666668], [17.128640833333336, 78.43031500000001], [17.128648333333334, 78.43031616666667], [17.128656, 78.43031733333333], [17.12866316666667, 78.43031850000001], [17.128670333333332, 78.43031983333334], [17.128677666666665, 78.430321], [17.12868466666667, 78.43032216666667], [17.12869166666667, 78.4303235], [17.128698666666665, 78.43032483333333], [17.128705, 78.43032616666666], [17.128711833333334, 78.4303275], [17.12871833333333, 78.43032883333333], [17.128724833333333, 78.43033016666666], [17.128731166666668, 78.43033166666667], [17.128737666666666, 78.430333], [17.128743666666665, 78.4303345], [17.128749666666668, 78.430336], [17.128756, 78.4303375], [17.128761666666666, 78.430339], [17.1287675, 78.4303405], [17.128773000000002, 78.43034200000001], [17.128779, 78.43034349999999], [17.128784, 78.430345], [17.1287895, 78.4303465], [17.12879416666667, 78.43034816666666], [17.128799333333333, 78.43034983333334], [17.128804, 78.43035133333333], [17.128809, 78.430353], [17.128813666666666, 78.43035466666667], [17.128818833333334, 78.43035633333334], [17.128823166666667, 78.430358], [17.128827166666667, 78.43035966666666], [17.128831833333333, 78.43036149999999], [17.128836166666666, 78.43036316666667], [17.12884066666667, 78.43036483333334], [17.128845000000002, 78.4303665], [17.128849166666665, 78.43036833333333], [17.128853499999998, 78.43037], [17.1288575, 78.43037166666666], [17.12886166666667, 78.4303735], [17.128865833333336, 78.43037516666666], [17.128869833333333, 78.430377], [17.128873666666667, 78.43037866666667], [17.128877499999998, 78.43038033333333], [17.128881166666666, 78.43038216666667], [17.128884833333334, 78.43038383333332], [17.128888500000002, 78.4303855], [17.128892333333333, 78.43038716666666], [17.128896166666667, 78.430389], [17.128899666666666, 78.43039066666667], [17.1289035, 78.43039233333334], [17.12890666666667, 78.43039416666667], [17.1289105, 78.43039583333332], [17.128914166666668, 78.43039766666668], [17.128917833333333, 78.43039933333333], [17.128921166666665, 78.43040116666666], [17.128924833333333, 78.43040283333333], [17.12892833333333, 78.43040466666666], [17.128931833333336, 78.43040633333334], [17.1289355, 78.43040816666667], [17.128938833333333, 78.43040983333334], [17.128942, 78.43041166666667], [17.128945333333334, 78.4304135], [17.128948333333334, 78.43041516666668], [17.12895166666667, 78.430417], [17.12895466666667, 78.43041866666667], [17.12895766666667, 78.43042050000001], [17.128960333333335, 78.43042233333334], [17.128963166666665, 78.43042399999999], [17.128966166666665, 78.43042583333333], [17.128968999999998, 78.4304275], [17.128971999999997, 78.43042933333332], [17.128974833333334, 78.43043116666666], [17.128978166666666, 78.43043283333333], [17.128981, 78.43043466666667], [17.128984333333335, 78.4304365], [17.1289875, 78.43043833333333], [17.1289905, 78.43044], [17.128993666666666, 78.43044183333333], [17.128996833333336, 78.4304435], [17.12899966666667, 78.43044533333334], [17.129002833333335, 78.430447], [17.129006, 78.43044883333333], [17.129009, 78.4304505], [17.129011833333333, 78.43045233333333], [17.129014666666666, 78.430454], [17.129017833333332, 78.43045583333333], [17.12902066666667, 78.4304575], [17.12902366666667, 78.43045916666667], [17.129026833333334, 78.430461], [17.12903, 78.43046283333334], [17.129033166666666, 78.4304645], [17.12903633333333, 78.43046633333333], [17.129039499999998, 78.43046816666667], [17.129042833333333, 78.43046983333333], [17.129045666666666, 78.43047166666666], [17.129049166666668, 78.4304735], [17.1290525, 78.43047516666667], [17.1290555, 78.43047700000001], [17.129058333333333, 78.43047866666667], [17.129061333333333, 78.4304805], [17.129064500000002, 78.43048216666666], [17.129067666666668, 78.43048399999999], [17.129070666666667, 78.43048583333332], [17.129073666666667, 78.4304875], [17.1290765, 78.43048916666666], [17.129079833333332, 78.430491], [17.129082999999998, 78.43049283333333], [17.12908583333333, 78.4304945], [17.129089166666667, 78.43049633333334], [17.129092, 78.43049816666667], [17.129095166666666, 78.4305], [17.129098166666665, 78.43050166666667], [17.129101166666665, 78.4305035], [17.129104666666667, 78.43050533333333], [17.129107833333332, 78.43050716666667], [17.129111166666668, 78.43050883333333], [17.129114, 78.43051066666666], [17.129117166666667, 78.4305125], [17.1291205, 78.43051416666667], [17.12912383333333, 78.430516], [17.12912683333333, 78.43051783333334], [17.129129666666664, 78.4305195], [17.129132666666667, 78.43052133333335], [17.129136000000003, 78.43052316666667], [17.12913916666667, 78.43052483333332], [17.1291425, 78.43052666666668], [17.129145666666666, 78.43052850000001], [17.129148833333332, 78.43053016666666], [17.12915233333333, 78.430532], [17.129155500000003, 78.43053383333333], [17.12915866666667, 78.43053566666667], [17.129162, 78.43053733333333], [17.129165, 78.43053916666666], [17.129168166666666, 78.43054083333332], [17.129171333333332, 78.4305425], [17.129175, 78.43054433333333], [17.129178000000003, 78.43054616666667], [17.129181666666668, 78.43054783333334], [17.129184833333333, 78.43054966666666], [17.1291885, 78.43055133333334], [17.129192, 78.43055316666667], [17.129195499999998, 78.430555], [17.129199000000003, 78.43055666666667], [17.129202333333335, 78.4305585], [17.129206, 78.43056016666667], [17.129209166666666, 78.43056183333333], [17.129212666666668, 78.43056366666666], [17.129216166666666, 78.43056533333333], [17.129219666666664, 78.43056716666666], [17.129223333333336, 78.43056883333334], [17.129226833333334, 78.4305705], [17.129230166666666, 78.43057233333334], [17.129233833333334, 78.430574], [17.129237166666666, 78.43057583333332], [17.12924083333333, 78.4305775], [17.129244333333336, 78.43057916666666], [17.129247666666668, 78.430581], [17.129251, 78.43058266666667], [17.129254666666668, 78.4305845], [17.129258166666666, 78.43058616666667], [17.12926183333333, 78.430588], [17.1292655, 78.43058966666668], [17.129269, 78.4305915], [17.129272500000003, 78.43059316666667], [17.129276333333333, 78.43059483333333], [17.129280166666668, 78.43059666666666], [17.129283666666666, 78.43059833333334], [17.129286999999998, 78.43060016666666], [17.12929066666667, 78.43060183333334], [17.129294333333334, 78.4306035], [17.129298, 78.43060533333333], [17.129301666666667, 78.430607], [17.12930533333333, 78.43060866666666], [17.129309166666665, 78.4306105], [17.129312833333334, 78.43061216666666], [17.1293165, 78.430614], [17.129320333333332, 78.43061566666667], [17.129324, 78.4306175], [17.12932783333333, 78.43061916666667], [17.129331999999998, 78.43062083333332], [17.12933566666667, 78.43062266666668], [17.1293395, 78.43062433333333], [17.129343333333335, 78.430626], [17.12934733333333, 78.43062766666667], [17.129351, 78.4306295], [17.12935483333333, 78.43063116666667], [17.129359, 78.43063283333332], [17.129363166666668, 78.43063466666668], [17.129367, 78.43063633333333], [17.129370666666667, 78.430638], [17.129374499999997, 78.43063966666666], [17.129378666666664, 78.43064133333334], [17.129382500000002, 78.43064299999999], [17.129386166666666, 78.43064466666667], [17.129389833333335, 78.43064633333333], [17.12939383333333, 78.430648], [17.129397666666666, 78.43064983333333], [17.12940166666667, 78.43065150000001], [17.1294055, 78.43065316666666], [17.1294095, 78.43065499999999], [17.129413666666668, 78.43065666666666], [17.1294175, 78.43065833333334], [17.129421333333333, 78.43066], [17.129425333333334, 78.43066183333333], [17.129428833333336, 78.43066350000001], [17.129432666666666, 78.43066516666666], [17.129436333333334, 78.43066683333333], [17.12944, 78.4306685], [17.129443666666667, 78.43067016666667], [17.1294475, 78.430672], [17.12945116666667, 78.43067366666668], [17.129454833333334, 78.4306755], [17.129458833333334, 78.43067716666665], [17.129462333333333, 78.430679], [17.129465999999997, 78.43068066666666], [17.129469333333336, 78.43068233333334], [17.129473333333333, 78.430684], [17.129476833333335, 78.43068566666668], [17.129480666666666, 78.43068733333332], [17.129484166666668, 78.430689], [17.129487833333332, 78.43069083333333], [17.12949166666667, 78.4306925], [17.129495333333335, 78.43069416666667], [17.129499, 78.430696], [17.129503, 78.43069783333334], [17.129506666666668, 78.4306995], [17.129510166666666, 78.43070116666667], [17.12951383333333, 78.430703], [17.129517333333336, 78.43070466666667], [17.129521, 78.43070633333333], [17.1295245, 78.43070800000001], [17.129528166666667, 78.43070966666667], [17.1295315, 78.4307115], [17.129535333333333, 78.43071316666666], [17.129539, 78.43071483333333], [17.129542333333333, 78.43071666666667], [17.129546, 78.43071833333333], [17.1295495, 78.43072016666666], [17.1295535, 78.430722], [17.129556833333332, 78.43072366666667], [17.129560666666666, 78.43072550000001], [17.129564000000002, 78.43072733333334], [17.1295675, 78.430729], [17.129571, 78.43073066666666], [17.1295745, 78.4307325], [17.129577833333332, 78.43073416666667], [17.12958133333333, 78.430736], [17.129584833333336, 78.43073766666666], [17.129588333333334, 78.4307395], [17.129591666666666, 78.43074133333333], [17.129595166666665, 78.43074299999999], [17.129598833333333, 78.43074483333334], [17.129602166666665, 78.4307465], [17.129605833333336, 78.43074833333334], [17.129609333333335, 78.43075], [17.1296125, 78.43075183333333], [17.129615833333332, 78.43075366666667], [17.129619166666664, 78.43075533333334], [17.129622666666666, 78.43075716666667], [17.129626, 78.43075883333333], [17.129629333333334, 78.43076049999999], [17.1296325, 78.43076233333333], [17.129635833333335, 78.43076416666666], [17.129639333333333, 78.43076583333333], [17.129643166666664, 78.43076766666667], [17.129646333333334, 78.43076933333333], [17.12965, 78.43077116666667], [17.1296535, 78.43077283333334], [17.129656833333335, 78.43077466666666], [17.129660333333334, 78.43077633333334], [17.1296635, 78.43077816666667], [17.129666999999998, 78.43077983333333], [17.1296705, 78.43078166666666], [17.129673833333335, 78.43078333333332], [17.129677333333333, 78.43078516666667], [17.129680833333335, 78.43078683333333], [17.129684166666667, 78.43078866666666], [17.129687666666666, 78.43079033333333], [17.129690999999998, 78.43079216666666], [17.129694500000003, 78.430794], [17.129698, 78.43079583333333], [17.1297015, 78.4307975], [17.129705, 78.43079916666667], [17.129708, 78.430801], [17.12971183333333, 78.43080283333333], [17.129714999999997, 78.43080450000001], [17.129718500000003, 78.43080633333334], [17.129722, 78.430808], [17.129725333333333, 78.43080983333333], [17.129729, 78.43081166666666], [17.129732666666666, 78.43081333333333], [17.129736166666664, 78.43081516666666], [17.129739500000003, 78.43081683333334], [17.129743166666668, 78.43081866666667], [17.129746666666666, 78.43082033333333], [17.129750333333334, 78.43082216666667], [17.1297535, 78.43082383333333], [17.129756999999998, 78.43082566666666], [17.1297605, 78.4308275], [17.129764, 78.43082916666667], [17.129767666666666, 78.43083083333333], [17.129771333333334, 78.43083266666666], [17.129774833333332, 78.4308345], [17.129778833333333, 78.43083616666667], [17.129782499999997, 78.43083783333333], [17.12978616666667, 78.43083966666667], [17.12979, 78.4308415], [17.1297935, 78.43084316666666], [17.129797333333332, 78.430845], [17.129801, 78.43084666666667], [17.129804666666665, 78.4308485], [17.129808333333337, 78.43085016666667], [17.129811833333335, 78.430852], [17.1298155, 78.43085366666666], [17.129819, 78.4308555], [17.1298225, 78.43085716666666], [17.129825999999998, 78.430859], [17.129829500000003, 78.43086066666666], [17.129833166666668, 78.4308625], [17.129836666666666, 78.43086416666667], [17.129840333333334, 78.430866], [17.129843833333332, 78.43086766666667], [17.1298475, 78.4308695], [17.129851, 78.43087116666668], [17.129855000000003, 78.430873], [17.129858666666667, 78.43087466666665], [17.12986233333333, 78.43087633333333], [17.129866, 78.43087816666666], [17.129869499999998, 78.43087983333334], [17.129873333333332, 78.43088166666666], [17.129876666666668, 78.43088333333334], [17.129880333333332, 78.43088516666667], [17.129884, 78.43088683333333], [17.129887666666665, 78.43088866666668], [17.129891166666667, 78.43089033333334], [17.129894666666665, 78.43089216666667], [17.129898500000003, 78.43089383333333], [17.129902, 78.43089566666666], [17.129906166666668, 78.43089733333333], [17.129909333333334, 78.43089916666666], [17.129913, 78.43090083333333], [17.1299165, 78.4309025], [17.129920333333335, 78.43090416666668], [17.12992416666667, 78.43090600000001], [17.129927666666667, 78.43090766666666], [17.129931666666668, 78.43090933333333], [17.129935166666666, 78.43091116666666], [17.129939, 78.43091283333334], [17.12994266666667, 78.43091466666667], [17.12994666666667, 78.43091633333333], [17.1299505, 78.43091816666667], [17.129954166666668, 78.43091983333333], [17.129957833333332, 78.43092166666666], [17.12996133333333, 78.43092333333334], [17.12996516666667, 78.43092499999999], [17.12996916666667, 78.43092666666666], [17.129972666666667, 78.4309285], [17.129976166666665, 78.43093016666667], [17.12998, 78.43093183333333], [17.129983666666664, 78.43093366666668], [17.12998766666667, 78.43093533333334], [17.129991166666667, 78.43093716666667], [17.129994833333335, 78.43093883333333], [17.129998666666665, 78.43094066666666], [17.1300025, 78.43094233333333], [17.130006166666664, 78.430944], [17.130009833333336, 78.43094566666667], [17.130013833333333, 78.4309475], [17.13001716666667, 78.43094916666668], [17.130020833333333, 78.43095083333333], [17.1300245, 78.43095266666666], [17.130028166666666, 78.43095433333333], [17.13003183333333, 78.43095616666666], [17.130035666666668, 78.43095783333334], [17.130039500000002, 78.43095966666667], [17.130043333333333, 78.43096133333333], [17.13004683333333, 78.43096316666667], [17.1300505, 78.43096483333333], [17.130054166666664, 78.43096650000001], [17.13005766666667, 78.43096833333334], [17.130061166666668, 78.43096999999999], [17.130064666666666, 78.43097166666666], [17.130068166666668, 78.43097333333334], [17.130071666666666, 78.43097516666667], [17.1300755, 78.43097683333333], [17.13007916666667, 78.43097850000001], [17.130082833333333, 78.43098033333334], [17.130086333333335, 78.430982], [17.13009, 78.43098383333333], [17.130093833333333, 78.43098549999999], [17.130097499999998, 78.43098716666667], [17.130101333333336, 78.430989], [17.130104666666668, 78.43099066666667], [17.130108166666666, 78.4309925], [17.130111499999998, 78.43099416666668], [17.130115166666666, 78.43099583333333], [17.13011883333333, 78.43099766666666], [17.13012216666667, 78.43099933333333], [17.130125666666668, 78.43100116666666], [17.130129166666666, 78.43100283333334], [17.130132833333334, 78.43100466666667], [17.130136333333333, 78.43100633333333], [17.130139999999997, 78.431008], [17.1301435, 78.43100983333333], [17.130146833333335, 78.43101166666666], [17.13015066666667, 78.43101333333334], [17.130154333333333, 78.43101499999999], [17.13015783333333, 78.43101666666666], [17.1301615, 78.4310185], [17.130164999999998, 78.43102016666667], [17.130168833333336, 78.431022], [17.1301725, 78.43102366666668], [17.130176333333335, 78.4310255], [17.1301795, 78.43102716666667], [17.13018333333333, 78.43102900000001], [17.130186833333333, 78.43103066666666], [17.130190666666667, 78.43103233333333], [17.13019416666667, 78.43103416666666], [17.130197666666668, 78.43103583333333], [17.130201166666666, 78.43103766666667], [17.130204833333334, 78.43103933333333], [17.130208166666666, 78.43104100000001], [17.13021183333333, 78.43104283333334], [17.130215333333336, 78.43104450000001], [17.130218833333334, 78.43104616666666], [17.130222166666666, 78.43104799999999], [17.130225833333334, 78.43104983333333], [17.130229333333332, 78.4310515], [17.130232666666664, 78.43105316666667], [17.13023616666667, 78.431055], [17.130239666666668, 78.43105666666666], [17.130243, 78.43105833333334], [17.130246666666668, 78.43106016666667], [17.130250166666666, 78.43106183333333], [17.130253666666665, 78.43106366666666], [17.130257333333336, 78.43106533333334], [17.13026066666667, 78.43106716666667], [17.130264333333333, 78.43106883333333], [17.130267833333335, 78.43107066666667], [17.1302715, 78.43107233333333], [17.130275166666667, 78.43107416666666], [17.130278833333332, 78.43107583333334], [17.130282333333334, 78.4310775], [17.130286, 78.43107933333334], [17.130289333333334, 78.43108099999999], [17.130292999999998, 78.43108266666667], [17.1302965, 78.4310845], [17.130300499999997, 78.43108616666667], [17.130303833333336, 78.431088], [17.1303075, 78.43108966666667], [17.130311, 78.43109150000001], [17.130314833333333, 78.43109316666667], [17.13031833333333, 78.431095], [17.130321833333333, 78.43109666666666], [17.1303255, 78.43109833333332], [17.1303285, 78.43110016666667], [17.130332, 78.43110183333333], [17.13033516666667, 78.43110366666666], [17.130338833333333, 78.43110533333333], [17.130342, 78.43110716666666], [17.130345666666663, 78.43110883333334], [17.13034916666667, 78.43111066666667], [17.130352833333333, 78.43111233333335], [17.130356166666665, 78.43111416666667], [17.130359666666667, 78.43111583333332], [17.130362833333333, 78.43111766666667], [17.130366666666664, 78.43111950000001], [17.130370000000003, 78.43112116666666], [17.130373666666667, 78.43112283333333], [17.130376833333333, 78.4311245], [17.130380166666665, 78.43112633333334], [17.130383833333333, 78.431128], [17.13038733333333, 78.43112966666666], [17.130391, 78.4311315], [17.1303945, 78.43113316666667], [17.130398, 78.43113483333333], [17.1304015, 78.43113666666666], [17.130405333333332, 78.43113833333334], [17.130409166666666, 78.43114016666667], [17.130412666666665, 78.43114183333334], [17.130416333333336, 78.43114366666667], [17.13042, 78.43114533333333], [17.130423666666665, 78.431147], [17.130427333333333, 78.43114866666666], [17.130430999999998, 78.43115033333333], [17.130435, 78.43115216666666], [17.1304385, 78.43115383333334], [17.1304425, 78.4311555], [17.130446333333335, 78.43115733333335], [17.130450166666666, 78.431159], [17.130454, 78.43116066666667], [17.130457666666665, 78.4311625], [17.130461333333336, 78.43116416666666], [17.130465, 78.43116583333334], [17.130468833333335, 78.4311675], [17.1304725, 78.43116916666666], [17.130476333333334, 78.43117099999999], [17.13048, 78.43117266666667], [17.130483833333336, 78.43117433333333], [17.1304875, 78.43117600000001], [17.130491333333335, 78.43117783333334], [17.130495166666666, 78.43117950000001], [17.130498833333334, 78.43118116666666], [17.130502333333332, 78.43118283333334], [17.130506, 78.43118466666667], [17.130509500000002, 78.43118633333333], [17.130513333333333, 78.431188], [17.130516833333335, 78.43118966666665], [17.130520666666666, 78.43119133333333], [17.130524166666664, 78.431193], [17.130528, 78.43119466666667], [17.130531666666666, 78.43119633333335], [17.1305355, 78.43119816666668], [17.1305395, 78.43119983333332], [17.130542833333333, 78.4312015], [17.130546666666664, 78.43120316666666], [17.130550333333336, 78.43120483333334], [17.130554333333336, 78.4312065], [17.130557833333334, 78.43120816666666], [17.130561166666666, 78.43120983333333], [17.130564833333334, 78.4312115], [17.130568333333333, 78.43121316666667], [17.130572333333337, 78.43121500000001], [17.13057566666667, 78.43121666666666], [17.130579333333333, 78.43121833333333], [17.130583, 78.43122016666666], [17.1305865, 78.43122183333334], [17.130590333333334, 78.4312235], [17.1305935, 78.43122533333333], [17.130597166666668, 78.431227], [17.130600333333334, 78.43122866666666], [17.130604, 78.43123033333333], [17.130607166666667, 78.431232], [17.1306105, 78.43123383333334], [17.130614166666664, 78.4312355], [17.13061733333333, 78.43123733333333], [17.130621, 78.431239], [17.130624333333333, 78.43124083333333], [17.13062783333333, 78.43124250000001], [17.130631333333334, 78.43124416666666], [17.1306345, 78.431246], [17.130637999999998, 78.43124766666666], [17.130641333333333, 78.43124933333334], [17.130645, 78.43125116666667], [17.130648333333333, 78.43125283333333], [17.130651666666665, 78.4312545], [17.130655, 78.43125633333334], [17.13065883333333, 78.431258], [17.130662166666664, 78.43125983333333], [17.13066566666667, 78.43126149999999], [17.130669, 78.43126333333333], [17.1306725, 78.431265], [17.130676166666667, 78.43126683333334], [17.130679666666666, 78.4312685], [17.13068283333333, 78.43127016666668], [17.130686500000003, 78.431272], [17.130689833333335, 78.43127366666666], [17.130693166666667, 78.43127533333333], [17.130696666666665, 78.43127716666666], [17.130700166666667, 78.43127883333334], [17.130703666666665, 78.43128066666667], [17.13070733333333, 78.43128233333333], [17.130710833333335, 78.43128416666667], [17.130714333333334, 78.431286], [17.130717833333332, 78.43128766666668], [17.130721333333334, 78.4312895], [17.130724833333332, 78.43129116666667], [17.1307285, 78.43129283333333], [17.130732166666668, 78.43129466666666], [17.130735333333334, 78.43129633333334], [17.130739000000002, 78.43129816666666], [17.1307425, 78.43129983333333], [17.130746166666665, 78.43130166666667], [17.1307495, 78.43130333333333], [17.13075316666667, 78.43130516666666], [17.130756666666667, 78.43130683333334], [17.130760333333335, 78.43130866666667], [17.130763833333333, 78.43131033333334], [17.130767166666665, 78.43131216666667], [17.130770833333333, 78.43131383333333], [17.13077433333333, 78.4313155], [17.130777833333333, 78.43131733333333], [17.1307815, 78.431319], [17.130784833333333, 78.43132083333333], [17.13078833333333, 78.43132250000001], [17.130792166666666, 78.43132416666667], [17.130795666666664, 78.431326], [17.130799333333336, 78.43132766666666], [17.130802833333334, 78.43132933333332], [17.130806500000002, 78.43133116666667], [17.130809833333334, 78.43133283333333], [17.1308135, 78.4313345], [17.130817, 78.43133633333333], [17.130820500000002, 78.43133800000001], [17.130824, 78.43133966666666], [17.130827833333335, 78.43134133333334], [17.130831166666667, 78.43134316666666], [17.130835, 78.43134483333333], [17.1308385, 78.43134666666667], [17.130842166666664, 78.43134833333333], [17.130846000000002, 78.43135000000001], [17.1308495, 78.43135166666666], [17.130853000000002, 78.43135349999999], [17.130856666666666, 78.43135516666666], [17.130860166666665, 78.43135699999999], [17.130863666666666, 78.43135866666667], [17.13086716666667, 78.4313605], [17.130870666666667, 78.43136216666667], [17.130874333333335, 78.43136383333334], [17.130877666666667, 78.4313655], [17.13088133333333, 78.43136733333334], [17.130884833333333, 78.43136899999999], [17.13088816666667, 78.43137083333333], [17.130891666666667, 78.4313725], [17.13089516666667, 78.43137433333332], [17.1308985, 78.431376], [17.130901833333333, 78.43137766666668], [17.130905166666665, 78.4313795], [17.130908499999997, 78.43138116666667], [17.13091166666667, 78.43138300000001], [17.13091466666667, 78.43138466666666], [17.130917833333335, 78.43138649999999], [17.1309205, 78.43138833333335], [17.13092333333333, 78.43139], [17.130926, 78.43139183333332], [17.130928666666666, 78.43139366666666], [17.13093083333333, 78.4313955], [17.1309335, 78.43139716666666], [17.1309355, 78.431399], [17.1309375, 78.43140066666666], [17.1309395, 78.43140266666666], [17.1309415, 78.43140433333333], [17.1309435, 78.43140633333334], [17.130945166666667, 78.43140799999999], [17.1309465, 78.43141], [17.130948166666666, 78.43141183333334], [17.1309495, 78.43141366666667], [17.130950666666667, 78.4314155], [17.130951166666666, 78.4314175], [17.130951666666665, 78.43141949999999], [17.130952166666667, 78.43142133333335], [17.130951999999997, 78.43142333333334], [17.130951999999997, 78.43142516666667], [17.130952333333333, 78.43142716666667], [17.130952666666666, 78.431429], [17.130952999999998, 78.43143083333332], [17.130952833333332, 78.43143266666667], [17.130953166666664, 78.4314345], [17.13095333333333, 78.4314365], [17.13095333333333, 78.43143833333333], [17.130952999999998, 78.43144016666666], [17.130952833333332, 78.43144216666666], [17.130952333333333, 78.431444], [17.130952166666667, 78.43144583333333], [17.130951999999997, 78.43144783333334], [17.1309515, 78.43144966666667], [17.130950833333333, 78.43145166666666], [17.130950166666665, 78.4314535], [17.130949333333334, 78.43145533333333], [17.130948666666665, 78.43145733333334], [17.130947666666668, 78.43145916666667], [17.1309465, 78.431461], [17.1309455, 78.43146283333334], [17.130944333333332, 78.43146483333334], [17.1309435, 78.43146666666667], [17.130942166666667, 78.43146866666666], [17.130941166666666, 78.43147049999999], [17.13094, 78.43147233333335], [17.13093866666667, 78.43147416666667], [17.1309375, 78.431476], [17.130936166666668, 78.431478], [17.13093466666667, 78.43147983333333], [17.130933000000002, 78.43148183333332], [17.130931333333333, 78.43148366666667], [17.130929833333333, 78.4314855], [17.1309285, 78.4314875], [17.130926666666667, 78.4314895], [17.130924999999998, 78.43149133333333], [17.130923166666665, 78.43149316666667], [17.130921833333332, 78.43149516666668], [17.130920166666666, 78.43149700000001], [17.1309185, 78.43149883333334], [17.130916833333334, 78.43150083333333], [17.130915166666668, 78.43150266666666], [17.130913333333336, 78.43150466666665], [17.1309115, 78.4315065], [17.13090983333333, 78.4315085], [17.130908166666664, 78.43151033333334], [17.130906166666666, 78.43151233333333], [17.1309045, 78.43151416666666], [17.130902499999998, 78.431516], [17.130900666666665, 78.43151783333333], [17.130898833333333, 78.43151966666666], [17.130896833333335, 78.43152166666667], [17.130895, 78.4315235], [17.130893, 78.43152533333334], [17.130891000000002, 78.43152733333334], [17.13088916666667, 78.43152916666666], [17.130887166666664, 78.43153116666667], [17.13088533333333, 78.431533], [17.1308835, 78.431535], [17.130881166666665, 78.43153683333334], [17.130879, 78.43153883333333], [17.1308775, 78.43154066666666], [17.130875333333332, 78.43154266666667], [17.130873166666667, 78.4315445], [17.13087116666667, 78.4315465], [17.130869166666667, 78.43154833333332], [17.130867000000002, 78.43155033333333], [17.13086483333333, 78.43155216666668], [17.1308625, 78.431554], [17.130860499999997, 78.431556], [17.130858333333332, 78.43155783333333], [17.130856166666668, 78.43155966666667], [17.130854, 78.43156166666667], [17.13085166666667, 78.4315635], [17.130849833333333, 78.43156533333334], [17.130847833333334, 78.43156733333333], [17.130846000000002, 78.43156933333333], [17.130843833333333, 78.43157116666666], [17.130841666666665, 78.431573], [17.130839666666667, 78.43157483333333], [17.1308375, 78.43157683333334], [17.130835666666666, 78.43157866666667], [17.130833666666668, 78.43158050000001], [17.130831666666666, 78.4315825], [17.1308295, 78.43158433333333], [17.13082766666667, 78.43158616666666], [17.130825666666667, 78.43158816666667], [17.1308235, 78.43159], [17.130821500000003, 78.43159183333334], [17.130819499999998, 78.43159383333334], [17.130817666666665, 78.43159566666667], [17.130815833333333, 78.4315975], [17.130813666666665, 78.43159949999999], [17.130811833333333, 78.43160133333335], [17.13081, 78.43160333333334], [17.130808333333334, 78.43160516666667], [17.130806500000002, 78.431607], [17.130804666666666, 78.431609], [17.130802833333334, 78.43161083333332], [17.130801, 78.43161283333333], [17.130799333333336, 78.43161466666668], [17.130797500000003, 78.43161666666667], [17.130795666666664, 78.4316185], [17.130793999999998, 78.43162033333333], [17.130792166666666, 78.43162233333334], [17.1307905, 78.43162416666668], [17.130788833333334, 78.43162600000001], [17.130787166666668, 78.431628], [17.1307855, 78.43162983333333], [17.130783833333332, 78.43163183333333], [17.130782, 78.43163383333334], [17.130780166666668, 78.43163566666666], [17.1307785, 78.43163766666666], [17.130777000000002, 78.4316395], [17.130775333333336, 78.4316415], [17.1307735, 78.43164333333334], [17.130772, 78.43164516666667], [17.13077033333333, 78.43164716666666], [17.13076883333333, 78.43164900000001], [17.130767166666665, 78.43165083333334], [17.130765333333333, 78.43165283333333], [17.130763833333333, 78.43165466666666], [17.130762166666667, 78.43165666666667], [17.130760666666667, 78.4316585], [17.130759, 78.43166049999999], [17.1307575, 78.43166233333334], [17.130756, 78.43166433333334], [17.130754500000002, 78.43166616666667], [17.13075316666667, 78.43166816666667], [17.130751666666665, 78.43167], [17.130750166666665, 78.43167199999999], [17.13074883333333, 78.43167383333333], [17.130747333333332, 78.43167583333334], [17.130746, 78.43167766666667], [17.1307445, 78.4316795], [17.130743, 78.4316815], [17.130741666666665, 78.43168333333332], [17.130740333333332, 78.43168533333333], [17.130739000000002, 78.43168716666668], [17.130737500000002, 78.43168916666667], [17.130736000000002, 78.431691], [17.13073466666667, 78.43169283333333], [17.130733000000003, 78.43169466666667], [17.13073166666667, 78.43169666666667], [17.13073016666667, 78.4316985], [17.130728666666666, 78.4317005], [17.130727, 78.43170233333333], [17.1307255, 78.43170416666666], [17.130724, 78.43170616666666], [17.1307225, 78.431708], [17.130721, 78.43171000000001], [17.130719666666668, 78.43171183333334], [17.130718, 78.43171383333333], [17.130716500000002, 78.43171566666666], [17.13071516666667, 78.4317175], [17.130713333333333, 78.43171933333333], [17.130711833333333, 78.43172133333334], [17.130710333333333, 78.43172316666667], [17.130708833333333, 78.431725], [17.13070733333333, 78.431727], [17.130705666666664, 78.43172899999999], [17.130704166666664, 78.43173083333333], [17.130702499999998, 78.43173283333334], [17.130701, 78.43173466666667], [17.130699166666666, 78.43173666666667], [17.130697833333333, 78.4317385], [17.130696166666667, 78.43174033333334], [17.130694333333334, 78.43174216666667], [17.13069266666667, 78.431744], [17.130691000000002, 78.431746], [17.130689500000003, 78.43174783333333], [17.130687666666667, 78.43174983333333], [17.130686166666667, 78.43175166666667], [17.130684666666664, 78.4317535], [17.130683166666664, 78.4317555], [17.13068133333333, 78.43175733333334], [17.130679833333332, 78.43175916666668], [17.1306785, 78.43176116666667], [17.130677, 78.431763], [17.130675333333333, 78.43176483333333], [17.130673833333333, 78.43176666666666], [17.130672166666667, 78.43176866666666], [17.130670666666667, 78.4317705], [17.130669333333334, 78.43177250000001], [17.130667833333334, 78.43177433333334], [17.130666333333334, 78.43177633333333], [17.130664666666668, 78.43177816666666], [17.130663333333334, 78.43178016666667], [17.130661999999997, 78.43178200000001], [17.13066033333333, 78.43178383333334], [17.13065883333333, 78.43178583333334], [17.130657499999998, 78.43178766666666], [17.130656, 78.43178966666666], [17.1306545, 78.43179149999999], [17.13065333333333, 78.43179333333333], [17.130652, 78.43179533333334], [17.130650666666668, 78.43179716666667], [17.130649166666668, 78.43179916666666], [17.13064766666667, 78.431801], [17.130646333333335, 78.431803], [17.130644833333335, 78.43180483333335], [17.130643333333335, 78.43180666666667], [17.13064166666667, 78.4318085], [17.130640333333336, 78.4318105], [17.130638833333332, 78.43181233333333], [17.130637333333333, 78.43181433333332], [17.130636, 78.43181616666668], [17.130634333333333, 78.43181816666667], [17.130632833333333, 78.43182], [17.130631666666666, 78.431822], [17.130630166666666, 78.43182383333333], [17.130628666666667, 78.43182583333333], [17.130627166666667, 78.43182766666668], [17.130625833333333, 78.4318295], [17.130624333333333, 78.43183133333334], [17.130622666666667, 78.43183316666666], [17.130621333333334, 78.43183516666666], [17.130619833333334, 78.431837], [17.130618333333334, 78.43183900000001], [17.13061683333333, 78.43184083333334], [17.130615499999998, 78.43184283333333], [17.13061433333333, 78.43184466666666], [17.13061283333333, 78.43184649999999], [17.1306115, 78.43184849999999], [17.13061, 78.43185033333333], [17.1306085, 78.43185216666667], [17.130607166666667, 78.43185416666667], [17.130605666666668, 78.431856], [17.130604166666668, 78.43185799999999], [17.130602666666668, 78.43185983333333], [17.13060116666667, 78.43186166666666], [17.130599833333335, 78.43186366666667], [17.1305985, 78.4318655], [17.130597166666668, 78.4318675], [17.130595666666668, 78.43186933333332], [17.13059433333333, 78.43187116666667], [17.13059283333333, 78.43187316666668], [17.130591499999998, 78.431875], [17.130590166666664, 78.43187683333333], [17.130588499999998, 78.43187883333333], [17.130587, 78.43188066666667], [17.1305855, 78.43188266666667], [17.130584166666665, 78.43188466666668], [17.130582666666665, 78.4318865], [17.130581, 78.43188833333333], [17.130579666666666, 78.43189033333333], [17.130578, 78.43189216666666], [17.1305765, 78.431894], [17.130574666666668, 78.43189600000001], [17.130573166666668, 78.43189783333334], [17.13057183333333, 78.43189966666667], [17.13057033333333, 78.43190166666666], [17.130568666666665, 78.4319035], [17.130567166666665, 78.43190533333333], [17.130565666666666, 78.43190733333333], [17.130564166666666, 78.43190916666667], [17.130562666666666, 78.43191116666667], [17.130561166666666, 78.431913], [17.130559666666667, 78.43191499999999], [17.130558166666667, 78.43191683333333], [17.130556666666667, 78.43191866666666], [17.130555166666667, 78.43192066666667], [17.130553666666668, 78.4319225], [17.130552333333334, 78.43192433333334], [17.130550666666668, 78.43192633333334], [17.130549166666665, 78.43192816666667], [17.1305475, 78.43193016666667], [17.130546166666665, 78.431932], [17.1305445, 78.43193383333333], [17.130543, 78.43193566666667], [17.130541333333333, 78.4319375], [17.130539666666667, 78.4319395], [17.130537833333335, 78.43194133333333], [17.1305365, 78.43194316666667], [17.130534833333336, 78.431945], [17.130533, 78.43194700000001], [17.130531333333334, 78.43194883333334], [17.130529833333334, 78.43195066666667], [17.130528166666668, 78.43195266666666], [17.130526666666665, 78.4319545], [17.130524833333332, 78.43195633333333], [17.1305235, 78.43195833333333], [17.130522, 78.43196016666667], [17.130520333333333, 78.43196200000001], [17.130518666666667, 78.43196383333334], [17.130517, 78.43196566666667], [17.1305155, 78.4319675], [17.130513666666666, 78.4319695], [17.130512, 78.43197133333334], [17.130510333333334, 78.43197333333333], [17.130508666666667, 78.43197516666667], [17.130507, 78.431977], [17.13050516666667, 78.43197883333333], [17.1305035, 78.43198066666668], [17.130501833333334, 78.4319825], [17.130500333333334, 78.43198433333333], [17.130498499999998, 78.43198616666668], [17.130496833333332, 78.431988], [17.130495166666666, 78.43199], [17.1304935, 78.43199183333333], [17.130491666666668, 78.43199366666666], [17.13049, 78.4319955], [17.130488, 78.43199750000001], [17.130486333333334, 78.43199933333334], [17.130484333333335, 78.43200116666667], [17.13048266666667, 78.432003], [17.130481, 78.43200483333334], [17.1304795, 78.43200666666667], [17.130477833333334, 78.4320085], [17.130476333333334, 78.43201033333334], [17.130474666666665, 78.43201233333333], [17.130473166666665, 78.43201416666668], [17.130471666666665, 78.43201616666667], [17.130470333333335, 78.432018], [17.130468833333335, 78.43201983333333], [17.130467333333335, 78.43202166666667], [17.130465833333336, 78.4320235], [17.130464166666666, 78.4320255], [17.130462666666666, 78.43202733333332], [17.130461333333336, 78.43202916666668], [17.130460000000003, 78.43203100000001], [17.130458333333333, 78.432033], [17.130456833333334, 78.43203483333333], [17.130455166666664, 78.43203666666666], [17.130453666666664, 78.4320385], [17.130452166666664, 78.4320405], [17.130450666666665, 78.43204216666666], [17.130449, 78.43204416666667], [17.1304475, 78.432046], [17.130446, 78.43204783333334], [17.1304445, 78.43204966666667], [17.130443, 78.43205166666667], [17.130441666666666, 78.4320535], [17.130440166666666, 78.43205533333334], [17.130438666666667, 78.43205733333333], [17.130437166666663, 78.43205916666668], [17.130435833333333, 78.432061], [17.130433999999997, 78.43206283333333], [17.130432499999998, 78.43206466666668], [17.130431166666664, 78.4320665], [17.130429499999998, 78.43206833333333], [17.130428, 78.43207016666666], [17.1304265, 78.432072], [17.130424833333333, 78.432074], [17.130423333333333, 78.43207583333333], [17.1304215, 78.43207766666666], [17.130420333333333, 78.43207966666667], [17.130418666666667, 78.43208150000001], [17.130417166666668, 78.43208333333334], [17.130415833333334, 78.43208516666667], [17.13041433333333, 78.432087], [17.130412999999997, 78.43208883333334], [17.130411666666664, 78.43209066666667], [17.130410166666664, 78.4320925], [17.130408666666664, 78.43209433333332], [17.130406999999998, 78.43209633333332], [17.130405833333334, 78.43209816666668], [17.130404333333335, 78.4321], [17.130402833333335, 78.43210183333333], [17.130401333333335, 78.43210383333333], [17.130399833333335, 78.43210566666667], [17.130398333333336, 78.4321075], [17.130396833333336, 78.43210933333333], [17.130395333333336, 78.43211116666666], [17.130393666666667, 78.432113], [17.130392166666663, 78.43211483333333], [17.13039033333333, 78.43211666666666], [17.13038883333333, 78.43211866666667], [17.130387499999998, 78.43212050000001], [17.130385999999998, 78.43212233333334], [17.130384499999998, 78.43212416666667], [17.130383, 78.432126], [17.130381333333332, 78.43212783333334], [17.130379833333333, 78.43212966666667], [17.130378333333333, 78.4321315], [17.130376833333333, 78.43213333333333], [17.130375166666667, 78.43213516666667], [17.130373833333334, 78.432137], [17.130372333333334, 78.43213883333333], [17.130370833333334, 78.43214066666665], [17.130369499999997, 78.43214266666668], [17.130367999999997, 78.4321445], [17.13036633333333, 78.43214633333334], [17.130364999999998, 78.43214816666666], [17.130363499999998, 78.43215000000001], [17.130362166666664, 78.43215183333334], [17.130360666666665, 78.43215366666666], [17.130358833333332, 78.4321555], [17.130357333333333, 78.43215733333334], [17.130356, 78.43215933333333], [17.1303545, 78.43216116666667], [17.130353166666666, 78.432163], [17.1303515, 78.43216483333335], [17.130350166666666, 78.43216683333334], [17.130348666666666, 78.43216866666667], [17.130347166666663, 78.4321705], [17.130345666666663, 78.43217233333333], [17.13034383333333, 78.43217433333332], [17.130342499999998, 78.43217616666668], [17.130340999999998, 78.43217800000001], [17.130339333333332, 78.43217983333334], [17.130337666666666, 78.43218166666666], [17.130336166666666, 78.43218350000001], [17.130334833333333, 78.4321855], [17.130333, 78.43218733333333], [17.1303315, 78.43218916666666], [17.13033, 78.432191], [17.130328666666667, 78.43219300000001], [17.130327, 78.43219483333334], [17.130325333333335, 78.43219666666667], [17.130323833333332, 78.4321985], [17.1303225, 78.43220033333334], [17.130320833333332, 78.43220216666667], [17.130319333333333, 78.43220416666666], [17.130318, 78.432206], [17.1303165, 78.43220783333332], [17.130315, 78.43220966666667], [17.1303135, 78.4322115], [17.130312, 78.43221333333332], [17.130310666666666, 78.43221533333333], [17.130309, 78.43221716666667], [17.1303075, 78.432219], [17.130306166666667, 78.43222083333333], [17.1303045, 78.43222266666666], [17.130303, 78.4322245], [17.130301666666664, 78.4322265], [17.1303, 78.43222833333333], [17.130298666666665, 78.43223016666667], [17.130297, 78.43223200000001], [17.130295666666665, 78.43223383333334], [17.130294166666665, 78.43223566666667], [17.130292833333332, 78.43223766666667], [17.130291, 78.4322395], [17.1302895, 78.43224133333334], [17.130288166666666, 78.43224316666667], [17.130286833333333, 78.43224516666668], [17.130285333333333, 78.43224683333332], [17.13028416666667, 78.43224883333333], [17.13028266666667, 78.4322505], [17.13028116666667, 78.4322525], [17.13027966666667, 78.43225433333333], [17.130278333333333, 78.43225616666668], [17.130277, 78.432258], [17.130275666666666, 78.43225983333333], [17.130274166666666, 78.43226183333333], [17.1302725, 78.43226366666666], [17.130270833333334, 78.43226566666667], [17.1302695, 78.43226750000001], [17.130267833333335, 78.43226933333334], [17.1302665, 78.43227133333333], [17.130265, 78.43227316666666], [17.130263666666668, 78.43227499999999], [17.130262333333334, 78.43227683333333], [17.130260833333335, 78.43227866666666], [17.130259666666667, 78.43228049999999], [17.130258333333334, 78.43228233333333], [17.13025716666667, 78.43228433333334], [17.130256, 78.43228616666667], [17.130254833333332, 78.432288], [17.1302535, 78.43229], [17.130252499999997, 78.43229183333332], [17.130251333333334, 78.43229366666667], [17.130250166666666, 78.4322955], [17.130249, 78.43229733333332], [17.130247833333332, 78.43229933333333], [17.1302465, 78.43230116666668], [17.130245333333335, 78.432303], [17.130244166666667, 78.43230483333333], [17.130242833333334, 78.43230683333333], [17.1302415, 78.43230866666666], [17.130240333333333, 78.4323105], [17.13023916666667, 78.43231250000001], [17.130238000000002, 78.4323145], [17.130236833333335, 78.43231633333333], [17.130235666666668, 78.43231816666666], [17.130234499999997, 78.43232016666666], [17.130233333333333, 78.43232200000001], [17.130232166666666, 78.43232383333334], [17.130231, 78.43232566666667], [17.130229666666665, 78.43232766666667], [17.13022833333333, 78.4323295], [17.130227166666668, 78.43233133333334], [17.130225833333334, 78.43233316666667], [17.1302245, 78.43233516666666], [17.130223, 78.43233683333332], [17.1302215, 78.43233883333333], [17.130220166666668, 78.43234066666668], [17.130218833333334, 78.4323425], [17.130217333333334, 78.4323445], [17.130216166666667, 78.43234633333333], [17.130214666666667, 78.43234816666667], [17.130213166666667, 78.43235], [17.130211499999998, 78.43235200000001], [17.130209999999998, 78.43235383333334], [17.130208666666665, 78.43235566666667], [17.130207166666665, 78.43235766666666], [17.130205666666665, 78.4323595], [17.130204166666665, 78.43236133333333], [17.130202666666666, 78.43236316666666], [17.130201, 78.43236499999999], [17.130199333333334, 78.43236683333333], [17.130197833333334, 78.43236866666666], [17.130196, 78.43237049999999], [17.130194, 78.43237233333333], [17.130192, 78.43237416666666], [17.130189833333336, 78.432376], [17.130187666666664, 78.43237783333333], [17.130185666666666, 78.43237983333333], [17.13018333333333, 78.43238166666667], [17.130181166666667, 78.4323835], [17.130178666666666, 78.43238533333333], [17.130176, 78.43238716666666], [17.1301735, 78.432389], [17.130171, 78.43239083333333], [17.1301685, 78.4323925], [17.13016533333333, 78.43239433333333], [17.130162499999997, 78.43239616666666], [17.13015933333333, 78.43239799999999], [17.130156333333332, 78.43239983333333], [17.13015366666667, 78.43240166666666], [17.13015066666667, 78.43240349999999], [17.1301475, 78.43240533333332], [17.130144499999997, 78.432407], [17.13014133333333, 78.43240883333333], [17.13013833333333, 78.4324105], [17.130135, 78.43241233333333], [17.130131666666667, 78.43241400000001], [17.130128333333335, 78.43241583333334], [17.130125, 78.4324175], [17.130121666666664, 78.43241933333334], [17.130118333333332, 78.432421], [17.130114666666667, 78.43242283333333], [17.130110833333333, 78.4324245], [17.1301075, 78.43242616666666], [17.130103333333334, 78.432428], [17.13009933333333, 78.4324295], [17.130095333333333, 78.43243116666666], [17.130091333333333, 78.432433], [17.130087333333332, 78.43243466666667], [17.1300835, 78.43243633333333], [17.1300795, 78.432438], [17.1300755, 78.43243983333333], [17.130071666666666, 78.43244150000001], [17.13006783333333, 78.43244333333334], [17.130063833333335, 78.43244483333334], [17.130059666666668, 78.4324465], [17.1300555, 78.43244833333333], [17.1300515, 78.43245], [17.130047333333334, 78.43245166666667], [17.130043333333333, 78.43245333333333], [17.130039333333333, 78.43245516666666], [17.130035000000003, 78.43245683333333], [17.130030833333333, 78.4324585], [17.130026666666666, 78.43246016666667], [17.1300225, 78.43246183333333], [17.130018333333332, 78.4324635], [17.130014333333335, 78.43246516666666], [17.130010000000002, 78.43246683333334], [17.130005833333332, 78.43246866666667], [17.130001666666665, 78.43247033333334], [17.129997666666668, 78.432472], [17.1299935, 78.43247366666667], [17.129989166666668, 78.43247533333333], [17.129985166666664, 78.43247716666666], [17.12998083333333, 78.43247883333333], [17.12997633333333, 78.43248050000001], [17.12997216666667, 78.43248216666666], [17.129968, 78.43248383333334], [17.129963666666665, 78.4324855], [17.129959333333332, 78.43248716666668], [17.12995533333333, 78.43248883333334], [17.129951333333334, 78.4324905], [17.129947166666668, 78.43249216666666], [17.129943, 78.43249399999999], [17.12993883333333, 78.43249566666667], [17.129934666666667, 78.43249733333333], [17.129930666666667, 78.432499], [17.1299265, 78.43250066666666], [17.129922333333333, 78.4325025], [17.129918333333332, 78.43250400000001], [17.129914166666666, 78.43250583333334], [17.129910166666665, 78.4325075], [17.129906000000002, 78.43250916666666], [17.129901833333335, 78.43251083333332], [17.12989766666667, 78.43251233333334], [17.12989333333333, 78.43251400000001], [17.12988933333333, 78.43251566666666], [17.129885166666668, 78.43251749999999], [17.129880833333335, 78.432519], [17.1298765, 78.43252066666668], [17.129872499999998, 78.4325225], [17.12986833333333, 78.43252416666665], [17.129864333333334, 78.43252583333333], [17.12986, 78.4325275], [17.129855666666668, 78.43252916666667], [17.129851666666664, 78.43253083333335], [17.1298475, 78.4325325], [17.129843333333334, 78.43253416666667], [17.129839166666667, 78.43253583333333], [17.129835166666666, 78.43253750000001], [17.129831000000003, 78.43253916666666], [17.129826666666666, 78.43254083333333], [17.129822333333333, 78.4325425], [17.129818, 78.43254416666667], [17.129813833333333, 78.43254583333334], [17.129809833333336, 78.4325475], [17.1298055, 78.43254900000001], [17.129801166666667, 78.43255066666667], [17.129796833333334, 78.43255233333333], [17.1297925, 78.432554], [17.129788666666666, 78.43255566666667], [17.129784500000003, 78.43255733333334], [17.12978, 78.43255900000001], [17.129775833333333, 78.43256066666666], [17.129771666666667, 78.43256233333334], [17.129767666666666, 78.43256383333333], [17.12976366666667, 78.43256566666668], [17.129759666666665, 78.43256733333332], [17.129755333333332, 78.43256883333333], [17.129751333333335, 78.43257066666666], [17.129747333333334, 78.43257216666666], [17.129743333333334, 78.432574], [17.129739166666663, 78.43257566666666], [17.129735, 78.43257716666668], [17.129730833333333, 78.432579], [17.129726833333333, 78.43258066666667], [17.129723000000002, 78.43258233333333], [17.129718833333335, 78.43258399999999], [17.12971483333333, 78.43258566666667], [17.129711, 78.43258733333333], [17.129707166666666, 78.43258900000001], [17.129703166666665, 78.43259066666666], [17.129699000000002, 78.43259233333333], [17.129695, 78.43259400000001], [17.129691166666664, 78.43259583333334], [17.129687166666667, 78.4325975], [17.129683166666666, 78.43259916666666], [17.129679166666666, 78.43260083333332], [17.12967516666667, 78.43260266666667], [17.129671166666665, 78.43260433333333], [17.129667166666664, 78.432606], [17.129663333333333, 78.43260766666667], [17.129659166666666, 78.43260933333333], [17.129655166666666, 78.43261116666666], [17.129651333333335, 78.43261283333332], [17.12964733333333, 78.4326145], [17.129643333333334, 78.43261616666668], [17.1296395, 78.43261783333334], [17.129635666666665, 78.43261966666667], [17.129631500000002, 78.43262133333333], [17.1296275, 78.43262299999999], [17.12962333333333, 78.43262466666667], [17.129619333333334, 78.43262633333333], [17.129615333333334, 78.43262800000001], [17.129611333333333, 78.43262983333334], [17.129606833333334, 78.43263133333333], [17.129602833333333, 78.43263316666666], [17.129598833333333, 78.43263483333334], [17.129594833333332, 78.4326365], [17.129590666666665, 78.43263816666666], [17.129586500000002, 78.43263983333333], [17.1295825, 78.43264166666667], [17.12957833333333, 78.43264333333333], [17.129574166666664, 78.43264483333334], [17.129570166666667, 78.43264666666667], [17.129566166666667, 78.43264816666667], [17.129562166666666, 78.43264983333333], [17.129558, 78.4326515], [17.129554166666665, 78.43265316666665], [17.12955, 78.43265500000001], [17.129545833333335, 78.43265666666666], [17.129541833333334, 78.43265833333334], [17.129538, 78.43266], [17.129533833333333, 78.43266166666668], [17.12953, 78.43266333333332], [17.129525833333332, 78.43266516666667], [17.129522, 78.43266683333333], [17.129518, 78.4326685], [17.12951416666667, 78.43267016666667], [17.129510333333332, 78.43267183333334], [17.12950633333333, 78.43267366666667], [17.12950216666667, 78.43267533333332], [17.129498166666668, 78.432677], [17.129494166666667, 78.43267866666666], [17.129490166666667, 78.43268033333334], [17.129486166666666, 78.43268200000001], [17.129482166666666, 78.43268366666666], [17.12947816666667, 78.43268549999999], [17.129474166666668, 78.43268716666667], [17.129470166666668, 78.43268883333333], [17.129466166666667, 78.4326905], [17.129462166666666, 78.43269233333334], [17.129458166666666, 78.43269400000001], [17.12945416666667, 78.43269566666666], [17.129450333333335, 78.43269733333334], [17.129446499999997, 78.432699], [17.1294425, 78.43270066666668], [17.129438333333333, 78.43270233333332], [17.129434166666666, 78.432704], [17.12943016666667, 78.43270583333333], [17.12942616666667, 78.4327075], [17.129422166666664, 78.43270916666667], [17.12941783333333, 78.43271083333335], [17.129413666666668, 78.4327125], [17.1294095, 78.43271416666667], [17.129405666666667, 78.43271583333333], [17.129401499999997, 78.43271750000001], [17.129397333333333, 78.43271916666666], [17.129393166666667, 78.432721], [17.129389166666666, 78.4327225], [17.12938516666667, 78.43272433333333], [17.12938116666667, 78.432726], [17.129377166666664, 78.43272766666668], [17.12937283333333, 78.43272933333333], [17.129368833333334, 78.432731], [17.129364833333334, 78.43273266666667], [17.129360833333333, 78.43273433333334], [17.129356833333336, 78.43273616666667], [17.129352833333332, 78.43273783333333], [17.129348666666665, 78.4327395], [17.129344833333334, 78.43274116666666], [17.129341, 78.432743], [17.12933716666667, 78.43274466666666], [17.129333166666665, 78.43274633333334], [17.12932933333333, 78.432748], [17.129325333333334, 78.43274966666667], [17.129321333333333, 78.43275133333333], [17.129317333333333, 78.432753], [17.12931316666667, 78.43275466666667], [17.129309, 78.43275633333333], [17.129305, 78.43275799999999], [17.129300999999998, 78.43275983333334], [17.129297, 78.4327615], [17.129292833333334, 78.43276316666667], [17.12928883333333, 78.43276483333334], [17.129284833333333, 78.4327665], [17.129281, 78.43276816666666], [17.129277000000002, 78.43276983333334], [17.12927266666667, 78.4327715], [17.129268833333334, 78.43277316666666], [17.12926483333333, 78.43277483333333], [17.129260666666667, 78.43277633333334], [17.129256666666667, 78.43277816666667], [17.129252666666666, 78.43277983333334], [17.129248333333333, 78.43278149999999], [17.129244333333336, 78.43278316666667], [17.129240333333332, 78.43278483333333], [17.129236166666665, 78.4327865], [17.129232000000002, 78.43278816666665], [17.129228, 78.43278983333333], [17.129224, 78.4327915], [17.12922, 78.43279316666667], [17.129216166666666, 78.43279483333335], [17.129212166666665, 78.4327965], [17.129208333333334, 78.43279816666667], [17.1292045, 78.4328], [17.129200500000003, 78.43280166666666], [17.12919683333333, 78.43280333333334], [17.129193166666667, 78.432805], [17.129189166666666, 78.43280666666666], [17.129185166666666, 78.43280833333333], [17.129181000000003, 78.43281], [17.12917666666667, 78.43281166666667], [17.1291725, 78.43281333333333], [17.129168666666665, 78.43281499999999], [17.129164666666668, 78.43281683333333], [17.1291605, 78.4328185], [17.1291565, 78.43282016666667], [17.1291525, 78.43282183333334], [17.129148333333333, 78.4328235], [17.129144333333333, 78.43282516666666], [17.129140500000002, 78.43282683333334], [17.129136666666668, 78.4328285], [17.129132666666667, 78.43283016666666], [17.129128666666666, 78.43283183333332], [17.129124833333332, 78.4328335], [17.129120666666665, 78.43283516666666], [17.129117, 78.43283683333334], [17.129113333333333, 78.43283849999999], [17.12910916666667, 78.43284016666667], [17.12910533333333, 78.43284183333334], [17.129101166666665, 78.4328435], [17.129097333333334, 78.43284516666667], [17.129093666666666, 78.43284683333333], [17.129089833333335, 78.4328485], [17.12908583333333, 78.43285016666667], [17.129081666666664, 78.432852], [17.1290775, 78.43285366666667], [17.129073666666667, 78.43285533333332], [17.129069833333332, 78.432857], [17.129065833333335, 78.43285866666666], [17.12906183333333, 78.43286033333334], [17.12905783333333, 78.43286216666667], [17.129053833333334, 78.43286383333334], [17.129050166666666, 78.43286549999999], [17.12904616666667, 78.43286716666667], [17.1290425, 78.43286883333333], [17.1290385, 78.4328705], [17.129034666666666, 78.43287233333334], [17.129030666666665, 78.432874], [17.129026500000002, 78.43287566666666], [17.129022333333335, 78.43287733333334], [17.12901833333333, 78.432879], [17.1290145, 78.43288066666668], [17.1290105, 78.43288233333332], [17.129006333333333, 78.432884], [17.129002333333336, 78.43288566666666], [17.12899816666667, 78.43288733333334], [17.128994166666665, 78.43288899999999], [17.128990333333334, 78.43289066666667], [17.128986333333334, 78.43289233333333], [17.128982333333333, 78.432894], [17.128978166666666, 78.43289583333333], [17.12897416666667, 78.43289750000001], [17.128970166666665, 78.43289916666666], [17.128966166666665, 78.43290066666667], [17.128962333333334, 78.43290233333333], [17.1289585, 78.432904], [17.128954500000003, 78.43290583333334], [17.1289505, 78.4329075], [17.128946666666664, 78.43290916666666], [17.128942833333333, 78.43291083333334], [17.128938833333333, 78.4329125], [17.128935000000002, 78.43291416666666], [17.128931, 78.43291583333333], [17.128927166666664, 78.43291766666667], [17.128923166666667, 78.43291933333333], [17.128919333333332, 78.43292100000001], [17.128915666666668, 78.43292266666667], [17.128911833333333, 78.43292433333333], [17.128907666666667, 78.432926], [17.128904, 78.43292766666667], [17.128899999999998, 78.4329295], [17.128896, 78.432931], [17.128892, 78.43293266666666], [17.128888, 78.4329345], [17.128884000000003, 78.43293616666666], [17.128880166666665, 78.43293783333334], [17.128876166666664, 78.4329395], [17.128872, 78.43294133333333], [17.128868166666667, 78.432943], [17.128864333333336, 78.43294466666666], [17.128860166666666, 78.43294633333333], [17.128856166666665, 78.43294816666666], [17.128852333333334, 78.43294983333334], [17.128848166666668, 78.4329515], [17.128844166666667, 78.43295316666666], [17.128840500000003, 78.43295483333333], [17.128836333333332, 78.4329565], [17.12883233333333, 78.43295816666667], [17.128828166666665, 78.43296000000001], [17.128824, 78.43296166666667], [17.12882, 78.43296333333333], [17.128816166666663, 78.432965], [17.128811833333334, 78.43296666666667], [17.128807833333333, 78.4329685], [17.128803833333333, 78.43297016666666], [17.128800000000002, 78.43297183333334], [17.128796, 78.43297349999999], [17.128791999999997, 78.43297516666667], [17.128788166666666, 78.43297683333334], [17.128784, 78.4329785], [17.128780166666665, 78.43298033333333], [17.128776333333334, 78.432982], [17.128772333333334, 78.43298366666666], [17.128768333333333, 78.4329855], [17.128764333333333, 78.43298716666666], [17.1287605, 78.43298883333334], [17.128756333333335, 78.4329905], [17.128752333333335, 78.43299216666666], [17.12874833333333, 78.43299383333333], [17.128743999999998, 78.4329955], [17.128739833333334, 78.43299716666667], [17.128736, 78.43299883333334], [17.128731833333333, 78.43300049999999], [17.128727833333336, 78.43300233333333], [17.128723833333332, 78.433004], [17.12871983333333, 78.43300566666667], [17.128715833333334, 78.43300733333334], [17.128712, 78.433009], [17.128707833333333, 78.43301066666666], [17.12870366666667, 78.43301233333334], [17.128699666666666, 78.43301416666667], [17.1286955, 78.43301583333333], [17.128691333333332, 78.4330175], [17.128687, 78.43301916666665], [17.12868316666667, 78.43302083333333], [17.128678999999998, 78.4330225], [17.128674999999998, 78.43302416666667], [17.128671, 78.43302583333335], [17.128666833333334, 78.43302766666667], [17.128662833333333, 78.43302933333332], [17.12865866666667, 78.433031], [17.128654333333333, 78.43303266666666], [17.128650166666667, 78.43303433333334], [17.1286465, 78.43303599999999], [17.128642333333335, 78.43303766666666], [17.128638333333335, 78.43303933333333], [17.128634499999997, 78.433041], [17.1286305, 78.43304266666668], [17.128626666666666, 78.43304433333333], [17.12862266666667, 78.433046], [17.128619, 78.43304783333333], [17.128614666666667, 78.4330495], [17.128610499999997, 78.43305116666667], [17.128606666666666, 78.43305283333333], [17.128602666666666, 78.4330545], [17.12859866666667, 78.43305616666666], [17.128594666666668, 78.43305783333334], [17.128590499999998, 78.4330595], [17.128586499999997, 78.43306116666666], [17.1285825, 78.43306283333332], [17.1285785, 78.4330645], [17.128574833333335, 78.43306616666668], [17.128570833333335, 78.43306783333334], [17.12856683333333, 78.4330695], [17.128563, 78.43307116666666], [17.128558833333333, 78.43307283333334], [17.128555, 78.4330745], [17.128551, 78.43307616666667], [17.128547, 78.43307766666666], [17.128542999999997, 78.4330795], [17.128539, 78.43308116666667], [17.128535, 78.43308283333334], [17.128531333333335, 78.43308449999999], [17.128527333333334, 78.43308633333332], [17.128523499999996, 78.433088], [17.1285195, 78.43308966666667], [17.128515666666665, 78.43309133333334], [17.128511500000002, 78.433093], [17.1285075, 78.43309466666666], [17.128503666666667, 78.43309633333334], [17.1285, 78.433098], [17.128496, 78.43309966666668], [17.128492166666668, 78.43310133333333], [17.128488333333333, 78.433103], [17.128484500000003, 78.43310466666667], [17.12848066666667, 78.43310633333334], [17.128476666666664, 78.43310816666667], [17.128472833333333, 78.43310983333335], [17.128468666666667, 78.4331115], [17.128465000000002, 78.43311316666667], [17.128461166666668, 78.43311483333333], [17.128457333333333, 78.43311650000001], [17.1284535, 78.43311816666666], [17.1284495, 78.43311983333334], [17.12844533333333, 78.4331215], [17.1284415, 78.43312316666668], [17.1284375, 78.43312483333334], [17.12843333333333, 78.4331265], [17.1284295, 78.43312816666666], [17.128425666666665, 78.43312983333334], [17.1284215, 78.4331315], [17.128417666666667, 78.43313316666666], [17.128413833333333, 78.43313483333333], [17.128409833333333, 78.4331365], [17.128406166666664, 78.43313816666667], [17.128402, 78.43313983333334], [17.128398, 78.43314149999999], [17.128394, 78.43314316666667], [17.128390000000003, 78.43314483333333], [17.128386166666665, 78.43314666666667], [17.128382166666665, 78.43314833333334], [17.128378166666668, 78.43315], [17.128374166666667, 78.43315166666666], [17.128370166666667, 78.43315333333334], [17.128366000000003, 78.433155], [17.128362, 78.43315666666668], [17.128358, 78.43315833333332], [17.128354, 78.43316], [17.12835, 78.43316166666666], [17.128346, 78.43316333333334], [17.128342, 78.43316499999999], [17.128338, 78.43316666666666], [17.128334166666665, 78.4331685], [17.128330166666668, 78.43317016666667], [17.128326166666668, 78.43317183333333], [17.128322166666667, 78.43317350000001], [17.128318166666666, 78.43317499999999], [17.1283145, 78.43317666666667], [17.12831033333333, 78.43317833333334], [17.12830616666667, 78.43318016666667], [17.128302333333334, 78.43318183333334], [17.128298500000003, 78.4331835], [17.1282945, 78.43318516666666], [17.1282905, 78.43318683333334], [17.1282865, 78.4331885], [17.1282825, 78.43319016666666], [17.1282785, 78.43319183333332], [17.12827433333333, 78.4331935], [17.128270333333333, 78.43319516666666], [17.128266333333332, 78.43319683333334], [17.128262166666666, 78.43319849999999], [17.128258333333335, 78.43320033333333], [17.128254166666668, 78.43320183333334], [17.128249999999998, 78.4332035], [17.128246, 78.43320516666667], [17.128242, 78.43320683333333], [17.128238166666666, 78.43320866666666], [17.128234000000003, 78.43321016666667], [17.12823033333333, 78.43321183333335], [17.1282265, 78.4332135], [17.1282225, 78.43321516666667], [17.128218666666665, 78.43321683333333], [17.12821466666667, 78.43321850000001], [17.128210666666668, 78.43322016666666], [17.128206666666664, 78.43322183333333], [17.128202666666667, 78.4332235], [17.128198833333332, 78.43322516666667], [17.128194833333335, 78.43322683333334], [17.128190833333335, 78.4332285], [17.128187166666667, 78.43323016666666], [17.128183166666666, 78.433232], [17.128179166666666, 78.43323366666667], [17.128175166666665, 78.43323533333334], [17.128171333333334, 78.43323699999999], [17.128167333333334, 78.4332385], [17.128163333333337, 78.43324016666666], [17.128159333333333, 78.433242], [17.1281555, 78.43324366666667], [17.128151333333335, 78.43324533333333], [17.128147333333335, 78.433247], [17.1281435, 78.43324866666667], [17.1281395, 78.43325033333333], [17.1281355, 78.433252], [17.1281315, 78.43325366666666], [17.1281275, 78.43325533333334], [17.1281235, 78.433257], [17.128119333333334, 78.43325866666667], [17.128115166666664, 78.43326033333332], [17.128111333333333, 78.433262], [17.128107666666665, 78.43326366666666], [17.1281035, 78.43326533333334], [17.128099333333335, 78.43326699999999], [17.12809533333333, 78.43326866666666], [17.128091333333334, 78.43327033333334], [17.128087166666667, 78.433272], [17.128083333333333, 78.43327366666668], [17.128079333333336, 78.43327533333333], [17.128075333333335, 78.433277], [17.12807133333333, 78.43327866666667], [17.128067666666666, 78.4332805], [17.128063666666666, 78.43328216666667], [17.128059666666665, 78.43328383333333], [17.128056, 78.4332855], [17.128051833333334, 78.43328716666666], [17.128047666666664, 78.43328883333334], [17.128043833333333, 78.43329050000001], [17.128039833333332, 78.43329233333334], [17.128035833333335, 78.43329399999999], [17.128032, 78.43329566666667], [17.128027999999997, 78.43329733333333], [17.128024, 78.433299], [17.128020333333332, 78.43330066666667], [17.128016333333335, 78.43330233333333], [17.128012333333334, 78.43330399999999], [17.128008333333334, 78.43330566666667], [17.128004166666663, 78.43330733333333], [17.128, 78.433309], [17.127996166666666, 78.43331066666666], [17.12799216666667, 78.43331233333333], [17.12798816666667, 78.43331400000001], [17.127984166666668, 78.43331549999999], [17.1279805, 78.43331733333333], [17.127976166666667, 78.43331883333333], [17.127972166666666, 78.43332050000001], [17.12796816666667, 78.43332233333334], [17.1279645, 78.433324], [17.127960499999997, 78.43332566666666], [17.1279565, 78.43332733333334], [17.12795283333333, 78.433329], [17.127948833333335, 78.43333066666668], [17.127944833333334, 78.43333233333333], [17.127940833333334, 78.433334], [17.127937166666666, 78.43333566666666], [17.127933166666665, 78.43333750000001], [17.127928999999998, 78.43333916666667], [17.127925, 78.43334083333333], [17.127921, 78.43334266666668], [17.127917, 78.43334433333332], [17.127913333333332, 78.433346], [17.127909166666665, 78.43334766666666], [17.127905, 78.43334933333334], [17.127901, 78.43335099999999], [17.127897166666667, 78.43335266666666], [17.127892999999997, 78.43335433333333], [17.127889166666666, 78.433356], [17.127885166666665, 78.43335766666668], [17.12788116666667, 78.43335950000001], [17.127877333333334, 78.43336116666666], [17.127873333333334, 78.43336283333333], [17.1278695, 78.43336433333334], [17.127865666666665, 78.43336616666667], [17.127861666666668, 78.43336766666667], [17.1278575, 78.43336933333333], [17.1278535, 78.43337100000001], [17.127849333333334, 78.43337266666667], [17.127845333333333, 78.4333745], [17.1278415, 78.433376], [17.127837166666666, 78.43337766666667], [17.12783316666667, 78.43337933333333], [17.127829166666668, 78.433381], [17.127825166666664, 78.43338266666666], [17.127821333333333, 78.43338433333334], [17.127817166666667, 78.433386], [17.127813, 78.43338766666668], [17.12780916666667, 78.43338933333332], [17.12780516666667, 78.433391], [17.12780133333333, 78.43339283333333], [17.127797333333334, 78.43339433333334], [17.127793333333333, 78.43339599999999], [17.127789333333332, 78.43339766666666], [17.127785333333335, 78.4333995], [17.1277815, 78.43340116666667], [17.12777733333333, 78.43340266666668], [17.127773333333334, 78.43340450000001], [17.127769833333332, 78.43340616666666], [17.127765833333335, 78.43340783333333], [17.127761666666668, 78.4334095], [17.127757999999996, 78.43341116666667], [17.127753833333333, 78.43341283333332], [17.127749833333333, 78.4334145], [17.127745833333332, 78.43341616666666], [17.127741833333335, 78.43341783333334], [17.12773766666667, 78.4334195], [17.12773383333333, 78.43342116666666], [17.12773, 78.43342283333332], [17.127726, 78.4334245], [17.127721833333332, 78.43342616666668], [17.12771766666667, 78.43342783333333], [17.12771366666667, 78.4334295], [17.127709666666664, 78.43343116666667], [17.127706, 78.43343283333334], [17.127702, 78.4334345], [17.127697833333333, 78.43343616666667], [17.127694, 78.433438], [17.127690166666664, 78.43343966666666], [17.127686166666667, 78.43344116666667], [17.127682, 78.43344283333333], [17.127677833333333, 78.43344466666667], [17.127673666666666, 78.43344633333332], [17.12766966666667, 78.433448], [17.127665666666665, 78.43344966666668], [17.1276615, 78.43345133333334], [17.1276575, 78.433453], [17.1276535, 78.43345466666666], [17.127649333333334, 78.43345633333334], [17.12764533333333, 78.433458], [17.127641333333333, 78.43345966666668], [17.127637333333332, 78.43346133333333], [17.127633333333332, 78.433463], [17.1276295, 78.43346466666667], [17.127625666666667, 78.43346633333334], [17.127621666666666, 78.43346799999999], [17.127617666666666, 78.43346966666667], [17.12761383333333, 78.43347133333333], [17.12761, 78.43347316666667], [17.127606, 78.43347483333334], [17.127602000000003, 78.43347650000001], [17.127598166666665, 78.43347816666666], [17.1275945, 78.43347983333334], [17.127590666666666, 78.4334815], [17.127586333333333, 78.43348316666668], [17.127582333333333, 78.43348483333332], [17.127578500000002, 78.4334865], [17.127574499999998, 78.43348816666666], [17.12757033333333, 78.43348983333334], [17.127566166666668, 78.4334915], [17.127562166666667, 78.43349316666666], [17.127558166666667, 78.43349483333333], [17.127554166666666, 78.4334965], [17.127550166666666, 78.433498], [17.127546166666665, 78.43349983333333], [17.127542166666668, 78.43350149999999], [17.127538, 78.433503], [17.127534166666667, 78.43350466666668], [17.127530333333333, 78.43350650000001], [17.127526333333332, 78.43350816666666], [17.12752233333333, 78.43350983333333], [17.127518666666667, 78.43351133333334], [17.127514666666666, 78.43351316666667], [17.12751066666667, 78.43351483333332], [17.12750683333333, 78.4335165], [17.127502666666665, 78.43351816666667], [17.127498666666668, 78.43351983333334], [17.127495, 78.43352150000001], [17.127491000000003, 78.43352316666666], [17.127486833333332, 78.43352483333334], [17.127482999999998, 78.4335265], [17.127479166666667, 78.43352816666668], [17.127475333333333, 78.43353], [17.127471333333336, 78.4335315], [17.127467333333335, 78.43353316666666], [17.12746333333333, 78.43353499999999], [17.127459333333334, 78.4335365], [17.127455333333334, 78.43353816666666], [17.127451166666667, 78.43353983333333], [17.127447166666666, 78.4335415], [17.127442666666663, 78.43354316666667], [17.127438333333334, 78.43354466666666], [17.127434, 78.43354633333334], [17.127429333333335, 78.433548], [17.1274245, 78.43354966666668], [17.1274195, 78.43355116666666], [17.1274145, 78.43355283333334], [17.1274095, 78.43355433333333], [17.127404333333335, 78.43355583333333], [17.127398833333334, 78.43355733333333], [17.127393333333334, 78.433559], [17.127388, 78.43356050000001], [17.1273825, 78.433562], [17.127376666666667, 78.4335635], [17.127370666666664, 78.433565], [17.127365, 78.43356633333333], [17.127359333333334, 78.43356783333334], [17.1273535, 78.43356916666667], [17.1273475, 78.4335705], [17.1273415, 78.43357183333333], [17.127335000000002, 78.43357316666668], [17.127328499999997, 78.43357433333334], [17.127322166666666, 78.4335755], [17.127315666666668, 78.43357683333333], [17.127309, 78.433578], [17.127302166666666, 78.43357916666668], [17.127295, 78.43358016666666], [17.127288, 78.43358133333332], [17.127281, 78.4335825], [17.127274166666666, 78.4335835], [17.127266833333334, 78.43358450000001], [17.127259166666665, 78.43358549999999], [17.127251333333334, 78.4335865], [17.127243833333335, 78.4335875], [17.127236166666666, 78.4335885], [17.127228833333334, 78.43358933333334], [17.1272215, 78.43359033333333], [17.127214, 78.43359116666667], [17.127206333333334, 78.43359216666666], [17.12719866666667, 78.433593], [17.127190833333334, 78.43359383333333], [17.127182666666666, 78.43359466666668], [17.12717466666667, 78.4335955], [17.127166499999998, 78.43359633333333], [17.127158333333334, 78.43359699999999], [17.12715016666667, 78.43359783333334], [17.127141833333333, 78.4335985], [17.1271335, 78.43359933333333], [17.127125166666666, 78.4336], [17.127116833333332, 78.43360066666668], [17.12710816666667, 78.43360133333334], [17.1270995, 78.43360183333333], [17.127090666666668, 78.4336025], [17.127081666666665, 78.43360316666667], [17.127072666666667, 78.43360383333334], [17.12706366666667, 78.4336045], [17.127054666666666, 78.43360516666667], [17.1270455, 78.43360566666667], [17.127036333333333, 78.43360633333333], [17.127027, 78.43360683333334], [17.127017666666667, 78.43360750000001], [17.127008666666665, 78.433608], [17.1269995, 78.4336085], [17.12699033333333, 78.43360899999999], [17.126981166666667, 78.4336095], [17.126972000000002, 78.43361], [17.126962666666667, 78.4336105], [17.126953333333333, 78.433611], [17.126944166666664, 78.43361150000001], [17.126935, 78.43361183333333], [17.12692566666667, 78.43361233333333], [17.126916166666668, 78.43361283333334], [17.126907000000003, 78.43361316666666], [17.126897666666665, 78.43361366666666], [17.126888333333333, 78.433614], [17.126879166666665, 78.43361433333332], [17.126869833333334, 78.43361483333334], [17.126860500000003, 78.43361516666667], [17.12685133333333, 78.43361566666667], [17.126842, 78.433616], [17.126832666666665, 78.43361633333333], [17.126823166666668, 78.43361683333333], [17.1268135, 78.433617], [17.126804166666666, 78.43361750000001], [17.12679466666667, 78.43361783333333], [17.12678533333333, 78.43361816666668], [17.126775833333333, 78.43361833333333], [17.126766166666666, 78.43361866666667], [17.12675683333333, 78.433619], [17.126747333333334, 78.43361933333334], [17.126737833333333, 78.43361966666666], [17.126728500000002, 78.43361983333332], [17.126719166666664, 78.43362016666667], [17.126709666666667, 78.4336205], [17.12670016666667, 78.43362066666667], [17.126690666666665, 78.43362099999999], [17.126681166666668, 78.43362133333333], [17.126671666666667, 78.43362166666667], [17.126662333333336, 78.43362183333333], [17.12665283333333, 78.43362216666667], [17.126643333333334, 78.4336225], [17.126634000000003, 78.43362283333333], [17.126624666666665, 78.433623], [17.126615166666667, 78.43362333333333], [17.126606, 78.43362366666666], [17.126596666666668, 78.433624], [17.126586999999997, 78.43362416666668], [17.126577833333332, 78.4336245], [17.126568666666667, 78.43362483333334], [17.1265595, 78.43362516666666], [17.1265505, 78.4336255], [17.126541333333332, 78.43362583333332], [17.126532166666667, 78.433626], [17.126522666666666, 78.43362633333332], [17.12651333333333, 78.43362683333334], [17.126504, 78.43362716666667], [17.126494666666666, 78.43362733333333], [17.126485666666667, 78.43362766666668], [17.126476333333336, 78.433628], [17.126466999999998, 78.43362833333335], [17.126457666666667, 78.43362866666666], [17.126448166666666, 78.43362916666666], [17.126438833333335, 78.43362950000001], [17.12642966666667, 78.43362966666668], [17.126420333333332, 78.43363], [17.126411166666667, 78.43363049999999], [17.126401833333333, 78.43363083333334], [17.126392666666668, 78.43363116666666], [17.126383333333333, 78.4336315], [17.126373833333332, 78.43363183333332], [17.1263645, 78.43363233333334], [17.126355333333333, 78.43363266666667], [17.126346166666668, 78.433633], [17.126337, 78.43363333333333], [17.12632766666667, 78.43363383333333], [17.126318333333334, 78.43363416666666], [17.126309166666665, 78.4336345], [17.1263, 78.43363483333333], [17.126290833333332, 78.43363533333333], [17.126281666666667, 78.43363566666667], [17.126272500000002, 78.43363616666667], [17.126263333333334, 78.43363649999999], [17.126254, 78.43363683333334], [17.12624483333333, 78.43363733333334], [17.126235333333334, 78.43363783333332], [17.126226166666665, 78.43363816666667], [17.126217, 78.43363866666667], [17.126208166666668, 78.433639], [17.126199, 78.43363933333333], [17.12618966666667, 78.43363983333333], [17.126180499999997, 78.43364016666666], [17.126171333333332, 78.43364066666666], [17.126162166666667, 78.43364100000001], [17.126153, 78.43364150000001], [17.126143666666668, 78.43364183333333], [17.1261345, 78.43364216666667], [17.126125333333334, 78.43364266666667], [17.12611616666667, 78.433643], [17.126107166666667, 78.4336435], [17.12609816666667, 78.43364383333332], [17.12608883333333, 78.43364433333333], [17.126079666666666, 78.43364466666667], [17.126070666666667, 78.433645], [17.1260615, 78.4336455], [17.126052333333334, 78.433646], [17.126043166666665, 78.4336465], [17.126033833333334, 78.43364683333333], [17.12602466666667, 78.43364716666666], [17.12601533333333, 78.43364766666667], [17.126006, 78.43364799999999], [17.125996833333332, 78.43364849999999], [17.125987666666667, 78.43364883333334], [17.125978666666665, 78.43364933333334], [17.125969833333333, 78.43364966666667], [17.125960833333334, 78.43365], [17.125951666666666, 78.43365050000001], [17.1259425, 78.433651], [17.125933333333332, 78.4336515], [17.125924333333334, 78.43365183333334], [17.125915000000003, 78.43365233333334], [17.125905833333334, 78.43365283333333], [17.125896666666666, 78.43365316666667], [17.125887666666664, 78.43365366666667], [17.125878333333333, 78.43365416666667], [17.125869166666668, 78.4336545], [17.125860166666666, 78.433655], [17.125851166666667, 78.4336555], [17.125842166666665, 78.43365583333333], [17.125833166666666, 78.43365633333333], [17.125824333333334, 78.43365683333333], [17.125815333333332, 78.43365716666668], [17.125806166666667, 78.43365766666668], [17.125797, 78.43365816666666], [17.125787833333334, 78.43365866666666], [17.125778833333335, 78.433659], [17.125769666666667, 78.4336595], [17.125760500000002, 78.43365999999999], [17.125751666666666, 78.4336605], [17.125742666666667, 78.433661], [17.12573366666667, 78.4336615], [17.125725, 78.433662], [17.125716, 78.43366233333333], [17.125706833333332, 78.43366283333333], [17.125697833333334, 78.43366333333333], [17.125688833333335, 78.43366383333334], [17.125679666666667, 78.43366416666666], [17.125670666666668, 78.43366466666666], [17.125661666666666, 78.433665], [17.125652666666667, 78.4336655], [17.12564366666667, 78.43366599999999], [17.125634666666667, 78.4336665], [17.125625666666668, 78.43366683333333], [17.1256165, 78.43366716666667], [17.1256075, 78.43366766666666], [17.125598500000002, 78.43366816666666], [17.125589666666666, 78.43366850000001], [17.1255805, 78.433669], [17.125571666666666, 78.4336695], [17.1255625, 78.43366983333334], [17.12555366666667, 78.43367033333334], [17.125544666666666, 78.43367083333332], [17.125535666666668, 78.43367116666667], [17.1255265, 78.43367166666667], [17.1255175, 78.43367199999999], [17.125508500000002, 78.4336725], [17.1254995, 78.433673], [17.1254905, 78.43367333333335], [17.1254815, 78.43367383333333], [17.12547216666667, 78.43367433333333], [17.125463333333336, 78.43367466666668], [17.125454166666668, 78.43367516666667], [17.125445333333335, 78.43367566666667], [17.1254365, 78.433676], [17.1254275, 78.4336765], [17.12541866666667, 78.43367683333332], [17.125409666666666, 78.43367733333334], [17.125400833333334, 78.43367766666667], [17.125391999999998, 78.43367816666667], [17.125383, 78.43367866666668], [17.125374333333333, 78.433679], [17.12536533333333, 78.4336795], [17.125356333333333, 78.43367983333333], [17.12534733333333, 78.43368033333333], [17.12533833333333, 78.43368083333333], [17.125329333333333, 78.43368133333334], [17.12532033333333, 78.43368166666667], [17.125311333333332, 78.43368216666666], [17.1253025, 78.4336825], [17.1252935, 78.433683], [17.125284500000003, 78.43368333333333], [17.12527533333333, 78.43368383333333], [17.125266333333332, 78.43368433333333], [17.12525733333333, 78.43368466666668], [17.12524833333333, 78.43368516666666], [17.125239500000003, 78.43368566666666], [17.1252305, 78.43368616666666], [17.12522166666667, 78.43368650000001], [17.125212666666666, 78.43368699999999], [17.125203833333334, 78.43368749999999], [17.12519466666667, 78.43368783333334], [17.125185666666667, 78.43368833333334], [17.125176833333335, 78.43368883333332], [17.125168, 78.43368933333333], [17.125159166666666, 78.43368966666667], [17.125150333333334, 78.43369016666666], [17.125141499999998, 78.43369066666668], [17.125132666666666, 78.433691], [17.125123833333337, 78.4336915], [17.125114666666665, 78.43369200000001], [17.125105833333336, 78.4336925], [17.125096833333334, 78.43369283333332], [17.125087833333335, 78.43369333333334], [17.125078833333337, 78.43369366666667], [17.125070333333333, 78.43369416666665], [17.1250615, 78.43369466666667], [17.125052666666665, 78.433695], [17.125043833333333, 78.43369550000001], [17.125035, 78.43369583333333], [17.125026, 78.43369633333333], [17.125017, 78.43369666666668], [17.125007999999998, 78.43369716666666], [17.124999166666665, 78.43369766666666], [17.124990333333336, 78.433698], [17.124981333333334, 78.4336985], [17.124972666666668, 78.43369883333334], [17.124963833333332, 78.43369933333334], [17.124954833333334, 78.43369966666667], [17.124945833333335, 78.43370016666667], [17.124936833333333, 78.4337005], [17.124927666666668, 78.433701], [17.124919, 78.43370133333333], [17.124910166666666, 78.43370183333333], [17.124901166666668, 78.43370216666668], [17.124892499999998, 78.43370266666668], [17.1248835, 78.433703], [17.124874666666663, 78.43370350000001], [17.124865833333335, 78.433704], [17.12485666666667, 78.4337045], [17.124848, 78.43370499999999], [17.124839166666668, 78.43370533333334], [17.124830166666666, 78.43370583333333], [17.1248215, 78.43370616666667], [17.124812666666667, 78.43370666666667], [17.124803999999997, 78.43370716666666], [17.1247955, 78.43370750000001], [17.124786500000003, 78.433708], [17.124777833333333, 78.43370833333333], [17.124769, 78.43370883333334], [17.124760166666665, 78.43370933333334], [17.124751333333332, 78.43370966666666], [17.124742333333334, 78.43371016666667], [17.124733499999998, 78.43371066666667], [17.12472466666667, 78.43371099999999], [17.124716, 78.4337115], [17.124707166666667, 78.433712], [17.124698333333335, 78.43371233333333], [17.12468983333333, 78.43371283333333], [17.124680833333333, 78.43371333333333], [17.124671999999997, 78.43371383333333], [17.124662833333332, 78.43371416666668], [17.124654, 78.43371466666667], [17.124645166666667, 78.43371516666666], [17.124636333333335, 78.43371566666666], [17.1246275, 78.43371616666667], [17.1246185, 78.4337165], [17.124609500000002, 78.43371699999999], [17.124600666666666, 78.43371733333333], [17.124591833333334, 78.43371783333333], [17.12458333333333, 78.43371833333335], [17.124574666666668, 78.43371883333333], [17.124565833333335, 78.43371916666666], [17.124556666666667, 78.43371966666668], [17.124548, 78.43372016666667], [17.124538833333336, 78.43372066666667], [17.124529666666668, 78.43372116666666], [17.12452066666667, 78.4337215], [17.124511666666667, 78.433722], [17.124502666666668, 78.4337225], [17.12449366666667, 78.43372283333333], [17.124484666666667, 78.43372333333333], [17.124475833333335, 78.43372383333333], [17.124467, 78.43372416666666], [17.124458333333333, 78.43372466666666], [17.124449666666667, 78.43372500000001], [17.124441, 78.43372550000001], [17.124432000000002, 78.43372583333333], [17.124423, 78.43372633333334], [17.124414, 78.43372683333334], [17.124405000000003, 78.43372716666666], [17.12439583333333, 78.43372766666667], [17.124386833333332, 78.433728], [17.124377666666664, 78.4337285], [17.124368666666665, 78.433729], [17.124359666666667, 78.43372933333333], [17.124350666666665, 78.43372983333333], [17.124341833333336, 78.43373016666666], [17.124333, 78.43373066666666], [17.124324333333334, 78.43373116666666], [17.12431516666667, 78.43373150000001], [17.124306333333333, 78.43373199999999], [17.124297333333335, 78.43373233333334], [17.124288333333332, 78.43373283333334], [17.124279166666668, 78.43373333333334], [17.12427016666667, 78.43373366666667], [17.124261, 78.43373416666667], [17.124252000000002, 78.4337345], [17.124243, 78.433735], [17.124234, 78.43373533333333], [17.124225000000003, 78.43373583333333], [17.124216166666667, 78.43373633333334], [17.124207166666668, 78.43373666666666], [17.1241985, 78.43373716666666], [17.1241895, 78.4337375], [17.1241805, 78.43373799999999], [17.1241715, 78.43373833333334], [17.124162333333334, 78.43373883333334], [17.124153166666666, 78.43373916666665], [17.124144, 78.43373966666667], [17.124134833333336, 78.43374016666667], [17.124126, 78.43374050000001], [17.124116833333336, 78.433741], [17.124107833333333, 78.4337415], [17.124098833333335, 78.43374183333334], [17.124089833333336, 78.43374233333334], [17.124081, 78.43374266666666], [17.124072166666668, 78.43374316666667], [17.124063333333332, 78.43374366666667], [17.1240545, 78.43374399999999], [17.1240455, 78.4337445], [17.1240365, 78.43374483333334], [17.124027666666667, 78.43374533333333], [17.124018666666665, 78.43374583333333], [17.1240095, 78.43374633333333], [17.124000666666667, 78.43374683333333], [17.1239915, 78.43374716666668], [17.123982333333334, 78.43374766666668], [17.123973499999998, 78.43374816666666], [17.1239645, 78.43374850000001], [17.1239555, 78.43374916666667], [17.12394683333333, 78.4337495], [17.123938, 78.43374999999999], [17.123928999999997, 78.4337505], [17.123919833333332, 78.43375083333333], [17.123910833333333, 78.43375133333333], [17.12390183333333, 78.43375183333333], [17.123893, 78.43375233333333], [17.123883999999997, 78.43375283333333], [17.123874999999998, 78.43375333333333], [17.123866, 78.43375366666668], [17.123856999999997, 78.43375433333334], [17.12384816666667, 78.43375466666666], [17.123839333333333, 78.43375516666667], [17.1238305, 78.43375566666667], [17.123821666666668, 78.43375616666667], [17.123812833333332, 78.43375666666667], [17.123803833333334, 78.43375716666667], [17.123794666666665, 78.43375766666666], [17.123785666666667, 78.43375816666666], [17.1237765, 78.43375866666666], [17.1237675, 78.433759], [17.1237585, 78.4337595], [17.1237495, 78.43375999999999], [17.1237405, 78.4337605], [17.1237315, 78.433761], [17.123722666666666, 78.43376133333332], [17.1237135, 78.43376183333334], [17.123704666666665, 78.43376216666667], [17.123695666666666, 78.43376266666668], [17.123686666666668, 78.43376316666667], [17.123677833333332, 78.43376366666666], [17.123668833333333, 78.43376400000001], [17.12365983333333, 78.43376450000001], [17.123650833333333, 78.433765], [17.123641833333334, 78.43376549999999], [17.123632833333332, 78.433766], [17.123623833333333, 78.4337665], [17.123614999999997, 78.43376683333332], [17.123606, 78.43376733333334], [17.123597166666666, 78.43376766666667], [17.12358833333333, 78.433768], [17.123579666666668, 78.4337685], [17.12357066666667, 78.433769], [17.123561666666667, 78.4337695], [17.12355266666667, 78.43376983333333], [17.123543666666666, 78.43377033333333], [17.123534666666668, 78.43377083333333], [17.12352566666667, 78.43377116666667], [17.123516833333333, 78.43377166666667], [17.123508, 78.433772], [17.123499166666665, 78.4337725], [17.123490333333333, 78.433773], [17.1234815, 78.4337735], [17.1234725, 78.433774], [17.123463666666666, 78.4337745], [17.123454833333334, 78.43377483333333], [17.123445833333335, 78.43377533333334], [17.123437000000003, 78.43377566666666], [17.123428, 78.43377616666666], [17.123419166666668, 78.43377666666667], [17.123410333333332, 78.43377716666667], [17.123401333333334, 78.43377749999999], [17.123392333333335, 78.433778], [17.123383666666665, 78.4337785], [17.123374666666667, 78.433779], [17.123365999999997, 78.4337795], [17.123357166666665, 78.43377983333333], [17.123348333333336, 78.43378033333333], [17.1233395, 78.43378083333333], [17.123330666666668, 78.43378133333334], [17.123321833333332, 78.43378183333333], [17.123313, 78.43378233333333], [17.123304, 78.43378283333332], [17.123295166666665, 78.43378316666667], [17.123286333333333, 78.43378366666667], [17.12327733333333, 78.43378416666665], [17.123268333333332, 78.4337845], [17.123259166666667, 78.433785], [17.123250166666665, 78.43378550000001], [17.123241333333333, 78.433786], [17.12323266666667, 78.43378633333333], [17.123223666666668, 78.43378683333334], [17.123214833333336, 78.43378716666666], [17.123205833333333, 78.43378766666666], [17.123197, 78.43378816666667], [17.12318816666667, 78.43378866666667], [17.123179333333333, 78.43378899999999], [17.1231705, 78.4337895], [17.12316183333333, 78.43379], [17.12315316666667, 78.43379033333333], [17.123144333333336, 78.43379083333333], [17.1231355, 78.43379133333333], [17.123126666666668, 78.43379183333333], [17.123117833333332, 78.43379216666668], [17.123109, 78.43379266666668], [17.1231, 78.43379316666666], [17.123090833333332, 78.43379366666666], [17.123082166666666, 78.43379416666667], [17.123073166666664, 78.4337945], [17.123064333333332, 78.43379499999999], [17.123055333333333, 78.4337955], [17.12304633333333, 78.43379583333333], [17.12303766666667, 78.43379633333333], [17.123029, 78.43379683333333], [17.123020166666667, 78.43379716666666], [17.123011333333334, 78.43379766666666], [17.123002333333332, 78.433798], [17.1229935, 78.4337985], [17.12298483333333, 78.433799], [17.122976, 78.43379933333334], [17.122966833333333, 78.43379983333332], [17.122958, 78.43380033333332], [17.122948833333332, 78.43380066666667], [17.12293983333333, 78.43380116666667], [17.12293083333333, 78.4338015], [17.122922000000003, 78.433802], [17.122913, 78.4338025], [17.122904166666668, 78.43380283333333], [17.12289516666667, 78.43380333333333], [17.122886333333334, 78.43380383333333], [17.122877666666668, 78.43380416666668], [17.122868666666665, 78.43380466666667], [17.1228595, 78.43380499999999], [17.122850500000002, 78.4338055], [17.1228415, 78.43380583333332], [17.12283216666667, 78.43380633333332], [17.122823166666667, 78.43380683333334], [17.122814166666668, 78.43380716666667], [17.122805000000003, 78.43380766666668], [17.12279583333333, 78.43380816666667], [17.122787000000002, 78.4338085], [17.122778, 78.43380900000001], [17.122768833333335, 78.43380950000001], [17.122759666666663, 78.43381], [17.122750833333335, 78.43381033333334], [17.122742000000002, 78.43381083333334], [17.122732833333334, 78.43381133333334], [17.122723833333335, 78.43381183333332], [17.122715000000003, 78.43381216666667], [17.122706166666667, 78.43381266666667], [17.12269716666667, 78.43381316666667], [17.122688166666666, 78.43381366666668], [17.122679166666668, 78.43381416666666], [17.12267016666667, 78.4338145], [17.122661166666667, 78.43381500000001], [17.122652000000002, 78.43381550000001], [17.122643166666666, 78.433816], [17.122634166666668, 78.43381633333334], [17.12262516666667, 78.43381683333334], [17.122616166666667, 78.43381733333334], [17.122607333333335, 78.43381783333332], [17.122598333333332, 78.43381833333333], [17.122589333333334, 78.43381866666667], [17.122580333333335, 78.433819], [17.1225715, 78.4338195], [17.1225625, 78.43382], [17.122553333333332, 78.43382033333334], [17.122544166666668, 78.43382083333333], [17.122535000000003, 78.43382116666666], [17.122526, 78.43382150000001], [17.122517000000002, 78.43382199999999], [17.122508, 78.43382249999999], [17.122498833333335, 78.433823], [17.122490000000003, 78.43382333333334], [17.122481, 78.43382383333332], [17.122472166666668, 78.43382416666667], [17.122463166666666, 78.43382466666667], [17.122454333333334, 78.43382516666667], [17.1224455, 78.4338255], [17.1224365, 78.433826], [17.122427666666667, 78.4338265], [17.12241883333333, 78.43382683333333], [17.122409666666666, 78.43382733333333], [17.122400833333334, 78.43382783333332], [17.12239183333333, 78.43382816666667], [17.122382833333333, 78.43382866666667], [17.12237383333333, 78.433829], [17.122364833333332, 78.4338295], [17.122356, 78.43383], [17.122346999999998, 78.43383033333333], [17.122338, 78.43383083333333], [17.122329333333333, 78.43383116666668], [17.1223205, 78.43383166666668], [17.122311833333335, 78.43383216666666], [17.122302666666666, 78.43383250000001], [17.122293666666668, 78.433833], [17.122284666666665, 78.43383333333333], [17.122275666666667, 78.43383383333334], [17.12226666666667, 78.43383416666667], [17.122257666666666, 78.43383466666667], [17.122248666666668, 78.433835], [17.122239666666665, 78.43383533333333], [17.122230833333333, 78.43383583333333], [17.12222166666667, 78.43383633333333], [17.122212666666666, 78.43383666666666], [17.122204, 78.43383716666668], [17.122195166666664, 78.4338375], [17.122186166666665, 78.433838], [17.122177333333333, 78.43383850000001], [17.12216833333333, 78.43383883333333], [17.122159500000002, 78.43383933333332], [17.122150666666666, 78.43383983333334], [17.122141666666668, 78.43384033333334], [17.122132500000003, 78.43384066666667], [17.1221235, 78.43384116666667], [17.122114333333332, 78.4338415], [17.122105166666664, 78.433842], [17.122096166666665, 78.43384250000001], [17.122087166666667, 78.433843], [17.122078166666665, 78.4338435], [17.122069500000002, 78.43384383333334], [17.1220605, 78.43384433333334], [17.122051666666668, 78.43384466666666], [17.122042833333335, 78.43384516666667], [17.122034, 78.43384566666667], [17.122025333333333, 78.43384599999999], [17.12201633333333, 78.4338465], [17.122007333333332, 78.43384683333333], [17.1219985, 78.43384733333333], [17.121989499999998, 78.43384783333333], [17.121980333333333, 78.43384816666666], [17.12197133333333, 78.43384866666666], [17.1219625, 78.433849], [17.121953333333334, 78.4338495], [17.12194433333333, 78.43384999999999], [17.121935333333333, 78.43385033333334], [17.12192633333333, 78.43385083333332], [17.121917166666666, 78.43385133333332], [17.121908333333334, 78.43385183333334], [17.121899499999998, 78.43385216666667], [17.121890666666665, 78.43385266666668], [17.121881499999997, 78.43385316666667], [17.121872666666665, 78.4338535], [17.121863833333336, 78.43385400000001], [17.121854833333334, 78.43385450000001], [17.121846, 78.433855], [17.121837000000003, 78.43385533333334], [17.121828333333333, 78.43385583333334], [17.121819333333335, 78.43385616666666], [17.121810333333332, 78.43385666666667], [17.121801333333334, 78.43385716666667], [17.121792333333335, 78.4338575], [17.121783333333333, 78.433858], [17.1217745, 78.4338585], [17.121765666666665, 78.433859], [17.121756666666666, 78.4338595], [17.121747833333334, 78.43385983333333], [17.121738833333332, 78.43386033333333], [17.121729666666667, 78.433861], [17.12172083333333, 78.43386133333334], [17.121711833333332, 78.43386183333334], [17.121702833333334, 78.43386233333334], [17.121693999999998, 78.43386283333332], [17.12168516666667, 78.43386333333333], [17.121676333333333, 78.43386366666667], [17.121667333333335, 78.43386416666667], [17.121658500000002, 78.43386466666666], [17.1216495, 78.433865], [17.1216405, 78.4338655], [17.1216315, 78.43386600000001], [17.1216225, 78.43386650000001], [17.121613500000002, 78.43386699999999], [17.121604666666666, 78.43386749999999], [17.1215955, 78.433868], [17.121586666666666, 78.4338685], [17.121577833333333, 78.43386883333332], [17.121568833333335, 78.43386933333333], [17.121559833333333, 78.43386983333333], [17.121551166666666, 78.43387033333333], [17.12154233333333, 78.43387083333333], [17.121533333333332, 78.43387133333334], [17.121524333333333, 78.43387183333333], [17.121515499999997, 78.43387233333333], [17.1215065, 78.43387283333333], [17.121497499999997, 78.43387316666667], [17.121488666666668, 78.43387366666666], [17.12147966666667, 78.43387416666666], [17.121470833333333, 78.4338745], [17.12146166666667, 78.433875], [17.121452833333333, 78.43387550000001], [17.121443666666668, 78.433876], [17.12143466666667, 78.4338765], [17.121425666666667, 78.433877], [17.121416833333335, 78.43387733333334], [17.121407833333333, 78.43387783333333], [17.121399166666667, 78.43387833333333], [17.121390166666668, 78.43387883333334], [17.121381333333332, 78.43387916666667], [17.121372333333333, 78.43387966666666], [17.121363166666665, 78.43388], [17.121354333333333, 78.4338805], [17.121345166666668, 78.433881], [17.121336, 78.43388133333333], [17.121327, 78.43388183333333], [17.121317833333332, 78.43388216666668], [17.121309, 78.43388266666666], [17.1213, 78.43388316666666], [17.121291166666666, 78.43388350000001], [17.121282166666667, 78.43388383333333], [17.121273166666665, 78.43388433333332], [17.121264166666666, 78.43388466666667], [17.121255166666668, 78.43388516666667], [17.121246166666666, 78.4338855], [17.121237333333333, 78.433886], [17.121228666666664, 78.43388633333333], [17.121219666666665, 78.43388666666667], [17.121210833333336, 78.43388716666666], [17.121201666666664, 78.43388750000001], [17.121192666666666, 78.433888], [17.121183666666663, 78.43388833333333], [17.121174666666665, 78.43388883333334], [17.1211655, 78.43388916666666], [17.121156499999998, 78.43388966666666], [17.121147666666666, 78.43389], [17.121138666666663, 78.43389033333332], [17.121129666666665, 78.43389066666667], [17.121120666666666, 78.43389099999999], [17.121111499999998, 78.43389133333334], [17.1211025, 78.4338915], [17.12109333333333, 78.43389183333333], [17.121084166666666, 78.433892], [17.121075333333334, 78.43389216666667], [17.121066, 78.43389233333333], [17.121057, 78.4338925], [17.121047666666666, 78.4338925], [17.121038833333333, 78.43389266666667], [17.121029833333335, 78.43389266666667], [17.121020833333333, 78.43389283333333], [17.1210115, 78.43389283333333], [17.1210025, 78.43389283333333], [17.120993166666665, 78.43389283333333], [17.120984166666666, 78.43389283333333], [17.120975333333334, 78.43389266666667], [17.120966333333335, 78.43389266666667], [17.120957166666667, 78.4338925], [17.120948, 78.43389233333333], [17.120938833333334, 78.433892], [17.1209295, 78.43389183333333], [17.1209205, 78.4338915], [17.1209115, 78.43389116666667], [17.1209025, 78.43389083333334], [17.120893666666667, 78.43389033333332], [17.120884999999998, 78.43389], [17.120876333333335, 78.43388966666666], [17.120867333333333, 78.43388916666666], [17.1208585, 78.43388866666666], [17.12084966666667, 78.43388816666668], [17.120840666666666, 78.43388766666666], [17.120831666666668, 78.43388716666666], [17.12082283333333, 78.43388666666667], [17.120814, 78.43388616666667], [17.120805333333333, 78.4338855], [17.120796666666667, 78.43388499999999], [17.120787833333335, 78.43388416666667], [17.12077916666667, 78.43388350000001], [17.120770666666665, 78.43388283333334], [17.120761666666667, 78.43388216666668], [17.120753166666667, 78.43388133333333], [17.120744666666667, 78.4338805], [17.120736166666667, 78.43387966666666], [17.120727666666667, 78.43387883333334], [17.120719166666667, 78.433878], [17.120710999999996, 78.43387716666666], [17.1207025, 78.43387633333333], [17.120694, 78.43387550000001], [17.12068533333333, 78.43387466666667], [17.120676500000002, 78.433874], [17.120667833333336, 78.43387316666667], [17.120659166666666, 78.43387233333333], [17.120650833333332, 78.4338715], [17.120642333333333, 78.43387066666666], [17.120633833333333, 78.43386983333333], [17.120625333333333, 78.433869], [17.120617333333332, 78.433868], [17.120609333333334, 78.43386699999999], [17.12060166666667, 78.43386600000001], [17.12059383333333, 78.433865], [17.120586, 78.433864], [17.120578000000002, 78.433863], [17.120570166666667, 78.43386183333334], [17.120562166666666, 78.43386083333333], [17.120554000000002, 78.43385983333333], [17.1205455, 78.43385883333333], [17.120536833333333, 78.43385783333333], [17.1205285, 78.43385683333332], [17.120519833333333, 78.43385566666666], [17.120511333333333, 78.43385466666668], [17.120503166666666, 78.43385366666666], [17.120495333333334, 78.4338525], [17.120487500000003, 78.43385133333332], [17.12047983333333, 78.43385016666666], [17.120472166666666, 78.43384916666668], [17.120464666666667, 78.433848], [17.12045733333333, 78.43384683333333], [17.12045, 78.4338455], [17.120442500000003, 78.43384433333334], [17.120435166666667, 78.43384316666668], [17.120427833333334, 78.43384183333333], [17.120420666666668, 78.43384066666667], [17.120413499999998, 78.43383933333332], [17.120406666666668, 78.433838], [17.1203995, 78.43383683333333], [17.120392166666665, 78.43383533333333], [17.120385166666665, 78.43383399999999], [17.120378000000002, 78.43383266666666], [17.120370833333332, 78.43383133333333], [17.120363666666666, 78.43383016666667], [17.120356666666666, 78.43382883333334], [17.1203495, 78.4338275], [17.120342666666666, 78.43382616666666], [17.1203355, 78.433825], [17.12032866666667, 78.43382366666667], [17.120321666666666, 78.43382233333334], [17.120314833333335, 78.43382100000001], [17.120308166666668, 78.43381966666668], [17.120301333333334, 78.43381833333333], [17.120294666666666, 78.433817], [17.120288000000002, 78.43381566666667], [17.120281166666665, 78.43381433333334], [17.120274333333334, 78.43381316666667], [17.120267333333334, 78.43381183333332], [17.120260666666663, 78.43381049999999], [17.120254166666665, 78.43380933333333], [17.120247333333335, 78.433808], [17.1202405, 78.43380666666667], [17.120233499999998, 78.43380533333334], [17.1202265, 78.43380416666668], [17.1202195, 78.43380283333333], [17.120212499999997, 78.4338015], [17.120205666666667, 78.43380016666667], [17.120198666666667, 78.43379883333334], [17.120191666666663, 78.43379766666666], [17.1201845, 78.4337965], [17.120177333333334, 78.43379516666667], [17.120170499999997, 78.433794], [17.1201635, 78.43379266666668], [17.120156166666668, 78.43379150000001], [17.120149, 78.43379033333333], [17.120141666666665, 78.43378916666667], [17.120134, 78.433788], [17.1201265, 78.43378683333334], [17.120118666666666, 78.43378550000001], [17.120111, 78.43378433333334], [17.12010366666667, 78.43378316666667], [17.120096333333333, 78.43378183333333], [17.120089166666666, 78.43378066666668], [17.120082, 78.43377933333333], [17.120074666666667, 78.433778], [17.1200675, 78.43377683333333], [17.120060666666667, 78.4337755], [17.120053499999997, 78.43377433333333], [17.12004616666667, 78.433773], [17.12003866666667, 78.43377183333334], [17.1200315, 78.43377050000001], [17.120024333333333, 78.43376933333334], [17.120017166666667, 78.43376816666667], [17.12000983333333, 78.433767], [17.1200025, 78.43376583333334], [17.11999516666667, 78.43376466666668], [17.119987833333333, 78.4337635], [17.1199805, 78.43376233333333], [17.119973, 78.43376116666667], [17.119965666666666, 78.43375999999999], [17.119958166666667, 78.43375883333333], [17.119950666666668, 78.43375766666666], [17.119943166666665, 78.4337565], [17.119935666666667, 78.43375533333332], [17.119927833333335, 78.43375416666666], [17.119920166666667, 78.433753], [17.119912333333332, 78.433752], [17.119904666666667, 78.43375083333333], [17.119897166666664, 78.43374966666667], [17.119889833333332, 78.43374850000001], [17.119882333333333, 78.43374733333333], [17.11987483333333, 78.43374616666667], [17.1198675, 78.433745], [17.119860000000003, 78.43374383333334], [17.1198525, 78.43374266666666], [17.119845166666668, 78.4337415], [17.11983766666667, 78.43374033333333], [17.1198305, 78.43373916666665], [17.119823166666666, 78.43373799999999], [17.119815833333334, 78.43373683333333], [17.119808666666664, 78.43373566666668], [17.11980133333333, 78.4337345], [17.119793833333333, 78.43373333333334], [17.11978633333333, 78.43373216666667], [17.11977883333333, 78.43373100000001], [17.119771500000002, 78.43372983333333], [17.119764, 78.43372866666667], [17.1197565, 78.4337275], [17.119749000000002, 78.43372633333334], [17.11974133333333, 78.43372516666666], [17.119733666666665, 78.43372416666666], [17.119726166666666, 78.433723], [17.119718666666664, 78.43372183333332], [17.119711166666665, 78.43372083333334], [17.1197035, 78.43371966666668], [17.11969583333333, 78.43371866666666], [17.119687833333334, 78.43371766666668], [17.119679833333333, 78.4337165], [17.11967183333333, 78.4337155], [17.119663666666668, 78.4337145], [17.119655833333336, 78.43371333333333], [17.119648166666664, 78.43371233333333], [17.119640333333333, 78.43371116666667], [17.119632833333334, 78.43371], [17.11962533333333, 78.43370883333334], [17.119617833333333, 78.43370783333333], [17.11961, 78.43370666666667], [17.1196025, 78.4337055], [17.119595, 78.43370433333332], [17.119587333333335, 78.43370316666666], [17.119579833333333, 78.433702], [17.119572333333334, 78.43370083333333], [17.119564833333335, 78.43369966666667], [17.119557166666667, 78.43369866666667], [17.119549666666668, 78.43369750000001], [17.119542333333335, 78.43369633333333], [17.119534833333333, 78.43369516666667], [17.119527333333334, 78.433694], [17.119519833333335, 78.43369283333332], [17.1195125, 78.43369166666666], [17.119505, 78.43369066666668], [17.119497666666668, 78.4336895], [17.11949033333333, 78.43368833333334], [17.119482833333333, 78.43368716666667], [17.1194755, 78.43368600000001], [17.119468166666664, 78.43368483333333], [17.119460833333335, 78.43368366666667], [17.11945366666667, 78.4336825], [17.119446166666666, 78.43368133333334], [17.119438666666667, 78.43368033333333], [17.11943116666667, 78.43367916666666], [17.119423833333332, 78.433678], [17.1194165, 78.43367683333332], [17.119409333333333, 78.43367583333334], [17.119402166666664, 78.43367466666668], [17.119395, 78.4336735], [17.11938766666667, 78.4336725], [17.119380166666666, 78.43367133333332], [17.119373, 78.43367016666666], [17.119365833333333, 78.433669], [17.119358499999997, 78.43366783333333], [17.119351333333334, 78.43366666666667], [17.119344, 78.43366566666667], [17.119336833333332, 78.4336645], [17.11932983333333, 78.43366333333333], [17.11932266666667, 78.43366216666666], [17.119315333333336, 78.433661], [17.119308166666666, 78.43365983333334], [17.119301, 78.43365866666666], [17.119293666666668, 78.4336575], [17.119286166666665, 78.43365633333333], [17.119279, 78.43365516666667], [17.11927166666667, 78.43365399999999], [17.119264333333334, 78.43365283333333], [17.119257166666667, 78.43365166666668], [17.119249833333335, 78.43365033333333], [17.1192425, 78.43364916666665], [17.119235, 78.43364799999999], [17.119227666666667, 78.43364683333333], [17.11922033333333, 78.4336455], [17.11921316666667, 78.43364433333333], [17.119206000000002, 78.433643], [17.119198833333332, 78.43364183333333], [17.1191915, 78.4336405], [17.119184333333333, 78.43363933333333], [17.11917683333333, 78.43363816666667], [17.119169499999998, 78.433637], [17.11916216666667, 78.43363583333333], [17.119154833333333, 78.43363466666666], [17.1191475, 78.43363366666668], [17.11914, 78.4336325], [17.119132666666665, 78.43363133333334], [17.119125333333333, 78.43363033333334], [17.119118, 78.43362916666666], [17.119110666666664, 78.43362816666667], [17.11910333333333, 78.43362699999999], [17.119096000000003, 78.433626], [17.119088666666666, 78.43362483333334], [17.119081166666668, 78.43362383333333], [17.11907366666667, 78.43362283333333], [17.119066333333333, 78.43362166666667], [17.119058833333334, 78.43362066666667], [17.1190515, 78.4336195], [17.119043833333333, 78.43361833333333], [17.119036333333334, 78.43361733333333], [17.11902866666667, 78.43361616666667], [17.119021333333333, 78.43361516666667], [17.119013833333334, 78.433614], [17.119006333333335, 78.433613], [17.118998833333332, 78.43361183333333], [17.118991166666667, 78.43361066666667], [17.11898366666667, 78.43360966666667], [17.118976333333332, 78.4336085], [17.118968666666667, 78.43360750000001], [17.118961333333335, 78.43360633333333], [17.118953833333332, 78.43360533333333], [17.118946333333334, 78.43360416666665], [17.118939, 78.43360316666667], [17.118931333333332, 78.43360200000001], [17.118924, 78.433601], [17.118916333333335, 78.43359983333333], [17.118909, 78.43359883333332], [17.1189015, 78.43359766666667], [17.118894166666667, 78.43359666666667], [17.118886666666665, 78.4335955], [17.118879166666666, 78.43359433333333], [17.118871833333333, 78.43359333333333], [17.11886433333333, 78.43359216666666], [17.118856833333332, 78.43359116666667], [17.1188495, 78.43359000000001], [17.118842166666663, 78.43358883333333], [17.118834666666665, 78.43358783333333], [17.118827166666666, 78.43358666666667], [17.118819666666663, 78.43358566666667], [17.118812, 78.43358450000001], [17.1188045, 78.4335835], [17.118797333333337, 78.43358233333333], [17.11879, 78.43358116666667], [17.118782500000002, 78.43358016666666], [17.11877516666667, 78.43357916666668], [17.118767666666667, 78.433578], [17.118760333333334, 78.43357683333333], [17.118752833333335, 78.43357583333334], [17.118745166666667, 78.43357466666666], [17.118737666666668, 78.43357366666667], [17.11873016666667, 78.43357250000001], [17.118722833333333, 78.4335715], [17.118715166666668, 78.43357033333334], [17.118707500000003, 78.43356933333332], [17.1187, 78.43356816666666], [17.1186925, 78.433567], [17.118685000000003, 78.433566], [17.1186775, 78.43356483333334], [17.11867, 78.43356366666667], [17.118662500000003, 78.43356266666666], [17.118654833333334, 78.4335615], [17.118647333333335, 78.43356050000001], [17.118639833333336, 78.43355933333333], [17.1186325, 78.43355833333334], [17.118625, 78.43355716666666], [17.118617500000003, 78.43355616666666], [17.118610166666667, 78.433555], [17.1186025, 78.43355383333332], [17.118595000000003, 78.43355266666667], [17.1185875, 78.43355166666667], [17.118579833333335, 78.4335505], [17.118572333333336, 78.4335495], [17.118564833333334, 78.43354833333333], [17.118557333333335, 78.43354716666666], [17.11854966666667, 78.43354599999999], [17.118542166666668, 78.43354500000001], [17.11853466666667, 78.43354383333333], [17.11852716666667, 78.43354266666667], [17.118519833333334, 78.43354166666667], [17.118512333333335, 78.43354049999999], [17.118505000000003, 78.43353933333333], [17.118497333333334, 78.43353833333335], [17.118489833333335, 78.43353716666667], [17.118482333333336, 78.433536], [17.118474833333334, 78.43353483333334], [17.118467333333335, 78.43353383333333], [17.118459833333336, 78.43353266666666], [17.118452333333334, 78.4335315], [17.118445, 78.4335305], [17.11843766666667, 78.43352933333334], [17.118430333333333, 78.43352816666668], [17.118422833333334, 78.43352716666666], [17.118415333333335, 78.433526], [17.118408, 78.43352483333334], [17.118400666666666, 78.43352366666666], [17.118393333333334, 78.4335225], [17.11838583333333, 78.43352150000001], [17.11837866666667, 78.43352033333333], [17.118371, 78.43351916666667], [17.118363666666667, 78.433518], [17.118356333333335, 78.43351683333334], [17.118348833333336, 78.43351566666666], [17.1183415, 78.4335145], [17.118334166666667, 78.43351349999999], [17.118326833333334, 78.43351233333333], [17.1183195, 78.43351116666666], [17.118312166666666, 78.43351], [17.118304833333333, 78.433509], [17.11829733333333, 78.43350783333334], [17.118289833333332, 78.43350666666667], [17.118282500000003, 78.4335055], [17.118275, 78.4335045], [17.1182675, 78.43350333333333], [17.118260000000003, 78.43350233333334], [17.11825233333333, 78.43350116666667], [17.118244666666666, 78.43350016666666], [17.118237333333333, 78.433499], [17.11822983333333, 78.433498], [17.118222333333332, 78.43349683333332], [17.118214833333333, 78.43349583333334], [17.118207166666664, 78.43349466666668], [17.118199666666666, 78.43349366666666], [17.118192, 78.4334925], [17.118184499999998, 78.4334915], [17.118177, 78.43349033333334], [17.118169333333334, 78.43348933333333], [17.118161833333332, 78.43348833333333], [17.118154166666667, 78.43348716666667], [17.118146666666668, 78.43348616666667], [17.118139, 78.433485], [17.1181315, 78.43348399999999], [17.118123833333335, 78.43348283333333], [17.118116333333333, 78.43348183333333], [17.118108666666668, 78.43348083333333], [17.118101333333335, 78.43347966666667], [17.118093833333333, 78.43347866666666], [17.1180865, 78.43347766666668], [17.118078833333335, 78.43347666666666], [17.118071166666667, 78.4334755], [17.1180635, 78.4334745], [17.118056000000003, 78.4334735], [17.118048333333334, 78.43347250000001], [17.118041, 78.43347133333333], [17.118033500000003, 78.43347033333333], [17.118025833333334, 78.43346916666665], [17.118018166666666, 78.43346816666667], [17.1180105, 78.43346700000001], [17.118002999999998, 78.433466], [17.1179955, 78.43346483333333], [17.117987833333334, 78.43346383333332], [17.117980333333332, 78.43346266666667], [17.117972833333333, 78.43346166666667], [17.117965166666668, 78.4334605], [17.117957666666666, 78.4334595], [17.117950333333333, 78.43345833333333], [17.117942666666668, 78.43345733333334], [17.11793533333333, 78.43345616666667], [17.117927833333333, 78.43345500000001], [17.117920166666668, 78.433454], [17.117912666666665, 78.43345283333333], [17.117905166666667, 78.43345183333332], [17.117897666666668, 78.43345066666667], [17.11789033333333, 78.43344966666668], [17.117882666666667, 78.4334485], [17.117875333333334, 78.4334475], [17.117867999999998, 78.43344633333332], [17.117860666666665, 78.43344533333334], [17.117853166666666, 78.43344416666667], [17.117845833333334, 78.43344316666666], [17.1178385, 78.433442], [17.117831000000002, 78.43344099999999], [17.1178235, 78.43343983333332], [17.117816166666667, 78.43343866666667], [17.11780866666667, 78.43343766666666], [17.117801166666666, 78.4334365], [17.117794, 78.43343533333334], [17.117786666666667, 78.43343416666667], [17.117779166666665, 78.433433], [17.117771833333332, 78.43343183333333], [17.1177645, 78.43343066666667], [17.117756999999997, 78.4334295], [17.117749833333335, 78.43342833333332], [17.117742500000002, 78.43342716666666], [17.117735166666666, 78.433426], [17.117728, 78.43342483333332], [17.117720666666667, 78.43342383333334], [17.117713499999997, 78.43342266666667], [17.117706166666668, 78.4334215], [17.11769866666667, 78.4334205], [17.117690999999997, 78.43341933333333], [17.1176835, 78.43341833333334], [17.117676, 78.43341716666667], [17.11766833333333, 78.43341616666666], [17.117660666666666, 78.43341516666666], [17.117652666666668, 78.433414], [17.117644499999997, 78.433413], [17.117636666666666, 78.433412], [17.117628833333335, 78.43341099999999], [17.117620833333334, 78.43341000000001], [17.117613, 78.43340883333333], [17.117605166666667, 78.43340783333333], [17.1175975, 78.43340683333332], [17.117589833333334, 78.43340566666667], [17.117582000000002, 78.43340466666668], [17.117574166666667, 78.4334035], [17.117566500000002, 78.4334025], [17.117559000000004, 78.4334015], [17.1175515, 78.43340033333334], [17.117544000000002, 78.43339916666667], [17.11753666666667, 78.433398], [17.117529166666667, 78.433397], [17.11752166666667, 78.43339583333334], [17.117514333333336, 78.43339466666666], [17.117506833333334, 78.4333935], [17.117499333333335, 78.43339233333333], [17.117492000000002, 78.43339116666667], [17.117484666666666, 78.43339016666667], [17.117477333333333, 78.433389], [17.11747, 78.43338783333334], [17.117462666666665, 78.43338666666666], [17.117455166666666, 78.43338566666667], [17.117448000000003, 78.4333845], [17.11744033333333, 78.43338333333332], [17.117433000000002, 78.43338233333334], [17.117425500000003, 78.43338116666668], [17.117418, 78.43338], [17.117410666666668, 78.43337883333334], [17.117403333333336, 78.43337783333332], [17.117395833333333, 78.43337666666666], [17.1173885, 78.4333755], [17.117381, 78.43337433333333], [17.117373666666666, 78.43337316666666], [17.117366166666667, 78.43337199999999], [17.1173585, 78.43337083333333], [17.117351, 78.43336966666668], [17.117343333333334, 78.4333685], [17.117335833333335, 78.43336733333334], [17.117328333333333, 78.43336633333334], [17.117320833333334, 78.43336516666666], [17.117313333333335, 78.433364], [17.117306, 78.43336283333333], [17.1172985, 78.43336166666667], [17.117291, 78.43336049999999], [17.117283166666667, 78.43335950000001], [17.1172755, 78.43335833333335], [17.117268000000003, 78.43335716666667], [17.117261, 78.433356], [17.117254, 78.43335483333334], [17.11724716666667, 78.43335366666666], [17.11724033333333, 78.4333525], [17.117233333333335, 78.43335116666667], [17.117226333333335, 78.43335], [17.117219499999997, 78.43334866666667], [17.117213, 78.43334750000001], [17.117206666666668, 78.433346], [17.117200166666667, 78.43334466666667], [17.117193666666665, 78.43334333333334], [17.1171875, 78.433342], [17.11718116666667, 78.43334066666667], [17.117175, 78.43333933333334], [17.117168833333334, 78.43333783333333], [17.117162666666665, 78.43333633333333], [17.117156833333336, 78.43333483333332], [17.117150833333334, 78.43333333333334], [17.117145166666667, 78.43333183333334], [17.1171395, 78.43333033333333], [17.117134, 78.433329], [17.1171285, 78.43332749999999], [17.117123333333332, 78.43332600000001], [17.117118166666668, 78.4333245], [17.117112833333334, 78.433323], [17.117107666666666, 78.43332149999999], [17.117102666666664, 78.43332000000001], [17.117097833333332, 78.43331833333333], [17.117093166666667, 78.43331683333334], [17.117088333333335, 78.43331533333334], [17.117084, 78.43331366666666], [17.1170795, 78.43331199999999], [17.117075166666666, 78.43331033333334], [17.117070833333333, 78.43330866666666], [17.117066666666666, 78.433307], [17.1170625, 78.43330533333332], [17.1170585, 78.43330383333334], [17.117054666666668, 78.43330216666666], [17.117050666666668, 78.43330066666667], [17.117046666666667, 78.43329883333334], [17.117042833333336, 78.43329716666668], [17.117039, 78.4332955], [17.117035166666668, 78.43329383333334], [17.117031666666666, 78.43329216666666], [17.117028, 78.43329050000001], [17.1170245, 78.433289], [17.117021, 78.43328733333333], [17.117017666666666, 78.43328566666668], [17.117014166666667, 78.43328383333333], [17.117010666666665, 78.43328199999999], [17.117007166666667, 78.43328033333334], [17.117004, 78.4332785], [17.1170005, 78.43327683333334], [17.1169975, 78.43327500000001], [17.116994166666665, 78.43327333333333], [17.116991, 78.43327183333334], [17.116987833333333, 78.43327], [17.1169845, 78.43326833333334], [17.11698116666667, 78.43326666666667], [17.116978, 78.43326499999999], [17.116974833333334, 78.43326333333333], [17.11697183333333, 78.4332615], [17.116968666666665, 78.43325983333334], [17.11696583333333, 78.43325816666668], [17.116963166666668, 78.43325633333333], [17.11696, 78.43325466666667], [17.11695716666667, 78.433253], [17.116954500000002, 78.43325116666666], [17.11695166666667, 78.4332495], [17.116948833333332, 78.43324766666666], [17.116946, 78.433246], [17.116943, 78.43324433333333], [17.1169405, 78.4332425], [17.116938, 78.43324083333333], [17.116935166666668, 78.433239], [17.116932333333335, 78.43323733333334], [17.116929666666667, 78.4332355], [17.116927166666667, 78.43323383333333], [17.116924833333332, 78.433232], [17.116922166666665, 78.43323033333333], [17.116919499999998, 78.4332285], [17.11691666666667, 78.43322683333334], [17.116914166666668, 78.433225], [17.116911666666667, 78.43322333333334], [17.11690916666667, 78.4332215], [17.116906500000002, 78.43321983333334], [17.116903666666666, 78.43321816666666], [17.11690133333333, 78.43321633333333], [17.116898666666668, 78.43321466666666], [17.116896333333333, 78.43321283333333], [17.116893666666666, 78.43321116666667], [17.116891, 78.43320933333332], [17.1168885, 78.43320766666668], [17.116886166666667, 78.433206], [17.116883499999997, 78.43320416666667], [17.116880833333333, 78.43320250000001], [17.116878166666666, 78.43320066666666], [17.1168755, 78.433199], [17.116872833333332, 78.43319733333333], [17.116870333333335, 78.4331955], [17.1168675, 78.43319383333333], [17.116864833333334, 78.43319199999999], [17.116862166666667, 78.43319033333334], [17.116859666666667, 78.4331885], [17.116857, 78.43318683333334], [17.1168545, 78.43318516666666], [17.116851666666665, 78.43318333333333], [17.116849, 78.43318166666667], [17.1168465, 78.43317983333333], [17.116843833333334, 78.43317816666666], [17.116841166666667, 78.43317633333332], [17.11683866666667, 78.43317466666667], [17.116836166666666, 78.433173], [17.1168335, 78.43317116666667], [17.116830666666665, 78.4331695], [17.116827999999998, 78.43316766666666], [17.116825666666667, 78.433166], [17.116822833333334, 78.43316416666667], [17.116820166666667, 78.4331625], [17.11681766666667, 78.43316083333335], [17.116815, 78.43315899999999], [17.116812, 78.43315733333334], [17.116809, 78.43315566666666], [17.116806333333333, 78.433154], [17.116803833333332, 78.43315216666666], [17.116801, 78.4331505], [17.11679816666667, 78.43314866666667], [17.11679516666667, 78.43314699999999], [17.116792166666666, 78.43314533333334], [17.1167895, 78.4331435], [17.1167865, 78.43314183333334], [17.1167835, 78.43314000000001], [17.1167805, 78.43313833333333], [17.1167775, 78.43313666666667], [17.116774500000002, 78.43313483333333], [17.116771500000002, 78.43313316666666], [17.1167685, 78.4331315], [17.116765666666666, 78.43312983333334], [17.116762666666666, 78.433128], [17.116759666666667, 78.43312633333333], [17.1167565, 78.4331245], [17.1167535, 78.43312283333333], [17.116750500000002, 78.43312116666667], [17.116747333333333, 78.43311933333332], [17.116744166666667, 78.43311766666667], [17.116741333333334, 78.43311583333335], [17.116738333333334, 78.43311416666667], [17.116735333333335, 78.43311250000001], [17.11673216666667, 78.43311066666666], [17.11672916666667, 78.433109], [17.116726000000003, 78.43310733333333], [17.11672283333333, 78.43310566666668], [17.11671983333333, 78.43310383333333], [17.116716666666665, 78.43310216666667], [17.116713833333332, 78.43310033333334], [17.116710666666666, 78.43309866666667], [17.1167075, 78.433097], [17.116704666666667, 78.43309533333333], [17.116701499999998, 78.4330935], [17.116698333333332, 78.43309183333334], [17.116695166666666, 78.43308999999999], [17.116692166666667, 78.43308833333334], [17.116689, 78.4330865], [17.116686, 78.43308483333334], [17.116682833333336, 78.433083], [17.116679833333333, 78.43308133333333], [17.116676833333333, 78.43307966666666], [17.116673666666667, 78.43307783333333], [17.116670666666668, 78.43307616666667], [17.116667833333334, 78.43307433333332], [17.11666466666667, 78.43307266666667], [17.116661500000003, 78.433071], [17.11665866666667, 78.43306916666667], [17.116655833333333, 78.4330675], [17.116653, 78.43306566666666], [17.116649833333334, 78.433064], [17.116646333333332, 78.43306233333333], [17.116643500000002, 78.43306066666668], [17.11664066666667, 78.43305883333333], [17.116637833333336, 78.43305716666667], [17.116634666666666, 78.4330555], [17.116631666666667, 78.43305366666667], [17.11662833333333, 78.433052], [17.116625166666665, 78.43305033333333], [17.116622166666666, 78.4330485], [17.116619166666666, 78.43304683333334], [17.116616, 78.43304499999999], [17.11661283333333, 78.43304333333334], [17.116609333333333, 78.43304166666667], [17.116606166666667, 78.43303983333334], [17.116603166666668, 78.43303816666666], [17.116600166666668, 78.4330365], [17.116597000000002, 78.43303466666666], [17.116594000000003, 78.43303283333333], [17.11659083333333, 78.433031], [17.116587666666664, 78.43302933333332], [17.116584666666665, 78.43302766666667], [17.1165815, 78.43302583333335], [17.116578666666665, 78.43302416666667], [17.1165755, 78.4330225], [17.116572166666668, 78.43302066666666], [17.116569166666668, 78.433019], [17.11656633333333, 78.43301716666666], [17.116563166666666, 78.4330155], [17.11656, 78.43301366666667], [17.116556833333334, 78.43301199999999], [17.116553666666668, 78.43301016666666], [17.116550500000002, 78.4330085], [17.116547333333333, 78.43300683333334], [17.116544166666664, 78.43300500000001], [17.11654083333333, 78.43300333333333], [17.1165375, 78.4330015], [17.1165345, 78.43299983333333], [17.1165315, 78.432998], [17.1165285, 78.43299633333332], [17.116525000000003, 78.43299449999999], [17.116521666666664, 78.43299283333334], [17.116518666666664, 78.43299116666667], [17.1165155, 78.43298933333334], [17.116512333333333, 78.43298750000001], [17.116509166666667, 78.43298583333333], [17.116506166666667, 78.43298416666667], [17.116502833333335, 78.43298233333333], [17.116499666666666, 78.43298066666667], [17.116496333333334, 78.43297899999999], [17.116493333333334, 78.43297716666666], [17.116490166666665, 78.43297550000001], [17.116487, 78.43297366666667], [17.116483833333334, 78.432972], [17.116480833333334, 78.43297016666666], [17.11647783333333, 78.4329685], [17.11647483333333, 78.43296666666667], [17.116471333333333, 78.432965], [17.116468166666667, 78.43296316666667], [17.116465166666668, 78.43296149999999], [17.116461833333336, 78.43295983333334], [17.116458666666666, 78.432958], [17.11645533333333, 78.43295633333334], [17.116452166666665, 78.43295466666667], [17.116449166666666, 78.43295283333333], [17.116446166666666, 78.43295116666667], [17.116443, 78.43294949999999], [17.11643966666667, 78.43294766666666], [17.116436500000002, 78.43294599999999], [17.116433500000003, 78.43294433333334], [17.1164305, 78.43294250000001], [17.116427166666664, 78.43294083333333], [17.116423666666666, 78.432939], [17.1164205, 78.43293733333333], [17.116417333333334, 78.4329355], [17.11641416666667, 78.43293383333334], [17.116411000000003, 78.43293216666666], [17.116408, 78.43293033333333], [17.116404833333334, 78.43292866666667], [17.116401833333335, 78.43292683333334], [17.116398666666665, 78.43292516666666], [17.116395666666666, 78.43292333333333], [17.1163925, 78.43292166666667], [17.116389333333334, 78.43291983333333], [17.116386166666665, 78.43291816666667], [17.116383166666665, 78.43291649999999], [17.11638, 78.43291483333334], [17.116376833333334, 78.432913], [17.116373833333334, 78.43291133333334], [17.116370833333335, 78.43290950000001], [17.11636766666667, 78.43290783333333], [17.116364333333333, 78.432906], [17.116361333333334, 78.43290433333333], [17.1163585, 78.4329025], [17.116355166666665, 78.43290083333333], [17.116352166666665, 78.43289916666666], [17.116349, 78.43289733333333], [17.116345833333334, 78.43289566666667], [17.116342999999997, 78.43289383333334], [17.116339999999997, 78.43289216666668], [17.116336666666665, 78.43289033333333], [17.116333666666666, 78.43288866666667], [17.1163305, 78.432887], [17.116327333333334, 78.43288516666667], [17.11632416666667, 78.43288349999999], [17.11632116666667, 78.43288183333334], [17.116317833333333, 78.43288], [17.116315, 78.43287833333333], [17.116311833333334, 78.43287666666667], [17.116308666666665, 78.43287483333333], [17.1163055, 78.43287316666667], [17.116302333333334, 78.43287133333334], [17.116299166666668, 78.43286966666666], [17.116296166666665, 78.432868], [17.116293, 78.43286616666666], [17.11629, 78.43286433333333], [17.116287166666666, 78.43286266666668], [17.116284, 78.43286083333334], [17.116280833333334, 78.43285916666667], [17.116277833333335, 78.43285733333333], [17.116274666666666, 78.43285566666667], [17.1162715, 78.43285399999999], [17.116268333333334, 78.43285216666666], [17.11626516666667, 78.4328505], [17.116261833333333, 78.43284866666666], [17.116258833333333, 78.432847], [17.1162555, 78.43284533333333], [17.116252166666666, 78.4328435], [17.116248833333334, 78.43284183333334], [17.116245499999998, 78.43284], [17.116242333333332, 78.43283833333334], [17.116239333333333, 78.4328365], [17.116236, 78.43283483333333], [17.116232500000002, 78.43283316666665], [17.116229333333333, 78.43283133333333], [17.116226166666667, 78.43282966666668], [17.116223166666668, 78.43282783333333], [17.116219833333332, 78.43282616666667], [17.1162165, 78.43282433333334], [17.116213333333334, 78.43282266666667], [17.116210333333335, 78.43282083333334], [17.116207166666666, 78.43281916666666], [17.116203833333334, 78.43281733333333], [17.116200499999998, 78.43281566666666], [17.1161975, 78.43281383333333], [17.116194333333333, 78.43281216666666], [17.116191333333333, 78.43281033333332], [17.116188166666667, 78.43280866666667], [17.116184666666665, 78.43280683333334], [17.1161815, 78.43280516666667], [17.1161785, 78.43280333333334], [17.1161755, 78.43280166666666], [17.116172333333335, 78.43279983333333], [17.11616916666667, 78.43279816666667], [17.116166, 78.4327965], [17.11616316666667, 78.43279466666667], [17.116160333333333, 78.43279283333332], [17.116156999999998, 78.43279116666666], [17.116153999999998, 78.43278933333333], [17.116150833333332, 78.43278766666667], [17.1161475, 78.43278583333334], [17.116144333333335, 78.43278416666666], [17.11614116666667, 78.4327825], [17.116138, 78.43278066666667], [17.116134666666667, 78.432779], [17.116131333333332, 78.43277733333333], [17.1161285, 78.43277549999999], [17.1161255, 78.43277383333334], [17.116122333333333, 78.43277200000001], [17.116119, 78.43277033333334], [17.116115999999998, 78.43276850000001], [17.116112833333332, 78.43276683333333], [17.116109333333334, 78.43276516666667], [17.116106, 78.4327635], [17.116103, 78.43276166666666], [17.1161, 78.43275983333334], [17.116096833333334, 78.43275816666666], [17.116093499999998, 78.43275650000001], [17.11609, 78.43275466666667], [17.116086833333334, 78.432753], [17.11608366666667, 78.43275133333333], [17.11608066666667, 78.43274966666667], [17.1160775, 78.43274783333332], [17.116074333333334, 78.43274616666666], [17.11607133333333, 78.43274433333333], [17.11606833333333, 78.43274266666667], [17.116065166666665, 78.43274083333334], [17.116061833333333, 78.43273916666666], [17.116058666666667, 78.43273733333334], [17.116055666666668, 78.43273566666667], [17.116052500000002, 78.432734], [17.116048999999997, 78.43273216666667], [17.116045666666665, 78.43273033333334], [17.116042666666665, 78.43272866666666], [17.116039666666666, 78.43272700000001], [17.116036333333334, 78.43272516666666], [17.116032833333335, 78.43272350000001], [17.1160295, 78.43272166666667], [17.116026166666664, 78.43272], [17.116023, 78.43271833333333], [17.11602, 78.4327165], [17.116016833333333, 78.43271483333334], [17.116013333333335, 78.43271316666666], [17.116010000000003, 78.43271133333333], [17.116006833333334, 78.43270966666667], [17.116004, 78.43270783333334], [17.11600083333333, 78.43270616666668], [17.115997333333333, 78.4327045], [17.115993833333334, 78.43270266666667], [17.11599066666667, 78.432701], [17.11598766666667, 78.43269916666667], [17.115984500000003, 78.43269749999999], [17.11598133333333, 78.43269583333334], [17.115978, 78.43269400000001], [17.115975, 78.43269216666665], [17.115971833333333, 78.4326905], [17.115968666666667, 78.43268883333333], [17.1159655, 78.432687], [17.11596216666667, 78.43268533333334], [17.115959, 78.43268366666666], [17.115955666666665, 78.43268183333333], [17.115952666666665, 78.43268016666666], [17.115949333333333, 78.43267850000001], [17.115946333333333, 78.43267666666667], [17.115943, 78.432675], [17.11593966666667, 78.43267316666667], [17.115936833333333, 78.4326715], [17.115933833333333, 78.43266966666667], [17.115930666666667, 78.43266799999999], [17.11592733333333, 78.43266616666666], [17.115924333333332, 78.4326645], [17.115921500000002, 78.43266266666666], [17.115918333333333, 78.43266100000001], [17.115915166666664, 78.43265916666665], [17.115912166666664, 78.43265733333332], [17.115909166666665, 78.43265566666668], [17.115906, 78.432654], [17.115902833333333, 78.43265216666667], [17.115899833333334, 78.4326505], [17.115896833333334, 78.43264866666667], [17.115893833333335, 78.432647], [17.115890666666665, 78.43264516666666], [17.1158875, 78.4326435], [17.115884333333334, 78.43264166666667], [17.115881166666668, 78.43264], [17.11587816666667, 78.43263816666666], [17.115874833333333, 78.4326365], [17.115871666666667, 78.43263466666667], [17.11586833333333, 78.432633], [17.115865166666666, 78.43263133333333], [17.115862, 78.4326295], [17.115858833333334, 78.43262783333333], [17.115855333333332, 78.432626], [17.115852166666667, 78.43262433333332], [17.115849, 78.4326225], [17.115845999999998, 78.43262083333335], [17.115842833333332, 78.432619], [17.1158395, 78.43261733333334], [17.115836166666668, 78.43261550000001], [17.115833000000002, 78.43261383333333], [17.115830000000003, 78.432612], [17.115826666666667, 78.43261033333333], [17.115823666666664, 78.43260866666667], [17.115820333333332, 78.43260683333332], [17.1158175, 78.43260516666666], [17.1158145, 78.43260333333333], [17.1158115, 78.43260166666667], [17.115808, 78.43259983333334], [17.115804833333335, 78.43259816666666], [17.115802, 78.43259633333334], [17.115799166666665, 78.43259466666667], [17.115795833333333, 78.43259283333333], [17.115792666666668, 78.43259116666667], [17.115789666666668, 78.43258933333333], [17.11578666666667, 78.43258766666666], [17.115783500000003, 78.43258583333333], [17.115780500000003, 78.43258416666666], [17.1157775, 78.43258233333333], [17.11577433333333, 78.43258066666667], [17.11577133333333, 78.43257883333334], [17.11576833333333, 78.43257716666668], [17.115765500000002, 78.43257533333333], [17.115762500000002, 78.43257366666667], [17.11575966666667, 78.43257183333334], [17.115756666666666, 78.43257016666666], [17.115753666666667, 78.43256833333334], [17.115750666666667, 78.43256666666666], [17.115748, 78.43256483333333], [17.115745166666667, 78.43256316666665], [17.115742166666667, 78.4325615], [17.115739166666668, 78.43255983333333], [17.115736166666668, 78.432558], [17.115733166666665, 78.43255633333334], [17.11573033333333, 78.4325545], [17.115727166666666, 78.43255283333333], [17.115723833333334, 78.43255116666666], [17.115720666666668, 78.43254950000001], [17.115717500000002, 78.43254766666668], [17.115714500000003, 78.432546], [17.115711333333333, 78.43254433333333], [17.115708333333334, 78.4325425], [17.115705333333334, 78.43254083333333], [17.115702166666665, 78.43253899999999], [17.115699166666666, 78.43253733333333], [17.115696, 78.43253566666667], [17.115692666666668, 78.43253383333334], [17.1156895, 78.43253216666668], [17.1156865, 78.4325305], [17.115683333333333, 78.43252866666667], [17.115680166666667, 78.432527], [17.115677166666668, 78.43252516666666], [17.115674000000002, 78.43252349999999], [17.115671000000003, 78.43252183333334], [17.115668000000003, 78.43252000000001], [17.115665, 78.43251833333333], [17.115661499999998, 78.43251666666667], [17.115658333333332, 78.43251483333333], [17.115655, 78.43251316666667], [17.115652166666667, 78.43251133333334], [17.115649, 78.43250966666666], [17.11564566666667, 78.43250800000001], [17.1156425, 78.43250616666666], [17.115639666666667, 78.43250450000001], [17.1156365, 78.43250266666668], [17.115633333333335, 78.432501], [17.115630166666666, 78.43249933333333], [17.115627, 78.4324975], [17.115624166666667, 78.43249583333333], [17.115620999999997, 78.43249399999999], [17.115617666666665, 78.43249233333333], [17.115614333333333, 78.4324905], [17.115611166666667, 78.43248883333334], [17.115608333333334, 78.43248700000001], [17.115605000000002, 78.43248533333333], [17.1156015, 78.43248366666667], [17.115598, 78.43248183333334], [17.115595, 78.43248016666666], [17.115592, 78.43247833333334], [17.115588666666667, 78.43247666666666], [17.1155855, 78.43247483333333], [17.115582166666666, 78.43247316666665], [17.115579, 78.4324715], [17.11557583333333, 78.43246966666668], [17.115572666666665, 78.432468], [17.1155695, 78.43246633333334], [17.1155665, 78.4324645], [17.115563166666668, 78.43246283333333], [17.115560000000002, 78.432461], [17.115556833333336, 78.43245933333333], [17.115553666666663, 78.4324575], [17.115550666666664, 78.43245583333334], [17.115547333333332, 78.432454], [17.115544, 78.43245233333333], [17.115541, 78.4324505], [17.115537833333335, 78.43244883333334], [17.115534833333335, 78.432447], [17.115531333333333, 78.43244516666667], [17.115528333333334, 78.4324435], [17.115525166666664, 78.43244166666666], [17.115522166666665, 78.43244], [17.115519166666665, 78.43243816666667], [17.115516, 78.4324365], [17.115512833333334, 78.43243483333335], [17.11550983333333, 78.432433], [17.115506666666665, 78.43243116666666], [17.115503666666665, 78.4324295], [17.115500666666666, 78.43242766666667], [17.115497833333333, 78.432426], [17.115494833333333, 78.43242416666666], [17.1154915, 78.4324225], [17.11548816666667, 78.43242066666667], [17.115485, 78.432419], [17.115481833333334, 78.43241716666667], [17.115478833333334, 78.43241533333334], [17.115475333333332, 78.4324135], [17.115472166666667, 78.43241183333333], [17.115469, 78.43240999999999], [17.115465833333335, 78.43240833333333], [17.115462833333332, 78.4324065], [17.115459666666666, 78.43240483333334], [17.115456333333334, 78.43240300000001], [17.11545316666667, 78.43240133333333], [17.11545, 78.4323995], [17.115446833333333, 78.43239766666667], [17.115443666666668, 78.432396], [17.115440333333332, 78.43239416666667], [17.115437166666666, 78.4323925], [17.115433666666668, 78.43239066666666], [17.1154305, 78.432389], [17.115427, 78.43238716666666], [17.11542366666667, 78.4323855], [17.115420333333336, 78.43238366666667], [17.115416999999997, 78.43238183333332], [17.1154135, 78.43238016666666], [17.115410166666667, 78.43237833333333], [17.115407, 78.43237666666667], [17.1154035, 78.43237483333334], [17.1154005, 78.43237316666666], [17.115397166666664, 78.43237133333334], [17.115394, 78.43236966666667], [17.115390666666666, 78.43236783333333], [17.1153875, 78.43236616666667], [17.115384333333335, 78.43236433333333], [17.11538116666667, 78.43236266666666], [17.115377666666667, 78.43236083333333], [17.11537433333333, 78.43235916666666], [17.115371166666666, 78.43235733333333], [17.115367833333334, 78.43235566666667], [17.115364833333334, 78.432354], [17.1153615, 78.43235216666667], [17.115358, 78.43235033333333], [17.115355, 78.43234866666667], [17.115351999999998, 78.43234683333334], [17.115348833333332, 78.432345], [17.1153455, 78.43234333333334], [17.115342166666668, 78.43234166666666], [17.115339, 78.43233983333333], [17.115336, 78.43233816666665], [17.115332833333333, 78.43233633333332], [17.115329666666664, 78.43233466666668], [17.115326666666665, 78.43233283333333], [17.1153235, 78.43233116666667], [17.115320333333333, 78.43232933333334], [17.115317166666667, 78.43232766666667], [17.115313833333335, 78.432326], [17.11531066666667, 78.43232416666666], [17.11530766666667, 78.4323225], [17.115304166666665, 78.43232066666666], [17.115301, 78.432319], [17.115298, 78.43231716666666], [17.115295166666666, 78.4323155], [17.115292, 78.43231366666667], [17.115288666666668, 78.432312], [17.115285500000002, 78.43231016666667], [17.1152825, 78.4323085], [17.115279166666667, 78.43230666666666], [17.115275999999998, 78.432305], [17.1152725, 78.43230316666667], [17.1152695, 78.4323015], [17.115266333333334, 78.43229966666667], [17.115263333333335, 78.432298], [17.115259833333333, 78.43229633333334], [17.115256666666667, 78.4322945], [17.115253833333334, 78.43229266666667], [17.115251, 78.432291], [17.115247833333335, 78.43228916666666], [17.11524466666667, 78.4322875], [17.1152415, 78.43228583333332], [17.115238666666666, 78.432284], [17.115235666666667, 78.43228216666667], [17.1152325, 78.43228049999999], [17.115229166666666, 78.43227866666666], [17.115226166666666, 78.43227700000001], [17.115223166666667, 78.43227516666667], [17.11522, 78.43227350000001], [17.115216999999998, 78.43227183333333], [17.115214166666664, 78.43227], [17.11521133333333, 78.43226816666667], [17.11520833333333, 78.4322665], [17.115205166666666, 78.43226466666667], [17.115202166666666, 78.43226299999999], [17.115199166666667, 78.43226116666666], [17.115196166666667, 78.4322595], [17.115193166666664, 78.43225766666666], [17.11519, 78.43225600000001], [17.115187166666665, 78.43225416666668], [17.115184, 78.4322525], [17.115181, 78.43225066666668], [17.115178, 78.432249], [17.115175, 78.43224733333334], [17.11517183333333, 78.43224566666666], [17.115168666666666, 78.43224383333333], [17.115165666666666, 78.43224216666667], [17.115162333333334, 78.4322405], [17.11515916666667, 78.43223883333333], [17.11515616666667, 78.432237], [17.115152833333333, 78.43223533333334], [17.115149499999998, 78.4322335], [17.115146166666666, 78.43223183333333], [17.115143, 78.43222999999999], [17.115140166666666, 78.43222833333333], [17.115137, 78.4322265], [17.11513366666667, 78.43222483333334], [17.115130500000003, 78.43222316666667], [17.115127500000003, 78.43222133333333], [17.11512433333333, 78.43221966666667], [17.115121166666665, 78.43221799999999], [17.115117833333333, 78.43221616666666], [17.1151145, 78.4322145], [17.1151115, 78.43221283333334], [17.1151085, 78.43221116666668], [17.115105833333335, 78.43220933333333], [17.11510333333333, 78.4322075], [17.115100833333333, 78.43220583333333], [17.115098333333332, 78.432204], [17.11509583333333, 78.43220216666667], [17.1150935, 78.43220033333334], [17.115091333333332, 78.43219866666666], [17.115089333333334, 78.43219683333334], [17.115087333333335, 78.43219516666666], [17.115085500000003, 78.4321935], [17.115084000000003, 78.43219166666667], [17.115082500000003, 78.43219], [17.115081, 78.43218833333334], [17.115079833333333, 78.4321865], [17.1150785, 78.43218483333334], [17.115077333333332, 78.432183], [17.115076666666667, 78.43218116666667], [17.115076166666665, 78.4321795], [17.115076, 78.43217766666666], [17.115075833333332, 78.43217583333333], [17.115075666666666, 78.43217416666667], [17.115076, 78.43217233333333], [17.115076166666665, 78.43217066666666], [17.11507633333333, 78.43216883333334], [17.115077166666666, 78.43216699999999], [17.11507783333333, 78.43216533333333], [17.115078999999998, 78.43216349999999], [17.115080166666665, 78.43216166666666], [17.115081333333332, 78.43216000000001], [17.115082833333336, 78.43215816666667], [17.115084666666668, 78.4321565], [17.1150865, 78.43215483333333], [17.115088500000002, 78.432153], [17.1150905, 78.43215133333334], [17.1150925, 78.43214966666666], [17.115095166666666, 78.43214800000001], [17.115097666666667, 78.43214633333334], [17.11510033333333, 78.4321445], [17.11510283333333, 78.43214283333333], [17.11510566666667, 78.43214133333332], [17.115108666666668, 78.43213966666667], [17.115111333333335, 78.432138], [17.1151145, 78.43213633333333], [17.115117666666666, 78.43213483333334], [17.115121166666665, 78.43213316666667], [17.1151245, 78.4321315], [17.11512766666667, 78.43213], [17.115131166666668, 78.43212833333334], [17.115135000000002, 78.43212683333333], [17.115139, 78.43212533333333], [17.115143, 78.43212383333334], [17.115147, 78.43212233333334], [17.115151333333333, 78.43212083333333], [17.115155666666666, 78.43211933333333], [17.115159833333333, 78.43211783333332], [17.115163833333334, 78.43211633333334], [17.115168333333333, 78.43211483333333], [17.11517266666667, 78.4321135], [17.115177000000003, 78.432112], [17.115181333333332, 78.43211066666666], [17.115185666666665, 78.43210916666666], [17.1151905, 78.43210783333333], [17.11519516666667, 78.43210633333334], [17.115199833333335, 78.43210483333334], [17.1152045, 78.4321035], [17.1152095, 78.43210216666667], [17.115214666666667, 78.43210066666667], [17.11521966666667, 78.43209933333333], [17.115224833333333, 78.432098], [17.115230166666667, 78.4320965], [17.11523533333333, 78.43209516666667], [17.115240833333335, 78.43209366666666], [17.115246333333335, 78.43209233333333], [17.1152515, 78.432091], [17.115256666666667, 78.43208966666666], [17.115261999999998, 78.43208833333333], [17.1152675, 78.43208683333334], [17.115273, 78.4320855], [17.1152785, 78.43208416666667], [17.11528333333333, 78.43208283333334], [17.115289166666667, 78.43208150000001], [17.115295, 78.43208], [17.115300666666666, 78.43207883333334], [17.115306166666667, 78.4320775], [17.115312, 78.43207600000001], [17.115317333333333, 78.43207466666667], [17.115322833333334, 78.43207333333334], [17.115328666666667, 78.432072], [17.115334166666667, 78.43207066666668], [17.1153395, 78.43206933333333], [17.115345333333334, 78.432068], [17.115351333333333, 78.43206666666667], [17.115356833333333, 78.43206533333334], [17.1153625, 78.43206383333333], [17.115368333333333, 78.43206266666667], [17.115373666666667, 78.43206133333334], [17.115379, 78.43206], [17.115384833333334, 78.43205883333333], [17.115390333333334, 78.4320575], [17.115395666666664, 78.43205616666667], [17.11540116666667, 78.432055], [17.115406833333335, 78.43205366666666], [17.115412833333334, 78.43205216666667], [17.11541833333333, 78.432051], [17.11542366666667, 78.43204966666667], [17.115429666666667, 78.43204833333333], [17.115435333333334, 78.432047], [17.11544083333333, 78.43204566666667], [17.1154465, 78.43204433333334], [17.115451833333335, 78.43204300000001], [17.115457499999998, 78.43204166666666], [17.115463166666665, 78.43204033333333], [17.115468500000002, 78.432039], [17.115474, 78.43203766666667], [17.115479833333332, 78.43203633333333], [17.1154855, 78.432035], [17.11549066666667, 78.43203383333334], [17.1154965, 78.4320325], [17.115502333333332, 78.43203116666668], [17.115507666666666, 78.43202983333335], [17.115513, 78.43202849999999], [17.1155185, 78.43202716666666], [17.115523833333334, 78.43202583333333], [17.115529499999997, 78.4320245], [17.115535, 78.43202316666667], [17.115540833333334, 78.43202183333332], [17.115546333333334, 78.4320205], [17.115551666666665, 78.43201916666666], [17.11555716666667, 78.43201766666667], [17.115562666666666, 78.43201633333334], [17.115568, 78.432015], [17.115573833333332, 78.43201366666668], [17.115578833333334, 78.43201233333333], [17.115584833333333, 78.43201083333334], [17.115590833333332, 78.4320095], [17.115596166666666, 78.432008], [17.1156015, 78.43200666666667], [17.115607333333333, 78.43200533333334], [17.115612166666665, 78.432004], [17.115617333333333, 78.43200266666666], [17.115622833333337, 78.43200133333333], [17.115628, 78.432], [17.1156335, 78.43199849999999], [17.115638666666666, 78.43199716666666], [17.115643666666664, 78.43199583333333], [17.115649333333334, 78.43199433333332], [17.115654833333334, 78.43199299999999], [17.115659833333332, 78.43199166666666], [17.115665, 78.43199033333333], [17.115670833333336, 78.431989], [17.115676166666667, 78.43198766666666], [17.115681333333335, 78.43198633333333], [17.11568683333333, 78.43198483333335], [17.11569216666667, 78.43198349999999], [17.115697666666666, 78.43198216666666], [17.115703, 78.43198083333333], [17.11570783333333, 78.4319795], [17.11571316666667, 78.43197816666667], [17.1157185, 78.43197683333332], [17.115724166666666, 78.4319755], [17.1157295, 78.43197416666666], [17.115734666666665, 78.4319725], [17.115740333333335, 78.43197116666667], [17.115746, 78.43196983333334], [17.115751333333332, 78.43196833333333], [17.115756166666664, 78.431967], [17.11576116666667, 78.43196549999999], [17.115766833333332, 78.43196416666666], [17.115771833333334, 78.43196266666668], [17.115776666666665, 78.43196133333332], [17.1157825, 78.43195966666667], [17.115787833333332, 78.43195816666666], [17.1157935, 78.43195683333333], [17.115798833333333, 78.43195533333332], [17.115803833333334, 78.43195383333334], [17.115809000000002, 78.43195250000001], [17.115814333333333, 78.431951], [17.115819166666665, 78.43194966666667], [17.115824666666665, 78.43194816666667], [17.115829333333334, 78.43194683333333], [17.115835166666667, 78.43194533333333], [17.115840666666667, 78.43194383333334], [17.11584633333333, 78.43194233333334], [17.115852333333333, 78.43194083333333], [17.115858, 78.43193933333333], [17.115863, 78.43193783333332], [17.115868499999998, 78.43193649999999], [17.115873166666667, 78.43193500000001], [17.11587816666667, 78.43193366666667], [17.115884, 78.43193216666667], [17.115889166666665, 78.43193066666666], [17.11589466666667, 78.43192916666666], [17.115899666666667, 78.43192766666667], [17.11590483333333, 78.43192633333334], [17.115910166666666, 78.43192483333334], [17.115915166666664, 78.43192333333333], [17.115920333333335, 78.43192183333333], [17.115925833333332, 78.43192049999999], [17.115931, 78.43191900000001], [17.11593583333333, 78.43191766666668], [17.115941000000003, 78.43191616666667], [17.115946166666667, 78.43191466666667], [17.115951166666665, 78.43191316666666], [17.115956166666667, 78.43191183333333], [17.11596116666667, 78.43191033333332], [17.11596666666667, 78.43190883333334], [17.115971666666667, 78.43190750000001], [17.11597683333333, 78.431906], [17.115982166666665, 78.43190466666667], [17.115987500000003, 78.43190316666667], [17.115993166666666, 78.43190166666666], [17.115998333333334, 78.43190016666668], [17.11600333333333, 78.43189883333334], [17.116008500000003, 78.43189733333334], [17.116014166666666, 78.43189600000001], [17.116019333333334, 78.4318945], [17.116024, 78.431893], [17.1160295, 78.43189149999999], [17.116035, 78.43189016666666], [17.116039999999998, 78.43188866666667], [17.1160455, 78.43188733333334], [17.11605066666667, 78.43188583333334], [17.1160565, 78.43188433333333], [17.116062, 78.43188283333333], [17.116067166666667, 78.43188149999999], [17.11607283333333, 78.43188], [17.116078, 78.4318785], [17.116083, 78.43187716666667], [17.1160885, 78.43187583333334], [17.11609383333333, 78.43187433333333], [17.116098833333336, 78.43187283333333], [17.116104333333332, 78.43187133333332], [17.116109666666667, 78.43186983333334], [17.11611483333333, 78.43186850000001], [17.116120000000002, 78.431867], [17.1161255, 78.4318655], [17.116131, 78.43186399999999], [17.116136333333333, 78.43186266666666], [17.1161415, 78.43186116666668], [17.116147166666668, 78.43185966666667], [17.1161525, 78.43185816666667], [17.116158, 78.43185666666666], [17.11616316666667, 78.43185516666668], [17.116168666666667, 78.43185366666667], [17.116173833333335, 78.43185233333334], [17.116179, 78.43185083333333], [17.116184333333333, 78.43184933333333], [17.116189666666667, 78.43184783333332], [17.116195, 78.43184649999999], [17.116200166666665, 78.43184500000001], [17.1162055, 78.4318435], [17.11621116666667, 78.431842], [17.116216333333334, 78.43184049999999], [17.116221333333332, 78.43183900000001], [17.116226666666666, 78.43183766666667], [17.116232, 78.43183616666667], [17.116237166666668, 78.43183466666666], [17.1162425, 78.43183316666666], [17.116248166666665, 78.43183166666667], [17.116253833333335, 78.43183], [17.116259666666668, 78.43182866666666], [17.116264833333332, 78.43182716666666], [17.11627, 78.43182566666665], [17.11627566666667, 78.43182416666667], [17.116280833333334, 78.43182266666666], [17.116285666666666, 78.43182133333333], [17.116291333333333, 78.43181983333334], [17.116296833333333, 78.43181833333333], [17.116302833333336, 78.43181683333334], [17.116308333333333, 78.43181533333333], [17.116314, 78.43181383333334], [17.1163195, 78.43181233333333], [17.116325, 78.43181083333334], [17.1163305, 78.4318095], [17.116335499999998, 78.431808], [17.116341, 78.4318065], [17.116346500000002, 78.43180516666666], [17.116352166666665, 78.43180366666667], [17.116357999999998, 78.43180216666666], [17.116363333333332, 78.43180066666667], [17.11636916666667, 78.43179916666666], [17.1163745, 78.43179766666667], [17.116379833333333, 78.43179633333332], [17.116385333333334, 78.43179483333333], [17.116390833333334, 78.43179333333333], [17.116396333333334, 78.431792], [17.116401833333335, 78.4317905], [17.116406833333333, 78.431789], [17.116412, 78.4317875], [17.11641716666667, 78.43178616666667], [17.116422833333335, 78.43178466666667], [17.11642833333333, 78.43178333333334], [17.116433166666663, 78.43178183333333], [17.116438833333333, 78.43178033333334], [17.1164445, 78.431779], [17.116449833333334, 78.4317775], [17.116455499999997, 78.431776], [17.116460833333335, 78.43177466666666], [17.116466333333335, 78.43177316666667], [17.116471833333332, 78.43177166666666], [17.116477166666666, 78.43177016666667], [17.116482666666666, 78.43176883333334], [17.116488, 78.43176733333333], [17.116493166666665, 78.43176583333334], [17.116498666666665, 78.4317645], [17.11650416666667, 78.431763], [17.116509666666666, 78.4317615], [17.116514833333333, 78.43176016666666], [17.1165205, 78.43175866666667], [17.116526, 78.43175716666666], [17.116531333333334, 78.43175583333333], [17.116537, 78.43175433333334], [17.116542166666665, 78.43175283333333], [17.116547500000003, 78.43175133333334], [17.116553, 78.43175], [17.116558333333334, 78.4317485], [17.11656383333333, 78.43174716666667], [17.116569833333333, 78.4317455], [17.1165755, 78.431744], [17.116581, 78.4317425], [17.116586666666667, 78.431741], [17.116591833333334, 78.43173966666667], [17.116596833333332, 78.43173816666668], [17.116602666666665, 78.43173666666667], [17.116608, 78.43173516666667], [17.116613500000003, 78.43173366666666], [17.116619166666666, 78.43173216666668], [17.1166245, 78.43173066666667], [17.116629666666665, 78.43172916666667], [17.11663533333333, 78.43172766666666], [17.116640833333335, 78.43172616666668], [17.116646166666666, 78.43172466666667], [17.116651666666666, 78.43172316666667], [17.116657, 78.43172183333333], [17.116662333333334, 78.43172033333333], [17.116668166666667, 78.43171883333333], [17.116673666666667, 78.43171733333334], [17.116679166666664, 78.43171583333333], [17.116684833333334, 78.43171433333333], [17.116690333333334, 78.431713], [17.116695666666665, 78.43171149999999], [17.116700666666667, 78.43171000000001], [17.116706, 78.4317085], [17.1167115, 78.431707], [17.116717166666668, 78.43170549999999], [17.11672283333333, 78.43170400000001], [17.1167285, 78.4317025], [17.11673366666667, 78.431701], [17.116738833333333, 78.4316995], [17.1167445, 78.43169800000001], [17.116749833333333, 78.4316965], [17.116754833333335, 78.43169516666667], [17.116760333333332, 78.43169366666666], [17.116766166666665, 78.43169216666666], [17.116771833333335, 78.43169066666665], [17.116777000000003, 78.43168916666667], [17.116782666666666, 78.43168766666666], [17.116788333333332, 78.43168616666667], [17.116793833333336, 78.43168466666665], [17.116799333333333, 78.43168316666667], [17.116805, 78.43168166666666], [17.116810333333333, 78.43168016666667], [17.11681583333333, 78.43167866666666], [17.116821333333334, 78.43167733333333], [17.1168265, 78.43167583333334], [17.116832166666665, 78.43167433333333], [17.11683783333333, 78.43167283333334], [17.116843333333335, 78.43167133333333], [17.116849, 78.43166983333334], [17.116854333333333, 78.43166833333333], [17.116859833333333, 78.43166683333334], [17.1168655, 78.43166533333333], [17.116871166666666, 78.43166383333333], [17.116876333333334, 78.43166249999999], [17.11688183333333, 78.431661], [17.116887333333334, 78.4316595], [17.11689266666667, 78.431658], [17.116897833333333, 78.43165666666667], [17.116903333333333, 78.43165516666666], [17.116908833333333, 78.43165366666668], [17.116914, 78.43165233333335], [17.116919333333332, 78.43165066666667], [17.116924666666666, 78.43164916666666], [17.11693016666667, 78.43164783333333], [17.116935666666667, 78.43164633333335], [17.116941166666667, 78.43164483333334], [17.116946666666667, 78.43164333333334], [17.116951833333335, 78.43164183333333], [17.1169575, 78.43164033333333], [17.116963, 78.43163883333334], [17.1169685, 78.43163733333334], [17.116974333333335, 78.43163566666666], [17.11698, 78.43163416666667], [17.116985666666668, 78.43163266666667], [17.11699133333333, 78.43163133333334], [17.11699666666667, 78.43162983333333], [17.117002, 78.43162833333334], [17.117007333333333, 78.43162683333334], [17.117013, 78.43162533333334], [17.11701833333333, 78.43162383333333], [17.117023666666668, 78.43162233333334], [17.1170295, 78.43162083333333], [17.117034999999998, 78.43161933333334], [17.117040166666666, 78.431618], [17.117045333333333, 78.4316165], [17.1170505, 78.431615], [17.117055999999998, 78.4316135], [17.117061666666665, 78.431612], [17.11706716666667, 78.43161066666667], [17.1170725, 78.43160916666668], [17.117077833333333, 78.43160766666666], [17.117083333333333, 78.43160616666667], [17.117088833333334, 78.43160466666667], [17.117094, 78.43160316666668], [17.117099166666666, 78.43160166666667], [17.117105, 78.43160016666667], [17.11711066666667, 78.43159866666666], [17.117116, 78.43159716666668], [17.117121333333333, 78.43159566666667], [17.117126833333334, 78.43159416666667], [17.117132333333334, 78.43159266666666], [17.117137833333334, 78.43159133333333], [17.117142833333332, 78.43158983333333], [17.117148666666665, 78.43158833333334], [17.117154333333335, 78.43158683333333], [17.1171595, 78.43158533333333], [17.117164833333334, 78.43158383333333], [17.117170333333334, 78.43158233333334], [17.11717583333333, 78.43158083333333], [17.11718116666667, 78.43157933333333], [17.117186833333335, 78.43157783333332], [17.117192166666666, 78.43157633333334], [17.117197666666666, 78.43157483333333], [17.117203166666666, 78.43157333333333], [17.117208666666667, 78.43157183333332], [17.117214, 78.43157049999999], [17.117219499999997, 78.43156900000001], [17.117225, 78.4315675], [17.117230666666668, 78.431566], [17.1172365, 78.4315645], [17.117242166666664, 78.43156300000001], [17.1172475, 78.4315615], [17.117253, 78.43156], [17.117258833333334, 78.4315585], [17.11726433333333, 78.43155700000001], [17.117269833333335, 78.4315555], [17.117275666666668, 78.431554], [17.117281, 78.4315525], [17.1172865, 78.431551], [17.117292000000003, 78.4315495], [17.117297333333333, 78.431548], [17.117302833333333, 78.4315465], [17.117308166666664, 78.431545], [17.117314, 78.4315435], [17.1173195, 78.43154200000001], [17.117325, 78.4315405], [17.117330499999998, 78.431539], [17.11733566666667, 78.4315375], [17.117341166666666, 78.43153600000001], [17.117347, 78.4315345], [17.1173525, 78.431533], [17.117358000000003, 78.43153133333334], [17.1173635, 78.43153000000001], [17.1173695, 78.4315285], [17.117374833333333, 78.431527], [17.117379833333334, 78.43152549999999], [17.117385833333334, 78.43152400000001], [17.117391166666668, 78.4315225], [17.117396666666664, 78.431521], [17.117402000000002, 78.4315195], [17.117407500000002, 78.43151800000001], [17.117413, 78.4315165], [17.117418833333332, 78.431515], [17.117424500000002, 78.4315135], [17.117429833333333, 78.43151200000001], [17.1174355, 78.4315105], [17.117441333333332, 78.431509], [17.11744666666667, 78.4315075], [17.117452, 78.43150583333333], [17.117457666666667, 78.43150433333334], [17.117463333333333, 78.43150283333333], [17.117469000000003, 78.4315015], [17.1174745, 78.43149983333333], [17.11748, 78.43149833333334], [17.117485666666667, 78.43149683333333], [17.11749133333333, 78.4314955], [17.117497, 78.431494], [17.117502333333334, 78.4314925], [17.117508, 78.43149100000001], [17.117513666666664, 78.4314895], [17.117518833333335, 78.431488], [17.117524333333332, 78.43148649999999], [17.117529833333332, 78.43148500000001], [17.117535333333333, 78.4314835], [17.117540833333333, 78.431482], [17.117545833333335, 78.43148049999999], [17.117551666666667, 78.43147900000001], [17.1175575, 78.43147733333333], [17.117562833333334, 78.43147583333332], [17.117568333333335, 78.43147433333334], [17.117573666666665, 78.43147283333333], [17.117579, 78.43147133333333], [17.117585000000002, 78.43146983333332], [17.11759066666667, 78.43146816666668], [17.117596, 78.43146666666667], [17.117601666666665, 78.43146516666667], [17.117607333333336, 78.43146366666666], [17.117612333333334, 78.43146233333333], [17.117618, 78.43146083333333], [17.117623666666667, 78.43145933333334], [17.117629, 78.43145783333333], [17.1176345, 78.43145633333333], [17.117640333333334, 78.43145483333333], [17.117646166666667, 78.43145333333334], [17.117651333333335, 78.43145183333333], [17.11765666666667, 78.43145033333333], [17.11766233333333, 78.43144883333333], [17.1176675, 78.43144733333334], [17.117673, 78.43144583333333], [17.117679, 78.43144433333333], [17.117684666666666, 78.43144283333332], [17.117690333333332, 78.43144133333334], [17.117695833333336, 78.43143983333333], [17.117701333333333, 78.43143833333333], [17.117707166666666, 78.43143683333332], [17.117712333333333, 78.43143549999999], [17.11771816666667, 78.43143400000001], [17.117723833333333, 78.4314325], [17.1177295, 78.431431], [17.117735166666666, 78.4314295], [17.1177405, 78.43142800000001], [17.117746166666667, 78.4314265], [17.117751666666667, 78.431425], [17.11775683333333, 78.43142366666666], [17.11776216666667, 78.43142216666666], [17.11776766666667, 78.43142066666665], [17.1177735, 78.43141916666667], [17.117779, 78.43141766666666], [17.117784333333336, 78.43141616666666], [17.11779016666667, 78.43141466666665], [17.11779616666667, 78.43141316666667], [17.1178015, 78.43141166666666], [17.117807000000003, 78.43141016666667], [17.117812333333333, 78.43140866666666], [17.117818, 78.43140716666667], [17.1178235, 78.43140566666666], [17.117828499999998, 78.43140416666667], [17.117833833333336, 78.43140266666666], [17.117839333333333, 78.43140116666667], [17.117844666666667, 78.43139966666666], [17.117849666666665, 78.43139816666667], [17.117855333333335, 78.43139666666666], [17.117860833333335, 78.43139516666666], [17.117866, 78.43139366666666], [17.117870999999997, 78.43139216666667], [17.117876833333334, 78.43139066666666], [17.117882666666667, 78.43138916666666], [17.117888, 78.43138766666667], [17.117893666666664, 78.43138616666667], [17.117899166666668, 78.43138466666666], [17.117904833333334, 78.43138316666666], [17.117909666666666, 78.43138166666667], [17.117915, 78.43138016666667], [17.117920833333336, 78.43137866666666], [17.117926, 78.43137716666666], [17.117931166666665, 78.43137566666665], [17.11793683333333, 78.43137416666667], [17.117941666666663, 78.43137266666666], [17.117946833333335, 78.431371], [17.117952333333335, 78.43136966666665], [17.11795783333333, 78.43136816666667], [17.117962499999997, 78.43136666666666], [17.117968, 78.43136516666667], [17.117973833333334, 78.43136366666666], [17.117979166666665, 78.43136200000001], [17.11798483333333, 78.4313605], [17.11799016666667, 78.431359], [17.1179955, 78.4313575], [17.118000833333333, 78.43135600000001], [17.11800583333333, 78.43135466666666], [17.118011666666668, 78.43135316666667], [17.118017000000002, 78.43135166666666], [17.118022333333332, 78.43135016666666], [17.118027833333333, 78.43134866666666], [17.118033333333337, 78.43134733333333], [17.118039166666666, 78.43134583333334], [17.118044333333334, 78.43134433333333], [17.118049499999998, 78.43134283333333], [17.1180555, 78.43134133333334], [17.118061166666667, 78.43133983333334], [17.118066333333335, 78.4313385], [17.11807183333333, 78.431337], [17.118077500000002, 78.43133533333334], [17.118082833333336, 78.431334], [17.118088333333333, 78.4313325], [17.118093666666667, 78.431331], [17.118099166666664, 78.43132949999999], [17.118104666666667, 78.431328], [17.118110166666668, 78.4313265], [17.11811583333333, 78.431325], [17.118121666666664, 78.43132333333332], [17.1181275, 78.43132183333334], [17.118133333333333, 78.4313205], [17.118138666666667, 78.431319], [17.118144166666664, 78.43131749999999], [17.1181495, 78.431316], [17.118155, 78.43131466666667], [17.1181605, 78.43131316666667], [17.1181655, 78.43131166666667], [17.118171, 78.43131016666666], [17.118177, 78.43130866666667], [17.1181825, 78.43130716666666], [17.118188, 78.43130566666667], [17.1181935, 78.43130416666666], [17.118199, 78.43130266666667], [17.118204666666667, 78.43130116666666], [17.118209999999998, 78.43129966666667], [17.118215833333334, 78.43129816666666], [17.118220833333332, 78.43129649999999], [17.1182265, 78.431295], [17.11823233333333, 78.4312935], [17.118237333333333, 78.431292], [17.118242666666667, 78.43129049999999], [17.1182485, 78.431289], [17.118254166666667, 78.4312875], [17.118259666666667, 78.431286], [17.118265166666667, 78.43128433333332], [17.118270666666668, 78.43128283333334], [17.118276166666664, 78.43128133333333], [17.118281666666668, 78.43127983333333], [17.11828716666667, 78.43127816666667], [17.118292666666665, 78.43127666666666], [17.118297833333333, 78.43127516666667], [17.118303, 78.43127366666666], [17.118308333333335, 78.43127216666667], [17.118313833333332, 78.43127066666666], [17.118318833333333, 78.43126916666667], [17.118324166666664, 78.43126766666666], [17.11833, 78.43126616666667], [17.118335666666667, 78.43126466666666], [17.118341333333333, 78.43126316666667], [17.118346499999998, 78.43126166666666], [17.1183525, 78.43126000000001], [17.118358333333333, 78.4312585], [17.118363499999997, 78.431257], [17.118368999999998, 78.43125549999999], [17.118374333333335, 78.43125400000001], [17.11838, 78.4312525], [17.118384833333334, 78.431251], [17.118389999999998, 78.43124966666666], [17.118395833333334, 78.43124816666666], [17.11840116666667, 78.43124666666667], [17.1184065, 78.43124516666667], [17.118412166666666, 78.43124366666666], [17.118417833333336, 78.43124216666666], [17.118423833333335, 78.43124066666665], [17.118429833333334, 78.43123916666667], [17.118434999999998, 78.43123766666666], [17.118440500000002, 78.43123616666666], [17.118445666666666, 78.43123466666665], [17.118451166666667, 78.43123316666667], [17.11845633333333, 78.43123183333334], [17.11846166666667, 78.43123033333333], [17.11846716666667, 78.43122883333334], [17.118472833333332, 78.43122733333333], [17.1184785, 78.43122583333334], [17.118484333333335, 78.43122433333333], [17.11848966666667, 78.43122283333334], [17.118495166666666, 78.43122116666667], [17.118500833333332, 78.43121966666666], [17.118506, 78.43121816666667], [17.11851066666667, 78.43121683333334], [17.118515833333333, 78.43121533333333], [17.118521166666667, 78.43121383333333], [17.118526666666664, 78.4312125], [17.118532166666668, 78.431211], [17.118537833333335, 78.43120950000001], [17.118544166666666, 78.431208], [17.118550333333335, 78.43120633333334], [17.118556166666668, 78.43120483333334], [17.118561833333334, 78.43120333333333], [17.118567166666665, 78.43120183333333], [17.118572333333336, 78.43120033333334], [17.1185775, 78.431199], [17.1185825, 78.43119766666668], [17.118587666666667, 78.43119616666667], [17.118593666666666, 78.43119466666667], [17.118599500000002, 78.43119316666666], [17.118604833333332, 78.43119166666666], [17.118610999999998, 78.43119], [17.118617500000003, 78.4311885], [17.118623333333336, 78.431187], [17.118628666666666, 78.43118550000001], [17.118634, 78.431184], [17.11863933333333, 78.4311825], [17.118644333333336, 78.43118116666666], [17.118649, 78.43117966666667], [17.118654333333332, 78.43117816666667], [17.118659833333332, 78.43117666666667], [17.118665333333336, 78.43117516666666], [17.118671333333335, 78.43117350000001], [17.1186775, 78.431172], [17.118683833333332, 78.43117033333333], [17.11868966666667, 78.43116883333333], [17.118695333333335, 78.43116733333333], [17.11870083333333, 78.43116583333334], [17.118706333333332, 78.43116450000001], [17.1187115, 78.431163], [17.118717333333333, 78.4311615], [17.118722666666667, 78.43116], [17.118728333333333, 78.43115850000001], [17.118733833333334, 78.431157], [17.118740166666665, 78.4311555], [17.118745999999998, 78.431154], [17.118751166666666, 78.43115250000001], [17.118757000000002, 78.431151], [17.118762833333335, 78.4311495], [17.118768499999998, 78.431148], [17.118774166666665, 78.43114650000001], [17.11877966666667, 78.431145], [17.118785333333335, 78.4311435], [17.118790666666666, 78.43114183333334], [17.118796166666666, 78.43114033333333], [17.118801666666666, 78.43113883333334], [17.118807166666667, 78.43113733333333], [17.118812333333334, 78.431136], [17.1188175, 78.43113450000001], [17.118823666666668, 78.431133], [17.118829, 78.4311315], [17.118834333333332, 78.43112983333334], [17.11884, 78.43112833333333], [17.118845833333335, 78.43112683333334], [17.118851333333335, 78.43112533333333], [17.1188565, 78.43112383333333], [17.118861666666664, 78.43112233333333], [17.118867166666668, 78.431121], [17.118872666666668, 78.43111950000001], [17.118877833333332, 78.431118], [17.118883333333333, 78.4311165], [17.1188895, 78.431115], [17.118895000000002, 78.43111333333333], [17.118900333333332, 78.43111183333333], [17.118906, 78.43111033333334], [17.118910833333334, 78.43110883333334], [17.118916000000002, 78.43110733333333], [17.118921, 78.431106], [17.118926166666665, 78.4311045], [17.1189315, 78.431103], [17.1189375, 78.43110150000001], [17.1189435, 78.4311], [17.118949, 78.43109833333332], [17.118954666666664, 78.43109683333334], [17.118960166666668, 78.43109533333333], [17.1189655, 78.43109383333334], [17.1189705, 78.43109233333332], [17.118975499999998, 78.431091], [17.118981166666668, 78.43108950000001], [17.118986666666668, 78.431088], [17.1189925, 78.4310865], [17.11899833333333, 78.431085], [17.119004166666667, 78.43108333333333], [17.119010166666666, 78.43108183333334], [17.1190155, 78.43108033333333], [17.119021333333333, 78.43107883333333], [17.119026666666667, 78.4310775], [17.119032, 78.43107583333334], [17.11903733333333, 78.43107433333333], [17.1190425, 78.43107283333333], [17.119048000000003, 78.43107133333334], [17.1190535, 78.43106983333334], [17.119058666666668, 78.43106833333333], [17.1190645, 78.43106683333333], [17.119070166666667, 78.43106533333334], [17.119076166666666, 78.43106383333334], [17.119081833333333, 78.43106233333333], [17.11908783333333, 78.43106066666665], [17.119093833333334, 78.43105916666667], [17.119098833333332, 78.43105766666666], [17.119104, 78.43105616666666], [17.119108999999998, 78.43105466666665], [17.119114000000003, 78.43105333333332], [17.1191195, 78.43105183333334], [17.119125166666667, 78.43105033333333], [17.119131166666666, 78.43104883333334], [17.119137000000002, 78.43104716666667], [17.119143166666667, 78.43104566666666], [17.119148833333334, 78.43104416666667], [17.119153999999998, 78.43104266666666], [17.119159500000002, 78.43104116666667], [17.119165, 78.43103966666666], [17.119170333333333, 78.43103816666667], [17.11917533333333, 78.43103666666666], [17.119181, 78.43103516666666], [17.119186666666668, 78.4310335], [17.119191833333332, 78.431032], [17.11919783333333, 78.43103049999999], [17.119203000000002, 78.43102900000001], [17.1192085, 78.4310275], [17.119214333333332, 78.431026], [17.119219833333332, 78.43102449999999], [17.11922516666667, 78.43102283333333], [17.119230833333333, 78.43102133333333], [17.119235833333335, 78.43101983333332], [17.11924133333333, 78.43101833333334], [17.11924683333333, 78.43101683333333], [17.119252333333336, 78.43101533333333], [17.119258, 78.43101383333332], [17.1192635, 78.43101233333333], [17.119269666666664, 78.43101083333333], [17.119275333333334, 78.43100916666667], [17.119281, 78.43100766666666], [17.119286166666665, 78.43100633333333], [17.119291666666665, 78.43100483333333], [17.11929716666667, 78.4310035], [17.119302833333332, 78.431002], [17.119308666666665, 78.4310005], [17.11931433333333, 78.430999], [17.119320166666668, 78.4309975], [17.119326333333333, 78.43099600000001], [17.119331666666668, 78.4309945], [17.119337166666664, 78.43099316666667], [17.119342333333336, 78.43099166666666], [17.1193475, 78.43099016666666], [17.119353333333333, 78.43098866666666], [17.119358833333333, 78.43098716666667], [17.1193645, 78.43098566666666], [17.11937, 78.43098416666666], [17.119376, 78.43098266666667], [17.119381666666666, 78.43098116666667], [17.119387333333336, 78.43097966666666], [17.1193925, 78.43097816666666], [17.119398, 78.43097666666667], [17.11940333333333, 78.43097516666667], [17.119408166666666, 78.43097366666666], [17.1194135, 78.43097216666666], [17.119419, 78.43097066666665], [17.119424833333333, 78.43096916666667], [17.11943116666667, 78.43096766666666], [17.119437166666668, 78.43096616666666], [17.119442833333334, 78.4309645], [17.119449, 78.430963], [17.119454333333334, 78.4309615], [17.119459333333335, 78.43096016666667], [17.119464166666667, 78.43095866666665], [17.119469666666664, 78.43095716666667], [17.119475166666668, 78.43095566666666], [17.119480833333334, 78.43095416666667], [17.119486666666667, 78.43095266666666], [17.119493, 78.43095116666667], [17.119499, 78.43094966666666], [17.1195045, 78.43094816666667], [17.119510333333334, 78.43094666666666], [17.119515666666665, 78.43094516666666], [17.119520666666666, 78.43094366666666], [17.119526, 78.43094216666667], [17.119530833333332, 78.43094083333334], [17.119536, 78.43093933333333], [17.119541333333334, 78.43093783333333], [17.119547666666666, 78.43093616666667], [17.119554, 78.43093466666666], [17.119559666666664, 78.43093316666666], [17.119565666666666, 78.43093166666667], [17.119571166666667, 78.43093016666667], [17.119576333333335, 78.43092866666666], [17.1195815, 78.43092733333333], [17.119586833333337, 78.43092583333333], [17.119592, 78.43092416666667], [17.119597333333335, 78.43092266666666], [17.119603166666664, 78.43092116666666], [17.119609333333337, 78.43091983333333], [17.119615500000002, 78.43091816666667], [17.119621333333335, 78.43091666666666], [17.119627333333334, 78.43091516666667], [17.119633166666667, 78.43091366666665], [17.119638166666668, 78.430912], [17.119642833333334, 78.43091066666666], [17.119647333333333, 78.43090916666667], [17.11965233333333, 78.43090766666666], [17.11965766666667, 78.43090616666667], [17.119663833333334, 78.4309045], [17.11967, 78.430903], [17.119676000000002, 78.43090149999999], [17.119682, 78.43090000000001], [17.119687166666665, 78.4308985], [17.119692333333333, 78.430897], [17.11969733333333, 78.43089549999999], [17.119702500000002, 78.43089400000001], [17.119707666666667, 78.4308925], [17.119712666666665, 78.430891], [17.119718166666665, 78.43088966666666], [17.119724166666668, 78.43088816666666], [17.119729833333334, 78.43088666666667], [17.119736166666666, 78.43088516666667], [17.11974233333333, 78.43088366666666], [17.119748333333334, 78.43088216666666], [17.1197535, 78.43088066666665], [17.119758333333333, 78.43087916666667], [17.11976333333333, 78.43087783333334], [17.119769, 78.43087633333333], [17.119774500000002, 78.43087466666665], [17.119780166666665, 78.43087316666667], [17.11978633333333, 78.43087166666666], [17.119792166666667, 78.43087016666666], [17.119797333333334, 78.43086866666665], [17.119803166666667, 78.43086733333332], [17.11980883333333, 78.43086566666666], [17.11981366666667, 78.43086416666667], [17.119818666666667, 78.43086266666666], [17.119824333333334, 78.43086116666667], [17.11982983333333, 78.43085966666666], [17.119835833333333, 78.43085816666667], [17.119841666666666, 78.43085666666666], [17.119847666666665, 78.43085516666666], [17.119853666666664, 78.4308535], [17.119859166666668, 78.43085216666667], [17.119864333333332, 78.43085049999999], [17.1198695, 78.43084916666666], [17.11987483333333, 78.43084766666666], [17.119880000000002, 78.43084616666667], [17.11988566666667, 78.43084449999999], [17.119891, 78.43084300000001], [17.119896833333332, 78.4308415], [17.11990266666667, 78.43084], [17.119908666666667, 78.4308385], [17.119915, 78.43083700000001], [17.119920666666665, 78.43083533333333], [17.119925833333333, 78.43083383333332], [17.119931, 78.4308325], [17.11993633333333, 78.430831], [17.119941666666666, 78.4308295], [17.119947333333336, 78.430828], [17.119953, 78.43082633333333], [17.11995883333333, 78.43082483333333], [17.119964166666666, 78.43082333333334], [17.119969833333336, 78.43082183333333], [17.1199755, 78.43082033333333], [17.119980666666667, 78.43081883333333], [17.1199865, 78.43081733333334], [17.11999216666667, 78.43081583333333], [17.1199975, 78.43081433333333], [17.120003166666667, 78.43081283333332], [17.120009, 78.43081133333334], [17.120014833333336, 78.43080983333333], [17.120020833333335, 78.43080816666667], [17.120026166666666, 78.43080666666667], [17.120031333333333, 78.43080516666667], [17.120036833333334, 78.43080366666666], [17.1200425, 78.43080216666667], [17.120047833333334, 78.43080066666667], [17.120053, 78.43079916666667], [17.12005866666667, 78.43079766666666], [17.120064333333335, 78.43079616666667], [17.120069833333332, 78.43079466666667], [17.120075999999997, 78.43079316666667], [17.12008116666667, 78.4307915], [17.1200865, 78.43078999999999], [17.120092, 78.4307885], [17.120096999999998, 78.43078683333333], [17.120102, 78.43078533333333], [17.1201075, 78.43078383333334], [17.120112833333334, 78.43078216666666], [17.120118166666668, 78.43078066666666], [17.120123666666665, 78.430779], [17.120128833333336, 78.4307775], [17.120134833333335, 78.430776], [17.12014, 78.43077433333333], [17.120145333333333, 78.43077283333334], [17.120151, 78.43077133333333], [17.120156833333333, 78.43076966666666], [17.120161833333334, 78.43076816666667], [17.120167499999997, 78.43076666666666], [17.120173166666667, 78.43076500000001], [17.120179, 78.4307635], [17.120184333333334, 78.430762], [17.120189, 78.43076049999999], [17.120194833333336, 78.43075900000001], [17.120199833333334, 78.4307575], [17.120205166666665, 78.430756], [17.120211166666664, 78.43075449999999], [17.1202165, 78.43075283333333], [17.120222000000002, 78.43075133333333], [17.120227333333332, 78.43074983333332], [17.12023333333333, 78.43074833333334], [17.120238833333335, 78.43074683333333], [17.120244333333336, 78.43074533333333], [17.1202495, 78.43074383333332], [17.120254833333334, 78.43074233333333], [17.12026033333333, 78.43074083333333], [17.12026566666667, 78.4307395], [17.120271, 78.43073783333332], [17.120276166666667, 78.43073633333333], [17.120281666666664, 78.43073483333333], [17.1202875, 78.43073333333334], [17.120293, 78.43073183333333], [17.1202985, 78.43073016666668], [17.120303999999997, 78.43072866666667], [17.120309666666667, 78.43072716666667], [17.120315, 78.43072566666666], [17.1203205, 78.43072416666668], [17.120325666666666, 78.4307225], [17.120331, 78.43072116666667], [17.120336666666667, 78.43071966666666], [17.120341833333335, 78.43071816666667], [17.120347666666664, 78.43071666666667], [17.1203535, 78.43071516666667], [17.120358500000002, 78.43071366666666], [17.1203645, 78.43071216666667], [17.120370333333334, 78.43071066666667], [17.120376, 78.43070916666667], [17.120381666666667, 78.43070766666666], [17.120387333333333, 78.43070616666667], [17.120392499999998, 78.43070466666667], [17.120397833333335, 78.43070316666667], [17.120403500000002, 78.43070166666666], [17.120409, 78.43070016666667], [17.1204145, 78.43069866666666], [17.120420000000003, 78.43069716666668], [17.1204255, 78.43069566666667], [17.1204315, 78.43069416666667], [17.120437166666665, 78.43069266666666], [17.12044266666667, 78.43069116666668], [17.120448333333332, 78.43068966666667], [17.120454166666665, 78.43068816666667], [17.12046033333333, 78.43068683333333], [17.120466, 78.43068533333333], [17.12047116666667, 78.43068383333333], [17.120477166666667, 78.4306825], [17.120483, 78.430681], [17.1204885, 78.4306795], [17.120494, 78.430678], [17.120499666666667, 78.43067649999999], [17.12050533333333, 78.43067500000001], [17.120511166666667, 78.43067366666668], [17.120517, 78.43067216666667], [17.120522666666666, 78.43067066666667], [17.120528166666666, 78.43066916666666], [17.120534333333335, 78.43066766666668], [17.1205395, 78.43066616666667], [17.120545166666666, 78.43066466666667], [17.120550833333333, 78.43066333333333], [17.120556333333333, 78.43066183333333], [17.120562, 78.43066016666667], [17.120567666666666, 78.43065883333334], [17.120573666666665, 78.43065733333333], [17.120579333333335, 78.43065583333333], [17.120584833333332, 78.43065433333332], [17.120590666666665, 78.43065283333334], [17.120596666666664, 78.43065133333333], [17.1206025, 78.43065], [17.120608, 78.4306485], [17.1206135, 78.430647], [17.12061883333333, 78.43064550000001], [17.120624333333335, 78.430644], [17.120629833333332, 78.4306425], [17.120635, 78.430641], [17.120640666666667, 78.43063950000001], [17.120646333333333, 78.430638], [17.120652166666666, 78.4306365], [17.1206575, 78.430635], [17.120663166666667, 78.43063350000001], [17.120669000000003, 78.430632], [17.1206745, 78.4306305], [17.120679833333334, 78.430629], [17.120684833333332, 78.4306275], [17.120690333333336, 78.430626], [17.120695666666666, 78.43062450000001], [17.120701166666667, 78.430623], [17.120706666666667, 78.4306215], [17.120711833333335, 78.43062], [17.12071716666667, 78.43061850000001], [17.120722833333332, 78.430617], [17.120728666666665, 78.4306155], [17.120734000000002, 78.43061416666666], [17.1207395, 78.43061266666668], [17.120745333333332, 78.43061116666667], [17.120751, 78.43060966666667], [17.12075616666667, 78.43060816666666], [17.120761, 78.43060666666666], [17.1207665, 78.43060516666667], [17.120772666666667, 78.4306035], [17.120777999999998, 78.430602], [17.120783, 78.43060066666666], [17.120788833333332, 78.43059916666667], [17.12079483333333, 78.4305975], [17.120800666666664, 78.430596], [17.120806333333334, 78.43059450000001], [17.12081166666667, 78.43059316666667], [17.12081733333333, 78.4305915], [17.120822999999998, 78.43059], [17.120828333333336, 78.43058850000001], [17.120833333333334, 78.430587], [17.120838833333334, 78.4305855], [17.120844666666667, 78.430584], [17.120849833333335, 78.4305825], [17.120854833333333, 78.430581], [17.120860666666665, 78.43057950000001], [17.12086683333333, 78.430578], [17.120872333333335, 78.4305765], [17.12087766666667, 78.430575], [17.12088333333333, 78.43057350000001], [17.120889, 78.430572], [17.120894833333335, 78.4305705], [17.1209, 78.430569], [17.120905333333333, 78.43056750000001], [17.120910833333333, 78.430566], [17.1209165, 78.4305645], [17.120922, 78.43056299999999], [17.120927166666668, 78.43056150000001], [17.120932999999997, 78.43056], [17.120938666666667, 78.43055833333332], [17.120944333333334, 78.430557], [17.120949833333334, 78.43055550000001], [17.120955166666665, 78.430554], [17.120960833333335, 78.43055233333332], [17.120966666666668, 78.430551], [17.120972, 78.43054950000001], [17.120977333333332, 78.430548], [17.120982666666666, 78.4305465], [17.120988333333333, 78.43054483333334], [17.120993833333333, 78.43054350000001], [17.120998999999998, 78.430542], [17.1210045, 78.43054033333333], [17.121010166666668, 78.43053866666668], [17.121015666666665, 78.43053716666667], [17.121020833333333, 78.43053566666667], [17.121026333333337, 78.43053416666666], [17.1210315, 78.4305325], [17.1210365, 78.430531], [17.121042166666665, 78.43052949999999], [17.121047333333333, 78.43052800000001], [17.121052833333334, 78.43052633333333], [17.121058166666668, 78.43052483333332], [17.121063666666664, 78.43052333333334], [17.121069166666665, 78.43052183333333], [17.121074500000002, 78.43052016666667], [17.121079833333333, 78.43051866666666], [17.121085166666667, 78.43051716666668], [17.121090666666664, 78.4305155], [17.121095333333336, 78.43051399999999], [17.121100333333334, 78.4305125], [17.121105666666665, 78.43051083333333], [17.121110666666667, 78.43050933333333], [17.121115666666665, 78.43050766666667], [17.121120833333336, 78.43050616666666], [17.121126, 78.43050450000001], [17.1211315, 78.43050283333334], [17.1211365, 78.43050133333332], [17.121141666666666, 78.43049966666668], [17.121146500000002, 78.43049816666667], [17.1211515, 78.43049649999999], [17.12115633333333, 78.43049483333333], [17.121161166666663, 78.43049333333333], [17.121166333333335, 78.43049166666667], [17.121171, 78.43048999999999], [17.121175666666666, 78.43048833333334], [17.12118033333333, 78.43048666666667], [17.121185333333337, 78.43048516666666], [17.121190000000002, 78.43048350000001], [17.1211945, 78.43048183333333], [17.121199333333333, 78.43048016666667], [17.121203833333333, 78.43047849999999], [17.121208000000003, 78.43047683333333], [17.121212833333335, 78.43047516666667], [17.121217333333334, 78.43047333333334], [17.1212215, 78.43047166666666], [17.121226, 78.43047], [17.12123066666667, 78.43046816666667], [17.121235000000002, 78.4304665], [17.1212395, 78.43046483333333], [17.12124383333333, 78.43046316666667], [17.1212485, 78.43046133333334], [17.121252833333333, 78.43045966666666], [17.121257, 78.430458], [17.121261333333333, 78.43045633333332], [17.121265666666666, 78.4304545], [17.121270166666665, 78.43045283333332], [17.121274500000002, 78.43045116666667], [17.121279, 78.4304495], [17.121283666666667, 78.43044766666667], [17.121287833333334, 78.430446], [17.121292166666667, 78.43044433333333], [17.121296500000003, 78.43044266666668], [17.121301000000003, 78.43044083333332], [17.121305500000002, 78.43043916666667], [17.121309666666665, 78.4304375], [17.121313833333332, 78.43043583333333], [17.121318, 78.430434], [17.121322000000003, 78.43043216666666], [17.12132666666667, 78.4304305], [17.12133083333333, 78.43042866666666], [17.121335, 78.430427], [17.12133933333333, 78.43042516666667], [17.121343833333334, 78.4304235], [17.121348, 78.43042183333334], [17.121352333333334, 78.43042], [17.1213565, 78.43041833333334], [17.12136083333333, 78.4304165], [17.121365166666667, 78.43041483333333], [17.1213695, 78.43041316666667], [17.1213735, 78.43041133333332], [17.121377833333334, 78.4304095], [17.121382, 78.43040783333332], [17.12138633333333, 78.43040616666667], [17.121390666666667, 78.43040433333334], [17.121394666666667, 78.4304025], [17.121399, 78.43040083333334], [17.121403333333333, 78.43039900000001], [17.12140733333333, 78.43039733333333], [17.1214115, 78.4303955], [17.121415833333334, 78.43039383333333], [17.12142, 78.43039216666666], [17.121424333333334, 78.43039033333334], [17.12142833333333, 78.43038866666667], [17.121432666666667, 78.43038683333333], [17.12143766666667, 78.43038516666667], [17.121441833333332, 78.4303835], [17.121446, 78.43038166666666], [17.121450166666666, 78.43037983333333], [17.12145466666667, 78.43037816666667], [17.121459, 78.43037633333333], [17.121463000000002, 78.43037466666667], [17.1214675, 78.43037299999999], [17.1214715, 78.43037116666666], [17.121475333333333, 78.43036950000001], [17.121479833333336, 78.43036783333334], [17.121484333333335, 78.430366], [17.121488499999998, 78.43036433333333], [17.12149283333333, 78.43036266666667], [17.121497166666664, 78.43036083333332], [17.121501333333335, 78.43035916666666], [17.121505833333334, 78.43035733333333], [17.121510333333333, 78.43035566666667], [17.1215145, 78.43035400000001], [17.121518666666667, 78.43035216666667], [17.121523, 78.4303505], [17.121527333333333, 78.43034866666667], [17.1215315, 78.430347], [17.1215355, 78.43034533333334], [17.12154, 78.43034349999999], [17.121544500000002, 78.43034183333333], [17.12154866666667, 78.43033999999999], [17.121552833333332, 78.43033833333334], [17.12155733333333, 78.43033666666666], [17.12156183333333, 78.430335], [17.121565999999998, 78.43033316666667], [17.121570166666668, 78.4303315], [17.1215745, 78.43032983333333], [17.121579, 78.43032799999999], [17.121583333333334, 78.43032633333334], [17.12158733333333, 78.43032450000001], [17.121591666666667, 78.43032283333334], [17.121596166666667, 78.43032116666667], [17.121600333333333, 78.43031933333333], [17.121604333333334, 78.43031766666667], [17.121608666666667, 78.43031599999999], [17.121613, 78.43031433333334], [17.121617333333333, 78.4303125], [17.121621666666666, 78.43031083333334], [17.121626166666665, 78.43030900000001], [17.121630166666666, 78.43030733333333], [17.121634500000003, 78.43030566666667], [17.121639166666668, 78.43030399999999], [17.121643, 78.43030216666666], [17.121647, 78.4303005], [17.121651333333332, 78.43029866666667], [17.121655999999998, 78.43029700000001], [17.12166016666667, 78.43029533333333], [17.12166416666667, 78.4302935], [17.1216685, 78.43029183333333], [17.121672666666665, 78.43029016666667], [17.121677, 78.43028833333332], [17.121681666666667, 78.43028666666667], [17.121686166666667, 78.430285], [17.121690166666667, 78.43028316666667], [17.1216945, 78.4302815], [17.121698499999997, 78.43027983333333], [17.121703, 78.430278], [17.121707333333333, 78.43027633333332], [17.1217115, 78.43027466666668], [17.121715833333333, 78.430273], [17.121720166666666, 78.43027116666667], [17.121724500000003, 78.4302695], [17.121728833333336, 78.43026783333333], [17.12173316666667, 78.43026616666666], [17.121738, 78.4302645], [17.121741999999998, 78.43026266666668], [17.121745999999998, 78.430261], [17.1217505, 78.43025933333334], [17.121755, 78.4302575], [17.121759166666667, 78.43025583333333], [17.121763333333334, 78.43025416666666], [17.121767499999997, 78.43025250000001], [17.121772166666666, 78.43025066666668], [17.1217765, 78.430249], [17.1217805, 78.43024733333333], [17.121785166666665, 78.43024566666666], [17.121789333333332, 78.43024383333334], [17.121793333333336, 78.43024216666666], [17.121797833333336, 78.43024050000001], [17.121802, 78.43023883333333], [17.121806166666666, 78.430237], [17.121810333333332, 78.43023533333333], [17.121814833333335, 78.43023366666667], [17.121819333333335, 78.43023199999999], [17.121824, 78.43023033333334], [17.121828166666667, 78.43022866666666], [17.121832666666666, 78.43022683333334], [17.121837333333335, 78.43022516666666], [17.12184166666667, 78.4302235], [17.121846, 78.43022183333332], [17.121850333333335, 78.43021999999999], [17.121854833333334, 78.43021833333334], [17.121859166666663, 78.43021666666667], [17.1218635, 78.430215], [17.121867666666667, 78.43021333333333], [17.121872333333332, 78.43021166666668], [17.121876999999998, 78.43021], [17.121881166666665, 78.43020833333334], [17.12188516666667, 78.43020666666666], [17.121889666666668, 78.43020499999999], [17.121894166666667, 78.43020316666666], [17.121898666666667, 78.43020150000001], [17.121903, 78.4302], [17.121907333333336, 78.43019833333332], [17.1219115, 78.43019666666667], [17.121916333333335, 78.43019483333335], [17.121920833333334, 78.43019316666667], [17.121925333333333, 78.4301915], [17.1219295, 78.43018983333333], [17.121934, 78.43018816666667], [17.121938666666665, 78.4301865], [17.121942999999998, 78.43018483333334], [17.121947166666665, 78.43018316666667], [17.1219515, 78.43018149999999], [17.121956333333333, 78.43017983333334], [17.121960833333333, 78.43017816666666], [17.121965166666666, 78.4301765], [17.1219695, 78.43017483333333], [17.121974333333334, 78.43017316666666], [17.121978666666667, 78.4301715], [17.121982833333334, 78.43016983333334], [17.121987, 78.43016816666666], [17.121991666666666, 78.43016633333333], [17.12199616666667, 78.43016466666667], [17.122000333333336, 78.430163], [17.122004333333333, 78.43016133333334], [17.122009, 78.43015966666667], [17.122013666666664, 78.43015799999999], [17.122017833333334, 78.43015633333333], [17.122021833333335, 78.4301545], [17.1220265, 78.43015283333334], [17.122031, 78.43015116666668], [17.122035166666667, 78.4301495], [17.122039166666664, 78.43014783333334], [17.122043833333333, 78.43014616666666], [17.122048333333332, 78.43014450000001], [17.122052666666665, 78.43014283333333], [17.1220565, 78.43014116666667], [17.122060833333332, 78.43013933333333], [17.1220655, 78.43013766666667], [17.12207, 78.43013616666667], [17.122074, 78.43013433333334], [17.122078, 78.43013266666667], [17.122082499999998, 78.430131], [17.122086666666668, 78.43012933333333], [17.122090833333335, 78.43012766666668], [17.122095, 78.430126], [17.12209933333333, 78.43012433333334], [17.122103666666664, 78.43012266666666], [17.122107500000002, 78.430121], [17.12211166666667, 78.43011933333334], [17.122116000000002, 78.43011750000001], [17.122119833333333, 78.43011583333333], [17.122124166666666, 78.43011416666667], [17.1221285, 78.43011249999999], [17.122132833333335, 78.43011083333334], [17.122136666666666, 78.43010916666667], [17.1221415, 78.4301075], [17.122146, 78.43010583333333], [17.12214983333333, 78.43010416666667], [17.122154166666668, 78.4301025], [17.122158333333335, 78.43010083333334], [17.122162666666668, 78.43009916666666], [17.12216683333333, 78.4300975], [17.122171166666664, 78.43009583333334], [17.122175333333335, 78.43009416666668], [17.122179333333335, 78.4300925], [17.12218366666667, 78.43009083333332], [17.122188333333334, 78.43008916666666], [17.1221925, 78.4300875], [17.122196666666664, 78.43008583333334], [17.122201, 78.43008416666666], [17.122205166666667, 78.4300825], [17.122209333333334, 78.43008083333334], [17.122213666666667, 78.43007916666667], [17.12221783333333, 78.4300775], [17.122222, 78.43007583333333], [17.122226166666668, 78.43007416666666], [17.1222305, 78.43007250000001], [17.122234833333334, 78.43007083333333], [17.122239, 78.43006916666667], [17.122243166666667, 78.43006749999999], [17.122247333333334, 78.43006583333334], [17.122251833333333, 78.43006433333333], [17.122256, 78.43006266666666], [17.12226, 78.430061], [17.122263999999998, 78.43005933333333], [17.1222685, 78.43005766666667], [17.122273, 78.43005616666666], [17.122277333333333, 78.43005450000001], [17.122281333333333, 78.43005283333333], [17.12228533333333, 78.43005116666667], [17.122289666666667, 78.4300495], [17.122294166666666, 78.43004783333335], [17.1222985, 78.43004633333334], [17.122302833333332, 78.43004466666666], [17.122307, 78.430043], [17.122311333333336, 78.43004133333334], [17.1223155, 78.43003966666667], [17.122319833333332, 78.430038], [17.12232433333333, 78.43003633333333], [17.122328333333332, 78.43003466666667], [17.122332833333335, 78.43003300000001], [17.122337166666668, 78.43003133333333], [17.1223415, 78.43002966666667], [17.122346, 78.43002816666667], [17.122350333333333, 78.4300265], [17.122354499999997, 78.43002483333333], [17.122359, 78.43002316666666], [17.122363333333332, 78.43002150000001], [17.122367833333332, 78.43001983333333], [17.122372166666665, 78.43001816666667], [17.122376499999998, 78.4300165], [17.122381, 78.43001483333335], [17.1223855, 78.43001333333333], [17.122389666666667, 78.43001166666666], [17.122394, 78.43001], [17.12239883333333, 78.43000833333333], [17.12240316666667, 78.43000666666667], [17.12240716666667, 78.430005], [17.1224115, 78.43000333333333], [17.12241583333333, 78.43000166666667], [17.12242033333333, 78.43], [17.122425, 78.42999833333333], [17.122429166666667, 78.42999666666667], [17.1224335, 78.42999499999999], [17.1224375, 78.4299935], [17.122441833333333, 78.42999166666667], [17.12244666666667, 78.42999016666666], [17.122451, 78.42998833333333], [17.122455333333335, 78.42998683333333], [17.122459666666668, 78.42998516666667], [17.122464166666667, 78.42998349999999], [17.1224685, 78.42998166666666], [17.122473, 78.42997999999999], [17.122477333333332, 78.4299785], [17.122481666666665, 78.42997683333333], [17.122486, 78.42997516666667], [17.12249016666667, 78.42997333333332], [17.122494666666668, 78.42997166666667], [17.122499166666667, 78.42997016666666], [17.122503666666667, 78.4299685], [17.122507833333334, 78.42996666666666], [17.12251216666667, 78.429965], [17.122517000000002, 78.42996333333333], [17.122521, 78.42996166666667], [17.122525333333332, 78.42996016666666], [17.12252983333333, 78.42995850000001], [17.122534166666664, 78.42995683333334], [17.122538833333333, 78.42995516666666], [17.1225435, 78.4299535], [17.122547833333332, 78.42995183333333], [17.122551833333333, 78.42995016666667], [17.122556333333332, 78.4299485], [17.122561, 78.42994683333333], [17.122565166666668, 78.42994516666666], [17.122569166666665, 78.42994350000001], [17.12257333333333, 78.42994183333333], [17.122577666666665, 78.42994016666667], [17.122582333333334, 78.42993849999999], [17.122586666666667, 78.42993683333334], [17.122590666666667, 78.42993516666667], [17.122594833333334, 78.4299335], [17.1225995, 78.42993183333333], [17.122603833333336, 78.42993016666667], [17.122607833333333, 78.4299285], [17.122611666666668, 78.42992683333334], [17.122616166666667, 78.42992516666666], [17.122620666666666, 78.4299235], [17.122624833333337, 78.42992183333334], [17.122628666666667, 78.42992016666668], [17.122633, 78.42991833333333], [17.1226375, 78.42991666666667], [17.122642, 78.429915], [17.122646, 78.42991350000001], [17.122650166666666, 78.42991166666667], [17.1226545, 78.42991], [17.122658833333332, 78.4299085], [17.122662833333333, 78.42990683333333], [17.1226675, 78.42990516666667], [17.122671166666667, 78.4299035], [17.1226755, 78.42990183333333], [17.12268, 78.42990016666666], [17.1226845, 78.42989850000001], [17.1226885, 78.42989683333333], [17.122692500000003, 78.42989516666667], [17.122696833333336, 78.42989349999999], [17.122701166666666, 78.42989183333334], [17.122705, 78.42989016666667], [17.122709333333333, 78.4298885], [17.122713833333332, 78.42988683333333], [17.122718000000003, 78.42988516666666], [17.122722, 78.42988366666667], [17.122726166666666, 78.42988199999999], [17.1227305, 78.42988016666666], [17.122734333333334, 78.42987866666667], [17.122738333333334, 78.429877], [17.122742666666667, 78.42987533333333], [17.122746833333334, 78.42987366666667], [17.122750833333335, 78.42987199999999], [17.122754999999998, 78.42987033333334], [17.122759, 78.42986866666666], [17.122763666666668, 78.429867], [17.122767833333334, 78.42986533333332], [17.1227715, 78.4298635], [17.122775833333332, 78.42986183333333], [17.12278, 78.42986016666667], [17.12278416666667, 78.4298585], [17.122788500000002, 78.42985683333333], [17.1227925, 78.42985516666666], [17.122796833333332, 78.42985366666667], [17.122801, 78.42985183333333], [17.12280516666667, 78.42985016666667], [17.122809500000002, 78.42984849999999], [17.122813833333332, 78.42984683333334], [17.122817833333333, 78.42984533333333], [17.122822166666666, 78.4298435], [17.1228265, 78.429842], [17.122831, 78.42984033333333], [17.122835000000002, 78.42983866666667], [17.122839666666668, 78.42983699999999], [17.12284383333333, 78.42983533333333], [17.122848166666664, 78.42983366666667], [17.1228525, 78.429832], [17.122856833333334, 78.42983033333333], [17.122860833333334, 78.42982866666667], [17.122865, 78.42982699999999], [17.12286933333333, 78.42982533333334], [17.122873666666667, 78.42982366666666], [17.122878, 78.429822], [17.122882, 78.42982033333332], [17.12288583333333, 78.42981883333333], [17.12289033333333, 78.429817], [17.122894666666664, 78.42981533333334], [17.122898833333334, 78.42981383333334], [17.122902833333335, 78.42981216666666], [17.1229075, 78.4298105], [17.122911666666667, 78.42980883333333], [17.12291583333333, 78.42980716666666], [17.122920166666667, 78.4298055], [17.1229245, 78.42980383333334], [17.122928666666667, 78.42980216666666], [17.122933, 78.4298005], [17.122937166666667, 78.42979883333334], [17.122941500000003, 78.42979733333333], [17.122945666666666, 78.42979566666666], [17.12295, 78.42979399999999], [17.1229545, 78.42979233333334], [17.1229585, 78.42979066666666], [17.122963000000002, 78.429789], [17.122967333333335, 78.42978733333332], [17.12297166666667, 78.42978566666667], [17.122976166666668, 78.429784], [17.12298, 78.4297825], [17.122984166666665, 78.42978083333334], [17.122989, 78.42977916666668], [17.122993, 78.4297775], [17.122997166666668, 78.42977583333332], [17.1230015, 78.42977416666666], [17.123006, 78.4297725], [17.123010166666667, 78.42977083333334], [17.123014166666668, 78.42976916666666], [17.123018666666667, 78.4297675], [17.123023, 78.42976583333333], [17.123027333333333, 78.42976416666667], [17.123031833333336, 78.42976266666666], [17.123036000000003, 78.429761], [17.123040166666666, 78.42975933333334], [17.123044666666665, 78.42975766666667], [17.123049166666664, 78.429756], [17.12305316666667, 78.4297545], [17.123057333333335, 78.42975283333334], [17.123061833333335, 78.42975116666666], [17.123066166666668, 78.4297495], [17.123070499999997, 78.42974783333334], [17.12307483333333, 78.42974616666667], [17.123079166666667, 78.4297445], [17.1230835, 78.42974283333334], [17.123087833333333, 78.42974116666666], [17.123092333333332, 78.42973966666666], [17.1230965, 78.42973783333333], [17.123101000000002, 78.42973633333332], [17.1231055, 78.42973466666668], [17.123109666666668, 78.429733], [17.12311383333333, 78.42973133333334], [17.123118499999997, 78.42972966666666], [17.1231225, 78.429728], [17.123126666666668, 78.42972633333333], [17.123131166666667, 78.42972466666667], [17.1231355, 78.429723], [17.12313933333333, 78.42972133333333], [17.123143000000002, 78.42971983333334], [17.1231465, 78.4297185], [17.123149833333333, 78.42971716666666], [17.123152666666666, 78.42971583333333], [17.123155, 78.42971466666667], [17.123157666666668, 78.42971349999999], [17.123160166666665, 78.42971250000001], [17.123162333333333, 78.42971133333334], [17.12316433333333, 78.42971033333333], [17.123166333333334, 78.4297095], [17.123168333333336, 78.4297085], [17.123169833333336, 78.42970749999999], [17.1231715, 78.42970666666666], [17.123173, 78.42970583333334], [17.1231745, 78.429705], [17.123175833333335, 78.42970416666667], [17.123177, 78.42970333333332], [17.123178333333332, 78.4297025], [17.123179333333333, 78.42970183333334], [17.1231805, 78.429701], [17.123181499999998, 78.42970033333333], [17.123182666666665, 78.4296995], [17.123183833333332, 78.42969883333333], [17.123184499999997, 78.42969816666667], [17.123185499999998, 78.4296975], [17.1231865, 78.42969683333334], [17.123187166666664, 78.42969616666666], [17.12318766666667, 78.4296955], [17.123188666666668, 78.42969483333333], [17.123189500000002, 78.42969433333333], [17.123189833333335, 78.42969366666667], [17.123190333333334, 78.429693], [17.12319116666667, 78.42969233333334], [17.123192, 78.42969183333334], [17.123192333333336, 78.42969116666667], [17.123192833333334, 78.4296905], [17.123193333333333, 78.42969], [17.12319366666667, 78.42968933333333], [17.123194, 78.42968883333333], [17.1231945, 78.42968816666666], [17.123194833333333, 78.42968766666667], [17.123194833333333, 78.42968716666665], [17.12319516666667, 78.42968666666667], [17.1231955, 78.42968616666667], [17.123196, 78.42968566666667], [17.123196, 78.42968516666666], [17.123196, 78.42968466666666], [17.123196166666666, 78.42968416666666], [17.123196333333333, 78.42968366666668], [17.123196333333333, 78.42968316666666], [17.1231965, 78.42968266666666], [17.123196333333333, 78.42968216666667], [17.1231965, 78.42968166666667], [17.12319666666667, 78.42968116666665], [17.1231965, 78.42968083333334], [17.12319666666667, 78.42968033333334], [17.123196833333335, 78.42967983333332], [17.123196833333335, 78.4296795], [17.12319666666667, 78.42967900000001], [17.12319666666667, 78.42967866666666], [17.123196833333335, 78.42967816666666], [17.1231965, 78.42967783333333], [17.123196333333333, 78.4296775], [17.123196333333333, 78.42967700000001], [17.123196166666666, 78.42967666666667], [17.123196, 78.42967616666667], [17.123195833333334, 78.42967583333333], [17.123195833333334, 78.4296755], [17.123195666666668, 78.42967516666666], [17.123195333333335, 78.42967466666667], [17.123195333333335, 78.42967433333334], [17.123195333333335, 78.429674], [17.123194833333333, 78.42967366666667], [17.1231945, 78.42967333333333], [17.123194666666667, 78.42967300000001], [17.123194666666667, 78.42967266666666], [17.123194, 78.42967216666666], [17.123193833333335, 78.42967183333333], [17.123193833333335, 78.4296715], [17.1231935, 78.42967116666667], [17.123192833333334, 78.42967083333333], [17.123192833333334, 78.4296705], [17.123192666666668, 78.42967016666667], [17.123192, 78.42966983333334], [17.123191666666667, 78.4296695], [17.1231915, 78.42966916666666], [17.123191333333335, 78.42966883333334], [17.123191000000002, 78.42966849999999], [17.1231905, 78.42966816666667], [17.12319, 78.42966783333333], [17.123189833333335, 78.42966750000001], [17.123189333333336, 78.42966716666666], [17.123188666666668, 78.42966683333334], [17.12318816666667, 78.4296665], [17.12318766666667, 78.42966616666666], [17.12318733333333, 78.42966583333333], [17.12318683333333, 78.4296655], [17.123186333333333, 78.42966516666667], [17.123185666666664, 78.42966483333333], [17.123185166666666, 78.4296645], [17.123184666666667, 78.42966416666667], [17.12318433333333, 78.429664], [17.123183666666666, 78.42966366666666], [17.123183166666667, 78.42966333333334]]]}}]}