recorder_seconds,gps_utc_seconds,latitude,longitude,gps_valid,gps_quality
1788777113.659,1788776627.8,78.66196316666667,16.886747166666666,True,1
1788777113.858,1788776628.0,78.66196383333333,16.886738166666664,True,1
1788777114.057,1788776628.2,78.66196450000001,16.886729333333335,True,1
1788777114.258,1788776628.4,78.66196516666668,16.886720333333336,True,1
1788777114.469,1788776628.6,78.66196583333334,16.8867115,True,1
1788777114.657,1788776628.8,78.6619665,16.886702500000002,True,1
1788777114.86,1788776629.0,78.66196716666667,16.886693666666666,True,1
1788777115.058,1788776629.2,78.66196799999999,16.886684333333335,True,1
1788777115.257,1788776629.4,78.6619685,16.886675500000003,True,1
1788777115.456,1788776629.6,78.66196933333335,16.886666333333334,True,1
1788777115.657,1788776629.8,78.66197000000001,16.886656833333333,True,1
1788777115.857,1788776630.0,78.66197066666668,16.886647666666665,True,1
1788777116.058,1788776630.2,78.66197133333334,16.8866385,True,1
1788777116.259,1788776630.4,78.661972,16.88662916666667,True,1
1788777116.455,1788776630.6,78.66197283333332,16.88662,True,1
1788777116.658,1788776630.8,78.6619735,16.886610666666666,True,1
1788777116.856,1788776631.0,78.66197433333333,16.886601666666664,True,1
1788777117.058,1788776631.2,78.661975,16.886592666666665,True,1
1788777117.254,1788776631.4,78.66197566666666,16.886583499999997,True,1
1788777117.454,1788776631.6,78.66197633333333,16.886574,True,1
1788777117.658,1788776631.8,78.66197716666667,16.88656466666667,True,1
1788777117.857,1788776632.0,78.661978,16.886555666666666,True,1
1788777118.056,1788776632.2,78.66197866666667,16.8865465,True,1
1788777118.256,1788776632.4,78.66197933333333,16.88653683333333,True,1
1788777118.457,1788776632.6,78.66198016666667,16.886527333333333,True,1
1788777118.658,1788776632.8,78.661981,16.886517833333336,True,1
1788777118.858,1788776633.0,78.66198166666666,16.886508666666668,True,1
1788777119.058,1788776633.2,78.66198250000001,16.886499166666667,True,1
1788777119.257,1788776633.4,78.66198333333334,16.88649,True,1
1788777119.457,1788776633.6,78.661984,16.886480833333334,True,1
1788777119.658,1788776633.8,78.66198466666667,16.88647166666667,True,1
1788777119.86,1788776634.0,78.66198533333333,16.886462666666667,True,1
1788777120.056,1788776634.2,78.66198616666667,16.886453500000002,True,1
1788777120.258,1788776634.4,78.66198683333333,16.886444166666667,True,1
1788777120.459,1788776634.6,78.6619875,16.886435,True,1
1788777120.658,1788776634.8,78.66198816666666,16.886425999999997,True,1
1788777120.855,1788776635.0,78.66198899999999,16.886416666666666,True,1
1788777121.059,1788776635.2,78.66198966666666,16.8864075,True,1
1788777121.258,1788776635.4,78.66199033333334,16.8863985,True,1
1788777121.456,1788776635.6,78.66199116666667,16.886389166666667,True,1
1788777121.658,1788776635.8,78.66199183333333,16.88638,True,1
1788777121.857,1788776636.0,78.66199266666666,16.886371,True,1
1788777122.058,1788776636.2,78.66199333333334,16.886362000000002,True,1
1788777122.257,1788776636.4,78.66199416666667,16.886352666666667,True,1
1788777122.457,1788776636.6,78.66199483333334,16.886343166666666,True,1
1788777122.658,1788776636.8,78.66199566666666,16.88633383333333,True,1
1788777122.858,1788776637.0,78.66199633333333,16.886324833333333,True,1
1788777123.059,1788776637.2,78.66199716666667,16.886316,True,1
1788777123.257,1788776637.4,78.661998,16.886307,True,1
1788777123.457,1788776637.6,78.66199883333334,16.886297833333334,True,1
1788777123.656,1788776637.8,78.66199950000001,16.886288666666665,True,1
1788777123.858,1788776638.0,78.66200033333332,16.8862795,True,1
1788777124.059,1788776638.2,78.66200116666667,16.886270333333336,True,1
1788777124.257,1788776638.4,78.662002,16.886261,True,1
1788777124.457,1788776638.6,78.66200283333333,16.886251666666666,True,1
1788777124.659,1788776638.8,78.66200366666666,16.886242499999998,True,1
1788777124.867,1788776639.0,78.6620045,16.886233,True,1
1788777125.058,1788776639.2,78.66200533333334,16.886223500000003,True,1
1788777125.258,1788776639.4,78.66200616666667,16.886214166666665,True,1
1788777125.461,1788776639.6,78.66200716666667,16.886204833333334,True,1
1788777125.656,1788776639.8,78.66200783333333,16.8861955,True,1
1788777125.857,1788776640.0,78.66200866666667,16.886186333333335,True,1
1788777126.063,1788776640.2,78.66200950000001,16.886177166666666,True,1
1788777126.256,1788776640.4,78.66201016666668,16.886168,True,1
1788777126.458,1788776640.6,78.66201099999999,16.886158666666667,True,1
1788777126.658,1788776640.8,78.66201183333332,16.8861495,True,1
1788777126.858,1788776641.0,78.66201266666667,16.8861405,True,1
1788777127.058,1788776641.2,78.6620135,16.886131166666665,True,1
1788777127.256,1788776641.4,78.66201416666667,16.886122,True,1
1788777127.455,1788776641.6,78.66201500000001,16.88611266666667,True,1
1788777127.657,1788776641.8,78.66201583333333,16.88610333333333,True,1
1788777127.858,1788776642.0,78.66201666666666,16.886094,True,1
1788777128.058,1788776642.2,78.6620175,16.886084666666665,True,1
1788777128.254,1788776642.4,78.66201816666667,16.886075333333334,True,1
1788777128.455,1788776642.6,78.662019,16.886066000000003,True,1
1788777128.658,1788776642.8,78.66201983333333,16.886056666666665,True,1
1788777128.856,1788776643.0,78.66202066666666,16.8860475,True,1
1788777129.064,1788776643.2,78.66202133333333,16.886038499999998,True,1
1788777129.256,1788776643.4,78.66202216666667,16.886029,True,1
1788777129.455,1788776643.6,78.66202283333334,16.8860195,True,1
1788777129.657,1788776643.8,78.66202366666667,16.886010333333335,True,1
1788777129.856,1788776644.0,78.6620245,16.886001333333336,True,1
1788777130.055,1788776644.2,78.66202533333333,16.885991833333332,True,1
1788777130.256,1788776644.4,78.662026,16.88598216666667,True,1
1788777130.457,1788776644.6,78.66202683333333,16.885972499999998,True,1
1788777130.661,1788776644.8,78.66202766666667,16.8859635,True,1
1788777130.857,1788776645.0,78.66202833333334,16.885954333333334,True,1
1788777131.055,1788776645.2,78.66202916666666,16.885944666666667,True,1
1788777131.256,1788776645.4,78.66203,16.885935,True,1
1788777131.455,1788776645.6,78.66203066666667,16.885925666666665,True,1
1788777131.657,1788776645.8,78.6620315,16.885916666666667,True,1
1788777131.857,1788776646.0,78.66203233333334,16.8859075,True,1
1788777132.058,1788776646.2,78.66203300000001,16.885898166666667,True,1
1788777132.26,1788776646.4,78.66203383333333,16.885888833333336,True,1
1788777132.458,1788776646.6,78.66203449999999,16.885879833333334,True,1
1788777132.657,1788776646.8,78.66203533333334,16.885871,True,1
1788777132.858,1788776647.0,78.66203616666667,16.885861666666663,True,1
1788777133.058,1788776647.2,78.662037,16.885852333333332,True,1
1788777133.258,1788776647.4,78.66203766666666,16.885842833333335,True,1
1788777133.457,1788776647.6,78.66203833333334,16.885833833333333,True,1
1788777133.657,1788776647.8,78.66203916666667,16.885824500000002,True,1
1788777133.857,1788776648.0,78.66203999999999,16.885814999999997,True,1
1788777134.06,1788776648.2,78.66204083333334,16.885805666666666,True,1
1788777134.26,1788776648.4,78.6620415,16.8857965,True,1
1788777134.46,1788776648.6,78.66204233333333,16.885787666666666,True,1
1788777134.659,1788776648.8,78.662043,16.885778166666668,True,1
1788777134.857,1788776649.0,78.66204383333334,16.885768666666667,True,1
1788777135.059,1788776649.2,78.66204466666666,16.885759333333333,True,1
1788777135.256,1788776649.4,78.66204533333332,16.88575033333333,True,1
1788777135.457,1788776649.6,78.66204616666667,16.885741166666666,True,1
1788777135.659,1788776649.8,78.662047,16.885732,True,1
1788777135.857,1788776650.0,78.66204766666667,16.885722833333332,True,1
1788777136.058,1788776650.2,78.66204850000001,16.885713666666668,True,1
1788777136.257,1788776650.4,78.66204933333333,16.885704333333333,True,1
1788777136.458,1788776650.6,78.66205,16.885695166666668,True,1
1788777136.656,1788776650.8,78.66205083333332,16.885685833333334,True,1
1788777136.858,1788776651.0,78.6620515,16.885676666666665,True,1
1788777137.057,1788776651.2,78.66205233333334,16.885667333333334,True,1
1788777137.256,1788776651.4,78.662053,16.885658,True,1
1788777137.456,1788776651.6,78.66205383333333,16.885648833333335,True,1
1788777137.657,1788776651.8,78.66205466666666,16.885639333333334,True,1
1788777137.86,1788776652.0,78.6620555,16.885630166666665,True,1
1788777138.053,1788776652.2,78.66205633333334,16.885620833333334,True,1
1788777138.255,1788776652.4,78.662057,16.8856115,True,1
1788777138.456,1788776652.6,78.66205783333334,16.88560216666667,True,1
1788777138.657,1788776652.8,78.6620585,16.885592666666664,True,1
1788777138.857,1788776653.0,78.66205933333335,16.885583333333333,True,1
1788777139.058,1788776653.2,78.66206016666666,16.885574000000002,True,1
1788777139.256,1788776653.4,78.662061,16.885564666666667,True,1
1788777139.454,1788776653.6,78.66206166666666,16.88555566666667,True,1
1788777139.657,1788776653.8,78.66206233333334,16.8855465,True,1
1788777139.858,1788776654.0,78.66206316666667,16.885537,True,1
1788777140.058,1788776654.2,78.66206383333333,16.88552766666667,True,1
1788777140.259,1788776654.4,78.66206466666667,16.8855185,True,1
1788777140.461,1788776654.6,78.6620655,16.88550916666667,True,1
1788777140.656,1788776654.8,78.66206616666666,16.885499666666664,True,1
1788777140.859,1788776655.0,78.662067,16.885490166666667,True,1
1788777141.062,1788776655.2,78.66206783333334,16.885480833333336,True,1
1788777141.258,1788776655.4,78.66206866666667,16.8854715,True,1
1788777141.457,1788776655.6,78.6620695,16.885462,True,1
1788777141.656,1788776655.8,78.66207033333333,16.885452666666666,True,1
1788777141.857,1788776656.0,78.662071,16.885443333333335,True,1
1788777142.057,1788776656.2,78.66207166666666,16.885434,True,1
1788777142.253,1788776656.4,78.66207250000001,16.88542483333333,True,1
1788777142.458,1788776656.6,78.66207333333334,16.885415666666667,True,1
1788777142.658,1788776656.8,78.662074,16.885406333333332,True,1
1788777142.859,1788776657.0,78.66207483333332,16.885396833333335,True,1
1788777143.059,1788776657.2,78.6620755,16.8853875,True,1
1788777143.26,1788776657.4,78.66207633333333,16.885378,True,1
1788777143.458,1788776657.6,78.66207716666666,16.88536866666667,True,1
1788777143.658,1788776657.8,78.66207783333333,16.885359166666667,True,1
1788777143.857,1788776658.0,78.66207866666667,16.885349666666666,True,1
1788777144.059,1788776658.2,78.66207933333334,16.885340333333332,True,1
1788777144.258,1788776658.4,78.66208016666666,16.885330833333335,True,1
1788777144.458,1788776658.6,78.662081,16.88532133333333,True,1
1788777144.659,1788776658.8,78.66208166666667,16.885311833333333,True,1
1788777144.856,1788776659.0,78.6620825,16.8853025,True,1
1788777145.057,1788776659.2,78.66208333333334,16.885293166666667,True,1
1788777145.257,1788776659.4,78.66208400000001,16.885283833333336,True,1
1788777145.458,1788776659.6,78.66208483333334,16.885274166666665,True,1
1788777145.659,1788776659.8,78.6620855,16.885264666666668,True,1
1788777145.859,1788776660.0,78.66208633333333,16.885254999999997,True,1
1788777146.058,1788776660.2,78.662087,16.885245833333332,True,1
1788777146.258,1788776660.4,78.662088,16.885236333333335,True,1
1788777146.456,1788776660.6,78.66208866666666,16.885227166666667,True,1
1788777146.658,1788776660.8,78.66208933333334,16.885217833333336,True,1
1788777146.856,1788776661.0,78.66209016666667,16.88520833333333,True,1
1788777147.057,1788776661.2,78.66209083333334,16.885199166666666,True,1
1788777147.259,1788776661.4,78.66209166666665,16.885189833333335,True,1
1788777147.458,1788776661.6,78.66209233333333,16.8851805,True,1
1788777147.655,1788776661.8,78.66209316666666,16.885171166666666,True,1
1788777147.858,1788776662.0,78.66209383333333,16.88516183333333,True,1
1788777148.057,1788776662.2,78.66209466666666,16.885152333333334,True,1
1788777148.256,1788776662.4,78.66209533333334,16.885142833333337,True,1
1788777148.455,1788776662.6,78.66209616666667,16.8851335,True,1
1788777148.654,1788776662.8,78.66209699999999,16.885124,True,1
1788777148.857,1788776663.0,78.66209783333333,16.8851145,True,1
1788777149.054,1788776663.2,78.6620985,16.885105166666666,True,1
1788777149.254,1788776663.4,78.66209933333333,16.885095666666665,True,1
1788777149.454,1788776663.6,78.6621,16.885086166666667,True,1
1788777149.656,1788776663.8,78.66210083333334,16.885077000000003,True,1
1788777149.855,1788776664.0,78.6621015,16.885067833333334,True,1
1788777150.054,1788776664.2,78.66210233333332,16.885058666666666,True,1
1788777150.256,1788776664.4,78.66210316666667,16.88504933333333,True,1
1788777150.453,1788776664.6,78.66210383333333,16.885039833333334,True,1
1788777150.655,1788776664.8,78.6621045,16.885030333333336,True,1
1788777150.858,1788776665.0,78.66210533333333,16.885020833333332,True,1
1788777151.058,1788776665.2,78.66210616666667,16.8850115,True,1
1788777151.259,1788776665.4,78.66210683333334,16.885002333333333,True,1
1788777151.455,1788776665.6,78.6621075,16.884993166666668,True,1
1788777151.657,1788776665.8,78.66210833333334,16.884983666666667,True,1
1788777151.855,1788776666.0,78.662109,16.884974333333332,True,1
1788777152.056,1788776666.2,78.66210983333333,16.884965,True,1
1788777152.256,1788776666.4,78.66211066666666,16.884955833333333,True,1
1788777152.456,1788776666.6,78.66211133333333,16.884946666666668,True,1
1788777152.669,1788776666.8,78.66211216666667,16.8849375,True,1
1788777152.86,1788776667.0,78.66211283333334,16.88492816666667,True,1
1788777153.058,1788776667.2,78.6621135,16.884918833333334,True,1
1788777153.256,1788776667.4,78.66211433333334,16.884909666666665,True,1
1788777153.455,1788776667.6,78.66211516666667,16.884900166666668,True,1
1788777153.658,1788776667.8,78.66211583333333,16.884891,True,1
1788777153.858,1788776668.0,78.66211666666666,16.884882,True,1
1788777154.06,1788776668.2,78.66211733333333,16.88487266666667,True,1
1788777154.26,1788776668.4,78.66211816666667,16.884863166666666,True,1
1788777154.458,1788776668.6,78.66211883333334,16.884853833333334,True,1
1788777154.657,1788776668.8,78.6621195,16.8848445,True,1
1788777154.857,1788776669.0,78.66212033333333,16.88483516666667,True,1
1788777155.058,1788776669.2,78.662121,16.884825999999997,True,1
1788777155.257,1788776669.4,78.66212183333333,16.8848165,True,1
1788777155.461,1788776669.6,78.6621225,16.884807000000002,True,1
1788777155.66,1788776669.8,78.66212316666666,16.884798,True,1
1788777155.857,1788776670.0,78.66212399999999,16.884788833333335,True,1
1788777156.058,1788776670.2,78.66212466666666,16.884779666666667,True,1
1788777156.259,1788776670.4,78.6621255,16.884770333333332,True,1
1788777156.458,1788776670.6,78.66212616666667,16.884761166666667,True,1
1788777156.66,1788776670.8,78.66212683333333,16.884752,True,1
1788777156.858,1788776671.0,78.6621275,16.884742666666668,True,1
1788777157.059,1788776671.2,78.66212816666666,16.884733166666667,True,1
1788777157.257,1788776671.4,78.66212900000001,16.884724000000002,True,1
1788777157.458,1788776671.6,78.66212983333334,16.884714666666664,True,1
1788777157.657,1788776671.8,78.6621305,16.884705333333333,True,1
1788777157.857,1788776672.0,78.66213133333333,16.884696,True,1
1788777158.056,1788776672.2,78.662132,16.884686833333333,True,1
1788777158.255,1788776672.4,78.66213266666666,16.884678166666667,True,1
1788777158.457,1788776672.6,78.66213333333333,16.88466933333333,True,1
1788777158.655,1788776672.8,78.662134,16.884660166666666,True,1
1788777158.857,1788776673.0,78.66213466666666,16.884651,True,1
1788777159.057,1788776673.2,78.6621355,16.884642,True,1
1788777159.256,1788776673.4,78.66213616666667,16.884633166666667,True,1
1788777159.456,1788776673.6,78.66213683333334,16.884624,True,1
1788777159.655,1788776673.8,78.66213766666667,16.884614666666668,True,1
1788777159.857,1788776674.0,78.66213833333333,16.884605333333333,True,1
1788777160.056,1788776674.2,78.66213916666668,16.884596166666665,True,1
1788777160.255,1788776674.4,78.66213983333334,16.884587,True,1
1788777160.455,1788776674.6,78.66214066666666,16.88457783333333,True,1
1788777160.658,1788776674.8,78.66214133333332,16.884568666666667,True,1
1788777160.857,1788776675.0,78.66214216666667,16.8845595,True,1
1788777161.059,1788776675.2,78.66214283333333,16.884550166666667,True,1
1788777161.261,1788776675.4,78.66214366666667,16.884541333333335,True,1
1788777161.453,1788776675.6,78.66214433333333,16.884532333333333,True,1
1788777161.655,1788776675.8,78.66214516666668,16.884523,True,1
1788777161.855,1788776676.0,78.66214583333334,16.884513666666667,True,1
1788777162.058,1788776676.2,78.6621465,16.8845045,True,1
1788777162.26,1788776676.4,78.66214733333332,16.884495333333334,True,1
1788777162.457,1788776676.6,78.66214816666667,16.884486,True,1
1788777162.656,1788776676.8,78.66214883333333,16.884476666666668,True,1
1788777162.853,1788776677.0,78.66214966666666,16.884467500000003,True,1
1788777163.057,1788776677.2,78.66215033333333,16.884458333333335,True,1
1788777163.255,1788776677.4,78.66215116666667,16.884449166666666,True,1
1788777163.456,1788776677.6,78.662152,16.88443983333333,True,1
1788777163.658,1788776677.8,78.66215283333332,16.8844305,True,1
1788777163.857,1788776678.0,78.6621535,16.8844215,True,1
1788777164.057,1788776678.2,78.66215433333333,16.884412333333334,True,1
1788777164.257,1788776678.4,78.662155,16.88440316666667,True,1
1788777164.458,1788776678.6,78.66215583333333,16.884394,True,1
1788777164.659,1788776678.8,78.66215650000001,16.884384666666666,True,1
1788777164.857,1788776679.0,78.66215733333334,16.884375666666664,True,1
1788777165.058,1788776679.2,78.662158,16.8843665,True,1
1788777165.258,1788776679.4,78.66215866666667,16.884357333333334,True,1
1788777165.458,1788776679.6,78.6621595,16.884347833333333,True,1
1788777165.658,1788776679.8,78.66216033333333,16.884338500000002,True,1
1788777165.859,1788776680.0,78.66216116666666,16.884329333333334,True,1
1788777166.058,1788776680.2,78.66216200000001,16.884319833333333,True,1
1788777166.257,1788776680.4,78.66216266666667,16.884310333333335,True,1
1788777166.457,1788776680.6,78.66216349999999,16.884301166666667,True,1
1788777166.659,1788776680.8,78.66216433333334,16.884292000000002,True,1
1788777166.857,1788776681.0,78.662165,16.884283,True,1
1788777167.054,1788776681.2,78.66216583333333,16.884273666666665,True,1
1788777167.258,1788776681.4,78.6621665,16.884264499999997,True,1
1788777167.457,1788776681.6,78.66216733333334,16.884255166666666,True,1
1788777167.658,1788776681.8,78.66216800000001,16.884246333333333,True,1
1788777167.86,1788776682.0,78.66216883333333,16.884237166666665,True,1
1788777168.058,1788776682.2,78.66216966666666,16.884227666666668,True,1
1788777168.256,1788776682.4,78.66217033333334,16.884218166666667,True,1
1788777168.455,1788776682.6,78.66217116666667,16.884208666666666,True,1
1788777168.655,1788776682.8,78.66217183333333,16.884199666666667,True,1
1788777168.855,1788776683.0,78.66217266666666,16.8841905,True,1
1788777169.057,1788776683.2,78.66217350000001,16.884181166666668,True,1
1788777169.258,1788776683.4,78.66217416666667,16.884171833333333,True,1
1788777169.456,1788776683.6,78.66217499999999,16.8841625,True,1
1788777169.656,1788776683.8,78.66217566666666,16.884153166666668,True,1
1788777169.855,1788776684.0,78.6621765,16.884144166666665,True,1
1788777170.056,1788776684.2,78.66217716666667,16.884135,True,1
1788777170.258,1788776684.4,78.66217783333333,16.884125666666666,True,1
1788777170.46,1788776684.6,78.6621785,16.884116333333335,True,1
1788777170.656,1788776684.8,78.66217916666666,16.884107333333336,True,1
1788777170.858,1788776685.0,78.66218,16.884097999999998,True,1
1788777171.057,1788776685.2,78.66218066666667,16.884088666666667,True,1
1788777171.259,1788776685.4,78.6621815,16.884079166666666,True,1
1788777171.458,1788776685.6,78.66218216666667,16.8840695,True,1
1788777171.655,1788776685.8,78.662183,16.884060166666664,True,1
1788777171.857,1788776686.0,78.66218366666666,16.884051,True,1
1788777172.056,1788776686.2,78.6621845,16.88404166666667,True,1
1788777172.257,1788776686.4,78.66218533333334,16.884032333333334,True,1
1788777172.453,1788776686.6,78.662186,16.884023,True,1
1788777172.655,1788776686.8,78.66218666666667,16.88401383333333,True,1
1788777172.857,1788776687.0,78.66218733333334,16.884004666666666,True,1
1788777173.056,1788776687.2,78.662188,16.883995333333335,True,1
1788777173.259,1788776687.4,78.66218883333333,16.883986166666666,True,1
1788777173.456,1788776687.6,78.66218950000001,16.883977,True,1
1788777173.658,1788776687.8,78.66219033333333,16.883967833333333,True,1
1788777173.855,1788776688.0,78.66219099999999,16.88395866666667,True,1
1788777174.057,1788776688.2,78.66219183333332,16.883949500000003,True,1
1788777174.256,1788776688.4,78.66219266666667,16.883940166666665,True,1
1788777174.457,1788776688.6,78.66219333333333,16.883931166666667,True,1
1788777174.657,1788776688.8,78.66219416666667,16.88392233333333,True,1
1788777174.859,1788776689.0,78.66219483333333,16.883913333333332,True,1
1788777175.057,1788776689.2,78.66219566666668,16.883904166666664,True,1
1788777175.254,1788776689.4,78.66219633333334,16.883895,True,1
1788777175.458,1788776689.6,78.66219716666666,16.883885833333334,True,1
1788777175.658,1788776689.8,78.66219783333332,16.883876666666666,True,1
1788777175.859,1788776690.0,78.66219866666667,16.883867333333335,True,1
1788777176.059,1788776690.2,78.6621995,16.88385783333333,True,1
1788777176.26,1788776690.4,78.66220016666666,16.8838485,True,1
1788777176.459,1788776690.6,78.66220100000001,16.883839666666667,True,1
1788777176.656,1788776690.8,78.66220166666668,16.8838305,True,1
1788777176.857,1788776691.0,78.66220249999999,16.883821333333334,True,1
1788777177.057,1788776691.2,78.66220316666666,16.883812166666665,True,1
1788777177.257,1788776691.4,78.66220383333332,16.883803166666667,True,1
1788777177.457,1788776691.6,78.66220466666667,16.883794,True,1
1788777177.658,1788776691.8,78.66220533333333,16.883785,True,1
1788777177.858,1788776692.0,78.66220616666666,16.883775833333335,True,1
1788777178.054,1788776692.2,78.66220683333333,16.88376633333333,True,1
1788777178.258,1788776692.4,78.66220766666667,16.883757166666665,True,1
1788777178.458,1788776692.6,78.66220833333334,16.883748166666667,True,1
1788777178.659,1788776692.8,78.66220916666666,16.883738833333332,True,1
1788777178.86,1788776693.0,78.66220983333332,16.8837295,True,1
1788777179.058,1788776693.2,78.66221066666667,16.883720166666667,True,1
1788777179.26,1788776693.4,78.66221133333333,16.883711,True,1
1788777179.455,1788776693.6,78.662212,16.883702000000003,True,1
1788777179.658,1788776693.8,78.66221283333333,16.883692833333335,True,1
1788777179.857,1788776694.0,78.66221366666667,16.8836835,True,1
1788777180.054,1788776694.2,78.66221433333334,16.883674499999998,True,1
1788777180.256,1788776694.4,78.662215,16.8836655,True,1
1788777180.454,1788776694.6,78.66221583333332,16.883656166666665,True,1
1788777180.658,1788776694.8,78.66221666666667,16.883646666666667,True,1
1788777180.854,1788776695.0,78.66221733333333,16.883637166666666,True,1
1788777181.056,1788776695.2,78.662218,16.883628166666664,True,1
1788777181.263,1788776695.4,78.66221883333333,16.883619,True,1
1788777181.457,1788776695.6,78.66221966666667,16.8836095,True,1
1788777181.659,1788776695.8,78.6622205,16.8836,True,1
1788777181.857,1788776696.0,78.66222116666667,16.883591000000003,True,1
1788777182.057,1788776696.2,78.662222,16.883582,True,1
1788777182.255,1788776696.4,78.66222266666666,16.883573000000002,True,1
1788777182.456,1788776696.6,78.6622235,16.883563833333334,True,1
1788777182.657,1788776696.8,78.66222416666666,16.883554666666665,True,1
1788777182.858,1788776697.0,78.66222483333333,16.883545666666667,True,1
1788777183.054,1788776697.2,78.66222566666667,16.883536499999998,True,1
1788777183.257,1788776697.4,78.6622265,16.883527333333333,True,1
1788777183.454,1788776697.6,78.66222733333333,16.88351833333333,True,1
1788777183.652,1788776697.8,78.662228,16.883509,True,1
1788777183.857,1788776698.0,78.66222883333333,16.883499833333335,True,1
1788777184.057,1788776698.2,78.6622295,16.883490833333333,True,1
1788777184.258,1788776698.4,78.66223033333334,16.883481500000002,True,1
1788777184.456,1788776698.6,78.662231,16.8834725,True,1
1788777184.658,1788776698.8,78.66223183333334,16.883463333333335,True,1
1788777184.858,1788776699.0,78.6622325,16.88345416666667,True,1
1788777185.056,1788776699.2,78.66223333333333,16.883445,True,1
1788777185.257,1788776699.4,78.662234,16.883435666666667,True,1
1788777185.46,1788776699.6,78.66223483333333,16.8834265,True,1
1788777185.654,1788776699.8,78.66223566666666,16.883417333333334,True,1
1788777185.856,1788776700.0,78.6622365,16.883408166666666,True,1
1788777186.063,1788776700.2,78.66223716666667,16.883398833333334,True,1
1788777186.256,1788776700.4,78.66223799999999,16.8833895,True,1
1788777186.463,1788776700.6,78.66223866666665,16.88338033333333,True,1
1788777186.659,1788776700.8,78.6622395,16.8833715,True,1
1788777186.859,1788776701.0,78.66224033333333,16.883361999999998,True,1
1788777187.059,1788776701.2,78.662241,16.883352833333333,True,1
1788777187.257,1788776701.4,78.66224183333334,16.883343500000002,True,1
1788777187.461,1788776701.6,78.66224266666667,16.883334333333334,True,1
1788777187.656,1788776701.8,78.66224333333334,16.88332516666667,True,1
1788777187.858,1788776702.0,78.66224416666667,16.88331583333333,True,1
1788777188.058,1788776702.2,78.662245,16.883306666666666,True,1
1788777188.258,1788776702.4,78.66224566666666,16.883297333333335,True,1
1788777188.457,1788776702.6,78.66224650000001,16.883288,True,1
1788777188.658,1788776702.8,78.66224733333334,16.88327866666667,True,1
1788777188.857,1788776703.0,78.66224816666666,16.88326933333333,True,1
1788777189.057,1788776703.2,78.66224883333332,16.88326,True,1
1788777189.258,1788776703.4,78.66224966666667,16.8832505,True,1
1788777189.458,1788776703.6,78.66225033333333,16.883240999999998,True,1
1788777189.658,1788776703.8,78.66225116666666,16.883231833333333,True,1
1788777189.857,1788776704.0,78.66225183333333,16.883222333333332,True,1
1788777190.057,1788776704.2,78.66225266666667,16.883213,True,1
1788777190.257,1788776704.4,78.66225333333334,16.883203666666667,True,1
1788777190.455,1788776704.6,78.66225416666666,16.883194166666666,True,1
1788777190.657,1788776704.8,78.662255,16.883184833333335,True,1
1788777190.857,1788776705.0,78.66225566666667,16.883175666666666,True,1
1788777191.056,1788776705.2,78.6622565,16.883166333333335,True,1
1788777191.256,1788776705.4,78.66225733333334,16.883157,True,1
1788777191.454,1788776705.6,78.66225800000001,16.883147833333332,True,1
1788777191.657,1788776705.8,78.66225883333333,16.883138499999998,True,1
1788777191.855,1788776706.0,78.66225949999999,16.883129333333333,True,1
1788777192.059,1788776706.2,78.66226033333334,16.88312,True,1
1788777192.257,1788776706.4,78.66226116666667,16.883111,True,1
1788777192.455,1788776706.6,78.662262,16.883101833333335,True,1
1788777192.658,1788776706.8,78.66226266666666,16.8830925,True,1
1788777192.858,1788776707.0,78.66226350000001,16.883083,True,1
1788777193.056,1788776707.2,78.66226433333333,16.883073833333334,True,1
1788777193.253,1788776707.4,78.66226516666667,16.883064833333332,True,1
1788777193.454,1788776707.6,78.66226583333334,16.8830555,True,1
1788777193.654,1788776707.8,78.66226666666667,16.883046166666666,True,1
1788777193.855,1788776708.0,78.66226733333333,16.883036666666666,True,1
1788777194.056,1788776708.2,78.66226816666668,16.883027333333334,True,1
1788777194.255,1788776708.4,78.662269,16.883018166666666,True,1
1788777194.456,1788776708.6,78.66226966666666,16.883009166666668,True,1
1788777194.654,1788776708.8,78.6622705,16.882999833333333,True,1
1788777194.855,1788776709.0,78.66227116666667,16.882990500000002,True,1
1788777195.055,1788776709.2,78.662272,16.882981166666664,True,1
1788777195.257,1788776709.4,78.66227283333333,16.882972,True,1
1788777195.455,1788776709.6,78.66227350000001,16.882962666666668,True,1
1788777195.656,1788776709.8,78.66227416666668,16.882953333333333,True,1
1788777195.855,1788776710.0,78.662275,16.882944333333334,True,1
1788777196.055,1788776710.2,78.66227566666666,16.882935,True,1
1788777196.255,1788776710.4,78.66227633333332,16.882925833333335,True,1
1788777196.455,1788776710.6,78.66227716666667,16.882916333333334,True,1
1788777196.657,1788776710.8,78.66227783333333,16.882907,True,1
1788777196.856,1788776711.0,78.6622785,16.882898,True,1
1788777197.058,1788776711.2,78.66227933333333,16.882888666666666,True,1
1788777197.256,1788776711.4,78.66228,16.8828795,True,1
1788777197.455,1788776711.6,78.66228066666666,16.88287,True,1
1788777197.657,1788776711.8,78.6622815,16.882861,True,1
1788777197.858,1788776712.0,78.66228216666667,16.882851833333334,True,1
1788777198.058,1788776712.2,78.66228299999999,16.882842666666665,True,1
1788777198.258,1788776712.4,78.66228366666665,16.882833333333334,True,1
1788777198.457,1788776712.6,78.6622845,16.882823833333337,True,1
1788777198.661,1788776712.8,78.66228516666666,16.8828145,True,1
1788777198.857,1788776713.0,78.662286,16.882805,True,1
1788777199.057,1788776713.2,78.66228666666666,16.8827955,True,1
1788777199.257,1788776713.4,78.6622875,16.882786,True,1
1788777199.457,1788776713.6,78.66228833333334,16.882776666666665,True,1
1788777199.658,1788776713.8,78.66228916666667,16.882767333333334,True,1
1788777199.858,1788776714.0,78.66229,16.882758000000003,True,1
1788777200.055,1788776714.2,78.66229083333333,16.882748499999998,True,1
1788777200.262,1788776714.4,78.66229150000001,16.882739166666667,True,1
1788777200.461,1788776714.6,78.66229216666667,16.882730166666665,True,1
1788777200.658,1788776714.8,78.662293,16.882721333333333,True,1
1788777200.859,1788776715.0,78.66229366666667,16.882712,True,1
1788777201.058,1788776715.2,78.6622945,16.882702833333333,True,1
1788777201.258,1788776715.4,78.66229516666667,16.88269366666667,True,1
1788777201.457,1788776715.6,78.662296,16.882684666666666,True,1
1788777201.657,1788776715.8,78.66229683333333,16.882675333333335,True,1
1788777201.857,1788776716.0,78.66229750000001,16.882665999999997,True,1
1788777202.058,1788776716.2,78.66229833333334,16.8826565,True,1
1788777202.257,1788776716.4,78.662299,16.88264716666667,True,1
1788777202.456,1788776716.6,78.66229983333332,16.882637833333334,True,1
1788777202.657,1788776716.8,78.66230066666667,16.882628833333335,True,1
1788777202.855,1788776717.0,78.66230133333333,16.882619499999997,True,1
1788777203.058,1788776717.2,78.66230216666666,16.882610166666666,True,1
1788777203.258,1788776717.4,78.66230283333333,16.882601166666667,True,1
1788777203.458,1788776717.6,78.66230350000001,16.882592499999998,True,1
1788777203.658,1788776717.8,78.66230433333334,16.882583333333333,True,1
1788777203.857,1788776718.0,78.662305,16.882573999999998,True,1
1788777204.059,1788776718.2,78.66230583333332,16.8825645,True,1
1788777204.255,1788776718.4,78.66230650000001,16.882555,True,1
1788777204.455,1788776718.6,78.66230716666668,16.8825455,True,1
1788777204.657,1788776718.8,78.662308,16.882535833333336,True,1
1788777204.858,1788776719.0,78.66230866666666,16.882526,True,1
1788777205.056,1788776719.2,78.6623095,16.8825165,True,1
1788777205.258,1788776719.4,78.66231016666667,16.88250683333333,True,1
1788777205.457,1788776719.6,78.66231083333334,16.882497333333333,True,1
1788777205.654,1788776719.8,78.66231166666667,16.882488000000002,True,1
1788777205.858,1788776720.0,78.66231233333333,16.882479,True,1
1788777206.057,1788776720.2,78.66231316666668,16.88246966666667,True,1
1788777206.258,1788776720.4,78.66231383333334,16.882460166666664,True,1
1788777206.456,1788776720.6,78.66231450000001,16.882451,True,1
1788777206.656,1788776720.8,78.66231533333332,16.882441833333335,True,1
1788777206.856,1788776721.0,78.66231616666667,16.8824325,True,1
1788777207.054,1788776721.2,78.662317,16.882423,True,1
1788777207.256,1788776721.4,78.66231766666667,16.8824135,True,1
1788777207.454,1788776721.6,78.66231833333333,16.882404,True,1
1788777207.656,1788776721.8,78.66231916666668,16.882394666666666,True,1
1788777207.857,1788776722.0,78.66231983333334,16.882385333333332,True,1
1788777208.057,1788776722.2,78.66232066666666,16.882375666666668,True,1
1788777208.256,1788776722.4,78.6623215,16.882366333333334,True,1
1788777208.454,1788776722.6,78.66232216666667,16.882357333333335,True,1
1788777208.657,1788776722.8,78.66232283333333,16.882348333333333,True,1
1788777208.858,1788776723.0,78.6623235,16.882339,True,1
1788777209.056,1788776723.2,78.66232433333333,16.882329833333333,True,1
1788777209.256,1788776723.4,78.662325,16.88232083333333,True,1
1788777209.456,1788776723.6,78.66232583333334,16.882311833333333,True,1
1788777209.656,1788776723.8,78.66232666666666,16.882302666666664,True,1
1788777209.857,1788776724.0,78.66232733333332,16.882293166666667,True,1
1788777210.06,1788776724.2,78.66232816666667,16.88228366666667,True,1
1788777210.257,1788776724.4,78.66232883333333,16.882274666666667,True,1
1788777210.455,1788776724.6,78.66232966666666,16.882265333333333,True,1
1788777210.655,1788776724.8,78.66233050000001,16.882255999999998,True,1
1788777210.857,1788776725.0,78.66233133333334,16.882246833333333,True,1
1788777211.056,1788776725.2,78.662332,16.882237666666665,True,1
1788777211.255,1788776725.4,78.66233266666667,16.882228333333334,True,1
1788777211.456,1788776725.6,78.6623335,16.882218833333333,True,1
1788777211.657,1788776725.8,78.66233433333333,16.882209666666665,True,1
1788777211.858,1788776726.0,78.662335,16.882200666666666,True,1
1788777212.055,1788776726.2,78.66233583333333,16.882191666666664,True,1
1788777212.256,1788776726.4,78.66233650000001,16.8821825,True,1
1788777212.455,1788776726.6,78.66233733333334,16.882173333333334,True,1
1788777212.658,1788776726.8,78.662338,16.882164166666666,True,1
1788777212.857,1788776727.0,78.66233883333332,16.882154833333335,True,1
1788777213.056,1788776727.2,78.66233966666667,16.8821455,True,1
1788777213.258,1788776727.4,78.6623405,16.882136166666665,True,1
1788777213.457,1788776727.6,78.66234116666666,16.882126833333334,True,1
1788777213.657,1788776727.8,78.66234200000001,16.882117333333333,True,1
1788777213.855,1788776728.0,78.66234266666667,16.882108000000002,True,1
1788777214.057,1788776728.2,78.66234349999999,16.882098666666664,True,1
1788777214.257,1788776728.4,78.66234416666666,16.882089333333333,True,1
1788777214.459,1788776728.6,78.662345,16.88208033333333,True,1
1788777214.658,1788776728.8,78.66234566666667,16.882071,True,1
1788777214.859,1788776729.0,78.6623465,16.882061833333335,True,1
1788777215.058,1788776729.2,78.66234716666666,16.882052666666667,True,1
1788777215.257,1788776729.4,78.66234800000001,16.882043333333336,True,1
1788777215.46,1788776729.6,78.66234866666667,16.882034333333333,True,1
1788777215.658,1788776729.8,78.66234949999999,16.882025,True,1
1788777215.859,1788776730.0,78.66235033333334,16.882015666666668,True,1
1788777216.059,1788776730.2,78.662351,16.882006166666667,True,1
1788777216.259,1788776730.4,78.66235166666667,16.881996833333336,True,1
1788777216.457,1788776730.6,78.6623525,16.88198733333333,True,1
1788777216.668,1788776730.8,78.66235333333334,16.881978,True,1
1788777216.859,1788776731.0,78.66235416666667,16.88196866666667,True,1
1788777217.059,1788776731.2,78.66235483333334,16.8819595,True,1
1788777217.257,1788776731.4,78.66235566666666,16.88195,True,1
1788777217.456,1788776731.6,78.66235633333334,16.88194083333333,True,1
1788777217.654,1788776731.8,78.66235716666667,16.881931833333333,True,1
1788777217.856,1788776732.0,78.66235783333333,16.881922499999998,True,1
1788777218.054,1788776732.2,78.6623585,16.881913333333333,True,1
1788777218.257,1788776732.4,78.66235933333334,16.881904333333335,True,1
1788777218.456,1788776732.6,78.66236,16.881895333333333,True,1
1788777218.656,1788776732.8,78.66236083333334,16.881886,True,1
1788777218.854,1788776733.0,78.6623615,16.881876499999997,True,1
1788777219.056,1788776733.2,78.66236233333333,16.881867,True,1
1788777219.255,1788776733.4,78.66236316666667,16.881857500000002,True,1
1788777219.454,1788776733.6,78.662364,16.881847999999998,True,1
1788777219.656,1788776733.8,78.66236483333334,16.8818385,True,1
1788777219.856,1788776734.0,78.6623655,16.881829,True,1
1788777220.055,1788776734.2,78.66236616666667,16.881819833333335,True,1
1788777220.256,1788776734.4,78.66236699999999,16.88181066666667,True,1
1788777220.454,1788776734.6,78.66236766666665,16.881801666666668,True,1
1788777220.656,1788776734.8,78.6623685,16.8817925,True,1
1788777220.854,1788776735.0,78.66236916666666,16.88178333333333,True,1
1788777221.055,1788776735.2,78.66237,16.881774166666666,True,1
1788777221.256,1788776735.4,78.66237066666666,16.88176483333333,True,1
1788777221.453,1788776735.6,78.6623715,16.881755333333334,True,1
1788777221.657,1788776735.8,78.66237233333332,16.88174616666667,True,1
1788777221.857,1788776736.0,78.66237316666667,16.881736666666665,True,1
1788777222.059,1788776736.2,78.662374,16.881727166666668,True,1
1788777222.254,1788776736.4,78.66237466666666,16.881717833333333,True,1
1788777222.455,1788776736.6,78.66237550000001,16.88170866666667,True,1
1788777222.656,1788776736.8,78.66237616666668,16.8816995,True,1
1788777222.858,1788776737.0,78.662377,16.881690166666665,True,1
1788777223.057,1788776737.2,78.66237766666667,16.881681,True,1
1788777223.257,1788776737.4,78.6623785,16.881672166666664,True,1
1788777223.457,1788776737.6,78.66237933333333,16.881663333333332,True,1
1788777223.656,1788776737.8,78.66238,16.881654333333334,True,1
1788777223.857,1788776738.0,78.66238083333333,16.88164533333333,True,1
1788777224.057,1788776738.2,78.66238150000001,16.881636166666667,True,1
1788777224.258,1788776738.4,78.66238233333334,16.881626999999998,True,1
1788777224.456,1788776738.6,78.66238316666666,16.881617833333333,True,1
1788777224.658,1788776738.8,78.66238383333332,16.881608500000002,True,1
1788777224.856,1788776739.0,78.66238466666667,16.881599166666668,True,1
1788777225.055,1788776739.2,78.66238533333333,16.881589833333333,True,1
1788777225.26,1788776739.4,78.66238616666666,16.8815805,True,1
1788777225.457,1788776739.6,78.66238700000001,16.881571333333333,True,1
1788777225.657,1788776739.8,78.66238766666667,16.881562,True,1
1788777225.858,1788776740.0,78.66238849999999,16.881553,True,1
1788777226.058,1788776740.2,78.66238916666666,16.881544166666668,True,1
1788777226.258,1788776740.4,78.66238983333332,16.881535166666666,True,1
1788777226.457,1788776740.6,78.66239066666667,16.881526,True,1
1788777226.656,1788776740.8,78.66239133333333,16.881516833333333,True,1
1788777226.857,1788776741.0,78.66239216666666,16.881507666666668,True,1
1788777227.057,1788776741.2,78.66239283333333,16.88149866666667,True,1
1788777227.258,1788776741.4,78.66239366666667,16.88148933333333,True,1
1788777227.455,1788776741.6,78.66239449999999,16.881480166666666,True,1
1788777227.654,1788776741.8,78.66239516666666,16.88147083333333,True,1
1788777227.855,1788776742.0,78.662396,16.8814615,True,1
1788777228.056,1788776742.2,78.66239683333333,16.88145216666667,True,1
1788777228.255,1788776742.4,78.6623975,16.881443166666667,True,1
1788777228.454,1788776742.6,78.66239833333334,16.881434000000002,True,1
1788777228.657,1788776742.8,78.66239900000001,16.881424666666664,True,1
1788777228.855,1788776743.0,78.66239983333334,16.881415666666665,True,1
1788777229.055,1788776743.2,78.6624005,16.881406666666667,True,1
1788777229.255,1788776743.4,78.66240116666667,16.881397666666665,True,1
1788777229.456,1788776743.6,78.662402,16.8813885,True,1
1788777229.658,1788776743.8,78.66240283333333,16.881379166666665,True,1
1788777229.857,1788776744.0,78.6624035,16.881370166666667,True,1
1788777230.057,1788776744.2,78.66240433333334,16.881361000000002,True,1
1788777230.257,1788776744.4,78.662405,16.881351666666667,True,1
1788777230.456,1788776744.6,78.66240583333334,16.881342166666666,True,1
1788777230.654,1788776744.8,78.6624065,16.88133283333333,True,1
1788777230.855,1788776745.0,78.66240733333333,16.881323666666667,True,1
1788777231.056,1788776745.2,78.662408,16.881313833333333,True,1
1788777231.258,1788776745.4,78.66240883333333,16.881304166666666,True,1
1788777231.455,1788776745.6,78.66240966666666,16.881295,True,1
1788777231.657,1788776745.8,78.66241033333334,16.881286,True,1
1788777231.855,1788776746.0,78.66241116666667,16.881276833333335,True,1
1788777232.059,1788776746.2,78.66241183333334,16.8812675,True,1
1788777232.26,1788776746.4,78.66241266666665,16.881258333333335,True,1
1788777232.455,1788776746.6,78.66241333333333,16.881249333333336,True,1
1788777232.657,1788776746.8,78.66241416666666,16.88124,True,1
1788777232.857,1788776747.0,78.662415,16.8812305,True,1
1788777233.058,1788776747.2,78.66241583333334,16.881220833333334,True,1
1788777233.255,1788776747.4,78.6624165,16.881211333333333,True,1
1788777233.457,1788776747.6,78.66241733333332,16.881202,True,1
1788777233.657,1788776747.8,78.66241816666667,16.881192333333335,True,1
1788777233.857,1788776748.0,78.662419,16.881183,True,1
1788777234.058,1788776748.2,78.66241966666666,16.88117383333333,True,1
1788777234.259,1788776748.4,78.66242050000001,16.881164666666667,True,1
1788777234.458,1788776748.6,78.66242133333334,16.881155,True,1
1788777234.655,1788776748.8,78.662422,16.881145833333335,True,1
1788777234.857,1788776749.0,78.66242283333332,16.881136666666666,True,1
1788777235.057,1788776749.2,78.6624235,16.881127499999998,True,1
1788777235.257,1788776749.4,78.66242433333333,16.881118333333333,True,1
1788777235.455,1788776749.6,78.66242516666667,16.881108833333332,True,1
1788777235.658,1788776749.8,78.66242583333333,16.8810995,True,1
1788777235.857,1788776750.0,78.66242666666668,16.881090333333336,True,1
1788777236.055,1788776750.2,78.66242733333334,16.881081,True,1
1788777236.258,1788776750.4,78.66242816666666,16.881071666666667,True,1
1788777236.457,1788776750.6,78.662429,16.881062166666666,True,1
1788777236.659,1788776750.8,78.66242966666667,16.881053,True,1
1788777236.859,1788776751.0,78.6624305,16.881043833333333,True,1
1788777237.058,1788776751.2,78.66243133333334,16.881034166666666,True,1
1788777237.257,1788776751.4,78.66243200000001,16.88102466666667,True,1
1788777237.457,1788776751.6,78.66243283333333,16.8810155,True,1
1788777237.657,1788776751.8,78.66243349999999,16.881006333333335,True,1
1788777237.857,1788776752.0,78.66243433333334,16.880996999999997,True,1
1788777238.056,1788776752.2,78.662435,16.880987666666666,True,1
1788777238.255,1788776752.4,78.66243583333333,16.88097816666667,True,1
1788777238.454,1788776752.6,78.66243666666666,16.880969,True,1
1788777238.654,1788776752.8,78.66243733333334,16.880959833333335,True,1
1788777238.854,1788776753.0,78.66243816666666,16.88095033333333,True,1
1788777239.057,1788776753.2,78.66243899999999,16.880940666666667,True,1
1788777239.257,1788776753.4,78.66243966666666,16.880930999999997,True,1
1788777239.455,1788776753.6,78.6624405,16.880921666666666,True,1
1788777239.656,1788776753.8,78.66244116666667,16.88091216666667,True,1
1788777239.857,1788776754.0,78.662442,16.88090233333333,True,1
1788777240.056,1788776754.2,78.66244283333334,16.880893166666667,True,1
1788777240.256,1788776754.4,78.66244350000001,16.880884166666664,True,1
1788777240.455,1788776754.6,78.66244433333333,16.880874833333333,True,1
1788777240.656,1788776754.8,78.66244499999999,16.88086566666667,True,1
1788777240.855,1788776755.0,78.66244583333334,16.880856166666668,True,1
1788777241.056,1788776755.2,78.66244666666667,16.880847000000003,True,1
1788777241.255,1788776755.4,78.66244733333333,16.88083783333333,True,1
1788777241.452,1788776755.6,78.66244816666668,16.880828333333334,True,1
1788777241.655,1788776755.8,78.662449,16.880818666666666,True,1
1788777241.856,1788776756.0,78.66244966666666,16.880809166666666,True,1
1788777242.055,1788776756.2,78.6624505,16.8808,True,1
1788777242.257,1788776756.4,78.66245116666667,16.880790833333332,True,1
1788777242.458,1788776756.6,78.662452,16.880781333333335,True,1
1788777242.661,1788776756.8,78.66245283333333,16.880772,True,1
1788777242.86,1788776757.0,78.66245350000001,16.880762833333332,True,1
1788777243.055,1788776757.2,78.66245416666668,16.880753333333335,True,1
1788777243.254,1788776757.4,78.662455,16.880744166666666,True,1
1788777243.454,1788776757.6,78.66245566666666,16.880735,True,1
1788777243.655,1788776757.8,78.6624565,16.880726,True,1
1788777243.858,1788776758.0,78.66245716666667,16.880716666666668,True,1
1788777244.058,1788776758.2,78.662458,16.880707166666664,True,1
1788777244.256,1788776758.4,78.66245866666667,16.880698,True,1
1788777244.459,1788776758.6,78.66245933333333,16.880688833333334,True,1
1788777244.659,1788776758.8,78.66246016666668,16.8806795,True,1
1788777244.857,1788776759.0,78.66246083333334,16.880670000000002,True,1
1788777245.058,1788776759.2,78.66246166666666,16.880660666666664,True,1
1788777245.26,1788776759.4,78.66246233333332,16.880651333333333,True,1
1788777245.462,1788776759.6,78.66246316666667,16.880642166666668,True,1
1788777245.655,1788776759.8,78.66246383333333,16.880633,True,1
1788777245.855,1788776760.0,78.66246466666666,16.88062366666667,True,1
1788777246.062,1788776760.2,78.66246533333333,16.88061433333333,True,1
1788777246.257,1788776760.4,78.66246616666668,16.880605166666665,True,1
1788777246.458,1788776760.6,78.66246683333334,16.880595833333334,True,1
1788777246.658,1788776760.8,78.66246766666667,16.880586333333333,True,1
1788777246.858,1788776761.0,78.66246833333334,16.880576666666666,True,1
1788777247.057,1788776761.2,78.66246916666667,16.880567166666665,True,1
1788777247.259,1788776761.4,78.66246983333333,16.880558,True,1
1788777247.459,1788776761.6,78.66247066666666,16.880548333333333,True,1
1788777247.657,1788776761.8,78.66247150000001,16.880538833333333,True,1
1788777247.86,1788776762.0,78.66247216666667,16.8805295,True,1
1788777248.057,1788776762.2,78.66247283333334,16.880520166666667,True,1
1788777248.258,1788776762.4,78.66247366666667,16.88051116666667,True,1
1788777248.454,1788776762.6,78.66247433333334,16.880501666666664,True,1
1788777248.659,1788776762.8,78.66247516666667,16.880492166666667,True,1
1788777248.855,1788776763.0,78.66247583333333,16.880482833333335,True,1
1788777249.056,1788776763.2,78.6624765,16.880473666666667,True,1
1788777249.257,1788776763.4,78.66247733333333,16.880464500000002,True,1
1788777249.456,1788776763.6,78.66247816666667,16.880455166666664,True,1
1788777249.656,1788776763.8,78.66247883333334,16.880445833333333,True,1
1788777249.854,1788776764.0,78.66247966666667,16.880436666666665,True,1
1788777250.055,1788776764.2,78.66248033333333,16.8804275,True,1
1788777250.256,1788776764.4,78.66248116666667,16.880418333333335,True,1
1788777250.455,1788776764.6,78.66248183333333,16.880408833333334,True,1
1788777250.656,1788776764.8,78.66248266666666,16.880399666666666,True,1
1788777250.856,1788776765.0,78.66248333333333,16.880390666666663,True,1
1788777251.055,1788776765.2,78.66248416666667,16.880381333333332,True,1
1788777251.255,1788776765.4,78.662485,16.880372,True,1
1788777251.455,1788776765.6,78.66248566666667,16.880363,True,1
1788777251.655,1788776765.8,78.66248650000001,16.880353833333334,True,1
1788777251.856,1788776766.0,78.66248716666668,16.880344666666666,True,1
1788777252.057,1788776766.2,78.662488,16.880335333333335,True,1
1788777252.258,1788776766.4,78.66248883333333,16.88032616666667,True,1
1788777252.458,1788776766.6,78.6624895,16.88031683333333,True,1
1788777252.656,1788776766.8,78.66249033333334,16.880307666666667,True,1
1788777252.856,1788776767.0,78.662491,16.880298333333332,True,1
1788777253.057,1788776767.2,78.66249183333333,16.880289166666667,True,1
1788777253.255,1788776767.4,78.66249250000001,16.880280000000003,True,1
1788777253.457,1788776767.6,78.66249333333333,16.880270666666668,True,1
1788777253.658,1788776767.8,78.662494,16.880261333333333,True,1
1788777253.858,1788776768.0,78.66249483333333,16.880251833333332,True,1
1788777254.057,1788776768.2,78.66249566666667,16.8802425,True,1
1788777254.258,1788776768.4,78.66249633333334,16.880233333333333,True,1
1788777254.456,1788776768.6,78.66249716666667,16.880224333333334,True,1
1788777254.657,1788776768.8,78.66249783333333,16.88021516666667,True,1
1788777254.858,1788776769.0,78.66249866666666,16.880206166666667,True,1
1788777255.058,1788776769.2,78.66249933333333,16.880196833333333,True,1
1788777255.257,1788776769.4,78.6625,16.88018783333333,True,1
1788777255.455,1788776769.6,78.66250083333333,16.880178666666666,True,1
1788777255.657,1788776769.8,78.66250149999999,16.880169666666667,True,1
1788777255.856,1788776770.0,78.66250233333334,16.8801605,True,1
1788777256.058,1788776770.2,78.662503,16.880151333333334,True,1
1788777256.257,1788776770.4,78.66250383333333,16.880142,True,1
1788777256.457,1788776770.6,78.66250466666666,16.880132833333334,True,1
1788777256.657,1788776770.8,78.66250533333333,16.88012366666667,True,1
1788777256.857,1788776771.0,78.66250616666666,16.880114666666667,True,1
1788777257.055,1788776771.2,78.66250683333332,16.88010566666667,True,1
1788777257.255,1788776771.4,78.66250766666667,16.880096499999997,True,1
1788777257.457,1788776771.6,78.66250833333334,16.880087166666666,True,1
1788777257.657,1788776771.8,78.66250916666667,16.880078,True,1
1788777257.858,1788776772.0,78.66251000000001,16.880069,True,1
1788777258.055,1788776772.2,78.66251083333333,16.880060166666667,True,1
1788777258.256,1788776772.4,78.6625115,16.88005133333333,True,1
1788777258.454,1788776772.6,78.66251233333334,16.880042,True,1
1788777258.656,1788776772.8,78.662513,16.880033,True,1
1788777258.857,1788776773.0,78.66251383333334,16.880023833333333,True,1
1788777259.055,1788776773.2,78.66251466666667,16.880014666666668,True,1
1788777259.256,1788776773.4,78.6625155,16.880005666666666,True,1
1788777259.454,1788776773.6,78.66251616666666,16.879996333333334,True,1
1788777259.655,1788776773.8,78.662517,16.879987000000003,True,1
1788777259.855,1788776774.0,78.66251783333334,16.8799775,True,1
1788777260.055,1788776774.2,78.6625185,16.879968333333334,True,1
1788777260.256,1788776774.4,78.66251933333334,16.879959166666666,True,1
1788777260.459,1788776774.6,78.66252,16.87995,True,1
1788777260.656,1788776774.8,78.66252083333333,16.8799405,True,1
1788777260.854,1788776775.0,78.66252166666666,16.879931166666665,True,1
1788777261.057,1788776775.2,78.66252233333333,16.879922166666667,True,1
1788777261.257,1788776775.4,78.66252316666667,16.879913166666665,True,1
1788777261.456,1788776775.6,78.66252383333334,16.879904,True,1
1788777261.657,1788776775.8,78.66252466666667,16.879894666666665,True,1
1788777261.857,1788776776.0,78.66252533333333,16.8798855,True,1
1788777262.056,1788776776.2,78.662526,16.879876666666668,True,1
1788777262.252,1788776776.4,78.66252683333333,16.879867333333333,True,1
1788777262.454,1788776776.6,78.66252766666666,16.879858000000002,True,1
1788777262.657,1788776776.8,78.66252833333333,16.879848666666664,True,1
1788777262.858,1788776777.0,78.66252916666667,16.8798395,True,1
1788777263.061,1788776777.2,78.66252983333334,16.879830666666667,True,1
1788777263.256,1788776777.4,78.66253066666667,16.8798215,True,1
1788777263.456,1788776777.6,78.66253133333333,16.879812166666667,True,1
1788777263.656,1788776777.8,78.66253216666668,16.879803,True,1
1788777263.858,1788776778.0,78.66253283333334,16.879794,True,1
1788777264.058,1788776778.2,78.66253366666666,16.879785000000002,True,1
1788777264.259,1788776778.4,78.66253449999999,16.879775666666667,True,1
1788777264.457,1788776778.6,78.66253516666667,16.879766333333336,True,1
1788777264.658,1788776778.8,78.662536,16.879756999999998,True,1
1788777264.858,1788776779.0,78.66253666666667,16.879747833333333,True,1
1788777265.056,1788776779.2,78.6625375,16.87973883333333,True,1
1788777265.256,1788776779.4,78.66253816666668,16.879729666666666,True,1
1788777265.456,1788776779.6,78.662539,16.8797205,True,1
1788777265.657,1788776779.8,78.66253966666666,16.8797115,True,1
1788777265.859,1788776780.0,78.66254033333333,16.8797025,True,1
1788777266.059,1788776780.2,78.66254116666667,16.8796935,True,1
1788777266.256,1788776780.4,78.662542,16.879684166666667,True,1
1788777266.455,1788776780.6,78.66254266666667,16.879674833333336,True,1
1788777266.659,1788776780.8,78.6625435,16.879665666666664,True,1
1788777266.858,1788776781.0,78.66254416666668,16.879656333333333,True,1
1788777267.058,1788776781.2,78.662545,16.879646833333332,True,1
1788777267.256,1788776781.4,78.66254583333333,16.8796375,True,1
1788777267.457,1788776781.6,78.66254666666667,16.879628166666667,True,1
1788777267.657,1788776781.8,78.66254766666665,16.879619166666664,True,1
1788777267.857,1788776782.0,78.6625485,16.879610166666666,True,1
1788777268.057,1788776782.2,78.66254966666666,16.879601333333333,True,1
1788777268.256,1788776782.4,78.66255066666666,16.879592333333335,True,1
1788777268.455,1788776782.6,78.662552,16.879584166666667,True,1
1788777268.656,1788776782.8,78.66255333333334,16.879576,True,1
1788777268.858,1788776783.0,78.66255466666667,16.879568,True,1
1788777269.053,1788776783.2,78.66255616666668,16.87956,True,1
1788777269.254,1788776783.4,78.66255766666667,16.8795525,True,1
1788777269.455,1788776783.6,78.66255916666667,16.879545833333335,True,1
1788777269.656,1788776783.8,78.66256066666666,16.879539833333336,True,1
1788777269.856,1788776784.0,78.66256233333334,16.8795345,True,1
1788777270.057,1788776784.2,78.66256383333332,16.879529666666667,True,1
1788777270.257,1788776784.4,78.66256533333333,16.879525666666666,True,1
1788777270.454,1788776784.6,78.66256700000001,16.879522,True,1
1788777270.657,1788776784.8,78.66256866666666,16.879518833333336,True,1
1788777270.856,1788776785.0,78.66257033333333,16.87951566666667,True,1
1788777271.056,1788776785.2,78.662572,16.879513,True,1
1788777271.256,1788776785.4,78.66257366666667,16.879511166666667,True,1
1788777271.456,1788776785.6,78.66257533333334,16.879510333333332,True,1
1788777271.655,1788776785.8,78.662577,16.879509166666665,True,1
1788777271.853,1788776786.0,78.66257883333333,16.8795075,True,1
1788777272.056,1788776786.2,78.66258066666666,16.879506499999998,True,1
1788777272.257,1788776786.4,78.6625825,16.879506,True,1
1788777272.456,1788776786.6,78.66258433333334,16.879505666666667,True,1
1788777272.656,1788776786.8,78.66258616666667,16.879505666666667,True,1
1788777272.861,1788776787.0,78.662588,16.879506,True,1
1788777273.058,1788776787.2,78.66258983333334,16.879507,True,1
1788777273.253,1788776787.4,78.66259183333334,16.8795085,True,1
1788777273.454,1788776787.6,78.66259366666667,16.87951,True,1
1788777273.654,1788776787.8,78.6625955,16.879511666666666,True,1
1788777273.857,1788776788.0,78.66259733333332,16.879513666666664,True,1
1788777274.058,1788776788.2,78.66259916666667,16.879515833333336,True,1
1788777274.258,1788776788.4,78.662601,16.8795185,True,1
1788777274.457,1788776788.6,78.66260266666667,16.879521333333333,True,1
1788777274.655,1788776788.8,78.6626045,16.8795245,True,1
1788777274.86,1788776789.0,78.66260616666666,16.879527833333334,True,1
1788777275.059,1788776789.2,78.66260783333334,16.8795315,True,1
1788777275.26,1788776789.4,78.66260949999999,16.879534999999997,True,1
1788777275.46,1788776789.6,78.662611,16.87953866666667,True,1
1788777275.658,1788776789.8,78.66261266666667,16.879542833333335,True,1
1788777275.857,1788776790.0,78.66261416666666,16.87954716666667,True,1
1788777276.056,1788776790.2,78.66261583333333,16.879551499999998,True,1
1788777276.257,1788776790.4,78.66261733333334,16.879555999999997,True,1
1788777276.458,1788776790.6,78.66261883333333,16.879561000000002,True,1
1788777276.658,1788776790.8,78.66262033333334,16.8795665,True,1
1788777276.859,1788776791.0,78.66262183333333,16.879571833333333,True,1
1788777277.061,1788776791.2,78.66262350000001,16.879577166666664,True,1
1788777277.256,1788776791.4,78.66262483333334,16.879583,True,1
1788777277.46,1788776791.6,78.66262633333334,16.879588666666667,True,1
1788777277.658,1788776791.8,78.66262766666667,16.8795945,True,1
1788777277.859,1788776792.0,78.66262916666666,16.879600333333332,True,1
1788777278.059,1788776792.2,78.66263066666667,16.87960616666667,True,1
1788777278.261,1788776792.4,78.66263216666667,16.879612,True,1
1788777278.459,1788776792.6,78.66263366666666,16.879617666666665,True,1
1788777278.658,1788776792.8,78.662635,16.879623666666664,True,1
1788777278.858,1788776793.0,78.66263633333332,16.879629333333334,True,1
1788777279.059,1788776793.2,78.66263766666665,16.879635166666667,True,1
1788777279.258,1788776793.4,78.66263883333333,16.879640666666667,True,1
1788777279.456,1788776793.6,78.66264016666668,16.879646333333334,True,1
1788777279.655,1788776793.8,78.66264133333334,16.879652,True,1
1788777279.856,1788776794.0,78.66264249999999,16.879657833333333,True,1
1788777280.055,1788776794.2,78.66264383333333,16.8796635,True,1
1788777280.254,1788776794.4,78.66264500000001,16.8796695,True,1
1788777280.455,1788776794.6,78.66264633333334,16.879675333333335,True,1
1788777280.656,1788776794.8,78.6626475,16.879681333333334,True,1
1788777280.856,1788776795.0,78.66264883333334,16.879687666666666,True,1
1788777281.056,1788776795.2,78.66264983333333,16.87969383333333,True,1
1788777281.255,1788776795.4,78.66265100000001,16.879699833333333,True,1
1788777281.454,1788776795.6,78.66265216666667,16.879706,True,1
1788777281.655,1788776795.8,78.66265333333334,16.879712166666664,True,1
1788777281.855,1788776796.0,78.66265449999999,16.879718166666667,True,1
1788777282.055,1788776796.2,78.6626555,16.879724500000002,True,1
1788777282.256,1788776796.4,78.66265666666666,16.879731166666666,True,1
1788777282.455,1788776796.6,78.66265783333333,16.879737666666664,True,1
1788777282.655,1788776796.8,78.66265883333334,16.879744333333335,True,1
1788777282.855,1788776797.0,78.66266,16.879751166666665,True,1
1788777283.063,1788776797.2,78.66266116666667,16.879758,True,1
1788777283.26,1788776797.4,78.66266216666666,16.87976516666667,True,1
1788777283.456,1788776797.6,78.66266333333333,16.879772,True,1
1788777283.654,1788776797.8,78.66266449999999,16.879779,True,1
1788777283.857,1788776798.0,78.6626655,16.87978616666667,True,1
1788777284.056,1788776798.2,78.66266649999999,16.879793,True,1
1788777284.257,1788776798.4,78.6626675,16.8798,True,1
1788777284.456,1788776798.6,78.66266866666666,16.879807000000003,True,1
1788777284.658,1788776798.8,78.66266966666667,16.879813833333333,True,1
1788777284.857,1788776799.0,78.66267083333334,16.879821166666666,True,1
1788777285.059,1788776799.2,78.66267183333333,16.879828333333332,True,1
1788777285.258,1788776799.4,78.662673,16.879835500000002,True,1
1788777285.456,1788776799.6,78.662674,16.879842666666665,True,1
1788777285.655,1788776799.8,78.66267516666667,16.87984983333333,True,1
1788777285.857,1788776800.0,78.66267633333334,16.879857,True,1
1788777286.059,1788776800.2,78.6626775,16.879864166666668,True,1
1788777286.259,1788776800.4,78.6626785,16.87987133333333,True,1
1788777286.456,1788776800.6,78.66267966666666,16.879878333333334,True,1
1788777286.656,1788776800.8,78.66268066666666,16.879885,True,1
1788777286.857,1788776801.0,78.66268183333334,16.879891833333332,True,1
1788777287.054,1788776801.2,78.66268283333333,16.879899,True,1
1788777287.26,1788776801.4,78.662684,16.879905833333332,True,1
1788777287.457,1788776801.6,78.66268516666668,16.879912833333332,True,1
1788777287.657,1788776801.8,78.66268616666666,16.879919833333336,True,1
1788777287.859,1788776802.0,78.66268733333332,16.879926833333332,True,1
1788777288.062,1788776802.2,78.6626885,16.879934,True,1
1788777288.256,1788776802.4,78.66268966666667,16.879941166666665,True,1
1788777288.454,1788776802.6,78.66269083333333,16.8799485,True,1
1788777288.657,1788776802.8,78.662692,16.879955666666667,True,1
1788777288.858,1788776803.0,78.66269316666667,16.87996283333333,True,1
1788777289.057,1788776803.2,78.66269433333333,16.87997,True,1
1788777289.258,1788776803.4,78.66269533333335,16.879977,True,1
1788777289.457,1788776803.6,78.6626965,16.879984,True,1
1788777289.658,1788776803.8,78.66269766666666,16.879991,True,1
1788777289.855,1788776804.0,78.66269866666667,16.879997833333334,True,1
1788777290.056,1788776804.2,78.66269983333333,16.88000483333333,True,1
1788777290.257,1788776804.4,78.662701,16.880011666666668,True,1
1788777290.46,1788776804.6,78.66270216666666,16.88001866666667,True,1
1788777290.658,1788776804.8,78.66270333333334,16.880025666666665,True,1
1788777290.857,1788776805.0,78.6627045,16.88003266666667,True,1
1788777291.058,1788776805.2,78.66270566666667,16.880039833333335,True,1
1788777291.256,1788776805.4,78.66270683333333,16.88004683333333,True,1
1788777291.457,1788776805.6,78.66270800000001,16.88005383333333,True,1
1788777291.657,1788776805.8,78.66270933333334,16.88006066666667,True,1
1788777291.859,1788776806.0,78.6627105,16.880067666666665,True,1
1788777292.059,1788776806.2,78.66271166666667,16.8800745,True,1
1788777292.257,1788776806.4,78.66271283333334,16.880081333333333,True,1
1788777292.456,1788776806.6,78.66271400000001,16.880088,True,1
1788777292.656,1788776806.8,78.66271533333334,16.880094666666665,True,1
1788777292.857,1788776807.0,78.6627165,16.880101333333336,True,1
1788777293.057,1788776807.2,78.66271766666667,16.880108,True,1
1788777293.261,1788776807.4,78.66271883333334,16.880114499999998,True,1
1788777293.459,1788776807.6,78.66272016666667,16.880121166666665,True,1
1788777293.659,1788776807.8,78.66272133333334,16.880128,True,1
1788777293.855,1788776808.0,78.66272266666667,16.880134666666667,True,1
1788777294.055,1788776808.2,78.662724,16.880141499999997,True,1
1788777294.257,1788776808.4,78.66272516666666,16.8801485,True,1
1788777294.457,1788776808.6,78.66272649999999,16.88015516666667,True,1
1788777294.658,1788776808.8,78.66272766666665,16.880161833333332,True,1
1788777294.855,1788776809.0,78.662729,16.8801685,True,1
1788777295.058,1788776809.2,78.66273016666668,16.880175,True,1
1788777295.256,1788776809.4,78.6627315,16.8801815,True,1
1788777295.456,1788776809.6,78.66273266666667,16.88018783333333,True,1
1788777295.657,1788776809.8,78.662734,16.88019416666667,True,1
1788777295.858,1788776810.0,78.66273516666666,16.8802005,True,1
1788777296.057,1788776810.2,78.6627365,16.880207166666665,True,1
1788777296.256,1788776810.4,78.66273783333332,16.880213833333336,True,1
1788777296.455,1788776810.6,78.66273916666667,16.880220333333334,True,1
1788777296.656,1788776810.8,78.6627405,16.880227166666668,True,1
1788777296.857,1788776811.0,78.66274183333333,16.880233999999998,True,1
1788777297.058,1788776811.2,78.662743,16.88024066666667,True,1
1788777297.257,1788776811.4,78.66274433333334,16.880247166666667,True,1
1788777297.458,1788776811.6,78.66274566666667,16.8802535,True,1
1788777297.659,1788776811.8,78.66274700000001,16.88026016666667,True,1
1788777297.86,1788776812.0,78.66274816666667,16.880266666666667,True,1
1788777298.058,1788776812.2,78.6627495,16.88027333333333,True,1
1788777298.257,1788776812.4,78.66275083333333,16.880279833333336,True,1
1788777298.457,1788776812.6,78.66275216666666,16.880286333333334,True,1
1788777298.656,1788776812.8,78.6627535,16.880292833333332,True,1
1788777298.858,1788776813.0,78.66275483333334,16.8802995,True,1
1788777299.059,1788776813.2,78.66275616666667,16.880305833333335,True,1
1788777299.258,1788776813.4,78.6627575,16.880312166666666,True,1
1788777299.455,1788776813.6,78.66275883333333,16.880318666666668,True,1
1788777299.659,1788776813.8,78.66276016666667,16.88032516666667,True,1
1788777299.858,1788776814.0,78.6627615,16.8803315,True,1
1788777300.057,1788776814.2,78.66276283333333,16.880337833333332,True,1
1788777300.257,1788776814.4,78.66276416666666,16.880344166666664,True,1
1788777300.454,1788776814.6,78.66276549999999,16.88035066666667,True,1
1788777300.656,1788776814.8,78.66276683333334,16.880357333333333,True,1
1788777300.855,1788776815.0,78.66276833333333,16.880364,True,1
1788777301.057,1788776815.2,78.66276966666666,16.880370666666668,True,1
1788777301.256,1788776815.4,78.662771,16.880377333333335,True,1
1788777301.455,1788776815.6,78.6627725,16.880384,True,1
1788777301.657,1788776815.8,78.66277383333333,16.880390666666663,True,1
1788777301.857,1788776816.0,78.66277516666668,16.88039716666667,True,1
1788777302.056,1788776816.2,78.6627765,16.8804035,True,1
1788777302.253,1788776816.4,78.66277783333334,16.880409999999998,True,1
1788777302.456,1788776816.6,78.66277916666667,16.880416500000003,True,1
1788777302.656,1788776816.8,78.6627805,16.880423,True,1
1788777302.858,1788776817.0,78.662782,16.880429666666664,True,1
1788777303.056,1788776817.2,78.66278333333334,16.880436333333332,True,1
1788777303.256,1788776817.4,78.66278483333333,16.880443,True,1
1788777303.457,1788776817.6,78.66278616666666,16.880449666666667,True,1
1788777303.656,1788776817.8,78.6627875,16.880456166666665,True,1
1788777303.859,1788776818.0,78.662789,16.880462666666666,True,1
1788777304.058,1788776818.2,78.66279033333333,16.880469,True,1
1788777304.256,1788776818.4,78.66279166666666,16.880475333333333,True,1
1788777304.456,1788776818.6,78.662793,16.880481666666665,True,1
1788777304.656,1788776818.8,78.6627945,16.880487833333333,True,1
1788777304.857,1788776819.0,78.66279583333333,16.880494166666665,True,1
1788777305.055,1788776819.2,78.66279716666666,16.8805005,True,1
1788777305.259,1788776819.4,78.66279866666667,16.880506833333335,True,1
1788777305.461,1788776819.6,78.6628,16.880513333333333,True,1
1788777305.658,1788776819.8,78.66280149999999,16.880519666666665,True,1
1788777305.859,1788776820.0,78.66280283333334,16.8805265,True,1
1788777306.063,1788776820.2,78.66280433333333,16.880533166666666,True,1
1788777306.259,1788776820.4,78.66280566666666,16.880539666666667,True,1
1788777306.457,1788776820.6,78.662807,16.88054633333333,True,1
1788777306.657,1788776820.8,78.6628085,16.880553000000003,True,1
1788777306.857,1788776821.0,78.66280983333333,16.8805595,True,1
1788777307.057,1788776821.2,78.66281116666667,16.880565833333332,True,1
1788777307.257,1788776821.4,78.66281266666667,16.880572500000003,True,1
1788777307.457,1788776821.6,78.662814,16.880579,True,1
1788777307.656,1788776821.8,78.66281533333334,16.8805855,True,1
1788777307.856,1788776822.0,78.66281683333334,16.880592,True,1
1788777308.058,1788776822.2,78.66281816666667,16.8805985,True,1
1788777308.259,1788776822.4,78.66281966666666,16.880605,True,1
1788777308.459,1788776822.6,78.662821,16.880611666666667,True,1
1788777308.659,1788776822.8,78.66282249999999,16.8806185,True,1
1788777308.858,1788776823.0,78.66282383333333,16.880624833333332,True,1
1788777309.059,1788776823.2,78.66282533333333,16.880631666666666,True,1
1788777309.257,1788776823.4,78.66282683333334,16.880638166666664,True,1
1788777309.458,1788776823.6,78.66282816666667,16.880644833333335,True,1
1788777309.657,1788776823.8,78.66282966666667,16.880651666666665,True,1
1788777309.857,1788776824.0,78.66283100000001,16.880658333333333,True,1
1788777310.057,1788776824.2,78.66283233333334,16.880664833333334,True,1
1788777310.256,1788776824.4,78.66283366666667,16.880671333333332,True,1
1788777310.453,1788776824.6,78.66283516666667,16.880678,True,1
1788777310.657,1788776824.8,78.6628365,16.880684666666664,True,1
1788777310.855,1788776825.0,78.66283783333333,16.880691666666667,True,1
1788777311.055,1788776825.2,78.66283933333334,16.88069833333333,True,1
1788777311.257,1788776825.4,78.66284066666667,16.880705166666665,True,1
1788777311.456,1788776825.6,78.66284216666666,16.880711833333333,True,1
1788777311.656,1788776825.8,78.6628435,16.8807185,True,1
1788777311.856,1788776826.0,78.662845,16.880724999999998,True,1
1788777312.056,1788776826.2,78.66284633333333,16.88073166666667,True,1
1788777312.257,1788776826.4,78.66284766666666,16.880738166666667,True,1
1788777312.455,1788776826.6,78.66284916666667,16.8807445,True,1
1788777312.656,1788776826.8,78.6628505,16.880751,True,1
1788777312.858,1788776827.0,78.66285183333333,16.880757666666668,True,1
1788777313.056,1788776827.2,78.66285316666668,16.880764666666668,True,1
1788777313.254,1788776827.4,78.66285466666666,16.880771499999998,True,1
1788777313.455,1788776827.6,78.66285599999999,16.8807785,True,1
1788777313.658,1788776827.8,78.66285733333333,16.8807855,True,1
1788777313.862,1788776828.0,78.66285866666666,16.8807925,True,1
1788777314.056,1788776828.2,78.66286016666666,16.880799333333336,True,1
1788777314.256,1788776828.4,78.66286133333332,16.880806166666666,True,1
1788777314.454,1788776828.6,78.66286283333334,16.880812666666667,True,1
1788777314.654,1788776828.8,78.66286416666667,16.880819166666665,True,1
1788777314.855,1788776829.0,78.6628655,16.880825833333333,True,1
1788777315.056,1788776829.2,78.66286683333333,16.8808325,True,1
1788777315.255,1788776829.4,78.66286816666667,16.880838833333332,True,1
1788777315.455,1788776829.6,78.6628695,16.88084566666667,True,1
1788777315.657,1788776829.8,78.662871,16.880852333333333,True,1
1788777315.856,1788776830.0,78.6628725,16.880859333333333,True,1
1788777316.056,1788776830.2,78.66287383333334,16.880866333333334,True,1
1788777316.259,1788776830.4,78.66287533333335,16.880873166666667,True,1
1788777316.459,1788776830.6,78.66287666666668,16.880879999999998,True,1
1788777316.658,1788776830.8,78.66287816666666,16.88088683333333,True,1
1788777316.858,1788776831.0,78.66287949999999,16.88089366666667,True,1
1788777317.058,1788776831.2,78.66288083333333,16.8809005,True,1
1788777317.259,1788776831.4,78.66288233333333,16.880907166666667,True,1
1788777317.454,1788776831.6,78.66288366666666,16.880913666666668,True,1
1788777317.656,1788776831.8,78.66288516666667,16.880920333333332,True,1
1788777317.858,1788776832.0,78.6628865,16.880927,True,1
1788777318.057,1788776832.2,78.66288783333333,16.880933833333334,True,1
1788777318.259,1788776832.4,78.66288916666667,16.8809405,True,1
1788777318.457,1788776832.6,78.66289066666667,16.880947166666665,True,1
1788777318.656,1788776832.8,78.662892,16.880954,True,1
1788777318.855,1788776833.0,78.66289350000001,16.880960833333333,True,1
1788777319.064,1788776833.2,78.66289499999999,16.880967833333333,True,1
1788777319.26,1788776833.4,78.6628965,16.880974833333333,True,1
1788777319.458,1788776833.6,78.66289783333333,16.880981666666667,True,1
1788777319.66,1788776833.8,78.66289933333334,16.880988333333335,True,1
1788777319.858,1788776834.0,78.66290066666667,16.880995166666665,True,1
1788777320.058,1788776834.2,78.662902,16.881002000000002,True,1
1788777320.258,1788776834.4,78.66290333333333,16.881008666666666,True,1
1788777320.462,1788776834.6,78.66290483333334,16.8810155,True,1
1788777320.657,1788776834.8,78.66290616666667,16.88102233333333,True,1
1788777320.858,1788776835.0,78.66290766666665,16.881029,True,1
1788777321.057,1788776835.2,78.66290916666667,16.881035999999998,True,1
1788777321.256,1788776835.4,78.66291066666666,16.881042833333332,True,1
1788777321.455,1788776835.6,78.66291216666667,16.881049833333336,True,1
1788777321.656,1788776835.8,78.66291366666665,16.881056333333333,True,1
1788777321.86,1788776836.0,78.66291516666666,16.881062999999997,True,1
1788777322.057,1788776836.2,78.6629165,16.88106966666667,True,1
1788777322.255,1788776836.4,78.662918,16.881076,True,1
1788777322.455,1788776836.6,78.66291933333333,16.88108233333333,True,1
1788777322.658,1788776836.8,78.66292083333333,16.881089,True,1
1788777322.859,1788776837.0,78.66292216666668,16.881095833333333,True,1
1788777323.055,1788776837.2,78.66292366666667,16.881102666666667,True,1
1788777323.256,1788776837.4,78.66292516666667,16.88110933333333,True,1
1788777323.455,1788776837.6,78.66292666666666,16.88111616666667,True,1
1788777323.658,1788776837.8,78.662928,16.881123,True,1
1788777323.858,1788776838.0,78.6629295,16.88113,True,1
1788777324.057,1788776838.2,78.662931,16.881136833333336,True,1
1788777324.255,1788776838.4,78.6629325,16.881143666666667,True,1
1788777324.454,1788776838.6,78.66293383333333,16.8811505,True,1
1788777324.656,1788776838.8,78.66293533333334,16.88115733333333,True,1
1788777324.859,1788776839.0,78.66293666666667,16.881164000000002,True,1
1788777325.058,1788776839.2,78.66293816666666,16.881171,True,1
1788777325.26,1788776839.4,78.6629395,16.881177666666666,True,1
1788777325.456,1788776839.6,78.662941,16.8811845,True,1
1788777325.656,1788776839.8,78.66294233333333,16.881191333333334,True,1
1788777325.857,1788776840.0,78.66294383333334,16.881198166666664,True,1
1788777326.057,1788776840.2,78.66294533333333,16.881204833333335,True,1
1788777326.258,1788776840.4,78.66294666666666,16.881211833333335,True,1
1788777326.455,1788776840.6,78.662948,16.881218666666665,True,1
1788777326.656,1788776840.8,78.66294933333333,16.881225500000003,True,1
1788777326.855,1788776841.0,78.66295066666666,16.881232166666667,True,1
1788777327.053,1788776841.2,78.66295199999999,16.881238833333335,True,1
1788777327.258,1788776841.4,78.6629535,16.8812455,True,1
1788777327.456,1788776841.6,78.66295483333333,16.881252333333336,True,1
1788777327.657,1788776841.8,78.66295633333334,16.881258833333334,True,1
1788777327.857,1788776842.0,78.66295766666667,16.881265499999998,True,1
1788777328.058,1788776842.2,78.662959,16.88127216666667,True,1
1788777328.257,1788776842.4,78.6629605,16.881279166666666,True,1
1788777328.457,1788776842.6,78.66296200000001,16.881286,True,1
1788777328.656,1788776842.8,78.66296349999999,16.881292666666663,True,1
1788777328.856,1788776843.0,78.66296483333333,16.881299333333335,True,1
1788777329.058,1788776843.2,78.66296633333333,16.881306166666665,True,1
1788777329.256,1788776843.4,78.66296783333334,16.881312833333332,True,1
1788777329.457,1788776843.6,78.66296933333334,16.881319333333334,True,1
1788777329.657,1788776843.8,78.66297066666667,16.881325833333335,True,1
1788777329.854,1788776844.0,78.66297216666666,16.881332333333333,True,1
1788777330.056,1788776844.2,78.66297349999999,16.881339,True,1
1788777330.26,1788776844.4,78.662975,16.881345666666668,True,1
1788777330.459,1788776844.6,78.66297633333333,16.8813525,True,1
1788777330.659,1788776844.8,78.66297800000001,16.881359166666666,True,1
1788777330.858,1788776845.0,78.66297949999999,16.881365833333334,True,1
1788777331.058,1788776845.2,78.662981,16.881372666666667,True,1
1788777331.254,1788776845.4,78.66298233333333,16.881379666666664,True,1
1788777331.456,1788776845.6,78.66298366666666,16.8813865,True,1
1788777331.656,1788776845.8,78.66298516666667,16.881393,True,1
1788777331.858,1788776846.0,78.66298666666667,16.8813995,True,1
1788777332.059,1788776846.2,78.66298816666668,16.881406166666668,True,1
1788777332.257,1788776846.4,78.66298966666666,16.881413000000002,True,1
1788777332.457,1788776846.6,78.66299116666667,16.88142,True,1
1788777332.655,1788776846.8,78.6629925,16.881426833333332,True,1
1788777332.859,1788776847.0,78.662994,16.881433666666666,True,1
1788777333.057,1788776847.2,78.66299550000001,16.881440333333334,True,1
1788777333.255,1788776847.4,78.66299699999999,16.881447166666664,True,1
1788777333.456,1788776847.6,78.6629985,16.881454,True,1
1788777333.656,1788776847.8,78.66299983333333,16.881460833333332,True,1
1788777333.856,1788776848.0,78.66300133333334,16.881467666666666,True,1
1788777334.06,1788776848.2,78.66300266666667,16.881474333333333,True,1
1788777334.257,1788776848.4,78.66300416666667,16.881481,True,1
1788777334.456,1788776848.6,78.6630055,16.881487666666665,True,1
1788777334.66,1788776848.8,78.66300700000001,16.8814945,True,1
1788777334.859,1788776849.0,78.66300833333334,16.881501166666666,True,1
1788777335.058,1788776849.2,78.66300966666667,16.881508166666666,True,1
1788777335.257,1788776849.4,78.66301116666666,16.881515,True,1
1788777335.459,1788776849.6,78.66301266666666,16.881522,True,1
1788777335.655,1788776849.8,78.663014,16.881528833333334,True,1
1788777335.857,1788776850.0,78.66301533333333,16.881535333333332,True,1
1788777336.057,1788776850.2,78.66301683333333,16.881542000000003,True,1
1788777336.257,1788776850.4,78.66301816666667,16.881548833333333,True,1
1788777336.457,1788776850.6,78.6630195,16.88155533333333,True,1
1788777336.673,1788776850.8,78.663021,16.881562,True,1
1788777336.858,1788776851.0,78.6630225,16.8815685,True,1
1788777337.056,1788776851.2,78.66302383333333,16.881575333333334,True,1
1788777337.256,1788776851.4,78.66302516666666,16.881581999999998,True,1
1788777337.456,1788776851.6,78.66302666666667,16.88158866666667,True,1
1788777337.656,1788776851.8,78.663028,16.881595166666667,True,1
1788777337.856,1788776852.0,78.6630295,16.881601666666665,True,1
1788777338.055,1788776852.2,78.66303083333334,16.881608500000002,True,1
1788777338.255,1788776852.4,78.66303233333333,16.881615166666666,True,1
1788777338.456,1788776852.6,78.66303383333334,16.881621833333334,True,1
1788777338.658,1788776852.8,78.66303516666667,16.881628666666664,True,1
1788777338.857,1788776853.0,78.6630365,16.881635333333335,True,1
1788777339.056,1788776853.2,78.663038,16.881642166666666,True,1
1788777339.257,1788776853.4,78.66303933333333,16.881648833333333,True,1
1788777339.456,1788776853.6,78.66304066666666,16.8816555,True,1
1788777339.658,1788776853.8,78.66304216666667,16.88166216666667,True,1
1788777339.857,1788776854.0,78.6630435,16.881668833333332,True,1
1788777340.057,1788776854.2,78.66304483333333,16.881675166666664,True,1
1788777340.269,1788776854.4,78.66304633333333,16.881681833333335,True,1
1788777340.458,1788776854.6,78.66304766666667,16.8816885,True,1
1788777340.656,1788776854.8,78.663049,16.881695166666667,True,1
1788777340.857,1788776855.0,78.66305033333333,16.881701666666668,True,1
1788777341.059,1788776855.2,78.66305183333334,16.88170866666667,True,1
1788777341.258,1788776855.4,78.66305316666667,16.881715166666666,True,1
1788777341.457,1788776855.6,78.6630545,16.881722,True,1
1788777341.657,1788776855.8,78.66305600000001,16.881729,True,1
1788777341.858,1788776856.0,78.66305733333334,16.881736,True,1
1788777342.058,1788776856.2,78.66305883333332,16.88174283333333,True,1
1788777342.255,1788776856.4,78.66306033333333,16.881749666666668,True,1
1788777342.457,1788776856.6,78.66306183333333,16.881756333333332,True,1
1788777342.657,1788776856.8,78.66306316666667,16.881763166666666,True,1
1788777342.858,1788776857.0,78.66306466666667,16.881769833333333,True,1
1788777343.058,1788776857.2,78.663066,16.88177616666667,True,1
1788777343.257,1788776857.4,78.6630675,16.881782666666666,True,1
1788777343.457,1788776857.6,78.66306883333333,16.881789166666668,True,1
1788777343.655,1788776857.8,78.66307033333332,16.881795833333335,True,1
1788777343.858,1788776858.0,78.66307166666667,16.8818025,True,1
1788777344.065,1788776858.2,78.66307316666666,16.881808999999997,True,1
1788777344.256,1788776858.4,78.66307466666667,16.881815833333334,True,1
1788777344.456,1788776858.6,78.663076,16.881822666666668,True,1
1788777344.659,1788776858.8,78.6630775,16.8818295,True,1
1788777344.86,1788776859.0,78.663079,16.881836,True,1
1788777345.055,1788776859.2,78.66308049999999,16.881842666666667,True,1
1788777345.256,1788776859.4,78.66308183333334,16.881849499999998,True,1
1788777345.455,1788776859.6,78.66308333333333,16.88185616666667,True,1
1788777345.657,1788776859.8,78.66308466666666,16.881862833333333,True,1
1788777345.859,1788776860.0,78.66308616666667,16.8818695,True,1
1788777346.059,1788776860.2,78.66308766666666,16.881876166666665,True,1
1788777346.258,1788776860.4,78.663089,16.881882833333336,True,1
1788777346.454,1788776860.6,78.6630905,16.881889666666666,True,1
1788777346.657,1788776860.8,78.66309183333333,16.881896333333334,True,1
1788777346.859,1788776861.0,78.66309333333334,16.881903,True,1
1788777347.058,1788776861.2,78.66309483333333,16.881909666666665,True,1
1788777347.256,1788776861.4,78.66309616666668,16.881916333333333,True,1
1788777347.457,1788776861.6,78.66309766666667,16.881923166666663,True,1
1788777347.657,1788776861.8,78.66309916666667,16.88193,True,1
1788777347.859,1788776862.0,78.6631005,16.881936666666665,True,1
1788777348.058,1788776862.2,78.663102,16.8819435,True,1
1788777348.256,1788776862.4,78.6631035,16.881950333333336,True,1
1788777348.456,1788776862.6,78.663105,16.881957166666666,True,1
1788777348.657,1788776862.8,78.66310633333333,16.881964,True,1
1788777348.857,1788776863.0,78.66310783333333,16.8819705,True,1
1788777349.057,1788776863.2,78.66310916666666,16.881977166666665,True,1
1788777349.255,1788776863.4,78.66311066666667,16.881983666666667,True,1
1788777349.455,1788776863.6,78.66311216666666,16.88199033333333,True,1
1788777349.657,1788776863.8,78.66311366666667,16.881997000000002,True,1
1788777349.857,1788776864.0,78.66311516666666,16.882003666666666,True,1
1788777350.057,1788776864.2,78.66311666666667,16.8820105,True,1
1788777350.258,1788776864.4,78.663118,16.882017166666667,True,1
1788777350.463,1788776864.6,78.6631195,16.882024,True,1
1788777350.656,1788776864.8,78.663121,16.88203083333333,True,1
1788777350.855,1788776865.0,78.66312233333333,16.882037500000003,True,1
1788777351.057,1788776865.2,78.66312383333334,16.8820445,True,1
1788777351.257,1788776865.4,78.66312516666667,16.882051166666667,True,1
1788777351.456,1788776865.6,78.66312666666666,16.88205783333333,True,1
1788777351.656,1788776865.8,78.66312816666667,16.882064500000002,True,1
1788777351.853,1788776866.0,78.66312966666666,16.882071166666666,True,1
1788777352.057,1788776866.2,78.663131,16.882077833333334,True,1
1788777352.257,1788776866.4,78.6631325,16.882084333333335,True,1
1788777352.457,1788776866.6,78.66313383333333,16.882091166666665,True,1
1788777352.657,1788776866.8,78.66313533333333,16.882097666666667,True,1
1788777352.857,1788776867.0,78.66313683333333,16.8821045,True,1
1788777353.056,1788776867.2,78.66313816666667,16.882111000000002,True,1
1788777353.255,1788776867.4,78.66313966666667,16.882117833333332,True,1
1788777353.455,1788776867.6,78.66314116666668,16.8821245,True,1
1788777353.658,1788776867.8,78.66314266666667,16.882131333333334,True,1
1788777353.857,1788776868.0,78.663144,16.882138333333334,True,1
1788777354.057,1788776868.2,78.6631455,16.882145333333334,True,1
1788777354.263,1788776868.4,78.663147,16.882152166666668,True,1
1788777354.456,1788776868.6,78.6631485,16.882158833333335,True,1
1788777354.654,1788776868.8,78.66314983333334,16.8821655,True,1
1788777354.855,1788776869.0,78.66315116666667,16.882172166666667,True,1
1788777355.055,1788776869.2,78.66315266666668,16.882178833333334,True,1
1788777355.258,1788776869.4,78.663154,16.8821855,True,1
1788777355.457,1788776869.6,78.66315549999999,16.882192166666666,True,1
1788777355.658,1788776869.8,78.663157,16.882199,True,1
1788777355.86,1788776870.0,78.66315833333333,16.882205833333334,True,1
1788777356.055,1788776870.2,78.66315983333334,16.882212499999998,True,1
1788777356.257,1788776870.4,78.66316133333333,16.8822195,True,1
1788777356.456,1788776870.6,78.66316266666666,16.882226166666666,True,1
1788777356.658,1788776870.8,78.66316416666668,16.882232833333333,True,1
1788777356.857,1788776871.0,78.6631655,16.8822395,True,1
1788777357.057,1788776871.2,78.663167,16.88224616666667,True,1
1788777357.257,1788776871.4,78.66316833333333,16.882252833333332,True,1
1788777357.455,1788776871.6,78.66316983333333,16.882259666666666,True,1
1788777357.658,1788776871.8,78.66317116666667,16.8822665,True,1
1788777357.858,1788776872.0,78.66317266666667,16.882273166666668,True,1
1788777358.058,1788776872.2,78.66317416666668,16.882280166666664,True,1
1788777358.258,1788776872.4,78.66317550000001,16.882287,True,1
1788777358.457,1788776872.6,78.66317699999999,16.882293833333332,True,1
1788777358.658,1788776872.8,78.6631785,16.882301,True,1
1788777358.856,1788776873.0,78.66317983333333,16.882308000000002,True,1
1788777359.057,1788776873.2,78.66318133333333,16.882315000000002,True,1
1788777359.258,1788776873.4,78.66318266666667,16.882321833333332,True,1
1788777359.457,1788776873.6,78.66318416666667,16.88232866666667,True,1
1788777359.657,1788776873.8,78.66318566666668,16.882335666666666,True,1
1788777359.858,1788776874.0,78.66318700000001,16.882342666666666,True,1
1788777360.058,1788776874.2,78.66318849999999,16.882349666666666,True,1
1788777360.255,1788776874.4,78.66319,16.8823565,True,1
1788777360.457,1788776874.6,78.66319133333333,16.882363333333334,True,1
1788777360.658,1788776874.8,78.66319283333334,16.882369999999998,True,1
1788777360.857,1788776875.0,78.66319433333334,16.882376833333335,True,1
1788777361.058,1788776875.2,78.66319566666667,16.882383666666666,True,1
1788777361.257,1788776875.4,78.66319716666666,16.8823905,True,1
1788777361.454,1788776875.6,78.66319866666666,16.882397333333333,True,1
1788777361.656,1788776875.8,78.66320016666667,16.882404166666667,True,1
1788777361.857,1788776876.0,78.6632015,16.882411,True,1
1788777362.056,1788776876.2,78.66320300000001,16.882417666666665,True,1
1788777362.256,1788776876.4,78.66320449999999,16.882424333333333,True,1
1788777362.455,1788776876.6,78.66320583333332,16.882431166666667,True,1
1788777362.656,1788776876.8,78.66320733333333,16.88243783333333,True,1
1788777362.857,1788776877.0,78.66320866666666,16.882444500000002,True,1
1788777363.053,1788776877.2,78.66321016666667,16.882451333333332,True,1
1788777363.256,1788776877.4,78.6632115,16.882458166666666,True,1
1788777363.456,1788776877.6,78.663213,16.882465,True,1
1788777363.655,1788776877.8,78.66321433333333,16.882472166666666,True,1
1788777363.855,1788776878.0,78.66321583333334,16.882479,True,1
1788777364.057,1788776878.2,78.66321733333332,16.882485999999997,True,1
1788777364.257,1788776878.4,78.66321883333333,16.882492833333334,True,1
1788777364.461,1788776878.6,78.66322016666666,16.882499666666668,True,1
1788777364.659,1788776878.8,78.66322166666667,16.882506333333332,True,1
1788777364.856,1788776879.0,78.663223,16.88251316666667,True,1
1788777365.056,1788776879.2,78.6632245,16.882519666666667,True,1
1788777365.256,1788776879.4,78.66322583333334,16.882526499999997,True,1
1788777365.46,1788776879.6,78.66322716666667,16.88253316666667,True,1
1788777365.655,1788776879.8,78.66322866666665,16.88254016666667,True,1
1788777365.854,1788776880.0,78.66323000000001,16.882547,True,1
1788777366.062,1788776880.2,78.6632315,16.882554000000003,True,1
1788777366.258,1788776880.4,78.663233,16.882561,True,1
1788777366.458,1788776880.6,78.6632345,16.882568,True,1
1788777366.66,1788776880.8,78.66323600000001,16.882574833333333,True,1
1788777366.86,1788776881.0,78.66323733333334,16.882581666666667,True,1
1788777367.058,1788776881.2,78.66323883333332,16.8825885,True,1
1788777367.255,1788776881.4,78.66324016666667,16.882595,True,1
1788777367.456,1788776881.6,78.6632415,16.8826015,True,1
1788777367.657,1788776881.8,78.663243,16.882608,True,1
1788777367.859,1788776882.0,78.66324433333332,16.882614666666665,True,1
1788777368.057,1788776882.2,78.66324583333333,16.882621333333336,True,1
1788777368.257,1788776882.4,78.66324733333333,16.882628,True,1
1788777368.456,1788776882.6,78.66324883333333,16.882635,True,1
1788777368.659,1788776882.8,78.66325033333332,16.882641999999997,True,1
1788777368.858,1788776883.0,78.66325183333333,16.882649166666667,True,1
1788777369.058,1788776883.2,78.66325316666666,16.882656166666667,True,1
1788777369.258,1788776883.4,78.66325466666667,16.882663166666667,True,1
1788777369.456,1788776883.6,78.66325616666667,16.88267,True,1
1788777369.658,1788776883.8,78.66325766666667,16.88267666666667,True,1
1788777369.855,1788776884.0,78.663259,16.882683166666666,True,1
1788777370.058,1788776884.2,78.66326049999999,16.882689833333334,True,1
1788777370.256,1788776884.4,78.663262,16.8826965,True,1
1788777370.454,1788776884.6,78.66326333333333,16.882703499999998,True,1
1788777370.657,1788776884.8,78.66326483333334,16.882710166666666,True,1
1788777370.857,1788776885.0,78.66326633333333,16.882716833333333,True,1
1788777371.057,1788776885.2,78.66326783333334,16.882723666666667,True,1
1788777371.254,1788776885.4,78.66326916666667,16.88273033333333,True,1
1788777371.456,1788776885.6,78.66327066666666,16.88273716666667,True,1
1788777371.657,1788776885.8,78.663272,16.882744,True,1
1788777371.855,1788776886.0,78.6632735,16.882751,True,1
1788777372.057,1788776886.2,78.66327500000001,16.882757666666667,True,1
1788777372.256,1788776886.4,78.6632765,16.8827645,True,1
1788777372.455,1788776886.6,78.663278,16.882771333333334,True,1
1788777372.654,1788776886.8,78.66327933333334,16.88277833333333,True,1
1788777372.856,1788776887.0,78.66328083333333,16.882785166666668,True,1
1788777373.056,1788776887.2,78.66328233333334,16.882792166666665,True,1
1788777373.256,1788776887.4,78.66328366666667,16.882799,True,1
1788777373.455,1788776887.6,78.66328516666667,16.882805833333336,True,1
1788777373.655,1788776887.8,78.66328666666666,16.8828125,True,1
1788777373.855,1788776888.0,78.663288,16.882819166666664,True,1
1788777374.055,1788776888.2,78.66328933333332,16.882826,True,1
1788777374.256,1788776888.4,78.66329083333333,16.882832833333335,True,1
1788777374.455,1788776888.6,78.66329216666666,16.882839166666667,True,1
1788777374.661,1788776888.8,78.66329366666668,16.882845666666665,True,1
1788777374.858,1788776889.0,78.66329516666666,16.882852333333336,True,1
1788777375.055,1788776889.2,78.66329649999999,16.882859333333332,True,1
1788777375.255,1788776889.4,78.66329783333335,16.882866166666666,True,1
1788777375.454,1788776889.6,78.66329933333333,16.882873166666666,True,1
1788777375.655,1788776889.8,78.66330083333334,16.88288,True,1
1788777375.857,1788776890.0,78.66330216666667,16.882886833333334,True,1
1788777376.056,1788776890.2,78.66330366666666,16.882893833333334,True,1
1788777376.258,1788776890.4,78.66330516666667,16.882900666666668,True,1
1788777376.457,1788776890.6,78.6633065,16.882907666666664,True,1
1788777376.654,1788776890.8,78.66330783333333,16.882914500000002,True,1
1788777376.854,1788776891.0,78.66330933333333,16.882921333333336,True,1
1788777377.058,1788776891.2,78.66331066666666,16.882928166666666,True,1
1788777377.257,1788776891.4,78.66331199999999,16.882935,True,1
1788777377.456,1788776891.6,78.6633135,16.882941833333334,True,1
1788777377.659,1788776891.8,78.66331483333333,16.8829485,True,1
1788777377.859,1788776892.0,78.66331633333333,16.88295533333333,True,1
1788777378.057,1788776892.2,78.66331766666667,16.88296216666667,True,1
1788777378.255,1788776892.4,78.66331916666667,16.882968833333333,True,1
1788777378.456,1788776892.6,78.6633205,16.8829755,True,1
1788777378.657,1788776892.8,78.66332200000001,16.882982166666668,True,1
1788777378.858,1788776893.0,78.66332333333334,16.882988833333332,True,1
1788777379.057,1788776893.2,78.66332466666667,16.882995666666666,True,1
1788777379.259,1788776893.4,78.66332616666666,16.8830025,True,1
1788777379.455,1788776893.6,78.6633275,16.883009,True,1
1788777379.657,1788776893.8,78.663329,16.88301583333333,True,1
1788777379.859,1788776894.0,78.66333033333333,16.883022666666665,True,1
1788777380.058,1788776894.2,78.66333183333333,16.883029500000003,True,1
1788777380.258,1788776894.4,78.66333316666667,16.883036166666667,True,1
1788777380.462,1788776894.6,78.66333466666667,16.883043,True,1
1788777380.657,1788776894.8,78.66333616666667,16.883049333333336,True,1
1788777380.856,1788776895.0,78.6633375,16.883055833333334,True,1
1788777381.056,1788776895.2,78.66333883333333,16.88306233333333,True,1
1788777381.255,1788776895.4,78.66334016666666,16.883069,True,1
1788777381.456,1788776895.6,78.66334166666667,16.883075666666667,True,1
1788777381.656,1788776895.8,78.66334316666666,16.883082333333334,True,1
1788777381.856,1788776896.0,78.6633445,16.883089166666664,True,1
1788777382.056,1788776896.2,78.663346,16.883096333333334,True,1
1788777382.253,1788776896.4,78.6633475,16.8831035,True,1
1788777382.455,1788776896.6,78.663349,16.883110666666667,True,1
1788777382.654,1788776896.8,78.66335033333333,16.883117666666667,True,1
1788777382.857,1788776897.0,78.66335183333334,16.883124333333335,True,1
1788777383.057,1788776897.2,78.66335333333333,16.883131166666665,True,1
1788777383.257,1788776897.4,78.66335466666666,16.883137666666666,True,1
1788777383.456,1788776897.6,78.66335616666667,16.883144333333334,True,1
1788777383.653,1788776897.8,78.66335766666666,16.883151,True,1
1788777383.854,1788776898.0,78.663359,16.883157833333332,True,1
1788777384.055,1788776898.2,78.6633605,16.883164833333336,True,1
1788777384.257,1788776898.4,78.663362,16.883171666666666,True,1
1788777384.456,1788776898.6,78.6633635,16.883178666666666,True,1
1788777384.654,1788776898.8,78.66336483333333,16.88318566666667,True,1
1788777384.859,1788776899.0,78.66336633333334,16.8831925,True,1
1788777385.056,1788776899.2,78.66336766666667,16.883199333333334,True,1
1788777385.255,1788776899.4,78.66336916666667,16.883206166666664,True,1
1788777385.455,1788776899.6,78.6633705,16.883212833333335,True,1
1788777385.655,1788776899.8,78.663372,16.8832195,True,1
1788777385.859,1788776900.0,78.6633735,16.883226166666667,True,1
1788777386.057,1788776900.2,78.66337483333334,16.883233,True,1
1788777386.256,1788776900.4,78.66337633333333,16.883239666666668,True,1
1788777386.455,1788776900.6,78.66337783333333,16.8832465,True,1
1788777386.657,1788776900.8,78.66337916666666,16.88325316666667,True,1
1788777386.857,1788776901.0,78.66338066666667,16.883260166666666,True,1
1788777387.057,1788776901.2,78.66338216666666,16.883267,True,1
1788777387.255,1788776901.4,78.66338366666668,16.883273999999997,True,1
1788777387.456,1788776901.6,78.663385,16.883280833333334,True,1
1788777387.657,1788776901.8,78.66338649999999,16.883287666666668,True,1
1788777387.856,1788776902.0,78.663388,16.883294166666666,True,1
1788777388.058,1788776902.2,78.66338933333333,16.883300666666667,True,1
1788777388.258,1788776902.4,78.66339083333334,16.8833075,True,1
1788777388.456,1788776902.6,78.66339216666667,16.883314,True,1
1788777388.659,1788776902.8,78.66339366666666,16.8833205,True,1
1788777388.859,1788776903.0,78.66339516666667,16.883327,True,1
1788777389.06,1788776903.2,78.6633965,16.8833335,True,1
1788777389.256,1788776903.4,78.663398,16.883340666666665,True,1
1788777389.455,1788776903.6,78.66339933333333,16.8833475,True,1
1788777389.657,1788776903.8,78.66340083333333,16.8833545,True,1
1788777389.858,1788776904.0,78.66340216666667,16.883361333333333,True,1
1788777390.058,1788776904.2,78.66340366666667,16.883368333333333,True,1
1788777390.257,1788776904.4,78.663405,16.883375333333333,True,1
1788777390.456,1788776904.6,78.66340650000001,16.883382333333333,True,1
1788777390.654,1788776904.8,78.66340799999999,16.883389166666667,True,1
1788777390.858,1788776905.0,78.66340933333332,16.883396,True,1
1788777391.056,1788776905.2,78.66341083333333,16.883402666666665,True,1
1788777391.256,1788776905.4,78.66341216666666,16.883409333333336,True,1
1788777391.456,1788776905.6,78.66341366666667,16.883416,True,1
1788777391.657,1788776905.8,78.663415,16.883422833333334,True,1
1788777391.856,1788776906.0,78.66341633333333,16.8834295,True,1
1788777392.057,1788776906.2,78.66341783333334,16.883436333333336,True,1
1788777392.258,1788776906.4,78.66341916666667,16.883443333333332,True,1
1788777392.456,1788776906.6,78.6634205,16.883450333333332,True,1
1788777392.656,1788776906.8,78.66342200000001,16.88345716666667,True,1
1788777392.857,1788776907.0,78.6634235,16.883464333333333,True,1
1788777393.057,1788776907.2,78.663425,16.8834715,True,1
1788777393.255,1788776907.4,78.66342633333333,16.883478500000002,True,1
1788777393.454,1788776907.6,78.66342783333333,16.8834855,True,1
1788777393.655,1788776907.8,78.66342916666667,16.883492333333333,True,1
1788777393.856,1788776908.0,78.66343066666667,16.883498999999997,True,1
1788777394.057,1788776908.2,78.663432,16.883505833333334,True,1
1788777394.257,1788776908.4,78.66343350000001,16.883512333333332,True,1
1788777394.456,1788776908.6,78.66343483333334,16.883519,True,1
1788777394.656,1788776908.8,78.66343633333332,16.883525666666667,True,1
1788777394.86,1788776909.0,78.66343783333333,16.883532333333335,True,1
1788777395.058,1788776909.2,78.66343916666666,16.883539499999998,True,1
1788777395.257,1788776909.4,78.66344066666667,16.883546333333335,True,1
1788777395.459,1788776909.6,78.66344216666667,16.883553333333335,True,1
1788777395.657,1788776909.8,78.66344366666667,16.883560166666665,True,1
1788777395.856,1788776910.0,78.663445,16.88356716666667,True,1
1788777396.054,1788776910.2,78.66344649999999,16.883574,True,1
1788777396.257,1788776910.4,78.66344783333334,16.8835805,True,1
1788777396.458,1788776910.6,78.66344933333333,16.883587166666665,True,1
1788777396.661,1788776910.8,78.66345066666666,16.8835935,True,1
1788777396.86,1788776911.0,78.66345216666667,16.883600166666668,True,1
1788777397.058,1788776911.2,78.66345366666665,16.88360683333333,True,1
1788777397.257,1788776911.4,78.66345500000001,16.883613500000003,True,1
1788777397.453,1788776911.6,78.6634565,16.883620166666667,True,1
1788777397.656,1788776911.8,78.663458,16.883627,True,1
1788777397.859,1788776912.0,78.6634595,16.883633666666665,True,1
1788777398.059,1788776912.2,78.66346100000001,16.88364066666667,True,1
1788777398.259,1788776912.4,78.66346233333334,16.883647666666665,True,1
1788777398.458,1788776912.6,78.66346383333332,16.8836545,True,1
1788777398.659,1788776912.8,78.66346533333333,16.883661500000002,True,1
1788777398.857,1788776913.0,78.66346666666666,16.883668333333333,True,1
1788777399.058,1788776913.2,78.66346816666668,16.883675166666666,True,1
1788777399.256,1788776913.4,78.66346966666667,16.883682,True,1
1788777399.456,1788776913.6,78.66347116666667,16.883688666666668,True,1
1788777399.659,1788776913.8,78.66347266666666,16.883695833333334,True,1
1788777399.859,1788776914.0,78.663474,16.883702500000002,True,1
1788777400.057,1788776914.2,78.6634755,16.883709500000002,True,1
1788777400.254,1788776914.4,78.663477,16.883716333333332,True,1
1788777400.457,1788776914.6,78.66347850000001,16.883723166666666,True,1
1788777400.657,1788776914.8,78.66347999999999,16.883729833333334,True,1
1788777400.857,1788776915.0,78.66348133333332,16.8837365,True,1
1788777401.056,1788776915.2,78.66348283333333,16.88374333333333,True,1
1788777401.257,1788776915.4,78.66348433333333,16.88375016666667,True,1
1788777401.455,1788776915.6,78.66348583333334,16.883756833333333,True,1
1788777401.653,1788776915.8,78.66348733333332,16.8837635,True,1
1788777401.856,1788776916.0,78.66348866666667,16.883770166666668,True,1
1788777402.055,1788776916.2,78.66349016666666,16.883776833333332,True,1
1788777402.256,1788776916.4,78.66349149999999,16.883783666666666,True,1
1788777402.456,1788776916.6,78.663493,16.88379033333333,True,1
1788777402.656,1788776916.8,78.6634945,16.883797166666668,True,1
1788777402.857,1788776917.0,78.663496,16.883804,True,1
1788777403.057,1788776917.2,78.66349749999999,16.88381083333333,True,1
1788777403.256,1788776917.4,78.66349883333334,16.883817500000003,True,1
1788777403.456,1788776917.6,78.66350033333333,16.883824333333333,True,1
1788777403.655,1788776917.8,78.66350183333334,16.883831,True,1
1788777403.856,1788776918.0,78.66350316666667,16.883837500000002,True,1
1788777404.057,1788776918.2,78.66350466666667,16.883844166666666,True,1
1788777404.256,1788776918.4,78.66350600000001,16.883851,True,1
1788777404.452,1788776918.6,78.6635075,16.88385783333333,True,1
1788777404.659,1788776918.8,78.663509,16.883864666666668,True,1
1788777404.86,1788776919.0,78.6635105,16.8838715,True,1
1788777405.056,1788776919.2,78.66351183333333,16.883878166666666,True,1
1788777405.256,1788776919.4,78.66351333333334,16.883885000000003,True,1
1788777405.455,1788776919.6,78.66351483333332,16.883892,True,1
1788777405.658,1788776919.8,78.66351616666667,16.883898833333333,True,1
1788777405.856,1788776920.0,78.66351766666666,16.883905666666667,True,1
1788777406.056,1788776920.2,78.663519,16.8839125,True,1
1788777406.258,1788776920.4,78.6635205,16.883919166666665,True,1
1788777406.456,1788776920.6,78.663522,16.883926,True,1
1788777406.656,1788776920.8,78.66352333333333,16.88393316666667,True,1
1788777406.858,1788776921.0,78.66352483333334,16.883939833333333,True,1
1788777407.054,1788776921.2,78.66352633333332,16.883946666666667,True,1
1788777407.257,1788776921.4,78.66352783333333,16.883953333333334,True,1
1788777407.458,1788776921.6,78.66352933333333,16.883960000000002,True,1
1788777407.658,1788776921.8,78.66353066666667,16.883966666666666,True,1
1788777407.858,1788776922.0,78.66353216666667,16.883973500000003,True,1
1788777408.058,1788776922.2,78.6635335,16.883980333333334,True,1
1788777408.257,1788776922.4,78.663535,16.883986999999998,True,1
1788777408.455,1788776922.6,78.66353649999999,16.883993666666665,True,1
1788777408.655,1788776922.8,78.66353783333334,16.8840005,True,1
1788777408.857,1788776923.0,78.66353933333333,16.884007,True,1
1788777409.058,1788776923.2,78.66354066666666,16.88401383333333,True,1
1788777409.258,1788776923.4,78.66354216666667,16.884020666666668,True,1
1788777409.458,1788776923.6,78.66354366666665,16.8840275,True,1
1788777409.657,1788776923.8,78.66354516666667,16.884034166666666,True,1
1788777409.857,1788776924.0,78.6635465,16.884041,True,1
1788777410.064,1788776924.2,78.663548,16.884048,True,1
1788777410.258,1788776924.4,78.6635495,16.884055,True,1
1788777410.46,1788776924.6,78.66355100000001,16.884061999999997,True,1
1788777410.656,1788776924.8,78.6635525,16.884069,True,1
1788777410.857,1788776925.0,78.66355383333332,16.884075833333334,True,1
1788777411.058,1788776925.2,78.66355533333333,16.884082666666664,True,1
1788777411.255,1788776925.4,78.66355666666666,16.884089666666668,True,1
1788777411.456,1788776925.6,78.66355816666666,16.8840965,True,1
1788777411.657,1788776925.8,78.6635595,16.884103333333332,True,1
1788777411.856,1788776926.0,78.66356083333334,16.88411016666667,True,1
1788777412.068,1788776926.2,78.66356233333333,16.884117,True,1
1788777412.256,1788776926.4,78.66356366666668,16.884123833333334,True,1
1788777412.457,1788776926.6,78.66356516666666,16.884130666666668,True,1
1788777412.654,1788776926.8,78.66356649999999,16.8841375,True,1
1788777412.857,1788776927.0,78.66356783333335,16.88414433333333,True,1
1788777413.057,1788776927.2,78.66356933333333,16.884151,True,1
1788777413.256,1788776927.4,78.66357083333334,16.884157666666667,True,1
1788777413.456,1788776927.6,78.66357216666667,16.8841645,True,1
1788777413.656,1788776927.8,78.6635735,16.88417133333333,True,1
1788777413.857,1788776928.0,78.66357500000001,16.884178000000002,True,1
1788777414.054,1788776928.2,78.66357633333334,16.884184833333332,True,1
1788777414.256,1788776928.4,78.66357783333333,16.8841915,True,1
1788777414.465,1788776928.6,78.66357916666666,16.8841985,True,1
1788777414.655,1788776928.8,78.66358066666666,16.8842055,True,1
1788777414.856,1788776929.0,78.66358199999999,16.884212166666668,True,1
1788777415.057,1788776929.2,78.66358333333332,16.884218833333332,True,1
1788777415.259,1788776929.4,78.66358483333333,16.8842255,True,1
1788777415.454,1788776929.6,78.66358616666666,16.884232166666667,True,1
1788777415.656,1788776929.8,78.66358766666667,16.884238999999997,True,1
1788777415.857,1788776930.0,78.663589,16.884245833333335,True,1
1788777416.057,1788776930.2,78.6635905,16.884252666666665,True,1
1788777416.257,1788776930.4,78.66359183333334,16.884259333333333,True,1
1788777416.455,1788776930.6,78.66359333333334,16.884266166666666,True,1
1788777416.656,1788776930.8,78.66359483333333,16.884273,True,1
1788777416.856,1788776931.0,78.66359616666666,16.884279833333334,True,1
1788777417.057,1788776931.2,78.66359766666666,16.884286666666664,True,1
1788777417.257,1788776931.4,78.663599,16.884293500000002,True,1
1788777417.457,1788776931.6,78.6636005,16.884300166666666,True,1
1788777417.656,1788776931.8,78.66360183333333,16.884306833333333,True,1
1788777417.857,1788776932.0,78.66360316666666,16.884313666666667,True,1
1788777418.056,1788776932.2,78.66360466666667,16.884320333333335,True,1
1788777418.256,1788776932.4,78.663606,16.884327166666665,True,1
1788777418.458,1788776932.6,78.6636075,16.884334000000003,True,1
1788777418.659,1788776932.8,78.663609,16.884340666666667,True,1
1788777418.859,1788776933.0,78.66361033333332,16.8843475,True,1
1788777419.063,1788776933.2,78.66361183333333,16.884354166666665,True,1
1788777419.257,1788776933.4,78.66361333333333,16.884361000000002,True,1
1788777419.457,1788776933.6,78.66361466666667,16.884368,True,1
1788777419.658,1788776933.8,78.66361616666667,16.884374666666666,True,1
1788777419.857,1788776934.0,78.66361766666667,16.884381,True,1
1788777420.057,1788776934.2,78.663619,16.884387666666665,True,1
1788777420.257,1788776934.4,78.6636205,16.884394333333333,True,1
1788777420.455,1788776934.6,78.66362183333334,16.884401166666667,True,1
1788777420.657,1788776934.8,78.66362333333333,16.884408166666667,True,1
1788777420.855,1788776935.0,78.66362483333334,16.884414833333334,True,1
1788777421.057,1788776935.2,78.66362633333333,16.884421666666665,True,1
1788777421.264,1788776935.4,78.66362783333334,16.884428500000002,True,1
1788777421.456,1788776935.6,78.66362933333333,16.884435333333332,True,1
1788777421.657,1788776935.8,78.66363083333334,16.884442,True,1
1788777421.859,1788776936.0,78.66363233333333,16.884448833333334,True,1
1788777422.059,1788776936.2,78.66363383333334,16.8844555,True,1
1788777422.255,1788776936.4,78.66363516666667,16.884462166666665,True,1
1788777422.455,1788776936.6,78.66363666666666,16.884468833333337,True,1
1788777422.656,1788776936.8,78.66363816666667,16.884475666666667,True,1
1788777422.858,1788776937.0,78.66363966666667,16.884482333333334,True,1
1788777423.057,1788776937.2,78.66364116666666,16.884489,True,1
1788777423.256,1788776937.4,78.66364266666666,16.884495833333336,True,1
1788777423.454,1788776937.6,78.663644,16.884502833333332,True,1
1788777423.654,1788776937.8,78.6636455,16.8845095,True,1
1788777423.857,1788776938.0,78.66364700000001,16.884516333333334,True,1
1788777424.057,1788776938.2,78.6636485,16.884523333333334,True,1
1788777424.257,1788776938.4,78.66365,16.884529833333332,True,1
1788777424.463,1788776938.6,78.6636515,16.884536833333335,True,1
1788777424.655,1788776938.8,78.66365300000001,16.884543666666666,True,1
1788777424.856,1788776939.0,78.66365433333334,16.8845505,True,1
1788777425.055,1788776939.2,78.663656,16.884557500000003,True,1
1788777425.259,1788776939.4,78.6636575,16.884564166666667,True,1
1788777425.459,1788776939.6,78.66365900000001,16.88457083333333,True,1
1788777425.653,1788776939.8,78.6636605,16.88457783333333,True,1
1788777425.854,1788776940.0,78.663662,16.88458466666667,True,1
1788777426.061,1788776940.2,78.66366333333333,16.884591333333333,True,1
1788777426.259,1788776940.4,78.66366483333333,16.884598333333333,True,1
1788777426.455,1788776940.6,78.66366633333334,16.884605,True,1
1788777426.658,1788776940.8,78.66366783333334,16.884611833333334,True,1
1788777426.857,1788776941.0,78.66366933333333,16.884618666666665,True,1
1788777427.058,1788776941.2,78.66367083333333,16.884625333333336,True,1
1788777427.257,1788776941.4,78.66367233333334,16.884632,True,1
1788777427.456,1788776941.6,78.66367366666667,16.884638666666667,True,1
1788777427.655,1788776941.8,78.66367516666666,16.884645499999998,True,1
1788777427.856,1788776942.0,78.66367666666666,16.88465216666667,True,1
1788777428.057,1788776942.2,78.66367816666666,16.884658833333333,True,1
1788777428.264,1788776942.4,78.66367966666667,16.884665833333333,True,1
1788777428.457,1788776942.6,78.66368116666666,16.884672666666667,True,1
1788777428.659,1788776942.8,78.66368266666667,16.88467916666667,True,1
1788777428.856,1788776943.0,78.66368416666666,16.884685833333332,True,1
1788777429.057,1788776943.2,78.66368566666667,16.884692166666664,True,1
1788777429.255,1788776943.4,78.66368716666666,16.884698333333333,True,1
1788777429.456,1788776943.6,78.66368883333332,16.884703833333333,True,1
1788777429.657,1788776943.8,78.66369033333334,16.884709,True,1
1788777429.858,1788776944.0,78.66369200000001,16.884714,True,1
1788777430.057,1788776944.2,78.6636935,16.884718666666668,True,1
1788777430.258,1788776944.4,78.663695,16.884722833333335,True,1
1788777430.456,1788776944.6,78.6636965,16.8847265,True,1
1788777430.657,1788776944.8,78.66369816666666,16.88472983333333,True,1
1788777430.858,1788776945.0,78.66369983333334,16.884732666666665,True,1
1788777431.057,1788776945.2,78.66370133333334,16.884735499999998,True,1
1788777431.257,1788776945.4,78.66370316666666,16.884738000000002,True,1
1788777431.456,1788776945.6,78.66370483333334,16.884740166666667,True,1
1788777431.657,1788776945.8,78.6637065,16.884741833333333,True,1
1788777431.863,1788776946.0,78.66370816666667,16.884743500000003,True,1
1788777432.056,1788776946.2,78.66371000000001,16.884744666666666,True,1
1788777432.259,1788776946.4,78.66371166666666,16.8847455,True,1
1788777432.457,1788776946.6,78.66371366666667,16.884746166666666,True,1
1788777432.658,1788776946.8,78.66371550000001,16.884746333333332,True,1
1788777432.857,1788776947.0,78.66371733333334,16.884746500000002,True,1
1788777433.059,1788776947.2,78.66371916666667,16.884746500000002,True,1
1788777433.258,1788776947.4,78.66372116666666,16.884746333333332,True,1
1788777433.457,1788776947.6,78.66372299999999,16.884746,True,1
1788777433.657,1788776947.8,78.66372483333333,16.884745333333335,True,1
1788777433.856,1788776948.0,78.66372666666666,16.884744333333334,True,1
1788777434.057,1788776948.2,78.66372866666667,16.884743166666667,True,1
1788777434.256,1788776948.4,78.6637305,16.88474216666667,True,1
1788777434.455,1788776948.6,78.66373233333334,16.884740833333336,True,1
1788777434.655,1788776948.8,78.66373433333334,16.88473916666667,True,1
1788777434.857,1788776949.0,78.66373616666667,16.884737500000004,True,1
1788777435.056,1788776949.2,78.663738,16.884735666666664,True,1
1788777435.257,1788776949.4,78.66374,16.884733333333333,True,1
1788777435.46,1788776949.6,78.66374183333333,16.884730666666666,True,1
1788777435.659,1788776949.8,78.66374366666668,16.884728,True,1
1788777435.857,1788776950.0,78.6637455,16.884724833333333,True,1
1788777436.056,1788776950.2,78.66374733333333,16.884721666666668,True,1
1788777436.258,1788776950.4,78.66374916666668,16.88471816666667,True,1
1788777436.456,1788776950.6,78.66375083333334,16.884714499999998,True,1
1788777436.657,1788776950.8,78.66375266666667,16.8847105,True,1
1788777436.858,1788776951.0,78.66375450000001,16.884706666666666,True,1
1788777437.057,1788776951.2,78.66375616666666,16.884702666666666,True,1
1788777437.256,1788776951.4,78.663758,16.884698500000002,True,1
1788777437.456,1788776951.6,78.66375983333334,16.884693833333333,True,1
1788777437.658,1788776951.8,78.66376166666667,16.884688666666666,True,1
1788777437.859,1788776952.0,78.6637635,16.8846835,True,1
1788777438.058,1788776952.2,78.66376516666666,16.8846785,True,1
1788777438.257,1788776952.4,78.663767,16.884673333333335,True,1
1788777438.457,1788776952.6,78.66376866666666,16.884668166666664,True,1
1788777438.658,1788776952.8,78.66377033333333,16.8846625,True,1
1788777438.856,1788776953.0,78.66377183333334,16.884657,True,1
1788777439.059,1788776953.2,78.66377349999999,16.8846515,True,1
1788777439.258,1788776953.4,78.663775,16.884646166666666,True,1
1788777439.456,1788776953.6,78.6637765,16.8846405,True,1
1788777439.656,1788776953.8,78.66377816666666,16.8846345,True,1
1788777439.859,1788776954.0,78.66377966666667,16.884628666666668,True,1
1788777440.059,1788776954.2,78.66378116666667,16.884622666666665,True,1
1788777440.258,1788776954.4,78.6637825,16.8846165,True,1
1788777440.462,1788776954.6,78.663784,16.884610333333335,True,1
1788777440.659,1788776954.8,78.66378549999999,16.88460416666667,True,1
1788777440.859,1788776955.0,78.66378683333333,16.88459783333333,True,1
1788777441.06,1788776955.2,78.66378833333333,16.884591666666665,True,1
1788777441.259,1788776955.4,78.66378966666666,16.8845855,True,1
1788777441.46,1788776955.6,78.66379116666667,16.88457933333333,True,1
1788777441.656,1788776955.8,78.6637925,16.884573,True,1
1788777441.858,1788776956.0,78.66379383333333,16.884566500000002,True,1
1788777442.059,1788776956.2,78.66379516666666,16.884560166666667,True,1
1788777442.26,1788776956.4,78.6637965,16.88455383333333,True,1
1788777442.458,1788776956.6,78.66379783333333,16.884547,True,1
1788777442.658,1788776956.8,78.663799,16.884540333333334,True,1
1788777442.858,1788776957.0,78.66380033333333,16.8845335,True,1
1788777443.055,1788776957.2,78.66380166666666,16.8845265,True,1
1788777443.259,1788776957.4,78.66380283333334,16.8845195,True,1
1788777443.457,1788776957.6,78.66380416666667,16.88451266666667,True,1
1788777443.659,1788776957.8,78.66380550000001,16.884505166666667,True,1
1788777443.86,1788776958.0,78.66380683333334,16.884497500000002,True,1
1788777444.059,1788776958.2,78.66380816666667,16.884489666666664,True,1
1788777444.258,1788776958.4,78.66380966666667,16.884481666666666,True,1
1788777444.457,1788776958.6,78.663811,16.884473500000002,True,1
1788777444.658,1788776958.8,78.66381249999999,16.884465166666665,True,1
1788777444.859,1788776959.0,78.66381383333334,16.884456833333335,True,1
1788777445.058,1788776959.2,78.66381533333333,16.8844485,True,1
1788777445.256,1788776959.4,78.66381666666666,16.88443983333333,True,1
1788777445.456,1788776959.6,78.66381816666667,16.884431333333335,True,1
1788777445.655,1788776959.8,78.6638195,16.884422833333335,True,1
1788777445.855,1788776960.0,78.66382100000001,16.884414333333332,True,1
1788777446.058,1788776960.2,78.66382233333334,16.884406000000002,True,1
1788777446.257,1788776960.4,78.66382366666667,16.8843975,True,1
1788777446.457,1788776960.6,78.66382516666665,16.884389,True,1
1788777446.658,1788776960.8,78.6638265,16.884380166666666,True,1
1788777446.859,1788776961.0,78.66382783333333,16.884371666666667,True,1
1788777447.059,1788776961.2,78.66382933333333,16.884363333333333,True,1
1788777447.258,1788776961.4,78.66383066666667,16.884354833333337,True,1
1788777447.457,1788776961.6,78.663832,16.884346666666666,True,1
1788777447.658,1788776961.8,78.66383333333333,16.884338,True,1
1788777447.859,1788776962.0,78.66383466666666,16.884329666666666,True,1
1788777448.058,1788776962.2,78.663836,16.884321166666666,True,1
1788777448.259,1788776962.4,78.66383733333333,16.884312833333336,True,1
1788777448.47,1788776962.6,78.66383866666666,16.884304333333333,True,1
1788777448.658,1788776962.8,78.66384,16.884295833333333,True,1
1788777448.858,1788776963.0,78.66384133333332,16.884287166666663,True,1
1788777449.058,1788776963.2,78.6638425,16.884279,True,1
1788777449.258,1788776963.4,78.663844,16.884270833333336,True,1
1788777449.457,1788776963.6,78.66384533333333,16.8842625,True,1
1788777449.658,1788776963.8,78.66384666666666,16.884254333333335,True,1
1788777449.857,1788776964.0,78.66384783333334,16.884246166666667,True,1
1788777450.058,1788776964.2,78.66384916666667,16.884237833333334,True,1
1788777450.258,1788776964.4,78.66385050000001,16.884229666666666,True,1
1788777450.458,1788776964.6,78.66385183333334,16.884221500000002,True,1
1788777450.658,1788776964.8,78.663853,16.884213499999998,True,1
1788777450.856,1788776965.0,78.66385433333333,16.884205333333334,True,1
1788777451.055,1788776965.2,78.66385566666666,16.884197333333336,True,1
1788777451.255,1788776965.4,78.66385683333333,16.88418933333333,True,1
1788777451.458,1788776965.6,78.66385816666666,16.8841815,True,1
1788777451.657,1788776965.8,78.6638595,16.8841735,True,1
1788777451.859,1788776966.0,78.66386083333333,16.884165499999998,True,1
1788777452.057,1788776966.2,78.66386200000001,16.8841575,True,1
1788777452.257,1788776966.4,78.66386333333334,16.884149666666666,True,1
1788777452.457,1788776966.6,78.6638645,16.884141666666668,True,1
1788777452.656,1788776966.8,78.66386583333333,16.8841335,True,1
1788777452.86,1788776967.0,78.66386716666666,16.8841255,True,1
1788777453.057,1788776967.2,78.6638685,16.88411766666667,True,1
1788777453.258,1788776967.4,78.66386983333334,16.884109666666667,True,1
1788777453.457,1788776967.6,78.66387116666667,16.884101666666666,True,1
1788777453.656,1788776967.8,78.6638725,16.8840935,True,1
1788777453.858,1788776968.0,78.66387383333334,16.884085833333334,True,1
1788777454.056,1788776968.2,78.66387516666667,16.884077833333333,True,1
1788777454.259,1788776968.4,78.6638765,16.884069833333335,True,1
1788777454.46,1788776968.6,78.66387783333333,16.884061999999997,True,1
1788777454.66,1788776968.8,78.663879,16.884054,True,1
1788777454.858,1788776969.0,78.66388033333332,16.884046,True,1
1788777455.059,1788776969.2,78.66388166666667,16.884038166666667,True,1
1788777455.26,1788776969.4,78.663883,16.884030499999998,True,1
1788777455.461,1788776969.6,78.66388433333333,16.8840225,True,1
1788777455.66,1788776969.8,78.66388566666666,16.884014333333333,True,1
1788777455.857,1788776970.0,78.663887,16.884006333333332,True,1
1788777456.061,1788776970.2,78.66388833333333,16.8839985,True,1
1788777456.259,1788776970.4,78.66388966666666,16.8839905,True,1
1788777456.458,1788776970.6,78.66389099999999,16.883982833333334,True,1
1788777456.658,1788776970.8,78.66389233333332,16.883975000000003,True,1
1788777456.858,1788776971.0,78.66389366666667,16.883966833333332,True,1
1788777457.059,1788776971.2,78.66389483333334,16.883959166666667,True,1
1788777457.258,1788776971.4,78.66389616666667,16.883951500000002,True,1
1788777457.457,1788776971.6,78.6638975,16.883943666666667,True,1
1788777457.659,1788776971.8,78.66389883333333,16.883936000000002,True,1
1788777457.86,1788776972.0,78.6639,16.883928166666667,True,1
1788777458.06,1788776972.2,78.66390133333333,16.8839205,True,1
1788777458.26,1788776972.4,78.66390266666667,16.883912666666667,True,1
1788777458.458,1788776972.6,78.663904,16.883905000000002,True,1
1788777458.659,1788776972.8,78.6639055,16.883897333333334,True,1
1788777458.858,1788776973.0,78.66390666666666,16.883889500000002,True,1
1788777459.059,1788776973.2,78.66390816666667,16.88388183333333,True,1
1788777459.258,1788776973.4,78.6639095,16.883874,True,1
1788777459.458,1788776973.6,78.66391083333333,16.883866,True,1
1788777459.654,1788776973.8,78.66391216666666,16.883858166666666,True,1
1788777459.859,1788776974.0,78.66391366666667,16.88385033333333,True,1
1788777460.06,1788776974.2,78.663915,16.883842666666666,True,1
1788777460.26,1788776974.4,78.66391616666667,16.883834999999998,True,1
1788777460.457,1788776974.6,78.66391766666668,16.883827333333333,True,1
1788777460.656,1788776974.8,78.663919,16.883819666666668,True,1
1788777460.859,1788776975.0,78.66392033333334,16.883812166666665,True,1
1788777461.056,1788776975.2,78.66392166666667,16.883804833333333,True,1
1788777461.256,1788776975.4,78.66392300000001,16.883797333333334,True,1
1788777461.455,1788776975.6,78.66392433333334,16.8837895,True,1
1788777461.654,1788776975.8,78.66392583333332,16.883781833333334,True,1
1788777461.856,1788776976.0,78.66392716666665,16.883774333333335,True,1
1788777462.056,1788776976.2,78.66392850000001,16.883766666666666,True,1
1788777462.254,1788776976.4,78.66392983333334,16.883759166666668,True,1
1788777462.461,1788776976.6,78.66393133333332,16.88375166666667,True,1
1788777462.658,1788776976.8,78.66393266666667,16.883744166666666,True,1
1788777462.857,1788776977.0,78.663934,16.8837365,True,1
1788777463.057,1788776977.2,78.66393533333333,16.883728833333333,True,1
1788777463.256,1788776977.4,78.66393666666666,16.883721666666666,True,1
1788777463.455,1788776977.6,78.663938,16.883714333333334,True,1
1788777463.656,1788776977.8,78.6639395,16.883707,True,1
1788777463.857,1788776978.0,78.66394083333333,16.883699666666665,True,1
1788777464.056,1788776978.2,78.66394216666666,16.8836925,True,1
1788777464.256,1788776978.4,78.66394366666667,16.883685166666666,True,1
1788777464.455,1788776978.6,78.663945,16.883677666666664,True,1
1788777464.657,1788776978.8,78.66394650000001,16.883670333333335,True,1
1788777464.856,1788776979.0,78.66394783333334,16.883663000000002,True,1
1788777465.054,1788776979.2,78.66394933333332,16.883655666666666,True,1
1788777465.259,1788776979.4,78.66395066666668,16.883648333333333,True,1
1788777465.457,1788776979.6,78.66395200000001,16.883640833333335,True,1
1788777465.657,1788776979.8,78.66395349999999,16.8836335,True,1
1788777465.859,1788776980.0,78.66395483333334,16.883626333333332,True,1
1788777466.056,1788776980.2,78.66395633333333,16.883619,True,1
1788777466.256,1788776980.4,78.66395766666666,16.883611833333337,True,1
1788777466.453,1788776980.6,78.66395916666667,16.8836045,True,1
1788777466.657,1788776980.8,78.6639605,16.883597166666668,True,1
1788777466.857,1788776981.0,78.66396183333333,16.883589833333335,True,1
1788777467.058,1788776981.2,78.66396333333334,16.883582666666666,True,1
1788777467.257,1788776981.4,78.66396466666667,16.883575333333333,True,1
1788777467.458,1788776981.6,78.66396616666665,16.883567833333334,True,1
1788777467.656,1788776981.8,78.6639675,16.88356033333333,True,1
1788777467.855,1788776982.0,78.663969,16.883552833333333,True,1
1788777468.058,1788776982.2,78.6639705,16.883545333333334,True,1
1788777468.257,1788776982.4,78.66397183333333,16.883537999999998,True,1
1788777468.456,1788776982.6,78.66397316666666,16.883530666666665,True,1
1788777468.657,1788776982.8,78.66397466666668,16.883523333333336,True,1
1788777468.86,1788776983.0,78.66397616666667,16.883516,True,1
1788777469.058,1788776983.2,78.6639775,16.883508666666668,True,1
1788777469.256,1788776983.4,78.663979,16.88350116666667,True,1
1788777469.457,1788776983.6,78.66398033333333,16.883494,True,1
1788777469.659,1788776983.8,78.66398183333334,16.883486666666666,True,1
1788777469.857,1788776984.0,78.66398316666667,16.883479,True,1
1788777470.058,1788776984.2,78.66398466666666,16.8834715,True,1
1788777470.259,1788776984.4,78.66398600000001,16.883464166666666,True,1
1788777470.462,1788776984.6,78.66398733333334,16.883457,True,1
1788777470.655,1788776984.8,78.66398883333333,16.883449666666667,True,1
1788777470.858,1788776985.0,78.66399033333333,16.8834425,True,1
1788777471.059,1788776985.2,78.66399166666666,16.88343516666667,True,1
1788777471.258,1788776985.4,78.66399316666666,16.883427833333332,True,1
1788777471.458,1788776985.6,78.6639945,16.8834205,True,1
1788777471.657,1788776985.8,78.66399583333333,16.883413,True,1
1788777471.857,1788776986.0,78.66399733333333,16.8834055,True,1
1788777472.056,1788776986.2,78.66399866666667,16.883398166666666,True,1
1788777472.257,1788776986.4,78.66400016666667,16.883390666666667,True,1
1788777472.456,1788776986.6,78.6640015,16.88338333333333,True,1
1788777472.657,1788776986.8,78.66400300000001,16.883376166666668,True,1
1788777472.856,1788776987.0,78.66400433333334,16.883368833333336,True,1
1788777473.056,1788776987.2,78.66400583333333,16.8833615,True,1
1788777473.257,1788776987.4,78.66400716666666,16.883354166666667,True,1
1788777473.455,1788776987.6,78.6640085,16.883346833333334,True,1
1788777473.657,1788776987.8,78.66400983333332,16.883339499999998,True,1
1788777473.855,1788776988.0,78.66401133333333,16.883332166666666,True,1
1788777474.056,1788776988.2,78.66401266666666,16.883324666666667,True,1
1788777474.257,1788776988.4,78.664014,16.883317166666664,True,1
1788777474.457,1788776988.6,78.6640155,16.883309666666666,True,1
1788777474.655,1788776988.8,78.66401683333333,16.8833025,True,1
1788777474.856,1788776989.0,78.66401833333333,16.883295166666667,True,1
1788777475.055,1788776989.2,78.66401966666668,16.883287833333334,True,1
1788777475.255,1788776989.4,78.664021,16.883280333333335,True,1
1788777475.455,1788776989.6,78.6640225,16.883272833333333,True,1
1788777475.655,1788776989.8,78.66402383333335,16.883265333333334,True,1
1788777475.856,1788776990.0,78.66402516666668,16.883258166666668,True,1
1788777476.056,1788776990.2,78.66402666666666,16.883250999999998,True,1
1788777476.256,1788776990.4,78.664028,16.883243666666665,True,1
1788777476.454,1788776990.6,78.6640295,16.883236166666666,True,1
1788777476.658,1788776990.8,78.66403083333333,16.883228666666664,True,1
1788777476.856,1788776991.0,78.66403216666666,16.883221166666665,True,1
1788777477.056,1788776991.2,78.66403366666667,16.883213666666666,True,1
1788777477.258,1788776991.4,78.66403516666666,16.88320633333333,True,1
1788777477.456,1788776991.6,78.66403650000001,16.883198666666665,True,1
1788777477.656,1788776991.8,78.66403799999999,16.883191,True,1
1788777477.858,1788776992.0,78.66403933333332,16.88318333333333,True,1
1788777478.057,1788776992.2,78.66404066666668,16.883176166666665,True,1
1788777478.257,1788776992.4,78.66404200000001,16.8831685,True,1
1788777478.457,1788776992.6,78.66404349999999,16.88316083333333,True,1
1788777478.656,1788776992.8,78.66404483333334,16.883153333333333,True,1
1788777478.857,1788776993.0,78.66404616666667,16.883145833333334,True,1
1788777479.057,1788776993.2,78.66404766666666,16.883138499999998,True,1
1788777479.256,1788776993.4,78.664049,16.883131166666665,True,1
1788777479.455,1788776993.6,78.6640505,16.883123666666666,True,1
1788777479.658,1788776993.8,78.66405183333333,16.88311583333333,True,1
1788777479.858,1788776994.0,78.66405316666666,16.883108,True,1
1788777480.058,1788776994.2,78.66405466666667,16.8831005,True,1
1788777480.254,1788776994.4,78.664056,16.883093166666665,True,1
1788777480.457,1788776994.6,78.66405733333333,16.883085666666666,True,1
1788777480.659,1788776994.8,78.66405883333333,16.883078166666667,True,1
1788777480.856,1788776995.0,78.66406016666666,16.88307083333333,True,1
1788777481.058,1788776995.2,78.66406149999999,16.883063333333332,True,1
1788777481.257,1788776995.4,78.664063,16.883056,True,1
1788777481.455,1788776995.6,78.66406433333333,16.883048499999997,True,1
1788777481.654,1788776995.8,78.66406583333334,16.8830415,True,1
1788777481.857,1788776996.0,78.66406716666667,16.88303416666667,True,1
1788777482.055,1788776996.2,78.6640685,16.883027000000002,True,1
1788777482.255,1788776996.4,78.66407,16.883019833333332,True,1
1788777482.455,1788776996.6,78.66407133333334,16.883012333333333,True,1
1788777482.655,1788776996.8,78.66407266666667,16.883005166666667,True,1
1788777482.857,1788776997.0,78.66407416666667,16.88299783333333,True,1
1788777483.054,1788776997.2,78.66407550000001,16.882990333333332,True,1
1788777483.256,1788776997.4,78.66407699999999,16.882983000000003,True,1
1788777483.454,1788776997.6,78.66407833333332,16.882975833333333,True,1
1788777483.655,1788776997.8,78.66407966666667,16.882968333333334,True,1
1788777483.855,1788776998.0,78.66408116666666,16.882960833333335,True,1
1788777484.055,1788776998.2,78.66408249999999,16.8829535,True,1
1788777484.256,1788776998.4,78.66408383333334,16.882946333333333,True,1
1788777484.454,1788776998.6,78.66408516666667,16.882939,True,1
1788777484.657,1788776998.8,78.6640865,16.88293133333333,True,1
1788777484.857,1788776999.0,78.66408783333333,16.882923833333333,True,1
1788777485.057,1788776999.2,78.66408916666666,16.8829165,True,1
1788777485.256,1788776999.4,78.66409066666667,16.882909333333334,True,1
1788777485.461,1788776999.6,78.664092,16.882902,True,1
1788777485.654,1788776999.8,78.66409333333333,16.88289466666667,True,1
1788777485.855,1788777000.0,78.66409483333334,16.882887333333333,True,1
1788777486.061,1788777000.2,78.66409616666667,16.882880333333333,True,1
1788777486.258,1788777000.4,78.6640975,16.882873,True,1
1788777486.46,1788777000.6,78.66409883333334,16.882865833333334,True,1
1788777486.658,1788777000.8,78.66410033333334,16.8828585,True,1
1788777486.856,1788777001.0,78.66410183333333,16.88285116666667,True,1
1788777487.054,1788777001.2,78.66410316666666,16.882844,True,1
1788777487.252,1788777001.4,78.6641045,16.882836666666666,True,1
1788777487.457,1788777001.6,78.66410599999999,16.882829166666667,True,1
1788777487.657,1788777001.8,78.66410733333333,16.88282183333333,True,1
1788777487.856,1788777002.0,78.66410866666666,16.882814666666665,True,1
1788777488.055,1788777002.2,78.66411016666666,16.882807500000002,True,1
1788777488.256,1788777002.4,78.6641115,16.882800166666666,True,1
1788777488.457,1788777002.6,78.66411283333333,16.882792666666667,True,1
1788777488.657,1788777002.8,78.66411416666666,16.882785166666668,True,1
1788777488.858,1788777003.0,78.66411566666667,16.882778,True,1
1788777489.058,1788777003.2,78.664117,16.8827705,True,1
1788777489.257,1788777003.4,78.66411833333333,16.882763,True,1
1788777489.457,1788777003.6,78.66411983333334,16.8827555,True,1
1788777489.658,1788777003.8,78.66412116666667,16.882748166666666,True,1
1788777489.855,1788777004.0,78.6641225,16.882741,True,1
1788777490.055,1788777004.2,78.66412399999999,16.882734000000003,True,1
1788777490.258,1788777004.4,78.66412533333333,16.882726833333333,True,1
1788777490.457,1788777004.6,78.66412666666666,16.882719666666667,True,1
1788777490.657,1788777004.8,78.66412816666666,16.882712666666666,True,1
1788777490.857,1788777005.0,78.6641295,16.882705333333334,True,1
1788777491.058,1788777005.2,78.664131,16.882698166666668,True,1
1788777491.256,1788777005.4,78.66413233333333,16.882691,True,1
1788777491.456,1788777005.6,78.66413366666667,16.88268383333333,True,1
1788777491.656,1788777005.8,78.66413516666667,16.8826765,True,1
1788777491.856,1788777006.0,78.6641365,16.88266916666667,True,1
1788777492.056,1788777006.2,78.66413783333334,16.882661666666667,True,1
1788777492.257,1788777006.4,78.66413916666667,16.88265416666667,True,1
1788777492.456,1788777006.6,78.6641405,16.882647000000002,True,1
1788777492.655,1788777006.8,78.664142,16.882639833333332,True,1
1788777492.858,1788777007.0,78.66414333333334,16.882632666666666,True,1
1788777493.057,1788777007.2,78.66414466666667,16.882625333333333,True,1
1788777493.258,1788777007.4,78.664146,16.882618166666667,True,1
1788777493.457,1788777007.6,78.6641475,16.882611166666667,True,1
1788777493.653,1788777007.8,78.66414883333333,16.882604166666667,True,1
1788777493.855,1788777008.0,78.66415016666666,16.882596999999997,True,1
1788777494.054,1788777008.2,78.66415149999999,16.882589499999998,True,1
1788777494.257,1788777008.4,78.664153,16.882582,True,1
1788777494.456,1788777008.6,78.66415433333333,16.882574833333333,True,1
1788777494.657,1788777008.8,78.66415583333334,16.882567666666667,True,1
1788777494.854,1788777009.0,78.66415716666667,16.882560333333334,True,1
1788777495.06,1788777009.2,78.6641585,16.882552999999998,True,1
1788777495.257,1788777009.4,78.66415983333333,16.882545999999998,True,1
1788777495.453,1788777009.6,78.66416133333334,16.882538833333335,True,1
1788777495.657,1788777009.8,78.66416266666667,16.882531833333335,True,1
1788777495.856,1788777010.0,78.66416416666667,16.88252483333333,True,1
1788777496.056,1788777010.2,78.66416550000001,16.88251766666667,True,1
1788777496.256,1788777010.4,78.66416683333334,16.882510333333336,True,1
1788777496.458,1788777010.6,78.66416833333332,16.882502833333334,True,1
1788777496.655,1788777010.8,78.66416966666667,16.882495666666667,True,1
1788777496.855,1788777011.0,78.664171,16.882488666666667,True,1
1788777497.056,1788777011.2,78.66417233333333,16.882481499999997,True,1
1788777497.255,1788777011.4,78.66417383333334,16.88247416666667,True,1
1788777497.456,1788777011.6,78.66417516666667,16.882467000000002,True,1
1788777497.655,1788777011.8,78.6641765,16.88246,True,1
1788777497.859,1788777012.0,78.66417783333333,16.882452833333332,True,1
1788777498.054,1788777012.2,78.66417916666666,16.8824455,True,1
1788777498.252,1788777012.4,78.66418066666667,16.882438166666667,True,1
1788777498.454,1788777012.6,78.664182,16.882431,True,1
1788777498.655,1788777012.8,78.66418333333333,16.882423666666668,True,1
1788777498.856,1788777013.0,78.66418483333334,16.88241633333333,True,1
1788777499.055,1788777013.2,78.66418616666667,16.882409,True,1
1788777499.256,1788777013.4,78.6641875,16.882401833333333,True,1
1788777499.455,1788777013.6,78.66418900000001,16.882394666666666,True,1
1788777499.655,1788777013.8,78.66419033333334,16.882387333333334,True,1
1788777499.856,1788777014.0,78.66419166666667,16.88238,True,1
1788777500.056,1788777014.2,78.664193,16.882372666666665,True,1
1788777500.257,1788777014.4,78.66419433333334,16.882365666666665,True,1
1788777500.461,1788777014.6,78.66419566666667,16.882358500000002,True,1
1788777500.657,1788777014.8,78.66419716666665,16.882351333333336,True,1
1788777500.854,1788777015.0,78.66419850000001,16.882344,True,1
1788777501.054,1788777015.2,78.66419983333334,16.8823365,True,1
1788777501.256,1788777015.4,78.66420116666667,16.882329333333335,True,1
1788777501.459,1788777015.6,78.66420266666667,16.88232233333333,True,1
1788777501.657,1788777015.8,78.664204,16.882315000000002,True,1
1788777501.858,1788777016.0,78.6642055,16.88230766666667,True,1
1788777502.057,1788777016.2,78.66420683333334,16.882300166666667,True,1
1788777502.258,1788777016.4,78.66420816666667,16.882292833333334,True,1
1788777502.456,1788777016.6,78.6642095,16.882285666666668,True,1
1788777502.655,1788777016.8,78.66421083333333,16.882278666666664,True,1
1788777502.858,1788777017.0,78.66421233333334,16.8822715,True,1
1788777503.057,1788777017.2,78.66421366666667,16.88226416666667,True,1
1788777503.258,1788777017.4,78.664215,16.882256833333333,True,1
1788777503.457,1788777017.6,78.66421633333333,16.882249666666667,True,1
1788777503.655,1788777017.8,78.66421766666667,16.882242333333334,True,1
1788777503.858,1788777018.0,78.66421916666667,16.882234999999998,True,1
1788777504.058,1788777018.2,78.6642205,16.882227666666665,True,1
1788777504.257,1788777018.4,78.66422200000001,16.882220500000003,True,1
1788777504.458,1788777018.6,78.66422316666667,16.882213166666666,True,1
1788777504.657,1788777018.8,78.66422466666667,16.882205833333334,True,1
1788777504.858,1788777019.0,78.664226,16.882198666666667,True,1
1788777505.057,1788777019.2,78.66422733333334,16.882191666666664,True,1
1788777505.256,1788777019.4,78.66422866666667,16.882184666666667,True,1
1788777505.454,1788777019.6,78.66423016666666,16.8821775,True,1
1788777505.655,1788777019.8,78.6642315,16.882170499999997,True,1
1788777505.855,1788777020.0,78.66423283333333,16.88216333333333,True,1
1788777506.054,1788777020.2,78.66423416666666,16.882155833333336,True,1
1788777506.257,1788777020.4,78.66423549999999,16.882148500000003,True,1
1788777506.453,1788777020.6,78.664237,16.882141166666667,True,1
1788777506.656,1788777020.8,78.66423833333333,16.882133666666668,True,1
1788777506.857,1788777021.0,78.66423966666666,16.882126333333336,True,1
1788777507.057,1788777021.2,78.66424099999999,16.882119,True,1
1788777507.257,1788777021.4,78.6642425,16.8821115,True,1
1788777507.456,1788777021.6,78.66424383333333,16.882104333333334,True,1
1788777507.657,1788777021.8,78.66424516666666,16.882097333333334,True,1
1788777507.856,1788777022.0,78.6642465,16.882090166666668,True,1
1788777508.058,1788777022.2,78.664248,16.882083,True,1
1788777508.257,1788777022.4,78.66424933333333,16.882075666666665,True,1
1788777508.456,1788777022.6,78.66425066666667,16.8820685,True,1
1788777508.655,1788777022.8,78.664252,16.882061166666666,True,1
1788777508.857,1788777023.0,78.66425333333333,16.882053833333334,True,1
1788777509.056,1788777023.2,78.66425466666666,16.8820465,True,1
1788777509.255,1788777023.4,78.66425616666668,16.88203916666667,True,1
1788777509.456,1788777023.6,78.6642575,16.882031833333333,True,1
1788777509.656,1788777023.8,78.66425883333334,16.8820245,True,1
1788777509.854,1788777024.0,78.66426033333333,16.882017166666667,True,1
1788777510.055,1788777024.2,78.66426166666666,16.882009999999998,True,1
1788777510.257,1788777024.4,78.66426299999999,16.882003,True,1
1788777510.455,1788777024.6,78.66426433333332,16.881995833333335,True,1
1788777510.652,1788777024.8,78.66426566666668,16.881988666666665,True,1
1788777510.855,1788777025.0,78.66426700000001,16.881981666666665,True,1
1788777511.055,1788777025.2,78.66426849999999,16.881974500000002,True,1
1788777511.257,1788777025.4,78.66426983333334,16.881967166666666,True,1
1788777511.455,1788777025.6,78.66427116666667,16.88196,True,1
1788777511.656,1788777025.8,78.66427266666666,16.881952666666667,True,1
1788777511.855,1788777026.0,78.66427399999999,16.881945499999997,True,1
1788777512.052,1788777026.2,78.6642755,16.881937999999998,True,1
1788777512.256,1788777026.4,78.66427683333333,16.881930333333333,True,1
1788777512.456,1788777026.6,78.66427833333334,16.881922999999997,True,1
1788777512.656,1788777026.8,78.66427966666667,16.881915833333334,True,1
1788777512.855,1788777027.0,78.664281,16.8819085,True,1
1788777513.056,1788777027.2,78.6642825,16.88190116666667,True,1
1788777513.255,1788777027.4,78.66428383333333,16.881894,True,1
1788777513.453,1788777027.6,78.66428516666666,16.881886833333333,True,1
1788777513.656,1788777027.8,78.66428649999999,16.88187966666667,True,1
1788777513.855,1788777028.0,78.66428783333335,16.881872333333334,True,1
1788777514.056,1788777028.2,78.66428933333333,16.881865166666667,True,1
1788777514.258,1788777028.4,78.66429066666666,16.881858,True,1
1788777514.468,1788777028.6,78.66429199999999,16.8818505,True,1
1788777514.656,1788777028.8,78.6642935,16.881843333333332,True,1
1788777514.869,1788777029.0,78.66429483333333,16.881835833333334,True,1
1788777515.063,1788777029.2,78.66429616666666,16.881828499999997,True,1
1788777515.258,1788777029.4,78.6642975,16.88182116666667,True,1
1788777515.46,1788777029.6,78.664299,16.881813833333336,True,1
1788777515.655,1788777029.8,78.66430033333333,16.881806333333333,True,1
1788777515.856,1788777030.0,78.66430166666667,16.881799,True,1
1788777516.058,1788777030.2,78.664303,16.881791500000002,True,1
1788777516.257,1788777030.4,78.6643045,16.881784333333332,True,1
1788777516.458,1788777030.6,78.66430583333334,16.881776833333333,True,1
1788777516.658,1788777030.8,78.66430716666667,16.8817695,True,1
1788777516.855,1788777031.0,78.66430866666666,16.881761833333332,True,1
1788777517.054,1788777031.2,78.66430999999999,16.8817545,True,1
1788777517.257,1788777031.4,78.66431133333334,16.881747166666667,True,1
1788777517.455,1788777031.6,78.66431283333333,16.88173983333333,True,1
1788777517.656,1788777031.8,78.66431416666666,16.881732333333332,True,1
1788777517.859,1788777032.0,78.6643155,16.881724833333333,True,1
1788777518.057,1788777032.2,78.66431683333333,16.881717499999997,True,1
1788777518.257,1788777032.4,78.66431833333333,16.881710333333334,True,1
1788777518.458,1788777032.6,78.66431966666667,16.881703166666668,True,1
1788777518.659,1788777032.8,78.66432116666667,16.881695999999998,True,1
1788777518.859,1788777033.0,78.6643225,16.881688666666665,True,1
1788777519.057,1788777033.2,78.66432400000001,16.881681333333333,True,1
1788777519.256,1788777033.4,78.66432549999999,16.881673999999997,True,1
1788777519.457,1788777033.6,78.66432683333333,16.881666833333334,True,1
1788777519.656,1788777033.8,78.66432833333333,16.8816595,True,1
1788777519.857,1788777034.0,78.66432966666666,16.881652166666665,True,1
1788777520.056,1788777034.2,78.66433116666667,16.881644666666666,True,1
1788777520.254,1788777034.4,78.6643325,16.8816375,True,1
1788777520.456,1788777034.6,78.664334,16.881630166666664,True,1
1788777520.659,1788777034.8,78.66433533333334,16.881623,True,1
1788777520.859,1788777035.0,78.66433683333334,16.88161566666667,True,1
1788777521.058,1788777035.2,78.66433816666667,16.881608500000002,True,1
1788777521.258,1788777035.4,78.66433966666666,16.881601166666666,True,1
1788777521.457,1788777035.6,78.66434116666666,16.881593833333334,True,1
1788777521.653,1788777035.8,78.6643425,16.881586333333335,True,1
1788777521.856,1788777036.0,78.66434383333333,16.881579166666665,True,1
1788777522.056,1788777036.2,78.66434533333333,16.881572000000002,True,1
1788777522.256,1788777036.4,78.66434666666667,16.881564833333336,True,1
1788777522.455,1788777036.6,78.66434816666667,16.8815575,True,1
1788777522.655,1788777036.8,78.6643495,16.881550333333333,True,1
1788777522.854,1788777037.0,78.664351,16.881543166666667,True,1
1788777523.054,1788777037.2,78.66435233333333,16.88153583333333,True,1
1788777523.257,1788777037.4,78.66435366666666,16.881528666666668,True,1
1788777523.455,1788777037.6,78.66435516666667,16.881521333333335,True,1
1788777523.653,1788777037.8,78.6643565,16.881514166666665,True,1
1788777523.856,1788777038.0,78.664358,16.881506833333333,True,1
1788777524.055,1788777038.2,78.6643595,16.881499666666667,True,1
1788777524.257,1788777038.4,78.66436083333333,16.8814925,True,1
1788777524.453,1788777038.6,78.66436233333334,16.881485,True,1
1788777524.654,1788777038.8,78.66436366666667,16.881477500000003,True,1
1788777524.855,1788777039.0,78.66436516666666,16.881470333333333,True,1
1788777525.059,1788777039.2,78.6643665,16.881463166666666,True,1
1788777525.257,1788777039.4,78.66436783333333,16.881456,True,1
1788777525.454,1788777039.6,78.66436916666666,16.881448499999998,True,1
1788777525.655,1788777039.8,78.66437049999999,16.881441,True,1
1788777525.853,1788777040.0,78.66437183333333,16.881433666666666,True,1
1788777526.054,1788777040.2,78.66437316666666,16.88142633333333,True,1
1788777526.256,1788777040.4,78.6643745,16.881419166666667,True,1
1788777526.456,1788777040.6,78.66437583333332,16.88141166666667,True,1
1788777526.656,1788777040.8,78.66437733333333,16.881404166666666,True,1
1788777526.86,1788777041.0,78.66437866666666,16.881396666666667,True,1
1788777527.057,1788777041.2,78.66438,16.881389333333335,True,1
1788777527.255,1788777041.4,78.66438133333332,16.881382,True,1
1788777527.453,1788777041.6,78.66438283333333,16.8813745,True,1
1788777527.655,1788777041.8,78.66438416666666,16.881367,True,1
1788777527.858,1788777042.0,78.6643855,16.881359666666665,True,1
1788777528.055,1788777042.2,78.66438683333334,16.881352166666666,True,1
1788777528.256,1788777042.4,78.66438816666667,16.881344833333333,True,1
1788777528.456,1788777042.6,78.6643895,16.881337666666663,True,1
1788777528.67,1788777042.8,78.66439083333333,16.881330333333334,True,1
1788777528.857,1788777043.0,78.66439216666666,16.881323166666668,True,1
1788777529.058,1788777043.2,78.6643935,16.881315833333336,True,1
1788777529.258,1788777043.4,78.664395,16.881308666666666,True,1
1788777529.458,1788777043.6,78.66439633333333,16.8813015,True,1
1788777529.657,1788777043.8,78.66439766666667,16.881294166666667,True,1
1788777529.857,1788777044.0,78.664399,16.881286666666664,True,1
1788777530.058,1788777044.2,78.66440033333333,16.8812795,True,1
1788777530.258,1788777044.4,78.66440183333334,16.881272333333335,True,1
1788777530.462,1788777044.6,78.66440316666667,16.881265,True,1
1788777530.658,1788777044.8,78.6644045,16.881257666666666,True,1
1788777530.857,1788777045.0,78.66440583333333,16.881250333333334,True,1
1788777531.056,1788777045.2,78.66440716666666,16.88124283333333,True,1
1788777531.254,1788777045.4,78.66440866666667,16.881235666666665,True,1
1788777531.456,1788777045.6,78.66441,16.881228333333336,True,1
1788777531.658,1788777045.8,78.66441133333333,16.881221166666666,True,1
1788777531.859,1788777046.0,78.66441266666668,16.881213666666667,True,1
1788777532.058,1788777046.2,78.66441416666666,16.88120616666667,True,1
1788777532.258,1788777046.4,78.66441549999999,16.881198833333332,True,1
1788777532.456,1788777046.6,78.66441683333333,16.881191833333332,True,1
1788777532.654,1788777046.8,78.66441816666666,16.8811845,True,1
1788777532.857,1788777047.0,78.6644195,16.881177166666664,True,1
1788777533.056,1788777047.2,78.66442083333332,16.881169666666665,True,1
1788777533.255,1788777047.4,78.66442216666665,16.881162500000002,True,1
1788777533.455,1788777047.6,78.66442350000001,16.881155166666666,True,1
1788777533.656,1788777047.8,78.664425,16.881147833333333,True,1
1788777533.854,1788777048.0,78.66442633333332,16.881140666666667,True,1
1788777534.053,1788777048.2,78.66442766666667,16.881133499999997,True,1
1788777534.256,1788777048.4,78.664429,16.881126166666665,True,1
1788777534.456,1788777048.6,78.6644305,16.881119,True,1
1788777534.656,1788777048.8,78.66443183333334,16.881111833333332,True,1
1788777534.858,1788777049.0,78.66443333333333,16.881104833333332,True,1
1788777535.056,1788777049.2,78.66443466666666,16.8810975,True,1
1788777535.256,1788777049.4,78.66443616666668,16.881090333333336,True,1
1788777535.452,1788777049.6,78.6644375,16.881083166666667,True,1
1788777535.654,1788777049.8,78.66443883333334,16.881076166666666,True,1
1788777535.855,1788777050.0,78.66444033333333,16.88106916666667,True,1
1788777536.055,1788777050.2,78.66444166666666,16.881061833333334,True,1
1788777536.256,1788777050.4,78.66444299999999,16.881054666666667,True,1
1788777536.456,1788777050.6,78.6644445,16.8810475,True,1
1788777536.655,1788777050.8,78.66444583333333,16.88104033333333,True,1
1788777536.858,1788777051.0,78.66444716666666,16.881033333333335,True,1
1788777537.056,1788777051.2,78.66444849999999,16.881026000000002,True,1
1788777537.256,1788777051.4,78.66444983333334,16.881018666666666,True,1
1788777537.453,1788777051.6,78.66445116666667,16.881011666666666,True,1
1788777537.656,1788777051.8,78.66445266666666,16.881004333333333,True,1
1788777537.857,1788777052.0,78.66445399999999,16.880997166666667,True,1
1788777538.057,1788777052.2,78.66445533333334,16.880989833333334,True,1
1788777538.255,1788777052.4,78.66445666666667,16.880982500000002,True,1
1788777538.456,1788777052.6,78.664458,16.880975166666666,True,1
1788777538.656,1788777052.8,78.66445933333333,16.880968,True,1
1788777538.857,1788777053.0,78.66446083333334,16.8809605,True,1
1788777539.056,1788777053.2,78.66446216666667,16.880953166666664,True,1
1788777539.257,1788777053.4,78.66446366666668,16.88094583333333,True,1
1788777539.456,1788777053.6,78.664465,16.880938333333333,True,1
1788777539.655,1788777053.8,78.66446633333334,16.880930999999997,True,1
1788777539.857,1788777054.0,78.66446766666667,16.880923833333334,True,1
1788777540.058,1788777054.2,78.664469,16.880916333333335,True,1
1788777540.258,1788777054.4,78.66447050000001,16.880909166666665,True,1
1788777540.456,1788777054.6,78.66447183333334,16.880902,True,1
1788777540.656,1788777054.8,78.66447316666667,16.880894666666666,True,1
1788777540.856,1788777055.0,78.66447466666666,16.88088733333333,True,1
1788777541.058,1788777055.2,78.664476,16.880879999999998,True,1
1788777541.257,1788777055.4,78.66447733333332,16.880872833333335,True,1
1788777541.455,1788777055.6,78.66447866666667,16.880865500000002,True,1
1788777541.656,1788777055.8,78.66448,16.880858166666666,True,1
1788777541.855,1788777056.0,78.66448133333333,16.880851,True,1
1788777542.055,1788777056.2,78.66448266666666,16.880843833333333,True,1
1788777542.255,1788777056.4,78.66448399999999,16.8808365,True,1
1788777542.453,1788777056.6,78.6644855,16.88082916666667,True,1
1788777542.656,1788777056.8,78.66448683333333,16.880821500000003,True,1
1788777542.857,1788777057.0,78.66448816666666,16.880814166666667,True,1
1788777543.055,1788777057.2,78.6644895,16.880807,True,1
1788777543.256,1788777057.4,78.664491,16.880799333333336,True,1
1788777543.454,1788777057.6,78.66449233333333,16.880792,True,1
1788777543.655,1788777057.8,78.66449366666667,16.8807845,True,1
1788777543.855,1788777058.0,78.664495,16.880776833333336,True,1
1788777544.055,1788777058.2,78.66449633333333,16.8807695,True,1
1788777544.256,1788777058.4,78.66449783333334,16.880762333333333,True,1
1788777544.456,1788777058.6,78.66449916666667,16.880755166666667,True,1
1788777544.656,1788777058.8,78.6645005,16.880747666666664,True,1
1788777544.856,1788777059.0,78.66450183333333,16.880740166666666,True,1
1788777545.055,1788777059.2,78.66450316666666,16.880732833333333,True,1
1788777545.255,1788777059.4,78.66450466666667,16.8807255,True,1
1788777545.458,1788777059.6,78.664506,16.880718,True,1
1788777545.655,1788777059.8,78.66450733333333,16.880710166666667,True,1
1788777545.857,1788777060.0,78.66450883333333,16.880702499999998,True,1
1788777546.061,1788777060.2,78.66451,16.880695166666666,True,1
1788777546.256,1788777060.4,78.66451133333334,16.880688000000003,True,1
1788777546.456,1788777060.6,78.66451283333335,16.880680833333333,True,1
1788777546.656,1788777060.8,78.664514,16.880673333333334,True,1
1788777546.855,1788777061.0,78.66451533333334,16.880666,True,1
1788777547.062,1788777061.2,78.66451633333332,16.880658166666667,True,1
1788777547.255,1788777061.4,78.6645175,16.88065,True,1
1788777547.456,1788777061.6,78.66451866666667,16.880641833333335,True,1
1788777547.656,1788777061.8,78.66451983333333,16.8806335,True,1
1788777547.854,1788777062.0,78.66452083333334,16.880625000000002,True,1
1788777548.058,1788777062.2,78.66452183333334,16.880616333333332,True,1
1788777548.257,1788777062.4,78.66452266666667,16.8806075,True,1
1788777548.457,1788777062.6,78.6645235,16.880598666666668,True,1
1788777548.657,1788777062.8,78.66452433333333,16.880589666666665,True,1
1788777548.858,1788777063.0,78.66452516666666,16.8805805,True,1
1788777549.059,1788777063.2,78.66452583333333,16.8805715,True,1
1788777549.256,1788777063.4,78.66452633333333,16.880562166666667,True,1
1788777549.458,1788777063.6,78.66452683333334,16.880553000000003,True,1
1788777549.657,1788777063.8,78.66452733333334,16.880543666666664,True,1
1788777549.857,1788777064.0,78.66452783333334,16.88053366666667,True,1
1788777550.057,1788777064.2,78.66452816666667,16.880524166666664,True,1
1788777550.258,1788777064.4,78.6645285,16.880514666666667,True,1
1788777550.458,1788777064.6,78.66452883333334,16.880504833333337,True,1
1788777550.656,1788777064.8,78.66452933333333,16.880495,True,1
1788777550.858,1788777065.0,78.66452966666667,16.880485,True,1
1788777551.056,1788777065.2,78.66452983333333,16.880475166666667,True,1
1788777551.258,1788777065.4,78.66453,16.880465333333333,True,1
1788777551.457,1788777065.6,78.66453016666667,16.8804555,True,1
1788777551.658,1788777065.8,78.66453016666667,16.880446,True,1
1788777551.858,1788777066.0,78.66453033333333,16.880436666666665,True,1
1788777552.056,1788777066.2,78.66453016666667,16.880427333333333,True,1
1788777552.259,1788777066.4,78.66453016666667,16.880418000000002,True,1
1788777552.457,1788777066.6,78.66453,16.880408499999998,True,1
1788777552.658,1788777066.8,78.66452983333333,16.880399,True,1
1788777552.857,1788777067.0,78.66452966666667,16.880389166666664,True,1
1788777553.058,1788777067.2,78.6645295,16.88038,True,1
1788777553.256,1788777067.4,78.66452916666667,16.880370666666668,True,1
1788777553.454,1788777067.6,78.66452866666667,16.880361333333333,True,1
1788777553.659,1788777067.8,78.66452833333332,16.880351666666666,True,1
1788777553.859,1788777068.0,78.66452783333334,16.880342166666665,True,1
1788777554.056,1788777068.2,78.66452716666666,16.880333,True,1
1788777554.257,1788777068.4,78.66452666666667,16.8803235,True,1
1788777554.457,1788777068.6,78.664526,16.880313833333332,True,1
1788777554.658,1788777068.8,78.66452550000001,16.880304333333335,True,1
1788777554.857,1788777069.0,78.66452483333335,16.880295166666667,True,1
1788777555.055,1788777069.2,78.66452416666667,16.880286,True,1
1788777555.256,1788777069.4,78.6645235,16.88027633333333,True,1
1788777555.456,1788777069.6,78.66452299999999,16.880266833333334,True,1
1788777555.657,1788777069.8,78.66452233333332,16.880257500000003,True,1
1788777555.855,1788777070.0,78.66452166666666,16.880248666666667,True,1
1788777556.053,1788777070.2,78.664521,16.880239833333334,True,1
1788777556.253,1788777070.4,78.66452033333333,16.880230833333332,True,1
1788777556.455,1788777070.6,78.66451966666666,16.880221666666667,True,1
1788777556.657,1788777070.8,78.66451883333335,16.880213,True,1
1788777556.857,1788777071.0,78.66451816666667,16.880204499999998,True,1
1788777557.056,1788777071.2,78.66451733333334,16.88019566666667,True,1
1788777557.26,1788777071.4,78.6645165,16.880187166666666,True,1
1788777557.459,1788777071.6,78.66451550000001,16.880178666666666,True,1
1788777557.658,1788777071.8,78.66451466666668,16.88017016666667,True,1
1788777557.858,1788777072.0,78.66451366666666,16.880161666666666,True,1
1788777558.056,1788777072.2,78.6645125,16.8801535,True,1
1788777558.256,1788777072.4,78.66451149999999,16.880145333333335,True,1
1788777558.456,1788777072.6,78.6645105,16.880137166666668,True,1
1788777558.656,1788777072.8,78.6645095,16.880129,True,1
1788777558.854,1788777073.0,78.66450833333333,16.880120666666667,True,1
1788777559.059,1788777073.2,78.66450733333333,16.880112999999998,True,1
1788777559.258,1788777073.4,78.66450616666665,16.880105166666667,True,1
1788777559.457,1788777073.6,78.66450499999999,16.88009733333333,True,1
1788777559.659,1788777073.8,78.66450383333334,16.8800895,True,1
1788777559.858,1788777074.0,78.66450266666668,16.880081833333335,True,1
1788777560.06,1788777074.2,78.6645015,16.8800745,True,1
1788777560.258,1788777074.4,78.66450016666666,16.880067,True,1
1788777560.461,1788777074.6,78.66449899999999,16.8800595,True,1
1788777560.658,1788777074.8,78.66449783333334,16.880052,True,1
1788777560.857,1788777075.0,78.66449666666668,16.8800445,True,1
1788777561.058,1788777075.2,78.6644955,16.880037166666668,True,1
1788777561.258,1788777075.4,78.66449433333334,16.880029999999998,True,1
1788777561.457,1788777075.6,78.66449316666667,16.880022666666665,True,1
1788777561.655,1788777075.8,78.66449200000001,16.880015500000003,True,1
1788777561.86,1788777076.0,78.66449083333333,16.880008333333333,True,1
1788777562.059,1788777076.2,78.6644895,16.880001166666666,True,1
1788777562.258,1788777076.4,78.66448833333334,16.879993833333334,True,1
1788777562.458,1788777076.6,78.664487,16.879986666666664,True,1
1788777562.657,1788777076.8,78.66448583333334,16.8799795,True,1
1788777562.859,1788777077.0,78.6644845,16.87997216666667,True,1
1788777563.055,1788777077.2,78.66448333333332,16.87996433333333,True,1
1788777563.259,1788777077.4,78.66448199999999,16.879956666666665,True,1
1788777563.458,1788777077.6,78.66448066666666,16.879949166666666,True,1
1788777563.658,1788777077.8,78.66447933333333,16.879941666666664,True,1
1788777563.858,1788777078.0,78.66447783333334,16.879934,True,1
1788777564.058,1788777078.2,78.6644765,16.879926,True,1
1788777564.255,1788777078.4,78.66447516666668,16.8799185,True,1
1788777564.455,1788777078.6,78.66447383333335,16.879911333333332,True,1
1788777564.657,1788777078.8,78.66447233333334,16.879903833333334,True,1
1788777564.856,1788777079.0,78.664471,16.879896,True,1
1788777565.057,1788777079.2,78.6644695,16.879888333333334,True,1
1788777565.258,1788777079.4,78.66446816666667,16.87988066666667,True,1
1788777565.456,1788777079.6,78.66446666666667,16.879873166666666,True,1
1788777565.657,1788777079.8,78.66446533333333,16.8798655,True,1
1788777565.854,1788777080.0,78.66446383333333,16.879857833333332,True,1
1788777566.055,1788777080.2,78.6644625,16.87984983333333,True,1
1788777566.257,1788777080.4,78.66446116666665,16.879842166666666,True,1
1788777566.456,1788777080.6,78.66445966666667,16.879834666666667,True,1
1788777566.655,1788777080.8,78.66445816666666,16.879827166666665,True,1
1788777566.856,1788777081.0,78.66445683333333,16.8798195,True,1
1788777567.055,1788777081.2,78.6644555,16.879811833333335,True,1
1788777567.255,1788777081.4,78.66445416666667,16.879804333333333,True,1
1788777567.458,1788777081.6,78.66445266666666,16.879796833333334,True,1
1788777567.66,1788777081.8,78.66445133333333,16.879789000000002,True,1
1788777567.86,1788777082.0,78.66445,16.879780999999998,True,1
1788777568.064,1788777082.2,78.66444849999999,16.879773333333333,True,1
1788777568.257,1788777082.4,78.66444716666666,16.879765833333334,True,1
1788777568.457,1788777082.6,78.66444583333333,16.879758166666665,True,1
1788777568.655,1788777082.8,78.6644445,16.879750666666666,True,1
1788777568.855,1788777083.0,78.66444299999999,16.879742833333335,True,1
1788777569.057,1788777083.2,78.66444166666666,16.879735333333333,True,1
1788777569.255,1788777083.4,78.66444033333333,16.879727666666668,True,1
1788777569.455,1788777083.6,78.66443899999999,16.87972016666667,True,1
1788777569.657,1788777083.8,78.6644375,16.8797125,True,1
1788777569.856,1788777084.0,78.66443616666668,16.879704833333335,True,1
1788777570.057,1788777084.2,78.66443483333335,16.879697166666666,True,1
1788777570.258,1788777084.4,78.66443333333333,16.879689499999998,True,1
1788777570.457,1788777084.6,78.664432,16.879681833333333,True,1
1788777570.657,1788777084.8,78.66443066666668,16.879674,True,1
1788777570.858,1788777085.0,78.66442916666666,16.879666333333333,True,1
1788777571.058,1788777085.2,78.66442783333333,16.879658833333334,True,1
1788777571.257,1788777085.4,78.6644265,16.879651333333335,True,1
1788777571.457,1788777085.6,78.66442516666666,16.879643833333333,True,1
1788777571.656,1788777085.8,78.66442366666666,16.879636166666668,True,1
1788777571.856,1788777086.0,78.66442233333333,16.879628500000003,True,1
1788777572.057,1788777086.2,78.66442099999999,16.879621166666666,True,1
1788777572.258,1788777086.4,78.6644195,16.8796135,True,1
1788777572.468,1788777086.6,78.66441816666666,16.879605833333336,True,1
1788777572.656,1788777086.8,78.66441683333333,16.879598333333334,True,1
1788777572.855,1788777087.0,78.66441549999999,16.879590833333335,True,1
1788777573.054,1788777087.2,78.66441400000001,16.879583333333336,True,1
1788777573.255,1788777087.4,78.66441266666668,16.879575499999998,True,1
1788777573.454,1788777087.6,78.66441133333333,16.879567833333333,True,1
1788777573.654,1788777087.8,78.66441,16.879560166666668,True,1
1788777573.855,1788777088.0,78.66440866666667,16.8795525,True,1
1788777574.055,1788777088.2,78.66440716666666,16.879544833333334,True,1
1788777574.255,1788777088.4,78.664406,16.879537000000003,True,1
1788777574.455,1788777088.6,78.66440466666667,16.8795295,True,1
1788777574.656,1788777088.8,78.66440333333334,16.879522,True,1
1788777574.855,1788777089.0,78.66440183333334,16.87951466666667,True,1
1788777575.055,1788777089.2,78.6644005,16.879506833333334,True,1
1788777575.255,1788777089.4,78.66439933333332,16.879499,True,1
1788777575.458,1788777089.6,78.66439799999999,16.87949133333333,True,1
1788777575.656,1788777089.8,78.66439666666666,16.879483666666665,True,1
1788777575.856,1788777090.0,78.66439533333333,16.879476,True,1
1788777576.057,1788777090.2,78.66439399999999,16.879468166666665,True,1
1788777576.255,1788777090.4,78.6643925,16.8794605,True,1
1788777576.455,1788777090.6,78.66439133333333,16.879452833333335,True,1
1788777576.657,1788777090.8,78.66438983333335,16.8794455,True,1
1788777576.854,1788777091.0,78.6643885,16.879437833333334,True,1
1788777577.056,1788777091.2,78.66438716666667,16.87943016666667,True,1
1788777577.257,1788777091.4,78.66438583333334,16.87942233333333,True,1
1788777577.458,1788777091.6,78.66438450000001,16.879414666666666,True,1
1788777577.656,1788777091.8,78.66438316666667,16.879407166666667,True,1
1788777577.856,1788777092.0,78.66438183333334,16.879399333333332,True,1
1788777578.056,1788777092.2,78.66438050000001,16.8793915,True,1
1788777578.256,1788777092.4,78.66437916666668,16.879384,True,1
1788777578.457,1788777092.6,78.66437783333335,16.879376833333332,True,1
1788777578.657,1788777092.8,78.66437649999999,16.879369333333333,True,1
1788777578.856,1788777093.0,78.66437516666666,16.879361666666668,True,1
1788777579.057,1788777093.2,78.66437383333333,16.879354,True,1
1788777579.257,1788777093.4,78.6643725,16.879346333333334,True,1
1788777579.457,1788777093.6,78.66437133333334,16.87933866666667,True,1
1788777579.654,1788777093.8,78.66436999999999,16.879330666666664,True,1
1788777579.856,1788777094.0,78.66436866666666,16.879323,True,1
1788777580.056,1788777094.2,78.66436733333333,16.879315000000002,True,1
1788777580.256,1788777094.4,78.664366,16.879307333333333,True,1
1788777580.456,1788777094.6,78.66436483333334,16.879299666666668,True,1
1788777580.662,1788777094.8,78.66436350000001,16.87929216666667,True,1
1788777580.856,1788777095.0,78.66436216666666,16.879284666666667,True,1
1788777581.054,1788777095.2,78.66436083333333,16.879277166666668,True,1
1788777581.259,1788777095.4,78.66435966666667,16.87926966666667,True,1
1788777581.457,1788777095.6,78.66435833333334,16.879262166666667,True,1
1788777581.656,1788777095.8,78.66435700000001,16.879254500000002,True,1
1788777581.858,1788777096.0,78.66435566666668,16.879246666666667,True,1
1788777582.057,1788777096.2,78.66435433333332,16.8792385,True,1
1788777582.256,1788777096.4,78.66435299999999,16.879230500000002,True,1
1788777582.456,1788777096.6,78.66435166666666,16.879222666666667,True,1
1788777582.657,1788777096.8,78.66435033333333,16.879214666666666,True,1
1788777582.857,1788777097.0,78.66434916666667,16.87920666666667,True,1
1788777583.056,1788777097.2,78.66434783333334,16.879198666666664,True,1
1788777583.256,1788777097.4,78.6643465,16.879190833333332,True,1
1788777583.453,1788777097.6,78.66434533333333,16.879183333333334,True,1
1788777583.653,1788777097.8,78.664344,16.879175666666665,True,1
1788777583.853,1788777098.0,78.66434283333334,16.879167833333334,True,1
1788777584.056,1788777098.2,78.6643415,16.879160333333335,True,1
1788777584.255,1788777098.4,78.66434033333333,16.879152666666666,True,1
1788777584.454,1788777098.6,78.664339,16.87914483333333,True,1
1788777584.655,1788777098.8,78.66433766666667,16.879136666666668,True,1
1788777584.856,1788777099.0,78.6643365,16.879128666666666,True,1
1788777585.055,1788777099.2,78.66433516666666,16.8791205,True,1
1788777585.254,1788777099.4,78.66433383333333,16.8791125,True,1
1788777585.454,1788777099.6,78.6643325,16.8791045,True,1
1788777585.654,1788777099.8,78.66433133333334,16.879096666666666,True,1
1788777585.854,1788777100.0,78.66433,16.879088833333334,True,1
1788777586.055,1788777100.2,78.66432883333333,16.879081,True,1
1788777586.255,1788777100.4,78.6643275,16.879073333333334,True,1
1788777586.453,1788777100.6,78.66432633333334,16.879065833333335,True,1
1788777586.653,1788777100.8,78.66432516666667,16.879058,True,1
1788777586.856,1788777101.0,78.66432383333334,16.879050166666666,True,1
1788777587.056,1788777101.2,78.6643225,16.879042333333334,True,1
1788777587.254,1788777101.4,78.66432133333333,16.879034666666666,True,1
1788777587.454,1788777101.6,78.66432,16.879027,True,1
1788777587.658,1788777101.8,78.66431866666667,16.879019000000003,True,1
1788777587.857,1788777102.0,78.6643175,16.879011,True,1
1788777588.054,1788777102.2,78.66431616666667,16.879003166666667,True,1
1788777588.255,1788777102.4,78.66431483333334,16.878995166666666,True,1
1788777588.454,1788777102.6,78.66431366666667,16.878987,True,1
1788777588.655,1788777102.8,78.66431250000001,16.878978833333335,True,1
1788777588.856,1788777103.0,78.66431116666666,16.878970833333334,True,1
1788777589.063,1788777103.2,78.66430999999999,16.878962833333333,True,1
1788777589.254,1788777103.4,78.66430866666666,16.878955,True,1
1788777589.457,1788777103.6,78.66430749999999,16.878947166666666,True,1
1788777589.657,1788777103.8,78.66430616666666,16.878939333333335,True,1
1788777589.857,1788777104.0,78.664305,16.878931333333334,True,1
1788777590.058,1788777104.2,78.66430366666667,16.878923666666665,True,1
1788777590.258,1788777104.4,78.6643025,16.8789155,True,1
1788777590.46,1788777104.6,78.66430133333333,16.878907333333334,True,1
1788777590.654,1788777104.8,78.6643,16.878899333333333,True,1
1788777590.856,1788777105.0,78.66429883333333,16.878891333333335,True,1
1788777591.062,1788777105.2,78.6642975,16.878883666666663,True,1
1788777591.256,1788777105.4,78.66429616666666,16.8788755,True,1
1788777591.457,1788777105.6,78.664295,16.878867666666668,True,1
1788777591.656,1788777105.8,78.66429366666667,16.878859833333333,True,1
1788777591.857,1788777106.0,78.6642925,16.878852166666665,True,1
1788777592.054,1788777106.2,78.66429116666667,16.878844,True,1
1788777592.258,1788777106.4,78.66429,16.878836166666666,True,1
1788777592.456,1788777106.6,78.66428866666666,16.878828166666665,True,1
1788777592.656,1788777106.8,78.66428733333333,16.87882,True,1
1788777592.857,1788777107.0,78.66428616666667,16.878812,True,1
1788777593.058,1788777107.2,78.66428483333334,16.878803833333333,True,1
1788777593.257,1788777107.4,78.66428366666668,16.878796,True,1
1788777593.454,1788777107.6,78.66428233333333,16.878788166666666,True,1
1788777593.655,1788777107.8,78.66428116666665,16.878780166666665,True,1
1788777593.856,1788777108.0,78.66427999999999,16.878772333333334,True,1
1788777594.055,1788777108.2,78.66427866666666,16.878764333333333,True,1
1788777594.256,1788777108.4,78.6642775,16.8787565,True,1
1788777594.457,1788777108.6,78.66427633333333,16.87874866666667,True,1
1788777594.654,1788777108.8,78.664275,16.8787405,True,1
1788777594.853,1788777109.0,78.66427383333333,16.8787325,True,1
1788777595.066,1788777109.2,78.66427266666666,16.878724499999997,True,1
1788777595.255,1788777109.4,78.66427133333333,16.8787165,True,1
1788777595.455,1788777109.6,78.66427016666667,16.878708500000002,True,1
1788777595.655,1788777109.8,78.66426883333334,16.878700499999997,True,1
1788777595.855,1788777110.0,78.66426766666667,16.8786925,True,1
1788777596.054,1788777110.2,78.66426633333334,16.878684500000002,True,1
1788777596.255,1788777110.4,78.66426516666667,16.878676666666667,True,1
1788777596.453,1788777110.6,78.664264,16.878668333333334,True,1
1788777596.654,1788777110.8,78.66426266666667,16.878660333333336,True,1
1788777596.856,1788777111.0,78.66426150000001,16.878652666666667,True,1
1788777597.054,1788777111.2,78.66426016666666,16.878644833333333,True,1
1788777597.253,1788777111.4,78.66425883333334,16.878637,True,1
1788777597.453,1788777111.6,78.66425766666666,16.878628833333334,True,1
1788777597.655,1788777111.8,78.6642565,16.878621,True,1
1788777597.862,1788777112.0,78.66425516666666,16.87861333333333,True,1
1788777598.06,1788777112.2,78.664254,16.878605333333333,True,1
1788777598.255,1788777112.4,78.66425283333334,16.8785975,True,1
1788777598.453,1788777112.6,78.6642515,16.878589499999997,True,1
1788777598.655,1788777112.8,78.66425033333333,16.878581666666665,True,1
1788777598.854,1788777113.0,78.664249,16.878573833333334,True,1
1788777599.055,1788777113.2,78.66424766666667,16.878565833333333,True,1
1788777599.257,1788777113.4,78.6642465,16.878557833333332,True,1
1788777599.455,1788777113.6,78.66424516666666,16.87855,True,1
1788777599.654,1788777113.8,78.66424383333333,16.878542333333332,True,1
1788777599.856,1788777114.0,78.66424266666667,16.878534333333334,True,1
1788777600.057,1788777114.2,78.66424133333334,16.8785265,True,1
1788777600.254,1788777114.4,78.66424,16.878518666666665,True,1
1788777600.456,1788777114.6,78.66423883333333,16.878510666666667,True,1
1788777600.656,1788777114.8,78.66423766666666,16.878502833333336,True,1
1788777600.855,1788777115.0,78.66423633333333,16.878495,True,1
1788777601.058,1788777115.2,78.66423516666667,16.878487,True,1
1788777601.258,1788777115.4,78.66423383333334,16.878479333333335,True,1
1788777601.455,1788777115.6,78.66423266666668,16.878471666666666,True,1
1788777601.655,1788777115.8,78.66423133333333,16.878463833333335,True,1
1788777601.856,1788777116.0,78.66423016666666,16.878456000000003,True,1
1788777602.057,1788777116.2,78.66422883333333,16.878448166666665,True,1
1788777602.256,1788777116.4,78.66422766666666,16.878440666666666,True,1
1788777602.456,1788777116.6,78.66422633333333,16.878432999999998,True,1
1788777602.657,1788777116.8,78.66422516666667,16.878425166666666,True,1
1788777602.857,1788777117.0,78.664224,16.8784175,True,1
1788777603.053,1788777117.2,78.66422266666667,16.878409666666666,True,1
1788777603.255,1788777117.4,78.6642215,16.878401666666665,True,1
1788777603.456,1788777117.6,78.66422033333333,16.878393833333334,True,1
1788777603.657,1788777117.8,78.664219,16.878386166666665,True,1
1788777603.854,1788777118.0,78.66421783333334,16.878378166666668,True,1
1788777604.055,1788777118.2,78.66421650000001,16.878370333333333,True,1
1788777604.257,1788777118.4,78.66421533333333,16.878362166666665,True,1
1788777604.454,1788777118.6,78.66421399999999,16.878354166666668,True,1
1788777604.658,1788777118.8,78.66421283333334,16.878346166666667,True,1
1788777604.854,1788777119.0,78.6642115,16.878338333333332,True,1
1788777605.053,1788777119.2,78.66421033333333,16.8783305,True,1
1788777605.256,1788777119.4,78.664209,16.87832266666667,True,1
1788777605.459,1788777119.6,78.66420783333334,16.8783145,True,1
1788777605.655,1788777119.8,78.66420666666666,16.878306666666667,True,1
1788777605.854,1788777120.0,78.66420533333333,16.878299000000002,True,1
1788777606.059,1788777120.2,78.66420416666666,16.878291166666667,True,1
1788777606.255,1788777120.4,78.66420283333333,16.878283,True,1
1788777606.456,1788777120.6,78.66420166666667,16.878275,True,1
1788777606.655,1788777120.8,78.6642005,16.878267166666667,True,1
1788777606.857,1788777121.0,78.66419916666668,16.878259333333332,True,1
1788777607.056,1788777121.2,78.664198,16.878251499999998,True,1
1788777607.251,1788777121.4,78.66419666666667,16.878243666666666,True,1
1788777607.455,1788777121.6,78.6641955,16.878236,True,1
1788777607.654,1788777121.8,78.66419433333334,16.878228,True,1
1788777607.857,1788777122.0,78.664193,16.878220166666665,True,1
1788777608.056,1788777122.2,78.66419166666667,16.8782125,True,1
1788777608.257,1788777122.4,78.66419049999999,16.878204666666665,True,1
1788777608.454,1788777122.6,78.66418916666666,16.8781965,True,1
1788777608.654,1788777122.8,78.664188,16.8781885,True,1
1788777608.855,1788777123.0,78.66418666666667,16.878180666666665,True,1
1788777609.056,1788777123.2,78.66418533333334,16.878173,True,1
1788777609.258,1788777123.4,78.66418416666667,16.878164833333337,True,1
1788777609.454,1788777123.6,78.66418283333334,16.878156999999998,True,1
1788777609.653,1788777123.8,78.66418166666668,16.878149,True,1
1788777609.856,1788777124.0,78.66418033333333,16.878141000000003,True,1
1788777610.053,1788777124.2,78.66417916666666,16.878133166666665,True,1
1788777610.255,1788777124.4,78.66417783333333,16.878125166666667,True,1
1788777610.454,1788777124.6,78.66417666666666,16.878117166666666,True,1
1788777610.654,1788777124.8,78.66417533333333,16.878109333333335,True,1
1788777610.855,1788777125.0,78.66417416666667,16.878101666666666,True,1
1788777611.056,1788777125.2,78.66417283333334,16.87809383333333,True,1
1788777611.254,1788777125.4,78.66417166666666,16.878086,True,1
1788777611.452,1788777125.6,78.66417033333333,16.878078000000002,True,1
1788777611.654,1788777125.8,78.66416916666667,16.878070333333334,True,1
1788777611.854,1788777126.0,78.664168,16.878062666666665,True,1
1788777612.055,1788777126.2,78.66416666666667,16.878054833333334,True,1
1788777612.258,1788777126.4,78.66416550000001,16.878046833333332,True,1
1788777612.456,1788777126.6,78.66416433333333,16.878039,True,1
1788777612.657,1788777126.8,78.66416299999999,16.878031166666666,True,1
1788777612.856,1788777127.0,78.66416183333334,16.87802333333333,True,1
1788777613.056,1788777127.2,78.6641605,16.8780155,True,1
1788777613.256,1788777127.4,78.66415933333333,16.87800766666667,True,1
1788777613.457,1788777127.6,78.664158,16.877999833333334,True,1
1788777613.656,1788777127.8,78.66415683333334,16.877991833333333,True,1
1788777613.857,1788777128.0,78.66415566666666,16.877984,True,1
1788777614.055,1788777128.2,78.66415433333333,16.877976333333333,True,1
1788777614.255,1788777128.4,78.66415316666667,16.877968666666668,True,1
1788777614.456,1788777128.6,78.664152,16.87796066666667,True,1
1788777614.657,1788777128.8,78.66415066666667,16.877952666666665,True,1
1788777614.857,1788777129.0,78.6641495,16.877944833333334,True,1
1788777615.057,1788777129.2,78.66414816666666,16.877937166666666,True,1
1788777615.257,1788777129.4,78.664147,16.877928999999998,True,1
1788777615.456,1788777129.6,78.66414583333334,16.877921,True,1
1788777615.662,1788777129.8,78.6641445,16.877913333333332,True,1
1788777615.856,1788777130.0,78.66414333333334,16.877905666666667,True,1
1788777616.056,1788777130.2,78.664142,16.877897833333336,True,1
1788777616.256,1788777130.4,78.66414083333333,16.87788983333333,True,1
1788777616.455,1788777130.6,78.66413966666667,16.877882,True,1
1788777616.655,1788777130.8,78.6641385,16.87787416666667,True,1
1788777616.854,1788777131.0,78.66413716666666,16.8778665,True,1
1788777617.057,1788777131.2,78.664136,16.87785866666667,True,1
1788777617.257,1788777131.4,78.66413466666667,16.877850666666667,True,1
1788777617.455,1788777131.6,78.66413349999999,16.877842666666666,True,1
1788777617.654,1788777131.8,78.66413216666666,16.877835,True,1
1788777617.857,1788777132.0,78.664131,16.877827333333336,True,1
1788777618.055,1788777132.2,78.66412966666667,16.877819833333334,True,1
1788777618.254,1788777132.4,78.6641285,16.877811833333332,True,1
1788777618.455,1788777132.6,78.66412716666667,16.877804,True,1
1788777618.656,1788777132.8,78.664126,16.877796333333333,True,1
1788777618.856,1788777133.0,78.66412466666667,16.8777885,True,1
1788777619.056,1788777133.2,78.6641235,16.87778066666667,True,1
1788777619.261,1788777133.4,78.66412216666666,16.8777725,True,1
1788777619.455,1788777133.6,78.664121,16.877764333333335,True,1
1788777619.653,1788777133.8,78.66411966666666,16.877756666666667,True,1
1788777619.857,1788777134.0,78.6641185,16.877748666666665,True,1
1788777620.058,1788777134.2,78.66411716666667,16.877741,True,1
1788777620.257,1788777134.4,78.66411599999999,16.877733,True,1
1788777620.461,1788777134.6,78.66411466666666,16.877725333333334,True,1
1788777620.657,1788777134.8,78.66411333333333,16.877717500000003,True,1
1788777620.858,1788777135.0,78.66411216666667,16.87771,True,1
1788777621.055,1788777135.2,78.66411083333334,16.877702166666666,True,1
1788777621.255,1788777135.4,78.66410966666668,16.877694333333334,True,1
1788777621.456,1788777135.6,78.66410833333333,16.8776865,True,1
1788777621.668,1788777135.8,78.66410716666665,16.877678666666668,True,1
1788777621.858,1788777136.0,78.66410583333332,16.87767116666667,True,1
1788777622.059,1788777136.2,78.6641045,16.8776635,True,1
1788777622.255,1788777136.4,78.66410333333333,16.8776555,True,1
1788777622.453,1788777136.6,78.664102,16.877647500000002,True,1
1788777622.655,1788777136.8,78.66410083333334,16.877639833333333,True,1
1788777622.856,1788777137.0,78.6640995,16.877632000000002,True,1
1788777623.057,1788777137.2,78.66409816666666,16.877624333333333,True,1
1788777623.256,1788777137.4,78.664097,16.8776165,True,1
1788777623.456,1788777137.6,78.66409566666667,16.877608833333333,True,1
1788777623.656,1788777137.8,78.66409449999999,16.877600833333336,True,1
1788777623.854,1788777138.0,78.66409316666666,16.877593,True,1
1788777624.055,1788777138.2,78.664092,16.877585166666666,True,1
1788777624.256,1788777138.4,78.66409066666667,16.87757733333333,True,1
1788777624.456,1788777138.6,78.6640895,16.8775695,True,1
1788777624.654,1788777138.8,78.66408816666667,16.87756166666667,True,1
1788777624.854,1788777139.0,78.66408683333334,16.877553666666664,True,1
1788777625.053,1788777139.2,78.66408566666668,16.877545666666666,True,1
1788777625.253,1788777139.4,78.66408433333332,16.877537833333335,True,1
1788777625.454,1788777139.6,78.66408316666666,16.877530333333333,True,1
1788777625.657,1788777139.8,78.66408183333333,16.8775225,True,1
1788777625.857,1788777140.0,78.66408066666666,16.877514666666666,True,1
1788777626.057,1788777140.2,78.66407933333333,16.87750683333333,True,1
1788777626.257,1788777140.4,78.66407816666667,16.877499333333333,True,1
1788777626.456,1788777140.6,78.66407683333334,16.8774915,True,1
1788777626.656,1788777140.8,78.66407566666666,16.8774835,True,1
1788777626.855,1788777141.0,78.66407433333333,16.87747583333333,True,1
1788777627.056,1788777141.2,78.66407299999999,16.877468333333336,True,1
1788777627.255,1788777141.4,78.66407183333334,16.87746033333333,True,1
1788777627.453,1788777141.6,78.6640705,16.8774525,True,1
1788777627.656,1788777141.8,78.66406933333333,16.877444500000003,True,1
1788777627.855,1788777142.0,78.664068,16.877436833333334,True,1
1788777628.056,1788777142.2,78.66406683333334,16.877428833333333,True,1
1788777628.259,1788777142.4,78.6640655,16.87742066666667,True,1
1788777628.455,1788777142.6,78.66406433333333,16.877412333333332,True,1
1788777628.655,1788777142.8,78.664063,16.877404333333335,True,1
1788777628.858,1788777143.0,78.66406183333334,16.877396333333333,True,1
1788777629.057,1788777143.2,78.6640605,16.877388333333332,True,1
1788777629.256,1788777143.4,78.66405933333334,16.877380000000002,True,1
1788777629.455,1788777143.6,78.66405800000001,16.877371999999998,True,1
1788777629.657,1788777143.8,78.66405683333333,16.877364333333333,True,1
1788777629.855,1788777144.0,78.66405549999999,16.877356333333335,True,1
1788777630.055,1788777144.2,78.66405433333333,16.877348333333334,True,1
1788777630.256,1788777144.4,78.664053,16.87734,True,1
1788777630.456,1788777144.6,78.66405183333333,16.87733216666667,True,1
1788777630.653,1788777144.8,78.6640505,16.8773245,True,1
1788777630.856,1788777145.0,78.66404933333334,16.877316666666665,True,1
1788777631.055,1788777145.2,78.66404800000001,16.8773085,True,1
1788777631.256,1788777145.4,78.66404683333333,16.877300666666667,True,1
1788777631.455,1788777145.6,78.6640455,16.877292833333335,True,1
1788777631.656,1788777145.8,78.66404416666666,16.877284999999997,True,1
1788777631.856,1788777146.0,78.664043,16.877277166666666,True,1
1788777632.053,1788777146.2,78.66404166666666,16.8772695,True,1
1788777632.255,1788777146.4,78.6640405,16.877261999999998,True,1
1788777632.455,1788777146.6,78.66403916666667,16.877254166666667,True,1
1788777632.656,1788777146.8,78.66403799999999,16.877246333333336,True,1
1788777632.858,1788777147.0,78.66403683333333,16.877238499999997,True,1
1788777633.056,1788777147.2,78.6640355,16.877230833333332,True,1
1788777633.256,1788777147.4,78.66403416666667,16.877223166666667,True,1
1788777633.453,1788777147.6,78.664033,16.877215,True,1
1788777633.656,1788777147.8,78.66403166666667,16.877206833333332,True,1
1788777633.856,1788777148.0,78.66403033333333,16.877198833333335,True,1
1788777634.057,1788777148.2,78.66402916666667,16.877191166666666,True,1
1788777634.256,1788777148.4,78.66402783333334,16.87718316666667,True,1
1788777634.455,1788777148.6,78.6640265,16.877174833333335,True,1
1788777634.655,1788777148.8,78.66402533333333,16.877167,True,1
1788777634.853,1788777149.0,78.66402416666666,16.877159333333335,True,1
1788777635.056,1788777149.2,78.66402283333333,16.87715166666667,True,1
1788777635.255,1788777149.4,78.66402166666667,16.87714383333333,True,1
1788777635.459,1788777149.6,78.66402033333334,16.877135833333334,True,1
1788777635.654,1788777149.8,78.66401916666668,16.87712816666667,True,1
1788777635.853,1788777150.0,78.66401783333335,16.8771205,True,1
1788777636.054,1788777150.2,78.66401666666667,16.87711266666667,True,1
1788777636.252,1788777150.4,78.66401533333332,16.877104666666664,True,1
1788777636.455,1788777150.6,78.66401416666666,16.877097,True,1
1788777636.656,1788777150.8,78.66401283333333,16.877089333333334,True,1
1788777636.855,1788777151.0,78.66401166666667,16.877081333333333,True,1
1788777637.056,1788777151.2,78.66401033333334,16.877073499999998,True,1
1788777637.255,1788777151.4,78.66400900000001,16.8770655,True,1
1788777637.455,1788777151.6,78.66400783333333,16.8770575,True,1
1788777637.654,1788777151.8,78.6640065,16.877049333333332,True,1
1788777637.854,1788777152.0,78.66400516666666,16.8770415,True,1
1788777638.054,1788777152.2,78.664004,16.877033666666666,True,1
1788777638.256,1788777152.4,78.66400266666666,16.87702566666667,True,1
1788777638.46,1788777152.6,78.6640015,16.877017833333333,True,1
1788777638.657,1788777152.8,78.66400016666667,16.87701,True,1
1788777638.855,1788777153.0,78.663999,16.877002166666667,True,1
1788777639.054,1788777153.2,78.66399766666667,16.876994,True,1
1788777639.254,1788777153.4,78.6639965,16.876986,True,1
1788777639.457,1788777153.6,78.66399516666667,16.876978,True,1
1788777639.655,1788777153.8,78.663994,16.87696983333333,True,1
1788777639.857,1788777154.0,78.66399266666667,16.876961833333333,True,1
1788777640.057,1788777154.2,78.66399150000001,16.876953833333335,True,1
1788777640.255,1788777154.4,78.66399016666666,16.876946,True,1
1788777640.456,1788777154.6,78.66398883333333,16.876938166666665,True,1
1788777640.658,1788777154.8,78.66398766666666,16.8769305,True,1
1788777640.856,1788777155.0,78.6639865,16.87692283333333,True,1
1788777641.056,1788777155.2,78.66398516666666,16.876914833333334,True,1
1788777641.256,1788777155.4,78.663984,16.876907000000003,True,1
1788777641.455,1788777155.6,78.66398283333334,16.876899166666664,True,1
1788777641.654,1788777155.8,78.6639815,16.8768915,True,1
1788777641.857,1788777156.0,78.66398016666668,16.8768835,True,1
1788777642.058,1788777156.2,78.663979,16.8768755,True,1
1788777642.257,1788777156.4,78.66397766666667,16.876867666666666,True,1
1788777642.457,1788777156.6,78.6639765,16.876859833333334,True,1
1788777642.657,1788777156.8,78.66397516666666,16.876852,True,1
1788777642.858,1788777157.0,78.66397400000001,16.876844166666668,True,1
1788777643.056,1788777157.2,78.66397266666667,16.876836166666667,True,1
1788777643.256,1788777157.4,78.66397149999999,16.876828333333332,True,1
1788777643.456,1788777157.6,78.66397016666666,16.876820333333335,True,1
1788777643.654,1788777157.8,78.663969,16.87681233333333,True,1
1788777643.856,1788777158.0,78.66396783333333,16.876804333333332,True,1
1788777644.056,1788777158.2,78.6639665,16.876796333333335,True,1
1788777644.256,1788777158.4,78.66396533333334,16.87678833333333,True,1
1788777644.453,1788777158.6,78.663964,16.876780333333333,True,1
1788777644.658,1788777158.8,78.66396283333333,16.876772333333335,True,1
1788777644.857,1788777159.0,78.6639615,16.8767645,True,1
1788777645.059,1788777159.2,78.66396033333334,16.876756666666665,True,1
1788777645.255,1788777159.4,78.66395916666667,16.876748833333334,True,1
1788777645.454,1788777159.6,78.66395783333334,16.876740833333333,True,1
1788777645.654,1788777159.8,78.66395666666668,16.876733,True,1
1788777645.853,1788777160.0,78.66395533333333,16.876724833333334,True,1
1788777646.053,1788777160.2,78.66395416666666,16.876716666666667,True,1
1788777646.256,1788777160.4,78.66395283333333,16.876708833333332,True,1
1788777646.454,1788777160.6,78.66395166666666,16.876701,True,1
1788777646.654,1788777160.8,78.66395033333333,16.876693166666666,True,1
1788777646.853,1788777161.0,78.66394916666667,16.876685333333334,True,1
1788777647.054,1788777161.2,78.66394783333334,16.876677333333337,True,1
1788777647.253,1788777161.4,78.66394666666666,16.8766695,True,1
1788777647.454,1788777161.6,78.66394533333333,16.876661833333333,True,1
1788777647.653,1788777161.8,78.66394416666667,16.876654,True,1
1788777647.854,1788777162.0,78.663943,16.876646,True,1
1788777648.056,1788777162.2,78.66394166666667,16.876637833333334,True,1
1788777648.254,1788777162.4,78.66394050000001,16.876629666666666,True,1
1788777648.453,1788777162.6,78.66393916666667,16.876621666666665,True,1
1788777648.654,1788777162.8,78.663938,16.876613833333334,True,1
1788777648.857,1788777163.0,78.66393666666666,16.876605833333333,True,1
1788777649.057,1788777163.2,78.6639355,16.876597833333335,True,1
1788777649.256,1788777163.4,78.66393416666666,16.876589833333334,True,1
1788777649.456,1788777163.6,78.663933,16.876582166666665,True,1
1788777649.657,1788777163.8,78.66393166666667,16.8765745,True,1
1788777649.856,1788777164.0,78.6639305,16.876566500000003,True,1
1788777650.053,1788777164.2,78.66392916666668,16.876558833333334,True,1
1788777650.257,1788777164.4,78.663928,16.876551166666665,True,1
1788777650.459,1788777164.6,78.66392666666667,16.8765435,True,1
1788777650.657,1788777164.8,78.66392533333332,16.8765355,True,1
1788777650.857,1788777165.0,78.66392416666666,16.8765275,True,1
1788777651.056,1788777165.2,78.66392283333333,16.876519499999997,True,1
1788777651.255,1788777165.4,78.6639215,16.876511833333332,True,1
1788777651.457,1788777165.6,78.66392016666667,16.876504,True,1
1788777651.656,1788777165.8,78.663919,16.876496,True,1
1788777651.855,1788777166.0,78.66391766666668,16.876488166666665,True,1
1788777652.057,1788777166.2,78.6639165,16.8764805,True,1
1788777652.256,1788777166.4,78.66391516666665,16.876472666666665,True,1
1788777652.455,1788777166.6,78.663914,16.876465,True,1
1788777652.655,1788777166.8,78.66391266666666,16.87645716666667,True,1
1788777652.857,1788777167.0,78.6639115,16.876449166666664,True,1
1788777653.064,1788777167.2,78.66391016666667,16.876441333333332,True,1
1788777653.258,1788777167.4,78.663909,16.8764335,True,1
1788777653.456,1788777167.6,78.66390766666667,16.8764255,True,1
1788777653.657,1788777167.8,78.6639065,16.87641766666667,True,1
1788777653.857,1788777168.0,78.66390516666667,16.876409666666667,True,1
1788777654.057,1788777168.2,78.663904,16.876402,True,1
1788777654.257,1788777168.4,78.66390266666667,16.876394,True,1
1788777654.456,1788777168.6,78.66390150000001,16.876386333333336,True,1
1788777654.656,1788777168.8,78.66390016666666,16.876378499999998,True,1
1788777654.857,1788777169.0,78.663899,16.876370666666666,True,1
1788777655.056,1788777169.2,78.66389783333334,16.876362833333335,True,1
1788777655.256,1788777169.4,78.66389649999999,16.876355,True,1
1788777655.454,1788777169.6,78.66389533333333,16.87634716666667,True,1
1788777655.668,1788777169.8,78.66389416666667,16.876339499999997,True,1
1788777655.857,1788777170.0,78.66389283333334,16.876331666666665,True,1
1788777656.053,1788777170.2,78.66389166666666,16.876323833333334,True,1
1788777656.254,1788777170.4,78.6638905,16.876315833333333,True,1
1788777656.454,1788777170.6,78.66388916666666,16.876308166666668,True,1
1788777656.654,1788777170.8,78.663888,16.87630066666667,True,1
1788777656.854,1788777171.0,78.66388666666667,16.876292666666664,True,1
1788777657.053,1788777171.2,78.66388533333334,16.876284833333333,True,1
1788777657.256,1788777171.4,78.66388416666668,16.876276833333336,True,1
1788777657.455,1788777171.6,78.663883,16.87626883333333,True,1
1788777657.656,1788777171.8,78.66388166666667,16.876261333333332,True,1
1788777657.856,1788777172.0,78.6638805,16.8762535,True,1
1788777658.06,1788777172.2,78.66387933333334,16.8762455,True,1
1788777658.255,1788777172.4,78.66387800000001,16.87623766666667,True,1
1788777658.455,1788777172.6,78.66387683333333,16.876229833333333,True,1
1788777658.654,1788777172.8,78.66387566666667,16.876221833333332,True,1
1788777658.857,1788777173.0,78.66387433333333,16.876214,True,1
1788777659.055,1788777173.2,78.66387316666666,16.87620616666667,True,1
1788777659.254,1788777173.4,78.66387183333333,16.87619833333333,True,1
1788777659.452,1788777173.6,78.66387066666667,16.8761905,True,1
1788777659.652,1788777173.8,78.66386949999999,16.87618266666667,True,1
1788777659.854,1788777174.0,78.66386816666666,16.876174833333334,True,1
1788777660.063,1788777174.2,78.663867,16.876167000000002,True,1
1788777660.263,1788777174.4,78.66386583333333,16.87615933333333,True,1
1788777660.462,1788777174.6,78.6638645,16.8761515,True,1
1788777660.664,1788777174.8,78.66386333333334,16.8761435,True,1
1788777660.863,1788777175.0,78.66386216666666,16.876135833333333,True,1
1788777661.06,1788777175.2,78.66386083333333,16.876128166666668,True,1
1788777661.262,1788777175.4,78.66385966666667,16.876120166666666,True,1
1788777661.461,1788777175.6,78.6638585,16.87611233333333,True,1
1788777661.664,1788777175.8,78.66385716666667,16.876104166666668,True,1
1788777661.863,1788777176.0,78.663856,16.876096166666667,True,1
1788777662.061,1788777176.2,78.66385466666667,16.876088333333332,True,1
1788777662.262,1788777176.4,78.6638535,16.876080166666668,True,1
1788777662.46,1788777176.6,78.66385216666666,16.876072166666667,True,1
1788777662.665,1788777176.8,78.66385100000001,16.8760645,True,1
1788777662.866,1788777177.0,78.66384966666666,16.876056833333333,True,1
1788777663.065,1788777177.2,78.6638485,16.876048833333336,True,1
1788777663.263,1788777177.4,78.66384733333332,16.87604083333333,True,1
1788777663.463,1788777177.6,78.66384616666666,16.876032666666667,True,1
1788777663.666,1788777177.8,78.66384483333333,16.876024833333336,True,1
1788777663.862,1788777178.0,78.66384366666666,16.87601683333333,True,1
1788777664.065,1788777178.2,78.6638425,16.876009166666666,True,1
1788777664.265,1788777178.4,78.66384133333332,16.876001166666665,True,1
1788777664.466,1788777178.6,78.66384,16.875993166666667,True,1
1788777664.665,1788777178.8,78.66383883333333,16.875985333333333,True,1
1788777664.865,1788777179.0,78.66383766666667,16.875977666666664,True,1
1788777665.067,1788777179.2,78.66383633333334,16.875969833333333,True,1
1788777665.264,1788777179.4,78.66383516666666,16.875961833333335,True,1
1788777665.469,1788777179.6,78.663834,16.87595383333333,True,1
1788777665.665,1788777179.8,78.66383283333333,16.875946,True,1
1788777665.873,1788777180.0,78.6638315,16.875938333333334,True,1
1788777666.07,1788777180.2,78.66383033333334,16.8759305,True,1
1788777666.263,1788777180.4,78.66382916666666,16.8759225,True,1
1788777666.462,1788777180.6,78.663828,16.875914666666667,True,1
1788777666.661,1788777180.8,78.66382666666667,16.875906999999998,True,1
1788777666.864,1788777181.0,78.6638255,16.875899166666667,True,1
1788777667.055,1788777181.2,78.66382433333334,16.875891333333335,True,1
1788777667.258,1788777181.4,78.66382300000001,16.875883333333334,True,1
1788777667.456,1788777181.6,78.66382183333333,16.875875333333333,True,1
1788777667.655,1788777181.8,78.6638205,16.875867500000002,True,1
1788777667.856,1788777182.0,78.66381933333334,16.875859666666667,True,1
1788777668.056,1788777182.2,78.663818,16.875852000000002,True,1
1788777668.258,1788777182.4,78.66381683333334,16.875843999999997,True,1
1788777668.457,1788777182.6,78.66381566666668,16.875835833333333,True,1
1788777668.657,1788777182.8,78.66381433333332,16.87582816666667,True,1
1788777668.857,1788777183.0,78.66381316666666,16.8758205,True,1
1788777669.058,1788777183.2,78.66381183333333,16.875812833333335,True,1
1788777669.254,1788777183.4,78.66381066666666,16.875804666666667,True,1
1788777669.454,1788777183.6,78.6638095,16.875796833333332,True,1
1788777669.656,1788777183.8,78.66380833333332,16.875789333333334,True,1
1788777669.855,1788777184.0,78.66380699999999,16.87578166666667,True,1
1788777670.055,1788777184.2,78.66380583333333,16.875773833333334,True,1
1788777670.256,1788777184.4,78.66380466666666,16.875765833333332,True,1
1788777670.456,1788777184.6,78.6638035,16.875757833333335,True,1
1788777670.655,1788777184.8,78.66380216666667,16.87575,True,1
1788777670.856,1788777185.0,78.66380099999999,16.875742166666665,True,1
1788777671.054,1788777185.2,78.66379983333333,16.875734333333334,True,1
1788777671.256,1788777185.4,78.6637985,16.875726333333333,True,1
1788777671.455,1788777185.6,78.66379733333333,16.8757185,True,1
1788777671.655,1788777185.8,78.663796,16.875710666666667,True,1
1788777671.857,1788777186.0,78.66379483333334,16.875702999999998,True,1
1788777672.053,1788777186.2,78.66379366666666,16.875695333333333,True,1
1788777672.256,1788777186.4,78.66379233333333,16.8756875,True,1
1788777672.456,1788777186.6,78.66379116666667,16.875679666666667,True,1
1788777672.658,1788777186.8,78.66379,16.875672,True,1
1788777672.858,1788777187.0,78.66378883333333,16.875664166666663,True,1
1788777673.055,1788777187.2,78.6637875,16.875656166666666,True,1
1788777673.257,1788777187.4,78.66378633333333,16.875648166666668,True,1
1788777673.452,1788777187.6,78.663785,16.875640166666667,True,1
1788777673.656,1788777187.8,78.66378383333334,16.875632333333332,True,1
1788777673.857,1788777188.0,78.66378266666668,16.875624333333334,True,1
1788777674.055,1788777188.2,78.6637815,16.875616333333333,True,1
1788777674.256,1788777188.4,78.66378016666665,16.875608333333332,True,1
1788777674.468,1788777188.6,78.663779,16.8756005,True,1
1788777674.655,1788777188.8,78.66377783333334,16.8755925,True,1
1788777674.855,1788777189.0,78.6637765,16.8755845,True,1
1788777675.057,1788777189.2,78.66377533333333,16.8755765,True,1
1788777675.256,1788777189.4,78.66377416666666,16.875568666666666,True,1
1788777675.456,1788777189.6,78.663773,16.87556066666667,True,1
1788777675.656,1788777189.8,78.66377183333334,16.8755525,True,1
1788777675.856,1788777190.0,78.6637705,16.8755445,True,1
1788777676.055,1788777190.2,78.66376933333332,16.8755365,True,1
1788777676.254,1788777190.4,78.66376799999999,16.875528499999998,True,1
1788777676.456,1788777190.6,78.66376683333333,16.875520333333334,True,1
1788777676.656,1788777190.8,78.66376566666666,16.8755125,True,1
1788777676.856,1788777191.0,78.66376433333333,16.875504666666664,True,1
1788777677.055,1788777191.2,78.66376316666667,16.875496833333333,True,1
1788777677.256,1788777191.4,78.66376183333334,16.875488833333335,True,1
1788777677.457,1788777191.6,78.66376066666666,16.87548083333333,True,1
1788777677.651,1788777191.8,78.66375933333333,16.875473,True,1
1788777677.857,1788777192.0,78.66375816666667,16.875465166666668,True,1
1788777678.056,1788777192.2,78.66375683333334,16.875457333333333,True,1
1788777678.255,1788777192.4,78.66375566666667,16.8754495,True,1
1788777678.456,1788777192.6,78.66375450000001,16.875441333333335,True,1
1788777678.656,1788777192.8,78.66375316666667,16.875433666666666,True,1
1788777678.855,1788777193.0,78.663752,16.875425833333335,True,1
1788777679.057,1788777193.2,78.66375066666666,16.875417833333334,True,1
1788777679.258,1788777193.4,78.66374933333333,16.87541,True,1
1788777679.456,1788777193.6,78.66374816666666,16.875402166666667,True,1
1788777679.657,1788777193.8,78.663747,16.875394333333336,True,1
1788777679.858,1788777194.0,78.66374566666667,16.875386666666667,True,1
1788777680.057,1788777194.2,78.66374433333334,16.875378833333333,True,1
1788777680.253,1788777194.4,78.66374316666666,16.875371166666664,True,1
1788777680.458,1788777194.6,78.66374183333333,16.8753635,True,1
1788777680.656,1788777194.8,78.66374049999999,16.875355666666668,True,1
1788777680.857,1788777195.0,78.66373933333333,16.875347666666666,True,1
1788777681.056,1788777195.2,78.66373816666666,16.8753395,True,1
1788777681.255,1788777195.4,78.66373683333333,16.875331833333334,True,1
1788777681.454,1788777195.6,78.6637355,16.875324166666665,True,1
1788777681.655,1788777195.8,78.66373433333334,16.8753165,True,1
1788777681.855,1788777196.0,78.66373300000001,16.875308833333335,True,1
1788777682.055,1788777196.2,78.66373183333333,16.875301166666667,True,1
1788777682.256,1788777196.4,78.6637305,16.875293166666665,True,1
1788777682.455,1788777196.6,78.66372933333334,16.875285666666667,True,1
1788777682.655,1788777196.8,78.663728,16.875277999999998,True,1
1788777682.856,1788777197.0,78.66372666666666,16.875270166666667,True,1
1788777683.055,1788777197.2,78.6637255,16.87526216666667,True,1
1788777683.256,1788777197.4,78.66372416666667,16.8752545,True,1
1788777683.457,1788777197.6,78.66372283333334,16.875247,True,1
1788777683.654,1788777197.8,78.66372166666666,16.875239333333333,True,1
1788777683.855,1788777198.0,78.66372033333333,16.875231666666664,True,1
1788777684.057,1788777198.2,78.66371916666667,16.875223833333333,True,1
1788777684.254,1788777198.4,78.66371783333334,16.875216166666668,True,1
1788777684.456,1788777198.6,78.66371666666667,16.8752085,True,1
1788777684.656,1788777198.8,78.66371533333333,16.875200500000002,True,1
1788777684.856,1788777199.0,78.66371416666667,16.875192666666667,True,1
1788777685.057,1788777199.2,78.66371283333334,16.875185,True,1
1788777685.256,1788777199.4,78.66371166666666,16.875177166666667,True,1
1788777685.456,1788777199.6,78.66371033333333,16.875169333333336,True,1
1788777685.657,1788777199.8,78.66370916666666,16.875161666666667,True,1
1788777685.856,1788777200.0,78.663708,16.875153666666666,True,1
1788777686.056,1788777200.2,78.66370683333334,16.87514583333333,True,1
1788777686.257,1788777200.4,78.6637055,16.875137833333334,True,1
1788777686.456,1788777200.6,78.66370433333333,16.875130000000002,True,1
1788777686.655,1788777200.8,78.66370316666666,16.875122166666664,True,1
1788777686.858,1788777201.0,78.663702,16.8751145,True,1
1788777687.057,1788777201.2,78.66370066666667,16.875106833333334,True,1
1788777687.253,1788777201.4,78.66369949999999,16.875099166666665,True,1
1788777687.457,1788777201.6,78.66369833333333,16.875091333333334,True,1
1788777687.655,1788777201.8,78.663697,16.875083333333336,True,1
1788777687.858,1788777202.0,78.66369583333334,16.875075666666664,True,1
1788777688.056,1788777202.2,78.66369466666667,16.875067833333333,True,1
1788777688.256,1788777202.4,78.6636935,16.875059833333335,True,1
1788777688.455,1788777202.6,78.66369216666666,16.875052,True,1
1788777688.655,1788777202.8,78.663691,16.875044,True,1
1788777688.858,1788777203.0,78.66368983333334,16.875036166666668,True,1
1788777689.058,1788777203.2,78.66368866666667,16.875028666666665,True,1
1788777689.258,1788777203.4,78.66368733333334,16.875021166666667,True,1
1788777689.456,1788777203.6,78.66368616666666,16.87501316666667,True,1
1788777689.655,1788777203.8,78.663685,16.875005166666664,True,1
1788777689.857,1788777204.0,78.66368383333334,16.874997333333333,True,1
1788777690.054,1788777204.2,78.66368250000001,16.874989666666668,True,1
1788777690.256,1788777204.4,78.66368133333334,16.874982,True,1
1788777690.457,1788777204.6,78.66368000000001,16.874974,True,1
1788777690.656,1788777204.8,78.66367883333334,16.87496583333333,True,1
1788777690.856,1788777205.0,78.66367766666667,16.874958,True,1
1788777691.057,1788777205.2,78.66367633333333,16.874950166666668,True,1
1788777691.257,1788777205.4,78.66367516666666,16.874942166666663,True,1
1788777691.454,1788777205.6,78.663674,16.874934333333332,True,1
1788777691.657,1788777205.8,78.66367266666666,16.874926333333335,True,1
1788777691.855,1788777206.0,78.66367149999999,16.874918666666666,True,1
1788777692.056,1788777206.2,78.66367016666666,16.874910666666665,True,1
1788777692.257,1788777206.4,78.663669,16.874902833333334,True,1
1788777692.456,1788777206.6,78.66366783333334,16.874895,True,1
1788777692.656,1788777206.8,78.6636665,16.874887,True,1
1788777692.855,1788777207.0,78.66366533333333,16.874879166666666,True,1
1788777693.055,1788777207.2,78.663664,16.874871499999998,True,1
1788777693.257,1788777207.4,78.66366283333333,16.8748635,True,1
1788777693.457,1788777207.6,78.6636615,16.874855500000002,True,1
1788777693.657,1788777207.8,78.66366033333334,16.874847499999998,True,1
1788777693.856,1788777208.0,78.66365900000001,16.87484,True,1
1788777694.056,1788777208.2,78.66365766666667,16.8748325,True,1
1788777694.255,1788777208.4,78.66365649999999,16.8748245,True,1
1788777694.459,1788777208.6,78.66365533333332,16.8748165,True,1
1788777694.659,1788777208.8,78.663654,16.874808833333336,True,1
1788777694.857,1788777209.0,78.66365283333333,16.874801333333334,True,1
1788777695.058,1788777209.2,78.6636515,16.874793833333335,True,1
1788777695.256,1788777209.4,78.66365016666667,16.874785999999997,True,1
1788777695.46,1788777209.6,78.663649,16.87477833333333,True,1
1788777695.655,1788777209.8,78.66364766666668,16.874770666666667,True,1
1788777695.856,1788777210.0,78.6636465,16.874762999999998,True,1
1788777696.055,1788777210.2,78.66364516666665,16.8747555,True,1
1788777696.255,1788777210.4,78.663644,16.8747475,True,1
1788777696.45,1788777210.6,78.66364266666666,16.874739499999997,True,1
1788777696.654,1788777210.8,78.6636415,16.874731666666666,True,1
1788777696.854,1788777211.0,78.66364016666667,16.874724,True,1
1788777697.055,1788777211.2,78.663639,16.874716499999998,True,1
1788777697.256,1788777211.4,78.66363783333333,16.874708666666667,True,1
1788777697.455,1788777211.6,78.6636365,16.87470066666667,True,1
1788777697.655,1788777211.8,78.66363533333333,16.87469283333333,True,1
1788777697.855,1788777212.0,78.66363416666667,16.874685,True,1
1788777698.055,1788777212.2,78.66363283333334,16.874677333333334,True,1
1788777698.255,1788777212.4,78.66363166666666,16.874669666666666,True,1
1788777698.456,1788777212.6,78.66363033333333,16.87466166666667,True,1
1788777698.655,1788777212.8,78.66362916666667,16.874653833333333,True,1
1788777698.854,1788777213.0,78.663628,16.874646,True,1
1788777699.056,1788777213.2,78.66362683333334,16.874638333333333,True,1
1788777699.278,1788777213.4,78.66362550000001,16.874630500000002,True,1
1788777699.454,1788777213.6,78.66362433333333,16.874622499999997,True,1
1788777699.652,1788777213.8,78.66362316666667,16.874614833333332,True,1
1788777699.858,1788777214.0,78.66362183333334,16.874607166666667,True,1
1788777700.055,1788777214.2,78.66362066666667,16.874599666666665,True,1
1788777700.257,1788777214.4,78.66361950000001,16.874591666666667,True,1
1788777700.457,1788777214.6,78.66361816666667,16.874584000000002,True,1
1788777700.656,1788777214.8,78.663617,16.874576333333334,True,1
1788777700.862,1788777215.0,78.66361583333334,16.87456866666667,True,1
1788777701.054,1788777215.2,78.6636145,16.874561000000003,True,1
1788777701.256,1788777215.4,78.66361333333333,16.874553166666665,True,1
1788777701.457,1788777215.6,78.66361216666665,16.8745455,True,1
1788777701.656,1788777215.8,78.66361083333332,16.874537666666665,True,1
1788777701.856,1788777216.0,78.66360966666666,16.87453,True,1
1788777702.056,1788777216.2,78.6636085,16.87452216666667,True,1
1788777702.255,1788777216.4,78.66360733333333,16.87451433333333,True,1
1788777702.453,1788777216.6,78.663606,16.87450683333333,True,1
1788777702.656,1788777216.8,78.66360483333332,16.874499166666666,True,1
1788777702.857,1788777217.0,78.66360366666666,16.87449133333333,True,1
1788777703.057,1788777217.2,78.6636025,16.874483333333334,True,1
1788777703.257,1788777217.4,78.66360133333333,16.874475333333333,True,1
1788777703.456,1788777217.6,78.6636,16.87446733333333,True,1
1788777703.657,1788777217.8,78.66359883333332,16.874459333333334,True,1
1788777703.855,1788777218.0,78.66359766666666,16.874451500000003,True,1
1788777704.057,1788777218.2,78.6635965,16.874443666666664,True,1
1788777704.257,1788777218.4,78.66359533333333,16.874435833333333,True,1
1788777704.456,1788777218.6,78.66359416666666,16.87442766666667,True,1
1788777704.658,1788777218.8,78.66359283333333,16.87442,True,1
1788777704.856,1788777219.0,78.66359166666666,16.874412333333332,True,1
1788777705.055,1788777219.2,78.6635905,16.8744045,True,1
1788777705.255,1788777219.4,78.66358933333332,16.8743965,True,1
1788777705.455,1788777219.6,78.66358799999999,16.874388500000002,True,1
1788777705.655,1788777219.8,78.66358683333333,16.874380499999997,True,1
1788777705.855,1788777220.0,78.66358566666666,16.874372666666666,True,1
1788777706.054,1788777220.2,78.66358433333333,16.874364833333335,True,1
1788777706.255,1788777220.4,78.66358316666667,16.87435683333333,True,1
1788777706.455,1788777220.6,78.66358199999999,16.874348833333332,True,1
1788777706.654,1788777220.8,78.66358066666666,16.874340833333335,True,1
1788777706.854,1788777221.0,78.6635795,16.874332833333334,True,1
1788777707.055,1788777221.2,78.66357833333333,16.874324666666666,True,1
1788777707.254,1788777221.4,78.663577,16.874316833333335,True,1
1788777707.453,1788777221.6,78.66357583333334,16.874309333333333,True,1
1788777707.656,1788777221.8,78.66357450000001,16.874301333333335,True,1
1788777707.855,1788777222.0,78.66357333333333,16.8742935,True,1
1788777708.052,1788777222.2,78.66357216666667,16.87428583333333,True,1
1788777708.256,1788777222.4,78.66357083333334,16.874278,True,1
1788777708.455,1788777222.6,78.66356966666667,16.874270333333335,True,1
1788777708.657,1788777222.8,78.66356833333333,16.874262333333334,True,1
1788777708.857,1788777223.0,78.66356716666665,16.874254333333333,True,1
1788777709.056,1788777223.2,78.663566,16.8742465,True,1
1788777709.255,1788777223.4,78.66356466666666,16.874238333333334,True,1
1788777709.459,1788777223.6,78.6635635,16.874230333333333,True,1
1788777709.657,1788777223.8,78.66356216666667,16.874222666666665,True,1
1788777709.856,1788777224.0,78.66356083333334,16.874214833333333,True,1
1788777710.067,1788777224.2,78.66355966666667,16.874207000000002,True,1
1788777710.254,1788777224.4,78.66355833333334,16.874198999999997,True,1
1788777710.46,1788777224.6,78.66355716666666,16.874191166666666,True,1
1788777710.655,1788777224.8,78.663556,16.874183333333335,True,1
1788777710.856,1788777225.0,78.66355483333334,16.8741755,True,1
1788777711.058,1788777225.2,78.6635535,16.874167333333332,True,1
1788777711.257,1788777225.4,78.66355233333334,16.874159333333335,True,1
1788777711.457,1788777225.6,78.66355116666666,16.874151166666664,True,1
1788777711.657,1788777225.8,78.66355,16.874143166666666,True,1
1788777711.857,1788777226.0,78.66354883333334,16.87413516666667,True,1
1788777712.056,1788777226.2,78.6635475,16.874126999999998,True,1
1788777712.257,1788777226.4,78.66354633333334,16.874119166666667,True,1
1788777712.457,1788777226.6,78.66354516666667,16.87411116666667,True,1
1788777712.656,1788777226.8,78.663544,16.874103333333334,True,1
1788777712.857,1788777227.0,78.66354283333334,16.874095333333333,True,1
1788777713.056,1788777227.2,78.66354166666666,16.874087499999998,True,1
1788777713.257,1788777227.4,78.66354033333333,16.8740795,True,1
1788777713.455,1788777227.6,78.66353916666667,16.874071333333333,True,1
1788777713.662,1788777227.8,78.663538,16.874063333333332,True,1
1788777713.857,1788777228.0,78.66353683333334,16.8740555,True,1
1788777714.058,1788777228.2,78.66353550000001,16.8740475,True,1
1788777714.257,1788777228.4,78.66353433333333,16.8740395,True,1
1788777714.457,1788777228.6,78.66353316666667,16.8740315,True,1
1788777714.658,1788777228.8,78.66353183333334,16.87402366666667,True,1
1788777714.853,1788777229.0,78.66353066666667,16.874016166666667,True,1
1788777715.055,1788777229.2,78.66352950000001,16.874008333333332,True,1
1788777715.254,1788777229.4,78.66352816666668,16.8740005,True,1
1788777715.453,1788777229.6,78.663527,16.8739925,True,1
1788777715.654,1788777229.8,78.66352583333334,16.873984833333335,True,1
1788777715.854,1788777230.0,78.6635245,16.873977,True,1
1788777716.053,1788777230.2,78.66352333333333,16.873969,True,1
1788777716.253,1788777230.4,78.663522,16.873961,True,1
1788777716.455,1788777230.6,78.66352083333332,16.873952999999997,True,1
1788777716.654,1788777230.8,78.66351949999999,16.87394533333333,True,1
1788777716.856,1788777231.0,78.66351833333333,16.8739375,True,1
1788777717.054,1788777231.2,78.663517,16.87392983333333,True,1
1788777717.256,1788777231.4,78.66351583333334,16.873921833333334,True,1
1788777717.454,1788777231.6,78.6635145,16.873914,True,1
1788777717.651,1788777231.8,78.66351333333334,16.873906166666664,True,1
1788777717.855,1788777232.0,78.66351200000001,16.8738985,True,1
1788777718.053,1788777232.2,78.66351083333333,16.873890666666668,True,1
1788777718.254,1788777232.4,78.66350949999999,16.873882833333333,True,1
1788777718.458,1788777232.6,78.66350833333333,16.873874833333332,True,1
1788777718.654,1788777232.8,78.663507,16.873866666666668,True,1
1788777718.853,1788777233.0,78.66350583333333,16.873858833333333,True,1
1788777719.054,1788777233.2,78.66350466666667,16.873851,True,1
1788777719.258,1788777233.4,78.66350333333334,16.873843333333333,True,1
1788777719.459,1788777233.6,78.66350216666666,16.873835333333332,True,1
1788777719.658,1788777233.8,78.663501,16.8738275,True,1
1788777719.854,1788777234.0,78.66349966666667,16.873819833333336,True,1
1788777720.054,1788777234.2,78.6634985,16.873812166666667,True,1
1788777720.255,1788777234.4,78.66349716666667,16.873804166666666,True,1
1788777720.456,1788777234.6,78.663496,16.87379616666667,True,1
1788777720.656,1788777234.8,78.66349483333333,16.873788,True,1
1788777720.856,1788777235.0,78.6634935,16.873780333333332,True,1
1788777721.057,1788777235.2,78.66349233333334,16.873772499999998,True,1
1788777721.257,1788777235.4,78.66349116666667,16.873764333333334,True,1
1788777721.456,1788777235.6,78.66348983333334,16.873756333333333,True,1
1788777721.654,1788777235.8,78.66348866666667,16.87374833333333,True,1
1788777721.854,1788777236.0,78.66348733333332,16.8737405,True,1
1788777722.056,1788777236.2,78.66348616666667,16.873732500000003,True,1
1788777722.257,1788777236.4,78.66348483333333,16.873724666666664,True,1
1788777722.457,1788777236.6,78.66348366666666,16.873716666666667,True,1
1788777722.657,1788777236.8,78.6634825,16.873708833333335,True,1
1788777722.857,1788777237.0,78.66348116666667,16.87370083333333,True,1
1788777723.057,1788777237.2,78.66347999999999,16.873693,True,1
1788777723.255,1788777237.4,78.66347883333333,16.873685166666668,True,1
1788777723.456,1788777237.6,78.6634775,16.873677333333333,True,1
1788777723.656,1788777237.8,78.66347633333334,16.873669333333332,True,1
1788777723.856,1788777238.0,78.66347516666666,16.873661333333335,True,1
1788777724.055,1788777238.2,78.663474,16.8736535,True,1
1788777724.255,1788777238.4,78.66347266666666,16.87364566666667,True,1
1788777724.454,1788777238.6,78.6634715,16.87363783333333,True,1
1788777724.657,1788777238.8,78.66347033333334,16.873630166666665,True,1
1788777724.856,1788777239.0,78.663469,16.873622333333334,True,1
1788777725.057,1788777239.2,78.66346783333333,16.8736145,True,1
1788777725.257,1788777239.4,78.66346666666666,16.8736065,True,1
1788777725.46,1788777239.6,78.6634655,16.8735985,True,1
1788777725.656,1788777239.8,78.66346416666667,16.87359083333333,True,1
1788777725.856,1788777240.0,78.66346300000001,16.873583,True,1
1788777726.06,1788777240.2,78.66346183333333,16.87357516666667,True,1
1788777726.254,1788777240.4,78.6634605,16.873567333333334,True,1
1788777726.455,1788777240.6,78.66345933333334,16.873559833333335,True,1
1788777726.656,1788777240.8,78.663458,16.873552333333336,True,1
1788777726.856,1788777241.0,78.66345683333334,16.873544499999998,True,1
1788777727.056,1788777241.2,78.66345566666668,16.873536666666666,True,1
1788777727.252,1788777241.4,78.66345433333332,16.873528833333335,True,1
1788777727.454,1788777241.6,78.66345316666667,16.873521166666666,True,1
1788777727.654,1788777241.8,78.663452,16.873513166666665,True,1
1788777727.856,1788777242.0,78.66345083333334,16.873504833333335,True,1
1788777728.057,1788777242.2,78.66344983333333,16.873496499999998,True,1
1788777728.256,1788777242.4,78.66344883333333,16.873488000000002,True,1
1788777728.456,1788777242.6,78.66344783333334,16.873479166666666,True,1
1788777728.655,1788777242.8,78.66344683333334,16.873470333333334,True,1
1788777728.855,1788777243.0,78.66344616666667,16.8734615,True,1
1788777729.055,1788777243.2,78.66344533333333,16.8734525,True,1
1788777729.254,1788777243.4,78.66344466666666,16.8734435,True,1
1788777729.454,1788777243.6,78.663444,16.873434333333332,True,1
1788777729.656,1788777243.8,78.66344333333333,16.873425,True,1
1788777729.859,1788777244.0,78.66344283333333,16.873415666666666,True,1
1788777730.057,1788777244.2,78.66344233333332,16.873406166666665,True,1
1788777730.255,1788777244.4,78.66344183333334,16.873396666666668,True,1
1788777730.455,1788777244.6,78.66344133333334,16.87338683333333,True,1
1788777730.658,1788777244.8,78.66344099999999,16.873377166666668,True,1
1788777730.857,1788777245.0,78.66344066666667,16.873367499999997,True,1
1788777731.056,1788777245.2,78.66344033333333,16.873357666666667,True,1
1788777731.257,1788777245.4,78.66344016666667,16.873347833333334,True,1
1788777731.455,1788777245.6,78.66344000000001,16.873338166666667,True,1
1788777731.656,1788777245.8,78.66343983333333,16.8733285,True,1
1788777731.856,1788777246.0,78.66343966666666,16.873318833333332,True,1
1788777732.056,1788777246.2,78.66343966666666,16.873309166666665,True,1
1788777732.257,1788777246.4,78.66343966666666,16.87329983333333,True,1
1788777732.457,1788777246.6,78.66343966666666,16.8732905,True,1
1788777732.656,1788777246.8,78.66343983333333,16.87328116666667,True,1
1788777732.854,1788777247.0,78.66344000000001,16.873272,True,1
1788777733.057,1788777247.2,78.66344033333333,16.873263166666668,True,1
1788777733.258,1788777247.4,78.66344066666667,16.873254499999998,True,1
1788777733.456,1788777247.6,78.66344099999999,16.873245666666666,True,1
1788777733.655,1788777247.8,78.6634415,16.873237,True,1
1788777733.857,1788777248.0,78.663442,16.873228666666666,True,1
1788777734.056,1788777248.2,78.6634425,16.87322,True,1
1788777734.257,1788777248.4,78.66344283333333,16.873211333333334,True,1
1788777734.455,1788777248.6,78.66344333333333,16.87320233333333,True,1
1788777734.656,1788777248.8,78.66344383333333,16.8731935,True,1
1788777734.856,1788777249.0,78.66344433333333,16.87318433333333,True,1
1788777735.055,1788777249.2,78.66344483333334,16.873175166666666,True,1
1788777735.255,1788777249.4,78.66344533333333,16.873166333333334,True,1
1788777735.454,1788777249.6,78.66344583333333,16.873157666666668,True,1
1788777735.654,1788777249.8,78.66344649999999,16.873148833333335,True,1
1788777735.856,1788777250.0,78.66344716666667,16.873140166666666,True,1
1788777736.055,1788777250.2,78.66344783333334,16.8731315,True,1
1788777736.255,1788777250.4,78.66344833333332,16.873123,True,1
1788777736.455,1788777250.6,78.66344916666667,16.873114666666666,True,1
1788777736.655,1788777250.8,78.66344983333333,16.873106166666666,True,1
1788777736.855,1788777251.0,78.6634505,16.873097833333336,True,1
1788777737.053,1788777251.2,78.66345133333333,16.873089666666665,True,1
1788777737.256,1788777251.4,78.663452,16.873081666666668,True,1
1788777737.454,1788777251.6,78.66345283333334,16.873073833333333,True,1
1788777737.655,1788777251.8,78.66345366666665,16.87306583333333,True,1
1788777737.854,1788777252.0,78.6634545,16.873057833333334,True,1
1788777738.054,1788777252.2,78.66345533333333,16.87305033333333,True,1
1788777738.251,1788777252.4,78.66345616666668,16.8730425,True,1
1788777738.453,1788777252.6,78.66345716666666,16.873034833333335,True,1
1788777738.654,1788777252.8,78.66345816666667,16.873027166666667,True,1
1788777738.855,1788777253.0,78.66345916666667,16.873019666666668,True,1
1788777739.054,1788777253.2,78.66346016666667,16.8730125,True,1
1788777739.255,1788777253.4,78.66346116666666,16.873005,True,1
1788777739.455,1788777253.6,78.66346216666668,16.872997666666667,True,1
1788777739.661,1788777253.8,78.66346316666666,16.872990333333334,True,1
1788777739.858,1788777254.0,78.66346433333334,16.872983166666664,True,1
1788777740.057,1788777254.2,78.66346533333333,16.872976166666668,True,1
1788777740.255,1788777254.4,78.6634665,16.872969,True,1
1788777740.459,1788777254.6,78.66346766666668,16.872961666666665,True,1
1788777740.654,1788777254.8,78.66346883333334,16.872954,True,1
1788777740.856,1788777255.0,78.66346983333332,16.872947,True,1
1788777741.053,1788777255.2,78.663471,16.872939666666664,True,1
1788777741.255,1788777255.4,78.66347233333333,16.87293233333333,True,1
1788777741.455,1788777255.6,78.6634735,16.872924833333332,True,1
1788777741.657,1788777255.8,78.66347466666666,16.87291766666667,True,1
1788777741.856,1788777256.0,78.66347583333332,16.8729105,True,1
1788777742.057,1788777256.2,78.663477,16.872903333333333,True,1
1788777742.256,1788777256.4,78.66347833333333,16.872896166666667,True,1
1788777742.455,1788777256.6,78.6634795,16.872889166666667,True,1
1788777742.656,1788777256.8,78.66348066666666,16.872882333333333,True,1
1788777742.856,1788777257.0,78.66348183333334,16.872875166666667,True,1
1788777743.056,1788777257.2,78.66348316666668,16.8728685,True,1
1788777743.255,1788777257.4,78.66348450000001,16.872862,True,1
1788777743.456,1788777257.6,78.66348566666667,16.872855166666668,True,1
1788777743.656,1788777257.8,78.663487,16.872848166666664,True,1
1788777743.854,1788777258.0,78.66348816666667,16.872841333333334,True,1
1788777744.057,1788777258.2,78.6634895,16.872834666666666,True,1
1788777744.257,1788777258.4,78.66349083333333,16.872828000000002,True,1
1788777744.457,1788777258.6,78.66349216666667,16.872821166666665,True,1
1788777744.657,1788777258.8,78.66349333333332,16.872814333333334,True,1
1788777744.855,1788777259.0,78.66349466666667,16.8728075,True,1
1788777745.055,1788777259.2,78.663496,16.872800833333333,True,1
1788777745.253,1788777259.4,78.66349733333332,16.87279433333333,True,1
1788777745.457,1788777259.6,78.66349866666665,16.872787833333334,True,1
1788777745.66,1788777259.8,78.66349983333333,16.872781,True,1
1788777745.855,1788777260.0,78.663501,16.872774333333332,True,1
1788777746.055,1788777260.2,78.66350233333333,16.872767333333336,True,1
1788777746.255,1788777260.4,78.66350366666667,16.872760833333334,True,1
1788777746.454,1788777260.6,78.663505,16.872754,True,1
1788777746.653,1788777260.8,78.66350616666666,16.872747166666667,True,1
1788777746.856,1788777261.0,78.6635075,16.872740500000003,True,1
1788777747.057,1788777261.2,78.66350866666667,16.8727335,True,1
1788777747.255,1788777261.4,78.66351,16.872727,True,1
1788777747.455,1788777261.6,78.66351133333333,16.8727205,True,1
1788777747.655,1788777261.8,78.6635125,16.872714166666665,True,1
1788777747.856,1788777262.0,78.66351383333334,16.872707833333333,True,1
1788777748.054,1788777262.2,78.66351516666667,16.872701333333335,True,1
1788777748.255,1788777262.4,78.6635165,16.872694833333334,True,1
1788777748.454,1788777262.6,78.66351783333333,16.8726885,True,1
1788777748.655,1788777262.8,78.663519,16.872682,True,1
1788777748.854,1788777263.0,78.66352033333332,16.872675333333333,True,1
1788777749.055,1788777263.2,78.66352166666667,16.8726685,True,1
1788777749.253,1788777263.4,78.66352283333335,16.872661666666666,True,1
1788777749.451,1788777263.6,78.66352416666668,16.872654833333335,True,1
1788777749.654,1788777263.8,78.66352533333334,16.872648333333334,True,1
1788777749.858,1788777264.0,78.66352666666667,16.8726415,True,1
1788777750.056,1788777264.2,78.663528,16.872634666666666,True,1
1788777750.255,1788777264.4,78.66352916666666,16.872627833333336,True,1
1788777750.454,1788777264.6,78.6635305,16.872621166666665,True,1
1788777750.656,1788777264.8,78.66353183333334,16.872614333333335,True,1
1788777750.858,1788777265.0,78.663533,16.8726075,True,1
1788777751.054,1788777265.2,78.66353433333333,16.872600499999997,True,1
1788777751.253,1788777265.4,78.66353550000001,16.8725935,True,1
1788777751.452,1788777265.6,78.66353683333334,16.872586833333333,True,1
1788777751.654,1788777265.8,78.663538,16.872580000000003,True,1
1788777751.854,1788777266.0,78.66353933333333,16.872573166666665,True,1
1788777752.051,1788777266.2,78.6635405,16.872566333333335,True,1
1788777752.254,1788777266.4,78.66354183333333,16.872559333333335,True,1
1788777752.453,1788777266.6,78.66354299999999,16.872552499999998,True,1
1788777752.655,1788777266.8,78.66354433333332,16.8725455,True,1
1788777752.857,1788777267.0,78.66354566666668,16.872538833333333,True,1
1788777753.061,1788777267.2,78.66354683333334,16.872532166666666,True,1
1788777753.255,1788777267.4,78.663548,16.872525333333332,True,1
1788777753.456,1788777267.6,78.66354933333334,16.872518333333336,True,1
1788777753.655,1788777267.8,78.6635505,16.872511333333332,True,1
1788777753.855,1788777268.0,78.66355183333333,16.872504666666668,True,1
1788777754.056,1788777268.2,78.66355300000001,16.872497833333334,True,1
1788777754.255,1788777268.4,78.66355433333334,16.872490833333334,True,1
1788777754.456,1788777268.6,78.6635555,16.872483666666668,True,1
1788777754.657,1788777268.8,78.66355666666666,16.872476333333335,True,1
1788777754.854,1788777269.0,78.66355783333333,16.87246916666667,True,1
1788777755.057,1788777269.2,78.66355916666666,16.87246233333333,True,1
1788777755.257,1788777269.4,78.66356033333334,16.872455333333335,True,1
1788777755.461,1788777269.6,78.6635615,16.87244816666667,True,1
1788777755.657,1788777269.8,78.66356266666666,16.872441,True,1
1788777755.858,1788777270.0,78.663564,16.872434,True,1
1788777756.057,1788777270.2,78.66356516666666,16.872426833333336,True,1
1788777756.253,1788777270.4,78.66356633333334,16.872419833333332,True,1
1788777756.456,1788777270.6,78.6635675,16.872412833333332,True,1
1788777756.656,1788777270.8,78.66356866666666,16.87240566666667,True,1
1788777756.858,1788777271.0,78.66356983333334,16.8723985,True,1
1788777757.055,1788777271.2,78.663571,16.8723915,True,1
1788777757.254,1788777271.4,78.66357233333333,16.872384333333333,True,1
1788777757.454,1788777271.6,78.6635735,16.87237716666667,True,1
1788777757.655,1788777271.8,78.66357466666666,16.87237,True,1
1788777757.857,1788777272.0,78.66357583333334,16.872362833333334,True,1
1788777758.056,1788777272.2,78.66357716666667,16.8723555,True,1
1788777758.258,1788777272.4,78.66357833333333,16.872348499999998,True,1
1788777758.457,1788777272.6,78.6635795,16.872341333333335,True,1
1788777758.656,1788777272.8,78.66358066666666,16.87233416666667,True,1
1788777758.855,1788777273.0,78.66358199999999,16.872326833333332,True,1
1788777759.053,1788777273.2,78.66358316666667,16.8723195,True,1
1788777759.255,1788777273.4,78.66358433333333,16.872312333333333,True,1
1788777759.454,1788777273.6,78.66358566666666,16.872304999999997,True,1
1788777759.654,1788777273.8,78.66358683333333,16.872297333333332,True,1
1788777759.853,1788777274.0,78.66358799999999,16.872289833333333,True,1
1788777760.058,1788777274.2,78.66358933333332,16.872283,True,1
1788777760.256,1788777274.4,78.6635905,16.872275833333333,True,1
1788777760.453,1788777274.6,78.66359166666666,16.8722685,True,1
1788777760.657,1788777274.8,78.66359283333333,16.872261166666664,True,1
1788777760.857,1788777275.0,78.663594,16.872254166666668,True,1
1788777761.057,1788777275.2,78.66359516666667,16.872247333333334,True,1
1788777761.255,1788777275.4,78.66359633333333,16.87224033333333,True,1
1788777761.455,1788777275.6,78.6635975,16.872233333333334,True,1
1788777761.655,1788777275.8,78.66359866666667,16.872226333333334,True,1
1788777761.856,1788777276.0,78.66359983333334,16.872219166666664,True,1
1788777762.055,1788777276.2,78.663601,16.872212166666667,True,1
1788777762.255,1788777276.4,78.66360216666666,16.872205,True,1
1788777762.455,1788777276.6,78.66360333333334,16.872197500000002,True,1
1788777762.653,1788777276.8,78.66360433333332,16.872190166666666,True,1
1788777762.854,1788777277.0,78.66360549999999,16.872182833333333,True,1
1788777763.053,1788777277.2,78.66360666666667,16.872175333333335,True,1
1788777763.254,1788777277.4,78.66360800000001,16.872167833333332,True,1
1788777763.455,1788777277.6,78.66360916666666,16.8721605,True,1
1788777763.654,1788777277.8,78.66361033333332,16.872153166666667,True,1
1788777763.856,1788777278.0,78.66361149999999,16.8721455,True,1
1788777764.055,1788777278.2,78.66361266666667,16.872137833333333,True,1
1788777764.255,1788777278.4,78.66361383333333,16.8721305,True,1
1788777764.456,1788777278.6,78.66361483333334,16.872123166666665,True,1
1788777764.655,1788777278.8,78.663616,16.872115666666666,True,1
1788777764.856,1788777279.0,78.66361716666667,16.872108166666667,True,1
1788777765.057,1788777279.2,78.66361833333333,16.87210083333333,True,1
1788777765.257,1788777279.4,78.66361950000001,16.872093500000002,True,1
1788777765.455,1788777279.6,78.6636205,16.87208616666667,True,1
1788777765.654,1788777279.8,78.66362183333334,16.872078833333333,True,1
1788777765.854,1788777280.0,78.663623,16.8720715,True,1
1788777766.054,1788777280.2,78.66362416666666,16.872064166666668,True,1
1788777766.257,1788777280.4,78.66362533333333,16.872056999999998,True,1
1788777766.458,1788777280.6,78.66362666666667,16.872049666666666,True,1
1788777766.656,1788777280.8,78.66362783333334,16.872042500000003,True,1
1788777766.857,1788777281.0,78.663629,16.872035333333333,True,1
1788777767.061,1788777281.2,78.66363016666666,16.872027833333334,True,1
1788777767.257,1788777281.4,78.66363133333333,16.872020666666668,True,1
1788777767.457,1788777281.6,78.66363266666667,16.872013499999998,True,1
1788777767.657,1788777281.8,78.66363383333334,16.872006,True,1
1788777767.857,1788777282.0,78.66363500000001,16.871998333333334,True,1
1788777768.055,1788777282.2,78.66363616666666,16.871990999999998,True,1
1788777768.255,1788777282.4,78.66363733333333,16.8719835,True,1
1788777768.455,1788777282.6,78.66363849999999,16.871976166666666,True,1
1788777768.655,1788777282.8,78.66363966666667,16.871968833333334,True,1
1788777768.855,1788777283.0,78.66364083333333,16.871961333333335,True,1
1788777769.056,1788777283.2,78.663642,16.871953666666666,True,1
1788777769.257,1788777283.4,78.66364333333333,16.871946333333334,True,1
1788777769.455,1788777283.6,78.66364449999999,16.871939,True,1
1788777769.657,1788777283.8,78.66364566666667,16.87193166666667,True,1
1788777769.858,1788777284.0,78.66364683333333,16.871924166666666,True,1
1788777770.056,1788777284.2,78.663648,16.871916666666667,True,1
1788777770.257,1788777284.4,78.66364916666666,16.87190916666667,True,1
1788777770.46,1788777284.6,78.66365049999999,16.871901833333332,True,1
1788777770.656,1788777284.8,78.66365166666667,16.8718945,True,1
1788777770.856,1788777285.0,78.66365283333333,16.871887,True,1
1788777771.056,1788777285.2,78.663654,16.8718795,True,1
1788777771.256,1788777285.4,78.66365516666666,16.871872,True,1
1788777771.454,1788777285.6,78.66365649999999,16.8718645,True,1
1788777771.658,1788777285.8,78.66365766666667,16.87185733333333,True,1
1788777771.858,1788777286.0,78.66365883333333,16.871849833333332,True,1
1788777772.058,1788777286.2,78.66366,16.871842333333333,True,1
1788777772.256,1788777286.4,78.66366116666667,16.871835333333333,True,1
1788777772.459,1788777286.6,78.66366233333333,16.871827833333334,True,1
1788777772.657,1788777286.8,78.6636635,16.871820333333336,True,1
1788777772.855,1788777287.0,78.66366483333333,16.871812833333333,True,1
1788777773.058,1788777287.2,78.66366599999999,16.8718055,True,1
1788777773.258,1788777287.4,78.66366716666667,16.8717985,True,1
1788777773.456,1788777287.6,78.66366833333333,16.871791166666664,True,1
1788777773.656,1788777287.8,78.66366966666666,16.871783666666666,True,1
1788777773.855,1788777288.0,78.66367083333333,16.871776166666667,True,1
1788777774.056,1788777288.2,78.66367199999999,16.87176883333333,True,1
1788777774.255,1788777288.4,78.66367316666667,16.871761499999998,True,1
1788777774.456,1788777288.6,78.66367433333333,16.871754166666665,True,1
1788777774.654,1788777288.8,78.6636755,16.871746833333336,True,1
1788777774.855,1788777289.0,78.66367666666666,16.871739333333334,True,1
1788777775.057,1788777289.2,78.66367783333334,16.871732,True,1
1788777775.256,1788777289.4,78.663679,16.87172466666667,True,1
1788777775.455,1788777289.6,78.66368000000001,16.871717166666667,True,1
1788777775.654,1788777289.8,78.66368116666666,16.871709333333335,True,1
1788777775.854,1788777290.0,78.66368233333333,16.871701499999997,True,1
1788777776.055,1788777290.2,78.66368333333334,16.87169383333333,True,1
1788777776.256,1788777290.4,78.6636845,16.871686,True,1
1788777776.454,1788777290.6,78.66368566666667,16.871678333333332,True,1
1788777776.654,1788777290.8,78.66368666666668,16.871670333333334,True,1
1788777776.852,1788777291.0,78.66368783333334,16.8716625,True,1
1788777777.052,1788777291.2,78.663689,16.871654499999998,True,1
1788777777.256,1788777291.4,78.66369,16.871646833333333,True,1
1788777777.453,1788777291.6,78.66369116666667,16.871638833333336,True,1
1788777777.656,1788777291.8,78.66369233333333,16.871630999999997,True,1
1788777777.855,1788777292.0,78.6636935,16.8716235,True,1
1788777778.054,1788777292.2,78.66369466666667,16.871615833333333,True,1
1788777778.256,1788777292.4,78.66369583333334,16.871608,True,1
1788777778.455,1788777292.6,78.663697,16.871600166666667,True,1
1788777778.656,1788777292.8,78.66369816666666,16.871592333333336,True,1
1788777778.854,1788777293.0,78.66369933333334,16.871584833333333,True,1
1788777779.053,1788777293.2,78.6637005,16.87157716666667,True,1
1788777779.253,1788777293.4,78.66370166666667,16.8715695,True,1
1788777779.454,1788777293.6,78.66370283333335,16.87156183333333,True,1
1788777779.654,1788777293.8,78.66370400000001,16.871554,True,1
1788777779.86,1788777294.0,78.66370516666666,16.8715465,True,1
1788777780.056,1788777294.2,78.66370633333332,16.871538833333332,True,1
1788777780.259,1788777294.4,78.66370766666667,16.871531166666667,True,1
1788777780.456,1788777294.6,78.66370883333335,16.871523333333336,True,1
1788777780.655,1788777294.8,78.66371000000001,16.871515499999997,True,1
1788777780.853,1788777295.0,78.66371116666666,16.871507666666666,True,1
1788777781.055,1788777295.2,78.66371233333332,16.871499833333335,True,1
1788777781.255,1788777295.4,78.6637135,16.871491833333334,True,1
1788777781.456,1788777295.6,78.66371466666666,16.871483833333333,True,1
1788777781.655,1788777295.8,78.66371583333333,16.871475999999998,True,1
1788777781.856,1788777296.0,78.66371699999999,16.871468,True,1
1788777782.056,1788777296.2,78.66371816666667,16.871460333333335,True,1
1788777782.255,1788777296.4,78.66371933333333,16.8714525,True,1
1788777782.452,1788777296.6,78.66372066666666,16.871444666666665,True,1
1788777782.657,1788777296.8,78.66372183333333,16.871437,True,1
1788777782.857,1788777297.0,78.66372299999999,16.871429166666665,True,1
1788777783.055,1788777297.2,78.66372416666667,16.871421666666667,True,1
1788777783.254,1788777297.4,78.6637255,16.871414,True,1
1788777783.456,1788777297.6,78.66372666666666,16.8714065,True,1
1788777783.655,1788777297.8,78.66372783333333,16.871399166666667,True,1
1788777783.852,1788777298.0,78.663729,16.871391666666668,True,1
1788777784.054,1788777298.2,78.66373033333333,16.871384,True,1
1788777784.257,1788777298.4,78.6637315,16.871376333333334,True,1
1788777784.456,1788777298.6,78.66373266666666,16.871368833333335,True,1
1788777784.656,1788777298.8,78.66373383333332,16.871361166666667,True,1
1788777784.855,1788777299.0,78.66373516666665,16.871353666666668,True,1
1788777785.057,1788777299.2,78.66373633333333,16.871346000000003,True,1
1788777785.255,1788777299.4,78.6637375,16.871338666666666,True,1
1788777785.46,1788777299.6,78.66373866666666,16.871331333333334,True,1
1788777785.655,1788777299.8,78.66374,16.871323833333335,True,1
1788777785.856,1788777300.0,78.66374116666665,16.871316333333333,True,1
1788777786.062,1788777300.2,78.66374233333333,16.871308833333334,True,1
1788777786.255,1788777300.4,78.6637435,16.87130116666667,True,1
1788777786.457,1788777300.6,78.66374466666666,16.871293833333333,True,1
1788777786.653,1788777300.8,78.663746,16.8712865,True,1
1788777786.854,1788777301.0,78.66374716666665,16.871279,True,1
1788777787.055,1788777301.2,78.66374833333333,16.871271166666666,True,1
1788777787.254,1788777301.4,78.6637495,16.8712635,True,1
1788777787.453,1788777301.6,78.66375083333334,16.871256000000002,True,1
1788777787.654,1788777301.8,78.66375216666667,16.87124833333333,True,1
1788777787.855,1788777302.0,78.66375333333333,16.871240666666665,True,1
1788777788.054,1788777302.2,78.66375466666666,16.871233,True,1
1788777788.256,1788777302.4,78.66375583333334,16.87122533333333,True,1
1788777788.454,1788777302.6,78.663757,16.8712175,True,1
1788777788.654,1788777302.8,78.66375833333333,16.871209833333335,True,1
1788777788.852,1788777303.0,78.6637595,16.8712025,True,1
1788777789.055,1788777303.2,78.66376066666666,16.871195166666666,True,1
1788777789.253,1788777303.4,78.66376199999999,16.871187666666668,True,1
1788777789.454,1788777303.6,78.66376316666667,16.87118,True,1
1788777789.654,1788777303.8,78.66376433333333,16.871172333333334,True,1
1788777789.853,1788777304.0,78.66376566666666,16.871165,True,1
1788777790.053,1788777304.2,78.66376683333333,16.8711575,True,1
1788777790.256,1788777304.4,78.66376816666666,16.871149666666668,True,1
1788777790.458,1788777304.6,78.6637695,16.871141666666666,True,1
1788777790.653,1788777304.8,78.66377066666668,16.871134166666664,True,1
1788777790.851,1788777305.0,78.66377200000001,16.871126666666665,True,1
1788777791.053,1788777305.2,78.66377316666667,16.871119333333336,True,1
1788777791.252,1788777305.4,78.6637745,16.871111833333334,True,1
1788777791.453,1788777305.6,78.66377566666667,16.8711045,True,1
1788777791.653,1788777305.8,78.66377683333333,16.871097000000002,True,1
1788777791.856,1788777306.0,78.66377816666666,16.871089666666666,True,1
1788777792.055,1788777306.2,78.66377933333334,16.871082166666667,True,1
1788777792.255,1788777306.4,78.66378066666667,16.871075,True,1
1788777792.454,1788777306.6,78.66378183333333,16.871067666666665,True,1
1788777792.655,1788777306.8,78.663783,16.87106,True,1
1788777792.856,1788777307.0,78.66378433333333,16.8710525,True,1
1788777793.055,1788777307.2,78.66378566666667,16.871045,True,1
1788777793.255,1788777307.4,78.66378683333333,16.8710375,True,1
1788777793.453,1788777307.6,78.66378816666666,16.87103,True,1
1788777793.653,1788777307.8,78.66378933333334,16.871022166666666,True,1
1788777793.857,1788777308.0,78.6637905,16.871014333333335,True,1
1788777794.055,1788777308.2,78.66379166666667,16.871006666666666,True,1
1788777794.256,1788777308.4,78.663793,16.870998999999998,True,1
1788777794.456,1788777308.6,78.66379416666668,16.870991333333333,True,1
1788777794.656,1788777308.8,78.66379533333334,16.870983666666667,True,1
1788777794.856,1788777309.0,78.6637965,16.870976,True,1
1788777795.055,1788777309.2,78.66379783333333,16.870968333333334,True,1
1788777795.256,1788777309.4,78.663799,16.87096066666667,True,1
1788777795.454,1788777309.6,78.66380016666668,16.870953166666666,True,1
1788777795.656,1788777309.8,78.6638015,16.8709455,True,1
1788777795.855,1788777310.0,78.66380266666667,16.87093766666667,True,1
1788777796.056,1788777310.2,78.663804,16.87092983333333,True,1
1788777796.255,1788777310.4,78.66380516666666,16.870922333333333,True,1
1788777796.456,1788777310.6,78.66380633333333,16.870914666666668,True,1
1788777796.655,1788777310.8,78.6638075,16.870907,True,1
1788777796.853,1788777311.0,78.66380883333333,16.870899166666668,True,1
1788777797.055,1788777311.2,78.66381,16.870891500000003,True,1
1788777797.255,1788777311.4,78.66381116666666,16.870884166666666,True,1
1788777797.454,1788777311.6,78.66381233333333,16.870876666666668,True,1
1788777797.652,1788777311.8,78.66381366666666,16.87086916666667,True,1
1788777797.856,1788777312.0,78.66381483333333,16.870861333333334,True,1
1788777798.054,1788777312.2,78.663816,16.8708535,True,1
1788777798.253,1788777312.4,78.66381733333333,16.870845666666664,True,1
1788777798.453,1788777312.6,78.66381849999999,16.870838,True,1
1788777798.653,1788777312.8,78.66381966666667,16.8708305,True,1
1788777798.854,1788777313.0,78.66382100000001,16.87082283333333,True,1
1788777799.054,1788777313.2,78.66382216666666,16.870814833333334,True,1
1788777799.253,1788777313.4,78.66382333333333,16.87080716666667,True,1
1788777799.455,1788777313.6,78.66382449999999,16.870799499999997,True,1
1788777799.655,1788777313.8,78.66382566666667,16.87079183333333,True,1
1788777799.856,1788777314.0,78.66382700000001,16.870784166666667,True,1
1788777800.055,1788777314.2,78.66382816666666,16.870776333333332,True,1
1788777800.256,1788777314.4,78.66382933333333,16.8707685,True,1
1788777800.457,1788777314.6,78.66383049999999,16.8707605,True,1
1788777800.655,1788777314.8,78.66383166666667,16.870752666666665,True,1
1788777800.861,1788777315.0,78.66383283333333,16.870744833333333,True,1
1788777801.058,1788777315.2,78.66383416666666,16.870737000000002,True,1
1788777801.254,1788777315.4,78.66383533333332,16.870728999999997,True,1
1788777801.456,1788777315.6,78.66383649999999,16.870721,True,1
1788777801.653,1788777315.8,78.66383766666667,16.87071316666667,True,1
1788777801.853,1788777316.0,78.66383883333333,16.870705333333333,True,1
1788777802.055,1788777316.2,78.66384,16.87069766666667,True,1
1788777802.255,1788777316.4,78.66384116666667,16.870689833333333,True,1
1788777802.457,1788777316.6,78.66384233333333,16.870682,True,1
1788777802.655,1788777316.8,78.6638435,16.870674166666667,True,1
1788777802.855,1788777317.0,78.66384466666666,16.87066616666667,True,1
1788777803.057,1788777317.2,78.66384583333334,16.870658166666665,True,1
1788777803.256,1788777317.4,78.663847,16.870650666666666,True,1
1788777803.457,1788777317.6,78.66384816666667,16.87064283333333,True,1
1788777803.657,1788777317.8,78.6638495,16.870634833333334,True,1
1788777803.856,1788777318.0,78.66385066666666,16.870627000000002,True,1
1788777804.056,1788777318.2,78.66385183333334,16.87061933333333,True,1
1788777804.256,1788777318.4,78.663853,16.870611666666665,True,1
1788777804.456,1788777318.6,78.66385416666667,16.870603666666668,True,1
1788777804.652,1788777318.8,78.6638555,16.870596166666665,True,1
1788777804.855,1788777319.0,78.66385666666666,16.870588333333334,True,1
1788777805.056,1788777319.2,78.66385783333334,16.870580500000003,True,1
1788777805.256,1788777319.4,78.663859,16.870572666666664,True,1
1788777805.457,1788777319.6,78.66386016666667,16.870564833333333,True,1
1788777805.655,1788777319.8,78.66386133333334,16.870557,True,1
1788777805.855,1788777320.0,78.66386266666667,16.870549333333333,True,1
1788777806.058,1788777320.2,78.66386383333334,16.870541166666666,True,1
1788777806.256,1788777320.4,78.663865,16.870533000000002,True,1
1788777806.456,1788777320.6,78.66386616666666,16.870525,True,1
1788777806.656,1788777320.8,78.66386733333334,16.870517166666666,True,1
1788777806.855,1788777321.0,78.6638685,16.8705095,True,1
1788777807.057,1788777321.2,78.66386983333334,16.8705015,True,1
1788777807.256,1788777321.4,78.663871,16.87049366666667,True,1
1788777807.454,1788777321.6,78.66387200000001,16.87048583333333,True,1
1788777807.658,1788777321.8,78.66387316666666,16.870478166666665,True,1
1788777807.857,1788777322.0,78.66387433333333,16.8704705,True,1
1788777808.055,1788777322.2,78.66387566666667,16.870462666666665,True,1
1788777808.254,1788777322.4,78.66387683333333,16.870454666666667,True,1
1788777808.456,1788777322.6,78.66387800000001,16.870446666666666,True,1
1788777808.656,1788777322.8,78.66387916666666,16.8704385,True,1
1788777808.855,1788777323.0,78.6638805,16.8704305,True,1
1788777809.055,1788777323.2,78.66388166666667,16.870422666666666,True,1
1788777809.252,1788777323.4,78.66388283333335,16.870414666666665,True,1
1788777809.454,1788777323.6,78.66388416666668,16.870406833333334,True,1
1788777809.654,1788777323.8,78.66388533333334,16.870399000000003,True,1
1788777809.856,1788777324.0,78.6638865,16.870391333333334,True,1
1788777810.052,1788777324.2,78.66388766666667,16.870383666666665,True,1
1788777810.256,1788777324.4,78.66388883333335,16.870375833333334,True,1
1788777810.454,1788777324.6,78.66389000000001,16.870368,True,1
1788777810.654,1788777324.8,78.66389116666666,16.870360166666668,True,1
1788777810.858,1788777325.0,78.66389233333332,16.870352333333337,True,1
1788777811.056,1788777325.2,78.6638935,16.870344499999998,True,1
1788777811.254,1788777325.4,78.66389483333334,16.870336333333334,True,1
1788777811.453,1788777325.6,78.66389600000001,16.870328500000003,True,1
1788777811.653,1788777325.8,78.66389716666666,16.870320333333332,True,1
1788777811.855,1788777326.0,78.66389833333332,16.870312166666668,True,1
1788777812.054,1788777326.2,78.6638995,16.870304166666664,True,1
1788777812.255,1788777326.4,78.66390083333334,16.870296333333332,True,1
1788777812.452,1788777326.6,78.66390200000001,16.8702885,True,1
1788777812.654,1788777326.8,78.66390316666666,16.8702805,True,1
1788777812.853,1788777327.0,78.66390433333332,16.870272333333332,True,1
1788777813.055,1788777327.2,78.6639055,16.870264333333335,True,1
1788777813.256,1788777327.4,78.66390666666666,16.8702565,True,1
1788777813.455,1788777327.6,78.66390783333333,16.8702485,True,1
1788777813.654,1788777327.8,78.663909,16.8702405,True,1
1788777813.854,1788777328.0,78.66391033333333,16.8702325,True,1
1788777814.056,1788777328.2,78.6639115,16.8702245,True,1
1788777814.254,1788777328.4,78.66391266666666,16.870216333333335,True,1
1788777814.456,1788777328.6,78.66391383333332,16.870208166666664,True,1
1788777814.658,1788777328.8,78.663915,16.870200333333333,True,1
1788777814.856,1788777329.0,78.66391633333333,16.870192166666666,True,1
1788777815.056,1788777329.2,78.6639175,16.870184166666665,True,1
1788777815.256,1788777329.4,78.66391883333334,16.870176333333333,True,1
1788777815.461,1788777329.6,78.66392,16.8701685,True,1
1788777815.653,1788777329.8,78.66392116666665,16.870160833333333,True,1
1788777815.858,1788777330.0,78.66392233333333,16.870153333333334,True,1
1788777816.056,1788777330.2,78.66392366666668,16.870145666666666,True,1
1788777816.257,1788777330.4,78.66392483333334,16.870138,True,1
1788777816.459,1788777330.6,78.663926,16.870130333333336,True,1
1788777816.658,1788777330.8,78.66392716666665,16.870122499999997,True,1
1788777816.859,1788777331.0,78.66392850000001,16.870114666666666,True,1
1788777817.056,1788777331.2,78.66392966666668,16.870106833333335,True,1
1788777817.255,1788777331.4,78.66393083333334,16.870099,True,1
1788777817.455,1788777331.6,78.663932,16.87009116666667,True,1
1788777817.656,1788777331.8,78.66393333333333,16.870083,True,1
1788777817.859,1788777332.0,78.66393450000001,16.870075166666666,True,1
1788777818.056,1788777332.2,78.66393566666667,16.870067333333335,True,1
1788777818.254,1788777332.4,78.66393683333334,16.8700595,True,1
1788777818.455,1788777332.6,78.663938,16.8700515,True,1
1788777818.657,1788777332.8,78.66393916666667,16.870043333333335,True,1
1788777818.856,1788777333.0,78.66394033333333,16.870035166666664,True,1
1788777819.057,1788777333.2,78.66394149999999,16.870027333333333,True,1
1788777819.255,1788777333.4,78.66394266666666,16.870019666666668,True,1
1788777819.455,1788777333.6,78.66394383333333,16.870011833333333,True,1
1788777819.657,1788777333.8,78.66394516666666,16.870003999999998,True,1
1788777819.857,1788777334.0,78.66394633333333,16.8699965,True,1
1788777820.055,1788777334.2,78.66394766666667,16.869988666666664,True,1
1788777820.256,1788777334.4,78.66394883333334,16.869981,True,1
1788777820.452,1788777334.6,78.66395016666667,16.869973166666668,True,1
1788777820.652,1788777334.8,78.66395133333334,16.8699655,True,1
1788777820.855,1788777335.0,78.66395250000001,16.869957666666668,True,1
1788777821.052,1788777335.2,78.66395383333334,16.869949666666667,True,1
1788777821.257,1788777335.4,78.663955,16.869941833333332,True,1
1788777821.457,1788777335.6,78.66395633333333,16.869934166666667,True,1
1788777821.656,1788777335.8,78.6639575,16.869926500000002,True,1
1788777821.856,1788777336.0,78.66395866666667,16.869919,True,1
1788777822.057,1788777336.2,78.66395983333334,16.869911333333334,True,1
1788777822.258,1788777336.4,78.663961,16.86990366666667,True,1
1788777822.456,1788777336.6,78.66396216666666,16.869896,True,1
1788777822.657,1788777336.8,78.6639635,16.869888333333332,True,1
1788777822.856,1788777337.0,78.66396466666667,16.8698805,True,1
1788777823.055,1788777337.2,78.663966,16.869873,True,1
1788777823.261,1788777337.4,78.66396716666667,16.869865333333333,True,1
1788777823.454,1788777337.6,78.6639685,16.869857333333336,True,1
1788777823.656,1788777337.8,78.66396966666666,16.8698495,True,1
1788777823.854,1788777338.0,78.663971,16.869841666666666,True,1
1788777824.056,1788777338.2,78.66397216666665,16.869834333333333,True,1
1788777824.253,1788777338.4,78.66397333333333,16.86982683333333,True,1
1788777824.453,1788777338.6,78.66397466666668,16.869819333333332,True,1
1788777824.654,1788777338.8,78.66397583333334,16.8698115,True,1
1788777824.854,1788777339.0,78.663977,16.869804,True,1
1788777825.053,1788777339.2,78.66397816666667,16.869796666666666,True,1
1788777825.252,1788777339.4,78.66397933333333,16.869789166666667,True,1
1788777825.453,1788777339.6,78.6639805,16.869781333333332,True,1
1788777825.654,1788777339.8,78.66398166666666,16.8697735,True,1
1788777825.853,1788777340.0,78.663983,16.869765833333336,True,1
1788777826.053,1788777340.2,78.66398416666667,16.869758166666667,True,1
1788777826.253,1788777340.4,78.66398550000001,16.869750500000002,True,1
1788777826.452,1788777340.6,78.66398666666667,16.86974283333333,True,1
1788777826.65,1788777340.8,78.66398783333334,16.869735166666665,True,1
1788777826.852,1788777341.0,78.663989,16.869727166666667,True,1
1788777827.052,1788777341.2,78.66399016666666,16.869719333333332,True,1
1788777827.252,1788777341.4,78.66399150000001,16.869711833333334,True,1
1788777827.453,1788777341.6,78.66399266666667,16.869704000000002,True,1
1788777827.653,1788777341.8,78.66399383333334,16.869696166666664,True,1
1788777827.856,1788777342.0,78.66399500000001,16.869688333333333,True,1
1788777828.054,1788777342.2,78.66399616666666,16.869680666666667,True,1
1788777828.254,1788777342.4,78.66399733333333,16.869673,True,1
1788777828.454,1788777342.6,78.66399866666667,16.869665333333334,True,1
1788777828.657,1788777342.8,78.66399983333334,16.86965766666667,True,1
1788777828.855,1788777343.0,78.66400116666667,16.869649833333334,True,1
1788777829.054,1788777343.2,78.66400233333334,16.869641833333333,True,1
1788777829.255,1788777343.4,78.6640035,16.869633833333335,True,1
1788777829.451,1788777343.6,78.66400483333334,16.869626166666666,True,1
1788777829.656,1788777343.8,78.664006,16.8696185,True,1
1788777829.856,1788777344.0,78.66400733333333,16.869610666666667,True,1
1788777830.055,1788777344.2,78.6640085,16.86960283333333,True,1
1788777830.256,1788777344.4,78.66400966666667,16.869595,True,1
1788777830.46,1788777344.6,78.66401083333334,16.8695875,True,1
1788777830.655,1788777344.8,78.66401216666667,16.86958,True,1
1788777830.854,1788777345.0,78.66401333333333,16.869572333333334,True,1
1788777831.054,1788777345.2,78.6640145,16.869564500000003,True,1
1788777831.254,1788777345.4,78.66401583333332,16.869556833333334,True,1
1788777831.455,1788777345.6,78.664017,16.869549333333335,True,1
1788777831.655,1788777345.8,78.66401833333333,16.869541666666667,True,1
1788777831.855,1788777346.0,78.6640195,16.869533999999998,True,1
1788777832.056,1788777346.2,78.66402083333334,16.869526333333333,True,1
1788777832.252,1788777346.4,78.664022,16.869518666666668,True,1
1788777832.454,1788777346.6,78.66402316666667,16.869511,True,1
1788777832.655,1788777346.8,78.66402450000001,16.8695035,True,1
1788777832.858,1788777347.0,78.66402566666667,16.869496,True,1
1788777833.058,1788777347.2,78.66402683333334,16.869487833333334,True,1
1788777833.257,1788777347.4,78.66402816666667,16.869480166666666,True,1
1788777833.457,1788777347.6,78.66402933333333,16.869472499999997,True,1
1788777833.658,1788777347.8,78.66403050000001,16.869464999999998,True,1
1788777833.858,1788777348.0,78.66403183333334,16.869457666666666,True,1
1788777834.057,1788777348.2,78.664033,16.869449999999997,True,1
1788777834.256,1788777348.4,78.66403416666667,16.869442333333332,True,1
1788777834.456,1788777348.6,78.66403533333333,16.869434333333334,True,1
1788777834.656,1788777348.8,78.66403650000001,16.869426666666666,True,1
1788777834.854,1788777349.0,78.66403783333334,16.869419166666667,True,1
1788777835.056,1788777349.2,78.664039,16.869411333333336,True,1
1788777835.258,1788777349.4,78.66404033333333,16.86940333333333,True,1
1788777835.455,1788777349.6,78.6640415,16.8693955,True,1
1788777835.653,1788777349.8,78.66404266666667,16.869387833333334,True,1
1788777835.855,1788777350.0,78.66404383333334,16.869380166666666,True,1
1788777836.055,1788777350.2,78.66404516666667,16.869372666666667,True,1
1788777836.255,1788777350.4,78.66404633333333,16.869364833333336,True,1
1788777836.454,1788777350.6,78.6640475,16.86935683333333,True,1
1788777836.654,1788777350.8,78.6640485,16.869349,True,1
1788777836.854,1788777351.0,78.66404966666667,16.8693415,True,1
1788777837.053,1788777351.2,78.664051,16.869333833333332,True,1
1788777837.253,1788777351.4,78.66405216666666,16.869326,True,1
1788777837.454,1788777351.6,78.66405333333334,16.86931816666667,True,1
1788777837.653,1788777351.8,78.6640545,16.86931033333333,True,1
1788777837.856,1788777352.0,78.66405566666667,16.869302333333334,True,1
1788777838.055,1788777352.2,78.66405683333333,16.86929466666667,True,1
1788777838.254,1788777352.4,78.66405816666666,16.869286833333334,True,1
1788777838.456,1788777352.6,78.66405933333334,16.869278833333333,True,1
1788777838.655,1788777352.8,78.6640605,16.869270833333335,True,1
1788777838.855,1788777353.0,78.66406166666667,16.869262833333334,True,1
1788777839.053,1788777353.2,78.664063,16.869254833333333,True,1
1788777839.254,1788777353.4,78.66406416666668,16.86924683333333,True,1
1788777839.454,1788777353.6,78.6640655,16.869238833333334,True,1
1788777839.67,1788777353.8,78.66406683333334,16.869230833333333,True,1
1788777839.855,1788777354.0,78.66406833333333,16.869223166666664,True,1
1788777840.055,1788777354.2,78.66406983333333,16.869215999999998,True,1
1788777840.256,1788777354.4,78.6640715,16.869208833333335,True,1
1788777840.453,1788777354.6,78.66407299999999,16.869202166666664,True,1
1788777840.658,1788777354.8,78.6640745,16.8691955,True,1
1788777840.856,1788777355.0,78.664076,16.869189,True,1
1788777841.056,1788777355.2,78.66407766666666,16.869182333333335,True,1
1788777841.259,1788777355.4,78.66407933333333,16.869176166666666,True,1
1788777841.454,1788777355.6,78.66408116666666,16.8691705,True,1
1788777841.655,1788777355.8,78.66408283333334,16.869165666666667,True,1
1788777841.853,1788777356.0,78.6640845,16.869161666666667,True,1
1788777842.055,1788777356.2,78.66408616666666,16.869157833333336,True,1
1788777842.257,1788777356.4,78.66408799999999,16.869154499999997,True,1
1788777842.456,1788777356.6,78.66408966666667,16.869151666666667,True,1
1788777842.656,1788777356.8,78.6640915,16.869149999999998,True,1
1788777842.858,1788777357.0,78.66409333333333,16.86914833333333,True,1
1788777843.056,1788777357.2,78.664095,16.869147166666668,True,1
1788777843.253,1788777357.4,78.66409683333333,16.8691465,True,1
1788777843.455,1788777357.6,78.66409883333334,16.869146166666667,True,1
1788777843.657,1788777357.8,78.66410066666667,16.869146333333333,True,1
1788777843.857,1788777358.0,78.6641025,16.869147166666668,True,1
1788777844.057,1788777358.2,78.6641045,16.86914833333333,True,1
1788777844.257,1788777358.4,78.66410633333334,16.86914983333333,True,1
1788777844.457,1788777358.6,78.66410816666667,16.869151499999997,True,1
1788777844.655,1788777358.8,78.66411,16.869153833333332,True,1
1788777844.855,1788777359.0,78.66411183333334,16.8691565,True,1
1788777845.055,1788777359.2,78.6641135,16.869159500000002,True,1
1788777845.255,1788777359.4,78.66411516666668,16.869162666666668,True,1
1788777845.459,1788777359.6,78.66411666666666,16.869166166666666,True,1
1788777845.653,1788777359.8,78.66411833333333,16.8691705,True,1
1788777845.854,1788777360.0,78.66411983333334,16.869174833333332,True,1
1788777846.058,1788777360.2,78.66412133333333,16.869179166666665,True,1
1788777846.253,1788777360.4,78.66412283333334,16.869183666666668,True,1
1788777846.456,1788777360.6,78.66412416666667,16.869188333333334,True,1
1788777846.655,1788777360.8,78.6641255,16.86919333333333,True,1
1788777846.854,1788777361.0,78.66412666666666,16.869198333333333,True,1
1788777847.055,1788777361.2,78.66412799999999,16.869203666666667,True,1
1788777847.255,1788777361.4,78.66412933333332,16.869209,True,1
1788777847.455,1788777361.6,78.66413066666668,16.8692145,True,1
1788777847.654,1788777361.8,78.66413183333334,16.86922033333333,True,1
1788777847.855,1788777362.0,78.66413299999999,16.869226166666667,True,1
1788777848.055,1788777362.2,78.66413416666666,16.869232166666666,True,1
1788777848.257,1788777362.4,78.66413533333333,16.869238166666666,True,1
1788777848.456,1788777362.6,78.6641365,16.86924433333333,True,1
1788777848.655,1788777362.8,78.66413766666666,16.8692505,True,1
1788777848.854,1788777363.0,78.66413899999999,16.86925666666667,True,1
1788777849.057,1788777363.2,78.66414033333334,16.869263166666666,True,1
1788777849.257,1788777363.4,78.6641415,16.86926983333333,True,1
1788777849.457,1788777363.6,78.66414283333333,16.869276666666668,True,1
1788777849.657,1788777363.8,78.66414400000001,16.869283499999998,True,1
1788777849.856,1788777364.0,78.66414516666667,16.869290499999998,True,1
1788777850.054,1788777364.2,78.66414633333333,16.869297500000002,True,1
1788777850.254,1788777364.4,78.66414733333333,16.869304666666668,True,1
1788777850.455,1788777364.6,78.6641485,16.869311999999997,True,1
1788777850.657,1788777364.8,78.66414966666666,16.869319,True,1
1788777850.856,1788777365.0,78.66415066666667,16.869326166666667,True,1
1788777851.054,1788777365.2,78.66415166666667,16.869333166666667,True,1
1788777851.256,1788777365.4,78.6641525,16.869340333333334,True,1
1788777851.452,1788777365.6,78.66415350000001,16.869347333333334,True,1
1788777851.655,1788777365.8,78.66415433333333,16.8693545,True,1
1788777851.856,1788777366.0,78.66415533333334,16.869361833333336,True,1
1788777852.056,1788777366.2,78.66415616666667,16.86936916666667,True,1
1788777852.256,1788777366.4,78.66415699999999,16.869376833333334,True,1
1788777852.454,1788777366.6,78.66415783333333,16.869384333333336,True,1
1788777852.657,1788777366.8,78.66415866666667,16.869391833333335,True,1
1788777852.854,1788777367.0,78.66415950000001,16.8693995,True,1
1788777853.056,1788777367.2,78.66416033333333,16.869407000000002,True,1
1788777853.257,1788777367.4,78.66416116666666,16.869414666666668,True,1
1788777853.454,1788777367.6,78.664162,16.869422166666666,True,1
1788777853.654,1788777367.8,78.66416283333334,16.86942966666667,True,1
1788777853.863,1788777368.0,78.6641635,16.869437166666668,True,1
1788777854.057,1788777368.2,78.66416433333333,16.8694445,True,1
1788777854.254,1788777368.4,78.66416516666666,16.869452000000003,True,1
1788777854.456,1788777368.6,78.66416583333333,16.8694595,True,1
1788777854.656,1788777368.8,78.66416666666667,16.869467166666666,True,1
1788777854.855,1788777369.0,78.6641675,16.869475166666668,True,1
1788777855.056,1788777369.2,78.66416833333332,16.869483166666665,True,1
1788777855.257,1788777369.4,78.66416899999999,16.8694915,True,1
1788777855.457,1788777369.6,78.66416983333333,16.869499833333336,True,1
1788777855.66,1788777369.8,78.66417066666666,16.869508,True,1
1788777855.855,1788777370.0,78.66417150000001,16.869516166666664,True,1
1788777856.055,1788777370.2,78.66417233333333,16.869524333333334,True,1
1788777856.256,1788777370.4,78.66417316666666,16.869532333333332,True,1
1788777856.457,1788777370.6,78.664174,16.869540500000003,True,1
1788777856.656,1788777370.8,78.66417466666667,16.8695485,True,1
1788777856.854,1788777371.0,78.6641755,16.869556666666664,True,1
1788777857.052,1788777371.2,78.66417633333334,16.869564833333335,True,1
1788777857.255,1788777371.4,78.66417700000001,16.869572666666667,True,1
1788777857.455,1788777371.6,78.66417783333333,16.869581166666666,True,1
1788777857.655,1788777371.8,78.66417866666667,16.869589333333334,True,1
1788777857.855,1788777372.0,78.6641795,16.8695975,True,1
1788777858.055,1788777372.2,78.66418016666667,16.869605666666665,True,1
1788777858.256,1788777372.4,78.664181,16.869613833333336,True,1
1788777858.453,1788777372.6,78.66418183333333,16.869622,True,1
1788777858.656,1788777372.8,78.66418266666666,16.869630333333337,True,1
1788777858.853,1788777373.0,78.66418333333333,16.8696385,True,1
1788777859.054,1788777373.2,78.66418416666667,16.869646666666664,True,1
1788777859.266,1788777373.4,78.664185,16.86965466666667,True,1
1788777859.454,1788777373.6,78.66418583333333,16.869662833333333,True,1
1788777859.654,1788777373.8,78.66418666666667,16.869671,True,1
1788777859.852,1788777374.0,78.66418733333333,16.869679166666668,True,1
1788777860.054,1788777374.2,78.66418816666666,16.86968733333333,True,1
1788777860.256,1788777374.4,78.66418900000001,16.869695666666665,True,1
1788777860.465,1788777374.6,78.66418983333332,16.869704000000002,True,1
1788777860.657,1788777374.8,78.66419066666667,16.8697125,True,1
1788777860.857,1788777375.0,78.6641915,16.869721000000002,True,1
1788777861.058,1788777375.2,78.66419233333333,16.869729500000002,True,1
1788777861.255,1788777375.4,78.66419316666666,16.869737999999998,True,1
1788777861.459,1788777375.6,78.66419383333333,16.869746333333335,True,1
1788777861.656,1788777375.8,78.66419466666666,16.869754666666665,True,1
1788777861.855,1788777376.0,78.6641955,16.869762666666666,True,1
1788777862.054,1788777376.2,78.66419633333334,16.869770833333334,True,1
1788777862.265,1788777376.4,78.66419716666665,16.86977883333333,True,1
1788777862.453,1788777376.6,78.66419783333335,16.869786833333333,True,1
1788777862.655,1788777376.8,78.66419866666666,16.869795,True,1
1788777862.857,1788777377.0,78.6641995,16.869803333333333,True,1
1788777863.057,1788777377.2,78.66420033333334,16.869811666666667,True,1
1788777863.256,1788777377.4,78.66420116666667,16.86982,True,1
1788777863.458,1788777377.6,78.66420199999999,16.8698285,True,1
1788777863.656,1788777377.8,78.664203,16.869837,True,1
1788777863.855,1788777378.0,78.66420383333335,16.869845333333334,True,1
1788777864.056,1788777378.2,78.66420466666666,16.86985383333333,True,1
1788777864.255,1788777378.4,78.6642055,16.869862,True,1
1788777864.454,1788777378.6,78.66420633333334,16.86987033333333,True,1
1788777864.656,1788777378.8,78.66420716666667,16.86987866666667,True,1
1788777864.857,1788777379.0,78.66420799999999,16.869886833333332,True,1
1788777865.056,1788777379.2,78.66420883333333,16.869895,True,1
1788777865.254,1788777379.4,78.66420983333335,16.869903166666667,True,1
1788777865.462,1788777379.6,78.66421066666666,16.869911166666668,True,1
1788777865.656,1788777379.8,78.6642115,16.869919166666666,True,1
1788777865.858,1788777380.0,78.66421233333334,16.869927333333333,True,1
1788777866.055,1788777380.2,78.66421333333332,16.8699355,True,1
1788777866.257,1788777380.4,78.66421416666667,16.869943999999997,True,1
1788777866.457,1788777380.6,78.664215,16.869952333333334,True,1
1788777866.652,1788777380.8,78.664216,16.869960666666667,True,1
1788777866.853,1788777381.0,78.66421683333333,16.869969,True,1
1788777867.057,1788777381.2,78.66421766666667,16.869977333333335,True,1
1788777867.256,1788777381.4,78.6642185,16.869985666666665,True,1
1788777867.455,1788777381.6,78.6642195,16.869993833333336,True,1
1788777867.655,1788777381.8,78.66422033333333,16.870002,True,1
1788777867.853,1788777382.0,78.66422116666666,16.870010166666667,True,1
1788777868.052,1788777382.2,78.66422216666666,16.870018333333334,True,1
1788777868.257,1788777382.4,78.66422299999999,16.870026499999998,True,1
1788777868.455,1788777382.6,78.66422383333334,16.87003483333333,True,1
1788777868.656,1788777382.8,78.66422483333334,16.87004316666667,True,1
1788777868.855,1788777383.0,78.66422566666667,16.8700515,True,1
1788777869.056,1788777383.2,78.6642265,16.870060000000002,True,1
1788777869.255,1788777383.4,78.66422733333334,16.870068333333332,True,1
1788777869.452,1788777383.6,78.66422833333333,16.870076666666666,True,1
1788777869.654,1788777383.8,78.66422916666667,16.870084666666667,True,1
1788777869.855,1788777384.0,78.66423016666666,16.870093166666667,True,1
1788777870.053,1788777384.2,78.664231,16.87010133333333,True,1
1788777870.254,1788777384.4,78.664232,16.870109666666668,True,1
1788777870.454,1788777384.6,78.66423283333333,16.870117999999998,True,1
1788777870.654,1788777384.8,78.66423366666666,16.870126333333335,True,1
1788777870.855,1788777385.0,78.66423466666667,16.87013466666667,True,1
1788777871.054,1788777385.2,78.66423566666667,16.870143,True,1
1788777871.254,1788777385.4,78.6642365,16.870151333333336,True,1
1788777871.456,1788777385.6,78.6642375,16.870159833333332,True,1
1788777871.659,1788777385.8,78.6642385,16.870168166666666,True,1
1788777871.857,1788777386.0,78.6642395,16.87017666666667,True,1
1788777872.057,1788777386.2,78.66424033333332,16.870185,True,1
1788777872.253,1788777386.4,78.66424133333334,16.870193333333336,True,1
1788777872.454,1788777386.6,78.66424216666665,16.8702015,True,1
1788777872.657,1788777386.8,78.66424316666667,16.870209833333334,True,1
1788777872.856,1788777387.0,78.66424416666668,16.870218,True,1
1788777873.057,1788777387.2,78.664245,16.870226166666665,True,1
1788777873.255,1788777387.4,78.664246,16.870234333333332,True,1
1788777873.454,1788777387.6,78.66424683333334,16.8702425,True,1
1788777873.655,1788777387.8,78.66424783333333,16.870250666666667,True,1
1788777873.857,1788777388.0,78.66424883333335,16.87025883333333,True,1
1788777874.055,1788777388.2,78.66424966666666,16.870267166666668,True,1
1788777874.256,1788777388.4,78.66425066666667,16.870275333333332,True,1
1788777874.454,1788777388.6,78.66425166666666,16.87028366666667,True,1
1788777874.658,1788777388.8,78.66425266666667,16.870292,True,1
1788777874.857,1788777389.0,78.6642535,16.870300333333333,True,1
1788777875.056,1788777389.2,78.6642545,16.870308666666666,True,1
1788777875.255,1788777389.4,78.66425550000001,16.870317,True,1
1788777875.459,1788777389.6,78.6642565,16.870325166666664,True,1
1788777875.655,1788777389.8,78.66425733333334,16.870333666666667,True,1
1788777875.857,1788777390.0,78.66425833333332,16.870341833333335,True,1
1788777876.057,1788777390.2,78.66425933333333,16.87035,True,1
1788777876.254,1788777390.4,78.66426033333333,16.870358,True,1
1788777876.455,1788777390.6,78.66426133333333,16.870365833333334,True,1
1788777876.66,1788777390.8,78.66426216666667,16.870373833333336,True,1
1788777876.856,1788777391.0,78.66426316666666,16.870381833333333,True,1
1788777877.056,1788777391.2,78.66426416666667,16.87039,True,1
1788777877.253,1788777391.4,78.66426516666667,16.870398166666668,True,1
1788777877.453,1788777391.6,78.66426633333334,16.870406333333335,True,1
1788777877.653,1788777391.8,78.66426716666666,16.870414666666665,True,1
1788777877.854,1788777392.0,78.66426816666667,16.870423000000002,True,1
1788777878.055,1788777392.2,78.66426933333334,16.8704315,True,1
1788777878.256,1788777392.4,78.66427033333333,16.870439833333332,True,1
1788777878.454,1788777392.6,78.66427133333333,16.870448166666666,True,1
1788777878.654,1788777392.8,78.66427233333334,16.870456666666666,True,1
1788777878.854,1788777393.0,78.66427333333333,16.870465000000003,True,1
1788777879.052,1788777393.2,78.66427433333334,16.870473333333333,True,1
1788777879.255,1788777393.4,78.66427533333334,16.8704815,True,1
1788777879.454,1788777393.6,78.6642765,16.8704895,True,1
1788777879.653,1788777393.8,78.6642775,16.8704975,True,1
1788777879.853,1788777394.0,78.6642785,16.87050533333333,True,1
1788777880.054,1788777394.2,78.6642795,16.870513333333335,True,1
1788777880.253,1788777394.4,78.66428049999999,16.870521333333333,True,1
1788777880.453,1788777394.6,78.6642815,16.8705295,True,1
1788777880.656,1788777394.8,78.66428266666667,16.870537833333334,True,1
1788777880.856,1788777395.0,78.66428366666668,16.8705465,True,1
1788777881.054,1788777395.2,78.66428466666666,16.870555000000003,True,1
1788777881.255,1788777395.4,78.66428566666667,16.8705635,True,1
1788777881.454,1788777395.6,78.66428666666667,16.870572166666665,True,1
1788777881.659,1788777395.8,78.66428783333335,16.870580333333333,True,1
1788777881.852,1788777396.0,78.66428883333333,16.870588666666666,True,1
1788777882.056,1788777396.2,78.66428983333334,16.870597,True,1
1788777882.256,1788777396.4,78.66429066666666,16.870605,True,1
1788777882.455,1788777396.6,78.66429166666667,16.870613166666665,True,1
1788777882.658,1788777396.8,78.66429266666667,16.87062116666667,True,1
1788777882.858,1788777397.0,78.66429366666667,16.870629,True,1
1788777883.057,1788777397.2,78.66429483333333,16.870637166666665,True,1
1788777883.253,1788777397.4,78.66429583333334,16.870645333333336,True,1
1788777883.454,1788777397.6,78.66429683333334,16.870653666666666,True,1
1788777883.655,1788777397.8,78.66429783333334,16.870662,True,1
1788777883.855,1788777398.0,78.66429883333333,16.870670500000003,True,1
1788777884.055,1788777398.2,78.6643,16.870678833333333,True,1
1788777884.254,1788777398.4,78.664301,16.870687333333333,True,1
1788777884.455,1788777398.6,78.66430199999999,16.870696000000002,True,1
1788777884.654,1788777398.8,78.664303,16.870704333333332,True,1
1788777884.855,1788777399.0,78.66430399999999,16.870712333333334,True,1
1788777885.056,1788777399.2,78.664305,16.8707205,True,1
1788777885.255,1788777399.4,78.664306,16.870728666666665,True,1
1788777885.455,1788777399.6,78.664307,16.870736833333336,True,1
1788777885.655,1788777399.8,78.66430799999999,16.870745166666666,True,1
1788777885.857,1788777400.0,78.664309,16.8707535,True,1
1788777886.057,1788777400.2,78.66430999999999,16.870761666666667,True,1
1788777886.257,1788777400.4,78.66431116666666,16.87077,True,1
1788777886.456,1788777400.6,78.66431216666666,16.870778166666664,True,1
1788777886.654,1788777400.8,78.66431316666667,16.8707865,True,1
1788777886.854,1788777401.0,78.66431416666666,16.870794666666665,True,1
1788777887.055,1788777401.2,78.66431516666667,16.870802833333336,True,1
1788777887.254,1788777401.4,78.66431633333333,16.870811,True,1
1788777887.453,1788777401.6,78.66431733333334,16.870819333333333,True,1
1788777887.654,1788777401.8,78.66431833333333,16.870827666666667,True,1
1788777887.856,1788777402.0,78.66431933333334,16.870835833333334,True,1
1788777888.053,1788777402.2,78.66432033333334,16.870844166666664,True,1
1788777888.255,1788777402.4,78.6643215,16.870852333333335,True,1
1788777888.453,1788777402.6,78.66432233333333,16.870860333333333,True,1
1788777888.655,1788777402.8,78.66432333333334,16.870868499999997,True,1
1788777888.852,1788777403.0,78.66432433333333,16.870876666666668,True,1
1788777889.054,1788777403.2,78.66432533333334,16.87088483333333,True,1
1788777889.255,1788777403.4,78.66432633333334,16.87089316666667,True,1
1788777889.453,1788777403.6,78.66432733333333,16.8709015,True,1
1788777889.653,1788777403.8,78.66432833333333,16.87091,True,1
1788777889.854,1788777404.0,78.66432933333334,16.870918666666668,True,1
1788777890.053,1788777404.2,78.66433033333333,16.870927166666668,True,1
1788777890.254,1788777404.4,78.66433149999999,16.87093583333333,True,1
1788777890.459,1788777404.6,78.6643325,16.870944666666666,True,1
1788777890.655,1788777404.8,78.66433366666666,16.870953166666666,True,1
1788777890.856,1788777405.0,78.66433466666668,16.8709615,True,1
1788777891.055,1788777405.2,78.66433566666666,16.87097,True,1
1788777891.255,1788777405.4,78.66433666666667,16.8709785,True,1
1788777891.454,1788777405.6,78.66433783333333,16.870986833333333,True,1
1788777891.656,1788777405.8,78.66433883333335,16.870995,True,1
1788777891.859,1788777406.0,78.66433983333333,16.871003166666664,True,1
1788777892.056,1788777406.2,78.66434083333334,16.8710115,True,1
1788777892.262,1788777406.4,78.66434183333334,16.87101983333333,True,1
1788777892.453,1788777406.6,78.66434283333334,16.87102816666667,True,1
1788777892.654,1788777406.8,78.66434383333333,16.8710365,True,1
1788777892.854,1788777407.0,78.664345,16.871044833333332,True,1
1788777893.057,1788777407.2,78.664346,16.871053,True,1
1788777893.258,1788777407.4,78.66434699999999,16.8710615,True,1
1788777893.457,1788777407.6,78.664348,16.87107,True,1
1788777893.656,1788777407.8,78.66434916666667,16.871078333333333,True,1
1788777893.856,1788777408.0,78.66435016666667,16.871086833333333,True,1
1788777894.057,1788777408.2,78.66435116666666,16.871095333333336,True,1
1788777894.254,1788777408.4,78.66435216666667,16.871103666666666,True,1
1788777894.455,1788777408.6,78.66435316666666,16.871112333333333,True,1
1788777894.655,1788777408.8,78.66435416666667,16.871120833333336,True,1
1788777894.855,1788777409.0,78.66435499999999,16.871129333333332,True,1
1788777895.053,1788777409.2,78.664356,16.871137833333332,True,1
1788777895.253,1788777409.4,78.66435700000001,16.871146166666666,True,1
1788777895.454,1788777409.6,78.664358,16.8711545,True,1
1788777895.654,1788777409.8,78.664359,16.871163000000003,True,1
1788777895.855,1788777410.0,78.66436,16.8711715,True,1
1788777896.055,1788777410.2,78.664361,16.87118,True,1
1788777896.254,1788777410.4,78.66436216666666,16.871188500000002,True,1
1788777896.455,1788777410.6,78.66436316666666,16.871196833333332,True,1
1788777896.656,1788777410.8,78.66436416666667,16.871205333333332,True,1
1788777896.861,1788777411.0,78.66436516666666,16.8712135,True,1
1788777897.054,1788777411.2,78.66436616666667,16.871222,True,1
1788777897.257,1788777411.4,78.66436716666666,16.871230333333333,True,1
1788777897.456,1788777411.6,78.66436816666666,16.871238833333333,True,1
1788777897.653,1788777411.8,78.66436916666666,16.871247166666667,True,1
1788777897.859,1788777412.0,78.66437016666667,16.8712555,True,1
1788777898.054,1788777412.2,78.66437116666665,16.871263666666668,True,1
1788777898.254,1788777412.4,78.66437216666667,16.87127183333333,True,1
1788777898.452,1788777412.6,78.66437316666666,16.87128016666667,True,1
1788777898.654,1788777412.8,78.66437416666666,16.871288333333332,True,1
1788777898.855,1788777413.0,78.66437516666666,16.871296500000003,True,1
1788777899.054,1788777413.2,78.66437616666667,16.871304666666667,True,1
1788777899.254,1788777413.4,78.66437733333333,16.871313,True,1
1788777899.454,1788777413.6,78.66437833333333,16.871321333333334,True,1
1788777899.655,1788777413.8,78.66437933333333,16.871329666666668,True,1
1788777899.855,1788777414.0,78.66438050000001,16.87133833333333,True,1
1788777900.056,1788777414.2,78.6643815,16.871346833333334,True,1
1788777900.254,1788777414.4,78.66438266666667,16.8713555,True,1
1788777900.452,1788777414.6,78.66438366666667,16.871364000000003,True,1
1788777900.653,1788777414.8,78.66438483333333,16.871372666666666,True,1
1788777900.854,1788777415.0,78.66438583333334,16.871381166666666,True,1
1788777901.053,1788777415.2,78.664387,16.871389500000003,True,1
1788777901.258,1788777415.4,78.66438799999999,16.871398166666665,True,1
1788777901.454,1788777415.6,78.66438916666667,16.8714065,True,1
1788777901.652,1788777415.8,78.66439016666666,16.87141516666667,True,1
1788777901.855,1788777416.0,78.66439116666668,16.87142383333333,True,1
1788777902.056,1788777416.2,78.66439233333334,16.87143216666667,True,1
1788777902.256,1788777416.4,78.66439333333332,16.871440333333332,True,1
1788777902.454,1788777416.6,78.66439433333333,16.871448833333332,True,1
1788777902.653,1788777416.8,78.6643955,16.871457666666668,True,1
1788777902.855,1788777417.0,78.66439650000001,16.8714665,True,1
1788777903.056,1788777417.2,78.66439766666667,16.871475333333333,True,1
1788777903.254,1788777417.4,78.66439866666666,16.871483833333333,True,1
1788777903.454,1788777417.6,78.66439966666667,16.871492333333332,True,1
1788777903.653,1788777417.8,78.66440066666668,16.871500833333336,True,1
1788777903.852,1788777418.0,78.66440183333334,16.871509166666666,True,1
1788777904.055,1788777418.2,78.66440283333333,16.8715175,True,1
1788777904.256,1788777418.4,78.66440383333334,16.871526,True,1
1788777904.457,1788777418.6,78.66440483333334,16.871534166666667,True,1
1788777904.656,1788777418.8,78.664406,16.871542499999997,True,1
1788777904.856,1788777419.0,78.664407,16.871550833333334,True,1
1788777905.056,1788777419.2,78.66440816666666,16.871559166666668,True,1
1788777905.256,1788777419.4,78.66440916666667,16.871567666666667,True,1
1788777905.46,1788777419.6,78.66441033333334,16.871576166666667,True,1
1788777905.655,1788777419.8,78.66441133333333,16.871584666666667,True,1
1788777905.857,1788777420.0,78.6644125,16.871593333333333,True,1
1788777906.061,1788777420.2,78.66441366666666,16.871602,True,1
1788777906.254,1788777420.4,78.66441483333332,16.8716105,True,1
1788777906.456,1788777420.6,78.66441583333334,16.87161916666667,True,1
1788777906.654,1788777420.8,78.66441683333333,16.87162783333333,True,1
1788777906.857,1788777421.0,78.664418,16.871636333333335,True,1
1788777907.056,1788777421.2,78.664419,16.871644833333335,True,1
1788777907.254,1788777421.4,78.66442016666666,16.87165333333333,True,1
1788777907.453,1788777421.6,78.66442116666667,16.871662166666667,True,1
1788777907.653,1788777421.8,78.66442216666665,16.871671,True,1
1788777907.855,1788777422.0,78.66442316666667,16.871679833333335,True,1
1788777908.052,1788777422.2,78.66442433333333,16.871688666666667,True,1
1788777908.255,1788777422.4,78.66442533333334,16.8716975,True,1
1788777908.454,1788777422.6,78.66442633333332,16.87170616666667,True,1
1788777908.653,1788777422.8,78.66442733333334,16.871714833333332,True,1
1788777908.854,1788777423.0,78.6644285,16.871723499999998,True,1
1788777909.055,1788777423.2,78.66442950000001,16.871732,True,1
1788777909.253,1788777423.4,78.6644305,16.871740666666668,True,1
1788777909.452,1788777423.6,78.66443133333334,16.871749166666667,True,1
1788777909.654,1788777423.8,78.6644325,16.871757666666667,True,1
1788777909.855,1788777424.0,78.6644335,16.871766333333333,True,1
1788777910.054,1788777424.2,78.6644345,16.871775,True,1
1788777910.254,1788777424.4,78.66443550000001,16.871783833333332,True,1
1788777910.454,1788777424.6,78.66443666666667,16.871792666666668,True,1
1788777910.654,1788777424.8,78.66443766666666,16.8718015,True,1
1788777910.85,1788777425.0,78.66443866666667,16.871810166666666,True,1
1788777911.053,1788777425.2,78.66443983333333,16.871818833333336,True,1
1788777911.256,1788777425.4,78.66444083333334,16.871827333333332,True,1
1788777911.453,1788777425.6,78.66444183333333,16.871836,True,1
1788777911.654,1788777425.8,78.66444299999999,16.871844666666668,True,1
1788777911.854,1788777426.0,78.664444,16.871853166666664,True,1
1788777912.054,1788777426.2,78.66444499999999,16.87186116666667,True,1
1788777912.257,1788777426.4,78.66444616666666,16.8718695,True,1
1788777912.456,1788777426.6,78.66444716666666,16.871877833333333,True,1
1788777912.653,1788777426.8,78.66444816666667,16.871886333333336,True,1
1788777912.855,1788777427.0,78.66444916666666,16.871894666666666,True,1
1788777913.054,1788777427.2,78.66445033333333,16.871903,True,1
1788777913.255,1788777427.4,78.66445133333333,16.871911333333333,True,1
1788777913.457,1788777427.6,78.6644525,16.871919833333333,True,1
1788777913.654,1788777427.8,78.66445350000001,16.871928333333337,True,1
1788777913.855,1788777428.0,78.66445449999999,16.871937166666665,True,1
1788777914.056,1788777428.2,78.66445566666667,16.871945666666665,True,1
1788777914.254,1788777428.4,78.66445683333333,16.871954000000002,True,1
1788777914.454,1788777428.6,78.66445783333333,16.8719625,True,1
1788777914.654,1788777428.8,78.66445883333334,16.871971,True,1
1788777914.855,1788777429.0,78.66445999999999,16.871979500000002,True,1
1788777915.053,1788777429.2,78.664461,16.871987833333332,True,1
1788777915.256,1788777429.4,78.664462,16.87199616666667,True,1
1788777915.455,1788777429.6,78.66446316666666,16.8720045,True,1
1788777915.655,1788777429.8,78.66446416666666,16.872013166666665,True,1
1788777915.856,1788777430.0,78.66446516666666,16.87202166666667,True,1
1788777916.056,1788777430.2,78.66446633333334,16.872030166666665,True,1
1788777916.256,1788777430.4,78.66446733333333,16.872038666666665,True,1
1788777916.455,1788777430.6,78.66446833333333,16.872047333333335,True,1
1788777916.655,1788777430.8,78.66446933333333,16.87205583333333,True,1
1788777916.854,1788777431.0,78.66447050000001,16.8720645,True,1
1788777917.055,1788777431.2,78.6644715,16.872073166666667,True,1
1788777917.256,1788777431.4,78.6644725,16.872081666666666,True,1
1788777917.455,1788777431.6,78.6644735,16.872090166666666,True,1
1788777917.653,1788777431.8,78.66447466666666,16.8720985,True,1
1788777917.856,1788777432.0,78.66447566666668,16.87210683333333,True,1
1788777918.056,1788777432.2,78.66447683333334,16.872115166666667,True,1
1788777918.256,1788777432.4,78.66447783333334,16.872123666666667,True,1
1788777918.454,1788777432.6,78.66447883333333,16.872132333333333,True,1
1788777918.655,1788777432.8,78.66448,16.872140833333333,True,1
1788777918.854,1788777433.0,78.664481,16.872149333333333,True,1
1788777919.053,1788777433.2,78.66448199999999,16.872157833333333,True,1
1788777919.254,1788777433.4,78.66448316666667,16.872166333333332,True,1
1788777919.455,1788777433.6,78.66448416666667,16.87217466666667,True,1
1788777919.653,1788777433.8,78.66448533333333,16.872183166666666,True,1
1788777919.854,1788777434.0,78.66448650000001,16.8721915,True,1
1788777920.053,1788777434.2,78.66448749999999,16.872200000000003,True,1
1788777920.254,1788777434.4,78.6644885,16.872208333333333,True,1
1788777920.457,1788777434.6,78.66448966666667,16.872216666666667,True,1
1788777920.655,1788777434.8,78.66449066666668,16.872224833333334,True,1
1788777920.854,1788777435.0,78.66449166666666,16.872233166666668,True,1
1788777921.055,1788777435.2,78.66449266666667,16.87224183333333,True,1
1788777921.254,1788777435.4,78.66449366666667,16.872250166666667,True,1
1788777921.456,1788777435.6,78.66449483333334,16.872258666666667,True,1
1788777921.656,1788777435.8,78.66449583333333,16.8722675,True,1
1788777921.853,1788777436.0,78.66449683333333,16.872276166666666,True,1
1788777922.055,1788777436.2,78.66449800000001,16.872285166666664,True,1
1788777922.254,1788777436.4,78.66449899999999,16.872294166666666,True,1
1788777922.457,1788777436.6,78.6645,16.872303166666665,True,1
1788777922.655,1788777436.8,78.664501,16.872311833333335,True,1
1788777922.855,1788777437.0,78.664502,16.872320666666667,True,1
1788777923.054,1788777437.2,78.664503,16.872328999999997,True,1
1788777923.254,1788777437.4,78.66450400000001,16.8723375,True,1
1788777923.456,1788777437.6,78.66450499999999,16.872345666666668,True,1
1788777923.655,1788777437.8,78.664506,16.872354166666664,True,1
1788777923.856,1788777438.0,78.664507,16.872362333333335,True,1
1788777924.056,1788777438.2,78.664508,16.872370666666665,True,1
1788777924.255,1788777438.4,78.66450916666666,16.87237916666667,True,1
1788777924.457,1788777438.6,78.66451016666666,16.87238766666667,True,1
1788777924.653,1788777438.8,78.66451116666667,16.87239633333333,True,1
1788777924.854,1788777439.0,78.66451216666665,16.872405,True,1
1788777925.055,1788777439.2,78.66451316666667,16.872413833333333,True,1
1788777925.255,1788777439.4,78.66451433333333,16.872422500000003,True,1
1788777925.455,1788777439.6,78.66451533333334,16.872431,True,1
1788777925.654,1788777439.8,78.6645165,16.872439666666665,True,1
1788777925.854,1788777440.0,78.6645175,16.87244816666667,True,1
1788777926.052,1788777440.2,78.6645185,16.8724565,True,1
1788777926.255,1788777440.4,78.66451966666666,16.872464666666666,True,1
1788777926.455,1788777440.6,78.66452066666668,16.87247316666667,True,1
1788777926.654,1788777440.8,78.66452183333334,16.872481666666665,True,1
1788777926.855,1788777441.0,78.66452283333334,16.872490000000003,True,1
1788777927.055,1788777441.2,78.664524,16.87249866666667,True,1
1788777927.256,1788777441.4,78.664525,16.87250733333333,True,1
1788777927.455,1788777441.6,78.66452616666668,16.872515833333335,True,1
1788777927.656,1788777441.8,78.66452716666666,16.872524666666667,True,1
1788777927.855,1788777442.0,78.66452833333332,16.872533166666663,True,1
1788777928.055,1788777442.2,78.66452933333333,16.872541666666667,True,1
1788777928.254,1788777442.4,78.66453033333333,16.87255,True,1
1788777928.455,1788777442.6,78.66453133333333,16.8725585,True,1
1788777928.655,1788777442.8,78.66453233333333,16.872567,True,1
1788777928.852,1788777443.0,78.66453333333334,16.8725755,True,1
1788777929.054,1788777443.2,78.6645345,16.872584166666666,True,1
1788777929.253,1788777443.4,78.6645355,16.872592833333332,True,1
1788777929.454,1788777443.6,78.6645365,16.8726015,True,1
1788777929.653,1788777443.8,78.66453766666667,16.872610166666668,True,1
1788777929.855,1788777444.0,78.66453866666667,16.872618666666664,True,1
1788777930.055,1788777444.2,78.66453966666667,16.872627333333334,True,1
1788777930.255,1788777444.4,78.66454066666667,16.872636,True,1
1788777930.453,1788777444.6,78.66454166666668,16.8726445,True,1
1788777930.655,1788777444.8,78.66454283333334,16.872653166666666,True,1
1788777930.854,1788777445.0,78.66454383333333,16.8726615,True,1
1788777931.054,1788777445.2,78.66454483333334,16.872669833333337,True,1
1788777931.254,1788777445.4,78.66454583333334,16.8726785,True,1
1788777931.451,1788777445.6,78.664547,16.872687,True,1
1788777931.652,1788777445.8,78.664548,16.87269566666667,True,1
1788777931.855,1788777446.0,78.66454900000001,16.872704333333335,True,1
1788777932.053,1788777446.2,78.66454999999999,16.87271283333333,True,1
1788777932.255,1788777446.4,78.66455116666666,16.87272116666667,True,1
1788777932.454,1788777446.6,78.66455216666667,16.872729333333332,True,1
1788777932.656,1788777446.8,78.66455316666666,16.872737833333336,True,1
1788777932.86,1788777447.0,78.66455416666666,16.872746166666666,True,1
1788777933.055,1788777447.2,78.66455533333333,16.872754666666665,True,1
1788777933.254,1788777447.4,78.66455633333334,16.872763333333335,True,1
1788777933.451,1788777447.6,78.66455733333333,16.872772,True,1
1788777933.652,1788777447.8,78.66455833333333,16.872780833333334,True,1
1788777933.852,1788777448.0,78.66455933333333,16.872789333333333,True,1
1788777934.053,1788777448.2,78.66456033333334,16.872798,True,1
1788777934.254,1788777448.4,78.66456133333332,16.872806333333333,True,1
1788777934.456,1788777448.6,78.66456233333334,16.872814833333333,True,1
1788777934.656,1788777448.8,78.66456333333333,16.872823166666667,True,1
1788777934.856,1788777449.0,78.66456433333333,16.872831333333334,True,1
1788777935.056,1788777449.2,78.66456533333333,16.872839666666668,True,1
1788777935.257,1788777449.4,78.66456633333334,16.872847666666665,True,1
1788777935.46,1788777449.6,78.66456733333332,16.87285616666667,True,1
1788777935.653,1788777449.8,78.66456833333334,16.872864666666665,True,1
1788777935.857,1788777450.0,78.66456933333333,16.87287316666667,True,1
1788777936.054,1788777450.2,78.66457050000001,16.872881500000002,True,1
1788777936.254,1788777450.4,78.6645715,16.872889999999998,True,1
1788777936.456,1788777450.6,78.6645725,16.872898333333335,True,1
1788777936.656,1788777450.8,78.6645735,16.87290683333333,True,1
1788777936.855,1788777451.0,78.66457466666667,16.872915499999998,True,1
1788777937.054,1788777451.2,78.66457566666666,16.872924333333334,True,1
1788777937.259,1788777451.4,78.66457666666666,16.872933,True,1
1788777937.455,1788777451.6,78.66457783333334,16.87294166666667,True,1
1788777937.656,1788777451.8,78.66457883333334,16.872950166666666,True,1
1788777937.857,1788777452.0,78.66457983333333,16.872958833333332,True,1
1788777938.056,1788777452.2,78.66458083333333,16.8729675,True,1
1788777938.256,1788777452.4,78.66458183333334,16.872976,True,1
1788777938.454,1788777452.6,78.66458283333333,16.87298433333333,True,1
1788777938.655,1788777452.8,78.664584,16.872992500000002,True,1
1788777938.854,1788777453.0,78.664585,16.873000833333332,True,1
1788777939.057,1788777453.2,78.66458616666667,16.87300916666667,True,1
1788777939.256,1788777453.4,78.66458716666666,16.873017666666666,True,1
1788777939.454,1788777453.6,78.66458833333333,16.873026,True,1
1788777939.654,1788777453.8,78.66458933333334,16.873034500000003,True,1
1788777939.852,1788777454.0,78.6645905,16.873043,True,1
1788777940.053,1788777454.2,78.6645915,16.8730515,True,1
1788777940.253,1788777454.4,78.66459266666668,16.87306016666667,True,1
1788777940.454,1788777454.6,78.66459366666666,16.87306883333333,True,1
1788777940.654,1788777454.8,78.66459466666667,16.87307716666667,True,1
1788777940.854,1788777455.0,78.66459583333334,16.873085666666668,True,1
1788777941.054,1788777455.2,78.664597,16.873094166666665,True,1
1788777941.254,1788777455.4,78.664598,16.873102666666668,True,1
1788777941.453,1788777455.6,78.664599,16.8731115,True,1
1788777941.653,1788777455.8,78.66460016666666,16.87311983333333,True,1
1788777941.858,1788777456.0,78.66460133333334,16.8731285,True,1
1788777942.055,1788777456.2,78.66460233333333,16.873136833333334,True,1
1788777942.252,1788777456.4,78.66460333333333,16.873145166666667,True,1
1788777942.452,1788777456.6,78.66460433333333,16.8731535,True,1
1788777942.652,1788777456.8,78.66460533333334,16.87316183333333,True,1
1788777942.858,1788777457.0,78.66460633333332,16.873170333333334,True,1
1788777943.054,1788777457.2,78.66460733333334,16.873178833333334,True,1
1788777943.256,1788777457.4,78.66460833333333,16.873187499999997,True,1
1788777943.454,1788777457.6,78.66460950000001,16.873196333333333,True,1
1788777943.655,1788777457.8,78.6646105,16.873205,True,1
1788777943.857,1788777458.0,78.6646115,16.873214,True,1
1788777944.055,1788777458.2,78.6646125,16.8732225,True,1
1788777944.255,1788777458.4,78.6646135,16.873230999999997,True,1
1788777944.455,1788777458.6,78.6646145,16.8732395,True,1
1788777944.655,1788777458.8,78.66461566666666,16.873247833333334,True,1
1788777944.854,1788777459.0,78.66461666666667,16.873256333333334,True,1
1788777945.056,1788777459.2,78.66461766666666,16.873264666666667,True,1
1788777945.253,1788777459.4,78.66461866666667,16.87327283333333,True,1
1788777945.453,1788777459.6,78.66461966666667,16.873281333333335,True,1
1788777945.655,1788777459.8,78.66462083333333,16.87328966666667,True,1
1788777945.855,1788777460.0,78.66462183333333,16.873298,True,1
1788777946.056,1788777460.2,78.66462283333334,16.8733065,True,1
1788777946.256,1788777460.4,78.66462383333332,16.873314666666666,True,1
1788777946.454,1788777460.6,78.66462499999999,16.873323333333335,True,1
1788777946.655,1788777460.8,78.664626,16.873331833333335,True,1
1788777946.856,1788777461.0,78.66462700000001,16.873340666666664,True,1
1788777947.053,1788777461.2,78.66462816666667,16.873349333333334,True,1
1788777947.255,1788777461.4,78.66462916666666,16.873358,True,1
1788777947.453,1788777461.6,78.66463033333333,16.8733665,True,1
1788777947.655,1788777461.8,78.66463133333333,16.873374833333333,True,1
1788777947.856,1788777462.0,78.66463233333334,16.873383,True,1
1788777948.052,1788777462.2,78.66463350000001,16.873391166666668,True,1
1788777948.255,1788777462.4,78.66463449999999,16.873399166666665,True,1
1788777948.454,1788777462.6,78.6646355,16.873407333333333,True,1
1788777948.654,1788777462.8,78.66463666666667,16.8734155,True,1
1788777948.852,1788777463.0,78.66463766666668,16.873424,True,1
1788777949.054,1788777463.2,78.66463866666666,16.873432333333334,True,1
1788777949.254,1788777463.4,78.66463983333333,16.873440833333333,True,1
1788777949.452,1788777463.6,78.66464083333334,16.873449166666667,True,1
1788777949.655,1788777463.8,78.664642,16.873457666666663,True,1
1788777949.854,1788777464.0,78.664643,16.873466333333333,True,1
1788777950.054,1788777464.2,78.66464416666666,16.873475,True,1
1788777950.254,1788777464.4,78.66464516666666,16.87348366666667,True,1
1788777950.459,1788777464.6,78.66464633333334,16.873492166666665,True,1
1788777950.653,1788777464.8,78.66464733333333,16.8735005,True,1
1788777950.852,1788777465.0,78.66464850000001,16.873508833333336,True,1
1788777951.055,1788777465.2,78.6646495,16.873517166666666,True,1
1788777951.254,1788777465.4,78.66465050000001,16.873525333333337,True,1
1788777951.456,1788777465.6,78.6646515,16.873533666666667,True,1
1788777951.654,1788777465.8,78.6646525,16.873541833333334,True,1
1788777951.855,1788777466.0,78.66465366666667,16.87355,True,1
1788777952.055,1788777466.2,78.66465466666666,16.8735585,True,1
1788777952.251,1788777466.4,78.66465583333334,16.873566999999998,True,1
1788777952.453,1788777466.6,78.66465683333332,16.8735755,True,1
1788777952.654,1788777466.8,78.66465799999999,16.87358383333333,True,1
1788777952.859,1788777467.0,78.664659,16.873592499999997,True,1
1788777953.057,1788777467.2,78.66466016666666,16.873601166666667,True,1
1788777953.254,1788777467.4,78.66466116666668,16.873609833333333,True,1
1788777953.453,1788777467.6,78.66466233333334,16.873618500000003,True,1
1788777953.651,1788777467.8,78.66466333333332,16.873627,True,1
1788777953.855,1788777468.0,78.66466433333333,16.873635666666665,True,1
1788777954.056,1788777468.2,78.66466533333333,16.87364416666667,True,1
1788777954.256,1788777468.4,78.66466650000001,16.87365283333333,True,1
1788777954.455,1788777468.6,78.6646675,16.87366116666667,True,1
1788777954.655,1788777468.8,78.6646685,16.873669833333334,True,1
1788777954.857,1788777469.0,78.6646695,16.87367833333333,True,1
1788777955.055,1788777469.2,78.6646705,16.873687,True,1
1788777955.253,1788777469.4,78.6646715,16.873695666666666,True,1
1788777955.454,1788777469.6,78.66467266666668,16.873704333333333,True,1
1788777955.653,1788777469.8,78.66467366666667,16.873713000000002,True,1
1788777955.853,1788777470.0,78.66467483333332,16.8737215,True,1
1788777956.056,1788777470.2,78.66467583333333,16.873730000000002,True,1
1788777956.254,1788777470.4,78.66467683333333,16.8737385,True,1
1788777956.454,1788777470.6,78.66467800000001,16.873747166666664,True,1
1788777956.656,1788777470.8,78.66467883333333,16.8737555,True,1
1788777956.854,1788777471.0,78.66468,16.87376383333333,True,1
1788777957.054,1788777471.2,78.664681,16.87377233333333,True,1
1788777957.256,1788777471.4,78.664682,16.873780833333335,True,1
1788777957.455,1788777471.6,78.664683,16.87378933333333,True,1
1788777957.655,1788777471.8,78.66468400000001,16.87379766666667,True,1
1788777957.856,1788777472.0,78.66468499999999,16.873806000000002,True,1
1788777958.055,1788777472.2,78.664686,16.873814499999998,True,1
1788777958.253,1788777472.4,78.66468716666667,16.873822833333335,True,1
1788777958.454,1788777472.6,78.66468816666666,16.87383133333333,True,1
1788777958.655,1788777472.8,78.66468933333334,16.87383983333333,True,1
1788777958.858,1788777473.0,78.66469033333333,16.8738485,True,1
1788777959.052,1788777473.2,78.66469133333334,16.873856666666665,True,1
1788777959.253,1788777473.4,78.66469233333333,16.873865000000002,True,1
1788777959.454,1788777473.6,78.66469350000001,16.8738735,True,1
1788777959.655,1788777473.8,78.6646945,16.873882,True,1
1788777959.854,1788777474.0,78.66469550000001,16.873890333333335,True,1
1788777960.053,1788777474.2,78.6646965,16.87389883333333,True,1
1788777960.254,1788777474.4,78.66469766666667,16.873907499999998,True,1
1788777960.453,1788777474.6,78.66469866666667,16.873916,True,1
1788777960.655,1788777474.8,78.66469966666666,16.873924666666667,True,1
1788777960.854,1788777475.0,78.66470066666668,16.873933166666667,True,1
1788777961.054,1788777475.2,78.66470166666666,16.873941833333333,True,1
1788777961.254,1788777475.4,78.66470283333334,16.873950666666666,True,1
1788777961.452,1788777475.6,78.66470383333333,16.873959333333335,True,1
1788777961.654,1788777475.8,78.66470483333333,16.87396783333333,True,1
1788777961.852,1788777476.0,78.66470583333333,16.873976333333335,True,1
1788777962.054,1788777476.2,78.66470699999999,16.87398466666667,True,1
1788777962.253,1788777476.4,78.664708,16.873993166666665,True,1
1788777962.454,1788777476.6,78.66470899999999,16.874001500000002,True,1
1788777962.654,1788777476.8,78.66471,16.874009833333332,True,1
1788777962.854,1788777477.0,78.664711,16.874018166666666,True,1
1788777963.057,1788777477.2,78.664712,16.8740265,True,1
1788777963.253,1788777477.4,78.66471299999999,16.874035166666665,True,1
1788777963.453,1788777477.6,78.664714,16.874044,True,1
1788777963.653,1788777477.8,78.66471499999999,16.874052666666667,True,1
1788777963.855,1788777478.0,78.66471616666666,16.874061666666666,True,1
1788777964.056,1788777478.2,78.66471716666666,16.874070500000002,True,1
1788777964.256,1788777478.4,78.66471833333334,16.874079333333334,True,1
1788777964.455,1788777478.6,78.66471933333334,16.87408816666667,True,1
1788777964.653,1788777478.8,78.6647205,16.874096833333333,True,1
1788777964.856,1788777479.0,78.6647215,16.8741055,True,1
1788777965.055,1788777479.2,78.6647225,16.874114000000002,True,1
1788777965.256,1788777479.4,78.66472350000001,16.874122333333332,True,1
1788777965.46,1788777479.6,78.66472449999999,16.874130666666666,True,1
1788777965.655,1788777479.8,78.6647255,16.874139,True,1
1788777965.858,1788777480.0,78.6647265,16.874147333333333,True,1
1788777966.059,1788777480.2,78.6647275,16.874155833333337,True,1
1788777966.266,1788777480.4,78.66472866666666,16.874164333333333,True,1
1788777966.456,1788777480.6,78.66472966666667,16.874172833333333,True,1
1788777966.656,1788777480.8,78.66473066666667,16.874181333333336,True,1
1788777966.856,1788777481.0,78.66473166666667,16.874189833333332,True,1
1788777967.056,1788777481.2,78.66473266666667,16.8741985,True,1
1788777967.255,1788777481.4,78.66473383333333,16.874207000000002,True,1
1788777967.452,1788777481.6,78.66473483333333,16.874215333333332,True,1
1788777967.656,1788777481.8,78.66473583333332,16.87422366666667,True,1
1788777967.856,1788777482.0,78.664737,16.874232166666665,True,1
1788777968.056,1788777482.2,78.664738,16.874240166666667,True,1
1788777968.258,1788777482.4,78.664739,16.874248333333334,True,1
1788777968.454,1788777482.6,78.66474016666666,16.8742565,True,1
1788777968.657,1788777482.8,78.66474116666667,16.8742645,True,1
1788777968.853,1788777483.0,78.66474216666667,16.874272833333336,True,1
1788777969.054,1788777483.2,78.66474316666667,16.874281166666666,True,1
1788777969.253,1788777483.4,78.66474433333333,16.8742895,True,1
1788777969.452,1788777483.6,78.66474533333333,16.874297666666667,True,1
1788777969.653,1788777483.8,78.66474633333334,16.874306,True,1
1788777969.855,1788777484.0,78.66474733333332,16.8743145,True,1
1788777970.052,1788777484.2,78.6647485,16.874323166666667,True,1
1788777970.251,1788777484.4,78.66474966666667,16.874332,True,1
1788777970.453,1788777484.6,78.66475083333333,16.874340333333336,True,1
1788777970.653,1788777484.8,78.66475183333334,16.874349,True,1
1788777970.854,1788777485.0,78.66475283333332,16.874357666666665,True,1
1788777971.054,1788777485.2,78.66475383333334,16.874366166666668,True,1
1788777971.254,1788777485.4,78.664755,16.874374666666665,True,1
1788777971.454,1788777485.6,78.664756,16.874382833333335,True,1
1788777971.651,1788777485.8,78.66475716666667,16.874391,True,1
1788777971.854,1788777486.0,78.66475816666666,16.874399333333333,True,1
1788777972.054,1788777486.2,78.66475916666667,16.874407833333333,True,1
1788777972.255,1788777486.4,78.66476016666667,16.874416333333333,True,1
1788777972.455,1788777486.6,78.66476133333335,16.874424666666666,True,1
1788777972.654,1788777486.8,78.66476233333333,16.874433333333332,True,1
1788777972.853,1788777487.0,78.66476349999999,16.874441833333332,True,1
1788777973.058,1788777487.2,78.6647645,16.874450500000002,True,1
1788777973.255,1788777487.4,78.66476566666667,16.874459166666668,True,1
1788777973.453,1788777487.6,78.66476666666668,16.87446783333333,True,1
1788777973.655,1788777487.8,78.66476783333333,16.874476333333334,True,1
1788777973.855,1788777488.0,78.66476883333333,16.874484833333334,True,1
1788777974.057,1788777488.2,78.66476983333334,16.87449333333333,True,1
1788777974.255,1788777488.4,78.664771,16.874501833333333,True,1
1788777974.455,1788777488.6,78.664772,16.874510333333333,True,1
1788777974.658,1788777488.8,78.664773,16.874518666666667,True,1
1788777974.855,1788777489.0,78.66477400000001,16.874527166666667,True,1
1788777975.055,1788777489.2,78.66477499999999,16.87453533333333,True,1
1788777975.258,1788777489.4,78.664776,16.874543833333334,True,1
1788777975.455,1788777489.6,78.66477716666667,16.874552166666668,True,1
1788777975.653,1788777489.8,78.66477816666666,16.874560666666664,True,1
1788777975.855,1788777490.0,78.66477916666666,16.8745695,True,1
1788777976.055,1788777490.2,78.66478033333333,16.874578333333332,True,1
1788777976.255,1788777490.4,78.66478133333334,16.874587000000002,True,1
1788777976.455,1788777490.6,78.66478233333333,16.874595666666668,True,1
1788777976.656,1788777490.8,78.66478333333333,16.8746045,True,1
1788777976.856,1788777491.0,78.6647845,16.874612833333334,True,1
1788777977.053,1788777491.2,78.66478550000001,16.874621333333334,True,1
1788777977.253,1788777491.4,78.66478666666667,16.874629833333334,True,1
1788777977.455,1788777491.6,78.66478766666667,16.874638,True,1
1788777977.654,1788777491.8,78.66478866666667,16.87464633333333,True,1
1788777977.855,1788777492.0,78.66478966666666,16.874654500000002,True,1
1788777978.054,1788777492.2,78.66479066666668,16.874662666666666,True,1
1788777978.254,1788777492.4,78.66479166666666,16.874671,True,1
1788777978.453,1788777492.6,78.66479266666667,16.874679166666667,True,1
1788777978.654,1788777492.8,78.66479383333333,16.874687666666667,True,1
1788777978.853,1788777493.0,78.66479483333333,16.874696333333336,True,1
1788777979.053,1788777493.2,78.66479583333333,16.874704833333332,True,1
1788777979.254,1788777493.4,78.66479683333334,16.8747135,True,1
1788777979.454,1788777493.6,78.66479783333332,16.87472216666667,True,1
1788777979.654,1788777493.8,78.66479899999999,16.874730666666668,True,1
1788777979.853,1788777494.0,78.6648,16.874739166666664,True,1
1788777980.054,1788777494.2,78.664801,16.8747475,True,1
1788777980.253,1788777494.4,78.664802,16.874755999999998,True,1
1788777980.461,1788777494.6,78.66480299999999,16.874764333333335,True,1
1788777980.654,1788777494.8,78.664804,16.87477266666667,True,1
1788777980.855,1788777495.0,78.66480516666667,16.87478133333333,True,1
1788777981.054,1788777495.2,78.66480616666666,16.87479,True,1
1788777981.251,1788777495.4,78.66480733333333,16.8747985,True,1
1788777981.454,1788777495.6,78.66480833333334,16.874807333333333,True,1
1788777981.666,1788777495.8,78.6648095,16.874815833333333,True,1
1788777981.856,1788777496.0,78.6648105,16.874824666666665,True,1
1788777982.055,1788777496.2,78.6648115,16.874833333333335,True,1
1788777982.254,1788777496.4,78.66481266666666,16.87484166666667,True,1
1788777982.454,1788777496.6,78.66481366666667,16.874849833333332,True,1
1788777982.655,1788777496.8,78.66481466666667,16.874858,True,1
1788777982.854,1788777497.0,78.66481583333332,16.874866166666667,True,1
1788777983.054,1788777497.2,78.66481683333333,16.874874666666663,True,1
1788777983.267,1788777497.4,78.66481783333333,16.874883166666667,True,1
1788777983.456,1788777497.6,78.66481900000001,16.874891833333333,True,1
1788777983.654,1788777497.8,78.66481999999999,16.874900500000003,True,1
1788777983.851,1788777498.0,78.66482116666666,16.874909166666665,True,1
1788777984.055,1788777498.2,78.66482216666667,16.874917999999997,True,1
1788777984.255,1788777498.4,78.66482316666666,16.874926666666667,True,1
1788777984.454,1788777498.6,78.66482416666666,16.874935333333333,True,1
1788777984.656,1788777498.8,78.66482516666666,16.874944000000003,True,1
1788777984.856,1788777499.0,78.66482616666667,16.874952833333335,True,1
1788777985.055,1788777499.2,78.66482716666665,16.87496133333333,True,1
1788777985.254,1788777499.4,78.66482816666667,16.874969833333335,True,1
1788777985.454,1788777499.6,78.66482916666668,16.874978333333335,True,1
1788777985.653,1788777499.8,78.66483033333334,16.874986999999997,True,1
1788777985.865,1788777500.0,78.66483133333332,16.874995666666667,True,1
1788777986.055,1788777500.2,78.66483233333334,16.875004,True,1
1788777986.254,1788777500.4,78.66483333333333,16.875012666666667,True,1
1788777986.454,1788777500.6,78.66483433333333,16.875021166666667,True,1
1788777986.652,1788777500.8,78.66483533333333,16.875029833333333,True,1
1788777986.853,1788777501.0,78.6648365,16.875038500000002,True,1
1788777987.054,1788777501.2,78.6648375,16.875047,True,1
1788777987.256,1788777501.4,78.66483866666667,16.8750555,True,1
1788777987.453,1788777501.6,78.66483966666667,16.875064000000002,True,1
1788777987.656,1788777501.8,78.66484066666666,16.875072499999998,True,1
1788777987.857,1788777502.0,78.66484183333334,16.875080833333335,True,1
1788777988.054,1788777502.2,78.66484283333332,16.8750895,True,1
1788777988.254,1788777502.4,78.66484383333334,16.87509783333333,True,1
1788777988.454,1788777502.6,78.66484483333333,16.875106333333335,True,1
1788777988.655,1788777502.8,78.66484583333333,16.875114833333335,True,1
1788777988.853,1788777503.0,78.66484683333333,16.87512333333333,True,1
1788777989.054,1788777503.2,78.66484783333334,16.875131666666668,True,1
1788777989.254,1788777503.4,78.66484883333332,16.875140166666664,True,1
1788777989.45,1788777503.6,78.66484999999999,16.875148833333334,True,1
1788777989.655,1788777503.8,78.66485083333333,16.875157333333334,True,1
1788777989.865,1788777504.0,78.66485200000001,16.87516583333333,True,1
1788777990.054,1788777504.2,78.664853,16.8751745,True,1
1788777990.254,1788777504.4,78.664854,16.875183166666666,True,1
1788777990.454,1788777504.6,78.66485516666667,16.875192000000002,True,1
1788777990.655,1788777504.8,78.66485616666667,16.875200500000002,True,1
1788777990.851,1788777505.0,78.66485733333334,16.875209166666664,True,1
1788777991.053,1788777505.2,78.66485833333333,16.875217833333334,True,1
1788777991.253,1788777505.4,78.66485933333334,16.875226333333334,True,1
1788777991.451,1788777505.6,78.66486033333334,16.875235,True,1
1788777991.653,1788777505.8,78.6648615,16.8752435,True,1
1788777991.853,1788777506.0,78.6648625,16.875252,True,1
1788777992.052,1788777506.2,78.6648635,16.875260500000003,True,1
1788777992.252,1788777506.4,78.66486466666667,16.875269,True,1
1788777992.453,1788777506.6,78.66486566666667,16.8752775,True,1
1788777992.652,1788777506.8,78.66486666666667,16.875286000000003,True,1
1788777992.853,1788777507.0,78.66486766666667,16.875294333333333,True,1
1788777993.053,1788777507.2,78.66486866666668,16.875302833333333,True,1
1788777993.253,1788777507.4,78.66486983333333,16.875311333333332,True,1
1788777993.456,1788777507.6,78.66487083333332,16.875319833333332,True,1
1788777993.65,1788777507.8,78.66487183333334,16.875328333333336,True,1
1788777993.852,1788777508.0,78.66487283333332,16.875336666666666,True,1
1788777994.053,1788777508.2,78.66487383333333,16.875345166666666,True,1
1788777994.254,1788777508.4,78.66487483333334,16.875353500000003,True,1
1788777994.455,1788777508.6,78.66487583333333,16.875362,True,1
1788777994.656,1788777508.8,78.66487683333334,16.875370333333333,True,1
1788777994.855,1788777509.0,78.66487783333334,16.875378666666666,True,1
1788777995.052,1788777509.2,78.66487883333333,16.875387166666666,True,1
1788777995.256,1788777509.4,78.66487983333333,16.8753955,True,1
1788777995.459,1788777509.6,78.66488083333334,16.875404166666666,True,1
1788777995.653,1788777509.8,78.66488183333333,16.8754125,True,1
1788777995.855,1788777510.0,78.66488283333334,16.875421,True,1
1788777996.054,1788777510.2,78.66488383333333,16.8754295,True,1
1788777996.255,1788777510.4,78.66488483333333,16.875437833333333,True,1
1788777996.456,1788777510.6,78.66488583333333,16.875446166666666,True,1
1788777996.655,1788777510.8,78.66488666666667,16.8754545,True,1
1788777996.855,1788777511.0,78.66488766666666,16.875463,True,1
1788777997.055,1788777511.2,78.66488866666667,16.875471166666667,True,1
1788777997.254,1788777511.4,78.66488983333333,16.87547933333333,True,1
1788777997.454,1788777511.6,78.66489083333333,16.875487666666668,True,1
1788777997.653,1788777511.8,78.66489183333333,16.875496166666668,True,1
1788777997.853,1788777512.0,78.66489283333334,16.875504666666664,True,1
1788777998.055,1788777512.2,78.66489383333332,16.875513,True,1
1788777998.256,1788777512.4,78.66489483333334,16.875521499999998,True,1
1788777998.455,1788777512.6,78.664896,16.875529833333335,True,1
1788777998.656,1788777512.8,78.66489700000001,16.87553816666667,True,1
1788777998.854,1788777513.0,78.664898,16.8755465,True,1
1788777999.057,1788777513.2,78.664899,16.87555466666667,True,1
1788777999.253,1788777513.4,78.66490016666667,16.875562833333333,True,1
1788777999.455,1788777513.6,78.66490116666667,16.875570999999997,True,1
1788777999.652,1788777513.8,78.66490216666666,16.875579333333334,True,1
1788777999.852,1788777514.0,78.66490316666666,16.875587666666668,True,1
1788778000.053,1788777514.2,78.66490416666667,16.875595999999998,True,1
1788778000.254,1788777514.4,78.66490533333334,16.8756045,True,1
1788778000.451,1788777514.6,78.66490633333333,16.87561283333333,True,1
1788778000.65,1788777514.8,78.66490733333333,16.875621333333335,True,1
1788778000.853,1788777515.0,78.66490833333334,16.87562966666667,True,1
1788778001.053,1788777515.2,78.66490933333333,16.875638166666665,True,1
1788778001.253,1788777515.4,78.66491049999999,16.87564666666667,True,1
1788778001.453,1788777515.6,78.6649115,16.875655166666665,True,1
1788778001.653,1788777515.8,78.6649125,16.875663666666664,True,1
1788778001.856,1788777516.0,78.66491366666668,16.875672166666668,True,1
1788778002.053,1788777516.2,78.66491466666666,16.875680499999998,True,1
1788778002.253,1788777516.4,78.66491566666667,16.87568866666667,True,1
1788778002.453,1788777516.6,78.66491683333334,16.875697,True,1
1788778002.653,1788777516.8,78.66491783333332,16.875705166666666,True,1
1788778002.852,1788777517.0,78.664919,16.8757135,True,1
1788778003.053,1788777517.2,78.66492,16.875721833333333,True,1
1788778003.251,1788777517.4,78.664921,16.875730333333333,True,1
1788778003.457,1788777517.6,78.66492216666667,16.8757385,True,1
1788778003.652,1788777517.8,78.66492316666667,16.875747,True,1
1788778003.853,1788777518.0,78.66492433333333,16.875755333333334,True,1
1788778004.053,1788777518.2,78.66492533333333,16.875763666666668,True,1
1788778004.253,1788777518.4,78.66492633333334,16.875771999999998,True,1
1788778004.453,1788777518.6,78.6649275,16.8757805,True,1
1788778004.654,1788777518.8,78.6649285,16.875788833333335,True,1
1788778004.854,1788777519.0,78.6649295,16.875797499999997,True,1
1788778005.054,1788777519.2,78.66493066666666,16.875806,True,1
1788778005.256,1788777519.4,78.66493166666667,16.8758145,True,1
1788778005.455,1788777519.6,78.66493266666666,16.875823,True,1
1788778005.654,1788777519.8,78.66493366666667,16.875831333333334,True,1
1788778005.855,1788777520.0,78.66493483333333,16.875839499999998,True,1
1788778006.051,1788777520.2,78.66493583333333,16.875848,True,1
1788778006.256,1788777520.4,78.66493683333333,16.875856333333335,True,1
1788778006.455,1788777520.6,78.66493799999999,16.87586483333333,True,1
1788778006.654,1788777520.8,78.664939,16.87587316666667,True,1
1788778006.856,1788777521.0,78.66493999999999,16.875881666666665,True,1
1788778007.054,1788777521.2,78.66494116666667,16.875890000000002,True,1
1788778007.254,1788777521.4,78.66494216666666,16.875898666666668,True,1
1788778007.455,1788777521.6,78.66494333333334,16.875907166666664,True,1
1788778007.652,1788777521.8,78.66494433333334,16.875915666666668,True,1
1788778007.857,1788777522.0,78.6649455,16.875924166666668,True,1
1788778008.059,1788777522.2,78.6649465,16.875932499999998,True,1
1788778008.254,1788777522.4,78.66494766666666,16.875941,True,1
1788778008.453,1788777522.6,78.66494866666667,16.87594933333333,True,1
1788778008.652,1788777522.8,78.66494966666667,16.875957500000002,True,1
1788778008.851,1788777523.0,78.66495066666667,16.875965666666666,True,1
1788778009.055,1788777523.2,78.66495166666667,16.875973833333333,True,1
1788778009.256,1788777523.4,78.66495266666668,16.875982166666667,True,1
1788778009.453,1788777523.6,78.66495383333333,16.875990333333334,True,1
1788778009.654,1788777523.8,78.66495483333333,16.875998666666664,True,1
1788778009.856,1788777524.0,78.66495583333334,16.876007,True,1
1788778010.056,1788777524.2,78.664957,16.8760155,True,1
1788778010.256,1788777524.4,78.664958,16.876024166666664,True,1
1788778010.461,1788777524.6,78.66495916666666,16.876032666666667,True,1
1788778010.652,1788777524.8,78.66496016666666,16.876041166666667,True,1
1788778010.853,1788777525.0,78.66496116666667,16.876049666666667,True,1
1788778011.054,1788777525.2,78.66496233333334,16.876058166666667,True,1
1788778011.254,1788777525.4,78.66496333333333,16.876066666666667,True,1
1788778011.453,1788777525.6,78.66496433333333,16.876075166666666,True,1
1788778011.65,1788777525.8,78.66496533333334,16.876083833333333,True,1
1788778011.854,1788777526.0,78.66496633333333,16.876092333333336,True,1
1788778012.056,1788777526.2,78.66496733333334,16.876100833333332,True,1
1788778012.253,1788777526.4,78.66496833333333,16.8761095,True,1
1788778012.454,1788777526.6,78.66496950000001,16.876118166666668,True,1
1788778012.654,1788777526.8,78.6649705,16.876126666666668,True,1
1788778012.855,1788777527.0,78.66497150000001,16.87613533333333,True,1
1788778013.055,1788777527.2,78.66497266666667,16.876143833333334,True,1
1788778013.252,1788777527.4,78.66497366666667,16.876152166666667,True,1
1788778013.454,1788777527.6,78.66497466666667,16.876160666666667,True,1
1788778013.654,1788777527.8,78.66497583333333,16.876169,True,1
1788778013.857,1788777528.0,78.66497683333334,16.876177166666665,True,1
1788778014.054,1788777528.2,78.66497783333332,16.876185500000002,True,1
1788778014.25,1788777528.4,78.66497899999999,16.876193833333332,True,1
1788778014.454,1788777528.6,78.66498,16.87620233333333,True,1
1788778014.653,1788777528.8,78.664981,16.87621066666667,True,1
1788778014.852,1788777529.0,78.664982,16.876219166666665,True,1
1788778015.053,1788777529.2,78.66498316666666,16.87622766666667,True,1
1788778015.253,1788777529.4,78.66498416666667,16.87623616666667,True,1
1788778015.453,1788777529.6,78.66498533333333,16.8762445,True,1
1788778015.654,1788777529.8,78.66498633333335,16.876253166666668,True,1
1788778015.854,1788777530.0,78.66498733333333,16.8762615,True,1
1788778016.053,1788777530.2,78.66498849999999,16.876269833333332,True,1
1788778016.253,1788777530.4,78.6649895,16.876278333333335,True,1
1788778016.454,1788777530.6,78.6649905,16.876286666666665,True,1
1788778016.653,1788777530.8,78.66499166666668,16.876295000000002,True,1
1788778016.854,1788777531.0,78.66499266666666,16.87630366666667,True,1
1788778017.052,1788777531.2,78.66499366666667,16.876312166666665,True,1
1788778017.254,1788777531.4,78.66499466666667,16.87632066666667,True,1
1788778017.454,1788777531.6,78.66499583333332,16.876329333333334,True,1
1788778017.656,1788777531.8,78.66499683333333,16.876337999999997,True,1
1788778017.854,1788777532.0,78.66499783333333,16.8763465,True,1
1788778018.055,1788777532.2,78.66499883333333,16.876354833333334,True,1
1788778018.254,1788777532.4,78.66499999999999,16.876363333333334,True,1
1788778018.451,1788777532.6,78.665001,16.876371666666667,True,1
1788778018.654,1788777532.8,78.66500216666667,16.876379999999997,True,1
1788778018.854,1788777533.0,78.66500316666666,16.876388333333335,True,1
1788778019.055,1788777533.2,78.66500416666666,16.876396833333335,True,1
1788778019.258,1788777533.4,78.66500516666666,16.87640533333333,True,1
1788778019.454,1788777533.6,78.66500616666667,16.876413666666668,True,1
1788778019.653,1788777533.8,78.66500733333334,16.876422166666668,True,1
1788778019.853,1788777534.0,78.66500833333333,16.876430666666668,True,1
1788778020.054,1788777534.2,78.66500933333333,16.8764395,True,1
1788778020.256,1788777534.4,78.66501033333334,16.876448333333332,True,1
1788778020.455,1788777534.6,78.6650115,16.876456833333336,True,1
1788778020.654,1788777534.8,78.6650125,16.8764655,True,1
1788778020.854,1788777535.0,78.6650135,16.87647433333333,True,1
1788778021.054,1788777535.2,78.66501466666666,16.876483,True,1
1788778021.251,1788777535.4,78.66501566666668,16.876491666666666,True,1
1788778021.453,1788777535.6,78.66501666666666,16.876500166666666,True,1
1788778021.654,1788777535.8,78.66501783333334,16.876508666666666,True,1
1788778021.856,1788777536.0,78.66501883333333,16.876517166666666,True,1
1788778022.052,1788777536.2,78.66502,16.876525666666666,True,1
1788778022.253,1788777536.4,78.66502116666668,16.876534,True,1
1788778022.454,1788777536.6,78.66502216666666,16.876542500000003,True,1
1788778022.651,1788777536.8,78.66502316666667,16.876551,True,1
1788778022.854,1788777537.0,78.66502433333333,16.8765595,True,1
1788778023.065,1788777537.2,78.66502533333333,16.87656816666667,True,1
1788778023.254,1788777537.4,78.66502650000001,16.876576833333335,True,1
1788778023.453,1788777537.6,78.6650275,16.87658533333333,True,1
1788778023.654,1788777537.8,78.6650285,16.876594166666667,True,1
1788778023.856,1788777538.0,78.66502966666667,16.876602833333333,True,1
1788778024.053,1788777538.2,78.66503083333333,16.876611333333337,True,1
1788778024.253,1788777538.4,78.66503183333333,16.876619833333333,True,1
1788778024.453,1788777538.6,78.665033,16.876628166666666,True,1
1788778024.652,1788777538.8,78.66503416666666,16.876636666666666,True,1
1788778024.854,1788777539.0,78.66503516666667,16.876645166666666,True,1
1788778025.054,1788777539.2,78.66503633333333,16.8766535,True,1
1788778025.252,1788777539.4,78.66503733333334,16.876661833333333,True,1
1788778025.456,1788777539.6,78.66503833333333,16.876670333333333,True,1
1788778025.652,1788777539.8,78.66503949999999,16.876678833333337,True,1
1788778025.856,1788777540.0,78.6650405,16.876687333333333,True,1
1788778026.059,1788777540.2,78.6650415,16.876696166666665,True,1
1788778026.254,1788777540.4,78.66504266666668,16.87670466666667,True,1
1788778026.454,1788777540.6,78.66504366666666,16.8767135,True,1
1788778026.654,1788777540.8,78.66504483333333,16.87672233333333,True,1
1788778026.853,1788777541.0,78.66504583333334,16.876731,True,1
1788778027.054,1788777541.2,78.66504683333332,16.876739833333332,True,1
1788778027.253,1788777541.4,78.665048,16.8767485,True,1
1788778027.452,1788777541.6,78.665049,16.876757166666668,True,1
1788778027.653,1788777541.8,78.66505016666666,16.876765499999998,True,1
1788778027.855,1788777542.0,78.66505116666667,16.876774,True,1
1788778028.052,1788777542.2,78.66505233333334,16.876782166666665,True,1
1788778028.256,1788777542.4,78.66505333333333,16.87679066666667,True,1
1788778028.456,1788777542.6,78.66505433333333,16.876799000000002,True,1
1788778028.655,1788777542.8,78.66505550000001,16.876807666666664,True,1
1788778028.856,1788777543.0,78.6650565,16.876816,True,1
1788778029.056,1788777543.2,78.6650575,16.876824666666668,True,1
1788778029.255,1788777543.4,78.66505866666667,16.87683333333333,True,1
1788778029.454,1788777543.6,78.66505966666666,16.876841833333334,True,1
1788778029.654,1788777543.8,78.66506066666668,16.876850333333334,True,1
1788778029.854,1788777544.0,78.66506183333333,16.876858666666667,True,1
1788778030.052,1788777544.2,78.66506283333334,16.876867166666667,True,1
1788778030.253,1788777544.4,78.66506383333333,16.8768755,True,1
1788778030.453,1788777544.6,78.66506483333333,16.876884,True,1
1788778030.653,1788777544.8,78.665066,16.876892333333334,True,1
1788778030.854,1788777545.0,78.665067,16.87690083333333,True,1
1788778031.055,1788777545.2,78.66506816666667,16.876909333333334,True,1
1788778031.256,1788777545.4,78.66506916666667,16.876917666666667,True,1
1788778031.455,1788777545.6,78.66507016666667,16.876925833333335,True,1
1788778031.654,1788777545.8,78.66507133333333,16.87693416666667,True,1
1788778031.855,1788777546.0,78.66507233333333,16.876942666666665,True,1
1788778032.055,1788777546.2,78.6650735,16.876951333333334,True,1
1788778032.253,1788777546.4,78.6650745,16.876959833333334,True,1
1788778032.455,1788777546.6,78.6650755,16.876968666666667,True,1
1788778032.654,1788777546.8,78.66507666666666,16.8769775,True,1
1788778032.855,1788777547.0,78.66507766666668,16.876985833333332,True,1
1788778033.055,1788777547.2,78.66507866666667,16.87699466666667,True,1
1788778033.253,1788777547.4,78.66507966666667,16.877003,True,1
1788778033.451,1788777547.6,78.66508066666667,16.8770115,True,1
1788778033.649,1788777547.8,78.66508183333333,16.877019833333335,True,1
1788778033.865,1788777548.0,78.66508283333333,16.877028166666665,True,1
1788778034.055,1788777548.2,78.66508383333333,16.877036666666665,True,1
1788778034.254,1788777548.4,78.66508483333334,16.87704516666667,True,1
1788778034.454,1788777548.6,78.66508583333332,16.87705383333333,True,1
1788778034.66,1788777548.8,78.66508683333333,16.8770625,True,1
1788778034.855,1788777549.0,78.665088,16.877071333333333,True,1
1788778035.053,1788777549.2,78.66508900000001,16.877079833333333,True,1
1788778035.255,1788777549.4,78.66508999999999,16.87708866666667,True,1
1788778035.454,1788777549.6,78.665091,16.87709733333333,True,1
1788778035.654,1788777549.8,78.665092,16.877106166666668,True,1
1788778035.854,1788777550.0,78.665093,16.877114666666667,True,1
1788778036.054,1788777550.2,78.665094,16.877123333333333,True,1
1788778036.255,1788777550.4,78.66509500000001,16.877131666666667,True,1
1788778036.452,1788777550.6,78.66509599999999,16.877140333333333,True,1
1788778036.654,1788777550.8,78.665097,16.877149,True,1
1788778036.854,1788777551.0,78.665098,16.87715766666667,True,1
1788778037.052,1788777551.2,78.665099,16.87716633333333,True,1
1788778037.253,1788777551.4,78.6651,16.877174833333335,True,1
1788778037.454,1788777551.6,78.66510116666667,16.8771835,True,1
1788778037.653,1788777551.8,78.66510216666667,16.877192166666667,True,1
1788778037.852,1788777552.0,78.66510316666667,16.877200833333333,True,1
1788778038.053,1788777552.2,78.66510416666667,16.877209166666667,True,1
1788778038.252,1788777552.4,78.66510516666668,16.87721733333333,True,1
1788778038.452,1788777552.6,78.66510616666666,16.877225833333334,True,1
1788778038.652,1788777552.8,78.66510733333332,16.877234333333334,True,1
1788778038.853,1788777553.0,78.66510833333334,16.877242833333334,True,1
1788778039.053,1788777553.2,78.66510933333333,16.877251333333334,True,1
1788778039.266,1788777553.4,78.66511033333333,16.877259666666664,True,1
1788778039.453,1788777553.6,78.6651115,16.877268166666667,True,1
1788778039.654,1788777553.8,78.6651125,16.877276666666667,True,1
1788778039.855,1788777554.0,78.6651135,16.877285333333337,True,1
1788778040.055,1788777554.2,78.6651145,16.877293833333333,True,1
1788778040.253,1788777554.4,78.66511566666667,16.877302166666666,True,1
1788778040.457,1788777554.6,78.66511666666666,16.877310666666666,True,1
1788778040.652,1788777554.8,78.66511766666666,16.877319166666666,True,1
1788778040.852,1788777555.0,78.66511866666666,16.877327833333332,True,1
1788778041.052,1788777555.2,78.66511983333334,16.877336333333336,True,1
1788778041.253,1788777555.4,78.66512083333333,16.877344833333332,True,1
1788778041.455,1788777555.6,78.66512200000001,16.8773535,True,1
1788778041.654,1788777555.8,78.665123,16.877362333333334,True,1
1788778041.878,1788777556.0,78.665124,16.877370833333334,True,1
1788778042.06,1788777556.2,78.66512516666667,16.8773795,True,1
1788778042.254,1788777556.4,78.66512616666667,16.877388,True,1
1788778042.453,1788777556.6,78.66512716666666,16.8773965,True,1
1788778042.655,1788777556.8,78.66512833333333,16.877405,True,1
1788778042.857,1788777557.0,78.66512933333334,16.8774135,True,1
1788778043.056,1788777557.2,78.66513033333334,16.877421833333337,True,1
1788778043.254,1788777557.4,78.6651315,16.87743,True,1
1788778043.456,1788777557.6,78.66513283333333,16.877437999999998,True,1
1788778043.655,1788777557.8,78.66513400000001,16.877445666666667,True,1
1788778043.853,1788777558.0,78.66513549999999,16.877453166666665,True,1
1788778044.055,1788777558.2,78.665137,16.877460499999998,True,1
1788778044.253,1788777558.4,78.6651385,16.877467333333335,True,1
1788778044.453,1788777558.6,78.66514016666666,16.877474166666666,True,1
1788778044.652,1788777558.8,78.66514183333334,16.877480166666665,True,1
1788778044.855,1788777559.0,78.66514366666667,16.877485999999998,True,1
1788778045.055,1788777559.2,78.66514550000001,16.877491666666668,True,1
1788778045.254,1788777559.4,78.66514733333334,16.877496666666666,True,1
1788778045.454,1788777559.6,78.66514916666667,16.877501166666665,True,1
1788778045.656,1788777559.8,78.665151,16.877505166666666,True,1
1788778045.855,1788777560.0,78.66515283333334,16.877508499999998,True,1
1788778046.051,1788777560.2,78.66515466666667,16.877511166666668,True,1
1788778046.258,1788777560.4,78.66515666666666,16.877512333333335,True,1
1788778046.453,1788777560.6,78.66515866666667,16.877513333333333,True,1
1788778046.654,1788777560.8,78.66516066666667,16.877513333333333,True,1
1788778046.854,1788777561.0,78.6651625,16.877513166666667,True,1
1788778047.054,1788777561.2,78.6651645,16.8775125,True,1
1788778047.254,1788777561.4,78.6651665,16.8775115,True,1
1788778047.453,1788777561.6,78.66516866666666,16.87751033333333,True,1
1788778047.655,1788777561.8,78.66517066666667,16.87750883333333,True,1
1788778047.855,1788777562.0,78.66517266666666,16.87750683333333,True,1
1788778048.056,1788777562.2,78.66517466666666,16.877504666666667,True,1
1788778048.255,1788777562.4,78.66517683333333,16.877502166666666,True,1
1788778048.458,1788777562.6,78.66517866666666,16.877499166666666,True,1
1788778048.655,1788777562.8,78.66518066666666,16.877496166666667,True,1
1788778048.854,1788777563.0,78.6651825,16.877492833333335,True,1
1788778049.055,1788777563.2,78.6651845,16.877489333333333,True,1
1788778049.254,1788777563.4,78.66518616666667,16.877486166666664,True,1
1788778049.454,1788777563.6,78.665188,16.877482999999998,True,1
1788778049.654,1788777563.8,78.66518966666666,16.877479666666666,True,1
1788778049.854,1788777564.0,78.6651915,16.877476166666668,True,1
1788778050.053,1788777564.2,78.66519316666667,16.8774725,True,1
1788778050.252,1788777564.4,78.66519483333333,16.877468833333335,True,1
1788778050.453,1788777564.6,78.66519666666666,16.87746483333333,True,1
1788778050.654,1788777564.8,78.66519833333334,16.877460666666664,True,1
1788778050.853,1788777565.0,78.6652,16.877456333333335,True,1
1788778051.054,1788777565.2,78.66520166666666,16.8774515,True,1
1788778051.254,1788777565.4,78.66520333333332,16.877446833333334,True,1
1788778051.461,1788777565.6,78.66520483333333,16.877441666666666,True,1
1788778051.652,1788777565.8,78.66520650000001,16.877436333333332,True,1
1788778051.853,1788777566.0,78.66520799999999,16.877430666666665,True,1
1788778052.052,1788777566.2,78.6652095,16.87742516666667,True,1
1788778052.251,1788777566.4,78.665211,16.877419166666666,True,1
1788778052.452,1788777566.6,78.66521250000001,16.877413,True,1
1788778052.653,1788777566.8,78.665214,16.877407,True,1
1788778052.852,1788777567.0,78.66521533333334,16.877400833333336,True,1
1788778053.055,1788777567.2,78.66521683333333,16.87739433333333,True,1
1788778053.254,1788777567.4,78.66521816666666,16.877387666666667,True,1
1788778053.454,1788777567.6,78.66521949999999,16.877380833333333,True,1
1788778053.653,1788777567.8,78.66522083333332,16.877374333333332,True,1
1788778053.855,1788777568.0,78.66522216666667,16.8773675,True,1
1788778054.057,1788777568.2,78.6652235,16.877360833333334,True,1
1788778054.258,1788777568.4,78.66522483333333,16.877353833333334,True,1
1788778054.452,1788777568.6,78.665226,16.877346666666664,True,1
1788778054.652,1788777568.8,78.66522716666667,16.8773395,True,1
1788778054.853,1788777569.0,78.66522833333333,16.8773325,True,1
1788778055.055,1788777569.2,78.6652295,16.87732533333333,True,1
1788778055.254,1788777569.4,78.66523066666667,16.877318166666665,True,1
1788778055.459,1788777569.6,78.66523166666666,16.877310666666666,True,1
1788778055.652,1788777569.8,78.66523283333332,16.877303166666664,True,1
1788778055.856,1788777570.0,78.66523383333333,16.877295666666665,True,1
1788778056.055,1788777570.2,78.665235,16.877288333333336,True,1
1788778056.256,1788777570.4,78.66523600000001,16.877280666666664,True,1
1788778056.454,1788777570.6,78.66523716666667,16.877273,True,1
1788778056.655,1788777570.8,78.66523816666667,16.877265333333334,True,1
1788778056.856,1788777571.0,78.66523916666667,16.877257666666665,True,1
1788778057.055,1788777571.2,78.66524016666668,16.87725,True,1
1788778057.253,1788777571.4,78.66524116666666,16.877242333333335,True,1
1788778057.453,1788777571.6,78.66524216666667,16.8772345,True,1
1788778057.653,1788777571.8,78.66524316666667,16.8772265,True,1
1788778057.854,1788777572.0,78.66524416666667,16.877218333333335,True,1
1788778058.054,1788777572.2,78.66524516666666,16.877210166666668,True,1
1788778058.253,1788777572.4,78.66524616666668,16.877201833333334,True,1
1788778058.453,1788777572.6,78.66524716666666,16.87719333333333,True,1
1788778058.658,1788777572.8,78.66524833333332,16.87718466666667,True,1
1788778058.851,1788777573.0,78.66524933333334,16.877175833333336,True,1
1788778059.054,1788777573.2,78.6652505,16.877166833333334,True,1
1788778059.251,1788777573.4,78.66525150000001,16.877158,True,1
1788778059.451,1788777573.6,78.66525266666666,16.877149333333332,True,1
1788778059.653,1788777573.8,78.66525383333332,16.877140333333333,True,1
1788778059.852,1788777574.0,78.66525483333334,16.877131333333335,True,1
1788778060.053,1788777574.2,78.665256,16.877122,True,1
1788778060.253,1788777574.4,78.66525716666666,16.87711266666667,True,1
1788778060.451,1788777574.6,78.66525816666667,16.877103666666667,True,1
1788778060.652,1788777574.8,78.66525933333334,16.877094666666668,True,1
1788778060.852,1788777575.0,78.6652605,16.87708566666667,True,1
1788778061.051,1788777575.2,78.6652615,16.877076666666667,True,1
1788778061.249,1788777575.4,78.66526266666666,16.8770675,True,1
1788778061.453,1788777575.6,78.66526366666668,16.877058666666667,True,1
1788778061.654,1788777575.8,78.66526483333334,16.87705,True,1
1788778061.854,1788777576.0,78.665266,16.877041166666668,True,1
1788778062.055,1788777576.2,78.665267,16.877032,True,1
1788778062.253,1788777576.4,78.665268,16.877022833333335,True,1
1788778062.453,1788777576.6,78.66526916666666,16.877014,True,1
1788778062.652,1788777576.8,78.66527016666667,16.877005166666667,True,1
1788778062.855,1788777577.0,78.66527133333334,16.876996000000002,True,1
1788778063.062,1788777577.2,78.6652725,16.876986833333333,True,1
1788778063.255,1788777577.4,78.6652735,16.87697766666667,True,1
1788778063.453,1788777577.6,78.66527466666666,16.876968666666667,True,1
1788778063.652,1788777577.8,78.66527566666667,16.876959666666668,True,1
1788778063.857,1788777578.0,78.66527683333334,16.87695066666667,True,1
1788778064.052,1788777578.2,78.665278,16.876941833333333,True,1
1788778064.253,1788777578.4,78.665279,16.876932833333335,True,1
1788778064.454,1788777578.6,78.66528,16.876923833333333,True,1
1788778064.653,1788777578.8,78.66528116666667,16.876914666666668,True,1
1788778064.855,1788777579.0,78.66528216666667,16.876906,True,1
1788778065.056,1788777579.2,78.66528333333333,16.876897166666666,True,1
1788778065.254,1788777579.4,78.66528450000001,16.876888333333333,True,1
1788778065.453,1788777579.6,78.6652855,16.87687933333333,True,1
1788778065.652,1788777579.8,78.66528666666666,16.876870333333333,True,1
1788778065.854,1788777580.0,78.66528766666667,16.876861666666667,True,1
1788778066.054,1788777580.2,78.66528883333334,16.876853,True,1
1788778066.254,1788777580.4,78.66529,16.876844166666668,True,1
1788778066.453,1788777580.6,78.665291,16.876835500000002,True,1
1788778066.652,1788777580.8,78.66529216666666,16.876827,True,1
1788778066.852,1788777581.0,78.66529333333332,16.876818333333333,True,1
1788778067.054,1788777581.2,78.66529433333334,16.876809666666666,True,1
1788778067.258,1788777581.4,78.6652955,16.876800833333334,True,1
1788778067.453,1788777581.6,78.66529666666666,16.876792000000002,True,1
1788778067.654,1788777581.8,78.66529766666666,16.876783,True,1
1788778067.855,1788777582.0,78.66529883333332,16.876774166666667,True,1
1788778068.054,1788777582.2,78.66529999999999,16.87676533333333,True,1
1788778068.253,1788777582.4,78.66530116666667,16.87675683333333,True,1
1788778068.453,1788777582.6,78.66530233333333,16.87674816666667,True,1
1788778068.653,1788777582.8,78.6653035,16.8767395,True,1
1788778068.853,1788777583.0,78.6653045,16.876731166666666,True,1
1788778069.052,1788777583.2,78.66530566666667,16.87672266666667,True,1
1788778069.252,1788777583.4,78.66530683333333,16.876714166666666,True,1
1788778069.451,1788777583.6,78.66530800000001,16.876705833333332,True,1
1788778069.654,1788777583.8,78.66530933333334,16.8766975,True,1
1788778069.854,1788777584.0,78.66531033333334,16.876689166666665,True,1
1788778070.054,1788777584.2,78.66531166666667,16.876680500000003,True,1
1788778070.253,1788777584.4,78.66531283333333,16.876672166666665,True,1
1788778070.457,1788777584.6,78.66531400000001,16.876663833333335,True,1
1788778070.653,1788777584.8,78.66531533333334,16.876655000000003,True,1
1788778070.854,1788777585.0,78.6653165,16.876646333333333,True,1
1788778071.054,1788777585.2,78.66531766666667,16.876638,True,1
1788778071.254,1788777585.4,78.66531883333333,16.8766295,True,1
1788778071.452,1788777585.6,78.66532016666666,16.876621,True,1
1788778071.652,1788777585.8,78.66532133333334,16.876612333333334,True,1
1788778071.852,1788777586.0,78.6653225,16.876604166666667,True,1
1788778072.052,1788777586.2,78.66532366666667,16.876596,True,1
1788778072.25,1788777586.4,78.66532483333334,16.87658766666667,True,1
1788778072.453,1788777586.6,78.66532600000001,16.876579,True,1
1788778072.652,1788777586.8,78.66532733333334,16.8765705,True,1
1788778072.855,1788777587.0,78.6653285,16.876561833333334,True,1
1788778073.061,1788777587.2,78.66532966666666,16.8765535,True,1
1788778073.256,1788777587.4,78.66533083333334,16.876544833333334,True,1
1788778073.454,1788777587.6,78.66533216666667,16.876536333333334,True,1
1788778073.651,1788777587.8,78.66533333333334,16.876528,True,1
1788778073.854,1788777588.0,78.6653345,16.876519666666663,True,1
1788778074.055,1788777588.2,78.66533566666666,16.876511166666667,True,1
1788778074.253,1788777588.4,78.665337,16.8765025,True,1
1788778074.459,1788777588.6,78.66533816666667,16.876494166666664,True,1
1788778074.652,1788777588.8,78.6653395,16.876486166666666,True,1
1788778074.853,1788777589.0,78.66534066666667,16.876478000000002,True,1
1788778075.052,1788777589.2,78.66534183333333,16.8764695,True,1
1788778075.254,1788777589.4,78.66534316666666,16.876461166666665,True,1
1788778075.454,1788777589.6,78.66534433333332,16.876453,True,1
1788778075.654,1788777589.8,78.6653455,16.876445,True,1
1788778075.855,1788777590.0,78.66534683333333,16.876436666666667,True,1
1788778076.054,1788777590.2,78.665348,16.876428333333333,True,1
1788778076.254,1788777590.4,78.66534933333334,16.87642,True,1
1788778076.452,1788777590.6,78.6653505,16.8764115,True,1
1788778076.654,1788777590.8,78.66535183333333,16.8764035,True,1
1788778076.853,1788777591.0,78.66535300000001,16.876395333333335,True,1
1788778077.054,1788777591.2,78.66535433333334,16.876387,True,1
1788778077.255,1788777591.4,78.6653555,16.876378666666668,True,1
1788778077.452,1788777591.6,78.66535683333333,16.8763705,True,1
1788778077.653,1788777591.8,78.665358,16.876362333333336,True,1
1788778077.851,1788777592.0,78.66535916666666,16.876354,True,1
1788778078.055,1788777592.2,78.66536049999999,16.8763455,True,1
1788778078.259,1788777592.4,78.66536166666667,16.876337333333332,True,1
1788778078.454,1788777592.6,78.665363,16.876329,True,1
1788778078.654,1788777592.8,78.66536416666666,16.876320500000002,True,1
1788778078.854,1788777593.0,78.66536533333333,16.876312,True,1
1788778079.054,1788777593.2,78.66536666666666,16.87630366666667,True,1
1788778079.253,1788777593.4,78.66536783333332,16.876295666666667,True,1
1788778079.454,1788777593.6,78.665369,16.876287666666666,True,1
1788778079.654,1788777593.8,78.66537016666666,16.87627966666667,True,1
1788778079.854,1788777594.0,78.6653715,16.87627133333333,True,1
1788778080.053,1788777594.2,78.66537266666666,16.876263333333334,True,1
1788778080.254,1788777594.4,78.66537383333333,16.8762555,True,1
1788778080.452,1788777594.6,78.665375,16.876247666666664,True,1
1788778080.65,1788777594.8,78.66537633333334,16.8762395,True,1
1788778080.852,1788777595.0,78.6653775,16.876231333333333,True,1
1788778081.054,1788777595.2,78.6653785,16.876223333333332,True,1
1788778081.254,1788777595.4,78.66537966666667,16.876215333333334,True,1
1788778081.453,1788777595.6,78.665381,16.876207333333333,True,1
1788778081.652,1788777595.8,78.66538216666666,16.876199,True,1
1788778081.853,1788777596.0,78.66538333333332,16.876191,True,1
1788778082.052,1788777596.2,78.6653845,16.876183166666667,True,1
1788778082.252,1788777596.4,78.66538583333333,16.876175,True,1
1788778082.453,1788777596.6,78.665387,16.876167000000002,True,1
1788778082.651,1788777596.8,78.66538816666666,16.876158999999998,True,1
1788778082.853,1788777597.0,78.66538933333332,16.876151,True,1
1788778083.052,1788777597.2,78.6653905,16.876143000000003,True,1
1788778083.25,1788777597.4,78.66539183333333,16.87613483333333,True,1
1788778083.451,1788777597.6,78.66539316666668,16.876126833333334,True,1
1788778083.653,1788777597.8,78.66539433333334,16.876118666666667,True,1
1788778083.853,1788777598.0,78.6653955,16.8761105,True,1
1788778084.053,1788777598.2,78.66539683333333,16.876102333333332,True,1
1788778084.254,1788777598.4,78.66539800000001,16.876094166666668,True,1
1788778084.454,1788777598.6,78.66539916666667,16.876086,True,1
1788778084.658,1788777598.8,78.66540033333334,16.876077666666667,True,1
1788778084.855,1788777599.0,78.66540166666667,16.87606933333333,True,1
1788778085.053,1788777599.2,78.66540283333333,16.876061166666666,True,1
1788778085.252,1788777599.4,78.66540400000001,16.876053000000002,True,1
1788778085.458,1788777599.6,78.66540516666667,16.876044666666665,True,1
1788778085.653,1788777599.8,78.6654065,16.8760365,True,1
1788778085.854,1788777600.0,78.66540766666667,16.876028166666668,True,1
1788778086.059,1788777600.2,78.66540883333333,16.87602,True,1
1788778086.255,1788777600.4,78.66541000000001,16.876011666666667,True,1
1788778086.454,1788777600.6,78.66541116666667,16.876003333333333,True,1
1788778086.656,1788777600.8,78.6654125,16.875995666666665,True,1
1788778086.857,1788777601.0,78.66541366666667,16.875987833333333,True,1
1788778087.055,1788777601.2,78.66541483333334,16.875979833333336,True,1
1788778087.255,1788777601.4,78.66541600000001,16.875972,True,1
1788778087.452,1788777601.6,78.66541733333334,16.875964166666666,True,1
1788778087.652,1788777601.8,78.6654185,16.87595633333333,True,1
1788778087.854,1788777602.0,78.66541966666666,16.8759485,True,1
1788778088.054,1788777602.2,78.66542083333334,16.875940500000002,True,1
1788778088.256,1788777602.4,78.66542216666667,16.87593233333333,True,1
1788778088.455,1788777602.6,78.66542333333334,16.875924333333334,True,1
1788778088.654,1788777602.8,78.6654245,16.875916500000002,True,1
1788778088.852,1788777603.0,78.66542583333333,16.875908666666664,True,1
1788778089.055,1788777603.2,78.665427,16.875901,True,1
1788778089.254,1788777603.4,78.66542816666667,16.875893333333334,True,1
1788778089.454,1788777603.6,78.66542933333334,16.875885333333333,True,1
1788778089.653,1788777603.8,78.6654305,16.8758775,True,1
1788778089.855,1788777604.0,78.66543183333333,16.875869666666667,True,1
1788778090.055,1788777604.2,78.665433,16.87586183333333,True,1
1788778090.252,1788777604.4,78.66543433333332,16.875854166666667,True,1
1788778090.454,1788777604.6,78.6654355,16.875846333333335,True,1
1788778090.654,1788777604.8,78.66543683333333,16.875838166666664,True,1
1788778090.854,1788777605.0,78.665438,16.8758305,True,1
1788778091.051,1788777605.2,78.66543933333334,16.875822833333334,True,1
1788778091.251,1788777605.4,78.6654405,16.875815166666666,True,1
1788778091.453,1788777605.6,78.66544166666667,16.875807333333334,True,1
1788778091.65,1788777605.8,78.66544300000001,16.875799500000003,True,1
1788778091.852,1788777606.0,78.66544416666667,16.875791666666665,True,1
1788778092.053,1788777606.2,78.66544533333334,16.875784,True,1
1788778092.252,1788777606.4,78.6654465,16.875776,True,1
1788778092.452,1788777606.6,78.66544783333333,16.875768,True,1
1788778092.653,1788777606.8,78.66544900000001,16.875760166666666,True,1
1788778092.855,1788777607.0,78.66545033333334,16.87575233333333,True,1
1788778093.054,1788777607.2,78.6654515,16.875744333333333,True,1
1788778093.253,1788777607.4,78.66545266666667,16.875736500000002,True,1
1788778093.451,1788777607.6,78.665454,16.875728833333334,True,1
1788778093.652,1788777607.8,78.66545516666666,16.875721166666665,True,1
1788778093.852,1788777608.0,78.66545649999999,16.875713333333334,True,1
1788778094.053,1788777608.2,78.66545766666667,16.875705666666665,True,1
1788778094.252,1788777608.4,78.66545883333333,16.875698,True,1
1788778094.45,1788777608.6,78.66546016666666,16.87569016666667,True,1
1788778094.659,1788777608.8,78.6654615,16.875682333333334,True,1
1788778094.854,1788777609.0,78.66546266666666,16.8756745,True,1
1788778095.054,1788777609.2,78.66546383333333,16.8756665,True,1
1788778095.253,1788777609.4,78.66546516666668,16.875658666666666,True,1
1788778095.451,1788777609.6,78.66546633333334,16.875651,True,1
1788778095.653,1788777609.8,78.6654675,16.87564316666667,True,1
1788778095.854,1788777610.0,78.66546866666665,16.875635,True,1
1788778096.053,1788777610.2,78.66547,16.875627,True,1
1788778096.255,1788777610.4,78.66547116666668,16.875619333333336,True,1
1788778096.453,1788777610.6,78.6654725,16.87561133333333,True,1
1788778096.653,1788777610.8,78.66547366666667,16.875603333333334,True,1
1788778096.853,1788777611.0,78.66547483333333,16.875595666666666,True,1
1788778097.052,1788777611.2,78.665476,16.875587666666668,True,1
1788778097.253,1788777611.4,78.66547716666668,16.87558016666667,True,1
1788778097.455,1788777611.6,78.66547833333334,16.87557233333333,True,1
1788778097.653,1788777611.8,78.66547966666667,16.875564333333333,True,1
1788778097.855,1788777612.0,78.66548083333333,16.875556333333336,True,1
1788778098.054,1788777612.2,78.66548200000001,16.87554833333333,True,1
1788778098.255,1788777612.4,78.66548316666668,16.875540666666666,True,1
1788778098.453,1788777612.6,78.6654845,16.875532500000002,True,1
1788778098.654,1788777612.8,78.66548566666667,16.87552433333333,True,1
1788778098.855,1788777613.0,78.66548683333333,16.8755165,True,1
1788778099.05,1788777613.2,78.66548800000001,16.875508500000002,True,1
1788778099.254,1788777613.4,78.66548916666667,16.875500666666667,True,1
1788778099.454,1788777613.6,78.6654905,16.875492666666666,True,1
1788778099.659,1788777613.8,78.66549166666667,16.875484833333335,True,1
1788778099.871,1788777614.0,78.665493,16.875476833333334,True,1
1788778100.056,1788777614.2,78.66549416666666,16.875468833333333,True,1
1788778100.254,1788777614.4,78.66549533333334,16.875460999999998,True,1
1788778100.459,1788777614.6,78.6654965,16.875453,True,1
1788778100.655,1788777614.8,78.66549783333333,16.87544516666667,True,1
1788778100.855,1788777615.0,78.665499,16.87543733333333,True,1
1788778101.054,1788777615.2,78.66550016666666,16.8754295,True,1
1788778101.25,1788777615.4,78.66550133333334,16.875421666666668,True,1
1788778101.454,1788777615.6,78.6655025,16.875413666666667,True,1
1788778101.653,1788777615.8,78.66550383333333,16.875405833333332,True,1
1788778101.854,1788777616.0,78.665505,16.875398,True,1
1788778102.053,1788777616.2,78.66550616666667,16.87539,True,1
1788778102.252,1788777616.4,78.66550733333334,16.875382166666668,True,1
1788778102.452,1788777616.6,78.66550866666667,16.875374166666667,True,1
1788778102.65,1788777616.8,78.66550983333333,16.875366333333332,True,1
1788778102.854,1788777617.0,78.665511,16.875358666666667,True,1
1788778103.053,1788777617.2,78.66551216666667,16.875351000000002,True,1
1788778103.255,1788777617.4,78.6655135,16.875343166666667,True,1
1788778103.454,1788777617.6,78.66551466666667,16.875335333333332,True,1
1788778103.653,1788777617.8,78.66551583333333,16.8753275,True,1
1788778103.854,1788777618.0,78.66551716666666,16.875319333333334,True,1
1788778104.05,1788777618.2,78.66551833333332,16.875311166666666,True,1
1788778104.253,1788777618.4,78.66551966666665,16.875303,True,1
1788778104.454,1788777618.6,78.66552083333333,16.875295166666668,True,1
1788778104.655,1788777618.8,78.665522,16.875287166666666,True,1
1788778104.858,1788777619.0,78.66552316666666,16.875279166666665,True,1
1788778105.052,1788777619.2,78.6655245,16.875271166666668,True,1
1788778105.252,1788777619.4,78.66552566666665,16.875263166666667,True,1
1788778105.451,1788777619.6,78.66552683333333,16.87525533333333,True,1
1788778105.653,1788777619.8,78.665528,16.8752475,True,1
1788778105.855,1788777620.0,78.66552933333334,16.87523966666667,True,1
1788778106.054,1788777620.2,78.6655305,16.87523183333333,True,1
1788778106.255,1788777620.4,78.66553166666667,16.875224166666666,True,1
1788778106.454,1788777620.6,78.66553283333333,16.8752165,True,1
1788778106.654,1788777620.8,78.66553416666667,16.875208666666666,True,1
1788778106.853,1788777621.0,78.66553533333334,16.875201,True,1
1788778107.053,1788777621.2,78.66553666666667,16.87519316666667,True,1
1788778107.254,1788777621.4,78.66553783333333,16.87518533333333,True,1
1788778107.453,1788777621.6,78.66553916666666,16.875177333333333,True,1
1788778107.653,1788777621.8,78.66554033333334,16.875169333333336,True,1
1788778107.854,1788777622.0,78.6655415,16.8751615,True,1
1788778108.054,1788777622.2,78.66554283333333,16.8751535,True,1
1788778108.252,1788777622.4,78.665544,16.8751455,True,1
1788778108.454,1788777622.6,78.66554516666666,16.875137666666667,True,1
1788778108.654,1788777622.8,78.66554633333334,16.875130000000002,True,1
1788778108.855,1788777623.0,78.66554766666667,16.875121999999998,True,1
1788778109.054,1788777623.2,78.66554883333333,16.875114333333332,True,1
1788778109.254,1788777623.4,78.66555,16.875106666666667,True,1
1788778109.46,1788777623.6,78.66555116666667,16.875099,True,1
1788778109.652,1788777623.8,78.66555233333334,16.875091166666667,True,1
1788778109.854,1788777624.0,78.66555366666667,16.875083500000002,True,1
1788778110.053,1788777624.2,78.66555483333333,16.875075666666664,True,1
1788778110.269,1788777624.4,78.665556,16.875068,True,1
1788778110.452,1788777624.6,78.66555733333333,16.875060166666668,True,1
1788778110.651,1788777624.8,78.6655585,16.875052333333333,True,1
1788778110.849,1788777625.0,78.66555966666667,16.875044666666668,True,1
1788778111.052,1788777625.2,78.66556083333333,16.875036833333336,True,1
1788778111.254,1788777625.4,78.66556216666666,16.875028999999998,True,1
1788778111.454,1788777625.6,78.66556333333332,16.875021,True,1
1788778111.652,1788777625.8,78.6655645,16.87501316666667,True,1
1788778111.855,1788777626.0,78.66556566666667,16.875005333333334,True,1
1788778112.052,1788777626.2,78.665567,16.8749975,True,1
1788778112.253,1788777626.4,78.66556816666666,16.8749895,True,1
1788778112.453,1788777626.6,78.6655695,16.874981666666667,True,1
1788778112.652,1788777626.8,78.66557066666665,16.874973833333335,True,1
1788778112.852,1788777627.0,78.66557183333333,16.874965999999997,True,1
1788778113.052,1788777627.2,78.66557316666668,16.874958333333332,True,1
1788778113.251,1788777627.4,78.66557433333334,16.8749505,True,1
1788778113.453,1788777627.6,78.66557566666667,16.874942833333332,True,1
1788778113.649,1788777627.8,78.66557683333333,16.874934833333334,True,1
1788778113.852,1788777628.0,78.66557800000001,16.874927166666666,True,1
1788778114.052,1788777628.2,78.66557916666667,16.874919,True,1
1788778114.254,1788777628.4,78.6655805,16.874911166666667,True,1
1788778114.453,1788777628.6,78.66558166666667,16.874903333333336,True,1
1788778114.659,1788777628.8,78.665583,16.87489533333333,True,1
1788778114.857,1788777629.0,78.66558416666666,16.874887333333334,True,1
1788778115.051,1788777629.2,78.66558533333334,16.874879500000002,True,1
1788778115.254,1788777629.4,78.6655865,16.874872,True,1
1788778115.458,1788777629.6,78.66558783333333,16.874864,True,1
1788778115.652,1788777629.8,78.665589,16.874856,True,1
1788778115.855,1788777630.0,78.66559016666666,16.874848166666666,True,1
1788778116.053,1788777630.2,78.66559149999999,16.87484016666667,True,1
1788778116.254,1788777630.4,78.66559266666667,16.874832333333334,True,1
1788778116.452,1788777630.6,78.665594,16.874824666666665,True,1
1788778116.656,1788777630.8,78.66559516666666,16.8748165,True,1
1788778116.855,1788777631.0,78.66559633333333,16.87480866666667,True,1
1788778117.054,1788777631.2,78.6655975,16.874800666666665,True,1
1788778117.253,1788777631.4,78.66559883333333,16.874792833333334,True,1
1788778117.453,1788777631.6,78.6656,16.874785166666666,True,1
1788778117.654,1788777631.8,78.66560133333334,16.874776999999998,True,1
1788778117.853,1788777632.0,78.6656025,16.874769,True,1
1788778118.057,1788777632.2,78.66560366666666,16.874761166666666,True,1
1788778118.255,1788777632.4,78.66560483333333,16.874753333333334,True,1
1788778118.453,1788777632.6,78.66560616666668,16.874745333333333,True,1
1788778118.653,1788777632.8,78.66560733333334,16.874737333333332,True,1
1788778118.854,1788777633.0,78.6656085,16.874729333333335,True,1
1788778119.053,1788777633.2,78.66560983333333,16.87472166666667,True,1
1788778119.252,1788777633.4,78.665611,16.874713666666665,True,1
1788778119.453,1788777633.6,78.66561233333333,16.874705833333334,True,1
1788778119.652,1788777633.8,78.6656135,16.87469766666667,True,1
1788778119.855,1788777634.0,78.66561466666667,16.874689999999998,True,1
1788778120.055,1788777634.2,78.66561583333333,16.874682166666666,True,1
1788778120.254,1788777634.4,78.66561716666666,16.874674333333335,True,1
1788778120.453,1788777634.6,78.66561833333334,16.8746665,True,1
1788778120.652,1788777634.8,78.6656195,16.87465866666667,True,1
1788778120.852,1788777635.0,78.66562083333334,16.874650999999997,True,1
1788778121.052,1788777635.2,78.665622,16.874643,True,1
1788778121.252,1788777635.4,78.66562333333333,16.874635166666668,True,1
1788778121.452,1788777635.6,78.66562449999999,16.874627333333333,True,1
1788778121.651,1788777635.8,78.66562583333332,16.874619666666668,True,1
1788778121.85,1788777636.0,78.665627,16.874612,True,1
1788778122.05,1788777636.2,78.66562833333334,16.874603999999998,True,1
1788778122.254,1788777636.4,78.66562966666667,16.874596166666667,True,1
1788778122.452,1788777636.6,78.66563083333334,16.87458816666667,True,1
1788778122.653,1788777636.8,78.66563216666667,16.87458033333333,True,1
1788778122.854,1788777637.0,78.66563333333333,16.8745725,True,1
1788778123.053,1788777637.2,78.6656345,16.874564833333334,True,1
1788778123.255,1788777637.4,78.66563566666667,16.874557,True,1
1788778123.452,1788777637.6,78.665637,16.874549000000002,True,1
1788778123.654,1788777637.8,78.66563816666667,16.874541333333333,True,1
1788778123.854,1788777638.0,78.66563933333333,16.8745335,True,1
1788778124.056,1788777638.2,78.66564066666666,16.874525666666667,True,1
1788778124.253,1788777638.4,78.66564183333334,16.87451766666667,True,1
1788778124.453,1788777638.6,78.66564316666667,16.87450983333333,True,1
1788778124.651,1788777638.8,78.66564433333333,16.874502333333332,True,1
1788778124.855,1788777639.0,78.66564566666666,16.874494333333335,True,1
1788778125.091,1788777639.2,78.66564683333333,16.8744865,True,1
1788778125.254,1788777639.4,78.66564816666667,16.874478500000002,True,1
1788778125.453,1788777639.6,78.66564933333333,16.87447033333333,True,1
1788778125.655,1788777639.8,78.6656505,16.8744625,True,1
1788778125.854,1788777640.0,78.66565166666666,16.87445466666667,True,1
1788778126.054,1788777640.2,78.665653,16.874446666666664,True,1
1788778126.255,1788777640.4,78.66565416666667,16.8744385,True,1
1788778126.452,1788777640.6,78.66565533333333,16.874430500000003,True,1
1788778126.655,1788777640.8,78.6656565,16.874422499999998,True,1
1788778126.854,1788777641.0,78.66565783333334,16.8744145,True,1
1788778127.053,1788777641.2,78.665659,16.87440666666667,True,1
1788778127.253,1788777641.4,78.66566033333334,16.87439883333333,True,1
1788778127.451,1788777641.6,78.6656615,16.874390833333333,True,1
1788778127.653,1788777641.8,78.66566266666668,16.874383,True,1
1788778127.856,1788777642.0,78.665664,16.874375333333333,True,1
1788778128.054,1788777642.2,78.66566516666667,16.874367666666668,True,1
1788778128.253,1788777642.4,78.66566633333333,16.874359833333333,True,1
1788778128.454,1788777642.6,78.66566766666666,16.874352166666664,True,1
1788778128.654,1788777642.8,78.66566883333333,16.874344333333333,True,1
1788778128.857,1788777643.0,78.66567,16.874336500000002,True,1
1788778129.056,1788777643.2,78.66567133333334,16.874329,True,1
1788778129.254,1788777643.4,78.6656725,16.874321166666668,True,1
1788778129.455,1788777643.6,78.66567366666666,16.874313500000003,True,1
1788778129.654,1788777643.8,78.665675,16.8743055,True,1
1788778129.856,1788777644.0,78.66567616666666,16.874297666666667,True,1
1788778130.054,1788777644.2,78.66567733333333,16.87429,True,1
1788778130.252,1788777644.4,78.66567866666666,16.874282166666667,True,1
1788778130.459,1788777644.6,78.66567983333333,16.874274333333336,True,1
1788778130.653,1788777644.8,78.66568116666667,16.874266499999997,True,1
1788778130.855,1788777645.0,78.66568233333334,16.874258833333332,True,1
1788778131.055,1788777645.2,78.66568366666667,16.874251,True,1
1788778131.252,1788777645.4,78.66568483333334,16.8742435,True,1
1788778131.453,1788777645.6,78.66568600000001,16.874236,True,1
1788778131.651,1788777645.8,78.66568733333334,16.874228333333335,True,1
1788778131.852,1788777646.0,78.6656885,16.8742205,True,1
1788778132.054,1788777646.2,78.66568983333333,16.874212666666665,True,1
1788778132.253,1788777646.4,78.665691,16.874205166666666,True,1
1788778132.452,1788777646.6,78.66569233333333,16.87419733333333,True,1
1788778132.653,1788777646.8,78.6656935,16.874189333333334,True,1
1788778132.853,1788777647.0,78.66569466666667,16.874181333333336,True,1
1788778133.056,1788777647.2,78.66569583333333,16.874173666666664,True,1
1788778133.253,1788777647.4,78.66569716666666,16.874165833333333,True,1
1788778133.454,1788777647.6,78.66569833333332,16.874158,True,1
1788778133.652,1788777647.8,78.6656995,16.87415,True,1
1788778133.853,1788777648.0,78.66570083333333,16.874142,True,1
1788778134.053,1788777648.2,78.665702,16.874134,True,1
1788778134.254,1788777648.4,78.66570316666666,16.874126,True,1
1788778134.454,1788777648.6,78.66570449999999,16.874118,True,1
1788778134.652,1788777648.8,78.66570566666665,16.87411033333333,True,1
1788778134.851,1788777649.0,78.66570683333333,16.874102333333333,True,1
1788778135.056,1788777649.2,78.665708,16.8740945,True,1
1788778135.253,1788777649.4,78.66570933333334,16.874086666666667,True,1
1788778135.453,1788777649.6,78.66571049999999,16.874078833333332,True,1
1788778135.651,1788777649.8,78.66571166666667,16.874071333333333,True,1
1788778135.853,1788777650.0,78.66571300000001,16.8740635,True,1
1788778136.054,1788777650.2,78.66571416666667,16.8740555,True,1
1788778136.254,1788777650.4,78.66571533333334,16.8740475,True,1
1788778136.453,1788777650.6,78.66571649999999,16.874039999999997,True,1
1788778136.654,1788777650.8,78.66571766666667,16.874032333333332,True,1
1788778136.854,1788777651.0,78.66571900000001,16.8740245,True,1
1788778137.056,1788777651.2,78.66572016666667,16.874016333333334,True,1
1788778137.252,1788777651.4,78.6657215,16.874008333333332,True,1
1788778137.452,1788777651.6,78.66572266666667,16.8740005,True,1
1788778137.652,1788777651.8,78.66572383333333,16.873992833333332,True,1
1788778137.854,1788777652.0,78.66572516666666,16.873984833333335,True,1
1788778138.055,1788777652.2,78.66572633333334,16.87397716666667,True,1
1788778138.253,1788777652.4,78.6657275,16.87396933333333,True,1
1788778138.451,1788777652.6,78.66572866666667,16.873961833333333,True,1
1788778138.654,1788777652.8,78.66573,16.873954333333334,True,1
1788778138.858,1788777653.0,78.66573116666667,16.873946666666665,True,1
1788778139.056,1788777653.2,78.6657325,16.873939,True,1
1788778139.254,1788777653.4,78.6657335,16.87393116666667,True,1
1788778139.453,1788777653.6,78.66573466666667,16.873922999999998,True,1
1788778139.653,1788777653.8,78.66573566666666,16.873915,True,1
1788778139.854,1788777654.0,78.66573666666666,16.873907,True,1
1788778140.054,1788777654.2,78.66573766666667,16.873898666666665,True,1
1788778140.253,1788777654.4,78.66573866666666,16.8738905,True,1
1788778140.453,1788777654.6,78.6657395,16.873882166666665,True,1
1788778140.653,1788777654.8,78.66574033333333,16.873874,True,1
1788778140.852,1788777655.0,78.665741,16.873865666666667,True,1
1788778141.067,1788777655.2,78.66574166666666,16.873857166666667,True,1
1788778141.25,1788777655.4,78.66574233333334,16.873848333333335,True,1
1788778141.452,1788777655.6,78.66574283333333,16.873839333333333,True,1
1788778141.653,1788777655.8,78.66574333333332,16.873830166666668,True,1
1788778141.853,1788777656.0,78.66574366666667,16.87382116666667,True,1
1788778142.052,1788777656.2,78.66574416666667,16.87381183333333,True,1
1788778142.252,1788777656.4,78.66574466666665,16.873802666666666,True,1
1788778142.451,1788777656.6,78.665745,16.87379333333333,True,1
1788778142.65,1788777656.8,78.66574533333333,16.873784,True,1
1788778142.853,1788777657.0,78.66574566666667,16.873774500000003,True,1
1788778143.051,1788777657.2,78.66574583333333,16.87376533333333,True,1
1788778143.253,1788777657.4,78.66574616666666,16.873756,True,1
1788778143.452,1788777657.6,78.66574633333333,16.873746666666666,True,1
1788778143.652,1788777657.8,78.66574633333333,16.873737333333334,True,1
1788778143.853,1788777658.0,78.66574633333333,16.873727666666664,True,1
1788778144.052,1788777658.2,78.6657465,16.8737185,True,1
1788778144.254,1788777658.4,78.6657465,16.873709,True,1
1788778144.451,1788777658.6,78.66574666666666,16.873699666666667,True,1
1788778144.652,1788777658.8,78.66574666666666,16.873690500000002,True,1
1788778144.855,1788777659.0,78.66574683333333,16.873680999999998,True,1
1788778145.053,1788777659.2,78.66574683333333,16.873671166666668,True,1
1788778145.257,1788777659.4,78.66574683333333,16.873661833333333,True,1
1788778145.456,1788777659.6,78.66574683333333,16.8736525,True,1
1788778145.652,1788777659.8,78.66574683333333,16.873642833333335,True,1
1788778145.852,1788777660.0,78.66574666666666,16.873633166666664,True,1
1788778146.059,1788777660.2,78.66574666666666,16.8736235,True,1
1788778146.253,1788777660.4,78.66574633333333,16.873614166666666,True,1
1788778146.456,1788777660.6,78.66574616666666,16.87360483333333,True,1
1788778146.656,1788777660.8,78.66574566666667,16.873595666666667,True,1
1788778146.853,1788777661.0,78.66574533333333,16.873586333333332,True,1
1788778147.056,1788777661.2,78.66574466666665,16.873577666666666,True,1
1788778147.256,1788777661.4,78.66574399999999,16.873569,True,1
1788778147.455,1788777661.6,78.66574316666667,16.873560333333334,True,1
1788778147.654,1788777661.8,78.66574233333334,16.873552,True,1
1788778147.856,1788777662.0,78.66574133333333,16.8735435,True,1
1788778148.053,1788777662.2,78.66574066666666,16.873535166666667,True,1
1788778148.256,1788777662.4,78.66573983333333,16.873526833333337,True,1
1788778148.454,1788777662.6,78.66573916666667,16.8735185,True,1
1788778148.654,1788777662.8,78.66573833333334,16.873510333333336,True,1
1788778148.853,1788777663.0,78.66573749999999,16.873502,True,1
1788778149.053,1788777663.2,78.66573666666666,16.873493666666665,True,1
1788778149.252,1788777663.4,78.66573583333334,16.87348516666667,True,1
1788778149.453,1788777663.6,78.665735,16.873476166666666,True,1
1788778149.65,1788777663.8,78.66573433333333,16.873466833333335,True,1
1788778149.854,1788777664.0,78.66573366666667,16.873457499999997,True,1
1788778150.054,1788777664.2,78.665733,16.873448666666665,True,1
1788778150.254,1788777664.4,78.66573216666667,16.873439666666666,True,1
1788778150.453,1788777664.6,78.66573149999999,16.873430499999998,True,1
1788778150.652,1788777664.8,78.66573066666666,16.873421166666667,True,1
1788778150.855,1788777665.0,78.66573,16.873411833333332,True,1
1788778151.054,1788777665.2,78.66572933333333,16.873402333333335,True,1
1788778151.253,1788777665.4,78.66572849999999,16.873393833333335,True,1
1788778151.452,1788777665.6,78.66572766666667,16.873385166666665,True,1
1788778151.654,1788777665.8,78.66572683333334,16.8733765,True,1
1788778151.853,1788777666.0,78.66572599999999,16.873367833333337,True,1
1788778152.054,1788777666.2,78.66572516666666,16.873359333333333,True,1
1788778152.249,1788777666.4,78.66572433333334,16.873350833333333,True,1
1788778152.451,1788777666.6,78.66572333333333,16.873342666666666,True,1
1788778152.652,1788777666.8,78.66572249999999,16.873334166666666,True,1
1788778152.853,1788777667.0,78.66572166666667,16.873325833333336,True,1
1788778153.054,1788777667.2,78.66572066666666,16.8733175,True,1
1788778153.253,1788777667.4,78.66571966666667,16.873309,True,1
1788778153.452,1788777667.6,78.66571883333333,16.873300833333335,True,1
1788778153.652,1788777667.8,78.66571783333333,16.873292666666668,True,1
1788778153.851,1788777668.0,78.66571683333333,16.8732845,True,1
1788778154.052,1788777668.2,78.66571583333332,16.873276333333333,True,1
1788778154.252,1788777668.4,78.66571483333334,16.873268333333332,True,1
1788778154.452,1788777668.6,78.66571383333333,16.8732605,True,1
1788778154.652,1788777668.8,78.66571283333333,16.873252666666666,True,1
1788778154.853,1788777669.0,78.66571183333333,16.873244666666668,True,1
1788778155.05,1788777669.2,78.66571066666667,16.873236833333333,True,1
1788778155.253,1788777669.4,78.66570966666667,16.873229166666665,True,1
1788778155.456,1788777669.6,78.6657085,16.8732215,True,1
1788778155.652,1788777669.8,78.66570733333333,16.873214,True,1
1788778155.853,1788777670.0,78.66570633333335,16.8732065,True,1
1788778156.054,1788777670.2,78.66570516666667,16.873198833333333,True,1
1788778156.257,1788777670.4,78.665704,16.8731915,True,1
1788778156.452,1788777670.6,78.66570283333334,16.873184166666665,True,1
1788778156.652,1788777670.8,78.66570166666666,16.873176666666666,True,1
1788778156.853,1788777671.0,78.6657005,16.873169166666667,True,1
1788778157.054,1788777671.2,78.6656995,16.873161666666665,True,1
1788778157.252,1788777671.4,78.66569816666667,16.873154333333332,True,1
1788778157.453,1788777671.6,78.665697,16.8731465,True,1
1788778157.653,1788777671.8,78.66569583333333,16.8731385,True,1
1788778157.853,1788777672.0,78.66569466666667,16.8731305,True,1
1788778158.055,1788777672.2,78.66569333333334,16.873122833333333,True,1
1788778158.253,1788777672.4,78.665692,16.873115166666665,True,1
1788778158.454,1788777672.6,78.66569083333334,16.873107,True,1
1788778158.653,1788777672.8,78.66568966666667,16.873098833333334,True,1
1788778158.854,1788777673.0,78.66568833333334,16.873090833333332,True,1
1788778159.056,1788777673.2,78.66568699999999,16.873082833333335,True,1
1788778159.252,1788777673.4,78.66568583333333,16.873074666666664,True,1
1788778159.454,1788777673.6,78.6656845,16.873066666666666,True,1
1788778159.653,1788777673.8,78.66568333333333,16.873058833333335,True,1
1788778159.854,1788777674.0,78.665682,16.873051166666666,True,1
1788778160.053,1788777674.2,78.66568066666667,16.873043166666665,True,1
1788778160.254,1788777674.4,78.6656795,16.873035,True,1
1788778160.457,1788777674.6,78.66567816666667,16.873027,True,1
1788778160.65,1788777674.8,78.665677,16.873019,True,1
1788778160.856,1788777675.0,78.66567566666666,16.873011333333334,True,1
1788778161.054,1788777675.2,78.66567433333333,16.8730035,True,1
1788778161.254,1788777675.4,78.66567316666666,16.872995833333334,True,1
1788778161.455,1788777675.6,78.66567183333333,16.872988000000003,True,1
1788778161.652,1788777675.8,78.66567066666667,16.8729805,True,1
1788778161.855,1788777676.0,78.66566933333334,16.872972833333332,True,1
1788778162.054,1788777676.2,78.66566800000001,16.872965166666667,True,1
1788778162.251,1788777676.4,78.66566666666667,16.872957666666665,True,1
1788778162.452,1788777676.6,78.66566549999999,16.872949833333333,True,1
1788778162.652,1788777676.8,78.66566416666666,16.872942000000002,True,1
1788778162.852,1788777677.0,78.66566283333333,16.872934333333333,True,1
1788778163.052,1788777677.2,78.66566166666667,16.872926500000002,True,1
1788778163.251,1788777677.4,78.66566033333334,16.872918833333333,True,1
1788778163.45,1788777677.6,78.665659,16.872911166666665,True,1
1788778163.653,1788777677.8,78.66565766666666,16.872903333333333,True,1
1788778163.853,1788777678.0,78.66565633333333,16.872895833333335,True,1
1788778164.058,1788777678.2,78.66565516666667,16.872888,True,1
1788778164.252,1788777678.4,78.66565383333334,16.872880666666667,True,1
1788778164.452,1788777678.6,78.66565250000001,16.87287316666667,True,1
1788778164.653,1788777678.8,78.66565116666668,16.872865333333333,True,1
1788778164.853,1788777679.0,78.66564983333333,16.87285766666667,True,1
1788778165.052,1788777679.2,78.6656485,16.872850000000003,True,1
1788778165.252,1788777679.4,78.66564716666667,16.8728425,True,1
1788778165.452,1788777679.6,78.66564583333334,16.872834666666666,True,1
1788778165.655,1788777679.8,78.6656445,16.872827166666664,True,1
1788778165.854,1788777680.0,78.66564316666667,16.8728195,True,1
1788778166.05,1788777680.2,78.66564199999999,16.872811833333333,True,1
1788778166.252,1788777680.4,78.66564066666666,16.872804166666665,True,1
1788778166.455,1788777680.6,78.66563933333333,16.872796666666666,True,1
1788778166.654,1788777680.8,78.665638,16.872789333333333,True,1
1788778166.854,1788777681.0,78.66563666666666,16.872781999999997,True,1
1788778167.055,1788777681.2,78.66563533333333,16.872774333333332,True,1
1788778167.256,1788777681.4,78.66563416666666,16.8727665,True,1
1788778167.453,1788777681.6,78.66563283333333,16.872759166666665,True,1
1788778167.652,1788777681.8,78.6656315,16.872751833333332,True,1
1788778167.853,1788777682.0,78.66563016666667,16.8727445,True,1
1788778168.053,1788777682.2,78.66562883333333,16.87273683333333,True,1
1788778168.253,1788777682.4,78.66562766666667,16.872729,True,1
1788778168.453,1788777682.6,78.66562633333334,16.872721333333335,True,1
1788778168.653,1788777682.8,78.665625,16.872713666666666,True,1
1788778168.857,1788777683.0,78.66562366666668,16.872706,True,1
1788778169.053,1788777683.2,78.66562233333335,16.872698,True,1
1788778169.254,1788777683.4,78.66562116666667,16.87269,True,1
1788778169.453,1788777683.6,78.66561983333332,16.8726825,True,1
1788778169.654,1788777683.8,78.6656185,16.872674833333335,True,1
1788778169.855,1788777684.0,78.66561716666666,16.872666833333334,True,1
1788778170.053,1788777684.2,78.66561583333333,16.872659,True,1
1788778170.251,1788777684.4,78.66561466666667,16.872651166666667,True,1
1788778170.453,1788777684.6,78.66561333333334,16.872643666666665,True,1
1788778170.654,1788777684.8,78.665612,16.872635833333334,True,1
1788778170.852,1788777685.0,78.66561083333333,16.872628000000002,True,1
1788778171.054,1788777685.2,78.6656095,16.872619999999998,True,1
1788778171.251,1788777685.4,78.66560816666667,16.872612,True,1
1788778171.451,1788777685.6,78.665607,16.872604333333335,True,1
1788778171.65,1788777685.8,78.66560566666666,16.872596666666666,True,1
1788778171.854,1788777686.0,78.66560433333333,16.872588666666665,True,1
1788778172.053,1788777686.2,78.66560299999999,16.872580833333334,True,1
1788778172.252,1788777686.4,78.66560166666666,16.872572833333333,True,1
1788778172.45,1788777686.6,78.6656005,16.872565166666668,True,1
1788778172.652,1788777686.8,78.66559916666667,16.872557333333337,True,1
1788778172.855,1788777687.0,78.665598,16.872549666666664,True,1
1788778173.051,1788777687.2,78.66559666666667,16.872542,True,1
1788778173.252,1788777687.4,78.66559533333334,16.872534166666664,True,1
1788778173.451,1788777687.6,78.66559416666668,16.872526,True,1
1788778173.651,1788777687.8,78.66559283333332,16.872518333333336,True,1
1788778173.85,1788777688.0,78.66559166666666,16.872510666666667,True,1
1788778174.052,1788777688.2,78.66559033333333,16.872502833333332,True,1
1788778174.252,1788777688.4,78.665589,16.872495166666667,True,1
1788778174.451,1788777688.6,78.66558783333333,16.872487333333332,True,1
1788778174.653,1788777688.8,78.66558666666667,16.872479333333334,True,1
1788778174.853,1788777689.0,78.66558533333334,16.8724715,True,1
1788778175.054,1788777689.2,78.66558416666666,16.872463666666665,True,1
1788778175.252,1788777689.4,78.665583,16.872455833333333,True,1
1788778175.459,1788777689.6,78.66558166666667,16.872447833333336,True,1
1788778175.653,1788777689.8,78.6655805,16.872439666666665,True,1
1788778175.858,1788777690.0,78.66557933333334,16.8724315,True,1
1788778176.052,1788777690.2,78.66557800000001,16.872423833333336,True,1
1788778176.252,1788777690.4,78.66557683333333,16.872416166666667,True,1
1788778176.451,1788777690.6,78.6655755,16.872408,True,1
1788778176.653,1788777690.8,78.66557433333334,16.872399166666664,True,1
1788778176.853,1788777691.0,78.66557316666668,16.872391,True,1
1788778177.052,1788777691.2,78.66557200000001,16.8723835,True,1
1788778177.253,1788777691.4,78.66557066666665,16.87237533333333,True,1
1788778177.454,1788777691.6,78.6655695,16.872366833333334,True,1
1788778177.653,1788777691.8,78.66556833333334,16.8723585,True,1
1788778177.855,1788777692.0,78.66556716666668,16.872350333333333,True,1
1788778178.056,1788777692.2,78.665566,16.872342333333332,True,1
1788778178.255,1788777692.4,78.66556483333333,16.872334000000002,True,1
1788778178.453,1788777692.6,78.66556366666667,16.872325333333333,True,1
1788778178.653,1788777692.8,78.66556250000001,16.872317,True,1
1788778178.854,1788777693.0,78.66556133333333,16.872308999999998,True,1
1788778179.055,1788777693.2,78.66556016666667,16.872301,True,1
1788778179.253,1788777693.4,78.665559,16.872293,True,1
1788778179.454,1788777693.6,78.66555783333334,16.872284666666665,True,1
1788778179.654,1788777693.8,78.66555666666666,16.872276499999998,True,1
1788778179.854,1788777694.0,78.6655555,16.8722685,True,1
1788778180.053,1788777694.2,78.66555433333333,16.872260333333333,True,1
1788778180.254,1788777694.4,78.66555316666667,16.872252,True,1
1788778180.455,1788777694.6,78.66555199999999,16.87224366666667,True,1
1788778180.655,1788777694.8,78.66555083333333,16.8722355,True,1
1788778180.856,1788777695.0,78.66554966666666,16.8722275,True,1
1788778181.055,1788777695.2,78.66554850000001,16.872219500000003,True,1
1788778181.253,1788777695.4,78.66554716666666,16.872211333333333,True,1
1788778181.453,1788777695.6,78.66554599999999,16.872202833333333,True,1
1788778181.653,1788777695.8,78.66554483333333,16.872194999999998,True,1
1788778181.854,1788777696.0,78.66554366666666,16.872187166666667,True,1
1788778182.053,1788777696.2,78.66554233333333,16.872179333333335,True,1
1788778182.254,1788777696.4,78.66554116666666,16.872171166666664,True,1
1788778182.452,1788777696.6,78.66554,16.872163333333333,True,1
1788778182.65,1788777696.8,78.66553866666666,16.8721555,True,1
1788778182.854,1788777697.0,78.6655375,16.872147666666667,True,1
1788778183.053,1788777697.2,78.66553633333334,16.8721395,True,1
1788778183.253,1788777697.4,78.66553516666666,16.872131500000002,True,1
1788778183.453,1788777697.6,78.665534,16.8721235,True,1
1788778183.653,1788777697.8,78.66553266666666,16.872115666666666,True,1
1788778183.854,1788777698.0,78.6655315,16.872107500000002,True,1
1788778184.051,1788777698.2,78.66553033333334,16.872099166666665,True,1
1788778184.253,1788777698.4,78.665529,16.872091166666667,True,1
1788778184.451,1788777698.6,78.66552783333333,16.872083166666666,True,1
1788778184.653,1788777698.8,78.66552666666666,16.87207533333333,True,1
1788778184.852,1788777699.0,78.66552533333333,16.872067166666668,True,1
1788778185.054,1788777699.2,78.66552416666667,16.872059166666666,True,1
1788778185.265,1788777699.4,78.66552283333334,16.87205133333333,True,1
1788778185.451,1788777699.6,78.66552166666666,16.8720435,True,1
1788778185.653,1788777699.8,78.6655205,16.872035333333333,True,1
1788778185.851,1788777700.0,78.66551916666667,16.8720275,True,1
1788778186.057,1788777700.2,78.665518,16.872019166666668,True,1
1788778186.253,1788777700.4,78.66551683333334,16.872011166666667,True,1
1788778186.452,1788777700.6,78.66551566666666,16.872003166666666,True,1
1788778186.651,1788777700.8,78.6655145,16.871995166666668,True,1
1788778186.85,1788777701.0,78.66551316666667,16.871987166666667,True,1
1788778187.052,1788777701.2,78.665512,16.871979,True,1
1788778187.253,1788777701.4,78.66551083333334,16.871971166666665,True,1
1788778187.453,1788777701.6,78.66550966666667,16.871963166666667,True,1
1788778187.653,1788777701.8,78.66550833333334,16.871955166666666,True,1
1788778187.854,1788777702.0,78.66550716666667,16.871947166666665,True,1
1788778188.053,1788777702.2,78.66550600000001,16.871938833333335,True,1
1788778188.252,1788777702.4,78.66550483333334,16.871930666666668,True,1
1788778188.453,1788777702.6,78.66550366666667,16.871922333333334,True,1
1788778188.653,1788777702.8,78.66550233333334,16.871914333333333,True,1
1788778188.853,1788777703.0,78.66550116666667,16.871906333333335,True,1
1788778189.055,1788777703.2,78.66550000000001,16.871898333333334,True,1
1788778189.254,1788777703.4,78.66549866666666,16.871890166666667,True,1
1788778189.453,1788777703.6,78.6654975,16.87188216666667,True,1
1788778189.652,1788777703.8,78.66549633333334,16.871874166666665,True,1
1788778189.855,1788777704.0,78.66549516666667,16.871866166666667,True,1
1788778190.054,1788777704.2,78.66549400000001,16.871858,True,1
1788778190.254,1788777704.4,78.66549266666667,16.871849833333332,True,1
1788778190.46,1788777704.6,78.6654915,16.87184166666667,True,1
1788778190.654,1788777704.8,78.66549033333334,16.87183333333333,True,1
1788778190.853,1788777705.0,78.66548916666667,16.871825166666667,True,1
1788778191.064,1788777705.2,78.66548800000001,16.871817,True,1
1788778191.253,1788777705.4,78.66548683333333,16.871808833333333,True,1
1788778191.455,1788777705.6,78.6654855,16.871800666666665,True,1
1788778191.653,1788777705.8,78.66548433333334,16.871792666666668,True,1
1788778191.855,1788777706.0,78.66548316666668,16.8717845,True,1
1788778192.055,1788777706.2,78.66548200000001,16.871776333333333,True,1
1788778192.253,1788777706.4,78.66548066666665,16.871768499999998,True,1
1788778192.457,1788777706.6,78.6654795,16.871760666666667,True,1
1788778192.652,1788777706.8,78.66547833333334,16.871752666666666,True,1
1788778192.853,1788777707.0,78.66547716666668,16.8717445,True,1
1788778193.052,1788777707.2,78.66547583333333,16.8717365,True,1
1788778193.251,1788777707.4,78.66547466666665,16.8717285,True,1
1788778193.452,1788777707.6,78.6654735,16.8717205,True,1
1788778193.65,1788777707.8,78.66547233333334,16.871712666666667,True,1
1788778193.851,1788777708.0,78.665471,16.871704833333336,True,1
1788778194.054,1788777708.2,78.66546983333333,16.871696999999998,True,1
1788778194.251,1788777708.4,78.66546866666665,16.871689,True,1
1788778194.453,1788777708.6,78.6654675,16.871681333333335,True,1
1788778194.653,1788777708.8,78.66546633333334,16.871673166666667,True,1
1788778194.854,1788777709.0,78.665465,16.871665166666666,True,1
1788778195.052,1788777709.2,78.66546383333333,16.871657000000003,True,1
1788778195.251,1788777709.4,78.66546266666666,16.871648666666665,True,1
1788778195.45,1788777709.6,78.6654615,16.8716405,True,1
1788778195.652,1788777709.8,78.66546016666666,16.871632499999997,True,1
1788778195.853,1788777710.0,78.665459,16.871624333333333,True,1
1788778196.055,1788777710.2,78.66545783333332,16.871616,True,1
1788778196.251,1788777710.4,78.66545666666666,16.871608166666665,True,1
1788778196.449,1788777710.6,78.66545550000001,16.871599833333335,True,1
1788778196.653,1788777710.8,78.66545433333334,16.871591833333333,True,1
1788778196.853,1788777711.0,78.665453,16.871583666666666,True,1
1788778197.053,1788777711.2,78.66545183333332,16.87157566666667,True,1
1788778197.253,1788777711.4,78.66545066666666,16.871567333333335,True,1
1788778197.455,1788777711.6,78.66544950000001,16.871559333333334,True,1
1788778197.653,1788777711.8,78.66544816666666,16.871551333333333,True,1
1788778197.852,1788777712.0,78.665447,16.87154333333333,True,1
1788778198.054,1788777712.2,78.66544583333332,16.871535333333334,True,1
1788778198.252,1788777712.4,78.66544466666666,16.871527,True,1
1788778198.453,1788777712.6,78.66544350000001,16.871518666666667,True,1
1788778198.654,1788777712.8,78.66544233333335,16.8715105,True,1
1788778198.854,1788777713.0,78.66544116666667,16.871502333333336,True,1
1788778199.053,1788777713.2,78.66544,16.871494166666665,True,1
1788778199.251,1788777713.4,78.66543883333334,16.871486,True,1
1788778199.453,1788777713.6,78.66543766666668,16.871477666666667,True,1
1788778199.653,1788777713.8,78.6654365,16.8714695,True,1
1788778199.853,1788777714.0,78.66543533333333,16.871461166666666,True,1
1788778200.054,1788777714.2,78.665434,16.871452833333333,True,1
1788778200.254,1788777714.4,78.66543283333334,16.871444666666665,True,1
1788778200.454,1788777714.6,78.66543166666666,16.871436333333335,True,1
1788778200.651,1788777714.8,78.6654305,16.871428166666664,True,1
1788778200.854,1788777715.0,78.66542933333334,16.871420166666667,True,1
1788778201.052,1788777715.2,78.66542816666667,16.871412000000003,True,1
1788778201.254,1788777715.4,78.665427,16.871403833333332,True,1
1788778201.453,1788777715.6,78.66542583333333,16.87139566666667,True,1
1788778201.653,1788777715.8,78.66542466666667,16.871387666666667,True,1
1788778201.853,1788777716.0,78.6654235,16.871379833333332,True,1
1788778202.051,1788777716.2,78.66542233333332,16.87137166666667,True,1
1788778202.254,1788777716.4,78.66542116666666,16.87136333333333,True,1
1788778202.454,1788777716.6,78.66542,16.871355333333334,True,1
1788778202.654,1788777716.8,78.66541883333333,16.871347166666666,True,1
1788778202.856,1788777717.0,78.66541766666666,16.871338833333333,True,1
1788778203.054,1788777717.2,78.6654165,16.87133083333333,True,1
1788778203.25,1788777717.4,78.66541533333334,16.871323,True,1
1788778203.451,1788777717.6,78.66541416666668,16.871315,True,1
1788778203.652,1788777717.8,78.665413,16.871306833333332,True,1
1788778203.852,1788777718.0,78.66541183333334,16.871298666666668,True,1
1788778204.053,1788777718.2,78.66541066666667,16.871290666666667,True,1
1788778204.251,1788777718.4,78.66540933333334,16.8712825,True,1
1788778204.452,1788777718.6,78.66540816666667,16.871274333333336,True,1
1788778204.652,1788777718.8,78.665407,16.871265833333332,True,1
1788778204.851,1788777719.0,78.66540583333334,16.871257333333332,True,1
1788778205.054,1788777719.2,78.66540466666667,16.87124933333333,True,1
1788778205.253,1788777719.4,78.6654035,16.871241166666668,True,1
1788778205.458,1788777719.6,78.66540233333333,16.871233166666666,True,1
1788778205.654,1788777719.8,78.66540116666667,16.871224833333333,True,1
1788778205.853,1788777720.0,78.66540016666666,16.871216666666665,True,1
1788778206.056,1788777720.2,78.66539883333333,16.871208666666668,True,1
1788778206.252,1788777720.4,78.66539766666666,16.871200666666667,True,1
1788778206.457,1788777720.6,78.6653965,16.871192333333333,True,1
1788778206.653,1788777720.8,78.66539533333334,16.87118416666667,True,1
1788778206.852,1788777721.0,78.66539416666666,16.871175833333332,True,1
1788778207.053,1788777721.2,78.665393,16.871168,True,1
1788778207.251,1788777721.4,78.66539183333333,16.871159833333333,True,1
1788778207.449,1788777721.6,78.66539066666665,16.8711515,True,1
1788778207.651,1788777721.8,78.66538966666667,16.871143166666666,True,1
1788778207.855,1788777722.0,78.6653885,16.871135,True,1
1788778208.054,1788777722.2,78.66538716666668,16.871126833333335,True,1
1788778208.255,1788777722.4,78.665386,16.8711185,True,1
1788778208.454,1788777722.6,78.66538483333333,16.871109999999998,True,1
1788778208.655,1788777722.8,78.66538366666667,16.871101833333334,True,1
1788778208.853,1788777723.0,78.6653825,16.871093833333337,True,1
1788778209.054,1788777723.2,78.66538133333333,16.871085666666666,True,1
1788778209.252,1788777723.4,78.66538016666667,16.871077500000002,True,1
1788778209.454,1788777723.6,78.665379,16.871069499999997,True,1
1788778209.653,1788777723.8,78.66537783333334,16.871061666666666,True,1
1788778209.854,1788777724.0,78.66537650000001,16.87105366666667,True,1
1788778210.053,1788777724.2,78.6653755,16.871045499999997,True,1
1788778210.252,1788777724.4,78.66537433333333,16.871037333333334,True,1
1788778210.452,1788777724.6,78.665373,16.871029333333336,True,1
1788778210.653,1788777724.8,78.66537183333334,16.87102133333333,True,1
1788778210.854,1788777725.0,78.66537066666666,16.871013333333334,True,1
1788778211.055,1788777725.2,78.6653695,16.871005166666666,True,1
1788778211.255,1788777725.4,78.66536833333333,16.87099733333333,True,1
1788778211.454,1788777725.6,78.66536716666666,16.870989333333334,True,1
1788778211.655,1788777725.8,78.66536599999999,16.870981166666663,True,1
1788778211.853,1788777726.0,78.66536483333333,16.870973,True,1
1788778212.053,1788777726.2,78.66536366666666,16.870964833333336,True,1
1788778212.253,1788777726.4,78.6653625,16.87095683333333,True,1
1788778212.453,1788777726.6,78.66536133333334,16.870948833333333,True,1
1788778212.652,1788777726.8,78.66536016666667,16.8709405,True,1
1788778212.851,1788777727.0,78.66535916666666,16.870932166666666,True,1
1788778213.05,1788777727.2,78.665358,16.870923833333332,True,1
1788778213.252,1788777727.4,78.66535683333333,16.870915500000002,True,1
1788778213.452,1788777727.6,78.66535566666667,16.87090733333333,True,1
1788778213.652,1788777727.8,78.66535449999999,16.870899333333334,True,1
1788778213.854,1788777728.0,78.66535333333333,16.87089116666667,True,1
1788778214.053,1788777728.2,78.66535216666666,16.870883,True,1
1788778214.252,1788777728.4,78.665351,16.870875166666668,True,1
1788778214.45,1788777728.6,78.66534983333332,16.870867166666667,True,1
1788778214.652,1788777728.8,78.6653485,16.870859166666666,True,1
1788778214.851,1788777729.0,78.66534733333333,16.870851333333334,True,1
1788778215.052,1788777729.2,78.66534616666667,16.870843166666667,True,1
1788778215.25,1788777729.4,78.66534516666667,16.870835166666666,True,1
1788778215.452,1788777729.6,78.66534383333332,16.870827333333335,True,1
1788778215.651,1788777729.8,78.66534266666666,16.870819333333333,True,1
1788778215.85,1788777730.0,78.66534150000001,16.870811166666666,True,1
1788778216.049,1788777730.2,78.66534033333333,16.870802833333336,True,1
1788778216.255,1788777730.4,78.66533916666667,16.8707945,True,1
1788778216.452,1788777730.6,78.665338,16.870786333333335,True,1
1788778216.653,1788777730.8,78.66533683333334,16.870778166666664,True,1
1788778216.853,1788777731.0,78.66533550000001,16.870770166666667,True,1
1788778217.054,1788777731.2,78.6653345,16.87076216666667,True,1
1788778217.252,1788777731.4,78.66533333333334,16.87075433333333,True,1
1788778217.457,1788777731.6,78.66533216666667,16.870746333333333,True,1
1788778217.652,1788777731.8,78.665331,16.87073816666667,True,1
1788778217.856,1788777732.0,78.66532983333333,16.87073033333333,True,1
1788778218.054,1788777732.2,78.66532883333333,16.870722333333333,True,1
1788778218.251,1788777732.4,78.66532766666666,16.870714333333336,True,1
1788778218.453,1788777732.6,78.6653265,16.870706166666665,True,1
1788778218.651,1788777732.8,78.66532533333334,16.870698166666667,True,1
1788778218.856,1788777733.0,78.665324,16.87069016666667,True,1
1788778219.054,1788777733.2,78.66532283333332,16.870682166666665,True,1
1788778219.253,1788777733.4,78.66532166666666,16.870674166666667,True,1
1788778219.454,1788777733.6,78.6653205,16.870666000000003,True,1
1788778219.654,1788777733.8,78.66531933333334,16.870658,True,1
1788778219.853,1788777734.0,78.66531816666667,16.870649833333335,True,1
1788778220.053,1788777734.2,78.665317,16.87064183333333,True,1
1788778220.253,1788777734.4,78.66531583333334,16.870633666666667,True,1
1788778220.458,1788777734.6,78.66531466666667,16.87062566666667,True,1
1788778220.653,1788777734.8,78.6653135,16.870617499999998,True,1
1788778220.853,1788777735.0,78.66531233333333,16.870609666666667,True,1
1788778221.053,1788777735.2,78.66531116666667,16.87060166666667,True,1
1788778221.251,1788777735.4,78.66530983333334,16.870593666666664,True,1
1788778221.452,1788777735.6,78.66530866666668,16.870585666666667,True,1
1788778221.654,1788777735.8,78.6653075,16.87057766666667,True,1
1788778221.855,1788777736.0,78.66530633333333,16.8705695,True,1
1788778222.054,1788777736.2,78.66530516666667,16.870561833333333,True,1
1788778222.253,1788777736.4,78.665304,16.870554000000002,True,1
1788778222.452,1788777736.6,78.66530283333333,16.870546,True,1
1788778222.65,1788777736.8,78.6653015,16.870538166666666,True,1
1788778222.853,1788777737.0,78.66530033333333,16.87053033333333,True,1
1788778223.052,1788777737.2,78.66529916666667,16.870522666666666,True,1
1788778223.252,1788777737.4,78.66529799999999,16.87051466666667,True,1
1788778223.451,1788777737.6,78.66529683333333,16.87050633333333,True,1
1788778223.653,1788777737.8,78.66529566666667,16.870498333333334,True,1
1788778223.852,1788777738.0,78.6652945,16.870490500000002,True,1
1788778224.051,1788777738.2,78.66529333333332,16.870482666666664,True,1
1788778224.254,1788777738.4,78.66529216666666,16.8704745,True,1
1788778224.453,1788777738.6,78.665291,16.870466333333333,True,1
1788778224.653,1788777738.8,78.66528983333333,16.87045883333333,True,1
1788778224.853,1788777739.0,78.66528866666665,16.870451166666665,True,1
1788778225.053,1788777739.2,78.66528733333332,16.870443166666668,True,1
1788778225.252,1788777739.4,78.66528616666666,16.870435166666667,True,1
1788778225.449,1788777739.6,78.665285,16.870427166666666,True,1
1788778225.65,1788777739.8,78.66528383333333,16.8704195,True,1
1788778225.851,1788777740.0,78.66528266666666,16.870411666666666,True,1
1788778226.05,1788777740.2,78.66528133333333,16.870403833333334,True,1
1788778226.256,1788777740.4,78.66528016666666,16.870395833333337,True,1
1788778226.451,1788777740.6,78.665279,16.870388,True,1
1788778226.652,1788777740.8,78.66527783333332,16.87038,True,1
1788778226.851,1788777741.0,78.66527666666666,16.870372166666666,True,1
1788778227.054,1788777741.2,78.66527533333333,16.870364166666665,True,1
1788778227.252,1788777741.4,78.66527416666666,16.870356,True,1
1788778227.451,1788777741.6,78.665273,16.870347666666664,True,1
1788778227.653,1788777741.8,78.66527183333332,16.870339666666666,True,1
1788778227.854,1788777742.0,78.66527066666666,16.870331833333335,True,1
1788778228.055,1788777742.2,78.66526950000001,16.870324,True,1
1788778228.252,1788777742.4,78.66526833333334,16.870316166666665,True,1
1788778228.451,1788777742.6,78.66526716666667,16.870308166666668,True,1
1788778228.651,1788777742.8,78.665266,16.870300166666667,True,1
1788778228.853,1788777743.0,78.66526483333334,16.870292333333335,True,1
1788778229.053,1788777743.2,78.66526366666668,16.8702845,True,1
1788778229.252,1788777743.4,78.6652625,16.8702765,True,1
1788778229.453,1788777743.6,78.66526133333333,16.870268666666668,True,1
1788778229.65,1788777743.8,78.66526016666667,16.870260833333337,True,1
1788778229.852,1788777744.0,78.665259,16.870252999999998,True,1
1788778230.052,1788777744.2,78.66525783333333,16.870245166666667,True,1
1788778230.253,1788777744.4,78.66525666666666,16.870237499999998,True,1
1788778230.453,1788777744.6,78.6652555,16.8702295,True,1
1788778230.654,1788777744.8,78.66525433333332,16.870221333333333,True,1
1788778230.852,1788777745.0,78.66525316666666,16.870213333333332,True,1
1788778231.052,1788777745.2,78.66525216666668,16.870205166666665,True,1
1788778231.254,1788777745.4,78.665251,16.870197166666667,True,1
1788778231.454,1788777745.6,78.66524983333333,16.870188833333334,True,1
1788778231.653,1788777745.8,78.66524866666667,16.870180666666666,True,1
1788778231.855,1788777746.0,78.6652475,16.87017266666667,True,1
1788778232.053,1788777746.2,78.66524633333333,16.870164666666668,True,1
1788778232.254,1788777746.4,78.66524516666666,16.8701565,True,1
1788778232.451,1788777746.6,78.66524416666667,16.87014816666667,True,1
1788778232.653,1788777746.8,78.66524299999999,16.87014,True,1
1788778232.855,1788777747.0,78.66524183333333,16.87013166666667,True,1
1788778233.052,1788777747.2,78.66524066666666,16.8701235,True,1
1788778233.252,1788777747.4,78.66523950000001,16.8701155,True,1
1788778233.453,1788777747.6,78.66523833333333,16.870107166666667,True,1
1788778233.652,1788777747.8,78.66523716666667,16.870099,True,1
1788778233.852,1788777748.0,78.66523600000001,16.870091,True,1
1788778234.052,1788777748.2,78.66523483333334,16.870083,True,1
1788778234.252,1788777748.4,78.66523366666667,16.870075,True,1
1788778234.458,1788777748.6,78.6652325,16.870066833333333,True,1
1788778234.653,1788777748.8,78.66523133333334,16.870058500000003,True,1
1788778234.853,1788777749.0,78.66523016666666,16.870050499999998,True,1
1788778235.051,1788777749.2,78.665229,16.870042666666667,True,1
1788778235.251,1788777749.4,78.66522783333333,16.870034666666665,True,1
1788778235.457,1788777749.6,78.66522666666667,16.870026499999998,True,1
1788778235.652,1788777749.8,78.66522549999999,16.870018333333334,True,1
1788778235.854,1788777750.0,78.66522433333333,16.870010166666667,True,1
1788778236.053,1788777750.2,78.66522316666666,16.870002166666666,True,1
1788778236.252,1788777750.4,78.665222,16.869994166666668,True,1
1788778236.453,1788777750.6,78.66522083333332,16.869985999999997,True,1
1788778236.658,1788777750.8,78.66521966666666,16.869977333333335,True,1
1788778236.856,1788777751.0,78.66521850000001,16.869969166666667,True,1
1788778237.052,1788777751.2,78.66521733333335,16.869961166666666,True,1
1788778237.252,1788777751.4,78.66521616666667,16.869953,True,1
1788778237.452,1788777751.6,78.665215,16.869944999999998,True,1
1788778237.651,1788777751.8,78.66521383333334,16.869937166666666,True,1
1788778237.851,1788777752.0,78.66521266666668,16.86992916666667,True,1
1788778238.058,1788777752.2,78.66521133333335,16.869920999999998,True,1
1788778238.254,1788777752.4,78.66521016666667,16.869913166666667,True,1
1788778238.456,1788777752.6,78.665209,16.869905000000003,True,1
1788778238.654,1788777752.8,78.66520783333334,16.869896833333332,True,1
1788778238.854,1788777753.0,78.66520650000001,16.869888666666668,True,1
1788778239.055,1788777753.2,78.66520533333333,16.8698805,True,1
1788778239.251,1788777753.4,78.66520416666667,16.8698725,True,1
1788778239.454,1788777753.6,78.66520283333332,16.86986466666667,True,1
1788778239.652,1788777753.8,78.66520166666666,16.869856833333333,True,1
1788778239.853,1788777754.0,78.66520050000001,16.8698485,True,1
1788778240.054,1788777754.2,78.66519916666667,16.869840500000002,True,1
1788778240.253,1788777754.4,78.66519799999999,16.869832166666665,True,1
1788778240.453,1788777754.6,78.66519683333333,16.869824166666668,True,1
1788778240.651,1788777754.8,78.66519566666666,16.869816,True,1
1788778240.854,1788777755.0,78.66519433333333,16.869807666666667,True,1
1788778241.052,1788777755.2,78.66519316666667,16.8697995,True,1
1788778241.254,1788777755.4,78.66519199999999,16.869791333333335,True,1
1788778241.452,1788777755.6,78.66519083333333,16.8697835,True,1
1788778241.654,1788777755.8,78.6651895,16.869775333333333,True,1
1788778241.853,1788777756.0,78.66518833333333,16.86976716666667,True,1
1788778242.051,1788777756.2,78.66518716666666,16.869759666666667,True,1
1788778242.252,1788777756.4,78.66518583333333,16.869752000000002,True,1
1788778242.452,1788777756.6,78.66518466666666,16.869744333333333,True,1
1788778242.654,1788777756.8,78.6651835,16.869736166666666,True,1
1788778242.852,1788777757.0,78.66518216666667,16.869728333333335,True,1
1788778243.054,1788777757.2,78.665181,16.86972066666667,True,1
1788778243.251,1788777757.4,78.66517983333333,16.869713,True,1
1788778243.45,1788777757.6,78.6651785,16.869705,True,1
1788778243.652,1788777757.8,78.66517733333333,16.869696833333332,True,1
1788778243.853,1788777758.0,78.66517616666667,16.86968883333333,True,1
1788778244.053,1788777758.2,78.665175,16.869681166666666,True,1
1788778244.253,1788777758.4,78.66517383333333,16.869673166666665,True,1
1788778244.452,1788777758.6,78.6651725,16.869665,True,1
1788778244.653,1788777758.8,78.66517133333333,16.869657,True,1
1788778244.85,1788777759.0,78.66517016666667,16.869648833333333,True,1
1788778245.052,1788777759.2,78.665169,16.869640666666665,True,1
1788778245.251,1788777759.4,78.66516766666668,16.869632666666668,True,1
1788778245.452,1788777759.6,78.6651665,16.869624666666667,True,1
1788778245.651,1788777759.8,78.66516533333333,16.8696165,True,1
1788778245.851,1788777760.0,78.66516416666667,16.869608500000002,True,1
1788778246.049,1788777760.2,78.66516299999999,16.8696005,True,1
1788778246.248,1788777760.4,78.66516183333333,16.869592333333333,True,1
1788778246.452,1788777760.6,78.66516066666667,16.8695845,True,1
1788778246.655,1788777760.8,78.6651595,16.869576333333335,True,1
1788778246.856,1788777761.0,78.66515833333332,16.869568166666667,True,1
1788778247.052,1788777761.2,78.66515716666666,16.869560166666666,True,1
1788778247.253,1788777761.4,78.665156,16.869552,True,1
1788778247.452,1788777761.6,78.66515483333333,16.869543833333335,True,1
1788778247.651,1788777761.8,78.66515366666665,16.869535499999998,True,1
1788778247.852,1788777762.0,78.66515266666667,16.869527333333334,True,1
1788778248.051,1788777762.2,78.66515150000001,16.869519333333336,True,1
1788778248.251,1788777762.4,78.66515033333333,16.86951133333333,True,1
1788778248.453,1788777762.6,78.66514916666667,16.869503166666668,True,1
1788778248.653,1788777762.8,78.665148,16.86949483333333,True,1
1788778248.85,1788777763.0,78.66514699999999,16.869486833333333,True,1
1788778249.053,1788777763.2,78.66514583333333,16.8694785,True,1
1788778249.254,1788777763.4,78.66514466666666,16.869470166666666,True,1
1788778249.453,1788777763.6,78.66514350000001,16.869461833333332,True,1
1788778249.653,1788777763.8,78.66514233333334,16.869453500000002,True,1
1788778249.855,1788777764.0,78.66514133333334,16.869445166666665,True,1
1788778250.056,1788777764.2,78.66514016666666,16.869436833333335,True,1
1788778250.253,1788777764.4,78.665139,16.869428666666668,True,1
1788778250.459,1788777764.6,78.66513783333333,16.869420333333334,True,1
1788778250.653,1788777764.8,78.66513683333332,16.869412166666667,True,1
1788778250.855,1788777765.0,78.66513566666666,16.869403666666663,True,1
1788778251.054,1788777765.2,78.66513450000001,16.8693955,True,1
1788778251.252,1788777765.4,78.66513333333334,16.869387333333336,True,1
1788778251.452,1788777765.6,78.66513233333333,16.869379,True,1
1788778251.651,1788777765.8,78.66513116666667,16.86937066666667,True,1
1788778251.855,1788777766.0,78.66513016666666,16.86936216666667,True,1
1788778252.056,1788777766.2,78.665129,16.869353999999998,True,1
1788778252.253,1788777766.4,78.66512783333333,16.869345833333334,True,1
1788778252.453,1788777766.6,78.66512666666667,16.86933766666667,True,1
1788778252.653,1788777766.8,78.6651255,16.869329333333333,True,1
1788778252.855,1788777767.0,78.6651245,16.869321,True,1
1788778253.052,1788777767.2,78.66512316666667,16.869313,True,1
1788778253.254,1788777767.4,78.66512200000001,16.869304666666668,True,1
1788778253.453,1788777767.6,78.66512083333333,16.8692965,True,1
1788778253.653,1788777767.8,78.66511966666667,16.869288333333333,True,1
1788778253.852,1788777768.0,78.6651185,16.869280166666666,True,1
1788778254.052,1788777768.2,78.66511733333333,16.869272333333335,True,1
1788778254.251,1788777768.4,78.66511616666666,16.869264166666667,True,1
1788778254.45,1788777768.6,78.665115,16.869256,True,1
1788778254.652,1788777768.8,78.66511399999999,16.869247833333336,True,1
1788778254.852,1788777769.0,78.66511283333332,16.869239666666665,True,1
1788778255.052,1788777769.2,78.66511166666666,16.8692315,True,1
1788778255.253,1788777769.4,78.66511050000001,16.869223166666664,True,1
1788778255.452,1788777769.6,78.66510933333333,16.869214666666668,True,1
1788778255.653,1788777769.8,78.66510833333334,16.869206833333333,True,1
1788778255.851,1788777770.0,78.66510716666667,16.869198833333332,True,1
1788778256.051,1788777770.2,78.665106,16.869190833333334,True,1
1788778256.251,1788777770.4,78.66510483333333,16.869182666666667,True,1
1788778256.452,1788777770.6,78.66510383333333,16.8691745,True,1
1788778256.653,1788777770.8,78.66510266666667,16.8691665,True,1
1788778256.857,1788777771.0,78.6651015,16.869158333333335,True,1
1788778257.055,1788777771.2,78.66510033333334,16.869149999999998,True,1
1788778257.248,1788777771.4,78.66509916666668,16.8691415,True,1
1788778257.451,1788777771.6,78.66509816666667,16.86913333333333,True,1
1788778257.654,1788777771.8,78.665097,16.869125,True,1
1788778257.852,1788777772.0,78.66509583333333,16.869116833333333,True,1
1788778258.059,1788777772.2,78.66509466666666,16.869108666666666,True,1
1788778258.253,1788777772.4,78.6650935,16.869100166666666,True,1
1788778258.452,1788777772.6,78.6650925,16.869092166666668,True,1
1788778258.653,1788777772.8,78.66509133333334,16.869084,True,1
1788778258.858,1788777773.0,78.66509016666667,16.869075833333333,True,1
1788778259.053,1788777773.2,78.66508900000001,16.869067833333336,True,1
1788778259.251,1788777773.4,78.66508783333333,16.869059666666665,True,1
1788778259.45,1788777773.6,78.66508666666667,16.8690515,True,1
1788778259.654,1788777773.8,78.6650855,16.86904333333333,True,1
1788778259.853,1788777774.0,78.66508433333334,16.869035333333333,True,1
1788778260.05,1788777774.2,78.66508316666666,16.86902716666667,True,1
1788778260.255,1788777774.4,78.665082,16.869018666666665,True,1
1788778260.454,1788777774.6,78.66508083333333,16.869010833333334,True,1
1788778260.655,1788777774.8,78.66507966666667,16.869003000000003,True,1
1788778260.854,1788777775.0,78.66507849999999,16.868994999999998,True,1
1788778261.054,1788777775.2,78.66507733333333,16.868986833333334,True,1
1788778261.254,1788777775.4,78.66507616666667,16.868978833333333,True,1
1788778261.455,1788777775.6,78.66507483333334,16.868970833333332,True,1
1788778261.65,1788777775.8,78.66507366666666,16.86896266666667,True,1
1788778261.85,1788777776.0,78.6650725,16.868954666666664,True,1
1788778262.051,1788777776.2,78.66507133333333,16.8689465,True,1
1788778262.25,1788777776.4,78.66507016666667,16.86893866666667,True,1
1788778262.452,1788777776.6,78.66506899999999,16.868930666666664,True,1
1788778262.648,1788777776.8,78.66506783333332,16.868922666666666,True,1
1788778262.855,1788777777.0,78.66506683333334,16.868914833333335,True,1
1788778263.054,1788777777.2,78.66506566666666,16.86890683333333,True,1
1788778263.251,1788777777.4,78.6650645,16.868899,True,1
1788778263.451,1788777777.6,78.66506333333334,16.868891,True,1
1788778263.65,1788777777.8,78.66506216666667,16.86888283333333,True,1
1788778263.864,1788777778.0,78.665061,16.868874833333333,True,1
1788778264.051,1788777778.2,78.66505983333333,16.868866833333335,True,1
1788778264.252,1788777778.4,78.66505866666667,16.868858833333334,True,1
1788778264.451,1788777778.6,78.6650575,16.868851,True,1
1788778264.653,1788777778.8,78.66505633333333,16.868842833333336,True,1
1788778264.852,1788777779.0,78.66505516666666,16.868834833333334,True,1
1788778265.053,1788777779.2,78.665054,16.868826833333333,True,1
1788778265.253,1788777779.4,78.66505283333332,16.868819,True,1
1788778265.455,1788777779.6,78.66505166666667,16.868811,True,1
1788778265.651,1788777779.8,78.6650505,16.868802833333334,True,1
1788778265.852,1788777780.0,78.66504933333334,16.8687945,True,1
1788778266.058,1788777780.2,78.66504816666666,16.868786833333335,True,1
1788778266.254,1788777780.4,78.66504683333332,16.868778666666667,True,1
1788778266.453,1788777780.6,78.66504566666667,16.868770333333334,True,1
1788778266.655,1788777780.8,78.66504450000001,16.868761833333334,True,1
1788778266.855,1788777781.0,78.66504333333334,16.868753833333336,True,1
1788778267.06,1788777781.2,78.66504216666667,16.86874583333333,True,1
1788778267.25,1788777781.4,78.665041,16.868737833333334,True,1
1788778267.452,1788777781.6,78.66503983333334,16.868729499999997,True,1
1788778267.653,1788777781.8,78.66503866666667,16.868721666666666,True,1
1788778267.855,1788777782.0,78.6650375,16.868713833333334,True,1
1788778268.053,1788777782.2,78.6650365,16.868705666666663,True,1
1788778268.251,1788777782.4,78.66503533333334,16.868697333333333,True,1
1788778268.453,1788777782.6,78.66503416666666,16.868689333333336,True,1
1788778268.653,1788777782.8,78.665033,16.86868133333333,True,1
1788778268.854,1788777783.0,78.66503183333333,16.868673166666667,True,1
1788778269.055,1788777783.2,78.6650305,16.868665,True,1
1788778269.253,1788777783.4,78.6650295,16.8686565,True,1
1788778269.452,1788777783.6,78.66502816666666,16.8686485,True,1
1788778269.652,1788777783.8,78.665027,16.8686405,True,1
1788778269.855,1788777784.0,78.66502583333333,16.868632333333334,True,1
1788778270.051,1788777784.2,78.66502466666667,16.868624333333333,True,1
1788778270.252,1788777784.4,78.6650235,16.868616666666664,True,1
1788778270.452,1788777784.6,78.66502233333334,16.868608666666667,True,1
1788778270.654,1788777784.8,78.66502116666668,16.868601,True,1
1788778270.854,1788777785.0,78.66502,16.868592999999997,True,1
1788778271.052,1788777785.2,78.66501883333333,16.868585166666666,True,1
1788778271.252,1788777785.4,78.66501766666667,16.868577333333334,True,1
1788778271.453,1788777785.6,78.66501650000001,16.8685695,True,1
1788778271.653,1788777785.8,78.66501533333333,16.8685615,True,1
1788778271.86,1788777786.0,78.665014,16.8685535,True,1
1788778272.055,1788777786.2,78.66501283333334,16.868545333333334,True,1
1788778272.255,1788777786.4,78.66501166666667,16.868537,True,1
1788778272.452,1788777786.6,78.66501050000001,16.868528833333336,True,1
1788778272.652,1788777786.8,78.66500933333333,16.86852083333333,True,1
1788778272.853,1788777787.0,78.66500816666667,16.868513,True,1
1788778273.052,1788777787.2,78.665007,16.868504833333336,True,1
1788778273.251,1788777787.4,78.66500583333332,16.8684965,True,1
1788778273.45,1788777787.6,78.66500466666666,16.8684885,True,1
1788778273.65,1788777787.8,78.6650035,16.868480666666667,True,1
1788778273.851,1788777788.0,78.66500233333333,16.8684725,True,1
1788778274.052,1788777788.2,78.66500116666666,16.868464333333336,True,1
1788778274.252,1788777788.4,78.66499999999999,16.868456166666665,True,1
1788778274.452,1788777788.6,78.66499883333333,16.868448,True,1
1788778274.652,1788777788.8,78.66499766666668,16.868439833333333,True,1
1788778274.853,1788777789.0,78.6649965,16.8684315,True,1
1788778275.052,1788777789.2,78.66499533333334,16.8684235,True,1
1788778275.25,1788777789.4,78.66499416666667,16.868415666666667,True,1
1788778275.451,1788777789.6,78.66499300000001,16.868407666666666,True,1
1788778275.651,1788777789.8,78.66499183333333,16.86839966666667,True,1
1788778275.851,1788777790.0,78.66499066666667,16.868391499999998,True,1
1788778276.052,1788777790.2,78.6649895,16.868383166666668,True,1
1788778276.251,1788777790.4,78.66498833333334,16.868375166666667,True,1
1788778276.45,1788777790.6,78.66498716666666,16.86836733333333,True,1
1788778276.65,1788777790.8,78.664986,16.868359166666668,True,1
1788778276.853,1788777791.0,78.66498483333334,16.868351166666667,True,1
1788778277.06,1788777791.2,78.66498366666666,16.868343333333332,True,1
1788778277.253,1788777791.4,78.66498233333333,16.8683355,True,1
1788778277.452,1788777791.6,78.66498116666666,16.868327500000003,True,1
1788778277.651,1788777791.8,78.66498,16.868319333333332,True,1
1788778277.853,1788777792.0,78.66497883333334,16.8683115,True,1
1788778278.052,1788777792.2,78.66497766666666,16.868303500000003,True,1
1788778278.253,1788777792.4,78.66497633333333,16.8682955,True,1
1788778278.454,1788777792.6,78.66497516666666,16.8682875,True,1
1788778278.665,1788777792.8,78.664974,16.868279500000003,True,1
1788778278.853,1788777793.0,78.66497283333334,16.8682715,True,1
1788778279.052,1788777793.2,78.66497166666666,16.868263666666667,True,1
1788778279.251,1788777793.4,78.6649705,16.868255833333333,True,1
1788778279.453,1788777793.6,78.66496916666667,16.868247666666665,True,1
1788778279.655,1788777793.8,78.664968,16.868239666666668,True,1
1788778279.856,1788777794.0,78.66496683333334,16.8682315,True,1
1788778280.054,1788777794.2,78.66496566666666,16.868223333333333,True,1
1788778280.253,1788777794.4,78.6649645,16.868215333333335,True,1
1788778280.459,1788777794.6,78.66496333333333,16.86820733333333,True,1
1788778280.652,1788777794.8,78.664962,16.868199166666667,True,1
1788778280.854,1788777795.0,78.66496083333332,16.868191000000003,True,1
1788778281.053,1788777795.2,78.66495966666666,16.868182833333332,True,1
1788778281.252,1788777795.4,78.6649585,16.86817466666667,True,1
1788778281.452,1788777795.6,78.66495716666667,16.86816633333333,True,1
1788778281.652,1788777795.8,78.664956,16.868158166666667,True,1
1788778281.853,1788777796.0,78.66495483333333,16.868150166666666,True,1
1788778282.052,1788777796.2,78.66495366666666,16.868142166666665,True,1
1788778282.253,1788777796.4,78.66495233333333,16.86813383333333,True,1
1788778282.451,1788777796.6,78.66495116666667,16.8681255,True,1
1788778282.651,1788777796.8,78.66495,16.868117166666664,True,1
1788778282.854,1788777797.0,78.66494883333333,16.868109,True,1
1788778283.054,1788777797.2,78.6649475,16.868101000000003,True,1
1788778283.254,1788777797.4,78.66494633333333,16.868093,True,1
1788778283.451,1788777797.6,78.66494516666667,16.868084833333334,True,1
1788778283.652,1788777797.8,78.664944,16.868076666666663,True,1
1788778283.851,1788777798.0,78.66494283333333,16.868069,True,1
1788778284.051,1788777798.2,78.6649415,16.868061,True,1
1788778284.25,1788777798.4,78.66494033333333,16.868053,True,1
1788778284.45,1788777798.6,78.66493916666667,16.868044833333332,True,1
1788778284.651,1788777798.8,78.66493799999999,16.868037166666667,True,1
1788778284.849,1788777799.0,78.66493666666666,16.868029166666666,True,1
1788778285.051,1788777799.2,78.6649355,16.868021166666665,True,1
1788778285.253,1788777799.4,78.66493433333333,16.868012333333336,True,1
1788778285.452,1788777799.6,78.66493333333332,16.868003166666664,True,1
1788778285.653,1788777799.8,78.664932,16.867995666666665,True,1
1788778285.853,1788777800.0,78.66493083333333,16.867987666666668,True,1
1788778286.052,1788777800.2,78.6649295,16.867979666666667,True,1
1788778286.251,1788777800.4,78.66492833333334,16.867971166666667,True,1
1788778286.452,1788777800.6,78.66492716666667,16.867963,True,1
1788778286.654,1788777800.8,78.664926,16.867955333333335,True,1
1788778286.853,1788777801.0,78.66492466666666,16.867947333333333,True,1
1788778287.056,1788777801.2,78.6649235,16.867939,True,1
1788778287.251,1788777801.4,78.66492233333334,16.867930833333332,True,1
1788778287.449,1788777801.6,78.66492116666667,16.867922833333335,True,1
1788778287.649,1788777801.8,78.66492,16.867915,True,1
1788778287.853,1788777802.0,78.66491866666667,16.867907,True,1
1788778288.055,1788777802.2,78.6649175,16.867898833333335,True,1
1788778288.258,1788777802.4,78.66491633333334,16.867890666666664,True,1
1788778288.453,1788777802.6,78.66491500000001,16.867883,True,1
1788778288.653,1788777802.8,78.66491383333333,16.867875,True,1
1788778288.854,1788777803.0,78.66491266666667,16.867866833333334,True,1
1788778289.053,1788777803.2,78.6649115,16.8678585,True,1
1788778289.252,1788777803.4,78.66491016666667,16.867850666666666,True,1
1788778289.452,1788777803.6,78.66490900000001,16.867843,True,1
1788778289.66,1788777803.8,78.66490783333333,16.86783516666667,True,1
1788778289.853,1788777804.0,78.6649065,16.867827,True,1
1788778290.052,1788777804.2,78.66490533333334,16.867819,True,1
1788778290.252,1788777804.4,78.66490416666667,16.867811,True,1
1788778290.452,1788777804.6,78.66490283333333,16.867803166666665,True,1
1788778290.653,1788777804.8,78.66490166666668,16.867795166666667,True,1
1788778290.855,1788777805.0,78.6649005,16.86778716666667,True,1
1788778291.052,1788777805.2,78.66489916666666,16.86777933333333,True,1
1788778291.253,1788777805.4,78.664898,16.8677715,True,1
1788778291.453,1788777805.6,78.66489683333333,16.86776366666667,True,1
1788778291.653,1788777805.8,78.66489566666668,16.867755666666667,True,1
1788778291.853,1788777806.0,78.6648945,16.867747666666666,True,1
1788778292.053,1788777806.2,78.66489316666666,16.86773966666667,True,1
1788778292.252,1788777806.4,78.664892,16.867731833333334,True,1
1788778292.453,1788777806.6,78.66489083333333,16.867723666666667,True,1
1788778292.65,1788777806.8,78.66488966666667,16.86771583333333,True,1
1788778292.852,1788777807.0,78.6648885,16.867708,True,1
1788778293.049,1788777807.2,78.66488716666666,16.867699833333333,True,1
1788778293.251,1788777807.4,78.664886,16.867691833333332,True,1
1788778293.453,1788777807.6,78.66488483333333,16.867683833333334,True,1
1788778293.65,1788777807.8,78.66488366666667,16.867675833333333,True,1
1788778293.853,1788777808.0,78.6648825,16.867667833333332,True,1
1788778294.053,1788777808.2,78.66488133333334,16.86765966666667,True,1
1788778294.252,1788777808.4,78.66488016666668,16.867651833333333,True,1
1788778294.45,1788777808.6,78.664879,16.867643833333332,True,1
1788778294.652,1788777808.8,78.66487783333334,16.867635833333335,True,1
1788778294.852,1788777809.0,78.66487666666667,16.867627833333334,True,1
1788778295.051,1788777809.2,78.66487550000001,16.867619833333332,True,1
1788778295.252,1788777809.4,78.66487433333333,16.867612,True,1
1788778295.457,1788777809.6,78.66487316666667,16.86760383333333,True,1
1788778295.651,1788777809.8,78.664872,16.867596,True,1
1788778295.851,1788777810.0,78.66487083333332,16.867588,True,1
1788778296.051,1788777810.2,78.66486966666666,16.867579999999997,True,1
1788778296.253,1788777810.4,78.6648685,16.867572166666665,True,1
1788778296.453,1788777810.6,78.66486733333333,16.867564,True,1
1788778296.652,1788777810.8,78.66486616666666,16.867556,True,1
1788778296.853,1788777811.0,78.66486499999999,16.867548166666666,True,1
1788778297.052,1788777811.2,78.66486383333333,16.867540333333334,True,1
1788778297.25,1788777811.4,78.66486266666668,16.867532166666667,True,1
1788778297.453,1788777811.6,78.6648615,16.867524166666666,True,1
1788778297.664,1788777811.8,78.66486033333334,16.867516166666668,True,1
1788778297.852,1788777812.0,78.66485916666667,16.867508,True,1
1788778298.052,1788777812.2,78.66485800000001,16.8675,True,1
1788778298.252,1788777812.4,78.66485683333333,16.867491833333336,True,1
1788778298.452,1788777812.6,78.66485566666667,16.86748383333333,True,1
1788778298.653,1788777812.8,78.6648545,16.867475833333334,True,1
1788778298.854,1788777813.0,78.66485333333334,16.867467833333333,True,1
1788778299.054,1788777813.2,78.66485216666666,16.86746,True,1
1788778299.253,1788777813.4,78.664851,16.867451833333334,True,1
1788778299.455,1788777813.6,78.66484983333334,16.86744333333333,True,1
1788778299.653,1788777813.8,78.66484866666666,16.867435166666667,True,1
1788778299.854,1788777814.0,78.6648475,16.86742716666667,True,1
1788778300.052,1788777814.2,78.66484633333333,16.867418833333332,True,1
1788778300.254,1788777814.4,78.66484516666667,16.867410666666668,True,1
1788778300.453,1788777814.6,78.66484416666667,16.867402333333334,True,1
1788778300.651,1788777814.8,78.664843,16.867394333333333,True,1
1788778300.853,1788777815.0,78.66484183333334,16.867386333333332,True,1
1788778301.052,1788777815.2,78.66484066666666,16.86737833333333,True,1
1788778301.25,1788777815.4,78.6648395,16.867370333333334,True,1
1788778301.45,1788777815.6,78.66483833333334,16.867362500000002,True,1
1788778301.652,1788777815.8,78.66483716666667,16.867354499999998,True,1
1788778301.854,1788777816.0,78.66483616666666,16.867346166666668,True,1
1788778302.055,1788777816.2,78.664835,16.867337833333334,True,1
1788778302.254,1788777816.4,78.66483383333333,16.867329666666667,True,1
1788778302.453,1788777816.6,78.66483266666667,16.8673215,True,1
1788778302.654,1788777816.8,78.6648315,16.867313333333335,True,1
1788778302.851,1788777817.0,78.66483033333334,16.867305333333334,True,1
1788778303.052,1788777817.2,78.66482916666668,16.867297166666667,True,1
1788778303.252,1788777817.4,78.664828,16.867288833333337,True,1
1788778303.451,1788777817.6,78.66482683333334,16.867280833333332,True,1
1788778303.652,1788777817.8,78.66482566666667,16.867272833333335,True,1
1788778303.851,1788777818.0,78.6648245,16.867264666666664,True,1
1788778304.049,1788777818.2,78.66482333333333,16.867256666666666,True,1
1788778304.25,1788777818.4,78.66482216666667,16.867248500000002,True,1
1788778304.449,1788777818.6,78.664821,16.867240499999998,True,1
1788778304.652,1788777818.8,78.66481983333333,16.8672325,True,1
1788778304.852,1788777819.0,78.66481866666666,16.867224166666666,True,1
1788778305.05,1788777819.2,78.6648175,16.867215833333333,True,1
1788778305.253,1788777819.4,78.66481633333333,16.8672075,True,1
1788778305.451,1788777819.6,78.66481516666666,16.867199833333334,True,1
1788778305.652,1788777819.8,78.66481399999999,16.867191833333333,True,1
1788778305.85,1788777820.0,78.66481283333333,16.867183666666666,True,1
1788778306.05,1788777820.2,78.66481166666668,16.8671755,True,1
1788778306.25,1788777820.4,78.66481066666667,16.867167666666667,True,1
1788778306.45,1788777820.6,78.6648095,16.867159833333336,True,1
1788778306.651,1788777820.8,78.66480833333334,16.867151999999997,True,1
1788778306.849,1788777821.0,78.66480716666666,16.8671435,True,1
1788778307.051,1788777821.2,78.664806,16.867135333333334,True,1
1788778307.25,1788777821.4,78.66480466666667,16.867127,True,1
1788778307.455,1788777821.6,78.6648035,16.867118833333333,True,1
1788778307.653,1788777821.8,78.66480233333333,16.867110833333335,True,1
1788778307.852,1788777822.0,78.66480116666666,16.867102499999998,True,1
1788778308.05,1788777822.2,78.6648,16.867094333333334,True,1
1788778308.25,1788777822.4,78.66479883333334,16.867085999999997,True,1
1788778308.454,1788777822.6,78.66479766666666,16.867078166666666,True,1
1788778308.651,1788777822.8,78.6647965,16.867070166666668,True,1
1788778308.849,1788777823.0,78.66479533333333,16.867062166666663,True,1
1788778309.051,1788777823.2,78.66479416666667,16.867053833333333,True,1
1788778309.253,1788777823.4,78.66479283333334,16.86704566666667,True,1
1788778309.451,1788777823.6,78.66479166666666,16.8670375,True,1
1788778309.651,1788777823.8,78.6647905,16.86702916666667,True,1
1788778309.853,1788777824.0,78.66478933333333,16.86702066666667,True,1
1788778310.053,1788777824.2,78.66478816666667,16.86701233333333,True,1
1788778310.253,1788777824.4,78.66478699999999,16.867004,True,1
1788778310.459,1788777824.6,78.664786,16.86699583333333,True,1
1788778310.652,1788777824.8,78.66478483333334,16.866987666666667,True,1
1788778310.854,1788777825.0,78.66478366666666,16.866979333333333,True,1
1788778311.051,1788777825.2,78.6647825,16.866971166666666,True,1
1788778311.251,1788777825.4,78.66478133333334,16.866963,True,1
1788778311.455,1788777825.6,78.66478016666666,16.866954833333335,True,1
1788778311.652,1788777825.8,78.664779,16.866946499999997,True,1
1788778311.853,1788777826.0,78.66477783333333,16.866938,True,1
1788778312.053,1788777826.2,78.66477666666667,16.866929666666667,True,1
1788778312.252,1788777826.4,78.66477549999999,16.866921333333334,True,1
1788778312.45,1788777826.6,78.66477433333333,16.866913,True,1
1788778312.653,1788777826.8,78.66477316666666,16.866904666666667,True,1
1788778312.852,1788777827.0,78.664772,16.8668965,True,1
1788778313.053,1788777827.2,78.66477083333332,16.866888333333335,True,1
1788778313.253,1788777827.4,78.66476966666667,16.86688,True,1
1788778313.453,1788777827.6,78.66476850000001,16.86687166666667,True,1
1788778313.653,1788777827.8,78.66476733333334,16.8668635,True,1
1788778313.853,1788777828.0,78.66476616666667,16.866855333333334,True,1
1788778314.053,1788777828.2,78.664765,16.866847166666666,True,1
1788778314.251,1788777828.4,78.66476366666667,16.866839000000002,True,1
1788778314.451,1788777828.6,78.66476250000001,16.86683083333333,True,1
1788778314.652,1788777828.8,78.66476133333335,16.8668225,True,1
1788778314.851,1788777829.0,78.66476016666667,16.866814166666664,True,1
1788778315.049,1788777829.2,78.664759,16.866806166666667,True,1
1788778315.249,1788777829.4,78.66475783333334,16.866797833333333,True,1
1788778315.451,1788777829.6,78.66475666666666,16.866789666666666,True,1
1788778315.651,1788777829.8,78.6647555,16.866781500000002,True,1
1788778315.852,1788777830.0,78.66475433333333,16.866773333333335,True,1
1788778316.05,1788777830.2,78.66475316666667,16.866765333333333,True,1
1788778316.252,1788777830.4,78.664752,16.866757166666666,True,1
1788778316.452,1788777830.6,78.66475083333333,16.86674916666667,True,1
1788778316.652,1788777830.8,78.66474966666667,16.866741333333334,True,1
1788778316.851,1788777831.0,78.6647485,16.866733500000002,True,1
1788778317.05,1788777831.2,78.66474733333332,16.866725499999998,True,1
1788778317.251,1788777831.4,78.664746,16.866717666666666,True,1
1788778317.451,1788777831.6,78.66474483333333,16.866709833333335,True,1
1788778317.653,1788777831.8,78.66474366666667,16.86670183333333,True,1
1788778317.851,1788777832.0,78.6647425,16.866694,True,1
1788778318.05,1788777832.2,78.66474133333332,16.866686166666668,True,1
1788778318.25,1788777832.4,78.66474,16.866678166666667,True,1
1788778318.451,1788777832.6,78.66473883333333,16.86667,True,1
1788778318.652,1788777832.8,78.66473766666667,16.866662,True,1
1788778318.853,1788777833.0,78.66473649999999,16.866654166666667,True,1
1788778319.052,1788777833.2,78.66473533333333,16.866646,True,1
1788778319.25,1788777833.4,78.66473416666666,16.866637833333336,True,1
1788778319.451,1788777833.6,78.664733,16.866629666666665,True,1
1788778319.65,1788777833.8,78.66473166666667,16.866621833333333,True,1
1788778319.851,1788777834.0,78.66473049999999,16.866614000000002,True,1
1788778320.051,1788777834.2,78.66472933333333,16.866605666666665,True,1
1788778320.251,1788777834.4,78.66472816666666,16.866597666666667,True,1
1788778320.451,1788777834.6,78.664727,16.8665895,True,1
1788778320.649,1788777834.8,78.66472583333332,16.8665815,True,1
1788778320.857,1788777835.0,78.66472466666667,16.86657316666667,True,1
1788778321.051,1788777835.2,78.66472350000001,16.866565166666664,True,1
1788778321.252,1788777835.4,78.66472216666666,16.866557,True,1
1788778321.453,1788777835.6,78.664721,16.866548833333333,True,1
1788778321.651,1788777835.8,78.66471983333332,16.8665405,True,1
1788778321.852,1788777836.0,78.66471866666667,16.866532333333335,True,1
1788778322.05,1788777836.2,78.66471750000001,16.8665245,True,1
1788778322.251,1788777836.4,78.66471633333335,16.8665165,True,1
1788778322.452,1788777836.6,78.66471516666667,16.866508333333336,True,1
1788778322.652,1788777836.8,78.664714,16.866500166666665,True,1
1788778322.853,1788777837.0,78.66471283333334,16.866492,True,1
1788778323.052,1788777837.2,78.66471166666666,16.866484,True,1
1788778323.252,1788777837.4,78.66471033333333,16.866476166666665,True,1
1788778323.45,1788777837.6,78.66470916666667,16.866468166666667,True,1
1788778323.652,1788777837.8,78.664708,16.866459833333334,True,1
1788778323.852,1788777838.0,78.66470683333334,16.866451333333334,True,1
1788778324.053,1788777838.2,78.66470566666666,16.866443333333333,True,1
1788778324.253,1788777838.4,78.66470433333333,16.866435333333335,True,1
1788778324.453,1788777838.6,78.66470316666667,16.866427166666664,True,1
1788778324.653,1788777838.8,78.664702,16.866418833333334,True,1
1788778324.851,1788777839.0,78.66470083333334,16.866410499999997,True,1
1788778325.053,1788777839.2,78.66469966666666,16.866402833333332,True,1
1788778325.253,1788777839.4,78.66469833333333,16.866394833333334,True,1
1788778325.457,1788777839.6,78.66469716666667,16.866387,True,1
1788778325.651,1788777839.8,78.664696,16.866379,True,1
1788778325.852,1788777840.0,78.66469483333334,16.866371,True,1
1788778326.057,1788777840.2,78.66469366666666,16.866363,True,1
1788778326.248,1788777840.4,78.6646925,16.866354666666666,True,1
1788778326.451,1788777840.6,78.66469133333334,16.866346500000002,True,1
1788778326.653,1788777840.8,78.66469016666666,16.866338499999998,True,1
1788778326.853,1788777841.0,78.66468916666666,16.86633,True,1
1788778327.053,1788777841.2,78.664688,16.866321833333334,True,1
1788778327.253,1788777841.4,78.66468683333332,16.866313833333333,True,1
1788778327.466,1788777841.6,78.66468566666667,16.866305833333335,True,1
1788778327.65,1788777841.8,78.6646845,16.86629783333333,True,1
1788778327.853,1788777842.0,78.66468333333334,16.86629,True,1
1788778328.051,1788777842.2,78.66468216666667,16.866282,True,1
1788778328.251,1788777842.4,78.664681,16.866273666666665,True,1
1788778328.451,1788777842.6,78.66467983333334,16.866265666666667,True,1
1788778328.65,1788777842.8,78.66467866666667,16.866257833333336,True,1
1788778328.849,1788777843.0,78.6646775,16.866249999999997,True,1
1788778329.049,1788777843.2,78.66467633333333,16.866241833333333,True,1
1788778329.251,1788777843.4,78.66467516666667,16.86623366666667,True,1
1788778329.45,1788777843.6,78.664674,16.8662255,True,1
1788778329.651,1788777843.8,78.66467283333333,16.866217333333335,True,1
1788778329.852,1788777844.0,78.6646715,16.866209166666668,True,1
1788778330.051,1788777844.2,78.66467033333333,16.866201166666666,True,1
1788778330.252,1788777844.4,78.66466916666667,16.866193333333335,True,1
1788778330.45,1788777844.6,78.66466799999999,16.866185166666664,True,1
1788778330.651,1788777844.8,78.66466683333333,16.866177,True,1
1788778330.849,1788777845.0,78.6646655,16.86616916666667,True,1
1788778331.051,1788777845.2,78.66466433333333,16.86616133333333,True,1
1788778331.251,1788777845.4,78.66466316666667,16.866153333333333,True,1
1788778331.455,1788777845.6,78.66466199999999,16.866145,True,1
1788778331.651,1788777845.8,78.66466083333333,16.866136833333332,True,1
1788778331.855,1788777846.0,78.66465966666667,16.866129,True,1
1788778332.053,1788777846.2,78.66465833333334,16.866121,True,1
1788778332.253,1788777846.4,78.66465716666667,16.866113,True,1
1788778332.455,1788777846.6,78.664656,16.866105,True,1
1788778332.654,1788777846.8,78.66465483333333,16.866097,True,1
1788778332.853,1788777847.0,78.66465366666667,16.866089166666665,True,1
1788778333.052,1788777847.2,78.6646525,16.866081,True,1
1788778333.259,1788777847.4,78.66465133333332,16.86607283333333,True,1
1788778333.453,1788777847.6,78.66465,16.866064666666666,True,1
1788778333.654,1788777847.8,78.66464883333333,16.866056833333335,True,1
1788778333.853,1788777848.0,78.66464766666667,16.866048999999997,True,1
1788778334.053,1788777848.2,78.66464649999999,16.866040833333333,True,1
1788778334.253,1788777848.4,78.66464533333333,16.86603266666667,True,1
1788778334.45,1788777848.6,78.66464416666666,16.86602483333333,True,1
1788778334.654,1788777848.8,78.664643,16.8660165,True,1
1788778334.855,1788777849.0,78.66464183333332,16.866008500000003,True,1
1788778335.053,1788777849.2,78.66464066666667,16.866000333333332,True,1
1788778335.254,1788777849.4,78.66463933333333,16.8659925,True,1
1788778335.454,1788777849.6,78.66463816666666,16.86598466666667,True,1
1788778335.654,1788777849.8,78.664637,16.8659765,True,1
1788778335.852,1788777850.0,78.66463583333332,16.865968666666667,True,1
1788778336.057,1788777850.2,78.66463449999999,16.865960500000003,True,1
1788778336.252,1788777850.4,78.66463333333333,16.865952666666665,True,1
1788778336.451,1788777850.6,78.66463216666666,16.865944666666667,True,1
1788778336.65,1788777850.8,78.664631,16.8659365,True,1
1788778336.851,1788777851.0,78.66462983333332,16.865928166666666,True,1
1788778337.051,1788777851.2,78.66462866666667,16.865920333333335,True,1
1788778337.257,1788777851.4,78.66462750000001,16.865912666666667,True,1
1788778337.451,1788777851.6,78.66462633333335,16.865904666666665,True,1
1788778337.652,1788777851.8,78.66462516666667,16.865896666666668,True,1
1788778337.853,1788777852.0,78.664624,16.8658885,True,1
1788778338.055,1788777852.2,78.66462283333334,16.865880333333333,True,1
1788778338.253,1788777852.4,78.66462166666666,16.865872333333336,True,1
1788778338.46,1788777852.6,78.6646205,16.86586433333333,True,1
1788778338.652,1788777852.8,78.66461933333333,16.865856333333333,True,1
1788778338.913,1788777853.0,78.66461833333332,16.86584816666667,True,1
1788778339.054,1788777853.2,78.66461716666666,16.865840166666665,True,1
1788778339.25,1788777853.4,78.664616,16.865832166666667,True,1
1788778339.452,1788777853.6,78.66461466666667,16.865824166666666,True,1
1788778339.652,1788777853.8,78.6646135,16.865816,True,1
1788778339.852,1788777854.0,78.66461233333332,16.865807833333335,True,1
1788778340.049,1788777854.2,78.66461133333334,16.865799499999998,True,1
1788778340.251,1788777854.4,78.66461,16.865791333333334,True,1
1788778340.457,1788777854.6,78.66460883333333,16.865783500000003,True,1
1788778340.652,1788777854.8,78.66460766666667,16.865775666666664,True,1
1788778340.852,1788777855.0,78.6646065,16.8657675,True,1
1788778341.052,1788777855.2,78.66460533333334,16.865759333333333,True,1
1788778341.252,1788777855.4,78.66460416666668,16.8657515,True,1
1788778341.452,1788777855.6,78.664603,16.865743833333333,True,1
1788778341.653,1788777855.8,78.66460183333334,16.865736000000002,True,1
1788778341.854,1788777856.0,78.66460066666667,16.865727833333334,True,1
1788778342.052,1788777856.2,78.6645995,16.865719833333333,True,1
1788778342.252,1788777856.4,78.66459833333333,16.865711666666666,True,1
1788778342.451,1788777856.6,78.66459716666667,16.865703666666665,True,1
1788778342.65,1788777856.8,78.664596,16.865695666666667,True,1
1788778342.852,1788777857.0,78.66459483333333,16.8656875,True,1
1788778343.054,1788777857.2,78.66459366666666,16.8656795,True,1
1788778343.255,1788777857.4,78.66459233333333,16.865671333333335,True,1
1788778343.454,1788777857.6,78.66459116666667,16.865663166666664,True,1
1788778343.654,1788777857.8,78.66459016666666,16.865655,True,1
1788778343.854,1788777858.0,78.66458883333333,16.86564716666667,True,1
1788778344.055,1788777858.2,78.66458766666666,16.865638999999998,True,1
1788778344.253,1788777858.4,78.6645865,16.865630666666668,True,1
1788778344.453,1788777858.6,78.66458533333333,16.865622499999997,True,1
1788778344.652,1788777858.8,78.66458416666666,16.865614333333333,True,1
1788778344.852,1788777859.0,78.664583,16.865606500000002,True,1
1788778345.053,1788777859.2,78.66458183333334,16.865598166666665,True,1
1788778345.252,1788777859.4,78.66458066666668,16.86559,True,1
1788778345.45,1788777859.6,78.6645795,16.865581666666667,True,1
1788778345.651,1788777859.8,78.66457833333334,16.865573666666666,True,1
1788778345.855,1788777860.0,78.66457716666667,16.8655655,True,1
1788778346.053,1788777860.2,78.66457616666666,16.8655575,True,1
1788778346.253,1788777860.4,78.66457483333333,16.865549333333334,True,1
1788778346.453,1788777860.6,78.66457366666667,16.865541333333333,True,1
1788778346.655,1788777860.8,78.6645725,16.86553316666667,True,1
1788778346.852,1788777861.0,78.66457133333333,16.865524999999998,True,1
1788778347.052,1788777861.2,78.66457016666666,16.865517,True,1
1788778347.253,1788777861.4,78.664569,16.865508833333333,True,1
1788778347.452,1788777861.6,78.66456783333334,16.8655005,True,1
1788778347.65,1788777861.8,78.66456666666666,16.865492333333336,True,1
1788778347.852,1788777862.0,78.6645655,16.865484166666665,True,1
1788778348.051,1788777862.2,78.66456433333333,16.865476333333334,True,1
1788778348.251,1788777862.4,78.66456316666667,16.86546816666667,True,1
1788778348.453,1788777862.6,78.66456199999999,16.865459833333333,True,1
1788778348.654,1788777862.8,78.664561,16.86545166666667,True,1
1788778348.855,1788777863.0,78.66455966666668,16.865443833333334,True,1
1788778349.054,1788777863.2,78.66455850000001,16.8654355,True,1
1788778349.253,1788777863.4,78.66455733333333,16.865427333333333,True,1
1788778349.454,1788777863.6,78.66455616666667,16.865419499999998,True,1
1788778349.651,1788777863.8,78.66455500000001,16.865411333333334,True,1
1788778349.854,1788777864.0,78.664554,16.865403166666667,True,1
1788778350.052,1788777864.2,78.66455283333333,16.865395,True,1
1788778350.253,1788777864.4,78.66455166666667,16.865387166666668,True,1
1788778350.452,1788777864.6,78.66455049999999,16.865379166666667,True,1
1788778350.653,1788777864.8,78.66454933333333,16.865370666666667,True,1
1788778350.853,1788777865.0,78.66454816666666,16.8653625,True,1
1788778351.057,1788777865.2,78.664547,16.86535416666667,True,1
1788778351.252,1788777865.4,78.66454583333334,16.865346166666665,True,1
1788778351.452,1788777865.6,78.66454466666667,16.865337833333335,True,1
1788778351.652,1788777865.8,78.66454350000001,16.865329166666665,True,1
1788778351.854,1788777866.0,78.66454233333334,16.865321166666668,True,1
1788778352.053,1788777866.2,78.66454116666667,16.865313166666667,True,1
1788778352.252,1788777866.4,78.66454,16.865305333333332,True,1
1788778352.451,1788777866.6,78.66453883333334,16.865296833333332,True,1
1788778352.651,1788777866.8,78.66453783333333,16.865288500000002,True,1
1788778352.851,1788777867.0,78.66453666666666,16.865280499999997,True,1
1788778353.052,1788777867.2,78.66453533333333,16.865272666666666,True,1
1788778353.25,1788777867.4,78.66453416666667,16.865264333333336,True,1
1788778353.46,1788777867.6,78.66453299999999,16.865256,True,1
1788778353.651,1788777867.8,78.66453183333333,16.865247833333335,True,1
1788778353.848,1788777868.0,78.66453066666666,16.86523983333333,True,1
1788778354.051,1788777868.2,78.6645295,16.8652315,True,1
1788778354.252,1788777868.4,78.66452833333332,16.865223333333333,True,1
1788778354.453,1788777868.6,78.66452716666666,16.865215,True,1
1788778354.652,1788777868.8,78.664526,16.865207,True,1
1788778354.852,1788777869.0,78.66452483333335,16.865198666666668,True,1
1788778355.051,1788777869.2,78.66452366666667,16.86519033333333,True,1
1788778355.252,1788777869.4,78.6645225,16.865182,True,1
1788778355.457,1788777869.6,78.66452133333334,16.865173833333333,True,1
1788778355.652,1788777869.8,78.66452016666668,16.865165666666666,True,1
1788778355.854,1788777870.0,78.664519,16.865157500000002,True,1
1788778356.053,1788777870.2,78.66451783333333,16.865149166666665,True,1
1788778356.252,1788777870.4,78.66451666666667,16.865141,True,1
1788778356.454,1788777870.6,78.66451550000001,16.865133166666666,True,1
1788778356.65,1788777870.8,78.66451433333333,16.86512533333333,True,1
1788778356.855,1788777871.0,78.66451316666667,16.865117166666668,True,1
1788778357.054,1788777871.2,78.664512,16.865108833333334,True,1
1788778357.253,1788777871.4,78.66451083333332,16.8651005,True,1
1788778357.452,1788777871.6,78.6645095,16.865092333333333,True,1
1788778357.653,1788777871.8,78.66450833333333,16.86508416666667,True,1
1788778357.855,1788777872.0,78.66450716666667,16.865075666666666,True,1
1788778358.053,1788777872.2,78.664506,16.865067166666666,True,1
1788778358.255,1788777872.4,78.66450483333332,16.865058833333332,True,1
1788778358.452,1788777872.6,78.66450366666666,16.865050666666665,True,1
1788778358.651,1788777872.8,78.6645025,16.8650425,True,1
1788778358.855,1788777873.0,78.66450133333333,16.86503433333333,True,1
1788778359.053,1788777873.2,78.6645,16.865026333333333,True,1
1788778359.249,1788777873.4,78.66449883333333,16.865018000000003,True,1
1788778359.453,1788777873.6,78.66449766666666,16.865009833333332,True,1
1788778359.687,1788777873.8,78.6644965,16.865001666666668,True,1
1788778359.854,1788777874.0,78.66449533333333,16.8649935,True,1
1788778360.053,1788777874.2,78.66449416666666,16.8649855,True,1
1788778360.251,1788777874.4,78.664493,16.864977166666666,True,1
1788778360.452,1788777874.6,78.66449183333334,16.864969,True,1
1788778360.651,1788777874.8,78.66449066666668,16.864961,True,1
1788778360.851,1788777875.0,78.6644895,16.864952833333334,True,1
1788778361.051,1788777875.2,78.66448816666666,16.8649445,True,1
1788778361.251,1788777875.4,78.664487,16.864936333333333,True,1
1788778361.451,1788777875.6,78.66448583333334,16.864928000000003,True,1
1788778361.651,1788777875.8,78.66448466666667,16.864919999999998,True,1
1788778361.85,1788777876.0,78.6644835,16.864911833333334,True,1
1788778362.05,1788777876.2,78.66448233333334,16.864904000000003,True,1
1788778362.253,1788777876.4,78.66448116666668,16.864895833333332,True,1
1788778362.45,1788777876.6,78.66448,16.864887500000002,True,1
1788778362.654,1788777876.8,78.66447883333333,16.864879499999997,True,1
1788778362.854,1788777877.0,78.66447766666667,16.8648715,True,1
1788778363.053,1788777877.2,78.6644765,16.864863333333336,True,1
1788778363.252,1788777877.4,78.66447533333333,16.864855166666665,True,1
1788778363.451,1788777877.6,78.66447416666666,16.864847,True,1
1788778363.651,1788777877.8,78.664473,16.864839,True,1
1788778363.853,1788777878.0,78.66447183333334,16.864830833333333,True,1
1788778364.052,1788777878.2,78.66447066666666,16.864822666666665,True,1
1788778364.252,1788777878.4,78.66446933333333,16.864814666666668,True,1
1788778364.452,1788777878.6,78.66446816666667,16.864806666666667,True,1
1788778364.653,1788777878.8,78.664467,16.8647985,True,1
1788778364.851,1788777879.0,78.66446583333332,16.864790333333335,True,1
1788778365.053,1788777879.2,78.66446466666666,16.864782166666664,True,1
1788778365.254,1788777879.4,78.6644635,16.864774166666667,True,1
1788778365.453,1788777879.6,78.66446233333333,16.864766333333332,True,1
1788778365.653,1788777879.8,78.66446116666665,16.864758166666665,True,1
1788778365.855,1788777880.0,78.66445999999999,16.864749833333335,True,1
1788778366.053,1788777880.2,78.66445883333334,16.864741833333333,True,1
1788778366.252,1788777880.4,78.66445766666668,16.8647335,True,1
1788778366.453,1788777880.6,78.6644565,16.864725333333336,True,1
1788778366.653,1788777880.8,78.66445533333334,16.864717166666665,True,1
1788778366.853,1788777881.0,78.66445416666667,16.864708833333335,True,1
1788778367.054,1788777881.2,78.66445300000001,16.8647005,True,1
1788778367.253,1788777881.4,78.66445183333333,16.864692333333334,True,1
1788778367.452,1788777881.6,78.66445066666667,16.864684333333333,True,1
1788778367.651,1788777881.8,78.6644495,16.864676,True,1
1788778367.853,1788777882.0,78.66444833333334,16.864667833333332,True,1
1788778368.052,1788777882.2,78.66444716666666,16.864659666666668,True,1
1788778368.25,1788777882.4,78.664446,16.864651666666667,True,1
1788778368.453,1788777882.6,78.66444483333333,16.864643666666666,True,1
1788778368.654,1788777882.8,78.66444366666666,16.864635333333336,True,1
1788778368.853,1788777883.0,78.66444249999999,16.864627166666665,True,1
1788778369.051,1788777883.2,78.66444133333333,16.864619,True,1
1788778369.252,1788777883.4,78.66444016666667,16.86461116666667,True,1
1788778369.453,1788777883.6,78.66443899999999,16.864603166666665,True,1
1788778369.653,1788777883.8,78.66443783333334,16.864595,True,1
1788778369.854,1788777884.0,78.66443683333334,16.864586999999997,True,1
1788778370.052,1788777884.2,78.66443566666666,16.8645785,True,1
1788778370.252,1788777884.4,78.6644345,16.8645705,True,1
1788778370.456,1788777884.6,78.66443333333333,16.864562499999998,True,1
1788778370.653,1788777884.8,78.66443216666667,16.864554333333334,True,1
1788778370.854,1788777885.0,78.664431,16.864546166666667,True,1
1788778371.053,1788777885.2,78.66442983333333,16.864538166666666,True,1
1788778371.253,1788777885.4,78.66442866666667,16.86453016666667,True,1
1788778371.455,1788777885.6,78.66442733333334,16.864522333333333,True,1
1788778371.651,1788777885.8,78.66442616666667,16.864514333333332,True,1
1788778371.852,1788777886.0,78.664425,16.864506333333335,True,1
1788778372.057,1788777886.2,78.66442383333333,16.864498166666667,True,1
1788778372.252,1788777886.4,78.66442266666667,16.864490166666666,True,1
1788778372.451,1788777886.6,78.66442149999999,16.864482,True,1
1788778372.651,1788777886.8,78.66442033333333,16.864473999999998,True,1
1788778372.852,1788777887.0,78.66441916666666,16.864465833333334,True,1
1788778373.05,1788777887.2,78.664418,16.864457833333333,True,1
1788778373.25,1788777887.4,78.66441666666667,16.86444983333333,True,1
1788778373.451,1788777887.6,78.66441549999999,16.864441666666668,True,1
1788778373.662,1788777887.8,78.66441433333333,16.8644335,True,1
1788778373.853,1788777888.0,78.66441316666666,16.864425,True,1
1788778374.052,1788777888.2,78.664412,16.864417,True,1
1788778374.253,1788777888.4,78.66441083333333,16.864409000000002,True,1
1788778374.452,1788777888.6,78.66440949999999,16.864401,True,1
1788778374.652,1788777888.8,78.66440833333333,16.864392833333333,True,1
1788778374.852,1788777889.0,78.66440716666666,16.864384833333336,True,1
1788778375.053,1788777889.2,78.664406,16.86437683333333,True,1
1788778375.252,1788777889.4,78.66440483333334,16.864368833333334,True,1
1788778375.451,1788777889.6,78.66440366666667,16.864360833333333,True,1
1788778375.652,1788777889.8,78.66440250000001,16.86435283333333,True,1
1788778375.851,1788777890.0,78.66440133333334,16.8643445,True,1
1788778376.053,1788777890.2,78.66440016666667,16.86433633333333,True,1
1788778376.254,1788777890.4,78.66439883333334,16.864328333333333,True,1
1788778376.452,1788777890.6,78.66439766666667,16.8643205,True,1
1788778376.653,1788777890.8,78.66439650000001,16.8643125,True,1
1788778376.853,1788777891.0,78.66439533333333,16.864304333333333,True,1
1788778377.051,1788777891.2,78.66439416666667,16.86429616666667,True,1
1788778377.251,1788777891.4,78.664393,16.864288166666665,True,1
1788778377.453,1788777891.6,78.66439166666667,16.8642805,True,1
1788778377.653,1788777891.8,78.66439050000001,16.864272500000002,True,1
1788778377.853,1788777892.0,78.66438933333333,16.86426433333333,True,1
1788778378.053,1788777892.2,78.66438816666667,16.8642565,True,1
1788778378.252,1788777892.4,78.664387,16.8642485,True,1
1788778378.452,1788777892.6,78.66438583333334,16.8642405,True,1
1788778378.651,1788777892.8,78.66438466666666,16.8642325,True,1
1788778378.853,1788777893.0,78.6643835,16.864224333333333,True,1
1788778379.054,1788777893.2,78.66438233333334,16.8642165,True,1
1788778379.252,1788777893.4,78.66438116666667,16.864208166666668,True,1
1788778379.452,1788777893.6,78.66437983333334,16.864200333333333,True,1
1788778379.652,1788777893.8,78.66437866666666,16.8641925,True,1
1788778379.853,1788777894.0,78.6643775,16.864184333333334,True,1
1788778380.05,1788777894.2,78.66437633333334,16.864176166666667,True,1
1788778380.253,1788777894.4,78.66437516666666,16.864168,True,1
1788778380.452,1788777894.6,78.664374,16.864160000000002,True,1
1788778380.652,1788777894.8,78.66437266666667,16.864151833333334,True,1
1788778380.852,1788777895.0,78.6643715,16.8641435,True,1
1788778381.054,1788777895.2,78.66437033333334,16.8641355,True,1
1788778381.252,1788777895.4,78.66436916666666,16.8641275,True,1
1788778381.451,1788777895.6,78.66436783333333,16.864119333333335,True,1
1788778381.653,1788777895.8,78.66436666666667,16.864110999999998,True,1
1788778381.855,1788777896.0,78.6643655,16.864102833333334,True,1
1788778382.066,1788777896.2,78.66436433333334,16.864095000000002,True,1
1788778382.254,1788777896.4,78.66436316666666,16.864086999999998,True,1
1788778382.452,1788777896.6,78.664362,16.864079,True,1
1788778382.654,1788777896.8,78.66436083333333,16.864070833333336,True,1
1788778382.854,1788777897.0,78.66435966666667,16.864062833333332,True,1
1788778383.063,1788777897.2,78.66435849999999,16.864055,True,1
1788778383.25,1788777897.4,78.66435733333333,16.864046833333337,True,1
1788778383.45,1788777897.6,78.66435616666666,16.864038666666666,True,1
1788778383.649,1788777897.8,78.66435499999999,16.864030833333334,True,1
1788778383.85,1788777898.0,78.66435383333334,16.864023,True,1
1788778384.051,1788777898.2,78.66435266666667,16.864014833333332,True,1
1788778384.249,1788777898.4,78.66435150000001,16.864006833333335,True,1
1788778384.452,1788777898.6,78.66435033333333,16.863999,True,1
1788778384.651,1788777898.8,78.66434916666667,16.863991166666665,True,1
1788778384.851,1788777899.0,78.664348,16.8639835,True,1
1788778385.05,1788777899.2,78.66434683333334,16.863975333333332,True,1
1788778385.25,1788777899.4,78.66434566666666,16.863967333333335,True,1
1788778385.456,1788777899.6,78.6643445,16.863959333333334,True,1
1788778385.649,1788777899.8,78.66434333333333,16.863951166666666,True,1
1788778385.853,1788777900.0,78.66434216666667,16.863943,True,1
1788778386.057,1788777900.2,78.664341,16.863935,True,1
1788778386.251,1788777900.4,78.66433983333333,16.863926833333334,True,1
1788778386.453,1788777900.6,78.66433866666667,16.863919,True,1
1788778386.651,1788777900.8,78.6643375,16.863911166666664,True,1
1788778386.85,1788777901.0,78.66433633333332,16.863903166666667,True,1
1788778387.051,1788777901.2,78.66433516666666,16.863895333333335,True,1
1788778387.253,1788777901.4,78.664334,16.863887166666665,True,1
1788778387.452,1788777901.6,78.66433283333335,16.863879,True,1
1788778387.653,1788777901.8,78.66433166666667,16.86387116666667,True,1
1788778387.855,1788777902.0,78.6643305,16.863863,True,1
1788778388.059,1788777902.2,78.66432933333334,16.863854833333335,True,1
1788778388.252,1788777902.4,78.66432816666666,16.863846833333334,True,1
1788778388.454,1788777902.6,78.66432683333333,16.8638385,True,1
1788778388.657,1788777902.8,78.66432549999999,16.8638305,True,1
1788778388.852,1788777903.0,78.66432416666666,16.863823,True,1
1788778389.052,1788777903.2,78.66432266666668,16.863815166666665,True,1
1788778389.251,1788777903.4,78.66432116666667,16.863807,True,1
1788778389.454,1788777903.6,78.66431949999999,16.863800333333334,True,1
1788778389.651,1788777903.8,78.66431800000001,16.863793666666666,True,1
1788778389.853,1788777904.0,78.6643165,16.863787333333335,True,1
1788778390.053,1788777904.2,78.66431483333334,16.86378116666667,True,1
1788778390.255,1788777904.4,78.66431316666667,16.863774999999997,True,1
1788778390.453,1788777904.6,78.66431166666666,16.863769333333334,True,1
1788778390.653,1788777904.8,78.66430999999999,16.8637645,True,1
1788778390.854,1788777905.0,78.6643085,16.8637605,True,1
1788778391.051,1788777905.2,78.66430683333333,16.863756833333333,True,1
1788778391.252,1788777905.4,78.66430533333333,16.86375333333333,True,1
1788778391.452,1788777905.6,78.66430366666667,16.86375,True,1
1788778391.652,1788777905.8,78.66430183333334,16.863747,True,1
1788778391.854,1788777906.0,78.66430016666666,16.863744333333333,True,1
1788778392.054,1788777906.2,78.66429833333333,16.863742,True,1
1788778392.252,1788777906.4,78.6642965,16.8637395,True,1
1788778392.451,1788777906.6,78.66429466666666,16.863737,True,1
1788778392.655,1788777906.8,78.66429283333333,16.863735666666667,True,1
1788778392.855,1788777907.0,78.664291,16.8637345,True,1
1788778393.06,1788777907.2,78.66428916666668,16.863733833333335,True,1
1788778393.254,1788777907.4,78.66428733333333,16.863733833333335,True,1
1788778393.453,1788777907.6,78.6642855,16.863734,True,1
1788778393.654,1788777907.8,78.66428366666668,16.863734333333333,True,1
1788778393.85,1788777908.0,78.66428183333333,16.863735166666668,True,1
1788778394.054,1788777908.2,78.66427999999999,16.863736666666668,True,1
1788778394.252,1788777908.4,78.66427816666666,16.863738166666668,True,1
1788778394.453,1788777908.6,78.66427633333333,16.863739833333334,True,1
1788778394.65,1788777908.8,78.66427449999999,16.863741833333332,True,1
1788778394.852,1788777909.0,78.66427266666666,16.863743833333334,True,1
1788778395.051,1788777909.2,78.66427083333333,16.86374633333333,True,1
1788778395.249,1788777909.4,78.664269,16.863749499999997,True,1
1788778395.451,1788777909.6,78.66426733333333,16.863752666666667,True,1
1788778395.652,1788777909.8,78.66426566666668,16.863756000000002,True,1
1788778395.852,1788777910.0,78.66426416666667,16.863759333333334,True,1
1788778396.053,1788777910.2,78.66426249999999,16.86376316666667,True,1
1788778396.254,1788777910.4,78.664261,16.863767,True,1
1788778396.453,1788777910.6,78.66425933333333,16.863771333333332,True,1
1788778396.651,1788777910.8,78.66425783333334,16.86377583333333,True,1
1788778396.851,1788777911.0,78.66425633333333,16.8637805,True,1
1788778397.051,1788777911.2,78.664255,16.863785333333333,True,1
1788778397.252,1788777911.4,78.6642535,16.863790333333334,True,1
1788778397.451,1788777911.6,78.66425216666667,16.8637955,True,1
1788778397.655,1788777911.8,78.66425083333334,16.863800833333336,True,1
1788778397.851,1788777912.0,78.66424950000001,16.8638065,True,1
1788778398.048,1788777912.2,78.66424816666667,16.863812166666666,True,1
1788778398.252,1788777912.4,78.66424666666667,16.863818499999997,True,1
1788778398.453,1788777912.6,78.66424516666666,16.863825000000002,True,1
1788778398.653,1788777912.8,78.66424383333333,16.863831666666666,True,1
1788778398.863,1788777913.0,78.6642425,16.863838333333334,True,1
1788778399.053,1788777913.2,78.66424116666667,16.863845166666668,True,1
1788778399.256,1788777913.4,78.66423983333334,16.863852,True,1
1788778399.451,1788777913.6,78.66423866666668,16.863858666666665,True,1
1788778399.653,1788777913.8,78.6642375,16.863865166666667,True,1
1788778399.853,1788777914.0,78.66423633333333,16.863872166666667,True,1
1788778400.057,1788777914.2,78.66423516666667,16.863879166666667,True,1
1788778400.252,1788777914.4,78.66423400000001,16.8638865,True,1
1788778400.458,1788777914.6,78.66423283333333,16.863894000000002,True,1
1788778400.652,1788777914.8,78.66423166666667,16.863901333333335,True,1
1788778400.854,1788777915.0,78.66423066666667,16.863908499999997,True,1
1788778401.054,1788777915.2,78.66422949999999,16.863916,True,1
1788778401.254,1788777915.4,78.66422833333333,16.863923333333332,True,1
1788778401.454,1788777915.6,78.66422733333334,16.8639305,True,1
1788778401.655,1788777915.8,78.66422616666667,16.863938,True,1
1788778401.855,1788777916.0,78.66422516666667,16.863945666666666,True,1
1788778402.054,1788777916.2,78.66422416666666,16.86395333333333,True,1
1788778402.254,1788777916.4,78.66422316666667,16.863961,True,1
1788778402.453,1788777916.6,78.66422216666666,16.863968666666665,True,1
1788778402.652,1788777916.8,78.664221,16.863976833333332,True,1
1788778402.855,1788777917.0,78.66421999999999,16.863984833333333,True,1
1788778403.055,1788777917.2,78.664219,16.863992833333334,True,1
1788778403.252,1788777917.4,78.66421799999999,16.864000833333332,True,1
1788778403.452,1788777917.6,78.664217,16.864009166666666,True,1
1788778403.653,1788777917.8,78.664216,16.8640175,True,1
1788778403.855,1788777918.0,78.664215,16.864026000000003,True,1
1788778404.056,1788777918.2,78.66421399999999,16.8640345,True,1
1788778404.256,1788777918.4,78.66421283333334,16.864042833333333,True,1
1788778404.455,1788777918.6,78.66421183333334,16.864051166666666,True,1
1788778404.662,1788777918.8,78.66421083333333,16.8640595,True,1
1788778404.85,1788777919.0,78.66420983333335,16.864067666666664,True,1
1788778405.053,1788777919.2,78.66420883333333,16.864075833333334,True,1
1788778405.25,1788777919.4,78.66420799999999,16.864083833333332,True,1
1788778405.451,1788777919.6,78.664207,16.864091833333337,True,1
1788778405.651,1788777919.8,78.664206,16.8641,True,1
1788778405.852,1788777920.0,78.66420516666668,16.864107999999998,True,1
1788778406.051,1788777920.2,78.66420416666666,16.864116333333335,True,1
1788778406.25,1788777920.4,78.66420316666667,16.864124833333335,True,1
1788778406.451,1788777920.6,78.66420233333334,16.864133166666665,True,1
1788778406.652,1788777920.8,78.66420133333332,16.86414166666667,True,1
1788778406.851,1788777921.0,78.66420033333334,16.86415,True,1
1788778407.053,1788777921.2,78.6641995,16.8641585,True,1
1788778407.253,1788777921.4,78.66419850000001,16.864166833333336,True,1
1788778407.454,1788777921.6,78.6641975,16.864174833333333,True,1
1788778407.649,1788777921.8,78.66419666666667,16.864183166666667,True,1
1788778407.852,1788777922.0,78.66419566666667,16.864191333333334,True,1
1788778408.052,1788777922.2,78.66419466666666,16.864199499999998,True,1
1788778408.252,1788777922.4,78.66419383333333,16.86420766666667,True,1
1788778408.451,1788777922.6,78.66419283333333,16.864215666666666,True,1
1788778408.651,1788777922.8,78.66419183333333,16.86422383333333,True,1
1788778408.851,1788777923.0,78.66419083333334,16.864232,True,1
1788778409.055,1788777923.2,78.66418983333332,16.86424033333333,True,1
1788778409.255,1788777923.4,78.66418883333334,16.864248666666665,True,1
1788778409.454,1788777923.6,78.66418783333333,16.864257000000002,True,1
1788778409.652,1788777923.8,78.66418683333333,16.8642655,True,1
1788778409.851,1788777924.0,78.664186,16.864273500000003,True,1
1788778410.051,1788777924.2,78.664185,16.864281666666667,True,1
1788778410.252,1788777924.4,78.66418399999999,16.86428983333333,True,1
1788778410.453,1788777924.6,78.66418300000001,16.864297833333335,True,1
1788778410.652,1788777924.8,78.664182,16.864305666666667,True,1
1788778410.853,1788777925.0,78.66418083333333,16.864313666666664,True,1
1788778411.051,1788777925.2,78.66417983333334,16.86432166666667,True,1
1788778411.252,1788777925.4,78.66417883333334,16.864329666666666,True,1
1788778411.453,1788777925.6,78.66417766666667,16.864337499999998,True,1
1788778411.651,1788777925.8,78.66417666666666,16.864345333333333,True,1
1788778411.851,1788777926.0,78.6641755,16.8643535,True,1
1788778412.053,1788777926.2,78.6641745,16.864361666666664,True,1
1788778412.253,1788777926.4,78.6641735,16.864369833333335,True,1
1788778412.453,1788777926.6,78.66417233333333,16.864378166666665,True,1
1788778412.653,1788777926.8,78.66417116666666,16.864386333333336,True,1
1788778412.855,1788777927.0,78.66417016666666,16.864394833333332,True,1
1788778413.054,1788777927.2,78.66416899999999,16.864402833333333,True,1
1788778413.252,1788777927.4,78.664168,16.864411,True,1
1788778413.452,1788777927.6,78.66416683333334,16.864419,True,1
1788778413.651,1788777927.8,78.66416583333333,16.864427166666665,True,1
1788778413.853,1788777928.0,78.66416466666666,16.864435166666667,True,1
1788778414.054,1788777928.2,78.66416366666667,16.864443166666668,True,1
1788778414.255,1788777928.4,78.6641625,16.864451166666665,True,1
1788778414.45,1788777928.6,78.66416133333334,16.864459333333333,True,1
1788778414.653,1788777928.8,78.66416016666668,16.8644675,True,1
1788778414.855,1788777929.0,78.66415916666666,16.864475666666667,True,1
1788778415.055,1788777929.2,78.664158,16.864484,True,1
1788778415.256,1788777929.4,78.66415683333334,16.864492,True,1
1788778415.459,1788777929.6,78.66415566666666,16.8645,True,1
1788778415.654,1788777929.8,78.66415466666668,16.864508166666667,True,1
1788778415.853,1788777930.0,78.66415350000001,16.864516,True,1
1788778416.054,1788777930.2,78.66415233333333,16.864524,True,1
1788778416.254,1788777930.4,78.66415116666667,16.864532,True,1
1788778416.456,1788777930.6,78.66415,16.864539833333332,True,1
1788778416.651,1788777930.8,78.66414883333333,16.864548,True,1
1788778416.852,1788777931.0,78.66414783333333,16.864555833333334,True,1
1788778417.053,1788777931.2,78.6641465,16.86456383333333,True,1
1788778417.249,1788777931.4,78.66414533333334,16.864571833333333,True,1
1788778417.453,1788777931.6,78.66414416666666,16.864579666666668,True,1
1788778417.652,1788777931.8,78.664143,16.864587333333336,True,1
1788778417.853,1788777932.0,78.66414183333333,16.864594833333335,True,1
1788778418.053,1788777932.2,78.66414066666667,16.864602666666666,True,1
1788778418.253,1788777932.4,78.66413949999999,16.864610333333335,True,1
1788778418.454,1788777932.6,78.66413833333333,16.864618,True,1
1788778418.651,1788777932.8,78.66413716666666,16.8646255,True,1
1788778418.851,1788777933.0,78.66413583333333,16.864633166666668,True,1
1788778419.052,1788777933.2,78.66413466666667,16.864640833333333,True,1
1788778419.254,1788777933.4,78.66413333333334,16.864648499999998,True,1
1788778419.454,1788777933.6,78.66413216666666,16.864656,True,1
1788778419.653,1788777933.8,78.664131,16.864663333333333,True,1
1788778419.853,1788777934.0,78.66412983333333,16.86467083333333,True,1
1788778420.05,1788777934.2,78.6641285,16.864678333333334,True,1
1788778420.253,1788777934.4,78.66412733333333,16.864686,True,1
1788778420.451,1788777934.6,78.66412616666666,16.86469333333333,True,1
1788778420.653,1788777934.8,78.664125,16.864700833333334,True,1
1788778420.855,1788777935.0,78.66412383333333,16.864708333333333,True,1
1788778421.052,1788777935.2,78.66412266666666,16.86471583333333,True,1
1788778421.252,1788777935.4,78.66412133333333,16.8647235,True,1
1788778421.449,1788777935.6,78.66412016666666,16.864731166666665,True,1
1788778421.652,1788777935.8,78.664119,16.864738833333334,True,1
1788778421.852,1788777936.0,78.66411766666667,16.864746500000003,True,1
1788778422.052,1788777936.2,78.6641165,16.864754166666668,True,1
1788778422.25,1788777936.4,78.66411533333333,16.864761833333333,True,1
1788778422.451,1788777936.6,78.66411416666666,16.864769333333335,True,1
1788778422.652,1788777936.8,78.66411283333333,16.864776833333334,True,1
1788778422.851,1788777937.0,78.66411166666667,16.8647845,True,1
1788778423.054,1788777937.2,78.6641105,16.864791833333335,True,1
1788778423.254,1788777937.4,78.66410933333333,16.8647995,True,1
1788778423.454,1788777937.6,78.66410816666667,16.864807,True,1
1788778423.654,1788777937.8,78.664107,16.8648145,True,1
1788778423.854,1788777938.0,78.66410583333332,16.864822,True,1
1788778424.054,1788777938.2,78.66410466666666,16.864829666666665,True,1
1788778424.253,1788777938.4,78.6641035,16.864837166666668,True,1
1788778424.453,1788777938.6,78.66410216666667,16.864844833333333,True,1
1788778424.653,1788777938.8,78.664101,16.864852499999998,True,1
1788778424.857,1788777939.0,78.66409983333332,16.864860166666666,True,1
1788778425.053,1788777939.2,78.6640985,16.8648675,True,1
1788778425.252,1788777939.4,78.66409733333333,16.864875166666664,True,1
1788778425.452,1788777939.6,78.66409616666667,16.8648825,True,1
1788778425.651,1788777939.8,78.66409483333334,16.86489,True,1
1788778425.853,1788777940.0,78.66409366666667,16.864897499999998,True,1
1788778426.055,1788777940.2,78.6640925,16.864905,True,1
1788778426.255,1788777940.4,78.66409116666667,16.864912333333333,True,1
1788778426.453,1788777940.6,78.66409,16.86491983333333,True,1
1788778426.655,1788777940.8,78.66408866666667,16.864927166666668,True,1
1788778426.854,1788777941.0,78.66408750000001,16.864934666666667,True,1
1788778427.053,1788777941.2,78.66408633333334,16.864941833333333,True,1
1788778427.251,1788777941.4,78.66408499999999,16.864949000000003,True,1
1788778427.452,1788777941.6,78.66408383333334,16.864956333333335,True,1
1788778427.651,1788777941.8,78.66408266666667,16.864963833333334,True,1
1788778427.852,1788777942.0,78.66408133333333,16.864971333333337,True,1
1788778428.051,1788777942.2,78.66408016666666,16.864978666666666,True,1
1788778428.249,1788777942.4,78.66407883333333,16.864986166666665,True,1
1788778428.453,1788777942.6,78.66407766666666,16.8649935,True,1
1788778428.653,1788777942.8,78.6640765,16.865001,True,1
1788778428.853,1788777943.0,78.66407516666666,16.8650085,True,1
1788778429.053,1788777943.2,78.664074,16.865015833333334,True,1
1788778429.252,1788777943.4,78.66407283333334,16.865023333333333,True,1
1788778429.454,1788777943.6,78.6640715,16.865030666666666,True,1
1788778429.654,1788777943.8,78.66407033333333,16.865038333333334,True,1
1788778429.853,1788777944.0,78.664069,16.865045666666667,True,1
1788778430.051,1788777944.2,78.66406766666667,16.865053166666666,True,1
1788778430.251,1788777944.4,78.6640665,16.865060500000002,True,1
1788778430.458,1788777944.6,78.66406516666666,16.865068166666667,True,1
1788778430.653,1788777944.8,78.66406383333333,16.865075666666666,True,1
1788778430.852,1788777945.0,78.6640625,16.865083333333335,True,1
1788778431.05,1788777945.2,78.66406133333334,16.865090666666667,True,1
1788778431.252,1788777945.4,78.66406,16.865098,True,1
1788778431.453,1788777945.6,78.66405866666668,16.865105333333336,True,1
1788778431.651,1788777945.8,78.66405733333333,16.865112500000002,True,1
1788778431.853,1788777946.0,78.66405616666665,16.86511983333333,True,1
1788778432.052,1788777946.2,78.66405483333332,16.86512683333333,True,1
1788778432.252,1788777946.4,78.66405366666666,16.865134,True,1
1788778432.45,1788777946.6,78.66405233333333,16.865141166666668,True,1
1788778432.651,1788777946.8,78.664051,16.86514833333333,True,1
1788778432.852,1788777947.0,78.66404983333334,16.865155666666666,True,1
1788778433.05,1788777947.2,78.6640485,16.865163166666665,True,1
1788778433.251,1788777947.4,78.66404716666666,16.865170666666664,True,1
1788778433.452,1788777947.6,78.66404583333333,16.865178166666666,True,1
1788778433.652,1788777947.8,78.6640445,16.865186,True,1
1788778433.85,1788777948.0,78.66404333333334,16.865193666666666,True,1
1788778434.053,1788777948.2,78.66404200000001,16.86520116666667,True,1
1788778434.253,1788777948.4,78.66404066666668,16.8652085,True,1
1788778434.454,1788777948.6,78.6640395,16.865216,True,1
1788778434.652,1788777948.8,78.66403816666666,16.865223166666667,True,1
1788778434.851,1788777949.0,78.66403683333333,16.865230333333333,True,1
1788778435.052,1788777949.2,78.66403566666666,16.8652375,True,1
1788778435.25,1788777949.4,78.66403433333333,16.86524466666667,True,1
1788778435.451,1788777949.6,78.66403316666667,16.865251999999998,True,1
1788778435.652,1788777949.8,78.66403183333334,16.865259499999997,True,1
1788778435.852,1788777950.0,78.66403050000001,16.86526716666667,True,1
1788778436.053,1788777950.2,78.66402933333333,16.865274666666668,True,1
1788778436.253,1788777950.4,78.664028,16.865282333333333,True,1
1788778436.453,1788777950.6,78.66402683333334,16.86529,True,1
1788778436.651,1788777950.8,78.6640255,16.865297666666667,True,1
1788778436.853,1788777951.0,78.66402433333333,16.865305166666666,True,1
1788778437.059,1788777951.2,78.664023,16.865312666666668,True,1
1788778437.253,1788777951.4,78.66402183333334,16.865319833333334,True,1
1788778437.455,1788777951.6,78.6640205,16.865326999999997,True,1
1788778437.654,1788777951.8,78.66401933333333,16.865334166666667,True,1
1788778437.854,1788777952.0,78.664018,16.8653415,True,1
1788778438.052,1788777952.2,78.66401683333333,16.865349,True,1
1788778438.252,1788777952.4,78.6640155,16.8653565,True,1
1788778438.452,1788777952.6,78.66401433333334,16.865364,True,1
1788778438.653,1788777952.8,78.66401300000001,16.8653715,True,1
1788778438.853,1788777953.0,78.66401166666667,16.865379,True,1
1788778439.053,1788777953.2,78.66401049999999,16.8653865,True,1
1788778439.252,1788777953.4,78.66400933333333,16.865393666666666,True,1
1788778439.452,1788777953.6,78.664008,16.865401000000002,True,1
1788778439.652,1788777953.8,78.66400666666667,16.865408333333335,True,1
1788778439.855,1788777954.0,78.6640055,16.86541533333333,True,1
1788778440.053,1788777954.2,78.66400416666667,16.865422666666667,True,1
1788778440.253,1788777954.4,78.66400300000001,16.865430166666666,True,1
1788778440.459,1788777954.6,78.66400166666668,16.8654375,True,1
1788778440.654,1788777954.8,78.66400033333333,16.865445,True,1
1788778440.851,1788777955.0,78.66399916666666,16.8654525,True,1
1788778441.053,1788777955.2,78.66399783333333,16.86546,True,1
1788778441.252,1788777955.4,78.66399666666666,16.8654675,True,1
1788778441.463,1788777955.6,78.66399533333333,16.865474833333334,True,1
1788778441.652,1788777955.8,78.66399416666667,16.865482166666666,True,1
1788778441.852,1788777956.0,78.66399283333334,16.86548966666667,True,1
1788778442.051,1788777956.2,78.66399166666666,16.865497333333334,True,1
1788778442.251,1788777956.4,78.66399033333333,16.865504666666666,True,1
1788778442.453,1788777956.6,78.663989,16.86551216666667,True,1
1788778442.652,1788777956.8,78.66398783333334,16.865519666666668,True,1
1788778442.856,1788777957.0,78.66398666666667,16.865527166666666,True,1
1788778443.053,1788777957.2,78.66398533333333,16.86553466666667,True,1
1788778443.253,1788777957.4,78.66398416666667,16.865542333333334,True,1
1788778443.454,1788777957.6,78.66398283333334,16.8655495,True,1
1788778443.651,1788777957.8,78.66398166666666,16.865557000000003,True,1
1788778443.855,1788777958.0,78.6639805,16.865564333333335,True,1
1788778444.053,1788777958.2,78.66397916666666,16.865571833333334,True,1
1788778444.253,1788777958.4,78.663978,16.865579500000003,True,1
1788778444.453,1788777958.6,78.66397683333334,16.865587333333334,True,1
1788778444.653,1788777958.8,78.6639755,16.865595,True,1
1788778444.85,1788777959.0,78.66397416666668,16.865602833333334,True,1
1788778445.053,1788777959.2,78.66397283333335,16.865610666666665,True,1
1788778445.254,1788777959.4,78.66397166666667,16.865618333333334,True,1
1788778445.46,1788777959.6,78.6639705,16.86562616666667,True,1
1788778445.651,1788777959.8,78.66396933333334,16.865633666666668,True,1
1788778445.853,1788777960.0,78.66396800000001,16.865641166666666,True,1
1788778446.057,1788777960.2,78.66396683333333,16.865648500000002,True,1
1788778446.249,1788777960.4,78.66396566666667,16.865656,True,1
1788778446.452,1788777960.6,78.66396433333333,16.865663333333334,True,1
1788778446.652,1788777960.8,78.66396316666666,16.865670666666666,True,1
1788778446.852,1788777961.0,78.66396200000001,16.865678,True,1
1788778447.051,1788777961.2,78.66396066666667,16.865685499999998,True,1
1788778447.251,1788777961.4,78.66395933333334,16.865693,True,1
1788778447.452,1788777961.6,78.66395816666666,16.865700666666665,True,1
1788778447.649,1788777961.8,78.663957,16.865708166666664,True,1
1788778447.852,1788777962.0,78.66395583333333,16.865715666666667,True,1
1788778448.054,1788777962.2,78.6639545,16.865723166666665,True,1
1788778448.253,1788777962.4,78.66395333333334,16.865730833333334,True,1
1788778448.452,1788777962.6,78.66395216666666,16.865738500000003,True,1
1788778448.654,1788777962.8,78.663951,16.865746,True,1
1788778448.853,1788777963.0,78.66394983333333,16.865753666666667,True,1
1788778449.049,1788777963.2,78.6639485,16.86576116666667,True,1
1788778449.25,1788777963.4,78.66394733333333,16.865769,True,1
1788778449.453,1788777963.6,78.663946,16.86577683333333,True,1
1788778449.656,1788777963.8,78.66394466666667,16.8657845,True,1
1788778449.856,1788777964.0,78.6639435,16.865792,True,1
1788778450.05,1788777964.2,78.66394216666666,16.865799499999998,True,1
1788778450.253,1788777964.4,78.66394100000001,16.865806833333334,True,1
1788778450.45,1788777964.6,78.66393983333334,16.865814333333333,True,1
1788778450.652,1788777964.8,78.66393866666667,16.865821666666665,True,1
1788778450.852,1788777965.0,78.66393733333332,16.865829,True,1
1788778451.052,1788777965.2,78.66393616666666,16.865836333333334,True,1
1788778451.256,1788777965.4,78.66393483333333,16.865843833333333,True,1
1788778451.454,1788777965.6,78.66393366666667,16.8658515,True,1
1788778451.655,1788777965.8,78.66393233333334,16.865859,True,1
1788778451.852,1788777966.0,78.663931,16.865866666666665,True,1
1788778452.054,1788777966.2,78.66392983333334,16.865874333333334,True,1
1788778452.254,1788777966.4,78.66392850000001,16.865882,True,1
1788778452.452,1788777966.6,78.66392733333333,16.865889499999998,True,1
1788778452.654,1788777966.8,78.66392616666667,16.865897166666667,True,1
1788778452.853,1788777967.0,78.66392483333334,16.865904666666665,True,1
1788778453.052,1788777967.2,78.66392366666668,16.865912166666664,True,1
1788778453.25,1788777967.4,78.66392233333333,16.8659195,True,1
1788778453.454,1788777967.6,78.66392116666665,16.865927166666665,True,1
1788778453.654,1788777967.8,78.66392,16.865934666666664,True,1
1788778453.854,1788777968.0,78.66391866666666,16.865942500000003,True,1
1788778454.053,1788777968.2,78.66391733333333,16.865950166666668,True,1
1788778454.254,1788777968.4,78.66391616666667,16.865957666666667,True,1
1788778454.453,1788777968.6,78.66391483333334,16.865965333333335,True,1
1788778454.654,1788777968.8,78.66391366666667,16.865973,True,1
1788778454.854,1788777969.0,78.6639125,16.865980666666665,True,1
1788778455.053,1788777969.2,78.66391133333333,16.865988166666668,True,1
1788778455.253,1788777969.4,78.66391,16.865995833333333,True,1
1788778455.453,1788777969.6,78.66390883333334,16.86600333333333,True,1
1788778455.653,1788777969.8,78.66390750000001,16.866011,True,1
1788778455.852,1788777970.0,78.66390633333334,16.866018666666665,True,1
1788778456.052,1788777970.2,78.66390500000001,16.866026166666664,True,1
1788778456.252,1788777970.4,78.66390383333334,16.866033833333333,True,1
1788778456.452,1788777970.6,78.66390266666667,16.86604133333333,True,1
1788778456.656,1788777970.8,78.66390133333333,16.866048999999997,True,1
1788778456.851,1788777971.0,78.66390016666666,16.8660565,True,1
1788778457.053,1788777971.2,78.66389883333333,16.866063999999998,True,1
1788778457.25,1788777971.4,78.66389766666666,16.866071499999997,True,1
1788778457.453,1788777971.6,78.66389633333333,16.8660795,True,1
1788778457.65,1788777971.8,78.663895,16.866087333333333,True,1
1788778457.853,1788777972.0,78.66389383333333,16.866094999999998,True,1
1788778458.051,1788777972.2,78.6638925,16.866102666666666,True,1
1788778458.25,1788777972.4,78.66389116666666,16.86611033333333,True,1
1788778458.45,1788777972.6,78.66389000000001,16.866117999999997,True,1
1788778458.651,1788777972.8,78.66388883333335,16.8661255,True,1
1788778458.853,1788777973.0,78.6638875,16.86613283333333,True,1
1788778459.053,1788777973.2,78.66388633333332,16.86614033333333,True,1
1788778459.254,1788777973.4,78.66388516666666,16.866147833333333,True,1
1788778459.453,1788777973.6,78.66388383333333,16.86615533333333,True,1
1788778459.653,1788777973.8,78.66388266666667,16.86616283333333,True,1
1788778459.859,1788777974.0,78.66388149999999,16.8661705,True,1
1788778460.054,1788777974.2,78.66388033333332,16.866178166666668,True,1
1788778460.253,1788777974.4,78.663879,16.866185833333336,True,1
1788778460.457,1788777974.6,78.66387783333333,16.866193666666668,True,1
1788778460.652,1788777974.8,78.66387666666667,16.8662015,True,1
1788778460.851,1788777975.0,78.66387533333334,16.866209333333334,True,1
1788778461.052,1788777975.2,78.66387416666666,16.866217,True,1
1788778461.252,1788777975.4,78.66387283333333,16.866224666666668,True,1
1788778461.453,1788777975.6,78.6638715,16.866232333333336,True,1
1788778461.658,1788777975.8,78.66387033333334,16.86623966666667,True,1
1788778461.854,1788777976.0,78.663869,16.866247166666668,True,1
1788778462.053,1788777976.2,78.66386783333334,16.86625466666667,True,1
1788778462.253,1788777976.4,78.6638665,16.86626216666667,True,1
1788778462.454,1788777976.6,78.66386533333333,16.866269499999998,True,1
1788778462.654,1788777976.8,78.663864,16.866277166666666,True,1
1788778462.851,1788777977.0,78.66386266666667,16.866284666666665,True,1
1788778463.053,1788777977.2,78.6638615,16.866292166666664,True,1
1788778463.255,1788777977.4,78.66386016666667,16.866299833333336,True,1
1788778463.455,1788777977.6,78.663859,16.866307333333335,True,1
1788778463.653,1788777977.8,78.66385766666667,16.866314833333334,True,1
1788778463.858,1788777978.0,78.66385633333333,16.866322166666667,True,1
1788778464.054,1788777978.2,78.66385516666666,16.8663295,True,1
1788778464.251,1788777978.4,78.663854,16.866336999999998,True,1
1788778464.455,1788777978.6,78.66385266666666,16.8663445,True,1
1788778464.654,1788777978.8,78.66385149999999,16.866352,True,1
1788778464.855,1788777979.0,78.66385016666666,16.866359666666664,True,1
1788778465.053,1788777979.2,78.663849,16.866367333333336,True,1
1788778465.255,1788777979.4,78.66384766666667,16.866375,True,1
1788778465.454,1788777979.6,78.6638465,16.866382666666667,True,1
1788778465.652,1788777979.8,78.66384516666668,16.866390333333335,True,1
1788778465.853,1788777980.0,78.663844,16.866398,True,1
1788778466.054,1788777980.2,78.66384266666667,16.8664055,True,1
1788778466.254,1788777980.4,78.6638415,16.866413,True,1
1788778466.452,1788777980.6,78.66384016666666,16.866420333333334,True,1
1788778466.65,1788777980.8,78.66383900000001,16.866427666666667,True,1
1788778466.85,1788777981.0,78.66383766666667,16.86643516666667,True,1
1788778467.05,1788777981.2,78.66383649999999,16.866442833333334,True,1
1788778467.255,1788777981.4,78.66383516666666,16.866450333333333,True,1
1788778467.452,1788777981.6,78.66383383333333,16.866457833333335,True,1
1788778467.653,1788777981.8,78.6638325,16.866465333333334,True,1
1788778467.853,1788777982.0,78.66383133333333,16.866473166666665,True,1
1788778468.053,1788777982.2,78.66383,16.866481,True,1
1788778468.253,1788777982.4,78.66382866666666,16.866488666666665,True,1
1788778468.45,1788777982.6,78.66382733333333,16.866496166666664,True,1
1788778468.65,1788777982.8,78.66382616666667,16.866503833333336,True,1
1788778468.852,1788777983.0,78.66382483333334,16.8665115,True,1
1788778469.051,1788777983.2,78.66382366666667,16.866519166666667,True,1
1788778469.251,1788777983.4,78.66382233333334,16.86652666666667,True,1
1788778469.45,1788777983.6,78.66382116666666,16.866534166666668,True,1
1788778469.649,1788777983.8,78.66381983333333,16.866541666666667,True,1
1788778469.852,1788777984.0,78.66381849999999,16.86654916666667,True,1
1788778470.057,1788777984.2,78.66381733333333,16.866556666666668,True,1
1788778470.257,1788777984.4,78.663816,16.866564166666667,True,1
1788778470.452,1788777984.6,78.66381466666667,16.86657166666667,True,1
1788778470.652,1788777984.8,78.6638135,16.866579166666668,True,1
1788778470.852,1788777985.0,78.66381216666667,16.866586666666667,True,1
1788778471.052,1788777985.2,78.66381083333334,16.86659416666667,True,1
1788778471.252,1788777985.4,78.66380966666667,16.866602,True,1
1788778471.459,1788777985.6,78.66380833333332,16.8666095,True,1
1788778471.652,1788777985.8,78.66380716666666,16.866616833333335,True,1
1788778471.854,1788777986.0,78.66380583333333,16.866624666666667,True,1
1788778472.056,1788777986.2,78.6638045,16.866632,True,1
1788778472.253,1788777986.4,78.66380333333333,16.8666395,True,1
1788778472.452,1788777986.6,78.66380216666667,16.866646833333334,True,1
1788778472.653,1788777986.8,78.66380083333334,16.866654166666667,True,1
1788778472.855,1788777987.0,78.66379966666666,16.866661500000003,True,1
1788778473.053,1788777987.2,78.6637985,16.866668833333332,True,1
1788778473.254,1788777987.4,78.66379716666667,16.86667633333333,True,1
1788778473.455,1788777987.6,78.663796,16.866683833333333,True,1
1788778473.654,1788777987.8,78.66379483333334,16.866691333333332,True,1
1788778473.85,1788777988.0,78.66379350000001,16.866699,True,1
1788778474.052,1788777988.2,78.66379216666665,16.86670666666667,True,1
1788778474.252,1788777988.4,78.663791,16.866714333333334,True,1
1788778474.455,1788777988.6,78.66378966666666,16.866722,True,1
1788778474.654,1788777988.8,78.6637885,16.866729333333335,True,1
1788778474.854,1788777989.0,78.66378733333333,16.866736833333334,True,1
1788778475.052,1788777989.2,78.663786,16.866744333333333,True,1
1788778475.251,1788777989.4,78.66378483333332,16.86675166666667,True,1
1788778475.461,1788777989.6,78.66378366666666,16.866759000000002,True,1
1788778475.655,1788777989.8,78.66378233333333,16.86676633333333,True,1
1788778475.854,1788777990.0,78.66378116666667,16.866773666666667,True,1
1788778476.054,1788777990.2,78.66377983333334,16.866781166666666,True,1
1788778476.254,1788777990.4,78.66377866666667,16.8667885,True,1
1788778476.455,1788777990.6,78.6637775,16.866796166666667,True,1
1788778476.652,1788777990.8,78.66377616666666,16.8668035,True,1
1788778476.855,1788777991.0,78.663775,16.866811166666665,True,1
1788778477.054,1788777991.2,78.66377366666667,16.866818833333333,True,1
1788778477.252,1788777991.4,78.66377250000001,16.8668265,True,1
1788778477.452,1788777991.6,78.66377116666666,16.866834166666667,True,1
1788778477.65,1788777991.8,78.66376983333333,16.866841833333336,True,1
1788778477.852,1788777992.0,78.66376866666666,16.8668495,True,1
1788778478.051,1788777992.2,78.66376733333333,16.866857166666666,True,1
1788778478.254,1788777992.4,78.66376616666666,16.866864500000002,True,1
1788778478.458,1788777992.6,78.66376483333333,16.866872,True,1
1788778478.654,1788777992.8,78.66376366666667,16.866879333333333,True,1
1788778478.853,1788777993.0,78.66376233333334,16.866886833333336,True,1
1788778479.053,1788777993.2,78.66376116666667,16.866894333333335,True,1
1788778479.253,1788777993.4,78.66375983333334,16.866902,True,1
1788778479.451,1788777993.6,78.6637585,16.866909833333334,True,1
1788778479.65,1788777993.8,78.66375716666667,16.8669175,True,1
1788778479.852,1788777994.0,78.66375599999999,16.86692533333333,True,1
1788778480.051,1788777994.2,78.66375466666666,16.86693316666667,True,1
1788778480.254,1788777994.4,78.66375333333333,16.866941,True,1
1788778480.451,1788777994.6,78.66375216666667,16.8669485,True,1
1788778480.65,1788777994.8,78.66375083333334,16.866956166666668,True,1
1788778480.851,1788777995.0,78.66374966666667,16.866963666666667,True,1
1788778481.053,1788777995.2,78.66374850000001,16.866971166666666,True,1
1788778481.252,1788777995.4,78.66374716666665,16.866978666666668,True,1
1788778481.452,1788777995.6,78.663746,16.866986333333333,True,1
1788778481.651,1788777995.8,78.66374466666666,16.866993833333332,True,1
1788778481.852,1788777996.0,78.66374333333333,16.8670015,True,1
1788778482.052,1788777996.2,78.663742,16.867009333333332,True,1
1788778482.251,1788777996.4,78.66374066666667,16.867016999999997,True,1
1788778482.45,1788777996.6,78.6637395,16.86702466666667,True,1
1788778482.652,1788777996.8,78.66373816666666,16.867032166666668,True,1
1788778482.852,1788777997.0,78.66373700000001,16.867039666666667,True,1
1788778483.051,1788777997.2,78.66373566666667,16.86704716666667,True,1
1788778483.25,1788777997.4,78.66373449999999,16.867054666666668,True,1
1788778483.449,1788777997.6,78.66373316666666,16.867062333333333,True,1
1788778483.65,1788777997.8,78.663732,16.867069833333336,True,1
1788778483.855,1788777998.0,78.66373066666667,16.8670775,True,1
1788778484.053,1788777998.2,78.6637295,16.867085333333332,True,1
1788778484.254,1788777998.4,78.66372816666667,16.867093,True,1
1788778484.455,1788777998.6,78.66372700000001,16.867100833333332,True,1
1788778484.657,1788777998.8,78.66372566666668,16.867108499999997,True,1
1788778484.853,1788777999.0,78.6637245,16.867116333333335,True,1
1788778485.052,1788777999.2,78.66372316666666,16.867124166666667,True,1
1788778485.253,1788777999.4,78.663722,16.867132,True,1
1788778485.452,1788777999.6,78.66372066666666,16.867139833333333,True,1
1788778485.653,1788777999.8,78.66371933333333,16.867147666666664,True,1
1788778485.852,1788778000.0,78.66371816666667,16.867155166666667,True,1
1788778486.054,1788778000.2,78.66371683333334,16.867162833333335,True,1
1788778486.251,1788778000.4,78.66371566666666,16.8671705,True,1
1788778486.454,1788778000.6,78.66371433333333,16.867178000000003,True,1
1788778486.653,1788778000.8,78.66371316666667,16.8671855,True,1
1788778486.855,1788778001.0,78.663712,16.867193,True,1
1788778487.054,1788778001.2,78.66371066666667,16.867200500000003,True,1
1788778487.254,1788778001.4,78.66370950000001,16.867207833333335,True,1
1788778487.453,1788778001.6,78.66370816666667,16.867215333333334,True,1
1788778487.651,1788778001.8,78.663707,16.867223000000003,True,1
1788778487.854,1788778002.0,78.66370566666666,16.8672305,True,1
1788778488.053,1788778002.2,78.6637045,16.867238166666667,True,1
1788778488.253,1788778002.4,78.66370316666666,16.86724566666667,True,1
1788778488.452,1788778002.6,78.663702,16.867253333333334,True,1
1788778488.652,1788778002.8,78.66370066666667,16.867261166666665,True,1
1788778488.851,1788778003.0,78.66369933333334,16.867268833333334,True,1
1788778489.049,1788778003.2,78.66369816666666,16.8672765,True,1
1788778489.252,1788778003.4,78.66369683333333,16.867284166666664,True,1
1788778489.451,1788778003.6,78.66369566666667,16.867291666666667,True,1
1788778489.652,1788778003.8,78.66369433333332,16.867299333333335,True,1
1788778489.854,1788778004.0,78.66369316666666,16.867306833333334,True,1
1788778490.054,1788778004.2,78.66369200000001,16.867314500000003,True,1
1788778490.252,1788778004.4,78.66369066666667,16.867322,True,1
1788778490.46,1788778004.6,78.66368933333334,16.867329666666667,True,1
1788778490.653,1788778004.8,78.66368816666666,16.86733716666667,True,1
1788778490.853,1788778005.0,78.66368683333333,16.867344666666668,True,1
1788778491.054,1788778005.2,78.6636855,16.867352166666667,True,1
1788778491.253,1788778005.4,78.66368433333334,16.86735966666667,True,1
1788778491.454,1788778005.6,78.663683,16.867367166666668,True,1
1788778491.651,1788778005.8,78.66368166666666,16.8673745,True,1
1788778491.85,1788778006.0,78.6636805,16.867382000000003,True,1
1788778492.053,1788778006.2,78.66367916666667,16.8673895,True,1
1788778492.252,1788778006.4,78.66367799999999,16.867397,True,1
1788778492.452,1788778006.6,78.66367666666666,16.867404500000003,True,1
1788778492.652,1788778006.8,78.6636755,16.867411833333332,True,1
1788778492.853,1788778007.0,78.66367416666667,16.8674195,True,1
1788778493.052,1788778007.2,78.66367283333334,16.867427000000003,True,1
1788778493.251,1788778007.4,78.66367166666667,16.8674345,True,1
1788778493.452,1788778007.6,78.66367033333333,16.867442,True,1
1788778493.652,1788778007.8,78.66366916666666,16.86744966666667,True,1
1788778493.852,1788778008.0,78.66366783333334,16.867457166666668,True,1
1788778494.052,1788778008.2,78.6636665,16.867464833333333,True,1
1788778494.25,1788778008.4,78.66366516666668,16.867472333333335,True,1
1788778494.452,1788778008.6,78.663664,16.867479833333334,True,1
1788778494.652,1788778008.8,78.66366266666667,16.867487166666667,True,1
1788778494.853,1788778009.0,78.6636615,16.86749466666667,True,1
1788778495.052,1788778009.2,78.66366016666666,16.867502166666668,True,1
1788778495.251,1788778009.4,78.66365900000001,16.867509666666667,True,1
1788778495.451,1788778009.6,78.66365766666667,16.86751716666667,True,1
1788778495.652,1788778009.8,78.66365649999999,16.867524500000002,True,1
1788778495.852,1788778010.0,78.66365516666666,16.867532,True,1
1788778496.053,1788778010.2,78.66365383333333,16.867539500000003,True,1
1788778496.253,1788778010.4,78.6636525,16.867547166666668,True,1
1788778496.453,1788778010.6,78.66365133333333,16.867554666666667,True,1
1788778496.653,1788778010.8,78.66365,16.867562500000002,True,1
1788778496.853,1788778011.0,78.66364866666666,16.867570166666667,True,1
1788778497.053,1788778011.2,78.6636475,16.8675775,True,1
1788778497.251,1788778011.4,78.66364616666667,16.867585166666668,True,1
1788778497.453,1788778011.6,78.663645,16.867592833333333,True,1
1788778497.652,1788778011.8,78.66364366666667,16.867600333333332,True,1
1788778497.854,1788778012.0,78.66364233333334,16.867608,True,1
1788778498.054,1788778012.2,78.66364116666666,16.8676155,True,1
1788778498.259,1788778012.4,78.66363983333333,16.86762333333333,True,1
1788778498.452,1788778012.6,78.66363849999999,16.867631333333335,True,1
1788778498.654,1788778012.8,78.66363716666666,16.867639,True,1
1788778498.852,1788778013.0,78.663636,16.867646666666666,True,1
1788778499.066,1788778013.2,78.66363466666667,16.867654333333334,True,1
1788778499.252,1788778013.4,78.66363333333334,16.867661833333333,True,1
1788778499.451,1788778013.6,78.66363216666667,16.867669499999998,True,1
1788778499.653,1788778013.8,78.66363083333334,16.867677166666667,True,1
1788778499.853,1788778014.0,78.66362966666667,16.867684999999998,True,1
1788778500.051,1788778014.2,78.66362833333332,16.867692833333333,True,1
1788778500.255,1788778014.4,78.66362716666666,16.8677005,True,1
1788778500.454,1788778014.6,78.66362583333333,16.867708666666665,True,1
1788778500.654,1788778014.8,78.66362466666666,16.867716499999997,True,1
1788778500.851,1788778015.0,78.66362333333333,16.8677245,True,1
1788778501.053,1788778015.2,78.663622,16.867732333333333,True,1
1788778501.254,1788778015.4,78.66362083333334,16.867739833333335,True,1
1788778501.451,1788778015.6,78.66361950000001,16.867747666666666,True,1
1788778501.652,1788778015.8,78.66361816666667,16.86775533333333,True,1
1788778501.853,1788778016.0,78.66361683333334,16.867763,True,1
1788778502.052,1788778016.2,78.66361566666666,16.86777066666667,True,1
1788778502.251,1788778016.4,78.66361433333333,16.867778333333334,True,1
1788778502.451,1788778016.6,78.663613,16.867785833333336,True,1
1788778502.653,1788778016.8,78.66361166666667,16.8677935,True,1
1788778502.853,1788778017.0,78.66361033333332,16.867801,True,1
1788778503.053,1788778017.2,78.663609,16.86780866666667,True,1
1788778503.253,1788778017.4,78.66360783333333,16.867816166666667,True,1
1788778503.455,1788778017.6,78.6636065,16.867823666666666,True,1
1788778503.654,1788778017.8,78.66360516666667,16.867831333333335,True,1
1788778503.853,1788778018.0,78.663604,16.867838666666668,True,1
1788778504.054,1788778018.2,78.66360266666668,16.867846166666666,True,1
1788778504.251,1788778018.4,78.66360133333333,16.86785366666667,True,1
1788778504.453,1788778018.6,78.66360016666665,16.867861333333334,True,1
1788778504.653,1788778018.8,78.66359883333332,16.867868833333333,True,1
1788778504.853,1788778019.0,78.6635975,16.8678765,True,1
1788778505.053,1788778019.2,78.66359616666666,16.867884166666666,True,1
1788778505.253,1788778019.4,78.66359483333333,16.86789183333333,True,1
1788778505.459,1788778019.6,78.66359349999999,16.867899666666666,True,1
1788778505.651,1788778019.8,78.66359233333333,16.8679075,True,1
1788778505.854,1788778020.0,78.663591,16.867915333333332,True,1
1788778506.059,1788778020.2,78.66358966666667,16.867923,True,1
1788778506.255,1788778020.4,78.66358833333334,16.867930666666666,True,1
1788778506.455,1788778020.6,78.663587,16.867938499999998,True,1
1788778506.653,1788778020.8,78.66358583333334,16.867946166666666,True,1
1788778506.853,1788778021.0,78.6635845,16.867954,True,1
1788778507.052,1788778021.2,78.66358316666667,16.867961833333332,True,1
1788778507.25,1788778021.4,78.66358183333334,16.867969666666667,True,1
1788778507.452,1788778021.6,78.66358066666666,16.867977666666665,True,1
1788778507.65,1788778021.8,78.66357933333333,16.8679855,True,1
1788778507.851,1788778022.0,78.663578,16.867993333333335,True,1
1788778508.051,1788778022.2,78.66357683333334,16.868001166666666,True,1
1788778508.25,1788778022.4,78.6635755,16.868008999999997,True,1
1788778508.448,1788778022.6,78.66357433333333,16.868017000000002,True,1
1788778508.653,1788778022.8,78.663573,16.868025,True,1
1788778508.852,1788778023.0,78.66357166666667,16.868033,True,1
1788778509.052,1788778023.2,78.6635705,16.868041,True,1
1788778509.252,1788778023.4,78.66356916666668,16.868049,True,1
1788778509.454,1788778023.6,78.66356783333335,16.868056833333334,True,1
1788778509.653,1788778023.8,78.66356666666667,16.868064666666665,True,1
1788778509.851,1788778024.0,78.66356533333332,16.8680725,True,1
1788778510.051,1788778024.2,78.66356416666666,16.86808016666667,True,1
1788778510.25,1788778024.4,78.66356283333333,16.868087833333334,True,1
1788778510.45,1788778024.6,78.66356166666667,16.868095333333333,True,1
1788778510.655,1788778024.8,78.66356033333334,16.868103,True,1
1788778510.855,1788778025.0,78.663559,16.868110666666666,True,1
1788778511.05,1788778025.2,78.66355783333333,16.86811833333333,True,1
1788778511.25,1788778025.4,78.6635565,16.868125833333334,True,1
1788778511.452,1788778025.6,78.66355516666665,16.868133666666665,True,1
1788778511.651,1788778025.8,78.66355383333332,16.86814133333333,True,1
1788778511.853,1788778026.0,78.66355266666666,16.868149000000003,True,1
1788778512.057,1788778026.2,78.66355133333333,16.868156666666668,True,1
1788778512.253,1788778026.4,78.66355,16.8681645,True,1
1788778512.45,1788778026.6,78.66354883333334,16.868172166666668,True,1
1788778512.653,1788778026.8,78.6635475,16.86818,True,1
1788778512.853,1788778027.0,78.66354616666666,16.868187666666664,True,1
1788778513.054,1788778027.2,78.66354483333333,16.86819566666667,True,1
1788778513.252,1788778027.4,78.66354366666665,16.8682035,True,1
1788778513.453,1788778027.6,78.66354233333333,16.868211166666665,True,1
1788778513.651,1788778027.8,78.663541,16.868218833333334,True,1
1788778513.852,1788778028.0,78.66353983333333,16.8682265,True,1
1788778514.055,1788778028.2,78.6635385,16.86823383333333,True,1
1788778514.254,1788778028.4,78.66353716666667,16.8682415,True,1
1788778514.455,1788778028.6,78.66353600000001,16.868249,True,1
1788778514.654,1788778028.8,78.66353466666666,16.868256499999998,True,1
1788778514.854,1788778029.0,78.66353333333333,16.868264,True,1
1788778515.053,1788778029.2,78.663532,16.868271666666665,True,1
1788778515.251,1788778029.4,78.66353066666667,16.86827933333333,True,1
1788778515.452,1788778029.6,78.66352933333333,16.868287000000002,True,1
1788778515.654,1788778029.8,78.663528,16.8682945,True,1
1788778515.853,1788778030.0,78.66352683333334,16.868302333333336,True,1
1788778516.054,1788778030.2,78.6635255,16.86831,True,1
1788778516.265,1788778030.4,78.66352416666668,16.868317833333332,True,1
1788778516.454,1788778030.6,78.66352283333335,16.8683255,True,1
1788778516.651,1788778030.8,78.66352166666667,16.868333333333332,True,1
1788778516.853,1788778031.0,78.66352033333332,16.868341,True,1
1788778517.053,1788778031.2,78.663519,16.868349000000002,True,1
1788778517.254,1788778031.4,78.66351783333333,16.868356666666667,True,1
1788778517.453,1788778031.6,78.6635165,16.8683645,True,1
1788778517.653,1788778031.8,78.66351533333334,16.868372166666667,True,1
1788778517.859,1788778032.0,78.663514,16.868379666666666,True,1
1788778518.051,1788778032.2,78.66351283333333,16.86838733333333,True,1
1788778518.251,1788778032.4,78.6635115,16.868395,True,1
1788778518.45,1788778032.6,78.66351033333333,16.8684025,True,1
1788778518.651,1788778032.8,78.663509,16.868410166666667,True,1
1788778518.85,1788778033.0,78.66350783333334,16.868417833333336,True,1
1788778519.05,1788778033.2,78.6635065,16.868425666666667,True,1
1788778519.252,1788778033.4,78.66350516666667,16.868433666666665,True,1
1788778519.449,1788778033.6,78.663504,16.868441333333333,True,1
1788778519.653,1788778033.8,78.66350266666667,16.868449166666668,True,1
1788778519.854,1788778034.0,78.6635015,16.868457166666666,True,1
1788778520.051,1788778034.2,78.66350016666667,16.868465,True,1
1788778520.253,1788778034.4,78.663499,16.868472999999998,True,1
1788778520.46,1788778034.6,78.66349766666667,16.868481,True,1
1788778520.654,1788778034.8,78.66349650000001,16.868488833333334,True,1
1788778520.854,1788778035.0,78.66349533333333,16.868496666666665,True,1
1788778521.055,1788778035.2,78.663494,16.86850466666667,True,1
1788778521.249,1788778035.4,78.66349283333334,16.868512333333335,True,1
1788778521.453,1788778035.6,78.66349149999999,16.868520166666666,True,1
1788778521.652,1788778035.8,78.66349033333333,16.868527833333335,True,1
1788778521.852,1788778036.0,78.663489,16.8685355,True,1
1788778522.051,1788778036.2,78.66348783333333,16.868543166666665,True,1
1788778522.249,1788778036.4,78.66348666666666,16.868550833333334,True,1
1788778522.451,1788778036.6,78.66348533333333,16.868558333333333,True,1
1788778522.65,1788778036.8,78.663484,16.868565999999998,True,1
1788778522.852,1788778037.0,78.66348283333333,16.86857366666667,True,1
1788778523.052,1788778037.2,78.6634815,16.868581666666667,True,1
1788778523.252,1788778037.4,78.66348016666667,16.868589333333333,True,1
1788778523.451,1788778037.6,78.66347883333333,16.868597,True,1
1788778523.65,1788778037.8,78.66347766666667,16.868604666666666,True,1
1788778523.853,1788778038.0,78.66347633333334,16.868612166666665,True,1
1788778524.051,1788778038.2,78.663475,16.86862,True,1
1788778524.251,1788778038.4,78.66347366666668,16.8686275,True,1
1788778524.455,1788778038.6,78.6634725,16.868635166666664,True,1
1788778524.65,1788778038.8,78.66347116666667,16.868642833333336,True,1
1788778524.85,1788778039.0,78.66346983333332,16.868650666666667,True,1
1788778525.05,1788778039.2,78.66346866666666,16.8686585,True,1
1788778525.251,1788778039.4,78.66346733333333,16.868666166666667,True,1
1788778525.453,1788778039.6,78.663466,16.868673833333332,True,1
1788778525.653,1788778039.8,78.66346483333334,16.868681499999997,True,1
1788778525.853,1788778040.0,78.6634635,16.868689166666666,True,1
1788778526.054,1788778040.2,78.66346233333334,16.868696833333335,True,1
1788778526.253,1788778040.4,78.66346100000001,16.868704333333334,True,1
1788778526.452,1788778040.6,78.66345966666667,16.868711833333336,True,1
1788778526.652,1788778040.8,78.66345833333334,16.8687195,True,1
1788778526.852,1788778041.0,78.66345716666666,16.868727166666666,True,1
1788778527.051,1788778041.2,78.66345583333333,16.86873466666667,True,1
1788778527.251,1788778041.4,78.66345466666667,16.868742333333334,True,1
1788778527.451,1788778041.6,78.66345333333334,16.868749833333332,True,1
1788778527.65,1788778041.8,78.663452,16.868757333333335,True,1
1788778527.853,1788778042.0,78.66345083333334,16.868765,True,1
1788778528.052,1788778042.2,78.6634495,16.868772666666665,True,1
1788778528.255,1788778042.4,78.66344816666667,16.868780333333333,True,1
1788778528.455,1788778042.6,78.66344699999999,16.868788,True,1
1788778528.655,1788778042.8,78.66344566666666,16.868795499999997,True,1
1788778528.853,1788778043.0,78.66344433333333,16.868803166666666,True,1
1788778529.05,1788778043.2,78.66344316666667,16.868810833333335,True,1
1788778529.254,1788778043.4,78.66344183333334,16.868818666666666,True,1
1788778529.451,1788778043.6,78.66344066666667,16.8688265,True,1
1788778529.652,1788778043.8,78.66343933333333,16.868834,True,1
1788778529.851,1788778044.0,78.663438,16.868841666666665,True,1
1788778530.052,1788778044.2,78.66343683333334,16.8688495,True,1
1788778530.252,1788778044.4,78.6634355,16.8688575,True,1
1788778530.45,1788778044.6,78.66343416666668,16.86886516666667,True,1
1788778530.653,1788778044.8,78.663433,16.868872833333334,True,1
1788778530.852,1788778045.0,78.66343166666667,16.868880166666667,True,1
1788778531.05,1788778045.2,78.66343033333332,16.86888766666667,True,1
1788778531.253,1788778045.4,78.66342916666667,16.868895000000002,True,1
1788778531.452,1788778045.6,78.66342783333333,16.8689025,True,1
1788778531.653,1788778045.8,78.6634265,16.868910000000003,True,1
1788778531.85,1788778046.0,78.66342533333334,16.868917500000002,True,1
1788778532.054,1788778046.2,78.663424,16.868925,True,1
1788778532.252,1788778046.4,78.66342266666668,16.868932500000003,True,1
1788778532.452,1788778046.6,78.6634215,16.868940000000002,True,1
1788778532.652,1788778046.8,78.66342016666667,16.8689475,True,1
1788778532.853,1788778047.0,78.663419,16.86895516666667,True,1
1788778533.053,1788778047.2,78.66341766666666,16.868963,True,1
1788778533.25,1788778047.4,78.66341633333333,16.8689705,True,1
1788778533.452,1788778047.6,78.66341516666667,16.86897816666667,True,1
1788778533.652,1788778047.8,78.66341383333334,16.868985666666667,True,1
1788778533.853,1788778048.0,78.66341266666667,16.868993333333332,True,1
1788778534.052,1788778048.2,78.66341133333334,16.869001,True,1
1788778534.253,1788778048.4,78.66341016666667,16.869008666666666,True,1
1788778534.451,1788778048.6,78.66340883333334,16.869016166666665,True,1
1788778534.652,1788778048.8,78.66340766666667,16.869023833333333,True,1
1788778534.852,1788778049.0,78.66340633333333,16.869031500000002,True,1
1788778535.052,1788778049.2,78.66340516666668,16.869039,True,1
1788778535.252,1788778049.4,78.66340383333333,16.869046500000003,True,1
1788778535.457,1788778049.6,78.66340266666666,16.869054000000002,True,1
1788778535.652,1788778049.8,78.66340133333333,16.8690615,True,1
1788778535.851,1788778050.0,78.66340016666666,16.869069000000003,True,1
1788778536.05,1788778050.2,78.66339883333333,16.869076500000002,True,1
1788778536.253,1788778050.4,78.6633975,16.869084,True,1
1788778536.453,1788778050.6,78.66339633333334,16.869091833333336,True,1
1788778536.652,1788778050.8,78.66339500000001,16.8690995,True,1
1788778536.853,1788778051.0,78.66339383333334,16.869107166666666,True,1
1788778537.054,1788778051.2,78.6633925,16.869115,True,1
1788778537.25,1788778051.4,78.66339133333332,16.869122666666666,True,1
1788778537.452,1788778051.6,78.66338999999999,16.8691305,True,1
1788778537.65,1788778051.8,78.66338883333333,16.869138333333336,True,1
1788778537.851,1788778052.0,78.6633875,16.869146,True,1
1788778538.052,1788778052.2,78.66338616666667,16.869153666666666,True,1
1788778538.25,1788778052.4,78.663385,16.869161166666668,True,1
1788778538.451,1788778052.6,78.66338366666668,16.8691685,True,1
1788778538.652,1788778052.8,78.6633825,16.869175833333333,True,1
1788778538.853,1788778053.0,78.66338116666667,16.86918316666667,True,1
1788778539.054,1788778053.2,78.66338,16.8691905,True,1
1788778539.253,1788778053.4,78.66337866666666,16.86919783333333,True,1
1788778539.454,1788778053.6,78.6633775,16.869205166666667,True,1
1788778539.653,1788778053.8,78.66337616666667,16.8692125,True,1
1788778539.854,1788778054.0,78.663375,16.86922,True,1
1788778540.052,1788778054.2,78.66337366666667,16.869227333333335,True,1
1788778540.252,1788778054.4,78.6633725,16.869234833333334,True,1
1788778540.452,1788778054.6,78.66337116666666,16.869242,True,1
1788778540.653,1788778054.8,78.66337,16.869249500000002,True,1
1788778540.853,1788778055.0,78.66336866666667,16.869256833333335,True,1
1788778541.053,1788778055.2,78.6633675,16.869264333333334,True,1
1788778541.251,1788778055.4,78.66336633333334,16.86927166666667,True,1
1788778541.448,1788778055.6,78.66336500000001,16.86927916666667,True,1
1788778541.653,1788778055.8,78.66336383333334,16.869286833333334,True,1
1788778541.852,1788778056.0,78.66336249999999,16.869294500000002,True,1
1788778542.052,1788778056.2,78.66336133333333,16.869302,True,1
1788778542.253,1788778056.4,78.66336,16.8693095,True,1
1788778542.453,1788778056.6,78.66335866666667,16.869317000000002,True,1
1788778542.653,1788778056.8,78.6633575,16.869324333333335,True,1
1788778542.851,1788778057.0,78.66335616666667,16.869331833333334,True,1
1788778543.053,1788778057.2,78.66335483333334,16.869339333333336,True,1
1788778543.253,1788778057.4,78.66335366666667,16.869346833333335,True,1
1788778543.453,1788778057.6,78.66335233333332,16.869354333333334,True,1
1788778543.652,1788778057.8,78.66335116666667,16.869361833333336,True,1
1788778543.852,1788778058.0,78.66334983333333,16.8693695,True,1
1788778544.053,1788778058.2,78.66334866666666,16.869377166666666,True,1
1788778544.251,1788778058.4,78.66334733333333,16.86938466666667,True,1
1788778544.454,1788778058.6,78.66334616666667,16.869392333333334,True,1
1788778544.653,1788778058.8,78.66334483333334,16.8694,True,1
1788778544.853,1788778059.0,78.66334350000001,16.869407666666667,True,1
1788778545.053,1788778059.2,78.66334233333333,16.869415,True,1
1788778545.253,1788778059.4,78.663341,16.869422333333333,True,1
1788778545.453,1788778059.6,78.66333983333334,16.86942966666667,True,1
1788778545.65,1788778059.8,78.66333866666668,16.869437,True,1
1788778545.852,1788778060.0,78.66333733333333,16.8694445,True,1
1788778546.053,1788778060.2,78.66333616666667,16.869451666666667,True,1
1788778546.252,1788778060.4,78.66333483333332,16.869459166666665,True,1
1788778546.451,1788778060.6,78.6633335,16.869466833333334,True,1
1788778546.651,1788778060.8,78.66333216666666,16.86947466666667,True,1
1788778546.851,1788778061.0,78.663331,16.869482333333334,True,1
1788778547.049,1788778061.2,78.66332966666667,16.869489833333333,True,1
1788778547.252,1788778061.4,78.66332833333333,16.869497000000003,True,1
1788778547.453,1788778061.6,78.66332716666668,16.8695045,True,1
1788778547.652,1788778061.8,78.66332600000001,16.869512,True,1
1788778547.853,1788778062.0,78.66332466666667,16.869519500000003,True,1
1788778548.052,1788778062.2,78.66332349999999,16.869526833333335,True,1
1788778548.251,1788778062.4,78.66332216666666,16.869534166666664,True,1
1788778548.451,1788778062.6,78.663321,16.869541833333336,True,1
1788778548.651,1788778062.8,78.66331966666667,16.8695495,True,1
1788778548.85,1788778063.0,78.6633185,16.869557333333333,True,1
1788778549.052,1788778063.2,78.66331716666667,16.869564833333335,True,1
1788778549.25,1788778063.4,78.663316,16.869572333333334,True,1
1788778549.45,1788778063.6,78.66331466666666,16.869579833333333,True,1
1788778549.65,1788778063.8,78.66331333333332,16.8695875,True,1
1788778549.861,1788778064.0,78.66331216666667,16.869595,True,1
1788778550.052,1788778064.2,78.66331100000001,16.869602333333333,True,1
1788778550.252,1788778064.4,78.66330966666666,16.86960966666667,True,1
1788778550.461,1788778064.6,78.6633085,16.869617,True,1
1788778550.654,1788778064.8,78.66330716666667,16.8696245,True,1
1788778550.855,1788778065.0,78.66330599999999,16.86963216666667,True,1
1788778551.054,1788778065.2,78.66330483333333,16.8696395,True,1
1788778551.254,1788778065.4,78.6633035,16.869647,True,1
1788778551.454,1788778065.6,78.66330216666667,16.869654500000003,True,1
1788778551.65,1788778065.8,78.663301,16.869661833333332,True,1
1788778551.85,1788778066.0,78.66329966666667,16.8696695,True,1
1788778552.052,1788778066.2,78.66329850000001,16.869677000000003,True,1
1788778552.25,1788778066.4,78.66329716666668,16.8696845,True,1
1788778552.45,1788778066.6,78.66329583333332,16.869692,True,1
1788778552.653,1788778066.8,78.66329466666666,16.86969966666667,True,1
1788778552.855,1788778067.0,78.66329333333333,16.869707166666668,True,1
1788778553.053,1788778067.2,78.663292,16.869714666666667,True,1
1788778553.255,1788778067.4,78.66329066666667,16.869722000000003,True,1
1788778553.463,1788778067.6,78.66328933333332,16.869729666666668,True,1
1788778553.654,1788778067.8,78.66328816666667,16.869737333333333,True,1
1788778553.851,1788778068.0,78.66328683333333,16.86974466666667,True,1
1788778554.052,1788778068.2,78.6632855,16.869752000000002,True,1
1788778554.252,1788778068.4,78.66328433333334,16.8697595,True,1
1788778554.453,1788778068.6,78.663283,16.869766833333333,True,1
1788778554.652,1788778068.8,78.66328166666668,16.869774333333332,True,1
1788778554.851,1788778069.0,78.6632805,16.86978183333333,True,1
1788778555.051,1788778069.2,78.66327916666667,16.869789166666667,True,1
1788778555.251,1788778069.4,78.66327783333332,16.8697965,True,1
1788778555.454,1788778069.6,78.66327666666666,16.869803833333332,True,1
1788778555.653,1788778069.8,78.66327533333333,16.869811333333335,True,1
1788778555.854,1788778070.0,78.663274,16.869818666666667,True,1
1788778556.052,1788778070.2,78.66327283333334,16.869826,True,1
1788778556.253,1788778070.4,78.66327150000001,16.869833500000002,True,1
1788778556.453,1788778070.6,78.66327016666668,16.869840833333335,True,1
1788778556.65,1788778070.8,78.663269,16.869848333333334,True,1
1788778556.853,1788778071.0,78.66326766666666,16.869855833333336,True,1
1788778557.053,1788778071.2,78.66326649999999,16.8698635,True,1
1788778557.251,1788778071.4,78.66326516666666,16.869870833333334,True,1
1788778557.452,1788778071.6,78.663264,16.869878333333336,True,1
1788778557.652,1788778071.8,78.66326266666667,16.869885833333335,True,1
1788778557.853,1788778072.0,78.66326133333334,16.869893333333334,True,1
1788778558.054,1788778072.2,78.66326000000001,16.869900833333336,True,1
1788778558.252,1788778072.4,78.66325883333334,16.86990816666667,True,1
1788778558.451,1788778072.6,78.6632575,16.869915666666667,True,1
1788778558.651,1788778072.8,78.66325616666667,16.869922999999996,True,1
1788778558.852,1788778073.0,78.66325483333334,16.869930333333333,True,1
1788778559.052,1788778073.2,78.66325350000001,16.86993783333333,True,1
1788778559.251,1788778073.4,78.66325233333333,16.869945166666664,True,1
1788778559.448,1788778073.6,78.663251,16.869952666666666,True,1
1788778559.651,1788778073.8,78.66324983333334,16.86996,True,1
1788778559.852,1788778074.0,78.6632485,16.86996733333333,True,1
1788778560.05,1788778074.2,78.66324733333333,16.869974833333334,True,1
1788778560.25,1788778074.4,78.663246,16.869982333333333,True,1
1788778560.449,1788778074.6,78.66324483333332,16.869990166666664,True,1
1788778560.652,1788778074.8,78.6632435,16.869997833333333,True,1
1788778560.848,1788778075.0,78.66324216666666,16.870005666666668,True,1
1788778561.052,1788778075.2,78.66324083333333,16.870013333333336,True,1
1788778561.252,1788778075.4,78.66323966666667,16.870020833333335,True,1
1788778561.457,1788778075.6,78.66323833333333,16.870028166666668,True,1
1788778561.653,1788778075.8,78.66323716666668,16.87003566666667,True,1
1788778561.851,1788778076.0,78.66323583333333,16.870043,True,1
1788778562.051,1788778076.2,78.66323466666667,16.870050499999998,True,1
1788778562.251,1788778076.4,78.66323349999999,16.87005783333333,True,1
1788778562.451,1788778076.6,78.66323216666666,16.870065166666667,True,1
1788778562.651,1788778076.8,78.663231,16.870072999999998,True,1
1788778562.851,1788778077.0,78.66322966666667,16.870080833333336,True,1
1788778563.049,1788778077.2,78.66322833333334,16.8700885,True,1
1788778563.25,1788778077.4,78.663227,16.870096166666666,True,1
1788778563.449,1788778077.6,78.66322583333334,16.870104,True,1
1788778563.65,1788778077.8,78.6632245,16.870111666666666,True,1
1788778563.852,1788778078.0,78.66322333333332,16.870119166666665,True,1
1788778564.051,1788778078.2,78.66322199999999,16.8701265,True,1
1788778564.252,1788778078.4,78.66322066666666,16.870133833333334,True,1
1788778564.452,1788778078.6,78.6632195,16.870141166666667,True,1
1788778564.654,1788778078.8,78.66321816666667,16.87014866666667,True,1
1788778564.856,1788778079.0,78.66321683333334,16.870156333333334,True,1
1788778565.054,1788778079.2,78.66321566666667,16.870164,True,1
1788778565.253,1788778079.4,78.66321433333333,16.870171833333334,True,1
1788778565.459,1788778079.6,78.663213,16.87017966666667,True,1
1788778565.65,1788778079.8,78.66321166666667,16.870187666666666,True,1
1788778565.853,1788778080.0,78.6632105,16.870195333333335,True,1
1788778566.058,1788778080.2,78.66320916666668,16.870202833333334,True,1
1788778566.25,1788778080.4,78.663208,16.870210666666665,True,1
1788778566.454,1788778080.6,78.66320666666667,16.870218166666668,True,1
1788778566.653,1788778080.8,78.66320533333332,16.870225666666666,True,1
1788778566.854,1788778081.0,78.663204,16.870233166666665,True,1
1788778567.052,1788778081.2,78.66320266666666,16.8702405,True,1
1788778567.252,1788778081.4,78.66320133333333,16.870248166666666,True,1
1788778567.453,1788778081.6,78.66320016666667,16.870255666666665,True,1
1788778567.652,1788778081.8,78.66319883333334,16.870263333333334,True,1
1788778567.854,1788778082.0,78.66319766666668,16.870270833333333,True,1
1788778568.054,1788778082.2,78.66319633333333,16.870278666666664,True,1
1788778568.253,1788778082.4,78.66319516666667,16.870286333333336,True,1
1788778568.452,1788778082.6,78.66319383333332,16.870294,True,1
1788778568.653,1788778082.8,78.66319266666666,16.870301666666666,True,1
1788778568.854,1788778083.0,78.66319133333333,16.870309333333335,True,1
1788778569.05,1788778083.2,78.66319016666667,16.870317333333332,True,1
1788778569.254,1788778083.4,78.66318883333334,16.870324999999998,True,1
1788778569.453,1788778083.6,78.6631875,16.870332666666666,True,1
1788778569.653,1788778083.8,78.66318633333334,16.8703405,True,1
1788778569.855,1788778084.0,78.66318500000001,16.870348333333332,True,1
1788778570.052,1788778084.2,78.66318383333333,16.870356,True,1
1788778570.25,1788778084.4,78.66318249999999,16.870363833333332,True,1
1788778570.45,1788778084.6,78.66318116666666,16.870371666666664,True,1
1788778570.65,1788778084.8,78.66318,16.870379833333335,True,1
1788778570.852,1788778085.0,78.66317866666667,16.870388,True,1
1788778571.052,1788778085.2,78.6631775,16.87039616666667,True,1
1788778571.251,1788778085.4,78.66317616666667,16.870404166666667,True,1
1788778571.451,1788778085.6,78.663175,16.870412166666664,True,1
1788778571.651,1788778085.8,78.66317366666667,16.870420000000003,True,1
1788778571.851,1788778086.0,78.6631725,16.870428,True,1
1788778572.054,1788778086.2,78.66317133333334,16.87043583333333,True,1
1788778572.253,1788778086.4,78.66317000000001,16.870443666666667,True,1
1788778572.454,1788778086.6,78.66316866666666,16.8704515,True,1
1788778572.653,1788778086.8,78.6631675,16.8704595,True,1
1788778572.854,1788778087.0,78.66316616666667,16.870467666666666,True,1
1788778573.054,1788778087.2,78.66316499999999,16.870475666666668,True,1
1788778573.251,1788778087.4,78.66316366666666,16.87048383333333,True,1
1788778573.452,1788778087.6,78.6631625,16.870491833333332,True,1
1788778573.652,1788778087.8,78.66316116666667,16.870499833333334,True,1
1788778573.851,1788778088.0,78.66315983333334,16.870507666666665,True,1
1788778574.052,1788778088.2,78.66315866666667,16.8705155,True,1
1788778574.251,1788778088.4,78.6631575,16.870523,True,1
1788778574.453,1788778088.6,78.66315616666667,16.870530666666664,True,1
1788778574.649,1788778088.8,78.66315483333332,16.870538333333332,True,1
1788778574.851,1788778089.0,78.66315366666666,16.87054583333333,True,1
1788778575.053,1788778089.2,78.66315233333333,16.870553500000003,True,1
1788778575.251,1788778089.4,78.66315116666667,16.870561333333335,True,1
1788778575.451,1788778089.6,78.66314983333334,16.870569166666666,True,1
1788778575.653,1788778089.8,78.6631485,16.870577,True,1
1788778575.853,1788778090.0,78.66314733333334,16.870585000000002,True,1
1788778576.05,1788778090.2,78.66314600000001,16.870592833333333,True,1
1788778576.25,1788778090.4,78.66314466666667,16.870600666666668,True,1
1788778576.45,1788778090.6,78.66314333333334,16.8706085,True,1
1788778576.651,1788778090.8,78.66314216666666,16.870616166666665,True,1
1788778576.85,1788778091.0,78.66314083333333,16.870623833333333,True,1
1788778577.085,1788778091.2,78.6631395,16.870631500000002,True,1
1788778577.267,1788778091.4,78.66313816666667,16.870639333333333,True,1
1788778577.45,1788778091.6,78.663137,16.870647,True,1
1788778577.651,1788778091.8,78.66313566666666,16.870654666666667,True,1
1788778577.852,1788778092.0,78.66313433333333,16.870662333333332,True,1
1788778578.052,1788778092.2,78.663133,16.87067,True,1
1788778578.251,1788778092.4,78.66313183333334,16.870677666666666,True,1
1788778578.45,1788778092.6,78.66313050000001,16.87068533333333,True,1
1788778578.651,1788778092.8,78.66312933333333,16.870692833333333,True,1
1788778578.854,1788778093.0,78.663128,16.870700666666668,True,1
1788778579.054,1788778093.2,78.66312666666666,16.870707999999997,True,1
1788778579.251,1788778093.4,78.66312533333333,16.8707155,True,1
1788778579.454,1788778093.6,78.66312416666666,16.870723166666668,True,1
1788778579.652,1788778093.8,78.66312283333333,16.870730666666667,True,1
1788778579.852,1788778094.0,78.6631215,16.870738333333335,True,1
1788778580.052,1788778094.2,78.66312033333334,16.870746166666667,True,1
1788778580.254,1788778094.4,78.66311900000001,16.870753999999998,True,1
1788778580.461,1788778094.6,78.66311766666666,16.870761833333333,True,1
1788778580.653,1788778094.8,78.66311649999999,16.870769666666668,True,1
1788778580.853,1788778095.0,78.66311516666666,16.8707775,True,1
1788778581.053,1788778095.2,78.66311383333333,16.870785166666668,True,1
1788778581.254,1788778095.4,78.66311266666666,16.8707925,True,1
1788778581.453,1788778095.6,78.66311133333333,16.870799833333333,True,1
1788778581.653,1788778095.8,78.66311016666667,16.87080716666667,True,1
1788778581.852,1788778096.0,78.66310883333334,16.870814,True,1
1788778582.051,1788778096.2,78.66310766666668,16.870821,True,1
1788778582.253,1788778096.4,78.66310633333333,16.870827833333333,True,1
1788778582.454,1788778096.6,78.663105,16.870835166666666,True,1
1788778582.654,1788778096.8,78.66310366666667,16.870842333333332,True,1
1788778582.851,1788778097.0,78.66310233333334,16.87085,True,1
1788778583.053,1788778097.2,78.66310116666666,16.8708575,True,1
1788778583.255,1788778097.4,78.66309983333333,16.870865,True,1
1788778583.454,1788778097.6,78.66309849999999,16.870872333333335,True,1
1788778583.654,1788778097.8,78.66309716666666,16.870879666666667,True,1
1788778583.853,1788778098.0,78.663096,16.870886833333333,True,1
1788778584.053,1788778098.2,78.66309466666667,16.87089416666667,True,1
1788778584.251,1788778098.4,78.6630935,16.870901333333332,True,1
1788778584.453,1788778098.6,78.66309216666667,16.8709085,True,1
1788778584.652,1788778098.8,78.66309083333334,16.870916,True,1
1788778584.852,1788778099.0,78.66308966666666,16.870923333333334,True,1
1788778585.051,1788778099.2,78.66308833333332,16.870931,True,1
1788778585.251,1788778099.4,78.66308699999999,16.870938666666667,True,1
1788778585.452,1788778099.6,78.66308583333333,16.870946166666666,True,1
1788778585.649,1788778099.8,78.6630845,16.8709535,True,1
1788778585.852,1788778100.0,78.66308316666667,16.870960833333335,True,1
1788778586.055,1788778100.2,78.663082,16.870968,True,1
1788778586.254,1788778100.4,78.66308066666667,16.870975166666664,True,1
1788778586.454,1788778100.6,78.66307950000001,16.8709825,True,1
1788778586.654,1788778100.8,78.66307833333333,16.870989666666667,True,1
1788778586.851,1788778101.0,78.663077,16.870997166666665,True,1
1788778587.049,1788778101.2,78.66307566666666,16.871004666666668,True,1
1788778587.252,1788778101.4,78.6630745,16.871012166666667,True,1
1788778587.453,1788778101.6,78.66307316666666,16.87101983333333,True,1
1788778587.653,1788778101.8,78.66307183333333,16.8710275,True,1
1788778587.851,1788778102.0,78.66307066666667,16.871035,True,1
1788778588.049,1788778102.2,78.66306933333334,16.871042499999998,True,1
1788778588.254,1788778102.4,78.66306800000001,16.871050166666667,True,1
1788778588.45,1788778102.6,78.66306683333333,16.871057833333335,True,1
1788778588.651,1788778102.8,78.66306566666667,16.871065333333334,True,1
1788778588.851,1788778103.0,78.66306433333332,16.871072666666667,True,1
1788778589.053,1788778103.2,78.66306316666667,16.871080333333335,True,1
1788778589.251,1788778103.4,78.66306183333333,16.871087666666664,True,1
1788778589.452,1788778103.6,78.66306066666667,16.871095,True,1
1788778589.652,1788778103.8,78.66305933333334,16.8711025,True,1
1788778589.851,1788778104.0,78.66305816666666,16.871109999999998,True,1
1788778590.053,1788778104.2,78.663057,16.8711175,True,1
1788778590.251,1788778104.4,78.66305566666666,16.871125,True,1
1788778590.449,1788778104.6,78.66305433333333,16.871132666666664,True,1
1788778590.651,1788778104.8,78.66305316666667,16.871140333333337,True,1
1788778590.85,1788778105.0,78.66305183333334,16.871147833333335,True,1
1788778591.049,1788778105.2,78.66305066666668,16.871155166666664,True,1
1788778591.25,1788778105.4,78.66304933333332,16.871162666666667,True,1
1788778591.452,1788778105.6,78.66304816666667,16.871170166666666,True,1
1788778591.651,1788778105.8,78.66304683333333,16.871177333333332,True,1
1788778591.857,1788778106.0,78.66304566666666,16.871184833333334,True,1
1788778592.053,1788778106.2,78.66304433333333,16.871192333333333,True,1
1788778592.251,1788778106.4,78.663043,16.871199833333332,True,1
1788778592.451,1788778106.6,78.66304183333334,16.8712075,True,1
1788778592.651,1788778106.8,78.66304050000001,16.871215166666666,True,1
1788778592.854,1788778107.0,78.66303933333333,16.871222666666664,True,1
1788778593.054,1788778107.2,78.663038,16.871230166666667,True,1
1788778593.251,1788778107.4,78.66303683333334,16.871237666666666,True,1
1788778593.451,1788778107.6,78.66303549999999,16.871245166666665,True,1
1788778593.652,1788778107.8,78.66303433333333,16.871252666666667,True,1
1788778593.851,1788778108.0,78.663033,16.8712605,True,1
1788778594.054,1788778108.2,78.66303166666667,16.871268166666667,True,1
1788778594.254,1788778108.4,78.6630305,16.871275833333335,True,1
1788778594.452,1788778108.6,78.66302916666667,16.871283333333334,True,1
1788778594.653,1788778108.8,78.663028,16.871290833333333,True,1
1788778594.853,1788778109.0,78.66302666666667,16.8712985,True,1
1788778595.053,1788778109.2,78.6630255,16.871306,True,1
1788778595.253,1788778109.4,78.66302416666667,16.871313666666666,True,1
1788778595.459,1788778109.6,78.66302283333333,16.871321333333334,True,1
1788778595.653,1788778109.8,78.66302166666667,16.871329166666666,True,1
1788778595.854,1788778110.0,78.66302033333334,16.871337,True,1
1788778596.053,1788778110.2,78.66301916666666,16.87134466666667,True,1
1788778596.251,1788778110.4,78.66301783333333,16.871352333333334,True,1
1788778596.453,1788778110.6,78.66301666666666,16.87136,True,1
1788778596.65,1788778110.8,78.66301533333333,16.871367666666668,True,1
1788778596.854,1788778111.0,78.66301416666667,16.871375166666667,True,1
1788778597.054,1788778111.2,78.66301283333334,16.87138283333333,True,1
1788778597.253,1788778111.4,78.66301166666668,16.8713905,True,1
1788778597.454,1788778111.6,78.66301033333335,16.871398166666665,True,1
1788778597.653,1788778111.8,78.66300916666667,16.87140583333333,True,1
1788778597.852,1788778112.0,78.66300783333332,16.871413500000003,True,1
1788778598.051,1788778112.2,78.6630065,16.871421166666668,True,1
1788778598.254,1788778112.4,78.66300533333333,16.871428833333333,True,1
1788778598.45,1788778112.6,78.663004,16.8714365,True,1
1788778598.65,1788778112.8,78.66300283333334,16.871444,True,1
1788778598.851,1788778113.0,78.66300150000001,16.8714515,True,1
1788778599.052,1788778113.2,78.66300033333333,16.871458833333335,True,1
1788778599.251,1788778113.4,78.66299916666667,16.871466333333334,True,1
1788778599.449,1788778113.6,78.66299783333334,16.871473833333333,True,1
1788778599.651,1788778113.8,78.66299666666667,16.871481333333335,True,1
1788778599.852,1788778114.0,78.66299533333334,16.871488833333334,True,1
1788778600.05,1788778114.2,78.66299416666668,16.871496166666667,True,1
1788778600.25,1788778114.4,78.66299283333333,16.871503833333335,True,1
1788778600.451,1788778114.6,78.6629915,16.871511666666667,True,1
1788778600.652,1788778114.8,78.66299016666667,16.87151933333333,True,1
1788778600.851,1788778115.0,78.66298883333334,16.871527166666667,True,1
1788778601.051,1788778115.2,78.6629875,16.871534999999998,True,1
1788778601.25,1788778115.4,78.66298616666667,16.871542833333333,True,1
1788778601.451,1788778115.6,78.66298499999999,16.871550666666668,True,1
1788778601.651,1788778115.8,78.66298366666666,16.871558333333333,True,1
1788778601.851,1788778116.0,78.6629825,16.87156583333333,True,1
1788778602.051,1788778116.2,78.66298116666667,16.871573333333334,True,1
1788778602.254,1788778116.4,78.66298,16.871580833333333,True,1
1788778602.454,1788778116.6,78.66297866666667,16.871588499999998,True,1
1788778602.652,1788778116.8,78.6629775,16.871596333333333,True,1
1788778602.852,1788778117.0,78.66297616666667,16.871603999999998,True,1
1788778603.051,1788778117.2,78.66297483333332,16.871611833333336,True,1
1788778603.251,1788778117.4,78.66297349999999,16.871619833333334,True,1
1788778603.452,1788778117.6,78.66297233333333,16.871627666666665,True,1
1788778603.652,1788778117.8,78.662971,16.87163566666667,True,1
1788778603.851,1788778118.0,78.66296966666667,16.871643666666667,True,1
1788778604.052,1788778118.2,78.6629685,16.8716515,True,1
1788778604.252,1788778118.4,78.66296716666668,16.8716595,True,1
1788778604.453,1788778118.6,78.66296583333333,16.871667333333335,True,1
1788778604.653,1788778118.8,78.66296466666667,16.871675333333332,True,1
1788778604.85,1788778119.0,78.66296333333334,16.871683166666667,True,1
1788778605.05,1788778119.2,78.66296216666666,16.871690833333332,True,1
1788778605.253,1788778119.4,78.66296083333333,16.871698499999997,True,1
1788778605.454,1788778119.6,78.66295966666667,16.871706,True,1
1788778605.654,1788778119.8,78.66295833333334,16.871713833333335,True,1
1788778605.853,1788778120.0,78.66295716666667,16.871721333333333,True,1
1788778606.052,1788778120.2,78.662956,16.871729166666668,True,1
1788778606.255,1788778120.4,78.66295466666666,16.871736833333333,True,1
1788778606.453,1788778120.6,78.6629535,16.87174483333333,True,1
1788778606.652,1788778120.8,78.66295216666667,16.871753000000002,True,1
1788778606.852,1788778121.0,78.662951,16.871761,True,1
1788778607.06,1788778121.2,78.66294966666666,16.87176883333333,True,1
1788778607.252,1788778121.4,78.6629485,16.871777,True,1
1788778607.452,1788778121.6,78.66294716666667,16.871784833333333,True,1
1788778607.65,1788778121.8,78.66294599999999,16.871792833333334,True,1
1788778607.854,1788778122.0,78.66294483333333,16.871800833333335,True,1
1788778608.064,1788778122.2,78.6629435,16.871808833333333,True,1
1788778608.252,1788778122.4,78.66294233333333,16.871816666666668,True,1
1788778608.453,1788778122.6,78.66294116666667,16.871824666666665,True,1
1788778608.652,1788778122.8,78.66293983333334,16.871832666666666,True,1
1788778608.852,1788778123.0,78.66293866666666,16.871840666666667,True,1
1788778609.053,1788778123.2,78.6629375,16.871848833333335,True,1
1788778609.252,1788778123.4,78.66293633333333,16.871856833333332,True,1
1788778609.451,1788778123.6,78.662935,16.871864833333333,True,1
1788778609.651,1788778123.8,78.66293383333333,16.871872833333335,True,1
1788778609.851,1788778124.0,78.66293266666666,16.871880833333332,True,1
1788778610.051,1788778124.2,78.66293133333333,16.871888666666667,True,1
1788778610.252,1788778124.4,78.66293016666667,16.871896666666665,True,1
1788778610.456,1788778124.6,78.662929,16.871904500000003,True,1
1788778610.651,1788778124.8,78.66292766666668,16.871912333333334,True,1
1788778610.852,1788778125.0,78.6629265,16.871920333333332,True,1
1788778611.051,1788778125.2,78.66292533333333,16.871928500000003,True,1
1788778611.25,1788778125.4,78.66292416666667,16.871936333333334,True,1
1788778611.452,1788778125.6,78.66292283333334,16.871944166666665,True,1
1788778611.653,1788778125.8,78.66292166666668,16.871952,True,1
1788778611.85,1788778126.0,78.6629205,16.871959833333335,True,1
1788778612.052,1788778126.2,78.66291916666667,16.8719675,True,1
1788778612.252,1788778126.4,78.662918,16.871975333333335,True,1
1788778612.455,1788778126.6,78.66291683333334,16.871983,True,1
1788778612.652,1788778126.8,78.6629155,16.871990666666665,True,1
1788778612.852,1788778127.0,78.66291433333335,16.871998333333334,True,1
1788778613.051,1788778127.2,78.66291299999999,16.872006166666665,True,1
1788778613.251,1788778127.4,78.66291183333333,16.872014,True,1
1788778613.452,1788778127.6,78.66291066666666,16.87202166666667,True,1
1788778613.651,1788778127.8,78.66290933333333,16.872029333333334,True,1
1788778613.851,1788778128.0,78.66290816666667,16.872036833333333,True,1
1788778614.052,1788778128.2,78.66290699999999,16.8720445,True,1
1788778614.251,1788778128.4,78.66290566666666,16.872052,True,1
1788778614.452,1788778128.6,78.6629045,16.872059666666665,True,1
1788778614.647,1788778128.8,78.66290316666667,16.872067166666668,True,1
1788778614.849,1788778129.0,78.662902,16.872075166666665,True,1
1788778615.05,1788778129.2,78.66290066666667,16.872083166666666,True,1
1788778615.25,1788778129.4,78.66289950000001,16.872091333333334,True,1
1788778615.45,1788778129.6,78.66289816666668,16.8720995,True,1
1788778615.65,1788778129.8,78.66289683333333,16.872107500000002,True,1
1788778615.851,1788778130.0,78.66289566666666,16.872115833333332,True,1
1788778616.05,1788778130.2,78.66289433333333,16.872123666666667,True,1
1788778616.251,1788778130.4,78.66289316666666,16.872131500000002,True,1
1788778616.451,1788778130.6,78.662892,16.872139166666667,True,1
1788778616.653,1788778130.8,78.66289066666667,16.872146666666666,True,1
1788778616.851,1788778131.0,78.66288949999999,16.872154333333334,True,1
1788778617.052,1788778131.2,78.66288833333333,16.872162,True,1
1788778617.251,1788778131.4,78.66288716666666,16.87216983333333,True,1
1788778617.454,1788778131.6,78.66288583333333,16.872177833333335,True,1
1788778617.652,1788778131.8,78.66288466666667,16.872185833333333,True,1
1788778617.852,1788778132.0,78.66288333333334,16.872194,True,1
1788778618.051,1788778132.2,78.66288216666666,16.872202,True,1
1788778618.253,1788778132.4,78.66288083333333,16.87221,True,1
1788778618.452,1788778132.6,78.66287966666667,16.87221783333333,True,1
1788778618.652,1788778132.8,78.66287833333334,16.87222566666667,True,1
1788778618.851,1788778133.0,78.66287716666668,16.872233666666666,True,1
1788778619.053,1788778133.2,78.66287600000001,16.872241499999998,True,1
1788778619.252,1788778133.4,78.66287483333333,16.872249333333333,True,1
1788778619.453,1788778133.6,78.66287349999999,16.872257,True,1
1788778619.653,1788778133.8,78.66287233333334,16.872264833333336,True,1
1788778619.853,1788778134.0,78.662871,16.872272666666667,True,1
1788778620.053,1788778134.2,78.66286983333333,16.872280333333332,True,1
1788778620.252,1788778134.4,78.6628685,16.872288,True,1
1788778620.452,1788778134.6,78.66286733333332,16.8722955,True,1
1788778620.654,1788778134.8,78.662866,16.872302666666666,True,1
1788778620.851,1788778135.0,78.66286483333333,16.872310000000002,True,1
1788778621.05,1788778135.2,78.6628635,16.872317333333335,True,1
1788778621.251,1788778135.4,78.66286216666667,16.872324666666668,True,1
1788778621.45,1788778135.6,78.66286083333333,16.87233216666667,True,1
1788778621.651,1788778135.8,78.6628595,16.87233966666667,True,1
1788778621.854,1788778136.0,78.66285833333333,16.872347166666668,True,1
1788778622.053,1788778136.2,78.662857,16.87235466666667,True,1
1788778622.253,1788778136.4,78.66285566666667,16.87236216666667,True,1
1788778622.452,1788778136.6,78.66285433333334,16.872369499999998,True,1
1788778622.654,1788778136.8,78.662853,16.872376999999997,True,1
1788778622.853,1788778137.0,78.66285183333333,16.872384333333333,True,1
1788778623.053,1788778137.2,78.6628505,16.872391999999998,True,1
1788778623.252,1788778137.4,78.66284916666667,16.87239933333333,True,1
1788778623.453,1788778137.6,78.66284783333334,16.872407,True,1
1788778623.652,1788778137.8,78.66284666666667,16.872414499999998,True,1
1788778623.852,1788778138.0,78.66284533333334,16.872421999999997,True,1
1788778624.054,1788778138.2,78.66284399999999,16.87242966666667,True,1
1788778624.25,1788778138.4,78.66284266666666,16.872437333333334,True,1
1788778624.453,1788778138.6,78.66284133333333,16.872445000000003,True,1
1788778624.653,1788778138.8,78.66284016666667,16.872452666666668,True,1
1788778624.853,1788778139.0,78.66283883333334,16.872460166666666,True,1
1788778625.053,1788778139.2,78.66283766666668,16.872467500000003,True,1
1788778625.254,1788778139.4,78.66283633333335,16.872475,True,1
1788778625.459,1788778139.6,78.662835,16.8724825,True,1
1788778625.65,1788778139.8,78.66283383333332,16.872489833333336,True,1
1788778625.853,1788778140.0,78.6628325,16.872497333333335,True,1
1788778626.059,1788778140.2,78.66283116666666,16.872504833333334,True,1
1788778626.253,1788778140.4,78.66283,16.872512500000003,True,1
1788778626.453,1788778140.6,78.66282866666667,16.872520166666668,True,1
1788778626.653,1788778140.8,78.66282733333334,16.872528,True,1
1788778626.851,1788778141.0,78.66282616666668,16.872535666666668,True,1
1788778627.049,1788778141.2,78.66282483333333,16.8725435,True,1
1788778627.252,1788778141.4,78.6628235,16.872551166666664,True,1
1788778627.453,1788778141.6,78.66282233333332,16.872559000000003,True,1
1788778627.653,1788778141.8,78.662821,16.872566833333334,True,1
1788778627.853,1788778142.0,78.66281966666666,16.8725745,True,1
1788778628.052,1788778142.2,78.66281833333333,16.872582166666668,True,1
1788778628.252,1788778142.4,78.66281716666667,16.872589666666666,True,1
1788778628.45,1788778142.6,78.66281583333333,16.872597,True,1
1788778628.65,1788778142.8,78.6628145,16.8726045,True,1
1788778628.851,1788778143.0,78.66281333333333,16.872612,True,1
1788778629.051,1788778143.2,78.662812,16.872619333333333,True,1
1788778629.25,1788778143.4,78.66281066666667,16.87262666666667,True,1
1788778629.451,1788778143.6,78.66280933333334,16.872634166666668,True,1
1788778629.65,1788778143.8,78.662808,16.872641666666667,True,1
1788778629.849,1788778144.0,78.66280683333333,16.872649333333335,True,1
1788778630.05,1788778144.2,78.6628055,16.872657,True,1
1788778630.25,1788778144.4,78.66280416666667,16.872664666666665,True,1
1788778630.452,1788778144.6,78.662803,16.8726725,True,1
1788778630.653,1788778144.8,78.66280166666667,16.87268,True,1
1788778630.852,1788778145.0,78.6628005,16.872687666666664,True,1
1788778631.052,1788778145.2,78.66279916666667,16.872695333333336,True,1
1788778631.25,1788778145.4,78.66279783333333,16.872703,True,1
1788778631.452,1788778145.6,78.66279666666667,16.872710666666666,True,1
1788778631.651,1788778145.8,78.66279533333334,16.872718333333335,True,1
1788778631.852,1788778146.0,78.662794,16.872726,True,1
1788778632.051,1788778146.2,78.66279266666668,16.8727335,True,1
1788778632.251,1788778146.4,78.6627915,16.872741,True,1
1788778632.458,1788778146.6,78.66279016666667,16.8727485,True,1
1788778632.65,1788778146.8,78.662789,16.872756,True,1
1788778632.851,1788778147.0,78.66278766666666,16.8727635,True,1
1788778633.051,1788778147.2,78.6627865,16.872770833333334,True,1
1788778633.25,1788778147.4,78.66278516666667,16.8727785,True,1
1788778633.452,1788778147.6,78.662784,16.872786,True,1
1788778633.652,1788778147.8,78.66278266666667,16.872793666666666,True,1
1788778633.854,1788778148.0,78.66278133333334,16.872801166666665,True,1
1788778634.053,1788778148.2,78.66278016666666,16.872808833333334,True,1
1788778634.253,1788778148.4,78.66277883333333,16.8728165,True,1
1788778634.452,1788778148.6,78.66277749999999,16.872824166666664,True,1
1788778634.652,1788778148.8,78.66277633333334,16.872831666666666,True,1
1788778634.851,1788778149.0,78.66277516666668,16.87283933333333,True,1
1788778635.051,1788778149.2,78.66277383333333,16.872847166666666,True,1
1788778635.249,1788778149.4,78.6627725,16.872854833333335,True,1
1788778635.451,1788778149.6,78.66277133333332,16.872862666666666,True,1
1788778635.652,1788778149.8,78.66277,16.872870499999998,True,1
1788778635.851,1788778150.0,78.66276866666666,16.872878333333333,True,1
1788778636.053,1788778150.2,78.66276733333333,16.872886166666667,True,1
1788778636.253,1788778150.4,78.66276599999999,16.872894,True,1
1788778636.452,1788778150.6,78.66276483333333,16.872901666666667,True,1
1788778636.652,1788778150.8,78.6627635,16.872909166666666,True,1
1788778636.852,1788778151.0,78.66276216666667,16.872916666666665,True,1
1788778637.052,1788778151.2,78.662761,16.872924166666667,True,1
1788778637.251,1788778151.4,78.66275966666667,16.872931833333332,True,1
1788778637.453,1788778151.6,78.66275833333334,16.87293933333333,True,1
1788778637.651,1788778151.8,78.662757,16.872947,True,1
1788778637.855,1788778152.0,78.66275583333332,16.8729545,True,1
1788778638.05,1788778152.2,78.66275449999999,16.872961999999998,True,1
1788778638.252,1788778152.4,78.66275316666666,16.8729695,True,1
1788778638.453,1788778152.6,78.66275183333333,16.872977,True,1
1788778638.654,1788778152.8,78.66275049999999,16.872984499999998,True,1
1788778638.852,1788778153.0,78.66274933333334,16.872992,True,1
1788778639.054,1788778153.2,78.662748,16.872999666666665,True,1
1788778639.251,1788778153.4,78.66274666666666,16.87300733333333,True,1
1788778639.449,1788778153.6,78.66274533333333,16.873015000000002,True,1
1788778639.651,1788778153.8,78.662744,16.873022833333334,True,1
1788778639.851,1788778154.0,78.66274283333334,16.873030500000002,True,1
1788778640.05,1788778154.2,78.6627415,16.873038166666667,True,1
1788778640.251,1788778154.4,78.66274016666667,16.873046,True,1
1788778640.459,1788778154.6,78.66273883333334,16.873053666666667,True,1
1788778640.651,1788778154.8,78.6627375,16.8730615,True,1
1788778640.85,1788778155.0,78.66273616666668,16.873069333333333,True,1
1788778641.052,1788778155.2,78.66273500000001,16.87307716666667,True,1
1788778641.25,1788778155.4,78.66273366666665,16.873085,True,1
1788778641.453,1788778155.6,78.66273233333332,16.87309283333333,True,1
1788778641.651,1788778155.8,78.662731,16.8731005,True,1
1788778641.852,1788778156.0,78.66272983333333,16.873108333333334,True,1
1788778642.052,1788778156.2,78.6627285,16.873116166666666,True,1
1788778642.248,1788778156.4,78.66272716666667,16.873124,True,1
1788778642.45,1788778156.6,78.66272583333333,16.873131833333332,True,1
1788778642.657,1788778156.8,78.6627245,16.873139666666667,True,1
1788778642.852,1788778157.0,78.66272333333333,16.8731475,True,1
1788778643.052,1788778157.2,78.662722,16.873155333333333,True,1
1788778643.252,1788778157.4,78.66272066666667,16.873163166666664,True,1
1788778643.454,1788778157.6,78.66271950000001,16.873171,True,1
1788778643.648,1788778157.8,78.66271816666668,16.873178499999998,True,1
1788778643.853,1788778158.0,78.66271683333333,16.8731865,True,1
1788778644.053,1788778158.2,78.66271566666666,16.873194166666668,True,1
1788778644.251,1788778158.4,78.66271433333333,16.873202166666665,True,1
1788778644.453,1788778158.6,78.66271316666666,16.873209999999997,True,1
1788778644.651,1788778158.8,78.66271183333333,16.873217833333335,True,1
1788778644.851,1788778159.0,78.66271066666667,16.873225666666666,True,1
1788778645.049,1788778159.2,78.66270933333334,16.8732335,True,1
1788778645.249,1788778159.4,78.66270816666666,16.873241333333333,True,1
1788778645.45,1788778159.6,78.66270683333333,16.87324883333333,True,1
1788778645.65,1788778159.8,78.66270566666667,16.873256333333334,True,1
1788778645.851,1788778160.0,78.66270433333334,16.873263833333333,True,1
1788778646.05,1788778160.2,78.662703,16.873271499999998,True,1
1788778646.25,1788778160.4,78.66270183333333,16.87327916666667,True,1
1788778646.45,1788778160.6,78.6627005,16.873287,True,1
1788778646.651,1788778160.8,78.66269933333334,16.873294833333333,True,1
1788778646.853,1788778161.0,78.662698,16.8733025,True,1
1788778647.053,1788778161.2,78.66269683333333,16.8733105,True,1
1788778647.251,1788778161.4,78.6626955,16.873318333333334,True,1
1788778647.454,1788778161.6,78.66269433333333,16.87332616666667,True,1
1788778647.653,1788778161.8,78.662693,16.873333833333334,True,1
1788778647.853,1788778162.0,78.66269166666666,16.873341333333332,True,1
1788778648.054,1788778162.2,78.6626905,16.873348500000002,True,1
1788778648.252,1788778162.4,78.66268916666667,16.873356,True,1
1788778648.452,1788778162.6,78.66268783333334,16.873363333333334,True,1
1788778648.653,1788778162.8,78.66268666666666,16.873370833333336,True,1
1788778648.854,1788778163.0,78.66268533333333,16.8733785,True,1
1788778649.05,1788778163.2,78.662684,16.873386,True,1
1788778649.251,1788778163.4,78.66268266666665,16.873393500000002,True,1
1788778649.451,1788778163.6,78.66268133333332,16.873401166666667,True,1
1788778649.653,1788778163.8,78.66268,16.873408666666666,True,1
1788778649.853,1788778164.0,78.66267883333333,16.87341616666667,True,1
1788778650.053,1788778164.2,78.6626775,16.873423666666667,True,1
1788778650.253,1788778164.4,78.66267616666667,16.873431166666666,True,1
1788778650.452,1788778164.6,78.66267483333333,16.873438833333335,True,1
1788778650.652,1788778164.8,78.6626735,16.8734465,True,1
1788778650.851,1788778165.0,78.66267216666667,16.873454166666665,True,1
1788778651.051,1788778165.2,78.66267083333334,16.873462,True,1
1788778651.252,1788778165.4,78.66266966666667,16.873469666666665,True,1
1788778651.45,1788778165.6,78.66266833333334,16.8734775,True,1
1788778651.65,1788778165.8,78.662667,16.87348516666667,True,1
1788778651.847,1788778166.0,78.66266566666667,16.873492833333334,True,1
1788778652.051,1788778166.2,78.66266433333334,16.873500333333332,True,1
1788778652.252,1788778166.4,78.66266316666666,16.873507833333335,True,1
1788778652.452,1788778166.6,78.66266183333333,16.873515333333334,True,1
1788778652.651,1788778166.8,78.66266049999999,16.873522833333332,True,1
1788778652.853,1788778167.0,78.66265916666666,16.873530333333335,True,1
1788778653.054,1788778167.2,78.66265783333333,16.873537833333334,True,1
1788778653.249,1788778167.4,78.6626565,16.873545333333333,True,1
1788778653.452,1788778167.6,78.66265516666667,16.873553,True,1
1788778653.651,1788778167.8,78.66265383333332,16.8735605,True,1
1788778653.851,1788778168.0,78.6626525,16.873568166666665,True,1
1788778654.053,1788778168.2,78.66265133333333,16.873575666666667,True,1
1788778654.252,1788778168.4,78.66265,16.873583166666666,True,1
1788778654.453,1788778168.6,78.66264866666667,16.873590666666665,True,1
1788778654.651,1788778168.8,78.6626475,16.873598166666667,True,1
1788778654.852,1788778169.0,78.66264616666668,16.873605833333333,True,1
1788778655.053,1788778169.2,78.66264483333333,16.87361333333333,True,1
1788778655.254,1788778169.4,78.6626435,16.873621,True,1
1788778655.46,1788778169.6,78.66264216666667,16.8736285,True,1
1788778655.652,1788778169.8,78.66264083333334,16.873636166666664,True,1
1788778655.854,1788778170.0,78.6626395,16.873643833333333,True,1
1788778656.049,1788778170.2,78.66263816666667,16.8736515,True,1
1788778656.25,1788778170.4,78.66263683333334,16.873659,True,1
1788778656.451,1788778170.6,78.66263550000001,16.87366666666667,True,1
1788778656.653,1788778170.8,78.66263433333333,16.873674166666667,True,1
1788778656.849,1788778171.0,78.662633,16.873681666666666,True,1
1788778657.052,1788778171.2,78.66263166666666,16.87368916666667,True,1
1788778657.25,1788778171.4,78.66263033333333,16.873696833333334,True,1
1788778657.449,1788778171.6,78.66262916666666,16.873704666666665,True,1
1788778657.652,1788778171.8,78.66262783333333,16.8737125,True,1
1788778657.852,1788778172.0,78.6626265,16.873720166666665,True,1
1788778658.052,1788778172.2,78.66262516666667,16.873728000000003,True,1
1788778658.252,1788778172.4,78.66262383333333,16.873735833333335,True,1
1788778658.451,1788778172.6,78.66262266666666,16.873743333333334,True,1
1788778658.652,1788778172.8,78.66262133333333,16.87375116666667,True,1
1788778658.85,1788778173.0,78.66262,16.873758666666667,True,1
1788778659.052,1788778173.2,78.66261866666667,16.873766166666666,True,1
1788778659.25,1788778173.4,78.6626175,16.87377366666667,True,1
1788778659.452,1788778173.6,78.66261616666667,16.873781166666667,True,1
1788778659.65,1788778173.8,78.662615,16.873788666666666,True,1
1788778659.852,1788778174.0,78.66261366666666,16.873796333333335,True,1
1788778660.05,1788778174.2,78.66261233333333,16.873804166666666,True,1
1788778660.249,1788778174.4,78.662611,16.87381183333333,True,1
1788778660.453,1788778174.6,78.66260983333333,16.873819500000003,True,1
1788778660.653,1788778174.8,78.6626085,16.87382716666667,True,1
1788778660.854,1788778175.0,78.66260716666667,16.873834833333333,True,1
1788778661.053,1788778175.2,78.66260600000001,16.873842833333335,True,1
1788778661.253,1788778175.4,78.6626045,16.873850666666666,True,1
1788778661.452,1788778175.6,78.66260316666667,16.873858499999997,True,1
1788778661.651,1788778175.8,78.662602,16.873866333333336,True,1
1788778661.851,1788778176.0,78.66260066666668,16.873874166666667,True,1
1788778662.051,1788778176.2,78.66259933333335,16.873881833333332,True,1
1788778662.251,1788778176.4,78.66259799999999,16.873889666666667,True,1
1788778662.453,1788778176.6,78.66259666666666,16.873897499999998,True,1
1788778662.651,1788778176.8,78.66259533333333,16.873905166666667,True,1
1788778662.853,1788778177.0,78.66259416666666,16.873913,True,1
1788778663.051,1788778177.2,78.66259283333333,16.873920833333333,True,1
1788778663.253,1788778177.4,78.66259149999999,16.873928666666664,True,1
1788778663.452,1788778177.6,78.66259033333334,16.8739365,True,1
1788778663.652,1788778177.8,78.662589,16.8739445,True,1
1788778663.853,1788778178.0,78.66258766666667,16.87395233333333,True,1
1788778664.053,1788778178.2,78.66258633333334,16.87396,True,1
1788778664.252,1788778178.4,78.66258516666667,16.873967666666665,True,1
1788778664.45,1788778178.6,78.66258383333334,16.87397533333333,True,1
1788778664.653,1788778178.8,78.66258266666667,16.873983,True,1
1788778664.851,1788778179.0,78.66258133333334,16.873990833333334,True,1
1788778665.05,1788778179.2,78.66258016666667,16.87399866666667,True,1
1788778665.251,1788778179.4,78.66257883333333,16.874006666666666,True,1
1788778665.451,1788778179.6,78.66257766666666,16.874014499999998,True,1
1788778665.651,1788778179.8,78.66257633333333,16.874022500000002,True,1
1788778665.852,1788778180.0,78.662575,16.874030333333334,True,1
1788778666.051,1788778180.2,78.66257383333333,16.874038166666665,True,1
1788778666.252,1788778180.4,78.6625725,16.874045833333334,True,1
1788778666.452,1788778180.6,78.66257133333333,16.87405366666667,True,1
1788778666.652,1788778180.8,78.66257,16.8740615,True,1
1788778666.853,1788778181.0,78.66256866666666,16.874069333333335,True,1
1788778667.05,1788778181.2,78.6625675,16.874077,True,1
1788778667.251,1788778181.4,78.66256616666666,16.874084999999997,True,1
1788778667.452,1788778181.6,78.662565,16.874092666666666,True,1
1788778667.652,1788778181.8,78.66256366666667,16.874100333333335,True,1
1788778667.853,1788778182.0,78.66256249999999,16.874108,True,1
1788778668.051,1788778182.2,78.66256116666666,16.87411566666667,True,1
1788778668.251,1788778182.4,78.66256,16.874123333333333,True,1
1788778668.451,1788778182.6,78.66255866666667,16.874130833333332,True,1
1788778668.653,1788778182.8,78.6625575,16.874138666666667,True,1
1788778668.85,1788778183.0,78.66255616666668,16.874146333333332,True,1
1788778669.051,1788778183.2,78.66255483333333,16.874154166666663,True,1
1788778669.25,1788778183.4,78.66255366666665,16.874162166666668,True,1
1788778669.449,1788778183.6,78.66255233333332,16.874170333333332,True,1
1788778669.651,1788778183.8,78.662551,16.874178500000003,True,1
1788778669.852,1788778184.0,78.66254966666666,16.8741865,True,1
1788778670.051,1788778184.2,78.6625485,16.874194166666665,True,1
1788778670.251,1788778184.4,78.66254716666667,16.874202,True,1
1788778670.456,1788778184.6,78.662546,16.874209666666665,True,1
1788778670.65,1788778184.8,78.66254466666666,16.874217166666664,True,1
1788778670.851,1788778185.0,78.6625435,16.874224666666667,True,1
1788778671.051,1788778185.2,78.66254216666667,16.874232166666665,True,1
1788778671.249,1788778185.4,78.66254083333334,16.874239666666664,True,1
1788778671.452,1788778185.6,78.66253966666666,16.874247333333336,True,1
1788778671.652,1788778185.8,78.6625385,16.874255,True,1
1788778671.852,1788778186.0,78.66253716666667,16.874262833333333,True,1
1788778672.052,1788778186.2,78.66253583333334,16.874270333333335,True,1
1788778672.251,1788778186.4,78.66253466666667,16.874278,True,1
1788778672.451,1788778186.6,78.66253333333334,16.874285666666665,True,1
1788778672.65,1788778186.8,78.66253216666668,16.874293166666668,True,1
1788778672.853,1788778187.0,78.66253083333332,16.874300833333333,True,1
1788778673.055,1788778187.2,78.66252966666666,16.874308166666665,True,1
1788778673.255,1788778187.4,78.66252833333333,16.874315666666668,True,1
1788778673.451,1788778187.6,78.662527,16.874323333333333,True,1
1788778673.651,1788778187.8,78.66252583333333,16.874330999999998,True,1
1788778673.851,1788778188.0,78.6625245,16.874338666666667,True,1
1788778674.049,1788778188.2,78.66252333333334,16.8743465,True,1
1788778674.251,1788778188.4,78.66252200000001,16.8743545,True,1
1788778674.453,1788778188.6,78.66252066666667,16.874362333333334,True,1
1788778674.664,1788778188.8,78.66251933333334,16.874370166666665,True,1
1788778674.853,1788778189.0,78.66251816666666,16.87437783333333,True,1
1788778675.052,1788778189.2,78.66251683333333,16.874385500000002,True,1
1788778675.25,1788778189.4,78.66251566666666,16.874393,True,1
1788778675.452,1788778189.6,78.66251433333333,16.874400666666666,True,1
1788778675.65,1788778189.8,78.66251316666667,16.87440816666667,True,1
1788778675.852,1788778190.0,78.66251183333334,16.874415833333334,True,1
1788778676.058,1788778190.2,78.6625105,16.8744235,True,1
1788778676.25,1788778190.4,78.66250933333335,16.874431166666668,True,1
1788778676.451,1788778190.6,78.66250799999999,16.874438833333333,True,1
1788778676.65,1788778190.8,78.66250683333332,16.874446499999998,True,1
1788778676.852,1788778191.0,78.6625055,16.874454166666666,True,1
1788778677.053,1788778191.2,78.66250433333333,16.87446183333333,True,1
1788778677.252,1788778191.4,78.662503,16.87446933333333,True,1
1788778677.451,1788778191.6,78.66250183333334,16.874477000000002,True,1
1788778677.652,1788778191.8,78.66250050000001,16.874484833333334,True,1
1788778677.854,1788778192.0,78.66249933333333,16.87449283333333,True,1
1788778678.052,1788778192.2,78.662498,16.874500666666666,True,1
1788778678.253,1788778192.4,78.66249666666666,16.8745085,True,1
1788778678.452,1788778192.6,78.6624955,16.874516333333336,True,1
1788778678.652,1788778192.8,78.66249416666666,16.874524,True,1
1788778678.851,1788778193.0,78.66249283333333,16.874531666666666,True,1
1788778679.049,1788778193.2,78.66249166666667,16.87453916666667,True,1
1788778679.251,1788778193.4,78.66249033333334,16.874546666666667,True,1
1788778679.449,1788778193.6,78.66248916666667,16.874554166666666,True,1
1788778679.651,1788778193.8,78.66248783333334,16.874561833333335,True,1
1788778679.851,1788778194.0,78.66248650000001,16.874569333333334,True,1
1788778680.05,1788778194.2,78.66248516666666,16.874576833333332,True,1
1788778680.251,1788778194.4,78.66248399999999,16.874584333333335,True,1
1788778680.45,1788778194.6,78.66248266666666,16.874592,True,1
1788778680.65,1788778194.8,78.6624815,16.8745995,True,1
1788778680.857,1788778195.0,78.66248016666667,16.874607,True,1
1788778681.05,1788778195.2,78.66247883333334,16.8746145,True,1
1788778681.251,1788778195.4,78.66247766666667,16.874622,True,1
1788778681.45,1788778195.6,78.66247633333334,16.874629666666667,True,1
1788778681.649,1788778195.8,78.662475,16.874637333333332,True,1
1788778681.85,1788778196.0,78.66247366666667,16.874645166666667,True,1
1788778682.05,1788778196.2,78.66247249999999,16.874652833333336,True,1
1788778682.249,1788778196.4,78.66247116666666,16.874660833333333,True,1
1788778682.452,1788778196.6,78.66246983333333,16.8746685,True,1
1788778682.651,1788778196.8,78.6624685,16.874676333333333,True,1
1788778682.851,1788778197.0,78.66246733333334,16.874683833333332,True,1
1788778683.05,1788778197.2,78.662466,16.87469133333333,True,1
1788778683.255,1788778197.4,78.66246483333333,16.874698833333333,True,1
1788778683.452,1788778197.6,78.6624635,16.8747065,True,1
1788778683.649,1788778197.8,78.66246216666667,16.874713999999997,True,1
1788778683.851,1788778198.0,78.662461,16.8747215,True,1
1788778684.05,1788778198.2,78.66245966666666,16.874729333333335,True,1
1788778684.251,1788778198.4,78.6624585,16.874737166666666,True,1
1788778684.452,1788778198.6,78.66245716666667,16.874745,True,1
1788778684.652,1788778198.8,78.662456,16.8747525,True,1
1788778684.852,1788778199.0,78.66245466666666,16.874759833333332,True,1
1788778685.049,1788778199.2,78.66245350000001,16.874767333333335,True,1
1788778685.253,1788778199.4,78.66245216666667,16.874774833333333,True,1
1788778685.462,1788778199.6,78.66245099999999,16.874782333333332,True,1
1788778685.653,1788778199.8,78.66244966666666,16.87479,True,1
1788778685.854,1788778200.0,78.6624485,16.8747975,True,1
1788778686.06,1788778200.2,78.66244716666667,16.874805166666665,True,1
1788778686.255,1788778200.4,78.66244583333334,16.874813,True,1
1788778686.462,1788778200.6,78.66244466666667,16.87482066666667,True,1
1788778686.653,1788778200.8,78.66244333333334,16.8748285,True,1
1788778686.851,1788778201.0,78.662442,16.874836166666668,True,1
1788778687.053,1788778201.2,78.66244066666667,16.874843833333333,True,1
1788778687.251,1788778201.4,78.66243949999999,16.8748515,True,1
1788778687.455,1788778201.6,78.66243816666666,16.874859,True,1
1788778687.651,1788778201.8,78.66243683333333,16.874866666666666,True,1
1788778687.849,1788778202.0,78.66243566666667,16.87487433333333,True,1
1788778688.053,1788778202.2,78.66243433333334,16.874881833333333,True,1
1788778688.253,1788778202.4,78.66243316666667,16.874889166666666,True,1
1788778688.451,1788778202.6,78.66243183333333,16.8748965,True,1
1788778688.653,1788778202.8,78.6624305,16.874903833333335,True,1
1788778688.854,1788778203.0,78.66242933333334,16.874911166666667,True,1
1788778689.053,1788778203.2,78.662428,16.874918666666666,True,1
1788778689.252,1788778203.4,78.66242666666668,16.874926000000002,True,1
1788778689.453,1788778203.6,78.66242533333335,16.8749335,True,1
1788778689.653,1788778203.8,78.66242416666667,16.874941,True,1
1788778689.851,1788778204.0,78.66242283333332,16.874948500000002,True,1
1788778690.05,1788778204.2,78.6624215,16.874956166666667,True,1
1788778690.249,1788778204.4,78.66242016666666,16.874963833333332,True,1
1788778690.45,1788778204.6,78.662419,16.874971333333335,True,1
1788778690.65,1788778204.8,78.6624175,16.874979,True,1
1788778690.851,1788778205.0,78.66241616666666,16.8749865,True,1
1788778691.051,1788778205.2,78.66241483333333,16.874994166666667,True,1
1788778691.252,1788778205.4,78.6624135,16.875001833333332,True,1
1788778691.451,1788778205.6,78.66241216666667,16.875009666666664,True,1
1788778691.651,1788778205.8,78.66241083333333,16.875017333333336,True,1
1788778691.85,1788778206.0,78.66240966666666,16.875024833333335,True,1
1788778692.051,1788778206.2,78.66240833333333,16.875032333333333,True,1
1788778692.251,1788778206.4,78.662407,16.875039833333336,True,1
1788778692.451,1788778206.6,78.66240566666667,16.8750475,True,1
1788778692.65,1788778206.8,78.66240450000001,16.875055,True,1
1788778692.851,1788778207.0,78.66240316666668,16.87506266666667,True,1
1788778693.051,1788778207.2,78.66240183333333,16.875070333333333,True,1
1788778693.249,1788778207.4,78.6624005,16.875077833333332,True,1
1788778693.456,1788778207.6,78.66239933333333,16.8750855,True,1
1788778693.653,1788778207.8,78.662398,16.875093166666666,True,1
1788778693.852,1788778208.0,78.66239666666667,16.87510083333333,True,1
1788778694.051,1788778208.2,78.6623955,16.875108333333333,True,1
1788778694.251,1788778208.4,78.66239416666667,16.875115666666666,True,1
1788778694.451,1788778208.6,78.66239300000001,16.875123166666665,True,1
1788778694.649,1788778208.8,78.66239166666666,16.8751305,True,1
1788778694.852,1788778209.0,78.66239033333333,16.875138,True,1
1788778695.049,1788778209.2,78.66238916666666,16.8751455,True,1
1788778695.252,1788778209.4,78.66238783333333,16.875153166666667,True,1
1788778695.45,1788778209.6,78.6623865,16.875160833333332,True,1
1788778695.652,1788778209.8,78.66238516666667,16.875168666666664,True,1
1788778695.851,1788778210.0,78.662384,16.875176333333332,True,1
1788778696.051,1788778210.2,78.66238266666666,16.875184,True,1
1788778696.252,1788778210.4,78.66238133333333,16.87519166666667,True,1
1788778696.454,1788778210.6,78.66238016666667,16.875199333333335,True,1
1788778696.654,1788778210.8,78.66237883333334,16.875207166666666,True,1
1788778696.853,1788778211.0,78.66237766666667,16.875214833333334,True,1
1788778697.055,1788778211.2,78.66237633333334,16.8752225,True,1
1788778697.252,1788778211.4,78.66237516666666,16.87523033333333,True,1
1788778697.45,1788778211.6,78.66237383333333,16.87523816666667,True,1
1788778697.651,1788778211.8,78.6623725,16.875246166666667,True,1
1788778697.853,1788778212.0,78.66237133333334,16.875253833333332,True,1
1788778698.051,1788778212.2,78.66237,16.875261666666667,True,1
1788778698.252,1788778212.4,78.66236866666667,16.8752695,True,1
1788778698.452,1788778212.6,78.66236733333334,16.875277166666667,True,1
1788778698.651,1788778212.8,78.66236616666667,16.875284833333335,True,1
1788778698.85,1788778213.0,78.66236483333334,16.875292333333334,True,1
1788778699.053,1788778213.2,78.66236366666666,16.875299833333333,True,1
1788778699.252,1788778213.4,78.66236233333333,16.875307666666668,True,1
1788778699.453,1788778213.6,78.66236116666667,16.875315333333333,True,1
1788778699.653,1788778213.8,78.66235983333333,16.875323166666664,True,1
1788778699.853,1788778214.0,78.6623585,16.875331000000003,True,1
1788778700.054,1788778214.2,78.66235716666667,16.875338666666668,True,1
1788778700.254,1788778214.4,78.662356,16.875346333333333,True,1
1788778700.46,1788778214.6,78.66235466666667,16.875354166666668,True,1
1788778700.653,1788778214.8,78.66235350000001,16.875361833333333,True,1
1788778700.851,1788778215.0,78.66235233333333,16.875369499999998,True,1
1788778701.052,1788778215.2,78.662351,16.875377,True,1
1788778701.251,1788778215.4,78.66234983333334,16.8753845,True,1
1788778701.45,1788778215.6,78.66234850000001,16.875392166666664,True,1
1788778701.648,1788778215.8,78.66234733333334,16.875399833333333,True,1
1788778701.853,1788778216.0,78.662346,16.875407833333334,True,1
1788778702.051,1788778216.2,78.66234483333332,16.875415666666665,True,1
1788778702.25,1788778216.4,78.66234349999999,16.875423333333334,True,1
1788778702.45,1788778216.6,78.66234233333333,16.875431,True,1
1788778702.649,1788778216.8,78.662341,16.87543883333333,True,1
1788778702.852,1788778217.0,78.66233983333333,16.8754465,True,1
1788778703.051,1788778217.2,78.6623385,16.875453999999998,True,1
1788778703.251,1788778217.4,78.66233733333334,16.87546133333333,True,1
1788778703.449,1788778217.6,78.66233600000001,16.875468833333333,True,1
1788778703.652,1788778217.8,78.66233483333333,16.87547633333333,True,1
1788778703.85,1788778218.0,78.66233366666667,16.875483999999997,True,1
1788778704.05,1788778218.2,78.66233233333334,16.87549166666667,True,1
1788778704.25,1788778218.4,78.662331,16.8754995,True,1
1788778704.451,1788778218.6,78.66232983333333,16.875507333333335,True,1
1788778704.65,1788778218.8,78.6623285,16.875515,True,1
1788778704.849,1788778219.0,78.66232733333332,16.87552283333333,True,1
1788778705.05,1788778219.2,78.662326,16.8755305,True,1
1788778705.251,1788778219.4,78.66232483333333,16.875537833333333,True,1
1788778705.451,1788778219.6,78.6623235,16.875545499999998,True,1
1788778705.649,1788778219.8,78.66232233333334,16.87555316666667,True,1
1788778705.85,1788778220.0,78.662321,16.875560833333335,True,1
1788778706.049,1788778220.2,78.66231966666666,16.875568666666666,True,1
1788778706.25,1788778220.4,78.66231850000001,16.8755765,True,1
1788778706.451,1788778220.6,78.66231716666667,16.875584333333332,True,1
1788778706.649,1788778220.8,78.66231583333334,16.875592333333334,True,1
1788778706.851,1788778221.0,78.66231466666666,16.87560016666667,True,1
1788778707.049,1788778221.2,78.66231333333333,16.875607833333333,True,1
1788778707.251,1788778221.4,78.662312,16.875615333333332,True,1
1788778707.452,1788778221.6,78.66231083333334,16.875622833333335,True,1
1788778707.654,1788778221.8,78.6623095,16.875630333333334,True,1
1788778707.853,1788778222.0,78.66230833333334,16.875638,True,1
1788778708.053,1788778222.2,78.662307,16.875645666666667,True,1
1788778708.252,1788778222.4,78.66230583333332,16.875653166666666,True,1
1788778708.449,1788778222.6,78.66230449999999,16.875660666666665,True,1
1788778708.651,1788778222.8,78.66230333333333,16.875668166666667,True,1
1788778708.851,1788778223.0,78.662302,16.8756755,True,1
1788778709.051,1788778223.2,78.66230083333333,16.875683,True,1
1788778709.251,1788778223.4,78.6622995,16.875690333333335,True,1
1788778709.451,1788778223.6,78.66229833333334,16.875697666666667,True,1
1788778709.653,1788778223.8,78.66229700000001,16.875705333333332,True,1
1788778709.849,1788778224.0,78.66229566666667,16.875713166666667,True,1
1788778710.051,1788778224.2,78.6622945,16.875720666666666,True,1
1788778710.252,1788778224.4,78.66229316666666,16.875728166666665,True,1
1788778710.452,1788778224.6,78.662292,16.875735666666667,True,1
1788778710.652,1788778224.8,78.66229066666666,16.875743,True,1
1788778710.851,1788778225.0,78.6622895,16.875750666666665,True,1
1788778711.052,1788778225.2,78.66228816666667,16.875758166666667,True,1
1788778711.25,1788778225.4,78.662287,16.8757655,True,1
1788778711.451,1788778225.6,78.66228566666668,16.875773166666665,True,1
1788778711.65,1788778225.8,78.6622845,16.875780833333334,True,1
1788778711.851,1788778226.0,78.66228316666667,16.875788666666665,True,1
1788778712.052,1788778226.2,78.66228183333332,16.875796333333334,True,1
1788778712.25,1788778226.4,78.6622805,16.875804000000002,True,1
1788778712.451,1788778226.6,78.66227933333333,16.875811833333334,True,1
1788778712.648,1788778226.8,78.662278,16.875819666666665,True,1
1788778712.853,1788778227.0,78.66227666666667,16.875827333333334,True,1
1788778713.052,1788778227.2,78.6622755,16.875835166666665,True,1
1788778713.251,1788778227.4,78.66227416666668,16.875843,True,1
1788778713.45,1788778227.6,78.66227283333333,16.87585066666667,True,1
1788778713.651,1788778227.8,78.66227166666665,16.875858166666667,True,1
1788778713.853,1788778228.0,78.66227033333332,16.875865666666666,True,1
1788778714.052,1788778228.2,78.66226916666666,16.87587316666667,True,1
1788778714.252,1788778228.4,78.662268,16.875880666666667,True,1
1788778714.452,1788778228.6,78.66226666666667,16.875888,True,1
1788778714.653,1788778228.8,78.6622655,16.87589566666667,True,1
1788778714.851,1788778229.0,78.66226416666667,16.875903166666667,True,1
1788778715.05,1788778229.2,78.662263,16.875910666666666,True,1
1788778715.25,1788778229.4,78.66226166666667,16.875918333333335,True,1
1788778715.455,1788778229.6,78.66226033333334,16.875926166666666,True,1
1788778715.649,1788778229.8,78.66225916666667,16.87593383333333,True,1
1788778715.852,1788778230.0,78.66225783333333,16.875941666666666,True,1
1788778716.051,1788778230.2,78.66225666666666,16.87594933333333,True,1
1788778716.252,1788778230.4,78.66225533333333,16.875957000000003,True,1
1788778716.451,1788778230.6,78.66225416666666,16.875964500000002,True,1
1788778716.652,1788778230.8,78.66225283333333,16.875972,True,1
1788778716.85,1788778231.0,78.6622515,16.875979500000003,True,1
1788778717.051,1788778231.2,78.66225033333333,16.875987000000002,True,1
1788778717.25,1788778231.4,78.662249,16.875994666666667,True,1
1788778717.45,1788778231.6,78.66224783333334,16.87600216666667,True,1
1788778717.649,1788778231.8,78.66224650000001,16.876009833333335,True,1
1788778717.851,1788778232.0,78.66224516666666,16.876017333333333,True,1
1788778718.049,1788778232.2,78.662244,16.87602516666667,True,1
1788778718.251,1788778232.4,78.66224266666667,16.876032666666667,True,1
1788778718.452,1788778232.6,78.66224133333334,16.876040333333332,True,1
1788778718.651,1788778232.8,78.66224016666666,16.876048,True,1
1788778718.849,1788778233.0,78.66223883333333,16.876055666666666,True,1
1788778719.052,1788778233.2,78.6622375,16.87606333333333,True,1
1788778719.252,1788778233.4,78.66223616666666,16.87607116666667,True,1
1788778719.452,1788778233.6,78.662235,16.87607866666667,True,1
1788778719.651,1788778233.8,78.66223366666667,16.8760865,True,1
1788778719.85,1788778234.0,78.66223233333334,16.8760945,True,1
1788778720.051,1788778234.2,78.662231,16.876102166666666,True,1
1788778720.252,1788778234.4,78.66222983333334,16.87611,True,1
1788778720.451,1788778234.6,78.66222850000001,16.876117833333335,True,1
1788778720.653,1788778234.8,78.66222716666667,16.876125833333333,True,1
1788778720.849,1788778235.0,78.66222599999999,16.876133499999998,True,1
1788778721.052,1788778235.2,78.66222466666666,16.876141333333333,True,1
1788778721.252,1788778235.4,78.66222333333333,16.876149166666668,True,1
1788778721.452,1788778235.6,78.66222216666667,16.876156666666667,True,1
1788778721.652,1788778235.8,78.66222083333334,16.8761645,True,1
1788778721.852,1788778236.0,78.6622195,16.876171833333334,True,1
1788778722.053,1788778236.2,78.66221833333334,16.876179333333333,True,1
1788778722.25,1788778236.4,78.662217,16.876186833333335,True,1
1788778722.452,1788778236.6,78.66221566666667,16.8761945,True,1
1788778722.652,1788778236.8,78.66221449999999,16.876201833333333,True,1
1788778722.851,1788778237.0,78.66221316666666,16.8762095,True,1
1788778723.051,1788778237.2,78.66221183333333,16.876217333333333,True,1
1788778723.252,1788778237.4,78.6622105,16.876224999999998,True,1
1788778723.452,1788778237.6,78.66220916666666,16.876233,True,1
1788778723.649,1788778237.8,78.66220783333333,16.876241,True,1
1788778723.852,1788778238.0,78.66220666666666,16.87624883333333,True,1
1788778724.054,1788778238.2,78.66220533333333,16.8762565,True,1
1788778724.252,1788778238.4,78.662204,16.876264166666665,True,1
1788778724.452,1788778238.6,78.66220266666666,16.87627183333333,True,1
1788778724.652,1788778238.8,78.66220150000001,16.876279333333333,True,1
1788778724.853,1788778239.0,78.66220016666666,16.876287166666668,True,1
1788778725.049,1788778239.2,78.66219883333333,16.876294833333336,True,1
1788778725.25,1788778239.4,78.66219766666667,16.8763025,True,1
1788778725.45,1788778239.6,78.66219633333334,16.876310166666666,True,1
1788778725.651,1788778239.8,78.66219500000001,16.876317833333335,True,1
1788778725.852,1788778240.0,78.66219383333333,16.8763255,True,1
1788778726.05,1788778240.2,78.6621925,16.876333166666665,True,1
1788778726.251,1788778240.4,78.66219116666666,16.876340833333334,True,1
1788778726.451,1788778240.6,78.66219,16.876348333333333,True,1
1788778726.652,1788778240.8,78.66218866666667,16.876355999999998,True,1
1788778726.852,1788778241.0,78.66218733333334,16.87636366666667,True,1
1788778727.052,1788778241.2,78.66218616666667,16.8763715,True,1
1788778727.253,1788778241.4,78.66218483333334,16.876379166666666,True,1
1788778727.452,1788778241.6,78.66218350000001,16.876387166666667,True,1
1788778727.652,1788778241.8,78.66218233333333,16.876395,True,1
1788778727.852,1788778242.0,78.66218099999999,16.876402833333334,True,1
1788778728.051,1788778242.2,78.66217966666666,16.87641066666667,True,1
1788778728.251,1788778242.4,78.6621785,16.876418333333334,True,1
1788778728.451,1788778242.6,78.66217716666667,16.876426,True,1
1788778728.65,1788778242.8,78.66217583333334,16.876433666666667,True,1
1788778728.851,1788778243.0,78.66217466666667,16.876441166666666,True,1
1788778729.05,1788778243.2,78.66217333333334,16.876448666666665,True,1
1788778729.248,1788778243.4,78.66217216666668,16.8764565,True,1
1788778729.451,1788778243.6,78.66217083333332,16.876464,True,1
1788778729.651,1788778243.8,78.66216966666666,16.876471666666664,True,1
1788778729.852,1788778244.0,78.66216833333333,16.876479333333336,True,1
1788778730.051,1788778244.2,78.66216716666666,16.876487166666667,True,1
1788778730.251,1788778244.4,78.66216583333333,16.876494666666666,True,1
1788778730.457,1788778244.6,78.6621645,16.876502333333335,True,1
1788778730.649,1788778244.8,78.66216333333334,16.87651,True,1
1788778730.85,1788778245.0,78.66216216666666,16.876517666666665,True,1
1788778731.059,1788778245.2,78.66216083333333,16.876525166666667,True,1
1788778731.25,1788778245.4,78.6621595,16.876533,True,1
1788778731.45,1788778245.6,78.66215816666666,16.876540833333333,True,1
1788778731.651,1788778245.8,78.662157,16.876548500000002,True,1
1788778731.849,1788778246.0,78.66215566666666,16.876556166666667,True,1
1788778732.05,1788778246.2,78.6621545,16.876563833333332,True,1
1788778732.25,1788778246.4,78.66215316666667,16.876571333333334,True,1
1788778732.451,1788778246.6,78.662152,16.876578666666667,True,1
1788778732.65,1788778246.8,78.66215083333333,16.876586166666666,True,1
1788778732.852,1788778247.0,78.66214966666666,16.876593500000002,True,1
1788778733.052,1788778247.2,78.66214833333333,16.876600833333335,True,1
1788778733.252,1788778247.4,78.662147,16.8766085,True,1
1788778733.452,1788778247.6,78.66214583333334,16.876616333333335,True,1
1788778733.653,1788778247.8,78.66214450000001,16.876624,True,1
1788778733.852,1788778248.0,78.66214316666667,16.87663183333333,True,1
1788778734.055,1788778248.2,78.66214183333334,16.876639666666666,True,1
1788778734.25,1788778248.4,78.6621405,16.876647666666667,True,1
1788778734.452,1788778248.6,78.66213933333333,16.876655333333336,True,1
1788778734.649,1788778248.8,78.662138,16.876662833333334,True,1
1788778734.852,1788778249.0,78.66213683333334,16.8766705,True,1
1788778735.05,1788778249.2,78.6621355,16.876678000000002,True,1
1788778735.251,1788778249.4,78.66213433333334,16.8766855,True,1
1788778735.453,1788778249.6,78.662133,16.876693333333332,True,1
1788778735.651,1788778249.8,78.66213166666667,16.876701166666667,True,1
1788778735.852,1788778250.0,78.6621305,16.876709,True,1
1788778736.049,1788778250.2,78.66212916666667,16.876716666666667,True,1
1788778736.252,1788778250.4,78.66212783333334,16.876724666666668,True,1
1788778736.451,1788778250.6,78.66212666666667,16.8767325,True,1
1788778736.652,1788778250.8,78.66212533333334,16.8767405,True,1
1788778736.851,1788778251.0,78.66212399999999,16.876748333333335,True,1
1788778737.05,1788778251.2,78.66212283333333,16.876756166666667,True,1
1788778737.253,1788778251.4,78.6621215,16.87676383333333,True,1
1788778737.45,1788778251.6,78.66212033333333,16.876771666666667,True,1
1788778737.653,1788778251.8,78.66211916666666,16.8767795,True,1
1788778737.854,1788778252.0,78.66211783333333,16.876787166666666,True,1
1788778738.052,1788778252.2,78.66211666666666,16.876795,True,1
1788778738.253,1788778252.4,78.66211533333333,16.8768025,True,1
1788778738.45,1788778252.6,78.66211416666667,16.87681,True,1
1788778738.651,1788778252.8,78.66211283333334,16.8768175,True,1
1788778738.848,1788778253.0,78.66211150000001,16.876824833333334,True,1
1788778739.051,1788778253.2,78.66211033333335,16.8768325,True,1
1788778739.25,1788778253.4,78.662109,16.87684,True,1
1788778739.452,1788778253.6,78.66210766666667,16.876847666666666,True,1
1788778739.651,1788778253.8,78.6621065,16.87685533333333,True,1
1788778739.85,1788778254.0,78.66210516666666,16.876863,True,1
1788778740.051,1788778254.2,78.66210383333333,16.876871,True,1
1788778740.249,1788778254.4,78.6621025,16.876878666666666,True,1
1788778740.452,1788778254.6,78.66210133333334,16.876886666666667,True,1
1788778740.654,1788778254.8,78.6621,16.8768945,True,1
1788778740.851,1788778255.0,78.66209866666667,16.876902166666664,True,1
1788778741.055,1788778255.2,78.6620975,16.8769095,True,1
1788778741.25,1788778255.4,78.66209616666667,16.876917166666665,True,1
1788778741.45,1788778255.6,78.662095,16.876924666666664,True,1
1788778741.649,1788778255.8,78.66209366666666,16.876932333333333,True,1
1788778741.85,1788778256.0,78.6620925,16.87693983333333,True,1
1788778742.048,1788778256.2,78.66209116666667,16.876947500000004,True,1
1788778742.248,1788778256.4,78.66208983333333,16.87695516666667,True,1
1788778742.451,1788778256.6,78.6620885,16.876962833333334,True,1
1788778742.65,1788778256.8,78.66208716666667,16.876970833333335,True,1
1788778742.848,1788778257.0,78.662086,16.876978166666667,True,1
1788778743.049,1788778257.2,78.66208466666667,16.8769855,True,1
1788778743.25,1788778257.4,78.66208350000001,16.876993000000002,True,1
1788778743.451,1788778257.6,78.66208216666668,16.877000666666667,True,1
1788778743.65,1788778257.8,78.66208083333332,16.877008333333333,True,1
1788778743.849,1788778258.0,78.66207949999999,16.877016166666667,True,1
1788778744.052,1788778258.2,78.66207833333333,16.877024,True,1
1788778744.255,1788778258.4,78.662077,16.877032,True,1
1788778744.456,1788778258.6,78.66207566666667,16.87704,True,1
1788778744.65,1788778258.8,78.66207433333334,16.877047833333332,True,1
1788778744.852,1788778259.0,78.66207316666667,16.877055499999997,True,1
1788778745.051,1788778259.2,78.66207183333333,16.87706316666667,True,1
1788778745.25,1788778259.4,78.6620705,16.877070833333335,True,1
1788778745.457,1788778259.6,78.66206933333333,16.8770785,True,1
1788778745.651,1788778259.8,78.662068,16.877085833333336,True,1
1788778745.853,1788778260.0,78.66206666666668,16.8770935,True,1
1788778746.059,1788778260.2,78.6620655,16.877100833333333,True,1
1788778746.253,1788778260.4,78.66206416666667,16.877108500000002,True,1
1788778746.451,1788778260.6,78.662063,16.877116166666667,True,1
1788778746.651,1788778260.8,78.66206166666666,16.877123833333332,True,1
1788778746.853,1788778261.0,78.66206033333333,16.8771315,True,1
1788778747.052,1788778261.2,78.66205916666667,16.877139333333332,True,1
1788778747.251,1788778261.4,78.66205783333334,16.877146999999997,True,1
1788778747.45,1788778261.6,78.66205666666666,16.877154833333336,True,1
1788778747.649,1788778261.8,78.66205533333333,16.8771625,True,1
1788778747.853,1788778262.0,78.662054,16.877170333333332,True,1
1788778748.052,1788778262.2,78.66205266666665,16.877178166666667,True,1
1788778748.253,1788778262.4,78.6620515,16.877186,True,1
1788778748.45,1788778262.6,78.66205016666666,16.877193499999997,True,1
1788778748.653,1788778262.8,78.66204883333333,16.87720116666667,True,1
1788778748.851,1788778263.0,78.66204766666667,16.877208666666668,True,1
1788778749.051,1788778263.2,78.66204633333334,16.877215999999997,True,1
1788778749.252,1788778263.4,78.66204516666667,16.8772235,True,1
1788778749.451,1788778263.6,78.66204383333334,16.877231,True,1
1788778749.652,1788778263.8,78.66204250000001,16.877238166666665,True,1
1788778749.849,1788778264.0,78.66204133333333,16.877244666666666,True,1
1788778750.053,1788778264.2,78.66204033333334,16.877251,True,1
1788778750.25,1788778264.4,78.66203933333333,16.877256666666664,True,1
1788778750.452,1788778264.6,78.66203850000001,16.877261999999998,True,1
1788778750.651,1788778264.8,78.6620375,16.877266833333334,True,1
1788778750.851,1788778265.0,78.66203666666667,16.877271333333333,True,1
1788778751.05,1788778265.2,78.66203583333332,16.877275666666666,True,1
1788778751.249,1788778265.4,78.662035,16.8772795,True,1
1788778751.45,1788778265.6,78.66203433333334,16.877283166666665,True,1
1788778751.652,1788778265.8,78.6620335,16.877286666666667,True,1
1788778751.853,1788778266.0,78.66203283333333,16.877290000000002,True,1
1788778752.051,1788778266.2,78.66203216666666,16.877293166666668,True,1
1788778752.251,1788778266.4,78.6620315,16.877296333333334,True,1
1788778752.45,1788778266.6,78.662031,16.877299333333333,True,1
1788778752.65,1788778266.8,78.66203033333333,16.877302166666666,True,1
1788778752.851,1788778267.0,78.66202983333332,16.877304833333334,True,1
1788778753.05,1788778267.2,78.66202916666666,16.877307166666665,True,1
1788778753.25,1788778267.4,78.66202866666666,16.87730966666667,True,1
1788778753.448,1788778267.6,78.66202816666667,16.877312,True,1
1788778753.65,1788778267.8,78.66202766666667,16.877314166666668,True,1
1788778753.85,1788778268.0,78.66202716666666,16.877316333333333,True,1
1788778754.048,1788778268.2,78.66202666666666,16.8773185,True,1
1788778754.25,1788778268.4,78.66202616666666,16.8773205,True,1
1788778754.452,1788778268.6,78.66202583333333,16.877322333333332,True,1
1788778754.653,1788778268.8,78.66202533333333,16.877324333333334,True,1
1788778754.853,1788778269.0,78.66202483333333,16.877326166666666,True,1
1788778755.05,1788778269.2,78.6620245,16.877327833333332,True,1
1788778755.251,1788778269.4,78.662024,16.877329666666665,True,1
1788778755.449,1788778269.6,78.6620235,16.8773315,True,1
1788778755.649,1788778269.8,78.66202316666666,16.877333,True,1
1788778755.849,1788778270.0,78.66202283333334,16.8773345,True,1
1788778756.05,1788778270.2,78.66202249999999,16.877336,True,1
1788778756.25,1788778270.4,78.662022,16.8773375,True,1
1788778756.45,1788778270.6,78.66202150000001,16.877338833333333,True,1
1788778756.648,1788778270.8,78.66202116666666,16.87734,True,1
1788778756.848,1788778271.0,78.66202083333333,16.877341333333334,True,1
1788778757.052,1788778271.2,78.66202033333334,16.8773425,True,1
1788778757.251,1788778271.4,78.66202,16.877343333333332,True,1
1788778757.45,1788778271.6,78.66201966666667,16.877344166666667,True,1
1788778757.651,1788778271.8,78.66201933333333,16.877345166666665,True,1
1788778757.85,1788778272.0,78.662019,16.877346166666666,True,1
1788778758.05,1788778272.2,78.66201866666667,16.877347166666667,True,1
1788778758.249,1788778272.4,78.66201833333334,16.877348166666664,True,1
1788778758.45,1788778272.6,78.662018,16.877348833333333,True,1
1788778758.649,1788778272.8,78.66201766666667,16.877349833333334,True,1
1788778758.851,1788778273.0,78.66201733333334,16.8773505,True,1
1788778759.051,1788778273.2,78.662017,16.877350999999997,True,1
1788778759.252,1788778273.4,78.66201666666666,16.877351666666666,True,1
1788778759.451,1788778273.6,78.66201633333334,16.87735233333333,True,1
1788778759.653,1788778273.8,78.662016,16.87735316666667,True,1
1788778759.853,1788778274.0,78.66201566666668,16.877353666666668,True,1
1788778760.052,1788778274.2,78.66201550000001,16.877354166666667,True,1
1788778760.252,1788778274.4,78.66201516666666,16.877354833333335,True,1
1788778760.457,1788778274.6,78.66201483333333,16.8773555,True,1
1788778760.651,1788778274.8,78.66201466666666,16.877356000000002,True,1
1788778760.851,1788778275.0,78.66201433333335,16.877356666666667,True,1
1788778761.052,1788778275.2,78.662014,16.877357333333336,True,1
1788778761.25,1788778275.4,78.66201366666665,16.877357833333335,True,1
1788778761.452,1788778275.6,78.66201333333333,16.877358333333333,True,1
1788778761.651,1788778275.8,78.66201316666667,16.877358833333336,True,1
1788778761.852,1788778276.0,78.66201283333334,16.877359333333334,True,1
1788778762.051,1788778276.2,78.6620125,16.877359833333333,True,1
1788778762.249,1788778276.4,78.66201233333332,16.877360333333336,True,1
1788778762.452,1788778276.6,78.662012,16.877360833333334,True,1
1788778762.652,1788778276.8,78.66201166666666,16.877361333333333,True,1
1788778762.853,1788778277.0,78.6620115,16.877361833333335,True,1
1788778763.052,1788778277.2,78.66201116666666,16.877362166666668,True,1
1788778763.253,1788778277.4,78.66201099999999,16.877362833333333,True,1
1788778763.453,1788778277.6,78.66201066666666,16.877363166666665,True,1
1788778763.651,1788778277.8,78.66201033333333,16.877363333333335,True,1
1788778763.852,1788778278.0,78.66201016666668,16.877363833333334,True,1
1788778764.051,1788778278.2,78.66200983333333,16.877364333333333,True,1
1788778764.25,1788778278.4,78.66200966666666,16.877364833333335,True,1
1788778764.45,1788778278.6,78.66200933333333,16.877365333333334,True,1
1788778764.649,1788778278.8,78.662009,16.877365666666666,True,1
1788778764.853,1788778279.0,78.66200883333333,16.877365666666666,True,1
1788778765.049,1788778279.2,78.6620085,16.877366,True,1
1788778765.252,1788778279.4,78.66200833333333,16.877366333333335,True,1
1788778765.451,1788778279.6,78.662008,16.8773665,True,1
1788778765.65,1788778279.8,78.66200783333333,16.877366666666667,True,1
1788778765.853,1788778280.0,78.6620075,16.877366833333333,True,1
1788778766.052,1788778280.2,78.66200733333334,16.877367166666666,True,1
1788778766.252,1788778280.4,78.66200699999999,16.877367333333332,True,1
1788778766.45,1788778280.6,78.66200683333334,16.8773675,True,1
1788778766.651,1788778280.8,78.66200666666667,16.8773675,True,1
1788778766.85,1788778281.0,78.66200633333332,16.877367666666665,True,1
1788778767.051,1788778281.2,78.662006,16.877367666666665,True,1
1788778767.251,1788778281.4,78.66200583333332,16.877367833333334,True,1
1788778767.449,1788778281.6,78.66200566666666,16.877368166666667,True,1
1788778767.651,1788778281.8,78.6620055,16.877368333333333,True,1
1788778767.85,1788778282.0,78.66200516666666,16.8773685,True,1
1788778768.052,1788778282.2,78.66200483333334,16.877368833333332,True,1
1788778768.251,1788778282.4,78.66200466666666,16.877369166666664,True,1
1788778768.45,1788778282.6,78.6620045,16.877369166666664,True,1
1788778768.649,1788778282.8,78.66200433333333,16.8773695,True,1
1788778768.85,1788778283.0,78.662004,16.8773695,True,1
1788778769.051,1788778283.2,78.66200383333333,16.8773695,True,1
1788778769.25,1788778283.4,78.66200350000001,16.877369333333334,True,1
1788778769.448,1788778283.6,78.66200333333333,16.8773695,True,1
1788778769.648,1788778283.8,78.66200316666666,16.8773695,True,1
1788778769.85,1788778284.0,78.66200283333333,16.8773695,True,1
1788778770.05,1788778284.2,78.66200266666667,16.8773695,True,1
1788778770.25,1788778284.4,78.6620025,16.8773695,True,1
1788778770.458,1788778284.6,78.66200233333333,16.8773695,True,1
1788778770.649,1788778284.8,78.66200216666667,16.8773695,True,1
1788778770.849,1788778285.0,78.662002,16.877369666666667,True,1
1788778771.049,1788778285.2,78.66200166666665,16.877369666666667,True,1
1788778771.25,1788778285.4,78.6620015,16.877369666666667,True,1
1788778771.45,1788778285.6,78.66200133333334,16.877369833333333,True,1
1788778771.648,1788778285.8,78.66200116666667,16.877369833333333,True,1
1788778771.85,1788778286.0,78.66200099999999,16.87737,True,1
1788778772.047,1788778286.2,78.66200066666667,16.877369833333333,True,1
1788778772.264,1788778286.4,78.6620005,16.8773695,True,1
1788778772.448,1788778286.6,78.66200033333332,16.8773695,True,1
1788778772.652,1788778286.8,78.66200016666667,16.877369333333334,True,1
1788778772.85,1788778287.0,78.662,16.877369166666664,True,1
1788778773.049,1788778287.2,78.66199983333333,16.877368999999998,True,1
1788778773.248,1788778287.4,78.66199950000001,16.877368666666666,True,1
1788778773.451,1788778287.6,78.66199933333334,16.8773685,True,1
1788778773.652,1788778287.8,78.66199916666666,16.877368166666667,True,1
1788778773.852,1788778288.0,78.661999,16.877368,True,1
1788778774.052,1788778288.2,78.66199883333334,16.8773675,True,1
1788778774.253,1788778288.4,78.66199866666666,16.877367333333332,True,1
1788778774.451,1788778288.6,78.6619985,16.877367,True,1
1788778774.655,1788778288.8,78.66199833333333,16.877366666666667,True,1
1788778774.853,1788778289.0,78.66199816666668,16.877366333333335,True,1
1788778775.062,1788778289.2,78.661998,16.877366,True,1
1788778775.248,1788778289.4,78.66199783333333,16.877365833333332,True,1
1788778775.457,1788778289.6,78.66199766666666,16.8773655,True,1
1788778775.651,1788778289.8,78.66199750000001,16.877365,True,1
1788778775.852,1788778290.0,78.66199733333333,16.8773645,True,1
1788778776.05,1788778290.2,78.66199716666667,16.877364,True,1
1788778776.252,1788778290.4,78.661997,16.877363666666668,True,1
1788778776.452,1788778290.6,78.66199683333333,16.877363333333335,True,1
1788778776.653,1788778290.8,78.66199666666667,16.877363,True,1
1788778776.852,1788778291.0,78.66199633333333,16.877362666666667,True,1
1788778777.053,1788778291.2,78.66199616666667,16.877362166666668,True,1
1788778777.25,1788778291.4,78.661996,16.877361833333335,True,1
1788778777.449,1788778291.6,78.66199583333334,16.877361333333333,True,1
1788778777.65,1788778291.8,78.66199566666666,16.877361,True,1
1788778777.852,1788778292.0,78.6619955,16.877360833333334,True,1
1788778778.051,1788778292.2,78.66199533333334,16.8773605,True,1
1788778778.251,1788778292.4,78.66199516666667,16.87736,True,1
1788778778.452,1788778292.6,78.66199483333334,16.877359666666667,True,1
1788778778.651,1788778292.8,78.66199466666667,16.87735916666667,True,1
1788778778.848,1788778293.0,78.66199466666667,16.877358833333336,True,1
1788778779.053,1788778293.2,78.6619945,16.877358333333333,True,1
1788778779.25,1788778293.4,78.66199433333333,16.877357833333335,True,1
1788778779.452,1788778293.6,78.661994,16.877357500000002,True,1
1788778779.653,1788778293.8,78.66199383333333,16.877357,True,1
1788778779.852,1788778294.0,78.66199366666666,16.877356666666667,True,1
1788778780.051,1788778294.2,78.66199350000001,16.877356333333335,True,1
1788778780.249,1788778294.4,78.66199333333334,16.877355833333336,True,1
1788778780.451,1788778294.6,78.66199316666666,16.8773555,True,1
1788778780.65,1788778294.8,78.661993,16.877355166666668,True,1
1788778780.851,1788778295.0,78.66199283333334,16.87735466666667,True,1
1788778781.05,1788778295.2,78.66199266666666,16.877354500000003,True,1
1788778781.249,1788778295.4,78.6619925,16.877354,True,1
1788778781.449,1788778295.6,78.66199216666668,16.877353333333335,True,1
1788778781.648,1788778295.8,78.661992,16.877352833333337,True,1
1788778781.85,1788778296.0,78.66199183333333,16.87735233333333,True,1
1788778782.051,1788778296.2,78.66199166666667,16.877352,True,1
1788778782.251,1788778296.4,78.66199150000001,16.877351666666666,True,1
1788778782.449,1788778296.6,78.66199133333333,16.8773515,True,1
1788778782.649,1788778296.8,78.66199116666667,16.877350999999997,True,1
1788778782.851,1788778297.0,78.661991,16.8773505,True,1
1788778783.051,1788778297.2,78.66199083333332,16.87735,True,1
1788778783.25,1788778297.4,78.66199066666667,16.877349666666664,True,1
1788778783.45,1788778297.6,78.66199066666667,16.877349166666665,True,1
1788778783.649,1788778297.8,78.6619905,16.8773485,True,1
1788778783.849,1788778298.0,78.66199033333334,16.87734783333333,True,1
1788778784.047,1788778298.2,78.66199033333334,16.877347166666667,True,1
1788778784.248,1788778298.4,78.66199016666665,16.877346666666664,True,1
1788778784.448,1788778298.6,78.66199,16.877346166666666,True,1
1788778784.651,1788778298.8,78.66198983333334,16.877345666666667,True,1
1788778784.853,1788778299.0,78.66198966666666,16.877345166666665,True,1
1788778785.048,1788778299.2,78.66198949999999,16.877344666666666,True,1
1788778785.25,1788778299.4,78.66198949999999,16.877343833333335,True,1
1788778785.448,1788778299.6,78.66198933333334,16.877343333333332,True,1
1788778785.649,1788778299.8,78.66198916666667,16.877342666666667,True,1
1788778785.849,1788778300.0,78.66198916666667,16.877342,True,1
1788778786.049,1788778300.2,78.66198899999999,16.877341333333334,True,1
1788778786.251,1788778300.4,78.66198883333333,16.877340666666665,True,1
1788778786.45,1788778300.6,78.66198866666667,16.87734,True,1
1788778786.652,1788778300.8,78.6619885,16.877339333333335,True,1
1788778786.851,1788778301.0,78.66198833333333,16.877338833333333,True,1
1788778787.047,1788778301.2,78.66198816666666,16.877338166666668,True,1
1788778787.251,1788778301.4,78.66198800000001,16.8773375,True,1
1788778787.451,1788778301.6,78.66198783333333,16.877336666666668,True,1
1788778787.65,1788778301.8,78.66198783333333,16.877336,True,1
1788778787.853,1788778302.0,78.66198766666666,16.877335333333335,True,1
1788778788.051,1788778302.2,78.6619875,16.877334666666666,True,1
1788778788.25,1788778302.4,78.6619875,16.877333833333335,True,1
1788778788.449,1788778302.6,78.66198733333334,16.877333,True,1
1788778788.649,1788778302.8,78.66198716666666,16.877332333333335,True,1
1788778788.851,1788778303.0,78.661987,16.8773315,True,1
1788778789.051,1788778303.2,78.66198683333333,16.877330833333335,True,1
1788778789.25,1788778303.4,78.66198666666666,16.877329999999997,True,1
1788778789.45,1788778303.6,78.66198666666666,16.877329333333332,True,1
1788778789.652,1788778303.8,78.6619865,16.877328499999997,True,1
1788778789.85,1788778304.0,78.66198633333333,16.877327833333332,True,1
1788778790.051,1788778304.2,78.66198616666667,16.877326999999998,True,1
1788778790.252,1788778304.4,78.66198616666667,16.8773265,True,1
1788778790.457,1788778304.6,78.661986,16.877325833333334,True,1
1788778790.651,1788778304.8,78.66198583333333,16.877325,True,1
1788778790.85,1788778305.0,78.66198583333333,16.877324333333334,True,1
1788778791.053,1788778305.2,78.66198566666667,16.8773235,True,1
1788778791.247,1788778305.4,78.6619855,16.877323,True,1
1788778791.45,1788778305.6,78.66198533333333,16.877322166666666,True,1
1788778791.648,1788778305.8,78.66198516666667,16.8773215,True,1
1788778791.849,1788778306.0,78.661985,16.877321,True,1
1788778792.064,1788778306.2,78.661985,16.877320166666667,True,1
1788778792.249,1788778306.4,78.66198483333332,16.8773195,True,1
1788778792.449,1788778306.6,78.66198466666667,16.877318666666667,True,1
1788778792.647,1788778306.8,78.66198466666667,16.877317666666666,True,1
1788778792.85,1788778307.0,78.6619845,16.877316833333335,True,1
1788778793.05,1788778307.2,78.66198433333334,16.877315833333334,True,1
1788778793.25,1788778307.4,78.66198433333334,16.877314833333333,True,1
1788778793.45,1788778307.6,78.66198416666666,16.877313833333336,True,1
1788778793.651,1788778307.8,78.661984,16.877313,True,1
1788778793.848,1788778308.0,78.661984,16.877312,True,1
1788778794.049,1788778308.2,78.66198383333334,16.877311000000002,True,1
1788778794.25,1788778308.4,78.66198366666666,16.877310166666668,True,1
1788778794.448,1788778308.6,78.66198349999999,16.877309333333336,True,1
1788778794.649,1788778308.8,78.66198333333334,16.877308333333335,True,1
1788778794.85,1788778309.0,78.66198333333334,16.87730733333333,True,1
1788778795.052,1788778309.2,78.66198316666667,16.877306166666664,True,1
1788778795.253,1788778309.4,78.66198299999999,16.877305166666666,True,1
1788778795.45,1788778309.6,78.66198283333333,16.877304,True,1
1788778795.651,1788778309.8,78.66198266666667,16.877303166666664,True,1
1788778795.852,1788778310.0,78.66198250000001,16.877302166666666,True,1
1788778796.054,1788778310.2,78.66198250000001,16.877301166666665,True,1
1788778796.251,1788778310.4,78.66198233333333,16.877300333333334,True,1
1788778796.45,1788778310.6,78.66198216666666,16.8772995,True,1
1788778796.65,1788778310.8,78.66198200000001,16.8772985,True,1
1788778796.855,1788778311.0,78.66198183333333,16.877297666666667,True,1
1788778797.051,1788778311.2,78.66198166666666,16.8772965,True,1
1788778797.252,1788778311.4,78.66198166666666,16.8772955,True,1
1788778797.449,1788778311.6,78.6619815,16.877294333333335,True,1
1788778797.651,1788778311.8,78.66198133333334,16.877293333333334,True,1
1788778797.852,1788778312.0,78.66198133333334,16.877292333333333,True,1
1788778798.051,1788778312.2,78.66198116666666,16.877291,True,1
1788778798.25,1788778312.4,78.661981,16.877289666666666,True,1
1788778798.45,1788778312.6,78.661981,16.877288333333336,True,1
1788778798.652,1788778312.8,78.66198083333333,16.8772875,True,1
1788778798.856,1788778313.0,78.66198066666666,16.877286333333334,True,1
1788778799.051,1788778313.2,78.66198066666666,16.877285333333337,True,1
1788778799.249,1788778313.4,78.6619805,16.877284166666666,True,1
1788778799.452,1788778313.6,78.66198033333333,16.87728333333333,True,1
1788778799.65,1788778313.8,78.66198016666667,16.877282166666664,True,1
1788778799.849,1788778314.0,78.66198,16.877281333333332,True,1
1788778800.049,1788778314.2,78.66197983333333,16.877280166666665,True,1
1788778800.251,1788778314.4,78.66197983333333,16.877278999999998,True,1
1788778800.45,1788778314.6,78.66197966666667,16.877278,True,1
1788778800.651,1788778314.8,78.6619795,16.877277,True,1
1788778800.849,1788778315.0,78.66197933333333,16.877276166666665,True,1
1788778801.051,1788778315.2,78.66197916666667,16.877275166666667,True,1
1788778801.251,1788778315.4,78.661979,16.877274333333332,True,1
1788778801.453,1788778315.6,78.66197883333332,16.877273166666665,True,1
1788778801.651,1788778315.8,78.66197866666667,16.877272166666668,True,1
1788778801.851,1788778316.0,78.6619785,16.877271,True,1
1788778802.051,1788778316.2,78.66197833333334,16.877270166666666,True,1
1788778802.249,1788778316.4,78.66197816666666,16.877269333333334,True,1
1788778802.45,1788778316.6,78.661978,16.8772685,True,1
1788778802.647,1788778316.8,78.66197783333334,16.877267333333336,True,1
1788778802.848,1788778317.0,78.66197766666667,16.877266333333335,True,1
1788778803.049,1788778317.2,78.66197749999999,16.877265333333334,True,1
1788778803.248,1788778317.4,78.66197733333334,16.877264333333336,True,1
1788778803.449,1788778317.6,78.66197733333334,16.87726316666667,True,1
1788778803.647,1788778317.8,78.66197716666667,16.87726233333333,True,1
1788778803.849,1788778318.0,78.661977,16.8772615,True,1
1788778804.05,1788778318.2,78.66197683333333,16.877260666666665,True,1
1788778804.251,1788778318.4,78.66197666666667,16.877259833333333,True,1
1788778804.449,1788778318.6,78.66197650000001,16.877258833333332,True,1
1788778804.651,1788778318.8,78.66197633333333,16.877258166666664,True,1
1788778804.849,1788778319.0,78.66197616666666,16.877257333333333,True,1
1788778805.049,1788778319.2,78.66197583333333,16.877256833333334,True,1
1788778805.25,1788778319.4,78.66197566666666,16.877255833333333,True,1
1788778805.457,1788778319.6,78.6619755,16.877255166666664,True,1
1788778805.649,1788778319.8,78.66197533333334,16.8772545,True,1
1788778805.848,1788778320.0,78.66197516666666,16.877253666666665,True,1
1788778806.055,1788778320.2,78.661975,16.877253,True,1
1788778806.248,1788778320.4,78.66197483333333,16.877252333333335,True,1
1788778806.446,1788778320.6,78.66197466666668,16.8772515,True,1
1788778806.652,1788778320.8,78.6619745,16.877250833333335,True,1
1788778806.85,1788778321.0,78.66197433333333,16.87725,True,1
1788778807.05,1788778321.2,78.66197416666667,16.877249166666665,True,1
1788778807.249,1788778321.4,78.661974,16.877248333333334,True,1
1788778807.449,1788778321.6,78.66197383333333,16.8772475,True,1
1788778807.65,1788778321.8,78.66197366666667,16.877246666666668,True,1
1788778807.847,1788778322.0,78.6619735,16.877246,True,1
1788778808.05,1788778322.2,78.66197333333334,16.87724516666667,True,1
1788778808.25,1788778322.4,78.66197316666667,16.8772445,True,1
1788778808.449,1788778322.6,78.661973,16.877243833333335,True,1
1788778808.65,1788778322.8,78.66197283333332,16.877243333333336,True,1
1788778808.849,1788778323.0,78.66197266666667,16.877242666666668,True,1
1788778809.053,1788778323.2,78.6619725,16.877242000000003,True,1
1788778809.25,1788778323.4,78.66197233333334,16.877241,True,1
1788778809.457,1788778323.6,78.661972,16.877240166666663,True,1
1788778809.651,1788778323.8,78.66197183333334,16.877239166666666,True,1
1788778809.851,1788778324.0,78.66197166666667,16.877238499999997,True,1
1788778810.051,1788778324.2,78.66197166666667,16.8772375,True,1
1788778810.252,1788778324.4,78.66197149999999,16.8772365,True,1
1788778810.453,1788778324.6,78.66197133333334,16.877235499999998,True,1
1788778810.651,1788778324.8,78.661971,16.877234333333334,True,1
1788778810.851,1788778325.0,78.661971,16.877233333333333,True,1
1788778811.05,1788778325.2,78.66197083333333,16.877232333333332,True,1
1788778811.25,1788778325.4,78.66197066666668,16.877231333333334,True,1
1788778811.451,1788778325.6,78.66197050000001,16.877230333333333,True,1
1788778811.652,1788778325.8,78.66197033333333,16.877229333333332,True,1
1788778811.849,1788778326.0,78.66197000000001,16.8772285,True,1
1788778812.048,1788778326.2,78.66196983333333,16.8772275,True,1
1788778812.252,1788778326.4,78.66196983333333,16.8772265,True,1
1788778812.451,1788778326.6,78.66196966666666,16.8772255,True,1
1788778812.651,1788778326.8,78.6619695,16.877224333333334,True,1
1788778812.852,1788778327.0,78.66196933333335,16.877223,True,1
1788778813.052,1788778327.2,78.66196916666667,16.877222,True,1
1788778813.251,1788778327.4,78.661969,16.877221000000002,True,1
1788778813.45,1788778327.6,78.66196866666668,16.87722,True,1
1788778813.65,1788778327.8,78.6619685,16.877218833333334,True,1
1788778813.849,1788778328.0,78.66196833333333,16.877217833333336,True,1
1788778814.051,1788778328.2,78.66196816666667,16.877216666666666,True,1
1788778814.249,1788778328.4,78.66196816666667,16.8772155,True,1
1788778814.449,1788778328.6,78.66196799999999,16.87721433333333,True,1
1788778814.647,1788778328.8,78.66196783333334,16.877213166666667,True,1
1788778814.847,1788778329.0,78.66196766666667,16.877211833333334,True,1
1788778815.05,1788778329.2,78.6619675,16.877210666666667,True,1
1788778815.249,1788778329.4,78.6619675,16.8772095,True,1
1788778815.45,1788778329.6,78.66196733333332,16.877208333333332,True,1
1788778815.662,1788778329.8,78.66196716666667,16.877207,True,1
1788778815.85,1788778330.0,78.661967,16.877205833333335,True,1
1788778816.048,1788778330.2,78.661967,16.877204833333334,True,1
1788778816.25,1788778330.4,78.66196683333332,16.877203666666666,True,1
1788778816.449,1788778330.6,78.66196666666666,16.8772025,True,1
1788778816.649,1788778330.8,78.66196666666666,16.8772015,True,1
1788778816.849,1788778331.0,78.6619665,16.87720016666667,True,1
1788778817.048,1788778331.2,78.6619665,16.877199,True,1
1788778817.25,1788778331.4,78.66196633333334,16.877197833333334,True,1
1788778817.447,1788778331.6,78.66196616666666,16.8771965,True,1
1788778817.649,1788778331.8,78.66196599999999,16.87719516666667,True,1
1788778817.85,1788778332.0,78.66196599999999,16.877193833333333,True,1
1788778818.051,1788778332.2,78.66196583333334,16.877192833333332,True,1
1788778818.25,1788778332.4,78.66196583333334,16.87719183333333,True,1
1788778818.448,1788778332.6,78.66196566666667,16.877190499999998,True,1
1788778818.65,1788778332.8,78.66196566666667,16.877189166666668,True,1
1788778818.845,1788778333.0,78.6619655,16.877187833333334,True,1
1788778819.049,1788778333.2,78.6619655,16.877186666666667,True,1
1788778819.248,1788778333.4,78.66196533333333,16.877185333333333,True,1
1788778819.449,1788778333.6,78.66196533333333,16.877184,True,1
1788778819.651,1788778333.8,78.66196516666668,16.877182666666666,True,1
1788778819.849,1788778334.0,78.66196516666668,16.8771815,True,1
1788778820.047,1788778334.2,78.66196516666668,16.877180333333335,True,1
1788778820.248,1788778334.4,78.661965,16.877179166666668,True,1
1788778820.458,1788778334.6,78.661965,16.877177833333334,True,1
1788778820.65,1788778334.8,78.661965,16.877176666666667,True,1
1788778820.852,1788778335.0,78.661965,16.877175333333334,True,1
1788778821.051,1788778335.2,78.66196483333333,16.87717416666667,True,1
1788778821.25,1788778335.4,78.66196483333333,16.87717316666667,True,1
1788778821.451,1788778335.6,78.66196483333333,16.877171999999998,True,1
1788778821.649,1788778335.8,78.66196466666666,16.877170666666665,True,1
1788778821.85,1788778336.0,78.66196466666666,16.877169499999997,True,1
1788778822.05,1788778336.2,78.66196466666666,16.877168333333334,True,1
1788778822.248,1788778336.4,78.66196466666666,16.877167166666666,True,1
1788778822.451,1788778336.6,78.66196466666666,16.877166,True,1
1788778822.651,1788778336.8,78.66196466666666,16.877164666666665,True,1
1788778822.851,1788778337.0,78.66196450000001,16.877163166666666,True,1
1788778823.05,1788778337.2,78.66196450000001,16.877161833333332,True,1
1788778823.25,1788778337.4,78.66196450000001,16.87716066666667,True,1
1788778823.451,1788778337.6,78.66196450000001,16.8771595,True,1
1788778823.651,1788778337.8,78.66196450000001,16.877158333333334,True,1
1788778823.85,1788778338.0,78.66196433333333,16.877156833333334,True,1
1788778824.052,1788778338.2,78.66196433333333,16.877155333333334,True,1
1788778824.251,1788778338.4,78.66196433333333,16.877154166666667,True,1
1788778824.45,1788778338.6,78.66196433333333,16.877153333333336,True,1
1788778824.648,1788778338.8,78.66196450000001,16.877152333333335,True,1
1788778824.849,1788778339.0,78.66196450000001,16.877151333333334,True,1
1788778825.05,1788778339.2,78.66196450000001,16.87715016666667,True,1
1788778825.25,1788778339.4,78.66196433333333,16.877148833333333,True,1
1788778825.448,1788778339.6,78.66196433333333,16.877147666666666,True,1
1788778825.648,1788778339.8,78.66196450000001,16.8771465,True,1
1788778825.847,1788778340.0,78.66196450000001,16.87714533333333,True,1
1788778826.052,1788778340.2,78.66196450000001,16.877143999999998,True,1
1788778826.252,1788778340.4,78.66196450000001,16.877142833333334,True,1
1788778826.452,1788778340.6,78.66196450000001,16.8771415,True,1
1788778826.65,1788778340.8,78.66196433333333,16.87714,True,1
1788778826.85,1788778341.0,78.66196450000001,16.877138833333333,True,1
1788778827.051,1788778341.2,78.66196450000001,16.877137666666666,True,1
1788778827.25,1788778341.4,78.66196433333333,16.877136333333333,True,1
1788778827.451,1788778341.6,78.66196433333333,16.877134666666667,True,1
1788778827.65,1788778341.8,78.66196433333333,16.877133166666667,True,1
1788778827.851,1788778342.0,78.66196433333333,16.877131833333333,True,1
1788778828.05,1788778342.2,78.66196433333333,16.8771305,True,1
1788778828.251,1788778342.4,78.66196416666666,16.877129333333336,True,1
1788778828.448,1788778342.6,78.66196416666666,16.877128000000003,True,1
1788778828.651,1788778342.8,78.66196416666666,16.877126666666665,True,1
1788778828.853,1788778343.0,78.66196416666666,16.877125333333332,True,1
1788778829.05,1788778343.2,78.661964,16.87712433333333,True,1
1788778829.252,1788778343.4,78.661964,16.877122999999997,True,1
1788778829.45,1788778343.6,78.661964,16.877121833333334,True,1
1788778829.652,1788778343.8,78.661964,16.877120166666668,True,1
1788778829.851,1788778344.0,78.661964,16.877118666666668,True,1
1788778830.049,1788778344.2,78.66196383333333,16.877117333333334,True,1
1788778830.249,1788778344.4,78.66196383333333,16.877116333333333,True,1
1788778830.45,1788778344.6,78.66196366666667,16.877115,True,1
1788778830.65,1788778344.8,78.66196366666667,16.877113666666666,True,1
1788778830.848,1788778345.0,78.6619635,16.877112166666667,True,1
1788778831.048,1788778345.2,78.6619635,16.877110666666667,True,1
1788778831.248,1788778345.4,78.66196333333333,16.8771095,True,1
1788778831.449,1788778345.6,78.66196333333333,16.87710816666667,True,1
1788778831.65,1788778345.8,78.66196316666667,16.877106833333336,True,1
1788778831.851,1788778346.0,78.66196316666667,16.877105333333336,True,1
1788778832.051,1788778346.2,78.661963,16.877104,True,1
1788778832.249,1788778346.4,78.66196283333333,16.877102666666666,True,1
1788778832.449,1788778346.6,78.66196283333333,16.877101166666666,True,1
1788778832.648,1788778346.8,78.66196266666667,16.877099833333332,True,1
1788778832.85,1788778347.0,78.66196266666667,16.8770985,True,1
1788778833.049,1788778347.2,78.6619625,16.877096833333333,True,1
1788778833.249,1788778347.4,78.6619625,16.8770955,True,1
1788778833.448,1788778347.6,78.66196233333334,16.877094,True,1
1788778833.647,1788778347.8,78.66196233333334,16.877092833333332,True,1
1788778833.848,1788778348.0,78.66196216666667,16.877091333333333,True,1
1788778834.046,1788778348.2,78.66196216666667,16.87709,True,1
1788778834.252,1788778348.4,78.66196199999999,16.8770885,True,1
1788778834.449,1788778348.6,78.66196199999999,16.877087,True,1
1788778834.649,1788778348.8,78.66196183333334,16.877085833333336,True,1
1788778834.85,1788778349.0,78.66196183333334,16.87708466666667,True,1
1788778835.05,1788778349.2,78.66196166666667,16.877083333333335,True,1
1788778835.253,1788778349.4,78.66196166666667,16.87708183333333,True,1
1788778835.457,1788778349.6,78.6619615,16.877080499999998,True,1
1788778835.653,1788778349.8,78.6619615,16.877079166666665,True,1
1788778835.849,1788778350.0,78.6619615,16.877077999999997,True,1
1788778836.049,1788778350.2,78.66196133333332,16.877076833333334,True,1
1788778836.248,1788778350.4,78.66196133333332,16.8770755,True,1
1788778836.451,1788778350.6,78.66196116666667,16.877074333333333,True,1
1788778836.649,1788778350.8,78.66196133333332,16.877073,True,1
1788778836.849,1788778351.0,78.66196116666667,16.877071666666666,True,1
1788778837.05,1788778351.2,78.66196116666667,16.877070333333332,True,1
1788778837.25,1788778351.4,78.66196116666667,16.87706916666667,True,1
1788778837.451,1788778351.6,78.66196116666667,16.877067833333335,True,1
1788778837.652,1788778351.8,78.66196133333332,16.87706616666667,True,1
1788778837.853,1788778352.0,78.66196133333332,16.87706466666667,True,1
1788778838.052,1788778352.2,78.66196133333332,16.87706316666667,True,1
1788778838.251,1788778352.4,78.66196133333332,16.87706166666667,True,1
1788778838.452,1788778352.6,78.66196166666667,16.877059666666664,True,1
1788778838.651,1788778352.8,78.66196216666667,16.8770575,True,1
1788778838.85,1788778353.0,78.66196233333334,16.877055666666667,True,1
1788778839.052,1788778353.2,78.66196233333334,16.877053999999998,True,1
1788778839.251,1788778353.4,78.66196233333334,16.877052499999998,True,1
1788778839.451,1788778353.6,78.66196216666667,16.877051333333334,True,1
1788778839.65,1788778353.8,78.66196199999999,16.877050333333333,True,1
1788778839.852,1788778354.0,78.66196183333334,16.877049166666666,True,1
1788778840.051,1788778354.2,78.66196183333334,16.877048333333335,True,1
1788778840.251,1788778354.4,78.66196166666667,16.877047,True,1
1788778840.451,1788778354.6,78.6619615,16.877045833333334,True,1
1788778840.653,1788778354.8,78.66196133333332,16.877044833333333,True,1
1788778840.853,1788778355.0,78.66196133333332,16.87704366666667,True,1
1788778841.05,1788778355.2,78.66196116666667,16.8770425,True,1
1788778841.252,1788778355.4,78.661961,16.877041333333334,True,1
1788778841.451,1788778355.6,78.661961,16.87704,True,1
1788778841.65,1788778355.8,78.66196083333332,16.877038666666667,True,1
1788778841.852,1788778356.0,78.66196083333332,16.877037166666664,True,1
1788778842.05,1788778356.2,78.66196066666666,16.877035666666664,True,1
1788778842.247,1788778356.4,78.66196066666666,16.87703433333333,True,1
1788778842.449,1788778356.6,78.66196066666666,16.877032999999997,True,1
1788778842.649,1788778356.8,78.66196066666666,16.877031833333334,True,1
1788778842.85,1788778357.0,78.66196066666666,16.8770305,True,1
1788778843.05,1788778357.2,78.66196066666666,16.877029,True,1
1788778843.251,1788778357.4,78.66196066666666,16.8770275,True,1
1788778843.449,1788778357.6,78.66196066666666,16.877026166666667,True,1
1788778843.648,1788778357.8,78.6619605,16.877025,True,1
1788778843.849,1788778358.0,78.6619605,16.877023833333332,True,1
1788778844.049,1788778358.2,78.6619605,16.877022333333333,True,1
1788778844.25,1788778358.4,78.6619605,16.877021,True,1
1788778844.447,1788778358.6,78.66196033333334,16.877019333333333,True,1
1788778844.649,1788778358.8,78.66196033333334,16.877018333333336,True,1
1788778844.848,1788778359.0,78.66196033333334,16.87701716666667,True,1
1788778845.049,1788778359.2,78.66196016666666,16.877016,True,1
1788778845.251,1788778359.4,78.66196,16.877014666666664,True,1
1788778845.449,1788778359.6,78.66196,16.877013166666664,True,1
1788778845.649,1788778359.8,78.66196,16.877011666666665,True,1
1788778845.853,1788778360.0,78.66195983333334,16.877010499999997,True,1
1788778846.055,1788778360.2,78.66195966666668,16.877009166666667,True,1
1788778846.252,1788778360.4,78.66195966666668,16.877008,True,1
1788778846.447,1788778360.6,78.6619595,16.877006833333333,True,1
1788778846.65,1788778360.8,78.66195933333333,16.877005333333333,True,1
1788778846.848,1788778361.0,78.66195916666668,16.877003833333333,True,1
1788778847.05,1788778361.2,78.661959,16.8770025,True,1
1788778847.25,1788778361.4,78.661959,16.877001,True,1
1788778847.45,1788778361.6,78.66195883333333,16.876999833333333,True,1
1788778847.65,1788778361.8,78.66195866666666,16.8769985,True,1
1788778847.85,1788778362.0,78.66195850000001,16.876997,True,1
1788778848.051,1788778362.2,78.66195850000001,16.876995166666667,True,1
1788778848.251,1788778362.4,78.66195833333333,16.876993666666667,True,1
1788778848.451,1788778362.6,78.66195816666666,16.87699233333333,True,1
1788778848.65,1788778362.8,78.66195816666666,16.876991166666667,True,1
1788778848.852,1788778363.0,78.661958,16.876989833333333,True,1
1788778849.052,1788778363.2,78.661958,16.876988166666667,True,1
1788778849.248,1788778363.4,78.66195783333333,16.876986666666667,True,1
1788778849.45,1788778363.6,78.66195783333333,16.876985333333334,True,1
1788778849.652,1788778363.8,78.66195783333333,16.876984,True,1
1788778849.851,1788778364.0,78.66195766666667,16.876982666666667,True,1
1788778850.052,1788778364.2,78.66195766666667,16.876981166666667,True,1
1788778850.251,1788778364.4,78.66195766666667,16.8769795,True,1
1788778850.462,1788778364.6,78.6619575,16.876977833333335,True,1
1788778850.649,1788778364.8,78.6619575,16.87697616666667,True,1
1788778850.851,1788778365.0,78.6619575,16.87697466666667,True,1
1788778851.051,1788778365.2,78.6619575,16.876973333333336,True,1
1788778851.252,1788778365.4,78.6619575,16.876971833333336,True,1
1788778851.452,1788778365.6,78.6619575,16.876969999999996,True,1
1788778851.652,1788778365.8,78.66195733333333,16.876968499999997,True,1
1788778851.853,1788778366.0,78.66195733333333,16.876967166666667,True,1
1788778852.049,1788778366.2,78.66195733333333,16.876965833333333,True,1
1788778852.249,1788778366.4,78.66195716666667,16.876964333333333,True,1
1788778852.45,1788778366.6,78.66195716666667,16.876963,True,1
1788778852.649,1788778366.8,78.66195716666667,16.8769615,True,1
1788778852.849,1788778367.0,78.661957,16.876960166666667,True,1
1788778853.051,1788778367.2,78.661957,16.876959,True,1
1788778853.249,1788778367.4,78.66195683333333,16.8769575,True,1
1788778853.446,1788778367.6,78.66195683333333,16.876956166666666,True,1
1788778853.65,1788778367.8,78.66195666666667,16.876954666666666,True,1
1788778853.85,1788778368.0,78.66195666666667,16.876953166666667,True,1
1788778854.054,1788778368.2,78.6619565,16.876951833333333,True,1
1788778854.25,1788778368.4,78.6619565,16.876950500000003,True,1
1788778854.45,1788778368.6,78.66195633333334,16.87694916666667,True,1
1788778854.648,1788778368.8,78.66195616666667,16.876948000000002,True,1
1788778854.849,1788778369.0,78.66195616666667,16.8769465,True,1
1788778855.049,1788778369.2,78.66195599999999,16.876945166666665,True,1
1788778855.248,1788778369.4,78.66195599999999,16.876943999999998,True,1
1788778855.449,1788778369.6,78.66195583333334,16.876943,True,1
1788778855.65,1788778369.8,78.66195583333334,16.876942,True,1
1788778855.855,1788778370.0,78.66195566666667,16.876941,True,1
1788778856.049,1788778370.2,78.6619555,16.87693983333333,True,1
1788778856.25,1788778370.4,78.6619555,16.8769385,True,1
1788778856.451,1788778370.6,78.66195533333332,16.8769375,True,1
1788778856.65,1788778370.8,78.66195516666667,16.876936666666666,True,1
1788778856.85,1788778371.0,78.661955,16.876935666666668,True,1
1788778857.051,1788778371.2,78.66195483333333,16.876934333333335,True,1
1788778857.25,1788778371.4,78.66195483333333,16.876933,True,1
1788778857.451,1788778371.6,78.66195466666666,16.876931666666668,True,1
1788778857.651,1788778371.8,78.66195450000001,16.876930333333334,True,1
1788778857.851,1788778372.0,78.66195433333334,16.876929,True,1
1788778858.05,1788778372.2,78.66195433333334,16.876927833333333,True,1
1788778858.252,1788778372.4,78.66195416666666,16.876926500000003,True,1
1788778858.45,1788778372.6,78.661954,16.876925500000002,True,1
1788778858.652,1788778372.8,78.661954,16.87692433333333,True,1
1788778858.849,1788778373.0,78.66195383333334,16.876923166666664,True,1
1788778859.05,1788778373.2,78.66195366666668,16.876922,True,1
1788778859.249,1788778373.4,78.66195366666668,16.876920833333333,True,1
1788778859.452,1788778373.6,78.6619535,16.8769195,True,1
1788778859.651,1788778373.8,78.66195333333333,16.876918333333332,True,1
1788778859.85,1788778374.0,78.66195316666668,16.876917166666665,True,1
1788778860.049,1788778374.2,78.66195316666668,16.876916,True,1
1788778860.25,1788778374.4,78.661953,16.876914833333334,True,1
1788778860.45,1788778374.6,78.661953,16.8769135,True,1
1788778860.652,1788778374.8,78.66195283333333,16.876912333333333,True,1
1788778860.849,1788778375.0,78.66195283333333,16.876911166666666,True,1
1788778861.05,1788778375.2,78.66195266666666,16.876909833333333,True,1
1788778861.25,1788778375.4,78.66195250000001,16.876908500000003,True,1
1788778861.451,1788778375.6,78.66195250000001,16.876907333333335,True,1
1788778861.649,1788778375.8,78.66195250000001,16.876906166666668,True,1
1788778861.851,1788778376.0,78.66195233333333,16.876905,True,1
1788778862.049,1788778376.2,78.66195216666667,16.876903833333333,True,1
1788778862.25,1788778376.4,78.66195216666667,16.87690233333333,True,1
1788778862.45,1788778376.6,78.661952,16.876901166666666,True,1
1788778862.651,1788778376.8,78.661952,16.876900166666665,True,1
1788778862.849,1788778377.0,78.66195183333333,16.876898999999998,True,1
1788778863.046,1788778377.2,78.66195183333333,16.876898,True,1
1788778863.25,1788778377.4,78.66195166666667,16.876896666666667,True,1
1788778863.449,1788778377.6,78.66195166666667,16.8768955,True,1
1788778863.649,1788778377.8,78.6619515,16.876894333333333,True,1
1788778863.849,1788778378.0,78.66195133333333,16.87689333333333,True,1
1788778864.047,1788778378.2,78.66195133333333,16.876892333333334,True,1
1788778864.247,1788778378.4,78.66195116666667,16.8768915,True,1
1788778864.447,1788778378.6,78.66195116666667,16.876890166666666,True,1
1788778864.65,1788778378.8,78.661951,16.87688916666667,True,1
1788778864.85,1788778379.0,78.661951,16.876888166666667,True,1
1788778865.051,1788778379.2,78.66195083333334,16.876887166666666,True,1
1788778865.25,1788778379.4,78.66195066666667,16.87688616666667,True,1
1788778865.455,1788778379.6,78.66195066666667,16.876885,True,1
1788778865.649,1788778379.8,78.6619505,16.876883666666668,True,1
1788778865.85,1788778380.0,78.6619505,16.876882333333334,True,1
1788778866.061,1788778380.2,78.66195033333334,16.876881166666667,True,1
1788778866.25,1788778380.4,78.66195016666667,16.876879666666664,True,1
1788778866.449,1788778380.6,78.66194999999999,16.876878166666664,True,1
1788778866.65,1788778380.8,78.66194999999999,16.876876666666664,True,1
1788778866.848,1788778381.0,78.66194983333334,16.876875166666665,True,1
1788778867.048,1788778381.2,78.66194966666667,16.87687383333333,True,1
1788778867.247,1788778381.4,78.66194966666667,16.876872666666667,True,1
1788778867.451,1788778381.6,78.6619495,16.876871166666668,True,1
1788778867.652,1788778381.8,78.66194933333333,16.876869833333334,True,1
1788778867.848,1788778382.0,78.66194933333333,16.876868333333334,True,1
1788778868.049,1788778382.2,78.66194916666667,16.876867166666667,True,1
1788778868.251,1788778382.4,78.661949,16.876865833333333,True,1
1788778868.449,1788778382.6,78.66194883333333,16.8768645,True,1
1788778868.649,1788778382.8,78.66194883333333,16.876863,True,1
1788778868.849,1788778383.0,78.66194866666666,16.876861666666667,True,1
1788778869.05,1788778383.2,78.66194850000001,16.876860333333333,True,1
1788778869.249,1788778383.4,78.66194850000001,16.876859000000003,True,1
1788778869.45,1788778383.6,78.66194833333334,16.876857500000003,True,1
1788778869.649,1788778383.8,78.66194833333334,16.876856,True,1
1788778869.848,1788778384.0,78.66194816666666,16.876854666666667,True,1
1788778870.048,1788778384.2,78.66194816666666,16.876853,True,1
1788778870.25,1788778384.4,78.661948,16.8768515,True,1
1788778870.45,1788778384.6,78.661948,16.876850166666667,True,1
1788778870.648,1788778384.8,78.66194783333334,16.876848666666667,True,1
1788778870.85,1788778385.0,78.66194783333334,16.876847333333334,True,1
1788778871.049,1788778385.2,78.66194766666668,16.8768455,True,1
1788778871.25,1788778385.4,78.66194766666668,16.876844000000002,True,1
1788778871.449,1788778385.6,78.66194766666668,16.876842333333332,True,1
1788778871.648,1788778385.8,78.6619475,16.876840833333333,True,1
1788778871.848,1788778386.0,78.66194733333333,16.876839500000003,True,1
1788778872.05,1788778386.2,78.66194733333333,16.876838000000003,True,1
1788778872.249,1788778386.4,78.66194733333333,16.876836166666667,True,1
1788778872.448,1788778386.6,78.66194716666668,16.876834499999998,True,1
1788778872.648,1788778386.8,78.661947,16.876832666666665,True,1
1788778872.85,1788778387.0,78.661947,16.876831,True,1
1788778873.052,1788778387.2,78.66194683333333,16.876829333333333,True,1
1788778873.249,1788778387.4,78.66194683333333,16.87682733333333,True,1
1788778873.449,1788778387.6,78.66194683333333,16.8768255,True,1
1788778873.649,1788778387.8,78.66194666666667,16.876823833333333,True,1
1788778873.852,1788778388.0,78.66194666666667,16.876822166666667,True,1
1788778874.048,1788778388.2,78.66194650000001,16.876820333333335,True,1
1788778874.25,1788778388.4,78.66194650000001,16.87681866666667,True,1
1788778874.447,1788778388.6,78.66194633333333,16.876817000000003,True,1
1788778874.649,1788778388.8,78.66194633333333,16.876815166666667,True,1
1788778874.848,1788778389.0,78.66194616666667,16.876813333333335,True,1
1788778875.049,1788778389.2,78.66194616666667,16.876811333333332,True,1
1788778875.248,1788778389.4,78.66194616666667,16.87680933333333,True,1
1788778875.445,1788778389.6,78.661946,16.876807666666664,True,1
1788778875.649,1788778389.8,78.661946,16.876805333333333,True,1
1788778875.848,1788778390.0,78.66194583333332,16.87680333333333,True,1
1788778876.048,1788778390.2,78.66194583333332,16.876801333333333,True,1
1788778876.249,1788778390.4,78.66194583333332,16.876799333333334,True,1
1788778876.452,1788778390.6,78.66194566666667,16.87679766666667,True,1
1788778876.65,1788778390.8,78.66194566666667,16.876795833333333,True,1
1788778876.847,1788778391.0,78.6619455,16.876794166666667,True,1
1788778877.048,1788778391.2,78.6619455,16.8767925,True,1
1788778877.247,1788778391.4,78.6619455,16.87679066666667,True,1
1788778877.447,1788778391.6,78.66194533333334,16.876789,True,1
1788778877.648,1788778391.8,78.66194533333334,16.876787166666666,True,1
1788778877.85,1788778392.0,78.66194516666665,16.876785666666667,True,1
1788778878.06,1788778392.2,78.66194516666665,16.876784,True,1
1788778878.246,1788778392.4,78.661945,16.876782166666665,True,1
1788778878.449,1788778392.6,78.661945,16.8767805,True,1
1788778878.649,1788778392.8,78.66194483333334,16.876778666666667,True,1
1788778878.848,1788778393.0,78.66194483333334,16.876777166666667,True,1
1788778879.049,1788778393.2,78.66194483333334,16.8767755,True,1
1788778879.25,1788778393.4,78.66194466666667,16.876774,True,1
1788778879.449,1788778393.6,78.66194449999999,16.8767725,True,1
1788778879.648,1788778393.8,78.66194449999999,16.876770833333335,True,1
1788778879.848,1788778394.0,78.66194449999999,16.876769333333336,True,1
1788778880.049,1788778394.2,78.66194433333334,16.876767833333336,True,1
1788778880.251,1788778394.4,78.66194433333334,16.876766333333332,True,1
1788778880.458,1788778394.6,78.66194416666667,16.876764666666666,True,1
1788778880.65,1788778394.8,78.66194416666667,16.876763166666667,True,1
1788778880.849,1788778395.0,78.66194399999999,16.8767615,True,1
1788778881.046,1788778395.2,78.66194399999999,16.87675983333333,True,1
1788778881.251,1788778395.4,78.66194383333332,16.87675833333333,True,1
1788778881.451,1788778395.6,78.66194366666667,16.87675683333333,True,1
1788778881.648,1788778395.8,78.66194366666667,16.876755166666666,True,1
1788778881.85,1788778396.0,78.6619435,16.8767535,True,1
1788778882.06,1788778396.2,78.6619435,16.876751833333334,True,1
1788778882.25,1788778396.4,78.66194333333333,16.876750166666667,True,1
1788778882.449,1788778396.6,78.66194333333333,16.8767485,True,1
1788778882.649,1788778396.8,78.66194316666666,16.876746833333335,True,1
1788778882.848,1788778397.0,78.66194300000001,16.87674516666667,True,1
1788778883.049,1788778397.2,78.66194300000001,16.8767435,True,1
1788778883.249,1788778397.4,78.66194283333333,16.87674183333333,True,1
1788778883.449,1788778397.6,78.66194283333333,16.876739999999998,True,1
1788778883.647,1788778397.8,78.66194266666666,16.876738333333332,True,1
1788778883.846,1788778398.0,78.66194266666666,16.876736833333332,True,1
1788778884.048,1788778398.2,78.6619425,16.876735166666666,True,1
1788778884.249,1788778398.4,78.66194233333334,16.876733666666667,True,1
1788778884.45,1788778398.6,78.66194233333334,16.876732,True,1
1788778884.646,1788778398.8,78.66194216666666,16.876730333333334,True,1
1788778884.847,1788778399.0,78.66194216666666,16.87672866666667,True,1
1788778885.046,1788778399.2,78.661942,16.876726833333333,True,1
1788778885.246,1788778399.4,78.66194183333333,16.876725,True,1
1788778885.446,1788778399.6,78.66194183333333,16.876723333333334,True,1
1788778885.646,1788778399.8,78.66194166666668,16.8767215,True,1
1788778885.846,1788778400.0,78.6619415,16.876719833333333,True,1
1788778886.046,1788778400.2,78.6619415,16.876718333333333,True,1
1788778886.248,1788778400.4,78.66194133333333,16.876716833333333,True,1
1788778886.446,1788778400.6,78.66194116666667,16.876715333333333,True,1
1788778886.65,1788778400.8,78.66194116666667,16.876713666666667,True,1
1788778886.85,1788778401.0,78.661941,16.87671183333333,True,1
1788778887.052,1788778401.2,78.661941,16.876710166666665,True,1
1788778887.25,1788778401.4,78.66194083333333,16.876708333333333,True,1
1788778887.45,1788778401.6,78.66194066666667,16.876706666666667,True,1
1788778887.647,1788778401.8,78.66194066666667,16.876704833333335,True,1
1788778887.847,1788778402.0,78.6619405,16.876702833333333,True,1
1788778888.049,1788778402.2,78.66194033333333,16.876701166666667,True,1
1788778888.248,1788778402.4,78.66194016666667,16.87669933333333,True,1
1788778888.449,1788778402.6,78.66194016666667,16.876697666666665,True,1
1788778888.649,1788778402.8,78.66194,16.876696166666665,True,1
1788778888.848,1788778403.0,78.66193983333332,16.876694666666666,True,1
1788778889.048,1788778403.2,78.66193983333332,16.876693166666666,True,1
1788778889.248,1788778403.4,78.66193966666667,16.876691666666666,True,1
1788778889.449,1788778403.6,78.6619395,16.87669,True,1
1788778889.651,1788778403.8,78.66193933333334,16.876688333333334,True,1
1788778889.849,1788778404.0,78.66193916666666,16.8766865,True,1
1788778890.051,1788778404.2,78.66193916666666,16.876684666666666,True,1
1788778890.251,1788778404.4,78.661939,16.876682666666667,True,1
1788778890.451,1788778404.6,78.66193883333334,16.876680833333335,True,1
1788778890.647,1788778404.8,78.66193866666667,16.87667916666667,True,1
1788778890.849,1788778405.0,78.66193849999999,16.876677500000003,True,1
1788778891.05,1788778405.2,78.66193849999999,16.876675666666664,True,1
1788778891.25,1788778405.4,78.66193833333334,16.876673999999998,True,1
1788778891.449,1788778405.6,78.66193816666667,16.87667233333333,True,1
1788778891.649,1788778405.8,78.66193799999999,16.876670666666666,True,1
1788778891.85,1788778406.0,78.66193783333333,16.876669,True,1
1788778892.048,1788778406.2,78.66193783333333,16.8766675,True,1
1788778892.251,1788778406.4,78.66193766666667,16.876665833333334,True,1
1788778892.45,1788778406.6,78.66193750000001,16.876664,True,1
1788778892.651,1788778406.8,78.66193750000001,16.876662166666666,True,1
1788778892.85,1788778407.0,78.66193733333333,16.876660166666667,True,1
1788778893.051,1788778407.2,78.66193716666666,16.8766585,True,1
1788778893.25,1788778407.4,78.66193700000001,16.87665666666667,True,1
1788778893.45,1788778407.6,78.66193700000001,16.876654833333337,True,1
1788778893.65,1788778407.8,78.66193683333333,16.876652999999997,True,1
1788778893.851,1788778408.0,78.66193666666666,16.876651166666665,True,1
1788778894.049,1788778408.2,78.66193666666666,16.876649333333333,True,1
1788778894.25,1788778408.4,78.6619365,16.876647666666667,True,1
1788778894.451,1788778408.6,78.66193633333334,16.876645666666665,True,1
1788778894.662,1788778408.8,78.66193633333334,16.876643833333333,True,1
1788778894.849,1788778409.0,78.66193616666666,16.876642,True,1
1788778895.051,1788778409.2,78.661936,16.876640166666668,True,1
1788778895.25,1788778409.4,78.661936,16.876638500000002,True,1
1788778895.458,1788778409.6,78.66193583333333,16.876636833333336,True,1
1788778895.649,1788778409.8,78.66193583333333,16.876635333333336,True,1
1788778895.849,1788778410.0,78.66193566666668,16.8766335,True,1
1788778896.049,1788778410.2,78.66193566666668,16.8766315,True,1
1788778896.248,1788778410.4,78.6619355,16.876629666666666,True,1
1788778896.455,1788778410.6,78.66193533333333,16.876627833333334,True,1
1788778896.649,1788778410.8,78.66193533333333,16.876625999999998,True,1
1788778896.849,1788778411.0,78.66193516666667,16.876624166666666,True,1
1788778897.047,1788778411.2,78.661935,16.876622333333334,True,1
1788778897.248,1788778411.4,78.661935,16.8766205,True,1
1788778897.444,1788778411.6,78.66193483333333,16.876618666666666,True,1
1788778897.648,1788778411.8,78.66193466666667,16.876617,True,1
1788778897.85,1788778412.0,78.6619345,16.876615333333334,True,1
1788778898.05,1788778412.2,78.6619345,16.876613666666668,True,1
1788778898.251,1788778412.4,78.66193433333333,16.876612166666668,True,1
1788778898.449,1788778412.6,78.66193416666667,16.876610666666668,True,1
1788778898.649,1788778412.8,78.661934,16.876609,True,1
1788778898.849,1788778413.0,78.661934,16.876607333333332,True,1
1788778899.048,1788778413.2,78.66193383333332,16.876605833333333,True,1
1788778899.248,1788778413.4,78.66193366666667,16.876604333333333,True,1
1788778899.449,1788778413.6,78.66193366666667,16.876602666666667,True,1
1788778899.648,1788778413.8,78.6619335,16.876601166666667,True,1
1788778899.849,1788778414.0,78.66193333333334,16.876599666666667,True,1
1788778900.05,1788778414.2,78.66193316666666,16.876598,True,1
1788778900.247,1788778414.4,78.661933,16.8765965,True,1
1788778900.448,1788778414.6,78.66193283333334,16.876595166666668,True,1
1788778900.651,1788778414.8,78.66193266666667,16.876593833333335,True,1
1788778900.85,1788778415.0,78.66193249999999,16.876592333333335,True,1
1788778901.049,1788778415.2,78.66193249999999,16.876591,True,1
1788778901.25,1788778415.4,78.66193233333334,16.876589666666668,True,1
1788778901.451,1788778415.6,78.66193216666667,16.876588333333334,True,1
1788778901.647,1788778415.8,78.661932,16.876587166666663,True,1
1788778901.848,1788778416.0,78.661932,16.876585833333333,True,1
1788778902.049,1788778416.2,78.66193183333333,16.8765845,True,1
1788778902.248,1788778416.4,78.66193166666667,16.876583166666666,True,1
1788778902.449,1788778416.6,78.66193150000001,16.876581833333333,True,1
1788778902.649,1788778416.8,78.66193133333333,16.8765805,True,1
1788778902.848,1788778417.0,78.66193133333333,16.876579,True,1
1788778903.047,1788778417.2,78.66193116666666,16.876577666666666,True,1
1788778903.251,1788778417.4,78.66193100000001,16.876576166666666,True,1
1788778903.451,1788778417.6,78.66193083333333,16.876574666666667,True,1
1788778903.649,1788778417.8,78.66193066666666,16.876573166666667,True,1
1788778903.85,1788778418.0,78.6619305,16.876572166666666,True,1
1788778904.049,1788778418.2,78.6619305,16.876570666666666,True,1
1788778904.25,1788778418.4,78.66193033333334,16.876569333333336,True,1
1788778904.447,1788778418.6,78.66193016666666,16.87656816666667,True,1
1788778904.649,1788778418.8,78.66193,16.876566833333335,True,1
1788778904.847,1788778419.0,78.66192983333333,16.876565666666668,True,1
1788778905.048,1788778419.2,78.66192966666668,16.876564499999997,True,1
1788778905.248,1788778419.4,78.6619295,16.876563166666664,True,1
1788778905.447,1788778419.6,78.6619295,16.876561833333334,True,1
1788778905.649,1788778419.8,78.66192933333333,16.8765605,True,1
1788778905.848,1788778420.0,78.66192916666667,16.876559166666667,True,1
1788778906.048,1788778420.2,78.661929,16.876558,True,1
1788778906.249,1788778420.4,78.66192883333333,16.876556666666666,True,1
1788778906.448,1788778420.6,78.66192883333333,16.876555,True,1
1788778906.65,1788778420.8,78.66192866666667,16.876553666666666,True,1
1788778906.859,1788778421.0,78.6619285,16.876552333333333,True,1
1788778907.05,1788778421.2,78.66192833333334,16.876551,True,1
1788778907.249,1788778421.4,78.66192816666667,16.87655,True,1
1788778907.448,1788778421.6,78.661928,16.876548666666668,True,1
1788778907.648,1788778421.8,78.661928,16.87654716666667,True,1
1788778907.849,1788778422.0,78.66192783333332,16.876546,True,1
1788778908.05,1788778422.2,78.66192766666667,16.876544666666668,True,1
1788778908.248,1788778422.4,78.6619275,16.876543333333334,True,1
1788778908.447,1788778422.6,78.66192733333334,16.87654183333333,True,1
1788778908.66,1788778422.8,78.66192716666666,16.876540499999997,True,1
1788778908.848,1788778423.0,78.661927,16.876538999999998,True,1
1788778909.048,1788778423.2,78.66192683333334,16.876537499999998,True,1
1788778909.249,1788778423.4,78.66192666666667,16.876535999999998,True,1
1788778909.449,1788778423.6,78.66192649999999,16.876534499999998,True,1
1788778909.65,1788778423.8,78.66192633333334,16.876532833333332,True,1
1788778909.85,1788778424.0,78.66192633333334,16.8765315,True,1
1788778910.048,1788778424.2,78.66192616666667,16.876530166666665,True,1
1788778910.25,1788778424.4,78.661926,16.876528833333335,True,1
1788778910.456,1788778424.6,78.66192583333333,16.8765275,True,1
1788778910.648,1788778424.8,78.66192566666668,16.876526000000002,True,1
1788778910.849,1788778425.0,78.66192550000001,16.876524500000002,True,1
1788778911.05,1788778425.2,78.66192533333333,16.876523000000002,True,1
1788778911.247,1788778425.4,78.66192516666666,16.87652166666667,True,1
1788778911.451,1788778425.6,78.66192500000001,16.87652016666667,True,1
1788778911.652,1788778425.8,78.66192483333333,16.876518666666666,True,1
1788778911.851,1788778426.0,78.66192483333333,16.876517333333332,True,1
1788778912.054,1788778426.2,78.66192466666666,16.876516,True,1
1788778912.252,1788778426.4,78.6619245,16.87651483333333,True,1
1788778912.452,1788778426.6,78.66192433333335,16.876513666666664,True,1
1788778912.651,1788778426.8,78.661924,16.8765125,True,1
1788778912.85,1788778427.0,78.661924,16.8765115,True,1
1788778913.05,1788778427.2,78.66192383333333,16.876510333333332,True,1
1788778913.252,1788778427.4,78.66192366666668,16.876509333333335,True,1
1788778913.45,1788778427.6,78.6619235,16.876508,True,1
