{"type": "FeatureCollection", "features": [{"type": "Feature", "properties": {"recording": "20260907_103153", "kind": "recorded GPS track"}, "geometry": {"type": "MultiLineString", "coordinates": [[[16.886747166666666, 78.66196316666667], [16.886738166666664, 78.66196383333333], [16.886729333333335, 78.66196450000001], [16.886720333333336, 78.66196516666668], [16.8867115, 78.66196583333334], [16.886702500000002, 78.6619665], [16.886693666666666, 78.66196716666667], [16.886684333333335, 78.66196799999999], [16.886675500000003, 78.6619685], [16.886666333333334, 78.66196933333335], [16.886656833333333, 78.66197000000001], [16.886647666666665, 78.66197066666668], [16.8866385, 78.66197133333334], [16.88662916666667, 78.661972], [16.88662, 78.66197283333332], [16.886610666666666, 78.6619735], [16.886601666666664, 78.66197433333333], [16.886592666666665, 78.661975], [16.886583499999997, 78.66197566666666], [16.886574, 78.66197633333333], [16.88656466666667, 78.66197716666667], [16.886555666666666, 78.661978], [16.8865465, 78.66197866666667], [16.88653683333333, 78.66197933333333], [16.886527333333333, 78.66198016666667], [16.886517833333336, 78.661981], [16.886508666666668, 78.66198166666666], [16.886499166666667, 78.66198250000001], [16.88649, 78.66198333333334], [16.886480833333334, 78.661984], [16.88647166666667, 78.66198466666667], [16.886462666666667, 78.66198533333333], [16.886453500000002, 78.66198616666667], [16.886444166666667, 78.66198683333333], [16.886435, 78.6619875], [16.886425999999997, 78.66198816666666], [16.886416666666666, 78.66198899999999], [16.8864075, 78.66198966666666], [16.8863985, 78.66199033333334], [16.886389166666667, 78.66199116666667], [16.88638, 78.66199183333333], [16.886371, 78.66199266666666], [16.886362000000002, 78.66199333333334], [16.886352666666667, 78.66199416666667], [16.886343166666666, 78.66199483333334], [16.88633383333333, 78.66199566666666], [16.886324833333333, 78.66199633333333], [16.886316, 78.66199716666667], [16.886307, 78.661998], [16.886297833333334, 78.66199883333334], [16.886288666666665, 78.66199950000001], [16.8862795, 78.66200033333332], [16.886270333333336, 78.66200116666667], [16.886261, 78.662002], [16.886251666666666, 78.66200283333333], [16.886242499999998, 78.66200366666666], [16.886233, 78.6620045], [16.886223500000003, 78.66200533333334], [16.886214166666665, 78.66200616666667], [16.886204833333334, 78.66200716666667], [16.8861955, 78.66200783333333], [16.886186333333335, 78.66200866666667], [16.886177166666666, 78.66200950000001], [16.886168, 78.66201016666668], [16.886158666666667, 78.66201099999999], [16.8861495, 78.66201183333332], [16.8861405, 78.66201266666667], [16.886131166666665, 78.6620135], [16.886122, 78.66201416666667], [16.88611266666667, 78.66201500000001], [16.88610333333333, 78.66201583333333], [16.886094, 78.66201666666666], [16.886084666666665, 78.6620175], [16.886075333333334, 78.66201816666667], [16.886066000000003, 78.662019], [16.886056666666665, 78.66201983333333], [16.8860475, 78.66202066666666], [16.886038499999998, 78.66202133333333], [16.886029, 78.66202216666667], [16.8860195, 78.66202283333334], [16.886010333333335, 78.66202366666667], [16.886001333333336, 78.6620245], [16.885991833333332, 78.66202533333333], [16.88598216666667, 78.662026], [16.885972499999998, 78.66202683333333], [16.8859635, 78.66202766666667], [16.885954333333334, 78.66202833333334], [16.885944666666667, 78.66202916666666], [16.885935, 78.66203], [16.885925666666665, 78.66203066666667], [16.885916666666667, 78.6620315], [16.8859075, 78.66203233333334], [16.885898166666667, 78.66203300000001], [16.885888833333336, 78.66203383333333], [16.885879833333334, 78.66203449999999], [16.885871, 78.66203533333334], [16.885861666666663, 78.66203616666667], [16.885852333333332, 78.662037], [16.885842833333335, 78.66203766666666], [16.885833833333333, 78.66203833333334], [16.885824500000002, 78.66203916666667], [16.885814999999997, 78.66203999999999], [16.885805666666666, 78.66204083333334], [16.8857965, 78.6620415], [16.885787666666666, 78.66204233333333], [16.885778166666668, 78.662043], [16.885768666666667, 78.66204383333334], [16.885759333333333, 78.66204466666666], [16.88575033333333, 78.66204533333332], [16.885741166666666, 78.66204616666667], [16.885732, 78.662047], [16.885722833333332, 78.66204766666667], [16.885713666666668, 78.66204850000001], [16.885704333333333, 78.66204933333333], [16.885695166666668, 78.66205], [16.885685833333334, 78.66205083333332], [16.885676666666665, 78.6620515], [16.885667333333334, 78.66205233333334], [16.885658, 78.662053], [16.885648833333335, 78.66205383333333], [16.885639333333334, 78.66205466666666], [16.885630166666665, 78.6620555], [16.885620833333334, 78.66205633333334], [16.8856115, 78.662057], [16.88560216666667, 78.66205783333334], [16.885592666666664, 78.6620585], [16.885583333333333, 78.66205933333335], [16.885574000000002, 78.66206016666666], [16.885564666666667, 78.662061], [16.88555566666667, 78.66206166666666], [16.8855465, 78.66206233333334], [16.885537, 78.66206316666667], [16.88552766666667, 78.66206383333333], [16.8855185, 78.66206466666667], [16.88550916666667, 78.6620655], [16.885499666666664, 78.66206616666666], [16.885490166666667, 78.662067], [16.885480833333336, 78.66206783333334], [16.8854715, 78.66206866666667], [16.885462, 78.6620695], [16.885452666666666, 78.66207033333333], [16.885443333333335, 78.662071], [16.885434, 78.66207166666666], [16.88542483333333, 78.66207250000001], [16.885415666666667, 78.66207333333334], [16.885406333333332, 78.662074], [16.885396833333335, 78.66207483333332], [16.8853875, 78.6620755], [16.885378, 78.66207633333333], [16.88536866666667, 78.66207716666666], [16.885359166666667, 78.66207783333333], [16.885349666666666, 78.66207866666667], [16.885340333333332, 78.66207933333334], [16.885330833333335, 78.66208016666666], [16.88532133333333, 78.662081], [16.885311833333333, 78.66208166666667], [16.8853025, 78.6620825], [16.885293166666667, 78.66208333333334], [16.885283833333336, 78.66208400000001], [16.885274166666665, 78.66208483333334], [16.885264666666668, 78.6620855], [16.885254999999997, 78.66208633333333], [16.885245833333332, 78.662087], [16.885236333333335, 78.662088], [16.885227166666667, 78.66208866666666], [16.885217833333336, 78.66208933333334], [16.88520833333333, 78.66209016666667], [16.885199166666666, 78.66209083333334], [16.885189833333335, 78.66209166666665], [16.8851805, 78.66209233333333], [16.885171166666666, 78.66209316666666], [16.88516183333333, 78.66209383333333], [16.885152333333334, 78.66209466666666], [16.885142833333337, 78.66209533333334], [16.8851335, 78.66209616666667], [16.885124, 78.66209699999999], [16.8851145, 78.66209783333333], [16.885105166666666, 78.6620985], [16.885095666666665, 78.66209933333333], [16.885086166666667, 78.6621], [16.885077000000003, 78.66210083333334], [16.885067833333334, 78.6621015], [16.885058666666666, 78.66210233333332], [16.88504933333333, 78.66210316666667], [16.885039833333334, 78.66210383333333], [16.885030333333336, 78.6621045], [16.885020833333332, 78.66210533333333], [16.8850115, 78.66210616666667], [16.885002333333333, 78.66210683333334], [16.884993166666668, 78.6621075], [16.884983666666667, 78.66210833333334], [16.884974333333332, 78.662109], [16.884965, 78.66210983333333], [16.884955833333333, 78.66211066666666], [16.884946666666668, 78.66211133333333], [16.8849375, 78.66211216666667], [16.88492816666667, 78.66211283333334], [16.884918833333334, 78.6621135], [16.884909666666665, 78.66211433333334], [16.884900166666668, 78.66211516666667], [16.884891, 78.66211583333333], [16.884882, 78.66211666666666], [16.88487266666667, 78.66211733333333], [16.884863166666666, 78.66211816666667], [16.884853833333334, 78.66211883333334], [16.8848445, 78.6621195], [16.88483516666667, 78.66212033333333], [16.884825999999997, 78.662121], [16.8848165, 78.66212183333333], [16.884807000000002, 78.6621225], [16.884798, 78.66212316666666], [16.884788833333335, 78.66212399999999], [16.884779666666667, 78.66212466666666], [16.884770333333332, 78.6621255], [16.884761166666667, 78.66212616666667], [16.884752, 78.66212683333333], [16.884742666666668, 78.6621275], [16.884733166666667, 78.66212816666666], [16.884724000000002, 78.66212900000001], [16.884714666666664, 78.66212983333334], [16.884705333333333, 78.6621305], [16.884696, 78.66213133333333], [16.884686833333333, 78.662132], [16.884678166666667, 78.66213266666666], [16.88466933333333, 78.66213333333333], [16.884660166666666, 78.662134], [16.884651, 78.66213466666666], [16.884642, 78.6621355], [16.884633166666667, 78.66213616666667], [16.884624, 78.66213683333334], [16.884614666666668, 78.66213766666667], [16.884605333333333, 78.66213833333333], [16.884596166666665, 78.66213916666668], [16.884587, 78.66213983333334], [16.88457783333333, 78.66214066666666], [16.884568666666667, 78.66214133333332], [16.8845595, 78.66214216666667], [16.884550166666667, 78.66214283333333], [16.884541333333335, 78.66214366666667], [16.884532333333333, 78.66214433333333], [16.884523, 78.66214516666668], [16.884513666666667, 78.66214583333334], [16.8845045, 78.6621465], [16.884495333333334, 78.66214733333332], [16.884486, 78.66214816666667], [16.884476666666668, 78.66214883333333], [16.884467500000003, 78.66214966666666], [16.884458333333335, 78.66215033333333], [16.884449166666666, 78.66215116666667], [16.88443983333333, 78.662152], [16.8844305, 78.66215283333332], [16.8844215, 78.6621535], [16.884412333333334, 78.66215433333333], [16.88440316666667, 78.662155], [16.884394, 78.66215583333333], [16.884384666666666, 78.66215650000001], [16.884375666666664, 78.66215733333334], [16.8843665, 78.662158], [16.884357333333334, 78.66215866666667], [16.884347833333333, 78.6621595], [16.884338500000002, 78.66216033333333], [16.884329333333334, 78.66216116666666], [16.884319833333333, 78.66216200000001], [16.884310333333335, 78.66216266666667], [16.884301166666667, 78.66216349999999], [16.884292000000002, 78.66216433333334], [16.884283, 78.662165], [16.884273666666665, 78.66216583333333], [16.884264499999997, 78.6621665], [16.884255166666666, 78.66216733333334], [16.884246333333333, 78.66216800000001], [16.884237166666665, 78.66216883333333], [16.884227666666668, 78.66216966666666], [16.884218166666667, 78.66217033333334], [16.884208666666666, 78.66217116666667], [16.884199666666667, 78.66217183333333], [16.8841905, 78.66217266666666], [16.884181166666668, 78.66217350000001], [16.884171833333333, 78.66217416666667], [16.8841625, 78.66217499999999], [16.884153166666668, 78.66217566666666], [16.884144166666665, 78.6621765], [16.884135, 78.66217716666667], [16.884125666666666, 78.66217783333333], [16.884116333333335, 78.6621785], [16.884107333333336, 78.66217916666666], [16.884097999999998, 78.66218], [16.884088666666667, 78.66218066666667], [16.884079166666666, 78.6621815], [16.8840695, 78.66218216666667], [16.884060166666664, 78.662183], [16.884051, 78.66218366666666], [16.88404166666667, 78.6621845], [16.884032333333334, 78.66218533333334], [16.884023, 78.662186], [16.88401383333333, 78.66218666666667], [16.884004666666666, 78.66218733333334], [16.883995333333335, 78.662188], [16.883986166666666, 78.66218883333333], [16.883977, 78.66218950000001], [16.883967833333333, 78.66219033333333], [16.88395866666667, 78.66219099999999], [16.883949500000003, 78.66219183333332], [16.883940166666665, 78.66219266666667], [16.883931166666667, 78.66219333333333], [16.88392233333333, 78.66219416666667], [16.883913333333332, 78.66219483333333], [16.883904166666664, 78.66219566666668], [16.883895, 78.66219633333334], [16.883885833333334, 78.66219716666666], [16.883876666666666, 78.66219783333332], [16.883867333333335, 78.66219866666667], [16.88385783333333, 78.6621995], [16.8838485, 78.66220016666666], [16.883839666666667, 78.66220100000001], [16.8838305, 78.66220166666668], [16.883821333333334, 78.66220249999999], [16.883812166666665, 78.66220316666666], [16.883803166666667, 78.66220383333332], [16.883794, 78.66220466666667], [16.883785, 78.66220533333333], [16.883775833333335, 78.66220616666666], [16.88376633333333, 78.66220683333333], [16.883757166666665, 78.66220766666667], [16.883748166666667, 78.66220833333334], [16.883738833333332, 78.66220916666666], [16.8837295, 78.66220983333332], [16.883720166666667, 78.66221066666667], [16.883711, 78.66221133333333], [16.883702000000003, 78.662212], [16.883692833333335, 78.66221283333333], [16.8836835, 78.66221366666667], [16.883674499999998, 78.66221433333334], [16.8836655, 78.662215], [16.883656166666665, 78.66221583333332], [16.883646666666667, 78.66221666666667], [16.883637166666666, 78.66221733333333], [16.883628166666664, 78.662218], [16.883619, 78.66221883333333], [16.8836095, 78.66221966666667], [16.8836, 78.6622205], [16.883591000000003, 78.66222116666667], [16.883582, 78.662222], [16.883573000000002, 78.66222266666666], [16.883563833333334, 78.6622235], [16.883554666666665, 78.66222416666666], [16.883545666666667, 78.66222483333333], [16.883536499999998, 78.66222566666667], [16.883527333333333, 78.6622265], [16.88351833333333, 78.66222733333333], [16.883509, 78.662228], [16.883499833333335, 78.66222883333333], [16.883490833333333, 78.6622295], [16.883481500000002, 78.66223033333334], [16.8834725, 78.662231], [16.883463333333335, 78.66223183333334], [16.88345416666667, 78.6622325], [16.883445, 78.66223333333333], [16.883435666666667, 78.662234], [16.8834265, 78.66223483333333], [16.883417333333334, 78.66223566666666], [16.883408166666666, 78.6622365], [16.883398833333334, 78.66223716666667], [16.8833895, 78.66223799999999], [16.88338033333333, 78.66223866666665], [16.8833715, 78.6622395], [16.883361999999998, 78.66224033333333], [16.883352833333333, 78.662241], [16.883343500000002, 78.66224183333334], [16.883334333333334, 78.66224266666667], [16.88332516666667, 78.66224333333334], [16.88331583333333, 78.66224416666667], [16.883306666666666, 78.662245], [16.883297333333335, 78.66224566666666], [16.883288, 78.66224650000001], [16.88327866666667, 78.66224733333334], [16.88326933333333, 78.66224816666666], [16.88326, 78.66224883333332], [16.8832505, 78.66224966666667], [16.883240999999998, 78.66225033333333], [16.883231833333333, 78.66225116666666], [16.883222333333332, 78.66225183333333], [16.883213, 78.66225266666667], [16.883203666666667, 78.66225333333334], [16.883194166666666, 78.66225416666666], [16.883184833333335, 78.662255], [16.883175666666666, 78.66225566666667], [16.883166333333335, 78.6622565], [16.883157, 78.66225733333334], [16.883147833333332, 78.66225800000001], [16.883138499999998, 78.66225883333333], [16.883129333333333, 78.66225949999999], [16.88312, 78.66226033333334], [16.883111, 78.66226116666667], [16.883101833333335, 78.662262], [16.8830925, 78.66226266666666], [16.883083, 78.66226350000001], [16.883073833333334, 78.66226433333333], [16.883064833333332, 78.66226516666667], [16.8830555, 78.66226583333334], [16.883046166666666, 78.66226666666667], [16.883036666666666, 78.66226733333333], [16.883027333333334, 78.66226816666668], [16.883018166666666, 78.662269], [16.883009166666668, 78.66226966666666], [16.882999833333333, 78.6622705], [16.882990500000002, 78.66227116666667], [16.882981166666664, 78.662272], [16.882972, 78.66227283333333], [16.882962666666668, 78.66227350000001], [16.882953333333333, 78.66227416666668], [16.882944333333334, 78.662275], [16.882935, 78.66227566666666], [16.882925833333335, 78.66227633333332], [16.882916333333334, 78.66227716666667], [16.882907, 78.66227783333333], [16.882898, 78.6622785], [16.882888666666666, 78.66227933333333], [16.8828795, 78.66228], [16.88287, 78.66228066666666], [16.882861, 78.6622815], [16.882851833333334, 78.66228216666667], [16.882842666666665, 78.66228299999999], [16.882833333333334, 78.66228366666665], [16.882823833333337, 78.6622845], [16.8828145, 78.66228516666666], [16.882805, 78.662286], [16.8827955, 78.66228666666666], [16.882786, 78.6622875], [16.882776666666665, 78.66228833333334], [16.882767333333334, 78.66228916666667], [16.882758000000003, 78.66229], [16.882748499999998, 78.66229083333333], [16.882739166666667, 78.66229150000001], [16.882730166666665, 78.66229216666667], [16.882721333333333, 78.662293], [16.882712, 78.66229366666667], [16.882702833333333, 78.6622945], [16.88269366666667, 78.66229516666667], [16.882684666666666, 78.662296], [16.882675333333335, 78.66229683333333], [16.882665999999997, 78.66229750000001], [16.8826565, 78.66229833333334], [16.88264716666667, 78.662299], [16.882637833333334, 78.66229983333332], [16.882628833333335, 78.66230066666667], [16.882619499999997, 78.66230133333333], [16.882610166666666, 78.66230216666666], [16.882601166666667, 78.66230283333333], [16.882592499999998, 78.66230350000001], [16.882583333333333, 78.66230433333334], [16.882573999999998, 78.662305], [16.8825645, 78.66230583333332], [16.882555, 78.66230650000001], [16.8825455, 78.66230716666668], [16.882535833333336, 78.662308], [16.882526, 78.66230866666666], [16.8825165, 78.6623095], [16.88250683333333, 78.66231016666667], [16.882497333333333, 78.66231083333334], [16.882488000000002, 78.66231166666667], [16.882479, 78.66231233333333], [16.88246966666667, 78.66231316666668], [16.882460166666664, 78.66231383333334], [16.882451, 78.66231450000001], [16.882441833333335, 78.66231533333332], [16.8824325, 78.66231616666667], [16.882423, 78.662317], [16.8824135, 78.66231766666667], [16.882404, 78.66231833333333], [16.882394666666666, 78.66231916666668], [16.882385333333332, 78.66231983333334], [16.882375666666668, 78.66232066666666], [16.882366333333334, 78.6623215], [16.882357333333335, 78.66232216666667], [16.882348333333333, 78.66232283333333], [16.882339, 78.6623235], [16.882329833333333, 78.66232433333333], [16.88232083333333, 78.662325], [16.882311833333333, 78.66232583333334], [16.882302666666664, 78.66232666666666], [16.882293166666667, 78.66232733333332], [16.88228366666667, 78.66232816666667], [16.882274666666667, 78.66232883333333], [16.882265333333333, 78.66232966666666], [16.882255999999998, 78.66233050000001], [16.882246833333333, 78.66233133333334], [16.882237666666665, 78.662332], [16.882228333333334, 78.66233266666667], [16.882218833333333, 78.6623335], [16.882209666666665, 78.66233433333333], [16.882200666666666, 78.662335], [16.882191666666664, 78.66233583333333], [16.8821825, 78.66233650000001], [16.882173333333334, 78.66233733333334], [16.882164166666666, 78.662338], [16.882154833333335, 78.66233883333332], [16.8821455, 78.66233966666667], [16.882136166666665, 78.6623405], [16.882126833333334, 78.66234116666666], [16.882117333333333, 78.66234200000001], [16.882108000000002, 78.66234266666667], [16.882098666666664, 78.66234349999999], [16.882089333333333, 78.66234416666666], [16.88208033333333, 78.662345], [16.882071, 78.66234566666667], [16.882061833333335, 78.6623465], [16.882052666666667, 78.66234716666666], [16.882043333333336, 78.66234800000001], [16.882034333333333, 78.66234866666667], [16.882025, 78.66234949999999], [16.882015666666668, 78.66235033333334], [16.882006166666667, 78.662351], [16.881996833333336, 78.66235166666667], [16.88198733333333, 78.6623525], [16.881978, 78.66235333333334], [16.88196866666667, 78.66235416666667], [16.8819595, 78.66235483333334], [16.88195, 78.66235566666666], [16.88194083333333, 78.66235633333334], [16.881931833333333, 78.66235716666667], [16.881922499999998, 78.66235783333333], [16.881913333333333, 78.6623585], [16.881904333333335, 78.66235933333334], [16.881895333333333, 78.66236], [16.881886, 78.66236083333334], [16.881876499999997, 78.6623615], [16.881867, 78.66236233333333], [16.881857500000002, 78.66236316666667], [16.881847999999998, 78.662364], [16.8818385, 78.66236483333334], [16.881829, 78.6623655], [16.881819833333335, 78.66236616666667], [16.88181066666667, 78.66236699999999], [16.881801666666668, 78.66236766666665], [16.8817925, 78.6623685], [16.88178333333333, 78.66236916666666], [16.881774166666666, 78.66237], [16.88176483333333, 78.66237066666666], [16.881755333333334, 78.6623715], [16.88174616666667, 78.66237233333332], [16.881736666666665, 78.66237316666667], [16.881727166666668, 78.662374], [16.881717833333333, 78.66237466666666], [16.88170866666667, 78.66237550000001], [16.8816995, 78.66237616666668], [16.881690166666665, 78.662377], [16.881681, 78.66237766666667], [16.881672166666664, 78.6623785], [16.881663333333332, 78.66237933333333], [16.881654333333334, 78.66238], [16.88164533333333, 78.66238083333333], [16.881636166666667, 78.66238150000001], [16.881626999999998, 78.66238233333334], [16.881617833333333, 78.66238316666666], [16.881608500000002, 78.66238383333332], [16.881599166666668, 78.66238466666667], [16.881589833333333, 78.66238533333333], [16.8815805, 78.66238616666666], [16.881571333333333, 78.66238700000001], [16.881562, 78.66238766666667], [16.881553, 78.66238849999999], [16.881544166666668, 78.66238916666666], [16.881535166666666, 78.66238983333332], [16.881526, 78.66239066666667], [16.881516833333333, 78.66239133333333], [16.881507666666668, 78.66239216666666], [16.88149866666667, 78.66239283333333], [16.88148933333333, 78.66239366666667], [16.881480166666666, 78.66239449999999], [16.88147083333333, 78.66239516666666], [16.8814615, 78.662396], [16.88145216666667, 78.66239683333333], [16.881443166666667, 78.6623975], [16.881434000000002, 78.66239833333334], [16.881424666666664, 78.66239900000001], [16.881415666666665, 78.66239983333334], [16.881406666666667, 78.6624005], [16.881397666666665, 78.66240116666667], [16.8813885, 78.662402], [16.881379166666665, 78.66240283333333], [16.881370166666667, 78.6624035], [16.881361000000002, 78.66240433333334], [16.881351666666667, 78.662405], [16.881342166666666, 78.66240583333334], [16.88133283333333, 78.6624065], [16.881323666666667, 78.66240733333333], [16.881313833333333, 78.662408], [16.881304166666666, 78.66240883333333], [16.881295, 78.66240966666666], [16.881286, 78.66241033333334], [16.881276833333335, 78.66241116666667], [16.8812675, 78.66241183333334], [16.881258333333335, 78.66241266666665], [16.881249333333336, 78.66241333333333], [16.88124, 78.66241416666666], [16.8812305, 78.662415], [16.881220833333334, 78.66241583333334], [16.881211333333333, 78.6624165], [16.881202, 78.66241733333332], [16.881192333333335, 78.66241816666667], [16.881183, 78.662419], [16.88117383333333, 78.66241966666666], [16.881164666666667, 78.66242050000001], [16.881155, 78.66242133333334], [16.881145833333335, 78.662422], [16.881136666666666, 78.66242283333332], [16.881127499999998, 78.6624235], [16.881118333333333, 78.66242433333333], [16.881108833333332, 78.66242516666667], [16.8810995, 78.66242583333333], [16.881090333333336, 78.66242666666668], [16.881081, 78.66242733333334], [16.881071666666667, 78.66242816666666], [16.881062166666666, 78.662429], [16.881053, 78.66242966666667], [16.881043833333333, 78.6624305], [16.881034166666666, 78.66243133333334], [16.88102466666667, 78.66243200000001], [16.8810155, 78.66243283333333], [16.881006333333335, 78.66243349999999], [16.880996999999997, 78.66243433333334], [16.880987666666666, 78.662435], [16.88097816666667, 78.66243583333333], [16.880969, 78.66243666666666], [16.880959833333335, 78.66243733333334], [16.88095033333333, 78.66243816666666], [16.880940666666667, 78.66243899999999], [16.880930999999997, 78.66243966666666], [16.880921666666666, 78.6624405], [16.88091216666667, 78.66244116666667], [16.88090233333333, 78.662442], [16.880893166666667, 78.66244283333334], [16.880884166666664, 78.66244350000001], [16.880874833333333, 78.66244433333333], [16.88086566666667, 78.66244499999999], [16.880856166666668, 78.66244583333334], [16.880847000000003, 78.66244666666667], [16.88083783333333, 78.66244733333333], [16.880828333333334, 78.66244816666668], [16.880818666666666, 78.662449], [16.880809166666666, 78.66244966666666], [16.8808, 78.6624505], [16.880790833333332, 78.66245116666667], [16.880781333333335, 78.662452], [16.880772, 78.66245283333333], [16.880762833333332, 78.66245350000001], [16.880753333333335, 78.66245416666668], [16.880744166666666, 78.662455], [16.880735, 78.66245566666666], [16.880726, 78.6624565], [16.880716666666668, 78.66245716666667], [16.880707166666664, 78.662458], [16.880698, 78.66245866666667], [16.880688833333334, 78.66245933333333], [16.8806795, 78.66246016666668], [16.880670000000002, 78.66246083333334], [16.880660666666664, 78.66246166666666], [16.880651333333333, 78.66246233333332], [16.880642166666668, 78.66246316666667], [16.880633, 78.66246383333333], [16.88062366666667, 78.66246466666666], [16.88061433333333, 78.66246533333333], [16.880605166666665, 78.66246616666668], [16.880595833333334, 78.66246683333334], [16.880586333333333, 78.66246766666667], [16.880576666666666, 78.66246833333334], [16.880567166666665, 78.66246916666667], [16.880558, 78.66246983333333], [16.880548333333333, 78.66247066666666], [16.880538833333333, 78.66247150000001], [16.8805295, 78.66247216666667], [16.880520166666667, 78.66247283333334], [16.88051116666667, 78.66247366666667], [16.880501666666664, 78.66247433333334], [16.880492166666667, 78.66247516666667], [16.880482833333335, 78.66247583333333], [16.880473666666667, 78.6624765], [16.880464500000002, 78.66247733333333], [16.880455166666664, 78.66247816666667], [16.880445833333333, 78.66247883333334], [16.880436666666665, 78.66247966666667], [16.8804275, 78.66248033333333], [16.880418333333335, 78.66248116666667], [16.880408833333334, 78.66248183333333], [16.880399666666666, 78.66248266666666], [16.880390666666663, 78.66248333333333], [16.880381333333332, 78.66248416666667], [16.880372, 78.662485], [16.880363, 78.66248566666667], [16.880353833333334, 78.66248650000001], [16.880344666666666, 78.66248716666668], [16.880335333333335, 78.662488], [16.88032616666667, 78.66248883333333], [16.88031683333333, 78.6624895], [16.880307666666667, 78.66249033333334], [16.880298333333332, 78.662491], [16.880289166666667, 78.66249183333333], [16.880280000000003, 78.66249250000001], [16.880270666666668, 78.66249333333333], [16.880261333333333, 78.662494], [16.880251833333332, 78.66249483333333], [16.8802425, 78.66249566666667], [16.880233333333333, 78.66249633333334], [16.880224333333334, 78.66249716666667], [16.88021516666667, 78.66249783333333], [16.880206166666667, 78.66249866666666], [16.880196833333333, 78.66249933333333], [16.88018783333333, 78.6625], [16.880178666666666, 78.66250083333333], [16.880169666666667, 78.66250149999999], [16.8801605, 78.66250233333334], [16.880151333333334, 78.662503], [16.880142, 78.66250383333333], [16.880132833333334, 78.66250466666666], [16.88012366666667, 78.66250533333333], [16.880114666666667, 78.66250616666666], [16.88010566666667, 78.66250683333332], [16.880096499999997, 78.66250766666667], [16.880087166666666, 78.66250833333334], [16.880078, 78.66250916666667], [16.880069, 78.66251000000001], [16.880060166666667, 78.66251083333333], [16.88005133333333, 78.6625115], [16.880042, 78.66251233333334], [16.880033, 78.662513], [16.880023833333333, 78.66251383333334], [16.880014666666668, 78.66251466666667], [16.880005666666666, 78.6625155], [16.879996333333334, 78.66251616666666], [16.879987000000003, 78.662517], [16.8799775, 78.66251783333334], [16.879968333333334, 78.6625185], [16.879959166666666, 78.66251933333334], [16.87995, 78.66252], [16.8799405, 78.66252083333333], [16.879931166666665, 78.66252166666666], [16.879922166666667, 78.66252233333333], [16.879913166666665, 78.66252316666667], [16.879904, 78.66252383333334], [16.879894666666665, 78.66252466666667], [16.8798855, 78.66252533333333], [16.879876666666668, 78.662526], [16.879867333333333, 78.66252683333333], [16.879858000000002, 78.66252766666666], [16.879848666666664, 78.66252833333333], [16.8798395, 78.66252916666667], [16.879830666666667, 78.66252983333334], [16.8798215, 78.66253066666667], [16.879812166666667, 78.66253133333333], [16.879803, 78.66253216666668], [16.879794, 78.66253283333334], [16.879785000000002, 78.66253366666666], [16.879775666666667, 78.66253449999999], [16.879766333333336, 78.66253516666667], [16.879756999999998, 78.662536], [16.879747833333333, 78.66253666666667], [16.87973883333333, 78.6625375], [16.879729666666666, 78.66253816666668], [16.8797205, 78.662539], [16.8797115, 78.66253966666666], [16.8797025, 78.66254033333333], [16.8796935, 78.66254116666667], [16.879684166666667, 78.662542], [16.879674833333336, 78.66254266666667], [16.879665666666664, 78.6625435], [16.879656333333333, 78.66254416666668], [16.879646833333332, 78.662545], [16.8796375, 78.66254583333333], [16.879628166666667, 78.66254666666667], [16.879619166666664, 78.66254766666665], [16.879610166666666, 78.6625485], [16.879601333333333, 78.66254966666666], [16.879592333333335, 78.66255066666666], [16.879584166666667, 78.662552], [16.879576, 78.66255333333334], [16.879568, 78.66255466666667], [16.87956, 78.66255616666668], [16.8795525, 78.66255766666667], [16.879545833333335, 78.66255916666667], [16.879539833333336, 78.66256066666666], [16.8795345, 78.66256233333334], [16.879529666666667, 78.66256383333332], [16.879525666666666, 78.66256533333333], [16.879522, 78.66256700000001], [16.879518833333336, 78.66256866666666], [16.87951566666667, 78.66257033333333], [16.879513, 78.662572], [16.879511166666667, 78.66257366666667], [16.879510333333332, 78.66257533333334], [16.879509166666665, 78.662577], [16.8795075, 78.66257883333333], [16.879506499999998, 78.66258066666666], [16.879506, 78.6625825], [16.879505666666667, 78.66258433333334], [16.879505666666667, 78.66258616666667], [16.879506, 78.662588], [16.879507, 78.66258983333334], [16.8795085, 78.66259183333334], [16.87951, 78.66259366666667], [16.879511666666666, 78.6625955], [16.879513666666664, 78.66259733333332], [16.879515833333336, 78.66259916666667], [16.8795185, 78.662601], [16.879521333333333, 78.66260266666667], [16.8795245, 78.6626045], [16.879527833333334, 78.66260616666666], [16.8795315, 78.66260783333334], [16.879534999999997, 78.66260949999999], [16.87953866666667, 78.662611], [16.879542833333335, 78.66261266666667], [16.87954716666667, 78.66261416666666], [16.879551499999998, 78.66261583333333], [16.879555999999997, 78.66261733333334], [16.879561000000002, 78.66261883333333], [16.8795665, 78.66262033333334], [16.879571833333333, 78.66262183333333], [16.879577166666664, 78.66262350000001], [16.879583, 78.66262483333334], [16.879588666666667, 78.66262633333334], [16.8795945, 78.66262766666667], [16.879600333333332, 78.66262916666666], [16.87960616666667, 78.66263066666667], [16.879612, 78.66263216666667], [16.879617666666665, 78.66263366666666], [16.879623666666664, 78.662635], [16.879629333333334, 78.66263633333332], [16.879635166666667, 78.66263766666665], [16.879640666666667, 78.66263883333333], [16.879646333333334, 78.66264016666668], [16.879652, 78.66264133333334], [16.879657833333333, 78.66264249999999], [16.8796635, 78.66264383333333], [16.8796695, 78.66264500000001], [16.879675333333335, 78.66264633333334], [16.879681333333334, 78.6626475], [16.879687666666666, 78.66264883333334], [16.87969383333333, 78.66264983333333], [16.879699833333333, 78.66265100000001], [16.879706, 78.66265216666667], [16.879712166666664, 78.66265333333334], [16.879718166666667, 78.66265449999999], [16.879724500000002, 78.6626555], [16.879731166666666, 78.66265666666666], [16.879737666666664, 78.66265783333333], [16.879744333333335, 78.66265883333334], [16.879751166666665, 78.66266], [16.879758, 78.66266116666667], [16.87976516666667, 78.66266216666666], [16.879772, 78.66266333333333], [16.879779, 78.66266449999999], [16.87978616666667, 78.6626655], [16.879793, 78.66266649999999], [16.8798, 78.6626675], [16.879807000000003, 78.66266866666666], [16.879813833333333, 78.66266966666667], [16.879821166666666, 78.66267083333334], [16.879828333333332, 78.66267183333333], [16.879835500000002, 78.662673], [16.879842666666665, 78.662674], [16.87984983333333, 78.66267516666667], [16.879857, 78.66267633333334], [16.879864166666668, 78.6626775], [16.87987133333333, 78.6626785], [16.879878333333334, 78.66267966666666], [16.879885, 78.66268066666666], [16.879891833333332, 78.66268183333334], [16.879899, 78.66268283333333], [16.879905833333332, 78.662684], [16.879912833333332, 78.66268516666668], [16.879919833333336, 78.66268616666666], [16.879926833333332, 78.66268733333332], [16.879934, 78.6626885], [16.879941166666665, 78.66268966666667], [16.8799485, 78.66269083333333], [16.879955666666667, 78.662692], [16.87996283333333, 78.66269316666667], [16.87997, 78.66269433333333], [16.879977, 78.66269533333335], [16.879984, 78.6626965], [16.879991, 78.66269766666666], [16.879997833333334, 78.66269866666667], [16.88000483333333, 78.66269983333333], [16.880011666666668, 78.662701], [16.88001866666667, 78.66270216666666], [16.880025666666665, 78.66270333333334], [16.88003266666667, 78.6627045], [16.880039833333335, 78.66270566666667], [16.88004683333333, 78.66270683333333], [16.88005383333333, 78.66270800000001], [16.88006066666667, 78.66270933333334], [16.880067666666665, 78.6627105], [16.8800745, 78.66271166666667], [16.880081333333333, 78.66271283333334], [16.880088, 78.66271400000001], [16.880094666666665, 78.66271533333334], [16.880101333333336, 78.6627165], [16.880108, 78.66271766666667], [16.880114499999998, 78.66271883333334], [16.880121166666665, 78.66272016666667], [16.880128, 78.66272133333334], [16.880134666666667, 78.66272266666667], [16.880141499999997, 78.662724], [16.8801485, 78.66272516666666], [16.88015516666667, 78.66272649999999], [16.880161833333332, 78.66272766666665], [16.8801685, 78.662729], [16.880175, 78.66273016666668], [16.8801815, 78.6627315], [16.88018783333333, 78.66273266666667], [16.88019416666667, 78.662734], [16.8802005, 78.66273516666666], [16.880207166666665, 78.6627365], [16.880213833333336, 78.66273783333332], [16.880220333333334, 78.66273916666667], [16.880227166666668, 78.6627405], [16.880233999999998, 78.66274183333333], [16.88024066666667, 78.662743], [16.880247166666667, 78.66274433333334], [16.8802535, 78.66274566666667], [16.88026016666667, 78.66274700000001], [16.880266666666667, 78.66274816666667], [16.88027333333333, 78.6627495], [16.880279833333336, 78.66275083333333], [16.880286333333334, 78.66275216666666], [16.880292833333332, 78.6627535], [16.8802995, 78.66275483333334], [16.880305833333335, 78.66275616666667], [16.880312166666666, 78.6627575], [16.880318666666668, 78.66275883333333], [16.88032516666667, 78.66276016666667], [16.8803315, 78.6627615], [16.880337833333332, 78.66276283333333], [16.880344166666664, 78.66276416666666], [16.88035066666667, 78.66276549999999], [16.880357333333333, 78.66276683333334], [16.880364, 78.66276833333333], [16.880370666666668, 78.66276966666666], [16.880377333333335, 78.662771], [16.880384, 78.6627725], [16.880390666666663, 78.66277383333333], [16.88039716666667, 78.66277516666668], [16.8804035, 78.6627765], [16.880409999999998, 78.66277783333334], [16.880416500000003, 78.66277916666667], [16.880423, 78.6627805], [16.880429666666664, 78.662782], [16.880436333333332, 78.66278333333334], [16.880443, 78.66278483333333], [16.880449666666667, 78.66278616666666], [16.880456166666665, 78.6627875], [16.880462666666666, 78.662789], [16.880469, 78.66279033333333], [16.880475333333333, 78.66279166666666], [16.880481666666665, 78.662793], [16.880487833333333, 78.6627945], [16.880494166666665, 78.66279583333333], [16.8805005, 78.66279716666666], [16.880506833333335, 78.66279866666667], [16.880513333333333, 78.6628], [16.880519666666665, 78.66280149999999], [16.8805265, 78.66280283333334], [16.880533166666666, 78.66280433333333], [16.880539666666667, 78.66280566666666], [16.88054633333333, 78.662807], [16.880553000000003, 78.6628085], [16.8805595, 78.66280983333333], [16.880565833333332, 78.66281116666667], [16.880572500000003, 78.66281266666667], [16.880579, 78.662814], [16.8805855, 78.66281533333334], [16.880592, 78.66281683333334], [16.8805985, 78.66281816666667], [16.880605, 78.66281966666666], [16.880611666666667, 78.662821], [16.8806185, 78.66282249999999], [16.880624833333332, 78.66282383333333], [16.880631666666666, 78.66282533333333], [16.880638166666664, 78.66282683333334], [16.880644833333335, 78.66282816666667], [16.880651666666665, 78.66282966666667], [16.880658333333333, 78.66283100000001], [16.880664833333334, 78.66283233333334], [16.880671333333332, 78.66283366666667], [16.880678, 78.66283516666667], [16.880684666666664, 78.6628365], [16.880691666666667, 78.66283783333333], [16.88069833333333, 78.66283933333334], [16.880705166666665, 78.66284066666667], [16.880711833333333, 78.66284216666666], [16.8807185, 78.6628435], [16.880724999999998, 78.662845], [16.88073166666667, 78.66284633333333], [16.880738166666667, 78.66284766666666], [16.8807445, 78.66284916666667], [16.880751, 78.6628505], [16.880757666666668, 78.66285183333333], [16.880764666666668, 78.66285316666668], [16.880771499999998, 78.66285466666666], [16.8807785, 78.66285599999999], [16.8807855, 78.66285733333333], [16.8807925, 78.66285866666666], [16.880799333333336, 78.66286016666666], [16.880806166666666, 78.66286133333332], [16.880812666666667, 78.66286283333334], [16.880819166666665, 78.66286416666667], [16.880825833333333, 78.6628655], [16.8808325, 78.66286683333333], [16.880838833333332, 78.66286816666667], [16.88084566666667, 78.6628695], [16.880852333333333, 78.662871], [16.880859333333333, 78.6628725], [16.880866333333334, 78.66287383333334], [16.880873166666667, 78.66287533333335], [16.880879999999998, 78.66287666666668], [16.88088683333333, 78.66287816666666], [16.88089366666667, 78.66287949999999], [16.8809005, 78.66288083333333], [16.880907166666667, 78.66288233333333], [16.880913666666668, 78.66288366666666], [16.880920333333332, 78.66288516666667], [16.880927, 78.6628865], [16.880933833333334, 78.66288783333333], [16.8809405, 78.66288916666667], [16.880947166666665, 78.66289066666667], [16.880954, 78.662892], [16.880960833333333, 78.66289350000001], [16.880967833333333, 78.66289499999999], [16.880974833333333, 78.6628965], [16.880981666666667, 78.66289783333333], [16.880988333333335, 78.66289933333334], [16.880995166666665, 78.66290066666667], [16.881002000000002, 78.662902], [16.881008666666666, 78.66290333333333], [16.8810155, 78.66290483333334], [16.88102233333333, 78.66290616666667], [16.881029, 78.66290766666665], [16.881035999999998, 78.66290916666667], [16.881042833333332, 78.66291066666666], [16.881049833333336, 78.66291216666667], [16.881056333333333, 78.66291366666665], [16.881062999999997, 78.66291516666666], [16.88106966666667, 78.6629165], [16.881076, 78.662918], [16.88108233333333, 78.66291933333333], [16.881089, 78.66292083333333], [16.881095833333333, 78.66292216666668], [16.881102666666667, 78.66292366666667], [16.88110933333333, 78.66292516666667], [16.88111616666667, 78.66292666666666], [16.881123, 78.662928], [16.88113, 78.6629295], [16.881136833333336, 78.662931], [16.881143666666667, 78.6629325], [16.8811505, 78.66293383333333], [16.88115733333333, 78.66293533333334], [16.881164000000002, 78.66293666666667], [16.881171, 78.66293816666666], [16.881177666666666, 78.6629395], [16.8811845, 78.662941], [16.881191333333334, 78.66294233333333], [16.881198166666664, 78.66294383333334], [16.881204833333335, 78.66294533333333], [16.881211833333335, 78.66294666666666], [16.881218666666665, 78.662948], [16.881225500000003, 78.66294933333333], [16.881232166666667, 78.66295066666666], [16.881238833333335, 78.66295199999999], [16.8812455, 78.6629535], [16.881252333333336, 78.66295483333333], [16.881258833333334, 78.66295633333334], [16.881265499999998, 78.66295766666667], [16.88127216666667, 78.662959], [16.881279166666666, 78.6629605], [16.881286, 78.66296200000001], [16.881292666666663, 78.66296349999999], [16.881299333333335, 78.66296483333333], [16.881306166666665, 78.66296633333333], [16.881312833333332, 78.66296783333334], [16.881319333333334, 78.66296933333334], [16.881325833333335, 78.66297066666667], [16.881332333333333, 78.66297216666666], [16.881339, 78.66297349999999], [16.881345666666668, 78.662975], [16.8813525, 78.66297633333333], [16.881359166666666, 78.66297800000001], [16.881365833333334, 78.66297949999999], [16.881372666666667, 78.662981], [16.881379666666664, 78.66298233333333], [16.8813865, 78.66298366666666], [16.881393, 78.66298516666667], [16.8813995, 78.66298666666667], [16.881406166666668, 78.66298816666668], [16.881413000000002, 78.66298966666666], [16.88142, 78.66299116666667], [16.881426833333332, 78.6629925], [16.881433666666666, 78.662994], [16.881440333333334, 78.66299550000001], [16.881447166666664, 78.66299699999999], [16.881454, 78.6629985], [16.881460833333332, 78.66299983333333], [16.881467666666666, 78.66300133333334], [16.881474333333333, 78.66300266666667], [16.881481, 78.66300416666667], [16.881487666666665, 78.6630055], [16.8814945, 78.66300700000001], [16.881501166666666, 78.66300833333334], [16.881508166666666, 78.66300966666667], [16.881515, 78.66301116666666], [16.881522, 78.66301266666666], [16.881528833333334, 78.663014], [16.881535333333332, 78.66301533333333], [16.881542000000003, 78.66301683333333], [16.881548833333333, 78.66301816666667], [16.88155533333333, 78.6630195], [16.881562, 78.663021], [16.8815685, 78.6630225], [16.881575333333334, 78.66302383333333], [16.881581999999998, 78.66302516666666], [16.88158866666667, 78.66302666666667], [16.881595166666667, 78.663028], [16.881601666666665, 78.6630295], [16.881608500000002, 78.66303083333334], [16.881615166666666, 78.66303233333333], [16.881621833333334, 78.66303383333334], [16.881628666666664, 78.66303516666667], [16.881635333333335, 78.6630365], [16.881642166666666, 78.663038], [16.881648833333333, 78.66303933333333], [16.8816555, 78.66304066666666], [16.88166216666667, 78.66304216666667], [16.881668833333332, 78.6630435], [16.881675166666664, 78.66304483333333], [16.881681833333335, 78.66304633333333], [16.8816885, 78.66304766666667], [16.881695166666667, 78.663049], [16.881701666666668, 78.66305033333333], [16.88170866666667, 78.66305183333334], [16.881715166666666, 78.66305316666667], [16.881722, 78.6630545], [16.881729, 78.66305600000001], [16.881736, 78.66305733333334], [16.88174283333333, 78.66305883333332], [16.881749666666668, 78.66306033333333], [16.881756333333332, 78.66306183333333], [16.881763166666666, 78.66306316666667], [16.881769833333333, 78.66306466666667], [16.88177616666667, 78.663066], [16.881782666666666, 78.6630675], [16.881789166666668, 78.66306883333333], [16.881795833333335, 78.66307033333332], [16.8818025, 78.66307166666667], [16.881808999999997, 78.66307316666666], [16.881815833333334, 78.66307466666667], [16.881822666666668, 78.663076], [16.8818295, 78.6630775], [16.881836, 78.663079], [16.881842666666667, 78.66308049999999], [16.881849499999998, 78.66308183333334], [16.88185616666667, 78.66308333333333], [16.881862833333333, 78.66308466666666], [16.8818695, 78.66308616666667], [16.881876166666665, 78.66308766666666], [16.881882833333336, 78.663089], [16.881889666666666, 78.6630905], [16.881896333333334, 78.66309183333333], [16.881903, 78.66309333333334], [16.881909666666665, 78.66309483333333], [16.881916333333333, 78.66309616666668], [16.881923166666663, 78.66309766666667], [16.88193, 78.66309916666667], [16.881936666666665, 78.6631005], [16.8819435, 78.663102], [16.881950333333336, 78.6631035], [16.881957166666666, 78.663105], [16.881964, 78.66310633333333], [16.8819705, 78.66310783333333], [16.881977166666665, 78.66310916666666], [16.881983666666667, 78.66311066666667], [16.88199033333333, 78.66311216666666], [16.881997000000002, 78.66311366666667], [16.882003666666666, 78.66311516666666], [16.8820105, 78.66311666666667], [16.882017166666667, 78.663118], [16.882024, 78.6631195], [16.88203083333333, 78.663121], [16.882037500000003, 78.66312233333333], [16.8820445, 78.66312383333334], [16.882051166666667, 78.66312516666667], [16.88205783333333, 78.66312666666666], [16.882064500000002, 78.66312816666667], [16.882071166666666, 78.66312966666666], [16.882077833333334, 78.663131], [16.882084333333335, 78.6631325], [16.882091166666665, 78.66313383333333], [16.882097666666667, 78.66313533333333], [16.8821045, 78.66313683333333], [16.882111000000002, 78.66313816666667], [16.882117833333332, 78.66313966666667], [16.8821245, 78.66314116666668], [16.882131333333334, 78.66314266666667], [16.882138333333334, 78.663144], [16.882145333333334, 78.6631455], [16.882152166666668, 78.663147], [16.882158833333335, 78.6631485], [16.8821655, 78.66314983333334], [16.882172166666667, 78.66315116666667], [16.882178833333334, 78.66315266666668], [16.8821855, 78.663154], [16.882192166666666, 78.66315549999999], [16.882199, 78.663157], [16.882205833333334, 78.66315833333333], [16.882212499999998, 78.66315983333334], [16.8822195, 78.66316133333333], [16.882226166666666, 78.66316266666666], [16.882232833333333, 78.66316416666668], [16.8822395, 78.6631655], [16.88224616666667, 78.663167], [16.882252833333332, 78.66316833333333], [16.882259666666666, 78.66316983333333], [16.8822665, 78.66317116666667], [16.882273166666668, 78.66317266666667], [16.882280166666664, 78.66317416666668], [16.882287, 78.66317550000001], [16.882293833333332, 78.66317699999999], [16.882301, 78.6631785], [16.882308000000002, 78.66317983333333], [16.882315000000002, 78.66318133333333], [16.882321833333332, 78.66318266666667], [16.88232866666667, 78.66318416666667], [16.882335666666666, 78.66318566666668], [16.882342666666666, 78.66318700000001], [16.882349666666666, 78.66318849999999], [16.8823565, 78.66319], [16.882363333333334, 78.66319133333333], [16.882369999999998, 78.66319283333334], [16.882376833333335, 78.66319433333334], [16.882383666666666, 78.66319566666667], [16.8823905, 78.66319716666666], [16.882397333333333, 78.66319866666666], [16.882404166666667, 78.66320016666667], [16.882411, 78.6632015], [16.882417666666665, 78.66320300000001], [16.882424333333333, 78.66320449999999], [16.882431166666667, 78.66320583333332], [16.88243783333333, 78.66320733333333], [16.882444500000002, 78.66320866666666], [16.882451333333332, 78.66321016666667], [16.882458166666666, 78.6632115], [16.882465, 78.663213], [16.882472166666666, 78.66321433333333], [16.882479, 78.66321583333334], [16.882485999999997, 78.66321733333332], [16.882492833333334, 78.66321883333333], [16.882499666666668, 78.66322016666666], [16.882506333333332, 78.66322166666667], [16.88251316666667, 78.663223], [16.882519666666667, 78.6632245], [16.882526499999997, 78.66322583333334], [16.88253316666667, 78.66322716666667], [16.88254016666667, 78.66322866666665], [16.882547, 78.66323000000001], [16.882554000000003, 78.6632315], [16.882561, 78.663233], [16.882568, 78.6632345], [16.882574833333333, 78.66323600000001], [16.882581666666667, 78.66323733333334], [16.8825885, 78.66323883333332], [16.882595, 78.66324016666667], [16.8826015, 78.6632415], [16.882608, 78.663243], [16.882614666666665, 78.66324433333332], [16.882621333333336, 78.66324583333333], [16.882628, 78.66324733333333], [16.882635, 78.66324883333333], [16.882641999999997, 78.66325033333332], [16.882649166666667, 78.66325183333333], [16.882656166666667, 78.66325316666666], [16.882663166666667, 78.66325466666667], [16.88267, 78.66325616666667], [16.88267666666667, 78.66325766666667], [16.882683166666666, 78.663259], [16.882689833333334, 78.66326049999999], [16.8826965, 78.663262], [16.882703499999998, 78.66326333333333], [16.882710166666666, 78.66326483333334], [16.882716833333333, 78.66326633333333], [16.882723666666667, 78.66326783333334], [16.88273033333333, 78.66326916666667], [16.88273716666667, 78.66327066666666], [16.882744, 78.663272], [16.882751, 78.6632735], [16.882757666666667, 78.66327500000001], [16.8827645, 78.6632765], [16.882771333333334, 78.663278], [16.88277833333333, 78.66327933333334], [16.882785166666668, 78.66328083333333], [16.882792166666665, 78.66328233333334], [16.882799, 78.66328366666667], [16.882805833333336, 78.66328516666667], [16.8828125, 78.66328666666666], [16.882819166666664, 78.663288], [16.882826, 78.66328933333332], [16.882832833333335, 78.66329083333333], [16.882839166666667, 78.66329216666666], [16.882845666666665, 78.66329366666668], [16.882852333333336, 78.66329516666666], [16.882859333333332, 78.66329649999999], [16.882866166666666, 78.66329783333335], [16.882873166666666, 78.66329933333333], [16.88288, 78.66330083333334], [16.882886833333334, 78.66330216666667], [16.882893833333334, 78.66330366666666], [16.882900666666668, 78.66330516666667], [16.882907666666664, 78.6633065], [16.882914500000002, 78.66330783333333], [16.882921333333336, 78.66330933333333], [16.882928166666666, 78.66331066666666], [16.882935, 78.66331199999999], [16.882941833333334, 78.6633135], [16.8829485, 78.66331483333333], [16.88295533333333, 78.66331633333333], [16.88296216666667, 78.66331766666667], [16.882968833333333, 78.66331916666667], [16.8829755, 78.6633205], [16.882982166666668, 78.66332200000001], [16.882988833333332, 78.66332333333334], [16.882995666666666, 78.66332466666667], [16.8830025, 78.66332616666666], [16.883009, 78.6633275], [16.88301583333333, 78.663329], [16.883022666666665, 78.66333033333333], [16.883029500000003, 78.66333183333333], [16.883036166666667, 78.66333316666667], [16.883043, 78.66333466666667], [16.883049333333336, 78.66333616666667], [16.883055833333334, 78.6633375], [16.88306233333333, 78.66333883333333], [16.883069, 78.66334016666666], [16.883075666666667, 78.66334166666667], [16.883082333333334, 78.66334316666666], [16.883089166666664, 78.6633445], [16.883096333333334, 78.663346], [16.8831035, 78.6633475], [16.883110666666667, 78.663349], [16.883117666666667, 78.66335033333333], [16.883124333333335, 78.66335183333334], [16.883131166666665, 78.66335333333333], [16.883137666666666, 78.66335466666666], [16.883144333333334, 78.66335616666667], [16.883151, 78.66335766666666], [16.883157833333332, 78.663359], [16.883164833333336, 78.6633605], [16.883171666666666, 78.663362], [16.883178666666666, 78.6633635], [16.88318566666667, 78.66336483333333], [16.8831925, 78.66336633333334], [16.883199333333334, 78.66336766666667], [16.883206166666664, 78.66336916666667], [16.883212833333335, 78.6633705], [16.8832195, 78.663372], [16.883226166666667, 78.6633735], [16.883233, 78.66337483333334], [16.883239666666668, 78.66337633333333], [16.8832465, 78.66337783333333], [16.88325316666667, 78.66337916666666], [16.883260166666666, 78.66338066666667], [16.883267, 78.66338216666666], [16.883273999999997, 78.66338366666668], [16.883280833333334, 78.663385], [16.883287666666668, 78.66338649999999], [16.883294166666666, 78.663388], [16.883300666666667, 78.66338933333333], [16.8833075, 78.66339083333334], [16.883314, 78.66339216666667], [16.8833205, 78.66339366666666], [16.883327, 78.66339516666667], [16.8833335, 78.6633965], [16.883340666666665, 78.663398], [16.8833475, 78.66339933333333], [16.8833545, 78.66340083333333], [16.883361333333333, 78.66340216666667], [16.883368333333333, 78.66340366666667], [16.883375333333333, 78.663405], [16.883382333333333, 78.66340650000001], [16.883389166666667, 78.66340799999999], [16.883396, 78.66340933333332], [16.883402666666665, 78.66341083333333], [16.883409333333336, 78.66341216666666], [16.883416, 78.66341366666667], [16.883422833333334, 78.663415], [16.8834295, 78.66341633333333], [16.883436333333336, 78.66341783333334], [16.883443333333332, 78.66341916666667], [16.883450333333332, 78.6634205], [16.88345716666667, 78.66342200000001], [16.883464333333333, 78.6634235], [16.8834715, 78.663425], [16.883478500000002, 78.66342633333333], [16.8834855, 78.66342783333333], [16.883492333333333, 78.66342916666667], [16.883498999999997, 78.66343066666667], [16.883505833333334, 78.663432], [16.883512333333332, 78.66343350000001], [16.883519, 78.66343483333334], [16.883525666666667, 78.66343633333332], [16.883532333333335, 78.66343783333333], [16.883539499999998, 78.66343916666666], [16.883546333333335, 78.66344066666667], [16.883553333333335, 78.66344216666667], [16.883560166666665, 78.66344366666667], [16.88356716666667, 78.663445], [16.883574, 78.66344649999999], [16.8835805, 78.66344783333334], [16.883587166666665, 78.66344933333333], [16.8835935, 78.66345066666666], [16.883600166666668, 78.66345216666667], [16.88360683333333, 78.66345366666665], [16.883613500000003, 78.66345500000001], [16.883620166666667, 78.6634565], [16.883627, 78.663458], [16.883633666666665, 78.6634595], [16.88364066666667, 78.66346100000001], [16.883647666666665, 78.66346233333334], [16.8836545, 78.66346383333332], [16.883661500000002, 78.66346533333333], [16.883668333333333, 78.66346666666666], [16.883675166666666, 78.66346816666668], [16.883682, 78.66346966666667], [16.883688666666668, 78.66347116666667], [16.883695833333334, 78.66347266666666], [16.883702500000002, 78.663474], [16.883709500000002, 78.6634755], [16.883716333333332, 78.663477], [16.883723166666666, 78.66347850000001], [16.883729833333334, 78.66347999999999], [16.8837365, 78.66348133333332], [16.88374333333333, 78.66348283333333], [16.88375016666667, 78.66348433333333], [16.883756833333333, 78.66348583333334], [16.8837635, 78.66348733333332], [16.883770166666668, 78.66348866666667], [16.883776833333332, 78.66349016666666], [16.883783666666666, 78.66349149999999], [16.88379033333333, 78.663493], [16.883797166666668, 78.6634945], [16.883804, 78.663496], [16.88381083333333, 78.66349749999999], [16.883817500000003, 78.66349883333334], [16.883824333333333, 78.66350033333333], [16.883831, 78.66350183333334], [16.883837500000002, 78.66350316666667], [16.883844166666666, 78.66350466666667], [16.883851, 78.66350600000001], [16.88385783333333, 78.6635075], [16.883864666666668, 78.663509], [16.8838715, 78.6635105], [16.883878166666666, 78.66351183333333], [16.883885000000003, 78.66351333333334], [16.883892, 78.66351483333332], [16.883898833333333, 78.66351616666667], [16.883905666666667, 78.66351766666666], [16.8839125, 78.663519], [16.883919166666665, 78.6635205], [16.883926, 78.663522], [16.88393316666667, 78.66352333333333], [16.883939833333333, 78.66352483333334], [16.883946666666667, 78.66352633333332], [16.883953333333334, 78.66352783333333], [16.883960000000002, 78.66352933333333], [16.883966666666666, 78.66353066666667], [16.883973500000003, 78.66353216666667], [16.883980333333334, 78.6635335], [16.883986999999998, 78.663535], [16.883993666666665, 78.66353649999999], [16.8840005, 78.66353783333334], [16.884007, 78.66353933333333], [16.88401383333333, 78.66354066666666], [16.884020666666668, 78.66354216666667], [16.8840275, 78.66354366666665], [16.884034166666666, 78.66354516666667], [16.884041, 78.6635465], [16.884048, 78.663548], [16.884055, 78.6635495], [16.884061999999997, 78.66355100000001], [16.884069, 78.6635525], [16.884075833333334, 78.66355383333332], [16.884082666666664, 78.66355533333333], [16.884089666666668, 78.66355666666666], [16.8840965, 78.66355816666666], [16.884103333333332, 78.6635595], [16.88411016666667, 78.66356083333334], [16.884117, 78.66356233333333], [16.884123833333334, 78.66356366666668], [16.884130666666668, 78.66356516666666], [16.8841375, 78.66356649999999], [16.88414433333333, 78.66356783333335], [16.884151, 78.66356933333333], [16.884157666666667, 78.66357083333334], [16.8841645, 78.66357216666667], [16.88417133333333, 78.6635735], [16.884178000000002, 78.66357500000001], [16.884184833333332, 78.66357633333334], [16.8841915, 78.66357783333333], [16.8841985, 78.66357916666666], [16.8842055, 78.66358066666666], [16.884212166666668, 78.66358199999999], [16.884218833333332, 78.66358333333332], [16.8842255, 78.66358483333333], [16.884232166666667, 78.66358616666666], [16.884238999999997, 78.66358766666667], [16.884245833333335, 78.663589], [16.884252666666665, 78.6635905], [16.884259333333333, 78.66359183333334], [16.884266166666666, 78.66359333333334], [16.884273, 78.66359483333333], [16.884279833333334, 78.66359616666666], [16.884286666666664, 78.66359766666666], [16.884293500000002, 78.663599], [16.884300166666666, 78.6636005], [16.884306833333333, 78.66360183333333], [16.884313666666667, 78.66360316666666], [16.884320333333335, 78.66360466666667], [16.884327166666665, 78.663606], [16.884334000000003, 78.6636075], [16.884340666666667, 78.663609], [16.8843475, 78.66361033333332], [16.884354166666665, 78.66361183333333], [16.884361000000002, 78.66361333333333], [16.884368, 78.66361466666667], [16.884374666666666, 78.66361616666667], [16.884381, 78.66361766666667], [16.884387666666665, 78.663619], [16.884394333333333, 78.6636205], [16.884401166666667, 78.66362183333334], [16.884408166666667, 78.66362333333333], [16.884414833333334, 78.66362483333334], [16.884421666666665, 78.66362633333333], [16.884428500000002, 78.66362783333334], [16.884435333333332, 78.66362933333333], [16.884442, 78.66363083333334], [16.884448833333334, 78.66363233333333], [16.8844555, 78.66363383333334], [16.884462166666665, 78.66363516666667], [16.884468833333337, 78.66363666666666], [16.884475666666667, 78.66363816666667], [16.884482333333334, 78.66363966666667], [16.884489, 78.66364116666666], [16.884495833333336, 78.66364266666666], [16.884502833333332, 78.663644], [16.8845095, 78.6636455], [16.884516333333334, 78.66364700000001], [16.884523333333334, 78.6636485], [16.884529833333332, 78.66365], [16.884536833333335, 78.6636515], [16.884543666666666, 78.66365300000001], [16.8845505, 78.66365433333334], [16.884557500000003, 78.663656], [16.884564166666667, 78.6636575], [16.88457083333333, 78.66365900000001], [16.88457783333333, 78.6636605], [16.88458466666667, 78.663662], [16.884591333333333, 78.66366333333333], [16.884598333333333, 78.66366483333333], [16.884605, 78.66366633333334], [16.884611833333334, 78.66366783333334], [16.884618666666665, 78.66366933333333], [16.884625333333336, 78.66367083333333], [16.884632, 78.66367233333334], [16.884638666666667, 78.66367366666667], [16.884645499999998, 78.66367516666666], [16.88465216666667, 78.66367666666666], [16.884658833333333, 78.66367816666666], [16.884665833333333, 78.66367966666667], [16.884672666666667, 78.66368116666666], [16.88467916666667, 78.66368266666667], [16.884685833333332, 78.66368416666666], [16.884692166666664, 78.66368566666667], [16.884698333333333, 78.66368716666666], [16.884703833333333, 78.66368883333332], [16.884709, 78.66369033333334], [16.884714, 78.66369200000001], [16.884718666666668, 78.6636935], [16.884722833333335, 78.663695], [16.8847265, 78.6636965], [16.88472983333333, 78.66369816666666], [16.884732666666665, 78.66369983333334], [16.884735499999998, 78.66370133333334], [16.884738000000002, 78.66370316666666], [16.884740166666667, 78.66370483333334], [16.884741833333333, 78.6637065], [16.884743500000003, 78.66370816666667], [16.884744666666666, 78.66371000000001], [16.8847455, 78.66371166666666], [16.884746166666666, 78.66371366666667], [16.884746333333332, 78.66371550000001], [16.884746500000002, 78.66371733333334], [16.884746500000002, 78.66371916666667], [16.884746333333332, 78.66372116666666], [16.884746, 78.66372299999999], [16.884745333333335, 78.66372483333333], [16.884744333333334, 78.66372666666666], [16.884743166666667, 78.66372866666667], [16.88474216666667, 78.6637305], [16.884740833333336, 78.66373233333334], [16.88473916666667, 78.66373433333334], [16.884737500000004, 78.66373616666667], [16.884735666666664, 78.663738], [16.884733333333333, 78.66374], [16.884730666666666, 78.66374183333333], [16.884728, 78.66374366666668], [16.884724833333333, 78.6637455], [16.884721666666668, 78.66374733333333], [16.88471816666667, 78.66374916666668], [16.884714499999998, 78.66375083333334], [16.8847105, 78.66375266666667], [16.884706666666666, 78.66375450000001], [16.884702666666666, 78.66375616666666], [16.884698500000002, 78.663758], [16.884693833333333, 78.66375983333334], [16.884688666666666, 78.66376166666667], [16.8846835, 78.6637635], [16.8846785, 78.66376516666666], [16.884673333333335, 78.663767], [16.884668166666664, 78.66376866666666], [16.8846625, 78.66377033333333], [16.884657, 78.66377183333334], [16.8846515, 78.66377349999999], [16.884646166666666, 78.663775], [16.8846405, 78.6637765], [16.8846345, 78.66377816666666], [16.884628666666668, 78.66377966666667], [16.884622666666665, 78.66378116666667], [16.8846165, 78.6637825], [16.884610333333335, 78.663784], [16.88460416666667, 78.66378549999999], [16.88459783333333, 78.66378683333333], [16.884591666666665, 78.66378833333333], [16.8845855, 78.66378966666666], [16.88457933333333, 78.66379116666667], [16.884573, 78.6637925], [16.884566500000002, 78.66379383333333], [16.884560166666667, 78.66379516666666], [16.88455383333333, 78.6637965], [16.884547, 78.66379783333333], [16.884540333333334, 78.663799], [16.8845335, 78.66380033333333], [16.8845265, 78.66380166666666], [16.8845195, 78.66380283333334], [16.88451266666667, 78.66380416666667], [16.884505166666667, 78.66380550000001], [16.884497500000002, 78.66380683333334], [16.884489666666664, 78.66380816666667], [16.884481666666666, 78.66380966666667], [16.884473500000002, 78.663811], [16.884465166666665, 78.66381249999999], [16.884456833333335, 78.66381383333334], [16.8844485, 78.66381533333333], [16.88443983333333, 78.66381666666666], [16.884431333333335, 78.66381816666667], [16.884422833333335, 78.6638195], [16.884414333333332, 78.66382100000001], [16.884406000000002, 78.66382233333334], [16.8843975, 78.66382366666667], [16.884389, 78.66382516666665], [16.884380166666666, 78.6638265], [16.884371666666667, 78.66382783333333], [16.884363333333333, 78.66382933333333], [16.884354833333337, 78.66383066666667], [16.884346666666666, 78.663832], [16.884338, 78.66383333333333], [16.884329666666666, 78.66383466666666], [16.884321166666666, 78.663836], [16.884312833333336, 78.66383733333333], [16.884304333333333, 78.66383866666666], [16.884295833333333, 78.66384], [16.884287166666663, 78.66384133333332], [16.884279, 78.6638425], [16.884270833333336, 78.663844], [16.8842625, 78.66384533333333], [16.884254333333335, 78.66384666666666], [16.884246166666667, 78.66384783333334], [16.884237833333334, 78.66384916666667], [16.884229666666666, 78.66385050000001], [16.884221500000002, 78.66385183333334], [16.884213499999998, 78.663853], [16.884205333333334, 78.66385433333333], [16.884197333333336, 78.66385566666666], [16.88418933333333, 78.66385683333333], [16.8841815, 78.66385816666666], [16.8841735, 78.6638595], [16.884165499999998, 78.66386083333333], [16.8841575, 78.66386200000001], [16.884149666666666, 78.66386333333334], [16.884141666666668, 78.6638645], [16.8841335, 78.66386583333333], [16.8841255, 78.66386716666666], [16.88411766666667, 78.6638685], [16.884109666666667, 78.66386983333334], [16.884101666666666, 78.66387116666667], [16.8840935, 78.6638725], [16.884085833333334, 78.66387383333334], [16.884077833333333, 78.66387516666667], [16.884069833333335, 78.6638765], [16.884061999999997, 78.66387783333333], [16.884054, 78.663879], [16.884046, 78.66388033333332], [16.884038166666667, 78.66388166666667], [16.884030499999998, 78.663883], [16.8840225, 78.66388433333333], [16.884014333333333, 78.66388566666666], [16.884006333333332, 78.663887], [16.8839985, 78.66388833333333], [16.8839905, 78.66388966666666], [16.883982833333334, 78.66389099999999], [16.883975000000003, 78.66389233333332], [16.883966833333332, 78.66389366666667], [16.883959166666667, 78.66389483333334], [16.883951500000002, 78.66389616666667], [16.883943666666667, 78.6638975], [16.883936000000002, 78.66389883333333], [16.883928166666667, 78.6639], [16.8839205, 78.66390133333333], [16.883912666666667, 78.66390266666667], [16.883905000000002, 78.663904], [16.883897333333334, 78.6639055], [16.883889500000002, 78.66390666666666], [16.88388183333333, 78.66390816666667], [16.883874, 78.6639095], [16.883866, 78.66391083333333], [16.883858166666666, 78.66391216666666], [16.88385033333333, 78.66391366666667], [16.883842666666666, 78.663915], [16.883834999999998, 78.66391616666667], [16.883827333333333, 78.66391766666668], [16.883819666666668, 78.663919], [16.883812166666665, 78.66392033333334], [16.883804833333333, 78.66392166666667], [16.883797333333334, 78.66392300000001], [16.8837895, 78.66392433333334], [16.883781833333334, 78.66392583333332], [16.883774333333335, 78.66392716666665], [16.883766666666666, 78.66392850000001], [16.883759166666668, 78.66392983333334], [16.88375166666667, 78.66393133333332], [16.883744166666666, 78.66393266666667], [16.8837365, 78.663934], [16.883728833333333, 78.66393533333333], [16.883721666666666, 78.66393666666666], [16.883714333333334, 78.663938], [16.883707, 78.6639395], [16.883699666666665, 78.66394083333333], [16.8836925, 78.66394216666666], [16.883685166666666, 78.66394366666667], [16.883677666666664, 78.663945], [16.883670333333335, 78.66394650000001], [16.883663000000002, 78.66394783333334], [16.883655666666666, 78.66394933333332], [16.883648333333333, 78.66395066666668], [16.883640833333335, 78.66395200000001], [16.8836335, 78.66395349999999], [16.883626333333332, 78.66395483333334], [16.883619, 78.66395633333333], [16.883611833333337, 78.66395766666666], [16.8836045, 78.66395916666667], [16.883597166666668, 78.6639605], [16.883589833333335, 78.66396183333333], [16.883582666666666, 78.66396333333334], [16.883575333333333, 78.66396466666667], [16.883567833333334, 78.66396616666665], [16.88356033333333, 78.6639675], [16.883552833333333, 78.663969], [16.883545333333334, 78.6639705], [16.883537999999998, 78.66397183333333], [16.883530666666665, 78.66397316666666], [16.883523333333336, 78.66397466666668], [16.883516, 78.66397616666667], [16.883508666666668, 78.6639775], [16.88350116666667, 78.663979], [16.883494, 78.66398033333333], [16.883486666666666, 78.66398183333334], [16.883479, 78.66398316666667], [16.8834715, 78.66398466666666], [16.883464166666666, 78.66398600000001], [16.883457, 78.66398733333334], [16.883449666666667, 78.66398883333333], [16.8834425, 78.66399033333333], [16.88343516666667, 78.66399166666666], [16.883427833333332, 78.66399316666666], [16.8834205, 78.6639945], [16.883413, 78.66399583333333], [16.8834055, 78.66399733333333], [16.883398166666666, 78.66399866666667], [16.883390666666667, 78.66400016666667], [16.88338333333333, 78.6640015], [16.883376166666668, 78.66400300000001], [16.883368833333336, 78.66400433333334], [16.8833615, 78.66400583333333], [16.883354166666667, 78.66400716666666], [16.883346833333334, 78.6640085], [16.883339499999998, 78.66400983333332], [16.883332166666666, 78.66401133333333], [16.883324666666667, 78.66401266666666], [16.883317166666664, 78.664014], [16.883309666666666, 78.6640155], [16.8833025, 78.66401683333333], [16.883295166666667, 78.66401833333333], [16.883287833333334, 78.66401966666668], [16.883280333333335, 78.664021], [16.883272833333333, 78.6640225], [16.883265333333334, 78.66402383333335], [16.883258166666668, 78.66402516666668], [16.883250999999998, 78.66402666666666], [16.883243666666665, 78.664028], [16.883236166666666, 78.6640295], [16.883228666666664, 78.66403083333333], [16.883221166666665, 78.66403216666666], [16.883213666666666, 78.66403366666667], [16.88320633333333, 78.66403516666666], [16.883198666666665, 78.66403650000001], [16.883191, 78.66403799999999], [16.88318333333333, 78.66403933333332], [16.883176166666665, 78.66404066666668], [16.8831685, 78.66404200000001], [16.88316083333333, 78.66404349999999], [16.883153333333333, 78.66404483333334], [16.883145833333334, 78.66404616666667], [16.883138499999998, 78.66404766666666], [16.883131166666665, 78.664049], [16.883123666666666, 78.6640505], [16.88311583333333, 78.66405183333333], [16.883108, 78.66405316666666], [16.8831005, 78.66405466666667], [16.883093166666665, 78.664056], [16.883085666666666, 78.66405733333333], [16.883078166666667, 78.66405883333333], [16.88307083333333, 78.66406016666666], [16.883063333333332, 78.66406149999999], [16.883056, 78.664063], [16.883048499999997, 78.66406433333333], [16.8830415, 78.66406583333334], [16.88303416666667, 78.66406716666667], [16.883027000000002, 78.6640685], [16.883019833333332, 78.66407], [16.883012333333333, 78.66407133333334], [16.883005166666667, 78.66407266666667], [16.88299783333333, 78.66407416666667], [16.882990333333332, 78.66407550000001], [16.882983000000003, 78.66407699999999], [16.882975833333333, 78.66407833333332], [16.882968333333334, 78.66407966666667], [16.882960833333335, 78.66408116666666], [16.8829535, 78.66408249999999], [16.882946333333333, 78.66408383333334], [16.882939, 78.66408516666667], [16.88293133333333, 78.6640865], [16.882923833333333, 78.66408783333333], [16.8829165, 78.66408916666666], [16.882909333333334, 78.66409066666667], [16.882902, 78.664092], [16.88289466666667, 78.66409333333333], [16.882887333333333, 78.66409483333334], [16.882880333333333, 78.66409616666667], [16.882873, 78.6640975], [16.882865833333334, 78.66409883333334], [16.8828585, 78.66410033333334], [16.88285116666667, 78.66410183333333], [16.882844, 78.66410316666666], [16.882836666666666, 78.6641045], [16.882829166666667, 78.66410599999999], [16.88282183333333, 78.66410733333333], [16.882814666666665, 78.66410866666666], [16.882807500000002, 78.66411016666666], [16.882800166666666, 78.6641115], [16.882792666666667, 78.66411283333333], [16.882785166666668, 78.66411416666666], [16.882778, 78.66411566666667], [16.8827705, 78.664117], [16.882763, 78.66411833333333], [16.8827555, 78.66411983333334], [16.882748166666666, 78.66412116666667], [16.882741, 78.6641225], [16.882734000000003, 78.66412399999999], [16.882726833333333, 78.66412533333333], [16.882719666666667, 78.66412666666666], [16.882712666666666, 78.66412816666666], [16.882705333333334, 78.6641295], [16.882698166666668, 78.664131], [16.882691, 78.66413233333333], [16.88268383333333, 78.66413366666667], [16.8826765, 78.66413516666667], [16.88266916666667, 78.6641365], [16.882661666666667, 78.66413783333334], [16.88265416666667, 78.66413916666667], [16.882647000000002, 78.6641405], [16.882639833333332, 78.664142], [16.882632666666666, 78.66414333333334], [16.882625333333333, 78.66414466666667], [16.882618166666667, 78.664146], [16.882611166666667, 78.6641475], [16.882604166666667, 78.66414883333333], [16.882596999999997, 78.66415016666666], [16.882589499999998, 78.66415149999999], [16.882582, 78.664153], [16.882574833333333, 78.66415433333333], [16.882567666666667, 78.66415583333334], [16.882560333333334, 78.66415716666667], [16.882552999999998, 78.6641585], [16.882545999999998, 78.66415983333333], [16.882538833333335, 78.66416133333334], [16.882531833333335, 78.66416266666667], [16.88252483333333, 78.66416416666667], [16.88251766666667, 78.66416550000001], [16.882510333333336, 78.66416683333334], [16.882502833333334, 78.66416833333332], [16.882495666666667, 78.66416966666667], [16.882488666666667, 78.664171], [16.882481499999997, 78.66417233333333], [16.88247416666667, 78.66417383333334], [16.882467000000002, 78.66417516666667], [16.88246, 78.6641765], [16.882452833333332, 78.66417783333333], [16.8824455, 78.66417916666666], [16.882438166666667, 78.66418066666667], [16.882431, 78.664182], [16.882423666666668, 78.66418333333333], [16.88241633333333, 78.66418483333334], [16.882409, 78.66418616666667], [16.882401833333333, 78.6641875], [16.882394666666666, 78.66418900000001], [16.882387333333334, 78.66419033333334], [16.88238, 78.66419166666667], [16.882372666666665, 78.664193], [16.882365666666665, 78.66419433333334], [16.882358500000002, 78.66419566666667], [16.882351333333336, 78.66419716666665], [16.882344, 78.66419850000001], [16.8823365, 78.66419983333334], [16.882329333333335, 78.66420116666667], [16.88232233333333, 78.66420266666667], [16.882315000000002, 78.664204], [16.88230766666667, 78.6642055], [16.882300166666667, 78.66420683333334], [16.882292833333334, 78.66420816666667], [16.882285666666668, 78.6642095], [16.882278666666664, 78.66421083333333], [16.8822715, 78.66421233333334], [16.88226416666667, 78.66421366666667], [16.882256833333333, 78.664215], [16.882249666666667, 78.66421633333333], [16.882242333333334, 78.66421766666667], [16.882234999999998, 78.66421916666667], [16.882227666666665, 78.6642205], [16.882220500000003, 78.66422200000001], [16.882213166666666, 78.66422316666667], [16.882205833333334, 78.66422466666667], [16.882198666666667, 78.664226], [16.882191666666664, 78.66422733333334], [16.882184666666667, 78.66422866666667], [16.8821775, 78.66423016666666], [16.882170499999997, 78.6642315], [16.88216333333333, 78.66423283333333], [16.882155833333336, 78.66423416666666], [16.882148500000003, 78.66423549999999], [16.882141166666667, 78.664237], [16.882133666666668, 78.66423833333333], [16.882126333333336, 78.66423966666666], [16.882119, 78.66424099999999], [16.8821115, 78.6642425], [16.882104333333334, 78.66424383333333], [16.882097333333334, 78.66424516666666], [16.882090166666668, 78.6642465], [16.882083, 78.664248], [16.882075666666665, 78.66424933333333], [16.8820685, 78.66425066666667], [16.882061166666666, 78.664252], [16.882053833333334, 78.66425333333333], [16.8820465, 78.66425466666666], [16.88203916666667, 78.66425616666668], [16.882031833333333, 78.6642575], [16.8820245, 78.66425883333334], [16.882017166666667, 78.66426033333333], [16.882009999999998, 78.66426166666666], [16.882003, 78.66426299999999], [16.881995833333335, 78.66426433333332], [16.881988666666665, 78.66426566666668], [16.881981666666665, 78.66426700000001], [16.881974500000002, 78.66426849999999], [16.881967166666666, 78.66426983333334], [16.88196, 78.66427116666667], [16.881952666666667, 78.66427266666666], [16.881945499999997, 78.66427399999999], [16.881937999999998, 78.6642755], [16.881930333333333, 78.66427683333333], [16.881922999999997, 78.66427833333334], [16.881915833333334, 78.66427966666667], [16.8819085, 78.664281], [16.88190116666667, 78.6642825], [16.881894, 78.66428383333333], [16.881886833333333, 78.66428516666666], [16.88187966666667, 78.66428649999999], [16.881872333333334, 78.66428783333335], [16.881865166666667, 78.66428933333333], [16.881858, 78.66429066666666], [16.8818505, 78.66429199999999], [16.881843333333332, 78.6642935], [16.881835833333334, 78.66429483333333], [16.881828499999997, 78.66429616666666], [16.88182116666667, 78.6642975], [16.881813833333336, 78.664299], [16.881806333333333, 78.66430033333333], [16.881799, 78.66430166666667], [16.881791500000002, 78.664303], [16.881784333333332, 78.6643045], [16.881776833333333, 78.66430583333334], [16.8817695, 78.66430716666667], [16.881761833333332, 78.66430866666666], [16.8817545, 78.66430999999999], [16.881747166666667, 78.66431133333334], [16.88173983333333, 78.66431283333333], [16.881732333333332, 78.66431416666666], [16.881724833333333, 78.6643155], [16.881717499999997, 78.66431683333333], [16.881710333333334, 78.66431833333333], [16.881703166666668, 78.66431966666667], [16.881695999999998, 78.66432116666667], [16.881688666666665, 78.6643225], [16.881681333333333, 78.66432400000001], [16.881673999999997, 78.66432549999999], [16.881666833333334, 78.66432683333333], [16.8816595, 78.66432833333333], [16.881652166666665, 78.66432966666666], [16.881644666666666, 78.66433116666667], [16.8816375, 78.6643325], [16.881630166666664, 78.664334], [16.881623, 78.66433533333334], [16.88161566666667, 78.66433683333334], [16.881608500000002, 78.66433816666667], [16.881601166666666, 78.66433966666666], [16.881593833333334, 78.66434116666666], [16.881586333333335, 78.6643425], [16.881579166666665, 78.66434383333333], [16.881572000000002, 78.66434533333333], [16.881564833333336, 78.66434666666667], [16.8815575, 78.66434816666667], [16.881550333333333, 78.6643495], [16.881543166666667, 78.664351], [16.88153583333333, 78.66435233333333], [16.881528666666668, 78.66435366666666], [16.881521333333335, 78.66435516666667], [16.881514166666665, 78.6643565], [16.881506833333333, 78.664358], [16.881499666666667, 78.6643595], [16.8814925, 78.66436083333333], [16.881485, 78.66436233333334], [16.881477500000003, 78.66436366666667], [16.881470333333333, 78.66436516666666], [16.881463166666666, 78.6643665], [16.881456, 78.66436783333333], [16.881448499999998, 78.66436916666666], [16.881441, 78.66437049999999], [16.881433666666666, 78.66437183333333], [16.88142633333333, 78.66437316666666], [16.881419166666667, 78.6643745], [16.88141166666667, 78.66437583333332], [16.881404166666666, 78.66437733333333], [16.881396666666667, 78.66437866666666], [16.881389333333335, 78.66438], [16.881382, 78.66438133333332], [16.8813745, 78.66438283333333], [16.881367, 78.66438416666666], [16.881359666666665, 78.6643855], [16.881352166666666, 78.66438683333334], [16.881344833333333, 78.66438816666667], [16.881337666666663, 78.6643895], [16.881330333333334, 78.66439083333333], [16.881323166666668, 78.66439216666666], [16.881315833333336, 78.6643935], [16.881308666666666, 78.664395], [16.8813015, 78.66439633333333], [16.881294166666667, 78.66439766666667], [16.881286666666664, 78.664399], [16.8812795, 78.66440033333333], [16.881272333333335, 78.66440183333334], [16.881265, 78.66440316666667], [16.881257666666666, 78.6644045], [16.881250333333334, 78.66440583333333], [16.88124283333333, 78.66440716666666], [16.881235666666665, 78.66440866666667], [16.881228333333336, 78.66441], [16.881221166666666, 78.66441133333333], [16.881213666666667, 78.66441266666668], [16.88120616666667, 78.66441416666666], [16.881198833333332, 78.66441549999999], [16.881191833333332, 78.66441683333333], [16.8811845, 78.66441816666666], [16.881177166666664, 78.6644195], [16.881169666666665, 78.66442083333332], [16.881162500000002, 78.66442216666665], [16.881155166666666, 78.66442350000001], [16.881147833333333, 78.664425], [16.881140666666667, 78.66442633333332], [16.881133499999997, 78.66442766666667], [16.881126166666665, 78.664429], [16.881119, 78.6644305], [16.881111833333332, 78.66443183333334], [16.881104833333332, 78.66443333333333], [16.8810975, 78.66443466666666], [16.881090333333336, 78.66443616666668], [16.881083166666667, 78.6644375], [16.881076166666666, 78.66443883333334], [16.88106916666667, 78.66444033333333], [16.881061833333334, 78.66444166666666], [16.881054666666667, 78.66444299999999], [16.8810475, 78.6644445], [16.88104033333333, 78.66444583333333], [16.881033333333335, 78.66444716666666], [16.881026000000002, 78.66444849999999], [16.881018666666666, 78.66444983333334], [16.881011666666666, 78.66445116666667], [16.881004333333333, 78.66445266666666], [16.880997166666667, 78.66445399999999], [16.880989833333334, 78.66445533333334], [16.880982500000002, 78.66445666666667], [16.880975166666666, 78.664458], [16.880968, 78.66445933333333], [16.8809605, 78.66446083333334], [16.880953166666664, 78.66446216666667], [16.88094583333333, 78.66446366666668], [16.880938333333333, 78.664465], [16.880930999999997, 78.66446633333334], [16.880923833333334, 78.66446766666667], [16.880916333333335, 78.664469], [16.880909166666665, 78.66447050000001], [16.880902, 78.66447183333334], [16.880894666666666, 78.66447316666667], [16.88088733333333, 78.66447466666666], [16.880879999999998, 78.664476], [16.880872833333335, 78.66447733333332], [16.880865500000002, 78.66447866666667], [16.880858166666666, 78.66448], [16.880851, 78.66448133333333], [16.880843833333333, 78.66448266666666], [16.8808365, 78.66448399999999], [16.88082916666667, 78.6644855], [16.880821500000003, 78.66448683333333], [16.880814166666667, 78.66448816666666], [16.880807, 78.6644895], [16.880799333333336, 78.664491], [16.880792, 78.66449233333333], [16.8807845, 78.66449366666667], [16.880776833333336, 78.664495], [16.8807695, 78.66449633333333], [16.880762333333333, 78.66449783333334], [16.880755166666667, 78.66449916666667], [16.880747666666664, 78.6645005], [16.880740166666666, 78.66450183333333], [16.880732833333333, 78.66450316666666], [16.8807255, 78.66450466666667], [16.880718, 78.664506], [16.880710166666667, 78.66450733333333], [16.880702499999998, 78.66450883333333], [16.880695166666666, 78.66451], [16.880688000000003, 78.66451133333334], [16.880680833333333, 78.66451283333335], [16.880673333333334, 78.664514], [16.880666, 78.66451533333334], [16.880658166666667, 78.66451633333332], [16.88065, 78.6645175], [16.880641833333335, 78.66451866666667], [16.8806335, 78.66451983333333], [16.880625000000002, 78.66452083333334], [16.880616333333332, 78.66452183333334], [16.8806075, 78.66452266666667], [16.880598666666668, 78.6645235], [16.880589666666665, 78.66452433333333], [16.8805805, 78.66452516666666], [16.8805715, 78.66452583333333], [16.880562166666667, 78.66452633333333], [16.880553000000003, 78.66452683333334], [16.880543666666664, 78.66452733333334], [16.88053366666667, 78.66452783333334], [16.880524166666664, 78.66452816666667], [16.880514666666667, 78.6645285], [16.880504833333337, 78.66452883333334], [16.880495, 78.66452933333333], [16.880485, 78.66452966666667], [16.880475166666667, 78.66452983333333], [16.880465333333333, 78.66453], [16.8804555, 78.66453016666667], [16.880446, 78.66453016666667], [16.880436666666665, 78.66453033333333], [16.880427333333333, 78.66453016666667], [16.880418000000002, 78.66453016666667], [16.880408499999998, 78.66453], [16.880399, 78.66452983333333], [16.880389166666664, 78.66452966666667], [16.88038, 78.6645295], [16.880370666666668, 78.66452916666667], [16.880361333333333, 78.66452866666667], [16.880351666666666, 78.66452833333332], [16.880342166666665, 78.66452783333334], [16.880333, 78.66452716666666], [16.8803235, 78.66452666666667], [16.880313833333332, 78.664526], [16.880304333333335, 78.66452550000001], [16.880295166666667, 78.66452483333335], [16.880286, 78.66452416666667], [16.88027633333333, 78.6645235], [16.880266833333334, 78.66452299999999], [16.880257500000003, 78.66452233333332], [16.880248666666667, 78.66452166666666], [16.880239833333334, 78.664521], [16.880230833333332, 78.66452033333333], [16.880221666666667, 78.66451966666666], [16.880213, 78.66451883333335], [16.880204499999998, 78.66451816666667], [16.88019566666667, 78.66451733333334], [16.880187166666666, 78.6645165], [16.880178666666666, 78.66451550000001], [16.88017016666667, 78.66451466666668], [16.880161666666666, 78.66451366666666], [16.8801535, 78.6645125], [16.880145333333335, 78.66451149999999], [16.880137166666668, 78.6645105], [16.880129, 78.6645095], [16.880120666666667, 78.66450833333333], [16.880112999999998, 78.66450733333333], [16.880105166666667, 78.66450616666665], [16.88009733333333, 78.66450499999999], [16.8800895, 78.66450383333334], [16.880081833333335, 78.66450266666668], [16.8800745, 78.6645015], [16.880067, 78.66450016666666], [16.8800595, 78.66449899999999], [16.880052, 78.66449783333334], [16.8800445, 78.66449666666668], [16.880037166666668, 78.6644955], [16.880029999999998, 78.66449433333334], [16.880022666666665, 78.66449316666667], [16.880015500000003, 78.66449200000001], [16.880008333333333, 78.66449083333333], [16.880001166666666, 78.6644895], [16.879993833333334, 78.66448833333334], [16.879986666666664, 78.664487], [16.8799795, 78.66448583333334], [16.87997216666667, 78.6644845], [16.87996433333333, 78.66448333333332], [16.879956666666665, 78.66448199999999], [16.879949166666666, 78.66448066666666], [16.879941666666664, 78.66447933333333], [16.879934, 78.66447783333334], [16.879926, 78.6644765], [16.8799185, 78.66447516666668], [16.879911333333332, 78.66447383333335], [16.879903833333334, 78.66447233333334], [16.879896, 78.664471], [16.879888333333334, 78.6644695], [16.87988066666667, 78.66446816666667], [16.879873166666666, 78.66446666666667], [16.8798655, 78.66446533333333], [16.879857833333332, 78.66446383333333], [16.87984983333333, 78.6644625], [16.879842166666666, 78.66446116666665], [16.879834666666667, 78.66445966666667], [16.879827166666665, 78.66445816666666], [16.8798195, 78.66445683333333], [16.879811833333335, 78.6644555], [16.879804333333333, 78.66445416666667], [16.879796833333334, 78.66445266666666], [16.879789000000002, 78.66445133333333], [16.879780999999998, 78.66445], [16.879773333333333, 78.66444849999999], [16.879765833333334, 78.66444716666666], [16.879758166666665, 78.66444583333333], [16.879750666666666, 78.6644445], [16.879742833333335, 78.66444299999999], [16.879735333333333, 78.66444166666666], [16.879727666666668, 78.66444033333333], [16.87972016666667, 78.66443899999999], [16.8797125, 78.6644375], [16.879704833333335, 78.66443616666668], [16.879697166666666, 78.66443483333335], [16.879689499999998, 78.66443333333333], [16.879681833333333, 78.664432], [16.879674, 78.66443066666668], [16.879666333333333, 78.66442916666666], [16.879658833333334, 78.66442783333333], [16.879651333333335, 78.6644265], [16.879643833333333, 78.66442516666666], [16.879636166666668, 78.66442366666666], [16.879628500000003, 78.66442233333333], [16.879621166666666, 78.66442099999999], [16.8796135, 78.6644195], [16.879605833333336, 78.66441816666666], [16.879598333333334, 78.66441683333333], [16.879590833333335, 78.66441549999999], [16.879583333333336, 78.66441400000001], [16.879575499999998, 78.66441266666668], [16.879567833333333, 78.66441133333333], [16.879560166666668, 78.66441], [16.8795525, 78.66440866666667], [16.879544833333334, 78.66440716666666], [16.879537000000003, 78.664406], [16.8795295, 78.66440466666667], [16.879522, 78.66440333333334], [16.87951466666667, 78.66440183333334], [16.879506833333334, 78.6644005], [16.879499, 78.66439933333332], [16.87949133333333, 78.66439799999999], [16.879483666666665, 78.66439666666666], [16.879476, 78.66439533333333], [16.879468166666665, 78.66439399999999], [16.8794605, 78.6643925], [16.879452833333335, 78.66439133333333], [16.8794455, 78.66438983333335], [16.879437833333334, 78.6643885], [16.87943016666667, 78.66438716666667], [16.87942233333333, 78.66438583333334], [16.879414666666666, 78.66438450000001], [16.879407166666667, 78.66438316666667], [16.879399333333332, 78.66438183333334], [16.8793915, 78.66438050000001], [16.879384, 78.66437916666668], [16.879376833333332, 78.66437783333335], [16.879369333333333, 78.66437649999999], [16.879361666666668, 78.66437516666666], [16.879354, 78.66437383333333], [16.879346333333334, 78.6643725], [16.87933866666667, 78.66437133333334], [16.879330666666664, 78.66436999999999], [16.879323, 78.66436866666666], [16.879315000000002, 78.66436733333333], [16.879307333333333, 78.664366], [16.879299666666668, 78.66436483333334], [16.87929216666667, 78.66436350000001], [16.879284666666667, 78.66436216666666], [16.879277166666668, 78.66436083333333], [16.87926966666667, 78.66435966666667], [16.879262166666667, 78.66435833333334], [16.879254500000002, 78.66435700000001], [16.879246666666667, 78.66435566666668], [16.8792385, 78.66435433333332], [16.879230500000002, 78.66435299999999], [16.879222666666667, 78.66435166666666], [16.879214666666666, 78.66435033333333], [16.87920666666667, 78.66434916666667], [16.879198666666664, 78.66434783333334], [16.879190833333332, 78.6643465], [16.879183333333334, 78.66434533333333], [16.879175666666665, 78.664344], [16.879167833333334, 78.66434283333334], [16.879160333333335, 78.6643415], [16.879152666666666, 78.66434033333333], [16.87914483333333, 78.664339], [16.879136666666668, 78.66433766666667], [16.879128666666666, 78.6643365], [16.8791205, 78.66433516666666], [16.8791125, 78.66433383333333], [16.8791045, 78.6643325], [16.879096666666666, 78.66433133333334], [16.879088833333334, 78.66433], [16.879081, 78.66432883333333], [16.879073333333334, 78.6643275], [16.879065833333335, 78.66432633333334], [16.879058, 78.66432516666667], [16.879050166666666, 78.66432383333334], [16.879042333333334, 78.6643225], [16.879034666666666, 78.66432133333333], [16.879027, 78.66432], [16.879019000000003, 78.66431866666667], [16.879011, 78.6643175], [16.879003166666667, 78.66431616666667], [16.878995166666666, 78.66431483333334], [16.878987, 78.66431366666667], [16.878978833333335, 78.66431250000001], [16.878970833333334, 78.66431116666666], [16.878962833333333, 78.66430999999999], [16.878955, 78.66430866666666], [16.878947166666666, 78.66430749999999], [16.878939333333335, 78.66430616666666], [16.878931333333334, 78.664305], [16.878923666666665, 78.66430366666667], [16.8789155, 78.6643025], [16.878907333333334, 78.66430133333333], [16.878899333333333, 78.6643], [16.878891333333335, 78.66429883333333], [16.878883666666663, 78.6642975], [16.8788755, 78.66429616666666], [16.878867666666668, 78.664295], [16.878859833333333, 78.66429366666667], [16.878852166666665, 78.6642925], [16.878844, 78.66429116666667], [16.878836166666666, 78.66429], [16.878828166666665, 78.66428866666666], [16.87882, 78.66428733333333], [16.878812, 78.66428616666667], [16.878803833333333, 78.66428483333334], [16.878796, 78.66428366666668], [16.878788166666666, 78.66428233333333], [16.878780166666665, 78.66428116666665], [16.878772333333334, 78.66427999999999], [16.878764333333333, 78.66427866666666], [16.8787565, 78.6642775], [16.87874866666667, 78.66427633333333], [16.8787405, 78.664275], [16.8787325, 78.66427383333333], [16.878724499999997, 78.66427266666666], [16.8787165, 78.66427133333333], [16.878708500000002, 78.66427016666667], [16.878700499999997, 78.66426883333334], [16.8786925, 78.66426766666667], [16.878684500000002, 78.66426633333334], [16.878676666666667, 78.66426516666667], [16.878668333333334, 78.664264], [16.878660333333336, 78.66426266666667], [16.878652666666667, 78.66426150000001], [16.878644833333333, 78.66426016666666], [16.878637, 78.66425883333334], [16.878628833333334, 78.66425766666666], [16.878621, 78.6642565], [16.87861333333333, 78.66425516666666], [16.878605333333333, 78.664254], [16.8785975, 78.66425283333334], [16.878589499999997, 78.6642515], [16.878581666666665, 78.66425033333333], [16.878573833333334, 78.664249], [16.878565833333333, 78.66424766666667], [16.878557833333332, 78.6642465], [16.87855, 78.66424516666666], [16.878542333333332, 78.66424383333333], [16.878534333333334, 78.66424266666667], [16.8785265, 78.66424133333334], [16.878518666666665, 78.66424], [16.878510666666667, 78.66423883333333], [16.878502833333336, 78.66423766666666], [16.878495, 78.66423633333333], [16.878487, 78.66423516666667], [16.878479333333335, 78.66423383333334], [16.878471666666666, 78.66423266666668], [16.878463833333335, 78.66423133333333], [16.878456000000003, 78.66423016666666], [16.878448166666665, 78.66422883333333], [16.878440666666666, 78.66422766666666], [16.878432999999998, 78.66422633333333], [16.878425166666666, 78.66422516666667], [16.8784175, 78.664224], [16.878409666666666, 78.66422266666667], [16.878401666666665, 78.6642215], [16.878393833333334, 78.66422033333333], [16.878386166666665, 78.664219], [16.878378166666668, 78.66421783333334], [16.878370333333333, 78.66421650000001], [16.878362166666665, 78.66421533333333], [16.878354166666668, 78.66421399999999], [16.878346166666667, 78.66421283333334], [16.878338333333332, 78.6642115], [16.8783305, 78.66421033333333], [16.87832266666667, 78.664209], [16.8783145, 78.66420783333334], [16.878306666666667, 78.66420666666666], [16.878299000000002, 78.66420533333333], [16.878291166666667, 78.66420416666666], [16.878283, 78.66420283333333], [16.878275, 78.66420166666667], [16.878267166666667, 78.6642005], [16.878259333333332, 78.66419916666668], [16.878251499999998, 78.664198], [16.878243666666666, 78.66419666666667], [16.878236, 78.6641955], [16.878228, 78.66419433333334], [16.878220166666665, 78.664193], [16.8782125, 78.66419166666667], [16.878204666666665, 78.66419049999999], [16.8781965, 78.66418916666666], [16.8781885, 78.664188], [16.878180666666665, 78.66418666666667], [16.878173, 78.66418533333334], [16.878164833333337, 78.66418416666667], [16.878156999999998, 78.66418283333334], [16.878149, 78.66418166666668], [16.878141000000003, 78.66418033333333], [16.878133166666665, 78.66417916666666], [16.878125166666667, 78.66417783333333], [16.878117166666666, 78.66417666666666], [16.878109333333335, 78.66417533333333], [16.878101666666666, 78.66417416666667], [16.87809383333333, 78.66417283333334], [16.878086, 78.66417166666666], [16.878078000000002, 78.66417033333333], [16.878070333333334, 78.66416916666667], [16.878062666666665, 78.664168], [16.878054833333334, 78.66416666666667], [16.878046833333332, 78.66416550000001], [16.878039, 78.66416433333333], [16.878031166666666, 78.66416299999999], [16.87802333333333, 78.66416183333334], [16.8780155, 78.6641605], [16.87800766666667, 78.66415933333333], [16.877999833333334, 78.664158], [16.877991833333333, 78.66415683333334], [16.877984, 78.66415566666666], [16.877976333333333, 78.66415433333333], [16.877968666666668, 78.66415316666667], [16.87796066666667, 78.664152], [16.877952666666665, 78.66415066666667], [16.877944833333334, 78.6641495], [16.877937166666666, 78.66414816666666], [16.877928999999998, 78.664147], [16.877921, 78.66414583333334], [16.877913333333332, 78.6641445], [16.877905666666667, 78.66414333333334], [16.877897833333336, 78.664142], [16.87788983333333, 78.66414083333333], [16.877882, 78.66413966666667], [16.87787416666667, 78.6641385], [16.8778665, 78.66413716666666], [16.87785866666667, 78.664136], [16.877850666666667, 78.66413466666667], [16.877842666666666, 78.66413349999999], [16.877835, 78.66413216666666], [16.877827333333336, 78.664131], [16.877819833333334, 78.66412966666667], [16.877811833333332, 78.6641285], [16.877804, 78.66412716666667], [16.877796333333333, 78.664126], [16.8777885, 78.66412466666667], [16.87778066666667, 78.6641235], [16.8777725, 78.66412216666666], [16.877764333333335, 78.664121], [16.877756666666667, 78.66411966666666], [16.877748666666665, 78.6641185], [16.877741, 78.66411716666667], [16.877733, 78.66411599999999], [16.877725333333334, 78.66411466666666], [16.877717500000003, 78.66411333333333], [16.87771, 78.66411216666667], [16.877702166666666, 78.66411083333334], [16.877694333333334, 78.66410966666668], [16.8776865, 78.66410833333333], [16.877678666666668, 78.66410716666665], [16.87767116666667, 78.66410583333332], [16.8776635, 78.6641045], [16.8776555, 78.66410333333333], [16.877647500000002, 78.664102], [16.877639833333333, 78.66410083333334], [16.877632000000002, 78.6640995], [16.877624333333333, 78.66409816666666], [16.8776165, 78.664097], [16.877608833333333, 78.66409566666667], [16.877600833333336, 78.66409449999999], [16.877593, 78.66409316666666], [16.877585166666666, 78.664092], [16.87757733333333, 78.66409066666667], [16.8775695, 78.6640895], [16.87756166666667, 78.66408816666667], [16.877553666666664, 78.66408683333334], [16.877545666666666, 78.66408566666668], [16.877537833333335, 78.66408433333332], [16.877530333333333, 78.66408316666666], [16.8775225, 78.66408183333333], [16.877514666666666, 78.66408066666666], [16.87750683333333, 78.66407933333333], [16.877499333333333, 78.66407816666667], [16.8774915, 78.66407683333334], [16.8774835, 78.66407566666666], [16.87747583333333, 78.66407433333333], [16.877468333333336, 78.66407299999999], [16.87746033333333, 78.66407183333334], [16.8774525, 78.6640705], [16.877444500000003, 78.66406933333333], [16.877436833333334, 78.664068], [16.877428833333333, 78.66406683333334], [16.87742066666667, 78.6640655], [16.877412333333332, 78.66406433333333], [16.877404333333335, 78.664063], [16.877396333333333, 78.66406183333334], [16.877388333333332, 78.6640605], [16.877380000000002, 78.66405933333334], [16.877371999999998, 78.66405800000001], [16.877364333333333, 78.66405683333333], [16.877356333333335, 78.66405549999999], [16.877348333333334, 78.66405433333333], [16.87734, 78.664053], [16.87733216666667, 78.66405183333333], [16.8773245, 78.6640505], [16.877316666666665, 78.66404933333334], [16.8773085, 78.66404800000001], [16.877300666666667, 78.66404683333333], [16.877292833333335, 78.6640455], [16.877284999999997, 78.66404416666666], [16.877277166666666, 78.664043], [16.8772695, 78.66404166666666], [16.877261999999998, 78.6640405], [16.877254166666667, 78.66403916666667], [16.877246333333336, 78.66403799999999], [16.877238499999997, 78.66403683333333], [16.877230833333332, 78.6640355], [16.877223166666667, 78.66403416666667], [16.877215, 78.664033], [16.877206833333332, 78.66403166666667], [16.877198833333335, 78.66403033333333], [16.877191166666666, 78.66402916666667], [16.87718316666667, 78.66402783333334], [16.877174833333335, 78.6640265], [16.877167, 78.66402533333333], [16.877159333333335, 78.66402416666666], [16.87715166666667, 78.66402283333333], [16.87714383333333, 78.66402166666667], [16.877135833333334, 78.66402033333334], [16.87712816666667, 78.66401916666668], [16.8771205, 78.66401783333335], [16.87711266666667, 78.66401666666667], [16.877104666666664, 78.66401533333332], [16.877097, 78.66401416666666], [16.877089333333334, 78.66401283333333], [16.877081333333333, 78.66401166666667], [16.877073499999998, 78.66401033333334], [16.8770655, 78.66400900000001], [16.8770575, 78.66400783333333], [16.877049333333332, 78.6640065], [16.8770415, 78.66400516666666], [16.877033666666666, 78.664004], [16.87702566666667, 78.66400266666666], [16.877017833333333, 78.6640015], [16.87701, 78.66400016666667], [16.877002166666667, 78.663999], [16.876994, 78.66399766666667], [16.876986, 78.6639965], [16.876978, 78.66399516666667], [16.87696983333333, 78.663994], [16.876961833333333, 78.66399266666667], [16.876953833333335, 78.66399150000001], [16.876946, 78.66399016666666], [16.876938166666665, 78.66398883333333], [16.8769305, 78.66398766666666], [16.87692283333333, 78.6639865], [16.876914833333334, 78.66398516666666], [16.876907000000003, 78.663984], [16.876899166666664, 78.66398283333334], [16.8768915, 78.6639815], [16.8768835, 78.66398016666668], [16.8768755, 78.663979], [16.876867666666666, 78.66397766666667], [16.876859833333334, 78.6639765], [16.876852, 78.66397516666666], [16.876844166666668, 78.66397400000001], [16.876836166666667, 78.66397266666667], [16.876828333333332, 78.66397149999999], [16.876820333333335, 78.66397016666666], [16.87681233333333, 78.663969], [16.876804333333332, 78.66396783333333], [16.876796333333335, 78.6639665], [16.87678833333333, 78.66396533333334], [16.876780333333333, 78.663964], [16.876772333333335, 78.66396283333333], [16.8767645, 78.6639615], [16.876756666666665, 78.66396033333334], [16.876748833333334, 78.66395916666667], [16.876740833333333, 78.66395783333334], [16.876733, 78.66395666666668], [16.876724833333334, 78.66395533333333], [16.876716666666667, 78.66395416666666], [16.876708833333332, 78.66395283333333], [16.876701, 78.66395166666666], [16.876693166666666, 78.66395033333333], [16.876685333333334, 78.66394916666667], [16.876677333333337, 78.66394783333334], [16.8766695, 78.66394666666666], [16.876661833333333, 78.66394533333333], [16.876654, 78.66394416666667], [16.876646, 78.663943], [16.876637833333334, 78.66394166666667], [16.876629666666666, 78.66394050000001], [16.876621666666665, 78.66393916666667], [16.876613833333334, 78.663938], [16.876605833333333, 78.66393666666666], [16.876597833333335, 78.6639355], [16.876589833333334, 78.66393416666666], [16.876582166666665, 78.663933], [16.8765745, 78.66393166666667], [16.876566500000003, 78.6639305], [16.876558833333334, 78.66392916666668], [16.876551166666665, 78.663928], [16.8765435, 78.66392666666667], [16.8765355, 78.66392533333332], [16.8765275, 78.66392416666666], [16.876519499999997, 78.66392283333333], [16.876511833333332, 78.6639215], [16.876504, 78.66392016666667], [16.876496, 78.663919], [16.876488166666665, 78.66391766666668], [16.8764805, 78.6639165], [16.876472666666665, 78.66391516666665], [16.876465, 78.663914], [16.87645716666667, 78.66391266666666], [16.876449166666664, 78.6639115], [16.876441333333332, 78.66391016666667], [16.8764335, 78.663909], [16.8764255, 78.66390766666667], [16.87641766666667, 78.6639065], [16.876409666666667, 78.66390516666667], [16.876402, 78.663904], [16.876394, 78.66390266666667], [16.876386333333336, 78.66390150000001], [16.876378499999998, 78.66390016666666], [16.876370666666666, 78.663899], [16.876362833333335, 78.66389783333334], [16.876355, 78.66389649999999], [16.87634716666667, 78.66389533333333], [16.876339499999997, 78.66389416666667], [16.876331666666665, 78.66389283333334], [16.876323833333334, 78.66389166666666], [16.876315833333333, 78.6638905], [16.876308166666668, 78.66388916666666], [16.87630066666667, 78.663888], [16.876292666666664, 78.66388666666667], [16.876284833333333, 78.66388533333334], [16.876276833333336, 78.66388416666668], [16.87626883333333, 78.663883], [16.876261333333332, 78.66388166666667], [16.8762535, 78.6638805], [16.8762455, 78.66387933333334], [16.87623766666667, 78.66387800000001], [16.876229833333333, 78.66387683333333], [16.876221833333332, 78.66387566666667], [16.876214, 78.66387433333333], [16.87620616666667, 78.66387316666666], [16.87619833333333, 78.66387183333333], [16.8761905, 78.66387066666667], [16.87618266666667, 78.66386949999999], [16.876174833333334, 78.66386816666666], [16.876167000000002, 78.663867], [16.87615933333333, 78.66386583333333], [16.8761515, 78.6638645], [16.8761435, 78.66386333333334], [16.876135833333333, 78.66386216666666], [16.876128166666668, 78.66386083333333], [16.876120166666666, 78.66385966666667], [16.87611233333333, 78.6638585], [16.876104166666668, 78.66385716666667], [16.876096166666667, 78.663856], [16.876088333333332, 78.66385466666667], [16.876080166666668, 78.6638535], [16.876072166666667, 78.66385216666666], [16.8760645, 78.66385100000001], [16.876056833333333, 78.66384966666666], [16.876048833333336, 78.6638485], [16.87604083333333, 78.66384733333332], [16.876032666666667, 78.66384616666666], [16.876024833333336, 78.66384483333333], [16.87601683333333, 78.66384366666666], [16.876009166666666, 78.6638425], [16.876001166666665, 78.66384133333332], [16.875993166666667, 78.66384], [16.875985333333333, 78.66383883333333], [16.875977666666664, 78.66383766666667], [16.875969833333333, 78.66383633333334], [16.875961833333335, 78.66383516666666], [16.87595383333333, 78.663834], [16.875946, 78.66383283333333], [16.875938333333334, 78.6638315], [16.8759305, 78.66383033333334], [16.8759225, 78.66382916666666], [16.875914666666667, 78.663828], [16.875906999999998, 78.66382666666667], [16.875899166666667, 78.6638255], [16.875891333333335, 78.66382433333334], [16.875883333333334, 78.66382300000001], [16.875875333333333, 78.66382183333333], [16.875867500000002, 78.6638205], [16.875859666666667, 78.66381933333334], [16.875852000000002, 78.663818], [16.875843999999997, 78.66381683333334], [16.875835833333333, 78.66381566666668], [16.87582816666667, 78.66381433333332], [16.8758205, 78.66381316666666], [16.875812833333335, 78.66381183333333], [16.875804666666667, 78.66381066666666], [16.875796833333332, 78.6638095], [16.875789333333334, 78.66380833333332], [16.87578166666667, 78.66380699999999], [16.875773833333334, 78.66380583333333], [16.875765833333332, 78.66380466666666], [16.875757833333335, 78.6638035], [16.87575, 78.66380216666667], [16.875742166666665, 78.66380099999999], [16.875734333333334, 78.66379983333333], [16.875726333333333, 78.6637985], [16.8757185, 78.66379733333333], [16.875710666666667, 78.663796], [16.875702999999998, 78.66379483333334], [16.875695333333333, 78.66379366666666], [16.8756875, 78.66379233333333], [16.875679666666667, 78.66379116666667], [16.875672, 78.66379], [16.875664166666663, 78.66378883333333], [16.875656166666666, 78.6637875], [16.875648166666668, 78.66378633333333], [16.875640166666667, 78.663785], [16.875632333333332, 78.66378383333334], [16.875624333333334, 78.66378266666668], [16.875616333333333, 78.6637815], [16.875608333333332, 78.66378016666665], [16.8756005, 78.663779], [16.8755925, 78.66377783333334], [16.8755845, 78.6637765], [16.8755765, 78.66377533333333], [16.875568666666666, 78.66377416666666], [16.87556066666667, 78.663773], [16.8755525, 78.66377183333334], [16.8755445, 78.6637705], [16.8755365, 78.66376933333332], [16.875528499999998, 78.66376799999999], [16.875520333333334, 78.66376683333333], [16.8755125, 78.66376566666666], [16.875504666666664, 78.66376433333333], [16.875496833333333, 78.66376316666667], [16.875488833333335, 78.66376183333334], [16.87548083333333, 78.66376066666666], [16.875473, 78.66375933333333], [16.875465166666668, 78.66375816666667], [16.875457333333333, 78.66375683333334], [16.8754495, 78.66375566666667], [16.875441333333335, 78.66375450000001], [16.875433666666666, 78.66375316666667], [16.875425833333335, 78.663752], [16.875417833333334, 78.66375066666666], [16.87541, 78.66374933333333], [16.875402166666667, 78.66374816666666], [16.875394333333336, 78.663747], [16.875386666666667, 78.66374566666667], [16.875378833333333, 78.66374433333334], [16.875371166666664, 78.66374316666666], [16.8753635, 78.66374183333333], [16.875355666666668, 78.66374049999999], [16.875347666666666, 78.66373933333333], [16.8753395, 78.66373816666666], [16.875331833333334, 78.66373683333333], [16.875324166666665, 78.6637355], [16.8753165, 78.66373433333334], [16.875308833333335, 78.66373300000001], [16.875301166666667, 78.66373183333333], [16.875293166666665, 78.6637305], [16.875285666666667, 78.66372933333334], [16.875277999999998, 78.663728], [16.875270166666667, 78.66372666666666], [16.87526216666667, 78.6637255], [16.8752545, 78.66372416666667], [16.875247, 78.66372283333334], [16.875239333333333, 78.66372166666666], [16.875231666666664, 78.66372033333333], [16.875223833333333, 78.66371916666667], [16.875216166666668, 78.66371783333334], [16.8752085, 78.66371666666667], [16.875200500000002, 78.66371533333333], [16.875192666666667, 78.66371416666667], [16.875185, 78.66371283333334], [16.875177166666667, 78.66371166666666], [16.875169333333336, 78.66371033333333], [16.875161666666667, 78.66370916666666], [16.875153666666666, 78.663708], [16.87514583333333, 78.66370683333334], [16.875137833333334, 78.6637055], [16.875130000000002, 78.66370433333333], [16.875122166666664, 78.66370316666666], [16.8751145, 78.663702], [16.875106833333334, 78.66370066666667], [16.875099166666665, 78.66369949999999], [16.875091333333334, 78.66369833333333], [16.875083333333336, 78.663697], [16.875075666666664, 78.66369583333334], [16.875067833333333, 78.66369466666667], [16.875059833333335, 78.6636935], [16.875052, 78.66369216666666], [16.875044, 78.663691], [16.875036166666668, 78.66368983333334], [16.875028666666665, 78.66368866666667], [16.875021166666667, 78.66368733333334], [16.87501316666667, 78.66368616666666], [16.875005166666664, 78.663685], [16.874997333333333, 78.66368383333334], [16.874989666666668, 78.66368250000001], [16.874982, 78.66368133333334], [16.874974, 78.66368000000001], [16.87496583333333, 78.66367883333334], [16.874958, 78.66367766666667], [16.874950166666668, 78.66367633333333], [16.874942166666663, 78.66367516666666], [16.874934333333332, 78.663674], [16.874926333333335, 78.66367266666666], [16.874918666666666, 78.66367149999999], [16.874910666666665, 78.66367016666666], [16.874902833333334, 78.663669], [16.874895, 78.66366783333334], [16.874887, 78.6636665], [16.874879166666666, 78.66366533333333], [16.874871499999998, 78.663664], [16.8748635, 78.66366283333333], [16.874855500000002, 78.6636615], [16.874847499999998, 78.66366033333334], [16.87484, 78.66365900000001], [16.8748325, 78.66365766666667], [16.8748245, 78.66365649999999], [16.8748165, 78.66365533333332], [16.874808833333336, 78.663654], [16.874801333333334, 78.66365283333333], [16.874793833333335, 78.6636515], [16.874785999999997, 78.66365016666667], [16.87477833333333, 78.663649], [16.874770666666667, 78.66364766666668], [16.874762999999998, 78.6636465], [16.8747555, 78.66364516666665], [16.8747475, 78.663644], [16.874739499999997, 78.66364266666666], [16.874731666666666, 78.6636415], [16.874724, 78.66364016666667], [16.874716499999998, 78.663639], [16.874708666666667, 78.66363783333333], [16.87470066666667, 78.6636365], [16.87469283333333, 78.66363533333333], [16.874685, 78.66363416666667], [16.874677333333334, 78.66363283333334], [16.874669666666666, 78.66363166666666], [16.87466166666667, 78.66363033333333], [16.874653833333333, 78.66362916666667], [16.874646, 78.663628], [16.874638333333333, 78.66362683333334], [16.874630500000002, 78.66362550000001], [16.874622499999997, 78.66362433333333], [16.874614833333332, 78.66362316666667], [16.874607166666667, 78.66362183333334], [16.874599666666665, 78.66362066666667], [16.874591666666667, 78.66361950000001], [16.874584000000002, 78.66361816666667], [16.874576333333334, 78.663617], [16.87456866666667, 78.66361583333334], [16.874561000000003, 78.6636145], [16.874553166666665, 78.66361333333333], [16.8745455, 78.66361216666665], [16.874537666666665, 78.66361083333332], [16.87453, 78.66360966666666], [16.87452216666667, 78.6636085], [16.87451433333333, 78.66360733333333], [16.87450683333333, 78.663606], [16.874499166666666, 78.66360483333332], [16.87449133333333, 78.66360366666666], [16.874483333333334, 78.6636025], [16.874475333333333, 78.66360133333333], [16.87446733333333, 78.6636], [16.874459333333334, 78.66359883333332], [16.874451500000003, 78.66359766666666], [16.874443666666664, 78.6635965], [16.874435833333333, 78.66359533333333], [16.87442766666667, 78.66359416666666], [16.87442, 78.66359283333333], [16.874412333333332, 78.66359166666666], [16.8744045, 78.6635905], [16.8743965, 78.66358933333332], [16.874388500000002, 78.66358799999999], [16.874380499999997, 78.66358683333333], [16.874372666666666, 78.66358566666666], [16.874364833333335, 78.66358433333333], [16.87435683333333, 78.66358316666667], [16.874348833333332, 78.66358199999999], [16.874340833333335, 78.66358066666666], [16.874332833333334, 78.6635795], [16.874324666666666, 78.66357833333333], [16.874316833333335, 78.663577], [16.874309333333333, 78.66357583333334], [16.874301333333335, 78.66357450000001], [16.8742935, 78.66357333333333], [16.87428583333333, 78.66357216666667], [16.874278, 78.66357083333334], [16.874270333333335, 78.66356966666667], [16.874262333333334, 78.66356833333333], [16.874254333333333, 78.66356716666665], [16.8742465, 78.663566], [16.874238333333334, 78.66356466666666], [16.874230333333333, 78.6635635], [16.874222666666665, 78.66356216666667], [16.874214833333333, 78.66356083333334], [16.874207000000002, 78.66355966666667], [16.874198999999997, 78.66355833333334], [16.874191166666666, 78.66355716666666], [16.874183333333335, 78.663556], [16.8741755, 78.66355483333334], [16.874167333333332, 78.6635535], [16.874159333333335, 78.66355233333334], [16.874151166666664, 78.66355116666666], [16.874143166666666, 78.66355], [16.87413516666667, 78.66354883333334], [16.874126999999998, 78.6635475], [16.874119166666667, 78.66354633333334], [16.87411116666667, 78.66354516666667], [16.874103333333334, 78.663544], [16.874095333333333, 78.66354283333334], [16.874087499999998, 78.66354166666666], [16.8740795, 78.66354033333333], [16.874071333333333, 78.66353916666667], [16.874063333333332, 78.663538], [16.8740555, 78.66353683333334], [16.8740475, 78.66353550000001], [16.8740395, 78.66353433333333], [16.8740315, 78.66353316666667], [16.87402366666667, 78.66353183333334], [16.874016166666667, 78.66353066666667], [16.874008333333332, 78.66352950000001], [16.8740005, 78.66352816666668], [16.8739925, 78.663527], [16.873984833333335, 78.66352583333334], [16.873977, 78.6635245], [16.873969, 78.66352333333333], [16.873961, 78.663522], [16.873952999999997, 78.66352083333332], [16.87394533333333, 78.66351949999999], [16.8739375, 78.66351833333333], [16.87392983333333, 78.663517], [16.873921833333334, 78.66351583333334], [16.873914, 78.6635145], [16.873906166666664, 78.66351333333334], [16.8738985, 78.66351200000001], [16.873890666666668, 78.66351083333333], [16.873882833333333, 78.66350949999999], [16.873874833333332, 78.66350833333333], [16.873866666666668, 78.663507], [16.873858833333333, 78.66350583333333], [16.873851, 78.66350466666667], [16.873843333333333, 78.66350333333334], [16.873835333333332, 78.66350216666666], [16.8738275, 78.663501], [16.873819833333336, 78.66349966666667], [16.873812166666667, 78.6634985], [16.873804166666666, 78.66349716666667], [16.87379616666667, 78.663496], [16.873788, 78.66349483333333], [16.873780333333332, 78.6634935], [16.873772499999998, 78.66349233333334], [16.873764333333334, 78.66349116666667], [16.873756333333333, 78.66348983333334], [16.87374833333333, 78.66348866666667], [16.8737405, 78.66348733333332], [16.873732500000003, 78.66348616666667], [16.873724666666664, 78.66348483333333], [16.873716666666667, 78.66348366666666], [16.873708833333335, 78.6634825], [16.87370083333333, 78.66348116666667], [16.873693, 78.66347999999999], [16.873685166666668, 78.66347883333333], [16.873677333333333, 78.6634775], [16.873669333333332, 78.66347633333334], [16.873661333333335, 78.66347516666666], [16.8736535, 78.663474], [16.87364566666667, 78.66347266666666], [16.87363783333333, 78.6634715], [16.873630166666665, 78.66347033333334], [16.873622333333334, 78.663469], [16.8736145, 78.66346783333333], [16.8736065, 78.66346666666666], [16.8735985, 78.6634655], [16.87359083333333, 78.66346416666667], [16.873583, 78.66346300000001], [16.87357516666667, 78.66346183333333], [16.873567333333334, 78.6634605], [16.873559833333335, 78.66345933333334], [16.873552333333336, 78.663458], [16.873544499999998, 78.66345683333334], [16.873536666666666, 78.66345566666668], [16.873528833333335, 78.66345433333332], [16.873521166666666, 78.66345316666667], [16.873513166666665, 78.663452], [16.873504833333335, 78.66345083333334], [16.873496499999998, 78.66344983333333], [16.873488000000002, 78.66344883333333], [16.873479166666666, 78.66344783333334], [16.873470333333334, 78.66344683333334], [16.8734615, 78.66344616666667], [16.8734525, 78.66344533333333], [16.8734435, 78.66344466666666], [16.873434333333332, 78.663444], [16.873425, 78.66344333333333], [16.873415666666666, 78.66344283333333], [16.873406166666665, 78.66344233333332], [16.873396666666668, 78.66344183333334], [16.87338683333333, 78.66344133333334], [16.873377166666668, 78.66344099999999], [16.873367499999997, 78.66344066666667], [16.873357666666667, 78.66344033333333], [16.873347833333334, 78.66344016666667], [16.873338166666667, 78.66344000000001], [16.8733285, 78.66343983333333], [16.873318833333332, 78.66343966666666], [16.873309166666665, 78.66343966666666], [16.87329983333333, 78.66343966666666], [16.8732905, 78.66343966666666], [16.87328116666667, 78.66343983333333], [16.873272, 78.66344000000001], [16.873263166666668, 78.66344033333333], [16.873254499999998, 78.66344066666667], [16.873245666666666, 78.66344099999999], [16.873237, 78.6634415], [16.873228666666666, 78.663442], [16.87322, 78.6634425], [16.873211333333334, 78.66344283333333], [16.87320233333333, 78.66344333333333], [16.8731935, 78.66344383333333], [16.87318433333333, 78.66344433333333], [16.873175166666666, 78.66344483333334], [16.873166333333334, 78.66344533333333], [16.873157666666668, 78.66344583333333], [16.873148833333335, 78.66344649999999], [16.873140166666666, 78.66344716666667], [16.8731315, 78.66344783333334], [16.873123, 78.66344833333332], [16.873114666666666, 78.66344916666667], [16.873106166666666, 78.66344983333333], [16.873097833333336, 78.6634505], [16.873089666666665, 78.66345133333333], [16.873081666666668, 78.663452], [16.873073833333333, 78.66345283333334], [16.87306583333333, 78.66345366666665], [16.873057833333334, 78.6634545], [16.87305033333333, 78.66345533333333], [16.8730425, 78.66345616666668], [16.873034833333335, 78.66345716666666], [16.873027166666667, 78.66345816666667], [16.873019666666668, 78.66345916666667], [16.8730125, 78.66346016666667], [16.873005, 78.66346116666666], [16.872997666666667, 78.66346216666668], [16.872990333333334, 78.66346316666666], [16.872983166666664, 78.66346433333334], [16.872976166666668, 78.66346533333333], [16.872969, 78.6634665], [16.872961666666665, 78.66346766666668], [16.872954, 78.66346883333334], [16.872947, 78.66346983333332], [16.872939666666664, 78.663471], [16.87293233333333, 78.66347233333333], [16.872924833333332, 78.6634735], [16.87291766666667, 78.66347466666666], [16.8729105, 78.66347583333332], [16.872903333333333, 78.663477], [16.872896166666667, 78.66347833333333], [16.872889166666667, 78.6634795], [16.872882333333333, 78.66348066666666], [16.872875166666667, 78.66348183333334], [16.8728685, 78.66348316666668], [16.872862, 78.66348450000001], [16.872855166666668, 78.66348566666667], [16.872848166666664, 78.663487], [16.872841333333334, 78.66348816666667], [16.872834666666666, 78.6634895], [16.872828000000002, 78.66349083333333], [16.872821166666665, 78.66349216666667], [16.872814333333334, 78.66349333333332], [16.8728075, 78.66349466666667], [16.872800833333333, 78.663496], [16.87279433333333, 78.66349733333332], [16.872787833333334, 78.66349866666665], [16.872781, 78.66349983333333], [16.872774333333332, 78.663501], [16.872767333333336, 78.66350233333333], [16.872760833333334, 78.66350366666667], [16.872754, 78.663505], [16.872747166666667, 78.66350616666666], [16.872740500000003, 78.6635075], [16.8727335, 78.66350866666667], [16.872727, 78.66351], [16.8727205, 78.66351133333333], [16.872714166666665, 78.6635125], [16.872707833333333, 78.66351383333334], [16.872701333333335, 78.66351516666667], [16.872694833333334, 78.6635165], [16.8726885, 78.66351783333333], [16.872682, 78.663519], [16.872675333333333, 78.66352033333332], [16.8726685, 78.66352166666667], [16.872661666666666, 78.66352283333335], [16.872654833333335, 78.66352416666668], [16.872648333333334, 78.66352533333334], [16.8726415, 78.66352666666667], [16.872634666666666, 78.663528], [16.872627833333336, 78.66352916666666], [16.872621166666665, 78.6635305], [16.872614333333335, 78.66353183333334], [16.8726075, 78.663533], [16.872600499999997, 78.66353433333333], [16.8725935, 78.66353550000001], [16.872586833333333, 78.66353683333334], [16.872580000000003, 78.663538], [16.872573166666665, 78.66353933333333], [16.872566333333335, 78.6635405], [16.872559333333335, 78.66354183333333], [16.872552499999998, 78.66354299999999], [16.8725455, 78.66354433333332], [16.872538833333333, 78.66354566666668], [16.872532166666666, 78.66354683333334], [16.872525333333332, 78.663548], [16.872518333333336, 78.66354933333334], [16.872511333333332, 78.6635505], [16.872504666666668, 78.66355183333333], [16.872497833333334, 78.66355300000001], [16.872490833333334, 78.66355433333334], [16.872483666666668, 78.6635555], [16.872476333333335, 78.66355666666666], [16.87246916666667, 78.66355783333333], [16.87246233333333, 78.66355916666666], [16.872455333333335, 78.66356033333334], [16.87244816666667, 78.6635615], [16.872441, 78.66356266666666], [16.872434, 78.663564], [16.872426833333336, 78.66356516666666], [16.872419833333332, 78.66356633333334], [16.872412833333332, 78.6635675], [16.87240566666667, 78.66356866666666], [16.8723985, 78.66356983333334], [16.8723915, 78.663571], [16.872384333333333, 78.66357233333333], [16.87237716666667, 78.6635735], [16.87237, 78.66357466666666], [16.872362833333334, 78.66357583333334], [16.8723555, 78.66357716666667], [16.872348499999998, 78.66357833333333], [16.872341333333335, 78.6635795], [16.87233416666667, 78.66358066666666], [16.872326833333332, 78.66358199999999], [16.8723195, 78.66358316666667], [16.872312333333333, 78.66358433333333], [16.872304999999997, 78.66358566666666], [16.872297333333332, 78.66358683333333], [16.872289833333333, 78.66358799999999], [16.872283, 78.66358933333332], [16.872275833333333, 78.6635905], [16.8722685, 78.66359166666666], [16.872261166666664, 78.66359283333333], [16.872254166666668, 78.663594], [16.872247333333334, 78.66359516666667], [16.87224033333333, 78.66359633333333], [16.872233333333334, 78.6635975], [16.872226333333334, 78.66359866666667], [16.872219166666664, 78.66359983333334], [16.872212166666667, 78.663601], [16.872205, 78.66360216666666], [16.872197500000002, 78.66360333333334], [16.872190166666666, 78.66360433333332], [16.872182833333333, 78.66360549999999], [16.872175333333335, 78.66360666666667], [16.872167833333332, 78.66360800000001], [16.8721605, 78.66360916666666], [16.872153166666667, 78.66361033333332], [16.8721455, 78.66361149999999], [16.872137833333333, 78.66361266666667], [16.8721305, 78.66361383333333], [16.872123166666665, 78.66361483333334], [16.872115666666666, 78.663616], [16.872108166666667, 78.66361716666667], [16.87210083333333, 78.66361833333333], [16.872093500000002, 78.66361950000001], [16.87208616666667, 78.6636205], [16.872078833333333, 78.66362183333334], [16.8720715, 78.663623], [16.872064166666668, 78.66362416666666], [16.872056999999998, 78.66362533333333], [16.872049666666666, 78.66362666666667], [16.872042500000003, 78.66362783333334], [16.872035333333333, 78.663629], [16.872027833333334, 78.66363016666666], [16.872020666666668, 78.66363133333333], [16.872013499999998, 78.66363266666667], [16.872006, 78.66363383333334], [16.871998333333334, 78.66363500000001], [16.871990999999998, 78.66363616666666], [16.8719835, 78.66363733333333], [16.871976166666666, 78.66363849999999], [16.871968833333334, 78.66363966666667], [16.871961333333335, 78.66364083333333], [16.871953666666666, 78.663642], [16.871946333333334, 78.66364333333333], [16.871939, 78.66364449999999], [16.87193166666667, 78.66364566666667], [16.871924166666666, 78.66364683333333], [16.871916666666667, 78.663648], [16.87190916666667, 78.66364916666666], [16.871901833333332, 78.66365049999999], [16.8718945, 78.66365166666667], [16.871887, 78.66365283333333], [16.8718795, 78.663654], [16.871872, 78.66365516666666], [16.8718645, 78.66365649999999], [16.87185733333333, 78.66365766666667], [16.871849833333332, 78.66365883333333], [16.871842333333333, 78.66366], [16.871835333333333, 78.66366116666667], [16.871827833333334, 78.66366233333333], [16.871820333333336, 78.6636635], [16.871812833333333, 78.66366483333333], [16.8718055, 78.66366599999999], [16.8717985, 78.66366716666667], [16.871791166666664, 78.66366833333333], [16.871783666666666, 78.66366966666666], [16.871776166666667, 78.66367083333333], [16.87176883333333, 78.66367199999999], [16.871761499999998, 78.66367316666667], [16.871754166666665, 78.66367433333333], [16.871746833333336, 78.6636755], [16.871739333333334, 78.66367666666666], [16.871732, 78.66367783333334], [16.87172466666667, 78.663679], [16.871717166666667, 78.66368000000001], [16.871709333333335, 78.66368116666666], [16.871701499999997, 78.66368233333333], [16.87169383333333, 78.66368333333334], [16.871686, 78.6636845], [16.871678333333332, 78.66368566666667], [16.871670333333334, 78.66368666666668], [16.8716625, 78.66368783333334], [16.871654499999998, 78.663689], [16.871646833333333, 78.66369], [16.871638833333336, 78.66369116666667], [16.871630999999997, 78.66369233333333], [16.8716235, 78.6636935], [16.871615833333333, 78.66369466666667], [16.871608, 78.66369583333334], [16.871600166666667, 78.663697], [16.871592333333336, 78.66369816666666], [16.871584833333333, 78.66369933333334], [16.87157716666667, 78.6637005], [16.8715695, 78.66370166666667], [16.87156183333333, 78.66370283333335], [16.871554, 78.66370400000001], [16.8715465, 78.66370516666666], [16.871538833333332, 78.66370633333332], [16.871531166666667, 78.66370766666667], [16.871523333333336, 78.66370883333335], [16.871515499999997, 78.66371000000001], [16.871507666666666, 78.66371116666666], [16.871499833333335, 78.66371233333332], [16.871491833333334, 78.6637135], [16.871483833333333, 78.66371466666666], [16.871475999999998, 78.66371583333333], [16.871468, 78.66371699999999], [16.871460333333335, 78.66371816666667], [16.8714525, 78.66371933333333], [16.871444666666665, 78.66372066666666], [16.871437, 78.66372183333333], [16.871429166666665, 78.66372299999999], [16.871421666666667, 78.66372416666667], [16.871414, 78.6637255], [16.8714065, 78.66372666666666], [16.871399166666667, 78.66372783333333], [16.871391666666668, 78.663729], [16.871384, 78.66373033333333], [16.871376333333334, 78.6637315], [16.871368833333335, 78.66373266666666], [16.871361166666667, 78.66373383333332], [16.871353666666668, 78.66373516666665], [16.871346000000003, 78.66373633333333], [16.871338666666666, 78.6637375], [16.871331333333334, 78.66373866666666], [16.871323833333335, 78.66374], [16.871316333333333, 78.66374116666665], [16.871308833333334, 78.66374233333333], [16.87130116666667, 78.6637435], [16.871293833333333, 78.66374466666666], [16.8712865, 78.663746], [16.871279, 78.66374716666665], [16.871271166666666, 78.66374833333333], [16.8712635, 78.6637495], [16.871256000000002, 78.66375083333334], [16.87124833333333, 78.66375216666667], [16.871240666666665, 78.66375333333333], [16.871233, 78.66375466666666], [16.87122533333333, 78.66375583333334], [16.8712175, 78.663757], [16.871209833333335, 78.66375833333333], [16.8712025, 78.6637595], [16.871195166666666, 78.66376066666666], [16.871187666666668, 78.66376199999999], [16.87118, 78.66376316666667], [16.871172333333334, 78.66376433333333], [16.871165, 78.66376566666666], [16.8711575, 78.66376683333333], [16.871149666666668, 78.66376816666666], [16.871141666666666, 78.6637695], [16.871134166666664, 78.66377066666668], [16.871126666666665, 78.66377200000001], [16.871119333333336, 78.66377316666667], [16.871111833333334, 78.6637745], [16.8711045, 78.66377566666667], [16.871097000000002, 78.66377683333333], [16.871089666666666, 78.66377816666666], [16.871082166666667, 78.66377933333334], [16.871075, 78.66378066666667], [16.871067666666665, 78.66378183333333], [16.87106, 78.663783], [16.8710525, 78.66378433333333], [16.871045, 78.66378566666667], [16.8710375, 78.66378683333333], [16.87103, 78.66378816666666], [16.871022166666666, 78.66378933333334], [16.871014333333335, 78.6637905], [16.871006666666666, 78.66379166666667], [16.870998999999998, 78.663793], [16.870991333333333, 78.66379416666668], [16.870983666666667, 78.66379533333334], [16.870976, 78.6637965], [16.870968333333334, 78.66379783333333], [16.87096066666667, 78.663799], [16.870953166666666, 78.66380016666668], [16.8709455, 78.6638015], [16.87093766666667, 78.66380266666667], [16.87092983333333, 78.663804], [16.870922333333333, 78.66380516666666], [16.870914666666668, 78.66380633333333], [16.870907, 78.6638075], [16.870899166666668, 78.66380883333333], [16.870891500000003, 78.66381], [16.870884166666666, 78.66381116666666], [16.870876666666668, 78.66381233333333], [16.87086916666667, 78.66381366666666], [16.870861333333334, 78.66381483333333], [16.8708535, 78.663816], [16.870845666666664, 78.66381733333333], [16.870838, 78.66381849999999], [16.8708305, 78.66381966666667], [16.87082283333333, 78.66382100000001], [16.870814833333334, 78.66382216666666], [16.87080716666667, 78.66382333333333], [16.870799499999997, 78.66382449999999], [16.87079183333333, 78.66382566666667], [16.870784166666667, 78.66382700000001], [16.870776333333332, 78.66382816666666], [16.8707685, 78.66382933333333], [16.8707605, 78.66383049999999], [16.870752666666665, 78.66383166666667], [16.870744833333333, 78.66383283333333], [16.870737000000002, 78.66383416666666], [16.870728999999997, 78.66383533333332], [16.870721, 78.66383649999999], [16.87071316666667, 78.66383766666667], [16.870705333333333, 78.66383883333333], [16.87069766666667, 78.66384], [16.870689833333333, 78.66384116666667], [16.870682, 78.66384233333333], [16.870674166666667, 78.6638435], [16.87066616666667, 78.66384466666666], [16.870658166666665, 78.66384583333334], [16.870650666666666, 78.663847], [16.87064283333333, 78.66384816666667], [16.870634833333334, 78.6638495], [16.870627000000002, 78.66385066666666], [16.87061933333333, 78.66385183333334], [16.870611666666665, 78.663853], [16.870603666666668, 78.66385416666667], [16.870596166666665, 78.6638555], [16.870588333333334, 78.66385666666666], [16.870580500000003, 78.66385783333334], [16.870572666666664, 78.663859], [16.870564833333333, 78.66386016666667], [16.870557, 78.66386133333334], [16.870549333333333, 78.66386266666667], [16.870541166666666, 78.66386383333334], [16.870533000000002, 78.663865], [16.870525, 78.66386616666666], [16.870517166666666, 78.66386733333334], [16.8705095, 78.6638685], [16.8705015, 78.66386983333334], [16.87049366666667, 78.663871], [16.87048583333333, 78.66387200000001], [16.870478166666665, 78.66387316666666], [16.8704705, 78.66387433333333], [16.870462666666665, 78.66387566666667], [16.870454666666667, 78.66387683333333], [16.870446666666666, 78.66387800000001], [16.8704385, 78.66387916666666], [16.8704305, 78.6638805], [16.870422666666666, 78.66388166666667], [16.870414666666665, 78.66388283333335], [16.870406833333334, 78.66388416666668], [16.870399000000003, 78.66388533333334], [16.870391333333334, 78.6638865], [16.870383666666665, 78.66388766666667], [16.870375833333334, 78.66388883333335], [16.870368, 78.66389000000001], [16.870360166666668, 78.66389116666666], [16.870352333333337, 78.66389233333332], [16.870344499999998, 78.6638935], [16.870336333333334, 78.66389483333334], [16.870328500000003, 78.66389600000001], [16.870320333333332, 78.66389716666666], [16.870312166666668, 78.66389833333332], [16.870304166666664, 78.6638995], [16.870296333333332, 78.66390083333334], [16.8702885, 78.66390200000001], [16.8702805, 78.66390316666666], [16.870272333333332, 78.66390433333332], [16.870264333333335, 78.6639055], [16.8702565, 78.66390666666666], [16.8702485, 78.66390783333333], [16.8702405, 78.663909], [16.8702325, 78.66391033333333], [16.8702245, 78.6639115], [16.870216333333335, 78.66391266666666], [16.870208166666664, 78.66391383333332], [16.870200333333333, 78.663915], [16.870192166666666, 78.66391633333333], [16.870184166666665, 78.6639175], [16.870176333333333, 78.66391883333334], [16.8701685, 78.66392], [16.870160833333333, 78.66392116666665], [16.870153333333334, 78.66392233333333], [16.870145666666666, 78.66392366666668], [16.870138, 78.66392483333334], [16.870130333333336, 78.663926], [16.870122499999997, 78.66392716666665], [16.870114666666666, 78.66392850000001], [16.870106833333335, 78.66392966666668], [16.870099, 78.66393083333334], [16.87009116666667, 78.663932], [16.870083, 78.66393333333333], [16.870075166666666, 78.66393450000001], [16.870067333333335, 78.66393566666667], [16.8700595, 78.66393683333334], [16.8700515, 78.663938], [16.870043333333335, 78.66393916666667], [16.870035166666664, 78.66394033333333], [16.870027333333333, 78.66394149999999], [16.870019666666668, 78.66394266666666], [16.870011833333333, 78.66394383333333], [16.870003999999998, 78.66394516666666], [16.8699965, 78.66394633333333], [16.869988666666664, 78.66394766666667], [16.869981, 78.66394883333334], [16.869973166666668, 78.66395016666667], [16.8699655, 78.66395133333334], [16.869957666666668, 78.66395250000001], [16.869949666666667, 78.66395383333334], [16.869941833333332, 78.663955], [16.869934166666667, 78.66395633333333], [16.869926500000002, 78.6639575], [16.869919, 78.66395866666667], [16.869911333333334, 78.66395983333334], [16.86990366666667, 78.663961], [16.869896, 78.66396216666666], [16.869888333333332, 78.6639635], [16.8698805, 78.66396466666667], [16.869873, 78.663966], [16.869865333333333, 78.66396716666667], [16.869857333333336, 78.6639685], [16.8698495, 78.66396966666666], [16.869841666666666, 78.663971], [16.869834333333333, 78.66397216666665], [16.86982683333333, 78.66397333333333], [16.869819333333332, 78.66397466666668], [16.8698115, 78.66397583333334], [16.869804, 78.663977], [16.869796666666666, 78.66397816666667], [16.869789166666667, 78.66397933333333], [16.869781333333332, 78.6639805], [16.8697735, 78.66398166666666], [16.869765833333336, 78.663983], [16.869758166666667, 78.66398416666667], [16.869750500000002, 78.66398550000001], [16.86974283333333, 78.66398666666667], [16.869735166666665, 78.66398783333334], [16.869727166666667, 78.663989], [16.869719333333332, 78.66399016666666], [16.869711833333334, 78.66399150000001], [16.869704000000002, 78.66399266666667], [16.869696166666664, 78.66399383333334], [16.869688333333333, 78.66399500000001], [16.869680666666667, 78.66399616666666], [16.869673, 78.66399733333333], [16.869665333333334, 78.66399866666667], [16.86965766666667, 78.66399983333334], [16.869649833333334, 78.66400116666667], [16.869641833333333, 78.66400233333334], [16.869633833333335, 78.6640035], [16.869626166666666, 78.66400483333334], [16.8696185, 78.664006], [16.869610666666667, 78.66400733333333], [16.86960283333333, 78.6640085], [16.869595, 78.66400966666667], [16.8695875, 78.66401083333334], [16.86958, 78.66401216666667], [16.869572333333334, 78.66401333333333], [16.869564500000003, 78.6640145], [16.869556833333334, 78.66401583333332], [16.869549333333335, 78.664017], [16.869541666666667, 78.66401833333333], [16.869533999999998, 78.6640195], [16.869526333333333, 78.66402083333334], [16.869518666666668, 78.664022], [16.869511, 78.66402316666667], [16.8695035, 78.66402450000001], [16.869496, 78.66402566666667], [16.869487833333334, 78.66402683333334], [16.869480166666666, 78.66402816666667], [16.869472499999997, 78.66402933333333], [16.869464999999998, 78.66403050000001], [16.869457666666666, 78.66403183333334], [16.869449999999997, 78.664033], [16.869442333333332, 78.66403416666667], [16.869434333333334, 78.66403533333333], [16.869426666666666, 78.66403650000001], [16.869419166666667, 78.66403783333334], [16.869411333333336, 78.664039], [16.86940333333333, 78.66404033333333], [16.8693955, 78.6640415], [16.869387833333334, 78.66404266666667], [16.869380166666666, 78.66404383333334], [16.869372666666667, 78.66404516666667], [16.869364833333336, 78.66404633333333], [16.86935683333333, 78.6640475], [16.869349, 78.6640485], [16.8693415, 78.66404966666667], [16.869333833333332, 78.664051], [16.869326, 78.66405216666666], [16.86931816666667, 78.66405333333334], [16.86931033333333, 78.6640545], [16.869302333333334, 78.66405566666667], [16.86929466666667, 78.66405683333333], [16.869286833333334, 78.66405816666666], [16.869278833333333, 78.66405933333334], [16.869270833333335, 78.6640605], [16.869262833333334, 78.66406166666667], [16.869254833333333, 78.664063], [16.86924683333333, 78.66406416666668], [16.869238833333334, 78.6640655], [16.869230833333333, 78.66406683333334], [16.869223166666664, 78.66406833333333], [16.869215999999998, 78.66406983333333], [16.869208833333335, 78.6640715], [16.869202166666664, 78.66407299999999], [16.8691955, 78.6640745], [16.869189, 78.664076], [16.869182333333335, 78.66407766666666], [16.869176166666666, 78.66407933333333], [16.8691705, 78.66408116666666], [16.869165666666667, 78.66408283333334], [16.869161666666667, 78.6640845], [16.869157833333336, 78.66408616666666], [16.869154499999997, 78.66408799999999], [16.869151666666667, 78.66408966666667], [16.869149999999998, 78.6640915], [16.86914833333333, 78.66409333333333], [16.869147166666668, 78.664095], [16.8691465, 78.66409683333333], [16.869146166666667, 78.66409883333334], [16.869146333333333, 78.66410066666667], [16.869147166666668, 78.6641025], [16.86914833333333, 78.6641045], [16.86914983333333, 78.66410633333334], [16.869151499999997, 78.66410816666667], [16.869153833333332, 78.66411], [16.8691565, 78.66411183333334], [16.869159500000002, 78.6641135], [16.869162666666668, 78.66411516666668], [16.869166166666666, 78.66411666666666], [16.8691705, 78.66411833333333], [16.869174833333332, 78.66411983333334], [16.869179166666665, 78.66412133333333], [16.869183666666668, 78.66412283333334], [16.869188333333334, 78.66412416666667], [16.86919333333333, 78.6641255], [16.869198333333333, 78.66412666666666], [16.869203666666667, 78.66412799999999], [16.869209, 78.66412933333332], [16.8692145, 78.66413066666668], [16.86922033333333, 78.66413183333334], [16.869226166666667, 78.66413299999999], [16.869232166666666, 78.66413416666666], [16.869238166666666, 78.66413533333333], [16.86924433333333, 78.6641365], [16.8692505, 78.66413766666666], [16.86925666666667, 78.66413899999999], [16.869263166666666, 78.66414033333334], [16.86926983333333, 78.6641415], [16.869276666666668, 78.66414283333333], [16.869283499999998, 78.66414400000001], [16.869290499999998, 78.66414516666667], [16.869297500000002, 78.66414633333333], [16.869304666666668, 78.66414733333333], [16.869311999999997, 78.6641485], [16.869319, 78.66414966666666], [16.869326166666667, 78.66415066666667], [16.869333166666667, 78.66415166666667], [16.869340333333334, 78.6641525], [16.869347333333334, 78.66415350000001], [16.8693545, 78.66415433333333], [16.869361833333336, 78.66415533333334], [16.86936916666667, 78.66415616666667], [16.869376833333334, 78.66415699999999], [16.869384333333336, 78.66415783333333], [16.869391833333335, 78.66415866666667], [16.8693995, 78.66415950000001], [16.869407000000002, 78.66416033333333], [16.869414666666668, 78.66416116666666], [16.869422166666666, 78.664162], [16.86942966666667, 78.66416283333334], [16.869437166666668, 78.6641635], [16.8694445, 78.66416433333333], [16.869452000000003, 78.66416516666666], [16.8694595, 78.66416583333333], [16.869467166666666, 78.66416666666667], [16.869475166666668, 78.6641675], [16.869483166666665, 78.66416833333332], [16.8694915, 78.66416899999999], [16.869499833333336, 78.66416983333333], [16.869508, 78.66417066666666], [16.869516166666664, 78.66417150000001], [16.869524333333334, 78.66417233333333], [16.869532333333332, 78.66417316666666], [16.869540500000003, 78.664174], [16.8695485, 78.66417466666667], [16.869556666666664, 78.6641755], [16.869564833333335, 78.66417633333334], [16.869572666666667, 78.66417700000001], [16.869581166666666, 78.66417783333333], [16.869589333333334, 78.66417866666667], [16.8695975, 78.6641795], [16.869605666666665, 78.66418016666667], [16.869613833333336, 78.664181], [16.869622, 78.66418183333333], [16.869630333333337, 78.66418266666666], [16.8696385, 78.66418333333333], [16.869646666666664, 78.66418416666667], [16.86965466666667, 78.664185], [16.869662833333333, 78.66418583333333], [16.869671, 78.66418666666667], [16.869679166666668, 78.66418733333333], [16.86968733333333, 78.66418816666666], [16.869695666666665, 78.66418900000001], [16.869704000000002, 78.66418983333332], [16.8697125, 78.66419066666667], [16.869721000000002, 78.6641915], [16.869729500000002, 78.66419233333333], [16.869737999999998, 78.66419316666666], [16.869746333333335, 78.66419383333333], [16.869754666666665, 78.66419466666666], [16.869762666666666, 78.6641955], [16.869770833333334, 78.66419633333334], [16.86977883333333, 78.66419716666665], [16.869786833333333, 78.66419783333335], [16.869795, 78.66419866666666], [16.869803333333333, 78.6641995], [16.869811666666667, 78.66420033333334], [16.86982, 78.66420116666667], [16.8698285, 78.66420199999999], [16.869837, 78.664203], [16.869845333333334, 78.66420383333335], [16.86985383333333, 78.66420466666666], [16.869862, 78.6642055], [16.86987033333333, 78.66420633333334], [16.86987866666667, 78.66420716666667], [16.869886833333332, 78.66420799999999], [16.869895, 78.66420883333333], [16.869903166666667, 78.66420983333335], [16.869911166666668, 78.66421066666666], [16.869919166666666, 78.6642115], [16.869927333333333, 78.66421233333334], [16.8699355, 78.66421333333332], [16.869943999999997, 78.66421416666667], [16.869952333333334, 78.664215], [16.869960666666667, 78.664216], [16.869969, 78.66421683333333], [16.869977333333335, 78.66421766666667], [16.869985666666665, 78.6642185], [16.869993833333336, 78.6642195], [16.870002, 78.66422033333333], [16.870010166666667, 78.66422116666666], [16.870018333333334, 78.66422216666666], [16.870026499999998, 78.66422299999999], [16.87003483333333, 78.66422383333334], [16.87004316666667, 78.66422483333334], [16.8700515, 78.66422566666667], [16.870060000000002, 78.6642265], [16.870068333333332, 78.66422733333334], [16.870076666666666, 78.66422833333333], [16.870084666666667, 78.66422916666667], [16.870093166666667, 78.66423016666666], [16.87010133333333, 78.664231], [16.870109666666668, 78.664232], [16.870117999999998, 78.66423283333333], [16.870126333333335, 78.66423366666666], [16.87013466666667, 78.66423466666667], [16.870143, 78.66423566666667], [16.870151333333336, 78.6642365], [16.870159833333332, 78.6642375], [16.870168166666666, 78.6642385], [16.87017666666667, 78.6642395], [16.870185, 78.66424033333332], [16.870193333333336, 78.66424133333334], [16.8702015, 78.66424216666665], [16.870209833333334, 78.66424316666667], [16.870218, 78.66424416666668], [16.870226166666665, 78.664245], [16.870234333333332, 78.664246], [16.8702425, 78.66424683333334], [16.870250666666667, 78.66424783333333], [16.87025883333333, 78.66424883333335], [16.870267166666668, 78.66424966666666], [16.870275333333332, 78.66425066666667], [16.87028366666667, 78.66425166666666], [16.870292, 78.66425266666667], [16.870300333333333, 78.6642535], [16.870308666666666, 78.6642545], [16.870317, 78.66425550000001], [16.870325166666664, 78.6642565], [16.870333666666667, 78.66425733333334], [16.870341833333335, 78.66425833333332], [16.87035, 78.66425933333333], [16.870358, 78.66426033333333], [16.870365833333334, 78.66426133333333], [16.870373833333336, 78.66426216666667], [16.870381833333333, 78.66426316666666], [16.87039, 78.66426416666667], [16.870398166666668, 78.66426516666667], [16.870406333333335, 78.66426633333334], [16.870414666666665, 78.66426716666666], [16.870423000000002, 78.66426816666667], [16.8704315, 78.66426933333334], [16.870439833333332, 78.66427033333333], [16.870448166666666, 78.66427133333333], [16.870456666666666, 78.66427233333334], [16.870465000000003, 78.66427333333333], [16.870473333333333, 78.66427433333334], [16.8704815, 78.66427533333334], [16.8704895, 78.6642765], [16.8704975, 78.6642775], [16.87050533333333, 78.6642785], [16.870513333333335, 78.6642795], [16.870521333333333, 78.66428049999999], [16.8705295, 78.6642815], [16.870537833333334, 78.66428266666667], [16.8705465, 78.66428366666668], [16.870555000000003, 78.66428466666666], [16.8705635, 78.66428566666667], [16.870572166666665, 78.66428666666667], [16.870580333333333, 78.66428783333335], [16.870588666666666, 78.66428883333333], [16.870597, 78.66428983333334], [16.870605, 78.66429066666666], [16.870613166666665, 78.66429166666667], [16.87062116666667, 78.66429266666667], [16.870629, 78.66429366666667], [16.870637166666665, 78.66429483333333], [16.870645333333336, 78.66429583333334], [16.870653666666666, 78.66429683333334], [16.870662, 78.66429783333334], [16.870670500000003, 78.66429883333333], [16.870678833333333, 78.6643], [16.870687333333333, 78.664301], [16.870696000000002, 78.66430199999999], [16.870704333333332, 78.664303], [16.870712333333334, 78.66430399999999], [16.8707205, 78.664305], [16.870728666666665, 78.664306], [16.870736833333336, 78.664307], [16.870745166666666, 78.66430799999999], [16.8707535, 78.664309], [16.870761666666667, 78.66430999999999], [16.87077, 78.66431116666666], [16.870778166666664, 78.66431216666666], [16.8707865, 78.66431316666667], [16.870794666666665, 78.66431416666666], [16.870802833333336, 78.66431516666667], [16.870811, 78.66431633333333], [16.870819333333333, 78.66431733333334], [16.870827666666667, 78.66431833333333], [16.870835833333334, 78.66431933333334], [16.870844166666664, 78.66432033333334], [16.870852333333335, 78.6643215], [16.870860333333333, 78.66432233333333], [16.870868499999997, 78.66432333333334], [16.870876666666668, 78.66432433333333], [16.87088483333333, 78.66432533333334], [16.87089316666667, 78.66432633333334], [16.8709015, 78.66432733333333], [16.87091, 78.66432833333333], [16.870918666666668, 78.66432933333334], [16.870927166666668, 78.66433033333333], [16.87093583333333, 78.66433149999999], [16.870944666666666, 78.6643325], [16.870953166666666, 78.66433366666666], [16.8709615, 78.66433466666668], [16.87097, 78.66433566666666], [16.8709785, 78.66433666666667], [16.870986833333333, 78.66433783333333], [16.870995, 78.66433883333335], [16.871003166666664, 78.66433983333333], [16.8710115, 78.66434083333334], [16.87101983333333, 78.66434183333334], [16.87102816666667, 78.66434283333334], [16.8710365, 78.66434383333333], [16.871044833333332, 78.664345], [16.871053, 78.664346], [16.8710615, 78.66434699999999], [16.87107, 78.664348], [16.871078333333333, 78.66434916666667], [16.871086833333333, 78.66435016666667], [16.871095333333336, 78.66435116666666], [16.871103666666666, 78.66435216666667], [16.871112333333333, 78.66435316666666], [16.871120833333336, 78.66435416666667], [16.871129333333332, 78.66435499999999], [16.871137833333332, 78.664356], [16.871146166666666, 78.66435700000001], [16.8711545, 78.664358], [16.871163000000003, 78.664359], [16.8711715, 78.66436], [16.87118, 78.664361], [16.871188500000002, 78.66436216666666], [16.871196833333332, 78.66436316666666], [16.871205333333332, 78.66436416666667], [16.8712135, 78.66436516666666], [16.871222, 78.66436616666667], [16.871230333333333, 78.66436716666666], [16.871238833333333, 78.66436816666666], [16.871247166666667, 78.66436916666666], [16.8712555, 78.66437016666667], [16.871263666666668, 78.66437116666665], [16.87127183333333, 78.66437216666667], [16.87128016666667, 78.66437316666666], [16.871288333333332, 78.66437416666666], [16.871296500000003, 78.66437516666666], [16.871304666666667, 78.66437616666667], [16.871313, 78.66437733333333], [16.871321333333334, 78.66437833333333], [16.871329666666668, 78.66437933333333], [16.87133833333333, 78.66438050000001], [16.871346833333334, 78.6643815], [16.8713555, 78.66438266666667], [16.871364000000003, 78.66438366666667], [16.871372666666666, 78.66438483333333], [16.871381166666666, 78.66438583333334], [16.871389500000003, 78.664387], [16.871398166666665, 78.66438799999999], [16.8714065, 78.66438916666667], [16.87141516666667, 78.66439016666666], [16.87142383333333, 78.66439116666668], [16.87143216666667, 78.66439233333334], [16.871440333333332, 78.66439333333332], [16.871448833333332, 78.66439433333333], [16.871457666666668, 78.6643955], [16.8714665, 78.66439650000001], [16.871475333333333, 78.66439766666667], [16.871483833333333, 78.66439866666666], [16.871492333333332, 78.66439966666667], [16.871500833333336, 78.66440066666668], [16.871509166666666, 78.66440183333334], [16.8715175, 78.66440283333333], [16.871526, 78.66440383333334], [16.871534166666667, 78.66440483333334], [16.871542499999997, 78.664406], [16.871550833333334, 78.664407], [16.871559166666668, 78.66440816666666], [16.871567666666667, 78.66440916666667], [16.871576166666667, 78.66441033333334], [16.871584666666667, 78.66441133333333], [16.871593333333333, 78.6644125], [16.871602, 78.66441366666666], [16.8716105, 78.66441483333332], [16.87161916666667, 78.66441583333334], [16.87162783333333, 78.66441683333333], [16.871636333333335, 78.664418], [16.871644833333335, 78.664419], [16.87165333333333, 78.66442016666666], [16.871662166666667, 78.66442116666667], [16.871671, 78.66442216666665], [16.871679833333335, 78.66442316666667], [16.871688666666667, 78.66442433333333], [16.8716975, 78.66442533333334], [16.87170616666667, 78.66442633333332], [16.871714833333332, 78.66442733333334], [16.871723499999998, 78.6644285], [16.871732, 78.66442950000001], [16.871740666666668, 78.6644305], [16.871749166666667, 78.66443133333334], [16.871757666666667, 78.6644325], [16.871766333333333, 78.6644335], [16.871775, 78.6644345], [16.871783833333332, 78.66443550000001], [16.871792666666668, 78.66443666666667], [16.8718015, 78.66443766666666], [16.871810166666666, 78.66443866666667], [16.871818833333336, 78.66443983333333], [16.871827333333332, 78.66444083333334], [16.871836, 78.66444183333333], [16.871844666666668, 78.66444299999999], [16.871853166666664, 78.664444], [16.87186116666667, 78.66444499999999], [16.8718695, 78.66444616666666], [16.871877833333333, 78.66444716666666], [16.871886333333336, 78.66444816666667], [16.871894666666666, 78.66444916666666], [16.871903, 78.66445033333333], [16.871911333333333, 78.66445133333333], [16.871919833333333, 78.6644525], [16.871928333333337, 78.66445350000001], [16.871937166666665, 78.66445449999999], [16.871945666666665, 78.66445566666667], [16.871954000000002, 78.66445683333333], [16.8719625, 78.66445783333333], [16.871971, 78.66445883333334], [16.871979500000002, 78.66445999999999], [16.871987833333332, 78.664461], [16.87199616666667, 78.664462], [16.8720045, 78.66446316666666], [16.872013166666665, 78.66446416666666], [16.87202166666667, 78.66446516666666], [16.872030166666665, 78.66446633333334], [16.872038666666665, 78.66446733333333], [16.872047333333335, 78.66446833333333], [16.87205583333333, 78.66446933333333], [16.8720645, 78.66447050000001], [16.872073166666667, 78.6644715], [16.872081666666666, 78.6644725], [16.872090166666666, 78.6644735], [16.8720985, 78.66447466666666], [16.87210683333333, 78.66447566666668], [16.872115166666667, 78.66447683333334], [16.872123666666667, 78.66447783333334], [16.872132333333333, 78.66447883333333], [16.872140833333333, 78.66448], [16.872149333333333, 78.664481], [16.872157833333333, 78.66448199999999], [16.872166333333332, 78.66448316666667], [16.87217466666667, 78.66448416666667], [16.872183166666666, 78.66448533333333], [16.8721915, 78.66448650000001], [16.872200000000003, 78.66448749999999], [16.872208333333333, 78.6644885], [16.872216666666667, 78.66448966666667], [16.872224833333334, 78.66449066666668], [16.872233166666668, 78.66449166666666], [16.87224183333333, 78.66449266666667], [16.872250166666667, 78.66449366666667], [16.872258666666667, 78.66449483333334], [16.8722675, 78.66449583333333], [16.872276166666666, 78.66449683333333], [16.872285166666664, 78.66449800000001], [16.872294166666666, 78.66449899999999], [16.872303166666665, 78.6645], [16.872311833333335, 78.664501], [16.872320666666667, 78.664502], [16.872328999999997, 78.664503], [16.8723375, 78.66450400000001], [16.872345666666668, 78.66450499999999], [16.872354166666664, 78.664506], [16.872362333333335, 78.664507], [16.872370666666665, 78.664508], [16.87237916666667, 78.66450916666666], [16.87238766666667, 78.66451016666666], [16.87239633333333, 78.66451116666667], [16.872405, 78.66451216666665], [16.872413833333333, 78.66451316666667], [16.872422500000003, 78.66451433333333], [16.872431, 78.66451533333334], [16.872439666666665, 78.6645165], [16.87244816666667, 78.6645175], [16.8724565, 78.6645185], [16.872464666666666, 78.66451966666666], [16.87247316666667, 78.66452066666668], [16.872481666666665, 78.66452183333334], [16.872490000000003, 78.66452283333334], [16.87249866666667, 78.664524], [16.87250733333333, 78.664525], [16.872515833333335, 78.66452616666668], [16.872524666666667, 78.66452716666666], [16.872533166666663, 78.66452833333332], [16.872541666666667, 78.66452933333333], [16.87255, 78.66453033333333], [16.8725585, 78.66453133333333], [16.872567, 78.66453233333333], [16.8725755, 78.66453333333334], [16.872584166666666, 78.6645345], [16.872592833333332, 78.6645355], [16.8726015, 78.6645365], [16.872610166666668, 78.66453766666667], [16.872618666666664, 78.66453866666667], [16.872627333333334, 78.66453966666667], [16.872636, 78.66454066666667], [16.8726445, 78.66454166666668], [16.872653166666666, 78.66454283333334], [16.8726615, 78.66454383333333], [16.872669833333337, 78.66454483333334], [16.8726785, 78.66454583333334], [16.872687, 78.664547], [16.87269566666667, 78.664548], [16.872704333333335, 78.66454900000001], [16.87271283333333, 78.66454999999999], [16.87272116666667, 78.66455116666666], [16.872729333333332, 78.66455216666667], [16.872737833333336, 78.66455316666666], [16.872746166666666, 78.66455416666666], [16.872754666666665, 78.66455533333333], [16.872763333333335, 78.66455633333334], [16.872772, 78.66455733333333], [16.872780833333334, 78.66455833333333], [16.872789333333333, 78.66455933333333], [16.872798, 78.66456033333334], [16.872806333333333, 78.66456133333332], [16.872814833333333, 78.66456233333334], [16.872823166666667, 78.66456333333333], [16.872831333333334, 78.66456433333333], [16.872839666666668, 78.66456533333333], [16.872847666666665, 78.66456633333334], [16.87285616666667, 78.66456733333332], [16.872864666666665, 78.66456833333334], [16.87287316666667, 78.66456933333333], [16.872881500000002, 78.66457050000001], [16.872889999999998, 78.6645715], [16.872898333333335, 78.6645725], [16.87290683333333, 78.6645735], [16.872915499999998, 78.66457466666667], [16.872924333333334, 78.66457566666666], [16.872933, 78.66457666666666], [16.87294166666667, 78.66457783333334], [16.872950166666666, 78.66457883333334], [16.872958833333332, 78.66457983333333], [16.8729675, 78.66458083333333], [16.872976, 78.66458183333334], [16.87298433333333, 78.66458283333333], [16.872992500000002, 78.664584], [16.873000833333332, 78.664585], [16.87300916666667, 78.66458616666667], [16.873017666666666, 78.66458716666666], [16.873026, 78.66458833333333], [16.873034500000003, 78.66458933333334], [16.873043, 78.6645905], [16.8730515, 78.6645915], [16.87306016666667, 78.66459266666668], [16.87306883333333, 78.66459366666666], [16.87307716666667, 78.66459466666667], [16.873085666666668, 78.66459583333334], [16.873094166666665, 78.664597], [16.873102666666668, 78.664598], [16.8731115, 78.664599], [16.87311983333333, 78.66460016666666], [16.8731285, 78.66460133333334], [16.873136833333334, 78.66460233333333], [16.873145166666667, 78.66460333333333], [16.8731535, 78.66460433333333], [16.87316183333333, 78.66460533333334], [16.873170333333334, 78.66460633333332], [16.873178833333334, 78.66460733333334], [16.873187499999997, 78.66460833333333], [16.873196333333333, 78.66460950000001], [16.873205, 78.6646105], [16.873214, 78.6646115], [16.8732225, 78.6646125], [16.873230999999997, 78.6646135], [16.8732395, 78.6646145], [16.873247833333334, 78.66461566666666], [16.873256333333334, 78.66461666666667], [16.873264666666667, 78.66461766666666], [16.87327283333333, 78.66461866666667], [16.873281333333335, 78.66461966666667], [16.87328966666667, 78.66462083333333], [16.873298, 78.66462183333333], [16.8733065, 78.66462283333334], [16.873314666666666, 78.66462383333332], [16.873323333333335, 78.66462499999999], [16.873331833333335, 78.664626], [16.873340666666664, 78.66462700000001], [16.873349333333334, 78.66462816666667], [16.873358, 78.66462916666666], [16.8733665, 78.66463033333333], [16.873374833333333, 78.66463133333333], [16.873383, 78.66463233333334], [16.873391166666668, 78.66463350000001], [16.873399166666665, 78.66463449999999], [16.873407333333333, 78.6646355], [16.8734155, 78.66463666666667], [16.873424, 78.66463766666668], [16.873432333333334, 78.66463866666666], [16.873440833333333, 78.66463983333333], [16.873449166666667, 78.66464083333334], [16.873457666666663, 78.664642], [16.873466333333333, 78.664643], [16.873475, 78.66464416666666], [16.87348366666667, 78.66464516666666], [16.873492166666665, 78.66464633333334], [16.8735005, 78.66464733333333], [16.873508833333336, 78.66464850000001], [16.873517166666666, 78.6646495], [16.873525333333337, 78.66465050000001], [16.873533666666667, 78.6646515], [16.873541833333334, 78.6646525], [16.87355, 78.66465366666667], [16.8735585, 78.66465466666666], [16.873566999999998, 78.66465583333334], [16.8735755, 78.66465683333332], [16.87358383333333, 78.66465799999999], [16.873592499999997, 78.664659], [16.873601166666667, 78.66466016666666], [16.873609833333333, 78.66466116666668], [16.873618500000003, 78.66466233333334], [16.873627, 78.66466333333332], [16.873635666666665, 78.66466433333333], [16.87364416666667, 78.66466533333333], [16.87365283333333, 78.66466650000001], [16.87366116666667, 78.6646675], [16.873669833333334, 78.6646685], [16.87367833333333, 78.6646695], [16.873687, 78.6646705], [16.873695666666666, 78.6646715], [16.873704333333333, 78.66467266666668], [16.873713000000002, 78.66467366666667], [16.8737215, 78.66467483333332], [16.873730000000002, 78.66467583333333], [16.8737385, 78.66467683333333], [16.873747166666664, 78.66467800000001], [16.8737555, 78.66467883333333], [16.87376383333333, 78.66468], [16.87377233333333, 78.664681], [16.873780833333335, 78.664682], [16.87378933333333, 78.664683], [16.87379766666667, 78.66468400000001], [16.873806000000002, 78.66468499999999], [16.873814499999998, 78.664686], [16.873822833333335, 78.66468716666667], [16.87383133333333, 78.66468816666666], [16.87383983333333, 78.66468933333334], [16.8738485, 78.66469033333333], [16.873856666666665, 78.66469133333334], [16.873865000000002, 78.66469233333333], [16.8738735, 78.66469350000001], [16.873882, 78.6646945], [16.873890333333335, 78.66469550000001], [16.87389883333333, 78.6646965], [16.873907499999998, 78.66469766666667], [16.873916, 78.66469866666667], [16.873924666666667, 78.66469966666666], [16.873933166666667, 78.66470066666668], [16.873941833333333, 78.66470166666666], [16.873950666666666, 78.66470283333334], [16.873959333333335, 78.66470383333333], [16.87396783333333, 78.66470483333333], [16.873976333333335, 78.66470583333333], [16.87398466666667, 78.66470699999999], [16.873993166666665, 78.664708], [16.874001500000002, 78.66470899999999], [16.874009833333332, 78.66471], [16.874018166666666, 78.664711], [16.8740265, 78.664712], [16.874035166666665, 78.66471299999999], [16.874044, 78.664714], [16.874052666666667, 78.66471499999999], [16.874061666666666, 78.66471616666666], [16.874070500000002, 78.66471716666666], [16.874079333333334, 78.66471833333334], [16.87408816666667, 78.66471933333334], [16.874096833333333, 78.6647205], [16.8741055, 78.6647215], [16.874114000000002, 78.6647225], [16.874122333333332, 78.66472350000001], [16.874130666666666, 78.66472449999999], [16.874139, 78.6647255], [16.874147333333333, 78.6647265], [16.874155833333337, 78.6647275], [16.874164333333333, 78.66472866666666], [16.874172833333333, 78.66472966666667], [16.874181333333336, 78.66473066666667], [16.874189833333332, 78.66473166666667], [16.8741985, 78.66473266666667], [16.874207000000002, 78.66473383333333], [16.874215333333332, 78.66473483333333], [16.87422366666667, 78.66473583333332], [16.874232166666665, 78.664737], [16.874240166666667, 78.664738], [16.874248333333334, 78.664739], [16.8742565, 78.66474016666666], [16.8742645, 78.66474116666667], [16.874272833333336, 78.66474216666667], [16.874281166666666, 78.66474316666667], [16.8742895, 78.66474433333333], [16.874297666666667, 78.66474533333333], [16.874306, 78.66474633333334], [16.8743145, 78.66474733333332], [16.874323166666667, 78.6647485], [16.874332, 78.66474966666667], [16.874340333333336, 78.66475083333333], [16.874349, 78.66475183333334], [16.874357666666665, 78.66475283333332], [16.874366166666668, 78.66475383333334], [16.874374666666665, 78.664755], [16.874382833333335, 78.664756], [16.874391, 78.66475716666667], [16.874399333333333, 78.66475816666666], [16.874407833333333, 78.66475916666667], [16.874416333333333, 78.66476016666667], [16.874424666666666, 78.66476133333335], [16.874433333333332, 78.66476233333333], [16.874441833333332, 78.66476349999999], [16.874450500000002, 78.6647645], [16.874459166666668, 78.66476566666667], [16.87446783333333, 78.66476666666668], [16.874476333333334, 78.66476783333333], [16.874484833333334, 78.66476883333333], [16.87449333333333, 78.66476983333334], [16.874501833333333, 78.664771], [16.874510333333333, 78.664772], [16.874518666666667, 78.664773], [16.874527166666667, 78.66477400000001], [16.87453533333333, 78.66477499999999], [16.874543833333334, 78.664776], [16.874552166666668, 78.66477716666667], [16.874560666666664, 78.66477816666666], [16.8745695, 78.66477916666666], [16.874578333333332, 78.66478033333333], [16.874587000000002, 78.66478133333334], [16.874595666666668, 78.66478233333333], [16.8746045, 78.66478333333333], [16.874612833333334, 78.6647845], [16.874621333333334, 78.66478550000001], [16.874629833333334, 78.66478666666667], [16.874638, 78.66478766666667], [16.87464633333333, 78.66478866666667], [16.874654500000002, 78.66478966666666], [16.874662666666666, 78.66479066666668], [16.874671, 78.66479166666666], [16.874679166666667, 78.66479266666667], [16.874687666666667, 78.66479383333333], [16.874696333333336, 78.66479483333333], [16.874704833333332, 78.66479583333333], [16.8747135, 78.66479683333334], [16.87472216666667, 78.66479783333332], [16.874730666666668, 78.66479899999999], [16.874739166666664, 78.6648], [16.8747475, 78.664801], [16.874755999999998, 78.664802], [16.874764333333335, 78.66480299999999], [16.87477266666667, 78.664804], [16.87478133333333, 78.66480516666667], [16.87479, 78.66480616666666], [16.8747985, 78.66480733333333], [16.874807333333333, 78.66480833333334], [16.874815833333333, 78.6648095], [16.874824666666665, 78.6648105], [16.874833333333335, 78.6648115], [16.87484166666667, 78.66481266666666], [16.874849833333332, 78.66481366666667], [16.874858, 78.66481466666667], [16.874866166666667, 78.66481583333332], [16.874874666666663, 78.66481683333333], [16.874883166666667, 78.66481783333333], [16.874891833333333, 78.66481900000001], [16.874900500000003, 78.66481999999999], [16.874909166666665, 78.66482116666666], [16.874917999999997, 78.66482216666667], [16.874926666666667, 78.66482316666666], [16.874935333333333, 78.66482416666666], [16.874944000000003, 78.66482516666666], [16.874952833333335, 78.66482616666667], [16.87496133333333, 78.66482716666665], [16.874969833333335, 78.66482816666667], [16.874978333333335, 78.66482916666668], [16.874986999999997, 78.66483033333334], [16.874995666666667, 78.66483133333332], [16.875004, 78.66483233333334], [16.875012666666667, 78.66483333333333], [16.875021166666667, 78.66483433333333], [16.875029833333333, 78.66483533333333], [16.875038500000002, 78.6648365], [16.875047, 78.6648375], [16.8750555, 78.66483866666667], [16.875064000000002, 78.66483966666667], [16.875072499999998, 78.66484066666666], [16.875080833333335, 78.66484183333334], [16.8750895, 78.66484283333332], [16.87509783333333, 78.66484383333334], [16.875106333333335, 78.66484483333333], [16.875114833333335, 78.66484583333333], [16.87512333333333, 78.66484683333333], [16.875131666666668, 78.66484783333334], [16.875140166666664, 78.66484883333332], [16.875148833333334, 78.66484999999999], [16.875157333333334, 78.66485083333333], [16.87516583333333, 78.66485200000001], [16.8751745, 78.664853], [16.875183166666666, 78.664854], [16.875192000000002, 78.66485516666667], [16.875200500000002, 78.66485616666667], [16.875209166666664, 78.66485733333334], [16.875217833333334, 78.66485833333333], [16.875226333333334, 78.66485933333334], [16.875235, 78.66486033333334], [16.8752435, 78.6648615], [16.875252, 78.6648625], [16.875260500000003, 78.6648635], [16.875269, 78.66486466666667], [16.8752775, 78.66486566666667], [16.875286000000003, 78.66486666666667], [16.875294333333333, 78.66486766666667], [16.875302833333333, 78.66486866666668], [16.875311333333332, 78.66486983333333], [16.875319833333332, 78.66487083333332], [16.875328333333336, 78.66487183333334], [16.875336666666666, 78.66487283333332], [16.875345166666666, 78.66487383333333], [16.875353500000003, 78.66487483333334], [16.875362, 78.66487583333333], [16.875370333333333, 78.66487683333334], [16.875378666666666, 78.66487783333334], [16.875387166666666, 78.66487883333333], [16.8753955, 78.66487983333333], [16.875404166666666, 78.66488083333334], [16.8754125, 78.66488183333333], [16.875421, 78.66488283333334], [16.8754295, 78.66488383333333], [16.875437833333333, 78.66488483333333], [16.875446166666666, 78.66488583333333], [16.8754545, 78.66488666666667], [16.875463, 78.66488766666666], [16.875471166666667, 78.66488866666667], [16.87547933333333, 78.66488983333333], [16.875487666666668, 78.66489083333333], [16.875496166666668, 78.66489183333333], [16.875504666666664, 78.66489283333334], [16.875513, 78.66489383333332], [16.875521499999998, 78.66489483333334], [16.875529833333335, 78.664896], [16.87553816666667, 78.66489700000001], [16.8755465, 78.664898], [16.87555466666667, 78.664899], [16.875562833333333, 78.66490016666667], [16.875570999999997, 78.66490116666667], [16.875579333333334, 78.66490216666666], [16.875587666666668, 78.66490316666666], [16.875595999999998, 78.66490416666667], [16.8756045, 78.66490533333334], [16.87561283333333, 78.66490633333333], [16.875621333333335, 78.66490733333333], [16.87562966666667, 78.66490833333334], [16.875638166666665, 78.66490933333333], [16.87564666666667, 78.66491049999999], [16.875655166666665, 78.6649115], [16.875663666666664, 78.6649125], [16.875672166666668, 78.66491366666668], [16.875680499999998, 78.66491466666666], [16.87568866666667, 78.66491566666667], [16.875697, 78.66491683333334], [16.875705166666666, 78.66491783333332], [16.8757135, 78.664919], [16.875721833333333, 78.66492], [16.875730333333333, 78.664921], [16.8757385, 78.66492216666667], [16.875747, 78.66492316666667], [16.875755333333334, 78.66492433333333], [16.875763666666668, 78.66492533333333], [16.875771999999998, 78.66492633333334], [16.8757805, 78.6649275], [16.875788833333335, 78.6649285], [16.875797499999997, 78.6649295], [16.875806, 78.66493066666666], [16.8758145, 78.66493166666667], [16.875823, 78.66493266666666], [16.875831333333334, 78.66493366666667], [16.875839499999998, 78.66493483333333], [16.875848, 78.66493583333333], [16.875856333333335, 78.66493683333333], [16.87586483333333, 78.66493799999999], [16.87587316666667, 78.664939], [16.875881666666665, 78.66493999999999], [16.875890000000002, 78.66494116666667], [16.875898666666668, 78.66494216666666], [16.875907166666664, 78.66494333333334], [16.875915666666668, 78.66494433333334], [16.875924166666668, 78.6649455], [16.875932499999998, 78.6649465], [16.875941, 78.66494766666666], [16.87594933333333, 78.66494866666667], [16.875957500000002, 78.66494966666667], [16.875965666666666, 78.66495066666667], [16.875973833333333, 78.66495166666667], [16.875982166666667, 78.66495266666668], [16.875990333333334, 78.66495383333333], [16.875998666666664, 78.66495483333333], [16.876007, 78.66495583333334], [16.8760155, 78.664957], [16.876024166666664, 78.664958], [16.876032666666667, 78.66495916666666], [16.876041166666667, 78.66496016666666], [16.876049666666667, 78.66496116666667], [16.876058166666667, 78.66496233333334], [16.876066666666667, 78.66496333333333], [16.876075166666666, 78.66496433333333], [16.876083833333333, 78.66496533333334], [16.876092333333336, 78.66496633333333], [16.876100833333332, 78.66496733333334], [16.8761095, 78.66496833333333], [16.876118166666668, 78.66496950000001], [16.876126666666668, 78.6649705], [16.87613533333333, 78.66497150000001], [16.876143833333334, 78.66497266666667], [16.876152166666667, 78.66497366666667], [16.876160666666667, 78.66497466666667], [16.876169, 78.66497583333333], [16.876177166666665, 78.66497683333334], [16.876185500000002, 78.66497783333332], [16.876193833333332, 78.66497899999999], [16.87620233333333, 78.66498], [16.87621066666667, 78.664981], [16.876219166666665, 78.664982], [16.87622766666667, 78.66498316666666], [16.87623616666667, 78.66498416666667], [16.8762445, 78.66498533333333], [16.876253166666668, 78.66498633333335], [16.8762615, 78.66498733333333], [16.876269833333332, 78.66498849999999], [16.876278333333335, 78.6649895], [16.876286666666665, 78.6649905], [16.876295000000002, 78.66499166666668], [16.87630366666667, 78.66499266666666], [16.876312166666665, 78.66499366666667], [16.87632066666667, 78.66499466666667], [16.876329333333334, 78.66499583333332], [16.876337999999997, 78.66499683333333], [16.8763465, 78.66499783333333], [16.876354833333334, 78.66499883333333], [16.876363333333334, 78.66499999999999], [16.876371666666667, 78.665001], [16.876379999999997, 78.66500216666667], [16.876388333333335, 78.66500316666666], [16.876396833333335, 78.66500416666666], [16.87640533333333, 78.66500516666666], [16.876413666666668, 78.66500616666667], [16.876422166666668, 78.66500733333334], [16.876430666666668, 78.66500833333333], [16.8764395, 78.66500933333333], [16.876448333333332, 78.66501033333334], [16.876456833333336, 78.6650115], [16.8764655, 78.6650125], [16.87647433333333, 78.6650135], [16.876483, 78.66501466666666], [16.876491666666666, 78.66501566666668], [16.876500166666666, 78.66501666666666], [16.876508666666666, 78.66501783333334], [16.876517166666666, 78.66501883333333], [16.876525666666666, 78.66502], [16.876534, 78.66502116666668], [16.876542500000003, 78.66502216666666], [16.876551, 78.66502316666667], [16.8765595, 78.66502433333333], [16.87656816666667, 78.66502533333333], [16.876576833333335, 78.66502650000001], [16.87658533333333, 78.6650275], [16.876594166666667, 78.6650285], [16.876602833333333, 78.66502966666667], [16.876611333333337, 78.66503083333333], [16.876619833333333, 78.66503183333333], [16.876628166666666, 78.665033], [16.876636666666666, 78.66503416666666], [16.876645166666666, 78.66503516666667], [16.8766535, 78.66503633333333], [16.876661833333333, 78.66503733333334], [16.876670333333333, 78.66503833333333], [16.876678833333337, 78.66503949999999], [16.876687333333333, 78.6650405], [16.876696166666665, 78.6650415], [16.87670466666667, 78.66504266666668], [16.8767135, 78.66504366666666], [16.87672233333333, 78.66504483333333], [16.876731, 78.66504583333334], [16.876739833333332, 78.66504683333332], [16.8767485, 78.665048], [16.876757166666668, 78.665049], [16.876765499999998, 78.66505016666666], [16.876774, 78.66505116666667], [16.876782166666665, 78.66505233333334], [16.87679066666667, 78.66505333333333], [16.876799000000002, 78.66505433333333], [16.876807666666664, 78.66505550000001], [16.876816, 78.6650565], [16.876824666666668, 78.6650575], [16.87683333333333, 78.66505866666667], [16.876841833333334, 78.66505966666666], [16.876850333333334, 78.66506066666668], [16.876858666666667, 78.66506183333333], [16.876867166666667, 78.66506283333334], [16.8768755, 78.66506383333333], [16.876884, 78.66506483333333], [16.876892333333334, 78.665066], [16.87690083333333, 78.665067], [16.876909333333334, 78.66506816666667], [16.876917666666667, 78.66506916666667], [16.876925833333335, 78.66507016666667], [16.87693416666667, 78.66507133333333], [16.876942666666665, 78.66507233333333], [16.876951333333334, 78.6650735], [16.876959833333334, 78.6650745], [16.876968666666667, 78.6650755], [16.8769775, 78.66507666666666], [16.876985833333332, 78.66507766666668], [16.87699466666667, 78.66507866666667], [16.877003, 78.66507966666667], [16.8770115, 78.66508066666667], [16.877019833333335, 78.66508183333333], [16.877028166666665, 78.66508283333333], [16.877036666666665, 78.66508383333333], [16.87704516666667, 78.66508483333334], [16.87705383333333, 78.66508583333332], [16.8770625, 78.66508683333333], [16.877071333333333, 78.665088], [16.877079833333333, 78.66508900000001], [16.87708866666667, 78.66508999999999], [16.87709733333333, 78.665091], [16.877106166666668, 78.665092], [16.877114666666667, 78.665093], [16.877123333333333, 78.665094], [16.877131666666667, 78.66509500000001], [16.877140333333333, 78.66509599999999], [16.877149, 78.665097], [16.87715766666667, 78.665098], [16.87716633333333, 78.665099], [16.877174833333335, 78.6651], [16.8771835, 78.66510116666667], [16.877192166666667, 78.66510216666667], [16.877200833333333, 78.66510316666667], [16.877209166666667, 78.66510416666667], [16.87721733333333, 78.66510516666668], [16.877225833333334, 78.66510616666666], [16.877234333333334, 78.66510733333332], [16.877242833333334, 78.66510833333334], [16.877251333333334, 78.66510933333333], [16.877259666666664, 78.66511033333333], [16.877268166666667, 78.6651115], [16.877276666666667, 78.6651125], [16.877285333333337, 78.6651135], [16.877293833333333, 78.6651145], [16.877302166666666, 78.66511566666667], [16.877310666666666, 78.66511666666666], [16.877319166666666, 78.66511766666666], [16.877327833333332, 78.66511866666666], [16.877336333333336, 78.66511983333334], [16.877344833333332, 78.66512083333333], [16.8773535, 78.66512200000001], [16.877362333333334, 78.665123], [16.877370833333334, 78.665124], [16.8773795, 78.66512516666667], [16.877388, 78.66512616666667], [16.8773965, 78.66512716666666], [16.877405, 78.66512833333333], [16.8774135, 78.66512933333334], [16.877421833333337, 78.66513033333334], [16.87743, 78.6651315], [16.877437999999998, 78.66513283333333], [16.877445666666667, 78.66513400000001], [16.877453166666665, 78.66513549999999], [16.877460499999998, 78.665137], [16.877467333333335, 78.6651385], [16.877474166666666, 78.66514016666666], [16.877480166666665, 78.66514183333334], [16.877485999999998, 78.66514366666667], [16.877491666666668, 78.66514550000001], [16.877496666666666, 78.66514733333334], [16.877501166666665, 78.66514916666667], [16.877505166666666, 78.665151], [16.877508499999998, 78.66515283333334], [16.877511166666668, 78.66515466666667], [16.877512333333335, 78.66515666666666], [16.877513333333333, 78.66515866666667], [16.877513333333333, 78.66516066666667], [16.877513166666667, 78.6651625], [16.8775125, 78.6651645], [16.8775115, 78.6651665], [16.87751033333333, 78.66516866666666], [16.87750883333333, 78.66517066666667], [16.87750683333333, 78.66517266666666], [16.877504666666667, 78.66517466666666], [16.877502166666666, 78.66517683333333], [16.877499166666666, 78.66517866666666], [16.877496166666667, 78.66518066666666], [16.877492833333335, 78.6651825], [16.877489333333333, 78.6651845], [16.877486166666664, 78.66518616666667], [16.877482999999998, 78.665188], [16.877479666666666, 78.66518966666666], [16.877476166666668, 78.6651915], [16.8774725, 78.66519316666667], [16.877468833333335, 78.66519483333333], [16.87746483333333, 78.66519666666666], [16.877460666666664, 78.66519833333334], [16.877456333333335, 78.6652], [16.8774515, 78.66520166666666], [16.877446833333334, 78.66520333333332], [16.877441666666666, 78.66520483333333], [16.877436333333332, 78.66520650000001], [16.877430666666665, 78.66520799999999], [16.87742516666667, 78.6652095], [16.877419166666666, 78.665211], [16.877413, 78.66521250000001], [16.877407, 78.665214], [16.877400833333336, 78.66521533333334], [16.87739433333333, 78.66521683333333], [16.877387666666667, 78.66521816666666], [16.877380833333333, 78.66521949999999], [16.877374333333332, 78.66522083333332], [16.8773675, 78.66522216666667], [16.877360833333334, 78.6652235], [16.877353833333334, 78.66522483333333], [16.877346666666664, 78.665226], [16.8773395, 78.66522716666667], [16.8773325, 78.66522833333333], [16.87732533333333, 78.6652295], [16.877318166666665, 78.66523066666667], [16.877310666666666, 78.66523166666666], [16.877303166666664, 78.66523283333332], [16.877295666666665, 78.66523383333333], [16.877288333333336, 78.665235], [16.877280666666664, 78.66523600000001], [16.877273, 78.66523716666667], [16.877265333333334, 78.66523816666667], [16.877257666666665, 78.66523916666667], [16.87725, 78.66524016666668], [16.877242333333335, 78.66524116666666], [16.8772345, 78.66524216666667], [16.8772265, 78.66524316666667], [16.877218333333335, 78.66524416666667], [16.877210166666668, 78.66524516666666], [16.877201833333334, 78.66524616666668], [16.87719333333333, 78.66524716666666], [16.87718466666667, 78.66524833333332], [16.877175833333336, 78.66524933333334], [16.877166833333334, 78.6652505], [16.877158, 78.66525150000001], [16.877149333333332, 78.66525266666666], [16.877140333333333, 78.66525383333332], [16.877131333333335, 78.66525483333334], [16.877122, 78.665256], [16.87711266666667, 78.66525716666666], [16.877103666666667, 78.66525816666667], [16.877094666666668, 78.66525933333334], [16.87708566666667, 78.6652605], [16.877076666666667, 78.6652615], [16.8770675, 78.66526266666666], [16.877058666666667, 78.66526366666668], [16.87705, 78.66526483333334], [16.877041166666668, 78.665266], [16.877032, 78.665267], [16.877022833333335, 78.665268], [16.877014, 78.66526916666666], [16.877005166666667, 78.66527016666667], [16.876996000000002, 78.66527133333334], [16.876986833333333, 78.6652725], [16.87697766666667, 78.6652735], [16.876968666666667, 78.66527466666666], [16.876959666666668, 78.66527566666667], [16.87695066666667, 78.66527683333334], [16.876941833333333, 78.665278], [16.876932833333335, 78.665279], [16.876923833333333, 78.66528], [16.876914666666668, 78.66528116666667], [16.876906, 78.66528216666667], [16.876897166666666, 78.66528333333333], [16.876888333333333, 78.66528450000001], [16.87687933333333, 78.6652855], [16.876870333333333, 78.66528666666666], [16.876861666666667, 78.66528766666667], [16.876853, 78.66528883333334], [16.876844166666668, 78.66529], [16.876835500000002, 78.665291], [16.876827, 78.66529216666666], [16.876818333333333, 78.66529333333332], [16.876809666666666, 78.66529433333334], [16.876800833333334, 78.6652955], [16.876792000000002, 78.66529666666666], [16.876783, 78.66529766666666], [16.876774166666667, 78.66529883333332], [16.87676533333333, 78.66529999999999], [16.87675683333333, 78.66530116666667], [16.87674816666667, 78.66530233333333], [16.8767395, 78.6653035], [16.876731166666666, 78.6653045], [16.87672266666667, 78.66530566666667], [16.876714166666666, 78.66530683333333], [16.876705833333332, 78.66530800000001], [16.8766975, 78.66530933333334], [16.876689166666665, 78.66531033333334], [16.876680500000003, 78.66531166666667], [16.876672166666665, 78.66531283333333], [16.876663833333335, 78.66531400000001], [16.876655000000003, 78.66531533333334], [16.876646333333333, 78.6653165], [16.876638, 78.66531766666667], [16.8766295, 78.66531883333333], [16.876621, 78.66532016666666], [16.876612333333334, 78.66532133333334], [16.876604166666667, 78.6653225], [16.876596, 78.66532366666667], [16.87658766666667, 78.66532483333334], [16.876579, 78.66532600000001], [16.8765705, 78.66532733333334], [16.876561833333334, 78.6653285], [16.8765535, 78.66532966666666], [16.876544833333334, 78.66533083333334], [16.876536333333334, 78.66533216666667], [16.876528, 78.66533333333334], [16.876519666666663, 78.6653345], [16.876511166666667, 78.66533566666666], [16.8765025, 78.665337], [16.876494166666664, 78.66533816666667], [16.876486166666666, 78.6653395], [16.876478000000002, 78.66534066666667], [16.8764695, 78.66534183333333], [16.876461166666665, 78.66534316666666], [16.876453, 78.66534433333332], [16.876445, 78.6653455], [16.876436666666667, 78.66534683333333], [16.876428333333333, 78.665348], [16.87642, 78.66534933333334], [16.8764115, 78.6653505], [16.8764035, 78.66535183333333], [16.876395333333335, 78.66535300000001], [16.876387, 78.66535433333334], [16.876378666666668, 78.6653555], [16.8763705, 78.66535683333333], [16.876362333333336, 78.665358], [16.876354, 78.66535916666666], [16.8763455, 78.66536049999999], [16.876337333333332, 78.66536166666667], [16.876329, 78.665363], [16.876320500000002, 78.66536416666666], [16.876312, 78.66536533333333], [16.87630366666667, 78.66536666666666], [16.876295666666667, 78.66536783333332], [16.876287666666666, 78.665369], [16.87627966666667, 78.66537016666666], [16.87627133333333, 78.6653715], [16.876263333333334, 78.66537266666666], [16.8762555, 78.66537383333333], [16.876247666666664, 78.665375], [16.8762395, 78.66537633333334], [16.876231333333333, 78.6653775], [16.876223333333332, 78.6653785], [16.876215333333334, 78.66537966666667], [16.876207333333333, 78.665381], [16.876199, 78.66538216666666], [16.876191, 78.66538333333332], [16.876183166666667, 78.6653845], [16.876175, 78.66538583333333], [16.876167000000002, 78.665387], [16.876158999999998, 78.66538816666666], [16.876151, 78.66538933333332], [16.876143000000003, 78.6653905], [16.87613483333333, 78.66539183333333], [16.876126833333334, 78.66539316666668], [16.876118666666667, 78.66539433333334], [16.8761105, 78.6653955], [16.876102333333332, 78.66539683333333], [16.876094166666668, 78.66539800000001], [16.876086, 78.66539916666667], [16.876077666666667, 78.66540033333334], [16.87606933333333, 78.66540166666667], [16.876061166666666, 78.66540283333333], [16.876053000000002, 78.66540400000001], [16.876044666666665, 78.66540516666667], [16.8760365, 78.6654065], [16.876028166666668, 78.66540766666667], [16.87602, 78.66540883333333], [16.876011666666667, 78.66541000000001], [16.876003333333333, 78.66541116666667], [16.875995666666665, 78.6654125], [16.875987833333333, 78.66541366666667], [16.875979833333336, 78.66541483333334], [16.875972, 78.66541600000001], [16.875964166666666, 78.66541733333334], [16.87595633333333, 78.6654185], [16.8759485, 78.66541966666666], [16.875940500000002, 78.66542083333334], [16.87593233333333, 78.66542216666667], [16.875924333333334, 78.66542333333334], [16.875916500000002, 78.6654245], [16.875908666666664, 78.66542583333333], [16.875901, 78.665427], [16.875893333333334, 78.66542816666667], [16.875885333333333, 78.66542933333334], [16.8758775, 78.6654305], [16.875869666666667, 78.66543183333333], [16.87586183333333, 78.665433], [16.875854166666667, 78.66543433333332], [16.875846333333335, 78.6654355], [16.875838166666664, 78.66543683333333], [16.8758305, 78.665438], [16.875822833333334, 78.66543933333334], [16.875815166666666, 78.6654405], [16.875807333333334, 78.66544166666667], [16.875799500000003, 78.66544300000001], [16.875791666666665, 78.66544416666667], [16.875784, 78.66544533333334], [16.875776, 78.6654465], [16.875768, 78.66544783333333], [16.875760166666666, 78.66544900000001], [16.87575233333333, 78.66545033333334], [16.875744333333333, 78.6654515], [16.875736500000002, 78.66545266666667], [16.875728833333334, 78.665454], [16.875721166666665, 78.66545516666666], [16.875713333333334, 78.66545649999999], [16.875705666666665, 78.66545766666667], [16.875698, 78.66545883333333], [16.87569016666667, 78.66546016666666], [16.875682333333334, 78.6654615], [16.8756745, 78.66546266666666], [16.8756665, 78.66546383333333], [16.875658666666666, 78.66546516666668], [16.875651, 78.66546633333334], [16.87564316666667, 78.6654675], [16.875635, 78.66546866666665], [16.875627, 78.66547], [16.875619333333336, 78.66547116666668], [16.87561133333333, 78.6654725], [16.875603333333334, 78.66547366666667], [16.875595666666666, 78.66547483333333], [16.875587666666668, 78.665476], [16.87558016666667, 78.66547716666668], [16.87557233333333, 78.66547833333334], [16.875564333333333, 78.66547966666667], [16.875556333333336, 78.66548083333333], [16.87554833333333, 78.66548200000001], [16.875540666666666, 78.66548316666668], [16.875532500000002, 78.6654845], [16.87552433333333, 78.66548566666667], [16.8755165, 78.66548683333333], [16.875508500000002, 78.66548800000001], [16.875500666666667, 78.66548916666667], [16.875492666666666, 78.6654905], [16.875484833333335, 78.66549166666667], [16.875476833333334, 78.665493], [16.875468833333333, 78.66549416666666], [16.875460999999998, 78.66549533333334], [16.875453, 78.6654965], [16.87544516666667, 78.66549783333333], [16.87543733333333, 78.665499], [16.8754295, 78.66550016666666], [16.875421666666668, 78.66550133333334], [16.875413666666667, 78.6655025], [16.875405833333332, 78.66550383333333], [16.875398, 78.665505], [16.87539, 78.66550616666667], [16.875382166666668, 78.66550733333334], [16.875374166666667, 78.66550866666667], [16.875366333333332, 78.66550983333333], [16.875358666666667, 78.665511], [16.875351000000002, 78.66551216666667], [16.875343166666667, 78.6655135], [16.875335333333332, 78.66551466666667], [16.8753275, 78.66551583333333], [16.875319333333334, 78.66551716666666], [16.875311166666666, 78.66551833333332], [16.875303, 78.66551966666665], [16.875295166666668, 78.66552083333333], [16.875287166666666, 78.665522], [16.875279166666665, 78.66552316666666], [16.875271166666668, 78.6655245], [16.875263166666667, 78.66552566666665], [16.87525533333333, 78.66552683333333], [16.8752475, 78.665528], [16.87523966666667, 78.66552933333334], [16.87523183333333, 78.6655305], [16.875224166666666, 78.66553166666667], [16.8752165, 78.66553283333333], [16.875208666666666, 78.66553416666667], [16.875201, 78.66553533333334], [16.87519316666667, 78.66553666666667], [16.87518533333333, 78.66553783333333], [16.875177333333333, 78.66553916666666], [16.875169333333336, 78.66554033333334], [16.8751615, 78.6655415], [16.8751535, 78.66554283333333], [16.8751455, 78.665544], [16.875137666666667, 78.66554516666666], [16.875130000000002, 78.66554633333334], [16.875121999999998, 78.66554766666667], [16.875114333333332, 78.66554883333333], [16.875106666666667, 78.66555], [16.875099, 78.66555116666667], [16.875091166666667, 78.66555233333334], [16.875083500000002, 78.66555366666667], [16.875075666666664, 78.66555483333333], [16.875068, 78.665556], [16.875060166666668, 78.66555733333333], [16.875052333333333, 78.6655585], [16.875044666666668, 78.66555966666667], [16.875036833333336, 78.66556083333333], [16.875028999999998, 78.66556216666666], [16.875021, 78.66556333333332], [16.87501316666667, 78.6655645], [16.875005333333334, 78.66556566666667], [16.8749975, 78.665567], [16.8749895, 78.66556816666666], [16.874981666666667, 78.6655695], [16.874973833333335, 78.66557066666665], [16.874965999999997, 78.66557183333333], [16.874958333333332, 78.66557316666668], [16.8749505, 78.66557433333334], [16.874942833333332, 78.66557566666667], [16.874934833333334, 78.66557683333333], [16.874927166666666, 78.66557800000001], [16.874919, 78.66557916666667], [16.874911166666667, 78.6655805], [16.874903333333336, 78.66558166666667], [16.87489533333333, 78.665583], [16.874887333333334, 78.66558416666666], [16.874879500000002, 78.66558533333334], [16.874872, 78.6655865], [16.874864, 78.66558783333333], [16.874856, 78.665589], [16.874848166666666, 78.66559016666666], [16.87484016666667, 78.66559149999999], [16.874832333333334, 78.66559266666667], [16.874824666666665, 78.665594], [16.8748165, 78.66559516666666], [16.87480866666667, 78.66559633333333], [16.874800666666665, 78.6655975], [16.874792833333334, 78.66559883333333], [16.874785166666666, 78.6656], [16.874776999999998, 78.66560133333334], [16.874769, 78.6656025], [16.874761166666666, 78.66560366666666], [16.874753333333334, 78.66560483333333], [16.874745333333333, 78.66560616666668], [16.874737333333332, 78.66560733333334], [16.874729333333335, 78.6656085], [16.87472166666667, 78.66560983333333], [16.874713666666665, 78.665611], [16.874705833333334, 78.66561233333333], [16.87469766666667, 78.6656135], [16.874689999999998, 78.66561466666667], [16.874682166666666, 78.66561583333333], [16.874674333333335, 78.66561716666666], [16.8746665, 78.66561833333334], [16.87465866666667, 78.6656195], [16.874650999999997, 78.66562083333334], [16.874643, 78.665622], [16.874635166666668, 78.66562333333333], [16.874627333333333, 78.66562449999999], [16.874619666666668, 78.66562583333332], [16.874612, 78.665627], [16.874603999999998, 78.66562833333334], [16.874596166666667, 78.66562966666667], [16.87458816666667, 78.66563083333334], [16.87458033333333, 78.66563216666667], [16.8745725, 78.66563333333333], [16.874564833333334, 78.6656345], [16.874557, 78.66563566666667], [16.874549000000002, 78.665637], [16.874541333333333, 78.66563816666667], [16.8745335, 78.66563933333333], [16.874525666666667, 78.66564066666666], [16.87451766666667, 78.66564183333334], [16.87450983333333, 78.66564316666667], [16.874502333333332, 78.66564433333333], [16.874494333333335, 78.66564566666666], [16.8744865, 78.66564683333333], [16.874478500000002, 78.66564816666667], [16.87447033333333, 78.66564933333333], [16.8744625, 78.6656505], [16.87445466666667, 78.66565166666666], [16.874446666666664, 78.665653], [16.8744385, 78.66565416666667], [16.874430500000003, 78.66565533333333], [16.874422499999998, 78.6656565], [16.8744145, 78.66565783333334], [16.87440666666667, 78.665659], [16.87439883333333, 78.66566033333334], [16.874390833333333, 78.6656615], [16.874383, 78.66566266666668], [16.874375333333333, 78.665664], [16.874367666666668, 78.66566516666667], [16.874359833333333, 78.66566633333333], [16.874352166666664, 78.66566766666666], [16.874344333333333, 78.66566883333333], [16.874336500000002, 78.66567], [16.874329, 78.66567133333334], [16.874321166666668, 78.6656725], [16.874313500000003, 78.66567366666666], [16.8743055, 78.665675], [16.874297666666667, 78.66567616666666], [16.87429, 78.66567733333333], [16.874282166666667, 78.66567866666666], [16.874274333333336, 78.66567983333333], [16.874266499999997, 78.66568116666667], [16.874258833333332, 78.66568233333334], [16.874251, 78.66568366666667], [16.8742435, 78.66568483333334], [16.874236, 78.66568600000001], [16.874228333333335, 78.66568733333334], [16.8742205, 78.6656885], [16.874212666666665, 78.66568983333333], [16.874205166666666, 78.665691], [16.87419733333333, 78.66569233333333], [16.874189333333334, 78.6656935], [16.874181333333336, 78.66569466666667], [16.874173666666664, 78.66569583333333], [16.874165833333333, 78.66569716666666], [16.874158, 78.66569833333332], [16.87415, 78.6656995], [16.874142, 78.66570083333333], [16.874134, 78.665702], [16.874126, 78.66570316666666], [16.874118, 78.66570449999999], [16.87411033333333, 78.66570566666665], [16.874102333333333, 78.66570683333333], [16.8740945, 78.665708], [16.874086666666667, 78.66570933333334], [16.874078833333332, 78.66571049999999], [16.874071333333333, 78.66571166666667], [16.8740635, 78.66571300000001], [16.8740555, 78.66571416666667], [16.8740475, 78.66571533333334], [16.874039999999997, 78.66571649999999], [16.874032333333332, 78.66571766666667], [16.8740245, 78.66571900000001], [16.874016333333334, 78.66572016666667], [16.874008333333332, 78.6657215], [16.8740005, 78.66572266666667], [16.873992833333332, 78.66572383333333], [16.873984833333335, 78.66572516666666], [16.87397716666667, 78.66572633333334], [16.87396933333333, 78.6657275], [16.873961833333333, 78.66572866666667], [16.873954333333334, 78.66573], [16.873946666666665, 78.66573116666667], [16.873939, 78.6657325], [16.87393116666667, 78.6657335], [16.873922999999998, 78.66573466666667], [16.873915, 78.66573566666666], [16.873907, 78.66573666666666], [16.873898666666665, 78.66573766666667], [16.8738905, 78.66573866666666], [16.873882166666665, 78.6657395], [16.873874, 78.66574033333333], [16.873865666666667, 78.665741], [16.873857166666667, 78.66574166666666], [16.873848333333335, 78.66574233333334], [16.873839333333333, 78.66574283333333], [16.873830166666668, 78.66574333333332], [16.87382116666667, 78.66574366666667], [16.87381183333333, 78.66574416666667], [16.873802666666666, 78.66574466666665], [16.87379333333333, 78.665745], [16.873784, 78.66574533333333], [16.873774500000003, 78.66574566666667], [16.87376533333333, 78.66574583333333], [16.873756, 78.66574616666666], [16.873746666666666, 78.66574633333333], [16.873737333333334, 78.66574633333333], [16.873727666666664, 78.66574633333333], [16.8737185, 78.6657465], [16.873709, 78.6657465], [16.873699666666667, 78.66574666666666], [16.873690500000002, 78.66574666666666], [16.873680999999998, 78.66574683333333], [16.873671166666668, 78.66574683333333], [16.873661833333333, 78.66574683333333], [16.8736525, 78.66574683333333], [16.873642833333335, 78.66574683333333], [16.873633166666664, 78.66574666666666], [16.8736235, 78.66574666666666], [16.873614166666666, 78.66574633333333], [16.87360483333333, 78.66574616666666], [16.873595666666667, 78.66574566666667], [16.873586333333332, 78.66574533333333], [16.873577666666666, 78.66574466666665], [16.873569, 78.66574399999999], [16.873560333333334, 78.66574316666667], [16.873552, 78.66574233333334], [16.8735435, 78.66574133333333], [16.873535166666667, 78.66574066666666], [16.873526833333337, 78.66573983333333], [16.8735185, 78.66573916666667], [16.873510333333336, 78.66573833333334], [16.873502, 78.66573749999999], [16.873493666666665, 78.66573666666666], [16.87348516666667, 78.66573583333334], [16.873476166666666, 78.665735], [16.873466833333335, 78.66573433333333], [16.873457499999997, 78.66573366666667], [16.873448666666665, 78.665733], [16.873439666666666, 78.66573216666667], [16.873430499999998, 78.66573149999999], [16.873421166666667, 78.66573066666666], [16.873411833333332, 78.66573], [16.873402333333335, 78.66572933333333], [16.873393833333335, 78.66572849999999], [16.873385166666665, 78.66572766666667], [16.8733765, 78.66572683333334], [16.873367833333337, 78.66572599999999], [16.873359333333333, 78.66572516666666], [16.873350833333333, 78.66572433333334], [16.873342666666666, 78.66572333333333], [16.873334166666666, 78.66572249999999], [16.873325833333336, 78.66572166666667], [16.8733175, 78.66572066666666], [16.873309, 78.66571966666667], [16.873300833333335, 78.66571883333333], [16.873292666666668, 78.66571783333333], [16.8732845, 78.66571683333333], [16.873276333333333, 78.66571583333332], [16.873268333333332, 78.66571483333334], [16.8732605, 78.66571383333333], [16.873252666666666, 78.66571283333333], [16.873244666666668, 78.66571183333333], [16.873236833333333, 78.66571066666667], [16.873229166666665, 78.66570966666667], [16.8732215, 78.6657085], [16.873214, 78.66570733333333], [16.8732065, 78.66570633333335], [16.873198833333333, 78.66570516666667], [16.8731915, 78.665704], [16.873184166666665, 78.66570283333334], [16.873176666666666, 78.66570166666666], [16.873169166666667, 78.6657005], [16.873161666666665, 78.6656995], [16.873154333333332, 78.66569816666667], [16.8731465, 78.665697], [16.8731385, 78.66569583333333], [16.8731305, 78.66569466666667], [16.873122833333333, 78.66569333333334], [16.873115166666665, 78.665692], [16.873107, 78.66569083333334], [16.873098833333334, 78.66568966666667], [16.873090833333332, 78.66568833333334], [16.873082833333335, 78.66568699999999], [16.873074666666664, 78.66568583333333], [16.873066666666666, 78.6656845], [16.873058833333335, 78.66568333333333], [16.873051166666666, 78.665682], [16.873043166666665, 78.66568066666667], [16.873035, 78.6656795], [16.873027, 78.66567816666667], [16.873019, 78.665677], [16.873011333333334, 78.66567566666666], [16.8730035, 78.66567433333333], [16.872995833333334, 78.66567316666666], [16.872988000000003, 78.66567183333333], [16.8729805, 78.66567066666667], [16.872972833333332, 78.66566933333334], [16.872965166666667, 78.66566800000001], [16.872957666666665, 78.66566666666667], [16.872949833333333, 78.66566549999999], [16.872942000000002, 78.66566416666666], [16.872934333333333, 78.66566283333333], [16.872926500000002, 78.66566166666667], [16.872918833333333, 78.66566033333334], [16.872911166666665, 78.665659], [16.872903333333333, 78.66565766666666], [16.872895833333335, 78.66565633333333], [16.872888, 78.66565516666667], [16.872880666666667, 78.66565383333334], [16.87287316666667, 78.66565250000001], [16.872865333333333, 78.66565116666668], [16.87285766666667, 78.66564983333333], [16.872850000000003, 78.6656485], [16.8728425, 78.66564716666667], [16.872834666666666, 78.66564583333334], [16.872827166666664, 78.6656445], [16.8728195, 78.66564316666667], [16.872811833333333, 78.66564199999999], [16.872804166666665, 78.66564066666666], [16.872796666666666, 78.66563933333333], [16.872789333333333, 78.665638], [16.872781999999997, 78.66563666666666], [16.872774333333332, 78.66563533333333], [16.8727665, 78.66563416666666], [16.872759166666665, 78.66563283333333], [16.872751833333332, 78.6656315], [16.8727445, 78.66563016666667], [16.87273683333333, 78.66562883333333], [16.872729, 78.66562766666667], [16.872721333333335, 78.66562633333334], [16.872713666666666, 78.665625], [16.872706, 78.66562366666668], [16.872698, 78.66562233333335], [16.87269, 78.66562116666667], [16.8726825, 78.66561983333332], [16.872674833333335, 78.6656185], [16.872666833333334, 78.66561716666666], [16.872659, 78.66561583333333], [16.872651166666667, 78.66561466666667], [16.872643666666665, 78.66561333333334], [16.872635833333334, 78.665612], [16.872628000000002, 78.66561083333333], [16.872619999999998, 78.6656095], [16.872612, 78.66560816666667], [16.872604333333335, 78.665607], [16.872596666666666, 78.66560566666666], [16.872588666666665, 78.66560433333333], [16.872580833333334, 78.66560299999999], [16.872572833333333, 78.66560166666666], [16.872565166666668, 78.6656005], [16.872557333333337, 78.66559916666667], [16.872549666666664, 78.665598], [16.872542, 78.66559666666667], [16.872534166666664, 78.66559533333334], [16.872526, 78.66559416666668], [16.872518333333336, 78.66559283333332], [16.872510666666667, 78.66559166666666], [16.872502833333332, 78.66559033333333], [16.872495166666667, 78.665589], [16.872487333333332, 78.66558783333333], [16.872479333333334, 78.66558666666667], [16.8724715, 78.66558533333334], [16.872463666666665, 78.66558416666666], [16.872455833333333, 78.665583], [16.872447833333336, 78.66558166666667], [16.872439666666665, 78.6655805], [16.8724315, 78.66557933333334], [16.872423833333336, 78.66557800000001], [16.872416166666667, 78.66557683333333], [16.872408, 78.6655755], [16.872399166666664, 78.66557433333334], [16.872391, 78.66557316666668], [16.8723835, 78.66557200000001], [16.87237533333333, 78.66557066666665], [16.872366833333334, 78.6655695], [16.8723585, 78.66556833333334], [16.872350333333333, 78.66556716666668], [16.872342333333332, 78.665566], [16.872334000000002, 78.66556483333333], [16.872325333333333, 78.66556366666667], [16.872317, 78.66556250000001], [16.872308999999998, 78.66556133333333], [16.872301, 78.66556016666667], [16.872293, 78.665559], [16.872284666666665, 78.66555783333334], [16.872276499999998, 78.66555666666666], [16.8722685, 78.6655555], [16.872260333333333, 78.66555433333333], [16.872252, 78.66555316666667], [16.87224366666667, 78.66555199999999], [16.8722355, 78.66555083333333], [16.8722275, 78.66554966666666], [16.872219500000003, 78.66554850000001], [16.872211333333333, 78.66554716666666], [16.872202833333333, 78.66554599999999], [16.872194999999998, 78.66554483333333], [16.872187166666667, 78.66554366666666], [16.872179333333335, 78.66554233333333], [16.872171166666664, 78.66554116666666], [16.872163333333333, 78.66554], [16.8721555, 78.66553866666666], [16.872147666666667, 78.6655375], [16.8721395, 78.66553633333334], [16.872131500000002, 78.66553516666666], [16.8721235, 78.665534], [16.872115666666666, 78.66553266666666], [16.872107500000002, 78.6655315], [16.872099166666665, 78.66553033333334], [16.872091166666667, 78.665529], [16.872083166666666, 78.66552783333333], [16.87207533333333, 78.66552666666666], [16.872067166666668, 78.66552533333333], [16.872059166666666, 78.66552416666667], [16.87205133333333, 78.66552283333334], [16.8720435, 78.66552166666666], [16.872035333333333, 78.6655205], [16.8720275, 78.66551916666667], [16.872019166666668, 78.665518], [16.872011166666667, 78.66551683333334], [16.872003166666666, 78.66551566666666], [16.871995166666668, 78.6655145], [16.871987166666667, 78.66551316666667], [16.871979, 78.665512], [16.871971166666665, 78.66551083333334], [16.871963166666667, 78.66550966666667], [16.871955166666666, 78.66550833333334], [16.871947166666665, 78.66550716666667], [16.871938833333335, 78.66550600000001], [16.871930666666668, 78.66550483333334], [16.871922333333334, 78.66550366666667], [16.871914333333333, 78.66550233333334], [16.871906333333335, 78.66550116666667], [16.871898333333334, 78.66550000000001], [16.871890166666667, 78.66549866666666], [16.87188216666667, 78.6654975], [16.871874166666665, 78.66549633333334], [16.871866166666667, 78.66549516666667], [16.871858, 78.66549400000001], [16.871849833333332, 78.66549266666667], [16.87184166666667, 78.6654915], [16.87183333333333, 78.66549033333334], [16.871825166666667, 78.66548916666667], [16.871817, 78.66548800000001], [16.871808833333333, 78.66548683333333], [16.871800666666665, 78.6654855], [16.871792666666668, 78.66548433333334], [16.8717845, 78.66548316666668], [16.871776333333333, 78.66548200000001], [16.871768499999998, 78.66548066666665], [16.871760666666667, 78.6654795], [16.871752666666666, 78.66547833333334], [16.8717445, 78.66547716666668], [16.8717365, 78.66547583333333], [16.8717285, 78.66547466666665], [16.8717205, 78.6654735], [16.871712666666667, 78.66547233333334], [16.871704833333336, 78.665471], [16.871696999999998, 78.66546983333333], [16.871689, 78.66546866666665], [16.871681333333335, 78.6654675], [16.871673166666667, 78.66546633333334], [16.871665166666666, 78.665465], [16.871657000000003, 78.66546383333333], [16.871648666666665, 78.66546266666666], [16.8716405, 78.6654615], [16.871632499999997, 78.66546016666666], [16.871624333333333, 78.665459], [16.871616, 78.66545783333332], [16.871608166666665, 78.66545666666666], [16.871599833333335, 78.66545550000001], [16.871591833333333, 78.66545433333334], [16.871583666666666, 78.665453], [16.87157566666667, 78.66545183333332], [16.871567333333335, 78.66545066666666], [16.871559333333334, 78.66544950000001], [16.871551333333333, 78.66544816666666], [16.87154333333333, 78.665447], [16.871535333333334, 78.66544583333332], [16.871527, 78.66544466666666], [16.871518666666667, 78.66544350000001], [16.8715105, 78.66544233333335], [16.871502333333336, 78.66544116666667], [16.871494166666665, 78.66544], [16.871486, 78.66543883333334], [16.871477666666667, 78.66543766666668], [16.8714695, 78.6654365], [16.871461166666666, 78.66543533333333], [16.871452833333333, 78.665434], [16.871444666666665, 78.66543283333334], [16.871436333333335, 78.66543166666666], [16.871428166666664, 78.6654305], [16.871420166666667, 78.66542933333334], [16.871412000000003, 78.66542816666667], [16.871403833333332, 78.665427], [16.87139566666667, 78.66542583333333], [16.871387666666667, 78.66542466666667], [16.871379833333332, 78.6654235], [16.87137166666667, 78.66542233333332], [16.87136333333333, 78.66542116666666], [16.871355333333334, 78.66542], [16.871347166666666, 78.66541883333333], [16.871338833333333, 78.66541766666666], [16.87133083333333, 78.6654165], [16.871323, 78.66541533333334], [16.871315, 78.66541416666668], [16.871306833333332, 78.665413], [16.871298666666668, 78.66541183333334], [16.871290666666667, 78.66541066666667], [16.8712825, 78.66540933333334], [16.871274333333336, 78.66540816666667], [16.871265833333332, 78.665407], [16.871257333333332, 78.66540583333334], [16.87124933333333, 78.66540466666667], [16.871241166666668, 78.6654035], [16.871233166666666, 78.66540233333333], [16.871224833333333, 78.66540116666667], [16.871216666666665, 78.66540016666666], [16.871208666666668, 78.66539883333333], [16.871200666666667, 78.66539766666666], [16.871192333333333, 78.6653965], [16.87118416666667, 78.66539533333334], [16.871175833333332, 78.66539416666666], [16.871168, 78.665393], [16.871159833333333, 78.66539183333333], [16.8711515, 78.66539066666665], [16.871143166666666, 78.66538966666667], [16.871135, 78.6653885], [16.871126833333335, 78.66538716666668], [16.8711185, 78.665386], [16.871109999999998, 78.66538483333333], [16.871101833333334, 78.66538366666667], [16.871093833333337, 78.6653825], [16.871085666666666, 78.66538133333333], [16.871077500000002, 78.66538016666667], [16.871069499999997, 78.665379], [16.871061666666666, 78.66537783333334], [16.87105366666667, 78.66537650000001], [16.871045499999997, 78.6653755], [16.871037333333334, 78.66537433333333], [16.871029333333336, 78.665373], [16.87102133333333, 78.66537183333334], [16.871013333333334, 78.66537066666666], [16.871005166666666, 78.6653695], [16.87099733333333, 78.66536833333333], [16.870989333333334, 78.66536716666666], [16.870981166666663, 78.66536599999999], [16.870973, 78.66536483333333], [16.870964833333336, 78.66536366666666], [16.87095683333333, 78.6653625], [16.870948833333333, 78.66536133333334], [16.8709405, 78.66536016666667], [16.870932166666666, 78.66535916666666], [16.870923833333332, 78.665358], [16.870915500000002, 78.66535683333333], [16.87090733333333, 78.66535566666667], [16.870899333333334, 78.66535449999999], [16.87089116666667, 78.66535333333333], [16.870883, 78.66535216666666], [16.870875166666668, 78.665351], [16.870867166666667, 78.66534983333332], [16.870859166666666, 78.6653485], [16.870851333333334, 78.66534733333333], [16.870843166666667, 78.66534616666667], [16.870835166666666, 78.66534516666667], [16.870827333333335, 78.66534383333332], [16.870819333333333, 78.66534266666666], [16.870811166666666, 78.66534150000001], [16.870802833333336, 78.66534033333333], [16.8707945, 78.66533916666667], [16.870786333333335, 78.665338], [16.870778166666664, 78.66533683333334], [16.870770166666667, 78.66533550000001], [16.87076216666667, 78.6653345], [16.87075433333333, 78.66533333333334], [16.870746333333333, 78.66533216666667], [16.87073816666667, 78.665331], [16.87073033333333, 78.66532983333333], [16.870722333333333, 78.66532883333333], [16.870714333333336, 78.66532766666666], [16.870706166666665, 78.6653265], [16.870698166666667, 78.66532533333334], [16.87069016666667, 78.665324], [16.870682166666665, 78.66532283333332], [16.870674166666667, 78.66532166666666], [16.870666000000003, 78.6653205], [16.870658, 78.66531933333334], [16.870649833333335, 78.66531816666667], [16.87064183333333, 78.665317], [16.870633666666667, 78.66531583333334], [16.87062566666667, 78.66531466666667], [16.870617499999998, 78.6653135], [16.870609666666667, 78.66531233333333], [16.87060166666667, 78.66531116666667], [16.870593666666664, 78.66530983333334], [16.870585666666667, 78.66530866666668], [16.87057766666667, 78.6653075], [16.8705695, 78.66530633333333], [16.870561833333333, 78.66530516666667], [16.870554000000002, 78.665304], [16.870546, 78.66530283333333], [16.870538166666666, 78.6653015], [16.87053033333333, 78.66530033333333], [16.870522666666666, 78.66529916666667], [16.87051466666667, 78.66529799999999], [16.87050633333333, 78.66529683333333], [16.870498333333334, 78.66529566666667], [16.870490500000002, 78.6652945], [16.870482666666664, 78.66529333333332], [16.8704745, 78.66529216666666], [16.870466333333333, 78.665291], [16.87045883333333, 78.66528983333333], [16.870451166666665, 78.66528866666665], [16.870443166666668, 78.66528733333332], [16.870435166666667, 78.66528616666666], [16.870427166666666, 78.665285], [16.8704195, 78.66528383333333], [16.870411666666666, 78.66528266666666], [16.870403833333334, 78.66528133333333], [16.870395833333337, 78.66528016666666], [16.870388, 78.665279], [16.87038, 78.66527783333332], [16.870372166666666, 78.66527666666666], [16.870364166666665, 78.66527533333333], [16.870356, 78.66527416666666], [16.870347666666664, 78.665273], [16.870339666666666, 78.66527183333332], [16.870331833333335, 78.66527066666666], [16.870324, 78.66526950000001], [16.870316166666665, 78.66526833333334], [16.870308166666668, 78.66526716666667], [16.870300166666667, 78.665266], [16.870292333333335, 78.66526483333334], [16.8702845, 78.66526366666668], [16.8702765, 78.6652625], [16.870268666666668, 78.66526133333333], [16.870260833333337, 78.66526016666667], [16.870252999999998, 78.665259], [16.870245166666667, 78.66525783333333], [16.870237499999998, 78.66525666666666], [16.8702295, 78.6652555], [16.870221333333333, 78.66525433333332], [16.870213333333332, 78.66525316666666], [16.870205166666665, 78.66525216666668], [16.870197166666667, 78.665251], [16.870188833333334, 78.66524983333333], [16.870180666666666, 78.66524866666667], [16.87017266666667, 78.6652475], [16.870164666666668, 78.66524633333333], [16.8701565, 78.66524516666666], [16.87014816666667, 78.66524416666667], [16.87014, 78.66524299999999], [16.87013166666667, 78.66524183333333], [16.8701235, 78.66524066666666], [16.8701155, 78.66523950000001], [16.870107166666667, 78.66523833333333], [16.870099, 78.66523716666667], [16.870091, 78.66523600000001], [16.870083, 78.66523483333334], [16.870075, 78.66523366666667], [16.870066833333333, 78.6652325], [16.870058500000003, 78.66523133333334], [16.870050499999998, 78.66523016666666], [16.870042666666667, 78.665229], [16.870034666666665, 78.66522783333333], [16.870026499999998, 78.66522666666667], [16.870018333333334, 78.66522549999999], [16.870010166666667, 78.66522433333333], [16.870002166666666, 78.66522316666666], [16.869994166666668, 78.665222], [16.869985999999997, 78.66522083333332], [16.869977333333335, 78.66521966666666], [16.869969166666667, 78.66521850000001], [16.869961166666666, 78.66521733333335], [16.869953, 78.66521616666667], [16.869944999999998, 78.665215], [16.869937166666666, 78.66521383333334], [16.86992916666667, 78.66521266666668], [16.869920999999998, 78.66521133333335], [16.869913166666667, 78.66521016666667], [16.869905000000003, 78.665209], [16.869896833333332, 78.66520783333334], [16.869888666666668, 78.66520650000001], [16.8698805, 78.66520533333333], [16.8698725, 78.66520416666667], [16.86986466666667, 78.66520283333332], [16.869856833333333, 78.66520166666666], [16.8698485, 78.66520050000001], [16.869840500000002, 78.66519916666667], [16.869832166666665, 78.66519799999999], [16.869824166666668, 78.66519683333333], [16.869816, 78.66519566666666], [16.869807666666667, 78.66519433333333], [16.8697995, 78.66519316666667], [16.869791333333335, 78.66519199999999], [16.8697835, 78.66519083333333], [16.869775333333333, 78.6651895], [16.86976716666667, 78.66518833333333], [16.869759666666667, 78.66518716666666], [16.869752000000002, 78.66518583333333], [16.869744333333333, 78.66518466666666], [16.869736166666666, 78.6651835], [16.869728333333335, 78.66518216666667], [16.86972066666667, 78.665181], [16.869713, 78.66517983333333], [16.869705, 78.6651785], [16.869696833333332, 78.66517733333333], [16.86968883333333, 78.66517616666667], [16.869681166666666, 78.665175], [16.869673166666665, 78.66517383333333], [16.869665, 78.6651725], [16.869657, 78.66517133333333], [16.869648833333333, 78.66517016666667], [16.869640666666665, 78.665169], [16.869632666666668, 78.66516766666668], [16.869624666666667, 78.6651665], [16.8696165, 78.66516533333333], [16.869608500000002, 78.66516416666667], [16.8696005, 78.66516299999999], [16.869592333333333, 78.66516183333333], [16.8695845, 78.66516066666667], [16.869576333333335, 78.6651595], [16.869568166666667, 78.66515833333332], [16.869560166666666, 78.66515716666666], [16.869552, 78.665156], [16.869543833333335, 78.66515483333333], [16.869535499999998, 78.66515366666665], [16.869527333333334, 78.66515266666667], [16.869519333333336, 78.66515150000001], [16.86951133333333, 78.66515033333333], [16.869503166666668, 78.66514916666667], [16.86949483333333, 78.665148], [16.869486833333333, 78.66514699999999], [16.8694785, 78.66514583333333], [16.869470166666666, 78.66514466666666], [16.869461833333332, 78.66514350000001], [16.869453500000002, 78.66514233333334], [16.869445166666665, 78.66514133333334], [16.869436833333335, 78.66514016666666], [16.869428666666668, 78.665139], [16.869420333333334, 78.66513783333333], [16.869412166666667, 78.66513683333332], [16.869403666666663, 78.66513566666666], [16.8693955, 78.66513450000001], [16.869387333333336, 78.66513333333334], [16.869379, 78.66513233333333], [16.86937066666667, 78.66513116666667], [16.86936216666667, 78.66513016666666], [16.869353999999998, 78.665129], [16.869345833333334, 78.66512783333333], [16.86933766666667, 78.66512666666667], [16.869329333333333, 78.6651255], [16.869321, 78.6651245], [16.869313, 78.66512316666667], [16.869304666666668, 78.66512200000001], [16.8692965, 78.66512083333333], [16.869288333333333, 78.66511966666667], [16.869280166666666, 78.6651185], [16.869272333333335, 78.66511733333333], [16.869264166666667, 78.66511616666666], [16.869256, 78.665115], [16.869247833333336, 78.66511399999999], [16.869239666666665, 78.66511283333332], [16.8692315, 78.66511166666666], [16.869223166666664, 78.66511050000001], [16.869214666666668, 78.66510933333333], [16.869206833333333, 78.66510833333334], [16.869198833333332, 78.66510716666667], [16.869190833333334, 78.665106], [16.869182666666667, 78.66510483333333], [16.8691745, 78.66510383333333], [16.8691665, 78.66510266666667], [16.869158333333335, 78.6651015], [16.869149999999998, 78.66510033333334], [16.8691415, 78.66509916666668], [16.86913333333333, 78.66509816666667], [16.869125, 78.665097], [16.869116833333333, 78.66509583333333], [16.869108666666666, 78.66509466666666], [16.869100166666666, 78.6650935], [16.869092166666668, 78.6650925], [16.869084, 78.66509133333334], [16.869075833333333, 78.66509016666667], [16.869067833333336, 78.66508900000001], [16.869059666666665, 78.66508783333333], [16.8690515, 78.66508666666667], [16.86904333333333, 78.6650855], [16.869035333333333, 78.66508433333334], [16.86902716666667, 78.66508316666666], [16.869018666666665, 78.665082], [16.869010833333334, 78.66508083333333], [16.869003000000003, 78.66507966666667], [16.868994999999998, 78.66507849999999], [16.868986833333334, 78.66507733333333], [16.868978833333333, 78.66507616666667], [16.868970833333332, 78.66507483333334], [16.86896266666667, 78.66507366666666], [16.868954666666664, 78.6650725], [16.8689465, 78.66507133333333], [16.86893866666667, 78.66507016666667], [16.868930666666664, 78.66506899999999], [16.868922666666666, 78.66506783333332], [16.868914833333335, 78.66506683333334], [16.86890683333333, 78.66506566666666], [16.868899, 78.6650645], [16.868891, 78.66506333333334], [16.86888283333333, 78.66506216666667], [16.868874833333333, 78.665061], [16.868866833333335, 78.66505983333333], [16.868858833333334, 78.66505866666667], [16.868851, 78.6650575], [16.868842833333336, 78.66505633333333], [16.868834833333334, 78.66505516666666], [16.868826833333333, 78.665054], [16.868819, 78.66505283333332], [16.868811, 78.66505166666667], [16.868802833333334, 78.6650505], [16.8687945, 78.66504933333334], [16.868786833333335, 78.66504816666666], [16.868778666666667, 78.66504683333332], [16.868770333333334, 78.66504566666667], [16.868761833333334, 78.66504450000001], [16.868753833333336, 78.66504333333334], [16.86874583333333, 78.66504216666667], [16.868737833333334, 78.665041], [16.868729499999997, 78.66503983333334], [16.868721666666666, 78.66503866666667], [16.868713833333334, 78.6650375], [16.868705666666663, 78.6650365], [16.868697333333333, 78.66503533333334], [16.868689333333336, 78.66503416666666], [16.86868133333333, 78.665033], [16.868673166666667, 78.66503183333333], [16.868665, 78.6650305], [16.8686565, 78.6650295], [16.8686485, 78.66502816666666], [16.8686405, 78.665027], [16.868632333333334, 78.66502583333333], [16.868624333333333, 78.66502466666667], [16.868616666666664, 78.6650235], [16.868608666666667, 78.66502233333334], [16.868601, 78.66502116666668], [16.868592999999997, 78.66502], [16.868585166666666, 78.66501883333333], [16.868577333333334, 78.66501766666667], [16.8685695, 78.66501650000001], [16.8685615, 78.66501533333333], [16.8685535, 78.665014], [16.868545333333334, 78.66501283333334], [16.868537, 78.66501166666667], [16.868528833333336, 78.66501050000001], [16.86852083333333, 78.66500933333333], [16.868513, 78.66500816666667], [16.868504833333336, 78.665007], [16.8684965, 78.66500583333332], [16.8684885, 78.66500466666666], [16.868480666666667, 78.6650035], [16.8684725, 78.66500233333333], [16.868464333333336, 78.66500116666666], [16.868456166666665, 78.66499999999999], [16.868448, 78.66499883333333], [16.868439833333333, 78.66499766666668], [16.8684315, 78.6649965], [16.8684235, 78.66499533333334], [16.868415666666667, 78.66499416666667], [16.868407666666666, 78.66499300000001], [16.86839966666667, 78.66499183333333], [16.868391499999998, 78.66499066666667], [16.868383166666668, 78.6649895], [16.868375166666667, 78.66498833333334], [16.86836733333333, 78.66498716666666], [16.868359166666668, 78.664986], [16.868351166666667, 78.66498483333334], [16.868343333333332, 78.66498366666666], [16.8683355, 78.66498233333333], [16.868327500000003, 78.66498116666666], [16.868319333333332, 78.66498], [16.8683115, 78.66497883333334], [16.868303500000003, 78.66497766666666], [16.8682955, 78.66497633333333], [16.8682875, 78.66497516666666], [16.868279500000003, 78.664974], [16.8682715, 78.66497283333334], [16.868263666666667, 78.66497166666666], [16.868255833333333, 78.6649705], [16.868247666666665, 78.66496916666667], [16.868239666666668, 78.664968], [16.8682315, 78.66496683333334], [16.868223333333333, 78.66496566666666], [16.868215333333335, 78.6649645], [16.86820733333333, 78.66496333333333], [16.868199166666667, 78.664962], [16.868191000000003, 78.66496083333332], [16.868182833333332, 78.66495966666666], [16.86817466666667, 78.6649585], [16.86816633333333, 78.66495716666667], [16.868158166666667, 78.664956], [16.868150166666666, 78.66495483333333], [16.868142166666665, 78.66495366666666], [16.86813383333333, 78.66495233333333], [16.8681255, 78.66495116666667], [16.868117166666664, 78.66495], [16.868109, 78.66494883333333], [16.868101000000003, 78.6649475], [16.868093, 78.66494633333333], [16.868084833333334, 78.66494516666667], [16.868076666666663, 78.664944], [16.868069, 78.66494283333333], [16.868061, 78.6649415], [16.868053, 78.66494033333333], [16.868044833333332, 78.66493916666667], [16.868037166666667, 78.66493799999999], [16.868029166666666, 78.66493666666666], [16.868021166666665, 78.6649355], [16.868012333333336, 78.66493433333333], [16.868003166666664, 78.66493333333332], [16.867995666666665, 78.664932], [16.867987666666668, 78.66493083333333], [16.867979666666667, 78.6649295], [16.867971166666667, 78.66492833333334], [16.867963, 78.66492716666667], [16.867955333333335, 78.664926], [16.867947333333333, 78.66492466666666], [16.867939, 78.6649235], [16.867930833333332, 78.66492233333334], [16.867922833333335, 78.66492116666667], [16.867915, 78.66492], [16.867907, 78.66491866666667], [16.867898833333335, 78.6649175], [16.867890666666664, 78.66491633333334], [16.867883, 78.66491500000001], [16.867875, 78.66491383333333], [16.867866833333334, 78.66491266666667], [16.8678585, 78.6649115], [16.867850666666666, 78.66491016666667], [16.867843, 78.66490900000001], [16.86783516666667, 78.66490783333333], [16.867827, 78.6649065], [16.867819, 78.66490533333334], [16.867811, 78.66490416666667], [16.867803166666665, 78.66490283333333], [16.867795166666667, 78.66490166666668], [16.86778716666667, 78.6649005], [16.86777933333333, 78.66489916666666], [16.8677715, 78.664898], [16.86776366666667, 78.66489683333333], [16.867755666666667, 78.66489566666668], [16.867747666666666, 78.6648945], [16.86773966666667, 78.66489316666666], [16.867731833333334, 78.664892], [16.867723666666667, 78.66489083333333], [16.86771583333333, 78.66488966666667], [16.867708, 78.6648885], [16.867699833333333, 78.66488716666666], [16.867691833333332, 78.664886], [16.867683833333334, 78.66488483333333], [16.867675833333333, 78.66488366666667], [16.867667833333332, 78.6648825], [16.86765966666667, 78.66488133333334], [16.867651833333333, 78.66488016666668], [16.867643833333332, 78.664879], [16.867635833333335, 78.66487783333334], [16.867627833333334, 78.66487666666667], [16.867619833333332, 78.66487550000001], [16.867612, 78.66487433333333], [16.86760383333333, 78.66487316666667], [16.867596, 78.664872], [16.867588, 78.66487083333332], [16.867579999999997, 78.66486966666666], [16.867572166666665, 78.6648685], [16.867564, 78.66486733333333], [16.867556, 78.66486616666666], [16.867548166666666, 78.66486499999999], [16.867540333333334, 78.66486383333333], [16.867532166666667, 78.66486266666668], [16.867524166666666, 78.6648615], [16.867516166666668, 78.66486033333334], [16.867508, 78.66485916666667], [16.8675, 78.66485800000001], [16.867491833333336, 78.66485683333333], [16.86748383333333, 78.66485566666667], [16.867475833333334, 78.6648545], [16.867467833333333, 78.66485333333334], [16.86746, 78.66485216666666], [16.867451833333334, 78.664851], [16.86744333333333, 78.66484983333334], [16.867435166666667, 78.66484866666666], [16.86742716666667, 78.6648475], [16.867418833333332, 78.66484633333333], [16.867410666666668, 78.66484516666667], [16.867402333333334, 78.66484416666667], [16.867394333333333, 78.664843], [16.867386333333332, 78.66484183333334], [16.86737833333333, 78.66484066666666], [16.867370333333334, 78.6648395], [16.867362500000002, 78.66483833333334], [16.867354499999998, 78.66483716666667], [16.867346166666668, 78.66483616666666], [16.867337833333334, 78.664835], [16.867329666666667, 78.66483383333333], [16.8673215, 78.66483266666667], [16.867313333333335, 78.6648315], [16.867305333333334, 78.66483033333334], [16.867297166666667, 78.66482916666668], [16.867288833333337, 78.664828], [16.867280833333332, 78.66482683333334], [16.867272833333335, 78.66482566666667], [16.867264666666664, 78.6648245], [16.867256666666666, 78.66482333333333], [16.867248500000002, 78.66482216666667], [16.867240499999998, 78.664821], [16.8672325, 78.66481983333333], [16.867224166666666, 78.66481866666666], [16.867215833333333, 78.6648175], [16.8672075, 78.66481633333333], [16.867199833333334, 78.66481516666666], [16.867191833333333, 78.66481399999999], [16.867183666666666, 78.66481283333333], [16.8671755, 78.66481166666668], [16.867167666666667, 78.66481066666667], [16.867159833333336, 78.6648095], [16.867151999999997, 78.66480833333334], [16.8671435, 78.66480716666666], [16.867135333333334, 78.664806], [16.867127, 78.66480466666667], [16.867118833333333, 78.6648035], [16.867110833333335, 78.66480233333333], [16.867102499999998, 78.66480116666666], [16.867094333333334, 78.6648], [16.867085999999997, 78.66479883333334], [16.867078166666666, 78.66479766666666], [16.867070166666668, 78.6647965], [16.867062166666663, 78.66479533333333], [16.867053833333333, 78.66479416666667], [16.86704566666667, 78.66479283333334], [16.8670375, 78.66479166666666], [16.86702916666667, 78.6647905], [16.86702066666667, 78.66478933333333], [16.86701233333333, 78.66478816666667], [16.867004, 78.66478699999999], [16.86699583333333, 78.664786], [16.866987666666667, 78.66478483333334], [16.866979333333333, 78.66478366666666], [16.866971166666666, 78.6647825], [16.866963, 78.66478133333334], [16.866954833333335, 78.66478016666666], [16.866946499999997, 78.664779], [16.866938, 78.66477783333333], [16.866929666666667, 78.66477666666667], [16.866921333333334, 78.66477549999999], [16.866913, 78.66477433333333], [16.866904666666667, 78.66477316666666], [16.8668965, 78.664772], [16.866888333333335, 78.66477083333332], [16.86688, 78.66476966666667], [16.86687166666667, 78.66476850000001], [16.8668635, 78.66476733333334], [16.866855333333334, 78.66476616666667], [16.866847166666666, 78.664765], [16.866839000000002, 78.66476366666667], [16.86683083333333, 78.66476250000001], [16.8668225, 78.66476133333335], [16.866814166666664, 78.66476016666667], [16.866806166666667, 78.664759], [16.866797833333333, 78.66475783333334], [16.866789666666666, 78.66475666666666], [16.866781500000002, 78.6647555], [16.866773333333335, 78.66475433333333], [16.866765333333333, 78.66475316666667], [16.866757166666666, 78.664752], [16.86674916666667, 78.66475083333333], [16.866741333333334, 78.66474966666667], [16.866733500000002, 78.6647485], [16.866725499999998, 78.66474733333332], [16.866717666666666, 78.664746], [16.866709833333335, 78.66474483333333], [16.86670183333333, 78.66474366666667], [16.866694, 78.6647425], [16.866686166666668, 78.66474133333332], [16.866678166666667, 78.66474], [16.86667, 78.66473883333333], [16.866662, 78.66473766666667], [16.866654166666667, 78.66473649999999], [16.866646, 78.66473533333333], [16.866637833333336, 78.66473416666666], [16.866629666666665, 78.664733], [16.866621833333333, 78.66473166666667], [16.866614000000002, 78.66473049999999], [16.866605666666665, 78.66472933333333], [16.866597666666667, 78.66472816666666], [16.8665895, 78.664727], [16.8665815, 78.66472583333332], [16.86657316666667, 78.66472466666667], [16.866565166666664, 78.66472350000001], [16.866557, 78.66472216666666], [16.866548833333333, 78.664721], [16.8665405, 78.66471983333332], [16.866532333333335, 78.66471866666667], [16.8665245, 78.66471750000001], [16.8665165, 78.66471633333335], [16.866508333333336, 78.66471516666667], [16.866500166666665, 78.664714], [16.866492, 78.66471283333334], [16.866484, 78.66471166666666], [16.866476166666665, 78.66471033333333], [16.866468166666667, 78.66470916666667], [16.866459833333334, 78.664708], [16.866451333333334, 78.66470683333334], [16.866443333333333, 78.66470566666666], [16.866435333333335, 78.66470433333333], [16.866427166666664, 78.66470316666667], [16.866418833333334, 78.664702], [16.866410499999997, 78.66470083333334], [16.866402833333332, 78.66469966666666], [16.866394833333334, 78.66469833333333], [16.866387, 78.66469716666667], [16.866379, 78.664696], [16.866371, 78.66469483333334], [16.866363, 78.66469366666666], [16.866354666666666, 78.6646925], [16.866346500000002, 78.66469133333334], [16.866338499999998, 78.66469016666666], [16.86633, 78.66468916666666], [16.866321833333334, 78.664688], [16.866313833333333, 78.66468683333332], [16.866305833333335, 78.66468566666667], [16.86629783333333, 78.6646845], [16.86629, 78.66468333333334], [16.866282, 78.66468216666667], [16.866273666666665, 78.664681], [16.866265666666667, 78.66467983333334], [16.866257833333336, 78.66467866666667], [16.866249999999997, 78.6646775], [16.866241833333333, 78.66467633333333], [16.86623366666667, 78.66467516666667], [16.8662255, 78.664674], [16.866217333333335, 78.66467283333333], [16.866209166666668, 78.6646715], [16.866201166666666, 78.66467033333333], [16.866193333333335, 78.66466916666667], [16.866185166666664, 78.66466799999999], [16.866177, 78.66466683333333], [16.86616916666667, 78.6646655], [16.86616133333333, 78.66466433333333], [16.866153333333333, 78.66466316666667], [16.866145, 78.66466199999999], [16.866136833333332, 78.66466083333333], [16.866129, 78.66465966666667], [16.866121, 78.66465833333334], [16.866113, 78.66465716666667], [16.866105, 78.664656], [16.866097, 78.66465483333333], [16.866089166666665, 78.66465366666667], [16.866081, 78.6646525], [16.86607283333333, 78.66465133333332], [16.866064666666666, 78.66465], [16.866056833333335, 78.66464883333333], [16.866048999999997, 78.66464766666667], [16.866040833333333, 78.66464649999999], [16.86603266666667, 78.66464533333333], [16.86602483333333, 78.66464416666666], [16.8660165, 78.664643], [16.866008500000003, 78.66464183333332], [16.866000333333332, 78.66464066666667], [16.8659925, 78.66463933333333], [16.86598466666667, 78.66463816666666], [16.8659765, 78.664637], [16.865968666666667, 78.66463583333332], [16.865960500000003, 78.66463449999999], [16.865952666666665, 78.66463333333333], [16.865944666666667, 78.66463216666666], [16.8659365, 78.664631], [16.865928166666666, 78.66462983333332], [16.865920333333335, 78.66462866666667], [16.865912666666667, 78.66462750000001], [16.865904666666665, 78.66462633333335], [16.865896666666668, 78.66462516666667], [16.8658885, 78.664624], [16.865880333333333, 78.66462283333334], [16.865872333333336, 78.66462166666666], [16.86586433333333, 78.6646205], [16.865856333333333, 78.66461933333333], [16.86584816666667, 78.66461833333332], [16.865840166666665, 78.66461716666666], [16.865832166666667, 78.664616], [16.865824166666666, 78.66461466666667], [16.865816, 78.6646135], [16.865807833333335, 78.66461233333332], [16.865799499999998, 78.66461133333334], [16.865791333333334, 78.66461], [16.865783500000003, 78.66460883333333], [16.865775666666664, 78.66460766666667], [16.8657675, 78.6646065], [16.865759333333333, 78.66460533333334], [16.8657515, 78.66460416666668], [16.865743833333333, 78.664603], [16.865736000000002, 78.66460183333334], [16.865727833333334, 78.66460066666667], [16.865719833333333, 78.6645995], [16.865711666666666, 78.66459833333333], [16.865703666666665, 78.66459716666667], [16.865695666666667, 78.664596], [16.8656875, 78.66459483333333], [16.8656795, 78.66459366666666], [16.865671333333335, 78.66459233333333], [16.865663166666664, 78.66459116666667], [16.865655, 78.66459016666666], [16.86564716666667, 78.66458883333333], [16.865638999999998, 78.66458766666666], [16.865630666666668, 78.6645865], [16.865622499999997, 78.66458533333333], [16.865614333333333, 78.66458416666666], [16.865606500000002, 78.664583], [16.865598166666665, 78.66458183333334], [16.86559, 78.66458066666668], [16.865581666666667, 78.6645795], [16.865573666666666, 78.66457833333334], [16.8655655, 78.66457716666667], [16.8655575, 78.66457616666666], [16.865549333333334, 78.66457483333333], [16.865541333333333, 78.66457366666667], [16.86553316666667, 78.6645725], [16.865524999999998, 78.66457133333333], [16.865517, 78.66457016666666], [16.865508833333333, 78.664569], [16.8655005, 78.66456783333334], [16.865492333333336, 78.66456666666666], [16.865484166666665, 78.6645655], [16.865476333333334, 78.66456433333333], [16.86546816666667, 78.66456316666667], [16.865459833333333, 78.66456199999999], [16.86545166666667, 78.664561], [16.865443833333334, 78.66455966666668], [16.8654355, 78.66455850000001], [16.865427333333333, 78.66455733333333], [16.865419499999998, 78.66455616666667], [16.865411333333334, 78.66455500000001], [16.865403166666667, 78.664554], [16.865395, 78.66455283333333], [16.865387166666668, 78.66455166666667], [16.865379166666667, 78.66455049999999], [16.865370666666667, 78.66454933333333], [16.8653625, 78.66454816666666], [16.86535416666667, 78.664547], [16.865346166666665, 78.66454583333334], [16.865337833333335, 78.66454466666667], [16.865329166666665, 78.66454350000001], [16.865321166666668, 78.66454233333334], [16.865313166666667, 78.66454116666667], [16.865305333333332, 78.66454], [16.865296833333332, 78.66453883333334], [16.865288500000002, 78.66453783333333], [16.865280499999997, 78.66453666666666], [16.865272666666666, 78.66453533333333], [16.865264333333336, 78.66453416666667], [16.865256, 78.66453299999999], [16.865247833333335, 78.66453183333333], [16.86523983333333, 78.66453066666666], [16.8652315, 78.6645295], [16.865223333333333, 78.66452833333332], [16.865215, 78.66452716666666], [16.865207, 78.664526], [16.865198666666668, 78.66452483333335], [16.86519033333333, 78.66452366666667], [16.865182, 78.6645225], [16.865173833333333, 78.66452133333334], [16.865165666666666, 78.66452016666668], [16.865157500000002, 78.664519], [16.865149166666665, 78.66451783333333], [16.865141, 78.66451666666667], [16.865133166666666, 78.66451550000001], [16.86512533333333, 78.66451433333333], [16.865117166666668, 78.66451316666667], [16.865108833333334, 78.664512], [16.8651005, 78.66451083333332], [16.865092333333333, 78.6645095], [16.86508416666667, 78.66450833333333], [16.865075666666666, 78.66450716666667], [16.865067166666666, 78.664506], [16.865058833333332, 78.66450483333332], [16.865050666666665, 78.66450366666666], [16.8650425, 78.6645025], [16.86503433333333, 78.66450133333333], [16.865026333333333, 78.6645], [16.865018000000003, 78.66449883333333], [16.865009833333332, 78.66449766666666], [16.865001666666668, 78.6644965], [16.8649935, 78.66449533333333], [16.8649855, 78.66449416666666], [16.864977166666666, 78.664493], [16.864969, 78.66449183333334], [16.864961, 78.66449066666668], [16.864952833333334, 78.6644895], [16.8649445, 78.66448816666666], [16.864936333333333, 78.664487], [16.864928000000003, 78.66448583333334], [16.864919999999998, 78.66448466666667], [16.864911833333334, 78.6644835], [16.864904000000003, 78.66448233333334], [16.864895833333332, 78.66448116666668], [16.864887500000002, 78.66448], [16.864879499999997, 78.66447883333333], [16.8648715, 78.66447766666667], [16.864863333333336, 78.6644765], [16.864855166666665, 78.66447533333333], [16.864847, 78.66447416666666], [16.864839, 78.664473], [16.864830833333333, 78.66447183333334], [16.864822666666665, 78.66447066666666], [16.864814666666668, 78.66446933333333], [16.864806666666667, 78.66446816666667], [16.8647985, 78.664467], [16.864790333333335, 78.66446583333332], [16.864782166666664, 78.66446466666666], [16.864774166666667, 78.6644635], [16.864766333333332, 78.66446233333333], [16.864758166666665, 78.66446116666665], [16.864749833333335, 78.66445999999999], [16.864741833333333, 78.66445883333334], [16.8647335, 78.66445766666668], [16.864725333333336, 78.6644565], [16.864717166666665, 78.66445533333334], [16.864708833333335, 78.66445416666667], [16.8647005, 78.66445300000001], [16.864692333333334, 78.66445183333333], [16.864684333333333, 78.66445066666667], [16.864676, 78.6644495], [16.864667833333332, 78.66444833333334], [16.864659666666668, 78.66444716666666], [16.864651666666667, 78.664446], [16.864643666666666, 78.66444483333333], [16.864635333333336, 78.66444366666666], [16.864627166666665, 78.66444249999999], [16.864619, 78.66444133333333], [16.86461116666667, 78.66444016666667], [16.864603166666665, 78.66443899999999], [16.864595, 78.66443783333334], [16.864586999999997, 78.66443683333334], [16.8645785, 78.66443566666666], [16.8645705, 78.6644345], [16.864562499999998, 78.66443333333333], [16.864554333333334, 78.66443216666667], [16.864546166666667, 78.664431], [16.864538166666666, 78.66442983333333], [16.86453016666667, 78.66442866666667], [16.864522333333333, 78.66442733333334], [16.864514333333332, 78.66442616666667], [16.864506333333335, 78.664425], [16.864498166666667, 78.66442383333333], [16.864490166666666, 78.66442266666667], [16.864482, 78.66442149999999], [16.864473999999998, 78.66442033333333], [16.864465833333334, 78.66441916666666], [16.864457833333333, 78.664418], [16.86444983333333, 78.66441666666667], [16.864441666666668, 78.66441549999999], [16.8644335, 78.66441433333333], [16.864425, 78.66441316666666], [16.864417, 78.664412], [16.864409000000002, 78.66441083333333], [16.864401, 78.66440949999999], [16.864392833333333, 78.66440833333333], [16.864384833333336, 78.66440716666666], [16.86437683333333, 78.664406], [16.864368833333334, 78.66440483333334], [16.864360833333333, 78.66440366666667], [16.86435283333333, 78.66440250000001], [16.8643445, 78.66440133333334], [16.86433633333333, 78.66440016666667], [16.864328333333333, 78.66439883333334], [16.8643205, 78.66439766666667], [16.8643125, 78.66439650000001], [16.864304333333333, 78.66439533333333], [16.86429616666667, 78.66439416666667], [16.864288166666665, 78.664393], [16.8642805, 78.66439166666667], [16.864272500000002, 78.66439050000001], [16.86426433333333, 78.66438933333333], [16.8642565, 78.66438816666667], [16.8642485, 78.664387], [16.8642405, 78.66438583333334], [16.8642325, 78.66438466666666], [16.864224333333333, 78.6643835], [16.8642165, 78.66438233333334], [16.864208166666668, 78.66438116666667], [16.864200333333333, 78.66437983333334], [16.8641925, 78.66437866666666], [16.864184333333334, 78.6643775], [16.864176166666667, 78.66437633333334], [16.864168, 78.66437516666666], [16.864160000000002, 78.664374], [16.864151833333334, 78.66437266666667], [16.8641435, 78.6643715], [16.8641355, 78.66437033333334], [16.8641275, 78.66436916666666], [16.864119333333335, 78.66436783333333], [16.864110999999998, 78.66436666666667], [16.864102833333334, 78.6643655], [16.864095000000002, 78.66436433333334], [16.864086999999998, 78.66436316666666], [16.864079, 78.664362], [16.864070833333336, 78.66436083333333], [16.864062833333332, 78.66435966666667], [16.864055, 78.66435849999999], [16.864046833333337, 78.66435733333333], [16.864038666666666, 78.66435616666666], [16.864030833333334, 78.66435499999999], [16.864023, 78.66435383333334], [16.864014833333332, 78.66435266666667], [16.864006833333335, 78.66435150000001], [16.863999, 78.66435033333333], [16.863991166666665, 78.66434916666667], [16.8639835, 78.664348], [16.863975333333332, 78.66434683333334], [16.863967333333335, 78.66434566666666], [16.863959333333334, 78.6643445], [16.863951166666666, 78.66434333333333], [16.863943, 78.66434216666667], [16.863935, 78.664341], [16.863926833333334, 78.66433983333333], [16.863919, 78.66433866666667], [16.863911166666664, 78.6643375], [16.863903166666667, 78.66433633333332], [16.863895333333335, 78.66433516666666], [16.863887166666665, 78.664334], [16.863879, 78.66433283333335], [16.86387116666667, 78.66433166666667], [16.863863, 78.6643305], [16.863854833333335, 78.66432933333334], [16.863846833333334, 78.66432816666666], [16.8638385, 78.66432683333333], [16.8638305, 78.66432549999999], [16.863823, 78.66432416666666], [16.863815166666665, 78.66432266666668], [16.863807, 78.66432116666667], [16.863800333333334, 78.66431949999999], [16.863793666666666, 78.66431800000001], [16.863787333333335, 78.6643165], [16.86378116666667, 78.66431483333334], [16.863774999999997, 78.66431316666667], [16.863769333333334, 78.66431166666666], [16.8637645, 78.66430999999999], [16.8637605, 78.6643085], [16.863756833333333, 78.66430683333333], [16.86375333333333, 78.66430533333333], [16.86375, 78.66430366666667], [16.863747, 78.66430183333334], [16.863744333333333, 78.66430016666666], [16.863742, 78.66429833333333], [16.8637395, 78.6642965], [16.863737, 78.66429466666666], [16.863735666666667, 78.66429283333333], [16.8637345, 78.664291], [16.863733833333335, 78.66428916666668], [16.863733833333335, 78.66428733333333], [16.863734, 78.6642855], [16.863734333333333, 78.66428366666668], [16.863735166666668, 78.66428183333333], [16.863736666666668, 78.66427999999999], [16.863738166666668, 78.66427816666666], [16.863739833333334, 78.66427633333333], [16.863741833333332, 78.66427449999999], [16.863743833333334, 78.66427266666666], [16.86374633333333, 78.66427083333333], [16.863749499999997, 78.664269], [16.863752666666667, 78.66426733333333], [16.863756000000002, 78.66426566666668], [16.863759333333334, 78.66426416666667], [16.86376316666667, 78.66426249999999], [16.863767, 78.664261], [16.863771333333332, 78.66425933333333], [16.86377583333333, 78.66425783333334], [16.8637805, 78.66425633333333], [16.863785333333333, 78.664255], [16.863790333333334, 78.6642535], [16.8637955, 78.66425216666667], [16.863800833333336, 78.66425083333334], [16.8638065, 78.66424950000001], [16.863812166666666, 78.66424816666667], [16.863818499999997, 78.66424666666667], [16.863825000000002, 78.66424516666666], [16.863831666666666, 78.66424383333333], [16.863838333333334, 78.6642425], [16.863845166666668, 78.66424116666667], [16.863852, 78.66423983333334], [16.863858666666665, 78.66423866666668], [16.863865166666667, 78.6642375], [16.863872166666667, 78.66423633333333], [16.863879166666667, 78.66423516666667], [16.8638865, 78.66423400000001], [16.863894000000002, 78.66423283333333], [16.863901333333335, 78.66423166666667], [16.863908499999997, 78.66423066666667], [16.863916, 78.66422949999999], [16.863923333333332, 78.66422833333333], [16.8639305, 78.66422733333334], [16.863938, 78.66422616666667], [16.863945666666666, 78.66422516666667], [16.86395333333333, 78.66422416666666], [16.863961, 78.66422316666667], [16.863968666666665, 78.66422216666666], [16.863976833333332, 78.664221], [16.863984833333333, 78.66421999999999], [16.863992833333334, 78.664219], [16.864000833333332, 78.66421799999999], [16.864009166666666, 78.664217], [16.8640175, 78.664216], [16.864026000000003, 78.664215], [16.8640345, 78.66421399999999], [16.864042833333333, 78.66421283333334], [16.864051166666666, 78.66421183333334], [16.8640595, 78.66421083333333], [16.864067666666664, 78.66420983333335], [16.864075833333334, 78.66420883333333], [16.864083833333332, 78.66420799999999], [16.864091833333337, 78.664207], [16.8641, 78.664206], [16.864107999999998, 78.66420516666668], [16.864116333333335, 78.66420416666666], [16.864124833333335, 78.66420316666667], [16.864133166666665, 78.66420233333334], [16.86414166666667, 78.66420133333332], [16.86415, 78.66420033333334], [16.8641585, 78.6641995], [16.864166833333336, 78.66419850000001], [16.864174833333333, 78.6641975], [16.864183166666667, 78.66419666666667], [16.864191333333334, 78.66419566666667], [16.864199499999998, 78.66419466666666], [16.86420766666667, 78.66419383333333], [16.864215666666666, 78.66419283333333], [16.86422383333333, 78.66419183333333], [16.864232, 78.66419083333334], [16.86424033333333, 78.66418983333332], [16.864248666666665, 78.66418883333334], [16.864257000000002, 78.66418783333333], [16.8642655, 78.66418683333333], [16.864273500000003, 78.664186], [16.864281666666667, 78.664185], [16.86428983333333, 78.66418399999999], [16.864297833333335, 78.66418300000001], [16.864305666666667, 78.664182], [16.864313666666664, 78.66418083333333], [16.86432166666667, 78.66417983333334], [16.864329666666666, 78.66417883333334], [16.864337499999998, 78.66417766666667], [16.864345333333333, 78.66417666666666], [16.8643535, 78.6641755], [16.864361666666664, 78.6641745], [16.864369833333335, 78.6641735], [16.864378166666665, 78.66417233333333], [16.864386333333336, 78.66417116666666], [16.864394833333332, 78.66417016666666], [16.864402833333333, 78.66416899999999], [16.864411, 78.664168], [16.864419, 78.66416683333334], [16.864427166666665, 78.66416583333333], [16.864435166666667, 78.66416466666666], [16.864443166666668, 78.66416366666667], [16.864451166666665, 78.6641625], [16.864459333333333, 78.66416133333334], [16.8644675, 78.66416016666668], [16.864475666666667, 78.66415916666666], [16.864484, 78.664158], [16.864492, 78.66415683333334], [16.8645, 78.66415566666666], [16.864508166666667, 78.66415466666668], [16.864516, 78.66415350000001], [16.864524, 78.66415233333333], [16.864532, 78.66415116666667], [16.864539833333332, 78.66415], [16.864548, 78.66414883333333], [16.864555833333334, 78.66414783333333], [16.86456383333333, 78.6641465], [16.864571833333333, 78.66414533333334], [16.864579666666668, 78.66414416666666], [16.864587333333336, 78.664143], [16.864594833333335, 78.66414183333333], [16.864602666666666, 78.66414066666667], [16.864610333333335, 78.66413949999999], [16.864618, 78.66413833333333], [16.8646255, 78.66413716666666], [16.864633166666668, 78.66413583333333], [16.864640833333333, 78.66413466666667], [16.864648499999998, 78.66413333333334], [16.864656, 78.66413216666666], [16.864663333333333, 78.664131], [16.86467083333333, 78.66412983333333], [16.864678333333334, 78.6641285], [16.864686, 78.66412733333333], [16.86469333333333, 78.66412616666666], [16.864700833333334, 78.664125], [16.864708333333333, 78.66412383333333], [16.86471583333333, 78.66412266666666], [16.8647235, 78.66412133333333], [16.864731166666665, 78.66412016666666], [16.864738833333334, 78.664119], [16.864746500000003, 78.66411766666667], [16.864754166666668, 78.6641165], [16.864761833333333, 78.66411533333333], [16.864769333333335, 78.66411416666666], [16.864776833333334, 78.66411283333333], [16.8647845, 78.66411166666667], [16.864791833333335, 78.6641105], [16.8647995, 78.66410933333333], [16.864807, 78.66410816666667], [16.8648145, 78.664107], [16.864822, 78.66410583333332], [16.864829666666665, 78.66410466666666], [16.864837166666668, 78.6641035], [16.864844833333333, 78.66410216666667], [16.864852499999998, 78.664101], [16.864860166666666, 78.66409983333332], [16.8648675, 78.6640985], [16.864875166666664, 78.66409733333333], [16.8648825, 78.66409616666667], [16.86489, 78.66409483333334], [16.864897499999998, 78.66409366666667], [16.864905, 78.6640925], [16.864912333333333, 78.66409116666667], [16.86491983333333, 78.66409], [16.864927166666668, 78.66408866666667], [16.864934666666667, 78.66408750000001], [16.864941833333333, 78.66408633333334], [16.864949000000003, 78.66408499999999], [16.864956333333335, 78.66408383333334], [16.864963833333334, 78.66408266666667], [16.864971333333337, 78.66408133333333], [16.864978666666666, 78.66408016666666], [16.864986166666665, 78.66407883333333], [16.8649935, 78.66407766666666], [16.865001, 78.6640765], [16.8650085, 78.66407516666666], [16.865015833333334, 78.664074], [16.865023333333333, 78.66407283333334], [16.865030666666666, 78.6640715], [16.865038333333334, 78.66407033333333], [16.865045666666667, 78.664069], [16.865053166666666, 78.66406766666667], [16.865060500000002, 78.6640665], [16.865068166666667, 78.66406516666666], [16.865075666666666, 78.66406383333333], [16.865083333333335, 78.6640625], [16.865090666666667, 78.66406133333334], [16.865098, 78.66406], [16.865105333333336, 78.66405866666668], [16.865112500000002, 78.66405733333333], [16.86511983333333, 78.66405616666665], [16.86512683333333, 78.66405483333332], [16.865134, 78.66405366666666], [16.865141166666668, 78.66405233333333], [16.86514833333333, 78.664051], [16.865155666666666, 78.66404983333334], [16.865163166666665, 78.6640485], [16.865170666666664, 78.66404716666666], [16.865178166666666, 78.66404583333333], [16.865186, 78.6640445], [16.865193666666666, 78.66404333333334], [16.86520116666667, 78.66404200000001], [16.8652085, 78.66404066666668], [16.865216, 78.6640395], [16.865223166666667, 78.66403816666666], [16.865230333333333, 78.66403683333333], [16.8652375, 78.66403566666666], [16.86524466666667, 78.66403433333333], [16.865251999999998, 78.66403316666667], [16.865259499999997, 78.66403183333334], [16.86526716666667, 78.66403050000001], [16.865274666666668, 78.66402933333333], [16.865282333333333, 78.664028], [16.86529, 78.66402683333334], [16.865297666666667, 78.6640255], [16.865305166666666, 78.66402433333333], [16.865312666666668, 78.664023], [16.865319833333334, 78.66402183333334], [16.865326999999997, 78.6640205], [16.865334166666667, 78.66401933333333], [16.8653415, 78.664018], [16.865349, 78.66401683333333], [16.8653565, 78.6640155], [16.865364, 78.66401433333334], [16.8653715, 78.66401300000001], [16.865379, 78.66401166666667], [16.8653865, 78.66401049999999], [16.865393666666666, 78.66400933333333], [16.865401000000002, 78.664008], [16.865408333333335, 78.66400666666667], [16.86541533333333, 78.6640055], [16.865422666666667, 78.66400416666667], [16.865430166666666, 78.66400300000001], [16.8654375, 78.66400166666668], [16.865445, 78.66400033333333], [16.8654525, 78.66399916666666], [16.86546, 78.66399783333333], [16.8654675, 78.66399666666666], [16.865474833333334, 78.66399533333333], [16.865482166666666, 78.66399416666667], [16.86548966666667, 78.66399283333334], [16.865497333333334, 78.66399166666666], [16.865504666666666, 78.66399033333333], [16.86551216666667, 78.663989], [16.865519666666668, 78.66398783333334], [16.865527166666666, 78.66398666666667], [16.86553466666667, 78.66398533333333], [16.865542333333334, 78.66398416666667], [16.8655495, 78.66398283333334], [16.865557000000003, 78.66398166666666], [16.865564333333335, 78.6639805], [16.865571833333334, 78.66397916666666], [16.865579500000003, 78.663978], [16.865587333333334, 78.66397683333334], [16.865595, 78.6639755], [16.865602833333334, 78.66397416666668], [16.865610666666665, 78.66397283333335], [16.865618333333334, 78.66397166666667], [16.86562616666667, 78.6639705], [16.865633666666668, 78.66396933333334], [16.865641166666666, 78.66396800000001], [16.865648500000002, 78.66396683333333], [16.865656, 78.66396566666667], [16.865663333333334, 78.66396433333333], [16.865670666666666, 78.66396316666666], [16.865678, 78.66396200000001], [16.865685499999998, 78.66396066666667], [16.865693, 78.66395933333334], [16.865700666666665, 78.66395816666666], [16.865708166666664, 78.663957], [16.865715666666667, 78.66395583333333], [16.865723166666665, 78.6639545], [16.865730833333334, 78.66395333333334], [16.865738500000003, 78.66395216666666], [16.865746, 78.663951], [16.865753666666667, 78.66394983333333], [16.86576116666667, 78.6639485], [16.865769, 78.66394733333333], [16.86577683333333, 78.663946], [16.8657845, 78.66394466666667], [16.865792, 78.6639435], [16.865799499999998, 78.66394216666666], [16.865806833333334, 78.66394100000001], [16.865814333333333, 78.66393983333334], [16.865821666666665, 78.66393866666667], [16.865829, 78.66393733333332], [16.865836333333334, 78.66393616666666], [16.865843833333333, 78.66393483333333], [16.8658515, 78.66393366666667], [16.865859, 78.66393233333334], [16.865866666666665, 78.663931], [16.865874333333334, 78.66392983333334], [16.865882, 78.66392850000001], [16.865889499999998, 78.66392733333333], [16.865897166666667, 78.66392616666667], [16.865904666666665, 78.66392483333334], [16.865912166666664, 78.66392366666668], [16.8659195, 78.66392233333333], [16.865927166666665, 78.66392116666665], [16.865934666666664, 78.66392], [16.865942500000003, 78.66391866666666], [16.865950166666668, 78.66391733333333], [16.865957666666667, 78.66391616666667], [16.865965333333335, 78.66391483333334], [16.865973, 78.66391366666667], [16.865980666666665, 78.6639125], [16.865988166666668, 78.66391133333333], [16.865995833333333, 78.66391], [16.86600333333333, 78.66390883333334], [16.866011, 78.66390750000001], [16.866018666666665, 78.66390633333334], [16.866026166666664, 78.66390500000001], [16.866033833333333, 78.66390383333334], [16.86604133333333, 78.66390266666667], [16.866048999999997, 78.66390133333333], [16.8660565, 78.66390016666666], [16.866063999999998, 78.66389883333333], [16.866071499999997, 78.66389766666666], [16.8660795, 78.66389633333333], [16.866087333333333, 78.663895], [16.866094999999998, 78.66389383333333], [16.866102666666666, 78.6638925], [16.86611033333333, 78.66389116666666], [16.866117999999997, 78.66389000000001], [16.8661255, 78.66388883333335], [16.86613283333333, 78.6638875], [16.86614033333333, 78.66388633333332], [16.866147833333333, 78.66388516666666], [16.86615533333333, 78.66388383333333], [16.86616283333333, 78.66388266666667], [16.8661705, 78.66388149999999], [16.866178166666668, 78.66388033333332], [16.866185833333336, 78.663879], [16.866193666666668, 78.66387783333333], [16.8662015, 78.66387666666667], [16.866209333333334, 78.66387533333334], [16.866217, 78.66387416666666], [16.866224666666668, 78.66387283333333], [16.866232333333336, 78.6638715], [16.86623966666667, 78.66387033333334], [16.866247166666668, 78.663869], [16.86625466666667, 78.66386783333334], [16.86626216666667, 78.6638665], [16.866269499999998, 78.66386533333333], [16.866277166666666, 78.663864], [16.866284666666665, 78.66386266666667], [16.866292166666664, 78.6638615], [16.866299833333336, 78.66386016666667], [16.866307333333335, 78.663859], [16.866314833333334, 78.66385766666667], [16.866322166666667, 78.66385633333333], [16.8663295, 78.66385516666666], [16.866336999999998, 78.663854], [16.8663445, 78.66385266666666], [16.866352, 78.66385149999999], [16.866359666666664, 78.66385016666666], [16.866367333333336, 78.663849], [16.866375, 78.66384766666667], [16.866382666666667, 78.6638465], [16.866390333333335, 78.66384516666668], [16.866398, 78.663844], [16.8664055, 78.66384266666667], [16.866413, 78.6638415], [16.866420333333334, 78.66384016666666], [16.866427666666667, 78.66383900000001], [16.86643516666667, 78.66383766666667], [16.866442833333334, 78.66383649999999], [16.866450333333333, 78.66383516666666], [16.866457833333335, 78.66383383333333], [16.866465333333334, 78.6638325], [16.866473166666665, 78.66383133333333], [16.866481, 78.66383], [16.866488666666665, 78.66382866666666], [16.866496166666664, 78.66382733333333], [16.866503833333336, 78.66382616666667], [16.8665115, 78.66382483333334], [16.866519166666667, 78.66382366666667], [16.86652666666667, 78.66382233333334], [16.866534166666668, 78.66382116666666], [16.866541666666667, 78.66381983333333], [16.86654916666667, 78.66381849999999], [16.866556666666668, 78.66381733333333], [16.866564166666667, 78.663816], [16.86657166666667, 78.66381466666667], [16.866579166666668, 78.6638135], [16.866586666666667, 78.66381216666667], [16.86659416666667, 78.66381083333334], [16.866602, 78.66380966666667], [16.8666095, 78.66380833333332], [16.866616833333335, 78.66380716666666], [16.866624666666667, 78.66380583333333], [16.866632, 78.6638045], [16.8666395, 78.66380333333333], [16.866646833333334, 78.66380216666667], [16.866654166666667, 78.66380083333334], [16.866661500000003, 78.66379966666666], [16.866668833333332, 78.6637985], [16.86667633333333, 78.66379716666667], [16.866683833333333, 78.663796], [16.866691333333332, 78.66379483333334], [16.866699, 78.66379350000001], [16.86670666666667, 78.66379216666665], [16.866714333333334, 78.663791], [16.866722, 78.66378966666666], [16.866729333333335, 78.6637885], [16.866736833333334, 78.66378733333333], [16.866744333333333, 78.663786], [16.86675166666667, 78.66378483333332], [16.866759000000002, 78.66378366666666], [16.86676633333333, 78.66378233333333], [16.866773666666667, 78.66378116666667], [16.866781166666666, 78.66377983333334], [16.8667885, 78.66377866666667], [16.866796166666667, 78.6637775], [16.8668035, 78.66377616666666], [16.866811166666665, 78.663775], [16.866818833333333, 78.66377366666667], [16.8668265, 78.66377250000001], [16.866834166666667, 78.66377116666666], [16.866841833333336, 78.66376983333333], [16.8668495, 78.66376866666666], [16.866857166666666, 78.66376733333333], [16.866864500000002, 78.66376616666666], [16.866872, 78.66376483333333], [16.866879333333333, 78.66376366666667], [16.866886833333336, 78.66376233333334], [16.866894333333335, 78.66376116666667], [16.866902, 78.66375983333334], [16.866909833333334, 78.6637585], [16.8669175, 78.66375716666667], [16.86692533333333, 78.66375599999999], [16.86693316666667, 78.66375466666666], [16.866941, 78.66375333333333], [16.8669485, 78.66375216666667], [16.866956166666668, 78.66375083333334], [16.866963666666667, 78.66374966666667], [16.866971166666666, 78.66374850000001], [16.866978666666668, 78.66374716666665], [16.866986333333333, 78.663746], [16.866993833333332, 78.66374466666666], [16.8670015, 78.66374333333333], [16.867009333333332, 78.663742], [16.867016999999997, 78.66374066666667], [16.86702466666667, 78.6637395], [16.867032166666668, 78.66373816666666], [16.867039666666667, 78.66373700000001], [16.86704716666667, 78.66373566666667], [16.867054666666668, 78.66373449999999], [16.867062333333333, 78.66373316666666], [16.867069833333336, 78.663732], [16.8670775, 78.66373066666667], [16.867085333333332, 78.6637295], [16.867093, 78.66372816666667], [16.867100833333332, 78.66372700000001], [16.867108499999997, 78.66372566666668], [16.867116333333335, 78.6637245], [16.867124166666667, 78.66372316666666], [16.867132, 78.663722], [16.867139833333333, 78.66372066666666], [16.867147666666664, 78.66371933333333], [16.867155166666667, 78.66371816666667], [16.867162833333335, 78.66371683333334], [16.8671705, 78.66371566666666], [16.867178000000003, 78.66371433333333], [16.8671855, 78.66371316666667], [16.867193, 78.663712], [16.867200500000003, 78.66371066666667], [16.867207833333335, 78.66370950000001], [16.867215333333334, 78.66370816666667], [16.867223000000003, 78.663707], [16.8672305, 78.66370566666666], [16.867238166666667, 78.6637045], [16.86724566666667, 78.66370316666666], [16.867253333333334, 78.663702], [16.867261166666665, 78.66370066666667], [16.867268833333334, 78.66369933333334], [16.8672765, 78.66369816666666], [16.867284166666664, 78.66369683333333], [16.867291666666667, 78.66369566666667], [16.867299333333335, 78.66369433333332], [16.867306833333334, 78.66369316666666], [16.867314500000003, 78.66369200000001], [16.867322, 78.66369066666667], [16.867329666666667, 78.66368933333334], [16.86733716666667, 78.66368816666666], [16.867344666666668, 78.66368683333333], [16.867352166666667, 78.6636855], [16.86735966666667, 78.66368433333334], [16.867367166666668, 78.663683], [16.8673745, 78.66368166666666], [16.867382000000003, 78.6636805], [16.8673895, 78.66367916666667], [16.867397, 78.66367799999999], [16.867404500000003, 78.66367666666666], [16.867411833333332, 78.6636755], [16.8674195, 78.66367416666667], [16.867427000000003, 78.66367283333334], [16.8674345, 78.66367166666667], [16.867442, 78.66367033333333], [16.86744966666667, 78.66366916666666], [16.867457166666668, 78.66366783333334], [16.867464833333333, 78.6636665], [16.867472333333335, 78.66366516666668], [16.867479833333334, 78.663664], [16.867487166666667, 78.66366266666667], [16.86749466666667, 78.6636615], [16.867502166666668, 78.66366016666666], [16.867509666666667, 78.66365900000001], [16.86751716666667, 78.66365766666667], [16.867524500000002, 78.66365649999999], [16.867532, 78.66365516666666], [16.867539500000003, 78.66365383333333], [16.867547166666668, 78.6636525], [16.867554666666667, 78.66365133333333], [16.867562500000002, 78.66365], [16.867570166666667, 78.66364866666666], [16.8675775, 78.6636475], [16.867585166666668, 78.66364616666667], [16.867592833333333, 78.663645], [16.867600333333332, 78.66364366666667], [16.867608, 78.66364233333334], [16.8676155, 78.66364116666666], [16.86762333333333, 78.66363983333333], [16.867631333333335, 78.66363849999999], [16.867639, 78.66363716666666], [16.867646666666666, 78.663636], [16.867654333333334, 78.66363466666667], [16.867661833333333, 78.66363333333334], [16.867669499999998, 78.66363216666667], [16.867677166666667, 78.66363083333334], [16.867684999999998, 78.66362966666667], [16.867692833333333, 78.66362833333332], [16.8677005, 78.66362716666666], [16.867708666666665, 78.66362583333333], [16.867716499999997, 78.66362466666666], [16.8677245, 78.66362333333333], [16.867732333333333, 78.663622], [16.867739833333335, 78.66362083333334], [16.867747666666666, 78.66361950000001], [16.86775533333333, 78.66361816666667], [16.867763, 78.66361683333334], [16.86777066666667, 78.66361566666666], [16.867778333333334, 78.66361433333333], [16.867785833333336, 78.663613], [16.8677935, 78.66361166666667], [16.867801, 78.66361033333332], [16.86780866666667, 78.663609], [16.867816166666667, 78.66360783333333], [16.867823666666666, 78.6636065], [16.867831333333335, 78.66360516666667], [16.867838666666668, 78.663604], [16.867846166666666, 78.66360266666668], [16.86785366666667, 78.66360133333333], [16.867861333333334, 78.66360016666665], [16.867868833333333, 78.66359883333332], [16.8678765, 78.6635975], [16.867884166666666, 78.66359616666666], [16.86789183333333, 78.66359483333333], [16.867899666666666, 78.66359349999999], [16.8679075, 78.66359233333333], [16.867915333333332, 78.663591], [16.867923, 78.66358966666667], [16.867930666666666, 78.66358833333334], [16.867938499999998, 78.663587], [16.867946166666666, 78.66358583333334], [16.867954, 78.6635845], [16.867961833333332, 78.66358316666667], [16.867969666666667, 78.66358183333334], [16.867977666666665, 78.66358066666666], [16.8679855, 78.66357933333333], [16.867993333333335, 78.663578], [16.868001166666666, 78.66357683333334], [16.868008999999997, 78.6635755], [16.868017000000002, 78.66357433333333], [16.868025, 78.663573], [16.868033, 78.66357166666667], [16.868041, 78.6635705], [16.868049, 78.66356916666668], [16.868056833333334, 78.66356783333335], [16.868064666666665, 78.66356666666667], [16.8680725, 78.66356533333332], [16.86808016666667, 78.66356416666666], [16.868087833333334, 78.66356283333333], [16.868095333333333, 78.66356166666667], [16.868103, 78.66356033333334], [16.868110666666666, 78.663559], [16.86811833333333, 78.66355783333333], [16.868125833333334, 78.6635565], [16.868133666666665, 78.66355516666665], [16.86814133333333, 78.66355383333332], [16.868149000000003, 78.66355266666666], [16.868156666666668, 78.66355133333333], [16.8681645, 78.66355], [16.868172166666668, 78.66354883333334], [16.86818, 78.6635475], [16.868187666666664, 78.66354616666666], [16.86819566666667, 78.66354483333333], [16.8682035, 78.66354366666665], [16.868211166666665, 78.66354233333333], [16.868218833333334, 78.663541], [16.8682265, 78.66353983333333], [16.86823383333333, 78.6635385], [16.8682415, 78.66353716666667], [16.868249, 78.66353600000001], [16.868256499999998, 78.66353466666666], [16.868264, 78.66353333333333], [16.868271666666665, 78.663532], [16.86827933333333, 78.66353066666667], [16.868287000000002, 78.66352933333333], [16.8682945, 78.663528], [16.868302333333336, 78.66352683333334], [16.86831, 78.6635255], [16.868317833333332, 78.66352416666668], [16.8683255, 78.66352283333335], [16.868333333333332, 78.66352166666667], [16.868341, 78.66352033333332], [16.868349000000002, 78.663519], [16.868356666666667, 78.66351783333333], [16.8683645, 78.6635165], [16.868372166666667, 78.66351533333334], [16.868379666666666, 78.663514], [16.86838733333333, 78.66351283333333], [16.868395, 78.6635115], [16.8684025, 78.66351033333333], [16.868410166666667, 78.663509], [16.868417833333336, 78.66350783333334], [16.868425666666667, 78.6635065], [16.868433666666665, 78.66350516666667], [16.868441333333333, 78.663504], [16.868449166666668, 78.66350266666667], [16.868457166666666, 78.6635015], [16.868465, 78.66350016666667], [16.868472999999998, 78.663499], [16.868481, 78.66349766666667], [16.868488833333334, 78.66349650000001], [16.868496666666665, 78.66349533333333], [16.86850466666667, 78.663494], [16.868512333333335, 78.66349283333334], [16.868520166666666, 78.66349149999999], [16.868527833333335, 78.66349033333333], [16.8685355, 78.663489], [16.868543166666665, 78.66348783333333], [16.868550833333334, 78.66348666666666], [16.868558333333333, 78.66348533333333], [16.868565999999998, 78.663484], [16.86857366666667, 78.66348283333333], [16.868581666666667, 78.6634815], [16.868589333333333, 78.66348016666667], [16.868597, 78.66347883333333], [16.868604666666666, 78.66347766666667], [16.868612166666665, 78.66347633333334], [16.86862, 78.663475], [16.8686275, 78.66347366666668], [16.868635166666664, 78.6634725], [16.868642833333336, 78.66347116666667], [16.868650666666667, 78.66346983333332], [16.8686585, 78.66346866666666], [16.868666166666667, 78.66346733333333], [16.868673833333332, 78.663466], [16.868681499999997, 78.66346483333334], [16.868689166666666, 78.6634635], [16.868696833333335, 78.66346233333334], [16.868704333333334, 78.66346100000001], [16.868711833333336, 78.66345966666667], [16.8687195, 78.66345833333334], [16.868727166666666, 78.66345716666666], [16.86873466666667, 78.66345583333333], [16.868742333333334, 78.66345466666667], [16.868749833333332, 78.66345333333334], [16.868757333333335, 78.663452], [16.868765, 78.66345083333334], [16.868772666666665, 78.6634495], [16.868780333333333, 78.66344816666667], [16.868788, 78.66344699999999], [16.868795499999997, 78.66344566666666], [16.868803166666666, 78.66344433333333], [16.868810833333335, 78.66344316666667], [16.868818666666666, 78.66344183333334], [16.8688265, 78.66344066666667], [16.868834, 78.66343933333333], [16.868841666666665, 78.663438], [16.8688495, 78.66343683333334], [16.8688575, 78.6634355], [16.86886516666667, 78.66343416666668], [16.868872833333334, 78.663433], [16.868880166666667, 78.66343166666667], [16.86888766666667, 78.66343033333332], [16.868895000000002, 78.66342916666667], [16.8689025, 78.66342783333333], [16.868910000000003, 78.6634265], [16.868917500000002, 78.66342533333334], [16.868925, 78.663424], [16.868932500000003, 78.66342266666668], [16.868940000000002, 78.6634215], [16.8689475, 78.66342016666667], [16.86895516666667, 78.663419], [16.868963, 78.66341766666666], [16.8689705, 78.66341633333333], [16.86897816666667, 78.66341516666667], [16.868985666666667, 78.66341383333334], [16.868993333333332, 78.66341266666667], [16.869001, 78.66341133333334], [16.869008666666666, 78.66341016666667], [16.869016166666665, 78.66340883333334], [16.869023833333333, 78.66340766666667], [16.869031500000002, 78.66340633333333], [16.869039, 78.66340516666668], [16.869046500000003, 78.66340383333333], [16.869054000000002, 78.66340266666666], [16.8690615, 78.66340133333333], [16.869069000000003, 78.66340016666666], [16.869076500000002, 78.66339883333333], [16.869084, 78.6633975], [16.869091833333336, 78.66339633333334], [16.8690995, 78.66339500000001], [16.869107166666666, 78.66339383333334], [16.869115, 78.6633925], [16.869122666666666, 78.66339133333332], [16.8691305, 78.66338999999999], [16.869138333333336, 78.66338883333333], [16.869146, 78.6633875], [16.869153666666666, 78.66338616666667], [16.869161166666668, 78.663385], [16.8691685, 78.66338366666668], [16.869175833333333, 78.6633825], [16.86918316666667, 78.66338116666667], [16.8691905, 78.66338], [16.86919783333333, 78.66337866666666], [16.869205166666667, 78.6633775], [16.8692125, 78.66337616666667], [16.86922, 78.663375], [16.869227333333335, 78.66337366666667], [16.869234833333334, 78.6633725], [16.869242, 78.66337116666666], [16.869249500000002, 78.66337], [16.869256833333335, 78.66336866666667], [16.869264333333334, 78.6633675], [16.86927166666667, 78.66336633333334], [16.86927916666667, 78.66336500000001], [16.869286833333334, 78.66336383333334], [16.869294500000002, 78.66336249999999], [16.869302, 78.66336133333333], [16.8693095, 78.66336], [16.869317000000002, 78.66335866666667], [16.869324333333335, 78.6633575], [16.869331833333334, 78.66335616666667], [16.869339333333336, 78.66335483333334], [16.869346833333335, 78.66335366666667], [16.869354333333334, 78.66335233333332], [16.869361833333336, 78.66335116666667], [16.8693695, 78.66334983333333], [16.869377166666666, 78.66334866666666], [16.86938466666667, 78.66334733333333], [16.869392333333334, 78.66334616666667], [16.8694, 78.66334483333334], [16.869407666666667, 78.66334350000001], [16.869415, 78.66334233333333], [16.869422333333333, 78.663341], [16.86942966666667, 78.66333983333334], [16.869437, 78.66333866666668], [16.8694445, 78.66333733333333], [16.869451666666667, 78.66333616666667], [16.869459166666665, 78.66333483333332], [16.869466833333334, 78.6633335], [16.86947466666667, 78.66333216666666], [16.869482333333334, 78.663331], [16.869489833333333, 78.66332966666667], [16.869497000000003, 78.66332833333333], [16.8695045, 78.66332716666668], [16.869512, 78.66332600000001], [16.869519500000003, 78.66332466666667], [16.869526833333335, 78.66332349999999], [16.869534166666664, 78.66332216666666], [16.869541833333336, 78.663321], [16.8695495, 78.66331966666667], [16.869557333333333, 78.6633185], [16.869564833333335, 78.66331716666667], [16.869572333333334, 78.663316], [16.869579833333333, 78.66331466666666], [16.8695875, 78.66331333333332], [16.869595, 78.66331216666667], [16.869602333333333, 78.66331100000001], [16.86960966666667, 78.66330966666666], [16.869617, 78.6633085], [16.8696245, 78.66330716666667], [16.86963216666667, 78.66330599999999], [16.8696395, 78.66330483333333], [16.869647, 78.6633035], [16.869654500000003, 78.66330216666667], [16.869661833333332, 78.663301], [16.8696695, 78.66329966666667], [16.869677000000003, 78.66329850000001], [16.8696845, 78.66329716666668], [16.869692, 78.66329583333332], [16.86969966666667, 78.66329466666666], [16.869707166666668, 78.66329333333333], [16.869714666666667, 78.663292], [16.869722000000003, 78.66329066666667], [16.869729666666668, 78.66328933333332], [16.869737333333333, 78.66328816666667], [16.86974466666667, 78.66328683333333], [16.869752000000002, 78.6632855], [16.8697595, 78.66328433333334], [16.869766833333333, 78.663283], [16.869774333333332, 78.66328166666668], [16.86978183333333, 78.6632805], [16.869789166666667, 78.66327916666667], [16.8697965, 78.66327783333332], [16.869803833333332, 78.66327666666666], [16.869811333333335, 78.66327533333333], [16.869818666666667, 78.663274], [16.869826, 78.66327283333334], [16.869833500000002, 78.66327150000001], [16.869840833333335, 78.66327016666668], [16.869848333333334, 78.663269], [16.869855833333336, 78.66326766666666], [16.8698635, 78.66326649999999], [16.869870833333334, 78.66326516666666], [16.869878333333336, 78.663264], [16.869885833333335, 78.66326266666667], [16.869893333333334, 78.66326133333334], [16.869900833333336, 78.66326000000001], [16.86990816666667, 78.66325883333334], [16.869915666666667, 78.6632575], [16.869922999999996, 78.66325616666667], [16.869930333333333, 78.66325483333334], [16.86993783333333, 78.66325350000001], [16.869945166666664, 78.66325233333333], [16.869952666666666, 78.663251], [16.86996, 78.66324983333334], [16.86996733333333, 78.6632485], [16.869974833333334, 78.66324733333333], [16.869982333333333, 78.663246], [16.869990166666664, 78.66324483333332], [16.869997833333333, 78.6632435], [16.870005666666668, 78.66324216666666], [16.870013333333336, 78.66324083333333], [16.870020833333335, 78.66323966666667], [16.870028166666668, 78.66323833333333], [16.87003566666667, 78.66323716666668], [16.870043, 78.66323583333333], [16.870050499999998, 78.66323466666667], [16.87005783333333, 78.66323349999999], [16.870065166666667, 78.66323216666666], [16.870072999999998, 78.663231], [16.870080833333336, 78.66322966666667], [16.8700885, 78.66322833333334], [16.870096166666666, 78.663227], [16.870104, 78.66322583333334], [16.870111666666666, 78.6632245], [16.870119166666665, 78.66322333333332], [16.8701265, 78.66322199999999], [16.870133833333334, 78.66322066666666], [16.870141166666667, 78.6632195], [16.87014866666667, 78.66321816666667], [16.870156333333334, 78.66321683333334], [16.870164, 78.66321566666667], [16.870171833333334, 78.66321433333333], [16.87017966666667, 78.663213], [16.870187666666666, 78.66321166666667], [16.870195333333335, 78.6632105], [16.870202833333334, 78.66320916666668], [16.870210666666665, 78.663208], [16.870218166666668, 78.66320666666667], [16.870225666666666, 78.66320533333332], [16.870233166666665, 78.663204], [16.8702405, 78.66320266666666], [16.870248166666666, 78.66320133333333], [16.870255666666665, 78.66320016666667], [16.870263333333334, 78.66319883333334], [16.870270833333333, 78.66319766666668], [16.870278666666664, 78.66319633333333], [16.870286333333336, 78.66319516666667], [16.870294, 78.66319383333332], [16.870301666666666, 78.66319266666666], [16.870309333333335, 78.66319133333333], [16.870317333333332, 78.66319016666667], [16.870324999999998, 78.66318883333334], [16.870332666666666, 78.6631875], [16.8703405, 78.66318633333334], [16.870348333333332, 78.66318500000001], [16.870356, 78.66318383333333], [16.870363833333332, 78.66318249999999], [16.870371666666664, 78.66318116666666], [16.870379833333335, 78.66318], [16.870388, 78.66317866666667], [16.87039616666667, 78.6631775], [16.870404166666667, 78.66317616666667], [16.870412166666664, 78.663175], [16.870420000000003, 78.66317366666667], [16.870428, 78.6631725], [16.87043583333333, 78.66317133333334], [16.870443666666667, 78.66317000000001], [16.8704515, 78.66316866666666], [16.8704595, 78.6631675], [16.870467666666666, 78.66316616666667], [16.870475666666668, 78.66316499999999], [16.87048383333333, 78.66316366666666], [16.870491833333332, 78.6631625], [16.870499833333334, 78.66316116666667], [16.870507666666665, 78.66315983333334], [16.8705155, 78.66315866666667], [16.870523, 78.6631575], [16.870530666666664, 78.66315616666667], [16.870538333333332, 78.66315483333332], [16.87054583333333, 78.66315366666666], [16.870553500000003, 78.66315233333333], [16.870561333333335, 78.66315116666667], [16.870569166666666, 78.66314983333334], [16.870577, 78.6631485], [16.870585000000002, 78.66314733333334], [16.870592833333333, 78.66314600000001], [16.870600666666668, 78.66314466666667], [16.8706085, 78.66314333333334], [16.870616166666665, 78.66314216666666], [16.870623833333333, 78.66314083333333], [16.870631500000002, 78.6631395], [16.870639333333333, 78.66313816666667], [16.870647, 78.663137], [16.870654666666667, 78.66313566666666], [16.870662333333332, 78.66313433333333], [16.87067, 78.663133], [16.870677666666666, 78.66313183333334], [16.87068533333333, 78.66313050000001], [16.870692833333333, 78.66312933333333], [16.870700666666668, 78.663128], [16.870707999999997, 78.66312666666666], [16.8707155, 78.66312533333333], [16.870723166666668, 78.66312416666666], [16.870730666666667, 78.66312283333333], [16.870738333333335, 78.6631215], [16.870746166666667, 78.66312033333334], [16.870753999999998, 78.66311900000001], [16.870761833333333, 78.66311766666666], [16.870769666666668, 78.66311649999999], [16.8707775, 78.66311516666666], [16.870785166666668, 78.66311383333333], [16.8707925, 78.66311266666666], [16.870799833333333, 78.66311133333333], [16.87080716666667, 78.66311016666667], [16.870814, 78.66310883333334], [16.870821, 78.66310766666668], [16.870827833333333, 78.66310633333333], [16.870835166666666, 78.663105], [16.870842333333332, 78.66310366666667], [16.87085, 78.66310233333334], [16.8708575, 78.66310116666666], [16.870865, 78.66309983333333], [16.870872333333335, 78.66309849999999], [16.870879666666667, 78.66309716666666], [16.870886833333333, 78.663096], [16.87089416666667, 78.66309466666667], [16.870901333333332, 78.6630935], [16.8709085, 78.66309216666667], [16.870916, 78.66309083333334], [16.870923333333334, 78.66308966666666], [16.870931, 78.66308833333332], [16.870938666666667, 78.66308699999999], [16.870946166666666, 78.66308583333333], [16.8709535, 78.6630845], [16.870960833333335, 78.66308316666667], [16.870968, 78.663082], [16.870975166666664, 78.66308066666667], [16.8709825, 78.66307950000001], [16.870989666666667, 78.66307833333333], [16.870997166666665, 78.663077], [16.871004666666668, 78.66307566666666], [16.871012166666667, 78.6630745], [16.87101983333333, 78.66307316666666], [16.8710275, 78.66307183333333], [16.871035, 78.66307066666667], [16.871042499999998, 78.66306933333334], [16.871050166666667, 78.66306800000001], [16.871057833333335, 78.66306683333333], [16.871065333333334, 78.66306566666667], [16.871072666666667, 78.66306433333332], [16.871080333333335, 78.66306316666667], [16.871087666666664, 78.66306183333333], [16.871095, 78.66306066666667], [16.8711025, 78.66305933333334], [16.871109999999998, 78.66305816666666], [16.8711175, 78.663057], [16.871125, 78.66305566666666], [16.871132666666664, 78.66305433333333], [16.871140333333337, 78.66305316666667], [16.871147833333335, 78.66305183333334], [16.871155166666664, 78.66305066666668], [16.871162666666667, 78.66304933333332], [16.871170166666666, 78.66304816666667], [16.871177333333332, 78.66304683333333], [16.871184833333334, 78.66304566666666], [16.871192333333333, 78.66304433333333], [16.871199833333332, 78.663043], [16.8712075, 78.66304183333334], [16.871215166666666, 78.66304050000001], [16.871222666666664, 78.66303933333333], [16.871230166666667, 78.663038], [16.871237666666666, 78.66303683333334], [16.871245166666665, 78.66303549999999], [16.871252666666667, 78.66303433333333], [16.8712605, 78.663033], [16.871268166666667, 78.66303166666667], [16.871275833333335, 78.6630305], [16.871283333333334, 78.66302916666667], [16.871290833333333, 78.663028], [16.8712985, 78.66302666666667], [16.871306, 78.6630255], [16.871313666666666, 78.66302416666667], [16.871321333333334, 78.66302283333333], [16.871329166666666, 78.66302166666667], [16.871337, 78.66302033333334], [16.87134466666667, 78.66301916666666], [16.871352333333334, 78.66301783333333], [16.87136, 78.66301666666666], [16.871367666666668, 78.66301533333333], [16.871375166666667, 78.66301416666667], [16.87138283333333, 78.66301283333334], [16.8713905, 78.66301166666668], [16.871398166666665, 78.66301033333335], [16.87140583333333, 78.66300916666667], [16.871413500000003, 78.66300783333332], [16.871421166666668, 78.6630065], [16.871428833333333, 78.66300533333333], [16.8714365, 78.663004], [16.871444, 78.66300283333334], [16.8714515, 78.66300150000001], [16.871458833333335, 78.66300033333333], [16.871466333333334, 78.66299916666667], [16.871473833333333, 78.66299783333334], [16.871481333333335, 78.66299666666667], [16.871488833333334, 78.66299533333334], [16.871496166666667, 78.66299416666668], [16.871503833333335, 78.66299283333333], [16.871511666666667, 78.6629915], [16.87151933333333, 78.66299016666667], [16.871527166666667, 78.66298883333334], [16.871534999999998, 78.6629875], [16.871542833333333, 78.66298616666667], [16.871550666666668, 78.66298499999999], [16.871558333333333, 78.66298366666666], [16.87156583333333, 78.6629825], [16.871573333333334, 78.66298116666667], [16.871580833333333, 78.66298], [16.871588499999998, 78.66297866666667], [16.871596333333333, 78.6629775], [16.871603999999998, 78.66297616666667], [16.871611833333336, 78.66297483333332], [16.871619833333334, 78.66297349999999], [16.871627666666665, 78.66297233333333], [16.87163566666667, 78.662971], [16.871643666666667, 78.66296966666667], [16.8716515, 78.6629685], [16.8716595, 78.66296716666668], [16.871667333333335, 78.66296583333333], [16.871675333333332, 78.66296466666667], [16.871683166666667, 78.66296333333334], [16.871690833333332, 78.66296216666666], [16.871698499999997, 78.66296083333333], [16.871706, 78.66295966666667], [16.871713833333335, 78.66295833333334], [16.871721333333333, 78.66295716666667], [16.871729166666668, 78.662956], [16.871736833333333, 78.66295466666666], [16.87174483333333, 78.6629535], [16.871753000000002, 78.66295216666667], [16.871761, 78.662951], [16.87176883333333, 78.66294966666666], [16.871777, 78.6629485], [16.871784833333333, 78.66294716666667], [16.871792833333334, 78.66294599999999], [16.871800833333335, 78.66294483333333], [16.871808833333333, 78.6629435], [16.871816666666668, 78.66294233333333], [16.871824666666665, 78.66294116666667], [16.871832666666666, 78.66293983333334], [16.871840666666667, 78.66293866666666], [16.871848833333335, 78.6629375], [16.871856833333332, 78.66293633333333], [16.871864833333333, 78.662935], [16.871872833333335, 78.66293383333333], [16.871880833333332, 78.66293266666666], [16.871888666666667, 78.66293133333333], [16.871896666666665, 78.66293016666667], [16.871904500000003, 78.662929], [16.871912333333334, 78.66292766666668], [16.871920333333332, 78.6629265], [16.871928500000003, 78.66292533333333], [16.871936333333334, 78.66292416666667], [16.871944166666665, 78.66292283333334], [16.871952, 78.66292166666668], [16.871959833333335, 78.6629205], [16.8719675, 78.66291916666667], [16.871975333333335, 78.662918], [16.871983, 78.66291683333334], [16.871990666666665, 78.6629155], [16.871998333333334, 78.66291433333335], [16.872006166666665, 78.66291299999999], [16.872014, 78.66291183333333], [16.87202166666667, 78.66291066666666], [16.872029333333334, 78.66290933333333], [16.872036833333333, 78.66290816666667], [16.8720445, 78.66290699999999], [16.872052, 78.66290566666666], [16.872059666666665, 78.6629045], [16.872067166666668, 78.66290316666667], [16.872075166666665, 78.662902], [16.872083166666666, 78.66290066666667], [16.872091333333334, 78.66289950000001], [16.8720995, 78.66289816666668], [16.872107500000002, 78.66289683333333], [16.872115833333332, 78.66289566666666], [16.872123666666667, 78.66289433333333], [16.872131500000002, 78.66289316666666], [16.872139166666667, 78.662892], [16.872146666666666, 78.66289066666667], [16.872154333333334, 78.66288949999999], [16.872162, 78.66288833333333], [16.87216983333333, 78.66288716666666], [16.872177833333335, 78.66288583333333], [16.872185833333333, 78.66288466666667], [16.872194, 78.66288333333334], [16.872202, 78.66288216666666], [16.87221, 78.66288083333333], [16.87221783333333, 78.66287966666667], [16.87222566666667, 78.66287833333334], [16.872233666666666, 78.66287716666668], [16.872241499999998, 78.66287600000001], [16.872249333333333, 78.66287483333333], [16.872257, 78.66287349999999], [16.872264833333336, 78.66287233333334], [16.872272666666667, 78.662871], [16.872280333333332, 78.66286983333333], [16.872288, 78.6628685], [16.8722955, 78.66286733333332], [16.872302666666666, 78.662866], [16.872310000000002, 78.66286483333333], [16.872317333333335, 78.6628635], [16.872324666666668, 78.66286216666667], [16.87233216666667, 78.66286083333333], [16.87233966666667, 78.6628595], [16.872347166666668, 78.66285833333333], [16.87235466666667, 78.662857], [16.87236216666667, 78.66285566666667], [16.872369499999998, 78.66285433333334], [16.872376999999997, 78.662853], [16.872384333333333, 78.66285183333333], [16.872391999999998, 78.6628505], [16.87239933333333, 78.66284916666667], [16.872407, 78.66284783333334], [16.872414499999998, 78.66284666666667], [16.872421999999997, 78.66284533333334], [16.87242966666667, 78.66284399999999], [16.872437333333334, 78.66284266666666], [16.872445000000003, 78.66284133333333], [16.872452666666668, 78.66284016666667], [16.872460166666666, 78.66283883333334], [16.872467500000003, 78.66283766666668], [16.872475, 78.66283633333335], [16.8724825, 78.662835], [16.872489833333336, 78.66283383333332], [16.872497333333335, 78.6628325], [16.872504833333334, 78.66283116666666], [16.872512500000003, 78.66283], [16.872520166666668, 78.66282866666667], [16.872528, 78.66282733333334], [16.872535666666668, 78.66282616666668], [16.8725435, 78.66282483333333], [16.872551166666664, 78.6628235], [16.872559000000003, 78.66282233333332], [16.872566833333334, 78.662821], [16.8725745, 78.66281966666666], [16.872582166666668, 78.66281833333333], [16.872589666666666, 78.66281716666667], [16.872597, 78.66281583333333], [16.8726045, 78.6628145], [16.872612, 78.66281333333333], [16.872619333333333, 78.662812], [16.87262666666667, 78.66281066666667], [16.872634166666668, 78.66280933333334], [16.872641666666667, 78.662808], [16.872649333333335, 78.66280683333333], [16.872657, 78.6628055], [16.872664666666665, 78.66280416666667], [16.8726725, 78.662803], [16.87268, 78.66280166666667], [16.872687666666664, 78.6628005], [16.872695333333336, 78.66279916666667], [16.872703, 78.66279783333333], [16.872710666666666, 78.66279666666667], [16.872718333333335, 78.66279533333334], [16.872726, 78.662794], [16.8727335, 78.66279266666668], [16.872741, 78.6627915], [16.8727485, 78.66279016666667], [16.872756, 78.662789], [16.8727635, 78.66278766666666], [16.872770833333334, 78.6627865], [16.8727785, 78.66278516666667], [16.872786, 78.662784], [16.872793666666666, 78.66278266666667], [16.872801166666665, 78.66278133333334], [16.872808833333334, 78.66278016666666], [16.8728165, 78.66277883333333], [16.872824166666664, 78.66277749999999], [16.872831666666666, 78.66277633333334], [16.87283933333333, 78.66277516666668], [16.872847166666666, 78.66277383333333], [16.872854833333335, 78.6627725], [16.872862666666666, 78.66277133333332], [16.872870499999998, 78.66277], [16.872878333333333, 78.66276866666666], [16.872886166666667, 78.66276733333333], [16.872894, 78.66276599999999], [16.872901666666667, 78.66276483333333], [16.872909166666666, 78.6627635], [16.872916666666665, 78.66276216666667], [16.872924166666667, 78.662761], [16.872931833333332, 78.66275966666667], [16.87293933333333, 78.66275833333334], [16.872947, 78.662757], [16.8729545, 78.66275583333332], [16.872961999999998, 78.66275449999999], [16.8729695, 78.66275316666666], [16.872977, 78.66275183333333], [16.872984499999998, 78.66275049999999], [16.872992, 78.66274933333334], [16.872999666666665, 78.662748], [16.87300733333333, 78.66274666666666], [16.873015000000002, 78.66274533333333], [16.873022833333334, 78.662744], [16.873030500000002, 78.66274283333334], [16.873038166666667, 78.6627415], [16.873046, 78.66274016666667], [16.873053666666667, 78.66273883333334], [16.8730615, 78.6627375], [16.873069333333333, 78.66273616666668], [16.87307716666667, 78.66273500000001], [16.873085, 78.66273366666665], [16.87309283333333, 78.66273233333332], [16.8731005, 78.662731], [16.873108333333334, 78.66272983333333], [16.873116166666666, 78.6627285], [16.873124, 78.66272716666667], [16.873131833333332, 78.66272583333333], [16.873139666666667, 78.6627245], [16.8731475, 78.66272333333333], [16.873155333333333, 78.662722], [16.873163166666664, 78.66272066666667], [16.873171, 78.66271950000001], [16.873178499999998, 78.66271816666668], [16.8731865, 78.66271683333333], [16.873194166666668, 78.66271566666666], [16.873202166666665, 78.66271433333333], [16.873209999999997, 78.66271316666666], [16.873217833333335, 78.66271183333333], [16.873225666666666, 78.66271066666667], [16.8732335, 78.66270933333334], [16.873241333333333, 78.66270816666666], [16.87324883333333, 78.66270683333333], [16.873256333333334, 78.66270566666667], [16.873263833333333, 78.66270433333334], [16.873271499999998, 78.662703], [16.87327916666667, 78.66270183333333], [16.873287, 78.6627005], [16.873294833333333, 78.66269933333334], [16.8733025, 78.662698], [16.8733105, 78.66269683333333], [16.873318333333334, 78.6626955], [16.87332616666667, 78.66269433333333], [16.873333833333334, 78.662693], [16.873341333333332, 78.66269166666666], [16.873348500000002, 78.6626905], [16.873356, 78.66268916666667], [16.873363333333334, 78.66268783333334], [16.873370833333336, 78.66268666666666], [16.8733785, 78.66268533333333], [16.873386, 78.662684], [16.873393500000002, 78.66268266666665], [16.873401166666667, 78.66268133333332], [16.873408666666666, 78.66268], [16.87341616666667, 78.66267883333333], [16.873423666666667, 78.6626775], [16.873431166666666, 78.66267616666667], [16.873438833333335, 78.66267483333333], [16.8734465, 78.6626735], [16.873454166666665, 78.66267216666667], [16.873462, 78.66267083333334], [16.873469666666665, 78.66266966666667], [16.8734775, 78.66266833333334], [16.87348516666667, 78.662667], [16.873492833333334, 78.66266566666667], [16.873500333333332, 78.66266433333334], [16.873507833333335, 78.66266316666666], [16.873515333333334, 78.66266183333333], [16.873522833333332, 78.66266049999999], [16.873530333333335, 78.66265916666666], [16.873537833333334, 78.66265783333333], [16.873545333333333, 78.6626565], [16.873553, 78.66265516666667], [16.8735605, 78.66265383333332], [16.873568166666665, 78.6626525], [16.873575666666667, 78.66265133333333], [16.873583166666666, 78.66265], [16.873590666666665, 78.66264866666667], [16.873598166666667, 78.6626475], [16.873605833333333, 78.66264616666668], [16.87361333333333, 78.66264483333333], [16.873621, 78.6626435], [16.8736285, 78.66264216666667], [16.873636166666664, 78.66264083333334], [16.873643833333333, 78.6626395], [16.8736515, 78.66263816666667], [16.873659, 78.66263683333334], [16.87366666666667, 78.66263550000001], [16.873674166666667, 78.66263433333333], [16.873681666666666, 78.662633], [16.87368916666667, 78.66263166666666], [16.873696833333334, 78.66263033333333], [16.873704666666665, 78.66262916666666], [16.8737125, 78.66262783333333], [16.873720166666665, 78.6626265], [16.873728000000003, 78.66262516666667], [16.873735833333335, 78.66262383333333], [16.873743333333334, 78.66262266666666], [16.87375116666667, 78.66262133333333], [16.873758666666667, 78.66262], [16.873766166666666, 78.66261866666667], [16.87377366666667, 78.6626175], [16.873781166666667, 78.66261616666667], [16.873788666666666, 78.662615], [16.873796333333335, 78.66261366666666], [16.873804166666666, 78.66261233333333], [16.87381183333333, 78.662611], [16.873819500000003, 78.66260983333333], [16.87382716666667, 78.6626085], [16.873834833333333, 78.66260716666667], [16.873842833333335, 78.66260600000001], [16.873850666666666, 78.6626045], [16.873858499999997, 78.66260316666667], [16.873866333333336, 78.662602], [16.873874166666667, 78.66260066666668], [16.873881833333332, 78.66259933333335], [16.873889666666667, 78.66259799999999], [16.873897499999998, 78.66259666666666], [16.873905166666667, 78.66259533333333], [16.873913, 78.66259416666666], [16.873920833333333, 78.66259283333333], [16.873928666666664, 78.66259149999999], [16.8739365, 78.66259033333334], [16.8739445, 78.662589], [16.87395233333333, 78.66258766666667], [16.87396, 78.66258633333334], [16.873967666666665, 78.66258516666667], [16.87397533333333, 78.66258383333334], [16.873983, 78.66258266666667], [16.873990833333334, 78.66258133333334], [16.87399866666667, 78.66258016666667], [16.874006666666666, 78.66257883333333], [16.874014499999998, 78.66257766666666], [16.874022500000002, 78.66257633333333], [16.874030333333334, 78.662575], [16.874038166666665, 78.66257383333333], [16.874045833333334, 78.6625725], [16.87405366666667, 78.66257133333333], [16.8740615, 78.66257], [16.874069333333335, 78.66256866666666], [16.874077, 78.6625675], [16.874084999999997, 78.66256616666666], [16.874092666666666, 78.662565], [16.874100333333335, 78.66256366666667], [16.874108, 78.66256249999999], [16.87411566666667, 78.66256116666666], [16.874123333333333, 78.66256], [16.874130833333332, 78.66255866666667], [16.874138666666667, 78.6625575], [16.874146333333332, 78.66255616666668], [16.874154166666663, 78.66255483333333], [16.874162166666668, 78.66255366666665], [16.874170333333332, 78.66255233333332], [16.874178500000003, 78.662551], [16.8741865, 78.66254966666666], [16.874194166666665, 78.6625485], [16.874202, 78.66254716666667], [16.874209666666665, 78.662546], [16.874217166666664, 78.66254466666666], [16.874224666666667, 78.6625435], [16.874232166666665, 78.66254216666667], [16.874239666666664, 78.66254083333334], [16.874247333333336, 78.66253966666666], [16.874255, 78.6625385], [16.874262833333333, 78.66253716666667], [16.874270333333335, 78.66253583333334], [16.874278, 78.66253466666667], [16.874285666666665, 78.66253333333334], [16.874293166666668, 78.66253216666668], [16.874300833333333, 78.66253083333332], [16.874308166666665, 78.66252966666666], [16.874315666666668, 78.66252833333333], [16.874323333333333, 78.662527], [16.874330999999998, 78.66252583333333], [16.874338666666667, 78.6625245], [16.8743465, 78.66252333333334], [16.8743545, 78.66252200000001], [16.874362333333334, 78.66252066666667], [16.874370166666665, 78.66251933333334], [16.87437783333333, 78.66251816666666], [16.874385500000002, 78.66251683333333], [16.874393, 78.66251566666666], [16.874400666666666, 78.66251433333333], [16.87440816666667, 78.66251316666667], [16.874415833333334, 78.66251183333334], [16.8744235, 78.6625105], [16.874431166666668, 78.66250933333335], [16.874438833333333, 78.66250799999999], [16.874446499999998, 78.66250683333332], [16.874454166666666, 78.6625055], [16.87446183333333, 78.66250433333333], [16.87446933333333, 78.662503], [16.874477000000002, 78.66250183333334], [16.874484833333334, 78.66250050000001], [16.87449283333333, 78.66249933333333], [16.874500666666666, 78.662498], [16.8745085, 78.66249666666666], [16.874516333333336, 78.6624955], [16.874524, 78.66249416666666], [16.874531666666666, 78.66249283333333], [16.87453916666667, 78.66249166666667], [16.874546666666667, 78.66249033333334], [16.874554166666666, 78.66248916666667], [16.874561833333335, 78.66248783333334], [16.874569333333334, 78.66248650000001], [16.874576833333332, 78.66248516666666], [16.874584333333335, 78.66248399999999], [16.874592, 78.66248266666666], [16.8745995, 78.6624815], [16.874607, 78.66248016666667], [16.8746145, 78.66247883333334], [16.874622, 78.66247766666667], [16.874629666666667, 78.66247633333334], [16.874637333333332, 78.662475], [16.874645166666667, 78.66247366666667], [16.874652833333336, 78.66247249999999], [16.874660833333333, 78.66247116666666], [16.8746685, 78.66246983333333], [16.874676333333333, 78.6624685], [16.874683833333332, 78.66246733333334], [16.87469133333333, 78.662466], [16.874698833333333, 78.66246483333333], [16.8747065, 78.6624635], [16.874713999999997, 78.66246216666667], [16.8747215, 78.662461], [16.874729333333335, 78.66245966666666], [16.874737166666666, 78.6624585], [16.874745, 78.66245716666667], [16.8747525, 78.662456], [16.874759833333332, 78.66245466666666], [16.874767333333335, 78.66245350000001], [16.874774833333333, 78.66245216666667], [16.874782333333332, 78.66245099999999], [16.87479, 78.66244966666666], [16.8747975, 78.6624485], [16.874805166666665, 78.66244716666667], [16.874813, 78.66244583333334], [16.87482066666667, 78.66244466666667], [16.8748285, 78.66244333333334], [16.874836166666668, 78.662442], [16.874843833333333, 78.66244066666667], [16.8748515, 78.66243949999999], [16.874859, 78.66243816666666], [16.874866666666666, 78.66243683333333], [16.87487433333333, 78.66243566666667], [16.874881833333333, 78.66243433333334], [16.874889166666666, 78.66243316666667], [16.8748965, 78.66243183333333], [16.874903833333335, 78.6624305], [16.874911166666667, 78.66242933333334], [16.874918666666666, 78.662428], [16.874926000000002, 78.66242666666668], [16.8749335, 78.66242533333335], [16.874941, 78.66242416666667], [16.874948500000002, 78.66242283333332], [16.874956166666667, 78.6624215], [16.874963833333332, 78.66242016666666], [16.874971333333335, 78.662419], [16.874979, 78.6624175], [16.8749865, 78.66241616666666], [16.874994166666667, 78.66241483333333], [16.875001833333332, 78.6624135], [16.875009666666664, 78.66241216666667], [16.875017333333336, 78.66241083333333], [16.875024833333335, 78.66240966666666], [16.875032333333333, 78.66240833333333], [16.875039833333336, 78.662407], [16.8750475, 78.66240566666667], [16.875055, 78.66240450000001], [16.87506266666667, 78.66240316666668], [16.875070333333333, 78.66240183333333], [16.875077833333332, 78.6624005], [16.8750855, 78.66239933333333], [16.875093166666666, 78.662398], [16.87510083333333, 78.66239666666667], [16.875108333333333, 78.6623955], [16.875115666666666, 78.66239416666667], [16.875123166666665, 78.66239300000001], [16.8751305, 78.66239166666666], [16.875138, 78.66239033333333], [16.8751455, 78.66238916666666], [16.875153166666667, 78.66238783333333], [16.875160833333332, 78.6623865], [16.875168666666664, 78.66238516666667], [16.875176333333332, 78.662384], [16.875184, 78.66238266666666], [16.87519166666667, 78.66238133333333], [16.875199333333335, 78.66238016666667], [16.875207166666666, 78.66237883333334], [16.875214833333334, 78.66237766666667], [16.8752225, 78.66237633333334], [16.87523033333333, 78.66237516666666], [16.87523816666667, 78.66237383333333], [16.875246166666667, 78.6623725], [16.875253833333332, 78.66237133333334], [16.875261666666667, 78.66237], [16.8752695, 78.66236866666667], [16.875277166666667, 78.66236733333334], [16.875284833333335, 78.66236616666667], [16.875292333333334, 78.66236483333334], [16.875299833333333, 78.66236366666666], [16.875307666666668, 78.66236233333333], [16.875315333333333, 78.66236116666667], [16.875323166666664, 78.66235983333333], [16.875331000000003, 78.6623585], [16.875338666666668, 78.66235716666667], [16.875346333333333, 78.662356], [16.875354166666668, 78.66235466666667], [16.875361833333333, 78.66235350000001], [16.875369499999998, 78.66235233333333], [16.875377, 78.662351], [16.8753845, 78.66234983333334], [16.875392166666664, 78.66234850000001], [16.875399833333333, 78.66234733333334], [16.875407833333334, 78.662346], [16.875415666666665, 78.66234483333332], [16.875423333333334, 78.66234349999999], [16.875431, 78.66234233333333], [16.87543883333333, 78.662341], [16.8754465, 78.66233983333333], [16.875453999999998, 78.6623385], [16.87546133333333, 78.66233733333334], [16.875468833333333, 78.66233600000001], [16.87547633333333, 78.66233483333333], [16.875483999999997, 78.66233366666667], [16.87549166666667, 78.66233233333334], [16.8754995, 78.662331], [16.875507333333335, 78.66232983333333], [16.875515, 78.6623285], [16.87552283333333, 78.66232733333332], [16.8755305, 78.662326], [16.875537833333333, 78.66232483333333], [16.875545499999998, 78.6623235], [16.87555316666667, 78.66232233333334], [16.875560833333335, 78.662321], [16.875568666666666, 78.66231966666666], [16.8755765, 78.66231850000001], [16.875584333333332, 78.66231716666667], [16.875592333333334, 78.66231583333334], [16.87560016666667, 78.66231466666666], [16.875607833333333, 78.66231333333333], [16.875615333333332, 78.662312], [16.875622833333335, 78.66231083333334], [16.875630333333334, 78.6623095], [16.875638, 78.66230833333334], [16.875645666666667, 78.662307], [16.875653166666666, 78.66230583333332], [16.875660666666665, 78.66230449999999], [16.875668166666667, 78.66230333333333], [16.8756755, 78.662302], [16.875683, 78.66230083333333], [16.875690333333335, 78.6622995], [16.875697666666667, 78.66229833333334], [16.875705333333332, 78.66229700000001], [16.875713166666667, 78.66229566666667], [16.875720666666666, 78.6622945], [16.875728166666665, 78.66229316666666], [16.875735666666667, 78.662292], [16.875743, 78.66229066666666], [16.875750666666665, 78.6622895], [16.875758166666667, 78.66228816666667], [16.8757655, 78.662287], [16.875773166666665, 78.66228566666668], [16.875780833333334, 78.6622845], [16.875788666666665, 78.66228316666667], [16.875796333333334, 78.66228183333332], [16.875804000000002, 78.6622805], [16.875811833333334, 78.66227933333333], [16.875819666666665, 78.662278], [16.875827333333334, 78.66227666666667], [16.875835166666665, 78.6622755], [16.875843, 78.66227416666668], [16.87585066666667, 78.66227283333333], [16.875858166666667, 78.66227166666665], [16.875865666666666, 78.66227033333332], [16.87587316666667, 78.66226916666666], [16.875880666666667, 78.662268], [16.875888, 78.66226666666667], [16.87589566666667, 78.6622655], [16.875903166666667, 78.66226416666667], [16.875910666666666, 78.662263], [16.875918333333335, 78.66226166666667], [16.875926166666666, 78.66226033333334], [16.87593383333333, 78.66225916666667], [16.875941666666666, 78.66225783333333], [16.87594933333333, 78.66225666666666], [16.875957000000003, 78.66225533333333], [16.875964500000002, 78.66225416666666], [16.875972, 78.66225283333333], [16.875979500000003, 78.6622515], [16.875987000000002, 78.66225033333333], [16.875994666666667, 78.662249], [16.87600216666667, 78.66224783333334], [16.876009833333335, 78.66224650000001], [16.876017333333333, 78.66224516666666], [16.87602516666667, 78.662244], [16.876032666666667, 78.66224266666667], [16.876040333333332, 78.66224133333334], [16.876048, 78.66224016666666], [16.876055666666666, 78.66223883333333], [16.87606333333333, 78.6622375], [16.87607116666667, 78.66223616666666], [16.87607866666667, 78.662235], [16.8760865, 78.66223366666667], [16.8760945, 78.66223233333334], [16.876102166666666, 78.662231], [16.87611, 78.66222983333334], [16.876117833333335, 78.66222850000001], [16.876125833333333, 78.66222716666667], [16.876133499999998, 78.66222599999999], [16.876141333333333, 78.66222466666666], [16.876149166666668, 78.66222333333333], [16.876156666666667, 78.66222216666667], [16.8761645, 78.66222083333334], [16.876171833333334, 78.6622195], [16.876179333333333, 78.66221833333334], [16.876186833333335, 78.662217], [16.8761945, 78.66221566666667], [16.876201833333333, 78.66221449999999], [16.8762095, 78.66221316666666], [16.876217333333333, 78.66221183333333], [16.876224999999998, 78.6622105], [16.876233, 78.66220916666666], [16.876241, 78.66220783333333], [16.87624883333333, 78.66220666666666], [16.8762565, 78.66220533333333], [16.876264166666665, 78.662204], [16.87627183333333, 78.66220266666666], [16.876279333333333, 78.66220150000001], [16.876287166666668, 78.66220016666666], [16.876294833333336, 78.66219883333333], [16.8763025, 78.66219766666667], [16.876310166666666, 78.66219633333334], [16.876317833333335, 78.66219500000001], [16.8763255, 78.66219383333333], [16.876333166666665, 78.6621925], [16.876340833333334, 78.66219116666666], [16.876348333333333, 78.66219], [16.876355999999998, 78.66218866666667], [16.87636366666667, 78.66218733333334], [16.8763715, 78.66218616666667], [16.876379166666666, 78.66218483333334], [16.876387166666667, 78.66218350000001], [16.876395, 78.66218233333333], [16.876402833333334, 78.66218099999999], [16.87641066666667, 78.66217966666666], [16.876418333333334, 78.6621785], [16.876426, 78.66217716666667], [16.876433666666667, 78.66217583333334], [16.876441166666666, 78.66217466666667], [16.876448666666665, 78.66217333333334], [16.8764565, 78.66217216666668], [16.876464, 78.66217083333332], [16.876471666666664, 78.66216966666666], [16.876479333333336, 78.66216833333333], [16.876487166666667, 78.66216716666666], [16.876494666666666, 78.66216583333333], [16.876502333333335, 78.6621645], [16.87651, 78.66216333333334], [16.876517666666665, 78.66216216666666], [16.876525166666667, 78.66216083333333], [16.876533, 78.6621595], [16.876540833333333, 78.66215816666666], [16.876548500000002, 78.662157], [16.876556166666667, 78.66215566666666], [16.876563833333332, 78.6621545], [16.876571333333334, 78.66215316666667], [16.876578666666667, 78.662152], [16.876586166666666, 78.66215083333333], [16.876593500000002, 78.66214966666666], [16.876600833333335, 78.66214833333333], [16.8766085, 78.662147], [16.876616333333335, 78.66214583333334], [16.876624, 78.66214450000001], [16.87663183333333, 78.66214316666667], [16.876639666666666, 78.66214183333334], [16.876647666666667, 78.6621405], [16.876655333333336, 78.66213933333333], [16.876662833333334, 78.662138], [16.8766705, 78.66213683333334], [16.876678000000002, 78.6621355], [16.8766855, 78.66213433333334], [16.876693333333332, 78.662133], [16.876701166666667, 78.66213166666667], [16.876709, 78.6621305], [16.876716666666667, 78.66212916666667], [16.876724666666668, 78.66212783333334], [16.8767325, 78.66212666666667], [16.8767405, 78.66212533333334], [16.876748333333335, 78.66212399999999], [16.876756166666667, 78.66212283333333], [16.87676383333333, 78.6621215], [16.876771666666667, 78.66212033333333], [16.8767795, 78.66211916666666], [16.876787166666666, 78.66211783333333], [16.876795, 78.66211666666666], [16.8768025, 78.66211533333333], [16.87681, 78.66211416666667], [16.8768175, 78.66211283333334], [16.876824833333334, 78.66211150000001], [16.8768325, 78.66211033333335], [16.87684, 78.662109], [16.876847666666666, 78.66210766666667], [16.87685533333333, 78.6621065], [16.876863, 78.66210516666666], [16.876871, 78.66210383333333], [16.876878666666666, 78.6621025], [16.876886666666667, 78.66210133333334], [16.8768945, 78.6621], [16.876902166666664, 78.66209866666667], [16.8769095, 78.6620975], [16.876917166666665, 78.66209616666667], [16.876924666666664, 78.662095], [16.876932333333333, 78.66209366666666], [16.87693983333333, 78.6620925], [16.876947500000004, 78.66209116666667], [16.87695516666667, 78.66208983333333], [16.876962833333334, 78.6620885], [16.876970833333335, 78.66208716666667], [16.876978166666667, 78.662086], [16.8769855, 78.66208466666667], [16.876993000000002, 78.66208350000001], [16.877000666666667, 78.66208216666668], [16.877008333333333, 78.66208083333332], [16.877016166666667, 78.66207949999999], [16.877024, 78.66207833333333], [16.877032, 78.662077], [16.87704, 78.66207566666667], [16.877047833333332, 78.66207433333334], [16.877055499999997, 78.66207316666667], [16.87706316666667, 78.66207183333333], [16.877070833333335, 78.6620705], [16.8770785, 78.66206933333333], [16.877085833333336, 78.662068], [16.8770935, 78.66206666666668], [16.877100833333333, 78.6620655], [16.877108500000002, 78.66206416666667], [16.877116166666667, 78.662063], [16.877123833333332, 78.66206166666666], [16.8771315, 78.66206033333333], [16.877139333333332, 78.66205916666667], [16.877146999999997, 78.66205783333334], [16.877154833333336, 78.66205666666666], [16.8771625, 78.66205533333333], [16.877170333333332, 78.662054], [16.877178166666667, 78.66205266666665], [16.877186, 78.6620515], [16.877193499999997, 78.66205016666666], [16.87720116666667, 78.66204883333333], [16.877208666666668, 78.66204766666667], [16.877215999999997, 78.66204633333334], [16.8772235, 78.66204516666667], [16.877231, 78.66204383333334], [16.877238166666665, 78.66204250000001], [16.877244666666666, 78.66204133333333], [16.877251, 78.66204033333334], [16.877256666666664, 78.66203933333333], [16.877261999999998, 78.66203850000001], [16.877266833333334, 78.6620375], [16.877271333333333, 78.66203666666667], [16.877275666666666, 78.66203583333332], [16.8772795, 78.662035], [16.877283166666665, 78.66203433333334], [16.877286666666667, 78.6620335], [16.877290000000002, 78.66203283333333], [16.877293166666668, 78.66203216666666], [16.877296333333334, 78.6620315], [16.877299333333333, 78.662031], [16.877302166666666, 78.66203033333333], [16.877304833333334, 78.66202983333332], [16.877307166666665, 78.66202916666666], [16.87730966666667, 78.66202866666666], [16.877312, 78.66202816666667], [16.877314166666668, 78.66202766666667], [16.877316333333333, 78.66202716666666], [16.8773185, 78.66202666666666], [16.8773205, 78.66202616666666], [16.877322333333332, 78.66202583333333], [16.877324333333334, 78.66202533333333], [16.877326166666666, 78.66202483333333], [16.877327833333332, 78.6620245], [16.877329666666665, 78.662024], [16.8773315, 78.6620235], [16.877333, 78.66202316666666], [16.8773345, 78.66202283333334], [16.877336, 78.66202249999999], [16.8773375, 78.662022], [16.877338833333333, 78.66202150000001], [16.87734, 78.66202116666666], [16.877341333333334, 78.66202083333333], [16.8773425, 78.66202033333334], [16.877343333333332, 78.66202], [16.877344166666667, 78.66201966666667], [16.877345166666665, 78.66201933333333], [16.877346166666666, 78.662019], [16.877347166666667, 78.66201866666667], [16.877348166666664, 78.66201833333334], [16.877348833333333, 78.662018], [16.877349833333334, 78.66201766666667], [16.8773505, 78.66201733333334], [16.877350999999997, 78.662017], [16.877351666666666, 78.66201666666666], [16.87735233333333, 78.66201633333334], [16.87735316666667, 78.662016], [16.877353666666668, 78.66201566666668], [16.877354166666667, 78.66201550000001], [16.877354833333335, 78.66201516666666], [16.8773555, 78.66201483333333], [16.877356000000002, 78.66201466666666], [16.877356666666667, 78.66201433333335], [16.877357333333336, 78.662014], [16.877357833333335, 78.66201366666665], [16.877358333333333, 78.66201333333333], [16.877358833333336, 78.66201316666667], [16.877359333333334, 78.66201283333334], [16.877359833333333, 78.6620125], [16.877360333333336, 78.66201233333332], [16.877360833333334, 78.662012], [16.877361333333333, 78.66201166666666], [16.877361833333335, 78.6620115], [16.877362166666668, 78.66201116666666], [16.877362833333333, 78.66201099999999], [16.877363166666665, 78.66201066666666], [16.877363333333335, 78.66201033333333], [16.877363833333334, 78.66201016666668], [16.877364333333333, 78.66200983333333], [16.877364833333335, 78.66200966666666], [16.877365333333334, 78.66200933333333], [16.877365666666666, 78.662009], [16.877365666666666, 78.66200883333333], [16.877366, 78.6620085], [16.877366333333335, 78.66200833333333], [16.8773665, 78.662008], [16.877366666666667, 78.66200783333333], [16.877366833333333, 78.6620075], [16.877367166666666, 78.66200733333334], [16.877367333333332, 78.66200699999999], [16.8773675, 78.66200683333334], [16.8773675, 78.66200666666667], [16.877367666666665, 78.66200633333332], [16.877367666666665, 78.662006], [16.877367833333334, 78.66200583333332], [16.877368166666667, 78.66200566666666], [16.877368333333333, 78.6620055], [16.8773685, 78.66200516666666], [16.877368833333332, 78.66200483333334], [16.877369166666664, 78.66200466666666], [16.877369166666664, 78.6620045], [16.8773695, 78.66200433333333], [16.8773695, 78.662004], [16.8773695, 78.66200383333333], [16.877369333333334, 78.66200350000001], [16.8773695, 78.66200333333333], [16.8773695, 78.66200316666666], [16.8773695, 78.66200283333333], [16.8773695, 78.66200266666667], [16.8773695, 78.6620025], [16.8773695, 78.66200233333333], [16.8773695, 78.66200216666667], [16.877369666666667, 78.662002], [16.877369666666667, 78.66200166666665], [16.877369666666667, 78.6620015], [16.877369833333333, 78.66200133333334], [16.877369833333333, 78.66200116666667], [16.87737, 78.66200099999999], [16.877369833333333, 78.66200066666667], [16.8773695, 78.6620005], [16.8773695, 78.66200033333332], [16.877369333333334, 78.66200016666667], [16.877369166666664, 78.662], [16.877368999999998, 78.66199983333333], [16.877368666666666, 78.66199950000001], [16.8773685, 78.66199933333334], [16.877368166666667, 78.66199916666666], [16.877368, 78.661999], [16.8773675, 78.66199883333334], [16.877367333333332, 78.66199866666666], [16.877367, 78.6619985], [16.877366666666667, 78.66199833333333], [16.877366333333335, 78.66199816666668], [16.877366, 78.661998], [16.877365833333332, 78.66199783333333], [16.8773655, 78.66199766666666], [16.877365, 78.66199750000001], [16.8773645, 78.66199733333333], [16.877364, 78.66199716666667], [16.877363666666668, 78.661997], [16.877363333333335, 78.66199683333333], [16.877363, 78.66199666666667], [16.877362666666667, 78.66199633333333], [16.877362166666668, 78.66199616666667], [16.877361833333335, 78.661996], [16.877361333333333, 78.66199583333334], [16.877361, 78.66199566666666], [16.877360833333334, 78.6619955], [16.8773605, 78.66199533333334], [16.87736, 78.66199516666667], [16.877359666666667, 78.66199483333334], [16.87735916666667, 78.66199466666667], [16.877358833333336, 78.66199466666667], [16.877358333333333, 78.6619945], [16.877357833333335, 78.66199433333333], [16.877357500000002, 78.661994], [16.877357, 78.66199383333333], [16.877356666666667, 78.66199366666666], [16.877356333333335, 78.66199350000001], [16.877355833333336, 78.66199333333334], [16.8773555, 78.66199316666666], [16.877355166666668, 78.661993], [16.87735466666667, 78.66199283333334], [16.877354500000003, 78.66199266666666], [16.877354, 78.6619925], [16.877353333333335, 78.66199216666668], [16.877352833333337, 78.661992], [16.87735233333333, 78.66199183333333], [16.877352, 78.66199166666667], [16.877351666666666, 78.66199150000001], [16.8773515, 78.66199133333333], [16.877350999999997, 78.66199116666667], [16.8773505, 78.661991], [16.87735, 78.66199083333332], [16.877349666666664, 78.66199066666667], [16.877349166666665, 78.66199066666667], [16.8773485, 78.6619905], [16.87734783333333, 78.66199033333334], [16.877347166666667, 78.66199033333334], [16.877346666666664, 78.66199016666665], [16.877346166666666, 78.66199], [16.877345666666667, 78.66198983333334], [16.877345166666665, 78.66198966666666], [16.877344666666666, 78.66198949999999], [16.877343833333335, 78.66198949999999], [16.877343333333332, 78.66198933333334], [16.877342666666667, 78.66198916666667], [16.877342, 78.66198916666667], [16.877341333333334, 78.66198899999999], [16.877340666666665, 78.66198883333333], [16.87734, 78.66198866666667], [16.877339333333335, 78.6619885], [16.877338833333333, 78.66198833333333], [16.877338166666668, 78.66198816666666], [16.8773375, 78.66198800000001], [16.877336666666668, 78.66198783333333], [16.877336, 78.66198783333333], [16.877335333333335, 78.66198766666666], [16.877334666666666, 78.6619875], [16.877333833333335, 78.6619875], [16.877333, 78.66198733333334], [16.877332333333335, 78.66198716666666], [16.8773315, 78.661987], [16.877330833333335, 78.66198683333333], [16.877329999999997, 78.66198666666666], [16.877329333333332, 78.66198666666666], [16.877328499999997, 78.6619865], [16.877327833333332, 78.66198633333333], [16.877326999999998, 78.66198616666667], [16.8773265, 78.66198616666667], [16.877325833333334, 78.661986], [16.877325, 78.66198583333333], [16.877324333333334, 78.66198583333333], [16.8773235, 78.66198566666667], [16.877323, 78.6619855], [16.877322166666666, 78.66198533333333], [16.8773215, 78.66198516666667], [16.877321, 78.661985], [16.877320166666667, 78.661985], [16.8773195, 78.66198483333332], [16.877318666666667, 78.66198466666667], [16.877317666666666, 78.66198466666667], [16.877316833333335, 78.6619845], [16.877315833333334, 78.66198433333334], [16.877314833333333, 78.66198433333334], [16.877313833333336, 78.66198416666666], [16.877313, 78.661984], [16.877312, 78.661984], [16.877311000000002, 78.66198383333334], [16.877310166666668, 78.66198366666666], [16.877309333333336, 78.66198349999999], [16.877308333333335, 78.66198333333334], [16.87730733333333, 78.66198333333334], [16.877306166666664, 78.66198316666667], [16.877305166666666, 78.66198299999999], [16.877304, 78.66198283333333], [16.877303166666664, 78.66198266666667], [16.877302166666666, 78.66198250000001], [16.877301166666665, 78.66198250000001], [16.877300333333334, 78.66198233333333], [16.8772995, 78.66198216666666], [16.8772985, 78.66198200000001], [16.877297666666667, 78.66198183333333], [16.8772965, 78.66198166666666], [16.8772955, 78.66198166666666], [16.877294333333335, 78.6619815], [16.877293333333334, 78.66198133333334], [16.877292333333333, 78.66198133333334], [16.877291, 78.66198116666666], [16.877289666666666, 78.661981], [16.877288333333336, 78.661981], [16.8772875, 78.66198083333333], [16.877286333333334, 78.66198066666666], [16.877285333333337, 78.66198066666666], [16.877284166666666, 78.6619805], [16.87728333333333, 78.66198033333333], [16.877282166666664, 78.66198016666667], [16.877281333333332, 78.66198], [16.877280166666665, 78.66197983333333], [16.877278999999998, 78.66197983333333], [16.877278, 78.66197966666667], [16.877277, 78.6619795], [16.877276166666665, 78.66197933333333], [16.877275166666667, 78.66197916666667], [16.877274333333332, 78.661979], [16.877273166666665, 78.66197883333332], [16.877272166666668, 78.66197866666667], [16.877271, 78.6619785], [16.877270166666666, 78.66197833333334], [16.877269333333334, 78.66197816666666], [16.8772685, 78.661978], [16.877267333333336, 78.66197783333334], [16.877266333333335, 78.66197766666667], [16.877265333333334, 78.66197749999999], [16.877264333333336, 78.66197733333334], [16.87726316666667, 78.66197733333334], [16.87726233333333, 78.66197716666667], [16.8772615, 78.661977], [16.877260666666665, 78.66197683333333], [16.877259833333333, 78.66197666666667], [16.877258833333332, 78.66197650000001], [16.877258166666664, 78.66197633333333], [16.877257333333333, 78.66197616666666], [16.877256833333334, 78.66197583333333], [16.877255833333333, 78.66197566666666], [16.877255166666664, 78.6619755], [16.8772545, 78.66197533333334], [16.877253666666665, 78.66197516666666], [16.877253, 78.661975], [16.877252333333335, 78.66197483333333], [16.8772515, 78.66197466666668], [16.877250833333335, 78.6619745], [16.87725, 78.66197433333333], [16.877249166666665, 78.66197416666667], [16.877248333333334, 78.661974], [16.8772475, 78.66197383333333], [16.877246666666668, 78.66197366666667], [16.877246, 78.6619735], [16.87724516666667, 78.66197333333334], [16.8772445, 78.66197316666667], [16.877243833333335, 78.661973], [16.877243333333336, 78.66197283333332], [16.877242666666668, 78.66197266666667], [16.877242000000003, 78.6619725], [16.877241, 78.66197233333334], [16.877240166666663, 78.661972], [16.877239166666666, 78.66197183333334], [16.877238499999997, 78.66197166666667], [16.8772375, 78.66197166666667], [16.8772365, 78.66197149999999], [16.877235499999998, 78.66197133333334], [16.877234333333334, 78.661971], [16.877233333333333, 78.661971], [16.877232333333332, 78.66197083333333], [16.877231333333334, 78.66197066666668], [16.877230333333333, 78.66197050000001], [16.877229333333332, 78.66197033333333], [16.8772285, 78.66197000000001], [16.8772275, 78.66196983333333], [16.8772265, 78.66196983333333], [16.8772255, 78.66196966666666], [16.877224333333334, 78.6619695], [16.877223, 78.66196933333335], [16.877222, 78.66196916666667], [16.877221000000002, 78.661969], [16.87722, 78.66196866666668], [16.877218833333334, 78.6619685], [16.877217833333336, 78.66196833333333], [16.877216666666666, 78.66196816666667], [16.8772155, 78.66196816666667], [16.87721433333333, 78.66196799999999], [16.877213166666667, 78.66196783333334], [16.877211833333334, 78.66196766666667], [16.877210666666667, 78.6619675], [16.8772095, 78.6619675], [16.877208333333332, 78.66196733333332], [16.877207, 78.66196716666667], [16.877205833333335, 78.661967], [16.877204833333334, 78.661967], [16.877203666666666, 78.66196683333332], [16.8772025, 78.66196666666666], [16.8772015, 78.66196666666666], [16.87720016666667, 78.6619665], [16.877199, 78.6619665], [16.877197833333334, 78.66196633333334], [16.8771965, 78.66196616666666], [16.87719516666667, 78.66196599999999], [16.877193833333333, 78.66196599999999], [16.877192833333332, 78.66196583333334], [16.87719183333333, 78.66196583333334], [16.877190499999998, 78.66196566666667], [16.877189166666668, 78.66196566666667], [16.877187833333334, 78.6619655], [16.877186666666667, 78.6619655], [16.877185333333333, 78.66196533333333], [16.877184, 78.66196533333333], [16.877182666666666, 78.66196516666668], [16.8771815, 78.66196516666668], [16.877180333333335, 78.66196516666668], [16.877179166666668, 78.661965], [16.877177833333334, 78.661965], [16.877176666666667, 78.661965], [16.877175333333334, 78.661965], [16.87717416666667, 78.66196483333333], [16.87717316666667, 78.66196483333333], [16.877171999999998, 78.66196483333333], [16.877170666666665, 78.66196466666666], [16.877169499999997, 78.66196466666666], [16.877168333333334, 78.66196466666666], [16.877167166666666, 78.66196466666666], [16.877166, 78.66196466666666], [16.877164666666665, 78.66196466666666], [16.877163166666666, 78.66196450000001], [16.877161833333332, 78.66196450000001], [16.87716066666667, 78.66196450000001], [16.8771595, 78.66196450000001], [16.877158333333334, 78.66196450000001], [16.877156833333334, 78.66196433333333], [16.877155333333334, 78.66196433333333], [16.877154166666667, 78.66196433333333], [16.877153333333336, 78.66196433333333], [16.877152333333335, 78.66196450000001], [16.877151333333334, 78.66196450000001], [16.87715016666667, 78.66196450000001], [16.877148833333333, 78.66196433333333], [16.877147666666666, 78.66196433333333], [16.8771465, 78.66196450000001], [16.87714533333333, 78.66196450000001], [16.877143999999998, 78.66196450000001], [16.877142833333334, 78.66196450000001], [16.8771415, 78.66196450000001], [16.87714, 78.66196433333333], [16.877138833333333, 78.66196450000001], [16.877137666666666, 78.66196450000001], [16.877136333333333, 78.66196433333333], [16.877134666666667, 78.66196433333333], [16.877133166666667, 78.66196433333333], [16.877131833333333, 78.66196433333333], [16.8771305, 78.66196433333333], [16.877129333333336, 78.66196416666666], [16.877128000000003, 78.66196416666666], [16.877126666666665, 78.66196416666666], [16.877125333333332, 78.66196416666666], [16.87712433333333, 78.661964], [16.877122999999997, 78.661964], [16.877121833333334, 78.661964], [16.877120166666668, 78.661964], [16.877118666666668, 78.661964], [16.877117333333334, 78.66196383333333], [16.877116333333333, 78.66196383333333], [16.877115, 78.66196366666667], [16.877113666666666, 78.66196366666667], [16.877112166666667, 78.6619635], [16.877110666666667, 78.6619635], [16.8771095, 78.66196333333333], [16.87710816666667, 78.66196333333333], [16.877106833333336, 78.66196316666667], [16.877105333333336, 78.66196316666667], [16.877104, 78.661963], [16.877102666666666, 78.66196283333333], [16.877101166666666, 78.66196283333333], [16.877099833333332, 78.66196266666667], [16.8770985, 78.66196266666667], [16.877096833333333, 78.6619625], [16.8770955, 78.6619625], [16.877094, 78.66196233333334], [16.877092833333332, 78.66196233333334], [16.877091333333333, 78.66196216666667], [16.87709, 78.66196216666667], [16.8770885, 78.66196199999999], [16.877087, 78.66196199999999], [16.877085833333336, 78.66196183333334], [16.87708466666667, 78.66196183333334], [16.877083333333335, 78.66196166666667], [16.87708183333333, 78.66196166666667], [16.877080499999998, 78.6619615], [16.877079166666665, 78.6619615], [16.877077999999997, 78.6619615], [16.877076833333334, 78.66196133333332], [16.8770755, 78.66196133333332], [16.877074333333333, 78.66196116666667], [16.877073, 78.66196133333332], [16.877071666666666, 78.66196116666667], [16.877070333333332, 78.66196116666667], [16.87706916666667, 78.66196116666667], [16.877067833333335, 78.66196116666667], [16.87706616666667, 78.66196133333332], [16.87706466666667, 78.66196133333332], [16.87706316666667, 78.66196133333332], [16.87706166666667, 78.66196133333332], [16.877059666666664, 78.66196166666667], [16.8770575, 78.66196216666667], [16.877055666666667, 78.66196233333334], [16.877053999999998, 78.66196233333334], [16.877052499999998, 78.66196233333334], [16.877051333333334, 78.66196216666667], [16.877050333333333, 78.66196199999999], [16.877049166666666, 78.66196183333334], [16.877048333333335, 78.66196183333334], [16.877047, 78.66196166666667], [16.877045833333334, 78.6619615], [16.877044833333333, 78.66196133333332], [16.87704366666667, 78.66196133333332], [16.8770425, 78.66196116666667], [16.877041333333334, 78.661961], [16.87704, 78.661961], [16.877038666666667, 78.66196083333332], [16.877037166666664, 78.66196083333332], [16.877035666666664, 78.66196066666666], [16.87703433333333, 78.66196066666666], [16.877032999999997, 78.66196066666666], [16.877031833333334, 78.66196066666666], [16.8770305, 78.66196066666666], [16.877029, 78.66196066666666], [16.8770275, 78.66196066666666], [16.877026166666667, 78.66196066666666], [16.877025, 78.6619605], [16.877023833333332, 78.6619605], [16.877022333333333, 78.6619605], [16.877021, 78.6619605], [16.877019333333333, 78.66196033333334], [16.877018333333336, 78.66196033333334], [16.87701716666667, 78.66196033333334], [16.877016, 78.66196016666666], [16.877014666666664, 78.66196], [16.877013166666664, 78.66196], [16.877011666666665, 78.66196], [16.877010499999997, 78.66195983333334], [16.877009166666667, 78.66195966666668], [16.877008, 78.66195966666668], [16.877006833333333, 78.6619595], [16.877005333333333, 78.66195933333333], [16.877003833333333, 78.66195916666668], [16.8770025, 78.661959], [16.877001, 78.661959], [16.876999833333333, 78.66195883333333], [16.8769985, 78.66195866666666], [16.876997, 78.66195850000001], [16.876995166666667, 78.66195850000001], [16.876993666666667, 78.66195833333333], [16.87699233333333, 78.66195816666666], [16.876991166666667, 78.66195816666666], [16.876989833333333, 78.661958], [16.876988166666667, 78.661958], [16.876986666666667, 78.66195783333333], [16.876985333333334, 78.66195783333333], [16.876984, 78.66195783333333], [16.876982666666667, 78.66195766666667], [16.876981166666667, 78.66195766666667], [16.8769795, 78.66195766666667], [16.876977833333335, 78.6619575], [16.87697616666667, 78.6619575], [16.87697466666667, 78.6619575], [16.876973333333336, 78.6619575], [16.876971833333336, 78.6619575], [16.876969999999996, 78.6619575], [16.876968499999997, 78.66195733333333], [16.876967166666667, 78.66195733333333], [16.876965833333333, 78.66195733333333], [16.876964333333333, 78.66195716666667], [16.876963, 78.66195716666667], [16.8769615, 78.66195716666667], [16.876960166666667, 78.661957], [16.876959, 78.661957], [16.8769575, 78.66195683333333], [16.876956166666666, 78.66195683333333], [16.876954666666666, 78.66195666666667], [16.876953166666667, 78.66195666666667], [16.876951833333333, 78.6619565], [16.876950500000003, 78.6619565], [16.87694916666667, 78.66195633333334], [16.876948000000002, 78.66195616666667], [16.8769465, 78.66195616666667], [16.876945166666665, 78.66195599999999], [16.876943999999998, 78.66195599999999], [16.876943, 78.66195583333334], [16.876942, 78.66195583333334], [16.876941, 78.66195566666667], [16.87693983333333, 78.6619555], [16.8769385, 78.6619555], [16.8769375, 78.66195533333332], [16.876936666666666, 78.66195516666667], [16.876935666666668, 78.661955], [16.876934333333335, 78.66195483333333], [16.876933, 78.66195483333333], [16.876931666666668, 78.66195466666666], [16.876930333333334, 78.66195450000001], [16.876929, 78.66195433333334], [16.876927833333333, 78.66195433333334], [16.876926500000003, 78.66195416666666], [16.876925500000002, 78.661954], [16.87692433333333, 78.661954], [16.876923166666664, 78.66195383333334], [16.876922, 78.66195366666668], [16.876920833333333, 78.66195366666668], [16.8769195, 78.6619535], [16.876918333333332, 78.66195333333333], [16.876917166666665, 78.66195316666668], [16.876916, 78.66195316666668], [16.876914833333334, 78.661953], [16.8769135, 78.661953], [16.876912333333333, 78.66195283333333], [16.876911166666666, 78.66195283333333], [16.876909833333333, 78.66195266666666], [16.876908500000003, 78.66195250000001], [16.876907333333335, 78.66195250000001], [16.876906166666668, 78.66195250000001], [16.876905, 78.66195233333333], [16.876903833333333, 78.66195216666667], [16.87690233333333, 78.66195216666667], [16.876901166666666, 78.661952], [16.876900166666665, 78.661952], [16.876898999999998, 78.66195183333333], [16.876898, 78.66195183333333], [16.876896666666667, 78.66195166666667], [16.8768955, 78.66195166666667], [16.876894333333333, 78.6619515], [16.87689333333333, 78.66195133333333], [16.876892333333334, 78.66195133333333], [16.8768915, 78.66195116666667], [16.876890166666666, 78.66195116666667], [16.87688916666667, 78.661951], [16.876888166666667, 78.661951], [16.876887166666666, 78.66195083333334], [16.87688616666667, 78.66195066666667], [16.876885, 78.66195066666667], [16.876883666666668, 78.6619505], [16.876882333333334, 78.6619505], [16.876881166666667, 78.66195033333334], [16.876879666666664, 78.66195016666667], [16.876878166666664, 78.66194999999999], [16.876876666666664, 78.66194999999999], [16.876875166666665, 78.66194983333334], [16.87687383333333, 78.66194966666667], [16.876872666666667, 78.66194966666667], [16.876871166666668, 78.6619495], [16.876869833333334, 78.66194933333333], [16.876868333333334, 78.66194933333333], [16.876867166666667, 78.66194916666667], [16.876865833333333, 78.661949], [16.8768645, 78.66194883333333], [16.876863, 78.66194883333333], [16.876861666666667, 78.66194866666666], [16.876860333333333, 78.66194850000001], [16.876859000000003, 78.66194850000001], [16.876857500000003, 78.66194833333334], [16.876856, 78.66194833333334], [16.876854666666667, 78.66194816666666], [16.876853, 78.66194816666666], [16.8768515, 78.661948], [16.876850166666667, 78.661948], [16.876848666666667, 78.66194783333334], [16.876847333333334, 78.66194783333334], [16.8768455, 78.66194766666668], [16.876844000000002, 78.66194766666668], [16.876842333333332, 78.66194766666668], [16.876840833333333, 78.6619475], [16.876839500000003, 78.66194733333333], [16.876838000000003, 78.66194733333333], [16.876836166666667, 78.66194733333333], [16.876834499999998, 78.66194716666668], [16.876832666666665, 78.661947], [16.876831, 78.661947], [16.876829333333333, 78.66194683333333], [16.87682733333333, 78.66194683333333], [16.8768255, 78.66194683333333], [16.876823833333333, 78.66194666666667], [16.876822166666667, 78.66194666666667], [16.876820333333335, 78.66194650000001], [16.87681866666667, 78.66194650000001], [16.876817000000003, 78.66194633333333], [16.876815166666667, 78.66194633333333], [16.876813333333335, 78.66194616666667], [16.876811333333332, 78.66194616666667], [16.87680933333333, 78.66194616666667], [16.876807666666664, 78.661946], [16.876805333333333, 78.661946], [16.87680333333333, 78.66194583333332], [16.876801333333333, 78.66194583333332], [16.876799333333334, 78.66194583333332], [16.87679766666667, 78.66194566666667], [16.876795833333333, 78.66194566666667], [16.876794166666667, 78.6619455], [16.8767925, 78.6619455], [16.87679066666667, 78.6619455], [16.876789, 78.66194533333334], [16.876787166666666, 78.66194533333334], [16.876785666666667, 78.66194516666665], [16.876784, 78.66194516666665], [16.876782166666665, 78.661945], [16.8767805, 78.661945], [16.876778666666667, 78.66194483333334], [16.876777166666667, 78.66194483333334], [16.8767755, 78.66194483333334], [16.876774, 78.66194466666667], [16.8767725, 78.66194449999999], [16.876770833333335, 78.66194449999999], [16.876769333333336, 78.66194449999999], [16.876767833333336, 78.66194433333334], [16.876766333333332, 78.66194433333334], [16.876764666666666, 78.66194416666667], [16.876763166666667, 78.66194416666667], [16.8767615, 78.66194399999999], [16.87675983333333, 78.66194399999999], [16.87675833333333, 78.66194383333332], [16.87675683333333, 78.66194366666667], [16.876755166666666, 78.66194366666667], [16.8767535, 78.6619435], [16.876751833333334, 78.6619435], [16.876750166666667, 78.66194333333333], [16.8767485, 78.66194333333333], [16.876746833333335, 78.66194316666666], [16.87674516666667, 78.66194300000001], [16.8767435, 78.66194300000001], [16.87674183333333, 78.66194283333333], [16.876739999999998, 78.66194283333333], [16.876738333333332, 78.66194266666666], [16.876736833333332, 78.66194266666666], [16.876735166666666, 78.6619425], [16.876733666666667, 78.66194233333334], [16.876732, 78.66194233333334], [16.876730333333334, 78.66194216666666], [16.87672866666667, 78.66194216666666], [16.876726833333333, 78.661942], [16.876725, 78.66194183333333], [16.876723333333334, 78.66194183333333], [16.8767215, 78.66194166666668], [16.876719833333333, 78.6619415], [16.876718333333333, 78.6619415], [16.876716833333333, 78.66194133333333], [16.876715333333333, 78.66194116666667], [16.876713666666667, 78.66194116666667], [16.87671183333333, 78.661941], [16.876710166666665, 78.661941], [16.876708333333333, 78.66194083333333], [16.876706666666667, 78.66194066666667], [16.876704833333335, 78.66194066666667], [16.876702833333333, 78.6619405], [16.876701166666667, 78.66194033333333], [16.87669933333333, 78.66194016666667], [16.876697666666665, 78.66194016666667], [16.876696166666665, 78.66194], [16.876694666666666, 78.66193983333332], [16.876693166666666, 78.66193983333332], [16.876691666666666, 78.66193966666667], [16.87669, 78.6619395], [16.876688333333334, 78.66193933333334], [16.8766865, 78.66193916666666], [16.876684666666666, 78.66193916666666], [16.876682666666667, 78.661939], [16.876680833333335, 78.66193883333334], [16.87667916666667, 78.66193866666667], [16.876677500000003, 78.66193849999999], [16.876675666666664, 78.66193849999999], [16.876673999999998, 78.66193833333334], [16.87667233333333, 78.66193816666667], [16.876670666666666, 78.66193799999999], [16.876669, 78.66193783333333], [16.8766675, 78.66193783333333], [16.876665833333334, 78.66193766666667], [16.876664, 78.66193750000001], [16.876662166666666, 78.66193750000001], [16.876660166666667, 78.66193733333333], [16.8766585, 78.66193716666666], [16.87665666666667, 78.66193700000001], [16.876654833333337, 78.66193700000001], [16.876652999999997, 78.66193683333333], [16.876651166666665, 78.66193666666666], [16.876649333333333, 78.66193666666666], [16.876647666666667, 78.6619365], [16.876645666666665, 78.66193633333334], [16.876643833333333, 78.66193633333334], [16.876642, 78.66193616666666], [16.876640166666668, 78.661936], [16.876638500000002, 78.661936], [16.876636833333336, 78.66193583333333], [16.876635333333336, 78.66193583333333], [16.8766335, 78.66193566666668], [16.8766315, 78.66193566666668], [16.876629666666666, 78.6619355], [16.876627833333334, 78.66193533333333], [16.876625999999998, 78.66193533333333], [16.876624166666666, 78.66193516666667], [16.876622333333334, 78.661935], [16.8766205, 78.661935], [16.876618666666666, 78.66193483333333], [16.876617, 78.66193466666667], [16.876615333333334, 78.6619345], [16.876613666666668, 78.6619345], [16.876612166666668, 78.66193433333333], [16.876610666666668, 78.66193416666667], [16.876609, 78.661934], [16.876607333333332, 78.661934], [16.876605833333333, 78.66193383333332], [16.876604333333333, 78.66193366666667], [16.876602666666667, 78.66193366666667], [16.876601166666667, 78.6619335], [16.876599666666667, 78.66193333333334], [16.876598, 78.66193316666666], [16.8765965, 78.661933], [16.876595166666668, 78.66193283333334], [16.876593833333335, 78.66193266666667], [16.876592333333335, 78.66193249999999], [16.876591, 78.66193249999999], [16.876589666666668, 78.66193233333334], [16.876588333333334, 78.66193216666667], [16.876587166666663, 78.661932], [16.876585833333333, 78.661932], [16.8765845, 78.66193183333333], [16.876583166666666, 78.66193166666667], [16.876581833333333, 78.66193150000001], [16.8765805, 78.66193133333333], [16.876579, 78.66193133333333], [16.876577666666666, 78.66193116666666], [16.876576166666666, 78.66193100000001], [16.876574666666667, 78.66193083333333], [16.876573166666667, 78.66193066666666], [16.876572166666666, 78.6619305], [16.876570666666666, 78.6619305], [16.876569333333336, 78.66193033333334], [16.87656816666667, 78.66193016666666], [16.876566833333335, 78.66193], [16.876565666666668, 78.66192983333333], [16.876564499999997, 78.66192966666668], [16.876563166666664, 78.6619295], [16.876561833333334, 78.6619295], [16.8765605, 78.66192933333333], [16.876559166666667, 78.66192916666667], [16.876558, 78.661929], [16.876556666666666, 78.66192883333333], [16.876555, 78.66192883333333], [16.876553666666666, 78.66192866666667], [16.876552333333333, 78.6619285], [16.876551, 78.66192833333334], [16.87655, 78.66192816666667], [16.876548666666668, 78.661928], [16.87654716666667, 78.661928], [16.876546, 78.66192783333332], [16.876544666666668, 78.66192766666667], [16.876543333333334, 78.6619275], [16.87654183333333, 78.66192733333334], [16.876540499999997, 78.66192716666666], [16.876538999999998, 78.661927], [16.876537499999998, 78.66192683333334], [16.876535999999998, 78.66192666666667], [16.876534499999998, 78.66192649999999], [16.876532833333332, 78.66192633333334], [16.8765315, 78.66192633333334], [16.876530166666665, 78.66192616666667], [16.876528833333335, 78.661926], [16.8765275, 78.66192583333333], [16.876526000000002, 78.66192566666668], [16.876524500000002, 78.66192550000001], [16.876523000000002, 78.66192533333333], [16.87652166666667, 78.66192516666666], [16.87652016666667, 78.66192500000001], [16.876518666666666, 78.66192483333333], [16.876517333333332, 78.66192483333333], [16.876516, 78.66192466666666], [16.87651483333333, 78.6619245], [16.876513666666664, 78.66192433333335], [16.8765125, 78.661924], [16.8765115, 78.661924], [16.876510333333332, 78.66192383333333], [16.876509333333335, 78.66192366666668], [16.876508, 78.6619235]]]}}]}