timestamp,utc,src,src_ent,src_ent_label,dst,dst_ent,value
1788853788.4749866,2026-09-08T07:49:48.474986Z,8259,70,CTD,65535,255,1025.4476318359375
1788853788.6749594,2026-09-08T07:49:48.674959Z,8259,70,CTD,65535,255,1025.4473876953125
1788853788.8751404,2026-09-08T07:49:48.875140Z,8259,70,CTD,65535,255,1025.44873046875
1788853789.075031,2026-09-08T07:49:49.075031Z,8259,70,CTD,65535,255,1025.4486083984375
1788853789.2750425,2026-09-08T07:49:49.275042Z,8259,70,CTD,65535,255,1025.439697265625
1788853789.4749815,2026-09-08T07:49:49.474981Z,8259,70,CTD,65535,255,1025.43896484375
1788853789.6749322,2026-09-08T07:49:49.674932Z,8259,70,CTD,65535,255,1025.4490966796875
1788853789.874901,2026-09-08T07:49:49.874901Z,8259,70,CTD,65535,255,1025.4482421875
1788853790.0751846,2026-09-08T07:49:50.075184Z,8259,70,CTD,65535,255,1025.4483642578125
1788853790.2749908,2026-09-08T07:49:50.274990Z,8259,70,CTD,65535,255,1025.44921875
1788853790.474889,2026-09-08T07:49:50.474889Z,8259,70,CTD,65535,255,1025.4468994140625
1788853790.6749022,2026-09-08T07:49:50.674902Z,8259,70,CTD,65535,255,1025.4483642578125
1788853790.8748703,2026-09-08T07:49:50.874870Z,8259,70,CTD,65535,255,1025.452392578125
1788853791.0753293,2026-09-08T07:49:51.075329Z,8259,70,CTD,65535,255,1025.45263671875
1788853791.274952,2026-09-08T07:49:51.274951Z,8259,70,CTD,65535,255,1025.4510498046875
1788853791.474868,2026-09-08T07:49:51.474868Z,8259,70,CTD,65535,255,1025.449462890625
1788853791.6747615,2026-09-08T07:49:51.674761Z,8259,70,CTD,65535,255,1025.447998046875
1788853791.8748477,2026-09-08T07:49:51.874847Z,8259,70,CTD,65535,255,1025.4288330078125
1788853792.0750165,2026-09-08T07:49:52.075016Z,8259,70,CTD,65535,255,1025.4234619140625
1788853792.2748952,2026-09-08T07:49:52.274895Z,8259,70,CTD,65535,255,1025.4293212890625
1788853792.4748237,2026-09-08T07:49:52.474823Z,8259,70,CTD,65535,255,1025.4381103515625
1788853792.6747148,2026-09-08T07:49:52.674714Z,8259,70,CTD,65535,255,1025.4486083984375
1788853792.8748043,2026-09-08T07:49:52.874804Z,8259,70,CTD,65535,255,1025.448486328125
1788853793.0751505,2026-09-08T07:49:53.075150Z,8259,70,CTD,65535,255,1025.4508056640625
1788853793.2748432,2026-09-08T07:49:53.274843Z,8259,70,CTD,65535,255,1025.450439453125
1788853793.474806,2026-09-08T07:49:53.474806Z,8259,70,CTD,65535,255,1025.448974609375
1788853793.6747708,2026-09-08T07:49:53.674770Z,8259,70,CTD,65535,255,1025.449951171875
1788853793.8746662,2026-09-08T07:49:53.874666Z,8259,70,CTD,65535,255,1025.451171875
1788853794.075304,2026-09-08T07:49:54.075304Z,8259,70,CTD,65535,255,1025.4503173828125
1788853794.274795,2026-09-08T07:49:54.274795Z,8259,70,CTD,65535,255,1025.447021484375
1788853794.4747343,2026-09-08T07:49:54.474734Z,8259,70,CTD,65535,255,1025.4486083984375
1788853794.6747212,2026-09-08T07:49:54.674721Z,8259,70,CTD,65535,255,1025.4462890625
1788853794.8747287,2026-09-08T07:49:54.874728Z,8259,70,CTD,65535,255,1025.4476318359375
1788853795.074958,2026-09-08T07:49:55.074958Z,8259,70,CTD,65535,255,1025.4501953125
1788853795.2748048,2026-09-08T07:49:55.274804Z,8259,70,CTD,65535,255,1025.4495849609375
1788853795.4747536,2026-09-08T07:49:55.474753Z,8259,70,CTD,65535,255,1025.450439453125
1788853795.674717,2026-09-08T07:49:55.674716Z,8259,70,CTD,65535,255,1025.4505615234375
1788853795.874701,2026-09-08T07:49:55.874701Z,8259,70,CTD,65535,255,1025.449462890625
1788853796.074914,2026-09-08T07:49:56.074913Z,8259,70,CTD,65535,255,1025.4404296875
1788853796.2747345,2026-09-08T07:49:56.274734Z,8259,70,CTD,65535,255,1025.4417724609375
1788853796.474704,2026-09-08T07:49:56.474704Z,8259,70,CTD,65535,255,1025.449951171875
1788853796.674706,2026-09-08T07:49:56.674705Z,8259,70,CTD,65535,255,1025.44970703125
1788853796.874537,2026-09-08T07:49:56.874536Z,8259,70,CTD,65535,255,1025.4483642578125
1788853797.074854,2026-09-08T07:49:57.074853Z,8259,70,CTD,65535,255,1025.451171875
1788853797.2747438,2026-09-08T07:49:57.274743Z,8259,70,CTD,65535,255,1025.4443359375
1788853797.474695,2026-09-08T07:49:57.474694Z,8259,70,CTD,65535,255,1025.447509765625
1788853797.6747448,2026-09-08T07:49:57.674744Z,8259,70,CTD,65535,255,1025.4462890625
1788853797.874723,2026-09-08T07:49:57.874722Z,8259,70,CTD,65535,255,1025.4449462890625
1788853798.0748274,2026-09-08T07:49:58.074827Z,8259,70,CTD,65535,255,1025.44921875
1788853798.274796,2026-09-08T07:49:58.274796Z,8259,70,CTD,65535,255,1025.4471435546875
1788853798.474848,2026-09-08T07:49:58.474848Z,8259,70,CTD,65535,255,1025.4462890625
1788853798.6747947,2026-09-08T07:49:58.674794Z,8259,70,CTD,65535,255,1025.445556640625
1788853798.874847,2026-09-08T07:49:58.874846Z,8259,70,CTD,65535,255,1025.447509765625
1788853799.0748646,2026-09-08T07:49:59.074864Z,8259,70,CTD,65535,255,1025.4417724609375
1788853799.2749162,2026-09-08T07:49:59.274916Z,8259,70,CTD,65535,255,1025.451171875
1788853799.4745457,2026-09-08T07:49:59.474545Z,8259,70,CTD,65535,255,1025.448486328125
1788853799.674897,2026-09-08T07:49:59.674896Z,8259,70,CTD,65535,255,1025.4521484375
1788853799.874738,2026-09-08T07:49:59.874737Z,8259,70,CTD,65535,255,1025.44970703125
1788853800.0747738,2026-09-08T07:50:00.074773Z,8259,70,CTD,65535,255,1025.4498291015625
1788853800.2748997,2026-09-08T07:50:00.274899Z,8259,70,CTD,65535,255,1025.4473876953125
1788853800.4747684,2026-09-08T07:50:00.474768Z,8259,70,CTD,65535,255,1025.4483642578125
1788853800.6746097,2026-09-08T07:50:00.674609Z,8259,70,CTD,65535,255,1025.4449462890625
1788853800.8746774,2026-09-08T07:50:00.874677Z,8259,70,CTD,65535,255,1025.44580078125
1788853801.074851,2026-09-08T07:50:01.074851Z,8259,70,CTD,65535,255,1025.4486083984375
1788853801.2747173,2026-09-08T07:50:01.274717Z,8259,70,CTD,65535,255,1025.448486328125
1788853801.4746168,2026-09-08T07:50:01.474616Z,8259,70,CTD,65535,255,1025.4537353515625
1788853801.6747587,2026-09-08T07:50:01.674758Z,8259,70,CTD,65535,255,1025.455322265625
1788853801.8747966,2026-09-08T07:50:01.874796Z,8259,70,CTD,65535,255,1025.456787109375
1788853802.0748353,2026-09-08T07:50:02.074835Z,8259,70,CTD,65535,255,1025.4539794921875
1788853802.2748132,2026-09-08T07:50:02.274813Z,8259,70,CTD,65535,255,1025.4573974609375
1788853802.4747403,2026-09-08T07:50:02.474740Z,8259,70,CTD,65535,255,1025.452392578125
1788853802.6746962,2026-09-08T07:50:02.674696Z,8259,70,CTD,65535,255,1025.453857421875
1788853802.8746533,2026-09-08T07:50:02.874653Z,8259,70,CTD,65535,255,1025.4517822265625
1788853803.0746768,2026-09-08T07:50:03.074676Z,8259,70,CTD,65535,255,1025.4554443359375
1788853803.274178,2026-09-08T07:50:03.274178Z,8259,70,CTD,65535,255,1025.45556640625
1788853803.473602,2026-09-08T07:50:03.473602Z,8259,70,CTD,65535,255,1025.45361328125
1788853803.6728003,2026-09-08T07:50:03.672800Z,8259,70,CTD,65535,255,1025.452880859375
1788853803.8718562,2026-09-08T07:50:03.871856Z,8259,70,CTD,65535,255,1025.4542236328125
1788853804.0716636,2026-09-08T07:50:04.071663Z,8259,70,CTD,65535,255,1025.4521484375
1788853804.271013,2026-09-08T07:50:04.271013Z,8259,70,CTD,65535,255,1025.4515380859375
1788853804.470398,2026-09-08T07:50:04.470397Z,8259,70,CTD,65535,255,1025.4510498046875
1788853804.6697156,2026-09-08T07:50:04.669715Z,8259,70,CTD,65535,255,1025.451416015625
1788853804.8692226,2026-09-08T07:50:04.869222Z,8259,70,CTD,65535,255,1025.4490966796875
1788853805.0687323,2026-09-08T07:50:05.068732Z,8259,70,CTD,65535,255,1025.4554443359375
1788853805.268344,2026-09-08T07:50:05.268343Z,8259,70,CTD,65535,255,1025.4486083984375
1788853805.4681602,2026-09-08T07:50:05.468160Z,8259,70,CTD,65535,255,1025.44677734375
1788853805.6680229,2026-09-08T07:50:05.668022Z,8259,70,CTD,65535,255,1025.4508056640625
1788853805.8678603,2026-09-08T07:50:05.867860Z,8259,70,CTD,65535,255,1025.4556884765625
1788853806.0678685,2026-09-08T07:50:06.067868Z,8259,70,CTD,65535,255,1025.4559326171875
1788853806.2679572,2026-09-08T07:50:06.267957Z,8259,70,CTD,65535,255,1025.4578857421875
1788853806.467981,2026-09-08T07:50:06.467981Z,8259,70,CTD,65535,255,1025.4613037109375
1788853806.6680725,2026-09-08T07:50:06.668072Z,8259,70,CTD,65535,255,1025.45361328125
1788853806.8679886,2026-09-08T07:50:06.867988Z,8259,70,CTD,65535,255,1025.4581298828125
1788853807.0684385,2026-09-08T07:50:07.068438Z,8259,70,CTD,65535,255,1025.4578857421875
1788853807.2684724,2026-09-08T07:50:07.268472Z,8259,70,CTD,65535,255,1025.460205078125
1788853807.4685705,2026-09-08T07:50:07.468570Z,8259,70,CTD,65535,255,1025.458740234375
1788853807.6688006,2026-09-08T07:50:07.668800Z,8259,70,CTD,65535,255,1025.459228515625
1788853807.8688853,2026-09-08T07:50:07.868885Z,8259,70,CTD,65535,255,1025.4580078125
1788853808.069146,2026-09-08T07:50:08.069145Z,8259,70,CTD,65535,255,1025.456787109375
1788853808.2692897,2026-09-08T07:50:08.269289Z,8259,70,CTD,65535,255,1025.4560546875
1788853808.4693875,2026-09-08T07:50:08.469387Z,8259,70,CTD,65535,255,1025.4544677734375
1788853808.6696348,2026-09-08T07:50:08.669634Z,8259,70,CTD,65535,255,1025.45458984375
1788853808.8697464,2026-09-08T07:50:08.869746Z,8259,70,CTD,65535,255,1025.456787109375
1788853809.069895,2026-09-08T07:50:09.069895Z,8259,70,CTD,65535,255,1025.45654296875
1788853809.2701092,2026-09-08T07:50:09.270109Z,8259,70,CTD,65535,255,1025.4561767578125
1788853809.4700696,2026-09-08T07:50:09.470069Z,8259,70,CTD,65535,255,1025.4595947265625
1788853809.6701481,2026-09-08T07:50:09.670148Z,8259,70,CTD,65535,255,1025.455078125
1788853809.87011,2026-09-08T07:50:09.870110Z,8259,70,CTD,65535,255,1025.4537353515625
1788853810.0706246,2026-09-08T07:50:10.070624Z,8259,70,CTD,65535,255,1025.4547119140625
1788853810.270475,2026-09-08T07:50:10.270474Z,8259,70,CTD,65535,255,1025.4569091796875
1788853810.4703398,2026-09-08T07:50:10.470339Z,8259,70,CTD,65535,255,1025.4573974609375
1788853810.6704493,2026-09-08T07:50:10.670449Z,8259,70,CTD,65535,255,1025.45361328125
1788853810.8704724,2026-09-08T07:50:10.870472Z,8259,70,CTD,65535,255,1025.4560546875
1788853811.0706365,2026-09-08T07:50:11.070636Z,8259,70,CTD,65535,255,1025.458251953125
1788853811.2706902,2026-09-08T07:50:11.270690Z,8259,70,CTD,65535,255,1025.456787109375
1788853811.470556,2026-09-08T07:50:11.470556Z,8259,70,CTD,65535,255,1025.4534912109375
1788853811.6704643,2026-09-08T07:50:11.670464Z,8259,70,CTD,65535,255,1025.455322265625
1788853811.8705425,2026-09-08T07:50:11.870542Z,8259,70,CTD,65535,255,1025.4520263671875
1788853812.070604,2026-09-08T07:50:12.070604Z,8259,70,CTD,65535,255,1025.4610595703125
1788853812.2708452,2026-09-08T07:50:12.270845Z,8259,70,CTD,65535,255,1025.4552001953125
1788853812.4705396,2026-09-08T07:50:12.470539Z,8259,70,CTD,65535,255,1025.45751953125
1788853812.6705365,2026-09-08T07:50:12.670536Z,8259,70,CTD,65535,255,1025.454345703125
1788853812.8702881,2026-09-08T07:50:12.870288Z,8259,70,CTD,65535,255,1025.4591064453125
1788853813.0705843,2026-09-08T07:50:13.070584Z,8259,70,CTD,65535,255,1025.4595947265625
1788853813.2703853,2026-09-08T07:50:13.270385Z,8259,70,CTD,65535,255,1025.4599609375
1788853813.4698873,2026-09-08T07:50:13.469887Z,8259,70,CTD,65535,255,1025.467041015625
1788853813.6694934,2026-09-08T07:50:13.669493Z,8259,70,CTD,65535,255,1025.4647216796875
1788853813.86915,2026-09-08T07:50:13.869149Z,8259,70,CTD,65535,255,1025.4578857421875
1788853814.0690138,2026-09-08T07:50:14.069013Z,8259,70,CTD,65535,255,1025.4638671875
1788853814.269731,2026-09-08T07:50:14.269731Z,8259,70,CTD,65535,255,1025.4688720703125
1788853814.4681852,2026-09-08T07:50:14.468185Z,8259,70,CTD,65535,255,1025.4583740234375
1788853814.6680756,2026-09-08T07:50:14.668075Z,8259,70,CTD,65535,255,1025.4549560546875
1788853814.8674943,2026-09-08T07:50:14.867494Z,8259,70,CTD,65535,255,1025.4581298828125
1788853815.0674808,2026-09-08T07:50:15.067480Z,8259,70,CTD,65535,255,1025.465576171875
1788853815.2673466,2026-09-08T07:50:15.267346Z,8259,70,CTD,65535,255,1025.4503173828125
1788853815.4671497,2026-09-08T07:50:15.467149Z,8259,70,CTD,65535,255,1025.4591064453125
1788853815.666963,2026-09-08T07:50:15.666963Z,8259,70,CTD,65535,255,1025.4552001953125
1788853815.8669643,2026-09-08T07:50:15.866964Z,8259,70,CTD,65535,255,1025.454345703125
1788853816.0669942,2026-09-08T07:50:16.066994Z,8259,70,CTD,65535,255,1025.4581298828125
1788853816.2670374,2026-09-08T07:50:16.267037Z,8259,70,CTD,65535,255,1025.455078125
1788853816.4671044,2026-09-08T07:50:16.467104Z,8259,70,CTD,65535,255,1025.457763671875
1788853816.6670318,2026-09-08T07:50:16.667031Z,8259,70,CTD,65535,255,1025.4566650390625
1788853816.867004,2026-09-08T07:50:16.867003Z,8259,70,CTD,65535,255,1025.461181640625
1788853817.0672412,2026-09-08T07:50:17.067241Z,8259,70,CTD,65535,255,1025.4505615234375
1788853817.2672431,2026-09-08T07:50:17.267243Z,8259,70,CTD,65535,255,1025.4512939453125
1788853817.4671907,2026-09-08T07:50:17.467190Z,8259,70,CTD,65535,255,1025.4464111328125
1788853817.667273,2026-09-08T07:50:17.667273Z,8259,70,CTD,65535,255,1025.4400634765625
1788853817.8673615,2026-09-08T07:50:17.867361Z,8259,70,CTD,65535,255,1025.45361328125
1788853818.0678399,2026-09-08T07:50:18.067839Z,8259,70,CTD,65535,255,1025.4471435546875
1788853818.2675934,2026-09-08T07:50:18.267593Z,8259,70,CTD,65535,255,1025.451171875
1788853818.4674814,2026-09-08T07:50:18.467481Z,8259,70,CTD,65535,255,1025.450439453125
1788853818.667683,2026-09-08T07:50:18.667682Z,8259,70,CTD,65535,255,1025.4515380859375
1788853818.8677278,2026-09-08T07:50:18.867727Z,8259,70,CTD,65535,255,1025.4476318359375
1788853819.0679216,2026-09-08T07:50:19.067921Z,8259,70,CTD,65535,255,1025.4542236328125
1788853819.2678895,2026-09-08T07:50:19.267889Z,8259,70,CTD,65535,255,1025.4476318359375
1788853819.468222,2026-09-08T07:50:19.468221Z,8259,70,CTD,65535,255,1025.4595947265625
1788853819.6683342,2026-09-08T07:50:19.668334Z,8259,70,CTD,65535,255,1025.4552001953125
1788853819.868609,2026-09-08T07:50:19.868608Z,8259,70,CTD,65535,255,1025.4566650390625
1788853820.0688138,2026-09-08T07:50:20.068813Z,8259,70,CTD,65535,255,1025.457275390625
1788853820.268984,2026-09-08T07:50:20.268984Z,8259,70,CTD,65535,255,1025.455078125
1788853820.469066,2026-09-08T07:50:20.469065Z,8259,70,CTD,65535,255,1025.4571533203125
1788853820.669308,2026-09-08T07:50:20.669307Z,8259,70,CTD,65535,255,1025.4564208984375
1788853820.869253,2026-09-08T07:50:20.869252Z,8259,70,CTD,65535,255,1025.463623046875
1788853821.069588,2026-09-08T07:50:21.069587Z,8259,70,CTD,65535,255,1025.458740234375
1788853821.2695253,2026-09-08T07:50:21.269525Z,8259,70,CTD,65535,255,1025.47021484375
1788853821.4697332,2026-09-08T07:50:21.469733Z,8259,70,CTD,65535,255,1025.46337890625
1788853821.6697588,2026-09-08T07:50:21.669758Z,8259,70,CTD,65535,255,1025.46435546875
1788853821.8696518,2026-09-08T07:50:21.869651Z,8259,70,CTD,65535,255,1025.463623046875
1788853822.0698137,2026-09-08T07:50:22.069813Z,8259,70,CTD,65535,255,1025.4722900390625
1788853822.2698278,2026-09-08T07:50:22.269827Z,8259,70,CTD,65535,255,1025.4739990234375
1788853822.469575,2026-09-08T07:50:22.469574Z,8259,70,CTD,65535,255,1025.4647216796875
1788853822.6695335,2026-09-08T07:50:22.669533Z,8259,70,CTD,65535,255,1025.4710693359375
1788853822.869677,2026-09-08T07:50:22.869677Z,8259,70,CTD,65535,255,1025.468505859375
1788853823.0698373,2026-09-08T07:50:23.069837Z,8259,70,CTD,65535,255,1025.4705810546875
1788853823.2695613,2026-09-08T07:50:23.269561Z,8259,70,CTD,65535,255,1025.4769287109375
1788853823.4694877,2026-09-08T07:50:23.469487Z,8259,70,CTD,65535,255,1025.4715576171875
1788853823.669418,2026-09-08T07:50:23.669418Z,8259,70,CTD,65535,255,1025.482421875
1788853823.8693376,2026-09-08T07:50:23.869337Z,8259,70,CTD,65535,255,1025.4837646484375
1788853824.0698524,2026-09-08T07:50:24.069852Z,8259,70,CTD,65535,255,1025.4776611328125
1788853824.2693248,2026-09-08T07:50:24.269324Z,8259,70,CTD,65535,255,1025.4915771484375
1788853824.4691312,2026-09-08T07:50:24.469131Z,8259,70,CTD,65535,255,1025.4910888671875
1788853824.6691682,2026-09-08T07:50:24.669168Z,8259,70,CTD,65535,255,1025.49951171875
1788853824.869162,2026-09-08T07:50:24.869162Z,8259,70,CTD,65535,255,1025.49169921875
1788853825.069224,2026-09-08T07:50:25.069224Z,8259,70,CTD,65535,255,1025.482421875
1788853825.2689977,2026-09-08T07:50:25.268997Z,8259,70,CTD,65535,255,1025.5213623046875
1788853825.4690785,2026-09-08T07:50:25.469078Z,8259,70,CTD,65535,255,1025.5040283203125
1788853825.668946,2026-09-08T07:50:25.668946Z,8259,70,CTD,65535,255,1025.521484375
1788853825.869174,2026-09-08T07:50:25.869174Z,8259,70,CTD,65535,255,1025.5126953125
1788853826.0691247,2026-09-08T07:50:26.069124Z,8259,70,CTD,65535,255,1025.5137939453125
1788853826.2690134,2026-09-08T07:50:26.269013Z,8259,70,CTD,65535,255,1025.5125732421875
1788853826.4689782,2026-09-08T07:50:26.468978Z,8259,70,CTD,65535,255,1025.524169921875
1788853826.668954,2026-09-08T07:50:26.668953Z,8259,70,CTD,65535,255,1025.5137939453125
1788853826.8687966,2026-09-08T07:50:26.868796Z,8259,70,CTD,65535,255,1025.51025390625
1788853827.0690322,2026-09-08T07:50:27.069032Z,8259,70,CTD,65535,255,1025.523681640625
1788853827.2687728,2026-09-08T07:50:27.268772Z,8259,70,CTD,65535,255,1025.5340576171875
1788853827.4687314,2026-09-08T07:50:27.468731Z,8259,70,CTD,65535,255,1025.548583984375
1788853827.668907,2026-09-08T07:50:27.668906Z,8259,70,CTD,65535,255,1025.547607421875
1788853827.8688323,2026-09-08T07:50:27.868832Z,8259,70,CTD,65535,255,1025.5396728515625
1788853828.0690646,2026-09-08T07:50:28.069064Z,8259,70,CTD,65535,255,1025.546875
1788853828.2689447,2026-09-08T07:50:28.268944Z,8259,70,CTD,65535,255,1025.54931640625
1788853828.4689958,2026-09-08T07:50:28.468995Z,8259,70,CTD,65535,255,1025.559814453125
1788853828.6694143,2026-09-08T07:50:28.669414Z,8259,70,CTD,65535,255,1025.55078125
1788853828.8692987,2026-09-08T07:50:28.869298Z,8259,70,CTD,65535,255,1025.5615234375
1788853829.069721,2026-09-08T07:50:29.069720Z,8259,70,CTD,65535,255,1025.5535888671875
1788853829.2698224,2026-09-08T07:50:29.269822Z,8259,70,CTD,65535,255,1025.5574951171875
1788853829.469721,2026-09-08T07:50:29.469721Z,8259,70,CTD,65535,255,1025.55908203125
1788853829.669763,2026-09-08T07:50:29.669763Z,8259,70,CTD,65535,255,1025.5618896484375
1788853829.8696232,2026-09-08T07:50:29.869623Z,8259,70,CTD,65535,255,1025.5550537109375
1788853830.0694788,2026-09-08T07:50:30.069478Z,8259,70,CTD,65535,255,1025.56201171875
1788853830.2693174,2026-09-08T07:50:30.269317Z,8259,70,CTD,65535,255,1025.5645751953125
1788853830.4692752,2026-09-08T07:50:30.469275Z,8259,70,CTD,65535,255,1025.562255859375
1788853830.6691554,2026-09-08T07:50:30.669155Z,8259,70,CTD,65535,255,1025.56787109375
1788853830.8690822,2026-09-08T07:50:30.869082Z,8259,70,CTD,65535,255,1025.5672607421875
1788853831.0690012,2026-09-08T07:50:31.069001Z,8259,70,CTD,65535,255,1025.5692138671875
1788853831.269063,2026-09-08T07:50:31.269062Z,8259,70,CTD,65535,255,1025.5716552734375
1788853831.4688172,2026-09-08T07:50:31.468817Z,8259,70,CTD,65535,255,1025.5733642578125
1788853831.6687343,2026-09-08T07:50:31.668734Z,8259,70,CTD,65535,255,1025.5771484375
1788853831.8687587,2026-09-08T07:50:31.868758Z,8259,70,CTD,65535,255,1025.5750732421875
1788853832.0689127,2026-09-08T07:50:32.068912Z,8259,70,CTD,65535,255,1025.579345703125
1788853832.2688143,2026-09-08T07:50:32.268814Z,8259,70,CTD,65535,255,1025.57861328125
1788853832.468599,2026-09-08T07:50:32.468599Z,8259,70,CTD,65535,255,1025.5804443359375
1788853832.6686635,2026-09-08T07:50:32.668663Z,8259,70,CTD,65535,255,1025.5826416015625
1788853832.868609,2026-09-08T07:50:32.868608Z,8259,70,CTD,65535,255,1025.5843505859375
1788853833.0687919,2026-09-08T07:50:33.068791Z,8259,70,CTD,65535,255,1025.5914306640625
1788853833.2687657,2026-09-08T07:50:33.268765Z,8259,70,CTD,65535,255,1025.59814453125
1788853833.4688094,2026-09-08T07:50:33.468809Z,8259,70,CTD,65535,255,1025.6004638671875
1788853833.668973,2026-09-08T07:50:33.668972Z,8259,70,CTD,65535,255,1025.5938720703125
1788853833.8690574,2026-09-08T07:50:33.869057Z,8259,70,CTD,65535,255,1025.599365234375
1788853834.0694695,2026-09-08T07:50:34.069469Z,8259,70,CTD,65535,255,1025.601806640625
1788853834.2691684,2026-09-08T07:50:34.269168Z,8259,70,CTD,65535,255,1025.6175537109375
1788853834.468895,2026-09-08T07:50:34.468894Z,8259,70,CTD,65535,255,1025.6119384765625
1788853834.6687768,2026-09-08T07:50:34.668776Z,8259,70,CTD,65535,255,1025.6148681640625
1788853834.868177,2026-09-08T07:50:34.868176Z,8259,70,CTD,65535,255,1025.619873046875
1788853835.06814,2026-09-08T07:50:35.068140Z,8259,70,CTD,65535,255,1025.6212158203125
1788853835.267815,2026-09-08T07:50:35.267815Z,8259,70,CTD,65535,255,1025.6319580078125
1788853835.4674613,2026-09-08T07:50:35.467461Z,8259,70,CTD,65535,255,1025.6328125
1788853835.6670423,2026-09-08T07:50:35.667042Z,8259,70,CTD,65535,255,1025.63427734375
1788853835.8668756,2026-09-08T07:50:35.866875Z,8259,70,CTD,65535,255,1025.646728515625
1788853836.0664804,2026-09-08T07:50:36.066480Z,8259,70,CTD,65535,255,1025.6494140625
1788853836.2664654,2026-09-08T07:50:36.266465Z,8259,70,CTD,65535,255,1025.6629638671875
1788853836.4661624,2026-09-08T07:50:36.466162Z,8259,70,CTD,65535,255,1025.657958984375
1788853836.6660604,2026-09-08T07:50:36.666060Z,8259,70,CTD,65535,255,1025.6636962890625
1788853836.8659356,2026-09-08T07:50:36.865935Z,8259,70,CTD,65535,255,1025.6646728515625
1788853837.0660498,2026-09-08T07:50:37.066049Z,8259,70,CTD,65535,255,1025.6700439453125
1788853837.2659633,2026-09-08T07:50:37.265963Z,8259,70,CTD,65535,255,1025.6722412109375
1788853837.465864,2026-09-08T07:50:37.465863Z,8259,70,CTD,65535,255,1025.669677734375
1788853837.6657872,2026-09-08T07:50:37.665787Z,8259,70,CTD,65535,255,1025.66650390625
1788853837.8659968,2026-09-08T07:50:37.865996Z,8259,70,CTD,65535,255,1025.6732177734375
1788853838.066059,2026-09-08T07:50:38.066059Z,8259,70,CTD,65535,255,1025.681640625
1788853838.2659104,2026-09-08T07:50:38.265910Z,8259,70,CTD,65535,255,1025.6717529296875
1788853838.466145,2026-09-08T07:50:38.466145Z,8259,70,CTD,65535,255,1025.6790771484375
1788853838.6661413,2026-09-08T07:50:38.666141Z,8259,70,CTD,65535,255,1025.676025390625
1788853838.866222,2026-09-08T07:50:38.866221Z,8259,70,CTD,65535,255,1025.6820068359375
1788853839.0665524,2026-09-08T07:50:39.066552Z,8259,70,CTD,65535,255,1025.6866455078125
1788853839.2664418,2026-09-08T07:50:39.266441Z,8259,70,CTD,65535,255,1025.6861572265625
1788853839.4665434,2026-09-08T07:50:39.466543Z,8259,70,CTD,65535,255,1025.687255859375
1788853839.666596,2026-09-08T07:50:39.666595Z,8259,70,CTD,65535,255,1025.6929931640625
1788853839.8665626,2026-09-08T07:50:39.866562Z,8259,70,CTD,65535,255,1025.6962890625
1788853840.0667186,2026-09-08T07:50:40.066718Z,8259,70,CTD,65535,255,1025.70703125
1788853840.2668333,2026-09-08T07:50:40.266833Z,8259,70,CTD,65535,255,1025.6961669921875
1788853840.4668827,2026-09-08T07:50:40.466882Z,8259,70,CTD,65535,255,1025.709228515625
1788853840.6667008,2026-09-08T07:50:40.666700Z,8259,70,CTD,65535,255,1025.712646484375
1788853840.8667078,2026-09-08T07:50:40.866707Z,8259,70,CTD,65535,255,1025.71044921875
1788853841.0670388,2026-09-08T07:50:41.067038Z,8259,70,CTD,65535,255,1025.7144775390625
1788853841.2671814,2026-09-08T07:50:41.267181Z,8259,70,CTD,65535,255,1025.720458984375
1788853841.466952,2026-09-08T07:50:41.466952Z,8259,70,CTD,65535,255,1025.7152099609375
1788853841.6668885,2026-09-08T07:50:41.666888Z,8259,70,CTD,65535,255,1025.7027587890625
1788853841.8669653,2026-09-08T07:50:41.866965Z,8259,70,CTD,65535,255,1025.718994140625
1788853842.067112,2026-09-08T07:50:42.067111Z,8259,70,CTD,65535,255,1025.716064453125
1788853842.2670438,2026-09-08T07:50:42.267043Z,8259,70,CTD,65535,255,1025.7147216796875
1788853842.4671278,2026-09-08T07:50:42.467127Z,8259,70,CTD,65535,255,1025.7113037109375
1788853842.6669202,2026-09-08T07:50:42.666920Z,8259,70,CTD,65535,255,1025.714111328125
1788853842.8669128,2026-09-08T07:50:42.866912Z,8259,70,CTD,65535,255,1025.7117919921875
1788853843.0672438,2026-09-08T07:50:43.067243Z,8259,70,CTD,65535,255,1025.7154541015625
1788853843.2672722,2026-09-08T07:50:43.267272Z,8259,70,CTD,65535,255,1025.7181396484375
1788853843.466913,2026-09-08T07:50:43.466912Z,8259,70,CTD,65535,255,1025.7196044921875
1788853843.6669087,2026-09-08T07:50:43.666908Z,8259,70,CTD,65535,255,1025.715576171875
1788853843.8669665,2026-09-08T07:50:43.866966Z,8259,70,CTD,65535,255,1025.719482421875
1788853844.0671568,2026-09-08T07:50:44.067156Z,8259,70,CTD,65535,255,1025.72021484375
1788853844.2670097,2026-09-08T07:50:44.267009Z,8259,70,CTD,65535,255,1025.7222900390625
1788853844.4669406,2026-09-08T07:50:44.466940Z,8259,70,CTD,65535,255,1025.7178955078125
1788853844.6670115,2026-09-08T07:50:44.667011Z,8259,70,CTD,65535,255,1025.720947265625
1788853844.8668199,2026-09-08T07:50:44.866819Z,8259,70,CTD,65535,255,1025.727294921875
1788853845.0673063,2026-09-08T07:50:45.067306Z,8259,70,CTD,65535,255,1025.72119140625
1788853845.2669823,2026-09-08T07:50:45.266982Z,8259,70,CTD,65535,255,1025.725830078125
1788853845.4670215,2026-09-08T07:50:45.467021Z,8259,70,CTD,65535,255,1025.726318359375
1788853845.6669767,2026-09-08T07:50:45.666976Z,8259,70,CTD,65535,255,1025.72705078125
1788853845.8668945,2026-09-08T07:50:45.866894Z,8259,70,CTD,65535,255,1025.72607421875
1788853846.067438,2026-09-08T07:50:46.067437Z,8259,70,CTD,65535,255,1025.73193359375
1788853846.2669327,2026-09-08T07:50:46.266932Z,8259,70,CTD,65535,255,1025.7261962890625
1788853846.466907,2026-09-08T07:50:46.466907Z,8259,70,CTD,65535,255,1025.7413330078125
1788853846.666868,2026-09-08T07:50:46.666867Z,8259,70,CTD,65535,255,1025.7593994140625
1788853846.8669615,2026-09-08T07:50:46.866961Z,8259,70,CTD,65535,255,1025.76611328125
1788853847.0672379,2026-09-08T07:50:47.067237Z,8259,70,CTD,65535,255,1025.77783203125
1788853847.26694,2026-09-08T07:50:47.266940Z,8259,70,CTD,65535,255,1025.78369140625
1788853847.466872,2026-09-08T07:50:47.466871Z,8259,70,CTD,65535,255,1025.783447265625
1788853847.6669137,2026-09-08T07:50:47.666913Z,8259,70,CTD,65535,255,1025.78955078125
1788853847.8668294,2026-09-08T07:50:47.866829Z,8259,70,CTD,65535,255,1025.7943115234375
1788853848.067033,2026-09-08T07:50:48.067033Z,8259,70,CTD,65535,255,1025.79736328125
1788853848.2676015,2026-09-08T07:50:48.267601Z,8259,70,CTD,65535,255,1025.797607421875
1788853848.4680727,2026-09-08T07:50:48.468072Z,8259,70,CTD,65535,255,1025.80224609375
1788853848.6690207,2026-09-08T07:50:48.669020Z,8259,70,CTD,65535,255,1025.803955078125
1788853848.869833,2026-09-08T07:50:48.869832Z,8259,70,CTD,65535,255,1025.8106689453125
1788853849.0710542,2026-09-08T07:50:49.071054Z,8259,70,CTD,65535,255,1025.807861328125
1788853849.2715983,2026-09-08T07:50:49.271598Z,8259,70,CTD,65535,255,1025.8060302734375
1788853849.472164,2026-09-08T07:50:49.472163Z,8259,70,CTD,65535,255,1025.8099365234375
1788853849.672968,2026-09-08T07:50:49.672967Z,8259,70,CTD,65535,255,1025.81689453125
1788853849.8736374,2026-09-08T07:50:49.873637Z,8259,70,CTD,65535,255,1025.8153076171875
1788853850.0743008,2026-09-08T07:50:50.074300Z,8259,70,CTD,65535,255,1025.8175048828125
1788853850.2748492,2026-09-08T07:50:50.274849Z,8259,70,CTD,65535,255,1025.8258056640625
1788853850.4748466,2026-09-08T07:50:50.474846Z,8259,70,CTD,65535,255,1025.831787109375
1788853850.6750193,2026-09-08T07:50:50.675019Z,8259,70,CTD,65535,255,1025.8345947265625
1788853850.8750362,2026-09-08T07:50:50.875036Z,8259,70,CTD,65535,255,1025.837890625
1788853851.0755897,2026-09-08T07:50:51.075589Z,8259,70,CTD,65535,255,1025.8367919921875
1788853851.2751913,2026-09-08T07:50:51.275191Z,8259,70,CTD,65535,255,1025.841796875
1788853851.4751189,2026-09-08T07:50:51.475118Z,8259,70,CTD,65535,255,1025.8465576171875
1788853851.67482,2026-09-08T07:50:51.674819Z,8259,70,CTD,65535,255,1025.8446044921875
1788853851.8748872,2026-09-08T07:50:51.874887Z,8259,70,CTD,65535,255,1025.8475341796875
1788853852.0758564,2026-09-08T07:50:52.075856Z,8259,70,CTD,65535,255,1025.850341796875
1788853852.2745757,2026-09-08T07:50:52.274575Z,8259,70,CTD,65535,255,1025.85400390625
1788853852.4741843,2026-09-08T07:50:52.474184Z,8259,70,CTD,65535,255,1025.856201171875
1788853852.6740422,2026-09-08T07:50:52.674042Z,8259,70,CTD,65535,255,1025.858642578125
1788853852.8737383,2026-09-08T07:50:52.873738Z,8259,70,CTD,65535,255,1025.8642578125
1788853853.0754118,2026-09-08T07:50:53.075411Z,8259,70,CTD,65535,255,1025.87451171875
1788853853.2732232,2026-09-08T07:50:53.273223Z,8259,70,CTD,65535,255,1025.8817138671875
1788853853.473014,2026-09-08T07:50:53.473014Z,8259,70,CTD,65535,255,1025.8892822265625
1788853853.672804,2026-09-08T07:50:53.672804Z,8259,70,CTD,65535,255,1025.8980712890625
1788853853.872784,2026-09-08T07:50:53.872783Z,8259,70,CTD,65535,255,1025.9061279296875
1788853854.0732303,2026-09-08T07:50:54.073230Z,8259,70,CTD,65535,255,1025.9443359375
1788853854.2725108,2026-09-08T07:50:54.272510Z,8259,70,CTD,65535,255,1025.95849609375
1788853854.4723117,2026-09-08T07:50:54.472311Z,8259,70,CTD,65535,255,1025.9688720703125
1788853854.6721303,2026-09-08T07:50:54.672130Z,8259,70,CTD,65535,255,1025.983642578125
1788853854.8719795,2026-09-08T07:50:54.871979Z,8259,70,CTD,65535,255,1025.9932861328125
1788853855.0719905,2026-09-08T07:50:55.071990Z,8259,70,CTD,65535,255,1026.0086669921875
1788853855.2719584,2026-09-08T07:50:55.271958Z,8259,70,CTD,65535,255,1026.02734375
1788853855.4716868,2026-09-08T07:50:55.471686Z,8259,70,CTD,65535,255,1026.031982421875
1788853855.6716564,2026-09-08T07:50:55.671656Z,8259,70,CTD,65535,255,1026.0406494140625
1788853855.8716328,2026-09-08T07:50:55.871632Z,8259,70,CTD,65535,255,1026.04541015625
1788853856.0719492,2026-09-08T07:50:56.071949Z,8259,70,CTD,65535,255,1026.0584716796875
1788853856.2716134,2026-09-08T07:50:56.271613Z,8259,70,CTD,65535,255,1026.0643310546875
1788853856.4714694,2026-09-08T07:50:56.471469Z,8259,70,CTD,65535,255,1026.0677490234375
1788853856.6715977,2026-09-08T07:50:56.671597Z,8259,70,CTD,65535,255,1026.0721435546875
1788853856.8714683,2026-09-08T07:50:56.871468Z,8259,70,CTD,65535,255,1026.08447265625
1788853857.0716279,2026-09-08T07:50:57.071627Z,8259,70,CTD,65535,255,1026.0960693359375
1788853857.2716255,2026-09-08T07:50:57.271625Z,8259,70,CTD,65535,255,1026.1197509765625
1788853857.471533,2026-09-08T07:50:57.471533Z,8259,70,CTD,65535,255,1026.138916015625
1788853857.671412,2026-09-08T07:50:57.671411Z,8259,70,CTD,65535,255,1026.1566162109375
1788853857.8716094,2026-09-08T07:50:57.871609Z,8259,70,CTD,65535,255,1026.151611328125
1788853858.071777,2026-09-08T07:50:58.071777Z,8259,70,CTD,65535,255,1026.163818359375
1788853858.2716558,2026-09-08T07:50:58.271655Z,8259,70,CTD,65535,255,1026.1925048828125
1788853858.4718733,2026-09-08T07:50:58.471873Z,8259,70,CTD,65535,255,1026.19970703125
1788853858.6718519,2026-09-08T07:50:58.671851Z,8259,70,CTD,65535,255,1026.2110595703125
1788853858.8720722,2026-09-08T07:50:58.872072Z,8259,70,CTD,65535,255,1026.2186279296875
1788853859.0723832,2026-09-08T07:50:59.072383Z,8259,70,CTD,65535,255,1026.2276611328125
1788853859.2724442,2026-09-08T07:50:59.272444Z,8259,70,CTD,65535,255,1026.22802734375
1788853859.4728389,2026-09-08T07:50:59.472838Z,8259,70,CTD,65535,255,1026.2252197265625
1788853859.6726816,2026-09-08T07:50:59.672681Z,8259,70,CTD,65535,255,1026.2333984375
1788853859.8728561,2026-09-08T07:50:59.872856Z,8259,70,CTD,65535,255,1026.239501953125
1788853860.073301,2026-09-08T07:51:00.073301Z,8259,70,CTD,65535,255,1026.23779296875
1788853860.273052,2026-09-08T07:51:00.273051Z,8259,70,CTD,65535,255,1026.2437744140625
1788853860.4730256,2026-09-08T07:51:00.473025Z,8259,70,CTD,65535,255,1026.2342529296875
1788853860.6730893,2026-09-08T07:51:00.673089Z,8259,70,CTD,65535,255,1026.244384765625
1788853860.8731718,2026-09-08T07:51:00.873171Z,8259,70,CTD,65535,255,1026.2420654296875
1788853861.0744855,2026-09-08T07:51:01.074485Z,8259,70,CTD,65535,255,1026.2320556640625
1788853861.273246,2026-09-08T07:51:01.273246Z,8259,70,CTD,65535,255,1026.239013671875
1788853861.4731402,2026-09-08T07:51:01.473140Z,8259,70,CTD,65535,255,1026.238037109375
1788853861.673149,2026-09-08T07:51:01.673149Z,8259,70,CTD,65535,255,1026.2379150390625
1788853861.873132,2026-09-08T07:51:01.873131Z,8259,70,CTD,65535,255,1026.23779296875
1788853862.0732784,2026-09-08T07:51:02.073278Z,8259,70,CTD,65535,255,1026.24072265625
1788853862.2730308,2026-09-08T07:51:02.273030Z,8259,70,CTD,65535,255,1026.2431640625
1788853862.473033,2026-09-08T07:51:02.473032Z,8259,70,CTD,65535,255,1026.2440185546875
1788853862.672957,2026-09-08T07:51:02.672956Z,8259,70,CTD,65535,255,1026.24267578125
1788853862.8728294,2026-09-08T07:51:02.872829Z,8259,70,CTD,65535,255,1026.2449951171875
1788853863.0729785,2026-09-08T07:51:03.072978Z,8259,70,CTD,65535,255,1026.251953125
1788853863.272897,2026-09-08T07:51:03.272897Z,8259,70,CTD,65535,255,1026.24853515625
1788853863.4728682,2026-09-08T07:51:03.472868Z,8259,70,CTD,65535,255,1026.2508544921875
1788853863.6727061,2026-09-08T07:51:03.672706Z,8259,70,CTD,65535,255,1026.2525634765625
1788853863.8726687,2026-09-08T07:51:03.872668Z,8259,70,CTD,65535,255,1026.257080078125
1788853864.0727544,2026-09-08T07:51:04.072754Z,8259,70,CTD,65535,255,1026.25732421875
1788853864.272637,2026-09-08T07:51:04.272636Z,8259,70,CTD,65535,255,1026.2607421875
1788853864.4725807,2026-09-08T07:51:04.472580Z,8259,70,CTD,65535,255,1026.27392578125
1788853864.672534,2026-09-08T07:51:04.672533Z,8259,70,CTD,65535,255,1026.267822265625
1788853864.8725338,2026-09-08T07:51:04.872533Z,8259,70,CTD,65535,255,1026.271484375
1788853865.0727494,2026-09-08T07:51:05.072749Z,8259,70,CTD,65535,255,1026.270263671875
1788853865.27272,2026-09-08T07:51:05.272720Z,8259,70,CTD,65535,255,1026.2818603515625
1788853865.4726117,2026-09-08T07:51:05.472611Z,8259,70,CTD,65535,255,1026.2833251953125
1788853865.6726382,2026-09-08T07:51:05.672638Z,8259,70,CTD,65535,255,1026.281005859375
1788853865.8725278,2026-09-08T07:51:05.872527Z,8259,70,CTD,65535,255,1026.287109375
1788853866.0727186,2026-09-08T07:51:06.072718Z,8259,70,CTD,65535,255,1026.3021240234375
1788853866.2725477,2026-09-08T07:51:06.272547Z,8259,70,CTD,65535,255,1026.301513671875
1788853866.4723308,2026-09-08T07:51:06.472330Z,8259,70,CTD,65535,255,1026.30029296875
1788853866.6723156,2026-09-08T07:51:06.672315Z,8259,70,CTD,65535,255,1026.3070068359375
1788853866.872319,2026-09-08T07:51:06.872318Z,8259,70,CTD,65535,255,1026.3017578125
1788853867.0725892,2026-09-08T07:51:07.072589Z,8259,70,CTD,65535,255,1026.3121337890625
1788853867.2723703,2026-09-08T07:51:07.272370Z,8259,70,CTD,65535,255,1026.3072509765625
1788853867.472341,2026-09-08T07:51:07.472341Z,8259,70,CTD,65535,255,1026.304931640625
1788853867.67247,2026-09-08T07:51:07.672470Z,8259,70,CTD,65535,255,1026.3094482421875
1788853867.872276,2026-09-08T07:51:07.872276Z,8259,70,CTD,65535,255,1026.3076171875
1788853868.0725424,2026-09-08T07:51:08.072542Z,8259,70,CTD,65535,255,1026.30810546875
1788853868.272436,2026-09-08T07:51:08.272435Z,8259,70,CTD,65535,255,1026.3056640625
1788853868.4725816,2026-09-08T07:51:08.472581Z,8259,70,CTD,65535,255,1026.304443359375
1788853868.672746,2026-09-08T07:51:08.672745Z,8259,70,CTD,65535,255,1026.30517578125
1788853868.8728852,2026-09-08T07:51:08.872885Z,8259,70,CTD,65535,255,1026.306640625
1788853869.0733833,2026-09-08T07:51:09.073383Z,8259,70,CTD,65535,255,1026.3023681640625
1788853869.273175,2026-09-08T07:51:09.273175Z,8259,70,CTD,65535,255,1026.3048095703125
1788853869.473228,2026-09-08T07:51:09.473227Z,8259,70,CTD,65535,255,1026.3065185546875
1788853869.6727252,2026-09-08T07:51:09.672725Z,8259,70,CTD,65535,255,1026.3067626953125
1788853869.8725867,2026-09-08T07:51:09.872586Z,8259,70,CTD,65535,255,1026.30517578125
1788853870.0726414,2026-09-08T07:51:10.072641Z,8259,70,CTD,65535,255,1026.30712890625
1788853870.2722485,2026-09-08T07:51:10.272248Z,8259,70,CTD,65535,255,1026.3057861328125
1788853870.4720964,2026-09-08T07:51:10.472096Z,8259,70,CTD,65535,255,1026.3076171875
1788853870.671969,2026-09-08T07:51:10.671968Z,8259,70,CTD,65535,255,1026.2969970703125
1788853870.8716652,2026-09-08T07:51:10.871665Z,8259,70,CTD,65535,255,1026.319580078125
1788853871.071661,2026-09-08T07:51:11.071660Z,8259,70,CTD,65535,255,1026.303466796875
1788853871.2715845,2026-09-08T07:51:11.271584Z,8259,70,CTD,65535,255,1026.3028564453125
1788853871.4714048,2026-09-08T07:51:11.471404Z,8259,70,CTD,65535,255,1026.3026123046875
1788853871.6712482,2026-09-08T07:51:11.671248Z,8259,70,CTD,65535,255,1026.30615234375
1788853871.8712044,2026-09-08T07:51:11.871204Z,8259,70,CTD,65535,255,1026.3109130859375
1788853872.071123,2026-09-08T07:51:12.071122Z,8259,70,CTD,65535,255,1026.306640625
1788853872.271119,2026-09-08T07:51:12.271119Z,8259,70,CTD,65535,255,1026.30908203125
1788853872.4709988,2026-09-08T07:51:12.470998Z,8259,70,CTD,65535,255,1026.3133544921875
1788853872.6710625,2026-09-08T07:51:12.671062Z,8259,70,CTD,65535,255,1026.3116455078125
1788853872.8709266,2026-09-08T07:51:12.870926Z,8259,70,CTD,65535,255,1026.3096923828125
1788853873.0710154,2026-09-08T07:51:13.071015Z,8259,70,CTD,65535,255,1026.3104248046875
1788853873.2710187,2026-09-08T07:51:13.271018Z,8259,70,CTD,65535,255,1026.3096923828125
1788853873.4709601,2026-09-08T07:51:13.470960Z,8259,70,CTD,65535,255,1026.3111572265625
1788853873.6710677,2026-09-08T07:51:13.671067Z,8259,70,CTD,65535,255,1026.3076171875
1788853873.8710644,2026-09-08T07:51:13.871064Z,8259,70,CTD,65535,255,1026.308349609375
1788853874.071218,2026-09-08T07:51:14.071218Z,8259,70,CTD,65535,255,1026.3140869140625
1788853874.27134,2026-09-08T07:51:14.271339Z,8259,70,CTD,65535,255,1026.3109130859375
1788853874.4712374,2026-09-08T07:51:14.471237Z,8259,70,CTD,65535,255,1026.313720703125
1788853874.6711655,2026-09-08T07:51:14.671165Z,8259,70,CTD,65535,255,1026.3099365234375
1788853874.8712163,2026-09-08T07:51:14.871216Z,8259,70,CTD,65535,255,1026.3109130859375
1788853875.0714726,2026-09-08T07:51:15.071472Z,8259,70,CTD,65535,255,1026.3040771484375
1788853875.2714267,2026-09-08T07:51:15.271426Z,8259,70,CTD,65535,255,1026.3116455078125
1788853875.4713216,2026-09-08T07:51:15.471321Z,8259,70,CTD,65535,255,1026.296875
1788853875.6713378,2026-09-08T07:51:15.671337Z,8259,70,CTD,65535,255,1026.31494140625
1788853875.8713474,2026-09-08T07:51:15.871347Z,8259,70,CTD,65535,255,1026.3154296875
1788853876.0716212,2026-09-08T07:51:16.071621Z,8259,70,CTD,65535,255,1026.3116455078125
1788853876.2716527,2026-09-08T07:51:16.271652Z,8259,70,CTD,65535,255,1026.3096923828125
1788853876.4714568,2026-09-08T07:51:16.471456Z,8259,70,CTD,65535,255,1026.31103515625
1788853876.6716301,2026-09-08T07:51:16.671630Z,8259,70,CTD,65535,255,1026.3074951171875
1788853876.8715892,2026-09-08T07:51:16.871589Z,8259,70,CTD,65535,255,1026.304931640625
1788853877.071676,2026-09-08T07:51:17.071676Z,8259,70,CTD,65535,255,1026.302001953125
1788853877.2716851,2026-09-08T07:51:17.271685Z,8259,70,CTD,65535,255,1026.307861328125
1788853877.471465,2026-09-08T07:51:17.471465Z,8259,70,CTD,65535,255,1026.315673828125
1788853877.671639,2026-09-08T07:51:17.671638Z,8259,70,CTD,65535,255,1026.3150634765625
1788853877.8714228,2026-09-08T07:51:17.871422Z,8259,70,CTD,65535,255,1026.285888671875
1788853878.0716991,2026-09-08T07:51:18.071699Z,8259,70,CTD,65535,255,1026.3056640625
1788853878.2716882,2026-09-08T07:51:18.271688Z,8259,70,CTD,65535,255,1026.3048095703125
1788853878.4715292,2026-09-08T07:51:18.471529Z,8259,70,CTD,65535,255,1026.3009033203125
1788853878.6716468,2026-09-08T07:51:18.671646Z,8259,70,CTD,65535,255,1026.30126953125
1788853878.8715909,2026-09-08T07:51:18.871590Z,8259,70,CTD,65535,255,1026.303955078125
1788853879.0717638,2026-09-08T07:51:19.071763Z,8259,70,CTD,65535,255,1026.309326171875
1788853879.271653,2026-09-08T07:51:19.271652Z,8259,70,CTD,65535,255,1026.2916259765625
1788853879.4714627,2026-09-08T07:51:19.471462Z,8259,70,CTD,65535,255,1026.3084716796875
1788853879.6715674,2026-09-08T07:51:19.671567Z,8259,70,CTD,65535,255,1026.2960205078125
1788853879.8716269,2026-09-08T07:51:19.871626Z,8259,70,CTD,65535,255,1026.2874755859375
1788853880.0718324,2026-09-08T07:51:20.071832Z,8259,70,CTD,65535,255,1026.3065185546875
1788853880.2717168,2026-09-08T07:51:20.271716Z,8259,70,CTD,65535,255,1026.2926025390625
1788853880.4715552,2026-09-08T07:51:20.471555Z,8259,70,CTD,65535,255,1026.300048828125
1788853880.6715472,2026-09-08T07:51:20.671547Z,8259,70,CTD,65535,255,1026.2969970703125
1788853880.8713663,2026-09-08T07:51:20.871366Z,8259,70,CTD,65535,255,1026.296630859375
1788853881.0716205,2026-09-08T07:51:21.071620Z,8259,70,CTD,65535,255,1026.298095703125
1788853881.2714274,2026-09-08T07:51:21.271427Z,8259,70,CTD,65535,255,1026.3013916015625
1788853881.47135,2026-09-08T07:51:21.471349Z,8259,70,CTD,65535,255,1026.3045654296875
1788853881.671423,2026-09-08T07:51:21.671422Z,8259,70,CTD,65535,255,1026.298828125
1788853881.8714724,2026-09-08T07:51:21.871472Z,8259,70,CTD,65535,255,1026.2994384765625
1788853882.0716782,2026-09-08T07:51:22.071678Z,8259,70,CTD,65535,255,1026.29736328125
1788853882.2714179,2026-09-08T07:51:22.271417Z,8259,70,CTD,65535,255,1026.306396484375
1788853882.4714773,2026-09-08T07:51:22.471477Z,8259,70,CTD,65535,255,1026.299560546875
1788853882.6713624,2026-09-08T07:51:22.671362Z,8259,70,CTD,65535,255,1026.300048828125
1788853882.8714325,2026-09-08T07:51:22.871432Z,8259,70,CTD,65535,255,1026.3026123046875
1788853883.0717595,2026-09-08T07:51:23.071759Z,8259,70,CTD,65535,255,1026.3031005859375
1788853883.2715716,2026-09-08T07:51:23.271571Z,8259,70,CTD,65535,255,1026.305908203125
1788853883.4713955,2026-09-08T07:51:23.471395Z,8259,70,CTD,65535,255,1026.3026123046875
1788853883.6713407,2026-09-08T07:51:23.671340Z,8259,70,CTD,65535,255,1026.3048095703125
1788853883.8714683,2026-09-08T07:51:23.871468Z,8259,70,CTD,65535,255,1026.3013916015625
1788853884.0722592,2026-09-08T07:51:24.072259Z,8259,70,CTD,65535,255,1026.3046875
1788853884.2713692,2026-09-08T07:51:24.271369Z,8259,70,CTD,65535,255,1026.301513671875
1788853884.4714754,2026-09-08T07:51:24.471475Z,8259,70,CTD,65535,255,1026.306640625
1788853884.6713142,2026-09-08T07:51:24.671314Z,8259,70,CTD,65535,255,1026.310546875
1788853884.8712895,2026-09-08T07:51:24.871289Z,8259,70,CTD,65535,255,1026.307861328125
1788853885.071658,2026-09-08T07:51:25.071657Z,8259,70,CTD,65535,255,1026.3076171875
1788853885.2714381,2026-09-08T07:51:25.271438Z,8259,70,CTD,65535,255,1026.3062744140625
1788853885.4713662,2026-09-08T07:51:25.471366Z,8259,70,CTD,65535,255,1026.30615234375
1788853885.6714003,2026-09-08T07:51:25.671400Z,8259,70,CTD,65535,255,1026.30712890625
1788853885.871448,2026-09-08T07:51:25.871448Z,8259,70,CTD,65535,255,1026.307861328125
1788853886.0715423,2026-09-08T07:51:26.071542Z,8259,70,CTD,65535,255,1026.3062744140625
1788853886.2715166,2026-09-08T07:51:26.271516Z,8259,70,CTD,65535,255,1026.308349609375
1788853886.4713736,2026-09-08T07:51:26.471373Z,8259,70,CTD,65535,255,1026.3094482421875
1788853886.6714473,2026-09-08T07:51:26.671447Z,8259,70,CTD,65535,255,1026.3095703125
1788853886.8713346,2026-09-08T07:51:26.871334Z,8259,70,CTD,65535,255,1026.3077392578125
1788853887.0714822,2026-09-08T07:51:27.071482Z,8259,70,CTD,65535,255,1026.3109130859375
1788853887.271304,2026-09-08T07:51:27.271303Z,8259,70,CTD,65535,255,1026.3114013671875
1788853887.4714189,2026-09-08T07:51:27.471418Z,8259,70,CTD,65535,255,1026.3153076171875
1788853887.6714075,2026-09-08T07:51:27.671407Z,8259,70,CTD,65535,255,1026.3092041015625
1788853887.8714108,2026-09-08T07:51:27.871410Z,8259,70,CTD,65535,255,1026.3140869140625
1788853888.0716174,2026-09-08T07:51:28.071617Z,8259,70,CTD,65535,255,1026.314697265625
1788853888.2714548,2026-09-08T07:51:28.271454Z,8259,70,CTD,65535,255,1026.31201171875
1788853888.4714148,2026-09-08T07:51:28.471414Z,8259,70,CTD,65535,255,1026.3150634765625
1788853888.6713095,2026-09-08T07:51:28.671309Z,8259,70,CTD,65535,255,1026.3154296875
1788853888.8712258,2026-09-08T07:51:28.871225Z,8259,70,CTD,65535,255,1026.3072509765625
1788853889.0714548,2026-09-08T07:51:29.071454Z,8259,70,CTD,65535,255,1026.308837890625
1788853889.2713618,2026-09-08T07:51:29.271361Z,8259,70,CTD,65535,255,1026.303955078125
1788853889.4714086,2026-09-08T07:51:29.471408Z,8259,70,CTD,65535,255,1026.30859375
1788853889.6712062,2026-09-08T07:51:29.671206Z,8259,70,CTD,65535,255,1026.301025390625
1788853889.8711767,2026-09-08T07:51:29.871176Z,8259,70,CTD,65535,255,1026.3040771484375
1788853890.0717275,2026-09-08T07:51:30.071727Z,8259,70,CTD,65535,255,1026.3050537109375
1788853890.2714171,2026-09-08T07:51:30.271417Z,8259,70,CTD,65535,255,1026.30322265625
1788853890.4712083,2026-09-08T07:51:30.471208Z,8259,70,CTD,65535,255,1026.3092041015625
1788853890.6711757,2026-09-08T07:51:30.671175Z,8259,70,CTD,65535,255,1026.300048828125
1788853890.8711793,2026-09-08T07:51:30.871179Z,8259,70,CTD,65535,255,1026.305419921875
1788853891.0713983,2026-09-08T07:51:31.071398Z,8259,70,CTD,65535,255,1026.299560546875
1788853891.2713223,2026-09-08T07:51:31.271322Z,8259,70,CTD,65535,255,1026.299072265625
1788853891.4711943,2026-09-08T07:51:31.471194Z,8259,70,CTD,65535,255,1026.2998046875
1788853891.671265,2026-09-08T07:51:31.671264Z,8259,70,CTD,65535,255,1026.3006591796875
1788853891.8712256,2026-09-08T07:51:31.871225Z,8259,70,CTD,65535,255,1026.304443359375
1788853892.0714576,2026-09-08T07:51:32.071457Z,8259,70,CTD,65535,255,1026.3006591796875
1788853892.2712023,2026-09-08T07:51:32.271202Z,8259,70,CTD,65535,255,1026.3028564453125
1788853892.4716492,2026-09-08T07:51:32.471649Z,8259,70,CTD,65535,255,1026.299560546875
1788853892.6714375,2026-09-08T07:51:32.671437Z,8259,70,CTD,65535,255,1026.3011474609375
1788853892.871149,2026-09-08T07:51:32.871149Z,8259,70,CTD,65535,255,1026.2998046875
1788853893.0714889,2026-09-08T07:51:33.071488Z,8259,70,CTD,65535,255,1026.2957763671875
1788853893.2711906,2026-09-08T07:51:33.271190Z,8259,70,CTD,65535,255,1026.29931640625
1788853893.4713492,2026-09-08T07:51:33.471349Z,8259,70,CTD,65535,255,1026.302001953125
1788853893.6711206,2026-09-08T07:51:33.671120Z,8259,70,CTD,65535,255,1026.2996826171875
1788853893.871126,2026-09-08T07:51:33.871125Z,8259,70,CTD,65535,255,1026.298095703125
1788853894.071335,2026-09-08T07:51:34.071335Z,8259,70,CTD,65535,255,1026.30322265625
1788853894.2711606,2026-09-08T07:51:34.271160Z,8259,70,CTD,65535,255,1026.3037109375
1788853894.4711974,2026-09-08T07:51:34.471197Z,8259,70,CTD,65535,255,1026.2991943359375
1788853894.6713026,2026-09-08T07:51:34.671302Z,8259,70,CTD,65535,255,1026.30517578125
1788853894.8710828,2026-09-08T07:51:34.871082Z,8259,70,CTD,65535,255,1026.302490234375
1788853895.0713909,2026-09-08T07:51:35.071390Z,8259,70,CTD,65535,255,1026.302734375
1788853895.2711256,2026-09-08T07:51:35.271125Z,8259,70,CTD,65535,255,1026.30322265625
1788853895.4711974,2026-09-08T07:51:35.471197Z,8259,70,CTD,65535,255,1026.2994384765625
1788853895.6710436,2026-09-08T07:51:35.671043Z,8259,70,CTD,65535,255,1026.296630859375
1788853895.8710892,2026-09-08T07:51:35.871089Z,8259,70,CTD,65535,255,1026.2947998046875
1788853896.0714803,2026-09-08T07:51:36.071480Z,8259,70,CTD,65535,255,1026.295654296875
1788853896.271145,2026-09-08T07:51:36.271145Z,8259,70,CTD,65535,255,1026.2989501953125
1788853896.4710758,2026-09-08T07:51:36.471075Z,8259,70,CTD,65535,255,1026.2921142578125
1788853896.671134,2026-09-08T07:51:36.671133Z,8259,70,CTD,65535,255,1026.2974853515625
1788853896.87115,2026-09-08T07:51:36.871150Z,8259,70,CTD,65535,255,1026.2950439453125
1788853897.0712714,2026-09-08T07:51:37.071271Z,8259,70,CTD,65535,255,1026.2955322265625
1788853897.271257,2026-09-08T07:51:37.271256Z,8259,70,CTD,65535,255,1026.30419921875
1788853897.4711313,2026-09-08T07:51:37.471131Z,8259,70,CTD,65535,255,1026.302734375
1788853897.6711497,2026-09-08T07:51:37.671149Z,8259,70,CTD,65535,255,1026.3048095703125
1788853897.8711033,2026-09-08T07:51:37.871103Z,8259,70,CTD,65535,255,1026.306396484375
1788853898.0712724,2026-09-08T07:51:38.071272Z,8259,70,CTD,65535,255,1026.3056640625
1788853898.271132,2026-09-08T07:51:38.271131Z,8259,70,CTD,65535,255,1026.303466796875
1788853898.4711185,2026-09-08T07:51:38.471118Z,8259,70,CTD,65535,255,1026.309814453125
1788853898.6711054,2026-09-08T07:51:38.671105Z,8259,70,CTD,65535,255,1026.3076171875
1788853898.871176,2026-09-08T07:51:38.871176Z,8259,70,CTD,65535,255,1026.3095703125
1788853899.0713787,2026-09-08T07:51:39.071378Z,8259,70,CTD,65535,255,1026.307861328125
1788853899.2710383,2026-09-08T07:51:39.271038Z,8259,70,CTD,65535,255,1026.3099365234375
1788853899.4710174,2026-09-08T07:51:39.471017Z,8259,70,CTD,65535,255,1026.312255859375
1788853899.6709957,2026-09-08T07:51:39.670995Z,8259,70,CTD,65535,255,1026.30908203125
1788853899.8711512,2026-09-08T07:51:39.871151Z,8259,70,CTD,65535,255,1026.308837890625
1788853900.0712218,2026-09-08T07:51:40.071221Z,8259,70,CTD,65535,255,1026.3123779296875
1788853900.271123,2026-09-08T07:51:40.271122Z,8259,70,CTD,65535,255,1026.310791015625
1788853900.4710717,2026-09-08T07:51:40.471071Z,8259,70,CTD,65535,255,1026.311767578125
1788853900.671153,2026-09-08T07:51:40.671153Z,8259,70,CTD,65535,255,1026.3094482421875
1788853900.8711486,2026-09-08T07:51:40.871148Z,8259,70,CTD,65535,255,1026.3126220703125
1788853901.0712862,2026-09-08T07:51:41.071286Z,8259,70,CTD,65535,255,1026.3094482421875
1788853901.271198,2026-09-08T07:51:41.271198Z,8259,70,CTD,65535,255,1026.3123779296875
1788853901.470985,2026-09-08T07:51:41.470984Z,8259,70,CTD,65535,255,1026.3115234375
1788853901.671146,2026-09-08T07:51:41.671145Z,8259,70,CTD,65535,255,1026.313232421875
1788853901.8709335,2026-09-08T07:51:41.870933Z,8259,70,CTD,65535,255,1026.313232421875
1788853902.0712276,2026-09-08T07:51:42.071227Z,8259,70,CTD,65535,255,1026.3118896484375
1788853902.2711658,2026-09-08T07:51:42.271165Z,8259,70,CTD,65535,255,1026.31494140625
1788853902.4709663,2026-09-08T07:51:42.470966Z,8259,70,CTD,65535,255,1026.31005859375
1788853902.6709673,2026-09-08T07:51:42.670967Z,8259,70,CTD,65535,255,1026.3135986328125
1788853902.870989,2026-09-08T07:51:42.870989Z,8259,70,CTD,65535,255,1026.3094482421875
1788853903.071289,2026-09-08T07:51:43.071289Z,8259,70,CTD,65535,255,1026.31787109375
1788853903.2711895,2026-09-08T07:51:43.271189Z,8259,70,CTD,65535,255,1026.31494140625
1788853903.4710343,2026-09-08T07:51:43.471034Z,8259,70,CTD,65535,255,1026.313232421875
1788853903.6710129,2026-09-08T07:51:43.671012Z,8259,70,CTD,65535,255,1026.3089599609375
1788853903.8709714,2026-09-08T07:51:43.870971Z,8259,70,CTD,65535,255,1026.3076171875
1788853904.071131,2026-09-08T07:51:44.071130Z,8259,70,CTD,65535,255,1026.3187255859375
1788853904.2711704,2026-09-08T07:51:44.271170Z,8259,70,CTD,65535,255,1026.3067626953125
1788853904.4711268,2026-09-08T07:51:44.471126Z,8259,70,CTD,65535,255,1026.31982421875
1788853904.6710644,2026-09-08T07:51:44.671064Z,8259,70,CTD,65535,255,1026.315185546875
1788853904.8710692,2026-09-08T07:51:44.871069Z,8259,70,CTD,65535,255,1026.3153076171875
1788853905.0712545,2026-09-08T07:51:45.071254Z,8259,70,CTD,65535,255,1026.3189697265625
1788853905.2709184,2026-09-08T07:51:45.270918Z,8259,70,CTD,65535,255,1026.3087158203125
1788853905.471086,2026-09-08T07:51:45.471086Z,8259,70,CTD,65535,255,1026.3238525390625
1788853905.6709652,2026-09-08T07:51:45.670965Z,8259,70,CTD,65535,255,1026.3157958984375
1788853905.8709319,2026-09-08T07:51:45.870931Z,8259,70,CTD,65535,255,1026.3057861328125
1788853906.0712237,2026-09-08T07:51:46.071223Z,8259,70,CTD,65535,255,1026.3009033203125
1788853906.2709167,2026-09-08T07:51:46.270916Z,8259,70,CTD,65535,255,1026.3004150390625
1788853906.4710717,2026-09-08T07:51:46.471071Z,8259,70,CTD,65535,255,1026.310302734375
1788853906.6710443,2026-09-08T07:51:46.671044Z,8259,70,CTD,65535,255,1026.3082275390625
1788853906.8708267,2026-09-08T07:51:46.870826Z,8259,70,CTD,65535,255,1026.3118896484375
1788853907.071116,2026-09-08T07:51:47.071115Z,8259,70,CTD,65535,255,1026.31494140625
1788853907.270991,2026-09-08T07:51:47.270991Z,8259,70,CTD,65535,255,1026.3099365234375
1788853907.4708774,2026-09-08T07:51:47.470877Z,8259,70,CTD,65535,255,1026.3123779296875
1788853907.6709383,2026-09-08T07:51:47.670938Z,8259,70,CTD,65535,255,1026.315673828125
1788853907.871043,2026-09-08T07:51:47.871042Z,8259,70,CTD,65535,255,1026.313720703125
1788853908.0710895,2026-09-08T07:51:48.071089Z,8259,70,CTD,65535,255,1026.3209228515625
1788853908.2708597,2026-09-08T07:51:48.270859Z,8259,70,CTD,65535,255,1026.3221435546875
1788853908.4709713,2026-09-08T07:51:48.470971Z,8259,70,CTD,65535,255,1026.3243408203125
1788853908.6708086,2026-09-08T07:51:48.670808Z,8259,70,CTD,65535,255,1026.315673828125
1788853908.8709612,2026-09-08T07:51:48.870961Z,8259,70,CTD,65535,255,1026.309814453125
1788853909.07113,2026-09-08T07:51:49.071130Z,8259,70,CTD,65535,255,1026.3013916015625
1788853909.2711484,2026-09-08T07:51:49.271148Z,8259,70,CTD,65535,255,1026.3050537109375
1788853909.4709423,2026-09-08T07:51:49.470942Z,8259,70,CTD,65535,255,1026.2835693359375
1788853909.6708076,2026-09-08T07:51:49.670807Z,8259,70,CTD,65535,255,1026.2825927734375
1788853909.8711298,2026-09-08T07:51:49.871129Z,8259,70,CTD,65535,255,1026.2772216796875
1788853910.0711246,2026-09-08T07:51:50.071124Z,8259,70,CTD,65535,255,1026.29296875
1788853910.2707891,2026-09-08T07:51:50.270789Z,8259,70,CTD,65535,255,1026.2657470703125
1788853910.4709454,2026-09-08T07:51:50.470945Z,8259,70,CTD,65535,255,1026.282470703125
1788853910.670846,2026-09-08T07:51:50.670845Z,8259,70,CTD,65535,255,1026.282958984375
1788853910.8707466,2026-09-08T07:51:50.870746Z,8259,70,CTD,65535,255,1026.2535400390625
1788853911.0709863,2026-09-08T07:51:51.070986Z,8259,70,CTD,65535,255,1026.2799072265625
1788853911.270817,2026-09-08T07:51:51.270817Z,8259,70,CTD,65535,255,1026.2724609375
1788853911.4707844,2026-09-08T07:51:51.470784Z,8259,70,CTD,65535,255,1026.2816162109375
1788853911.6707497,2026-09-08T07:51:51.670749Z,8259,70,CTD,65535,255,1026.279052734375
1788853911.8708305,2026-09-08T07:51:51.870830Z,8259,70,CTD,65535,255,1026.28076171875
1788853912.0709631,2026-09-08T07:51:52.070963Z,8259,70,CTD,65535,255,1026.319091796875
1788853912.2710075,2026-09-08T07:51:52.271007Z,8259,70,CTD,65535,255,1026.2972412109375
1788853912.4707634,2026-09-08T07:51:52.470763Z,8259,70,CTD,65535,255,1026.31005859375
1788853912.6709251,2026-09-08T07:51:52.670925Z,8259,70,CTD,65535,255,1026.3157958984375
1788853912.8710127,2026-09-08T07:51:52.871012Z,8259,70,CTD,65535,255,1026.31884765625
1788853913.0712075,2026-09-08T07:51:53.071207Z,8259,70,CTD,65535,255,1026.3255615234375
1788853913.2708585,2026-09-08T07:51:53.270858Z,8259,70,CTD,65535,255,1026.3267822265625
1788853913.470944,2026-09-08T07:51:53.470943Z,8259,70,CTD,65535,255,1026.325439453125
1788853913.6707036,2026-09-08T07:51:53.670703Z,8259,70,CTD,65535,255,1026.32373046875
1788853913.870883,2026-09-08T07:51:53.870882Z,8259,70,CTD,65535,255,1026.3267822265625
1788853914.0713332,2026-09-08T07:51:54.071333Z,8259,70,CTD,65535,255,1026.3309326171875
1788853914.2708595,2026-09-08T07:51:54.270859Z,8259,70,CTD,65535,255,1026.3316650390625
1788853914.4708557,2026-09-08T07:51:54.470855Z,8259,70,CTD,65535,255,1026.3316650390625
1788853914.6707902,2026-09-08T07:51:54.670790Z,8259,70,CTD,65535,255,1026.3358154296875
1788853914.8707526,2026-09-08T07:51:54.870752Z,8259,70,CTD,65535,255,1026.3363037109375
1788853915.0708978,2026-09-08T07:51:55.070897Z,8259,70,CTD,65535,255,1026.3416748046875
1788853915.2709749,2026-09-08T07:51:55.270974Z,8259,70,CTD,65535,255,1026.35400390625
1788853915.4709058,2026-09-08T07:51:55.470905Z,8259,70,CTD,65535,255,1026.35791015625
1788853915.6707902,2026-09-08T07:51:55.670790Z,8259,70,CTD,65535,255,1026.373046875
1788853915.8708584,2026-09-08T07:51:55.870858Z,8259,70,CTD,65535,255,1026.39794921875
1788853916.0710452,2026-09-08T07:51:56.071045Z,8259,70,CTD,65535,255,1026.4273681640625
1788853916.270741,2026-09-08T07:51:56.270740Z,8259,70,CTD,65535,255,1026.453857421875
1788853916.4707582,2026-09-08T07:51:56.470758Z,8259,70,CTD,65535,255,1026.46875
1788853916.6708152,2026-09-08T07:51:56.670815Z,8259,70,CTD,65535,255,1026.48681640625
1788853916.8707383,2026-09-08T07:51:56.870738Z,8259,70,CTD,65535,255,1026.511962890625
1788853917.070884,2026-09-08T07:51:57.070883Z,8259,70,CTD,65535,255,1026.55517578125
1788853917.2708554,2026-09-08T07:51:57.270855Z,8259,70,CTD,65535,255,1026.5989990234375
1788853917.4707737,2026-09-08T07:51:57.470773Z,8259,70,CTD,65535,255,1026.618408203125
1788853917.670653,2026-09-08T07:51:57.670653Z,8259,70,CTD,65535,255,1026.6739501953125
1788853917.8707569,2026-09-08T07:51:57.870756Z,8259,70,CTD,65535,255,1026.689453125
1788853918.0708847,2026-09-08T07:51:58.070884Z,8259,70,CTD,65535,255,1026.6944580078125
1788853918.270801,2026-09-08T07:51:58.270801Z,8259,70,CTD,65535,255,1026.695068359375
1788853918.4708216,2026-09-08T07:51:58.470821Z,8259,70,CTD,65535,255,1026.6990966796875
1788853918.6712108,2026-09-08T07:51:58.671210Z,8259,70,CTD,65535,255,1026.702392578125
1788853918.8713298,2026-09-08T07:51:58.871329Z,8259,70,CTD,65535,255,1026.705078125
1788853919.0716243,2026-09-08T07:51:59.071624Z,8259,70,CTD,65535,255,1026.7220458984375
1788853919.2717948,2026-09-08T07:51:59.271794Z,8259,70,CTD,65535,255,1026.7359619140625
1788853919.4718742,2026-09-08T07:51:59.471874Z,8259,70,CTD,65535,255,1026.7447509765625
1788853919.6718266,2026-09-08T07:51:59.671826Z,8259,70,CTD,65535,255,1026.7529296875
1788853919.8720715,2026-09-08T07:51:59.872071Z,8259,70,CTD,65535,255,1026.75341796875
1788853920.0723567,2026-09-08T07:52:00.072356Z,8259,70,CTD,65535,255,1026.756103515625
1788853920.2723937,2026-09-08T07:52:00.272393Z,8259,70,CTD,65535,255,1026.755859375
1788853920.4721901,2026-09-08T07:52:00.472190Z,8259,70,CTD,65535,255,1026.76171875
1788853920.672179,2026-09-08T07:52:00.672178Z,8259,70,CTD,65535,255,1026.763671875
1788853920.8723063,2026-09-08T07:52:00.872306Z,8259,70,CTD,65535,255,1026.760498046875
1788853921.0725834,2026-09-08T07:52:01.072583Z,8259,70,CTD,65535,255,1026.7615966796875
1788853921.2723901,2026-09-08T07:52:01.272390Z,8259,70,CTD,65535,255,1026.7645263671875
1788853921.4724226,2026-09-08T07:52:01.472422Z,8259,70,CTD,65535,255,1026.766845703125
1788853921.672313,2026-09-08T07:52:01.672312Z,8259,70,CTD,65535,255,1026.7674560546875
1788853921.8721383,2026-09-08T07:52:01.872138Z,8259,70,CTD,65535,255,1026.765869140625
1788853922.0723543,2026-09-08T07:52:02.072354Z,8259,70,CTD,65535,255,1026.7745361328125
1788853922.2723296,2026-09-08T07:52:02.272329Z,8259,70,CTD,65535,255,1026.782470703125
1788853922.4720485,2026-09-08T07:52:02.472048Z,8259,70,CTD,65535,255,1026.7825927734375
1788853922.6720726,2026-09-08T07:52:02.672072Z,8259,70,CTD,65535,255,1026.787841796875
1788853922.8719928,2026-09-08T07:52:02.871992Z,8259,70,CTD,65535,255,1026.7933349609375
1788853923.072066,2026-09-08T07:52:03.072066Z,8259,70,CTD,65535,255,1026.799560546875
1788853923.2719042,2026-09-08T07:52:03.271904Z,8259,70,CTD,65535,255,1026.8050537109375
1788853923.471985,2026-09-08T07:52:03.471985Z,8259,70,CTD,65535,255,1026.8154296875
1788853923.671892,2026-09-08T07:52:03.671891Z,8259,70,CTD,65535,255,1026.8182373046875
1788853923.87171,2026-09-08T07:52:03.871710Z,8259,70,CTD,65535,255,1026.8177490234375
1788853924.0718763,2026-09-08T07:52:04.071876Z,8259,70,CTD,65535,255,1026.8206787109375
1788853924.2718523,2026-09-08T07:52:04.271852Z,8259,70,CTD,65535,255,1026.829345703125
1788853924.4716172,2026-09-08T07:52:04.471617Z,8259,70,CTD,65535,255,1026.830078125
1788853924.6717162,2026-09-08T07:52:04.671716Z,8259,70,CTD,65535,255,1026.832763671875
1788853924.8716047,2026-09-08T07:52:04.871604Z,8259,70,CTD,65535,255,1026.8284912109375
1788853925.0717864,2026-09-08T07:52:05.071786Z,8259,70,CTD,65535,255,1026.828857421875
1788853925.2716782,2026-09-08T07:52:05.271678Z,8259,70,CTD,65535,255,1026.8304443359375
1788853925.4716802,2026-09-08T07:52:05.471680Z,8259,70,CTD,65535,255,1026.836181640625
1788853925.6715498,2026-09-08T07:52:05.671549Z,8259,70,CTD,65535,255,1026.83935546875
1788853925.8716424,2026-09-08T07:52:05.871642Z,8259,70,CTD,65535,255,1026.83984375
1788853926.0716898,2026-09-08T07:52:06.071689Z,8259,70,CTD,65535,255,1026.842041015625
1788853926.2714658,2026-09-08T07:52:06.271465Z,8259,70,CTD,65535,255,1026.8404541015625
1788853926.4714456,2026-09-08T07:52:06.471445Z,8259,70,CTD,65535,255,1026.8419189453125
1788853926.671601,2026-09-08T07:52:06.671601Z,8259,70,CTD,65535,255,1026.84521484375
1788853926.8715854,2026-09-08T07:52:06.871585Z,8259,70,CTD,65535,255,1026.8460693359375
1788853927.071744,2026-09-08T07:52:07.071743Z,8259,70,CTD,65535,255,1026.8438720703125
1788853927.2715356,2026-09-08T07:52:07.271535Z,8259,70,CTD,65535,255,1026.846923828125
1788853927.4716265,2026-09-08T07:52:07.471626Z,8259,70,CTD,65535,255,1026.850830078125
1788853927.6714134,2026-09-08T07:52:07.671413Z,8259,70,CTD,65535,255,1026.850341796875
1788853927.8715847,2026-09-08T07:52:07.871584Z,8259,70,CTD,65535,255,1026.8525390625
1788853928.0716672,2026-09-08T07:52:08.071667Z,8259,70,CTD,65535,255,1026.8519287109375
1788853928.2714834,2026-09-08T07:52:08.271483Z,8259,70,CTD,65535,255,1026.8525390625
1788853928.4714801,2026-09-08T07:52:08.471480Z,8259,70,CTD,65535,255,1026.8514404296875
1788853928.6714025,2026-09-08T07:52:08.671402Z,8259,70,CTD,65535,255,1026.854736328125
1788853928.8714066,2026-09-08T07:52:08.871406Z,8259,70,CTD,65535,255,1026.853271484375
1788853929.0724483,2026-09-08T07:52:09.072448Z,8259,70,CTD,65535,255,1026.85986328125
1788853929.2715518,2026-09-08T07:52:09.271551Z,8259,70,CTD,65535,255,1026.8607177734375
1788853929.4715042,2026-09-08T07:52:09.471504Z,8259,70,CTD,65535,255,1026.8642578125
1788853929.6714804,2026-09-08T07:52:09.671480Z,8259,70,CTD,65535,255,1026.8680419921875
1788853929.8714514,2026-09-08T07:52:09.871451Z,8259,70,CTD,65535,255,1026.8707275390625
1788853930.0716898,2026-09-08T07:52:10.071689Z,8259,70,CTD,65535,255,1026.8690185546875
1788853930.2714806,2026-09-08T07:52:10.271480Z,8259,70,CTD,65535,255,1026.8717041015625
1788853930.4715555,2026-09-08T07:52:10.471555Z,8259,70,CTD,65535,255,1026.873779296875
1788853930.6714559,2026-09-08T07:52:10.671455Z,8259,70,CTD,65535,255,1026.8748779296875
1788853930.8713715,2026-09-08T07:52:10.871371Z,8259,70,CTD,65535,255,1026.8782958984375
1788853931.0715692,2026-09-08T07:52:11.071569Z,8259,70,CTD,65535,255,1026.8790283203125
1788853931.2714064,2026-09-08T07:52:11.271406Z,8259,70,CTD,65535,255,1026.8792724609375
1788853931.471591,2026-09-08T07:52:11.471590Z,8259,70,CTD,65535,255,1026.8792724609375
1788853931.6715386,2026-09-08T07:52:11.671538Z,8259,70,CTD,65535,255,1026.8822021484375
1788853931.8713439,2026-09-08T07:52:11.871343Z,8259,70,CTD,65535,255,1026.8873291015625
1788853932.0716405,2026-09-08T07:52:12.071640Z,8259,70,CTD,65535,255,1026.8912353515625
1788853932.2715847,2026-09-08T07:52:12.271584Z,8259,70,CTD,65535,255,1026.8927001953125
1788853932.4715536,2026-09-08T07:52:12.471553Z,8259,70,CTD,65535,255,1026.8934326171875
1788853932.6715262,2026-09-08T07:52:12.671526Z,8259,70,CTD,65535,255,1026.897705078125
1788853932.8713126,2026-09-08T07:52:12.871312Z,8259,70,CTD,65535,255,1026.9051513671875
1788853933.0715387,2026-09-08T07:52:13.071538Z,8259,70,CTD,65535,255,1026.906005859375
1788853933.2714589,2026-09-08T07:52:13.271458Z,8259,70,CTD,65535,255,1026.9063720703125
1788853933.4715884,2026-09-08T07:52:13.471588Z,8259,70,CTD,65535,255,1026.9088134765625
1788853933.6713312,2026-09-08T07:52:13.671331Z,8259,70,CTD,65535,255,1026.9091796875
1788853933.871409,2026-09-08T07:52:13.871408Z,8259,70,CTD,65535,255,1026.9105224609375
1788853934.071645,2026-09-08T07:52:14.071645Z,8259,70,CTD,65535,255,1026.9130859375
1788853934.2714605,2026-09-08T07:52:14.271460Z,8259,70,CTD,65535,255,1026.911376953125
1788853934.4714696,2026-09-08T07:52:14.471469Z,8259,70,CTD,65535,255,1026.911865234375
1788853934.6715577,2026-09-08T07:52:14.671557Z,8259,70,CTD,65535,255,1026.9124755859375
1788853934.8716257,2026-09-08T07:52:14.871625Z,8259,70,CTD,65535,255,1026.9139404296875
1788853935.0714614,2026-09-08T07:52:15.071461Z,8259,70,CTD,65535,255,1026.9154052734375
1788853935.2714458,2026-09-08T07:52:15.271445Z,8259,70,CTD,65535,255,1026.9188232421875
1788853935.4713252,2026-09-08T07:52:15.471325Z,8259,70,CTD,65535,255,1026.927490234375
1788853935.6713083,2026-09-08T07:52:15.671308Z,8259,70,CTD,65535,255,1026.931640625
1788853935.8714452,2026-09-08T07:52:15.871445Z,8259,70,CTD,65535,255,1026.93798828125
1788853936.07171,2026-09-08T07:52:16.071710Z,8259,70,CTD,65535,255,1026.937255859375
1788853936.2714298,2026-09-08T07:52:16.271429Z,8259,70,CTD,65535,255,1026.93896484375
1788853936.471481,2026-09-08T07:52:16.471481Z,8259,70,CTD,65535,255,1026.940185546875
1788853936.6714158,2026-09-08T07:52:16.671415Z,8259,70,CTD,65535,255,1026.939697265625
1788853936.8713796,2026-09-08T07:52:16.871379Z,8259,70,CTD,65535,255,1026.9461669921875
1788853937.0717638,2026-09-08T07:52:17.071763Z,8259,70,CTD,65535,255,1026.9544677734375
1788853937.271565,2026-09-08T07:52:17.271564Z,8259,70,CTD,65535,255,1026.9591064453125
1788853937.4714649,2026-09-08T07:52:17.471464Z,8259,70,CTD,65535,255,1026.96142578125
1788853937.6713593,2026-09-08T07:52:17.671359Z,8259,70,CTD,65535,255,1026.969970703125
1788853937.8714423,2026-09-08T07:52:17.871442Z,8259,70,CTD,65535,255,1026.9730224609375
1788853938.0717003,2026-09-08T07:52:18.071700Z,8259,70,CTD,65535,255,1026.9884033203125
1788853938.271413,2026-09-08T07:52:18.271413Z,8259,70,CTD,65535,255,1027.010498046875
1788853938.4728382,2026-09-08T07:52:18.472838Z,8259,70,CTD,65535,255,1027.026123046875
1788853938.6739376,2026-09-08T07:52:18.673937Z,8259,70,CTD,65535,255,1027.0401611328125
1788853938.8752096,2026-09-08T07:52:18.875209Z,8259,70,CTD,65535,255,1027.0513916015625
1788853939.076993,2026-09-08T07:52:19.076992Z,8259,70,CTD,65535,255,1027.0579833984375
1788853939.2778797,2026-09-08T07:52:19.277879Z,8259,70,CTD,65535,255,1027.0660400390625
1788853939.4786959,2026-09-08T07:52:19.478695Z,8259,70,CTD,65535,255,1027.0755615234375
1788853939.6794863,2026-09-08T07:52:19.679486Z,8259,70,CTD,65535,255,1027.0831298828125
1788853939.8803415,2026-09-08T07:52:19.880341Z,8259,70,CTD,65535,255,1027.0909423828125
1788853940.0814056,2026-09-08T07:52:20.081405Z,8259,70,CTD,65535,255,1027.0919189453125
1788853940.2819655,2026-09-08T07:52:20.281965Z,8259,70,CTD,65535,255,1027.0946044921875
1788853940.4821053,2026-09-08T07:52:20.482105Z,8259,70,CTD,65535,255,1027.0999755859375
1788853940.6822078,2026-09-08T07:52:20.682207Z,8259,70,CTD,65535,255,1027.10986328125
1788853940.8823268,2026-09-08T07:52:20.882326Z,8259,70,CTD,65535,255,1027.120849609375
1788853941.082762,2026-09-08T07:52:21.082762Z,8259,70,CTD,65535,255,1027.120361328125
1788853941.2825537,2026-09-08T07:52:21.282553Z,8259,70,CTD,65535,255,1027.1220703125
1788853941.4824674,2026-09-08T07:52:21.482467Z,8259,70,CTD,65535,255,1027.1256103515625
1788853941.6822457,2026-09-08T07:52:21.682245Z,8259,70,CTD,65535,255,1027.13330078125
1788853941.8819664,2026-09-08T07:52:21.881966Z,8259,70,CTD,65535,255,1027.14599609375
1788853942.08188,2026-09-08T07:52:22.081880Z,8259,70,CTD,65535,255,1027.1572265625
1788853942.2814987,2026-09-08T07:52:22.281498Z,8259,70,CTD,65535,255,1027.166015625
1788853942.4812744,2026-09-08T07:52:22.481274Z,8259,70,CTD,65535,255,1027.1712646484375
1788853942.680983,2026-09-08T07:52:22.680983Z,8259,70,CTD,65535,255,1027.1793212890625
1788853942.8805947,2026-09-08T07:52:22.880594Z,8259,70,CTD,65535,255,1027.1822509765625
1788853943.0803237,2026-09-08T07:52:23.080323Z,8259,70,CTD,65535,255,1027.1793212890625
1788853943.280027,2026-09-08T07:52:23.280026Z,8259,70,CTD,65535,255,1027.1851806640625
1788853943.4798288,2026-09-08T07:52:23.479828Z,8259,70,CTD,65535,255,1027.19091796875
1788853943.6793528,2026-09-08T07:52:23.679352Z,8259,70,CTD,65535,255,1027.18994140625
1788853943.8790448,2026-09-08T07:52:23.879044Z,8259,70,CTD,65535,255,1027.1890869140625
1788853944.079658,2026-09-08T07:52:24.079658Z,8259,70,CTD,65535,255,1027.1903076171875
1788853944.2784681,2026-09-08T07:52:24.278468Z,8259,70,CTD,65535,255,1027.1968994140625
1788853944.4769473,2026-09-08T07:52:24.476947Z,8259,70,CTD,65535,255,1027.1988525390625
1788853944.675547,2026-09-08T07:52:24.675546Z,8259,70,CTD,65535,255,1027.2008056640625
1788853944.874202,2026-09-08T07:52:24.874202Z,8259,70,CTD,65535,255,1027.199462890625
1788853945.0730908,2026-09-08T07:52:25.073090Z,8259,70,CTD,65535,255,1027.203857421875
1788853945.2712264,2026-09-08T07:52:25.271226Z,8259,70,CTD,65535,255,1027.2005615234375
1788853945.4703047,2026-09-08T07:52:25.470304Z,8259,70,CTD,65535,255,1027.205078125
1788853945.6693351,2026-09-08T07:52:25.669335Z,8259,70,CTD,65535,255,1027.2039794921875
1788853945.8686247,2026-09-08T07:52:25.868624Z,8259,70,CTD,65535,255,1027.205322265625
1788853946.0678003,2026-09-08T07:52:26.067800Z,8259,70,CTD,65535,255,1027.205322265625
1788853946.266892,2026-09-08T07:52:26.266891Z,8259,70,CTD,65535,255,1027.2066650390625
1788853946.4664922,2026-09-08T07:52:26.466492Z,8259,70,CTD,65535,255,1027.2076416015625
1788853946.6663408,2026-09-08T07:52:26.666340Z,8259,70,CTD,65535,255,1027.2086181640625
1788853946.8661695,2026-09-08T07:52:26.866169Z,8259,70,CTD,65535,255,1027.2093505859375
1788853947.066482,2026-09-08T07:52:27.066482Z,8259,70,CTD,65535,255,1027.2113037109375
1788853947.2659187,2026-09-08T07:52:27.265918Z,8259,70,CTD,65535,255,1027.2115478515625
1788853947.4662588,2026-09-08T07:52:27.466258Z,8259,70,CTD,65535,255,1027.216064453125
1788853947.6664212,2026-09-08T07:52:27.666421Z,8259,70,CTD,65535,255,1027.21484375
1788853947.8668265,2026-09-08T07:52:27.866826Z,8259,70,CTD,65535,255,1027.216064453125
1788853948.0671594,2026-09-08T07:52:28.067159Z,8259,70,CTD,65535,255,1027.2164306640625
1788853948.267211,2026-09-08T07:52:28.267210Z,8259,70,CTD,65535,255,1027.223388671875
1788853948.4677086,2026-09-08T07:52:28.467708Z,8259,70,CTD,65535,255,1027.2230224609375
1788853948.6679275,2026-09-08T07:52:28.667927Z,8259,70,CTD,65535,255,1027.2236328125
1788853948.868359,2026-09-08T07:52:28.868359Z,8259,70,CTD,65535,255,1027.2249755859375
1788853949.068743,2026-09-08T07:52:29.068742Z,8259,70,CTD,65535,255,1027.232177734375
1788853949.2690363,2026-09-08T07:52:29.269036Z,8259,70,CTD,65535,255,1027.2320556640625
1788853949.4692817,2026-09-08T07:52:29.469281Z,8259,70,CTD,65535,255,1027.232177734375
1788853949.6696923,2026-09-08T07:52:29.669692Z,8259,70,CTD,65535,255,1027.235107421875
1788853949.869755,2026-09-08T07:52:29.869755Z,8259,70,CTD,65535,255,1027.23876953125
1788853950.0700653,2026-09-08T07:52:30.070065Z,8259,70,CTD,65535,255,1027.2393798828125
1788853950.2703898,2026-09-08T07:52:30.270389Z,8259,70,CTD,65535,255,1027.2452392578125
1788853950.4702783,2026-09-08T07:52:30.470278Z,8259,70,CTD,65535,255,1027.246337890625
1788853950.6704895,2026-09-08T07:52:30.670489Z,8259,70,CTD,65535,255,1027.2479248046875
1788853950.8705776,2026-09-08T07:52:30.870577Z,8259,70,CTD,65535,255,1027.2462158203125
1788853951.0708523,2026-09-08T07:52:31.070852Z,8259,70,CTD,65535,255,1027.250732421875
1788853951.2710872,2026-09-08T07:52:31.271087Z,8259,70,CTD,65535,255,1027.249267578125
1788853951.4709291,2026-09-08T07:52:31.470929Z,8259,70,CTD,65535,255,1027.249755859375
1788853951.6710596,2026-09-08T07:52:31.671059Z,8259,70,CTD,65535,255,1027.2528076171875
1788853951.8711903,2026-09-08T07:52:31.871190Z,8259,70,CTD,65535,255,1027.2496337890625
1788853952.0713317,2026-09-08T07:52:32.071331Z,8259,70,CTD,65535,255,1027.249267578125
1788853952.271179,2026-09-08T07:52:32.271178Z,8259,70,CTD,65535,255,1027.2532958984375
1788853952.4713986,2026-09-08T07:52:32.471398Z,8259,70,CTD,65535,255,1027.252685546875
1788853952.6712399,2026-09-08T07:52:32.671239Z,8259,70,CTD,65535,255,1027.2564697265625
1788853952.8712776,2026-09-08T07:52:32.871277Z,8259,70,CTD,65535,255,1027.2548828125
1788853953.0715923,2026-09-08T07:52:33.071592Z,8259,70,CTD,65535,255,1027.259033203125
1788853953.2713819,2026-09-08T07:52:33.271381Z,8259,70,CTD,65535,255,1027.258056640625
1788853953.4714513,2026-09-08T07:52:33.471451Z,8259,70,CTD,65535,255,1027.2576904296875
1788853953.6713543,2026-09-08T07:52:33.671354Z,8259,70,CTD,65535,255,1027.25732421875
1788853953.8716345,2026-09-08T07:52:33.871634Z,8259,70,CTD,65535,255,1027.2586669921875
1788853954.0716043,2026-09-08T07:52:34.071604Z,8259,70,CTD,65535,255,1027.2579345703125
1788853954.2714152,2026-09-08T07:52:34.271415Z,8259,70,CTD,65535,255,1027.2601318359375
1788853954.4712296,2026-09-08T07:52:34.471229Z,8259,70,CTD,65535,255,1027.2640380859375
1788853954.671024,2026-09-08T07:52:34.671024Z,8259,70,CTD,65535,255,1027.2646484375
1788853954.8710315,2026-09-08T07:52:34.871031Z,8259,70,CTD,65535,255,1027.2633056640625
1788853955.07123,2026-09-08T07:52:35.071229Z,8259,70,CTD,65535,255,1027.2718505859375
1788853955.2711303,2026-09-08T07:52:35.271130Z,8259,70,CTD,65535,255,1027.2718505859375
1788853955.4711127,2026-09-08T07:52:35.471112Z,8259,70,CTD,65535,255,1027.2708740234375
1788853955.6709876,2026-09-08T07:52:35.670987Z,8259,70,CTD,65535,255,1027.2738037109375
1788853955.87103,2026-09-08T07:52:35.871030Z,8259,70,CTD,65535,255,1027.2733154296875
1788853956.071138,2026-09-08T07:52:36.071137Z,8259,70,CTD,65535,255,1027.272705078125
1788853956.2710283,2026-09-08T07:52:36.271028Z,8259,70,CTD,65535,255,1027.2735595703125
1788853956.4708488,2026-09-08T07:52:36.470848Z,8259,70,CTD,65535,255,1027.2747802734375
1788853956.670798,2026-09-08T07:52:36.670798Z,8259,70,CTD,65535,255,1027.27587890625
1788853956.8709788,2026-09-08T07:52:36.870978Z,8259,70,CTD,65535,255,1027.2774658203125
1788853957.0709836,2026-09-08T07:52:37.070983Z,8259,70,CTD,65535,255,1027.2752685546875
1788853957.270879,2026-09-08T07:52:37.270879Z,8259,70,CTD,65535,255,1027.28125
1788853957.4709613,2026-09-08T07:52:37.470961Z,8259,70,CTD,65535,255,1027.2801513671875
1788853957.6709533,2026-09-08T07:52:37.670953Z,8259,70,CTD,65535,255,1027.2808837890625
1788853957.8707561,2026-09-08T07:52:37.870756Z,8259,70,CTD,65535,255,1027.2802734375
1788853958.0711043,2026-09-08T07:52:38.071104Z,8259,70,CTD,65535,255,1027.2816162109375
1788853958.2708652,2026-09-08T07:52:38.270865Z,8259,70,CTD,65535,255,1027.283447265625
1788853958.47076,2026-09-08T07:52:38.470760Z,8259,70,CTD,65535,255,1027.2830810546875
1788853958.6708093,2026-09-08T07:52:38.670809Z,8259,70,CTD,65535,255,1027.288330078125
1788853958.8707635,2026-09-08T07:52:38.870763Z,8259,70,CTD,65535,255,1027.2958984375
1788853959.0708737,2026-09-08T07:52:39.070873Z,8259,70,CTD,65535,255,1027.3017578125
1788853959.2708483,2026-09-08T07:52:39.270848Z,8259,70,CTD,65535,255,1027.3096923828125
1788853959.4708185,2026-09-08T07:52:39.470818Z,8259,70,CTD,65535,255,1027.3148193359375
1788853959.6706421,2026-09-08T07:52:39.670642Z,8259,70,CTD,65535,255,1027.3165283203125
1788853959.8706567,2026-09-08T07:52:39.870656Z,8259,70,CTD,65535,255,1027.31884765625
1788853960.0709817,2026-09-08T07:52:40.070981Z,8259,70,CTD,65535,255,1027.319580078125
1788853960.2708657,2026-09-08T07:52:40.270865Z,8259,70,CTD,65535,255,1027.320556640625
1788853960.4708652,2026-09-08T07:52:40.470865Z,8259,70,CTD,65535,255,1027.3271484375
1788853960.6706696,2026-09-08T07:52:40.670669Z,8259,70,CTD,65535,255,1027.3260498046875
1788853960.8706546,2026-09-08T07:52:40.870654Z,8259,70,CTD,65535,255,1027.33154296875
1788853961.0710166,2026-09-08T07:52:41.071016Z,8259,70,CTD,65535,255,1027.3408203125
1788853961.2707205,2026-09-08T07:52:41.270720Z,8259,70,CTD,65535,255,1027.3428955078125
1788853961.4705765,2026-09-08T07:52:41.470576Z,8259,70,CTD,65535,255,1027.34814453125
1788853961.6706305,2026-09-08T07:52:41.670630Z,8259,70,CTD,65535,255,1027.347900390625
1788853961.8704052,2026-09-08T07:52:41.870405Z,8259,70,CTD,65535,255,1027.351318359375
1788853962.0707726,2026-09-08T07:52:42.070772Z,8259,70,CTD,65535,255,1027.353271484375
1788853962.2703135,2026-09-08T07:52:42.270313Z,8259,70,CTD,65535,255,1027.3555908203125
1788853962.470867,2026-09-08T07:52:42.470866Z,8259,70,CTD,65535,255,1027.3577880859375
1788853962.6717272,2026-09-08T07:52:42.671727Z,8259,70,CTD,65535,255,1027.3543701171875
1788853962.872264,2026-09-08T07:52:42.872263Z,8259,70,CTD,65535,255,1027.3597412109375
1788853963.0731041,2026-09-08T07:52:43.073104Z,8259,70,CTD,65535,255,1027.3616943359375
1788853963.2734115,2026-09-08T07:52:43.273411Z,8259,70,CTD,65535,255,1027.36474609375
1788853963.4748404,2026-09-08T07:52:43.474840Z,8259,70,CTD,65535,255,1027.3690185546875
1788853963.6763086,2026-09-08T07:52:43.676308Z,8259,70,CTD,65535,255,1027.3687744140625
1788853963.8777838,2026-09-08T07:52:43.877783Z,8259,70,CTD,65535,255,1027.3758544921875
1788853964.079442,2026-09-08T07:52:44.079442Z,8259,70,CTD,65535,255,1027.3775634765625
1788853964.281046,2026-09-08T07:52:44.281045Z,8259,70,CTD,65535,255,1027.388427734375
1788853964.481491,2026-09-08T07:52:44.481491Z,8259,70,CTD,65535,255,1027.3896484375
1788853964.6820412,2026-09-08T07:52:44.682041Z,8259,70,CTD,65535,255,1027.3887939453125
1788853964.8825264,2026-09-08T07:52:44.882526Z,8259,70,CTD,65535,255,1027.3919677734375
1788853965.083388,2026-09-08T07:52:45.083388Z,8259,70,CTD,65535,255,1027.3909912109375
1788853965.2838185,2026-09-08T07:52:45.283818Z,8259,70,CTD,65535,255,1027.4017333984375
1788853965.484046,2026-09-08T07:52:45.484045Z,8259,70,CTD,65535,255,1027.405517578125
1788853965.6842003,2026-09-08T07:52:45.684200Z,8259,70,CTD,65535,255,1027.4002685546875
1788853965.8844807,2026-09-08T07:52:45.884480Z,8259,70,CTD,65535,255,1027.392578125
1788853966.0851042,2026-09-08T07:52:46.085104Z,8259,70,CTD,65535,255,1027.40625
1788853966.2852166,2026-09-08T07:52:46.285216Z,8259,70,CTD,65535,255,1027.402587890625
1788853966.484726,2026-09-08T07:52:46.484725Z,8259,70,CTD,65535,255,1027.411865234375
1788853966.68441,2026-09-08T07:52:46.684410Z,8259,70,CTD,65535,255,1027.416748046875
1788853966.8840995,2026-09-08T07:52:46.884099Z,8259,70,CTD,65535,255,1027.4276123046875
1788853967.0838735,2026-09-08T07:52:47.083873Z,8259,70,CTD,65535,255,1027.4222412109375
1788853967.2836318,2026-09-08T07:52:47.283631Z,8259,70,CTD,65535,255,1027.43212890625
1788853967.4830756,2026-09-08T07:52:47.483075Z,8259,70,CTD,65535,255,1027.440185546875
1788853967.682635,2026-09-08T07:52:47.682635Z,8259,70,CTD,65535,255,1027.4405517578125
1788853967.882192,2026-09-08T07:52:47.882191Z,8259,70,CTD,65535,255,1027.4364013671875
1788853968.0820808,2026-09-08T07:52:48.082080Z,8259,70,CTD,65535,255,1027.441650390625
1788853968.2814884,2026-09-08T07:52:48.281488Z,8259,70,CTD,65535,255,1027.43701171875
1788853968.480948,2026-09-08T07:52:48.480947Z,8259,70,CTD,65535,255,1027.4449462890625
1788853968.6806061,2026-09-08T07:52:48.680606Z,8259,70,CTD,65535,255,1027.4490966796875
1788853968.8802807,2026-09-08T07:52:48.880280Z,8259,70,CTD,65535,255,1027.449951171875
1788853969.080417,2026-09-08T07:52:49.080416Z,8259,70,CTD,65535,255,1027.4503173828125
1788853969.2801113,2026-09-08T07:52:49.280111Z,8259,70,CTD,65535,255,1027.448974609375
1788853969.4795187,2026-09-08T07:52:49.479518Z,8259,70,CTD,65535,255,1027.45361328125
1788853969.6794949,2026-09-08T07:52:49.679494Z,8259,70,CTD,65535,255,1027.45166015625
1788853969.879213,2026-09-08T07:52:49.879213Z,8259,70,CTD,65535,255,1027.4520263671875
1788853970.0793943,2026-09-08T07:52:50.079394Z,8259,70,CTD,65535,255,1027.4576416015625
1788853970.278913,2026-09-08T07:52:50.278913Z,8259,70,CTD,65535,255,1027.45849609375
1788853970.4789822,2026-09-08T07:52:50.478982Z,8259,70,CTD,65535,255,1027.4581298828125
1788853970.6791053,2026-09-08T07:52:50.679105Z,8259,70,CTD,65535,255,1027.4595947265625
1788853970.8792489,2026-09-08T07:52:50.879248Z,8259,70,CTD,65535,255,1027.460693359375
1788853971.0797584,2026-09-08T07:52:51.079758Z,8259,70,CTD,65535,255,1027.4625244140625
1788853971.2795925,2026-09-08T07:52:51.279592Z,8259,70,CTD,65535,255,1027.4659423828125
1788853971.4794827,2026-09-08T07:52:51.479482Z,8259,70,CTD,65535,255,1027.4580078125
1788853971.6794019,2026-09-08T07:52:51.679401Z,8259,70,CTD,65535,255,1027.463134765625
1788853971.8793414,2026-09-08T07:52:51.879341Z,8259,70,CTD,65535,255,1027.470458984375
1788853972.0795383,2026-09-08T07:52:52.079538Z,8259,70,CTD,65535,255,1027.4735107421875
1788853972.2792554,2026-09-08T07:52:52.279255Z,8259,70,CTD,65535,255,1027.4737548828125
1788853972.4790394,2026-09-08T07:52:52.479039Z,8259,70,CTD,65535,255,1027.4727783203125
1788853972.6789653,2026-09-08T07:52:52.678965Z,8259,70,CTD,65535,255,1027.4735107421875
1788853972.8788304,2026-09-08T07:52:52.878830Z,8259,70,CTD,65535,255,1027.4736328125
1788853973.079283,2026-09-08T07:52:53.079282Z,8259,70,CTD,65535,255,1027.4710693359375
1788853973.2787933,2026-09-08T07:52:53.278793Z,8259,70,CTD,65535,255,1027.47314453125
1788853973.478764,2026-09-08T07:52:53.478764Z,8259,70,CTD,65535,255,1027.4774169921875
1788853973.678699,2026-09-08T07:52:53.678699Z,8259,70,CTD,65535,255,1027.4842529296875
1788853973.8786385,2026-09-08T07:52:53.878638Z,8259,70,CTD,65535,255,1027.4884033203125
1788853974.079443,2026-09-08T07:52:54.079442Z,8259,70,CTD,65535,255,1027.4859619140625
1788853974.2789083,2026-09-08T07:52:54.278908Z,8259,70,CTD,65535,255,1027.48974609375
1788853974.4785633,2026-09-08T07:52:54.478563Z,8259,70,CTD,65535,255,1027.493408203125
1788853974.6785917,2026-09-08T07:52:54.678591Z,8259,70,CTD,65535,255,1027.490966796875
1788853974.878604,2026-09-08T07:52:54.878603Z,8259,70,CTD,65535,255,1027.4945068359375
1788853975.0789227,2026-09-08T07:52:55.078922Z,8259,70,CTD,65535,255,1027.493408203125
1788853975.2789397,2026-09-08T07:52:55.278939Z,8259,70,CTD,65535,255,1027.49658203125
1788853975.4786925,2026-09-08T07:52:55.478692Z,8259,70,CTD,65535,255,1027.4969482421875
1788853975.6786563,2026-09-08T07:52:55.678656Z,8259,70,CTD,65535,255,1027.4947509765625
1788853975.878667,2026-09-08T07:52:55.878667Z,8259,70,CTD,65535,255,1027.4981689453125
1788853976.079099,2026-09-08T07:52:56.079098Z,8259,70,CTD,65535,255,1027.4957275390625
1788853976.2790222,2026-09-08T07:52:56.279022Z,8259,70,CTD,65535,255,1027.499267578125
1788853976.478724,2026-09-08T07:52:56.478724Z,8259,70,CTD,65535,255,1027.502197265625
1788853976.6787374,2026-09-08T07:52:56.678737Z,8259,70,CTD,65535,255,1027.4989013671875
1788853976.8787408,2026-09-08T07:52:56.878740Z,8259,70,CTD,65535,255,1027.497802734375
1788853977.0792441,2026-09-08T07:52:57.079244Z,8259,70,CTD,65535,255,1027.5008544921875
1788853977.278831,2026-09-08T07:52:57.278831Z,8259,70,CTD,65535,255,1027.4989013671875
1788853977.4788716,2026-09-08T07:52:57.478871Z,8259,70,CTD,65535,255,1027.497802734375
1788853977.6788023,2026-09-08T07:52:57.678802Z,8259,70,CTD,65535,255,1027.500244140625
1788853977.8788207,2026-09-08T07:52:57.878820Z,8259,70,CTD,65535,255,1027.5010986328125
1788853978.0791862,2026-09-08T07:52:58.079186Z,8259,70,CTD,65535,255,1027.49462890625
1788853978.2789032,2026-09-08T07:52:58.278903Z,8259,70,CTD,65535,255,1027.5025634765625
1788853978.478862,2026-09-08T07:52:58.478862Z,8259,70,CTD,65535,255,1027.5028076171875
1788853978.6788414,2026-09-08T07:52:58.678841Z,8259,70,CTD,65535,255,1027.5037841796875
1788853978.8788395,2026-09-08T07:52:58.878839Z,8259,70,CTD,65535,255,1027.50146484375
1788853979.0791314,2026-09-08T07:52:59.079131Z,8259,70,CTD,65535,255,1027.5006103515625
1788853979.2791746,2026-09-08T07:52:59.279174Z,8259,70,CTD,65535,255,1027.5009765625
1788853979.4791934,2026-09-08T07:52:59.479193Z,8259,70,CTD,65535,255,1027.5023193359375
1788853979.678941,2026-09-08T07:52:59.678941Z,8259,70,CTD,65535,255,1027.507080078125
1788853979.87887,2026-09-08T07:52:59.878870Z,8259,70,CTD,65535,255,1027.5028076171875
1788853980.0792613,2026-09-08T07:53:00.079261Z,8259,70,CTD,65535,255,1027.5047607421875
1788853980.2790406,2026-09-08T07:53:00.279040Z,8259,70,CTD,65535,255,1027.505126953125
1788853980.4788647,2026-09-08T07:53:00.478864Z,8259,70,CTD,65535,255,1027.5047607421875
1788853980.6789477,2026-09-08T07:53:00.678947Z,8259,70,CTD,65535,255,1027.51318359375
1788853980.8788083,2026-09-08T07:53:00.878808Z,8259,70,CTD,65535,255,1027.5157470703125
1788853981.0793228,2026-09-08T07:53:01.079322Z,8259,70,CTD,65535,255,1027.5174560546875
1788853981.2789872,2026-09-08T07:53:01.278987Z,8259,70,CTD,65535,255,1027.5118408203125
1788853981.4790106,2026-09-08T07:53:01.479010Z,8259,70,CTD,65535,255,1027.5164794921875
1788853981.6788373,2026-09-08T07:53:01.678837Z,8259,70,CTD,65535,255,1027.5191650390625
1788853981.8788002,2026-09-08T07:53:01.878800Z,8259,70,CTD,65535,255,1027.521240234375
1788853982.0789895,2026-09-08T07:53:02.078989Z,8259,70,CTD,65535,255,1027.5235595703125
1788853982.2789524,2026-09-08T07:53:02.278952Z,8259,70,CTD,65535,255,1027.520263671875
1788853982.4788523,2026-09-08T07:53:02.478852Z,8259,70,CTD,65535,255,1027.5208740234375
1788853982.6787868,2026-09-08T07:53:02.678786Z,8259,70,CTD,65535,255,1027.5296630859375
1788853982.8787763,2026-09-08T07:53:02.878776Z,8259,70,CTD,65535,255,1027.5340576171875
1788853983.0789962,2026-09-08T07:53:03.078996Z,8259,70,CTD,65535,255,1027.5308837890625
1788853983.2788205,2026-09-08T07:53:03.278820Z,8259,70,CTD,65535,255,1027.5281982421875
1788853983.4789166,2026-09-08T07:53:03.478916Z,8259,70,CTD,65535,255,1027.529541015625
1788853983.6787853,2026-09-08T07:53:03.678785Z,8259,70,CTD,65535,255,1027.5341796875
1788853983.8787982,2026-09-08T07:53:03.878798Z,8259,70,CTD,65535,255,1027.5330810546875
1788853984.0791686,2026-09-08T07:53:04.079168Z,8259,70,CTD,65535,255,1027.524169921875
1788853984.2787735,2026-09-08T07:53:04.278773Z,8259,70,CTD,65535,255,1027.5313720703125
1788853984.4787574,2026-09-08T07:53:04.478757Z,8259,70,CTD,65535,255,1027.530029296875
1788853984.6787713,2026-09-08T07:53:04.678771Z,8259,70,CTD,65535,255,1027.530029296875
1788853984.8787508,2026-09-08T07:53:04.878750Z,8259,70,CTD,65535,255,1027.5318603515625
1788853985.0790272,2026-09-08T07:53:05.079027Z,8259,70,CTD,65535,255,1027.533447265625
1788853985.278781,2026-09-08T07:53:05.278780Z,8259,70,CTD,65535,255,1027.5347900390625
1788853985.4787881,2026-09-08T07:53:05.478788Z,8259,70,CTD,65535,255,1027.5303955078125
1788853985.678717,2026-09-08T07:53:05.678716Z,8259,70,CTD,65535,255,1027.5347900390625
1788853985.8786833,2026-09-08T07:53:05.878683Z,8259,70,CTD,65535,255,1027.5311279296875
1788853986.0790267,2026-09-08T07:53:06.079026Z,8259,70,CTD,65535,255,1027.531982421875
1788853986.2787726,2026-09-08T07:53:06.278772Z,8259,70,CTD,65535,255,1027.5364990234375
1788853986.478717,2026-09-08T07:53:06.478717Z,8259,70,CTD,65535,255,1027.5408935546875
1788853986.6786895,2026-09-08T07:53:06.678689Z,8259,70,CTD,65535,255,1027.54248046875
1788853986.878668,2026-09-08T07:53:06.878668Z,8259,70,CTD,65535,255,1027.542236328125
1788853987.0789733,2026-09-08T07:53:07.078973Z,8259,70,CTD,65535,255,1027.5450439453125
1788853987.2787523,2026-09-08T07:53:07.278752Z,8259,70,CTD,65535,255,1027.5477294921875
1788853987.4787982,2026-09-08T07:53:07.478798Z,8259,70,CTD,65535,255,1027.5499267578125
1788853987.678691,2026-09-08T07:53:07.678690Z,8259,70,CTD,65535,255,1027.55126953125
1788853987.8786905,2026-09-08T07:53:07.878690Z,8259,70,CTD,65535,255,1027.5557861328125
1788853988.0789602,2026-09-08T07:53:08.078960Z,8259,70,CTD,65535,255,1027.5546875
1788853988.2787676,2026-09-08T07:53:08.278767Z,8259,70,CTD,65535,255,1027.5565185546875
1788853988.4789279,2026-09-08T07:53:08.478927Z,8259,70,CTD,65535,255,1027.5589599609375
1788853988.6789064,2026-09-08T07:53:08.678906Z,8259,70,CTD,65535,255,1027.5594482421875
1788853988.8789887,2026-09-08T07:53:08.878988Z,8259,70,CTD,65535,255,1027.563232421875
1788853989.0788713,2026-09-08T07:53:09.078871Z,8259,70,CTD,65535,255,1027.5643310546875
1788853989.278734,2026-09-08T07:53:09.278733Z,8259,70,CTD,65535,255,1027.564697265625
1788853989.4787498,2026-09-08T07:53:09.478749Z,8259,70,CTD,65535,255,1027.566162109375
1788853989.6787124,2026-09-08T07:53:09.678712Z,8259,70,CTD,65535,255,1027.5657958984375
1788853989.8790317,2026-09-08T07:53:09.879031Z,8259,70,CTD,65535,255,1027.5709228515625
1788853990.0791788,2026-09-08T07:53:10.079178Z,8259,70,CTD,65535,255,1027.576416015625
1788853990.279227,2026-09-08T07:53:10.279227Z,8259,70,CTD,65535,255,1027.574951171875
1788853990.478968,2026-09-08T07:53:10.478967Z,8259,70,CTD,65535,255,1027.5794677734375
1788853990.6789684,2026-09-08T07:53:10.678968Z,8259,70,CTD,65535,255,1027.583984375
1788853990.8789346,2026-09-08T07:53:10.878934Z,8259,70,CTD,65535,255,1027.5821533203125
1788853991.0793738,2026-09-08T07:53:11.079373Z,8259,70,CTD,65535,255,1027.5841064453125
1788853991.2790494,2026-09-08T07:53:11.279049Z,8259,70,CTD,65535,255,1027.582763671875
1788853991.4790008,2026-09-08T07:53:11.479000Z,8259,70,CTD,65535,255,1027.5855712890625
1788853991.6790035,2026-09-08T07:53:11.679003Z,8259,70,CTD,65535,255,1027.586181640625
1788853991.8792677,2026-09-08T07:53:11.879267Z,8259,70,CTD,65535,255,1027.5833740234375
1788853992.0794022,2026-09-08T07:53:12.079402Z,8259,70,CTD,65535,255,1027.58740234375
1788853992.2790534,2026-09-08T07:53:12.279053Z,8259,70,CTD,65535,255,1027.5843505859375
1788853992.479018,2026-09-08T07:53:12.479017Z,8259,70,CTD,65535,255,1027.58447265625
1788853992.6789677,2026-09-08T07:53:12.678967Z,8259,70,CTD,65535,255,1027.5860595703125
1788853992.8789504,2026-09-08T07:53:12.878950Z,8259,70,CTD,65535,255,1027.594970703125
1788853993.0791686,2026-09-08T07:53:13.079168Z,8259,70,CTD,65535,255,1027.6021728515625
1788853993.2790246,2026-09-08T07:53:13.279024Z,8259,70,CTD,65535,255,1027.6058349609375
1788853993.4790735,2026-09-08T07:53:13.479073Z,8259,70,CTD,65535,255,1027.6024169921875
1788853993.6789062,2026-09-08T07:53:13.678906Z,8259,70,CTD,65535,255,1027.603271484375
1788853993.8791604,2026-09-08T07:53:13.879160Z,8259,70,CTD,65535,255,1027.604736328125
1788853994.079194,2026-09-08T07:53:14.079194Z,8259,70,CTD,65535,255,1027.6055908203125
1788853994.278937,2026-09-08T07:53:14.278937Z,8259,70,CTD,65535,255,1027.6129150390625
1788853994.4791687,2026-09-08T07:53:14.479168Z,8259,70,CTD,65535,255,1027.605712890625
1788853994.6790829,2026-09-08T07:53:14.679082Z,8259,70,CTD,65535,255,1027.6068115234375
1788853994.8788075,2026-09-08T07:53:14.878807Z,8259,70,CTD,65535,255,1027.60791015625
1788853995.0790298,2026-09-08T07:53:15.079029Z,8259,70,CTD,65535,255,1027.609375
1788853995.2791443,2026-09-08T07:53:15.279144Z,8259,70,CTD,65535,255,1027.614990234375
1788853995.4788346,2026-09-08T07:53:15.478834Z,8259,70,CTD,65535,255,1027.606201171875
1788853995.678782,2026-09-08T07:53:15.678781Z,8259,70,CTD,65535,255,1027.6065673828125
1788853995.8788025,2026-09-08T07:53:15.878802Z,8259,70,CTD,65535,255,1027.609375
1788853996.0789921,2026-09-08T07:53:16.078992Z,8259,70,CTD,65535,255,1027.6124267578125
1788853996.2788603,2026-09-08T07:53:16.278860Z,8259,70,CTD,65535,255,1027.6092529296875
1788853996.478749,2026-09-08T07:53:16.478749Z,8259,70,CTD,65535,255,1027.60888671875
1788853996.6787782,2026-09-08T07:53:16.678778Z,8259,70,CTD,65535,255,1027.608642578125
1788853996.8789783,2026-09-08T07:53:16.878978Z,8259,70,CTD,65535,255,1027.6163330078125
1788853997.0790539,2026-09-08T07:53:17.079053Z,8259,70,CTD,65535,255,1027.6119384765625
1788853997.2790434,2026-09-08T07:53:17.279043Z,8259,70,CTD,65535,255,1027.6109619140625
1788853997.4787548,2026-09-08T07:53:17.478754Z,8259,70,CTD,65535,255,1027.6121826171875
1788853997.6787431,2026-09-08T07:53:17.678743Z,8259,70,CTD,65535,255,1027.61376953125
1788853997.8787103,2026-09-08T07:53:17.878710Z,8259,70,CTD,65535,255,1027.6153564453125
1788853998.0790868,2026-09-08T07:53:18.079086Z,8259,70,CTD,65535,255,1027.611083984375
1788853998.2787647,2026-09-08T07:53:18.278764Z,8259,70,CTD,65535,255,1027.613037109375
1788853998.4787066,2026-09-08T07:53:18.478706Z,8259,70,CTD,65535,255,1027.614501953125
1788853998.6787028,2026-09-08T07:53:18.678702Z,8259,70,CTD,65535,255,1027.6131591796875
1788853998.8789148,2026-09-08T07:53:18.878914Z,8259,70,CTD,65535,255,1027.615478515625
1788853999.0789633,2026-09-08T07:53:19.078963Z,8259,70,CTD,65535,255,1027.6163330078125
1788853999.2787209,2026-09-08T07:53:19.278720Z,8259,70,CTD,65535,255,1027.615478515625
1788853999.478712,2026-09-08T07:53:19.478712Z,8259,70,CTD,65535,255,1027.6162109375
1788853999.67869,2026-09-08T07:53:19.678689Z,8259,70,CTD,65535,255,1027.61572265625
1788853999.8786414,2026-09-08T07:53:19.878641Z,8259,70,CTD,65535,255,1027.6156005859375
1788854000.079023,2026-09-08T07:53:20.079022Z,8259,70,CTD,65535,255,1027.6162109375
1788854000.278738,2026-09-08T07:53:20.278738Z,8259,70,CTD,65535,255,1027.61865234375
1788854000.4786837,2026-09-08T07:53:20.478683Z,8259,70,CTD,65535,255,1027.6177978515625
1788854000.6786714,2026-09-08T07:53:20.678671Z,8259,70,CTD,65535,255,1027.61767578125
1788854000.8786337,2026-09-08T07:53:20.878633Z,8259,70,CTD,65535,255,1027.621826171875
1788854001.0791168,2026-09-08T07:53:21.079116Z,8259,70,CTD,65535,255,1027.6201171875
1788854001.2787251,2026-09-08T07:53:21.278725Z,8259,70,CTD,65535,255,1027.6217041015625
1788854001.4786854,2026-09-08T07:53:21.478685Z,8259,70,CTD,65535,255,1027.626220703125
1788854001.6786795,2026-09-08T07:53:21.678679Z,8259,70,CTD,65535,255,1027.6268310546875
1788854001.8786318,2026-09-08T07:53:21.878631Z,8259,70,CTD,65535,255,1027.6309814453125
1788854002.0790384,2026-09-08T07:53:22.079038Z,8259,70,CTD,65535,255,1027.6285400390625
1788854002.2788236,2026-09-08T07:53:22.278823Z,8259,70,CTD,65535,255,1027.6334228515625
1788854002.478922,2026-09-08T07:53:22.478921Z,8259,70,CTD,65535,255,1027.6279296875
1788854002.6786227,2026-09-08T07:53:22.678622Z,8259,70,CTD,65535,255,1027.630859375
1788854002.878626,2026-09-08T07:53:22.878626Z,8259,70,CTD,65535,255,1027.6314697265625
1788854003.0788567,2026-09-08T07:53:23.078856Z,8259,70,CTD,65535,255,1027.6307373046875
1788854003.2786665,2026-09-08T07:53:23.278666Z,8259,70,CTD,65535,255,1027.634765625
1788854003.4786205,2026-09-08T07:53:23.478620Z,8259,70,CTD,65535,255,1027.6346435546875
1788854003.6788957,2026-09-08T07:53:23.678895Z,8259,70,CTD,65535,255,1027.6336669921875
1788854003.878581,2026-09-08T07:53:23.878581Z,8259,70,CTD,65535,255,1027.6337890625
1788854004.079258,2026-09-08T07:53:24.079257Z,8259,70,CTD,65535,255,1027.633544921875
1788854004.2786403,2026-09-08T07:53:24.278640Z,8259,70,CTD,65535,255,1027.6279296875
1788854004.478542,2026-09-08T07:53:24.478542Z,8259,70,CTD,65535,255,1027.6376953125
1788854004.6786046,2026-09-08T07:53:24.678604Z,8259,70,CTD,65535,255,1027.63134765625
1788854004.8785822,2026-09-08T07:53:24.878582Z,8259,70,CTD,65535,255,1027.6405029296875
1788854005.0791163,2026-09-08T07:53:25.079116Z,8259,70,CTD,65535,255,1027.642822265625
1788854005.2790034,2026-09-08T07:53:25.279003Z,8259,70,CTD,65535,255,1027.6417236328125
1788854005.4786398,2026-09-08T07:53:25.478639Z,8259,70,CTD,65535,255,1027.64794921875
1788854005.678581,2026-09-08T07:53:25.678580Z,8259,70,CTD,65535,255,1027.652587890625
1788854005.8791268,2026-09-08T07:53:25.879126Z,8259,70,CTD,65535,255,1027.6490478515625
1788854006.0790465,2026-09-08T07:53:26.079046Z,8259,70,CTD,65535,255,1027.6502685546875
1788854006.2786112,2026-09-08T07:53:26.278611Z,8259,70,CTD,65535,255,1027.6580810546875
1788854006.4785984,2026-09-08T07:53:26.478598Z,8259,70,CTD,65535,255,1027.6708984375
1788854006.678774,2026-09-08T07:53:26.678774Z,8259,70,CTD,65535,255,1027.6768798828125
1788854006.8787773,2026-09-08T07:53:26.878777Z,8259,70,CTD,65535,255,1027.67333984375
1788854007.0788078,2026-09-08T07:53:27.078807Z,8259,70,CTD,65535,255,1027.6768798828125
1788854007.278602,2026-09-08T07:53:27.278601Z,8259,70,CTD,65535,255,1027.6829833984375
1788854007.4786916,2026-09-08T07:53:27.478691Z,8259,70,CTD,65535,255,1027.683837890625
1788854007.678517,2026-09-08T07:53:27.678517Z,8259,70,CTD,65535,255,1027.682861328125
1788854007.8785138,2026-09-08T07:53:27.878513Z,8259,70,CTD,65535,255,1027.6883544921875
1788854008.0787103,2026-09-08T07:53:28.078710Z,8259,70,CTD,65535,255,1027.6922607421875
1788854008.2786565,2026-09-08T07:53:28.278656Z,8259,70,CTD,65535,255,1027.6956787109375
1788854008.4785233,2026-09-08T07:53:28.478523Z,8259,70,CTD,65535,255,1027.6956787109375
1788854008.6785164,2026-09-08T07:53:28.678516Z,8259,70,CTD,65535,255,1027.695068359375
1788854008.8784814,2026-09-08T07:53:28.878481Z,8259,70,CTD,65535,255,1027.701904296875
1788854009.0787776,2026-09-08T07:53:29.078777Z,8259,70,CTD,65535,255,1027.7034912109375
1788854009.2788084,2026-09-08T07:53:29.278808Z,8259,70,CTD,65535,255,1027.701904296875
1788854009.4790416,2026-09-08T07:53:29.479041Z,8259,70,CTD,65535,255,1027.7032470703125
1788854009.6785622,2026-09-08T07:53:29.678562Z,8259,70,CTD,65535,255,1027.7061767578125
1788854009.8784819,2026-09-08T07:53:29.878481Z,8259,70,CTD,65535,255,1027.7073974609375
1788854010.0789342,2026-09-08T07:53:30.078934Z,8259,70,CTD,65535,255,1027.706298828125
1788854010.2788203,2026-09-08T07:53:30.278820Z,8259,70,CTD,65535,255,1027.7088623046875
1788854010.4787042,2026-09-08T07:53:30.478704Z,8259,70,CTD,65535,255,1027.7132568359375
1788854010.6788597,2026-09-08T07:53:30.678859Z,8259,70,CTD,65535,255,1027.7158203125
1788854010.8790538,2026-09-08T07:53:30.879053Z,8259,70,CTD,65535,255,1027.71533203125
1788854011.079576,2026-09-08T07:53:31.079576Z,8259,70,CTD,65535,255,1027.711669921875
1788854011.279769,2026-09-08T07:53:31.279768Z,8259,70,CTD,65535,255,1027.7154541015625
1788854011.479621,2026-09-08T07:53:31.479620Z,8259,70,CTD,65535,255,1027.719482421875
1788854011.6797097,2026-09-08T07:53:31.679709Z,8259,70,CTD,65535,255,1027.7178955078125
1788854011.8797572,2026-09-08T07:53:31.879757Z,8259,70,CTD,65535,255,1027.720458984375
1788854012.0804079,2026-09-08T07:53:32.080407Z,8259,70,CTD,65535,255,1027.720458984375
1788854012.2800925,2026-09-08T07:53:32.280092Z,8259,70,CTD,65535,255,1027.7188720703125
1788854012.480089,2026-09-08T07:53:32.480088Z,8259,70,CTD,65535,255,1027.7244873046875
1788854012.6803644,2026-09-08T07:53:32.680364Z,8259,70,CTD,65535,255,1027.7230224609375
1788854012.880074,2026-09-08T07:53:32.880074Z,8259,70,CTD,65535,255,1027.722900390625
1788854013.0805368,2026-09-08T07:53:33.080536Z,8259,70,CTD,65535,255,1027.724365234375
1788854013.2804477,2026-09-08T07:53:33.280447Z,8259,70,CTD,65535,255,1027.7252197265625
1788854013.480216,2026-09-08T07:53:33.480216Z,8259,70,CTD,65535,255,1027.7279052734375
1788854013.6800277,2026-09-08T07:53:33.680027Z,8259,70,CTD,65535,255,1027.7286376953125
1788854013.8799944,2026-09-08T07:53:33.879994Z,8259,70,CTD,65535,255,1027.7291259765625
1788854014.080336,2026-09-08T07:53:34.080336Z,8259,70,CTD,65535,255,1027.7296142578125
1788854014.2799907,2026-09-08T07:53:34.279990Z,8259,70,CTD,65535,255,1027.73095703125
1788854014.479912,2026-09-08T07:53:34.479912Z,8259,70,CTD,65535,255,1027.7327880859375
1788854014.6798027,2026-09-08T07:53:34.679802Z,8259,70,CTD,65535,255,1027.7314453125
1788854014.8798876,2026-09-08T07:53:34.879887Z,8259,70,CTD,65535,255,1027.733154296875
1788854015.0800772,2026-09-08T07:53:35.080077Z,8259,70,CTD,65535,255,1027.7308349609375
1788854015.2797494,2026-09-08T07:53:35.279749Z,8259,70,CTD,65535,255,1027.7327880859375
1788854015.4797444,2026-09-08T07:53:35.479744Z,8259,70,CTD,65535,255,1027.73193359375
1788854015.6796098,2026-09-08T07:53:35.679609Z,8259,70,CTD,65535,255,1027.7362060546875
1788854015.8795297,2026-09-08T07:53:35.879529Z,8259,70,CTD,65535,255,1027.7337646484375
1788854016.0800505,2026-09-08T07:53:36.080050Z,8259,70,CTD,65535,255,1027.7392578125
1788854016.2795253,2026-09-08T07:53:36.279525Z,8259,70,CTD,65535,255,1027.7398681640625
1788854016.4797442,2026-09-08T07:53:36.479744Z,8259,70,CTD,65535,255,1027.7442626953125
1788854016.6794372,2026-09-08T07:53:36.679437Z,8259,70,CTD,65535,255,1027.7418212890625
1788854016.8793788,2026-09-08T07:53:36.879378Z,8259,70,CTD,65535,255,1027.743408203125
1788854017.0797892,2026-09-08T07:53:37.079789Z,8259,70,CTD,65535,255,1027.7440185546875
1788854017.2794254,2026-09-08T07:53:37.279425Z,8259,70,CTD,65535,255,1027.744873046875
1788854017.4793606,2026-09-08T07:53:37.479360Z,8259,70,CTD,65535,255,1027.745361328125
1788854017.6793768,2026-09-08T07:53:37.679376Z,8259,70,CTD,65535,255,1027.7445068359375
1788854017.8793035,2026-09-08T07:53:37.879303Z,8259,70,CTD,65535,255,1027.7437744140625
1788854018.079748,2026-09-08T07:53:38.079747Z,8259,70,CTD,65535,255,1027.7464599609375
1788854018.2793446,2026-09-08T07:53:38.279344Z,8259,70,CTD,65535,255,1027.7469482421875
1788854018.4792995,2026-09-08T07:53:38.479299Z,8259,70,CTD,65535,255,1027.7462158203125
1788854018.679262,2026-09-08T07:53:38.679261Z,8259,70,CTD,65535,255,1027.75146484375
1788854018.879249,2026-09-08T07:53:38.879249Z,8259,70,CTD,65535,255,1027.7498779296875
1788854019.0795135,2026-09-08T07:53:39.079513Z,8259,70,CTD,65535,255,1027.749755859375
1788854019.2792869,2026-09-08T07:53:39.279286Z,8259,70,CTD,65535,255,1027.75146484375
1788854019.479265,2026-09-08T07:53:39.479264Z,8259,70,CTD,65535,255,1027.74755859375
1788854019.6792212,2026-09-08T07:53:39.679221Z,8259,70,CTD,65535,255,1027.75244140625
1788854019.879215,2026-09-08T07:53:39.879215Z,8259,70,CTD,65535,255,1027.7518310546875
1788854020.0796297,2026-09-08T07:53:40.079629Z,8259,70,CTD,65535,255,1027.75244140625
1788854020.2795403,2026-09-08T07:53:40.279540Z,8259,70,CTD,65535,255,1027.7513427734375
1788854020.4793005,2026-09-08T07:53:40.479300Z,8259,70,CTD,65535,255,1027.7545166015625
1788854020.6792538,2026-09-08T07:53:40.679253Z,8259,70,CTD,65535,255,1027.7552490234375
1788854020.8792322,2026-09-08T07:53:40.879232Z,8259,70,CTD,65535,255,1027.7591552734375
1788854021.079448,2026-09-08T07:53:41.079447Z,8259,70,CTD,65535,255,1027.76123046875
1788854021.279554,2026-09-08T07:53:41.279553Z,8259,70,CTD,65535,255,1027.7615966796875
1788854021.4795358,2026-09-08T07:53:41.479535Z,8259,70,CTD,65535,255,1027.76123046875
1788854021.6792183,2026-09-08T07:53:41.679218Z,8259,70,CTD,65535,255,1027.762451171875
1788854021.879255,2026-09-08T07:53:41.879255Z,8259,70,CTD,65535,255,1027.7645263671875
1788854022.0794332,2026-09-08T07:53:42.079433Z,8259,70,CTD,65535,255,1027.764892578125
1788854022.279343,2026-09-08T07:53:42.279342Z,8259,70,CTD,65535,255,1027.7628173828125
1788854022.4793413,2026-09-08T07:53:42.479341Z,8259,70,CTD,65535,255,1027.763427734375
1788854022.6793067,2026-09-08T07:53:42.679306Z,8259,70,CTD,65535,255,1027.76416015625
1788854022.8792481,2026-09-08T07:53:42.879248Z,8259,70,CTD,65535,255,1027.7642822265625
1788854023.0794091,2026-09-08T07:53:43.079409Z,8259,70,CTD,65535,255,1027.76220703125
1788854023.279298,2026-09-08T07:53:43.279298Z,8259,70,CTD,65535,255,1027.7655029296875
1788854023.4792814,2026-09-08T07:53:43.479281Z,8259,70,CTD,65535,255,1027.767578125
1788854023.6792295,2026-09-08T07:53:43.679229Z,8259,70,CTD,65535,255,1027.7698974609375
1788854023.8791935,2026-09-08T07:53:43.879193Z,8259,70,CTD,65535,255,1027.770751953125
1788854024.0794282,2026-09-08T07:53:44.079428Z,8259,70,CTD,65535,255,1027.7734375
1788854024.279275,2026-09-08T07:53:44.279274Z,8259,70,CTD,65535,255,1027.77490234375
1788854024.4792411,2026-09-08T07:53:44.479241Z,8259,70,CTD,65535,255,1027.7718505859375
1788854024.6795814,2026-09-08T07:53:44.679581Z,8259,70,CTD,65535,255,1027.775390625
1788854024.879459,2026-09-08T07:53:44.879458Z,8259,70,CTD,65535,255,1027.7698974609375
1788854025.079412,2026-09-08T07:53:45.079411Z,8259,70,CTD,65535,255,1027.7755126953125
1788854025.279339,2026-09-08T07:53:45.279339Z,8259,70,CTD,65535,255,1027.7779541015625
1788854025.4793432,2026-09-08T07:53:45.479343Z,8259,70,CTD,65535,255,1027.778076171875
1788854025.679222,2026-09-08T07:53:45.679222Z,8259,70,CTD,65535,255,1027.7784423828125
1788854025.8791978,2026-09-08T07:53:45.879197Z,8259,70,CTD,65535,255,1027.7791748046875
1788854026.0794957,2026-09-08T07:53:46.079495Z,8259,70,CTD,65535,255,1027.7808837890625
1788854026.2792535,2026-09-08T07:53:46.279253Z,8259,70,CTD,65535,255,1027.7825927734375
1788854026.4792044,2026-09-08T07:53:46.479204Z,8259,70,CTD,65535,255,1027.7835693359375
1788854026.6791573,2026-09-08T07:53:46.679157Z,8259,70,CTD,65535,255,1027.781982421875
1788854026.879143,2026-09-08T07:53:46.879143Z,8259,70,CTD,65535,255,1027.783935546875
1788854027.0796566,2026-09-08T07:53:47.079656Z,8259,70,CTD,65535,255,1027.7845458984375
1788854027.2795024,2026-09-08T07:53:47.279502Z,8259,70,CTD,65535,255,1027.782958984375
1788854027.4792075,2026-09-08T07:53:47.479207Z,8259,70,CTD,65535,255,1027.7813720703125
1788854027.6792126,2026-09-08T07:53:47.679212Z,8259,70,CTD,65535,255,1027.7862548828125
1788854027.8792586,2026-09-08T07:53:47.879258Z,8259,70,CTD,65535,255,1027.7880859375
1788854028.0797594,2026-09-08T07:53:48.079759Z,8259,70,CTD,65535,255,1027.7857666015625
1788854028.279402,2026-09-08T07:53:48.279402Z,8259,70,CTD,65535,255,1027.78857421875
1788854028.4797378,2026-09-08T07:53:48.479737Z,8259,70,CTD,65535,255,1027.7867431640625
1788854028.680554,2026-09-08T07:53:48.680553Z,8259,70,CTD,65535,255,1027.7857666015625
1788854028.8810341,2026-09-08T07:53:48.881034Z,8259,70,CTD,65535,255,1027.786376953125
1788854029.0820305,2026-09-08T07:53:49.082030Z,8259,70,CTD,65535,255,1027.7861328125
1788854029.2825027,2026-09-08T07:53:49.282502Z,8259,70,CTD,65535,255,1027.7911376953125
1788854029.4829962,2026-09-08T07:53:49.482996Z,8259,70,CTD,65535,255,1027.7926025390625
1788854029.6833103,2026-09-08T07:53:49.683310Z,8259,70,CTD,65535,255,1027.793701171875
1788854029.8836477,2026-09-08T07:53:49.883647Z,8259,70,CTD,65535,255,1027.7890625
1788854030.0845122,2026-09-08T07:53:50.084512Z,8259,70,CTD,65535,255,1027.79736328125
1788854030.2846582,2026-09-08T07:53:50.284658Z,8259,70,CTD,65535,255,1027.7933349609375
1788854030.4847493,2026-09-08T07:53:50.484749Z,8259,70,CTD,65535,255,1027.793212890625
1788854030.6847358,2026-09-08T07:53:50.684735Z,8259,70,CTD,65535,255,1027.7901611328125
1788854030.8847342,2026-09-08T07:53:50.884734Z,8259,70,CTD,65535,255,1027.79052734375
1788854031.0852714,2026-09-08T07:53:51.085271Z,8259,70,CTD,65535,255,1027.7901611328125
1788854031.2848966,2026-09-08T07:53:51.284896Z,8259,70,CTD,65535,255,1027.7965087890625
1788854031.48478,2026-09-08T07:53:51.484780Z,8259,70,CTD,65535,255,1027.79345703125
1788854031.6846516,2026-09-08T07:53:51.684651Z,8259,70,CTD,65535,255,1027.791259765625
1788854031.8844597,2026-09-08T07:53:51.884459Z,8259,70,CTD,65535,255,1027.793701171875
1788854032.0846877,2026-09-08T07:53:52.084687Z,8259,70,CTD,65535,255,1027.792724609375
1788854032.2843528,2026-09-08T07:53:52.284352Z,8259,70,CTD,65535,255,1027.795166015625
1788854032.4841285,2026-09-08T07:53:52.484128Z,8259,70,CTD,65535,255,1027.7967529296875
1788854032.6840856,2026-09-08T07:53:52.684085Z,8259,70,CTD,65535,255,1027.794189453125
1788854032.8837788,2026-09-08T07:53:52.883778Z,8259,70,CTD,65535,255,1027.797119140625
1788854033.0838544,2026-09-08T07:53:53.083854Z,8259,70,CTD,65535,255,1027.7913818359375
1788854033.2836397,2026-09-08T07:53:53.283639Z,8259,70,CTD,65535,255,1027.7952880859375
1788854033.483427,2026-09-08T07:53:53.483427Z,8259,70,CTD,65535,255,1027.7950439453125
1788854033.6832273,2026-09-08T07:53:53.683227Z,8259,70,CTD,65535,255,1027.7952880859375
1788854033.8830075,2026-09-08T07:53:53.883007Z,8259,70,CTD,65535,255,1027.793212890625
1788854034.0838025,2026-09-08T07:53:54.083802Z,8259,70,CTD,65535,255,1027.79296875
1788854034.2830338,2026-09-08T07:53:54.283033Z,8259,70,CTD,65535,255,1027.7947998046875
1788854034.4828222,2026-09-08T07:53:54.482822Z,8259,70,CTD,65535,255,1027.79248046875
1788854034.6827662,2026-09-08T07:53:54.682766Z,8259,70,CTD,65535,255,1027.7945556640625
1788854034.8826785,2026-09-08T07:53:54.882678Z,8259,70,CTD,65535,255,1027.7940673828125
1788854035.0828679,2026-09-08T07:53:55.082867Z,8259,70,CTD,65535,255,1027.7926025390625
1788854035.2826574,2026-09-08T07:53:55.282657Z,8259,70,CTD,65535,255,1027.7950439453125
1788854035.4825761,2026-09-08T07:53:55.482576Z,8259,70,CTD,65535,255,1027.7911376953125
1788854035.6824489,2026-09-08T07:53:55.682448Z,8259,70,CTD,65535,255,1027.794189453125
1788854035.8823795,2026-09-08T07:53:55.882379Z,8259,70,CTD,65535,255,1027.792724609375
1788854036.0826724,2026-09-08T07:53:56.082672Z,8259,70,CTD,65535,255,1027.7957763671875
1788854036.282503,2026-09-08T07:53:56.282502Z,8259,70,CTD,65535,255,1027.796142578125
1788854036.4823225,2026-09-08T07:53:56.482322Z,8259,70,CTD,65535,255,1027.793212890625
1788854036.6823142,2026-09-08T07:53:56.682314Z,8259,70,CTD,65535,255,1027.7906494140625
1788854036.8823776,2026-09-08T07:53:56.882377Z,8259,70,CTD,65535,255,1027.7921142578125
1788854037.0825367,2026-09-08T07:53:57.082536Z,8259,70,CTD,65535,255,1027.7947998046875
1788854037.282326,2026-09-08T07:53:57.282325Z,8259,70,CTD,65535,255,1027.79541015625
1788854037.482296,2026-09-08T07:53:57.482295Z,8259,70,CTD,65535,255,1027.794921875
1788854037.6823747,2026-09-08T07:53:57.682374Z,8259,70,CTD,65535,255,1027.789794921875
1788854037.8822825,2026-09-08T07:53:57.882282Z,8259,70,CTD,65535,255,1027.79052734375
1788854038.0826585,2026-09-08T07:53:58.082658Z,8259,70,CTD,65535,255,1027.793212890625
1788854038.2824378,2026-09-08T07:53:58.282437Z,8259,70,CTD,65535,255,1027.79345703125
1788854038.482378,2026-09-08T07:53:58.482378Z,8259,70,CTD,65535,255,1027.789306640625
1788854038.682351,2026-09-08T07:53:58.682351Z,8259,70,CTD,65535,255,1027.7928466796875
1788854038.8823357,2026-09-08T07:53:58.882335Z,8259,70,CTD,65535,255,1027.796630859375
1788854039.0825424,2026-09-08T07:53:59.082542Z,8259,70,CTD,65535,255,1027.7926025390625
1788854039.282352,2026-09-08T07:53:59.282351Z,8259,70,CTD,65535,255,1027.7938232421875
1788854039.4825463,2026-09-08T07:53:59.482546Z,8259,70,CTD,65535,255,1027.786865234375
1788854039.6824558,2026-09-08T07:53:59.682455Z,8259,70,CTD,65535,255,1027.7913818359375
1788854039.8825107,2026-09-08T07:53:59.882510Z,8259,70,CTD,65535,255,1027.7957763671875
1788854040.082758,2026-09-08T07:54:00.082757Z,8259,70,CTD,65535,255,1027.7894287109375
1788854040.2825341,2026-09-08T07:54:00.282534Z,8259,70,CTD,65535,255,1027.7884521484375
1788854040.482435,2026-09-08T07:54:00.482434Z,8259,70,CTD,65535,255,1027.7916259765625
1788854040.6824248,2026-09-08T07:54:00.682424Z,8259,70,CTD,65535,255,1027.7918701171875
1788854040.8823671,2026-09-08T07:54:00.882367Z,8259,70,CTD,65535,255,1027.79052734375
1788854041.082809,2026-09-08T07:54:01.082808Z,8259,70,CTD,65535,255,1027.7850341796875
1788854041.2825558,2026-09-08T07:54:01.282555Z,8259,70,CTD,65535,255,1027.7877197265625
1788854041.4824002,2026-09-08T07:54:01.482400Z,8259,70,CTD,65535,255,1027.7913818359375
1788854041.6823344,2026-09-08T07:54:01.682334Z,8259,70,CTD,65535,255,1027.790283203125
1788854041.882422,2026-09-08T07:54:01.882421Z,8259,70,CTD,65535,255,1027.78955078125
1788854042.082802,2026-09-08T07:54:02.082802Z,8259,70,CTD,65535,255,1027.7861328125
1788854042.2824337,2026-09-08T07:54:02.282433Z,8259,70,CTD,65535,255,1027.784912109375
1788854042.48248,2026-09-08T07:54:02.482480Z,8259,70,CTD,65535,255,1027.7877197265625
1788854042.6824832,2026-09-08T07:54:02.682483Z,8259,70,CTD,65535,255,1027.7906494140625
1788854042.88233,2026-09-08T07:54:02.882329Z,8259,70,CTD,65535,255,1027.7900390625
1788854043.0826657,2026-09-08T07:54:03.082665Z,8259,70,CTD,65535,255,1027.78564453125
1788854043.2824655,2026-09-08T07:54:03.282465Z,8259,70,CTD,65535,255,1027.7855224609375
1788854043.4824557,2026-09-08T07:54:03.482455Z,8259,70,CTD,65535,255,1027.786865234375
1788854043.682362,2026-09-08T07:54:03.682362Z,8259,70,CTD,65535,255,1027.78466796875
1788854043.8824325,2026-09-08T07:54:03.882432Z,8259,70,CTD,65535,255,1027.786865234375
1788854044.0825982,2026-09-08T07:54:04.082598Z,8259,70,CTD,65535,255,1027.787109375
1788854044.2824984,2026-09-08T07:54:04.282498Z,8259,70,CTD,65535,255,1027.7861328125
1788854044.482393,2026-09-08T07:54:04.482393Z,8259,70,CTD,65535,255,1027.7840576171875
1788854044.682336,2026-09-08T07:54:04.682336Z,8259,70,CTD,65535,255,1027.7841796875
1788854044.8823373,2026-09-08T07:54:04.882337Z,8259,70,CTD,65535,255,1027.7896728515625
1788854045.082615,2026-09-08T07:54:05.082614Z,8259,70,CTD,65535,255,1027.78173828125
1788854045.2825367,2026-09-08T07:54:05.282536Z,8259,70,CTD,65535,255,1027.78662109375
1788854045.4823577,2026-09-08T07:54:05.482357Z,8259,70,CTD,65535,255,1027.783935546875
1788854045.6823597,2026-09-08T07:54:05.682359Z,8259,70,CTD,65535,255,1027.786376953125
1788854045.8823152,2026-09-08T07:54:05.882315Z,8259,70,CTD,65535,255,1027.7850341796875
1788854046.0827785,2026-09-08T07:54:06.082778Z,8259,70,CTD,65535,255,1027.7855224609375
1788854046.2823954,2026-09-08T07:54:06.282395Z,8259,70,CTD,65535,255,1027.784423828125
1788854046.4824069,2026-09-08T07:54:06.482406Z,8259,70,CTD,65535,255,1027.781494140625
1788854046.6824048,2026-09-08T07:54:06.682404Z,8259,70,CTD,65535,255,1027.7840576171875
1788854046.8823075,2026-09-08T07:54:06.882307Z,8259,70,CTD,65535,255,1027.7855224609375
1788854047.082484,2026-09-08T07:54:07.082484Z,8259,70,CTD,65535,255,1027.783447265625
1788854047.282439,2026-09-08T07:54:07.282438Z,8259,70,CTD,65535,255,1027.7843017578125
1788854047.4823167,2026-09-08T07:54:07.482316Z,8259,70,CTD,65535,255,1027.783935546875
1788854047.682281,2026-09-08T07:54:07.682281Z,8259,70,CTD,65535,255,1027.7835693359375
1788854047.88226,2026-09-08T07:54:07.882260Z,8259,70,CTD,65535,255,1027.784423828125
1788854048.0826259,2026-09-08T07:54:08.082625Z,8259,70,CTD,65535,255,1027.7860107421875
1788854048.2823293,2026-09-08T07:54:08.282329Z,8259,70,CTD,65535,255,1027.7862548828125
1788854048.4822733,2026-09-08T07:54:08.482273Z,8259,70,CTD,65535,255,1027.7852783203125
1788854048.6823556,2026-09-08T07:54:08.682355Z,8259,70,CTD,65535,255,1027.782958984375
1788854048.8823416,2026-09-08T07:54:08.882341Z,8259,70,CTD,65535,255,1027.7833251953125
1788854049.082491,2026-09-08T07:54:09.082490Z,8259,70,CTD,65535,255,1027.7860107421875
1788854049.282356,2026-09-08T07:54:09.282356Z,8259,70,CTD,65535,255,1027.78125
1788854049.4822633,2026-09-08T07:54:09.482263Z,8259,70,CTD,65535,255,1027.782470703125
1788854049.6822188,2026-09-08T07:54:09.682218Z,8259,70,CTD,65535,255,1027.7823486328125
1788854049.8823044,2026-09-08T07:54:09.882304Z,8259,70,CTD,65535,255,1027.7825927734375
1788854050.0824323,2026-09-08T07:54:10.082432Z,8259,70,CTD,65535,255,1027.782958984375
1788854050.2823253,2026-09-08T07:54:10.282325Z,8259,70,CTD,65535,255,1027.78173828125
1788854050.4821365,2026-09-08T07:54:10.482136Z,8259,70,CTD,65535,255,1027.7835693359375
1788854050.682324,2026-09-08T07:54:10.682323Z,8259,70,CTD,65535,255,1027.7843017578125
1788854050.8822844,2026-09-08T07:54:10.882284Z,8259,70,CTD,65535,255,1027.7830810546875
1788854051.082442,2026-09-08T07:54:11.082442Z,8259,70,CTD,65535,255,1027.7841796875
1788854051.2823772,2026-09-08T07:54:11.282377Z,8259,70,CTD,65535,255,1027.7830810546875
1788854051.482273,2026-09-08T07:54:11.482273Z,8259,70,CTD,65535,255,1027.78369140625
1788854051.682135,2026-09-08T07:54:11.682135Z,8259,70,CTD,65535,255,1027.783935546875
1788854051.8821805,2026-09-08T07:54:11.882180Z,8259,70,CTD,65535,255,1027.7840576171875
1788854052.0825574,2026-09-08T07:54:12.082557Z,8259,70,CTD,65535,255,1027.7828369140625
1788854052.2830553,2026-09-08T07:54:12.283055Z,8259,70,CTD,65535,255,1027.7838134765625
1788854052.4822037,2026-09-08T07:54:12.482203Z,8259,70,CTD,65535,255,1027.78271484375
1788854052.6822615,2026-09-08T07:54:12.682261Z,8259,70,CTD,65535,255,1027.78271484375
1788854052.8822722,2026-09-08T07:54:12.882272Z,8259,70,CTD,65535,255,1027.78271484375
1788854053.0825403,2026-09-08T07:54:13.082540Z,8259,70,CTD,65535,255,1027.7823486328125
1788854053.284041,2026-09-08T07:54:13.284040Z,8259,70,CTD,65535,255,1027.7843017578125
1788854053.482195,2026-09-08T07:54:13.482194Z,8259,70,CTD,65535,255,1027.783447265625
1788854053.6822588,2026-09-08T07:54:13.682258Z,8259,70,CTD,65535,255,1027.783935546875
1788854053.8821392,2026-09-08T07:54:13.882139Z,8259,70,CTD,65535,255,1027.7828369140625
1788854054.0824358,2026-09-08T07:54:14.082435Z,8259,70,CTD,65535,255,1027.7830810546875
1788854054.2824025,2026-09-08T07:54:14.282402Z,8259,70,CTD,65535,255,1027.7845458984375
1788854054.4821963,2026-09-08T07:54:14.482196Z,8259,70,CTD,65535,255,1027.7843017578125
1788854054.6821125,2026-09-08T07:54:14.682112Z,8259,70,CTD,65535,255,1027.7857666015625
1788854054.8821092,2026-09-08T07:54:14.882109Z,8259,70,CTD,65535,255,1027.78369140625
1788854055.0824819,2026-09-08T07:54:15.082481Z,8259,70,CTD,65535,255,1027.784423828125
1788854055.2821596,2026-09-08T07:54:15.282159Z,8259,70,CTD,65535,255,1027.7843017578125
1788854055.4821458,2026-09-08T07:54:15.482145Z,8259,70,CTD,65535,255,1027.7821044921875
1788854055.682111,2026-09-08T07:54:15.682111Z,8259,70,CTD,65535,255,1027.7861328125
1788854055.8821716,2026-09-08T07:54:15.882171Z,8259,70,CTD,65535,255,1027.7838134765625
1788854056.0822122,2026-09-08T07:54:16.082212Z,8259,70,CTD,65535,255,1027.7847900390625
1788854056.2822049,2026-09-08T07:54:16.282204Z,8259,70,CTD,65535,255,1027.7833251953125
1788854056.4820948,2026-09-08T07:54:16.482094Z,8259,70,CTD,65535,255,1027.783935546875
1788854056.6820316,2026-09-08T07:54:16.682031Z,8259,70,CTD,65535,255,1027.78369140625
1788854056.8821495,2026-09-08T07:54:16.882149Z,8259,70,CTD,65535,255,1027.782958984375
1788854057.0823674,2026-09-08T07:54:17.082367Z,8259,70,CTD,65535,255,1027.787841796875
1788854057.2821312,2026-09-08T07:54:17.282131Z,8259,70,CTD,65535,255,1027.781982421875
1788854057.4820957,2026-09-08T07:54:17.482095Z,8259,70,CTD,65535,255,1027.781982421875
1788854057.682167,2026-09-08T07:54:17.682167Z,8259,70,CTD,65535,255,1027.7843017578125
1788854057.8820446,2026-09-08T07:54:17.882044Z,8259,70,CTD,65535,255,1027.78173828125
1788854058.082161,2026-09-08T07:54:18.082160Z,8259,70,CTD,65535,255,1027.782470703125
1788854058.2821987,2026-09-08T07:54:18.282198Z,8259,70,CTD,65535,255,1027.7850341796875
1788854058.481938,2026-09-08T07:54:18.481937Z,8259,70,CTD,65535,255,1027.783203125
1788854058.682004,2026-09-08T07:54:18.682003Z,8259,70,CTD,65535,255,1027.781982421875
1788854058.8820496,2026-09-08T07:54:18.882049Z,8259,70,CTD,65535,255,1027.7855224609375
1788854059.0820723,2026-09-08T07:54:19.082072Z,8259,70,CTD,65535,255,1027.7828369140625
1788854059.2820349,2026-09-08T07:54:19.282034Z,8259,70,CTD,65535,255,1027.784912109375
1788854059.4816265,2026-09-08T07:54:19.481626Z,8259,70,CTD,65535,255,1027.78271484375
1788854059.681344,2026-09-08T07:54:19.681344Z,8259,70,CTD,65535,255,1027.7830810546875
1788854059.8809228,2026-09-08T07:54:19.880922Z,8259,70,CTD,65535,255,1027.7840576171875
1788854060.0805779,2026-09-08T07:54:20.080577Z,8259,70,CTD,65535,255,1027.7830810546875
1788854060.2804923,2026-09-08T07:54:20.280492Z,8259,70,CTD,65535,255,1027.7840576171875
1788854060.4796805,2026-09-08T07:54:20.479680Z,8259,70,CTD,65535,255,1027.7843017578125
1788854060.679595,2026-09-08T07:54:20.679594Z,8259,70,CTD,65535,255,1027.7828369140625
1788854060.8795233,2026-09-08T07:54:20.879523Z,8259,70,CTD,65535,255,1027.7874755859375
1788854061.0798635,2026-09-08T07:54:21.079863Z,8259,70,CTD,65535,255,1027.786865234375
1788854061.2807305,2026-09-08T07:54:21.280730Z,8259,70,CTD,65535,255,1027.7869873046875
1788854061.4797497,2026-09-08T07:54:21.479749Z,8259,70,CTD,65535,255,1027.78564453125
1788854061.6795387,2026-09-08T07:54:21.679538Z,8259,70,CTD,65535,255,1027.7860107421875
1788854061.879558,2026-09-08T07:54:21.879558Z,8259,70,CTD,65535,255,1027.78759765625
1788854062.079905,2026-09-08T07:54:22.079905Z,8259,70,CTD,65535,255,1027.785888671875
1788854062.2801163,2026-09-08T07:54:22.280116Z,8259,70,CTD,65535,255,1027.78564453125
1788854062.4798317,2026-09-08T07:54:22.479831Z,8259,70,CTD,65535,255,1027.78564453125
1788854062.6798887,2026-09-08T07:54:22.679888Z,8259,70,CTD,65535,255,1027.7880859375
1788854062.8799899,2026-09-08T07:54:22.879989Z,8259,70,CTD,65535,255,1027.7830810546875
1788854063.0804067,2026-09-08T07:54:23.080406Z,8259,70,CTD,65535,255,1027.78564453125
1788854063.2805328,2026-09-08T07:54:23.280532Z,8259,70,CTD,65535,255,1027.7852783203125
1788854063.48046,2026-09-08T07:54:23.480459Z,8259,70,CTD,65535,255,1027.784912109375
1788854063.6803577,2026-09-08T07:54:23.680357Z,8259,70,CTD,65535,255,1027.7838134765625
1788854063.8804307,2026-09-08T07:54:23.880430Z,8259,70,CTD,65535,255,1027.785888671875
1788854064.0812335,2026-09-08T07:54:24.081233Z,8259,70,CTD,65535,255,1027.7828369140625
1788854064.280625,2026-09-08T07:54:24.280625Z,8259,70,CTD,65535,255,1027.7857666015625
1788854064.4807417,2026-09-08T07:54:24.480741Z,8259,70,CTD,65535,255,1027.7845458984375
1788854064.6806066,2026-09-08T07:54:24.680606Z,8259,70,CTD,65535,255,1027.782470703125
1788854064.8807557,2026-09-08T07:54:24.880755Z,8259,70,CTD,65535,255,1027.7823486328125
1788854065.081027,2026-09-08T07:54:25.081027Z,8259,70,CTD,65535,255,1027.783935546875
1788854065.2809703,2026-09-08T07:54:25.280970Z,8259,70,CTD,65535,255,1027.7840576171875
1788854065.4809022,2026-09-08T07:54:25.480902Z,8259,70,CTD,65535,255,1027.78564453125
1788854065.680807,2026-09-08T07:54:25.680807Z,8259,70,CTD,65535,255,1027.7822265625
1788854065.8806548,2026-09-08T07:54:25.880654Z,8259,70,CTD,65535,255,1027.7835693359375
1788854066.0810719,2026-09-08T07:54:26.081071Z,8259,70,CTD,65535,255,1027.7821044921875
1788854066.2807784,2026-09-08T07:54:26.280778Z,8259,70,CTD,65535,255,1027.7835693359375
1788854066.4809783,2026-09-08T07:54:26.480978Z,8259,70,CTD,65535,255,1027.78271484375
1788854066.6807182,2026-09-08T07:54:26.680718Z,8259,70,CTD,65535,255,1027.78369140625
1788854066.88065,2026-09-08T07:54:26.880650Z,8259,70,CTD,65535,255,1027.784912109375
1788854067.0811634,2026-09-08T07:54:27.081163Z,8259,70,CTD,65535,255,1027.7806396484375
1788854067.281366,2026-09-08T07:54:27.281366Z,8259,70,CTD,65535,255,1027.787841796875
1788854067.4808753,2026-09-08T07:54:27.480875Z,8259,70,CTD,65535,255,1027.783935546875
1788854067.6808295,2026-09-08T07:54:27.680829Z,8259,70,CTD,65535,255,1027.7855224609375
1788854067.8806608,2026-09-08T07:54:27.880660Z,8259,70,CTD,65535,255,1027.7840576171875
1788854068.0810466,2026-09-08T07:54:28.081046Z,8259,70,CTD,65535,255,1027.7845458984375
1788854068.2809598,2026-09-08T07:54:28.280959Z,8259,70,CTD,65535,255,1027.784423828125
1788854068.4810843,2026-09-08T07:54:28.481084Z,8259,70,CTD,65535,255,1027.78369140625
1788854068.6805837,2026-09-08T07:54:28.680583Z,8259,70,CTD,65535,255,1027.786376953125
1788854068.8809564,2026-09-08T07:54:28.880956Z,8259,70,CTD,65535,255,1027.781982421875
1788854069.081033,2026-09-08T07:54:29.081032Z,8259,70,CTD,65535,255,1027.785888671875
1788854069.2809105,2026-09-08T07:54:29.280910Z,8259,70,CTD,65535,255,1027.78369140625
1788854069.4807656,2026-09-08T07:54:29.480765Z,8259,70,CTD,65535,255,1027.7852783203125
1788854069.6808333,2026-09-08T07:54:29.680833Z,8259,70,CTD,65535,255,1027.780029296875
1788854069.880708,2026-09-08T07:54:29.880707Z,8259,70,CTD,65535,255,1027.7861328125
1788854070.0810602,2026-09-08T07:54:30.081060Z,8259,70,CTD,65535,255,1027.783935546875
1788854070.280612,2026-09-08T07:54:30.280611Z,8259,70,CTD,65535,255,1027.7894287109375
1788854070.4807513,2026-09-08T07:54:30.480751Z,8259,70,CTD,65535,255,1027.7840576171875
1788854070.6807802,2026-09-08T07:54:30.680780Z,8259,70,CTD,65535,255,1027.782958984375
1788854070.8807411,2026-09-08T07:54:30.880741Z,8259,70,CTD,65535,255,1027.7861328125
1788854071.0810614,2026-09-08T07:54:31.081061Z,8259,70,CTD,65535,255,1027.7841796875
1788854071.2805748,2026-09-08T07:54:31.280574Z,8259,70,CTD,65535,255,1027.78515625
1788854071.4807057,2026-09-08T07:54:31.480705Z,8259,70,CTD,65535,255,1027.7845458984375
1788854071.6806471,2026-09-08T07:54:31.680647Z,8259,70,CTD,65535,255,1027.782470703125
1788854071.8807302,2026-09-08T07:54:31.880730Z,8259,70,CTD,65535,255,1027.7822265625
1788854072.0808992,2026-09-08T07:54:32.080899Z,8259,70,CTD,65535,255,1027.78125
1788854072.2806923,2026-09-08T07:54:32.280692Z,8259,70,CTD,65535,255,1027.7825927734375
1788854072.4806855,2026-09-08T07:54:32.480685Z,8259,70,CTD,65535,255,1027.785400390625
1788854072.6807477,2026-09-08T07:54:32.680747Z,8259,70,CTD,65535,255,1027.783935546875
1788854072.880469,2026-09-08T07:54:32.880469Z,8259,70,CTD,65535,255,1027.7823486328125
1788854073.080959,2026-09-08T07:54:33.080959Z,8259,70,CTD,65535,255,1027.78125
1788854073.2806733,2026-09-08T07:54:33.280673Z,8259,70,CTD,65535,255,1027.781494140625
1788854073.4807425,2026-09-08T07:54:33.480742Z,8259,70,CTD,65535,255,1027.7818603515625
1788854073.6806474,2026-09-08T07:54:33.680647Z,8259,70,CTD,65535,255,1027.783935546875
1788854073.8806543,2026-09-08T07:54:33.880654Z,8259,70,CTD,65535,255,1027.7822265625
1788854074.0808516,2026-09-08T07:54:34.080851Z,8259,70,CTD,65535,255,1027.781005859375
1788854074.2807093,2026-09-08T07:54:34.280709Z,8259,70,CTD,65535,255,1027.7840576171875
1788854074.4807606,2026-09-08T07:54:34.480760Z,8259,70,CTD,65535,255,1027.78125
1788854074.6806881,2026-09-08T07:54:34.680688Z,8259,70,CTD,65535,255,1027.779296875
1788854074.8804288,2026-09-08T07:54:34.880428Z,8259,70,CTD,65535,255,1027.7808837890625
1788854075.080822,2026-09-08T07:54:35.080821Z,8259,70,CTD,65535,255,1027.7802734375
1788854075.280693,2026-09-08T07:54:35.280693Z,8259,70,CTD,65535,255,1027.776611328125
1788854075.4807143,2026-09-08T07:54:35.480714Z,8259,70,CTD,65535,255,1027.7808837890625
1788854075.680679,2026-09-08T07:54:35.680679Z,8259,70,CTD,65535,255,1027.7802734375
1788854075.8805904,2026-09-08T07:54:35.880590Z,8259,70,CTD,65535,255,1027.781005859375
1788854076.0808196,2026-09-08T07:54:36.080819Z,8259,70,CTD,65535,255,1027.781005859375
1788854076.2806675,2026-09-08T07:54:36.280667Z,8259,70,CTD,65535,255,1027.7813720703125
1788854076.4803622,2026-09-08T07:54:36.480362Z,8259,70,CTD,65535,255,1027.7830810546875
1788854076.6801968,2026-09-08T07:54:36.680196Z,8259,70,CTD,65535,255,1027.7791748046875
1788854076.8799992,2026-09-08T07:54:36.879999Z,8259,70,CTD,65535,255,1027.7774658203125
1788854077.0802166,2026-09-08T07:54:37.080216Z,8259,70,CTD,65535,255,1027.779296875
1788854077.2800322,2026-09-08T07:54:37.280032Z,8259,70,CTD,65535,255,1027.7779541015625
1788854077.4794593,2026-09-08T07:54:37.479459Z,8259,70,CTD,65535,255,1027.7816162109375
1788854077.677599,2026-09-08T07:54:37.677598Z,8259,70,CTD,65535,255,1027.7794189453125
1788854077.8761203,2026-09-08T07:54:37.876120Z,8259,70,CTD,65535,255,1027.7791748046875
1788854078.0751908,2026-09-08T07:54:38.075190Z,8259,70,CTD,65535,255,1027.77880859375
1788854078.2732303,2026-09-08T07:54:38.273230Z,8259,70,CTD,65535,255,1027.782958984375
1788854078.472157,2026-09-08T07:54:38.472157Z,8259,70,CTD,65535,255,1027.7801513671875
1788854078.6710255,2026-09-08T07:54:38.671025Z,8259,70,CTD,65535,255,1027.7808837890625
1788854078.870222,2026-09-08T07:54:38.870222Z,8259,70,CTD,65535,255,1027.780517578125
1788854079.0697885,2026-09-08T07:54:39.069788Z,8259,70,CTD,65535,255,1027.7794189453125
1788854079.2686012,2026-09-08T07:54:39.268601Z,8259,70,CTD,65535,255,1027.7802734375
1788854079.4679446,2026-09-08T07:54:39.467944Z,8259,70,CTD,65535,255,1027.779541015625
1788854079.667838,2026-09-08T07:54:39.667838Z,8259,70,CTD,65535,255,1027.7818603515625
1788854079.8680537,2026-09-08T07:54:39.868053Z,8259,70,CTD,65535,255,1027.7811279296875
1788854080.0681133,2026-09-08T07:54:40.068113Z,8259,70,CTD,65535,255,1027.77783203125
1788854080.26762,2026-09-08T07:54:40.267620Z,8259,70,CTD,65535,255,1027.7833251953125
1788854080.467632,2026-09-08T07:54:40.467632Z,8259,70,CTD,65535,255,1027.78173828125
1788854080.6681068,2026-09-08T07:54:40.668106Z,8259,70,CTD,65535,255,1027.778076171875
1788854080.8681488,2026-09-08T07:54:40.868148Z,8259,70,CTD,65535,255,1027.781494140625
1788854081.0689032,2026-09-08T07:54:41.068903Z,8259,70,CTD,65535,255,1027.7791748046875
1788854081.2687879,2026-09-08T07:54:41.268787Z,8259,70,CTD,65535,255,1027.77880859375
1788854081.4690742,2026-09-08T07:54:41.469074Z,8259,70,CTD,65535,255,1027.78076171875
1788854081.6694796,2026-09-08T07:54:41.669479Z,8259,70,CTD,65535,255,1027.7816162109375
1788854081.870135,2026-09-08T07:54:41.870135Z,8259,70,CTD,65535,255,1027.7781982421875
1788854082.0707252,2026-09-08T07:54:42.070725Z,8259,70,CTD,65535,255,1027.779541015625
1788854082.2707958,2026-09-08T07:54:42.270795Z,8259,70,CTD,65535,255,1027.7801513671875
1788854082.4713154,2026-09-08T07:54:42.471315Z,8259,70,CTD,65535,255,1027.779296875
1788854082.6722066,2026-09-08T07:54:42.672206Z,8259,70,CTD,65535,255,1027.7801513671875
1788854082.873106,2026-09-08T07:54:42.873106Z,8259,70,CTD,65535,255,1027.7801513671875
1788854083.0744145,2026-09-08T07:54:43.074414Z,8259,70,CTD,65535,255,1027.7783203125
1788854083.2749891,2026-09-08T07:54:43.274989Z,8259,70,CTD,65535,255,1027.78125
1788854083.475991,2026-09-08T07:54:43.475991Z,8259,70,CTD,65535,255,1027.779296875
1788854083.6762378,2026-09-08T07:54:43.676237Z,8259,70,CTD,65535,255,1027.780029296875
1788854083.876968,2026-09-08T07:54:43.876967Z,8259,70,CTD,65535,255,1027.7799072265625
1788854084.0775511,2026-09-08T07:54:44.077551Z,8259,70,CTD,65535,255,1027.77880859375
1788854084.2778833,2026-09-08T07:54:44.277883Z,8259,70,CTD,65535,255,1027.7791748046875
1788854084.4781601,2026-09-08T07:54:44.478160Z,8259,70,CTD,65535,255,1027.7789306640625
1788854084.6782157,2026-09-08T07:54:44.678215Z,8259,70,CTD,65535,255,1027.780517578125
1788854084.8785586,2026-09-08T07:54:44.878558Z,8259,70,CTD,65535,255,1027.7783203125
1788854085.0787144,2026-09-08T07:54:45.078714Z,8259,70,CTD,65535,255,1027.77978515625
1788854085.2788143,2026-09-08T07:54:45.278814Z,8259,70,CTD,65535,255,1027.77880859375
1788854085.4785635,2026-09-08T07:54:45.478563Z,8259,70,CTD,65535,255,1027.7799072265625
1788854085.6784065,2026-09-08T07:54:45.678406Z,8259,70,CTD,65535,255,1027.7767333984375
1788854085.8785403,2026-09-08T07:54:45.878540Z,8259,70,CTD,65535,255,1027.7796630859375
1788854086.0784998,2026-09-08T07:54:46.078499Z,8259,70,CTD,65535,255,1027.7791748046875
1788854086.278068,2026-09-08T07:54:46.278068Z,8259,70,CTD,65535,255,1027.7799072265625
1788854086.478141,2026-09-08T07:54:46.478141Z,8259,70,CTD,65535,255,1027.7796630859375
1788854086.6776993,2026-09-08T07:54:46.677699Z,8259,70,CTD,65535,255,1027.7784423828125
1788854086.8777506,2026-09-08T07:54:46.877750Z,8259,70,CTD,65535,255,1027.7777099609375
1788854087.0778277,2026-09-08T07:54:47.077827Z,8259,70,CTD,65535,255,1027.779296875
1788854087.2774544,2026-09-08T07:54:47.277454Z,8259,70,CTD,65535,255,1027.7803955078125
1788854087.4770222,2026-09-08T07:54:47.477022Z,8259,70,CTD,65535,255,1027.7779541015625
1788854087.6768684,2026-09-08T07:54:47.676868Z,8259,70,CTD,65535,255,1027.7781982421875
1788854087.8771129,2026-09-08T07:54:47.877112Z,8259,70,CTD,65535,255,1027.7801513671875
1788854088.076994,2026-09-08T07:54:48.076993Z,8259,70,CTD,65535,255,1027.77978515625
1788854088.2767687,2026-09-08T07:54:48.276768Z,8259,70,CTD,65535,255,1027.780517578125
1788854088.476573,2026-09-08T07:54:48.476572Z,8259,70,CTD,65535,255,1027.7802734375
1788854088.6762445,2026-09-08T07:54:48.676244Z,8259,70,CTD,65535,255,1027.7781982421875
1788854088.8761077,2026-09-08T07:54:48.876107Z,8259,70,CTD,65535,255,1027.777587890625
1788854089.076458,2026-09-08T07:54:49.076457Z,8259,70,CTD,65535,255,1027.77734375
1788854089.2762816,2026-09-08T07:54:49.276281Z,8259,70,CTD,65535,255,1027.7779541015625
1788854089.475918,2026-09-08T07:54:49.475918Z,8259,70,CTD,65535,255,1027.7796630859375
1788854089.675863,2026-09-08T07:54:49.675863Z,8259,70,CTD,65535,255,1027.77978515625
1788854089.8758225,2026-09-08T07:54:49.875822Z,8259,70,CTD,65535,255,1027.77978515625
1788854090.0761168,2026-09-08T07:54:50.076116Z,8259,70,CTD,65535,255,1027.77685546875
1788854090.2757757,2026-09-08T07:54:50.275775Z,8259,70,CTD,65535,255,1027.7774658203125
1788854090.475677,2026-09-08T07:54:50.475677Z,8259,70,CTD,65535,255,1027.7774658203125
1788854090.6756845,2026-09-08T07:54:50.675684Z,8259,70,CTD,65535,255,1027.7783203125
1788854090.875916,2026-09-08T07:54:50.875916Z,8259,70,CTD,65535,255,1027.779296875
1788854091.0758812,2026-09-08T07:54:51.075881Z,8259,70,CTD,65535,255,1027.780517578125
1788854091.2757401,2026-09-08T07:54:51.275740Z,8259,70,CTD,65535,255,1027.7784423828125
1788854091.4759414,2026-09-08T07:54:51.475941Z,8259,70,CTD,65535,255,1027.7783203125
1788854091.6756854,2026-09-08T07:54:51.675685Z,8259,70,CTD,65535,255,1027.7757568359375
1788854091.8759258,2026-09-08T07:54:51.875925Z,8259,70,CTD,65535,255,1027.7799072265625
1788854092.0759466,2026-09-08T07:54:52.075946Z,8259,70,CTD,65535,255,1027.778564453125
1788854092.2757776,2026-09-08T07:54:52.275777Z,8259,70,CTD,65535,255,1027.7789306640625
1788854092.4756837,2026-09-08T07:54:52.475683Z,8259,70,CTD,65535,255,1027.7762451171875
1788854092.6759338,2026-09-08T07:54:52.675933Z,8259,70,CTD,65535,255,1027.7777099609375
1788854092.875713,2026-09-08T07:54:52.875713Z,8259,70,CTD,65535,255,1027.77783203125
1788854093.0759525,2026-09-08T07:54:53.075952Z,8259,70,CTD,65535,255,1027.780029296875
1788854093.2760262,2026-09-08T07:54:53.276026Z,8259,70,CTD,65535,255,1027.77783203125
1788854093.4759989,2026-09-08T07:54:53.475998Z,8259,70,CTD,65535,255,1027.778076171875
1788854093.6756988,2026-09-08T07:54:53.675698Z,8259,70,CTD,65535,255,1027.7801513671875
1788854093.875691,2026-09-08T07:54:53.875690Z,8259,70,CTD,65535,255,1027.7777099609375
1788854094.0765827,2026-09-08T07:54:54.076582Z,8259,70,CTD,65535,255,1027.7802734375
1788854094.2757826,2026-09-08T07:54:54.275782Z,8259,70,CTD,65535,255,1027.777099609375
1788854094.475934,2026-09-08T07:54:54.475934Z,8259,70,CTD,65535,255,1027.778564453125
1788854094.6756918,2026-09-08T07:54:54.675691Z,8259,70,CTD,65535,255,1027.7794189453125
1788854094.8759513,2026-09-08T07:54:54.875951Z,8259,70,CTD,65535,255,1027.779052734375
1788854095.0760524,2026-09-08T07:54:55.076052Z,8259,70,CTD,65535,255,1027.7801513671875
1788854095.2760494,2026-09-08T07:54:55.276049Z,8259,70,CTD,65535,255,1027.7783203125
1788854095.4757645,2026-09-08T07:54:55.475764Z,8259,70,CTD,65535,255,1027.77587890625
1788854095.6757357,2026-09-08T07:54:55.675735Z,8259,70,CTD,65535,255,1027.7791748046875
1788854095.8759906,2026-09-08T07:54:55.875990Z,8259,70,CTD,65535,255,1027.779052734375
1788854096.0762708,2026-09-08T07:54:56.076270Z,8259,70,CTD,65535,255,1027.7799072265625
1788854096.2758236,2026-09-08T07:54:56.275823Z,8259,70,CTD,65535,255,1027.7779541015625
1788854096.4760337,2026-09-08T07:54:56.476033Z,8259,70,CTD,65535,255,1027.7811279296875
1788854096.6758447,2026-09-08T07:54:56.675844Z,8259,70,CTD,65535,255,1027.7789306640625
1788854096.8758996,2026-09-08T07:54:56.875899Z,8259,70,CTD,65535,255,1027.7781982421875
1788854097.0762672,2026-09-08T07:54:57.076267Z,8259,70,CTD,65535,255,1027.779296875
1788854097.2758808,2026-09-08T07:54:57.275880Z,8259,70,CTD,65535,255,1027.7791748046875
1788854097.4757311,2026-09-08T07:54:57.475731Z,8259,70,CTD,65535,255,1027.778076171875
1788854097.6758997,2026-09-08T07:54:57.675899Z,8259,70,CTD,65535,255,1027.77587890625
1788854097.875943,2026-09-08T07:54:57.875942Z,8259,70,CTD,65535,255,1027.77685546875
1788854098.0762691,2026-09-08T07:54:58.076269Z,8259,70,CTD,65535,255,1027.7818603515625
1788854098.2759948,2026-09-08T07:54:58.275994Z,8259,70,CTD,65535,255,1027.7760009765625
1788854098.4759488,2026-09-08T07:54:58.475948Z,8259,70,CTD,65535,255,1027.775146484375
1788854098.675915,2026-09-08T07:54:58.675915Z,8259,70,CTD,65535,255,1027.77685546875
1788854098.8758948,2026-09-08T07:54:58.875894Z,8259,70,CTD,65535,255,1027.7784423828125
1788854099.075965,2026-09-08T07:54:59.075964Z,8259,70,CTD,65535,255,1027.779541015625
1788854099.27597,2026-09-08T07:54:59.275969Z,8259,70,CTD,65535,255,1027.7777099609375
1788854099.475705,2026-09-08T07:54:59.475704Z,8259,70,CTD,65535,255,1027.7767333984375
1788854099.676004,2026-09-08T07:54:59.676003Z,8259,70,CTD,65535,255,1027.7769775390625
1788854099.8756611,2026-09-08T07:54:59.875661Z,8259,70,CTD,65535,255,1027.7786865234375
1788854100.0762126,2026-09-08T07:55:00.076212Z,8259,70,CTD,65535,255,1027.779541015625
1788854100.2757144,2026-09-08T07:55:00.275714Z,8259,70,CTD,65535,255,1027.781005859375
1788854100.4756281,2026-09-08T07:55:00.475628Z,8259,70,CTD,65535,255,1027.7779541015625
1788854100.6756492,2026-09-08T07:55:00.675649Z,8259,70,CTD,65535,255,1027.77880859375
1788854100.875581,2026-09-08T07:55:00.875581Z,8259,70,CTD,65535,255,1027.77880859375
1788854101.0758214,2026-09-08T07:55:01.075821Z,8259,70,CTD,65535,255,1027.7783203125
1788854101.275937,2026-09-08T07:55:01.275937Z,8259,70,CTD,65535,255,1027.778564453125
1788854101.4759147,2026-09-08T07:55:01.475914Z,8259,70,CTD,65535,255,1027.780029296875
1788854101.6756084,2026-09-08T07:55:01.675608Z,8259,70,CTD,65535,255,1027.7760009765625
1788854101.8756075,2026-09-08T07:55:01.875607Z,8259,70,CTD,65535,255,1027.78076171875
1788854102.0760543,2026-09-08T07:55:02.076054Z,8259,70,CTD,65535,255,1027.778076171875
1788854102.2759483,2026-09-08T07:55:02.275948Z,8259,70,CTD,65535,255,1027.7803955078125
1788854102.4756255,2026-09-08T07:55:02.475625Z,8259,70,CTD,65535,255,1027.77880859375
1788854102.6756232,2026-09-08T07:55:02.675623Z,8259,70,CTD,65535,255,1027.7764892578125
1788854102.8755908,2026-09-08T07:55:02.875590Z,8259,70,CTD,65535,255,1027.7774658203125
1788854103.0761626,2026-09-08T07:55:03.076162Z,8259,70,CTD,65535,255,1027.7747802734375
1788854103.2756748,2026-09-08T07:55:03.275674Z,8259,70,CTD,65535,255,1027.777587890625
1788854103.4758592,2026-09-08T07:55:03.475859Z,8259,70,CTD,65535,255,1027.7774658203125
1788854103.6755667,2026-09-08T07:55:03.675566Z,8259,70,CTD,65535,255,1027.77587890625
1788854103.875814,2026-09-08T07:55:03.875813Z,8259,70,CTD,65535,255,1027.7772216796875
1788854104.0759933,2026-09-08T07:55:04.075993Z,8259,70,CTD,65535,255,1027.777587890625
1788854104.2758539,2026-09-08T07:55:04.275853Z,8259,70,CTD,65535,255,1027.7772216796875
1788854104.4755816,2026-09-08T07:55:04.475581Z,8259,70,CTD,65535,255,1027.77783203125
1788854104.675822,2026-09-08T07:55:04.675822Z,8259,70,CTD,65535,255,1027.7781982421875
1788854104.8755789,2026-09-08T07:55:04.875578Z,8259,70,CTD,65535,255,1027.7760009765625
1788854105.0760782,2026-09-08T07:55:05.076078Z,8259,70,CTD,65535,255,1027.7769775390625
1788854105.2758694,2026-09-08T07:55:05.275869Z,8259,70,CTD,65535,255,1027.77783203125
1788854105.475682,2026-09-08T07:55:05.475682Z,8259,70,CTD,65535,255,1027.776123046875
1788854105.6755357,2026-09-08T07:55:05.675535Z,8259,70,CTD,65535,255,1027.777587890625
1788854105.8754838,2026-09-08T07:55:05.875483Z,8259,70,CTD,65535,255,1027.7779541015625
1788854106.0760632,2026-09-08T07:55:06.076063Z,8259,70,CTD,65535,255,1027.7784423828125
1788854106.275571,2026-09-08T07:55:06.275571Z,8259,70,CTD,65535,255,1027.7784423828125
1788854106.4754796,2026-09-08T07:55:06.475479Z,8259,70,CTD,65535,255,1027.7757568359375
1788854106.6756506,2026-09-08T07:55:06.675650Z,8259,70,CTD,65535,255,1027.7786865234375
1788854106.8753157,2026-09-08T07:55:06.875315Z,8259,70,CTD,65535,255,1027.7801513671875
1788854107.075834,2026-09-08T07:55:07.075834Z,8259,70,CTD,65535,255,1027.779052734375
1788854107.275545,2026-09-08T07:55:07.275544Z,8259,70,CTD,65535,255,1027.779052734375
1788854107.4752138,2026-09-08T07:55:07.475213Z,8259,70,CTD,65535,255,1027.7781982421875
1788854107.6751466,2026-09-08T07:55:07.675146Z,8259,70,CTD,65535,255,1027.77685546875
1788854107.8751302,2026-09-08T07:55:07.875130Z,8259,70,CTD,65535,255,1027.77685546875
1788854108.0757332,2026-09-08T07:55:08.075733Z,8259,70,CTD,65535,255,1027.779541015625
1788854108.275202,2026-09-08T07:55:08.275202Z,8259,70,CTD,65535,255,1027.7774658203125
1788854108.4751747,2026-09-08T07:55:08.475174Z,8259,70,CTD,65535,255,1027.77734375
1788854108.67535,2026-09-08T07:55:08.675349Z,8259,70,CTD,65535,255,1027.7806396484375
1788854108.87553,2026-09-08T07:55:08.875530Z,8259,70,CTD,65535,255,1027.7779541015625
1788854109.075923,2026-09-08T07:55:09.075922Z,8259,70,CTD,65535,255,1027.77734375
1788854109.276219,2026-09-08T07:55:09.276218Z,8259,70,CTD,65535,255,1027.7803955078125
1788854109.476135,2026-09-08T07:55:09.476135Z,8259,70,CTD,65535,255,1027.7777099609375
1788854109.676216,2026-09-08T07:55:09.676215Z,8259,70,CTD,65535,255,1027.77734375
1788854109.8764305,2026-09-08T07:55:09.876430Z,8259,70,CTD,65535,255,1027.7794189453125
1788854110.0769415,2026-09-08T07:55:10.076941Z,8259,70,CTD,65535,255,1027.7803955078125
1788854110.2765868,2026-09-08T07:55:10.276586Z,8259,70,CTD,65535,255,1027.7783203125
1788854110.4768867,2026-09-08T07:55:10.476886Z,8259,70,CTD,65535,255,1027.778564453125
1788854110.6768785,2026-09-08T07:55:10.676878Z,8259,70,CTD,65535,255,1027.7769775390625
1788854110.8766544,2026-09-08T07:55:10.876654Z,8259,70,CTD,65535,255,1027.7789306640625
1788854111.0772426,2026-09-08T07:55:11.077242Z,8259,70,CTD,65535,255,1027.7791748046875
1788854111.276852,2026-09-08T07:55:11.276851Z,8259,70,CTD,65535,255,1027.7784423828125
1788854111.4770787,2026-09-08T07:55:11.477078Z,8259,70,CTD,65535,255,1027.7781982421875
1788854111.6766808,2026-09-08T07:55:11.676680Z,8259,70,CTD,65535,255,1027.7784423828125
1788854111.8770423,2026-09-08T07:55:11.877042Z,8259,70,CTD,65535,255,1027.7786865234375
1788854112.0771701,2026-09-08T07:55:12.077170Z,8259,70,CTD,65535,255,1027.7806396484375
1788854112.2771113,2026-09-08T07:55:12.277111Z,8259,70,CTD,65535,255,1027.7786865234375
1788854112.4767883,2026-09-08T07:55:12.476788Z,8259,70,CTD,65535,255,1027.7791748046875
1788854112.6770852,2026-09-08T07:55:12.677085Z,8259,70,CTD,65535,255,1027.77734375
1788854112.8769605,2026-09-08T07:55:12.876960Z,8259,70,CTD,65535,255,1027.77783203125
1788854113.077564,2026-09-08T07:55:13.077564Z,8259,70,CTD,65535,255,1027.777099609375
1788854113.277565,2026-09-08T07:55:13.277565Z,8259,70,CTD,65535,255,1027.778564453125
1788854113.4773307,2026-09-08T07:55:13.477330Z,8259,70,CTD,65535,255,1027.77685546875
1788854113.6770995,2026-09-08T07:55:13.677099Z,8259,70,CTD,65535,255,1027.779296875
1788854113.8769922,2026-09-08T07:55:13.876992Z,8259,70,CTD,65535,255,1027.7779541015625
1788854114.077545,2026-09-08T07:55:14.077544Z,8259,70,CTD,65535,255,1027.7781982421875
1788854114.2768452,2026-09-08T07:55:14.276845Z,8259,70,CTD,65535,255,1027.7783203125
1788854114.476919,2026-09-08T07:55:14.476918Z,8259,70,CTD,65535,255,1027.77685546875
1788854114.6765356,2026-09-08T07:55:14.676535Z,8259,70,CTD,65535,255,1027.777099609375
1788854114.8766575,2026-09-08T07:55:14.876657Z,8259,70,CTD,65535,255,1027.77880859375
1788854115.0766747,2026-09-08T07:55:15.076674Z,8259,70,CTD,65535,255,1027.7781982421875
1788854115.2762456,2026-09-08T07:55:15.276245Z,8259,70,CTD,65535,255,1027.7769775390625
1788854115.4761333,2026-09-08T07:55:15.476133Z,8259,70,CTD,65535,255,1027.7796630859375
1788854115.6762629,2026-09-08T07:55:15.676262Z,8259,70,CTD,65535,255,1027.7799072265625
1788854115.8764505,2026-09-08T07:55:15.876450Z,8259,70,CTD,65535,255,1027.77685546875
1788854116.0769048,2026-09-08T07:55:16.076904Z,8259,70,CTD,65535,255,1027.77880859375
1788854116.2768517,2026-09-08T07:55:16.276851Z,8259,70,CTD,65535,255,1027.777587890625
1788854116.477115,2026-09-08T07:55:16.477114Z,8259,70,CTD,65535,255,1027.77783203125
1788854116.6785874,2026-09-08T07:55:16.678587Z,8259,70,CTD,65535,255,1027.7764892578125
1788854116.8800123,2026-09-08T07:55:16.880012Z,8259,70,CTD,65535,255,1027.7777099609375
1788854117.0818117,2026-09-08T07:55:17.081811Z,8259,70,CTD,65535,255,1027.77734375
1788854117.2830966,2026-09-08T07:55:17.283096Z,8259,70,CTD,65535,255,1027.7781982421875
1788854117.484454,2026-09-08T07:55:17.484453Z,8259,70,CTD,65535,255,1027.77783203125
1788854117.6854918,2026-09-08T07:55:17.685491Z,8259,70,CTD,65535,255,1027.780029296875
1788854117.8863778,2026-09-08T07:55:17.886377Z,8259,70,CTD,65535,255,1027.78125
1788854118.0877995,2026-09-08T07:55:18.087799Z,8259,70,CTD,65535,255,1027.7774658203125
1788854118.2884278,2026-09-08T07:55:18.288427Z,8259,70,CTD,65535,255,1027.7784423828125
1788854118.4892414,2026-09-08T07:55:18.489241Z,8259,70,CTD,65535,255,1027.7772216796875
1788854118.6893113,2026-09-08T07:55:18.689311Z,8259,70,CTD,65535,255,1027.7799072265625
1788854118.889227,2026-09-08T07:55:18.889226Z,8259,70,CTD,65535,255,1027.7786865234375
1788854119.0894911,2026-09-08T07:55:19.089491Z,8259,70,CTD,65535,255,1027.7772216796875
1788854119.289397,2026-09-08T07:55:19.289397Z,8259,70,CTD,65535,255,1027.7763671875
1788854119.4892178,2026-09-08T07:55:19.489217Z,8259,70,CTD,65535,255,1027.7772216796875
1788854119.6887953,2026-09-08T07:55:19.688795Z,8259,70,CTD,65535,255,1027.777099609375
1788854119.888411,2026-09-08T07:55:19.888411Z,8259,70,CTD,65535,255,1027.777587890625
1788854120.088486,2026-09-08T07:55:20.088485Z,8259,70,CTD,65535,255,1027.776123046875
1788854120.2877696,2026-09-08T07:55:20.287769Z,8259,70,CTD,65535,255,1027.7763671875
1788854120.4873316,2026-09-08T07:55:20.487331Z,8259,70,CTD,65535,255,1027.778076171875
1788854120.6869469,2026-09-08T07:55:20.686946Z,8259,70,CTD,65535,255,1027.775634765625
1788854120.8864677,2026-09-08T07:55:20.886467Z,8259,70,CTD,65535,255,1027.77685546875
1788854121.086458,2026-09-08T07:55:21.086457Z,8259,70,CTD,65535,255,1027.776123046875
1788854121.2857924,2026-09-08T07:55:21.285792Z,8259,70,CTD,65535,255,1027.77587890625
1788854121.4855134,2026-09-08T07:55:21.485513Z,8259,70,CTD,65535,255,1027.7763671875
1788854121.685161,2026-09-08T07:55:21.685161Z,8259,70,CTD,65535,255,1027.7789306640625
1788854121.8848493,2026-09-08T07:55:21.884849Z,8259,70,CTD,65535,255,1027.7781982421875
1788854122.0849853,2026-09-08T07:55:22.084985Z,8259,70,CTD,65535,255,1027.77783203125
1788854122.2845137,2026-09-08T07:55:22.284513Z,8259,70,CTD,65535,255,1027.7783203125
1788854122.484181,2026-09-08T07:55:22.484180Z,8259,70,CTD,65535,255,1027.7767333984375
1788854122.683999,2026-09-08T07:55:22.683999Z,8259,70,CTD,65535,255,1027.7783203125
1788854122.8838334,2026-09-08T07:55:22.883833Z,8259,70,CTD,65535,255,1027.777587890625
1788854123.083888,2026-09-08T07:55:23.083888Z,8259,70,CTD,65535,255,1027.7767333984375
1788854123.28364,2026-09-08T07:55:23.283639Z,8259,70,CTD,65535,255,1027.7774658203125
1788854123.4832182,2026-09-08T07:55:23.483218Z,8259,70,CTD,65535,255,1027.7784423828125
1788854123.681825,2026-09-08T07:55:23.681824Z,8259,70,CTD,65535,255,1027.77685546875
1788854123.8804889,2026-09-08T07:55:23.880488Z,8259,70,CTD,65535,255,1027.777099609375
1788854124.0797663,2026-09-08T07:55:24.079766Z,8259,70,CTD,65535,255,1027.777587890625
1788854124.2777462,2026-09-08T07:55:24.277746Z,8259,70,CTD,65535,255,1027.7763671875
1788854124.476059,2026-09-08T07:55:24.476058Z,8259,70,CTD,65535,255,1027.775634765625
1788854124.6753678,2026-09-08T07:55:24.675367Z,8259,70,CTD,65535,255,1027.775390625
1788854124.8743963,2026-09-08T07:55:24.874396Z,8259,70,CTD,65535,255,1027.7774658203125
1788854125.0735428,2026-09-08T07:55:25.073542Z,8259,70,CTD,65535,255,1027.777587890625
1788854125.2722757,2026-09-08T07:55:25.272275Z,8259,70,CTD,65535,255,1027.774658203125
1788854125.4715223,2026-09-08T07:55:25.471522Z,8259,70,CTD,65535,255,1027.777587890625
1788854125.6713316,2026-09-08T07:55:25.671331Z,8259,70,CTD,65535,255,1027.7791748046875
1788854125.8708656,2026-09-08T07:55:25.870865Z,8259,70,CTD,65535,255,1027.7777099609375
1788854126.0710943,2026-09-08T07:55:26.071094Z,8259,70,CTD,65535,255,1027.77783203125
1788854126.270831,2026-09-08T07:55:26.270831Z,8259,70,CTD,65535,255,1027.776611328125
1788854126.4706042,2026-09-08T07:55:26.470604Z,8259,70,CTD,65535,255,1027.7777099609375
1788854126.6706038,2026-09-08T07:55:26.670603Z,8259,70,CTD,65535,255,1027.7757568359375
1788854126.8710794,2026-09-08T07:55:26.871079Z,8259,70,CTD,65535,255,1027.775390625
1788854127.0714386,2026-09-08T07:55:27.071438Z,8259,70,CTD,65535,255,1027.7755126953125
1788854127.2714067,2026-09-08T07:55:27.271406Z,8259,70,CTD,65535,255,1027.77880859375
1788854127.4716675,2026-09-08T07:55:27.471667Z,8259,70,CTD,65535,255,1027.7784423828125
1788854127.6720366,2026-09-08T07:55:27.672036Z,8259,70,CTD,65535,255,1027.777099609375
1788854127.8723297,2026-09-08T07:55:27.872329Z,8259,70,CTD,65535,255,1027.7791748046875
1788854128.0730891,2026-09-08T07:55:28.073089Z,8259,70,CTD,65535,255,1027.77587890625
1788854128.2734,2026-09-08T07:55:28.273400Z,8259,70,CTD,65535,255,1027.7733154296875
1788854128.4734862,2026-09-08T07:55:28.473486Z,8259,70,CTD,65535,255,1027.7755126953125
1788854128.6737206,2026-09-08T07:55:28.673720Z,8259,70,CTD,65535,255,1027.775390625
1788854128.874102,2026-09-08T07:55:28.874102Z,8259,70,CTD,65535,255,1027.7752685546875
1788854129.0746982,2026-09-08T07:55:29.074698Z,8259,70,CTD,65535,255,1027.7779541015625
1788854129.274688,2026-09-08T07:55:29.274688Z,8259,70,CTD,65535,255,1027.776123046875
1788854129.4751742,2026-09-08T07:55:29.475174Z,8259,70,CTD,65535,255,1027.777099609375
1788854129.6751351,2026-09-08T07:55:29.675135Z,8259,70,CTD,65535,255,1027.775146484375
1788854129.8752,2026-09-08T07:55:29.875200Z,8259,70,CTD,65535,255,1027.77587890625
1788854130.0758119,2026-09-08T07:55:30.075811Z,8259,70,CTD,65535,255,1027.7767333984375
1788854130.2755868,2026-09-08T07:55:30.275586Z,8259,70,CTD,65535,255,1027.77685546875
1788854130.4757404,2026-09-08T07:55:30.475740Z,8259,70,CTD,65535,255,1027.7808837890625
1788854130.675753,2026-09-08T07:55:30.675753Z,8259,70,CTD,65535,255,1027.775390625
1788854130.8758712,2026-09-08T07:55:30.875871Z,8259,70,CTD,65535,255,1027.7772216796875
1788854131.0761735,2026-09-08T07:55:31.076173Z,8259,70,CTD,65535,255,1027.7781982421875
1788854131.276042,2026-09-08T07:55:31.276041Z,8259,70,CTD,65535,255,1027.7784423828125
1788854131.4763331,2026-09-08T07:55:31.476333Z,8259,70,CTD,65535,255,1027.778564453125
1788854131.676103,2026-09-08T07:55:31.676103Z,8259,70,CTD,65535,255,1027.775390625
1788854131.8763626,2026-09-08T07:55:31.876362Z,8259,70,CTD,65535,255,1027.7781982421875
1788854132.076694,2026-09-08T07:55:32.076694Z,8259,70,CTD,65535,255,1027.77587890625
1788854132.2765024,2026-09-08T07:55:32.276502Z,8259,70,CTD,65535,255,1027.77734375
1788854132.476513,2026-09-08T07:55:32.476512Z,8259,70,CTD,65535,255,1027.7774658203125
1788854132.6763856,2026-09-08T07:55:32.676385Z,8259,70,CTD,65535,255,1027.77783203125
1788854132.8767643,2026-09-08T07:55:32.876764Z,8259,70,CTD,65535,255,1027.7763671875
1788854133.0770965,2026-09-08T07:55:33.077096Z,8259,70,CTD,65535,255,1027.780517578125
1788854133.2771106,2026-09-08T07:55:33.277110Z,8259,70,CTD,65535,255,1027.7767333984375
1788854133.4769547,2026-09-08T07:55:33.476954Z,8259,70,CTD,65535,255,1027.776123046875
1788854133.677002,2026-09-08T07:55:33.677001Z,8259,70,CTD,65535,255,1027.777099609375
1788854133.877414,2026-09-08T07:55:33.877413Z,8259,70,CTD,65535,255,1027.775634765625
1788854134.077715,2026-09-08T07:55:34.077714Z,8259,70,CTD,65535,255,1027.77587890625
1788854134.2773755,2026-09-08T07:55:34.277375Z,8259,70,CTD,65535,255,1027.7783203125
1788854134.4774106,2026-09-08T07:55:34.477410Z,8259,70,CTD,65535,255,1027.7784423828125
1788854134.6781898,2026-09-08T07:55:34.678189Z,8259,70,CTD,65535,255,1027.7735595703125
1788854134.8789814,2026-09-08T07:55:34.878981Z,8259,70,CTD,65535,255,1027.7750244140625
1788854135.08022,2026-09-08T07:55:35.080219Z,8259,70,CTD,65535,255,1027.77587890625
1788854135.280795,2026-09-08T07:55:35.280795Z,8259,70,CTD,65535,255,1027.7762451171875
1788854135.481439,2026-09-08T07:55:35.481439Z,8259,70,CTD,65535,255,1027.7744140625
1788854135.6805985,2026-09-08T07:55:35.680598Z,8259,70,CTD,65535,255,1027.775634765625
1788854135.8799586,2026-09-08T07:55:35.879958Z,8259,70,CTD,65535,255,1027.773681640625
1788854136.079374,2026-09-08T07:55:36.079374Z,8259,70,CTD,65535,255,1027.77734375
1788854136.2781994,2026-09-08T07:55:36.278199Z,8259,70,CTD,65535,255,1027.7762451171875
1788854136.477325,2026-09-08T07:55:36.477324Z,8259,70,CTD,65535,255,1027.7742919921875
1788854136.6765966,2026-09-08T07:55:36.676596Z,8259,70,CTD,65535,255,1027.773193359375
1788854136.8758628,2026-09-08T07:55:36.875862Z,8259,70,CTD,65535,255,1027.77490234375
1788854137.0755649,2026-09-08T07:55:37.075564Z,8259,70,CTD,65535,255,1027.77587890625
1788854137.274734,2026-09-08T07:55:37.274734Z,8259,70,CTD,65535,255,1027.77587890625
1788854137.4737546,2026-09-08T07:55:37.473754Z,8259,70,CTD,65535,255,1027.775634765625
1788854137.6734965,2026-09-08T07:55:37.673496Z,8259,70,CTD,65535,255,1027.776611328125
1788854137.8731718,2026-09-08T07:55:37.873171Z,8259,70,CTD,65535,255,1027.7705078125
1788854138.0733337,2026-09-08T07:55:38.073333Z,8259,70,CTD,65535,255,1027.7752685546875
1788854138.2726169,2026-09-08T07:55:38.272616Z,8259,70,CTD,65535,255,1027.7774658203125
1788854138.4722197,2026-09-08T07:55:38.472219Z,8259,70,CTD,65535,255,1027.776123046875
1788854138.6722443,2026-09-08T07:55:38.672244Z,8259,70,CTD,65535,255,1027.7772216796875
1788854138.8722768,2026-09-08T07:55:38.872276Z,8259,70,CTD,65535,255,1027.774658203125
1788854139.0727456,2026-09-08T07:55:39.072745Z,8259,70,CTD,65535,255,1027.7730712890625
1788854139.272383,2026-09-08T07:55:39.272382Z,8259,70,CTD,65535,255,1027.7745361328125
1788854139.4723654,2026-09-08T07:55:39.472365Z,8259,70,CTD,65535,255,1027.775146484375
1788854139.6724503,2026-09-08T07:55:39.672450Z,8259,70,CTD,65535,255,1027.77392578125
1788854139.8725898,2026-09-08T07:55:39.872589Z,8259,70,CTD,65535,255,1027.77734375
1788854140.0731766,2026-09-08T07:55:40.073176Z,8259,70,CTD,65535,255,1027.7763671875
1788854140.273279,2026-09-08T07:55:40.273278Z,8259,70,CTD,65535,255,1027.7767333984375
1788854140.473201,2026-09-08T07:55:40.473201Z,8259,70,CTD,65535,255,1027.773681640625
1788854140.6732059,2026-09-08T07:55:40.673205Z,8259,70,CTD,65535,255,1027.77490234375
1788854140.8733776,2026-09-08T07:55:40.873377Z,8259,70,CTD,65535,255,1027.774169921875
1788854141.0738142,2026-09-08T07:55:41.073814Z,8259,70,CTD,65535,255,1027.773681640625
1788854141.273602,2026-09-08T07:55:41.273602Z,8259,70,CTD,65535,255,1027.7703857421875
1788854141.4736753,2026-09-08T07:55:41.473675Z,8259,70,CTD,65535,255,1027.7744140625
1788854141.6737707,2026-09-08T07:55:41.673770Z,8259,70,CTD,65535,255,1027.776611328125
1788854141.874097,2026-09-08T07:55:41.874097Z,8259,70,CTD,65535,255,1027.77587890625
1788854142.074403,2026-09-08T07:55:42.074403Z,8259,70,CTD,65535,255,1027.7764892578125
1788854142.2741008,2026-09-08T07:55:42.274100Z,8259,70,CTD,65535,255,1027.7720947265625
1788854142.4743862,2026-09-08T07:55:42.474386Z,8259,70,CTD,65535,255,1027.7786865234375
1788854142.674171,2026-09-08T07:55:42.674170Z,8259,70,CTD,65535,255,1027.7755126953125
1788854142.8744469,2026-09-08T07:55:42.874446Z,8259,70,CTD,65535,255,1027.7745361328125
1788854143.074648,2026-09-08T07:55:43.074647Z,8259,70,CTD,65535,255,1027.77392578125
1788854143.2746382,2026-09-08T07:55:43.274638Z,8259,70,CTD,65535,255,1027.7730712890625
1788854143.474391,2026-09-08T07:55:43.474390Z,8259,70,CTD,65535,255,1027.774169921875
1788854143.6745932,2026-09-08T07:55:43.674593Z,8259,70,CTD,65535,255,1027.774169921875
1788854143.8743784,2026-09-08T07:55:43.874378Z,8259,70,CTD,65535,255,1027.7767333984375
1788854144.0748582,2026-09-08T07:55:44.074858Z,8259,70,CTD,65535,255,1027.7734375
1788854144.274487,2026-09-08T07:55:44.274487Z,8259,70,CTD,65535,255,1027.7724609375
1788854144.4746609,2026-09-08T07:55:44.474660Z,8259,70,CTD,65535,255,1027.7740478515625
1788854144.674398,2026-09-08T07:55:44.674397Z,8259,70,CTD,65535,255,1027.773681640625
1788854144.8747082,2026-09-08T07:55:44.874708Z,8259,70,CTD,65535,255,1027.77294921875
1788854145.0750237,2026-09-08T07:55:45.075023Z,8259,70,CTD,65535,255,1027.7769775390625
1788854145.2747083,2026-09-08T07:55:45.274708Z,8259,70,CTD,65535,255,1027.7744140625
1788854145.4744017,2026-09-08T07:55:45.474401Z,8259,70,CTD,65535,255,1027.7760009765625
1788854145.6745348,2026-09-08T07:55:45.674534Z,8259,70,CTD,65535,255,1027.7728271484375
1788854145.874351,2026-09-08T07:55:45.874351Z,8259,70,CTD,65535,255,1027.7734375
1788854146.0747087,2026-09-08T07:55:46.074708Z,8259,70,CTD,65535,255,1027.7713623046875
1788854146.274375,2026-09-08T07:55:46.274374Z,8259,70,CTD,65535,255,1027.77490234375
1788854146.4743178,2026-09-08T07:55:46.474317Z,8259,70,CTD,65535,255,1027.7747802734375
1788854146.6742628,2026-09-08T07:55:46.674262Z,8259,70,CTD,65535,255,1027.77294921875
1788854146.8741655,2026-09-08T07:55:46.874165Z,8259,70,CTD,65535,255,1027.774658203125
1788854147.0744104,2026-09-08T07:55:47.074410Z,8259,70,CTD,65535,255,1027.77294921875
1788854147.2743745,2026-09-08T07:55:47.274374Z,8259,70,CTD,65535,255,1027.7745361328125
1788854147.474015,2026-09-08T07:55:47.474014Z,8259,70,CTD,65535,255,1027.77294921875
1788854147.6737006,2026-09-08T07:55:47.673700Z,8259,70,CTD,65535,255,1027.7730712890625
1788854147.8734496,2026-09-08T07:55:47.873449Z,8259,70,CTD,65535,255,1027.7744140625
1788854148.0735075,2026-09-08T07:55:48.073507Z,8259,70,CTD,65535,255,1027.776611328125
1788854148.272978,2026-09-08T07:55:48.272978Z,8259,70,CTD,65535,255,1027.771484375
1788854148.4728863,2026-09-08T07:55:48.472886Z,8259,70,CTD,65535,255,1027.77294921875
1788854148.6724858,2026-09-08T07:55:48.672485Z,8259,70,CTD,65535,255,1027.774658203125
1788854148.8722787,2026-09-08T07:55:48.872278Z,8259,70,CTD,65535,255,1027.775390625
1788854149.072367,2026-09-08T07:55:49.072366Z,8259,70,CTD,65535,255,1027.775390625
1788854149.2722764,2026-09-08T07:55:49.272276Z,8259,70,CTD,65535,255,1027.7738037109375
1788854149.4718962,2026-09-08T07:55:49.471896Z,8259,70,CTD,65535,255,1027.7752685546875
1788854149.6721075,2026-09-08T07:55:49.672107Z,8259,70,CTD,65535,255,1027.7750244140625
1788854149.8717816,2026-09-08T07:55:49.871781Z,8259,70,CTD,65535,255,1027.77294921875
1788854150.072056,2026-09-08T07:55:50.072056Z,8259,70,CTD,65535,255,1027.771240234375
1788854150.2718184,2026-09-08T07:55:50.271818Z,8259,70,CTD,65535,255,1027.771484375
1788854150.4720163,2026-09-08T07:55:50.472016Z,8259,70,CTD,65535,255,1027.7738037109375
1788854150.6717966,2026-09-08T07:55:50.671796Z,8259,70,CTD,65535,255,1027.7750244140625
1788854150.8720853,2026-09-08T07:55:50.872085Z,8259,70,CTD,65535,255,1027.773193359375
1788854151.072396,2026-09-08T07:55:51.072396Z,8259,70,CTD,65535,255,1027.7735595703125
1788854151.2722418,2026-09-08T07:55:51.272241Z,8259,70,CTD,65535,255,1027.771240234375
1788854151.4720435,2026-09-08T07:55:51.472043Z,8259,70,CTD,65535,255,1027.77099609375
1788854151.6723242,2026-09-08T07:55:51.672324Z,8259,70,CTD,65535,255,1027.7742919921875
1788854151.8723881,2026-09-08T07:55:51.872388Z,8259,70,CTD,65535,255,1027.7738037109375
1788854152.0725758,2026-09-08T07:55:52.072575Z,8259,70,CTD,65535,255,1027.7720947265625
1788854152.2722783,2026-09-08T07:55:52.272278Z,8259,70,CTD,65535,255,1027.7734375
1788854152.4723215,2026-09-08T07:55:52.472321Z,8259,70,CTD,65535,255,1027.7706298828125
1788854152.672571,2026-09-08T07:55:52.672570Z,8259,70,CTD,65535,255,1027.76416015625
1788854152.8724759,2026-09-08T07:55:52.872475Z,8259,70,CTD,65535,255,1027.772216796875
1788854153.072873,2026-09-08T07:55:53.072873Z,8259,70,CTD,65535,255,1027.770751953125
1788854153.272746,2026-09-08T07:55:53.272746Z,8259,70,CTD,65535,255,1027.77001953125
1788854153.4730115,2026-09-08T07:55:53.473011Z,8259,70,CTD,65535,255,1027.7694091796875
1788854153.6729357,2026-09-08T07:55:53.672935Z,8259,70,CTD,65535,255,1027.7698974609375
1788854153.8732748,2026-09-08T07:55:53.873274Z,8259,70,CTD,65535,255,1027.769287109375
1788854154.073935,2026-09-08T07:55:54.073935Z,8259,70,CTD,65535,255,1027.7681884765625
1788854154.2736812,2026-09-08T07:55:54.273681Z,8259,70,CTD,65535,255,1027.7666015625
1788854154.4735422,2026-09-08T07:55:54.473542Z,8259,70,CTD,65535,255,1027.7667236328125
1788854154.6734893,2026-09-08T07:55:54.673489Z,8259,70,CTD,65535,255,1027.7646484375
1788854154.8733943,2026-09-08T07:55:54.873394Z,8259,70,CTD,65535,255,1027.770263671875
1788854155.073773,2026-09-08T07:55:55.073772Z,8259,70,CTD,65535,255,1027.7725830078125
1788854155.273372,2026-09-08T07:55:55.273371Z,8259,70,CTD,65535,255,1027.77197265625
1788854155.4732163,2026-09-08T07:55:55.473216Z,8259,70,CTD,65535,255,1027.767578125
1788854155.6730828,2026-09-08T07:55:55.673082Z,8259,70,CTD,65535,255,1027.771484375
1788854155.8729892,2026-09-08T07:55:55.872989Z,8259,70,CTD,65535,255,1027.771484375
1788854156.073316,2026-09-08T07:55:56.073316Z,8259,70,CTD,65535,255,1027.769287109375
1788854156.2731023,2026-09-08T07:55:56.273102Z,8259,70,CTD,65535,255,1027.7713623046875
1788854156.4727767,2026-09-08T07:55:56.472776Z,8259,70,CTD,65535,255,1027.77197265625
1788854156.6729753,2026-09-08T07:55:56.672975Z,8259,70,CTD,65535,255,1027.77099609375
1788854156.8733041,2026-09-08T07:55:56.873304Z,8259,70,CTD,65535,255,1027.7677001953125
1788854157.0741284,2026-09-08T07:55:57.074128Z,8259,70,CTD,65535,255,1027.77197265625
1788854157.2743094,2026-09-08T07:55:57.274309Z,8259,70,CTD,65535,255,1027.7696533203125
1788854157.4743056,2026-09-08T07:55:57.474305Z,8259,70,CTD,65535,255,1027.77001953125
1788854157.6759076,2026-09-08T07:55:57.675907Z,8259,70,CTD,65535,255,1027.76953125
1788854157.8777447,2026-09-08T07:55:57.877744Z,8259,70,CTD,65535,255,1027.77197265625
1788854158.079953,2026-09-08T07:55:58.079952Z,8259,70,CTD,65535,255,1027.7681884765625
1788854158.2813513,2026-09-08T07:55:58.281351Z,8259,70,CTD,65535,255,1027.7645263671875
1788854158.4832854,2026-09-08T07:55:58.483285Z,8259,70,CTD,65535,255,1027.7662353515625
1788854158.684312,2026-09-08T07:55:58.684312Z,8259,70,CTD,65535,255,1027.7672119140625
1788854158.885312,2026-09-08T07:55:58.885312Z,8259,70,CTD,65535,255,1027.7659912109375
1788854159.0864277,2026-09-08T07:55:59.086427Z,8259,70,CTD,65535,255,1027.7640380859375
1788854159.2872906,2026-09-08T07:55:59.287290Z,8259,70,CTD,65535,255,1027.762939453125
1788854159.4887168,2026-09-08T07:55:59.488716Z,8259,70,CTD,65535,255,1027.76513671875
1788854159.6885228,2026-09-08T07:55:59.688522Z,8259,70,CTD,65535,255,1027.76904296875
1788854159.8886182,2026-09-08T07:55:59.888618Z,8259,70,CTD,65535,255,1027.766357421875
1788854160.0887582,2026-09-08T07:56:00.088758Z,8259,70,CTD,65535,255,1027.765380859375
1788854160.2888484,2026-09-08T07:56:00.288848Z,8259,70,CTD,65535,255,1027.765869140625
1788854160.4887912,2026-09-08T07:56:00.488791Z,8259,70,CTD,65535,255,1027.7626953125
1788854160.6885543,2026-09-08T07:56:00.688554Z,8259,70,CTD,65535,255,1027.7664794921875
1788854160.8881602,2026-09-08T07:56:00.888160Z,8259,70,CTD,65535,255,1027.7672119140625
1788854161.088017,2026-09-08T07:56:01.088016Z,8259,70,CTD,65535,255,1027.7684326171875
1788854161.2875369,2026-09-08T07:56:01.287536Z,8259,70,CTD,65535,255,1027.77001953125
1788854161.4870977,2026-09-08T07:56:01.487097Z,8259,70,CTD,65535,255,1027.765625
1788854161.6865358,2026-09-08T07:56:01.686535Z,8259,70,CTD,65535,255,1027.76953125
1788854161.8861742,2026-09-08T07:56:01.886174Z,8259,70,CTD,65535,255,1027.7686767578125
1788854162.0861104,2026-09-08T07:56:02.086110Z,8259,70,CTD,65535,255,1027.7642822265625
1788854162.2853494,2026-09-08T07:56:02.285349Z,8259,70,CTD,65535,255,1027.7633056640625
1788854162.4847703,2026-09-08T07:56:02.484770Z,8259,70,CTD,65535,255,1027.7667236328125
1788854162.6844213,2026-09-08T07:56:02.684421Z,8259,70,CTD,65535,255,1027.7645263671875
1788854162.884094,2026-09-08T07:56:02.884094Z,8259,70,CTD,65535,255,1027.767822265625
1788854163.084252,2026-09-08T07:56:03.084252Z,8259,70,CTD,65535,255,1027.765380859375
1788854163.2835906,2026-09-08T07:56:03.283590Z,8259,70,CTD,65535,255,1027.761474609375
1788854163.4831004,2026-09-08T07:56:03.483100Z,8259,70,CTD,65535,255,1027.7666015625
1788854163.6830044,2026-09-08T07:56:03.683004Z,8259,70,CTD,65535,255,1027.7642822265625
1788854163.882706,2026-09-08T07:56:03.882705Z,8259,70,CTD,65535,255,1027.765625
1788854164.0829837,2026-09-08T07:56:04.082983Z,8259,70,CTD,65535,255,1027.761962890625
1788854164.282444,2026-09-08T07:56:04.282444Z,8259,70,CTD,65535,255,1027.7711181640625
1788854164.4823546,2026-09-08T07:56:04.482354Z,8259,70,CTD,65535,255,1027.7677001953125
1788854164.682241,2026-09-08T07:56:04.682240Z,8259,70,CTD,65535,255,1027.75927734375
1788854164.8820956,2026-09-08T07:56:04.882095Z,8259,70,CTD,65535,255,1027.76513671875
1788854165.0824053,2026-09-08T07:56:05.082405Z,8259,70,CTD,65535,255,1027.76220703125
1788854165.2820215,2026-09-08T07:56:05.282021Z,8259,70,CTD,65535,255,1027.76904296875
1788854165.481936,2026-09-08T07:56:05.481935Z,8259,70,CTD,65535,255,1027.7618408203125
1788854165.6819358,2026-09-08T07:56:05.681935Z,8259,70,CTD,65535,255,1027.7633056640625
1788854165.8819754,2026-09-08T07:56:05.881975Z,8259,70,CTD,65535,255,1027.7694091796875
1788854166.082038,2026-09-08T07:56:06.082037Z,8259,70,CTD,65535,255,1027.7677001953125
1788854166.2818582,2026-09-08T07:56:06.281858Z,8259,70,CTD,65535,255,1027.775390625
1788854166.4818635,2026-09-08T07:56:06.481863Z,8259,70,CTD,65535,255,1027.779296875
1788854166.6819272,2026-09-08T07:56:06.681927Z,8259,70,CTD,65535,255,1027.7750244140625
1788854166.8818393,2026-09-08T07:56:06.881839Z,8259,70,CTD,65535,255,1027.7744140625
1788854167.082063,2026-09-08T07:56:07.082062Z,8259,70,CTD,65535,255,1027.78173828125
1788854167.2819462,2026-09-08T07:56:07.281946Z,8259,70,CTD,65535,255,1027.775634765625
1788854167.4820452,2026-09-08T07:56:07.482045Z,8259,70,CTD,65535,255,1027.776123046875
1788854167.6821198,2026-09-08T07:56:07.682119Z,8259,70,CTD,65535,255,1027.7742919921875
1788854167.881971,2026-09-08T07:56:07.881970Z,8259,70,CTD,65535,255,1027.773681640625
1788854168.0823145,2026-09-08T07:56:08.082314Z,8259,70,CTD,65535,255,1027.774658203125
1788854168.2822328,2026-09-08T07:56:08.282232Z,8259,70,CTD,65535,255,1027.77783203125
1788854168.4821546,2026-09-08T07:56:08.482154Z,8259,70,CTD,65535,255,1027.7694091796875
1788854168.6821027,2026-09-08T07:56:08.682102Z,8259,70,CTD,65535,255,1027.7755126953125
1788854168.8820813,2026-09-08T07:56:08.882081Z,8259,70,CTD,65535,255,1027.77490234375
1788854169.0824811,2026-09-08T07:56:09.082481Z,8259,70,CTD,65535,255,1027.7701416015625
1788854169.282134,2026-09-08T07:56:09.282134Z,8259,70,CTD,65535,255,1027.76953125
1788854169.4821784,2026-09-08T07:56:09.482178Z,8259,70,CTD,65535,255,1027.77197265625
1788854169.6820393,2026-09-08T07:56:09.682039Z,8259,70,CTD,65535,255,1027.772216796875
1788854169.8823228,2026-09-08T07:56:09.882322Z,8259,70,CTD,65535,255,1027.7711181640625
1788854170.082539,2026-09-08T07:56:10.082539Z,8259,70,CTD,65535,255,1027.7730712890625
1788854170.282234,2026-09-08T07:56:10.282233Z,8259,70,CTD,65535,255,1027.7740478515625
1788854170.4823165,2026-09-08T07:56:10.482316Z,8259,70,CTD,65535,255,1027.77490234375
1788854170.6822433,2026-09-08T07:56:10.682243Z,8259,70,CTD,65535,255,1027.771484375
1788854170.8821723,2026-09-08T07:56:10.882172Z,8259,70,CTD,65535,255,1027.7728271484375
1788854171.0824032,2026-09-08T07:56:11.082403Z,8259,70,CTD,65535,255,1027.77978515625
1788854171.2822282,2026-09-08T07:56:11.282228Z,8259,70,CTD,65535,255,1027.7725830078125
1788854171.482238,2026-09-08T07:56:11.482238Z,8259,70,CTD,65535,255,1027.76708984375
1788854171.6821012,2026-09-08T07:56:11.682101Z,8259,70,CTD,65535,255,1027.769775390625
1788854171.8821843,2026-09-08T07:56:11.882184Z,8259,70,CTD,65535,255,1027.7705078125
1788854172.082651,2026-09-08T07:56:12.082650Z,8259,70,CTD,65535,255,1027.76806640625
1788854172.282353,2026-09-08T07:56:12.282352Z,8259,70,CTD,65535,255,1027.7681884765625
1788854172.4821534,2026-09-08T07:56:12.482153Z,8259,70,CTD,65535,255,1027.767578125
1788854172.6821837,2026-09-08T07:56:12.682183Z,8259,70,CTD,65535,255,1027.7713623046875
1788854172.8821483,2026-09-08T07:56:12.882148Z,8259,70,CTD,65535,255,1027.7685546875
1788854173.0823898,2026-09-08T07:56:13.082389Z,8259,70,CTD,65535,255,1027.76708984375
1788854173.2821956,2026-09-08T07:56:13.282195Z,8259,70,CTD,65535,255,1027.7694091796875
1788854173.4823976,2026-09-08T07:56:13.482397Z,8259,70,CTD,65535,255,1027.7718505859375
1788854173.6820843,2026-09-08T07:56:13.682084Z,8259,70,CTD,65535,255,1027.7694091796875
1788854173.882191,2026-09-08T07:56:13.882190Z,8259,70,CTD,65535,255,1027.7705078125
1788854174.082541,2026-09-08T07:56:14.082540Z,8259,70,CTD,65535,255,1027.770263671875
1788854174.2821972,2026-09-08T07:56:14.282197Z,8259,70,CTD,65535,255,1027.7657470703125
1788854174.4821744,2026-09-08T07:56:14.482174Z,8259,70,CTD,65535,255,1027.7686767578125
1788854174.6822665,2026-09-08T07:56:14.682266Z,8259,70,CTD,65535,255,1027.7703857421875
1788854174.8820992,2026-09-08T07:56:14.882099Z,8259,70,CTD,65535,255,1027.765380859375
1788854175.0822508,2026-09-08T07:56:15.082250Z,8259,70,CTD,65535,255,1027.7635498046875
1788854175.282183,2026-09-08T07:56:15.282182Z,8259,70,CTD,65535,255,1027.767578125
1788854175.482147,2026-09-08T07:56:15.482146Z,8259,70,CTD,65535,255,1027.7650146484375
1788854175.6820757,2026-09-08T07:56:15.682075Z,8259,70,CTD,65535,255,1027.7642822265625
1788854175.8822727,2026-09-08T07:56:15.882272Z,8259,70,CTD,65535,255,1027.768310546875
1788854176.0825143,2026-09-08T07:56:16.082514Z,8259,70,CTD,65535,255,1027.7689208984375
1788854176.2824407,2026-09-08T07:56:16.282440Z,8259,70,CTD,65535,255,1027.7689208984375
1788854176.4823575,2026-09-08T07:56:16.482357Z,8259,70,CTD,65535,255,1027.768310546875
1788854176.6825292,2026-09-08T07:56:16.682529Z,8259,70,CTD,65535,255,1027.769287109375
1788854176.8825154,2026-09-08T07:56:16.882515Z,8259,70,CTD,65535,255,1027.768798828125
1788854177.0828962,2026-09-08T07:56:17.082896Z,8259,70,CTD,65535,255,1027.7664794921875
1788854177.2828786,2026-09-08T07:56:17.282878Z,8259,70,CTD,65535,255,1027.7674560546875
1788854177.4830687,2026-09-08T07:56:17.483068Z,8259,70,CTD,65535,255,1027.7691650390625
1788854177.682893,2026-09-08T07:56:17.682893Z,8259,70,CTD,65535,255,1027.7646484375
1788854177.8827302,2026-09-08T07:56:17.882730Z,8259,70,CTD,65535,255,1027.7662353515625
1788854178.083152,2026-09-08T07:56:18.083152Z,8259,70,CTD,65535,255,1027.7650146484375
1788854178.282837,2026-09-08T07:56:18.282836Z,8259,70,CTD,65535,255,1027.7630615234375
1788854178.4826722,2026-09-08T07:56:18.482672Z,8259,70,CTD,65535,255,1027.7669677734375
1788854178.6825833,2026-09-08T07:56:18.682583Z,8259,70,CTD,65535,255,1027.764404296875
1788854178.8823304,2026-09-08T07:56:18.882330Z,8259,70,CTD,65535,255,1027.7645263671875
1788854179.0825844,2026-09-08T07:56:19.082584Z,8259,70,CTD,65535,255,1027.7646484375
1788854179.2822173,2026-09-08T07:56:19.282217Z,8259,70,CTD,65535,255,1027.76513671875
1788854179.4822376,2026-09-08T07:56:19.482237Z,8259,70,CTD,65535,255,1027.76513671875
1788854179.6821177,2026-09-08T07:56:19.682117Z,8259,70,CTD,65535,255,1027.7655029296875
1788854179.8820088,2026-09-08T07:56:19.882008Z,8259,70,CTD,65535,255,1027.7628173828125
1788854180.082143,2026-09-08T07:56:20.082143Z,8259,70,CTD,65535,255,1027.764892578125
1788854180.2819278,2026-09-08T07:56:20.281927Z,8259,70,CTD,65535,255,1027.7637939453125
1788854180.4819636,2026-09-08T07:56:20.481963Z,8259,70,CTD,65535,255,1027.764404296875
1788854180.6818266,2026-09-08T07:56:20.681826Z,8259,70,CTD,65535,255,1027.763671875
1788854180.8819766,2026-09-08T07:56:20.881976Z,8259,70,CTD,65535,255,1027.761474609375
1788854181.0822818,2026-09-08T07:56:21.082281Z,8259,70,CTD,65535,255,1027.7640380859375
1788854181.2821062,2026-09-08T07:56:21.282106Z,8259,70,CTD,65535,255,1027.76123046875
1788854181.4820378,2026-09-08T07:56:21.482037Z,8259,70,CTD,65535,255,1027.763916015625
1788854181.6820953,2026-09-08T07:56:21.682095Z,8259,70,CTD,65535,255,1027.7625732421875
1788854181.882333,2026-09-08T07:56:21.882333Z,8259,70,CTD,65535,255,1027.759765625
1788854182.0825896,2026-09-08T07:56:22.082589Z,8259,70,CTD,65535,255,1027.7606201171875
1788854182.2826111,2026-09-08T07:56:22.282611Z,8259,70,CTD,65535,255,1027.7591552734375
1788854182.4827747,2026-09-08T07:56:22.482774Z,8259,70,CTD,65535,255,1027.760009765625
1788854182.682765,2026-09-08T07:56:22.682765Z,8259,70,CTD,65535,255,1027.7633056640625
1788854182.8825727,2026-09-08T07:56:22.882572Z,8259,70,CTD,65535,255,1027.7608642578125
1788854183.082717,2026-09-08T07:56:23.082716Z,8259,70,CTD,65535,255,1027.760498046875
1788854183.2825186,2026-09-08T07:56:23.282518Z,8259,70,CTD,65535,255,1027.76220703125
1788854183.482448,2026-09-08T07:56:23.482448Z,8259,70,CTD,65535,255,1027.760498046875
1788854183.682389,2026-09-08T07:56:23.682389Z,8259,70,CTD,65535,255,1027.7586669921875
1788854183.8822567,2026-09-08T07:56:23.882256Z,8259,70,CTD,65535,255,1027.7601318359375
1788854184.0830848,2026-09-08T07:56:24.083084Z,8259,70,CTD,65535,255,1027.759033203125
1788854184.2821593,2026-09-08T07:56:24.282159Z,8259,70,CTD,65535,255,1027.7574462890625
1788854184.481949,2026-09-08T07:56:24.481949Z,8259,70,CTD,65535,255,1027.7568359375
1788854184.6820052,2026-09-08T07:56:24.682005Z,8259,70,CTD,65535,255,1027.760498046875
1788854184.8819103,2026-09-08T07:56:24.881910Z,8259,70,CTD,65535,255,1027.7591552734375
1788854185.0822577,2026-09-08T07:56:25.082257Z,8259,70,CTD,65535,255,1027.7608642578125
1788854185.2819233,2026-09-08T07:56:25.281923Z,8259,70,CTD,65535,255,1027.7572021484375
1788854185.48183,2026-09-08T07:56:25.481829Z,8259,70,CTD,65535,255,1027.7567138671875
1788854185.681725,2026-09-08T07:56:25.681725Z,8259,70,CTD,65535,255,1027.756103515625
1788854185.8819463,2026-09-08T07:56:25.881946Z,8259,70,CTD,65535,255,1027.7562255859375
1788854186.0820951,2026-09-08T07:56:26.082095Z,8259,70,CTD,65535,255,1027.7557373046875
1788854186.2818766,2026-09-08T07:56:26.281876Z,8259,70,CTD,65535,255,1027.755859375
1788854186.4818096,2026-09-08T07:56:26.481809Z,8259,70,CTD,65535,255,1027.75244140625
1788854186.6817453,2026-09-08T07:56:26.681745Z,8259,70,CTD,65535,255,1027.7489013671875
1788854186.881815,2026-09-08T07:56:26.881814Z,8259,70,CTD,65535,255,1027.751220703125
1788854187.082161,2026-09-08T07:56:27.082160Z,8259,70,CTD,65535,255,1027.7489013671875
1788854187.2819269,2026-09-08T07:56:27.281926Z,8259,70,CTD,65535,255,1027.7503662109375
1788854187.4819086,2026-09-08T07:56:27.481908Z,8259,70,CTD,65535,255,1027.7469482421875
1788854187.6818233,2026-09-08T07:56:27.681823Z,8259,70,CTD,65535,255,1027.749267578125
1788854187.8818429,2026-09-08T07:56:27.881842Z,8259,70,CTD,65535,255,1027.749267578125
1788854188.0820668,2026-09-08T07:56:28.082066Z,8259,70,CTD,65535,255,1027.750244140625
1788854188.2819517,2026-09-08T07:56:28.281951Z,8259,70,CTD,65535,255,1027.7470703125
1788854188.4819398,2026-09-08T07:56:28.481939Z,8259,70,CTD,65535,255,1027.75
1788854188.6818664,2026-09-08T07:56:28.681866Z,8259,70,CTD,65535,255,1027.7542724609375
1788854188.8817554,2026-09-08T07:56:28.881755Z,8259,70,CTD,65535,255,1027.750244140625
1788854189.0821857,2026-09-08T07:56:29.082185Z,8259,70,CTD,65535,255,1027.746337890625
1788854189.2820137,2026-09-08T07:56:29.282013Z,8259,70,CTD,65535,255,1027.74658203125
1788854189.4820206,2026-09-08T07:56:29.482020Z,8259,70,CTD,65535,255,1027.7437744140625
1788854189.6819446,2026-09-08T07:56:29.681944Z,8259,70,CTD,65535,255,1027.75244140625
1788854189.8817847,2026-09-08T07:56:29.881784Z,8259,70,CTD,65535,255,1027.755859375
1788854190.0821717,2026-09-08T07:56:30.082171Z,8259,70,CTD,65535,255,1027.7493896484375
1788854190.2819674,2026-09-08T07:56:30.281967Z,8259,70,CTD,65535,255,1027.74755859375
1788854190.4818325,2026-09-08T07:56:30.481832Z,8259,70,CTD,65535,255,1027.7503662109375
1788854190.6817834,2026-09-08T07:56:30.681783Z,8259,70,CTD,65535,255,1027.749755859375
1788854190.8819036,2026-09-08T07:56:30.881903Z,8259,70,CTD,65535,255,1027.7501220703125
1788854191.0823185,2026-09-08T07:56:31.082318Z,8259,70,CTD,65535,255,1027.751953125
1788854191.2818687,2026-09-08T07:56:31.281868Z,8259,70,CTD,65535,255,1027.7518310546875
1788854191.4819036,2026-09-08T07:56:31.481903Z,8259,70,CTD,65535,255,1027.75
1788854191.6816332,2026-09-08T07:56:31.681633Z,8259,70,CTD,65535,255,1027.755859375
1788854191.8811817,2026-09-08T07:56:31.881181Z,8259,70,CTD,65535,255,1027.7513427734375
1788854192.0809698,2026-09-08T07:56:32.080969Z,8259,70,CTD,65535,255,1027.75048828125
1788854192.2805223,2026-09-08T07:56:32.280522Z,8259,70,CTD,65535,255,1027.7493896484375
1788854192.4798129,2026-09-08T07:56:32.479812Z,8259,70,CTD,65535,255,1027.7567138671875
1788854192.6785421,2026-09-08T07:56:32.678542Z,8259,70,CTD,65535,255,1027.7540283203125
1788854192.8768625,2026-09-08T07:56:32.876862Z,8259,70,CTD,65535,255,1027.7530517578125
1788854193.0754023,2026-09-08T07:56:33.075402Z,8259,70,CTD,65535,255,1027.75048828125
1788854193.2739396,2026-09-08T07:56:33.273939Z,8259,70,CTD,65535,255,1027.753662109375
1788854193.4722078,2026-09-08T07:56:33.472207Z,8259,70,CTD,65535,255,1027.7562255859375
1788854193.670861,2026-09-08T07:56:33.670861Z,8259,70,CTD,65535,255,1027.7547607421875
1788854193.870274,2026-09-08T07:56:33.870274Z,8259,70,CTD,65535,255,1027.7525634765625
1788854194.069541,2026-09-08T07:56:34.069540Z,8259,70,CTD,65535,255,1027.7525634765625
1788854194.2685585,2026-09-08T07:56:34.268558Z,8259,70,CTD,65535,255,1027.759033203125
1788854194.4676313,2026-09-08T07:56:34.467631Z,8259,70,CTD,65535,255,1027.755859375
1788854194.667065,2026-09-08T07:56:34.667064Z,8259,70,CTD,65535,255,1027.7547607421875
1788854194.867261,2026-09-08T07:56:34.867260Z,8259,70,CTD,65535,255,1027.751953125
1788854195.067577,2026-09-08T07:56:35.067576Z,8259,70,CTD,65535,255,1027.755859375
1788854195.2669806,2026-09-08T07:56:35.266980Z,8259,70,CTD,65535,255,1027.758544921875
1788854195.4668696,2026-09-08T07:56:35.466869Z,8259,70,CTD,65535,255,1027.7525634765625
1788854195.6670892,2026-09-08T07:56:35.667089Z,8259,70,CTD,65535,255,1027.753662109375
1788854195.8674064,2026-09-08T07:56:35.867406Z,8259,70,CTD,65535,255,1027.757568359375
1788854196.068151,2026-09-08T07:56:36.068150Z,8259,70,CTD,65535,255,1027.7608642578125
1788854196.2684186,2026-09-08T07:56:36.268418Z,8259,70,CTD,65535,255,1027.75732421875
1788854196.4684734,2026-09-08T07:56:36.468473Z,8259,70,CTD,65535,255,1027.756103515625
1788854196.669061,2026-09-08T07:56:36.669060Z,8259,70,CTD,65535,255,1027.7578125
1788854196.869165,2026-09-08T07:56:36.869164Z,8259,70,CTD,65535,255,1027.758056640625
1788854197.0699449,2026-09-08T07:56:37.069944Z,8259,70,CTD,65535,255,1027.760498046875
1788854197.270279,2026-09-08T07:56:37.270278Z,8259,70,CTD,65535,255,1027.76123046875
1788854197.4704423,2026-09-08T07:56:37.470442Z,8259,70,CTD,65535,255,1027.7567138671875
1788854197.6709805,2026-09-08T07:56:37.670980Z,8259,70,CTD,65535,255,1027.753662109375
1788854197.8709652,2026-09-08T07:56:37.870965Z,8259,70,CTD,65535,255,1027.7579345703125
1788854198.0717192,2026-09-08T07:56:38.071719Z,8259,70,CTD,65535,255,1027.7593994140625
1788854198.2716405,2026-09-08T07:56:38.271640Z,8259,70,CTD,65535,255,1027.7579345703125
1788854198.4721377,2026-09-08T07:56:38.472137Z,8259,70,CTD,65535,255,1027.7532958984375
1788854198.6720507,2026-09-08T07:56:38.672050Z,8259,70,CTD,65535,255,1027.755859375
1788854198.8722267,2026-09-08T07:56:38.872226Z,8259,70,CTD,65535,255,1027.760009765625
1788854199.0726697,2026-09-08T07:56:39.072669Z,8259,70,CTD,65535,255,1027.7569580078125
1788854199.27256,2026-09-08T07:56:39.272559Z,8259,70,CTD,65535,255,1027.753662109375
1788854199.4729416,2026-09-08T07:56:39.472941Z,8259,70,CTD,65535,255,1027.7598876953125
1788854199.6727746,2026-09-08T07:56:39.672774Z,8259,70,CTD,65535,255,1027.76171875
1788854199.8727603,2026-09-08T07:56:39.872760Z,8259,70,CTD,65535,255,1027.7547607421875
1788854200.0731022,2026-09-08T07:56:40.073102Z,8259,70,CTD,65535,255,1027.7606201171875
1788854200.273268,2026-09-08T07:56:40.273267Z,8259,70,CTD,65535,255,1027.7615966796875
1788854200.4732003,2026-09-08T07:56:40.473200Z,8259,70,CTD,65535,255,1027.758056640625
1788854200.6729445,2026-09-08T07:56:40.672944Z,8259,70,CTD,65535,255,1027.7579345703125
1788854200.8729842,2026-09-08T07:56:40.872984Z,8259,70,CTD,65535,255,1027.763427734375
1788854201.0735903,2026-09-08T07:56:41.073590Z,8259,70,CTD,65535,255,1027.760498046875
1788854201.27346,2026-09-08T07:56:41.273459Z,8259,70,CTD,65535,255,1027.7635498046875
1788854201.4735358,2026-09-08T07:56:41.473535Z,8259,70,CTD,65535,255,1027.7591552734375
1788854201.67348,2026-09-08T07:56:41.673480Z,8259,70,CTD,65535,255,1027.7618408203125
1788854201.8734741,2026-09-08T07:56:41.873474Z,8259,70,CTD,65535,255,1027.762939453125
1788854202.0741909,2026-09-08T07:56:42.074190Z,8259,70,CTD,65535,255,1027.7655029296875
1788854202.273846,2026-09-08T07:56:42.273845Z,8259,70,CTD,65535,255,1027.76123046875
1788854202.4741917,2026-09-08T07:56:42.474191Z,8259,70,CTD,65535,255,1027.7637939453125
1788854202.674065,2026-09-08T07:56:42.674065Z,8259,70,CTD,65535,255,1027.7587890625
1788854202.8743355,2026-09-08T07:56:42.874335Z,8259,70,CTD,65535,255,1027.7598876953125
1788854203.0746276,2026-09-08T07:56:43.074627Z,8259,70,CTD,65535,255,1027.760986328125
1788854203.274287,2026-09-08T07:56:43.274286Z,8259,70,CTD,65535,255,1027.7659912109375
1788854203.4744008,2026-09-08T07:56:43.474400Z,8259,70,CTD,65535,255,1027.76318359375
1788854203.6745918,2026-09-08T07:56:43.674591Z,8259,70,CTD,65535,255,1027.7596435546875
1788854203.8742182,2026-09-08T07:56:43.874218Z,8259,70,CTD,65535,255,1027.76318359375
1788854204.0745103,2026-09-08T07:56:44.074510Z,8259,70,CTD,65535,255,1027.763427734375
1788854204.2741497,2026-09-08T07:56:44.274149Z,8259,70,CTD,65535,255,1027.759765625
1788854204.4743173,2026-09-08T07:56:44.474317Z,8259,70,CTD,65535,255,1027.761474609375
1788854204.6738894,2026-09-08T07:56:44.673889Z,8259,70,CTD,65535,255,1027.765380859375
1788854204.8736544,2026-09-08T07:56:44.873654Z,8259,70,CTD,65535,255,1027.76220703125
1788854205.073891,2026-09-08T07:56:45.073890Z,8259,70,CTD,65535,255,1027.762451171875
1788854205.2736628,2026-09-08T07:56:45.273662Z,8259,70,CTD,65535,255,1027.7596435546875
1788854205.4731507,2026-09-08T07:56:45.473150Z,8259,70,CTD,65535,255,1027.7625732421875
1788854205.6735668,2026-09-08T07:56:45.673566Z,8259,70,CTD,65535,255,1027.76025390625
1788854205.8738492,2026-09-08T07:56:45.873849Z,8259,70,CTD,65535,255,1027.760498046875
1788854206.0746782,2026-09-08T07:56:46.074678Z,8259,70,CTD,65535,255,1027.7608642578125
1788854206.2751822,2026-09-08T07:56:46.275182Z,8259,70,CTD,65535,255,1027.7607421875
1788854206.47541,2026-09-08T07:56:46.475409Z,8259,70,CTD,65535,255,1027.7630615234375
1788854206.676631,2026-09-08T07:56:46.676630Z,8259,70,CTD,65535,255,1027.7642822265625
1788854206.878674,2026-09-08T07:56:46.878674Z,8259,70,CTD,65535,255,1027.7628173828125
1788854207.0805314,2026-09-08T07:56:47.080531Z,8259,70,CTD,65535,255,1027.7642822265625
1788854207.2820542,2026-09-08T07:56:47.282054Z,8259,70,CTD,65535,255,1027.7613525390625
1788854207.4838195,2026-09-08T07:56:47.483819Z,8259,70,CTD,65535,255,1027.76123046875
1788854207.6849947,2026-09-08T07:56:47.684994Z,8259,70,CTD,65535,255,1027.7618408203125
1788854207.8858485,2026-09-08T07:56:47.885848Z,8259,70,CTD,65535,255,1027.7623291015625
1788854208.0870197,2026-09-08T07:56:48.087019Z,8259,70,CTD,65535,255,1027.7581787109375
1788854208.287782,2026-09-08T07:56:48.287781Z,8259,70,CTD,65535,255,1027.7589111328125
1788854208.4887724,2026-09-08T07:56:48.488772Z,8259,70,CTD,65535,255,1027.7626953125
1788854208.6890874,2026-09-08T07:56:48.689087Z,8259,70,CTD,65535,255,1027.761962890625
1788854208.889109,2026-09-08T07:56:48.889108Z,8259,70,CTD,65535,255,1027.76220703125
1788854209.0894706,2026-09-08T07:56:49.089470Z,8259,70,CTD,65535,255,1027.76416015625
1788854209.289322,2026-09-08T07:56:49.289321Z,8259,70,CTD,65535,255,1027.76025390625
1788854209.4892309,2026-09-08T07:56:49.489230Z,8259,70,CTD,65535,255,1027.7657470703125
1788854209.6890075,2026-09-08T07:56:49.689007Z,8259,70,CTD,65535,255,1027.764892578125
1788854209.8886423,2026-09-08T07:56:49.888642Z,8259,70,CTD,65535,255,1027.7613525390625
1788854210.088553,2026-09-08T07:56:50.088552Z,8259,70,CTD,65535,255,1027.765625
1788854210.2880065,2026-09-08T07:56:50.288006Z,8259,70,CTD,65535,255,1027.7598876953125
1788854210.4876778,2026-09-08T07:56:50.487677Z,8259,70,CTD,65535,255,1027.7659912109375
1788854210.6873913,2026-09-08T07:56:50.687391Z,8259,70,CTD,65535,255,1027.7659912109375
1788854210.8870652,2026-09-08T07:56:50.887065Z,8259,70,CTD,65535,255,1027.7607421875
1788854211.0870798,2026-09-08T07:56:51.087079Z,8259,70,CTD,65535,255,1027.76513671875
1788854211.2864614,2026-09-08T07:56:51.286461Z,8259,70,CTD,65535,255,1027.763427734375
1788854211.4861352,2026-09-08T07:56:51.486135Z,8259,70,CTD,65535,255,1027.7630615234375
1788854211.6858122,2026-09-08T07:56:51.685812Z,8259,70,CTD,65535,255,1027.7652587890625
1788854211.885313,2026-09-08T07:56:51.885313Z,8259,70,CTD,65535,255,1027.764892578125
1788854212.0852458,2026-09-08T07:56:52.085245Z,8259,70,CTD,65535,255,1027.76611328125
1788854212.2846303,2026-09-08T07:56:52.284630Z,8259,70,CTD,65535,255,1027.7662353515625
1788854212.4841623,2026-09-08T07:56:52.484162Z,8259,70,CTD,65535,255,1027.7662353515625
1788854212.6836922,2026-09-08T07:56:52.683692Z,8259,70,CTD,65535,255,1027.7628173828125
1788854212.8834188,2026-09-08T07:56:52.883418Z,8259,70,CTD,65535,255,1027.7637939453125
1788854213.0833776,2026-09-08T07:56:53.083377Z,8259,70,CTD,65535,255,1027.7655029296875
1788854213.2830336,2026-09-08T07:56:53.283033Z,8259,70,CTD,65535,255,1027.7659912109375
1788854213.4827518,2026-09-08T07:56:53.482751Z,8259,70,CTD,65535,255,1027.763427734375
1788854213.6824698,2026-09-08T07:56:53.682469Z,8259,70,CTD,65535,255,1027.7645263671875
1788854213.8823202,2026-09-08T07:56:53.882320Z,8259,70,CTD,65535,255,1027.763916015625
1788854214.0829527,2026-09-08T07:56:54.082952Z,8259,70,CTD,65535,255,1027.7642822265625
1788854214.2822192,2026-09-08T07:56:54.282219Z,8259,70,CTD,65535,255,1027.76220703125
1788854214.4831803,2026-09-08T07:56:54.483180Z,8259,70,CTD,65535,255,1027.7652587890625
1788854214.6819797,2026-09-08T07:56:54.681979Z,8259,70,CTD,65535,255,1027.7652587890625
1788854214.8818703,2026-09-08T07:56:54.881870Z,8259,70,CTD,65535,255,1027.765380859375
1788854215.0823576,2026-09-08T07:56:55.082357Z,8259,70,CTD,65535,255,1027.7637939453125
1788854215.2820368,2026-09-08T07:56:55.282036Z,8259,70,CTD,65535,255,1027.7630615234375
1788854215.4821146,2026-09-08T07:56:55.482114Z,8259,70,CTD,65535,255,1027.7650146484375
1788854215.6820157,2026-09-08T07:56:55.682015Z,8259,70,CTD,65535,255,1027.76416015625
1788854215.8820958,2026-09-08T07:56:55.882095Z,8259,70,CTD,65535,255,1027.76513671875
1788854216.0824668,2026-09-08T07:56:56.082466Z,8259,70,CTD,65535,255,1027.7628173828125
1788854216.2822177,2026-09-08T07:56:56.282217Z,8259,70,CTD,65535,255,1027.7628173828125
1788854216.48218,2026-09-08T07:56:56.482180Z,8259,70,CTD,65535,255,1027.7647705078125
1788854216.6822667,2026-09-08T07:56:56.682266Z,8259,70,CTD,65535,255,1027.764404296875
1788854216.8822334,2026-09-08T07:56:56.882233Z,8259,70,CTD,65535,255,1027.7635498046875
1788854217.0826797,2026-09-08T07:56:57.082679Z,8259,70,CTD,65535,255,1027.7650146484375
1788854217.2823632,2026-09-08T07:56:57.282363Z,8259,70,CTD,65535,255,1027.7633056640625
1788854217.4824193,2026-09-08T07:56:57.482419Z,8259,70,CTD,65535,255,1027.7611083984375
1788854217.682386,2026-09-08T07:56:57.682385Z,8259,70,CTD,65535,255,1027.7620849609375
1788854217.8823576,2026-09-08T07:56:57.882357Z,8259,70,CTD,65535,255,1027.762939453125
1788854218.082652,2026-09-08T07:56:58.082652Z,8259,70,CTD,65535,255,1027.760498046875
1788854218.2824678,2026-09-08T07:56:58.282467Z,8259,70,CTD,65535,255,1027.765625
1788854218.482531,2026-09-08T07:56:58.482531Z,8259,70,CTD,65535,255,1027.7625732421875
1788854218.682498,2026-09-08T07:56:58.682497Z,8259,70,CTD,65535,255,1027.75927734375
1788854218.8826287,2026-09-08T07:56:58.882628Z,8259,70,CTD,65535,255,1027.761962890625
1788854219.0830073,2026-09-08T07:56:59.083007Z,8259,70,CTD,65535,255,1027.7606201171875
1788854219.2826133,2026-09-08T07:56:59.282613Z,8259,70,CTD,65535,255,1027.764404296875
1788854219.4826317,2026-09-08T07:56:59.482631Z,8259,70,CTD,65535,255,1027.760498046875
1788854219.6825569,2026-09-08T07:56:59.682556Z,8259,70,CTD,65535,255,1027.7607421875
1788854219.8826554,2026-09-08T07:56:59.882655Z,8259,70,CTD,65535,255,1027.7603759765625
1788854220.0828986,2026-09-08T07:57:00.082898Z,8259,70,CTD,65535,255,1027.7611083984375
1788854220.2826853,2026-09-08T07:57:00.282685Z,8259,70,CTD,65535,255,1027.758056640625
1788854220.482574,2026-09-08T07:57:00.482573Z,8259,70,CTD,65535,255,1027.7567138671875
1788854220.6824586,2026-09-08T07:57:00.682458Z,8259,70,CTD,65535,255,1027.759521484375
1788854220.8821206,2026-09-08T07:57:00.882120Z,8259,70,CTD,65535,255,1027.7606201171875
1788854221.0820944,2026-09-08T07:57:01.082094Z,8259,70,CTD,65535,255,1027.75927734375
1788854221.2814078,2026-09-08T07:57:01.281407Z,8259,70,CTD,65535,255,1027.75927734375
1788854221.4811184,2026-09-08T07:57:01.481118Z,8259,70,CTD,65535,255,1027.76025390625
1788854221.6802301,2026-09-08T07:57:01.680230Z,8259,70,CTD,65535,255,1027.7593994140625
1788854221.879003,2026-09-08T07:57:01.879003Z,8259,70,CTD,65535,255,1027.7615966796875
1788854222.0781808,2026-09-08T07:57:02.078180Z,8259,70,CTD,65535,255,1027.7576904296875
1788854222.277019,2026-09-08T07:57:02.277019Z,8259,70,CTD,65535,255,1027.7578125
1788854222.4756024,2026-09-08T07:57:02.475602Z,8259,70,CTD,65535,255,1027.7589111328125
1788854222.6746986,2026-09-08T07:57:02.674698Z,8259,70,CTD,65535,255,1027.759521484375
1788854222.8740726,2026-09-08T07:57:02.874072Z,8259,70,CTD,65535,255,1027.76025390625
1788854223.0736773,2026-09-08T07:57:03.073677Z,8259,70,CTD,65535,255,1027.761474609375
1788854223.2729676,2026-09-08T07:57:03.272967Z,8259,70,CTD,65535,255,1027.760009765625
1788854223.4725862,2026-09-08T07:57:03.472586Z,8259,70,CTD,65535,255,1027.7607421875
1788854223.6719568,2026-09-08T07:57:03.671956Z,8259,70,CTD,65535,255,1027.7564697265625
1788854223.8719213,2026-09-08T07:57:03.871921Z,8259,70,CTD,65535,255,1027.7630615234375
1788854224.0722568,2026-09-08T07:57:04.072256Z,8259,70,CTD,65535,255,1027.762451171875
1788854224.271914,2026-09-08T07:57:04.271914Z,8259,70,CTD,65535,255,1027.762939453125
1788854224.4718919,2026-09-08T07:57:04.471891Z,8259,70,CTD,65535,255,1027.7630615234375
1788854224.6722145,2026-09-08T07:57:04.672214Z,8259,70,CTD,65535,255,1027.7647705078125
1788854224.872221,2026-09-08T07:57:04.872220Z,8259,70,CTD,65535,255,1027.761474609375
1788854225.0729883,2026-09-08T07:57:05.072988Z,8259,70,CTD,65535,255,1027.7625732421875
1788854225.2730362,2026-09-08T07:57:05.273036Z,8259,70,CTD,65535,255,1027.766845703125
1788854225.473243,2026-09-08T07:57:05.473242Z,8259,70,CTD,65535,255,1027.7674560546875
1788854225.6735246,2026-09-08T07:57:05.673524Z,8259,70,CTD,65535,255,1027.7640380859375
1788854225.873726,2026-09-08T07:57:05.873725Z,8259,70,CTD,65535,255,1027.7623291015625
1788854226.074372,2026-09-08T07:57:06.074372Z,8259,70,CTD,65535,255,1027.763671875
1788854226.2741127,2026-09-08T07:57:06.274112Z,8259,70,CTD,65535,255,1027.76220703125
1788854226.4743714,2026-09-08T07:57:06.474371Z,8259,70,CTD,65535,255,1027.76318359375
1788854226.6745737,2026-09-08T07:57:06.674573Z,8259,70,CTD,65535,255,1027.764892578125
1788854226.8751812,2026-09-08T07:57:06.875181Z,8259,70,CTD,65535,255,1027.76611328125
1788854227.075349,2026-09-08T07:57:07.075349Z,8259,70,CTD,65535,255,1027.7628173828125
1788854227.2754712,2026-09-08T07:57:07.275471Z,8259,70,CTD,65535,255,1027.7647705078125
1788854227.4754934,2026-09-08T07:57:07.475493Z,8259,70,CTD,65535,255,1027.7655029296875
1788854227.6756144,2026-09-08T07:57:07.675614Z,8259,70,CTD,65535,255,1027.7645263671875
1788854227.8759477,2026-09-08T07:57:07.875947Z,8259,70,CTD,65535,255,1027.763671875
1788854228.0763166,2026-09-08T07:57:08.076316Z,8259,70,CTD,65535,255,1027.765380859375
1788854228.275883,2026-09-08T07:57:08.275882Z,8259,70,CTD,65535,255,1027.7635498046875
1788854228.475971,2026-09-08T07:57:08.475970Z,8259,70,CTD,65535,255,1027.765869140625
1788854228.6762695,2026-09-08T07:57:08.676269Z,8259,70,CTD,65535,255,1027.7626953125
1788854228.8760486,2026-09-08T07:57:08.876048Z,8259,70,CTD,65535,255,1027.7662353515625
1788854229.0765588,2026-09-08T07:57:09.076558Z,8259,70,CTD,65535,255,1027.762939453125
1788854229.276448,2026-09-08T07:57:09.276448Z,8259,70,CTD,65535,255,1027.7650146484375
1788854229.4762068,2026-09-08T07:57:09.476206Z,8259,70,CTD,65535,255,1027.7662353515625
1788854229.676402,2026-09-08T07:57:09.676402Z,8259,70,CTD,65535,255,1027.7662353515625
1788854229.8761387,2026-09-08T07:57:09.876138Z,8259,70,CTD,65535,255,1027.76513671875
1788854230.0767143,2026-09-08T07:57:10.076714Z,8259,70,CTD,65535,255,1027.7626953125
1788854230.2762096,2026-09-08T07:57:10.276209Z,8259,70,CTD,65535,255,1027.7652587890625
1788854230.4761488,2026-09-08T07:57:10.476148Z,8259,70,CTD,65535,255,1027.762451171875
1788854230.6762502,2026-09-08T07:57:10.676250Z,8259,70,CTD,65535,255,1027.765869140625
1788854230.8764808,2026-09-08T07:57:10.876480Z,8259,70,CTD,65535,255,1027.7674560546875
1788854231.0772214,2026-09-08T07:57:11.077221Z,8259,70,CTD,65535,255,1027.766357421875
1788854231.2770138,2026-09-08T07:57:11.277013Z,8259,70,CTD,65535,255,1027.7626953125
1788854231.477479,2026-09-08T07:57:11.477478Z,8259,70,CTD,65535,255,1027.762939453125
1788854231.6777453,2026-09-08T07:57:11.677745Z,8259,70,CTD,65535,255,1027.7628173828125
1788854231.878774,2026-09-08T07:57:11.878773Z,8259,70,CTD,65535,255,1027.7666015625
1788854232.0797927,2026-09-08T07:57:12.079792Z,8259,70,CTD,65535,255,1027.766845703125
1788854232.2802162,2026-09-08T07:57:12.280216Z,8259,70,CTD,65535,255,1027.767822265625
1788854232.4810476,2026-09-08T07:57:12.481047Z,8259,70,CTD,65535,255,1027.7662353515625
1788854232.6816945,2026-09-08T07:57:12.681694Z,8259,70,CTD,65535,255,1027.767822265625
1788854232.8821328,2026-09-08T07:57:12.882132Z,8259,70,CTD,65535,255,1027.76171875
1788854233.0827773,2026-09-08T07:57:13.082777Z,8259,70,CTD,65535,255,1027.76123046875
1788854233.2831357,2026-09-08T07:57:13.283135Z,8259,70,CTD,65535,255,1027.7659912109375
1788854233.4835749,2026-09-08T07:57:13.483574Z,8259,70,CTD,65535,255,1027.7608642578125
1788854233.6835713,2026-09-08T07:57:13.683571Z,8259,70,CTD,65535,255,1027.7637939453125
1788854233.883676,2026-09-08T07:57:13.883676Z,8259,70,CTD,65535,255,1027.7672119140625
1788854234.0839422,2026-09-08T07:57:14.083942Z,8259,70,CTD,65535,255,1027.7672119140625
1788854234.2840059,2026-09-08T07:57:14.284005Z,8259,70,CTD,65535,255,1027.765380859375
1788854234.4839714,2026-09-08T07:57:14.483971Z,8259,70,CTD,65535,255,1027.767578125
1788854234.684135,2026-09-08T07:57:14.684134Z,8259,70,CTD,65535,255,1027.7705078125
1788854234.8840978,2026-09-08T07:57:14.884097Z,8259,70,CTD,65535,255,1027.7655029296875
1788854235.0845578,2026-09-08T07:57:15.084557Z,8259,70,CTD,65535,255,1027.7691650390625
1788854235.284376,2026-09-08T07:57:15.284375Z,8259,70,CTD,65535,255,1027.770751953125
1788854235.4841862,2026-09-08T07:57:15.484186Z,8259,70,CTD,65535,255,1027.7637939453125
1788854235.6841788,2026-09-08T07:57:15.684178Z,8259,70,CTD,65535,255,1027.7655029296875
1788854235.8841527,2026-09-08T07:57:15.884152Z,8259,70,CTD,65535,255,1027.76513671875
1788854236.0845923,2026-09-08T07:57:16.084592Z,8259,70,CTD,65535,255,1027.7686767578125
1788854236.2840633,2026-09-08T07:57:16.284063Z,8259,70,CTD,65535,255,1027.7633056640625
1788854236.4839106,2026-09-08T07:57:16.483910Z,8259,70,CTD,65535,255,1027.7640380859375
1788854236.6837454,2026-09-08T07:57:16.683745Z,8259,70,CTD,65535,255,1027.7669677734375
1788854236.883756,2026-09-08T07:57:16.883755Z,8259,70,CTD,65535,255,1027.7640380859375
1788854237.0839212,2026-09-08T07:57:17.083921Z,8259,70,CTD,65535,255,1027.7650146484375
1788854237.2833776,2026-09-08T07:57:17.283377Z,8259,70,CTD,65535,255,1027.7625732421875
1788854237.4833734,2026-09-08T07:57:17.483373Z,8259,70,CTD,65535,255,1027.763671875
1788854237.6830552,2026-09-08T07:57:17.683055Z,8259,70,CTD,65535,255,1027.7640380859375
1788854237.8827982,2026-09-08T07:57:17.882798Z,8259,70,CTD,65535,255,1027.7724609375
1788854238.0831645,2026-09-08T07:57:18.083164Z,8259,70,CTD,65535,255,1027.767333984375
1788854238.2827985,2026-09-08T07:57:18.282798Z,8259,70,CTD,65535,255,1027.7684326171875
1788854238.4825304,2026-09-08T07:57:18.482530Z,8259,70,CTD,65535,255,1027.7640380859375
1788854238.682399,2026-09-08T07:57:18.682399Z,8259,70,CTD,65535,255,1027.7655029296875
1788854238.882362,2026-09-08T07:57:18.882361Z,8259,70,CTD,65535,255,1027.7598876953125
1788854239.0826983,2026-09-08T07:57:19.082698Z,8259,70,CTD,65535,255,1027.7650146484375
1788854239.2821794,2026-09-08T07:57:19.282179Z,8259,70,CTD,65535,255,1027.7620849609375
1788854239.4821477,2026-09-08T07:57:19.482147Z,8259,70,CTD,65535,255,1027.765869140625
1788854239.6820726,2026-09-08T07:57:19.682072Z,8259,70,CTD,65535,255,1027.7681884765625
1788854239.8819964,2026-09-08T07:57:19.881996Z,8259,70,CTD,65535,255,1027.7652587890625
1788854240.0820718,2026-09-08T07:57:20.082071Z,8259,70,CTD,65535,255,1027.7630615234375
1788854240.2819464,2026-09-08T07:57:20.281946Z,8259,70,CTD,65535,255,1027.7646484375
1788854240.4817948,2026-09-08T07:57:20.481794Z,8259,70,CTD,65535,255,1027.7637939453125
1788854240.6818314,2026-09-08T07:57:20.681831Z,8259,70,CTD,65535,255,1027.7652587890625
1788854240.8816423,2026-09-08T07:57:20.881642Z,8259,70,CTD,65535,255,1027.769287109375
1788854241.0818307,2026-09-08T07:57:21.081830Z,8259,70,CTD,65535,255,1027.7689208984375
1788854241.2816842,2026-09-08T07:57:21.281684Z,8259,70,CTD,65535,255,1027.7696533203125
1788854241.481664,2026-09-08T07:57:21.481663Z,8259,70,CTD,65535,255,1027.7677001953125
1788854241.6815584,2026-09-08T07:57:21.681558Z,8259,70,CTD,65535,255,1027.7708740234375
1788854241.8815293,2026-09-08T07:57:21.881529Z,8259,70,CTD,65535,255,1027.7681884765625
1788854242.0819373,2026-09-08T07:57:22.081937Z,8259,70,CTD,65535,255,1027.7696533203125
1788854242.2816753,2026-09-08T07:57:22.281675Z,8259,70,CTD,65535,255,1027.7718505859375
1788854242.481643,2026-09-08T07:57:22.481642Z,8259,70,CTD,65535,255,1027.772216796875
1788854242.6815903,2026-09-08T07:57:22.681590Z,8259,70,CTD,65535,255,1027.7720947265625
1788854242.8816457,2026-09-08T07:57:22.881645Z,8259,70,CTD,65535,255,1027.7742919921875
1788854243.081945,2026-09-08T07:57:23.081944Z,8259,70,CTD,65535,255,1027.772705078125
1788854243.2817862,2026-09-08T07:57:23.281786Z,8259,70,CTD,65535,255,1027.7738037109375
1788854243.4817252,2026-09-08T07:57:23.481725Z,8259,70,CTD,65535,255,1027.7706298828125
1788854243.6817193,2026-09-08T07:57:23.681719Z,8259,70,CTD,65535,255,1027.773681640625
1788854243.8819246,2026-09-08T07:57:23.881924Z,8259,70,CTD,65535,255,1027.7718505859375
1788854244.0824268,2026-09-08T07:57:24.082426Z,8259,70,CTD,65535,255,1027.7718505859375
1788854244.2818696,2026-09-08T07:57:24.281869Z,8259,70,CTD,65535,255,1027.7713623046875
1788854244.4818723,2026-09-08T07:57:24.481872Z,8259,70,CTD,65535,255,1027.767578125
1788854244.6822834,2026-09-08T07:57:24.682283Z,8259,70,CTD,65535,255,1027.7724609375
1788854244.8822575,2026-09-08T07:57:24.882257Z,8259,70,CTD,65535,255,1027.772705078125
1788854245.0829346,2026-09-08T07:57:25.082934Z,8259,70,CTD,65535,255,1027.77392578125
1788854245.2828994,2026-09-08T07:57:25.282899Z,8259,70,CTD,65535,255,1027.7701416015625
1788854245.4828331,2026-09-08T07:57:25.482833Z,8259,70,CTD,65535,255,1027.770751953125
1788854245.6828654,2026-09-08T07:57:25.682865Z,8259,70,CTD,65535,255,1027.773193359375
1788854245.8829765,2026-09-08T07:57:25.882976Z,8259,70,CTD,65535,255,1027.7694091796875
1788854246.0833685,2026-09-08T07:57:26.083368Z,8259,70,CTD,65535,255,1027.7733154296875
1788854246.2833664,2026-09-08T07:57:26.283366Z,8259,70,CTD,65535,255,1027.7723388671875
1788854246.4833167,2026-09-08T07:57:26.483316Z,8259,70,CTD,65535,255,1027.77001953125
1788854246.6834452,2026-09-08T07:57:26.683445Z,8259,70,CTD,65535,255,1027.7723388671875
1788854246.8832345,2026-09-08T07:57:26.883234Z,8259,70,CTD,65535,255,1027.7716064453125
1788854247.0837145,2026-09-08T07:57:27.083714Z,8259,70,CTD,65535,255,1027.7711181640625
1788854247.2836578,2026-09-08T07:57:27.283657Z,8259,70,CTD,65535,255,1027.7701416015625
1788854247.483447,2026-09-08T07:57:27.483447Z,8259,70,CTD,65535,255,1027.7705078125
1788854247.6832619,2026-09-08T07:57:27.683261Z,8259,70,CTD,65535,255,1027.7725830078125
1788854247.8833735,2026-09-08T07:57:27.883373Z,8259,70,CTD,65535,255,1027.7703857421875
1788854248.083647,2026-09-08T07:57:28.083647Z,8259,70,CTD,65535,255,1027.77392578125
1788854248.283081,2026-09-08T07:57:28.283081Z,8259,70,CTD,65535,255,1027.7713623046875
1788854248.4830005,2026-09-08T07:57:28.483000Z,8259,70,CTD,65535,255,1027.7716064453125
1788854248.6831174,2026-09-08T07:57:28.683117Z,8259,70,CTD,65535,255,1027.77001953125
1788854248.882934,2026-09-08T07:57:28.882934Z,8259,70,CTD,65535,255,1027.76904296875
1788854249.0831907,2026-09-08T07:57:29.083190Z,8259,70,CTD,65535,255,1027.7701416015625
1788854249.2828186,2026-09-08T07:57:29.282818Z,8259,70,CTD,65535,255,1027.768310546875
1788854249.4828098,2026-09-08T07:57:29.482809Z,8259,70,CTD,65535,255,1027.7698974609375
1788854249.6827137,2026-09-08T07:57:29.682713Z,8259,70,CTD,65535,255,1027.7708740234375
1788854249.8827436,2026-09-08T07:57:29.882743Z,8259,70,CTD,65535,255,1027.7728271484375
1788854250.083034,2026-09-08T07:57:30.083034Z,8259,70,CTD,65535,255,1027.772216796875
1788854250.2828453,2026-09-08T07:57:30.282845Z,8259,70,CTD,65535,255,1027.7706298828125
1788854250.482848,2026-09-08T07:57:30.482847Z,8259,70,CTD,65535,255,1027.771728515625
1788854250.6829836,2026-09-08T07:57:30.682983Z,8259,70,CTD,65535,255,1027.771484375
1788854250.8828573,2026-09-08T07:57:30.882857Z,8259,70,CTD,65535,255,1027.7689208984375
1788854251.0828676,2026-09-08T07:57:31.082867Z,8259,70,CTD,65535,255,1027.775390625
1788854251.2827086,2026-09-08T07:57:31.282708Z,8259,70,CTD,65535,255,1027.7742919921875
1788854251.4825609,2026-09-08T07:57:31.482560Z,8259,70,CTD,65535,255,1027.77392578125
1788854251.6823065,2026-09-08T07:57:31.682306Z,8259,70,CTD,65535,255,1027.7730712890625
1788854251.8823307,2026-09-08T07:57:31.882330Z,8259,70,CTD,65535,255,1027.7733154296875
1788854252.0825422,2026-09-08T07:57:32.082542Z,8259,70,CTD,65535,255,1027.7750244140625
1788854252.2822204,2026-09-08T07:57:32.282220Z,8259,70,CTD,65535,255,1027.7706298828125
1788854252.4829905,2026-09-08T07:57:32.482990Z,8259,70,CTD,65535,255,1027.772216796875
1788854252.6820216,2026-09-08T07:57:32.682021Z,8259,70,CTD,65535,255,1027.7735595703125
1788854252.8821442,2026-09-08T07:57:32.882144Z,8259,70,CTD,65535,255,1027.772705078125
1788854253.0826106,2026-09-08T07:57:33.082610Z,8259,70,CTD,65535,255,1027.7703857421875
1788854253.2823653,2026-09-08T07:57:33.282365Z,8259,70,CTD,65535,255,1027.7713623046875
1788854253.484266,2026-09-08T07:57:33.484266Z,8259,70,CTD,65535,255,1027.7708740234375
1788854253.6825733,2026-09-08T07:57:33.682573Z,8259,70,CTD,65535,255,1027.767822265625
1788854253.8828173,2026-09-08T07:57:33.882817Z,8259,70,CTD,65535,255,1027.7706298828125
1788854254.0834808,2026-09-08T07:57:34.083480Z,8259,70,CTD,65535,255,1027.7713623046875
1788854254.2836676,2026-09-08T07:57:34.283667Z,8259,70,CTD,65535,255,1027.7703857421875
1788854254.4839938,2026-09-08T07:57:34.483993Z,8259,70,CTD,65535,255,1027.7735595703125
1788854254.68423,2026-09-08T07:57:34.684230Z,8259,70,CTD,65535,255,1027.76611328125
1788854254.884356,2026-09-08T07:57:34.884356Z,8259,70,CTD,65535,255,1027.771484375
1788854255.0849783,2026-09-08T07:57:35.084978Z,8259,70,CTD,65535,255,1027.773193359375
1788854255.285008,2026-09-08T07:57:35.285007Z,8259,70,CTD,65535,255,1027.7713623046875
1788854255.4850779,2026-09-08T07:57:35.485077Z,8259,70,CTD,65535,255,1027.772216796875
1788854255.6852682,2026-09-08T07:57:35.685268Z,8259,70,CTD,65535,255,1027.7716064453125
1788854255.885049,2026-09-08T07:57:35.885049Z,8259,70,CTD,65535,255,1027.7760009765625
1788854256.085238,2026-09-08T07:57:36.085237Z,8259,70,CTD,65535,255,1027.77099609375
1788854256.2850616,2026-09-08T07:57:36.285061Z,8259,70,CTD,65535,255,1027.77099609375
1788854256.4848902,2026-09-08T07:57:36.484890Z,8259,70,CTD,65535,255,1027.7738037109375
1788854256.6847112,2026-09-08T07:57:36.684711Z,8259,70,CTD,65535,255,1027.7757568359375
1788854256.8845322,2026-09-08T07:57:36.884532Z,8259,70,CTD,65535,255,1027.7728271484375
1788854257.084284,2026-09-08T07:57:37.084284Z,8259,70,CTD,65535,255,1027.774658203125
1788854257.2839665,2026-09-08T07:57:37.283966Z,8259,70,CTD,65535,255,1027.7724609375
1788854257.4835753,2026-09-08T07:57:37.483575Z,8259,70,CTD,65535,255,1027.773193359375
1788854257.6832206,2026-09-08T07:57:37.683220Z,8259,70,CTD,65535,255,1027.7752685546875
1788854257.8828626,2026-09-08T07:57:37.882862Z,8259,70,CTD,65535,255,1027.7745361328125
1788854258.0829718,2026-09-08T07:57:38.082971Z,8259,70,CTD,65535,255,1027.774658203125
1788854258.2826812,2026-09-08T07:57:38.282681Z,8259,70,CTD,65535,255,1027.7738037109375
1788854258.4823031,2026-09-08T07:57:38.482303Z,8259,70,CTD,65535,255,1027.774169921875
1788854258.6820738,2026-09-08T07:57:38.682073Z,8259,70,CTD,65535,255,1027.775146484375
1788854258.8822243,2026-09-08T07:57:38.882224Z,8259,70,CTD,65535,255,1027.7716064453125
1788854259.082333,2026-09-08T07:57:39.082333Z,8259,70,CTD,65535,255,1027.772705078125
1788854259.2819362,2026-09-08T07:57:39.281936Z,8259,70,CTD,65535,255,1027.77587890625
1788854259.4820056,2026-09-08T07:57:39.482005Z,8259,70,CTD,65535,255,1027.77783203125
1788854259.6818848,2026-09-08T07:57:39.681884Z,8259,70,CTD,65535,255,1027.7747802734375
1788854259.8818486,2026-09-08T07:57:39.881848Z,8259,70,CTD,65535,255,1027.7742919921875
1788854260.0821679,2026-09-08T07:57:40.082167Z,8259,70,CTD,65535,255,1027.777587890625
1788854260.2819743,2026-09-08T07:57:40.281974Z,8259,70,CTD,65535,255,1027.7733154296875
1788854260.4822717,2026-09-08T07:57:40.482271Z,8259,70,CTD,65535,255,1027.7747802734375
1788854260.681878,2026-09-08T07:57:40.681878Z,8259,70,CTD,65535,255,1027.7745361328125
1788854260.8819137,2026-09-08T07:57:40.881913Z,8259,70,CTD,65535,255,1027.77490234375
1788854261.082381,2026-09-08T07:57:41.082381Z,8259,70,CTD,65535,255,1027.7763671875
1788854261.2823455,2026-09-08T07:57:41.282345Z,8259,70,CTD,65535,255,1027.77392578125
1788854261.4835093,2026-09-08T07:57:41.483509Z,8259,70,CTD,65535,255,1027.7757568359375
1788854261.6821415,2026-09-08T07:57:41.682141Z,8259,70,CTD,65535,255,1027.774658203125
1788854261.882242,2026-09-08T07:57:41.882241Z,8259,70,CTD,65535,255,1027.7740478515625
1788854262.0825415,2026-09-08T07:57:42.082541Z,8259,70,CTD,65535,255,1027.775146484375
1788854262.282448,2026-09-08T07:57:42.282448Z,8259,70,CTD,65535,255,1027.775390625
1788854262.4824471,2026-09-08T07:57:42.482447Z,8259,70,CTD,65535,255,1027.77294921875
1788854262.6823893,2026-09-08T07:57:42.682389Z,8259,70,CTD,65535,255,1027.7720947265625
1788854262.882376,2026-09-08T07:57:42.882375Z,8259,70,CTD,65535,255,1027.7725830078125
1788854263.082722,2026-09-08T07:57:43.082721Z,8259,70,CTD,65535,255,1027.772705078125
1788854263.2825718,2026-09-08T07:57:43.282571Z,8259,70,CTD,65535,255,1027.7747802734375
1788854263.4825878,2026-09-08T07:57:43.482587Z,8259,70,CTD,65535,255,1027.77001953125
1788854263.682577,2026-09-08T07:57:43.682576Z,8259,70,CTD,65535,255,1027.7740478515625
1788854263.8825715,2026-09-08T07:57:43.882571Z,8259,70,CTD,65535,255,1027.77197265625
1788854264.0827346,2026-09-08T07:57:44.082734Z,8259,70,CTD,65535,255,1027.77392578125
1788854264.2826276,2026-09-08T07:57:44.282627Z,8259,70,CTD,65535,255,1027.7763671875
1788854264.4826105,2026-09-08T07:57:44.482610Z,8259,70,CTD,65535,255,1027.77490234375
1788854264.6825209,2026-09-08T07:57:44.682520Z,8259,70,CTD,65535,255,1027.77099609375
1788854264.8824546,2026-09-08T07:57:44.882454Z,8259,70,CTD,65535,255,1027.77294921875
1788854265.0828233,2026-09-08T07:57:45.082823Z,8259,70,CTD,65535,255,1027.767822265625
1788854265.2827349,2026-09-08T07:57:45.282734Z,8259,70,CTD,65535,255,1027.7698974609375
1788854265.4826698,2026-09-08T07:57:45.482669Z,8259,70,CTD,65535,255,1027.7718505859375
1788854265.682463,2026-09-08T07:57:45.682462Z,8259,70,CTD,65535,255,1027.7738037109375
1788854265.88242,2026-09-08T07:57:45.882420Z,8259,70,CTD,65535,255,1027.7733154296875
1788854266.0827944,2026-09-08T07:57:46.082794Z,8259,70,CTD,65535,255,1027.7738037109375
1788854266.282574,2026-09-08T07:57:46.282573Z,8259,70,CTD,65535,255,1027.7745361328125
1788854266.4828467,2026-09-08T07:57:46.482846Z,8259,70,CTD,65535,255,1027.772216796875
1788854266.682477,2026-09-08T07:57:46.682476Z,8259,70,CTD,65535,255,1027.77294921875
1788854266.8826053,2026-09-08T07:57:46.882605Z,8259,70,CTD,65535,255,1027.7728271484375
1788854267.0827806,2026-09-08T07:57:47.082780Z,8259,70,CTD,65535,255,1027.7724609375
1788854267.2825968,2026-09-08T07:57:47.282596Z,8259,70,CTD,65535,255,1027.772216796875
1788854267.4824774,2026-09-08T07:57:47.482477Z,8259,70,CTD,65535,255,1027.770751953125
1788854267.682482,2026-09-08T07:57:47.682482Z,8259,70,CTD,65535,255,1027.7733154296875
1788854267.8826587,2026-09-08T07:57:47.882658Z,8259,70,CTD,65535,255,1027.7720947265625
1788854268.0828385,2026-09-08T07:57:48.082838Z,8259,70,CTD,65535,255,1027.7730712890625
1788854268.282537,2026-09-08T07:57:48.282536Z,8259,70,CTD,65535,255,1027.77294921875
1788854268.482375,2026-09-08T07:57:48.482374Z,8259,70,CTD,65535,255,1027.7701416015625
1788854268.682381,2026-09-08T07:57:48.682380Z,8259,70,CTD,65535,255,1027.7728271484375
1788854268.882337,2026-09-08T07:57:48.882337Z,8259,70,CTD,65535,255,1027.7728271484375
1788854269.082866,2026-09-08T07:57:49.082865Z,8259,70,CTD,65535,255,1027.7752685546875
1788854269.2825565,2026-09-08T07:57:49.282556Z,8259,70,CTD,65535,255,1027.772216796875
1788854269.482391,2026-09-08T07:57:49.482391Z,8259,70,CTD,65535,255,1027.773681640625
1788854269.682354,2026-09-08T07:57:49.682353Z,8259,70,CTD,65535,255,1027.769775390625
1788854269.8824198,2026-09-08T07:57:49.882419Z,8259,70,CTD,65535,255,1027.7764892578125
1788854270.0827956,2026-09-08T07:57:50.082795Z,8259,70,CTD,65535,255,1027.7757568359375
1788854270.2825422,2026-09-08T07:57:50.282542Z,8259,70,CTD,65535,255,1027.776611328125
1788854270.482524,2026-09-08T07:57:50.482523Z,8259,70,CTD,65535,255,1027.77490234375
1788854270.6823974,2026-09-08T07:57:50.682397Z,8259,70,CTD,65535,255,1027.7772216796875
1788854270.8824885,2026-09-08T07:57:50.882488Z,8259,70,CTD,65535,255,1027.773193359375
1788854271.0827632,2026-09-08T07:57:51.082763Z,8259,70,CTD,65535,255,1027.7774658203125
1788854271.2824755,2026-09-08T07:57:51.282475Z,8259,70,CTD,65535,255,1027.775634765625
1788854271.4824166,2026-09-08T07:57:51.482416Z,8259,70,CTD,65535,255,1027.7747802734375
1788854271.6824782,2026-09-08T07:57:51.682478Z,8259,70,CTD,65535,255,1027.776123046875
1788854271.8824644,2026-09-08T07:57:51.882464Z,8259,70,CTD,65535,255,1027.773193359375
1788854272.0825791,2026-09-08T07:57:52.082579Z,8259,70,CTD,65535,255,1027.7735595703125
1788854272.2823071,2026-09-08T07:57:52.282307Z,8259,70,CTD,65535,255,1027.7760009765625
1788854272.4823258,2026-09-08T07:57:52.482325Z,8259,70,CTD,65535,255,1027.7718505859375
1788854272.6822407,2026-09-08T07:57:52.682240Z,8259,70,CTD,65535,255,1027.774658203125
1788854272.8824518,2026-09-08T07:57:52.882451Z,8259,70,CTD,65535,255,1027.77392578125
1788854273.0825534,2026-09-08T07:57:53.082553Z,8259,70,CTD,65535,255,1027.7764892578125
1788854273.2825444,2026-09-08T07:57:53.282544Z,8259,70,CTD,65535,255,1027.773681640625
1788854273.4823787,2026-09-08T07:57:53.482378Z,8259,70,CTD,65535,255,1027.7725830078125
1788854273.6822734,2026-09-08T07:57:53.682273Z,8259,70,CTD,65535,255,1027.7720947265625
1788854273.8822885,2026-09-08T07:57:53.882288Z,8259,70,CTD,65535,255,1027.7706298828125
1788854274.082886,2026-09-08T07:57:54.082885Z,8259,70,CTD,65535,255,1027.7733154296875
1788854274.282377,2026-09-08T07:57:54.282377Z,8259,70,CTD,65535,255,1027.7755126953125
1788854274.4822354,2026-09-08T07:57:54.482235Z,8259,70,CTD,65535,255,1027.7745361328125
1788854274.6824973,2026-09-08T07:57:54.682497Z,8259,70,CTD,65535,255,1027.773681640625
1788854274.8823967,2026-09-08T07:57:54.882396Z,8259,70,CTD,65535,255,1027.7747802734375
1788854275.082552,2026-09-08T07:57:55.082551Z,8259,70,CTD,65535,255,1027.7735595703125
1788854275.282538,2026-09-08T07:57:55.282537Z,8259,70,CTD,65535,255,1027.77197265625
1788854275.482456,2026-09-08T07:57:55.482455Z,8259,70,CTD,65535,255,1027.770751953125
1788854275.6824272,2026-09-08T07:57:55.682427Z,8259,70,CTD,65535,255,1027.7694091796875
1788854275.8824997,2026-09-08T07:57:55.882499Z,8259,70,CTD,65535,255,1027.770751953125
1788854276.0831888,2026-09-08T07:57:56.083188Z,8259,70,CTD,65535,255,1027.7716064453125
1788854276.283307,2026-09-08T07:57:56.283307Z,8259,70,CTD,65535,255,1027.771728515625
1788854276.483607,2026-09-08T07:57:56.483607Z,8259,70,CTD,65535,255,1027.7723388671875
1788854276.683871,2026-09-08T07:57:56.683871Z,8259,70,CTD,65535,255,1027.7730712890625
1788854276.8846765,2026-09-08T07:57:56.884676Z,8259,70,CTD,65535,255,1027.7733154296875
1788854277.0856953,2026-09-08T07:57:57.085695Z,8259,70,CTD,65535,255,1027.7740478515625
1788854277.2860084,2026-09-08T07:57:57.286008Z,8259,70,CTD,65535,255,1027.774169921875
1788854277.4869092,2026-09-08T07:57:57.486909Z,8259,70,CTD,65535,255,1027.774658203125
1788854277.6875339,2026-09-08T07:57:57.687533Z,8259,70,CTD,65535,255,1027.7724609375
1788854277.8879085,2026-09-08T07:57:57.887908Z,8259,70,CTD,65535,255,1027.7733154296875
1788854278.0885465,2026-09-08T07:57:58.088546Z,8259,70,CTD,65535,255,1027.7738037109375
1788854278.2889564,2026-09-08T07:57:58.288956Z,8259,70,CTD,65535,255,1027.7742919921875
1788854278.489159,2026-09-08T07:57:58.489159Z,8259,70,CTD,65535,255,1027.7705078125
1788854278.6895988,2026-09-08T07:57:58.689598Z,8259,70,CTD,65535,255,1027.7757568359375
1788854278.88966,2026-09-08T07:57:58.889659Z,8259,70,CTD,65535,255,1027.77294921875
1788854279.0900147,2026-09-08T07:57:59.090014Z,8259,70,CTD,65535,255,1027.77685546875
1788854279.2898307,2026-09-08T07:57:59.289830Z,8259,70,CTD,65535,255,1027.7724609375
1788854279.489952,2026-09-08T07:57:59.489952Z,8259,70,CTD,65535,255,1027.7750244140625
1788854279.6899824,2026-09-08T07:57:59.689982Z,8259,70,CTD,65535,255,1027.77197265625
1788854279.8898692,2026-09-08T07:57:59.889869Z,8259,70,CTD,65535,255,1027.773193359375
1788854280.0898783,2026-09-08T07:58:00.089878Z,8259,70,CTD,65535,255,1027.7745361328125
1788854280.2892244,2026-09-08T07:58:00.289224Z,8259,70,CTD,65535,255,1027.7747802734375
1788854280.4888842,2026-09-08T07:58:00.488884Z,8259,70,CTD,65535,255,1027.7744140625
1788854280.6887667,2026-09-08T07:58:00.688766Z,8259,70,CTD,65535,255,1027.7740478515625
1788854280.8883898,2026-09-08T07:58:00.888389Z,8259,70,CTD,65535,255,1027.7786865234375
1788854281.088645,2026-09-08T07:58:01.088644Z,8259,70,CTD,65535,255,1027.775390625
1788854281.2881045,2026-09-08T07:58:01.288104Z,8259,70,CTD,65535,255,1027.7747802734375
1788854281.4876955,2026-09-08T07:58:01.487695Z,8259,70,CTD,65535,255,1027.772705078125
1788854281.6873915,2026-09-08T07:58:01.687391Z,8259,70,CTD,65535,255,1027.775146484375
1788854281.8871083,2026-09-08T07:58:01.887108Z,8259,70,CTD,65535,255,1027.776611328125
1788854282.0873427,2026-09-08T07:58:02.087342Z,8259,70,CTD,65535,255,1027.7755126953125
1788854282.28677,2026-09-08T07:58:02.286770Z,8259,70,CTD,65535,255,1027.7750244140625
1788854282.4866552,2026-09-08T07:58:02.486655Z,8259,70,CTD,65535,255,1027.77392578125
1788854282.6865895,2026-09-08T07:58:02.686589Z,8259,70,CTD,65535,255,1027.7725830078125
1788854282.8863144,2026-09-08T07:58:02.886314Z,8259,70,CTD,65535,255,1027.776123046875
1788854283.0867317,2026-09-08T07:58:03.086731Z,8259,70,CTD,65535,255,1027.775634765625
1788854283.2863982,2026-09-08T07:58:03.286398Z,8259,70,CTD,65535,255,1027.7763671875
1788854283.4863472,2026-09-08T07:58:03.486347Z,8259,70,CTD,65535,255,1027.7740478515625
1788854283.6861625,2026-09-08T07:58:03.686162Z,8259,70,CTD,65535,255,1027.7730712890625
1788854283.8860323,2026-09-08T07:58:03.886032Z,8259,70,CTD,65535,255,1027.77490234375
1788854284.0863116,2026-09-08T07:58:04.086311Z,8259,70,CTD,65535,255,1027.7747802734375
1788854284.2860425,2026-09-08T07:58:04.286042Z,8259,70,CTD,65535,255,1027.7734375
1788854284.4861245,2026-09-08T07:58:04.486124Z,8259,70,CTD,65535,255,1027.7738037109375
1788854284.6860664,2026-09-08T07:58:04.686066Z,8259,70,CTD,65535,255,1027.777099609375
1788854284.885946,2026-09-08T07:58:04.885946Z,8259,70,CTD,65535,255,1027.7769775390625
1788854285.0864742,2026-09-08T07:58:05.086474Z,8259,70,CTD,65535,255,1027.775146484375
1788854285.2860622,2026-09-08T07:58:05.286062Z,8259,70,CTD,65535,255,1027.7769775390625
1788854285.4860208,2026-09-08T07:58:05.486020Z,8259,70,CTD,65535,255,1027.7769775390625
1788854285.6860063,2026-09-08T07:58:05.686006Z,8259,70,CTD,65535,255,1027.773681640625
1788854285.8861043,2026-09-08T07:58:05.886104Z,8259,70,CTD,65535,255,1027.7767333984375
1788854286.0865273,2026-09-08T07:58:06.086527Z,8259,70,CTD,65535,255,1027.776123046875
1788854286.2860913,2026-09-08T07:58:06.286091Z,8259,70,CTD,65535,255,1027.777587890625
1788854286.4862573,2026-09-08T07:58:06.486257Z,8259,70,CTD,65535,255,1027.775390625
1788854286.6860082,2026-09-08T07:58:06.686008Z,8259,70,CTD,65535,255,1027.7733154296875
1788854286.8860657,2026-09-08T07:58:06.886065Z,8259,70,CTD,65535,255,1027.7752685546875
1788854287.0864596,2026-09-08T07:58:07.086459Z,8259,70,CTD,65535,255,1027.727294921875
1788854287.2863173,2026-09-08T07:58:07.286317Z,8259,70,CTD,65535,255,1027.776611328125
1788854287.4860616,2026-09-08T07:58:07.486061Z,8259,70,CTD,65535,255,1027.7762451171875
1788854287.6859899,2026-09-08T07:58:07.685989Z,8259,70,CTD,65535,255,1027.777099609375
1788854287.8861444,2026-09-08T07:58:07.886144Z,8259,70,CTD,65535,255,1027.7784423828125
1788854288.0866437,2026-09-08T07:58:08.086643Z,8259,70,CTD,65535,255,1027.7779541015625
1788854288.2863564,2026-09-08T07:58:08.286356Z,8259,70,CTD,65535,255,1027.77734375
1788854288.486366,2026-09-08T07:58:08.486366Z,8259,70,CTD,65535,255,1027.775146484375
1788854288.6864412,2026-09-08T07:58:08.686441Z,8259,70,CTD,65535,255,1027.780517578125
1788854288.8866763,2026-09-08T07:58:08.886676Z,8259,70,CTD,65535,255,1027.7786865234375
1788854289.087016,2026-09-08T07:58:09.087016Z,8259,70,CTD,65535,255,1027.7767333984375
1788854289.2871685,2026-09-08T07:58:09.287168Z,8259,70,CTD,65535,255,1027.7789306640625
1788854289.4871666,2026-09-08T07:58:09.487166Z,8259,70,CTD,65535,255,1027.7781982421875
1788854289.6874077,2026-09-08T07:58:09.687407Z,8259,70,CTD,65535,255,1027.778076171875
1788854289.8873363,2026-09-08T07:58:09.887336Z,8259,70,CTD,65535,255,1027.7738037109375
1788854290.0878727,2026-09-08T07:58:10.087872Z,8259,70,CTD,65535,255,1027.7763671875
1788854290.2877584,2026-09-08T07:58:10.287758Z,8259,70,CTD,65535,255,1027.7791748046875
1788854290.487801,2026-09-08T07:58:10.487801Z,8259,70,CTD,65535,255,1027.7772216796875
1788854290.687877,2026-09-08T07:58:10.687876Z,8259,70,CTD,65535,255,1027.77685546875
1788854290.8876736,2026-09-08T07:58:10.887673Z,8259,70,CTD,65535,255,1027.775390625
1788854291.0880487,2026-09-08T07:58:11.088048Z,8259,70,CTD,65535,255,1027.7767333984375
1788854291.2878032,2026-09-08T07:58:11.287803Z,8259,70,CTD,65535,255,1027.7781982421875
1788854291.4877465,2026-09-08T07:58:11.487746Z,8259,70,CTD,65535,255,1027.779541015625
1788854291.6876457,2026-09-08T07:58:11.687645Z,8259,70,CTD,65535,255,1027.775390625
1788854291.8874454,2026-09-08T07:58:11.887445Z,8259,70,CTD,65535,255,1027.77587890625
1788854292.0873413,2026-09-08T07:58:12.087341Z,8259,70,CTD,65535,255,1027.775634765625
1788854292.286984,2026-09-08T07:58:12.286983Z,8259,70,CTD,65535,255,1027.773681640625
1788854292.4864633,2026-09-08T07:58:12.486463Z,8259,70,CTD,65535,255,1027.7762451171875
1788854292.68604,2026-09-08T07:58:12.686039Z,8259,70,CTD,65535,255,1027.774169921875
1788854292.8854163,2026-09-08T07:58:12.885416Z,8259,70,CTD,65535,255,1027.77587890625
1788854293.0852032,2026-09-08T07:58:13.085203Z,8259,70,CTD,65535,255,1027.7733154296875
1788854293.2842546,2026-09-08T07:58:13.284254Z,8259,70,CTD,65535,255,1027.7755126953125
1788854293.483589,2026-09-08T07:58:13.483588Z,8259,70,CTD,65535,255,1027.777099609375
1788854293.6828864,2026-09-08T07:58:13.682886Z,8259,70,CTD,65535,255,1027.776123046875
1788854293.8822205,2026-09-08T07:58:13.882220Z,8259,70,CTD,65535,255,1027.7745361328125
1788854294.0820644,2026-09-08T07:58:14.082064Z,8259,70,CTD,65535,255,1027.7752685546875
1788854294.281414,2026-09-08T07:58:14.281414Z,8259,70,CTD,65535,255,1027.7724609375
1788854294.480991,2026-09-08T07:58:14.480990Z,8259,70,CTD,65535,255,1027.77587890625
1788854294.6805496,2026-09-08T07:58:14.680549Z,8259,70,CTD,65535,255,1027.77099609375
1788854294.8803217,2026-09-08T07:58:14.880321Z,8259,70,CTD,65535,255,1027.777099609375
1788854295.0806987,2026-09-08T07:58:15.080698Z,8259,70,CTD,65535,255,1027.7745361328125
1788854295.2803152,2026-09-08T07:58:15.280315Z,8259,70,CTD,65535,255,1027.7747802734375
1788854295.4801888,2026-09-08T07:58:15.480188Z,8259,70,CTD,65535,255,1027.7734375
1788854295.6800954,2026-09-08T07:58:15.680095Z,8259,70,CTD,65535,255,1027.7733154296875
1788854295.8799777,2026-09-08T07:58:15.879977Z,8259,70,CTD,65535,255,1027.77490234375
1788854296.0806205,2026-09-08T07:58:16.080620Z,8259,70,CTD,65535,255,1027.77587890625
1788854296.2805793,2026-09-08T07:58:16.280579Z,8259,70,CTD,65535,255,1027.7769775390625
1788854296.4804838,2026-09-08T07:58:16.480483Z,8259,70,CTD,65535,255,1027.7763671875
1788854296.6806839,2026-09-08T07:58:16.680683Z,8259,70,CTD,65535,255,1027.7760009765625
1788854296.8808293,2026-09-08T07:58:16.880829Z,8259,70,CTD,65535,255,1027.77783203125
1788854297.081224,2026-09-08T07:58:17.081223Z,8259,70,CTD,65535,255,1027.7774658203125
1788854297.281418,2026-09-08T07:58:17.281418Z,8259,70,CTD,65535,255,1027.7783203125
1788854297.4814138,2026-09-08T07:58:17.481413Z,8259,70,CTD,65535,255,1027.77685546875
1788854297.68153,2026-09-08T07:58:17.681529Z,8259,70,CTD,65535,255,1027.776611328125
1788854297.8817492,2026-09-08T07:58:17.881749Z,8259,70,CTD,65535,255,1027.7734375
1788854298.0821905,2026-09-08T07:58:18.082190Z,8259,70,CTD,65535,255,1027.777099609375
1788854298.2819707,2026-09-08T07:58:18.281970Z,8259,70,CTD,65535,255,1027.77734375
1788854298.4822104,2026-09-08T07:58:18.482210Z,8259,70,CTD,65535,255,1027.774658203125
1788854298.6824286,2026-09-08T07:58:18.682428Z,8259,70,CTD,65535,255,1027.77783203125
1788854298.8822718,2026-09-08T07:58:18.882271Z,8259,70,CTD,65535,255,1027.77685546875
1788854299.08278,2026-09-08T07:58:19.082779Z,8259,70,CTD,65535,255,1027.77978515625
1788854299.2827778,2026-09-08T07:58:19.282777Z,8259,70,CTD,65535,255,1027.777099609375
1788854299.482846,2026-09-08T07:58:19.482846Z,8259,70,CTD,65535,255,1027.7794189453125
1788854299.6825347,2026-09-08T07:58:19.682534Z,8259,70,CTD,65535,255,1027.7802734375
1788854299.8826215,2026-09-08T07:58:19.882621Z,8259,70,CTD,65535,255,1027.780029296875
1788854300.0828907,2026-09-08T07:58:20.082890Z,8259,70,CTD,65535,255,1027.780029296875
1788854300.2828329,2026-09-08T07:58:20.282832Z,8259,70,CTD,65535,255,1027.779296875
1788854300.4828532,2026-09-08T07:58:20.482853Z,8259,70,CTD,65535,255,1027.7794189453125
1788854300.6828253,2026-09-08T07:58:20.682825Z,8259,70,CTD,65535,255,1027.779541015625
1788854300.8827457,2026-09-08T07:58:20.882745Z,8259,70,CTD,65535,255,1027.777587890625
1788854301.0830238,2026-09-08T07:58:21.083023Z,8259,70,CTD,65535,255,1027.77978515625
1788854301.2828946,2026-09-08T07:58:21.282894Z,8259,70,CTD,65535,255,1027.7786865234375
1788854301.4826937,2026-09-08T07:58:21.482693Z,8259,70,CTD,65535,255,1027.7783203125
1788854301.6828675,2026-09-08T07:58:21.682867Z,8259,70,CTD,65535,255,1027.7803955078125
1788854301.8829138,2026-09-08T07:58:21.882913Z,8259,70,CTD,65535,255,1027.7808837890625
1788854302.0831559,2026-09-08T07:58:22.083155Z,8259,70,CTD,65535,255,1027.7781982421875
1788854302.2828705,2026-09-08T07:58:22.282870Z,8259,70,CTD,65535,255,1027.7786865234375
1788854302.482639,2026-09-08T07:58:22.482639Z,8259,70,CTD,65535,255,1027.7774658203125
1788854302.6826715,2026-09-08T07:58:22.682671Z,8259,70,CTD,65535,255,1027.7799072265625
1788854302.8827746,2026-09-08T07:58:22.882774Z,8259,70,CTD,65535,255,1027.7777099609375
1788854303.0830262,2026-09-08T07:58:23.083026Z,8259,70,CTD,65535,255,1027.7794189453125
1788854303.282637,2026-09-08T07:58:23.282636Z,8259,70,CTD,65535,255,1027.778564453125
1788854303.4825492,2026-09-08T07:58:23.482549Z,8259,70,CTD,65535,255,1027.7772216796875
1788854303.672854,2026-09-08T07:58:23.672853Z,8259,70,CTD,65535,255,1027.7796630859375
1788854303.872606,2026-09-08T07:58:23.872606Z,8259,70,CTD,65535,255,1027.780517578125
1788854304.073112,2026-09-08T07:58:24.073112Z,8259,70,CTD,65535,255,1027.77880859375
1788854304.272805,2026-09-08T07:58:24.272804Z,8259,70,CTD,65535,255,1027.7789306640625
1788854304.4726524,2026-09-08T07:58:24.472652Z,8259,70,CTD,65535,255,1027.779541015625
1788854304.672729,2026-09-08T07:58:24.672729Z,8259,70,CTD,65535,255,1027.7806396484375
1788854304.8725965,2026-09-08T07:58:24.872596Z,8259,70,CTD,65535,255,1027.778076171875
1788854305.072567,2026-09-08T07:58:25.072566Z,8259,70,CTD,65535,255,1027.7774658203125
1788854305.2722847,2026-09-08T07:58:25.272284Z,8259,70,CTD,65535,255,1027.7784423828125
1788854305.4722872,2026-09-08T07:58:25.472287Z,8259,70,CTD,65535,255,1027.7781982421875
1788854305.6721413,2026-09-08T07:58:25.672141Z,8259,70,CTD,65535,255,1027.778076171875
1788854305.8715696,2026-09-08T07:58:25.871569Z,8259,70,CTD,65535,255,1027.7781982421875
1788854306.0715718,2026-09-08T07:58:26.071571Z,8259,70,CTD,65535,255,1027.779541015625
1788854306.2711618,2026-09-08T07:58:26.271161Z,8259,70,CTD,65535,255,1027.777099609375
1788854306.4708738,2026-09-08T07:58:26.470873Z,8259,70,CTD,65535,255,1027.779052734375
1788854306.6705763,2026-09-08T07:58:26.670576Z,8259,70,CTD,65535,255,1027.7774658203125
1788854306.8704956,2026-09-08T07:58:26.870495Z,8259,70,CTD,65535,255,1027.78076171875
1788854307.0704906,2026-09-08T07:58:27.070490Z,8259,70,CTD,65535,255,1027.7813720703125
1788854307.270459,2026-09-08T07:58:27.270458Z,8259,70,CTD,65535,255,1027.7789306640625
1788854307.4703734,2026-09-08T07:58:27.470373Z,8259,70,CTD,65535,255,1027.7777099609375
1788854307.6699152,2026-09-08T07:58:27.669915Z,8259,70,CTD,65535,255,1027.7808837890625
1788854307.8701863,2026-09-08T07:58:27.870186Z,8259,70,CTD,65535,255,1027.7794189453125
1788854308.0700955,2026-09-08T07:58:28.070095Z,8259,70,CTD,65535,255,1027.7821044921875
1788854308.270025,2026-09-08T07:58:28.270025Z,8259,70,CTD,65535,255,1027.78173828125
1788854308.4700234,2026-09-08T07:58:28.470023Z,8259,70,CTD,65535,255,1027.7823486328125
1788854308.6698582,2026-09-08T07:58:28.669858Z,8259,70,CTD,65535,255,1027.7822265625
1788854308.8700671,2026-09-08T07:58:28.870067Z,8259,70,CTD,65535,255,1027.7813720703125
1788854309.0702293,2026-09-08T07:58:29.070229Z,8259,70,CTD,65535,255,1027.7822265625
1788854309.2701893,2026-09-08T07:58:29.270189Z,8259,70,CTD,65535,255,1027.7791748046875
1788854309.4705195,2026-09-08T07:58:29.470519Z,8259,70,CTD,65535,255,1027.7786865234375
1788854309.6703477,2026-09-08T07:58:29.670347Z,8259,70,CTD,65535,255,1027.780029296875
1788854309.870419,2026-09-08T07:58:29.870419Z,8259,70,CTD,65535,255,1027.7799072265625
1788854310.0705779,2026-09-08T07:58:30.070577Z,8259,70,CTD,65535,255,1027.7794189453125
1788854310.2706034,2026-09-08T07:58:30.270603Z,8259,70,CTD,65535,255,1027.776611328125
1788854310.4706714,2026-09-08T07:58:30.470671Z,8259,70,CTD,65535,255,1027.7802734375
1788854310.6704826,2026-09-08T07:58:30.670482Z,8259,70,CTD,65535,255,1027.7784423828125
1788854310.8706398,2026-09-08T07:58:30.870639Z,8259,70,CTD,65535,255,1027.7791748046875
1788854311.0712075,2026-09-08T07:58:31.071207Z,8259,70,CTD,65535,255,1027.7833251953125
1788854311.2711382,2026-09-08T07:58:31.271138Z,8259,70,CTD,65535,255,1027.7802734375
1788854311.471247,2026-09-08T07:58:31.471246Z,8259,70,CTD,65535,255,1027.77978515625
1788854311.671489,2026-09-08T07:58:31.671489Z,8259,70,CTD,65535,255,1027.778076171875
1788854311.8719301,2026-09-08T07:58:31.871930Z,8259,70,CTD,65535,255,1027.777587890625
1788854312.07284,2026-09-08T07:58:32.072839Z,8259,70,CTD,65535,255,1027.77978515625
1788854312.2732222,2026-09-08T07:58:32.273222Z,8259,70,CTD,65535,255,1027.7799072265625
1788854312.4738762,2026-09-08T07:58:32.473876Z,8259,70,CTD,65535,255,1027.7801513671875
1788854312.6743515,2026-09-08T07:58:32.674351Z,8259,70,CTD,65535,255,1027.7806396484375
1788854312.8753023,2026-09-08T07:58:32.875302Z,8259,70,CTD,65535,255,1027.7816162109375
1788854313.076325,2026-09-08T07:58:33.076324Z,8259,70,CTD,65535,255,1027.7828369140625
1788854313.276897,2026-09-08T07:58:33.276896Z,8259,70,CTD,65535,255,1027.782470703125
1788854313.4776087,2026-09-08T07:58:33.477608Z,8259,70,CTD,65535,255,1027.779296875
1788854313.6784909,2026-09-08T07:58:33.678490Z,8259,70,CTD,65535,255,1027.77978515625
1788854313.8789432,2026-09-08T07:58:33.878943Z,8259,70,CTD,65535,255,1027.7803955078125
1788854314.0796738,2026-09-08T07:58:34.079673Z,8259,70,CTD,65535,255,1027.780517578125
1788854314.2797508,2026-09-08T07:58:34.279750Z,8259,70,CTD,65535,255,1027.780029296875
1788854314.4800832,2026-09-08T07:58:34.480083Z,8259,70,CTD,65535,255,1027.7806396484375
1788854314.6803792,2026-09-08T07:58:34.680379Z,8259,70,CTD,65535,255,1027.7816162109375
1788854314.880332,2026-09-08T07:58:34.880331Z,8259,70,CTD,65535,255,1027.780517578125
1788854315.0803292,2026-09-08T07:58:35.080329Z,8259,70,CTD,65535,255,1027.784423828125
1788854315.2802184,2026-09-08T07:58:35.280218Z,8259,70,CTD,65535,255,1027.7841796875
1788854315.4801285,2026-09-08T07:58:35.480128Z,8259,70,CTD,65535,255,1027.7802734375
1788854315.6800292,2026-09-08T07:58:35.680029Z,8259,70,CTD,65535,255,1027.78564453125
1788854315.8796508,2026-09-08T07:58:35.879650Z,8259,70,CTD,65535,255,1027.7843017578125
1788854316.0795684,2026-09-08T07:58:36.079568Z,8259,70,CTD,65535,255,1027.783447265625
1788854316.2794402,2026-09-08T07:58:36.279440Z,8259,70,CTD,65535,255,1027.7845458984375
1788854316.4790435,2026-09-08T07:58:36.479043Z,8259,70,CTD,65535,255,1027.7850341796875
1788854316.678901,2026-09-08T07:58:36.678900Z,8259,70,CTD,65535,255,1027.78857421875
1788854316.8785617,2026-09-08T07:58:36.878561Z,8259,70,CTD,65535,255,1027.785888671875
1788854317.0783756,2026-09-08T07:58:37.078375Z,8259,70,CTD,65535,255,1027.7867431640625
1788854317.2779567,2026-09-08T07:58:37.277956Z,8259,70,CTD,65535,255,1027.7879638671875
1788854317.4780042,2026-09-08T07:58:37.478004Z,8259,70,CTD,65535,255,1027.78955078125
1788854317.677462,2026-09-08T07:58:37.677462Z,8259,70,CTD,65535,255,1027.7882080078125
1788854317.877305,2026-09-08T07:58:37.877305Z,8259,70,CTD,65535,255,1027.7884521484375
1788854318.0775595,2026-09-08T07:58:38.077559Z,8259,70,CTD,65535,255,1027.7896728515625
1788854318.277072,2026-09-08T07:58:38.277071Z,8259,70,CTD,65535,255,1027.7890625
1788854318.4768682,2026-09-08T07:58:38.476868Z,8259,70,CTD,65535,255,1027.7899169921875
1788854318.6767797,2026-09-08T07:58:38.676779Z,8259,70,CTD,65535,255,1027.7896728515625
1788854318.876684,2026-09-08T07:58:38.876683Z,8259,70,CTD,65535,255,1027.7923583984375
1788854319.076852,2026-09-08T07:58:39.076852Z,8259,70,CTD,65535,255,1027.7889404296875
1788854319.2765558,2026-09-08T07:58:39.276555Z,8259,70,CTD,65535,255,1027.7879638671875
1788854319.4764776,2026-09-08T07:58:39.476477Z,8259,70,CTD,65535,255,1027.787841796875
1788854319.6763196,2026-09-08T07:58:39.676319Z,8259,70,CTD,65535,255,1027.7896728515625
1788854319.8764353,2026-09-08T07:58:39.876435Z,8259,70,CTD,65535,255,1027.7889404296875
1788854320.0763962,2026-09-08T07:58:40.076396Z,8259,70,CTD,65535,255,1027.7886962890625
1788854320.2763221,2026-09-08T07:58:40.276322Z,8259,70,CTD,65535,255,1027.787841796875
1788854320.4762702,2026-09-08T07:58:40.476270Z,8259,70,CTD,65535,255,1027.788818359375
1788854320.676354,2026-09-08T07:58:40.676353Z,8259,70,CTD,65535,255,1027.789794921875
1788854320.8762352,2026-09-08T07:58:40.876235Z,8259,70,CTD,65535,255,1027.7889404296875
1788854321.076446,2026-09-08T07:58:41.076446Z,8259,70,CTD,65535,255,1027.7886962890625
1788854321.2762856,2026-09-08T07:58:41.276285Z,8259,70,CTD,65535,255,1027.7901611328125
1788854321.476312,2026-09-08T07:58:41.476311Z,8259,70,CTD,65535,255,1027.7882080078125
1788854321.6762679,2026-09-08T07:58:41.676267Z,8259,70,CTD,65535,255,1027.7900390625
1788854321.876624,2026-09-08T07:58:41.876624Z,8259,70,CTD,65535,255,1027.788330078125
1788854322.0770452,2026-09-08T07:58:42.077045Z,8259,70,CTD,65535,255,1027.789794921875
1788854322.2773674,2026-09-08T07:58:42.277367Z,8259,70,CTD,65535,255,1027.7901611328125
1788854322.477834,2026-09-08T07:58:42.477833Z,8259,70,CTD,65535,255,1027.7906494140625
1788854322.678173,2026-09-08T07:58:42.678173Z,8259,70,CTD,65535,255,1027.7891845703125
1788854322.8791401,2026-09-08T07:58:42.879140Z,8259,70,CTD,65535,255,1027.7886962890625
1788854323.0800009,2026-09-08T07:58:43.080000Z,8259,70,CTD,65535,255,1027.7880859375
1788854323.2810133,2026-09-08T07:58:43.281013Z,8259,70,CTD,65535,255,1027.788330078125
1788854323.4817896,2026-09-08T07:58:43.481789Z,8259,70,CTD,65535,255,1027.786865234375
1788854323.6825516,2026-09-08T07:58:43.682551Z,8259,70,CTD,65535,255,1027.7900390625
1788854323.883174,2026-09-08T07:58:43.883173Z,8259,70,CTD,65535,255,1027.791015625
1788854324.0836892,2026-09-08T07:58:44.083689Z,8259,70,CTD,65535,255,1027.788818359375
1788854324.2839975,2026-09-08T07:58:44.283997Z,8259,70,CTD,65535,255,1027.7911376953125
1788854324.4844298,2026-09-08T07:58:44.484429Z,8259,70,CTD,65535,255,1027.7911376953125
1788854324.6848516,2026-09-08T07:58:44.684851Z,8259,70,CTD,65535,255,1027.7901611328125
1788854324.8849006,2026-09-08T07:58:44.884900Z,8259,70,CTD,65535,255,1027.7891845703125
1788854325.0852075,2026-09-08T07:58:45.085207Z,8259,70,CTD,65535,255,1027.789794921875
1788854325.2852812,2026-09-08T07:58:45.285281Z,8259,70,CTD,65535,255,1027.7919921875
1788854325.4855847,2026-09-08T07:58:45.485584Z,8259,70,CTD,65535,255,1027.7899169921875
1788854325.6854641,2026-09-08T07:58:45.685464Z,8259,70,CTD,65535,255,1027.7891845703125
1788854325.8858578,2026-09-08T07:58:45.885857Z,8259,70,CTD,65535,255,1027.7884521484375
1788854326.0860486,2026-09-08T07:58:46.086048Z,8259,70,CTD,65535,255,1027.787109375
1788854326.2860928,2026-09-08T07:58:46.286092Z,8259,70,CTD,65535,255,1027.7889404296875
1788854326.4863892,2026-09-08T07:58:46.486389Z,8259,70,CTD,65535,255,1027.78759765625
1788854326.6864989,2026-09-08T07:58:46.686498Z,8259,70,CTD,65535,255,1027.7874755859375
1788854326.8867636,2026-09-08T07:58:46.886763Z,8259,70,CTD,65535,255,1027.7889404296875
1788854327.086882,2026-09-08T07:58:47.086882Z,8259,70,CTD,65535,255,1027.7908935546875
1788854327.2869546,2026-09-08T07:58:47.286954Z,8259,70,CTD,65535,255,1027.791259765625
1788854327.487226,2026-09-08T07:58:47.487226Z,8259,70,CTD,65535,255,1027.7877197265625
1788854327.6872528,2026-09-08T07:58:47.687252Z,8259,70,CTD,65535,255,1027.7906494140625
1788854327.8875086,2026-09-08T07:58:47.887508Z,8259,70,CTD,65535,255,1027.7882080078125
1788854328.0879648,2026-09-08T07:58:48.087964Z,8259,70,CTD,65535,255,1027.78759765625
1788854328.2880895,2026-09-08T07:58:48.288089Z,8259,70,CTD,65535,255,1027.7890625
1788854328.488286,2026-09-08T07:58:48.488286Z,8259,70,CTD,65535,255,1027.7872314453125
1788854328.688392,2026-09-08T07:58:48.688391Z,8259,70,CTD,65535,255,1027.787841796875
1788854328.8881688,2026-09-08T07:58:48.888168Z,8259,70,CTD,65535,255,1027.7906494140625
1788854329.0882366,2026-09-08T07:58:49.088236Z,8259,70,CTD,65535,255,1027.7900390625
1788854329.2882128,2026-09-08T07:58:49.288212Z,8259,70,CTD,65535,255,1027.787109375
1788854329.4879334,2026-09-08T07:58:49.487933Z,8259,70,CTD,65535,255,1027.787841796875
1788854329.6879165,2026-09-08T07:58:49.687916Z,8259,70,CTD,65535,255,1027.7880859375
1788854329.8877144,2026-09-08T07:58:49.887714Z,8259,70,CTD,65535,255,1027.7886962890625
1788854330.0876765,2026-09-08T07:58:50.087676Z,8259,70,CTD,65535,255,1027.787353515625
1788854330.287299,2026-09-08T07:58:50.287298Z,8259,70,CTD,65535,255,1027.7906494140625
1788854330.4869952,2026-09-08T07:58:50.486995Z,8259,70,CTD,65535,255,1027.7889404296875
1788854330.6869082,2026-09-08T07:58:50.686908Z,8259,70,CTD,65535,255,1027.7862548828125
1788854330.8866456,2026-09-08T07:58:50.886645Z,8259,70,CTD,65535,255,1027.7845458984375
1788854331.0865831,2026-09-08T07:58:51.086583Z,8259,70,CTD,65535,255,1027.7880859375
1788854331.286427,2026-09-08T07:58:51.286427Z,8259,70,CTD,65535,255,1027.7867431640625
1788854331.4860141,2026-09-08T07:58:51.486014Z,8259,70,CTD,65535,255,1027.7874755859375
1788854331.6860547,2026-09-08T07:58:51.686054Z,8259,70,CTD,65535,255,1027.7867431640625
1788854331.886017,2026-09-08T07:58:51.886017Z,8259,70,CTD,65535,255,1027.786376953125
1788854332.0860584,2026-09-08T07:58:52.086058Z,8259,70,CTD,65535,255,1027.78759765625
1788854332.2859533,2026-09-08T07:58:52.285953Z,8259,70,CTD,65535,255,1027.7904052734375
1788854332.4856963,2026-09-08T07:58:52.485696Z,8259,70,CTD,65535,255,1027.788330078125
1788854332.6857877,2026-09-08T07:58:52.685787Z,8259,70,CTD,65535,255,1027.7894287109375
1788854332.8858678,2026-09-08T07:58:52.885867Z,8259,70,CTD,65535,255,1027.7901611328125
1788854333.0861807,2026-09-08T07:58:53.086180Z,8259,70,CTD,65535,255,1027.7894287109375
1788854333.286254,2026-09-08T07:58:53.286253Z,8259,70,CTD,65535,255,1027.7894287109375
1788854333.4863214,2026-09-08T07:58:53.486321Z,8259,70,CTD,65535,255,1027.789306640625
1788854333.6862152,2026-09-08T07:58:53.686215Z,8259,70,CTD,65535,255,1027.7862548828125
1788854333.8864887,2026-09-08T07:58:53.886488Z,8259,70,CTD,65535,255,1027.79150390625
1788854334.08708,2026-09-08T07:58:54.087080Z,8259,70,CTD,65535,255,1027.7882080078125
1788854334.2866209,2026-09-08T07:58:54.286620Z,8259,70,CTD,65535,255,1027.787109375
1788854334.4867063,2026-09-08T07:58:54.486706Z,8259,70,CTD,65535,255,1027.7911376953125
1788854334.686861,2026-09-08T07:58:54.686861Z,8259,70,CTD,65535,255,1027.7862548828125
1788854334.8868124,2026-09-08T07:58:54.886812Z,8259,70,CTD,65535,255,1027.78564453125
1788854335.0872324,2026-09-08T07:58:55.087232Z,8259,70,CTD,65535,255,1027.78759765625
1788854335.2868922,2026-09-08T07:58:55.286892Z,8259,70,CTD,65535,255,1027.789306640625
1788854335.486843,2026-09-08T07:58:55.486843Z,8259,70,CTD,65535,255,1027.7877197265625
1788854335.6867187,2026-09-08T07:58:55.686718Z,8259,70,CTD,65535,255,1027.7877197265625
1788854335.8868983,2026-09-08T07:58:55.886898Z,8259,70,CTD,65535,255,1027.7880859375
1788854336.0872266,2026-09-08T07:58:56.087226Z,8259,70,CTD,65535,255,1027.78759765625
1788854336.2868998,2026-09-08T07:58:56.286899Z,8259,70,CTD,65535,255,1027.78662109375
1788854336.4869552,2026-09-08T07:58:56.486955Z,8259,70,CTD,65535,255,1027.78955078125
1788854336.6871324,2026-09-08T07:58:56.687132Z,8259,70,CTD,65535,255,1027.7879638671875
1788854336.8872259,2026-09-08T07:58:56.887225Z,8259,70,CTD,65535,255,1027.7896728515625
1788854337.087365,2026-09-08T07:58:57.087364Z,8259,70,CTD,65535,255,1027.78955078125
1788854337.2873185,2026-09-08T07:58:57.287318Z,8259,70,CTD,65535,255,1027.78759765625
1788854337.4872596,2026-09-08T07:58:57.487259Z,8259,70,CTD,65535,255,1027.78759765625
1788854337.6873615,2026-09-08T07:58:57.687361Z,8259,70,CTD,65535,255,1027.7874755859375
1788854337.8873322,2026-09-08T07:58:57.887332Z,8259,70,CTD,65535,255,1027.7882080078125
1788854338.087368,2026-09-08T07:58:58.087368Z,8259,70,CTD,65535,255,1027.79052734375
1788854338.2868934,2026-09-08T07:58:58.286893Z,8259,70,CTD,65535,255,1027.7906494140625
1788854338.4869256,2026-09-08T07:58:58.486925Z,8259,70,CTD,65535,255,1027.7911376953125
1788854338.686768,2026-09-08T07:58:58.686768Z,8259,70,CTD,65535,255,1027.793212890625
1788854338.8866217,2026-09-08T07:58:58.886621Z,8259,70,CTD,65535,255,1027.7891845703125
1788854339.0866039,2026-09-08T07:58:59.086603Z,8259,70,CTD,65535,255,1027.7889404296875
1788854339.2865584,2026-09-08T07:58:59.286558Z,8259,70,CTD,65535,255,1027.78955078125
1788854339.4865708,2026-09-08T07:58:59.486570Z,8259,70,CTD,65535,255,1027.7906494140625
1788854339.686403,2026-09-08T07:58:59.686403Z,8259,70,CTD,65535,255,1027.7896728515625
1788854339.8862162,2026-09-08T07:58:59.886216Z,8259,70,CTD,65535,255,1027.7882080078125
1788854340.0864542,2026-09-08T07:59:00.086454Z,8259,70,CTD,65535,255,1027.7884521484375
1788854340.2861369,2026-09-08T07:59:00.286136Z,8259,70,CTD,65535,255,1027.7896728515625
1788854340.4861956,2026-09-08T07:59:00.486195Z,8259,70,CTD,65535,255,1027.787841796875
1788854340.6859949,2026-09-08T07:59:00.685994Z,8259,70,CTD,65535,255,1027.7884521484375
1788854340.885922,2026-09-08T07:59:00.885921Z,8259,70,CTD,65535,255,1027.7882080078125
1788854341.0861225,2026-09-08T07:59:01.086122Z,8259,70,CTD,65535,255,1027.7904052734375
1788854341.2861278,2026-09-08T07:59:01.286127Z,8259,70,CTD,65535,255,1027.7879638671875
1788854341.4860501,2026-09-08T07:59:01.486050Z,8259,70,CTD,65535,255,1027.7899169921875
1788854341.6860688,2026-09-08T07:59:01.686068Z,8259,70,CTD,65535,255,1027.7884521484375
1788854341.8858583,2026-09-08T07:59:01.885858Z,8259,70,CTD,65535,255,1027.7906494140625
1788854342.0862072,2026-09-08T07:59:02.086207Z,8259,70,CTD,65535,255,1027.7926025390625
1788854342.286043,2026-09-08T07:59:02.286042Z,8259,70,CTD,65535,255,1027.792236328125
1788854342.4860728,2026-09-08T07:59:02.486072Z,8259,70,CTD,65535,255,1027.7884521484375
1788854342.685959,2026-09-08T07:59:02.685959Z,8259,70,CTD,65535,255,1027.786376953125
1788854342.8860762,2026-09-08T07:59:02.886076Z,8259,70,CTD,65535,255,1027.788330078125
1788854343.0862057,2026-09-08T07:59:03.086205Z,8259,70,CTD,65535,255,1027.786865234375
1788854343.2861793,2026-09-08T07:59:03.286179Z,8259,70,CTD,65535,255,1027.7896728515625
1788854343.4861221,2026-09-08T07:59:03.486122Z,8259,70,CTD,65535,255,1027.7872314453125
1788854343.6859937,2026-09-08T07:59:03.685993Z,8259,70,CTD,65535,255,1027.7874755859375
1788854343.8861022,2026-09-08T07:59:03.886102Z,8259,70,CTD,65535,255,1027.7880859375
1788854344.0862312,2026-09-08T07:59:04.086231Z,8259,70,CTD,65535,255,1027.789306640625
1788854344.2861643,2026-09-08T07:59:04.286164Z,8259,70,CTD,65535,255,1027.7874755859375
1788854344.4860053,2026-09-08T07:59:04.486005Z,8259,70,CTD,65535,255,1027.787841796875
1788854344.6860797,2026-09-08T07:59:04.686079Z,8259,70,CTD,65535,255,1027.7855224609375
1788854344.8860278,2026-09-08T07:59:04.886027Z,8259,70,CTD,65535,255,1027.7867431640625
1788854345.0862541,2026-09-08T07:59:05.086254Z,8259,70,CTD,65535,255,1027.7880859375
1788854345.2862473,2026-09-08T07:59:05.286247Z,8259,70,CTD,65535,255,1027.787841796875
1788854345.4862502,2026-09-08T07:59:05.486250Z,8259,70,CTD,65535,255,1027.78662109375
1788854345.6862533,2026-09-08T07:59:05.686253Z,8259,70,CTD,65535,255,1027.7889404296875
1788854345.886036,2026-09-08T07:59:05.886035Z,8259,70,CTD,65535,255,1027.78759765625
1788854346.086331,2026-09-08T07:59:06.086330Z,8259,70,CTD,65535,255,1027.790283203125
1788854346.2863104,2026-09-08T07:59:06.286310Z,8259,70,CTD,65535,255,1027.7904052734375
1788854346.4861188,2026-09-08T07:59:06.486118Z,8259,70,CTD,65535,255,1027.7891845703125
1788854346.686129,2026-09-08T07:59:06.686129Z,8259,70,CTD,65535,255,1027.791015625
1788854346.886118,2026-09-08T07:59:06.886117Z,8259,70,CTD,65535,255,1027.787353515625
1788854347.0861921,2026-09-08T07:59:07.086192Z,8259,70,CTD,65535,255,1027.7884521484375
1788854347.2862375,2026-09-08T07:59:07.286237Z,8259,70,CTD,65535,255,1027.7884521484375
1788854347.4861515,2026-09-08T07:59:07.486151Z,8259,70,CTD,65535,255,1027.7890625
1788854347.686201,2026-09-08T07:59:07.686201Z,8259,70,CTD,65535,255,1027.7906494140625
1788854347.8861043,2026-09-08T07:59:07.886104Z,8259,70,CTD,65535,255,1027.7872314453125
1788854348.0863624,2026-09-08T07:59:08.086362Z,8259,70,CTD,65535,255,1027.7862548828125
1788854348.2862806,2026-09-08T07:59:08.286280Z,8259,70,CTD,65535,255,1027.7882080078125
1788854348.48614,2026-09-08T07:59:08.486140Z,8259,70,CTD,65535,255,1027.7879638671875
1788854348.6860163,2026-09-08T07:59:08.686016Z,8259,70,CTD,65535,255,1027.7889404296875
1788854348.88599,2026-09-08T07:59:08.885989Z,8259,70,CTD,65535,255,1027.788330078125
1788854349.0862026,2026-09-08T07:59:09.086202Z,8259,70,CTD,65535,255,1027.7911376953125
1788854349.2860312,2026-09-08T07:59:09.286031Z,8259,70,CTD,65535,255,1027.787353515625
1788854349.4859867,2026-09-08T07:59:09.485986Z,8259,70,CTD,65535,255,1027.788330078125
1788854349.6862173,2026-09-08T07:59:09.686217Z,8259,70,CTD,65535,255,1027.7896728515625
1788854349.8859856,2026-09-08T07:59:09.885985Z,8259,70,CTD,65535,255,1027.787109375
1788854350.0861013,2026-09-08T07:59:10.086101Z,8259,70,CTD,65535,255,1027.785888671875
1788854350.2857661,2026-09-08T07:59:10.285766Z,8259,70,CTD,65535,255,1027.7840576171875
1788854350.4857178,2026-09-08T07:59:10.485717Z,8259,70,CTD,65535,255,1027.789306640625
1788854350.6855674,2026-09-08T07:59:10.685567Z,8259,70,CTD,65535,255,1027.7864990234375
1788854350.8851314,2026-09-08T07:59:10.885131Z,8259,70,CTD,65535,255,1027.7886962890625
1788854351.085025,2026-09-08T07:59:11.085025Z,8259,70,CTD,65535,255,1027.789794921875
1788854351.2847238,2026-09-08T07:59:11.284723Z,8259,70,CTD,65535,255,1027.7872314453125
1788854351.48436,2026-09-08T07:59:11.484359Z,8259,70,CTD,65535,255,1027.7884521484375
1788854351.6839821,2026-09-08T07:59:11.683982Z,8259,70,CTD,65535,255,1027.788818359375
1788854351.8838108,2026-09-08T07:59:11.883810Z,8259,70,CTD,65535,255,1027.7867431640625
1788854352.083867,2026-09-08T07:59:12.083867Z,8259,70,CTD,65535,255,1027.7882080078125
1788854352.283683,2026-09-08T07:59:12.283683Z,8259,70,CTD,65535,255,1027.7880859375
1788854352.4834754,2026-09-08T07:59:12.483475Z,8259,70,CTD,65535,255,1027.7872314453125
1788854352.6832368,2026-09-08T07:59:12.683236Z,8259,70,CTD,65535,255,1027.7872314453125
1788854352.8831584,2026-09-08T07:59:12.883158Z,8259,70,CTD,65535,255,1027.7852783203125
1788854353.0834527,2026-09-08T07:59:13.083452Z,8259,70,CTD,65535,255,1027.7861328125
1788854353.2831988,2026-09-08T07:59:13.283198Z,8259,70,CTD,65535,255,1027.785888671875
1788854353.483186,2026-09-08T07:59:13.483186Z,8259,70,CTD,65535,255,1027.7900390625
1788854353.683358,2026-09-08T07:59:13.683357Z,8259,70,CTD,65535,255,1027.7855224609375
1788854353.8832862,2026-09-08T07:59:13.883286Z,8259,70,CTD,65535,255,1027.7904052734375
1788854354.083479,2026-09-08T07:59:14.083478Z,8259,70,CTD,65535,255,1027.7886962890625
1788854354.283457,2026-09-08T07:59:14.283457Z,8259,70,CTD,65535,255,1027.7861328125
1788854354.4835625,2026-09-08T07:59:14.483562Z,8259,70,CTD,65535,255,1027.787109375
1788854354.6835597,2026-09-08T07:59:14.683559Z,8259,70,CTD,65535,255,1027.7886962890625
1788854354.88357,2026-09-08T07:59:14.883569Z,8259,70,CTD,65535,255,1027.7882080078125
1788854355.0837262,2026-09-08T07:59:15.083726Z,8259,70,CTD,65535,255,1027.7877197265625
1788854355.283718,2026-09-08T07:59:15.283718Z,8259,70,CTD,65535,255,1027.78955078125
1788854355.4838076,2026-09-08T07:59:15.483807Z,8259,70,CTD,65535,255,1027.78759765625
1788854355.6839886,2026-09-08T07:59:15.683988Z,8259,70,CTD,65535,255,1027.78564453125
1788854355.8838956,2026-09-08T07:59:15.883895Z,8259,70,CTD,65535,255,1027.7855224609375
1788854356.08409,2026-09-08T07:59:16.084089Z,8259,70,CTD,65535,255,1027.7860107421875
1788854356.2840068,2026-09-08T07:59:16.284006Z,8259,70,CTD,65535,255,1027.78759765625
1788854356.4839203,2026-09-08T07:59:16.483920Z,8259,70,CTD,65535,255,1027.7860107421875
1788854356.6841412,2026-09-08T07:59:16.684141Z,8259,70,CTD,65535,255,1027.7872314453125
1788854356.8841498,2026-09-08T07:59:16.884149Z,8259,70,CTD,65535,255,1027.790283203125
1788854357.084147,2026-09-08T07:59:17.084146Z,8259,70,CTD,65535,255,1027.7872314453125
1788854357.2841609,2026-09-08T07:59:17.284160Z,8259,70,CTD,65535,255,1027.7874755859375
1788854357.4841552,2026-09-08T07:59:17.484155Z,8259,70,CTD,65535,255,1027.787841796875
1788854357.6841016,2026-09-08T07:59:17.684101Z,8259,70,CTD,65535,255,1027.787353515625
1788854357.884115,2026-09-08T07:59:17.884114Z,8259,70,CTD,65535,255,1027.787353515625
1788854358.0843904,2026-09-08T07:59:18.084390Z,8259,70,CTD,65535,255,1027.7886962890625
1788854358.284199,2026-09-08T07:59:18.284198Z,8259,70,CTD,65535,255,1027.7864990234375
1788854358.484276,2026-09-08T07:59:18.484276Z,8259,70,CTD,65535,255,1027.7857666015625
1788854358.6842651,2026-09-08T07:59:18.684265Z,8259,70,CTD,65535,255,1027.7877197265625
1788854358.8843641,2026-09-08T07:59:18.884364Z,8259,70,CTD,65535,255,1027.7877197265625
1788854359.0845041,2026-09-08T07:59:19.084504Z,8259,70,CTD,65535,255,1027.786865234375
1788854359.2843604,2026-09-08T07:59:19.284360Z,8259,70,CTD,65535,255,1027.7901611328125
1788854359.4842415,2026-09-08T07:59:19.484241Z,8259,70,CTD,65535,255,1027.7877197265625
1788854359.6843002,2026-09-08T07:59:19.684300Z,8259,70,CTD,65535,255,1027.7889404296875
1788854359.884206,2026-09-08T07:59:19.884206Z,8259,70,CTD,65535,255,1027.7913818359375
1788854360.08441,2026-09-08T07:59:20.084409Z,8259,70,CTD,65535,255,1027.788818359375
1788854360.284342,2026-09-08T07:59:20.284342Z,8259,70,CTD,65535,255,1027.7889404296875
1788854360.4841037,2026-09-08T07:59:20.484103Z,8259,70,CTD,65535,255,1027.790283203125
1788854360.6842005,2026-09-08T07:59:20.684200Z,8259,70,CTD,65535,255,1027.7869873046875
1788854360.8840656,2026-09-08T07:59:20.884065Z,8259,70,CTD,65535,255,1027.786865234375
1788854361.0838585,2026-09-08T07:59:21.083858Z,8259,70,CTD,65535,255,1027.7884521484375
1788854361.2838259,2026-09-08T07:59:21.283825Z,8259,70,CTD,65535,255,1027.78857421875
1788854361.4835875,2026-09-08T07:59:21.483587Z,8259,70,CTD,65535,255,1027.788330078125
1788854361.6832373,2026-09-08T07:59:21.683237Z,8259,70,CTD,65535,255,1027.7860107421875
1788854361.8830462,2026-09-08T07:59:21.883046Z,8259,70,CTD,65535,255,1027.7872314453125
1788854362.0832288,2026-09-08T07:59:22.083228Z,8259,70,CTD,65535,255,1027.786376953125
1788854362.2830434,2026-09-08T07:59:22.283043Z,8259,70,CTD,65535,255,1027.7879638671875
1788854362.4828959,2026-09-08T07:59:22.482895Z,8259,70,CTD,65535,255,1027.7845458984375
1788854362.6828272,2026-09-08T07:59:22.682827Z,8259,70,CTD,65535,255,1027.7855224609375
1788854362.882705,2026-09-08T07:59:22.882704Z,8259,70,CTD,65535,255,1027.786376953125
1788854363.0829165,2026-09-08T07:59:23.082916Z,8259,70,CTD,65535,255,1027.7860107421875
1788854363.2828498,2026-09-08T07:59:23.282849Z,8259,70,CTD,65535,255,1027.787353515625
1788854363.4828732,2026-09-08T07:59:23.482873Z,8259,70,CTD,65535,255,1027.7896728515625
1788854363.6829627,2026-09-08T07:59:23.682962Z,8259,70,CTD,65535,255,1027.7862548828125
1788854363.8827505,2026-09-08T07:59:23.882750Z,8259,70,CTD,65535,255,1027.7852783203125
1788854364.0834644,2026-09-08T07:59:24.083464Z,8259,70,CTD,65535,255,1027.78955078125
1788854364.2829304,2026-09-08T07:59:24.282930Z,8259,70,CTD,65535,255,1027.786865234375
1788854364.4827526,2026-09-08T07:59:24.482752Z,8259,70,CTD,65535,255,1027.7862548828125
1788854364.6828942,2026-09-08T07:59:24.682894Z,8259,70,CTD,65535,255,1027.784912109375
1788854364.8829706,2026-09-08T07:59:24.882970Z,8259,70,CTD,65535,255,1027.787841796875
1788854365.0831292,2026-09-08T07:59:25.083129Z,8259,70,CTD,65535,255,1027.784912109375
1788854365.283134,2026-09-08T07:59:25.283133Z,8259,70,CTD,65535,255,1027.783935546875
1788854365.483,2026-09-08T07:59:25.483000Z,8259,70,CTD,65535,255,1027.7850341796875
1788854365.6829858,2026-09-08T07:59:25.682985Z,8259,70,CTD,65535,255,1027.7891845703125
1788854365.8833246,2026-09-08T07:59:25.883324Z,8259,70,CTD,65535,255,1027.7822265625
1788854366.0832672,2026-09-08T07:59:26.083267Z,8259,70,CTD,65535,255,1027.783935546875
1788854366.2831585,2026-09-08T07:59:26.283158Z,8259,70,CTD,65535,255,1027.785888671875
1788854366.4830875,2026-09-08T07:59:26.483087Z,8259,70,CTD,65535,255,1027.7872314453125
1788854366.6831594,2026-09-08T07:59:26.683159Z,8259,70,CTD,65535,255,1027.78564453125
1788854366.8833435,2026-09-08T07:59:26.883343Z,8259,70,CTD,65535,255,1027.787109375
1788854367.083466,2026-09-08T07:59:27.083466Z,8259,70,CTD,65535,255,1027.7869873046875
1788854367.2832606,2026-09-08T07:59:27.283260Z,8259,70,CTD,65535,255,1027.7862548828125
1788854367.4832325,2026-09-08T07:59:27.483232Z,8259,70,CTD,65535,255,1027.788330078125
1788854367.6832125,2026-09-08T07:59:27.683212Z,8259,70,CTD,65535,255,1027.787109375
1788854367.88319,2026-09-08T07:59:27.883189Z,8259,70,CTD,65535,255,1027.791259765625
1788854368.0834086,2026-09-08T07:59:28.083408Z,8259,70,CTD,65535,255,1027.7852783203125
1788854368.283394,2026-09-08T07:59:28.283394Z,8259,70,CTD,65535,255,1027.784912109375
1788854368.483216,2026-09-08T07:59:28.483216Z,8259,70,CTD,65535,255,1027.78662109375
1788854368.6831746,2026-09-08T07:59:28.683174Z,8259,70,CTD,65535,255,1027.786376953125
1788854368.8832028,2026-09-08T07:59:28.883202Z,8259,70,CTD,65535,255,1027.7862548828125
1788854369.083455,2026-09-08T07:59:29.083455Z,8259,70,CTD,65535,255,1027.7852783203125
1788854369.283365,2026-09-08T07:59:29.283365Z,8259,70,CTD,65535,255,1027.783935546875
1788854369.48332,2026-09-08T07:59:29.483319Z,8259,70,CTD,65535,255,1027.785400390625
1788854369.6832144,2026-09-08T07:59:29.683214Z,8259,70,CTD,65535,255,1027.7900390625
1788854369.8832054,2026-09-08T07:59:29.883205Z,8259,70,CTD,65535,255,1027.786376953125
1788854370.0835042,2026-09-08T07:59:30.083504Z,8259,70,CTD,65535,255,1027.787353515625
1788854370.2832363,2026-09-08T07:59:30.283236Z,8259,70,CTD,65535,255,1027.7852783203125
1788854370.483217,2026-09-08T07:59:30.483217Z,8259,70,CTD,65535,255,1027.7861328125
1788854370.6832492,2026-09-08T07:59:30.683249Z,8259,70,CTD,65535,255,1027.7847900390625
1788854370.883216,2026-09-08T07:59:30.883215Z,8259,70,CTD,65535,255,1027.786376953125
1788854371.0832436,2026-09-08T07:59:31.083243Z,8259,70,CTD,65535,255,1027.786376953125
1788854371.2832875,2026-09-08T07:59:31.283287Z,8259,70,CTD,65535,255,1027.78759765625
1788854371.483156,2026-09-08T07:59:31.483155Z,8259,70,CTD,65535,255,1027.78369140625
1788854371.683286,2026-09-08T07:59:31.683285Z,8259,70,CTD,65535,255,1027.786865234375
1788854371.8831925,2026-09-08T07:59:31.883192Z,8259,70,CTD,65535,255,1027.78564453125
1788854372.0832684,2026-09-08T07:59:32.083268Z,8259,70,CTD,65535,255,1027.7847900390625
1788854372.2831419,2026-09-08T07:59:32.283141Z,8259,70,CTD,65535,255,1027.7855224609375
1788854372.4831793,2026-09-08T07:59:32.483179Z,8259,70,CTD,65535,255,1027.78271484375
1788854372.6832664,2026-09-08T07:59:32.683266Z,8259,70,CTD,65535,255,1027.7852783203125
1788854372.8831975,2026-09-08T07:59:32.883197Z,8259,70,CTD,65535,255,1027.7860107421875
1788854373.0832381,2026-09-08T07:59:33.083238Z,8259,70,CTD,65535,255,1027.7880859375
1788854373.2831602,2026-09-08T07:59:33.283160Z,8259,70,CTD,65535,255,1027.7845458984375
1788854373.4831784,2026-09-08T07:59:33.483178Z,8259,70,CTD,65535,255,1027.786376953125
1788854373.6831765,2026-09-08T07:59:33.683176Z,8259,70,CTD,65535,255,1027.7891845703125
1788854373.8831224,2026-09-08T07:59:33.883122Z,8259,70,CTD,65535,255,1027.7840576171875
1788854374.0834432,2026-09-08T07:59:34.083443Z,8259,70,CTD,65535,255,1027.789794921875
1788854374.2831554,2026-09-08T07:59:34.283155Z,8259,70,CTD,65535,255,1027.785888671875
1788854374.483024,2026-09-08T07:59:34.483023Z,8259,70,CTD,65535,255,1027.7860107421875
1788854374.683047,2026-09-08T07:59:34.683047Z,8259,70,CTD,65535,255,1027.7867431640625
1788854374.8831432,2026-09-08T07:59:34.883143Z,8259,70,CTD,65535,255,1027.7847900390625
1788854375.083279,2026-09-08T07:59:35.083278Z,8259,70,CTD,65535,255,1027.7896728515625
1788854375.283448,2026-09-08T07:59:35.283447Z,8259,70,CTD,65535,255,1027.78369140625
1788854375.4832597,2026-09-08T07:59:35.483259Z,8259,70,CTD,65535,255,1027.7879638671875
1788854375.6833525,2026-09-08T07:59:35.683352Z,8259,70,CTD,65535,255,1027.78466796875
1788854375.8834276,2026-09-08T07:59:35.883427Z,8259,70,CTD,65535,255,1027.7867431640625
1788854376.084307,2026-09-08T07:59:36.084306Z,8259,70,CTD,65535,255,1027.785888671875
1788854376.2839227,2026-09-08T07:59:36.283922Z,8259,70,CTD,65535,255,1027.7857666015625
1788854376.4841144,2026-09-08T07:59:36.484114Z,8259,70,CTD,65535,255,1027.7862548828125
1788854376.6841578,2026-09-08T07:59:36.684157Z,8259,70,CTD,65535,255,1027.7877197265625
1788854376.8843656,2026-09-08T07:59:36.884365Z,8259,70,CTD,65535,255,1027.785888671875
1788854377.084599,2026-09-08T07:59:37.084599Z,8259,70,CTD,65535,255,1027.7840576171875
1788854377.2846668,2026-09-08T07:59:37.284666Z,8259,70,CTD,65535,255,1027.785400390625
1788854377.4844954,2026-09-08T07:59:37.484495Z,8259,70,CTD,65535,255,1027.786376953125
1788854377.6846073,2026-09-08T07:59:37.684607Z,8259,70,CTD,65535,255,1027.7852783203125
1788854377.884634,2026-09-08T07:59:37.884634Z,8259,70,CTD,65535,255,1027.78662109375
1788854378.084782,2026-09-08T07:59:38.084781Z,8259,70,CTD,65535,255,1027.784912109375
1788854378.284777,2026-09-08T07:59:38.284776Z,8259,70,CTD,65535,255,1027.7855224609375
1788854378.4845986,2026-09-08T07:59:38.484598Z,8259,70,CTD,65535,255,1027.7857666015625
1788854378.6845896,2026-09-08T07:59:38.684589Z,8259,70,CTD,65535,255,1027.7860107421875
1788854378.884521,2026-09-08T07:59:38.884521Z,8259,70,CTD,65535,255,1027.784423828125
1788854379.0846565,2026-09-08T07:59:39.084656Z,8259,70,CTD,65535,255,1027.787109375
1788854379.284643,2026-09-08T07:59:39.284642Z,8259,70,CTD,65535,255,1027.7835693359375
1788854379.4845338,2026-09-08T07:59:39.484533Z,8259,70,CTD,65535,255,1027.7843017578125
1788854379.6845639,2026-09-08T07:59:39.684563Z,8259,70,CTD,65535,255,1027.7835693359375
1788854379.8845725,2026-09-08T07:59:39.884572Z,8259,70,CTD,65535,255,1027.784423828125
1788854380.0845466,2026-09-08T07:59:40.084546Z,8259,70,CTD,65535,255,1027.786376953125
1788854380.284451,2026-09-08T07:59:40.284451Z,8259,70,CTD,65535,255,1027.7828369140625
1788854380.4842675,2026-09-08T07:59:40.484267Z,8259,70,CTD,65535,255,1027.78466796875
1788854380.684249,2026-09-08T07:59:40.684248Z,8259,70,CTD,65535,255,1027.781982421875
1788854380.8841376,2026-09-08T07:59:40.884137Z,8259,70,CTD,65535,255,1027.7855224609375
1788854381.084407,2026-09-08T07:59:41.084407Z,8259,70,CTD,65535,255,1027.7845458984375
1788854381.2842598,2026-09-08T07:59:41.284259Z,8259,70,CTD,65535,255,1027.7845458984375
1788854381.483988,2026-09-08T07:59:41.483988Z,8259,70,CTD,65535,255,1027.783935546875
1788854381.6841826,2026-09-08T07:59:41.684182Z,8259,70,CTD,65535,255,1027.7835693359375
1788854381.8839338,2026-09-08T07:59:41.883933Z,8259,70,CTD,65535,255,1027.784423828125
1788854382.084254,2026-09-08T07:59:42.084254Z,8259,70,CTD,65535,255,1027.7841796875
1788854382.2839372,2026-09-08T07:59:42.283937Z,8259,70,CTD,65535,255,1027.782470703125
1788854382.4840276,2026-09-08T07:59:42.484027Z,8259,70,CTD,65535,255,1027.7811279296875
1788854382.6839662,2026-09-08T07:59:42.683966Z,8259,70,CTD,65535,255,1027.7825927734375
1788854382.8838148,2026-09-08T07:59:42.883814Z,8259,70,CTD,65535,255,1027.7869873046875
1788854383.0842412,2026-09-08T07:59:43.084241Z,8259,70,CTD,65535,255,1027.7789306640625
1788854383.2838602,2026-09-08T07:59:43.283860Z,8259,70,CTD,65535,255,1027.7833251953125
1788854383.483872,2026-09-08T07:59:43.483871Z,8259,70,CTD,65535,255,1027.7818603515625
1788854383.6839736,2026-09-08T07:59:43.683973Z,8259,70,CTD,65535,255,1027.779296875
1788854383.8838968,2026-09-08T07:59:43.883896Z,8259,70,CTD,65535,255,1027.780517578125
1788854384.0840724,2026-09-08T07:59:44.084072Z,8259,70,CTD,65535,255,1027.7830810546875
1788854384.2839806,2026-09-08T07:59:44.283980Z,8259,70,CTD,65535,255,1027.78125
1788854384.4839928,2026-09-08T07:59:44.483992Z,8259,70,CTD,65535,255,1027.783447265625
1788854384.6838913,2026-09-08T07:59:44.683891Z,8259,70,CTD,65535,255,1027.782958984375
1788854384.883788,2026-09-08T07:59:44.883788Z,8259,70,CTD,65535,255,1027.7813720703125
1788854385.0839057,2026-09-08T07:59:45.083905Z,8259,70,CTD,65535,255,1027.7816162109375
1788854385.2836225,2026-09-08T07:59:45.283622Z,8259,70,CTD,65535,255,1027.77880859375
1788854385.4836721,2026-09-08T07:59:45.483672Z,8259,70,CTD,65535,255,1027.7803955078125
1788854385.6834962,2026-09-08T07:59:45.683496Z,8259,70,CTD,65535,255,1027.7784423828125
1788854385.8832197,2026-09-08T07:59:45.883219Z,8259,70,CTD,65535,255,1027.7752685546875
1788854386.0832112,2026-09-08T07:59:46.083211Z,8259,70,CTD,65535,255,1027.78076171875
1788854386.2830029,2026-09-08T07:59:46.283002Z,8259,70,CTD,65535,255,1027.7813720703125
1788854386.482737,2026-09-08T07:59:46.482737Z,8259,70,CTD,65535,255,1027.7801513671875
1788854386.6826878,2026-09-08T07:59:46.682687Z,8259,70,CTD,65535,255,1027.7794189453125
1788854386.8826065,2026-09-08T07:59:46.882606Z,8259,70,CTD,65535,255,1027.7840576171875
1788854387.0827997,2026-09-08T07:59:47.082799Z,8259,70,CTD,65535,255,1027.7821044921875
1788854387.282711,2026-09-08T07:59:47.282711Z,8259,70,CTD,65535,255,1027.7781982421875
1788854387.4827218,2026-09-08T07:59:47.482721Z,8259,70,CTD,65535,255,1027.776123046875
1788854387.6827388,2026-09-08T07:59:47.682738Z,8259,70,CTD,65535,255,1027.77197265625
1788854387.8827534,2026-09-08T07:59:47.882753Z,8259,70,CTD,65535,255,1027.7728271484375
1788854388.0830207,2026-09-08T07:59:48.083020Z,8259,70,CTD,65535,255,1027.769775390625
1788854388.2830722,2026-09-08T07:59:48.283072Z,8259,70,CTD,65535,255,1027.7713623046875
1788854388.4831705,2026-09-08T07:59:48.483170Z,8259,70,CTD,65535,255,1027.7669677734375
1788854388.68342,2026-09-08T07:59:48.683419Z,8259,70,CTD,65535,255,1027.7713623046875
1788854388.8834736,2026-09-08T07:59:48.883473Z,8259,70,CTD,65535,255,1027.7691650390625
1788854389.0838094,2026-09-08T07:59:49.083809Z,8259,70,CTD,65535,255,1027.771484375
1788854389.2834766,2026-09-08T07:59:49.283476Z,8259,70,CTD,65535,255,1027.7677001953125
1788854389.4835198,2026-09-08T07:59:49.483519Z,8259,70,CTD,65535,255,1027.7652587890625
1788854389.6836224,2026-09-08T07:59:49.683622Z,8259,70,CTD,65535,255,1027.76904296875
1788854389.883516,2026-09-08T07:59:49.883516Z,8259,70,CTD,65535,255,1027.765625
1788854390.0837576,2026-09-08T07:59:50.083757Z,8259,70,CTD,65535,255,1027.7672119140625
1788854390.2836933,2026-09-08T07:59:50.283693Z,8259,70,CTD,65535,255,1027.76708984375
1788854390.4837875,2026-09-08T07:59:50.483787Z,8259,70,CTD,65535,255,1027.7650146484375
1788854390.683706,2026-09-08T07:59:50.683706Z,8259,70,CTD,65535,255,1027.764892578125
1788854390.8838525,2026-09-08T07:59:50.883852Z,8259,70,CTD,65535,255,1027.765380859375
1788854391.0842874,2026-09-08T07:59:51.084287Z,8259,70,CTD,65535,255,1027.7667236328125
1788854391.2841573,2026-09-08T07:59:51.284157Z,8259,70,CTD,65535,255,1027.76416015625
1788854391.4843118,2026-09-08T07:59:51.484311Z,8259,70,CTD,65535,255,1027.7659912109375
1788854391.6844919,2026-09-08T07:59:51.684491Z,8259,70,CTD,65535,255,1027.765869140625
1788854391.8845417,2026-09-08T07:59:51.884541Z,8259,70,CTD,65535,255,1027.7652587890625
1788854392.084669,2026-09-08T07:59:52.084669Z,8259,70,CTD,65535,255,1027.7630615234375
1788854392.2844253,2026-09-08T07:59:52.284425Z,8259,70,CTD,65535,255,1027.765625
1788854392.4843822,2026-09-08T07:59:52.484382Z,8259,70,CTD,65535,255,1027.7626953125
1788854392.6842716,2026-09-08T07:59:52.684271Z,8259,70,CTD,65535,255,1027.7667236328125
1788854392.8843176,2026-09-08T07:59:52.884317Z,8259,70,CTD,65535,255,1027.765625
1788854393.084322,2026-09-08T07:59:53.084321Z,8259,70,CTD,65535,255,1027.76318359375
1788854393.284304,2026-09-08T07:59:53.284303Z,8259,70,CTD,65535,255,1027.762939453125
1788854393.4840267,2026-09-08T07:59:53.484026Z,8259,70,CTD,65535,255,1027.7611083984375
1788854393.6841016,2026-09-08T07:59:53.684101Z,8259,70,CTD,65535,255,1027.765625
1788854393.8838391,2026-09-08T07:59:53.883839Z,8259,70,CTD,65535,255,1027.766357421875
1788854394.084658,2026-09-08T07:59:54.084657Z,8259,70,CTD,65535,255,1027.7615966796875
1788854394.2838368,2026-09-08T07:59:54.283836Z,8259,70,CTD,65535,255,1027.7598876953125
1788854394.4836552,2026-09-08T07:59:54.483655Z,8259,70,CTD,65535,255,1027.760986328125
1788854394.6836944,2026-09-08T07:59:54.683694Z,8259,70,CTD,65535,255,1027.764404296875
1788854394.8836377,2026-09-08T07:59:54.883637Z,8259,70,CTD,65535,255,1027.7686767578125
1788854395.0837824,2026-09-08T07:59:55.083782Z,8259,70,CTD,65535,255,1027.762451171875
1788854395.2836611,2026-09-08T07:59:55.283661Z,8259,70,CTD,65535,255,1027.7611083984375
1788854395.4836786,2026-09-08T07:59:55.483678Z,8259,70,CTD,65535,255,1027.76123046875
1788854395.68373,2026-09-08T07:59:55.683729Z,8259,70,CTD,65535,255,1027.765380859375
1788854395.8834941,2026-09-08T07:59:55.883494Z,8259,70,CTD,65535,255,1027.765380859375
1788854396.0838265,2026-09-08T07:59:56.083826Z,8259,70,CTD,65535,255,1027.764404296875
1788854396.2835479,2026-09-08T07:59:56.283547Z,8259,70,CTD,65535,255,1027.768310546875
1788854396.4836059,2026-09-08T07:59:56.483605Z,8259,70,CTD,65535,255,1027.76416015625
1788854396.6834912,2026-09-08T07:59:56.683491Z,8259,70,CTD,65535,255,1027.7562255859375
1788854396.8833897,2026-09-08T07:59:56.883389Z,8259,70,CTD,65535,255,1027.765869140625
1788854397.0836427,2026-09-08T07:59:57.083642Z,8259,70,CTD,65535,255,1027.7635498046875
1788854397.283671,2026-09-08T07:59:57.283670Z,8259,70,CTD,65535,255,1027.76318359375
1788854397.4835207,2026-09-08T07:59:57.483520Z,8259,70,CTD,65535,255,1027.7681884765625
1788854397.6834333,2026-09-08T07:59:57.683433Z,8259,70,CTD,65535,255,1027.769287109375
1788854397.8834953,2026-09-08T07:59:57.883495Z,8259,70,CTD,65535,255,1027.7716064453125
1788854398.0836136,2026-09-08T07:59:58.083613Z,8259,70,CTD,65535,255,1027.7677001953125
1788854398.283644,2026-09-08T07:59:58.283643Z,8259,70,CTD,65535,255,1027.765869140625
1788854398.4834778,2026-09-08T07:59:58.483477Z,8259,70,CTD,65535,255,1027.768310546875
1788854398.6835985,2026-09-08T07:59:58.683598Z,8259,70,CTD,65535,255,1027.7711181640625
1788854398.8836193,2026-09-08T07:59:58.883619Z,8259,70,CTD,65535,255,1027.7711181640625
1788854399.0837057,2026-09-08T07:59:59.083705Z,8259,70,CTD,65535,255,1027.7691650390625
1788854399.2836509,2026-09-08T07:59:59.283650Z,8259,70,CTD,65535,255,1027.768798828125
1788854399.4835901,2026-09-08T07:59:59.483590Z,8259,70,CTD,65535,255,1027.7711181640625
1788854399.6834786,2026-09-08T07:59:59.683478Z,8259,70,CTD,65535,255,1027.777099609375
1788854399.8834808,2026-09-08T07:59:59.883480Z,8259,70,CTD,65535,255,1027.7794189453125
1788854400.0837295,2026-09-08T08:00:00.083729Z,8259,70,CTD,65535,255,1027.777587890625
1788854400.2836366,2026-09-08T08:00:00.283636Z,8259,70,CTD,65535,255,1027.7703857421875
1788854400.483479,2026-09-08T08:00:00.483479Z,8259,70,CTD,65535,255,1027.771728515625
1788854400.6835628,2026-09-08T08:00:00.683562Z,8259,70,CTD,65535,255,1027.7760009765625
1788854400.8834906,2026-09-08T08:00:00.883490Z,8259,70,CTD,65535,255,1027.7744140625
1788854401.0836294,2026-09-08T08:00:01.083629Z,8259,70,CTD,65535,255,1027.7747802734375
1788854401.283618,2026-09-08T08:00:01.283617Z,8259,70,CTD,65535,255,1027.7779541015625
1788854401.4835188,2026-09-08T08:00:01.483518Z,8259,70,CTD,65535,255,1027.7821044921875
1788854401.6833155,2026-09-08T08:00:01.683315Z,8259,70,CTD,65535,255,1027.78271484375
1788854401.8834496,2026-09-08T08:00:01.883449Z,8259,70,CTD,65535,255,1027.7803955078125
1788854402.0835328,2026-09-08T08:00:02.083532Z,8259,70,CTD,65535,255,1027.7779541015625
1788854402.2834055,2026-09-08T08:00:02.283405Z,8259,70,CTD,65535,255,1027.7763671875
1788854402.483348,2026-09-08T08:00:02.483347Z,8259,70,CTD,65535,255,1027.7794189453125
1788854402.683403,2026-09-08T08:00:02.683403Z,8259,70,CTD,65535,255,1027.7801513671875
1788854402.883264,2026-09-08T08:00:02.883264Z,8259,70,CTD,65535,255,1027.776123046875
1788854403.0836132,2026-09-08T08:00:03.083613Z,8259,70,CTD,65535,255,1027.7789306640625
1788854403.2834513,2026-09-08T08:00:03.283451Z,8259,70,CTD,65535,255,1027.778076171875
1788854403.4833405,2026-09-08T08:00:03.483340Z,8259,70,CTD,65535,255,1027.7811279296875
1788854403.6834009,2026-09-08T08:00:03.683400Z,8259,70,CTD,65535,255,1027.7813720703125
1788854403.8832004,2026-09-08T08:00:03.883200Z,8259,70,CTD,65535,255,1027.776123046875
1788854404.0834692,2026-09-08T08:00:04.083469Z,8259,70,CTD,65535,255,1027.7786865234375
1788854404.283367,2026-09-08T08:00:04.283366Z,8259,70,CTD,65535,255,1027.7828369140625
1788854404.4832983,2026-09-08T08:00:04.483298Z,8259,70,CTD,65535,255,1027.778564453125
1788854404.6833088,2026-09-08T08:00:04.683308Z,8259,70,CTD,65535,255,1027.7784423828125
1788854404.8832314,2026-09-08T08:00:04.883231Z,8259,70,CTD,65535,255,1027.776611328125
1788854405.0835052,2026-09-08T08:00:05.083505Z,8259,70,CTD,65535,255,1027.7803955078125
1788854405.2834084,2026-09-08T08:00:05.283408Z,8259,70,CTD,65535,255,1027.7803955078125
1788854405.4833524,2026-09-08T08:00:05.483352Z,8259,70,CTD,65535,255,1027.7777099609375
1788854405.6833704,2026-09-08T08:00:05.683370Z,8259,70,CTD,65535,255,1027.7783203125
1788854405.8834097,2026-09-08T08:00:05.883409Z,8259,70,CTD,65535,255,1027.777587890625
1788854406.0834854,2026-09-08T08:00:06.083485Z,8259,70,CTD,65535,255,1027.77783203125
1788854406.2833164,2026-09-08T08:00:06.283316Z,8259,70,CTD,65535,255,1027.7850341796875
1788854406.4834003,2026-09-08T08:00:06.483400Z,8259,70,CTD,65535,255,1027.7801513671875
1788854406.683225,2026-09-08T08:00:06.683224Z,8259,70,CTD,65535,255,1027.7779541015625
1788854406.8832166,2026-09-08T08:00:06.883216Z,8259,70,CTD,65535,255,1027.7760009765625
1788854407.0834413,2026-09-08T08:00:07.083441Z,8259,70,CTD,65535,255,1027.77734375
1788854407.2833347,2026-09-08T08:00:07.283334Z,8259,70,CTD,65535,255,1027.7825927734375
1788854407.4832995,2026-09-08T08:00:07.483299Z,8259,70,CTD,65535,255,1027.7813720703125
1788854407.683392,2026-09-08T08:00:07.683392Z,8259,70,CTD,65535,255,1027.7755126953125
1788854407.883299,2026-09-08T08:00:07.883299Z,8259,70,CTD,65535,255,1027.7791748046875
1788854408.083525,2026-09-08T08:00:08.083524Z,8259,70,CTD,65535,255,1027.7816162109375
1788854408.2833524,2026-09-08T08:00:08.283352Z,8259,70,CTD,65535,255,1027.7806396484375
1788854408.4832463,2026-09-08T08:00:08.483246Z,8259,70,CTD,65535,255,1027.7786865234375
1788854408.6831968,2026-09-08T08:00:08.683196Z,8259,70,CTD,65535,255,1027.779296875
1788854408.8831642,2026-09-08T08:00:08.883164Z,8259,70,CTD,65535,255,1027.782470703125
1788854409.0831747,2026-09-08T08:00:09.083174Z,8259,70,CTD,65535,255,1027.7843017578125
1788854409.282641,2026-09-08T08:00:09.282640Z,8259,70,CTD,65535,255,1027.7774658203125
1788854409.482299,2026-09-08T08:00:09.482299Z,8259,70,CTD,65535,255,1027.7769775390625
1788854409.6820812,2026-09-08T08:00:09.682081Z,8259,70,CTD,65535,255,1027.7774658203125
1788854409.8817623,2026-09-08T08:00:09.881762Z,8259,70,CTD,65535,255,1027.783203125
1788854410.0815146,2026-09-08T08:00:10.081514Z,8259,70,CTD,65535,255,1027.782958984375
1788854410.2807276,2026-09-08T08:00:10.280727Z,8259,70,CTD,65535,255,1027.7835693359375
1788854410.4803867,2026-09-08T08:00:10.480386Z,8259,70,CTD,65535,255,1027.779052734375
1788854410.679627,2026-09-08T08:00:10.679626Z,8259,70,CTD,65535,255,1027.7806396484375
1788854410.879574,2026-09-08T08:00:10.879574Z,8259,70,CTD,65535,255,1027.7852783203125
1788854411.0795407,2026-09-08T08:00:11.079540Z,8259,70,CTD,65535,255,1027.7806396484375
1788854411.2789261,2026-09-08T08:00:11.278926Z,8259,70,CTD,65535,255,1027.777587890625
1788854411.4787052,2026-09-08T08:00:11.478705Z,8259,70,CTD,65535,255,1027.7772216796875
1788854411.6787422,2026-09-08T08:00:11.678742Z,8259,70,CTD,65535,255,1027.7803955078125
1788854411.8786228,2026-09-08T08:00:11.878622Z,8259,70,CTD,65535,255,1027.78515625
1788854412.0788186,2026-09-08T08:00:12.078818Z,8259,70,CTD,65535,255,1027.781982421875
1788854412.278707,2026-09-08T08:00:12.278707Z,8259,70,CTD,65535,255,1027.7799072265625
1788854412.4787295,2026-09-08T08:00:12.478729Z,8259,70,CTD,65535,255,1027.777587890625
1788854412.678724,2026-09-08T08:00:12.678724Z,8259,70,CTD,65535,255,1027.7835693359375
1788854412.8787708,2026-09-08T08:00:12.878770Z,8259,70,CTD,65535,255,1027.7796630859375
1788854413.0790746,2026-09-08T08:00:13.079074Z,8259,70,CTD,65535,255,1027.7799072265625
1788854413.2791674,2026-09-08T08:00:13.279167Z,8259,70,CTD,65535,255,1027.78125
1788854413.4791868,2026-09-08T08:00:13.479186Z,8259,70,CTD,65535,255,1027.782958984375
1788854413.6792521,2026-09-08T08:00:13.679252Z,8259,70,CTD,65535,255,1027.780029296875
1788854413.879366,2026-09-08T08:00:13.879365Z,8259,70,CTD,65535,255,1027.782958984375
1788854414.0796561,2026-09-08T08:00:14.079656Z,8259,70,CTD,65535,255,1027.7777099609375
1788854414.2793553,2026-09-08T08:00:14.279355Z,8259,70,CTD,65535,255,1027.781982421875
1788854414.479708,2026-09-08T08:00:14.479707Z,8259,70,CTD,65535,255,1027.7796630859375
1788854414.6795814,2026-09-08T08:00:14.679581Z,8259,70,CTD,65535,255,1027.77734375
1788854414.8798869,2026-09-08T08:00:14.879886Z,8259,70,CTD,65535,255,1027.777099609375
1788854415.0799253,2026-09-08T08:00:15.079925Z,8259,70,CTD,65535,255,1027.777587890625
1788854415.2801287,2026-09-08T08:00:15.280128Z,8259,70,CTD,65535,255,1027.78271484375
1788854415.4801588,2026-09-08T08:00:15.480158Z,8259,70,CTD,65535,255,1027.7767333984375
1788854415.6801963,2026-09-08T08:00:15.680196Z,8259,70,CTD,65535,255,1027.7794189453125
1788854415.8803468,2026-09-08T08:00:15.880346Z,8259,70,CTD,65535,255,1027.7799072265625
1788854416.0805383,2026-09-08T08:00:16.080538Z,8259,70,CTD,65535,255,1027.781982421875
1788854416.2804332,2026-09-08T08:00:16.280433Z,8259,70,CTD,65535,255,1027.7781982421875
1788854416.4802358,2026-09-08T08:00:16.480235Z,8259,70,CTD,65535,255,1027.7774658203125
1788854416.680376,2026-09-08T08:00:16.680376Z,8259,70,CTD,65535,255,1027.783203125
1788854416.8804572,2026-09-08T08:00:16.880457Z,8259,70,CTD,65535,255,1027.781005859375
1788854417.0804722,2026-09-08T08:00:17.080472Z,8259,70,CTD,65535,255,1027.7786865234375
1788854417.2808309,2026-09-08T08:00:17.280830Z,8259,70,CTD,65535,255,1027.7772216796875
1788854417.4805596,2026-09-08T08:00:17.480559Z,8259,70,CTD,65535,255,1027.77978515625
1788854417.680569,2026-09-08T08:00:17.680568Z,8259,70,CTD,65535,255,1027.7816162109375
1788854417.880476,2026-09-08T08:00:17.880475Z,8259,70,CTD,65535,255,1027.779541015625
1788854418.080475,2026-09-08T08:00:18.080475Z,8259,70,CTD,65535,255,1027.778564453125
1788854418.2805328,2026-09-08T08:00:18.280532Z,8259,70,CTD,65535,255,1027.77490234375
1788854418.4804728,2026-09-08T08:00:18.480472Z,8259,70,CTD,65535,255,1027.777587890625
1788854418.6803854,2026-09-08T08:00:18.680385Z,8259,70,CTD,65535,255,1027.7796630859375
1788854418.8805125,2026-09-08T08:00:18.880512Z,8259,70,CTD,65535,255,1027.7825927734375
1788854419.0806155,2026-09-08T08:00:19.080615Z,8259,70,CTD,65535,255,1027.7796630859375
1788854419.2804298,2026-09-08T08:00:19.280429Z,8259,70,CTD,65535,255,1027.777099609375
1788854419.4804838,2026-09-08T08:00:19.480483Z,8259,70,CTD,65535,255,1027.77734375
1788854419.6802087,2026-09-08T08:00:19.680208Z,8259,70,CTD,65535,255,1027.7777099609375
1788854419.8803668,2026-09-08T08:00:19.880366Z,8259,70,CTD,65535,255,1027.7752685546875
1788854420.080309,2026-09-08T08:00:20.080308Z,8259,70,CTD,65535,255,1027.7799072265625
1788854420.2804346,2026-09-08T08:00:20.280434Z,8259,70,CTD,65535,255,1027.7791748046875
1788854420.4801514,2026-09-08T08:00:20.480151Z,8259,70,CTD,65535,255,1027.77978515625
1788854420.6802866,2026-09-08T08:00:20.680286Z,8259,70,CTD,65535,255,1027.78076171875
1788854420.8800259,2026-09-08T08:00:20.880025Z,8259,70,CTD,65535,255,1027.778564453125
1788854421.0804927,2026-09-08T08:00:21.080492Z,8259,70,CTD,65535,255,1027.7764892578125
1788854421.2801461,2026-09-08T08:00:21.280146Z,8259,70,CTD,65535,255,1027.7799072265625
1788854421.4802978,2026-09-08T08:00:21.480297Z,8259,70,CTD,65535,255,1027.779296875
1788854421.6800485,2026-09-08T08:00:21.680048Z,8259,70,CTD,65535,255,1027.77197265625
1788854421.8802607,2026-09-08T08:00:21.880260Z,8259,70,CTD,65535,255,1027.7723388671875
1788854422.0802345,2026-09-08T08:00:22.080234Z,8259,70,CTD,65535,255,1027.7730712890625
1788854422.28036,2026-09-08T08:00:22.280359Z,8259,70,CTD,65535,255,1027.772705078125
1788854422.4800735,2026-09-08T08:00:22.480073Z,8259,70,CTD,65535,255,1027.770751953125
1788854422.6802826,2026-09-08T08:00:22.680282Z,8259,70,CTD,65535,255,1027.7720947265625
1788854422.8800082,2026-09-08T08:00:22.880008Z,8259,70,CTD,65535,255,1027.7694091796875
1788854423.080262,2026-09-08T08:00:23.080261Z,8259,70,CTD,65535,255,1027.7691650390625
1788854423.2800555,2026-09-08T08:00:23.280055Z,8259,70,CTD,65535,255,1027.7698974609375
1788854423.4803364,2026-09-08T08:00:23.480336Z,8259,70,CTD,65535,255,1027.7696533203125
1788854423.6800451,2026-09-08T08:00:23.680045Z,8259,70,CTD,65535,255,1027.7706298828125
1788854423.88007,2026-09-08T08:00:23.880069Z,8259,70,CTD,65535,255,1027.772216796875
1788854424.0808747,2026-09-08T08:00:24.080874Z,8259,70,CTD,65535,255,1027.7724609375
1788854424.2802827,2026-09-08T08:00:24.280282Z,8259,70,CTD,65535,255,1027.775146484375
1788854424.4799836,2026-09-08T08:00:24.479983Z,8259,70,CTD,65535,255,1027.7781982421875
1788854424.6802754,2026-09-08T08:00:24.680275Z,8259,70,CTD,65535,255,1027.778564453125
1788854424.8802118,2026-09-08T08:00:24.880211Z,8259,70,CTD,65535,255,1027.778076171875
1788854425.0802736,2026-09-08T08:00:25.080273Z,8259,70,CTD,65535,255,1027.778076171875
1788854425.280026,2026-09-08T08:00:25.280025Z,8259,70,CTD,65535,255,1027.7744140625
1788854425.4802306,2026-09-08T08:00:25.480230Z,8259,70,CTD,65535,255,1027.7774658203125
1788854425.6799908,2026-09-08T08:00:25.679990Z,8259,70,CTD,65535,255,1027.77685546875
1788854425.8797965,2026-09-08T08:00:25.879796Z,8259,70,CTD,65535,255,1027.7772216796875
1788854426.0798962,2026-09-08T08:00:26.079896Z,8259,70,CTD,65535,255,1027.779296875
1788854426.2794507,2026-09-08T08:00:26.279450Z,8259,70,CTD,65535,255,1027.7803955078125
1788854426.4788537,2026-09-08T08:00:26.478853Z,8259,70,CTD,65535,255,1027.780517578125
1788854426.6787522,2026-09-08T08:00:26.678752Z,8259,70,CTD,65535,255,1027.7845458984375
1788854426.878374,2026-09-08T08:00:26.878374Z,8259,70,CTD,65535,255,1027.779052734375
1788854427.0780723,2026-09-08T08:00:27.078072Z,8259,70,CTD,65535,255,1027.779052734375
1788854427.2772129,2026-09-08T08:00:27.277212Z,8259,70,CTD,65535,255,1027.7802734375
1788854427.4767313,2026-09-08T08:00:27.476731Z,8259,70,CTD,65535,255,1027.7808837890625
1788854427.6761718,2026-09-08T08:00:27.676171Z,8259,70,CTD,65535,255,1027.7799072265625
1788854427.8757923,2026-09-08T08:00:27.875792Z,8259,70,CTD,65535,255,1027.7803955078125
1788854428.075632,2026-09-08T08:00:28.075632Z,8259,70,CTD,65535,255,1027.7794189453125
1788854428.2752838,2026-09-08T08:00:28.275283Z,8259,70,CTD,65535,255,1027.7802734375
1788854428.4747474,2026-09-08T08:00:28.474747Z,8259,70,CTD,65535,255,1027.780517578125
1788854428.6747391,2026-09-08T08:00:28.674739Z,8259,70,CTD,65535,255,1027.7799072265625
1788854428.874581,2026-09-08T08:00:28.874581Z,8259,70,CTD,65535,255,1027.7828369140625
1788854429.0747635,2026-09-08T08:00:29.074763Z,8259,70,CTD,65535,255,1027.7828369140625
1788854429.2747347,2026-09-08T08:00:29.274734Z,8259,70,CTD,65535,255,1027.776611328125
1788854429.474723,2026-09-08T08:00:29.474723Z,8259,70,CTD,65535,255,1027.7825927734375
1788854429.674784,2026-09-08T08:00:29.674783Z,8259,70,CTD,65535,255,1027.781982421875
1788854429.8747482,2026-09-08T08:00:29.874748Z,8259,70,CTD,65535,255,1027.78271484375
1788854430.0755198,2026-09-08T08:00:30.075519Z,8259,70,CTD,65535,255,1027.77880859375
1788854430.2750285,2026-09-08T08:00:30.275028Z,8259,70,CTD,65535,255,1027.7830810546875
1788854430.4754953,2026-09-08T08:00:30.475495Z,8259,70,CTD,65535,255,1027.7802734375
1788854430.6757476,2026-09-08T08:00:30.675747Z,8259,70,CTD,65535,255,1027.77880859375
1788854430.8759956,2026-09-08T08:00:30.875995Z,8259,70,CTD,65535,255,1027.7821044921875
1788854431.0764234,2026-09-08T08:00:31.076423Z,8259,70,CTD,65535,255,1027.7823486328125
1788854431.2766244,2026-09-08T08:00:31.276624Z,8259,70,CTD,65535,255,1027.78173828125
1788854431.476668,2026-09-08T08:00:31.476667Z,8259,70,CTD,65535,255,1027.781494140625
1788854431.6771975,2026-09-08T08:00:31.677197Z,8259,70,CTD,65535,255,1027.7799072265625
1788854431.877435,2026-09-08T08:00:31.877434Z,8259,70,CTD,65535,255,1027.7835693359375
1788854432.077513,2026-09-08T08:00:32.077512Z,8259,70,CTD,65535,255,1027.77587890625
1788854432.2775471,2026-09-08T08:00:32.277547Z,8259,70,CTD,65535,255,1027.7786865234375
1788854432.4779942,2026-09-08T08:00:32.477994Z,8259,70,CTD,65535,255,1027.7821044921875
1788854432.678048,2026-09-08T08:00:32.678047Z,8259,70,CTD,65535,255,1027.7794189453125
1788854432.8781745,2026-09-08T08:00:32.878174Z,8259,70,CTD,65535,255,1027.779296875
1788854433.0783172,2026-09-08T08:00:33.078317Z,8259,70,CTD,65535,255,1027.7802734375
1788854433.2783408,2026-09-08T08:00:33.278340Z,8259,70,CTD,65535,255,1027.7801513671875
1788854433.4783757,2026-09-08T08:00:33.478375Z,8259,70,CTD,65535,255,1027.7783203125
1788854433.6782851,2026-09-08T08:00:33.678285Z,8259,70,CTD,65535,255,1027.77978515625
1788854433.8783908,2026-09-08T08:00:33.878390Z,8259,70,CTD,65535,255,1027.7801513671875
1788854434.0786803,2026-09-08T08:00:34.078680Z,8259,70,CTD,65535,255,1027.7806396484375
1788854434.278473,2026-09-08T08:00:34.278472Z,8259,70,CTD,65535,255,1027.779052734375
1788854434.4786072,2026-09-08T08:00:34.478607Z,8259,70,CTD,65535,255,1027.7811279296875
1788854434.6786745,2026-09-08T08:00:34.678674Z,8259,70,CTD,65535,255,1027.7799072265625
1788854434.8787167,2026-09-08T08:00:34.878716Z,8259,70,CTD,65535,255,1027.7802734375
1788854435.078706,2026-09-08T08:00:35.078706Z,8259,70,CTD,65535,255,1027.7772216796875
1788854435.278764,2026-09-08T08:00:35.278764Z,8259,70,CTD,65535,255,1027.7799072265625
1788854435.4788485,2026-09-08T08:00:35.478848Z,8259,70,CTD,65535,255,1027.777099609375
1788854435.6787636,2026-09-08T08:00:35.678763Z,8259,70,CTD,65535,255,1027.7772216796875
1788854435.8787365,2026-09-08T08:00:35.878736Z,8259,70,CTD,65535,255,1027.7786865234375
1788854436.078784,2026-09-08T08:00:36.078783Z,8259,70,CTD,65535,255,1027.778564453125
1788854436.2782812,2026-09-08T08:00:36.278281Z,8259,70,CTD,65535,255,1027.7799072265625
1788854436.4784346,2026-09-08T08:00:36.478434Z,8259,70,CTD,65535,255,1027.7796630859375
1788854436.6779506,2026-09-08T08:00:36.677950Z,8259,70,CTD,65535,255,1027.77880859375
1788854436.87814,2026-09-08T08:00:36.878139Z,8259,70,CTD,65535,255,1027.7789306640625
1788854437.078586,2026-09-08T08:00:37.078586Z,8259,70,CTD,65535,255,1027.7850341796875
1788854437.278671,2026-09-08T08:00:37.278671Z,8259,70,CTD,65535,255,1027.7799072265625
1788854437.4790244,2026-09-08T08:00:37.479024Z,8259,70,CTD,65535,255,1027.7801513671875
1788854437.6788318,2026-09-08T08:00:37.678831Z,8259,70,CTD,65535,255,1027.777587890625
1788854437.879335,2026-09-08T08:00:37.879334Z,8259,70,CTD,65535,255,1027.7763671875
1788854438.0799177,2026-09-08T08:00:38.079917Z,8259,70,CTD,65535,255,1027.7769775390625
1788854438.280349,2026-09-08T08:00:38.280349Z,8259,70,CTD,65535,255,1027.7764892578125
1788854438.4806302,2026-09-08T08:00:38.480630Z,8259,70,CTD,65535,255,1027.779052734375
1788854438.6812773,2026-09-08T08:00:38.681277Z,8259,70,CTD,65535,255,1027.7802734375
1788854438.8817568,2026-09-08T08:00:38.881756Z,8259,70,CTD,65535,255,1027.778564453125
1788854439.0821917,2026-09-08T08:00:39.082191Z,8259,70,CTD,65535,255,1027.7750244140625
1788854439.2822707,2026-09-08T08:00:39.282270Z,8259,70,CTD,65535,255,1027.776611328125
1788854439.4824786,2026-09-08T08:00:39.482478Z,8259,70,CTD,65535,255,1027.77734375
1788854439.6827202,2026-09-08T08:00:39.682720Z,8259,70,CTD,65535,255,1027.7767333984375
1788854439.8826613,2026-09-08T08:00:39.882661Z,8259,70,CTD,65535,255,1027.7764892578125
1788854440.0830424,2026-09-08T08:00:40.083042Z,8259,70,CTD,65535,255,1027.776123046875
1788854440.2826972,2026-09-08T08:00:40.282697Z,8259,70,CTD,65535,255,1027.7769775390625
1788854440.482598,2026-09-08T08:00:40.482598Z,8259,70,CTD,65535,255,1027.7818603515625
1788854440.682724,2026-09-08T08:00:40.682723Z,8259,70,CTD,65535,255,1027.77880859375
1788854440.882568,2026-09-08T08:00:40.882567Z,8259,70,CTD,65535,255,1027.777587890625
1788854441.0827656,2026-09-08T08:00:41.082765Z,8259,70,CTD,65535,255,1027.7767333984375
1788854441.2823186,2026-09-08T08:00:41.282318Z,8259,70,CTD,65535,255,1027.7783203125
1788854441.4822354,2026-09-08T08:00:41.482235Z,8259,70,CTD,65535,255,1027.7789306640625
1788854441.6830764,2026-09-08T08:00:41.683076Z,8259,70,CTD,65535,255,1027.7772216796875
1788854441.881963,2026-09-08T08:00:41.881963Z,8259,70,CTD,65535,255,1027.77783203125
1788854442.082005,2026-09-08T08:00:42.082005Z,8259,70,CTD,65535,255,1027.779296875
1788854442.2818627,2026-09-08T08:00:42.281862Z,8259,70,CTD,65535,255,1027.77978515625
1788854442.4816532,2026-09-08T08:00:42.481653Z,8259,70,CTD,65535,255,1027.780029296875
1788854442.6833305,2026-09-08T08:00:42.683330Z,8259,70,CTD,65535,255,1027.7794189453125
1788854442.8813772,2026-09-08T08:00:42.881377Z,8259,70,CTD,65535,255,1027.7784423828125
1788854443.0814314,2026-09-08T08:00:43.081431Z,8259,70,CTD,65535,255,1027.7755126953125
1788854443.2810764,2026-09-08T08:00:43.281076Z,8259,70,CTD,65535,255,1027.776611328125
1788854443.4811735,2026-09-08T08:00:43.481173Z,8259,70,CTD,65535,255,1027.773681640625
1788854443.681015,2026-09-08T08:00:43.681015Z,8259,70,CTD,65535,255,1027.776611328125
1788854443.8809037,2026-09-08T08:00:43.880903Z,8259,70,CTD,65535,255,1027.773681640625
1788854444.0809293,2026-09-08T08:00:44.080929Z,8259,70,CTD,65535,255,1027.7744140625
1788854444.2806036,2026-09-08T08:00:44.280603Z,8259,70,CTD,65535,255,1027.774169921875
1788854444.4804542,2026-09-08T08:00:44.480454Z,8259,70,CTD,65535,255,1027.774658203125
1788854444.6799831,2026-09-08T08:00:44.679983Z,8259,70,CTD,65535,255,1027.776611328125
1788854444.8800187,2026-09-08T08:00:44.880018Z,8259,70,CTD,65535,255,1027.7783203125
1788854445.079804,2026-09-08T08:00:45.079803Z,8259,70,CTD,65535,255,1027.7757568359375
1788854445.2796233,2026-09-08T08:00:45.279623Z,8259,70,CTD,65535,255,1027.77880859375
1788854445.4794405,2026-09-08T08:00:45.479440Z,8259,70,CTD,65535,255,1027.77783203125
1788854445.6791103,2026-09-08T08:00:45.679110Z,8259,70,CTD,65535,255,1027.776123046875
1788854445.8786922,2026-09-08T08:00:45.878692Z,8259,70,CTD,65535,255,1027.7779541015625
1788854446.0790427,2026-09-08T08:00:46.079042Z,8259,70,CTD,65535,255,1027.7767333984375
1788854446.2786708,2026-09-08T08:00:46.278670Z,8259,70,CTD,65535,255,1027.77880859375
1788854446.4786763,2026-09-08T08:00:46.478676Z,8259,70,CTD,65535,255,1027.778076171875
1788854446.6786108,2026-09-08T08:00:46.678610Z,8259,70,CTD,65535,255,1027.778076171875
1788854446.8785133,2026-09-08T08:00:46.878513Z,8259,70,CTD,65535,255,1027.77978515625
1788854447.0784993,2026-09-08T08:00:47.078499Z,8259,70,CTD,65535,255,1027.77880859375
1788854447.278626,2026-09-08T08:00:47.278625Z,8259,70,CTD,65535,255,1027.7767333984375
1788854447.478607,2026-09-08T08:00:47.478606Z,8259,70,CTD,65535,255,1027.7745361328125
1788854447.6783774,2026-09-08T08:00:47.678377Z,8259,70,CTD,65535,255,1027.7735595703125
1788854447.8786185,2026-09-08T08:00:47.878618Z,8259,70,CTD,65535,255,1027.777099609375
1788854448.0786526,2026-09-08T08:00:48.078652Z,8259,70,CTD,65535,255,1027.7779541015625
1788854448.2785668,2026-09-08T08:00:48.278566Z,8259,70,CTD,65535,255,1027.77294921875
1788854448.4788635,2026-09-08T08:00:48.478863Z,8259,70,CTD,65535,255,1027.7764892578125
1788854448.6788723,2026-09-08T08:00:48.678872Z,8259,70,CTD,65535,255,1027.7744140625
1788854448.8786602,2026-09-08T08:00:48.878660Z,8259,70,CTD,65535,255,1027.773681640625
1788854449.0789359,2026-09-08T08:00:49.078935Z,8259,70,CTD,65535,255,1027.77392578125
1788854449.2791655,2026-09-08T08:00:49.279165Z,8259,70,CTD,65535,255,1027.7728271484375
1788854449.4791408,2026-09-08T08:00:49.479140Z,8259,70,CTD,65535,255,1027.772216796875
1788854449.679259,2026-09-08T08:00:49.679259Z,8259,70,CTD,65535,255,1027.7694091796875
1788854449.8791683,2026-09-08T08:00:49.879168Z,8259,70,CTD,65535,255,1027.77099609375
1788854450.079415,2026-09-08T08:00:50.079415Z,8259,70,CTD,65535,255,1027.770751953125
1788854450.2793844,2026-09-08T08:00:50.279384Z,8259,70,CTD,65535,255,1027.76806640625
1788854450.479326,2026-09-08T08:00:50.479326Z,8259,70,CTD,65535,255,1027.76953125
1788854450.6803007,2026-09-08T08:00:50.680300Z,8259,70,CTD,65535,255,1027.77001953125
1788854450.8793771,2026-09-08T08:00:50.879377Z,8259,70,CTD,65535,255,1027.7684326171875
1788854451.0793536,2026-09-08T08:00:51.079353Z,8259,70,CTD,65535,255,1027.7708740234375
1788854451.2794626,2026-09-08T08:00:51.279462Z,8259,70,CTD,65535,255,1027.7694091796875
1788854451.4792736,2026-09-08T08:00:51.479273Z,8259,70,CTD,65535,255,1027.770263671875
1788854451.6794095,2026-09-08T08:00:51.679409Z,8259,70,CTD,65535,255,1027.7685546875
1788854451.8791733,2026-09-08T08:00:51.879173Z,8259,70,CTD,65535,255,1027.7701416015625
1788854452.0797608,2026-09-08T08:00:52.079760Z,8259,70,CTD,65535,255,1027.7716064453125
1788854452.2795372,2026-09-08T08:00:52.279537Z,8259,70,CTD,65535,255,1027.769775390625
1788854452.4794333,2026-09-08T08:00:52.479433Z,8259,70,CTD,65535,255,1027.768798828125
1788854452.6794512,2026-09-08T08:00:52.679451Z,8259,70,CTD,65535,255,1027.7713623046875
1788854452.8794274,2026-09-08T08:00:52.879427Z,8259,70,CTD,65535,255,1027.7728271484375
1788854453.0794759,2026-09-08T08:00:53.079475Z,8259,70,CTD,65535,255,1027.7706298828125
1788854453.2795124,2026-09-08T08:00:53.279512Z,8259,70,CTD,65535,255,1027.7691650390625
1788854453.4794645,2026-09-08T08:00:53.479464Z,8259,70,CTD,65535,255,1027.770751953125
1788854453.679156,2026-09-08T08:00:53.679156Z,8259,70,CTD,65535,255,1027.769287109375
1788854453.8793864,2026-09-08T08:00:53.879386Z,8259,70,CTD,65535,255,1027.770263671875
1788854454.0801003,2026-09-08T08:00:54.080100Z,8259,70,CTD,65535,255,1027.770751953125
1788854454.2794297,2026-09-08T08:00:54.279429Z,8259,70,CTD,65535,255,1027.77197265625
1788854454.4794047,2026-09-08T08:00:54.479404Z,8259,70,CTD,65535,255,1027.7735595703125
1788854454.6794503,2026-09-08T08:00:54.679450Z,8259,70,CTD,65535,255,1027.76806640625
1788854454.8793921,2026-09-08T08:00:54.879392Z,8259,70,CTD,65535,255,1027.7742919921875
1788854455.07935,2026-09-08T08:00:55.079349Z,8259,70,CTD,65535,255,1027.7686767578125
1788854455.2794495,2026-09-08T08:00:55.279449Z,8259,70,CTD,65535,255,1027.7694091796875
1788854455.4794052,2026-09-08T08:00:55.479405Z,8259,70,CTD,65535,255,1027.7716064453125
1788854455.6793187,2026-09-08T08:00:55.679318Z,8259,70,CTD,65535,255,1027.771728515625
1788854455.8792768,2026-09-08T08:00:55.879276Z,8259,70,CTD,65535,255,1027.769775390625
1788854456.079114,2026-09-08T08:00:56.079113Z,8259,70,CTD,65535,255,1027.7703857421875
1788854456.278996,2026-09-08T08:00:56.278995Z,8259,70,CTD,65535,255,1027.76953125
1788854456.4787643,2026-09-08T08:00:56.478764Z,8259,70,CTD,65535,255,1027.7728271484375
1788854456.6786213,2026-09-08T08:00:56.678621Z,8259,70,CTD,65535,255,1027.7694091796875
1788854456.878436,2026-09-08T08:00:56.878436Z,8259,70,CTD,65535,255,1027.7696533203125
1788854457.0780816,2026-09-08T08:00:57.078081Z,8259,70,CTD,65535,255,1027.7706298828125
1788854457.2780075,2026-09-08T08:00:57.278007Z,8259,70,CTD,65535,255,1027.7698974609375
1788854457.4776678,2026-09-08T08:00:57.477667Z,8259,70,CTD,65535,255,1027.77099609375
1788854457.6773593,2026-09-08T08:00:57.677359Z,8259,70,CTD,65535,255,1027.7686767578125
1788854457.8771167,2026-09-08T08:00:57.877116Z,8259,70,CTD,65535,255,1027.7705078125
1788854458.076976,2026-09-08T08:00:58.076976Z,8259,70,CTD,65535,255,1027.7686767578125
1788854458.2769804,2026-09-08T08:00:58.276980Z,8259,70,CTD,65535,255,1027.7694091796875
1788854458.4765475,2026-09-08T08:00:58.476547Z,8259,70,CTD,65535,255,1027.7677001953125
1788854458.6766644,2026-09-08T08:00:58.676664Z,8259,70,CTD,65535,255,1027.76904296875
1788854458.8762743,2026-09-08T08:00:58.876274Z,8259,70,CTD,65535,255,1027.768310546875
1788854459.0762212,2026-09-08T08:00:59.076221Z,8259,70,CTD,65535,255,1027.7698974609375
1788854459.2761035,2026-09-08T08:00:59.276103Z,8259,70,CTD,65535,255,1027.767822265625
1788854459.4761689,2026-09-08T08:00:59.476168Z,8259,70,CTD,65535,255,1027.7664794921875
1788854459.675548,2026-09-08T08:00:59.675548Z,8259,70,CTD,65535,255,1027.768798828125
1788854459.8752542,2026-09-08T08:00:59.875254Z,8259,70,CTD,65535,255,1027.767333984375
1788854460.0748923,2026-09-08T08:01:00.074892Z,8259,70,CTD,65535,255,1027.7685546875
1788854460.274652,2026-09-08T08:01:00.274652Z,8259,70,CTD,65535,255,1027.765625
1788854460.4740767,2026-09-08T08:01:00.474076Z,8259,70,CTD,65535,255,1027.7674560546875
1788854460.6738887,2026-09-08T08:01:00.673888Z,8259,70,CTD,65535,255,1027.7635498046875
1788854460.8735805,2026-09-08T08:01:00.873580Z,8259,70,CTD,65535,255,1027.7650146484375
1788854461.0735006,2026-09-08T08:01:01.073500Z,8259,70,CTD,65535,255,1027.7689208984375
1788854461.2734537,2026-09-08T08:01:01.273453Z,8259,70,CTD,65535,255,1027.764404296875
1788854461.4732847,2026-09-08T08:01:01.473284Z,8259,70,CTD,65535,255,1027.764892578125
1788854461.6729183,2026-09-08T08:01:01.672918Z,8259,70,CTD,65535,255,1027.7669677734375
1788854461.8730736,2026-09-08T08:01:01.873073Z,8259,70,CTD,65535,255,1027.7598876953125
1788854462.0730824,2026-09-08T08:01:02.073082Z,8259,70,CTD,65535,255,1027.7652587890625
1788854462.2732635,2026-09-08T08:01:02.273263Z,8259,70,CTD,65535,255,1027.7611083984375
1788854462.473308,2026-09-08T08:01:02.473308Z,8259,70,CTD,65535,255,1027.76513671875
1788854462.6733437,2026-09-08T08:01:02.673343Z,8259,70,CTD,65535,255,1027.7652587890625
1788854462.8734117,2026-09-08T08:01:02.873411Z,8259,70,CTD,65535,255,1027.7618408203125
1788854463.0736384,2026-09-08T08:01:03.073638Z,8259,70,CTD,65535,255,1027.7606201171875
1788854463.2737389,2026-09-08T08:01:03.273738Z,8259,70,CTD,65535,255,1027.76123046875
1788854463.4735808,2026-09-08T08:01:03.473580Z,8259,70,CTD,65535,255,1027.762939453125
1788854463.6739697,2026-09-08T08:01:03.673969Z,8259,70,CTD,65535,255,1027.762939453125
1788854463.8740485,2026-09-08T08:01:03.874048Z,8259,70,CTD,65535,255,1027.764892578125
1788854464.074378,2026-09-08T08:01:04.074378Z,8259,70,CTD,65535,255,1027.7603759765625
1788854464.27437,2026-09-08T08:01:04.274369Z,8259,70,CTD,65535,255,1027.762451171875
1788854464.474403,2026-09-08T08:01:04.474402Z,8259,70,CTD,65535,255,1027.763427734375
1788854464.6744757,2026-09-08T08:01:04.674475Z,8259,70,CTD,65535,255,1027.758056640625
1788854464.8743367,2026-09-08T08:01:04.874336Z,8259,70,CTD,65535,255,1027.7625732421875
1788854465.0746186,2026-09-08T08:01:05.074618Z,8259,70,CTD,65535,255,1027.7606201171875
1788854465.2748702,2026-09-08T08:01:05.274870Z,8259,70,CTD,65535,255,1027.7591552734375
1788854465.4745414,2026-09-08T08:01:05.474541Z,8259,70,CTD,65535,255,1027.7579345703125
1788854465.6748292,2026-09-08T08:01:05.674829Z,8259,70,CTD,65535,255,1027.7606201171875
1788854465.87491,2026-09-08T08:01:05.874910Z,8259,70,CTD,65535,255,1027.760009765625
1788854466.0748873,2026-09-08T08:01:06.074887Z,8259,70,CTD,65535,255,1027.7615966796875
1788854466.2747576,2026-09-08T08:01:06.274757Z,8259,70,CTD,65535,255,1027.7613525390625
1788854466.475077,2026-09-08T08:01:06.475076Z,8259,70,CTD,65535,255,1027.76123046875
1788854466.6750371,2026-09-08T08:01:06.675037Z,8259,70,CTD,65535,255,1027.761474609375
1788854466.875139,2026-09-08T08:01:06.875138Z,8259,70,CTD,65535,255,1027.7587890625
1788854467.075117,2026-09-08T08:01:07.075117Z,8259,70,CTD,65535,255,1027.7607421875
1788854467.2749732,2026-09-08T08:01:07.274973Z,8259,70,CTD,65535,255,1027.760498046875
1788854467.47491,2026-09-08T08:01:07.474910Z,8259,70,CTD,65535,255,1027.762451171875
1788854467.675173,2026-09-08T08:01:07.675173Z,8259,70,CTD,65535,255,1027.75830078125
1788854467.8750486,2026-09-08T08:01:07.875048Z,8259,70,CTD,65535,255,1027.761474609375
1788854468.0753539,2026-09-08T08:01:08.075353Z,8259,70,CTD,65535,255,1027.7618408203125
1788854468.275025,2026-09-08T08:01:08.275024Z,8259,70,CTD,65535,255,1027.75927734375
1788854468.4749997,2026-09-08T08:01:08.474999Z,8259,70,CTD,65535,255,1027.760986328125
1788854468.6749613,2026-09-08T08:01:08.674961Z,8259,70,CTD,65535,255,1027.759765625
1788854468.8749676,2026-09-08T08:01:08.874967Z,8259,70,CTD,65535,255,1027.75927734375
1788854469.074992,2026-09-08T08:01:09.074991Z,8259,70,CTD,65535,255,1027.76025390625
1788854469.2750075,2026-09-08T08:01:09.275007Z,8259,70,CTD,65535,255,1027.760009765625
1788854469.4749742,2026-09-08T08:01:09.474974Z,8259,70,CTD,65535,255,1027.7608642578125
1788854469.6749089,2026-09-08T08:01:09.674908Z,8259,70,CTD,65535,255,1027.759765625
1788854469.8749137,2026-09-08T08:01:09.874913Z,8259,70,CTD,65535,255,1027.7618408203125
1788854470.0749233,2026-09-08T08:01:10.074923Z,8259,70,CTD,65535,255,1027.759521484375
1788854470.2747445,2026-09-08T08:01:10.274744Z,8259,70,CTD,65535,255,1027.7586669921875
1788854470.4748921,2026-09-08T08:01:10.474892Z,8259,70,CTD,65535,255,1027.7606201171875
1788854470.6749117,2026-09-08T08:01:10.674911Z,8259,70,CTD,65535,255,1027.7587890625
1788854470.8748739,2026-09-08T08:01:10.874873Z,8259,70,CTD,65535,255,1027.759033203125
1788854471.074956,2026-09-08T08:01:11.074955Z,8259,70,CTD,65535,255,1027.760498046875
1788854471.2749274,2026-09-08T08:01:11.274927Z,8259,70,CTD,65535,255,1027.7554931640625
1788854471.474928,2026-09-08T08:01:11.474927Z,8259,70,CTD,65535,255,1027.7603759765625
1788854471.6747193,2026-09-08T08:01:11.674719Z,8259,70,CTD,65535,255,1027.76025390625
1788854471.8746493,2026-09-08T08:01:11.874649Z,8259,70,CTD,65535,255,1027.7586669921875
1788854472.0750809,2026-09-08T08:01:12.075080Z,8259,70,CTD,65535,255,1027.758544921875
1788854472.274631,2026-09-08T08:01:12.274631Z,8259,70,CTD,65535,255,1027.7562255859375
1788854472.474841,2026-09-08T08:01:12.474841Z,8259,70,CTD,65535,255,1027.7593994140625
1788854472.6745698,2026-09-08T08:01:12.674569Z,8259,70,CTD,65535,255,1027.7587890625
1788854472.874844,2026-09-08T08:01:12.874844Z,8259,70,CTD,65535,255,1027.7578125
1788854473.074775,2026-09-08T08:01:13.074774Z,8259,70,CTD,65535,255,1027.760009765625
1788854473.2748654,2026-09-08T08:01:13.274865Z,8259,70,CTD,65535,255,1027.759521484375
1788854473.4748528,2026-09-08T08:01:13.474852Z,8259,70,CTD,65535,255,1027.7607421875
1788854473.6748028,2026-09-08T08:01:13.674802Z,8259,70,CTD,65535,255,1027.7593994140625
1788854473.8745177,2026-09-08T08:01:13.874517Z,8259,70,CTD,65535,255,1027.7581787109375
1788854474.0750725,2026-09-08T08:01:14.075072Z,8259,70,CTD,65535,255,1027.7596435546875
1788854474.2748313,2026-09-08T08:01:14.274831Z,8259,70,CTD,65535,255,1027.7587890625
1788854474.475042,2026-09-08T08:01:14.475042Z,8259,70,CTD,65535,255,1027.7591552734375
1788854474.6750824,2026-09-08T08:01:14.675082Z,8259,70,CTD,65535,255,1027.759521484375
1788854474.8751993,2026-09-08T08:01:14.875199Z,8259,70,CTD,65535,255,1027.7611083984375
1788854475.07546,2026-09-08T08:01:15.075459Z,8259,70,CTD,65535,255,1027.7568359375
1788854475.2755506,2026-09-08T08:01:15.275550Z,8259,70,CTD,65535,255,1027.757568359375
1788854475.475691,2026-09-08T08:01:15.475691Z,8259,70,CTD,65535,255,1027.7607421875
1788854475.6755326,2026-09-08T08:01:15.675532Z,8259,70,CTD,65535,255,1027.7562255859375
1788854475.8759286,2026-09-08T08:01:15.875928Z,8259,70,CTD,65535,255,1027.758544921875
1788854476.0762997,2026-09-08T08:01:16.076299Z,8259,70,CTD,65535,255,1027.75830078125
1788854476.2761245,2026-09-08T08:01:16.276124Z,8259,70,CTD,65535,255,1027.7567138671875
1788854476.4758651,2026-09-08T08:01:16.475865Z,8259,70,CTD,65535,255,1027.758056640625
1788854476.67615,2026-09-08T08:01:16.676150Z,8259,70,CTD,65535,255,1027.7530517578125
1788854476.875915,2026-09-08T08:01:16.875915Z,8259,70,CTD,65535,255,1027.7557373046875
1788854477.0762172,2026-09-08T08:01:17.076217Z,8259,70,CTD,65535,255,1027.756103515625
1788854477.2759693,2026-09-08T08:01:17.275969Z,8259,70,CTD,65535,255,1027.751708984375
1788854477.4761727,2026-09-08T08:01:17.476172Z,8259,70,CTD,65535,255,1027.75634765625
1788854477.6759038,2026-09-08T08:01:17.675903Z,8259,70,CTD,65535,255,1027.7535400390625
1788854477.876131,2026-09-08T08:01:17.876131Z,8259,70,CTD,65535,255,1027.7548828125
1788854478.0765362,2026-09-08T08:01:18.076536Z,8259,70,CTD,65535,255,1027.7550048828125
1788854478.276367,2026-09-08T08:01:18.276366Z,8259,70,CTD,65535,255,1027.7508544921875
1788854478.4764094,2026-09-08T08:01:18.476409Z,8259,70,CTD,65535,255,1027.75
1788854478.6762142,2026-09-08T08:01:18.676214Z,8259,70,CTD,65535,255,1027.7542724609375
1788854478.8765924,2026-09-08T08:01:18.876592Z,8259,70,CTD,65535,255,1027.753662109375
1788854479.076608,2026-09-08T08:01:19.076607Z,8259,70,CTD,65535,255,1027.753662109375
1788854479.2765155,2026-09-08T08:01:19.276515Z,8259,70,CTD,65535,255,1027.7520751953125
1788854479.476279,2026-09-08T08:01:19.476279Z,8259,70,CTD,65535,255,1027.75244140625
1788854479.676497,2026-09-08T08:01:19.676496Z,8259,70,CTD,65535,255,1027.7510986328125
1788854479.8762405,2026-09-08T08:01:19.876240Z,8259,70,CTD,65535,255,1027.7523193359375
1788854480.0768335,2026-09-08T08:01:20.076833Z,8259,70,CTD,65535,255,1027.755615234375
1788854480.2763455,2026-09-08T08:01:20.276345Z,8259,70,CTD,65535,255,1027.7540283203125
1788854480.4761386,2026-09-08T08:01:20.476138Z,8259,70,CTD,65535,255,1027.7523193359375
1788854480.675767,2026-09-08T08:01:20.675766Z,8259,70,CTD,65535,255,1027.7530517578125
1788854480.8758838,2026-09-08T08:01:20.875883Z,8259,70,CTD,65535,255,1027.7540283203125
1788854481.0757775,2026-09-08T08:01:21.075777Z,8259,70,CTD,65535,255,1027.75341796875
1788854481.2757561,2026-09-08T08:01:21.275756Z,8259,70,CTD,65535,255,1027.752685546875
1788854481.475651,2026-09-08T08:01:21.475651Z,8259,70,CTD,65535,255,1027.7528076171875
1788854481.6756392,2026-09-08T08:01:21.675639Z,8259,70,CTD,65535,255,1027.7523193359375
1788854481.8754108,2026-09-08T08:01:21.875410Z,8259,70,CTD,65535,255,1027.754150390625
1788854482.0753639,2026-09-08T08:01:22.075363Z,8259,70,CTD,65535,255,1027.7548828125
1788854482.2754185,2026-09-08T08:01:22.275418Z,8259,70,CTD,65535,255,1027.7547607421875
1788854482.475366,2026-09-08T08:01:22.475366Z,8259,70,CTD,65535,255,1027.75048828125
1788854482.6752787,2026-09-08T08:01:22.675278Z,8259,70,CTD,65535,255,1027.7501220703125
1788854482.875253,2026-09-08T08:01:22.875252Z,8259,70,CTD,65535,255,1027.75
1788854483.0754063,2026-09-08T08:01:23.075406Z,8259,70,CTD,65535,255,1027.7491455078125
1788854483.2753363,2026-09-08T08:01:23.275336Z,8259,70,CTD,65535,255,1027.752197265625
1788854483.4752336,2026-09-08T08:01:23.475233Z,8259,70,CTD,65535,255,1027.753173828125
1788854483.6752534,2026-09-08T08:01:23.675253Z,8259,70,CTD,65535,255,1027.7490234375
1788854483.8752189,2026-09-08T08:01:23.875218Z,8259,70,CTD,65535,255,1027.75048828125
1788854484.0758963,2026-09-08T08:01:24.075896Z,8259,70,CTD,65535,255,1027.7479248046875
1788854484.2753518,2026-09-08T08:01:24.275351Z,8259,70,CTD,65535,255,1027.7464599609375
1788854484.4753144,2026-09-08T08:01:24.475314Z,8259,70,CTD,65535,255,1027.74658203125
1788854484.6750343,2026-09-08T08:01:24.675034Z,8259,70,CTD,65535,255,1027.74560546875
1788854484.8752713,2026-09-08T08:01:24.875271Z,8259,70,CTD,65535,255,1027.745849609375
1788854485.075347,2026-09-08T08:01:25.075346Z,8259,70,CTD,65535,255,1027.745361328125
1788854485.2754514,2026-09-08T08:01:25.275451Z,8259,70,CTD,65535,255,1027.746826171875
1788854485.4753687,2026-09-08T08:01:25.475368Z,8259,70,CTD,65535,255,1027.7462158203125
1788854485.6753752,2026-09-08T08:01:25.675375Z,8259,70,CTD,65535,255,1027.7513427734375
1788854485.8753705,2026-09-08T08:01:25.875370Z,8259,70,CTD,65535,255,1027.7471923828125
1788854486.0756123,2026-09-08T08:01:26.075612Z,8259,70,CTD,65535,255,1027.748046875
1788854486.275422,2026-09-08T08:01:26.275422Z,8259,70,CTD,65535,255,1027.7486572265625
1788854486.4753911,2026-09-08T08:01:26.475391Z,8259,70,CTD,65535,255,1027.7490234375
1788854486.6754053,2026-09-08T08:01:26.675405Z,8259,70,CTD,65535,255,1027.745849609375
1788854486.8751438,2026-09-08T08:01:26.875143Z,8259,70,CTD,65535,255,1027.7412109375
1788854487.075626,2026-09-08T08:01:27.075625Z,8259,70,CTD,65535,255,1027.744384765625
1788854487.275197,2026-09-08T08:01:27.275197Z,8259,70,CTD,65535,255,1027.747314453125
1788854487.4754353,2026-09-08T08:01:27.475435Z,8259,70,CTD,65535,255,1027.7457275390625
1788854487.6754277,2026-09-08T08:01:27.675427Z,8259,70,CTD,65535,255,1027.7479248046875
1788854487.8754222,2026-09-08T08:01:27.875422Z,8259,70,CTD,65535,255,1027.74609375
1788854488.0757477,2026-09-08T08:01:28.075747Z,8259,70,CTD,65535,255,1027.744140625
1788854488.275447,2026-09-08T08:01:28.275446Z,8259,70,CTD,65535,255,1027.7493896484375
1788854488.4754336,2026-09-08T08:01:28.475433Z,8259,70,CTD,65535,255,1027.7459716796875
1788854488.6756916,2026-09-08T08:01:28.675691Z,8259,70,CTD,65535,255,1027.74853515625
1788854488.875455,2026-09-08T08:01:28.875454Z,8259,70,CTD,65535,255,1027.7510986328125
1788854489.0755663,2026-09-08T08:01:29.075566Z,8259,70,CTD,65535,255,1027.7493896484375
1788854489.2754698,2026-09-08T08:01:29.275469Z,8259,70,CTD,65535,255,1027.74853515625
1788854489.4755623,2026-09-08T08:01:29.475562Z,8259,70,CTD,65535,255,1027.745849609375
1788854489.675333,2026-09-08T08:01:29.675333Z,8259,70,CTD,65535,255,1027.7479248046875
1788854489.8753893,2026-09-08T08:01:29.875389Z,8259,70,CTD,65535,255,1027.746337890625
1788854490.0754642,2026-09-08T08:01:30.075464Z,8259,70,CTD,65535,255,1027.7470703125
1788854490.2752583,2026-09-08T08:01:30.275258Z,8259,70,CTD,65535,255,1027.748046875
1788854490.4754014,2026-09-08T08:01:30.475401Z,8259,70,CTD,65535,255,1027.7486572265625
1788854490.6753685,2026-09-08T08:01:30.675368Z,8259,70,CTD,65535,255,1027.749267578125
1788854490.8751335,2026-09-08T08:01:30.875133Z,8259,70,CTD,65535,255,1027.7501220703125
1788854491.0747979,2026-09-08T08:01:31.074797Z,8259,70,CTD,65535,255,1027.749267578125
1788854491.273924,2026-09-08T08:01:31.273924Z,8259,70,CTD,65535,255,1027.7518310546875
1788854491.4735026,2026-09-08T08:01:31.473502Z,8259,70,CTD,65535,255,1027.750244140625
1788854491.672866,2026-09-08T08:01:31.672866Z,8259,70,CTD,65535,255,1027.7506103515625
1788854491.8722165,2026-09-08T08:01:31.872216Z,8259,70,CTD,65535,255,1027.7481689453125
1788854492.0714025,2026-09-08T08:01:32.071402Z,8259,70,CTD,65535,255,1027.750732421875
1788854492.2704926,2026-09-08T08:01:32.270492Z,8259,70,CTD,65535,255,1027.7509765625
1788854492.4695792,2026-09-08T08:01:32.469579Z,8259,70,CTD,65535,255,1027.750244140625
1788854492.6686614,2026-09-08T08:01:32.668661Z,8259,70,CTD,65535,255,1027.7490234375
1788854492.867549,2026-09-08T08:01:32.867548Z,8259,70,CTD,65535,255,1027.74609375
1788854493.0674355,2026-09-08T08:01:33.067435Z,8259,70,CTD,65535,255,1027.75244140625
1788854493.267148,2026-09-08T08:01:33.267148Z,8259,70,CTD,65535,255,1027.75048828125
1788854493.466746,2026-09-08T08:01:33.466746Z,8259,70,CTD,65535,255,1027.75
1788854493.6664183,2026-09-08T08:01:33.666418Z,8259,70,CTD,65535,255,1027.750732421875
1788854493.8660312,2026-09-08T08:01:33.866031Z,8259,70,CTD,65535,255,1027.750244140625
1788854494.066309,2026-09-08T08:01:34.066308Z,8259,70,CTD,65535,255,1027.7559814453125
1788854494.2661474,2026-09-08T08:01:34.266147Z,8259,70,CTD,65535,255,1027.747802734375
1788854494.4660783,2026-09-08T08:01:34.466078Z,8259,70,CTD,65535,255,1027.75048828125
1788854494.666108,2026-09-08T08:01:34.666107Z,8259,70,CTD,65535,255,1027.7490234375
1788854494.8660195,2026-09-08T08:01:34.866019Z,8259,70,CTD,65535,255,1027.751708984375
1788854495.066742,2026-09-08T08:01:35.066741Z,8259,70,CTD,65535,255,1027.7462158203125
1788854495.266595,2026-09-08T08:01:35.266594Z,8259,70,CTD,65535,255,1027.75048828125
1788854495.4670472,2026-09-08T08:01:35.467047Z,8259,70,CTD,65535,255,1027.7520751953125
1788854495.6670809,2026-09-08T08:01:35.667080Z,8259,70,CTD,65535,255,1027.750244140625
1788854495.8675392,2026-09-08T08:01:35.867539Z,8259,70,CTD,65535,255,1027.74658203125
1788854496.0679,2026-09-08T08:01:36.067899Z,8259,70,CTD,65535,255,1027.7493896484375
1788854496.267958,2026-09-08T08:01:36.267957Z,8259,70,CTD,65535,255,1027.745849609375
1788854496.4679031,2026-09-08T08:01:36.467903Z,8259,70,CTD,65535,255,1027.748291015625
1788854496.668121,2026-09-08T08:01:36.668121Z,8259,70,CTD,65535,255,1027.7506103515625
1788854496.8683257,2026-09-08T08:01:36.868325Z,8259,70,CTD,65535,255,1027.749267578125
1788854497.068977,2026-09-08T08:01:37.068977Z,8259,70,CTD,65535,255,1027.7481689453125
1788854497.26905,2026-09-08T08:01:37.269049Z,8259,70,CTD,65535,255,1027.7491455078125
1788854497.4691474,2026-09-08T08:01:37.469147Z,8259,70,CTD,65535,255,1027.7471923828125
1788854497.6692395,2026-09-08T08:01:37.669239Z,8259,70,CTD,65535,255,1027.7525634765625
1788854497.869349,2026-09-08T08:01:37.869349Z,8259,70,CTD,65535,255,1027.750732421875
1788854498.0694656,2026-09-08T08:01:38.069465Z,8259,70,CTD,65535,255,1027.74951171875
1788854498.2695732,2026-09-08T08:01:38.269573Z,8259,70,CTD,65535,255,1027.7503662109375
1788854498.4695606,2026-09-08T08:01:38.469560Z,8259,70,CTD,65535,255,1027.7476806640625
1788854498.6694021,2026-09-08T08:01:38.669402Z,8259,70,CTD,65535,255,1027.7479248046875
1788854498.8696508,2026-09-08T08:01:38.869650Z,8259,70,CTD,65535,255,1027.744140625
1788854499.069519,2026-09-08T08:01:39.069519Z,8259,70,CTD,65535,255,1027.7418212890625
1788854499.2690513,2026-09-08T08:01:39.269051Z,8259,70,CTD,65535,255,1027.7462158203125
1788854499.4686358,2026-09-08T08:01:39.468635Z,8259,70,CTD,65535,255,1027.7415771484375
1788854499.6679974,2026-09-08T08:01:39.667997Z,8259,70,CTD,65535,255,1027.7435302734375
1788854499.867869,2026-09-08T08:01:39.867868Z,8259,70,CTD,65535,255,1027.7437744140625
1788854500.0675023,2026-09-08T08:01:40.067502Z,8259,70,CTD,65535,255,1027.7471923828125
1788854500.2670255,2026-09-08T08:01:40.267025Z,8259,70,CTD,65535,255,1027.7427978515625
1788854500.4664264,2026-09-08T08:01:40.466426Z,8259,70,CTD,65535,255,1027.7386474609375
1788854500.6659298,2026-09-08T08:01:40.665929Z,8259,70,CTD,65535,255,1027.744140625
1788854500.8653696,2026-09-08T08:01:40.865369Z,8259,70,CTD,65535,255,1027.74462890625
1788854501.065357,2026-09-08T08:01:41.065356Z,8259,70,CTD,65535,255,1027.74658203125
1788854501.2650013,2026-09-08T08:01:41.265001Z,8259,70,CTD,65535,255,1027.7440185546875
1788854501.4647658,2026-09-08T08:01:41.464765Z,8259,70,CTD,65535,255,1027.74169921875
1788854501.6644886,2026-09-08T08:01:41.664488Z,8259,70,CTD,65535,255,1027.740478515625
1788854501.8642545,2026-09-08T08:01:41.864254Z,8259,70,CTD,65535,255,1027.7449951171875
1788854502.064544,2026-09-08T08:01:42.064543Z,8259,70,CTD,65535,255,1027.7431640625
1788854502.2643883,2026-09-08T08:01:42.264388Z,8259,70,CTD,65535,255,1027.74267578125
1788854502.4643543,2026-09-08T08:01:42.464354Z,8259,70,CTD,65535,255,1027.7451171875
1788854502.6644027,2026-09-08T08:01:42.664402Z,8259,70,CTD,65535,255,1027.7430419921875
1788854502.864386,2026-09-08T08:01:42.864386Z,8259,70,CTD,65535,255,1027.7454833984375
1788854503.06446,2026-09-08T08:01:43.064460Z,8259,70,CTD,65535,255,1027.7442626953125
1788854503.2646782,2026-09-08T08:01:43.264678Z,8259,70,CTD,65535,255,1027.747314453125
1788854503.4645286,2026-09-08T08:01:43.464528Z,8259,70,CTD,65535,255,1027.74560546875
1788854503.6648858,2026-09-08T08:01:43.664885Z,8259,70,CTD,65535,255,1027.740966796875
1788854503.8649793,2026-09-08T08:01:43.864979Z,8259,70,CTD,65535,255,1027.7430419921875
1788854504.0652163,2026-09-08T08:01:44.065216Z,8259,70,CTD,65535,255,1027.7454833984375
1788854504.265026,2026-09-08T08:01:44.265026Z,8259,70,CTD,65535,255,1027.7464599609375
1788854504.465363,2026-09-08T08:01:44.465363Z,8259,70,CTD,65535,255,1027.7498779296875
1788854504.6651828,2026-09-08T08:01:44.665182Z,8259,70,CTD,65535,255,1027.7470703125
1788854504.8655734,2026-09-08T08:01:44.865573Z,8259,70,CTD,65535,255,1027.7451171875
1788854505.0658002,2026-09-08T08:01:45.065800Z,8259,70,CTD,65535,255,1027.7430419921875
1788854505.2655816,2026-09-08T08:01:45.265581Z,8259,70,CTD,65535,255,1027.7435302734375
1788854505.4658673,2026-09-08T08:01:45.465867Z,8259,70,CTD,65535,255,1027.74169921875
1788854505.6659265,2026-09-08T08:01:45.665926Z,8259,70,CTD,65535,255,1027.7401123046875
1788854505.8660023,2026-09-08T08:01:45.866002Z,8259,70,CTD,65535,255,1027.747802734375
1788854506.06623,2026-09-08T08:01:46.066230Z,8259,70,CTD,65535,255,1027.7423095703125
1788854506.2661366,2026-09-08T08:01:46.266136Z,8259,70,CTD,65535,255,1027.74365234375
1788854506.4658508,2026-09-08T08:01:46.465850Z,8259,70,CTD,65535,255,1027.7449951171875
1788854506.6661787,2026-09-08T08:01:46.666178Z,8259,70,CTD,65535,255,1027.744140625
1788854506.8659048,2026-09-08T08:01:46.865904Z,8259,70,CTD,65535,255,1027.745361328125
1788854507.0663147,2026-09-08T08:01:47.066314Z,8259,70,CTD,65535,255,1027.746337890625
1788854507.2660024,2026-09-08T08:01:47.266002Z,8259,70,CTD,65535,255,1027.7464599609375
1788854507.466228,2026-09-08T08:01:47.466228Z,8259,70,CTD,65535,255,1027.7457275390625
1788854507.665996,2026-09-08T08:01:47.665996Z,8259,70,CTD,65535,255,1027.7415771484375
1788854507.8662364,2026-09-08T08:01:47.866236Z,8259,70,CTD,65535,255,1027.74365234375
1788854508.0663028,2026-09-08T08:01:48.066302Z,8259,70,CTD,65535,255,1027.744140625
1788854508.2662835,2026-09-08T08:01:48.266283Z,8259,70,CTD,65535,255,1027.7454833984375
1788854508.46598,2026-09-08T08:01:48.465980Z,8259,70,CTD,65535,255,1027.7425537109375
1788854508.666211,2026-09-08T08:01:48.666210Z,8259,70,CTD,65535,255,1027.744140625
1788854508.8662062,2026-09-08T08:01:48.866206Z,8259,70,CTD,65535,255,1027.744140625
1788854509.0664353,2026-09-08T08:01:49.066435Z,8259,70,CTD,65535,255,1027.744873046875
1788854509.2663074,2026-09-08T08:01:49.266307Z,8259,70,CTD,65535,255,1027.73779296875
1788854509.466203,2026-09-08T08:01:49.466202Z,8259,70,CTD,65535,255,1027.7467041015625
1788854509.665939,2026-09-08T08:01:49.665939Z,8259,70,CTD,65535,255,1027.7415771484375
1788854509.8661401,2026-09-08T08:01:49.866140Z,8259,70,CTD,65535,255,1027.7449951171875
1788854510.0663807,2026-09-08T08:01:50.066380Z,8259,70,CTD,65535,255,1027.74169921875
1788854510.2663252,2026-09-08T08:01:50.266325Z,8259,70,CTD,65535,255,1027.7430419921875
1788854510.4660025,2026-09-08T08:01:50.466002Z,8259,70,CTD,65535,255,1027.74169921875
1788854510.66595,2026-09-08T08:01:50.665950Z,8259,70,CTD,65535,255,1027.7462158203125
1788854510.8659632,2026-09-08T08:01:50.865963Z,8259,70,CTD,65535,255,1027.74365234375
1788854511.0661952,2026-09-08T08:01:51.066195Z,8259,70,CTD,65535,255,1027.74267578125
1788854511.2661908,2026-09-08T08:01:51.266190Z,8259,70,CTD,65535,255,1027.743896484375
1788854511.466194,2026-09-08T08:01:51.466193Z,8259,70,CTD,65535,255,1027.7445068359375
1788854511.665826,2026-09-08T08:01:51.665826Z,8259,70,CTD,65535,255,1027.7442626953125
1788854511.866085,2026-09-08T08:01:51.866085Z,8259,70,CTD,65535,255,1027.74560546875
1788854512.0662177,2026-09-08T08:01:52.066217Z,8259,70,CTD,65535,255,1027.743408203125
1788854512.2660728,2026-09-08T08:01:52.266072Z,8259,70,CTD,65535,255,1027.743408203125
1788854512.465818,2026-09-08T08:01:52.465817Z,8259,70,CTD,65535,255,1027.7469482421875
1788854512.6660862,2026-09-08T08:01:52.666086Z,8259,70,CTD,65535,255,1027.7431640625
1788854512.866052,2026-09-08T08:01:52.866051Z,8259,70,CTD,65535,255,1027.7447509765625
1788854513.0661716,2026-09-08T08:01:53.066171Z,8259,70,CTD,65535,255,1027.7440185546875
1788854513.266138,2026-09-08T08:01:53.266138Z,8259,70,CTD,65535,255,1027.744873046875
1788854513.4660778,2026-09-08T08:01:53.466077Z,8259,70,CTD,65535,255,1027.744384765625
1788854513.6660364,2026-09-08T08:01:53.666036Z,8259,70,CTD,65535,255,1027.7452392578125
1788854513.8659651,2026-09-08T08:01:53.865965Z,8259,70,CTD,65535,255,1027.741943359375
1788854514.0671098,2026-09-08T08:01:54.067109Z,8259,70,CTD,65535,255,1027.742919921875
1788854514.267333,2026-09-08T08:01:54.267333Z,8259,70,CTD,65535,255,1027.741455078125
1788854514.4679153,2026-09-08T08:01:54.467915Z,8259,70,CTD,65535,255,1027.7457275390625
1788854514.6686795,2026-09-08T08:01:54.668679Z,8259,70,CTD,65535,255,1027.7452392578125
1788854514.8693445,2026-09-08T08:01:54.869344Z,8259,70,CTD,65535,255,1027.7418212890625
1788854515.0703547,2026-09-08T08:01:55.070354Z,8259,70,CTD,65535,255,1027.740966796875
1788854515.2712128,2026-09-08T08:01:55.271212Z,8259,70,CTD,65535,255,1027.7391357421875
1788854515.471838,2026-09-08T08:01:55.471837Z,8259,70,CTD,65535,255,1027.7396240234375
1788854515.6729527,2026-09-08T08:01:55.672952Z,8259,70,CTD,65535,255,1027.7406005859375
1788854515.8734882,2026-09-08T08:01:55.873488Z,8259,70,CTD,65535,255,1027.7418212890625
1788854516.07439,2026-09-08T08:01:56.074389Z,8259,70,CTD,65535,255,1027.7396240234375
1788854516.2744064,2026-09-08T08:01:56.274406Z,8259,70,CTD,65535,255,1027.736083984375
1788854516.4749472,2026-09-08T08:01:56.474947Z,8259,70,CTD,65535,255,1027.740234375
1788854516.6750188,2026-09-08T08:01:56.675018Z,8259,70,CTD,65535,255,1027.742919921875
1788854516.875586,2026-09-08T08:01:56.875586Z,8259,70,CTD,65535,255,1027.73876953125
1788854517.075855,2026-09-08T08:01:57.075855Z,8259,70,CTD,65535,255,1027.741943359375
1788854517.275884,2026-09-08T08:01:57.275883Z,8259,70,CTD,65535,255,1027.7413330078125
1788854517.475565,2026-09-08T08:01:57.475564Z,8259,70,CTD,65535,255,1027.741455078125
1788854517.6757913,2026-09-08T08:01:57.675791Z,8259,70,CTD,65535,255,1027.7413330078125
1788854517.8758738,2026-09-08T08:01:57.875873Z,8259,70,CTD,65535,255,1027.741455078125
1788854518.075767,2026-09-08T08:01:58.075767Z,8259,70,CTD,65535,255,1027.7440185546875
1788854518.2755556,2026-09-08T08:01:58.275555Z,8259,70,CTD,65535,255,1027.7425537109375
1788854518.475229,2026-09-08T08:01:58.475229Z,8259,70,CTD,65535,255,1027.745361328125
1788854518.6747625,2026-09-08T08:01:58.674762Z,8259,70,CTD,65535,255,1027.7392578125
1788854518.874783,2026-09-08T08:01:58.874783Z,8259,70,CTD,65535,255,1027.7369384765625
1788854519.0746317,2026-09-08T08:01:59.074631Z,8259,70,CTD,65535,255,1027.7408447265625
1788854519.274157,2026-09-08T08:01:59.274157Z,8259,70,CTD,65535,255,1027.7349853515625
1788854519.4739227,2026-09-08T08:01:59.473922Z,8259,70,CTD,65535,255,1027.7371826171875
1788854519.6734638,2026-09-08T08:01:59.673463Z,8259,70,CTD,65535,255,1027.73388671875
1788854519.8731406,2026-09-08T08:01:59.873140Z,8259,70,CTD,65535,255,1027.73681640625
1788854520.07301,2026-09-08T08:02:00.073009Z,8259,70,CTD,65535,255,1027.7412109375
1788854520.2727473,2026-09-08T08:02:00.272747Z,8259,70,CTD,65535,255,1027.7413330078125
1788854520.4724286,2026-09-08T08:02:00.472428Z,8259,70,CTD,65535,255,1027.7410888671875
1788854520.6721957,2026-09-08T08:02:00.672195Z,8259,70,CTD,65535,255,1027.7371826171875
1788854520.8719156,2026-09-08T08:02:00.871915Z,8259,70,CTD,65535,255,1027.7423095703125
1788854521.072021,2026-09-08T08:02:01.072021Z,8259,70,CTD,65535,255,1027.7421875
1788854521.271774,2026-09-08T08:02:01.271774Z,8259,70,CTD,65535,255,1027.7432861328125
1788854521.4714484,2026-09-08T08:02:01.471448Z,8259,70,CTD,65535,255,1027.73828125
1788854521.6713939,2026-09-08T08:02:01.671393Z,8259,70,CTD,65535,255,1027.738525390625
1788854521.8713815,2026-09-08T08:02:01.871381Z,8259,70,CTD,65535,255,1027.731689453125
1788854522.0715485,2026-09-08T08:02:02.071548Z,8259,70,CTD,65535,255,1027.740234375
1788854522.2717896,2026-09-08T08:02:02.271789Z,8259,70,CTD,65535,255,1027.7421875
1788854522.4719388,2026-09-08T08:02:02.471938Z,8259,70,CTD,65535,255,1027.7412109375
1788854522.6718836,2026-09-08T08:02:02.671883Z,8259,70,CTD,65535,255,1027.741455078125
1788854522.8723116,2026-09-08T08:02:02.872311Z,8259,70,CTD,65535,255,1027.74169921875
1788854523.0725913,2026-09-08T08:02:03.072591Z,8259,70,CTD,65535,255,1027.7401123046875
1788854523.2727785,2026-09-08T08:02:03.272778Z,8259,70,CTD,65535,255,1027.7432861328125
1788854523.4729311,2026-09-08T08:02:03.472931Z,8259,70,CTD,65535,255,1027.7406005859375
1788854523.6731212,2026-09-08T08:02:03.673121Z,8259,70,CTD,65535,255,1027.737060546875
1788854523.8732574,2026-09-08T08:02:03.873257Z,8259,70,CTD,65535,255,1027.7362060546875
1788854524.0734856,2026-09-08T08:02:04.073485Z,8259,70,CTD,65535,255,1027.7337646484375
1788854524.273341,2026-09-08T08:02:04.273340Z,8259,70,CTD,65535,255,1027.731201171875
1788854524.4730983,2026-09-08T08:02:04.473098Z,8259,70,CTD,65535,255,1027.73876953125
1788854524.6732473,2026-09-08T08:02:04.673247Z,8259,70,CTD,65535,255,1027.736328125
1788854524.8732638,2026-09-08T08:02:04.873263Z,8259,70,CTD,65535,255,1027.7362060546875
1788854525.0732992,2026-09-08T08:02:05.073299Z,8259,70,CTD,65535,255,1027.7366943359375
1788854525.2729373,2026-09-08T08:02:05.272937Z,8259,70,CTD,65535,255,1027.73193359375
1788854525.473061,2026-09-08T08:02:05.473061Z,8259,70,CTD,65535,255,1027.7374267578125
1788854525.672967,2026-09-08T08:02:05.672966Z,8259,70,CTD,65535,255,1027.73876953125
1788854525.8727334,2026-09-08T08:02:05.872733Z,8259,70,CTD,65535,255,1027.7344970703125
1788854526.0730186,2026-09-08T08:02:06.073018Z,8259,70,CTD,65535,255,1027.7376708984375
1788854526.2729535,2026-09-08T08:02:06.272953Z,8259,70,CTD,65535,255,1027.7347412109375
1788854526.4728878,2026-09-08T08:02:06.472887Z,8259,70,CTD,65535,255,1027.7364501953125
1788854526.6726024,2026-09-08T08:02:06.672602Z,8259,70,CTD,65535,255,1027.73681640625
1788854526.8728526,2026-09-08T08:02:06.872852Z,8259,70,CTD,65535,255,1027.734375
1788854527.073347,2026-09-08T08:02:07.073347Z,8259,70,CTD,65535,255,1027.7371826171875
1788854527.2735176,2026-09-08T08:02:07.273517Z,8259,70,CTD,65535,255,1027.7357177734375
1788854527.473586,2026-09-08T08:02:07.473586Z,8259,70,CTD,65535,255,1027.7335205078125
1788854527.6741405,2026-09-08T08:02:07.674140Z,8259,70,CTD,65535,255,1027.7373046875
1788854527.8742168,2026-09-08T08:02:07.874216Z,8259,70,CTD,65535,255,1027.7333984375
1788854528.074962,2026-09-08T08:02:08.074961Z,8259,70,CTD,65535,255,1027.7353515625
1788854528.2751448,2026-09-08T08:02:08.275144Z,8259,70,CTD,65535,255,1027.7371826171875
1788854528.4756472,2026-09-08T08:02:08.475647Z,8259,70,CTD,65535,255,1027.7393798828125
1788854528.6760337,2026-09-08T08:02:08.676033Z,8259,70,CTD,65535,255,1027.7435302734375
1788854528.8763733,2026-09-08T08:02:08.876373Z,8259,70,CTD,65535,255,1027.7406005859375
1788854529.0769498,2026-09-08T08:02:09.076949Z,8259,70,CTD,65535,255,1027.7406005859375
1788854529.276805,2026-09-08T08:02:09.276804Z,8259,70,CTD,65535,255,1027.73486328125
1788854529.476918,2026-09-08T08:02:09.476917Z,8259,70,CTD,65535,255,1027.735107421875
1788854529.6769378,2026-09-08T08:02:09.676937Z,8259,70,CTD,65535,255,1027.73681640625
1788854529.8771503,2026-09-08T08:02:09.877150Z,8259,70,CTD,65535,255,1027.735595703125
1788854530.07745,2026-09-08T08:02:10.077450Z,8259,70,CTD,65535,255,1027.733642578125
1788854530.2770839,2026-09-08T08:02:10.277083Z,8259,70,CTD,65535,255,1027.736328125
1788854530.4767535,2026-09-08T08:02:10.476753Z,8259,70,CTD,65535,255,1027.7333984375
1788854530.6769388,2026-09-08T08:02:10.676938Z,8259,70,CTD,65535,255,1027.7359619140625
1788854530.8766022,2026-09-08T08:02:10.876602Z,8259,70,CTD,65535,255,1027.7313232421875
1788854531.0769136,2026-09-08T08:02:11.076913Z,8259,70,CTD,65535,255,1027.7381591796875
1788854531.2764857,2026-09-08T08:02:11.276485Z,8259,70,CTD,65535,255,1027.741455078125
1788854531.4765787,2026-09-08T08:02:11.476578Z,8259,70,CTD,65535,255,1027.74169921875
1788854531.6761851,2026-09-08T08:02:11.676185Z,8259,70,CTD,65535,255,1027.7401123046875
1788854531.8762984,2026-09-08T08:02:11.876298Z,8259,70,CTD,65535,255,1027.740478515625
1788854532.0757108,2026-09-08T08:02:12.075710Z,8259,70,CTD,65535,255,1027.7344970703125
1788854532.2744987,2026-09-08T08:02:12.274498Z,8259,70,CTD,65535,255,1027.7353515625
1788854532.4734104,2026-09-08T08:02:12.473410Z,8259,70,CTD,65535,255,1027.735595703125
1788854532.672093,2026-09-08T08:02:12.672092Z,8259,70,CTD,65535,255,1027.735107421875
1788854532.8712695,2026-09-08T08:02:12.871269Z,8259,70,CTD,65535,255,1027.734619140625
1788854533.0701592,2026-09-08T08:02:13.070159Z,8259,70,CTD,65535,255,1027.7320556640625
1788854533.268905,2026-09-08T08:02:13.268904Z,8259,70,CTD,65535,255,1027.7320556640625
1788854533.4676394,2026-09-08T08:02:13.467639Z,8259,70,CTD,65535,255,1027.7315673828125
1788854533.6663067,2026-09-08T08:02:13.666306Z,8259,70,CTD,65535,255,1027.73388671875
1788854533.8650706,2026-09-08T08:02:13.865070Z,8259,70,CTD,65535,255,1027.734130859375
1788854534.0645022,2026-09-08T08:02:14.064502Z,8259,70,CTD,65535,255,1027.734619140625
1788854534.2636318,2026-09-08T08:02:14.263631Z,8259,70,CTD,65535,255,1027.7376708984375
1788854534.4633622,2026-09-08T08:02:14.463362Z,8259,70,CTD,65535,255,1027.7349853515625
1788854534.6628423,2026-09-08T08:02:14.662842Z,8259,70,CTD,65535,255,1027.736083984375
1788854534.862375,2026-09-08T08:02:14.862375Z,8259,70,CTD,65535,255,1027.732177734375
1788854535.0625157,2026-09-08T08:02:15.062515Z,8259,70,CTD,65535,255,1027.73583984375
1788854535.2622366,2026-09-08T08:02:15.262236Z,8259,70,CTD,65535,255,1027.736328125
1788854535.4624584,2026-09-08T08:02:15.462458Z,8259,70,CTD,65535,255,1027.7332763671875
1788854535.6625822,2026-09-08T08:02:15.662582Z,8259,70,CTD,65535,255,1027.735595703125
1788854535.8626156,2026-09-08T08:02:15.862615Z,8259,70,CTD,65535,255,1027.7349853515625
1788854536.0630758,2026-09-08T08:02:16.063075Z,8259,70,CTD,65535,255,1027.737060546875
1788854536.2632747,2026-09-08T08:02:16.263274Z,8259,70,CTD,65535,255,1027.7371826171875
1788854536.4633224,2026-09-08T08:02:16.463322Z,8259,70,CTD,65535,255,1027.736572265625
1788854536.6638823,2026-09-08T08:02:16.663882Z,8259,70,CTD,65535,255,1027.7374267578125
1788854536.8640316,2026-09-08T08:02:16.864031Z,8259,70,CTD,65535,255,1027.738037109375
1788854537.0646255,2026-09-08T08:02:17.064625Z,8259,70,CTD,65535,255,1027.7330322265625
1788854537.2649438,2026-09-08T08:02:17.264943Z,8259,70,CTD,65535,255,1027.7354736328125
1788854537.4652052,2026-09-08T08:02:17.465205Z,8259,70,CTD,65535,255,1027.7325439453125
1788854537.665257,2026-09-08T08:02:17.665256Z,8259,70,CTD,65535,255,1027.732421875
1788854537.8657727,2026-09-08T08:02:17.865772Z,8259,70,CTD,65535,255,1027.73779296875
1788854538.0663207,2026-09-08T08:02:18.066320Z,8259,70,CTD,65535,255,1027.7332763671875
1788854538.2663286,2026-09-08T08:02:18.266328Z,8259,70,CTD,65535,255,1027.736328125
1788854538.4663713,2026-09-08T08:02:18.466371Z,8259,70,CTD,65535,255,1027.7314453125
1788854538.6666994,2026-09-08T08:02:18.666699Z,8259,70,CTD,65535,255,1027.732177734375
1788854538.8670056,2026-09-08T08:02:18.867005Z,8259,70,CTD,65535,255,1027.7347412109375
1788854539.067188,2026-09-08T08:02:19.067188Z,8259,70,CTD,65535,255,1027.7354736328125
1788854539.2670453,2026-09-08T08:02:19.267045Z,8259,70,CTD,65535,255,1027.7318115234375
1788854539.4673595,2026-09-08T08:02:19.467359Z,8259,70,CTD,65535,255,1027.7347412109375
1788854539.6671362,2026-09-08T08:02:19.667136Z,8259,70,CTD,65535,255,1027.7330322265625
1788854539.8675494,2026-09-08T08:02:19.867549Z,8259,70,CTD,65535,255,1027.736328125
1788854540.0678337,2026-09-08T08:02:20.067833Z,8259,70,CTD,65535,255,1027.7344970703125
1788854540.2685602,2026-09-08T08:02:20.268560Z,8259,70,CTD,65535,255,1027.73193359375
1788854540.4689014,2026-09-08T08:02:20.468901Z,8259,70,CTD,65535,255,1027.7313232421875
1788854540.6697912,2026-09-08T08:02:20.669791Z,8259,70,CTD,65535,255,1027.7315673828125
1788854540.870129,2026-09-08T08:02:20.870129Z,8259,70,CTD,65535,255,1027.734130859375
1788854541.0712206,2026-09-08T08:02:21.071220Z,8259,70,CTD,65535,255,1027.7342529296875
1788854541.2718644,2026-09-08T08:02:21.271864Z,8259,70,CTD,65535,255,1027.730712890625
1788854541.472503,2026-09-08T08:02:21.472502Z,8259,70,CTD,65535,255,1027.734375
1788854541.6732063,2026-09-08T08:02:21.673206Z,8259,70,CTD,65535,255,1027.7314453125
1788854541.873895,2026-09-08T08:02:21.873894Z,8259,70,CTD,65535,255,1027.733642578125
1788854542.074501,2026-09-08T08:02:22.074501Z,8259,70,CTD,65535,255,1027.7337646484375
1788854542.2746012,2026-09-08T08:02:22.274601Z,8259,70,CTD,65535,255,1027.7315673828125
1788854542.474846,2026-09-08T08:02:22.474845Z,8259,70,CTD,65535,255,1027.730712890625
1788854542.6750095,2026-09-08T08:02:22.675009Z,8259,70,CTD,65535,255,1027.7313232421875
1788854542.8753226,2026-09-08T08:02:22.875322Z,8259,70,CTD,65535,255,1027.73291015625
1788854543.07549,2026-09-08T08:02:23.075489Z,8259,70,CTD,65535,255,1027.7327880859375
1788854543.2752402,2026-09-08T08:02:23.275240Z,8259,70,CTD,65535,255,1027.7330322265625
1788854543.474946,2026-09-08T08:02:23.474946Z,8259,70,CTD,65535,255,1027.7320556640625
1788854543.674998,2026-09-08T08:02:23.674998Z,8259,70,CTD,65535,255,1027.733154296875
1788854543.8745995,2026-09-08T08:02:23.874599Z,8259,70,CTD,65535,255,1027.7313232421875
1788854544.0753777,2026-09-08T08:02:24.075377Z,8259,70,CTD,65535,255,1027.734130859375
1788854544.2745452,2026-09-08T08:02:24.274545Z,8259,70,CTD,65535,255,1027.733154296875
1788854544.4742987,2026-09-08T08:02:24.474298Z,8259,70,CTD,65535,255,1027.734375
1788854544.6738148,2026-09-08T08:02:24.673814Z,8259,70,CTD,65535,255,1027.7349853515625
1788854544.8738432,2026-09-08T08:02:24.873843Z,8259,70,CTD,65535,255,1027.7322998046875
1788854545.0738037,2026-09-08T08:02:25.073803Z,8259,70,CTD,65535,255,1027.73193359375
1788854545.2734807,2026-09-08T08:02:25.273480Z,8259,70,CTD,65535,255,1027.7354736328125
1788854545.4729683,2026-09-08T08:02:25.472968Z,8259,70,CTD,65535,255,1027.733642578125
1788854545.672995,2026-09-08T08:02:25.672995Z,8259,70,CTD,65535,255,1027.73291015625
1788854545.8725996,2026-09-08T08:02:25.872599Z,8259,70,CTD,65535,255,1027.7322998046875
1788854546.0727398,2026-09-08T08:02:26.072739Z,8259,70,CTD,65535,255,1027.7322998046875
1788854546.2722862,2026-09-08T08:02:26.272286Z,8259,70,CTD,65535,255,1027.7325439453125
1788854546.4723244,2026-09-08T08:02:26.472324Z,8259,70,CTD,65535,255,1027.731689453125
1788854546.671915,2026-09-08T08:02:26.671915Z,8259,70,CTD,65535,255,1027.7303466796875
1788854546.872023,2026-09-08T08:02:26.872023Z,8259,70,CTD,65535,255,1027.731689453125
1788854547.0722268,2026-09-08T08:02:27.072226Z,8259,70,CTD,65535,255,1027.73193359375
1788854547.2721097,2026-09-08T08:02:27.272109Z,8259,70,CTD,65535,255,1027.732421875
1788854547.472112,2026-09-08T08:02:27.472111Z,8259,70,CTD,65535,255,1027.7315673828125
1788854547.672096,2026-09-08T08:02:27.672096Z,8259,70,CTD,65535,255,1027.73291015625
1788854547.8721588,2026-09-08T08:02:27.872158Z,8259,70,CTD,65535,255,1027.7322998046875
1788854548.0723393,2026-09-08T08:02:28.072339Z,8259,70,CTD,65535,255,1027.7340087890625
1788854548.2724135,2026-09-08T08:02:28.272413Z,8259,70,CTD,65535,255,1027.7352294921875
1788854548.4724395,2026-09-08T08:02:28.472439Z,8259,70,CTD,65535,255,1027.734130859375
1788854548.6722524,2026-09-08T08:02:28.672252Z,8259,70,CTD,65535,255,1027.732177734375
1788854548.8727002,2026-09-08T08:02:28.872700Z,8259,70,CTD,65535,255,1027.734375
1788854549.0727065,2026-09-08T08:02:29.072706Z,8259,70,CTD,65535,255,1027.73291015625
1788854549.272776,2026-09-08T08:02:29.272775Z,8259,70,CTD,65535,255,1027.73388671875
1788854549.4726675,2026-09-08T08:02:29.472667Z,8259,70,CTD,65535,255,1027.732177734375
1788854549.6727235,2026-09-08T08:02:29.672723Z,8259,70,CTD,65535,255,1027.736328125
1788854549.8728352,2026-09-08T08:02:29.872835Z,8259,70,CTD,65535,255,1027.7308349609375
1788854550.0730867,2026-09-08T08:02:30.073086Z,8259,70,CTD,65535,255,1027.735107421875
1788854550.2727792,2026-09-08T08:02:30.272779Z,8259,70,CTD,65535,255,1027.7381591796875
1788854550.4728377,2026-09-08T08:02:30.472837Z,8259,70,CTD,65535,255,1027.7315673828125
1788854550.6725674,2026-09-08T08:02:30.672567Z,8259,70,CTD,65535,255,1027.7337646484375
1788854550.8731422,2026-09-08T08:02:30.873142Z,8259,70,CTD,65535,255,1027.7327880859375
1788854551.0729878,2026-09-08T08:02:31.072987Z,8259,70,CTD,65535,255,1027.7322998046875
1788854551.2728655,2026-09-08T08:02:31.272865Z,8259,70,CTD,65535,255,1027.7353515625
1788854551.472613,2026-09-08T08:02:31.472613Z,8259,70,CTD,65535,255,1027.7325439453125
1788854551.672737,2026-09-08T08:02:31.672736Z,8259,70,CTD,65535,255,1027.734619140625
1788854551.8724847,2026-09-08T08:02:31.872484Z,8259,70,CTD,65535,255,1027.7332763671875
1788854552.0729396,2026-09-08T08:02:32.072939Z,8259,70,CTD,65535,255,1027.7362060546875
1788854552.272719,2026-09-08T08:02:32.272718Z,8259,70,CTD,65535,255,1027.7362060546875
1788854552.4726658,2026-09-08T08:02:32.472665Z,8259,70,CTD,65535,255,1027.7333984375
1788854552.672624,2026-09-08T08:02:32.672624Z,8259,70,CTD,65535,255,1027.7347412109375
1788854552.872572,2026-09-08T08:02:32.872571Z,8259,70,CTD,65535,255,1027.7349853515625
1788854553.0726922,2026-09-08T08:02:33.072692Z,8259,70,CTD,65535,255,1027.7337646484375
1788854553.2726133,2026-09-08T08:02:33.272613Z,8259,70,CTD,65535,255,1027.7332763671875
1788854553.4725995,2026-09-08T08:02:33.472599Z,8259,70,CTD,65535,255,1027.730224609375
1788854553.672437,2026-09-08T08:02:33.672436Z,8259,70,CTD,65535,255,1027.7344970703125
1788854553.8722045,2026-09-08T08:02:33.872204Z,8259,70,CTD,65535,255,1027.733642578125
1788854554.0726707,2026-09-08T08:02:34.072670Z,8259,70,CTD,65535,255,1027.732177734375
1788854554.2723267,2026-09-08T08:02:34.272326Z,8259,70,CTD,65535,255,1027.7333984375
1788854554.47247,2026-09-08T08:02:34.472470Z,8259,70,CTD,65535,255,1027.7352294921875
1788854554.672478,2026-09-08T08:02:34.672477Z,8259,70,CTD,65535,255,1027.7376708984375
1788854554.8725297,2026-09-08T08:02:34.872529Z,8259,70,CTD,65535,255,1027.734375
1788854555.0722334,2026-09-08T08:02:35.072233Z,8259,70,CTD,65535,255,1027.7352294921875
1788854555.2715065,2026-09-08T08:02:35.271506Z,8259,70,CTD,65535,255,1027.735107421875
1788854555.4706817,2026-09-08T08:02:35.470681Z,8259,70,CTD,65535,255,1027.73486328125
1788854555.6702127,2026-09-08T08:02:35.670212Z,8259,70,CTD,65535,255,1027.7359619140625
1788854555.8693435,2026-09-08T08:02:35.869343Z,8259,70,CTD,65535,255,1027.7333984375
1788854556.0689037,2026-09-08T08:02:36.068903Z,8259,70,CTD,65535,255,1027.734375
1788854556.2680087,2026-09-08T08:02:36.268008Z,8259,70,CTD,65535,255,1027.737548828125
1788854556.467478,2026-09-08T08:02:36.467478Z,8259,70,CTD,65535,255,1027.7322998046875
1788854556.6667798,2026-09-08T08:02:36.666779Z,8259,70,CTD,65535,255,1027.7379150390625
1788854556.8660111,2026-09-08T08:02:36.866011Z,8259,70,CTD,65535,255,1027.734375
1788854557.0656033,2026-09-08T08:02:37.065603Z,8259,70,CTD,65535,255,1027.73388671875
1788854557.2653706,2026-09-08T08:02:37.265370Z,8259,70,CTD,65535,255,1027.7393798828125
1788854557.4650593,2026-09-08T08:02:37.465059Z,8259,70,CTD,65535,255,1027.7330322265625
1788854557.6647916,2026-09-08T08:02:37.664791Z,8259,70,CTD,65535,255,1027.7332763671875
1788854557.8642864,2026-09-08T08:02:37.864286Z,8259,70,CTD,65535,255,1027.732666015625
1788854558.0647004,2026-09-08T08:02:38.064700Z,8259,70,CTD,65535,255,1027.7342529296875
1788854558.2646255,2026-09-08T08:02:38.264625Z,8259,70,CTD,65535,255,1027.734130859375
1788854558.4646761,2026-09-08T08:02:38.464676Z,8259,70,CTD,65535,255,1027.7354736328125
1788854558.6647203,2026-09-08T08:02:38.664720Z,8259,70,CTD,65535,255,1027.73388671875
1788854558.8647883,2026-09-08T08:02:38.864788Z,8259,70,CTD,65535,255,1027.735595703125
1788854559.0651495,2026-09-08T08:02:39.065149Z,8259,70,CTD,65535,255,1027.731689453125
1788854559.265235,2026-09-08T08:02:39.265234Z,8259,70,CTD,65535,255,1027.735595703125
1788854559.4654176,2026-09-08T08:02:39.465417Z,8259,70,CTD,65535,255,1027.733154296875
1788854559.6656034,2026-09-08T08:02:39.665603Z,8259,70,CTD,65535,255,1027.7325439453125
1788854559.8655956,2026-09-08T08:02:39.865595Z,8259,70,CTD,65535,255,1027.7357177734375
1788854560.0660372,2026-09-08T08:02:40.066037Z,8259,70,CTD,65535,255,1027.730712890625
1788854560.2663004,2026-09-08T08:02:40.266300Z,8259,70,CTD,65535,255,1027.73193359375
1788854560.466352,2026-09-08T08:02:40.466351Z,8259,70,CTD,65535,255,1027.7353515625
1788854560.6663232,2026-09-08T08:02:40.666323Z,8259,70,CTD,65535,255,1027.7352294921875
1788854560.866674,2026-09-08T08:02:40.866673Z,8259,70,CTD,65535,255,1027.7330322265625
1788854561.0669131,2026-09-08T08:02:41.066913Z,8259,70,CTD,65535,255,1027.7362060546875
1788854561.2670138,2026-09-08T08:02:41.267013Z,8259,70,CTD,65535,255,1027.736328125
1788854561.4670563,2026-09-08T08:02:41.467056Z,8259,70,CTD,65535,255,1027.7332763671875
1788854561.6671395,2026-09-08T08:02:41.667139Z,8259,70,CTD,65535,255,1027.7352294921875
1788854561.867211,2026-09-08T08:02:41.867211Z,8259,70,CTD,65535,255,1027.739013671875
1788854562.0676517,2026-09-08T08:02:42.067651Z,8259,70,CTD,65535,255,1027.7340087890625
1788854562.2674687,2026-09-08T08:02:42.267468Z,8259,70,CTD,65535,255,1027.7315673828125
1788854562.4674165,2026-09-08T08:02:42.467416Z,8259,70,CTD,65535,255,1027.735595703125
1788854562.6674585,2026-09-08T08:02:42.667458Z,8259,70,CTD,65535,255,1027.734375
1788854562.8671784,2026-09-08T08:02:42.867178Z,8259,70,CTD,65535,255,1027.735107421875
1788854563.0676994,2026-09-08T08:02:43.067699Z,8259,70,CTD,65535,255,1027.73486328125
1788854563.26731,2026-09-08T08:02:43.267309Z,8259,70,CTD,65535,255,1027.7349853515625
1788854563.4675546,2026-09-08T08:02:43.467554Z,8259,70,CTD,65535,255,1027.733642578125
1788854563.6673768,2026-09-08T08:02:43.667376Z,8259,70,CTD,65535,255,1027.734375
1788854563.8674939,2026-09-08T08:02:43.867493Z,8259,70,CTD,65535,255,1027.7354736328125
1788854564.0676472,2026-09-08T08:02:44.067647Z,8259,70,CTD,65535,255,1027.7344970703125
1788854564.2675648,2026-09-08T08:02:44.267564Z,8259,70,CTD,65535,255,1027.7344970703125
1788854564.46726,2026-09-08T08:02:44.467259Z,8259,70,CTD,65535,255,1027.734619140625
1788854564.6674683,2026-09-08T08:02:44.667468Z,8259,70,CTD,65535,255,1027.7349853515625
1788854564.8672152,2026-09-08T08:02:44.867215Z,8259,70,CTD,65535,255,1027.7384033203125
1788854565.0676792,2026-09-08T08:02:45.067679Z,8259,70,CTD,65535,255,1027.734619140625
1788854565.2673209,2026-09-08T08:02:45.267320Z,8259,70,CTD,65535,255,1027.7333984375
1788854565.467475,2026-09-08T08:02:45.467474Z,8259,70,CTD,65535,255,1027.73193359375
1788854565.6672988,2026-09-08T08:02:45.667298Z,8259,70,CTD,65535,255,1027.7342529296875
1788854565.8674273,2026-09-08T08:02:45.867427Z,8259,70,CTD,65535,255,1027.7349853515625
1788854566.067668,2026-09-08T08:02:46.067667Z,8259,70,CTD,65535,255,1027.7352294921875
1788854566.2675018,2026-09-08T08:02:46.267501Z,8259,70,CTD,65535,255,1027.7366943359375
1788854566.46719,2026-09-08T08:02:46.467190Z,8259,70,CTD,65535,255,1027.735107421875
1788854566.667378,2026-09-08T08:02:46.667377Z,8259,70,CTD,65535,255,1027.7344970703125
1788854566.8671227,2026-09-08T08:02:46.867122Z,8259,70,CTD,65535,255,1027.734375
1788854567.067491,2026-09-08T08:02:47.067491Z,8259,70,CTD,65535,255,1027.7364501953125
1788854567.2671838,2026-09-08T08:02:47.267183Z,8259,70,CTD,65535,255,1027.7371826171875
1788854567.4674115,2026-09-08T08:02:47.467411Z,8259,70,CTD,65535,255,1027.7362060546875
1788854567.667095,2026-09-08T08:02:47.667094Z,8259,70,CTD,65535,255,1027.7318115234375
1788854567.8673387,2026-09-08T08:02:47.867338Z,8259,70,CTD,65535,255,1027.730712890625
1788854568.0675874,2026-09-08T08:02:48.067587Z,8259,70,CTD,65535,255,1027.734130859375
1788854568.267402,2026-09-08T08:02:48.267401Z,8259,70,CTD,65535,255,1027.732177734375
1788854568.4671524,2026-09-08T08:02:48.467152Z,8259,70,CTD,65535,255,1027.7353515625
1788854568.667325,2026-09-08T08:02:48.667325Z,8259,70,CTD,65535,255,1027.733642578125
1788854568.8670328,2026-09-08T08:02:48.867032Z,8259,70,CTD,65535,255,1027.7359619140625
1788854569.0670543,2026-09-08T08:02:49.067054Z,8259,70,CTD,65535,255,1027.7340087890625
1788854569.266503,2026-09-08T08:02:49.266503Z,8259,70,CTD,65535,255,1027.7320556640625
1788854569.4656463,2026-09-08T08:02:49.465646Z,8259,70,CTD,65535,255,1027.734130859375
1788854569.6653814,2026-09-08T08:02:49.665381Z,8259,70,CTD,65535,255,1027.7335205078125
1788854569.864689,2026-09-08T08:02:49.864689Z,8259,70,CTD,65535,255,1027.7335205078125
1788854570.064202,2026-09-08T08:02:50.064202Z,8259,70,CTD,65535,255,1027.73388671875
1788854570.2635753,2026-09-08T08:02:50.263575Z,8259,70,CTD,65535,255,1027.7314453125
1788854570.4625337,2026-09-08T08:02:50.462533Z,8259,70,CTD,65535,255,1027.7315673828125
1788854570.662102,2026-09-08T08:02:50.662101Z,8259,70,CTD,65535,255,1027.7337646484375
1788854570.8611567,2026-09-08T08:02:50.861156Z,8259,70,CTD,65535,255,1027.732421875
1788854571.06109,2026-09-08T08:02:51.061089Z,8259,70,CTD,65535,255,1027.7344970703125
1788854571.2608132,2026-09-08T08:02:51.260813Z,8259,70,CTD,65535,255,1027.7330322265625
1788854571.4603062,2026-09-08T08:02:51.460306Z,8259,70,CTD,65535,255,1027.73291015625
1788854571.660299,2026-09-08T08:02:51.660299Z,8259,70,CTD,65535,255,1027.7333984375
1788854571.8597662,2026-09-08T08:02:51.859766Z,8259,70,CTD,65535,255,1027.7344970703125
1788854572.059999,2026-09-08T08:02:52.059998Z,8259,70,CTD,65535,255,1027.731689453125
1788854572.2599914,2026-09-08T08:02:52.259991Z,8259,70,CTD,65535,255,1027.736328125
1788854572.460131,2026-09-08T08:02:52.460130Z,8259,70,CTD,65535,255,1027.7314453125
1788854572.6601565,2026-09-08T08:02:52.660156Z,8259,70,CTD,65535,255,1027.7310791015625
1788854572.860243,2026-09-08T08:02:52.860243Z,8259,70,CTD,65535,255,1027.7294921875
1788854573.0603864,2026-09-08T08:02:53.060386Z,8259,70,CTD,65535,255,1027.725830078125
1788854573.2603467,2026-09-08T08:02:53.260346Z,8259,70,CTD,65535,255,1027.732177734375
1788854573.460764,2026-09-08T08:02:53.460763Z,8259,70,CTD,65535,255,1027.7301025390625
1788854573.660954,2026-09-08T08:02:53.660953Z,8259,70,CTD,65535,255,1027.7413330078125
1788854573.8610861,2026-09-08T08:02:53.861086Z,8259,70,CTD,65535,255,1027.7313232421875
1788854574.061736,2026-09-08T08:02:54.061736Z,8259,70,CTD,65535,255,1027.732421875
1788854574.2614956,2026-09-08T08:02:54.261495Z,8259,70,CTD,65535,255,1027.7308349609375
1788854574.4613888,2026-09-08T08:02:54.461388Z,8259,70,CTD,65535,255,1027.7314453125
1788854574.6616502,2026-09-08T08:02:54.661650Z,8259,70,CTD,65535,255,1027.7303466796875
1788854574.861699,2026-09-08T08:02:54.861699Z,8259,70,CTD,65535,255,1027.732421875
1788854575.0623596,2026-09-08T08:02:55.062359Z,8259,70,CTD,65535,255,1027.733642578125
1788854575.2620423,2026-09-08T08:02:55.262042Z,8259,70,CTD,65535,255,1027.732177734375
1788854575.4623535,2026-09-08T08:02:55.462353Z,8259,70,CTD,65535,255,1027.7310791015625
1788854575.662178,2026-09-08T08:02:55.662178Z,8259,70,CTD,65535,255,1027.733642578125
1788854575.862282,2026-09-08T08:02:55.862282Z,8259,70,CTD,65535,255,1027.734619140625
1788854576.062768,2026-09-08T08:02:56.062767Z,8259,70,CTD,65535,255,1027.732666015625
1788854576.262729,2026-09-08T08:02:56.262728Z,8259,70,CTD,65535,255,1027.73291015625
1788854576.4625347,2026-09-08T08:02:56.462534Z,8259,70,CTD,65535,255,1027.727783203125
1788854576.6636395,2026-09-08T08:02:56.663639Z,8259,70,CTD,65535,255,1027.7347412109375
1788854576.8625681,2026-09-08T08:02:56.862568Z,8259,70,CTD,65535,255,1027.7315673828125
1788854577.0630858,2026-09-08T08:02:57.063085Z,8259,70,CTD,65535,255,1027.7325439453125
1788854577.2629647,2026-09-08T08:02:57.262964Z,8259,70,CTD,65535,255,1027.733642578125
1788854577.4629235,2026-09-08T08:02:57.462923Z,8259,70,CTD,65535,255,1027.7296142578125
1788854577.6626525,2026-09-08T08:02:57.662652Z,8259,70,CTD,65535,255,1027.728759765625
1788854577.8628788,2026-09-08T08:02:57.862878Z,8259,70,CTD,65535,255,1027.730224609375
1788854578.0631328,2026-09-08T08:02:58.063132Z,8259,70,CTD,65535,255,1027.7313232421875
1788854578.263079,2026-09-08T08:02:58.263078Z,8259,70,CTD,65535,255,1027.7347412109375
1788854578.4635046,2026-09-08T08:02:58.463504Z,8259,70,CTD,65535,255,1027.7315673828125
1788854578.663786,2026-09-08T08:02:58.663785Z,8259,70,CTD,65535,255,1027.7296142578125
1788854578.8640528,2026-09-08T08:02:58.864052Z,8259,70,CTD,65535,255,1027.724609375
1788854579.0643616,2026-09-08T08:02:59.064361Z,8259,70,CTD,65535,255,1027.73291015625
1788854579.2646308,2026-09-08T08:02:59.264630Z,8259,70,CTD,65535,255,1027.728515625
1788854579.464934,2026-09-08T08:02:59.464934Z,8259,70,CTD,65535,255,1027.7293701171875
1788854579.6652498,2026-09-08T08:02:59.665249Z,8259,70,CTD,65535,255,1027.72802734375
1788854579.86547,2026-09-08T08:02:59.865469Z,8259,70,CTD,65535,255,1027.7269287109375
1788854580.065752,2026-09-08T08:03:00.065752Z,8259,70,CTD,65535,255,1027.7242431640625
1788854580.2658162,2026-09-08T08:03:00.265816Z,8259,70,CTD,65535,255,1027.7236328125
1788854580.465864,2026-09-08T08:03:00.465863Z,8259,70,CTD,65535,255,1027.7239990234375
1788854580.665939,2026-09-08T08:03:00.665939Z,8259,70,CTD,65535,255,1027.7254638671875
1788854580.8659792,2026-09-08T08:03:00.865979Z,8259,70,CTD,65535,255,1027.7254638671875
1788854581.0659626,2026-09-08T08:03:01.065962Z,8259,70,CTD,65535,255,1027.726806640625
1788854581.2660747,2026-09-08T08:03:01.266074Z,8259,70,CTD,65535,255,1027.726806640625
1788854581.4657247,2026-09-08T08:03:01.465724Z,8259,70,CTD,65535,255,1027.7264404296875
1788854581.666024,2026-09-08T08:03:01.666023Z,8259,70,CTD,65535,255,1027.729736328125
1788854581.8658507,2026-09-08T08:03:01.865850Z,8259,70,CTD,65535,255,1027.7266845703125
1788854582.0659611,2026-09-08T08:03:02.065961Z,8259,70,CTD,65535,255,1027.7255859375
1788854582.2657523,2026-09-08T08:03:02.265752Z,8259,70,CTD,65535,255,1027.72705078125
1788854582.4654326,2026-09-08T08:03:02.465432Z,8259,70,CTD,65535,255,1027.7236328125
1788854582.6655977,2026-09-08T08:03:02.665597Z,8259,70,CTD,65535,255,1027.7261962890625
1788854582.8654258,2026-09-08T08:03:02.865425Z,8259,70,CTD,65535,255,1027.72412109375
1788854583.065541,2026-09-08T08:03:03.065541Z,8259,70,CTD,65535,255,1027.72509765625
1788854583.2651255,2026-09-08T08:03:03.265125Z,8259,70,CTD,65535,255,1027.72607421875
1788854583.4649231,2026-09-08T08:03:03.464923Z,8259,70,CTD,65535,255,1027.723876953125
1788854583.6650484,2026-09-08T08:03:03.665048Z,8259,70,CTD,65535,255,1027.723876953125
1788854583.8648016,2026-09-08T08:03:03.864801Z,8259,70,CTD,65535,255,1027.7230224609375
1788854584.0650074,2026-09-08T08:03:04.065007Z,8259,70,CTD,65535,255,1027.721923828125
1788854584.2648878,2026-09-08T08:03:04.264887Z,8259,70,CTD,65535,255,1027.7237548828125
1788854584.4645596,2026-09-08T08:03:04.464559Z,8259,70,CTD,65535,255,1027.723876953125
1788854584.6647084,2026-09-08T08:03:04.664708Z,8259,70,CTD,65535,255,1027.725341796875
1788854584.8644166,2026-09-08T08:03:04.864416Z,8259,70,CTD,65535,255,1027.7265625
1788854585.0647132,2026-09-08T08:03:05.064713Z,8259,70,CTD,65535,255,1027.72509765625
1788854585.2646677,2026-09-08T08:03:05.264667Z,8259,70,CTD,65535,255,1027.7235107421875
1788854585.4646,2026-09-08T08:03:05.464600Z,8259,70,CTD,65535,255,1027.7242431640625
1788854585.6645648,2026-09-08T08:03:05.664564Z,8259,70,CTD,65535,255,1027.7230224609375
1788854585.8645022,2026-09-08T08:03:05.864502Z,8259,70,CTD,65535,255,1027.7247314453125
1788854586.064554,2026-09-08T08:03:06.064553Z,8259,70,CTD,65535,255,1027.723388671875
1788854586.2645872,2026-09-08T08:03:06.264587Z,8259,70,CTD,65535,255,1027.725341796875
1788854586.4644735,2026-09-08T08:03:06.464473Z,8259,70,CTD,65535,255,1027.722900390625
1788854586.664455,2026-09-08T08:03:06.664454Z,8259,70,CTD,65535,255,1027.7249755859375
1788854586.864447,2026-09-08T08:03:06.864447Z,8259,70,CTD,65535,255,1027.7225341796875
1788854587.0646672,2026-09-08T08:03:07.064667Z,8259,70,CTD,65535,255,1027.722412109375
1788854587.2644987,2026-09-08T08:03:07.264498Z,8259,70,CTD,65535,255,1027.72216796875
1788854587.464489,2026-09-08T08:03:07.464488Z,8259,70,CTD,65535,255,1027.7208251953125
1788854587.6644287,2026-09-08T08:03:07.664428Z,8259,70,CTD,65535,255,1027.72216796875
1788854587.864467,2026-09-08T08:03:07.864466Z,8259,70,CTD,65535,255,1027.7210693359375
1788854588.0644999,2026-09-08T08:03:08.064499Z,8259,70,CTD,65535,255,1027.7203369140625
1788854588.2632558,2026-09-08T08:03:08.263255Z,8259,70,CTD,65535,255,1027.71875
1788854588.462312,2026-09-08T08:03:08.462311Z,8259,70,CTD,65535,255,1027.7213134765625
1788854588.6614187,2026-09-08T08:03:08.661418Z,8259,70,CTD,65535,255,1027.71923828125
1788854588.8603735,2026-09-08T08:03:08.860373Z,8259,70,CTD,65535,255,1027.7178955078125
1788854589.0596907,2026-09-08T08:03:09.059690Z,8259,70,CTD,65535,255,1027.7197265625
1788854589.2597485,2026-09-08T08:03:09.259748Z,8259,70,CTD,65535,255,1027.71630859375
1788854589.4594398,2026-09-08T08:03:09.459439Z,8259,70,CTD,65535,255,1027.72021484375
1788854589.659594,2026-09-08T08:03:09.659594Z,8259,70,CTD,65535,255,1027.717041015625
1788854589.8593001,2026-09-08T08:03:09.859300Z,8259,70,CTD,65535,255,1027.71826171875
1788854590.059867,2026-09-08T08:03:10.059866Z,8259,70,CTD,65535,255,1027.71923828125
1788854590.2601938,2026-09-08T08:03:10.260193Z,8259,70,CTD,65535,255,1027.7171630859375
1788854590.461039,2026-09-08T08:03:10.461039Z,8259,70,CTD,65535,255,1027.71826171875
1788854590.6616802,2026-09-08T08:03:10.661680Z,8259,70,CTD,65535,255,1027.7174072265625
1788854590.8623033,2026-09-08T08:03:10.862303Z,8259,70,CTD,65535,255,1027.7164306640625
1788854591.063186,2026-09-08T08:03:11.063185Z,8259,70,CTD,65535,255,1027.7193603515625
1788854591.2634232,2026-09-08T08:03:11.263423Z,8259,70,CTD,65535,255,1027.722900390625
1788854591.4636118,2026-09-08T08:03:11.463611Z,8259,70,CTD,65535,255,1027.7218017578125
1788854591.6642873,2026-09-08T08:03:11.664287Z,8259,70,CTD,65535,255,1027.7188720703125
1788854591.864798,2026-09-08T08:03:11.864798Z,8259,70,CTD,65535,255,1027.717041015625
1788854592.0653791,2026-09-08T08:03:12.065379Z,8259,70,CTD,65535,255,1027.7164306640625
1788854592.2653208,2026-09-08T08:03:12.265320Z,8259,70,CTD,65535,255,1027.71826171875
1788854592.465176,2026-09-08T08:03:12.465176Z,8259,70,CTD,65535,255,1027.7203369140625
1788854592.6655822,2026-09-08T08:03:12.665582Z,8259,70,CTD,65535,255,1027.716796875
1788854592.865723,2026-09-08T08:03:12.865722Z,8259,70,CTD,65535,255,1027.7193603515625
1788854593.066157,2026-09-08T08:03:13.066157Z,8259,70,CTD,65535,255,1027.7210693359375
1788854593.2657974,2026-09-08T08:03:13.265797Z,8259,70,CTD,65535,255,1027.7171630859375
1788854593.465821,2026-09-08T08:03:13.465821Z,8259,70,CTD,65535,255,1027.7215576171875
1788854593.6658244,2026-09-08T08:03:13.665824Z,8259,70,CTD,65535,255,1027.717529296875
1788854593.8656836,2026-09-08T08:03:13.865683Z,8259,70,CTD,65535,255,1027.71728515625
1788854594.0658364,2026-09-08T08:03:14.065836Z,8259,70,CTD,65535,255,1027.7200927734375
1788854594.2656662,2026-09-08T08:03:14.265666Z,8259,70,CTD,65535,255,1027.720947265625
1788854594.465249,2026-09-08T08:03:14.465249Z,8259,70,CTD,65535,255,1027.7181396484375
1788854594.6653898,2026-09-08T08:03:14.665389Z,8259,70,CTD,65535,255,1027.7178955078125
1788854594.865269,2026-09-08T08:03:14.865268Z,8259,70,CTD,65535,255,1027.7230224609375
1788854595.0652804,2026-09-08T08:03:15.065280Z,8259,70,CTD,65535,255,1027.7222900390625
1788854595.2651513,2026-09-08T08:03:15.265151Z,8259,70,CTD,65535,255,1027.713134765625
1788854595.4648032,2026-09-08T08:03:15.464803Z,8259,70,CTD,65535,255,1027.719970703125
1788854595.6649237,2026-09-08T08:03:15.664923Z,8259,70,CTD,65535,255,1027.720458984375
1788854595.8645914,2026-09-08T08:03:15.864591Z,8259,70,CTD,65535,255,1027.72216796875
1788854596.065015,2026-09-08T08:03:16.065015Z,8259,70,CTD,65535,255,1027.71435546875
1788854596.2647035,2026-09-08T08:03:16.264703Z,8259,70,CTD,65535,255,1027.71337890625
1788854596.4643643,2026-09-08T08:03:16.464364Z,8259,70,CTD,65535,255,1027.7171630859375
1788854596.66453,2026-09-08T08:03:16.664530Z,8259,70,CTD,65535,255,1027.7203369140625
1788854596.8642333,2026-09-08T08:03:16.864233Z,8259,70,CTD,65535,255,1027.7215576171875
1788854597.064565,2026-09-08T08:03:17.064564Z,8259,70,CTD,65535,255,1027.719482421875
1788854597.2645125,2026-09-08T08:03:17.264512Z,8259,70,CTD,65535,255,1027.7166748046875
1788854597.4643931,2026-09-08T08:03:17.464393Z,8259,70,CTD,65535,255,1027.71728515625
1788854597.6643612,2026-09-08T08:03:17.664361Z,8259,70,CTD,65535,255,1027.719482421875
1788854597.8643017,2026-09-08T08:03:17.864301Z,8259,70,CTD,65535,255,1027.724365234375
1788854598.064235,2026-09-08T08:03:18.064234Z,8259,70,CTD,65535,255,1027.7252197265625
1788854598.2643857,2026-09-08T08:03:18.264385Z,8259,70,CTD,65535,255,1027.71484375
1788854598.4643338,2026-09-08T08:03:18.464333Z,8259,70,CTD,65535,255,1027.7178955078125
1788854598.663993,2026-09-08T08:03:18.663992Z,8259,70,CTD,65535,255,1027.72216796875
1788854598.864207,2026-09-08T08:03:18.864207Z,8259,70,CTD,65535,255,1027.722412109375
1788854599.0642488,2026-09-08T08:03:19.064248Z,8259,70,CTD,65535,255,1027.7198486328125
1788854599.2643178,2026-09-08T08:03:19.264317Z,8259,70,CTD,65535,255,1027.72119140625
1788854599.4642293,2026-09-08T08:03:19.464229Z,8259,70,CTD,65535,255,1027.7181396484375
1788854599.664317,2026-09-08T08:03:19.664316Z,8259,70,CTD,65535,255,1027.715087890625
1788854599.864172,2026-09-08T08:03:19.864171Z,8259,70,CTD,65535,255,1027.719482421875
1788854600.064454,2026-09-08T08:03:20.064454Z,8259,70,CTD,65535,255,1027.7239990234375
1788854600.264298,2026-09-08T08:03:20.264297Z,8259,70,CTD,65535,255,1027.720947265625
1788854600.4642742,2026-09-08T08:03:20.464274Z,8259,70,CTD,65535,255,1027.719482421875
1788854600.6642413,2026-09-08T08:03:20.664241Z,8259,70,CTD,65535,255,1027.717529296875
1788854600.8642209,2026-09-08T08:03:20.864220Z,8259,70,CTD,65535,255,1027.721435546875
1788854601.0643668,2026-09-08T08:03:21.064366Z,8259,70,CTD,65535,255,1027.723388671875
1788854601.264296,2026-09-08T08:03:21.264296Z,8259,70,CTD,65535,255,1027.7239990234375
1788854601.4639986,2026-09-08T08:03:21.463998Z,8259,70,CTD,65535,255,1027.7232666015625
1788854601.6642282,2026-09-08T08:03:21.664228Z,8259,70,CTD,65535,255,1027.7174072265625
1788854601.8639507,2026-09-08T08:03:21.863950Z,8259,70,CTD,65535,255,1027.7232666015625
1788854602.064456,2026-09-08T08:03:22.064455Z,8259,70,CTD,65535,255,1027.7197265625
1788854602.2643461,2026-09-08T08:03:22.264346Z,8259,70,CTD,65535,255,1027.72265625
1788854602.464246,2026-09-08T08:03:22.464246Z,8259,70,CTD,65535,255,1027.725341796875
1788854602.6642408,2026-09-08T08:03:22.664240Z,8259,70,CTD,65535,255,1027.7191162109375
1788854602.8639653,2026-09-08T08:03:22.863965Z,8259,70,CTD,65535,255,1027.7232666015625
1788854603.06436,2026-09-08T08:03:23.064359Z,8259,70,CTD,65535,255,1027.7222900390625
1788854603.2643032,2026-09-08T08:03:23.264303Z,8259,70,CTD,65535,255,1027.72412109375
1788854603.464272,2026-09-08T08:03:23.464272Z,8259,70,CTD,65535,255,1027.721435546875
1788854603.6642265,2026-09-08T08:03:23.664226Z,8259,70,CTD,65535,255,1027.721435546875
1788854603.8642485,2026-09-08T08:03:23.864248Z,8259,70,CTD,65535,255,1027.7257080078125
1788854604.0647936,2026-09-08T08:03:24.064793Z,8259,70,CTD,65535,255,1027.7276611328125
1788854604.2630708,2026-09-08T08:03:24.263070Z,8259,70,CTD,65535,255,1027.722900390625
1788854604.4620147,2026-09-08T08:03:24.462014Z,8259,70,CTD,65535,255,1027.72607421875
1788854604.6611028,2026-09-08T08:03:24.661102Z,8259,70,CTD,65535,255,1027.724365234375
1788854604.8601213,2026-09-08T08:03:24.860121Z,8259,70,CTD,65535,255,1027.72607421875
1788854605.059191,2026-09-08T08:03:25.059190Z,8259,70,CTD,65535,255,1027.7239990234375
1788854605.2584493,2026-09-08T08:03:25.258449Z,8259,70,CTD,65535,255,1027.7232666015625
1788854605.4573295,2026-09-08T08:03:25.457329Z,8259,70,CTD,65535,255,1027.7237548828125
1788854605.6567156,2026-09-08T08:03:25.656715Z,8259,70,CTD,65535,255,1027.7222900390625
1788854605.855606,2026-09-08T08:03:25.855606Z,8259,70,CTD,65535,255,1027.72314453125
1788854606.0553124,2026-09-08T08:03:26.055312Z,8259,70,CTD,65535,255,1027.7254638671875
1788854606.2548468,2026-09-08T08:03:26.254846Z,8259,70,CTD,65535,255,1027.7196044921875
1788854606.4544775,2026-09-08T08:03:26.454477Z,8259,70,CTD,65535,255,1027.72314453125
1788854606.65424,2026-09-08T08:03:26.654239Z,8259,70,CTD,65535,255,1027.72216796875
1788854606.853791,2026-09-08T08:03:26.853790Z,8259,70,CTD,65535,255,1027.7235107421875
1788854607.053608,2026-09-08T08:03:27.053607Z,8259,70,CTD,65535,255,1027.7274169921875
1788854607.2538228,2026-09-08T08:03:27.253822Z,8259,70,CTD,65535,255,1027.72607421875
1788854607.4536672,2026-09-08T08:03:27.453667Z,8259,70,CTD,65535,255,1027.7239990234375
1788854607.653722,2026-09-08T08:03:27.653722Z,8259,70,CTD,65535,255,1027.7232666015625
1788854607.8534906,2026-09-08T08:03:27.853490Z,8259,70,CTD,65535,255,1027.72509765625
1788854608.0540173,2026-09-08T08:03:28.054017Z,8259,70,CTD,65535,255,1027.7235107421875
1788854608.2538252,2026-09-08T08:03:28.253825Z,8259,70,CTD,65535,255,1027.726318359375
1788854608.454254,2026-09-08T08:03:28.454253Z,8259,70,CTD,65535,255,1027.7237548828125
1788854608.6544783,2026-09-08T08:03:28.654478Z,8259,70,CTD,65535,255,1027.7264404296875
1788854608.8546865,2026-09-08T08:03:28.854686Z,8259,70,CTD,65535,255,1027.726806640625
1788854609.0549693,2026-09-08T08:03:29.054969Z,8259,70,CTD,65535,255,1027.7222900390625
1788854609.255895,2026-09-08T08:03:29.255894Z,8259,70,CTD,65535,255,1027.720703125
1788854609.456699,2026-09-08T08:03:29.456698Z,8259,70,CTD,65535,255,1027.726318359375
1788854609.6575444,2026-09-08T08:03:29.657544Z,8259,70,CTD,65535,255,1027.72509765625
1788854609.8583243,2026-09-08T08:03:29.858324Z,8259,70,CTD,65535,255,1027.721435546875
1788854610.0592904,2026-09-08T08:03:30.059290Z,8259,70,CTD,65535,255,1027.71923828125
1788854610.2600758,2026-09-08T08:03:30.260075Z,8259,70,CTD,65535,255,1027.7227783203125
1788854610.4608765,2026-09-08T08:03:30.460876Z,8259,70,CTD,65535,255,1027.724365234375
1788854610.6615267,2026-09-08T08:03:30.661526Z,8259,70,CTD,65535,255,1027.7236328125
1788854610.862596,2026-09-08T08:03:30.862596Z,8259,70,CTD,65535,255,1027.723876953125
1788854611.0633776,2026-09-08T08:03:31.063377Z,8259,70,CTD,65535,255,1027.72216796875
1788854611.2636862,2026-09-08T08:03:31.263686Z,8259,70,CTD,65535,255,1027.7236328125
1788854611.463733,2026-09-08T08:03:31.463732Z,8259,70,CTD,65535,255,1027.7230224609375
1788854611.6642163,2026-09-08T08:03:31.664216Z,8259,70,CTD,65535,255,1027.7247314453125
1788854611.864279,2026-09-08T08:03:31.864279Z,8259,70,CTD,65535,255,1027.7239990234375
1788854612.0650852,2026-09-08T08:03:32.065085Z,8259,70,CTD,65535,255,1027.7242431640625
1788854612.264578,2026-09-08T08:03:32.264578Z,8259,70,CTD,65535,255,1027.7244873046875
1788854612.4644272,2026-09-08T08:03:32.464427Z,8259,70,CTD,65535,255,1027.72412109375
1788854612.6642702,2026-09-08T08:03:32.664270Z,8259,70,CTD,65535,255,1027.7247314453125
1788854612.8640454,2026-09-08T08:03:32.864045Z,8259,70,CTD,65535,255,1027.722900390625
1788854613.0638943,2026-09-08T08:03:33.063894Z,8259,70,CTD,65535,255,1027.7230224609375
1788854613.2636945,2026-09-08T08:03:33.263694Z,8259,70,CTD,65535,255,1027.7222900390625
1788854613.463185,2026-09-08T08:03:33.463185Z,8259,70,CTD,65535,255,1027.723876953125
1788854613.6631925,2026-09-08T08:03:33.663192Z,8259,70,CTD,65535,255,1027.72216796875
1788854613.8626618,2026-09-08T08:03:33.862661Z,8259,70,CTD,65535,255,1027.7235107421875
1788854614.0629094,2026-09-08T08:03:34.062909Z,8259,70,CTD,65535,255,1027.7242431640625
1788854614.2626326,2026-09-08T08:03:34.262632Z,8259,70,CTD,65535,255,1027.72216796875
1788854614.462303,2026-09-08T08:03:34.462302Z,8259,70,CTD,65535,255,1027.7232666015625
1788854614.6618316,2026-09-08T08:03:34.661831Z,8259,70,CTD,65535,255,1027.72314453125
1788854614.8618789,2026-09-08T08:03:34.861878Z,8259,70,CTD,65535,255,1027.722900390625
1788854615.0618088,2026-09-08T08:03:35.061808Z,8259,70,CTD,65535,255,1027.72216796875
1788854615.2616417,2026-09-08T08:03:35.261641Z,8259,70,CTD,65535,255,1027.7239990234375
1788854615.4615114,2026-09-08T08:03:35.461511Z,8259,70,CTD,65535,255,1027.722900390625
1788854615.661388,2026-09-08T08:03:35.661387Z,8259,70,CTD,65535,255,1027.722900390625
1788854615.8612373,2026-09-08T08:03:35.861237Z,8259,70,CTD,65535,255,1027.7239990234375
1788854616.0611823,2026-09-08T08:03:36.061182Z,8259,70,CTD,65535,255,1027.7271728515625
1788854616.26115,2026-09-08T08:03:36.261149Z,8259,70,CTD,65535,255,1027.7227783203125
1788854616.4608035,2026-09-08T08:03:36.460803Z,8259,70,CTD,65535,255,1027.7265625
1788854616.6609902,2026-09-08T08:03:36.660990Z,8259,70,CTD,65535,255,1027.725830078125
1788854616.8609767,2026-09-08T08:03:36.860976Z,8259,70,CTD,65535,255,1027.722900390625
1788854617.061006,2026-09-08T08:03:37.061006Z,8259,70,CTD,65535,255,1027.725341796875
1788854617.26101,2026-09-08T08:03:37.261009Z,8259,70,CTD,65535,255,1027.7249755859375
1788854617.4609606,2026-09-08T08:03:37.460960Z,8259,70,CTD,65535,255,1027.724609375
1788854617.6609097,2026-09-08T08:03:37.660909Z,8259,70,CTD,65535,255,1027.7237548828125
1788854617.8608904,2026-09-08T08:03:37.860890Z,8259,70,CTD,65535,255,1027.7230224609375
1788854618.0611386,2026-09-08T08:03:38.061138Z,8259,70,CTD,65535,255,1027.7235107421875
1788854618.2625818,2026-09-08T08:03:38.262581Z,8259,70,CTD,65535,255,1027.7265625
1788854618.463685,2026-09-08T08:03:38.463685Z,8259,70,CTD,65535,255,1027.7239990234375
1788854618.6655056,2026-09-08T08:03:38.665505Z,8259,70,CTD,65535,255,1027.7232666015625
1788854618.8664737,2026-09-08T08:03:38.866473Z,8259,70,CTD,65535,255,1027.7275390625
1788854619.068417,2026-09-08T08:03:39.068417Z,8259,70,CTD,65535,255,1027.7215576171875
1788854619.269412,2026-09-08T08:03:39.269412Z,8259,70,CTD,65535,255,1027.7259521484375
1788854619.4710875,2026-09-08T08:03:39.471087Z,8259,70,CTD,65535,255,1027.7210693359375
1788854619.6724403,2026-09-08T08:03:39.672440Z,8259,70,CTD,65535,255,1027.725830078125
1788854619.8738337,2026-09-08T08:03:39.873833Z,8259,70,CTD,65535,255,1027.72509765625
1788854620.0752633,2026-09-08T08:03:40.075263Z,8259,70,CTD,65535,255,1027.7247314453125
1788854620.2755575,2026-09-08T08:03:40.275557Z,8259,70,CTD,65535,255,1027.7249755859375
1788854620.4760203,2026-09-08T08:03:40.476020Z,8259,70,CTD,65535,255,1027.72607421875
1788854620.6764584,2026-09-08T08:03:40.676458Z,8259,70,CTD,65535,255,1027.724609375
1788854620.876915,2026-09-08T08:03:40.876914Z,8259,70,CTD,65535,255,1027.7269287109375
1788854621.0774937,2026-09-08T08:03:41.077493Z,8259,70,CTD,65535,255,1027.725341796875
1788854621.2771456,2026-09-08T08:03:41.277145Z,8259,70,CTD,65535,255,1027.7264404296875
1788854621.4769495,2026-09-08T08:03:41.476949Z,8259,70,CTD,65535,255,1027.7257080078125
1788854621.6767292,2026-09-08T08:03:41.676729Z,8259,70,CTD,65535,255,1027.719482421875
1788854621.8764791,2026-09-08T08:03:41.876479Z,8259,70,CTD,65535,255,1027.7265625
1788854622.0762415,2026-09-08T08:03:42.076241Z,8259,70,CTD,65535,255,1027.72314453125
1788854622.275913,2026-09-08T08:03:42.275913Z,8259,70,CTD,65535,255,1027.724365234375
1788854622.4753828,2026-09-08T08:03:42.475382Z,8259,70,CTD,65535,255,1027.7264404296875
1788854622.6747158,2026-09-08T08:03:42.674715Z,8259,70,CTD,65535,255,1027.7254638671875
1788854622.8744762,2026-09-08T08:03:42.874476Z,8259,70,CTD,65535,255,1027.7266845703125
1788854623.0742145,2026-09-08T08:03:43.074214Z,8259,70,CTD,65535,255,1027.7257080078125
1788854623.2737494,2026-09-08T08:03:43.273749Z,8259,70,CTD,65535,255,1027.72412109375
1788854623.4730434,2026-09-08T08:03:43.473043Z,8259,70,CTD,65535,255,1027.72412109375
1788854623.6729357,2026-09-08T08:03:43.672935Z,8259,70,CTD,65535,255,1027.7257080078125
1788854623.8722622,2026-09-08T08:03:43.872262Z,8259,70,CTD,65535,255,1027.724365234375
1788854624.0724094,2026-09-08T08:03:44.072409Z,8259,70,CTD,65535,255,1027.7257080078125
1788854624.272111,2026-09-08T08:03:44.272110Z,8259,70,CTD,65535,255,1027.723876953125
1788854624.4716983,2026-09-08T08:03:44.471698Z,8259,70,CTD,65535,255,1027.725830078125
1788854624.6712084,2026-09-08T08:03:44.671208Z,8259,70,CTD,65535,255,1027.7274169921875
1788854624.8711896,2026-09-08T08:03:44.871189Z,8259,70,CTD,65535,255,1027.7269287109375
1788854625.0710676,2026-09-08T08:03:45.071067Z,8259,70,CTD,65535,255,1027.7265625
1788854625.2709143,2026-09-08T08:03:45.270914Z,8259,70,CTD,65535,255,1027.725830078125
1788854625.470628,2026-09-08T08:03:45.470628Z,8259,70,CTD,65535,255,1027.7281494140625
1788854625.6706374,2026-09-08T08:03:45.670637Z,8259,70,CTD,65535,255,1027.7271728515625
1788854625.870537,2026-09-08T08:03:45.870537Z,8259,70,CTD,65535,255,1027.7259521484375
1788854626.070516,2026-09-08T08:03:46.070516Z,8259,70,CTD,65535,255,1027.72802734375
1788854626.270305,2026-09-08T08:03:46.270304Z,8259,70,CTD,65535,255,1027.7269287109375
1788854626.4704473,2026-09-08T08:03:46.470447Z,8259,70,CTD,65535,255,1027.72705078125
1788854626.6703498,2026-09-08T08:03:46.670349Z,8259,70,CTD,65535,255,1027.725341796875
1788854626.8703654,2026-09-08T08:03:46.870365Z,8259,70,CTD,65535,255,1027.724853515625
1788854627.0703957,2026-09-08T08:03:47.070395Z,8259,70,CTD,65535,255,1027.7259521484375
1788854627.2703118,2026-09-08T08:03:47.270311Z,8259,70,CTD,65535,255,1027.7252197265625
1788854627.4703722,2026-09-08T08:03:47.470372Z,8259,70,CTD,65535,255,1027.7261962890625
1788854627.6703053,2026-09-08T08:03:47.670305Z,8259,70,CTD,65535,255,1027.7242431640625
1788854627.8701122,2026-09-08T08:03:47.870112Z,8259,70,CTD,65535,255,1027.7264404296875
1788854628.0704186,2026-09-08T08:03:48.070418Z,8259,70,CTD,65535,255,1027.726318359375
1788854628.270411,2026-09-08T08:03:48.270411Z,8259,70,CTD,65535,255,1027.7252197265625
1788854628.4703863,2026-09-08T08:03:48.470386Z,8259,70,CTD,65535,255,1027.72705078125
1788854628.6704042,2026-09-08T08:03:48.670404Z,8259,70,CTD,65535,255,1027.7252197265625
1788854628.8703725,2026-09-08T08:03:48.870372Z,8259,70,CTD,65535,255,1027.7239990234375
1788854629.0706356,2026-09-08T08:03:49.070635Z,8259,70,CTD,65535,255,1027.7244873046875
1788854629.2705686,2026-09-08T08:03:49.270568Z,8259,70,CTD,65535,255,1027.7249755859375
1788854629.4702384,2026-09-08T08:03:49.470238Z,8259,70,CTD,65535,255,1027.7254638671875
1788854629.6703765,2026-09-08T08:03:49.670376Z,8259,70,CTD,65535,255,1027.7247314453125
1788854629.8704925,2026-09-08T08:03:49.870492Z,8259,70,CTD,65535,255,1027.7257080078125
1788854630.0705485,2026-09-08T08:03:50.070548Z,8259,70,CTD,65535,255,1027.72265625
1788854630.2707217,2026-09-08T08:03:50.270721Z,8259,70,CTD,65535,255,1027.724365234375
1788854630.4708288,2026-09-08T08:03:50.470828Z,8259,70,CTD,65535,255,1027.72509765625
1788854630.671016,2026-09-08T08:03:50.671015Z,8259,70,CTD,65535,255,1027.7255859375
1788854630.871138,2026-09-08T08:03:50.871138Z,8259,70,CTD,65535,255,1027.7247314453125
1788854631.0714135,2026-09-08T08:03:51.071413Z,8259,70,CTD,65535,255,1027.725830078125
1788854631.2713382,2026-09-08T08:03:51.271338Z,8259,70,CTD,65535,255,1027.72705078125
1788854631.4716544,2026-09-08T08:03:51.471654Z,8259,70,CTD,65535,255,1027.7242431640625
1788854631.6717324,2026-09-08T08:03:51.671732Z,8259,70,CTD,65535,255,1027.724853515625
1788854631.8716383,2026-09-08T08:03:51.871638Z,8259,70,CTD,65535,255,1027.7281494140625
1788854632.0721366,2026-09-08T08:03:52.072136Z,8259,70,CTD,65535,255,1027.7288818359375
1788854632.272165,2026-09-08T08:03:52.272165Z,8259,70,CTD,65535,255,1027.7281494140625
1788854632.4721365,2026-09-08T08:03:52.472136Z,8259,70,CTD,65535,255,1027.7255859375
1788854632.6719441,2026-09-08T08:03:52.671944Z,8259,70,CTD,65535,255,1027.72509765625
1788854632.8722405,2026-09-08T08:03:52.872240Z,8259,70,CTD,65535,255,1027.7265625
1788854633.0723732,2026-09-08T08:03:53.072373Z,8259,70,CTD,65535,255,1027.7261962890625
1788854633.2728274,2026-09-08T08:03:53.272827Z,8259,70,CTD,65535,255,1027.7236328125
1788854633.473269,2026-09-08T08:03:53.473268Z,8259,70,CTD,65535,255,1027.7269287109375
1788854633.6736863,2026-09-08T08:03:53.673686Z,8259,70,CTD,65535,255,1027.725341796875
1788854633.8741379,2026-09-08T08:03:53.874137Z,8259,70,CTD,65535,255,1027.7281494140625
1788854634.0749874,2026-09-08T08:03:54.074987Z,8259,70,CTD,65535,255,1027.7259521484375
1788854634.2747438,2026-09-08T08:03:54.274743Z,8259,70,CTD,65535,255,1027.7274169921875
1788854634.475355,2026-09-08T08:03:54.475354Z,8259,70,CTD,65535,255,1027.7274169921875
1788854634.6757946,2026-09-08T08:03:54.675794Z,8259,70,CTD,65535,255,1027.7242431640625
1788854634.8761272,2026-09-08T08:03:54.876127Z,8259,70,CTD,65535,255,1027.7237548828125
1788854635.0766897,2026-09-08T08:03:55.076689Z,8259,70,CTD,65535,255,1027.7281494140625
1788854635.2767243,2026-09-08T08:03:55.276724Z,8259,70,CTD,65535,255,1027.7265625
1788854635.4768023,2026-09-08T08:03:55.476802Z,8259,70,CTD,65535,255,1027.7265625
1788854635.6768444,2026-09-08T08:03:55.676844Z,8259,70,CTD,65535,255,1027.7279052734375
1788854635.876925,2026-09-08T08:03:55.876924Z,8259,70,CTD,65535,255,1027.72607421875
1788854636.0773408,2026-09-08T08:03:56.077340Z,8259,70,CTD,65535,255,1027.728271484375
1788854636.2770357,2026-09-08T08:03:56.277035Z,8259,70,CTD,65535,255,1027.726806640625
1788854636.4768572,2026-09-08T08:03:56.476857Z,8259,70,CTD,65535,255,1027.7288818359375
1788854636.6764596,2026-09-08T08:03:56.676459Z,8259,70,CTD,65535,255,1027.725830078125
1788854636.876441,2026-09-08T08:03:56.876441Z,8259,70,CTD,65535,255,1027.7281494140625
1788854637.076847,2026-09-08T08:03:57.076847Z,8259,70,CTD,65535,255,1027.7281494140625
1788854637.276467,2026-09-08T08:03:57.276467Z,8259,70,CTD,65535,255,1027.7279052734375
1788854637.476312,2026-09-08T08:03:57.476311Z,8259,70,CTD,65535,255,1027.7281494140625
1788854637.6758714,2026-09-08T08:03:57.675871Z,8259,70,CTD,65535,255,1027.7279052734375
1788854637.875897,2026-09-08T08:03:57.875896Z,8259,70,CTD,65535,255,1027.72900390625
1788854638.0758076,2026-09-08T08:03:58.075807Z,8259,70,CTD,65535,255,1027.7314453125
1788854638.275687,2026-09-08T08:03:58.275686Z,8259,70,CTD,65535,255,1027.72802734375
1788854638.4755034,2026-09-08T08:03:58.475503Z,8259,70,CTD,65535,255,1027.72509765625
1788854638.6753695,2026-09-08T08:03:58.675369Z,8259,70,CTD,65535,255,1027.727783203125
1788854638.875213,2026-09-08T08:03:58.875212Z,8259,70,CTD,65535,255,1027.728515625
1788854639.0752296,2026-09-08T08:03:59.075229Z,8259,70,CTD,65535,255,1027.728515625
1788854639.2748868,2026-09-08T08:03:59.274886Z,8259,70,CTD,65535,255,1027.72802734375
1788854639.4752116,2026-09-08T08:03:59.475211Z,8259,70,CTD,65535,255,1027.728515625
1788854639.6748056,2026-09-08T08:03:59.674805Z,8259,70,CTD,65535,255,1027.72412109375
1788854639.8746936,2026-09-08T08:03:59.874693Z,8259,70,CTD,65535,255,1027.726318359375
1788854640.074974,2026-09-08T08:04:00.074974Z,8259,70,CTD,65535,255,1027.7301025390625
1788854640.2746215,2026-09-08T08:04:00.274621Z,8259,70,CTD,65535,255,1027.7279052734375
1788854640.474591,2026-09-08T08:04:00.474591Z,8259,70,CTD,65535,255,1027.7275390625
1788854640.6745358,2026-09-08T08:04:00.674535Z,8259,70,CTD,65535,255,1027.728515625
1788854640.8744729,2026-09-08T08:04:00.874472Z,8259,70,CTD,65535,255,1027.7271728515625
1788854641.0748277,2026-09-08T08:04:01.074827Z,8259,70,CTD,65535,255,1027.7274169921875
1788854641.274488,2026-09-08T08:04:01.274487Z,8259,70,CTD,65535,255,1027.7266845703125
1788854641.474439,2026-09-08T08:04:01.474438Z,8259,70,CTD,65535,255,1027.728515625
1788854641.674209,2026-09-08T08:04:01.674209Z,8259,70,CTD,65535,255,1027.729736328125
1788854641.8751106,2026-09-08T08:04:01.875110Z,8259,70,CTD,65535,255,1027.7265625
1788854642.0746634,2026-09-08T08:04:02.074663Z,8259,70,CTD,65535,255,1027.727783203125
1788854642.2746327,2026-09-08T08:04:02.274632Z,8259,70,CTD,65535,255,1027.72802734375
1788854642.474521,2026-09-08T08:04:02.474520Z,8259,70,CTD,65535,255,1027.7283935546875
1788854642.674399,2026-09-08T08:04:02.674398Z,8259,70,CTD,65535,255,1027.728515625
1788854642.8760815,2026-09-08T08:04:02.876081Z,8259,70,CTD,65535,255,1027.7281494140625
1788854643.0748045,2026-09-08T08:04:03.074804Z,8259,70,CTD,65535,255,1027.7264404296875
1788854643.2744446,2026-09-08T08:04:03.274444Z,8259,70,CTD,65535,255,1027.7291259765625
1788854643.4744618,2026-09-08T08:04:03.474461Z,8259,70,CTD,65535,255,1027.725341796875
1788854643.6744146,2026-09-08T08:04:03.674414Z,8259,70,CTD,65535,255,1027.7276611328125
1788854643.8742383,2026-09-08T08:04:03.874238Z,8259,70,CTD,65535,255,1027.728515625
1788854644.074582,2026-09-08T08:04:04.074582Z,8259,70,CTD,65535,255,1027.72705078125
1788854644.2744193,2026-09-08T08:04:04.274419Z,8259,70,CTD,65535,255,1027.7271728515625
1788854644.4744315,2026-09-08T08:04:04.474431Z,8259,70,CTD,65535,255,1027.7294921875
1788854644.6744695,2026-09-08T08:04:04.674469Z,8259,70,CTD,65535,255,1027.7264404296875
1788854644.8742323,2026-09-08T08:04:04.874232Z,8259,70,CTD,65535,255,1027.7274169921875
1788854645.0746582,2026-09-08T08:04:05.074658Z,8259,70,CTD,65535,255,1027.7279052734375
1788854645.2740428,2026-09-08T08:04:05.274042Z,8259,70,CTD,65535,255,1027.72607421875
1788854645.4738827,2026-09-08T08:04:05.473882Z,8259,70,CTD,65535,255,1027.729736328125
1788854645.6735003,2026-09-08T08:04:05.673500Z,8259,70,CTD,65535,255,1027.72802734375
1788854645.872953,2026-09-08T08:04:05.872952Z,8259,70,CTD,65535,255,1027.730712890625
1788854646.0729327,2026-09-08T08:04:06.072932Z,8259,70,CTD,65535,255,1027.729248046875
1788854646.2724006,2026-09-08T08:04:06.272400Z,8259,70,CTD,65535,255,1027.7275390625
1788854646.4720623,2026-09-08T08:04:06.472062Z,8259,70,CTD,65535,255,1027.7293701171875
1788854646.6715887,2026-09-08T08:04:06.671588Z,8259,70,CTD,65535,255,1027.72900390625
1788854646.8713675,2026-09-08T08:04:06.871367Z,8259,70,CTD,65535,255,1027.733154296875
1788854647.0714188,2026-09-08T08:04:07.071418Z,8259,70,CTD,65535,255,1027.7269287109375
1788854647.2710626,2026-09-08T08:04:07.271062Z,8259,70,CTD,65535,255,1027.7249755859375
1788854647.4710464,2026-09-08T08:04:07.471046Z,8259,70,CTD,65535,255,1027.72802734375
1788854647.6706867,2026-09-08T08:04:07.670686Z,8259,70,CTD,65535,255,1027.7318115234375
1788854647.870538,2026-09-08T08:04:07.870537Z,8259,70,CTD,65535,255,1027.7276611328125
1788854648.0708508,2026-09-08T08:04:08.070850Z,8259,70,CTD,65535,255,1027.726806640625
1788854648.2707067,2026-09-08T08:04:08.270706Z,8259,70,CTD,65535,255,1027.725830078125
1788854648.4705544,2026-09-08T08:04:08.470554Z,8259,70,CTD,65535,255,1027.7281494140625
1788854648.670623,2026-09-08T08:04:08.670623Z,8259,70,CTD,65535,255,1027.727294921875
1788854648.8706152,2026-09-08T08:04:08.870615Z,8259,70,CTD,65535,255,1027.725830078125
1788854649.0710626,2026-09-08T08:04:09.071062Z,8259,70,CTD,65535,255,1027.7293701171875
1788854649.271211,2026-09-08T08:04:09.271210Z,8259,70,CTD,65535,255,1027.72900390625
1788854649.4713676,2026-09-08T08:04:09.471367Z,8259,70,CTD,65535,255,1027.7281494140625
1788854649.6713908,2026-09-08T08:04:09.671390Z,8259,70,CTD,65535,255,1027.7303466796875
1788854649.8720598,2026-09-08T08:04:09.872059Z,8259,70,CTD,65535,255,1027.7269287109375
1788854650.0722787,2026-09-08T08:04:10.072278Z,8259,70,CTD,65535,255,1027.7265625
1788854650.2720177,2026-09-08T08:04:10.272017Z,8259,70,CTD,65535,255,1027.7276611328125
1788854650.4722254,2026-09-08T08:04:10.472225Z,8259,70,CTD,65535,255,1027.726806640625
1788854650.6721299,2026-09-08T08:04:10.672129Z,8259,70,CTD,65535,255,1027.7313232421875
1788854650.8734002,2026-09-08T08:04:10.873400Z,8259,70,CTD,65535,255,1027.7296142578125
1788854651.072761,2026-09-08T08:04:11.072761Z,8259,70,CTD,65535,255,1027.7294921875
1788854651.2723472,2026-09-08T08:04:11.272347Z,8259,70,CTD,65535,255,1027.7333984375
1788854651.4723303,2026-09-08T08:04:11.472330Z,8259,70,CTD,65535,255,1027.7314453125
1788854651.6724188,2026-09-08T08:04:11.672418Z,8259,70,CTD,65535,255,1027.729248046875
1788854651.8722215,2026-09-08T08:04:11.872221Z,8259,70,CTD,65535,255,1027.729248046875
1788854652.072519,2026-09-08T08:04:12.072519Z,8259,70,CTD,65535,255,1027.7276611328125
1788854652.272406,2026-09-08T08:04:12.272406Z,8259,70,CTD,65535,255,1027.7294921875
1788854652.4721532,2026-09-08T08:04:12.472153Z,8259,70,CTD,65535,255,1027.724365234375
1788854652.6720872,2026-09-08T08:04:12.672087Z,8259,70,CTD,65535,255,1027.726806640625
1788854652.8720055,2026-09-08T08:04:12.872005Z,8259,70,CTD,65535,255,1027.7274169921875
1788854653.0722024,2026-09-08T08:04:13.072202Z,8259,70,CTD,65535,255,1027.7340087890625
1788854653.271972,2026-09-08T08:04:13.271971Z,8259,70,CTD,65535,255,1027.7286376953125
1788854653.4719534,2026-09-08T08:04:13.471953Z,8259,70,CTD,65535,255,1027.72900390625
1788854653.6719635,2026-09-08T08:04:13.671963Z,8259,70,CTD,65535,255,1027.7266845703125
1788854653.8718984,2026-09-08T08:04:13.871898Z,8259,70,CTD,65535,255,1027.730224609375
1788854654.072107,2026-09-08T08:04:14.072107Z,8259,70,CTD,65535,255,1027.727783203125
1788854654.2720711,2026-09-08T08:04:14.272071Z,8259,70,CTD,65535,255,1027.72705078125
1788854654.4721782,2026-09-08T08:04:14.472178Z,8259,70,CTD,65535,255,1027.7266845703125
1788854654.6724727,2026-09-08T08:04:14.672472Z,8259,70,CTD,65535,255,1027.7259521484375
1788854654.8725407,2026-09-08T08:04:14.872540Z,8259,70,CTD,65535,255,1027.725341796875
1788854655.072993,2026-09-08T08:04:15.072993Z,8259,70,CTD,65535,255,1027.727294921875
1788854655.2727747,2026-09-08T08:04:15.272774Z,8259,70,CTD,65535,255,1027.7296142578125
1788854655.4725792,2026-09-08T08:04:15.472579Z,8259,70,CTD,65535,255,1027.7308349609375
1788854655.6725168,2026-09-08T08:04:15.672516Z,8259,70,CTD,65535,255,1027.72802734375
1788854655.8726134,2026-09-08T08:04:15.872613Z,8259,70,CTD,65535,255,1027.7294921875
1788854656.0727112,2026-09-08T08:04:16.072711Z,8259,70,CTD,65535,255,1027.72802734375
1788854656.272687,2026-09-08T08:04:16.272686Z,8259,70,CTD,65535,255,1027.729736328125
1788854656.4723084,2026-09-08T08:04:16.472308Z,8259,70,CTD,65535,255,1027.7294921875
1788854656.6724408,2026-09-08T08:04:16.672440Z,8259,70,CTD,65535,255,1027.7296142578125
1788854656.8722165,2026-09-08T08:04:16.872216Z,8259,70,CTD,65535,255,1027.7332763671875
1788854657.072353,2026-09-08T08:04:17.072352Z,8259,70,CTD,65535,255,1027.7298583984375
1788854657.2722194,2026-09-08T08:04:17.272219Z,8259,70,CTD,65535,255,1027.73193359375
1788854657.4719124,2026-09-08T08:04:17.471912Z,8259,70,CTD,65535,255,1027.723876953125
1788854657.671893,2026-09-08T08:04:17.671892Z,8259,70,CTD,65535,255,1027.732177734375
1788854657.8717537,2026-09-08T08:04:17.871753Z,8259,70,CTD,65535,255,1027.731201171875
1788854658.0719967,2026-09-08T08:04:18.071996Z,8259,70,CTD,65535,255,1027.7308349609375
1788854658.271881,2026-09-08T08:04:18.271881Z,8259,70,CTD,65535,255,1027.7293701171875
1788854658.4716768,2026-09-08T08:04:18.471676Z,8259,70,CTD,65535,255,1027.727294921875
1788854658.6717699,2026-09-08T08:04:18.671769Z,8259,70,CTD,65535,255,1027.729248046875
1788854658.8716018,2026-09-08T08:04:18.871601Z,8259,70,CTD,65535,255,1027.73291015625
1788854659.0718174,2026-09-08T08:04:19.071817Z,8259,70,CTD,65535,255,1027.7325439453125
1788854659.2716558,2026-09-08T08:04:19.271655Z,8259,70,CTD,65535,255,1027.729248046875
1788854659.471638,2026-09-08T08:04:19.471637Z,8259,70,CTD,65535,255,1027.7333984375
1788854659.671805,2026-09-08T08:04:19.671804Z,8259,70,CTD,65535,255,1027.7281494140625
1788854659.8716052,2026-09-08T08:04:19.871605Z,8259,70,CTD,65535,255,1027.729248046875
1788854660.0718834,2026-09-08T08:04:20.071883Z,8259,70,CTD,65535,255,1027.72998046875
1788854660.271799,2026-09-08T08:04:20.271799Z,8259,70,CTD,65535,255,1027.72900390625
1788854660.4717655,2026-09-08T08:04:20.471765Z,8259,70,CTD,65535,255,1027.7301025390625
1788854660.671802,2026-09-08T08:04:20.671802Z,8259,70,CTD,65535,255,1027.726318359375
1788854660.8718045,2026-09-08T08:04:20.871804Z,8259,70,CTD,65535,255,1027.727783203125
1788854661.0719738,2026-09-08T08:04:21.071973Z,8259,70,CTD,65535,255,1027.7305908203125
1788854661.2718225,2026-09-08T08:04:21.271822Z,8259,70,CTD,65535,255,1027.732177734375
1788854661.4718006,2026-09-08T08:04:21.471800Z,8259,70,CTD,65535,255,1027.73046875
1788854661.6716456,2026-09-08T08:04:21.671645Z,8259,70,CTD,65535,255,1027.729248046875
1788854661.871677,2026-09-08T08:04:21.871676Z,8259,70,CTD,65535,255,1027.731201171875
1788854662.0719647,2026-09-08T08:04:22.071964Z,8259,70,CTD,65535,255,1027.7310791015625
1788854662.2719707,2026-09-08T08:04:22.271970Z,8259,70,CTD,65535,255,1027.72900390625
1788854662.4718163,2026-09-08T08:04:22.471816Z,8259,70,CTD,65535,255,1027.7308349609375
1788854662.6718166,2026-09-08T08:04:22.671816Z,8259,70,CTD,65535,255,1027.72900390625
1788854662.871854,2026-09-08T08:04:22.871854Z,8259,70,CTD,65535,255,1027.727294921875
1788854663.0720603,2026-09-08T08:04:23.072060Z,8259,70,CTD,65535,255,1027.728759765625
1788854663.271761,2026-09-08T08:04:23.271760Z,8259,70,CTD,65535,255,1027.7274169921875
1788854663.4716816,2026-09-08T08:04:23.471681Z,8259,70,CTD,65535,255,1027.7281494140625
1788854663.6718345,2026-09-08T08:04:23.671834Z,8259,70,CTD,65535,255,1027.727294921875
1788854663.8717365,2026-09-08T08:04:23.871736Z,8259,70,CTD,65535,255,1027.7276611328125
1788854664.072364,2026-09-08T08:04:24.072364Z,8259,70,CTD,65535,255,1027.72998046875
1788854664.271706,2026-09-08T08:04:24.271706Z,8259,70,CTD,65535,255,1027.7296142578125
1788854664.4718168,2026-09-08T08:04:24.471816Z,8259,70,CTD,65535,255,1027.7283935546875
1788854664.6716652,2026-09-08T08:04:24.671665Z,8259,70,CTD,65535,255,1027.7286376953125
1788854664.8718097,2026-09-08T08:04:24.871809Z,8259,70,CTD,65535,255,1027.7276611328125
1788854665.0718749,2026-09-08T08:04:25.071874Z,8259,70,CTD,65535,255,1027.73291015625
1788854665.2709575,2026-09-08T08:04:25.270957Z,8259,70,CTD,65535,255,1027.7293701171875
1788854665.4697511,2026-09-08T08:04:25.469751Z,8259,70,CTD,65535,255,1027.729248046875
1788854665.668897,2026-09-08T08:04:25.668896Z,8259,70,CTD,65535,255,1027.7288818359375
1788854665.8678126,2026-09-08T08:04:25.867812Z,8259,70,CTD,65535,255,1027.7296142578125
1788854666.0670803,2026-09-08T08:04:26.067080Z,8259,70,CTD,65535,255,1027.7274169921875
1788854666.2659507,2026-09-08T08:04:26.265950Z,8259,70,CTD,65535,255,1027.729736328125
1788854666.465007,2026-09-08T08:04:26.465007Z,8259,70,CTD,65535,255,1027.730712890625
1788854666.6640434,2026-09-08T08:04:26.664043Z,8259,70,CTD,65535,255,1027.728759765625
1788854666.8631473,2026-09-08T08:04:26.863147Z,8259,70,CTD,65535,255,1027.7303466796875
1788854667.0627344,2026-09-08T08:04:27.062734Z,8259,70,CTD,65535,255,1027.7269287109375
1788854667.2620988,2026-09-08T08:04:27.262098Z,8259,70,CTD,65535,255,1027.727294921875
1788854667.4618568,2026-09-08T08:04:27.461856Z,8259,70,CTD,65535,255,1027.73046875
1788854667.6614792,2026-09-08T08:04:27.661479Z,8259,70,CTD,65535,255,1027.730224609375
1788854667.861016,2026-09-08T08:04:27.861016Z,8259,70,CTD,65535,255,1027.7288818359375
1788854668.0611515,2026-09-08T08:04:28.061151Z,8259,70,CTD,65535,255,1027.7296142578125
1788854668.261038,2026-09-08T08:04:28.261038Z,8259,70,CTD,65535,255,1027.7288818359375
1788854668.461181,2026-09-08T08:04:28.461180Z,8259,70,CTD,65535,255,1027.7314453125
1788854668.6616764,2026-09-08T08:04:28.661676Z,8259,70,CTD,65535,255,1027.72900390625
1788854668.8615794,2026-09-08T08:04:28.861579Z,8259,70,CTD,65535,255,1027.7283935546875
1788854669.0619748,2026-09-08T08:04:29.061974Z,8259,70,CTD,65535,255,1027.730224609375
1788854669.2619715,2026-09-08T08:04:29.261971Z,8259,70,CTD,65535,255,1027.7314453125
1788854669.4622548,2026-09-08T08:04:29.462254Z,8259,70,CTD,65535,255,1027.7327880859375
1788854669.6624417,2026-09-08T08:04:29.662441Z,8259,70,CTD,65535,255,1027.7308349609375
1788854669.8626413,2026-09-08T08:04:29.862641Z,8259,70,CTD,65535,255,1027.731689453125
1788854670.0633805,2026-09-08T08:04:30.063380Z,8259,70,CTD,65535,255,1027.728759765625
1788854670.2635798,2026-09-08T08:04:30.263579Z,8259,70,CTD,65535,255,1027.730224609375
1788854670.463584,2026-09-08T08:04:30.463583Z,8259,70,CTD,65535,255,1027.7342529296875
1788854670.6638005,2026-09-08T08:04:30.663800Z,8259,70,CTD,65535,255,1027.7305908203125
1788854670.8640218,2026-09-08T08:04:30.864021Z,8259,70,CTD,65535,255,1027.731201171875
1788854671.064481,2026-09-08T08:04:31.064481Z,8259,70,CTD,65535,255,1027.730224609375
1788854671.264387,2026-09-08T08:04:31.264386Z,8259,70,CTD,65535,255,1027.732421875
1788854671.4646764,2026-09-08T08:04:31.464676Z,8259,70,CTD,65535,255,1027.732421875
1788854671.6647458,2026-09-08T08:04:31.664745Z,8259,70,CTD,65535,255,1027.7293701171875
1788854671.8649232,2026-09-08T08:04:31.864923Z,8259,70,CTD,65535,255,1027.7325439453125
1788854672.0652523,2026-09-08T08:04:32.065252Z,8259,70,CTD,65535,255,1027.7344970703125
1788854672.265113,2026-09-08T08:04:32.265113Z,8259,70,CTD,65535,255,1027.733154296875
1788854672.465396,2026-09-08T08:04:32.465395Z,8259,70,CTD,65535,255,1027.7305908203125
1788854672.665121,2026-09-08T08:04:32.665121Z,8259,70,CTD,65535,255,1027.7310791015625
1788854672.865354,2026-09-08T08:04:32.865354Z,8259,70,CTD,65535,255,1027.72998046875
1788854673.06561,2026-09-08T08:04:33.065609Z,8259,70,CTD,65535,255,1027.7349853515625
1788854673.265442,2026-09-08T08:04:33.265441Z,8259,70,CTD,65535,255,1027.7303466796875
1788854673.4653585,2026-09-08T08:04:33.465358Z,8259,70,CTD,65535,255,1027.731689453125
1788854673.6654694,2026-09-08T08:04:33.665469Z,8259,70,CTD,65535,255,1027.7335205078125
1788854673.8654485,2026-09-08T08:04:33.865448Z,8259,70,CTD,65535,255,1027.73193359375
1788854674.0657854,2026-09-08T08:04:34.065785Z,8259,70,CTD,65535,255,1027.7352294921875
1788854674.265384,2026-09-08T08:04:34.265383Z,8259,70,CTD,65535,255,1027.7294921875
1788854674.4655392,2026-09-08T08:04:34.465539Z,8259,70,CTD,65535,255,1027.733154296875
1788854674.6654034,2026-09-08T08:04:34.665403Z,8259,70,CTD,65535,255,1027.732421875
1788854674.8653765,2026-09-08T08:04:34.865376Z,8259,70,CTD,65535,255,1027.73486328125
1788854675.0656831,2026-09-08T08:04:35.065683Z,8259,70,CTD,65535,255,1027.73193359375
1788854675.265414,2026-09-08T08:04:35.265413Z,8259,70,CTD,65535,255,1027.73193359375
1788854675.465233,2026-09-08T08:04:35.465233Z,8259,70,CTD,65535,255,1027.7308349609375
1788854675.6651392,2026-09-08T08:04:35.665139Z,8259,70,CTD,65535,255,1027.7353515625
1788854675.8653677,2026-09-08T08:04:35.865367Z,8259,70,CTD,65535,255,1027.733154296875
1788854676.0655084,2026-09-08T08:04:36.065508Z,8259,70,CTD,65535,255,1027.733642578125
1788854676.2653892,2026-09-08T08:04:36.265389Z,8259,70,CTD,65535,255,1027.7322998046875
1788854676.4650805,2026-09-08T08:04:36.465080Z,8259,70,CTD,65535,255,1027.7318115234375
1788854676.6651154,2026-09-08T08:04:36.665115Z,8259,70,CTD,65535,255,1027.7325439453125
1788854676.8651595,2026-09-08T08:04:36.865159Z,8259,70,CTD,65535,255,1027.734619140625
1788854677.0653477,2026-09-08T08:04:37.065347Z,8259,70,CTD,65535,255,1027.7344970703125
1788854677.2651064,2026-09-08T08:04:37.265106Z,8259,70,CTD,65535,255,1027.73486328125
1788854677.465191,2026-09-08T08:04:37.465190Z,8259,70,CTD,65535,255,1027.734130859375
1788854677.6651082,2026-09-08T08:04:37.665108Z,8259,70,CTD,65535,255,1027.732421875
1788854677.8649654,2026-09-08T08:04:37.864965Z,8259,70,CTD,65535,255,1027.7362060546875
1788854678.0654187,2026-09-08T08:04:38.065418Z,8259,70,CTD,65535,255,1027.73388671875
1788854678.2651482,2026-09-08T08:04:38.265148Z,8259,70,CTD,65535,255,1027.733154296875
1788854678.4650617,2026-09-08T08:04:38.465061Z,8259,70,CTD,65535,255,1027.735595703125
1788854678.6649609,2026-09-08T08:04:38.664960Z,8259,70,CTD,65535,255,1027.732666015625
1788854678.8651118,2026-09-08T08:04:38.865111Z,8259,70,CTD,65535,255,1027.7392578125
1788854679.065374,2026-09-08T08:04:39.065373Z,8259,70,CTD,65535,255,1027.734619140625
1788854679.2650654,2026-09-08T08:04:39.265065Z,8259,70,CTD,65535,255,1027.7322998046875
1788854679.4652486,2026-09-08T08:04:39.465248Z,8259,70,CTD,65535,255,1027.73291015625
1788854679.6653552,2026-09-08T08:04:39.665355Z,8259,70,CTD,65535,255,1027.7335205078125
1788854679.8654935,2026-09-08T08:04:39.865493Z,8259,70,CTD,65535,255,1027.736328125
1788854680.0661454,2026-09-08T08:04:40.066145Z,8259,70,CTD,65535,255,1027.7359619140625
1788854680.2658908,2026-09-08T08:04:40.265890Z,8259,70,CTD,65535,255,1027.7337646484375
1788854680.4661143,2026-09-08T08:04:40.466114Z,8259,70,CTD,65535,255,1027.7308349609375
1788854680.6661222,2026-09-08T08:04:40.666122Z,8259,70,CTD,65535,255,1027.7335205078125
1788854680.8664234,2026-09-08T08:04:40.866423Z,8259,70,CTD,65535,255,1027.7310791015625
1788854681.0667298,2026-09-08T08:04:41.066729Z,8259,70,CTD,65535,255,1027.7342529296875
1788854681.2666545,2026-09-08T08:04:41.266654Z,8259,70,CTD,65535,255,1027.733154296875
1788854681.4666343,2026-09-08T08:04:41.466634Z,8259,70,CTD,65535,255,1027.73486328125
1788854681.6663897,2026-09-08T08:04:41.666389Z,8259,70,CTD,65535,255,1027.7332763671875
1788854681.866579,2026-09-08T08:04:41.866579Z,8259,70,CTD,65535,255,1027.734619140625
1788854682.0668542,2026-09-08T08:04:42.066854Z,8259,70,CTD,65535,255,1027.7325439453125
1788854682.2666736,2026-09-08T08:04:42.266673Z,8259,70,CTD,65535,255,1027.7318115234375
1788854682.4667146,2026-09-08T08:04:42.466714Z,8259,70,CTD,65535,255,1027.7288818359375
1788854682.666435,2026-09-08T08:04:42.666435Z,8259,70,CTD,65535,255,1027.7294921875
1788854682.8663628,2026-09-08T08:04:42.866362Z,8259,70,CTD,65535,255,1027.7310791015625
1788854683.066736,2026-09-08T08:04:43.066735Z,8259,70,CTD,65535,255,1027.734619140625
1788854683.2665675,2026-09-08T08:04:43.266567Z,8259,70,CTD,65535,255,1027.731201171875
1788854683.4664469,2026-09-08T08:04:43.466446Z,8259,70,CTD,65535,255,1027.7318115234375
1788854683.6662855,2026-09-08T08:04:43.666285Z,8259,70,CTD,65535,255,1027.7318115234375
1788854683.8663166,2026-09-08T08:04:43.866316Z,8259,70,CTD,65535,255,1027.7335205078125
1788854684.0666013,2026-09-08T08:04:44.066601Z,8259,70,CTD,65535,255,1027.7327880859375
1788854684.2663708,2026-09-08T08:04:44.266370Z,8259,70,CTD,65535,255,1027.7315673828125
1788854684.4661322,2026-09-08T08:04:44.466132Z,8259,70,CTD,65535,255,1027.734130859375
1788854684.666142,2026-09-08T08:04:44.666141Z,8259,70,CTD,65535,255,1027.7369384765625
1788854684.8661227,2026-09-08T08:04:44.866122Z,8259,70,CTD,65535,255,1027.7362060546875
1788854685.0663512,2026-09-08T08:04:45.066351Z,8259,70,CTD,65535,255,1027.7340087890625
1788854685.2659209,2026-09-08T08:04:45.265920Z,8259,70,CTD,65535,255,1027.733154296875
1788854685.4658744,2026-09-08T08:04:45.465874Z,8259,70,CTD,65535,255,1027.7305908203125
1788854685.6658254,2026-09-08T08:04:45.665825Z,8259,70,CTD,65535,255,1027.7322998046875
1788854685.8659708,2026-09-08T08:04:45.865970Z,8259,70,CTD,65535,255,1027.73291015625
1788854686.0662036,2026-09-08T08:04:46.066203Z,8259,70,CTD,65535,255,1027.73193359375
1788854686.2662857,2026-09-08T08:04:46.266285Z,8259,70,CTD,65535,255,1027.7333984375
1788854686.4665794,2026-09-08T08:04:46.466579Z,8259,70,CTD,65535,255,1027.731689453125
1788854686.667107,2026-09-08T08:04:46.667107Z,8259,70,CTD,65535,255,1027.732177734375
1788854686.8673341,2026-09-08T08:04:46.867334Z,8259,70,CTD,65535,255,1027.738525390625
1788854687.0682712,2026-09-08T08:04:47.068271Z,8259,70,CTD,65535,255,1027.7330322265625
1788854687.2684922,2026-09-08T08:04:47.268492Z,8259,70,CTD,65535,255,1027.734619140625
1788854687.46892,2026-09-08T08:04:47.468919Z,8259,70,CTD,65535,255,1027.7308349609375
1788854687.6691246,2026-09-08T08:04:47.669124Z,8259,70,CTD,65535,255,1027.7322998046875
1788854687.86951,2026-09-08T08:04:47.869509Z,8259,70,CTD,65535,255,1027.730712890625
1788854688.0700736,2026-09-08T08:04:48.070073Z,8259,70,CTD,65535,255,1027.7314453125
1788854688.2701468,2026-09-08T08:04:48.270146Z,8259,70,CTD,65535,255,1027.7325439453125
1788854688.4701064,2026-09-08T08:04:48.470106Z,8259,70,CTD,65535,255,1027.7320556640625
1788854688.6701999,2026-09-08T08:04:48.670199Z,8259,70,CTD,65535,255,1027.730224609375
1788854688.8702888,2026-09-08T08:04:48.870288Z,8259,70,CTD,65535,255,1027.7315673828125
1788854689.070733,2026-09-08T08:04:49.070733Z,8259,70,CTD,65535,255,1027.733642578125
1788854689.27058,2026-09-08T08:04:49.270580Z,8259,70,CTD,65535,255,1027.732666015625
1788854689.4705515,2026-09-08T08:04:49.470551Z,8259,70,CTD,65535,255,1027.732666015625
1788854689.6703734,2026-09-08T08:04:49.670373Z,8259,70,CTD,65535,255,1027.7340087890625
1788854689.870148,2026-09-08T08:04:49.870147Z,8259,70,CTD,65535,255,1027.73388671875
1788854690.0703537,2026-09-08T08:04:50.070353Z,8259,70,CTD,65535,255,1027.73388671875
1788854690.2702303,2026-09-08T08:04:50.270230Z,8259,70,CTD,65535,255,1027.7294921875
1788854690.4699807,2026-09-08T08:04:50.469980Z,8259,70,CTD,65535,255,1027.7337646484375
1788854690.6699514,2026-09-08T08:04:50.669951Z,8259,70,CTD,65535,255,1027.731201171875
1788854690.8695595,2026-09-08T08:04:50.869559Z,8259,70,CTD,65535,255,1027.73388671875
1788854691.0697315,2026-09-08T08:04:51.069731Z,8259,70,CTD,65535,255,1027.7335205078125
1788854691.269537,2026-09-08T08:04:51.269536Z,8259,70,CTD,65535,255,1027.7330322265625
1788854691.46927,2026-09-08T08:04:51.469269Z,8259,70,CTD,65535,255,1027.7322998046875
1788854691.66915,2026-09-08T08:04:51.669150Z,8259,70,CTD,65535,255,1027.732666015625
1788854691.869008,2026-09-08T08:04:51.869008Z,8259,70,CTD,65535,255,1027.7332763671875
1788854692.0693376,2026-09-08T08:04:52.069337Z,8259,70,CTD,65535,255,1027.7344970703125
1788854692.2690923,2026-09-08T08:04:52.269092Z,8259,70,CTD,65535,255,1027.734375
1788854692.4688976,2026-09-08T08:04:52.468897Z,8259,70,CTD,65535,255,1027.7330322265625
1788854692.6686893,2026-09-08T08:04:52.668689Z,8259,70,CTD,65535,255,1027.7296142578125
1788854692.8685791,2026-09-08T08:04:52.868579Z,8259,70,CTD,65535,255,1027.735107421875
1788854693.0688283,2026-09-08T08:04:53.068828Z,8259,70,CTD,65535,255,1027.7352294921875
1788854693.268799,2026-09-08T08:04:53.268799Z,8259,70,CTD,65535,255,1027.734375
1788854693.4689674,2026-09-08T08:04:53.468967Z,8259,70,CTD,65535,255,1027.738037109375
1788854693.6690202,2026-09-08T08:04:53.669020Z,8259,70,CTD,65535,255,1027.73486328125
1788854693.869075,2026-09-08T08:04:53.869075Z,8259,70,CTD,65535,255,1027.734130859375
1788854694.0698519,2026-09-08T08:04:54.069851Z,8259,70,CTD,65535,255,1027.7340087890625
1788854694.26936,2026-09-08T08:04:54.269360Z,8259,70,CTD,65535,255,1027.736328125
1788854694.469008,2026-09-08T08:04:54.469007Z,8259,70,CTD,65535,255,1027.7347412109375
1788854694.6691833,2026-09-08T08:04:54.669183Z,8259,70,CTD,65535,255,1027.73583984375
1788854694.8689861,2026-09-08T08:04:54.868986Z,8259,70,CTD,65535,255,1027.7325439453125
1788854695.0692592,2026-09-08T08:04:55.069259Z,8259,70,CTD,65535,255,1027.736083984375
1788854695.2691112,2026-09-08T08:04:55.269111Z,8259,70,CTD,65535,255,1027.7340087890625
1788854695.4688673,2026-09-08T08:04:55.468867Z,8259,70,CTD,65535,255,1027.7362060546875
1788854695.6688151,2026-09-08T08:04:55.668815Z,8259,70,CTD,65535,255,1027.736572265625
1788854695.8687258,2026-09-08T08:04:55.868725Z,8259,70,CTD,65535,255,1027.7354736328125
1788854696.0688076,2026-09-08T08:04:56.068807Z,8259,70,CTD,65535,255,1027.734619140625
1788854696.2684665,2026-09-08T08:04:56.268466Z,8259,70,CTD,65535,255,1027.735595703125
1788854696.4684248,2026-09-08T08:04:56.468424Z,8259,70,CTD,65535,255,1027.7325439453125
1788854696.6684687,2026-09-08T08:04:56.668468Z,8259,70,CTD,65535,255,1027.732177734375
1788854696.868455,2026-09-08T08:04:56.868454Z,8259,70,CTD,65535,255,1027.7344970703125
1788854697.0683782,2026-09-08T08:04:57.068378Z,8259,70,CTD,65535,255,1027.733642578125
1788854697.2682457,2026-09-08T08:04:57.268245Z,8259,70,CTD,65535,255,1027.733154296875
1788854697.4682186,2026-09-08T08:04:57.468218Z,8259,70,CTD,65535,255,1027.734130859375
1788854697.6681771,2026-09-08T08:04:57.668177Z,8259,70,CTD,65535,255,1027.732421875
1788854697.8683639,2026-09-08T08:04:57.868363Z,8259,70,CTD,65535,255,1027.7335205078125
1788854698.0683715,2026-09-08T08:04:58.068371Z,8259,70,CTD,65535,255,1027.7318115234375
1788854698.2683313,2026-09-08T08:04:58.268331Z,8259,70,CTD,65535,255,1027.73388671875
1788854698.4684079,2026-09-08T08:04:58.468407Z,8259,70,CTD,65535,255,1027.7340087890625
1788854698.6680982,2026-09-08T08:04:58.668098Z,8259,70,CTD,65535,255,1027.732666015625
1788854698.8681023,2026-09-08T08:04:58.868102Z,8259,70,CTD,65535,255,1027.734130859375
1788854699.0684156,2026-09-08T08:04:59.068415Z,8259,70,CTD,65535,255,1027.7315673828125
1788854699.2683372,2026-09-08T08:04:59.268337Z,8259,70,CTD,65535,255,1027.7337646484375
1788854699.468543,2026-09-08T08:04:59.468543Z,8259,70,CTD,65535,255,1027.732177734375
1788854699.6683497,2026-09-08T08:04:59.668349Z,8259,70,CTD,65535,255,1027.7330322265625
1788854699.868261,2026-09-08T08:04:59.868261Z,8259,70,CTD,65535,255,1027.7340087890625
1788854700.0684485,2026-09-08T08:05:00.068448Z,8259,70,CTD,65535,255,1027.7353515625
1788854700.2676992,2026-09-08T08:05:00.267699Z,8259,70,CTD,65535,255,1027.7342529296875
1788854700.4671783,2026-09-08T08:05:00.467178Z,8259,70,CTD,65535,255,1027.7354736328125
1788854700.666318,2026-09-08T08:05:00.666317Z,8259,70,CTD,65535,255,1027.734619140625
1788854700.865677,2026-09-08T08:05:00.865677Z,8259,70,CTD,65535,255,1027.7325439453125
1788854701.0651271,2026-09-08T08:05:01.065127Z,8259,70,CTD,65535,255,1027.737548828125
1788854701.2643476,2026-09-08T08:05:01.264347Z,8259,70,CTD,65535,255,1027.734130859375
1788854701.4637716,2026-09-08T08:05:01.463771Z,8259,70,CTD,65535,255,1027.73388671875
1788854701.6633224,2026-09-08T08:05:01.663322Z,8259,70,CTD,65535,255,1027.734375
1788854701.8626132,2026-09-08T08:05:01.862613Z,8259,70,CTD,65535,255,1027.7366943359375
1788854702.062325,2026-09-08T08:05:02.062325Z,8259,70,CTD,65535,255,1027.7337646484375
1788854702.2618134,2026-09-08T08:05:02.261813Z,8259,70,CTD,65535,255,1027.732177734375
1788854702.4618232,2026-09-08T08:05:02.461823Z,8259,70,CTD,65535,255,1027.7352294921875
1788854702.6615276,2026-09-08T08:05:02.661527Z,8259,70,CTD,65535,255,1027.732177734375
1788854702.861278,2026-09-08T08:05:02.861278Z,8259,70,CTD,65535,255,1027.7333984375
1788854703.0615118,2026-09-08T08:05:03.061511Z,8259,70,CTD,65535,255,1027.733154296875
1788854703.2610471,2026-09-08T08:05:03.261047Z,8259,70,CTD,65535,255,1027.736572265625
1788854703.4611804,2026-09-08T08:05:03.461180Z,8259,70,CTD,65535,255,1027.7335205078125
1788854703.6614046,2026-09-08T08:05:03.661404Z,8259,70,CTD,65535,255,1027.733154296875
1788854703.8615239,2026-09-08T08:05:03.861523Z,8259,70,CTD,65535,255,1027.7342529296875
1788854704.0617769,2026-09-08T08:05:04.061776Z,8259,70,CTD,65535,255,1027.732177734375
1788854704.261808,2026-09-08T08:05:04.261807Z,8259,70,CTD,65535,255,1027.7325439453125
1788854704.4620872,2026-09-08T08:05:04.462087Z,8259,70,CTD,65535,255,1027.7315673828125
1788854704.6622293,2026-09-08T08:05:04.662229Z,8259,70,CTD,65535,255,1027.7342529296875
1788854704.862223,2026-09-08T08:05:04.862222Z,8259,70,CTD,65535,255,1027.7320556640625
1788854705.062774,2026-09-08T08:05:05.062773Z,8259,70,CTD,65535,255,1027.7320556640625
1788854705.2626395,2026-09-08T08:05:05.262639Z,8259,70,CTD,65535,255,1027.731689453125
1788854705.4627824,2026-09-08T08:05:05.462782Z,8259,70,CTD,65535,255,1027.7320556640625
1788854705.6630654,2026-09-08T08:05:05.663065Z,8259,70,CTD,65535,255,1027.7322998046875
1788854705.863266,2026-09-08T08:05:05.863265Z,8259,70,CTD,65535,255,1027.7371826171875
1788854706.0636175,2026-09-08T08:05:06.063617Z,8259,70,CTD,65535,255,1027.732177734375
1788854706.2640119,2026-09-08T08:05:06.264011Z,8259,70,CTD,65535,255,1027.7296142578125
1788854706.4648995,2026-09-08T08:05:06.464899Z,8259,70,CTD,65535,255,1027.732177734375
1788854706.6655931,2026-09-08T08:05:06.665593Z,8259,70,CTD,65535,255,1027.72802734375
1788854706.866402,2026-09-08T08:05:06.866401Z,8259,70,CTD,65535,255,1027.7322998046875
1788854707.0674238,2026-09-08T08:05:07.067423Z,8259,70,CTD,65535,255,1027.7314453125
1788854707.2680585,2026-09-08T08:05:07.268058Z,8259,70,CTD,65535,255,1027.7293701171875
1788854707.4685977,2026-09-08T08:05:07.468597Z,8259,70,CTD,65535,255,1027.7275390625
1788854707.6692555,2026-09-08T08:05:07.669255Z,8259,70,CTD,65535,255,1027.7303466796875
1788854707.8696759,2026-09-08T08:05:07.869675Z,8259,70,CTD,65535,255,1027.73046875
1788854708.0705826,2026-09-08T08:05:08.070582Z,8259,70,CTD,65535,255,1027.7308349609375
1788854708.2708232,2026-09-08T08:05:08.270823Z,8259,70,CTD,65535,255,1027.7291259765625
1788854708.4707882,2026-09-08T08:05:08.470788Z,8259,70,CTD,65535,255,1027.7294921875
1788854708.6710813,2026-09-08T08:05:08.671081Z,8259,70,CTD,65535,255,1027.7298583984375
1788854708.8712234,2026-09-08T08:05:08.871223Z,8259,70,CTD,65535,255,1027.733154296875
1788854709.071595,2026-09-08T08:05:09.071594Z,8259,70,CTD,65535,255,1027.73486328125
1788854709.2713268,2026-09-08T08:05:09.271326Z,8259,70,CTD,65535,255,1027.7315673828125
1788854709.4711556,2026-09-08T08:05:09.471155Z,8259,70,CTD,65535,255,1027.731689453125
1788854709.6709867,2026-09-08T08:05:09.670986Z,8259,70,CTD,65535,255,1027.730712890625
1788854709.870907,2026-09-08T08:05:09.870907Z,8259,70,CTD,65535,255,1027.72705078125
1788854710.0712612,2026-09-08T08:05:10.071261Z,8259,70,CTD,65535,255,1027.73095703125
1788854710.2705848,2026-09-08T08:05:10.270584Z,8259,70,CTD,65535,255,1027.730224609375
1788854710.4704692,2026-09-08T08:05:10.470469Z,8259,70,CTD,65535,255,1027.7320556640625
1788854710.670378,2026-09-08T08:05:10.670377Z,8259,70,CTD,65535,255,1027.7308349609375
1788854710.8700078,2026-09-08T08:05:10.870007Z,8259,70,CTD,65535,255,1027.7301025390625
1788854711.0700197,2026-09-08T08:05:11.070019Z,8259,70,CTD,65535,255,1027.7308349609375
1788854711.2696552,2026-09-08T08:05:11.269655Z,8259,70,CTD,65535,255,1027.731201171875
1788854711.4694347,2026-09-08T08:05:11.469434Z,8259,70,CTD,65535,255,1027.7333984375
1788854711.6693358,2026-09-08T08:05:11.669335Z,8259,70,CTD,65535,255,1027.7308349609375
1788854711.8691058,2026-09-08T08:05:11.869105Z,8259,70,CTD,65535,255,1027.732177734375
1788854712.069261,2026-09-08T08:05:12.069261Z,8259,70,CTD,65535,255,1027.7342529296875
1788854712.2687562,2026-09-08T08:05:12.268756Z,8259,70,CTD,65535,255,1027.732177734375
1788854712.4685209,2026-09-08T08:05:12.468520Z,8259,70,CTD,65535,255,1027.730712890625
1788854712.6684334,2026-09-08T08:05:12.668433Z,8259,70,CTD,65535,255,1027.73193359375
1788854712.8682609,2026-09-08T08:05:12.868260Z,8259,70,CTD,65535,255,1027.728759765625
1788854713.068657,2026-09-08T08:05:13.068656Z,8259,70,CTD,65535,255,1027.730224609375
1788854713.2683678,2026-09-08T08:05:13.268367Z,8259,70,CTD,65535,255,1027.7313232421875
1788854713.4681306,2026-09-08T08:05:13.468130Z,8259,70,CTD,65535,255,1027.729248046875
1788854713.6679902,2026-09-08T08:05:13.667990Z,8259,70,CTD,65535,255,1027.7325439453125
1788854713.8679135,2026-09-08T08:05:13.867913Z,8259,70,CTD,65535,255,1027.732421875
1788854714.0682213,2026-09-08T08:05:14.068221Z,8259,70,CTD,65535,255,1027.7322998046875
1788854714.2679403,2026-09-08T08:05:14.267940Z,8259,70,CTD,65535,255,1027.7305908203125
1788854714.4678695,2026-09-08T08:05:14.467869Z,8259,70,CTD,65535,255,1027.7344970703125
1788854714.667876,2026-09-08T08:05:14.667876Z,8259,70,CTD,65535,255,1027.733642578125
1788854714.8679307,2026-09-08T08:05:14.867930Z,8259,70,CTD,65535,255,1027.7327880859375
1788854715.067995,2026-09-08T08:05:15.067995Z,8259,70,CTD,65535,255,1027.7333984375
1788854715.2679954,2026-09-08T08:05:15.267995Z,8259,70,CTD,65535,255,1027.7347412109375
1788854715.4680579,2026-09-08T08:05:15.468057Z,8259,70,CTD,65535,255,1027.73291015625
1788854715.66785,2026-09-08T08:05:15.667850Z,8259,70,CTD,65535,255,1027.7344970703125
1788854715.8678317,2026-09-08T08:05:15.867831Z,8259,70,CTD,65535,255,1027.7344970703125
1788854716.068175,2026-09-08T08:05:16.068175Z,8259,70,CTD,65535,255,1027.7310791015625
1788854716.2677228,2026-09-08T08:05:16.267722Z,8259,70,CTD,65535,255,1027.73291015625
1788854716.466672,2026-09-08T08:05:16.466671Z,8259,70,CTD,65535,255,1027.7330322265625
1788854716.6659408,2026-09-08T08:05:16.665940Z,8259,70,CTD,65535,255,1027.7305908203125
1788854716.8653507,2026-09-08T08:05:16.865350Z,8259,70,CTD,65535,255,1027.73193359375
1788854717.0648339,2026-09-08T08:05:17.064833Z,8259,70,CTD,65535,255,1027.729736328125
1788854717.2638881,2026-09-08T08:05:17.263888Z,8259,70,CTD,65535,255,1027.733154296875
1788854717.4635487,2026-09-08T08:05:17.463548Z,8259,70,CTD,65535,255,1027.73388671875
1788854717.6627228,2026-09-08T08:05:17.662722Z,8259,70,CTD,65535,255,1027.7314453125
1788854717.8621712,2026-09-08T08:05:17.862171Z,8259,70,CTD,65535,255,1027.73095703125
1788854718.061839,2026-09-08T08:05:18.061839Z,8259,70,CTD,65535,255,1027.73388671875
1788854718.2613115,2026-09-08T08:05:18.261311Z,8259,70,CTD,65535,255,1027.735107421875
1788854718.4611216,2026-09-08T08:05:18.461121Z,8259,70,CTD,65535,255,1027.7322998046875
1788854718.6611412,2026-09-08T08:05:18.661141Z,8259,70,CTD,65535,255,1027.7333984375
1788854718.860768,2026-09-08T08:05:18.860768Z,8259,70,CTD,65535,255,1027.7322998046875
1788854719.060916,2026-09-08T08:05:19.060915Z,8259,70,CTD,65535,255,1027.7344970703125
1788854719.2608624,2026-09-08T08:05:19.260862Z,8259,70,CTD,65535,255,1027.732666015625
1788854719.4609385,2026-09-08T08:05:19.460938Z,8259,70,CTD,65535,255,1027.73681640625
1788854719.6609247,2026-09-08T08:05:19.660924Z,8259,70,CTD,65535,255,1027.73291015625
1788854719.8612344,2026-09-08T08:05:19.861234Z,8259,70,CTD,65535,255,1027.7337646484375
1788854720.061398,2026-09-08T08:05:20.061398Z,8259,70,CTD,65535,255,1027.7332763671875
1788854720.2613666,2026-09-08T08:05:20.261366Z,8259,70,CTD,65535,255,1027.732177734375
1788854720.46151,2026-09-08T08:05:20.461509Z,8259,70,CTD,65535,255,1027.7349853515625
1788854720.6618748,2026-09-08T08:05:20.661874Z,8259,70,CTD,65535,255,1027.7330322265625
1788854720.861899,2026-09-08T08:05:20.861898Z,8259,70,CTD,65535,255,1027.7337646484375
1788854721.0625398,2026-09-08T08:05:21.062539Z,8259,70,CTD,65535,255,1027.7340087890625
1788854721.262509,2026-09-08T08:05:21.262509Z,8259,70,CTD,65535,255,1027.731689453125
1788854721.4626582,2026-09-08T08:05:21.462658Z,8259,70,CTD,65535,255,1027.7352294921875
1788854721.6625981,2026-09-08T08:05:21.662598Z,8259,70,CTD,65535,255,1027.73291015625
1788854721.8628476,2026-09-08T08:05:21.862847Z,8259,70,CTD,65535,255,1027.73486328125
1788854722.0634062,2026-09-08T08:05:22.063406Z,8259,70,CTD,65535,255,1027.734375
1788854722.2632453,2026-09-08T08:05:22.263245Z,8259,70,CTD,65535,255,1027.7332763671875
1788854722.4631317,2026-09-08T08:05:22.463131Z,8259,70,CTD,65535,255,1027.7352294921875
1788854722.663339,2026-09-08T08:05:22.663338Z,8259,70,CTD,65535,255,1027.7335205078125
1788854722.8634224,2026-09-08T08:05:22.863422Z,8259,70,CTD,65535,255,1027.7340087890625
1788854723.063761,2026-09-08T08:05:23.063760Z,8259,70,CTD,65535,255,1027.7327880859375
1788854723.2636325,2026-09-08T08:05:23.263632Z,8259,70,CTD,65535,255,1027.733154296875
1788854723.46354,2026-09-08T08:05:23.463540Z,8259,70,CTD,65535,255,1027.7337646484375
1788854723.663774,2026-09-08T08:05:23.663774Z,8259,70,CTD,65535,255,1027.7349853515625
1788854723.8638544,2026-09-08T08:05:23.863854Z,8259,70,CTD,65535,255,1027.7330322265625
1788854724.064494,2026-09-08T08:05:24.064493Z,8259,70,CTD,65535,255,1027.7352294921875
1788854724.2638385,2026-09-08T08:05:24.263838Z,8259,70,CTD,65535,255,1027.7364501953125
1788854724.4638288,2026-09-08T08:05:24.463828Z,8259,70,CTD,65535,255,1027.7366943359375
1788854724.6636088,2026-09-08T08:05:24.663608Z,8259,70,CTD,65535,255,1027.73583984375
1788854724.8636498,2026-09-08T08:05:24.863649Z,8259,70,CTD,65535,255,1027.736572265625
1788854725.0641243,2026-09-08T08:05:25.064124Z,8259,70,CTD,65535,255,1027.7315673828125
1788854725.2641048,2026-09-08T08:05:25.264104Z,8259,70,CTD,65535,255,1027.7340087890625
1788854725.4640527,2026-09-08T08:05:25.464052Z,8259,70,CTD,65535,255,1027.734375
1788854725.6641982,2026-09-08T08:05:25.664198Z,8259,70,CTD,65535,255,1027.733154296875
1788854725.8643823,2026-09-08T08:05:25.864382Z,8259,70,CTD,65535,255,1027.7325439453125
1788854726.06476,2026-09-08T08:05:26.064759Z,8259,70,CTD,65535,255,1027.7330322265625
1788854726.2646267,2026-09-08T08:05:26.264626Z,8259,70,CTD,65535,255,1027.732177734375
1788854726.4644032,2026-09-08T08:05:26.464403Z,8259,70,CTD,65535,255,1027.732421875
1788854726.6643984,2026-09-08T08:05:26.664398Z,8259,70,CTD,65535,255,1027.735595703125
1788854726.8644702,2026-09-08T08:05:26.864470Z,8259,70,CTD,65535,255,1027.7342529296875
1788854727.0645986,2026-09-08T08:05:27.064598Z,8259,70,CTD,65535,255,1027.7333984375
1788854727.264347,2026-09-08T08:05:27.264347Z,8259,70,CTD,65535,255,1027.7332763671875
1788854727.464319,2026-09-08T08:05:27.464318Z,8259,70,CTD,65535,255,1027.7354736328125
1788854727.664372,2026-09-08T08:05:27.664371Z,8259,70,CTD,65535,255,1027.7347412109375
1788854727.8645558,2026-09-08T08:05:27.864555Z,8259,70,CTD,65535,255,1027.7347412109375
1788854728.0648139,2026-09-08T08:05:28.064813Z,8259,70,CTD,65535,255,1027.7357177734375
1788854728.2645617,2026-09-08T08:05:28.264561Z,8259,70,CTD,65535,255,1027.733642578125
1788854728.464789,2026-09-08T08:05:28.464788Z,8259,70,CTD,65535,255,1027.7335205078125
1788854728.6647298,2026-09-08T08:05:28.664729Z,8259,70,CTD,65535,255,1027.7391357421875
1788854728.8646796,2026-09-08T08:05:28.864679Z,8259,70,CTD,65535,255,1027.7364501953125
1788854729.065049,2026-09-08T08:05:29.065048Z,8259,70,CTD,65535,255,1027.736572265625
1788854729.2650642,2026-09-08T08:05:29.265064Z,8259,70,CTD,65535,255,1027.732421875
1788854729.464844,2026-09-08T08:05:29.464843Z,8259,70,CTD,65535,255,1027.733642578125
1788854729.6648264,2026-09-08T08:05:29.664826Z,8259,70,CTD,65535,255,1027.735107421875
1788854729.8647418,2026-09-08T08:05:29.864741Z,8259,70,CTD,65535,255,1027.7364501953125
1788854730.0652182,2026-09-08T08:05:30.065218Z,8259,70,CTD,65535,255,1027.7366943359375
1788854730.2649882,2026-09-08T08:05:30.264988Z,8259,70,CTD,65535,255,1027.730712890625
1788854730.4648538,2026-09-08T08:05:30.464853Z,8259,70,CTD,65535,255,1027.7359619140625
1788854730.664849,2026-09-08T08:05:30.664849Z,8259,70,CTD,65535,255,1027.7354736328125
1788854730.8647332,2026-09-08T08:05:30.864733Z,8259,70,CTD,65535,255,1027.734619140625
1788854731.064948,2026-09-08T08:05:31.064948Z,8259,70,CTD,65535,255,1027.7384033203125
1788854731.2657483,2026-09-08T08:05:31.265748Z,8259,70,CTD,65535,255,1027.7362060546875
1788854731.467486,2026-09-08T08:05:31.467485Z,8259,70,CTD,65535,255,1027.7364501953125
1788854731.669037,2026-09-08T08:05:31.669037Z,8259,70,CTD,65535,255,1027.73583984375
1788854731.870731,2026-09-08T08:05:31.870731Z,8259,70,CTD,65535,255,1027.734130859375
1788854732.0730093,2026-09-08T08:05:32.073009Z,8259,70,CTD,65535,255,1027.735595703125
1788854732.2742956,2026-09-08T08:05:32.274295Z,8259,70,CTD,65535,255,1027.7357177734375
1788854732.4757462,2026-09-08T08:05:32.475746Z,8259,70,CTD,65535,255,1027.7366943359375
1788854732.67735,2026-09-08T08:05:32.677350Z,8259,70,CTD,65535,255,1027.7373046875
1788854732.8787968,2026-09-08T08:05:32.878796Z,8259,70,CTD,65535,255,1027.7366943359375
1788854733.0806181,2026-09-08T08:05:33.080618Z,8259,70,CTD,65535,255,1027.7342529296875
1788854733.2813673,2026-09-08T08:05:33.281367Z,8259,70,CTD,65535,255,1027.7347412109375
1788854733.4816477,2026-09-08T08:05:33.481647Z,8259,70,CTD,65535,255,1027.7337646484375
1788854733.6817086,2026-09-08T08:05:33.681708Z,8259,70,CTD,65535,255,1027.7342529296875
1788854733.8821898,2026-09-08T08:05:33.882189Z,8259,70,CTD,65535,255,1027.7359619140625
1788854734.082664,2026-09-08T08:05:34.082664Z,8259,70,CTD,65535,255,1027.739501953125
1788854734.2823288,2026-09-08T08:05:34.282328Z,8259,70,CTD,65535,255,1027.7349853515625
1788854734.4819953,2026-09-08T08:05:34.481995Z,8259,70,CTD,65535,255,1027.73388671875
1788854734.6816335,2026-09-08T08:05:34.681633Z,8259,70,CTD,65535,255,1027.7364501953125
1788854734.881085,2026-09-08T08:05:34.881084Z,8259,70,CTD,65535,255,1027.739013671875
1788854735.0809567,2026-09-08T08:05:35.080956Z,8259,70,CTD,65535,255,1027.73486328125
1788854735.280362,2026-09-08T08:05:35.280361Z,8259,70,CTD,65535,255,1027.735107421875
1788854735.4798756,2026-09-08T08:05:35.479875Z,8259,70,CTD,65535,255,1027.7364501953125
1788854735.679229,2026-09-08T08:05:35.679229Z,8259,70,CTD,65535,255,1027.7349853515625
1788854735.8787475,2026-09-08T08:05:35.878747Z,8259,70,CTD,65535,255,1027.735595703125
1788854736.0783904,2026-09-08T08:05:36.078390Z,8259,70,CTD,65535,255,1027.734375
1788854736.2777596,2026-09-08T08:05:36.277759Z,8259,70,CTD,65535,255,1027.7349853515625
1788854736.477208,2026-09-08T08:05:36.477207Z,8259,70,CTD,65535,255,1027.73486328125
1788854736.6769087,2026-09-08T08:05:36.676908Z,8259,70,CTD,65535,255,1027.736083984375
1788854736.8762867,2026-09-08T08:05:36.876286Z,8259,70,CTD,65535,255,1027.736328125
1788854737.0762568,2026-09-08T08:05:37.076256Z,8259,70,CTD,65535,255,1027.7384033203125
1788854737.2756462,2026-09-08T08:05:37.275646Z,8259,70,CTD,65535,255,1027.740478515625
1788854737.4753416,2026-09-08T08:05:37.475341Z,8259,70,CTD,65535,255,1027.739501953125
1788854737.6752298,2026-09-08T08:05:37.675229Z,8259,70,CTD,65535,255,1027.744873046875
1788854737.8748775,2026-09-08T08:05:37.874877Z,8259,70,CTD,65535,255,1027.7445068359375
1788854738.0748885,2026-09-08T08:05:38.074888Z,8259,70,CTD,65535,255,1027.7420654296875
1788854738.2746305,2026-09-08T08:05:38.274630Z,8259,70,CTD,65535,255,1027.7425537109375
1788854738.4744172,2026-09-08T08:05:38.474417Z,8259,70,CTD,65535,255,1027.744140625
1788854738.6743088,2026-09-08T08:05:38.674308Z,8259,70,CTD,65535,255,1027.7401123046875
1788854738.8743203,2026-09-08T08:05:38.874320Z,8259,70,CTD,65535,255,1027.7393798828125
1788854739.0744412,2026-09-08T08:05:39.074441Z,8259,70,CTD,65535,255,1027.742431640625
1788854739.2741508,2026-09-08T08:05:39.274150Z,8259,70,CTD,65535,255,1027.7391357421875
1788854739.4740443,2026-09-08T08:05:39.474044Z,8259,70,CTD,65535,255,1027.7406005859375
1788854739.674216,2026-09-08T08:05:39.674216Z,8259,70,CTD,65535,255,1027.7391357421875
1788854739.8742564,2026-09-08T08:05:39.874256Z,8259,70,CTD,65535,255,1027.7396240234375
1788854740.0743585,2026-09-08T08:05:40.074358Z,8259,70,CTD,65535,255,1027.740478515625
1788854740.2742517,2026-09-08T08:05:40.274251Z,8259,70,CTD,65535,255,1027.7408447265625
1788854740.4742742,2026-09-08T08:05:40.474274Z,8259,70,CTD,65535,255,1027.73876953125
1788854740.6741064,2026-09-08T08:05:40.674106Z,8259,70,CTD,65535,255,1027.740234375
1788854740.8741086,2026-09-08T08:05:40.874108Z,8259,70,CTD,65535,255,1027.741943359375
1788854741.0745494,2026-09-08T08:05:41.074549Z,8259,70,CTD,65535,255,1027.7386474609375
1788854741.2744308,2026-09-08T08:05:41.274430Z,8259,70,CTD,65535,255,1027.7406005859375
1788854741.4743917,2026-09-08T08:05:41.474391Z,8259,70,CTD,65535,255,1027.7376708984375
1788854741.6743407,2026-09-08T08:05:41.674340Z,8259,70,CTD,65535,255,1027.7388916015625
1788854741.8742583,2026-09-08T08:05:41.874258Z,8259,70,CTD,65535,255,1027.7403564453125
1788854742.0746307,2026-09-08T08:05:42.074630Z,8259,70,CTD,65535,255,1027.740234375
1788854742.2745802,2026-09-08T08:05:42.274580Z,8259,70,CTD,65535,255,1027.737060546875
1788854742.474468,2026-09-08T08:05:42.474467Z,8259,70,CTD,65535,255,1027.7362060546875
1788854742.674477,2026-09-08T08:05:42.674477Z,8259,70,CTD,65535,255,1027.736572265625
1788854742.8744123,2026-09-08T08:05:42.874412Z,8259,70,CTD,65535,255,1027.74169921875
1788854743.074893,2026-09-08T08:05:43.074892Z,8259,70,CTD,65535,255,1027.7418212890625
1788854743.2747393,2026-09-08T08:05:43.274739Z,8259,70,CTD,65535,255,1027.7415771484375
1788854743.474718,2026-09-08T08:05:43.474718Z,8259,70,CTD,65535,255,1027.7431640625
1788854743.6746364,2026-09-08T08:05:43.674636Z,8259,70,CTD,65535,255,1027.7440185546875
1788854743.8747075,2026-09-08T08:05:43.874707Z,8259,70,CTD,65535,255,1027.7440185546875
1788854744.0749211,2026-09-08T08:05:44.074921Z,8259,70,CTD,65535,255,1027.747314453125
1788854744.2748876,2026-09-08T08:05:44.274887Z,8259,70,CTD,65535,255,1027.7440185546875
1788854744.4746623,2026-09-08T08:05:44.474662Z,8259,70,CTD,65535,255,1027.7449951171875
1788854744.6745944,2026-09-08T08:05:44.674594Z,8259,70,CTD,65535,255,1027.7459716796875
1788854744.8745692,2026-09-08T08:05:44.874569Z,8259,70,CTD,65535,255,1027.7449951171875
1788854745.0750833,2026-09-08T08:05:45.075083Z,8259,70,CTD,65535,255,1027.7462158203125
1788854745.2748728,2026-09-08T08:05:45.274872Z,8259,70,CTD,65535,255,1027.743408203125
1788854745.4746933,2026-09-08T08:05:45.474693Z,8259,70,CTD,65535,255,1027.74169921875
1788854745.674603,2026-09-08T08:05:45.674602Z,8259,70,CTD,65535,255,1027.73291015625
1788854745.8745737,2026-09-08T08:05:45.874573Z,8259,70,CTD,65535,255,1027.74365234375
1788854746.0749202,2026-09-08T08:05:46.074920Z,8259,70,CTD,65535,255,1027.742919921875
1788854746.2746985,2026-09-08T08:05:46.274698Z,8259,70,CTD,65535,255,1027.7418212890625
1788854746.4746358,2026-09-08T08:05:46.474635Z,8259,70,CTD,65535,255,1027.741943359375
1788854746.674676,2026-09-08T08:05:46.674675Z,8259,70,CTD,65535,255,1027.739013671875
1788854746.8745608,2026-09-08T08:05:46.874560Z,8259,70,CTD,65535,255,1027.7415771484375
1788854747.074926,2026-09-08T08:05:47.074925Z,8259,70,CTD,65535,255,1027.74169921875
1788854747.2745357,2026-09-08T08:05:47.274535Z,8259,70,CTD,65535,255,1027.7388916015625
1788854747.4746604,2026-09-08T08:05:47.474660Z,8259,70,CTD,65535,255,1027.738525390625
1788854747.6746757,2026-09-08T08:05:47.674675Z,8259,70,CTD,65535,255,1027.7396240234375
1788854747.8747072,2026-09-08T08:05:47.874707Z,8259,70,CTD,65535,255,1027.740966796875
1788854748.0748687,2026-09-08T08:05:48.074868Z,8259,70,CTD,65535,255,1027.7393798828125
1788854748.2745936,2026-09-08T08:05:48.274593Z,8259,70,CTD,65535,255,1027.740966796875
1788854748.4746969,2026-09-08T08:05:48.474696Z,8259,70,CTD,65535,255,1027.74169921875
1788854748.6746275,2026-09-08T08:05:48.674627Z,8259,70,CTD,65535,255,1027.740478515625
1788854748.874565,2026-09-08T08:05:48.874564Z,8259,70,CTD,65535,255,1027.7396240234375
1788854749.0748434,2026-09-08T08:05:49.074843Z,8259,70,CTD,65535,255,1027.741943359375
1788854749.2746255,2026-09-08T08:05:49.274625Z,8259,70,CTD,65535,255,1027.7384033203125
1788854749.4747174,2026-09-08T08:05:49.474717Z,8259,70,CTD,65535,255,1027.7412109375
1788854749.674456,2026-09-08T08:05:49.674455Z,8259,70,CTD,65535,255,1027.7415771484375
1788854749.8746724,2026-09-08T08:05:49.874672Z,8259,70,CTD,65535,255,1027.7432861328125
1788854750.0747766,2026-09-08T08:05:50.074776Z,8259,70,CTD,65535,255,1027.742431640625
1788854750.2747345,2026-09-08T08:05:50.274734Z,8259,70,CTD,65535,255,1027.739501953125
1788854750.4746337,2026-09-08T08:05:50.474633Z,8259,70,CTD,65535,255,1027.73974609375
1788854750.6744869,2026-09-08T08:05:50.674486Z,8259,70,CTD,65535,255,1027.7403564453125
1788854750.8744035,2026-09-08T08:05:50.874403Z,8259,70,CTD,65535,255,1027.742431640625
1788854751.0749917,2026-09-08T08:05:51.074991Z,8259,70,CTD,65535,255,1027.7410888671875
1788854751.2747188,2026-09-08T08:05:51.274718Z,8259,70,CTD,65535,255,1027.7379150390625
1788854751.474604,2026-09-08T08:05:51.474603Z,8259,70,CTD,65535,255,1027.73779296875
1788854751.6744714,2026-09-08T08:05:51.674471Z,8259,70,CTD,65535,255,1027.739013671875
1788854751.8744373,2026-09-08T08:05:51.874437Z,8259,70,CTD,65535,255,1027.740478515625
1788854752.0748796,2026-09-08T08:05:52.074879Z,8259,70,CTD,65535,255,1027.7359619140625
1788854752.274586,2026-09-08T08:05:52.274585Z,8259,70,CTD,65535,255,1027.739013671875
1788854752.4744556,2026-09-08T08:05:52.474455Z,8259,70,CTD,65535,255,1027.73681640625
1788854752.6745508,2026-09-08T08:05:52.674550Z,8259,70,CTD,65535,255,1027.7396240234375
1788854752.8745444,2026-09-08T08:05:52.874544Z,8259,70,CTD,65535,255,1027.7369384765625
1788854753.0748496,2026-09-08T08:05:53.074849Z,8259,70,CTD,65535,255,1027.7364501953125
1788854753.274427,2026-09-08T08:05:53.274426Z,8259,70,CTD,65535,255,1027.73876953125
1788854753.4745333,2026-09-08T08:05:53.474533Z,8259,70,CTD,65535,255,1027.7369384765625
1788854753.6745527,2026-09-08T08:05:53.674552Z,8259,70,CTD,65535,255,1027.7344970703125
1788854753.8745904,2026-09-08T08:05:53.874590Z,8259,70,CTD,65535,255,1027.734130859375
1788854754.0756197,2026-09-08T08:05:54.075619Z,8259,70,CTD,65535,255,1027.7353515625
1788854754.2746713,2026-09-08T08:05:54.274671Z,8259,70,CTD,65535,255,1027.7354736328125
1788854754.4745562,2026-09-08T08:05:54.474556Z,8259,70,CTD,65535,255,1027.737548828125
1788854754.6744506,2026-09-08T08:05:54.674450Z,8259,70,CTD,65535,255,1027.735107421875
1788854754.8745346,2026-09-08T08:05:54.874534Z,8259,70,CTD,65535,255,1027.735595703125
1788854755.0748503,2026-09-08T08:05:55.074850Z,8259,70,CTD,65535,255,1027.73876953125
1788854755.2746232,2026-09-08T08:05:55.274623Z,8259,70,CTD,65535,255,1027.736572265625
1788854755.474406,2026-09-08T08:05:55.474406Z,8259,70,CTD,65535,255,1027.73974609375
1788854755.674377,2026-09-08T08:05:55.674376Z,8259,70,CTD,65535,255,1027.7379150390625
1788854755.8743389,2026-09-08T08:05:55.874338Z,8259,70,CTD,65535,255,1027.7384033203125
1788854756.0747995,2026-09-08T08:05:56.074799Z,8259,70,CTD,65535,255,1027.737548828125
1788854756.2744381,2026-09-08T08:05:56.274438Z,8259,70,CTD,65535,255,1027.734375
1788854756.474447,2026-09-08T08:05:56.474447Z,8259,70,CTD,65535,255,1027.7374267578125
1788854756.6742656,2026-09-08T08:05:56.674265Z,8259,70,CTD,65535,255,1027.736083984375
1788854756.8743424,2026-09-08T08:05:56.874342Z,8259,70,CTD,65535,255,1027.735107421875
1788854757.0746086,2026-09-08T08:05:57.074608Z,8259,70,CTD,65535,255,1027.7376708984375
1788854757.2740273,2026-09-08T08:05:57.274027Z,8259,70,CTD,65535,255,1027.7340087890625
1788854757.4725146,2026-09-08T08:05:57.472514Z,8259,70,CTD,65535,255,1027.7340087890625
1788854757.671144,2026-09-08T08:05:57.671144Z,8259,70,CTD,65535,255,1027.73583984375
1788854757.8698049,2026-09-08T08:05:57.869804Z,8259,70,CTD,65535,255,1027.735595703125
1788854758.0688913,2026-09-08T08:05:58.068891Z,8259,70,CTD,65535,255,1027.7349853515625
1788854758.267504,2026-09-08T08:05:58.267503Z,8259,70,CTD,65535,255,1027.7327880859375
1788854758.466369,2026-09-08T08:05:58.466368Z,8259,70,CTD,65535,255,1027.7352294921875
1788854758.665519,2026-09-08T08:05:58.665518Z,8259,70,CTD,65535,255,1027.733642578125
1788854758.8642693,2026-09-08T08:05:58.864269Z,8259,70,CTD,65535,255,1027.735107421875
1788854759.063682,2026-09-08T08:05:59.063682Z,8259,70,CTD,65535,255,1027.7344970703125
1788854759.263083,2026-09-08T08:05:59.263082Z,8259,70,CTD,65535,255,1027.734619140625
1788854759.463851,2026-09-08T08:05:59.463850Z,8259,70,CTD,65535,255,1027.73681640625
1788854759.6645432,2026-09-08T08:05:59.664543Z,8259,70,CTD,65535,255,1027.734130859375
1788854759.8653545,2026-09-08T08:05:59.865354Z,8259,70,CTD,65535,255,1027.7366943359375
1788854760.0664237,2026-09-08T08:06:00.066423Z,8259,70,CTD,65535,255,1027.73291015625
1788854760.2670274,2026-09-08T08:06:00.267027Z,8259,70,CTD,65535,255,1027.7340087890625
1788854760.4678817,2026-09-08T08:06:00.467881Z,8259,70,CTD,65535,255,1027.732666015625
1788854760.6687121,2026-09-08T08:06:00.668712Z,8259,70,CTD,65535,255,1027.736328125
1788854760.8696432,2026-09-08T08:06:00.869643Z,8259,70,CTD,65535,255,1027.734375
1788854761.070828,2026-09-08T08:06:01.070827Z,8259,70,CTD,65535,255,1027.735595703125
1788854761.2714913,2026-09-08T08:06:01.271491Z,8259,70,CTD,65535,255,1027.73681640625
1788854761.4719708,2026-09-08T08:06:01.471970Z,8259,70,CTD,65535,255,1027.7342529296875
1788854761.6725228,2026-09-08T08:06:01.672522Z,8259,70,CTD,65535,255,1027.7344970703125
1788854761.8730159,2026-09-08T08:06:01.873015Z,8259,70,CTD,65535,255,1027.7364501953125
1788854762.0736964,2026-09-08T08:06:02.073696Z,8259,70,CTD,65535,255,1027.7327880859375
1788854762.2741268,2026-09-08T08:06:02.274126Z,8259,70,CTD,65535,255,1027.735107421875
1788854762.4741037,2026-09-08T08:06:02.474103Z,8259,70,CTD,65535,255,1027.7340087890625
1788854762.6740267,2026-09-08T08:06:02.674026Z,8259,70,CTD,65535,255,1027.7349853515625
1788854762.8741224,2026-09-08T08:06:02.874122Z,8259,70,CTD,65535,255,1027.732666015625
1788854763.0745895,2026-09-08T08:06:03.074589Z,8259,70,CTD,65535,255,1027.734130859375
1788854763.2737997,2026-09-08T08:06:03.273799Z,8259,70,CTD,65535,255,1027.7332763671875
1788854763.4722471,2026-09-08T08:06:03.472247Z,8259,70,CTD,65535,255,1027.736328125
1788854763.670462,2026-09-08T08:06:03.670461Z,8259,70,CTD,65535,255,1027.736572265625
1788854763.8688269,2026-09-08T08:06:03.868826Z,8259,70,CTD,65535,255,1027.735107421875
1788854764.0672085,2026-09-08T08:06:04.067208Z,8259,70,CTD,65535,255,1027.734130859375
1788854764.265442,2026-09-08T08:06:04.265441Z,8259,70,CTD,65535,255,1027.7393798828125
1788854764.464017,2026-09-08T08:06:04.464016Z,8259,70,CTD,65535,255,1027.735595703125
1788854764.662795,2026-09-08T08:06:04.662795Z,8259,70,CTD,65535,255,1027.737548828125
1788854764.8613703,2026-09-08T08:06:04.861370Z,8259,70,CTD,65535,255,1027.7384033203125
1788854765.060229,2026-09-08T08:06:05.060229Z,8259,70,CTD,65535,255,1027.7354736328125
1788854765.2590058,2026-09-08T08:06:05.259005Z,8259,70,CTD,65535,255,1027.737060546875
1788854765.4587836,2026-09-08T08:06:05.458783Z,8259,70,CTD,65535,255,1027.736572265625
1788854765.658286,2026-09-08T08:06:05.658286Z,8259,70,CTD,65535,255,1027.73486328125
1788854765.8579996,2026-09-08T08:06:05.857999Z,8259,70,CTD,65535,255,1027.737060546875
1788854766.057937,2026-09-08T08:06:06.057936Z,8259,70,CTD,65535,255,1027.7374267578125
1788854766.2574542,2026-09-08T08:06:06.257454Z,8259,70,CTD,65535,255,1027.73828125
1788854766.457648,2026-09-08T08:06:06.457648Z,8259,70,CTD,65535,255,1027.7340087890625
1788854766.6576157,2026-09-08T08:06:06.657615Z,8259,70,CTD,65535,255,1027.732177734375
1788854766.8580515,2026-09-08T08:06:06.858051Z,8259,70,CTD,65535,255,1027.736328125
1788854767.0582538,2026-09-08T08:06:07.058253Z,8259,70,CTD,65535,255,1027.7310791015625
1788854767.2583919,2026-09-08T08:06:07.258391Z,8259,70,CTD,65535,255,1027.7313232421875
1788854767.458836,2026-09-08T08:06:07.458836Z,8259,70,CTD,65535,255,1027.73095703125
1788854767.6590464,2026-09-08T08:06:07.659046Z,8259,70,CTD,65535,255,1027.733642578125
1788854767.8595483,2026-09-08T08:06:07.859548Z,8259,70,CTD,65535,255,1027.7333984375
1788854768.0601428,2026-09-08T08:06:08.060142Z,8259,70,CTD,65535,255,1027.732666015625
1788854768.260438,2026-09-08T08:06:08.260437Z,8259,70,CTD,65535,255,1027.7310791015625
1788854768.4605916,2026-09-08T08:06:08.460591Z,8259,70,CTD,65535,255,1027.7314453125
1788854768.6609848,2026-09-08T08:06:08.660984Z,8259,70,CTD,65535,255,1027.731689453125
1788854768.86116,2026-09-08T08:06:08.861160Z,8259,70,CTD,65535,255,1027.731689453125
1788854769.0618322,2026-09-08T08:06:09.061832Z,8259,70,CTD,65535,255,1027.72998046875
1788854769.2621024,2026-09-08T08:06:09.262102Z,8259,70,CTD,65535,255,1027.73046875
1788854769.4620762,2026-09-08T08:06:09.462076Z,8259,70,CTD,65535,255,1027.7335205078125
1788854769.6622589,2026-09-08T08:06:09.662258Z,8259,70,CTD,65535,255,1027.73486328125
1788854769.8624978,2026-09-08T08:06:09.862497Z,8259,70,CTD,65535,255,1027.73046875
1788854770.0628524,2026-09-08T08:06:10.062852Z,8259,70,CTD,65535,255,1027.730712890625
1788854770.2630677,2026-09-08T08:06:10.263067Z,8259,70,CTD,65535,255,1027.7301025390625
1788854770.4630303,2026-09-08T08:06:10.463030Z,8259,70,CTD,65535,255,1027.7322998046875
1788854770.6629245,2026-09-08T08:06:10.662924Z,8259,70,CTD,65535,255,1027.73681640625
1788854770.863181,2026-09-08T08:06:10.863181Z,8259,70,CTD,65535,255,1027.731201171875
1788854771.0635412,2026-09-08T08:06:11.063541Z,8259,70,CTD,65535,255,1027.731689453125
1788854771.263504,2026-09-08T08:06:11.263504Z,8259,70,CTD,65535,255,1027.7310791015625
1788854771.4634552,2026-09-08T08:06:11.463455Z,8259,70,CTD,65535,255,1027.7353515625
1788854771.663761,2026-09-08T08:06:11.663760Z,8259,70,CTD,65535,255,1027.7340087890625
1788854771.8638961,2026-09-08T08:06:11.863896Z,8259,70,CTD,65535,255,1027.7366943359375
1788854772.0642784,2026-09-08T08:06:12.064278Z,8259,70,CTD,65535,255,1027.73388671875
1788854772.264475,2026-09-08T08:06:12.264475Z,8259,70,CTD,65535,255,1027.734375
1788854772.46452,2026-09-08T08:06:12.464519Z,8259,70,CTD,65535,255,1027.7327880859375
1788854772.6643503,2026-09-08T08:06:12.664350Z,8259,70,CTD,65535,255,1027.733154296875
1788854772.8644567,2026-09-08T08:06:12.864456Z,8259,70,CTD,65535,255,1027.7308349609375
1788854773.0648754,2026-09-08T08:06:13.064875Z,8259,70,CTD,65535,255,1027.732421875
1788854773.2648787,2026-09-08T08:06:13.264878Z,8259,70,CTD,65535,255,1027.732421875
1788854773.4648628,2026-09-08T08:06:13.464862Z,8259,70,CTD,65535,255,1027.7332763671875
1788854773.6649182,2026-09-08T08:06:13.664918Z,8259,70,CTD,65535,255,1027.73095703125
1788854773.8647017,2026-09-08T08:06:13.864701Z,8259,70,CTD,65535,255,1027.73388671875
1788854774.065098,2026-09-08T08:06:14.065098Z,8259,70,CTD,65535,255,1027.7354736328125
1788854774.2647815,2026-09-08T08:06:14.264781Z,8259,70,CTD,65535,255,1027.7325439453125
1788854774.4647613,2026-09-08T08:06:14.464761Z,8259,70,CTD,65535,255,1027.73486328125
1788854774.6646938,2026-09-08T08:06:14.664693Z,8259,70,CTD,65535,255,1027.735595703125
1788854774.8646362,2026-09-08T08:06:14.864636Z,8259,70,CTD,65535,255,1027.7371826171875
1788854775.064898,2026-09-08T08:06:15.064898Z,8259,70,CTD,65535,255,1027.738525390625
1788854775.2644753,2026-09-08T08:06:15.264475Z,8259,70,CTD,65535,255,1027.732177734375
1788854775.4645157,2026-09-08T08:06:15.464515Z,8259,70,CTD,65535,255,1027.7373046875
1788854775.6643877,2026-09-08T08:06:15.664387Z,8259,70,CTD,65535,255,1027.7344970703125
1788854775.8642237,2026-09-08T08:06:15.864223Z,8259,70,CTD,65535,255,1027.73681640625
1788854776.064461,2026-09-08T08:06:16.064460Z,8259,70,CTD,65535,255,1027.7364501953125
1788854776.2642984,2026-09-08T08:06:16.264298Z,8259,70,CTD,65535,255,1027.7384033203125
1788854776.4640176,2026-09-08T08:06:16.464017Z,8259,70,CTD,65535,255,1027.73388671875
1788854776.663944,2026-09-08T08:06:16.663944Z,8259,70,CTD,65535,255,1027.7352294921875
1788854776.8643186,2026-09-08T08:06:16.864318Z,8259,70,CTD,65535,255,1027.733642578125
1788854777.0643837,2026-09-08T08:06:17.064383Z,8259,70,CTD,65535,255,1027.7333984375
1788854777.264048,2026-09-08T08:06:17.264048Z,8259,70,CTD,65535,255,1027.736572265625
1788854777.46411,2026-09-08T08:06:17.464109Z,8259,70,CTD,65535,255,1027.738525390625
1788854777.664026,2026-09-08T08:06:17.664026Z,8259,70,CTD,65535,255,1027.7352294921875
1788854777.8638854,2026-09-08T08:06:17.863885Z,8259,70,CTD,65535,255,1027.734130859375
1788854778.0642529,2026-09-08T08:06:18.064252Z,8259,70,CTD,65535,255,1027.73388671875
1788854778.2637808,2026-09-08T08:06:18.263780Z,8259,70,CTD,65535,255,1027.7359619140625
1788854778.463808,2026-09-08T08:06:18.463808Z,8259,70,CTD,65535,255,1027.73681640625
1788854778.6637282,2026-09-08T08:06:18.663728Z,8259,70,CTD,65535,255,1027.73876953125
1788854778.8638268,2026-09-08T08:06:18.863826Z,8259,70,CTD,65535,255,1027.7374267578125
1788854779.064101,2026-09-08T08:06:19.064100Z,8259,70,CTD,65535,255,1027.7333984375
1788854779.2638986,2026-09-08T08:06:19.263898Z,8259,70,CTD,65535,255,1027.73291015625
1788854779.46387,2026-09-08T08:06:19.463870Z,8259,70,CTD,65535,255,1027.735107421875
1788854779.6636322,2026-09-08T08:06:19.663632Z,8259,70,CTD,65535,255,1027.737060546875
1788854779.863741,2026-09-08T08:06:19.863740Z,8259,70,CTD,65535,255,1027.733154296875
1788854780.0639381,2026-09-08T08:06:20.063938Z,8259,70,CTD,65535,255,1027.7327880859375
1788854780.263891,2026-09-08T08:06:20.263890Z,8259,70,CTD,65535,255,1027.7353515625
1788854780.46362,2026-09-08T08:06:20.463619Z,8259,70,CTD,65535,255,1027.73583984375
1788854780.6637547,2026-09-08T08:06:20.663754Z,8259,70,CTD,65535,255,1027.7347412109375
1788854780.8637307,2026-09-08T08:06:20.863730Z,8259,70,CTD,65535,255,1027.735107421875
1788854781.064074,2026-09-08T08:06:21.064074Z,8259,70,CTD,65535,255,1027.7310791015625
1788854781.2639163,2026-09-08T08:06:21.263916Z,8259,70,CTD,65535,255,1027.735107421875
1788854781.463735,2026-09-08T08:06:21.463735Z,8259,70,CTD,65535,255,1027.7310791015625
1788854781.6636558,2026-09-08T08:06:21.663655Z,8259,70,CTD,65535,255,1027.7313232421875
1788854781.8637576,2026-09-08T08:06:21.863757Z,8259,70,CTD,65535,255,1027.7301025390625
1788854782.0639477,2026-09-08T08:06:22.063947Z,8259,70,CTD,65535,255,1027.728271484375
1788854782.2637098,2026-09-08T08:06:22.263709Z,8259,70,CTD,65535,255,1027.7330322265625
1788854782.4631274,2026-09-08T08:06:22.463127Z,8259,70,CTD,65535,255,1027.7373046875
1788854782.6624143,2026-09-08T08:06:22.662414Z,8259,70,CTD,65535,255,1027.732421875
1788854782.862196,2026-09-08T08:06:22.862195Z,8259,70,CTD,65535,255,1027.7332763671875
1788854783.0617716,2026-09-08T08:06:23.061771Z,8259,70,CTD,65535,255,1027.733154296875
1788854783.2612877,2026-09-08T08:06:23.261287Z,8259,70,CTD,65535,255,1027.7357177734375
1788854783.461156,2026-09-08T08:06:23.461155Z,8259,70,CTD,65535,255,1027.7337646484375
1788854783.6609638,2026-09-08T08:06:23.660963Z,8259,70,CTD,65535,255,1027.737060546875
1788854783.8607912,2026-09-08T08:06:23.860791Z,8259,70,CTD,65535,255,1027.730712890625
1788854784.061404,2026-09-08T08:06:24.061403Z,8259,70,CTD,65535,255,1027.73291015625
1788854784.260885,2026-09-08T08:06:24.260884Z,8259,70,CTD,65535,255,1027.7315673828125
1788854784.4607866,2026-09-08T08:06:24.460786Z,8259,70,CTD,65535,255,1027.7315673828125
1788854784.6612873,2026-09-08T08:06:24.661287Z,8259,70,CTD,65535,255,1027.7294921875
1788854784.8613915,2026-09-08T08:06:24.861391Z,8259,70,CTD,65535,255,1027.7325439453125
1788854785.0615454,2026-09-08T08:06:25.061545Z,8259,70,CTD,65535,255,1027.7294921875
1788854785.2614882,2026-09-08T08:06:25.261488Z,8259,70,CTD,65535,255,1027.731201171875
1788854785.4617682,2026-09-08T08:06:25.461768Z,8259,70,CTD,65535,255,1027.73193359375
1788854785.6619985,2026-09-08T08:06:25.661998Z,8259,70,CTD,65535,255,1027.7294921875
1788854785.861735,2026-09-08T08:06:25.861735Z,8259,70,CTD,65535,255,1027.7286376953125
1788854786.0622215,2026-09-08T08:06:26.062221Z,8259,70,CTD,65535,255,1027.731201171875
1788854786.2622635,2026-09-08T08:06:26.262263Z,8259,70,CTD,65535,255,1027.73291015625
1788854786.4622874,2026-09-08T08:06:26.462287Z,8259,70,CTD,65535,255,1027.73095703125
1788854786.6623766,2026-09-08T08:06:26.662376Z,8259,70,CTD,65535,255,1027.7301025390625
1788854786.8623903,2026-09-08T08:06:26.862390Z,8259,70,CTD,65535,255,1027.7296142578125
1788854787.0626714,2026-09-08T08:06:27.062671Z,8259,70,CTD,65535,255,1027.726806640625
1788854787.2627015,2026-09-08T08:06:27.262701Z,8259,70,CTD,65535,255,1027.728759765625
1788854787.462604,2026-09-08T08:06:27.462604Z,8259,70,CTD,65535,255,1027.7298583984375
1788854787.6625154,2026-09-08T08:06:27.662515Z,8259,70,CTD,65535,255,1027.7279052734375
1788854787.8624256,2026-09-08T08:06:27.862425Z,8259,70,CTD,65535,255,1027.729248046875
1788854788.0629604,2026-09-08T08:06:28.062960Z,8259,70,CTD,65535,255,1027.72900390625
1788854788.2626002,2026-09-08T08:06:28.262600Z,8259,70,CTD,65535,255,1027.727294921875
1788854788.4627056,2026-09-08T08:06:28.462705Z,8259,70,CTD,65535,255,1027.725830078125
1788854788.6625185,2026-09-08T08:06:28.662518Z,8259,70,CTD,65535,255,1027.72900390625
1788854788.862812,2026-09-08T08:06:28.862812Z,8259,70,CTD,65535,255,1027.7271728515625
1788854789.062797,2026-09-08T08:06:29.062797Z,8259,70,CTD,65535,255,1027.7305908203125
1788854789.2628303,2026-09-08T08:06:29.262830Z,8259,70,CTD,65535,255,1027.724365234375
1788854789.462859,2026-09-08T08:06:29.462858Z,8259,70,CTD,65535,255,1027.72900390625
1788854789.6627429,2026-09-08T08:06:29.662742Z,8259,70,CTD,65535,255,1027.7255859375
1788854789.8626566,2026-09-08T08:06:29.862656Z,8259,70,CTD,65535,255,1027.727783203125
1788854790.0626893,2026-09-08T08:06:30.062689Z,8259,70,CTD,65535,255,1027.7271728515625
1788854790.2626994,2026-09-08T08:06:30.262699Z,8259,70,CTD,65535,255,1027.7301025390625
1788854790.462365,2026-09-08T08:06:30.462364Z,8259,70,CTD,65535,255,1027.7235107421875
1788854790.662342,2026-09-08T08:06:30.662342Z,8259,70,CTD,65535,255,1027.726806640625
1788854790.862352,2026-09-08T08:06:30.862351Z,8259,70,CTD,65535,255,1027.7235107421875
1788854791.062618,2026-09-08T08:06:31.062618Z,8259,70,CTD,65535,255,1027.72802734375
1788854791.2626343,2026-09-08T08:06:31.262634Z,8259,70,CTD,65535,255,1027.7322998046875
1788854791.462501,2026-09-08T08:06:31.462501Z,8259,70,CTD,65535,255,1027.7291259765625
1788854791.6623063,2026-09-08T08:06:31.662306Z,8259,70,CTD,65535,255,1027.7261962890625
1788854791.8624156,2026-09-08T08:06:31.862415Z,8259,70,CTD,65535,255,1027.7218017578125
1788854792.062635,2026-09-08T08:06:32.062634Z,8259,70,CTD,65535,255,1027.7274169921875
1788854792.2622855,2026-09-08T08:06:32.262285Z,8259,70,CTD,65535,255,1027.73095703125
1788854792.4624693,2026-09-08T08:06:32.462469Z,8259,70,CTD,65535,255,1027.7235107421875
1788854792.662335,2026-09-08T08:06:32.662334Z,8259,70,CTD,65535,255,1027.7254638671875
1788854792.8622465,2026-09-08T08:06:32.862246Z,8259,70,CTD,65535,255,1027.72900390625
1788854793.0626934,2026-09-08T08:06:33.062693Z,8259,70,CTD,65535,255,1027.7291259765625
1788854793.2624974,2026-09-08T08:06:33.262497Z,8259,70,CTD,65535,255,1027.727294921875
1788854793.4623597,2026-09-08T08:06:33.462359Z,8259,70,CTD,65535,255,1027.724853515625
1788854793.6622748,2026-09-08T08:06:33.662274Z,8259,70,CTD,65535,255,1027.7274169921875
1788854793.862454,2026-09-08T08:06:33.862453Z,8259,70,CTD,65535,255,1027.7264404296875
1788854794.0625017,2026-09-08T08:06:34.062501Z,8259,70,CTD,65535,255,1027.72705078125
1788854794.2624924,2026-09-08T08:06:34.262492Z,8259,70,CTD,65535,255,1027.7283935546875
1788854794.4624317,2026-09-08T08:06:34.462431Z,8259,70,CTD,65535,255,1027.725830078125
1788854794.6623225,2026-09-08T08:06:34.662322Z,8259,70,CTD,65535,255,1027.7276611328125
1788854794.862278,2026-09-08T08:06:34.862277Z,8259,70,CTD,65535,255,1027.72705078125
1788854795.0625665,2026-09-08T08:06:35.062566Z,8259,70,CTD,65535,255,1027.7298583984375
1788854795.2623773,2026-09-08T08:06:35.262377Z,8259,70,CTD,65535,255,1027.72509765625
1788854795.462346,2026-09-08T08:06:35.462346Z,8259,70,CTD,65535,255,1027.7279052734375
1788854795.6621776,2026-09-08T08:06:35.662177Z,8259,70,CTD,65535,255,1027.7264404296875
1788854795.8623693,2026-09-08T08:06:35.862369Z,8259,70,CTD,65535,255,1027.7257080078125
1788854796.0625203,2026-09-08T08:06:36.062520Z,8259,70,CTD,65535,255,1027.727783203125
1788854796.2624712,2026-09-08T08:06:36.262471Z,8259,70,CTD,65535,255,1027.7264404296875
1788854796.4624007,2026-09-08T08:06:36.462400Z,8259,70,CTD,65535,255,1027.7269287109375
1788854796.6624086,2026-09-08T08:06:36.662408Z,8259,70,CTD,65535,255,1027.7265625
1788854796.862157,2026-09-08T08:06:36.862157Z,8259,70,CTD,65535,255,1027.72509765625
1788854797.0624897,2026-09-08T08:06:37.062489Z,8259,70,CTD,65535,255,1027.73193359375
1788854797.2624342,2026-09-08T08:06:37.262434Z,8259,70,CTD,65535,255,1027.7275390625
1788854797.4621356,2026-09-08T08:06:37.462135Z,8259,70,CTD,65535,255,1027.7283935546875
1788854797.6621232,2026-09-08T08:06:37.662123Z,8259,70,CTD,65535,255,1027.7315673828125
1788854797.8623302,2026-09-08T08:06:37.862330Z,8259,70,CTD,65535,255,1027.7283935546875
1788854798.0624907,2026-09-08T08:06:38.062490Z,8259,70,CTD,65535,255,1027.7286376953125
1788854798.262341,2026-09-08T08:06:38.262341Z,8259,70,CTD,65535,255,1027.7252197265625
1788854798.4621603,2026-09-08T08:06:38.462160Z,8259,70,CTD,65535,255,1027.725830078125
1788854798.6623645,2026-09-08T08:06:38.662364Z,8259,70,CTD,65535,255,1027.728759765625
1788854798.8622565,2026-09-08T08:06:38.862256Z,8259,70,CTD,65535,255,1027.723388671875
1788854799.0624735,2026-09-08T08:06:39.062473Z,8259,70,CTD,65535,255,1027.719482421875
1788854799.2624545,2026-09-08T08:06:39.262454Z,8259,70,CTD,65535,255,1027.7235107421875
1788854799.4623656,2026-09-08T08:06:39.462365Z,8259,70,CTD,65535,255,1027.726318359375
1788854799.662059,2026-09-08T08:06:39.662059Z,8259,70,CTD,65535,255,1027.7255859375
1788854799.8622355,2026-09-08T08:06:39.862235Z,8259,70,CTD,65535,255,1027.7286376953125
1788854800.0624182,2026-09-08T08:06:40.062418Z,8259,70,CTD,65535,255,1027.7279052734375
1788854800.2622666,2026-09-08T08:06:40.262266Z,8259,70,CTD,65535,255,1027.7259521484375
1788854800.4622445,2026-09-08T08:06:40.462244Z,8259,70,CTD,65535,255,1027.7274169921875
1788854800.662223,2026-09-08T08:06:40.662223Z,8259,70,CTD,65535,255,1027.72998046875
1788854800.86207,2026-09-08T08:06:40.862070Z,8259,70,CTD,65535,255,1027.7288818359375
1788854801.0624113,2026-09-08T08:06:41.062411Z,8259,70,CTD,65535,255,1027.722900390625
1788854801.2623365,2026-09-08T08:06:41.262336Z,8259,70,CTD,65535,255,1027.726318359375
1788854801.4623451,2026-09-08T08:06:41.462345Z,8259,70,CTD,65535,255,1027.722412109375
1788854801.6620526,2026-09-08T08:06:41.662052Z,8259,70,CTD,65535,255,1027.724853515625
1788854801.8622074,2026-09-08T08:06:41.862207Z,8259,70,CTD,65535,255,1027.7259521484375
1788854802.0625334,2026-09-08T08:06:42.062533Z,8259,70,CTD,65535,255,1027.72412109375
1788854802.262266,2026-09-08T08:06:42.262265Z,8259,70,CTD,65535,255,1027.7216796875
1788854802.4623086,2026-09-08T08:06:42.462308Z,8259,70,CTD,65535,255,1027.72802734375
1788854802.6622224,2026-09-08T08:06:42.662222Z,8259,70,CTD,65535,255,1027.724609375
1788854802.8620498,2026-09-08T08:06:42.862049Z,8259,70,CTD,65535,255,1027.7281494140625
1788854803.062466,2026-09-08T08:06:43.062465Z,8259,70,CTD,65535,255,1027.728271484375
1788854803.2623441,2026-09-08T08:06:43.262344Z,8259,70,CTD,65535,255,1027.7222900390625
1788854803.4622838,2026-09-08T08:06:43.462283Z,8259,70,CTD,65535,255,1027.723388671875
1788854803.65198,2026-09-08T08:06:43.651979Z,8259,70,CTD,65535,255,1027.7235107421875
1788854803.851942,2026-09-08T08:06:43.851942Z,8259,70,CTD,65535,255,1027.7255859375
1788854804.0521853,2026-09-08T08:06:44.052185Z,8259,70,CTD,65535,255,1027.7215576171875
1788854804.2522688,2026-09-08T08:06:44.252268Z,8259,70,CTD,65535,255,1027.723388671875
1788854804.45197,2026-09-08T08:06:44.451970Z,8259,70,CTD,65535,255,1027.7227783203125
1788854804.6522152,2026-09-08T08:06:44.652215Z,8259,70,CTD,65535,255,1027.724609375
1788854804.8519492,2026-09-08T08:06:44.851949Z,8259,70,CTD,65535,255,1027.7269287109375
1788854805.0521975,2026-09-08T08:06:45.052197Z,8259,70,CTD,65535,255,1027.7237548828125
1788854805.2521813,2026-09-08T08:06:45.252181Z,8259,70,CTD,65535,255,1027.7235107421875
1788854805.4519694,2026-09-08T08:06:45.451969Z,8259,70,CTD,65535,255,1027.7205810546875
1788854805.6519146,2026-09-08T08:06:45.651914Z,8259,70,CTD,65535,255,1027.719970703125
1788854805.8519301,2026-09-08T08:06:45.851930Z,8259,70,CTD,65535,255,1027.7210693359375
1788854806.0523093,2026-09-08T08:06:46.052309Z,8259,70,CTD,65535,255,1027.7236328125
1788854806.251979,2026-09-08T08:06:46.251979Z,8259,70,CTD,65535,255,1027.721435546875
1788854806.4519126,2026-09-08T08:06:46.451912Z,8259,70,CTD,65535,255,1027.718505859375
1788854806.6519217,2026-09-08T08:06:46.651921Z,8259,70,CTD,65535,255,1027.7188720703125
1788854806.8518932,2026-09-08T08:06:46.851893Z,8259,70,CTD,65535,255,1027.719482421875
1788854807.0522132,2026-09-08T08:06:47.052213Z,8259,70,CTD,65535,255,1027.721923828125
1788854807.2522123,2026-09-08T08:06:47.252212Z,8259,70,CTD,65535,255,1027.7197265625
1788854807.4520564,2026-09-08T08:06:47.452056Z,8259,70,CTD,65535,255,1027.7213134765625
1788854807.6518524,2026-09-08T08:06:47.651852Z,8259,70,CTD,65535,255,1027.7249755859375
1788854807.851876,2026-09-08T08:06:47.851876Z,8259,70,CTD,65535,255,1027.724609375
1788854808.0522137,2026-09-08T08:06:48.052213Z,8259,70,CTD,65535,255,1027.7235107421875
1788854808.2519708,2026-09-08T08:06:48.251970Z,8259,70,CTD,65535,255,1027.719970703125
1788854808.4521666,2026-09-08T08:06:48.452166Z,8259,70,CTD,65535,255,1027.71875
1788854808.6524036,2026-09-08T08:06:48.652403Z,8259,70,CTD,65535,255,1027.72119140625
1788854808.8529303,2026-09-08T08:06:48.852930Z,8259,70,CTD,65535,255,1027.724853515625
1788854809.0533223,2026-09-08T08:06:49.053322Z,8259,70,CTD,65535,255,1027.7247314453125
1788854809.2535336,2026-09-08T08:06:49.253533Z,8259,70,CTD,65535,255,1027.7210693359375
1788854809.4533956,2026-09-08T08:06:49.453395Z,8259,70,CTD,65535,255,1027.7230224609375
1788854809.653545,2026-09-08T08:06:49.653544Z,8259,70,CTD,65535,255,1027.720703125
1788854809.853707,2026-09-08T08:06:49.853707Z,8259,70,CTD,65535,255,1027.7227783203125
1788854810.054117,2026-09-08T08:06:50.054116Z,8259,70,CTD,65535,255,1027.72021484375
1788854810.254165,2026-09-08T08:06:50.254164Z,8259,70,CTD,65535,255,1027.7244873046875
1788854810.454401,2026-09-08T08:06:50.454401Z,8259,70,CTD,65535,255,1027.7236328125
1788854810.65481,2026-09-08T08:06:50.654809Z,8259,70,CTD,65535,255,1027.7220458984375
1788854810.8547816,2026-09-08T08:06:50.854781Z,8259,70,CTD,65535,255,1027.7186279296875
1788854811.0553482,2026-09-08T08:06:51.055348Z,8259,70,CTD,65535,255,1027.721435546875
1788854811.255259,2026-09-08T08:06:51.255259Z,8259,70,CTD,65535,255,1027.7247314453125
1788854811.4552088,2026-09-08T08:06:51.455208Z,8259,70,CTD,65535,255,1027.7232666015625
1788854811.6549873,2026-09-08T08:06:51.654987Z,8259,70,CTD,65535,255,1027.7235107421875
1788854811.8550766,2026-09-08T08:06:51.855076Z,8259,70,CTD,65535,255,1027.7259521484375
1788854812.0550106,2026-09-08T08:06:52.055010Z,8259,70,CTD,65535,255,1027.7213134765625
1788854812.2548969,2026-09-08T08:06:52.254896Z,8259,70,CTD,65535,255,1027.72265625
1788854812.4544754,2026-09-08T08:06:52.454475Z,8259,70,CTD,65535,255,1027.7230224609375
1788854812.654255,2026-09-08T08:06:52.654254Z,8259,70,CTD,65535,255,1027.719970703125
1788854812.8541126,2026-09-08T08:06:52.854112Z,8259,70,CTD,65535,255,1027.718994140625
1788854813.054368,2026-09-08T08:06:53.054368Z,8259,70,CTD,65535,255,1027.718017578125
1788854813.2538207,2026-09-08T08:06:53.253820Z,8259,70,CTD,65535,255,1027.7208251953125
1788854813.4536572,2026-09-08T08:06:53.453657Z,8259,70,CTD,65535,255,1027.7218017578125
1788854813.6535332,2026-09-08T08:06:53.653533Z,8259,70,CTD,65535,255,1027.7176513671875
1788854813.8534098,2026-09-08T08:06:53.853409Z,8259,70,CTD,65535,255,1027.716552734375
1788854814.0539978,2026-09-08T08:06:54.053997Z,8259,70,CTD,65535,255,1027.7178955078125
1788854814.2532344,2026-09-08T08:06:54.253234Z,8259,70,CTD,65535,255,1027.7227783203125
1788854814.4531758,2026-09-08T08:06:54.453175Z,8259,70,CTD,65535,255,1027.7218017578125
1788854814.653102,2026-09-08T08:06:54.653101Z,8259,70,CTD,65535,255,1027.7191162109375
1788854814.8530645,2026-09-08T08:06:54.853064Z,8259,70,CTD,65535,255,1027.716552734375
1788854815.0534601,2026-09-08T08:06:55.053460Z,8259,70,CTD,65535,255,1027.7171630859375
1788854815.2530646,2026-09-08T08:06:55.253064Z,8259,70,CTD,65535,255,1027.7178955078125
1788854815.4534264,2026-09-08T08:06:55.453426Z,8259,70,CTD,65535,255,1027.72265625
1788854815.6533206,2026-09-08T08:06:55.653320Z,8259,70,CTD,65535,255,1027.719970703125
1788854815.8534942,2026-09-08T08:06:55.853494Z,8259,70,CTD,65535,255,1027.7193603515625
1788854816.0539167,2026-09-08T08:06:56.053916Z,8259,70,CTD,65535,255,1027.720947265625
1788854816.2541869,2026-09-08T08:06:56.254186Z,8259,70,CTD,65535,255,1027.7188720703125
1788854816.4540377,2026-09-08T08:06:56.454037Z,8259,70,CTD,65535,255,1027.7205810546875
1788854816.654095,2026-09-08T08:06:56.654094Z,8259,70,CTD,65535,255,1027.7200927734375
1788854816.8543596,2026-09-08T08:06:56.854359Z,8259,70,CTD,65535,255,1027.7215576171875
1788854817.0548573,2026-09-08T08:06:57.054857Z,8259,70,CTD,65535,255,1027.7247314453125
1788854817.2546194,2026-09-08T08:06:57.254619Z,8259,70,CTD,65535,255,1027.7222900390625
1788854817.4546025,2026-09-08T08:06:57.454602Z,8259,70,CTD,65535,255,1027.7193603515625
1788854817.6545963,2026-09-08T08:06:57.654596Z,8259,70,CTD,65535,255,1027.71875
1788854817.8549278,2026-09-08T08:06:57.854927Z,8259,70,CTD,65535,255,1027.7205810546875
1788854818.0548909,2026-09-08T08:06:58.054890Z,8259,70,CTD,65535,255,1027.7186279296875
1788854818.2547529,2026-09-08T08:06:58.254752Z,8259,70,CTD,65535,255,1027.71923828125
1788854818.4547367,2026-09-08T08:06:58.454736Z,8259,70,CTD,65535,255,1027.719970703125
1788854818.6546474,2026-09-08T08:06:58.654647Z,8259,70,CTD,65535,255,1027.718994140625
1788854818.8546426,2026-09-08T08:06:58.854642Z,8259,70,CTD,65535,255,1027.7215576171875
1788854819.0547817,2026-09-08T08:06:59.054781Z,8259,70,CTD,65535,255,1027.72119140625
1788854819.2546399,2026-09-08T08:06:59.254639Z,8259,70,CTD,65535,255,1027.720947265625
1788854819.4550383,2026-09-08T08:06:59.455038Z,8259,70,CTD,65535,255,1027.721435546875
1788854819.6545506,2026-09-08T08:06:59.654550Z,8259,70,CTD,65535,255,1027.7186279296875
1788854819.8544536,2026-09-08T08:06:59.854453Z,8259,70,CTD,65535,255,1027.7213134765625
1788854820.0547233,2026-09-08T08:07:00.054723Z,8259,70,CTD,65535,255,1027.7218017578125
1788854820.254675,2026-09-08T08:07:00.254674Z,8259,70,CTD,65535,255,1027.72021484375
1788854820.454346,2026-09-08T08:07:00.454345Z,8259,70,CTD,65535,255,1027.7197265625
1788854820.654208,2026-09-08T08:07:00.654207Z,8259,70,CTD,65535,255,1027.720703125
1788854820.8542747,2026-09-08T08:07:00.854274Z,8259,70,CTD,65535,255,1027.719482421875
1788854821.054583,2026-09-08T08:07:01.054583Z,8259,70,CTD,65535,255,1027.718994140625
1788854821.25407,2026-09-08T08:07:01.254070Z,8259,70,CTD,65535,255,1027.720947265625
1788854821.4547424,2026-09-08T08:07:01.454742Z,8259,70,CTD,65535,255,1027.719970703125
1788854821.6555533,2026-09-08T08:07:01.655553Z,8259,70,CTD,65535,255,1027.7213134765625
1788854821.8564038,2026-09-08T08:07:01.856403Z,8259,70,CTD,65535,255,1027.7178955078125
1788854822.057642,2026-09-08T08:07:02.057641Z,8259,70,CTD,65535,255,1027.719970703125
1788854822.2584198,2026-09-08T08:07:02.258419Z,8259,70,CTD,65535,255,1027.7193603515625
1788854822.4587312,2026-09-08T08:07:02.458731Z,8259,70,CTD,65535,255,1027.72265625
1788854822.6592317,2026-09-08T08:07:02.659231Z,8259,70,CTD,65535,255,1027.723876953125
1788854822.8598268,2026-09-08T08:07:02.859826Z,8259,70,CTD,65535,255,1027.7188720703125
1788854823.0607674,2026-09-08T08:07:03.060767Z,8259,70,CTD,65535,255,1027.71875
1788854823.2612343,2026-09-08T08:07:03.261234Z,8259,70,CTD,65535,255,1027.7230224609375
1788854823.4610536,2026-09-08T08:07:03.461053Z,8259,70,CTD,65535,255,1027.721435546875
1788854823.6613967,2026-09-08T08:07:03.661396Z,8259,70,CTD,65535,255,1027.717041015625
1788854823.8611825,2026-09-08T08:07:03.861182Z,8259,70,CTD,65535,255,1027.7200927734375
1788854824.0617385,2026-09-08T08:07:04.061738Z,8259,70,CTD,65535,255,1027.720947265625
1788854824.2614586,2026-09-08T08:07:04.261458Z,8259,70,CTD,65535,255,1027.7215576171875
1788854824.4612122,2026-09-08T08:07:04.461212Z,8259,70,CTD,65535,255,1027.7220458984375
1788854824.6610432,2026-09-08T08:07:04.661043Z,8259,70,CTD,65535,255,1027.719970703125
1788854824.8608658,2026-09-08T08:07:04.860865Z,8259,70,CTD,65535,255,1027.7210693359375
1788854825.0611198,2026-09-08T08:07:05.061119Z,8259,70,CTD,65535,255,1027.720703125
1788854825.2608685,2026-09-08T08:07:05.260868Z,8259,70,CTD,65535,255,1027.7198486328125
1788854825.4603987,2026-09-08T08:07:05.460398Z,8259,70,CTD,65535,255,1027.720458984375
1788854825.6601033,2026-09-08T08:07:05.660103Z,8259,70,CTD,65535,255,1027.71826171875
1788854825.859918,2026-09-08T08:07:05.859918Z,8259,70,CTD,65535,255,1027.71875
1788854826.0600657,2026-09-08T08:07:06.060065Z,8259,70,CTD,65535,255,1027.71435546875
1788854826.259518,2026-09-08T08:07:06.259517Z,8259,70,CTD,65535,255,1027.722900390625
1788854826.4593294,2026-09-08T08:07:06.459329Z,8259,70,CTD,65535,255,1027.7186279296875
1788854826.6591692,2026-09-08T08:07:06.659169Z,8259,70,CTD,65535,255,1027.7154541015625
1788854826.8592076,2026-09-08T08:07:06.859207Z,8259,70,CTD,65535,255,1027.71826171875
1788854827.0592687,2026-09-08T08:07:07.059268Z,8259,70,CTD,65535,255,1027.719482421875
1788854827.2589965,2026-09-08T08:07:07.258996Z,8259,70,CTD,65535,255,1027.71728515625
1788854827.4586158,2026-09-08T08:07:07.458615Z,8259,70,CTD,65535,255,1027.7176513671875
1788854827.6584704,2026-09-08T08:07:07.658470Z,8259,70,CTD,65535,255,1027.7174072265625
1788854827.8583863,2026-09-08T08:07:07.858386Z,8259,70,CTD,65535,255,1027.72021484375
1788854828.0585897,2026-09-08T08:07:08.058589Z,8259,70,CTD,65535,255,1027.71923828125
1788854828.2583082,2026-09-08T08:07:08.258308Z,8259,70,CTD,65535,255,1027.7186279296875
1788854828.458476,2026-09-08T08:07:08.458476Z,8259,70,CTD,65535,255,1027.7205810546875
1788854828.658124,2026-09-08T08:07:08.658123Z,8259,70,CTD,65535,255,1027.7174072265625
1788854828.858087,2026-09-08T08:07:08.858087Z,8259,70,CTD,65535,255,1027.719482421875
1788854829.058468,2026-09-08T08:07:09.058468Z,8259,70,CTD,65535,255,1027.7181396484375
1788854829.2583258,2026-09-08T08:07:09.258325Z,8259,70,CTD,65535,255,1027.7183837890625
1788854829.458047,2026-09-08T08:07:09.458046Z,8259,70,CTD,65535,255,1027.721435546875
1788854829.6580217,2026-09-08T08:07:09.658021Z,8259,70,CTD,65535,255,1027.720947265625
1788854829.8582578,2026-09-08T08:07:09.858257Z,8259,70,CTD,65535,255,1027.71826171875
1788854830.0583627,2026-09-08T08:07:10.058362Z,8259,70,CTD,65535,255,1027.7191162109375
1788854830.2583368,2026-09-08T08:07:10.258336Z,8259,70,CTD,65535,255,1027.7177734375
1788854830.458051,2026-09-08T08:07:10.458050Z,8259,70,CTD,65535,255,1027.720458984375
1788854830.658233,2026-09-08T08:07:10.658232Z,8259,70,CTD,65535,255,1027.7203369140625
1788854830.8579998,2026-09-08T08:07:10.857999Z,8259,70,CTD,65535,255,1027.7161865234375
1788854831.0583315,2026-09-08T08:07:11.058331Z,8259,70,CTD,65535,255,1027.71826171875
1788854831.258083,2026-09-08T08:07:11.258083Z,8259,70,CTD,65535,255,1027.719482421875
1788854831.4575038,2026-09-08T08:07:11.457503Z,8259,70,CTD,65535,255,1027.71875
1788854831.6563458,2026-09-08T08:07:11.656345Z,8259,70,CTD,65535,255,1027.7208251953125
1788854831.8556352,2026-09-08T08:07:11.855635Z,8259,70,CTD,65535,255,1027.720703125
1788854832.055785,2026-09-08T08:07:12.055784Z,8259,70,CTD,65535,255,1027.718994140625
1788854832.253619,2026-09-08T08:07:12.253618Z,8259,70,CTD,65535,255,1027.7191162109375
1788854832.4529407,2026-09-08T08:07:12.452940Z,8259,70,CTD,65535,255,1027.7205810546875
1788854832.652349,2026-09-08T08:07:12.652348Z,8259,70,CTD,65535,255,1027.718994140625
1788854832.851748,2026-09-08T08:07:12.851747Z,8259,70,CTD,65535,255,1027.71826171875
1788854833.0535054,2026-09-08T08:07:13.053505Z,8259,70,CTD,65535,255,1027.717529296875
1788854833.2506862,2026-09-08T08:07:13.250686Z,8259,70,CTD,65535,255,1027.72021484375
1788854833.4504547,2026-09-08T08:07:13.450454Z,8259,70,CTD,65535,255,1027.7193603515625
1788854833.6503632,2026-09-08T08:07:13.650363Z,8259,70,CTD,65535,255,1027.7205810546875
1788854833.8505244,2026-09-08T08:07:13.850524Z,8259,70,CTD,65535,255,1027.7178955078125
1788854834.0505426,2026-09-08T08:07:14.050542Z,8259,70,CTD,65535,255,1027.719482421875
1788854834.2501824,2026-09-08T08:07:14.250182Z,8259,70,CTD,65535,255,1027.71875
1788854834.4502592,2026-09-08T08:07:14.450259Z,8259,70,CTD,65535,255,1027.7188720703125
1788854834.6506433,2026-09-08T08:07:14.650643Z,8259,70,CTD,65535,255,1027.7198486328125
1788854834.8505998,2026-09-08T08:07:14.850599Z,8259,70,CTD,65535,255,1027.7218017578125
1788854835.0512543,2026-09-08T08:07:15.051254Z,8259,70,CTD,65535,255,1027.717529296875
1788854835.2512581,2026-09-08T08:07:15.251258Z,8259,70,CTD,65535,255,1027.7188720703125
1788854835.451157,2026-09-08T08:07:15.451157Z,8259,70,CTD,65535,255,1027.7178955078125
1788854835.6513705,2026-09-08T08:07:15.651370Z,8259,70,CTD,65535,255,1027.7188720703125
1788854835.8515038,2026-09-08T08:07:15.851503Z,8259,70,CTD,65535,255,1027.719970703125
1788854836.05202,2026-09-08T08:07:16.052020Z,8259,70,CTD,65535,255,1027.7171630859375
1788854836.252139,2026-09-08T08:07:16.252139Z,8259,70,CTD,65535,255,1027.71875
1788854836.4523067,2026-09-08T08:07:16.452306Z,8259,70,CTD,65535,255,1027.7181396484375
1788854836.6523745,2026-09-08T08:07:16.652374Z,8259,70,CTD,65535,255,1027.7186279296875
1788854836.8525577,2026-09-08T08:07:16.852557Z,8259,70,CTD,65535,255,1027.7222900390625
1788854837.0530956,2026-09-08T08:07:17.053095Z,8259,70,CTD,65535,255,1027.7177734375
1788854837.2530186,2026-09-08T08:07:17.253018Z,8259,70,CTD,65535,255,1027.7193603515625
1788854837.4533556,2026-09-08T08:07:17.453355Z,8259,70,CTD,65535,255,1027.718994140625
1788854837.653106,2026-09-08T08:07:17.653105Z,8259,70,CTD,65535,255,1027.71728515625
1788854837.8531456,2026-09-08T08:07:17.853145Z,8259,70,CTD,65535,255,1027.71728515625
1788854838.0535865,2026-09-08T08:07:18.053586Z,8259,70,CTD,65535,255,1027.72021484375
1788854838.2535205,2026-09-08T08:07:18.253520Z,8259,70,CTD,65535,255,1027.718017578125
1788854838.453568,2026-09-08T08:07:18.453567Z,8259,70,CTD,65535,255,1027.7197265625
1788854838.653759,2026-09-08T08:07:18.653759Z,8259,70,CTD,65535,255,1027.719970703125
1788854838.8539662,2026-09-08T08:07:18.853966Z,8259,70,CTD,65535,255,1027.719482421875
1788854839.054546,2026-09-08T08:07:19.054546Z,8259,70,CTD,65535,255,1027.7186279296875
1788854839.2544892,2026-09-08T08:07:19.254489Z,8259,70,CTD,65535,255,1027.7186279296875
1788854839.4550016,2026-09-08T08:07:19.455001Z,8259,70,CTD,65535,255,1027.7186279296875
1788854839.6549916,2026-09-08T08:07:19.654991Z,8259,70,CTD,65535,255,1027.7161865234375
1788854839.8552492,2026-09-08T08:07:19.855249Z,8259,70,CTD,65535,255,1027.7197265625
1788854840.0561802,2026-09-08T08:07:20.056180Z,8259,70,CTD,65535,255,1027.715576171875
1788854840.2558663,2026-09-08T08:07:20.255866Z,8259,70,CTD,65535,255,1027.7158203125
1788854840.4558244,2026-09-08T08:07:20.455824Z,8259,70,CTD,65535,255,1027.7171630859375
1788854840.6557388,2026-09-08T08:07:20.655738Z,8259,70,CTD,65535,255,1027.719970703125
1788854840.8556674,2026-09-08T08:07:20.855667Z,8259,70,CTD,65535,255,1027.718017578125
1788854841.0571363,2026-09-08T08:07:21.057136Z,8259,70,CTD,65535,255,1027.71728515625
1788854841.255935,2026-09-08T08:07:21.255934Z,8259,70,CTD,65535,255,1027.7174072265625
1788854841.4555058,2026-09-08T08:07:21.455505Z,8259,70,CTD,65535,255,1027.7178955078125
1788854841.6552312,2026-09-08T08:07:21.655231Z,8259,70,CTD,65535,255,1027.7181396484375
1788854841.8551333,2026-09-08T08:07:21.855133Z,8259,70,CTD,65535,255,1027.7181396484375
1788854842.0554411,2026-09-08T08:07:22.055441Z,8259,70,CTD,65535,255,1027.7213134765625
1788854842.255173,2026-09-08T08:07:22.255172Z,8259,70,CTD,65535,255,1027.7181396484375
1788854842.4547207,2026-09-08T08:07:22.454720Z,8259,70,CTD,65535,255,1027.718505859375
1788854842.6546025,2026-09-08T08:07:22.654602Z,8259,70,CTD,65535,255,1027.71923828125
1788854842.8544679,2026-09-08T08:07:22.854467Z,8259,70,CTD,65535,255,1027.7196044921875
1788854843.054876,2026-09-08T08:07:23.054876Z,8259,70,CTD,65535,255,1027.7178955078125
1788854843.254542,2026-09-08T08:07:23.254542Z,8259,70,CTD,65535,255,1027.7215576171875
1788854843.454241,2026-09-08T08:07:23.454241Z,8259,70,CTD,65535,255,1027.7203369140625
1788854843.6541455,2026-09-08T08:07:23.654145Z,8259,70,CTD,65535,255,1027.7198486328125
1788854843.8541033,2026-09-08T08:07:23.854103Z,8259,70,CTD,65535,255,1027.718017578125
1788854844.0550208,2026-09-08T08:07:24.055020Z,8259,70,CTD,65535,255,1027.721923828125
1788854844.254076,2026-09-08T08:07:24.254076Z,8259,70,CTD,65535,255,1027.720458984375
1788854844.454119,2026-09-08T08:07:24.454118Z,8259,70,CTD,65535,255,1027.7210693359375
1788854844.653979,2026-09-08T08:07:24.653979Z,8259,70,CTD,65535,255,1027.7205810546875
1788854844.8539255,2026-09-08T08:07:24.853925Z,8259,70,CTD,65535,255,1027.72216796875
1788854845.0542593,2026-09-08T08:07:25.054259Z,8259,70,CTD,65535,255,1027.718994140625
1788854845.254323,2026-09-08T08:07:25.254323Z,8259,70,CTD,65535,255,1027.7197265625
1788854845.4540007,2026-09-08T08:07:25.454000Z,8259,70,CTD,65535,255,1027.72265625
1788854845.6539075,2026-09-08T08:07:25.653907Z,8259,70,CTD,65535,255,1027.7193603515625
1788854845.853893,2026-09-08T08:07:25.853893Z,8259,70,CTD,65535,255,1027.7193603515625
1788854846.0543935,2026-09-08T08:07:26.054393Z,8259,70,CTD,65535,255,1027.7218017578125
1788854846.2539275,2026-09-08T08:07:26.253927Z,8259,70,CTD,65535,255,1027.72265625
1788854846.4541328,2026-09-08T08:07:26.454132Z,8259,70,CTD,65535,255,1027.7218017578125
1788854846.6538534,2026-09-08T08:07:26.653853Z,8259,70,CTD,65535,255,1027.723388671875
1788854846.8537865,2026-09-08T08:07:26.853786Z,8259,70,CTD,65535,255,1027.72314453125
1788854847.054098,2026-09-08T08:07:27.054097Z,8259,70,CTD,65535,255,1027.7215576171875
1788854847.2539039,2026-09-08T08:07:27.253903Z,8259,70,CTD,65535,255,1027.7196044921875
1788854847.453845,2026-09-08T08:07:27.453845Z,8259,70,CTD,65535,255,1027.7239990234375
1788854847.6538515,2026-09-08T08:07:27.653851Z,8259,70,CTD,65535,255,1027.7237548828125
1788854847.8540728,2026-09-08T08:07:27.854072Z,8259,70,CTD,65535,255,1027.72314453125
1788854848.0540617,2026-09-08T08:07:28.054061Z,8259,70,CTD,65535,255,1027.72265625
1788854848.2541468,2026-09-08T08:07:28.254146Z,8259,70,CTD,65535,255,1027.72021484375
1788854848.4538622,2026-09-08T08:07:28.453862Z,8259,70,CTD,65535,255,1027.720458984375
1788854848.653843,2026-09-08T08:07:28.653842Z,8259,70,CTD,65535,255,1027.7203369140625
1788854848.8541179,2026-09-08T08:07:28.854117Z,8259,70,CTD,65535,255,1027.7232666015625
1788854849.0541246,2026-09-08T08:07:29.054124Z,8259,70,CTD,65535,255,1027.72216796875
1788854849.2538993,2026-09-08T08:07:29.253899Z,8259,70,CTD,65535,255,1027.7236328125
1788854849.454116,2026-09-08T08:07:29.454116Z,8259,70,CTD,65535,255,1027.7255859375
1788854849.654201,2026-09-08T08:07:29.654201Z,8259,70,CTD,65535,255,1027.725830078125
1788854849.8547184,2026-09-08T08:07:29.854718Z,8259,70,CTD,65535,255,1027.722412109375
1788854850.0549853,2026-09-08T08:07:30.054985Z,8259,70,CTD,65535,255,1027.724365234375
1788854850.2548404,2026-09-08T08:07:30.254840Z,8259,70,CTD,65535,255,1027.7230224609375
1788854850.4551313,2026-09-08T08:07:30.455131Z,8259,70,CTD,65535,255,1027.72119140625
1788854850.654697,2026-09-08T08:07:30.654696Z,8259,70,CTD,65535,255,1027.7230224609375
1788854850.8548539,2026-09-08T08:07:30.854853Z,8259,70,CTD,65535,255,1027.7274169921875
1788854851.0547676,2026-09-08T08:07:31.054767Z,8259,70,CTD,65535,255,1027.725341796875
1788854851.2547448,2026-09-08T08:07:31.254744Z,8259,70,CTD,65535,255,1027.72607421875
1788854851.4544058,2026-09-08T08:07:31.454405Z,8259,70,CTD,65535,255,1027.72021484375
1788854851.6545038,2026-09-08T08:07:31.654503Z,8259,70,CTD,65535,255,1027.7244873046875
1788854851.8544335,2026-09-08T08:07:31.854433Z,8259,70,CTD,65535,255,1027.727294921875
1788854852.0543838,2026-09-08T08:07:32.054383Z,8259,70,CTD,65535,255,1027.724365234375
1788854852.2540224,2026-09-08T08:07:32.254022Z,8259,70,CTD,65535,255,1027.72314453125
1788854852.4545858,2026-09-08T08:07:32.454585Z,8259,70,CTD,65535,255,1027.72412109375
1788854852.6554394,2026-09-08T08:07:32.655439Z,8259,70,CTD,65535,255,1027.7269287109375
1788854852.8561692,2026-09-08T08:07:32.856169Z,8259,70,CTD,65535,255,1027.72607421875
1788854853.0573552,2026-09-08T08:07:33.057355Z,8259,70,CTD,65535,255,1027.726806640625
1788854853.2581909,2026-09-08T08:07:33.258190Z,8259,70,CTD,65535,255,1027.7242431640625
1788854853.458537,2026-09-08T08:07:33.458537Z,8259,70,CTD,65535,255,1027.723876953125
1788854853.6592917,2026-09-08T08:07:33.659291Z,8259,70,CTD,65535,255,1027.72607421875
1788854853.8595223,2026-09-08T08:07:33.859522Z,8259,70,CTD,65535,255,1027.7230224609375
1788854854.0604463,2026-09-08T08:07:34.060446Z,8259,70,CTD,65535,255,1027.722412109375
1788854854.2606819,2026-09-08T08:07:34.260681Z,8259,70,CTD,65535,255,1027.72412109375
1788854854.4610047,2026-09-08T08:07:34.461004Z,8259,70,CTD,65535,255,1027.7210693359375
1788854854.6612475,2026-09-08T08:07:34.661247Z,8259,70,CTD,65535,255,1027.724365234375
1788854854.861523,2026-09-08T08:07:34.861522Z,8259,70,CTD,65535,255,1027.72509765625
1788854855.062185,2026-09-08T08:07:35.062185Z,8259,70,CTD,65535,255,1027.724853515625
1788854855.2624474,2026-09-08T08:07:35.262447Z,8259,70,CTD,65535,255,1027.7227783203125
1788854855.4620833,2026-09-08T08:07:35.462083Z,8259,70,CTD,65535,255,1027.7244873046875
1788854855.662085,2026-09-08T08:07:35.662085Z,8259,70,CTD,65535,255,1027.7244873046875
1788854855.8615913,2026-09-08T08:07:35.861591Z,8259,70,CTD,65535,255,1027.722900390625
1788854856.0616398,2026-09-08T08:07:36.061639Z,8259,70,CTD,65535,255,1027.7257080078125
1788854856.261205,2026-09-08T08:07:36.261204Z,8259,70,CTD,65535,255,1027.72216796875
1788854856.4608653,2026-09-08T08:07:36.460865Z,8259,70,CTD,65535,255,1027.724609375
1788854856.6608496,2026-09-08T08:07:36.660849Z,8259,70,CTD,65535,255,1027.724609375
1788854856.860236,2026-09-08T08:07:36.860235Z,8259,70,CTD,65535,255,1027.7261962890625
1788854857.0604198,2026-09-08T08:07:37.060419Z,8259,70,CTD,65535,255,1027.725341796875
1788854857.2597084,2026-09-08T08:07:37.259708Z,8259,70,CTD,65535,255,1027.7261962890625
1788854857.4594126,2026-09-08T08:07:37.459412Z,8259,70,CTD,65535,255,1027.72607421875
1788854857.6594734,2026-09-08T08:07:37.659473Z,8259,70,CTD,65535,255,1027.7216796875
1788854857.8589997,2026-09-08T08:07:37.858999Z,8259,70,CTD,65535,255,1027.722900390625
1788854858.0591402,2026-09-08T08:07:38.059140Z,8259,70,CTD,65535,255,1027.7242431640625
1788854858.2585857,2026-09-08T08:07:38.258585Z,8259,70,CTD,65535,255,1027.7261962890625
1788854858.4584305,2026-09-08T08:07:38.458430Z,8259,70,CTD,65535,255,1027.7257080078125
1788854858.65831,2026-09-08T08:07:38.658309Z,8259,70,CTD,65535,255,1027.7230224609375
1788854858.8582256,2026-09-08T08:07:38.858225Z,8259,70,CTD,65535,255,1027.7225341796875
1788854859.0584629,2026-09-08T08:07:39.058462Z,8259,70,CTD,65535,255,1027.72265625
1788854859.2580543,2026-09-08T08:07:39.258054Z,8259,70,CTD,65535,255,1027.7222900390625
1788854859.45762,2026-09-08T08:07:39.457619Z,8259,70,CTD,65535,255,1027.7239990234375
1788854859.6564002,2026-09-08T08:07:39.656400Z,8259,70,CTD,65535,255,1027.7236328125
1788854859.855399,2026-09-08T08:07:39.855398Z,8259,70,CTD,65535,255,1027.7261962890625
1788854860.0549037,2026-09-08T08:07:40.054903Z,8259,70,CTD,65535,255,1027.72802734375
1788854860.2538774,2026-09-08T08:07:40.253877Z,8259,70,CTD,65535,255,1027.726318359375
1788854860.4529538,2026-09-08T08:07:40.452953Z,8259,70,CTD,65535,255,1027.7244873046875
1788854860.6523738,2026-09-08T08:07:40.652373Z,8259,70,CTD,65535,255,1027.724853515625
1788854860.8518114,2026-09-08T08:07:40.851811Z,8259,70,CTD,65535,255,1027.7230224609375
1788854861.0517619,2026-09-08T08:07:41.051761Z,8259,70,CTD,65535,255,1027.7265625
1788854861.2508225,2026-09-08T08:07:41.250822Z,8259,70,CTD,65535,255,1027.7225341796875
1788854861.4506004,2026-09-08T08:07:41.450600Z,8259,70,CTD,65535,255,1027.723388671875
1788854861.650487,2026-09-08T08:07:41.650486Z,8259,70,CTD,65535,255,1027.7220458984375
1788854861.8504505,2026-09-08T08:07:41.850450Z,8259,70,CTD,65535,255,1027.724853515625
1788854862.0508525,2026-09-08T08:07:42.050852Z,8259,70,CTD,65535,255,1027.7225341796875
1788854862.2505226,2026-09-08T08:07:42.250522Z,8259,70,CTD,65535,255,1027.722900390625
1788854862.4505587,2026-09-08T08:07:42.450558Z,8259,70,CTD,65535,255,1027.7225341796875
1788854862.6506276,2026-09-08T08:07:42.650627Z,8259,70,CTD,65535,255,1027.723388671875
1788854862.8507483,2026-09-08T08:07:42.850748Z,8259,70,CTD,65535,255,1027.723876953125
1788854863.0512464,2026-09-08T08:07:43.051246Z,8259,70,CTD,65535,255,1027.724853515625
1788854863.2511778,2026-09-08T08:07:43.251177Z,8259,70,CTD,65535,255,1027.725830078125
1788854863.451382,2026-09-08T08:07:43.451381Z,8259,70,CTD,65535,255,1027.7222900390625
1788854863.6515749,2026-09-08T08:07:43.651574Z,8259,70,CTD,65535,255,1027.7255859375
1788854863.851794,2026-09-08T08:07:43.851794Z,8259,70,CTD,65535,255,1027.7196044921875
1788854864.0524936,2026-09-08T08:07:44.052493Z,8259,70,CTD,65535,255,1027.7237548828125
1788854864.2524483,2026-09-08T08:07:44.252448Z,8259,70,CTD,65535,255,1027.727294921875
1788854864.4525566,2026-09-08T08:07:44.452556Z,8259,70,CTD,65535,255,1027.7252197265625
1788854864.6526978,2026-09-08T08:07:44.652697Z,8259,70,CTD,65535,255,1027.7218017578125
1788854864.852839,2026-09-08T08:07:44.852838Z,8259,70,CTD,65535,255,1027.7230224609375
1788854865.0532274,2026-09-08T08:07:45.053227Z,8259,70,CTD,65535,255,1027.7208251953125
1788854865.2534049,2026-09-08T08:07:45.253404Z,8259,70,CTD,65535,255,1027.7274169921875
1788854865.453333,2026-09-08T08:07:45.453332Z,8259,70,CTD,65535,255,1027.7237548828125
1788854865.6535358,2026-09-08T08:07:45.653535Z,8259,70,CTD,65535,255,1027.721923828125
1788854865.8534164,2026-09-08T08:07:45.853416Z,8259,70,CTD,65535,255,1027.7261962890625
1788854866.0540254,2026-09-08T08:07:46.054025Z,8259,70,CTD,65535,255,1027.72314453125
1788854866.254,2026-09-08T08:07:46.253999Z,8259,70,CTD,65535,255,1027.724365234375
1788854866.4536622,2026-09-08T08:07:46.453662Z,8259,70,CTD,65535,255,1027.7222900390625
1788854866.6538913,2026-09-08T08:07:46.653891Z,8259,70,CTD,65535,255,1027.7236328125
1788854866.8536596,2026-09-08T08:07:46.853659Z,8259,70,CTD,65535,255,1027.7198486328125
1788854867.054021,2026-09-08T08:07:47.054020Z,8259,70,CTD,65535,255,1027.719970703125
1788854867.253999,2026-09-08T08:07:47.253998Z,8259,70,CTD,65535,255,1027.72216796875
1788854867.4537852,2026-09-08T08:07:47.453785Z,8259,70,CTD,65535,255,1027.722412109375
1788854867.6539583,2026-09-08T08:07:47.653958Z,8259,70,CTD,65535,255,1027.7200927734375
1788854867.8536625,2026-09-08T08:07:47.853662Z,8259,70,CTD,65535,255,1027.721923828125
1788854868.0541177,2026-09-08T08:07:48.054117Z,8259,70,CTD,65535,255,1027.717041015625
1788854868.2539525,2026-09-08T08:07:48.253952Z,8259,70,CTD,65535,255,1027.7232666015625
1788854868.453619,2026-09-08T08:07:48.453619Z,8259,70,CTD,65535,255,1027.7218017578125
1788854868.6538093,2026-09-08T08:07:48.653809Z,8259,70,CTD,65535,255,1027.7196044921875
1788854868.8535395,2026-09-08T08:07:48.853539Z,8259,70,CTD,65535,255,1027.7213134765625
1788854869.0539894,2026-09-08T08:07:49.053989Z,8259,70,CTD,65535,255,1027.7213134765625
1788854869.2536805,2026-09-08T08:07:49.253680Z,8259,70,CTD,65535,255,1027.718994140625
1788854869.4537787,2026-09-08T08:07:49.453778Z,8259,70,CTD,65535,255,1027.7197265625
1788854869.653485,2026-09-08T08:07:49.653485Z,8259,70,CTD,65535,255,1027.7191162109375
1788854869.8534527,2026-09-08T08:07:49.853452Z,8259,70,CTD,65535,255,1027.7203369140625
1788854870.053939,2026-09-08T08:07:50.053939Z,8259,70,CTD,65535,255,1027.7188720703125
1788854870.2535114,2026-09-08T08:07:50.253511Z,8259,70,CTD,65535,255,1027.7186279296875
1788854870.4536765,2026-09-08T08:07:50.453676Z,8259,70,CTD,65535,255,1027.717041015625
1788854870.6539564,2026-09-08T08:07:50.653956Z,8259,70,CTD,65535,255,1027.71875
1788854870.8543105,2026-09-08T08:07:50.854310Z,8259,70,CTD,65535,255,1027.72021484375
1788854871.054998,2026-09-08T08:07:51.054997Z,8259,70,CTD,65535,255,1027.721923828125
1788854871.2552478,2026-09-08T08:07:51.255247Z,8259,70,CTD,65535,255,1027.717041015625
1788854871.4553294,2026-09-08T08:07:51.455329Z,8259,70,CTD,65535,255,1027.7176513671875
1788854871.6552753,2026-09-08T08:07:51.655275Z,8259,70,CTD,65535,255,1027.716796875
1788854871.8549843,2026-09-08T08:07:51.854984Z,8259,70,CTD,65535,255,1027.718017578125
1788854872.0553677,2026-09-08T08:07:52.055367Z,8259,70,CTD,65535,255,1027.7193603515625
1788854872.2550282,2026-09-08T08:07:52.255028Z,8259,70,CTD,65535,255,1027.71875
1788854872.4550803,2026-09-08T08:07:52.455080Z,8259,70,CTD,65535,255,1027.720703125
1788854872.6551504,2026-09-08T08:07:52.655150Z,8259,70,CTD,65535,255,1027.718994140625
1788854872.8552768,2026-09-08T08:07:52.855276Z,8259,70,CTD,65535,255,1027.7166748046875
1788854873.0558403,2026-09-08T08:07:53.055840Z,8259,70,CTD,65535,255,1027.71826171875
1788854873.2555687,2026-09-08T08:07:53.255568Z,8259,70,CTD,65535,255,1027.7188720703125
1788854873.4555628,2026-09-08T08:07:53.455562Z,8259,70,CTD,65535,255,1027.7178955078125
1788854873.6555862,2026-09-08T08:07:53.655586Z,8259,70,CTD,65535,255,1027.717529296875
1788854873.8555791,2026-09-08T08:07:53.855579Z,8259,70,CTD,65535,255,1027.718994140625
1788854874.056399,2026-09-08T08:07:54.056399Z,8259,70,CTD,65535,255,1027.720458984375
1788854874.256025,2026-09-08T08:07:54.256025Z,8259,70,CTD,65535,255,1027.7158203125
1788854874.455874,2026-09-08T08:07:54.455873Z,8259,70,CTD,65535,255,1027.719482421875
1788854874.6559937,2026-09-08T08:07:54.655993Z,8259,70,CTD,65535,255,1027.716796875
1788854874.8562005,2026-09-08T08:07:54.856200Z,8259,70,CTD,65535,255,1027.721435546875
1788854875.0568457,2026-09-08T08:07:55.056845Z,8259,70,CTD,65535,255,1027.72021484375
1788854875.2566297,2026-09-08T08:07:55.256629Z,8259,70,CTD,65535,255,1027.71630859375
1788854875.4565678,2026-09-08T08:07:55.456567Z,8259,70,CTD,65535,255,1027.7198486328125
1788854875.6564891,2026-09-08T08:07:55.656489Z,8259,70,CTD,65535,255,1027.7178955078125
1788854875.8566828,2026-09-08T08:07:55.856682Z,8259,70,CTD,65535,255,1027.718994140625
1788854876.0568569,2026-09-08T08:07:56.056856Z,8259,70,CTD,65535,255,1027.718505859375
1788854876.256572,2026-09-08T08:07:56.256572Z,8259,70,CTD,65535,255,1027.7183837890625
1788854876.4561923,2026-09-08T08:07:56.456192Z,8259,70,CTD,65535,255,1027.7188720703125
1788854876.6560342,2026-09-08T08:07:56.656034Z,8259,70,CTD,65535,255,1027.7164306640625
1788854876.8559508,2026-09-08T08:07:56.855950Z,8259,70,CTD,65535,255,1027.7197265625
1788854877.0561914,2026-09-08T08:07:57.056191Z,8259,70,CTD,65535,255,1027.720947265625
1788854877.255816,2026-09-08T08:07:57.255815Z,8259,70,CTD,65535,255,1027.7159423828125
1788854877.4556704,2026-09-08T08:07:57.455670Z,8259,70,CTD,65535,255,1027.719970703125
1788854877.6555681,2026-09-08T08:07:57.655568Z,8259,70,CTD,65535,255,1027.7174072265625
1788854877.8554504,2026-09-08T08:07:57.855450Z,8259,70,CTD,65535,255,1027.7174072265625
1788854878.0557888,2026-09-08T08:07:58.055788Z,8259,70,CTD,65535,255,1027.7215576171875
1788854878.2556162,2026-09-08T08:07:58.255616Z,8259,70,CTD,65535,255,1027.7183837890625
1788854878.4553106,2026-09-08T08:07:58.455310Z,8259,70,CTD,65535,255,1027.717529296875
1788854878.6554809,2026-09-08T08:07:58.655480Z,8259,70,CTD,65535,255,1027.7164306640625
1788854878.855157,2026-09-08T08:07:58.855156Z,8259,70,CTD,65535,255,1027.717529296875
1788854879.055575,2026-09-08T08:07:59.055574Z,8259,70,CTD,65535,255,1027.717041015625
1788854879.2551749,2026-09-08T08:07:59.255174Z,8259,70,CTD,65535,255,1027.71875
1788854879.4552739,2026-09-08T08:07:59.455273Z,8259,70,CTD,65535,255,1027.717529296875
1788854879.6548111,2026-09-08T08:07:59.654811Z,8259,70,CTD,65535,255,1027.71728515625
1788854879.8545487,2026-09-08T08:07:59.854548Z,8259,70,CTD,65535,255,1027.7176513671875
1788854880.0545585,2026-09-08T08:08:00.054558Z,8259,70,CTD,65535,255,1027.7193603515625
1788854880.2544053,2026-09-08T08:08:00.254405Z,8259,70,CTD,65535,255,1027.7174072265625
1788854880.4539719,2026-09-08T08:08:00.453971Z,8259,70,CTD,65535,255,1027.71630859375
1788854880.6538017,2026-09-08T08:08:00.653801Z,8259,70,CTD,65535,255,1027.71826171875
1788854880.853692,2026-09-08T08:08:00.853692Z,8259,70,CTD,65535,255,1027.7174072265625
1788854881.0538664,2026-09-08T08:08:01.053866Z,8259,70,CTD,65535,255,1027.7183837890625
1788854881.2535522,2026-09-08T08:08:01.253552Z,8259,70,CTD,65535,255,1027.716796875
1788854881.453532,2026-09-08T08:08:01.453531Z,8259,70,CTD,65535,255,1027.7225341796875
1788854881.6533859,2026-09-08T08:08:01.653385Z,8259,70,CTD,65535,255,1027.7174072265625
1788854881.8534417,2026-09-08T08:08:01.853441Z,8259,70,CTD,65535,255,1027.718017578125
1788854882.053755,2026-09-08T08:08:02.053755Z,8259,70,CTD,65535,255,1027.71630859375
1788854882.25342,2026-09-08T08:08:02.253420Z,8259,70,CTD,65535,255,1027.716064453125
1788854882.4535034,2026-09-08T08:08:02.453503Z,8259,70,CTD,65535,255,1027.718994140625
1788854882.6534045,2026-09-08T08:08:02.653404Z,8259,70,CTD,65535,255,1027.72021484375
1788854882.8534675,2026-09-08T08:08:02.853467Z,8259,70,CTD,65535,255,1027.71630859375
1788854883.05399,2026-09-08T08:08:03.053989Z,8259,70,CTD,65535,255,1027.7186279296875
1788854883.2536442,2026-09-08T08:08:03.253644Z,8259,70,CTD,65535,255,1027.720458984375
1788854883.4538279,2026-09-08T08:08:03.453827Z,8259,70,CTD,65535,255,1027.718505859375
1788854883.6536767,2026-09-08T08:08:03.653676Z,8259,70,CTD,65535,255,1027.716552734375
1788854883.85394,2026-09-08T08:08:03.853940Z,8259,70,CTD,65535,255,1027.718994140625
1788854884.0540676,2026-09-08T08:08:04.054067Z,8259,70,CTD,65535,255,1027.7183837890625
1788854884.2540855,2026-09-08T08:08:04.254085Z,8259,70,CTD,65535,255,1027.7196044921875
1788854884.4538813,2026-09-08T08:08:04.453881Z,8259,70,CTD,65535,255,1027.7177734375
1788854884.6538453,2026-09-08T08:08:04.653845Z,8259,70,CTD,65535,255,1027.7174072265625
1788854884.853847,2026-09-08T08:08:04.853847Z,8259,70,CTD,65535,255,1027.722412109375
1788854885.0542305,2026-09-08T08:08:05.054230Z,8259,70,CTD,65535,255,1027.718017578125
1788854885.2539375,2026-09-08T08:08:05.253937Z,8259,70,CTD,65535,255,1027.7193603515625
1788854885.4542058,2026-09-08T08:08:05.454205Z,8259,70,CTD,65535,255,1027.71728515625
1788854885.653933,2026-09-08T08:08:05.653933Z,8259,70,CTD,65535,255,1027.7196044921875
1788854885.8538647,2026-09-08T08:08:05.853864Z,8259,70,CTD,65535,255,1027.7181396484375
1788854886.054592,2026-09-08T08:08:06.054591Z,8259,70,CTD,65535,255,1027.7225341796875
1788854886.254025,2026-09-08T08:08:06.254024Z,8259,70,CTD,65535,255,1027.7188720703125
1788854886.4539564,2026-09-08T08:08:06.453956Z,8259,70,CTD,65535,255,1027.7181396484375
1788854886.6539152,2026-09-08T08:08:06.653915Z,8259,70,CTD,65535,255,1027.7171630859375
1788854886.8539383,2026-09-08T08:08:06.853938Z,8259,70,CTD,65535,255,1027.7171630859375
1788854887.0542333,2026-09-08T08:08:07.054233Z,8259,70,CTD,65535,255,1027.7181396484375
1788854887.2540123,2026-09-08T08:08:07.254012Z,8259,70,CTD,65535,255,1027.71923828125
1788854887.4542444,2026-09-08T08:08:07.454244Z,8259,70,CTD,65535,255,1027.7197265625
1788854887.6540651,2026-09-08T08:08:07.654065Z,8259,70,CTD,65535,255,1027.7169189453125
1788854887.853981,2026-09-08T08:08:07.853981Z,8259,70,CTD,65535,255,1027.718505859375
1788854888.054376,2026-09-08T08:08:08.054375Z,8259,70,CTD,65535,255,1027.715087890625
1788854888.2542982,2026-09-08T08:08:08.254298Z,8259,70,CTD,65535,255,1027.7198486328125
1788854888.4543989,2026-09-08T08:08:08.454398Z,8259,70,CTD,65535,255,1027.7152099609375
1788854888.6542995,2026-09-08T08:08:08.654299Z,8259,70,CTD,65535,255,1027.71923828125
1788854888.8544667,2026-09-08T08:08:08.854466Z,8259,70,CTD,65535,255,1027.7196044921875
1788854889.0550652,2026-09-08T08:08:09.055065Z,8259,70,CTD,65535,255,1027.71630859375
1788854889.2552154,2026-09-08T08:08:09.255215Z,8259,70,CTD,65535,255,1027.71826171875
1788854889.4549532,2026-09-08T08:08:09.454953Z,8259,70,CTD,65535,255,1027.7176513671875
1788854889.6548007,2026-09-08T08:08:09.654800Z,8259,70,CTD,65535,255,1027.7152099609375
1788854889.8546977,2026-09-08T08:08:09.854697Z,8259,70,CTD,65535,255,1027.7166748046875
1788854890.0549212,2026-09-08T08:08:10.054921Z,8259,70,CTD,65535,255,1027.718994140625
1788854890.2545614,2026-09-08T08:08:10.254561Z,8259,70,CTD,65535,255,1027.7164306640625
1788854890.4544675,2026-09-08T08:08:10.454467Z,8259,70,CTD,65535,255,1027.7178955078125
1788854890.654631,2026-09-08T08:08:10.654630Z,8259,70,CTD,65535,255,1027.7171630859375
1788854890.8542633,2026-09-08T08:08:10.854263Z,8259,70,CTD,65535,255,1027.7178955078125
1788854891.0545793,2026-09-08T08:08:11.054579Z,8259,70,CTD,65535,255,1027.716552734375
1788854891.2543612,2026-09-08T08:08:11.254361Z,8259,70,CTD,65535,255,1027.7156982421875
1788854891.4539516,2026-09-08T08:08:11.453951Z,8259,70,CTD,65535,255,1027.7200927734375
1788854891.6538985,2026-09-08T08:08:11.653898Z,8259,70,CTD,65535,255,1027.718017578125
1788854891.854075,2026-09-08T08:08:11.854074Z,8259,70,CTD,65535,255,1027.7158203125
1788854892.054331,2026-09-08T08:08:12.054331Z,8259,70,CTD,65535,255,1027.7176513671875
1788854892.2537694,2026-09-08T08:08:12.253769Z,8259,70,CTD,65535,255,1027.718017578125
1788854892.4540725,2026-09-08T08:08:12.454072Z,8259,70,CTD,65535,255,1027.7166748046875
1788854892.6537833,2026-09-08T08:08:12.653783Z,8259,70,CTD,65535,255,1027.7174072265625
1788854892.8536525,2026-09-08T08:08:12.853652Z,8259,70,CTD,65535,255,1027.7210693359375
1788854893.0541904,2026-09-08T08:08:13.054190Z,8259,70,CTD,65535,255,1027.7161865234375
1788854893.2537897,2026-09-08T08:08:13.253789Z,8259,70,CTD,65535,255,1027.7176513671875
1788854893.4540389,2026-09-08T08:08:13.454038Z,8259,70,CTD,65535,255,1027.7183837890625
1788854893.6540012,2026-09-08T08:08:13.654001Z,8259,70,CTD,65535,255,1027.71630859375
1788854893.8542058,2026-09-08T08:08:13.854205Z,8259,70,CTD,65535,255,1027.715576171875
1788854894.0547085,2026-09-08T08:08:14.054708Z,8259,70,CTD,65535,255,1027.7174072265625
1788854894.254808,2026-09-08T08:08:14.254807Z,8259,70,CTD,65535,255,1027.7197265625
1788854894.4548483,2026-09-08T08:08:14.454848Z,8259,70,CTD,65535,255,1027.715576171875
1788854894.6544962,2026-09-08T08:08:14.654496Z,8259,70,CTD,65535,255,1027.714111328125
1788854894.8544407,2026-09-08T08:08:14.854440Z,8259,70,CTD,65535,255,1027.717041015625
1788854895.0548775,2026-09-08T08:08:15.054877Z,8259,70,CTD,65535,255,1027.71826171875
1788854895.2546237,2026-09-08T08:08:15.254623Z,8259,70,CTD,65535,255,1027.7159423828125
1788854895.454234,2026-09-08T08:08:15.454233Z,8259,70,CTD,65535,255,1027.7174072265625
1788854895.6541388,2026-09-08T08:08:15.654138Z,8259,70,CTD,65535,255,1027.717529296875
1788854895.8540237,2026-09-08T08:08:15.854023Z,8259,70,CTD,65535,255,1027.718017578125
1788854896.0543637,2026-09-08T08:08:16.054363Z,8259,70,CTD,65535,255,1027.7144775390625
1788854896.2541494,2026-09-08T08:08:16.254149Z,8259,70,CTD,65535,255,1027.7156982421875
1788854896.45382,2026-09-08T08:08:16.453819Z,8259,70,CTD,65535,255,1027.7159423828125
1788854896.6537547,2026-09-08T08:08:16.653754Z,8259,70,CTD,65535,255,1027.7169189453125
1788854896.8536777,2026-09-08T08:08:16.853677Z,8259,70,CTD,65535,255,1027.7158203125
1788854897.0540142,2026-09-08T08:08:17.054014Z,8259,70,CTD,65535,255,1027.716064453125
1788854897.2536824,2026-09-08T08:08:17.253682Z,8259,70,CTD,65535,255,1027.7174072265625
1788854897.4536853,2026-09-08T08:08:17.453685Z,8259,70,CTD,65535,255,1027.71533203125
1788854897.6535857,2026-09-08T08:08:17.653585Z,8259,70,CTD,65535,255,1027.7181396484375
1788854897.8537617,2026-09-08T08:08:17.853761Z,8259,70,CTD,65535,255,1027.71728515625
1788854898.0538669,2026-09-08T08:08:18.053866Z,8259,70,CTD,65535,255,1027.7158203125
1788854898.2535536,2026-09-08T08:08:18.253553Z,8259,70,CTD,65535,255,1027.71240234375
1788854898.4535375,2026-09-08T08:08:18.453537Z,8259,70,CTD,65535,255,1027.7149658203125
1788854898.653529,2026-09-08T08:08:18.653528Z,8259,70,CTD,65535,255,1027.7147216796875
1788854898.8535388,2026-09-08T08:08:18.853538Z,8259,70,CTD,65535,255,1027.71630859375
1788854899.0540848,2026-09-08T08:08:19.054084Z,8259,70,CTD,65535,255,1027.7171630859375
1788854899.2537234,2026-09-08T08:08:19.253723Z,8259,70,CTD,65535,255,1027.7152099609375
1788854899.4536347,2026-09-08T08:08:19.453634Z,8259,70,CTD,65535,255,1027.716796875
1788854899.653566,2026-09-08T08:08:19.653565Z,8259,70,CTD,65535,255,1027.71630859375
1788854899.8535576,2026-09-08T08:08:19.853557Z,8259,70,CTD,65535,255,1027.7139892578125
1788854900.0538855,2026-09-08T08:08:20.053885Z,8259,70,CTD,65535,255,1027.7183837890625
1788854900.2538903,2026-09-08T08:08:20.253890Z,8259,70,CTD,65535,255,1027.7149658203125
1788854900.4537601,2026-09-08T08:08:20.453760Z,8259,70,CTD,65535,255,1027.7174072265625
1788854900.653684,2026-09-08T08:08:20.653683Z,8259,70,CTD,65535,255,1027.7178955078125
1788854900.8535738,2026-09-08T08:08:20.853573Z,8259,70,CTD,65535,255,1027.7171630859375
1788854901.0539877,2026-09-08T08:08:21.053987Z,8259,70,CTD,65535,255,1027.7156982421875
1788854901.2538805,2026-09-08T08:08:21.253880Z,8259,70,CTD,65535,255,1027.7152099609375
1788854901.4534843,2026-09-08T08:08:21.453484Z,8259,70,CTD,65535,255,1027.7159423828125
1788854901.653364,2026-09-08T08:08:21.653363Z,8259,70,CTD,65535,255,1027.7164306640625
1788854901.8528318,2026-09-08T08:08:21.852831Z,8259,70,CTD,65535,255,1027.716064453125
1788854902.0528646,2026-09-08T08:08:22.052864Z,8259,70,CTD,65535,255,1027.713623046875
1788854902.252195,2026-09-08T08:08:22.252194Z,8259,70,CTD,65535,255,1027.7149658203125
1788854902.451875,2026-09-08T08:08:22.451874Z,8259,70,CTD,65535,255,1027.7147216796875
1788854902.6517239,2026-09-08T08:08:22.651723Z,8259,70,CTD,65535,255,1027.7115478515625
1788854902.8515444,2026-09-08T08:08:22.851544Z,8259,70,CTD,65535,255,1027.7149658203125
1788854903.0516694,2026-09-08T08:08:23.051669Z,8259,70,CTD,65535,255,1027.7139892578125
1788854903.2512257,2026-09-08T08:08:23.251225Z,8259,70,CTD,65535,255,1027.7149658203125
1788854903.451135,2026-09-08T08:08:23.451134Z,8259,70,CTD,65535,255,1027.716064453125
1788854903.6510642,2026-09-08T08:08:23.651064Z,8259,70,CTD,65535,255,1027.71630859375
1788854903.8510785,2026-09-08T08:08:23.851078Z,8259,70,CTD,65535,255,1027.716796875
1788854904.0517573,2026-09-08T08:08:24.051757Z,8259,70,CTD,65535,255,1027.7158203125
1788854904.2511163,2026-09-08T08:08:24.251116Z,8259,70,CTD,65535,255,1027.7164306640625
1788854904.4509451,2026-09-08T08:08:24.450945Z,8259,70,CTD,65535,255,1027.7130126953125
1788854904.651035,2026-09-08T08:08:24.651035Z,8259,70,CTD,65535,255,1027.716796875
1788854904.8510196,2026-09-08T08:08:24.851019Z,8259,70,CTD,65535,255,1027.7161865234375
1788854905.051356,2026-09-08T08:08:25.051356Z,8259,70,CTD,65535,255,1027.717041015625
1788854905.2515152,2026-09-08T08:08:25.251515Z,8259,70,CTD,65535,255,1027.7181396484375
1788854905.451259,2026-09-08T08:08:25.451258Z,8259,70,CTD,65535,255,1027.7142333984375
1788854905.6513085,2026-09-08T08:08:25.651308Z,8259,70,CTD,65535,255,1027.7161865234375
1788854905.8513787,2026-09-08T08:08:25.851378Z,8259,70,CTD,65535,255,1027.72119140625
1788854906.0519788,2026-09-08T08:08:26.051978Z,8259,70,CTD,65535,255,1027.7138671875
1788854906.2515512,2026-09-08T08:08:26.251551Z,8259,70,CTD,65535,255,1027.7130126953125
1788854906.4518616,2026-09-08T08:08:26.451861Z,8259,70,CTD,65535,255,1027.715087890625
1788854906.6516411,2026-09-08T08:08:26.651641Z,8259,70,CTD,65535,255,1027.714111328125
1788854906.8519745,2026-09-08T08:08:26.851974Z,8259,70,CTD,65535,255,1027.7138671875
1788854907.0520546,2026-09-08T08:08:27.052054Z,8259,70,CTD,65535,255,1027.71435546875
1788854907.251886,2026-09-08T08:08:27.251885Z,8259,70,CTD,65535,255,1027.7161865234375
1788854907.4521844,2026-09-08T08:08:27.452184Z,8259,70,CTD,65535,255,1027.71484375
1788854907.652648,2026-09-08T08:08:27.652647Z,8259,70,CTD,65535,255,1027.7120361328125
1788854907.8528514,2026-09-08T08:08:27.852851Z,8259,70,CTD,65535,255,1027.71435546875
1788854908.053488,2026-09-08T08:08:28.053488Z,8259,70,CTD,65535,255,1027.7152099609375
1788854908.2535608,2026-09-08T08:08:28.253560Z,8259,70,CTD,65535,255,1027.7169189453125
1788854908.4538713,2026-09-08T08:08:28.453871Z,8259,70,CTD,65535,255,1027.713134765625
1788854908.6542683,2026-09-08T08:08:28.654268Z,8259,70,CTD,65535,255,1027.7130126953125
1788854908.8548577,2026-09-08T08:08:28.854857Z,8259,70,CTD,65535,255,1027.715087890625
1788854909.0553606,2026-09-08T08:08:29.055360Z,8259,70,CTD,65535,255,1027.7161865234375
1788854909.25533,2026-09-08T08:08:29.255330Z,8259,70,CTD,65535,255,1027.713623046875
1788854909.4554484,2026-09-08T08:08:29.455448Z,8259,70,CTD,65535,255,1027.7115478515625
1788854909.6554592,2026-09-08T08:08:29.655459Z,8259,70,CTD,65535,255,1027.71435546875
1788854909.8553083,2026-09-08T08:08:29.855308Z,8259,70,CTD,65535,255,1027.713134765625
1788854910.055567,2026-09-08T08:08:30.055567Z,8259,70,CTD,65535,255,1027.7139892578125
1788854910.2554786,2026-09-08T08:08:30.255478Z,8259,70,CTD,65535,255,1027.7144775390625
1788854910.4552176,2026-09-08T08:08:30.455217Z,8259,70,CTD,65535,255,1027.714111328125
1788854910.6551557,2026-09-08T08:08:30.655155Z,8259,70,CTD,65535,255,1027.711669921875
1788854910.8547485,2026-09-08T08:08:30.854748Z,8259,70,CTD,65535,255,1027.7109375
1788854911.0550537,2026-09-08T08:08:31.055053Z,8259,70,CTD,65535,255,1027.714599609375
1788854911.2544603,2026-09-08T08:08:31.254460Z,8259,70,CTD,65535,255,1027.7147216796875
1788854911.4541957,2026-09-08T08:08:31.454195Z,8259,70,CTD,65535,255,1027.713134765625
1788854911.6538742,2026-09-08T08:08:31.653874Z,8259,70,CTD,65535,255,1027.712890625
1788854911.8537667,2026-09-08T08:08:31.853766Z,8259,70,CTD,65535,255,1027.71337890625
1788854912.0536206,2026-09-08T08:08:32.053620Z,8259,70,CTD,65535,255,1027.713134765625
1788854912.253199,2026-09-08T08:08:32.253199Z,8259,70,CTD,65535,255,1027.714599609375
1788854912.452721,2026-09-08T08:08:32.452721Z,8259,70,CTD,65535,255,1027.7125244140625
1788854912.6527095,2026-09-08T08:08:32.652709Z,8259,70,CTD,65535,255,1027.711181640625
1788854912.8527124,2026-09-08T08:08:32.852712Z,8259,70,CTD,65535,255,1027.71337890625
1788854913.0531013,2026-09-08T08:08:33.053101Z,8259,70,CTD,65535,255,1027.7120361328125
1788854913.2527957,2026-09-08T08:08:33.252795Z,8259,70,CTD,65535,255,1027.7117919921875
1788854913.4527972,2026-09-08T08:08:33.452797Z,8259,70,CTD,65535,255,1027.71044921875
1788854913.6529014,2026-09-08T08:08:33.652901Z,8259,70,CTD,65535,255,1027.712158203125
1788854913.8529255,2026-09-08T08:08:33.852925Z,8259,70,CTD,65535,255,1027.7132568359375
1788854914.053494,2026-09-08T08:08:34.053493Z,8259,70,CTD,65535,255,1027.716064453125
1788854914.2531605,2026-09-08T08:08:34.253160Z,8259,70,CTD,65535,255,1027.7120361328125
1788854914.4531336,2026-09-08T08:08:34.453133Z,8259,70,CTD,65535,255,1027.7135009765625
1788854914.6532457,2026-09-08T08:08:34.653245Z,8259,70,CTD,65535,255,1027.7152099609375
1788854914.8532345,2026-09-08T08:08:34.853234Z,8259,70,CTD,65535,255,1027.717041015625
1788854915.0537245,2026-09-08T08:08:35.053724Z,8259,70,CTD,65535,255,1027.7127685546875
1788854915.253635,2026-09-08T08:08:35.253634Z,8259,70,CTD,65535,255,1027.7138671875
1788854915.4534283,2026-09-08T08:08:35.453428Z,8259,70,CTD,65535,255,1027.7132568359375
1788854915.6533835,2026-09-08T08:08:35.653383Z,8259,70,CTD,65535,255,1027.717041015625
1788854915.8533928,2026-09-08T08:08:35.853392Z,8259,70,CTD,65535,255,1027.7152099609375
1788854916.0538476,2026-09-08T08:08:36.053847Z,8259,70,CTD,65535,255,1027.7158203125
1788854916.253757,2026-09-08T08:08:36.253757Z,8259,70,CTD,65535,255,1027.71533203125
1788854916.4533176,2026-09-08T08:08:36.453317Z,8259,70,CTD,65535,255,1027.7138671875
1788854916.6531615,2026-09-08T08:08:36.653161Z,8259,70,CTD,65535,255,1027.7154541015625
1788854916.8529418,2026-09-08T08:08:36.852941Z,8259,70,CTD,65535,255,1027.715087890625
1788854917.0531387,2026-09-08T08:08:37.053138Z,8259,70,CTD,65535,255,1027.7139892578125
1788854917.2528856,2026-09-08T08:08:37.252885Z,8259,70,CTD,65535,255,1027.715576171875
1788854917.4525354,2026-09-08T08:08:37.452535Z,8259,70,CTD,65535,255,1027.7161865234375
1788854917.6527998,2026-09-08T08:08:37.652799Z,8259,70,CTD,65535,255,1027.7135009765625
1788854917.8525856,2026-09-08T08:08:37.852585Z,8259,70,CTD,65535,255,1027.7147216796875
1788854918.0531788,2026-09-08T08:08:38.053178Z,8259,70,CTD,65535,255,1027.7156982421875
1788854918.2528424,2026-09-08T08:08:38.252842Z,8259,70,CTD,65535,255,1027.7119140625
1788854918.4530401,2026-09-08T08:08:38.453040Z,8259,70,CTD,65535,255,1027.71484375
1788854918.6531656,2026-09-08T08:08:38.653165Z,8259,70,CTD,65535,255,1027.7137451171875
1788854918.853223,2026-09-08T08:08:38.853223Z,8259,70,CTD,65535,255,1027.712890625
1788854919.0537033,2026-09-08T08:08:39.053703Z,8259,70,CTD,65535,255,1027.712646484375
1788854919.2535276,2026-09-08T08:08:39.253527Z,8259,70,CTD,65535,255,1027.7147216796875
1788854919.4535258,2026-09-08T08:08:39.453525Z,8259,70,CTD,65535,255,1027.71826171875
1788854919.6532779,2026-09-08T08:08:39.653277Z,8259,70,CTD,65535,255,1027.7181396484375
1788854919.8533242,2026-09-08T08:08:39.853324Z,8259,70,CTD,65535,255,1027.717529296875
1788854920.0538363,2026-09-08T08:08:40.053836Z,8259,70,CTD,65535,255,1027.7137451171875
1788854920.2537642,2026-09-08T08:08:40.253764Z,8259,70,CTD,65535,255,1027.7152099609375
1788854920.4537454,2026-09-08T08:08:40.453745Z,8259,70,CTD,65535,255,1027.717529296875
1788854920.6535575,2026-09-08T08:08:40.653557Z,8259,70,CTD,65535,255,1027.7183837890625
1788854920.8536434,2026-09-08T08:08:40.853643Z,8259,70,CTD,65535,255,1027.7159423828125
1788854921.054111,2026-09-08T08:08:41.054111Z,8259,70,CTD,65535,255,1027.716064453125
1788854921.2537568,2026-09-08T08:08:41.253756Z,8259,70,CTD,65535,255,1027.713623046875
1788854921.4540374,2026-09-08T08:08:41.454037Z,8259,70,CTD,65535,255,1027.716796875
1788854921.6548738,2026-09-08T08:08:41.654873Z,8259,70,CTD,65535,255,1027.71484375
1788854921.855643,2026-09-08T08:08:41.855643Z,8259,70,CTD,65535,255,1027.713623046875
1788854922.056758,2026-09-08T08:08:42.056757Z,8259,70,CTD,65535,255,1027.715576171875
1788854922.2573388,2026-09-08T08:08:42.257338Z,8259,70,CTD,65535,255,1027.714111328125
1788854922.458061,2026-09-08T08:08:42.458060Z,8259,70,CTD,65535,255,1027.7132568359375
1788854922.6583967,2026-09-08T08:08:42.658396Z,8259,70,CTD,65535,255,1027.714599609375
1788854922.8588872,2026-09-08T08:08:42.858887Z,8259,70,CTD,65535,255,1027.7144775390625
1788854923.0598176,2026-09-08T08:08:43.059817Z,8259,70,CTD,65535,255,1027.7132568359375
1788854923.2598932,2026-09-08T08:08:43.259893Z,8259,70,CTD,65535,255,1027.7147216796875
1788854923.4601457,2026-09-08T08:08:43.460145Z,8259,70,CTD,65535,255,1027.713134765625
1788854923.6601589,2026-09-08T08:08:43.660158Z,8259,70,CTD,65535,255,1027.7159423828125
1788854923.8601525,2026-09-08T08:08:43.860152Z,8259,70,CTD,65535,255,1027.71484375
1788854924.0604856,2026-09-08T08:08:44.060485Z,8259,70,CTD,65535,255,1027.7144775390625
1788854924.2603345,2026-09-08T08:08:44.260334Z,8259,70,CTD,65535,255,1027.714599609375
1788854924.460242,2026-09-08T08:08:44.460242Z,8259,70,CTD,65535,255,1027.71240234375
1788854924.6600034,2026-09-08T08:08:44.660003Z,8259,70,CTD,65535,255,1027.7138671875
1788854924.8597896,2026-09-08T08:08:44.859789Z,8259,70,CTD,65535,255,1027.7130126953125
1788854925.0600853,2026-09-08T08:08:45.060085Z,8259,70,CTD,65535,255,1027.71533203125
1788854925.2598011,2026-09-08T08:08:45.259801Z,8259,70,CTD,65535,255,1027.7139892578125
1788854925.4593039,2026-09-08T08:08:45.459303Z,8259,70,CTD,65535,255,1027.712158203125
1788854925.6590767,2026-09-08T08:08:45.659076Z,8259,70,CTD,65535,255,1027.7166748046875
1788854925.858871,2026-09-08T08:08:45.858870Z,8259,70,CTD,65535,255,1027.7152099609375
1788854926.0590768,2026-09-08T08:08:46.059076Z,8259,70,CTD,65535,255,1027.715087890625
1788854926.258504,2026-09-08T08:08:46.258503Z,8259,70,CTD,65535,255,1027.714599609375
1788854926.4583123,2026-09-08T08:08:46.458312Z,8259,70,CTD,65535,255,1027.714111328125
1788854926.658114,2026-09-08T08:08:46.658113Z,8259,70,CTD,65535,255,1027.7152099609375
1788854926.857995,2026-09-08T08:08:46.857995Z,8259,70,CTD,65535,255,1027.714599609375
1788854927.058305,2026-09-08T08:08:47.058305Z,8259,70,CTD,65535,255,1027.7113037109375
1788854927.2577546,2026-09-08T08:08:47.257754Z,8259,70,CTD,65535,255,1027.715576171875
1788854927.4576435,2026-09-08T08:08:47.457643Z,8259,70,CTD,65535,255,1027.713623046875
1788854927.657599,2026-09-08T08:08:47.657598Z,8259,70,CTD,65535,255,1027.715087890625
1788854927.8576005,2026-09-08T08:08:47.857600Z,8259,70,CTD,65535,255,1027.7139892578125
1788854928.057981,2026-09-08T08:08:48.057981Z,8259,70,CTD,65535,255,1027.715576171875
1788854928.2576265,2026-09-08T08:08:48.257626Z,8259,70,CTD,65535,255,1027.71435546875
1788854928.4575753,2026-09-08T08:08:48.457575Z,8259,70,CTD,65535,255,1027.71337890625
1788854928.657627,2026-09-08T08:08:48.657627Z,8259,70,CTD,65535,255,1027.7138671875
1788854928.8574395,2026-09-08T08:08:48.857439Z,8259,70,CTD,65535,255,1027.7159423828125
1788854929.057426,2026-09-08T08:08:49.057425Z,8259,70,CTD,65535,255,1027.715576171875
1788854929.2571824,2026-09-08T08:08:49.257182Z,8259,70,CTD,65535,255,1027.7137451171875
1788854929.456755,2026-09-08T08:08:49.456754Z,8259,70,CTD,65535,255,1027.7154541015625
1788854929.6565857,2026-09-08T08:08:49.656585Z,8259,70,CTD,65535,255,1027.7117919921875
1788854929.856477,2026-09-08T08:08:49.856477Z,8259,70,CTD,65535,255,1027.7144775390625
1788854930.0568352,2026-09-08T08:08:50.056835Z,8259,70,CTD,65535,255,1027.712890625
1788854930.2565823,2026-09-08T08:08:50.256582Z,8259,70,CTD,65535,255,1027.7132568359375
1788854930.4561908,2026-09-08T08:08:50.456190Z,8259,70,CTD,65535,255,1027.713623046875
1788854930.6561909,2026-09-08T08:08:50.656190Z,8259,70,CTD,65535,255,1027.7138671875
1788854930.8561108,2026-09-08T08:08:50.856110Z,8259,70,CTD,65535,255,1027.7147216796875
1788854931.0564578,2026-09-08T08:08:51.056457Z,8259,70,CTD,65535,255,1027.712158203125
1788854931.256424,2026-09-08T08:08:51.256423Z,8259,70,CTD,65535,255,1027.7130126953125
1788854931.456373,2026-09-08T08:08:51.456372Z,8259,70,CTD,65535,255,1027.71484375
1788854931.6562014,2026-09-08T08:08:51.656201Z,8259,70,CTD,65535,255,1027.7125244140625
1788854931.8564005,2026-09-08T08:08:51.856400Z,8259,70,CTD,65535,255,1027.713623046875
1788854932.0567818,2026-09-08T08:08:52.056781Z,8259,70,CTD,65535,255,1027.7119140625
1788854932.2565434,2026-09-08T08:08:52.256543Z,8259,70,CTD,65535,255,1027.712158203125
1788854932.456357,2026-09-08T08:08:52.456357Z,8259,70,CTD,65535,255,1027.7158203125
1788854932.656775,2026-09-08T08:08:52.656774Z,8259,70,CTD,65535,255,1027.7119140625
1788854932.8567615,2026-09-08T08:08:52.856761Z,8259,70,CTD,65535,255,1027.714111328125
1788854933.0573368,2026-09-08T08:08:53.057336Z,8259,70,CTD,65535,255,1027.7122802734375
1788854933.257459,2026-09-08T08:08:53.257458Z,8259,70,CTD,65535,255,1027.7135009765625
1788854933.4573016,2026-09-08T08:08:53.457301Z,8259,70,CTD,65535,255,1027.7149658203125
1788854933.6572251,2026-09-08T08:08:53.657225Z,8259,70,CTD,65535,255,1027.713623046875
1788854933.857149,2026-09-08T08:08:53.857148Z,8259,70,CTD,65535,255,1027.7115478515625
1788854934.0577846,2026-09-08T08:08:54.057784Z,8259,70,CTD,65535,255,1027.7127685546875
1788854934.2573817,2026-09-08T08:08:54.257381Z,8259,70,CTD,65535,255,1027.7142333984375
1788854934.4570506,2026-09-08T08:08:54.457050Z,8259,70,CTD,65535,255,1027.711669921875
1788854934.6571949,2026-09-08T08:08:54.657194Z,8259,70,CTD,65535,255,1027.712646484375
1788854934.8571305,2026-09-08T08:08:54.857130Z,8259,70,CTD,65535,255,1027.7122802734375
1788854935.0572145,2026-09-08T08:08:55.057214Z,8259,70,CTD,65535,255,1027.7132568359375
1788854935.2569203,2026-09-08T08:08:55.256920Z,8259,70,CTD,65535,255,1027.7139892578125
1788854935.4570456,2026-09-08T08:08:55.457045Z,8259,70,CTD,65535,255,1027.71435546875
1788854935.6566992,2026-09-08T08:08:55.656699Z,8259,70,CTD,65535,255,1027.7117919921875
1788854935.8566334,2026-09-08T08:08:55.856633Z,8259,70,CTD,65535,255,1027.7127685546875
1788854936.0569432,2026-09-08T08:08:56.056943Z,8259,70,CTD,65535,255,1027.7109375
1788854936.2568593,2026-09-08T08:08:56.256859Z,8259,70,CTD,65535,255,1027.7103271484375
1788854936.456542,2026-09-08T08:08:56.456542Z,8259,70,CTD,65535,255,1027.711669921875
1788854936.6564465,2026-09-08T08:08:56.656446Z,8259,70,CTD,65535,255,1027.7109375
1788854936.856483,2026-09-08T08:08:56.856482Z,8259,70,CTD,65535,255,1027.712158203125
1788854937.056719,2026-09-08T08:08:57.056719Z,8259,70,CTD,65535,255,1027.7122802734375
1788854937.2567055,2026-09-08T08:08:57.256705Z,8259,70,CTD,65535,255,1027.7108154296875
1788854937.4563875,2026-09-08T08:08:57.456387Z,8259,70,CTD,65535,255,1027.7119140625
1788854937.6563725,2026-09-08T08:08:57.656372Z,8259,70,CTD,65535,255,1027.7083740234375
1788854937.8563626,2026-09-08T08:08:57.856362Z,8259,70,CTD,65535,255,1027.711669921875
1788854938.0566506,2026-09-08T08:08:58.056650Z,8259,70,CTD,65535,255,1027.7130126953125
1788854938.2564802,2026-09-08T08:08:58.256480Z,8259,70,CTD,65535,255,1027.709716796875
1788854938.4564216,2026-09-08T08:08:58.456421Z,8259,70,CTD,65535,255,1027.7125244140625
1788854938.6566548,2026-09-08T08:08:58.656654Z,8259,70,CTD,65535,255,1027.7095947265625
1788854938.856399,2026-09-08T08:08:58.856399Z,8259,70,CTD,65535,255,1027.710205078125
1788854939.05678,2026-09-08T08:08:59.056780Z,8259,70,CTD,65535,255,1027.7099609375
1788854939.2564728,2026-09-08T08:08:59.256472Z,8259,70,CTD,65535,255,1027.71142578125
1788854939.4568126,2026-09-08T08:08:59.456812Z,8259,70,CTD,65535,255,1027.7115478515625
1788854939.6564415,2026-09-08T08:08:59.656441Z,8259,70,CTD,65535,255,1027.7132568359375
1788854939.85654,2026-09-08T08:08:59.856539Z,8259,70,CTD,65535,255,1027.7103271484375
1788854940.0570772,2026-09-08T08:09:00.057077Z,8259,70,CTD,65535,255,1027.7122802734375
1788854940.2567177,2026-09-08T08:09:00.256717Z,8259,70,CTD,65535,255,1027.7110595703125
1788854940.4564643,2026-09-08T08:09:00.456464Z,8259,70,CTD,65535,255,1027.7099609375
1788854940.6564355,2026-09-08T08:09:00.656435Z,8259,70,CTD,65535,255,1027.7095947265625
1788854940.8564465,2026-09-08T08:09:00.856446Z,8259,70,CTD,65535,255,1027.7093505859375
1788854941.0569582,2026-09-08T08:09:01.056958Z,8259,70,CTD,65535,255,1027.709228515625
1788854941.2565703,2026-09-08T08:09:01.256570Z,8259,70,CTD,65535,255,1027.7105712890625
1788854941.456493,2026-09-08T08:09:01.456492Z,8259,70,CTD,65535,255,1027.710693359375
1788854941.6564493,2026-09-08T08:09:01.656449Z,8259,70,CTD,65535,255,1027.7086181640625
1788854941.8564568,2026-09-08T08:09:01.856456Z,8259,70,CTD,65535,255,1027.70751953125
1788854942.0569153,2026-09-08T08:09:02.056915Z,8259,70,CTD,65535,255,1027.7086181640625
1788854942.256534,2026-09-08T08:09:02.256534Z,8259,70,CTD,65535,255,1027.71142578125
1788854942.456463,2026-09-08T08:09:02.456463Z,8259,70,CTD,65535,255,1027.7093505859375
1788854942.656449,2026-09-08T08:09:02.656449Z,8259,70,CTD,65535,255,1027.70849609375
1788854942.8565156,2026-09-08T08:09:02.856515Z,8259,70,CTD,65535,255,1027.7076416015625
1788854943.0567904,2026-09-08T08:09:03.056790Z,8259,70,CTD,65535,255,1027.70849609375
1788854943.2564743,2026-09-08T08:09:03.256474Z,8259,70,CTD,65535,255,1027.7115478515625
1788854943.456477,2026-09-08T08:09:03.456476Z,8259,70,CTD,65535,255,1027.707763671875
1788854943.6564727,2026-09-08T08:09:03.656472Z,8259,70,CTD,65535,255,1027.7083740234375
1788854943.8565116,2026-09-08T08:09:03.856511Z,8259,70,CTD,65535,255,1027.709228515625
1788854944.0570207,2026-09-08T08:09:04.057020Z,8259,70,CTD,65535,255,1027.7095947265625
1788854944.2566354,2026-09-08T08:09:04.256635Z,8259,70,CTD,65535,255,1027.71044921875
1788854944.4567578,2026-09-08T08:09:04.456757Z,8259,70,CTD,65535,255,1027.7110595703125
1788854944.6572266,2026-09-08T08:09:04.657226Z,8259,70,CTD,65535,255,1027.7083740234375
1788854944.8577735,2026-09-08T08:09:04.857773Z,8259,70,CTD,65535,255,1027.709228515625
1788854945.058659,2026-09-08T08:09:05.058659Z,8259,70,CTD,65535,255,1027.71044921875
1788854945.2590349,2026-09-08T08:09:05.259034Z,8259,70,CTD,65535,255,1027.712890625
1788854945.4592347,2026-09-08T08:09:05.459234Z,8259,70,CTD,65535,255,1027.7081298828125
1788854945.6595504,2026-09-08T08:09:05.659550Z,8259,70,CTD,65535,255,1027.7088623046875
1788854945.8597796,2026-09-08T08:09:05.859779Z,8259,70,CTD,65535,255,1027.7095947265625
1788854946.060401,2026-09-08T08:09:06.060400Z,8259,70,CTD,65535,255,1027.7122802734375
1788854946.2604408,2026-09-08T08:09:06.260440Z,8259,70,CTD,65535,255,1027.708251953125
1788854946.4606998,2026-09-08T08:09:06.460699Z,8259,70,CTD,65535,255,1027.7093505859375
1788854946.660955,2026-09-08T08:09:06.660954Z,8259,70,CTD,65535,255,1027.71142578125
1788854946.8606915,2026-09-08T08:09:06.860691Z,8259,70,CTD,65535,255,1027.709228515625
1788854947.061186,2026-09-08T08:09:07.061186Z,8259,70,CTD,65535,255,1027.7100830078125
1788854947.2610698,2026-09-08T08:09:07.261069Z,8259,70,CTD,65535,255,1027.7132568359375
1788854947.4608018,2026-09-08T08:09:07.460801Z,8259,70,CTD,65535,255,1027.7086181640625
1788854947.6606698,2026-09-08T08:09:07.660669Z,8259,70,CTD,65535,255,1027.7110595703125
1788854947.8605423,2026-09-08T08:09:07.860542Z,8259,70,CTD,65535,255,1027.71044921875
1788854948.0609212,2026-09-08T08:09:08.060921Z,8259,70,CTD,65535,255,1027.708984375
1788854948.2604327,2026-09-08T08:09:08.260432Z,8259,70,CTD,65535,255,1027.7132568359375
1788854948.4602427,2026-09-08T08:09:08.460242Z,8259,70,CTD,65535,255,1027.70751953125
1788854948.6601474,2026-09-08T08:09:08.660147Z,8259,70,CTD,65535,255,1027.7138671875
1788854948.860265,2026-09-08T08:09:08.860265Z,8259,70,CTD,65535,255,1027.71142578125
1788854949.0602198,2026-09-08T08:09:09.060219Z,8259,70,CTD,65535,255,1027.712646484375
1788854949.2600496,2026-09-08T08:09:09.260049Z,8259,70,CTD,65535,255,1027.7088623046875
1788854949.459687,2026-09-08T08:09:09.459686Z,8259,70,CTD,65535,255,1027.7115478515625
1788854949.6595445,2026-09-08T08:09:09.659544Z,8259,70,CTD,65535,255,1027.7100830078125
1788854949.8594801,2026-09-08T08:09:09.859480Z,8259,70,CTD,65535,255,1027.7109375
1788854950.0597346,2026-09-08T08:09:10.059734Z,8259,70,CTD,65535,255,1027.7109375
1788854950.2593617,2026-09-08T08:09:10.259361Z,8259,70,CTD,65535,255,1027.7098388671875
1788854950.459461,2026-09-08T08:09:10.459460Z,8259,70,CTD,65535,255,1027.7093505859375
1788854950.6592848,2026-09-08T08:09:10.659284Z,8259,70,CTD,65535,255,1027.7103271484375
1788854950.8596613,2026-09-08T08:09:10.859661Z,8259,70,CTD,65535,255,1027.708984375
1788854951.059927,2026-09-08T08:09:11.059926Z,8259,70,CTD,65535,255,1027.7144775390625
1788854951.259804,2026-09-08T08:09:11.259804Z,8259,70,CTD,65535,255,1027.711181640625
1788854951.4596715,2026-09-08T08:09:11.459671Z,8259,70,CTD,65535,255,1027.7115478515625
1788854951.6599147,2026-09-08T08:09:11.659914Z,8259,70,CTD,65535,255,1027.7122802734375
1788854951.8599992,2026-09-08T08:09:11.859999Z,8259,70,CTD,65535,255,1027.70947265625
1788854952.060262,2026-09-08T08:09:12.060261Z,8259,70,CTD,65535,255,1027.7103271484375
1788854952.2599,2026-09-08T08:09:12.259900Z,8259,70,CTD,65535,255,1027.7117919921875
1788854952.4602888,2026-09-08T08:09:12.460288Z,8259,70,CTD,65535,255,1027.7098388671875
1788854952.6600335,2026-09-08T08:09:12.660033Z,8259,70,CTD,65535,255,1027.709716796875
1788854952.8602595,2026-09-08T08:09:12.860259Z,8259,70,CTD,65535,255,1027.7120361328125
1788854953.06069,2026-09-08T08:09:13.060689Z,8259,70,CTD,65535,255,1027.711669921875
1788854953.260461,2026-09-08T08:09:13.260461Z,8259,70,CTD,65535,255,1027.7122802734375
1788854953.4605076,2026-09-08T08:09:13.460507Z,8259,70,CTD,65535,255,1027.7120361328125
1788854953.6605642,2026-09-08T08:09:13.660564Z,8259,70,CTD,65535,255,1027.71484375
1788854953.8608408,2026-09-08T08:09:13.860840Z,8259,70,CTD,65535,255,1027.70947265625
1788854954.0610313,2026-09-08T08:09:14.061031Z,8259,70,CTD,65535,255,1027.7142333984375
1788854954.2607956,2026-09-08T08:09:14.260795Z,8259,70,CTD,65535,255,1027.7137451171875
1788854954.4607506,2026-09-08T08:09:14.460750Z,8259,70,CTD,65535,255,1027.7120361328125
1788854954.6606991,2026-09-08T08:09:14.660699Z,8259,70,CTD,65535,255,1027.710205078125
1788854954.8608105,2026-09-08T08:09:14.860810Z,8259,70,CTD,65535,255,1027.7086181640625
1788854955.0611567,2026-09-08T08:09:15.061156Z,8259,70,CTD,65535,255,1027.7109375
1788854955.260718,2026-09-08T08:09:15.260718Z,8259,70,CTD,65535,255,1027.7103271484375
1788854955.460646,2026-09-08T08:09:15.460645Z,8259,70,CTD,65535,255,1027.7103271484375
1788854955.6606388,2026-09-08T08:09:15.660638Z,8259,70,CTD,65535,255,1027.7098388671875
1788854955.86054,2026-09-08T08:09:15.860539Z,8259,70,CTD,65535,255,1027.707763671875
1788854956.0610278,2026-09-08T08:09:16.061027Z,8259,70,CTD,65535,255,1027.70751953125
1788854956.2605338,2026-09-08T08:09:16.260533Z,8259,70,CTD,65535,255,1027.7071533203125
1788854956.4604695,2026-09-08T08:09:16.460469Z,8259,70,CTD,65535,255,1027.7109375
1788854956.660397,2026-09-08T08:09:16.660397Z,8259,70,CTD,65535,255,1027.70849609375
1788854956.861785,2026-09-08T08:09:16.861784Z,8259,70,CTD,65535,255,1027.7061767578125
1788854957.0607736,2026-09-08T08:09:17.060773Z,8259,70,CTD,65535,255,1027.705322265625
1788854957.2603297,2026-09-08T08:09:17.260329Z,8259,70,CTD,65535,255,1027.70458984375
1788854957.4604907,2026-09-08T08:09:17.460490Z,8259,70,CTD,65535,255,1027.708984375
1788854957.6601992,2026-09-08T08:09:17.660199Z,8259,70,CTD,65535,255,1027.705810546875
1788854957.860133,2026-09-08T08:09:17.860132Z,8259,70,CTD,65535,255,1027.70751953125
1788854958.0604284,2026-09-08T08:09:18.060428Z,8259,70,CTD,65535,255,1027.7088623046875
1788854958.2604127,2026-09-08T08:09:18.260412Z,8259,70,CTD,65535,255,1027.7030029296875
1788854958.4601073,2026-09-08T08:09:18.460107Z,8259,70,CTD,65535,255,1027.7060546875
1788854958.6600482,2026-09-08T08:09:18.660048Z,8259,70,CTD,65535,255,1027.70703125
1788854958.8600316,2026-09-08T08:09:18.860031Z,8259,70,CTD,65535,255,1027.70654296875
1788854959.060372,2026-09-08T08:09:19.060372Z,8259,70,CTD,65535,255,1027.70849609375
1788854959.2601604,2026-09-08T08:09:19.260160Z,8259,70,CTD,65535,255,1027.704345703125
1788854959.460043,2026-09-08T08:09:19.460042Z,8259,70,CTD,65535,255,1027.7064208984375
1788854959.660243,2026-09-08T08:09:19.660243Z,8259,70,CTD,65535,255,1027.705078125
1788854959.859929,2026-09-08T08:09:19.859929Z,8259,70,CTD,65535,255,1027.7064208984375
1788854960.0604951,2026-09-08T08:09:20.060495Z,8259,70,CTD,65535,255,1027.705078125
1788854960.2600584,2026-09-08T08:09:20.260058Z,8259,70,CTD,65535,255,1027.710693359375
1788854960.4600713,2026-09-08T08:09:20.460071Z,8259,70,CTD,65535,255,1027.7095947265625
1788854960.6599774,2026-09-08T08:09:20.659977Z,8259,70,CTD,65535,255,1027.7076416015625
1788854960.8599746,2026-09-08T08:09:20.859974Z,8259,70,CTD,65535,255,1027.7030029296875
1788854961.0604982,2026-09-08T08:09:21.060498Z,8259,70,CTD,65535,255,1027.6993408203125
1788854961.260391,2026-09-08T08:09:21.260390Z,8259,70,CTD,65535,255,1027.7003173828125
1788854961.460016,2026-09-08T08:09:21.460016Z,8259,70,CTD,65535,255,1027.70068359375
1788854961.660212,2026-09-08T08:09:21.660212Z,8259,70,CTD,65535,255,1027.705810546875
1788854961.8600101,2026-09-08T08:09:21.860010Z,8259,70,CTD,65535,255,1027.7041015625
1788854962.0603013,2026-09-08T08:09:22.060301Z,8259,70,CTD,65535,255,1027.70458984375
1788854962.2600281,2026-09-08T08:09:22.260028Z,8259,70,CTD,65535,255,1027.7083740234375
1788854962.4599574,2026-09-08T08:09:22.459957Z,8259,70,CTD,65535,255,1027.70556640625
1788854962.6599233,2026-09-08T08:09:22.659923Z,8259,70,CTD,65535,255,1027.7052001953125
1788854962.8599596,2026-09-08T08:09:22.859959Z,8259,70,CTD,65535,255,1027.7039794921875
1788854963.0602076,2026-09-08T08:09:23.060207Z,8259,70,CTD,65535,255,1027.7022705078125
1788854963.260003,2026-09-08T08:09:23.260003Z,8259,70,CTD,65535,255,1027.7076416015625
1788854963.4599414,2026-09-08T08:09:23.459941Z,8259,70,CTD,65535,255,1027.7056884765625
1788854963.6599183,2026-09-08T08:09:23.659918Z,8259,70,CTD,65535,255,1027.7021484375
1788854963.8601632,2026-09-08T08:09:23.860163Z,8259,70,CTD,65535,255,1027.701171875
1788854964.0607986,2026-09-08T08:09:24.060798Z,8259,70,CTD,65535,255,1027.700927734375
1788854964.2602432,2026-09-08T08:09:24.260243Z,8259,70,CTD,65535,255,1027.7017822265625
1788854964.459952,2026-09-08T08:09:24.459952Z,8259,70,CTD,65535,255,1027.700439453125
1788854964.660163,2026-09-08T08:09:24.660162Z,8259,70,CTD,65535,255,1027.7010498046875
1788854964.85992,2026-09-08T08:09:24.859920Z,8259,70,CTD,65535,255,1027.6988525390625
1788854965.0603921,2026-09-08T08:09:25.060392Z,8259,70,CTD,65535,255,1027.7025146484375
1788854965.2600534,2026-09-08T08:09:25.260053Z,8259,70,CTD,65535,255,1027.7021484375
1788854965.4600332,2026-09-08T08:09:25.460033Z,8259,70,CTD,65535,255,1027.703369140625
1788854965.6600032,2026-09-08T08:09:25.660003Z,8259,70,CTD,65535,255,1027.6968994140625
1788854965.8602607,2026-09-08T08:09:25.860260Z,8259,70,CTD,65535,255,1027.6971435546875
1788854966.0605218,2026-09-08T08:09:26.060521Z,8259,70,CTD,65535,255,1027.6998291015625
1788854966.2604234,2026-09-08T08:09:26.260423Z,8259,70,CTD,65535,255,1027.697998046875
1788854966.4600456,2026-09-08T08:09:26.460045Z,8259,70,CTD,65535,255,1027.6961669921875
1788854966.6601763,2026-09-08T08:09:26.660176Z,8259,70,CTD,65535,255,1027.6943359375
1788854966.8603745,2026-09-08T08:09:26.860374Z,8259,70,CTD,65535,255,1027.69384765625
1788854967.0609734,2026-09-08T08:09:27.060973Z,8259,70,CTD,65535,255,1027.6884765625
1788854967.2609844,2026-09-08T08:09:27.260984Z,8259,70,CTD,65535,255,1027.6893310546875
1788854967.4609675,2026-09-08T08:09:27.460967Z,8259,70,CTD,65535,255,1027.69287109375
1788854967.660859,2026-09-08T08:09:27.660859Z,8259,70,CTD,65535,255,1027.6827392578125
1788854967.8607163,2026-09-08T08:09:27.860716Z,8259,70,CTD,65535,255,1027.687255859375
1788854968.061079,2026-09-08T08:09:28.061079Z,8259,70,CTD,65535,255,1027.6864013671875
1788854968.2605567,2026-09-08T08:09:28.260556Z,8259,70,CTD,65535,255,1027.6845703125
1788854968.4603941,2026-09-08T08:09:28.460394Z,8259,70,CTD,65535,255,1027.6822509765625
1788854968.6603494,2026-09-08T08:09:28.660349Z,8259,70,CTD,65535,255,1027.6846923828125
1788854968.860129,2026-09-08T08:09:28.860129Z,8259,70,CTD,65535,255,1027.683349609375
1788854969.0605814,2026-09-08T08:09:29.060581Z,8259,70,CTD,65535,255,1027.6845703125
1788854969.2603824,2026-09-08T08:09:29.260382Z,8259,70,CTD,65535,255,1027.681884765625
1788854969.4603536,2026-09-08T08:09:29.460353Z,8259,70,CTD,65535,255,1027.68115234375
1788854969.6598883,2026-09-08T08:09:29.659888Z,8259,70,CTD,65535,255,1027.675048828125
1788854969.8600597,2026-09-08T08:09:29.860059Z,8259,70,CTD,65535,255,1027.6739501953125
1788854970.060201,2026-09-08T08:09:30.060200Z,8259,70,CTD,65535,255,1027.6781005859375
1788854970.2600033,2026-09-08T08:09:30.260003Z,8259,70,CTD,65535,255,1027.6768798828125
1788854970.4597378,2026-09-08T08:09:30.459737Z,8259,70,CTD,65535,255,1027.67333984375
1788854970.6596475,2026-09-08T08:09:30.659647Z,8259,70,CTD,65535,255,1027.6751708984375
1788854970.8596444,2026-09-08T08:09:30.859644Z,8259,70,CTD,65535,255,1027.6767578125
1788854971.060006,2026-09-08T08:09:31.060005Z,8259,70,CTD,65535,255,1027.67626953125
1788854971.259697,2026-09-08T08:09:31.259696Z,8259,70,CTD,65535,255,1027.67724609375
1788854971.4597182,2026-09-08T08:09:31.459718Z,8259,70,CTD,65535,255,1027.67919921875
1788854971.6601233,2026-09-08T08:09:31.660123Z,8259,70,CTD,65535,255,1027.6796875
1788854971.8600457,2026-09-08T08:09:31.860045Z,8259,70,CTD,65535,255,1027.6788330078125
1788854972.060549,2026-09-08T08:09:32.060549Z,8259,70,CTD,65535,255,1027.679443359375
1788854972.260445,2026-09-08T08:09:32.260445Z,8259,70,CTD,65535,255,1027.6795654296875
1788854972.4608302,2026-09-08T08:09:32.460830Z,8259,70,CTD,65535,255,1027.677490234375
1788854972.6608846,2026-09-08T08:09:32.660884Z,8259,70,CTD,65535,255,1027.67578125
1788854972.8603919,2026-09-08T08:09:32.860391Z,8259,70,CTD,65535,255,1027.677978515625
1788854973.0607412,2026-09-08T08:09:33.060741Z,8259,70,CTD,65535,255,1027.6741943359375
1788854973.2606804,2026-09-08T08:09:33.260680Z,8259,70,CTD,65535,255,1027.6771240234375
1788854973.4602268,2026-09-08T08:09:33.460226Z,8259,70,CTD,65535,255,1027.6781005859375
1788854973.660067,2026-09-08T08:09:33.660067Z,8259,70,CTD,65535,255,1027.6746826171875
1788854973.8600347,2026-09-08T08:09:33.860034Z,8259,70,CTD,65535,255,1027.6759033203125
1788854974.0602846,2026-09-08T08:09:34.060284Z,8259,70,CTD,65535,255,1027.6759033203125
1788854974.2598739,2026-09-08T08:09:34.259873Z,8259,70,CTD,65535,255,1027.677001953125
1788854974.459754,2026-09-08T08:09:34.459753Z,8259,70,CTD,65535,255,1027.6806640625
1788854974.6597404,2026-09-08T08:09:34.659740Z,8259,70,CTD,65535,255,1027.679443359375
1788854974.8596318,2026-09-08T08:09:34.859631Z,8259,70,CTD,65535,255,1027.677734375
1788854975.059971,2026-09-08T08:09:35.059971Z,8259,70,CTD,65535,255,1027.6756591796875
1788854975.259633,2026-09-08T08:09:35.259633Z,8259,70,CTD,65535,255,1027.67724609375
1788854975.45958,2026-09-08T08:09:35.459579Z,8259,70,CTD,65535,255,1027.676025390625
1788854975.659538,2026-09-08T08:09:35.659538Z,8259,70,CTD,65535,255,1027.678466796875
1788854975.8595574,2026-09-08T08:09:35.859557Z,8259,70,CTD,65535,255,1027.6771240234375
1788854976.0600188,2026-09-08T08:09:36.060018Z,8259,70,CTD,65535,255,1027.68017578125
1788854976.259658,2026-09-08T08:09:36.259658Z,8259,70,CTD,65535,255,1027.67626953125
1788854976.459855,2026-09-08T08:09:36.459855Z,8259,70,CTD,65535,255,1027.675537109375
1788854976.6597922,2026-09-08T08:09:36.659792Z,8259,70,CTD,65535,255,1027.6749267578125
1788854976.8599224,2026-09-08T08:09:36.859922Z,8259,70,CTD,65535,255,1027.67724609375
1788854977.0605283,2026-09-08T08:09:37.060528Z,8259,70,CTD,65535,255,1027.673583984375
1788854977.2606378,2026-09-08T08:09:37.260637Z,8259,70,CTD,65535,255,1027.6732177734375
1788854977.460485,2026-09-08T08:09:37.460484Z,8259,70,CTD,65535,255,1027.6754150390625
1788854977.660409,2026-09-08T08:09:37.660408Z,8259,70,CTD,65535,255,1027.6749267578125
1788854977.8603477,2026-09-08T08:09:37.860347Z,8259,70,CTD,65535,255,1027.6759033203125
1788854978.0608578,2026-09-08T08:09:38.060857Z,8259,70,CTD,65535,255,1027.67724609375
1788854978.2605722,2026-09-08T08:09:38.260572Z,8259,70,CTD,65535,255,1027.6719970703125
1788854978.4602013,2026-09-08T08:09:38.460201Z,8259,70,CTD,65535,255,1027.677734375
1788854978.6601527,2026-09-08T08:09:38.660152Z,8259,70,CTD,65535,255,1027.6722412109375
1788854978.8603327,2026-09-08T08:09:38.860332Z,8259,70,CTD,65535,255,1027.6761474609375
1788854979.060527,2026-09-08T08:09:39.060527Z,8259,70,CTD,65535,255,1027.67236328125
1788854979.2603166,2026-09-08T08:09:39.260316Z,8259,70,CTD,65535,255,1027.6719970703125
1788854979.4600081,2026-09-08T08:09:39.460008Z,8259,70,CTD,65535,255,1027.6719970703125
1788854979.660074,2026-09-08T08:09:39.660073Z,8259,70,CTD,65535,255,1027.673828125
1788854979.8599236,2026-09-08T08:09:39.859923Z,8259,70,CTD,65535,255,1027.66943359375
1788854980.0604732,2026-09-08T08:09:40.060473Z,8259,70,CTD,65535,255,1027.6710205078125
1788854980.2599382,2026-09-08T08:09:40.259938Z,8259,70,CTD,65535,255,1027.6727294921875
1788854980.460129,2026-09-08T08:09:40.460129Z,8259,70,CTD,65535,255,1027.67138671875
1788854980.6598728,2026-09-08T08:09:40.659872Z,8259,70,CTD,65535,255,1027.6705322265625
1788854980.8598793,2026-09-08T08:09:40.859879Z,8259,70,CTD,65535,255,1027.665283203125
1788854981.0602975,2026-09-08T08:09:41.060297Z,8259,70,CTD,65535,255,1027.666748046875
1788854981.2601707,2026-09-08T08:09:41.260170Z,8259,70,CTD,65535,255,1027.666259765625
1788854981.4598627,2026-09-08T08:09:41.459862Z,8259,70,CTD,65535,255,1027.6636962890625
1788854981.6598427,2026-09-08T08:09:41.659842Z,8259,70,CTD,65535,255,1027.6644287109375
1788854981.8598287,2026-09-08T08:09:41.859828Z,8259,70,CTD,65535,255,1027.662353515625
1788854982.0601485,2026-09-08T08:09:42.060148Z,8259,70,CTD,65535,255,1027.6632080078125
1788854982.2599053,2026-09-08T08:09:42.259905Z,8259,70,CTD,65535,255,1027.6661376953125
1788854982.4598372,2026-09-08T08:09:42.459837Z,8259,70,CTD,65535,255,1027.663330078125
1788854982.6598928,2026-09-08T08:09:42.659892Z,8259,70,CTD,65535,255,1027.6630859375
1788854982.8598,2026-09-08T08:09:42.859800Z,8259,70,CTD,65535,255,1027.6619873046875
1788854983.060188,2026-09-08T08:09:43.060188Z,8259,70,CTD,65535,255,1027.6639404296875
1788854983.260098,2026-09-08T08:09:43.260097Z,8259,70,CTD,65535,255,1027.6646728515625
1788854983.4598546,2026-09-08T08:09:43.459854Z,8259,70,CTD,65535,255,1027.662841796875
1788854983.6598105,2026-09-08T08:09:43.659810Z,8259,70,CTD,65535,255,1027.6640625
1788854983.8597882,2026-09-08T08:09:43.859788Z,8259,70,CTD,65535,255,1027.6611328125
1788854984.060156,2026-09-08T08:09:44.060156Z,8259,70,CTD,65535,255,1027.6607666015625
1788854984.2598572,2026-09-08T08:09:44.259857Z,8259,70,CTD,65535,255,1027.6629638671875
1788854984.4597867,2026-09-08T08:09:44.459786Z,8259,70,CTD,65535,255,1027.660400390625
1788854984.6598258,2026-09-08T08:09:44.659825Z,8259,70,CTD,65535,255,1027.6605224609375
1788854984.8597858,2026-09-08T08:09:44.859785Z,8259,70,CTD,65535,255,1027.6619873046875
1788854985.0601995,2026-09-08T08:09:45.060199Z,8259,70,CTD,65535,255,1027.6663818359375
1788854985.2601268,2026-09-08T08:09:45.260126Z,8259,70,CTD,65535,255,1027.6673583984375
1788854985.4598541,2026-09-08T08:09:45.459854Z,8259,70,CTD,65535,255,1027.6640625
1788854985.6600456,2026-09-08T08:09:45.660045Z,8259,70,CTD,65535,255,1027.6668701171875
1788854985.859805,2026-09-08T08:09:45.859805Z,8259,70,CTD,65535,255,1027.6602783203125
1788854986.0603604,2026-09-08T08:09:46.060360Z,8259,70,CTD,65535,255,1027.658935546875
1788854986.2601244,2026-09-08T08:09:46.260124Z,8259,70,CTD,65535,255,1027.661865234375
1788854986.4600608,2026-09-08T08:09:46.460060Z,8259,70,CTD,65535,255,1027.66064453125
1788854986.660053,2026-09-08T08:09:46.660053Z,8259,70,CTD,65535,255,1027.6627197265625
1788854986.8600085,2026-09-08T08:09:46.860008Z,8259,70,CTD,65535,255,1027.6624755859375
1788854987.0600433,2026-09-08T08:09:47.060043Z,8259,70,CTD,65535,255,1027.6611328125
1788854987.259901,2026-09-08T08:09:47.259901Z,8259,70,CTD,65535,255,1027.6585693359375
1788854987.459805,2026-09-08T08:09:47.459805Z,8259,70,CTD,65535,255,1027.660888671875
1788854987.6600251,2026-09-08T08:09:47.660025Z,8259,70,CTD,65535,255,1027.6634521484375
1788854987.8597388,2026-09-08T08:09:47.859738Z,8259,70,CTD,65535,255,1027.661376953125
1788854988.0600622,2026-09-08T08:09:48.060062Z,8259,70,CTD,65535,255,1027.661376953125
1788854988.2596734,2026-09-08T08:09:48.259673Z,8259,70,CTD,65535,255,1027.6666259765625
1788854988.4599192,2026-09-08T08:09:48.459919Z,8259,70,CTD,65535,255,1027.66455078125
1788854988.6596122,2026-09-08T08:09:48.659612Z,8259,70,CTD,65535,255,1027.661376953125
1788854988.8596182,2026-09-08T08:09:48.859618Z,8259,70,CTD,65535,255,1027.6676025390625
1788854989.0599947,2026-09-08T08:09:49.059994Z,8259,70,CTD,65535,255,1027.65771484375
1788854989.259875,2026-09-08T08:09:49.259875Z,8259,70,CTD,65535,255,1027.65869140625
1788854989.4595582,2026-09-08T08:09:49.459558Z,8259,70,CTD,65535,255,1027.65966796875
1788854989.6595232,2026-09-08T08:09:49.659523Z,8259,70,CTD,65535,255,1027.664306640625
1788854989.8595328,2026-09-08T08:09:49.859532Z,8259,70,CTD,65535,255,1027.666015625
1788854990.059934,2026-09-08T08:09:50.059933Z,8259,70,CTD,65535,255,1027.661865234375
1788854990.2595704,2026-09-08T08:09:50.259570Z,8259,70,CTD,65535,255,1027.666259765625
1788854990.459465,2026-09-08T08:09:50.459465Z,8259,70,CTD,65535,255,1027.66259765625
1788854990.6594496,2026-09-08T08:09:50.659449Z,8259,70,CTD,65535,255,1027.6639404296875
1788854990.8593795,2026-09-08T08:09:50.859379Z,8259,70,CTD,65535,255,1027.66064453125
1788854991.059808,2026-09-08T08:09:51.059808Z,8259,70,CTD,65535,255,1027.6629638671875
1788854991.2596478,2026-09-08T08:09:51.259647Z,8259,70,CTD,65535,255,1027.6588134765625
1788854991.459337,2026-09-08T08:09:51.459336Z,8259,70,CTD,65535,255,1027.658935546875
1788854991.6593897,2026-09-08T08:09:51.659389Z,8259,70,CTD,65535,255,1027.6627197265625
1788854991.859428,2026-09-08T08:09:51.859427Z,8259,70,CTD,65535,255,1027.6627197265625
1788854992.0598247,2026-09-08T08:09:52.059824Z,8259,70,CTD,65535,255,1027.6649169921875
1788854992.2598484,2026-09-08T08:09:52.259848Z,8259,70,CTD,65535,255,1027.6640625
1788854992.4598813,2026-09-08T08:09:52.459881Z,8259,70,CTD,65535,255,1027.6549072265625
1788854992.6596603,2026-09-08T08:09:52.659660Z,8259,70,CTD,65535,255,1027.66357421875
1788854992.8597727,2026-09-08T08:09:52.859772Z,8259,70,CTD,65535,255,1027.6644287109375
1788854993.0603564,2026-09-08T08:09:53.060356Z,8259,70,CTD,65535,255,1027.6641845703125
1788854993.259843,2026-09-08T08:09:53.259843Z,8259,70,CTD,65535,255,1027.6678466796875
1788854993.4598672,2026-09-08T08:09:53.459867Z,8259,70,CTD,65535,255,1027.6683349609375
1788854993.6598935,2026-09-08T08:09:53.659893Z,8259,70,CTD,65535,255,1027.664306640625
1788854993.859846,2026-09-08T08:09:53.859846Z,8259,70,CTD,65535,255,1027.6630859375
1788854994.0608213,2026-09-08T08:09:54.060821Z,8259,70,CTD,65535,255,1027.662109375
1788854994.2601943,2026-09-08T08:09:54.260194Z,8259,70,CTD,65535,255,1027.66015625
1788854994.459923,2026-09-08T08:09:54.459923Z,8259,70,CTD,65535,255,1027.66015625
1788854994.659864,2026-09-08T08:09:54.659863Z,8259,70,CTD,65535,255,1027.6650390625
1788854994.859866,2026-09-08T08:09:54.859865Z,8259,70,CTD,65535,255,1027.6651611328125
1788854995.0603092,2026-09-08T08:09:55.060309Z,8259,70,CTD,65535,255,1027.6676025390625
1788854995.2599795,2026-09-08T08:09:55.259979Z,8259,70,CTD,65535,255,1027.6666259765625
1788854995.4599028,2026-09-08T08:09:55.459902Z,8259,70,CTD,65535,255,1027.6669921875
1788854995.6598794,2026-09-08T08:09:55.659879Z,8259,70,CTD,65535,255,1027.6624755859375
1788854995.8598084,2026-09-08T08:09:55.859808Z,8259,70,CTD,65535,255,1027.660888671875
1788854996.0601897,2026-09-08T08:09:56.060189Z,8259,70,CTD,65535,255,1027.6658935546875
1788854996.2601159,2026-09-08T08:09:56.260115Z,8259,70,CTD,65535,255,1027.6650390625
1788854996.4598489,2026-09-08T08:09:56.459848Z,8259,70,CTD,65535,255,1027.6668701171875
1788854996.6596718,2026-09-08T08:09:56.659671Z,8259,70,CTD,65535,255,1027.6658935546875
1788854996.8599231,2026-09-08T08:09:56.859923Z,8259,70,CTD,65535,255,1027.666748046875
1788854997.0600765,2026-09-08T08:09:57.060076Z,8259,70,CTD,65535,255,1027.667724609375
1788854997.2599452,2026-09-08T08:09:57.259945Z,8259,70,CTD,65535,255,1027.6649169921875
1788854997.4595668,2026-09-08T08:09:57.459566Z,8259,70,CTD,65535,255,1027.66845703125
1788854997.6592684,2026-09-08T08:09:57.659268Z,8259,70,CTD,65535,255,1027.6651611328125
1788854997.8591769,2026-09-08T08:09:57.859176Z,8259,70,CTD,65535,255,1027.6644287109375
1788854998.058926,2026-09-08T08:09:58.058926Z,8259,70,CTD,65535,255,1027.664306640625
1788854998.2585814,2026-09-08T08:09:58.258581Z,8259,70,CTD,65535,255,1027.66357421875
1788854998.4582632,2026-09-08T08:09:58.458263Z,8259,70,CTD,65535,255,1027.6630859375
1788854998.6580174,2026-09-08T08:09:58.658017Z,8259,70,CTD,65535,255,1027.66748046875
1788854998.8575914,2026-09-08T08:09:58.857591Z,8259,70,CTD,65535,255,1027.667724609375
1788854999.0579927,2026-09-08T08:09:59.057992Z,8259,70,CTD,65535,255,1027.66552734375
1788854999.2575178,2026-09-08T08:09:59.257517Z,8259,70,CTD,65535,255,1027.6683349609375
1788854999.4571576,2026-09-08T08:09:59.457157Z,8259,70,CTD,65535,255,1027.6673583984375
1788854999.6570156,2026-09-08T08:09:59.657015Z,8259,70,CTD,65535,255,1027.666748046875
1788854999.8569963,2026-09-08T08:09:59.856996Z,8259,70,CTD,65535,255,1027.669189453125
1788855000.0574057,2026-09-08T08:10:00.057405Z,8259,70,CTD,65535,255,1027.67041015625
1788855000.2570202,2026-09-08T08:10:00.257020Z,8259,70,CTD,65535,255,1027.6680908203125
1788855000.4569545,2026-09-08T08:10:00.456954Z,8259,70,CTD,65535,255,1027.6680908203125
1788855000.6569803,2026-09-08T08:10:00.656980Z,8259,70,CTD,65535,255,1027.666015625
1788855000.8570206,2026-09-08T08:10:00.857020Z,8259,70,CTD,65535,255,1027.6646728515625
1788855001.0574236,2026-09-08T08:10:01.057423Z,8259,70,CTD,65535,255,1027.6650390625
1788855001.2574947,2026-09-08T08:10:01.257494Z,8259,70,CTD,65535,255,1027.6661376953125
1788855001.4572697,2026-09-08T08:10:01.457269Z,8259,70,CTD,65535,255,1027.665771484375
1788855001.657417,2026-09-08T08:10:01.657417Z,8259,70,CTD,65535,255,1027.6695556640625
1788855001.8574128,2026-09-08T08:10:01.857412Z,8259,70,CTD,65535,255,1027.6693115234375
1788855002.058001,2026-09-08T08:10:02.058001Z,8259,70,CTD,65535,255,1027.6689453125
1788855002.257662,2026-09-08T08:10:02.257662Z,8259,70,CTD,65535,255,1027.669189453125
1788855002.4577203,2026-09-08T08:10:02.457720Z,8259,70,CTD,65535,255,1027.6651611328125
1788855002.6578927,2026-09-08T08:10:02.657892Z,8259,70,CTD,65535,255,1027.6678466796875
1788855002.858358,2026-09-08T08:10:02.858357Z,8259,70,CTD,65535,255,1027.6693115234375
1788855003.058731,2026-09-08T08:10:03.058731Z,8259,70,CTD,65535,255,1027.6632080078125
1788855003.2588418,2026-09-08T08:10:03.258841Z,8259,70,CTD,65535,255,1027.6688232421875
1788855003.4587998,2026-09-08T08:10:03.458799Z,8259,70,CTD,65535,255,1027.6640625
1788855003.6586912,2026-09-08T08:10:03.658691Z,8259,70,CTD,65535,255,1027.664794921875
1788855003.8586326,2026-09-08T08:10:03.858632Z,8259,70,CTD,65535,255,1027.6671142578125
1788855004.058787,2026-09-08T08:10:04.058787Z,8259,70,CTD,65535,255,1027.6649169921875
1788855004.2586055,2026-09-08T08:10:04.258605Z,8259,70,CTD,65535,255,1027.669677734375
1788855004.45848,2026-09-08T08:10:04.458479Z,8259,70,CTD,65535,255,1027.6680908203125
1788855004.6584158,2026-09-08T08:10:04.658415Z,8259,70,CTD,65535,255,1027.66845703125
1788855004.8583112,2026-09-08T08:10:04.858311Z,8259,70,CTD,65535,255,1027.6661376953125
1788855005.0587368,2026-09-08T08:10:05.058736Z,8259,70,CTD,65535,255,1027.6668701171875
1788855005.2586114,2026-09-08T08:10:05.258611Z,8259,70,CTD,65535,255,1027.6697998046875
1788855005.458246,2026-09-08T08:10:05.458245Z,8259,70,CTD,65535,255,1027.6661376953125
1788855005.6582677,2026-09-08T08:10:05.658267Z,8259,70,CTD,65535,255,1027.6671142578125
1788855005.8583856,2026-09-08T08:10:05.858385Z,8259,70,CTD,65535,255,1027.6673583984375
1788855006.0590193,2026-09-08T08:10:06.059019Z,8259,70,CTD,65535,255,1027.6676025390625
1788855006.2586331,2026-09-08T08:10:06.258633Z,8259,70,CTD,65535,255,1027.665771484375
1788855006.4589343,2026-09-08T08:10:06.458934Z,8259,70,CTD,65535,255,1027.666748046875
1788855006.6585917,2026-09-08T08:10:06.658591Z,8259,70,CTD,65535,255,1027.6666259765625
1788855006.8584266,2026-09-08T08:10:06.858426Z,8259,70,CTD,65535,255,1027.6668701171875
1788855007.05872,2026-09-08T08:10:07.058720Z,8259,70,CTD,65535,255,1027.6690673828125
1788855007.2582808,2026-09-08T08:10:07.258280Z,8259,70,CTD,65535,255,1027.664794921875
1788855007.4581385,2026-09-08T08:10:07.458138Z,8259,70,CTD,65535,255,1027.6676025390625
1788855007.658003,2026-09-08T08:10:07.658003Z,8259,70,CTD,65535,255,1027.6639404296875
1788855007.857842,2026-09-08T08:10:07.857841Z,8259,70,CTD,65535,255,1027.668212890625
1788855008.0582175,2026-09-08T08:10:08.058217Z,8259,70,CTD,65535,255,1027.667236328125
1788855008.2576876,2026-09-08T08:10:08.257687Z,8259,70,CTD,65535,255,1027.6663818359375
1788855008.4574947,2026-09-08T08:10:08.457494Z,8259,70,CTD,65535,255,1027.667236328125
1788855008.6574388,2026-09-08T08:10:08.657438Z,8259,70,CTD,65535,255,1027.6685791015625
1788855008.8573568,2026-09-08T08:10:08.857356Z,8259,70,CTD,65535,255,1027.6666259765625
1788855009.057783,2026-09-08T08:10:09.057782Z,8259,70,CTD,65535,255,1027.668701171875
1788855009.2575276,2026-09-08T08:10:09.257527Z,8259,70,CTD,65535,255,1027.6680908203125
1788855009.4572,2026-09-08T08:10:09.457200Z,8259,70,CTD,65535,255,1027.668701171875
1788855009.6571522,2026-09-08T08:10:09.657152Z,8259,70,CTD,65535,255,1027.665283203125
1788855009.857178,2026-09-08T08:10:09.857177Z,8259,70,CTD,65535,255,1027.666015625
1788855010.0575798,2026-09-08T08:10:10.057579Z,8259,70,CTD,65535,255,1027.6680908203125
1788855010.2572808,2026-09-08T08:10:10.257280Z,8259,70,CTD,65535,255,1027.6669921875
1788855010.4574943,2026-09-08T08:10:10.457494Z,8259,70,CTD,65535,255,1027.6668701171875
1788855010.6574209,2026-09-08T08:10:10.657420Z,8259,70,CTD,65535,255,1027.6676025390625
1788855010.857786,2026-09-08T08:10:10.857785Z,8259,70,CTD,65535,255,1027.66796875
1788855011.0579207,2026-09-08T08:10:11.057920Z,8259,70,CTD,65535,255,1027.670654296875
1788855011.2581952,2026-09-08T08:10:11.258195Z,8259,70,CTD,65535,255,1027.6680908203125
1788855011.4581168,2026-09-08T08:10:11.458116Z,8259,70,CTD,65535,255,1027.668701171875
1788855011.6580503,2026-09-08T08:10:11.658050Z,8259,70,CTD,65535,255,1027.6663818359375
1788855011.8579822,2026-09-08T08:10:11.857982Z,8259,70,CTD,65535,255,1027.665283203125
1788855012.0582716,2026-09-08T08:10:12.058271Z,8259,70,CTD,65535,255,1027.6695556640625
1788855012.2579224,2026-09-08T08:10:12.257922Z,8259,70,CTD,65535,255,1027.66845703125
1788855012.4580488,2026-09-08T08:10:12.458048Z,8259,70,CTD,65535,255,1027.6673583984375
1788855012.6577368,2026-09-08T08:10:12.657736Z,8259,70,CTD,65535,255,1027.669677734375
1788855012.8578885,2026-09-08T08:10:12.857888Z,8259,70,CTD,65535,255,1027.668212890625
1788855013.0578575,2026-09-08T08:10:13.057857Z,8259,70,CTD,65535,255,1027.6707763671875
1788855013.2578034,2026-09-08T08:10:13.257803Z,8259,70,CTD,65535,255,1027.6705322265625
1788855013.4577138,2026-09-08T08:10:13.457713Z,8259,70,CTD,65535,255,1027.6737060546875
1788855013.657379,2026-09-08T08:10:13.657378Z,8259,70,CTD,65535,255,1027.670654296875
1788855013.857574,2026-09-08T08:10:13.857573Z,8259,70,CTD,65535,255,1027.67236328125
1788855014.0576117,2026-09-08T08:10:14.057611Z,8259,70,CTD,65535,255,1027.6722412109375
1788855014.2575939,2026-09-08T08:10:14.257593Z,8259,70,CTD,65535,255,1027.6717529296875
1788855014.4572327,2026-09-08T08:10:14.457232Z,8259,70,CTD,65535,255,1027.675048828125
1788855014.6574743,2026-09-08T08:10:14.657474Z,8259,70,CTD,65535,255,1027.671142578125
1788855014.857446,2026-09-08T08:10:14.857445Z,8259,70,CTD,65535,255,1027.6712646484375
1788855015.057561,2026-09-08T08:10:15.057560Z,8259,70,CTD,65535,255,1027.67138671875
1788855015.257488,2026-09-08T08:10:15.257488Z,8259,70,CTD,65535,255,1027.6668701171875
1788855015.4574745,2026-09-08T08:10:15.457474Z,8259,70,CTD,65535,255,1027.669921875
1788855015.657179,2026-09-08T08:10:15.657179Z,8259,70,CTD,65535,255,1027.6695556640625
1788855015.857463,2026-09-08T08:10:15.857462Z,8259,70,CTD,65535,255,1027.6705322265625
1788855016.0574892,2026-09-08T08:10:16.057489Z,8259,70,CTD,65535,255,1027.6668701171875
1788855016.2575097,2026-09-08T08:10:16.257509Z,8259,70,CTD,65535,255,1027.6683349609375
1788855016.457199,2026-09-08T08:10:16.457199Z,8259,70,CTD,65535,255,1027.666259765625
1788855016.6571903,2026-09-08T08:10:16.657190Z,8259,70,CTD,65535,255,1027.6702880859375
1788855016.8571904,2026-09-08T08:10:16.857190Z,8259,70,CTD,65535,255,1027.6705322265625
1788855017.0576615,2026-09-08T08:10:17.057661Z,8259,70,CTD,65535,255,1027.668701171875
1788855017.2572877,2026-09-08T08:10:17.257287Z,8259,70,CTD,65535,255,1027.6689453125
1788855017.4575138,2026-09-08T08:10:17.457513Z,8259,70,CTD,65535,255,1027.6695556640625
1788855017.6572506,2026-09-08T08:10:17.657250Z,8259,70,CTD,65535,255,1027.6678466796875
1788855017.8574727,2026-09-08T08:10:17.857472Z,8259,70,CTD,65535,255,1027.668701171875
1788855018.0576446,2026-09-08T08:10:18.057644Z,8259,70,CTD,65535,255,1027.669677734375
1788855018.2575603,2026-09-08T08:10:18.257560Z,8259,70,CTD,65535,255,1027.67333984375
1788855018.4573002,2026-09-08T08:10:18.457300Z,8259,70,CTD,65535,255,1027.6693115234375
1788855018.6572735,2026-09-08T08:10:18.657273Z,8259,70,CTD,65535,255,1027.6707763671875
1788855018.857287,2026-09-08T08:10:18.857286Z,8259,70,CTD,65535,255,1027.6690673828125
1788855019.057465,2026-09-08T08:10:19.057465Z,8259,70,CTD,65535,255,1027.67041015625
1788855019.2573617,2026-09-08T08:10:19.257361Z,8259,70,CTD,65535,255,1027.6708984375
1788855019.457428,2026-09-08T08:10:19.457427Z,8259,70,CTD,65535,255,1027.6689453125
1788855019.657357,2026-09-08T08:10:19.657356Z,8259,70,CTD,65535,255,1027.6676025390625
1788855019.8574352,2026-09-08T08:10:19.857435Z,8259,70,CTD,65535,255,1027.668701171875
1788855020.0577738,2026-09-08T08:10:20.057773Z,8259,70,CTD,65535,255,1027.6663818359375
1788855020.2576988,2026-09-08T08:10:20.257698Z,8259,70,CTD,65535,255,1027.668701171875
1788855020.4574745,2026-09-08T08:10:20.457474Z,8259,70,CTD,65535,255,1027.6680908203125
1788855020.657575,2026-09-08T08:10:20.657574Z,8259,70,CTD,65535,255,1027.6689453125
1788855020.857722,2026-09-08T08:10:20.857722Z,8259,70,CTD,65535,255,1027.6693115234375
1788855021.0583167,2026-09-08T08:10:21.058316Z,8259,70,CTD,65535,255,1027.66845703125
1788855021.2580872,2026-09-08T08:10:21.258087Z,8259,70,CTD,65535,255,1027.67041015625
1788855021.4584274,2026-09-08T08:10:21.458427Z,8259,70,CTD,65535,255,1027.666748046875
1788855021.6581564,2026-09-08T08:10:21.658156Z,8259,70,CTD,65535,255,1027.666748046875
1788855021.8583307,2026-09-08T08:10:21.858330Z,8259,70,CTD,65535,255,1027.668212890625
1788855022.058448,2026-09-08T08:10:22.058448Z,8259,70,CTD,65535,255,1027.668212890625
1788855022.2580104,2026-09-08T08:10:22.258010Z,8259,70,CTD,65535,255,1027.667236328125
1788855022.4579456,2026-09-08T08:10:22.457945Z,8259,70,CTD,65535,255,1027.668212890625
1788855022.6583476,2026-09-08T08:10:22.658347Z,8259,70,CTD,65535,255,1027.6734619140625
1788855022.8580496,2026-09-08T08:10:22.858049Z,8259,70,CTD,65535,255,1027.67236328125
1788855023.0584676,2026-09-08T08:10:23.058467Z,8259,70,CTD,65535,255,1027.6700439453125
1788855023.2586064,2026-09-08T08:10:23.258606Z,8259,70,CTD,65535,255,1027.671875
1788855023.458426,2026-09-08T08:10:23.458425Z,8259,70,CTD,65535,255,1027.67138671875
1788855023.658411,2026-09-08T08:10:23.658411Z,8259,70,CTD,65535,255,1027.671142578125
1788855023.858639,2026-09-08T08:10:23.858639Z,8259,70,CTD,65535,255,1027.6708984375
1788855024.059233,2026-09-08T08:10:24.059232Z,8259,70,CTD,65535,255,1027.67236328125
1788855024.2585337,2026-09-08T08:10:24.258533Z,8259,70,CTD,65535,255,1027.674560546875
1788855024.4587588,2026-09-08T08:10:24.458758Z,8259,70,CTD,65535,255,1027.672119140625
1788855024.6584795,2026-09-08T08:10:24.658479Z,8259,70,CTD,65535,255,1027.6734619140625
1788855024.8587139,2026-09-08T08:10:24.858713Z,8259,70,CTD,65535,255,1027.6729736328125
1788855025.0589533,2026-09-08T08:10:25.058953Z,8259,70,CTD,65535,255,1027.6741943359375
1788855025.258781,2026-09-08T08:10:25.258780Z,8259,70,CTD,65535,255,1027.675537109375
1788855025.4584744,2026-09-08T08:10:25.458474Z,8259,70,CTD,65535,255,1027.674560546875
1788855025.658422,2026-09-08T08:10:25.658421Z,8259,70,CTD,65535,255,1027.6739501953125
1788855025.8583653,2026-09-08T08:10:25.858365Z,8259,70,CTD,65535,255,1027.6737060546875
1788855026.0588446,2026-09-08T08:10:26.058844Z,8259,70,CTD,65535,255,1027.6734619140625
1788855026.258361,2026-09-08T08:10:26.258361Z,8259,70,CTD,65535,255,1027.67236328125
1788855026.4585593,2026-09-08T08:10:26.458559Z,8259,70,CTD,65535,255,1027.67236328125
1788855026.6582632,2026-09-08T08:10:26.658263Z,8259,70,CTD,65535,255,1027.67578125
1788855026.8584664,2026-09-08T08:10:26.858466Z,8259,70,CTD,65535,255,1027.6749267578125
1788855027.0586708,2026-09-08T08:10:27.058670Z,8259,70,CTD,65535,255,1027.67578125
1788855027.2583108,2026-09-08T08:10:27.258310Z,8259,70,CTD,65535,255,1027.673095703125
1788855027.4582608,2026-09-08T08:10:27.458260Z,8259,70,CTD,65535,255,1027.675048828125
1788855027.65843,2026-09-08T08:10:27.658430Z,8259,70,CTD,65535,255,1027.6785888671875
1788855027.8581104,2026-09-08T08:10:27.858110Z,8259,70,CTD,65535,255,1027.6783447265625
1788855028.0585544,2026-09-08T08:10:28.058554Z,8259,70,CTD,65535,255,1027.67626953125
1788855028.2581508,2026-09-08T08:10:28.258150Z,8259,70,CTD,65535,255,1027.675048828125
1788855028.458314,2026-09-08T08:10:28.458313Z,8259,70,CTD,65535,255,1027.67626953125
1788855028.6580956,2026-09-08T08:10:28.658095Z,8259,70,CTD,65535,255,1027.674072265625
1788855028.858436,2026-09-08T08:10:28.858436Z,8259,70,CTD,65535,255,1027.67431640625
1788855029.0583336,2026-09-08T08:10:29.058333Z,8259,70,CTD,65535,255,1027.6761474609375
1788855029.258376,2026-09-08T08:10:29.258375Z,8259,70,CTD,65535,255,1027.677734375
1788855029.4580672,2026-09-08T08:10:29.458067Z,8259,70,CTD,65535,255,1027.6778564453125
1788855029.6582108,2026-09-08T08:10:29.658210Z,8259,70,CTD,65535,255,1027.6761474609375
1788855029.857935,2026-09-08T08:10:29.857934Z,8259,70,CTD,65535,255,1027.676025390625
1788855030.0584602,2026-09-08T08:10:30.058460Z,8259,70,CTD,65535,255,1027.673583984375
1788855030.2579813,2026-09-08T08:10:30.257981Z,8259,70,CTD,65535,255,1027.675048828125
1788855030.458137,2026-09-08T08:10:30.458137Z,8259,70,CTD,65535,255,1027.6728515625
1788855030.6579983,2026-09-08T08:10:30.657998Z,8259,70,CTD,65535,255,1027.675537109375
1788855030.8581412,2026-09-08T08:10:30.858141Z,8259,70,CTD,65535,255,1027.671142578125
1788855031.0582774,2026-09-08T08:10:31.058277Z,8259,70,CTD,65535,255,1027.675537109375
1788855031.258203,2026-09-08T08:10:31.258203Z,8259,70,CTD,65535,255,1027.6763916015625
1788855031.4579484,2026-09-08T08:10:31.457948Z,8259,70,CTD,65535,255,1027.6748046875
1788855031.6581364,2026-09-08T08:10:31.658136Z,8259,70,CTD,65535,255,1027.6705322265625
1788855031.8581986,2026-09-08T08:10:31.858198Z,8259,70,CTD,65535,255,1027.6766357421875
1788855032.0584667,2026-09-08T08:10:32.058466Z,8259,70,CTD,65535,255,1027.6763916015625
1788855032.258885,2026-09-08T08:10:32.258884Z,8259,70,CTD,65535,255,1027.673095703125
1788855032.4579053,2026-09-08T08:10:32.457905Z,8259,70,CTD,65535,255,1027.675048828125
1788855032.657922,2026-09-08T08:10:32.657922Z,8259,70,CTD,65535,255,1027.6749267578125
1788855032.8578947,2026-09-08T08:10:32.857894Z,8259,70,CTD,65535,255,1027.6756591796875
1788855033.0582602,2026-09-08T08:10:33.058260Z,8259,70,CTD,65535,255,1027.6734619140625
1788855033.260187,2026-09-08T08:10:33.260186Z,8259,70,CTD,65535,255,1027.6746826171875
1788855033.4579613,2026-09-08T08:10:33.457961Z,8259,70,CTD,65535,255,1027.674072265625
1788855033.6581771,2026-09-08T08:10:33.658177Z,8259,70,CTD,65535,255,1027.67236328125
1788855033.857888,2026-09-08T08:10:33.857887Z,8259,70,CTD,65535,255,1027.676025390625
1788855034.0584989,2026-09-08T08:10:34.058498Z,8259,70,CTD,65535,255,1027.6727294921875
1788855034.2579546,2026-09-08T08:10:34.257954Z,8259,70,CTD,65535,255,1027.673583984375
1788855034.457996,2026-09-08T08:10:34.457995Z,8259,70,CTD,65535,255,1027.6732177734375
1788855034.657954,2026-09-08T08:10:34.657953Z,8259,70,CTD,65535,255,1027.6754150390625
1788855034.8581078,2026-09-08T08:10:34.858107Z,8259,70,CTD,65535,255,1027.675537109375
1788855035.0584042,2026-09-08T08:10:35.058404Z,8259,70,CTD,65535,255,1027.674560546875
1788855035.2580328,2026-09-08T08:10:35.258032Z,8259,70,CTD,65535,255,1027.6768798828125
1788855035.4581459,2026-09-08T08:10:35.458145Z,8259,70,CTD,65535,255,1027.6776123046875
1788855035.658079,2026-09-08T08:10:35.658078Z,8259,70,CTD,65535,255,1027.677734375
1788855035.858013,2026-09-08T08:10:35.858012Z,8259,70,CTD,65535,255,1027.675048828125
1788855036.0582662,2026-09-08T08:10:36.058266Z,8259,70,CTD,65535,255,1027.6737060546875
1788855036.258081,2026-09-08T08:10:36.258080Z,8259,70,CTD,65535,255,1027.67724609375
1788855036.4579473,2026-09-08T08:10:36.457947Z,8259,70,CTD,65535,255,1027.67724609375
1788855036.657999,2026-09-08T08:10:36.657999Z,8259,70,CTD,65535,255,1027.6768798828125
1788855036.857919,2026-09-08T08:10:36.857918Z,8259,70,CTD,65535,255,1027.676513671875
1788855037.0580478,2026-09-08T08:10:37.058047Z,8259,70,CTD,65535,255,1027.6761474609375
1788855037.257996,2026-09-08T08:10:37.257996Z,8259,70,CTD,65535,255,1027.676513671875
1788855037.4580264,2026-09-08T08:10:37.458026Z,8259,70,CTD,65535,255,1027.6748046875
1788855037.6580074,2026-09-08T08:10:37.658007Z,8259,70,CTD,65535,255,1027.6778564453125
1788855037.8579147,2026-09-08T08:10:37.857914Z,8259,70,CTD,65535,255,1027.6739501953125
1788855038.0581372,2026-09-08T08:10:38.058137Z,8259,70,CTD,65535,255,1027.676025390625
1788855038.2580469,2026-09-08T08:10:38.258046Z,8259,70,CTD,65535,255,1027.67626953125
1788855038.4578989,2026-09-08T08:10:38.457898Z,8259,70,CTD,65535,255,1027.6761474609375
1788855038.6578987,2026-09-08T08:10:38.657898Z,8259,70,CTD,65535,255,1027.6787109375
1788855038.8578217,2026-09-08T08:10:38.857821Z,8259,70,CTD,65535,255,1027.6817626953125
1788855039.0580852,2026-09-08T08:10:39.058085Z,8259,70,CTD,65535,255,1027.6788330078125
1788855039.2577245,2026-09-08T08:10:39.257724Z,8259,70,CTD,65535,255,1027.6787109375
1788855039.4575605,2026-09-08T08:10:39.457560Z,8259,70,CTD,65535,255,1027.6746826171875
1788855039.6577272,2026-09-08T08:10:39.657727Z,8259,70,CTD,65535,255,1027.677001953125
1788855039.8577342,2026-09-08T08:10:39.857734Z,8259,70,CTD,65535,255,1027.676513671875
1788855040.057783,2026-09-08T08:10:40.057782Z,8259,70,CTD,65535,255,1027.6761474609375
1788855040.2578838,2026-09-08T08:10:40.257883Z,8259,70,CTD,65535,255,1027.6761474609375
1788855040.4576232,2026-09-08T08:10:40.457623Z,8259,70,CTD,65535,255,1027.6766357421875
1788855040.6576695,2026-09-08T08:10:40.657669Z,8259,70,CTD,65535,255,1027.6781005859375
1788855040.8573997,2026-09-08T08:10:40.857399Z,8259,70,CTD,65535,255,1027.677734375
1788855041.057709,2026-09-08T08:10:41.057708Z,8259,70,CTD,65535,255,1027.6778564453125
1788855041.2587202,2026-09-08T08:10:41.258720Z,8259,70,CTD,65535,255,1027.679443359375
1788855041.4575338,2026-09-08T08:10:41.457533Z,8259,70,CTD,65535,255,1027.6787109375
1788855041.6574657,2026-09-08T08:10:41.657465Z,8259,70,CTD,65535,255,1027.679931640625
1788855041.8574467,2026-09-08T08:10:41.857446Z,8259,70,CTD,65535,255,1027.677734375
1788855042.0577598,2026-09-08T08:10:42.057759Z,8259,70,CTD,65535,255,1027.680419921875
1788855042.2573512,2026-09-08T08:10:42.257351Z,8259,70,CTD,65535,255,1027.6812744140625
1788855042.457364,2026-09-08T08:10:42.457364Z,8259,70,CTD,65535,255,1027.6810302734375
1788855042.6573226,2026-09-08T08:10:42.657322Z,8259,70,CTD,65535,255,1027.6788330078125
1788855042.8574824,2026-09-08T08:10:42.857482Z,8259,70,CTD,65535,255,1027.67822265625
1788855043.0576363,2026-09-08T08:10:43.057636Z,8259,70,CTD,65535,255,1027.67822265625
1788855043.2574759,2026-09-08T08:10:43.257475Z,8259,70,CTD,65535,255,1027.68017578125
1788855043.4572468,2026-09-08T08:10:43.457246Z,8259,70,CTD,65535,255,1027.6783447265625
1788855043.6572626,2026-09-08T08:10:43.657262Z,8259,70,CTD,65535,255,1027.6783447265625
1788855043.857262,2026-09-08T08:10:43.857261Z,8259,70,CTD,65535,255,1027.6788330078125
1788855044.0575464,2026-09-08T08:10:44.057546Z,8259,70,CTD,65535,255,1027.6805419921875
1788855044.2574046,2026-09-08T08:10:44.257404Z,8259,70,CTD,65535,255,1027.6802978515625
1788855044.4575322,2026-09-08T08:10:44.457532Z,8259,70,CTD,65535,255,1027.677978515625
1788855044.6576934,2026-09-08T08:10:44.657693Z,8259,70,CTD,65535,255,1027.679443359375
1788855044.8577201,2026-09-08T08:10:44.857720Z,8259,70,CTD,65535,255,1027.6768798828125
1788855045.05806,2026-09-08T08:10:45.058059Z,8259,70,CTD,65535,255,1027.6783447265625
1788855045.2583265,2026-09-08T08:10:45.258326Z,8259,70,CTD,65535,255,1027.6783447265625
1788855045.4582667,2026-09-08T08:10:45.458266Z,8259,70,CTD,65535,255,1027.67822265625
1788855045.6585898,2026-09-08T08:10:45.658589Z,8259,70,CTD,65535,255,1027.6767578125
1788855045.8585632,2026-09-08T08:10:45.858563Z,8259,70,CTD,65535,255,1027.675048828125
1788855046.058952,2026-09-08T08:10:46.058952Z,8259,70,CTD,65535,255,1027.6773681640625
1788855046.2589085,2026-09-08T08:10:46.258908Z,8259,70,CTD,65535,255,1027.6763916015625
1788855046.4588013,2026-09-08T08:10:46.458801Z,8259,70,CTD,65535,255,1027.6800537109375
1788855046.658808,2026-09-08T08:10:46.658807Z,8259,70,CTD,65535,255,1027.6802978515625
1788855046.858958,2026-09-08T08:10:46.858958Z,8259,70,CTD,65535,255,1027.6793212890625
1788855047.0592213,2026-09-08T08:10:47.059221Z,8259,70,CTD,65535,255,1027.6773681640625
1788855047.2588952,2026-09-08T08:10:47.258895Z,8259,70,CTD,65535,255,1027.6810302734375
1788855047.458825,2026-09-08T08:10:47.458825Z,8259,70,CTD,65535,255,1027.6781005859375
1788855047.6588733,2026-09-08T08:10:47.658873Z,8259,70,CTD,65535,255,1027.6781005859375
1788855047.8586812,2026-09-08T08:10:47.858681Z,8259,70,CTD,65535,255,1027.678466796875
1788855048.0589762,2026-09-08T08:10:48.058976Z,8259,70,CTD,65535,255,1027.6778564453125
1788855048.2588396,2026-09-08T08:10:48.258839Z,8259,70,CTD,65535,255,1027.6781005859375
1788855048.4588556,2026-09-08T08:10:48.458855Z,8259,70,CTD,65535,255,1027.6788330078125
1788855048.6585422,2026-09-08T08:10:48.658542Z,8259,70,CTD,65535,255,1027.677734375
1788855048.8585234,2026-09-08T08:10:48.858523Z,8259,70,CTD,65535,255,1027.6796875
1788855049.0587392,2026-09-08T08:10:49.058739Z,8259,70,CTD,65535,255,1027.6787109375
1788855049.258587,2026-09-08T08:10:49.258586Z,8259,70,CTD,65535,255,1027.6776123046875
1788855049.4584744,2026-09-08T08:10:49.458474Z,8259,70,CTD,65535,255,1027.6776123046875
1788855049.6585624,2026-09-08T08:10:49.658562Z,8259,70,CTD,65535,255,1027.6773681640625
1788855049.8585434,2026-09-08T08:10:49.858543Z,8259,70,CTD,65535,255,1027.6795654296875
1788855050.059162,2026-09-08T08:10:50.059161Z,8259,70,CTD,65535,255,1027.67626953125
1788855050.258886,2026-09-08T08:10:50.258886Z,8259,70,CTD,65535,255,1027.6793212890625
1788855050.4589272,2026-09-08T08:10:50.458927Z,8259,70,CTD,65535,255,1027.6793212890625
1788855050.658889,2026-09-08T08:10:50.658889Z,8259,70,CTD,65535,255,1027.676513671875
1788855050.858716,2026-09-08T08:10:50.858716Z,8259,70,CTD,65535,255,1027.676025390625
1788855051.0587947,2026-09-08T08:10:51.058794Z,8259,70,CTD,65535,255,1027.6773681640625
1788855051.2584763,2026-09-08T08:10:51.258476Z,8259,70,CTD,65535,255,1027.6759033203125
1788855051.4580922,2026-09-08T08:10:51.458092Z,8259,70,CTD,65535,255,1027.679931640625
1788855051.6577165,2026-09-08T08:10:51.657716Z,8259,70,CTD,65535,255,1027.677734375
1788855051.8569558,2026-09-08T08:10:51.856955Z,8259,70,CTD,65535,255,1027.6790771484375
1788855052.0566778,2026-09-08T08:10:52.056677Z,8259,70,CTD,65535,255,1027.6773681640625
1788855052.2558758,2026-09-08T08:10:52.255875Z,8259,70,CTD,65535,255,1027.6759033203125
1788855052.4549875,2026-09-08T08:10:52.454987Z,8259,70,CTD,65535,255,1027.677490234375
1788855052.65458,2026-09-08T08:10:52.654580Z,8259,70,CTD,65535,255,1027.6749267578125
1788855052.8543944,2026-09-08T08:10:52.854394Z,8259,70,CTD,65535,255,1027.67724609375
1788855053.0542004,2026-09-08T08:10:53.054200Z,8259,70,CTD,65535,255,1027.67724609375
1788855053.2536845,2026-09-08T08:10:53.253684Z,8259,70,CTD,65535,255,1027.677978515625
1788855053.4532475,2026-09-08T08:10:53.453247Z,8259,70,CTD,65535,255,1027.6768798828125
1788855053.6530795,2026-09-08T08:10:53.653079Z,8259,70,CTD,65535,255,1027.6768798828125
1788855053.8531878,2026-09-08T08:10:53.853187Z,8259,70,CTD,65535,255,1027.6790771484375
1788855054.053804,2026-09-08T08:10:54.053803Z,8259,70,CTD,65535,255,1027.677001953125
1788855054.2531197,2026-09-08T08:10:54.253119Z,8259,70,CTD,65535,255,1027.6776123046875
1788855054.45305,2026-09-08T08:10:54.453049Z,8259,70,CTD,65535,255,1027.67578125
1788855054.6530552,2026-09-08T08:10:54.653055Z,8259,70,CTD,65535,255,1027.6767578125
1788855054.8531857,2026-09-08T08:10:54.853185Z,8259,70,CTD,65535,255,1027.6746826171875
1788855055.053535,2026-09-08T08:10:55.053534Z,8259,70,CTD,65535,255,1027.677978515625
1788855055.2534828,2026-09-08T08:10:55.253482Z,8259,70,CTD,65535,255,1027.6759033203125
1788855055.4535253,2026-09-08T08:10:55.453525Z,8259,70,CTD,65535,255,1027.6787109375
1788855055.6537313,2026-09-08T08:10:55.653731Z,8259,70,CTD,65535,255,1027.6773681640625
1788855055.8537073,2026-09-08T08:10:55.853707Z,8259,70,CTD,65535,255,1027.6761474609375
1788855056.0540614,2026-09-08T08:10:56.054061Z,8259,70,CTD,65535,255,1027.6773681640625
1788855056.2539976,2026-09-08T08:10:56.253997Z,8259,70,CTD,65535,255,1027.673095703125
1788855056.4540253,2026-09-08T08:10:56.454025Z,8259,70,CTD,65535,255,1027.6767578125
1788855056.65409,2026-09-08T08:10:56.654089Z,8259,70,CTD,65535,255,1027.6739501953125
1788855056.8541677,2026-09-08T08:10:56.854167Z,8259,70,CTD,65535,255,1027.674560546875
1788855057.0544477,2026-09-08T08:10:57.054447Z,8259,70,CTD,65535,255,1027.673828125
1788855057.254407,2026-09-08T08:10:57.254406Z,8259,70,CTD,65535,255,1027.6766357421875
1788855057.4544327,2026-09-08T08:10:57.454432Z,8259,70,CTD,65535,255,1027.6766357421875
1788855057.6543748,2026-09-08T08:10:57.654374Z,8259,70,CTD,65535,255,1027.67431640625
1788855057.854248,2026-09-08T08:10:57.854248Z,8259,70,CTD,65535,255,1027.673828125
1788855058.0546489,2026-09-08T08:10:58.054648Z,8259,70,CTD,65535,255,1027.6741943359375
1788855058.2546337,2026-09-08T08:10:58.254633Z,8259,70,CTD,65535,255,1027.6761474609375
1788855058.4544747,2026-09-08T08:10:58.454474Z,8259,70,CTD,65535,255,1027.6748046875
1788855058.654441,2026-09-08T08:10:58.654441Z,8259,70,CTD,65535,255,1027.6749267578125
1788855058.8544137,2026-09-08T08:10:58.854413Z,8259,70,CTD,65535,255,1027.6768798828125
1788855059.0548556,2026-09-08T08:10:59.054855Z,8259,70,CTD,65535,255,1027.6761474609375
1788855059.2546992,2026-09-08T08:10:59.254699Z,8259,70,CTD,65535,255,1027.67578125
1788855059.4548185,2026-09-08T08:10:59.454818Z,8259,70,CTD,65535,255,1027.67578125
1788855059.6547308,2026-09-08T08:10:59.654730Z,8259,70,CTD,65535,255,1027.6727294921875
1788855059.854565,2026-09-08T08:10:59.854564Z,8259,70,CTD,65535,255,1027.6790771484375
1788855060.054939,2026-09-08T08:11:00.054939Z,8259,70,CTD,65535,255,1027.6715087890625
1788855060.2547493,2026-09-08T08:11:00.254749Z,8259,70,CTD,65535,255,1027.6741943359375
1788855060.4548066,2026-09-08T08:11:00.454806Z,8259,70,CTD,65535,255,1027.6744384765625
1788855060.6548126,2026-09-08T08:11:00.654812Z,8259,70,CTD,65535,255,1027.677734375
1788855060.8550522,2026-09-08T08:11:00.855052Z,8259,70,CTD,65535,255,1027.6751708984375
1788855061.055454,2026-09-08T08:11:01.055454Z,8259,70,CTD,65535,255,1027.6787109375
1788855061.255647,2026-09-08T08:11:01.255646Z,8259,70,CTD,65535,255,1027.6796875
1788855061.4556336,2026-09-08T08:11:01.455633Z,8259,70,CTD,65535,255,1027.677001953125
1788855061.6557722,2026-09-08T08:11:01.655772Z,8259,70,CTD,65535,255,1027.6754150390625
1788855061.8559859,2026-09-08T08:11:01.855985Z,8259,70,CTD,65535,255,1027.6773681640625
1788855062.05625,2026-09-08T08:11:02.056250Z,8259,70,CTD,65535,255,1027.6751708984375
1788855062.2562032,2026-09-08T08:11:02.256203Z,8259,70,CTD,65535,255,1027.6748046875
1788855062.4561646,2026-09-08T08:11:02.456164Z,8259,70,CTD,65535,255,1027.6766357421875
1788855062.655987,2026-09-08T08:11:02.655987Z,8259,70,CTD,65535,255,1027.6761474609375
1788855062.8562498,2026-09-08T08:11:02.856249Z,8259,70,CTD,65535,255,1027.6724853515625
1788855063.0564559,2026-09-08T08:11:03.056455Z,8259,70,CTD,65535,255,1027.6737060546875
1788855063.2561207,2026-09-08T08:11:03.256120Z,8259,70,CTD,65535,255,1027.6749267578125
1788855063.45611,2026-09-08T08:11:03.456110Z,8259,70,CTD,65535,255,1027.6768798828125
1788855063.655947,2026-09-08T08:11:03.655946Z,8259,70,CTD,65535,255,1027.6773681640625
1788855063.8560824,2026-09-08T08:11:03.856082Z,8259,70,CTD,65535,255,1027.6746826171875
1788855064.0562031,2026-09-08T08:11:04.056203Z,8259,70,CTD,65535,255,1027.6787109375
1788855064.256024,2026-09-08T08:11:04.256023Z,8259,70,CTD,65535,255,1027.6815185546875
1788855064.455737,2026-09-08T08:11:04.455737Z,8259,70,CTD,65535,255,1027.6771240234375
1788855064.6558084,2026-09-08T08:11:04.655808Z,8259,70,CTD,65535,255,1027.6754150390625
1788855064.8556104,2026-09-08T08:11:04.855610Z,8259,70,CTD,65535,255,1027.677490234375
1788855065.0560625,2026-09-08T08:11:05.056062Z,8259,70,CTD,65535,255,1027.6778564453125
1788855065.2558432,2026-09-08T08:11:05.255843Z,8259,70,CTD,65535,255,1027.6773681640625
1788855065.455669,2026-09-08T08:11:05.455668Z,8259,70,CTD,65535,255,1027.6751708984375
1788855065.6555583,2026-09-08T08:11:05.655558Z,8259,70,CTD,65535,255,1027.6751708984375
1788855065.855454,2026-09-08T08:11:05.855453Z,8259,70,CTD,65535,255,1027.6776123046875
1788855066.0556643,2026-09-08T08:11:06.055664Z,8259,70,CTD,65535,255,1027.67626953125
1788855066.2554736,2026-09-08T08:11:06.255473Z,8259,70,CTD,65535,255,1027.67724609375
1788855066.455342,2026-09-08T08:11:06.455342Z,8259,70,CTD,65535,255,1027.6741943359375
1788855066.6554255,2026-09-08T08:11:06.655425Z,8259,70,CTD,65535,255,1027.675048828125
1788855066.8553474,2026-09-08T08:11:06.855347Z,8259,70,CTD,65535,255,1027.67578125
1788855067.055694,2026-09-08T08:11:07.055694Z,8259,70,CTD,65535,255,1027.6783447265625
1788855067.2555866,2026-09-08T08:11:07.255586Z,8259,70,CTD,65535,255,1027.677734375
1788855067.4554107,2026-09-08T08:11:07.455410Z,8259,70,CTD,65535,255,1027.6744384765625
1788855067.6553507,2026-09-08T08:11:07.655350Z,8259,70,CTD,65535,255,1027.6751708984375
1788855067.8553803,2026-09-08T08:11:07.855380Z,8259,70,CTD,65535,255,1027.67724609375
1788855068.055704,2026-09-08T08:11:08.055704Z,8259,70,CTD,65535,255,1027.6746826171875
1788855068.2552984,2026-09-08T08:11:08.255298Z,8259,70,CTD,65535,255,1027.6732177734375
1788855068.4552896,2026-09-08T08:11:08.455289Z,8259,70,CTD,65535,255,1027.6737060546875
1788855068.655147,2026-09-08T08:11:08.655147Z,8259,70,CTD,65535,255,1027.67431640625
1788855068.8553338,2026-09-08T08:11:08.855333Z,8259,70,CTD,65535,255,1027.67919921875
1788855069.0556138,2026-09-08T08:11:09.055613Z,8259,70,CTD,65535,255,1027.6746826171875
1788855069.2553153,2026-09-08T08:11:09.255315Z,8259,70,CTD,65535,255,1027.6748046875
1788855069.4552314,2026-09-08T08:11:09.455231Z,8259,70,CTD,65535,255,1027.67431640625
1788855069.6553154,2026-09-08T08:11:09.655315Z,8259,70,CTD,65535,255,1027.673583984375
1788855069.8551352,2026-09-08T08:11:09.855135Z,8259,70,CTD,65535,255,1027.6754150390625
1788855070.0553226,2026-09-08T08:11:10.055322Z,8259,70,CTD,65535,255,1027.6767578125
1788855070.2550855,2026-09-08T08:11:10.255085Z,8259,70,CTD,65535,255,1027.67138671875
1788855070.4550254,2026-09-08T08:11:10.455025Z,8259,70,CTD,65535,255,1027.675537109375
1788855070.6549625,2026-09-08T08:11:10.654962Z,8259,70,CTD,65535,255,1027.6793212890625
1788855070.8548474,2026-09-08T08:11:10.854847Z,8259,70,CTD,65535,255,1027.6820068359375
1788855071.0548923,2026-09-08T08:11:11.054892Z,8259,70,CTD,65535,255,1027.6781005859375
1788855071.2544277,2026-09-08T08:11:11.254427Z,8259,70,CTD,65535,255,1027.6798095703125
1788855071.4541652,2026-09-08T08:11:11.454165Z,8259,70,CTD,65535,255,1027.6805419921875
1788855071.6539705,2026-09-08T08:11:11.653970Z,8259,70,CTD,65535,255,1027.6817626953125
1788855071.8537674,2026-09-08T08:11:11.853767Z,8259,70,CTD,65535,255,1027.6759033203125
1788855072.0540998,2026-09-08T08:11:12.054099Z,8259,70,CTD,65535,255,1027.679443359375
1788855072.2536345,2026-09-08T08:11:12.253634Z,8259,70,CTD,65535,255,1027.67431640625
1788855072.4534032,2026-09-08T08:11:12.453403Z,8259,70,CTD,65535,255,1027.675537109375
1788855072.653475,2026-09-08T08:11:12.653475Z,8259,70,CTD,65535,255,1027.6768798828125
1788855072.8535495,2026-09-08T08:11:12.853549Z,8259,70,CTD,65535,255,1027.6805419921875
1788855073.0538876,2026-09-08T08:11:13.053887Z,8259,70,CTD,65535,255,1027.6826171875
1788855073.253585,2026-09-08T08:11:13.253585Z,8259,70,CTD,65535,255,1027.6806640625
1788855073.453688,2026-09-08T08:11:13.453687Z,8259,70,CTD,65535,255,1027.6800537109375
1788855073.6538208,2026-09-08T08:11:13.653820Z,8259,70,CTD,65535,255,1027.68115234375
1788855073.8538857,2026-09-08T08:11:13.853885Z,8259,70,CTD,65535,255,1027.677978515625
1788855074.0545404,2026-09-08T08:11:14.054540Z,8259,70,CTD,65535,255,1027.6866455078125
1788855074.2543926,2026-09-08T08:11:14.254392Z,8259,70,CTD,65535,255,1027.681884765625
1788855074.4548242,2026-09-08T08:11:14.454824Z,8259,70,CTD,65535,255,1027.6876220703125
1788855074.6548607,2026-09-08T08:11:14.654860Z,8259,70,CTD,65535,255,1027.682373046875
1788855074.855355,2026-09-08T08:11:14.855355Z,8259,70,CTD,65535,255,1027.67724609375
1788855075.055847,2026-09-08T08:11:15.055846Z,8259,70,CTD,65535,255,1027.67724609375
1788855075.256174,2026-09-08T08:11:15.256174Z,8259,70,CTD,65535,255,1027.680908203125
1788855075.4563215,2026-09-08T08:11:15.456321Z,8259,70,CTD,65535,255,1027.6788330078125
1788855075.657006,2026-09-08T08:11:15.657006Z,8259,70,CTD,65535,255,1027.67919921875
1788855075.8576403,2026-09-08T08:11:15.857640Z,8259,70,CTD,65535,255,1027.67919921875
1788855076.0585585,2026-09-08T08:11:16.058558Z,8259,70,CTD,65535,255,1027.680419921875
1788855076.25913,2026-09-08T08:11:16.259130Z,8259,70,CTD,65535,255,1027.6771240234375
1788855076.4598103,2026-09-08T08:11:16.459810Z,8259,70,CTD,65535,255,1027.6776123046875
1788855076.6602306,2026-09-08T08:11:16.660230Z,8259,70,CTD,65535,255,1027.6766357421875
1788855076.8605728,2026-09-08T08:11:16.860572Z,8259,70,CTD,65535,255,1027.6795654296875
1788855077.061187,2026-09-08T08:11:17.061187Z,8259,70,CTD,65535,255,1027.67822265625
1788855077.2614117,2026-09-08T08:11:17.261411Z,8259,70,CTD,65535,255,1027.6824951171875
1788855077.4615917,2026-09-08T08:11:17.461591Z,8259,70,CTD,65535,255,1027.677490234375
1788855077.661662,2026-09-08T08:11:17.661662Z,8259,70,CTD,65535,255,1027.677490234375
1788855077.861697,2026-09-08T08:11:17.861696Z,8259,70,CTD,65535,255,1027.67919921875
1788855078.061913,2026-09-08T08:11:18.061913Z,8259,70,CTD,65535,255,1027.682373046875
1788855078.2618766,2026-09-08T08:11:18.261876Z,8259,70,CTD,65535,255,1027.6783447265625
1788855078.4615982,2026-09-08T08:11:18.461598Z,8259,70,CTD,65535,255,1027.680419921875
1788855078.6616914,2026-09-08T08:11:18.661691Z,8259,70,CTD,65535,255,1027.681884765625
1788855078.8613555,2026-09-08T08:11:18.861355Z,8259,70,CTD,65535,255,1027.6807861328125
1788855079.061561,2026-09-08T08:11:19.061561Z,8259,70,CTD,65535,255,1027.6795654296875
1788855079.2610514,2026-09-08T08:11:19.261051Z,8259,70,CTD,65535,255,1027.676025390625
1788855079.4609025,2026-09-08T08:11:19.460902Z,8259,70,CTD,65535,255,1027.6763916015625
1788855079.6605434,2026-09-08T08:11:19.660543Z,8259,70,CTD,65535,255,1027.678466796875
1788855079.8604908,2026-09-08T08:11:19.860490Z,8259,70,CTD,65535,255,1027.6761474609375
1788855080.0605817,2026-09-08T08:11:20.060581Z,8259,70,CTD,65535,255,1027.6787109375
1788855080.2602777,2026-09-08T08:11:20.260277Z,8259,70,CTD,65535,255,1027.6778564453125
1788855080.4598167,2026-09-08T08:11:20.459816Z,8259,70,CTD,65535,255,1027.677978515625
1788855080.6596987,2026-09-08T08:11:20.659698Z,8259,70,CTD,65535,255,1027.677978515625
1788855080.8595066,2026-09-08T08:11:20.859506Z,8259,70,CTD,65535,255,1027.677001953125
1788855081.0597591,2026-09-08T08:11:21.059759Z,8259,70,CTD,65535,255,1027.6766357421875
1788855081.2594888,2026-09-08T08:11:21.259488Z,8259,70,CTD,65535,255,1027.6767578125
1788855081.4592535,2026-09-08T08:11:21.459253Z,8259,70,CTD,65535,255,1027.677490234375
1788855081.6590912,2026-09-08T08:11:21.659091Z,8259,70,CTD,65535,255,1027.6810302734375
1788855081.8588333,2026-09-08T08:11:21.858833Z,8259,70,CTD,65535,255,1027.6766357421875
1788855082.0591366,2026-09-08T08:11:22.059136Z,8259,70,CTD,65535,255,1027.6787109375
1788855082.2589552,2026-09-08T08:11:22.258955Z,8259,70,CTD,65535,255,1027.677978515625
1788855082.4587197,2026-09-08T08:11:22.458719Z,8259,70,CTD,65535,255,1027.681396484375
1788855082.6588032,2026-09-08T08:11:22.658803Z,8259,70,CTD,65535,255,1027.6741943359375
1788855082.858638,2026-09-08T08:11:22.858638Z,8259,70,CTD,65535,255,1027.677978515625
1788855083.0591118,2026-09-08T08:11:23.059111Z,8259,70,CTD,65535,255,1027.67919921875
1788855083.2590022,2026-09-08T08:11:23.259002Z,8259,70,CTD,65535,255,1027.6781005859375
1788855083.4587946,2026-09-08T08:11:23.458794Z,8259,70,CTD,65535,255,1027.6790771484375
1788855083.6589146,2026-09-08T08:11:23.658914Z,8259,70,CTD,65535,255,1027.680908203125
1788855083.8591554,2026-09-08T08:11:23.859155Z,8259,70,CTD,65535,255,1027.6787109375
1788855084.059832,2026-09-08T08:11:24.059832Z,8259,70,CTD,65535,255,1027.682861328125
1788855084.2591758,2026-09-08T08:11:24.259175Z,8259,70,CTD,65535,255,1027.677490234375
1788855084.4594111,2026-09-08T08:11:24.459411Z,8259,70,CTD,65535,255,1027.6787109375
1788855084.659404,2026-09-08T08:11:24.659404Z,8259,70,CTD,65535,255,1027.679931640625
1788855084.859465,2026-09-08T08:11:24.859464Z,8259,70,CTD,65535,255,1027.6815185546875
1788855085.0596752,2026-09-08T08:11:25.059675Z,8259,70,CTD,65535,255,1027.677734375
1788855085.259403,2026-09-08T08:11:25.259402Z,8259,70,CTD,65535,255,1027.676025390625
1788855085.4591358,2026-09-08T08:11:25.459135Z,8259,70,CTD,65535,255,1027.677490234375
1788855085.6591263,2026-09-08T08:11:25.659126Z,8259,70,CTD,65535,255,1027.680419921875
1788855085.8589702,2026-09-08T08:11:25.858970Z,8259,70,CTD,65535,255,1027.681884765625
1788855086.0592139,2026-09-08T08:11:26.059213Z,8259,70,CTD,65535,255,1027.6802978515625
1788855086.258924,2026-09-08T08:11:26.258924Z,8259,70,CTD,65535,255,1027.6798095703125
1788855086.458771,2026-09-08T08:11:26.458770Z,8259,70,CTD,65535,255,1027.68017578125
1788855086.658606,2026-09-08T08:11:26.658606Z,8259,70,CTD,65535,255,1027.6783447265625
1788855086.8585582,2026-09-08T08:11:26.858558Z,8259,70,CTD,65535,255,1027.6795654296875
1788855087.0588353,2026-09-08T08:11:27.058835Z,8259,70,CTD,65535,255,1027.6778564453125
1788855087.2585514,2026-09-08T08:11:27.258551Z,8259,70,CTD,65535,255,1027.67626953125
1788855087.458577,2026-09-08T08:11:27.458576Z,8259,70,CTD,65535,255,1027.6798095703125
1788855087.6587396,2026-09-08T08:11:27.658739Z,8259,70,CTD,65535,255,1027.6800537109375
1788855087.8588974,2026-09-08T08:11:27.858897Z,8259,70,CTD,65535,255,1027.678955078125
1788855088.0596464,2026-09-08T08:11:28.059646Z,8259,70,CTD,65535,255,1027.68017578125
1788855088.2598004,2026-09-08T08:11:28.259800Z,8259,70,CTD,65535,255,1027.6795654296875
1788855088.4600291,2026-09-08T08:11:28.460029Z,8259,70,CTD,65535,255,1027.6768798828125
1788855088.6608841,2026-09-08T08:11:28.660884Z,8259,70,CTD,65535,255,1027.6759033203125
1788855088.8621829,2026-09-08T08:11:28.862182Z,8259,70,CTD,65535,255,1027.6768798828125
1788855089.0637915,2026-09-08T08:11:29.063791Z,8259,70,CTD,65535,255,1027.681396484375
1788855089.2648594,2026-09-08T08:11:29.264859Z,8259,70,CTD,65535,255,1027.676025390625
1788855089.4660854,2026-09-08T08:11:29.466085Z,8259,70,CTD,65535,255,1027.6766357421875
1788855089.6672504,2026-09-08T08:11:29.667250Z,8259,70,CTD,65535,255,1027.677734375
1788855089.8677576,2026-09-08T08:11:29.867757Z,8259,70,CTD,65535,255,1027.6790771484375
1788855090.0689275,2026-09-08T08:11:30.068927Z,8259,70,CTD,65535,255,1027.6773681640625
1788855090.2692018,2026-09-08T08:11:30.269201Z,8259,70,CTD,65535,255,1027.67724609375
1788855090.4700184,2026-09-08T08:11:30.470018Z,8259,70,CTD,65535,255,1027.675048828125
1788855090.670248,2026-09-08T08:11:30.670248Z,8259,70,CTD,65535,255,1027.6788330078125
1788855090.8705242,2026-09-08T08:11:30.870524Z,8259,70,CTD,65535,255,1027.6754150390625
1788855091.0708053,2026-09-08T08:11:31.070805Z,8259,70,CTD,65535,255,1027.6807861328125
1788855091.2707455,2026-09-08T08:11:31.270745Z,8259,70,CTD,65535,255,1027.67919921875
1788855091.4705377,2026-09-08T08:11:31.470537Z,8259,70,CTD,65535,255,1027.68505859375
1788855091.6705966,2026-09-08T08:11:31.670596Z,8259,70,CTD,65535,255,1027.6773681640625
1788855091.8703969,2026-09-08T08:11:31.870396Z,8259,70,CTD,65535,255,1027.6737060546875
1788855092.070155,2026-09-08T08:11:32.070154Z,8259,70,CTD,65535,255,1027.676513671875
1788855092.269641,2026-09-08T08:11:32.269640Z,8259,70,CTD,65535,255,1027.6767578125
1788855092.469255,2026-09-08T08:11:32.469254Z,8259,70,CTD,65535,255,1027.67529296875
1788855092.6691432,2026-09-08T08:11:32.669143Z,8259,70,CTD,65535,255,1027.6761474609375
1788855092.8685708,2026-09-08T08:11:32.868570Z,8259,70,CTD,65535,255,1027.67333984375
1788855093.068698,2026-09-08T08:11:33.068697Z,8259,70,CTD,65535,255,1027.6748046875
1788855093.2681541,2026-09-08T08:11:33.268154Z,8259,70,CTD,65535,255,1027.67431640625
1788855093.4678228,2026-09-08T08:11:33.467822Z,8259,70,CTD,65535,255,1027.67431640625
1788855093.6676402,2026-09-08T08:11:33.667640Z,8259,70,CTD,65535,255,1027.673583984375
1788855093.8671362,2026-09-08T08:11:33.867136Z,8259,70,CTD,65535,255,1027.671630859375
1788855094.0671828,2026-09-08T08:11:34.067182Z,8259,70,CTD,65535,255,1027.673095703125
1788855094.2669537,2026-09-08T08:11:34.266953Z,8259,70,CTD,65535,255,1027.6719970703125
1788855094.4664776,2026-09-08T08:11:34.466477Z,8259,70,CTD,65535,255,1027.669921875
1788855094.666498,2026-09-08T08:11:34.666497Z,8259,70,CTD,65535,255,1027.671630859375
1788855094.8662045,2026-09-08T08:11:34.866204Z,8259,70,CTD,65535,255,1027.670654296875
1788855095.0664408,2026-09-08T08:11:35.066440Z,8259,70,CTD,65535,255,1027.667236328125
1788855095.2659485,2026-09-08T08:11:35.265948Z,8259,70,CTD,65535,255,1027.6690673828125
1788855095.4658005,2026-09-08T08:11:35.465800Z,8259,70,CTD,65535,255,1027.6705322265625
1788855095.6655982,2026-09-08T08:11:35.665598Z,8259,70,CTD,65535,255,1027.6678466796875
1788855095.8656752,2026-09-08T08:11:35.865675Z,8259,70,CTD,65535,255,1027.66943359375
1788855096.0657856,2026-09-08T08:11:36.065785Z,8259,70,CTD,65535,255,1027.669921875
1788855096.2655385,2026-09-08T08:11:36.265538Z,8259,70,CTD,65535,255,1027.670654296875
1788855096.4654746,2026-09-08T08:11:36.465474Z,8259,70,CTD,65535,255,1027.6673583984375
1788855096.665327,2026-09-08T08:11:36.665327Z,8259,70,CTD,65535,255,1027.669677734375
1788855096.8654313,2026-09-08T08:11:36.865431Z,8259,70,CTD,65535,255,1027.6705322265625
1788855097.0657442,2026-09-08T08:11:37.065744Z,8259,70,CTD,65535,255,1027.6705322265625
1788855097.2654517,2026-09-08T08:11:37.265451Z,8259,70,CTD,65535,255,1027.6695556640625
1788855097.4654965,2026-09-08T08:11:37.465496Z,8259,70,CTD,65535,255,1027.669921875
1788855097.6654112,2026-09-08T08:11:37.665411Z,8259,70,CTD,65535,255,1027.6690673828125
1788855097.8655384,2026-09-08T08:11:37.865538Z,8259,70,CTD,65535,255,1027.6695556640625
1788855098.0657806,2026-09-08T08:11:38.065780Z,8259,70,CTD,65535,255,1027.672607421875
1788855098.2654262,2026-09-08T08:11:38.265426Z,8259,70,CTD,65535,255,1027.6690673828125
1788855098.465555,2026-09-08T08:11:38.465554Z,8259,70,CTD,65535,255,1027.6695556640625
1788855098.6656115,2026-09-08T08:11:38.665611Z,8259,70,CTD,65535,255,1027.672119140625
1788855098.8656192,2026-09-08T08:11:38.865619Z,8259,70,CTD,65535,255,1027.67041015625
1788855099.0659163,2026-09-08T08:11:39.065916Z,8259,70,CTD,65535,255,1027.6669921875
1788855099.2655587,2026-09-08T08:11:39.265558Z,8259,70,CTD,65535,255,1027.6693115234375
1788855099.4656587,2026-09-08T08:11:39.465658Z,8259,70,CTD,65535,255,1027.664794921875
1788855099.6655912,2026-09-08T08:11:39.665591Z,8259,70,CTD,65535,255,1027.6707763671875
1788855099.8656247,2026-09-08T08:11:39.865624Z,8259,70,CTD,65535,255,1027.6705322265625
1788855100.0659614,2026-09-08T08:11:40.065961Z,8259,70,CTD,65535,255,1027.6697998046875
1788855100.2656379,2026-09-08T08:11:40.265637Z,8259,70,CTD,65535,255,1027.668701171875
1788855100.465768,2026-09-08T08:11:40.465768Z,8259,70,CTD,65535,255,1027.6689453125
1788855100.6656039,2026-09-08T08:11:40.665603Z,8259,70,CTD,65535,255,1027.6705322265625
1788855100.8655803,2026-09-08T08:11:40.865580Z,8259,70,CTD,65535,255,1027.672119140625
1788855101.0659862,2026-09-08T08:11:41.065986Z,8259,70,CTD,65535,255,1027.66845703125
1788855101.2658553,2026-09-08T08:11:41.265855Z,8259,70,CTD,65535,255,1027.6700439453125
1788855101.4655616,2026-09-08T08:11:41.465561Z,8259,70,CTD,65535,255,1027.670654296875
1788855101.665603,2026-09-08T08:11:41.665602Z,8259,70,CTD,65535,255,1027.671630859375
1788855101.8657115,2026-09-08T08:11:41.865711Z,8259,70,CTD,65535,255,1027.6727294921875
1788855102.06592,2026-09-08T08:11:42.065920Z,8259,70,CTD,65535,255,1027.6702880859375
1788855102.265675,2026-09-08T08:11:42.265675Z,8259,70,CTD,65535,255,1027.6690673828125
1788855102.4656196,2026-09-08T08:11:42.465619Z,8259,70,CTD,65535,255,1027.6702880859375
1788855102.6656978,2026-09-08T08:11:42.665697Z,8259,70,CTD,65535,255,1027.668701171875
1788855102.8656895,2026-09-08T08:11:42.865689Z,8259,70,CTD,65535,255,1027.66796875
1788855103.0660045,2026-09-08T08:11:43.066004Z,8259,70,CTD,65535,255,1027.669921875
1788855103.2657716,2026-09-08T08:11:43.265771Z,8259,70,CTD,65535,255,1027.6669921875
1788855103.4659438,2026-09-08T08:11:43.465943Z,8259,70,CTD,65535,255,1027.670166015625
1788855103.6658523,2026-09-08T08:11:43.665852Z,8259,70,CTD,65535,255,1027.67041015625
1788855103.8662372,2026-09-08T08:11:43.866237Z,8259,70,CTD,65535,255,1027.6707763671875
1788855104.0665722,2026-09-08T08:11:44.066572Z,8259,70,CTD,65535,255,1027.6680908203125
1788855104.2664766,2026-09-08T08:11:44.266476Z,8259,70,CTD,65535,255,1027.667724609375
1788855104.4665298,2026-09-08T08:11:44.466529Z,8259,70,CTD,65535,255,1027.6707763671875
1788855104.6667838,2026-09-08T08:11:44.666783Z,8259,70,CTD,65535,255,1027.6688232421875
1788855104.8669283,2026-09-08T08:11:44.866928Z,8259,70,CTD,65535,255,1027.67138671875
1788855105.067074,2026-09-08T08:11:45.067074Z,8259,70,CTD,65535,255,1027.6712646484375
1788855105.267245,2026-09-08T08:11:45.267245Z,8259,70,CTD,65535,255,1027.6700439453125
1788855105.4672763,2026-09-08T08:11:45.467276Z,8259,70,CTD,65535,255,1027.6690673828125
1788855105.6673486,2026-09-08T08:11:45.667348Z,8259,70,CTD,65535,255,1027.66796875
1788855105.8671486,2026-09-08T08:11:45.867148Z,8259,70,CTD,65535,255,1027.671142578125
1788855106.067612,2026-09-08T08:11:46.067611Z,8259,70,CTD,65535,255,1027.6732177734375
1788855106.2673643,2026-09-08T08:11:46.267364Z,8259,70,CTD,65535,255,1027.6705322265625
1788855106.4673736,2026-09-08T08:11:46.467373Z,8259,70,CTD,65535,255,1027.670654296875
1788855106.6671898,2026-09-08T08:11:46.667189Z,8259,70,CTD,65535,255,1027.6719970703125
1788855106.8669963,2026-09-08T08:11:46.866996Z,8259,70,CTD,65535,255,1027.672119140625
1788855107.067368,2026-09-08T08:11:47.067368Z,8259,70,CTD,65535,255,1027.674072265625
1788855107.267177,2026-09-08T08:11:47.267177Z,8259,70,CTD,65535,255,1027.671875
1788855107.4671206,2026-09-08T08:11:47.467120Z,8259,70,CTD,65535,255,1027.668701171875
1788855107.6668653,2026-09-08T08:11:47.666865Z,8259,70,CTD,65535,255,1027.67138671875
1788855107.8669534,2026-09-08T08:11:47.866953Z,8259,70,CTD,65535,255,1027.668701171875
1788855108.067231,2026-09-08T08:11:48.067230Z,8259,70,CTD,65535,255,1027.6695556640625
1788855108.2669463,2026-09-08T08:11:48.266946Z,8259,70,CTD,65535,255,1027.667236328125
1788855108.4667249,2026-09-08T08:11:48.466724Z,8259,70,CTD,65535,255,1027.667236328125
1788855108.6667562,2026-09-08T08:11:48.666756Z,8259,70,CTD,65535,255,1027.671875
1788855108.8667262,2026-09-08T08:11:48.866726Z,8259,70,CTD,65535,255,1027.6734619140625
1788855109.0669918,2026-09-08T08:11:49.066991Z,8259,70,CTD,65535,255,1027.6708984375
1788855109.2666433,2026-09-08T08:11:49.266643Z,8259,70,CTD,65535,255,1027.6702880859375
1788855109.4665935,2026-09-08T08:11:49.466593Z,8259,70,CTD,65535,255,1027.669677734375
1788855109.6665568,2026-09-08T08:11:49.666556Z,8259,70,CTD,65535,255,1027.6710205078125
1788855109.8666317,2026-09-08T08:11:49.866631Z,8259,70,CTD,65535,255,1027.671630859375
1788855110.0669737,2026-09-08T08:11:50.066973Z,8259,70,CTD,65535,255,1027.6783447265625
1788855110.2665603,2026-09-08T08:11:50.266560Z,8259,70,CTD,65535,255,1027.67578125
1788855110.4664438,2026-09-08T08:11:50.466443Z,8259,70,CTD,65535,255,1027.67578125
1788855110.6664572,2026-09-08T08:11:50.666457Z,8259,70,CTD,65535,255,1027.6761474609375
1788855110.8665786,2026-09-08T08:11:50.866578Z,8259,70,CTD,65535,255,1027.67626953125
1788855111.066803,2026-09-08T08:11:51.066802Z,8259,70,CTD,65535,255,1027.673095703125
1788855111.2665288,2026-09-08T08:11:51.266528Z,8259,70,CTD,65535,255,1027.67724609375
1788855111.466666,2026-09-08T08:11:51.466665Z,8259,70,CTD,65535,255,1027.6763916015625
1788855111.666359,2026-09-08T08:11:51.666358Z,8259,70,CTD,65535,255,1027.6748046875
1788855111.8664,2026-09-08T08:11:51.866400Z,8259,70,CTD,65535,255,1027.677490234375
1788855112.0667443,2026-09-08T08:11:52.066744Z,8259,70,CTD,65535,255,1027.674072265625
1788855112.2665088,2026-09-08T08:11:52.266508Z,8259,70,CTD,65535,255,1027.676513671875
1788855112.4663272,2026-09-08T08:11:52.466327Z,8259,70,CTD,65535,255,1027.6737060546875
1788855112.6664586,2026-09-08T08:11:52.666458Z,8259,70,CTD,65535,255,1027.6734619140625
1788855112.866464,2026-09-08T08:11:52.866463Z,8259,70,CTD,65535,255,1027.676513671875
1788855113.066733,2026-09-08T08:11:53.066732Z,8259,70,CTD,65535,255,1027.6787109375
1788855113.266543,2026-09-08T08:11:53.266542Z,8259,70,CTD,65535,255,1027.6795654296875
1788855113.4665399,2026-09-08T08:11:53.466539Z,8259,70,CTD,65535,255,1027.6773681640625
1788855113.6664355,2026-09-08T08:11:53.666435Z,8259,70,CTD,65535,255,1027.6776123046875
1788855113.8665106,2026-09-08T08:11:53.866510Z,8259,70,CTD,65535,255,1027.6768798828125
1788855114.067091,2026-09-08T08:11:54.067090Z,8259,70,CTD,65535,255,1027.6766357421875
1788855114.266456,2026-09-08T08:11:54.266455Z,8259,70,CTD,65535,255,1027.6805419921875
1788855114.4664483,2026-09-08T08:11:54.466448Z,8259,70,CTD,65535,255,1027.677978515625
1788855114.6664822,2026-09-08T08:11:54.666482Z,8259,70,CTD,65535,255,1027.6800537109375
1788855114.8664687,2026-09-08T08:11:54.866468Z,8259,70,CTD,65535,255,1027.679443359375
1788855115.0667307,2026-09-08T08:11:55.066730Z,8259,70,CTD,65535,255,1027.6822509765625
1788855115.2663705,2026-09-08T08:11:55.266370Z,8259,70,CTD,65535,255,1027.6790771484375
1788855115.4663372,2026-09-08T08:11:55.466337Z,8259,70,CTD,65535,255,1027.678466796875
1788855115.6664333,2026-09-08T08:11:55.666433Z,8259,70,CTD,65535,255,1027.677734375
1788855115.866244,2026-09-08T08:11:55.866244Z,8259,70,CTD,65535,255,1027.6810302734375
1788855116.0662262,2026-09-08T08:11:56.066226Z,8259,70,CTD,65535,255,1027.6802978515625
1788855116.2660067,2026-09-08T08:11:56.266006Z,8259,70,CTD,65535,255,1027.680908203125
1788855116.4654574,2026-09-08T08:11:56.465457Z,8259,70,CTD,65535,255,1027.68310546875
1788855116.6651428,2026-09-08T08:11:56.665142Z,8259,70,CTD,65535,255,1027.6805419921875
1788855116.8644662,2026-09-08T08:11:56.864466Z,8259,70,CTD,65535,255,1027.680908203125
1788855117.0641236,2026-09-08T08:11:57.064123Z,8259,70,CTD,65535,255,1027.6822509765625
1788855117.2633047,2026-09-08T08:11:57.263304Z,8259,70,CTD,65535,255,1027.683349609375
1788855117.462587,2026-09-08T08:11:57.462587Z,8259,70,CTD,65535,255,1027.68310546875
1788855117.6621785,2026-09-08T08:11:57.662178Z,8259,70,CTD,65535,255,1027.6812744140625
1788855117.861778,2026-09-08T08:11:57.861778Z,8259,70,CTD,65535,255,1027.680908203125
1788855118.0620189,2026-09-08T08:11:58.062018Z,8259,70,CTD,65535,255,1027.6868896484375
1788855118.2614598,2026-09-08T08:11:58.261459Z,8259,70,CTD,65535,255,1027.685546875
1788855118.461232,2026-09-08T08:11:58.461231Z,8259,70,CTD,65535,255,1027.681640625
1788855118.6608715,2026-09-08T08:11:58.660871Z,8259,70,CTD,65535,255,1027.6859130859375
1788855118.8608387,2026-09-08T08:11:58.860838Z,8259,70,CTD,65535,255,1027.6839599609375
1788855119.0608695,2026-09-08T08:11:59.060869Z,8259,70,CTD,65535,255,1027.68359375
1788855119.2606492,2026-09-08T08:11:59.260649Z,8259,70,CTD,65535,255,1027.690185546875
1788855119.4608967,2026-09-08T08:11:59.460896Z,8259,70,CTD,65535,255,1027.6878662109375
1788855119.6603959,2026-09-08T08:11:59.660395Z,8259,70,CTD,65535,255,1027.6884765625
1788855119.8604312,2026-09-08T08:11:59.860431Z,8259,70,CTD,65535,255,1027.68701171875
1788855120.0609078,2026-09-08T08:12:00.060907Z,8259,70,CTD,65535,255,1027.6854248046875
1788855120.2607565,2026-09-08T08:12:00.260756Z,8259,70,CTD,65535,255,1027.690673828125
1788855120.4607742,2026-09-08T08:12:00.460774Z,8259,70,CTD,65535,255,1027.6866455078125
1788855120.660696,2026-09-08T08:12:00.660696Z,8259,70,CTD,65535,255,1027.6875
1788855120.860788,2026-09-08T08:12:00.860788Z,8259,70,CTD,65535,255,1027.6922607421875
1788855121.061171,2026-09-08T08:12:01.061171Z,8259,70,CTD,65535,255,1027.6920166015625
1788855121.2612274,2026-09-08T08:12:01.261227Z,8259,70,CTD,65535,255,1027.6871337890625
1788855121.4612665,2026-09-08T08:12:01.461266Z,8259,70,CTD,65535,255,1027.6895751953125
1788855121.6614382,2026-09-08T08:12:01.661438Z,8259,70,CTD,65535,255,1027.6929931640625
1788855121.8614807,2026-09-08T08:12:01.861480Z,8259,70,CTD,65535,255,1027.692626953125
1788855122.0620756,2026-09-08T08:12:02.062075Z,8259,70,CTD,65535,255,1027.6888427734375
1788855122.2618408,2026-09-08T08:12:02.261840Z,8259,70,CTD,65535,255,1027.6942138671875
1788855122.4620924,2026-09-08T08:12:02.462092Z,8259,70,CTD,65535,255,1027.6925048828125
1788855122.6622775,2026-09-08T08:12:02.662277Z,8259,70,CTD,65535,255,1027.69091796875
1788855122.862454,2026-09-08T08:12:02.862453Z,8259,70,CTD,65535,255,1027.695556640625
1788855123.0628092,2026-09-08T08:12:03.062809Z,8259,70,CTD,65535,255,1027.6905517578125
1788855123.2628615,2026-09-08T08:12:03.262861Z,8259,70,CTD,65535,255,1027.6956787109375
1788855123.4630725,2026-09-08T08:12:03.463072Z,8259,70,CTD,65535,255,1027.6905517578125
1788855123.6631854,2026-09-08T08:12:03.663185Z,8259,70,CTD,65535,255,1027.69677734375
1788855123.8629968,2026-09-08T08:12:03.862996Z,8259,70,CTD,65535,255,1027.69677734375
1788855124.0633636,2026-09-08T08:12:04.063363Z,8259,70,CTD,65535,255,1027.691650390625
1788855124.263073,2026-09-08T08:12:04.263072Z,8259,70,CTD,65535,255,1027.6922607421875
1788855124.4629474,2026-09-08T08:12:04.462947Z,8259,70,CTD,65535,255,1027.6934814453125
1788855124.662905,2026-09-08T08:12:04.662904Z,8259,70,CTD,65535,255,1027.6927490234375
1788855124.8628798,2026-09-08T08:12:04.862879Z,8259,70,CTD,65535,255,1027.6934814453125
1788855125.0631435,2026-09-08T08:12:05.063143Z,8259,70,CTD,65535,255,1027.6925048828125
1788855125.2626283,2026-09-08T08:12:05.262628Z,8259,70,CTD,65535,255,1027.692626953125
1788855125.462591,2026-09-08T08:12:05.462590Z,8259,70,CTD,65535,255,1027.698974609375
1788855125.6625395,2026-09-08T08:12:05.662539Z,8259,70,CTD,65535,255,1027.6990966796875
1788855125.8625267,2026-09-08T08:12:05.862526Z,8259,70,CTD,65535,255,1027.6925048828125
1788855126.0625703,2026-09-08T08:12:06.062570Z,8259,70,CTD,65535,255,1027.6939697265625
1788855126.2622252,2026-09-08T08:12:06.262225Z,8259,70,CTD,65535,255,1027.6942138671875
1788855126.4623814,2026-09-08T08:12:06.462381Z,8259,70,CTD,65535,255,1027.6954345703125
1788855126.6621816,2026-09-08T08:12:06.662181Z,8259,70,CTD,65535,255,1027.696533203125
1788855126.8621616,2026-09-08T08:12:06.862161Z,8259,70,CTD,65535,255,1027.6920166015625
1788855127.0626655,2026-09-08T08:12:07.062665Z,8259,70,CTD,65535,255,1027.6976318359375
1788855127.2621398,2026-09-08T08:12:07.262139Z,8259,70,CTD,65535,255,1027.694580078125
1788855127.4623215,2026-09-08T08:12:07.462321Z,8259,70,CTD,65535,255,1027.69677734375
1788855127.6620297,2026-09-08T08:12:07.662029Z,8259,70,CTD,65535,255,1027.69873046875
1788855127.8622715,2026-09-08T08:12:07.862271Z,8259,70,CTD,65535,255,1027.69677734375
1788855128.0625489,2026-09-08T08:12:08.062548Z,8259,70,CTD,65535,255,1027.6937255859375
1788855128.2620578,2026-09-08T08:12:08.262057Z,8259,70,CTD,65535,255,1027.696533203125
1788855128.4621637,2026-09-08T08:12:08.462163Z,8259,70,CTD,65535,255,1027.6951904296875
1788855128.662221,2026-09-08T08:12:08.662220Z,8259,70,CTD,65535,255,1027.69580078125
1788855128.862122,2026-09-08T08:12:08.862122Z,8259,70,CTD,65535,255,1027.695068359375
1788855129.0625312,2026-09-08T08:12:09.062531Z,8259,70,CTD,65535,255,1027.6968994140625
1788855129.2622437,2026-09-08T08:12:09.262243Z,8259,70,CTD,65535,255,1027.6923828125
1788855129.4621773,2026-09-08T08:12:09.462177Z,8259,70,CTD,65535,255,1027.6953125
1788855129.6623094,2026-09-08T08:12:09.662309Z,8259,70,CTD,65535,255,1027.6949462890625
1788855129.8620436,2026-09-08T08:12:09.862043Z,8259,70,CTD,65535,255,1027.696533203125
1788855130.0624478,2026-09-08T08:12:10.062447Z,8259,70,CTD,65535,255,1027.6959228515625
1788855130.2622309,2026-09-08T08:12:10.262230Z,8259,70,CTD,65535,255,1027.6943359375
1788855130.4620936,2026-09-08T08:12:10.462093Z,8259,70,CTD,65535,255,1027.6962890625
1788855130.662232,2026-09-08T08:12:10.662231Z,8259,70,CTD,65535,255,1027.6932373046875
1788855130.8623383,2026-09-08T08:12:10.862338Z,8259,70,CTD,65535,255,1027.6961669921875
1788855131.062397,2026-09-08T08:12:11.062397Z,8259,70,CTD,65535,255,1027.693603515625
1788855131.2621279,2026-09-08T08:12:11.262127Z,8259,70,CTD,65535,255,1027.69873046875
1788855131.46218,2026-09-08T08:12:11.462179Z,8259,70,CTD,65535,255,1027.6981201171875
1788855131.662326,2026-09-08T08:12:11.662326Z,8259,70,CTD,65535,255,1027.700439453125
1788855131.86252,2026-09-08T08:12:11.862519Z,8259,70,CTD,65535,255,1027.703369140625
1788855132.0631568,2026-09-08T08:12:12.063156Z,8259,70,CTD,65535,255,1027.697021484375
1788855132.2634084,2026-09-08T08:12:12.263408Z,8259,70,CTD,65535,255,1027.6983642578125
1788855132.4636166,2026-09-08T08:12:12.463616Z,8259,70,CTD,65535,255,1027.6993408203125
1788855132.66401,2026-09-08T08:12:12.664010Z,8259,70,CTD,65535,255,1027.6962890625
1788855132.8649464,2026-09-08T08:12:12.864946Z,8259,70,CTD,65535,255,1027.696044921875
1788855133.066175,2026-09-08T08:12:13.066174Z,8259,70,CTD,65535,255,1027.6982421875
1788855133.2669268,2026-09-08T08:12:13.266926Z,8259,70,CTD,65535,255,1027.6971435546875
1788855133.4678235,2026-09-08T08:12:13.467823Z,8259,70,CTD,65535,255,1027.6976318359375
1788855133.6687808,2026-09-08T08:12:13.668780Z,8259,70,CTD,65535,255,1027.69677734375
1788855133.8693435,2026-09-08T08:12:13.869343Z,8259,70,CTD,65535,255,1027.6995849609375
1788855134.0699902,2026-09-08T08:12:14.069990Z,8259,70,CTD,65535,255,1027.69873046875
1788855134.2704363,2026-09-08T08:12:14.270436Z,8259,70,CTD,65535,255,1027.697021484375
1788855134.471013,2026-09-08T08:12:14.471013Z,8259,70,CTD,65535,255,1027.6947021484375
1788855134.6711857,2026-09-08T08:12:14.671185Z,8259,70,CTD,65535,255,1027.694580078125
1788855134.8711064,2026-09-08T08:12:14.871106Z,8259,70,CTD,65535,255,1027.69189453125
1788855135.071542,2026-09-08T08:12:15.071542Z,8259,70,CTD,65535,255,1027.6956787109375
1788855135.2711642,2026-09-08T08:12:15.271164Z,8259,70,CTD,65535,255,1027.6893310546875
1788855135.471148,2026-09-08T08:12:15.471148Z,8259,70,CTD,65535,255,1027.6905517578125
1788855135.6711948,2026-09-08T08:12:15.671194Z,8259,70,CTD,65535,255,1027.691650390625
1788855135.8710446,2026-09-08T08:12:15.871044Z,8259,70,CTD,65535,255,1027.6883544921875
1788855136.0710685,2026-09-08T08:12:16.071068Z,8259,70,CTD,65535,255,1027.6949462890625
1788855136.2705827,2026-09-08T08:12:16.270582Z,8259,70,CTD,65535,255,1027.691162109375
1788855136.4703882,2026-09-08T08:12:16.470388Z,8259,70,CTD,65535,255,1027.6903076171875
1788855136.670167,2026-09-08T08:12:16.670166Z,8259,70,CTD,65535,255,1027.6927490234375
1788855136.8699684,2026-09-08T08:12:16.869968Z,8259,70,CTD,65535,255,1027.6934814453125
1788855137.0699446,2026-09-08T08:12:17.069944Z,8259,70,CTD,65535,255,1027.6893310546875
1788855137.2694027,2026-09-08T08:12:17.269402Z,8259,70,CTD,65535,255,1027.6904296875
1788855137.469175,2026-09-08T08:12:17.469175Z,8259,70,CTD,65535,255,1027.6959228515625
1788855137.6690261,2026-09-08T08:12:17.669026Z,8259,70,CTD,65535,255,1027.693359375
1788855137.8686182,2026-09-08T08:12:17.868618Z,8259,70,CTD,65535,255,1027.6904296875
1788855138.0686786,2026-09-08T08:12:18.068678Z,8259,70,CTD,65535,255,1027.692138671875
1788855138.2684631,2026-09-08T08:12:18.268463Z,8259,70,CTD,65535,255,1027.6956787109375
1788855138.4680674,2026-09-08T08:12:18.468067Z,8259,70,CTD,65535,255,1027.6937255859375
1788855138.6679711,2026-09-08T08:12:18.667971Z,8259,70,CTD,65535,255,1027.69189453125
1788855138.8680034,2026-09-08T08:12:18.868003Z,8259,70,CTD,65535,255,1027.696044921875
1788855139.0680325,2026-09-08T08:12:19.068032Z,8259,70,CTD,65535,255,1027.6927490234375
1788855139.2678754,2026-09-08T08:12:19.267875Z,8259,70,CTD,65535,255,1027.694091796875
1788855139.4676836,2026-09-08T08:12:19.467683Z,8259,70,CTD,65535,255,1027.693359375
1788855139.6675506,2026-09-08T08:12:19.667550Z,8259,70,CTD,65535,255,1027.692138671875
1788855139.8673933,2026-09-08T08:12:19.867393Z,8259,70,CTD,65535,255,1027.6903076171875
1788855140.0677762,2026-09-08T08:12:20.067776Z,8259,70,CTD,65535,255,1027.6898193359375
1788855140.2673163,2026-09-08T08:12:20.267316Z,8259,70,CTD,65535,255,1027.6934814453125
1788855140.467297,2026-09-08T08:12:20.467297Z,8259,70,CTD,65535,255,1027.6947021484375
1788855140.6672463,2026-09-08T08:12:20.667246Z,8259,70,CTD,65535,255,1027.6917724609375
1788855140.867182,2026-09-08T08:12:20.867182Z,8259,70,CTD,65535,255,1027.6959228515625
1788855141.0675514,2026-09-08T08:12:21.067551Z,8259,70,CTD,65535,255,1027.6953125
1788855141.2673306,2026-09-08T08:12:21.267330Z,8259,70,CTD,65535,255,1027.69287109375
1788855141.4672863,2026-09-08T08:12:21.467286Z,8259,70,CTD,65535,255,1027.6923828125
1788855141.667349,2026-09-08T08:12:21.667349Z,8259,70,CTD,65535,255,1027.6949462890625
1788855141.867334,2026-09-08T08:12:21.867333Z,8259,70,CTD,65535,255,1027.692626953125
1788855142.067692,2026-09-08T08:12:22.067692Z,8259,70,CTD,65535,255,1027.6912841796875
1788855142.2674596,2026-09-08T08:12:22.267459Z,8259,70,CTD,65535,255,1027.6976318359375
1788855142.467423,2026-09-08T08:12:22.467422Z,8259,70,CTD,65535,255,1027.6953125
1788855142.6673262,2026-09-08T08:12:22.667326Z,8259,70,CTD,65535,255,1027.692626953125
1788855142.8673017,2026-09-08T08:12:22.867301Z,8259,70,CTD,65535,255,1027.6917724609375
1788855143.0677505,2026-09-08T08:12:23.067750Z,8259,70,CTD,65535,255,1027.6943359375
1788855143.2674003,2026-09-08T08:12:23.267400Z,8259,70,CTD,65535,255,1027.6951904296875
1788855143.4673944,2026-09-08T08:12:23.467394Z,8259,70,CTD,65535,255,1027.693115234375
1788855143.6673777,2026-09-08T08:12:23.667377Z,8259,70,CTD,65535,255,1027.6949462890625
1788855143.8673933,2026-09-08T08:12:23.867393Z,8259,70,CTD,65535,255,1027.69384765625
1788855144.0682526,2026-09-08T08:12:24.068252Z,8259,70,CTD,65535,255,1027.6953125
1788855144.267555,2026-09-08T08:12:24.267554Z,8259,70,CTD,65535,255,1027.6920166015625
1788855144.467469,2026-09-08T08:12:24.467468Z,8259,70,CTD,65535,255,1027.68994140625
1788855144.6674209,2026-09-08T08:12:24.667420Z,8259,70,CTD,65535,255,1027.688232421875
1788855144.8674755,2026-09-08T08:12:24.867475Z,8259,70,CTD,65535,255,1027.6983642578125
1788855145.0678713,2026-09-08T08:12:25.067871Z,8259,70,CTD,65535,255,1027.692138671875
1788855145.26769,2026-09-08T08:12:25.267689Z,8259,70,CTD,65535,255,1027.6949462890625
1788855145.4676476,2026-09-08T08:12:25.467647Z,8259,70,CTD,65535,255,1027.689453125
1788855145.6674256,2026-09-08T08:12:25.667425Z,8259,70,CTD,65535,255,1027.6951904296875
1788855145.8675728,2026-09-08T08:12:25.867572Z,8259,70,CTD,65535,255,1027.694091796875
1788855146.067753,2026-09-08T08:12:26.067753Z,8259,70,CTD,65535,255,1027.696044921875
1788855146.267553,2026-09-08T08:12:26.267553Z,8259,70,CTD,65535,255,1027.6917724609375
1788855146.4674501,2026-09-08T08:12:26.467450Z,8259,70,CTD,65535,255,1027.693359375
1788855146.6673799,2026-09-08T08:12:26.667379Z,8259,70,CTD,65535,255,1027.6929931640625
1788855146.8678799,2026-09-08T08:12:26.867879Z,8259,70,CTD,65535,255,1027.69384765625
1788855147.0683794,2026-09-08T08:12:27.068379Z,8259,70,CTD,65535,255,1027.69189453125
1788855147.2684069,2026-09-08T08:12:27.268406Z,8259,70,CTD,65535,255,1027.694091796875
1788855147.468825,2026-09-08T08:12:27.468825Z,8259,70,CTD,65535,255,1027.6944580078125
1788855147.669065,2026-09-08T08:12:27.669064Z,8259,70,CTD,65535,255,1027.69189453125
1788855147.8700845,2026-09-08T08:12:27.870084Z,8259,70,CTD,65535,255,1027.6915283203125
1788855148.0711215,2026-09-08T08:12:28.071121Z,8259,70,CTD,65535,255,1027.6932373046875
1788855148.2717166,2026-09-08T08:12:28.271716Z,8259,70,CTD,65535,255,1027.6907958984375
1788855148.4725196,2026-09-08T08:12:28.472519Z,8259,70,CTD,65535,255,1027.6927490234375
1788855148.6733708,2026-09-08T08:12:28.673370Z,8259,70,CTD,65535,255,1027.6917724609375
1788855148.8738425,2026-09-08T08:12:28.873842Z,8259,70,CTD,65535,255,1027.692626953125
1788855149.07451,2026-09-08T08:12:29.074510Z,8259,70,CTD,65535,255,1027.6939697265625
1788855149.2747266,2026-09-08T08:12:29.274726Z,8259,70,CTD,65535,255,1027.69091796875
1788855149.475545,2026-09-08T08:12:29.475544Z,8259,70,CTD,65535,255,1027.6920166015625
1788855149.6753857,2026-09-08T08:12:29.675385Z,8259,70,CTD,65535,255,1027.691162109375
1788855149.8754957,2026-09-08T08:12:29.875495Z,8259,70,CTD,65535,255,1027.6904296875
1788855150.0758202,2026-09-08T08:12:30.075820Z,8259,70,CTD,65535,255,1027.6915283203125
1788855150.2754977,2026-09-08T08:12:30.275497Z,8259,70,CTD,65535,255,1027.6888427734375
1788855150.4754,2026-09-08T08:12:30.475399Z,8259,70,CTD,65535,255,1027.6878662109375
1788855150.6755242,2026-09-08T08:12:30.675524Z,8259,70,CTD,65535,255,1027.6962890625
1788855150.8754985,2026-09-08T08:12:30.875498Z,8259,70,CTD,65535,255,1027.690673828125
1788855151.075797,2026-09-08T08:12:31.075797Z,8259,70,CTD,65535,255,1027.6951904296875
1788855151.2753901,2026-09-08T08:12:31.275390Z,8259,70,CTD,65535,255,1027.6905517578125
1788855151.4752576,2026-09-08T08:12:31.475257Z,8259,70,CTD,65535,255,1027.69189453125
1788855151.6750143,2026-09-08T08:12:31.675014Z,8259,70,CTD,65535,255,1027.6917724609375
1788855151.8751407,2026-09-08T08:12:31.875140Z,8259,70,CTD,65535,255,1027.6943359375
1788855152.0756745,2026-09-08T08:12:32.075674Z,8259,70,CTD,65535,255,1027.6939697265625
1788855152.2754219,2026-09-08T08:12:32.275421Z,8259,70,CTD,65535,255,1027.6884765625
1788855152.4756796,2026-09-08T08:12:32.475679Z,8259,70,CTD,65535,255,1027.6912841796875
1788855152.6756084,2026-09-08T08:12:32.675608Z,8259,70,CTD,65535,255,1027.690185546875
1788855152.8751678,2026-09-08T08:12:32.875167Z,8259,70,CTD,65535,255,1027.6885986328125
1788855153.0756078,2026-09-08T08:12:33.075607Z,8259,70,CTD,65535,255,1027.6900634765625
1788855153.275193,2026-09-08T08:12:33.275192Z,8259,70,CTD,65535,255,1027.6907958984375
1788855153.4749198,2026-09-08T08:12:33.474919Z,8259,70,CTD,65535,255,1027.695068359375
1788855153.674622,2026-09-08T08:12:33.674622Z,8259,70,CTD,65535,255,1027.6915283203125
1788855153.8745794,2026-09-08T08:12:33.874579Z,8259,70,CTD,65535,255,1027.6890869140625
1788855154.0746138,2026-09-08T08:12:34.074613Z,8259,70,CTD,65535,255,1027.6942138671875
1788855154.2744665,2026-09-08T08:12:34.274466Z,8259,70,CTD,65535,255,1027.691162109375
1788855154.4738972,2026-09-08T08:12:34.473897Z,8259,70,CTD,65535,255,1027.6932373046875
1788855154.6737797,2026-09-08T08:12:34.673779Z,8259,70,CTD,65535,255,1027.6905517578125
1788855154.8735929,2026-09-08T08:12:34.873592Z,8259,70,CTD,65535,255,1027.6905517578125
1788855155.0738626,2026-09-08T08:12:35.073862Z,8259,70,CTD,65535,255,1027.696044921875
1788855155.273628,2026-09-08T08:12:35.273627Z,8259,70,CTD,65535,255,1027.6953125
1788855155.473495,2026-09-08T08:12:35.473495Z,8259,70,CTD,65535,255,1027.69091796875
1788855155.6732802,2026-09-08T08:12:35.673280Z,8259,70,CTD,65535,255,1027.6898193359375
1788855155.8733826,2026-09-08T08:12:35.873382Z,8259,70,CTD,65535,255,1027.688232421875
1788855156.0735178,2026-09-08T08:12:36.073517Z,8259,70,CTD,65535,255,1027.694580078125
1788855156.2734058,2026-09-08T08:12:36.273405Z,8259,70,CTD,65535,255,1027.6932373046875
1788855156.4733872,2026-09-08T08:12:36.473387Z,8259,70,CTD,65535,255,1027.694091796875
1788855156.6733913,2026-09-08T08:12:36.673391Z,8259,70,CTD,65535,255,1027.690185546875
1788855156.8736858,2026-09-08T08:12:36.873685Z,8259,70,CTD,65535,255,1027.6925048828125
1788855157.0738242,2026-09-08T08:12:37.073824Z,8259,70,CTD,65535,255,1027.6822509765625
1788855157.2737155,2026-09-08T08:12:37.273715Z,8259,70,CTD,65535,255,1027.6878662109375
1788855157.4738407,2026-09-08T08:12:37.473840Z,8259,70,CTD,65535,255,1027.6932373046875
1788855157.6739542,2026-09-08T08:12:37.673954Z,8259,70,CTD,65535,255,1027.690185546875
1788855157.8737118,2026-09-08T08:12:37.873711Z,8259,70,CTD,65535,255,1027.687255859375
1788855158.0740497,2026-09-08T08:12:38.074049Z,8259,70,CTD,65535,255,1027.6851806640625
1788855158.273737,2026-09-08T08:12:38.273736Z,8259,70,CTD,65535,255,1027.68408203125
1788855158.473618,2026-09-08T08:12:38.473618Z,8259,70,CTD,65535,255,1027.68212890625
1788855158.6735945,2026-09-08T08:12:38.673594Z,8259,70,CTD,65535,255,1027.6834716796875
1788855158.8734097,2026-09-08T08:12:38.873409Z,8259,70,CTD,65535,255,1027.6883544921875
1788855159.0736449,2026-09-08T08:12:39.073644Z,8259,70,CTD,65535,255,1027.6859130859375
1788855159.2734737,2026-09-08T08:12:39.273473Z,8259,70,CTD,65535,255,1027.68505859375
1788855159.4732249,2026-09-08T08:12:39.473224Z,8259,70,CTD,65535,255,1027.6846923828125
1788855159.6730022,2026-09-08T08:12:39.673002Z,8259,70,CTD,65535,255,1027.686279296875
1788855159.8726256,2026-09-08T08:12:39.872625Z,8259,70,CTD,65535,255,1027.68115234375
1788855160.0726626,2026-09-08T08:12:40.072662Z,8259,70,CTD,65535,255,1027.6756591796875
1788855160.2721088,2026-09-08T08:12:40.272108Z,8259,70,CTD,65535,255,1027.68017578125
1788855160.471766,2026-09-08T08:12:40.471765Z,8259,70,CTD,65535,255,1027.6832275390625
1788855160.671189,2026-09-08T08:12:40.671189Z,8259,70,CTD,65535,255,1027.6807861328125
1788855160.8702846,2026-09-08T08:12:40.870284Z,8259,70,CTD,65535,255,1027.6795654296875
1788855161.069618,2026-09-08T08:12:41.069617Z,8259,70,CTD,65535,255,1027.679443359375
1788855161.2686417,2026-09-08T08:12:41.268641Z,8259,70,CTD,65535,255,1027.6793212890625
1788855161.4676256,2026-09-08T08:12:41.467625Z,8259,70,CTD,65535,255,1027.6839599609375
1788855161.6667206,2026-09-08T08:12:41.666720Z,8259,70,CTD,65535,255,1027.67431640625
1788855161.8657038,2026-09-08T08:12:41.865703Z,8259,70,CTD,65535,255,1027.6778564453125
1788855162.0652428,2026-09-08T08:12:42.065242Z,8259,70,CTD,65535,255,1027.6778564453125
1788855162.2642555,2026-09-08T08:12:42.264255Z,8259,70,CTD,65535,255,1027.6793212890625
1788855162.4633243,2026-09-08T08:12:42.463324Z,8259,70,CTD,65535,255,1027.6806640625
1788855162.6622834,2026-09-08T08:12:42.662283Z,8259,70,CTD,65535,255,1027.6739501953125
1788855162.861079,2026-09-08T08:12:42.861078Z,8259,70,CTD,65535,255,1027.6767578125
1788855163.0603738,2026-09-08T08:12:43.060373Z,8259,70,CTD,65535,255,1027.67236328125
1788855163.2588515,2026-09-08T08:12:43.258851Z,8259,70,CTD,65535,255,1027.6749267578125
1788855163.4576995,2026-09-08T08:12:43.457699Z,8259,70,CTD,65535,255,1027.6728515625
1788855163.656314,2026-09-08T08:12:43.656313Z,8259,70,CTD,65535,255,1027.6773681640625
1788855163.8560047,2026-09-08T08:12:43.856004Z,8259,70,CTD,65535,255,1027.67724609375
1788855164.0559578,2026-09-08T08:12:44.055957Z,8259,70,CTD,65535,255,1027.675537109375
1788855164.255332,2026-09-08T08:12:44.255331Z,8259,70,CTD,65535,255,1027.67138671875
1788855164.4549499,2026-09-08T08:12:44.454949Z,8259,70,CTD,65535,255,1027.6729736328125
1788855164.6546278,2026-09-08T08:12:44.654627Z,8259,70,CTD,65535,255,1027.671142578125
1788855164.85487,2026-09-08T08:12:44.854870Z,8259,70,CTD,65535,255,1027.6787109375
1788855165.055344,2026-09-08T08:12:45.055344Z,8259,70,CTD,65535,255,1027.6729736328125
1788855165.25537,2026-09-08T08:12:45.255369Z,8259,70,CTD,65535,255,1027.6712646484375
1788855165.4554646,2026-09-08T08:12:45.455464Z,8259,70,CTD,65535,255,1027.669921875
1788855165.6557813,2026-09-08T08:12:45.655781Z,8259,70,CTD,65535,255,1027.6748046875
1788855165.856163,2026-09-08T08:12:45.856163Z,8259,70,CTD,65535,255,1027.6749267578125
1788855166.0568151,2026-09-08T08:12:46.056815Z,8259,70,CTD,65535,255,1027.6754150390625
1788855166.2570689,2026-09-08T08:12:46.257068Z,8259,70,CTD,65535,255,1027.667724609375
1788855166.4572895,2026-09-08T08:12:46.457289Z,8259,70,CTD,65535,255,1027.67431640625
1788855166.6578057,2026-09-08T08:12:46.657805Z,8259,70,CTD,65535,255,1027.6710205078125
1788855166.8581836,2026-09-08T08:12:46.858183Z,8259,70,CTD,65535,255,1027.6712646484375
1788855167.058766,2026-09-08T08:12:47.058765Z,8259,70,CTD,65535,255,1027.669677734375
1788855167.2590141,2026-09-08T08:12:47.259014Z,8259,70,CTD,65535,255,1027.673583984375
1788855167.4593856,2026-09-08T08:12:47.459385Z,8259,70,CTD,65535,255,1027.6680908203125
1788855167.6598248,2026-09-08T08:12:47.659824Z,8259,70,CTD,65535,255,1027.6689453125
1788855167.8598862,2026-09-08T08:12:47.859886Z,8259,70,CTD,65535,255,1027.666259765625
1788855168.0603802,2026-09-08T08:12:48.060380Z,8259,70,CTD,65535,255,1027.6685791015625
1788855168.2605002,2026-09-08T08:12:48.260500Z,8259,70,CTD,65535,255,1027.665771484375
1788855168.4607654,2026-09-08T08:12:48.460765Z,8259,70,CTD,65535,255,1027.6683349609375
1788855168.6609302,2026-09-08T08:12:48.660930Z,8259,70,CTD,65535,255,1027.6663818359375
1788855168.8609025,2026-09-08T08:12:48.860902Z,8259,70,CTD,65535,255,1027.668701171875
1788855169.0612466,2026-09-08T08:12:49.061246Z,8259,70,CTD,65535,255,1027.6646728515625
1788855169.261358,2026-09-08T08:12:49.261358Z,8259,70,CTD,65535,255,1027.6651611328125
1788855169.4613519,2026-09-08T08:12:49.461351Z,8259,70,CTD,65535,255,1027.6605224609375
1788855169.661336,2026-09-08T08:12:49.661335Z,8259,70,CTD,65535,255,1027.6650390625
1788855169.861358,2026-09-08T08:12:49.861357Z,8259,70,CTD,65535,255,1027.6678466796875
1788855170.0616913,2026-09-08T08:12:50.061691Z,8259,70,CTD,65535,255,1027.66943359375
1788855170.2613761,2026-09-08T08:12:50.261376Z,8259,70,CTD,65535,255,1027.6639404296875
1788855170.461512,2026-09-08T08:12:50.461512Z,8259,70,CTD,65535,255,1027.6649169921875
1788855170.6613796,2026-09-08T08:12:50.661379Z,8259,70,CTD,65535,255,1027.6610107421875
1788855170.8614872,2026-09-08T08:12:50.861487Z,8259,70,CTD,65535,255,1027.6634521484375
1788855171.061821,2026-09-08T08:12:51.061820Z,8259,70,CTD,65535,255,1027.6629638671875
1788855171.261523,2026-09-08T08:12:51.261523Z,8259,70,CTD,65535,255,1027.664794921875
1788855171.4614782,2026-09-08T08:12:51.461478Z,8259,70,CTD,65535,255,1027.6632080078125
1788855171.661425,2026-09-08T08:12:51.661425Z,8259,70,CTD,65535,255,1027.661376953125
1788855171.8613977,2026-09-08T08:12:51.861397Z,8259,70,CTD,65535,255,1027.663330078125
1788855172.061677,2026-09-08T08:12:52.061676Z,8259,70,CTD,65535,255,1027.66259765625
1788855172.261222,2026-09-08T08:12:52.261221Z,8259,70,CTD,65535,255,1027.66748046875
1788855172.4611769,2026-09-08T08:12:52.461176Z,8259,70,CTD,65535,255,1027.662841796875
1788855172.661278,2026-09-08T08:12:52.661278Z,8259,70,CTD,65535,255,1027.6651611328125
1788855172.8610768,2026-09-08T08:12:52.861076Z,8259,70,CTD,65535,255,1027.6595458984375
1788855173.0614686,2026-09-08T08:12:53.061468Z,8259,70,CTD,65535,255,1027.6522216796875
1788855173.2611668,2026-09-08T08:12:53.261166Z,8259,70,CTD,65535,255,1027.6632080078125
1788855173.461257,2026-09-08T08:12:53.461256Z,8259,70,CTD,65535,255,1027.66259765625
1788855173.6611366,2026-09-08T08:12:53.661136Z,8259,70,CTD,65535,255,1027.6654052734375
1788855173.8611856,2026-09-08T08:12:53.861185Z,8259,70,CTD,65535,255,1027.6630859375
1788855174.064453,2026-09-08T08:12:54.064452Z,8259,70,CTD,65535,255,1027.66162109375
1788855174.2612457,2026-09-08T08:12:54.261245Z,8259,70,CTD,65535,255,1027.6683349609375
1788855174.461107,2026-09-08T08:12:54.461107Z,8259,70,CTD,65535,255,1027.6680908203125
1788855174.6610336,2026-09-08T08:12:54.661033Z,8259,70,CTD,65535,255,1027.6644287109375
1788855174.8610234,2026-09-08T08:12:54.861023Z,8259,70,CTD,65535,255,1027.660400390625
1788855175.0613234,2026-09-08T08:12:55.061323Z,8259,70,CTD,65535,255,1027.660400390625
1788855175.2610924,2026-09-08T08:12:55.261092Z,8259,70,CTD,65535,255,1027.6636962890625
1788855175.4608307,2026-09-08T08:12:55.460830Z,8259,70,CTD,65535,255,1027.660400390625
1788855175.6610172,2026-09-08T08:12:55.661017Z,8259,70,CTD,65535,255,1027.66796875
1788855175.8609574,2026-09-08T08:12:55.860957Z,8259,70,CTD,65535,255,1027.658935546875
1788855176.061205,2026-09-08T08:12:56.061204Z,8259,70,CTD,65535,255,1027.6612548828125
1788855176.2611096,2026-09-08T08:12:56.261109Z,8259,70,CTD,65535,255,1027.6629638671875
1788855176.4609594,2026-09-08T08:12:56.460959Z,8259,70,CTD,65535,255,1027.662109375
1788855176.6608028,2026-09-08T08:12:56.660802Z,8259,70,CTD,65535,255,1027.6580810546875
1788855176.86059,2026-09-08T08:12:56.860589Z,8259,70,CTD,65535,255,1027.6572265625
1788855177.0607905,2026-09-08T08:12:57.060790Z,8259,70,CTD,65535,255,1027.6597900390625
1788855177.2604659,2026-09-08T08:12:57.260465Z,8259,70,CTD,65535,255,1027.658203125
1788855177.460285,2026-09-08T08:12:57.460284Z,8259,70,CTD,65535,255,1027.658203125
1788855177.660276,2026-09-08T08:12:57.660275Z,8259,70,CTD,65535,255,1027.662841796875
1788855177.8597555,2026-09-08T08:12:57.859755Z,8259,70,CTD,65535,255,1027.6676025390625
1788855178.0598185,2026-09-08T08:12:58.059818Z,8259,70,CTD,65535,255,1027.660888671875
1788855178.2593448,2026-09-08T08:12:58.259344Z,8259,70,CTD,65535,255,1027.6612548828125
1788855178.4587412,2026-09-08T08:12:58.458741Z,8259,70,CTD,65535,255,1027.663818359375
1788855178.6584044,2026-09-08T08:12:58.658404Z,8259,70,CTD,65535,255,1027.6656494140625
1788855178.8583224,2026-09-08T08:12:58.858322Z,8259,70,CTD,65535,255,1027.66455078125
1788855179.058355,2026-09-08T08:12:59.058355Z,8259,70,CTD,65535,255,1027.6658935546875
1788855179.2578714,2026-09-08T08:12:59.257871Z,8259,70,CTD,65535,255,1027.6640625
1788855179.4577882,2026-09-08T08:12:59.457788Z,8259,70,CTD,65535,255,1027.6663818359375
1788855179.657755,2026-09-08T08:12:59.657754Z,8259,70,CTD,65535,255,1027.6656494140625
1788855179.8575814,2026-09-08T08:12:59.857581Z,8259,70,CTD,65535,255,1027.6597900390625
1788855180.0578396,2026-09-08T08:13:00.057839Z,8259,70,CTD,65535,255,1027.6629638671875
1788855180.2575657,2026-09-08T08:13:00.257565Z,8259,70,CTD,65535,255,1027.6671142578125
1788855180.457491,2026-09-08T08:13:00.457490Z,8259,70,CTD,65535,255,1027.6649169921875
1788855180.6576161,2026-09-08T08:13:00.657616Z,8259,70,CTD,65535,255,1027.6676025390625
1788855180.857558,2026-09-08T08:13:00.857558Z,8259,70,CTD,65535,255,1027.66357421875
1788855181.0580988,2026-09-08T08:13:01.058098Z,8259,70,CTD,65535,255,1027.6678466796875
1788855181.2581422,2026-09-08T08:13:01.258142Z,8259,70,CTD,65535,255,1027.663818359375
1788855181.458139,2026-09-08T08:13:01.458138Z,8259,70,CTD,65535,255,1027.6617431640625
1788855181.6580698,2026-09-08T08:13:01.658069Z,8259,70,CTD,65535,255,1027.66357421875
1788855181.8581018,2026-09-08T08:13:01.858101Z,8259,70,CTD,65535,255,1027.666259765625
1788855182.0583766,2026-09-08T08:13:02.058376Z,8259,70,CTD,65535,255,1027.6669921875
1788855182.258352,2026-09-08T08:13:02.258352Z,8259,70,CTD,65535,255,1027.6636962890625
1788855182.4582143,2026-09-08T08:13:02.458214Z,8259,70,CTD,65535,255,1027.659912109375
1788855182.6583023,2026-09-08T08:13:02.658302Z,8259,70,CTD,65535,255,1027.6632080078125
1788855182.8584108,2026-09-08T08:13:02.858410Z,8259,70,CTD,65535,255,1027.664794921875
1788855183.0587401,2026-09-08T08:13:03.058740Z,8259,70,CTD,65535,255,1027.66259765625
1788855183.2587454,2026-09-08T08:13:03.258745Z,8259,70,CTD,65535,255,1027.666259765625
1788855183.458752,2026-09-08T08:13:03.458751Z,8259,70,CTD,65535,255,1027.664794921875
1788855183.6585634,2026-09-08T08:13:03.658563Z,8259,70,CTD,65535,255,1027.66015625
1788855183.8587525,2026-09-08T08:13:03.858752Z,8259,70,CTD,65535,255,1027.658447265625
1788855184.0590534,2026-09-08T08:13:04.059053Z,8259,70,CTD,65535,255,1027.6563720703125
1788855184.258918,2026-09-08T08:13:04.258918Z,8259,70,CTD,65535,255,1027.658447265625
1788855184.4588282,2026-09-08T08:13:04.458828Z,8259,70,CTD,65535,255,1027.6619873046875
1788855184.6588554,2026-09-08T08:13:04.658855Z,8259,70,CTD,65535,255,1027.6588134765625
1788855184.8587334,2026-09-08T08:13:04.858733Z,8259,70,CTD,65535,255,1027.659912109375
1788855185.0590198,2026-09-08T08:13:05.059019Z,8259,70,CTD,65535,255,1027.6591796875
1788855185.2589905,2026-09-08T08:13:05.258990Z,8259,70,CTD,65535,255,1027.6610107421875
1788855185.4588668,2026-09-08T08:13:05.458866Z,8259,70,CTD,65535,255,1027.66455078125
1788855185.6588545,2026-09-08T08:13:05.658854Z,8259,70,CTD,65535,255,1027.6644287109375
1788855185.8587573,2026-09-08T08:13:05.858757Z,8259,70,CTD,65535,255,1027.6640625
1788855186.0591834,2026-09-08T08:13:06.059183Z,8259,70,CTD,65535,255,1027.6632080078125
1788855186.2587457,2026-09-08T08:13:06.258745Z,8259,70,CTD,65535,255,1027.6640625
1788855186.4587111,2026-09-08T08:13:06.458711Z,8259,70,CTD,65535,255,1027.6646728515625
1788855186.658752,2026-09-08T08:13:06.658751Z,8259,70,CTD,65535,255,1027.66015625
1788855186.8586853,2026-09-08T08:13:06.858685Z,8259,70,CTD,65535,255,1027.6622314453125
1788855187.0589583,2026-09-08T08:13:07.058958Z,8259,70,CTD,65535,255,1027.665283203125
1788855187.2589674,2026-09-08T08:13:07.258967Z,8259,70,CTD,65535,255,1027.6650390625
1788855187.4589012,2026-09-08T08:13:07.458901Z,8259,70,CTD,65535,255,1027.6650390625
1788855187.658858,2026-09-08T08:13:07.658858Z,8259,70,CTD,65535,255,1027.665771484375
1788855187.858826,2026-09-08T08:13:07.858825Z,8259,70,CTD,65535,255,1027.664794921875
1788855188.0590725,2026-09-08T08:13:08.059072Z,8259,70,CTD,65535,255,1027.6673583984375
1788855188.2586703,2026-09-08T08:13:08.258670Z,8259,70,CTD,65535,255,1027.6646728515625
1788855188.458785,2026-09-08T08:13:08.458785Z,8259,70,CTD,65535,255,1027.6591796875
1788855188.6587062,2026-09-08T08:13:08.658706Z,8259,70,CTD,65535,255,1027.660400390625
1788855188.8586836,2026-09-08T08:13:08.858683Z,8259,70,CTD,65535,255,1027.664794921875
1788855189.0590415,2026-09-08T08:13:09.059041Z,8259,70,CTD,65535,255,1027.6673583984375
1788855189.258625,2026-09-08T08:13:09.258625Z,8259,70,CTD,65535,255,1027.6629638671875
1788855189.4586892,2026-09-08T08:13:09.458689Z,8259,70,CTD,65535,255,1027.6669921875
1788855189.6588278,2026-09-08T08:13:09.658827Z,8259,70,CTD,65535,255,1027.6630859375
1788855189.8588362,2026-09-08T08:13:09.858836Z,8259,70,CTD,65535,255,1027.66357421875
1788855190.0591278,2026-09-08T08:13:10.059127Z,8259,70,CTD,65535,255,1027.6654052734375
1788855190.258758,2026-09-08T08:13:10.258758Z,8259,70,CTD,65535,255,1027.6614990234375
1788855190.4589794,2026-09-08T08:13:10.458979Z,8259,70,CTD,65535,255,1027.6630859375
1788855190.6590538,2026-09-08T08:13:10.659053Z,8259,70,CTD,65535,255,1027.6644287109375
1788855190.8591325,2026-09-08T08:13:10.859132Z,8259,70,CTD,65535,255,1027.6641845703125
1788855191.0597239,2026-09-08T08:13:11.059723Z,8259,70,CTD,65535,255,1027.66357421875
1788855191.2598228,2026-09-08T08:13:11.259822Z,8259,70,CTD,65535,255,1027.6612548828125
1788855191.4600704,2026-09-08T08:13:11.460070Z,8259,70,CTD,65535,255,1027.659423828125
1788855191.6602023,2026-09-08T08:13:11.660202Z,8259,70,CTD,65535,255,1027.6650390625
1788855191.8602483,2026-09-08T08:13:11.860248Z,8259,70,CTD,65535,255,1027.666259765625
1788855192.0608804,2026-09-08T08:13:12.060880Z,8259,70,CTD,65535,255,1027.6656494140625
1788855192.261073,2026-09-08T08:13:12.261073Z,8259,70,CTD,65535,255,1027.6646728515625
1788855192.460999,2026-09-08T08:13:12.460999Z,8259,70,CTD,65535,255,1027.6611328125
1788855192.6612453,2026-09-08T08:13:12.661245Z,8259,70,CTD,65535,255,1027.6602783203125
1788855192.861489,2026-09-08T08:13:12.861489Z,8259,70,CTD,65535,255,1027.6591796875
1788855193.061797,2026-09-08T08:13:13.061796Z,8259,70,CTD,65535,255,1027.6605224609375
1788855193.2617505,2026-09-08T08:13:13.261750Z,8259,70,CTD,65535,255,1027.662353515625
1788855193.4617546,2026-09-08T08:13:13.461754Z,8259,70,CTD,65535,255,1027.660400390625
1788855193.6618497,2026-09-08T08:13:13.661849Z,8259,70,CTD,65535,255,1027.6622314453125
1788855193.8618355,2026-09-08T08:13:13.861835Z,8259,70,CTD,65535,255,1027.6627197265625
1788855194.0619643,2026-09-08T08:13:14.061964Z,8259,70,CTD,65535,255,1027.6636962890625
1788855194.2618124,2026-09-08T08:13:14.261812Z,8259,70,CTD,65535,255,1027.6605224609375
1788855194.4616432,2026-09-08T08:13:14.461643Z,8259,70,CTD,65535,255,1027.660888671875
1788855194.6614683,2026-09-08T08:13:14.661468Z,8259,70,CTD,65535,255,1027.658935546875
1788855194.8616161,2026-09-08T08:13:14.861616Z,8259,70,CTD,65535,255,1027.6622314453125
1788855195.0617108,2026-09-08T08:13:15.061710Z,8259,70,CTD,65535,255,1027.6632080078125
1788855195.2616034,2026-09-08T08:13:15.261603Z,8259,70,CTD,65535,255,1027.6634521484375
1788855195.4614437,2026-09-08T08:13:15.461443Z,8259,70,CTD,65535,255,1027.6590576171875
1788855195.6615698,2026-09-08T08:13:15.661569Z,8259,70,CTD,65535,255,1027.6605224609375
1788855195.8615685,2026-09-08T08:13:15.861568Z,8259,70,CTD,65535,255,1027.657958984375
1788855196.0619013,2026-09-08T08:13:16.061901Z,8259,70,CTD,65535,255,1027.6632080078125
1788855196.261806,2026-09-08T08:13:16.261806Z,8259,70,CTD,65535,255,1027.66064453125
1788855196.4618278,2026-09-08T08:13:16.461827Z,8259,70,CTD,65535,255,1027.65966796875
1788855196.6619413,2026-09-08T08:13:16.661941Z,8259,70,CTD,65535,255,1027.6619873046875
1788855196.8620656,2026-09-08T08:13:16.862065Z,8259,70,CTD,65535,255,1027.6654052734375
1788855197.062175,2026-09-08T08:13:17.062175Z,8259,70,CTD,65535,255,1027.665283203125
1788855197.2618735,2026-09-08T08:13:17.261873Z,8259,70,CTD,65535,255,1027.6661376953125
1788855197.461838,2026-09-08T08:13:17.461838Z,8259,70,CTD,65535,255,1027.6646728515625
1788855197.6617043,2026-09-08T08:13:17.661704Z,8259,70,CTD,65535,255,1027.66357421875
1788855197.8614311,2026-09-08T08:13:17.861431Z,8259,70,CTD,65535,255,1027.66455078125
1788855198.0616565,2026-09-08T08:13:18.061656Z,8259,70,CTD,65535,255,1027.6644287109375
1788855198.2612147,2026-09-08T08:13:18.261214Z,8259,70,CTD,65535,255,1027.6619873046875
1788855198.461282,2026-09-08T08:13:18.461282Z,8259,70,CTD,65535,255,1027.6611328125
1788855198.6609256,2026-09-08T08:13:18.660925Z,8259,70,CTD,65535,255,1027.664306640625
1788855198.8610785,2026-09-08T08:13:18.861078Z,8259,70,CTD,65535,255,1027.662353515625
1788855199.0613537,2026-09-08T08:13:19.061353Z,8259,70,CTD,65535,255,1027.6622314453125
1788855199.2612085,2026-09-08T08:13:19.261208Z,8259,70,CTD,65535,255,1027.66064453125
1788855199.4611535,2026-09-08T08:13:19.461153Z,8259,70,CTD,65535,255,1027.6630859375
1788855199.6612394,2026-09-08T08:13:19.661239Z,8259,70,CTD,65535,255,1027.6614990234375
1788855199.8610086,2026-09-08T08:13:19.861008Z,8259,70,CTD,65535,255,1027.66015625
1788855200.061483,2026-09-08T08:13:20.061482Z,8259,70,CTD,65535,255,1027.66064453125
1788855200.2612538,2026-09-08T08:13:20.261253Z,8259,70,CTD,65535,255,1027.6593017578125
1788855200.4614449,2026-09-08T08:13:20.461444Z,8259,70,CTD,65535,255,1027.6610107421875
1788855200.6615312,2026-09-08T08:13:20.661531Z,8259,70,CTD,65535,255,1027.6627197265625
1788855200.861274,2026-09-08T08:13:20.861274Z,8259,70,CTD,65535,255,1027.664306640625
1788855201.061742,2026-09-08T08:13:21.061742Z,8259,70,CTD,65535,255,1027.6602783203125
1788855201.2613802,2026-09-08T08:13:21.261380Z,8259,70,CTD,65535,255,1027.659423828125
1788855201.4613655,2026-09-08T08:13:21.461365Z,8259,70,CTD,65535,255,1027.662109375
1788855201.661325,2026-09-08T08:13:21.661324Z,8259,70,CTD,65535,255,1027.66162109375
1788855201.8613424,2026-09-08T08:13:21.861342Z,8259,70,CTD,65535,255,1027.6636962890625
1788855202.0618386,2026-09-08T08:13:22.061838Z,8259,70,CTD,65535,255,1027.6630859375
1788855202.2613757,2026-09-08T08:13:22.261375Z,8259,70,CTD,65535,255,1027.6602783203125
1788855202.4612982,2026-09-08T08:13:22.461298Z,8259,70,CTD,65535,255,1027.6614990234375
1788855202.6613011,2026-09-08T08:13:22.661301Z,8259,70,CTD,65535,255,1027.66455078125
1788855202.861266,2026-09-08T08:13:22.861265Z,8259,70,CTD,65535,255,1027.66357421875
1788855203.0616245,2026-09-08T08:13:23.061624Z,8259,70,CTD,65535,255,1027.6585693359375
1788855203.2613046,2026-09-08T08:13:23.261304Z,8259,70,CTD,65535,255,1027.6636962890625
1788855203.46131,2026-09-08T08:13:23.461309Z,8259,70,CTD,65535,255,1027.6605224609375
1788855203.661249,2026-09-08T08:13:23.661248Z,8259,70,CTD,65535,255,1027.657958984375
1788855203.8612115,2026-09-08T08:13:23.861211Z,8259,70,CTD,65535,255,1027.661865234375
1788855204.0620315,2026-09-08T08:13:24.062031Z,8259,70,CTD,65535,255,1027.6617431640625
1788855204.2612283,2026-09-08T08:13:24.261228Z,8259,70,CTD,65535,255,1027.6605224609375
1788855204.461419,2026-09-08T08:13:24.461419Z,8259,70,CTD,65535,255,1027.657958984375
1788855204.6611872,2026-09-08T08:13:24.661187Z,8259,70,CTD,65535,255,1027.65869140625
1788855204.8611093,2026-09-08T08:13:24.861109Z,8259,70,CTD,65535,255,1027.6590576171875
1788855205.0614345,2026-09-08T08:13:25.061434Z,8259,70,CTD,65535,255,1027.65869140625
1788855205.26144,2026-09-08T08:13:25.261440Z,8259,70,CTD,65535,255,1027.6611328125
1788855205.4610944,2026-09-08T08:13:25.461094Z,8259,70,CTD,65535,255,1027.6580810546875
1788855205.6610262,2026-09-08T08:13:25.661026Z,8259,70,CTD,65535,255,1027.66259765625
1788855205.8610752,2026-09-08T08:13:25.861075Z,8259,70,CTD,65535,255,1027.658935546875
1788855206.0615277,2026-09-08T08:13:26.061527Z,8259,70,CTD,65535,255,1027.65966796875
1788855206.2611184,2026-09-08T08:13:26.261118Z,8259,70,CTD,65535,255,1027.6568603515625
1788855206.4611504,2026-09-08T08:13:26.461150Z,8259,70,CTD,65535,255,1027.6611328125
1788855206.6610544,2026-09-08T08:13:26.661054Z,8259,70,CTD,65535,255,1027.65771484375
1788855206.860899,2026-09-08T08:13:26.860898Z,8259,70,CTD,65535,255,1027.6611328125
1788855207.0612519,2026-09-08T08:13:27.061251Z,8259,70,CTD,65535,255,1027.655517578125
1788855207.2609534,2026-09-08T08:13:27.260953Z,8259,70,CTD,65535,255,1027.6561279296875
1788855207.460548,2026-09-08T08:13:27.460547Z,8259,70,CTD,65535,255,1027.6588134765625
1788855207.6603172,2026-09-08T08:13:27.660317Z,8259,70,CTD,65535,255,1027.656982421875
1788855207.860005,2026-09-08T08:13:27.860004Z,8259,70,CTD,65535,255,1027.662841796875
1788855208.0601506,2026-09-08T08:13:28.060150Z,8259,70,CTD,65535,255,1027.6563720703125
1788855208.259384,2026-09-08T08:13:28.259383Z,8259,70,CTD,65535,255,1027.657958984375
1788855208.458994,2026-09-08T08:13:28.458993Z,8259,70,CTD,65535,255,1027.6591796875
1788855208.6586583,2026-09-08T08:13:28.658658Z,8259,70,CTD,65535,255,1027.6595458984375
1788855208.8587997,2026-09-08T08:13:28.858799Z,8259,70,CTD,65535,255,1027.6605224609375
1788855209.0585885,2026-09-08T08:13:29.058588Z,8259,70,CTD,65535,255,1027.65673828125
1788855209.2584314,2026-09-08T08:13:29.258431Z,8259,70,CTD,65535,255,1027.6572265625
1788855209.458121,2026-09-08T08:13:29.458121Z,8259,70,CTD,65535,255,1027.6610107421875
1788855209.657772,2026-09-08T08:13:29.657772Z,8259,70,CTD,65535,255,1027.6575927734375
1788855209.8577297,2026-09-08T08:13:29.857729Z,8259,70,CTD,65535,255,1027.658935546875
1788855210.0581007,2026-09-08T08:13:30.058100Z,8259,70,CTD,65535,255,1027.655029296875
1788855210.2578166,2026-09-08T08:13:30.257816Z,8259,70,CTD,65535,255,1027.659912109375
1788855210.458125,2026-09-08T08:13:30.458125Z,8259,70,CTD,65535,255,1027.6544189453125
1788855210.6577718,2026-09-08T08:13:30.657771Z,8259,70,CTD,65535,255,1027.6585693359375
1788855210.8577857,2026-09-08T08:13:30.857785Z,8259,70,CTD,65535,255,1027.660400390625
1788855211.058361,2026-09-08T08:13:31.058361Z,8259,70,CTD,65535,255,1027.6578369140625
1788855211.258056,2026-09-08T08:13:31.258055Z,8259,70,CTD,65535,255,1027.6572265625
1788855211.4581168,2026-09-08T08:13:31.458116Z,8259,70,CTD,65535,255,1027.6583251953125
1788855211.658126,2026-09-08T08:13:31.658126Z,8259,70,CTD,65535,255,1027.65625
1788855211.8582094,2026-09-08T08:13:31.858209Z,8259,70,CTD,65535,255,1027.6561279296875
1788855212.058681,2026-09-08T08:13:32.058681Z,8259,70,CTD,65535,255,1027.6536865234375
1788855212.2586687,2026-09-08T08:13:32.258668Z,8259,70,CTD,65535,255,1027.658447265625
1788855212.4586792,2026-09-08T08:13:32.458679Z,8259,70,CTD,65535,255,1027.6529541015625
1788855212.658558,2026-09-08T08:13:32.658557Z,8259,70,CTD,65535,255,1027.652587890625
1788855212.858797,2026-09-08T08:13:32.858797Z,8259,70,CTD,65535,255,1027.6507568359375
1788855213.0591168,2026-09-08T08:13:33.059116Z,8259,70,CTD,65535,255,1027.652587890625
1788855213.2591252,2026-09-08T08:13:33.259125Z,8259,70,CTD,65535,255,1027.65087890625
1788855213.4590821,2026-09-08T08:13:33.459082Z,8259,70,CTD,65535,255,1027.64599609375
1788855213.6588547,2026-09-08T08:13:33.658854Z,8259,70,CTD,65535,255,1027.64697265625
1788855213.8590848,2026-09-08T08:13:33.859084Z,8259,70,CTD,65535,255,1027.6475830078125
1788855214.0595155,2026-09-08T08:13:34.059515Z,8259,70,CTD,65535,255,1027.6461181640625
1788855214.2591977,2026-09-08T08:13:34.259197Z,8259,70,CTD,65535,255,1027.6448974609375
1788855214.4589474,2026-09-08T08:13:34.458947Z,8259,70,CTD,65535,255,1027.6474609375
1788855214.6589193,2026-09-08T08:13:34.658919Z,8259,70,CTD,65535,255,1027.64697265625
1788855214.8588321,2026-09-08T08:13:34.858832Z,8259,70,CTD,65535,255,1027.648193359375
1788855215.0589914,2026-09-08T08:13:35.058991Z,8259,70,CTD,65535,255,1027.6490478515625
1788855215.2588105,2026-09-08T08:13:35.258810Z,8259,70,CTD,65535,255,1027.645263671875
1788855215.4583142,2026-09-08T08:13:35.458314Z,8259,70,CTD,65535,255,1027.6424560546875
1788855215.65838,2026-09-08T08:13:35.658380Z,8259,70,CTD,65535,255,1027.6431884765625
1788855215.8579953,2026-09-08T08:13:35.857995Z,8259,70,CTD,65535,255,1027.6448974609375
1788855216.0577738,2026-09-08T08:13:36.057773Z,8259,70,CTD,65535,255,1027.6441650390625
1788855216.2570004,2026-09-08T08:13:36.257000Z,8259,70,CTD,65535,255,1027.6470947265625
1788855216.456594,2026-09-08T08:13:36.456593Z,8259,70,CTD,65535,255,1027.6458740234375
1788855216.6561236,2026-09-08T08:13:36.656123Z,8259,70,CTD,65535,255,1027.6485595703125
1788855216.8558936,2026-09-08T08:13:36.855893Z,8259,70,CTD,65535,255,1027.643798828125
1788855217.0560584,2026-09-08T08:13:37.056058Z,8259,70,CTD,65535,255,1027.6435546875
1788855217.2556555,2026-09-08T08:13:37.255655Z,8259,70,CTD,65535,255,1027.6456298828125
1788855217.455337,2026-09-08T08:13:37.455337Z,8259,70,CTD,65535,255,1027.6463623046875
1788855217.6550906,2026-09-08T08:13:37.655090Z,8259,70,CTD,65535,255,1027.6429443359375
1788855217.8550262,2026-09-08T08:13:37.855026Z,8259,70,CTD,65535,255,1027.6435546875
1788855218.0556118,2026-09-08T08:13:38.055611Z,8259,70,CTD,65535,255,1027.643798828125
1788855218.2551816,2026-09-08T08:13:38.255181Z,8259,70,CTD,65535,255,1027.6453857421875
1788855218.4550388,2026-09-08T08:13:38.455038Z,8259,70,CTD,65535,255,1027.641845703125
1788855218.6550694,2026-09-08T08:13:38.655069Z,8259,70,CTD,65535,255,1027.6448974609375
1788855218.855111,2026-09-08T08:13:38.855110Z,8259,70,CTD,65535,255,1027.6409912109375
1788855219.0557015,2026-09-08T08:13:39.055701Z,8259,70,CTD,65535,255,1027.6431884765625
1788855219.2553475,2026-09-08T08:13:39.255347Z,8259,70,CTD,65535,255,1027.642578125
1788855219.4553835,2026-09-08T08:13:39.455383Z,8259,70,CTD,65535,255,1027.6392822265625
1788855219.6554909,2026-09-08T08:13:39.655490Z,8259,70,CTD,65535,255,1027.64306640625
1788855219.8555264,2026-09-08T08:13:39.855526Z,8259,70,CTD,65535,255,1027.6416015625
1788855220.0559382,2026-09-08T08:13:40.055938Z,8259,70,CTD,65535,255,1027.6436767578125
1788855220.2560327,2026-09-08T08:13:40.256032Z,8259,70,CTD,65535,255,1027.639404296875
1788855220.455851,2026-09-08T08:13:40.455851Z,8259,70,CTD,65535,255,1027.639892578125
1788855220.6558824,2026-09-08T08:13:40.655882Z,8259,70,CTD,65535,255,1027.641357421875
1788855220.8559742,2026-09-08T08:13:40.855974Z,8259,70,CTD,65535,255,1027.646240234375
1788855221.0563583,2026-09-08T08:13:41.056358Z,8259,70,CTD,65535,255,1027.64453125
1788855221.2564716,2026-09-08T08:13:41.256471Z,8259,70,CTD,65535,255,1027.6434326171875
1788855221.4562263,2026-09-08T08:13:41.456226Z,8259,70,CTD,65535,255,1027.6400146484375
1788855221.6562526,2026-09-08T08:13:41.656252Z,8259,70,CTD,65535,255,1027.6431884765625
1788855221.8562727,2026-09-08T08:13:41.856272Z,8259,70,CTD,65535,255,1027.640869140625
1788855222.0568101,2026-09-08T08:13:42.056810Z,8259,70,CTD,65535,255,1027.643798828125
1788855222.2563999,2026-09-08T08:13:42.256399Z,8259,70,CTD,65535,255,1027.6417236328125
1788855222.4565082,2026-09-08T08:13:42.456508Z,8259,70,CTD,65535,255,1027.6419677734375
1788855222.6564682,2026-09-08T08:13:42.656468Z,8259,70,CTD,65535,255,1027.642822265625
1788855222.8564286,2026-09-08T08:13:42.856428Z,8259,70,CTD,65535,255,1027.6444091796875
1788855223.0569234,2026-09-08T08:13:43.056923Z,8259,70,CTD,65535,255,1027.644287109375
1788855223.2567828,2026-09-08T08:13:43.256782Z,8259,70,CTD,65535,255,1027.6456298828125
1788855223.4564774,2026-09-08T08:13:43.456477Z,8259,70,CTD,65535,255,1027.6434326171875
1788855223.6564865,2026-09-08T08:13:43.656486Z,8259,70,CTD,65535,255,1027.644775390625
1788855223.856503,2026-09-08T08:13:43.856503Z,8259,70,CTD,65535,255,1027.643310546875
1788855224.0569022,2026-09-08T08:13:44.056902Z,8259,70,CTD,65535,255,1027.6424560546875
1788855224.2567122,2026-09-08T08:13:44.256712Z,8259,70,CTD,65535,255,1027.6468505859375
1788855224.456764,2026-09-08T08:13:44.456763Z,8259,70,CTD,65535,255,1027.6436767578125
1788855224.6568153,2026-09-08T08:13:44.656815Z,8259,70,CTD,65535,255,1027.642578125
1788855224.8568864,2026-09-08T08:13:44.856886Z,8259,70,CTD,65535,255,1027.64501953125
1788855225.0574577,2026-09-08T08:13:45.057457Z,8259,70,CTD,65535,255,1027.644775390625
1788855225.2574565,2026-09-08T08:13:45.257456Z,8259,70,CTD,65535,255,1027.643310546875
1788855225.4572792,2026-09-08T08:13:45.457279Z,8259,70,CTD,65535,255,1027.6468505859375
1788855225.6575563,2026-09-08T08:13:45.657556Z,8259,70,CTD,65535,255,1027.6483154296875
1788855225.857272,2026-09-08T08:13:45.857271Z,8259,70,CTD,65535,255,1027.6456298828125
1788855226.057561,2026-09-08T08:13:46.057560Z,8259,70,CTD,65535,255,1027.6451416015625
1788855226.257057,2026-09-08T08:13:46.257056Z,8259,70,CTD,65535,255,1027.6417236328125
1788855226.4572577,2026-09-08T08:13:46.457257Z,8259,70,CTD,65535,255,1027.647216796875
1788855226.656784,2026-09-08T08:13:46.656784Z,8259,70,CTD,65535,255,1027.644775390625
1788855226.8570328,2026-09-08T08:13:46.857032Z,8259,70,CTD,65535,255,1027.6453857421875
1788855227.0569942,2026-09-08T08:13:47.056994Z,8259,70,CTD,65535,255,1027.6456298828125
1788855227.2567935,2026-09-08T08:13:47.256793Z,8259,70,CTD,65535,255,1027.6453857421875
1788855227.456434,2026-09-08T08:13:47.456434Z,8259,70,CTD,65535,255,1027.645751953125
1788855227.656568,2026-09-08T08:13:47.656568Z,8259,70,CTD,65535,255,1027.6502685546875
1788855227.8562598,2026-09-08T08:13:47.856259Z,8259,70,CTD,65535,255,1027.6466064453125
1788855228.0566301,2026-09-08T08:13:48.056630Z,8259,70,CTD,65535,255,1027.644775390625
1788855228.256209,2026-09-08T08:13:48.256208Z,8259,70,CTD,65535,255,1027.648681640625
1788855228.4563665,2026-09-08T08:13:48.456366Z,8259,70,CTD,65535,255,1027.6414794921875
1788855228.6560693,2026-09-08T08:13:48.656069Z,8259,70,CTD,65535,255,1027.6439208984375
1788855228.8560605,2026-09-08T08:13:48.856060Z,8259,70,CTD,65535,255,1027.64599609375
1788855229.0565732,2026-09-08T08:13:49.056573Z,8259,70,CTD,65535,255,1027.6470947265625
1788855229.2566295,2026-09-08T08:13:49.256629Z,8259,70,CTD,65535,255,1027.6407470703125
1788855229.4563665,2026-09-08T08:13:49.456366Z,8259,70,CTD,65535,255,1027.650390625
1788855229.6566179,2026-09-08T08:13:49.656617Z,8259,70,CTD,65535,255,1027.6502685546875
1788855229.8564637,2026-09-08T08:13:49.856463Z,8259,70,CTD,65535,255,1027.6444091796875
1788855230.056929,2026-09-08T08:13:50.056929Z,8259,70,CTD,65535,255,1027.6485595703125
1788855230.2568061,2026-09-08T08:13:50.256806Z,8259,70,CTD,65535,255,1027.6519775390625
1788855230.456827,2026-09-08T08:13:50.456826Z,8259,70,CTD,65535,255,1027.655517578125
1788855230.6568477,2026-09-08T08:13:50.656847Z,8259,70,CTD,65535,255,1027.653076171875
1788855230.8570921,2026-09-08T08:13:50.857092Z,8259,70,CTD,65535,255,1027.6536865234375
1788855231.0571253,2026-09-08T08:13:51.057125Z,8259,70,CTD,65535,255,1027.65625
1788855231.256758,2026-09-08T08:13:51.256757Z,8259,70,CTD,65535,255,1027.6561279296875
1788855231.4570103,2026-09-08T08:13:51.457010Z,8259,70,CTD,65535,255,1027.655029296875
1788855231.656581,2026-09-08T08:13:51.656580Z,8259,70,CTD,65535,255,1027.6539306640625
1788855231.856393,2026-09-08T08:13:51.856393Z,8259,70,CTD,65535,255,1027.6541748046875
1788855232.0560868,2026-09-08T08:13:52.056086Z,8259,70,CTD,65535,255,1027.658935546875
1788855232.2553062,2026-09-08T08:13:52.255306Z,8259,70,CTD,65535,255,1027.6572265625
1788855232.4557202,2026-09-08T08:13:52.455720Z,8259,70,CTD,65535,255,1027.6539306640625
1788855232.6543074,2026-09-08T08:13:52.654307Z,8259,70,CTD,65535,255,1027.6580810546875
1788855232.8534825,2026-09-08T08:13:52.853482Z,8259,70,CTD,65535,255,1027.6585693359375
1788855233.053051,2026-09-08T08:13:53.053050Z,8259,70,CTD,65535,255,1027.65771484375
1788855233.2517695,2026-09-08T08:13:53.251769Z,8259,70,CTD,65535,255,1027.65576171875
1788855233.4527256,2026-09-08T08:13:53.452725Z,8259,70,CTD,65535,255,1027.655517578125
1788855233.6500144,2026-09-08T08:13:53.650014Z,8259,70,CTD,65535,255,1027.6551513671875
1788855233.849369,2026-09-08T08:13:53.849369Z,8259,70,CTD,65535,255,1027.658935546875
1788855234.0500355,2026-09-08T08:13:54.050035Z,8259,70,CTD,65535,255,1027.653076171875
1788855234.2485821,2026-09-08T08:13:54.248582Z,8259,70,CTD,65535,255,1027.65625
1788855234.4481306,2026-09-08T08:13:54.448130Z,8259,70,CTD,65535,255,1027.6563720703125
1788855234.6476696,2026-09-08T08:13:54.647669Z,8259,70,CTD,65535,255,1027.655029296875
1788855234.847493,2026-09-08T08:13:54.847492Z,8259,70,CTD,65535,255,1027.6514892578125
1788855235.047863,2026-09-08T08:13:55.047863Z,8259,70,CTD,65535,255,1027.6536865234375
1788855235.2476258,2026-09-08T08:13:55.247625Z,8259,70,CTD,65535,255,1027.6566162109375
1788855235.447905,2026-09-08T08:13:55.447905Z,8259,70,CTD,65535,255,1027.6583251953125
1788855235.6477568,2026-09-08T08:13:55.647756Z,8259,70,CTD,65535,255,1027.6549072265625
1788855235.8478005,2026-09-08T08:13:55.847800Z,8259,70,CTD,65535,255,1027.6556396484375
1788855236.0484583,2026-09-08T08:13:56.048458Z,8259,70,CTD,65535,255,1027.6573486328125
1788855236.248312,2026-09-08T08:13:56.248311Z,8259,70,CTD,65535,255,1027.6558837890625
1788855236.4487164,2026-09-08T08:13:56.448716Z,8259,70,CTD,65535,255,1027.6572265625
1788855236.6486464,2026-09-08T08:13:56.648646Z,8259,70,CTD,65535,255,1027.6529541015625
1788855236.8491418,2026-09-08T08:13:56.849141Z,8259,70,CTD,65535,255,1027.657958984375
1788855237.0498497,2026-09-08T08:13:57.049849Z,8259,70,CTD,65535,255,1027.655517578125
1788855237.2499506,2026-09-08T08:13:57.249950Z,8259,70,CTD,65535,255,1027.659912109375
1788855237.4505484,2026-09-08T08:13:57.450548Z,8259,70,CTD,65535,255,1027.656982421875
1788855237.650683,2026-09-08T08:13:57.650682Z,8259,70,CTD,65535,255,1027.6591796875
1788855237.8514278,2026-09-08T08:13:57.851427Z,8259,70,CTD,65535,255,1027.6549072265625
1788855238.0519965,2026-09-08T08:13:58.051996Z,8259,70,CTD,65535,255,1027.65576171875
1788855238.252567,2026-09-08T08:13:58.252567Z,8259,70,CTD,65535,255,1027.656982421875
1788855238.4528203,2026-09-08T08:13:58.452820Z,8259,70,CTD,65535,255,1027.6568603515625
1788855238.6536043,2026-09-08T08:13:58.653604Z,8259,70,CTD,65535,255,1027.6593017578125
1788855238.8537316,2026-09-08T08:13:58.853731Z,8259,70,CTD,65535,255,1027.656005859375
1788855239.054432,2026-09-08T08:13:59.054431Z,8259,70,CTD,65535,255,1027.6541748046875
1788855239.2543097,2026-09-08T08:13:59.254309Z,8259,70,CTD,65535,255,1027.657958984375
1788855239.4545643,2026-09-08T08:13:59.454564Z,8259,70,CTD,65535,255,1027.6524658203125
1788855239.654811,2026-09-08T08:13:59.654810Z,8259,70,CTD,65535,255,1027.65576171875
1788855239.855071,2026-09-08T08:13:59.855071Z,8259,70,CTD,65535,255,1027.6566162109375
1788855240.0551937,2026-09-08T08:14:00.055193Z,8259,70,CTD,65535,255,1027.6590576171875
1788855240.2552545,2026-09-08T08:14:00.255254Z,8259,70,CTD,65535,255,1027.6578369140625
1788855240.4551659,2026-09-08T08:14:00.455165Z,8259,70,CTD,65535,255,1027.65185546875
1788855240.654889,2026-09-08T08:14:00.654889Z,8259,70,CTD,65535,255,1027.6563720703125
1788855240.8548214,2026-09-08T08:14:00.854821Z,8259,70,CTD,65535,255,1027.6572265625
1788855241.0552235,2026-09-08T08:14:01.055223Z,8259,70,CTD,65535,255,1027.65625
1788855241.2547262,2026-09-08T08:14:01.254726Z,8259,70,CTD,65535,255,1027.653564453125
1788855241.4560862,2026-09-08T08:14:01.456086Z,8259,70,CTD,65535,255,1027.6563720703125
1788855241.6544821,2026-09-08T08:14:01.654482Z,8259,70,CTD,65535,255,1027.66015625
1788855241.8544965,2026-09-08T08:14:01.854496Z,8259,70,CTD,65535,255,1027.6549072265625
1788855242.0545347,2026-09-08T08:14:02.054534Z,8259,70,CTD,65535,255,1027.6561279296875
1788855242.2544315,2026-09-08T08:14:02.254431Z,8259,70,CTD,65535,255,1027.65966796875
1788855242.4540234,2026-09-08T08:14:02.454023Z,8259,70,CTD,65535,255,1027.6534423828125
1788855242.6541212,2026-09-08T08:14:02.654121Z,8259,70,CTD,65535,255,1027.65771484375
1788855242.8537772,2026-09-08T08:14:02.853777Z,8259,70,CTD,65535,255,1027.6583251953125
1788855243.0541394,2026-09-08T08:14:03.054139Z,8259,70,CTD,65535,255,1027.656982421875
1788855243.2538795,2026-09-08T08:14:03.253879Z,8259,70,CTD,65535,255,1027.660400390625
1788855243.4535296,2026-09-08T08:14:03.453529Z,8259,70,CTD,65535,255,1027.660888671875
1788855243.6534088,2026-09-08T08:14:03.653408Z,8259,70,CTD,65535,255,1027.65380859375
1788855243.853464,2026-09-08T08:14:03.853463Z,8259,70,CTD,65535,255,1027.654296875
1788855244.0538116,2026-09-08T08:14:04.053811Z,8259,70,CTD,65535,255,1027.6583251953125
1788855244.2535422,2026-09-08T08:14:04.253542Z,8259,70,CTD,65535,255,1027.6558837890625
1788855244.453499,2026-09-08T08:14:04.453499Z,8259,70,CTD,65535,255,1027.6605224609375
1788855244.6535327,2026-09-08T08:14:04.653532Z,8259,70,CTD,65535,255,1027.6583251953125
1788855244.8536525,2026-09-08T08:14:04.853652Z,8259,70,CTD,65535,255,1027.659912109375
1788855245.054146,2026-09-08T08:14:05.054146Z,8259,70,CTD,65535,255,1027.6583251953125
1788855245.253985,2026-09-08T08:14:05.253984Z,8259,70,CTD,65535,255,1027.65673828125
1788855245.4540975,2026-09-08T08:14:05.454097Z,8259,70,CTD,65535,255,1027.660400390625
1788855245.6544907,2026-09-08T08:14:05.654490Z,8259,70,CTD,65535,255,1027.6544189453125
1788855245.8543646,2026-09-08T08:14:05.854364Z,8259,70,CTD,65535,255,1027.6566162109375
1788855246.0550735,2026-09-08T08:14:06.055073Z,8259,70,CTD,65535,255,1027.6605224609375
1788855246.2545362,2026-09-08T08:14:06.254536Z,8259,70,CTD,65535,255,1027.65771484375
1788855246.4545674,2026-09-08T08:14:06.454567Z,8259,70,CTD,65535,255,1027.657470703125
1788855246.6545842,2026-09-08T08:14:06.654584Z,8259,70,CTD,65535,255,1027.6578369140625
1788855246.8546162,2026-09-08T08:14:06.854616Z,8259,70,CTD,65535,255,1027.658447265625
1788855247.05515,2026-09-08T08:14:07.055150Z,8259,70,CTD,65535,255,1027.6591796875
1788855247.2546837,2026-09-08T08:14:07.254683Z,8259,70,CTD,65535,255,1027.6585693359375
1788855247.4546206,2026-09-08T08:14:07.454620Z,8259,70,CTD,65535,255,1027.6568603515625
1788855247.6546757,2026-09-08T08:14:07.654675Z,8259,70,CTD,65535,255,1027.65771484375
1788855247.8545656,2026-09-08T08:14:07.854565Z,8259,70,CTD,65535,255,1027.65673828125
1788855248.0547874,2026-09-08T08:14:08.054787Z,8259,70,CTD,65535,255,1027.659423828125
1788855248.2548058,2026-09-08T08:14:08.254805Z,8259,70,CTD,65535,255,1027.6622314453125
1788855248.45448,2026-09-08T08:14:08.454479Z,8259,70,CTD,65535,255,1027.651611328125
1788855248.6546712,2026-09-08T08:14:08.654671Z,8259,70,CTD,65535,255,1027.6507568359375
1788855248.8543665,2026-09-08T08:14:08.854366Z,8259,70,CTD,65535,255,1027.6572265625
1788855249.054626,2026-09-08T08:14:09.054625Z,8259,70,CTD,65535,255,1027.6595458984375
1788855249.2544377,2026-09-08T08:14:09.254437Z,8259,70,CTD,65535,255,1027.656494140625
1788855249.4543927,2026-09-08T08:14:09.454392Z,8259,70,CTD,65535,255,1027.658447265625
1788855249.6542103,2026-09-08T08:14:09.654210Z,8259,70,CTD,65535,255,1027.6553955078125
1788855249.8541758,2026-09-08T08:14:09.854175Z,8259,70,CTD,65535,255,1027.6611328125
1788855250.054639,2026-09-08T08:14:10.054639Z,8259,70,CTD,65535,255,1027.66162109375
1788855250.2544234,2026-09-08T08:14:10.254423Z,8259,70,CTD,65535,255,1027.6607666015625
1788855250.4541137,2026-09-08T08:14:10.454113Z,8259,70,CTD,65535,255,1027.6571044921875
1788855250.654118,2026-09-08T08:14:10.654118Z,8259,70,CTD,65535,255,1027.66064453125
1788855250.854528,2026-09-08T08:14:10.854527Z,8259,70,CTD,65535,255,1027.6572265625
1788855251.0554252,2026-09-08T08:14:11.055425Z,8259,70,CTD,65535,255,1027.6575927734375
1788855251.2551894,2026-09-08T08:14:11.255189Z,8259,70,CTD,65535,255,1027.65625
1788855251.4558103,2026-09-08T08:14:11.455810Z,8259,70,CTD,65535,255,1027.6531982421875
1788855251.6559665,2026-09-08T08:14:11.655966Z,8259,70,CTD,65535,255,1027.6553955078125
1788855251.8566263,2026-09-08T08:14:11.856626Z,8259,70,CTD,65535,255,1027.6583251953125
1788855252.0579116,2026-09-08T08:14:12.057911Z,8259,70,CTD,65535,255,1027.658447265625
1788855252.258617,2026-09-08T08:14:12.258616Z,8259,70,CTD,65535,255,1027.6624755859375
1788855252.4593968,2026-09-08T08:14:12.459396Z,8259,70,CTD,65535,255,1027.6595458984375
1788855252.660115,2026-09-08T08:14:12.660115Z,8259,70,CTD,65535,255,1027.656982421875
1788855252.8608859,2026-09-08T08:14:12.860885Z,8259,70,CTD,65535,255,1027.65771484375
1788855253.061573,2026-09-08T08:14:13.061573Z,8259,70,CTD,65535,255,1027.6552734375
1788855253.261828,2026-09-08T08:14:13.261827Z,8259,70,CTD,65535,255,1027.65478515625
1788855253.4619863,2026-09-08T08:14:13.461986Z,8259,70,CTD,65535,255,1027.65625
1788855253.6622016,2026-09-08T08:14:13.662201Z,8259,70,CTD,65535,255,1027.65576171875
1788855253.862483,2026-09-08T08:14:13.862483Z,8259,70,CTD,65535,255,1027.655517578125
1788855254.0627022,2026-09-08T08:14:14.062702Z,8259,70,CTD,65535,255,1027.6551513671875
1788855254.262413,2026-09-08T08:14:14.262413Z,8259,70,CTD,65535,255,1027.656982421875
1788855254.4626598,2026-09-08T08:14:14.462659Z,8259,70,CTD,65535,255,1027.657958984375
1788855254.6626236,2026-09-08T08:14:14.662623Z,8259,70,CTD,65535,255,1027.65673828125
1788855254.8624694,2026-09-08T08:14:14.862469Z,8259,70,CTD,65535,255,1027.658447265625
1788855255.0624673,2026-09-08T08:14:15.062467Z,8259,70,CTD,65535,255,1027.6571044921875
1788855255.261765,2026-09-08T08:14:15.261765Z,8259,70,CTD,65535,255,1027.6571044921875
1788855255.4615688,2026-09-08T08:14:15.461568Z,8259,70,CTD,65535,255,1027.6514892578125
1788855255.6613631,2026-09-08T08:14:15.661363Z,8259,70,CTD,65535,255,1027.6541748046875
1788855255.8611462,2026-09-08T08:14:15.861146Z,8259,70,CTD,65535,255,1027.65380859375
1788855256.0612724,2026-09-08T08:14:16.061272Z,8259,70,CTD,65535,255,1027.656005859375
1788855256.2607427,2026-09-08T08:14:16.260742Z,8259,70,CTD,65535,255,1027.6595458984375
1788855256.4604783,2026-09-08T08:14:16.460478Z,8259,70,CTD,65535,255,1027.658447265625
1788855256.6602173,2026-09-08T08:14:16.660217Z,8259,70,CTD,65535,255,1027.655029296875
1788855256.8600643,2026-09-08T08:14:16.860064Z,8259,70,CTD,65535,255,1027.656494140625
1788855257.0605083,2026-09-08T08:14:17.060508Z,8259,70,CTD,65535,255,1027.656982421875
1788855257.2597604,2026-09-08T08:14:17.259760Z,8259,70,CTD,65535,255,1027.6571044921875
1788855257.4596364,2026-09-08T08:14:17.459636Z,8259,70,CTD,65535,255,1027.6578369140625
1788855257.6596303,2026-09-08T08:14:17.659630Z,8259,70,CTD,65535,255,1027.656005859375
1788855257.8592865,2026-09-08T08:14:17.859286Z,8259,70,CTD,65535,255,1027.65673828125
1788855258.0597792,2026-09-08T08:14:18.059779Z,8259,70,CTD,65535,255,1027.6595458984375
1788855258.2596138,2026-09-08T08:14:18.259613Z,8259,70,CTD,65535,255,1027.6556396484375
1788855258.4593446,2026-09-08T08:14:18.459344Z,8259,70,CTD,65535,255,1027.657470703125
1788855258.65957,2026-09-08T08:14:18.659569Z,8259,70,CTD,65535,255,1027.6575927734375
1788855258.8592982,2026-09-08T08:14:18.859298Z,8259,70,CTD,65535,255,1027.657470703125
1788855259.0598226,2026-09-08T08:14:19.059822Z,8259,70,CTD,65535,255,1027.6561279296875
1788855259.2595215,2026-09-08T08:14:19.259521Z,8259,70,CTD,65535,255,1027.6546630859375
1788855259.459542,2026-09-08T08:14:19.459542Z,8259,70,CTD,65535,255,1027.653076171875
1788855259.6595914,2026-09-08T08:14:19.659591Z,8259,70,CTD,65535,255,1027.6556396484375
1788855259.8597693,2026-09-08T08:14:19.859769Z,8259,70,CTD,65535,255,1027.6546630859375
1788855260.0605037,2026-09-08T08:14:20.060503Z,8259,70,CTD,65535,255,1027.6566162109375
1788855260.2603812,2026-09-08T08:14:20.260381Z,8259,70,CTD,65535,255,1027.6571044921875
1788855260.4604816,2026-09-08T08:14:20.460481Z,8259,70,CTD,65535,255,1027.6544189453125
1788855260.660752,2026-09-08T08:14:20.660752Z,8259,70,CTD,65535,255,1027.6600341796875
1788855260.861131,2026-09-08T08:14:20.861130Z,8259,70,CTD,65535,255,1027.659423828125
1788855261.0623481,2026-09-08T08:14:21.062348Z,8259,70,CTD,65535,255,1027.6563720703125
1788855261.2623923,2026-09-08T08:14:21.262392Z,8259,70,CTD,65535,255,1027.65234375
1788855261.4628916,2026-09-08T08:14:21.462891Z,8259,70,CTD,65535,255,1027.654541015625
1788855261.6635294,2026-09-08T08:14:21.663529Z,8259,70,CTD,65535,255,1027.654296875
1788855261.8638442,2026-09-08T08:14:21.863844Z,8259,70,CTD,65535,255,1027.6593017578125
1788855262.064811,2026-09-08T08:14:22.064810Z,8259,70,CTD,65535,255,1027.656494140625
1788855262.2647269,2026-09-08T08:14:22.264726Z,8259,70,CTD,65535,255,1027.657470703125
1788855262.4647434,2026-09-08T08:14:22.464743Z,8259,70,CTD,65535,255,1027.6568603515625
1788855262.6652002,2026-09-08T08:14:22.665200Z,8259,70,CTD,65535,255,1027.6593017578125
1788855262.8651552,2026-09-08T08:14:22.865155Z,8259,70,CTD,65535,255,1027.65478515625
1788855263.0657518,2026-09-08T08:14:23.065751Z,8259,70,CTD,65535,255,1027.6546630859375
1788855263.2653553,2026-09-08T08:14:23.265355Z,8259,70,CTD,65535,255,1027.6597900390625
1788855263.4656475,2026-09-08T08:14:23.465647Z,8259,70,CTD,65535,255,1027.659912109375
1788855263.665435,2026-09-08T08:14:23.665435Z,8259,70,CTD,65535,255,1027.6597900390625
1788855263.865667,2026-09-08T08:14:23.865667Z,8259,70,CTD,65535,255,1027.6591796875
1788855264.0662997,2026-09-08T08:14:24.066299Z,8259,70,CTD,65535,255,1027.65576171875
1788855264.2655742,2026-09-08T08:14:24.265574Z,8259,70,CTD,65535,255,1027.6575927734375
1788855264.4652314,2026-09-08T08:14:24.465231Z,8259,70,CTD,65535,255,1027.6568603515625
1788855264.6654582,2026-09-08T08:14:24.665458Z,8259,70,CTD,65535,255,1027.660888671875
1788855264.865013,2026-09-08T08:14:24.865012Z,8259,70,CTD,65535,255,1027.65771484375
1788855265.0653026,2026-09-08T08:14:25.065302Z,8259,70,CTD,65535,255,1027.655029296875
1788855265.2646334,2026-09-08T08:14:25.264633Z,8259,70,CTD,65535,255,1027.658447265625
1788855265.4643173,2026-09-08T08:14:25.464317Z,8259,70,CTD,65535,255,1027.6578369140625
1788855265.6640396,2026-09-08T08:14:25.664039Z,8259,70,CTD,65535,255,1027.6573486328125
1788855265.8643296,2026-09-08T08:14:25.864329Z,8259,70,CTD,65535,255,1027.65576171875
1788855266.064143,2026-09-08T08:14:26.064142Z,8259,70,CTD,65535,255,1027.6591796875
1788855266.2635028,2026-09-08T08:14:26.263502Z,8259,70,CTD,65535,255,1027.656005859375
1788855266.4632623,2026-09-08T08:14:26.463262Z,8259,70,CTD,65535,255,1027.6591796875
1788855266.6630666,2026-09-08T08:14:26.663066Z,8259,70,CTD,65535,255,1027.6591796875
1788855266.8628933,2026-09-08T08:14:26.862893Z,8259,70,CTD,65535,255,1027.65771484375
1788855267.0633137,2026-09-08T08:14:27.063313Z,8259,70,CTD,65535,255,1027.661865234375
1788855267.2630186,2026-09-08T08:14:27.263018Z,8259,70,CTD,65535,255,1027.66015625
1788855267.4626794,2026-09-08T08:14:27.462679Z,8259,70,CTD,65535,255,1027.6600341796875
1788855267.662568,2026-09-08T08:14:27.662568Z,8259,70,CTD,65535,255,1027.6617431640625
1788855267.8624918,2026-09-08T08:14:27.862491Z,8259,70,CTD,65535,255,1027.6593017578125
1788855268.0629785,2026-09-08T08:14:28.062978Z,8259,70,CTD,65535,255,1027.65869140625
1788855268.262757,2026-09-08T08:14:28.262757Z,8259,70,CTD,65535,255,1027.6566162109375
1788855268.46241,2026-09-08T08:14:28.462409Z,8259,70,CTD,65535,255,1027.662109375
1788855268.6623843,2026-09-08T08:14:28.662384Z,8259,70,CTD,65535,255,1027.659423828125
1788855268.8623488,2026-09-08T08:14:28.862348Z,8259,70,CTD,65535,255,1027.6578369140625
1788855269.0627444,2026-09-08T08:14:29.062744Z,8259,70,CTD,65535,255,1027.659423828125
1788855269.262714,2026-09-08T08:14:29.262713Z,8259,70,CTD,65535,255,1027.6575927734375
1788855269.462795,2026-09-08T08:14:29.462795Z,8259,70,CTD,65535,255,1027.6614990234375
1788855269.662465,2026-09-08T08:14:29.662465Z,8259,70,CTD,65535,255,1027.6549072265625
1788855269.8624716,2026-09-08T08:14:29.862471Z,8259,70,CTD,65535,255,1027.6578369140625
1788855270.0628872,2026-09-08T08:14:30.062887Z,8259,70,CTD,65535,255,1027.65869140625
1788855270.2627954,2026-09-08T08:14:30.262795Z,8259,70,CTD,65535,255,1027.6590576171875
1788855270.462758,2026-09-08T08:14:30.462758Z,8259,70,CTD,65535,255,1027.6614990234375
1788855270.662784,2026-09-08T08:14:30.662784Z,8259,70,CTD,65535,255,1027.6561279296875
1788855270.8625162,2026-09-08T08:14:30.862516Z,8259,70,CTD,65535,255,1027.6571044921875
1788855271.06317,2026-09-08T08:14:31.063169Z,8259,70,CTD,65535,255,1027.6558837890625
1788855271.2626224,2026-09-08T08:14:31.262622Z,8259,70,CTD,65535,255,1027.6552734375
1788855271.4626248,2026-09-08T08:14:31.462624Z,8259,70,CTD,65535,255,1027.6590576171875
1788855271.6625915,2026-09-08T08:14:31.662591Z,8259,70,CTD,65535,255,1027.65771484375
1788855271.8626957,2026-09-08T08:14:31.862695Z,8259,70,CTD,65535,255,1027.660400390625
1788855272.0631938,2026-09-08T08:14:32.063193Z,8259,70,CTD,65535,255,1027.6614990234375
1788855272.262673,2026-09-08T08:14:32.262672Z,8259,70,CTD,65535,255,1027.659912109375
1788855272.4626346,2026-09-08T08:14:32.462634Z,8259,70,CTD,65535,255,1027.6605224609375
1788855272.6626353,2026-09-08T08:14:32.662635Z,8259,70,CTD,65535,255,1027.6553955078125
1788855272.8625817,2026-09-08T08:14:32.862581Z,8259,70,CTD,65535,255,1027.6593017578125
1788855273.0630429,2026-09-08T08:14:33.063042Z,8259,70,CTD,65535,255,1027.66015625
1788855273.2629538,2026-09-08T08:14:33.262953Z,8259,70,CTD,65535,255,1027.6600341796875
1788855273.4626846,2026-09-08T08:14:33.462684Z,8259,70,CTD,65535,255,1027.6595458984375
1788855273.662923,2026-09-08T08:14:33.662923Z,8259,70,CTD,65535,255,1027.660400390625
1788855273.8626127,2026-09-08T08:14:33.862612Z,8259,70,CTD,65535,255,1027.6595458984375
1788855274.0633402,2026-09-08T08:14:34.063340Z,8259,70,CTD,65535,255,1027.6583251953125
1788855274.2627096,2026-09-08T08:14:34.262709Z,8259,70,CTD,65535,255,1027.6597900390625
1788855274.4626224,2026-09-08T08:14:34.462622Z,8259,70,CTD,65535,255,1027.657958984375
1788855274.6626978,2026-09-08T08:14:34.662697Z,8259,70,CTD,65535,255,1027.658203125
1788855274.8626509,2026-09-08T08:14:34.862650Z,8259,70,CTD,65535,255,1027.65771484375
1788855275.0629916,2026-09-08T08:14:35.062991Z,8259,70,CTD,65535,255,1027.6572265625
1788855275.2629833,2026-09-08T08:14:35.262983Z,8259,70,CTD,65535,255,1027.66064453125
1788855275.4626715,2026-09-08T08:14:35.462671Z,8259,70,CTD,65535,255,1027.6614990234375
1788855275.6626604,2026-09-08T08:14:35.662660Z,8259,70,CTD,65535,255,1027.66064453125
1788855275.8626068,2026-09-08T08:14:35.862606Z,8259,70,CTD,65535,255,1027.661376953125
1788855276.0630727,2026-09-08T08:14:36.063072Z,8259,70,CTD,65535,255,1027.6634521484375
1788855276.262716,2026-09-08T08:14:36.262716Z,8259,70,CTD,65535,255,1027.66015625
1788855276.462889,2026-09-08T08:14:36.462888Z,8259,70,CTD,65535,255,1027.65966796875
1788855276.6626723,2026-09-08T08:14:36.662672Z,8259,70,CTD,65535,255,1027.6593017578125
1788855276.8625882,2026-09-08T08:14:36.862588Z,8259,70,CTD,65535,255,1027.6607666015625
1788855277.062953,2026-09-08T08:14:37.062952Z,8259,70,CTD,65535,255,1027.6639404296875
1788855277.262902,2026-09-08T08:14:37.262902Z,8259,70,CTD,65535,255,1027.6605224609375
1788855277.4626634,2026-09-08T08:14:37.462663Z,8259,70,CTD,65535,255,1027.65869140625
1788855277.6626117,2026-09-08T08:14:37.662611Z,8259,70,CTD,65535,255,1027.657958984375
1788855277.8625648,2026-09-08T08:14:37.862564Z,8259,70,CTD,65535,255,1027.660888671875
1788855278.0630677,2026-09-08T08:14:38.063067Z,8259,70,CTD,65535,255,1027.66162109375
1788855278.2626212,2026-09-08T08:14:38.262621Z,8259,70,CTD,65535,255,1027.6578369140625
1788855278.4628463,2026-09-08T08:14:38.462846Z,8259,70,CTD,65535,255,1027.660888671875
1788855278.6625495,2026-09-08T08:14:38.662549Z,8259,70,CTD,65535,255,1027.6590576171875
1788855278.8625386,2026-09-08T08:14:38.862538Z,8259,70,CTD,65535,255,1027.6622314453125
1788855279.0629408,2026-09-08T08:14:39.062940Z,8259,70,CTD,65535,255,1027.66015625
1788855279.262591,2026-09-08T08:14:39.262590Z,8259,70,CTD,65535,255,1027.658447265625
1788855279.4628289,2026-09-08T08:14:39.462828Z,8259,70,CTD,65535,255,1027.6597900390625
1788855279.6625342,2026-09-08T08:14:39.662534Z,8259,70,CTD,65535,255,1027.661865234375
1788855279.8625634,2026-09-08T08:14:39.862563Z,8259,70,CTD,65535,255,1027.660888671875
1788855280.0630748,2026-09-08T08:14:40.063074Z,8259,70,CTD,65535,255,1027.66162109375
1788855280.2625663,2026-09-08T08:14:40.262566Z,8259,70,CTD,65535,255,1027.66064453125
1788855280.4625359,2026-09-08T08:14:40.462535Z,8259,70,CTD,65535,255,1027.6597900390625
1788855280.6624975,2026-09-08T08:14:40.662497Z,8259,70,CTD,65535,255,1027.6640625
1788855280.862539,2026-09-08T08:14:40.862539Z,8259,70,CTD,65535,255,1027.659423828125
1788855281.0630195,2026-09-08T08:14:41.063019Z,8259,70,CTD,65535,255,1027.661865234375
1788855281.2626069,2026-09-08T08:14:41.262606Z,8259,70,CTD,65535,255,1027.6607666015625
1788855281.4625168,2026-09-08T08:14:41.462516Z,8259,70,CTD,65535,255,1027.6593017578125
1788855281.662538,2026-09-08T08:14:41.662538Z,8259,70,CTD,65535,255,1027.6583251953125
1788855281.8624623,2026-09-08T08:14:41.862462Z,8259,70,CTD,65535,255,1027.662841796875
1788855282.0627348,2026-09-08T08:14:42.062734Z,8259,70,CTD,65535,255,1027.6605224609375
1788855282.2623372,2026-09-08T08:14:42.262337Z,8259,70,CTD,65535,255,1027.65869140625
1788855282.4622538,2026-09-08T08:14:42.462253Z,8259,70,CTD,65535,255,1027.6602783203125
1788855282.662139,2026-09-08T08:14:42.662138Z,8259,70,CTD,65535,255,1027.660888671875
1788855282.8620443,2026-09-08T08:14:42.862044Z,8259,70,CTD,65535,255,1027.659423828125
1788855283.0624228,2026-09-08T08:14:43.062422Z,8259,70,CTD,65535,255,1027.6605224609375
1788855283.261816,2026-09-08T08:14:43.261816Z,8259,70,CTD,65535,255,1027.661865234375
1788855283.4616358,2026-09-08T08:14:43.461635Z,8259,70,CTD,65535,255,1027.658447265625
1788855283.661472,2026-09-08T08:14:43.661472Z,8259,70,CTD,65535,255,1027.658203125
1788855283.8612761,2026-09-08T08:14:43.861276Z,8259,70,CTD,65535,255,1027.657958984375
1788855284.0617013,2026-09-08T08:14:44.061701Z,8259,70,CTD,65535,255,1027.66064453125
1788855284.2613816,2026-09-08T08:14:44.261381Z,8259,70,CTD,65535,255,1027.65966796875
1788855284.4611259,2026-09-08T08:14:44.461125Z,8259,70,CTD,65535,255,1027.6597900390625
1788855284.6610794,2026-09-08T08:14:44.661079Z,8259,70,CTD,65535,255,1027.657470703125
1788855284.8612745,2026-09-08T08:14:44.861274Z,8259,70,CTD,65535,255,1027.658203125
1788855285.0613742,2026-09-08T08:14:45.061374Z,8259,70,CTD,65535,255,1027.6593017578125
1788855285.261351,2026-09-08T08:14:45.261351Z,8259,70,CTD,65535,255,1027.6597900390625
1788855285.4610689,2026-09-08T08:14:45.461068Z,8259,70,CTD,65535,255,1027.6590576171875
1788855285.6610138,2026-09-08T08:14:45.661013Z,8259,70,CTD,65535,255,1027.659423828125
1788855285.8610485,2026-09-08T08:14:45.861048Z,8259,70,CTD,65535,255,1027.6558837890625
1788855286.0614617,2026-09-08T08:14:46.061461Z,8259,70,CTD,65535,255,1027.6566162109375
1788855286.261191,2026-09-08T08:14:46.261190Z,8259,70,CTD,65535,255,1027.6580810546875
1788855286.461168,2026-09-08T08:14:46.461168Z,8259,70,CTD,65535,255,1027.6529541015625
1788855286.661216,2026-09-08T08:14:46.661216Z,8259,70,CTD,65535,255,1027.6541748046875
1788855286.8612287,2026-09-08T08:14:46.861228Z,8259,70,CTD,65535,255,1027.6571044921875
1788855287.0616903,2026-09-08T08:14:47.061690Z,8259,70,CTD,65535,255,1027.6551513671875
1788855287.2613742,2026-09-08T08:14:47.261374Z,8259,70,CTD,65535,255,1027.6575927734375
1788855287.461597,2026-09-08T08:14:47.461596Z,8259,70,CTD,65535,255,1027.65576171875
1788855287.6613796,2026-09-08T08:14:47.661379Z,8259,70,CTD,65535,255,1027.6568603515625
1788855287.8613565,2026-09-08T08:14:47.861356Z,8259,70,CTD,65535,255,1027.6575927734375
1788855288.0617719,2026-09-08T08:14:48.061771Z,8259,70,CTD,65535,255,1027.6572265625
1788855288.2617614,2026-09-08T08:14:48.261761Z,8259,70,CTD,65535,255,1027.6578369140625
1788855288.4614804,2026-09-08T08:14:48.461480Z,8259,70,CTD,65535,255,1027.6563720703125
1788855288.6614218,2026-09-08T08:14:48.661421Z,8259,70,CTD,65535,255,1027.6556396484375
1788855288.8614979,2026-09-08T08:14:48.861497Z,8259,70,CTD,65535,255,1027.6568603515625
1788855289.0618045,2026-09-08T08:14:49.061804Z,8259,70,CTD,65535,255,1027.6568603515625
1788855289.2615726,2026-09-08T08:14:49.261572Z,8259,70,CTD,65535,255,1027.658447265625
1788855289.4617774,2026-09-08T08:14:49.461777Z,8259,70,CTD,65535,255,1027.6573486328125
1788855289.6614883,2026-09-08T08:14:49.661488Z,8259,70,CTD,65535,255,1027.6549072265625
1788855289.8617737,2026-09-08T08:14:49.861773Z,8259,70,CTD,65535,255,1027.658203125
1788855290.061911,2026-09-08T08:14:50.061911Z,8259,70,CTD,65535,255,1027.657470703125
1788855290.2615244,2026-09-08T08:14:50.261524Z,8259,70,CTD,65535,255,1027.65576171875
1788855290.4618082,2026-09-08T08:14:50.461808Z,8259,70,CTD,65535,255,1027.65771484375
1788855290.6615434,2026-09-08T08:14:50.661543Z,8259,70,CTD,65535,255,1027.6517333984375
1788855290.8615632,2026-09-08T08:14:50.861563Z,8259,70,CTD,65535,255,1027.6531982421875
1788855291.0618846,2026-09-08T08:14:51.061884Z,8259,70,CTD,65535,255,1027.6536865234375
1788855291.2615762,2026-09-08T08:14:51.261576Z,8259,70,CTD,65535,255,1027.6556396484375
1788855291.4615505,2026-09-08T08:14:51.461550Z,8259,70,CTD,65535,255,1027.656494140625
1788855291.6615868,2026-09-08T08:14:51.661586Z,8259,70,CTD,65535,255,1027.65625
1788855291.8614872,2026-09-08T08:14:51.861487Z,8259,70,CTD,65535,255,1027.6578369140625
1788855292.0618246,2026-09-08T08:14:52.061824Z,8259,70,CTD,65535,255,1027.658447265625
1788855292.26199,2026-09-08T08:14:52.261990Z,8259,70,CTD,65535,255,1027.659912109375
1788855292.4619055,2026-09-08T08:14:52.461905Z,8259,70,CTD,65535,255,1027.6571044921875
1788855292.661852,2026-09-08T08:14:52.661851Z,8259,70,CTD,65535,255,1027.65576171875
1788855292.861981,2026-09-08T08:14:52.861980Z,8259,70,CTD,65535,255,1027.655029296875
1788855293.0626132,2026-09-08T08:14:53.062613Z,8259,70,CTD,65535,255,1027.6563720703125
1788855293.2623532,2026-09-08T08:14:53.262353Z,8259,70,CTD,65535,255,1027.6571044921875
1788855293.4624517,2026-09-08T08:14:53.462451Z,8259,70,CTD,65535,255,1027.6575927734375
1788855293.6629138,2026-09-08T08:14:53.662913Z,8259,70,CTD,65535,255,1027.6556396484375
1788855293.8627136,2026-09-08T08:14:53.862713Z,8259,70,CTD,65535,255,1027.65283203125
1788855294.0637498,2026-09-08T08:14:54.063749Z,8259,70,CTD,65535,255,1027.6572265625
1788855294.262898,2026-09-08T08:14:54.262897Z,8259,70,CTD,65535,255,1027.6556396484375
1788855294.4629261,2026-09-08T08:14:54.462926Z,8259,70,CTD,65535,255,1027.6549072265625
1788855294.6629581,2026-09-08T08:14:54.662958Z,8259,70,CTD,65535,255,1027.65283203125
1788855294.8631198,2026-09-08T08:14:54.863119Z,8259,70,CTD,65535,255,1027.6510009765625
1788855295.0637438,2026-09-08T08:14:55.063743Z,8259,70,CTD,65535,255,1027.6571044921875
1788855295.2638292,2026-09-08T08:14:55.263829Z,8259,70,CTD,65535,255,1027.657470703125
1788855295.4640477,2026-09-08T08:14:55.464047Z,8259,70,CTD,65535,255,1027.655029296875
1788855295.664469,2026-09-08T08:14:55.664469Z,8259,70,CTD,65535,255,1027.656494140625
1788855295.8648136,2026-09-08T08:14:55.864813Z,8259,70,CTD,65535,255,1027.6572265625
1788855296.0656025,2026-09-08T08:14:56.065602Z,8259,70,CTD,65535,255,1027.6571044921875
1788855296.2661812,2026-09-08T08:14:56.266181Z,8259,70,CTD,65535,255,1027.65625
1788855296.466374,2026-09-08T08:14:56.466373Z,8259,70,CTD,65535,255,1027.6546630859375
1788855296.666983,2026-09-08T08:14:56.666982Z,8259,70,CTD,65535,255,1027.654052734375
1788855296.8674169,2026-09-08T08:14:56.867416Z,8259,70,CTD,65535,255,1027.6553955078125
1788855297.0678492,2026-09-08T08:14:57.067849Z,8259,70,CTD,65535,255,1027.654052734375
1788855297.267915,2026-09-08T08:14:57.267915Z,8259,70,CTD,65535,255,1027.65380859375
1788855297.4681277,2026-09-08T08:14:57.468127Z,8259,70,CTD,65535,255,1027.655517578125
1788855297.6684659,2026-09-08T08:14:57.668465Z,8259,70,CTD,65535,255,1027.653076171875
1788855297.8685389,2026-09-08T08:14:57.868538Z,8259,70,CTD,65535,255,1027.6510009765625
1788855298.069035,2026-09-08T08:14:58.069035Z,8259,70,CTD,65535,255,1027.6536865234375
1788855298.2689025,2026-09-08T08:14:58.268902Z,8259,70,CTD,65535,255,1027.65234375
1788855298.4686682,2026-09-08T08:14:58.468668Z,8259,70,CTD,65535,255,1027.650390625
1788855298.6686273,2026-09-08T08:14:58.668627Z,8259,70,CTD,65535,255,1027.65380859375
1788855298.8685355,2026-09-08T08:14:58.868535Z,8259,70,CTD,65535,255,1027.6513671875
1788855299.0687811,2026-09-08T08:14:59.068781Z,8259,70,CTD,65535,255,1027.6519775390625
1788855299.2680953,2026-09-08T08:14:59.268095Z,8259,70,CTD,65535,255,1027.6494140625
1788855299.4680054,2026-09-08T08:14:59.468005Z,8259,70,CTD,65535,255,1027.6510009765625
1788855299.668048,2026-09-08T08:14:59.668047Z,8259,70,CTD,65535,255,1027.654296875
1788855299.8672984,2026-09-08T08:14:59.867298Z,8259,70,CTD,65535,255,1027.6544189453125
1788855300.0673485,2026-09-08T08:15:00.067348Z,8259,70,CTD,65535,255,1027.6575927734375
1788855300.2671607,2026-09-08T08:15:00.267160Z,8259,70,CTD,65535,255,1027.65478515625
1788855300.4666474,2026-09-08T08:15:00.466647Z,8259,70,CTD,65535,255,1027.65234375
1788855300.6663775,2026-09-08T08:15:00.666377Z,8259,70,CTD,65535,255,1027.6541748046875
1788855300.8662167,2026-09-08T08:15:00.866216Z,8259,70,CTD,65535,255,1027.654541015625
1788855301.0663106,2026-09-08T08:15:01.066310Z,8259,70,CTD,65535,255,1027.650634765625
1788855301.2659926,2026-09-08T08:15:01.265992Z,8259,70,CTD,65535,255,1027.6512451171875
1788855301.4658184,2026-09-08T08:15:01.465818Z,8259,70,CTD,65535,255,1027.652587890625
1788855301.665653,2026-09-08T08:15:01.665652Z,8259,70,CTD,65535,255,1027.650146484375
1788855301.865525,2026-09-08T08:15:01.865525Z,8259,70,CTD,65535,255,1027.6495361328125
1788855302.0658212,2026-09-08T08:15:02.065821Z,8259,70,CTD,65535,255,1027.6531982421875
1788855302.2657394,2026-09-08T08:15:02.265739Z,8259,70,CTD,65535,255,1027.653076171875
1788855302.465475,2026-09-08T08:15:02.465475Z,8259,70,CTD,65535,255,1027.651611328125
1788855302.6653273,2026-09-08T08:15:02.665327Z,8259,70,CTD,65535,255,1027.65234375
1788855302.8653316,2026-09-08T08:15:02.865331Z,8259,70,CTD,65535,255,1027.6552734375
1788855303.065803,2026-09-08T08:15:03.065803Z,8259,70,CTD,65535,255,1027.6517333984375
1788855303.2653663,2026-09-08T08:15:03.265366Z,8259,70,CTD,65535,255,1027.6524658203125
1788855303.4653022,2026-09-08T08:15:03.465302Z,8259,70,CTD,65535,255,1027.6522216796875
1788855303.6652975,2026-09-08T08:15:03.665297Z,8259,70,CTD,65535,255,1027.652587890625
1788855303.8653426,2026-09-08T08:15:03.865342Z,8259,70,CTD,65535,255,1027.6470947265625
1788855304.065971,2026-09-08T08:15:04.065970Z,8259,70,CTD,65535,255,1027.650390625
1788855304.26536,2026-09-08T08:15:04.265360Z,8259,70,CTD,65535,255,1027.6534423828125
1788855304.4653602,2026-09-08T08:15:04.465360Z,8259,70,CTD,65535,255,1027.6539306640625
1788855304.6655912,2026-09-08T08:15:04.665591Z,8259,70,CTD,65535,255,1027.6549072265625
1788855304.8653338,2026-09-08T08:15:04.865333Z,8259,70,CTD,65535,255,1027.652099609375
1788855305.0662405,2026-09-08T08:15:05.066240Z,8259,70,CTD,65535,255,1027.6522216796875
1788855305.265678,2026-09-08T08:15:05.265677Z,8259,70,CTD,65535,255,1027.6536865234375
1788855305.465397,2026-09-08T08:15:05.465396Z,8259,70,CTD,65535,255,1027.6524658203125
1788855305.6653917,2026-09-08T08:15:05.665391Z,8259,70,CTD,65535,255,1027.6529541015625
1788855305.8656287,2026-09-08T08:15:05.865628Z,8259,70,CTD,65535,255,1027.65283203125
1788855306.0658295,2026-09-08T08:15:06.065829Z,8259,70,CTD,65535,255,1027.651123046875
1788855306.2654526,2026-09-08T08:15:06.265452Z,8259,70,CTD,65535,255,1027.6500244140625
1788855306.4656997,2026-09-08T08:15:06.465699Z,8259,70,CTD,65535,255,1027.6514892578125
1788855306.6656926,2026-09-08T08:15:06.665692Z,8259,70,CTD,65535,255,1027.6494140625
1788855306.865456,2026-09-08T08:15:06.865456Z,8259,70,CTD,65535,255,1027.65087890625
1788855307.0662673,2026-09-08T08:15:07.066267Z,8259,70,CTD,65535,255,1027.6531982421875
1788855307.2657628,2026-09-08T08:15:07.265762Z,8259,70,CTD,65535,255,1027.6507568359375
1788855307.465524,2026-09-08T08:15:07.465523Z,8259,70,CTD,65535,255,1027.650634765625
1788855307.6655116,2026-09-08T08:15:07.665511Z,8259,70,CTD,65535,255,1027.65185546875
1788855307.865473,2026-09-08T08:15:07.865473Z,8259,70,CTD,65535,255,1027.653564453125
1788855308.0662155,2026-09-08T08:15:08.066215Z,8259,70,CTD,65535,255,1027.6480712890625
1788855308.2658272,2026-09-08T08:15:08.265827Z,8259,70,CTD,65535,255,1027.6534423828125
1788855308.4657333,2026-09-08T08:15:08.465733Z,8259,70,CTD,65535,255,1027.6534423828125
1788855308.665479,2026-09-08T08:15:08.665478Z,8259,70,CTD,65535,255,1027.6527099609375
1788855308.8658123,2026-09-08T08:15:08.865812Z,8259,70,CTD,65535,255,1027.651611328125
1788855309.066168,2026-09-08T08:15:09.066168Z,8259,70,CTD,65535,255,1027.6529541015625
1788855309.2659905,2026-09-08T08:15:09.265990Z,8259,70,CTD,65535,255,1027.6513671875
1788855309.4657753,2026-09-08T08:15:09.465775Z,8259,70,CTD,65535,255,1027.653076171875
1788855309.6658254,2026-09-08T08:15:09.665825Z,8259,70,CTD,65535,255,1027.65185546875
1788855309.865934,2026-09-08T08:15:09.865933Z,8259,70,CTD,65535,255,1027.6517333984375
1788855310.0667377,2026-09-08T08:15:10.066737Z,8259,70,CTD,65535,255,1027.6544189453125
1788855310.2662444,2026-09-08T08:15:10.266244Z,8259,70,CTD,65535,255,1027.653076171875
1788855310.4664097,2026-09-08T08:15:10.466409Z,8259,70,CTD,65535,255,1027.64892578125
1788855310.6664581,2026-09-08T08:15:10.666458Z,8259,70,CTD,65535,255,1027.65380859375
1788855310.8665423,2026-09-08T08:15:10.866542Z,8259,70,CTD,65535,255,1027.6522216796875
1788855311.067054,2026-09-08T08:15:11.067054Z,8259,70,CTD,65535,255,1027.6551513671875
1788855311.266691,2026-09-08T08:15:11.266690Z,8259,70,CTD,65535,255,1027.6533203125
1788855311.467049,2026-09-08T08:15:11.467048Z,8259,70,CTD,65535,255,1027.6513671875
1788855311.666744,2026-09-08T08:15:11.666743Z,8259,70,CTD,65535,255,1027.6512451171875
1788855311.866831,2026-09-08T08:15:11.866831Z,8259,70,CTD,65535,255,1027.650146484375
1788855312.0673053,2026-09-08T08:15:12.067305Z,8259,70,CTD,65535,255,1027.656005859375
1788855312.2669291,2026-09-08T08:15:12.266929Z,8259,70,CTD,65535,255,1027.651123046875
1788855312.4667816,2026-09-08T08:15:12.466781Z,8259,70,CTD,65535,255,1027.6512451171875
1788855312.6668031,2026-09-08T08:15:12.666803Z,8259,70,CTD,65535,255,1027.651611328125
1788855312.8667328,2026-09-08T08:15:12.866732Z,8259,70,CTD,65535,255,1027.6531982421875
1788855313.0673375,2026-09-08T08:15:13.067337Z,8259,70,CTD,65535,255,1027.6519775390625
1788855313.2670238,2026-09-08T08:15:13.267023Z,8259,70,CTD,65535,255,1027.6534423828125
1788855313.4667377,2026-09-08T08:15:13.466737Z,8259,70,CTD,65535,255,1027.64990234375
1788855313.6666203,2026-09-08T08:15:13.666620Z,8259,70,CTD,65535,255,1027.65234375
1788855313.8666115,2026-09-08T08:15:13.866611Z,8259,70,CTD,65535,255,1027.6549072265625
1788855314.0669851,2026-09-08T08:15:14.066985Z,8259,70,CTD,65535,255,1027.6522216796875
1788855314.2666113,2026-09-08T08:15:14.266611Z,8259,70,CTD,65535,255,1027.6507568359375
1788855314.4664958,2026-09-08T08:15:14.466495Z,8259,70,CTD,65535,255,1027.6507568359375
1788855314.6664348,2026-09-08T08:15:14.666434Z,8259,70,CTD,65535,255,1027.65234375
1788855314.866602,2026-09-08T08:15:14.866601Z,8259,70,CTD,65535,255,1027.654296875
1788855315.0668344,2026-09-08T08:15:15.066834Z,8259,70,CTD,65535,255,1027.654541015625
1788855315.2663865,2026-09-08T08:15:15.266386Z,8259,70,CTD,65535,255,1027.652587890625
1788855315.4663742,2026-09-08T08:15:15.466374Z,8259,70,CTD,65535,255,1027.650390625
1788855315.6663103,2026-09-08T08:15:15.666310Z,8259,70,CTD,65535,255,1027.653076171875
1788855315.8662982,2026-09-08T08:15:15.866298Z,8259,70,CTD,65535,255,1027.65380859375
1788855316.0666044,2026-09-08T08:15:16.066604Z,8259,70,CTD,65535,255,1027.651123046875
1788855316.2663174,2026-09-08T08:15:16.266317Z,8259,70,CTD,65535,255,1027.653564453125
1788855316.4662263,2026-09-08T08:15:16.466226Z,8259,70,CTD,65535,255,1027.6502685546875
1788855316.666443,2026-09-08T08:15:16.666443Z,8259,70,CTD,65535,255,1027.6514892578125
1788855316.866406,2026-09-08T08:15:16.866405Z,8259,70,CTD,65535,255,1027.6533203125
1788855317.0667257,2026-09-08T08:15:17.066725Z,8259,70,CTD,65535,255,1027.65185546875
1788855317.2664392,2026-09-08T08:15:17.266439Z,8259,70,CTD,65535,255,1027.6513671875
1788855317.4661553,2026-09-08T08:15:17.466155Z,8259,70,CTD,65535,255,1027.6539306640625
1788855317.666121,2026-09-08T08:15:17.666121Z,8259,70,CTD,65535,255,1027.65234375
1788855317.8660667,2026-09-08T08:15:17.866066Z,8259,70,CTD,65535,255,1027.6522216796875
1788855318.066675,2026-09-08T08:15:18.066674Z,8259,70,CTD,65535,255,1027.6524658203125
1788855318.2661493,2026-09-08T08:15:18.266149Z,8259,70,CTD,65535,255,1027.6533203125
1788855318.4664557,2026-09-08T08:15:18.466455Z,8259,70,CTD,65535,255,1027.6529541015625
1788855318.6660168,2026-09-08T08:15:18.666016Z,8259,70,CTD,65535,255,1027.653564453125
1788855318.8660643,2026-09-08T08:15:18.866064Z,8259,70,CTD,65535,255,1027.651611328125
1788855319.066901,2026-09-08T08:15:19.066900Z,8259,70,CTD,65535,255,1027.653564453125
1788855319.2666733,2026-09-08T08:15:19.266673Z,8259,70,CTD,65535,255,1027.6529541015625
1788855319.4668999,2026-09-08T08:15:19.466899Z,8259,70,CTD,65535,255,1027.65380859375
1788855319.6671515,2026-09-08T08:15:19.667151Z,8259,70,CTD,65535,255,1027.6549072265625
1788855319.8675067,2026-09-08T08:15:19.867506Z,8259,70,CTD,65535,255,1027.6588134765625
1788855320.0684087,2026-09-08T08:15:20.068408Z,8259,70,CTD,65535,255,1027.656494140625
1788855320.2684643,2026-09-08T08:15:20.268464Z,8259,70,CTD,65535,255,1027.65478515625
1788855320.468913,2026-09-08T08:15:20.468913Z,8259,70,CTD,65535,255,1027.6568603515625
1788855320.669361,2026-09-08T08:15:20.669361Z,8259,70,CTD,65535,255,1027.654296875
1788855320.870072,2026-09-08T08:15:20.870071Z,8259,70,CTD,65535,255,1027.6533203125
1788855321.070416,2026-09-08T08:15:21.070415Z,8259,70,CTD,65535,255,1027.6524658203125
1788855321.2702777,2026-09-08T08:15:21.270277Z,8259,70,CTD,65535,255,1027.6513671875
1788855321.470441,2026-09-08T08:15:21.470441Z,8259,70,CTD,65535,255,1027.6527099609375
1788855321.6706326,2026-09-08T08:15:21.670632Z,8259,70,CTD,65535,255,1027.65478515625
1788855321.8710878,2026-09-08T08:15:21.871087Z,8259,70,CTD,65535,255,1027.654541015625
1788855322.071318,2026-09-08T08:15:22.071317Z,8259,70,CTD,65535,255,1027.6552734375
1788855322.2708123,2026-09-08T08:15:22.270812Z,8259,70,CTD,65535,255,1027.652587890625
1788855322.4709713,2026-09-08T08:15:22.470971Z,8259,70,CTD,65535,255,1027.6544189453125
1788855322.6707144,2026-09-08T08:15:22.670714Z,8259,70,CTD,65535,255,1027.6524658203125
1788855322.8708563,2026-09-08T08:15:22.870856Z,8259,70,CTD,65535,255,1027.651123046875
1788855323.0708508,2026-09-08T08:15:23.070850Z,8259,70,CTD,65535,255,1027.6533203125
1788855323.2706912,2026-09-08T08:15:23.270691Z,8259,70,CTD,65535,255,1027.652587890625
1788855323.4703188,2026-09-08T08:15:23.470318Z,8259,70,CTD,65535,255,1027.65478515625
1788855323.6604228,2026-09-08T08:15:23.660422Z,8259,70,CTD,65535,255,1027.6563720703125
1788855323.8600137,2026-09-08T08:15:23.860013Z,8259,70,CTD,65535,255,1027.65380859375
1788855324.060789,2026-09-08T08:15:24.060789Z,8259,70,CTD,65535,255,1027.652587890625
1788855324.2601957,2026-09-08T08:15:24.260195Z,8259,70,CTD,65535,255,1027.654541015625
1788855324.459752,2026-09-08T08:15:24.459752Z,8259,70,CTD,65535,255,1027.6522216796875
1788855324.6598208,2026-09-08T08:15:24.659820Z,8259,70,CTD,65535,255,1027.65478515625
1788855324.859716,2026-09-08T08:15:24.859715Z,8259,70,CTD,65535,255,1027.6541748046875
1788855325.0598767,2026-09-08T08:15:25.059876Z,8259,70,CTD,65535,255,1027.6533203125
1788855325.25962,2026-09-08T08:15:25.259619Z,8259,70,CTD,65535,255,1027.650146484375
1788855325.4595366,2026-09-08T08:15:25.459536Z,8259,70,CTD,65535,255,1027.6553955078125
1788855325.6593664,2026-09-08T08:15:25.659366Z,8259,70,CTD,65535,255,1027.6514892578125
1788855325.8589852,2026-09-08T08:15:25.858985Z,8259,70,CTD,65535,255,1027.6529541015625
1788855326.0594695,2026-09-08T08:15:26.059469Z,8259,70,CTD,65535,255,1027.65185546875
1788855326.2591596,2026-09-08T08:15:26.259159Z,8259,70,CTD,65535,255,1027.65380859375
1788855326.4592557,2026-09-08T08:15:26.459255Z,8259,70,CTD,65535,255,1027.6531982421875
1788855326.6593027,2026-09-08T08:15:26.659302Z,8259,70,CTD,65535,255,1027.649658203125
1788855326.859227,2026-09-08T08:15:26.859226Z,8259,70,CTD,65535,255,1027.6517333984375
1788855327.059613,2026-09-08T08:15:27.059612Z,8259,70,CTD,65535,255,1027.650146484375
1788855327.2596622,2026-09-08T08:15:27.259662Z,8259,70,CTD,65535,255,1027.651123046875
1788855327.4594698,2026-09-08T08:15:27.459469Z,8259,70,CTD,65535,255,1027.653076171875
1788855327.6595285,2026-09-08T08:15:27.659528Z,8259,70,CTD,65535,255,1027.6517333984375
1788855327.859489,2026-09-08T08:15:27.859488Z,8259,70,CTD,65535,255,1027.65087890625
1788855328.0595915,2026-09-08T08:15:28.059591Z,8259,70,CTD,65535,255,1027.6529541015625
1788855328.2593522,2026-09-08T08:15:28.259352Z,8259,70,CTD,65535,255,1027.6513671875
1788855328.4594426,2026-09-08T08:15:28.459442Z,8259,70,CTD,65535,255,1027.651611328125
1788855328.6592238,2026-09-08T08:15:28.659223Z,8259,70,CTD,65535,255,1027.65234375
1788855328.8593009,2026-09-08T08:15:28.859300Z,8259,70,CTD,65535,255,1027.6514892578125
1788855329.05935,2026-09-08T08:15:29.059350Z,8259,70,CTD,65535,255,1027.649169921875
1788855329.2591848,2026-09-08T08:15:29.259184Z,8259,70,CTD,65535,255,1027.6507568359375
1788855329.4591653,2026-09-08T08:15:29.459165Z,8259,70,CTD,65535,255,1027.65380859375
1788855329.658721,2026-09-08T08:15:29.658720Z,8259,70,CTD,65535,255,1027.652587890625
1788855329.8588743,2026-09-08T08:15:29.858874Z,8259,70,CTD,65535,255,1027.6512451171875
1788855330.0589182,2026-09-08T08:15:30.058918Z,8259,70,CTD,65535,255,1027.6546630859375
1788855330.2588632,2026-09-08T08:15:30.258863Z,8259,70,CTD,65535,255,1027.653076171875
1788855330.4585624,2026-09-08T08:15:30.458562Z,8259,70,CTD,65535,255,1027.651611328125
1788855330.6588013,2026-09-08T08:15:30.658801Z,8259,70,CTD,65535,255,1027.6513671875
1788855330.8584814,2026-09-08T08:15:30.858481Z,8259,70,CTD,65535,255,1027.6505126953125
1788855331.0589895,2026-09-08T08:15:31.058989Z,8259,70,CTD,65535,255,1027.6531982421875
1788855331.2589068,2026-09-08T08:15:31.258906Z,8259,70,CTD,65535,255,1027.6485595703125
1788855331.4592202,2026-09-08T08:15:31.459220Z,8259,70,CTD,65535,255,1027.6502685546875
1788855331.659213,2026-09-08T08:15:31.659213Z,8259,70,CTD,65535,255,1027.65380859375
1788855331.8592286,2026-09-08T08:15:31.859228Z,8259,70,CTD,65535,255,1027.6492919921875
1788855332.0594406,2026-09-08T08:15:32.059440Z,8259,70,CTD,65535,255,1027.6536865234375
1788855332.259551,2026-09-08T08:15:32.259551Z,8259,70,CTD,65535,255,1027.650634765625
1788855332.4594991,2026-09-08T08:15:32.459499Z,8259,70,CTD,65535,255,1027.6484375
1788855332.6595557,2026-09-08T08:15:32.659555Z,8259,70,CTD,65535,255,1027.6502685546875
1788855332.8593736,2026-09-08T08:15:32.859373Z,8259,70,CTD,65535,255,1027.6519775390625
1788855333.059934,2026-09-08T08:15:33.059933Z,8259,70,CTD,65535,255,1027.6474609375
1788855333.25935,2026-09-08T08:15:33.259350Z,8259,70,CTD,65535,255,1027.6490478515625
1788855333.4595191,2026-09-08T08:15:33.459519Z,8259,70,CTD,65535,255,1027.6488037109375
1788855333.6591356,2026-09-08T08:15:33.659135Z,8259,70,CTD,65535,255,1027.651123046875
1788855333.8589365,2026-09-08T08:15:33.858936Z,8259,70,CTD,65535,255,1027.653564453125
1788855334.0590796,2026-09-08T08:15:34.059079Z,8259,70,CTD,65535,255,1027.650634765625
1788855334.2592115,2026-09-08T08:15:34.259211Z,8259,70,CTD,65535,255,1027.651611328125
1788855334.458809,2026-09-08T08:15:34.458808Z,8259,70,CTD,65535,255,1027.6500244140625
1788855334.658639,2026-09-08T08:15:34.658638Z,8259,70,CTD,65535,255,1027.6522216796875
1788855334.8587015,2026-09-08T08:15:34.858701Z,8259,70,CTD,65535,255,1027.650634765625
1788855335.0589776,2026-09-08T08:15:35.058977Z,8259,70,CTD,65535,255,1027.6536865234375
1788855335.2586153,2026-09-08T08:15:35.258615Z,8259,70,CTD,65535,255,1027.653564453125
1788855335.4585166,2026-09-08T08:15:35.458516Z,8259,70,CTD,65535,255,1027.6505126953125
1788855335.6585062,2026-09-08T08:15:35.658506Z,8259,70,CTD,65535,255,1027.6531982421875
1788855335.8585355,2026-09-08T08:15:35.858535Z,8259,70,CTD,65535,255,1027.6512451171875
1788855336.0587487,2026-09-08T08:15:36.058748Z,8259,70,CTD,65535,255,1027.6510009765625
1788855336.258939,2026-09-08T08:15:36.258939Z,8259,70,CTD,65535,255,1027.6497802734375
1788855336.4587448,2026-09-08T08:15:36.458744Z,8259,70,CTD,65535,255,1027.6529541015625
1788855336.6587691,2026-09-08T08:15:36.658769Z,8259,70,CTD,65535,255,1027.647705078125
1788855336.8589063,2026-09-08T08:15:36.858906Z,8259,70,CTD,65535,255,1027.6519775390625
1788855337.0602765,2026-09-08T08:15:37.060276Z,8259,70,CTD,65535,255,1027.646240234375
1788855337.2586508,2026-09-08T08:15:37.258650Z,8259,70,CTD,65535,255,1027.6497802734375
1788855337.458731,2026-09-08T08:15:37.458730Z,8259,70,CTD,65535,255,1027.6533203125
1788855337.65833,2026-09-08T08:15:37.658329Z,8259,70,CTD,65535,255,1027.6484375
1788855337.8581078,2026-09-08T08:15:37.858107Z,8259,70,CTD,65535,255,1027.6505126953125
1788855338.0579438,2026-09-08T08:15:38.057943Z,8259,70,CTD,65535,255,1027.6544189453125
1788855338.2575054,2026-09-08T08:15:38.257505Z,8259,70,CTD,65535,255,1027.6583251953125
1788855338.4567764,2026-09-08T08:15:38.456776Z,8259,70,CTD,65535,255,1027.6561279296875
1788855338.656388,2026-09-08T08:15:38.656388Z,8259,70,CTD,65535,255,1027.654541015625
1788855338.8558476,2026-09-08T08:15:38.855847Z,8259,70,CTD,65535,255,1027.650146484375
1788855339.056225,2026-09-08T08:15:39.056225Z,8259,70,CTD,65535,255,1027.653564453125
1788855339.2556973,2026-09-08T08:15:39.255697Z,8259,70,CTD,65535,255,1027.655029296875
1788855339.455439,2026-09-08T08:15:39.455439Z,8259,70,CTD,65535,255,1027.6549072265625
1788855339.6552439,2026-09-08T08:15:39.655243Z,8259,70,CTD,65535,255,1027.647705078125
1788855339.854939,2026-09-08T08:15:39.854938Z,8259,70,CTD,65535,255,1027.65185546875
1788855340.0549679,2026-09-08T08:15:40.054967Z,8259,70,CTD,65535,255,1027.6502685546875
1788855340.2550013,2026-09-08T08:15:40.255001Z,8259,70,CTD,65535,255,1027.6522216796875
1788855340.4547198,2026-09-08T08:15:40.454719Z,8259,70,CTD,65535,255,1027.6448974609375
1788855340.6549506,2026-09-08T08:15:40.654950Z,8259,70,CTD,65535,255,1027.6492919921875
1788855340.8546581,2026-09-08T08:15:40.854658Z,8259,70,CTD,65535,255,1027.6478271484375
1788855341.0551925,2026-09-08T08:15:41.055192Z,8259,70,CTD,65535,255,1027.65283203125
1788855341.2549617,2026-09-08T08:15:41.254961Z,8259,70,CTD,65535,255,1027.6474609375
1788855341.4552727,2026-09-08T08:15:41.455272Z,8259,70,CTD,65535,255,1027.644775390625
1788855341.6553464,2026-09-08T08:15:41.655346Z,8259,70,CTD,65535,255,1027.6488037109375
1788855341.855104,2026-09-08T08:15:41.855103Z,8259,70,CTD,65535,255,1027.649658203125
1788855342.055611,2026-09-08T08:15:42.055610Z,8259,70,CTD,65535,255,1027.644287109375
1788855342.2556431,2026-09-08T08:15:42.255643Z,8259,70,CTD,65535,255,1027.644775390625
1788855342.4557557,2026-09-08T08:15:42.455755Z,8259,70,CTD,65535,255,1027.6431884765625
1788855342.6555638,2026-09-08T08:15:42.655563Z,8259,70,CTD,65535,255,1027.6480712890625
1788855342.8556979,2026-09-08T08:15:42.855697Z,8259,70,CTD,65535,255,1027.6466064453125
1788855343.056122,2026-09-08T08:15:43.056122Z,8259,70,CTD,65535,255,1027.642578125
1788855343.2558823,2026-09-08T08:15:43.255882Z,8259,70,CTD,65535,255,1027.643798828125
1788855343.4561646,2026-09-08T08:15:43.456164Z,8259,70,CTD,65535,255,1027.6429443359375
1788855343.6559818,2026-09-08T08:15:43.655981Z,8259,70,CTD,65535,255,1027.6494140625
1788855343.8560066,2026-09-08T08:15:43.856006Z,8259,70,CTD,65535,255,1027.646484375
1788855344.0564528,2026-09-08T08:15:44.056452Z,8259,70,CTD,65535,255,1027.6431884765625
1788855344.2563994,2026-09-08T08:15:44.256399Z,8259,70,CTD,65535,255,1027.64208984375
1788855344.4561605,2026-09-08T08:15:44.456160Z,8259,70,CTD,65535,255,1027.6441650390625
1788855344.656261,2026-09-08T08:15:44.656260Z,8259,70,CTD,65535,255,1027.6453857421875
1788855344.8561976,2026-09-08T08:15:44.856197Z,8259,70,CTD,65535,255,1027.6436767578125
1788855345.0566003,2026-09-08T08:15:45.056600Z,8259,70,CTD,65535,255,1027.6409912109375
1788855345.2563016,2026-09-08T08:15:45.256301Z,8259,70,CTD,65535,255,1027.6488037109375
1788855345.4562423,2026-09-08T08:15:45.456242Z,8259,70,CTD,65535,255,1027.6475830078125
1788855345.6562696,2026-09-08T08:15:45.656269Z,8259,70,CTD,65535,255,1027.64501953125
1788855345.8562376,2026-09-08T08:15:45.856237Z,8259,70,CTD,65535,255,1027.642822265625
1788855346.0566585,2026-09-08T08:15:46.056658Z,8259,70,CTD,65535,255,1027.638916015625
1788855346.256551,2026-09-08T08:15:46.256551Z,8259,70,CTD,65535,255,1027.6405029296875
1788855346.4562724,2026-09-08T08:15:46.456272Z,8259,70,CTD,65535,255,1027.63720703125
1788855346.6565273,2026-09-08T08:15:46.656527Z,8259,70,CTD,65535,255,1027.64306640625
1788855346.856514,2026-09-08T08:15:46.856513Z,8259,70,CTD,65535,255,1027.6412353515625
1788855347.0565913,2026-09-08T08:15:47.056591Z,8259,70,CTD,65535,255,1027.6339111328125
1788855347.2565145,2026-09-08T08:15:47.256514Z,8259,70,CTD,65535,255,1027.6390380859375
1788855347.45649,2026-09-08T08:15:47.456490Z,8259,70,CTD,65535,255,1027.63916015625
1788855347.656188,2026-09-08T08:15:47.656188Z,8259,70,CTD,65535,255,1027.6390380859375
1788855347.8564882,2026-09-08T08:15:47.856488Z,8259,70,CTD,65535,255,1027.637451171875
1788855348.0565135,2026-09-08T08:15:48.056513Z,8259,70,CTD,65535,255,1027.634765625
1788855348.256399,2026-09-08T08:15:48.256398Z,8259,70,CTD,65535,255,1027.6329345703125
1788855348.456328,2026-09-08T08:15:48.456327Z,8259,70,CTD,65535,255,1027.6324462890625
1788855348.65605,2026-09-08T08:15:48.656049Z,8259,70,CTD,65535,255,1027.6416015625
1788855348.8560088,2026-09-08T08:15:48.856008Z,8259,70,CTD,65535,255,1027.63232421875
1788855349.0561755,2026-09-08T08:15:49.056175Z,8259,70,CTD,65535,255,1027.6282958984375
1788855349.256024,2026-09-08T08:15:49.256023Z,8259,70,CTD,65535,255,1027.6312255859375
1788855349.4556668,2026-09-08T08:15:49.455666Z,8259,70,CTD,65535,255,1027.6353759765625
1788855349.6557899,2026-09-08T08:15:49.655789Z,8259,70,CTD,65535,255,1027.633056640625
1788855349.8554432,2026-09-08T08:15:49.855443Z,8259,70,CTD,65535,255,1027.6339111328125
1788855350.0557787,2026-09-08T08:15:50.055778Z,8259,70,CTD,65535,255,1027.6395263671875
1788855350.2556512,2026-09-08T08:15:50.255651Z,8259,70,CTD,65535,255,1027.628662109375
1788855350.4554026,2026-09-08T08:15:50.455402Z,8259,70,CTD,65535,255,1027.62939453125
1788855350.6554086,2026-09-08T08:15:50.655408Z,8259,70,CTD,65535,255,1027.634521484375
1788855350.855351,2026-09-08T08:15:50.855350Z,8259,70,CTD,65535,255,1027.635498046875
1788855351.055693,2026-09-08T08:15:51.055692Z,8259,70,CTD,65535,255,1027.635498046875
1788855351.2553387,2026-09-08T08:15:51.255338Z,8259,70,CTD,65535,255,1027.6322021484375
1788855351.4553432,2026-09-08T08:15:51.455343Z,8259,70,CTD,65535,255,1027.6357421875
1788855351.6555235,2026-09-08T08:15:51.655523Z,8259,70,CTD,65535,255,1027.6322021484375
1788855351.8555133,2026-09-08T08:15:51.855513Z,8259,70,CTD,65535,255,1027.6318359375
1788855352.0556502,2026-09-08T08:15:52.055650Z,8259,70,CTD,65535,255,1027.6343994140625
1788855352.2555935,2026-09-08T08:15:52.255593Z,8259,70,CTD,65535,255,1027.631591796875
1788855352.4553065,2026-09-08T08:15:52.455306Z,8259,70,CTD,65535,255,1027.634033203125
1788855352.6553292,2026-09-08T08:15:52.655329Z,8259,70,CTD,65535,255,1027.63232421875
1788855352.855336,2026-09-08T08:15:52.855335Z,8259,70,CTD,65535,255,1027.62939453125
1788855353.0556333,2026-09-08T08:15:53.055633Z,8259,70,CTD,65535,255,1027.627685546875
1788855353.2554147,2026-09-08T08:15:53.255414Z,8259,70,CTD,65535,255,1027.6273193359375
1788855353.455637,2026-09-08T08:15:53.455636Z,8259,70,CTD,65535,255,1027.63134765625
1788855353.6554046,2026-09-08T08:15:53.655404Z,8259,70,CTD,65535,255,1027.6302490234375
1788855353.855406,2026-09-08T08:15:53.855406Z,8259,70,CTD,65535,255,1027.631591796875
1788855354.05624,2026-09-08T08:15:54.056240Z,8259,70,CTD,65535,255,1027.6298828125
1788855354.2557294,2026-09-08T08:15:54.255729Z,8259,70,CTD,65535,255,1027.6304931640625
1788855354.4557445,2026-09-08T08:15:54.455744Z,8259,70,CTD,65535,255,1027.6358642578125
1788855354.6554499,2026-09-08T08:15:54.655449Z,8259,70,CTD,65535,255,1027.6309814453125
1788855354.8554616,2026-09-08T08:15:54.855461Z,8259,70,CTD,65535,255,1027.6346435546875
1788855355.0560312,2026-09-08T08:15:55.056031Z,8259,70,CTD,65535,255,1027.6322021484375
1788855355.2555282,2026-09-08T08:15:55.255528Z,8259,70,CTD,65535,255,1027.6336669921875
1788855355.4557428,2026-09-08T08:15:55.455742Z,8259,70,CTD,65535,255,1027.6322021484375
1788855355.6555438,2026-09-08T08:15:55.655543Z,8259,70,CTD,65535,255,1027.631103515625
1788855355.8554757,2026-09-08T08:15:55.855475Z,8259,70,CTD,65535,255,1027.6353759765625
1788855356.05598,2026-09-08T08:15:56.055979Z,8259,70,CTD,65535,255,1027.6285400390625
1788855356.255815,2026-09-08T08:15:56.255815Z,8259,70,CTD,65535,255,1027.62744140625
1788855356.455547,2026-09-08T08:15:56.455547Z,8259,70,CTD,65535,255,1027.6285400390625
1788855356.655449,2026-09-08T08:15:56.655448Z,8259,70,CTD,65535,255,1027.6300048828125
1788855356.855556,2026-09-08T08:15:56.855556Z,8259,70,CTD,65535,255,1027.631591796875
1788855357.055843,2026-09-08T08:15:57.055843Z,8259,70,CTD,65535,255,1027.6278076171875
1788855357.2555535,2026-09-08T08:15:57.255553Z,8259,70,CTD,65535,255,1027.6319580078125
1788855357.4555316,2026-09-08T08:15:57.455531Z,8259,70,CTD,65535,255,1027.62890625
1788855357.655458,2026-09-08T08:15:57.655457Z,8259,70,CTD,65535,255,1027.6302490234375
1788855357.8556828,2026-09-08T08:15:57.855682Z,8259,70,CTD,65535,255,1027.630126953125
1788855358.0559568,2026-09-08T08:15:58.055956Z,8259,70,CTD,65535,255,1027.630126953125
1788855358.255758,2026-09-08T08:15:58.255758Z,8259,70,CTD,65535,255,1027.627197265625
1788855358.4557092,2026-09-08T08:15:58.455709Z,8259,70,CTD,65535,255,1027.6280517578125
1788855358.6554234,2026-09-08T08:15:58.655423Z,8259,70,CTD,65535,255,1027.632080078125
1788855358.8554392,2026-09-08T08:15:58.855439Z,8259,70,CTD,65535,255,1027.63671875
1788855359.0558238,2026-09-08T08:15:59.055823Z,8259,70,CTD,65535,255,1027.6280517578125
1788855359.255526,2026-09-08T08:15:59.255526Z,8259,70,CTD,65535,255,1027.6314697265625
1788855359.4555218,2026-09-08T08:15:59.455521Z,8259,70,CTD,65535,255,1027.6217041015625
1788855359.6554193,2026-09-08T08:15:59.655419Z,8259,70,CTD,65535,255,1027.6282958984375
1788855359.8553534,2026-09-08T08:15:59.855353Z,8259,70,CTD,65535,255,1027.6343994140625
1788855360.055788,2026-09-08T08:16:00.055788Z,8259,70,CTD,65535,255,1027.6304931640625
1788855360.2559178,2026-09-08T08:16:00.255917Z,8259,70,CTD,65535,255,1027.632568359375
1788855360.4556782,2026-09-08T08:16:00.455678Z,8259,70,CTD,65535,255,1027.632568359375
1788855360.655777,2026-09-08T08:16:00.655776Z,8259,70,CTD,65535,255,1027.633056640625
1788855360.855834,2026-09-08T08:16:00.855834Z,8259,70,CTD,65535,255,1027.6290283203125
1788855361.056231,2026-09-08T08:16:01.056231Z,8259,70,CTD,65535,255,1027.62744140625
1788855361.2562869,2026-09-08T08:16:01.256286Z,8259,70,CTD,65535,255,1027.6297607421875
1788855361.4562209,2026-09-08T08:16:01.456220Z,8259,70,CTD,65535,255,1027.6304931640625
1788855361.6561446,2026-09-08T08:16:01.656144Z,8259,70,CTD,65535,255,1027.6265869140625
1788855361.8560965,2026-09-08T08:16:01.856096Z,8259,70,CTD,65535,255,1027.6260986328125
1788855362.056389,2026-09-08T08:16:02.056389Z,8259,70,CTD,65535,255,1027.6304931640625
1788855362.2562575,2026-09-08T08:16:02.256257Z,8259,70,CTD,65535,255,1027.6309814453125
1788855362.4558988,2026-09-08T08:16:02.455898Z,8259,70,CTD,65535,255,1027.6290283203125
1788855362.655716,2026-09-08T08:16:02.655715Z,8259,70,CTD,65535,255,1027.6318359375
1788855362.8557413,2026-09-08T08:16:02.855741Z,8259,70,CTD,65535,255,1027.631591796875
1788855363.0559213,2026-09-08T08:16:03.055921Z,8259,70,CTD,65535,255,1027.6295166015625
1788855363.255532,2026-09-08T08:16:03.255532Z,8259,70,CTD,65535,255,1027.6334228515625
1788855363.4557009,2026-09-08T08:16:03.455700Z,8259,70,CTD,65535,255,1027.6278076171875
1788855363.655352,2026-09-08T08:16:03.655352Z,8259,70,CTD,65535,255,1027.6295166015625
1788855363.8552036,2026-09-08T08:16:03.855203Z,8259,70,CTD,65535,255,1027.6317138671875
1788855364.055699,2026-09-08T08:16:04.055699Z,8259,70,CTD,65535,255,1027.6270751953125
1788855364.255475,2026-09-08T08:16:04.255475Z,8259,70,CTD,65535,255,1027.6319580078125
1788855364.4553976,2026-09-08T08:16:04.455397Z,8259,70,CTD,65535,255,1027.626220703125
1788855364.6551194,2026-09-08T08:16:04.655119Z,8259,70,CTD,65535,255,1027.63037109375
1788855364.855029,2026-09-08T08:16:04.855029Z,8259,70,CTD,65535,255,1027.6324462890625
1788855365.05563,2026-09-08T08:16:05.055629Z,8259,70,CTD,65535,255,1027.637451171875
1788855365.2555497,2026-09-08T08:16:05.255549Z,8259,70,CTD,65535,255,1027.6331787109375
1788855365.455438,2026-09-08T08:16:05.455437Z,8259,70,CTD,65535,255,1027.6285400390625
1788855365.6556091,2026-09-08T08:16:05.655609Z,8259,70,CTD,65535,255,1027.634521484375
1788855365.8556616,2026-09-08T08:16:05.855661Z,8259,70,CTD,65535,255,1027.631103515625
1788855366.0561304,2026-09-08T08:16:06.056130Z,8259,70,CTD,65535,255,1027.631103515625
1788855366.2560227,2026-09-08T08:16:06.256022Z,8259,70,CTD,65535,255,1027.6324462890625
1788855366.4560063,2026-09-08T08:16:06.456006Z,8259,70,CTD,65535,255,1027.6357421875
1788855366.6561232,2026-09-08T08:16:06.656123Z,8259,70,CTD,65535,255,1027.6290283203125
1788855366.8559694,2026-09-08T08:16:06.855969Z,8259,70,CTD,65535,255,1027.631103515625
1788855367.0563705,2026-09-08T08:16:07.056370Z,8259,70,CTD,65535,255,1027.6285400390625
1788855367.2557437,2026-09-08T08:16:07.255743Z,8259,70,CTD,65535,255,1027.63134765625
1788855367.4558868,2026-09-08T08:16:07.455886Z,8259,70,CTD,65535,255,1027.6326904296875
1788855367.655589,2026-09-08T08:16:07.655589Z,8259,70,CTD,65535,255,1027.633056640625
1788855367.8556914,2026-09-08T08:16:07.855691Z,8259,70,CTD,65535,255,1027.6346435546875
1788855368.055718,2026-09-08T08:16:08.055717Z,8259,70,CTD,65535,255,1027.6329345703125
1788855368.2556753,2026-09-08T08:16:08.255675Z,8259,70,CTD,65535,255,1027.6270751953125
1788855368.455566,2026-09-08T08:16:08.455565Z,8259,70,CTD,65535,255,1027.636962890625
1788855368.6554677,2026-09-08T08:16:08.655467Z,8259,70,CTD,65535,255,1027.6348876953125
1788855368.855118,2026-09-08T08:16:08.855118Z,8259,70,CTD,65535,255,1027.6337890625
1788855369.055514,2026-09-08T08:16:09.055514Z,8259,70,CTD,65535,255,1027.6376953125
1788855369.255111,2026-09-08T08:16:09.255110Z,8259,70,CTD,65535,255,1027.6285400390625
1788855369.4553185,2026-09-08T08:16:09.455318Z,8259,70,CTD,65535,255,1027.6322021484375
1788855369.6550791,2026-09-08T08:16:09.655079Z,8259,70,CTD,65535,255,1027.6339111328125
1788855369.8551812,2026-09-08T08:16:09.855181Z,8259,70,CTD,65535,255,1027.6331787109375
1788855370.0552719,2026-09-08T08:16:10.055271Z,8259,70,CTD,65535,255,1027.6337890625
1788855370.2552562,2026-09-08T08:16:10.255256Z,8259,70,CTD,65535,255,1027.63232421875
1788855370.454986,2026-09-08T08:16:10.454986Z,8259,70,CTD,65535,255,1027.63525390625
1788855370.654977,2026-09-08T08:16:10.654977Z,8259,70,CTD,65535,255,1027.6298828125
1788855370.8549354,2026-09-08T08:16:10.854935Z,8259,70,CTD,65535,255,1027.6343994140625
1788855371.0554135,2026-09-08T08:16:11.055413Z,8259,70,CTD,65535,255,1027.6351318359375
1788855371.2552705,2026-09-08T08:16:11.255270Z,8259,70,CTD,65535,255,1027.6357421875
1788855371.4550047,2026-09-08T08:16:11.455004Z,8259,70,CTD,65535,255,1027.6387939453125
1788855371.6549697,2026-09-08T08:16:11.654969Z,8259,70,CTD,65535,255,1027.6337890625
1788855371.8552332,2026-09-08T08:16:11.855233Z,8259,70,CTD,65535,255,1027.632080078125
1788855372.0555427,2026-09-08T08:16:12.055542Z,8259,70,CTD,65535,255,1027.64111328125
1788855372.255027,2026-09-08T08:16:12.255027Z,8259,70,CTD,65535,255,1027.632080078125
1788855372.4552672,2026-09-08T08:16:12.455267Z,8259,70,CTD,65535,255,1027.630615234375
1788855372.6550992,2026-09-08T08:16:12.655099Z,8259,70,CTD,65535,255,1027.6324462890625
1788855372.8551102,2026-09-08T08:16:12.855110Z,8259,70,CTD,65535,255,1027.635498046875
1788855373.0553384,2026-09-08T08:16:13.055338Z,8259,70,CTD,65535,255,1027.6326904296875
1788855373.255487,2026-09-08T08:16:13.255486Z,8259,70,CTD,65535,255,1027.6307373046875
1788855373.4552004,2026-09-08T08:16:13.455200Z,8259,70,CTD,65535,255,1027.6302490234375
1788855373.6551518,2026-09-08T08:16:13.655151Z,8259,70,CTD,65535,255,1027.637939453125
1788855373.855181,2026-09-08T08:16:13.855180Z,8259,70,CTD,65535,255,1027.6319580078125
1788855374.0555515,2026-09-08T08:16:14.055551Z,8259,70,CTD,65535,255,1027.6351318359375
1788855374.2550924,2026-09-08T08:16:14.255092Z,8259,70,CTD,65535,255,1027.630615234375
1788855374.4551628,2026-09-08T08:16:14.455162Z,8259,70,CTD,65535,255,1027.63037109375
1788855374.655163,2026-09-08T08:16:14.655163Z,8259,70,CTD,65535,255,1027.6322021484375
1788855374.8553665,2026-09-08T08:16:14.855366Z,8259,70,CTD,65535,255,1027.6361083984375
1788855375.055715,2026-09-08T08:16:15.055715Z,8259,70,CTD,65535,255,1027.63134765625
1788855375.2553985,2026-09-08T08:16:15.255398Z,8259,70,CTD,65535,255,1027.636474609375
1788855375.4553766,2026-09-08T08:16:15.455376Z,8259,70,CTD,65535,255,1027.633544921875
1788855375.655184,2026-09-08T08:16:15.655184Z,8259,70,CTD,65535,255,1027.6353759765625
1788855375.8551846,2026-09-08T08:16:15.855184Z,8259,70,CTD,65535,255,1027.6298828125
1788855376.0555274,2026-09-08T08:16:16.055527Z,8259,70,CTD,65535,255,1027.6326904296875
1788855376.2551022,2026-09-08T08:16:16.255102Z,8259,70,CTD,65535,255,1027.627685546875
1788855376.455449,2026-09-08T08:16:16.455449Z,8259,70,CTD,65535,255,1027.63232421875
1788855376.655456,2026-09-08T08:16:16.655456Z,8259,70,CTD,65535,255,1027.635986328125
1788855376.8553915,2026-09-08T08:16:16.855391Z,8259,70,CTD,65535,255,1027.635009765625
1788855377.0553508,2026-09-08T08:16:17.055350Z,8259,70,CTD,65535,255,1027.6328125
1788855377.255384,2026-09-08T08:16:17.255383Z,8259,70,CTD,65535,255,1027.6348876953125
1788855377.4555087,2026-09-08T08:16:17.455508Z,8259,70,CTD,65535,255,1027.632568359375
1788855377.6554224,2026-09-08T08:16:17.655422Z,8259,70,CTD,65535,255,1027.6358642578125
1788855377.855364,2026-09-08T08:16:17.855364Z,8259,70,CTD,65535,255,1027.6375732421875
1788855378.0554419,2026-09-08T08:16:18.055441Z,8259,70,CTD,65535,255,1027.6329345703125
1788855378.2553275,2026-09-08T08:16:18.255327Z,8259,70,CTD,65535,255,1027.6339111328125
1788855378.4550834,2026-09-08T08:16:18.455083Z,8259,70,CTD,65535,255,1027.635986328125
1788855378.6550884,2026-09-08T08:16:18.655088Z,8259,70,CTD,65535,255,1027.6312255859375
1788855378.8550904,2026-09-08T08:16:18.855090Z,8259,70,CTD,65535,255,1027.63134765625
1788855379.0554686,2026-09-08T08:16:19.055468Z,8259,70,CTD,65535,255,1027.6329345703125
1788855379.2552633,2026-09-08T08:16:19.255263Z,8259,70,CTD,65535,255,1027.6318359375
1788855379.4552581,2026-09-08T08:16:19.455258Z,8259,70,CTD,65535,255,1027.634521484375
1788855379.6549952,2026-09-08T08:16:19.654995Z,8259,70,CTD,65535,255,1027.634033203125
1788855379.8550446,2026-09-08T08:16:19.855044Z,8259,70,CTD,65535,255,1027.634765625
1788855380.0553932,2026-09-08T08:16:20.055393Z,8259,70,CTD,65535,255,1027.6331787109375
1788855380.2554529,2026-09-08T08:16:20.255452Z,8259,70,CTD,65535,255,1027.6292724609375
1788855380.4553254,2026-09-08T08:16:20.455325Z,8259,70,CTD,65535,255,1027.63330078125
1788855380.6554778,2026-09-08T08:16:20.655477Z,8259,70,CTD,65535,255,1027.6357421875
1788855380.8555784,2026-09-08T08:16:20.855578Z,8259,70,CTD,65535,255,1027.6309814453125
1788855381.0559382,2026-09-08T08:16:21.055938Z,8259,70,CTD,65535,255,1027.633056640625
1788855381.255833,2026-09-08T08:16:21.255832Z,8259,70,CTD,65535,255,1027.63916015625
1788855381.4562027,2026-09-08T08:16:21.456202Z,8259,70,CTD,65535,255,1027.632080078125
1788855381.6561637,2026-09-08T08:16:21.656163Z,8259,70,CTD,65535,255,1027.6307373046875
1788855381.8564777,2026-09-08T08:16:21.856477Z,8259,70,CTD,65535,255,1027.63525390625
1788855382.0566308,2026-09-08T08:16:22.056630Z,8259,70,CTD,65535,255,1027.6390380859375
1788855382.2566845,2026-09-08T08:16:22.256684Z,8259,70,CTD,65535,255,1027.6365966796875
1788855382.4565225,2026-09-08T08:16:22.456522Z,8259,70,CTD,65535,255,1027.633544921875
1788855382.6567786,2026-09-08T08:16:22.656778Z,8259,70,CTD,65535,255,1027.629150390625
1788855382.8566241,2026-09-08T08:16:22.856624Z,8259,70,CTD,65535,255,1027.63916015625
1788855383.0570002,2026-09-08T08:16:23.057000Z,8259,70,CTD,65535,255,1027.6373291015625
1788855383.2566104,2026-09-08T08:16:23.256610Z,8259,70,CTD,65535,255,1027.6337890625
1788855383.4567828,2026-09-08T08:16:23.456782Z,8259,70,CTD,65535,255,1027.62939453125
1788855383.6564813,2026-09-08T08:16:23.656481Z,8259,70,CTD,65535,255,1027.6370849609375
1788855383.8567035,2026-09-08T08:16:23.856703Z,8259,70,CTD,65535,255,1027.6343994140625
1788855384.0571907,2026-09-08T08:16:24.057190Z,8259,70,CTD,65535,255,1027.6295166015625
1788855384.256484,2026-09-08T08:16:24.256484Z,8259,70,CTD,65535,255,1027.6329345703125
1788855384.456426,2026-09-08T08:16:24.456425Z,8259,70,CTD,65535,255,1027.6370849609375
1788855384.6565564,2026-09-08T08:16:24.656556Z,8259,70,CTD,65535,255,1027.6357421875
1788855384.8563159,2026-09-08T08:16:24.856315Z,8259,70,CTD,65535,255,1027.6292724609375
1788855385.0568156,2026-09-08T08:16:25.056815Z,8259,70,CTD,65535,255,1027.637939453125
1788855385.2566261,2026-09-08T08:16:25.256626Z,8259,70,CTD,65535,255,1027.62939453125
1788855385.4564135,2026-09-08T08:16:25.456413Z,8259,70,CTD,65535,255,1027.638916015625
1788855385.6560414,2026-09-08T08:16:25.656041Z,8259,70,CTD,65535,255,1027.6419677734375
1788855385.856003,2026-09-08T08:16:25.856003Z,8259,70,CTD,65535,255,1027.6375732421875
1788855386.0566406,2026-09-08T08:16:26.056640Z,8259,70,CTD,65535,255,1027.6336669921875
1788855386.2563882,2026-09-08T08:16:26.256388Z,8259,70,CTD,65535,255,1027.6368408203125
1788855386.4561164,2026-09-08T08:16:26.456116Z,8259,70,CTD,65535,255,1027.6365966796875
1788855386.656374,2026-09-08T08:16:26.656373Z,8259,70,CTD,65535,255,1027.6358642578125
1788855386.8564372,2026-09-08T08:16:26.856437Z,8259,70,CTD,65535,255,1027.6353759765625
1788855387.0566998,2026-09-08T08:16:27.056699Z,8259,70,CTD,65535,255,1027.6317138671875
1788855387.2565565,2026-09-08T08:16:27.256556Z,8259,70,CTD,65535,255,1027.6307373046875
1788855387.456561,2026-09-08T08:16:27.456561Z,8259,70,CTD,65535,255,1027.633056640625
1788855387.6566377,2026-09-08T08:16:27.656637Z,8259,70,CTD,65535,255,1027.6317138671875
1788855387.8566697,2026-09-08T08:16:27.856669Z,8259,70,CTD,65535,255,1027.631591796875
1788855388.0568933,2026-09-08T08:16:28.056893Z,8259,70,CTD,65535,255,1027.6339111328125
1788855388.2567527,2026-09-08T08:16:28.256752Z,8259,70,CTD,65535,255,1027.6353759765625
1788855388.4567614,2026-09-08T08:16:28.456761Z,8259,70,CTD,65535,255,1027.6314697265625
1788855388.6564488,2026-09-08T08:16:28.656448Z,8259,70,CTD,65535,255,1027.6331787109375
1788855388.8565733,2026-09-08T08:16:28.856573Z,8259,70,CTD,65535,255,1027.6337890625
1788855389.0570898,2026-09-08T08:16:29.057089Z,8259,70,CTD,65535,255,1027.6363525390625
1788855389.256534,2026-09-08T08:16:29.256534Z,8259,70,CTD,65535,255,1027.6341552734375
1788855389.4564624,2026-09-08T08:16:29.456462Z,8259,70,CTD,65535,255,1027.6339111328125
1788855389.656683,2026-09-08T08:16:29.656682Z,8259,70,CTD,65535,255,1027.63720703125
1788855389.8567338,2026-09-08T08:16:29.856733Z,8259,70,CTD,65535,255,1027.63525390625
1788855390.0569997,2026-09-08T08:16:30.056999Z,8259,70,CTD,65535,255,1027.631591796875
1788855390.2567768,2026-09-08T08:16:30.256776Z,8259,70,CTD,65535,255,1027.6378173828125
1788855390.4564662,2026-09-08T08:16:30.456466Z,8259,70,CTD,65535,255,1027.6331787109375
1788855390.6566455,2026-09-08T08:16:30.656645Z,8259,70,CTD,65535,255,1027.6290283203125
1788855390.8566332,2026-09-08T08:16:30.856633Z,8259,70,CTD,65535,255,1027.635498046875
1788855391.056869,2026-09-08T08:16:31.056869Z,8259,70,CTD,65535,255,1027.6348876953125
1788855391.2566643,2026-09-08T08:16:31.256664Z,8259,70,CTD,65535,255,1027.634765625
1788855391.456641,2026-09-08T08:16:31.456640Z,8259,70,CTD,65535,255,1027.63525390625
1788855391.6563013,2026-09-08T08:16:31.656301Z,8259,70,CTD,65535,255,1027.63037109375
1788855391.8561945,2026-09-08T08:16:31.856194Z,8259,70,CTD,65535,255,1027.6298828125
1788855392.056703,2026-09-08T08:16:32.056703Z,8259,70,CTD,65535,255,1027.635498046875
1788855392.256474,2026-09-08T08:16:32.256474Z,8259,70,CTD,65535,255,1027.6402587890625
1788855392.4561896,2026-09-08T08:16:32.456189Z,8259,70,CTD,65535,255,1027.63671875
1788855392.656129,2026-09-08T08:16:32.656128Z,8259,70,CTD,65535,255,1027.63037109375
1788855392.856132,2026-09-08T08:16:32.856132Z,8259,70,CTD,65535,255,1027.63525390625
1788855393.0564682,2026-09-08T08:16:33.056468Z,8259,70,CTD,65535,255,1027.6346435546875
1788855393.2562137,2026-09-08T08:16:33.256213Z,8259,70,CTD,65535,255,1027.6336669921875
1788855393.4564435,2026-09-08T08:16:33.456443Z,8259,70,CTD,65535,255,1027.6339111328125
1788855393.656156,2026-09-08T08:16:33.656156Z,8259,70,CTD,65535,255,1027.63671875
1788855393.8566904,2026-09-08T08:16:33.856690Z,8259,70,CTD,65535,255,1027.6390380859375
1788855394.056448,2026-09-08T08:16:34.056447Z,8259,70,CTD,65535,255,1027.6363525390625
1788855394.2565134,2026-09-08T08:16:34.256513Z,8259,70,CTD,65535,255,1027.635986328125
1788855394.4561367,2026-09-08T08:16:34.456136Z,8259,70,CTD,65535,255,1027.63037109375
1788855394.6563842,2026-09-08T08:16:34.656384Z,8259,70,CTD,65535,255,1027.6343994140625
1788855394.8563905,2026-09-08T08:16:34.856390Z,8259,70,CTD,65535,255,1027.6412353515625
1788855395.0564997,2026-09-08T08:16:35.056499Z,8259,70,CTD,65535,255,1027.637451171875
1788855395.2561438,2026-09-08T08:16:35.256143Z,8259,70,CTD,65535,255,1027.6356201171875
1788855395.4563856,2026-09-08T08:16:35.456385Z,8259,70,CTD,65535,255,1027.6385498046875
1788855395.6561477,2026-09-08T08:16:35.656147Z,8259,70,CTD,65535,255,1027.63623046875
1788855395.8563988,2026-09-08T08:16:35.856398Z,8259,70,CTD,65535,255,1027.6351318359375
1788855396.0564828,2026-09-08T08:16:36.056482Z,8259,70,CTD,65535,255,1027.6361083984375
1788855396.2564044,2026-09-08T08:16:36.256404Z,8259,70,CTD,65535,255,1027.63818359375
1788855396.4563768,2026-09-08T08:16:36.456376Z,8259,70,CTD,65535,255,1027.6304931640625
1788855396.6563551,2026-09-08T08:16:36.656355Z,8259,70,CTD,65535,255,1027.634033203125
1788855396.8561568,2026-09-08T08:16:36.856156Z,8259,70,CTD,65535,255,1027.6363525390625
1788855397.0563674,2026-09-08T08:16:37.056367Z,8259,70,CTD,65535,255,1027.6357421875
1788855397.2564054,2026-09-08T08:16:37.256405Z,8259,70,CTD,65535,255,1027.6353759765625
1788855397.4561615,2026-09-08T08:16:37.456161Z,8259,70,CTD,65535,255,1027.633056640625
1788855397.6563632,2026-09-08T08:16:37.656363Z,8259,70,CTD,65535,255,1027.6357421875
1788855397.8560672,2026-09-08T08:16:37.856067Z,8259,70,CTD,65535,255,1027.635009765625
1788855398.0566587,2026-09-08T08:16:38.056658Z,8259,70,CTD,65535,255,1027.6351318359375
1788855398.2563202,2026-09-08T08:16:38.256320Z,8259,70,CTD,65535,255,1027.63623046875
1788855398.4561718,2026-09-08T08:16:38.456171Z,8259,70,CTD,65535,255,1027.635986328125
1788855398.6561368,2026-09-08T08:16:38.656136Z,8259,70,CTD,65535,255,1027.6353759765625
1788855398.856305,2026-09-08T08:16:38.856304Z,8259,70,CTD,65535,255,1027.637451171875
1788855399.0565746,2026-09-08T08:16:39.056574Z,8259,70,CTD,65535,255,1027.63330078125
1788855399.2565494,2026-09-08T08:16:39.256549Z,8259,70,CTD,65535,255,1027.6357421875
1788855399.4564352,2026-09-08T08:16:39.456435Z,8259,70,CTD,65535,255,1027.635986328125
1788855399.6567273,2026-09-08T08:16:39.656727Z,8259,70,CTD,65535,255,1027.637451171875
1788855399.8566256,2026-09-08T08:16:39.856625Z,8259,70,CTD,65535,255,1027.6402587890625
1788855400.0571337,2026-09-08T08:16:40.057133Z,8259,70,CTD,65535,255,1027.6365966796875
1788855400.2570071,2026-09-08T08:16:40.257007Z,8259,70,CTD,65535,255,1027.635498046875
1788855400.4567828,2026-09-08T08:16:40.456782Z,8259,70,CTD,65535,255,1027.635986328125
1788855400.6569738,2026-09-08T08:16:40.656973Z,8259,70,CTD,65535,255,1027.6368408203125
1788855400.856772,2026-09-08T08:16:40.856771Z,8259,70,CTD,65535,255,1027.6402587890625
1788855401.0571811,2026-09-08T08:16:41.057181Z,8259,70,CTD,65535,255,1027.6368408203125
1788855401.2566705,2026-09-08T08:16:41.256670Z,8259,70,CTD,65535,255,1027.63671875
1788855401.4568045,2026-09-08T08:16:41.456804Z,8259,70,CTD,65535,255,1027.634521484375
1788855401.6564429,2026-09-08T08:16:41.656442Z,8259,70,CTD,65535,255,1027.63427734375
1788855401.856558,2026-09-08T08:16:41.856558Z,8259,70,CTD,65535,255,1027.6375732421875
1788855402.0566082,2026-09-08T08:16:42.056608Z,8259,70,CTD,65535,255,1027.6361083984375
1788855402.2564452,2026-09-08T08:16:42.256445Z,8259,70,CTD,65535,255,1027.6400146484375
1788855402.456384,2026-09-08T08:16:42.456383Z,8259,70,CTD,65535,255,1027.6387939453125
1788855402.656071,2026-09-08T08:16:42.656070Z,8259,70,CTD,65535,255,1027.6405029296875
1788855402.855986,2026-09-08T08:16:42.855986Z,8259,70,CTD,65535,255,1027.6397705078125
1788855403.0562503,2026-09-08T08:16:43.056250Z,8259,70,CTD,65535,255,1027.6373291015625
1788855403.2562237,2026-09-08T08:16:43.256223Z,8259,70,CTD,65535,255,1027.63720703125
1788855403.456147,2026-09-08T08:16:43.456146Z,8259,70,CTD,65535,255,1027.6405029296875
1788855403.6558592,2026-09-08T08:16:43.655859Z,8259,70,CTD,65535,255,1027.638427734375
1788855403.8560076,2026-09-08T08:16:43.856007Z,8259,70,CTD,65535,255,1027.6380615234375
1788855404.056101,2026-09-08T08:16:44.056101Z,8259,70,CTD,65535,255,1027.6390380859375
1788855404.2560306,2026-09-08T08:16:44.256030Z,8259,70,CTD,65535,255,1027.64208984375
1788855404.4560082,2026-09-08T08:16:44.456008Z,8259,70,CTD,65535,255,1027.642578125
1788855404.6557212,2026-09-08T08:16:44.655721Z,8259,70,CTD,65535,255,1027.6402587890625
1788855404.8557153,2026-09-08T08:16:44.855715Z,8259,70,CTD,65535,255,1027.6395263671875
1788855405.056183,2026-09-08T08:16:45.056183Z,8259,70,CTD,65535,255,1027.640625
1788855405.2557924,2026-09-08T08:16:45.255792Z,8259,70,CTD,65535,255,1027.640625
1788855405.456025,2026-09-08T08:16:45.456024Z,8259,70,CTD,65535,255,1027.64013671875
1788855405.6557512,2026-09-08T08:16:45.655751Z,8259,70,CTD,65535,255,1027.64111328125
1788855405.8559687,2026-09-08T08:16:45.855968Z,8259,70,CTD,65535,255,1027.64111328125
1788855406.056084,2026-09-08T08:16:46.056083Z,8259,70,CTD,65535,255,1027.6385498046875
1788855406.2560582,2026-09-08T08:16:46.256058Z,8259,70,CTD,65535,255,1027.6396484375
1788855406.4557998,2026-09-08T08:16:46.455799Z,8259,70,CTD,65535,255,1027.64208984375
1788855406.6557534,2026-09-08T08:16:46.655753Z,8259,70,CTD,65535,255,1027.6434326171875
1788855406.8558326,2026-09-08T08:16:46.855832Z,8259,70,CTD,65535,255,1027.6431884765625
1788855407.0562596,2026-09-08T08:16:47.056259Z,8259,70,CTD,65535,255,1027.6383056640625
1788855407.255847,2026-09-08T08:16:47.255846Z,8259,70,CTD,65535,255,1027.641845703125
1788855407.4561162,2026-09-08T08:16:47.456116Z,8259,70,CTD,65535,255,1027.6435546875
1788855407.65585,2026-09-08T08:16:47.655849Z,8259,70,CTD,65535,255,1027.64306640625
1788855407.855821,2026-09-08T08:16:47.855820Z,8259,70,CTD,65535,255,1027.6470947265625
1788855408.056301,2026-09-08T08:16:48.056301Z,8259,70,CTD,65535,255,1027.64599609375
1788855408.2561662,2026-09-08T08:16:48.256166Z,8259,70,CTD,65535,255,1027.6422119140625
1788855408.4559271,2026-09-08T08:16:48.455927Z,8259,70,CTD,65535,255,1027.6439208984375
1788855408.6561382,2026-09-08T08:16:48.656138Z,8259,70,CTD,65535,255,1027.6453857421875
1788855408.8559427,2026-09-08T08:16:48.855942Z,8259,70,CTD,65535,255,1027.64501953125
1788855409.0563333,2026-09-08T08:16:49.056333Z,8259,70,CTD,65535,255,1027.641845703125
1788855409.2560592,2026-09-08T08:16:49.256059Z,8259,70,CTD,65535,255,1027.640380859375
1788855409.4563391,2026-09-08T08:16:49.456339Z,8259,70,CTD,65535,255,1027.64453125
1788855409.6561582,2026-09-08T08:16:49.656158Z,8259,70,CTD,65535,255,1027.6483154296875
1788855409.856335,2026-09-08T08:16:49.856334Z,8259,70,CTD,65535,255,1027.6478271484375
1788855410.056606,2026-09-08T08:16:50.056606Z,8259,70,CTD,65535,255,1027.6494140625
1788855410.256414,2026-09-08T08:16:50.256413Z,8259,70,CTD,65535,255,1027.6456298828125
1788855410.456139,2026-09-08T08:16:50.456139Z,8259,70,CTD,65535,255,1027.648681640625
1788855410.656124,2026-09-08T08:16:50.656124Z,8259,70,CTD,65535,255,1027.64404296875
1788855410.8561425,2026-09-08T08:16:50.856142Z,8259,70,CTD,65535,255,1027.6434326171875
1788855411.0565941,2026-09-08T08:16:51.056594Z,8259,70,CTD,65535,255,1027.647705078125
1788855411.2561798,2026-09-08T08:16:51.256179Z,8259,70,CTD,65535,255,1027.6475830078125
1788855411.4564192,2026-09-08T08:16:51.456419Z,8259,70,CTD,65535,255,1027.6456298828125
1788855411.656124,2026-09-08T08:16:51.656124Z,8259,70,CTD,65535,255,1027.645751953125
1788855411.8561108,2026-09-08T08:16:51.856110Z,8259,70,CTD,65535,255,1027.6456298828125
1788855412.0566895,2026-09-08T08:16:52.056689Z,8259,70,CTD,65535,255,1027.646484375
1788855412.2564158,2026-09-08T08:16:52.256415Z,8259,70,CTD,65535,255,1027.6495361328125
1788855412.4561,2026-09-08T08:16:52.456099Z,8259,70,CTD,65535,255,1027.648681640625
1788855412.6563518,2026-09-08T08:16:52.656351Z,8259,70,CTD,65535,255,1027.648193359375
1788855412.856079,2026-09-08T08:16:52.856079Z,8259,70,CTD,65535,255,1027.6463623046875
1788855413.0565386,2026-09-08T08:16:53.056538Z,8259,70,CTD,65535,255,1027.6473388671875
1788855413.2561123,2026-09-08T08:16:53.256112Z,8259,70,CTD,65535,255,1027.6490478515625
1788855413.456316,2026-09-08T08:16:53.456315Z,8259,70,CTD,65535,255,1027.6495361328125
1788855413.6559978,2026-09-08T08:16:53.655997Z,8259,70,CTD,65535,255,1027.6473388671875
1788855413.8562684,2026-09-08T08:16:53.856268Z,8259,70,CTD,65535,255,1027.647216796875
1788855414.0568218,2026-09-08T08:16:54.056821Z,8259,70,CTD,65535,255,1027.6485595703125
1788855414.2563038,2026-09-08T08:16:54.256303Z,8259,70,CTD,65535,255,1027.6510009765625
1788855414.4560652,2026-09-08T08:16:54.456065Z,8259,70,CTD,65535,255,1027.649169921875
1788855414.656063,2026-09-08T08:16:54.656063Z,8259,70,CTD,65535,255,1027.646484375
1788855414.8560584,2026-09-08T08:16:54.856058Z,8259,70,CTD,65535,255,1027.64892578125
1788855415.0563862,2026-09-08T08:16:55.056386Z,8259,70,CTD,65535,255,1027.648681640625
1788855415.2563143,2026-09-08T08:16:55.256314Z,8259,70,CTD,65535,255,1027.647705078125
1788855415.45623,2026-09-08T08:16:55.456229Z,8259,70,CTD,65535,255,1027.64990234375
1788855415.6562347,2026-09-08T08:16:55.656234Z,8259,70,CTD,65535,255,1027.646728515625
1788855415.8562007,2026-09-08T08:16:55.856200Z,8259,70,CTD,65535,255,1027.650146484375
1788855416.0562625,2026-09-08T08:16:56.056262Z,8259,70,CTD,65535,255,1027.64697265625
1788855416.2563972,2026-09-08T08:16:56.256397Z,8259,70,CTD,65535,255,1027.6490478515625
1788855416.456005,2026-09-08T08:16:56.456005Z,8259,70,CTD,65535,255,1027.650146484375
1788855416.6562133,2026-09-08T08:16:56.656213Z,8259,70,CTD,65535,255,1027.6474609375
1788855416.8558471,2026-09-08T08:16:56.855847Z,8259,70,CTD,65535,255,1027.6468505859375
1788855417.0564084,2026-09-08T08:16:57.056408Z,8259,70,CTD,65535,255,1027.6490478515625
1788855417.255877,2026-09-08T08:16:57.255877Z,8259,70,CTD,65535,255,1027.64697265625
1788855417.4560926,2026-09-08T08:16:57.456092Z,8259,70,CTD,65535,255,1027.64990234375
1788855417.6560485,2026-09-08T08:16:57.656048Z,8259,70,CTD,65535,255,1027.646728515625
1788855417.8557012,2026-09-08T08:16:57.855701Z,8259,70,CTD,65535,255,1027.6478271484375
1788855418.0559983,2026-09-08T08:16:58.055998Z,8259,70,CTD,65535,255,1027.6458740234375
1788855418.255677,2026-09-08T08:16:58.255676Z,8259,70,CTD,65535,255,1027.6474609375
1788855418.4556255,2026-09-08T08:16:58.455625Z,8259,70,CTD,65535,255,1027.64697265625
1788855418.655662,2026-09-08T08:16:58.655662Z,8259,70,CTD,65535,255,1027.6456298828125
1788855418.8556206,2026-09-08T08:16:58.855620Z,8259,70,CTD,65535,255,1027.6417236328125
1788855419.0558891,2026-09-08T08:16:59.055889Z,8259,70,CTD,65535,255,1027.642578125
1788855419.2555666,2026-09-08T08:16:59.255566Z,8259,70,CTD,65535,255,1027.6409912109375
1788855419.456099,2026-09-08T08:16:59.456099Z,8259,70,CTD,65535,255,1027.640625
1788855419.6557283,2026-09-08T08:16:59.655728Z,8259,70,CTD,65535,255,1027.638916015625
1788855419.8554497,2026-09-08T08:16:59.855449Z,8259,70,CTD,65535,255,1027.638916015625
1788855420.0560095,2026-09-08T08:17:00.056009Z,8259,70,CTD,65535,255,1027.6402587890625
1788855420.2557638,2026-09-08T08:17:00.255763Z,8259,70,CTD,65535,255,1027.64208984375
1788855420.4557319,2026-09-08T08:17:00.455731Z,8259,70,CTD,65535,255,1027.6373291015625
1788855420.6556613,2026-09-08T08:17:00.655661Z,8259,70,CTD,65535,255,1027.641357421875
1788855420.8553977,2026-09-08T08:17:00.855397Z,8259,70,CTD,65535,255,1027.6407470703125
1788855421.0556798,2026-09-08T08:17:01.055679Z,8259,70,CTD,65535,255,1027.6416015625
1788855421.2556944,2026-09-08T08:17:01.255694Z,8259,70,CTD,65535,255,1027.63818359375
1788855421.4557438,2026-09-08T08:17:01.455743Z,8259,70,CTD,65535,255,1027.636474609375
1788855421.6554248,2026-09-08T08:17:01.655424Z,8259,70,CTD,65535,255,1027.638427734375
1788855421.8556793,2026-09-08T08:17:01.855679Z,8259,70,CTD,65535,255,1027.63818359375
1788855422.0558834,2026-09-08T08:17:02.055883Z,8259,70,CTD,65535,255,1027.639892578125
1788855422.2557573,2026-09-08T08:17:02.255757Z,8259,70,CTD,65535,255,1027.6376953125
1788855422.4555955,2026-09-08T08:17:02.455595Z,8259,70,CTD,65535,255,1027.6400146484375
1788855422.6566257,2026-09-08T08:17:02.656625Z,8259,70,CTD,65535,255,1027.64453125
1788855422.85545,2026-09-08T08:17:02.855449Z,8259,70,CTD,65535,255,1027.64404296875
1788855423.0560129,2026-09-08T08:17:03.056012Z,8259,70,CTD,65535,255,1027.6380615234375
1788855423.2555327,2026-09-08T08:17:03.255532Z,8259,70,CTD,65535,255,1027.63916015625
1788855423.4554918,2026-09-08T08:17:03.455491Z,8259,70,CTD,65535,255,1027.640869140625
1788855423.6576269,2026-09-08T08:17:03.657626Z,8259,70,CTD,65535,255,1027.6375732421875
1788855423.8557885,2026-09-08T08:17:03.855788Z,8259,70,CTD,65535,255,1027.641357421875
1788855424.0559046,2026-09-08T08:17:04.055904Z,8259,70,CTD,65535,255,1027.6353759765625
1788855424.2557895,2026-09-08T08:17:04.255789Z,8259,70,CTD,65535,255,1027.6353759765625
1788855424.4554815,2026-09-08T08:17:04.455481Z,8259,70,CTD,65535,255,1027.6385498046875
1788855424.655459,2026-09-08T08:17:04.655458Z,8259,70,CTD,65535,255,1027.636474609375
1788855424.855473,2026-09-08T08:17:04.855473Z,8259,70,CTD,65535,255,1027.639892578125
1788855425.055685,2026-09-08T08:17:05.055685Z,8259,70,CTD,65535,255,1027.636962890625
1788855425.2555292,2026-09-08T08:17:05.255529Z,8259,70,CTD,65535,255,1027.6390380859375
1788855425.4557643,2026-09-08T08:17:05.455764Z,8259,70,CTD,65535,255,1027.63916015625
1788855425.6554697,2026-09-08T08:17:05.655469Z,8259,70,CTD,65535,255,1027.6346435546875
1788855425.8557248,2026-09-08T08:17:05.855724Z,8259,70,CTD,65535,255,1027.6383056640625
1788855426.0559282,2026-09-08T08:17:06.055928Z,8259,70,CTD,65535,255,1027.6385498046875
1788855426.255785,2026-09-08T08:17:06.255784Z,8259,70,CTD,65535,255,1027.6380615234375
1788855426.4554765,2026-09-08T08:17:06.455476Z,8259,70,CTD,65535,255,1027.635498046875
1788855426.6554382,2026-09-08T08:17:06.655438Z,8259,70,CTD,65535,255,1027.6395263671875
1788855426.8554356,2026-09-08T08:17:06.855435Z,8259,70,CTD,65535,255,1027.63623046875
1788855427.05573,2026-09-08T08:17:07.055730Z,8259,70,CTD,65535,255,1027.636962890625
1788855427.2557225,2026-09-08T08:17:07.255722Z,8259,70,CTD,65535,255,1027.6368408203125
1788855427.4556148,2026-09-08T08:17:07.455614Z,8259,70,CTD,65535,255,1027.6361083984375
1788855427.6555235,2026-09-08T08:17:07.655523Z,8259,70,CTD,65535,255,1027.6368408203125
1788855427.8554575,2026-09-08T08:17:07.855457Z,8259,70,CTD,65535,255,1027.635986328125
1788855428.055963,2026-09-08T08:17:08.055963Z,8259,70,CTD,65535,255,1027.6356201171875
1788855428.2559714,2026-09-08T08:17:08.255971Z,8259,70,CTD,65535,255,1027.63671875
1788855428.4560027,2026-09-08T08:17:08.456002Z,8259,70,CTD,65535,255,1027.63818359375
1788855428.6559172,2026-09-08T08:17:08.655917Z,8259,70,CTD,65535,255,1027.6373291015625
1788855428.8560524,2026-09-08T08:17:08.856052Z,8259,70,CTD,65535,255,1027.63818359375
1788855429.056572,2026-09-08T08:17:09.056571Z,8259,70,CTD,65535,255,1027.6409912109375
1788855429.2565074,2026-09-08T08:17:09.256507Z,8259,70,CTD,65535,255,1027.6378173828125
1788855429.456477,2026-09-08T08:17:09.456476Z,8259,70,CTD,65535,255,1027.6387939453125
1788855429.6566124,2026-09-08T08:17:09.656612Z,8259,70,CTD,65535,255,1027.63916015625
1788855429.8566504,2026-09-08T08:17:09.856650Z,8259,70,CTD,65535,255,1027.637451171875
1788855430.0572617,2026-09-08T08:17:10.057261Z,8259,70,CTD,65535,255,1027.639892578125
1788855430.256978,2026-09-08T08:17:10.256978Z,8259,70,CTD,65535,255,1027.639892578125
1788855430.4571934,2026-09-08T08:17:10.457193Z,8259,70,CTD,65535,255,1027.638427734375
1788855430.657175,2026-09-08T08:17:10.657175Z,8259,70,CTD,65535,255,1027.6380615234375
1788855430.856962,2026-09-08T08:17:10.856961Z,8259,70,CTD,65535,255,1027.6385498046875
1788855431.0574768,2026-09-08T08:17:11.057476Z,8259,70,CTD,65535,255,1027.635498046875
1788855431.2572467,2026-09-08T08:17:11.257246Z,8259,70,CTD,65535,255,1027.63623046875
1788855431.4572566,2026-09-08T08:17:11.457256Z,8259,70,CTD,65535,255,1027.6412353515625
1788855431.6585486,2026-09-08T08:17:11.658548Z,8259,70,CTD,65535,255,1027.6390380859375
1788855431.8570356,2026-09-08T08:17:11.857035Z,8259,70,CTD,65535,255,1027.6353759765625
1788855432.0573435,2026-09-08T08:17:12.057343Z,8259,70,CTD,65535,255,1027.6361083984375
1788855432.257144,2026-09-08T08:17:12.257143Z,8259,70,CTD,65535,255,1027.63916015625
1788855432.4568927,2026-09-08T08:17:12.456892Z,8259,70,CTD,65535,255,1027.63916015625
1788855432.6570022,2026-09-08T08:17:12.657002Z,8259,70,CTD,65535,255,1027.6378173828125
1788855432.856827,2026-09-08T08:17:12.856827Z,8259,70,CTD,65535,255,1027.6417236328125
1788855433.05725,2026-09-08T08:17:13.057250Z,8259,70,CTD,65535,255,1027.635498046875
1788855433.2569668,2026-09-08T08:17:13.256966Z,8259,70,CTD,65535,255,1027.6326904296875
1788855433.4569774,2026-09-08T08:17:13.456977Z,8259,70,CTD,65535,255,1027.634033203125
1788855433.6572108,2026-09-08T08:17:13.657210Z,8259,70,CTD,65535,255,1027.6331787109375
1788855433.8571181,2026-09-08T08:17:13.857118Z,8259,70,CTD,65535,255,1027.637451171875
1788855434.0573258,2026-09-08T08:17:14.057325Z,8259,70,CTD,65535,255,1027.6365966796875
1788855434.2574375,2026-09-08T08:17:14.257437Z,8259,70,CTD,65535,255,1027.6405029296875
1788855434.4572787,2026-09-08T08:17:14.457278Z,8259,70,CTD,65535,255,1027.6331787109375
1788855434.6572447,2026-09-08T08:17:14.657244Z,8259,70,CTD,65535,255,1027.6395263671875
1788855434.8572307,2026-09-08T08:17:14.857230Z,8259,70,CTD,65535,255,1027.6378173828125
1788855435.0573983,2026-09-08T08:17:15.057398Z,8259,70,CTD,65535,255,1027.640625
1788855435.257107,2026-09-08T08:17:15.257107Z,8259,70,CTD,65535,255,1027.640380859375
1788855435.4569793,2026-09-08T08:17:15.456979Z,8259,70,CTD,65535,255,1027.636962890625
1788855435.6568456,2026-09-08T08:17:15.656845Z,8259,70,CTD,65535,255,1027.637939453125
1788855435.8565643,2026-09-08T08:17:15.856564Z,8259,70,CTD,65535,255,1027.6387939453125
1788855436.0567205,2026-09-08T08:17:16.056720Z,8259,70,CTD,65535,255,1027.637451171875
1788855436.256608,2026-09-08T08:17:16.256608Z,8259,70,CTD,65535,255,1027.637451171875
1788855436.4563444,2026-09-08T08:17:16.456344Z,8259,70,CTD,65535,255,1027.6375732421875
1788855436.6561937,2026-09-08T08:17:16.656193Z,8259,70,CTD,65535,255,1027.6405029296875
1788855436.8559077,2026-09-08T08:17:16.855907Z,8259,70,CTD,65535,255,1027.6353759765625
1788855437.0560362,2026-09-08T08:17:17.056036Z,8259,70,CTD,65535,255,1027.639892578125
1788855437.25579,2026-09-08T08:17:17.255789Z,8259,70,CTD,65535,255,1027.6397705078125
1788855437.4555392,2026-09-08T08:17:17.455539Z,8259,70,CTD,65535,255,1027.637939453125
1788855437.6553478,2026-09-08T08:17:17.655347Z,8259,70,CTD,65535,255,1027.6368408203125
1788855437.8553076,2026-09-08T08:17:17.855307Z,8259,70,CTD,65535,255,1027.6370849609375
1788855438.05544,2026-09-08T08:17:18.055439Z,8259,70,CTD,65535,255,1027.6402587890625
1788855438.2551699,2026-09-08T08:17:18.255169Z,8259,70,CTD,65535,255,1027.636962890625
1788855438.4550004,2026-09-08T08:17:18.455000Z,8259,70,CTD,65535,255,1027.6396484375
1788855438.654992,2026-09-08T08:17:18.654992Z,8259,70,CTD,65535,255,1027.63818359375
1788855438.8549995,2026-09-08T08:17:18.854999Z,8259,70,CTD,65535,255,1027.640380859375
1788855439.0552444,2026-09-08T08:17:19.055244Z,8259,70,CTD,65535,255,1027.6392822265625
1788855439.2550545,2026-09-08T08:17:19.255054Z,8259,70,CTD,65535,255,1027.6412353515625
1788855439.4551682,2026-09-08T08:17:19.455168Z,8259,70,CTD,65535,255,1027.6392822265625
1788855439.6551616,2026-09-08T08:17:19.655161Z,8259,70,CTD,65535,255,1027.635986328125
1788855439.8548195,2026-09-08T08:17:19.854819Z,8259,70,CTD,65535,255,1027.63623046875
1788855440.0554628,2026-09-08T08:17:20.055462Z,8259,70,CTD,65535,255,1027.6363525390625
1788855440.2550008,2026-09-08T08:17:20.255000Z,8259,70,CTD,65535,255,1027.639892578125
1788855440.45519,2026-09-08T08:17:20.455189Z,8259,70,CTD,65535,255,1027.637939453125
1788855440.655215,2026-09-08T08:17:20.655215Z,8259,70,CTD,65535,255,1027.6376953125
1788855440.855301,2026-09-08T08:17:20.855300Z,8259,70,CTD,65535,255,1027.64013671875
1788855441.055458,2026-09-08T08:17:21.055458Z,8259,70,CTD,65535,255,1027.6380615234375
1788855441.2554207,2026-09-08T08:17:21.255420Z,8259,70,CTD,65535,255,1027.6385498046875
1788855441.4555228,2026-09-08T08:17:21.455522Z,8259,70,CTD,65535,255,1027.638671875
1788855441.6554549,2026-09-08T08:17:21.655454Z,8259,70,CTD,65535,255,1027.6400146484375
1788855441.8554611,2026-09-08T08:17:21.855461Z,8259,70,CTD,65535,255,1027.635986328125
1788855442.0556512,2026-09-08T08:17:22.055651Z,8259,70,CTD,65535,255,1027.640380859375
1788855442.255416,2026-09-08T08:17:22.255415Z,8259,70,CTD,65535,255,1027.6407470703125
1788855442.4554274,2026-09-08T08:17:22.455427Z,8259,70,CTD,65535,255,1027.6402587890625
1788855442.6553855,2026-09-08T08:17:22.655385Z,8259,70,CTD,65535,255,1027.6392822265625
1788855442.8556273,2026-09-08T08:17:22.855627Z,8259,70,CTD,65535,255,1027.6397705078125
1788855443.0558445,2026-09-08T08:17:23.055844Z,8259,70,CTD,65535,255,1027.64111328125
1788855443.2556665,2026-09-08T08:17:23.255666Z,8259,70,CTD,65535,255,1027.638671875
1788855443.4555714,2026-09-08T08:17:23.455571Z,8259,70,CTD,65535,255,1027.6361083984375
1788855443.6555557,2026-09-08T08:17:23.655555Z,8259,70,CTD,65535,255,1027.641357421875
1788855443.855536,2026-09-08T08:17:23.855535Z,8259,70,CTD,65535,255,1027.6422119140625
1788855444.0563774,2026-09-08T08:17:24.056377Z,8259,70,CTD,65535,255,1027.6387939453125
1788855444.2557118,2026-09-08T08:17:24.255711Z,8259,70,CTD,65535,255,1027.6368408203125
1788855444.455595,2026-09-08T08:17:24.455595Z,8259,70,CTD,65535,255,1027.6387939453125
1788855444.6555426,2026-09-08T08:17:24.655542Z,8259,70,CTD,65535,255,1027.6407470703125
1788855444.8556218,2026-09-08T08:17:24.855621Z,8259,70,CTD,65535,255,1027.6373291015625
1788855445.0559468,2026-09-08T08:17:25.055946Z,8259,70,CTD,65535,255,1027.6365966796875
1788855445.255634,2026-09-08T08:17:25.255634Z,8259,70,CTD,65535,255,1027.6370849609375
1788855445.4555945,2026-09-08T08:17:25.455594Z,8259,70,CTD,65535,255,1027.635986328125
1788855445.6555483,2026-09-08T08:17:25.655548Z,8259,70,CTD,65535,255,1027.6405029296875
1788855445.8558843,2026-09-08T08:17:25.855884Z,8259,70,CTD,65535,255,1027.6383056640625
1788855446.0557392,2026-09-08T08:17:26.055739Z,8259,70,CTD,65535,255,1027.6395263671875
1788855446.2555635,2026-09-08T08:17:26.255563Z,8259,70,CTD,65535,255,1027.639892578125
1788855446.4554565,2026-09-08T08:17:26.455456Z,8259,70,CTD,65535,255,1027.6370849609375
1788855446.6553288,2026-09-08T08:17:26.655328Z,8259,70,CTD,65535,255,1027.638671875
1788855446.855414,2026-09-08T08:17:26.855413Z,8259,70,CTD,65535,255,1027.6375732421875
1788855447.055792,2026-09-08T08:17:27.055792Z,8259,70,CTD,65535,255,1027.63720703125
1788855447.2554631,2026-09-08T08:17:27.255463Z,8259,70,CTD,65535,255,1027.63330078125
1788855447.4555433,2026-09-08T08:17:27.455543Z,8259,70,CTD,65535,255,1027.63818359375
1788855447.6554525,2026-09-08T08:17:27.655452Z,8259,70,CTD,65535,255,1027.635986328125
1788855447.8554301,2026-09-08T08:17:27.855430Z,8259,70,CTD,65535,255,1027.636962890625
1788855448.0557582,2026-09-08T08:17:28.055758Z,8259,70,CTD,65535,255,1027.6353759765625
1788855448.255396,2026-09-08T08:17:28.255395Z,8259,70,CTD,65535,255,1027.637939453125
1788855448.4556074,2026-09-08T08:17:28.455607Z,8259,70,CTD,65535,255,1027.6365966796875
1788855448.655448,2026-09-08T08:17:28.655447Z,8259,70,CTD,65535,255,1027.6375732421875
1788855448.8553085,2026-09-08T08:17:28.855308Z,8259,70,CTD,65535,255,1027.638916015625
1788855449.0555143,2026-09-08T08:17:29.055514Z,8259,70,CTD,65535,255,1027.6395263671875
1788855449.2550561,2026-09-08T08:17:29.255056Z,8259,70,CTD,65535,255,1027.635986328125
1788855449.4549613,2026-09-08T08:17:29.454961Z,8259,70,CTD,65535,255,1027.639892578125
1788855449.654472,2026-09-08T08:17:29.654472Z,8259,70,CTD,65535,255,1027.6378173828125
1788855449.8539531,2026-09-08T08:17:29.853953Z,8259,70,CTD,65535,255,1027.6370849609375
1788855450.053904,2026-09-08T08:17:30.053904Z,8259,70,CTD,65535,255,1027.6326904296875
1788855450.2533355,2026-09-08T08:17:30.253335Z,8259,70,CTD,65535,255,1027.6390380859375
1788855450.452891,2026-09-08T08:17:30.452891Z,8259,70,CTD,65535,255,1027.6376953125
1788855450.652453,2026-09-08T08:17:30.652452Z,8259,70,CTD,65535,255,1027.6336669921875
1788855450.852051,2026-09-08T08:17:30.852051Z,8259,70,CTD,65535,255,1027.635498046875
1788855451.052233,2026-09-08T08:17:31.052232Z,8259,70,CTD,65535,255,1027.6370849609375
1788855451.2517571,2026-09-08T08:17:31.251757Z,8259,70,CTD,65535,255,1027.6368408203125
1788855451.4516237,2026-09-08T08:17:31.451623Z,8259,70,CTD,65535,255,1027.636474609375
1788855451.6513007,2026-09-08T08:17:31.651300Z,8259,70,CTD,65535,255,1027.6358642578125
1788855451.8512201,2026-09-08T08:17:31.851220Z,8259,70,CTD,65535,255,1027.6390380859375
1788855452.05132,2026-09-08T08:17:32.051320Z,8259,70,CTD,65535,255,1027.6387939453125
1788855452.251383,2026-09-08T08:17:32.251383Z,8259,70,CTD,65535,255,1027.6385498046875
1788855452.4510753,2026-09-08T08:17:32.451075Z,8259,70,CTD,65535,255,1027.635498046875
1788855452.65127,2026-09-08T08:17:32.651269Z,8259,70,CTD,65535,255,1027.6368408203125
1788855452.8513474,2026-09-08T08:17:32.851347Z,8259,70,CTD,65535,255,1027.6356201171875
1788855453.05165,2026-09-08T08:17:33.051650Z,8259,70,CTD,65535,255,1027.6361083984375
1788855453.2516017,2026-09-08T08:17:33.251601Z,8259,70,CTD,65535,255,1027.6376953125
1788855453.4517648,2026-09-08T08:17:33.451764Z,8259,70,CTD,65535,255,1027.63720703125
1788855453.6522608,2026-09-08T08:17:33.652260Z,8259,70,CTD,65535,255,1027.636962890625
1788855453.8524823,2026-09-08T08:17:33.852482Z,8259,70,CTD,65535,255,1027.6363525390625
1788855454.0527601,2026-09-08T08:17:34.052760Z,8259,70,CTD,65535,255,1027.6373291015625
1788855454.2528126,2026-09-08T08:17:34.252812Z,8259,70,CTD,65535,255,1027.636474609375
1788855454.4527855,2026-09-08T08:17:34.452785Z,8259,70,CTD,65535,255,1027.6396484375
1788855454.6529984,2026-09-08T08:17:34.652998Z,8259,70,CTD,65535,255,1027.6397705078125
1788855454.8529928,2026-09-08T08:17:34.852992Z,8259,70,CTD,65535,255,1027.6390380859375
1788855455.0533922,2026-09-08T08:17:35.053392Z,8259,70,CTD,65535,255,1027.6361083984375
1788855455.2531235,2026-09-08T08:17:35.253123Z,8259,70,CTD,65535,255,1027.6396484375
1788855455.4529874,2026-09-08T08:17:35.452987Z,8259,70,CTD,65535,255,1027.6375732421875
1788855455.6529953,2026-09-08T08:17:35.652995Z,8259,70,CTD,65535,255,1027.63671875
1788855455.852935,2026-09-08T08:17:35.852935Z,8259,70,CTD,65535,255,1027.6407470703125
1788855456.0532722,2026-09-08T08:17:36.053272Z,8259,70,CTD,65535,255,1027.642333984375
1788855456.2529523,2026-09-08T08:17:36.252952Z,8259,70,CTD,65535,255,1027.6392822265625
1788855456.4528377,2026-09-08T08:17:36.452837Z,8259,70,CTD,65535,255,1027.6351318359375
1788855456.652784,2026-09-08T08:17:36.652784Z,8259,70,CTD,65535,255,1027.6363525390625
1788855456.852771,2026-09-08T08:17:36.852771Z,8259,70,CTD,65535,255,1027.6353759765625
1788855457.0530362,2026-09-08T08:17:37.053036Z,8259,70,CTD,65535,255,1027.63427734375
1788855457.2527092,2026-09-08T08:17:37.252709Z,8259,70,CTD,65535,255,1027.636474609375
1788855457.452604,2026-09-08T08:17:37.452604Z,8259,70,CTD,65535,255,1027.6375732421875
1788855457.652681,2026-09-08T08:17:37.652681Z,8259,70,CTD,65535,255,1027.6365966796875
1788855457.8525825,2026-09-08T08:17:37.852582Z,8259,70,CTD,65535,255,1027.6427001953125
1788855458.0529609,2026-09-08T08:17:38.052960Z,8259,70,CTD,65535,255,1027.6396484375
1788855458.2525454,2026-09-08T08:17:38.252545Z,8259,70,CTD,65535,255,1027.636962890625
1788855458.4525964,2026-09-08T08:17:38.452596Z,8259,70,CTD,65535,255,1027.6407470703125
1788855458.6525598,2026-09-08T08:17:38.652559Z,8259,70,CTD,65535,255,1027.638427734375
1788855458.8525338,2026-09-08T08:17:38.852533Z,8259,70,CTD,65535,255,1027.642578125
1788855459.0529404,2026-09-08T08:17:39.052940Z,8259,70,CTD,65535,255,1027.6441650390625
1788855459.2527766,2026-09-08T08:17:39.252776Z,8259,70,CTD,65535,255,1027.6378173828125
1788855459.4526198,2026-09-08T08:17:39.452619Z,8259,70,CTD,65535,255,1027.63720703125
1788855459.6528218,2026-09-08T08:17:39.652821Z,8259,70,CTD,65535,255,1027.6434326171875
1788855459.8524914,2026-09-08T08:17:39.852491Z,8259,70,CTD,65535,255,1027.638427734375
1788855460.0529387,2026-09-08T08:17:40.052938Z,8259,70,CTD,65535,255,1027.636474609375
1788855460.252554,2026-09-08T08:17:40.252553Z,8259,70,CTD,65535,255,1027.6383056640625
1788855460.452559,2026-09-08T08:17:40.452558Z,8259,70,CTD,65535,255,1027.63671875
1788855460.6525857,2026-09-08T08:17:40.652585Z,8259,70,CTD,65535,255,1027.6378173828125
1788855460.8524833,2026-09-08T08:17:40.852483Z,8259,70,CTD,65535,255,1027.638427734375
1788855461.0527406,2026-09-08T08:17:41.052740Z,8259,70,CTD,65535,255,1027.634033203125
1788855461.2525716,2026-09-08T08:17:41.252571Z,8259,70,CTD,65535,255,1027.63916015625
1788855461.4524846,2026-09-08T08:17:41.452484Z,8259,70,CTD,65535,255,1027.6383056640625
1788855461.6525266,2026-09-08T08:17:41.652526Z,8259,70,CTD,65535,255,1027.638916015625
1788855461.8526428,2026-09-08T08:17:41.852642Z,8259,70,CTD,65535,255,1027.638671875
1788855462.05281,2026-09-08T08:17:42.052809Z,8259,70,CTD,65535,255,1027.6380615234375
1788855462.2528825,2026-09-08T08:17:42.252882Z,8259,70,CTD,65535,255,1027.6385498046875
1788855462.452786,2026-09-08T08:17:42.452785Z,8259,70,CTD,65535,255,1027.6376953125
1788855462.6528983,2026-09-08T08:17:42.652898Z,8259,70,CTD,65535,255,1027.6356201171875
1788855462.8532465,2026-09-08T08:17:42.853246Z,8259,70,CTD,65535,255,1027.6387939453125
1788855463.053647,2026-09-08T08:17:43.053647Z,8259,70,CTD,65535,255,1027.6400146484375
1788855463.2534866,2026-09-08T08:17:43.253486Z,8259,70,CTD,65535,255,1027.638427734375
1788855463.453395,2026-09-08T08:17:43.453394Z,8259,70,CTD,65535,255,1027.63818359375
1788855463.6533709,2026-09-08T08:17:43.653370Z,8259,70,CTD,65535,255,1027.634765625
1788855463.8531933,2026-09-08T08:17:43.853193Z,8259,70,CTD,65535,255,1027.64208984375
1788855464.0536833,2026-09-08T08:17:44.053683Z,8259,70,CTD,65535,255,1027.6376953125
1788855464.2537541,2026-09-08T08:17:44.253754Z,8259,70,CTD,65535,255,1027.6392822265625
1788855464.4539678,2026-09-08T08:17:44.453967Z,8259,70,CTD,65535,255,1027.6356201171875
1788855464.6544719,2026-09-08T08:17:44.654471Z,8259,70,CTD,65535,255,1027.6373291015625
1788855464.85456,2026-09-08T08:17:44.854559Z,8259,70,CTD,65535,255,1027.6387939453125
1788855465.055202,2026-09-08T08:17:45.055202Z,8259,70,CTD,65535,255,1027.6358642578125
1788855465.2556167,2026-09-08T08:17:45.255616Z,8259,70,CTD,65535,255,1027.639404296875
1788855465.455952,2026-09-08T08:17:45.455951Z,8259,70,CTD,65535,255,1027.6378173828125
1788855465.6563363,2026-09-08T08:17:45.656336Z,8259,70,CTD,65535,255,1027.6375732421875
1788855465.8565612,2026-09-08T08:17:45.856561Z,8259,70,CTD,65535,255,1027.6390380859375
1788855466.0573652,2026-09-08T08:17:46.057365Z,8259,70,CTD,65535,255,1027.64208984375
1788855466.2571888,2026-09-08T08:17:46.257188Z,8259,70,CTD,65535,255,1027.6356201171875
1788855466.4574919,2026-09-08T08:17:46.457491Z,8259,70,CTD,65535,255,1027.638427734375
1788855466.65761,2026-09-08T08:17:46.657609Z,8259,70,CTD,65535,255,1027.637939453125
1788855466.8574305,2026-09-08T08:17:46.857430Z,8259,70,CTD,65535,255,1027.63916015625
1788855467.0578942,2026-09-08T08:17:47.057894Z,8259,70,CTD,65535,255,1027.6409912109375
1788855467.2577865,2026-09-08T08:17:47.257786Z,8259,70,CTD,65535,255,1027.636474609375
1788855467.4577441,2026-09-08T08:17:47.457744Z,8259,70,CTD,65535,255,1027.6365966796875
1788855467.6575196,2026-09-08T08:17:47.657519Z,8259,70,CTD,65535,255,1027.63720703125
1788855467.8573942,2026-09-08T08:17:47.857394Z,8259,70,CTD,65535,255,1027.63671875
1788855468.0576448,2026-09-08T08:17:48.057644Z,8259,70,CTD,65535,255,1027.639892578125
1788855468.2572153,2026-09-08T08:17:48.257215Z,8259,70,CTD,65535,255,1027.638427734375
1788855468.457118,2026-09-08T08:17:48.457118Z,8259,70,CTD,65535,255,1027.63623046875
1788855468.6569455,2026-09-08T08:17:48.656945Z,8259,70,CTD,65535,255,1027.640869140625
1788855468.85672,2026-09-08T08:17:48.856719Z,8259,70,CTD,65535,255,1027.6353759765625
1788855469.0568643,2026-09-08T08:17:49.056864Z,8259,70,CTD,65535,255,1027.6375732421875
1788855469.256532,2026-09-08T08:17:49.256531Z,8259,70,CTD,65535,255,1027.6383056640625
1788855469.4566264,2026-09-08T08:17:49.456626Z,8259,70,CTD,65535,255,1027.637939453125
1788855469.656188,2026-09-08T08:17:49.656188Z,8259,70,CTD,65535,255,1027.6397705078125
1788855469.856098,2026-09-08T08:17:49.856097Z,8259,70,CTD,65535,255,1027.638427734375
1788855470.0565295,2026-09-08T08:17:50.056529Z,8259,70,CTD,65535,255,1027.6370849609375
1788855470.2559996,2026-09-08T08:17:50.255999Z,8259,70,CTD,65535,255,1027.63671875
1788855470.455911,2026-09-08T08:17:50.455910Z,8259,70,CTD,65535,255,1027.6417236328125
1788855470.655895,2026-09-08T08:17:50.655894Z,8259,70,CTD,65535,255,1027.6396484375
1788855470.8559153,2026-09-08T08:17:50.855915Z,8259,70,CTD,65535,255,1027.638671875
1788855471.0561583,2026-09-08T08:17:51.056158Z,8259,70,CTD,65535,255,1027.6375732421875
1788855471.2557538,2026-09-08T08:17:51.255753Z,8259,70,CTD,65535,255,1027.63623046875
1788855471.4555936,2026-09-08T08:17:51.455593Z,8259,70,CTD,65535,255,1027.6370849609375
1788855471.6555786,2026-09-08T08:17:51.655578Z,8259,70,CTD,65535,255,1027.6392822265625
1788855471.8555584,2026-09-08T08:17:51.855558Z,8259,70,CTD,65535,255,1027.6392822265625
1788855472.0558872,2026-09-08T08:17:52.055887Z,8259,70,CTD,65535,255,1027.63818359375
1788855472.255478,2026-09-08T08:17:52.255477Z,8259,70,CTD,65535,255,1027.641357421875
1788855472.4554482,2026-09-08T08:17:52.455448Z,8259,70,CTD,65535,255,1027.638671875
1788855472.6554556,2026-09-08T08:17:52.655455Z,8259,70,CTD,65535,255,1027.63623046875
1788855472.855264,2026-09-08T08:17:52.855263Z,8259,70,CTD,65535,255,1027.6378173828125
1788855473.0557618,2026-09-08T08:17:53.055761Z,8259,70,CTD,65535,255,1027.6387939453125
1788855473.2554867,2026-09-08T08:17:53.255486Z,8259,70,CTD,65535,255,1027.6400146484375
1788855473.4553595,2026-09-08T08:17:53.455359Z,8259,70,CTD,65535,255,1027.63720703125
1788855473.6553843,2026-09-08T08:17:53.655384Z,8259,70,CTD,65535,255,1027.6376953125
1788855473.8552644,2026-09-08T08:17:53.855264Z,8259,70,CTD,65535,255,1027.6387939453125
1788855474.0559373,2026-09-08T08:17:54.055937Z,8259,70,CTD,65535,255,1027.638427734375
1788855474.2553487,2026-09-08T08:17:54.255348Z,8259,70,CTD,65535,255,1027.6356201171875
1788855474.4554431,2026-09-08T08:17:54.455443Z,8259,70,CTD,65535,255,1027.6351318359375
1788855474.6551857,2026-09-08T08:17:54.655185Z,8259,70,CTD,65535,255,1027.6419677734375
1788855474.855242,2026-09-08T08:17:54.855242Z,8259,70,CTD,65535,255,1027.6376953125
1788855475.0556998,2026-09-08T08:17:55.055699Z,8259,70,CTD,65535,255,1027.640625
1788855475.255304,2026-09-08T08:17:55.255304Z,8259,70,CTD,65535,255,1027.6395263671875
1788855475.4553864,2026-09-08T08:17:55.455386Z,8259,70,CTD,65535,255,1027.6385498046875
1788855475.655169,2026-09-08T08:17:55.655169Z,8259,70,CTD,65535,255,1027.635986328125
1788855475.8554063,2026-09-08T08:17:55.855406Z,8259,70,CTD,65535,255,1027.6412353515625
1788855476.0558019,2026-09-08T08:17:56.055801Z,8259,70,CTD,65535,255,1027.6390380859375
1788855476.255523,2026-09-08T08:17:56.255522Z,8259,70,CTD,65535,255,1027.6409912109375
1788855476.4554877,2026-09-08T08:17:56.455487Z,8259,70,CTD,65535,255,1027.6407470703125
1788855476.6554368,2026-09-08T08:17:56.655436Z,8259,70,CTD,65535,255,1027.637451171875
1788855476.8551743,2026-09-08T08:17:56.855174Z,8259,70,CTD,65535,255,1027.64013671875
1788855477.0557497,2026-09-08T08:17:57.055749Z,8259,70,CTD,65535,255,1027.6409912109375
1788855477.2554505,2026-09-08T08:17:57.255450Z,8259,70,CTD,65535,255,1027.640869140625
1788855477.4557745,2026-09-08T08:17:57.455774Z,8259,70,CTD,65535,255,1027.6387939453125
1788855477.6559134,2026-09-08T08:17:57.655913Z,8259,70,CTD,65535,255,1027.6395263671875
1788855477.8559284,2026-09-08T08:17:57.855928Z,8259,70,CTD,65535,255,1027.6397705078125
1788855478.0563335,2026-09-08T08:17:58.056333Z,8259,70,CTD,65535,255,1027.63818359375
1788855478.2563486,2026-09-08T08:17:58.256348Z,8259,70,CTD,65535,255,1027.639404296875
1788855478.456416,2026-09-08T08:17:58.456415Z,8259,70,CTD,65535,255,1027.640380859375
1788855478.6565058,2026-09-08T08:17:58.656505Z,8259,70,CTD,65535,255,1027.635986328125
1788855478.856697,2026-09-08T08:17:58.856697Z,8259,70,CTD,65535,255,1027.6392822265625
1788855479.0570357,2026-09-08T08:17:59.057035Z,8259,70,CTD,65535,255,1027.6427001953125
1788855479.2562873,2026-09-08T08:17:59.256287Z,8259,70,CTD,65535,255,1027.63720703125
1788855479.4561465,2026-09-08T08:17:59.456146Z,8259,70,CTD,65535,255,1027.6434326171875
1788855479.6555018,2026-09-08T08:17:59.655501Z,8259,70,CTD,65535,255,1027.63818359375
1788855479.8552494,2026-09-08T08:17:59.855249Z,8259,70,CTD,65535,255,1027.638427734375
1788855480.0550914,2026-09-08T08:18:00.055091Z,8259,70,CTD,65535,255,1027.6380615234375
1788855480.2544165,2026-09-08T08:18:00.254416Z,8259,70,CTD,65535,255,1027.6365966796875
1788855480.4539607,2026-09-08T08:18:00.453960Z,8259,70,CTD,65535,255,1027.64306640625
1788855480.6533911,2026-09-08T08:18:00.653391Z,8259,70,CTD,65535,255,1027.6441650390625
1788855480.8528807,2026-09-08T08:18:00.852880Z,8259,70,CTD,65535,255,1027.6416015625
1788855481.0527468,2026-09-08T08:18:01.052746Z,8259,70,CTD,65535,255,1027.6412353515625
1788855481.2523668,2026-09-08T08:18:01.252366Z,8259,70,CTD,65535,255,1027.6417236328125
1788855481.4521077,2026-09-08T08:18:01.452107Z,8259,70,CTD,65535,255,1027.64208984375
1788855481.651724,2026-09-08T08:18:01.651724Z,8259,70,CTD,65535,255,1027.6416015625
1788855481.851543,2026-09-08T08:18:01.851542Z,8259,70,CTD,65535,255,1027.638671875
1788855482.051681,2026-09-08T08:18:02.051681Z,8259,70,CTD,65535,255,1027.6402587890625
1788855482.2513475,2026-09-08T08:18:02.251347Z,8259,70,CTD,65535,255,1027.6419677734375
1788855482.451496,2026-09-08T08:18:02.451495Z,8259,70,CTD,65535,255,1027.640869140625
1788855482.6514876,2026-09-08T08:18:02.651487Z,8259,70,CTD,65535,255,1027.64208984375
1788855482.851506,2026-09-08T08:18:02.851505Z,8259,70,CTD,65535,255,1027.642822265625
1788855483.0518327,2026-09-08T08:18:03.051832Z,8259,70,CTD,65535,255,1027.6416015625
1788855483.2516348,2026-09-08T08:18:03.251634Z,8259,70,CTD,65535,255,1027.643310546875
1788855483.4518144,2026-09-08T08:18:03.451814Z,8259,70,CTD,65535,255,1027.64111328125
1788855483.651931,2026-09-08T08:18:03.651931Z,8259,70,CTD,65535,255,1027.64208984375
1788855483.8519356,2026-09-08T08:18:03.851935Z,8259,70,CTD,65535,255,1027.638916015625
1788855484.0524242,2026-09-08T08:18:04.052424Z,8259,70,CTD,65535,255,1027.6402587890625
1788855484.2522745,2026-09-08T08:18:04.252274Z,8259,70,CTD,65535,255,1027.642333984375
1788855484.4524431,2026-09-08T08:18:04.452443Z,8259,70,CTD,65535,255,1027.638916015625
1788855484.6523044,2026-09-08T08:18:04.652304Z,8259,70,CTD,65535,255,1027.6439208984375
1788855484.8525534,2026-09-08T08:18:04.852553Z,8259,70,CTD,65535,255,1027.6402587890625
1788855485.0528314,2026-09-08T08:18:05.052831Z,8259,70,CTD,65535,255,1027.64404296875
1788855485.252683,2026-09-08T08:18:05.252682Z,8259,70,CTD,65535,255,1027.6385498046875
1788855485.4527032,2026-09-08T08:18:05.452703Z,8259,70,CTD,65535,255,1027.6441650390625
1788855485.6527598,2026-09-08T08:18:05.652759Z,8259,70,CTD,65535,255,1027.64404296875
1788855485.8529167,2026-09-08T08:18:05.852916Z,8259,70,CTD,65535,255,1027.641845703125
1788855486.053243,2026-09-08T08:18:06.053242Z,8259,70,CTD,65535,255,1027.6427001953125
1788855486.25321,2026-09-08T08:18:06.253210Z,8259,70,CTD,65535,255,1027.641357421875
1788855486.453227,2026-09-08T08:18:06.453227Z,8259,70,CTD,65535,255,1027.6427001953125
1788855486.6532233,2026-09-08T08:18:06.653223Z,8259,70,CTD,65535,255,1027.643798828125
1788855486.85305,2026-09-08T08:18:06.853049Z,8259,70,CTD,65535,255,1027.643798828125
1788855487.0533438,2026-09-08T08:18:07.053343Z,8259,70,CTD,65535,255,1027.6444091796875
1788855487.2531624,2026-09-08T08:18:07.253162Z,8259,70,CTD,65535,255,1027.6458740234375
1788855487.453147,2026-09-08T08:18:07.453146Z,8259,70,CTD,65535,255,1027.6400146484375
1788855487.6529958,2026-09-08T08:18:07.652995Z,8259,70,CTD,65535,255,1027.6441650390625
1788855487.8530679,2026-09-08T08:18:07.853067Z,8259,70,CTD,65535,255,1027.6453857421875
1788855488.0534139,2026-09-08T08:18:08.053413Z,8259,70,CTD,65535,255,1027.6446533203125
1788855488.2533383,2026-09-08T08:18:08.253338Z,8259,70,CTD,65535,255,1027.64306640625
1788855488.4531827,2026-09-08T08:18:08.453182Z,8259,70,CTD,65535,255,1027.6451416015625
1788855488.653162,2026-09-08T08:18:08.653162Z,8259,70,CTD,65535,255,1027.64501953125
1788855488.8531117,2026-09-08T08:18:08.853111Z,8259,70,CTD,65535,255,1027.642822265625
1788855489.053375,2026-09-08T08:18:09.053375Z,8259,70,CTD,65535,255,1027.64501953125
1788855489.2532408,2026-09-08T08:18:09.253240Z,8259,70,CTD,65535,255,1027.6434326171875
1788855489.4530842,2026-09-08T08:18:09.453084Z,8259,70,CTD,65535,255,1027.6478271484375
1788855489.6529574,2026-09-08T08:18:09.652957Z,8259,70,CTD,65535,255,1027.646728515625
1788855489.8530278,2026-09-08T08:18:09.853027Z,8259,70,CTD,65535,255,1027.6475830078125
1788855490.053425,2026-09-08T08:18:10.053425Z,8259,70,CTD,65535,255,1027.64697265625
1788855490.2529986,2026-09-08T08:18:10.252998Z,8259,70,CTD,65535,255,1027.6505126953125
1788855490.4529116,2026-09-08T08:18:10.452911Z,8259,70,CTD,65535,255,1027.649658203125
1788855490.6529171,2026-09-08T08:18:10.652917Z,8259,70,CTD,65535,255,1027.6475830078125
1788855490.853028,2026-09-08T08:18:10.853028Z,8259,70,CTD,65535,255,1027.6466064453125
1788855491.0533059,2026-09-08T08:18:11.053305Z,8259,70,CTD,65535,255,1027.64599609375
1788855491.2532613,2026-09-08T08:18:11.253261Z,8259,70,CTD,65535,255,1027.6505126953125
1788855491.452996,2026-09-08T08:18:11.452996Z,8259,70,CTD,65535,255,1027.6484375
1788855491.6532319,2026-09-08T08:18:11.653231Z,8259,70,CTD,65535,255,1027.64794921875
1788855491.8529415,2026-09-08T08:18:11.852941Z,8259,70,CTD,65535,255,1027.6474609375
1788855492.0533366,2026-09-08T08:18:12.053336Z,8259,70,CTD,65535,255,1027.640869140625
1788855492.2530918,2026-09-08T08:18:12.253091Z,8259,70,CTD,65535,255,1027.6466064453125
1788855492.4532006,2026-09-08T08:18:12.453200Z,8259,70,CTD,65535,255,1027.646728515625
1788855492.6530273,2026-09-08T08:18:12.653027Z,8259,70,CTD,65535,255,1027.64453125
1788855492.853065,2026-09-08T08:18:12.853065Z,8259,70,CTD,65535,255,1027.646484375
1788855493.0533092,2026-09-08T08:18:13.053309Z,8259,70,CTD,65535,255,1027.6480712890625
1788855493.2528489,2026-09-08T08:18:13.252848Z,8259,70,CTD,65535,255,1027.6495361328125
1788855493.4528575,2026-09-08T08:18:13.452857Z,8259,70,CTD,65535,255,1027.6495361328125
1788855493.652792,2026-09-08T08:18:13.652791Z,8259,70,CTD,65535,255,1027.646484375
1788855493.8529098,2026-09-08T08:18:13.852909Z,8259,70,CTD,65535,255,1027.6473388671875
1788855494.0532498,2026-09-08T08:18:14.053249Z,8259,70,CTD,65535,255,1027.648681640625
1788855494.2530208,2026-09-08T08:18:14.253020Z,8259,70,CTD,65535,255,1027.6480712890625
1788855494.4530098,2026-09-08T08:18:14.453009Z,8259,70,CTD,65535,255,1027.650146484375
1788855494.652821,2026-09-08T08:18:14.652821Z,8259,70,CTD,65535,255,1027.6495361328125
1788855494.8527107,2026-09-08T08:18:14.852710Z,8259,70,CTD,65535,255,1027.649658203125
1788855495.0530665,2026-09-08T08:18:15.053066Z,8259,70,CTD,65535,255,1027.6485595703125
1788855495.252074,2026-09-08T08:18:15.252074Z,8259,70,CTD,65535,255,1027.6497802734375
1788855495.4513874,2026-09-08T08:18:15.451387Z,8259,70,CTD,65535,255,1027.648681640625
1788855495.6506839,2026-09-08T08:18:15.650683Z,8259,70,CTD,65535,255,1027.6478271484375
1788855495.8501387,2026-09-08T08:18:15.850138Z,8259,70,CTD,65535,255,1027.6505126953125
1788855496.0497167,2026-09-08T08:18:16.049716Z,8259,70,CTD,65535,255,1027.6485595703125
1788855496.2488503,2026-09-08T08:18:16.248850Z,8259,70,CTD,65535,255,1027.646728515625
1788855496.4480197,2026-09-08T08:18:16.448019Z,8259,70,CTD,65535,255,1027.6484375
1788855496.6474164,2026-09-08T08:18:16.647416Z,8259,70,CTD,65535,255,1027.6527099609375
1788855496.8469572,2026-09-08T08:18:16.846957Z,8259,70,CTD,65535,255,1027.6502685546875
1788855497.046599,2026-09-08T08:18:17.046598Z,8259,70,CTD,65535,255,1027.65185546875
1788855497.2462509,2026-09-08T08:18:17.246250Z,8259,70,CTD,65535,255,1027.64501953125
1788855497.4460638,2026-09-08T08:18:17.446063Z,8259,70,CTD,65535,255,1027.6484375
1788855497.6456578,2026-09-08T08:18:17.645657Z,8259,70,CTD,65535,255,1027.649169921875
1788855497.8453581,2026-09-08T08:18:17.845358Z,8259,70,CTD,65535,255,1027.64501953125
1788855498.0454557,2026-09-08T08:18:18.045455Z,8259,70,CTD,65535,255,1027.6455078125
1788855498.245176,2026-09-08T08:18:18.245176Z,8259,70,CTD,65535,255,1027.652587890625
1788855498.4450665,2026-09-08T08:18:18.445066Z,8259,70,CTD,65535,255,1027.64453125
1788855498.6451623,2026-09-08T08:18:18.645162Z,8259,70,CTD,65535,255,1027.6495361328125
1788855498.845122,2026-09-08T08:18:18.845122Z,8259,70,CTD,65535,255,1027.6492919921875
1788855499.0455573,2026-09-08T08:18:19.045557Z,8259,70,CTD,65535,255,1027.6474609375
1788855499.245483,2026-09-08T08:18:19.245482Z,8259,70,CTD,65535,255,1027.6480712890625
1788855499.4455,2026-09-08T08:18:19.445499Z,8259,70,CTD,65535,255,1027.64892578125
1788855499.6455693,2026-09-08T08:18:19.645569Z,8259,70,CTD,65535,255,1027.6497802734375
1788855499.8457115,2026-09-08T08:18:19.845711Z,8259,70,CTD,65535,255,1027.65087890625
1788855500.046212,2026-09-08T08:18:20.046211Z,8259,70,CTD,65535,255,1027.6529541015625
1788855500.2460964,2026-09-08T08:18:20.246096Z,8259,70,CTD,65535,255,1027.6502685546875
1788855500.4462214,2026-09-08T08:18:20.446221Z,8259,70,CTD,65535,255,1027.649658203125
1788855500.6463718,2026-09-08T08:18:20.646371Z,8259,70,CTD,65535,255,1027.6494140625
1788855500.8465505,2026-09-08T08:18:20.846550Z,8259,70,CTD,65535,255,1027.6494140625
1788855501.0469255,2026-09-08T08:18:21.046925Z,8259,70,CTD,65535,255,1027.650634765625
1788855501.24689,2026-09-08T08:18:21.246890Z,8259,70,CTD,65535,255,1027.6484375
1788855501.446985,2026-09-08T08:18:21.446985Z,8259,70,CTD,65535,255,1027.64892578125
1788855501.6471672,2026-09-08T08:18:21.647167Z,8259,70,CTD,65535,255,1027.6485595703125
1788855501.8471498,2026-09-08T08:18:21.847149Z,8259,70,CTD,65535,255,1027.6468505859375
1788855502.0476847,2026-09-08T08:18:22.047684Z,8259,70,CTD,65535,255,1027.6494140625
1788855502.2477407,2026-09-08T08:18:22.247740Z,8259,70,CTD,65535,255,1027.6492919921875
1788855502.4475317,2026-09-08T08:18:22.447531Z,8259,70,CTD,65535,255,1027.6490478515625
1788855502.6475117,2026-09-08T08:18:22.647511Z,8259,70,CTD,65535,255,1027.64892578125
1788855502.8477414,2026-09-08T08:18:22.847741Z,8259,70,CTD,65535,255,1027.6514892578125
1788855503.0479841,2026-09-08T08:18:23.047984Z,8259,70,CTD,65535,255,1027.6513671875
1788855503.2479486,2026-09-08T08:18:23.247948Z,8259,70,CTD,65535,255,1027.6524658203125
1788855503.4478202,2026-09-08T08:18:23.447820Z,8259,70,CTD,65535,255,1027.6475830078125
1788855503.647816,2026-09-08T08:18:23.647815Z,8259,70,CTD,65535,255,1027.6495361328125
1788855503.8477519,2026-09-08T08:18:23.847751Z,8259,70,CTD,65535,255,1027.6473388671875
1788855504.0486035,2026-09-08T08:18:24.048603Z,8259,70,CTD,65535,255,1027.648193359375
1788855504.247932,2026-09-08T08:18:24.247931Z,8259,70,CTD,65535,255,1027.6490478515625
1788855504.4478636,2026-09-08T08:18:24.447863Z,8259,70,CTD,65535,255,1027.6510009765625
1788855504.647775,2026-09-08T08:18:24.647774Z,8259,70,CTD,65535,255,1027.6475830078125
1788855504.8478692,2026-09-08T08:18:24.847869Z,8259,70,CTD,65535,255,1027.6474609375
1788855505.0481253,2026-09-08T08:18:25.048125Z,8259,70,CTD,65535,255,1027.64990234375
1788855505.2480752,2026-09-08T08:18:25.248075Z,8259,70,CTD,65535,255,1027.649169921875
1788855505.4480474,2026-09-08T08:18:25.448047Z,8259,70,CTD,65535,255,1027.649169921875
1788855505.6478145,2026-09-08T08:18:25.647814Z,8259,70,CTD,65535,255,1027.6488037109375
1788855505.847905,2026-09-08T08:18:25.847904Z,8259,70,CTD,65535,255,1027.6474609375
1788855506.0480928,2026-09-08T08:18:26.048092Z,8259,70,CTD,65535,255,1027.6513671875
1788855506.247835,2026-09-08T08:18:26.247834Z,8259,70,CTD,65535,255,1027.6539306640625
1788855506.4477758,2026-09-08T08:18:26.447775Z,8259,70,CTD,65535,255,1027.6522216796875
1788855506.6476555,2026-09-08T08:18:26.647655Z,8259,70,CTD,65535,255,1027.6492919921875
1788855506.8476927,2026-09-08T08:18:26.847692Z,8259,70,CTD,65535,255,1027.649658203125
1788855507.0479703,2026-09-08T08:18:27.047970Z,8259,70,CTD,65535,255,1027.648681640625
1788855507.2479906,2026-09-08T08:18:27.247990Z,8259,70,CTD,65535,255,1027.64892578125
1788855507.4478822,2026-09-08T08:18:27.447882Z,8259,70,CTD,65535,255,1027.650634765625
1788855507.6477199,2026-09-08T08:18:27.647719Z,8259,70,CTD,65535,255,1027.651611328125
1788855507.847783,2026-09-08T08:18:27.847783Z,8259,70,CTD,65535,255,1027.648193359375
1788855508.0480227,2026-09-08T08:18:28.048022Z,8259,70,CTD,65535,255,1027.650390625
1788855508.2478173,2026-09-08T08:18:28.247817Z,8259,70,CTD,65535,255,1027.64501953125
1788855508.4475772,2026-09-08T08:18:28.447577Z,8259,70,CTD,65535,255,1027.6483154296875
1788855508.6475394,2026-09-08T08:18:28.647539Z,8259,70,CTD,65535,255,1027.6497802734375
1788855508.8476436,2026-09-08T08:18:28.847643Z,8259,70,CTD,65535,255,1027.64697265625
1788855509.0478582,2026-09-08T08:18:29.047858Z,8259,70,CTD,65535,255,1027.6470947265625
1788855509.247302,2026-09-08T08:18:29.247302Z,8259,70,CTD,65535,255,1027.6478271484375
1788855509.4473376,2026-09-08T08:18:29.447337Z,8259,70,CTD,65535,255,1027.651123046875
1788855509.6466327,2026-09-08T08:18:29.646632Z,8259,70,CTD,65535,255,1027.6473388671875
1788855509.8463461,2026-09-08T08:18:29.846346Z,8259,70,CTD,65535,255,1027.645751953125
1788855510.0463548,2026-09-08T08:18:30.046354Z,8259,70,CTD,65535,255,1027.64794921875
1788855510.2458713,2026-09-08T08:18:30.245871Z,8259,70,CTD,65535,255,1027.6485595703125
1788855510.4453928,2026-09-08T08:18:30.445392Z,8259,70,CTD,65535,255,1027.6463623046875
1788855510.6450624,2026-09-08T08:18:30.645062Z,8259,70,CTD,65535,255,1027.64794921875
1788855510.8446712,2026-09-08T08:18:30.844671Z,8259,70,CTD,65535,255,1027.6492919921875
1788855511.0446086,2026-09-08T08:18:31.044608Z,8259,70,CTD,65535,255,1027.649169921875
1788855511.244472,2026-09-08T08:18:31.244472Z,8259,70,CTD,65535,255,1027.6470947265625
1788855511.4443688,2026-09-08T08:18:31.444368Z,8259,70,CTD,65535,255,1027.6478271484375
1788855511.6440911,2026-09-08T08:18:31.644091Z,8259,70,CTD,65535,255,1027.650146484375
1788855511.8441055,2026-09-08T08:18:31.844105Z,8259,70,CTD,65535,255,1027.6497802734375
1788855512.0441234,2026-09-08T08:18:32.044123Z,8259,70,CTD,65535,255,1027.650146484375
1788855512.2439919,2026-09-08T08:18:32.243991Z,8259,70,CTD,65535,255,1027.649658203125
1788855512.444228,2026-09-08T08:18:32.444227Z,8259,70,CTD,65535,255,1027.64892578125
1788855512.6441236,2026-09-08T08:18:32.644123Z,8259,70,CTD,65535,255,1027.6497802734375
1788855512.8440142,2026-09-08T08:18:32.844014Z,8259,70,CTD,65535,255,1027.6470947265625
1788855513.0443594,2026-09-08T08:18:33.044359Z,8259,70,CTD,65535,255,1027.645751953125
1788855513.2443118,2026-09-08T08:18:33.244311Z,8259,70,CTD,65535,255,1027.646240234375
1788855513.4442804,2026-09-08T08:18:33.444280Z,8259,70,CTD,65535,255,1027.6455078125
1788855513.6443162,2026-09-08T08:18:33.644316Z,8259,70,CTD,65535,255,1027.64501953125
1788855513.8443186,2026-09-08T08:18:33.844318Z,8259,70,CTD,65535,255,1027.647216796875
1788855514.044944,2026-09-08T08:18:34.044944Z,8259,70,CTD,65535,255,1027.6488037109375
1788855514.2447958,2026-09-08T08:18:34.244795Z,8259,70,CTD,65535,255,1027.6470947265625
1788855514.4445777,2026-09-08T08:18:34.444577Z,8259,70,CTD,65535,255,1027.648193359375
1788855514.6447828,2026-09-08T08:18:34.644782Z,8259,70,CTD,65535,255,1027.647705078125
1788855514.8448164,2026-09-08T08:18:34.844816Z,8259,70,CTD,65535,255,1027.6466064453125
1788855515.0452673,2026-09-08T08:18:35.045267Z,8259,70,CTD,65535,255,1027.6466064453125
1788855515.2449088,2026-09-08T08:18:35.244908Z,8259,70,CTD,65535,255,1027.644775390625
1788855515.4451983,2026-09-08T08:18:35.445198Z,8259,70,CTD,65535,255,1027.64697265625
1788855515.645104,2026-09-08T08:18:35.645103Z,8259,70,CTD,65535,255,1027.6490478515625
1788855515.8451934,2026-09-08T08:18:35.845193Z,8259,70,CTD,65535,255,1027.64697265625
1788855516.0455048,2026-09-08T08:18:36.045504Z,8259,70,CTD,65535,255,1027.649169921875
1788855516.2454095,2026-09-08T08:18:36.245409Z,8259,70,CTD,65535,255,1027.6492919921875
1788855516.445276,2026-09-08T08:18:36.445276Z,8259,70,CTD,65535,255,1027.650390625
1788855516.6453295,2026-09-08T08:18:36.645329Z,8259,70,CTD,65535,255,1027.649169921875
1788855516.8454773,2026-09-08T08:18:36.845477Z,8259,70,CTD,65535,255,1027.6473388671875
1788855517.0455306,2026-09-08T08:18:37.045530Z,8259,70,CTD,65535,255,1027.6480712890625
1788855517.2454104,2026-09-08T08:18:37.245410Z,8259,70,CTD,65535,255,1027.645751953125
1788855517.4451845,2026-09-08T08:18:37.445184Z,8259,70,CTD,65535,255,1027.6483154296875
1788855517.6452827,2026-09-08T08:18:37.645282Z,8259,70,CTD,65535,255,1027.652587890625
1788855517.8453066,2026-09-08T08:18:37.845306Z,8259,70,CTD,65535,255,1027.65185546875
1788855518.045701,2026-09-08T08:18:38.045701Z,8259,70,CTD,65535,255,1027.650390625
1788855518.2452738,2026-09-08T08:18:38.245273Z,8259,70,CTD,65535,255,1027.65087890625
1788855518.4454653,2026-09-08T08:18:38.445465Z,8259,70,CTD,65535,255,1027.64990234375
1788855518.6453264,2026-09-08T08:18:38.645326Z,8259,70,CTD,65535,255,1027.64990234375
1788855518.8453205,2026-09-08T08:18:38.845320Z,8259,70,CTD,65535,255,1027.6488037109375
1788855519.0455828,2026-09-08T08:18:39.045582Z,8259,70,CTD,65535,255,1027.650634765625
1788855519.2452064,2026-09-08T08:18:39.245206Z,8259,70,CTD,65535,255,1027.648681640625
1788855519.4452841,2026-09-08T08:18:39.445284Z,8259,70,CTD,65535,255,1027.6512451171875
1788855519.645245,2026-09-08T08:18:39.645245Z,8259,70,CTD,65535,255,1027.650634765625
1788855519.8452613,2026-09-08T08:18:39.845261Z,8259,70,CTD,65535,255,1027.6453857421875
1788855520.0455635,2026-09-08T08:18:40.045563Z,8259,70,CTD,65535,255,1027.648193359375
1788855520.2452195,2026-09-08T08:18:40.245219Z,8259,70,CTD,65535,255,1027.6490478515625
1788855520.4451768,2026-09-08T08:18:40.445176Z,8259,70,CTD,65535,255,1027.650146484375
1788855520.6452374,2026-09-08T08:18:40.645237Z,8259,70,CTD,65535,255,1027.6494140625
1788855520.8450716,2026-09-08T08:18:40.845071Z,8259,70,CTD,65535,255,1027.6500244140625
1788855521.04548,2026-09-08T08:18:41.045480Z,8259,70,CTD,65535,255,1027.646240234375
1788855521.2452538,2026-09-08T08:18:41.245253Z,8259,70,CTD,65535,255,1027.6510009765625
1788855521.445602,2026-09-08T08:18:41.445601Z,8259,70,CTD,65535,255,1027.6446533203125
1788855521.645533,2026-09-08T08:18:41.645533Z,8259,70,CTD,65535,255,1027.6453857421875
1788855521.8456473,2026-09-08T08:18:41.845647Z,8259,70,CTD,65535,255,1027.6478271484375
1788855522.04603,2026-09-08T08:18:42.046030Z,8259,70,CTD,65535,255,1027.6505126953125
1788855522.245803,2026-09-08T08:18:42.245803Z,8259,70,CTD,65535,255,1027.650634765625
1788855522.4459329,2026-09-08T08:18:42.445932Z,8259,70,CTD,65535,255,1027.650390625
1788855522.6461124,2026-09-08T08:18:42.646112Z,8259,70,CTD,65535,255,1027.6494140625
1788855522.8462334,2026-09-08T08:18:42.846233Z,8259,70,CTD,65535,255,1027.6512451171875
1788855523.0467906,2026-09-08T08:18:43.046790Z,8259,70,CTD,65535,255,1027.64892578125
1788855523.246435,2026-09-08T08:18:43.246434Z,8259,70,CTD,65535,255,1027.64208984375
1788855523.4468827,2026-09-08T08:18:43.446882Z,8259,70,CTD,65535,255,1027.6427001953125
1788855523.6468554,2026-09-08T08:18:43.646855Z,8259,70,CTD,65535,255,1027.6434326171875
1788855523.847032,2026-09-08T08:18:43.847032Z,8259,70,CTD,65535,255,1027.6488037109375
1788855524.0475097,2026-09-08T08:18:44.047509Z,8259,70,CTD,65535,255,1027.6500244140625
1788855524.2474961,2026-09-08T08:18:44.247496Z,8259,70,CTD,65535,255,1027.6495361328125
1788855524.4476624,2026-09-08T08:18:44.447662Z,8259,70,CTD,65535,255,1027.6474609375
1788855524.647781,2026-09-08T08:18:44.647780Z,8259,70,CTD,65535,255,1027.6483154296875
1788855524.8477411,2026-09-08T08:18:44.847741Z,8259,70,CTD,65535,255,1027.6424560546875
1788855525.048095,2026-09-08T08:18:45.048094Z,8259,70,CTD,65535,255,1027.64306640625
1788855525.247961,2026-09-08T08:18:45.247961Z,8259,70,CTD,65535,255,1027.643798828125
1788855525.4482636,2026-09-08T08:18:45.448263Z,8259,70,CTD,65535,255,1027.64892578125
1788855525.6483564,2026-09-08T08:18:45.648356Z,8259,70,CTD,65535,255,1027.643798828125
1788855525.8483949,2026-09-08T08:18:45.848394Z,8259,70,CTD,65535,255,1027.650146484375
1788855526.0489507,2026-09-08T08:18:46.048950Z,8259,70,CTD,65535,255,1027.6510009765625
1788855526.2495296,2026-09-08T08:18:46.249529Z,8259,70,CTD,65535,255,1027.6396484375
1788855526.450188,2026-09-08T08:18:46.450187Z,8259,70,CTD,65535,255,1027.640869140625
1788855526.6506567,2026-09-08T08:18:46.650656Z,8259,70,CTD,65535,255,1027.6474609375
1788855526.8514724,2026-09-08T08:18:46.851472Z,8259,70,CTD,65535,255,1027.645263671875
1788855527.0524504,2026-09-08T08:18:47.052450Z,8259,70,CTD,65535,255,1027.6448974609375
1788855527.252863,2026-09-08T08:18:47.252862Z,8259,70,CTD,65535,255,1027.647705078125
1788855527.453288,2026-09-08T08:18:47.453288Z,8259,70,CTD,65535,255,1027.6434326171875
1788855527.654064,2026-09-08T08:18:47.654063Z,8259,70,CTD,65535,255,1027.6451416015625
1788855527.8545473,2026-09-08T08:18:47.854547Z,8259,70,CTD,65535,255,1027.64208984375
1788855528.055395,2026-09-08T08:18:48.055394Z,8259,70,CTD,65535,255,1027.6478271484375
1788855528.2553337,2026-09-08T08:18:48.255333Z,8259,70,CTD,65535,255,1027.639892578125
1788855528.455359,2026-09-08T08:18:48.455358Z,8259,70,CTD,65535,255,1027.63427734375
1788855528.65538,2026-09-08T08:18:48.655380Z,8259,70,CTD,65535,255,1027.6424560546875
1788855528.855586,2026-09-08T08:18:48.855586Z,8259,70,CTD,65535,255,1027.638916015625
1788855529.0561192,2026-09-08T08:18:49.056119Z,8259,70,CTD,65535,255,1027.6419677734375
1788855529.255038,2026-09-08T08:18:49.255038Z,8259,70,CTD,65535,255,1027.639404296875
1788855529.4539204,2026-09-08T08:18:49.453920Z,8259,70,CTD,65535,255,1027.6402587890625
1788855529.653022,2026-09-08T08:18:49.653022Z,8259,70,CTD,65535,255,1027.6385498046875
1788855529.8519938,2026-09-08T08:18:49.851993Z,8259,70,CTD,65535,255,1027.6378173828125
1788855530.0514724,2026-09-08T08:18:50.051472Z,8259,70,CTD,65535,255,1027.63720703125
1788855530.2502189,2026-09-08T08:18:50.250218Z,8259,70,CTD,65535,255,1027.6358642578125
1788855530.4492633,2026-09-08T08:18:50.449263Z,8259,70,CTD,65535,255,1027.6378173828125
1788855530.648129,2026-09-08T08:18:50.648128Z,8259,70,CTD,65535,255,1027.6358642578125
1788855530.8470454,2026-09-08T08:18:50.847045Z,8259,70,CTD,65535,255,1027.6356201171875
1788855531.046301,2026-09-08T08:18:51.046300Z,8259,70,CTD,65535,255,1027.6378173828125
1788855531.2456574,2026-09-08T08:18:51.245657Z,8259,70,CTD,65535,255,1027.6370849609375
1788855531.4451156,2026-09-08T08:18:51.445115Z,8259,70,CTD,65535,255,1027.637451171875
1788855531.6447086,2026-09-08T08:18:51.644708Z,8259,70,CTD,65535,255,1027.638916015625
1788855531.844104,2026-09-08T08:18:51.844104Z,8259,70,CTD,65535,255,1027.6363525390625
1788855532.0440128,2026-09-08T08:18:52.044012Z,8259,70,CTD,65535,255,1027.63623046875
1788855532.2436614,2026-09-08T08:18:52.243661Z,8259,70,CTD,65535,255,1027.6385498046875
1788855532.4436352,2026-09-08T08:18:52.443635Z,8259,70,CTD,65535,255,1027.6343994140625
1788855532.6436026,2026-09-08T08:18:52.643602Z,8259,70,CTD,65535,255,1027.6380615234375
1788855532.8435903,2026-09-08T08:18:52.843590Z,8259,70,CTD,65535,255,1027.632080078125
1788855533.043857,2026-09-08T08:18:53.043857Z,8259,70,CTD,65535,255,1027.6353759765625
1788855533.2438495,2026-09-08T08:18:53.243849Z,8259,70,CTD,65535,255,1027.6353759765625
1788855533.4439106,2026-09-08T08:18:53.443910Z,8259,70,CTD,65535,255,1027.6304931640625
1788855533.6441753,2026-09-08T08:18:53.644175Z,8259,70,CTD,65535,255,1027.631591796875
1788855533.844307,2026-09-08T08:18:53.844306Z,8259,70,CTD,65535,255,1027.6282958984375
1788855534.0452304,2026-09-08T08:18:54.045230Z,8259,70,CTD,65535,255,1027.624267578125
1788855534.2446635,2026-09-08T08:18:54.244663Z,8259,70,CTD,65535,255,1027.6270751953125
1788855534.4448082,2026-09-08T08:18:54.444808Z,8259,70,CTD,65535,255,1027.6290283203125
1788855534.644984,2026-09-08T08:18:54.644984Z,8259,70,CTD,65535,255,1027.6248779296875
1788855534.8452094,2026-09-08T08:18:54.845209Z,8259,70,CTD,65535,255,1027.62548828125
1788855535.0456312,2026-09-08T08:18:55.045631Z,8259,70,CTD,65535,255,1027.6270751953125
1788855535.245646,2026-09-08T08:18:55.245646Z,8259,70,CTD,65535,255,1027.6270751953125
1788855535.445747,2026-09-08T08:18:55.445746Z,8259,70,CTD,65535,255,1027.6243896484375
1788855535.645962,2026-09-08T08:18:55.645962Z,8259,70,CTD,65535,255,1027.626708984375
1788855535.8459659,2026-09-08T08:18:55.845965Z,8259,70,CTD,65535,255,1027.62939453125
1788855536.0467088,2026-09-08T08:18:56.046708Z,8259,70,CTD,65535,255,1027.6278076171875
1788855536.246321,2026-09-08T08:18:56.246320Z,8259,70,CTD,65535,255,1027.6229248046875
1788855536.4462419,2026-09-08T08:18:56.446241Z,8259,70,CTD,65535,255,1027.6246337890625
1788855536.6462789,2026-09-08T08:18:56.646278Z,8259,70,CTD,65535,255,1027.6220703125
1788855536.8463435,2026-09-08T08:18:56.846343Z,8259,70,CTD,65535,255,1027.621337890625
1788855537.0468295,2026-09-08T08:18:57.046829Z,8259,70,CTD,65535,255,1027.623046875
1788855537.2464306,2026-09-08T08:18:57.246430Z,8259,70,CTD,65535,255,1027.6251220703125
1788855537.4466128,2026-09-08T08:18:57.446612Z,8259,70,CTD,65535,255,1027.6204833984375
1788855537.646479,2026-09-08T08:18:57.646478Z,8259,70,CTD,65535,255,1027.62109375
1788855537.8463974,2026-09-08T08:18:57.846397Z,8259,70,CTD,65535,255,1027.62353515625
1788855538.0466642,2026-09-08T08:18:58.046664Z,8259,70,CTD,65535,255,1027.6209716796875
1788855538.2465243,2026-09-08T08:18:58.246524Z,8259,70,CTD,65535,255,1027.62353515625
1788855538.4464648,2026-09-08T08:18:58.446464Z,8259,70,CTD,65535,255,1027.6229248046875
1788855538.6463552,2026-09-08T08:18:58.646355Z,8259,70,CTD,65535,255,1027.619873046875
1788855538.8464394,2026-09-08T08:18:58.846439Z,8259,70,CTD,65535,255,1027.61669921875
1788855539.0465918,2026-09-08T08:18:59.046591Z,8259,70,CTD,65535,255,1027.6141357421875
1788855539.2462788,2026-09-08T08:18:59.246278Z,8259,70,CTD,65535,255,1027.6165771484375
1788855539.4462588,2026-09-08T08:18:59.446258Z,8259,70,CTD,65535,255,1027.62060546875
1788855539.6464696,2026-09-08T08:18:59.646469Z,8259,70,CTD,65535,255,1027.6192626953125
1788855539.8462827,2026-09-08T08:18:59.846282Z,8259,70,CTD,65535,255,1027.6158447265625
1788855540.0465653,2026-09-08T08:19:00.046565Z,8259,70,CTD,65535,255,1027.6134033203125
1788855540.2461581,2026-09-08T08:19:00.246158Z,8259,70,CTD,65535,255,1027.61083984375
1788855540.446375,2026-09-08T08:19:00.446374Z,8259,70,CTD,65535,255,1027.611083984375
1788855540.6463013,2026-09-08T08:19:00.646301Z,8259,70,CTD,65535,255,1027.6148681640625
1788855540.8460171,2026-09-08T08:19:00.846017Z,8259,70,CTD,65535,255,1027.614013671875
1788855541.0463626,2026-09-08T08:19:01.046362Z,8259,70,CTD,65535,255,1027.6082763671875
1788855541.2464106,2026-09-08T08:19:01.246410Z,8259,70,CTD,65535,255,1027.61328125
1788855541.446382,2026-09-08T08:19:01.446382Z,8259,70,CTD,65535,255,1027.61376953125
1788855541.646549,2026-09-08T08:19:01.646548Z,8259,70,CTD,65535,255,1027.6114501953125
1788855541.8467877,2026-09-08T08:19:01.846787Z,8259,70,CTD,65535,255,1027.6090087890625
1788855542.047393,2026-09-08T08:19:02.047393Z,8259,70,CTD,65535,255,1027.6048583984375
1788855542.2471797,2026-09-08T08:19:02.247179Z,8259,70,CTD,65535,255,1027.6053466796875
1788855542.4471307,2026-09-08T08:19:02.447130Z,8259,70,CTD,65535,255,1027.6109619140625
1788855542.6473875,2026-09-08T08:19:02.647387Z,8259,70,CTD,65535,255,1027.6068115234375
1788855542.847496,2026-09-08T08:19:02.847496Z,8259,70,CTD,65535,255,1027.6065673828125
1788855543.0480294,2026-09-08T08:19:03.048029Z,8259,70,CTD,65535,255,1027.6099853515625
1788855543.2478418,2026-09-08T08:19:03.247841Z,8259,70,CTD,65535,255,1027.6033935546875
1788855543.4478662,2026-09-08T08:19:03.447866Z,8259,70,CTD,65535,255,1027.6014404296875
1788855543.6477158,2026-09-08T08:19:03.647715Z,8259,70,CTD,65535,255,1027.5985107421875
1788855543.8476686,2026-09-08T08:19:03.847668Z,8259,70,CTD,65535,255,1027.60693359375
1788855544.0480046,2026-09-08T08:19:04.048004Z,8259,70,CTD,65535,255,1027.603759765625
1788855544.2478836,2026-09-08T08:19:04.247883Z,8259,70,CTD,65535,255,1027.5992431640625
1788855544.4478352,2026-09-08T08:19:04.447835Z,8259,70,CTD,65535,255,1027.5999755859375
1788855544.6476066,2026-09-08T08:19:04.647606Z,8259,70,CTD,65535,255,1027.6072998046875
1788855544.847654,2026-09-08T08:19:04.847654Z,8259,70,CTD,65535,255,1027.60107421875
1788855545.0479064,2026-09-08T08:19:05.047906Z,8259,70,CTD,65535,255,1027.5972900390625
1788855545.247432,2026-09-08T08:19:05.247431Z,8259,70,CTD,65535,255,1027.603271484375
1788855545.4472153,2026-09-08T08:19:05.447215Z,8259,70,CTD,65535,255,1027.6011962890625
1788855545.6469283,2026-09-08T08:19:05.646928Z,8259,70,CTD,65535,255,1027.5985107421875
1788855545.8467798,2026-09-08T08:19:05.846779Z,8259,70,CTD,65535,255,1027.6043701171875
1788855546.047034,2026-09-08T08:19:06.047034Z,8259,70,CTD,65535,255,1027.6055908203125
1788855546.246383,2026-09-08T08:19:06.246382Z,8259,70,CTD,65535,255,1027.604248046875
1788855546.4462526,2026-09-08T08:19:06.446252Z,8259,70,CTD,65535,255,1027.6068115234375
1788855546.646004,2026-09-08T08:19:06.646003Z,8259,70,CTD,65535,255,1027.600830078125
1788855546.8459036,2026-09-08T08:19:06.845903Z,8259,70,CTD,65535,255,1027.6031494140625
1788855547.0461268,2026-09-08T08:19:07.046126Z,8259,70,CTD,65535,255,1027.5997314453125
1788855547.2456028,2026-09-08T08:19:07.245602Z,8259,70,CTD,65535,255,1027.6036376953125
1788855547.4455302,2026-09-08T08:19:07.445530Z,8259,70,CTD,65535,255,1027.6016845703125
1788855547.6454756,2026-09-08T08:19:07.645475Z,8259,70,CTD,65535,255,1027.604248046875
1788855547.8455462,2026-09-08T08:19:07.845546Z,8259,70,CTD,65535,255,1027.60498046875
1788855548.0457027,2026-09-08T08:19:08.045702Z,8259,70,CTD,65535,255,1027.598388671875
1788855548.2453215,2026-09-08T08:19:08.245321Z,8259,70,CTD,65535,255,1027.6064453125
1788855548.4453847,2026-09-08T08:19:08.445384Z,8259,70,CTD,65535,255,1027.6064453125
1788855548.6452746,2026-09-08T08:19:08.645274Z,8259,70,CTD,65535,255,1027.6019287109375
1788855548.8451965,2026-09-08T08:19:08.845196Z,8259,70,CTD,65535,255,1027.5994873046875
1788855549.0457225,2026-09-08T08:19:09.045722Z,8259,70,CTD,65535,255,1027.6024169921875
1788855549.2455544,2026-09-08T08:19:09.245554Z,8259,70,CTD,65535,255,1027.60498046875
1788855549.4454536,2026-09-08T08:19:09.445453Z,8259,70,CTD,65535,255,1027.6041259765625
1788855549.6454701,2026-09-08T08:19:09.645470Z,8259,70,CTD,65535,255,1027.5980224609375
1788855549.845342,2026-09-08T08:19:09.845341Z,8259,70,CTD,65535,255,1027.6024169921875
1788855550.0459006,2026-09-08T08:19:10.045900Z,8259,70,CTD,65535,255,1027.6077880859375
1788855550.2454467,2026-09-08T08:19:10.245446Z,8259,70,CTD,65535,255,1027.6029052734375
1788855550.4455712,2026-09-08T08:19:10.445571Z,8259,70,CTD,65535,255,1027.6046142578125
1788855550.64558,2026-09-08T08:19:10.645580Z,8259,70,CTD,65535,255,1027.6070556640625
1788855550.845611,2026-09-08T08:19:10.845611Z,8259,70,CTD,65535,255,1027.60791015625
1788855551.0460188,2026-09-08T08:19:11.046018Z,8259,70,CTD,65535,255,1027.607421875
1788855551.245541,2026-09-08T08:19:11.245541Z,8259,70,CTD,65535,255,1027.6121826171875
1788855551.4450755,2026-09-08T08:19:11.445075Z,8259,70,CTD,65535,255,1027.6116943359375
1788855551.644644,2026-09-08T08:19:11.644644Z,8259,70,CTD,65535,255,1027.6119384765625
1788855551.844222,2026-09-08T08:19:11.844222Z,8259,70,CTD,65535,255,1027.613525390625
1788855552.0441568,2026-09-08T08:19:12.044156Z,8259,70,CTD,65535,255,1027.614013671875
1788855552.2436032,2026-09-08T08:19:12.243603Z,8259,70,CTD,65535,255,1027.6138916015625
1788855552.4432235,2026-09-08T08:19:12.443223Z,8259,70,CTD,65535,255,1027.6160888671875
1788855552.6429281,2026-09-08T08:19:12.642928Z,8259,70,CTD,65535,255,1027.6160888671875
1788855552.84257,2026-09-08T08:19:12.842570Z,8259,70,CTD,65535,255,1027.6148681640625
1788855553.0423756,2026-09-08T08:19:13.042375Z,8259,70,CTD,65535,255,1027.615478515625
1788855553.2419531,2026-09-08T08:19:13.241953Z,8259,70,CTD,65535,255,1027.61962890625
1788855553.4418926,2026-09-08T08:19:13.441892Z,8259,70,CTD,65535,255,1027.6173095703125
1788855553.6417167,2026-09-08T08:19:13.641716Z,8259,70,CTD,65535,255,1027.6162109375
1788855553.8415473,2026-09-08T08:19:13.841547Z,8259,70,CTD,65535,255,1027.6173095703125
1788855554.041808,2026-09-08T08:19:14.041807Z,8259,70,CTD,65535,255,1027.62109375
1788855554.2416992,2026-09-08T08:19:14.241699Z,8259,70,CTD,65535,255,1027.6195068359375
1788855554.4416938,2026-09-08T08:19:14.441693Z,8259,70,CTD,65535,255,1027.623046875
1788855554.6418648,2026-09-08T08:19:14.641864Z,8259,70,CTD,65535,255,1027.62353515625
1788855554.8417265,2026-09-08T08:19:14.841726Z,8259,70,CTD,65535,255,1027.6220703125
1788855555.042081,2026-09-08T08:19:15.042081Z,8259,70,CTD,65535,255,1027.62109375
1788855555.2419648,2026-09-08T08:19:15.241964Z,8259,70,CTD,65535,255,1027.62255859375
1788855555.442024,2026-09-08T08:19:15.442023Z,8259,70,CTD,65535,255,1027.6201171875
1788855555.6420708,2026-09-08T08:19:15.642070Z,8259,70,CTD,65535,255,1027.6229248046875
1788855555.8421276,2026-09-08T08:19:15.842127Z,8259,70,CTD,65535,255,1027.62158203125
1788855556.0424817,2026-09-08T08:19:16.042481Z,8259,70,CTD,65535,255,1027.62158203125
1788855556.2423193,2026-09-08T08:19:16.242319Z,8259,70,CTD,65535,255,1027.6202392578125
1788855556.442452,2026-09-08T08:19:16.442451Z,8259,70,CTD,65535,255,1027.623046875
1788855556.6426067,2026-09-08T08:19:16.642606Z,8259,70,CTD,65535,255,1027.6240234375
1788855556.8426156,2026-09-08T08:19:16.842615Z,8259,70,CTD,65535,255,1027.6201171875
1788855557.0428889,2026-09-08T08:19:17.042888Z,8259,70,CTD,65535,255,1027.618408203125
1788855557.2427802,2026-09-08T08:19:17.242780Z,8259,70,CTD,65535,255,1027.61962890625
1788855557.4428654,2026-09-08T08:19:17.442865Z,8259,70,CTD,65535,255,1027.619384765625
1788855557.6428456,2026-09-08T08:19:17.642845Z,8259,70,CTD,65535,255,1027.6219482421875
1788855557.8428676,2026-09-08T08:19:17.842867Z,8259,70,CTD,65535,255,1027.621337890625
1788855558.043353,2026-09-08T08:19:18.043353Z,8259,70,CTD,65535,255,1027.617919921875
1788855558.243079,2026-09-08T08:19:18.243078Z,8259,70,CTD,65535,255,1027.623046875
1788855558.4431417,2026-09-08T08:19:18.443141Z,8259,70,CTD,65535,255,1027.624755859375
1788855558.643233,2026-09-08T08:19:18.643233Z,8259,70,CTD,65535,255,1027.6202392578125
1788855558.8430765,2026-09-08T08:19:18.843076Z,8259,70,CTD,65535,255,1027.6173095703125
1788855559.043509,2026-09-08T08:19:19.043509Z,8259,70,CTD,65535,255,1027.619140625
1788855559.2433856,2026-09-08T08:19:19.243385Z,8259,70,CTD,65535,255,1027.62109375
1788855559.4434333,2026-09-08T08:19:19.443433Z,8259,70,CTD,65535,255,1027.6231689453125
1788855559.643729,2026-09-08T08:19:19.643728Z,8259,70,CTD,65535,255,1027.6240234375
1788855559.8436365,2026-09-08T08:19:19.843636Z,8259,70,CTD,65535,255,1027.6226806640625
1788855560.0442977,2026-09-08T08:19:20.044297Z,8259,70,CTD,65535,255,1027.6209716796875
1788855560.2439637,2026-09-08T08:19:20.243963Z,8259,70,CTD,65535,255,1027.618408203125
1788855560.4440954,2026-09-08T08:19:20.444095Z,8259,70,CTD,65535,255,1027.6229248046875
1788855560.643807,2026-09-08T08:19:20.643806Z,8259,70,CTD,65535,255,1027.6263427734375
1788855560.8440256,2026-09-08T08:19:20.844025Z,8259,70,CTD,65535,255,1027.624267578125
1788855561.0440426,2026-09-08T08:19:21.044042Z,8259,70,CTD,65535,255,1027.6239013671875
1788855561.2438946,2026-09-08T08:19:21.243894Z,8259,70,CTD,65535,255,1027.6246337890625
1788855561.4437664,2026-09-08T08:19:21.443766Z,8259,70,CTD,65535,255,1027.621337890625
1788855561.6434474,2026-09-08T08:19:21.643447Z,8259,70,CTD,65535,255,1027.625
1788855561.8434904,2026-09-08T08:19:21.843490Z,8259,70,CTD,65535,255,1027.6251220703125
1788855562.0435493,2026-09-08T08:19:22.043549Z,8259,70,CTD,65535,255,1027.624755859375
1788855562.2434664,2026-09-08T08:19:22.243466Z,8259,70,CTD,65535,255,1027.622314453125
1788855562.4432158,2026-09-08T08:19:22.443215Z,8259,70,CTD,65535,255,1027.6241455078125
1788855562.6430228,2026-09-08T08:19:22.643022Z,8259,70,CTD,65535,255,1027.6243896484375
1788855562.8429897,2026-09-08T08:19:22.842989Z,8259,70,CTD,65535,255,1027.6268310546875
1788855563.0433536,2026-09-08T08:19:23.043353Z,8259,70,CTD,65535,255,1027.6231689453125
1788855563.2429004,2026-09-08T08:19:23.242900Z,8259,70,CTD,65535,255,1027.6246337890625
1788855563.4428287,2026-09-08T08:19:23.442828Z,8259,70,CTD,65535,255,1027.6246337890625
1788855563.6428564,2026-09-08T08:19:23.642856Z,8259,70,CTD,65535,255,1027.6241455078125
1788855563.842803,2026-09-08T08:19:23.842803Z,8259,70,CTD,65535,255,1027.626708984375
1788855564.043653,2026-09-08T08:19:24.043653Z,8259,70,CTD,65535,255,1027.625
1788855564.2427318,2026-09-08T08:19:24.242731Z,8259,70,CTD,65535,255,1027.6251220703125
1788855564.44292,2026-09-08T08:19:24.442919Z,8259,70,CTD,65535,255,1027.627685546875
1788855564.6428242,2026-09-08T08:19:24.642824Z,8259,70,CTD,65535,255,1027.625
1788855564.842751,2026-09-08T08:19:24.842751Z,8259,70,CTD,65535,255,1027.6260986328125
1788855565.043015,2026-09-08T08:19:25.043015Z,8259,70,CTD,65535,255,1027.6304931640625
1788855565.24288,2026-09-08T08:19:25.242880Z,8259,70,CTD,65535,255,1027.6309814453125
1788855565.442723,2026-09-08T08:19:25.442723Z,8259,70,CTD,65535,255,1027.630615234375
1788855565.6429636,2026-09-08T08:19:25.642963Z,8259,70,CTD,65535,255,1027.6280517578125
1788855565.8428152,2026-09-08T08:19:25.842815Z,8259,70,CTD,65535,255,1027.6309814453125
1788855566.0432625,2026-09-08T08:19:26.043262Z,8259,70,CTD,65535,255,1027.630615234375
1788855566.242944,2026-09-08T08:19:26.242944Z,8259,70,CTD,65535,255,1027.6300048828125
1788855566.4427638,2026-09-08T08:19:26.442763Z,8259,70,CTD,65535,255,1027.632080078125
1788855566.6427217,2026-09-08T08:19:26.642721Z,8259,70,CTD,65535,255,1027.6302490234375
1788855566.8427079,2026-09-08T08:19:26.842707Z,8259,70,CTD,65535,255,1027.6278076171875
1788855567.0431247,2026-09-08T08:19:27.043124Z,8259,70,CTD,65535,255,1027.6290283203125
1788855567.242862,2026-09-08T08:19:27.242861Z,8259,70,CTD,65535,255,1027.627685546875
1788855567.442878,2026-09-08T08:19:27.442878Z,8259,70,CTD,65535,255,1027.6292724609375
1788855567.6430135,2026-09-08T08:19:27.643013Z,8259,70,CTD,65535,255,1027.6307373046875
1788855567.842759,2026-09-08T08:19:27.842758Z,8259,70,CTD,65535,255,1027.63232421875
1788855568.0432196,2026-09-08T08:19:28.043219Z,8259,70,CTD,65535,255,1027.632080078125
1788855568.2428925,2026-09-08T08:19:28.242892Z,8259,70,CTD,65535,255,1027.6318359375
1788855568.4428153,2026-09-08T08:19:28.442815Z,8259,70,CTD,65535,255,1027.6322021484375
1788855568.6427658,2026-09-08T08:19:28.642765Z,8259,70,CTD,65535,255,1027.6341552734375
1788855568.8428705,2026-09-08T08:19:28.842870Z,8259,70,CTD,65535,255,1027.6329345703125
1788855569.0429676,2026-09-08T08:19:29.042967Z,8259,70,CTD,65535,255,1027.6328125
1788855569.2429595,2026-09-08T08:19:29.242959Z,8259,70,CTD,65535,255,1027.6302490234375
1788855569.4438934,2026-09-08T08:19:29.443893Z,8259,70,CTD,65535,255,1027.6317138671875
1788855569.6428366,2026-09-08T08:19:29.642836Z,8259,70,CTD,65535,255,1027.6322021484375
1788855569.8427935,2026-09-08T08:19:29.842793Z,8259,70,CTD,65535,255,1027.63232421875
1788855570.043209,2026-09-08T08:19:30.043209Z,8259,70,CTD,65535,255,1027.63134765625
1788855570.2429953,2026-09-08T08:19:30.242995Z,8259,70,CTD,65535,255,1027.631591796875
1788855570.4428482,2026-09-08T08:19:30.442848Z,8259,70,CTD,65535,255,1027.63330078125
1788855570.6427348,2026-09-08T08:19:30.642734Z,8259,70,CTD,65535,255,1027.6297607421875
1788855570.8429835,2026-09-08T08:19:30.842983Z,8259,70,CTD,65535,255,1027.631103515625
1788855571.043226,2026-09-08T08:19:31.043226Z,8259,70,CTD,65535,255,1027.6270751953125
1788855571.2428367,2026-09-08T08:19:31.242836Z,8259,70,CTD,65535,255,1027.62939453125
1788855571.4429271,2026-09-08T08:19:31.442927Z,8259,70,CTD,65535,255,1027.6343994140625
1788855571.6428835,2026-09-08T08:19:31.642883Z,8259,70,CTD,65535,255,1027.63134765625
1788855571.842712,2026-09-08T08:19:31.842711Z,8259,70,CTD,65535,255,1027.6319580078125
1788855572.0430434,2026-09-08T08:19:32.043043Z,8259,70,CTD,65535,255,1027.6302490234375
1788855572.2429347,2026-09-08T08:19:32.242934Z,8259,70,CTD,65535,255,1027.6317138671875
1788855572.4427164,2026-09-08T08:19:32.442716Z,8259,70,CTD,65535,255,1027.6328125
1788855572.642796,2026-09-08T08:19:32.642796Z,8259,70,CTD,65535,255,1027.62939453125
1788855572.8428073,2026-09-08T08:19:32.842807Z,8259,70,CTD,65535,255,1027.631103515625
1788855573.0429752,2026-09-08T08:19:33.042975Z,8259,70,CTD,65535,255,1027.6297607421875
1788855573.242893,2026-09-08T08:19:33.242892Z,8259,70,CTD,65535,255,1027.6339111328125
1788855573.4427745,2026-09-08T08:19:33.442774Z,8259,70,CTD,65535,255,1027.6328125
1788855573.6428313,2026-09-08T08:19:33.642831Z,8259,70,CTD,65535,255,1027.6304931640625
1788855573.843185,2026-09-08T08:19:33.843184Z,8259,70,CTD,65535,255,1027.6341552734375
1788855574.04317,2026-09-08T08:19:34.043169Z,8259,70,CTD,65535,255,1027.6292724609375
1788855574.2429595,2026-09-08T08:19:34.242959Z,8259,70,CTD,65535,255,1027.6343994140625
1788855574.4430544,2026-09-08T08:19:34.443054Z,8259,70,CTD,65535,255,1027.6329345703125
1788855574.6432242,2026-09-08T08:19:34.643224Z,8259,70,CTD,65535,255,1027.6341552734375
1788855574.8433883,2026-09-08T08:19:34.843388Z,8259,70,CTD,65535,255,1027.63330078125
1788855575.043733,2026-09-08T08:19:35.043732Z,8259,70,CTD,65535,255,1027.627685546875
1788855575.2435195,2026-09-08T08:19:35.243519Z,8259,70,CTD,65535,255,1027.630126953125
1788855575.4438663,2026-09-08T08:19:35.443866Z,8259,70,CTD,65535,255,1027.6314697265625
1788855575.6440344,2026-09-08T08:19:35.644034Z,8259,70,CTD,65535,255,1027.6298828125
1788855575.844013,2026-09-08T08:19:35.844012Z,8259,70,CTD,65535,255,1027.630859375
1788855576.0444424,2026-09-08T08:19:36.044442Z,8259,70,CTD,65535,255,1027.6334228515625
1788855576.2444222,2026-09-08T08:19:36.244422Z,8259,70,CTD,65535,255,1027.6304931640625
1788855576.4442835,2026-09-08T08:19:36.444283Z,8259,70,CTD,65535,255,1027.6280517578125
1788855576.6444016,2026-09-08T08:19:36.644401Z,8259,70,CTD,65535,255,1027.6290283203125
1788855576.8443391,2026-09-08T08:19:36.844339Z,8259,70,CTD,65535,255,1027.6309814453125
1788855577.0447245,2026-09-08T08:19:37.044724Z,8259,70,CTD,65535,255,1027.6302490234375
1788855577.244472,2026-09-08T08:19:37.244472Z,8259,70,CTD,65535,255,1027.63134765625
1788855577.4442606,2026-09-08T08:19:37.444260Z,8259,70,CTD,65535,255,1027.6285400390625
1788855577.6442783,2026-09-08T08:19:37.644278Z,8259,70,CTD,65535,255,1027.63134765625
1788855577.844285,2026-09-08T08:19:37.844285Z,8259,70,CTD,65535,255,1027.6297607421875
1788855578.0445168,2026-09-08T08:19:38.044516Z,8259,70,CTD,65535,255,1027.631591796875
1788855578.2443573,2026-09-08T08:19:38.244357Z,8259,70,CTD,65535,255,1027.6309814453125
1788855578.4443727,2026-09-08T08:19:38.444372Z,8259,70,CTD,65535,255,1027.6280517578125
1788855578.6440763,2026-09-08T08:19:38.644076Z,8259,70,CTD,65535,255,1027.63134765625
1788855578.8443184,2026-09-08T08:19:38.844318Z,8259,70,CTD,65535,255,1027.62646484375
1788855579.0442717,2026-09-08T08:19:39.044271Z,8259,70,CTD,65535,255,1027.63134765625
1788855579.244057,2026-09-08T08:19:39.244056Z,8259,70,CTD,65535,255,1027.630126953125
1788855579.4439647,2026-09-08T08:19:39.443964Z,8259,70,CTD,65535,255,1027.6300048828125
1788855579.6437666,2026-09-08T08:19:39.643766Z,8259,70,CTD,65535,255,1027.630126953125
1788855579.844037,2026-09-08T08:19:39.844037Z,8259,70,CTD,65535,255,1027.6287841796875
1788855580.0441327,2026-09-08T08:19:40.044132Z,8259,70,CTD,65535,255,1027.6282958984375
1788855580.2436883,2026-09-08T08:19:40.243688Z,8259,70,CTD,65535,255,1027.6282958984375
1788855580.443645,2026-09-08T08:19:40.443645Z,8259,70,CTD,65535,255,1027.6298828125
1788855580.6439419,2026-09-08T08:19:40.643941Z,8259,70,CTD,65535,255,1027.6295166015625
1788855580.8436832,2026-09-08T08:19:40.843683Z,8259,70,CTD,65535,255,1027.6279296875
1788855581.0438526,2026-09-08T08:19:41.043852Z,8259,70,CTD,65535,255,1027.629150390625
1788855581.2437897,2026-09-08T08:19:41.243789Z,8259,70,CTD,65535,255,1027.6290283203125
1788855581.443541,2026-09-08T08:19:41.443541Z,8259,70,CTD,65535,255,1027.6275634765625
1788855581.6436405,2026-09-08T08:19:41.643640Z,8259,70,CTD,65535,255,1027.62890625
1788855581.8436406,2026-09-08T08:19:41.843640Z,8259,70,CTD,65535,255,1027.628662109375
1788855582.0439248,2026-09-08T08:19:42.043924Z,8259,70,CTD,65535,255,1027.627197265625
1788855582.2437406,2026-09-08T08:19:42.243740Z,8259,70,CTD,65535,255,1027.62744140625
1788855582.443692,2026-09-08T08:19:42.443691Z,8259,70,CTD,65535,255,1027.6312255859375
1788855582.6436524,2026-09-08T08:19:42.643652Z,8259,70,CTD,65535,255,1027.6302490234375
1788855582.843627,2026-09-08T08:19:42.843626Z,8259,70,CTD,65535,255,1027.628173828125
1788855583.0439887,2026-09-08T08:19:43.043988Z,8259,70,CTD,65535,255,1027.6285400390625
1788855583.2436855,2026-09-08T08:19:43.243685Z,8259,70,CTD,65535,255,1027.625732421875
1788855583.443553,2026-09-08T08:19:43.443552Z,8259,70,CTD,65535,255,1027.62744140625
1788855583.643673,2026-09-08T08:19:43.643672Z,8259,70,CTD,65535,255,1027.626708984375
1788855583.8436568,2026-09-08T08:19:43.843656Z,8259,70,CTD,65535,255,1027.6282958984375
1788855584.0438352,2026-09-08T08:19:44.043835Z,8259,70,CTD,65535,255,1027.62646484375
1788855584.2434807,2026-09-08T08:19:44.243480Z,8259,70,CTD,65535,255,1027.62646484375
1788855584.443525,2026-09-08T08:19:44.443525Z,8259,70,CTD,65535,255,1027.6241455078125
1788855584.6435554,2026-09-08T08:19:44.643555Z,8259,70,CTD,65535,255,1027.62939453125
1788855584.8435438,2026-09-08T08:19:44.843543Z,8259,70,CTD,65535,255,1027.6297607421875
1788855585.0437434,2026-09-08T08:19:45.043743Z,8259,70,CTD,65535,255,1027.6258544921875
1788855585.2435262,2026-09-08T08:19:45.243526Z,8259,70,CTD,65535,255,1027.6292724609375
1788855585.4435892,2026-09-08T08:19:45.443589Z,8259,70,CTD,65535,255,1027.6260986328125
1788855585.6433978,2026-09-08T08:19:45.643397Z,8259,70,CTD,65535,255,1027.62841796875
1788855585.8433642,2026-09-08T08:19:45.843364Z,8259,70,CTD,65535,255,1027.6263427734375
1788855586.0436077,2026-09-08T08:19:46.043607Z,8259,70,CTD,65535,255,1027.629150390625
1788855586.2435455,2026-09-08T08:19:46.243545Z,8259,70,CTD,65535,255,1027.6279296875
1788855586.443442,2026-09-08T08:19:46.443442Z,8259,70,CTD,65535,255,1027.6260986328125
1788855586.643546,2026-09-08T08:19:46.643546Z,8259,70,CTD,65535,255,1027.630859375
1788855586.8435278,2026-09-08T08:19:46.843527Z,8259,70,CTD,65535,255,1027.6270751953125
1788855587.043753,2026-09-08T08:19:47.043752Z,8259,70,CTD,65535,255,1027.6307373046875
1788855587.2435682,2026-09-08T08:19:47.243568Z,8259,70,CTD,65535,255,1027.63134765625
1788855587.4435039,2026-09-08T08:19:47.443503Z,8259,70,CTD,65535,255,1027.628662109375
1788855587.6435978,2026-09-08T08:19:47.643597Z,8259,70,CTD,65535,255,1027.633544921875
1788855587.8434935,2026-09-08T08:19:47.843493Z,8259,70,CTD,65535,255,1027.6312255859375
1788855588.0437524,2026-09-08T08:19:48.043752Z,8259,70,CTD,65535,255,1027.62939453125
1788855588.2434866,2026-09-08T08:19:48.243486Z,8259,70,CTD,65535,255,1027.6302490234375
1788855588.4437497,2026-09-08T08:19:48.443749Z,8259,70,CTD,65535,255,1027.631103515625
1788855588.6439302,2026-09-08T08:19:48.643930Z,8259,70,CTD,65535,255,1027.63134765625
1788855588.8440893,2026-09-08T08:19:48.844089Z,8259,70,CTD,65535,255,1027.6297607421875
1788855589.0443826,2026-09-08T08:19:49.044382Z,8259,70,CTD,65535,255,1027.6318359375
1788855589.2440455,2026-09-08T08:19:49.244045Z,8259,70,CTD,65535,255,1027.630126953125
1788855589.4434435,2026-09-08T08:19:49.443443Z,8259,70,CTD,65535,255,1027.6341552734375
1788855589.6429465,2026-09-08T08:19:49.642946Z,8259,70,CTD,65535,255,1027.633544921875
1788855589.8425193,2026-09-08T08:19:49.842519Z,8259,70,CTD,65535,255,1027.630859375
1788855590.042087,2026-09-08T08:19:50.042087Z,8259,70,CTD,65535,255,1027.6336669921875
1788855590.241375,2026-09-08T08:19:50.241374Z,8259,70,CTD,65535,255,1027.6295166015625
1788855590.4409049,2026-09-08T08:19:50.440904Z,8259,70,CTD,65535,255,1027.6302490234375
1788855590.6404154,2026-09-08T08:19:50.640415Z,8259,70,CTD,65535,255,1027.63330078125
1788855590.8398676,2026-09-08T08:19:50.839867Z,8259,70,CTD,65535,255,1027.63037109375
1788855591.0396218,2026-09-08T08:19:51.039621Z,8259,70,CTD,65535,255,1027.631103515625
1788855591.2391255,2026-09-08T08:19:51.239125Z,8259,70,CTD,65535,255,1027.6318359375
1788855591.4387803,2026-09-08T08:19:51.438780Z,8259,70,CTD,65535,255,1027.630615234375
1788855591.6385794,2026-09-08T08:19:51.638579Z,8259,70,CTD,65535,255,1027.6314697265625
1788855591.8383625,2026-09-08T08:19:51.838362Z,8259,70,CTD,65535,255,1027.630859375
1788855592.0386083,2026-09-08T08:19:52.038608Z,8259,70,CTD,65535,255,1027.6346435546875
1788855592.2382464,2026-09-08T08:19:52.238246Z,8259,70,CTD,65535,255,1027.63134765625
1788855592.438265,2026-09-08T08:19:52.438265Z,8259,70,CTD,65535,255,1027.6324462890625
1788855592.6381414,2026-09-08T08:19:52.638141Z,8259,70,CTD,65535,255,1027.6290283203125
1788855592.8383062,2026-09-08T08:19:52.838306Z,8259,70,CTD,65535,255,1027.631591796875
1788855593.0387433,2026-09-08T08:19:53.038743Z,8259,70,CTD,65535,255,1027.6317138671875
1788855593.2386873,2026-09-08T08:19:53.238687Z,8259,70,CTD,65535,255,1027.6326904296875
1788855593.4387503,2026-09-08T08:19:53.438750Z,8259,70,CTD,65535,255,1027.631591796875
1788855593.6388557,2026-09-08T08:19:53.638855Z,8259,70,CTD,65535,255,1027.6322021484375
1788855593.8388739,2026-09-08T08:19:53.838873Z,8259,70,CTD,65535,255,1027.6324462890625
1788855594.039797,2026-09-08T08:19:54.039797Z,8259,70,CTD,65535,255,1027.629150390625
1788855594.2391171,2026-09-08T08:19:54.239117Z,8259,70,CTD,65535,255,1027.63330078125
1788855594.4395025,2026-09-08T08:19:54.439502Z,8259,70,CTD,65535,255,1027.6307373046875
1788855594.639412,2026-09-08T08:19:54.639411Z,8259,70,CTD,65535,255,1027.631591796875
1788855594.8395464,2026-09-08T08:19:54.839546Z,8259,70,CTD,65535,255,1027.6314697265625
1788855595.0399945,2026-09-08T08:19:55.039994Z,8259,70,CTD,65535,255,1027.629150390625
1788855595.2399771,2026-09-08T08:19:55.239977Z,8259,70,CTD,65535,255,1027.6292724609375
1788855595.439962,2026-09-08T08:19:55.439961Z,8259,70,CTD,65535,255,1027.6318359375
1788855595.6399279,2026-09-08T08:19:55.639927Z,8259,70,CTD,65535,255,1027.6298828125
1788855595.840092,2026-09-08T08:19:55.840091Z,8259,70,CTD,65535,255,1027.6297607421875
1788855596.0404537,2026-09-08T08:19:56.040453Z,8259,70,CTD,65535,255,1027.6287841796875
1788855596.240328,2026-09-08T08:19:56.240328Z,8259,70,CTD,65535,255,1027.62744140625
1788855596.440313,2026-09-08T08:19:56.440313Z,8259,70,CTD,65535,255,1027.6285400390625
1788855596.6404,2026-09-08T08:19:56.640399Z,8259,70,CTD,65535,255,1027.627197265625
1788855596.8402727,2026-09-08T08:19:56.840272Z,8259,70,CTD,65535,255,1027.6253662109375
1788855597.0405457,2026-09-08T08:19:57.040545Z,8259,70,CTD,65535,255,1027.624755859375
1788855597.240306,2026-09-08T08:19:57.240305Z,8259,70,CTD,65535,255,1027.623046875
1788855597.4404562,2026-09-08T08:19:57.440456Z,8259,70,CTD,65535,255,1027.6258544921875
1788855597.6402302,2026-09-08T08:19:57.640230Z,8259,70,CTD,65535,255,1027.6260986328125
1788855597.8403213,2026-09-08T08:19:57.840321Z,8259,70,CTD,65535,255,1027.62158203125
1788855598.0406442,2026-09-08T08:19:58.040644Z,8259,70,CTD,65535,255,1027.6231689453125
1788855598.2406485,2026-09-08T08:19:58.240648Z,8259,70,CTD,65535,255,1027.6195068359375
1788855598.4403224,2026-09-08T08:19:58.440322Z,8259,70,CTD,65535,255,1027.6199951171875
1788855598.6404295,2026-09-08T08:19:58.640429Z,8259,70,CTD,65535,255,1027.6182861328125
1788855598.8403134,2026-09-08T08:19:58.840313Z,8259,70,CTD,65535,255,1027.617919921875
1788855599.0406458,2026-09-08T08:19:59.040645Z,8259,70,CTD,65535,255,1027.61669921875
1788855599.2404764,2026-09-08T08:19:59.240476Z,8259,70,CTD,65535,255,1027.6162109375
1788855599.440839,2026-09-08T08:19:59.440839Z,8259,70,CTD,65535,255,1027.6124267578125
1788855599.640277,2026-09-08T08:19:59.640276Z,8259,70,CTD,65535,255,1027.6085205078125
1788855599.8401608,2026-09-08T08:19:59.840160Z,8259,70,CTD,65535,255,1027.6072998046875
1788855600.0405602,2026-09-08T08:20:00.040560Z,8259,70,CTD,65535,255,1027.6094970703125
1788855600.2404597,2026-09-08T08:20:00.240459Z,8259,70,CTD,65535,255,1027.6134033203125
1788855600.4400933,2026-09-08T08:20:00.440093Z,8259,70,CTD,65535,255,1027.611083984375
1788855600.6400821,2026-09-08T08:20:00.640082Z,8259,70,CTD,65535,255,1027.612548828125
1788855600.8400717,2026-09-08T08:20:00.840071Z,8259,70,CTD,65535,255,1027.61279296875
1788855601.0406241,2026-09-08T08:20:01.040624Z,8259,70,CTD,65535,255,1027.610595703125
1788855601.2402074,2026-09-08T08:20:01.240207Z,8259,70,CTD,65535,255,1027.612060546875
1788855601.440125,2026-09-08T08:20:01.440124Z,8259,70,CTD,65535,255,1027.6136474609375
1788855601.6401527,2026-09-08T08:20:01.640152Z,8259,70,CTD,65535,255,1027.6129150390625
1788855601.840155,2026-09-08T08:20:01.840154Z,8259,70,CTD,65535,255,1027.6116943359375
1788855602.0403402,2026-09-08T08:20:02.040340Z,8259,70,CTD,65535,255,1027.6123046875
1788855602.2403584,2026-09-08T08:20:02.240358Z,8259,70,CTD,65535,255,1027.6126708984375
1788855602.440129,2026-09-08T08:20:02.440129Z,8259,70,CTD,65535,255,1027.609130859375
1788855602.640146,2026-09-08T08:20:02.640146Z,8259,70,CTD,65535,255,1027.6090087890625
1788855602.8399858,2026-09-08T08:20:02.839985Z,8259,70,CTD,65535,255,1027.6077880859375
1788855603.0403445,2026-09-08T08:20:03.040344Z,8259,70,CTD,65535,255,1027.6072998046875
1788855603.2403252,2026-09-08T08:20:03.240325Z,8259,70,CTD,65535,255,1027.608642578125
1788855603.4400904,2026-09-08T08:20:03.440090Z,8259,70,CTD,65535,255,1027.6090087890625
1788855603.6400728,2026-09-08T08:20:03.640072Z,8259,70,CTD,65535,255,1027.6092529296875
1788855603.8401966,2026-09-08T08:20:03.840196Z,8259,70,CTD,65535,255,1027.6102294921875
1788855604.040448,2026-09-08T08:20:04.040447Z,8259,70,CTD,65535,255,1027.6077880859375
1788855604.2402992,2026-09-08T08:20:04.240299Z,8259,70,CTD,65535,255,1027.6119384765625
1788855604.4400518,2026-09-08T08:20:04.440051Z,8259,70,CTD,65535,255,1027.6092529296875
1788855604.6403117,2026-09-08T08:20:04.640311Z,8259,70,CTD,65535,255,1027.6090087890625
1788855604.840107,2026-09-08T08:20:04.840106Z,8259,70,CTD,65535,255,1027.6087646484375
1788855605.0405276,2026-09-08T08:20:05.040527Z,8259,70,CTD,65535,255,1027.610107421875
1788855605.2403076,2026-09-08T08:20:05.240307Z,8259,70,CTD,65535,255,1027.607421875
1788855605.4405332,2026-09-08T08:20:05.440533Z,8259,70,CTD,65535,255,1027.610107421875
1788855605.640325,2026-09-08T08:20:05.640325Z,8259,70,CTD,65535,255,1027.611572265625
1788855605.8403187,2026-09-08T08:20:05.840318Z,8259,70,CTD,65535,255,1027.608642578125
1788855606.0407465,2026-09-08T08:20:06.040746Z,8259,70,CTD,65535,255,1027.6126708984375
1788855606.2407045,2026-09-08T08:20:06.240704Z,8259,70,CTD,65535,255,1027.61083984375
1788855606.4405444,2026-09-08T08:20:06.440544Z,8259,70,CTD,65535,255,1027.6072998046875
1788855606.6404645,2026-09-08T08:20:06.640464Z,8259,70,CTD,65535,255,1027.611572265625
1788855606.8404028,2026-09-08T08:20:06.840402Z,8259,70,CTD,65535,255,1027.6060791015625
1788855607.040801,2026-09-08T08:20:07.040801Z,8259,70,CTD,65535,255,1027.6046142578125
1788855607.240595,2026-09-08T08:20:07.240595Z,8259,70,CTD,65535,255,1027.606689453125
1788855607.4406946,2026-09-08T08:20:07.440694Z,8259,70,CTD,65535,255,1027.6060791015625
1788855607.6404123,2026-09-08T08:20:07.640412Z,8259,70,CTD,65535,255,1027.6048583984375
1788855607.840737,2026-09-08T08:20:07.840737Z,8259,70,CTD,65535,255,1027.60595703125
1788855608.0412269,2026-09-08T08:20:08.041226Z,8259,70,CTD,65535,255,1027.60400390625
1788855608.2403965,2026-09-08T08:20:08.240396Z,8259,70,CTD,65535,255,1027.6063232421875
1788855608.4403732,2026-09-08T08:20:08.440373Z,8259,70,CTD,65535,255,1027.6036376953125
1788855608.6405697,2026-09-08T08:20:08.640569Z,8259,70,CTD,65535,255,1027.6041259765625
1788855608.8404317,2026-09-08T08:20:08.840431Z,8259,70,CTD,65535,255,1027.6068115234375
1788855609.0407498,2026-09-08T08:20:09.040749Z,8259,70,CTD,65535,255,1027.6068115234375
1788855609.240611,2026-09-08T08:20:09.240611Z,8259,70,CTD,65535,255,1027.6036376953125
1788855609.4404058,2026-09-08T08:20:09.440405Z,8259,70,CTD,65535,255,1027.6065673828125
1788855609.6404896,2026-09-08T08:20:09.640489Z,8259,70,CTD,65535,255,1027.606689453125
1788855609.8402145,2026-09-08T08:20:09.840214Z,8259,70,CTD,65535,255,1027.6058349609375
1788855610.0407572,2026-09-08T08:20:10.040757Z,8259,70,CTD,65535,255,1027.607177734375
1788855610.240527,2026-09-08T08:20:10.240526Z,8259,70,CTD,65535,255,1027.6044921875
1788855610.4404814,2026-09-08T08:20:10.440481Z,8259,70,CTD,65535,255,1027.601318359375
1788855610.6402593,2026-09-08T08:20:10.640259Z,8259,70,CTD,65535,255,1027.6036376953125
1788855610.8404124,2026-09-08T08:20:10.840412Z,8259,70,CTD,65535,255,1027.6046142578125
1788855611.040455,2026-09-08T08:20:11.040455Z,8259,70,CTD,65535,255,1027.605224609375
1788855611.2401953,2026-09-08T08:20:11.240195Z,8259,70,CTD,65535,255,1027.60498046875
1788855611.440415,2026-09-08T08:20:11.440414Z,8259,70,CTD,65535,255,1027.605712890625
1788855611.6401365,2026-09-08T08:20:11.640136Z,8259,70,CTD,65535,255,1027.6060791015625
1788855611.8401272,2026-09-08T08:20:11.840127Z,8259,70,CTD,65535,255,1027.6077880859375
1788855612.0405595,2026-09-08T08:20:12.040559Z,8259,70,CTD,65535,255,1027.60693359375
1788855612.2404509,2026-09-08T08:20:12.240450Z,8259,70,CTD,65535,255,1027.6068115234375
1788855612.4403841,2026-09-08T08:20:12.440384Z,8259,70,CTD,65535,255,1027.6064453125
1788855612.6401165,2026-09-08T08:20:12.640116Z,8259,70,CTD,65535,255,1027.6085205078125
1788855612.840336,2026-09-08T08:20:12.840336Z,8259,70,CTD,65535,255,1027.60595703125
1788855613.040546,2026-09-08T08:20:13.040545Z,8259,70,CTD,65535,255,1027.6077880859375
1788855613.2401576,2026-09-08T08:20:13.240157Z,8259,70,CTD,65535,255,1027.6046142578125
1788855613.440101,2026-09-08T08:20:13.440100Z,8259,70,CTD,65535,255,1027.6063232421875
1788855613.6400466,2026-09-08T08:20:13.640046Z,8259,70,CTD,65535,255,1027.612060546875
1788855613.8400013,2026-09-08T08:20:13.840001Z,8259,70,CTD,65535,255,1027.6080322265625
1788855614.040555,2026-09-08T08:20:14.040555Z,8259,70,CTD,65535,255,1027.609375
1788855614.2404993,2026-09-08T08:20:14.240499Z,8259,70,CTD,65535,255,1027.6090087890625
1788855614.441577,2026-09-08T08:20:14.441576Z,8259,70,CTD,65535,255,1027.6134033203125
1788855614.6425793,2026-09-08T08:20:14.642579Z,8259,70,CTD,65535,255,1027.6109619140625
1788855614.8436503,2026-09-08T08:20:14.843650Z,8259,70,CTD,65535,255,1027.609375
1788855615.0452163,2026-09-08T08:20:15.045216Z,8259,70,CTD,65535,255,1027.611083984375
1788855615.2457418,2026-09-08T08:20:15.245741Z,8259,70,CTD,65535,255,1027.6123046875
1788855615.4468157,2026-09-08T08:20:15.446815Z,8259,70,CTD,65535,255,1027.6104736328125
1788855615.6474295,2026-09-08T08:20:15.647429Z,8259,70,CTD,65535,255,1027.611572265625
1788855615.8485293,2026-09-08T08:20:15.848529Z,8259,70,CTD,65535,255,1027.610595703125
1788855616.049637,2026-09-08T08:20:16.049637Z,8259,70,CTD,65535,255,1027.60888671875
1788855616.2500653,2026-09-08T08:20:16.250065Z,8259,70,CTD,65535,255,1027.6124267578125
1788855616.4499876,2026-09-08T08:20:16.449987Z,8259,70,CTD,65535,255,1027.6129150390625
1788855616.6501882,2026-09-08T08:20:16.650188Z,8259,70,CTD,65535,255,1027.6141357421875
1788855616.850437,2026-09-08T08:20:16.850436Z,8259,70,CTD,65535,255,1027.611083984375
1788855617.0508442,2026-09-08T08:20:17.050844Z,8259,70,CTD,65535,255,1027.6082763671875
1788855617.2507622,2026-09-08T08:20:17.250762Z,8259,70,CTD,65535,255,1027.6087646484375
1788855617.450742,2026-09-08T08:20:17.450742Z,8259,70,CTD,65535,255,1027.609130859375
1788855617.650623,2026-09-08T08:20:17.650623Z,8259,70,CTD,65535,255,1027.613037109375
1788855617.8502588,2026-09-08T08:20:17.850258Z,8259,70,CTD,65535,255,1027.6181640625
1788855618.0505471,2026-09-08T08:20:18.050547Z,8259,70,CTD,65535,255,1027.6185302734375
1788855618.2498302,2026-09-08T08:20:18.249830Z,8259,70,CTD,65535,255,1027.6158447265625
1788855618.4497526,2026-09-08T08:20:18.449752Z,8259,70,CTD,65535,255,1027.620849609375
1788855618.6493173,2026-09-08T08:20:18.649317Z,8259,70,CTD,65535,255,1027.6171875
1788855618.8491323,2026-09-08T08:20:18.849132Z,8259,70,CTD,65535,255,1027.616943359375
1788855619.0491118,2026-09-08T08:20:19.049111Z,8259,70,CTD,65535,255,1027.6170654296875
1788855619.2486293,2026-09-08T08:20:19.248629Z,8259,70,CTD,65535,255,1027.6168212890625
1788855619.4481359,2026-09-08T08:20:19.448135Z,8259,70,CTD,65535,255,1027.6163330078125
1788855619.6479666,2026-09-08T08:20:19.647966Z,8259,70,CTD,65535,255,1027.615234375
1788855619.8477895,2026-09-08T08:20:19.847789Z,8259,70,CTD,65535,255,1027.6168212890625
1788855620.0478969,2026-09-08T08:20:20.047896Z,8259,70,CTD,65535,255,1027.6190185546875
1788855620.247467,2026-09-08T08:20:20.247467Z,8259,70,CTD,65535,255,1027.617431640625
1788855620.447009,2026-09-08T08:20:20.447009Z,8259,70,CTD,65535,255,1027.6156005859375
1788855620.6471088,2026-09-08T08:20:20.647108Z,8259,70,CTD,65535,255,1027.6202392578125
1788855620.8470988,2026-09-08T08:20:20.847098Z,8259,70,CTD,65535,255,1027.617431640625
1788855621.0470352,2026-09-08T08:20:21.047035Z,8259,70,CTD,65535,255,1027.614990234375
1788855621.2466,2026-09-08T08:20:21.246599Z,8259,70,CTD,65535,255,1027.6181640625
1788855621.4467745,2026-09-08T08:20:21.446774Z,8259,70,CTD,65535,255,1027.6180419921875
1788855621.646677,2026-09-08T08:20:21.646677Z,8259,70,CTD,65535,255,1027.61865234375
1788855621.8462584,2026-09-08T08:20:21.846258Z,8259,70,CTD,65535,255,1027.6173095703125
1788855622.046742,2026-09-08T08:20:22.046741Z,8259,70,CTD,65535,255,1027.6190185546875
1788855622.2462533,2026-09-08T08:20:22.246253Z,8259,70,CTD,65535,255,1027.614990234375
1788855622.4466891,2026-09-08T08:20:22.446689Z,8259,70,CTD,65535,255,1027.617919921875
1788855622.6465807,2026-09-08T08:20:22.646580Z,8259,70,CTD,65535,255,1027.6185302734375
1788855622.8477757,2026-09-08T08:20:22.847775Z,8259,70,CTD,65535,255,1027.616943359375
1788855623.047212,2026-09-08T08:20:23.047211Z,8259,70,CTD,65535,255,1027.6175537109375
1788855623.2473428,2026-09-08T08:20:23.247342Z,8259,70,CTD,65535,255,1027.6177978515625
1788855623.4471824,2026-09-08T08:20:23.447182Z,8259,70,CTD,65535,255,1027.615234375
1788855623.64727,2026-09-08T08:20:23.647269Z,8259,70,CTD,65535,255,1027.617919921875
1788855623.8494108,2026-09-08T08:20:23.849410Z,8259,70,CTD,65535,255,1027.6158447265625
1788855624.048342,2026-09-08T08:20:24.048341Z,8259,70,CTD,65535,255,1027.61376953125
1788855624.2476075,2026-09-08T08:20:24.247607Z,8259,70,CTD,65535,255,1027.6160888671875
1788855624.4478576,2026-09-08T08:20:24.447857Z,8259,70,CTD,65535,255,1027.6143798828125
1788855624.6479363,2026-09-08T08:20:24.647936Z,8259,70,CTD,65535,255,1027.6158447265625
1788855624.847769,2026-09-08T08:20:24.847769Z,8259,70,CTD,65535,255,1027.6185302734375
1788855625.0483499,2026-09-08T08:20:25.048349Z,8259,70,CTD,65535,255,1027.6158447265625
1788855625.2481444,2026-09-08T08:20:25.248144Z,8259,70,CTD,65535,255,1027.6156005859375
1788855625.448107,2026-09-08T08:20:25.448107Z,8259,70,CTD,65535,255,1027.615478515625
1788855625.6477954,2026-09-08T08:20:25.647795Z,8259,70,CTD,65535,255,1027.61572265625
1788855625.8482058,2026-09-08T08:20:25.848205Z,8259,70,CTD,65535,255,1027.6153564453125
1788855626.0481296,2026-09-08T08:20:26.048129Z,8259,70,CTD,65535,255,1027.6190185546875
1788855626.247719,2026-09-08T08:20:26.247719Z,8259,70,CTD,65535,255,1027.6185302734375
1788855626.4476357,2026-09-08T08:20:26.447635Z,8259,70,CTD,65535,255,1027.618408203125
1788855626.6476138,2026-09-08T08:20:26.647613Z,8259,70,CTD,65535,255,1027.6195068359375
1788855626.8475618,2026-09-08T08:20:26.847561Z,8259,70,CTD,65535,255,1027.6171875
1788855627.0480955,2026-09-08T08:20:27.048095Z,8259,70,CTD,65535,255,1027.616943359375
1788855627.2477958,2026-09-08T08:20:27.247795Z,8259,70,CTD,65535,255,1027.6182861328125
1788855627.4475825,2026-09-08T08:20:27.447582Z,8259,70,CTD,65535,255,1027.6141357421875
1788855627.6474688,2026-09-08T08:20:27.647468Z,8259,70,CTD,65535,255,1027.6160888671875
1788855627.8476486,2026-09-08T08:20:27.847648Z,8259,70,CTD,65535,255,1027.6148681640625
1788855628.0478184,2026-09-08T08:20:28.047818Z,8259,70,CTD,65535,255,1027.615234375
1788855628.2476053,2026-09-08T08:20:28.247605Z,8259,70,CTD,65535,255,1027.6173095703125
1788855628.447317,2026-09-08T08:20:28.447316Z,8259,70,CTD,65535,255,1027.616943359375
1788855628.6472492,2026-09-08T08:20:28.647249Z,8259,70,CTD,65535,255,1027.6202392578125
1788855628.847253,2026-09-08T08:20:28.847253Z,8259,70,CTD,65535,255,1027.6201171875
1788855629.0476918,2026-09-08T08:20:29.047691Z,8259,70,CTD,65535,255,1027.6156005859375
1788855629.247285,2026-09-08T08:20:29.247284Z,8259,70,CTD,65535,255,1027.6202392578125
1788855629.4476666,2026-09-08T08:20:29.447666Z,8259,70,CTD,65535,255,1027.6217041015625
1788855629.6472135,2026-09-08T08:20:29.647213Z,8259,70,CTD,65535,255,1027.62353515625
1788855629.8471284,2026-09-08T08:20:29.847128Z,8259,70,CTD,65535,255,1027.622802734375
1788855630.0475006,2026-09-08T08:20:30.047500Z,8259,70,CTD,65535,255,1027.6209716796875
1788855630.2474694,2026-09-08T08:20:30.247469Z,8259,70,CTD,65535,255,1027.6168212890625
1788855630.447153,2026-09-08T08:20:30.447153Z,8259,70,CTD,65535,255,1027.6192626953125
1788855630.6471007,2026-09-08T08:20:30.647100Z,8259,70,CTD,65535,255,1027.615478515625
1788855630.84736,2026-09-08T08:20:30.847359Z,8259,70,CTD,65535,255,1027.62158203125
1788855631.0476823,2026-09-08T08:20:31.047682Z,8259,70,CTD,65535,255,1027.623046875
1788855631.2473106,2026-09-08T08:20:31.247310Z,8259,70,CTD,65535,255,1027.620849609375
1788855631.4472451,2026-09-08T08:20:31.447245Z,8259,70,CTD,65535,255,1027.6226806640625
1788855631.6475148,2026-09-08T08:20:31.647514Z,8259,70,CTD,65535,255,1027.6175537109375
1788855631.8487399,2026-09-08T08:20:31.848739Z,8259,70,CTD,65535,255,1027.6168212890625
1788855632.0476475,2026-09-08T08:20:32.047647Z,8259,70,CTD,65535,255,1027.6180419921875
1788855632.2474008,2026-09-08T08:20:32.247400Z,8259,70,CTD,65535,255,1027.6143798828125
1788855632.447127,2026-09-08T08:20:32.447127Z,8259,70,CTD,65535,255,1027.6170654296875
1788855632.6471076,2026-09-08T08:20:32.647107Z,8259,70,CTD,65535,255,1027.6168212890625
1788855632.8470767,2026-09-08T08:20:32.847076Z,8259,70,CTD,65535,255,1027.6160888671875
1788855633.0474668,2026-09-08T08:20:33.047466Z,8259,70,CTD,65535,255,1027.6156005859375
1788855633.2474203,2026-09-08T08:20:33.247420Z,8259,70,CTD,65535,255,1027.6185302734375
1788855633.4471016,2026-09-08T08:20:33.447101Z,8259,70,CTD,65535,255,1027.6175537109375
1788855633.647095,2026-09-08T08:20:33.647094Z,8259,70,CTD,65535,255,1027.618896484375
1788855633.8470821,2026-09-08T08:20:33.847082Z,8259,70,CTD,65535,255,1027.6219482421875
1788855634.0473812,2026-09-08T08:20:34.047381Z,8259,70,CTD,65535,255,1027.6224365234375
1788855634.2472246,2026-09-08T08:20:34.247224Z,8259,70,CTD,65535,255,1027.624267578125
1788855634.4476705,2026-09-08T08:20:34.447670Z,8259,70,CTD,65535,255,1027.6220703125
1788855634.648141,2026-09-08T08:20:34.648140Z,8259,70,CTD,65535,255,1027.62353515625
1788855634.8485768,2026-09-08T08:20:34.848576Z,8259,70,CTD,65535,255,1027.6236572265625
1788855635.0494723,2026-09-08T08:20:35.049472Z,8259,70,CTD,65535,255,1027.623046875
1788855635.2495492,2026-09-08T08:20:35.249549Z,8259,70,CTD,65535,255,1027.6220703125
1788855635.4499123,2026-09-08T08:20:35.449912Z,8259,70,CTD,65535,255,1027.620849609375
1788855635.6502008,2026-09-08T08:20:35.650200Z,8259,70,CTD,65535,255,1027.616943359375
1788855635.8505065,2026-09-08T08:20:35.850506Z,8259,70,CTD,65535,255,1027.6148681640625
1788855636.0514112,2026-09-08T08:20:36.051411Z,8259,70,CTD,65535,255,1027.6116943359375
1788855636.2512715,2026-09-08T08:20:36.251271Z,8259,70,CTD,65535,255,1027.614013671875
1788855636.4512858,2026-09-08T08:20:36.451285Z,8259,70,CTD,65535,255,1027.612060546875
1788855636.651398,2026-09-08T08:20:36.651397Z,8259,70,CTD,65535,255,1027.608642578125
1788855636.8514867,2026-09-08T08:20:36.851486Z,8259,70,CTD,65535,255,1027.6134033203125
1788855637.0519452,2026-09-08T08:20:37.051945Z,8259,70,CTD,65535,255,1027.617431640625
1788855637.2517023,2026-09-08T08:20:37.251702Z,8259,70,CTD,65535,255,1027.615478515625
1788855637.4517884,2026-09-08T08:20:37.451788Z,8259,70,CTD,65535,255,1027.6151123046875
1788855637.6514337,2026-09-08T08:20:37.651433Z,8259,70,CTD,65535,255,1027.61474609375
1788855637.851449,2026-09-08T08:20:37.851449Z,8259,70,CTD,65535,255,1027.617431640625
1788855638.0516467,2026-09-08T08:20:38.051646Z,8259,70,CTD,65535,255,1027.614501953125
1788855638.251449,2026-09-08T08:20:38.251449Z,8259,70,CTD,65535,255,1027.613525390625
1788855638.4511635,2026-09-08T08:20:38.451163Z,8259,70,CTD,65535,255,1027.614013671875
1788855638.6510122,2026-09-08T08:20:38.651012Z,8259,70,CTD,65535,255,1027.6124267578125
1788855638.8509064,2026-09-08T08:20:38.850906Z,8259,70,CTD,65535,255,1027.6114501953125
1788855639.0511065,2026-09-08T08:20:39.051106Z,8259,70,CTD,65535,255,1027.6119384765625
1788855639.250936,2026-09-08T08:20:39.250936Z,8259,70,CTD,65535,255,1027.61083984375
1788855639.4505436,2026-09-08T08:20:39.450543Z,8259,70,CTD,65535,255,1027.612060546875
1788855639.650309,2026-09-08T08:20:39.650309Z,8259,70,CTD,65535,255,1027.6141357421875
1788855639.850214,2026-09-08T08:20:39.850214Z,8259,70,CTD,65535,255,1027.611572265625
1788855640.0507135,2026-09-08T08:20:40.050713Z,8259,70,CTD,65535,255,1027.6126708984375
1788855640.2503347,2026-09-08T08:20:40.250334Z,8259,70,CTD,65535,255,1027.6114501953125
1788855640.4502115,2026-09-08T08:20:40.450211Z,8259,70,CTD,65535,255,1027.61474609375
1788855640.649884,2026-09-08T08:20:40.649883Z,8259,70,CTD,65535,255,1027.61376953125
1788855640.850029,2026-09-08T08:20:40.850028Z,8259,70,CTD,65535,255,1027.61328125
1788855641.050081,2026-09-08T08:20:41.050081Z,8259,70,CTD,65535,255,1027.61376953125
1788855641.2500145,2026-09-08T08:20:41.250014Z,8259,70,CTD,65535,255,1027.6143798828125
1788855641.449708,2026-09-08T08:20:41.449707Z,8259,70,CTD,65535,255,1027.613037109375
1788855641.6496413,2026-09-08T08:20:41.649641Z,8259,70,CTD,65535,255,1027.6124267578125
1788855641.8497324,2026-09-08T08:20:41.849732Z,8259,70,CTD,65535,255,1027.61328125
1788855642.049892,2026-09-08T08:20:42.049891Z,8259,70,CTD,65535,255,1027.614501953125
1788855642.249593,2026-09-08T08:20:42.249593Z,8259,70,CTD,65535,255,1027.61572265625
1788855642.4495466,2026-09-08T08:20:42.449546Z,8259,70,CTD,65535,255,1027.6134033203125
1788855642.6495428,2026-09-08T08:20:42.649542Z,8259,70,CTD,65535,255,1027.6153564453125
1788855642.8496249,2026-09-08T08:20:42.849624Z,8259,70,CTD,65535,255,1027.6141357421875
1788855643.0500963,2026-09-08T08:20:43.050096Z,8259,70,CTD,65535,255,1027.615478515625
1788855643.2498457,2026-09-08T08:20:43.249845Z,8259,70,CTD,65535,255,1027.6168212890625
1788855643.4498847,2026-09-08T08:20:43.449884Z,8259,70,CTD,65535,255,1027.616943359375
1788855643.6498413,2026-09-08T08:20:43.649841Z,8259,70,CTD,65535,255,1027.62109375
1788855643.8496747,2026-09-08T08:20:43.849674Z,8259,70,CTD,65535,255,1027.6226806640625
1788855644.050193,2026-09-08T08:20:44.050193Z,8259,70,CTD,65535,255,1027.6221923828125
1788855644.2498631,2026-09-08T08:20:44.249863Z,8259,70,CTD,65535,255,1027.6226806640625
1788855644.4495325,2026-09-08T08:20:44.449532Z,8259,70,CTD,65535,255,1027.6282958984375
1788855644.6498792,2026-09-08T08:20:44.649879Z,8259,70,CTD,65535,255,1027.624755859375
1788855644.8495355,2026-09-08T08:20:44.849535Z,8259,70,CTD,65535,255,1027.624755859375
1788855645.0500019,2026-09-08T08:20:45.050001Z,8259,70,CTD,65535,255,1027.6241455078125
1788855645.2498825,2026-09-08T08:20:45.249882Z,8259,70,CTD,65535,255,1027.6240234375
1788855645.4498508,2026-09-08T08:20:45.449850Z,8259,70,CTD,65535,255,1027.6220703125
1788855645.649541,2026-09-08T08:20:45.649540Z,8259,70,CTD,65535,255,1027.6243896484375
1788855645.8496737,2026-09-08T08:20:45.849673Z,8259,70,CTD,65535,255,1027.6229248046875
1788855646.0501735,2026-09-08T08:20:46.050173Z,8259,70,CTD,65535,255,1027.6270751953125
1788855646.2495677,2026-09-08T08:20:46.249567Z,8259,70,CTD,65535,255,1027.6297607421875
1788855646.4496555,2026-09-08T08:20:46.449655Z,8259,70,CTD,65535,255,1027.6259765625
1788855646.649642,2026-09-08T08:20:46.649641Z,8259,70,CTD,65535,255,1027.6307373046875
1788855646.8496623,2026-09-08T08:20:46.849662Z,8259,70,CTD,65535,255,1027.625732421875
1788855647.0501575,2026-09-08T08:20:47.050157Z,8259,70,CTD,65535,255,1027.626220703125
1788855647.249578,2026-09-08T08:20:47.249577Z,8259,70,CTD,65535,255,1027.6287841796875
1788855647.4499002,2026-09-08T08:20:47.449900Z,8259,70,CTD,65535,255,1027.6263427734375
1788855647.6495485,2026-09-08T08:20:47.649548Z,8259,70,CTD,65535,255,1027.626953125
1788855647.849668,2026-09-08T08:20:47.849668Z,8259,70,CTD,65535,255,1027.6258544921875
1788855648.0501945,2026-09-08T08:20:48.050194Z,8259,70,CTD,65535,255,1027.63037109375
1788855648.2496066,2026-09-08T08:20:48.249606Z,8259,70,CTD,65535,255,1027.631103515625
1788855648.4497628,2026-09-08T08:20:48.449762Z,8259,70,CTD,65535,255,1027.6298828125
1788855648.6496353,2026-09-08T08:20:48.649635Z,8259,70,CTD,65535,255,1027.6307373046875
1788855648.8497398,2026-09-08T08:20:48.849739Z,8259,70,CTD,65535,255,1027.6297607421875
1788855649.0501194,2026-09-08T08:20:49.050119Z,8259,70,CTD,65535,255,1027.6292724609375
1788855649.2499037,2026-09-08T08:20:49.249903Z,8259,70,CTD,65535,255,1027.6329345703125
1788855649.4499044,2026-09-08T08:20:49.449904Z,8259,70,CTD,65535,255,1027.6312255859375
1788855649.6498663,2026-09-08T08:20:49.649866Z,8259,70,CTD,65535,255,1027.6314697265625
1788855649.849633,2026-09-08T08:20:49.849632Z,8259,70,CTD,65535,255,1027.6318359375
1788855650.0501425,2026-09-08T08:20:50.050142Z,8259,70,CTD,65535,255,1027.6319580078125
1788855650.2495327,2026-09-08T08:20:50.249532Z,8259,70,CTD,65535,255,1027.6273193359375
1788855650.449593,2026-09-08T08:20:50.449593Z,8259,70,CTD,65535,255,1027.630615234375
1788855650.649599,2026-09-08T08:20:50.649599Z,8259,70,CTD,65535,255,1027.6273193359375
1788855650.8497407,2026-09-08T08:20:50.849740Z,8259,70,CTD,65535,255,1027.628662109375
1788855651.0498092,2026-09-08T08:20:51.049809Z,8259,70,CTD,65535,255,1027.630615234375
1788855651.249847,2026-09-08T08:20:51.249846Z,8259,70,CTD,65535,255,1027.6309814453125
1788855651.449999,2026-09-08T08:20:51.449999Z,8259,70,CTD,65535,255,1027.6290283203125
1788855651.6498344,2026-09-08T08:20:51.649834Z,8259,70,CTD,65535,255,1027.62939453125
1788855651.8500295,2026-09-08T08:20:51.850029Z,8259,70,CTD,65535,255,1027.631103515625
1788855652.050618,2026-09-08T08:20:52.050617Z,8259,70,CTD,65535,255,1027.62939453125
1788855652.250544,2026-09-08T08:20:52.250544Z,8259,70,CTD,65535,255,1027.6300048828125
1788855652.4502563,2026-09-08T08:20:52.450256Z,8259,70,CTD,65535,255,1027.6268310546875
1788855652.650218,2026-09-08T08:20:52.650218Z,8259,70,CTD,65535,255,1027.6258544921875
1788855652.850154,2026-09-08T08:20:52.850153Z,8259,70,CTD,65535,255,1027.6314697265625
1788855653.0505893,2026-09-08T08:20:53.050589Z,8259,70,CTD,65535,255,1027.6292724609375
1788855653.2506967,2026-09-08T08:20:53.250696Z,8259,70,CTD,65535,255,1027.6295166015625
1788855653.4519665,2026-09-08T08:20:53.451966Z,8259,70,CTD,65535,255,1027.6326904296875
1788855653.653499,2026-09-08T08:20:53.653498Z,8259,70,CTD,65535,255,1027.6273193359375
1788855653.8550441,2026-09-08T08:20:53.855044Z,8259,70,CTD,65535,255,1027.6298828125
1788855654.0575833,2026-09-08T08:20:54.057583Z,8259,70,CTD,65535,255,1027.630126953125
1788855654.258168,2026-09-08T08:20:54.258167Z,8259,70,CTD,65535,255,1027.626708984375
1788855654.4595046,2026-09-08T08:20:54.459504Z,8259,70,CTD,65535,255,1027.626220703125
1788855654.6604798,2026-09-08T08:20:54.660479Z,8259,70,CTD,65535,255,1027.626708984375
1788855654.8616629,2026-09-08T08:20:54.861662Z,8259,70,CTD,65535,255,1027.62841796875
1788855655.0633497,2026-09-08T08:20:55.063349Z,8259,70,CTD,65535,255,1027.6270751953125
1788855655.264154,2026-09-08T08:20:55.264153Z,8259,70,CTD,65535,255,1027.6265869140625
1788855655.4641318,2026-09-08T08:20:55.464131Z,8259,70,CTD,65535,255,1027.62841796875
1788855655.664413,2026-09-08T08:20:55.664412Z,8259,70,CTD,65535,255,1027.6319580078125
1788855655.8646395,2026-09-08T08:20:55.864639Z,8259,70,CTD,65535,255,1027.6319580078125
1788855656.0656853,2026-09-08T08:20:56.065685Z,8259,70,CTD,65535,255,1027.6334228515625
1788855656.2654383,2026-09-08T08:20:56.265438Z,8259,70,CTD,65535,255,1027.62841796875
1788855656.4648733,2026-09-08T08:20:56.464873Z,8259,70,CTD,65535,255,1027.626953125
1788855656.6648738,2026-09-08T08:20:56.664873Z,8259,70,CTD,65535,255,1027.6312255859375
1788855656.8643754,2026-09-08T08:20:56.864375Z,8259,70,CTD,65535,255,1027.6292724609375
1788855657.0644023,2026-09-08T08:20:57.064402Z,8259,70,CTD,65535,255,1027.6324462890625
1788855657.2637858,2026-09-08T08:20:57.263785Z,8259,70,CTD,65535,255,1027.630859375
1788855657.4637055,2026-09-08T08:20:57.463705Z,8259,70,CTD,65535,255,1027.630859375
1788855657.662964,2026-09-08T08:20:57.662964Z,8259,70,CTD,65535,255,1027.6273193359375
1788855657.862446,2026-09-08T08:20:57.862446Z,8259,70,CTD,65535,255,1027.6279296875
1788855658.0626385,2026-09-08T08:20:58.062638Z,8259,70,CTD,65535,255,1027.626220703125
1788855658.2619398,2026-09-08T08:20:58.261939Z,8259,70,CTD,65535,255,1027.6243896484375
1788855658.4613292,2026-09-08T08:20:58.461329Z,8259,70,CTD,65535,255,1027.6292724609375
1788855658.661062,2026-09-08T08:20:58.661062Z,8259,70,CTD,65535,255,1027.6297607421875
1788855658.8607194,2026-09-08T08:20:58.860719Z,8259,70,CTD,65535,255,1027.6260986328125
1788855659.0607998,2026-09-08T08:20:59.060799Z,8259,70,CTD,65535,255,1027.628173828125
1788855659.2602153,2026-09-08T08:20:59.260215Z,8259,70,CTD,65535,255,1027.631103515625
1788855659.459821,2026-09-08T08:20:59.459820Z,8259,70,CTD,65535,255,1027.6312255859375
1788855659.6596475,2026-09-08T08:20:59.659647Z,8259,70,CTD,65535,255,1027.6317138671875
1788855659.859427,2026-09-08T08:20:59.859426Z,8259,70,CTD,65535,255,1027.6314697265625
1788855660.0595396,2026-09-08T08:21:00.059539Z,8259,70,CTD,65535,255,1027.62744140625
1788855660.258994,2026-09-08T08:21:00.258994Z,8259,70,CTD,65535,255,1027.6280517578125
1788855660.4587798,2026-09-08T08:21:00.458779Z,8259,70,CTD,65535,255,1027.626220703125
1788855660.6587183,2026-09-08T08:21:00.658718Z,8259,70,CTD,65535,255,1027.6282958984375
1788855660.8587198,2026-09-08T08:21:00.858719Z,8259,70,CTD,65535,255,1027.630126953125
1788855661.059048,2026-09-08T08:21:01.059047Z,8259,70,CTD,65535,255,1027.6258544921875
1788855661.2587354,2026-09-08T08:21:01.258735Z,8259,70,CTD,65535,255,1027.6275634765625
1788855661.458497,2026-09-08T08:21:01.458497Z,8259,70,CTD,65535,255,1027.625244140625
1788855661.6586676,2026-09-08T08:21:01.658667Z,8259,70,CTD,65535,255,1027.6328125
1788855661.858515,2026-09-08T08:21:01.858515Z,8259,70,CTD,65535,255,1027.6309814453125
1788855662.058673,2026-09-08T08:21:02.058672Z,8259,70,CTD,65535,255,1027.6307373046875
1788855662.2586691,2026-09-08T08:21:02.258669Z,8259,70,CTD,65535,255,1027.6263427734375
1788855662.4585097,2026-09-08T08:21:02.458509Z,8259,70,CTD,65535,255,1027.6298828125
1788855662.6585271,2026-09-08T08:21:02.658527Z,8259,70,CTD,65535,255,1027.6298828125
1788855662.858406,2026-09-08T08:21:02.858406Z,8259,70,CTD,65535,255,1027.624755859375
1788855663.0587783,2026-09-08T08:21:03.058778Z,8259,70,CTD,65535,255,1027.6297607421875
1788855663.258489,2026-09-08T08:21:03.258488Z,8259,70,CTD,65535,255,1027.630615234375
1788855663.458485,2026-09-08T08:21:03.458484Z,8259,70,CTD,65535,255,1027.627685546875
1788855663.6584923,2026-09-08T08:21:03.658492Z,8259,70,CTD,65535,255,1027.624267578125
1788855663.8584883,2026-09-08T08:21:03.858488Z,8259,70,CTD,65535,255,1027.6258544921875
1788855664.058818,2026-09-08T08:21:04.058818Z,8259,70,CTD,65535,255,1027.6258544921875
1788855664.258844,2026-09-08T08:21:04.258843Z,8259,70,CTD,65535,255,1027.6285400390625
1788855664.458564,2026-09-08T08:21:04.458564Z,8259,70,CTD,65535,255,1027.629150390625
1788855664.6587107,2026-09-08T08:21:04.658710Z,8259,70,CTD,65535,255,1027.6253662109375
1788855664.858554,2026-09-08T08:21:04.858553Z,8259,70,CTD,65535,255,1027.626220703125
1788855665.0590951,2026-09-08T08:21:05.059095Z,8259,70,CTD,65535,255,1027.6280517578125
1788855665.2589366,2026-09-08T08:21:05.258936Z,8259,70,CTD,65535,255,1027.6279296875
1788855665.4588645,2026-09-08T08:21:05.458864Z,8259,70,CTD,65535,255,1027.6259765625
1788855665.659245,2026-09-08T08:21:05.659245Z,8259,70,CTD,65535,255,1027.6256103515625
1788855665.859332,2026-09-08T08:21:05.859332Z,8259,70,CTD,65535,255,1027.626708984375
1788855666.0598404,2026-09-08T08:21:06.059840Z,8259,70,CTD,65535,255,1027.6256103515625
1788855666.2596135,2026-09-08T08:21:06.259613Z,8259,70,CTD,65535,255,1027.6234130859375
1788855666.4597735,2026-09-08T08:21:06.459773Z,8259,70,CTD,65535,255,1027.625732421875
1788855666.6595411,2026-09-08T08:21:06.659541Z,8259,70,CTD,65535,255,1027.622802734375
1788855666.8594456,2026-09-08T08:21:06.859445Z,8259,70,CTD,65535,255,1027.6278076171875
1788855667.0598712,2026-09-08T08:21:07.059871Z,8259,70,CTD,65535,255,1027.62548828125
1788855667.2593477,2026-09-08T08:21:07.259347Z,8259,70,CTD,65535,255,1027.6248779296875
1788855667.4593165,2026-09-08T08:21:07.459316Z,8259,70,CTD,65535,255,1027.628173828125
1788855667.6594322,2026-09-08T08:21:07.659432Z,8259,70,CTD,65535,255,1027.624755859375
1788855667.8590071,2026-09-08T08:21:07.859007Z,8259,70,CTD,65535,255,1027.6251220703125
1788855668.0591667,2026-09-08T08:21:08.059166Z,8259,70,CTD,65535,255,1027.625
1788855668.258858,2026-09-08T08:21:08.258857Z,8259,70,CTD,65535,255,1027.6243896484375
1788855668.458761,2026-09-08T08:21:08.458760Z,8259,70,CTD,65535,255,1027.6251220703125
1788855668.6586823,2026-09-08T08:21:08.658682Z,8259,70,CTD,65535,255,1027.6240234375
1788855668.8586195,2026-09-08T08:21:08.858619Z,8259,70,CTD,65535,255,1027.6253662109375
1788855669.0589654,2026-09-08T08:21:09.058965Z,8259,70,CTD,65535,255,1027.6270751953125
1788855669.2587764,2026-09-08T08:21:09.258776Z,8259,70,CTD,65535,255,1027.6287841796875
1788855669.4584918,2026-09-08T08:21:09.458491Z,8259,70,CTD,65535,255,1027.6268310546875
1788855669.658736,2026-09-08T08:21:09.658735Z,8259,70,CTD,65535,255,1027.6241455078125
1788855669.8585649,2026-09-08T08:21:09.858564Z,8259,70,CTD,65535,255,1027.6302490234375
1788855670.05887,2026-09-08T08:21:10.058870Z,8259,70,CTD,65535,255,1027.6300048828125
1788855670.258516,2026-09-08T08:21:10.258516Z,8259,70,CTD,65535,255,1027.628173828125
1788855670.458532,2026-09-08T08:21:10.458532Z,8259,70,CTD,65535,255,1027.6282958984375
1788855670.658661,2026-09-08T08:21:10.658660Z,8259,70,CTD,65535,255,1027.627685546875
1788855670.8585496,2026-09-08T08:21:10.858549Z,8259,70,CTD,65535,255,1027.6328125
1788855671.0589738,2026-09-08T08:21:11.058973Z,8259,70,CTD,65535,255,1027.6314697265625
1788855671.2583916,2026-09-08T08:21:11.258391Z,8259,70,CTD,65535,255,1027.6297607421875
1788855671.4571216,2026-09-08T08:21:11.457121Z,8259,70,CTD,65535,255,1027.625
1788855671.6553965,2026-09-08T08:21:11.655396Z,8259,70,CTD,65535,255,1027.6273193359375
1788855671.8540232,2026-09-08T08:21:11.854023Z,8259,70,CTD,65535,255,1027.626708984375
1788855672.0527647,2026-09-08T08:21:12.052764Z,8259,70,CTD,65535,255,1027.62353515625
1788855672.2510643,2026-09-08T08:21:12.251064Z,8259,70,CTD,65535,255,1027.6236572265625
1788855672.4499388,2026-09-08T08:21:12.449938Z,8259,70,CTD,65535,255,1027.624267578125
1788855672.648732,2026-09-08T08:21:12.648731Z,8259,70,CTD,65535,255,1027.631591796875
1788855672.8476508,2026-09-08T08:21:12.847650Z,8259,70,CTD,65535,255,1027.622802734375
1788855673.046808,2026-09-08T08:21:13.046808Z,8259,70,CTD,65535,255,1027.625244140625
1788855673.2454746,2026-09-08T08:21:13.245474Z,8259,70,CTD,65535,255,1027.62744140625
1788855673.4453578,2026-09-08T08:21:13.445357Z,8259,70,CTD,65535,255,1027.6263427734375
1788855673.64504,2026-09-08T08:21:13.645040Z,8259,70,CTD,65535,255,1027.6231689453125
1788855673.8447692,2026-09-08T08:21:13.844769Z,8259,70,CTD,65535,255,1027.6248779296875
1788855674.04505,2026-09-08T08:21:14.045049Z,8259,70,CTD,65535,255,1027.6243896484375
1788855674.244493,2026-09-08T08:21:14.244493Z,8259,70,CTD,65535,255,1027.623779296875
1788855674.444716,2026-09-08T08:21:14.444715Z,8259,70,CTD,65535,255,1027.626708984375
1788855674.6448069,2026-09-08T08:21:14.644806Z,8259,70,CTD,65535,255,1027.627197265625
1788855674.844959,2026-09-08T08:21:14.844959Z,8259,70,CTD,65535,255,1027.62255859375
1788855675.045586,2026-09-08T08:21:15.045586Z,8259,70,CTD,65535,255,1027.62890625
1788855675.2455928,2026-09-08T08:21:15.245592Z,8259,70,CTD,65535,255,1027.6278076171875
1788855675.445907,2026-09-08T08:21:15.445907Z,8259,70,CTD,65535,255,1027.628173828125
1788855675.646323,2026-09-08T08:21:15.646322Z,8259,70,CTD,65535,255,1027.6302490234375
1788855675.8468704,2026-09-08T08:21:15.846870Z,8259,70,CTD,65535,255,1027.6292724609375
1788855676.04745,2026-09-08T08:21:16.047450Z,8259,70,CTD,65535,255,1027.6282958984375
1788855676.2477305,2026-09-08T08:21:16.247730Z,8259,70,CTD,65535,255,1027.6256103515625
1788855676.4477446,2026-09-08T08:21:16.447744Z,8259,70,CTD,65535,255,1027.6275634765625
1788855676.6481426,2026-09-08T08:21:16.648142Z,8259,70,CTD,65535,255,1027.625
1788855676.8484616,2026-09-08T08:21:16.848461Z,8259,70,CTD,65535,255,1027.625732421875
1788855677.0500286,2026-09-08T08:21:17.050028Z,8259,70,CTD,65535,255,1027.6258544921875
1788855677.249239,2026-09-08T08:21:17.249238Z,8259,70,CTD,65535,255,1027.624755859375
1788855677.449273,2026-09-08T08:21:17.449273Z,8259,70,CTD,65535,255,1027.6285400390625
1788855677.649444,2026-09-08T08:21:17.649444Z,8259,70,CTD,65535,255,1027.626708984375
1788855677.849609,2026-09-08T08:21:17.849608Z,8259,70,CTD,65535,255,1027.6256103515625
1788855678.0501842,2026-09-08T08:21:18.050184Z,8259,70,CTD,65535,255,1027.624755859375
1788855678.2500224,2026-09-08T08:21:18.250022Z,8259,70,CTD,65535,255,1027.6268310546875
1788855678.450196,2026-09-08T08:21:18.450196Z,8259,70,CTD,65535,255,1027.6251220703125
1788855678.65016,2026-09-08T08:21:18.650160Z,8259,70,CTD,65535,255,1027.6280517578125
1788855678.850246,2026-09-08T08:21:18.850245Z,8259,70,CTD,65535,255,1027.6248779296875
1788855679.0505147,2026-09-08T08:21:19.050514Z,8259,70,CTD,65535,255,1027.62255859375
1788855679.250556,2026-09-08T08:21:19.250555Z,8259,70,CTD,65535,255,1027.6297607421875
1788855679.4504132,2026-09-08T08:21:19.450413Z,8259,70,CTD,65535,255,1027.6279296875
1788855679.6504037,2026-09-08T08:21:19.650403Z,8259,70,CTD,65535,255,1027.622802734375
1788855679.8502698,2026-09-08T08:21:19.850269Z,8259,70,CTD,65535,255,1027.62548828125
1788855680.0507102,2026-09-08T08:21:20.050710Z,8259,70,CTD,65535,255,1027.625244140625
1788855680.2503562,2026-09-08T08:21:20.250356Z,8259,70,CTD,65535,255,1027.6229248046875
1788855680.4504812,2026-09-08T08:21:20.450481Z,8259,70,CTD,65535,255,1027.6275634765625
1788855680.6506312,2026-09-08T08:21:20.650631Z,8259,70,CTD,65535,255,1027.6302490234375
1788855680.8507888,2026-09-08T08:21:20.850788Z,8259,70,CTD,65535,255,1027.626220703125
1788855681.051464,2026-09-08T08:21:21.051464Z,8259,70,CTD,65535,255,1027.62744140625
1788855681.25148,2026-09-08T08:21:21.251480Z,8259,70,CTD,65535,255,1027.6243896484375
1788855681.451339,2026-09-08T08:21:21.451339Z,8259,70,CTD,65535,255,1027.6268310546875
1788855681.6509748,2026-09-08T08:21:21.650974Z,8259,70,CTD,65535,255,1027.62939453125
1788855681.8508644,2026-09-08T08:21:21.850864Z,8259,70,CTD,65535,255,1027.62646484375
1788855682.051104,2026-09-08T08:21:22.051104Z,8259,70,CTD,65535,255,1027.6248779296875
1788855682.250995,2026-09-08T08:21:22.250994Z,8259,70,CTD,65535,255,1027.6256103515625
1788855682.450613,2026-09-08T08:21:22.450613Z,8259,70,CTD,65535,255,1027.6282958984375
1788855682.6504192,2026-09-08T08:21:22.650419Z,8259,70,CTD,65535,255,1027.6263427734375
1788855682.8502882,2026-09-08T08:21:22.850288Z,8259,70,CTD,65535,255,1027.6275634765625
1788855683.0506256,2026-09-08T08:21:23.050625Z,8259,70,CTD,65535,255,1027.62744140625
1788855683.2501822,2026-09-08T08:21:23.250182Z,8259,70,CTD,65535,255,1027.6280517578125
1788855683.450279,2026-09-08T08:21:23.450278Z,8259,70,CTD,65535,255,1027.628662109375
1788855683.6499417,2026-09-08T08:21:23.649941Z,8259,70,CTD,65535,255,1027.626220703125
1788855683.8500707,2026-09-08T08:21:23.850070Z,8259,70,CTD,65535,255,1027.626708984375
1788855684.0504558,2026-09-08T08:21:24.050455Z,8259,70,CTD,65535,255,1027.626708984375
1788855684.2499957,2026-09-08T08:21:24.249995Z,8259,70,CTD,65535,255,1027.627197265625
1788855684.4496574,2026-09-08T08:21:24.449657Z,8259,70,CTD,65535,255,1027.6263427734375
1788855684.6499505,2026-09-08T08:21:24.649950Z,8259,70,CTD,65535,255,1027.6273193359375
1788855684.8496134,2026-09-08T08:21:24.849613Z,8259,70,CTD,65535,255,1027.6275634765625
1788855685.0499244,2026-09-08T08:21:25.049924Z,8259,70,CTD,65535,255,1027.6263427734375
1788855685.2499266,2026-09-08T08:21:25.249926Z,8259,70,CTD,65535,255,1027.6275634765625
1788855685.449881,2026-09-08T08:21:25.449881Z,8259,70,CTD,65535,255,1027.6256103515625
1788855685.6496563,2026-09-08T08:21:25.649656Z,8259,70,CTD,65535,255,1027.624755859375
1788855685.8498404,2026-09-08T08:21:25.849840Z,8259,70,CTD,65535,255,1027.62890625
1788855686.0501676,2026-09-08T08:21:26.050167Z,8259,70,CTD,65535,255,1027.6307373046875
1788855686.2500167,2026-09-08T08:21:26.250016Z,8259,70,CTD,65535,255,1027.6256103515625
1788855686.4496274,2026-09-08T08:21:26.449627Z,8259,70,CTD,65535,255,1027.626708984375
1788855686.6495552,2026-09-08T08:21:26.649555Z,8259,70,CTD,65535,255,1027.626220703125
1788855686.8494754,2026-09-08T08:21:26.849475Z,8259,70,CTD,65535,255,1027.6236572265625
1788855687.0496392,2026-09-08T08:21:27.049639Z,8259,70,CTD,65535,255,1027.626708984375
1788855687.249796,2026-09-08T08:21:27.249795Z,8259,70,CTD,65535,255,1027.626708984375
1788855687.449238,2026-09-08T08:21:27.449238Z,8259,70,CTD,65535,255,1027.626953125
1788855687.6494403,2026-09-08T08:21:27.649440Z,8259,70,CTD,65535,255,1027.62744140625
1788855687.8490603,2026-09-08T08:21:27.849060Z,8259,70,CTD,65535,255,1027.623046875
1788855688.049641,2026-09-08T08:21:28.049640Z,8259,70,CTD,65535,255,1027.62646484375
1788855688.2489934,2026-09-08T08:21:28.248993Z,8259,70,CTD,65535,255,1027.62451171875
1788855688.4489355,2026-09-08T08:21:28.448935Z,8259,70,CTD,65535,255,1027.627197265625
1788855688.6489348,2026-09-08T08:21:28.648934Z,8259,70,CTD,65535,255,1027.6285400390625
1788855688.8489792,2026-09-08T08:21:28.848979Z,8259,70,CTD,65535,255,1027.62646484375
1788855689.0493739,2026-09-08T08:21:29.049373Z,8259,70,CTD,65535,255,1027.625732421875
1788855689.2492275,2026-09-08T08:21:29.249227Z,8259,70,CTD,65535,255,1027.627197265625
1788855689.449025,2026-09-08T08:21:29.449024Z,8259,70,CTD,65535,255,1027.630859375
1788855689.6489925,2026-09-08T08:21:29.648992Z,8259,70,CTD,65535,255,1027.626708984375
1788855689.8490164,2026-09-08T08:21:29.849016Z,8259,70,CTD,65535,255,1027.62744140625
1788855690.0493689,2026-09-08T08:21:30.049368Z,8259,70,CTD,65535,255,1027.6260986328125
1788855690.249058,2026-09-08T08:21:30.249058Z,8259,70,CTD,65535,255,1027.62646484375
1788855690.4490101,2026-09-08T08:21:30.449010Z,8259,70,CTD,65535,255,1027.6265869140625
1788855690.6491137,2026-09-08T08:21:30.649113Z,8259,70,CTD,65535,255,1027.6253662109375
1788855690.8491542,2026-09-08T08:21:30.849154Z,8259,70,CTD,65535,255,1027.62744140625
1788855691.0496066,2026-09-08T08:21:31.049606Z,8259,70,CTD,65535,255,1027.6265869140625
1788855691.2494018,2026-09-08T08:21:31.249401Z,8259,70,CTD,65535,255,1027.6279296875
1788855691.4492261,2026-09-08T08:21:31.449226Z,8259,70,CTD,65535,255,1027.6256103515625
1788855691.6493998,2026-09-08T08:21:31.649399Z,8259,70,CTD,65535,255,1027.6260986328125
1788855691.8492715,2026-09-08T08:21:31.849271Z,8259,70,CTD,65535,255,1027.626708984375
1788855692.049679,2026-09-08T08:21:32.049679Z,8259,70,CTD,65535,255,1027.6263427734375
1788855692.2492661,2026-09-08T08:21:32.249266Z,8259,70,CTD,65535,255,1027.6282958984375
1788855692.449536,2026-09-08T08:21:32.449536Z,8259,70,CTD,65535,255,1027.6279296875
1788855692.649329,2026-09-08T08:21:32.649328Z,8259,70,CTD,65535,255,1027.626220703125
1788855692.8492713,2026-09-08T08:21:32.849271Z,8259,70,CTD,65535,255,1027.625732421875
1788855693.0495565,2026-09-08T08:21:33.049556Z,8259,70,CTD,65535,255,1027.628662109375
1788855693.2494464,2026-09-08T08:21:33.249446Z,8259,70,CTD,65535,255,1027.6280517578125
1788855693.4493196,2026-09-08T08:21:33.449319Z,8259,70,CTD,65535,255,1027.629150390625
1788855693.6495266,2026-09-08T08:21:33.649526Z,8259,70,CTD,65535,255,1027.6298828125
1788855693.849341,2026-09-08T08:21:33.849340Z,8259,70,CTD,65535,255,1027.6280517578125
1788855694.049551,2026-09-08T08:21:34.049551Z,8259,70,CTD,65535,255,1027.62646484375
1788855694.249575,2026-09-08T08:21:34.249574Z,8259,70,CTD,65535,255,1027.6285400390625
1788855694.4495153,2026-09-08T08:21:34.449515Z,8259,70,CTD,65535,255,1027.6279296875
1788855694.6493335,2026-09-08T08:21:34.649333Z,8259,70,CTD,65535,255,1027.6258544921875
1788855694.8495045,2026-09-08T08:21:34.849504Z,8259,70,CTD,65535,255,1027.62744140625
1788855695.0494852,2026-09-08T08:21:35.049485Z,8259,70,CTD,65535,255,1027.6253662109375
1788855695.2492692,2026-09-08T08:21:35.249269Z,8259,70,CTD,65535,255,1027.6240234375
1788855695.4492736,2026-09-08T08:21:35.449273Z,8259,70,CTD,65535,255,1027.6287841796875
1788855695.6491272,2026-09-08T08:21:35.649127Z,8259,70,CTD,65535,255,1027.6214599609375
1788855695.8491297,2026-09-08T08:21:35.849129Z,8259,70,CTD,65535,255,1027.6209716796875
1788855696.0496464,2026-09-08T08:21:36.049646Z,8259,70,CTD,65535,255,1027.626953125
1788855696.249236,2026-09-08T08:21:36.249236Z,8259,70,CTD,65535,255,1027.629638671875
1788855696.449403,2026-09-08T08:21:36.449403Z,8259,70,CTD,65535,255,1027.6246337890625
1788855696.6492462,2026-09-08T08:21:36.649246Z,8259,70,CTD,65535,255,1027.6251220703125
1788855696.8492284,2026-09-08T08:21:36.849228Z,8259,70,CTD,65535,255,1027.6239013671875
1788855697.049477,2026-09-08T08:21:37.049477Z,8259,70,CTD,65535,255,1027.6251220703125
1788855697.2492354,2026-09-08T08:21:37.249235Z,8259,70,CTD,65535,255,1027.6265869140625
1788855697.4495218,2026-09-08T08:21:37.449521Z,8259,70,CTD,65535,255,1027.6258544921875
1788855697.649102,2026-09-08T08:21:37.649101Z,8259,70,CTD,65535,255,1027.62548828125
1788855697.849107,2026-09-08T08:21:37.849107Z,8259,70,CTD,65535,255,1027.6204833984375
1788855698.0494807,2026-09-08T08:21:38.049480Z,8259,70,CTD,65535,255,1027.6217041015625
1788855698.2491271,2026-09-08T08:21:38.249127Z,8259,70,CTD,65535,255,1027.6229248046875
1788855698.4490557,2026-09-08T08:21:38.449055Z,8259,70,CTD,65535,255,1027.620361328125
1788855698.6493003,2026-09-08T08:21:38.649300Z,8259,70,CTD,65535,255,1027.620361328125
1788855698.8490257,2026-09-08T08:21:38.849025Z,8259,70,CTD,65535,255,1027.61962890625
1788855699.0493035,2026-09-08T08:21:39.049303Z,8259,70,CTD,65535,255,1027.6162109375
1788855699.2493606,2026-09-08T08:21:39.249360Z,8259,70,CTD,65535,255,1027.6182861328125
1788855699.4491074,2026-09-08T08:21:39.449107Z,8259,70,CTD,65535,255,1027.6181640625
1788855699.649302,2026-09-08T08:21:39.649302Z,8259,70,CTD,65535,255,1027.6158447265625
1788855699.8490384,2026-09-08T08:21:39.849038Z,8259,70,CTD,65535,255,1027.6109619140625
1788855700.0494986,2026-09-08T08:21:40.049498Z,8259,70,CTD,65535,255,1027.607421875
1788855700.2493305,2026-09-08T08:21:40.249330Z,8259,70,CTD,65535,255,1027.6064453125
1788855700.449036,2026-09-08T08:21:40.449035Z,8259,70,CTD,65535,255,1027.6004638671875
1788855700.6490202,2026-09-08T08:21:40.649020Z,8259,70,CTD,65535,255,1027.5985107421875
1788855700.848993,2026-09-08T08:21:40.848993Z,8259,70,CTD,65535,255,1027.59228515625
1788855701.049311,2026-09-08T08:21:41.049310Z,8259,70,CTD,65535,255,1027.58642578125
1788855701.249412,2026-09-08T08:21:41.249412Z,8259,70,CTD,65535,255,1027.5843505859375
1788855701.4492517,2026-09-08T08:21:41.449251Z,8259,70,CTD,65535,255,1027.5816650390625
1788855701.6492348,2026-09-08T08:21:41.649234Z,8259,70,CTD,65535,255,1027.580322265625
1788855701.8491008,2026-09-08T08:21:41.849100Z,8259,70,CTD,65535,255,1027.5770263671875
1788855702.049383,2026-09-08T08:21:42.049382Z,8259,70,CTD,65535,255,1027.5748291015625
1788855702.2489772,2026-09-08T08:21:42.248977Z,8259,70,CTD,65535,255,1027.5745849609375
1788855702.4493124,2026-09-08T08:21:42.449312Z,8259,70,CTD,65535,255,1027.5740966796875
1788855702.6492033,2026-09-08T08:21:42.649203Z,8259,70,CTD,65535,255,1027.570068359375
1788855702.849097,2026-09-08T08:21:42.849097Z,8259,70,CTD,65535,255,1027.568359375
1788855703.0492992,2026-09-08T08:21:43.049299Z,8259,70,CTD,65535,255,1027.5684814453125
1788855703.2492287,2026-09-08T08:21:43.249228Z,8259,70,CTD,65535,255,1027.566650390625
1788855703.449035,2026-09-08T08:21:43.449034Z,8259,70,CTD,65535,255,1027.566650390625
1788855703.6491568,2026-09-08T08:21:43.649156Z,8259,70,CTD,65535,255,1027.5655517578125
1788855703.84895,2026-09-08T08:21:43.848949Z,8259,70,CTD,65535,255,1027.564453125
1788855704.04956,2026-09-08T08:21:44.049560Z,8259,70,CTD,65535,255,1027.5653076171875
1788855704.2489836,2026-09-08T08:21:44.248983Z,8259,70,CTD,65535,255,1027.564453125
1788855704.4491775,2026-09-08T08:21:44.449177Z,8259,70,CTD,65535,255,1027.5643310546875
1788855704.6489327,2026-09-08T08:21:44.648932Z,8259,70,CTD,65535,255,1027.5665283203125
1788855704.8488746,2026-09-08T08:21:44.848874Z,8259,70,CTD,65535,255,1027.5640869140625
1788855705.0492866,2026-09-08T08:21:45.049286Z,8259,70,CTD,65535,255,1027.5635986328125
1788855705.2492454,2026-09-08T08:21:45.249245Z,8259,70,CTD,65535,255,1027.5616455078125
1788855705.4489517,2026-09-08T08:21:45.448951Z,8259,70,CTD,65535,255,1027.5634765625
1788855705.6491778,2026-09-08T08:21:45.649177Z,8259,70,CTD,65535,255,1027.5631103515625
1788855705.8489048,2026-09-08T08:21:45.848904Z,8259,70,CTD,65535,255,1027.5604248046875
1788855706.0493877,2026-09-08T08:21:46.049387Z,8259,70,CTD,65535,255,1027.5615234375
1788855706.2489555,2026-09-08T08:21:46.248955Z,8259,70,CTD,65535,255,1027.5606689453125
1788855706.4489055,2026-09-08T08:21:46.448905Z,8259,70,CTD,65535,255,1027.5582275390625
1788855706.6490004,2026-09-08T08:21:46.649000Z,8259,70,CTD,65535,255,1027.5615234375
1788855706.8489292,2026-09-08T08:21:46.848929Z,8259,70,CTD,65535,255,1027.55810546875
1788855707.049412,2026-09-08T08:21:47.049412Z,8259,70,CTD,65535,255,1027.55859375
1788855707.249201,2026-09-08T08:21:47.249201Z,8259,70,CTD,65535,255,1027.5574951171875
1788855707.4493613,2026-09-08T08:21:47.449361Z,8259,70,CTD,65535,255,1027.5618896484375
1788855707.649643,2026-09-08T08:21:47.649642Z,8259,70,CTD,65535,255,1027.5560302734375
1788855707.849909,2026-09-08T08:21:47.849909Z,8259,70,CTD,65535,255,1027.55419921875
1788855708.0504491,2026-09-08T08:21:48.050449Z,8259,70,CTD,65535,255,1027.554931640625
1788855708.2499578,2026-09-08T08:21:48.249957Z,8259,70,CTD,65535,255,1027.55322265625
1788855708.4499152,2026-09-08T08:21:48.449915Z,8259,70,CTD,65535,255,1027.5537109375
1788855708.650086,2026-09-08T08:21:48.650085Z,8259,70,CTD,65535,255,1027.554931640625
1788855708.8500044,2026-09-08T08:21:48.850004Z,8259,70,CTD,65535,255,1027.5526123046875
1788855709.0503983,2026-09-08T08:21:49.050398Z,8259,70,CTD,65535,255,1027.55224609375
1788855709.2498984,2026-09-08T08:21:49.249898Z,8259,70,CTD,65535,255,1027.5430908203125
1788855709.4496663,2026-09-08T08:21:49.449666Z,8259,70,CTD,65535,255,1027.5408935546875
1788855709.649359,2026-09-08T08:21:49.649358Z,8259,70,CTD,65535,255,1027.5411376953125
1788855709.8492215,2026-09-08T08:21:49.849221Z,8259,70,CTD,65535,255,1027.53662109375
1788855710.0497491,2026-09-08T08:21:50.049749Z,8259,70,CTD,65535,255,1027.5328369140625
1788855710.2490425,2026-09-08T08:21:50.249042Z,8259,70,CTD,65535,255,1027.5318603515625
1788855710.4489818,2026-09-08T08:21:50.448981Z,8259,70,CTD,65535,255,1027.5257568359375
1788855710.6488404,2026-09-08T08:21:50.648840Z,8259,70,CTD,65535,255,1027.53076171875
1788855710.849126,2026-09-08T08:21:50.849126Z,8259,70,CTD,65535,255,1027.5228271484375
1788855711.049301,2026-09-08T08:21:51.049300Z,8259,70,CTD,65535,255,1027.522216796875
1788855711.2487764,2026-09-08T08:21:51.248776Z,8259,70,CTD,65535,255,1027.523681640625
1788855711.4489582,2026-09-08T08:21:51.448958Z,8259,70,CTD,65535,255,1027.5260009765625
1788855711.648759,2026-09-08T08:21:51.648758Z,8259,70,CTD,65535,255,1027.5252685546875
1788855711.8487403,2026-09-08T08:21:51.848740Z,8259,70,CTD,65535,255,1027.520751953125
1788855712.049182,2026-09-08T08:21:52.049181Z,8259,70,CTD,65535,255,1027.52001953125
1788855712.2486436,2026-09-08T08:21:52.248643Z,8259,70,CTD,65535,255,1027.5191650390625
1788855712.4482281,2026-09-08T08:21:52.448228Z,8259,70,CTD,65535,255,1027.519287109375
1788855712.6471014,2026-09-08T08:21:52.647101Z,8259,70,CTD,65535,255,1027.517578125
1788855712.8464825,2026-09-08T08:21:52.846482Z,8259,70,CTD,65535,255,1027.51416015625
1788855713.0459263,2026-09-08T08:21:53.045926Z,8259,70,CTD,65535,255,1027.51220703125
1788855713.2445776,2026-09-08T08:21:53.244577Z,8259,70,CTD,65535,255,1027.5108642578125
1788855713.4442117,2026-09-08T08:21:53.444211Z,8259,70,CTD,65535,255,1027.5107421875
1788855713.6436455,2026-09-08T08:21:53.643645Z,8259,70,CTD,65535,255,1027.509521484375
1788855713.8429103,2026-09-08T08:21:53.842910Z,8259,70,CTD,65535,255,1027.5111083984375
1788855714.0432012,2026-09-08T08:21:54.043201Z,8259,70,CTD,65535,255,1027.5111083984375
1788855714.2418363,2026-09-08T08:21:54.241836Z,8259,70,CTD,65535,255,1027.504150390625
1788855714.4419818,2026-09-08T08:21:54.441981Z,8259,70,CTD,65535,255,1027.499755859375
1788855714.6418135,2026-09-08T08:21:54.641813Z,8259,70,CTD,65535,255,1027.5009765625
1788855714.841915,2026-09-08T08:21:54.841914Z,8259,70,CTD,65535,255,1027.5001220703125
1788855715.042371,2026-09-08T08:21:55.042371Z,8259,70,CTD,65535,255,1027.4974365234375
1788855715.2424643,2026-09-08T08:21:55.242464Z,8259,70,CTD,65535,255,1027.4947509765625
1788855715.4422739,2026-09-08T08:21:55.442273Z,8259,70,CTD,65535,255,1027.4923095703125
1788855715.6417673,2026-09-08T08:21:55.641767Z,8259,70,CTD,65535,255,1027.4935302734375
1788855715.841634,2026-09-08T08:21:55.841634Z,8259,70,CTD,65535,255,1027.49853515625
1788855716.041989,2026-09-08T08:21:56.041989Z,8259,70,CTD,65535,255,1027.4959716796875
1788855716.2415838,2026-09-08T08:21:56.241583Z,8259,70,CTD,65535,255,1027.4964599609375
1788855716.441212,2026-09-08T08:21:56.441211Z,8259,70,CTD,65535,255,1027.491455078125
1788855716.641495,2026-09-08T08:21:56.641494Z,8259,70,CTD,65535,255,1027.4927978515625
1788855716.8411694,2026-09-08T08:21:56.841169Z,8259,70,CTD,65535,255,1027.4918212890625
1788855717.0415387,2026-09-08T08:21:57.041538Z,8259,70,CTD,65535,255,1027.4903564453125
1788855717.2410262,2026-09-08T08:21:57.241026Z,8259,70,CTD,65535,255,1027.4912109375
1788855717.4413104,2026-09-08T08:21:57.441310Z,8259,70,CTD,65535,255,1027.4918212890625
1788855717.6413276,2026-09-08T08:21:57.641327Z,8259,70,CTD,65535,255,1027.4908447265625
1788855717.8411033,2026-09-08T08:21:57.841103Z,8259,70,CTD,65535,255,1027.4891357421875
1788855718.041732,2026-09-08T08:21:58.041732Z,8259,70,CTD,65535,255,1027.4896240234375
1788855718.2417042,2026-09-08T08:21:58.241704Z,8259,70,CTD,65535,255,1027.4892578125
1788855718.4417088,2026-09-08T08:21:58.441708Z,8259,70,CTD,65535,255,1027.486572265625
1788855718.6421993,2026-09-08T08:21:58.642199Z,8259,70,CTD,65535,255,1027.484375
1788855718.8427794,2026-09-08T08:21:58.842779Z,8259,70,CTD,65535,255,1027.4853515625
1788855719.0437014,2026-09-08T08:21:59.043701Z,8259,70,CTD,65535,255,1027.480712890625
1788855719.2441175,2026-09-08T08:21:59.244117Z,8259,70,CTD,65535,255,1027.4766845703125
1788855719.4444118,2026-09-08T08:21:59.444411Z,8259,70,CTD,65535,255,1027.4842529296875
1788855719.645277,2026-09-08T08:21:59.645277Z,8259,70,CTD,65535,255,1027.4776611328125
1788855719.8454773,2026-09-08T08:21:59.845477Z,8259,70,CTD,65535,255,1027.468994140625
1788855720.0466151,2026-09-08T08:22:00.046615Z,8259,70,CTD,65535,255,1027.481201171875
1788855720.2469244,2026-09-08T08:22:00.246924Z,8259,70,CTD,65535,255,1027.4686279296875
1788855720.4469619,2026-09-08T08:22:00.446961Z,8259,70,CTD,65535,255,1027.4718017578125
1788855720.6471887,2026-09-08T08:22:00.647188Z,8259,70,CTD,65535,255,1027.4661865234375
1788855720.847492,2026-09-08T08:22:00.847491Z,8259,70,CTD,65535,255,1027.4658203125
1788855721.048221,2026-09-08T08:22:01.048221Z,8259,70,CTD,65535,255,1027.4642333984375
1788855721.2481868,2026-09-08T08:22:01.248186Z,8259,70,CTD,65535,255,1027.465576171875
1788855721.4480143,2026-09-08T08:22:01.448014Z,8259,70,CTD,65535,255,1027.459228515625
1788855721.6481493,2026-09-08T08:22:01.648149Z,8259,70,CTD,65535,255,1027.454833984375
1788855721.8480935,2026-09-08T08:22:01.848093Z,8259,70,CTD,65535,255,1027.455322265625
1788855722.0481918,2026-09-08T08:22:02.048191Z,8259,70,CTD,65535,255,1027.4591064453125
1788855722.2481215,2026-09-08T08:22:02.248121Z,8259,70,CTD,65535,255,1027.4552001953125
1788855722.4477346,2026-09-08T08:22:02.447734Z,8259,70,CTD,65535,255,1027.4508056640625
1788855722.6475418,2026-09-08T08:22:02.647541Z,8259,70,CTD,65535,255,1027.4478759765625
1788855722.8474267,2026-09-08T08:22:02.847426Z,8259,70,CTD,65535,255,1027.4541015625
1788855723.0477223,2026-09-08T08:22:03.047722Z,8259,70,CTD,65535,255,1027.450927734375
1788855723.2472515,2026-09-08T08:22:03.247251Z,8259,70,CTD,65535,255,1027.4451904296875
1788855723.4473407,2026-09-08T08:22:03.447340Z,8259,70,CTD,65535,255,1027.4403076171875
1788855723.647169,2026-09-08T08:22:03.647169Z,8259,70,CTD,65535,255,1027.4481201171875
1788855723.8467696,2026-09-08T08:22:03.846769Z,8259,70,CTD,65535,255,1027.4464111328125
1788855724.0470464,2026-09-08T08:22:04.047046Z,8259,70,CTD,65535,255,1027.43798828125
1788855724.246799,2026-09-08T08:22:04.246798Z,8259,70,CTD,65535,255,1027.4415283203125
1788855724.4466717,2026-09-08T08:22:04.446671Z,8259,70,CTD,65535,255,1027.43603515625
1788855724.6463268,2026-09-08T08:22:04.646326Z,8259,70,CTD,65535,255,1027.4293212890625
1788855724.8463352,2026-09-08T08:22:04.846335Z,8259,70,CTD,65535,255,1027.4193115234375
1788855725.0466375,2026-09-08T08:22:05.046637Z,8259,70,CTD,65535,255,1027.4140625
1788855725.246434,2026-09-08T08:22:05.246433Z,8259,70,CTD,65535,255,1027.4189453125
1788855725.44639,2026-09-08T08:22:05.446389Z,8259,70,CTD,65535,255,1027.4117431640625
1788855725.6460292,2026-09-08T08:22:05.646029Z,8259,70,CTD,65535,255,1027.4073486328125
1788855725.8461542,2026-09-08T08:22:05.846154Z,8259,70,CTD,65535,255,1027.412109375
1788855726.0463622,2026-09-08T08:22:06.046362Z,8259,70,CTD,65535,255,1027.4027099609375
1788855726.2460618,2026-09-08T08:22:06.246061Z,8259,70,CTD,65535,255,1027.3983154296875
1788855726.4457479,2026-09-08T08:22:06.445747Z,8259,70,CTD,65535,255,1027.4012451171875
1788855726.6459446,2026-09-08T08:22:06.645944Z,8259,70,CTD,65535,255,1027.405029296875
1788855726.8459396,2026-09-08T08:22:06.845939Z,8259,70,CTD,65535,255,1027.40380859375
1788855727.046218,2026-09-08T08:22:07.046217Z,8259,70,CTD,65535,255,1027.3984375
1788855727.2459502,2026-09-08T08:22:07.245950Z,8259,70,CTD,65535,255,1027.39453125
1788855727.4457867,2026-09-08T08:22:07.445786Z,8259,70,CTD,65535,255,1027.3775634765625
1788855727.6457677,2026-09-08T08:22:07.645767Z,8259,70,CTD,65535,255,1027.359130859375
1788855727.8457615,2026-09-08T08:22:07.845761Z,8259,70,CTD,65535,255,1027.3626708984375
1788855728.0460446,2026-09-08T08:22:08.046044Z,8259,70,CTD,65535,255,1027.359375
1788855728.2458239,2026-09-08T08:22:08.245823Z,8259,70,CTD,65535,255,1027.365966796875
1788855728.445829,2026-09-08T08:22:08.445828Z,8259,70,CTD,65535,255,1027.359619140625
1788855728.6457636,2026-09-08T08:22:08.645763Z,8259,70,CTD,65535,255,1027.3631591796875
1788855728.8457363,2026-09-08T08:22:08.845736Z,8259,70,CTD,65535,255,1027.357177734375
1788855729.0461197,2026-09-08T08:22:09.046119Z,8259,70,CTD,65535,255,1027.3602294921875
1788855729.245988,2026-09-08T08:22:09.245987Z,8259,70,CTD,65535,255,1027.36181640625
1788855729.4457629,2026-09-08T08:22:09.445762Z,8259,70,CTD,65535,255,1027.35107421875
1788855729.6456747,2026-09-08T08:22:09.645674Z,8259,70,CTD,65535,255,1027.360107421875
1788855729.8457778,2026-09-08T08:22:09.845777Z,8259,70,CTD,65535,255,1027.3607177734375
1788855730.0460627,2026-09-08T08:22:10.046062Z,8259,70,CTD,65535,255,1027.3604736328125
1788855730.2458477,2026-09-08T08:22:10.245847Z,8259,70,CTD,65535,255,1027.36279296875
1788855730.445907,2026-09-08T08:22:10.445907Z,8259,70,CTD,65535,255,1027.351318359375
1788855730.6456494,2026-09-08T08:22:10.645649Z,8259,70,CTD,65535,255,1027.358642578125
1788855730.8456757,2026-09-08T08:22:10.845675Z,8259,70,CTD,65535,255,1027.352783203125
1788855731.0462065,2026-09-08T08:22:11.046206Z,8259,70,CTD,65535,255,1027.331787109375
1788855731.2458277,2026-09-08T08:22:11.245827Z,8259,70,CTD,65535,255,1027.33544921875
1788855731.4457095,2026-09-08T08:22:11.445709Z,8259,70,CTD,65535,255,1027.3333740234375
1788855731.6457949,2026-09-08T08:22:11.645794Z,8259,70,CTD,65535,255,1027.32177734375
1788855731.8458123,2026-09-08T08:22:11.845812Z,8259,70,CTD,65535,255,1027.332275390625
1788855732.046171,2026-09-08T08:22:12.046170Z,8259,70,CTD,65535,255,1027.3253173828125
1788855732.2459629,2026-09-08T08:22:12.245962Z,8259,70,CTD,65535,255,1027.3197021484375
1788855732.445813,2026-09-08T08:22:12.445812Z,8259,70,CTD,65535,255,1027.327880859375
1788855732.6457963,2026-09-08T08:22:12.645796Z,8259,70,CTD,65535,255,1027.3272705078125
1788855732.8456411,2026-09-08T08:22:12.845641Z,8259,70,CTD,65535,255,1027.3170166015625
1788855733.0461884,2026-09-08T08:22:13.046188Z,8259,70,CTD,65535,255,1027.3089599609375
1788855733.246022,2026-09-08T08:22:13.246021Z,8259,70,CTD,65535,255,1027.31103515625
1788855733.4469147,2026-09-08T08:22:13.446914Z,8259,70,CTD,65535,255,1027.3089599609375
1788855733.6478124,2026-09-08T08:22:13.647812Z,8259,70,CTD,65535,255,1027.2999267578125
1788855733.8490307,2026-09-08T08:22:13.849030Z,8259,70,CTD,65535,255,1027.296142578125
1788855734.0506155,2026-09-08T08:22:14.050615Z,8259,70,CTD,65535,255,1027.288818359375
1788855734.2516112,2026-09-08T08:22:14.251611Z,8259,70,CTD,65535,255,1027.2872314453125
1788855734.4523532,2026-09-08T08:22:14.452353Z,8259,70,CTD,65535,255,1027.28466796875
1788855734.6530952,2026-09-08T08:22:14.653095Z,8259,70,CTD,65535,255,1027.2779541015625
1788855734.8539598,2026-09-08T08:22:14.853959Z,8259,70,CTD,65535,255,1027.281005859375
1788855735.0548797,2026-09-08T08:22:15.054879Z,8259,70,CTD,65535,255,1027.2752685546875
1788855735.2556915,2026-09-08T08:22:15.255691Z,8259,70,CTD,65535,255,1027.26318359375
1788855735.4557326,2026-09-08T08:22:15.455732Z,8259,70,CTD,65535,255,1027.2576904296875
1788855735.6558342,2026-09-08T08:22:15.655834Z,8259,70,CTD,65535,255,1027.2568359375
1788855735.8559704,2026-09-08T08:22:15.855970Z,8259,70,CTD,65535,255,1027.2510986328125
1788855736.0563555,2026-09-08T08:22:16.056355Z,8259,70,CTD,65535,255,1027.24267578125
1788855736.2561338,2026-09-08T08:22:16.256133Z,8259,70,CTD,65535,255,1027.228515625
1788855736.4560711,2026-09-08T08:22:16.456071Z,8259,70,CTD,65535,255,1027.222900390625
1788855736.656009,2026-09-08T08:22:16.656008Z,8259,70,CTD,65535,255,1027.2215576171875
1788855736.8557944,2026-09-08T08:22:16.855794Z,8259,70,CTD,65535,255,1027.20849609375
1788855737.0558426,2026-09-08T08:22:17.055842Z,8259,70,CTD,65535,255,1027.2056884765625
1788855737.2563882,2026-09-08T08:22:17.256388Z,8259,70,CTD,65535,255,1027.2042236328125
1788855737.4552639,2026-09-08T08:22:17.455263Z,8259,70,CTD,65535,255,1027.2039794921875
1788855737.65454,2026-09-08T08:22:17.654540Z,8259,70,CTD,65535,255,1027.2025146484375
1788855737.8546004,2026-09-08T08:22:17.854600Z,8259,70,CTD,65535,255,1027.1988525390625
1788855738.0545557,2026-09-08T08:22:18.054555Z,8259,70,CTD,65535,255,1027.1973876953125
1788855738.253724,2026-09-08T08:22:18.253724Z,8259,70,CTD,65535,255,1027.19970703125
1788855738.4539046,2026-09-08T08:22:18.453904Z,8259,70,CTD,65535,255,1027.201171875
1788855738.653218,2026-09-08T08:22:18.653218Z,8259,70,CTD,65535,255,1027.199462890625
1788855738.8529303,2026-09-08T08:22:18.852930Z,8259,70,CTD,65535,255,1027.1988525390625
1788855739.0533442,2026-09-08T08:22:19.053344Z,8259,70,CTD,65535,255,1027.2020263671875
1788855739.2524905,2026-09-08T08:22:19.252490Z,8259,70,CTD,65535,255,1027.196044921875
1788855739.4523618,2026-09-08T08:22:19.452361Z,8259,70,CTD,65535,255,1027.1993408203125
1788855739.6521795,2026-09-08T08:22:19.652179Z,8259,70,CTD,65535,255,1027.195556640625
1788855739.8520265,2026-09-08T08:22:19.852026Z,8259,70,CTD,65535,255,1027.1943359375
1788855740.0523171,2026-09-08T08:22:20.052317Z,8259,70,CTD,65535,255,1027.191650390625
1788855740.2518098,2026-09-08T08:22:20.251809Z,8259,70,CTD,65535,255,1027.1903076171875
1788855740.45168,2026-09-08T08:22:20.451679Z,8259,70,CTD,65535,255,1027.18994140625
1788855740.6517467,2026-09-08T08:22:20.651746Z,8259,70,CTD,65535,255,1027.18798828125
1788855740.8517106,2026-09-08T08:22:20.851710Z,8259,70,CTD,65535,255,1027.1846923828125
1788855741.0519545,2026-09-08T08:22:21.051954Z,8259,70,CTD,65535,255,1027.1826171875
1788855741.2517402,2026-09-08T08:22:21.251740Z,8259,70,CTD,65535,255,1027.1806640625
1788855741.4514048,2026-09-08T08:22:21.451404Z,8259,70,CTD,65535,255,1027.1790771484375
1788855741.65099,2026-09-08T08:22:21.650990Z,8259,70,CTD,65535,255,1027.1776123046875
1788855741.850851,2026-09-08T08:22:21.850851Z,8259,70,CTD,65535,255,1027.1728515625
1788855742.050864,2026-09-08T08:22:22.050863Z,8259,70,CTD,65535,255,1027.1685791015625
1788855742.2505515,2026-09-08T08:22:22.250551Z,8259,70,CTD,65535,255,1027.172607421875
1788855742.450354,2026-09-08T08:22:22.450354Z,8259,70,CTD,65535,255,1027.1680908203125
1788855742.649963,2026-09-08T08:22:22.649962Z,8259,70,CTD,65535,255,1027.1676025390625
1788855742.8498259,2026-09-08T08:22:22.849825Z,8259,70,CTD,65535,255,1027.1588134765625
1788855743.0498745,2026-09-08T08:22:23.049874Z,8259,70,CTD,65535,255,1027.1544189453125
1788855743.2494633,2026-09-08T08:22:23.249463Z,8259,70,CTD,65535,255,1027.1474609375
1788855743.4494712,2026-09-08T08:22:23.449471Z,8259,70,CTD,65535,255,1027.1412353515625
1788855743.649676,2026-09-08T08:22:23.649676Z,8259,70,CTD,65535,255,1027.1361083984375
1788855743.8496172,2026-09-08T08:22:23.849617Z,8259,70,CTD,65535,255,1027.1287841796875
1788855744.0501502,2026-09-08T08:22:24.050150Z,8259,70,CTD,65535,255,1027.1248779296875
1788855744.2496793,2026-09-08T08:22:24.249679Z,8259,70,CTD,65535,255,1027.119140625
1788855744.4493291,2026-09-08T08:22:24.449329Z,8259,70,CTD,65535,255,1027.1168212890625
1788855744.6494958,2026-09-08T08:22:24.649495Z,8259,70,CTD,65535,255,1027.1126708984375
1788855744.8495572,2026-09-08T08:22:24.849557Z,8259,70,CTD,65535,255,1027.107666015625
1788855745.0500152,2026-09-08T08:22:25.050015Z,8259,70,CTD,65535,255,1027.1007080078125
1788855745.2498927,2026-09-08T08:22:25.249892Z,8259,70,CTD,65535,255,1027.1036376953125
1788855745.4497793,2026-09-08T08:22:25.449779Z,8259,70,CTD,65535,255,1027.10107421875
1788855745.6499293,2026-09-08T08:22:25.649929Z,8259,70,CTD,65535,255,1027.098388671875
1788855745.8497665,2026-09-08T08:22:25.849766Z,8259,70,CTD,65535,255,1027.0941162109375
1788855746.0502238,2026-09-08T08:22:26.050223Z,8259,70,CTD,65535,255,1027.0924072265625
1788855746.2502406,2026-09-08T08:22:26.250240Z,8259,70,CTD,65535,255,1027.0938720703125
1788855746.449973,2026-09-08T08:22:26.449973Z,8259,70,CTD,65535,255,1027.0909423828125
1788855746.6500285,2026-09-08T08:22:26.650028Z,8259,70,CTD,65535,255,1027.0885009765625
1788855746.8500435,2026-09-08T08:22:26.850043Z,8259,70,CTD,65535,255,1027.0882568359375
1788855747.050415,2026-09-08T08:22:27.050415Z,8259,70,CTD,65535,255,1027.092041015625
1788855747.2501984,2026-09-08T08:22:27.250198Z,8259,70,CTD,65535,255,1027.0921630859375
1788855747.4505477,2026-09-08T08:22:27.450547Z,8259,70,CTD,65535,255,1027.0887451171875
1788855747.6511242,2026-09-08T08:22:27.651124Z,8259,70,CTD,65535,255,1027.088134765625
1788855747.8515484,2026-09-08T08:22:27.851548Z,8259,70,CTD,65535,255,1027.08984375
1788855748.05268,2026-09-08T08:22:28.052680Z,8259,70,CTD,65535,255,1027.0875244140625
1788855748.2527192,2026-09-08T08:22:28.252719Z,8259,70,CTD,65535,255,1027.0869140625
1788855748.453094,2026-09-08T08:22:28.453094Z,8259,70,CTD,65535,255,1027.083251953125
1788855748.6538112,2026-09-08T08:22:28.653811Z,8259,70,CTD,65535,255,1027.0802001953125
1788855748.8538387,2026-09-08T08:22:28.853838Z,8259,70,CTD,65535,255,1027.0792236328125
1788855749.054493,2026-09-08T08:22:29.054492Z,8259,70,CTD,65535,255,1027.078857421875
1788855749.2544394,2026-09-08T08:22:29.254439Z,8259,70,CTD,65535,255,1027.075927734375
1788855749.4549487,2026-09-08T08:22:29.454948Z,8259,70,CTD,65535,255,1027.0738525390625
1788855749.654624,2026-09-08T08:22:29.654623Z,8259,70,CTD,65535,255,1027.0723876953125
1788855749.8546503,2026-09-08T08:22:29.854650Z,8259,70,CTD,65535,255,1027.0728759765625
1788855750.055041,2026-09-08T08:22:30.055041Z,8259,70,CTD,65535,255,1027.06787109375
1788855750.255118,2026-09-08T08:22:30.255117Z,8259,70,CTD,65535,255,1027.06640625
1788855750.4550219,2026-09-08T08:22:30.455021Z,8259,70,CTD,65535,255,1027.06396484375
1788855750.654626,2026-09-08T08:22:30.654625Z,8259,70,CTD,65535,255,1027.061767578125
1788855750.854534,2026-09-08T08:22:30.854533Z,8259,70,CTD,65535,255,1027.04931640625
1788855751.055018,2026-09-08T08:22:31.055017Z,8259,70,CTD,65535,255,1027.0455322265625
1788855751.2543824,2026-09-08T08:22:31.254382Z,8259,70,CTD,65535,255,1027.041259765625
1788855751.4542348,2026-09-08T08:22:31.454234Z,8259,70,CTD,65535,255,1027.03857421875
1788855751.6541002,2026-09-08T08:22:31.654100Z,8259,70,CTD,65535,255,1027.0322265625
1788855751.8539195,2026-09-08T08:22:31.853919Z,8259,70,CTD,65535,255,1027.0220947265625
1788855752.054301,2026-09-08T08:22:32.054301Z,8259,70,CTD,65535,255,1027.0101318359375
1788855752.2538419,2026-09-08T08:22:32.253841Z,8259,70,CTD,65535,255,1027.005615234375
1788855752.453569,2026-09-08T08:22:32.453568Z,8259,70,CTD,65535,255,1027.00244140625
1788855752.653528,2026-09-08T08:22:32.653527Z,8259,70,CTD,65535,255,1027.0
1788855752.8533394,2026-09-08T08:22:32.853339Z,8259,70,CTD,65535,255,1026.99560546875
1788855753.0538,2026-09-08T08:22:33.053800Z,8259,70,CTD,65535,255,1026.9859619140625
1788855753.253183,2026-09-08T08:22:33.253182Z,8259,70,CTD,65535,255,1026.97802734375
1788855753.4530952,2026-09-08T08:22:33.453095Z,8259,70,CTD,65535,255,1026.9705810546875
1788855753.6530151,2026-09-08T08:22:33.653015Z,8259,70,CTD,65535,255,1026.9681396484375
1788855753.8529525,2026-09-08T08:22:33.852952Z,8259,70,CTD,65535,255,1026.965576171875
1788855754.053196,2026-09-08T08:22:34.053195Z,8259,70,CTD,65535,255,1026.9637451171875
1788855754.2529054,2026-09-08T08:22:34.252905Z,8259,70,CTD,65535,255,1026.9609375
1788855754.452842,2026-09-08T08:22:34.452841Z,8259,70,CTD,65535,255,1026.9571533203125
1788855754.652722,2026-09-08T08:22:34.652721Z,8259,70,CTD,65535,255,1026.9583740234375
1788855754.8530695,2026-09-08T08:22:34.853069Z,8259,70,CTD,65535,255,1026.95654296875
1788855755.0532238,2026-09-08T08:22:35.053223Z,8259,70,CTD,65535,255,1026.9554443359375
1788855755.2530038,2026-09-08T08:22:35.253003Z,8259,70,CTD,65535,255,1026.953125
1788855755.4526906,2026-09-08T08:22:35.452690Z,8259,70,CTD,65535,255,1026.9486083984375
1788855755.652764,2026-09-08T08:22:35.652764Z,8259,70,CTD,65535,255,1026.9471435546875
1788855755.8527498,2026-09-08T08:22:35.852749Z,8259,70,CTD,65535,255,1026.9422607421875
1788855756.053047,2026-09-08T08:22:36.053046Z,8259,70,CTD,65535,255,1026.9375
1788855756.2526758,2026-09-08T08:22:36.252675Z,8259,70,CTD,65535,255,1026.938720703125
1788855756.4529712,2026-09-08T08:22:36.452971Z,8259,70,CTD,65535,255,1026.9351806640625
1788855756.653063,2026-09-08T08:22:36.653063Z,8259,70,CTD,65535,255,1026.93701171875
1788855756.8532662,2026-09-08T08:22:36.853266Z,8259,70,CTD,65535,255,1026.9344482421875
1788855757.053723,2026-09-08T08:22:37.053723Z,8259,70,CTD,65535,255,1026.93408203125
1788855757.2538335,2026-09-08T08:22:37.253833Z,8259,70,CTD,65535,255,1026.93310546875
1788855757.4537358,2026-09-08T08:22:37.453735Z,8259,70,CTD,65535,255,1026.9332275390625
1788855757.6536183,2026-09-08T08:22:37.653618Z,8259,70,CTD,65535,255,1026.931640625
1788855757.8535821,2026-09-08T08:22:37.853582Z,8259,70,CTD,65535,255,1026.929443359375
1788855758.0538566,2026-09-08T08:22:38.053856Z,8259,70,CTD,65535,255,1026.9285888671875
1788855758.2536283,2026-09-08T08:22:38.253628Z,8259,70,CTD,65535,255,1026.92578125
1788855758.4533446,2026-09-08T08:22:38.453344Z,8259,70,CTD,65535,255,1026.9215087890625
1788855758.6536496,2026-09-08T08:22:38.653649Z,8259,70,CTD,65535,255,1026.9207763671875
1788855758.853615,2026-09-08T08:22:38.853615Z,8259,70,CTD,65535,255,1026.9176025390625
1788855759.0540931,2026-09-08T08:22:39.054093Z,8259,70,CTD,65535,255,1026.912353515625
1788855759.2537382,2026-09-08T08:22:39.253738Z,8259,70,CTD,65535,255,1026.9124755859375
1788855759.4538243,2026-09-08T08:22:39.453824Z,8259,70,CTD,65535,255,1026.904296875
1788855759.653667,2026-09-08T08:22:39.653666Z,8259,70,CTD,65535,255,1026.90234375
1788855759.853568,2026-09-08T08:22:39.853568Z,8259,70,CTD,65535,255,1026.899658203125
1788855760.0536785,2026-09-08T08:22:40.053678Z,8259,70,CTD,65535,255,1026.8968505859375
1788855760.253181,2026-09-08T08:22:40.253180Z,8259,70,CTD,65535,255,1026.88818359375
1788855760.4531295,2026-09-08T08:22:40.453129Z,8259,70,CTD,65535,255,1026.8798828125
1788855760.653297,2026-09-08T08:22:40.653296Z,8259,70,CTD,65535,255,1026.8714599609375
1788855760.8529298,2026-09-08T08:22:40.852929Z,8259,70,CTD,65535,255,1026.8675537109375
1788855761.0531368,2026-09-08T08:22:41.053136Z,8259,70,CTD,65535,255,1026.864501953125
1788855761.2529407,2026-09-08T08:22:41.252940Z,8259,70,CTD,65535,255,1026.8509521484375
1788855761.4526792,2026-09-08T08:22:41.452679Z,8259,70,CTD,65535,255,1026.849609375
1788855761.6525388,2026-09-08T08:22:41.652538Z,8259,70,CTD,65535,255,1026.843994140625
1788855761.8526118,2026-09-08T08:22:41.852611Z,8259,70,CTD,65535,255,1026.840576171875
1788855762.0530849,2026-09-08T08:22:42.053084Z,8259,70,CTD,65535,255,1026.8404541015625
1788855762.2527413,2026-09-08T08:22:42.252741Z,8259,70,CTD,65535,255,1026.8397216796875
1788855762.4527602,2026-09-08T08:22:42.452760Z,8259,70,CTD,65535,255,1026.83544921875
1788855762.6527727,2026-09-08T08:22:42.652772Z,8259,70,CTD,65535,255,1026.835693359375
1788855762.8528156,2026-09-08T08:22:42.852815Z,8259,70,CTD,65535,255,1026.8345947265625
1788855763.0533357,2026-09-08T08:22:43.053335Z,8259,70,CTD,65535,255,1026.8323974609375
1788855763.2529979,2026-09-08T08:22:43.252997Z,8259,70,CTD,65535,255,1026.828369140625
1788855763.4531426,2026-09-08T08:22:43.453142Z,8259,70,CTD,65535,255,1026.8275146484375
1788855763.6533122,2026-09-08T08:22:43.653312Z,8259,70,CTD,65535,255,1026.82958984375
1788855763.8535783,2026-09-08T08:22:43.853578Z,8259,70,CTD,65535,255,1026.8280029296875
1788855764.0540874,2026-09-08T08:22:44.054087Z,8259,70,CTD,65535,255,1026.8260498046875
1788855764.2540615,2026-09-08T08:22:44.254061Z,8259,70,CTD,65535,255,1026.8232421875
1788855764.4541807,2026-09-08T08:22:44.454180Z,8259,70,CTD,65535,255,1026.82275390625
1788855764.654325,2026-09-08T08:22:44.654325Z,8259,70,CTD,65535,255,1026.8203125
1788855764.8546479,2026-09-08T08:22:44.854647Z,8259,70,CTD,65535,255,1026.814697265625
1788855765.0550551,2026-09-08T08:22:45.055055Z,8259,70,CTD,65535,255,1026.8092041015625
1788855765.2546923,2026-09-08T08:22:45.254692Z,8259,70,CTD,65535,255,1026.8056640625
1788855765.45513,2026-09-08T08:22:45.455130Z,8259,70,CTD,65535,255,1026.8056640625
1788855765.6551101,2026-09-08T08:22:45.655110Z,8259,70,CTD,65535,255,1026.8033447265625
1788855765.8550966,2026-09-08T08:22:45.855096Z,8259,70,CTD,65535,255,1026.800537109375
1788855766.055261,2026-09-08T08:22:46.055260Z,8259,70,CTD,65535,255,1026.801025390625
1788855766.2549136,2026-09-08T08:22:46.254913Z,8259,70,CTD,65535,255,1026.7994384765625
1788855766.4547894,2026-09-08T08:22:46.454789Z,8259,70,CTD,65535,255,1026.8001708984375
1788855766.6547205,2026-09-08T08:22:46.654720Z,8259,70,CTD,65535,255,1026.7950439453125
1788855766.8546705,2026-09-08T08:22:46.854670Z,8259,70,CTD,65535,255,1026.7884521484375
1788855767.055011,2026-09-08T08:22:47.055011Z,8259,70,CTD,65535,255,1026.7764892578125
1788855767.2545958,2026-09-08T08:22:47.254595Z,8259,70,CTD,65535,255,1026.767333984375
1788855767.4545515,2026-09-08T08:22:47.454551Z,8259,70,CTD,65535,255,1026.7677001953125
1788855767.6544726,2026-09-08T08:22:47.654472Z,8259,70,CTD,65535,255,1026.763916015625
1788855767.8543994,2026-09-08T08:22:47.854399Z,8259,70,CTD,65535,255,1026.7655029296875
1788855768.0547416,2026-09-08T08:22:48.054741Z,8259,70,CTD,65535,255,1026.763916015625
1788855768.2543266,2026-09-08T08:22:48.254326Z,8259,70,CTD,65535,255,1026.7618408203125
1788855768.4544446,2026-09-08T08:22:48.454444Z,8259,70,CTD,65535,255,1026.763671875
1788855768.6547532,2026-09-08T08:22:48.654753Z,8259,70,CTD,65535,255,1026.7635498046875
1788855768.8546169,2026-09-08T08:22:48.854616Z,8259,70,CTD,65535,255,1026.76416015625
1788855769.055338,2026-09-08T08:22:49.055337Z,8259,70,CTD,65535,255,1026.7620849609375
1788855769.2550771,2026-09-08T08:22:49.255077Z,8259,70,CTD,65535,255,1026.7642822265625
1788855769.4551198,2026-09-08T08:22:49.455119Z,8259,70,CTD,65535,255,1026.7647705078125
1788855769.654989,2026-09-08T08:22:49.654989Z,8259,70,CTD,65535,255,1026.7615966796875
1788855769.8548946,2026-09-08T08:22:49.854894Z,8259,70,CTD,65535,255,1026.76513671875
1788855770.0550299,2026-09-08T08:22:50.055029Z,8259,70,CTD,65535,255,1026.756591796875
1788855770.2548182,2026-09-08T08:22:50.254818Z,8259,70,CTD,65535,255,1026.756103515625
1788855770.4545374,2026-09-08T08:22:50.454537Z,8259,70,CTD,65535,255,1026.7474365234375
1788855770.654474,2026-09-08T08:22:50.654474Z,8259,70,CTD,65535,255,1026.7435302734375
1788855770.854231,2026-09-08T08:22:50.854231Z,8259,70,CTD,65535,255,1026.7255859375
1788855771.0546346,2026-09-08T08:22:51.054634Z,8259,70,CTD,65535,255,1026.6978759765625
1788855771.2541602,2026-09-08T08:22:51.254160Z,8259,70,CTD,65535,255,1026.6658935546875
1788855771.4549322,2026-09-08T08:22:51.454932Z,8259,70,CTD,65535,255,1026.640869140625
1788855771.656508,2026-09-08T08:22:51.656507Z,8259,70,CTD,65535,255,1026.6376953125
1788855771.8580916,2026-09-08T08:22:51.858091Z,8259,70,CTD,65535,255,1026.6317138671875
1788855772.060249,2026-09-08T08:22:52.060249Z,8259,70,CTD,65535,255,1026.594970703125
1788855772.2613194,2026-09-08T08:22:52.261319Z,8259,70,CTD,65535,255,1026.5582275390625
1788855772.4624264,2026-09-08T08:22:52.462426Z,8259,70,CTD,65535,255,1026.5352783203125
1788855772.6633961,2026-09-08T08:22:52.663396Z,8259,70,CTD,65535,255,1026.52001953125
1788855772.86453,2026-09-08T08:22:52.864530Z,8259,70,CTD,65535,255,1026.51123046875
1788855773.065718,2026-09-08T08:22:53.065717Z,8259,70,CTD,65535,255,1026.504638671875
1788855773.2664096,2026-09-08T08:22:53.266409Z,8259,70,CTD,65535,255,1026.4996337890625
1788855773.4669328,2026-09-08T08:22:53.466932Z,8259,70,CTD,65535,255,1026.4930419921875
1788855773.6670744,2026-09-08T08:22:53.667074Z,8259,70,CTD,65535,255,1026.4888916015625
1788855773.8673832,2026-09-08T08:22:53.867383Z,8259,70,CTD,65535,255,1026.45751953125
1788855774.068177,2026-09-08T08:22:54.068176Z,8259,70,CTD,65535,255,1026.4158935546875
1788855774.2683237,2026-09-08T08:22:54.268323Z,8259,70,CTD,65535,255,1026.39208984375
1788855774.4675417,2026-09-08T08:22:54.467541Z,8259,70,CTD,65535,255,1026.37890625
1788855774.6672025,2026-09-08T08:22:54.667202Z,8259,70,CTD,65535,255,1026.3636474609375
1788855774.8668578,2026-09-08T08:22:54.866857Z,8259,70,CTD,65535,255,1026.3463134765625
1788855775.0670657,2026-09-08T08:22:55.067065Z,8259,70,CTD,65535,255,1026.340087890625
1788855775.2664375,2026-09-08T08:22:55.266437Z,8259,70,CTD,65535,255,1026.3299560546875
1788855775.4660974,2026-09-08T08:22:55.466097Z,8259,70,CTD,65535,255,1026.3297119140625
1788855775.665699,2026-09-08T08:22:55.665699Z,8259,70,CTD,65535,255,1026.320556640625
1788855775.8652658,2026-09-08T08:22:55.865265Z,8259,70,CTD,65535,255,1026.3133544921875
1788855776.0652668,2026-09-08T08:22:56.065266Z,8259,70,CTD,65535,255,1026.305419921875
1788855776.2645922,2026-09-08T08:22:56.264592Z,8259,70,CTD,65535,255,1026.29052734375
1788855776.4642591,2026-09-08T08:22:56.464259Z,8259,70,CTD,65535,255,1026.2799072265625
1788855776.6639352,2026-09-08T08:22:56.663935Z,8259,70,CTD,65535,255,1026.2725830078125
1788855776.863596,2026-09-08T08:22:56.863595Z,8259,70,CTD,65535,255,1026.2606201171875
1788855777.0638356,2026-09-08T08:22:57.063835Z,8259,70,CTD,65535,255,1026.2628173828125
1788855777.2634883,2026-09-08T08:22:57.263488Z,8259,70,CTD,65535,255,1026.2420654296875
1788855777.4631548,2026-09-08T08:22:57.463154Z,8259,70,CTD,65535,255,1026.2227783203125
1788855777.6626923,2026-09-08T08:22:57.662692Z,8259,70,CTD,65535,255,1026.2188720703125
1788855777.862434,2026-09-08T08:22:57.862433Z,8259,70,CTD,65535,255,1026.2125244140625
1788855778.0627494,2026-09-08T08:22:58.062749Z,8259,70,CTD,65535,255,1026.2138671875
1788855778.2621403,2026-09-08T08:22:58.262140Z,8259,70,CTD,65535,255,1026.2093505859375
1788855778.462149,2026-09-08T08:22:58.462148Z,8259,70,CTD,65535,255,1026.2022705078125
1788855778.6620405,2026-09-08T08:22:58.662040Z,8259,70,CTD,65535,255,1026.2005615234375
1788855778.8618374,2026-09-08T08:22:58.861837Z,8259,70,CTD,65535,255,1026.1978759765625
1788855779.062257,2026-09-08T08:22:59.062257Z,8259,70,CTD,65535,255,1026.196533203125
1788855779.261727,2026-09-08T08:22:59.261727Z,8259,70,CTD,65535,255,1026.1953125
1788855779.4621248,2026-09-08T08:22:59.462124Z,8259,70,CTD,65535,255,1026.1917724609375
1788855779.6616988,2026-09-08T08:22:59.661698Z,8259,70,CTD,65535,255,1026.1888427734375
1788855779.8616345,2026-09-08T08:22:59.861634Z,8259,70,CTD,65535,255,1026.1898193359375
1788855780.0619812,2026-09-08T08:23:00.061981Z,8259,70,CTD,65535,255,1026.175048828125
1788855780.2618089,2026-09-08T08:23:00.261808Z,8259,70,CTD,65535,255,1026.17626953125
1788855780.4617991,2026-09-08T08:23:00.461799Z,8259,70,CTD,65535,255,1026.1688232421875
1788855780.6617541,2026-09-08T08:23:00.661754Z,8259,70,CTD,65535,255,1026.1656494140625
1788855780.861978,2026-09-08T08:23:00.861978Z,8259,70,CTD,65535,255,1026.15771484375
1788855781.0620897,2026-09-08T08:23:01.062089Z,8259,70,CTD,65535,255,1026.1439208984375
1788855781.2618139,2026-09-08T08:23:01.261813Z,8259,70,CTD,65535,255,1026.136474609375
1788855781.4618733,2026-09-08T08:23:01.461873Z,8259,70,CTD,65535,255,1026.1363525390625
1788855781.6620946,2026-09-08T08:23:01.662094Z,8259,70,CTD,65535,255,1026.119384765625
1788855781.8621082,2026-09-08T08:23:01.862108Z,8259,70,CTD,65535,255,1026.1041259765625
1788855782.0621035,2026-09-08T08:23:02.062103Z,8259,70,CTD,65535,255,1026.09228515625
1788855782.2618217,2026-09-08T08:23:02.261821Z,8259,70,CTD,65535,255,1026.087646484375
1788855782.461831,2026-09-08T08:23:02.461831Z,8259,70,CTD,65535,255,1026.0731201171875
1788855782.661795,2026-09-08T08:23:02.661794Z,8259,70,CTD,65535,255,1026.05419921875
1788855782.8618035,2026-09-08T08:23:02.861803Z,8259,70,CTD,65535,255,1026.0501708984375
1788855783.0624156,2026-09-08T08:23:03.062415Z,8259,70,CTD,65535,255,1026.041748046875
1788855783.2618995,2026-09-08T08:23:03.261899Z,8259,70,CTD,65535,255,1026.0333251953125
1788855783.462147,2026-09-08T08:23:03.462146Z,8259,70,CTD,65535,255,1026.0284423828125
1788855783.6621218,2026-09-08T08:23:03.662121Z,8259,70,CTD,65535,255,1026.0242919921875
1788855783.8621035,2026-09-08T08:23:03.862103Z,8259,70,CTD,65535,255,1026.02490234375
1788855784.062326,2026-09-08T08:23:04.062325Z,8259,70,CTD,65535,255,1026.0201416015625
1788855784.2619138,2026-09-08T08:23:04.261913Z,8259,70,CTD,65535,255,1026.0223388671875
1788855784.461933,2026-09-08T08:23:04.461932Z,8259,70,CTD,65535,255,1026.0194091796875
1788855784.6618965,2026-09-08T08:23:04.661896Z,8259,70,CTD,65535,255,1026.016845703125
1788855784.8619115,2026-09-08T08:23:04.861911Z,8259,70,CTD,65535,255,1026.0167236328125
1788855785.0623865,2026-09-08T08:23:05.062386Z,8259,70,CTD,65535,255,1026.013916015625
1788855785.262131,2026-09-08T08:23:05.262130Z,8259,70,CTD,65535,255,1026.0120849609375
1788855785.4618998,2026-09-08T08:23:05.461899Z,8259,70,CTD,65535,255,1026.01123046875
1788855785.6618557,2026-09-08T08:23:05.661855Z,8259,70,CTD,65535,255,1026.0107421875
1788855785.8618362,2026-09-08T08:23:05.861836Z,8259,70,CTD,65535,255,1026.0084228515625
1788855786.0624552,2026-09-08T08:23:06.062455Z,8259,70,CTD,65535,255,1026.0068359375
1788855786.2618916,2026-09-08T08:23:06.261891Z,8259,70,CTD,65535,255,1026.009033203125
1788855786.461838,2026-09-08T08:23:06.461838Z,8259,70,CTD,65535,255,1026.0084228515625
1788855786.6618412,2026-09-08T08:23:06.661841Z,8259,70,CTD,65535,255,1026.009033203125
1788855786.8619435,2026-09-08T08:23:06.861943Z,8259,70,CTD,65535,255,1026.009033203125
1788855787.062475,2026-09-08T08:23:07.062474Z,8259,70,CTD,65535,255,1026.0068359375
1788855787.261898,2026-09-08T08:23:07.261898Z,8259,70,CTD,65535,255,1026.00439453125
1788855787.4619155,2026-09-08T08:23:07.461915Z,8259,70,CTD,65535,255,1026.0035400390625
1788855787.6618528,2026-09-08T08:23:07.661852Z,8259,70,CTD,65535,255,1025.9998779296875
1788855787.8618333,2026-09-08T08:23:07.861833Z,8259,70,CTD,65535,255,1025.9923095703125
1788855788.0624373,2026-09-08T08:23:08.062437Z,8259,70,CTD,65535,255,1025.9859619140625
1788855788.2618835,2026-09-08T08:23:08.261883Z,8259,70,CTD,65535,255,1025.98095703125
1788855788.4618385,2026-09-08T08:23:08.461838Z,8259,70,CTD,65535,255,1025.9822998046875
1788855788.661841,2026-09-08T08:23:08.661840Z,8259,70,CTD,65535,255,1025.980712890625
1788855788.8619807,2026-09-08T08:23:08.861980Z,8259,70,CTD,65535,255,1025.97998046875
1788855789.0623896,2026-09-08T08:23:09.062389Z,8259,70,CTD,65535,255,1025.9783935546875
1788855789.2618785,2026-09-08T08:23:09.261878Z,8259,70,CTD,65535,255,1025.9769287109375
1788855789.4618523,2026-09-08T08:23:09.461852Z,8259,70,CTD,65535,255,1025.97216796875
1788855789.6618137,2026-09-08T08:23:09.661813Z,8259,70,CTD,65535,255,1025.9700927734375
1788855789.8618255,2026-09-08T08:23:09.861825Z,8259,70,CTD,65535,255,1025.9715576171875
1788855790.0621083,2026-09-08T08:23:10.062108Z,8259,70,CTD,65535,255,1025.9715576171875
1788855790.2620854,2026-09-08T08:23:10.262085Z,8259,70,CTD,65535,255,1025.9705810546875
1788855790.4619617,2026-09-08T08:23:10.461961Z,8259,70,CTD,65535,255,1025.970703125
1788855790.661948,2026-09-08T08:23:10.661947Z,8259,70,CTD,65535,255,1025.9639892578125
1788855790.8618731,2026-09-08T08:23:10.861873Z,8259,70,CTD,65535,255,1025.9603271484375
1788855791.0621023,2026-09-08T08:23:11.062102Z,8259,70,CTD,65535,255,1025.956298828125
1788855791.2619205,2026-09-08T08:23:11.261920Z,8259,70,CTD,65535,255,1025.9381103515625
1788855791.4619412,2026-09-08T08:23:11.461941Z,8259,70,CTD,65535,255,1025.92578125
1788855791.6618795,2026-09-08T08:23:11.661879Z,8259,70,CTD,65535,255,1025.919921875
1788855791.8619297,2026-09-08T08:23:11.861929Z,8259,70,CTD,65535,255,1025.918701171875
1788855792.062104,2026-09-08T08:23:12.062103Z,8259,70,CTD,65535,255,1025.90673828125
1788855792.2620323,2026-09-08T08:23:12.262032Z,8259,70,CTD,65535,255,1025.9044189453125
1788855792.461704,2026-09-08T08:23:12.461704Z,8259,70,CTD,65535,255,1025.9007568359375
1788855792.6612463,2026-09-08T08:23:12.661246Z,8259,70,CTD,65535,255,1025.89501953125
1788855792.8606799,2026-09-08T08:23:12.860679Z,8259,70,CTD,65535,255,1025.8939208984375
1788855793.0605428,2026-09-08T08:23:13.060542Z,8259,70,CTD,65535,255,1025.89208984375
1788855793.2599225,2026-09-08T08:23:13.259922Z,8259,70,CTD,65535,255,1025.8895263671875
1788855793.459706,2026-09-08T08:23:13.459706Z,8259,70,CTD,65535,255,1025.883056640625
1788855793.6593966,2026-09-08T08:23:13.659396Z,8259,70,CTD,65535,255,1025.86865234375
1788855793.8591125,2026-09-08T08:23:13.859112Z,8259,70,CTD,65535,255,1025.861572265625
1788855794.0591204,2026-09-08T08:23:14.059120Z,8259,70,CTD,65535,255,1025.854248046875
1788855794.2584107,2026-09-08T08:23:14.258410Z,8259,70,CTD,65535,255,1025.8509521484375
1788855794.4583101,2026-09-08T08:23:14.458310Z,8259,70,CTD,65535,255,1025.8499755859375
1788855794.6581278,2026-09-08T08:23:14.658127Z,8259,70,CTD,65535,255,1025.84716796875
1788855794.8581018,2026-09-08T08:23:14.858101Z,8259,70,CTD,65535,255,1025.8455810546875
1788855795.0585666,2026-09-08T08:23:15.058566Z,8259,70,CTD,65535,255,1025.8428955078125
1788855795.2580767,2026-09-08T08:23:15.258076Z,8259,70,CTD,65535,255,1025.833984375
1788855795.4580765,2026-09-08T08:23:15.458076Z,8259,70,CTD,65535,255,1025.8311767578125
1788855795.6580951,2026-09-08T08:23:15.658095Z,8259,70,CTD,65535,255,1025.8302001953125
1788855795.8582373,2026-09-08T08:23:15.858237Z,8259,70,CTD,65535,255,1025.817626953125
1788855796.0587263,2026-09-08T08:23:16.058726Z,8259,70,CTD,65535,255,1025.81884765625
1788855796.2586403,2026-09-08T08:23:16.258640Z,8259,70,CTD,65535,255,1025.8187255859375
1788855796.45881,2026-09-08T08:23:16.458810Z,8259,70,CTD,65535,255,1025.8160400390625
1788855796.6585524,2026-09-08T08:23:16.658552Z,8259,70,CTD,65535,255,1025.8162841796875
1788855796.8584769,2026-09-08T08:23:16.858476Z,8259,70,CTD,65535,255,1025.8131103515625
1788855797.0590966,2026-09-08T08:23:17.059096Z,8259,70,CTD,65535,255,1025.810546875
1788855797.2587547,2026-09-08T08:23:17.258754Z,8259,70,CTD,65535,255,1025.812255859375
1788855797.4587095,2026-09-08T08:23:17.458709Z,8259,70,CTD,65535,255,1025.803955078125
1788855797.6588013,2026-09-08T08:23:17.658801Z,8259,70,CTD,65535,255,1025.8037109375
1788855797.8588047,2026-09-08T08:23:17.858804Z,8259,70,CTD,65535,255,1025.8055419921875
1788855798.0591993,2026-09-08T08:23:18.059199Z,8259,70,CTD,65535,255,1025.805908203125
1788855798.2588654,2026-09-08T08:23:18.258865Z,8259,70,CTD,65535,255,1025.798828125
1788855798.4589038,2026-09-08T08:23:18.458903Z,8259,70,CTD,65535,255,1025.798583984375
1788855798.6589558,2026-09-08T08:23:18.658955Z,8259,70,CTD,65535,255,1025.7967529296875
1788855798.8589425,2026-09-08T08:23:18.858942Z,8259,70,CTD,65535,255,1025.7991943359375
1788855799.059463,2026-09-08T08:23:19.059463Z,8259,70,CTD,65535,255,1025.7978515625
1788855799.2591138,2026-09-08T08:23:19.259113Z,8259,70,CTD,65535,255,1025.79443359375
1788855799.459121,2026-09-08T08:23:19.459120Z,8259,70,CTD,65535,255,1025.792724609375
1788855799.6590946,2026-09-08T08:23:19.659094Z,8259,70,CTD,65535,255,1025.7879638671875
1788855799.8591723,2026-09-08T08:23:19.859172Z,8259,70,CTD,65535,255,1025.7911376953125
1788855800.0597212,2026-09-08T08:23:20.059721Z,8259,70,CTD,65535,255,1025.7890625
1788855800.259205,2026-09-08T08:23:20.259205Z,8259,70,CTD,65535,255,1025.7923583984375
1788855800.4591908,2026-09-08T08:23:20.459190Z,8259,70,CTD,65535,255,1025.7916259765625
1788855800.6592233,2026-09-08T08:23:20.659223Z,8259,70,CTD,65535,255,1025.7911376953125
1788855800.8591633,2026-09-08T08:23:20.859163Z,8259,70,CTD,65535,255,1025.7891845703125
1788855801.059725,2026-09-08T08:23:21.059725Z,8259,70,CTD,65535,255,1025.790771484375
1788855801.2593422,2026-09-08T08:23:21.259342Z,8259,70,CTD,65535,255,1025.787109375
1788855801.459341,2026-09-08T08:23:21.459341Z,8259,70,CTD,65535,255,1025.78759765625
1788855801.6594179,2026-09-08T08:23:21.659417Z,8259,70,CTD,65535,255,1025.787109375
1788855801.8591714,2026-09-08T08:23:21.859171Z,8259,70,CTD,65535,255,1025.7886962890625
1788855802.0597832,2026-09-08T08:23:22.059783Z,8259,70,CTD,65535,255,1025.7880859375
1788855802.2593412,2026-09-08T08:23:22.259341Z,8259,70,CTD,65535,255,1025.7840576171875
1788855802.459349,2026-09-08T08:23:22.459348Z,8259,70,CTD,65535,255,1025.784912109375
1788855802.6593664,2026-09-08T08:23:22.659366Z,8259,70,CTD,65535,255,1025.7843017578125
1788855802.8593507,2026-09-08T08:23:22.859350Z,8259,70,CTD,65535,255,1025.7850341796875
1788855803.059757,2026-09-08T08:23:23.059756Z,8259,70,CTD,65535,255,1025.784423828125
1788855803.2593222,2026-09-08T08:23:23.259322Z,8259,70,CTD,65535,255,1025.7840576171875
1788855803.4593472,2026-09-08T08:23:23.459347Z,8259,70,CTD,65535,255,1025.7808837890625
1788855803.6593235,2026-09-08T08:23:23.659323Z,8259,70,CTD,65535,255,1025.7816162109375
1788855803.8592699,2026-09-08T08:23:23.859269Z,8259,70,CTD,65535,255,1025.7789306640625
1788855804.0604773,2026-09-08T08:23:24.060477Z,8259,70,CTD,65535,255,1025.781494140625
1788855804.259552,2026-09-08T08:23:24.259552Z,8259,70,CTD,65535,255,1025.78125
1788855804.4591937,2026-09-08T08:23:24.459193Z,8259,70,CTD,65535,255,1025.7799072265625
1788855804.65915,2026-09-08T08:23:24.659149Z,8259,70,CTD,65535,255,1025.777099609375
1788855804.859126,2026-09-08T08:23:24.859126Z,8259,70,CTD,65535,255,1025.7833251953125
1788855805.0596266,2026-09-08T08:23:25.059626Z,8259,70,CTD,65535,255,1025.7779541015625
1788855805.2592814,2026-09-08T08:23:25.259281Z,8259,70,CTD,65535,255,1025.7811279296875
1788855805.459157,2026-09-08T08:23:25.459156Z,8259,70,CTD,65535,255,1025.777099609375
1788855805.659002,2026-09-08T08:23:25.659002Z,8259,70,CTD,65535,255,1025.7772216796875
1788855805.8594148,2026-09-08T08:23:25.859414Z,8259,70,CTD,65535,255,1025.776611328125
1788855806.0592194,2026-09-08T08:23:26.059219Z,8259,70,CTD,65535,255,1025.7781982421875
1788855806.25894,2026-09-08T08:23:26.258939Z,8259,70,CTD,65535,255,1025.7772216796875
1788855806.4585872,2026-09-08T08:23:26.458587Z,8259,70,CTD,65535,255,1025.777587890625
1788855806.6572556,2026-09-08T08:23:26.657255Z,8259,70,CTD,65535,255,1025.77392578125
1788855806.8560412,2026-09-08T08:23:26.856041Z,8259,70,CTD,65535,255,1025.7757568359375
1788855807.0554261,2026-09-08T08:23:27.055426Z,8259,70,CTD,65535,255,1025.77392578125
1788855807.2540162,2026-09-08T08:23:27.254016Z,8259,70,CTD,65535,255,1025.7744140625
1788855807.4527164,2026-09-08T08:23:27.452716Z,8259,70,CTD,65535,255,1025.77392578125
1788855807.6520283,2026-09-08T08:23:27.652028Z,8259,70,CTD,65535,255,1025.7733154296875
1788855807.851352,2026-09-08T08:23:27.851351Z,8259,70,CTD,65535,255,1025.77099609375
1788855808.050825,2026-09-08T08:23:28.050825Z,8259,70,CTD,65535,255,1025.769775390625
1788855808.2500231,2026-09-08T08:23:28.250023Z,8259,70,CTD,65535,255,1025.767822265625
1788855808.4494777,2026-09-08T08:23:28.449477Z,8259,70,CTD,65535,255,1025.76708984375
1788855808.649445,2026-09-08T08:23:28.649445Z,8259,70,CTD,65535,255,1025.769287109375
1788855808.849715,2026-09-08T08:23:28.849714Z,8259,70,CTD,65535,255,1025.7679443359375
1788855809.0501616,2026-09-08T08:23:29.050161Z,8259,70,CTD,65535,255,1025.771484375
1788855809.25012,2026-09-08T08:23:29.250119Z,8259,70,CTD,65535,255,1025.7720947265625
1788855809.4500206,2026-09-08T08:23:29.450020Z,8259,70,CTD,65535,255,1025.76953125
1788855809.649986,2026-09-08T08:23:29.649986Z,8259,70,CTD,65535,255,1025.7640380859375
1788855809.8500905,2026-09-08T08:23:29.850090Z,8259,70,CTD,65535,255,1025.76611328125
1788855810.0507128,2026-09-08T08:23:30.050712Z,8259,70,CTD,65535,255,1025.764404296875
1788855810.2505283,2026-09-08T08:23:30.250528Z,8259,70,CTD,65535,255,1025.7640380859375
1788855810.4504845,2026-09-08T08:23:30.450484Z,8259,70,CTD,65535,255,1025.7650146484375
1788855810.6506763,2026-09-08T08:23:30.650676Z,8259,70,CTD,65535,255,1025.7640380859375
1788855810.8510594,2026-09-08T08:23:30.851059Z,8259,70,CTD,65535,255,1025.7669677734375
1788855811.0514927,2026-09-08T08:23:31.051492Z,8259,70,CTD,65535,255,1025.7646484375
1788855811.251214,2026-09-08T08:23:31.251214Z,8259,70,CTD,65535,255,1025.762451171875
1788855811.4513988,2026-09-08T08:23:31.451398Z,8259,70,CTD,65535,255,1025.7611083984375
1788855811.6515512,2026-09-08T08:23:31.651551Z,8259,70,CTD,65535,255,1025.7586669921875
1788855811.8516462,2026-09-08T08:23:31.851646Z,8259,70,CTD,65535,255,1025.7591552734375
1788855812.0523667,2026-09-08T08:23:32.052366Z,8259,70,CTD,65535,255,1025.762451171875
1788855812.252033,2026-09-08T08:23:32.252032Z,8259,70,CTD,65535,255,1025.75732421875
1788855812.4522123,2026-09-08T08:23:32.452212Z,8259,70,CTD,65535,255,1025.75830078125
1788855812.6524005,2026-09-08T08:23:32.652400Z,8259,70,CTD,65535,255,1025.754150390625
1788855812.8527951,2026-09-08T08:23:32.852795Z,8259,70,CTD,65535,255,1025.7589111328125
1788855813.0533123,2026-09-08T08:23:33.053312Z,8259,70,CTD,65535,255,1025.755126953125
1788855813.253214,2026-09-08T08:23:33.253213Z,8259,70,CTD,65535,255,1025.7532958984375
1788855813.4535265,2026-09-08T08:23:33.453526Z,8259,70,CTD,65535,255,1025.7545166015625
1788855813.6549375,2026-09-08T08:23:33.654937Z,8259,70,CTD,65535,255,1025.754150390625
1788855813.856366,2026-09-08T08:23:33.856365Z,8259,70,CTD,65535,255,1025.7540283203125
1788855814.0579648,2026-09-08T08:23:34.057964Z,8259,70,CTD,65535,255,1025.749267578125
1788855814.2590716,2026-09-08T08:23:34.259071Z,8259,70,CTD,65535,255,1025.753662109375
1788855814.4603527,2026-09-08T08:23:34.460352Z,8259,70,CTD,65535,255,1025.7481689453125
1788855814.661145,2026-09-08T08:23:34.661144Z,8259,70,CTD,65535,255,1025.7471923828125
1788855814.8621747,2026-09-08T08:23:34.862174Z,8259,70,CTD,65535,255,1025.748779296875
1788855815.0632517,2026-09-08T08:23:35.063251Z,8259,70,CTD,65535,255,1025.7506103515625
1788855815.2637153,2026-09-08T08:23:35.263715Z,8259,70,CTD,65535,255,1025.7470703125
1788855815.4642534,2026-09-08T08:23:35.464253Z,8259,70,CTD,65535,255,1025.751708984375
1788855815.6643362,2026-09-08T08:23:35.664336Z,8259,70,CTD,65535,255,1025.747314453125
1788855815.8643873,2026-09-08T08:23:35.864387Z,8259,70,CTD,65535,255,1025.74853515625
1788855816.0648997,2026-09-08T08:23:36.064899Z,8259,70,CTD,65535,255,1025.7493896484375
1788855816.2646625,2026-09-08T08:23:36.264662Z,8259,70,CTD,65535,255,1025.7452392578125
1788855816.4649177,2026-09-08T08:23:36.464917Z,8259,70,CTD,65535,255,1025.7459716796875
1788855816.6644711,2026-09-08T08:23:36.664471Z,8259,70,CTD,65535,255,1025.74853515625
1788855816.864307,2026-09-08T08:23:36.864306Z,8259,70,CTD,65535,255,1025.7449951171875
1788855817.064255,2026-09-08T08:23:37.064254Z,8259,70,CTD,65535,255,1025.7454833984375
1788855817.2636514,2026-09-08T08:23:37.263651Z,8259,70,CTD,65535,255,1025.7445068359375
1788855817.4633257,2026-09-08T08:23:37.463325Z,8259,70,CTD,65535,255,1025.739501953125
1788855817.662893,2026-09-08T08:23:37.662893Z,8259,70,CTD,65535,255,1025.74462890625
1788855817.8628774,2026-09-08T08:23:37.862877Z,8259,70,CTD,65535,255,1025.7427978515625
1788855818.0626214,2026-09-08T08:23:38.062621Z,8259,70,CTD,65535,255,1025.743896484375
1788855818.2619321,2026-09-08T08:23:38.261932Z,8259,70,CTD,65535,255,1025.74365234375
1788855818.4618464,2026-09-08T08:23:38.461846Z,8259,70,CTD,65535,255,1025.7423095703125
1788855818.6614306,2026-09-08T08:23:38.661430Z,8259,70,CTD,65535,255,1025.740966796875
1788855818.8611887,2026-09-08T08:23:38.861188Z,8259,70,CTD,65535,255,1025.7398681640625
1788855819.061128,2026-09-08T08:23:39.061127Z,8259,70,CTD,65535,255,1025.7396240234375
1788855819.2606416,2026-09-08T08:23:39.260641Z,8259,70,CTD,65535,255,1025.7406005859375
1788855819.4605525,2026-09-08T08:23:39.460552Z,8259,70,CTD,65535,255,1025.7388916015625
1788855819.6602128,2026-09-08T08:23:39.660212Z,8259,70,CTD,65535,255,1025.737548828125
1788855819.8600123,2026-09-08T08:23:39.860012Z,8259,70,CTD,65535,255,1025.7349853515625
1788855820.0602157,2026-09-08T08:23:40.060215Z,8259,70,CTD,65535,255,1025.736328125
1788855820.2597601,2026-09-08T08:23:40.259760Z,8259,70,CTD,65535,255,1025.7335205078125
1788855820.4595976,2026-09-08T08:23:40.459597Z,8259,70,CTD,65535,255,1025.7310791015625
1788855820.65957,2026-09-08T08:23:40.659569Z,8259,70,CTD,65535,255,1025.7291259765625
1788855820.8594859,2026-09-08T08:23:40.859485Z,8259,70,CTD,65535,255,1025.72900390625
1788855821.0598245,2026-09-08T08:23:41.059824Z,8259,70,CTD,65535,255,1025.730224609375
1788855821.2594078,2026-09-08T08:23:41.259407Z,8259,70,CTD,65535,255,1025.7283935546875
1788855821.4593527,2026-09-08T08:23:41.459352Z,8259,70,CTD,65535,255,1025.73095703125
1788855821.659334,2026-09-08T08:23:41.659333Z,8259,70,CTD,65535,255,1025.7303466796875
1788855821.859314,2026-09-08T08:23:41.859313Z,8259,70,CTD,65535,255,1025.726806640625
1788855822.0597243,2026-09-08T08:23:42.059724Z,8259,70,CTD,65535,255,1025.723876953125
1788855822.2592995,2026-09-08T08:23:42.259299Z,8259,70,CTD,65535,255,1025.725341796875
1788855822.4592805,2026-09-08T08:23:42.459280Z,8259,70,CTD,65535,255,1025.7216796875
1788855822.6594117,2026-09-08T08:23:42.659411Z,8259,70,CTD,65535,255,1025.7176513671875
1788855822.859445,2026-09-08T08:23:42.859445Z,8259,70,CTD,65535,255,1025.715576171875
1788855823.0607271,2026-09-08T08:23:43.060727Z,8259,70,CTD,65535,255,1025.7119140625
1788855823.2593803,2026-09-08T08:23:43.259380Z,8259,70,CTD,65535,255,1025.7064208984375
1788855823.4593968,2026-09-08T08:23:43.459396Z,8259,70,CTD,65535,255,1025.700927734375
1788855823.6496408,2026-09-08T08:23:43.649640Z,8259,70,CTD,65535,255,1025.698486328125
1788855823.849349,2026-09-08T08:23:43.849349Z,8259,70,CTD,65535,255,1025.697021484375
1788855824.0497253,2026-09-08T08:23:44.049725Z,8259,70,CTD,65535,255,1025.6942138671875
1788855824.2495716,2026-09-08T08:23:44.249571Z,8259,70,CTD,65535,255,1025.6954345703125
1788855824.4494185,2026-09-08T08:23:44.449418Z,8259,70,CTD,65535,255,1025.6944580078125
1788855824.6495285,2026-09-08T08:23:44.649528Z,8259,70,CTD,65535,255,1025.6907958984375
1788855824.8495061,2026-09-08T08:23:44.849506Z,8259,70,CTD,65535,255,1025.6905517578125
1788855825.0499537,2026-09-08T08:23:45.049953Z,8259,70,CTD,65535,255,1025.6884765625
1788855825.2496133,2026-09-08T08:23:45.249613Z,8259,70,CTD,65535,255,1025.6866455078125
1788855825.4495928,2026-09-08T08:23:45.449592Z,8259,70,CTD,65535,255,1025.6829833984375
1788855825.6495912,2026-09-08T08:23:45.649591Z,8259,70,CTD,65535,255,1025.678466796875
1788855825.8495886,2026-09-08T08:23:45.849588Z,8259,70,CTD,65535,255,1025.67333984375
1788855826.0499983,2026-09-08T08:23:46.049998Z,8259,70,CTD,65535,255,1025.6708984375
1788855826.2496521,2026-09-08T08:23:46.249652Z,8259,70,CTD,65535,255,1025.6658935546875
1788855826.4497395,2026-09-08T08:23:46.449739Z,8259,70,CTD,65535,255,1025.663330078125
1788855826.6498592,2026-09-08T08:23:46.649859Z,8259,70,CTD,65535,255,1025.6561279296875
1788855826.8498464,2026-09-08T08:23:46.849846Z,8259,70,CTD,65535,255,1025.6556396484375
1788855827.0498862,2026-09-08T08:23:47.049886Z,8259,70,CTD,65535,255,1025.653076171875
1788855827.249652,2026-09-08T08:23:47.249651Z,8259,70,CTD,65535,255,1025.647705078125
1788855827.4496932,2026-09-08T08:23:47.449693Z,8259,70,CTD,65535,255,1025.6502685546875
1788855827.64981,2026-09-08T08:23:47.649810Z,8259,70,CTD,65535,255,1025.6456298828125
1788855827.8499088,2026-09-08T08:23:47.849908Z,8259,70,CTD,65535,255,1025.643798828125
1788855828.0501056,2026-09-08T08:23:48.050105Z,8259,70,CTD,65535,255,1025.6419677734375
1788855828.2500064,2026-09-08T08:23:48.250006Z,8259,70,CTD,65535,255,1025.6419677734375
1788855828.449808,2026-09-08T08:23:48.449807Z,8259,70,CTD,65535,255,1025.640625
1788855828.650332,2026-09-08T08:23:48.650331Z,8259,70,CTD,65535,255,1025.6407470703125
1788855828.850685,2026-09-08T08:23:48.850684Z,8259,70,CTD,65535,255,1025.640625
1788855829.0513074,2026-09-08T08:23:49.051307Z,8259,70,CTD,65535,255,1025.64013671875
1788855829.251618,2026-09-08T08:23:49.251617Z,8259,70,CTD,65535,255,1025.6387939453125
1788855829.4520009,2026-09-08T08:23:49.452000Z,8259,70,CTD,65535,255,1025.640869140625
1788855829.6524854,2026-09-08T08:23:49.652485Z,8259,70,CTD,65535,255,1025.635986328125
1788855829.8524725,2026-09-08T08:23:49.852472Z,8259,70,CTD,65535,255,1025.63671875
1788855830.0529335,2026-09-08T08:23:50.052933Z,8259,70,CTD,65535,255,1025.633056640625
1788855830.2532506,2026-09-08T08:23:50.253250Z,8259,70,CTD,65535,255,1025.635986328125
1788855830.453248,2026-09-08T08:23:50.453248Z,8259,70,CTD,65535,255,1025.635009765625
1788855830.6535137,2026-09-08T08:23:50.653513Z,8259,70,CTD,65535,255,1025.635986328125
1788855830.8534336,2026-09-08T08:23:50.853433Z,8259,70,CTD,65535,255,1025.6358642578125
1788855831.0536842,2026-09-08T08:23:51.053684Z,8259,70,CTD,65535,255,1025.63427734375
1788855831.253581,2026-09-08T08:23:51.253581Z,8259,70,CTD,65535,255,1025.63525390625
1788855831.4534152,2026-09-08T08:23:51.453415Z,8259,70,CTD,65535,255,1025.6331787109375
1788855831.6534495,2026-09-08T08:23:51.653449Z,8259,70,CTD,65535,255,1025.63330078125
1788855831.8531756,2026-09-08T08:23:51.853175Z,8259,70,CTD,65535,255,1025.6295166015625
1788855832.053321,2026-09-08T08:23:52.053320Z,8259,70,CTD,65535,255,1025.6322021484375
1788855832.2530842,2026-09-08T08:23:52.253084Z,8259,70,CTD,65535,255,1025.6318359375
1788855832.4528933,2026-09-08T08:23:52.452893Z,8259,70,CTD,65535,255,1025.6290283203125
1788855832.6526496,2026-09-08T08:23:52.652649Z,8259,70,CTD,65535,255,1025.6298828125
1788855832.8526123,2026-09-08T08:23:52.852612Z,8259,70,CTD,65535,255,1025.6297607421875
1788855833.052764,2026-09-08T08:23:53.052763Z,8259,70,CTD,65535,255,1025.6279296875
1788855833.2524183,2026-09-08T08:23:53.252418Z,8259,70,CTD,65535,255,1025.6259765625
1788855833.452388,2026-09-08T08:23:53.452388Z,8259,70,CTD,65535,255,1025.624267578125
1788855833.6521795,2026-09-08T08:23:53.652179Z,8259,70,CTD,65535,255,1025.625732421875
1788855833.8520944,2026-09-08T08:23:53.852094Z,8259,70,CTD,65535,255,1025.6246337890625
1788855834.0525818,2026-09-08T08:23:54.052581Z,8259,70,CTD,65535,255,1025.62548828125
1788855834.2519581,2026-09-08T08:23:54.251958Z,8259,70,CTD,65535,255,1025.623291015625
1788855834.4518158,2026-09-08T08:23:54.451815Z,8259,70,CTD,65535,255,1025.622314453125
1788855834.6517239,2026-09-08T08:23:54.651723Z,8259,70,CTD,65535,255,1025.62109375
1788855834.851716,2026-09-08T08:23:54.851716Z,8259,70,CTD,65535,255,1025.620849609375
1788855835.051889,2026-09-08T08:23:55.051888Z,8259,70,CTD,65535,255,1025.6201171875
1788855835.2516024,2026-09-08T08:23:55.251602Z,8259,70,CTD,65535,255,1025.6197509765625
1788855835.4516287,2026-09-08T08:23:55.451628Z,8259,70,CTD,65535,255,1025.6197509765625
1788855835.6516078,2026-09-08T08:23:55.651607Z,8259,70,CTD,65535,255,1025.6162109375
1788855835.8516383,2026-09-08T08:23:55.851638Z,8259,70,CTD,65535,255,1025.6171875
1788855836.051877,2026-09-08T08:23:56.051877Z,8259,70,CTD,65535,255,1025.619140625
1788855836.2517118,2026-09-08T08:23:56.251711Z,8259,70,CTD,65535,255,1025.6171875
1788855836.4516828,2026-09-08T08:23:56.451682Z,8259,70,CTD,65535,255,1025.6158447265625
1788855836.651762,2026-09-08T08:23:56.651762Z,8259,70,CTD,65535,255,1025.6092529296875
1788855836.8519974,2026-09-08T08:23:56.851997Z,8259,70,CTD,65535,255,1025.6080322265625
1788855837.052234,2026-09-08T08:23:57.052233Z,8259,70,CTD,65535,255,1025.603271484375
1788855837.2524188,2026-09-08T08:23:57.252418Z,8259,70,CTD,65535,255,1025.6060791015625
1788855837.4524662,2026-09-08T08:23:57.452466Z,8259,70,CTD,65535,255,1025.597900390625
1788855837.6523054,2026-09-08T08:23:57.652305Z,8259,70,CTD,65535,255,1025.5986328125
1788855837.8524785,2026-09-08T08:23:57.852478Z,8259,70,CTD,65535,255,1025.5931396484375
1788855838.052513,2026-09-08T08:23:58.052512Z,8259,70,CTD,65535,255,1025.5955810546875
1788855838.252133,2026-09-08T08:23:58.252132Z,8259,70,CTD,65535,255,1025.5947265625
1788855838.4521074,2026-09-08T08:23:58.452107Z,8259,70,CTD,65535,255,1025.5927734375
1788855838.6521003,2026-09-08T08:23:58.652100Z,8259,70,CTD,65535,255,1025.593505859375
1788855838.8522396,2026-09-08T08:23:58.852239Z,8259,70,CTD,65535,255,1025.5906982421875
1788855839.052579,2026-09-08T08:23:59.052578Z,8259,70,CTD,65535,255,1025.5928955078125
1788855839.2524204,2026-09-08T08:23:59.252420Z,8259,70,CTD,65535,255,1025.591552734375
1788855839.452495,2026-09-08T08:23:59.452495Z,8259,70,CTD,65535,255,1025.589111328125
1788855839.6524138,2026-09-08T08:23:59.652413Z,8259,70,CTD,65535,255,1025.589599609375
1788855839.852347,2026-09-08T08:23:59.852346Z,8259,70,CTD,65535,255,1025.5911865234375
1788855840.0523498,2026-09-08T08:24:00.052349Z,8259,70,CTD,65535,255,1025.5906982421875
1788855840.2522352,2026-09-08T08:24:00.252235Z,8259,70,CTD,65535,255,1025.59033203125
1788855840.4518528,2026-09-08T08:24:00.451852Z,8259,70,CTD,65535,255,1025.5909423828125
1788855840.6516905,2026-09-08T08:24:00.651690Z,8259,70,CTD,65535,255,1025.5902099609375
1788855840.8515518,2026-09-08T08:24:00.851551Z,8259,70,CTD,65535,255,1025.58837890625
1788855841.0518098,2026-09-08T08:24:01.051809Z,8259,70,CTD,65535,255,1025.587158203125
1788855841.25139,2026-09-08T08:24:01.251389Z,8259,70,CTD,65535,255,1025.5899658203125
1788855841.4513175,2026-09-08T08:24:01.451317Z,8259,70,CTD,65535,255,1025.5892333984375
1788855841.6514719,2026-09-08T08:24:01.651471Z,8259,70,CTD,65535,255,1025.587158203125
1788855841.851216,2026-09-08T08:24:01.851216Z,8259,70,CTD,65535,255,1025.5885009765625
1788855842.0513535,2026-09-08T08:24:02.051353Z,8259,70,CTD,65535,255,1025.5892333984375
1788855842.2511427,2026-09-08T08:24:02.251142Z,8259,70,CTD,65535,255,1025.5865478515625
1788855842.4512205,2026-09-08T08:24:02.451220Z,8259,70,CTD,65535,255,1025.5870361328125
1788855842.6511996,2026-09-08T08:24:02.651199Z,8259,70,CTD,65535,255,1025.5870361328125
1788855842.8510017,2026-09-08T08:24:02.851001Z,8259,70,CTD,65535,255,1025.585693359375
1788855843.0512319,2026-09-08T08:24:03.051231Z,8259,70,CTD,65535,255,1025.589111328125
1788855843.2509873,2026-09-08T08:24:03.250987Z,8259,70,CTD,65535,255,1025.58349609375
1788855843.4508858,2026-09-08T08:24:03.450885Z,8259,70,CTD,65535,255,1025.5838623046875
1788855843.6504645,2026-09-08T08:24:03.650464Z,8259,70,CTD,65535,255,1025.5859375
1788855843.8500042,2026-09-08T08:24:03.850004Z,8259,70,CTD,65535,255,1025.5836181640625
1788855844.0499413,2026-09-08T08:24:04.049941Z,8259,70,CTD,65535,255,1025.58447265625
1788855844.2495375,2026-09-08T08:24:04.249537Z,8259,70,CTD,65535,255,1025.586669921875
1788855844.4487672,2026-09-08T08:24:04.448767Z,8259,70,CTD,65535,255,1025.5843505859375
1788855844.6485386,2026-09-08T08:24:04.648538Z,8259,70,CTD,65535,255,1025.5806884765625
1788855844.8485382,2026-09-08T08:24:04.848538Z,8259,70,CTD,65535,255,1025.58251953125
1788855845.0482123,2026-09-08T08:24:05.048212Z,8259,70,CTD,65535,255,1025.582275390625
1788855845.2479851,2026-09-08T08:24:05.247985Z,8259,70,CTD,65535,255,1025.58251953125
1788855845.4476786,2026-09-08T08:24:05.447678Z,8259,70,CTD,65535,255,1025.5863037109375
1788855845.647663,2026-09-08T08:24:05.647663Z,8259,70,CTD,65535,255,1025.5791015625
1788855845.8475497,2026-09-08T08:24:05.847549Z,8259,70,CTD,65535,255,1025.5802001953125
1788855846.0479796,2026-09-08T08:24:06.047979Z,8259,70,CTD,65535,255,1025.5802001953125
1788855846.2477188,2026-09-08T08:24:06.247718Z,8259,70,CTD,65535,255,1025.5792236328125
1788855846.447614,2026-09-08T08:24:06.447613Z,8259,70,CTD,65535,255,1025.5765380859375
1788855846.6475704,2026-09-08T08:24:06.647570Z,8259,70,CTD,65535,255,1025.5771484375
1788855846.8477085,2026-09-08T08:24:06.847708Z,8259,70,CTD,65535,255,1025.573486328125
1788855847.0480103,2026-09-08T08:24:07.048010Z,8259,70,CTD,65535,255,1025.5701904296875
1788855847.2481036,2026-09-08T08:24:07.248103Z,8259,70,CTD,65535,255,1025.5694580078125
1788855847.4481518,2026-09-08T08:24:07.448151Z,8259,70,CTD,65535,255,1025.5689697265625
1788855847.6480427,2026-09-08T08:24:07.648042Z,8259,70,CTD,65535,255,1025.57080078125
1788855847.8483315,2026-09-08T08:24:07.848331Z,8259,70,CTD,65535,255,1025.5684814453125
1788855848.0485635,2026-09-08T08:24:08.048563Z,8259,70,CTD,65535,255,1025.5665283203125
1788855848.2485461,2026-09-08T08:24:08.248546Z,8259,70,CTD,65535,255,1025.5682373046875
1788855848.4486246,2026-09-08T08:24:08.448624Z,8259,70,CTD,65535,255,1025.567138671875
1788855848.648479,2026-09-08T08:24:08.648478Z,8259,70,CTD,65535,255,1025.5596923828125
1788855848.8485603,2026-09-08T08:24:08.848560Z,8259,70,CTD,65535,255,1025.560791015625
1788855849.0491054,2026-09-08T08:24:09.049105Z,8259,70,CTD,65535,255,1025.5631103515625
1788855849.2488444,2026-09-08T08:24:09.248844Z,8259,70,CTD,65535,255,1025.5604248046875
1788855849.4488144,2026-09-08T08:24:09.448814Z,8259,70,CTD,65535,255,1025.55908203125
1788855849.6488247,2026-09-08T08:24:09.648824Z,8259,70,CTD,65535,255,1025.56201171875
1788855849.8489747,2026-09-08T08:24:09.848974Z,8259,70,CTD,65535,255,1025.5570068359375
1788855850.0491686,2026-09-08T08:24:10.049168Z,8259,70,CTD,65535,255,1025.5560302734375
1788855850.2490797,2026-09-08T08:24:10.249079Z,8259,70,CTD,65535,255,1025.5555419921875
1788855850.4491072,2026-09-08T08:24:10.449107Z,8259,70,CTD,65535,255,1025.5567626953125
1788855850.6491938,2026-09-08T08:24:10.649193Z,8259,70,CTD,65535,255,1025.55322265625
1788855850.8490136,2026-09-08T08:24:10.849013Z,8259,70,CTD,65535,255,1025.552978515625
1788855851.0494263,2026-09-08T08:24:11.049426Z,8259,70,CTD,65535,255,1025.552978515625
1788855851.2492726,2026-09-08T08:24:11.249272Z,8259,70,CTD,65535,255,1025.5513916015625
1788855851.4492576,2026-09-08T08:24:11.449257Z,8259,70,CTD,65535,255,1025.5447998046875
1788855851.6490657,2026-09-08T08:24:11.649065Z,8259,70,CTD,65535,255,1025.54443359375
1788855851.8490763,2026-09-08T08:24:11.849076Z,8259,70,CTD,65535,255,1025.5379638671875
1788855852.049351,2026-09-08T08:24:12.049350Z,8259,70,CTD,65535,255,1025.5325927734375
1788855852.2491543,2026-09-08T08:24:12.249154Z,8259,70,CTD,65535,255,1025.527099609375
1788855852.449242,2026-09-08T08:24:12.449242Z,8259,70,CTD,65535,255,1025.5279541015625
1788855852.649248,2026-09-08T08:24:12.649247Z,8259,70,CTD,65535,255,1025.527099609375
1788855852.8490047,2026-09-08T08:24:12.849004Z,8259,70,CTD,65535,255,1025.5250244140625
1788855853.049372,2026-09-08T08:24:13.049371Z,8259,70,CTD,65535,255,1025.527587890625
1788855853.2490497,2026-09-08T08:24:13.249049Z,8259,70,CTD,65535,255,1025.526123046875
1788855853.4491065,2026-09-08T08:24:13.449106Z,8259,70,CTD,65535,255,1025.521728515625
1788855853.649151,2026-09-08T08:24:13.649151Z,8259,70,CTD,65535,255,1025.51611328125
1788855853.8489754,2026-09-08T08:24:13.848975Z,8259,70,CTD,65535,255,1025.511962890625
1788855854.0492055,2026-09-08T08:24:14.049205Z,8259,70,CTD,65535,255,1025.5118408203125
1788855854.2492044,2026-09-08T08:24:14.249204Z,8259,70,CTD,65535,255,1025.5074462890625
1788855854.4490254,2026-09-08T08:24:14.449025Z,8259,70,CTD,65535,255,1025.511962890625
1788855854.6489332,2026-09-08T08:24:14.648933Z,8259,70,CTD,65535,255,1025.5078125
1788855854.8489227,2026-09-08T08:24:14.848922Z,8259,70,CTD,65535,255,1025.5074462890625
1788855855.0491571,2026-09-08T08:24:15.049157Z,8259,70,CTD,65535,255,1025.5096435546875
1788855855.2490067,2026-09-08T08:24:15.249006Z,8259,70,CTD,65535,255,1025.510986328125
1788855855.4490192,2026-09-08T08:24:15.449019Z,8259,70,CTD,65535,255,1025.5059814453125
1788855855.6489775,2026-09-08T08:24:15.648977Z,8259,70,CTD,65535,255,1025.509521484375
1788855855.8486304,2026-09-08T08:24:15.848630Z,8259,70,CTD,65535,255,1025.511474609375
1788855856.0488405,2026-09-08T08:24:16.048840Z,8259,70,CTD,65535,255,1025.5072021484375
1788855856.2484584,2026-09-08T08:24:16.248458Z,8259,70,CTD,65535,255,1025.5087890625
1788855856.448552,2026-09-08T08:24:16.448551Z,8259,70,CTD,65535,255,1025.503173828125
1788855856.6476498,2026-09-08T08:24:16.647649Z,8259,70,CTD,65535,255,1025.508544921875
1788855856.8466332,2026-09-08T08:24:16.846633Z,8259,70,CTD,65535,255,1025.5062255859375
1788855857.0458548,2026-09-08T08:24:17.045854Z,8259,70,CTD,65535,255,1025.5059814453125
1788855857.2446291,2026-09-08T08:24:17.244629Z,8259,70,CTD,65535,255,1025.5028076171875
1788855857.4437234,2026-09-08T08:24:17.443723Z,8259,70,CTD,65535,255,1025.5068359375
1788855857.6429095,2026-09-08T08:24:17.642909Z,8259,70,CTD,65535,255,1025.4990234375
1788855857.8424428,2026-09-08T08:24:17.842442Z,8259,70,CTD,65535,255,1025.480224609375
1788855858.0421858,2026-09-08T08:24:18.042185Z,8259,70,CTD,65535,255,1025.465576171875
1788855858.2414813,2026-09-08T08:24:18.241481Z,8259,70,CTD,65535,255,1025.4697265625
1788855858.4409125,2026-09-08T08:24:18.440912Z,8259,70,CTD,65535,255,1025.44873046875
1788855858.6407354,2026-09-08T08:24:18.640735Z,8259,70,CTD,65535,255,1025.43994140625
1788855858.8404708,2026-09-08T08:24:18.840470Z,8259,70,CTD,65535,255,1025.4541015625
1788855859.0406578,2026-09-08T08:24:19.040657Z,8259,70,CTD,65535,255,1025.4532470703125
1788855859.2404678,2026-09-08T08:24:19.240467Z,8259,70,CTD,65535,255,1025.45068359375
1788855859.4403722,2026-09-08T08:24:19.440372Z,8259,70,CTD,65535,255,1025.4278564453125
1788855859.6406794,2026-09-08T08:24:19.640679Z,8259,70,CTD,65535,255,1025.4345703125
1788855859.840842,2026-09-08T08:24:19.840842Z,8259,70,CTD,65535,255,1025.4393310546875
1788855860.041253,2026-09-08T08:24:20.041253Z,8259,70,CTD,65535,255,1025.430908203125
1788855860.2411985,2026-09-08T08:24:20.241198Z,8259,70,CTD,65535,255,1025.4105224609375
1788855860.4414272,2026-09-08T08:24:20.441427Z,8259,70,CTD,65535,255,1025.407958984375
1788855860.641629,2026-09-08T08:24:20.641628Z,8259,70,CTD,65535,255,1025.408935546875
1788855860.8417444,2026-09-08T08:24:20.841744Z,8259,70,CTD,65535,255,1025.4166259765625
1788855861.042192,2026-09-08T08:24:21.042191Z,8259,70,CTD,65535,255,1025.396728515625
1788855861.2422657,2026-09-08T08:24:21.242265Z,8259,70,CTD,65535,255,1025.3853759765625
1788855861.4424376,2026-09-08T08:24:21.442437Z,8259,70,CTD,65535,255,1025.377197265625
1788855861.642806,2026-09-08T08:24:21.642806Z,8259,70,CTD,65535,255,1025.3712158203125
1788855861.8428044,2026-09-08T08:24:21.842804Z,8259,70,CTD,65535,255,1025.37255859375
1788855862.043258,2026-09-08T08:24:22.043257Z,8259,70,CTD,65535,255,1025.373046875
1788855862.2432797,2026-09-08T08:24:22.243279Z,8259,70,CTD,65535,255,1025.37255859375
1788855862.4432292,2026-09-08T08:24:22.443229Z,8259,70,CTD,65535,255,1025.36181640625
1788855862.6435294,2026-09-08T08:24:22.643529Z,8259,70,CTD,65535,255,1025.359130859375
1788855862.8434486,2026-09-08T08:24:22.843448Z,8259,70,CTD,65535,255,1025.347900390625
1788855863.0438027,2026-09-08T08:24:23.043802Z,8259,70,CTD,65535,255,1025.33935546875
1788855863.243882,2026-09-08T08:24:23.243881Z,8259,70,CTD,65535,255,1025.3365478515625
1788855863.4437683,2026-09-08T08:24:23.443768Z,8259,70,CTD,65535,255,1025.33740234375
1788855863.6440718,2026-09-08T08:24:23.644071Z,8259,70,CTD,65535,255,1025.3289794921875
1788855863.8442614,2026-09-08T08:24:23.844261Z,8259,70,CTD,65535,255,1025.3192138671875
1788855864.0452092,2026-09-08T08:24:24.045209Z,8259,70,CTD,65535,255,1025.3233642578125
1788855864.2449954,2026-09-08T08:24:24.244995Z,8259,70,CTD,65535,255,1025.3211669921875
1788855864.445044,2026-09-08T08:24:24.445044Z,8259,70,CTD,65535,255,1025.324951171875
1788855864.6452048,2026-09-08T08:24:24.645204Z,8259,70,CTD,65535,255,1025.3201904296875
1788855864.845405,2026-09-08T08:24:24.845405Z,8259,70,CTD,65535,255,1025.3179931640625
1788855865.0455563,2026-09-08T08:24:25.045556Z,8259,70,CTD,65535,255,1025.3173828125
1788855865.245461,2026-09-08T08:24:25.245460Z,8259,70,CTD,65535,255,1025.3173828125
1788855865.445648,2026-09-08T08:24:25.445647Z,8259,70,CTD,65535,255,1025.3099365234375
1788855865.6456325,2026-09-08T08:24:25.645632Z,8259,70,CTD,65535,255,1025.3125
1788855865.8457232,2026-09-08T08:24:25.845723Z,8259,70,CTD,65535,255,1025.315185546875
1788855866.0458837,2026-09-08T08:24:26.045883Z,8259,70,CTD,65535,255,1025.3133544921875
1788855866.24572,2026-09-08T08:24:26.245719Z,8259,70,CTD,65535,255,1025.3128662109375
1788855866.4456217,2026-09-08T08:24:26.445621Z,8259,70,CTD,65535,255,1025.3082275390625
1788855866.6456428,2026-09-08T08:24:26.645642Z,8259,70,CTD,65535,255,1025.30712890625
1788855866.8456368,2026-09-08T08:24:26.845636Z,8259,70,CTD,65535,255,1025.30810546875
1788855867.045621,2026-09-08T08:24:27.045620Z,8259,70,CTD,65535,255,1025.302001953125
1788855867.245593,2026-09-08T08:24:27.245593Z,8259,70,CTD,65535,255,1025.30517578125
1788855867.4453793,2026-09-08T08:24:27.445379Z,8259,70,CTD,65535,255,1025.29833984375
1788855867.6450863,2026-09-08T08:24:27.645086Z,8259,70,CTD,65535,255,1025.298095703125
1788855867.8449774,2026-09-08T08:24:27.844977Z,8259,70,CTD,65535,255,1025.301513671875
1788855868.0449917,2026-09-08T08:24:28.044991Z,8259,70,CTD,65535,255,1025.2998046875
1788855868.2444885,2026-09-08T08:24:28.244488Z,8259,70,CTD,65535,255,1025.30322265625
1788855868.4441316,2026-09-08T08:24:28.444131Z,8259,70,CTD,65535,255,1025.3006591796875
1788855868.6440005,2026-09-08T08:24:28.644000Z,8259,70,CTD,65535,255,1025.3004150390625
1788855868.843865,2026-09-08T08:24:28.843864Z,8259,70,CTD,65535,255,1025.299560546875
1788855869.0441575,2026-09-08T08:24:29.044157Z,8259,70,CTD,65535,255,1025.296142578125
1788855869.244,2026-09-08T08:24:29.243999Z,8259,70,CTD,65535,255,1025.296875
1788855869.4438252,2026-09-08T08:24:29.443825Z,8259,70,CTD,65535,255,1025.2991943359375
1788855869.642672,2026-09-08T08:24:29.642672Z,8259,70,CTD,65535,255,1025.301513671875
1788855869.8418443,2026-09-08T08:24:29.841844Z,8259,70,CTD,65535,255,1025.2958984375
1788855870.0408788,2026-09-08T08:24:30.040878Z,8259,70,CTD,65535,255,1025.29443359375
1788855870.2399125,2026-09-08T08:24:30.239912Z,8259,70,CTD,65535,255,1025.2952880859375
1788855870.4388657,2026-09-08T08:24:30.438865Z,8259,70,CTD,65535,255,1025.2940673828125
1788855870.6380465,2026-09-08T08:24:30.638046Z,8259,70,CTD,65535,255,1025.29443359375
1788855870.837646,2026-09-08T08:24:30.837646Z,8259,70,CTD,65535,255,1025.2940673828125
1788855871.0374582,2026-09-08T08:24:31.037458Z,8259,70,CTD,65535,255,1025.2962646484375
1788855871.2370374,2026-09-08T08:24:31.237037Z,8259,70,CTD,65535,255,1025.2972412109375
1788855871.436338,2026-09-08T08:24:31.436337Z,8259,70,CTD,65535,255,1025.2967529296875
1788855871.6361048,2026-09-08T08:24:31.636104Z,8259,70,CTD,65535,255,1025.2984619140625
1788855871.835994,2026-09-08T08:24:31.835994Z,8259,70,CTD,65535,255,1025.3009033203125
1788855872.0360684,2026-09-08T08:24:32.036068Z,8259,70,CTD,65535,255,1025.3001708984375
1788855872.2357545,2026-09-08T08:24:32.235754Z,8259,70,CTD,65535,255,1025.303955078125
1788855872.4359388,2026-09-08T08:24:32.435938Z,8259,70,CTD,65535,255,1025.30322265625
1788855872.6356173,2026-09-08T08:24:32.635617Z,8259,70,CTD,65535,255,1025.3016357421875
1788855872.8356369,2026-09-08T08:24:32.835636Z,8259,70,CTD,65535,255,1025.30126953125
1788855873.0362773,2026-09-08T08:24:33.036277Z,8259,70,CTD,65535,255,1025.301513671875
1788855873.2360182,2026-09-08T08:24:33.236018Z,8259,70,CTD,65535,255,1025.302490234375
1788855873.4360182,2026-09-08T08:24:33.436018Z,8259,70,CTD,65535,255,1025.3057861328125
1788855873.6361318,2026-09-08T08:24:33.636131Z,8259,70,CTD,65535,255,1025.3043212890625
1788855873.8362029,2026-09-08T08:24:33.836202Z,8259,70,CTD,65535,255,1025.3016357421875
1788855874.0365264,2026-09-08T08:24:34.036526Z,8259,70,CTD,65535,255,1025.3038330078125
1788855874.2364008,2026-09-08T08:24:34.236400Z,8259,70,CTD,65535,255,1025.3037109375
1788855874.4364226,2026-09-08T08:24:34.436422Z,8259,70,CTD,65535,255,1025.3052978515625
1788855874.6359222,2026-09-08T08:24:34.635922Z,8259,70,CTD,65535,255,1025.3033447265625
1788855874.835095,2026-09-08T08:24:34.835094Z,8259,70,CTD,65535,255,1025.3023681640625
1788855875.0349243,2026-09-08T08:24:35.034924Z,8259,70,CTD,65535,255,1025.300537109375
1788855875.234072,2026-09-08T08:24:35.234071Z,8259,70,CTD,65535,255,1025.2974853515625
1788855875.433086,2026-09-08T08:24:35.433085Z,8259,70,CTD,65535,255,1025.297119140625
1788855875.6324651,2026-09-08T08:24:35.632465Z,8259,70,CTD,65535,255,1025.2991943359375
1788855875.8321834,2026-09-08T08:24:35.832183Z,8259,70,CTD,65535,255,1025.298095703125
1788855876.0322762,2026-09-08T08:24:36.032276Z,8259,70,CTD,65535,255,1025.296142578125
1788855876.2314692,2026-09-08T08:24:36.231469Z,8259,70,CTD,65535,255,1025.2945556640625
1788855876.4310534,2026-09-08T08:24:36.431053Z,8259,70,CTD,65535,255,1025.29345703125
1788855876.6309075,2026-09-08T08:24:36.630907Z,8259,70,CTD,65535,255,1025.2928466796875
1788855876.8309965,2026-09-08T08:24:36.830996Z,8259,70,CTD,65535,255,1025.29150390625
1788855877.0313656,2026-09-08T08:24:37.031365Z,8259,70,CTD,65535,255,1025.2921142578125
1788855877.2310088,2026-09-08T08:24:37.231008Z,8259,70,CTD,65535,255,1025.2950439453125
1788855877.4310193,2026-09-08T08:24:37.431019Z,8259,70,CTD,65535,255,1025.290771484375
1788855877.6269505,2026-09-08T08:24:37.626950Z,8259,70,CTD,65535,255,1025.2921142578125
1788855877.8209999,2026-09-08T08:24:37.820999Z,8259,70,CTD,65535,255,1025.2890625
1788855878.0149357,2026-09-08T08:24:38.014935Z,8259,70,CTD,65535,255,1025.2913818359375
1788855878.2088468,2026-09-08T08:24:38.208846Z,8259,70,CTD,65535,255,1025.2900390625
1788855878.4028788,2026-09-08T08:24:38.402878Z,8259,70,CTD,65535,255,1025.290771484375
1788855878.589508,2026-09-08T08:24:38.589508Z,8259,70,CTD,65535,255,1025.29541015625
1788855878.7692275,2026-09-08T08:24:38.769227Z,8259,70,CTD,65535,255,1025.2916259765625
1788855878.9496753,2026-09-08T08:24:38.949675Z,8259,70,CTD,65535,255,1025.291259765625
1788855879.1294549,2026-09-08T08:24:39.129454Z,8259,70,CTD,65535,255,1025.291015625
1788855879.3094265,2026-09-08T08:24:39.309426Z,8259,70,CTD,65535,255,1025.2904052734375
1788855879.489543,2026-09-08T08:24:39.489542Z,8259,70,CTD,65535,255,1025.290283203125
1788855879.6694672,2026-09-08T08:24:39.669467Z,8259,70,CTD,65535,255,1025.2911376953125
1788855879.849692,2026-09-08T08:24:39.849692Z,8259,70,CTD,65535,255,1025.295166015625
1788855880.0295794,2026-09-08T08:24:40.029579Z,8259,70,CTD,65535,255,1025.29150390625
1788855880.2094657,2026-09-08T08:24:40.209465Z,8259,70,CTD,65535,255,1025.292724609375
1788855880.3893309,2026-09-08T08:24:40.389330Z,8259,70,CTD,65535,255,1025.2935791015625
1788855880.5693336,2026-09-08T08:24:40.569333Z,8259,70,CTD,65535,255,1025.2880859375
1788855880.7496588,2026-09-08T08:24:40.749658Z,8259,70,CTD,65535,255,1025.286865234375
