{"type": "FeatureCollection", "features": [{"type": "Feature", "properties": {"recording": "20260906_141611", "kind": "recorded GPS track"}, "geometry": {"type": "MultiLineString", "coordinates": [[[17.122546833333335, 78.42953266666667], [17.1225455, 78.42953250000001], [17.122544, 78.42953233333333], [17.122543, 78.42953200000001], [17.122542, 78.42953200000001], [17.122540833333336, 78.42953183333334], [17.122539333333336, 78.4295315], [17.12253816666667, 78.42953133333334], [17.122536833333335, 78.42953116666666], [17.122535666666668, 78.42953116666666], [17.122534833333336, 78.42953083333333], [17.122533666666666, 78.42953083333333], [17.122532166666666, 78.42953066666668], [17.122530833333332, 78.42953033333333], [17.12252983333333, 78.42953033333333], [17.122529, 78.42953016666667], [17.122527833333333, 78.42953000000001], [17.1225265, 78.42952983333333], [17.122525333333332, 78.42952966666667], [17.12252416666667, 78.4295295], [17.122523, 78.42952933333332], [17.122522, 78.42952916666667], [17.122520833333333, 78.429529], [17.122519833333335, 78.42952883333334], [17.122518333333336, 78.4295285], [17.12251716666667, 78.4295285], [17.122516166666667, 78.42952833333334], [17.12251516666667, 78.42952816666666], [17.122513833333336, 78.42952799999999], [17.122512333333336, 78.42952783333334], [17.122511333333332, 78.42952766666667], [17.122510166666665, 78.42952749999999], [17.122509166666667, 78.42952733333333], [17.122508, 78.42952716666667], [17.122506666666666, 78.42952700000001], [17.1225055, 78.42952683333333], [17.122504499999998, 78.42952666666666], [17.122503333333334, 78.42952650000001], [17.122502, 78.42952633333333], [17.122501, 78.42952616666666], [17.122499833333332, 78.429526], [17.12249866666667, 78.42952583333334], [17.1224975, 78.42952566666666], [17.122496333333334, 78.4295255], [17.122495333333333, 78.42952533333333], [17.12249416666667, 78.42952516666666], [17.12249316666667, 78.429525], [17.122492, 78.42952483333333], [17.122490666666668, 78.42952466666667], [17.12248966666667, 78.4295245], [17.1224885, 78.42952433333333], [17.122487166666666, 78.42952416666667], [17.122486166666665, 78.429524], [17.122484999999998, 78.42952366666667], [17.122484, 78.42952366666667], [17.122483, 78.42952333333332], [17.122481666666665, 78.42952316666667], [17.122480499999998, 78.429523], [17.1224795, 78.42952283333334], [17.122478166666667, 78.42952266666666], [17.122476833333334, 78.4295225], [17.122475833333333, 78.42952216666666], [17.12247466666667, 78.42952199999999], [17.1224735, 78.42952183333334], [17.1224725, 78.42952166666667], [17.122471, 78.42952149999999], [17.122469666666667, 78.42952133333333], [17.12246866666667, 78.42952116666667], [17.122467500000003, 78.42952100000001], [17.122466166666666, 78.42952066666666], [17.122464833333332, 78.42952050000001], [17.12246383333333, 78.42952033333333], [17.12246233333333, 78.42952016666666], [17.122460999999998, 78.42952], [17.122459833333334, 78.42951966666666], [17.122458666666667, 78.4295195], [17.1224575, 78.42951933333333], [17.122456, 78.42951916666667], [17.122454833333332, 78.429519], [17.12245366666667, 78.42951866666667], [17.122452333333335, 78.4295185], [17.122451, 78.42951833333333], [17.12245, 78.42951816666667], [17.122448833333333, 78.42951783333334], [17.1224475, 78.42951766666667], [17.122446, 78.4295175], [17.12244516666667, 78.42951733333332], [17.122443999999998, 78.42951716666667], [17.122442666666664, 78.429517], [17.12244133333333, 78.42951666666666], [17.122439999999997, 78.4295165], [17.122438666666667, 78.42951633333334], [17.122437333333334, 78.42951616666666], [17.122436333333333, 78.42951599999999], [17.122435, 78.42951566666667], [17.122433666666666, 78.4295155], [17.1224325, 78.42951533333333], [17.122431333333335, 78.42951516666668], [17.12243, 78.42951500000001], [17.122428833333334, 78.42951466666666], [17.122427833333333, 78.42951450000001], [17.1224265, 78.42951433333333], [17.122425333333336, 78.42951416666666], [17.122424333333335, 78.42951383333335], [17.122423166666668, 78.42951366666667], [17.122421999999997, 78.4295135], [17.122420666666667, 78.42951333333333], [17.122419333333333, 78.42951316666667], [17.122417833333333, 78.429513], [17.122416666666666, 78.42951283333333], [17.1224155, 78.42951266666667], [17.122414, 78.42951233333334], [17.122412666666666, 78.42951216666667], [17.122411333333332, 78.429512], [17.1224105, 78.42951183333334], [17.122409166666667, 78.42951166666667], [17.122407666666668, 78.42951133333332], [17.1224065, 78.42951116666667], [17.12240566666667, 78.429511], [17.12240416666667, 78.42951083333334], [17.12240266666667, 78.42951066666666], [17.122401500000002, 78.4295105], [17.122400333333335, 78.42951016666666], [17.122398999999998, 78.42951016666666], [17.122397333333332, 78.42950983333334], [17.122396166666665, 78.42950966666668], [17.122395166666667, 78.4295095], [17.122393666666667, 78.42950933333333], [17.122392166666668, 78.42950916666668], [17.122390833333334, 78.42950900000001], [17.122389833333333, 78.42950883333333], [17.122388833333332, 78.42950866666666], [17.1223875, 78.42950850000001], [17.12238616666667, 78.42950833333333], [17.122384833333335, 78.429508], [17.122383666666668, 78.42950783333335], [17.1223825, 78.42950766666667], [17.122381166666667, 78.4295075], [17.12238, 78.42950716666665], [17.122379000000002, 78.42950716666665], [17.122377333333336, 78.429507], [17.122376, 78.42950666666667], [17.122374999999998, 78.42950649999999], [17.12237383333333, 78.42950633333334], [17.122372499999997, 78.42950616666667], [17.122370999999998, 78.429506], [17.122369833333334, 78.42950583333332], [17.122368833333333, 78.42950566666667], [17.122367666666666, 78.4295055], [17.122366333333332, 78.42950533333332], [17.122365333333335, 78.42950516666666], [17.122363833333335, 78.429505], [17.1223625, 78.42950483333334], [17.122361333333334, 78.42950466666666], [17.122360166666667, 78.42950433333334], [17.122359, 78.42950416666666], [17.12235766666667, 78.42950416666666], [17.122356500000002, 78.42950383333333], [17.122355333333335, 78.42950366666668], [17.122354166666664, 78.4295035], [17.12235283333333, 78.4295035], [17.122351666666667, 78.42950333333333], [17.122350333333333, 78.42950300000001], [17.122349, 78.42950283333333], [17.122347833333333, 78.42950283333333], [17.12234683333333, 78.4295025], [17.122345499999998, 78.42950233333333], [17.122344166666668, 78.42950216666667], [17.122343, 78.429502], [17.122341833333333, 78.42950183333333], [17.1223405, 78.42950166666667], [17.122339333333333, 78.4295015], [17.12233816666667, 78.42950133333333], [17.122337, 78.42950116666665], [17.122336, 78.429501], [17.122334666666667, 78.42950083333334], [17.122333333333334, 78.42950066666667], [17.12233216666667, 78.42950049999999], [17.122330666666667, 78.42950033333334], [17.122328999999997, 78.42950016666667], [17.122328, 78.4295], [17.122326833333332, 78.42949983333332], [17.122325166666666, 78.42949966666667], [17.122323666666666, 78.4294995], [17.1223225, 78.42949933333333], [17.122321333333332, 78.42949916666666], [17.12232, 78.429499], [17.12231866666667, 78.42949883333334], [17.12231716666667, 78.42949866666666], [17.122315833333335, 78.4294985], [17.1223145, 78.42949833333334], [17.122313000000002, 78.42949816666666], [17.12231166666667, 78.429498], [17.1223105, 78.42949783333333], [17.122308999999998, 78.42949766666668], [17.12230733333333, 78.4294975], [17.122306, 78.42949733333333], [17.122305166666667, 78.42949716666666], [17.122303833333334, 78.42949700000001], [17.12230183333333, 78.42949683333333], [17.122300499999998, 78.4294965], [17.122299333333334, 78.42949633333333], [17.122298166666667, 78.42949616666667], [17.122296333333335, 78.429496], [17.122294833333335, 78.42949583333333], [17.1222935, 78.42949566666667], [17.122292166666668, 78.4294955], [17.122290500000002, 78.42949533333334], [17.122288833333336, 78.42949516666665], [17.122287833333335, 78.429495], [17.122286499999998, 78.42949483333334], [17.122284666666665, 78.42949466666667], [17.122283333333332, 78.42949449999999], [17.122282166666665, 78.42949433333334], [17.122280666666665, 78.42949416666667], [17.122278833333333, 78.429494], [17.1222775, 78.42949383333332], [17.122276166666666, 78.42949366666667], [17.122274833333332, 78.4294935], [17.122273, 78.42949316666666], [17.1222715, 78.42949316666666], [17.12227, 78.42949283333334], [17.122268666666667, 78.42949283333334], [17.122267, 78.4294925], [17.1222655, 78.42949233333334], [17.122264500000004, 78.42949216666666], [17.122263166666666, 78.429492], [17.12226133333333, 78.42949183333333], [17.122260166666667, 78.42949166666668], [17.122259, 78.4294915], [17.122257666666666, 78.42949116666666], [17.122256, 78.42949100000001], [17.1222545, 78.42949083333333], [17.122253333333333, 78.42949066666667], [17.122251833333333, 78.4294905], [17.122250333333334, 78.42949033333333], [17.122249, 78.42949016666667], [17.122247666666667, 78.42949], [17.122246166666667, 78.42948983333334], [17.122244833333333, 78.4294895], [17.12224366666667, 78.42948933333334], [17.122242333333336, 78.42948916666666], [17.122241, 78.429489], [17.122239666666665, 78.42948883333334], [17.122238333333332, 78.42948866666667], [17.122236833333332, 78.42948833333334], [17.122235166666666, 78.42948816666667], [17.122233833333333, 78.429488], [17.122232666666665, 78.42948783333333], [17.122231333333332, 78.42948766666667], [17.122229666666666, 78.42948750000001], [17.122228166666666, 78.42948733333333], [17.122227000000002, 78.42948700000001], [17.12222566666667, 78.42948683333334], [17.122224000000003, 78.42948666666666], [17.12222266666667, 78.4294865], [17.12222166666667, 78.42948633333334], [17.12222016666667, 78.429486], [17.1222185, 78.42948583333333], [17.12221733333333, 78.42948566666668], [17.12221633333333, 78.4294855], [17.122214666666665, 78.42948533333333], [17.12221333333333, 78.42948516666667], [17.122212, 78.42948483333333], [17.122210666666668, 78.42948483333333], [17.1222095, 78.42948466666667], [17.122208, 78.42948433333332], [17.122206666666667, 78.42948416666667], [17.122205333333333, 78.429484], [17.122204, 78.42948383333334], [17.122202833333333, 78.42948366666666], [17.122201333333333, 78.4294835], [17.122200333333335, 78.42948333333334], [17.122199166666668, 78.42948316666666], [17.122197500000002, 78.42948283333334], [17.122196166666665, 78.42948266666667], [17.122194999999998, 78.42948249999999], [17.122193666666664, 78.42948249999999], [17.1221925, 78.42948216666667], [17.122191166666667, 78.42948200000001], [17.122189666666667, 78.42948183333333], [17.122188166666668, 78.42948166666666], [17.122187, 78.42948150000001], [17.122185666666667, 78.42948150000001], [17.1221845, 78.42948133333333], [17.122183, 78.429481], [17.122181666666666, 78.429481], [17.122180500000002, 78.42948083333334], [17.12217916666667, 78.4294805], [17.122177833333335, 78.42948033333333], [17.122176666666668, 78.42948016666666], [17.122175333333335, 78.42948], [17.122174166666664, 78.42947983333333], [17.122172666666664, 78.42947966666667], [17.122171666666667, 78.4294795], [17.122170333333333, 78.42947933333333], [17.122169166666666, 78.42947916666667], [17.122167666666666, 78.429479], [17.122166166666666, 78.42947883333333], [17.122164833333333, 78.42947883333333], [17.122163666666665, 78.4294785], [17.122162166666666, 78.42947833333332], [17.122160666666666, 78.42947816666667], [17.122159500000002, 78.429478], [17.122158333333335, 78.42947783333334], [17.122156833333335, 78.42947766666666], [17.12215516666667, 78.4294775], [17.122153833333336, 78.42947733333334], [17.122152833333335, 78.42947716666666], [17.122151166666665, 78.42947699999999], [17.1221495, 78.42947683333334], [17.122148166666666, 78.42947666666667], [17.122146833333332, 78.42947649999999], [17.122145333333332, 78.42947633333333], [17.122143666666666, 78.42947616666667], [17.122142166666666, 78.42947600000001], [17.122140833333333, 78.42947583333333], [17.1221395, 78.42947566666666], [17.122138, 78.42947550000001], [17.122136333333334, 78.42947533333333], [17.122135166666666, 78.42947516666666], [17.122134000000003, 78.429475], [17.122132166666667, 78.42947483333334], [17.12213016666667, 78.42947466666666], [17.122128999999997, 78.42947433333333], [17.122127666666664, 78.42947416666667], [17.12212583333333, 78.429474], [17.122124, 78.42947383333333], [17.1221225, 78.42947366666667], [17.122121166666666, 78.4294735], [17.122119333333334, 78.42947333333333], [17.1221175, 78.42947316666667], [17.122116166666668, 78.429473], [17.12211466666667, 78.42947283333334], [17.122113333333335, 78.42947266666667], [17.122111500000003, 78.42947233333332], [17.122110000000003, 78.42947216666667], [17.122108833333336, 78.429472], [17.12210716666667, 78.42947183333334], [17.12210533333333, 78.42947166666666], [17.122104, 78.4294715], [17.1221025, 78.42947133333334], [17.12210083333333, 78.42947116666666], [17.122098833333332, 78.42947099999999], [17.1220975, 78.42947083333334], [17.122096, 78.42947066666667], [17.1220945, 78.4294705], [17.1220925, 78.42947033333333], [17.122090833333335, 78.42947016666668], [17.1220895, 78.42947000000001], [17.122088, 78.42946983333333], [17.1220865, 78.42946966666666], [17.12208466666667, 78.42946950000001], [17.122083, 78.42946916666666], [17.1220815, 78.42946916666666], [17.12208, 78.42946883333335], [17.122078166666665, 78.42946866666666], [17.1220765, 78.4294685], [17.122074833333333, 78.42946833333333], [17.1220735, 78.42946816666667], [17.122071666666667, 78.429468], [17.122069833333335, 78.42946783333333], [17.122068333333335, 78.42946766666667], [17.122067, 78.4294675], [17.122065333333335, 78.42946733333333], [17.122063166666667, 78.42946716666667], [17.122061666666664, 78.429467], [17.1220605, 78.42946683333334], [17.122059, 78.42946666666667], [17.122057166666664, 78.4294665], [17.1220555, 78.42946633333332], [17.122054166666665, 78.42946616666667], [17.122052666666665, 78.429466], [17.122050666666667, 78.42946583333334], [17.122049166666667, 78.42946566666666], [17.122047833333333, 78.4294655], [17.122046166666667, 78.42946533333334], [17.1220445, 78.42946516666666], [17.122042833333335, 78.429465], [17.122041333333335, 78.42946483333334], [17.122040000000002, 78.42946466666668], [17.122038333333332, 78.4294645], [17.1220365, 78.42946433333333], [17.122035166666667, 78.42946416666668], [17.122033666666667, 78.42946400000001], [17.122032333333333, 78.42946383333333], [17.122030666666667, 78.42946366666666], [17.122029166666668, 78.42946350000001], [17.1220275, 78.42946333333333], [17.122026333333334, 78.42946316666666], [17.122024833333334, 78.429463], [17.12202316666667, 78.42946283333335], [17.122021500000002, 78.42946266666667], [17.122020000000003, 78.4294625], [17.12201866666667, 78.42946233333333], [17.122017333333336, 78.42946216666665], [17.1220155, 78.429462], [17.122014166666666, 78.42946183333333], [17.1220125, 78.42946149999999], [17.122011, 78.42946149999999], [17.122009666666667, 78.42946133333334], [17.122008333333333, 78.429461], [17.122006666666667, 78.42946083333332], [17.122005, 78.42946066666667], [17.122003666666668, 78.4294605], [17.122002166666668, 78.42946033333332], [17.12200066666667, 78.42946016666666], [17.121999000000002, 78.42946], [17.121997500000003, 78.42945983333334], [17.121995833333337, 78.42945966666666], [17.121994500000003, 78.42945933333334], [17.121993, 78.42945916666666], [17.1219915, 78.42945916666666], [17.12199, 78.42945883333333], [17.121988333333334, 78.42945866666668], [17.1219865, 78.4294585], [17.121985166666665, 78.42945833333333], [17.121983833333335, 78.42945816666666], [17.121982333333335, 78.42945800000001], [17.1219805, 78.42945783333333], [17.121979166666666, 78.42945766666666], [17.121977833333336, 78.4294575], [17.121976166666666, 78.42945733333333], [17.121974666666667, 78.42945716666667], [17.121973166666667, 78.429457], [17.121971833333337, 78.42945683333333], [17.121969999999997, 78.4294565], [17.12196833333333, 78.42945633333333], [17.121966999999998, 78.42945616666665], [17.121965666666664, 78.429456], [17.121963833333332, 78.42945583333334], [17.1219625, 78.42945566666667], [17.121961, 78.42945549999999], [17.121959333333333, 78.42945533333334], [17.121957833333333, 78.429455], [17.121956, 78.42945483333332], [17.121954833333334, 78.42945466666667], [17.121953166666668, 78.4294545], [17.1219515, 78.42945433333333], [17.121949500000003, 78.42945416666666], [17.121948333333332, 78.429454], [17.121947166666665, 78.42945383333334], [17.121945333333333, 78.42945366666666], [17.1219435, 78.4294535], [17.121941833333334, 78.42945333333334], [17.121940833333333, 78.42945316666666], [17.121939166666667, 78.429453], [17.121937166666665, 78.42945283333333], [17.121935833333335, 78.42945266666668], [17.121934500000002, 78.4294525], [17.121932833333336, 78.42945233333333], [17.121931, 78.42945216666666], [17.121929666666666, 78.42945200000001], [17.121928333333337, 78.42945183333333], [17.121926499999997, 78.42945166666667], [17.1219245, 78.4294515], [17.121923499999998, 78.42945133333333], [17.121922333333334, 78.42945116666667], [17.121920833333334, 78.429451], [17.121918833333332, 78.42945066666667], [17.1219175, 78.4294505], [17.121916333333335, 78.42945033333334], [17.121915, 78.42945016666665], [17.121913166666666, 78.42945], [17.121912000000002, 78.42944983333334], [17.12191066666667, 78.42944966666667], [17.121909333333335, 78.42944949999999], [17.12190766666667, 78.42944933333334], [17.1219065, 78.42944916666667], [17.1219055, 78.429449], [17.12190383333333, 78.42944883333332], [17.12190233333333, 78.42944866666667], [17.121901166666664, 78.4294485], [17.121900166666666, 78.42944816666666], [17.121898833333333, 78.42944800000001], [17.121897333333333, 78.42944783333334], [17.121896333333332, 78.42944766666666], [17.121895166666665, 78.4294475], [17.121894166666667, 78.42944733333334], [17.121892833333334, 78.42944716666666], [17.121891833333333, 78.429447], [17.121890833333335, 78.42944666666668], [17.1218895, 78.4294465], [17.12188816666667, 78.42944633333333], [17.121887333333333, 78.42944616666666], [17.121886, 78.42944600000001], [17.1218845, 78.42944583333333], [17.121883166666667, 78.42944566666667], [17.12188216666667, 78.4294455], [17.121881, 78.42944533333333], [17.12187983333333, 78.429445], [17.121878666666664, 78.42944483333333], [17.121877666666666, 78.42944466666667], [17.1218765, 78.42944466666667], [17.121875333333332, 78.42944433333334], [17.121873833333332, 78.42944416666666], [17.121872833333335, 78.429444], [17.121872, 78.42944383333334], [17.121870666666666, 78.42944366666667], [17.121869166666666, 78.42944349999999], [17.121868333333335, 78.42944333333334], [17.1218675, 78.42944316666667], [17.121865833333334, 78.429443], [17.1218645, 78.42944283333333], [17.121863666666666, 78.42944266666667], [17.12186266666667, 78.42944250000001], [17.121861000000003, 78.42944233333333], [17.121859833333335, 78.42944216666666], [17.121858999999997, 78.42944200000001], [17.121857666666664, 78.42944183333334], [17.121855999999998, 78.42944166666666], [17.121854666666664, 78.42944133333334], [17.121854166666665, 78.42944116666666], [17.12185283333333, 78.429441], [17.121851333333332, 78.42944083333333], [17.121849833333332, 78.42944066666668], [17.121848833333335, 78.4294405], [17.121848, 78.42944033333333], [17.1218465, 78.42944016666667], [17.121845, 78.42944000000001], [17.121843833333333, 78.42943966666667], [17.121842666666666, 78.4294395], [17.121841333333336, 78.42943933333332], [17.121840000000002, 78.42943916666667], [17.121838833333335, 78.429439], [17.121837833333334, 78.42943883333334], [17.121836499999997, 78.42943866666666], [17.121835166666663, 78.4294385], [17.121833833333334, 78.42943816666666], [17.121832833333333, 78.42943799999999], [17.12183183333333, 78.42943783333334], [17.121830499999998, 78.42943766666667], [17.121829333333334, 78.42943749999999], [17.121828333333333, 78.42943716666667], [17.121827333333332, 78.42943700000001], [17.121825833333332, 78.42943700000001], [17.121824833333335, 78.42943666666666], [17.121823666666668, 78.42943650000001], [17.1218225, 78.42943633333333], [17.121821, 78.42943616666666], [17.121819833333333, 78.429436], [17.121818666666666, 78.42943583333334], [17.121817500000002, 78.42943566666666], [17.121816000000003, 78.4294355], [17.12181466666667, 78.42943533333333], [17.121813666666664, 78.429435], [17.12181233333333, 78.42943483333333], [17.121811166666664, 78.42943483333333], [17.12181, 78.42943466666667], [17.121808833333333, 78.42943433333333], [17.121807666666665, 78.42943416666667], [17.121806499999998, 78.42943416666667], [17.121805166666665, 78.429434], [17.121804166666667, 78.42943366666667], [17.121802833333334, 78.4294335], [17.121801666666666, 78.4294335], [17.121800666666665, 78.42943333333332], [17.1217995, 78.429433], [17.1217985, 78.42943283333334], [17.121797166666667, 78.42943266666666], [17.121796, 78.4294325], [17.12179516666667, 78.42943233333334], [17.121794333333334, 78.42943233333334], [17.121792833333334, 78.42943216666666], [17.121791666666663, 78.42943183333334], [17.121790666666666, 78.42943183333334], [17.121789666666665, 78.42943166666667], [17.12178833333333, 78.42943149999999], [17.121787166666664, 78.42943133333333], [17.121786333333333, 78.42943116666667], [17.121785166666665, 78.42943100000001], [17.121783833333332, 78.42943083333333], [17.121782833333334, 78.42943066666666], [17.121782166666666, 78.42943050000001], [17.121781166666665, 78.42943033333333], [17.12178, 78.42943016666666], [17.121778666666668, 78.42943], [17.121777833333333, 78.42943], [17.121776833333335, 78.42942983333334], [17.121775666666668, 78.42942966666666], [17.121774666666667, 78.4294295], [17.1217735, 78.42942933333333], [17.121772500000002, 78.42942916666667], [17.121771666666667, 78.429429], [17.1217705, 78.42942883333333], [17.121769500000003, 78.42942866666667], [17.121768999999997, 78.42942866666667], [17.121768166666666, 78.4294285], [17.121767, 78.42942833333333], [17.121765999999997, 78.42942816666667], [17.121765, 78.429428], [17.121763833333333, 78.42942783333334], [17.121762666666665, 78.42942766666667], [17.121761499999998, 78.4294275], [17.1217605, 78.42942733333332], [17.121759166666667, 78.42942716666667], [17.121758, 78.429427], [17.121756833333333, 78.42942683333334], [17.121755666666665, 78.42942666666666], [17.121754166666665, 78.4294265], [17.121753000000002, 78.42942633333334], [17.121752, 78.42942616666666], [17.121750833333333, 78.42942599999999], [17.1217495, 78.42942583333334], [17.121748166666666, 78.42942566666667], [17.121746833333336, 78.4294255], [17.121745333333333, 78.42942516666668], [17.121744, 78.42942500000001], [17.121742833333332, 78.42942483333333], [17.1217415, 78.42942466666666], [17.121739666666667, 78.42942450000001], [17.121738333333333, 78.42942433333333], [17.121737333333332, 78.42942416666666], [17.121735833333332, 78.42942383333335], [17.121734, 78.42942366666666], [17.121732166666668, 78.4294235], [17.121731333333333, 78.42942333333333], [17.121729666666667, 78.42942316666667], [17.121728166666667, 78.429423], [17.121726666666667, 78.42942266666667], [17.12172566666667, 78.4294225], [17.121724333333336, 78.42942233333333], [17.121722499999997, 78.42942216666667], [17.12172083333333, 78.42942183333334], [17.12172, 78.42942166666667], [17.121718833333333, 78.4294215], [17.121717, 78.42942133333332], [17.121715333333334, 78.429421], [17.121714, 78.42942083333334], [17.121713, 78.42942066666666], [17.121711, 78.4294205], [17.12170916666667, 78.42942033333334], [17.121707833333335, 78.42942], [17.121706500000002, 78.42941983333334], [17.12170516666667, 78.42941966666667], [17.12170366666667, 78.4294195], [17.121702000000003, 78.42941916666668], [17.121700666666666, 78.42941900000001], [17.121699333333332, 78.42941883333333], [17.121697833333332, 78.42941866666666], [17.121696333333333, 78.42941850000001], [17.121695, 78.42941833333333], [17.12169383333333, 78.429418], [17.121692333333332, 78.42941783333335], [17.121690666666666, 78.42941766666667], [17.1216895, 78.4294175], [17.12168816666667, 78.42941716666665], [17.121686833333335, 78.429417], [17.12168516666667, 78.42941683333333], [17.121683833333336, 78.42941666666667], [17.12168266666667, 78.42941649999999], [17.121681333333335, 78.42941616666667], [17.12167966666667, 78.429416], [17.121678166666666, 78.42941583333332], [17.121677, 78.42941566666667], [17.12167583333333, 78.4294155], [17.121674166666665, 78.42941533333332], [17.121672333333333, 78.429415], [17.121671166666665, 78.42941483333334], [17.121670166666668, 78.42941466666666], [17.121668666666668, 78.4294145], [17.12166716666667, 78.42941433333334], [17.121665833333335, 78.42941416666666], [17.121664833333334, 78.42941383333333], [17.121663, 78.42941366666668], [17.121661666666668, 78.4294135], [17.1216605, 78.42941333333333], [17.121659166666667, 78.42941300000001], [17.121657833333334, 78.42941283333333], [17.121655999999998, 78.42941266666666], [17.121654499999998, 78.4294125], [17.121653166666665, 78.42941216666667], [17.12165183333333, 78.429412], [17.121650166666665, 78.42941183333333], [17.1216485, 78.42941166666667], [17.121647333333332, 78.4294115], [17.121646, 78.42941133333333], [17.12164466666667, 78.42941116666665], [17.121643, 78.429411], [17.12164166666667, 78.42941066666667], [17.121640333333335, 78.42941049999999], [17.121639166666668, 78.42941033333334], [17.121637500000002, 78.42941016666667], [17.121635833333336, 78.42941], [17.12163466666667, 78.42940966666667], [17.121633666666664, 78.4294095], [17.121631999999998, 78.42940933333333], [17.121630166666666, 78.42940916666666], [17.121629, 78.429409], [17.121627999999998, 78.42940866666666], [17.121626166666665, 78.4294085], [17.121624166666667, 78.42940833333334], [17.121622833333333, 78.42940816666666], [17.121621833333332, 78.42940783333333], [17.121620166666666, 78.42940766666668], [17.121618166666668, 78.4294075], [17.121617, 78.42940733333333], [17.121615833333333, 78.42940700000001], [17.121614, 78.42940683333333], [17.12161216666667, 78.42940666666667], [17.121611166666664, 78.4294065], [17.121609666666664, 78.42940616666667], [17.121607833333332, 78.429406], [17.121606166666666, 78.42940583333333], [17.121605, 78.42940566666667], [17.12160383333333, 78.4294055], [17.121602, 78.42940533333334], [17.1216005, 78.42940516666665], [17.121599166666666, 78.429405], [17.121597666666666, 78.42940466666667], [17.121596166666667, 78.42940466666667], [17.121594833333333, 78.42940433333334], [17.121593833333336, 78.42940416666667], [17.12159216666667, 78.42940416666667], [17.12159116666667, 78.429404], [17.12159, 78.42940383333332], [17.121588666666664, 78.42940366666667], [17.121586833333332, 78.4294035], [17.121585666666665, 78.42940333333333], [17.121584499999997, 78.42940316666666], [17.121583333333334, 78.42940300000001], [17.121581833333334, 78.42940283333334], [17.121580666666667, 78.42940266666666], [17.121579666666666, 78.4294025], [17.1215785, 78.42940233333334], [17.121577, 78.42940216666666], [17.1215755, 78.429402], [17.12157416666667, 78.42940183333333], [17.121573, 78.42940166666668], [17.121571333333335, 78.4294015], [17.1215695, 78.42940133333333], [17.121568333333336, 78.42940100000001], [17.12156716666667, 78.42940083333333], [17.121565333333333, 78.42940066666667], [17.121563666666667, 78.4294005], [17.1215625, 78.42940033333333], [17.1215615, 78.42940016666667], [17.121559833333333, 78.4294], [17.121558166666667, 78.42939983333333], [17.121557166666665, 78.42939966666667], [17.121555999999998, 78.4293995], [17.121554333333332, 78.42939933333334], [17.121552666666666, 78.42939916666666], [17.1215515, 78.429399], [17.1215505, 78.42939883333334], [17.12154866666667, 78.42939866666667], [17.121547, 78.42939849999999], [17.121546000000002, 78.42939833333334], [17.12154466666667, 78.42939816666667], [17.121543, 78.429398], [17.1215415, 78.42939783333333], [17.121540333333332, 78.42939766666667], [17.121538666666666, 78.42939750000001], [17.121537333333332, 78.42939733333333], [17.121536166666665, 78.42939716666666], [17.121534666666665, 78.42939700000001], [17.121533166666666, 78.42939683333334], [17.121531833333332, 78.42939666666666], [17.12153066666667, 78.4293965], [17.121529333333335, 78.42939633333334], [17.121527833333335, 78.42939616666666], [17.1215265, 78.429396], [17.1215255, 78.42939583333333], [17.121524, 78.42939566666668], [17.121522666666667, 78.4293955], [17.121521499999997, 78.42939533333333], [17.121520333333333, 78.42939516666667], [17.121519, 78.42939500000001], [17.1215175, 78.42939483333333], [17.121516333333332, 78.42939466666667], [17.12151533333333, 78.4293945], [17.12151383333333, 78.42939433333332], [17.121512166666665, 78.42939416666667], [17.121510999999998, 78.429394], [17.12151, 78.42939383333334], [17.121508666666667, 78.42939366666666], [17.121507, 78.4293935], [17.121505666666668, 78.42939333333334], [17.1215045, 78.42939316666666], [17.121503333333333, 78.42939299999999], [17.121502, 78.42939266666667], [17.1215005, 78.42939249999999], [17.121499333333336, 78.42939233333333], [17.121498499999998, 78.42939216666667], [17.121496999999998, 78.429392], [17.121495666666664, 78.429392], [17.121494499999997, 78.42939183333333], [17.1214935, 78.42939166666666], [17.121492, 78.42939150000001], [17.121490666666666, 78.42939116666666], [17.1214895, 78.42939116666666], [17.121488333333332, 78.429391], [17.121486833333332, 78.42939083333334], [17.12148566666667, 78.42939066666666], [17.121484333333335, 78.4293905], [17.121483166666668, 78.42939033333333], [17.121482, 78.42939016666666], [17.121480666666667, 78.42939], [17.121479333333333, 78.42938983333333], [17.121477833333334, 78.42938966666667], [17.121476500000004, 78.4293895], [17.1214755, 78.42938933333333], [17.121473833333333, 78.42938916666667], [17.1214725, 78.429389], [17.121471333333332, 78.42938883333333], [17.12147, 78.42938866666667], [17.121468666666665, 78.4293885], [17.12146733333333, 78.42938833333332], [17.121466166666668, 78.42938816666667], [17.121464833333334, 78.42938783333334], [17.1214635, 78.42938766666666], [17.121462333333334, 78.42938766666666], [17.121461, 78.4293875], [17.1214595, 78.42938733333334], [17.121458166666667, 78.42938716666666], [17.121457000000003, 78.42938699999999], [17.121455833333336, 78.42938683333334], [17.121454500000002, 78.42938666666667], [17.121452833333333, 78.42938649999999], [17.12145183333333, 78.42938633333333], [17.12145083333333, 78.42938633333333], [17.12144933333333, 78.42938616666667], [17.12144783333333, 78.42938600000001], [17.121446666666667, 78.42938583333333], [17.121445666666666, 78.42938566666666], [17.121444333333333, 78.42938550000001], [17.121442833333333, 78.42938533333333], [17.121441166666667, 78.42938516666666], [17.121440333333332, 78.429385], [17.12143916666667, 78.429385], [17.12143766666667, 78.42938483333334], [17.121436333333335, 78.42938466666666], [17.121435333333334, 78.4293845], [17.121434, 78.42938433333333], [17.1214325, 78.42938416666667], [17.12143083333333, 78.42938416666667], [17.121429666666664, 78.42938383333333], [17.12142833333333, 78.42938366666667], [17.121427166666667, 78.4293835], [17.12142533333333, 78.42938333333333], [17.121424, 78.42938316666667], [17.121422833333334, 78.429383], [17.121421666666667, 78.42938283333334], [17.121419833333334, 78.42938266666667], [17.121418333333335, 78.4293825], [17.1214175, 78.42938233333332], [17.121416166666666, 78.42938216666667], [17.121414666666666, 78.429382], [17.121413166666667, 78.429382], [17.121412000000003, 78.42938166666666], [17.121411333333334, 78.4293815], [17.12140966666667, 78.42938133333334], [17.121408166666665, 78.42938133333334], [17.121407166666664, 78.42938116666666], [17.121405333333332, 78.42938083333334], [17.121403833333332, 78.42938066666667], [17.1214025, 78.4293805], [17.121401166666665, 78.42938033333333], [17.12139983333333, 78.42938016666668], [17.12139833333333, 78.42938000000001], [17.121396666666666, 78.42937966666666], [17.121395, 78.42937950000001], [17.121393833333332, 78.42937933333333], [17.121392500000002, 78.42937916666666], [17.121390666666667, 78.42937883333335], [17.121389, 78.42937866666666], [17.121387333333335, 78.4293785], [17.121385999999998, 78.42937816666667], [17.121384499999998, 78.429378], [17.12138283333333, 78.42937783333333], [17.1213815, 78.4293775], [17.121379833333332, 78.42937733333333], [17.121378333333332, 78.429377], [17.121377, 78.42937683333334], [17.121375333333333, 78.42937666666667], [17.121373666666667, 78.42937633333332], [17.1213725, 78.42937616666667], [17.121370833333334, 78.429376], [17.121369, 78.42937566666666], [17.121367666666668, 78.4293755], [17.121366333333334, 78.42937516666666], [17.121364500000002, 78.429375], [17.121362666666666, 78.42937466666667], [17.121361333333333, 78.4293745], [17.121359666666667, 78.42937416666668], [17.121358, 78.42937400000001], [17.1213565, 78.42937366666666], [17.121355, 78.42937350000001], [17.121353166666665, 78.42937333333333], [17.1213515, 78.42937316666666], [17.121350333333332, 78.42937283333335], [17.121348666666666, 78.42937266666667], [17.121347, 78.42937233333333], [17.121345666666667, 78.42937216666665], [17.121344333333333, 78.429372], [17.121342666666667, 78.42937183333333], [17.12134133333333, 78.42937149999999], [17.12134, 78.42937133333334], [17.1213385, 78.42937116666667], [17.12133683333333, 78.42937083333332], [17.1213355, 78.42937066666667], [17.121334166666667, 78.42937033333332], [17.121332666666667, 78.42937016666666], [17.1213315, 78.42936983333334], [17.121329833333334, 78.42936966666666], [17.121328333333334, 78.42936949999999], [17.121327, 78.42936916666666], [17.121325833333334, 78.429369], [17.1213245, 78.42936883333333], [17.121323500000003, 78.42936866666668], [17.121322333333335, 78.4293685], [17.1213215, 78.42936833333333], [17.121320166666667, 78.42936800000001], [17.121319000000003, 78.42936783333333], [17.121317833333332, 78.42936766666666], [17.121316666666665, 78.4293675], [17.12131533333333, 78.42936733333333], [17.121314166666664, 78.429367], [17.12131283333333, 78.42936683333333], [17.121311666666667, 78.42936666666667], [17.121310333333334, 78.4293665], [17.121309, 78.42936633333333], [17.121307666666667, 78.42936616666665], [17.121306333333333, 78.42936583333334], [17.121305, 78.42936566666667], [17.1213035, 78.42936549999999], [17.121302, 78.42936533333334], [17.121300666666667, 78.42936516666667], [17.121299166666667, 78.42936483333332], [17.121297666666667, 78.42936466666667], [17.121296166666664, 78.4293645], [17.12129483333333, 78.42936416666666], [17.12129333333333, 78.429364], [17.121291666666664, 78.42936383333334], [17.121289833333332, 78.4293635], [17.1212885, 78.42936333333334], [17.12128733333333, 78.429363], [17.1212855, 78.42936283333333], [17.121284, 78.42936266666668], [17.121282666666666, 78.42936233333333], [17.121281166666666, 78.42936216666666], [17.121279666666666, 78.42936200000001], [17.121278166666666, 78.42936166666667], [17.121277000000003, 78.4293615], [17.121275500000003, 78.42936116666667], [17.121274000000003, 78.429361], [17.1212725, 78.42936066666667], [17.121271, 78.4293605], [17.121269666666667, 78.42936016666665], [17.121268333333333, 78.42936], [17.121266833333333, 78.42935966666667], [17.121265333333334, 78.42935949999999], [17.121264, 78.42935916666667], [17.121262666666667, 78.429359], [17.121261333333333, 78.42935866666667], [17.12126, 78.4293585], [17.121258833333332, 78.42935816666666], [17.121257500000002, 78.42935800000001], [17.12125616666667, 78.42935783333334], [17.121255, 78.4293575], [17.121253833333334, 78.42935733333334], [17.1212525, 78.429357], [17.121251166666664, 78.42935666666668], [17.12125, 78.4293565], [17.121248833333333, 78.42935633333333], [17.121247333333333, 78.42935600000001], [17.121246, 78.42935566666667], [17.121244666666666, 78.4293555], [17.121243666666665, 78.42935533333333], [17.121242666666667, 78.429355], [17.121241333333334, 78.42935483333333], [17.12124, 78.4293545], [17.121238666666667, 78.42935433333334], [17.121237833333332, 78.429354], [17.121236833333334, 78.42935383333334], [17.121235666666667, 78.42935349999999], [17.121234166666667, 78.42935333333334], [17.121233333333333, 78.429353], [17.12123216666667, 78.42935283333333], [17.121231, 78.42935250000001], [17.121229833333334, 78.42935233333333], [17.12122916666667, 78.42935216666666], [17.121228, 78.42935183333334], [17.12122683333333, 78.42935166666666], [17.121226, 78.42935133333334], [17.121225, 78.42935116666666], [17.121223999999998, 78.42935083333333], [17.121222833333334, 78.42935066666668], [17.121221666666667, 78.4293505], [17.121220666666666, 78.42935016666667], [17.121219666666665, 78.42935000000001], [17.121219, 78.42934966666667], [17.121217666666666, 78.4293495], [17.121216833333335, 78.42934933333332], [17.121215833333334, 78.429349], [17.121214666666667, 78.42934883333334], [17.121213833333336, 78.42934866666666], [17.121212833333335, 78.42934833333334], [17.121212166666666, 78.42934816666666], [17.12121116666667, 78.42934783333334], [17.121210166666668, 78.42934766666667], [17.121209166666667, 78.42934749999999], [17.121208333333335, 78.42934716666667], [17.121207166666668, 78.429347], [17.121206166666664, 78.42934666666666], [17.121205, 78.42934650000001], [17.121203833333333, 78.42934616666666], [17.12120283333333, 78.429346], [17.121202, 78.42934583333334], [17.121200666666667, 78.4293455], [17.1211995, 78.42934533333333], [17.1211985, 78.429345], [17.121197666666667, 78.42934483333333], [17.121196333333334, 78.42934466666667], [17.121195333333333, 78.42934433333333], [17.121194666666668, 78.42934416666667], [17.121193833333333, 78.429344], [17.1211925, 78.42934366666667], [17.121191500000002, 78.4293435], [17.121190666666667, 78.42934316666667], [17.121189666666666, 78.429343], [17.12118866666667, 78.42934266666666], [17.121187333333335, 78.4293425], [17.121186333333334, 78.42934216666666], [17.121185333333337, 78.42934199999999], [17.12118416666667, 78.42934183333334], [17.12118333333333, 78.42934149999999], [17.1211825, 78.42934133333333], [17.121181333333332, 78.42934100000001], [17.12118, 78.42934083333333], [17.121178999999998, 78.42934066666666], [17.121178, 78.42934033333333], [17.121177166666666, 78.42934016666666], [17.121175833333332, 78.42934], [17.1211745, 78.42933966666666], [17.1211735, 78.4293395], [17.121172333333334, 78.42933916666667], [17.121171, 78.429339], [17.121169833333333, 78.42933866666667], [17.1211685, 78.4293385], [17.121167500000002, 78.42933816666667], [17.12116616666667, 78.429338], [17.121164833333335, 78.42933766666667], [17.121164, 78.4293375], [17.121162666666667, 78.42933716666667], [17.121161166666663, 78.429337], [17.121160166666666, 78.42933666666666], [17.121158833333332, 78.4293365], [17.1211575, 78.42933616666666], [17.121156, 78.42933599999999], [17.121154999999998, 78.42933566666667], [17.121153333333332, 78.4293355], [17.121151833333332, 78.42933516666668], [17.1211505, 78.42933500000001], [17.121149333333335, 78.42933466666666], [17.121148, 78.42933450000001], [17.121146666666668, 78.42933416666666], [17.1211455, 78.429334], [17.1211445, 78.42933366666666], [17.121143166666666, 78.4293335], [17.121141833333336, 78.42933316666667], [17.12114066666667, 78.429333], [17.12114, 78.42933266666667], [17.12113833333333, 78.4293325], [17.121136666666665, 78.42933216666667], [17.121136, 78.429332], [17.121135166666665, 78.42933166666667], [17.121133666666665, 78.4293315], [17.121132166666666, 78.42933133333332], [17.121131166666665, 78.429331], [17.12113, 78.42933066666666], [17.121128833333334, 78.4293305], [17.121127666666666, 78.42933033333334], [17.121126666666665, 78.42933], [17.1211255, 78.42932983333334], [17.121123833333336, 78.4293295], [17.12112266666667, 78.42932933333333], [17.121121666666667, 78.42932916666668], [17.1211205, 78.42932883333333], [17.121119166666666, 78.42932866666666], [17.121117833333336, 78.42932833333333], [17.121116333333337, 78.42932816666666], [17.121115333333332, 78.429328], [17.12111433333333, 78.42932783333335], [17.121112999999998, 78.4293275], [17.121111833333334, 78.42932733333333], [17.121110666666667, 78.429327], [17.1211095, 78.42932683333333], [17.121108166666666, 78.42932666666667], [17.121107, 78.42932633333334], [17.121105833333335, 78.42932616666667], [17.1211045, 78.429326], [17.121103, 78.42932566666667], [17.121102333333333, 78.4293255], [17.121101166666666, 78.42932533333332], [17.121099833333336, 78.42932516666666], [17.12109866666667, 78.42932483333334], [17.121098, 78.42932466666666], [17.121096833333336, 78.42932449999999], [17.121095333333336, 78.42932433333334], [17.121094333333335, 78.429324], [17.121093666666663, 78.42932383333333], [17.121092833333332, 78.42932366666668], [17.1210915, 78.4293235], [17.121090499999998, 78.42932333333333], [17.12109, 78.42932316666666], [17.12108883333333, 78.42932300000001], [17.121087833333334, 78.42932283333333], [17.121086833333333, 78.42932266666666], [17.121085833333332, 78.42932233333333], [17.121084666666665, 78.42932216666667], [17.121083666666667, 78.429322], [17.1210825, 78.42932183333333], [17.121081166666666, 78.42932166666667], [17.121080333333335, 78.4293215], [17.121079333333334, 78.42932116666665], [17.121077833333334, 78.429321], [17.121076666666667, 78.42932083333334], [17.121075833333336, 78.42932066666667], [17.121074833333335, 78.42932033333334], [17.12107316666667, 78.42932016666667], [17.121072166666668, 78.42932], [17.121071166666663, 78.42931983333332], [17.121070333333332, 78.4293195], [17.121068666666666, 78.42931933333332], [17.121067166666666, 78.42931916666666], [17.12106633333333, 78.429319], [17.121065333333334, 78.42931883333334], [17.121063833333334, 78.4293185], [17.1210625, 78.42931833333334], [17.121061833333332, 78.42931816666666], [17.1210605, 78.42931783333333], [17.121059, 78.42931766666668], [17.121057666666665, 78.4293175], [17.121057, 78.42931733333333], [17.121055833333333, 78.42931700000001], [17.121054166666667, 78.42931683333333], [17.121053333333336, 78.42931666666667], [17.121052666666667, 78.4293165], [17.1210515, 78.42931616666667], [17.121050500000003, 78.429316], [17.121049333333335, 78.42931583333333], [17.121048166666665, 78.42931566666667], [17.121046999999997, 78.42931533333334], [17.121046, 78.42931516666665], [17.121044833333332, 78.429315], [17.12104383333333, 78.42931483333334], [17.121042499999998, 78.42931466666667], [17.121041666666667, 78.42931433333334], [17.121040666666666, 78.42931416666667], [17.121039333333332, 78.429314], [17.121038333333335, 78.42931383333332], [17.121037333333334, 78.42931366666667], [17.121036166666666, 78.42931333333333], [17.121034833333333, 78.42931316666666], [17.121034, 78.42931300000001], [17.121032833333334, 78.42931266666666], [17.121031666666667, 78.4293125], [17.1210305, 78.42931233333334], [17.121029500000002, 78.42931216666666], [17.12102816666667, 78.42931183333333], [17.121027, 78.42931166666668], [17.121026166666663, 78.4293115], [17.121025, 78.42931133333333], [17.1210235, 78.42931116666666], [17.121022666666665, 78.42931083333333], [17.121021499999998, 78.42931066666667], [17.121020333333334, 78.4293105], [17.121019333333333, 78.42931033333333], [17.121018333333332, 78.42931016666667], [17.121017333333334, 78.42931], [17.121016, 78.42930966666667], [17.121014833333334, 78.4293095], [17.121014, 78.42930933333334], [17.121012833333335, 78.429309], [17.1210115, 78.42930883333334], [17.121010666666667, 78.42930866666667], [17.1210095, 78.42930849999999], [17.121008333333336, 78.42930833333334], [17.1210075, 78.429308], [17.1210065, 78.42930783333333], [17.121005500000003, 78.42930766666667], [17.121004333333335, 78.42930750000001], [17.12100333333333, 78.42930733333333], [17.121002833333332, 78.42930716666666], [17.121001333333332, 78.42930683333334], [17.121000166666665, 78.42930666666666], [17.1209995, 78.4293065], [17.120998666666665, 78.42930633333334], [17.12099733333333, 78.42930616666666], [17.120996333333334, 78.42930583333333], [17.1209955, 78.42930566666668], [17.1209945, 78.4293055], [17.120993333333335, 78.42930533333333], [17.120992333333334, 78.42930500000001], [17.120991333333333, 78.42930483333333], [17.1209905, 78.42930466666667], [17.120989666666667, 78.4293045], [17.120988666666666, 78.42930416666667], [17.120987166666666, 78.429304], [17.1209865, 78.42930383333334], [17.120985833333336, 78.42930366666666], [17.120984333333336, 78.42930333333334], [17.12098316666667, 78.42930316666666], [17.120982666666666, 78.42930299999999], [17.120981833333335, 78.42930266666667], [17.120980166666666, 78.42930249999999], [17.120978833333332, 78.42930233333333], [17.120978166666664, 78.42930216666667], [17.120977333333332, 78.42930183333333], [17.120975666666666, 78.42930166666666], [17.1209745, 78.42930150000001], [17.120973666666664, 78.42930116666666], [17.1209725, 78.429301], [17.120971166666667, 78.42930066666666], [17.120969833333334, 78.4293005], [17.120968833333333, 78.42930033333333], [17.1209675, 78.42930016666666], [17.120966333333335, 78.42929983333333], [17.120965166666668, 78.42929966666667], [17.12096366666667, 78.42929933333333], [17.120962666666667, 78.42929916666667], [17.1209615, 78.429299], [17.12096016666667, 78.42929866666667], [17.12095916666667, 78.4292985], [17.120958166666664, 78.42929833333332], [17.12095683333333, 78.429298], [17.120955499999997, 78.42929783333334], [17.1209545, 78.4292975], [17.120953166666666, 78.42929733333334], [17.120952166666665, 78.42929699999999], [17.120950666666666, 78.42929683333334], [17.120949333333332, 78.42929666666667], [17.120948, 78.42929633333333], [17.120947, 78.42929616666667], [17.120945666666668, 78.42929583333333], [17.120944166666668, 78.42929566666666], [17.120942833333334, 78.42929533333333], [17.120941666666667, 78.42929516666666], [17.120940333333333, 78.429295], [17.12093916666667, 78.42929466666666], [17.12093766666667, 78.4292945], [17.120936500000003, 78.42929416666666], [17.120935333333332, 78.429294], [17.120934, 78.42929383333333], [17.120932666666665, 78.4292935], [17.120931499999998, 78.42929333333333], [17.120929999999998, 78.42929316666667], [17.120928499999998, 78.42929283333334], [17.120927166666668, 78.42929266666667], [17.120926, 78.42929233333332], [17.120924333333335, 78.42929216666667], [17.120922833333335, 78.42929183333334], [17.120921833333334, 78.42929166666666], [17.1209205, 78.4292915], [17.120919, 78.42929116666666], [17.120917666666667, 78.42929099999999], [17.1209165, 78.42929066666667], [17.12091516666667, 78.4292905], [17.120913833333336, 78.42929033333333], [17.1209125, 78.42929000000001], [17.1209115, 78.42928983333333], [17.120910166666665, 78.42928950000001], [17.120908666666665, 78.42928933333333], [17.12090733333333, 78.429289], [17.120905999999998, 78.42928883333335], [17.120905, 78.4292885], [17.120903333333334, 78.42928833333333], [17.1209015, 78.429288], [17.120900333333335, 78.42928766666667], [17.120899166666668, 78.4292875], [17.1208975, 78.42928733333333], [17.120896000000002, 78.429287], [17.12089466666667, 78.42928666666667], [17.120893666666667, 78.4292865], [17.120892, 78.42928616666667], [17.12089033333333, 78.429286], [17.12088933333333, 78.42928566666666], [17.12088783333333, 78.4292855], [17.120886166666665, 78.42928516666666], [17.120884333333333, 78.429285], [17.120883, 78.42928466666667], [17.120881833333332, 78.42928433333333], [17.120880166666666, 78.42928416666668], [17.1208785, 78.42928383333333], [17.120877, 78.42928366666666], [17.120876, 78.42928333333333], [17.1208745, 78.429283], [17.12087316666667, 78.42928283333335], [17.12087166666667, 78.42928266666667], [17.120870500000002, 78.42928233333333], [17.12086916666667, 78.429282], [17.120867666666665, 78.42928183333333], [17.120866, 78.42928166666667], [17.120865, 78.42928133333334], [17.12086383333333, 78.42928116666667], [17.120862166666665, 78.42928083333332], [17.1208605, 78.42928066666667], [17.120859333333332, 78.42928033333332], [17.120857833333332, 78.42928016666666], [17.120856333333332, 78.42927983333334], [17.120855, 78.42927966666666], [17.1208535, 78.42927933333334], [17.120852333333335, 78.429279], [17.120850833333336, 78.42927883333333], [17.120849333333336, 78.42927866666668], [17.120848000000002, 78.42927833333333], [17.120846833333335, 78.42927800000001], [17.120845499999998, 78.42927783333333], [17.120844166666664, 78.42927766666666], [17.12084283333333, 78.42927733333333], [17.120841833333333, 78.429277], [17.120840666666666, 78.42927683333333], [17.120839333333333, 78.42927666666667], [17.120838, 78.42927633333333], [17.120836833333332, 78.42927616666665], [17.120835666666668, 78.42927583333334], [17.120834333333335, 78.42927566666667], [17.120833, 78.42927533333334], [17.120831833333334, 78.429275], [17.120830666666667, 78.42927483333332], [17.1208295, 78.42927466666667], [17.12082816666667, 78.42927433333332], [17.120827000000002, 78.42927416666666], [17.120825833333335, 78.42927383333334], [17.120824666666667, 78.42927366666666], [17.120823166666664, 78.42927333333334], [17.120821999999997, 78.42927316666666], [17.120821, 78.42927283333333], [17.120819833333332, 78.42927266666668], [17.120818166666666, 78.42927233333333], [17.120816833333333, 78.42927216666666], [17.120815999999998, 78.42927183333333], [17.120814666666668, 78.42927166666666], [17.120812666666666, 78.42927133333333], [17.120811333333332, 78.42927116666667], [17.1208105, 78.429271], [17.120809, 78.42927066666667], [17.1208075, 78.4292705], [17.120806, 78.42927016666665], [17.120804500000002, 78.42927], [17.120803333333335, 78.42926966666667], [17.120801833333335, 78.42926949999999], [17.120800499999998, 78.42926933333334], [17.12079933333333, 78.429269], [17.120797999999997, 78.42926883333332], [17.120796666666667, 78.42926866666667], [17.120795166666667, 78.42926833333333], [17.120794166666666, 78.42926800000001], [17.120792833333333, 78.42926783333334], [17.1207915, 78.42926766666666], [17.12079, 78.42926733333334], [17.120789, 78.42926716666666], [17.12078766666667, 78.42926683333333], [17.120785833333333, 78.42926666666668], [17.1207845, 78.42926633333333], [17.120783333333335, 78.42926616666666], [17.120781833333336, 78.42926583333333], [17.12078016666667, 78.42926566666667], [17.12077866666667, 78.42926533333333], [17.12077783333333, 78.42926516666667], [17.120776666666664, 78.42926483333333], [17.120774833333332, 78.42926466666667], [17.1207735, 78.42926433333334], [17.12077233333333, 78.42926416666666], [17.120771333333334, 78.42926383333334], [17.120769666666668, 78.42926349999999], [17.120768333333334, 78.42926333333334], [17.12076666666667, 78.429263], [17.120765666666667, 78.42926283333333], [17.120764333333334, 78.42926250000001], [17.1207625, 78.42926233333333], [17.120761166666668, 78.42926200000001], [17.120759833333334, 78.42926183333334], [17.120758666666667, 78.4292615], [17.120757, 78.42926116666666], [17.120755499999998, 78.429261], [17.12075433333333, 78.42926066666668], [17.120753166666667, 78.4292605], [17.120751833333333, 78.42926016666667], [17.120749999999997, 78.42926000000001], [17.120748833333334, 78.42925966666667], [17.120747833333333, 78.42925933333332], [17.120746666666665, 78.42925883333334], [17.120745499999998, 78.42925816666666], [17.120745, 78.42925716666667], [17.120744333333334, 78.42925616666666], [17.120743833333332, 78.42925516666666], [17.120743333333333, 78.42925416666667], [17.120742333333332, 78.42925316666667], [17.120741, 78.42925216666666], [17.120740333333334, 78.42925133333333], [17.1207395, 78.42925033333333], [17.120738833333334, 78.4292495], [17.12073816666667, 78.42924883333333], [17.120737666666667, 78.429248], [17.120737166666668, 78.42924716666667], [17.1207365, 78.4292465], [17.120736, 78.42924566666667], [17.12073566666667, 78.42924483333333], [17.120735, 78.42924416666666], [17.120734000000002, 78.4292435], [17.120733833333336, 78.42924283333333], [17.120733499999996, 78.429242], [17.12073283333333, 78.42924133333332], [17.120732166666667, 78.42924083333334], [17.120731666666664, 78.42924016666666], [17.120731166666666, 78.4292395], [17.120730833333333, 78.42923883333333], [17.12073033333333, 78.42923816666666], [17.120729833333332, 78.42923766666667], [17.120729166666667, 78.429237], [17.12072883333333, 78.42923633333334], [17.120728333333332, 78.42923566666667], [17.120727499999997, 78.42923466666666], [17.120726666666666, 78.4292335], [17.120725666666665, 78.429232], [17.120725, 78.42923], [17.12072433333333, 78.42922783333333], [17.120723666666667, 78.4292255], [17.120722666666666, 78.4292235], [17.120721833333334, 78.4292215], [17.120720833333333, 78.42921966666667], [17.120719833333332, 78.429218], [17.120718833333335, 78.42921633333334], [17.120718, 78.42921483333333], [17.120717, 78.42921333333334], [17.120716166666668, 78.42921183333333], [17.120715166666667, 78.4292105], [17.120714, 78.42920933333333], [17.12071316666667, 78.42920816666667], [17.120712166666667, 78.42920699999999], [17.120711333333336, 78.42920583333333], [17.12071033333333, 78.42920483333334], [17.120709166666664, 78.42920383333333], [17.120708333333333, 78.42920283333333], [17.120707333333332, 78.42920183333334], [17.12070633333333, 78.42920083333334], [17.120705333333333, 78.42920000000001], [17.1207045, 78.429199], [17.12070333333333, 78.42919816666667], [17.1207025, 78.42919733333333], [17.120701666666665, 78.42919666666667], [17.120700666666668, 78.42919583333334], [17.120699666666667, 78.42919499999999], [17.120698833333332, 78.42919433333333], [17.120698166666667, 78.42919350000001], [17.120697333333332, 78.42919283333335], [17.120696333333335, 78.429192], [17.120695333333334, 78.42919133333334], [17.120694500000003, 78.42919066666667], [17.120693833333334, 78.42919], [17.120693000000003, 78.42918933333334], [17.120692000000002, 78.42918866666668], [17.120691, 78.42918800000001], [17.12069016666667, 78.42918733333333], [17.120689666666667, 78.42918666666667], [17.120688833333336, 78.429186], [17.120687999999998, 78.42918549999999], [17.120687, 78.42918483333332], [17.120686166666665, 78.42918416666666], [17.120685166666664, 78.42918366666666], [17.120684333333333, 78.429183], [17.12068383333333, 78.4291825], [17.120682833333333, 78.42918183333333], [17.120681666666666, 78.42918133333333], [17.12068083333333, 78.42918083333333], [17.120680166666666, 78.42918016666665], [17.120679666666668, 78.42917966666667], [17.120678833333333, 78.42917916666667], [17.120677666666666, 78.42917866666667], [17.120676666666668, 78.42917816666666], [17.120676, 78.4291775], [17.120675333333335, 78.429177], [17.120674333333334, 78.42917666666668], [17.120673166666666, 78.42917616666666], [17.120672333333335, 78.42917566666667], [17.120671666666667, 78.429175], [17.120670500000003, 78.42917466666667], [17.120669666666668, 78.42917416666666], [17.120669000000003, 78.42917366666667], [17.12066816666667, 78.42917316666667], [17.120667166666667, 78.42917266666667], [17.120666000000003, 78.42917200000001], [17.120665, 78.42917116666666], [17.12066433333333, 78.42916983333333], [17.1206635, 78.42916816666666], [17.120662499999998, 78.429166], [17.120661666666667, 78.4291635], [17.120660666666666, 78.42916066666666], [17.12065983333333, 78.42915766666667], [17.120658833333334, 78.42915483333333], [17.120657833333333, 78.42915183333334], [17.12065683333333, 78.42914916666668], [17.120656166666667, 78.42914666666667], [17.1206555, 78.42914433333334], [17.120654666666667, 78.42914233333333], [17.120654000000002, 78.42914016666667], [17.120653, 78.42913833333334], [17.120652, 78.4291365], [17.12065116666667, 78.42913466666667], [17.120650166666668, 78.42913283333334], [17.120649333333333, 78.42913133333333], [17.1206485, 78.42912983333333], [17.120647666666667, 78.42912849999999], [17.12064666666667, 78.42912733333333], [17.120645666666668, 78.42912616666668], [17.120645000000003, 78.42912500000001], [17.120644333333335, 78.42912383333334], [17.12064333333333, 78.42912266666667], [17.120642333333333, 78.42912150000001], [17.12064133333333, 78.4291205], [17.120640666666667, 78.4291195], [17.120639833333332, 78.4291185], [17.12063883333333, 78.4291175], [17.120638, 78.42911666666667], [17.120637166666665, 78.42911566666666], [17.120636166666667, 78.42911483333334], [17.120635166666666, 78.429114], [17.12063433333333, 78.42911316666667], [17.1206335, 78.42911233333332], [17.1206325, 78.42911133333334], [17.120631500000002, 78.42911066666667], [17.1206305, 78.42910983333333], [17.120629833333332, 78.42910916666666], [17.120628833333335, 78.42910833333333], [17.120628, 78.4291075], [17.120627000000002, 78.42910683333334], [17.120626166666668, 78.42910616666667], [17.120625333333333, 78.4291055], [17.12062416666667, 78.42910483333334], [17.1206235, 78.42910400000001], [17.12062266666667, 78.42910333333333], [17.120621833333335, 78.42910266666667], [17.12062083333333, 78.42910216666668], [17.12062, 78.42910149999999], [17.120619166666664, 78.42910083333332], [17.120618166666667, 78.42910016666666], [17.120617666666664, 78.42909966666666], [17.120616666666667, 78.429099], [17.120615833333332, 78.4290985], [17.120615166666667, 78.42909783333333], [17.120614333333332, 78.42909716666666], [17.12061333333333, 78.42909666666667], [17.120612333333334, 78.42909616666667], [17.120611666666665, 78.42909549999999], [17.120610833333334, 78.429095], [17.120609666666667, 78.4290945], [17.120608666666666, 78.429094], [17.120608, 78.42909333333334], [17.120607333333332, 78.42909283333333], [17.1206065, 78.42909233333333], [17.120605333333334, 78.42909183333333], [17.120604500000002, 78.42909133333333], [17.120604166666666, 78.42909083333333], [17.120603666666668, 78.42909033333333], [17.120602666666667, 78.42908983333334], [17.12060166666667, 78.42908933333334], [17.120601, 78.42908883333332], [17.120600333333336, 78.42908833333333], [17.1205995, 78.42908783333334], [17.12059833333333, 78.42908733333334], [17.12059783333333, 78.42908683333333], [17.12059683333333, 78.42908633333333], [17.120596, 78.42908600000001], [17.12059533333333, 78.4290855], [17.12059483333333, 78.429085], [17.120594333333333, 78.4290845], [17.120593666666664, 78.429084], [17.120593166666666, 78.42908349999999], [17.12059233333333, 78.42908316666667], [17.120591833333332, 78.42908266666667], [17.120591333333333, 78.42908216666666], [17.1205905, 78.42908183333334], [17.120589666666667, 78.42908133333334], [17.120589166666665, 78.42908083333333], [17.120588833333333, 78.42908033333333], [17.120588, 78.42908000000001], [17.120586833333334, 78.4290795], [17.120586166666666, 78.429079], [17.120585666666667, 78.42907866666665], [17.120585166666668, 78.42907816666667], [17.120584, 78.42907783333334], [17.120583166666666, 78.42907733333332], [17.1205825, 78.429077], [17.120581666666666, 78.42907650000001], [17.120581166666668, 78.42907616666666], [17.120580166666667, 78.42907583333334], [17.12057916666667, 78.42907533333333], [17.1205785, 78.42907483333333], [17.120578000000002, 78.4290745], [17.120576833333335, 78.42907416666667], [17.12057616666667, 78.42907366666667], [17.120575666666664, 78.42907316666667], [17.120575, 78.42907283333334], [17.120574166666664, 78.4290725], [17.120573999999998, 78.42907199999999], [17.120575, 78.42907149999999], [17.12057616666667, 78.42907116666667], [17.12057766666667, 78.42907083333333], [17.120579333333335, 78.42907066666666], [17.1205815, 78.42907066666666], [17.120583500000002, 78.42907066666666], [17.120585666666667, 78.42907083333333], [17.1205865, 78.42907100000001], [17.120587666666665, 78.42907133333333], [17.120588666666666, 78.42907149999999], [17.120589166666665, 78.42907183333334], [17.120589833333334, 78.42907216666667], [17.120589666666667, 78.42907233333334], [17.120589166666665, 78.42907266666666], [17.12058783333333, 78.42907283333334], [17.120586833333334, 78.429073], [17.120585166666668, 78.42907316666667], [17.120583833333335, 78.42907333333332], [17.120582333333335, 78.4290735], [17.120580833333335, 78.42907333333332], [17.120579000000003, 78.4290735], [17.120577, 78.4290735], [17.120574833333333, 78.4290735], [17.120572666666664, 78.42907333333332], [17.120570166666667, 78.42907333333332], [17.120567, 78.42907316666667], [17.120564666666667, 78.42907283333334], [17.120562, 78.42907266666666], [17.120559500000002, 78.42907233333334], [17.120557333333334, 78.42907199999999], [17.120554666666667, 78.42907166666667], [17.1205525, 78.42907133333333], [17.12055033333333, 78.42907100000001], [17.12054883333333, 78.42907050000001], [17.120547, 78.42907], [17.120545, 78.42906966666666], [17.1205435, 78.42906916666668], [17.120542333333333, 78.42906866666667], [17.120541666666668, 78.42906816666667], [17.120541, 78.429068], [17.120540166666668, 78.4290675], [17.120539666666666, 78.42906733333332], [17.1205395, 78.429067], [17.120539333333333, 78.42906683333334], [17.120539166666667, 78.42906666666666], [17.120539166666667, 78.4290665], [17.120539333333333, 78.42906633333334], [17.120539166666667, 78.42906616666667], [17.120539333333333, 78.42906599999999], [17.1205395, 78.42906583333334], [17.1205395, 78.42906583333334], [17.1205395, 78.42906566666667], [17.120539666666666, 78.4290655], [17.120539833333332, 78.4290655], [17.120540000000002, 78.42906533333333], [17.120540000000002, 78.42906516666667], [17.120540166666668, 78.42906500000001], [17.1205405, 78.42906483333333], [17.120540833333333, 78.42906483333333], [17.120541166666666, 78.42906466666666], [17.120541333333332, 78.42906450000001], [17.120541333333332, 78.42906433333333], [17.1205415, 78.42906433333333], [17.120541833333334, 78.42906416666666], [17.120541666666668, 78.429064], [17.120541833333334, 78.42906383333334], [17.120542, 78.42906366666666], [17.120541833333334, 78.4290635], [17.120541666666668, 78.42906316666668], [17.1205415, 78.429063], [17.120540833333333, 78.42906266666667], [17.120539666666666, 78.42906233333333], [17.120538500000002, 78.42906183333334], [17.12053716666667, 78.42906133333332], [17.1205365, 78.4290605], [17.120535833333335, 78.42905999999999], [17.12053566666667, 78.42905916666668], [17.120535166666667, 78.42905850000001], [17.120535333333333, 78.42905766666667], [17.120535333333333, 78.42905716666668], [17.120535500000003, 78.42905649999999], [17.120536166666668, 78.429056], [17.120537333333335, 78.4290555], [17.120538166666666, 78.429055], [17.120539, 78.42905466666666], [17.120540166666668, 78.42905416666667], [17.1205415, 78.42905383333333], [17.120542333333333, 78.42905383333333], [17.120543333333334, 78.4290535], [17.12054433333333, 78.4290535], [17.120545166666666, 78.42905333333333], [17.120546333333333, 78.42905333333333], [17.120546666666666, 78.42905316666666], [17.1205465, 78.42905316666666], [17.120546333333333, 78.42905300000001], [17.120546, 78.42905300000001], [17.120545, 78.42905283333333], [17.120544, 78.42905266666666], [17.120542666666665, 78.42905266666666], [17.120541666666668, 78.4290525], [17.1205405, 78.4290525], [17.120538833333335, 78.42905233333333], [17.120537666666667, 78.42905216666666], [17.1205365, 78.42905183333333], [17.120534833333334, 78.42905183333333], [17.120533333333334, 78.42905166666667], [17.120532, 78.4290515], [17.120530666666664, 78.42905133333333], [17.120529166666664, 78.429051], [17.120527499999998, 78.429051], [17.120526166666664, 78.42905083333333], [17.120525166666667, 78.42905049999999], [17.1205235, 78.42905049999999], [17.120522166666667, 78.42905033333334], [17.120520666666668, 78.42905016666667], [17.120519333333334, 78.42905], [17.120518, 78.42904983333332], [17.1205165, 78.42904966666667], [17.120514833333335, 78.4290495], [17.1205135, 78.42904933333332], [17.120511833333335, 78.42904916666666], [17.120510333333335, 78.429049], [17.12050866666667, 78.42904883333334], [17.1205075, 78.42904866666666], [17.120506166666665, 78.4290485], [17.1205045, 78.42904833333334], [17.120502833333333, 78.42904816666668], [17.120501833333332, 78.429048], [17.1205005, 78.42904783333333], [17.120499166666665, 78.42904766666668], [17.120497333333333, 78.4290475], [17.120496166666666, 78.42904733333333], [17.120495333333334, 78.42904716666666], [17.120494, 78.42904700000001], [17.120492333333335, 78.42904683333333], [17.120490833333335, 78.4290465], [17.120490166666666, 78.42904633333333], [17.120488666666667, 78.42904616666667], [17.120487333333333, 78.429046], [17.120486000000003, 78.42904583333333], [17.120484666666666, 78.42904566666667], [17.120483166666666, 78.4290455], [17.120481833333333, 78.42904533333333], [17.1204805, 78.42904516666667], [17.120479333333332, 78.42904483333334], [17.120477833333332, 78.42904466666667], [17.120476166666666, 78.42904449999999], [17.120474833333333, 78.42904433333334], [17.120474, 78.42904416666667], [17.120472833333334, 78.429044], [17.120470833333332, 78.42904383333332], [17.120469500000002, 78.4290435], [17.1204685, 78.42904333333333], [17.120467166666668, 78.42904316666666], [17.120465833333334, 78.42904300000001], [17.120464666666667, 78.42904283333334], [17.120463500000003, 78.42904266666666], [17.120462333333332, 78.4290425], [17.120461, 78.42904233333334], [17.12045983333333, 78.429042], [17.120458499999998, 78.42904183333333], [17.12045733333333, 78.42904166666668], [17.12045583333333, 78.4290415], [17.1204545, 78.42904116666666], [17.1204535, 78.42904100000001], [17.120452166666666, 78.42904066666667], [17.120450833333333, 78.4290405], [17.1204495, 78.42904033333333], [17.120448333333332, 78.42904016666667], [17.12044716666667, 78.42903983333333], [17.120446, 78.42903966666667], [17.120444833333334, 78.4290395], [17.120443666666667, 78.42903933333334], [17.120442166666667, 78.42903916666667], [17.12044116666667, 78.42903883333334], [17.12044, 78.42903866666667], [17.120438666666665, 78.42903849999999], [17.12043733333333, 78.42903833333334], [17.120436166666664, 78.429038], [17.120434833333334, 78.42903783333333], [17.120433833333333, 78.42903766666667], [17.120432333333333, 78.4290375], [17.120431166666666, 78.42903716666666], [17.120429833333333, 78.42903700000001], [17.120428333333333, 78.42903683333334], [17.120427166666666, 78.4290365], [17.120426000000002, 78.42903633333334], [17.120424500000002, 78.42903616666668], [17.120423000000002, 78.42903583333333], [17.120421833333335, 78.42903566666668], [17.120420833333334, 78.42903533333333], [17.120419666666667, 78.42903516666667], [17.120418333333337, 78.42903500000001], [17.120417, 78.42903483333333], [17.120415833333333, 78.4290345], [17.120414666666665, 78.42903433333332], [17.120413499999998, 78.42903416666667], [17.120412166666664, 78.42903383333334], [17.120410666666665, 78.42903366666665], [17.1204095, 78.4290335], [17.1204085, 78.42903333333334], [17.120407166666666, 78.42903299999999], [17.120406, 78.42903283333334], [17.120404666666666, 78.42903266666667], [17.120403333333336, 78.42903233333332], [17.12040216666667, 78.42903216666667], [17.120401166666667, 78.42903183333333], [17.120399833333334, 78.42903166666666], [17.120398333333334, 78.42903150000001], [17.120397166666667, 78.42903116666666], [17.120396000000003, 78.429031], [17.120395, 78.42903083333334], [17.120393666666665, 78.4290305], [17.120392166666665, 78.42903033333333], [17.120391333333334, 78.42903016666668], [17.120390333333333, 78.42902983333333], [17.120388833333333, 78.42902966666666], [17.120387333333333, 78.42902933333333], [17.1203865, 78.42902916666667], [17.1203855, 78.42902883333333], [17.120384333333334, 78.42902866666667], [17.120382833333334, 78.42902833333332], [17.120382, 78.429028], [17.120381000000002, 78.42902783333334], [17.120379833333335, 78.4290275], [17.120378833333334, 78.42902733333334], [17.120377666666666, 78.42902699999999], [17.12037666666667, 78.42902666666667], [17.120375833333334, 78.42902649999999], [17.120374666666667, 78.42902616666667], [17.12037366666667, 78.42902600000001], [17.12037283333333, 78.42902566666666], [17.120372166666666, 78.42902550000001], [17.120370833333332, 78.42902516666666], [17.1203695, 78.429025], [17.120368833333334, 78.42902466666666], [17.12036833333333, 78.42902433333333], [17.120366833333332, 78.42902416666668], [17.120365666666665, 78.429024], [17.120365, 78.42902366666667], [17.120364166666665, 78.42902333333333], [17.120363333333334, 78.42902316666667], [17.120362333333333, 78.42902283333333], [17.120361333333335, 78.42902266666667], [17.1203605, 78.42902233333332], [17.120359666666666, 78.42902216666667], [17.120359, 78.42902183333334], [17.120357833333333, 78.42902166666666], [17.120356833333336, 78.42902133333334], [17.120356166666667, 78.42902116666667], [17.120355, 78.42902083333334], [17.120354000000003, 78.42902066666667], [17.120353333333334, 78.42902033333333], [17.120352333333337, 78.42902016666667], [17.12035116666667, 78.42901983333333], [17.120350166666665, 78.42901950000001], [17.120349333333333, 78.42901933333333], [17.120348166666666, 78.429019], [17.120346833333333, 78.42901866666666], [17.120346166666664, 78.4290185], [17.120345333333333, 78.42901816666668], [17.120344, 78.429018], [17.120342833333332, 78.42901766666667], [17.120342166666667, 78.4290175], [17.120341333333332, 78.42901716666667], [17.120340166666665, 78.429017], [17.120339, 78.42901666666667], [17.120338166666667, 78.4290165], [17.120337333333335, 78.42901616666667], [17.120336333333334, 78.429016], [17.120335333333333, 78.42901566666666], [17.120334500000002, 78.4290155], [17.120333666666667, 78.42901516666667], [17.12033316666667, 78.42901499999999], [17.120332, 78.42901466666667], [17.120331, 78.4290145], [17.120330333333335, 78.42901416666668], [17.120329666666667, 78.42901400000001], [17.120328833333335, 78.42901366666666], [17.120327666666665, 78.42901350000001], [17.120327166666666, 78.42901333333333], [17.12032633333333, 78.429013], [17.120325666666666, 78.42901266666667], [17.12032483333333, 78.4290125], [17.120324, 78.42901216666668], [17.120323166666665, 78.42901183333333], [17.120322333333334, 78.42901166666667], [17.1203215, 78.42901133333334], [17.120320833333334, 78.42901116666667], [17.120320166666666, 78.42901083333332], [17.1203195, 78.42901066666667], [17.120318666666666, 78.42901033333332], [17.120318, 78.42901016666666], [17.120317333333332, 78.42900983333334], [17.120317, 78.42900966666666], [17.120316, 78.42900933333334], [17.120315166666668, 78.42900916666667], [17.120314333333333, 78.42900883333333], [17.1203135, 78.42900866666668], [17.120312833333333, 78.42900833333333], [17.120311833333336, 78.42900816666666], [17.120311333333333, 78.42900783333333], [17.12031066666667, 78.42900766666666], [17.12031, 78.4290075], [17.12030916666667, 78.42900716666666], [17.1203085, 78.429007], [17.120308166666668, 78.42900683333333], [17.12030766666667, 78.4290065], [17.120306833333334, 78.42900633333333], [17.12030616666667, 78.42900616666667], [17.120305833333337, 78.42900583333333], [17.120305499999997, 78.42900566666667], [17.120304833333332, 78.42900533333334], [17.120304666666666, 78.429005], [17.120305166666665, 78.42900433333332], [17.1203065, 78.42900333333334], [17.120308833333336, 78.42900200000001], [17.120313333333335, 78.42900033333333], [17.1203185, 78.42899816666666], [17.120324333333333, 78.42899583333333], [17.120330833333334, 78.42899333333334], [17.120338, 78.42899066666668], [17.120345666666665, 78.42898766666667], [17.120353, 78.42898483333333], [17.120360833333333, 78.42898183333334], [17.12036833333333, 78.42897883333333], [17.120376333333336, 78.42897583333334], [17.120384333333334, 78.42897283333333], [17.120392166666665, 78.42896983333334], [17.120400166666666, 78.42896666666667], [17.1204085, 78.42896383333333], [17.120416666666664, 78.42896066666667], [17.120424500000002, 78.42895766666668], [17.120432333333333, 78.42895449999999], [17.12044033333333, 78.4289515], [17.120449, 78.42894833333334], [17.12045733333333, 78.42894516666667], [17.120465333333335, 78.428942], [17.120473, 78.428939], [17.120481166666664, 78.42893583333333], [17.12048916666667, 78.42893266666667], [17.120497, 78.42892966666666], [17.120504, 78.42892666666667], [17.120510833333334, 78.42892366666666], [17.120517166666666, 78.42892066666667], [17.120522666666666, 78.42891783333333], [17.12052783333333, 78.42891516666667], [17.120532333333333, 78.42891233333333], [17.12053566666667, 78.42890949999999], [17.12053866666667, 78.4289065], [17.1205415, 78.42890366666667], [17.120543666666666, 78.42890066666668], [17.1205455, 78.42889766666667], [17.120546166666667, 78.42889466666666], [17.120546166666667, 78.42889149999999], [17.120545333333332, 78.42888866666667], [17.120543833333333, 78.42888566666667], [17.120541666666668, 78.428883], [17.120538333333332, 78.42888016666667], [17.12053416666667, 78.4288775], [17.120529166666664, 78.42887483333334], [17.120523, 78.42887233333333], [17.1205165, 78.42886983333332], [17.120509333333334, 78.42886733333333], [17.120501833333332, 78.428865], [17.120493833333335, 78.42886283333334], [17.120486000000003, 78.42886083333333], [17.1204785, 78.42885883333334], [17.120471333333334, 78.42885716666666], [17.120464833333333, 78.42885533333333], [17.120458666666664, 78.42885383333333], [17.120452666666665, 78.42885233333332], [17.120446666666666, 78.42885083333334], [17.12044116666667, 78.4288495], [17.12043583333333, 78.42884833333332], [17.120430833333334, 78.42884699999999], [17.120426000000002, 78.42884583333333], [17.120421500000003, 78.42884483333334], [17.120417166666666, 78.42884383333333], [17.120412833333333, 78.42884283333333], [17.1204085, 78.42884166666666], [17.120404, 78.42884066666667], [17.120399833333334, 78.42883983333333], [17.120395833333337, 78.42883883333334], [17.120392, 78.428838], [17.1203885, 78.42883716666667], [17.120384666666666, 78.42883633333332], [17.120381166666668, 78.4288355], [17.120377666666666, 78.42883483333334], [17.120374166666668, 78.42883400000001], [17.120370833333332, 78.42883333333333], [17.120367833333333, 78.4288325], [17.120365, 78.42883183333333], [17.120362166666666, 78.428831], [17.120359666666666, 78.42883016666666], [17.120357666666667, 78.42882933333334], [17.120356166666667, 78.42882833333333], [17.120355500000002, 78.4288275], [17.12035566666667, 78.42882666666667], [17.120356333333334, 78.428826], [17.12035716666667, 78.42882549999999], [17.120357666666667, 78.42882483333332], [17.120358500000002, 78.4288245], [17.1203595, 78.428824], [17.120359833333335, 78.4288235], [17.120359833333335, 78.42882316666667], [17.120360333333334, 78.42882266666668], [17.120360666666667, 78.42882233333333], [17.120361833333334, 78.42882200000001], [17.120362, 78.42882166666666], [17.1203615, 78.42882116666667], [17.120361333333335, 78.42882083333333], [17.120361333333335, 78.42882033333333], [17.120361833333334, 78.42882016666667], [17.120362333333333, 78.42881983333334], [17.120362333333333, 78.42881949999999], [17.120362666666665, 78.42881916666667], [17.1203625, 78.42881883333332], [17.120362333333333, 78.4288185], [17.120362166666666, 78.42881816666666], [17.120362333333333, 78.42881783333334], [17.120361833333334, 78.4288175], [17.120361666666668, 78.42881716666668], [17.120361166666665, 78.42881683333333], [17.120361166666665, 78.4288165], [17.120361333333335, 78.42881633333333], [17.120361166666665, 78.42881600000001], [17.1203615, 78.42881566666667], [17.120362166666666, 78.42881533333333], [17.120363666666666, 78.42881483333333], [17.1203665, 78.428814], [17.12037133333333, 78.42881283333332], [17.120377666666666, 78.42881133333334], [17.120385833333334, 78.42880966666667], [17.120395166666665, 78.42880766666667], [17.120405, 78.4288055], [17.120415166666664, 78.42880316666667], [17.120426166666668, 78.42880083333333], [17.12043733333333, 78.42879833333333], [17.120448166666666, 78.42879583333334], [17.120459333333333, 78.42879333333333], [17.120470333333333, 78.42879083333334], [17.12048133333333, 78.42878833333333], [17.12049216666667, 78.42878583333332], [17.120502833333333, 78.42878333333333], [17.120513833333334, 78.42878083333333], [17.120524666666665, 78.42877833333334], [17.120535500000003, 78.42877583333333], [17.120546333333333, 78.42877316666666], [17.120557666666667, 78.4287705], [17.120569, 78.428768], [17.120579833333334, 78.4287655], [17.12059083333333, 78.42876283333334], [17.120602166666668, 78.42876016666668], [17.120613, 78.42875766666666], [17.120623666666667, 78.428755], [17.120634166666665, 78.4287525], [17.120644333333335, 78.42874983333333], [17.120654333333334, 78.42874733333333], [17.120664166666664, 78.42874466666667], [17.120673833333335, 78.428742], [17.120683, 78.42873933333334], [17.1206925, 78.42873666666667], [17.120702, 78.428734], [17.120711333333336, 78.42873116666667], [17.12072016666667, 78.4287285], [17.12072883333333, 78.42872566666667], [17.1207375, 78.42872283333332], [17.120746166666667, 78.42872016666666], [17.120754833333333, 78.42871733333332], [17.120763, 78.4287145], [17.120770999999998, 78.42871166666667], [17.1207795, 78.42870883333333], [17.1207875, 78.42870599999999], [17.120794999999998, 78.428703], [17.120802, 78.42869999999999], [17.120808833333335, 78.42869716666668], [17.12081583333333, 78.42869416666667], [17.120822999999998, 78.42869116666667], [17.120830833333333, 78.42868816666667], [17.120838, 78.428685], [17.120845166666665, 78.42868183333333], [17.120852666666668, 78.42867883333334], [17.120860166666667, 78.42867566666668], [17.120867999999998, 78.42867249999999], [17.1208755, 78.42866933333333], [17.1208825, 78.428666], [17.12089, 78.42866283333333], [17.120897833333334, 78.42865966666666], [17.120905333333333, 78.4286565], [17.120912999999998, 78.42865333333333], [17.120920166666668, 78.42865016666666], [17.1209275, 78.428647], [17.120935333333332, 78.428644], [17.120943166666667, 78.42864083333333], [17.120950833333332, 78.42863766666666], [17.12095833333333, 78.4286345], [17.120965833333333, 78.42863133333334], [17.120973, 78.42862816666667], [17.120980166666666, 78.428625], [17.120987333333336, 78.42862199999999], [17.120994833333334, 78.42861883333333], [17.121002333333333, 78.42861566666667], [17.121010000000002, 78.4286125], [17.121017833333333, 78.42860933333333], [17.121025333333332, 78.42860633333333], [17.121032666666668, 78.42860316666666], [17.121040333333333, 78.4286], [17.121047833333332, 78.42859683333333], [17.121055000000002, 78.4285935], [17.121062, 78.42859033333335], [17.12106933333333, 78.42858716666666], [17.1210765, 78.428584], [17.121083333333335, 78.42858083333334], [17.121090499999998, 78.42857766666665], [17.121097333333335, 78.4285745], [17.121104166666665, 78.42857133333334], [17.12111133333333, 78.42856816666668], [17.121118333333335, 78.42856499999999], [17.121125666666668, 78.42856183333333], [17.121132666666664, 78.42855883333333], [17.121139833333334, 78.42855583333333], [17.121146666666668, 78.42855316666667], [17.1211535, 78.4285505], [17.121161166666663, 78.428548], [17.121169000000002, 78.42854566666666], [17.121177499999998, 78.42854316666667], [17.121185500000003, 78.42854083333333], [17.121194333333335, 78.4285385], [17.121203833333333, 78.42853633333334], [17.121213333333333, 78.42853416666667], [17.121223333333333, 78.42853199999999], [17.121234, 78.42853], [17.121245166666665, 78.428528], [17.121256000000002, 78.42852616666667], [17.1212675, 78.42852450000001], [17.12127866666667, 78.42852283333333], [17.121289666666666, 78.42852133333334], [17.121300666666667, 78.42851999999999], [17.121311666666667, 78.42851866666666], [17.1213215, 78.4285175], [17.121331, 78.42851633333333], [17.121339666666664, 78.42851516666666], [17.121348166666667, 78.42851416666667], [17.121356833333333, 78.42851300000001], [17.121365333333333, 78.42851166666667], [17.121373333333334, 78.42851033333334], [17.121380833333333, 78.428509], [17.121387666666667, 78.42850783333333], [17.121393333333334, 78.42850666666666], [17.121398666666668, 78.4285055], [17.12140433333333, 78.42850466666667], [17.121409333333336, 78.42850366666667], [17.121413166666667, 78.42850283333334], [17.121417833333332, 78.42850183333333], [17.121422166666665, 78.42850100000001], [17.121426333333332, 78.42850033333335], [17.12143, 78.4284995], [17.121433500000002, 78.42849883333334], [17.121436833333334, 78.428498], [17.121440166666666, 78.42849733333334], [17.121443166666666, 78.42849666666666], [17.121445833333333, 78.428496], [17.121448666666666, 78.42849533333333], [17.1214515, 78.42849466666667], [17.12145416666667, 78.42849416666667], [17.12145616666667, 78.4284935], [17.121459, 78.42849283333334], [17.121462, 78.42849216666667], [17.121464666666668, 78.42849133333334], [17.121467, 78.4284905], [17.1214705, 78.42848916666667], [17.121474499999998, 78.42848783333334], [17.12147816666667, 78.42848633333332], [17.121481333333335, 78.4284845], [17.121484000000002, 78.4284825], [17.121487166666668, 78.42848049999999], [17.121490166666668, 78.42847816666668], [17.1214925, 78.428476], [17.1214935, 78.42847366666666], [17.1214935, 78.42847133333333], [17.121493166666667, 78.42846899999999], [17.121491833333334, 78.42846666666667], [17.1214895, 78.4284645], [17.12148566666667, 78.4284625], [17.12148116666667, 78.4284605], [17.121475666666665, 78.4284585], [17.121469166666667, 78.42845666666668], [17.121462, 78.42845483333333], [17.12145416666667, 78.42845333333334], [17.121445833333333, 78.42845183333334], [17.121436833333334, 78.42845066666668], [17.121427333333333, 78.42844933333335], [17.121417, 78.42844833333334], [17.121406666666665, 78.42844716666667], [17.1213965, 78.42844616666666], [17.121387000000002, 78.42844516666668], [17.121378, 78.42844416666667], [17.121369333333334, 78.4284435], [17.121361, 78.42844283333334], [17.121353166666665, 78.42844199999999], [17.121346000000003, 78.42844116666667], [17.121338833333333, 78.42844050000001], [17.121332166666665, 78.42843983333334], [17.1213255, 78.42843933333333], [17.121319500000002, 78.42843866666666], [17.121313666666666, 78.428438], [17.121308166666665, 78.4284375], [17.121302833333335, 78.42843683333334], [17.121297666666667, 78.42843633333334], [17.121292333333333, 78.42843583333334], [17.12128733333333, 78.42843533333333], [17.1212825, 78.42843483333333], [17.121278, 78.42843433333334], [17.121273499999997, 78.42843383333334], [17.121269166666664, 78.42843333333333], [17.121264666666665, 78.428433], [17.121260166666666, 78.4284325], [17.121256000000002, 78.42843216666667], [17.121252000000002, 78.42843166666667], [17.121248166666664, 78.42843116666667], [17.121244333333333, 78.42843066666666], [17.1212405, 78.42843033333334], [17.121236833333334, 78.42842999999999], [17.121233, 78.42842966666667], [17.121229500000002, 78.42842916666667], [17.121226333333333, 78.42842883333333], [17.121223, 78.42842833333334], [17.121219333333332, 78.428428], [17.121215666666668, 78.42842766666666], [17.121212333333336, 78.42842733333333], [17.121209333333336, 78.428427], [17.121206500000003, 78.42842649999999], [17.121203333333334, 78.42842616666667], [17.121199833333332, 78.42842583333332], [17.121197166666665, 78.42842516666666], [17.121195, 78.42842449999999], [17.1211935, 78.42842366666667], [17.121192333333333, 78.42842283333333], [17.121191833333334, 78.42842216666666], [17.121192166666667, 78.4284215], [17.121192333333333, 78.428421], [17.121193333333334, 78.42842049999999], [17.121194833333334, 78.42842], [17.1211965, 78.42841966666667], [17.1211975, 78.42841933333334], [17.121199166666667, 78.42841916666666], [17.121200666666667, 78.428419], [17.121201833333334, 78.428419], [17.121202999999998, 78.428419], [17.121203833333333, 78.428419], [17.121204, 78.428419], [17.121203333333334, 78.428419], [17.121202666666665, 78.428419], [17.121202166666666, 78.428419], [17.121202, 78.42841883333334], [17.121201, 78.42841883333334], [17.121199833333332, 78.42841866666666], [17.121198666666665, 78.42841866666666], [17.1211975, 78.42841849999999], [17.121196, 78.42841833333334], [17.121194666666668, 78.42841816666667], [17.121193833333333, 78.428418], [17.121193, 78.42841783333333], [17.121191333333336, 78.42841766666668], [17.121190000000002, 78.4284175], [17.121188833333335, 78.42841733333333], [17.121187833333334, 78.42841716666666], [17.1211865, 78.42841700000001], [17.121184833333334, 78.42841683333333], [17.121183666666663, 78.42841666666666], [17.121182166666664, 78.4284165], [17.121180666666664, 78.42841633333335], [17.12117883333333, 78.42841616666666], [17.121177499999998, 78.428416], [17.121176333333334, 78.42841566666667], [17.121176, 78.42841533333333], [17.121176833333333, 78.42841483333333], [17.12117883333333, 78.428414], [17.12118333333333, 78.42841283333334], [17.121189666666666, 78.42841133333333], [17.121197333333335, 78.42840966666667], [17.121206500000003, 78.42840783333332], [17.1212165, 78.42840566666668], [17.12122733333333, 78.4284035], [17.121239, 78.42840133333334], [17.121251500000003, 78.42839916666667], [17.1212635, 78.42839683333334], [17.121276, 78.42839466666666], [17.121288666666665, 78.42839233333333], [17.12130116666667, 78.42839000000001], [17.1213135, 78.42838783333333], [17.121325833333334, 78.42838566666666], [17.121337999999998, 78.42838333333334], [17.121350333333332, 78.42838116666667], [17.121362833333333, 78.42837899999999], [17.121375166666667, 78.42837683333333], [17.1213875, 78.4283745], [17.121400166666668, 78.42837233333333], [17.121412666666668, 78.42837], [17.12142533333333, 78.42836766666666], [17.121438, 78.4283655], [17.121450333333332, 78.42836316666667], [17.121462666666666, 78.42836083333333], [17.121475, 78.42835866666665], [17.121487333333334, 78.42835633333334], [17.12149966666667, 78.42835416666667], [17.12151233333333, 78.42835183333334], [17.121525166666668, 78.4283495], [17.121537166666666, 78.42834716666667], [17.1215495, 78.42834483333333], [17.121562333333333, 78.4283425], [17.121574333333335, 78.42834033333334], [17.1215865, 78.428338], [17.1215985, 78.42833566666667], [17.121611166666664, 78.42833316666666], [17.121623166666666, 78.42833083333333], [17.121634833333335, 78.42832849999999], [17.121646833333333, 78.42832616666666], [17.121658833333335, 78.42832366666667], [17.121670833333333, 78.42832133333333], [17.121682500000002, 78.42831883333334], [17.121693999999998, 78.4283165], [17.1217055, 78.428314], [17.12171783333333, 78.4283115], [17.121729833333333, 78.42830916666666], [17.12174183333333, 78.42830666666667], [17.121753333333334, 78.42830433333333], [17.121764499999998, 78.42830183333334], [17.121775666666668, 78.42829950000001], [17.121786, 78.42829733333333], [17.121795833333334, 78.42829533333334], [17.121804166666667, 78.42829350000001], [17.121812166666665, 78.42829183333333], [17.12181916666667, 78.42829016666666], [17.121825833333332, 78.42828866666667], [17.121832166666664, 78.42828733333334], [17.121838833333335, 78.42828583333333], [17.1218445, 78.4282845], [17.12185, 78.42828316666667], [17.121855166666666, 78.42828200000001], [17.12185966666667, 78.42828083333333], [17.121864000000002, 78.42827983333333], [17.121867833333333, 78.42827883333332], [17.121870833333332, 78.428278], [17.121874333333334, 78.428277], [17.121877666666666, 78.42827616666666], [17.121880666666666, 78.42827533333335], [17.12188366666667, 78.4282745], [17.121886500000002, 78.42827383333334], [17.121889333333336, 78.428273], [17.121892166666665, 78.42827216666666], [17.121894333333334, 78.4282715], [17.1218965, 78.42827083333333], [17.1218985, 78.42827000000001], [17.12190083333333, 78.42826933333335], [17.121902833333333, 78.42826866666665], [17.12190466666667, 78.42826799999999], [17.121906333333335, 78.42826716666667], [17.121907833333335, 78.4282665], [17.121909000000002, 78.4282655], [17.121909833333333, 78.4282645], [17.121909333333335, 78.4282635], [17.1219085, 78.42826266666665], [17.121906666666668, 78.42826166666667], [17.12190466666667, 78.42826083333333], [17.121901833333332, 78.42826], [17.121899, 78.42825933333333], [17.121895833333333, 78.42825883333333], [17.1218925, 78.42825816666667], [17.121889166666666, 78.42825783333333], [17.121885833333334, 78.4282575], [17.121882333333335, 78.42825733333333], [17.1218795, 78.42825733333333], [17.121877333333334, 78.42825716666667], [17.121875666666664, 78.428257], [17.121873833333332, 78.42825683333334], [17.121872666666665, 78.42825666666666], [17.121871166666665, 78.42825666666666], [17.121870166666668, 78.4282565], [17.121869166666666, 78.42825616666667], [17.1218685, 78.42825599999999], [17.121868, 78.42825583333334], [17.121866833333335, 78.42825549999999], [17.121865833333334, 78.42825533333333], [17.121865, 78.42825516666667], [17.1218645, 78.42825483333333], [17.121863833333336, 78.42825450000001], [17.121863333333334, 78.42825416666666], [17.121862500000002, 78.428254], [17.121861666666668, 78.42825366666666], [17.121861000000003, 78.42825333333333], [17.121860666666667, 78.428253], [17.12186, 78.42825266666667], [17.121859333333337, 78.4282525], [17.12185883333333, 78.42825216666667], [17.121858166666666, 78.42825183333333], [17.12185733333333, 78.42825166666667], [17.121857166666665, 78.42825133333334], [17.121857166666665, 78.428251], [17.121857166666665, 78.42825066666666], [17.12185733333333, 78.42825033333334], [17.121857833333333, 78.42824999999999], [17.121857666666664, 78.42824966666667], [17.121857833333333, 78.42824933333333], [17.121857833333333, 78.42824900000001], [17.121858333333332, 78.42824866666666], [17.1218585, 78.42824833333334], [17.121858666666665, 78.42824816666666], [17.12185883333333, 78.42824766666666], [17.121859500000003, 78.42824733333333], [17.12185966666667, 78.428247], [17.121859833333335, 78.42824683333333], [17.12186, 78.42824649999999], [17.12186, 78.42824616666667], [17.12186, 78.428246], [17.12186, 78.42824566666667], [17.12186, 78.4282455], [17.12186, 78.42824533333334], [17.12186, 78.428245], [17.12186, 78.42824466666666], [17.12185966666667, 78.42824449999999], [17.121859500000003, 78.42824433333334], [17.121859333333337, 78.42824416666667], [17.121859333333337, 78.42824383333333], [17.121858999999997, 78.42824366666667], [17.121858666666665, 78.4282435], [17.1218585, 78.42824316666666], [17.1218585, 78.42824300000001], [17.121858333333332, 78.42824266666666], [17.121858666666665, 78.42824233333334], [17.121859500000003, 78.42824183333333], [17.121859500000003, 78.42824116666667], [17.121860333333334, 78.42824049999999], [17.12186116666667, 78.42824], [17.121862833333335, 78.4282395], [17.121864333333335, 78.428239], [17.1218665, 78.42823866666666], [17.121868333333335, 78.42823816666667], [17.121870166666668, 78.428238], [17.121870666666666, 78.42823766666667], [17.1218715, 78.42823733333333], [17.121872166666666, 78.42823716666666], [17.121872166666666, 78.42823683333333], [17.121871833333334, 78.42823666666666], [17.121871166666665, 78.4282365], [17.1218705, 78.42823616666666], [17.121870166666668, 78.428236], [17.1218695, 78.42823566666667], [17.121868666666668, 78.4282355], [17.121868166666665, 78.42823516666667], [17.121867166666668, 78.42823483333333], [17.121866333333333, 78.42823466666667], [17.121865666666668, 78.42823433333334], [17.121865500000002, 78.42823416666667], [17.121864666666667, 78.42823383333332], [17.121863666666666, 78.4282335], [17.121863166666667, 78.42823316666666], [17.121863166666667, 78.42823283333334], [17.12186266666667, 78.42823266666666], [17.121861666666668, 78.42823233333334], [17.121861333333335, 78.428232], [17.121861333333335, 78.42823166666668], [17.121860833333336, 78.4282315], [17.121860166666668, 78.42823116666666], [17.121859833333335, 78.42823100000001], [17.121859500000003, 78.42823066666666], [17.12185883333333, 78.42823033333335], [17.1218585, 78.42823], [17.121858166666666, 78.42822966666667], [17.121858, 78.42822933333333], [17.121858, 78.42822883333334], [17.1218585, 78.42822816666667], [17.12186, 78.42822716666666], [17.12186266666667, 78.42822583333333], [17.121866833333335, 78.428224], [17.121871833333334, 78.42822183333332], [17.121877833333333, 78.42821933333333], [17.121885000000002, 78.42821666666667], [17.1218925, 78.428214], [17.1219005, 78.42821099999999], [17.121908333333334, 78.428208], [17.121916166666665, 78.42820499999999], [17.121924333333332, 78.428202], [17.121932666666666, 78.42819899999999], [17.121940666666667, 78.428196], [17.121948666666665, 78.42819283333333], [17.1219565, 78.42818983333333], [17.121964333333334, 78.42818683333333], [17.121972000000003, 78.42818383333334], [17.121979666666668, 78.42818083333333], [17.121987333333333, 78.42817766666667], [17.121994833333336, 78.42817466666666], [17.122002333333334, 78.42817166666667], [17.122009666666667, 78.42816883333333], [17.12201633333333, 78.42816599999999], [17.1220225, 78.4281635], [17.122028, 78.42816133333334], [17.122032833333332, 78.42815916666667], [17.122037499999998, 78.42815716666668], [17.122042500000003, 78.42815533333334], [17.122046833333332, 78.42815333333333], [17.122050666666667, 78.4281515], [17.122054, 78.42814983333332], [17.1220575, 78.42814816666667], [17.122060833333332, 78.42814683333333], [17.12206366666667, 78.42814533333333], [17.122065833333334, 78.42814416666667], [17.12206816666667, 78.428143], [17.122070166666667, 78.42814183333333], [17.1220725, 78.42814083333333], [17.122074666666666, 78.42813983333333], [17.122076333333332, 78.42813866666667], [17.122078, 78.42813766666667], [17.122080166666667, 78.42813666666666], [17.122082, 78.42813566666668], [17.122083333333332, 78.42813466666666], [17.122084500000003, 78.42813383333333], [17.122085833333333, 78.42813299999999], [17.122087166666667, 78.42813216666667], [17.1220885, 78.42813133333334], [17.122089333333335, 78.4281305], [17.122090333333333, 78.42812966666666], [17.122091833333332, 78.428129], [17.122093, 78.42812816666667], [17.122093666666668, 78.4281275], [17.122094666666666, 78.42812683333334], [17.122095666666667, 78.428126], [17.1220965, 78.42812533333334], [17.122097333333333, 78.42812466666666], [17.122098, 78.428124], [17.122098666666666, 78.42812333333333], [17.122099666666667, 78.42812266666667], [17.1221, 78.428122], [17.122100333333332, 78.42812133333334], [17.122101166666667, 78.42812083333334], [17.12210233333333, 78.42812016666667], [17.12210233333333, 78.42811950000001], [17.122102833333333, 78.428119], [17.122103666666664, 78.42811833333333], [17.122104333333333, 78.42811783333333], [17.1221045, 78.42811716666667], [17.122104999999998, 78.42811666666667], [17.122105666666666, 78.42811616666667], [17.122105666666666, 78.4281155], [17.122106, 78.42811499999999], [17.122106499999997, 78.4281145], [17.12210683333333, 78.42811400000001], [17.122107333333336, 78.42811333333334], [17.122107333333336, 78.42811283333334], [17.122107500000002, 78.42811233333333], [17.122107333333336, 78.42811183333333], [17.122107833333335, 78.42811150000001], [17.122108333333333, 78.42811083333332], [17.122108, 78.4281105], [17.122108333333333, 78.42811], [17.122109000000002, 78.42810949999999], [17.122108833333336, 78.42810899999999], [17.122108833333336, 78.42810850000001], [17.122109166666668, 78.42810800000001], [17.122109166666668, 78.4281075], [17.122109000000002, 78.428107], [17.122109000000002, 78.42810666666666], [17.122109333333334, 78.42810616666667], [17.122109000000002, 78.42810583333333], [17.12210866666667, 78.42810533333333], [17.122108833333336, 78.428105], [17.122109000000002, 78.4281045], [17.122108833333336, 78.42810416666666], [17.122108833333336, 78.42810366666666], [17.122108500000003, 78.42810333333334], [17.122108333333333, 78.42810283333333], [17.122108500000003, 78.42810250000001], [17.122108333333333, 78.42810216666666], [17.122107833333335, 78.42810166666666], [17.122107500000002, 78.42810133333334], [17.12210766666667, 78.428101], [17.122107333333336, 78.42810066666667], [17.12210716666667, 78.42810016666667], [17.12210683333333, 78.42809983333333], [17.12210683333333, 78.4280995], [17.122106499999997, 78.42809916666667], [17.122106499999997, 78.42809866666667], [17.122106499999997, 78.42809833333334], [17.122106166666665, 78.428098], [17.122105833333332, 78.42809766666666], [17.122105833333332, 78.42809716666667], [17.122105833333332, 78.42809683333333], [17.12210533333333, 78.42809650000001], [17.122104999999998, 78.42809616666666], [17.122104999999998, 78.42809583333333], [17.12210483333333, 78.4280955], [17.122104666666665, 78.42809516666667], [17.1221045, 78.42809483333333], [17.122104333333333, 78.4280945], [17.122104333333333, 78.42809416666667], [17.122104, 78.42809383333334], [17.122103666666664, 78.4280935], [17.122103666666664, 78.42809316666667], [17.122103666666664, 78.42809266666667], [17.122103499999998, 78.4280925], [17.122103499999998, 78.428092], [17.122103166666665, 78.42809166666666], [17.122102833333333, 78.42809133333334], [17.122102666666667, 78.428091], [17.122102666666667, 78.42809066666668], [17.1221025, 78.42809050000001], [17.122101999999998, 78.42809000000001], [17.122101666666666, 78.42808966666666], [17.1221015, 78.42808933333335], [17.122101166666667, 78.42808916666667], [17.12210083333333, 78.42808866666665], [17.1221005, 78.4280885], [17.122100166666666, 78.42808816666667], [17.1221, 78.42808783333334], [17.122099666666667, 78.4280875], [17.12209933333333, 78.42808716666667], [17.12209933333333, 78.42808683333332], [17.122098666666666, 78.4280865], [17.122098333333334, 78.42808616666666], [17.122098, 78.42808583333334], [17.122098, 78.42808566666666], [17.122097666666665, 78.42808533333333], [17.122097166666666, 78.428085], [17.122097, 78.42808466666666], [17.122096833333334, 78.42808433333333], [17.122096833333334, 78.428084], [17.12209633333333, 78.42808383333333], [17.122096166666665, 78.4280835], [17.122096, 78.42808316666667], [17.122096, 78.42808283333333], [17.122095333333334, 78.4280825], [17.122095333333334, 78.42808216666667], [17.122095166666668, 78.42808183333334], [17.122095166666668, 78.4280815], [17.1220945, 78.42808116666667], [17.122094, 78.428081], [17.122094, 78.42808066666666], [17.122093833333334, 78.42808033333334], [17.122094166666667, 78.42808016666666], [17.122095666666667, 78.42808], [17.122097166666666, 78.42808], [17.122098833333332, 78.42808], [17.122100333333332, 78.42808], [17.122101666666666, 78.42808016666666], [17.12210333333333, 78.42808050000001], [17.1221045, 78.42808083333333], [17.122105833333332, 78.42808116666667], [17.12210716666667, 78.42808216666667], [17.12210716666667, 78.4280825], [17.12210683333333, 78.428083], [17.122106499999997, 78.42808316666667], [17.122106166666665, 78.42808333333333], [17.12210533333333, 78.4280835], [17.1221045, 78.4280835], [17.122104, 78.4280835], [17.122103499999998, 78.4280835], [17.122102833333333, 78.4280835], [17.122102666666667, 78.4280835], [17.12210233333333, 78.4280835], [17.122102166666664, 78.42808333333333], [17.122101999999998, 78.42808333333333], [17.122101666666666, 78.42808316666667], [17.122102166666664, 78.428083], [17.122103166666665, 78.42808316666667], [17.12210533333333, 78.42808316666667], [17.122109166666668, 78.42808366666667], [17.122115333333333, 78.42808433333333], [17.12212333333333, 78.42808533333333], [17.122133, 78.4280865], [17.122143833333332, 78.42808783333334], [17.122155333333335, 78.42808933333335], [17.122167333333334, 78.42809083333333], [17.122179666666668, 78.4280925], [17.122191833333332, 78.42809383333334], [17.122203666666667, 78.42809533333335], [17.122214166666666, 78.42809666666668], [17.122223833333333, 78.428098], [17.1222325, 78.428099], [17.122240166666664, 78.4281], [17.122248000000003, 78.428101], [17.1222555, 78.42810183333333], [17.122263166666666, 78.42810266666667], [17.122270333333333, 78.42810349999999], [17.122277, 78.42810433333334], [17.122283166666666, 78.42810483333332], [17.1222885, 78.4281055], [17.122293, 78.428106], [17.1222975, 78.4281065], [17.122301333333333, 78.428107], [17.122305333333333, 78.42810733333334], [17.122308999999998, 78.42810783333333], [17.122312833333336, 78.42810816666666], [17.122316666666666, 78.42810850000001], [17.122320333333334, 78.42810883333333], [17.122323666666666, 78.42810916666667], [17.122326666666666, 78.42810949999999], [17.122329666666666, 78.42810983333334], [17.122332500000002, 78.42811], [17.122335500000002, 78.42811033333334], [17.1223385, 78.42811066666667], [17.122342333333332, 78.42811083333332], [17.1223465, 78.42811133333333], [17.122352166666666, 78.42811150000001], [17.122358333333334, 78.42811183333333], [17.12236516666667, 78.42811183333333], [17.122373333333332, 78.42811166666667], [17.122382166666668, 78.42811150000001], [17.122391333333333, 78.42811116666667], [17.122401333333336, 78.42811083333332], [17.1224115, 78.42811016666666], [17.122421, 78.42810949999999], [17.122430666666666, 78.42810866666667], [17.122440833333332, 78.42810766666666], [17.122449833333334, 78.4281065], [17.122458666666667, 78.42810516666667], [17.122466999999997, 78.42810383333334], [17.122474833333335, 78.42810233333333], [17.122481333333333, 78.42810066666667], [17.122487999999997, 78.42809866666667], [17.122493666666667, 78.42809683333333], [17.1224985, 78.42809483333333], [17.1225015, 78.428093], [17.122503333333334, 78.42809083333333], [17.12250433333333, 78.42808883333333], [17.122504666666668, 78.42808683333332], [17.122504499999998, 78.42808483333333], [17.122502333333333, 78.428083], [17.1225, 78.42808116666667], [17.122496166666668, 78.42807933333333], [17.122490833333334, 78.4280775], [17.1224845, 78.42807599999999], [17.12247766666667, 78.42807466666666], [17.122470333333336, 78.42807333333333], [17.122463, 78.42807233333333], [17.1224555, 78.4280715], [17.122448000000002, 78.42807083333334], [17.122441, 78.42807033333334], [17.122434166666668, 78.42806966666667], [17.122427833333333, 78.42806916666667], [17.122421499999998, 78.42806866666666], [17.122415166666666, 78.42806816666666], [17.122409333333334, 78.42806783333334], [17.122403666666667, 78.42806733333333], [17.122397999999997, 78.428067], [17.122392666666666, 78.42806666666667], [17.122387166666666, 78.42806616666667], [17.122382, 78.42806583333332], [17.12237683333333, 78.4280655], [17.122372, 78.42806516666666], [17.122367166666667, 78.42806483333334], [17.12236216666667, 78.42806433333334], [17.122357833333336, 78.42806399999999], [17.122353166666667, 78.42806366666667], [17.122348499999998, 78.42806316666666], [17.122344166666668, 78.42806283333333], [17.12233966666667, 78.4280625], [17.122335333333336, 78.42806216666666], [17.122331, 78.42806183333333], [17.122326833333332, 78.42806133333333], [17.122322666666665, 78.428061], [17.122318166666666, 78.42806066666667], [17.12231416666667, 78.42806033333333], [17.1223105, 78.42806], [17.12230633333333, 78.42805966666667], [17.122302333333334, 78.42805933333334], [17.122298833333332, 78.428059], [17.122295, 78.42805849999999], [17.122291166666667, 78.42805816666667], [17.12228716666667, 78.42805783333333], [17.122283333333332, 78.42805750000001], [17.122279833333334, 78.42805716666666], [17.122276166666666, 78.42805683333333], [17.122272833333334, 78.4280565], [17.122269333333335, 78.42805616666666], [17.122266, 78.42805583333333], [17.122262166666665, 78.42805533333333], [17.122259166666666, 78.42805466666667], [17.122256166666666, 78.428054], [17.122253, 78.42805333333334], [17.12225116666667, 78.42805249999999], [17.122249833333335, 78.42805183333333], [17.1222485, 78.42805100000001], [17.122248000000003, 78.42805033333335], [17.1222485, 78.42804966666667], [17.122249166666666, 78.428049], [17.122249833333335, 78.4280485], [17.122250833333332, 78.428048], [17.122252333333332, 78.42804766666667], [17.122254166666668, 78.4280475], [17.122256, 78.42804716666666], [17.12225683333333, 78.42804716666666], [17.12225833333333, 78.42804716666666], [17.122259, 78.42804716666666], [17.122259666666665, 78.42804733333334], [17.1222595, 78.42804733333334], [17.122259, 78.42804733333334], [17.1222585, 78.42804733333334], [17.122257333333334, 78.42804716666666], [17.122256, 78.42804716666666], [17.122254666666667, 78.428047], [17.122253333333333, 78.42804683333334], [17.122252500000002, 78.42804666666666], [17.1222515, 78.4280465], [17.122250333333334, 78.42804633333334], [17.122248833333334, 78.42804616666668], [17.122247666666667, 78.428046], [17.12224666666667, 78.42804583333333], [17.122245333333336, 78.42804566666668], [17.122243833333336, 78.42804550000001], [17.122242833333335, 78.42804516666666], [17.122241499999998, 78.42804500000001], [17.122240166666664, 78.42804483333333], [17.122238666666664, 78.42804466666666], [17.122238, 78.42804433333335], [17.122237, 78.42804416666667], [17.1222355, 78.42804383333333], [17.122233833333333, 78.42804366666665], [17.1222325, 78.4280435], [17.122231333333332, 78.42804333333333], [17.1222305, 78.42804299999999], [17.122229666666666, 78.42804283333334], [17.1222295, 78.4280425], [17.122231333333332, 78.428042], [17.122235, 78.42804133333334], [17.122241, 78.4280405], [17.1222485, 78.42803933333333], [17.122257833333332, 78.428038], [17.122268666666667, 78.4280365], [17.122280666666665, 78.428035], [17.122293333333335, 78.42803333333333], [17.122306666666667, 78.4280315], [17.122320666666667, 78.42802983333333], [17.122335, 78.428028], [17.122349333333332, 78.42802633333334], [17.122363833333335, 78.4280245], [17.122378166666667, 78.42802266666666], [17.122392333333334, 78.42802083333332], [17.122406666666667, 78.42801883333333], [17.122421166666665, 78.42801716666666], [17.122435, 78.42801533333333], [17.122449333333336, 78.42801349999999], [17.122463999999997, 78.42801166666666], [17.1224785, 78.42800983333333], [17.122492833333336, 78.428008], [17.122507, 78.42800616666666], [17.122521666666668, 78.42800416666667], [17.122536, 78.4280025], [17.1225505, 78.42800050000001], [17.122565, 78.42799866666665], [17.122579499999997, 78.42799683333332], [17.122594166666666, 78.42799483333333], [17.122608500000002, 78.427993], [17.122622999999997, 78.42799116666667], [17.122637666666666, 78.42798916666668], [17.12265216666667, 78.42798733333333], [17.122666499999998, 78.42798533333333], [17.122680833333334, 78.4279835], [17.122695, 78.4279815], [17.122709, 78.42797966666667], [17.122722666666668, 78.42797766666666], [17.122735666666664, 78.42797566666667], [17.122748, 78.42797383333333], [17.122759833333337, 78.427972], [17.122770666666668, 78.42797016666667], [17.122780833333334, 78.42796816666667], [17.122789833333332, 78.427966], [17.122799166666667, 78.42796383333332], [17.12280816666667, 78.42796166666668], [17.1228165, 78.42795933333333], [17.12282433333333, 78.42795683333334], [17.122831333333334, 78.42795416666667], [17.122837666666666, 78.42795166666666], [17.122843166666666, 78.427949], [17.12284783333333, 78.4279465], [17.122851833333335, 78.427944], [17.122855166666668, 78.42794133333334], [17.122858, 78.42793866666666], [17.122859333333334, 78.427936], [17.122860166666666, 78.42793333333334], [17.1228605, 78.4279305], [17.122860166666666, 78.4279275], [17.122859333333334, 78.42792466666667], [17.122857333333332, 78.42792183333333], [17.122854833333335, 78.427919], [17.12285166666667, 78.42791600000001], [17.12284833333333, 78.42791316666667], [17.12284383333333, 78.42791033333333], [17.122839, 78.42790766666667], [17.122833500000002, 78.427905], [17.12282766666667, 78.42790216666667], [17.1228215, 78.4278995], [17.122814333333334, 78.4278965], [17.122807166666668, 78.4278935], [17.122799666666666, 78.42789033333334], [17.122792, 78.42788716666668], [17.122784333333335, 78.42788399999999], [17.122776666666667, 78.42788083333333], [17.122769666666667, 78.42787799999999], [17.1227635, 78.42787533333333], [17.12275783333333, 78.427873], [17.122752666666667, 78.42787083333333], [17.1227475, 78.42786883333333], [17.122742666666667, 78.42786683333334], [17.122737833333336, 78.42786483333333], [17.122733333333333, 78.42786299999999], [17.122728833333333, 78.42786133333334], [17.1227245, 78.42785950000001], [17.122720666666666, 78.427858], [17.122716833333335, 78.42785666666667], [17.122713333333333, 78.42785533333334], [17.122710166666664, 78.42785416666668], [17.122706833333332, 78.427853], [17.122703666666666, 78.42785183333334], [17.122700333333334, 78.42785083333334], [17.122697000000002, 78.42784966666666], [17.122694000000003, 78.42784866666666], [17.122691, 78.42784750000001], [17.122688166666666, 78.4278465], [17.122685, 78.42784566666666], [17.122682333333334, 78.42784466666667], [17.122679833333333, 78.42784383333333], [17.122677166666666, 78.42784283333334], [17.122674166666666, 78.427842], [17.122671500000003, 78.42784116666667], [17.122669, 78.42784033333334], [17.122666666666664, 78.42783949999999], [17.122664, 78.42783866666667], [17.1226615, 78.42783800000001], [17.122658666666666, 78.42783716666666], [17.122656666666668, 78.42783633333333], [17.122654333333333, 78.42783566666667], [17.122651666666666, 78.427835], [17.12264916666667, 78.42783416666666], [17.122647166666663, 78.42783349999999], [17.122645, 78.42783266666667], [17.122643166666666, 78.42783200000001], [17.1226415, 78.42783116666666], [17.122640999999998, 78.42783033333333], [17.12264083333333, 78.4278295], [17.122641333333334, 78.42782883333332], [17.12264233333333, 78.42782816666666], [17.122644166666664, 78.42782766666666], [17.122645666666664, 78.42782716666667], [17.122647333333337, 78.42782683333333], [17.122648833333336, 78.42782650000001], [17.12265, 78.42782650000001], [17.122651333333334, 78.42782633333333], [17.122651833333336, 78.42782600000001], [17.12265216666667, 78.42782583333333], [17.122652000000002, 78.42782566666666], [17.1226525, 78.4278255], [17.122652833333333, 78.42782533333335], [17.122652833333333, 78.42782516666666], [17.122652833333333, 78.42782483333333], [17.122653, 78.4278245], [17.1226525, 78.42782433333333], [17.12265216666667, 78.427824], [17.122652333333335, 78.42782366666667], [17.122652333333335, 78.42782333333334], [17.122651666666666, 78.42782316666667], [17.122650833333335, 78.42782283333332], [17.122650500000002, 78.4278225], [17.122650166666666, 78.42782216666666], [17.12265, 78.427822], [17.122649000000003, 78.4278215], [17.1226485, 78.42782133333334], [17.122648166666668, 78.427821], [17.122647500000003, 78.42782066666668], [17.122646999999997, 78.42782033333333], [17.122646666666665, 78.42782000000001], [17.122646, 78.42781966666666], [17.122645499999997, 78.42781933333335], [17.122644833333332, 78.427819], [17.122644666666666, 78.42781866666665], [17.1226445, 78.42781833333333], [17.122644666666666, 78.42781783333334], [17.122645833333333, 78.42781733333332], [17.122648666666667, 78.42781666666666], [17.122652333333335, 78.42781566666666], [17.122656, 78.42781483333333], [17.122659833333334, 78.427814], [17.122664166666667, 78.42781333333333], [17.1226675, 78.42781266666665], [17.122670666666668, 78.42781183333334], [17.122674, 78.427811], [17.122677166666666, 78.42781033333334], [17.122679833333333, 78.42780966666666], [17.1226825, 78.42780883333333], [17.122685166666667, 78.42780816666667], [17.122688, 78.4278075], [17.12269033333333, 78.42780683333334], [17.122692833333335, 78.42780633333334], [17.122695333333336, 78.42780566666667], [17.122697666666667, 78.427805], [17.122699666666666, 78.42780450000001], [17.122702333333333, 78.427804], [17.122703833333333, 78.42780333333333], [17.122705666666665, 78.42780283333333], [17.122708, 78.42780233333333], [17.122709999999998, 78.42780183333333], [17.12271133333333, 78.42780116666667], [17.122712999999997, 78.42780066666666], [17.122715000000003, 78.42780016666667], [17.122716333333337, 78.42779966666667], [17.122717333333334, 78.42779916666667], [17.122719333333336, 78.42779866666666], [17.1227205, 78.42779816666666], [17.122721666666667, 78.42779766666666], [17.122723, 78.42779733333333], [17.122724333333334, 78.42779683333333], [17.122725333333335, 78.42779633333333], [17.122726833333335, 78.42779583333332], [17.122727833333332, 78.4277955], [17.122728666666667, 78.427795], [17.122729666666665, 78.42779449999999], [17.122730999999998, 78.42779416666667], [17.122731833333333, 78.42779366666667], [17.12273233333333, 78.42779316666666], [17.122733, 78.42779283333333], [17.122734333333334, 78.4277925], [17.122735, 78.427792], [17.122735499999997, 78.42779166666666], [17.122735833333333, 78.42779116666667], [17.122736666666665, 78.42779083333333], [17.122736999999997, 78.42779033333333], [17.122737166666663, 78.42779], [17.122737500000003, 78.42778966666667], [17.122737833333336, 78.42778916666666], [17.1227385, 78.42778883333334], [17.122738833333337, 78.42778849999999], [17.122739333333335, 78.42778816666667], [17.122739333333335, 78.42778783333333], [17.122739833333334, 78.42778750000001], [17.122740333333336, 78.42778716666666], [17.122740333333336, 78.42778683333333], [17.12274066666667, 78.4277865], [17.122741, 78.427786], [17.122741166666668, 78.42778566666667], [17.122741333333334, 78.42778533333333], [17.1227415, 78.427785], [17.122741833333336, 78.42778466666667], [17.12274216666667, 78.42778433333334], [17.122741833333336, 78.427784], [17.122742000000002, 78.42778366666667], [17.122742333333335, 78.42778333333334], [17.122742666666667, 78.427783], [17.1227425, 78.42778249999999], [17.12274216666667, 78.42778233333334], [17.12274216666667, 78.427782], [17.1227425, 78.42778166666668], [17.122742666666667, 78.42778133333333], [17.12274216666667, 78.42778100000001], [17.122742333333335, 78.42778066666666], [17.1227425, 78.42778033333335], [17.122742333333335, 78.42778], [17.12274216666667, 78.42777966666667], [17.122741833333336, 78.4277795], [17.122742000000002, 78.42777916666667], [17.122741666666666, 78.42777883333333], [17.122741666666666, 78.4277785], [17.1227415, 78.42777833333334], [17.1227415, 78.427778], [17.1227415, 78.42777766666667], [17.122741, 78.42777733333334], [17.122741, 78.42777716666666], [17.122741166666668, 78.42777683333334], [17.122740333333336, 78.4277765], [17.122740333333336, 78.42777616666667], [17.122740166666667, 78.42777583333333], [17.122739833333334, 78.42777550000001], [17.12273916666667, 78.42777533333333], [17.122739000000003, 78.42777500000001], [17.122738666666667, 78.42777483333333], [17.122738333333334, 78.4277745], [17.122737833333336, 78.42777416666667], [17.122737500000003, 78.427774], [17.122737333333337, 78.42777366666665], [17.122737166666663, 78.4277735], [17.1227365, 78.42777316666667], [17.122735666666664, 78.42777299999999], [17.12273533333333, 78.42777266666667], [17.122735166666665, 78.4277725], [17.122734833333332, 78.42777233333332], [17.122734166666664, 78.427772], [17.122733999999998, 78.42777166666666], [17.122733999999998, 78.4277715], [17.122733666666665, 78.42777116666666], [17.122733, 78.42777099999999], [17.122732666666664, 78.42777066666666], [17.122732499999998, 78.4277705], [17.122732166666665, 78.42777016666668], [17.1227315, 78.42777], [17.122731333333334, 78.42776983333333], [17.122730833333332, 78.42776950000001], [17.122730333333333, 78.42776933333333], [17.12273, 78.427769], [17.122729833333334, 78.42776883333333], [17.122729333333332, 78.42776866666667], [17.122728833333333, 78.42776833333333], [17.122728333333335, 78.42776816666667], [17.122728, 78.427768], [17.122727333333334, 78.42776766666665], [17.1227265, 78.42776733333334], [17.122726333333333, 78.42776716666667], [17.122726, 78.42776699999999], [17.122725166666665, 78.42776666666667], [17.1227245, 78.4277665], [17.122724333333334, 78.42776633333332], [17.122724, 78.427766], [17.122723166666667, 78.42776583333332], [17.122722833333334, 78.42776566666666], [17.122722333333336, 78.42776533333334], [17.122721833333333, 78.42776516666666], [17.122721666666667, 78.427765], [17.122721000000002, 78.42776466666666], [17.122720333333334, 78.4277645], [17.122720166666667, 78.42776416666668], [17.122719833333335, 78.427764], [17.122719333333336, 78.42776366666666], [17.122718666666668, 78.42776350000001], [17.12271816666667, 78.42776333333333], [17.122717833333336, 78.42776316666667], [17.122717333333334, 78.42776283333333], [17.122716833333335, 78.42776266666667], [17.12271666666667, 78.4277625], [17.122715833333334, 78.42776216666667], [17.1227155, 78.427762], [17.12271516666667, 78.42776166666665], [17.122714666666663, 78.4277615], [17.122713833333332, 78.42776133333334], [17.122713333333333, 78.42776116666667], [17.12271283333333, 78.42776083333334], [17.122712166666666, 78.42776066666667], [17.12271133333333, 78.42776033333332], [17.122710666666666, 78.42776016666667], [17.1227105, 78.42776], [17.122709666666665, 78.42775966666666], [17.122709166666667, 78.42775950000001], [17.122708666666664, 78.42775933333334], [17.122708333333332, 78.42775916666666], [17.122707666666667, 78.42775883333334], [17.122707, 78.42775866666666], [17.122706833333332, 78.4277585], [17.122706333333333, 78.42775816666668], [17.122705666666665, 78.427758], [17.122705333333332, 78.42775783333333], [17.122704833333334, 78.42775766666666], [17.122704333333335, 78.42775750000001], [17.122703833333333, 78.42775716666667], [17.1227035, 78.427757], [17.122703166666668, 78.42775683333333], [17.122702333333333, 78.42775666666667], [17.122701666666668, 78.42775633333333], [17.122701333333335, 78.42775616666667], [17.122701, 78.427756], [17.1227005, 78.42775583333334], [17.122700000000002, 78.42775566666666], [17.122699833333336, 78.42775533333334], [17.1226995, 78.42775516666667], [17.122698833333335, 78.42775499999999], [17.122698333333336, 78.42775483333334], [17.122698, 78.42775466666667], [17.1226975, 78.4277545], [17.122696666666666, 78.42775433333333], [17.1226965, 78.42775416666667], [17.122696333333334, 78.42775383333333], [17.12269566666667, 78.42775366666666], [17.122694833333334, 78.42775350000001], [17.12269416666667, 78.42775333333334], [17.122693833333336, 78.427753], [17.122693, 78.42775283333334], [17.122692166666663, 78.42775266666666], [17.1226915, 78.4277525], [17.122691166666666, 78.42775233333333], [17.122690833333333, 78.42775216666668], [17.12269, 78.427752], [17.122689333333334, 78.42775183333333], [17.122689166666664, 78.42775166666667], [17.12268883333333, 78.42775150000001], [17.122687833333334, 78.42775116666667], [17.122687166666665, 78.427751], [17.122686833333333, 78.42775083333332], [17.122686666666667, 78.42775066666667], [17.1226855, 78.4277505], [17.122684666666665, 78.42775016666666], [17.1226845, 78.42775], [17.122684166666666, 78.42774983333334], [17.122683333333335, 78.42774966666666], [17.122682333333334, 78.42774933333334], [17.122682, 78.42774916666667], [17.122681666666665, 78.42774899999999], [17.122680833333334, 78.42774883333333], [17.122679833333333, 78.4277485], [17.122679833333333, 78.42774833333333], [17.1226795, 78.42774816666666], [17.122678666666665, 78.42774800000001], [17.122677833333334, 78.42774766666666], [17.122677666666668, 78.4277475], [17.122677166666666, 78.42774716666666], [17.122676666666667, 78.427747], [17.122675833333336, 78.42774683333333], [17.122675333333333, 78.42774666666666], [17.12267466666667, 78.42774633333333], [17.122674333333336, 78.42774616666667], [17.122673666666667, 78.427746], [17.122673000000002, 78.42774583333333], [17.122672333333334, 78.4277455], [17.122671833333335, 78.42774533333333], [17.122671166666667, 78.42774516666667], [17.1226705, 78.427745], [17.122670000000003, 78.42774466666667], [17.12266933333333, 78.4277445], [17.122669, 78.42774433333334], [17.122667999999997, 78.427744], [17.122667666666665, 78.42774383333334], [17.122667166666666, 78.42774366666666], [17.122666833333334, 78.42774349999999], [17.122666, 78.42774333333334], [17.122665333333334, 78.42774299999999], [17.12266483333333, 78.42774283333333], [17.122664333333333, 78.42774266666667], [17.122663833333334, 78.42774250000001], [17.122662833333333, 78.42774216666666], [17.122662333333334, 78.42774183333333], [17.122662, 78.42774166666666], [17.1226615, 78.42774166666666], [17.122660833333335, 78.42774133333334], [17.122660166666666, 78.42774116666666], [17.122659666666667, 78.42774083333333], [17.122659166666665, 78.42774066666666], [17.122658166666668, 78.4277405], [17.122657666666665, 78.42774016666667], [17.122657, 78.42774], [17.1226565, 78.42773983333333], [17.122655666666667, 78.42773966666667], [17.122654833333335, 78.42773933333334], [17.122654333333333, 78.42773916666667], [17.122653833333334, 78.427739], [17.122653166666666, 78.42773883333332], [17.122652000000002, 78.4277385], [17.1226515, 78.42773833333334], [17.122651166666667, 78.42773816666666], [17.122650500000002, 78.427738], [17.122649833333334, 78.42773783333334], [17.12264916666667, 78.42773749999999], [17.122649000000003, 78.42773733333334], [17.1226485, 78.42773716666667], [17.122647833333335, 78.427737], [17.122646999999997, 78.42773683333333], [17.12264683333333, 78.42773650000001], [17.122646333333332, 78.42773633333333], [17.122645666666664, 78.42773616666666], [17.122645, 78.42773600000001], [17.122644666666666, 78.42773583333333], [17.122644333333334, 78.4277355], [17.1226435, 78.42773533333335], [17.122642833333334, 78.42773516666666], [17.12264233333333, 78.427735], [17.122641833333333, 78.42773483333333], [17.122641166666664, 78.42773466666667], [17.122640333333333, 78.4277345], [17.122639833333334, 78.42773416666667], [17.1226395, 78.427734], [17.122639166666666, 78.42773383333333], [17.122638333333335, 78.42773366666667], [17.122637833333332, 78.4277335], [17.122637333333333, 78.42773316666667], [17.122636833333335, 78.427733], [17.122636, 78.42773283333332], [17.1226355, 78.42773266666667], [17.122635, 78.4277325], [17.122634333333334, 78.42773216666666], [17.122633666666665, 78.427732], [17.122633, 78.42773183333334], [17.122632333333335, 78.42773166666666], [17.122631666666667, 78.4277315], [17.122630666666666, 78.42773116666667], [17.12263, 78.427731], [17.122629500000002, 78.42773083333333], [17.122628666666667, 78.42773066666668], [17.122628000000002, 78.42773050000001], [17.122627166666668, 78.42773016666666], [17.122626500000003, 78.42773000000001], [17.122625666666668, 78.42772983333333], [17.122624833333337, 78.42772966666666], [17.122623833333332, 78.4277295], [17.122623333333333, 78.42772916666667], [17.1226225, 78.427729], [17.122621666666664, 78.42772883333333], [17.122620833333333, 78.42772866666665], [17.122620333333334, 78.42772833333333], [17.1226195, 78.42772816666667], [17.122618499999998, 78.42772799999999], [17.122617333333334, 78.42772783333334], [17.122616999999998, 78.4277275], [17.122616166666667, 78.42772733333332], [17.122615166666666, 78.42772716666667], [17.122614166666665, 78.427727], [17.122613333333334, 78.42772666666666], [17.1226125, 78.4277265], [17.122611666666668, 78.42772633333334], [17.122610833333333, 78.42772599999999], [17.122609833333335, 78.42772583333334], [17.122609, 78.42772566666666], [17.122608166666666, 78.4277255], [17.122607333333335, 78.42772533333333], [17.122606333333334, 78.427725], [17.122605333333336, 78.42772483333333], [17.122604666666668, 78.42772466666666], [17.1226035, 78.42772450000001], [17.12260266666667, 78.42772416666666], [17.122601666666664, 78.427724], [17.122600833333333, 78.42772383333333], [17.1226, 78.42772366666667], [17.122599166666664, 78.4277235], [17.122598, 78.42772316666667], [17.122597166666665, 78.427723], [17.122596166666664, 78.42772283333333], [17.1225955, 78.42772266666665], [17.122594166666666, 78.4277225], [17.122593166666665, 78.42772216666667], [17.122592333333333, 78.42772199999999], [17.1225915, 78.42772183333334], [17.122590333333335, 78.42772166666667], [17.1225895, 78.4277215], [17.1225885, 78.42772116666667], [17.122587333333335, 78.427721], [17.1225865, 78.42772083333332], [17.122585833333336, 78.42772066666666], [17.12258466666667, 78.42772033333334], [17.122583833333334, 78.42772], [17.12258316666667, 78.42771983333334], [17.122582166666668, 78.42771983333334], [17.122581166666667, 78.4277195], [17.122580333333335, 78.42771933333333], [17.12257933333333, 78.42771916666668], [17.1225785, 78.427719], [17.12257783333333, 78.42771866666666], [17.122576499999997, 78.42771850000001], [17.122575833333332, 78.42771816666666], [17.122575166666664, 78.427718], [17.122574166666666, 78.427718], [17.122572833333333, 78.4277175], [17.1225715, 78.42771733333333], [17.122571166666667, 78.42771716666667], [17.12257, 78.42771683333333], [17.122568666666666, 78.42771666666665], [17.122567666666665, 78.42771633333334], [17.122567, 78.42771616666667], [17.122565833333333, 78.42771599999999], [17.122564666666666, 78.42771566666667], [17.122563500000002, 78.4277155], [17.122562666666667, 78.42771533333332], [17.122561666666666, 78.427715], [17.122560333333336, 78.42771483333333], [17.122559333333335, 78.42771466666666], [17.122558166666668, 78.42771433333334], [17.122557166666663, 78.42771416666666], [17.122556333333332, 78.427714], [17.122555, 78.42771366666666], [17.12255383333333, 78.4277135], [17.122552833333334, 78.42771333333333], [17.122552166666665, 78.427713], [17.122550999999998, 78.42771283333333], [17.122549833333334, 78.42771266666666], [17.122549, 78.42771250000001], [17.122548166666665, 78.42771233333333], [17.122547, 78.42771216666667], [17.122545833333334, 78.42771183333333], [17.1225445, 78.42771166666667], [17.122543833333335, 78.4277115], [17.122542833333334, 78.42771133333333], [17.122541666666667, 78.427711], [17.1225405, 78.42771083333334], [17.122539500000002, 78.42771066666666], [17.122538666666667, 78.4277105], [17.1225375, 78.42771016666667], [17.122536333333336, 78.42770999999999], [17.1225355, 78.42770983333334], [17.122534666666663, 78.4277095], [17.1225335, 78.42770933333333], [17.1225325, 78.42770900000001], [17.12253133333333, 78.42770883333333], [17.122530666666666, 78.42770866666666], [17.1225295, 78.42770850000001], [17.122528166666665, 78.42770816666666], [17.122526999999998, 78.427708], [17.122526166666667, 78.42770766666666], [17.122525, 78.4277075], [17.122523833333332, 78.42770733333333], [17.122522166666666, 78.42770716666668], [17.12252116666667, 78.42770683333333], [17.122520333333334, 78.42770666666667], [17.122519166666667, 78.42770650000001], [17.1225175, 78.42770633333333], [17.122516, 78.427706], [17.12251516666667, 78.42770583333332], [17.122513833333336, 78.42770566666667], [17.122511999999997, 78.4277055], [17.122510833333333, 78.42770516666666], [17.122509666666666, 78.42770483333334], [17.122508333333332, 78.42770466666666], [17.122506833333333, 78.42770449999999], [17.1225055, 78.42770433333334], [17.122504166666666, 78.42770399999999], [17.122502666666666, 78.42770383333333], [17.1225015, 78.4277035], [17.122499833333332, 78.42770333333333], [17.122498333333333, 78.42770316666666], [17.122497333333335, 78.42770283333333], [17.122495833333335, 78.42770266666666], [17.122494333333336, 78.4277025], [17.122492833333336, 78.42770233333334], [17.12249166666667, 78.427702], [17.1224905, 78.42770183333333], [17.122488833333332, 78.42770166666666], [17.1224875, 78.42770133333333], [17.12248633333333, 78.42770116666667], [17.122484999999998, 78.427701], [17.12248333333333, 78.42770083333333], [17.122482333333334, 78.4277005], [17.122480666666668, 78.42770033333333], [17.122479333333334, 78.42770016666667], [17.1224785, 78.42769983333332], [17.122477166666666, 78.42769983333332], [17.122475833333333, 78.4276995], [17.12247466666667, 78.42769933333334], [17.122473666666668, 78.42769916666666], [17.1224725, 78.427699], [17.122471166666667, 78.42769866666666], [17.12247, 78.42769849999999], [17.122469000000002, 78.42769833333334], [17.122468, 78.42769799999999], [17.122466499999998, 78.42769783333333], [17.122465499999997, 78.42769766666667], [17.122464333333333, 78.42769750000001], [17.122463166666666, 78.42769716666666], [17.122462, 78.42769700000001], [17.122460666666665, 78.42769683333333], [17.122459499999998, 78.42769666666666], [17.122458333333334, 78.42769633333334], [17.122457166666667, 78.42769616666666], [17.122456, 78.42769583333333], [17.122455, 78.42769583333333], [17.122454, 78.4276955], [17.122452666666668, 78.42769533333333], [17.122451666666667, 78.42769516666667], [17.122450833333335, 78.427695], [17.122449500000002, 78.42769483333333], [17.1224485, 78.4276945], [17.122447333333334, 78.4276945], [17.122446333333336, 78.42769416666667], [17.12244516666667, 78.427694], [17.122443999999998, 78.42769383333332], [17.122443166666667, 78.42769366666667], [17.122442166666666, 78.42769366666667], [17.122441166666665, 78.42769333333334], [17.122440333333333, 78.42769316666666], [17.122439333333332, 78.427693], [17.12243833333333, 78.42769283333334], [17.122437333333334, 78.42769266666666], [17.122436333333333, 78.42769233333334], [17.122435333333332, 78.42769216666667], [17.1224345, 78.427692], [17.122433333333333, 78.42769183333333], [17.122432166666666, 78.42769166666668], [17.1224315, 78.42769133333333], [17.1224305, 78.42769133333333], [17.1224295, 78.42769116666666], [17.12242816666667, 78.42769083333333], [17.122427166666668, 78.42769066666666], [17.122426166666667, 78.4276905], [17.122425333333336, 78.42769033333335], [17.12242416666667, 78.42769016666666], [17.122423166666668, 78.42768983333333], [17.122422333333336, 78.42768966666667], [17.122421499999998, 78.4276895], [17.122420499999997, 78.42768933333333], [17.122419833333332, 78.427689], [17.12241883333333, 78.42768883333333], [17.122418166666666, 78.42768866666667], [17.122416833333332, 78.4276885], [17.122416166666667, 78.42768816666667], [17.122415166666666, 78.427688], [17.122414166666665, 78.42768766666667], [17.122412999999998, 78.4276875], [17.122412, 78.42768733333334], [17.122411166666666, 78.427687], [17.12241, 78.42768683333334], [17.122409, 78.42768666666666], [17.122407833333334, 78.4276865], [17.12240716666667, 78.42768633333334], [17.122406166666668, 78.427686], [17.122405166666667, 78.42768566666668], [17.122404, 78.42768566666668], [17.1224035, 78.42768533333333], [17.1224025, 78.42768516666666], [17.122401, 78.42768500000001], [17.122400333333335, 78.42768466666666], [17.12239966666667, 78.4276845], [17.1223985, 78.42768433333335], [17.122397166666666, 78.427684], [17.122396666666667, 78.42768383333333], [17.122396, 78.4276835], [17.122395166666667, 78.42768333333333], [17.122394, 78.42768299999999], [17.12239333333333, 78.42768283333334], [17.122392166666668, 78.4276825], [17.122391666666665, 78.42768233333332], [17.122390833333334, 78.427682], [17.122390166666666, 78.42768183333332], [17.122389333333334, 78.4276815], [17.122388833333332, 78.42768133333334], [17.122388, 78.42768099999999], [17.1223875, 78.42768066666666], [17.122386833333334, 78.4276805], [17.122386, 78.42768033333333], [17.122385333333334, 78.42768], [17.1223845, 78.42767966666666], [17.122384, 78.42767950000001], [17.12238316666667, 78.42767933333333], [17.122382666666667, 78.427679], [17.122382166666668, 78.42767883333333], [17.122381333333333, 78.4276785], [17.122380333333336, 78.42767833333333], [17.122379666666667, 78.427678], [17.12237916666667, 78.42767783333333], [17.122378166666667, 78.42767766666665], [17.122377333333336, 78.42767733333334], [17.122376499999998, 78.42767716666667], [17.122375833333333, 78.42767699999999], [17.122374833333332, 78.42767683333334], [17.122373666666665, 78.4276765], [17.122372499999997, 78.42767633333332], [17.122371333333334, 78.427676], [17.12237083333333, 78.42767583333332], [17.122369666666668, 78.42767566666666], [17.122368666666667, 78.42767533333334], [17.122367666666666, 78.42767516666666], [17.122367, 78.427675], [17.122366166666666, 78.42767466666666], [17.122364666666666, 78.4276745], [17.12236366666667, 78.42767433333333], [17.122363, 78.427674], [17.12236216666667, 78.42767383333333], [17.122360833333335, 78.42767366666666], [17.12236, 78.42767350000001], [17.12235916666667, 78.42767316666666], [17.1223585, 78.427673], [17.1223575, 78.42767283333333], [17.12235616666667, 78.42767266666667], [17.12235516666667, 78.42767233333333], [17.12235466666667, 78.42767216666667], [17.12235383333333, 78.427672], [17.122352666666664, 78.42767166666665], [17.122351499999997, 78.4276715], [17.122350833333332, 78.42767116666667], [17.122350166666667, 78.42767099999999], [17.122349166666666, 78.42767083333334], [17.122348166666665, 78.42767066666667], [17.122347166666668, 78.42767033333332], [17.122346666666665, 78.42767016666667], [17.122345666666668, 78.42767], [17.122344666666667, 78.42766983333333], [17.122343333333333, 78.42766950000001], [17.1223425, 78.42766916666666], [17.122341666666667, 78.427669], [17.122340666666666, 78.427669], [17.12233966666667, 78.42766866666666], [17.122338666666668, 78.4276685], [17.122337666666667, 78.42766816666668], [17.122336833333335, 78.427668], [17.122335666666668, 78.42766783333333], [17.122334833333333, 78.42766766666666], [17.122334000000002, 78.42766733333333], [17.122333166666667, 78.42766716666667], [17.122332333333336, 78.427667], [17.122331166666665, 78.42766683333333], [17.122330166666664, 78.4276665], [17.1223295, 78.42766633333333], [17.12232883333333, 78.42766616666667], [17.122327666666667, 78.42766583333334], [17.122326333333334, 78.42766566666666], [17.12232583333333, 78.4276655], [17.122325, 78.42766516666667], [17.122323833333333, 78.42766499999999], [17.1223225, 78.42766483333334], [17.122322166666667, 78.4276645], [17.122321499999998, 78.42766433333333], [17.122320333333334, 78.42766400000001], [17.122319, 78.42766383333333], [17.122318333333332, 78.42766366666666], [17.122317666666667, 78.42766333333334], [17.122316666666666, 78.42766316666666], [17.122315333333333, 78.427663], [17.1223145, 78.42766283333334], [17.122313833333333, 78.4276625], [17.122312833333336, 78.42766233333333], [17.122311833333335, 78.42766216666668], [17.122310833333334, 78.42766183333333], [17.12231016666667, 78.42766166666667], [17.12230933333333, 78.42766133333333], [17.122308333333333, 78.42766133333333], [17.12230733333333, 78.427661], [17.122306666666667, 78.42766083333332], [17.122305666666666, 78.4276605], [17.1223045, 78.42766033333334], [17.12230333333333, 78.42766016666666], [17.122302333333334, 78.42765983333334], [17.1223015, 78.42765966666666], [17.122300499999998, 78.42765949999999], [17.122298999999998, 78.42765916666667], [17.122297666666668, 78.42765899999999], [17.122296833333333, 78.42765883333333], [17.122295833333332, 78.42765866666667], [17.12229466666667, 78.42765833333333], [17.12229316666667, 78.42765816666666], [17.122292333333334, 78.42765800000001], [17.1222915, 78.42765766666666], [17.12229016666667, 78.4276575], [17.122288833333336, 78.42765733333334], [17.12228766666667, 78.42765716666666], [17.122286999999996, 78.427657], [17.122285499999997, 78.42765666666666], [17.122284333333333, 78.4276565], [17.122283333333332, 78.42765633333333], [17.122282499999997, 78.42765616666667], [17.122281333333333, 78.42765583333333], [17.12227933333333, 78.42765566666667], [17.122278833333333, 78.4276555], [17.122277666666665, 78.42765533333333], [17.122276666666668, 78.427655], [17.122275, 78.427655], [17.12227366666667, 78.42765483333332], [17.122273, 78.4276545], [17.122272, 78.42765433333334], [17.12227066666667, 78.427654], [17.12227, 78.42765366666666], [17.12227, 78.42765333333334], [17.122270166666667, 78.42765283333333], [17.122270166666667, 78.42765233333333], [17.12226916666667, 78.42765216666666], [17.12226916666667, 78.42765166666666], [17.122269333333335, 78.42765116666666], [17.122268833333333, 78.42765083333333], [17.122268166666668, 78.4276505], [17.122268166666668, 78.42765], [17.122268000000002, 78.4276495], [17.12226766666667, 78.42764916666667], [17.122266833333335, 78.42764883333332], [17.12226616666667, 78.4276485], [17.122266333333336, 78.427648], [17.12226616666667, 78.42764766666666], [17.122265333333335, 78.42764733333334], [17.122264833333336, 78.427647], [17.122264833333336, 78.42764650000001], [17.12226466666667, 78.42764616666666], [17.122263999999998, 78.42764583333333], [17.122263166666666, 78.4276455], [17.122263, 78.427645], [17.122262666666664, 78.42764466666667], [17.122262, 78.42764433333333], [17.122261166666664, 78.427644], [17.122260999999998, 78.42764366666667], [17.122260666666666, 78.42764333333334], [17.12226, 78.427643], [17.1222595, 78.42764266666667], [17.122259333333332, 78.42764233333334], [17.122259, 78.427642], [17.122258166666665, 78.42764166666666], [17.1222575, 78.42764133333334], [17.122257166666667, 78.42764116666667], [17.122256666666665, 78.42764083333333], [17.122255666666668, 78.42764050000001], [17.122255, 78.42764016666666], [17.122254166666668, 78.42763983333333], [17.122253833333332, 78.4276395], [17.122253333333333, 78.42763916666667], [17.122252666666668, 78.42763883333333], [17.122252500000002, 78.4276385], [17.122252833333334, 78.42763816666667], [17.122253333333333, 78.4276375], [17.12225533333333, 78.42763683333332], [17.1222585, 78.42763583333334], [17.122262166666665, 78.42763466666666], [17.122265000000002, 78.42763366666667], [17.12226766666667, 78.42763266666665], [17.122270333333333, 78.42763183333334], [17.122273, 78.42763083333332], [17.122275333333334, 78.42763], [17.1222775, 78.42762916666668], [17.122279499999998, 78.42762833333333], [17.122281666666666, 78.42762766666667], [17.122283333333332, 78.42762683333333], [17.122285166666664, 78.42762616666667], [17.122286666666664, 78.4276255], [17.122288333333334, 78.42762483333333], [17.12229, 78.42762416666666], [17.122291333333333, 78.4276235], [17.122292666666667, 78.42762283333333], [17.122294, 78.42762233333333], [17.122295333333334, 78.42762166666667], [17.122296, 78.42762116666667], [17.122297166666666, 78.4276205], [17.122298, 78.42761999999999], [17.122299166666668, 78.4276195], [17.1222995, 78.42761883333333], [17.12230033333333, 78.42761833333334], [17.122301, 78.427618], [17.12230183333333, 78.42761733333333], [17.122302166666667, 78.42761683333333], [17.122302833333332, 78.42761633333333], [17.122304166666666, 78.42761583333332], [17.122305833333332, 78.427615], [17.122308666666665, 78.42761399999999], [17.122312833333336, 78.42761283333333], [17.12231866666667, 78.42761116666667], [17.122325999999997, 78.42760916666666], [17.12233416666667, 78.42760700000001], [17.12234266666667, 78.42760466666667], [17.122352, 78.42760216666667], [17.122361166666668, 78.42759966666668], [17.122370333333333, 78.427597], [17.12238016666667, 78.42759433333335], [17.122389666666667, 78.42759166666666], [17.122398999999998, 78.427589], [17.12240866666667, 78.42758616666667], [17.122418333333332, 78.42758350000001], [17.122427833333333, 78.42758083333334], [17.122437166666668, 78.42757816666668], [17.122446500000002, 78.42757533333334], [17.122455833333333, 78.42757266666668], [17.122465166666665, 78.42757], [17.122475166666668, 78.42756716666666], [17.12248483333333, 78.42756433333334], [17.122495, 78.42756166666666], [17.122504666666668, 78.42755883333332], [17.122514333333335, 78.42755600000001], [17.122523833333332, 78.42755316666667], [17.122533999999998, 78.42755050000001], [17.1225435, 78.42754766666667], [17.122553, 78.427545], [17.122562666666667, 78.42754216666667], [17.122572333333334, 78.4275395], [17.122582166666668, 78.427537], [17.122591833333335, 78.42753466666666], [17.122601333333332, 78.42753233333333], [17.122611, 78.42753033333334], [17.1226205, 78.42752816666666], [17.1226305, 78.42752633333333], [17.12264083333333, 78.42752449999999], [17.122651166666667, 78.42752283333333], [17.122662666666667, 78.42752116666666], [17.122674333333336, 78.42751966666667], [17.122685833333332, 78.42751816666667], [17.122698, 78.42751683333333], [17.12270983333333, 78.42751566666668], [17.1227215, 78.42751466666667], [17.122733166666666, 78.427514], [17.122745000000002, 78.42751333333334], [17.122756833333334, 78.42751283333334], [17.1227685, 78.42751266666667], [17.122779833333333, 78.42751266666667], [17.122790833333333, 78.42751283333334], [17.122801166666665, 78.42751316666666], [17.12281116666667, 78.42751366666667], [17.122820666666666, 78.42751466666667], [17.122829833333334, 78.42751566666668], [17.122838666666667, 78.42751683333333], [17.122847666666665, 78.42751799999999], [17.12285616666667, 78.4275195], [17.1228645, 78.42752116666666], [17.122872833333336, 78.42752283333333], [17.122880833333333, 78.42752466666667], [17.1228885, 78.42752650000001], [17.122895833333335, 78.42752833333334], [17.122903166666667, 78.42753033333334], [17.1229095, 78.42753250000001], [17.122916166666666, 78.42753466666666], [17.12292216666667, 78.42753683333333], [17.122928833333333, 78.42753933333333], [17.122935, 78.42754183333334], [17.122942000000002, 78.42754450000001], [17.122949666666667, 78.42754733333332], [17.122957166666666, 78.42755016666666], [17.122965, 78.427553], [17.122973, 78.42755583333333], [17.122981166666666, 78.42755883333332], [17.122989, 78.42756166666666], [17.122997, 78.4275645], [17.123005166666665, 78.42756733333334], [17.123012666666668, 78.42757016666665], [17.123020333333333, 78.42757283333334], [17.1230285, 78.42757566666667], [17.123036333333335, 78.4275785], [17.123044, 78.4275815], [17.123051999999998, 78.42758433333333], [17.12306016666667, 78.42758716666667], [17.123068, 78.42759], [17.123076166666667, 78.42759283333334], [17.12308416666667, 78.42759566666668], [17.123092166666666, 78.4275985], [17.1231005, 78.42760133333333], [17.1231085, 78.42760433333333], [17.12311683333333, 78.42760716666666], [17.123125, 78.42761], [17.12313333333333, 78.42761300000001], [17.12314183333333, 78.42761583333332], [17.12315016666667, 78.42761866666666], [17.123158333333333, 78.4276215], [17.123167000000002, 78.42762433333334], [17.1231755, 78.42762716666667], [17.123183833333332, 78.42763], [17.123192500000002, 78.42763283333333], [17.123200999999998, 78.42763566666666], [17.123209666666664, 78.4276385], [17.123218166666668, 78.42764133333334], [17.123226666666667, 78.42764416666667], [17.1232355, 78.427647], [17.123243833333333, 78.42764983333333], [17.123252833333332, 78.42765266666667], [17.1232615, 78.4276555], [17.123270166666668, 78.42765816666666], [17.123278666666668, 78.427661], [17.123287666666666, 78.42766383333333], [17.1232965, 78.42766666666667], [17.123305833333333, 78.42766933333334], [17.123314333333333, 78.427672], [17.123322833333336, 78.42767483333334], [17.123331, 78.4276775], [17.12333883333333, 78.42768016666668], [17.123346, 78.42768266666667], [17.123352, 78.42768516666666], [17.123357666666667, 78.42768766666667], [17.123362999999998, 78.42769016666666], [17.123367499999997, 78.42769266666666], [17.123371333333335, 78.42769533333333], [17.123374833333333, 78.42769799999999], [17.123378333333335, 78.42770066666667], [17.123380333333333, 78.4277035], [17.123382666666664, 78.42770633333333], [17.123384166666664, 78.42770916666667], [17.123385166666665, 78.427712], [17.123385666666664, 78.42771483333333], [17.123385499999998, 78.42771766666667], [17.1233845, 78.4277205], [17.1233835, 78.42772316666667], [17.123381833333333, 78.42772583333334], [17.123380333333333, 78.42772833333333], [17.1233785, 78.42773066666668], [17.123376666666665, 78.42773283333332], [17.123374833333333, 78.42773483333333], [17.123372833333335, 78.42773666666668], [17.123371333333335, 78.4277385], [17.123369833333335, 78.42774033333333], [17.12336816666667, 78.42774183333333], [17.1233665, 78.42774333333334], [17.123365, 78.42774466666667], [17.123363666666666, 78.427746], [17.123362166666666, 78.42774716666666], [17.123361, 78.42774816666666], [17.123359666666666, 78.42774933333334], [17.123358166666666, 78.42775016666666], [17.123357, 78.42775133333333], [17.123355833333335, 78.42775216666668], [17.123354333333335, 78.42775316666666], [17.123353, 78.42775416666667], [17.123351666666668, 78.42775499999999], [17.12335016666667, 78.42775583333334], [17.123348833333335, 78.4277565], [17.123347833333334, 78.42775733333333], [17.123346833333336, 78.427758], [17.123345333333337, 78.42775866666666], [17.123344, 78.42775950000001], [17.1233425, 78.42776016666667], [17.123341, 78.42776083333334], [17.123339833333333, 78.42776133333334], [17.1233385, 78.427762], [17.123336833333333, 78.42776266666667], [17.123335166666667, 78.42776333333333], [17.123334166666666, 78.42776383333333], [17.123332666666666, 78.42776433333333], [17.1233315, 78.427765], [17.123329833333333, 78.4277655], [17.1233285, 78.427766], [17.123327500000002, 78.4277665], [17.123326833333333, 78.42776699999999], [17.123326833333333, 78.42776766666665], [17.123327, 78.42776833333333], [17.123328666666666, 78.427769], [17.1233315, 78.42776950000001], [17.123334666666665, 78.42777016666668], [17.123337666666664, 78.42777083333334], [17.123342166666664, 78.42777116666666], [17.123346, 78.42777166666666], [17.123351500000002, 78.427772], [17.1233565, 78.42777233333332], [17.123362166666666, 78.42777266666667], [17.123367499999997, 78.42777283333334], [17.12337266666667, 78.42777299999999], [17.123377833333333, 78.42777299999999], [17.123383333333333, 78.42777283333334], [17.123389, 78.42777266666667], [17.123395833333333, 78.42777233333332], [17.123402666666667, 78.42777183333332], [17.123409666666664, 78.42777099999999], [17.123417, 78.42777016666668], [17.123424666666665, 78.42776916666666], [17.123433, 78.42776783333333], [17.123441333333336, 78.4277665], [17.123450166666665, 78.427765], [17.123458666666668, 78.42776333333333], [17.123467166666668, 78.4277615], [17.123475, 78.42775966666666], [17.123481666666667, 78.42775766666666], [17.123489, 78.4277555], [17.123496166666666, 78.42775333333334], [17.123502499999997, 78.427751], [17.1235085, 78.42774866666667], [17.1235145, 78.42774616666667], [17.123520833333334, 78.42774349999999], [17.123526833333337, 78.42774083333333], [17.123533000000002, 78.42773783333334], [17.123539666666666, 78.427735], [17.123546666666666, 78.42773183333334], [17.12355416666667, 78.42772883333333], [17.1235615, 78.42772599999999], [17.123569, 78.427723], [17.123576166666666, 78.42772016666666], [17.1235835, 78.4277175], [17.123590999999998, 78.42771516666667], [17.123598, 78.42771283333333], [17.123605666666666, 78.4277105], [17.123613499999998, 78.42770833333334], [17.12362166666667, 78.427706], [17.123630666666667, 78.42770399999999], [17.12363966666667, 78.42770183333333], [17.123649, 78.42769966666667], [17.123659333333332, 78.42769783333333], [17.123669666666668, 78.427696], [17.123679499999998, 78.42769433333333], [17.123689833333334, 78.427693], [17.123700666666664, 78.42769166666668], [17.123712166666667, 78.42769033333335], [17.123724, 78.42768933333333], [17.123736166666667, 78.42768833333334], [17.123748499999998, 78.42768733333334], [17.123761000000002, 78.42768633333334], [17.123773833333335, 78.42768566666668], [17.1237865, 78.42768500000001], [17.123799333333334, 78.4276845], [17.1238125, 78.427684], [17.123824666666668, 78.4276835], [17.1238365, 78.42768316666667], [17.12384816666667, 78.42768299999999], [17.123858666666667, 78.42768283333334], [17.1238685, 78.42768266666667], [17.123877166666666, 78.42768233333332], [17.12388616666667, 78.42768216666667], [17.123894333333332, 78.42768183333332], [17.1239015, 78.42768166666666], [17.123908833333335, 78.42768133333334], [17.123915, 78.42768116666666], [17.123921, 78.42768083333334], [17.123925999999997, 78.42768066666666], [17.123930499999997, 78.4276805], [17.123934833333333, 78.42768016666668], [17.123939, 78.42768], [17.123943, 78.42767966666666], [17.123946666666665, 78.42767950000001], [17.1239505, 78.42767916666666], [17.123954333333334, 78.427679], [17.1239575, 78.42767866666667], [17.1239605, 78.4276785], [17.12396366666667, 78.42767816666667], [17.123966333333332, 78.427678], [17.123969, 78.42767766666665], [17.123971666666666, 78.42767733333334], [17.123974333333333, 78.42767716666667], [17.123976666666668, 78.42767699999999], [17.12397866666667, 78.42767666666667], [17.123981, 78.42767633333332], [17.12398316666667, 78.427676], [17.123985166666667, 78.42767566666666], [17.123987166666666, 78.4276755], [17.123988999999998, 78.42767516666666], [17.123991166666666, 78.42767483333334], [17.123992833333332, 78.4276745], [17.123994333333332, 78.42767433333333], [17.123995999999998, 78.427674], [17.12399733333333, 78.42767366666666], [17.123998833333335, 78.42767350000001], [17.124000666666667, 78.42767316666666], [17.124002, 78.42767283333333], [17.124003166666668, 78.4276725], [17.124004333333335, 78.42767216666667], [17.1240055, 78.42767183333333], [17.1240065, 78.42767166666665], [17.124007666666667, 78.4276715], [17.1240085, 78.42767116666667], [17.124009333333333, 78.42767083333334], [17.124010166666668, 78.4276705], [17.124011166666666, 78.42767033333332], [17.124012, 78.42767016666667], [17.124012999999998, 78.42766983333333], [17.124013833333333, 78.42766950000001], [17.124014499999998, 78.42766933333334], [17.124015333333332, 78.427669], [17.124016166666667, 78.42766866666666], [17.124016833333332, 78.4276685], [17.124017666666667, 78.42766816666668], [17.124018333333332, 78.427668], [17.12401883333333, 78.42766766666666], [17.124019666666666, 78.42766733333333], [17.124020499999997, 78.427667], [17.124021000000003, 78.42766666666667], [17.124021333333335, 78.42766633333333], [17.12402216666667, 78.42766616666667], [17.124022833333335, 78.42766583333334], [17.124023166666667, 78.4276655], [17.1240235, 78.42766516666667], [17.124024333333335, 78.42766483333334], [17.124024666666667, 78.4276645], [17.124025, 78.42766433333333], [17.124025666666668, 78.42766400000001], [17.124026333333333, 78.42766366666666], [17.12402666666667, 78.42766333333334], [17.124027166666668, 78.427663], [17.124027666666667, 78.42766283333334], [17.124028333333335, 78.4276625], [17.124029, 78.42766216666668], [17.124029166666666, 78.42766183333333], [17.12402966666667, 78.42766150000001], [17.12403, 78.42766116666667], [17.124030166666667, 78.42766083333332], [17.124030333333334, 78.4276605], [17.124030333333334, 78.42766033333334], [17.124030833333332, 78.42766], [17.124031333333335, 78.42765966666666], [17.1240315, 78.42765933333334], [17.124031833333333, 78.42765899999999], [17.124032333333332, 78.42765883333333], [17.12403266666667, 78.4276585], [17.12403266666667, 78.42765800000001], [17.124033166666667, 78.42765783333333], [17.1240335, 78.4276575], [17.124033666666666, 78.42765716666666], [17.124033833333332, 78.42765683333333], [17.124034166666668, 78.42765666666666], [17.124034666666667, 78.42765633333333], [17.124034666666667, 78.427656], [17.124034833333333, 78.42765566666667], [17.12403533333333, 78.42765533333333], [17.12403533333333, 78.427655], [17.124035, 78.42765483333332], [17.124035166666665, 78.4276545], [17.12403533333333, 78.42765416666666], [17.12403533333333, 78.42765383333334], [17.124034833333333, 78.42765366666666], [17.124034833333333, 78.42765333333334], [17.124035, 78.42765299999999], [17.124034833333333, 78.42765266666667], [17.124033999999998, 78.42765250000001], [17.124033833333332, 78.42765216666666], [17.124033833333332, 78.42765183333333], [17.124033333333333, 78.4276515], [17.12403266666667, 78.42765133333334], [17.1240325, 78.427651], [17.124032333333332, 78.42765066666666], [17.124032, 78.42765033333333], [17.12403116666667, 78.42765016666667], [17.124030666666666, 78.42764983333333], [17.1240305, 78.4276495], [17.124030166666667, 78.42764933333333], [17.124029166666666, 78.42764916666667], [17.124028333333335, 78.42764883333332], [17.124028, 78.4276485], [17.1240275, 78.42764816666666], [17.124026833333335, 78.427648], [17.124025666666668, 78.42764766666666], [17.12402516666667, 78.42764733333334], [17.124024833333333, 78.427647], [17.12402416666667, 78.42764683333333], [17.124023, 78.42764666666667], [17.124022333333336, 78.42764616666666], [17.12402216666667, 78.42764583333333], [17.124021666666668, 78.42764566666666], [17.12402033333333, 78.4276455], [17.1240195, 78.42764516666666], [17.124019166666667, 78.42764466666667], [17.1240185, 78.4276445], [17.12401733333333, 78.42764433333333], [17.12401583333333, 78.427644], [17.1240155, 78.4276435], [17.124015166666666, 78.42764316666667], [17.124014, 78.427643], [17.124012666666665, 78.42764266666667], [17.124012, 78.42764233333334], [17.124011499999998, 78.427642], [17.1240105, 78.42764166666666], [17.124009833333332, 78.42764133333334], [17.124008833333335, 78.42764116666667], [17.124007833333334, 78.42764083333333], [17.124006833333333, 78.42764050000001], [17.124006166666668, 78.42764016666666], [17.124005166666667, 78.42763983333333], [17.12400416666667, 78.4276395], [17.124003833333333, 78.42763916666667], [17.12400266666667, 78.427639], [17.124001500000002, 78.42763866666665], [17.12400116666667, 78.4276385], [17.124000333333335, 78.42763816666667], [17.123999333333334, 78.42763783333334], [17.12399816666667, 78.4276375], [17.123997499999998, 78.42763716666667], [17.123996499999997, 78.427637], [17.123995666666666, 78.42763666666666], [17.1239945, 78.42763633333334], [17.123993666666667, 78.42763599999999], [17.123992833333332, 78.42763583333334], [17.12399183333333, 78.4276355], [17.123990833333334, 78.42763516666668], [17.123989833333333, 78.42763483333333], [17.123988833333332, 78.42763450000001], [17.123988, 78.42763433333333], [17.123987, 78.427634], [17.123986, 78.42763366666667], [17.12398466666667, 78.42763333333333], [17.123984, 78.42763316666667], [17.123983, 78.42763283333333], [17.123981833333335, 78.4276325], [17.123980833333334, 78.42763233333334], [17.123979833333333, 78.42763199999999], [17.123978833333336, 78.42763166666667], [17.12397766666667, 78.42763133333332], [17.123976666666668, 78.42763116666667], [17.123975833333336, 78.42763083333332], [17.123974999999998, 78.4276305], [17.123973666666664, 78.42763016666666], [17.123972666666667, 78.42762983333334], [17.1239715, 78.42762966666666], [17.123970333333332, 78.42762916666668], [17.12396933333333, 78.427629], [17.123968166666668, 78.42762866666666], [17.123967, 78.42762833333333], [17.123966, 78.427628], [17.123964666666666, 78.42762766666667], [17.1239635, 78.4276275], [17.1239625, 78.42762716666667], [17.123961833333333, 78.427627], [17.123960833333335, 78.42762666666665], [17.12395916666667, 78.42762633333334], [17.123958000000002, 78.42762599999999], [17.123957333333333, 78.42762566666667], [17.123956333333336, 78.4276255], [17.123954833333336, 78.42762516666667], [17.123953333333336, 78.42762483333333], [17.123952499999998, 78.42762450000001], [17.123951666666667, 78.42762416666666], [17.123950833333332, 78.427624], [17.123949333333332, 78.42762383333334], [17.12394833333333, 78.4276235], [17.123947166666667, 78.42762316666668], [17.123946166666666, 78.427623], [17.12394533333333, 78.42762283333333], [17.123943999999998, 78.42762250000001], [17.123942833333334, 78.42762216666667], [17.123942166666666, 78.427622], [17.12394116666667, 78.42762166666667], [17.123939833333335, 78.4276215], [17.123939, 78.42762116666667], [17.123938, 78.42762083333334], [17.123936833333335, 78.42762066666666], [17.123935666666668, 78.4276205], [17.1239345, 78.42762016666667], [17.1239335, 78.42761999999999], [17.123932333333336, 78.42761966666667], [17.123931333333335, 78.4276195], [17.123929999999998, 78.42761916666667], [17.123928666666664, 78.427619], [17.123927666666667, 78.42761866666666], [17.123926666666666, 78.42761850000001], [17.123925166666666, 78.42761816666666], [17.123923833333333, 78.427618], [17.123922666666665, 78.42761766666666], [17.123921833333334, 78.42761733333333], [17.1239205, 78.42761716666668], [17.123919333333333, 78.42761683333333], [17.123918333333332, 78.42761666666667], [17.123917333333335, 78.42761633333333], [17.123916, 78.427616], [17.1239145, 78.42761583333332], [17.123913666666667, 78.4276155], [17.12391266666667, 78.42761533333334], [17.123911666666668, 78.427615], [17.123910333333335, 78.42761483333334], [17.123909166666667, 78.42761449999999], [17.123908500000002, 78.42761433333334], [17.123907499999998, 78.42761399999999], [17.123906166666664, 78.42761383333333], [17.123904666666665, 78.4276135], [17.123903666666667, 78.42761333333333], [17.123902833333332, 78.42761300000001], [17.1239015, 78.42761283333333], [17.123899666666667, 78.4276125], [17.12389883333333, 78.42761233333334], [17.123898, 78.427612], [17.123896666666667, 78.42761183333333], [17.123895333333333, 78.4276115], [17.123894166666666, 78.42761116666667], [17.12389316666667, 78.427611], [17.123892166666668, 78.42761083333333], [17.123890833333334, 78.4276105], [17.123889333333334, 78.42761033333333], [17.123888333333333, 78.42761], [17.12388766666667, 78.42760983333332], [17.123886333333335, 78.4276095], [17.123884666666665, 78.42760933333334], [17.123883499999998, 78.427609], [17.123882666666667, 78.42760883333334], [17.123881833333332, 78.42760866666666], [17.123880166666666, 78.42760833333334], [17.1238785, 78.42760799999999], [17.123877666666665, 78.42760783333333], [17.123876499999998, 78.42760766666667], [17.123875333333334, 78.42760750000001], [17.123873833333334, 78.42760700000001], [17.123872666666667, 78.42760683333333], [17.1238715, 78.4276065], [17.12387066666667, 78.42760633333334], [17.123869, 78.427606], [17.123868, 78.42760583333333], [17.123867, 78.4276055], [17.123865833333333, 78.42760533333333], [17.123864333333334, 78.427605], [17.123863333333336, 78.42760483333333], [17.123862499999998, 78.4276045], [17.123861499999997, 78.42760433333333], [17.1238605, 78.42760416666667], [17.123859166666666, 78.42760383333332], [17.123858166666665, 78.4276035], [17.123857333333333, 78.42760333333334], [17.123856166666666, 78.427603], [17.123854666666666, 78.42760283333334], [17.1238535, 78.42760249999999], [17.123852833333334, 78.42760216666667], [17.123851666666667, 78.427602], [17.123850333333333, 78.42760183333333], [17.123849333333332, 78.42760150000001], [17.123848333333335, 78.42760133333333], [17.123847666666666, 78.42760100000001], [17.123846166666667, 78.42760083333333], [17.123845, 78.4276005], [17.123844166666668, 78.42760016666666], [17.123843166666667, 78.4276], [17.123841666666667, 78.42759966666668], [17.123840166666664, 78.4275995], [17.123839333333333, 78.42759916666667], [17.123838666666664, 78.427599], [17.12383733333333, 78.42759883333333], [17.123836166666667, 78.42759866666667], [17.123834833333333, 78.42759833333334], [17.1238335, 78.42759816666667], [17.1238325, 78.427598], [17.12383133333333, 78.42759783333332], [17.123830333333334, 78.4275975], [17.123829166666667, 78.42759733333334], [17.123828, 78.427597], [17.123827000000002, 78.42759683333334], [17.12382566666667, 78.42759666666667], [17.123824666666668, 78.42759649999999], [17.123823833333333, 78.42759616666667], [17.123822500000003, 78.427596], [17.12382116666667, 78.42759583333333], [17.1238205, 78.42759566666668], [17.123819166666667, 78.42759533333333], [17.12381783333333, 78.42759516666666], [17.123816833333333, 78.42759500000001], [17.12381583333333, 78.42759483333333], [17.123814333333332, 78.4275945], [17.12381333333333, 78.42759433333335], [17.123812833333332, 78.42759416666667], [17.1238115, 78.42759383333333], [17.12381033333333, 78.42759383333333], [17.123809, 78.4275935], [17.123808333333333, 78.42759333333333], [17.123807333333332, 78.42759316666667], [17.123806333333334, 78.42759299999999], [17.123805166666667, 78.42759266666667], [17.123804, 78.4275925], [17.123803000000002, 78.42759216666667], [17.123802, 78.42759216666667], [17.123800666666668, 78.427592], [17.123799333333334, 78.42759166666666], [17.123798166666667, 78.42759133333334], [17.123797333333336, 78.42759116666666], [17.12379616666667, 78.42759099999999], [17.123794666666665, 78.42759066666667], [17.123793666666664, 78.4275905], [17.123792666666667, 78.42759033333333], [17.123791166666667, 78.42759], [17.123789833333333, 78.42758983333333], [17.123789, 78.42758966666666], [17.123788, 78.42758933333333], [17.123786833333334, 78.42758916666666], [17.123785333333334, 78.427589], [17.123784333333333, 78.42758866666667], [17.123783500000002, 78.4275885], [17.123782333333335, 78.42758833333333], [17.123781, 78.42758816666667], [17.12378, 78.42758783333333], [17.123778666666666, 78.42758766666667], [17.123777833333335, 78.4275875], [17.123776666666668, 78.42758733333334], [17.1237755, 78.42758716666667], [17.123774500000003, 78.42758683333334], [17.123773333333336, 78.42758666666667], [17.12377233333333, 78.4275865], [17.12377133333333, 78.42758633333332], [17.123770666666665, 78.42758616666667], [17.12377, 78.427586], [17.123769166666666, 78.42758566666666], [17.123768166666665, 78.4275855], [17.1237675, 78.42758533333334], [17.12376683333333, 78.42758516666666], [17.123766, 78.42758483333334], [17.123765, 78.42758466666668], [17.123764333333334, 78.4275845], [17.1237635, 78.42758433333333], [17.123763, 78.427584], [17.1237625, 78.42758383333333], [17.123762, 78.42758366666666], [17.123761333333334, 78.42758350000001], [17.1237605, 78.42758316666666], [17.123759833333335, 78.427583], [17.123759500000002, 78.42758283333333], [17.123758833333333, 78.42758266666667], [17.12375816666667, 78.42758233333333], [17.123757833333332, 78.42758216666667], [17.123757166666667, 78.42758183333333], [17.123756166666666, 78.42758166666667], [17.123755666666668, 78.4275815], [17.1237555, 78.42758133333334], [17.123755000000003, 78.42758116666667], [17.123754333333334, 78.42758083333334], [17.123753833333335, 78.42758066666667], [17.123753333333333, 78.4275805], [17.123753, 78.42758033333332], [17.123752333333336, 78.42758016666667], [17.123751666666667, 78.42758], [17.12375116666667, 78.42757983333333], [17.123750500000003, 78.42757966666666], [17.123749999999998, 78.42757933333334], [17.123749666666665, 78.42757916666666], [17.123749166666666, 78.427579], [17.123749, 78.42757883333334], [17.123748499999998, 78.42757866666668], [17.123748499999998, 78.4275785], [17.123748166666665, 78.42757833333333], [17.1237475, 78.42757816666668], [17.123746833333332, 78.42757783333333], [17.1237465, 78.42757783333333], [17.12374583333333, 78.42757766666666], [17.123745166666666, 78.42757750000001], [17.12374433333333, 78.42757733333333], [17.123743666666666, 78.42757716666667], [17.123743, 78.427577], [17.123742333333333, 78.42757683333333], [17.1237415, 78.42757666666667], [17.123740833333333, 78.42757666666667], [17.123740166666668, 78.4275765], [17.123739333333333, 78.42757633333333], [17.123738833333334, 78.42757616666667], [17.123738333333332, 78.427576], [17.123737666666667, 78.42757583333334], [17.123737000000002, 78.42757566666667], [17.123736166666667, 78.4275755], [17.123735833333335, 78.42757533333334], [17.123735166666666, 78.42757516666667], [17.123734666666667, 78.42757499999999], [17.123733833333333, 78.42757483333334], [17.1237335, 78.42757466666667], [17.123733166666668, 78.4275745], [17.123732500000003, 78.42757433333333], [17.123731833333334, 78.42757416666667], [17.123731666666668, 78.42757416666667], [17.123730833333333, 78.42757383333333], [17.123730166666668, 78.42757366666666], [17.123729833333336, 78.42757350000001], [17.123729333333333, 78.42757350000001], [17.123728500000002, 78.42757316666666], [17.123727666666664, 78.427573], [17.12372733333333, 78.42757283333334], [17.123726666666666, 78.42757266666668], [17.12372583333333, 78.42757266666668], [17.123725333333333, 78.42757233333333], [17.123724499999998, 78.42757216666668], [17.123724, 78.42757216666668], [17.1237235, 78.427572], [17.123722833333332, 78.42757183333333], [17.123722, 78.42757166666667], [17.123721166666666, 78.42757150000001], [17.123720666666667, 78.42757133333333], [17.123719833333332, 78.42757116666667], [17.123719, 78.427571], [17.123718166666666, 78.42757083333332], [17.1237175, 78.42757066666667], [17.123716833333333, 78.4275705], [17.123716166666668, 78.42757033333334], [17.123715333333333, 78.42757016666665], [17.123714833333334, 78.42757], [17.123714166666666, 78.42756983333334], [17.1237135, 78.42756966666667], [17.123713000000002, 78.42756949999999], [17.123712333333334, 78.42756933333334], [17.123711500000002, 78.42756916666667], [17.123710833333334, 78.42756899999999], [17.12371016666667, 78.42756883333332], [17.1237095, 78.42756866666667], [17.123708833333335, 78.4275685], [17.123708333333333, 78.42756833333333], [17.123707500000002, 78.42756833333333], [17.123706666666667, 78.42756816666666], [17.123706000000002, 78.42756783333333], [17.12370533333333, 78.42756766666666], [17.1237045, 78.42756766666666], [17.123703499999998, 78.4275675], [17.123702833333333, 78.42756716666666], [17.123701999999998, 78.427567], [17.123701333333333, 78.42756683333333], [17.123700499999998, 78.42756683333333], [17.123699666666667, 78.4275665], [17.123698833333332, 78.42756633333333], [17.123698333333333, 78.42756616666667], [17.123697333333332, 78.427566], [17.1236965, 78.42756583333333], [17.123695666666666, 78.42756566666667], [17.123695, 78.4275655], [17.123694, 78.42756533333333], [17.123693, 78.42756516666667], [17.123692166666668, 78.427565], [17.123691333333333, 78.42756483333332], [17.12369066666667, 78.42756466666667], [17.123689666666667, 78.42756433333334], [17.123688833333333, 78.42756416666666], [17.123688, 78.427564], [17.123687166666667, 78.42756383333334], [17.1236865, 78.42756366666667], [17.123685666666667, 78.42756349999999], [17.12368466666667, 78.42756316666667], [17.123683833333335, 78.42756299999999], [17.123683000000003, 78.42756283333333], [17.12368233333333, 78.42756266666667], [17.1236815, 78.42756250000001], [17.123680333333333, 78.42756233333333], [17.123679499999998, 78.42756216666666], [17.123678833333333, 78.42756183333333], [17.123677833333332, 78.42756166666666], [17.123677, 78.4275615], [17.123676, 78.42756133333334], [17.12367533333333, 78.42756116666666], [17.123674333333334, 78.427561], [17.123673166666666, 78.42756083333333], [17.1236725, 78.4275605], [17.1236715, 78.42756033333333], [17.123670333333333, 78.42756016666667], [17.123669500000002, 78.42756], [17.1236685, 78.42755966666667], [17.123667333333334, 78.4275595], [17.123666500000002, 78.42755933333333], [17.1236655, 78.42755916666667], [17.123664666666667, 78.427559], [17.12366366666667, 78.42755866666667], [17.123662833333334, 78.42755866666667], [17.123662000000003, 78.4275585], [17.123660833333336, 78.42755816666666], [17.123659666666665, 78.427558], [17.123659, 78.42755783333334], [17.123658, 78.42755766666667], [17.123656666666665, 78.42755733333334], [17.123655666666664, 78.42755716666667], [17.123654833333333, 78.427557], [17.123654166666665, 78.42755683333333], [17.12365283333333, 78.42755666666667], [17.1236515, 78.42755633333333], [17.123650833333333, 78.42755616666666], [17.12365, 78.42755600000001], [17.123648666666668, 78.42755566666666], [17.123647000000002, 78.4275555], [17.12364566666667, 78.427555], [17.123644666666667, 78.42755466666668], [17.123642333333333, 78.42755416666667], [17.123640166666668, 78.42755366666667], [17.12363783333333, 78.42755316666667], [17.1236355, 78.42755266666667], [17.1236325, 78.42755233333334], [17.123629, 78.42755183333334], [17.1236265, 78.42755149999999], [17.123623833333333, 78.42755133333334], [17.12362166666667, 78.42755116666667], [17.123618166666667, 78.42755083333333], [17.123615500000003, 78.42755066666668], [17.12361333333333, 78.42755050000001], [17.12361083333333, 78.42755016666666], [17.123608333333333, 78.42755000000001], [17.123605833333333, 78.42755000000001], [17.12360333333333, 78.42754983333333], [17.123601, 78.42754966666666], [17.123598666666666, 78.4275495], [17.1235965, 78.4275495], [17.123594333333333, 78.42754933333335], [17.123592, 78.42754933333335], [17.123589666666664, 78.42754916666667], [17.123587333333333, 78.427549], [17.123584666666666, 78.427549], [17.12358233333333, 78.42754883333333], [17.12358, 78.42754883333333], [17.123577333333333, 78.42754866666668], [17.123574833333333, 78.42754866666668], [17.123571833333333, 78.4275485], [17.123569, 78.4275485], [17.123565833333334, 78.4275485], [17.123563, 78.42754833333333], [17.12356, 78.42754833333333], [17.123557166666668, 78.42754833333333], [17.123554333333335, 78.42754816666667], [17.123552, 78.42754816666667], [17.123549333333337, 78.42754816666667], [17.1235465, 78.42754816666667], [17.123544, 78.42754799999999], [17.123541666666664, 78.42754783333334], [17.123539333333333, 78.42754783333334], [17.123537, 78.42754783333334], [17.123534333333335, 78.42754783333334], [17.123532, 78.42754766666667], [17.123529833333336, 78.4275475], [17.1235275, 78.42754733333332], [17.123525500000003, 78.42754716666667], [17.12352333333333, 78.427547], [17.1235215, 78.42754683333332], [17.1235195, 78.42754666666666], [17.123517833333334, 78.42754666666666], [17.123516, 78.42754666666666], [17.123514166666666, 78.42754666666666], [17.123512, 78.4275465], [17.12351, 78.42754666666666], [17.123508166666667, 78.4275465], [17.1235065, 78.42754666666666], [17.123504833333335, 78.42754666666666], [17.12350316666667, 78.42754666666666], [17.1235015, 78.42754666666666], [17.123499833333334, 78.42754666666666], [17.1234985, 78.42754666666666], [17.123496833333334, 78.42754683333332], [17.123495333333334, 78.42754683333332], [17.1234935, 78.42754683333332], [17.123492, 78.42754683333332], [17.1234905, 78.42754683333332], [17.123489166666666, 78.42754683333332], [17.123487666666666, 78.42754683333332], [17.123486166666666, 78.427547], [17.1234845, 78.42754683333332], [17.123483, 78.42754683333332], [17.1234815, 78.42754683333332], [17.12347983333333, 78.42754683333332], [17.123478, 78.42754683333332], [17.1234765, 78.42754683333332], [17.123474666666667, 78.42754683333332], [17.123473, 78.42754683333332], [17.123471333333335, 78.42754683333332], [17.123469833333335, 78.42754683333332], [17.123468333333335, 78.42754683333332], [17.123467, 78.42754683333332], [17.123465500000002, 78.427547], [17.123464000000002, 78.427547], [17.12346266666667, 78.427547], [17.123461333333335, 78.427547], [17.12345966666667, 78.427547], [17.123458333333335, 78.42754683333332], [17.12345733333333, 78.42754683333332], [17.123455666666665, 78.42754666666666], [17.123454166666665, 78.4275465], [17.123453333333334, 78.4275465], [17.12345283333333, 78.42754666666666], [17.123451666666664, 78.42754683333332], [17.1234505, 78.427547], [17.123450333333334, 78.42754716666667], [17.123449833333332, 78.4275475], [17.123449333333333, 78.42754766666667], [17.123449, 78.42754799999999], [17.123448666666665, 78.4275485], [17.1234485, 78.42754883333333], [17.1234485, 78.42754916666667], [17.123448166666666, 78.4275495], [17.123447666666667, 78.42754983333333], [17.123447166666665, 78.42755016666666], [17.123447166666665, 78.42755050000001], [17.123447166666665, 78.42755066666668], [17.1234465, 78.427551], [17.123445833333335, 78.42755116666667], [17.123445333333333, 78.42755149999999], [17.123445, 78.42755166666667], [17.123444166666665, 78.42755183333334], [17.123442666666666, 78.42755233333334], [17.1234405, 78.42755283333332], [17.123438, 78.42755333333334], [17.123435500000003, 78.42755366666667], [17.123432333333334, 78.42755416666667], [17.12342883333333, 78.4275545], [17.123425166666667, 78.42755466666668], [17.123421833333335, 78.42755483333333], [17.123418333333333, 78.427555], [17.1234155, 78.42755516666666], [17.123412666666663, 78.42755516666666], [17.123409499999998, 78.42755516666666], [17.123407166666667, 78.42755516666666], [17.123404333333333, 78.42755516666666], [17.123402, 78.42755516666666], [17.123399666666668, 78.42755533333334], [17.1233975, 78.42755533333334], [17.12339516666667, 78.42755533333334], [17.123393, 78.42755533333334], [17.12339066666667, 78.42755533333334], [17.123388499999997, 78.4275555], [17.123386666666665, 78.4275555], [17.123384666666666, 78.4275555], [17.123382833333334, 78.42755566666666], [17.123381, 78.42755583333333], [17.1233795, 78.42755583333333], [17.123377666666666, 78.42755600000001], [17.123375833333334, 78.42755600000001], [17.123373833333336, 78.42755616666666], [17.123371833333334, 78.42755616666666], [17.12337, 78.42755616666666], [17.123368000000003, 78.42755633333333], [17.123365999999997, 78.42755633333333], [17.123363666666666, 78.42755633333333], [17.123361833333334, 78.42755650000001], [17.1233595, 78.42755650000001], [17.1233575, 78.42755650000001], [17.1233555, 78.42755650000001], [17.1233535, 78.42755650000001], [17.123351333333336, 78.42755650000001], [17.1233495, 78.42755650000001], [17.123347666666668, 78.42755650000001], [17.123345833333335, 78.42755650000001], [17.123343833333333, 78.42755650000001], [17.123342333333333, 78.42755650000001], [17.123340666666664, 78.42755650000001], [17.123339666666666, 78.42755650000001], [17.123338166666667, 78.42755633333333], [17.123336833333333, 78.42755650000001], [17.123335833333332, 78.42755650000001], [17.123334833333335, 78.42755633333333], [17.123333666666667, 78.42755650000001], [17.123332833333333, 78.42755650000001], [17.123332, 78.42755650000001], [17.123331333333333, 78.42755650000001], [17.123330166666666, 78.42755666666667], [17.123329166666668, 78.42755666666667], [17.123328333333333, 78.42755650000001], [17.123327333333336, 78.42755650000001], [17.123326000000002, 78.42755666666667], [17.123324833333335, 78.42755650000001], [17.123324, 78.42755650000001], [17.123323000000003, 78.42755650000001], [17.123321833333332, 78.42755666666667], [17.12332083333333, 78.42755666666667], [17.12332, 78.42755666666667], [17.12331933333333, 78.42755666666667], [17.123318666666666, 78.42755683333333], [17.123317999999998, 78.42755683333333], [17.123317166666666, 78.42755683333333], [17.123316499999998, 78.427557], [17.123315833333333, 78.427557], [17.123314999999998, 78.42755716666667], [17.123314166666667, 78.42755716666667], [17.123313, 78.427557], [17.123312166666665, 78.427557], [17.123311333333334, 78.427557], [17.123310333333333, 78.427557], [17.123309166666665, 78.427557], [17.123308666666667, 78.427557], [17.123307666666665, 78.42755683333333], [17.1233065, 78.42755683333333], [17.12330516666667, 78.42755666666667], [17.123303833333335, 78.42755666666667], [17.123302666666667, 78.42755650000001], [17.12330066666667, 78.42755633333333], [17.123298666666667, 78.42755616666666], [17.123296666666665, 78.42755600000001], [17.123294333333334, 78.42755600000001], [17.123292333333332, 78.42755566666666], [17.1232905, 78.42755566666666], [17.123288666666667, 78.4275555], [17.12328666666667, 78.42755533333334], [17.123284833333333, 78.42755516666666], [17.123283, 78.42755516666666], [17.12328116666667, 78.427555], [17.123279, 78.42755483333333], [17.123277499999997, 78.42755466666668], [17.12327583333333, 78.4275545], [17.12327433333333, 78.4275545], [17.123272999999998, 78.4275545], [17.123272, 78.4275545], [17.12327133333333, 78.42755483333333], [17.123271166666665, 78.42755516666666], [17.123270166666668, 78.4275555], [17.123271, 78.42755583333333], [17.123271166666665, 78.42755600000001], [17.123272166666666, 78.42755633333333], [17.1232725, 78.42755650000001], [17.123273333333334, 78.42755650000001], [17.123273333333334, 78.42755650000001], [17.123272999999998, 78.42755633333333], [17.1232725, 78.42755633333333], [17.123271833333334, 78.42755616666666], [17.123270833333333, 78.42755616666666], [17.123269666666666, 78.42755600000001], [17.123268333333332, 78.42755600000001], [17.123267, 78.42755600000001], [17.12326566666667, 78.42755583333333], [17.123264333333335, 78.42755583333333], [17.12326266666667, 78.42755583333333], [17.123260833333333, 78.42755583333333], [17.123259, 78.42755566666666], [17.1232575, 78.42755566666666], [17.123255833333335, 78.42755566666666], [17.123254166666666, 78.4275555], [17.123252333333333, 78.4275555], [17.123250499999997, 78.42755533333334], [17.123248666666665, 78.42755533333334], [17.123247, 78.42755533333334], [17.123245666666666, 78.42755516666666], [17.123244333333332, 78.42755516666666], [17.1232435, 78.427555], [17.123243, 78.427555], [17.123243333333335, 78.427555], [17.123244333333332, 78.427555], [17.123245, 78.42755483333333], [17.123246166666668, 78.42755466666668], [17.12324733333333, 78.42755433333333], [17.12324883333333, 78.427554], [17.123250666666667, 78.42755383333333], [17.123251999999997, 78.4275535], [17.123252833333332, 78.42755316666667], [17.123253833333333, 78.42755266666667], [17.123253833333333, 78.42755233333334], [17.123253666666667, 78.42755216666666], [17.123253499999997, 78.427552], [17.123253666666667, 78.42755183333334], [17.123253833333333, 78.42755166666667], [17.123254, 78.42755149999999], [17.123253833333333, 78.42755133333334], [17.123254166666666, 78.42755116666667], [17.123254499999998, 78.427551], [17.123254499999998, 78.427551], [17.123254333333332, 78.427551], [17.123254333333332, 78.427551], [17.12325483333333, 78.42755116666667], [17.123255500000003, 78.42755133333334], [17.12325666666667, 78.42755166666667], [17.1232575, 78.42755183333334], [17.123258500000002, 78.42755233333334], [17.123260166666668, 78.42755266666667], [17.123261666666668, 78.42755316666667], [17.123262833333335, 78.4275535], [17.123263666666666, 78.427554], [17.123264333333335, 78.4275545], [17.123264666666667, 78.427555], [17.123264666666667, 78.4275555], [17.123264333333335, 78.42755600000001], [17.123263833333333, 78.42755633333333], [17.123263166666668, 78.42755683333333], [17.123262333333333, 78.42755716666667], [17.123261333333335, 78.42755749999999], [17.123260000000002, 78.42755783333334], [17.123258833333335, 78.42755816666666], [17.123257833333334, 78.42755833333334], [17.12325716666667, 78.4275585], [17.123256, 78.42755883333332], [17.123255333333336, 78.427559], [17.123254499999998, 78.42755916666667], [17.123253666666667, 78.42755933333333], [17.123253, 78.4275595], [17.1232525, 78.42755966666667], [17.123252166666667, 78.42755983333333], [17.123251666666665, 78.42755983333333], [17.123251333333332, 78.42756], [17.12325183333333, 78.42756033333333], [17.123252333333333, 78.4275605], [17.123252666666666, 78.42756083333333], [17.12325333333333, 78.427561], [17.123253833333333, 78.4275615], [17.123254333333332, 78.42756183333333], [17.123254666666664, 78.42756216666666], [17.12325483333333, 78.42756233333333], [17.12325483333333, 78.42756266666667], [17.123254666666664, 78.42756316666667], [17.123254666666664, 78.42756333333334], [17.12325483333333, 78.42756366666667], [17.123254499999998, 78.427564], [17.123253666666667, 78.4275645], [17.12325333333333, 78.42756483333332], [17.123252833333332, 78.42756516666667], [17.123252333333333, 78.4275655], [17.12325183333333, 78.42756583333333], [17.123251666666665, 78.42756616666667], [17.123250833333334, 78.4275665], [17.123250666666667, 78.42756683333333], [17.123250666666667, 78.42756716666666], [17.123249666666666, 78.4275675], [17.12324883333333, 78.42756783333333], [17.123247499999998, 78.42756816666666], [17.123246333333334, 78.4275685], [17.123245833333332, 78.42756883333332], [17.123245, 78.42756916666667], [17.123244333333332, 78.42756949999999], [17.1232435, 78.42756983333334], [17.123243333333335, 78.42757033333334], [17.1232435, 78.42757066666667], [17.123243833333333, 78.42757083333332], [17.123243666666667, 78.42757116666667], [17.123243, 78.42757150000001], [17.12324316666667, 78.42757183333333], [17.1232435, 78.427572], [17.123243666666667, 78.42757233333333], [17.123243666666667, 78.4275725], [17.123243333333335, 78.42757283333334], [17.1232435, 78.42757316666666], [17.12324316666667, 78.42757333333334], [17.12324316666667, 78.42757350000001], [17.12324316666667, 78.42757383333333], [17.123242666666666, 78.427574], [17.123242166666667, 78.42757416666667], [17.123242166666667, 78.4275745], [17.12324166666667, 78.42757466666667], [17.123241166666666, 78.42757483333334], [17.123241, 78.42757516666667], [17.1232405, 78.42757533333334], [17.12324, 78.4275755], [17.123239333333334, 78.42757566666667], [17.123238833333335, 78.42757583333334], [17.123238166666667, 78.427576], [17.123238, 78.427576], [17.123237666666668, 78.42757616666667], [17.123237, 78.42757633333333], [17.123236333333335, 78.4275765], [17.12323616666667, 78.4275765], [17.123236333333335, 78.4275765], [17.12323616666667, 78.4275765], [17.123235333333334, 78.42757666666667], [17.12323466666667, 78.42757666666667], [17.123234500000002, 78.42757683333333], [17.12323416666667, 78.42757683333333], [17.123233833333334, 78.427577], [17.1232335, 78.427577], [17.123233000000003, 78.42757716666667], [17.123232499999997, 78.42757716666667], [17.123231999999998, 78.42757716666667], [17.123231333333333, 78.42757716666667], [17.123230333333332, 78.42757716666667], [17.123229499999997, 78.42757733333333], [17.123228666666666, 78.42757733333333], [17.123227999999997, 78.42757733333333], [17.123227, 78.42757733333333], [17.123226166666665, 78.42757750000001], [17.123225333333334, 78.42757766666666], [17.1232245, 78.42757766666666], [17.123223833333334, 78.42757766666666], [17.123223, 78.42757766666666], [17.123222166666668, 78.42757783333333], [17.123221, 78.42757783333333], [17.123220333333332, 78.42757783333333], [17.123219833333334, 78.42757783333333], [17.12321916666667, 78.42757783333333], [17.123218833333333, 78.42757783333333], [17.123218166666668, 78.42757783333333], [17.12321766666667, 78.42757783333333], [17.123217166666667, 78.42757783333333], [17.1232165, 78.42757783333333], [17.123216, 78.42757783333333], [17.1232155, 78.42757783333333], [17.123215000000002, 78.42757783333333], [17.123214166666667, 78.42757783333333], [17.12321366666667, 78.42757783333333], [17.123213, 78.42757783333333], [17.123212333333335, 78.42757783333333], [17.123211833333336, 78.42757783333333], [17.123211, 78.42757766666666], [17.12321016666667, 78.42757783333333], [17.12320933333333, 78.42757783333333], [17.123208499999997, 78.42757783333333], [17.123207833333332, 78.42757766666666], [17.12320683333333, 78.42757766666666], [17.123206166666666, 78.42757766666666], [17.12320533333333, 78.42757783333333], [17.123204333333334, 78.42757783333333], [17.1232035, 78.42757783333333], [17.123202666666668, 78.42757783333333], [17.123201833333333, 78.42757783333333], [17.123200833333332, 78.42757783333333], [17.123199666666668, 78.42757783333333], [17.123199, 78.42757783333333], [17.1231985, 78.42757783333333], [17.123197666666666, 78.427578], [17.12319666666667, 78.427578], [17.123195666666668, 78.427578], [17.123195, 78.42757816666668], [17.123194166666668, 78.42757816666668], [17.1231935, 78.42757816666668], [17.123192666666668, 78.42757816666668], [17.123191666666667, 78.42757816666668], [17.123190833333336, 78.42757816666668], [17.123189833333335, 78.42757816666668], [17.123189500000002, 78.427578], [17.12318916666667, 78.427578], [17.12318916666667, 78.42757783333333], [17.123189833333335, 78.42757750000001], [17.12319066666667, 78.42757716666667], [17.1231915, 78.42757683333333], [17.123192833333334, 78.42757633333333], [17.123194, 78.42757583333334], [17.1231945, 78.4275755], [17.123194666666667, 78.42757499999999], [17.12319516666667, 78.4275745], [17.123195333333335, 78.42757416666667], [17.123195666666668, 78.42757383333333], [17.123196166666666, 78.42757350000001], [17.12319666666667, 78.42757316666666], [17.123196833333335, 78.427573], [17.12319666666667, 78.42757266666668], [17.123196833333335, 78.4275725], [17.123197166666667, 78.42757216666668], [17.12319666666667, 78.427572], [17.123196833333335, 78.42757183333333], [17.1231965, 78.42757166666667], [17.12319666666667, 78.42757166666667], [17.123197, 78.42757166666667], [17.123198, 78.42757166666667], [17.1232, 78.42757183333333], [17.12320233333333, 78.42757216666668], [17.123204666666666, 78.4275725], [17.123206999999997, 78.427573], [17.123209666666664, 78.42757366666666], [17.123211833333336, 78.427574], [17.12321316666667, 78.4275745], [17.123214333333333, 78.42757499999999], [17.123214333333333, 78.42757566666667], [17.123214833333336, 78.42757616666667], [17.123214333333333, 78.42757666666667], [17.1232145, 78.427577], [17.123214166666667, 78.42757733333333], [17.12321366666667, 78.42757766666666], [17.12321316666667, 78.42757783333333], [17.123212666666667, 78.427578], [17.12321216666667, 78.42757816666668], [17.123211833333336, 78.42757833333333], [17.1232115, 78.42757833333333], [17.123211166666668, 78.4275785], [17.12321066666667, 78.4275785], [17.123210333333336, 78.42757866666668], [17.12321016666667, 78.42757866666668], [17.12321016666667, 78.42757883333334], [17.123209999999997, 78.427579], [17.123209666666664, 78.427579], [17.12320933333333, 78.42757916666666], [17.12320933333333, 78.42757933333334], [17.12320933333333, 78.42757950000001], [17.123209, 78.42757966666666], [17.123208166666664, 78.42758], [17.123207666666666, 78.42758033333332], [17.123207666666666, 78.4275805], [17.123206999999997, 78.42758083333334], [17.123206166666666, 78.42758116666667], [17.12320533333333, 78.4275815], [17.123204666666666, 78.42758166666667], [17.123203666666665, 78.42758183333333], [17.123203, 78.427582], [17.12320233333333, 78.42758233333333], [17.123200999999998, 78.4275825], [17.123200333333333, 78.4275825], [17.123199333333332, 78.42758266666667], [17.123198666666667, 78.42758283333333], [17.123198, 78.42758316666666], [17.123197666666666, 78.42758333333333], [17.123197833333332, 78.42758366666666], [17.123197833333332, 78.42758416666668], [17.12319816666667, 78.4275845], [17.123198666666667, 78.42758483333334], [17.123199, 78.42758533333334], [17.123199333333332, 78.42758583333332], [17.123199166666666, 78.42758616666667], [17.123199, 78.4275865], [17.123199166666666, 78.42758683333334], [17.123199, 78.42758716666667], [17.123199, 78.42758766666667], [17.123199, 78.42758783333333], [17.1231985, 78.42758816666667], [17.123197666666666, 78.4275885], [17.123197166666667, 78.42758883333333], [17.1231965, 78.42758933333333], [17.123196, 78.42758966666666], [17.1231955, 78.42759], [17.123194333333334, 78.42759033333333], [17.12319366666667, 78.42759066666667], [17.123193, 78.42759099999999], [17.123192333333336, 78.42759133333334], [17.1231915, 78.42759183333332], [17.123190166666667, 78.42759216666667], [17.12318916666667, 78.42759233333332], [17.123188666666668, 78.42759283333334], [17.12318816666667, 78.42759316666667], [17.123188000000003, 78.4275935], [17.12318766666667, 78.42759383333333], [17.12318766666667, 78.42759416666667], [17.123187499999997, 78.4275945], [17.123187833333336, 78.42759483333333], [17.12318816666667, 78.42759516666666], [17.123188000000003, 78.42759550000001], [17.123187833333336, 78.42759583333333], [17.12318766666667, 78.427596], [17.12318766666667, 78.42759633333334], [17.123188000000003, 78.42759666666667], [17.123187833333336, 78.427597], [17.12318733333333, 78.42759716666666], [17.12318733333333, 78.4275975], [17.123187166666664, 78.42759766666667], [17.123187166666664, 78.427598], [17.12318733333333, 78.42759833333334], [17.123187166666664, 78.42759866666667], [17.123186666666665, 78.42759883333333], [17.123186333333333, 78.42759916666667], [17.123186333333333, 78.4275995], [17.12318583333333, 78.42759983333333], [17.123185499999998, 78.42760016666666], [17.123185166666666, 78.4276005], [17.123184499999997, 78.42760066666666], [17.123184166666665, 78.42760100000001], [17.123183833333332, 78.42760133333333], [17.1231835, 78.42760166666667], [17.123183333333333, 78.42760183333333], [17.123182666666665, 78.42760216666667], [17.12318283333333, 78.42760249999999], [17.123182999999997, 78.42760283333334], [17.123182999999997, 78.42760316666666], [17.123183333333333, 78.4276035], [17.1231835, 78.42760383333332], [17.123183333333333, 78.42760416666667], [17.1231835, 78.4276045], [17.1231835, 78.42760466666667], [17.1231835, 78.427605], [17.123183833333332, 78.42760533333333], [17.123183666666666, 78.42760566666666], [17.123183833333332, 78.42760583333333], [17.123183666666666, 78.42760633333334], [17.123183666666666, 78.42760683333333], [17.123183833333332, 78.42760716666666], [17.123184, 78.42760750000001], [17.123183833333332, 78.42760799999999], [17.1231835, 78.42760849999999], [17.123183833333332, 78.42760883333334], [17.123184, 78.42760933333334], [17.1231835, 78.42760983333332], [17.123183166666667, 78.42761033333333], [17.123183166666667, 78.42761066666667], [17.123182999999997, 78.427611], [17.123182999999997, 78.4276115], [17.123182666666665, 78.427612], [17.123181833333334, 78.42761233333334], [17.123181666666667, 78.42761266666666], [17.12318133333333, 78.42761316666666], [17.12318133333333, 78.4276135], [17.123181, 78.42761383333333], [17.123180833333333, 78.42761433333334], [17.123181, 78.42761466666666], [17.123181, 78.427615], [17.123181499999998, 78.4276155], [17.123181666666667, 78.42761583333332], [17.123182, 78.42761633333333], [17.123181833333334, 78.42761666666667], [17.123182, 78.42761716666668], [17.123182333333332, 78.4276175], [17.12318283333333, 78.42761783333334], [17.123182666666665, 78.42761816666666], [17.1231825, 78.42761866666666], [17.1231825, 78.427619], [17.123182999999997, 78.42761933333333], [17.123182999999997, 78.4276195], [17.123182666666665, 78.42761983333334], [17.1231825, 78.42762016666667], [17.123182333333332, 78.4276205], [17.1231825, 78.42762066666666], [17.123182666666665, 78.427621], [17.123182166666666, 78.42762133333333], [17.123181833333334, 78.4276215], [17.123182, 78.42762166666667], [17.123181833333334, 78.427622], [17.123181666666667, 78.42762216666667], [17.12318133333333, 78.42762233333333], [17.123181, 78.42762266666666], [17.123181, 78.42762283333333], [17.123181166666665, 78.427623], [17.123180666666666, 78.42762316666668], [17.123180333333334, 78.42762333333333], [17.12317983333333, 78.42762366666666], [17.123179666666665, 78.42762366666666], [17.12317983333333, 78.42762383333334], [17.123179166666667, 78.42762416666666], [17.123178499999998, 78.42762433333334], [17.123178, 78.42762450000001], [17.123177833333333, 78.42762466666666], [17.123177666666667, 78.42762466666666], [17.123177333333334, 78.42762483333333], [17.123176666666666, 78.427625], [17.123176166666667, 78.42762516666667], [17.123176, 78.42762533333332], [17.1231755, 78.4276255], [17.123174833333334, 78.42762566666667], [17.1231745, 78.42762566666667], [17.12317416666667, 78.42762599999999], [17.123174, 78.4276265], [17.1231745, 78.42762716666667], [17.123175333333332, 78.42762850000001], [17.123177, 78.42763016666666], [17.123179333333333, 78.42763233333334], [17.123181666666667, 78.42763483333333], [17.123184666666667, 78.4276375], [17.123188000000003, 78.42764033333333], [17.1231915, 78.42764333333334], [17.123194833333333, 78.42764633333333], [17.123198666666667, 78.4276495], [17.123202166666665, 78.42765266666667], [17.123206, 78.42765583333333], [17.123209999999997, 78.42765899999999], [17.123213, 78.42766216666668], [17.123216833333334, 78.42766533333334], [17.12322066666667, 78.4276685], [17.123224333333333, 78.42767166666665], [17.123228166666667, 78.42767483333334], [17.123231666666666, 78.427678], [17.12323566666667, 78.42768116666666], [17.123239833333333, 78.4276845], [17.1232435, 78.42768766666667], [17.123247499999998, 78.42769100000001], [17.123251, 78.42769416666667], [17.123254666666664, 78.42769750000001], [17.123258333333336, 78.42770066666667], [17.123262166666667, 78.42770383333333], [17.1232655, 78.42770716666668], [17.123269, 78.42771033333334], [17.123272333333333, 78.4277135], [17.12327583333333, 78.42771683333333], [17.12327916666667, 78.42772016666666], [17.123282666666668, 78.42772333333333], [17.123286, 78.42772666666666], [17.12328966666667, 78.42772983333333], [17.123292833333334, 78.42773316666667], [17.123295833333334, 78.42773633333333], [17.123299, 78.4277395], [17.12330216666667, 78.42774283333333], [17.123305000000002, 78.42774616666667], [17.123307833333335, 78.42774933333334], [17.123310166666666, 78.42775233333333], [17.123312666666667, 78.42775533333334], [17.123314833333332, 78.427758], [17.123316166666665, 78.4277605], [17.123317166666666, 78.427763], [17.12331783333333, 78.42776533333334], [17.123317999999998, 78.42776783333333], [17.123317999999998, 78.4277705], [17.1233175, 78.42777333333333], [17.123315833333333, 78.42777616666667], [17.1233135, 78.42777916666667], [17.123310833333335, 78.427782], [17.123308166666668, 78.42778483333333], [17.123304833333336, 78.42778733333333], [17.123300833333335, 78.42778966666667], [17.123296666666665, 78.427792], [17.123293166666667, 78.42779399999999], [17.12328966666667, 78.427796], [17.123286, 78.42779766666666], [17.123282666666668, 78.4277995], [17.123279333333336, 78.427801], [17.123276333333333, 78.42780250000001], [17.1232735, 78.42780383333334], [17.123270833333333, 78.42780533333332], [17.123267833333333, 78.4278065], [17.12326566666667, 78.42780766666667], [17.123263333333334, 78.42780883333333], [17.123260833333333, 78.42780983333334], [17.12325816666667, 78.427811], [17.123255833333335, 78.42781199999999], [17.123253666666667, 78.427813], [17.1232515, 78.427814], [17.123249166666668, 78.42781483333333], [17.123246666666667, 78.42781583333334], [17.123244333333332, 78.42781666666666], [17.123242166666667, 78.42781766666667], [17.123239666666667, 78.42781866666665], [17.123237666666668, 78.42781966666666], [17.123235166666667, 78.427821], [17.123232833333336, 78.42782266666667], [17.123229666666667, 78.42782466666667], [17.123226499999998, 78.42782716666667], [17.123223166666666, 78.42783], [17.123219833333334, 78.42783299999999], [17.12321616666667, 78.427836], [17.123212333333335, 78.42783933333334], [17.12320833333333, 78.42784266666666], [17.1232045, 78.42784583333334], [17.123200333333333, 78.42784916666666], [17.123196166666666, 78.4278525], [17.123191833333333, 78.42785583333333], [17.12318766666667, 78.42785916666666], [17.123183666666666, 78.4278625], [17.123179666666665, 78.42786566666668], [17.12317566666667, 78.427869], [17.123171666666668, 78.42787249999999], [17.123167666666667, 78.42787583333333], [17.123163499999997, 78.42787916666666], [17.123158999999998, 78.42788266666666], [17.1231545, 78.427886], [17.12315, 78.4278895], [17.123145833333336, 78.42789283333333], [17.123141333333333, 78.42789616666667], [17.123136166666665, 78.4278995], [17.123132166666668, 78.427903], [17.12312766666667, 78.4279065], [17.123122833333333, 78.42790983333333], [17.123118166666664, 78.42791333333334], [17.123113166666666, 78.42791666666668], [17.1231085, 78.42792016666667], [17.12310366666667, 78.42792366666666], [17.123098666666667, 78.427927], [17.123093666666666, 78.4279305], [17.123088499999998, 78.42793400000001], [17.123083666666666, 78.42793733333333], [17.123078666666668, 78.42794083333334], [17.123073666666667, 78.42794433333333], [17.1230685, 78.42794766666665], [17.123063166666668, 78.42795116666666], [17.123058333333333, 78.4279545], [17.12305316666667, 78.427958], [17.123047999999997, 78.42796150000001], [17.123042833333333, 78.42796483333333], [17.123037166666666, 78.42796833333334], [17.123032333333335, 78.42797166666666], [17.123027333333333, 78.42797516666666], [17.123022166666665, 78.42797850000001], [17.12301666666667, 78.42798183333333], [17.123011166666668, 78.42798516666667], [17.123005499999998, 78.42798833333333], [17.123, 78.42799166666667], [17.122994666666667, 78.42799483333333], [17.122988666666668, 78.42799799999999], [17.122982666666665, 78.42800133333334], [17.122977, 78.42800466666667], [17.122971, 78.42800783333334], [17.122964833333334, 78.428011], [17.1229585, 78.42801416666666], [17.122952333333334, 78.42801733333334], [17.1229455, 78.42802033333334], [17.122939, 78.42802350000001], [17.12293233333333, 78.4280265], [17.122925666666667, 78.42802950000001], [17.12291816666667, 78.4280325], [17.122910833333332, 78.42803533333334], [17.1229035, 78.42803833333333], [17.122895833333335, 78.42804116666666], [17.1228875, 78.428044], [17.1228795, 78.428047], [17.1228715, 78.42804983333333], [17.122862833333333, 78.42805266666666], [17.122853833333334, 78.42805533333333], [17.122844666666666, 78.42805816666667], [17.122835666666667, 78.428061], [17.122826666666665, 78.42806383333333], [17.122817, 78.42806650000001], [17.1228075, 78.42806933333333], [17.1227975, 78.428072], [17.122787000000002, 78.42807450000001], [17.122776666666667, 78.42807716666667], [17.12276616666667, 78.42807966666666], [17.122756, 78.42808233333334], [17.1227455, 78.42808483333333], [17.122734333333334, 78.42808733333332], [17.122722833333334, 78.42808983333333], [17.122712166666666, 78.42809233333334], [17.122701, 78.42809483333333], [17.1226895, 78.42809733333334], [17.122677833333334, 78.42809983333333], [17.122665833333333, 78.42810250000001], [17.122654, 78.428105], [17.122642, 78.42810783333333], [17.122629833333335, 78.4281105], [17.1226175, 78.42811316666666], [17.12260566666667, 78.42811583333334], [17.122593833333333, 78.4281185], [17.122581833333335, 78.42812116666667], [17.122569666666667, 78.428124], [17.12255766666667, 78.42812666666667], [17.122546, 78.42812933333333], [17.122533999999998, 78.428132], [17.122522333333333, 78.42813466666666], [17.122509833333332, 78.42813733333334], [17.12249866666667, 78.42814016666667], [17.122487, 78.42814283333334], [17.122475, 78.4281455], [17.122462666666667, 78.42814816666667], [17.122450333333333, 78.42815066666667], [17.122438166666665, 78.42815333333333], [17.122426166666667, 78.428156], [17.122413833333333, 78.42815850000001], [17.12240166666667, 78.42816133333334], [17.122389666666667, 78.42816383333334], [17.122377333333336, 78.4281665], [17.12236516666667, 78.42816916666668], [17.122352666666664, 78.42817166666667], [17.122340333333334, 78.42817433333333], [17.122327833333333, 78.42817683333332], [17.122315333333333, 78.42817933333335], [17.122302833333332, 78.42818183333334], [17.122290500000002, 78.4281845], [17.122278166666668, 78.428187], [17.122265833333334, 78.42818949999999], [17.122253166666667, 78.42819216666666], [17.122240666666666, 78.42819466666667], [17.122228166666666, 78.42819716666666], [17.122215833333332, 78.42819983333334], [17.122203666666667, 78.42820233333333], [17.122191, 78.42820483333334], [17.122177833333335, 78.42820733333333], [17.1221645, 78.42820966666666], [17.12215183333333, 78.42821216666667], [17.122139, 78.42821466666666], [17.122126166666664, 78.42821716666667], [17.122113000000002, 78.42821966666666], [17.1220995, 78.428222], [17.122086333333336, 78.4282245], [17.122073333333333, 78.428227], [17.12206033333333, 78.4282295], [17.122046833333332, 78.42823183333333], [17.122033666666667, 78.42823416666667], [17.122020833333334, 78.42823666666666], [17.12200783333333, 78.42823916666666], [17.12199466666667, 78.4282415], [17.121981333333334, 78.42824383333333], [17.121968166666665, 78.42824616666667], [17.121955166666666, 78.42824866666666], [17.121941833333334, 78.428251], [17.121928333333337, 78.42825333333333], [17.121914833333335, 78.42825566666667], [17.121901666666666, 78.42825816666667], [17.121888666666667, 78.42826050000001], [17.121875499999998, 78.428263], [17.121862166666666, 78.42826533333333], [17.121848666666665, 78.42826783333334], [17.121834999999997, 78.42827016666666], [17.121821833333335, 78.4282725], [17.121808333333334, 78.42827483333333], [17.121795000000002, 78.42827733333334], [17.121781666666667, 78.42827966666667], [17.121768, 78.42828216666666], [17.121755166666667, 78.4282845], [17.121742166666667, 78.428287], [17.121729000000002, 78.42828933333334], [17.1217155, 78.42829166666667], [17.121702000000003, 78.42829400000001], [17.121688833333334, 78.42829633333334], [17.12167583333333, 78.42829866666666], [17.121662833333335, 78.42830116666667], [17.121649833333333, 78.4283035], [17.121637333333336, 78.42830583333333], [17.1216255, 78.428308], [17.12161466666667, 78.42831], [17.121604333333334, 78.42831183333332], [17.121594666666667, 78.42831366666665], [17.12158583333333, 78.42831516666666], [17.12157716666667, 78.42831666666666], [17.121568833333335, 78.428318], [17.121560499999998, 78.42831933333333], [17.121553, 78.42832066666666], [17.12154566666667, 78.42832183333333], [17.1215385, 78.428323], [17.121532333333334, 78.42832416666667], [17.121526333333335, 78.42832516666667], [17.121520666666665, 78.42832583333333], [17.121515499999997, 78.42832666666666], [17.121510833333332, 78.42832733333333], [17.121506, 78.42832816666667], [17.121500833333336, 78.42832866666666], [17.121496333333333, 78.4283295], [17.121491499999998, 78.42833016666667], [17.121487166666668, 78.42833083333333], [17.121482833333335, 78.42833133333333], [17.121478500000002, 78.42833183333333], [17.12147483333333, 78.42833233333334], [17.121470833333333, 78.42833283333333], [17.121466833333333, 78.42833333333333], [17.121462666666666, 78.42833383333333], [17.12145866666667, 78.42833433333334], [17.12145466666667, 78.42833483333334], [17.121451333333333, 78.42833533333334], [17.1214475, 78.42833566666667], [17.121443833333334, 78.42833616666667], [17.121440500000002, 78.42833649999999], [17.121437166666666, 78.428337], [17.121433666666668, 78.42833733333333], [17.121430666666665, 78.42833766666666], [17.121427, 78.428338], [17.121423666666665, 78.42833833333334], [17.1214205, 78.42833866666666], [17.121417666666666, 78.42833900000001], [17.1214145, 78.42833933333333], [17.121411166666668, 78.42833949999999], [17.121408, 78.42833983333334], [17.121405, 78.42834016666667], [17.121402, 78.4283405], [17.121399166666667, 78.42834066666666], [17.1213965, 78.428341], [17.121393666666666, 78.42834116666667], [17.121390666666667, 78.4283415], [17.12138816666667, 78.42834183333333], [17.121385333333333, 78.428342], [17.121382666666666, 78.42834216666667], [17.12138033333333, 78.4283425], [17.121377666666667, 78.42834266666667], [17.121375, 78.42834283333333], [17.121372333333333, 78.428343], [17.121370000000002, 78.42834333333333], [17.121367333333335, 78.42834366666666], [17.12136466666667, 78.42834366666666], [17.121362166666664, 78.42834383333334], [17.1213595, 78.428344], [17.121357166666666, 78.42834433333334], [17.121355, 78.42834433333334], [17.121352333333334, 78.42834433333334], [17.121349666666667, 78.42834466666666], [17.121347500000002, 78.42834483333333], [17.121345333333334, 78.42834500000001], [17.12134316666667, 78.42834500000001], [17.121340666666665, 78.42834516666667], [17.1213385, 78.42834533333333], [17.121336499999998, 78.42834549999999], [17.121334333333333, 78.42834549999999], [17.121332166666665, 78.42834566666667], [17.12133, 78.42834583333334], [17.121328166666668, 78.42834583333334], [17.121326, 78.42834599999999], [17.121323833333335, 78.42834616666667], [17.121321666666667, 78.42834616666667], [17.121319333333336, 78.42834633333334], [17.121317166666664, 78.42834633333334], [17.121315, 78.4283465], [17.12131283333333, 78.4283465], [17.121310833333332, 78.42834666666666], [17.121308666666668, 78.42834666666666], [17.1213065, 78.42834683333334], [17.121304666666667, 78.42834683333334], [17.121302500000002, 78.42834683333334], [17.121300333333334, 78.428347], [17.1212985, 78.42834716666667], [17.121296166666664, 78.428347], [17.12129433333333, 78.42834716666667], [17.121292666666665, 78.42834716666667], [17.1212905, 78.42834733333333], [17.121288333333332, 78.42834733333333], [17.1212865, 78.42834716666667], [17.1212845, 78.42834733333333], [17.1212825, 78.42834733333333], [17.121280666666667, 78.42834733333333], [17.12127866666667, 78.42834733333333], [17.121277000000003, 78.4283475], [17.121275333333333, 78.4283475], [17.12127383333333, 78.42834766666667], [17.12127233333333, 78.42834766666667], [17.121270499999998, 78.42834766666667], [17.121268833333332, 78.42834783333333], [17.121267166666666, 78.42834783333333], [17.121265666666666, 78.42834783333333], [17.121263833333334, 78.428348], [17.12126183333333, 78.428348], [17.121260333333332, 78.428348], [17.1212585, 78.428348], [17.121256833333334, 78.428348], [17.121255, 78.428348], [17.1212535, 78.428348], [17.121252000000002, 78.428348], [17.121250333333332, 78.42834816666667], [17.1212485, 78.42834816666667], [17.12124683333333, 78.42834816666667], [17.121245166666665, 78.42834816666667], [17.121243333333332, 78.42834816666667], [17.121241833333332, 78.42834816666667], [17.121240333333333, 78.42834816666667], [17.121238666666667, 78.42834816666667], [17.121237166666667, 78.42834816666667], [17.1212355, 78.42834816666667], [17.121233833333335, 78.42834816666667], [17.121232333333335, 78.42834816666667], [17.12123066666667, 78.42834816666667], [17.12122883333333, 78.42834816666667], [17.121226999999998, 78.42834816666667], [17.121225166666665, 78.42834816666667], [17.12122383333333, 78.42834816666667], [17.121222166666666, 78.428348], [17.121220333333333, 78.428348], [17.121218666666667, 78.428348], [17.121217, 78.428348], [17.121215666666668, 78.42834816666667], [17.121214000000002, 78.428348], [17.121212166666666, 78.428348], [17.1212105, 78.428348], [17.12120966666667, 78.42834816666667], [17.121208333333335, 78.42834816666667], [17.121206833333336, 78.42834816666667], [17.121205666666665, 78.42834833333333], [17.121204833333334, 78.42834883333333], [17.121204166666665, 78.42834933333333], [17.121203666666666, 78.42835], [17.121203833333333, 78.42835050000001], [17.121204666666664, 78.42835083333333], [17.121205166666666, 78.42835116666667], [17.1212055, 78.42835149999999], [17.121205333333332, 78.42835166666667], [17.121205166666666, 78.42835199999999], [17.121205666666665, 78.42835216666667], [17.121205333333332, 78.4283525], [17.121205, 78.42835266666665], [17.121205166666666, 78.428353], [17.121205333333332, 78.42835333333333], [17.121205, 78.4283535], [17.121204666666664, 78.42835366666667], [17.121205, 78.42835416666667], [17.121205333333332, 78.4283545], [17.121205666666665, 78.42835483333333], [17.121206166666664, 78.42835516666668], [17.121206166666664, 78.4283555], [17.121206500000003, 78.428356], [17.121207333333334, 78.42835633333334], [17.121207833333337, 78.4283565], [17.121208000000003, 78.42835683333332], [17.12120816666667, 78.42835716666667], [17.1212085, 78.42835749999999], [17.121208666666668, 78.42835783333334], [17.121209, 78.42835816666667], [17.121209166666667, 78.4283585], [17.121209333333336, 78.428359], [17.121209833333335, 78.42835933333335], [17.121210333333334, 78.42835966666667], [17.1212105, 78.42836016666666], [17.121210666666666, 78.42836066666668], [17.121211333333335, 78.42836116666668], [17.121212, 78.42836166666666], [17.121212166666666, 78.42836216666666], [17.121212333333336, 78.42836266666667], [17.121212500000002, 78.42836333333334], [17.121213166666667, 78.428364], [17.121213666666666, 78.4283645], [17.121214000000002, 78.428365], [17.121214333333334, 78.42836566666666], [17.121214666666667, 78.42836616666666], [17.121215333333335, 78.42836666666668], [17.121215833333334, 78.42836716666667], [17.121216166666667, 78.42836783333334], [17.1212165, 78.4283685], [17.121216833333335, 78.428369], [17.121217, 78.42836966666667], [17.121217666666666, 78.42837016666667], [17.1212175, 78.42837066666667], [17.121217666666666, 78.42837133333335], [17.121217833333333, 78.42837183333333], [17.121217833333333, 78.42837233333333], [17.121217833333333, 78.42837283333333], [17.121218333333335, 78.42837333333334], [17.121218833333334, 78.42837383333334], [17.121219, 78.42837433333334], [17.121219333333332, 78.42837483333332], [17.12122, 78.42837533333334], [17.121221, 78.428376], [17.121221833333333, 78.4283765], [17.121222333333332, 78.428377], [17.121222666666664, 78.4283775], [17.121223166666667, 78.42837800000001], [17.121223666666666, 78.42837833333333], [17.121224166666664, 78.42837883333333], [17.121224833333333, 78.42837933333334], [17.121224666666667, 78.42837983333334], [17.121225, 78.42838016666666], [17.121225166666665, 78.42838066666667], [17.121225666666664, 78.428381], [17.12122583333333, 78.42838149999999], [17.121226, 78.428382], [17.1212265, 78.42838233333333], [17.121226999999998, 78.42838283333334], [17.1212275, 78.42838316666666], [17.121227833333332, 78.42838366666666], [17.121228, 78.42838416666667], [17.121228666666664, 78.42838466666667], [17.121229000000003, 78.42838499999999], [17.121229666666668, 78.4283855], [17.121229833333334, 78.42838583333334], [17.121229833333334, 78.42838633333334], [17.12123, 78.42838666666667], [17.12123066666667, 78.42838716666667], [17.121231333333334, 78.42838766666667], [17.1212315, 78.42838816666668], [17.121231833333333, 78.42838866666666], [17.121232333333335, 78.42838933333334], [17.121232666666668, 78.42839000000001], [17.121233166666666, 78.42839066666667], [17.121233333333333, 78.4283915], [17.121233333333333, 78.42839233333333], [17.121233833333335, 78.42839316666667], [17.121234666666666, 78.42839416666668], [17.121235666666667, 78.42839516666666], [17.121237, 78.42839633333332], [17.121238333333334, 78.4283975], [17.121240333333333, 78.428399], [17.121242166666665, 78.42840033333333], [17.121244, 78.42840183333333], [17.121246166666666, 78.42840333333334], [17.1212485, 78.42840500000001], [17.12125083333333, 78.4284065], [17.121252666666667, 78.42840833333334], [17.121255166666668, 78.42841], [17.121257166666666, 78.42841166666668], [17.1212595, 78.42841333333334], [17.121261666666665, 78.42841516666667], [17.121263666666668, 78.42841700000001], [17.121265666666666, 78.42841866666666], [17.12126783333333, 78.42842049999999], [17.12127033333333, 78.42842216666666], [17.12127183333333, 78.42842399999999], [17.12127383333333, 78.42842583333332], [17.12127566666667, 78.42842766666666], [17.121277833333334, 78.42842933333333], [17.121279666666666, 78.428431], [17.12128166666667, 78.42843283333333], [17.121283666666667, 78.42843450000001], [17.121285666666665, 78.42843633333334], [17.12128733333333, 78.428438], [17.121289333333333, 78.42843983333334], [17.121291499999998, 78.42844166666667], [17.12129333333333, 78.42844333333333], [17.1212955, 78.42844516666668], [17.1212975, 78.428447], [17.121299500000003, 78.42844883333333], [17.121301000000003, 78.42845066666668], [17.121303333333334, 78.42845233333334], [17.121305333333332, 78.42845416666667], [17.121307, 78.42845583333333], [17.121308833333334, 78.42845766666666], [17.121310666666666, 78.42845933333334], [17.1213125, 78.42846116666666], [17.121314166666664, 78.428463], [17.121316333333333, 78.42846466666667], [17.121318, 78.4284665], [17.121319833333335, 78.42846833333333], [17.121321833333333, 78.42847016666666], [17.121323833333335, 78.42847183333333], [17.121325833333334, 78.42847366666666], [17.121327833333332, 78.4284755], [17.1213295, 78.42847733333333], [17.121331333333334, 78.428479], [17.121333333333332, 78.42848066666667], [17.12133533333333, 78.4284825], [17.12133683333333, 78.42848433333333], [17.1213385, 78.42848616666667], [17.121340666666665, 78.42848783333334], [17.121342666666667, 78.42848966666666], [17.121344833333335, 78.4284915], [17.121346833333334, 78.42849316666667], [17.121348833333332, 78.42849500000001], [17.121351166666667, 78.42849683333334], [17.121352833333333, 78.42849849999999], [17.12135483333333, 78.42850033333335], [17.121356833333333, 78.42850216666668], [17.121358666666666, 78.42850383333332], [17.121360666666664, 78.42850566666667], [17.121361999999998, 78.4285075], [17.121364000000003, 78.42850916666666], [17.121366166666668, 78.42851083333333], [17.121368, 78.42851266666666], [17.1213695, 78.42851433333334], [17.121371333333332, 78.42851616666667], [17.121373333333334, 78.428518], [17.121375666666665, 78.42851966666667], [17.121377166666665, 78.4285215], [17.121378666666665, 78.42852316666668], [17.12138033333333, 78.42852500000001], [17.1213825, 78.42852683333334], [17.121384, 78.4285285], [17.1213855, 78.42853033333334], [17.121386833333336, 78.42853216666667], [17.121388500000002, 78.42853383333333], [17.12139, 78.42853566666666], [17.121391833333334, 78.42853749999999], [17.121393333333334, 78.42853933333335], [17.121395, 78.428541], [17.121397, 78.42854283333332], [17.12139833333333, 78.4285445], [17.1214, 78.42854616666666], [17.121401833333334, 78.428548], [17.1214035, 78.42854983333334], [17.121405333333332, 78.42855166666666], [17.12140683333333, 78.42855349999999], [17.121408666666664, 78.42855516666667], [17.121410333333333, 78.428557], [17.12141216666667, 78.42855883333333], [17.121413500000003, 78.42856066666667], [17.121415333333335, 78.42856233333333], [17.121417166666667, 78.42856416666667], [17.121418833333333, 78.428566], [17.121420333333333, 78.42856766666667], [17.121422, 78.42856950000001], [17.12142383333333, 78.42857133333334], [17.121425666666667, 78.42857316666667], [17.121427, 78.428575], [17.121428666666667, 78.42857683333334], [17.121430333333333, 78.42857866666667], [17.121432000000002, 78.4285805], [17.121433500000002, 78.42858233333332], [17.1214355, 78.42858416666667], [17.121437333333333, 78.42858583333333], [17.121438833333332, 78.42858766666667], [17.121440500000002, 78.4285895], [17.121442166666668, 78.42859116666666], [17.121444, 78.428593], [17.121445666666666, 78.42859483333334], [17.121447333333332, 78.42859666666666], [17.121449166666665, 78.42859833333334], [17.121451, 78.42860033333334], [17.121452833333333, 78.428602], [17.12145466666667, 78.42860383333333], [17.121456333333334, 78.42860566666667], [17.121458, 78.4286075], [17.121459666666667, 78.42860916666667], [17.121460833333334, 78.428611], [17.121462666666666, 78.42861283333333], [17.121464333333332, 78.42861466666666], [17.121465833333332, 78.4286165], [17.121467666666668, 78.42861833333333], [17.121469166666667, 78.42862], [17.121471166666666, 78.42862183333334], [17.121472666666666, 78.42862366666667], [17.121474166666665, 78.42862566666666], [17.121475999999998, 78.42862733333332], [17.121477666666667, 78.42862916666667], [17.121479333333333, 78.428631], [17.121480666666667, 78.42863283333332], [17.121482500000003, 78.42863466666667], [17.121484000000002, 78.4286365], [17.12148566666667, 78.42863816666666], [17.121487166666668, 78.42864016666667], [17.121489, 78.42864200000001], [17.1214905, 78.42864383333334], [17.121491833333334, 78.42864566666667], [17.1214935, 78.4286475], [17.121495333333332, 78.42864916666667], [17.121496999999998, 78.428651], [17.121498499999998, 78.42865283333335], [17.121500166666667, 78.42865466666667], [17.121501666666667, 78.4286565], [17.121503333333333, 78.42865833333333], [17.121505, 78.42866000000001], [17.121507, 78.42866183333334], [17.121508833333333, 78.42866366666667], [17.121510333333333, 78.42866550000001], [17.12151233333333, 78.42866733333334], [17.121514166666667, 78.42866916666667], [17.121515666666667, 78.428671], [17.121517666666666, 78.42867283333334], [17.121519499999998, 78.4286745], [17.121520999999998, 78.42867633333334], [17.121522833333334, 78.42867816666667], [17.121524833333336, 78.42867983333333], [17.121526333333335, 78.42868166666668], [17.121528, 78.4286835], [17.12153, 78.42868533333333], [17.121531666666666, 78.42868716666666], [17.121533666666668, 78.428689], [17.121535833333333, 78.42869083333333], [17.12153783333333, 78.4286925], [17.121539666666667, 78.42869449999999], [17.1215415, 78.42869616666667], [17.121543666666664, 78.428698], [17.1215455, 78.42869983333334], [17.121547, 78.42870166666667], [17.12154866666667, 78.4287035], [17.1215505, 78.42870533333333], [17.121552333333334, 78.42870716666667], [17.12155466666667, 78.42870883333333], [17.1215565, 78.42871066666666], [17.121558166666667, 78.4287125], [17.121560166666665, 78.42871416666667], [17.121561999999997, 78.428716], [17.121564499999998, 78.42871766666667], [17.12156633333333, 78.42871966666667], [17.12156866666667, 78.42872133333334], [17.121570666666667, 78.42872316666667], [17.121573166666668, 78.428725], [17.121575333333332, 78.42872666666668], [17.1215775, 78.4287285], [17.121579666666666, 78.42873033333333], [17.121582, 78.42873200000001], [17.121584166666665, 78.42873383333334], [17.121586666666666, 78.42873566666667], [17.12158883333333, 78.42873733333333], [17.121590833333336, 78.42873916666667], [17.121593166666667, 78.42874083333332], [17.12159516666667, 78.42874266666666], [17.121597333333334, 78.4287445], [17.12159966666667, 78.42874616666667], [17.121601833333333, 78.428748], [17.12160383333333, 78.42874983333333], [17.121606, 78.42875166666666], [17.12160833333333, 78.42875333333333], [17.12161083333333, 78.42875516666666], [17.121612833333334, 78.42875699999999], [17.121615000000002, 78.42875883333333], [17.121617333333333, 78.42876066666666], [17.12161916666667, 78.42876249999999], [17.121621333333334, 78.42876433333332], [17.121623333333332, 78.42876616666668], [17.1216255, 78.428768], [17.121627333333333, 78.42876983333333], [17.12162933333333, 78.4287715], [17.121631166666667, 78.42877333333333], [17.121632833333333, 78.42877516666667], [17.121635, 78.42877683333333], [17.121636833333334, 78.42877849999999], [17.121638333333333, 78.42878016666667], [17.121639833333333, 78.42878183333333], [17.12164166666667, 78.42878333333333], [17.1216435, 78.42878483333334], [17.121645, 78.42878633333333], [17.121646333333334, 78.42878783333335], [17.121647833333334, 78.42878933333333], [17.121649333333334, 78.42879083333334], [17.121650666666667, 78.42879216666667], [17.12165183333333, 78.4287935], [17.121653499999997, 78.42879500000001], [17.121654666666664, 78.42879616666667], [17.121655999999998, 78.4287975], [17.121657000000003, 78.42879866666667], [17.12165816666667, 78.42879983333334], [17.121659333333334, 78.428801], [17.121660666666667, 78.42880216666667], [17.121661333333336, 78.42880333333332], [17.121662333333333, 78.4288045], [17.1216635, 78.42880566666666], [17.121664666666668, 78.42880666666666], [17.12166566666667, 78.42880783333334], [17.121666833333332, 78.42880883333333], [17.121667833333333, 78.42880983333333], [17.121668833333334, 78.42881066666668], [17.121669833333332, 78.42881183333334], [17.121670833333333, 78.42881266666667], [17.121671833333334, 78.42881366666667], [17.12167283333333, 78.4288145], [17.121673666666666, 78.4288155], [17.121674499999997, 78.42881633333333], [17.121675166666666, 78.42881716666668], [17.121675999999997, 78.428818], [17.121677, 78.42881866666667], [17.121677499999997, 78.42881949999999], [17.121678166666666, 78.42882016666667], [17.121678999999997, 78.428821], [17.121679833333335, 78.42882166666666], [17.12168066666667, 78.42882233333333], [17.12168116666667, 78.428823], [17.121681833333334, 78.42882366666666], [17.121682500000002, 78.42882433333332], [17.121683166666667, 78.428825], [17.1216835, 78.42882549999999], [17.1216845, 78.42882616666667], [17.121685, 78.42882666666667], [17.121685333333335, 78.42882716666666], [17.121685833333334, 78.42882766666666], [17.121686166666667, 78.42882833333333], [17.1216865, 78.42882866666667], [17.121686833333335, 78.42882916666667], [17.121687333333334, 78.42882983333334], [17.1216875, 78.42883016666666], [17.121687666666666, 78.4288305], [17.121687833333333, 78.428831], [17.12168816666667, 78.42883133333333], [17.12168816666667, 78.42883183333333], [17.121688333333335, 78.42883216666668], [17.121688333333335, 78.4288325], [17.121688333333335, 78.428833], [17.1216885, 78.42883333333333], [17.121688333333335, 78.42883366666666], [17.12168816666667, 78.42883400000001], [17.121688, 78.42883433333333], [17.121688, 78.42883466666667], [17.12168816666667, 78.42883499999999], [17.121688, 78.42883516666667], [17.121687666666666, 78.42883566666666], [17.1216875, 78.42883583333334], [17.121687333333334, 78.42883616666667], [17.121687166666668, 78.42883633333332], [17.121687, 78.42883666666667], [17.12168666666667, 78.428837], [17.121686333333333, 78.42883716666667], [17.121686, 78.4288375], [17.121685833333334, 78.42883766666667], [17.121686, 78.42883783333333], [17.1216865, 78.42883816666668], [17.121687166666668, 78.42883833333333], [17.121688833333334, 78.42883883333334], [17.121691, 78.42883916666666], [17.121694333333334, 78.42883950000001], [17.12169833333333, 78.42883983333333], [17.121703500000002, 78.42884016666667], [17.121708833333333, 78.42884066666667], [17.121715333333334, 78.42884099999999], [17.121721666666666, 78.4288415], [17.121729166666668, 78.42884183333334], [17.1217365, 78.42884216666667], [17.121743833333333, 78.42884233333332], [17.121752333333333, 78.4288425], [17.121760166666665, 78.42884266666667], [17.121768, 78.42884266666667], [17.121776333333333, 78.42884266666667], [17.121784166666664, 78.42884266666667], [17.121792333333335, 78.4288425], [17.1218, 78.4288425], [17.121808166666664, 78.4288425], [17.1218165, 78.42884216666667], [17.121824333333333, 78.428842], [17.121832333333334, 78.42884183333334], [17.121840333333335, 78.42884166666666], [17.1218485, 78.42884133333334], [17.121856166666664, 78.42884116666667], [17.121864000000002, 78.42884083333334], [17.121872, 78.42884066666667], [17.12187983333333, 78.42884033333333], [17.121887666666666, 78.42884016666667], [17.1218955, 78.42883983333333], [17.121903333333332, 78.42883950000001], [17.1219115, 78.42883916666666], [17.121919333333334, 78.42883883333334], [17.12192716666667, 78.4288385], [17.121935166666667, 78.428838], [17.121943166666664, 78.42883766666667], [17.12195116666667, 78.42883733333333], [17.1219595, 78.42883683333334], [17.121967166666664, 78.4288365], [17.1219755, 78.428836], [17.121983333333333, 78.4288355], [17.121991333333334, 78.42883499999999], [17.121999333333335, 78.42883466666667], [17.122007333333332, 78.42883416666668], [17.122014999999998, 78.42883366666666], [17.122023000000002, 78.42883316666666], [17.122031166666666, 78.42883266666666], [17.122038999999997, 78.42883216666668], [17.122046833333332, 78.42883166666667], [17.122055, 78.42883116666667], [17.122063166666667, 78.42883083333332], [17.122071000000002, 78.42883033333332], [17.122079499999998, 78.42882983333334], [17.122087500000003, 78.42882933333334], [17.122095333333334, 78.428829], [17.12210333333333, 78.42882833333333], [17.122111333333333, 78.42882783333333], [17.122119166666668, 78.42882733333333], [17.122127166666665, 78.42882683333333], [17.122135500000002, 78.42882633333333], [17.122143333333334, 78.42882566666667], [17.122151499999998, 78.42882516666667], [17.12215966666667, 78.42882466666667], [17.122167833333332, 78.42882416666666], [17.12217616666667, 78.4288235], [17.122184333333333, 78.428823], [17.12219233333333, 78.4288225], [17.122200666666668, 78.42882183333333], [17.12220883333333, 78.42882116666667], [17.122217, 78.42882066666667], [17.122225, 78.42882], [17.122233166666668, 78.42881949999999], [17.12224133333333, 78.42881883333332], [17.122249500000002, 78.42881816666666], [17.1222575, 78.42881766666666], [17.122265833333334, 78.428817], [17.122273833333335, 78.42881633333333], [17.122281833333332, 78.42881583333333], [17.12229016666667, 78.428815], [17.122298, 78.4288145], [17.122306, 78.42881383333334], [17.122314333333335, 78.42881316666667], [17.122322333333333, 78.42881233333333], [17.122330166666664, 78.42881166666666], [17.122338333333335, 78.428811], [17.122346333333333, 78.42881033333333], [17.12235466666667, 78.42880966666667], [17.122362666666668, 78.42880883333333], [17.12237083333333, 78.42880816666667], [17.122379000000002, 78.42880733333332], [17.122387166666666, 78.42880666666666], [17.122395166666667, 78.428806], [17.122403333333335, 78.42880533333333], [17.1224115, 78.4288045], [17.122419833333332, 78.42880383333333], [17.12242816666667, 78.428803], [17.122435833333334, 78.42880233333334], [17.12244383333333, 78.42880149999999], [17.122451833333333, 78.42880083333333], [17.122459833333334, 78.4288], [17.122468, 78.42879916666668], [17.122476, 78.4287985], [17.122484333333333, 78.42879783333333], [17.1224925, 78.428797], [17.122500666666667, 78.42879633333334], [17.122508999999997, 78.42879549999999], [17.122517333333334, 78.42879483333333], [17.122525666666668, 78.428794], [17.1225335, 78.42879316666668], [17.122541666666667, 78.4287925], [17.122549666666664, 78.42879166666667], [17.12255766666667, 78.428791], [17.1225655, 78.42879016666667], [17.122573499999998, 78.42878933333333], [17.122581833333335, 78.42878866666666], [17.122589833333333, 78.42878783333335], [17.122598, 78.428787], [17.122606333333334, 78.42878616666667], [17.1226145, 78.4287855], [17.122622666666665, 78.42878466666666], [17.122630833333336, 78.42878383333333], [17.122638833333333, 78.42878316666666], [17.12264683333333, 78.42878233333333], [17.122655, 78.42878166666667], [17.122662833333333, 78.42878083333333], [17.122670833333334, 78.42878], [17.122678833333335, 78.42877916666666], [17.122686833333333, 78.42877833333334], [17.122695, 78.42877766666668], [17.122703, 78.42877683333333], [17.122711166666665, 78.428776], [17.12271966666667, 78.42877516666667], [17.122727666666666, 78.42877433333334], [17.122735833333333, 78.4287735], [17.122744, 78.42877283333334], [17.122752166666665, 78.428772], [17.122760333333336, 78.42877116666666], [17.122768166666667, 78.42877033333333], [17.122776333333334, 78.4287695], [17.1227845, 78.42876866666667], [17.122792333333333, 78.42876783333332], [17.122799999999998, 78.42876700000001], [17.12280816666667, 78.42876616666668], [17.122816333333333, 78.42876533333333], [17.1228245, 78.4287645], [17.1228325, 78.42876366666665], [17.122840666666665, 78.42876283333334], [17.122848833333332, 78.428762], [17.122857, 78.42876116666666], [17.122865166666667, 78.42876033333333], [17.122873000000002, 78.42875933333333], [17.122881, 78.4287585], [17.122889, 78.42875783333334], [17.122897000000002, 78.42875699999999], [17.122905, 78.428756], [17.122913, 78.42875516666666], [17.122921, 78.42875433333333], [17.122929166666665, 78.4287535], [17.122937166666667, 78.42875266666667], [17.122945166666668, 78.42875183333334], [17.12295333333333, 78.42875099999999], [17.1229615, 78.42875016666667], [17.122969666666666, 78.42874933333333], [17.1229775, 78.42874833333333], [17.12298566666667, 78.4287475], [17.122993166666667, 78.42874666666667], [17.123001, 78.42874583333334], [17.123009000000003, 78.42874499999999], [17.123016833333335, 78.42874416666668], [17.123024666666666, 78.42874316666666], [17.123033000000003, 78.42874233333333], [17.123041166666667, 78.42874149999999], [17.123049166666664, 78.42874066666667], [17.123057333333335, 78.42873983333334], [17.1230655, 78.42873883333333], [17.123073499999997, 78.42873800000001], [17.123081666666668, 78.42873716666666], [17.123089666666665, 78.42873633333333], [17.123097499999997, 78.42873533333334], [17.1231055, 78.4287345], [17.123113333333333, 78.42873349999999], [17.12312166666667, 78.42873266666668], [17.123129333333335, 78.42873183333333], [17.1231375, 78.42873083333333], [17.12314566666667, 78.42873], [17.123153666666667, 78.42872916666667], [17.123161666666665, 78.42872816666666], [17.12316966666667, 78.42872733333334], [17.123178, 78.42872633333333], [17.123185999999997, 78.4287255], [17.123194, 78.42872466666667], [17.123202166666665, 78.42872383333334], [17.123209999999997, 78.42872283333332], [17.123218166666668, 78.42872200000001], [17.123226166666665, 78.42872116666668], [17.12323416666667, 78.42872016666666], [17.123242, 78.42871933333332], [17.12325, 78.4287185], [17.123258, 78.42871766666667], [17.123266166666667, 78.42871666666666], [17.12327433333333, 78.42871583333334], [17.123282500000002, 78.428715], [17.1232905, 78.42871416666667], [17.12329833333333, 78.42871316666667], [17.123306333333336, 78.42871233333334], [17.123314333333333, 78.42871133333333], [17.123321999999998, 78.42871050000001], [17.12333, 78.4287095], [17.123337833333334, 78.42870866666667], [17.123345333333337, 78.42870783333333], [17.123352333333333, 78.428707], [17.123358666666665, 78.42870616666667], [17.123364666666664, 78.42870549999999], [17.1233705, 78.42870483333333], [17.123376, 78.42870416666666], [17.123381166666665, 78.4287035], [17.123385833333334, 78.428703], [17.123390333333337, 78.4287025], [17.123394333333334, 78.42870183333334], [17.123398166666668, 78.42870133333332], [17.123401833333332, 78.42870083333334], [17.123405166666664, 78.42870033333334], [17.123408666666666, 78.42869983333334], [17.123412, 78.4286995], [17.123415, 78.42869900000001], [17.123418166666667, 78.42869850000001], [17.1234215, 78.42869816666666], [17.123424333333332, 78.42869766666666], [17.123427, 78.42869733333333], [17.123429833333333, 78.428697], [17.123432666666666, 78.42869666666667], [17.123434999999997, 78.42869616666667], [17.123437333333335, 78.42869583333332], [17.1234395, 78.4286955], [17.123441833333334, 78.428695], [17.123444, 78.42869483333334], [17.123445833333335, 78.42869433333334], [17.1234475, 78.428694], [17.1234495, 78.42869366666667], [17.123451333333332, 78.42869316666666], [17.123452666666665, 78.4286925], [17.123453666666666, 78.42869183333333], [17.12345433333333, 78.42869116666667], [17.12345433333333, 78.42869049999999], [17.1234535, 78.42868966666667], [17.123451833333334, 78.42868883333334], [17.123450166666665, 78.428688], [17.123448333333332, 78.42868733333333], [17.1234455, 78.42868683333333], [17.123442333333333, 78.42868633333333], [17.123439, 78.42868583333333], [17.123435500000003, 78.4286855], [17.123431999999998, 78.42868516666667], [17.123429333333334, 78.428685], [17.123426833333333, 78.42868483333334], [17.1234245, 78.42868466666667], [17.123422833333333, 78.42868449999999], [17.1234215, 78.42868433333334], [17.123420333333335, 78.428684], [17.123418666666666, 78.42868383333332], [17.123417, 78.42868366666667], [17.123415666666666, 78.4286835], [17.123414333333336, 78.42868316666666], [17.123413000000003, 78.428683], [17.123411833333332, 78.42868266666666], [17.12341, 78.4286825], [17.123408666666666, 78.4286825], [17.123407166666667, 78.42868216666668], [17.123405666666667, 78.428682], [17.123404, 78.42868183333333], [17.1234025, 78.42868166666668], [17.123401, 78.4286815], [17.123399666666668, 78.42868133333333], [17.123398333333334, 78.42868100000001], [17.123397, 78.42868083333333], [17.123395666666667, 78.42868066666666], [17.123394333333334, 78.4286805], [17.123393166666666, 78.42868033333333], [17.123392000000003, 78.42868016666667], [17.123390500000003, 78.42868], [17.123389166666666, 78.42867983333333], [17.1233875, 78.42867966666667], [17.123386166666666, 78.42867933333333], [17.123384666666666, 78.42867916666667], [17.123382833333334, 78.428679], [17.123381, 78.42867883333334], [17.123379333333332, 78.42867866666667], [17.1233775, 78.42867833333334], [17.123376166666667, 78.42867816666667], [17.123374666666667, 78.428678], [17.123373, 78.42867783333332], [17.1233715, 78.42867766666667], [17.123370166666668, 78.4286775], [17.123368666666668, 78.42867733333333], [17.12336733333333, 78.42867733333333], [17.123365666666665, 78.42867716666666], [17.12336433333333, 78.42867700000001], [17.123362333333333, 78.42867683333334], [17.123360833333333, 78.42867666666666], [17.123359, 78.4286765], [17.123357333333335, 78.42867633333334], [17.123355666666665, 78.42867616666668], [17.123354166666665, 78.428676], [17.123352333333333, 78.42867583333333], [17.123350833333333, 78.42867566666668], [17.123349333333334, 78.4286755], [17.123347666666668, 78.42867533333333], [17.123346333333334, 78.42867500000001], [17.123344999999997, 78.42867483333333], [17.123343499999997, 78.42867483333333], [17.12334183333333, 78.42867466666667], [17.12334033333333, 78.4286745], [17.123338999999998, 78.42867433333332], [17.123337499999998, 78.42867416666667], [17.123336, 78.428674], [17.123334666666665, 78.42867383333333], [17.123333333333335, 78.42867383333333], [17.123332, 78.42867366666665], [17.123330666666668, 78.4286735], [17.123329333333334, 78.42867333333334], [17.123328166666667, 78.42867333333334], [17.123326833333333, 78.42867316666667], [17.1233255, 78.42867299999999], [17.123324166666666, 78.42867283333334], [17.123322833333336, 78.42867283333334], [17.1233215, 78.42867266666667], [17.123320333333332, 78.42867249999999], [17.123319166666665, 78.42867233333332], [17.12331783333333, 78.42867233333332], [17.123316499999998, 78.42867216666667], [17.1233155, 78.428672], [17.123314, 78.42867183333333], [17.123312833333333, 78.42867183333333], [17.123311666666666, 78.42867166666666], [17.1233105, 78.42867150000001], [17.123309166666665, 78.42867150000001], [17.123307666666665, 78.42867133333333], [17.123306333333336, 78.42867116666666], [17.12330516666667, 78.42867116666666], [17.12330366666667, 78.428671], [17.123302333333335, 78.42867083333334], [17.12330066666667, 78.4286705], [17.123299333333332, 78.42867016666668], [17.1232975, 78.42866966666666], [17.123295666666667, 78.42866883333333], [17.123294166666668, 78.42866816666667], [17.123292833333334, 78.42866733333334], [17.123292166666666, 78.42866666666667], [17.123292, 78.428666], [17.123291666666667, 78.42866533333333], [17.1232915, 78.4286645], [17.123292333333332, 78.428664], [17.123292333333332, 78.4286635], [17.123293166666667, 78.428663], [17.12329383333333, 78.42866283333333], [17.123294166666668, 78.4286625], [17.123294166666668, 78.42866233333332], [17.123294166666668, 78.42866216666667], [17.1232945, 78.428662], [17.123294666666666, 78.42866166666666], [17.1232945, 78.4286615], [17.1232945, 78.42866133333334], [17.123295, 78.42866116666667], [17.123295666666667, 78.42866099999999], [17.123296333333332, 78.42866083333334], [17.12329833333333, 78.42866049999999], [17.123301, 78.42866000000001], [17.123304333333333, 78.42865933333333], [17.123308666666667, 78.42865866666666], [17.123313333333332, 78.42865816666668], [17.123318666666666, 78.42865766666667], [17.123324, 78.42865733333333], [17.1233295, 78.428657], [17.123335333333333, 78.42865666666667], [17.123341, 78.42865633333332], [17.123346833333336, 78.428656], [17.123352833333335, 78.42865583333334], [17.123359166666667, 78.4286555], [17.123365666666665, 78.42865533333334], [17.123372833333335, 78.42865483333334], [17.12338, 78.4286545], [17.1233875, 78.42865400000001], [17.123395333333335, 78.42865350000001], [17.123403166666666, 78.428653], [17.123411166666664, 78.42865233333333], [17.123419000000002, 78.42865166666667], [17.123426833333333, 78.428651], [17.1234345, 78.42865033333332], [17.123442166666667, 78.42864949999999], [17.123449666666666, 78.42864866666667], [17.12345733333333, 78.42864800000001], [17.123464833333333, 78.42864716666666], [17.123472, 78.42864633333333], [17.123479666666665, 78.42864549999999], [17.123487166666667, 78.42864466666667], [17.1234945, 78.42864383333334], [17.123501666666666, 78.428643], [17.123509000000002, 78.42864216666666], [17.123516333333335, 78.42864133333335], [17.123523499999997, 78.42864033333333], [17.123530666666667, 78.42863949999999], [17.123537666666667, 78.42863866666667], [17.123545, 78.42863766666666], [17.123552166666666, 78.42863666666668], [17.123559166666666, 78.42863583333333], [17.123566333333333, 78.42863483333333], [17.12357366666667, 78.42863383333334], [17.12358083333333, 78.428633], [17.123587833333332, 78.42863200000001], [17.123595, 78.428631], [17.123602, 78.42863000000001], [17.123608833333332, 78.428629], [17.123616000000002, 78.42862799999999], [17.123623000000002, 78.428627], [17.12363033333333, 78.42862616666666], [17.12363733333333, 78.42862516666668], [17.123644333333335, 78.42862416666667], [17.1236515, 78.42862316666667], [17.123658666666664, 78.42862233333334], [17.123665833333334, 78.42862133333333], [17.123673, 78.42862033333334], [17.123680333333333, 78.4286195], [17.123687333333333, 78.4286185], [17.12369483333333, 78.4286175], [17.123702166666664, 78.42861666666666], [17.123709166666668, 78.42861566666667], [17.1237165, 78.42861483333333], [17.123723666666667, 78.42861383333334], [17.123731000000003, 78.42861283333333], [17.123738166666666, 78.428612], [17.1237455, 78.428611], [17.123752500000002, 78.42861016666667], [17.123759833333335, 78.42860916666667], [17.123767166666667, 78.42860816666666], [17.123774166666667, 78.42860733333333], [17.1237815, 78.42860633333333], [17.123788666666666, 78.4286055], [17.123796000000002, 78.42860449999999], [17.123803333333335, 78.4286035], [17.123810666666667, 78.42860266666666], [17.123818000000004, 78.42860166666667], [17.123825166666666, 78.42860083333333], [17.123832666666665, 78.42859983333332], [17.123839999999998, 78.42859883333334], [17.123847166666668, 78.428598], [17.1238545, 78.42859700000001], [17.123861833333333, 78.42859616666667], [17.12386916666667, 78.42859516666667], [17.12387633333333, 78.42859416666667], [17.123883666666664, 78.42859333333334], [17.123890833333334, 78.42859233333334], [17.123898333333333, 78.4285915], [17.123905666666666, 78.4285905], [17.123913, 78.42858966666667], [17.123920333333334, 78.42858866666667], [17.123927833333333, 78.42858783333332], [17.12393516666667, 78.42858683333334], [17.123942666666668, 78.428586], [17.123949999999997, 78.42858516666666], [17.123956833333335, 78.42858416666667], [17.123964333333333, 78.42858333333334], [17.1239715, 78.42858233333332], [17.123978833333336, 78.4285815], [17.123986, 78.4285805], [17.123993499999997, 78.42857966666666], [17.124000833333334, 78.42857866666667], [17.124008333333332, 78.42857783333334], [17.1240155, 78.42857683333334], [17.124023, 78.428576], [17.1240305, 78.42857516666666], [17.124037833333333, 78.42857416666668], [17.124045333333335, 78.42857316666667], [17.124052833333334, 78.42857233333334], [17.124060333333333, 78.4285715], [17.124068, 78.42857066666667], [17.124075166666668, 78.42856966666666], [17.1240825, 78.42856866666666], [17.12409016666667, 78.42856783333333], [17.124097666666668, 78.428567], [17.124105, 78.428566], [17.12411266666667, 78.42856516666667], [17.124120333333334, 78.42856416666667], [17.124127833333333, 78.42856333333334], [17.1241355, 78.42856233333333], [17.124143, 78.42856149999999], [17.124150166666666, 78.42856066666667], [17.12415766666667, 78.42855966666666], [17.124165333333334, 78.42855883333333], [17.124172666666666, 78.42855800000001], [17.12418016666667, 78.428557], [17.124187666666668, 78.42855616666667], [17.124195333333333, 78.42855516666667], [17.12420266666667, 78.42855433333334], [17.1242105, 78.42855349999999], [17.124218, 78.4285525], [17.124225333333335, 78.4285515], [17.124233166666667, 78.4285505], [17.12424083333333, 78.42854966666667], [17.124248166666668, 78.42854883333332], [17.1242555, 78.42854783333334], [17.124262666666667, 78.42854683333333], [17.12427016666667, 78.42854600000001], [17.124277833333334, 78.428545], [17.124285, 78.42854416666667], [17.12429266666667, 78.42854316666667], [17.1243005, 78.42854233333334], [17.124308166666665, 78.4285415], [17.1243155, 78.4285405], [17.124323, 78.4285395], [17.1243305, 78.42853866666665], [17.12433766666667, 78.42853766666667], [17.124344833333335, 78.42853666666666], [17.124352166666664, 78.42853583333334], [17.124359666666667, 78.42853483333333], [17.124367333333332, 78.428534], [17.124374666666665, 78.42853316666667], [17.124382333333333, 78.42853216666667], [17.124390000000002, 78.42853133333332], [17.124397833333333, 78.42853033333334], [17.12440516666667, 78.4285295], [17.124412500000002, 78.4285285], [17.12442, 78.42852766666667], [17.124427166666667, 78.42852666666666], [17.1244345, 78.42852566666667], [17.124442, 78.42852483333333], [17.124449000000002, 78.42852383333334], [17.124456333333335, 78.42852283333333], [17.124463833333333, 78.428522], [17.124471333333336, 78.428521], [17.124478833333335, 78.42852016666667], [17.124486333333333, 78.42851916666667], [17.124494000000002, 78.42851816666666], [17.124501333333335, 78.42851733333333], [17.124508833333334, 78.42851633333333], [17.12451616666667, 78.4285155], [17.124523500000002, 78.42851449999999], [17.124531, 78.42851366666667], [17.12453833333333, 78.42851266666666], [17.124545833333332, 78.42851166666667], [17.124553166666665, 78.42851066666667], [17.124560666666664, 78.42850983333332], [17.124567833333334, 78.42850883333334], [17.124575166666666, 78.428508], [17.124582666666665, 78.42850700000001], [17.12459, 78.428506], [17.124597666666666, 78.42850516666667], [17.124605166666665, 78.42850416666667], [17.1246125, 78.42850316666666], [17.12462, 78.42850216666668], [17.124627333333333, 78.42850133333333], [17.1246345, 78.42850033333335], [17.12464183333333, 78.42849933333333], [17.124648999999998, 78.42849849999999], [17.124656333333334, 78.4284975], [17.124663666666667, 78.42849666666666], [17.124671, 78.42849566666668], [17.124678666666668, 78.42849466666667], [17.124686166666667, 78.42849383333333], [17.124693666666666, 78.42849283333334], [17.124701333333334, 78.42849183333333], [17.124708833333333, 78.428491], [17.124716333333332, 78.42849], [17.1247235, 78.42848916666667], [17.124730833333334, 78.42848816666667], [17.124738166666667, 78.42848733333334], [17.124745333333333, 78.42848633333332], [17.124752833333332, 78.42848533333334], [17.124760499999997, 78.42848433333333], [17.12476816666667, 78.4284835], [17.124775833333334, 78.4284825], [17.124783166666667, 78.4284815], [17.124790833333336, 78.42848049999999], [17.124798166666668, 78.42847966666666], [17.124805499999997, 78.42847866666666], [17.124812666666667, 78.42847766666667], [17.124819833333333, 78.42847666666667], [17.1248275, 78.42847583333334], [17.12483466666667, 78.42847483333334], [17.124842, 78.42847383333333], [17.124849333333334, 78.42847283333334], [17.124857000000002, 78.428472], [17.1248645, 78.428471], [17.124872166666666, 78.42847016666666], [17.12487966666667, 78.42846916666667], [17.124887166666667, 78.42846816666666], [17.124894333333334, 78.42846733333334], [17.124901833333336, 78.42846633333333], [17.124909166666665, 78.42846549999999], [17.124916499999998, 78.4284645], [17.124924, 78.42846349999999], [17.1249315, 78.42846266666668], [17.124938999999998, 78.42846166666666], [17.1249465, 78.42846083333333], [17.124954166666665, 78.42845983333333], [17.124961833333334, 78.428459], [17.124969166666666, 78.428458], [17.124976833333335, 78.42845716666667], [17.124984166666664, 78.42845616666666], [17.124991666666666, 78.42845516666667], [17.124999166666665, 78.42845433333333], [17.125006499999998, 78.42845333333334], [17.125013666666668, 78.42845233333334], [17.125020833333334, 78.4284515], [17.125028333333333, 78.4284505], [17.12503566666667, 78.4284495], [17.125043, 78.42844866666665], [17.1250505, 78.42844783333334], [17.12505816666667, 78.42844683333333], [17.125065833333334, 78.428446], [17.125073333333333, 78.428445], [17.125081, 78.42844416666667], [17.1250885, 78.42844316666667], [17.125096, 78.42844233333334], [17.125103333333335, 78.42844133333332], [17.125110666666668, 78.42844050000001], [17.125118, 78.4284395], [17.125125500000003, 78.4284385], [17.125133166666668, 78.4284375], [17.125140666666667, 78.42843666666666], [17.12514816666667, 78.42843566666667], [17.125155833333334, 78.42843466666666], [17.125163666666666, 78.42843383333334], [17.125171333333334, 78.428433], [17.125179166666666, 78.428432], [17.125186666666664, 78.428431], [17.125194, 78.42842999999999], [17.1252015, 78.42842916666667], [17.125209166666664, 78.42842816666666], [17.1252165, 78.42842733333333], [17.125224166666666, 78.42842633333333], [17.12523183333333, 78.42842533333334], [17.12523966666667, 78.42842449999999], [17.125247333333334, 78.42842366666667], [17.125255, 78.42842266666666], [17.125262666666668, 78.42842166666667], [17.125270166666667, 78.42842083333333], [17.125277666666666, 78.42841983333332], [17.125285166666668, 78.428419], [17.125292666666667, 78.428418], [17.125300166666666, 78.42841716666666], [17.125308, 78.42841616666666], [17.125315666666665, 78.42841533333333], [17.125323166666664, 78.42841433333334], [17.12533116666667, 78.4284135], [17.125338833333334, 78.4284125], [17.1253465, 78.42841166666668], [17.125354166666668, 78.42841083333333], [17.125361833333333, 78.42840983333333], [17.12536933333333, 78.428409], [17.125376833333334, 78.428408], [17.125384333333333, 78.42840716666666], [17.12539183333333, 78.42840633333334], [17.1253995, 78.42840533333333], [17.125407, 78.4284045], [17.125414499999998, 78.4284035], [17.125422166666667, 78.42840249999999], [17.12542983333333, 78.4284015], [17.12543733333333, 78.42840066666666], [17.12544516666667, 78.42839983333333], [17.125452833333334, 78.42839883333333], [17.125460333333333, 78.42839783333334], [17.125467833333335, 78.42839699999999], [17.1254755, 78.428396], [17.125482833333333, 78.42839516666666], [17.1254905, 78.42839416666668], [17.125498, 78.42839316666667], [17.125505666666665, 78.42839233333333], [17.125513166666668, 78.42839133333334], [17.125520666666667, 78.42839033333333], [17.125528166666665, 78.42838950000001], [17.125535666666668, 78.4283885], [17.125543333333333, 78.42838766666667], [17.12555083333333, 78.42838666666667], [17.1255585, 78.42838583333334], [17.12556633333333, 78.42838483333334], [17.12557383333333, 78.42838383333333], [17.125581166666667, 78.428383], [17.12558883333333, 78.428382], [17.125596499999997, 78.42838116666667], [17.12560416666667, 78.42838016666666], [17.125611666666668, 78.42837933333334], [17.125619333333336, 78.42837833333333], [17.125626833333335, 78.42837733333334], [17.125634333333334, 78.4283765], [17.125641833333336, 78.42837549999999], [17.1256495, 78.4283745], [17.125656833333334, 78.42837349999999], [17.125664500000003, 78.42837266666668], [17.125672166666668, 78.42837183333333], [17.125679833333333, 78.42837066666667], [17.125687333333335, 78.42836983333333], [17.125695166666667, 78.42836883333332], [17.12570283333333, 78.428368], [17.1257105, 78.428367], [17.125718166666665, 78.42836600000001], [17.125725833333334, 78.42836516666667], [17.12573366666667, 78.42836416666667], [17.125740833333335, 78.42836316666667], [17.125748666666667, 78.42836233333334], [17.12575616666667, 78.42836133333334], [17.125763666666668, 78.4283605], [17.125771333333333, 78.4283595], [17.125778833333335, 78.4283585], [17.125786666666666, 78.42835766666667], [17.12579433333333, 78.42835666666666], [17.125802, 78.42835566666666], [17.1258095, 78.42835483333333], [17.12581683333333, 78.42835383333333], [17.1258245, 78.42835283333334], [17.125832166666665, 78.42835199999999], [17.125839666666664, 78.428351], [17.125847166666667, 78.42835], [17.125854833333335, 78.42834916666668], [17.1258625, 78.42834833333333], [17.12587016666667, 78.42834733333333], [17.125877666666668, 78.42834633333334], [17.1258855, 78.42834533333333], [17.125893166666668, 78.42834450000001], [17.125900666666666, 78.4283435], [17.12590833333333, 78.42834266666667], [17.125916, 78.42834166666667], [17.12592383333333, 78.42834083333334], [17.12593133333333, 78.42833983333334], [17.12593916666667, 78.42833900000001], [17.125946666666668, 78.428338], [17.1259545, 78.428337], [17.125962333333334, 78.42833616666667], [17.12597, 78.42833516666666], [17.125977666666664, 78.42833433333334], [17.12598566666667, 78.42833333333333], [17.125993166666667, 78.4283325], [17.126000833333332, 78.4283315], [17.1260085, 78.42833049999999], [17.1260165, 78.42832966666667], [17.12602383333333, 78.42832866666666], [17.1260315, 78.42832766666668], [17.12603933333333, 78.42832683333333], [17.12604716666667, 78.428326], [17.126055, 78.428325], [17.126063, 78.42832416666667], [17.126070833333333, 78.42832316666666], [17.126078333333332, 78.42832233333334], [17.126086, 78.42832133333333], [17.12609366666667, 78.4283205], [17.126101333333335, 78.4283195], [17.126109, 78.42831866666667], [17.126116666666668, 78.42831766666667], [17.126124166666667, 78.42831683333334], [17.126132166666665, 78.42831583333333], [17.126139833333333, 78.42831500000001], [17.126147833333334, 78.42831416666667], [17.126155833333332, 78.42831316666667], [17.1261635, 78.42831233333332], [17.126171333333332, 78.4283115], [17.126178999999997, 78.42831066666666], [17.12618666666667, 78.42830966666666], [17.126194166666668, 78.42830883333333], [17.126201666666667, 78.42830783333333], [17.1262095, 78.42830699999999], [17.126217166666667, 78.428306], [17.126225166666664, 78.42830516666666], [17.126233, 78.42830416666668], [17.126240833333334, 78.42830333333333], [17.1262485, 78.42830233333333], [17.126256166666668, 78.4283015], [17.126263833333333, 78.42830049999999], [17.126271666666664, 78.42829966666666], [17.1262795, 78.42829883333334], [17.126287166666668, 78.42829783333333], [17.126295000000002, 78.428297], [17.126302666666668, 78.428296], [17.1263105, 78.42829516666667], [17.126318166666668, 78.42829433333333], [17.126325833333333, 78.42829333333334], [17.126333666666667, 78.4282925], [17.12634116666667, 78.42829166666667], [17.126348833333335, 78.42829066666667], [17.126356666666666, 78.42828983333334], [17.126364333333335, 78.42828899999999], [17.126372, 78.42828800000001], [17.126379999999997, 78.42828716666666], [17.126387833333336, 78.42828633333333], [17.126395666666667, 78.42828549999999], [17.126403666666665, 78.4282845], [17.126411333333333, 78.42828366666666], [17.126419333333335, 78.42828283333333], [17.126427166666666, 78.42828200000001], [17.126434833333334, 78.428281], [17.1264425, 78.42828016666667], [17.126450666666663, 78.42827933333334], [17.126458166666666, 78.4282785], [17.126465833333334, 78.4282775], [17.126473666666666, 78.42827666666668], [17.1264815, 78.42827583333333], [17.126489333333332, 78.428275], [17.126496999999997, 78.42827416666667], [17.126505, 78.42827333333334], [17.126512833333333, 78.4282725], [17.126520666666668, 78.42827166666666], [17.1265285, 78.42827066666668], [17.126536333333334, 78.42826983333333], [17.12654416666667, 78.428269], [17.126552, 78.42826816666667], [17.126559999999998, 78.42826716666667], [17.126567833333336, 78.42826633333334], [17.126575666666668, 78.4282655], [17.126583666666665, 78.42826466666666], [17.126591666666666, 78.42826366666667], [17.1265995, 78.428263], [17.1266075, 78.42826199999999], [17.126615166666667, 78.42826116666667], [17.126623333333335, 78.42826033333334], [17.126631166666666, 78.4282595], [17.126638833333335, 78.4282585], [17.126647, 78.42825766666667], [17.126654666666663, 78.42825683333334], [17.126662500000002, 78.42825599999999], [17.126670166666667, 78.42825500000001], [17.126678166666668, 78.42825433333334], [17.126686, 78.42825333333333], [17.126694, 78.4282525], [17.126702, 78.4282515], [17.126709833333333, 78.42825066666666], [17.12671783333333, 78.42824983333334], [17.126725833333335, 78.42824900000001], [17.126733666666667, 78.42824816666666], [17.126741666666664, 78.42824733333333], [17.12674966666667, 78.42824633333333], [17.1267575, 78.4282455], [17.12676533333333, 78.42824466666666], [17.126773166666666, 78.42824383333333], [17.126781166666667, 78.42824300000001], [17.126789, 78.428242], [17.126797, 78.42824116666667], [17.126804666666665, 78.42824033333333], [17.126812833333336, 78.4282395], [17.1268205, 78.42823866666666], [17.1268285, 78.42823783333333], [17.12683666666667, 78.42823700000001], [17.1268445, 78.42823616666666], [17.1268525, 78.42823533333333], [17.12686066666667, 78.42823433333334], [17.1268685, 78.42823366666667], [17.126876333333332, 78.42823283333334], [17.126884333333333, 78.42823183333333], [17.126892333333334, 78.42823100000001], [17.12690033333333, 78.42823016666667], [17.126908500000003, 78.42822933333333], [17.126916166666668, 78.42822849999999], [17.12692433333333, 78.42822766666667], [17.126932166666666, 78.428227], [17.126940166666667, 78.428226], [17.126947833333336, 78.42822516666666], [17.126956, 78.42822433333335], [17.126963999999997, 78.4282235], [17.12697216666667, 78.42822283333334], [17.126980333333332, 78.42822183333332], [17.1269885, 78.42822116666666], [17.1269965, 78.42822016666668], [17.127004666666668, 78.4282195], [17.127012666666666, 78.4282185], [17.127020333333334, 78.42821783333333], [17.127028499999998, 78.42821683333334], [17.1270365, 78.428216], [17.1270445, 78.42821533333334], [17.127052666666668, 78.4282145], [17.12706066666667, 78.42821366666666], [17.127068666666666, 78.42821283333333], [17.127076833333334, 78.428212], [17.127084833333335, 78.42821133333334], [17.127093, 78.42821049999999], [17.127101, 78.42820966666666], [17.127109166666667, 78.42820883333334], [17.127117333333334, 78.428208], [17.127125333333332, 78.42820716666667], [17.127133333333333, 78.4282065], [17.127141666666667, 78.42820566666666], [17.12714983333333, 78.42820483333334], [17.12715766666667, 78.42820400000001], [17.127165833333333, 78.42820333333334], [17.127174, 78.4282025], [17.127182, 78.42820166666667], [17.12719, 78.42820083333332], [17.127198333333336, 78.42820016666666], [17.127206833333332, 78.42819933333334], [17.127215, 78.42819866666667], [17.127223166666667, 78.42819783333333], [17.1272315, 78.428197], [17.127239666666664, 78.42819633333333], [17.127247666666666, 78.42819549999999], [17.127255666666667, 78.42819466666667], [17.127263833333334, 78.428194], [17.127271833333335, 78.42819316666667], [17.12728, 78.42819233333333], [17.127288500000002, 78.42819166666666], [17.1272965, 78.42819083333333], [17.127304833333334, 78.42819016666667], [17.127313166666667, 78.42818933333334], [17.127321333333335, 78.42818866666667], [17.1273295, 78.42818783333334], [17.127337666666666, 78.42818716666667], [17.127345833333333, 78.4281865], [17.127354, 78.42818566666666], [17.127362333333334, 78.428185], [17.127370833333334, 78.42818433333333], [17.127379333333334, 78.42818349999999], [17.127387833333334, 78.42818283333332], [17.127396333333333, 78.42818216666666], [17.127404666666667, 78.4281815], [17.127413166666667, 78.42818083333333], [17.127421333333334, 78.42818016666666], [17.1274295, 78.4281795], [17.127437999999998, 78.42817866666665], [17.12744616666667, 78.42817799999999], [17.1274545, 78.42817749999999], [17.127462666666666, 78.42817683333332], [17.127471166666666, 78.428176], [17.12748, 78.4281755], [17.127488500000002, 78.42817483333333], [17.127497166666668, 78.42817416666666], [17.127505333333332, 78.4281735], [17.127514, 78.42817283333333], [17.12752233333333, 78.42817216666667], [17.127530666666665, 78.42817149999999], [17.127539333333335, 78.428171], [17.127547666666665, 78.42817016666666], [17.12755616666667, 78.42816966666666], [17.127565166666667, 78.428169], [17.127573666666667, 78.42816833333333], [17.127582333333333, 78.42816783333333], [17.127591, 78.42816716666667], [17.127599666666665, 78.42816666666666], [17.127608000000002, 78.42816599999999], [17.127616333333332, 78.42816549999999], [17.127625000000002, 78.42816483333333], [17.127633666666668, 78.42816433333334], [17.127641833333332, 78.42816383333334], [17.12765016666667, 78.42816316666668], [17.127658333333333, 78.42816283333333], [17.127666166666664, 78.42816233333333], [17.127673666666666, 78.42816183333333], [17.127681666666668, 78.42816133333334], [17.127689, 78.42816083333334], [17.127696333333333, 78.42816033333334], [17.1277035, 78.42815999999999], [17.1277105, 78.42815949999999], [17.127717500000003, 78.42815916666667], [17.1277245, 78.42815866666666], [17.127731166666667, 78.42815833333334], [17.127738, 78.428158], [17.127744833333335, 78.42815766666666], [17.127751333333332, 78.42815733333333], [17.127757166666665, 78.42815716666668], [17.127763166666668, 78.42815683333333], [17.127768833333334, 78.42815666666667], [17.127774666666667, 78.42815633333333], [17.127780166666664, 78.42815616666667], [17.127785666666668, 78.428156], [17.12779116666667, 78.42815566666667], [17.127796666666665, 78.4281555], [17.127802, 78.42815516666666], [17.127807333333333, 78.428155], [17.127812333333335, 78.42815483333334], [17.127817166666667, 78.42815466666666], [17.127822, 78.42815449999999], [17.127826666666667, 78.42815433333334], [17.127831333333333, 78.42815416666667], [17.127835666666666, 78.42815399999999], [17.12784033333333, 78.42815383333333], [17.1278445, 78.42815366666667], [17.12784866666667, 78.42815366666667], [17.127852833333336, 78.4281535], [17.127856833333333, 78.4281535], [17.127860666666667, 78.4281535], [17.127864499999998, 78.42815333333333], [17.127868, 78.42815333333333], [17.1278715, 78.42815316666666], [17.127875500000002, 78.42815300000001], [17.127878666666668, 78.42815300000001], [17.127882333333332, 78.42815283333333], [17.127885666666668, 78.42815283333333], [17.127889, 78.42815266666666], [17.127892166666665, 78.42815266666666], [17.127895000000002, 78.42815266666666], [17.12789766666667, 78.4281525], [17.127900333333333, 78.4281525], [17.1279025, 78.42815233333334], [17.127904833333332, 78.42815216666666], [17.127906833333334, 78.42815216666666], [17.127909, 78.42815216666666], [17.127911166666667, 78.428152], [17.127913, 78.42815183333333], [17.127914666666666, 78.42815183333333], [17.127916333333335, 78.42815183333333], [17.127918, 78.42815166666666], [17.1279195, 78.42815166666666], [17.127920666666668, 78.4281515], [17.127922166666668, 78.4281515], [17.127923333333335, 78.4281515], [17.1279245, 78.42815133333333], [17.1279255, 78.42815133333333], [17.127926333333335, 78.42815116666667], [17.127927166666666, 78.42815116666667], [17.127928333333333, 78.42815116666667], [17.127929166666668, 78.428151], [17.127929833333333, 78.428151], [17.127930833333334, 78.428151], [17.127931666666665, 78.42815083333333], [17.127932666666666, 78.42815083333333], [17.127933166666665, 78.42815083333333], [17.127933833333334, 78.42815066666667], [17.127934333333332, 78.42815066666667], [17.127934999999997, 78.42815066666667], [17.127935333333333, 78.42815049999999], [17.127935833333332, 78.42815049999999], [17.127936166666665, 78.42815033333333], [17.127936499999997, 78.42815049999999], [17.127936833333333, 78.42815033333333], [17.127937166666666, 78.42815033333333], [17.127937333333332, 78.42815016666667], [17.127937499999998, 78.42815016666667], [17.12793783333333, 78.42815016666667], [17.12793816666667, 78.42815], [17.12793783333333, 78.42815], [17.12793816666667, 78.42815], [17.127938500000003, 78.42814983333332], [17.127938333333336, 78.42814983333332], [17.127938333333336, 78.42814983333332], [17.12793816666667, 78.42814983333332], [17.127937999999997, 78.42814966666667], [17.127937999999997, 78.42814966666667], [17.127937666666664, 78.42814966666667], [17.127937333333332, 78.42814966666667], [17.127937, 78.42814966666667], [17.127936833333333, 78.42814966666667], [17.127936499999997, 78.4281495], [17.127936499999997, 78.4281495], [17.127936, 78.4281495], [17.127935833333332, 78.4281495], [17.127935333333333, 78.4281495], [17.127934666666665, 78.4281495], [17.127934333333332, 78.42814933333334], [17.127933833333334, 78.42814933333334], [17.127933166666665, 78.42814933333334], [17.127932666666666, 78.42814933333334], [17.127932166666668, 78.42814933333334], [17.12793183333333, 78.42814933333334], [17.1279315, 78.42814933333334], [17.127931, 78.42814933333334], [17.12793033333333, 78.42814933333334], [17.127929666666667, 78.42814933333334], [17.127928999999998, 78.42814933333334], [17.127928166666667, 78.42814933333334], [17.127927333333332, 78.42814933333334], [17.1279265, 78.42814933333334], [17.12792616666667, 78.42814933333334], [17.1279255, 78.42814933333334], [17.127924833333335, 78.42814933333334], [17.127924, 78.42814933333334], [17.127923333333335, 78.42814933333334], [17.127922666666667, 78.42814933333334], [17.1279215, 78.42814933333334], [17.127920666666668, 78.42814933333334], [17.12792, 78.42814933333334], [17.127919333333335, 78.42814933333334], [17.1279185, 78.4281495], [17.12791766666667, 78.4281495], [17.12791716666667, 78.4281495], [17.1279165, 78.4281495], [17.127915833333336, 78.4281495], [17.127914999999998, 78.4281495], [17.127914166666667, 78.4281495], [17.127913333333332, 78.4281495], [17.12791233333333, 78.4281495], [17.1279115, 78.4281495], [17.1279105, 78.4281495], [17.12790933333333, 78.42814966666667], [17.127908666666666, 78.42814966666667], [17.1279075, 78.42814966666667], [17.127906499999998, 78.42814966666667], [17.127905666666667, 78.42814966666667], [17.127904833333332, 78.42814983333332], [17.127903833333335, 78.42814983333332], [17.127902833333334, 78.42814983333332], [17.127901833333333, 78.42814983333332], [17.127900833333335, 78.42814983333332], [17.1278995, 78.42814983333332], [17.127898333333334, 78.42815], [17.127897333333333, 78.42815], [17.12789616666667, 78.42815], [17.12789516666667, 78.42815], [17.127894, 78.42815], [17.12789283333333, 78.42815], [17.127891666666667, 78.42815016666667], [17.127890833333332, 78.42815016666667], [17.1278895, 78.42815016666667], [17.127888, 78.42815016666667], [17.12788683333333, 78.42815016666667], [17.127885666666668, 78.42815033333333], [17.127884333333334, 78.42815033333333], [17.127882833333334, 78.42815033333333], [17.127881333333335, 78.42815049999999], [17.12788, 78.42815049999999], [17.127879166666666, 78.42815066666667], [17.127877666666667, 78.42815066666667], [17.127876166666667, 78.42815083333333], [17.127874666666667, 78.42815083333333], [17.12787366666667, 78.42815083333333], [17.127872333333336, 78.428151], [17.12787066666667, 78.428151], [17.127869333333333, 78.428151], [17.127868166666666, 78.42815116666667], [17.127866666666666, 78.42815116666667], [17.127865333333332, 78.42815133333333], [17.127863833333333, 78.42815133333333], [17.1278625, 78.4281515], [17.127861, 78.42815166666666], [17.127859333333333, 78.42815183333333], [17.127858166666666, 78.42815183333333], [17.127856833333333, 78.42815183333333], [17.127855833333335, 78.42815183333333], [17.127854666666668, 78.428152], [17.127853166666668, 78.428152], [17.12785166666667, 78.428152], [17.1278505, 78.428152], [17.127849333333334, 78.428152], [17.12784816666667, 78.428152], [17.127846833333333, 78.42815216666666], [17.1278455, 78.42815216666666], [17.127844333333332, 78.42815216666666], [17.12784333333333, 78.42815216666666], [17.127841999999998, 78.42815233333334], [17.127840666666668, 78.42815233333334], [17.127839166666668, 78.42815233333334], [17.127837833333334, 78.4281525], [17.127836666666667, 78.42815233333334], [17.127835166666667, 78.4281525], [17.1278335, 78.4281525], [17.127832, 78.4281525], [17.127830666666668, 78.4281525], [17.127829666666667, 78.42815266666666], [17.127828333333333, 78.42815266666666], [17.127826666666667, 78.42815266666666], [17.127824999999998, 78.42815283333333], [17.127824166666667, 78.42815283333333], [17.127822833333333, 78.42815283333333], [17.127821166666667, 78.42815283333333], [17.127819666666667, 78.42815300000001], [17.127817999999998, 78.42815300000001], [17.127816833333334, 78.42815300000001], [17.127815833333333, 78.42815300000001], [17.127815333333334, 78.42815300000001], [17.127815333333334, 78.42815300000001], [17.12781633333333, 78.42815300000001], [17.12781783333333, 78.42815283333333], [17.127819499999998, 78.42815283333333], [17.127821833333332, 78.42815233333334], [17.127824166666667, 78.42815216666666], [17.127826666666667, 78.42815183333333], [17.127829166666668, 78.42815133333333], [17.12783166666667, 78.42815083333333], [17.1278335, 78.42815033333333], [17.127835333333334, 78.42814983333332], [17.127837166666666, 78.42814933333334], [17.127838833333332, 78.42814883333334], [17.12784033333333, 78.42814849999999], [17.1278415, 78.428148], [17.1278425, 78.42814766666667], [17.127843666666667, 78.42814733333333], [17.127844666666665, 78.42814700000001], [17.127845333333333, 78.4281465], [17.127845999999998, 78.42814616666666], [17.127847, 78.428146], [17.127847999999997, 78.42814566666667], [17.127849333333334, 78.42814533333333], [17.127851333333336, 78.42814516666667], [17.127853333333334, 78.428145], [17.12785566666667, 78.428145], [17.127857833333334, 78.428145], [17.12786, 78.42814516666667], [17.127862, 78.42814533333333], [17.127863833333333, 78.42814533333333], [17.127865666666665, 78.4281455], [17.127867499999997, 78.42814566666667], [17.127869166666667, 78.42814566666667], [17.127870499999997, 78.42814583333333], [17.127871833333334, 78.42814583333333], [17.127873333333334, 78.42814566666667], [17.127874833333333, 78.42814583333333], [17.127876, 78.42814583333333], [17.127877166666668, 78.42814583333333], [17.127878333333335, 78.42814583333333], [17.127879166666666, 78.428146], [17.127880166666667, 78.428146], [17.127880833333332, 78.428146], [17.127882, 78.428146], [17.127882666666668, 78.42814616666666], [17.127883666666666, 78.42814616666666], [17.127884833333333, 78.42814633333334], [17.127886, 78.42814633333334], [17.127887333333334, 78.4281465], [17.127888499999997, 78.4281465], [17.127889999999997, 78.42814666666666], [17.127891833333333, 78.42814683333333], [17.127893333333336, 78.42814700000001], [17.127895000000002, 78.42814700000001], [17.127896333333336, 78.42814716666666], [17.1278975, 78.42814716666666], [17.127898833333333, 78.42814733333333], [17.1279, 78.4281475], [17.127901, 78.4281475], [17.127902, 78.42814766666667], [17.127903166666666, 78.42814766666667], [17.127904333333333, 78.42814783333333], [17.127905166666668, 78.428148], [17.127906166666666, 78.428148], [17.127906833333334, 78.42814816666667], [17.127907666666665, 78.42814833333334], [17.1279085, 78.42814849999999], [17.127909166666665, 78.42814849999999], [17.127909666666667, 78.42814866666666], [17.127910166666666, 78.42814883333334], [17.127910999999997, 78.428149], [17.127911333333333, 78.42814916666666], [17.127911666666666, 78.42814933333334], [17.127912166666665, 78.4281495], [17.127912666666667, 78.42814966666667], [17.127913, 78.42814983333332], [17.127913333333332, 78.42814983333332], [17.127913666666664, 78.42815], [17.12791383333333, 78.42815016666667], [17.127914166666667, 78.42815033333333], [17.1279145, 78.42815049999999], [17.127914666666666, 78.42815066666667], [17.12791483333333, 78.42815066666667], [17.127915166666664, 78.42815083333333], [17.127915499999997, 78.428151], [17.12791533333333, 78.42815116666667], [17.127915499999997, 78.42815133333333], [17.127915499999997, 78.4281515], [17.127915166666664, 78.42815166666666], [17.127914999999998, 78.428152], [17.12791483333333, 78.428152], [17.1279145, 78.42815233333334], [17.12791383333333, 78.42815266666666], [17.1279135, 78.42815283333333], [17.127913, 78.42815316666666], [17.127912499999997, 78.4281535], [17.127912166666665, 78.42815366666667], [17.127912, 78.42815383333333], [17.127911833333332, 78.42815399999999], [17.1279115, 78.42815416666667], [17.127911333333333, 78.42815433333334], [17.127911166666667, 78.42815449999999], [17.127910999999997, 78.42815449999999], [17.12791083333333, 78.42815466666666], [17.1279105, 78.42815483333334], [17.12791, 78.42815483333334], [17.127909833333334, 78.428155], [17.127909499999998, 78.42815516666666], [17.12790933333333, 78.42815516666666], [17.127908833333333, 78.42815533333334], [17.127908333333334, 78.4281555], [17.127908166666668, 78.4281555], [17.127907666666665, 78.42815566666667], [17.127907166666667, 78.42815566666667], [17.127906666666668, 78.42815583333332], [17.127906333333332, 78.428156], [17.127906166666666, 78.428156], [17.127905666666667, 78.42815616666667], [17.127905, 78.42815616666667], [17.127904833333332, 78.42815616666667], [17.127904333333333, 78.42815633333333], [17.12790366666667, 78.42815633333333], [17.127903, 78.42815649999999], [17.127902333333335, 78.42815649999999], [17.127902, 78.42815666666667], [17.1279015, 78.42815666666667], [17.127901, 78.42815683333333], [17.127900333333333, 78.42815683333333], [17.127899833333334, 78.428157], [17.12789916666667, 78.42815716666668], [17.127898666666667, 78.42815716666668], [17.127897833333336, 78.42815716666668], [17.127897166666667, 78.42815733333333], [17.127896333333336, 78.42815733333333], [17.127895333333335, 78.4281575], [17.1278945, 78.4281575], [17.127893500000003, 78.4281575], [17.127892666666664, 78.42815766666666], [17.127891833333333, 78.42815766666666], [17.127891166666664, 78.42815783333334], [17.127890333333333, 78.42815783333334], [17.1278895, 78.42815783333334], [17.127888833333333, 78.428158], [17.127888, 78.42815816666666], [17.12788683333333, 78.42815816666666], [17.127885833333334, 78.42815816666666], [17.127885, 78.42815833333334], [17.127884166666668, 78.42815833333334], [17.127883, 78.42815850000001], [17.127881833333333, 78.42815866666666], [17.127880833333332, 78.42815866666666], [17.127880166666667, 78.42815866666666], [17.127879166666666, 78.42815883333333], [17.127878, 78.42815883333333], [17.12787666666667, 78.42815900000001], [17.127875833333334, 78.42815916666667], [17.127874666666667, 78.42815916666667], [17.12787366666667, 78.42815916666667], [17.127872333333336, 78.42815933333333], [17.127871000000003, 78.42815949999999], [17.127869999999998, 78.42815949999999], [17.12786883333333, 78.42815966666667], [17.127867833333333, 78.42815966666667], [17.127866666666666, 78.42815983333334], [17.1278655, 78.42815983333334], [17.127864499999998, 78.42815999999999], [17.127863166666668, 78.42815999999999], [17.127861833333334, 78.42816016666667], [17.127860666666667, 78.42816033333334], [17.127859333333333, 78.42816033333334], [17.127857833333334, 78.42816033333334], [17.127856333333334, 78.4281605], [17.127855166666667, 78.42816066666666], [17.127854, 78.42816083333334], [17.127853, 78.42816083333334], [17.127851333333336, 78.428161], [17.12784966666667, 78.428161], [17.12784866666667, 78.42816116666667], [17.127847499999998, 78.42816116666667], [17.127846166666664, 78.42816133333334], [17.12784483333333, 78.4281615], [17.127843, 78.4281615], [17.127841666666665, 78.42816166666667], [17.127840166666665, 78.42816166666667], [17.127838833333332, 78.42816166666667], [17.127837666666668, 78.42816183333333], [17.12783616666667, 78.42816183333333], [17.127834, 78.428162], [17.127832833333333, 78.42816216666667], [17.12783166666667, 78.42816216666667], [17.12783016666667, 78.42816216666667], [17.127828333333333, 78.42816233333333], [17.1278265, 78.42816233333333], [17.127825499999997, 78.4281625], [17.12782383333333, 78.4281625], [17.127822499999997, 78.4281625], [17.127820999999997, 78.4281625], [17.127819499999998, 78.42816266666667], [17.127818166666668, 78.42816266666667], [17.127816666666668, 78.42816266666667], [17.1278155, 78.42816266666667], [17.127814166666667, 78.42816283333333], [17.1278125, 78.42816283333333], [17.12781066666667, 78.42816283333333], [17.12780916666667, 78.42816283333333], [17.1278085, 78.42816283333333], [17.1278075, 78.42816283333333], [17.127806500000002, 78.42816283333333], [17.127804833333336, 78.428163], [17.127804333333334, 78.428163], [17.127803500000002, 78.428163], [17.127802, 78.428163], [17.1278005, 78.42816316666668], [17.127798833333333, 78.42816316666668], [17.12779683333333, 78.42816316666668], [17.127795166666665, 78.42816316666668], [17.127793666666665, 78.42816316666668], [17.127792499999998, 78.42816333333333], [17.127791333333334, 78.42816333333333], [17.1277895, 78.42816333333333], [17.12778816666667, 78.4281635], [17.127787333333334, 78.4281635], [17.127786333333333, 78.4281635], [17.127785333333335, 78.4281635], [17.1277835, 78.4281635], [17.127782, 78.4281635], [17.127780499999997, 78.42816366666666], [17.1277795, 78.42816366666666], [17.12777833333333, 78.4281635], [17.127776666666666, 78.42816366666666], [17.127774666666667, 78.42816366666666], [17.127772999999998, 78.42816366666666], [17.127771666666668, 78.42816366666666], [17.1277705, 78.42816366666666], [17.127768833333334, 78.42816366666666], [17.127766666666666, 78.42816366666666], [17.127764666666668, 78.42816383333334], [17.1277635, 78.42816383333334], [17.127762166666667, 78.42816366666666], [17.127760000000002, 78.42816366666666], [17.12775816666667, 78.42816383333334], [17.127756833333333, 78.42816383333334], [17.127754999999997, 78.42816383333334], [17.127753499999997, 78.42816383333334], [17.1277515, 78.428164], [17.127749666666666, 78.428164], [17.127748, 78.428164], [17.127746333333334, 78.428164], [17.12774466666667, 78.42816416666666], [17.127742833333333, 78.42816416666666], [17.127741, 78.42816416666666], [17.1277395, 78.42816416666666], [17.127737833333335, 78.42816433333334], [17.127736333333335, 78.42816433333334], [17.1277345, 78.42816450000001], [17.1277325, 78.42816450000001], [17.12773083333333, 78.42816466666666], [17.1277295, 78.42816466666666], [17.127727666666665, 78.42816466666666], [17.127725666666667, 78.42816466666666], [17.127723500000002, 78.42816483333333], [17.127721666666666, 78.42816483333333], [17.127720333333333, 78.428165], [17.127718666666667, 78.428165], [17.127716833333334, 78.42816516666667], [17.12771516666667, 78.42816516666667], [17.127713500000002, 78.42816516666667], [17.127712, 78.42816516666667], [17.127710666666665, 78.42816533333333], [17.127708833333333, 78.42816533333333], [17.12770683333333, 78.42816533333333], [17.127704833333333, 78.42816533333333], [17.127703166666667, 78.42816533333333], [17.1277015, 78.42816533333333], [17.127699500000002, 78.42816533333333], [17.1276975, 78.42816533333333], [17.127695666666668, 78.42816533333333], [17.127694, 78.42816549999999], [17.127692000000003, 78.42816549999999], [17.12769033333333, 78.42816549999999], [17.12768833333333, 78.42816549999999], [17.1276865, 78.42816549999999], [17.12768433333333, 78.42816566666667], [17.127682666666665, 78.42816566666667], [17.127680833333333, 78.42816566666667], [17.127678833333334, 78.42816566666667], [17.1276765, 78.42816566666667], [17.1276745, 78.42816566666667], [17.127672500000003, 78.42816566666667], [17.127670666666667, 78.42816566666667], [17.127668500000002, 78.42816583333334], [17.1276665, 78.42816583333334], [17.127664666666664, 78.42816583333334], [17.1276625, 78.42816583333334], [17.12766033333333, 78.42816583333334], [17.127658333333333, 78.42816583333334], [17.1276565, 78.42816583333334], [17.127654500000002, 78.42816583333334], [17.127652, 78.42816583333334], [17.127649833333333, 78.42816599999999], [17.127648500000003, 78.42816599999999], [17.127646666666667, 78.42816599999999], [17.127644166666666, 78.42816583333334], [17.127641666666666, 78.42816599999999], [17.127639833333333, 78.42816599999999], [17.127638166666667, 78.42816599999999], [17.12763633333333, 78.42816599999999], [17.127633666666668, 78.42816583333334], [17.1276315, 78.42816599999999], [17.127629833333334, 78.42816599999999], [17.1276285, 78.42816599999999], [17.127626000000003, 78.42816599999999], [17.127623833333335, 78.42816599999999], [17.127622166666665, 78.42816599999999], [17.1276205, 78.42816599999999], [17.1276185, 78.42816583333334], [17.127616333333332, 78.42816599999999], [17.127614666666666, 78.42816599999999], [17.127612666666668, 78.42816583333334], [17.127610666666666, 78.42816583333334], [17.1276085, 78.42816583333334], [17.127606833333335, 78.42816599999999], [17.127605333333335, 78.42816599999999], [17.12760366666667, 78.42816583333334], [17.1276015, 78.42816583333334], [17.1275995, 78.42816583333334], [17.127597666666666, 78.42816583333334], [17.127596166666667, 78.42816583333334], [17.12759433333333, 78.42816583333334], [17.127592333333332, 78.42816583333334], [17.1275905, 78.42816583333334], [17.1275885, 78.42816583333334], [17.127586666666666, 78.42816566666667], [17.127585, 78.42816583333334], [17.127583166666668, 78.42816583333334], [17.12758116666667, 78.42816583333334], [17.127579500000003, 78.42816566666667], [17.12757783333333, 78.42816566666667], [17.12757633333333, 78.42816583333334], [17.127574499999998, 78.42816583333334], [17.127572833333332, 78.42816566666667], [17.127571333333332, 78.42816566666667], [17.1275695, 78.42816566666667], [17.127567666666668, 78.42816583333334], [17.127566, 78.42816566666667], [17.127564500000002, 78.42816566666667], [17.127562666666666, 78.42816566666667], [17.127561, 78.42816583333334], [17.1275595, 78.42816583333334], [17.127557833333334, 78.42816566666667], [17.127556000000002, 78.42816566666667], [17.127554333333332, 78.42816566666667], [17.127553166666665, 78.42816583333334], [17.1275515, 78.42816566666667], [17.127549666666667, 78.42816566666667], [17.12754783333333, 78.42816566666667], [17.1275465, 78.42816566666667], [17.127545, 78.42816566666667], [17.127543666666668, 78.42816566666667], [17.127541666666666, 78.42816566666667], [17.127539833333334, 78.42816566666667], [17.127538666666666, 78.42816566666667], [17.127537166666666, 78.42816566666667], [17.127535166666668, 78.42816566666667], [17.127533333333336, 78.42816566666667], [17.127532166666665, 78.42816566666667], [17.1275305, 78.42816566666667], [17.127528666666667, 78.42816566666667], [17.12752683333333, 78.42816566666667], [17.1275255, 78.42816566666667], [17.12752383333333, 78.42816566666667], [17.1275225, 78.42816566666667], [17.12752083333333, 78.42816566666667], [17.127519333333332, 78.42816566666667], [17.127517166666667, 78.42816566666667], [17.127515833333334, 78.42816566666667], [17.127514333333334, 78.42816583333334], [17.127512666666668, 78.42816583333334], [17.12751066666667, 78.42816583333334], [17.12750883333333, 78.42816566666667], [17.12750733333333, 78.42816583333334], [17.12750583333333, 78.42816566666667], [17.1275045, 78.42816566666667], [17.12750283333333, 78.42816566666667], [17.12750133333333, 78.42816583333334]]]}}]}