{"type": "FeatureCollection", "features": [{"type": "Feature", "properties": {"recording": "20260907_133153", "kind": "recorded GPS track"}, "geometry": {"type": "MultiLineString", "coordinates": [[[16.916049666666666, 78.65932616666667], [16.916039666666666, 78.65932616666667], [16.916029499999997, 78.65932616666667], [16.91601916666667, 78.65932616666667], [16.916009, 78.65932616666667], [16.915998666666667, 78.65932616666667], [16.915988666666667, 78.65932616666667], [16.915978833333334, 78.65932633333334], [16.915969166666667, 78.65932633333334], [16.915959333333333, 78.65932633333334], [16.915949166666667, 78.65932633333334], [16.915939166666664, 78.65932633333334], [16.915929000000002, 78.65932633333334], [16.915919166666665, 78.65932633333334], [16.915909, 78.65932633333334], [16.915898666666667, 78.65932633333334], [16.91588833333333, 78.65932633333334], [16.915877666666667, 78.65932633333334], [16.915867166666665, 78.65932633333334], [16.915856666666667, 78.659326], [16.915845666666666, 78.65932566666667], [16.915835, 78.65932533333333], [16.915824, 78.65932500000001], [16.915813166666666, 78.65932466666666], [16.915802166666666, 78.65932416666666], [16.91579116666667, 78.6593235], [16.91578033333333, 78.65932283333333], [16.915769, 78.65932216666667], [16.91575783333333, 78.6593215], [16.915747, 78.65932066666666], [16.915736833333334, 78.65931966666668], [16.9157265, 78.65931883333333], [16.9157165, 78.659318], [16.9157065, 78.659317], [16.915697166666668, 78.659316], [16.915687833333333, 78.65931483333334], [16.915678500000002, 78.65931366666668], [16.915669166666664, 78.6593125], [16.91566, 78.65931116666667], [16.915651, 78.65931], [16.915642, 78.6593085], [16.915633500000002, 78.65930716666666], [16.915625166666665, 78.65930566666665], [16.915617166666667, 78.65930433333332], [16.915609166666666, 78.65930283333334], [16.91560133333333, 78.65930116666667], [16.915593833333332, 78.65929966666666], [16.9155865, 78.659298], [16.915579166666664, 78.6592965], [16.915571666666665, 78.659295], [16.915564333333336, 78.65929333333334], [16.915557333333332, 78.65929166666666], [16.9155505, 78.65929], [16.915543666666668, 78.65928833333334], [16.915537166666663, 78.65928666666667], [16.915530999999998, 78.659285], [16.915524833333333, 78.65928333333333], [16.915519, 78.65928149999999], [16.915513166666663, 78.65927983333333], [16.915507833333333, 78.659278], [16.915502333333333, 78.65927633333334], [16.915496833333336, 78.65927450000001], [16.915491666666664, 78.65927266666667], [16.915486833333333, 78.65927083333332], [16.915482166666667, 78.65926883333333], [16.915477666666668, 78.659267], [16.9154735, 78.65926533333332], [16.91546966666667, 78.6592635], [16.915466, 78.65926166666667], [16.915462666666667, 78.65925999999999], [16.915459333333335, 78.65925816666666], [16.91545616666667, 78.65925616666667], [16.9154525, 78.65925399999999], [16.915448833333336, 78.65925183333334], [16.915445666666667, 78.65924966666667], [16.915442499999997, 78.6592475], [16.915439499999998, 78.6592455], [16.915436833333334, 78.6592435], [16.915434333333334, 78.65924133333333], [16.915431833333333, 78.65923933333333], [16.915429500000002, 78.65923716666666], [16.915427333333334, 78.65923516666666], [16.9154255, 78.659233], [16.915423666666666, 78.659231], [16.915422166666666, 78.65922900000001], [16.9154205, 78.65922683333334], [16.915418833333334, 78.65922483333334], [16.915417333333334, 78.65922283333333], [16.915416, 78.65922083333334], [16.915415, 78.65921883333334], [16.915413833333332, 78.65921666666667], [16.915413, 78.65921466666667], [16.915412333333332, 78.65921266666666], [16.915411333333335, 78.65921066666667], [16.9154105, 78.6592085], [16.915409833333335, 78.6592065], [16.915409333333333, 78.65920433333334], [16.915408666666668, 78.65920233333333], [16.915408333333335, 78.65920016666668], [16.915408, 78.65919816666666], [16.915407666666667, 78.65919616666666], [16.9154075, 78.65919416666667], [16.915407166666668, 78.65919216666666], [16.915406833333336, 78.65919033333333], [16.915406833333336, 78.65918833333333], [16.915407000000002, 78.6591865], [16.915407333333334, 78.65918466666668], [16.915407333333334, 78.65918283333333], [16.915407333333334, 78.659181], [16.915407166666668, 78.659179], [16.915407333333334, 78.65917716666667], [16.9154075, 78.65917533333332], [16.915408, 78.6591735], [16.915408333333335, 78.65917183333333], [16.915408666666668, 78.65916999999999], [16.915408833333334, 78.659168], [16.915408833333334, 78.65916616666667], [16.915409166666667, 78.65916433333334], [16.9154095, 78.65916250000001], [16.91541, 78.65916066666666], [16.915410333333334, 78.65915866666666], [16.915410333333334, 78.65915683333333], [16.915410333333334, 78.659155], [16.915410166666668, 78.65915316666666], [16.915410333333334, 78.65915133333333], [16.915410666666666, 78.6591495], [16.915411, 78.65914766666667], [16.91541116666667, 78.65914583333333], [16.91541116666667, 78.65914383333333], [16.915411, 78.659142], [16.915410833333333, 78.65914016666667], [16.915410666666666, 78.65913833333335], [16.915410666666666, 78.65913633333334], [16.915410666666666, 78.6591345], [16.915410666666666, 78.65913266666666], [16.9154105, 78.65913083333334], [16.915410166666668, 78.65912883333334], [16.915410166666668, 78.659127], [16.915409833333335, 78.65912516666667], [16.91540966666667, 78.65912316666666], [16.91540966666667, 78.65912133333333], [16.915409333333333, 78.6591195], [16.915409, 78.65911750000001], [16.915408666666668, 78.65911566666666], [16.91540816666667, 78.65911383333334], [16.915407666666667, 78.65911183333333], [16.915407333333334, 78.65911], [16.915406833333336, 78.659108], [16.915406333333333, 78.65910616666666], [16.91540566666667, 78.65910433333333], [16.915405, 78.65910233333334], [16.91540416666667, 78.65910050000001], [16.9154035, 78.6590985], [16.91540266666667, 78.6590965], [16.91540183333333, 78.65909466666668], [16.915401, 78.65909283333333], [16.915400166666664, 78.65909083333332], [16.915398999999997, 78.65908883333333], [16.915398, 78.659087], [16.915396833333332, 78.659085], [16.91539583333333, 78.65908316666668], [16.915394666666668, 78.65908116666667], [16.9153935, 78.65907933333332], [16.915392333333333, 78.65907733333333], [16.915391333333332, 78.65907533333333], [16.91539016666667, 78.6590735], [16.915389, 78.6590715], [16.915387833333334, 78.6590695], [16.915386666666667, 78.65906766666667], [16.9153855, 78.65906566666666], [16.915384333333336, 78.65906366666667], [16.915383000000002, 78.65906183333333], [16.915381833333335, 78.65905983333333], [16.9153805, 78.65905783333332], [16.915378999999998, 78.65905599999999], [16.915377666666664, 78.659054], [16.915376166666665, 78.659052], [16.915374666666665, 78.65905], [16.915373166666665, 78.659048], [16.9153715, 78.65904616666667], [16.915369833333333, 78.65904416666667], [16.915368166666667, 78.65904216666667], [16.915366666666667, 78.65904016666667], [16.915365166666668, 78.65903833333333], [16.9153635, 78.65903633333333], [16.915361833333336, 78.65903433333332], [16.91536, 78.65903233333333], [16.915358166666667, 78.65903033333333], [16.915356499999998, 78.65902833333332], [16.915354666666666, 78.65902633333333], [16.915352833333333, 78.65902433333333], [16.915350999999998, 78.6590225], [16.91534933333333, 78.6590205], [16.9153475, 78.6590185], [16.915345833333333, 78.6590165], [16.915343833333335, 78.6590145], [16.915341833333333, 78.6590125], [16.91534, 78.65901050000001], [16.915338000000002, 78.6590085], [16.91533616666667, 78.6590065], [16.915333999999998, 78.65900466666668], [16.915331833333333, 78.65900266666667], [16.915329666666665, 78.6590005], [16.9153275, 78.65899850000001], [16.915325499999998, 78.65899666666665], [16.915323666666666, 78.65899466666666], [16.915321666666667, 78.65899266666666], [16.91531966666667, 78.6589905], [16.915317666666667, 78.6589885], [16.915315833333334, 78.65898650000001], [16.91531366666667, 78.65898433333334], [16.915311666666664, 78.65898233333334], [16.9153095, 78.65898033333333], [16.91530733333333, 78.65897833333334], [16.915305333333333, 78.65897633333334], [16.915303166666668, 78.65897433333333], [16.915301333333332, 78.65897233333334], [16.915299333333333, 78.65897033333334], [16.915297333333335, 78.65896833333333], [16.915295333333333, 78.65896616666667], [16.915293000000002, 78.65896416666666], [16.915290833333334, 78.658962], [16.91528883333333, 78.65896], [16.915286666666667, 78.658958], [16.9152845, 78.658956], [16.9152825, 78.658954], [16.915280499999998, 78.65895183333333], [16.9152785, 78.65894983333332], [16.915276333333335, 78.65894783333333], [16.915274333333333, 78.65894566666665], [16.915272166666668, 78.65894366666666], [16.91527016666667, 78.65894166666666], [16.915268166666667, 78.6589395], [16.915266, 78.65893750000001], [16.915263999999997, 78.65893550000001], [16.915261833333332, 78.65893333333334], [16.915259833333334, 78.65893133333334], [16.91525783333333, 78.65892933333333], [16.915255833333333, 78.65892733333334], [16.915253833333335, 78.65892516666666], [16.9152515, 78.65892316666667], [16.9152495, 78.65892116666667], [16.915247333333333, 78.65891916666666], [16.915245333333335, 78.658917], [16.915242999999997, 78.658915], [16.915240833333332, 78.65891283333333], [16.915238666666667, 78.65891083333332], [16.915236666666665, 78.65890883333333], [16.9152345, 78.65890666666665], [16.915232500000002, 78.65890466666666], [16.9152305, 78.65890250000001], [16.915228333333335, 78.6589005], [16.915226333333333, 78.65889833333334], [16.91522416666667, 78.65889616666666], [16.91522216666667, 78.65889416666667], [16.915220166666664, 78.658892], [16.915218166666666, 78.65888983333333], [16.915216, 78.65888783333334], [16.915214166666665, 78.65888566666666], [16.915212166666667, 78.65888366666667], [16.915210166666668, 78.65888166666667], [16.915208, 78.6588795], [16.915206166666668, 78.6588775], [16.91520416666667, 78.65887550000001], [16.915202, 78.65887333333333], [16.91520016666667, 78.65887116666666], [16.915198166666666, 78.65886916666666], [16.91519633333333, 78.658867], [16.915194333333332, 78.65886483333334], [16.915192333333334, 78.65886266666666], [16.9151905, 78.65886066666667], [16.915188666666666, 78.6588585], [16.915187, 78.65885633333333], [16.915185, 78.65885416666667], [16.915183000000003, 78.658852], [16.915181, 78.65885], [16.915179166666668, 78.65884783333333], [16.91517716666667, 78.65884566666666], [16.91517533333333, 78.65884366666667], [16.915173499999998, 78.65884150000001], [16.9151715, 78.65883950000001], [16.915169666666667, 78.65883733333334], [16.915168, 78.65883533333334], [16.915166166666666, 78.65883316666667], [16.9151645, 78.65883116666667], [16.915162666666667, 78.658829], [16.91516066666667, 78.65882683333332], [16.915158833333333, 78.65882466666667], [16.915156833333334, 78.6588225], [16.915155000000002, 78.65882033333334], [16.915153, 78.65881833333333], [16.915150999999998, 78.65881616666667], [16.915149, 78.65881399999999], [16.91514683333333, 78.658812], [16.915145, 78.65880983333334], [16.915143166666667, 78.65880783333334], [16.915141333333334, 78.65880566666667], [16.915139333333332, 78.6588035], [16.915137333333334, 78.65880133333333], [16.915135333333335, 78.65879916666667], [16.91513366666667, 78.658797], [16.915131666666664, 78.65879483333333], [16.91512983333333, 78.65879266666667], [16.915127833333333, 78.65879066666666], [16.915126, 78.6587885], [16.915124, 78.65878633333334], [16.915122166666666, 78.65878416666666], [16.9151205, 78.65878216666667], [16.915118666666668, 78.65878], [16.915116833333332, 78.65877783333333], [16.915115, 78.65877566666667], [16.915113166666668, 78.65877350000001], [16.915111500000002, 78.65877133333333], [16.915109500000003, 78.65876916666666], [16.91510783333333, 78.658767], [16.915105999999998, 78.65876483333334], [16.915104, 78.65876283333334], [16.915102333333333, 78.65876066666667], [16.915100666666667, 78.6587585], [16.91509883333333, 78.6587565], [16.915097166666666, 78.65875433333333], [16.9150955, 78.65875216666667], [16.915093666666667, 78.65875], [16.915091833333335, 78.65874783333334], [16.91509016666667, 78.65874566666666], [16.915088500000003, 78.6587435], [16.91508683333333, 78.65874133333334], [16.915085166666664, 78.65873916666666], [16.915083666666664, 78.658737], [16.915082166666664, 78.65873483333333], [16.915080666666665, 78.65873266666668], [16.915079166666665, 78.6587305], [16.915077666666665, 78.65872850000001], [16.915076, 78.65872633333333], [16.915074666666666, 78.65872416666666], [16.915073, 78.658722], [16.9150715, 78.65871983333334], [16.91507, 78.65871766666667], [16.9150685, 78.6587155], [16.915066833333334, 78.65871316666667], [16.91506516666667, 78.658711], [16.915063666666665, 78.658709], [16.915062166666665, 78.65870683333333], [16.915060666666665, 78.65870466666667], [16.915059166666666, 78.65870249999999], [16.915057666666666, 78.6587005], [16.915056166666666, 78.65869833333333], [16.915054666666666, 78.65869616666667], [16.915053, 78.658694], [16.915051333333334, 78.65869183333332], [16.915049500000002, 78.65868966666667], [16.915048000000002, 78.65868766666668], [16.915046500000003, 78.6586855], [16.915044833333333, 78.65868333333333], [16.915043166666667, 78.65868116666667], [16.915041666666664, 78.65867899999999], [16.915039999999998, 78.658677], [16.915038666666664, 78.65867499999999], [16.915037166666664, 78.65867283333334], [16.9150355, 78.65867066666667], [16.915033666666666, 78.65866866666667], [16.915032, 78.6586665], [16.915030166666668, 78.65866433333333], [16.915028333333332, 78.65866233333333], [16.915026666666666, 78.65866016666668], [16.915024833333334, 78.658658], [16.915023, 78.65865583333333], [16.91502116666667, 78.65865383333333], [16.915019500000003, 78.65865166666667], [16.91501783333333, 78.6586495], [16.915015999999998, 78.6586475], [16.915014333333332, 78.65864533333334], [16.9150125, 78.65864333333334], [16.915010666666667, 78.65864116666667], [16.91500883333333, 78.658639], [16.915006833333333, 78.658637], [16.91500466666667, 78.65863483333332], [16.915002833333332, 78.65863266666666], [16.915000833333334, 78.65863066666667], [16.914999, 78.6586285], [16.91499683333333, 78.65862633333333], [16.914994999999998, 78.65862433333334], [16.914993, 78.65862216666666], [16.914991166666667, 78.65862], [16.91498933333333, 78.65861799999999], [16.9149875, 78.65861583333334], [16.9149855, 78.65861366666667], [16.9149835, 78.65861166666667], [16.914981666666666, 78.6586095], [16.914979833333334, 78.6586075], [16.914977833333335, 78.65860533333333], [16.914976000000003, 78.65860333333333], [16.914974166666664, 78.65860116666666], [16.914972166666665, 78.65859900000001], [16.914970166666667, 78.658597], [16.914968166666664, 78.65859483333334], [16.914966166666666, 78.65859266666666], [16.914964166666667, 78.65859066666667], [16.914962166666665, 78.6585885], [16.914959833333334, 78.65858633333333], [16.914957833333336, 78.65858433333332], [16.914955666666668, 78.65858216666668], [16.91495366666667, 78.65858], [16.914951499999997, 78.658578], [16.9149495, 78.65857583333333], [16.9149475, 78.65857383333334], [16.914945333333332, 78.65857166666666], [16.914943333333333, 78.65856950000001], [16.914941333333335, 78.65856733333334], [16.914939166666667, 78.65856516666666], [16.914937166666668, 78.65856316666667], [16.914935, 78.65856099999999], [16.914932833333335, 78.65855883333333], [16.914930666666667, 78.65855683333332], [16.9149285, 78.65855466666667], [16.914926333333334, 78.6585525], [16.914924166666665, 78.65855033333334], [16.914922166666667, 78.65854833333333], [16.91492, 78.65854616666667], [16.914917833333334, 78.65854399999999], [16.914915666666666, 78.65854183333333], [16.9149135, 78.65853966666667], [16.914911500000002, 78.6585375], [16.914909333333334, 78.65853533333333], [16.914907333333336, 78.65853316666667], [16.914905333333333, 78.658531], [16.914903499999998, 78.65852883333334], [16.914901333333333, 78.65852666666666], [16.9148995, 78.65852450000001], [16.9148975, 78.65852233333334], [16.9148955, 78.65852016666666], [16.9148935, 78.658518], [16.9148915, 78.65851583333333], [16.9148895, 78.65851366666668], [16.914887333333336, 78.65851166666667], [16.9148855, 78.65850950000001], [16.914883333333332, 78.6585075], [16.914881333333334, 78.65850533333334], [16.91487933333333, 78.65850316666666], [16.914877333333333, 78.65850099999999], [16.914875333333335, 78.65849883333334], [16.914873166666666, 78.65849666666666], [16.914871166666668, 78.6584945], [16.914869166666666, 78.65849233333333], [16.914867, 78.65849016666667], [16.91486516666667, 78.658488], [16.914863166666667, 78.658486], [16.914861166666665, 78.65848383333334], [16.914859333333332, 78.65848166666666], [16.914857166666664, 78.65847966666666], [16.914855166666666, 78.65847749999999], [16.914853166666667, 78.65847533333334], [16.914851, 78.65847316666667], [16.914849, 78.65847099999999], [16.914847, 78.65846883333333], [16.914845, 78.65846666666667], [16.914843, 78.65846450000001], [16.914841000000003, 78.65846233333333], [16.91483883333333, 78.65846033333334], [16.914837, 78.65845816666666], [16.914834833333334, 78.65845599999999], [16.914832999999998, 78.65845383333334], [16.914831, 78.65845183333333], [16.914829, 78.65844966666667], [16.914826666666666, 78.65844733333333], [16.914824666666668, 78.65844516666667], [16.9148225, 78.658443], [16.91482016666667, 78.65844083333333], [16.914818, 78.65843866666667], [16.914815666666666, 78.65843633333334], [16.914813666666664, 78.65843416666667], [16.9148115, 78.65843199999999], [16.914809333333334, 78.65842983333333], [16.914807, 78.65842766666667], [16.914805, 78.6584255], [16.914803, 78.65842333333333], [16.914800833333334, 78.65842116666666], [16.914798833333336, 78.65841900000001], [16.914796833333334, 78.65841683333333], [16.914794833333335, 78.65841466666667], [16.914792833333333, 78.6584125], [16.91479083333333, 78.65841033333332], [16.914788833333333, 78.65840816666667], [16.914787, 78.658406], [16.914785, 78.65840383333332], [16.914782833333334, 78.65840183333333], [16.914781, 78.65839966666667], [16.914779, 78.6583975], [16.914777166666667, 78.65839533333333], [16.91477516666667, 78.65839316666667], [16.914773166666667, 78.658391], [16.914771166666664, 78.658389], [16.914769, 78.65838666666667], [16.914766999999998, 78.6583845], [16.914765166666665, 78.6583825], [16.914763166666667, 78.65838033333333], [16.914761166666665, 78.65837816666667], [16.914759166666666, 78.658376], [16.914757333333334, 78.65837400000001], [16.914755333333336, 78.65837183333333], [16.914753166666667, 78.65836966666667], [16.91475116666667, 78.6583675], [16.914749166666663, 78.65836533333332], [16.91474733333333, 78.65836316666667], [16.914745333333332, 78.658361], [16.9147435, 78.65835883333332], [16.914741499999998, 78.65835666666666], [16.9147395, 78.6583545], [16.9147375, 78.65835233333334], [16.9147355, 78.65835016666666], [16.9147335, 78.65834799999999], [16.914731500000002, 78.65834583333334], [16.914729666666666, 78.65834383333332], [16.914727666666668, 78.65834166666667], [16.9147255, 78.6583395], [16.914723499999997, 78.65833733333334], [16.9147215, 78.65833516666666], [16.914719333333334, 78.658333], [16.914716833333333, 78.65833083333334], [16.914714166666666, 78.65832866666666], [16.914711166666667, 78.65832666666667], [16.914707833333335, 78.65832466666667], [16.914703999999997, 78.65832266666666], [16.914699499999998, 78.65832066666667], [16.914695, 78.65831866666667], [16.91468916666667, 78.65831666666666], [16.914683, 78.65831466666667], [16.914677333333334, 78.65831266666667], [16.91467116666667, 78.65831083333335], [16.9146645, 78.65830899999999], [16.914657833333333, 78.65830716666666], [16.9146505, 78.65830550000001], [16.9146435, 78.65830383333333], [16.914635999999998, 78.65830216666667], [16.914628166666667, 78.6583005], [16.9146205, 78.658299], [16.914612499999997, 78.65829749999999], [16.9146045, 78.658296], [16.914596333333336, 78.65829466666668], [16.914588, 78.65829316666667], [16.9145795, 78.65829183333334], [16.914570833333336, 78.65829066666667], [16.914561833333334, 78.65828933333334], [16.914552833333335, 78.65828816666667], [16.914543666666667, 78.658287], [16.914534333333332, 78.658286], [16.914525, 78.65828499999999], [16.914515333333334, 78.65828400000001], [16.914505666666667, 78.658283], [16.914496, 78.65828216666667], [16.914486166666666, 78.65828133333333], [16.914476333333333, 78.65828066666667], [16.9144665, 78.65828], [16.91445666666667, 78.65827933333334], [16.9144475, 78.65827916666667], [16.914438333333333, 78.658279], [16.914429, 78.65827883333333], [16.914419666666667, 78.65827883333333], [16.91441, 78.65827883333333], [16.9144, 78.65827866666667], [16.91439, 78.65827850000001], [16.91438, 78.65827850000001], [16.91437, 78.65827833333333], [16.914359666666666, 78.65827833333333], [16.914349333333334, 78.65827816666666], [16.914338833333332, 78.65827816666666], [16.914328333333334, 78.65827816666666], [16.91431783333333, 78.65827800000001], [16.914307166666667, 78.65827783333334], [16.914296666666665, 78.65827800000001], [16.914286, 78.65827800000001], [16.914275333333332, 78.65827800000001], [16.9142645, 78.65827800000001], [16.914253499999997, 78.65827800000001], [16.914242833333333, 78.65827816666666], [16.914232166666668, 78.65827833333333], [16.9142215, 78.65827850000001], [16.914210833333335, 78.65827866666667], [16.914200166666667, 78.65827883333333], [16.914189166666667, 78.658279], [16.914178166666666, 78.65827916666667], [16.9141675, 78.65827933333334], [16.914156333333334, 78.65827949999999], [16.914145333333334, 78.65827966666667], [16.914134166666667, 78.65827966666667], [16.914123, 78.65827983333334], [16.914111833333333, 78.65828], [16.914100833333336, 78.65828016666666], [16.914089833333332, 78.65828033333334], [16.91407866666667, 78.6582805], [16.914067666666664, 78.65828066666667], [16.914056666666667, 78.65828083333334], [16.914045666666667, 78.658281], [16.9140345, 78.65828133333333], [16.9140235, 78.6582815], [16.914012500000002, 78.65828166666667], [16.91400133333333, 78.65828183333333], [16.913990333333334, 78.65828216666667], [16.913978999999998, 78.65828233333333], [16.913967833333334, 78.65828266666668], [16.913956499999998, 78.65828283333333], [16.913945333333334, 78.658283], [16.913934166666664, 78.65828333333334], [16.913923, 78.6582835], [16.913912, 78.65828366666666], [16.913900833333333, 78.65828400000001], [16.9138895, 78.65828416666666], [16.913878333333333, 78.65828450000001], [16.913867, 78.65828466666667], [16.913855666666667, 78.65828499999999], [16.913844333333333, 78.65828516666667], [16.913833, 78.65828549999999], [16.913821833333333, 78.65828566666667], [16.913810666666667, 78.658286], [16.913799666666666, 78.65828616666666], [16.9137885, 78.65828633333334], [16.9137775, 78.65828666666667], [16.9137665, 78.65828683333334], [16.913755166666665, 78.658287], [16.913744, 78.65828733333333], [16.91373283333333, 78.6582875], [16.9137215, 78.65828766666667], [16.913710499999997, 78.65828783333333], [16.913699166666667, 78.658288], [16.91368783333333, 78.65828816666667], [16.913676666666667, 78.65828833333333], [16.9136655, 78.6582885], [16.913654166666667, 78.65828866666668], [16.913642666666664, 78.65828883333333], [16.91363116666667, 78.65828916666666], [16.913619999999998, 78.65828933333334], [16.91360866666667, 78.6582895], [16.913597499999998, 78.6582895], [16.913586333333335, 78.65828966666666], [16.913574833333332, 78.65828983333334], [16.91356366666667, 78.65829000000001], [16.91355233333333, 78.65829016666666], [16.91354116666667, 78.65829033333333], [16.913529666666665, 78.6582905], [16.913518166666666, 78.65829066666667], [16.913506666666667, 78.65829083333333], [16.913495166666667, 78.65829083333333], [16.91348383333333, 78.65829099999999], [16.913472333333335, 78.65829116666667], [16.913460999999998, 78.65829133333334], [16.913449833333335, 78.65829133333334], [16.913438666666664, 78.65829149999999], [16.913427666666667, 78.65829166666667], [16.913416666666667, 78.65829183333334], [16.9134055, 78.65829183333334], [16.9133945, 78.658292], [16.913383333333336, 78.65829216666666], [16.913372166666665, 78.65829216666666], [16.913360833333336, 78.65829233333334], [16.913349666666665, 78.6582925], [16.913338166666666, 78.6582925], [16.913326833333333, 78.65829266666667], [16.913315666666666, 78.65829283333333], [16.913304666666665, 78.658293], [16.9132935, 78.658293], [16.91328233333333, 78.65829316666667], [16.913271166666668, 78.65829333333333], [16.913259999999998, 78.6582935], [16.913248666666668, 78.65829366666667], [16.913237499999997, 78.65829383333333], [16.913226333333334, 78.658294], [16.913215166666664, 78.658294], [16.913204, 78.65829416666666], [16.913192666666664, 78.65829433333333], [16.9131815, 78.6582945], [16.913170166666664, 78.65829466666668], [16.913159, 78.65829483333333], [16.913148, 78.658295], [16.913136833333333, 78.658295], [16.913125666666666, 78.65829516666666], [16.913114333333333, 78.65829533333334], [16.913103166666666, 78.6582955], [16.913091666666666, 78.65829566666666], [16.913080333333333, 78.65829566666666], [16.913069, 78.65829583333334], [16.913057666666667, 78.658296], [16.9130465, 78.658296], [16.913034999999997, 78.65829616666666], [16.913023666666668, 78.65829633333333], [16.913012499999997, 78.6582965], [16.913001333333334, 78.65829666666667], [16.912989999999997, 78.65829683333332], [16.912978833333334, 78.65829683333332], [16.912967499999997, 78.65829699999999], [16.912956166666667, 78.65829716666667], [16.912944999999997, 78.65829733333334], [16.912933666666667, 78.65829749999999], [16.912922166666664, 78.65829766666667], [16.912910833333335, 78.65829783333334], [16.912899333333332, 78.658298], [16.912888000000002, 78.65829816666665], [16.912876666666666, 78.65829833333333], [16.912865333333333, 78.6582985], [16.912853833333333, 78.65829866666667], [16.912842333333334, 78.65829883333335], [16.912831166666667, 78.658299], [16.9128195, 78.65829916666667], [16.912808166666665, 78.65829933333333], [16.91279666666667, 78.65829950000001], [16.912785166666666, 78.65829966666666], [16.912773666666666, 78.65829983333333], [16.9127625, 78.65829983333333], [16.912750833333334, 78.6583], [16.9127395, 78.65830016666668], [16.912728166666668, 78.65830033333333], [16.912716666666665, 78.6583005], [16.912705333333335, 78.65830066666668], [16.912693833333332, 78.65830066666668], [16.912682500000003, 78.65830083333334], [16.912671, 78.658301], [16.9126595, 78.65830116666666], [16.912648166666667, 78.65830116666666], [16.912636666666668, 78.65830133333334], [16.912625166666665, 78.65830150000001], [16.912614, 78.65830166666666], [16.912602833333334, 78.65830166666666], [16.912591333333335, 78.65830183333334], [16.912580166666665, 78.65830183333334], [16.912568833333335, 78.658302], [16.912557666666665, 78.65830216666667], [16.912546333333335, 78.65830216666667], [16.912534833333332, 78.65830233333332], [16.91252366666667, 78.6583025], [16.9125125, 78.65830266666667], [16.912501000000002, 78.65830266666667], [16.9124895, 78.65830283333334], [16.912478333333336, 78.65830299999999], [16.912466833333333, 78.65830316666667], [16.912455666666666, 78.65830333333334], [16.912444333333333, 78.6583035], [16.912433333333336, 78.6583035], [16.912422, 78.65830366666667], [16.912411000000002, 78.65830383333333], [16.912399999999998, 78.658304], [16.912388833333335, 78.658304], [16.912377499999998, 78.65830416666667], [16.912366333333335, 78.65830416666667], [16.912354999999998, 78.65830433333333], [16.91234366666667, 78.65830433333333], [16.91233233333333, 78.6583045], [16.91232116666667, 78.6583045], [16.91230983333333, 78.6583045], [16.91229866666667, 78.65830466666667], [16.912287166666665, 78.65830466666667], [16.912276000000002, 78.65830466666667], [16.9122645, 78.65830483333335], [16.91225316666667, 78.65830483333335], [16.912241666666667, 78.65830483333335], [16.912230166666667, 78.658305], [16.912218666666668, 78.658305], [16.91220716666667, 78.65830516666666], [16.912195666666666, 78.65830516666666], [16.91218416666667, 78.65830516666666], [16.9121725, 78.65830516666666], [16.912161, 78.65830533333333], [16.912149666666668, 78.65830533333333], [16.912138333333335, 78.65830533333333], [16.912126999999998, 78.65830550000001], [16.91211566666667, 78.65830550000001], [16.912104333333332, 78.65830550000001], [16.912092833333336, 78.65830566666666], [16.912081333333333, 78.65830566666666], [16.91206983333333, 78.65830583333333], [16.912058333333334, 78.65830583333333], [16.91204683333333, 78.658306], [16.912035166666666, 78.658306], [16.9120235, 78.65830616666668], [16.912012, 78.65830616666668], [16.91200033333333, 78.65830633333333], [16.911988666666666, 78.6583065], [16.911977, 78.6583065], [16.9119655, 78.65830666666668], [16.91195383333333, 78.65830666666668], [16.911942333333332, 78.65830666666668], [16.911930666666667, 78.65830683333334], [16.911919, 78.65830683333334], [16.911907499999998, 78.65830683333334], [16.911896000000002, 78.658307], [16.911884333333333, 78.658307], [16.911872666666667, 78.658307], [16.911861166666665, 78.65830716666666], [16.91184966666667, 78.65830716666666], [16.911838166666666, 78.65830733333334], [16.911826833333336, 78.65830733333334], [16.911815166666667, 78.65830733333334], [16.911803666666668, 78.65830733333334], [16.911792166666665, 78.65830733333334], [16.91178066666667, 78.6583075], [16.911769, 78.6583075], [16.911757666666666, 78.6583075], [16.911746, 78.6583075], [16.9117345, 78.6583075], [16.911723, 78.6583075], [16.911711500000003, 78.6583075], [16.911700166666666, 78.6583075], [16.9116885, 78.6583075], [16.911677333333333, 78.6583075], [16.911666, 78.6583075], [16.911654833333333, 78.6583075], [16.911643333333334, 78.6583075], [16.911631833333335, 78.65830766666666], [16.911620333333335, 78.65830766666666], [16.911609, 78.65830766666666], [16.91159766666667, 78.65830766666666], [16.911587, 78.65830766666666], [16.911577166666667, 78.65830783333334], [16.911567833333333, 78.65830783333334], [16.911559333333333, 78.65830783333334], [16.911551166666666, 78.658308], [16.9115435, 78.658308], [16.911536166666668, 78.65830816666667], [16.911529166666664, 78.65830816666667], [16.911522666666666, 78.65830816666667], [16.9115165, 78.65830833333332], [16.911510500000002, 78.65830833333332], [16.911504666666666, 78.6583085], [16.911499, 78.6583085], [16.91149366666667, 78.6583085], [16.9114885, 78.65830866666667], [16.911483333333333, 78.65830866666667], [16.911478499999998, 78.65830866666667], [16.911473833333332, 78.65830883333334], [16.911469333333333, 78.65830883333334], [16.911465, 78.65830899999999], [16.911460833333333, 78.65830899999999], [16.911456166666667, 78.65830933333334], [16.911451666666668, 78.65830966666667], [16.911447666666668, 78.65831], [16.911444666666668, 78.6583105], [16.911441500000002, 78.65831116666666], [16.911439166666664, 78.65831183333333], [16.911436833333333, 78.65831266666667], [16.9114355, 78.65831333333334], [16.911434333333332, 78.65831383333334], [16.911433833333334, 78.6583145], [16.911433499999998, 78.65831499999999], [16.911433166666665, 78.6583155], [16.911432833333333, 78.65831583333333], [16.911432666666666, 78.65831633333333], [16.911432833333333, 78.65831666666666], [16.911432833333333, 78.658317], [16.911433, 78.65831733333333], [16.91143333333333, 78.65831783333333], [16.91143333333333, 78.65831816666667], [16.911433499999998, 78.6583185], [16.911433499999998, 78.65831883333334], [16.911433666666667, 78.65831916666666], [16.911433833333334, 78.65831933333334], [16.911434333333332, 78.65831966666666], [16.91143483333333, 78.65832], [16.91143483333333, 78.65832033333332], [16.911435666666666, 78.6583205], [16.91143633333333, 78.65832083333333], [16.911437, 78.65832099999999], [16.911437499999998, 78.65832133333333], [16.911437666666664, 78.6583215], [16.91143783333333, 78.65832166666668], [16.911438166666667, 78.658322], [16.911438666666665, 78.65832233333335], [16.911439499999997, 78.65832266666666], [16.91144016666667, 78.65832316666666], [16.911441333333336, 78.65832366666667], [16.9114425, 78.65832416666667], [16.91144316666667, 78.65832466666667], [16.911443666666667, 78.65832516666666], [16.911443833333333, 78.65832566666667], [16.911444, 78.658326], [16.91144416666667, 78.6583265], [16.91144416666667, 78.65832683333333], [16.91144416666667, 78.65832733333333], [16.9114445, 78.65832766666668], [16.911444666666668, 78.65832816666666], [16.911444666666668, 78.6583285], [16.911444833333334, 78.65832883333334], [16.911444833333334, 78.65832916666666], [16.911445166666667, 78.65832950000001], [16.911445166666667, 78.65832983333333], [16.911445333333333, 78.65833016666667], [16.911445333333333, 78.65833049999999], [16.911445333333333, 78.65833066666667], [16.9114455, 78.658331], [16.911445833333335, 78.65833116666666], [16.911445833333335, 78.6583315], [16.911445833333335, 78.65833166666667], [16.911446166666668, 78.65833183333334], [16.911446166666668, 78.65833216666667], [16.9114465, 78.65833233333333], [16.911446666666667, 78.6583325], [16.911446666666667, 78.65833266666667], [16.911446833333333, 78.658333], [16.911447, 78.65833316666667], [16.91144716666667, 78.65833333333333], [16.911447333333335, 78.6583335], [16.911447333333335, 78.65833366666668], [16.91144716666667, 78.65833383333333], [16.911447333333335, 78.658334], [16.9114475, 78.65833416666666], [16.9114475, 78.65833433333334], [16.911447666666668, 78.65833433333334], [16.911447666666668, 78.6583345], [16.9114475, 78.65833466666666], [16.911447666666668, 78.65833483333333], [16.911447333333335, 78.65833500000001], [16.911447333333335, 78.65833500000001], [16.91144716666667, 78.65833516666666], [16.911447333333335, 78.65833533333333], [16.91144716666667, 78.6583355], [16.91144716666667, 78.6583355], [16.911446833333333, 78.65833566666667], [16.911446666666667, 78.65833583333333], [16.911446666666667, 78.65833599999999], [16.9114465, 78.65833616666667], [16.911446333333334, 78.65833616666667], [16.911446, 78.65833633333334], [16.911446, 78.65833649999999], [16.911445833333335, 78.65833666666667], [16.91144566666667, 78.65833666666667], [16.911445333333333, 78.65833683333334], [16.911445166666667, 78.658337], [16.911445, 78.65833716666666], [16.911445, 78.65833716666666], [16.911445, 78.65833733333334], [16.911445, 78.6583375], [16.911445, 78.6583375], [16.911444833333334, 78.65833766666667], [16.911444666666668, 78.65833766666667], [16.911444666666668, 78.65833783333332], [16.9114445, 78.65833783333332], [16.9114445, 78.658338], [16.91144416666667, 78.65833816666667], [16.91144416666667, 78.65833816666667], [16.911444, 78.65833816666667], [16.911443833333333, 78.65833833333333], [16.9114435, 78.65833833333333], [16.911443333333334, 78.6583385], [16.911443000000002, 78.6583385], [16.911442833333336, 78.65833866666667], [16.91144266666667, 78.65833866666667], [16.9114425, 78.65833883333333], [16.911442333333333, 78.65833883333333], [16.911442, 78.658339], [16.91144166666667, 78.658339], [16.911441500000002, 78.65833916666666], [16.911441333333336, 78.65833916666666], [16.911441333333336, 78.65833933333333], [16.91144116666667, 78.65833933333333], [16.911440833333334, 78.6583395], [16.911440666666667, 78.6583395], [16.9114405, 78.6583395], [16.911440333333335, 78.65833966666668], [16.91144016666667, 78.65833966666668], [16.911440000000002, 78.65833983333333], [16.911440000000002, 78.65833983333333], [16.911440000000002, 78.65833983333333], [16.911440000000002, 78.65834], [16.91144016666667, 78.65834], [16.91144016666667, 78.65834], [16.911440333333335, 78.65834016666666], [16.911440333333335, 78.65834016666666], [16.911440333333335, 78.65834033333334], [16.9114405, 78.65834033333334], [16.9114405, 78.65834033333334], [16.911440333333335, 78.6583405], [16.911440000000002, 78.6583405], [16.911440000000002, 78.65834066666666], [16.91143966666667, 78.65834066666666], [16.91143966666667, 78.65834083333333], [16.911439499999997, 78.65834083333333], [16.911439499999997, 78.65834100000001], [16.91143933333333, 78.65834100000001], [16.911438999999998, 78.65834116666666], [16.91143883333333, 78.65834116666666], [16.91143883333333, 78.65834133333333], [16.911438999999998, 78.65834133333333], [16.91143883333333, 78.6583415], [16.91143883333333, 78.6583415], [16.911438666666665, 78.65834166666667], [16.9114385, 78.65834166666667], [16.911438333333333, 78.65834183333332], [16.911438333333333, 78.65834183333332], [16.911438166666667, 78.65834199999999], [16.911438166666667, 78.65834199999999], [16.91143783333333, 78.65834216666667], [16.911437666666664, 78.65834233333334], [16.911437666666664, 78.65834233333334], [16.911437333333332, 78.65834249999999], [16.911437166666666, 78.65834249999999], [16.911437166666666, 78.65834266666667], [16.911436833333333, 78.65834283333334], [16.911436499999997, 78.658343], [16.911436166666665, 78.658343], [16.911436166666665, 78.65834316666665], [16.911436166666665, 78.65834316666665], [16.911435833333332, 78.65834333333333], [16.911435833333332, 78.6583435], [16.911435666666666, 78.6583435], [16.911435666666666, 78.65834366666667], [16.9114355, 78.65834366666667], [16.911435166666667, 78.65834383333332], [16.911434999999997, 78.65834383333332], [16.91143483333333, 78.658344], [16.911434666666665, 78.658344], [16.911434166666666, 78.65834416666667], [16.911434, 78.65834416666667], [16.911433499999998, 78.65834433333333], [16.91143333333333, 78.65834433333333], [16.911433, 78.65834450000001], [16.911432666666666, 78.65834450000001], [16.911432333333334, 78.65834466666666], [16.911431999999998, 78.65834483333333], [16.91143183333333, 78.658345], [16.9114315, 78.658345], [16.9114315, 78.65834516666668], [16.911431333333333, 78.65834533333333], [16.911431, 78.65834533333333], [16.911430666666668, 78.6583455], [16.911430333333332, 78.6583455], [16.91143, 78.65834566666668], [16.911429833333333, 78.65834583333334], [16.911429666666667, 78.65834583333334], [16.911429333333334, 78.658346], [16.911429, 78.65834616666666], [16.911428833333332, 78.65834633333334], [16.911428666666666, 78.65834633333334], [16.911428166666667, 78.65834650000001], [16.911427833333335, 78.65834666666666], [16.911427333333332, 78.65834683333333], [16.911427, 78.658347], [16.911427166666666, 78.65834716666667], [16.911427, 78.65834733333332], [16.911427, 78.65834766666667], [16.911426666666667, 78.65834783333334], [16.9114265, 78.65834816666667], [16.911426333333335, 78.65834833333334], [16.911426333333335, 78.65834866666667], [16.91142616666667, 78.65834883333333], [16.911425833333332, 78.658349], [16.911425666666666, 78.65834933333333], [16.911425166666668, 78.6583495], [16.911425, 78.65834983333333], [16.911424833333335, 78.65835], [16.9114245, 78.65835033333333], [16.911424166666666, 78.65835066666666], [16.911423833333334, 78.65835083333333], [16.9114235, 78.658351], [16.911423, 78.65835133333333], [16.911422666666667, 78.6583515], [16.911422333333334, 78.65835183333334], [16.911421833333335, 78.658352], [16.911421333333333, 78.65835216666666], [16.911421, 78.6583525], [16.911420500000002, 78.65835266666666], [16.91142, 78.65835283333332], [16.911419666666667, 78.658353], [16.911419000000002, 78.65835316666667], [16.91141866666667, 78.6583535], [16.911418, 78.65835366666667], [16.911417500000002, 78.65835383333334], [16.91141716666667, 78.65835399999999], [16.911416666666664, 78.65835416666667], [16.911416, 78.65835433333334], [16.911415499999997, 78.6583545], [16.911414999999998, 78.65835466666667], [16.911414833333332, 78.65835466666667], [16.911414333333333, 78.65835483333333], [16.911413666666665, 78.658355], [16.911413166666666, 78.65835516666667], [16.911412666666667, 78.65835533333333], [16.911411833333332, 78.65835533333333], [16.911411166666667, 78.6583555], [16.9114105, 78.6583555], [16.911409666666668, 78.65835566666667], [16.911409, 78.65835583333333], [16.911408333333334, 78.658356], [16.9114075, 78.658356], [16.911406666666668, 78.65835616666666], [16.911406, 78.65835633333333], [16.911405333333335, 78.65835633333333], [16.9114045, 78.65835650000001], [16.911403833333335, 78.65835666666666], [16.911402833333334, 78.65835666666666], [16.911402, 78.65835683333333], [16.911401166666668, 78.65835683333333], [16.9114005, 78.658357], [16.911399666666668, 78.65835716666668], [16.911399, 78.65835716666668], [16.911398166666668, 78.65835733333333], [16.9113975, 78.6583575], [16.91139666666667, 78.6583575], [16.911396, 78.65835766666667], [16.911395333333335, 78.65835783333334], [16.91139466666667, 78.65835783333334], [16.91139383333333, 78.65835799999999], [16.911392999999997, 78.65835816666666], [16.911392499999998, 78.65835833333334], [16.911392333333332, 78.6583585], [16.911392333333332, 78.658359], [16.911392666666664, 78.6583595], [16.911392666666664, 78.65836016666667], [16.911392333333332, 78.658361], [16.911392166666666, 78.65836183333333], [16.911392, 78.65836266666666], [16.911391666666667, 78.6583635], [16.91139133333333, 78.65836466666666], [16.911391, 78.65836566666667], [16.9113905, 78.65836683333333], [16.911389999999997, 78.65836800000001], [16.911389166666666, 78.658369], [16.911387833333333, 78.65837016666666], [16.9113865, 78.65837133333333], [16.911385166666665, 78.6583725], [16.911383666666666, 78.65837366666666], [16.911382166666666, 78.65837483333333], [16.911381, 78.658376], [16.9113795, 78.65837716666667], [16.911378, 78.6583785], [16.911376333333333, 78.65837966666666], [16.911374833333333, 78.65838083333333], [16.911373166666667, 78.658382], [16.911371666666664, 78.65838316666667], [16.911369999999998, 78.6583845], [16.911368333333332, 78.65838583333333], [16.911366833333332, 78.65838699999999], [16.911365166666666, 78.65838833333333], [16.911363666666666, 78.65838966666666], [16.911362166666667, 78.658391], [16.911360666666667, 78.65839233333332], [16.911359, 78.65839366666667], [16.911357333333335, 78.658395], [16.91135566666667, 78.65839633333333], [16.911354, 78.65839766666666], [16.911352333333333, 78.65839899999999], [16.911351, 78.6584005], [16.91134933333333, 78.65840183333333], [16.911347666666664, 78.65840316666666], [16.911345833333332, 78.6584045], [16.911344333333332, 78.658406], [16.911342833333332, 78.65840733333333], [16.911341333333333, 78.65840866666667], [16.911339833333333, 78.65841], [16.911338166666667, 78.6584115], [16.911336666666667, 78.65841283333333], [16.911335166666667, 78.65841416666667], [16.911333833333334, 78.6584155], [16.911332333333334, 78.658417], [16.911330666666668, 78.65841833333334], [16.91132916666667, 78.65841966666667], [16.911327833333335, 78.658421], [16.911326666666664, 78.65842233333333], [16.911325166666664, 78.65842383333333], [16.911323666666664, 78.65842516666666], [16.911322166666665, 78.65842649999999], [16.91132083333333, 78.65842783333332], [16.91131933333333, 78.65842933333333], [16.911318, 78.65843066666666], [16.9113165, 78.65843216666667], [16.911315166666668, 78.6584335], [16.91131366666667, 78.65843483333333], [16.91131216666667, 78.65843633333334], [16.91131066666667, 78.65843766666667], [16.911309000000003, 78.65843916666667], [16.911307500000003, 78.65844050000001], [16.911306000000003, 78.65844183333334], [16.91130433333333, 78.65844333333332], [16.911302499999998, 78.65844466666667], [16.911300833333332, 78.65844616666666], [16.911299, 78.6584475], [16.911297166666667, 78.658449], [16.91129533333333, 78.65845033333333], [16.911293666666666, 78.65845183333333], [16.911291833333333, 78.65845316666667], [16.911290166666667, 78.65845466666666], [16.911288333333335, 78.65845616666667], [16.911286833333335, 78.65845766666666], [16.911285000000003, 78.658459], [16.911283333333333, 78.6584605], [16.911281499999998, 78.65846183333333], [16.911279666666665, 78.65846333333334], [16.911277833333333, 78.65846483333333], [16.911276, 78.65846616666666], [16.9112745, 78.65846766666667], [16.91127283333333, 78.65846916666666], [16.911271166666666, 78.6584705], [16.911269333333333, 78.658472], [16.9112675, 78.6584735], [16.911265833333335, 78.65847483333333], [16.911264000000003, 78.65847633333333], [16.911262166666667, 78.65847783333334], [16.9112605, 78.65847916666667], [16.91125883333333, 78.65848066666668], [16.911257, 78.65848216666667], [16.911255333333333, 78.65848366666667], [16.911253666666667, 78.658485], [16.91125183333333, 78.6584865], [16.911250166666665, 78.658488], [16.911248333333333, 78.65848933333334], [16.9112465, 78.65849083333333], [16.91124466666667, 78.65849216666668], [16.911242666666666, 78.65849366666666], [16.911240833333334, 78.65849516666667], [16.911238833333336, 78.65849666666666], [16.911237000000003, 78.65849816666667], [16.91123533333333, 78.6584995], [16.911233333333332, 78.65850099999999], [16.911231666666666, 78.6585025], [16.91123, 78.658504], [16.911228166666668, 78.6585055], [16.91122633333333, 78.658507], [16.9112245, 78.6585085], [16.911223, 78.65850999999999], [16.911221166666667, 78.6585115], [16.9112195, 78.658513], [16.911217833333335, 78.6585145], [16.91121616666667, 78.65851599999999], [16.911214500000003, 78.6585175], [16.91121283333333, 78.658519], [16.911211166666664, 78.6585205], [16.911209666666664, 78.65852199999999], [16.911208166666665, 78.6585235], [16.9112065, 78.658525], [16.911204666666666, 78.65852650000001], [16.911203, 78.65852799999999], [16.911201333333334, 78.65852966666667], [16.911199500000002, 78.65853116666668], [16.911198000000002, 78.65853266666666], [16.911196, 78.65853416666667], [16.911194166666668, 78.65853566666667], [16.91119216666667, 78.65853733333333], [16.91119033333333, 78.65853883333332], [16.911188499999998, 78.65854033333333], [16.911186666666666, 78.65854183333333], [16.911184666666667, 78.65854333333333], [16.911182666666665, 78.658545], [16.911180666666667, 78.6585465], [16.911178666666668, 78.65854800000001], [16.911176666666666, 78.65854949999999], [16.911174666666668, 78.65855116666667], [16.911172833333335, 78.65855266666668], [16.911170833333333, 78.65855416666666], [16.91116883333333, 78.65855583333334], [16.911166833333333, 78.65855733333333], [16.91116483333333, 78.65855883333333], [16.911163, 78.65856050000001], [16.911161, 78.658562], [16.911159166666668, 78.65856366666667], [16.911157, 78.65856533333334], [16.911155166666667, 78.65856683333332], [16.911153333333335, 78.6585685], [16.911151500000003, 78.65857016666668], [16.9111495, 78.65857166666666], [16.91114766666667, 78.65857333333334], [16.911145666666666, 78.65857483333333], [16.911144, 78.6585765], [16.91114233333333, 78.65857816666667], [16.9111405, 78.65857966666667], [16.911138833333332, 78.65858133333333], [16.911137, 78.65858283333334], [16.911135, 78.6585845], [16.911133333333332, 78.65858616666667], [16.9111315, 78.65858766666666], [16.911129666666668, 78.65858933333334], [16.91112766666667, 78.65859099999999], [16.911125833333333, 78.6585925], [16.911123999999997, 78.65859416666667], [16.911121833333333, 78.65859583333332], [16.91111983333333, 78.6585975], [16.911117833333332, 78.65859900000001], [16.911116, 78.65860066666667], [16.911114, 78.65860233333333], [16.911111833333333, 78.65860383333333], [16.91110966666667, 78.65860550000001], [16.911107833333332, 78.65860716666666], [16.911105666666668, 78.65860866666667], [16.91110366666667, 78.65861033333334], [16.911101499999997, 78.65861199999999], [16.9110995, 78.65861366666667], [16.91109733333333, 78.65861516666668], [16.911095166666666, 78.65861683333333], [16.911093333333334, 78.6586185], [16.911091166666665, 78.65862], [16.911089166666667, 78.65862166666668], [16.91108716666667, 78.65862333333332], [16.911085166666666, 78.65862483333333], [16.911083166666668, 78.65862650000001], [16.911081000000003, 78.65862816666666], [16.91107883333333, 78.65862983333334], [16.911076666666666, 78.6586315], [16.911074499999998, 78.658633], [16.911072333333333, 78.65863466666666], [16.911070166666665, 78.65863633333333], [16.911068166666666, 78.65863800000001], [16.911066, 78.65863966666667], [16.911063833333333, 78.65864116666667], [16.911061833333335, 78.65864283333333], [16.911059666666667, 78.65864450000001], [16.911057500000002, 78.65864616666666], [16.9110555, 78.65864783333333], [16.91105333333333, 78.6586495], [16.911051166666667, 78.65865116666667], [16.911049, 78.65865283333332], [16.911046833333334, 78.6586545], [16.911044833333335, 78.65865616666666], [16.911042666666667, 78.65865783333334], [16.911040500000002, 78.65865950000001], [16.911038333333334, 78.65866116666666], [16.911036333333335, 78.65866266666667], [16.911034166666663, 78.65866433333333], [16.911032, 78.658666], [16.911029833333334, 78.65866766666666], [16.911027666666666, 78.65866933333334], [16.9110255, 78.658671], [16.9110235, 78.65867266666667], [16.911021333333334, 78.65867416666667], [16.911019, 78.65867583333333], [16.91101666666667, 78.65867750000001], [16.911014666666667, 78.65867916666666], [16.911012500000002, 78.65868083333334], [16.911010166666664, 78.6586825], [16.911008, 78.658684], [16.911005833333334, 78.65868566666667], [16.9110035, 78.65868733333333], [16.911001333333335, 78.65868900000001], [16.910999166666667, 78.65869066666667], [16.910997000000002, 78.65869233333333], [16.910994833333334, 78.658694], [16.910992500000003, 78.65869566666667], [16.910990333333334, 78.65869733333334], [16.910988166666666, 78.658699], [16.910986166666664, 78.65870066666666], [16.910984166666665, 78.65870233333334], [16.910981833333334, 78.658704], [16.910979666666666, 78.65870566666668], [16.910977666666668, 78.65870733333333], [16.9109755, 78.658709], [16.91097316666667, 78.65871050000001], [16.910971, 78.65871216666666], [16.910969, 78.65871383333334], [16.910966833333337, 78.6587155], [16.9109645, 78.65871716666668], [16.910962333333334, 78.65871883333332], [16.910960333333332, 78.6587205], [16.910958166666667, 78.65872233333333], [16.910956, 78.65872399999999], [16.910954, 78.65872566666667], [16.910951666666666, 78.65872733333335], [16.9109495, 78.658729], [16.910947333333336, 78.65873066666667], [16.910945166666668, 78.65873233333333], [16.910943166666666, 78.65873400000001], [16.91094083333333, 78.65873566666667], [16.910938666666667, 78.65873733333333], [16.910936666666665, 78.658739], [16.9109345, 78.65874066666667], [16.910932166666665, 78.65874233333334], [16.91093, 78.658744], [16.910927833333336, 78.65874566666666], [16.9109255, 78.65874733333334], [16.910923166666667, 78.658749], [16.910921, 78.65875066666668], [16.910918833333334, 78.65875233333333], [16.910916333333333, 78.658754], [16.910914166666664, 78.65875566666666], [16.910912, 78.65875733333334], [16.910909666666665, 78.65875899999999], [16.910907333333334, 78.65876066666667], [16.910905166666666, 78.65876233333333], [16.91090266666667, 78.658764], [16.910900333333334, 78.65876566666667], [16.910898166666666, 78.65876733333333], [16.91089583333333, 78.65876899999999], [16.9108935, 78.65877066666667], [16.910891333333332, 78.65877233333335], [16.910888833333335, 78.658774], [16.9108865, 78.65877566666667], [16.910884166666666, 78.65877733333333], [16.910881833333335, 78.65877900000001], [16.9108795, 78.65878066666667], [16.91087716666667, 78.65878233333333], [16.910874999999997, 78.658784], [16.910872666666666, 78.65878566666667], [16.910870499999998, 78.65878733333334], [16.910868, 78.65878883333333], [16.910865833333332, 78.6587905], [16.9108635, 78.65879216666667], [16.910861, 78.65879383333332], [16.910858666666666, 78.6587955], [16.910856333333335, 78.65879716666667], [16.910853999999997, 78.65879883333334], [16.910851666666666, 78.65880050000001], [16.91084933333333, 78.65880216666666], [16.910847, 78.65880383333334], [16.910844833333332, 78.65880566666667], [16.9108425, 78.65880733333333], [16.910840333333333, 78.658809], [16.910838000000002, 78.65881066666667], [16.910835833333334, 78.65881233333333], [16.91083366666667, 78.65881399999999], [16.910831666666663, 78.65881566666667], [16.9108295, 78.65881733333335], [16.910827333333334, 78.658819], [16.910825166666665, 78.65882083333332], [16.910823166666667, 78.6588225], [16.910821, 78.65882416666666], [16.910818833333334, 78.65882583333334], [16.910816666666665, 78.6588275], [16.910814666666667, 78.65882916666666], [16.910812333333336, 78.65883083333333], [16.910810166666668, 78.6588325], [16.910807833333333, 78.65883416666667], [16.9108055, 78.65883583333333], [16.910803166666668, 78.65883749999999], [16.910801, 78.65883916666667], [16.9107985, 78.65884083333334], [16.910796166666668, 78.6588425], [16.910793833333333, 78.65884416666667], [16.910791500000002, 78.65884583333333], [16.910789, 78.65884750000001], [16.910786833333336, 78.65884916666667], [16.910784333333332, 78.65885083333333], [16.910781999999998, 78.65885266666668], [16.9107795, 78.65885433333332], [16.910777166666666, 78.658856], [16.910774833333335, 78.65885766666666], [16.910772666666666, 78.65885933333334], [16.910770333333335, 78.65886099999999], [16.910768, 78.65886266666666], [16.910765833333336, 78.65886433333334], [16.910763499999998, 78.658866], [16.910761333333333, 78.65886766666667], [16.91075933333333, 78.65886933333333], [16.910757, 78.65887116666666], [16.910754833333332, 78.65887283333333], [16.910752666666667, 78.6588745], [16.9107505, 78.65887616666667], [16.910748333333334, 78.65887783333332], [16.91074616666667, 78.6588795], [16.910744, 78.65888116666666], [16.910741833333336, 78.65888283333334], [16.910739666666665, 78.65888450000001], [16.9107375, 78.65888616666666], [16.91073533333333, 78.65888799999999], [16.910733166666667, 78.65888966666667], [16.910731, 78.65889133333333], [16.910728833333334, 78.658893], [16.910726833333335, 78.65889466666665], [16.9107245, 78.65889633333333], [16.910722500000002, 78.65889816666666], [16.910720333333334, 78.65889983333334], [16.91071833333333, 78.6589015], [16.910716333333333, 78.65890316666668], [16.91071433333333, 78.658905], [16.910712166666666, 78.65890666666665], [16.910709999999998, 78.65890833333333], [16.910707833333333, 78.65891], [16.91070566666667, 78.65891183333333], [16.9107035, 78.6589135], [16.910701500000002, 78.65891516666667], [16.910699333333334, 78.658917], [16.910697333333335, 78.65891866666666], [16.910695333333333, 78.65892033333333], [16.910693166666665, 78.65892216666666], [16.910691, 78.65892383333333], [16.91068883333333, 78.6589255], [16.910686666666667, 78.65892716666667], [16.9106845, 78.658929], [16.910682166666668, 78.65893066666666], [16.910679833333333, 78.65893233333333], [16.91067766666667, 78.65893416666667], [16.910675333333334, 78.65893583333333], [16.910673, 78.65893750000001], [16.910670666666665, 78.65893916666667], [16.9106685, 78.658941], [16.910666499999998, 78.65894266666666], [16.910664333333333, 78.65894433333332], [16.910662, 78.65894616666667], [16.91066, 78.65894783333333], [16.910657833333335, 78.6589495], [16.9106555, 78.65895116666667], [16.91065316666667, 78.65895300000001], [16.910650999999998, 78.65895466666666], [16.910648833333333, 78.65895633333334], [16.9106465, 78.65895816666666], [16.910644333333334, 78.65895983333333], [16.910642166666666, 78.65896166666667], [16.91064, 78.65896333333333], [16.910637833333332, 78.65896500000001], [16.910635666666668, 78.65896683333334], [16.9106335, 78.6589685], [16.91063116666667, 78.65897016666666], [16.910628999999997, 78.65897199999999], [16.910626833333332, 78.65897366666667], [16.91062433333333, 78.65897533333333], [16.910622, 78.65897700000001], [16.91061983333333, 78.65897883333334], [16.910617333333334, 78.65898050000001], [16.910615166666666, 78.65898233333334], [16.910612833333335, 78.65898399999999], [16.910610666666667, 78.65898566666667], [16.910608333333336, 78.65898733333333], [16.910605999999998, 78.658989], [16.910603833333333, 78.65899083333333], [16.9106015, 78.65899250000001], [16.910599166666668, 78.65899416666666], [16.910596833333333, 78.65899599999999], [16.9105945, 78.65899766666666], [16.910592166666667, 78.65899933333334], [16.910589833333333, 78.659001], [16.910587500000002, 78.65900283333333], [16.910585166666667, 78.65900450000001], [16.910583, 78.65900616666666], [16.910580666666664, 78.659008], [16.910578333333333, 78.65900966666666], [16.910576166666665, 78.65901133333334], [16.910573833333334, 78.659013], [16.910571666666666, 78.65901466666666], [16.910569666666667, 78.6590165], [16.9105675, 78.65901816666666], [16.910565000000002, 78.65901983333333], [16.910562666666667, 78.65902166666666], [16.9105605, 78.65902333333334], [16.910558166666664, 78.659025], [16.910555666666667, 78.65902666666666], [16.910553333333333, 78.6590285], [16.910551166666668, 78.65903016666667], [16.910548833333333, 78.65903183333333], [16.910546500000002, 78.65903366666666], [16.910544166666668, 78.65903533333334], [16.910541666666667, 78.659037], [16.91053916666667, 78.65903883333334], [16.910536666666665, 78.6590405], [16.91053433333333, 78.65904233333335], [16.910532, 78.659044], [16.9105295, 78.65904583333332], [16.910527166666668, 78.6590475], [16.910525, 78.65904916666666], [16.91052266666667, 78.659051], [16.910520333333334, 78.65905266666667], [16.91051816666667, 78.6590545], [16.910515999999998, 78.65905616666667], [16.910513833333333, 78.65905783333332], [16.910511666666665, 78.65905966666666], [16.9105095, 78.65906133333333], [16.9105075, 78.65906316666666], [16.910505166666667, 78.65906483333333], [16.910503000000002, 78.65906666666666], [16.910500833333334, 78.65906833333334], [16.91049866666667, 78.65907016666667], [16.910496333333334, 78.65907183333334], [16.910494333333336, 78.6590735], [16.91049233333333, 78.65907533333333], [16.910490333333332, 78.659077], [16.910488166666667, 78.65907866666666], [16.910486, 78.6590805], [16.910484, 78.65908216666666], [16.910481833333332, 78.659084], [16.910479833333333, 78.65908566666667], [16.910477833333335, 78.6590875], [16.910475666666667, 78.65908916666667], [16.910473666666668, 78.65909083333332], [16.91047166666667, 78.65909266666667], [16.910469666666664, 78.65909433333333], [16.910467666666666, 78.65909616666666], [16.910465666666667, 78.65909783333333], [16.9104635, 78.6590995], [16.910461166666668, 78.65910133333334], [16.910459, 78.659103], [16.910456833333335, 78.65910483333333], [16.910454666666666, 78.65910650000001], [16.9104525, 78.65910833333334], [16.910450333333333, 78.65911], [16.910448166666665, 78.65911183333333], [16.91044583333333, 78.6591135], [16.9104435, 78.65911533333333], [16.91044133333333, 78.659117], [16.910439, 78.65911883333334], [16.910436666666666, 78.6591205], [16.910434333333335, 78.65912216666668], [16.910432, 78.659124], [16.910429833333335, 78.65912566666665], [16.9104275, 78.65912750000001], [16.910425333333333, 78.65912916666666], [16.910423166666664, 78.65913099999999], [16.910421166666666, 78.65913266666666], [16.91041883333333, 78.65913433333334], [16.910416666666666, 78.65913616666667], [16.910414333333332, 78.65913783333333], [16.910412166666667, 78.65913950000001], [16.910410000000002, 78.65914133333334], [16.910407833333334, 78.659143], [16.91040566666667, 78.65914466666666], [16.91040333333333, 78.65914633333334], [16.910401, 78.65914816666667], [16.910398833333332, 78.65914983333333], [16.9103965, 78.65915150000001], [16.910394166666666, 78.65915333333334], [16.910392, 78.659155], [16.910389833333333, 78.65915666666666], [16.910387500000002, 78.6591585], [16.910385333333334, 78.65916016666667], [16.910383000000003, 78.65916183333334], [16.910380666666665, 78.65916366666667], [16.9103785, 78.65916533333333], [16.910376166666666, 78.659167], [16.91037383333333, 78.65916866666666], [16.9103715, 78.6591705], [16.910369333333332, 78.65917216666666], [16.910367, 78.65917383333334], [16.910364666666666, 78.65917566666667], [16.9103625, 78.65917733333335], [16.910360333333333, 78.65917916666668], [16.910358, 78.65918083333332], [16.910355666666664, 78.65918266666667], [16.9103535, 78.65918433333333], [16.91035133333333, 78.65918616666666], [16.910349166666666, 78.65918783333333], [16.910347, 78.6591895], [16.910345, 78.65919133333334], [16.910342833333335, 78.659193], [16.910340833333333, 78.65919483333333], [16.910338833333334, 78.65919650000001], [16.910336833333336, 78.65919833333334], [16.910334666666664, 78.6592], [16.910332666666665, 78.65920183333333], [16.9103305, 78.6592035], [16.910328166666666, 78.65920533333333], [16.910326, 78.659207], [16.910323833333333, 78.65920866666667], [16.910321833333334, 78.6592105], [16.9103195, 78.65921216666668], [16.910317333333335, 78.659214], [16.910315166666667, 78.65921566666665], [16.910312833333332, 78.65921750000001], [16.910310499999998, 78.65921916666666], [16.910308166666667, 78.65922083333334], [16.910305833333332, 78.65922266666666], [16.9103035, 78.65922433333334], [16.910301333333333, 78.65922616666667], [16.910299000000002, 78.65922783333333], [16.910296833333334, 78.65922950000001], [16.910294500000003, 78.65923133333334], [16.910292166666668, 78.659233], [16.91029, 78.65923466666666], [16.9102875, 78.65923649999999], [16.910285333333334, 78.65923816666667], [16.910282833333333, 78.65924], [16.9102805, 78.65924166666667], [16.910278166666668, 78.65924333333334], [16.910275833333333, 78.65924516666668], [16.910273500000002, 78.65924683333333], [16.910271333333334, 78.65924866666666], [16.91026916666667, 78.65925033333333], [16.91026683333333, 78.65925216666666], [16.910264666666666, 78.65925383333334], [16.910262499999998, 78.65925566666667], [16.910260166666667, 78.65925733333333], [16.910257833333333, 78.659259], [16.9102555, 78.65926083333333], [16.910253333333333, 78.65926250000001], [16.910251000000002, 78.65926433333334], [16.910248666666668, 78.65926599999999], [16.910246500000003, 78.65926783333333], [16.910244166666665, 78.6592695], [16.910242, 78.65927116666667], [16.910239666666666, 78.659273], [16.910237333333335, 78.65927483333333], [16.910235166666666, 78.6592765], [16.910232833333335, 78.65927833333333], [16.910230666666667, 78.65928000000001], [16.910228500000002, 78.65928183333334], [16.910226333333334, 78.6592835], [16.91022416666667, 78.65928516666666], [16.91022183333333, 78.65928699999999], [16.910219833333333, 78.65928866666667], [16.910217666666664, 78.6592905], [16.910215666666666, 78.65929216666667], [16.9102135, 78.65929383333334], [16.910211333333333, 78.65929566666667], [16.9102095, 78.65929733333334], [16.910207333333336, 78.65929916666667], [16.910205166666668, 78.65930083333333], [16.91020316666667, 78.65930266666666], [16.910200999999997, 78.6593045], [16.910199, 78.65930616666667], [16.910196833333334, 78.659308], [16.910194666666666, 78.65930966666666], [16.9101925, 78.6593115], [16.9101905, 78.65931316666666], [16.910188166666668, 78.659315], [16.910186166666666, 78.65931666666667], [16.910184, 78.65931833333335], [16.910181666666666, 78.65932016666667], [16.9101795, 78.65932183333332], [16.910177166666664, 78.6593235], [16.910175, 78.65932533333333], [16.910172833333334, 78.659327], [16.910170666666666, 78.65932883333333], [16.910168166666665, 78.6593305], [16.910166, 78.65933233333334], [16.910163833333336, 78.659334], [16.9101615, 78.65933583333334], [16.910159333333336, 78.6593375], [16.910157, 78.65933933333334], [16.910154833333333, 78.659341], [16.910152666666665, 78.65934266666666], [16.9101505, 78.6593445], [16.910148333333332, 78.65934616666667], [16.910146166666667, 78.659348], [16.910143833333333, 78.65934966666667], [16.910141833333334, 78.6593515], [16.910139666666666, 78.65935316666668], [16.9101375, 78.659355], [16.910135333333336, 78.65935666666665], [16.910133166666665, 78.65935850000001], [16.910131, 78.65936016666666], [16.91012883333333, 78.659362], [16.910126666666667, 78.65936366666666], [16.9101245, 78.65936549999999], [16.910122333333334, 78.65936733333334], [16.91012, 78.659369], [16.910117833333334, 78.65937083333333], [16.9101155, 78.6593725], [16.910113333333335, 78.65937433333333], [16.910111166666663, 78.65937600000001], [16.910109, 78.65937783333334], [16.910106833333334, 78.65937966666667], [16.9101045, 78.65938133333334], [16.910102333333334, 78.65938316666667], [16.9101, 78.65938483333333], [16.910097833333335, 78.65938666666666], [16.9100955, 78.65938833333333], [16.910093166666666, 78.65939016666667], [16.910091, 78.65939183333333], [16.910088666666663, 78.65939366666666], [16.910086333333332, 78.6593955], [16.910083999999998, 78.65939716666666], [16.910081666666667, 78.659399], [16.910079333333332, 78.65940066666667], [16.910077, 78.6594025], [16.910074833333333, 78.65940416666668], [16.910072500000002, 78.659406], [16.910070333333334, 78.65940766666667], [16.910068000000003, 78.6594095], [16.910065666666664, 78.65941116666666], [16.910063333333333, 78.65941283333333], [16.910061166666665, 78.65941466666666], [16.910058833333334, 78.65941649999999], [16.910056333333333, 78.65941816666667], [16.910054, 78.65942], [16.910051666666668, 78.65942166666667], [16.910049333333333, 78.6594235], [16.910047000000002, 78.65942533333333], [16.910044666666668, 78.65942716666667], [16.9100425, 78.65942883333334], [16.910040166666665, 78.65943066666667], [16.910037833333334, 78.65943250000001], [16.9100355, 78.65943433333334], [16.910033166666665, 78.65943616666667], [16.910031, 78.65943783333334], [16.910028833333335, 78.65943966666667], [16.9100265, 78.6594415], [16.910024333333336, 78.65944333333333], [16.910021833333335, 78.65944516666667], [16.910019499999997, 78.65944683333333], [16.910017166666666, 78.65944866666668], [16.91001483333333, 78.65945033333334], [16.910012666666667, 78.65945216666667], [16.9100105, 78.65945383333333], [16.910008166666668, 78.65945566666666], [16.910005666666667, 78.65945733333334], [16.910003500000002, 78.65945916666666], [16.910001166666667, 78.659461], [16.909998833333336, 78.65946266666667], [16.909996666666665, 78.6594645], [16.909994333333334, 78.65946616666666], [16.909992166666665, 78.659468], [16.90999, 78.65946966666667], [16.909987833333332, 78.65947150000001], [16.909985666666667, 78.65947316666667], [16.9099835, 78.659475], [16.909981166666668, 78.65947666666666], [16.909979, 78.65947849999999], [16.909976833333335, 78.65948016666667], [16.909974666666667, 78.659482], [16.9099725, 78.65948383333333], [16.909970333333334, 78.6594855], [16.909968166666665, 78.65948733333333], [16.909966, 78.65948916666666], [16.909963833333332, 78.65949083333334], [16.9099615, 78.65949266666667], [16.909959333333333, 78.65949433333334], [16.909957000000002, 78.65949616666667], [16.909954833333334, 78.65949783333333], [16.909952666666666, 78.65949966666668], [16.90995033333333, 78.6595015], [16.909948166666666, 78.65950316666667], [16.909945999999998, 78.65950500000001], [16.909943666666667, 78.65950666666666], [16.9099415, 78.65950849999999], [16.909939333333334, 78.65951016666666], [16.909937, 78.65951199999999], [16.909934833333335, 78.65951366666667], [16.9099325, 78.6595155], [16.909930499999998, 78.65951733333333], [16.909928333333333, 78.659519], [16.909926, 78.65952066666667], [16.909923833333334, 78.65952250000001], [16.9099215, 78.65952416666667], [16.90991916666667, 78.659526], [16.909917, 78.65952766666666], [16.909914833333335, 78.65952949999999], [16.9099125, 78.65953116666667], [16.90991016666667, 78.659533], [16.909907999999998, 78.65953466666666], [16.909905666666667, 78.65953633333334], [16.9099035, 78.65953816666666], [16.909901333333334, 78.65954], [16.909899166666666, 78.65954166666667], [16.909896833333335, 78.6595435], [16.9098945, 78.65954516666667], [16.909892333333335, 78.659547], [16.90989, 78.65954866666667], [16.909887833333336, 78.65955033333333], [16.909885666666664, 78.65955216666666], [16.9098835, 78.65955383333333], [16.90988133333333, 78.65955566666666], [16.909879166666666, 78.65955733333334], [16.909876833333332, 78.65955916666667], [16.9098745, 78.65956083333334], [16.909872333333333, 78.65956266666667], [16.909870166666668, 78.65956433333334], [16.909867833333333, 78.65956616666668], [16.909865500000002, 78.65956783333333], [16.909863166666664, 78.6595695], [16.909861166666666, 78.65957133333333], [16.90985883333333, 78.659573], [16.909856666666666, 78.65957483333334], [16.909854499999998, 78.6595765], [16.909852333333333, 78.65957833333333], [16.90985016666667, 78.65958], [16.909848, 78.65958183333333], [16.909845833333335, 78.6595835], [16.9098435, 78.65958516666666], [16.909841500000002, 78.659587], [16.90983933333333, 78.65958866666666], [16.909837166666666, 78.6595905], [16.909834999999998, 78.65959216666667], [16.909832666666667, 78.65959383333333], [16.909830499999998, 78.65959566666668], [16.909828166666667, 78.65959733333334], [16.909825833333333, 78.65959916666667], [16.909823666666668, 78.65960083333333], [16.909821333333333, 78.65960266666666], [16.909818833333336, 78.65960433333333], [16.909816499999998, 78.659606], [16.909814166666667, 78.65960783333334], [16.909811666666666, 78.6596095], [16.909809166666665, 78.65961133333333], [16.909807, 78.65961300000001], [16.9098045, 78.65961483333334], [16.90980216666667, 78.6596165], [16.909799666666668, 78.65961833333334], [16.909797166666667, 78.65961999999999], [16.909794833333333, 78.65962183333333], [16.909792333333332, 78.6596235], [16.909789999999997, 78.65962533333332], [16.909787666666666, 78.65962716666667], [16.909785333333332, 78.65962883333333], [16.909783, 78.65963066666667], [16.909780833333333, 78.65963233333333], [16.909778333333335, 78.65963416666666], [16.909776, 78.65963583333334], [16.909773499999996, 78.65963766666667], [16.909771166666665, 78.65963933333335], [16.909768666666665, 78.65964116666667], [16.9097665, 78.65964283333332], [16.909764166666665, 78.65964466666667], [16.909761833333334, 78.65964633333333], [16.909759666666666, 78.65964816666666], [16.909757333333335, 78.65964983333333], [16.909755166666667, 78.65965166666666], [16.90975316666667, 78.65965333333334], [16.909751000000004, 78.65965516666667], [16.909748666666665, 78.65965683333334], [16.909746666666667, 78.65965866666667], [16.9097445, 78.65966033333333], [16.909742333333334, 78.65966216666668], [16.909740333333332, 78.65966383333333], [16.909738333333333, 78.65966566666665], [16.909736333333335, 78.65966733333333], [16.909734333333333, 78.65966916666666], [16.909732166666668, 78.65967083333334], [16.90973016666667, 78.65967266666667], [16.909727999999998, 78.65967433333334], [16.909725833333333, 78.65967616666667], [16.909724, 78.659678], [16.909722, 78.65967983333333], [16.90972, 78.6596815], [16.909717833333332, 78.65968333333333], [16.909716, 78.65968516666666], [16.909713833333335, 78.659687], [16.909711833333333, 78.65968866666667], [16.909709833333334, 78.6596905], [16.909707833333336, 78.65969233333334], [16.909705666666664, 78.659694], [16.909703666666665, 78.65969583333334], [16.9097015, 78.65969766666667], [16.909699333333332, 78.65969933333334], [16.909697333333334, 78.65970116666668], [16.90969533333333, 78.65970283333333], [16.909693166666667, 78.65970466666666], [16.909691333333335, 78.6597065], [16.909689333333333, 78.65970833333334], [16.909687166666668, 78.65970999999999], [16.90968516666667, 78.65971183333333], [16.909683166666664, 78.65971366666666], [16.909681166666665, 78.65971533333332], [16.909679, 78.65971716666667], [16.909676833333332, 78.65971883333333], [16.909674833333334, 78.65972066666667], [16.90967283333333, 78.65972233333333], [16.909670833333333, 78.65972416666666], [16.909668833333335, 78.659726], [16.909666833333333, 78.65972766666667], [16.909664666666668, 78.6597295], [16.90966266666667, 78.65973133333334], [16.90966033333333, 78.659733], [16.909658166666667, 78.65973466666667], [16.909655833333332, 78.6597365], [16.9096535, 78.65973816666666], [16.909651333333333, 78.65974], [16.909649333333334, 78.65974183333333], [16.909647166666666, 78.6597435], [16.909644833333335, 78.65974533333333], [16.909642666666667, 78.65974716666666], [16.909640333333336, 78.65974883333334], [16.909637999999998, 78.65975066666667], [16.909635666666667, 78.65975233333333], [16.909633166666666, 78.65975416666667], [16.909631, 78.65975583333334], [16.9096285, 78.65975766666666], [16.909626333333332, 78.65975933333334], [16.909623833333335, 78.65976116666667], [16.9096215, 78.65976283333333], [16.90961916666667, 78.65976466666666], [16.909616500000002, 78.65976633333334], [16.909614166666664, 78.65976816666667], [16.909611833333333, 78.65976983333333], [16.909609333333332, 78.6597715], [16.909607, 78.65977333333333], [16.9096045, 78.65977500000001], [16.909602333333332, 78.65977683333334], [16.909599833333335, 78.65977849999999], [16.909597666666667, 78.65978033333334], [16.909595333333336, 78.65978199999999], [16.90959283333333, 78.65978383333332], [16.9095905, 78.6597855], [16.909588166666666, 78.65978716666667], [16.909586, 78.659789], [16.909583666666666, 78.65979066666667], [16.909581333333332, 78.65979250000001], [16.909579, 78.65979416666667], [16.909576833333333, 78.659796], [16.9095745, 78.65979766666666], [16.909572166666667, 78.65979949999999], [16.909569833333332, 78.65980116666667], [16.909567499999998, 78.65980283333333], [16.909565333333333, 78.65980466666666], [16.909563, 78.65980633333334], [16.909560666666668, 78.65980816666666], [16.909558333333333, 78.65980983333334], [16.90955616666667, 78.65981166666667], [16.909553833333334, 78.65981333333335], [16.909551500000003, 78.65981516666668], [16.909549166666668, 78.65981683333332], [16.909547, 78.65981866666667], [16.909544666666665, 78.65982033333333], [16.9095425, 78.659822], [16.909540333333332, 78.65982383333333], [16.909538, 78.65982566666666], [16.909535833333333, 78.65982733333334], [16.90953366666667, 78.65982916666667], [16.909531333333334, 78.65983083333334], [16.90952916666667, 78.65983266666667], [16.909527166666667, 78.65983433333334], [16.909525, 78.659836], [16.90952283333333, 78.65983783333333], [16.909520833333332, 78.65983966666666], [16.9095185, 78.65984133333333], [16.909516333333332, 78.65984316666666], [16.909514, 78.65984483333334], [16.909511666666667, 78.65984666666667], [16.90950966666667, 78.65984833333333], [16.909507333333334, 78.65985016666667], [16.909505333333335, 78.65985183333333], [16.909503166666664, 78.65985366666668], [16.909501, 78.65985533333334], [16.909498833333334, 78.65985716666667], [16.909496666666666, 78.65985883333333], [16.9094945, 78.65986066666666], [16.9094925, 78.65986233333334], [16.9094905, 78.65986416666667], [16.909488166666666, 78.659866], [16.909486166666667, 78.65986766666667], [16.909484000000003, 78.6598695], [16.909481833333334, 78.65987116666666], [16.909479666666666, 78.659873], [16.909477499999998, 78.65987466666667], [16.909475166666667, 78.65987650000001], [16.909473166666665, 78.65987833333334], [16.909471, 78.65988], [16.909468666666665, 78.65988183333334], [16.9094665, 78.65988366666667], [16.909464333333336, 78.65988533333334], [16.909462166666668, 78.659887], [16.909459833333337, 78.65988883333333], [16.9094575, 78.65989066666666], [16.909455333333334, 78.65989233333333], [16.909453, 78.65989416666666], [16.909450833333334, 78.65989599999999], [16.9094485, 78.65989766666667], [16.909446166666665, 78.6598995], [16.909444, 78.65990116666667], [16.909441833333336, 78.659903], [16.9094395, 78.65990483333333], [16.909437333333337, 78.6599065], [16.909435, 78.65990833333333], [16.909432833333334, 78.65991000000001], [16.909430666666665, 78.65991183333334], [16.9094285, 78.65991366666667], [16.909426333333332, 78.65991533333333], [16.909424, 78.65991716666667], [16.909421833333333, 78.65991883333332], [16.90941966666667, 78.65992066666666], [16.909417666666666, 78.65992233333333], [16.9094155, 78.65992416666667], [16.909413500000003, 78.65992583333333], [16.90941133333333, 78.65992766666666], [16.909409333333333, 78.65992933333334], [16.909407333333334, 78.65993116666667], [16.909405333333332, 78.65993283333334], [16.909403333333334, 78.65993466666667], [16.909401333333335, 78.65993633333332], [16.909399, 78.65993816666668], [16.909397000000002, 78.65994], [16.909395, 78.65994166666665], [16.909392833333335, 78.6599435], [16.909390666666663, 78.65994516666666], [16.909388333333332, 78.659947], [16.909385999999998, 78.65994866666666], [16.909384, 78.65995033333334], [16.909382, 78.65995183333332], [16.90938, 78.65995333333333], [16.909378166666666, 78.65995466666666], [16.909376333333334, 78.65995583333333], [16.909374500000002, 78.659957], [16.909372833333336, 78.65995816666667], [16.909371166666666, 78.65995933333333], [16.909369666666667, 78.65996033333333], [16.909368166666663, 78.65996133333333], [16.909366666666664, 78.65996233333334], [16.909364999999998, 78.65996316666666], [16.90936333333333, 78.65996416666667], [16.909361666666666, 78.659965], [16.909360166666666, 78.65996583333335], [16.909358666666666, 78.65996666666666], [16.909357, 78.65996733333333], [16.909355333333334, 78.65996816666667], [16.909353666666668, 78.65996883333334], [16.909352000000002, 78.6599695], [16.909350500000002, 78.65997016666667], [16.909349000000002, 78.65997083333333], [16.909347333333336, 78.6599715], [16.909345833333337, 78.65997216666666], [16.909344333333333, 78.65997266666666], [16.909342833333334, 78.65997333333333], [16.909341333333334, 78.65997399999999], [16.90934, 78.6599745], [16.9093385, 78.659975], [16.909337166666667, 78.65997566666667], [16.909335833333333, 78.65997616666667], [16.9093345, 78.65997666666667], [16.909333166666666, 78.65997716666668], [16.909332, 78.65997766666666], [16.909330666666666, 78.65997816666666], [16.909329333333336, 78.65997866666666], [16.90932816666667, 78.659979], [16.909326833333335, 78.65997949999999], [16.909325833333334, 78.65997999999999], [16.909324666666667, 78.65998033333334], [16.909323500000003, 78.65998083333334], [16.9093225, 78.65998116666667], [16.90932133333333, 78.65998166666667], [16.909319999999997, 78.659982], [16.909318666666664, 78.65998233333333], [16.909317333333334, 78.65998283333333], [16.909316166666667, 78.65998316666668], [16.909314833333333, 78.65998366666666], [16.9093135, 78.659984], [16.909312333333332, 78.65998433333333], [16.909310833333333, 78.65998466666666], [16.9093095, 78.65998516666667], [16.909308166666666, 78.65998549999999], [16.909306833333336, 78.65998583333334], [16.909305500000002, 78.65998633333334], [16.90930416666667, 78.65998666666665], [16.909303, 78.659987], [16.909301833333334, 78.65998733333332], [16.909300666666663, 78.65998766666667], [16.909299666666666, 78.65998800000001], [16.9092985, 78.65998833333333], [16.90929733333333, 78.65998866666668], [16.909296166666664, 78.659989], [16.909295, 78.65998933333334], [16.909293833333333, 78.65998966666666], [16.909292666666666, 78.65999000000001], [16.909291666666665, 78.65999016666666], [16.909290666666667, 78.6599905], [16.909289333333334, 78.65999083333332], [16.909288166666666, 78.65999116666667], [16.909287, 78.65999133333334], [16.909285833333335, 78.65999166666667], [16.909284666666668, 78.659992], [16.9092835, 78.65999233333334], [16.9092825, 78.6599925], [16.909281333333336, 78.65999283333333], [16.909280333333335, 78.65999316666667], [16.909279166666668, 78.65999333333333], [16.909278166666663, 78.65999366666667], [16.909277166666666, 78.65999383333333], [16.909276166666665, 78.65999416666666], [16.909274999999997, 78.65999433333333], [16.909274, 78.65999466666668], [16.909272833333333, 78.65999483333333], [16.90927183333333, 78.65999516666668], [16.909270666666664, 78.65999533333334], [16.9092695, 78.65999566666666], [16.9092685, 78.65999583333334], [16.909267333333332, 78.659996], [16.909266166666665, 78.65999633333332], [16.909265, 78.6599965], [16.909264, 78.65999666666667], [16.909263, 78.65999683333332], [16.909262000000002, 78.65999716666667], [16.909260833333335, 78.65999733333334], [16.909259833333333, 78.65999749999999], [16.909258666666666, 78.65999766666667], [16.90925766666667, 78.65999783333334], [16.909256666666668, 78.659998], [16.909255833333336, 78.65999833333333], [16.909254666666666, 78.6599985], [16.909253666666665, 78.65999866666667], [16.909252666666664, 78.65999883333333], [16.909251666666666, 78.659999], [16.9092505, 78.65999916666667], [16.909249666666664, 78.65999933333333], [16.9092485, 78.6599995], [16.9092475, 78.65999966666666], [16.9092465, 78.65999983333333], [16.9092455, 78.66000000000001], [16.909244666666666, 78.66000016666666], [16.90924366666667, 78.66000033333333], [16.909242666666668, 78.6600005], [16.909241666666667, 78.66000066666668], [16.909240833333335, 78.660001], [16.909239833333334, 78.660001], [16.909238833333333, 78.66000133333334], [16.909237833333336, 78.66000149999999], [16.909237166666667, 78.66000166666666], [16.90923616666667, 78.66000183333334], [16.909235333333335, 78.660002], [16.9092345, 78.66000216666666], [16.909233500000003, 78.66000233333332], [16.90923283333333, 78.66000233333332], [16.909232, 78.66000266666667], [16.909231166666665, 78.66000283333332], [16.9092305, 78.66000283333332], [16.90922983333333, 78.660003], [16.909229166666666, 78.66000316666667], [16.909228499999998, 78.66000333333334], [16.909227833333333, 78.66000349999999], [16.909227166666668, 78.66000366666667], [16.9092265, 78.66000383333333], [16.909225833333334, 78.660004], [16.90922533333333, 78.66000416666667], [16.909224666666667, 78.66000433333333], [16.909223833333332, 78.66000433333333], [16.909223166666667, 78.6600045], [16.9092225, 78.66000466666667], [16.909221666666667, 78.66000483333333], [16.909220833333332, 78.66000483333333], [16.90922, 78.660005], [16.909219333333333, 78.66000516666666], [16.9092185, 78.66000533333333], [16.909217833333333, 78.66000533333333], [16.909217166666668, 78.6600055], [16.9092165, 78.66000566666666], [16.909215666666668, 78.66000583333333], [16.909214833333333, 78.66000583333333], [16.90921416666667, 78.66000600000001], [16.909213333333334, 78.66000600000001], [16.90921266666667, 78.66000616666666], [16.909212, 78.66000633333333], [16.909211333333335, 78.6600065], [16.90921066666667, 78.6600065], [16.909209999999998, 78.66000666666667], [16.909209166666667, 78.66000683333333], [16.9092085, 78.66000683333333], [16.909207666666667, 78.660007], [16.909206833333332, 78.660007], [16.909205999999998, 78.66000716666667], [16.909205333333333, 78.66000716666667], [16.909204666666668, 78.66000733333334], [16.909204, 78.66000733333334], [16.9092035, 78.66000749999999], [16.90920283333333, 78.66000749999999], [16.909202, 78.66000766666666], [16.909201499999998, 78.66000766666666], [16.909200833333333, 78.66000783333334], [16.90920016666667, 78.66000783333334], [16.909199833333332, 78.66000783333334], [16.909199333333333, 78.660008], [16.909198833333335, 78.660008], [16.909198333333332, 78.66000816666666], [16.909197666666667, 78.66000816666666], [16.909197333333335, 78.66000833333332], [16.909196833333333, 78.66000833333332], [16.909196333333334, 78.6600085], [16.909195833333335, 78.6600085], [16.9091955, 78.6600085], [16.909195, 78.66000866666667], [16.909194666666668, 78.66000866666667], [16.90919416666667, 78.66000866666667], [16.9091935, 78.66000866666667], [16.909193000000002, 78.66000883333332], [16.9091925, 78.66000866666667], [16.909192166666667, 78.66000883333332], [16.90919166666667, 78.66000883333332], [16.90919116666667, 78.66000883333332], [16.909190666666667, 78.66000883333332], [16.909190333333335, 78.660009], [16.909189833333336, 78.660009], [16.909189333333334, 78.660009], [16.909189, 78.66000916666667], [16.909188333333336, 78.66000916666667], [16.90918783333333, 78.66000916666667], [16.909187166666666, 78.66000916666667], [16.909186666666667, 78.66000916666667], [16.909186166666665, 78.66000916666667], [16.9091855, 78.66000916666667], [16.909184999999997, 78.66000933333333], [16.909184666666665, 78.66000933333333], [16.909184, 78.66000933333333], [16.909183499999997, 78.66000933333333], [16.909183, 78.66000933333333], [16.9091825, 78.66000933333333], [16.909182166666668, 78.66000933333333], [16.909181666666665, 78.66000933333333], [16.909181166666666, 78.66000933333333], [16.909180666666668, 78.66000933333333], [16.90918, 78.66000933333333], [16.9091795, 78.66000933333333], [16.909178999999998, 78.66000933333333], [16.909178333333333, 78.66000933333333], [16.909177833333334, 78.66000933333333], [16.909177333333332, 78.66000933333333], [16.909176833333333, 78.66000933333333], [16.909176333333335, 78.66000933333333], [16.909175666666666, 78.66000933333333], [16.909175166666667, 78.66000933333333], [16.9091745, 78.66000933333333], [16.909174, 78.66000933333333], [16.9091735, 78.66000933333333], [16.909172833333333, 78.66000933333333], [16.909172333333334, 78.66000916666667], [16.90917166666667, 78.66000916666667], [16.909171166666667, 78.66000916666667], [16.909170333333336, 78.66000933333333], [16.909169666666667, 78.66000933333333], [16.909169000000002, 78.66000916666667], [16.909168333333334, 78.66000916666667], [16.909167833333335, 78.66000916666667], [16.909167333333336, 78.66000916666667], [16.909166666666668, 78.66000916666667], [16.909166000000003, 78.66000916666667], [16.90916533333333, 78.66000916666667], [16.909164666666666, 78.66000916666667], [16.909163999999997, 78.66000916666667], [16.909163333333332, 78.66000916666667], [16.909162666666667, 78.66000916666667], [16.909162, 78.660009], [16.909161333333333, 78.660009], [16.909160666666665, 78.660009], [16.90916, 78.660009], [16.909159, 78.660009], [16.909158333333334, 78.660009], [16.909157666666665, 78.66000883333332], [16.909156833333334, 78.66000883333332], [16.909156, 78.66000883333332], [16.909155333333334, 78.66000883333332], [16.909154666666666, 78.66000883333332], [16.909154, 78.66000883333332], [16.909153333333332, 78.66000883333332], [16.909152333333335, 78.66000883333332], [16.9091515, 78.66000883333332], [16.90915066666667, 78.66000866666667], [16.90915, 78.66000883333332], [16.909149333333335, 78.66000883333332], [16.909148666666667, 78.66000883333332], [16.909147833333336, 78.66000883333332], [16.909147166666667, 78.66000883333332], [16.90914666666667, 78.66000883333332], [16.909145833333334, 78.66000883333332], [16.909145000000002, 78.66000883333332], [16.909144333333334, 78.66000883333332], [16.909143833333335, 78.66000883333332], [16.90914316666667, 78.66000883333332], [16.90914283333333, 78.66000883333332], [16.909142166666665, 78.66000883333332], [16.909141666666667, 78.66000883333332], [16.909141166666664, 78.660009], [16.909140333333333, 78.660009], [16.909139666666665, 78.660009], [16.909139166666666, 78.660009], [16.909138666666667, 78.660009], [16.909138166666665, 78.660009], [16.909137666666666, 78.660009], [16.909137166666667, 78.660009], [16.909136666666665, 78.66000916666667], [16.909136166666666, 78.66000916666667], [16.909135666666668, 78.66000916666667], [16.909135, 78.66000916666667], [16.909134333333334, 78.66000916666667], [16.909133833333332, 78.66000933333333], [16.909133333333333, 78.66000933333333], [16.909133, 78.66000933333333], [16.9091325, 78.66000933333333], [16.909132, 78.66000933333333], [16.9091315, 78.66000949999999], [16.909131, 78.66000949999999], [16.9091305, 78.66000949999999], [16.90913, 78.66000949999999], [16.90912966666667, 78.66000966666667], [16.909129333333333, 78.66000966666667], [16.909129, 78.66000966666667], [16.909128666666668, 78.66000983333333], [16.909128333333335, 78.66000983333333], [16.909127833333333, 78.66001], [16.9091275, 78.66001], [16.909127, 78.66001], [16.909126833333335, 78.66001016666668], [16.9091265, 78.66001016666668], [16.909126, 78.66001033333333], [16.909125666666668, 78.66001033333333], [16.909125333333336, 78.6600105], [16.909125, 78.6600105], [16.9091245, 78.6600105], [16.909124000000002, 78.66001066666666], [16.9091235, 78.66001066666666], [16.909123, 78.66001083333335], [16.90912266666667, 78.66001083333335], [16.909122333333336, 78.660011], [16.909121833333334, 78.66001116666666], [16.909121333333335, 78.66001116666666], [16.909120833333336, 78.66001133333333], [16.909120166666664, 78.66001133333333], [16.909119666666665, 78.66001150000001], [16.909118999999997, 78.66001150000001], [16.909118333333332, 78.66001166666666], [16.909117666666667, 78.66001166666666], [16.909117, 78.66001183333333], [16.9091165, 78.66001183333333], [16.90911583333333, 78.66001183333333], [16.909115166666666, 78.66001200000001], [16.909114166666665, 78.66001200000001], [16.9091135, 78.66001216666668], [16.90911283333333, 78.66001216666668], [16.909112166666667, 78.66001216666668], [16.909111499999998, 78.66001216666668], [16.909110833333333, 78.66001216666668], [16.909110166666668, 78.66001233333333], [16.909109333333333, 78.66001233333333], [16.9091085, 78.66001233333333], [16.909108, 78.66001233333333], [16.90910716666667, 78.6600125], [16.909106333333334, 78.6600125], [16.90910566666667, 78.6600125], [16.909105, 78.66001266666667], [16.909104333333335, 78.66001266666667], [16.909103666666667, 78.66001266666667], [16.909103166666668, 78.66001283333334], [16.909102333333333, 78.66001283333334], [16.90910166666667, 78.66001283333334], [16.909100833333333, 78.66001283333334], [16.90910016666667, 78.66001299999999], [16.90909966666667, 78.66001299999999], [16.909099, 78.66001299999999], [16.90909816666667, 78.66001299999999], [16.90909733333333, 78.66001299999999], [16.909096499999997, 78.66001316666667], [16.909095833333332, 78.66001316666667], [16.909094999999997, 78.66001316666667], [16.909094166666666, 78.66001316666667], [16.909093499999997, 78.66001316666667], [16.909092666666666, 78.66001333333334], [16.909091999999998, 78.66001333333334], [16.909091333333333, 78.66001333333334], [16.909090166666665, 78.66001333333334], [16.909089333333334, 78.6600135], [16.9090885, 78.6600135], [16.909087666666668, 78.6600135], [16.909086833333333, 78.6600135], [16.909085833333332, 78.6600135], [16.909084833333335, 78.6600135], [16.909084166666666, 78.6600135], [16.909083333333335, 78.6600135], [16.909082333333334, 78.66001366666666], [16.9090815, 78.66001366666666], [16.9090805, 78.66001366666666], [16.909079666666667, 78.66001366666666], [16.909078833333336, 78.66001366666666], [16.909078, 78.66001366666666], [16.90907716666667, 78.66001366666666], [16.909076333333335, 78.66001366666666], [16.90907566666667, 78.66001366666666], [16.90907483333333, 78.66001366666666], [16.909073999999997, 78.66001366666666], [16.909073166666666, 78.66001366666666], [16.909072499999997, 78.66001366666666], [16.909071666666666, 78.66001366666666], [16.90907083333333, 78.66001366666666], [16.909070166666666, 78.66001366666666], [16.90906933333333, 78.66001383333334], [16.909068666666666, 78.66001383333334], [16.909067666666665, 78.66001383333334], [16.909066833333334, 78.66001383333334], [16.909066, 78.660014], [16.909065166666668, 78.660014], [16.909064333333333, 78.660014], [16.9090635, 78.660014], [16.909062833333333, 78.660014], [16.909061833333332, 78.660014], [16.909061, 78.66001416666667], [16.909060166666666, 78.66001416666667], [16.90905916666667, 78.66001416666667], [16.909058666666667, 78.66001416666667], [16.90905766666667, 78.66001433333332], [16.909056833333334, 78.66001433333332], [16.90905616666667, 78.66001433333332], [16.9090555, 78.66001433333332], [16.9090545, 78.66001433333332], [16.90905366666667, 78.6600145], [16.909052999999997, 78.6600145], [16.909052499999998, 78.6600145], [16.909052, 78.66001466666667], [16.909052166666665, 78.660015], [16.909052666666664, 78.66001533333333], [16.909052999999997, 78.66001566666667], [16.909054333333334, 78.66001616666668], [16.909055666666667, 78.66001666666666], [16.90905766666667, 78.660017], [16.909059333333335, 78.66001733333333], [16.909061666666666, 78.66001783333333], [16.9090635, 78.66001800000001], [16.909065833333333, 78.66001833333333], [16.909067666666665, 78.66001849999999], [16.909069499999998, 78.66001899999999], [16.9090715, 78.66001933333334], [16.909073333333332, 78.66001966666666], [16.909074666666665, 78.66002], [16.909076000000002, 78.66002016666667], [16.90907766666667, 78.6600205], [16.909079000000002, 78.66002066666667], [16.909080333333335, 78.66002083333333], [16.90908166666667, 78.660021], [16.909083333333335, 78.66002133333333], [16.90908466666667, 78.6600215], [16.909086333333335, 78.66002166666667], [16.909088, 78.66002166666667], [16.909089833333333, 78.66002183333333], [16.909091666666665, 78.660022], [16.909093666666667, 78.66002216666668], [16.9090955, 78.66002233333333], [16.909097166666665, 78.6600225], [16.909098833333335, 78.66002266666666], [16.90910016666667, 78.66002266666666], [16.909101833333334, 78.66002283333334], [16.909103166666668, 78.66002283333334], [16.909104833333334, 78.66002283333334], [16.9091065, 78.66002283333334], [16.9091085, 78.660023], [16.909110666666667, 78.660023], [16.9091125, 78.660023], [16.909115, 78.660023], [16.90911733333333, 78.66002316666666], [16.90911983333333, 78.66002316666666], [16.909122500000002, 78.66002316666666], [16.909125, 78.66002333333333], [16.9091275, 78.66002333333333], [16.909130333333334, 78.66002333333333], [16.909133166666667, 78.66002350000001], [16.909136, 78.66002350000001], [16.909138833333333, 78.66002366666666], [16.909141833333333, 78.66002366666666], [16.90914466666667, 78.66002383333333], [16.909147833333336, 78.66002383333333], [16.909150333333333, 78.66002383333333], [16.909152833333334, 78.660024], [16.909155, 78.66002416666667], [16.909157666666665, 78.66002416666667], [16.9091605, 78.66002416666667], [16.909163666666664, 78.66002433333333], [16.90916716666667, 78.66002449999999], [16.909170833333334, 78.66002449999999], [16.90917466666667, 78.66002466666667], [16.909178833333332, 78.66002466666667], [16.909182833333332, 78.66002483333334], [16.909187333333332, 78.66002499999999], [16.909191833333335, 78.66002516666667], [16.909196333333334, 78.66002533333334], [16.909201, 78.66002533333334], [16.90920583333333, 78.6600255], [16.909210499999997, 78.66002566666666], [16.90921516666667, 78.66002583333334], [16.909219833333335, 78.660026], [16.9092245, 78.660026], [16.909229166666666, 78.66002616666667], [16.909233833333335, 78.66002633333332], [16.9092385, 78.66002633333332], [16.909243333333333, 78.6600265], [16.909247999999998, 78.66002666666667], [16.909252833333333, 78.66002666666667], [16.909257500000002, 78.66002683333333], [16.9092625, 78.660027], [16.909267333333332, 78.660027], [16.909272333333334, 78.66002716666667], [16.909277166666666, 78.66002716666667], [16.909282, 78.66002733333333], [16.909286833333333, 78.6600275], [16.909291833333334, 78.6600275], [16.909296833333332, 78.66002766666666], [16.909301666666668, 78.66002783333333], [16.909306666666666, 78.66002783333333], [16.9093115, 78.660028], [16.9093165, 78.660028], [16.909321499999997, 78.66002816666668], [16.909326500000002, 78.66002816666668], [16.9093315, 78.66002833333333], [16.909336666666665, 78.66002833333333], [16.909341666666666, 78.6600285], [16.909346833333334, 78.6600285], [16.909351833333336, 78.66002866666666], [16.909356833333334, 78.66002866666666], [16.90936183333333, 78.66002866666666], [16.909367, 78.66002883333334], [16.909372, 78.66002883333334], [16.909377, 78.660029], [16.909382166666667, 78.660029], [16.909387, 78.660029], [16.909392166666667, 78.66002916666666], [16.909397333333335, 78.66002916666666], [16.9094025, 78.66002933333333], [16.909407666666667, 78.66002933333333], [16.909412999999997, 78.66002933333333], [16.90941816666667, 78.66002950000001], [16.909423333333333, 78.66002950000001], [16.9094285, 78.66002950000001], [16.909433666666665, 78.66002966666666], [16.909438833333336, 78.66002966666666], [16.909444, 78.66002966666666], [16.909449, 78.66002983333333], [16.909454166666666, 78.66002983333333], [16.909459333333334, 78.66003], [16.909464500000002, 78.66003], [16.909469666666666, 78.66003], [16.909474833333334, 78.66003016666667], [16.90948, 78.66003016666667], [16.909485333333336, 78.66003033333332], [16.909490333333334, 78.66003033333332], [16.9094955, 78.66003049999999], [16.9095005, 78.66003049999999], [16.909505833333334, 78.66003049999999], [16.909511666666667, 78.66003066666667], [16.9095185, 78.66003083333334], [16.909527, 78.66003083333334], [16.9095375, 78.66003116666667], [16.909549666666667, 78.66003133333334], [16.90956333333333, 78.66003166666665], [16.909578, 78.660032], [16.90959333333333, 78.66003233333332], [16.909609166666666, 78.66003266666667], [16.909625333333334, 78.66003316666666], [16.90964166666667, 78.6600335], [16.909658, 78.660034], [16.909674166666665, 78.66003433333334], [16.909690166666667, 78.66003483333334], [16.909706500000002, 78.66003516666666], [16.909722833333333, 78.66003566666667], [16.909739166666668, 78.66003616666667], [16.909755833333335, 78.66003649999999], [16.9097725, 78.660037], [16.909789333333332, 78.6600375], [16.909806, 78.660038], [16.909822833333333, 78.6600385], [16.909839666666667, 78.66003900000001], [16.909856333333334, 78.66003966666668], [16.909872833333335, 78.66004016666668], [16.909889500000002, 78.66004083333334], [16.909906166666666, 78.66004133333333], [16.909922666666667, 78.660042], [16.909939333333334, 78.66004249999999], [16.909956, 78.66004316666667], [16.909972666666665, 78.66004383333333], [16.909989333333332, 78.66004433333333], [16.91000616666667, 78.66004500000001], [16.91002266666667, 78.66004566666668], [16.910039333333334, 78.66004616666667], [16.910055833333335, 78.66004683333334], [16.910072500000002, 78.6600475], [16.910089000000003, 78.66004816666667], [16.910105666666666, 78.66004883333333], [16.910122, 78.6600495], [16.910138500000002, 78.66005016666666], [16.910155, 78.66005083333333], [16.910171333333334, 78.6600515], [16.910187666666666, 78.66005216666667], [16.910204, 78.66005283333334], [16.910220499999998, 78.6600535], [16.910236833333332, 78.66005416666667], [16.910253166666667, 78.66005483333333], [16.910269666666668, 78.6600555], [16.910286, 78.66005633333333], [16.9103025, 78.66005700000001], [16.91031866666667, 78.66005766666667], [16.910335, 78.66005833333334], [16.9103515, 78.66005916666667], [16.910367666666666, 78.66005983333334], [16.910384, 78.66006066666667], [16.910400166666665, 78.66006133333333], [16.910416333333334, 78.66006216666666], [16.910432500000002, 78.66006283333333], [16.910448666666664, 78.66006349999999], [16.910464666666666, 78.66006433333334], [16.910481, 78.66006516666667], [16.910497000000003, 78.66006583333333], [16.910513166666664, 78.66006666666667], [16.910529333333333, 78.6600675], [16.9105455, 78.66006833333333], [16.910561499999996, 78.66006916666667], [16.91057783333333, 78.66006983333334], [16.910594, 78.66007066666666], [16.910610000000002, 78.6600715], [16.910626166666667, 78.66007233333333], [16.910642333333332, 78.66007333333333], [16.910658333333334, 78.66007416666666], [16.910674500000002, 78.660075], [16.91069033333333, 78.66007583333334], [16.9107065, 78.66007666666665], [16.91072216666667, 78.6600775], [16.910738166666665, 78.6600785], [16.910754333333333, 78.66007933333334], [16.91077016666667, 78.66008016666666], [16.910786166666664, 78.66008116666667], [16.910802, 78.660082], [16.910818, 78.660083], [16.910834, 78.66008383333333], [16.910849833333334, 78.66008466666668], [16.910865833333332, 78.66008566666666], [16.91088166666667, 78.66008666666667], [16.910897666666663, 78.66008749999999], [16.910913666666666, 78.6600885], [16.9109295, 78.6600895], [16.9109455, 78.6600905], [16.9109615, 78.6600915], [16.9109775, 78.6600925], [16.9109935, 78.66009349999999], [16.911009666666665, 78.6600945], [16.911025666666667, 78.6600955], [16.9110415, 78.6600965], [16.911057500000002, 78.66009766666666], [16.911073166666664, 78.66009866666667], [16.9110885, 78.66009966666667], [16.911103500000003, 78.66010066666666], [16.911117333333333, 78.66010166666666], [16.911129833333334, 78.6601025], [16.911141333333333, 78.66010333333334], [16.91115166666667, 78.660104], [16.911161666666665, 78.66010466666667], [16.91117116666667, 78.66010533333333], [16.911180666666667, 78.66010583333333], [16.911189999999998, 78.6601065], [16.911199166666666, 78.660107], [16.911207833333332, 78.66010750000001], [16.911215666666667, 78.66010800000001], [16.911222666666667, 78.66010833333333], [16.911228833333332, 78.66010866666667], [16.911234666666665, 78.66010899999999], [16.911240000000003, 78.66010916666667], [16.911245333333333, 78.66010933333334], [16.91125033333333, 78.6601095], [16.911255166666667, 78.66010966666666], [16.91126016666667, 78.66010983333334], [16.911264833333334, 78.66011], [16.911269333333333, 78.66011016666667], [16.911273166666668, 78.66011033333332], [16.911276666666666, 78.6601105], [16.911279999999998, 78.66011066666667], [16.911283333333333, 78.66011083333333], [16.91128666666667, 78.66011083333333], [16.91129, 78.66011083333333], [16.9112935, 78.66011083333333], [16.9112965, 78.66011083333333], [16.911299666666665, 78.660111], [16.91130233333333, 78.660111], [16.91130516666667, 78.660111], [16.911308166666668, 78.66011083333333], [16.911311, 78.66011083333333], [16.911313833333335, 78.66011083333333], [16.911316666666668, 78.66011083333333], [16.9113195, 78.660111], [16.911322166666665, 78.660111], [16.911324666666665, 78.660111], [16.911327333333336, 78.660111], [16.91133, 78.660111], [16.9113325, 78.66011116666667], [16.911335, 78.66011116666667], [16.911337666666668, 78.66011116666667], [16.91134, 78.66011116666667], [16.911342166666667, 78.66011116666667], [16.911344333333332, 78.66011133333333], [16.911346666666667, 78.66011133333333], [16.911348999999998, 78.66011133333333], [16.91135116666667, 78.66011133333333], [16.911353333333334, 78.66011133333333], [16.911355333333333, 78.66011133333333], [16.91135716666667, 78.66011133333333], [16.911359333333333, 78.6601115], [16.911361333333332, 78.6601115], [16.911363166666668, 78.6601115], [16.911365, 78.6601115], [16.911366833333332, 78.66011166666667], [16.91136883333333, 78.66011166666667], [16.91137033333333, 78.66011166666667], [16.911371999999997, 78.66011166666667], [16.911373833333336, 78.66011166666667], [16.911375666666668, 78.66011183333333], [16.911377333333334, 78.66011183333333], [16.911378833333334, 78.66011183333333], [16.9113805, 78.66011183333333], [16.911381833333333, 78.66011183333333], [16.911383166666667, 78.66011183333333], [16.911384666666667, 78.66011183333333], [16.911386333333333, 78.66011183333333], [16.911387833333333, 78.66011183333333], [16.911389333333332, 78.66011183333333], [16.9113905, 78.66011183333333], [16.911392, 78.66011183333333], [16.911393166666667, 78.66011183333333], [16.91139466666667, 78.66011183333333], [16.91139616666667, 78.66011183333333], [16.91139766666667, 78.66011166666667], [16.911399666666668, 78.66011166666667], [16.911401666666666, 78.66011166666667], [16.911403833333335, 78.66011166666667], [16.9114065, 78.66011166666667], [16.91140933333333, 78.66011166666667], [16.911412499999997, 78.66011183333333], [16.911415666666667, 78.66011183333333], [16.911419333333335, 78.66011183333333], [16.911423333333335, 78.660112], [16.911427, 78.660112], [16.911430833333334, 78.660112], [16.91143483333333, 78.66011216666668], [16.911438999999998, 78.66011216666668], [16.911443000000002, 78.66011216666668], [16.911447333333335, 78.66011216666668], [16.911451666666668, 78.66011233333333], [16.911455999999998, 78.66011233333333], [16.91146033333333, 78.66011233333333], [16.911464666666667, 78.6601125], [16.911469, 78.6601125], [16.9114735, 78.6601125], [16.911478, 78.6601125], [16.911482666666664, 78.66011266666666], [16.911487333333334, 78.66011266666666], [16.91149216666667, 78.66011266666666], [16.911496666666668, 78.66011283333334], [16.911501166666667, 78.66011283333334], [16.911506, 78.66011283333334], [16.91151066666667, 78.66011283333334], [16.9115155, 78.660113], [16.911520166666666, 78.660113], [16.911525166666667, 78.660113], [16.911530000000003, 78.660113], [16.911534833333334, 78.66011316666666], [16.911539666666666, 78.66011316666666], [16.911544499999998, 78.66011316666666], [16.911549333333333, 78.66011333333333], [16.9115545, 78.66011333333333], [16.911559333333333, 78.66011333333333], [16.911564333333335, 78.66011333333333], [16.911569333333333, 78.66011350000001], [16.91157433333333, 78.66011350000001], [16.911579500000002, 78.66011350000001], [16.9115845, 78.66011366666666], [16.911589499999998, 78.66011366666666], [16.9115945, 78.66011366666666], [16.9115995, 78.66011383333333], [16.911604833333335, 78.66011383333333], [16.91161, 78.66011383333333], [16.9116155, 78.66011400000001], [16.911620833333334, 78.66011400000001], [16.911626000000002, 78.66011400000001], [16.911631333333332, 78.66011416666667], [16.9116365, 78.66011416666667], [16.911641666666664, 78.66011416666667], [16.911646833333336, 78.66011416666667], [16.911652333333333, 78.66011433333333], [16.911657666666667, 78.66011433333333], [16.91166283333333, 78.66011433333333], [16.911668333333335, 78.66011433333333], [16.911673833333335, 78.66011449999999], [16.911679166666666, 78.66011449999999], [16.9116845, 78.66011449999999], [16.911689666666668, 78.66011449999999], [16.911695, 78.66011449999999], [16.9117005, 78.66011466666667], [16.911706, 78.66011466666667], [16.911711333333336, 78.66011466666667], [16.911717, 78.66011466666667], [16.911722333333334, 78.66011466666667], [16.911727833333334, 78.66011483333334], [16.911733166666668, 78.66011483333334], [16.911738833333334, 78.66011483333334], [16.911744333333335, 78.66011483333334], [16.91174983333333, 78.66011499999999], [16.9117555, 78.66011499999999], [16.911761000000002, 78.66011516666667], [16.911766666666665, 78.66011516666667], [16.91177233333333, 78.66011516666667], [16.911778, 78.66011516666667], [16.911783500000002, 78.66011533333334], [16.911789166666665, 78.66011533333334], [16.9117945, 78.6601155], [16.91180016666667, 78.6601155], [16.9118055, 78.6601155], [16.911811166666666, 78.66011566666666], [16.911816833333333, 78.66011566666666], [16.911822333333337, 78.66011566666666], [16.911827833333334, 78.66011583333334], [16.9118335, 78.66011583333334], [16.911838833333334, 78.66011583333334], [16.911844499999997, 78.66011583333334], [16.911849833333335, 78.66011583333334], [16.91185533333333, 78.660116], [16.911860833333332, 78.660116], [16.911866333333332, 78.660116], [16.911872000000002, 78.660116], [16.911877666666665, 78.66011616666667], [16.911883333333332, 78.66011616666667], [16.911889, 78.66011616666667], [16.911894500000002, 78.66011633333332], [16.911900166666666, 78.66011633333332], [16.911905666666666, 78.66011633333332], [16.911911333333332, 78.66011633333332], [16.911916666666666, 78.66011633333332], [16.911922166666667, 78.6601165], [16.911927833333333, 78.6601165], [16.91193333333333, 78.6601165], [16.911938833333334, 78.6601165], [16.9119445, 78.66011666666667], [16.911950166666667, 78.66011666666667], [16.911955666666664, 78.66011666666667], [16.911961333333334, 78.66011666666667], [16.911967166666667, 78.66011666666667], [16.911972666666667, 78.66011666666667], [16.9119785, 78.66011666666667], [16.911984333333333, 78.66011683333333], [16.91199, 78.66011683333333], [16.911995833333332, 78.66011683333333], [16.9120015, 78.66011683333333], [16.912007333333335, 78.66011683333333], [16.912013166666668, 78.660117], [16.912019166666667, 78.660117], [16.912025000000003, 78.660117], [16.912030833333333, 78.660117], [16.912036666666665, 78.660117], [16.9120425, 78.660117], [16.912048333333335, 78.66011716666667], [16.912054, 78.66011716666667], [16.912059833333334, 78.66011716666667], [16.9120655, 78.66011716666667], [16.912071500000003, 78.66011716666667], [16.912077333333333, 78.66011716666667], [16.912083166666665, 78.66011733333333], [16.912089166666664, 78.66011733333333], [16.912095166666667, 78.66011733333333], [16.912101, 78.66011733333333], [16.912106833333333, 78.66011733333333], [16.91211283333333, 78.66011733333333], [16.912118666666668, 78.66011733333333], [16.912124666666667, 78.6601175], [16.912130666666666, 78.6601175], [16.91213683333333, 78.6601175], [16.912142833333334, 78.6601175], [16.912149, 78.6601175], [16.912154833333332, 78.6601175], [16.912160833333335, 78.6601175], [16.912166833333334, 78.6601175], [16.912172833333333, 78.6601175], [16.912178666666666, 78.6601175], [16.912184833333335, 78.6601175], [16.912190833333334, 78.6601175], [16.912196666666667, 78.6601175], [16.9122025, 78.6601175], [16.912208500000002, 78.66011766666666], [16.912214333333335, 78.66011766666666], [16.9122205, 78.66011766666666], [16.9122265, 78.66011766666666], [16.912232333333336, 78.66011783333333], [16.912238333333335, 78.66011783333333], [16.912244333333334, 78.66011783333333], [16.912250500000003, 78.66011783333333], [16.9122565, 78.66011783333333], [16.9122625, 78.66011783333333], [16.912268666666666, 78.66011783333333], [16.912274833333335, 78.66011783333333], [16.912281, 78.660118], [16.912287166666665, 78.660118], [16.912293166666664, 78.660118], [16.912299166666667, 78.660118], [16.912305333333332, 78.660118], [16.91231133333333, 78.66011816666668], [16.912317499999997, 78.66011816666668], [16.91232366666667, 78.66011816666668], [16.912329833333335, 78.66011816666668], [16.912336166666666, 78.66011833333333], [16.912342333333335, 78.66011833333333], [16.912348666666666, 78.66011833333333], [16.912354999999998, 78.66011833333333], [16.912361333333333, 78.6601185], [16.912367500000002, 78.6601185], [16.912373666666667, 78.6601185], [16.91238, 78.6601185], [16.912386166666668, 78.6601185], [16.912392333333333, 78.6601185], [16.9123985, 78.66011866666666], [16.912404666666664, 78.66011866666666], [16.912410833333336, 78.66011866666666], [16.912417333333334, 78.66011866666666], [16.9124235, 78.66011883333334], [16.912429666666664, 78.66011883333334], [16.912436, 78.66011883333334], [16.912442333333335, 78.66011883333334], [16.912448666666666, 78.660119], [16.912454833333335, 78.660119], [16.912461166666667, 78.660119], [16.912467499999998, 78.66011916666666], [16.912473666666664, 78.66011916666666], [16.91248016666667, 78.66011916666666], [16.9124865, 78.66011933333333], [16.91249283333333, 78.66011933333333], [16.912499333333336, 78.66011950000001], [16.912505833333334, 78.66011950000001], [16.912512333333332, 78.66011950000001], [16.912518833333333, 78.66011966666666], [16.912525333333335, 78.66011983333333], [16.9125315, 78.66011983333333], [16.912537999999998, 78.66012], [16.912544333333337, 78.66012], [16.912551, 78.66012016666667], [16.9125575, 78.66012016666667], [16.912564, 78.66012033333332], [16.9125705, 78.66012033333332], [16.912577, 78.66012049999999], [16.912583666666666, 78.66012066666667], [16.91259, 78.66012066666667], [16.9125965, 78.66012066666667], [16.912603, 78.66012083333334], [16.912609333333332, 78.66012083333334], [16.9126155, 78.66012099999999], [16.912622, 78.66012099999999], [16.912628166666664, 78.66012099999999], [16.91263466666667, 78.66012116666667], [16.912641166666667, 78.66012116666667], [16.912647666666665, 78.66012133333334], [16.912654333333332, 78.66012133333334], [16.912660666666667, 78.66012133333334], [16.912667166666665, 78.6601215], [16.912673833333333, 78.6601215], [16.9126805, 78.66012166666665], [16.912687166666668, 78.66012166666665], [16.912693666666666, 78.66012183333333], [16.912700166666664, 78.66012183333333], [16.91270666666667, 78.660122], [16.912713333333333, 78.660122], [16.91271983333333, 78.66012216666667], [16.912726333333335, 78.66012216666667], [16.912733, 78.66012233333332], [16.91274, 78.6601225], [16.912748166666667, 78.66012266666667], [16.912757833333334, 78.66012283333333], [16.912769166666667, 78.66012283333333], [16.912782166666666, 78.66012316666666], [16.912796500000002, 78.66012333333333], [16.912811166666664, 78.66012366666668], [16.912826666666668, 78.66012383333333], [16.912842666666666, 78.660124], [16.912858500000002, 78.66012433333334], [16.9128745, 78.6601245], [16.9128905, 78.66012483333334], [16.912906500000002, 78.66012500000001], [16.912922666666667, 78.66012516666666], [16.912938999999998, 78.6601255], [16.912955333333333, 78.66012566666667], [16.9129715, 78.660126], [16.912987833333332, 78.66012633333334], [16.913004333333333, 78.66012649999999], [16.913020833333334, 78.66012683333334], [16.913037666666664, 78.66012716666667], [16.91305433333333, 78.66012733333334], [16.913071, 78.66012766666667], [16.91308766666667, 78.660128], [16.913104333333333, 78.66012833333333], [16.913120833333334, 78.66012866666667], [16.913137666666668, 78.66012900000001], [16.9131545, 78.66012933333333], [16.91317133333333, 78.66012966666668], [16.913187833333332, 78.66013016666668], [16.9132045, 78.6601305], [16.913221166666666, 78.66013083333334], [16.913237833333334, 78.66013133333333], [16.913254333333335, 78.66013166666667], [16.913271, 78.66013216666667], [16.913287500000003, 78.66013266666667], [16.913304166666666, 78.66013316666667], [16.913320666666667, 78.6601335], [16.913337333333335, 78.660134], [16.913353833333336, 78.6601345], [16.9133705, 78.66013500000001], [16.913387166666666, 78.66013566666668], [16.913403833333334, 78.66013616666667], [16.913420499999997, 78.66013666666666], [16.91343733333333, 78.66013733333332], [16.913454, 78.66013783333332], [16.913470833333335, 78.66013833333334], [16.9134875, 78.660139], [16.913504166666666, 78.6601395], [16.913520833333333, 78.66014016666666], [16.9135375, 78.66014083333333], [16.913554166666664, 78.6601415], [16.91357083333333, 78.660142], [16.913587333333332, 78.66014266666666], [16.913604000000003, 78.66014333333332], [16.913620666666667, 78.660144], [16.913637333333334, 78.66014466666667], [16.91365366666667, 78.66014533333333], [16.913670000000003, 78.660146], [16.913686499999997, 78.66014666666666], [16.913702666666666, 78.6601475], [16.913719166666667, 78.66014816666667], [16.913735166666665, 78.660149], [16.9137515, 78.66014966666667], [16.91376766666667, 78.6601505], [16.913783833333333, 78.66015116666668], [16.913800166666665, 78.660152], [16.913816333333333, 78.66015283333333], [16.9138325, 78.66015366666667], [16.91384866666667, 78.6601545], [16.913864666666665, 78.6601555], [16.913880833333334, 78.66015633333333], [16.913897000000002, 78.66015716666668], [16.913912999999997, 78.66015816666666], [16.913929, 78.66015900000001], [16.913944833333336, 78.66015999999999], [16.91396083333333, 78.660161], [16.913977, 78.66016183333333], [16.913993, 78.66016283333333], [16.914008666666668, 78.66016383333334], [16.9140245, 78.66016483333333], [16.9140405, 78.66016599999999], [16.91405616666667, 78.660167], [16.91407183333333, 78.66016800000001], [16.9140875, 78.66016916666668], [16.914103333333333, 78.66017016666666], [16.914119000000003, 78.66017133333334], [16.9141345, 78.66017233333334], [16.914150166666666, 78.6601735], [16.914165833333335, 78.66017466666668], [16.91418133333333, 78.66017583333334], [16.914197, 78.660177], [16.9142125, 78.66017816666667], [16.914227999999998, 78.66017933333333], [16.9142435, 78.6601805], [16.914259, 78.66018166666666], [16.91427433333333, 78.660183], [16.914289666666665, 78.66018416666667], [16.914304833333333, 78.66018533333333], [16.91432, 78.66018666666668], [16.914335166666667, 78.66018783333334], [16.914350333333335, 78.66018916666667], [16.914365333333333, 78.66019033333333], [16.914380666666666, 78.66019166666666], [16.914395833333334, 78.66019283333334], [16.914410999999998, 78.66019416666667], [16.914426166666665, 78.66019533333333], [16.914441333333333, 78.66019666666666], [16.91445666666667, 78.66019800000001], [16.914471666666667, 78.66019916666667], [16.914486833333335, 78.6602005], [16.914502000000002, 78.66020166666667], [16.914517166666666, 78.660203], [16.914532333333334, 78.66020433333333], [16.914547333333335, 78.6602055], [16.914562666666665, 78.66020683333333], [16.914577666666666, 78.660208], [16.914592666666667, 78.66020933333333], [16.914607999999998, 78.66021049999999], [16.914623, 78.66021183333334], [16.914638333333336, 78.66021300000001], [16.9146535, 78.66021433333334], [16.914668666666667, 78.66021566666667], [16.914684, 78.66021683333334], [16.91469933333333, 78.66021816666667], [16.9147145, 78.6602195], [16.914729833333336, 78.66022066666666], [16.914745166666666, 78.660222], [16.914760666666666, 78.66022333333333], [16.914775833333334, 78.6602245], [16.914791333333334, 78.66022583333333], [16.914806666666667, 78.66022716666666], [16.914822, 78.66022833333334], [16.914837166666665, 78.66022966666667], [16.9148525, 78.66023100000001], [16.914867666666666, 78.66023216666667], [16.914882833333333, 78.6602335], [16.914898166666667, 78.66023483333333], [16.9149135, 78.66023616666666], [16.91492883333333, 78.66023733333333], [16.914944, 78.66023866666666], [16.914959166666666, 78.66023983333334], [16.91497433333333, 78.66024116666668], [16.914989666666667, 78.66024250000001], [16.915004833333334, 78.66024383333334], [16.915020166666668, 78.660245], [16.9150355, 78.66024633333333], [16.9150505, 78.66024766666666], [16.915066000000003, 78.66024883333333], [16.915081166666667, 78.66025016666667], [16.9150965, 78.6602515], [16.915111833333334, 78.66025266666666], [16.915127166666664, 78.660254], [16.915142666666668, 78.66025533333332], [16.915158166666668, 78.66025666666665], [16.91517383333333, 78.66025800000001], [16.915189166666668, 78.66025933333334], [16.915204666666668, 78.6602605], [16.915219999999998, 78.66026183333334], [16.91523533333333, 78.66026316666667], [16.91525066666667, 78.66026433333333], [16.915266, 78.66026566666666], [16.915281333333333, 78.660267], [16.915296833333333, 78.66026816666667], [16.915311999999997, 78.6602695], [16.915327333333334, 78.66027066666668], [16.915342666666668, 78.660272], [16.915358, 78.66027316666667], [16.91537333333333, 78.6602745], [16.91538866666667, 78.66027566666666], [16.915404000000002, 78.660277], [16.915419166666666, 78.66027816666666], [16.915434333333334, 78.66027933333334], [16.915449333333335, 78.6602805], [16.915464666666665, 78.66028183333333], [16.915479833333332, 78.66028299999999], [16.915495166666666, 78.66028433333332], [16.915510333333334, 78.6602855], [16.915525666666667, 78.66028666666666], [16.915540833333335, 78.66028783333333], [16.91555633333333, 78.66028916666667], [16.9155715, 78.66029033333332], [16.915586833333336, 78.66029166666667], [16.915602166666666, 78.66029283333334], [16.9156175, 78.66029400000001], [16.915632666666667, 78.66029533333334], [16.91564783333333, 78.6602965], [16.915663166666665, 78.66029766666666], [16.915678333333336, 78.660299], [16.915693666666666, 78.66030016666667], [16.915708833333333, 78.6603015], [16.915724166666667, 78.66030266666667], [16.91573933333333, 78.66030383333333], [16.915754666666665, 78.66030516666666], [16.915769833333332, 78.66030633333334], [16.915785000000003, 78.66030766666667], [16.915800333333333, 78.66030883333333], [16.915815666666667, 78.66031016666668], [16.915831, 78.66031133333333], [16.915846166666665, 78.66031266666667], [16.915861333333332, 78.66031383333333], [16.91587666666667, 78.66031516666666], [16.915892, 78.66031633333334], [16.915907333333333, 78.66031766666667], [16.915922833333333, 78.66031883333333], [16.915938, 78.66032016666666], [16.9159535, 78.66032133333333], [16.915968833333334, 78.66032266666666], [16.915984166666664, 78.66032383333332], [16.915999666666668, 78.66032516666668], [16.916015, 78.66032650000001], [16.916030499999998, 78.66032766666667], [16.91604583333333, 78.660329], [16.91606116666667, 78.66033016666667], [16.916076333333333, 78.6603315], [16.916091666666667, 78.66033266666666], [16.916106833333334, 78.66033399999999], [16.916121999999998, 78.66033516666667], [16.916137166666665, 78.6603365], [16.916152333333333, 78.66033766666666], [16.916167499999997, 78.66033900000001], [16.916182833333334, 78.66034016666667], [16.916198166666668, 78.6603415], [16.916213333333335, 78.66034283333333], [16.916228666666665, 78.660344], [16.916243833333333, 78.66034533333332], [16.916259, 78.66034666666665], [16.916274333333334, 78.66034783333333], [16.916289666666668, 78.66034916666668], [16.916304833333335, 78.66035033333333], [16.91632, 78.66035149999999], [16.916335333333333, 78.66035283333333], [16.916350666666666, 78.66035400000001], [16.916366, 78.66035533333334], [16.916381166666667, 78.6603565], [16.916396333333335, 78.66035783333334], [16.9164115, 78.660359], [16.916426833333333, 78.66036016666666], [16.916442, 78.6603615], [16.916457333333334, 78.66036266666667], [16.9164725, 78.660364], [16.916487833333335, 78.66036516666667], [16.916503166666665, 78.66036633333333], [16.916518166666666, 78.66036766666666], [16.9165335, 78.66036883333332], [16.916548666666664, 78.66037], [16.916563666666665, 78.66037133333333], [16.916578833333332, 78.6603725], [16.91659383333333, 78.66037366666666], [16.916609166666667, 78.660375], [16.91662416666667, 78.66037616666668], [16.916639333333332, 78.66037733333333], [16.916654833333332, 78.6603785], [16.916670166666666, 78.66037983333334], [16.91668566666667, 78.66038083333333], [16.916701, 78.660382], [16.916716333333333, 78.66038316666666], [16.916731833333333, 78.66038433333333], [16.916747333333333, 78.6603855], [16.916762833333333, 78.6603865], [16.916778166666667, 78.66038766666667], [16.916793666666667, 78.66038866666666], [16.916809, 78.66038983333333], [16.9168245, 78.66039083333334], [16.91683983333333, 78.660392], [16.916855166666668, 78.66039300000001], [16.916870666666668, 78.660394], [16.916886166666664, 78.66039500000001], [16.916901666666668, 78.660396], [16.916917, 78.660397], [16.916932499999998, 78.660398], [16.916947999999998, 78.66039900000001], [16.9169635, 78.6604], [16.916979166666668, 78.66040100000001], [16.916994833333334, 78.660402], [16.9170105, 78.660403], [16.917026333333336, 78.660404], [16.917042166666665, 78.66040483333333], [16.917058, 78.66040583333333], [16.917073833333333, 78.66040683333334], [16.917089666666666, 78.66040766666667], [16.917105499999998, 78.66040866666667], [16.917121166666668, 78.66040966666667], [16.917137, 78.6604105], [16.917152666666667, 78.66041133333333], [16.917168166666666, 78.66041233333334], [16.917184000000002, 78.66041316666666], [16.917199666666665, 78.660414], [16.917215333333335, 78.66041483333333], [16.917231, 78.66041566666667], [16.917246666666664, 78.66041650000001], [16.917262333333333, 78.66041733333333], [16.917278, 78.66041816666666], [16.91729366666667, 78.66041883333334], [16.917309499999998, 78.66041966666667], [16.917325333333334, 78.6604205], [16.917341166666667, 78.66042116666667], [16.917357, 78.660422], [16.91737283333333, 78.66042266666666], [16.917388833333334, 78.6604235], [16.917404833333332, 78.66042416666666], [16.917420666666665, 78.66042483333334], [16.917436666666667, 78.6604255], [16.91745266666667, 78.66042616666667], [16.917468666666664, 78.66042683333333], [16.9174845, 78.6604275], [16.917500333333333, 78.66042816666666], [16.917516499999998, 78.66042866666666], [16.9175325, 78.66042933333333], [16.917548500000002, 78.66042999999999], [16.9175645, 78.66043066666666], [16.917580166666667, 78.66043116666667], [16.917596333333332, 78.66043183333333], [16.917612333333334, 78.66043233333333], [16.9176285, 78.660433], [16.917644499999998, 78.6604335], [16.917660666666666, 78.660434], [16.917677, 78.66043450000001], [16.9176935, 78.66043516666667], [16.91771, 78.66043566666667], [16.917726833333333, 78.66043616666666], [16.917743833333336, 78.66043683333334], [16.917760666666666, 78.66043733333332], [16.9177775, 78.66043783333333], [16.917794333333333, 78.6604385], [16.91781116666667, 78.660439], [16.917827833333334, 78.66043966666666], [16.9178445, 78.66044033333333], [16.917861333333335, 78.66044083333333], [16.917878166666664, 78.66044149999999], [16.91789483333333, 78.66044216666666], [16.9179115, 78.66044283333333], [16.917928, 78.6604435], [16.917944666666664, 78.66044416666666], [16.917961333333334, 78.66044483333333], [16.917977833333335, 78.6604455], [16.917994333333336, 78.66044633333333], [16.918010666666664, 78.660447], [16.918027333333335, 78.66044766666667], [16.9180435, 78.66044833333333], [16.91806, 78.66044916666667], [16.918076499999998, 78.66044983333333], [16.918092833333333, 78.6604505], [16.918109166666667, 78.66045116666666], [16.9181255, 78.660452], [16.918141833333333, 78.66045266666667], [16.918158333333334, 78.66045333333334], [16.918174500000003, 78.66045416666665], [16.91819083333333, 78.66045483333333], [16.918207, 78.66045566666666], [16.918223333333334, 78.66045633333333], [16.91823966666667, 78.660457], [16.918255833333333, 78.66045783333334], [16.918272166666668, 78.6604585], [16.918288333333333, 78.66045933333334], [16.918304499999998, 78.66046], [16.9183205, 78.66046066666667], [16.91833666666667, 78.66046150000001], [16.918352666666667, 78.66046216666668], [16.918368666666666, 78.660463], [16.918385, 78.66046366666666], [16.91840116666667, 78.66046433333332], [16.918417166666664, 78.66046516666667], [16.918433166666667, 78.66046583333333], [16.918449333333335, 78.66046666666666], [16.9184655, 78.66046733333333], [16.918481666666665, 78.66046800000001], [16.918497833333333, 78.66046883333334], [16.918514000000002, 78.6604695], [16.918530166666667, 78.66047016666667], [16.91854633333333, 78.660471], [16.9185625, 78.66047166666667], [16.91857866666667, 78.66047233333333], [16.918594833333334, 78.660473], [16.918611, 78.66047366666666], [16.918627333333333, 78.66047433333333], [16.918643499999998, 78.66047516666666], [16.918659666666667, 78.66047583333334], [16.918676166666668, 78.6604765], [16.918692333333336, 78.66047716666667], [16.918708666666664, 78.66047783333333], [16.918724833333332, 78.6604785], [16.918741, 78.66047916666666], [16.91875716666667, 78.66047983333333], [16.918773333333334, 78.66048049999999], [16.918789666666665, 78.66048116666666], [16.918805833333334, 78.66048183333334], [16.918822166666665, 78.6604825], [16.9188385, 78.66048316666667], [16.918854833333334, 78.66048366666668], [16.918871333333335, 78.66048433333334], [16.9188875, 78.66048500000001], [16.91890383333333, 78.66048566666667], [16.918920333333332, 78.66048616666667], [16.918936666666664, 78.66048683333334], [16.918953, 78.6604875], [16.9189695, 78.66048816666667], [16.918985833333334, 78.66048883333333], [16.919002, 78.66048933333333], [16.9190185, 78.66049], [16.919034833333335, 78.66049066666666], [16.91905116666667, 78.66049116666666], [16.919067833333333, 78.66049183333332], [16.919084166666668, 78.66049233333334], [16.91910066666667, 78.660493], [16.91911716666667, 78.6604935], [16.919133833333333, 78.66049416666667], [16.919150166666668, 78.66049466666666], [16.91916666666667, 78.66049516666666], [16.919182999999997, 78.66049583333333], [16.91919933333333, 78.66049633333334], [16.919215833333332, 78.66049683333334], [16.919232166666667, 78.66049733333332], [16.919248666666665, 78.66049783333332], [16.919265166666666, 78.66049833333334], [16.9192815, 78.66049883333334], [16.919297833333335, 78.66049933333333], [16.919314333333332, 78.66049983333333], [16.9193305, 78.66050033333333], [16.919346833333336, 78.66050100000001], [16.919363166666667, 78.6605015], [16.91937933333333, 78.660502], [16.9193955, 78.66050249999999], [16.919411833333335, 78.660503], [16.919428166666666, 78.6605035], [16.919444666666667, 78.660504], [16.919461000000002, 78.66050449999999], [16.919477500000003, 78.660505], [16.919493833333334, 78.6605055], [16.9195105, 78.66050616666666], [16.919526833333336, 78.66050666666666], [16.919543166666664, 78.66050716666668], [16.9195595, 78.66050766666667], [16.919575666666667, 78.66050816666666], [16.919591833333335, 78.66050866666666], [16.919608166666666, 78.66050916666667], [16.9196245, 78.66050983333334], [16.919640833333336, 78.66051033333333], [16.919657166666664, 78.66051083333333], [16.9196735, 78.66051133333333], [16.919689833333333, 78.66051183333335], [16.919706333333334, 78.66051250000001], [16.9197225, 78.66051300000001], [16.919739, 78.6605135], [16.919755333333335, 78.66051399999999], [16.919771833333336, 78.6605145], [16.919788166666667, 78.66051516666667], [16.919804666666668, 78.66051566666667], [16.919821000000002, 78.66051616666667], [16.91983733333333, 78.66051683333333], [16.91985383333333, 78.66051733333333], [16.919870166666666, 78.66051783333334], [16.919886666666667, 78.66051850000001], [16.919902999999998, 78.66051900000001], [16.9199195, 78.66051966666667], [16.919935833333334, 78.66052016666666], [16.91995216666667, 78.66052066666666], [16.9199685, 78.66052133333332], [16.919984666666668, 78.66052183333333], [16.920001, 78.66052233333333], [16.920017499999997, 78.660523], [16.92003383333333, 78.6605235], [16.920050166666666, 78.660524], [16.920066333333335, 78.66052466666666], [16.920082833333332, 78.66052516666667], [16.920099, 78.66052566666667], [16.920115333333335, 78.66052633333334], [16.9201315, 78.66052683333334], [16.92014783333333, 78.66052733333332], [16.920164333333332, 78.66052800000001], [16.920180666666667, 78.6605285], [16.920197166666664, 78.660529], [16.9202135, 78.6605295], [16.920229833333334, 78.66053016666666], [16.92024616666667, 78.66053066666667], [16.920262333333334, 78.66053133333334], [16.920278666666665, 78.66053183333334], [16.920295, 78.66053233333334], [16.920311166666668, 78.660533], [16.9203275, 78.6605335], [16.920343666666668, 78.66053416666666], [16.920359833333336, 78.66053466666668], [16.920375999999997, 78.66053516666666], [16.920392166666666, 78.66053583333334], [16.9204085, 78.66053633333333], [16.920424500000003, 78.660537], [16.920440666666664, 78.66053749999999], [16.920456833333333, 78.660538], [16.920473, 78.6605385], [16.920489166666666, 78.66053916666667], [16.92050533333333, 78.66053966666666], [16.920521666666666, 78.66054016666666], [16.920537833333334, 78.66054083333333], [16.920554166666665, 78.66054133333334], [16.9205705, 78.66054183333334], [16.920586833333335, 78.6605425], [16.920603000000003, 78.660543], [16.920619166666665, 78.66054349999999], [16.920635333333333, 78.660544], [16.920651333333335, 78.6605445], [16.9206675, 78.660545], [16.920683666666665, 78.66054566666666], [16.920699833333334, 78.66054616666666], [16.920716000000002, 78.66054666666668], [16.920731999999997, 78.66054716666666], [16.920748166666666, 78.66054766666666], [16.920764166666668, 78.66054816666666], [16.920780333333333, 78.66054883333332], [16.92079633333333, 78.66054933333334], [16.920812333333334, 78.66054983333333], [16.920828500000002, 78.66055033333333], [16.92084433333333, 78.66055083333335], [16.920860333333334, 78.66055133333333], [16.920876333333336, 78.66055183333333], [16.920892499999997, 78.66055216666668], [16.920908333333333, 78.66055266666667], [16.9209245, 78.66055316666666], [16.920940499999997, 78.6605535], [16.920956666666665, 78.660554], [16.920972666666668, 78.66055433333332], [16.9209885, 78.66055466666667], [16.921004333333332, 78.660555], [16.921020333333335, 78.66055533333333], [16.921036333333333, 78.66055566666667], [16.921052333333332, 78.660556], [16.921068333333334, 78.66055633333333], [16.9210845, 78.66055666666666], [16.9211005, 78.660557], [16.9211165, 78.66055733333333], [16.921132666666665, 78.66055766666666], [16.921148833333334, 78.66055783333333], [16.921164833333332, 78.66055816666668], [16.921180833333334, 78.66055833333333], [16.921196833333333, 78.6605585], [16.921213, 78.66055883333334], [16.921229166666667, 78.66055899999999], [16.92124533333333, 78.66055916666666], [16.9212615, 78.66055933333334], [16.92127783333333, 78.6605595], [16.921294166666666, 78.66055966666666], [16.9213105, 78.66055983333334], [16.921326833333335, 78.66056], [16.921343166666666, 78.66056016666667], [16.92135933333333, 78.66056016666667], [16.921375666666666, 78.66056033333332], [16.921391833333335, 78.6605605], [16.921408333333332, 78.66056066666667], [16.9214245, 78.66056066666667], [16.921440833333335, 78.66056083333334], [16.921457166666666, 78.660561], [16.9214735, 78.660561], [16.921489833333332, 78.66056116666667], [16.921506166666667, 78.66056116666667], [16.921522666666664, 78.66056116666667], [16.921539, 78.66056133333333], [16.9215555, 78.66056133333333], [16.92157166666667, 78.66056133333333], [16.921588, 78.66056133333333], [16.92160416666667, 78.66056133333333], [16.921620333333333, 78.66056133333333], [16.921636499999998, 78.66056133333333], [16.9216525, 78.66056133333333], [16.92166866666667, 78.66056116666667], [16.921684666666668, 78.66056116666667], [16.921700833333333, 78.66056116666667], [16.921717, 78.66056116666667], [16.921733, 78.660561], [16.921749, 78.660561], [16.921765333333333, 78.66056083333334], [16.921782, 78.66056083333334], [16.921798666666668, 78.66056083333334], [16.921815499999997, 78.66056066666667], [16.921832, 78.66056066666667], [16.921848666666666, 78.6605605], [16.921865, 78.6605605], [16.921881666666664, 78.66056033333332], [16.921898, 78.66056033333332], [16.921914, 78.66056016666667], [16.9219305, 78.66056016666667], [16.921946666666667, 78.66056], [16.921963, 78.66056], [16.921979333333336, 78.66055983333334], [16.921995666666664, 78.66055983333334], [16.922012, 78.66055966666666], [16.922028166666667, 78.6605595], [16.922044500000002, 78.6605595], [16.922061166666666, 78.66055933333334], [16.922077333333334, 78.66055933333334], [16.92209366666667, 78.66055916666666], [16.922110166666666, 78.66055899999999], [16.92212633333333, 78.66055883333334], [16.922142666666666, 78.66055883333334], [16.922158666666668, 78.66055866666667], [16.922174833333333, 78.6605585], [16.922191, 78.66055833333333], [16.922207, 78.66055833333333], [16.922223166666665, 78.66055816666668], [16.922239333333334, 78.66055800000001], [16.92225566666667, 78.66055783333333], [16.922271833333333, 78.66055750000001], [16.922287833333332, 78.66055733333333], [16.922304333333333, 78.66055716666666], [16.922320666666668, 78.66055683333335], [16.922336833333336, 78.66055666666666], [16.922353166666667, 78.6605565], [16.9223695, 78.66055616666667], [16.922386, 78.66055583333333], [16.92240233333333, 78.66055566666667], [16.9224185, 78.66055533333333], [16.922434833333334, 78.66055516666667], [16.922451333333335, 78.66055483333334], [16.922467666666666, 78.6605545], [16.922483833333335, 78.66055416666667], [16.922500333333335, 78.66055383333334], [16.922516833333336, 78.66055366666666], [16.9225335, 78.66055333333334], [16.922549833333335, 78.660553], [16.922566333333336, 78.66055266666667], [16.922582666666663, 78.66055233333333], [16.922598999999998, 78.66055200000001], [16.9226155, 78.66055166666666], [16.9226315, 78.66055133333333], [16.922647833333333, 78.66055083333335], [16.922664, 78.6605505], [16.922680166666666, 78.66055016666665], [16.922696166666665, 78.66054983333333], [16.922712333333333, 78.66054949999999], [16.922728333333335, 78.660549], [16.922744333333334, 78.66054866666667], [16.922760666666665, 78.66054816666666], [16.922776666666667, 78.66054783333334], [16.922792666666666, 78.66054733333334], [16.92280883333333, 78.660547], [16.922824666666667, 78.6605465], [16.922840666666666, 78.66054600000001], [16.922856666666668, 78.66054566666666], [16.922872833333333, 78.66054516666667], [16.9228885, 78.66054466666667], [16.9229045, 78.66054416666665], [16.922920166666664, 78.66054366666667], [16.922935833333334, 78.66054316666667], [16.922951833333332, 78.66054266666667], [16.922967500000002, 78.66054216666666], [16.922983166666665, 78.66054166666666], [16.922999, 78.66054116666666], [16.923014666666667, 78.6605405], [16.9230305, 78.66054000000001], [16.923046166666666, 78.66053933333333], [16.923061833333335, 78.66053883333333], [16.92307733333333, 78.66053816666665], [16.92309283333333, 78.66053749999999], [16.923108333333335, 78.66053683333332], [16.92312383333333, 78.66053616666666], [16.92313933333333, 78.6605355], [16.923154833333335, 78.66053483333333], [16.92317016666667, 78.66053416666666], [16.923185666666665, 78.6605335], [16.923201, 78.66053266666667], [16.923216333333336, 78.660532], [16.923231666666666, 78.66053133333334], [16.923247333333332, 78.66053050000001], [16.9232625, 78.66052983333334], [16.923277833333334, 78.660529], [16.923293, 78.66052816666667], [16.92330816666667, 78.6605275], [16.9233235, 78.66052666666666], [16.923338666666666, 78.66052583333334], [16.923353833333334, 78.66052483333333], [16.923368666666665, 78.660524], [16.923383833333332, 78.66052316666666], [16.923398666666667, 78.66052216666667], [16.92341383333333, 78.66052133333332], [16.923428666666666, 78.66052033333334], [16.9234435, 78.66051933333333], [16.923458333333333, 78.66051833333333], [16.9234735, 78.6605175], [16.92348816666667, 78.66051633333333], [16.923503166666666, 78.66051533333332], [16.923518, 78.66051433333334], [16.923532833333336, 78.66051316666668], [16.92354733333333, 78.66051216666666], [16.923562166666667, 78.660511], [16.923577166666668, 78.66050983333334], [16.923591666666667, 78.66050883333334], [16.9236065, 78.66050766666667], [16.923621166666667, 78.66050650000001], [16.923635833333332, 78.66050533333333], [16.9236505, 78.66050416666667], [16.92366516666667, 78.660503], [16.92367983333333, 78.66050183333333], [16.9236945, 78.6605005], [16.923709, 78.66049933333333], [16.9237235, 78.660498], [16.923738166666666, 78.66049683333334], [16.923752666666665, 78.6604955], [16.923767, 78.66049416666667], [16.9237815, 78.66049283333334], [16.923795833333333, 78.6604915], [16.92381, 78.66049], [16.923824333333336, 78.66048866666667], [16.923838666666665, 78.66048733333334], [16.923853, 78.66048583333333], [16.923866999999998, 78.6604845], [16.923881166666668, 78.66048300000001], [16.923895166666668, 78.6604815], [16.923909166666665, 78.66048], [16.92392316666667, 78.66047866666666], [16.92393716666667, 78.66047716666667], [16.923951, 78.6604755], [16.923965, 78.66047400000001], [16.923979, 78.6604725], [16.923992833333333, 78.66047083333333], [16.924006833333333, 78.66046933333334], [16.924020833333334, 78.66046766666666], [16.924034666666667, 78.660466], [16.9240485, 78.66046433333332], [16.92406233333333, 78.66046266666667], [16.924076, 78.660461], [16.924089666666664, 78.66045933333334], [16.924103166666665, 78.66045766666666], [16.9241165, 78.66045600000001], [16.924129999999998, 78.66045416666665], [16.924143333333333, 78.6604525], [16.9241565, 78.66045066666668], [16.924169666666668, 78.66044883333333], [16.924182499999997, 78.660447], [16.924195333333333, 78.66044516666666], [16.924208333333336, 78.66044316666667], [16.924221166666666, 78.66044133333334], [16.924233833333336, 78.6604395], [16.924246166666666, 78.6604375], [16.924258833333333, 78.66043566666667], [16.9242715, 78.66043366666666], [16.924283833333334, 78.66043166666667], [16.924296333333334, 78.66042966666667], [16.924308666666665, 78.66042766666666], [16.924320666666667, 78.66042566666667], [16.924333, 78.66042366666667], [16.92434516666667, 78.66042166666666], [16.924357166666667, 78.6604195], [16.92436916666667, 78.6604175], [16.924381333333333, 78.66041533333333], [16.92439316666667, 78.66041316666666], [16.924405166666666, 78.66041116666666], [16.924416833333332, 78.660409], [16.92442833333333, 78.66040683333334], [16.924439166666666, 78.66040483333333], [16.924449, 78.66040283333334], [16.924458166666668, 78.66040100000001], [16.924466666666667, 78.66039916666666], [16.9244745, 78.6603975], [16.92448166666667, 78.660396], [16.924488333333333, 78.6603945], [16.924494666666664, 78.66039316666667], [16.9245005, 78.66039166666665], [16.924506, 78.66039049999999], [16.9245115, 78.66038916666666], [16.9245165, 78.660388], [16.92452116666667, 78.660387], [16.9245255, 78.660386], [16.924529333333332, 78.66038499999999], [16.924532833333334, 78.66038433333333], [16.924536166666666, 78.66038350000001], [16.924539666666664, 78.66038266666666], [16.92454283333333, 78.660382], [16.924546000000003, 78.66038116666667], [16.924548833333333, 78.6603805], [16.924551666666666, 78.66037983333334], [16.924554333333333, 78.66037916666667], [16.924557, 78.66037866666667], [16.9245595, 78.66037800000001], [16.924561999999998, 78.66037750000001], [16.924564333333333, 78.660377], [16.924566666666667, 78.6603765], [16.924569, 78.66037583333333], [16.924571, 78.6603755], [16.92457316666667, 78.660375], [16.924575166666667, 78.6603745], [16.924577, 78.66037416666667], [16.924579, 78.66037366666666], [16.924581, 78.66037316666667], [16.924583, 78.66037283333334], [16.92458483333333, 78.6603725], [16.9245865, 78.66037200000001], [16.924588000000004, 78.66037166666666], [16.924589500000003, 78.66037133333333], [16.92459116666667, 78.66037083333335], [16.924592500000003, 78.6603705], [16.924594000000003, 78.66037016666668], [16.924595333333333, 78.66036983333333], [16.924596666666666, 78.66036966666667], [16.924597666666667, 78.66036933333334], [16.924599166666667, 78.660369], [16.924600166666668, 78.66036866666667], [16.924601166666665, 78.6603685], [16.924602166666666, 78.66036816666666], [16.924603333333334, 78.660368], [16.92460433333333, 78.66036766666666], [16.924605, 78.66036749999999], [16.92460583333333, 78.66036733333334], [16.924606833333332, 78.660367], [16.924607666666667, 78.66036683333333], [16.92460833333333, 78.66036666666668], [16.924609166666666, 78.6603665], [16.924609999999998, 78.66036633333333], [16.92461066666667, 78.66036600000001], [16.924611333333335, 78.66036583333333], [16.924611833333334, 78.66036566666666], [16.924612500000002, 78.6603655], [16.924613166666667, 78.66036533333333], [16.92461366666667, 78.66036516666667], [16.924614333333334, 78.660365], [16.924614833333333, 78.66036483333333], [16.9246155, 78.66036466666667], [16.924616166666667, 78.6603645], [16.9246165, 78.66036433333333], [16.924617, 78.66036416666667], [16.9246175, 78.660364], [16.924618, 78.660364], [16.9246185, 78.66036383333334], [16.924619, 78.66036366666667], [16.924619333333332, 78.66036366666667], [16.92461966666667, 78.66036349999999], [16.924620166666667, 78.66036333333334], [16.924620666666666, 78.66036316666667], [16.924621, 78.66036316666667], [16.924621333333334, 78.660363], [16.924621666666667, 78.66036283333332], [16.924622, 78.66036266666667], [16.924622333333332, 78.66036266666667], [16.924622666666668, 78.6603625], [16.924623, 78.6603625], [16.924623166666667, 78.66036233333332], [16.9246235, 78.66036216666666], [16.924623666666665, 78.66036216666666], [16.92462383333333, 78.66036216666666], [16.924624166666668, 78.660362], [16.924624333333334, 78.66036183333334], [16.924624333333334, 78.66036183333334], [16.924624333333334, 78.66036166666666], [16.9246245, 78.66036166666666], [16.9246245, 78.6603615], [16.9246245, 78.6603615], [16.924624666666666, 78.6603615], [16.924624666666666, 78.66036133333334], [16.924624666666666, 78.66036133333334], [16.924624833333333, 78.66036116666668], [16.924624666666666, 78.66036116666668], [16.924624666666666, 78.660361], [16.924624666666666, 78.660361], [16.924624666666666, 78.66036083333333], [16.9246245, 78.66036083333333], [16.924624833333333, 78.66036066666668], [16.924624666666666, 78.66036066666668], [16.9246245, 78.6603605], [16.924624333333334, 78.6603605], [16.924624166666668, 78.66036033333333], [16.924623999999998, 78.66036033333333], [16.924623999999998, 78.66036016666666], [16.92462383333333, 78.66036016666666], [16.9246235, 78.66036000000001], [16.924623166666667, 78.66036000000001], [16.924623, 78.66035983333333], [16.924623, 78.66035983333333], [16.924622833333334, 78.66035983333333], [16.924623, 78.66035983333333], [16.924623333333333, 78.66035983333333], [16.92462383333333, 78.66036000000001], [16.924625, 78.66036016666666], [16.9246265, 78.66036016666666], [16.924627666666666, 78.6603605], [16.924628833333333, 78.66036066666668], [16.924629666666664, 78.660361], [16.9246305, 78.6603615], [16.92463083333333, 78.66036183333334], [16.924630999999998, 78.66036216666666], [16.924630999999998, 78.6603625], [16.924631166666664, 78.66036266666667], [16.92463133333333, 78.660363], [16.924631166666664, 78.66036316666667], [16.924630999999998, 78.66036349999999], [16.92463083333333, 78.66036366666667], [16.924630333333333, 78.660364], [16.92462983333333, 78.66036416666667], [16.924629333333332, 78.66036433333333], [16.924628833333333, 78.6603645], [16.924628666666667, 78.66036466666667], [16.924628666666667, 78.66036466666667], [16.924628833333333, 78.66036466666667], [16.924629, 78.66036483333333], [16.924629166666666, 78.66036483333333], [16.924628833333333, 78.66036483333333], [16.924628833333333, 78.660365], [16.924629166666666, 78.66036516666667], [16.924629166666666, 78.66036516666667], [16.924629, 78.66036533333333], [16.924629, 78.66036533333333], [16.924629, 78.66036533333333], [16.924629, 78.6603655], [16.924629, 78.6603655], [16.924629333333332, 78.6603655], [16.924629666666664, 78.6603655], [16.924629999999997, 78.66036566666666], [16.9246305, 78.66036566666666], [16.92463133333333, 78.66036566666666], [16.92463233333333, 78.66036566666666], [16.924632999999996, 78.66036583333333], [16.924634, 78.66036583333333], [16.92463466666667, 78.66036600000001], [16.924635333333335, 78.66036600000001], [16.924635833333333, 78.66036600000001], [16.924636500000002, 78.66036600000001], [16.924637, 78.66036616666666], [16.924637333333333, 78.66036616666666], [16.924637833333335, 78.66036616666666], [16.924638166666668, 78.66036616666666], [16.924638666666667, 78.66036616666666], [16.924638833333333, 78.66036616666666], [16.924639333333335, 78.66036633333333], [16.9246395, 78.66036633333333], [16.924640166666666, 78.66036633333333], [16.924640333333333, 78.66036633333333], [16.92464066666667, 78.66036633333333], [16.924641, 78.66036633333333], [16.924641166666667, 78.66036633333333], [16.9246415, 78.6603665], [16.924642, 78.6603665], [16.92464216666667, 78.6603665], [16.9246425, 78.6603665], [16.924642833333333, 78.66036666666668], [16.924643166666666, 78.66036666666668], [16.924643666666668, 78.66036683333333], [16.924643833333334, 78.66036683333333], [16.924644, 78.66036683333333], [16.924644166666667, 78.660367], [16.924644166666667, 78.660367], [16.924644, 78.66036716666667], [16.924643833333334, 78.66036716666667], [16.924643833333334, 78.66036733333334], [16.924643666666668, 78.66036733333334], [16.924642833333333, 78.66036749999999], [16.924641833333332, 78.66036766666666], [16.924640833333335, 78.66036783333334], [16.924639833333334, 78.66036783333334], [16.924638666666667, 78.66036816666666], [16.924637833333335, 78.66036833333332], [16.924637166666667, 78.6603685], [16.924636333333336, 78.66036866666667], [16.924635666666667, 78.660369], [16.924635000000002, 78.66036916666667], [16.9246345, 78.66036933333334], [16.924634333333334, 78.66036933333334], [16.924634333333334, 78.66036949999999], [16.924634333333334, 78.66036966666667], [16.924634333333334, 78.66036983333333], [16.9246345, 78.66037], [16.9246345, 78.66037016666668], [16.92463466666667, 78.66037033333333], [16.924634833333336, 78.6603705], [16.924634833333336, 78.66037066666667], [16.92463516666667, 78.66037083333335], [16.9246355, 78.660371], [16.924635666666667, 78.66037116666666], [16.92463616666667, 78.66037133333333], [16.924636333333336, 78.66037150000001], [16.924636833333334, 78.66037166666666], [16.924636833333334, 78.66037183333333], [16.924636666666668, 78.66037200000001], [16.924636500000002, 78.66037216666668], [16.924636666666668, 78.66037233333333], [16.924636833333334, 78.6603725], [16.924636666666668, 78.66037266666667], [16.924636500000002, 78.66037283333334], [16.92463616666667, 78.66037299999999], [16.924636, 78.66037316666667], [16.924636333333336, 78.66037333333334], [16.924636666666668, 78.6603735], [16.924636833333334, 78.66037383333334], [16.924636666666668, 78.660374], [16.924636500000002, 78.66037433333332], [16.924636333333336, 78.6603745], [16.924636333333336, 78.66037466666667], [16.924636500000002, 78.660375], [16.924636666666668, 78.66037516666667], [16.924636333333336, 78.66037533333333], [16.924636, 78.66037566666667], [16.92463616666667, 78.660376], [16.924636333333336, 78.66037616666668], [16.924636666666668, 78.66037633333333], [16.924636833333334, 78.66037666666666], [16.924636333333336, 78.660377], [16.924635833333333, 78.66037733333333], [16.924635333333335, 78.66037750000001], [16.92463516666667, 78.66037783333333], [16.924635333333335, 78.66037800000001], [16.92463516666667, 78.66037833333333], [16.924634333333334, 78.66037866666667], [16.92463366666667, 78.66037899999999], [16.92463316666667, 78.66037916666667], [16.92463316666667, 78.66037933333334], [16.92463283333333, 78.6603795], [16.924632166666665, 78.66037983333334], [16.924631166666664, 78.66038], [16.924630333333333, 78.66038016666667], [16.92462983333333, 78.66038033333332], [16.924629499999998, 78.6603805], [16.924629, 78.66038066666667], [16.92462833333333, 78.66038083333333], [16.924627166666667, 78.660381], [16.924626, 78.66038116666667], [16.92462533333333, 78.66038116666667], [16.924625, 78.66038133333333], [16.924624333333334, 78.66038133333333], [16.924623166666667, 78.6603815], [16.924621666666667, 78.66038166666667], [16.9246205, 78.66038183333333], [16.924619833333335, 78.66038183333333], [16.924619333333332, 78.660382], [16.9246185, 78.660382], [16.924617166666668, 78.66038216666668], [16.924615666666668, 78.66038233333333], [16.924614666666667, 78.66038233333333], [16.924614166666668, 78.6603825], [16.924613833333336, 78.6603825], [16.92461266666667, 78.6603825], [16.924611333333335, 78.66038266666666], [16.92460983333333, 78.66038283333334], [16.924609166666666, 78.66038283333334], [16.924609, 78.66038283333334], [16.92460833333333, 78.66038283333334], [16.924606999999998, 78.660383], [16.924605333333332, 78.660383], [16.92460433333333, 78.66038316666666], [16.9246035, 78.66038316666666], [16.924603166666667, 78.66038316666666], [16.924602333333333, 78.66038333333333], [16.924600833333333, 78.66038333333333], [16.924599166666667, 78.66038350000001], [16.924598166666666, 78.66038350000001], [16.9245975, 78.66038366666666], [16.924596666666666, 78.66038366666666], [16.924595333333333, 78.66038383333333], [16.9245935, 78.66038383333333], [16.924591666666668, 78.66038400000001], [16.9245905, 78.66038400000001], [16.92459016666667, 78.66038416666667], [16.924589500000003, 78.66038416666667], [16.92458783333333, 78.66038416666667], [16.924585999999998, 78.66038433333333], [16.924584499999998, 78.66038433333333], [16.924583833333333, 78.66038433333333], [16.924583666666667, 78.66038433333333], [16.9245825, 78.66038433333333], [16.924580833333334, 78.66038433333333], [16.924579166666668, 78.66038449999999], [16.924578166666667, 78.66038449999999], [16.924577833333334, 78.66038449999999], [16.9245775, 78.66038449999999], [16.924576333333334, 78.66038449999999], [16.924574500000002, 78.66038449999999], [16.924573000000002, 78.66038449999999], [16.924572333333334, 78.66038449999999], [16.924572, 78.66038466666667], [16.924571333333333, 78.66038466666667], [16.924569666666667, 78.66038466666667], [16.924568166666667, 78.66038466666667], [16.924567000000003, 78.66038466666667], [16.924566666666667, 78.66038483333334], [16.924566333333335, 78.66038483333334], [16.924565166666664, 78.66038483333334], [16.924563666666664, 78.66038483333334], [16.9245625, 78.66038483333334], [16.924561666666666, 78.66038483333334], [16.9245615, 78.66038483333334], [16.924560666666665, 78.66038483333334], [16.9245595, 78.66038483333334], [16.924558, 78.66038483333334], [16.924557, 78.66038483333334], [16.924556666666668, 78.66038483333334], [16.924556166666665, 78.66038499999999], [16.924555333333334, 78.66038499999999], [16.924553833333334, 78.66038499999999], [16.924552666666667, 78.66038499999999], [16.924552000000002, 78.66038516666667], [16.924551666666666, 78.66038516666667], [16.924550833333335, 78.66038533333334], [16.9245495, 78.66038533333334], [16.924548166666668, 78.66038533333334], [16.924547333333333, 78.66038533333334], [16.924547166666667, 78.6603855], [16.924546833333334, 78.6603855], [16.924545666666667, 78.66038566666666], [16.924544166666667, 78.66038566666666], [16.924543000000003, 78.66038566666666], [16.924542666666664, 78.66038583333334], [16.92454233333333, 78.66038583333334], [16.9245415, 78.660386], [16.924540166666667, 78.660386], [16.924538833333333, 78.660386], [16.92453833333333, 78.66038616666667], [16.924538166666665, 78.66038616666667], [16.9245375, 78.66038633333332], [16.924536166666666, 78.66038633333332], [16.924534666666666, 78.66038633333332], [16.92453383333333, 78.66038633333332], [16.92453383333333, 78.6603865], [16.9245335, 78.6603865], [16.92453233333333, 78.66038666666667], [16.924531, 78.66038666666667], [16.92453, 78.66038666666667], [16.924529500000002, 78.66038683333333], [16.924529333333332, 78.660387], [16.924528333333335, 78.660387], [16.92452666666667, 78.660387], [16.9245255, 78.66038716666667], [16.924525000000003, 78.66038716666667], [16.924524666666667, 78.66038733333333], [16.924524, 78.66038733333333], [16.924522666666668, 78.66038733333333], [16.92452116666667, 78.66038733333333], [16.924520500000003, 78.6603875], [16.924520166666664, 78.66038766666667], [16.924519666666665, 78.66038766666667], [16.924518499999998, 78.66038766666667], [16.924517166666664, 78.66038783333333], [16.924516166666667, 78.66038783333333], [16.924515666666665, 78.66038783333333], [16.924515333333332, 78.660388], [16.9245145, 78.660388], [16.924513, 78.660388], [16.9245115, 78.660388], [16.924510666666666, 78.66038816666668], [16.92451, 78.66038816666668], [16.924509333333333, 78.66038833333333], [16.924508, 78.66038833333333], [16.9245065, 78.66038833333333], [16.924505500000002, 78.66038833333333], [16.924504833333334, 78.6603885], [16.92450416666667, 78.66038866666666], [16.924503333333334, 78.66038866666666], [16.924502166666667, 78.66038866666666], [16.92450116666667, 78.66038866666666], [16.924500166666668, 78.66038883333334], [16.924499500000003, 78.660389], [16.92449866666667, 78.660389], [16.924497666666664, 78.660389], [16.92449633333333, 78.66038916666666], [16.924495166666667, 78.66038916666666], [16.92449433333333, 78.66038933333333], [16.924493833333333, 78.66038933333333], [16.924493, 78.66038950000001], [16.92449183333333, 78.66038950000001], [16.9244905, 78.66038950000001], [16.924489666666666, 78.66038950000001], [16.924489166666667, 78.66038966666666], [16.9244885, 78.66038966666666], [16.9244875, 78.66038983333333], [16.9244865, 78.66038983333333], [16.924485333333333, 78.66038983333333], [16.924484500000002, 78.66039], [16.924484, 78.66039], [16.92448316666667, 78.66039016666667], [16.924482166666667, 78.66039016666667], [16.924481, 78.66039016666667], [16.924480000000003, 78.66039033333332], [16.924479166666668, 78.66039033333332], [16.924478500000003, 78.66039033333332], [16.924477666666668, 78.66039049999999], [16.924476666666667, 78.66039049999999], [16.92447533333333, 78.66039066666667], [16.924474333333333, 78.66039066666667], [16.924473666666664, 78.66039066666667], [16.924473, 78.66039083333334], [16.924471999999998, 78.66039083333334], [16.92447083333333, 78.66039083333334], [16.924469833333333, 78.66039099999999], [16.924468833333332, 78.66039099999999], [16.924468, 78.66039099999999], [16.924467166666666, 78.66039116666667], [16.924466166666665, 78.66039116666667], [16.924465, 78.66039133333334], [16.924464, 78.66039133333334], [16.924463166666666, 78.66039133333334], [16.924462166666668, 78.6603915], [16.924461333333333, 78.6603915], [16.924460500000002, 78.66039166666665], [16.9244595, 78.66039166666665], [16.924458333333334, 78.66039166666665], [16.924457500000003, 78.66039166666665], [16.924456666666668, 78.66039183333334], [16.924456000000003, 78.66039183333334], [16.924455000000002, 78.66039183333334], [16.924454166666667, 78.660392], [16.924453500000002, 78.660392], [16.92445283333333, 78.660392], [16.92445233333333, 78.660392], [16.924452, 78.660392], [16.9244515, 78.660392], [16.924451166666664, 78.660392], [16.92445083333333, 78.660392], [16.924450666666665, 78.66039216666667], [16.92445083333333, 78.66039216666667], [16.924450666666665, 78.660392], [16.9244505, 78.660392], [16.9244505, 78.660392], [16.9244505, 78.660392], [16.9244505, 78.660392], [16.924450666666665, 78.660392], [16.924450999999998, 78.66039183333334], [16.924451166666664, 78.66039183333334], [16.92445133333333, 78.66039183333334], [16.9244515, 78.66039166666665], [16.924451666666666, 78.66039166666665], [16.924451833333332, 78.6603915], [16.924452, 78.6603915], [16.924452166666665, 78.66039133333334], [16.924452, 78.66039116666667], [16.924452, 78.66039099999999], [16.924451833333332, 78.66039083333334], [16.924452, 78.66039066666667], [16.924451833333332, 78.66039049999999], [16.924451666666666, 78.66039033333332], [16.9244515, 78.66039016666667], [16.92445133333333, 78.66038983333333], [16.924451166666664, 78.66038966666666], [16.92445083333333, 78.66038950000001], [16.924450333333333, 78.66038933333333], [16.92444983333333, 78.66038916666666], [16.924449166666665, 78.660389], [16.924448666666667, 78.66038883333334], [16.924447999999998, 78.66038866666666], [16.9244475, 78.6603885], [16.924447166666667, 78.6603885], [16.924446666666665, 78.66038833333333], [16.924446333333332, 78.66038833333333], [16.924446, 78.66038833333333], [16.924445833333333, 78.66038833333333], [16.924445666666667, 78.66038833333333], [16.9244455, 78.66038833333333], [16.92444533333333, 78.66038833333333], [16.924445166666665, 78.66038833333333], [16.924445166666665, 78.66038833333333], [16.924445166666665, 78.6603885], [16.924445166666665, 78.6603885], [16.924445166666665, 78.66038866666666], [16.9244455, 78.66038866666666], [16.924445666666667, 78.66038883333334], [16.924445666666667, 78.66038883333334], [16.924445833333333, 78.660389], [16.924445833333333, 78.66038916666666], [16.924446, 78.66038916666666], [16.924446166666666, 78.66038933333333], [16.924446166666666, 78.66038950000001], [16.924446333333332, 78.66038966666666], [16.924446666666665, 78.66038983333333], [16.924447, 78.66039], [16.924447333333333, 78.66039016666667], [16.924447833333332, 78.66039033333332], [16.9244485, 78.66039049999999], [16.924449, 78.66039066666667], [16.924449666666664, 78.66039083333334], [16.924450333333333, 78.66039099999999], [16.924450999999998, 78.66039116666667], [16.924451666666666, 78.6603915], [16.924452499999997, 78.66039166666665], [16.92445316666667, 78.66039183333334], [16.924454, 78.660392], [16.924455000000002, 78.66039216666667], [16.924455666666667, 78.6603925], [16.924456666666668, 78.66039266666667], [16.924457500000003, 78.66039283333333], [16.9244585, 78.66039300000001], [16.924459333333335, 78.66039316666667], [16.924460333333332, 78.66039333333333], [16.924461, 78.6603935], [16.924461833333332, 78.66039383333333], [16.924462833333333, 78.660394], [16.924463666666668, 78.66039416666668], [16.924464666666665, 78.66039433333334], [16.9244655, 78.6603945], [16.92446633333333, 78.66039466666666], [16.924467333333332, 78.66039483333334], [16.924468166666667, 78.66039500000001], [16.924469, 78.66039516666666], [16.924469833333333, 78.66039533333333], [16.924470666666664, 78.6603955], [16.9244715, 78.6603955], [16.924472666666666, 78.66039566666667], [16.924473666666664, 78.66039583333333], [16.92447483333333, 78.660396], [16.924476000000002, 78.66039616666667], [16.924477666666668, 78.66039633333334], [16.924479333333334, 78.66039633333334], [16.924480666666668, 78.66039649999999], [16.924482166666667, 78.66039666666667], [16.92448316666667, 78.66039666666667], [16.924484333333332, 78.66039683333334], [16.924485666666666, 78.66039683333334], [16.924486833333333, 78.66039683333334], [16.924488333333333, 78.660397], [16.924489666666666, 78.660397], [16.924491333333332, 78.66039716666667], [16.9244925, 78.66039716666667], [16.924493666666667, 78.66039733333334], [16.924495, 78.66039733333334], [16.9244965, 78.6603975], [16.92449816666667, 78.6603975], [16.924500000000002, 78.6603975], [16.924501833333334, 78.66039766666667], [16.9245035, 78.66039766666667], [16.924505166666666, 78.66039766666667], [16.924506833333332, 78.66039783333333], [16.9245085, 78.66039783333333], [16.924510333333334, 78.66039783333333], [16.924512166666666, 78.660398], [16.924514, 78.66039816666667], [16.924516, 78.66039816666667], [16.924517833333333, 78.66039816666667], [16.92451983333333, 78.66039816666667], [16.924521666666667, 78.66039833333333], [16.924523500000003, 78.66039833333333], [16.924525666666668, 78.66039833333333], [16.924527666666666, 78.6603985], [16.92452966666667, 78.6603985], [16.9245315, 78.6603985], [16.9245335, 78.6603985], [16.924535666666667, 78.66039866666667], [16.924537666666666, 78.66039883333333], [16.92454, 78.66039883333333], [16.924542166666665, 78.66039883333333], [16.924544500000003, 78.66039900000001], [16.924546666666668, 78.66039900000001], [16.924549333333335, 78.66039900000001], [16.924551666666666, 78.66039900000001], [16.924554333333333, 78.66039900000001], [16.924556833333334, 78.66039900000001], [16.9245595, 78.66039900000001], [16.92456233333333, 78.66039900000001], [16.92456533333333, 78.66039900000001], [16.924568, 78.66039900000001], [16.924571166666666, 78.66039900000001], [16.924574166666666, 78.66039900000001], [16.924577166666666, 78.66039883333333], [16.92458033333333, 78.66039883333333], [16.92458333333333, 78.66039883333333], [16.92458633333333, 78.66039883333333], [16.924589500000003, 78.66039866666667], [16.924592333333333, 78.66039866666667], [16.924595333333333, 78.66039866666667], [16.924598333333332, 78.6603985], [16.92460133333333, 78.6603985], [16.9246045, 78.6603985], [16.9246075, 78.6603985], [16.92461066666667, 78.66039833333333], [16.92461366666667, 78.66039833333333], [16.924616833333335, 78.66039833333333], [16.92462, 78.66039816666667], [16.924623, 78.66039816666667], [16.924626166666666, 78.66039816666667], [16.924629166666666, 78.660398], [16.924632166666665, 78.660398], [16.92463516666667, 78.660398], [16.924638, 78.66039783333333], [16.924640833333335, 78.66039783333333], [16.924643833333334, 78.66039766666667], [16.924646666666668, 78.66039766666667], [16.92464933333333, 78.66039766666667], [16.924652, 78.6603975], [16.9246545, 78.6603975], [16.924656833333334, 78.6603975], [16.924659333333334, 78.66039733333334], [16.92466166666667, 78.66039733333334], [16.924664, 78.66039733333334], [16.92466616666667, 78.66039716666667], [16.924668333333333, 78.66039716666667], [16.924670499999998, 78.66039716666667], [16.924672666666666, 78.66039716666667], [16.924674666666665, 78.66039716666667], [16.924676833333333, 78.66039716666667], [16.924678833333335, 78.660397], [16.924680666666667, 78.660397], [16.92468266666667, 78.660397], [16.9246845, 78.660397], [16.924686166666667, 78.66039716666667], [16.924687666666667, 78.66039716666667], [16.924689333333333, 78.66039716666667], [16.924691, 78.66039716666667], [16.924692666666665, 78.66039716666667], [16.924694, 78.66039716666667], [16.924695333333332, 78.66039733333334], [16.924696833333332, 78.66039733333334], [16.924698166666666, 78.66039733333334], [16.9246995, 78.66039733333334], [16.924700833333336, 78.66039733333334], [16.92470216666667, 78.6603975], [16.924703333333333, 78.6603975], [16.924705, 78.6603975], [16.924706333333333, 78.66039766666667], [16.924707666666666, 78.66039766666667], [16.924709, 78.66039766666667], [16.924710333333334, 78.66039766666667], [16.924711666666667, 78.66039766666667], [16.924713, 78.66039766666667], [16.924714166666668, 78.66039766666667], [16.92471533333333, 78.66039766666667], [16.9247165, 78.66039766666667], [16.924717666666666, 78.66039766666667], [16.924718666666667, 78.66039766666667], [16.92471983333333, 78.66039766666667], [16.924720833333332, 78.66039766666667], [16.92472233333333, 78.66039766666667], [16.924723333333336, 78.66039766666667], [16.924724333333334, 78.66039766666667], [16.924725333333335, 78.66039766666667], [16.92472616666667, 78.66039766666667], [16.924727166666667, 78.66039766666667], [16.924728166666668, 78.66039766666667], [16.92472916666667, 78.66039783333333], [16.92473, 78.66039783333333], [16.924730833333335, 78.66039783333333], [16.924731666666666, 78.66039783333333], [16.9247325, 78.66039783333333], [16.924733833333335, 78.66039783333333], [16.924735333333334, 78.66039766666667], [16.924737333333333, 78.66039766666667], [16.92474, 78.66039766666667], [16.924742499999997, 78.6603975], [16.924745499999997, 78.66039733333334], [16.924748166666667, 78.660397], [16.924751, 78.66039666666667], [16.924754, 78.66039616666667], [16.924757333333332, 78.66039583333333], [16.924761333333333, 78.66039533333333], [16.9247655, 78.66039483333334], [16.92476966666667, 78.66039433333334], [16.92477416666667, 78.66039383333333], [16.924778833333335, 78.66039333333333], [16.924783666666666, 78.66039283333333], [16.92478883333333, 78.66039216666667], [16.924794333333335, 78.6603915], [16.924800333333334, 78.66039083333334], [16.924806333333333, 78.66039016666667], [16.924812666666664, 78.66038950000001], [16.924819, 78.66038883333334], [16.924825666666667, 78.66038816666668], [16.924832166666665, 78.66038733333333], [16.92483916666667, 78.66038666666667], [16.924846, 78.66038583333334], [16.924853, 78.66038516666667], [16.924860000000002, 78.66038433333333], [16.924867, 78.66038350000001], [16.924874, 78.66038283333334], [16.924881000000003, 78.660382], [16.924887666666667, 78.66038116666667], [16.924894666666667, 78.6603805], [16.924901166666665, 78.66037966666666], [16.924907833333336, 78.66037899999999], [16.924914333333334, 78.66037833333333], [16.924920999999998, 78.66037750000001], [16.924927833333335, 78.66037683333334], [16.9249345, 78.660376], [16.924941333333333, 78.66037516666667], [16.924948333333337, 78.66037433333332], [16.924955, 78.66037366666666], [16.924961833333334, 78.66037283333334], [16.9249685, 78.66037200000001], [16.924975333333336, 78.66037133333333], [16.924982, 78.6603705], [16.924988833333334, 78.66036983333333], [16.924995666666668, 78.660369], [16.9250025, 78.66036816666666], [16.925009499999998, 78.66036733333334], [16.9250165, 78.6603665], [16.925023333333336, 78.66036566666666], [16.925029833333333, 78.660365], [16.925036, 78.66036416666667], [16.925042333333334, 78.66036349999999], [16.925048333333333, 78.660363], [16.925054166666666, 78.66036216666666], [16.925060166666665, 78.6603615], [16.925066166666667, 78.66036083333333], [16.925072166666666, 78.66036016666666], [16.925078166666665, 78.6603595], [16.925084166666668, 78.660359], [16.925089833333335, 78.66035833333333], [16.9250955, 78.66035766666667], [16.925100999999998, 78.66035716666667], [16.925106666666668, 78.6603565], [16.925112000000002, 78.66035600000001], [16.9251175, 78.66035533333334], [16.92512333333333, 78.66035483333333], [16.925129166666668, 78.66035416666666], [16.925135, 78.66035366666667], [16.9251405, 78.66035316666667], [16.9251455, 78.66035266666667], [16.925150166666665, 78.66035216666667], [16.92515416666667, 78.66035183333334], [16.925158333333332, 78.66035133333334], [16.925162333333333, 78.660351], [16.925166333333333, 78.66035066666667], [16.92517033333333, 78.66035033333333], [16.925174333333334, 78.66035000000001], [16.925178000000002, 78.66034966666666], [16.9251815, 78.6603495], [16.9251845, 78.66034933333334], [16.9251875, 78.66034916666668], [16.9251905, 78.66034883333333], [16.925193666666665, 78.66034866666668], [16.925197, 78.6603485], [16.925200333333333, 78.66034833333333], [16.92520366666667, 78.66034816666667], [16.9252065, 78.66034816666667], [16.925209166666665, 78.66034800000001], [16.925211333333333, 78.66034800000001], [16.925214166666667, 78.66034783333333], [16.925217, 78.6603475], [16.9252195, 78.66034733333332], [16.925222166666668, 78.66034716666667], [16.925224166666666, 78.660347], [16.925226000000002, 78.66034683333334], [16.925227833333334, 78.66034666666665], [16.925230166666665, 78.6603465], [16.925232666666666, 78.66034633333334], [16.925235, 78.66034599999999], [16.92523733333333, 78.66034583333334], [16.92523933333333, 78.66034566666667], [16.92524116666667, 78.66034549999999], [16.925242833333336, 78.66034533333332], [16.925244833333334, 78.66034516666667], [16.92524716666667, 78.660345], [16.9252495, 78.66034483333333], [16.925251666666668, 78.66034483333333], [16.925253333333334, 78.66034466666666], [16.925255333333332, 78.66034450000001], [16.925257, 78.66034433333333], [16.92525883333333, 78.66034416666666], [16.925260666666667, 78.660344], [16.9252625, 78.660344], [16.925264333333335, 78.66034383333334], [16.925265833333334, 78.66034366666666], [16.925267166666668, 78.6603435], [16.925268666666668, 78.6603435], [16.925270166666667, 78.66034333333333], [16.925271666666667, 78.66034333333333], [16.925273333333333, 78.66034316666668], [16.9252745, 78.66034316666668], [16.925275666666668, 78.660343], [16.925276666666665, 78.66034283333333], [16.925277833333332, 78.66034283333333], [16.925278833333333, 78.66034266666666], [16.92527983333333, 78.6603425], [16.925281, 78.6603425], [16.925282, 78.66034233333333], [16.92528283333333, 78.66034233333333], [16.92528383333333, 78.66034216666667], [16.925284666666666, 78.66034216666667], [16.92528533333333, 78.660342], [16.925286000000003, 78.66034183333333], [16.925286500000002, 78.66034183333333], [16.925287, 78.66034166666667], [16.92528766666667, 78.6603415], [16.925288333333334, 78.6603415], [16.9252885, 78.66034133333332], [16.925289000000003, 78.66034116666667], [16.925289333333335, 78.660341], [16.925289666666668, 78.660341], [16.925289833333334, 78.66034083333334], [16.925290166666667, 78.66034083333334], [16.925290333333333, 78.66034066666666], [16.925290500000003, 78.6603405], [16.92529066666667, 78.6603405], [16.925290833333335, 78.66034033333334], [16.925291, 78.66034016666667], [16.925291166666668, 78.66034016666667], [16.925291333333334, 78.66033999999999], [16.9252915, 78.66033983333334], [16.925291666666666, 78.66033983333334], [16.925292000000002, 78.66033966666667], [16.92529216666667, 78.66033966666667], [16.925292000000002, 78.66033966666667], [16.92529216666667, 78.66033949999999], [16.92529216666667, 78.66033949999999], [16.92529216666667, 78.66033949999999], [16.925292333333335, 78.66033933333333], [16.925292333333335, 78.66033933333333], [16.92529216666667, 78.66033933333333], [16.92529216666667, 78.66033933333333], [16.92529216666667, 78.66033916666667], [16.925292333333335, 78.66033916666667], [16.925292333333335, 78.66033916666667], [16.925292333333335, 78.66033916666667], [16.92529216666667, 78.66033916666667], [16.92529216666667, 78.66033900000001], [16.925292000000002, 78.66033900000001], [16.925291833333333, 78.66033900000001], [16.9252915, 78.66033900000001], [16.925291, 78.66033900000001], [16.92529066666667, 78.66033900000001], [16.925290500000003, 78.66033900000001], [16.925290166666667, 78.66033900000001], [16.92529, 78.66033900000001], [16.925289666666668, 78.66033900000001], [16.925289333333335, 78.66033900000001], [16.92528916666667, 78.66033900000001], [16.925288833333333, 78.66033916666667], [16.9252885, 78.66033916666667], [16.925288333333334, 78.66033916666667], [16.925288333333334, 78.66033916666667], [16.925288166666668, 78.66033916666667], [16.925287833333336, 78.66033916666667], [16.925287333333333, 78.66033933333333], [16.925286833333335, 78.66033933333333], [16.925286500000002, 78.66033933333333], [16.925286000000003, 78.66033933333333], [16.925285666666664, 78.66033949999999], [16.92528533333333, 78.66033949999999], [16.925285166666665, 78.66033966666667], [16.9252845, 78.66033983333334], [16.92528383333333, 78.66033999999999], [16.925283333333333, 78.66034016666667], [16.925282666666664, 78.66034033333334], [16.925282166666666, 78.6603405], [16.925281666666667, 78.66034066666666], [16.92528133333333, 78.660341], [16.925281, 78.66034116666667], [16.925281166666664, 78.6603415], [16.9252815, 78.66034166666667], [16.925282, 78.660342], [16.925282666666664, 78.66034216666667], [16.925283333333333, 78.6603425], [16.92528433333333, 78.66034283333333], [16.925285166666665, 78.660343], [16.925286333333336, 78.66034333333333], [16.925288000000002, 78.66034366666666], [16.92529, 78.66034383333334], [16.9252925, 78.66034416666666], [16.925295666666667, 78.66034450000001], [16.925299, 78.66034466666666], [16.925302666666667, 78.660345], [16.92530683333333, 78.66034516666667], [16.925311, 78.66034533333332], [16.925315166666667, 78.66034533333332], [16.925319666666667, 78.66034549999999], [16.925324, 78.66034549999999], [16.9253285, 78.66034549999999], [16.925333166666668, 78.66034549999999], [16.92533716666667, 78.66034516666667], [16.925341833333334, 78.660345], [16.9253465, 78.660345], [16.925351166666665, 78.66034483333333], [16.92535566666667, 78.66034483333333], [16.925360166666668, 78.66034483333333], [16.925364833333333, 78.66034483333333], [16.925369666666665, 78.66034483333333], [16.92537433333333, 78.66034483333333], [16.92537916666667, 78.66034483333333], [16.925384166666667, 78.66034483333333], [16.925389166666665, 78.66034483333333], [16.925394166666667, 78.66034466666666], [16.925399000000002, 78.66034466666666], [16.925404, 78.66034466666666], [16.925409, 78.66034450000001], [16.925414166666666, 78.66034450000001], [16.92541933333333, 78.66034450000001], [16.925424833333334, 78.66034433333333], [16.92543, 78.66034416666666], [16.925435166666666, 78.66034416666666], [16.925440499999997, 78.660344], [16.92544566666667, 78.660344], [16.925451, 78.66034383333334], [16.925456333333333, 78.66034366666666], [16.925461833333333, 78.66034366666666], [16.925467333333334, 78.6603435], [16.925472833333334, 78.6603435], [16.925478333333334, 78.66034333333333], [16.925483666666665, 78.66034333333333], [16.92548916666667, 78.66034316666668], [16.9254945, 78.66034316666668], [16.925499833333333, 78.660343], [16.925505333333334, 78.660343], [16.92551083333333, 78.66034283333333], [16.925516000000002, 78.66034283333333], [16.9255215, 78.66034283333333], [16.925527, 78.66034266666666], [16.925532333333333, 78.66034266666666], [16.925537666666667, 78.6603425], [16.925543, 78.66034233333333], [16.925548499999998, 78.66034233333333], [16.925553999999998, 78.66034216666667], [16.925559500000002, 78.66034216666667], [16.925564833333333, 78.660342], [16.925570166666667, 78.66034183333333], [16.925575666666667, 78.66034183333333], [16.925581, 78.66034166666667], [16.9255865, 78.66034166666667], [16.925591999999998, 78.6603415], [16.9255975, 78.6603415], [16.925603000000002, 78.66034133333332], [16.9256085, 78.66034133333332], [16.925613833333333, 78.66034133333332], [16.9256195, 78.66034116666667], [16.925624833333334, 78.66034116666667], [16.925630333333334, 78.660341], [16.925636, 78.660341], [16.92564133333333, 78.66034083333334], [16.925646833333335, 78.66034066666666], [16.925652333333336, 78.66034066666666], [16.925657666666666, 78.6603405], [16.925663166666666, 78.6603405], [16.925668666666663, 78.66034033333334], [16.925674166666667, 78.66034016666667], [16.925679666666667, 78.66033999999999], [16.925684999999998, 78.66033999999999], [16.925690499999998, 78.66033983333334], [16.925696000000002, 78.66033966666667], [16.925701333333333, 78.66033966666667], [16.925706833333333, 78.66033949999999], [16.925712333333333, 78.66033933333333], [16.925717833333334, 78.66033916666667], [16.9257235, 78.66033916666667], [16.925729166666667, 78.66033900000001], [16.925735166666666, 78.66033883333333], [16.92574116666667, 78.66033883333333], [16.925747333333334, 78.66033866666666], [16.925753666666665, 78.66033850000001], [16.925759833333334, 78.66033850000001], [16.925766166666666, 78.66033833333333], [16.925772666666667, 78.66033816666666], [16.92577933333333, 78.660338], [16.92578616666667, 78.66033783333334], [16.9257935, 78.66033766666666], [16.925800833333334, 78.66033766666666], [16.925808500000002, 78.6603375], [16.925816166666667, 78.66033733333333], [16.925824, 78.66033716666668], [16.925832166666666, 78.660337], [16.9258405, 78.66033683333333], [16.925848666666663, 78.66033666666667], [16.925857, 78.6603365], [16.9258655, 78.66033633333333], [16.925873833333334, 78.66033616666667], [16.925882333333334, 78.660336], [16.925891166666666, 78.66033583333333], [16.925899833333336, 78.66033566666667], [16.925908333333332, 78.6603355], [16.925917166666668, 78.66033533333332], [16.925926, 78.66033516666667], [16.925934833333333, 78.660335], [16.925943500000002, 78.66033483333334], [16.92595233333333, 78.66033466666666], [16.925961166666664, 78.6603345], [16.925969833333333, 78.66033433333334], [16.9259785, 78.66033416666667], [16.925987333333335, 78.66033383333334], [16.925996166666668, 78.66033383333334], [16.926005, 78.6603335], [16.926013833333332, 78.66033333333333], [16.9260225, 78.66033316666667], [16.926031166666668, 78.66033300000001], [16.926039666666668, 78.66033283333333], [16.92604833333333, 78.66033266666666], [16.926057166666666, 78.66033250000001], [16.926065833333332, 78.66033233333333], [16.92607466666667, 78.660332], [16.926083333333334, 78.66033183333334], [16.926092166666667, 78.66033166666666], [16.926100666666667, 78.6603315], [16.9261095, 78.66033133333333], [16.926118166666665, 78.660331], [16.926127, 78.66033083333333], [16.926135666666667, 78.66033066666667], [16.926144500000003, 78.6603305], [16.926153333333332, 78.66033033333333], [16.926162166666664, 78.66033], [16.926171, 78.66032983333334], [16.92618, 78.66032966666667], [16.926189, 78.66032933333332], [16.926197833333333, 78.66032916666667], [16.926206666666666, 78.66032883333334], [16.9262155, 78.66032866666666], [16.926224166666668, 78.6603285], [16.926233, 78.66032816666667], [16.926241666666666, 78.66032799999999], [16.9262505, 78.66032783333334], [16.926259166666668, 78.6603275], [16.926268, 78.66032733333333], [16.926276833333336, 78.66032716666668], [16.92628566666667, 78.66032683333333], [16.926294166666665, 78.66032666666666], [16.926303, 78.66032633333333], [16.926311666666667, 78.66032616666666], [16.9263205, 78.66032583333335], [16.92632916666667, 78.66032566666667], [16.926337666666665, 78.6603255], [16.9263465, 78.66032516666668], [16.926355166666667, 78.66032483333333], [16.926364, 78.66032466666667], [16.92637266666667, 78.66032433333334], [16.92638133333333, 78.66032416666667], [16.92639, 78.66032383333332], [16.9263985, 78.6603235], [16.926406999999998, 78.66032333333332], [16.9264155, 78.660323], [16.926424166666667, 78.66032283333334], [16.926432833333333, 78.66032249999999], [16.926441333333333, 78.66032216666667], [16.92645, 78.66032183333333], [16.92645866666667, 78.66032166666668], [16.9264675, 78.66032133333333], [16.926476166666664, 78.66032100000001], [16.926484833333333, 78.66032066666666], [16.9264935, 78.66032033333333], [16.926502333333335, 78.66032016666666], [16.926511, 78.66031983333333], [16.926519666666664, 78.6603195], [16.926528333333334, 78.66031933333333], [16.926537, 78.660319], [16.926545666666666, 78.66031866666667], [16.9265545, 78.66031833333334], [16.926563166666664, 78.660318], [16.926571666666668, 78.66031783333332], [16.9265805, 78.6603175], [16.926589166666666, 78.66031716666666], [16.926597666666666, 78.66031683333334], [16.926606333333332, 78.6603165], [16.926615, 78.66031633333334], [16.9266235, 78.660316], [16.926631999999998, 78.66031566666668], [16.926640666666668, 78.66031533333333], [16.926649333333334, 78.66031500000001], [16.926658, 78.66031466666666], [16.926666666666666, 78.66031433333333], [16.926675166666666, 78.66031416666667], [16.92668366666667, 78.66031383333333], [16.926692333333335, 78.6603135], [16.926700999999998, 78.66031316666667], [16.9267095, 78.66031283333334], [16.926718166666667, 78.66031249999999], [16.926726499999997, 78.66031216666667], [16.926735166666667, 78.66031183333332], [16.926743666666667, 78.66031166666667], [16.926752333333333, 78.66031133333333], [16.926760833333333, 78.66031100000001], [16.9267695, 78.66031066666666], [16.926778000000002, 78.66031033333334], [16.926786333333332, 78.66031016666668], [16.926794500000003, 78.66030983333333], [16.926802666666667, 78.66030966666668], [16.9268105, 78.66030933333333], [16.926818333333333, 78.66030916666666], [16.926826000000002, 78.66030900000001], [16.92683333333333, 78.66030883333333], [16.9268405, 78.6603085], [16.926847333333335, 78.66030833333333], [16.926853666666666, 78.66030833333333], [16.926859666666665, 78.66030816666667], [16.92686516666667, 78.660308], [16.926870166666667, 78.66030783333333], [16.926875, 78.66030783333333], [16.926879333333332, 78.66030766666667], [16.92688383333333, 78.66030766666667], [16.926888, 78.6603075], [16.926892000000002, 78.66030733333334], [16.926896, 78.66030733333334], [16.926899666666667, 78.66030716666667], [16.926903333333332, 78.66030716666667], [16.926906666666664, 78.660307], [16.926909833333333, 78.66030683333334], [16.926912833333333, 78.66030683333334], [16.926915833333332, 78.66030666666667], [16.926918666666666, 78.66030666666667], [16.926921333333333, 78.66030649999999], [16.926924, 78.66030649999999], [16.9269265, 78.66030633333334], [16.926929166666664, 78.66030616666667], [16.926931500000002, 78.66030616666667], [16.926933833333333, 78.66030616666667], [16.926936166666668, 78.660306], [16.926938333333332, 78.660306], [16.9269405, 78.66030583333333], [16.926942666666665, 78.66030583333333], [16.926944833333334, 78.66030566666667], [16.926946666666666, 78.66030566666667], [16.926948666666664, 78.6603055], [16.926950666666666, 78.6603055], [16.926952333333336, 78.6603055], [16.92695416666667, 78.6603055], [16.926956, 78.66030533333333], [16.9269575, 78.66030533333333], [16.926959333333333, 78.66030533333333], [16.926960833333332, 78.66030533333333], [16.9269625, 78.66030516666666], [16.926964166666668, 78.66030516666666], [16.926965666666668, 78.66030516666666], [16.926967166666667, 78.66030516666666], [16.926968666666667, 78.66030516666666], [16.926970166666667, 78.66030516666666], [16.926971666666667, 78.66030516666666], [16.926972999999997, 78.66030516666666], [16.926974499999996, 78.66030516666666], [16.926975833333334, 78.66030516666666], [16.926977166666667, 78.66030516666666], [16.9269785, 78.66030516666666], [16.926979833333334, 78.66030516666666], [16.926981166666668, 78.66030516666666], [16.9269825, 78.66030516666666], [16.926984, 78.66030516666666], [16.926985166666668, 78.66030516666666], [16.926986333333332, 78.66030516666666], [16.9269875, 78.66030516666666], [16.926988833333333, 78.66030516666666], [16.926989833333334, 78.66030516666666], [16.926990999999997, 78.66030533333333], [16.926991833333332, 78.66030533333333], [16.926993, 78.66030533333333], [16.926993999999997, 78.66030533333333], [16.926994999999998, 78.66030533333333], [16.926995833333333, 78.6603055], [16.926996666666664, 78.6603055], [16.926997500000002, 78.6603055], [16.926998333333334, 78.6603055], [16.92699916666667, 78.6603055], [16.926999833333333, 78.6603055], [16.927000500000002, 78.6603055], [16.927001166666667, 78.6603055], [16.92700166666667, 78.66030566666667], [16.927002333333334, 78.66030566666667], [16.927002666666667, 78.66030566666667], [16.92700316666667, 78.66030566666667], [16.927003666666668, 78.66030566666667], [16.927004, 78.66030566666667], [16.927004166666666, 78.66030566666667], [16.9270045, 78.66030566666667], [16.927004833333335, 78.66030566666667], [16.927005166666667, 78.66030566666667], [16.927005333333334, 78.66030566666667], [16.927005833333332, 78.66030566666667], [16.927006, 78.66030566666667], [16.927006333333335, 78.66030566666667], [16.9270065, 78.66030566666667], [16.927006666666667, 78.66030566666667], [16.927007166666666, 78.6603055], [16.9270075, 78.6603055], [16.927008, 78.6603055], [16.927008166666667, 78.6603055], [16.927008666666666, 78.6603055], [16.927008999999998, 78.6603055], [16.927009333333334, 78.6603055], [16.927009666666667, 78.66030566666667], [16.92701, 78.66030566666667], [16.92701033333333, 78.66030566666667], [16.927010833333334, 78.66030566666667], [16.927011, 78.66030566666667], [16.927011333333333, 78.66030583333333], [16.9270115, 78.66030583333333], [16.9270115, 78.66030583333333], [16.92701183333333, 78.66030583333333], [16.927011999999998, 78.66030583333333], [16.927012333333334, 78.660306], [16.9270125, 78.660306], [16.927012666666666, 78.660306], [16.927012666666666, 78.660306], [16.927012833333333, 78.660306], [16.927012833333333, 78.660306], [16.927013, 78.66030616666667], [16.927013166666665, 78.66030616666667], [16.927013166666665, 78.66030616666667], [16.92701333333333, 78.66030616666667], [16.92701333333333, 78.66030616666667], [16.927013499999997, 78.66030616666667], [16.927013499999997, 78.66030633333334], [16.927013499999997, 78.66030633333334], [16.927013666666667, 78.66030633333334], [16.927013833333334, 78.66030633333334], [16.927013833333334, 78.66030649999999], [16.927014, 78.66030633333334], [16.927014166666666, 78.66030649999999], [16.927013833333334, 78.66030649999999], [16.927013666666667, 78.66030649999999], [16.927013666666667, 78.66030649999999], [16.927013666666667, 78.66030649999999], [16.927013499999997, 78.66030666666667], [16.927013499999997, 78.66030666666667], [16.92701333333333, 78.66030666666667], [16.927012833333333, 78.66030666666667], [16.927012666666666, 78.66030666666667], [16.9270125, 78.66030666666667], [16.927012333333334, 78.66030666666667], [16.927011999999998, 78.66030666666667], [16.92701183333333, 78.66030666666667], [16.927011666666665, 78.66030666666667], [16.9270115, 78.66030666666667], [16.927011333333333, 78.66030666666667], [16.927011166666666, 78.66030666666667], [16.927010833333334, 78.66030666666667], [16.927010499999998, 78.66030666666667], [16.927010166666665, 78.66030683333334], [16.927009833333333, 78.66030683333334], [16.927009666666667, 78.66030683333334], [16.927009333333334, 78.66030683333334], [16.927008999999998, 78.66030683333334], [16.927008666666666, 78.66030683333334], [16.927008333333333, 78.66030683333334], [16.927008, 78.66030683333334], [16.92700766666667, 78.660307], [16.9270075, 78.660307], [16.927007166666666, 78.660307], [16.927006833333333, 78.660307], [16.9270065, 78.660307], [16.927006333333335, 78.660307], [16.927006, 78.660307], [16.927005666666666, 78.660307], [16.927005333333334, 78.660307], [16.927005, 78.660307], [16.9270045, 78.66030716666667], [16.927004166666666, 78.66030716666667], [16.927003666666668, 78.66030716666667], [16.92700316666667, 78.66030716666667], [16.927002833333333, 78.66030716666667], [16.9270025, 78.66030716666667], [16.927002, 78.66030716666667], [16.92700166666667, 78.66030716666667], [16.927001166666667, 78.66030733333334], [16.927000833333334, 78.66030733333334], [16.927000333333336, 78.66030733333334], [16.927, 78.66030733333334], [16.926999333333335, 78.6603075], [16.926998833333336, 78.6603075], [16.926998166666667, 78.6603075], [16.92699766666667, 78.6603075], [16.926996999999997, 78.66030766666667], [16.92699633333333, 78.66030766666667], [16.926995666666667, 78.66030766666667], [16.92699483333333, 78.66030766666667], [16.926994166666667, 78.66030783333333], [16.9269935, 78.66030783333333], [16.926992666666667, 78.66030783333333], [16.926991666666666, 78.660308], [16.926990999999997, 78.660308], [16.92699, 78.66030816666667], [16.92698933333333, 78.66030816666667], [16.9269885, 78.66030833333333], [16.92698783333333, 78.66030833333333], [16.926987166666667, 78.66030833333333], [16.926986499999998, 78.6603085], [16.9269855, 78.6603085], [16.926984833333332, 78.6603085], [16.9269845, 78.66030866666667], [16.92698366666667, 78.66030866666667], [16.926982833333334, 78.66030866666667], [16.926982333333335, 78.66030883333333], [16.926981833333333, 78.66030883333333], [16.926981333333334, 78.66030883333333], [16.92698066666667, 78.66030900000001], [16.92698, 78.66030900000001], [16.9269795, 78.66030900000001], [16.926979, 78.66030916666666], [16.9269785, 78.66030916666666], [16.926977833333336, 78.66030916666666], [16.926977333333333, 78.66030933333333], [16.926976833333335, 78.66030933333333], [16.92697616666667, 78.6603095], [16.926975666666667, 78.66030966666668], [16.926975333333335, 78.66030983333333], [16.926975333333335, 78.66031016666668], [16.9269755, 78.66031066666666], [16.92697466666667, 78.66031116666666], [16.9269735, 78.66031166666667], [16.926971666666667, 78.66031233333334], [16.92696983333333, 78.66031316666667], [16.9269675, 78.66031383333333], [16.926964166666668, 78.66031433333333], [16.926960166666667, 78.66031466666666], [16.926957, 78.66031500000001], [16.926954000000002, 78.66031533333333], [16.926951499999998, 78.66031566666668], [16.92694883333333, 78.66031583333333], [16.9269465, 78.66031616666668], [16.926944666666667, 78.6603165], [16.92694283333333, 78.66031666666666], [16.926941333333332, 78.66031716666666], [16.926939833333332, 78.6603175], [16.926938500000002, 78.66031783333332], [16.9269375, 78.66031816666667], [16.926936333333334, 78.66031849999999], [16.926935500000003, 78.66031883333333], [16.926934833333334, 78.66031916666667], [16.926934333333335, 78.66031966666667], [16.926934000000003, 78.66032033333333], [16.926933666666667, 78.66032100000001], [16.9269335, 78.66032183333333], [16.9269335, 78.66032266666666], [16.926934000000003, 78.6603235], [16.92693416666667, 78.66032449999999], [16.926934666666668, 78.66032533333333], [16.926935166666667, 78.66032633333333], [16.92693566666667, 78.66032733333333], [16.926936, 78.66032833333334], [16.9269365, 78.66032933333332], [16.926937000000002, 78.66033033333333], [16.926937833333334, 78.6603315], [16.92693866666667, 78.66033250000001], [16.926940000000002, 78.66033366666667], [16.926941, 78.66033483333334], [16.926942333333333, 78.66033583333333], [16.9269435, 78.66033716666668], [16.926944833333334, 78.66033833333333], [16.926946166666667, 78.66033983333334], [16.926947166666665, 78.66034116666667], [16.926948499999998, 78.66034266666666], [16.92694983333333, 78.66034416666666], [16.926951166666665, 78.66034566666667], [16.926952500000002, 78.66034733333332], [16.92695366666667, 78.660349], [16.926954833333333, 78.6603505], [16.926956166666667, 78.66035216666667], [16.926957333333334, 78.66035383333333], [16.926958333333335, 78.66035566666666], [16.926959333333333, 78.66035733333334], [16.9269605, 78.660359], [16.9269615, 78.66036083333333], [16.926962666666668, 78.6603625], [16.926963833333332, 78.66036416666667], [16.926965, 78.66036600000001], [16.926966333333333, 78.66036766666666], [16.9269675, 78.66036933333334], [16.926968499999997, 78.66037116666666], [16.926969666666665, 78.66037283333334], [16.926970833333332, 78.66037466666667], [16.926971833333333, 78.66037633333333], [16.92697283333333, 78.66037816666667], [16.92697383333333, 78.66037983333334], [16.926974833333336, 78.66038166666667], [16.926975666666667, 78.66038333333333], [16.92697666666667, 78.66038516666667], [16.926977333333333, 78.66038683333333], [16.926978166666668, 78.66038866666666], [16.926978666666667, 78.66039033333332], [16.92697916666667, 78.66039216666667], [16.9269795, 78.66039383333333], [16.926979666666668, 78.66039566666667], [16.926979666666668, 78.66039733333334], [16.926979, 78.66039883333333], [16.92697916666667, 78.66040033333334], [16.92697916666667, 78.66040166666667], [16.926979, 78.660403], [16.926978833333333, 78.66040416666667], [16.926978666666667, 78.66040533333333], [16.926978166666668, 78.6604065], [16.926977833333336, 78.6604075], [16.9269775, 78.66040849999999], [16.926976833333335, 78.6604095], [16.926976500000002, 78.6604105], [16.92697616666667, 78.6604115], [16.9269755, 78.66041233333334], [16.926975000000002, 78.66041333333332], [16.92697466666667, 78.66041416666667], [16.926974166666664, 78.660415], [16.926973666666665, 78.66041583333335], [16.92697283333333, 78.66041666666666], [16.926971833333333, 78.66041733333333], [16.926970999999998, 78.66041816666666], [16.926970333333333, 78.66041883333334], [16.9269695, 78.6604195], [16.92696833333333, 78.66042016666667], [16.926967333333334, 78.660421], [16.926966333333333, 78.66042166666666], [16.92696533333333, 78.66042216666666], [16.9269645, 78.66042283333333], [16.9269635, 78.6604235], [16.926962166666666, 78.66042416666666], [16.92696116666667, 78.66042466666666], [16.92696, 78.66042533333332], [16.926959, 78.66042583333333], [16.926957833333333, 78.6604265], [16.9269565, 78.66042716666666], [16.926955333333336, 78.66042766666666], [16.92695416666667, 78.66042833333333], [16.926952833333335, 78.66042883333333], [16.926951499999998, 78.66042933333333], [16.926950166666664, 78.66042999999999], [16.92694883333333, 78.6604305], [16.92694733333333, 78.660431], [16.92694583333333, 78.6604315], [16.9269445, 78.660432], [16.92694283333333, 78.6604325], [16.926941333333332, 78.660433], [16.926940000000002, 78.6604335], [16.926938500000002, 78.66043416666666], [16.926937000000002, 78.66043466666666], [16.926935500000003, 78.66043516666667], [16.926934000000003, 78.66043549999999], [16.92693266666667, 78.66043599999999], [16.92693116666667, 78.6604365], [16.92692966666667, 78.66043683333334], [16.926928, 78.66043733333332], [16.9269265, 78.66043783333333], [16.926925, 78.66043833333333], [16.9269235, 78.66043883333333], [16.92692183333333, 78.66043933333334], [16.926920166666665, 78.66043966666666], [16.926918666666666, 78.66044016666666], [16.926917333333332, 78.66044066666667], [16.926915666666666, 78.66044116666667], [16.926914, 78.66044149999999], [16.9269125, 78.660442], [16.926910833333334, 78.6604425], [16.926909333333334, 78.66044283333333], [16.92690766666667, 78.66044333333333], [16.926906, 78.66044366666667], [16.926904333333333, 78.66044416666666], [16.926902666666667, 78.6604445], [16.926901166666667, 78.660445], [16.9268995, 78.66044533333334], [16.92689783333333, 78.66044566666666], [16.926896166666666, 78.66044600000001], [16.9268945, 78.6604465], [16.926892833333333, 78.66044683333332], [16.926891166666667, 78.66044716666667], [16.926889666666668, 78.66044749999999], [16.926887833333335, 78.66044783333334], [16.92688616666667, 78.66044816666665], [16.92688466666667, 78.6604485], [16.926883166666666, 78.66044883333333], [16.9268815, 78.66044916666667], [16.92687983333333, 78.6604495], [16.92687833333333, 78.66044983333333], [16.92687683333333, 78.66045016666666], [16.926875, 78.6604505], [16.926873666666665, 78.66045083333333], [16.926872166666666, 78.66045116666666], [16.926870833333332, 78.6604515], [16.926869500000002, 78.66045166666666], [16.926868000000002, 78.660452], [16.92686666666667, 78.66045233333332], [16.926865333333335, 78.66045266666667], [16.926864166666668, 78.660453], [16.926863, 78.66045316666667], [16.92686183333333, 78.66045349999999], [16.926860666666666, 78.66045383333334], [16.9268595, 78.66045416666665], [16.92685883333333, 78.6604545], [16.926858, 78.66045466666667], [16.92685733333333, 78.660455], [16.9268565, 78.66045533333333], [16.926855666666665, 78.66045566666666], [16.926854833333334, 78.66045600000001], [16.926853833333332, 78.66045616666666], [16.9268535, 78.66045666666668], [16.926853, 78.660457], [16.926852333333333, 78.66045716666666], [16.926851666666668, 78.66045749999999], [16.926850833333333, 78.66045766666666], [16.92685, 78.660458], [16.926849, 78.66045816666666], [16.926847833333333, 78.66045833333332], [16.926846833333332, 78.6604585], [16.926845833333335, 78.66045866666667], [16.926844666666668, 78.66045883333332], [16.9268435, 78.660459], [16.926842500000003, 78.66045916666667], [16.926841500000002, 78.66045933333334], [16.9268405, 78.66045949999999], [16.926839500000003, 78.66045966666667], [16.9268385, 78.66045983333333], [16.926837499999998, 78.66046], [16.92683633333333, 78.66046], [16.926835333333333, 78.66046016666665], [16.926834666666664, 78.6604605], [16.926834, 78.66046083333335], [16.926833666666667, 78.66046133333333], [16.9268335, 78.66046200000001], [16.926833166666665, 78.66046283333334], [16.9268335, 78.66046366666666], [16.926833666666667, 78.66046466666667], [16.926834333333332, 78.66046583333333], [16.926835666666666, 78.66046683333334], [16.92683733333333, 78.66046783333333], [16.926839166666664, 78.66046899999999], [16.926841666666668, 78.66047], [16.926845, 78.66047083333333], [16.926848166666666, 78.66047183333333], [16.926851833333334, 78.66047283333334], [16.926856166666667, 78.66047366666666], [16.926860833333333, 78.66047449999999], [16.926865833333334, 78.6604755], [16.92687116666667, 78.66047616666667], [16.926876666666665, 78.660477], [16.92688233333333, 78.66047783333333], [16.92688766666667, 78.6604785], [16.926893166666666, 78.660479], [16.9268985, 78.66047966666666], [16.926903666666664, 78.66048033333333], [16.926908833333336, 78.66048099999999], [16.926913666666668, 78.6604815], [16.9269185, 78.66048216666667], [16.926923166666665, 78.66048266666667], [16.92692783333333, 78.66048333333333], [16.926932333333333, 78.66048383333333], [16.926936666666666, 78.6604845], [16.926941333333332, 78.66048500000001], [16.92694583333333, 78.66048566666667], [16.92695033333333, 78.66048616666667], [16.926954666666667, 78.66048683333334], [16.926958833333334, 78.6604875], [16.926963, 78.660488], [16.926967333333334, 78.66048866666667], [16.926971499999997, 78.66048933333333], [16.9269755, 78.66049], [16.9269795, 78.6604905], [16.92698366666667, 78.66049116666666], [16.9269875, 78.66049183333332], [16.926991666666666, 78.66049249999999], [16.926995833333333, 78.66049316666665], [16.92700016666667, 78.66049366666667], [16.927004333333333, 78.66049433333333], [16.927008666666666, 78.66049483333333], [16.927013499999997, 78.6604955], [16.927018166666667, 78.660496], [16.927023000000002, 78.6604965], [16.927027833333334, 78.66049683333334], [16.927032666666666, 78.66049733333332], [16.927037666666667, 78.66049766666667], [16.92704266666667, 78.66049816666667], [16.927047666666667, 78.66049849999999], [16.9270525, 78.66049883333334], [16.927057666666666, 78.66049916666665], [16.92706283333333, 78.6604995], [16.927068000000002, 78.66049983333333], [16.927073, 78.6605], [16.927077999999998, 78.66050033333333], [16.927082833333333, 78.6605005], [16.92708766666667, 78.66050066666666], [16.9270925, 78.66050083333333], [16.927097333333332, 78.66050100000001], [16.927102333333334, 78.66050116666666], [16.927107666666664, 78.66050133333333], [16.927112833333336, 78.66050166666668], [16.927118166666666, 78.66050183333333], [16.927123666666667, 78.660502], [16.927129166666667, 78.66050233333334], [16.927134833333334, 78.66050266666666], [16.927140666666666, 78.66050283333334], [16.927146333333333, 78.66050316666666], [16.927152166666666, 78.6605035], [16.927157833333336, 78.66050366666667], [16.9271635, 78.660504], [16.927169166666665, 78.66050416666667], [16.927174833333332, 78.66050449999999], [16.927180500000002, 78.66050466666667], [16.927186333333335, 78.66050483333333], [16.927192166666668, 78.66050483333333], [16.92719783333333, 78.660505], [16.927203333333335, 78.660505], [16.927208833333335, 78.66050483333333], [16.927214333333332, 78.66050483333333], [16.927219333333333, 78.66050466666667], [16.92722416666667, 78.66050466666667], [16.927228833333334, 78.66050449999999], [16.927233, 78.66050433333334], [16.927237333333334, 78.66050433333334], [16.92724133333333, 78.66050433333334], [16.927245333333335, 78.66050416666667], [16.927249, 78.66050416666667], [16.9272525, 78.66050416666667], [16.927255833333334, 78.660504], [16.927259166666666, 78.660504], [16.92726233333333, 78.660504], [16.92726533333333, 78.660504], [16.927268166666668, 78.660504], [16.927271, 78.660504], [16.927273833333334, 78.660504], [16.9272765, 78.660504], [16.927278833333332, 78.660504], [16.9272815, 78.660504], [16.927283666666664, 78.660504], [16.927286, 78.660504], [16.927288166666663, 78.660504], [16.927290333333335, 78.660504], [16.9272925, 78.66050416666667], [16.927294833333335, 78.66050416666667], [16.927297, 78.66050416666667], [16.927299166666668, 78.66050416666667], [16.927301166666666, 78.66050416666667], [16.927303166666665, 78.66050433333334], [16.927305, 78.66050433333334], [16.927306833333333, 78.66050433333334], [16.927308666666665, 78.66050449999999], [16.927310499999997, 78.66050449999999], [16.927311999999997, 78.66050449999999], [16.927313666666667, 78.66050466666667], [16.927314833333334, 78.66050466666667], [16.927316333333334, 78.66050483333333], [16.927317833333333, 78.66050483333333], [16.927319166666667, 78.66050483333333], [16.927320666666667, 78.660505], [16.927322166666666, 78.660505], [16.927323666666666, 78.66050516666665], [16.927325, 78.66050516666665], [16.9273265, 78.66050516666665], [16.927327666666667, 78.66050533333333], [16.927329166666667, 78.66050533333333], [16.927330333333334, 78.6605055], [16.927331499999998, 78.6605055], [16.92733283333333, 78.6605055], [16.927334166666665, 78.66050566666667], [16.927335333333335, 78.66050566666667], [16.927336500000003, 78.66050583333335], [16.9273375, 78.66050583333335], [16.9273385, 78.66050583333335], [16.92733966666667, 78.660506], [16.9273405, 78.660506], [16.9273415, 78.66050616666666], [16.927342333333335, 78.66050633333333], [16.927343333333333, 78.66050633333333], [16.927344, 78.66050650000001], [16.927345, 78.66050666666666], [16.927345666666668, 78.66050666666666], [16.9273465, 78.66050683333333], [16.927347333333334, 78.66050700000001], [16.927348166666665, 78.66050700000001], [16.927349, 78.66050716666668], [16.927349833333334, 78.66050733333333], [16.927350666666666, 78.6605075], [16.927351333333334, 78.6605075], [16.927352, 78.66050766666667], [16.927352666666664, 78.66050783333334], [16.927353333333333, 78.660508], [16.927353999999998, 78.66050816666666], [16.9273545, 78.66050816666666], [16.927355166666665, 78.66050833333334], [16.927355833333333, 78.6605085], [16.927356333333332, 78.6605085], [16.927356666666665, 78.66050866666666], [16.927357333333337, 78.66050883333334], [16.927357833333335, 78.66050883333334], [16.927358166666668, 78.660509], [16.9273585, 78.66050916666667], [16.927359000000003, 78.66050916666667], [16.927359333333335, 78.66050933333332], [16.92736, 78.6605095], [16.927360333333336, 78.6605095], [16.927360833333335, 78.66050966666667], [16.927361166666667, 78.66050966666667], [16.927361666666666, 78.66050983333334], [16.92736216666667, 78.66051], [16.927362333333335, 78.66051], [16.927362833333333, 78.66051016666667], [16.927363333333336, 78.66051016666667], [16.927363500000002, 78.66051033333333], [16.927364, 78.6605105], [16.927364333333333, 78.6605105], [16.927364666666666, 78.66051066666667], [16.927365, 78.66051083333333], [16.927365166666668, 78.660511], [16.927365333333334, 78.660511], [16.9273655, 78.66051116666667], [16.927365833333333, 78.66051133333333], [16.927365833333333, 78.6605115], [16.927366, 78.66051166666666], [16.927366166666665, 78.66051183333335], [16.927366166666665, 78.660512], [16.927366333333335, 78.66051216666666], [16.927366333333335, 78.66051233333333], [16.927366333333335, 78.66051266666666], [16.9273665, 78.66051283333333], [16.9273665, 78.66051300000001], [16.9273665, 78.66051316666668], [16.9273665, 78.66051333333333], [16.9273665, 78.6605135], [16.9273665, 78.66051366666667], [16.9273665, 78.66051383333334], [16.9273665, 78.66051399999999], [16.927366166666665, 78.66051416666666], [16.927366166666665, 78.6605145], [16.927366166666665, 78.66051466666666], [16.927366, 78.66051466666666], [16.927366, 78.66051483333334], [16.927365833333333, 78.660515], [16.927365833333333, 78.66051516666667], [16.927365666666667, 78.66051533333332], [16.9273655, 78.6605155], [16.927365333333334, 78.6605155], [16.927365166666668, 78.66051566666667], [16.927365166666668, 78.66051583333333], [16.927365, 78.660516], [16.927365, 78.660516], [16.927364833333336, 78.66051616666667], [16.927364666666666, 78.66051633333333], [16.9273645, 78.66051633333333], [16.927364333333333, 78.6605165], [16.927364166666667, 78.66051666666667], [16.92736366666667, 78.66051683333333], [16.927363333333336, 78.660517], [16.927363, 78.66051716666666], [16.927362666666667, 78.66051733333333], [16.9273625, 78.6605175], [16.927362333333335, 78.66051783333334], [16.927362000000002, 78.660518], [16.927361666666666, 78.66051816666666], [16.9273615, 78.66051850000001], [16.927361, 78.66051866666666], [16.927361, 78.66051900000001], [16.927360500000002, 78.66051933333333], [16.927359666666668, 78.66051966666667], [16.927359000000003, 78.66052016666666], [16.927358333333334, 78.6605205], [16.92735766666667, 78.66052083333334], [16.92735683333333, 78.66052116666667], [16.927355833333333, 78.6605215], [16.927355166666665, 78.66052183333333], [16.9273545, 78.660522], [16.927354166666664, 78.66052216666667], [16.927353333333333, 78.6605225], [16.927353, 78.66052266666667], [16.92735233333333, 78.660523], [16.927351833333333, 78.66052316666666], [16.927351333333334, 78.66052333333333], [16.927350666666666, 78.66052366666666], [16.927350166666667, 78.66052383333334], [16.927349666666665, 78.660524], [16.927349, 78.66052433333333], [16.927348333333335, 78.66052450000001], [16.927347666666666, 78.66052483333333], [16.927347166666667, 78.660525], [16.9273465, 78.66052533333333], [16.927345833333334, 78.66052549999999], [16.927345, 78.66052583333334], [16.9273445, 78.66052599999999], [16.927344, 78.66052633333334], [16.927343333333333, 78.66052666666666], [16.927342833333334, 78.66052683333334], [16.927342166666666, 78.66052716666667], [16.927341833333333, 78.66052733333332], [16.927341333333334, 78.66052766666667], [16.927340833333336, 78.66052783333333], [16.927340333333333, 78.66052816666667], [16.92733966666667, 78.66052833333333], [16.927339166666666, 78.6605285], [16.9273385, 78.66052883333333], [16.927338000000002, 78.660529], [16.9273375, 78.66052916666666], [16.92733666666667, 78.6605295], [16.927336, 78.66052966666666], [16.927335333333335, 78.66053000000001], [16.927334833333337, 78.66053016666666], [16.92733433333333, 78.66053033333333], [16.927333833333332, 78.66053066666667], [16.927333333333333, 78.66053083333333], [16.92733283333333, 78.660531], [16.927332333333332, 78.66053133333334], [16.927332166666666, 78.66053149999999], [16.927331666666664, 78.66053166666667], [16.92733133333333, 78.66053183333334], [16.927330666666666, 78.66053216666666], [16.927330166666664, 78.66053233333334], [16.92732983333333, 78.6605325], [16.927329333333333, 78.66053283333333], [16.927329, 78.660533], [16.927328499999998, 78.66053316666667], [16.927328, 78.6605335], [16.927327333333334, 78.66053366666667], [16.927326666666666, 78.66053383333333], [16.927326166666667, 78.66053400000001], [16.927325333333332, 78.66053433333333], [16.927324666666667, 78.6605345], [16.927323833333332, 78.66053483333333], [16.927323166666667, 78.660535], [16.9273225, 78.66053516666666], [16.927321833333334, 78.6605355], [16.927321166666665, 78.66053566666666], [16.927320333333334, 78.66053583333334], [16.9273195, 78.66053616666666], [16.927318833333334, 78.66053633333333], [16.927318166666666, 78.66053666666667], [16.9273175, 78.66053683333332], [16.927316666666666, 78.66053716666667], [16.927316, 78.66053733333334], [16.927315166666666, 78.66053766666667], [16.927314333333335, 78.66053783333334], [16.927313666666667, 78.66053816666665], [16.927313, 78.66053833333334], [16.927312166666663, 78.66053866666667], [16.9273115, 78.660539], [16.927310666666664, 78.66053916666667], [16.92731, 78.6605395], [16.927309333333334, 78.66053983333333], [16.927308666666665, 78.66054016666666], [16.927308, 78.6605405], [16.92730733333333, 78.66054066666668], [16.927306666666667, 78.660541], [16.927306166666664, 78.66054133333334], [16.9273055, 78.66054166666666], [16.927304833333334, 78.660542], [16.927304166666666, 78.66054233333332], [16.927303666666667, 78.66054266666667], [16.927303166666665, 78.66054283333332], [16.927302333333333, 78.66054316666667], [16.927301833333335, 78.66054366666667], [16.927301166666666, 78.66054383333334], [16.927300333333335, 78.66054416666665], [16.927299333333334, 78.6605445], [16.927298333333333, 78.66054483333333], [16.927297333333335, 78.66054516666667], [16.927296166666668, 78.66054566666666], [16.927294500000002, 78.66054600000001], [16.927293000000002, 78.6605465], [16.92729166666667, 78.66054683333333], [16.92729016666667, 78.66054733333334], [16.927289166666664, 78.66054766666666], [16.92728783333333, 78.660548], [16.927286666666664, 78.66054833333332], [16.927285833333332, 78.66054866666667], [16.92728483333333, 78.660549], [16.927283666666664, 78.66054933333334], [16.927282666666667, 78.66054966666667], [16.927281833333332, 78.66055], [16.927281, 78.66055016666665], [16.927280166666666, 78.6605505], [16.927279, 78.66055066666667], [16.927278, 78.660551], [16.927277, 78.66055116666666], [16.927276333333335, 78.66055150000001], [16.927275333333334, 78.66055166666666], [16.927274333333333, 78.66055200000001], [16.927273500000002, 78.66055216666668], [16.9272725, 78.6605525], [16.927271666666666, 78.66055266666667], [16.927270833333335, 78.66055283333334], [16.927269833333334, 78.660553], [16.927268833333336, 78.66055316666666], [16.927267833333335, 78.66055333333334], [16.92726683333333, 78.66055366666666], [16.927265666666663, 78.66055383333334], [16.927264666666666, 78.660554], [16.927263666666665, 78.66055416666667], [16.927262499999998, 78.66055433333332], [16.9272615, 78.6605545], [16.927260333333333, 78.66055466666667], [16.927259166666666, 78.66055483333334], [16.927258, 78.660555], [16.927256833333335, 78.66055516666667], [16.927255666666667, 78.66055533333333], [16.927254333333334, 78.6605555], [16.927253166666667, 78.66055583333333], [16.927252, 78.660556], [16.927250833333336, 78.66055616666667], [16.92724966666667, 78.66055633333333], [16.9272485, 78.6605565], [16.927247333333334, 78.66055666666666], [16.927246166666666, 78.66055683333335], [16.927245000000003, 78.660557], [16.927243666666666, 78.660557], [16.9272425, 78.66055716666666], [16.92724133333333, 78.66055733333333], [16.927239999999998, 78.66055750000001], [16.927239, 78.66055766666666], [16.927237833333333, 78.66055783333333], [16.927236666666666, 78.66055783333333], [16.927235333333332, 78.66055800000001], [16.927234333333335, 78.66055816666668], [16.927233166666667, 78.66055816666668], [16.927232, 78.66055833333333], [16.927230666666667, 78.6605585], [16.9272295, 78.66055866666667], [16.927228166666666, 78.66055866666667], [16.927227000000002, 78.66055883333334], [16.927225333333336, 78.66055899999999], [16.927223666666666, 78.66055916666666], [16.927221999999997, 78.66055933333334], [16.927220499999997, 78.6605595], [16.927218999999997, 78.66055966666666], [16.927217666666664, 78.66055983333334], [16.927216333333334, 78.66055983333334], [16.927215, 78.66056], [16.9272135, 78.66056016666667], [16.927212166666667, 78.66056033333332], [16.927211, 78.66056033333332], [16.927209666666666, 78.6605605], [16.927208333333333, 78.66056066666667], [16.92720716666667, 78.66056083333334], [16.927206, 78.66056083333334], [16.927204833333334, 78.660561], [16.927203833333333, 78.66056116666667], [16.927202833333336, 78.66056133333333], [16.927202, 78.66056133333333], [16.927200833333334, 78.6605615], [16.927199833333336, 78.66056166666667], [16.927198833333332, 78.66056166666667], [16.92719783333333, 78.66056183333333], [16.927196833333333, 78.660562], [16.927195666666666, 78.66056216666667], [16.927194666666665, 78.66056216666667], [16.927193499999998, 78.66056233333333], [16.9271925, 78.6605625], [16.9271915, 78.66056266666666], [16.927190333333332, 78.66056266666666], [16.927189333333335, 78.66056283333334], [16.927188333333334, 78.660563], [16.927187166666666, 78.66056316666666], [16.92718616666667, 78.66056333333333], [16.927185166666668, 78.66056350000001], [16.927184, 78.66056366666666], [16.927182833333333, 78.66056383333333], [16.927181833333336, 78.66056400000001], [16.92718066666667, 78.66056416666667], [16.9271795, 78.66056433333333], [16.927178166666668, 78.66056449999999], [16.927176999999997, 78.66056466666667], [16.927175666666667, 78.66056483333334], [16.9271745, 78.66056499999999], [16.927173166666666, 78.66056516666666], [16.927172, 78.66056533333334], [16.927170666666665, 78.6605655], [16.927169666666668, 78.66056566666666], [16.9271685, 78.66056583333334], [16.9271675, 78.660566], [16.927166333333332, 78.66056616666667], [16.92716516666667, 78.66056633333332], [16.927164, 78.6605665], [16.927162833333334, 78.66056666666667], [16.927162, 78.66056683333333], [16.927161166666668, 78.660567], [16.927160833333335, 78.66056733333333], [16.927161, 78.6605675], [16.927161666666667, 78.66056783333333], [16.9271625, 78.660568], [16.9271635, 78.66056816666666], [16.927164833333332, 78.66056833333333], [16.927166166666666, 78.66056833333333], [16.927167333333333, 78.66056833333333], [16.927167999999998, 78.6605685], [16.927168166666668, 78.6605685], [16.927168333333334, 78.66056866666666], [16.927168333333334, 78.66056883333334], [16.927167999999998, 78.66056883333334], [16.927167833333332, 78.660569], [16.9271675, 78.660569], [16.927167166666667, 78.66056916666666], [16.9271665, 78.66056916666666], [16.927166, 78.66056933333333], [16.9271655, 78.66056933333333], [16.927164833333332, 78.66056950000001], [16.927164333333334, 78.66056950000001], [16.92716366666667, 78.66056966666666], [16.927163, 78.66056966666666], [16.9271625, 78.66056983333333], [16.927162, 78.66056983333333], [16.927161333333334, 78.66057], [16.92716066666667, 78.66057016666667], [16.92716, 78.66057016666667], [16.927159333333336, 78.66057033333333], [16.927158666666667, 78.66057033333333], [16.927158000000002, 78.66057049999999], [16.927157166666667, 78.66057066666667], [16.927156500000002, 78.66057066666667], [16.927155833333334, 78.66057083333334], [16.92715516666667, 78.66057099999999], [16.92715466666667, 78.66057116666666], [16.927153999999998, 78.66057116666666], [16.9271535, 78.66057133333334], [16.927152666666665, 78.66057133333334], [16.927152, 78.6605715], [16.927151499999997, 78.66057166666666], [16.927150666666666, 78.66057166666666], [16.92714983333333, 78.66057183333334], [16.927149333333332, 78.660572], [16.92714833333333, 78.660572], [16.927147666666666, 78.66057216666667], [16.92714683333333, 78.66057233333332], [16.927146, 78.66057233333332], [16.927145166666666, 78.6605725], [16.927144333333334, 78.66057266666667], [16.927143666666666, 78.66057266666667], [16.927142833333335, 78.66057283333333], [16.927142, 78.66057283333333], [16.927141333333335, 78.66057300000001], [16.9271405, 78.66057300000001], [16.92713966666667, 78.66057316666667], [16.927138666666668, 78.66057316666667], [16.927137833333333, 78.66057333333333], [16.927136833333336, 78.66057333333333], [16.927136, 78.66057333333333], [16.927135, 78.6605735], [16.927134000000002, 78.6605735], [16.927133166666668, 78.6605735], [16.92713216666667, 78.6605735], [16.92713133333333, 78.66057366666668], [16.927130499999997, 78.66057366666668], [16.927129666666666, 78.66057366666668], [16.92712883333333, 78.66057383333333], [16.927127833333333, 78.66057383333333], [16.927126833333332, 78.66057383333333], [16.92712583333333, 78.66057383333333], [16.927124833333334, 78.66057383333333], [16.927124, 78.660574], [16.927122833333332, 78.660574], [16.927122, 78.660574], [16.927121, 78.66057416666666], [16.92712, 78.66057416666666], [16.927118833333335, 78.66057416666666], [16.927117833333334, 78.66057433333334], [16.927116666666667, 78.6605745], [16.92711566666667, 78.6605745], [16.927114500000002, 78.66057466666666], [16.927113333333335, 78.66057483333334], [16.927112166666667, 78.66057500000001], [16.927111, 78.66057500000001], [16.927110000000003, 78.66057516666666], [16.927108999999998, 78.66057533333333], [16.92710783333333, 78.66057550000001], [16.927106666666667, 78.66057566666667], [16.927105333333333, 78.66057566666667], [16.927104166666666, 78.66057583333333], [16.927103, 78.660576], [16.927101666666665, 78.66057616666667], [16.927100499999998, 78.66057633333334], [16.927099333333334, 78.66057649999999], [16.927098, 78.66057649999999], [16.927096833333334, 78.66057666666667], [16.9270955, 78.66057683333334], [16.9270945, 78.660577], [16.92709316666667, 78.660577], [16.927092000000002, 78.66057716666666], [16.927090833333335, 78.66057733333334], [16.927089666666667, 78.6605775], [16.92708866666667, 78.6605775], [16.92708766666667, 78.66057766666667], [16.927086666666664, 78.66057766666667], [16.927085666666667, 78.66057783333333], [16.927084833333332, 78.660578], [16.92708383333333, 78.660578], [16.927082833333333, 78.66057816666667], [16.927081833333332, 78.66057816666667], [16.92708083333333, 78.66057833333333], [16.92708, 78.66057833333333], [16.927079, 78.6605785], [16.927077999999998, 78.6605785], [16.927077, 78.6605785], [16.927076166666666, 78.66057866666667], [16.927075833333333, 78.6605785], [16.927075833333333, 78.6605785], [16.927076333333332, 78.66057833333333], [16.927077, 78.660578], [16.927077999999998, 78.66057783333333], [16.927079166666665, 78.66057733333334], [16.927080166666666, 78.660577], [16.927081333333334, 78.66057666666667], [16.927082499999997, 78.66057633333334], [16.927083333333332, 78.660576], [16.92708383333333, 78.66057583333333], [16.927084333333333, 78.66057566666667], [16.927084166666667, 78.66057550000001], [16.927084166666667, 78.66057533333333], [16.927083999999997, 78.66057516666666], [16.92708383333333, 78.66057500000001], [16.927083333333332, 78.66057483333334], [16.927083166666666, 78.66057483333334], [16.927083, 78.66057466666666], [16.927082833333333, 78.66057466666666], [16.927082833333333, 78.6605745], [16.927082666666667, 78.6605745], [16.927082666666667, 78.66057433333334], [16.927082833333333, 78.66057416666666], [16.927082833333333, 78.66057416666666], [16.927083, 78.660574], [16.927083166666666, 78.66057383333333], [16.927083166666666, 78.66057366666668], [16.927083, 78.6605735], [16.927083, 78.66057333333333], [16.927082833333333, 78.66057316666667], [16.927082499999997, 78.66057300000001], [16.927082499999997, 78.66057283333333], [16.927082499999997, 78.66057283333333], [16.92708233333333, 78.66057266666667], [16.927082499999997, 78.6605725], [16.927082499999997, 78.6605725], [16.927082499999997, 78.66057233333332], [16.927082833333333, 78.66057216666667], [16.927083166666666, 78.66057216666667], [16.9270835, 78.660572], [16.92708383333333, 78.66057183333334], [16.927084333333333, 78.66057166666666], [16.9270845, 78.6605715], [16.927084666666666, 78.6605715], [16.927084833333332, 78.66057133333334], [16.927085166666664, 78.66057116666666], [16.92708533333333, 78.66057116666666], [16.927085499999997, 78.66057099999999], [16.927085666666667, 78.66057099999999], [16.927086, 78.66057083333334], [16.927086166666665, 78.66057066666667], [16.92708633333333, 78.66057066666667], [16.927086499999998, 78.66057049999999], [16.92708683333333, 78.66057049999999], [16.927086999999997, 78.66057049999999], [16.927086999999997, 78.66057033333333], [16.927086999999997, 78.66057033333333], [16.92708716666667, 78.66057016666667], [16.927086999999997, 78.66057016666667], [16.92708683333333, 78.66057], [16.927086666666664, 78.66056983333333], [16.92708633333333, 78.66056966666666], [16.927086, 78.66056950000001], [16.927085499999997, 78.66056950000001], [16.927085166666664, 78.66056933333333], [16.9270845, 78.66056916666666], [16.927083666666665, 78.660569], [16.927082833333333, 78.66056883333334], [16.927082, 78.66056866666666], [16.927081166666667, 78.66056866666666], [16.927079499999998, 78.6605685], [16.927078166666668, 78.6605685], [16.927076666666668, 78.6605685], [16.927075333333335, 78.6605685], [16.927073833333335, 78.66056833333333], [16.927071666666667, 78.6605685], [16.927069666666668, 78.6605685], [16.927068333333334, 78.66056833333333], [16.927067166666667, 78.66056833333333], [16.92706666666667, 78.66056816666666], [16.92706616666667, 78.660568], [16.927065333333335, 78.660568], [16.92706466666667, 78.66056783333333], [16.927063999999998, 78.66056766666667], [16.927063333333333, 78.66056766666667], [16.927062166666666, 78.6605675], [16.927061166666665, 78.6605675], [16.927060166666667, 78.66056733333333], [16.927059166666666, 78.66056733333333], [16.92705833333333, 78.66056716666667], [16.927057333333334, 78.66056716666667], [16.927056333333333, 78.660567], [16.927055499999998, 78.66056683333333], [16.927054333333334, 78.66056683333333], [16.9270535, 78.66056666666667], [16.9270525, 78.66056666666667], [16.9270515, 78.6605665], [16.9270505, 78.6605665], [16.927049333333333, 78.6605665], [16.92704816666667, 78.66056633333332], [16.927047166666668, 78.66056633333332], [16.927046166666667, 78.66056633333332], [16.927045, 78.66056633333332], [16.927043833333336, 78.66056616666667], [16.927042833333335, 78.66056616666667], [16.927041666666664, 78.66056616666667], [16.927040666666667, 78.66056616666667], [16.927039666666666, 78.660566], [16.927038333333332, 78.660566], [16.927037166666665, 78.660566], [16.927036166666667, 78.660566], [16.927035166666666, 78.66056583333334], [16.927034166666665, 78.66056583333334], [16.927032999999998, 78.66056583333334], [16.927032166666667, 78.66056583333334], [16.927031166666666, 78.66056566666666], [16.92703016666667, 78.66056566666666], [16.927029333333333, 78.66056566666666], [16.927028333333332, 78.66056566666666], [16.9270275, 78.6605655], [16.927026666666666, 78.6605655], [16.927025833333335, 78.6605655], [16.927025, 78.66056533333334], [16.92702416666667, 78.66056533333334], [16.927023166666668, 78.66056533333334], [16.927022333333333, 78.66056516666666], [16.927021500000002, 78.66056516666666], [16.927020666666667, 78.66056499999999], [16.927019833333336, 78.66056499999999], [16.927019166666664, 78.66056499999999], [16.927018333333333, 78.66056483333334], [16.927017666666664, 78.66056483333334], [16.927016833333333, 78.66056466666667], [16.927016, 78.66056466666667], [16.927015333333333, 78.66056449999999], [16.9270145, 78.66056449999999], [16.927013666666667, 78.66056449999999], [16.927012833333333, 78.66056433333333], [16.927011999999998, 78.66056416666667], [16.927011166666666, 78.66056416666667], [16.927010499999998, 78.66056400000001], [16.927009666666667, 78.66056400000001], [16.927009166666668, 78.66056383333333], [16.927008666666666, 78.66056383333333], [16.927008, 78.66056366666666], [16.92700766666667, 78.66056366666666], [16.927007, 78.66056350000001], [16.927006666666667, 78.66056333333333], [16.92700616666667, 78.66056333333333], [16.927005666666666, 78.66056316666666], [16.927005166666667, 78.66056316666666], [16.92700466666667, 78.660563], [16.927004166666666, 78.66056283333334], [16.927003666666668, 78.66056283333334], [16.92700316666667, 78.66056266666666], [16.927002833333333, 78.66056266666666], [16.9270025, 78.6605625], [16.927002166666668, 78.6605625], [16.927002, 78.66056233333333], [16.92700166666667, 78.66056216666667], [16.927001833333335, 78.66056216666667], [16.927002, 78.660562], [16.927002166666668, 78.660562], [16.927002333333334, 78.66056183333333], [16.927002666666667, 78.66056183333333], [16.927002833333333, 78.66056183333333], [16.92700316666667, 78.66056183333333], [16.927003333333335, 78.66056166666667], [16.927003333333335, 78.66056166666667], [16.927003333333335, 78.66056166666667], [16.927003, 78.66056166666667], [16.927003, 78.6605615], [16.927002666666667, 78.6605615], [16.927002333333334, 78.66056133333333], [16.927002166666668, 78.66056116666667], [16.927002166666668, 78.66056116666667], [16.927002166666668, 78.660561], [16.927001833333335, 78.66056083333334], [16.9270015, 78.66056066666667], [16.927001166666667, 78.6605605], [16.927000833333334, 78.66056033333332], [16.927000500000002, 78.66056033333332], [16.92700016666667, 78.66056016666667], [16.926999833333333, 78.66056], [16.9269995, 78.66055983333334], [16.926999333333335, 78.66055966666666], [16.926999000000002, 78.66055966666666], [16.92699866666667, 78.6605595], [16.926998333333334, 78.66055933333334], [16.926998166666667, 78.66055916666666], [16.92699766666667, 78.66055899999999], [16.926997333333336, 78.66055883333334], [16.926996999999997, 78.66055866666667], [16.92699683333333, 78.6605585], [16.926996666666664, 78.66055833333333], [16.926996499999998, 78.66055800000001], [16.926996166666665, 78.66055783333333], [16.926996, 78.66055766666666], [16.926995833333333, 78.66055750000001], [16.926995833333333, 78.66055733333333], [16.926995833333333, 78.660557], [16.926995666666667, 78.66055683333335], [16.926995666666667, 78.66055666666666], [16.926996, 78.6605565], [16.926996166666665, 78.66055633333333], [16.92699633333333, 78.660556], [16.92699633333333, 78.66055583333333], [16.926996666666664, 78.6605555], [16.92699683333333, 78.66055533333333], [16.926996999999997, 78.66055516666667], [16.926996999999997, 78.66055483333334], [16.92699716666667, 78.66055466666667], [16.92699716666667, 78.66055433333332], [16.926997333333336, 78.66055416666667], [16.92699766666667, 78.66055383333334], [16.92699766666667, 78.6605535], [16.926997833333335, 78.66055333333334], [16.926998, 78.66055316666666], [16.926998166666667, 78.66055283333334], [16.926998333333334, 78.66055266666667], [16.9269985, 78.6605525], [16.9269985, 78.66055233333333], [16.926999000000002, 78.66055216666668], [16.926999333333335, 78.66055200000001], [16.926999833333333, 78.66055200000001], [16.927000500000002, 78.66055183333333], [16.927001333333333, 78.66055183333333], [16.927002, 78.66055183333333], [16.9270025, 78.66055166666666], [16.9270035, 78.66055166666666], [16.927004, 78.66055166666666], [16.92700466666667, 78.66055166666666], [16.927005166666667, 78.66055166666666], [16.927006, 78.66055166666666], [16.927006666666667, 78.66055183333333], [16.927007, 78.66055183333333], [16.92700766666667, 78.66055183333333], [16.9270085, 78.66055200000001], [16.927009333333334, 78.66055200000001], [16.927010166666665, 78.66055200000001], [16.927011, 78.66055200000001], [16.92701183333333, 78.66055200000001], [16.927012833333333, 78.66055200000001], [16.927014333333332, 78.66055200000001], [16.92701633333333, 78.66055183333333], [16.927018333333333, 78.66055166666666], [16.927020333333335, 78.66055150000001], [16.927022333333333, 78.66055133333333], [16.9270245, 78.660551], [16.9270265, 78.66055066666667], [16.9270285, 78.6605505], [16.927030333333335, 78.66055016666665], [16.927032666666666, 78.66054983333333], [16.927034833333334, 78.66054949999999], [16.927037, 78.660549], [16.927039166666667, 78.66054866666667], [16.92704133333333, 78.66054833333332], [16.92704366666667, 78.66054783333334], [16.927045666666668, 78.66054733333334], [16.927048, 78.660547], [16.927050166666668, 78.6605465], [16.9270525, 78.66054600000001], [16.927055166666666, 78.6605455], [16.927058, 78.660545], [16.927060833333332, 78.6605445], [16.92706383333333, 78.660544], [16.927067, 78.66054333333334], [16.927070166666667, 78.66054283333332], [16.927073333333333, 78.66054233333332], [16.927076666666668, 78.66054166666666], [16.92708, 78.66054116666666], [16.9270835, 78.6605405], [16.927086999999997, 78.66054000000001], [16.927090500000002, 78.6605395], [16.927094166666667, 78.66053883333333], [16.927097833333335, 78.66053833333334], [16.9271015, 78.66053783333334], [16.927105166666667, 78.66053716666667], [16.92710883333333, 78.66053683333332], [16.92711266666667, 78.66053616666666], [16.927116333333334, 78.66053583333334], [16.927120333333335, 78.66053533333334], [16.927124166666665, 78.66053483333333], [16.927128, 78.66053433333333], [16.92713183333333, 78.66053400000001], [16.92713566666667, 78.66053366666667], [16.92713966666667, 78.66053316666667], [16.927143666666666, 78.66053283333333], [16.927147833333333, 78.6605325], [16.927152, 78.660532], [16.92715616666667, 78.66053166666667], [16.927160333333333, 78.66053133333334], [16.927164666666666, 78.660531], [16.927168666666667, 78.66053050000001], [16.927172833333334, 78.66053016666666], [16.92717683333333, 78.66052983333334], [16.92718066666667, 78.66052933333334], [16.92718466666667, 78.660529], [16.927188666666666, 78.6605285], [16.927192833333333, 78.66052816666667], [16.927196833333333, 78.66052766666667], [16.927200833333334, 78.66052733333332], [16.92720466666667, 78.660527], [16.9272085, 78.6605265], [16.9272125, 78.66052616666666], [16.927216333333334, 78.66052583333334], [16.92722033333333, 78.66052549999999], [16.92722416666667, 78.66052516666667], [16.927228166666666, 78.66052483333333], [16.927232166666666, 78.66052450000001], [16.927236333333333, 78.66052416666666], [16.927240666666666, 78.66052383333334], [16.92724516666667, 78.66052366666666], [16.927249833333335, 78.66052333333333], [16.927254666666666, 78.66052316666666], [16.927259666666664, 78.660523], [16.927265166666665, 78.66052283333333], [16.927271, 78.66052266666667], [16.927277166666666, 78.66052266666667], [16.927283166666665, 78.66052266666667], [16.9272885, 78.66052283333333], [16.927293333333335, 78.660523], [16.927297, 78.66052366666666], [16.927300666666667, 78.66052416666666], [16.927303666666667, 78.66052483333333], [16.927305666666665, 78.66052549999999], [16.927307166666665, 78.66052616666666], [16.927307833333334, 78.66052683333334], [16.927308333333333, 78.66052766666667], [16.9273085, 78.66052833333333], [16.927308666666665, 78.66052883333333], [16.927308333333333, 78.66052933333334], [16.927307833333334, 78.66052983333334], [16.927307, 78.66053016666666], [16.927306166666664, 78.66053033333333], [16.92730583333333, 78.66053066666667], [16.927305333333333, 78.660531], [16.927305, 78.66053133333334], [16.927304499999998, 78.66053166666667], [16.927304, 78.660532], [16.9273035, 78.66053233333334], [16.927303666666667, 78.66053266666667], [16.927304499999998, 78.66053283333333], [16.92730583333333, 78.66053316666667], [16.927308166666666, 78.66053366666667], [16.927311333333332, 78.66053416666666], [16.927315500000002, 78.66053483333333], [16.927320333333334, 78.6605355], [16.927325666666665, 78.66053616666666], [16.927331666666664, 78.66053683333332], [16.927338666666667, 78.66053733333334], [16.927346333333332, 78.660538], [16.927354666666666, 78.6605385], [16.927362833333333, 78.660539], [16.927370833333335, 78.66053933333333], [16.927378833333332, 78.66053966666666], [16.92738616666667, 78.66053983333333], [16.927393166666665, 78.66054000000001], [16.927399833333332, 78.66054016666666], [16.927405833333335, 78.66054033333333], [16.9274115, 78.6605405], [16.927416833333332, 78.66054066666668], [16.927421833333334, 78.66054083333333], [16.92742666666667, 78.660541], [16.92743116666667, 78.66054116666666], [16.927435333333335, 78.66054133333334], [16.9274395, 78.66054133333334], [16.927443333333333, 78.6605415], [16.927447166666663, 78.66054166666666], [16.92745066666667, 78.66054183333334], [16.927454166666667, 78.660542], [16.9274575, 78.66054216666666], [16.927460833333335, 78.66054233333332], [16.927464, 78.6605425], [16.927467, 78.66054283333332], [16.927470000000003, 78.660543], [16.927472833333336, 78.66054316666667], [16.9274755, 78.66054333333334], [16.9274785, 78.66054349999999], [16.92748183333333, 78.66054383333334], [16.927485166666667, 78.66054416666665], [16.92748883333333, 78.6605445], [16.927492166666664, 78.660545], [16.92749566666667, 78.6605455], [16.927499, 78.66054600000001], [16.927502333333333, 78.6605465], [16.92750583333333, 78.660547], [16.9275095, 78.66054766666666], [16.927512999999998, 78.66054816666666], [16.927517166666668, 78.66054883333332], [16.9275215, 78.66054949999999], [16.927526333333333, 78.66055016666665], [16.927531666666667, 78.66055083333335], [16.927536999999997, 78.66055150000001], [16.927542833333334, 78.66055216666668], [16.927549, 78.66055283333334], [16.927555166666664, 78.6605535], [16.927562, 78.66055416666667], [16.927568666666666, 78.66055483333334], [16.927575666666666, 78.6605555], [16.92758266666667, 78.66055616666667], [16.927589833333332, 78.66055683333335], [16.927597166666665, 78.66055750000001], [16.92760433333333, 78.66055816666668], [16.927611833333334, 78.66055883333334], [16.9276195, 78.66055933333334], [16.92762733333333, 78.66056], [16.927635333333335, 78.6605605], [16.927643666666665, 78.660561], [16.927652166666668, 78.66056133333333], [16.9276605, 78.66056166666667], [16.927668833333332, 78.66056183333333], [16.92767716666667, 78.660562], [16.927684833333334, 78.66056216666667], [16.927692666666665, 78.66056216666667], [16.9277, 78.66056216666667], [16.927707, 78.660562], [16.9277145, 78.66056216666667], [16.927721333333334, 78.66056216666667], [16.927727666666666, 78.66056216666667], [16.9277335, 78.66056216666667], [16.927739, 78.66056233333333], [16.927744333333333, 78.66056233333333], [16.927749333333335, 78.66056233333333], [16.927754, 78.6605625], [16.927758666666666, 78.6605625], [16.927762833333336, 78.6605625], [16.927767, 78.66056266666666], [16.927770833333334, 78.66056266666666], [16.927774499999998, 78.66056283333334], [16.927777833333334, 78.66056283333334], [16.927781333333332, 78.66056283333334], [16.927784499999998, 78.660563], [16.9277875, 78.660563], [16.9277905, 78.660563], [16.9277935, 78.66056316666666], [16.9277965, 78.66056333333333], [16.927799666666665, 78.66056333333333], [16.9278035, 78.66056350000001], [16.92780766666667, 78.66056350000001], [16.927812666666668, 78.66056366666666], [16.927818, 78.66056383333333], [16.927823666666665, 78.66056383333333], [16.92782983333333, 78.66056400000001], [16.927836333333335, 78.66056400000001], [16.927843499999998, 78.66056416666667], [16.92785083333333, 78.66056433333333], [16.92785866666667, 78.66056433333333], [16.927867, 78.66056449999999], [16.92787566666667, 78.66056466666667], [16.927884333333335, 78.66056483333334], [16.927893166666667, 78.66056499999999], [16.92790216666667, 78.66056533333334], [16.927911333333334, 78.66056566666666], [16.92792066666667, 78.660566], [16.927929833333334, 78.66056633333332], [16.927939499999997, 78.66056666666667], [16.927949166666668, 78.66056716666667], [16.927958999999998, 78.6605675], [16.927968833333335, 78.660568], [16.927978833333334, 78.6605685], [16.927988833333334, 78.66056883333334], [16.927998166666665, 78.66056933333333], [16.928006666666665, 78.66056966666666], [16.928014666666666, 78.66057016666667], [16.928021833333332, 78.66057049999999], [16.928028666666666, 78.66057083333334], [16.928034833333335, 78.66057133333334], [16.928041, 78.66057166666666], [16.9280465, 78.660572], [16.92805183333333, 78.66057233333332], [16.928056333333334, 78.66057266666667], [16.928060666666667, 78.66057316666667], [16.928065, 78.6605735], [16.928068833333334, 78.66057383333333], [16.9280725, 78.66057416666666], [16.928075999999997, 78.6605745], [16.928079500000003, 78.66057500000001], [16.928082833333335, 78.66057533333333], [16.928086333333333, 78.66057583333333], [16.928089333333332, 78.66057616666667], [16.928092333333332, 78.66057649999999], [16.928095166666665, 78.660577], [16.928098, 78.66057733333334], [16.928100500000003, 78.66057766666667], [16.928103, 78.660578], [16.9281055, 78.6605785], [16.928107833333335, 78.66057883333333], [16.928109833333334, 78.66057916666666], [16.928112, 78.6605795], [16.928114333333333, 78.66057983333333], [16.92811633333333, 78.66058016666666], [16.9281185, 78.66058033333334], [16.928120333333332, 78.66058066666666], [16.928122166666665, 78.66058100000001], [16.928124166666667, 78.66058133333333], [16.928125833333336, 78.6605815], [16.928127500000002, 78.66058183333332], [16.928129000000002, 78.66058216666667], [16.928130666666668, 78.66058249999999], [16.928132, 78.66058283333334], [16.928133166666665, 78.66058316666665], [16.9281345, 78.6605835], [16.9281355, 78.660584], [16.928136333333335, 78.66058433333333], [16.928137166666666, 78.66058483333333], [16.928137666666665, 78.66058516666666], [16.928138333333333, 78.66058566666668], [16.928138833333332, 78.66058616666666], [16.928139333333334, 78.66058666666666], [16.928139666666667, 78.66058716666666], [16.928140166666665, 78.66058766666667], [16.928140833333334, 78.660588], [16.9281415, 78.66058833333334], [16.928142166666664, 78.66058849999999], [16.928142833333332, 78.66058883333334], [16.928143666666664, 78.66058916666665], [16.928144166666666, 78.6605895], [16.928144666666665, 78.66058966666667], [16.928145166666663, 78.66059], [16.92814566666667, 78.66059033333333], [16.928146333333334, 78.66059066666666], [16.928147000000003, 78.66059100000001], [16.9281475, 78.66059133333333], [16.928148, 78.66059166666668], [16.92814866666667, 78.660592], [16.928149166666667, 78.66059233333334], [16.928149666666666, 78.66059266666666], [16.928150333333335, 78.66059283333334], [16.928151, 78.66059316666666], [16.92815166666667, 78.6605935], [16.928152166666667, 78.66059366666667], [16.928152666666666, 78.660594], [16.928153333333334, 78.66059433333334], [16.928154, 78.66059449999999], [16.928154666666668, 78.66059483333333], [16.928155333333333, 78.66059516666665], [16.928156166666668, 78.66059533333333], [16.928156666666666, 78.66059566666667], [16.9281575, 78.660596], [16.928158333333332, 78.66059633333333], [16.928159, 78.66059650000001], [16.928159666666666, 78.66059683333333], [16.9281605, 78.66059716666668], [16.928161333333332, 78.6605975], [16.928162166666667, 78.66059766666667], [16.928163166666664, 78.660598], [16.928164, 78.66059833333334], [16.928164833333334, 78.6605985], [16.928165666666665, 78.66059883333334], [16.928166333333333, 78.66059916666667], [16.928167166666665, 78.66059933333332], [16.928168000000003, 78.66059966666667], [16.928168666666668, 78.66059983333334], [16.928169500000003, 78.66060016666667], [16.9281705, 78.6606005], [16.928171333333335, 78.66060083333333], [16.928172166666666, 78.660601], [16.928173166666667, 78.66060133333333], [16.928174000000002, 78.66060166666666], [16.928174833333333, 78.660602], [16.928175833333334, 78.66060233333333], [16.928176666666666, 78.66060266666666], [16.928177333333334, 78.66060300000001], [16.928178333333335, 78.66060333333333], [16.928179, 78.66060366666667], [16.928179833333335, 78.66060399999999], [16.928180833333332, 78.66060433333334], [16.928181833333333, 78.66060466666666], [16.928182833333334, 78.66060516666667], [16.928184166666664, 78.6606055], [16.928185499999998, 78.66060583333334], [16.928186999999998, 78.66060616666667], [16.928188666666664, 78.66060666666667], [16.928190500000003, 78.660607], [16.92819216666667, 78.66060733333333], [16.928194333333334, 78.66060766666666], [16.928196333333336, 78.66060783333334], [16.9281985, 78.66060816666666], [16.928200666666665, 78.66060833333333], [16.928202666666667, 78.66060850000001], [16.9282045, 78.66060866666666], [16.928206499999998, 78.66060883333333], [16.928208666666666, 78.66060883333333], [16.9282105, 78.66060900000001], [16.92821233333333, 78.66060916666667], [16.928214, 78.66060916666667], [16.928215666666667, 78.66060916666667], [16.928217, 78.66060933333333], [16.928218333333334, 78.66060933333333], [16.928219666666667, 78.66060949999999], [16.928220833333334, 78.66060949999999], [16.928222, 78.66060966666667], [16.928222833333333, 78.66060966666667], [16.9282235, 78.66060966666667], [16.9282245, 78.66060966666667], [16.928226166666665, 78.66060983333334], [16.928228999999998, 78.66061033333334], [16.928231999999998, 78.66061066666666], [16.92823483333333, 78.66061133333332], [16.92823716666667, 78.66061216666667], [16.92823866666667, 78.660613], [16.928239333333334, 78.66061416666666], [16.9282395, 78.66061516666667], [16.928239666666666, 78.66061599999999], [16.928239, 78.66061683333334], [16.928237833333334, 78.6606175], [16.928236666666667, 78.66061800000001], [16.928235500000003, 78.66061866666668], [16.928234166666666, 78.660619], [16.928233, 78.66061933333334], [16.928231666666665, 78.66061983333334], [16.92823033333333, 78.66062033333333], [16.928228833333332, 78.66062066666667], [16.9282275, 78.66062083333333], [16.928226333333335, 78.660621], [16.928225333333334, 78.66062116666667], [16.928224666666665, 78.66062133333334], [16.928224333333333, 78.66062149999999], [16.928224166666666, 78.66062183333334], [16.928224666666665, 78.66062216666666], [16.9282265, 78.66062283333333], [16.928228999999998, 78.6606235], [16.928231999999998, 78.66062433333333], [16.928235333333337, 78.66062516666666], [16.928239166666668, 78.66062616666666], [16.928243833333333, 78.66062683333332], [16.928248833333335, 78.66062733333334], [16.928253833333333, 78.66062783333334], [16.92825816666667, 78.6606285], [16.928262333333333, 78.66062916666667], [16.9282665, 78.66062983333333], [16.928270333333334, 78.66063033333333], [16.928274, 78.660631], [16.928277666666666, 78.6606315], [16.928281166666668, 78.660632], [16.9282845, 78.6606325], [16.928287666666666, 78.660633], [16.92829083333333, 78.66063349999999], [16.928294166666667, 78.660634], [16.9282975, 78.66063466666667], [16.92830083333333, 78.6606355], [16.928303833333334, 78.66063616666666], [16.928307166666666, 78.660637], [16.928310166666666, 78.660638], [16.92831333333333, 78.66063883333332], [16.92831633333333, 78.66063966666667], [16.92831933333333, 78.66064066666667], [16.92832183333333, 78.66064166666666], [16.928324333333332, 78.6606425], [16.9283265, 78.66064333333334], [16.928328333333333, 78.66064416666667], [16.92833016666667, 78.660645], [16.928331500000002, 78.66064583333333], [16.928332833333332, 78.6606465], [16.9283335, 78.660647], [16.928334333333332, 78.66064750000001], [16.928335166666667, 78.66064816666668], [16.9283365, 78.66064883333334], [16.9283385, 78.6606495], [16.928341166666666, 78.6606505], [16.928344166666665, 78.66065133333333], [16.928347499999997, 78.66065216666667], [16.92835116666667, 78.660653], [16.928355166666666, 78.66065383333333], [16.928359333333333, 78.66065466666667], [16.9283635, 78.6606555], [16.928368, 78.66065616666667], [16.928372333333336, 78.660657], [16.928376833333335, 78.66065766666667], [16.928381333333334, 78.66065833333333], [16.928385833333333, 78.660659], [16.9283905, 78.66065950000001], [16.928395166666668, 78.66066016666667], [16.9284, 78.66066066666667], [16.92840483333333, 78.66066133333334], [16.92841, 78.66066183333334], [16.92841533333333, 78.6606625], [16.9284205, 78.66066300000001], [16.928425833333332, 78.66066366666668], [16.928431166666666, 78.66066433333334], [16.928437166666665, 78.66066500000001], [16.928443, 78.66066566666667], [16.928449166666667, 78.66066649999999], [16.928455333333332, 78.660667], [16.9284615, 78.66066783333333], [16.92846816666667, 78.66066866666667], [16.928474833333333, 78.66066966666668], [16.9284815, 78.6606705], [16.928488333333334, 78.66067133333333], [16.928495166666668, 78.66067233333334], [16.92850233333333, 78.66067333333334], [16.928509166666668, 78.66067416666667], [16.928516333333334, 78.66067516666666], [16.928523166666665, 78.66067616666666], [16.928530333333335, 78.66067716666666], [16.928537333333335, 78.66067816666667], [16.928544666666667, 78.660679], [16.928551666666667, 78.66068016666667], [16.928558833333334, 78.66068100000001], [16.928566, 78.66068216666666], [16.928572999999997, 78.660683], [16.928580166666666, 78.660684], [16.928587166666667, 78.660685], [16.928594333333333, 78.660686], [16.928601333333333, 78.66068700000001], [16.928608666666666, 78.660688], [16.928615833333332, 78.66068883333334], [16.928623166666668, 78.66068983333334], [16.928630666666667, 78.66069066666667], [16.928638166666666, 78.6606915], [16.928645500000002, 78.66069250000001], [16.928653, 78.66069333333333], [16.928660666666666, 78.66069433333334], [16.928668333333334, 78.66069516666667], [16.928676, 78.660696], [16.92868383333333, 78.66069683333333], [16.92869166666667, 78.66069766666666], [16.928699333333334, 78.66069850000001], [16.928707166666666, 78.66069933333333], [16.928715, 78.66069999999999], [16.928722999999998, 78.66070083333334], [16.928730833333336, 78.66070166666667], [16.928738833333334, 78.6607025], [16.928746666666665, 78.66070316666666], [16.92875466666667, 78.660704], [16.9287625, 78.66070466666666], [16.9287705, 78.66070549999999], [16.928778333333334, 78.66070616666666], [16.928786333333335, 78.660707], [16.928794, 78.66070766666667], [16.928801833333335, 78.6607085], [16.928809833333332, 78.66070916666666], [16.928817666666664, 78.66070983333334], [16.928825333333336, 78.66071050000001], [16.928833166666667, 78.66071116666667], [16.928841, 78.660712], [16.928849, 78.66071266666667], [16.928856666666665, 78.66071333333333], [16.928864666666666, 78.66071400000001], [16.928872666666667, 78.66071466666668], [16.928880666666664, 78.66071516666666], [16.92888866666667, 78.66071583333334], [16.928896333333334, 78.6607165], [16.928904333333332, 78.660717], [16.928912500000003, 78.66071766666667], [16.928920333333334, 78.66071816666665], [16.92892833333333, 78.66071883333333], [16.928936166666666, 78.66071933333333], [16.928944166666668, 78.66071983333333], [16.928952166666665, 78.66072033333333], [16.92896, 78.66072083333333], [16.928967833333335, 78.66072133333334], [16.928975666666666, 78.66072183333334], [16.928983833333334, 78.66072233333333], [16.928991833333335, 78.66072283333332], [16.928999833333332, 78.66072316666667], [16.929007833333333, 78.66072366666667], [16.929016, 78.66072416666665], [16.929024166666668, 78.6607245], [16.9290325, 78.660725], [16.92904083333333, 78.6607255], [16.9290495, 78.66072600000001], [16.929058166666668, 78.66072633333333], [16.929067166666666, 78.66072683333333], [16.92907616666667, 78.66072733333334], [16.929085166666667, 78.66072783333334], [16.92909416666667, 78.66072833333332], [16.929103, 78.66072883333332], [16.929112166666666, 78.66072933333334], [16.92912116666667, 78.66072966666667], [16.929130166666667, 78.66073016666665], [16.929139333333335, 78.66073066666667], [16.929148333333334, 78.66073116666666], [16.9291575, 78.66073150000001], [16.929166333333335, 78.66073200000001], [16.929175333333333, 78.66073233333333], [16.92918416666667, 78.66073283333334], [16.929193166666668, 78.66073333333334], [16.929202166666666, 78.66073366666666], [16.92921116666667, 78.660734], [16.929220333333333, 78.6607345], [16.929229333333335, 78.66073483333334], [16.9292385, 78.66073533333334], [16.929247166666666, 78.66073566666667], [16.929255333333334, 78.660736], [16.929263, 78.66073633333333], [16.92927, 78.66073666666666], [16.929276666666667, 78.660737], [16.929282833333332, 78.66073733333333], [16.92928883333333, 78.66073766666666], [16.929294333333335, 78.66073783333333], [16.929299833333335, 78.66073816666668], [16.929304833333333, 78.6607385], [16.929309666666665, 78.66073866666667], [16.92931433333333, 78.66073899999999], [16.929318833333333, 78.66073916666666], [16.929323166666666, 78.6607395], [16.9293275, 78.66073966666666], [16.929331333333334, 78.66074], [16.929335166666664, 78.66074016666667], [16.929338833333336, 78.66074033333332], [16.9293425, 78.6607405], [16.929345833333333, 78.66074083333334], [16.929349, 78.660741], [16.929352166666668, 78.66074116666667], [16.929355333333334, 78.66074133333333], [16.929358333333333, 78.6607415], [16.92936116666667, 78.66074183333333], [16.929363833333333, 78.660742], [16.929366666666667, 78.66074216666667], [16.929369166666667, 78.66074233333333], [16.929371833333335, 78.6607425], [16.92937433333333, 78.66074283333334], [16.929376833333333, 78.660743], [16.929379166666667, 78.66074316666666], [16.929381499999998, 78.66074333333333], [16.929383833333336, 78.66074366666666], [16.929386166666667, 78.66074383333333], [16.9293885, 78.66074400000001], [16.929390833333333, 78.66074433333333], [16.929393166666667, 78.66074449999999], [16.9293955, 78.66074466666667], [16.929397666666667, 78.66074483333334], [16.929399999999998, 78.66074516666666], [16.929402, 78.66074533333334], [16.929404166666664, 78.6607455], [16.929406333333336, 78.66074566666666], [16.929408333333335, 78.660746], [16.929410166666667, 78.66074616666667], [16.929412, 78.66074633333332], [16.92941366666667, 78.6607465], [16.929415333333335, 78.66074666666667], [16.929416833333335, 78.66074683333333], [16.929418333333334, 78.660747], [16.929419833333334, 78.66074733333333], [16.929420999999998, 78.6607475], [16.929422499999998, 78.66074766666667], [16.929423999999997, 78.66074783333333], [16.929425166666665, 78.660748], [16.929426499999998, 78.66074816666666], [16.929427666666665, 78.66074833333333], [16.929429000000003, 78.6607485], [16.92943016666667, 78.66074883333334], [16.929431166666667, 78.660749], [16.929432333333335, 78.66074916666666], [16.929433500000002, 78.66074950000001], [16.92943466666667, 78.66074966666666], [16.929435666666667, 78.66074983333333], [16.929436666666668, 78.66075016666667], [16.92943766666667, 78.66075033333333], [16.929438666666666, 78.66075049999999], [16.929439666666667, 78.66075083333334], [16.929440833333334, 78.66075116666666], [16.929441833333332, 78.66075133333334], [16.929443, 78.66075166666666], [16.929443833333334, 78.66075183333334], [16.929444999999998, 78.660752], [16.929445833333332, 78.66075233333332], [16.929447, 78.6607525], [16.929448333333333, 78.66075266666667], [16.929449833333333, 78.66075283333333], [16.929452, 78.66075316666667], [16.92945466666667, 78.66075333333333], [16.929457333333335, 78.6607535], [16.92946016666667, 78.6607535], [16.9294635, 78.66075366666668], [16.929467166666665, 78.66075383333333], [16.929471166666666, 78.66075416666666], [16.929475500000002, 78.66075433333334], [16.9294805, 78.66075466666666], [16.9294855, 78.66075500000001], [16.929490833333332, 78.66075533333333], [16.929496500000003, 78.66075550000001], [16.929502333333335, 78.66075583333333], [16.92950816666667, 78.66075616666667], [16.9295145, 78.66075649999999], [16.929520833333335, 78.660757], [16.9295275, 78.66075733333334], [16.929534166666667, 78.66075766666667], [16.92954116666667, 78.660758], [16.929548333333333, 78.6607585], [16.929555999999998, 78.66075883333333], [16.929563833333336, 78.66075900000001], [16.929571833333334, 78.66075933333333], [16.929579999999998, 78.66075966666668], [16.92958816666667, 78.66075983333333], [16.929596833333335, 78.66076016666666], [16.92960533333333, 78.6607605], [16.929614, 78.66076066666666], [16.929622666666667, 78.66076100000001], [16.929631500000003, 78.66076116666666], [16.9296405, 78.6607615], [16.929649666666666, 78.66076166666667], [16.929659, 78.66076183333332], [16.9296685, 78.66076183333332], [16.929678000000003, 78.660762], [16.9296875, 78.660762], [16.929697166666664, 78.66076216666667], [16.929706833333334, 78.66076216666667], [16.92971633333333, 78.66076216666667], [16.929726333333335, 78.66076233333334], [16.929736, 78.66076233333334], [16.929746, 78.66076249999999], [16.929755833333335, 78.66076249999999], [16.92976583333333, 78.66076266666667], [16.929775666666668, 78.66076266666667], [16.929785666666664, 78.66076283333334], [16.9297955, 78.66076283333334], [16.929805333333334, 78.660763], [16.929815166666668, 78.660763], [16.929825, 78.66076316666665], [16.929835, 78.66076333333334], [16.929844833333334, 78.66076333333334], [16.92985483333333, 78.6607635], [16.9298645, 78.6607635], [16.9298745, 78.66076366666667], [16.9298845, 78.66076366666667], [16.929894333333333, 78.66076383333333], [16.929904333333333, 78.66076383333333], [16.929914166666666, 78.660764], [16.929924000000003, 78.660764], [16.929934, 78.66076416666667], [16.929944, 78.66076416666667], [16.929953833333332, 78.66076433333333], [16.929963833333332, 78.6607645], [16.929974, 78.6607645], [16.929984166666667, 78.66076466666667], [16.929994166666667, 78.66076483333333], [16.930004, 78.66076483333333], [16.930014000000003, 78.66076500000001], [16.930024, 78.66076516666666], [16.930033833333333, 78.66076516666666], [16.930043666666666, 78.66076533333333], [16.930053666666666, 78.6607655], [16.930063500000003, 78.6607655], [16.930073333333333, 78.66076566666668], [16.93008316666667, 78.66076583333333], [16.930093, 78.66076583333333], [16.930102833333333, 78.660766], [16.930112833333332, 78.66076616666666], [16.930122666666666, 78.66076616666666], [16.93013266666667, 78.66076633333334], [16.9301425, 78.66076633333334], [16.930152333333336, 78.6607665], [16.930162166666666, 78.66076666666666], [16.93017216666667, 78.66076683333334], [16.93018216666667, 78.66076683333334], [16.930191999999998, 78.660767], [16.930201833333335, 78.660767], [16.930211666666665, 78.66076716666666], [16.930221500000002, 78.66076733333333], [16.93023133333333, 78.66076733333333], [16.93024116666667, 78.6607675], [16.930251, 78.6607675], [16.93026083333333, 78.66076766666667], [16.93027066666667, 78.66076783333332], [16.9302805, 78.66076783333332], [16.930290333333335, 78.660768], [16.930300166666665, 78.660768], [16.930310000000002, 78.660768], [16.930319833333332, 78.66076816666667], [16.930329833333335, 78.66076816666667], [16.9303395, 78.66076816666667], [16.930349166666666, 78.66076816666667], [16.930358833333333, 78.66076816666667], [16.930368666666666, 78.66076816666667], [16.930378333333334, 78.66076816666667], [16.930388166666667, 78.66076816666667], [16.930398, 78.66076816666667], [16.930407666666667, 78.66076816666667], [16.930417499999997, 78.66076816666667], [16.930427333333334, 78.66076816666667], [16.930437333333334, 78.660768], [16.9304475, 78.660768], [16.930457666666666, 78.660768], [16.930468166666667, 78.66076783333332], [16.930479, 78.66076783333332], [16.930489666666666, 78.66076783333332], [16.930500166666665, 78.66076766666667], [16.930511000000003, 78.6607675], [16.930521833333334, 78.66076733333333], [16.9305325, 78.66076716666666], [16.930543333333333, 78.660767], [16.930554333333337, 78.66076683333334], [16.930565333333334, 78.66076666666666], [16.93057633333333, 78.6607665], [16.9305875, 78.66076633333334], [16.930598666666665, 78.660766], [16.930609666666665, 78.66076583333333], [16.930620666666666, 78.66076566666668], [16.930631666666667, 78.66076533333333], [16.930642499999998, 78.66076516666666], [16.930653333333332, 78.66076483333333], [16.930664333333333, 78.6607645], [16.930675, 78.66076433333333], [16.93068583333333, 78.660764], [16.930696666666666, 78.66076366666667], [16.930707666666667, 78.66076333333334], [16.930719, 78.660763], [16.930729666666664, 78.66076249999999], [16.93074066666667, 78.66076216666667], [16.930751833333332, 78.66076183333332], [16.930762833333333, 78.66076133333333], [16.930773833333333, 78.66076100000001], [16.930785, 78.6607605], [16.930796166666667, 78.66076016666666], [16.9308075, 78.66075966666668], [16.930818833333333, 78.66075933333333], [16.930830166666667, 78.66075883333333], [16.9308415, 78.66075833333333], [16.930853000000003, 78.66075783333334], [16.930864166666666, 78.66075733333334], [16.9308755, 78.66075683333334], [16.930886833333332, 78.66075633333334], [16.93089816666667, 78.66075583333333], [16.930909666666665, 78.66075533333333], [16.930920833333335, 78.66075466666666], [16.930932166666665, 78.66075416666666], [16.930943666666668, 78.66075366666668], [16.930955166666667, 78.66075300000001], [16.9309665, 78.66075233333332], [16.930977833333333, 78.66075183333334], [16.9309895, 78.66075116666666], [16.931000666666666, 78.66075049999999], [16.931012, 78.66074983333333], [16.931023166666666, 78.66074933333333], [16.931034333333333, 78.66074866666666], [16.931045666666666, 78.660748], [16.931056833333333, 78.66074733333333], [16.931068, 78.66074666666667], [16.931079, 78.660746], [16.93108983333333, 78.6607455], [16.931100833333335, 78.66074483333334], [16.931111666666666, 78.66074433333333], [16.9311225, 78.66074366666666], [16.931133166666665, 78.660743], [16.931144, 78.66074233333333], [16.931155166666667, 78.66074183333333], [16.931165833333335, 78.66074116666667], [16.931176666666666, 78.6607405], [16.9311875, 78.66073983333334], [16.931198166666665, 78.66073916666666], [16.931208666666667, 78.66073866666667], [16.931219166666665, 78.66073800000001], [16.931229499999997, 78.66073733333333], [16.931239833333333, 78.66073683333335], [16.93125033333333, 78.66073616666667], [16.931260666666667, 78.66073566666667], [16.931271166666665, 78.660735], [16.931281333333335, 78.6607345], [16.931291666666667, 78.660734], [16.931301833333336, 78.66073333333334], [16.931312, 78.66073283333334], [16.931322333333334, 78.66073216666668], [16.931332333333334, 78.66073166666666], [16.931342500000003, 78.66073116666666], [16.931352666666665, 78.66073066666667], [16.93136283333333, 78.66073016666665], [16.931373, 78.66072949999999], [16.931383, 78.660729], [16.931393333333332, 78.6607285], [16.9314035, 78.66072783333334], [16.931414, 78.66072733333334], [16.931424333333332, 78.66072683333333], [16.9314345, 78.66072633333333], [16.931445, 78.66072566666666], [16.931455500000002, 78.66072516666667], [16.931465833333334, 78.66072466666667], [16.931476333333332, 78.660724], [16.931486666666668, 78.66072349999999], [16.931497, 78.660723], [16.93150766666667, 78.6607225], [16.931518166666667, 78.66072183333334], [16.93152866666667, 78.66072133333334], [16.9315395, 78.66072083333333], [16.93155, 78.66072033333333], [16.931560666666666, 78.66071966666667], [16.931571333333334, 78.66071916666667], [16.931582, 78.66071866666667], [16.9315925, 78.66071816666665], [16.931603166666665, 78.66071766666667], [16.931613833333333, 78.660717], [16.9316245, 78.6607165], [16.93163516666667, 78.66071600000001], [16.931645833333334, 78.6607155], [16.9316565, 78.66071483333333], [16.931666833333335, 78.66071433333333], [16.9316775, 78.66071383333333], [16.931688, 78.66071316666667], [16.9316985, 78.66071266666667], [16.931709, 78.660712], [16.931719666666666, 78.66071133333334], [16.931730166666668, 78.66071083333333], [16.931740666666666, 78.66071016666666], [16.93175116666667, 78.66070966666666], [16.931761666666667, 78.660709], [16.93177216666667, 78.66070833333333], [16.931782666666667, 78.66070783333333], [16.93179316666667, 78.66070716666667], [16.931803666666667, 78.66070666666666], [16.931814, 78.66070599999999], [16.9318245, 78.66070533333333], [16.931835166666666, 78.66070483333333], [16.931845666666668, 78.66070416666666], [16.931856, 78.66070366666666], [16.9318665, 78.660703], [16.931876833333334, 78.6607025], [16.931887333333336, 78.66070183333333], [16.931897666666668, 78.66070116666667], [16.931908166666666, 78.6607005], [16.9319185, 78.66069999999999], [16.931928833333334, 78.66069933333333], [16.931939166666666, 78.66069866666666], [16.931949499999998, 78.660698], [16.93196, 78.66069733333333], [16.9319705, 78.66069683333333], [16.931980833333334, 78.66069616666667], [16.931991166666666, 78.6606955], [16.932001666666668, 78.66069483333334], [16.932012333333333, 78.66069416666666], [16.932023, 78.6606935], [16.932033333333333, 78.66069283333333], [16.932043833333335, 78.66069233333333], [16.9320545, 78.66069166666666], [16.932064833333335, 78.660691], [16.932075333333334, 78.66069033333333], [16.932085500000003, 78.66068966666667], [16.932096, 78.660689], [16.932106333333333, 78.66068833333334], [16.932116666666666, 78.66068766666667], [16.932126999999998, 78.66068700000001], [16.932136833333335, 78.66068633333333], [16.932146166666666, 78.66068583333335], [16.932154500000003, 78.66068516666665], [16.932162666666667, 78.66068483333333], [16.93217, 78.66068433333334], [16.932177000000003, 78.66068383333332], [16.932183666666667, 78.6606835], [16.932189833333332, 78.66068316666666], [16.932195999999998, 78.66068283333334], [16.9322015, 78.6606825], [16.932206666666666, 78.66068216666666], [16.932211666666667, 78.660682], [16.932216333333333, 78.66068166666668], [16.932221000000002, 78.6606815], [16.932225333333335, 78.66068116666666], [16.932229833333334, 78.66068100000001], [16.932234, 78.66068083333333], [16.932237833333332, 78.6606805], [16.932241833333332, 78.66068033333333], [16.932245333333334, 78.66068016666667], [16.932249000000002, 78.66068], [16.932252666666667, 78.66067983333333], [16.932256166666665, 78.66067966666667], [16.932259666666667, 78.6606795], [16.932263, 78.66067933333333], [16.93226616666667, 78.66067933333333], [16.932269333333334, 78.66067916666665], [16.932272166666667, 78.660679], [16.932274833333334, 78.66067883333334], [16.932277666666668, 78.66067866666667], [16.932280666666667, 78.66067866666667], [16.932284166666665, 78.66067849999999], [16.932288000000003, 78.66067816666667], [16.932292500000003, 78.660678], [16.932297833333333, 78.66067766666667], [16.932303666666666, 78.66067733333333], [16.932309999999998, 78.660677], [16.93231666666667, 78.66067666666666], [16.93232383333333, 78.66067633333334], [16.932331166666664, 78.66067583333333], [16.932339000000002, 78.66067533333333], [16.932346833333334, 78.66067500000001], [16.93235483333333, 78.6606745], [16.93236316666667, 78.660674], [16.9323715, 78.6606735], [16.932380000000002, 78.660673], [16.932388666666668, 78.66067249999999], [16.932397166666664, 78.660672], [16.932405833333334, 78.66067133333333], [16.932414666666666, 78.66067083333334], [16.93242366666667, 78.66067016666666], [16.932432666666667, 78.66066966666668], [16.932441833333332, 78.66066916666666], [16.932450833333334, 78.6606685], [16.932460166666665, 78.660668], [16.932469333333334, 78.66066733333334], [16.9324785, 78.66066666666667], [16.932487499999997, 78.66066616666667], [16.932496833333335, 78.66066550000001], [16.932506, 78.66066500000001], [16.93251516666667, 78.66066433333334], [16.932524333333333, 78.66066366666668], [16.932533666666664, 78.66066316666667], [16.932543, 78.6606625], [16.932552333333334, 78.66066183333334], [16.93256166666667, 78.66066133333334], [16.932571, 78.66066066666667], [16.932580499999997, 78.66066000000001], [16.932590166666667, 78.66065950000001], [16.9325995, 78.66065883333334], [16.932609, 78.66065816666666], [16.9326185, 78.66065766666667], [16.932628, 78.660657], [16.932637333333332, 78.66065633333332], [16.932646833333333, 78.66065583333334], [16.932656333333334, 78.66065516666666], [16.932665666666665, 78.66065449999999], [16.93267516666667, 78.66065400000001], [16.932684666666667, 78.66065333333333], [16.932694166666668, 78.66065283333334], [16.932703666666665, 78.66065216666667], [16.9327135, 78.6606515], [16.932723166666666, 78.660651], [16.932732666666666, 78.66065033333332], [16.932742333333334, 78.66064966666666], [16.932752, 78.66064916666666], [16.932761666666668, 78.6606485], [16.932771333333335, 78.66064800000001], [16.932781, 78.66064733333333], [16.9327905, 78.66064666666666], [16.9328, 78.66064616666667], [16.932809666666667, 78.66064566666667], [16.932819333333335, 78.660645], [16.932828833333335, 78.6606445], [16.9328385, 78.66064383333334], [16.932848, 78.66064316666666], [16.932857666666667, 78.66064266666667], [16.932867333333334, 78.66064200000001], [16.932877166666668, 78.66064150000001], [16.932887, 78.66064083333335], [16.932896666666668, 78.66064033333333], [16.932906333333335, 78.66063983333333], [16.932916166666665, 78.66063916666667], [16.932925833333336, 78.66063866666667], [16.9329355, 78.660638], [16.932945166666666, 78.66063749999999], [16.932954666666667, 78.66063683333333], [16.932964333333334, 78.66063633333333], [16.932974, 78.66063583333333], [16.932983666666665, 78.66063516666667], [16.932993166666666, 78.66063466666667], [16.933002833333333, 78.66063416666665], [16.933012666666666, 78.66063349999999], [16.933022333333334, 78.660633], [16.933032, 78.66063233333333], [16.933041833333334, 78.66063183333334], [16.933051499999998, 78.66063133333334], [16.933061333333335, 78.66063066666668], [16.933070999999998, 78.66063016666666], [16.933080833333335, 78.66062966666667], [16.9330905, 78.660629], [16.93310016666667, 78.6606285], [16.933109833333333, 78.660628], [16.93311933333333, 78.66062749999999], [16.933129, 78.66062683333332], [16.93313883333333, 78.66062633333333], [16.9331485, 78.66062583333334], [16.933158166666665, 78.66062533333334], [16.93316766666667, 78.66062483333333], [16.933177333333333, 78.66062416666666], [16.93318633333333, 78.66062366666667], [16.933194833333335, 78.66062316666667], [16.9332025, 78.66062283333333], [16.933209499999997, 78.66062233333334], [16.933216333333334, 78.660622], [16.9332225, 78.66062166666667], [16.933228333333332, 78.66062133333334], [16.933233833333336, 78.660621], [16.933239166666667, 78.66062066666667], [16.933244, 78.66062033333333], [16.933248666666668, 78.66062016666666], [16.933253166666667, 78.66061983333334], [16.9332575, 78.66061966666666], [16.933261666666667, 78.66061933333334], [16.933265666666667, 78.66061916666666], [16.933269499999998, 78.660619], [16.933273166666666, 78.66061866666668], [16.933276666666664, 78.6606185], [16.93328016666667, 78.66061833333333], [16.9332835, 78.66061800000001], [16.933286666666667, 78.66061783333333], [16.933289833333333, 78.66061766666667], [16.933292833333333, 78.6606175], [16.933295833333332, 78.66061733333332], [16.933298833333332, 78.66061716666667], [16.93330166666667, 78.660617], [16.933304333333336, 78.66061683333334], [16.933307, 78.66061683333334], [16.9333095, 78.66061666666666], [16.933312166666667, 78.6606165], [16.933314499999998, 78.66061633333334], [16.933317, 78.66061633333334], [16.933319333333333, 78.66061616666666], [16.933321666666664, 78.66061599999999], [16.933324000000002, 78.66061599999999], [16.933326333333333, 78.66061583333334], [16.933328333333336, 78.66061566666667], [16.933330333333334, 78.66061566666667], [16.933332333333333, 78.66061549999999], [16.933334333333335, 78.66061533333333], [16.933336166666667, 78.66061533333333], [16.933338, 78.66061516666667], [16.93333983333333, 78.660615], [16.933341499999997, 78.660615], [16.933343333333333, 78.660615], [16.933344833333333, 78.66061483333333], [16.933346500000003, 78.66061483333333], [16.933348000000002, 78.66061466666666], [16.93334966666667, 78.66061466666666], [16.933351166666668, 78.66061450000001], [16.9333525, 78.66061450000001], [16.933354, 78.66061433333333], [16.9333555, 78.66061433333333], [16.933356833333335, 78.66061416666666], [16.933358166666668, 78.66061416666666], [16.933359666666668, 78.660614], [16.93336083333333, 78.660614], [16.93336233333333, 78.66061383333334], [16.9333635, 78.66061383333334], [16.933364666666666, 78.66061366666666], [16.933365833333333, 78.66061366666666], [16.933367166666667, 78.66061366666666], [16.93336833333333, 78.6606135], [16.9333695, 78.6606135], [16.933370500000002, 78.66061333333333], [16.933372000000002, 78.66061333333333], [16.933373833333334, 78.66061316666666], [16.933376333333335, 78.66061316666666], [16.93338, 78.660613], [16.933384, 78.66061283333333], [16.933389166666664, 78.66061266666667], [16.93339466666667, 78.66061233333333], [16.933401, 78.66061216666667], [16.933407666666668, 78.66061183333333], [16.933414833333334, 78.6606115], [16.933422166666666, 78.66061116666667], [16.933430333333334, 78.66061083333334], [16.9334385, 78.6606105], [16.933446833333335, 78.66060999999999], [16.933455499999997, 78.66060966666667], [16.933464166666667, 78.66060933333333], [16.933473166666666, 78.66060883333333], [16.933482333333334, 78.66060850000001], [16.933491666666665, 78.660608], [16.933500833333333, 78.66060766666666], [16.933510333333334, 78.66060716666667], [16.93351983333333, 78.66060666666667], [16.933529500000002, 78.66060633333333], [16.933538833333333, 78.66060583333334], [16.93354833333333, 78.6606055], [16.933557833333335, 78.660605], [16.933567333333333, 78.6606045], [16.933577, 78.66060416666666], [16.933586333333334, 78.66060366666667], [16.933596, 78.66060316666668], [16.933605666666665, 78.66060283333333], [16.933615166666666, 78.66060233333333], [16.933625, 78.660602], [16.9336345, 78.6606015], [16.933644333333334, 78.660601], [16.933654, 78.6606005], [16.9336635, 78.6606], [16.933673166666665, 78.66059966666667], [16.933682833333332, 78.66059916666667], [16.9336925, 78.66059866666666], [16.933702166666666, 78.66059816666666], [16.933711666666667, 78.66059766666667], [16.9337215, 78.66059733333333], [16.933731, 78.66059683333333], [16.9337405, 78.66059633333333], [16.93375, 78.66059583333335], [16.933759666666667, 78.66059533333333], [16.93376933333333, 78.66059483333333], [16.933779, 78.66059449999999], [16.9337885, 78.660594], [16.93379816666667, 78.6605935], [16.933807833333333, 78.660593], [16.93381733333333, 78.66059249999999], [16.933827, 78.660592], [16.933836666666664, 78.66059166666668], [16.93384616666667, 78.66059116666666], [16.933855666666666, 78.66059066666666], [16.933865166666667, 78.66059016666667], [16.933874833333334, 78.66058966666667], [16.93388433333333, 78.66058916666665], [16.933894000000002, 78.66058866666667], [16.9339035, 78.66058816666667], [16.933913, 78.6605875], [16.9339225, 78.660587], [16.933932000000002, 78.6605865], [16.9339415, 78.660586], [16.933951166666667, 78.6605855], [16.933960666666668, 78.66058483333333], [16.93397, 78.6605845], [16.933979500000003, 78.66058383333333], [16.933989, 78.66058333333334], [16.933998499999998, 78.66058283333334], [16.934008, 78.66058233333334], [16.9340175, 78.66058183333332], [16.934027166666667, 78.66058116666666], [16.934036666666668, 78.66058066666666], [16.934046000000002, 78.66058016666666], [16.934055666666666, 78.66057966666668], [16.934065166666667, 78.66057900000001], [16.934074833333334, 78.6605785], [16.93408433333333, 78.660578], [16.934093833333336, 78.6605775], [16.934103333333333, 78.660577], [16.934112833333334, 78.66057649999999], [16.93412216666667, 78.660576], [16.9341315, 78.66057533333333], [16.934141, 78.66057483333334], [16.93415033333333, 78.66057433333334], [16.93415966666667, 78.66057383333333], [16.934169166666667, 78.66057333333333], [16.934178499999998, 78.66057266666667], [16.934188, 78.66057216666667], [16.934197333333334, 78.66057166666666], [16.934206666666668, 78.66057116666666], [16.934216, 78.66057066666667], [16.934225333333334, 78.66057016666667], [16.93423466666667, 78.66056966666666], [16.934244, 78.660569], [16.934253333333334, 78.6605685], [16.9342625, 78.660568], [16.934271833333334, 78.6605675], [16.934281, 78.660567], [16.934290333333333, 78.66056633333332], [16.9342995, 78.66056583333334], [16.934308666666666, 78.66056533333334], [16.934318, 78.66056466666667], [16.934327166666666, 78.66056416666667], [16.93433633333333, 78.66056366666666], [16.934345666666665, 78.66056316666666], [16.934354833333334, 78.6605625], [16.934364000000002, 78.660562], [16.934373, 78.6605615], [16.934382000000003, 78.660561], [16.934391166666668, 78.6605605], [16.934400166666666, 78.66056], [16.934409333333335, 78.6605595], [16.934418333333333, 78.66055899999999], [16.934427666666668, 78.6605585], [16.934436666666667, 78.66055800000001], [16.934445999999998, 78.66055750000001], [16.934455333333336, 78.660557], [16.934464666666667, 78.6605565], [16.934473833333335, 78.660556], [16.934483166666666, 78.6605555], [16.934492499999998, 78.660555], [16.934501833333336, 78.6605545], [16.934511, 78.660554], [16.934520333333335, 78.6605535], [16.9345295, 78.660553], [16.9345385, 78.6605525], [16.934547833333333, 78.66055200000001], [16.934556833333332, 78.66055150000001], [16.934566, 78.660551], [16.934575166666665, 78.6605505], [16.93458433333333, 78.66055], [16.934593500000002, 78.66054949999999], [16.934602833333333, 78.660549], [16.934612, 78.6605485], [16.934621166666666, 78.660548], [16.9346305, 78.66054749999999], [16.934639833333332, 78.66054683333333], [16.93464883333333, 78.66054633333333], [16.934658000000002, 78.66054583333333], [16.934667333333334, 78.66054533333333], [16.934676500000002, 78.66054466666667], [16.934685833333333, 78.66054416666665], [16.934694999999998, 78.66054366666667], [16.934704166666666, 78.66054316666667], [16.9347135, 78.66054266666667], [16.93472266666667, 78.660542], [16.934731833333334, 78.6605415], [16.934741, 78.66054083333333], [16.934750333333334, 78.66054033333333], [16.9347595, 78.66053983333333], [16.934768666666667, 78.66053916666667], [16.93477783333333, 78.66053866666667], [16.93478716666667, 78.66053816666665], [16.934796333333335, 78.66053749999999], [16.9348055, 78.660537], [16.9348145, 78.6605365], [16.934823666666666, 78.66053600000001], [16.93483266666667, 78.66053533333334], [16.934841666666667, 78.66053483333333], [16.934850833333332, 78.66053433333333], [16.934859833333334, 78.66053383333333], [16.934869, 78.66053316666667], [16.934878166666667, 78.66053266666667], [16.934887166666666, 78.66053216666666], [16.93489633333333, 78.66053166666667], [16.934905333333333, 78.660531], [16.934914499999998, 78.66053050000001], [16.93492366666667, 78.66053000000001], [16.93493266666667, 78.6605295], [16.934942, 78.660529], [16.934951, 78.6605285], [16.934960166666666, 78.66052783333333], [16.93496916666667, 78.66052733333332], [16.934978166666667, 78.66052683333334], [16.934987333333332, 78.66052633333334], [16.934996333333334, 78.66052566666667], [16.9350055, 78.66052516666667], [16.9350145, 78.66052466666666], [16.9350235, 78.66052416666666], [16.9350325, 78.6605235], [16.935041666666667, 78.660523], [16.935050666666665, 78.66052233333333], [16.935059833333334, 78.66052183333333], [16.935068833333332, 78.66052116666667], [16.935077999999997, 78.66052066666666], [16.935087166666666, 78.66051999999999], [16.935096166666664, 78.66051949999999], [16.935105500000002, 78.66051900000001], [16.9351145, 78.66051833333333], [16.935123666666666, 78.66051783333334], [16.935133, 78.66051716666666], [16.935142166666665, 78.66051666666667], [16.935151166666667, 78.660516], [16.935160333333332, 78.6605155], [16.93516933333333, 78.66051483333334], [16.9351785, 78.66051433333334], [16.935187499999998, 78.66051366666667], [16.935196666666666, 78.66051316666668], [16.935205833333335, 78.66051250000001], [16.935215000000003, 78.660512], [16.935224166666668, 78.66051133333333], [16.935232833333334, 78.66051083333333], [16.935240833333335, 78.66051033333333], [16.935248333333334, 78.66050983333334], [16.935255333333334, 78.66050933333332], [16.935262, 78.660509], [16.935268, 78.66050866666666], [16.935274, 78.66050816666666], [16.9352795, 78.66050783333334], [16.935284833333334, 78.6605075], [16.935289666666666, 78.66050733333333], [16.935294166666665, 78.66050700000001], [16.935298666666665, 78.66050666666666], [16.93530283333333, 78.66050650000001], [16.935307166666668, 78.66050633333333], [16.935311000000002, 78.660506], [16.935315, 78.66050583333335], [16.935319, 78.6605055], [16.935322666666664, 78.66050533333333], [16.935326166666666, 78.66050516666665], [16.9353295, 78.660505], [16.935332833333334, 78.66050483333333], [16.935336166666666, 78.66050449999999], [16.93533933333333, 78.66050433333334], [16.9353425, 78.66050416666667], [16.9353455, 78.660504], [16.93534833333333, 78.66050383333332], [16.935351166666667, 78.66050366666667], [16.935354, 78.66050366666667], [16.935356833333334, 78.66050333333332], [16.935359333333334, 78.66050316666666], [16.93536183333333, 78.660503], [16.935364333333332, 78.66050283333334], [16.935366833333333, 78.66050283333334], [16.935369166666664, 78.66050266666666], [16.9353715, 78.66050249999999], [16.935373833333333, 78.66050233333334], [16.935376, 78.66050216666666], [16.935378166666666, 78.660502], [16.935380333333335, 78.660502], [16.9353825, 78.66050183333333], [16.9353845, 78.66050166666668], [16.9353865, 78.6605015], [16.935388333333332, 78.6605015], [16.935390166666664, 78.66050133333333], [16.935392, 78.66050116666666], [16.935393833333332, 78.66050100000001], [16.935395500000002, 78.66050083333333], [16.935397166666668, 78.66050083333333], [16.935398833333334, 78.66050066666666], [16.935400333333334, 78.6605005], [16.935401833333334, 78.6605005], [16.935403333333333, 78.66050033333333], [16.935404833333333, 78.66050033333333], [16.935406333333333, 78.66050016666667], [16.935407666666666, 78.66050016666667], [16.935409, 78.6605], [16.935410833333332, 78.6605], [16.9354135, 78.66049983333333], [16.935416999999998, 78.66049966666667], [16.935421, 78.66049933333333], [16.935425333333335, 78.660499], [16.935430166666666, 78.66049866666667], [16.935435666666667, 78.66049833333334], [16.935441500000003, 78.660498], [16.935447833333335, 78.6604975], [16.935454333333332, 78.660497], [16.935461166666666, 78.66049666666666], [16.935468333333333, 78.66049616666666], [16.9354755, 78.66049566666668], [16.93548283333333, 78.66049500000001], [16.9354905, 78.6604945], [16.935498, 78.660494], [16.935505499999998, 78.66049333333333], [16.935513, 78.66049283333334], [16.935520666666665, 78.66049233333334], [16.93552833333333, 78.66049166666667], [16.93553616666667, 78.66049116666666], [16.935544, 78.6604905], [16.935551666666665, 78.66049], [16.935559833333333, 78.66048933333333], [16.935567833333334, 78.66048883333333], [16.935575833333335, 78.66048816666667], [16.935583833333332, 78.6604875], [16.935591833333334, 78.660487], [16.935599833333335, 78.66048633333334], [16.935607666666666, 78.66048566666667], [16.935615666666667, 78.66048500000001], [16.935623833333334, 78.66048433333334], [16.935631833333332, 78.66048383333333], [16.935639833333333, 78.66048316666667], [16.935648, 78.6604825], [16.935656166666668, 78.66048183333334], [16.93566433333333, 78.66048116666666], [16.9356725, 78.66048066666667], [16.9356805, 78.66048], [16.935688666666668, 78.66047933333333], [16.93569666666667, 78.66047866666666], [16.935704833333332, 78.660478], [16.935712833333334, 78.66047733333333], [16.935720833333335, 78.66047683333333], [16.935728666666666, 78.66047616666667], [16.9357365, 78.6604755], [16.935744333333332, 78.66047483333334], [16.935752333333333, 78.66047416666667], [16.935760000000002, 78.66047350000001], [16.935767833333333, 78.66047283333334], [16.93577583333333, 78.66047216666666], [16.93578366666667, 78.6604715], [16.9357915, 78.66047083333333], [16.935799166666666, 78.66047016666667], [16.935807, 78.6604695], [16.9358145, 78.66046883333334], [16.935821999999998, 78.66046816666667], [16.935829833333333, 78.66046750000001], [16.935837666666664, 78.66046683333334], [16.935845333333337, 78.66046616666667], [16.935852833333335, 78.6604655], [16.935860833333333, 78.66046483333334], [16.9358685, 78.66046416666667], [16.935876166666667, 78.6604635], [16.935883666666665, 78.66046283333334], [16.935891, 78.66046216666668], [16.9358985, 78.66046150000001], [16.935905833333333, 78.66046083333335], [16.93591316666667, 78.66046016666665], [16.935920333333335, 78.66045949999999], [16.935927666666664, 78.66045883333332], [16.93593483333333, 78.66045816666666], [16.935942166666667, 78.66045749999999], [16.935949333333333, 78.66045683333333], [16.9359565, 78.66045600000001], [16.935963833333336, 78.66045533333333], [16.935971, 78.66045466666667], [16.935978166666665, 78.660454], [16.9359855, 78.66045333333334], [16.935992666666667, 78.66045266666667], [16.935999833333334, 78.660452], [16.936007, 78.66045116666666], [16.936014, 78.6604505], [16.936021333333333, 78.66044983333333], [16.936028500000003, 78.660449], [16.936035833333335, 78.66044833333333], [16.936042999999998, 78.66044766666667], [16.936050166666668, 78.66044683333332], [16.9360575, 78.66044616666666], [16.9360645, 78.66044533333334], [16.936071833333333, 78.66044466666668], [16.936079333333332, 78.66044400000001], [16.9360865, 78.66044316666667], [16.936093666666668, 78.6604425], [16.936100833333334, 78.66044166666667], [16.936108333333333, 78.660441], [16.936115833333336, 78.66044033333333], [16.936123000000002, 78.6604395], [16.936130166666665, 78.66043883333333], [16.936137499999997, 78.66043800000001], [16.936144833333334, 78.66043733333332], [16.936152, 78.6604365], [16.936159166666666, 78.66043583333334], [16.936166500000002, 78.660435], [16.936173666666665, 78.66043433333333], [16.936180999999998, 78.66043366666666], [16.936188166666668, 78.66043283333333], [16.936195333333334, 78.66043216666667], [16.9362025, 78.66043133333332], [16.936209666666667, 78.66043066666666], [16.936216833333333, 78.66042983333334], [16.936224, 78.66042916666667], [16.93623116666667, 78.66042833333333], [16.936238333333332, 78.66042766666666], [16.936245333333332, 78.66042683333333], [16.936252666666668, 78.66042616666667], [16.93626, 78.66042533333332], [16.936267166666667, 78.6604245], [16.936274333333333, 78.66042383333334], [16.9362815, 78.66042300000001], [16.9362885, 78.66042233333333], [16.93629566666667, 78.6604215], [16.936302833333333, 78.66042066666667], [16.936309833333333, 78.66042], [16.936317, 78.66041916666667], [16.936324333333335, 78.66041833333334], [16.936331499999998, 78.6604175], [16.936338666666664, 78.66041666666666], [16.936346166666667, 78.66041583333335], [16.936353666666665, 78.660415], [16.93636083333333, 78.66041433333334], [16.936368166666668, 78.6604135], [16.936375666666667, 78.66041266666666], [16.936383333333332, 78.66041183333333], [16.936390833333334, 78.66041100000001], [16.936398333333333, 78.66041016666667], [16.936405833333332, 78.66040916666667], [16.936413333333334, 78.66040833333334], [16.936420833333333, 78.6604075], [16.936428499999998, 78.6604065], [16.936436, 78.66040566666668], [16.9364435, 78.66040466666666], [16.936450999999998, 78.66040366666667], [16.9364585, 78.66040283333334], [16.936466166666666, 78.66040183333332], [16.93647383333333, 78.66040083333334], [16.9364815, 78.6604], [16.936489166666668, 78.66039900000001], [16.936496833333333, 78.66039816666667], [16.93650416666667, 78.66039716666667], [16.936511666666668, 78.66039633333334], [16.936518999999997, 78.6603955], [16.9365265, 78.6603945], [16.936533833333332, 78.66039366666668], [16.936541, 78.66039300000001], [16.9365485, 78.66039216666667], [16.936555666666667, 78.66039133333334], [16.936562833333333, 78.66039049999999], [16.93657016666667, 78.66038966666666], [16.9365775, 78.660389], [16.93658483333333, 78.66038833333333], [16.936592333333333, 78.6603875], [16.9365995, 78.66038683333333], [16.936606666666666, 78.660386], [16.936614000000002, 78.66038533333334], [16.936621333333335, 78.66038466666667], [16.936628666666664, 78.66038383333333], [16.936636, 78.66038316666666], [16.936643, 78.6603825], [16.936650333333333, 78.66038166666667], [16.936657500000003, 78.660381], [16.936664833333335, 78.66038033333332], [16.936671999999998, 78.6603795], [16.936679166666668, 78.66037883333334], [16.936686333333334, 78.66037816666667], [16.936693333333334, 78.66037750000001], [16.936700499999997, 78.66037683333334], [16.936707333333334, 78.660376], [16.9367145, 78.66037533333333], [16.936721666666664, 78.6603745], [16.936728833333333, 78.66037383333334], [16.936736, 78.66037316666667], [16.936743166666666, 78.66037233333333], [16.936750166666666, 78.66037166666666], [16.936757166666666, 78.66037083333335], [16.936764166666666, 78.66037016666668], [16.936771166666666, 78.66036949999999], [16.936778, 78.66036866666667], [16.936784666666664, 78.660368], [16.9367915, 78.66036733333334], [16.936798500000002, 78.66036666666668], [16.936805333333332, 78.66036583333333], [16.936812166666666, 78.66036516666667], [16.936819166666666, 78.6603645], [16.936825833333334, 78.66036383333334], [16.936832666666664, 78.66036316666667], [16.9368395, 78.6603625], [16.936846333333335, 78.66036183333334], [16.936853, 78.66036116666668], [16.936859833333333, 78.6603605], [16.936866833333333, 78.66035983333333], [16.936873666666667, 78.66035916666667], [16.93688033333333, 78.6603585], [16.93688716666667, 78.66035783333334], [16.936894166666665, 78.66035716666667], [16.936901166666665, 78.66035666666667], [16.936907833333333, 78.66035600000001], [16.936914833333333, 78.66035533333334], [16.936921833333333, 78.66035483333333], [16.936928666666667, 78.66035433333333], [16.9369355, 78.66035366666667], [16.9369425, 78.66035316666667], [16.9369495, 78.6603525], [16.936956333333335, 78.660352], [16.936963166666665, 78.66035149999999], [16.936970166666665, 78.66035083333333], [16.93697716666667, 78.66035033333333], [16.936984166666665, 78.66034983333334], [16.936991, 78.66034933333334], [16.936998000000003, 78.66034866666668], [16.937004833333333, 78.66034816666667], [16.937011833333333, 78.66034766666667], [16.937018833333333, 78.66034716666667], [16.937025833333333, 78.6603465], [16.937033, 78.66034599999999], [16.937040000000003, 78.66034549999999], [16.937047, 78.660345], [16.937054, 78.66034450000001], [16.93706116666667, 78.66034383333334], [16.937068166666666, 78.66034333333333], [16.937075166666666, 78.66034266666666], [16.937082166666666, 78.660342], [16.937089333333333, 78.6603415], [16.937096333333333, 78.66034083333334], [16.937103166666667, 78.66034016666667], [16.937109833333334, 78.66033949999999], [16.937116666666668, 78.66033883333333], [16.93712383333333, 78.660338], [16.93713066666667, 78.66033733333333], [16.93713766666667, 78.66033666666667], [16.937144666666665, 78.660336], [16.937152, 78.66033533333332], [16.937159, 78.6603345], [16.93716583333333, 78.66033383333334], [16.937172999999998, 78.66033300000001], [16.937179833333335, 78.66033233333333], [16.93718683333333, 78.66033166666666], [16.937193666666666, 78.660331], [16.93720066666667, 78.66033016666667], [16.9372075, 78.6603295], [16.9372145, 78.66032883333334], [16.937221333333333, 78.66032816666667], [16.937228333333334, 78.6603275], [16.937234999999998, 78.66032683333333], [16.937241833333335, 78.660326], [16.93724866666667, 78.66032533333333], [16.9372555, 78.66032466666667], [16.937262166666667, 78.660324], [16.937269, 78.66032333333332], [16.937276166666667, 78.66032266666666], [16.937283166666667, 78.660322], [16.93729, 78.66032133333333], [16.937296833333335, 78.6603205], [16.93730383333333, 78.66031983333333], [16.937310833333335, 78.66031916666667], [16.93731766666667, 78.66031849999999], [16.937324666666665, 78.66031783333332], [16.937331500000003, 78.66031716666666], [16.9373385, 78.6603165], [16.937345666666666, 78.66031566666668], [16.937352999999998, 78.66031500000001], [16.9373605, 78.66031416666667], [16.937368166666666, 78.66031333333333], [16.937375999999997, 78.66031249999999], [16.937384166666668, 78.66031166666667], [16.93739233333333, 78.66031083333334], [16.93740066666667, 78.66031], [16.937409, 78.66030900000001], [16.937417166666666, 78.66030816666667], [16.937425666666666, 78.66030716666667], [16.937434, 78.66030616666667], [16.937442333333333, 78.66030516666666], [16.937450666666667, 78.66030433333334], [16.937459166666667, 78.66030333333333], [16.9374675, 78.66030233333332], [16.937476, 78.66030133333334], [16.937484333333334, 78.66030033333332], [16.937492666666667, 78.66029933333333], [16.937501166666667, 78.66029833333333], [16.937509666666664, 78.66029733333333], [16.937518166666667, 78.66029633333332], [16.937526666666667, 78.66029533333334], [16.937535166666667, 78.66029433333333], [16.9375435, 78.66029333333333], [16.937552, 78.66029233333333], [16.9375605, 78.66029133333333], [16.937569166666666, 78.66029016666667], [16.937577833333332, 78.66028916666667], [16.937586333333336, 78.66028816666667], [16.937594999999998, 78.66028716666666], [16.937603833333334, 78.66028616666668], [16.9376125, 78.66028516666667], [16.937621, 78.660284], [16.937629833333336, 78.66028299999999], [16.937638333333332, 78.66028200000001], [16.937647000000002, 78.660281], [16.9376555, 78.66028], [16.937664166666664, 78.660279], [16.9376725, 78.660278], [16.937681166666668, 78.660277], [16.937689666666664, 78.66027600000001], [16.937698333333334, 78.66027483333333], [16.937707, 78.66027383333333], [16.937715500000003, 78.66027283333332], [16.937724333333332, 78.66027183333334], [16.93773283333333, 78.66027083333333], [16.937741333333335, 78.66026983333333], [16.93775, 78.66026883333333], [16.937758666666664, 78.66026783333334], [16.937767166666667, 78.66026683333332], [16.937775666666667, 78.66026583333334], [16.937784333333333, 78.66026466666668], [16.937792833333333, 78.66026366666667], [16.937801666666665, 78.66026283333333], [16.93781016666667, 78.66026183333334], [16.93781883333333, 78.66026083333333], [16.937827666666667, 78.66025983333334], [16.937836166666667, 78.66025883333333], [16.937844833333333, 78.66025783333333], [16.937853500000003, 78.66025683333334], [16.937862166666665, 78.66025583333334], [16.937870999999998, 78.66025483333333], [16.937879833333334, 78.66025383333334], [16.937888333333333, 78.66025283333333], [16.937897, 78.660252], [16.9379055, 78.66025083333334], [16.937914166666665, 78.66024999999999], [16.937923, 78.66024900000001], [16.937931499999998, 78.660248], [16.937940166666667, 78.660247], [16.937949, 78.660246], [16.937957666666666, 78.66024516666667], [16.9379665, 78.66024416666667], [16.937975166666668, 78.66024316666667], [16.93798383333333, 78.66024233333333], [16.9379925, 78.66024133333333], [16.938001166666666, 78.66024033333333], [16.938009833333336, 78.6602395], [16.9380185, 78.6602385], [16.93802733333333, 78.66023766666667], [16.938036, 78.66023666666666], [16.938044833333333, 78.66023583333335], [16.93805366666667, 78.66023483333333], [16.938062333333335, 78.660234], [16.938071333333333, 78.660233], [16.93808016666667, 78.66023216666667], [16.938088999999998, 78.66023116666666], [16.938097833333334, 78.66023033333333], [16.938106833333332, 78.66022933333333], [16.9381155, 78.66022849999999], [16.9381245, 78.66022766666667], [16.938133333333333, 78.66022666666666], [16.938142000000003, 78.66022583333333], [16.938151, 78.66022500000001], [16.938159833333334, 78.660224], [16.938168666666666, 78.66022316666667], [16.938177666666665, 78.66022216666667], [16.938186666666663, 78.66022133333333], [16.938195333333333, 78.66022033333334], [16.938203666666666, 78.6602195], [16.938211333333335, 78.66021866666667], [16.9382185, 78.660218], [16.938225, 78.66021716666667], [16.938231166666665, 78.66021649999999], [16.938236833333335, 78.66021583333333], [16.938242333333335, 78.66021533333333], [16.9382475, 78.66021466666666], [16.938252499999997, 78.66021416666668], [16.938257166666666, 78.66021366666668], [16.938261666666666, 78.66021316666667], [16.938266, 78.66021266666667], [16.93827, 78.66021233333332], [16.938274, 78.66021183333334], [16.938277666666668, 78.6602115], [16.938281333333336, 78.66021099999999], [16.938284833333334, 78.66021066666667], [16.938288333333333, 78.66021016666667], [16.9382915, 78.66020983333333], [16.938294666666664, 78.66020950000001], [16.938297833333333, 78.66020916666666], [16.938300833333336, 78.66020883333334], [16.938304000000002, 78.6602085], [16.938306666666666, 78.66020816666668], [16.938309333333333, 78.66020783333333], [16.938312, 78.6602075], [16.9383145, 78.66020733333333], [16.938317166666664, 78.660207], [16.9383195, 78.66020666666667], [16.938321833333337, 78.66020633333332], [16.938324166666668, 78.660206], [16.938326500000002, 78.66020566666666], [16.938328833333333, 78.66020533333334], [16.938330833333335, 78.66020499999999], [16.938333, 78.66020466666667], [16.938335166666665, 78.66020433333333], [16.938337, 78.66020416666667], [16.938339166666665, 78.66020383333333], [16.938340999999998, 78.66020350000001], [16.938343, 78.66020316666666], [16.938344833333336, 78.660203], [16.938346666666668, 78.66020266666666], [16.938348666666666, 78.66020233333333], [16.938350166666666, 78.66020216666668], [16.938352000000002, 78.66020183333333], [16.938353666666668, 78.66020166666667], [16.9383555, 78.66020133333333], [16.938357, 78.66020116666667], [16.938358666666666, 78.66020083333333], [16.938360166666666, 78.6602005], [16.938361999999998, 78.66020033333332], [16.93836333333333, 78.6602], [16.93836483333333, 78.66019983333334], [16.93836633333333, 78.6601995], [16.938367833333334, 78.66019916666667], [16.938369333333334, 78.66019899999999], [16.9383705, 78.66019866666667], [16.938372166666667, 78.66019833333333], [16.938373333333335, 78.66019816666667], [16.938374666666668, 78.66019783333333], [16.938376, 78.66019766666666], [16.938377333333335, 78.66019733333333], [16.938378666666665, 78.660197], [16.938379833333332, 78.66019683333334], [16.938381166666666, 78.6601965], [16.938382333333333, 78.66019616666668], [16.9383835, 78.660196], [16.938384666666664, 78.66019566666667], [16.93838583333333, 78.66019533333333], [16.938387, 78.66019516666667], [16.938388166666666, 78.66019483333334], [16.938389333333337, 78.66019466666667], [16.9383905, 78.66019433333332], [16.938391666666668, 78.660194], [16.938392833333335, 78.66019383333334], [16.938394000000002, 78.6601935], [16.938395, 78.66019316666667], [16.938396166666667, 78.66019299999999], [16.938397166666668, 78.66019266666667], [16.938398166666666, 78.6601925], [16.938399166666667, 78.66019216666668], [16.938400166666668, 78.66019183333333], [16.938401166666665, 78.66019166666666], [16.938402166666666, 78.66019133333333], [16.938403333333333, 78.66019116666666], [16.938404166666665, 78.66019083333335], [16.938405166666666, 78.66019066666667], [16.938406166666667, 78.66019033333333], [16.938407166666664, 78.66019], [16.938408166666665, 78.66018983333333], [16.938409166666666, 78.66018949999999], [16.938410166666664, 78.66018933333334], [16.938411, 78.660189], [16.93841183333333, 78.66018866666667], [16.938412666666668, 78.66018833333332], [16.938413500000003, 78.66018816666666], [16.938414333333334, 78.66018783333334], [16.93841516666667, 78.66018766666666], [16.938416, 78.66018733333334], [16.938416833333335, 78.66018716666667], [16.938417666666666, 78.66018683333333], [16.938418333333335, 78.6601865], [16.938419, 78.66018633333333], [16.938419833333334, 78.66018600000001], [16.9384205, 78.66018566666666], [16.938421, 78.66018533333333], [16.9384215, 78.66018516666666], [16.938422166666665, 78.66018483333333], [16.9384225, 78.66018466666667], [16.938423166666666, 78.66018433333333], [16.9384235, 78.66018416666667], [16.93842383333333, 78.66018383333333], [16.938424166666668, 78.66018349999999], [16.9384245, 78.66018333333334], [16.938424666666666, 78.660183], [16.938424833333332, 78.66018283333332], [16.938425166666665, 78.6601825], [16.938425166666665, 78.66018233333332], [16.93842533333333, 78.660182], [16.9384255, 78.66018183333334], [16.938425833333334, 78.6601815], [16.938426, 78.66018133333334], [16.938426166666666, 78.660181], [16.938426666666665, 78.66018066666668], [16.938426666666665, 78.6601805], [16.9384265, 78.66018033333333], [16.9384265, 78.66018016666666], [16.93842683333333, 78.66017983333333], [16.93842683333333, 78.66017966666666], [16.93842683333333, 78.6601795], [16.938427, 78.66017933333333], [16.938427, 78.66017916666667], [16.938427166666667, 78.660179], [16.9384275, 78.66017883333333], [16.9384275, 78.66017866666667], [16.938428, 78.6601785], [16.938428666666667, 78.66017833333333], [16.938429166666666, 78.66017816666667], [16.93843, 78.660178], [16.93843083333333, 78.660178], [16.938431666666666, 78.66017783333334], [16.93843283333333, 78.66017766666667], [16.93843383333333, 78.66017766666667], [16.938434833333336, 78.66017749999999], [16.9384355, 78.66017749999999], [16.938436333333335, 78.66017733333334], [16.938437, 78.66017733333334], [16.938437500000003, 78.66017733333334], [16.938438, 78.66017716666667], [16.9384385, 78.66017716666667], [16.938438833333333, 78.66017716666667], [16.938439333333335, 78.66017716666667], [16.9384395, 78.66017716666667], [16.938439833333334, 78.66017716666667], [16.938440166666666, 78.66017716666667], [16.938440500000002, 78.66017716666667], [16.93844066666667, 78.660177], [16.938440833333335, 78.660177], [16.938441, 78.660177], [16.938441333333333, 78.660177], [16.938441333333333, 78.660177], [16.938441333333333, 78.660177], [16.9384415, 78.660177], [16.9384415, 78.660177], [16.938441666666666, 78.660177], [16.9384415, 78.660177], [16.9384415, 78.660177], [16.9384415, 78.660177], [16.938441333333333, 78.66017683333332], [16.938441333333333, 78.66017683333332], [16.938441, 78.66017683333332], [16.938440833333335, 78.66017666666667], [16.938440500000002, 78.66017666666667], [16.938440333333332, 78.6601765], [16.938440333333332, 78.6601765], [16.938440166666666, 78.66017633333333], [16.93844, 78.66017633333333], [16.93844, 78.66017616666666], [16.938439833333334, 78.660176], [16.938439833333334, 78.660176], [16.938439833333334, 78.66017583333334], [16.938439833333334, 78.66017583333334], [16.938439666666667, 78.66017566666666], [16.9384395, 78.6601755], [16.938439333333335, 78.6601755], [16.9384395, 78.66017533333334], [16.938439333333335, 78.66017516666668], [16.93843916666667, 78.660175], [16.938439000000002, 78.660175], [16.938438833333333, 78.66017483333333], [16.938438833333333, 78.66017466666668], [16.9384385, 78.66017466666668], [16.938438166666668, 78.6601745], [16.938438, 78.66017433333333], [16.938437833333335, 78.66017433333333], [16.938437500000003, 78.66017416666666], [16.938437166666667, 78.66017416666666], [16.938436833333334, 78.66017400000001], [16.9384365, 78.66017400000001], [16.938436333333335, 78.66017383333333], [16.938435833333333, 78.66017383333333], [16.938435666666667, 78.66017383333333], [16.938435333333334, 78.66017366666667], [16.938435000000002, 78.66017366666667], [16.93843466666667, 78.66017366666667], [16.938434166666664, 78.6601735], [16.93843383333333, 78.6601735], [16.938433666666665, 78.66017333333333], [16.938433333333332, 78.66017333333333], [16.93843283333333, 78.66017316666667], [16.938432666666664, 78.66017316666667], [16.938432166666665, 78.66017316666667], [16.938431833333333, 78.660173], [16.938431666666666, 78.660173], [16.938431166666664, 78.660173], [16.938430666666665, 78.660173], [16.938430166666667, 78.66017283333333], [16.93842983333333, 78.66017283333333], [16.938429499999998, 78.66017283333333], [16.938429, 78.66017266666667], [16.938428666666667, 78.66017266666667], [16.93842833333333, 78.66017266666667], [16.938427833333332, 78.66017266666667], [16.9384275, 78.6601725], [16.938427, 78.6601725], [16.938426666666665, 78.66017233333334], [16.938426166666666, 78.66017233333334], [16.938425833333334, 78.66017216666667], [16.938425666666667, 78.66017216666667], [16.9384255, 78.66017216666667], [16.938425, 78.660172], [16.938424833333332, 78.66017183333334], [16.9384245, 78.66017183333334], [16.938424166666668, 78.66017183333334], [16.938424, 78.66017166666667], [16.93842383333333, 78.66017166666667], [16.938423333333333, 78.66017166666667], [16.938423333333333, 78.66017149999999], [16.938423166666666, 78.66017149999999], [16.938422833333334, 78.66017133333334], [16.938422666666668, 78.66017133333334], [16.9384225, 78.66017133333334], [16.93842233333333, 78.66017116666667], [16.938422, 78.66017116666667], [16.938421833333333, 78.660171], [16.9384215, 78.66017083333332], [16.938421166666668, 78.66017083333332], [16.938420833333332, 78.66017066666667], [16.938420666666666, 78.66017066666667], [16.938420333333333, 78.6601705], [16.93842, 78.6601705], [16.938419500000002, 78.66017033333333], [16.938419166666666, 78.66017033333333], [16.938418666666667, 78.66017033333333], [16.938418333333335, 78.66017016666666], [16.938418000000002, 78.66017016666666], [16.9384175, 78.66017000000001], [16.938417, 78.66017000000001], [16.93841666666667, 78.66017000000001], [16.938416333333333, 78.66016983333334], [16.938415833333334, 78.66016983333334], [16.9384155, 78.66016983333334], [16.938415000000003, 78.66016966666666], [16.938414666666667, 78.66016966666666], [16.938414166666668, 78.66016966666666], [16.938413833333335, 78.6601695], [16.938413500000003, 78.6601695], [16.938413166666667, 78.6601695], [16.938412833333334, 78.66016933333334], [16.938412500000002, 78.66016933333334], [16.93841216666667, 78.66016933333334], [16.938412000000003, 78.66016916666668], [16.93841183333333, 78.66016916666668], [16.938411666666664, 78.66016916666668], [16.93841133333333, 78.66016916666668], [16.938410833333332, 78.660169], [16.938410666666666, 78.660169], [16.938410166666664, 78.660169], [16.938409999999998, 78.66016883333333], [16.93840983333333, 78.66016883333333], [16.9384095, 78.66016883333333], [16.938409333333333, 78.66016866666668], [16.938409166666666, 78.66016866666668], [16.938408833333334, 78.66016866666668], [16.938408499999998, 78.6601685], [16.938408499999998, 78.6601685], [16.938408166666665, 78.6601685], [16.938407833333333, 78.66016833333333], [16.9384075, 78.66016833333333], [16.938407166666664, 78.66016833333333], [16.938406999999998, 78.66016833333333], [16.93840683333333, 78.66016816666667], [16.938406333333333, 78.66016816666667], [16.938406, 78.66016800000001], [16.938405666666664, 78.66016800000001], [16.938405166666666, 78.66016800000001], [16.938404666666667, 78.66016783333333], [16.938404, 78.66016783333333], [16.938403666666666, 78.66016766666667], [16.938403, 78.6601675], [16.9384025, 78.6601675], [16.938402166666666, 78.6601675], [16.938401666666667, 78.66016733333332], [16.938401333333335, 78.66016716666667], [16.938400666666666, 78.66016716666667], [16.938400166666668, 78.660167], [16.938399833333335, 78.660167], [16.9383995, 78.66016683333334], [16.938399166666667, 78.66016683333334], [16.938398833333334, 78.66016666666665], [16.938398666666668, 78.66016666666665], [16.938398333333335, 78.6601665], [16.938398166666666, 78.6601665], [16.938397833333333, 78.66016633333334], [16.9383975, 78.66016633333334], [16.938397333333334, 78.66016616666667], [16.938397166666668, 78.66016616666667], [16.938396833333336, 78.66016599999999], [16.938396666666666, 78.66016599999999], [16.938396333333333, 78.66016599999999], [16.938396166666667, 78.66016583333334], [16.938395833333335, 78.66016583333334], [16.938395333333336, 78.66016566666667], [16.938395333333336, 78.66016566666667], [16.938394833333334, 78.66016549999999], [16.9383945, 78.66016549999999], [16.93839416666667, 78.66016533333332], [16.938393666666666, 78.66016516666667], [16.9383935, 78.66016516666667], [16.938393166666668, 78.660165], [16.938393, 78.660165], [16.938392500000003, 78.66016483333333], [16.938392166666667, 78.66016483333333], [16.938392, 78.66016466666666], [16.938391833333334, 78.66016466666666], [16.938392, 78.66016450000001], [16.938392500000003, 78.66016433333333], [16.9383935, 78.66016433333333], [16.938394666666667, 78.66016416666666], [16.938396166666667, 78.66016416666666], [16.938397666666667, 78.660164], [16.938399, 78.660164], [16.938400333333334, 78.66016383333334], [16.938401833333334, 78.66016366666666], [16.938403333333333, 78.66016366666666], [16.9384045, 78.6601635], [16.938405833333334, 78.6601635], [16.938407166666664, 78.66016333333333], [16.93840833333333, 78.66016333333333], [16.938409666666665, 78.66016316666668], [16.938411, 78.66016316666668], [16.93841216666667, 78.660163], [16.938413333333333, 78.660163], [16.938414666666667, 78.66016283333333], [16.938415666666668, 78.66016283333333], [16.938416833333335, 78.66016266666666], [16.938417833333332, 78.6601625], [16.938418833333333, 78.6601625], [16.938419833333334, 78.6601625], [16.938420833333332, 78.66016233333333], [16.938422, 78.66016233333333], [16.938423, 78.66016216666667], [16.938424, 78.660162], [16.938425, 78.660162], [16.938426, 78.660162], [16.938427, 78.66016183333333], [16.938428, 78.66016183333333], [16.938429166666666, 78.66016166666667], [16.938430333333333, 78.66016166666667], [16.93843133333333, 78.66016166666667], [16.93843233333333, 78.6601615], [16.9384335, 78.6601615], [16.93843466666667, 78.6601615], [16.938435666666667, 78.66016133333332], [16.938436666666668, 78.66016133333332], [16.93843766666667, 78.66016116666667], [16.938438833333333, 78.66016116666667], [16.938439833333334, 78.660161], [16.938440833333335, 78.660161], [16.938441833333332, 78.66016083333334], [16.938442833333333, 78.66016083333334], [16.938443833333334, 78.66016083333334], [16.93844483333333, 78.66016066666666], [16.938445833333333, 78.66016066666666], [16.938446666666668, 78.6601605], [16.938447666666665, 78.6601605], [16.9384485, 78.66016033333334], [16.9384495, 78.66016033333334], [16.938450333333332, 78.66016016666667], [16.938451166666667, 78.66016016666667], [16.938452166666664, 78.66015999999999], [16.938453, 78.66015999999999], [16.938453666666664, 78.66015983333334], [16.93845483333333, 78.66015966666667], [16.938455666666666, 78.66015966666667], [16.93845633333333, 78.66015949999999], [16.93845716666667, 78.66015949999999], [16.938458166666667, 78.66015933333333], [16.938458833333335, 78.66015933333333], [16.938459333333334, 78.66015916666667], [16.938459833333333, 78.66015916666667], [16.9384605, 78.66015916666667], [16.938461166666666, 78.66015900000001], [16.93846166666667, 78.66015900000001], [16.938462333333334, 78.66015900000001], [16.938462833333332, 78.66015883333333], [16.93846316666667, 78.66015883333333], [16.938463666666667, 78.66015883333333], [16.938464, 78.66015883333333], [16.938464500000002, 78.66015883333333], [16.938464833333335, 78.66015866666666], [16.938465166666667, 78.66015866666666], [16.9384655, 78.66015866666666], [16.938465666666666, 78.66015866666666], [16.938466000000002, 78.66015866666666], [16.938466333333334, 78.66015866666666], [16.9384665, 78.66015866666666], [16.938466666666667, 78.66015866666666], [16.938467, 78.66015866666666], [16.93846733333333, 78.66015866666666], [16.9384675, 78.66015850000001], [16.938467833333334, 78.66015850000001], [16.938468, 78.66015850000001], [16.938468333333333, 78.66015850000001], [16.938468333333333, 78.66015833333333], [16.938468666666665, 78.66015833333333], [16.93846883333333, 78.66015833333333], [16.938469, 78.66015833333333], [16.938469166666668, 78.66015833333333], [16.9384695, 78.66015816666666], [16.938469666666666, 78.66015816666666], [16.93847, 78.66015816666666], [16.93847, 78.66015816666666], [16.938470166666665, 78.660158], [16.93847033333333, 78.660158], [16.93847033333333, 78.660158], [16.93847033333333, 78.660158], [16.9384705, 78.66015783333334], [16.93847033333333, 78.66015783333334], [16.93847033333333, 78.66015783333334], [16.93847033333333, 78.66015766666666], [16.93847033333333, 78.66015766666666], [16.93847033333333, 78.66015766666666], [16.938470166666665, 78.6601575], [16.938470166666665, 78.6601575], [16.93847, 78.6601575], [16.93847, 78.66015733333333], [16.93847, 78.66015716666668], [16.93847, 78.66015716666668], [16.93847, 78.660157], [16.938470166666665, 78.660157], [16.93847033333333, 78.66015683333333], [16.93847, 78.66015683333333], [16.938470166666665, 78.66015666666667], [16.938470166666665, 78.66015666666667], [16.938470166666665, 78.6601565], [16.938470166666665, 78.6601565], [16.938470166666665, 78.66015633333333], [16.93847033333333, 78.66015616666667], [16.93847033333333, 78.66015616666667], [16.938470166666665, 78.660156], [16.938470166666665, 78.660156], [16.938470166666665, 78.66015583333333], [16.938470166666665, 78.66015583333333], [16.93847033333333, 78.66015566666667], [16.93847033333333, 78.66015566666667], [16.93847033333333, 78.6601555], [16.9384705, 78.6601555], [16.9384705, 78.66015533333332], [16.9384705, 78.66015533333332], [16.938470666666667, 78.66015516666667], [16.938470833333334, 78.66015516666667], [16.938471, 78.660155], [16.938471166666666, 78.660155], [16.9384715, 78.66015483333334], [16.938471666666665, 78.66015466666666], [16.93847183333333, 78.66015466666666], [16.938472, 78.6601545], [16.938472166666667, 78.6601545], [16.9384725, 78.66015433333334], [16.938472666666666, 78.66015416666667], [16.938472833333332, 78.66015399999999], [16.938473166666665, 78.66015399999999], [16.9384735, 78.66015383333334], [16.938473666666667, 78.66015383333334], [16.938474, 78.66015366666667], [16.938474333333332, 78.66015349999999], [16.938474499999998, 78.66015333333333], [16.938474666666664, 78.66015333333333], [16.93847483333333, 78.66015316666667], [16.938475166666667, 78.66015316666667], [16.938475333333333, 78.66015300000001], [16.9384755, 78.66015300000001], [16.938475666666665, 78.66015283333333], [16.93847583333333, 78.66015283333333], [16.93847583333333, 78.66015266666666], [16.938475999999998, 78.66015266666666], [16.93847583333333, 78.66015250000001], [16.938475999999998, 78.66015250000001], [16.938475999999998, 78.66015250000001], [16.938476166666664, 78.66015233333333], [16.938475999999998, 78.66015233333333], [16.938476166666664, 78.66015216666666], [16.938476166666664, 78.66015216666666], [16.93847633333333, 78.66015216666666], [16.9384765, 78.660152], [16.938476833333333, 78.660152], [16.938477166666665, 78.660152], [16.938477499999998, 78.66015183333334], [16.93847783333333, 78.66015183333334], [16.938478333333332, 78.66015183333334], [16.938478999999997, 78.66015166666666], [16.938479833333336, 78.66015166666666], [16.938480666666667, 78.6601515], [16.938481666666668, 78.6601515], [16.938482833333335, 78.66015133333333], [16.93848416666667, 78.66015116666668], [16.93848566666667, 78.660151], [16.938487000000002, 78.660151], [16.938488500000002, 78.66015083333333], [16.9384905, 78.66015066666667], [16.938492333333333, 78.6601505], [16.93849433333333, 78.66015016666667], [16.938496333333333, 78.66015], [16.938498499999998, 78.66014983333334], [16.938500666666666, 78.6601495], [16.938503, 78.66014933333332], [16.938505333333335, 78.66014916666667], [16.938508000000002, 78.66014883333334], [16.9385105, 78.66014866666666], [16.938513166666667, 78.6601485], [16.938516, 78.66014816666667], [16.938518666666667, 78.66014799999999], [16.93852133333333, 78.66014766666667], [16.938524166666664, 78.6601475], [16.938527, 78.66014716666668], [16.93853, 78.66014700000001], [16.938533, 78.66014683333333], [16.938536, 78.66014650000001], [16.938539, 78.66014616666666], [16.938541999999998, 78.660146], [16.93854533333333, 78.66014566666666], [16.938548500000003, 78.6601455], [16.93855166666667, 78.66014516666668], [16.938555, 78.660145], [16.938558166666667, 78.66014466666667], [16.9385615, 78.66014449999999], [16.93856483333333, 78.66014433333333], [16.938568, 78.660144], [16.938571333333336, 78.66014383333332], [16.938574666666668, 78.6601435], [16.938578, 78.66014333333332], [16.93858133333333, 78.660143], [16.938584666666667, 78.66014283333334], [16.938588, 78.66014249999999], [16.93859133333333, 78.66014216666667], [16.938594666666667, 78.660142], [16.938598000000002, 78.66014166666668], [16.938601333333335, 78.6601415], [16.938604666666667, 78.66014116666666], [16.938608, 78.66014100000001], [16.938611166666664, 78.66014066666666], [16.93861433333333, 78.6601405], [16.93861766666667, 78.66014016666666], [16.938620833333335, 78.66014], [16.938624, 78.66013983333333], [16.938627, 78.6601395], [16.93863, 78.66013933333333], [16.938633166666666, 78.66013916666667], [16.938636166666665, 78.660139], [16.938639333333334, 78.66013883333333], [16.938642166666668, 78.66013866666667], [16.938645333333334, 78.66013833333334], [16.938648166666667, 78.66013816666667], [16.938651333333333, 78.660138], [16.938654166666666, 78.66013783333332], [16.938657166666665, 78.66013766666667], [16.93866016666667, 78.6601375], [16.938663333333334, 78.66013733333332], [16.938666166666668, 78.66013716666666], [16.938669166666667, 78.660137], [16.938672166666667, 78.66013683333334], [16.938675166666666, 78.66013666666666], [16.938678166666666, 78.6601365], [16.938681, 78.66013633333334], [16.938684000000002, 78.66013616666667], [16.938687, 78.660136], [16.93869, 78.66013583333333], [16.938693, 78.66013566666668], [16.938696, 78.6601355], [16.938699, 78.66013516666666], [16.938702166666666, 78.66013500000001], [16.938705000000002, 78.66013483333333], [16.938708000000002, 78.66013466666666], [16.938711, 78.6601345], [16.938714, 78.66013433333333], [16.938717166666667, 78.66013416666667], [16.938720166666666, 78.660134], [16.938723, 78.66013383333333], [16.938725833333333, 78.66013383333333], [16.938728833333336, 78.66013366666667], [16.9387315, 78.6601335], [16.938734333333333, 78.66013333333333], [16.938737, 78.66013316666667], [16.938739666666667, 78.660133], [16.938742333333334, 78.66013283333334], [16.938745166666667, 78.66013266666667], [16.938747666666664, 78.66013249999999], [16.938750333333335, 78.66013233333334], [16.938752833333336, 78.66013233333334], [16.9387555, 78.66013216666667], [16.938758166666666, 78.660132], [16.938760666666667, 78.660132], [16.938763166666668, 78.66013183333332], [16.93876583333333, 78.66013166666667], [16.938768333333332, 78.6601315], [16.938771, 78.66013133333333], [16.9387735, 78.66013116666666], [16.938776, 78.660131], [16.938778333333335, 78.66013083333334], [16.938780833333333, 78.66013083333334], [16.938783333333333, 78.66013066666666], [16.938785833333334, 78.6601305], [16.93878833333333, 78.66013033333334], [16.938791166666665, 78.66013016666668], [16.93879383333333, 78.66013], [16.93879666666667, 78.66012983333333], [16.938799500000002, 78.66012966666668], [16.938802333333335, 78.6601295], [16.938805, 78.66012933333333], [16.938807833333332, 78.66012916666666], [16.938810666666665, 78.66012900000001], [16.938813333333332, 78.66012883333333], [16.938816, 78.66012866666667], [16.938818833333336, 78.6601285], [16.9388215, 78.66012833333333], [16.938824166666667, 78.660128], [16.938826833333334, 78.66012783333333], [16.9388295, 78.66012766666667], [16.938832166666668, 78.6601275], [16.93883483333333, 78.66012733333334], [16.938837499999998, 78.66012716666667], [16.93884016666667, 78.660127], [16.938843000000002, 78.66012683333334], [16.93884566666667, 78.66012649999999], [16.938848166666666, 78.66012633333334], [16.938851, 78.66012616666667], [16.938853666666667, 78.66012583333332], [16.938856333333334, 78.66012566666667], [16.938859333333333, 78.6601255], [16.93886216666667, 78.66012533333333], [16.938865, 78.66012500000001], [16.938867833333333, 78.66012483333334], [16.938870833333333, 78.6601245], [16.938873833333332, 78.66012433333334], [16.938876999999998, 78.660124], [16.938879999999997, 78.66012383333333], [16.938883333333333, 78.6601235], [16.93888666666667, 78.66012333333333], [16.93889, 78.66012300000001], [16.9388935, 78.66012283333333], [16.938897, 78.6601225], [16.9389005, 78.66012216666667], [16.938904333333333, 78.66012183333333], [16.938908, 78.6601215], [16.9389115, 78.66012133333334], [16.938915333333334, 78.66012099999999], [16.938919, 78.66012049999999], [16.938922833333333, 78.66012016666667], [16.938926666666667, 78.66011983333333], [16.938930666666668, 78.66011950000001], [16.93893466666667, 78.66011916666666], [16.938938666666665, 78.66011883333334], [16.9389425, 78.66011833333333], [16.938945999999998, 78.660118], [16.93895, 78.66011766666666], [16.938953833333336, 78.66011733333333], [16.938957833333333, 78.66011683333333], [16.938962, 78.6601165], [16.938966166666667, 78.660116], [16.938970166666664, 78.6601155], [16.93897433333333, 78.66011516666667], [16.938978333333335, 78.66011466666667], [16.938982333333335, 78.66011416666667], [16.9389865, 78.66011383333333], [16.9389905, 78.66011333333333], [16.938994666666666, 78.66011283333334], [16.938999000000003, 78.66011233333333], [16.939003500000002, 78.660112], [16.939007666666665, 78.6601115], [16.939011999999998, 78.660111], [16.939016499999997, 78.6601105], [16.939020833333334, 78.66011], [16.939025333333333, 78.6601095], [16.9390295, 78.66010916666667], [16.939034, 78.66010849999999], [16.939038166666666, 78.66010800000001], [16.93904266666667, 78.66010750000001], [16.939046666666666, 78.660107], [16.939050166666668, 78.66010666666666], [16.939054, 78.66010616666668], [16.939057333333334, 78.66010566666667], [16.939060833333333, 78.66010516666667], [16.939063833333332, 78.66010483333334], [16.939067, 78.66010433333332], [16.93907, 78.660104], [16.939072833333334, 78.6601035], [16.939075666666668, 78.66010316666667], [16.939078333333335, 78.66010266666667], [16.939080833333332, 78.66010233333333], [16.9390835, 78.66010200000001], [16.939085833333333, 78.66010166666666], [16.939088166666668, 78.66010116666666], [16.939090166666666, 78.66010083333335], [16.939092333333335, 78.6601005], [16.939094333333333, 78.66010016666668], [16.9390965, 78.66009983333333], [16.9390985, 78.66009966666667], [16.9391005, 78.66009933333333], [16.939102333333334, 78.660099], [16.939104333333333, 78.66009866666667], [16.939106166666665, 78.66009833333332], [16.939107999999997, 78.660098], [16.939109833333337, 78.66009766666666], [16.93911166666667, 78.66009749999999], [16.9391135, 78.66009716666667], [16.939115333333334, 78.66009683333333], [16.939117166666666, 78.6600965], [16.939119, 78.66009616666666], [16.939120666666668, 78.66009600000001], [16.939122333333334, 78.66009566666666], [16.939124, 78.66009533333333], [16.9391255, 78.66009516666666], [16.939127166666665, 78.66009483333333], [16.939128666666665, 78.6600945], [16.939130166666665, 78.66009416666667], [16.939131666666665, 78.660094], [16.939133166666668, 78.66009366666667], [16.9391345, 78.66009333333334], [16.939136, 78.660093], [16.93913716666667, 78.66009283333332], [16.939138500000002, 78.6600925], [16.939139666666666, 78.66009216666666], [16.939141, 78.66009183333334], [16.939141833333334, 78.66009166666666], [16.939142833333335, 78.66009133333334], [16.939143833333333, 78.660091], [16.939144666666667, 78.66009083333333], [16.9391455, 78.6600905], [16.939146166666667, 78.66009033333333], [16.939147, 78.66009000000001], [16.939148, 78.66008966666666], [16.939148666666664, 78.6600895], [16.9391495, 78.66008916666667], [16.939150166666664, 78.66008883333333], [16.939151, 78.66008866666667], [16.939151833333334, 78.66008833333333], [16.939152666666665, 78.660088], [16.9391535, 78.66008783333334], [16.93915433333333, 78.66008749999999], [16.93915516666667, 78.66008716666667], [16.939155833333334, 78.660087], [16.939156500000003, 78.66008666666667], [16.939157166666668, 78.6600865], [16.939157666666667, 78.66008616666666], [16.939158000000003, 78.660086], [16.939158333333335, 78.66008566666666], [16.9391585, 78.6600855], [16.939158666666668, 78.66008516666668], [16.9391585, 78.660085], [16.939158333333335, 78.66008483333333], [16.939158333333335, 78.66008466666668], [16.939158333333335, 78.66008433333333], [16.9391585, 78.66008416666666], [16.939158666666668, 78.66008400000001], [16.939158833333334, 78.66008366666667], [16.939158833333334, 78.6600835], [16.939159, 78.66008316666667], [16.939159, 78.660083], [16.939159, 78.66008283333333], [16.939158833333334, 78.66008266666667], [16.939158666666668, 78.66008233333334], [16.939158666666668, 78.66008216666667], [16.939158666666668, 78.660082], [16.939158833333334, 78.66008166666667], [16.939159333333336, 78.66008133333334], [16.939160333333334, 78.66008083333332], [16.939161666666667, 78.66008033333333], [16.939163666666666, 78.66007966666666], [16.939166666666665, 78.66007883333333], [16.939170333333333, 78.66007783333333], [16.939174833333333, 78.6600765], [16.9391795, 78.66007533333332], [16.9391845, 78.660074], [16.939189833333334, 78.6600725], [16.93919483333333, 78.660071], [16.939199666666664, 78.66006966666667], [16.939204166666666, 78.66006850000001], [16.939208333333333, 78.66006733333333], [16.939212166666668, 78.66006616666667], [16.939215666666666, 78.66006516666667], [16.939219166666664, 78.66006416666667], [16.939221999999997, 78.66006316666667], [16.939224833333334, 78.66006233333333], [16.939227666666667, 78.6600615], [16.93923016666667, 78.66006066666667], [16.939232666666665, 78.66006], [16.939235, 78.66005916666667], [16.939237, 78.6600585], [16.939239166666667, 78.66005783333334], [16.939241166666665, 78.66005716666668], [16.939242999999998, 78.66005650000001], [16.939244666666664, 78.66005583333335], [16.939246333333333, 78.66005516666668], [16.939248000000003, 78.66005466666667], [16.939249500000003, 78.660054], [16.939251000000002, 78.6600535], [16.939252333333332, 78.66005283333334], [16.939253666666666, 78.66005233333334], [16.939255, 78.66005183333333], [16.939256333333333, 78.66005116666666], [16.939257666666666, 78.66005066666666], [16.939258833333334, 78.66005016666666], [16.939260166666667, 78.66004966666667], [16.9392615, 78.66004916666667], [16.93926283333333, 78.66004866666667], [16.939264166666664, 78.66004816666667], [16.939265666666664, 78.66004766666667], [16.939267166666664, 78.66004716666666], [16.939268666666667, 78.66004683333334], [16.939270333333333, 78.66004649999999], [16.939272000000003, 78.66004616666667], [16.939273833333335, 78.66004583333333], [16.939275666666667, 78.66004566666668], [16.9392775, 78.66004533333333], [16.939279666666668, 78.66004516666666], [16.939281666666666, 78.66004483333333], [16.93928383333333, 78.66004466666666], [16.939285833333333, 78.6600445], [16.93928783333333, 78.66004416666667], [16.93928983333333, 78.660044], [16.939291500000003, 78.66004383333333], [16.939293333333335, 78.66004366666667], [16.939295, 78.66004333333333], [16.939296666666667, 78.66004316666667], [16.939298333333333, 78.660043], [16.9393, 78.66004283333334], [16.9393015, 78.66004266666667], [16.939303166666665, 78.66004233333334], [16.9393045, 78.66004216666667], [16.939305833333332, 78.660042], [16.939307166666666, 78.66004183333332], [16.9393085, 78.66004166666667], [16.93931, 78.6600415], [16.939311, 78.66004133333333], [16.939312166666664, 78.66004116666666], [16.9393135, 78.660041], [16.939314500000002, 78.66004083333334], [16.939315833333335, 78.66004066666666], [16.939317000000003, 78.6600405], [16.939318, 78.66004033333334], [16.939319166666667, 78.66004016666668], [16.939320000000002, 78.66004016666668], [16.939321, 78.66004], [16.939321833333334, 78.66003983333333], [16.939322833333332, 78.66003966666668], [16.939323833333333, 78.6600395], [16.939324833333334, 78.66003933333333], [16.93932583333333, 78.66003916666666], [16.939327, 78.66003900000001], [16.939328, 78.66003883333333], [16.939329166666667, 78.66003866666667], [16.93933033333333, 78.6600385], [16.939331499999998, 78.66003833333333], [16.939332666666665, 78.66003816666667], [16.939334, 78.660038], [16.93933516666667, 78.66003783333333], [16.939336333333333, 78.66003766666667], [16.939337666666667, 78.6600375], [16.939338833333334, 78.66003733333334], [16.939340166666668, 78.660037], [16.939341666666667, 78.66003683333334], [16.939342833333335, 78.66003666666667], [16.939344166666668, 78.66003649999999], [16.939345666666668, 78.66003616666667], [16.939347166666668, 78.660036], [16.939348833333334, 78.66003566666667], [16.9393505, 78.6600355], [16.939352166666666, 78.66003533333333], [16.93935433333333, 78.66003500000001], [16.939356166666666, 78.66003466666666], [16.93935816666667, 78.6600345], [16.939360333333333, 78.66003416666668], [16.9393625, 78.66003383333333], [16.939364833333332, 78.6600335], [16.9393675, 78.66003316666666], [16.939370666666665, 78.66003283333333], [16.939374, 78.66003233333332], [16.939377666666665, 78.66003183333333], [16.939381333333333, 78.6600315], [16.939385333333334, 78.66003099999999], [16.939389666666667, 78.66003049999999], [16.939394333333333, 78.66002983333333], [16.939399166666664, 78.66002933333333], [16.939404500000002, 78.66002866666666], [16.9394105, 78.660028], [16.939416833333333, 78.66002716666667], [16.939423666666666, 78.66002633333332], [16.9394315, 78.6600255], [16.93944, 78.66002433333333], [16.93944966666667, 78.66002316666666], [16.939460166666667, 78.660022], [16.939471166666667, 78.66002066666667], [16.939482833333333, 78.66001916666667], [16.939494833333335, 78.66001766666666], [16.939507166666665, 78.66001616666668], [16.939519833333335, 78.66001466666667], [16.939532166666666, 78.66001316666667], [16.939545, 78.66001166666666], [16.939557666666666, 78.66001], [16.9395705, 78.66000833333332], [16.93958316666667, 78.66000683333333], [16.939595666666666, 78.66000516666666], [16.93960716666667, 78.66000366666667], [16.939618333333332, 78.66000233333332], [16.93962816666667, 78.66000116666667], [16.939637333333334, 78.66000000000001], [16.939646166666666, 78.65999883333333], [16.939654833333336, 78.65999766666667], [16.939662833333333, 78.65999666666667], [16.939670333333332, 78.6599955], [16.939677333333336, 78.6599945], [16.939683833333333, 78.65999333333333], [16.939689333333334, 78.6599925], [16.939694499999998, 78.65999149999999], [16.9396995, 78.65999066666667], [16.939704, 78.65998983333334], [16.939708333333332, 78.659989], [16.9397125, 78.65998833333333], [16.9397165, 78.6599875], [16.9397205, 78.65998683333333], [16.939724333333334, 78.65998616666667], [16.939727833333333, 78.65998549999999], [16.939731166666665, 78.65998483333333], [16.939733999999998, 78.65998433333333], [16.93973683333333, 78.65998366666666], [16.939739999999997, 78.65998316666668], [16.939742833333334, 78.65998266666666], [16.939745333333335, 78.659982], [16.939748, 78.6599815], [16.939750333333333, 78.659981], [16.939752666666667, 78.6599805], [16.939754666666666, 78.65997999999999], [16.939756666666664, 78.65997949999999], [16.939758666666666, 78.659979], [16.939760333333332, 78.65997850000001], [16.939761666666666, 78.659978], [16.939763000000003, 78.65997766666666], [16.939764166666667, 78.65997716666668], [16.939765333333334, 78.65997666666667], [16.939766333333335, 78.65997633333333], [16.939767500000002, 78.65997583333333], [16.939768666666666, 78.65997533333332], [16.9397695, 78.659975], [16.939770833333334, 78.6599745], [16.939771666666665, 78.65997399999999], [16.939773, 78.65997366666667], [16.939774166666666, 78.65997316666667], [16.939775, 78.65997283333333], [16.939775666666666, 78.65997233333333], [16.939776166666665, 78.65997183333334], [16.939777, 78.6599715], [16.939777833333334, 78.65997116666668], [16.939778666666665, 78.65997066666667], [16.939779333333334, 78.65997033333333], [16.93978, 78.65997], [16.939780666666664, 78.6599695], [16.939781333333332, 78.65996916666667], [16.93978183333333, 78.65996883333334], [16.9397825, 78.6599685], [16.939782833333332, 78.65996816666667], [16.93978333333333, 78.65996783333334], [16.939784, 78.6599675], [16.939784333333332, 78.65996716666668], [16.93978483333333, 78.65996700000001], [16.939785333333337, 78.65996666666666], [16.939785833333335, 78.65996633333333], [16.939786, 78.65996616666666], [16.939786333333334, 78.65996583333335], [16.9397865, 78.65996566666666], [16.939786833333336, 78.65996533333333], [16.93978716666667, 78.65996516666668], [16.9397875, 78.65996483333333], [16.939787666666668, 78.65996466666667], [16.939787833333334, 78.65996433333333], [16.939788166666666, 78.65996416666667], [16.939788500000002, 78.65996383333332], [16.939788500000002, 78.65996366666667], [16.93978866666667, 78.65996333333332], [16.939788833333335, 78.65996316666666], [16.939789, 78.65996283333334], [16.939789166666667, 78.65996266666666], [16.939789333333334, 78.65996233333334], [16.939789166666667, 78.65996216666667], [16.9397895, 78.65996183333333], [16.9397895, 78.65996166666667], [16.939789666666666, 78.65996133333333], [16.939789833333336, 78.65996116666666], [16.939789833333336, 78.65996083333333], [16.939790000000002, 78.6599605], [16.939790000000002, 78.65996033333333], [16.93979016666667, 78.65996], [16.939790333333335, 78.65995983333333], [16.939790666666667, 78.65995966666667], [16.939790666666667, 78.6599595], [16.939791, 78.65995933333333], [16.939791166666666, 78.65995916666667], [16.939791666666668, 78.65995916666667], [16.939792166666667, 78.659959], [16.939792666666666, 78.659959], [16.939793166666668, 78.65995883333333], [16.939794166666665, 78.65995883333333], [16.939795166666666, 78.65995883333333], [16.939796333333334, 78.659959], [16.939797, 78.659959], [16.939798166666666, 78.65995916666667], [16.939799333333333, 78.659959], [16.939800833333333, 78.659959], [16.939802166666666, 78.659959], [16.939803833333333, 78.65995883333333], [16.9398055, 78.65995866666667], [16.939807, 78.65995849999999], [16.9398085, 78.65995816666667], [16.939810166666668, 78.65995783333332], [16.939811666666667, 78.6599575], [16.939813166666667, 78.65995716666666], [16.9398145, 78.65995666666666], [16.9398155, 78.65995616666667], [16.939816166666667, 78.65995583333333], [16.939815666666668, 78.65995533333333], [16.939816166666667, 78.65995483333333], [16.939817, 78.65995433333333], [16.9398175, 78.65995383333333], [16.939818166666665, 78.65995333333333], [16.939819166666666, 78.65995266666667], [16.939819, 78.65995216666667], [16.939819333333332, 78.65995166666667], [16.939821333333335, 78.659951], [16.939823333333333, 78.65995033333334], [16.93982533333333, 78.65994966666668], [16.939827333333334, 78.65994900000001], [16.9398295, 78.65994833333333], [16.939831833333336, 78.6599475], [16.939834166666667, 78.65994683333334], [16.939836500000002, 78.659946], [16.939838833333333, 78.65994533333333], [16.939841, 78.6599445], [16.939843333333332, 78.65994383333333], [16.939845833333333, 78.65994300000001], [16.939848333333334, 78.65994233333332], [16.93985083333333, 78.6599415], [16.939853833333334, 78.65994066666667], [16.939856333333335, 78.65994], [16.939858666666666, 78.65993916666666], [16.939861166666667, 78.65993833333333], [16.939863666666668, 78.65993766666666], [16.939866166666665, 78.65993683333333], [16.939868833333332, 78.659936], [16.939871333333333, 78.65993533333334], [16.939873833333333, 78.65993449999999], [16.9398765, 78.65993366666666], [16.939879, 78.659933], [16.939881333333336, 78.65993216666668], [16.939883666666667, 78.65993133333333], [16.939886, 78.65993066666667], [16.939888666666665, 78.65992983333334], [16.939891166666666, 78.65992899999999], [16.939893666666666, 78.65992833333333], [16.939896166666664, 78.65992750000001], [16.939898666666668, 78.65992666666666], [16.93990116666667, 78.659926], [16.939903833333336, 78.65992516666667], [16.939906333333333, 78.65992433333332], [16.939908833333334, 78.6599235], [16.9399115, 78.65992266666667], [16.939914166666664, 78.65992183333333], [16.939916333333333, 78.659921], [16.939919, 78.65992033333333], [16.939921333333334, 78.65991949999999], [16.939924, 78.65991866666667], [16.939926500000002, 78.65991783333334], [16.939929, 78.659917], [16.939931333333334, 78.65991616666666], [16.939933833333335, 78.65991533333333], [16.939936333333332, 78.6599145], [16.9399385, 78.65991383333333], [16.93994083333333, 78.659913], [16.939943333333336, 78.65991216666666], [16.939945833333336, 78.65991149999999], [16.939948333333334, 78.65991066666668], [16.939950666666668, 78.65990983333333], [16.939953, 78.65990916666667], [16.939955666666666, 78.6599085], [16.939958166666667, 78.65990766666667], [16.939960666666664, 78.659907], [16.939963, 78.65990616666666], [16.93996566666667, 78.6599055], [16.939968, 78.65990483333333], [16.9399705, 78.65990400000001], [16.939973166666668, 78.65990333333333], [16.939975666666665, 78.65990266666667], [16.939978, 78.659902], [16.9399805, 78.65990133333334], [16.939983166666664, 78.65990066666667], [16.939985666666665, 78.65990000000001], [16.939988333333336, 78.6598995], [16.939990833333333, 78.65989883333333], [16.9399935, 78.65989816666666], [16.939995833333334, 78.6598975], [16.9399985, 78.659897], [16.940001, 78.65989633333334], [16.940003666666666, 78.65989566666667], [16.940006166666667, 78.65989516666667], [16.940009, 78.65989450000001], [16.940011833333333, 78.659894], [16.940014666666666, 78.65989333333333], [16.9400175, 78.65989266666666], [16.9400205, 78.659892], [16.940023333333333, 78.65989133333333], [16.94002683333333, 78.65989066666666], [16.94002983333333, 78.65988999999999], [16.94003316666667, 78.65988916666667], [16.940037, 78.65988866666666], [16.940040500000002, 78.659888], [16.940044166666667, 78.65988733333333], [16.94004783333333, 78.65988666666667], [16.940051333333333, 78.65988616666667], [16.940055166666664, 78.6598855], [16.940059, 78.65988483333334], [16.940062666666666, 78.65988399999999], [16.940066666666667, 78.65988333333333], [16.940070666666667, 78.65988266666666], [16.940074666666664, 78.659882], [16.94007866666667, 78.65988116666668], [16.94008266666667, 78.6598805], [16.940086833333332, 78.65987983333333], [16.940091, 78.65987916666667], [16.940095166666666, 78.65987833333334], [16.940099333333333, 78.65987766666667], [16.94010366666667, 78.65987700000001], [16.940108000000002, 78.65987616666666], [16.94011233333333, 78.65987533333333], [16.94011683333333, 78.65987466666667], [16.9401215, 78.65987383333332], [16.94012616666667, 78.65987316666666], [16.94013066666667, 78.65987233333334], [16.940135666666666, 78.6598715], [16.940140666666665, 78.65987066666666], [16.940145833333336, 78.65986983333333], [16.940151, 78.659869], [16.940156333333334, 78.65986816666667], [16.9401615, 78.65986716666666], [16.940166833333333, 78.65986633333334], [16.940172166666667, 78.6598655], [16.940177666666667, 78.65986466666666], [16.9401835, 78.65986383333333], [16.940189, 78.65986283333334], [16.940194833333333, 78.659862], [16.940200833333332, 78.659861], [16.94020683333333, 78.65986016666668], [16.94021316666667, 78.65985916666666], [16.9402195, 78.65985816666667], [16.940226, 78.65985733333333], [16.9402325, 78.65985633333334], [16.940239166666668, 78.6598555], [16.940245666666666, 78.6598545], [16.940252333333333, 78.65985366666668], [16.940259333333334, 78.65985266666667], [16.940265833333335, 78.65985183333333], [16.94027283333333, 78.65985083333334], [16.940279666666665, 78.65984983333333], [16.94028666666667, 78.65984883333334], [16.940293666666665, 78.65984783333333], [16.940300833333332, 78.65984683333333], [16.940307833333335, 78.65984583333334], [16.940315, 78.65984466666667], [16.940322499999997, 78.65984366666666], [16.94033016666667, 78.65984266666666], [16.940337666666668, 78.65984166666667], [16.940345333333333, 78.6598405], [16.940353166666668, 78.6598395], [16.940361333333332, 78.65983849999999], [16.9403695, 78.65983733333334], [16.940378, 78.65983633333333], [16.940386333333333, 78.65983533333333], [16.94039466666667, 78.65983433333334], [16.940403166666666, 78.65983316666667], [16.9404115, 78.65983216666667], [16.940419833333333, 78.65983116666666]]]}}]}