{"type": "FeatureCollection", "features": [{"type": "Feature", "properties": {"recording": "20260906_102145", "kind": "recorded GPS track"}, "geometry": {"type": "MultiLineString", "coordinates": [[[17.357083833333334, 78.44976116666666], [17.35709316666667, 78.4497605], [17.357102166666667, 78.44975966666667], [17.357111, 78.449759], [17.357119833333336, 78.44975833333334], [17.357128666666664, 78.44975766666667], [17.357137833333336, 78.44975683333334], [17.357146833333335, 78.44975616666667], [17.357155166666665, 78.44975533333333], [17.357163166666666, 78.44975466666666], [17.357171666666666, 78.44975383333333], [17.357180333333336, 78.44975316666667], [17.357189, 78.44975233333334], [17.35719783333333, 78.44975166666667], [17.357206, 78.44975083333334], [17.3572135, 78.44975], [17.357220833333333, 78.44974916666666], [17.357227833333333, 78.44974833333335], [17.357234833333333, 78.44974733333333], [17.3572415, 78.4497465], [17.35724816666667, 78.4497455], [17.357254333333334, 78.4497445], [17.3572605, 78.44974350000001], [17.357266166666665, 78.44974266666667], [17.357271833333336, 78.44974166666665], [17.357277166666666, 78.44974066666667], [17.357282333333334, 78.4497395], [17.357287, 78.4497385], [17.35729183333333, 78.44973750000001], [17.357296, 78.44973666666667], [17.35730016666667, 78.44973566666665], [17.357304166666665, 78.44973466666667], [17.357307833333333, 78.44973383333333], [17.357311499999998, 78.44973283333334], [17.35731483333333, 78.449732], [17.357318000000003, 78.44973116666667], [17.357321000000002, 78.4497305], [17.357323833333332, 78.44972966666666], [17.357326666666665, 78.44972899999999], [17.3573295, 78.44972816666667], [17.357332, 78.44972750000001], [17.357334666666667, 78.44972666666666], [17.357336999999998, 78.449726], [17.357339333333336, 78.44972533333333], [17.3573415, 78.44972466666667], [17.357343500000002, 78.44972416666666], [17.357345333333335, 78.44972349999999], [17.357347, 78.44972299999999], [17.357348666666667, 78.44972233333333], [17.357350166666667, 78.44972183333333], [17.357351666666666, 78.44972133333334], [17.357353333333332, 78.44972066666666], [17.357355166666665, 78.44972016666667], [17.35735783333333, 78.4497195], [17.357361333333333, 78.44971883333332], [17.35736616666667, 78.44971816666666], [17.357372166666668, 78.44971749999999], [17.357378666666666, 78.44971683333333], [17.35738566666667, 78.44971616666666], [17.357392833333332, 78.44971566666666], [17.357400166666665, 78.44971533333334], [17.357407833333333, 78.449715], [17.357415500000002, 78.44971466666667], [17.357422999999997, 78.4497145], [17.357430833333336, 78.44971433333333], [17.357438833333333, 78.44971433333333], [17.357447166666667, 78.44971416666667], [17.357455666666667, 78.44971416666667], [17.357464666666665, 78.449714], [17.357473833333334, 78.449714], [17.357483333333334, 78.44971383333333], [17.357493166666664, 78.44971383333333], [17.357503166666667, 78.44971366666667], [17.357513333333333, 78.4497135], [17.3575235, 78.44971333333334], [17.35753383333333, 78.44971316666667], [17.357544333333333, 78.449713], [17.357554666666665, 78.44971283333332], [17.357565166666667, 78.44971266666667], [17.357575666666666, 78.4497125], [17.357586166666668, 78.44971216666666], [17.357596666666666, 78.449712], [17.357607166666664, 78.44971183333334], [17.357617833333332, 78.44971149999999], [17.3576265, 78.44971116666667], [17.357634, 78.449711], [17.357641, 78.44971066666668], [17.357648333333334, 78.44971033333333], [17.357655833333336, 78.44970983333333], [17.357663, 78.44970933333335], [17.357670166666665, 78.449709], [17.357677333333335, 78.4497085], [17.357685, 78.44970783333333], [17.35769283333333, 78.44970733333334], [17.3577005, 78.44970666666667], [17.357708, 78.449706], [17.357715666666664, 78.44970533333334], [17.35772366666667, 78.44970450000001], [17.357731166666667, 78.44970366666666], [17.357738833333332, 78.44970283333333], [17.357746666666667, 78.44970199999999], [17.357754333333332, 78.44970116666667], [17.357762166666664, 78.44970033333334], [17.357769666666666, 78.4496995], [17.357777166666665, 78.44969866666666], [17.357784833333334, 78.44969783333333], [17.357792, 78.44969683333333], [17.357799333333332, 78.44969599999999], [17.3578065, 78.449695], [17.357813500000002, 78.44969416666666], [17.357820166666666, 78.44969316666668], [17.357826499999998, 78.44969233333333], [17.357832666666663, 78.4496915], [17.357839000000002, 78.44969066666665], [17.357845333333334, 78.44968983333334], [17.3578515, 78.449689], [17.357857666666668, 78.44968833333334], [17.357864, 78.4496875], [17.357870166666665, 78.44968683333333], [17.357876666666666, 78.449686], [17.357883, 78.44968533333333], [17.357889333333333, 78.44968466666666], [17.357896, 78.44968399999999], [17.3579025, 78.44968333333333], [17.357909, 78.44968266666666], [17.357915666666667, 78.449682], [17.357922166666665, 78.44968133333333], [17.357929000000002, 78.44968066666667], [17.357935666666666, 78.44968], [17.357942166666664, 78.44967933333334], [17.357948833333335, 78.44967866666666], [17.3579555, 78.44967816666667], [17.357962166666667, 78.4496775], [17.357968666666668, 78.44967700000001], [17.357975333333332, 78.4496765], [17.357982, 78.44967583333333], [17.35798883333333, 78.44967533333333], [17.357995666666667, 78.44967483333333], [17.3580025, 78.44967433333333], [17.358009499999998, 78.44967383333332], [17.3580165, 78.44967333333334], [17.358023666666668, 78.44967283333334], [17.358030666666664, 78.44967233333334], [17.358037833333334, 78.44967183333333], [17.3580455, 78.44967133333333], [17.358052999999998, 78.44967083333333], [17.358060833333333, 78.44967033333334], [17.358068666666668, 78.44966966666667], [17.35807683333333, 78.44966916666667], [17.358085000000003, 78.44966866666667], [17.358092833333334, 78.449668], [17.3581005, 78.4496675], [17.3581085, 78.449667], [17.35811633333333, 78.44966649999999], [17.3581245, 78.44966583333333], [17.358132333333334, 78.44966533333333], [17.35814033333333, 78.44966483333333], [17.35814866666667, 78.44966433333335], [17.358156833333332, 78.44966366666667], [17.3581655, 78.449663], [17.358174, 78.4496625], [17.358182666666668, 78.44966183333332], [17.358191166666664, 78.44966116666666], [17.3581995, 78.4496605], [17.358207666666665, 78.44965983333333], [17.358215833333336, 78.44965916666666], [17.358224166666666, 78.4496585], [17.358232333333333, 78.44965783333333], [17.358240666666667, 78.44965716666667], [17.358249, 78.44965633333332], [17.358257, 78.44965566666666], [17.358265333333335, 78.44965499999999], [17.358273666666665, 78.44965416666668], [17.358281499999997, 78.44965350000001], [17.35828916666667, 78.44965283333333], [17.358296499999998, 78.44965216666667], [17.358303999999997, 78.44965166666665], [17.3583115, 78.44965099999999], [17.358318999999998, 78.4496505], [17.358326499999997, 78.44965], [17.358333666666667, 78.4496495], [17.358340666666667, 78.449649], [17.358348, 78.4496485], [17.358355500000002, 78.449648], [17.358363333333333, 78.44964750000001], [17.358371499999997, 78.44964716666667], [17.358379833333334, 78.44964666666667], [17.358388166666668, 78.44964616666667], [17.3583965, 78.44964583333334], [17.358405166666667, 78.44964533333334], [17.358413833333334, 78.44964483333334], [17.35842266666667, 78.44964433333332], [17.358431666666668, 78.449644], [17.358440499999997, 78.44964350000001], [17.3584495, 78.449643], [17.35845833333333, 78.4496425], [17.358467166666667, 78.449642], [17.358476166666666, 78.44964150000001], [17.358484833333332, 78.449641], [17.358493666666668, 78.4496405], [17.358502166666664, 78.44963983333334], [17.358510833333334, 78.44963933333334], [17.3585195, 78.44963866666667], [17.358528, 78.44963800000001], [17.358536666666666, 78.44963733333334], [17.358545166666666, 78.44963666666666], [17.35855366666667, 78.449636], [17.358562333333335, 78.44963533333333], [17.358570999999998, 78.44963466666667], [17.3585795, 78.44963383333334], [17.358588, 78.44963316666667], [17.358596499999997, 78.44963233333333], [17.358605, 78.4496315], [17.3586135, 78.44963083333333], [17.358621833333334, 78.44963], [17.358630166666668, 78.44962916666667], [17.35863833333333, 78.44962816666666], [17.358646500000003, 78.44962733333334], [17.358654166666668, 78.44962650000001], [17.3586615, 78.44962583333333], [17.358668666666667, 78.449625], [17.358675666666667, 78.44962416666667], [17.3586825, 78.4496235], [17.3586895, 78.44962283333332], [17.358696333333334, 78.44962216666666], [17.358703333333334, 78.44962149999999], [17.358710166666665, 78.44962083333333], [17.35871716666667, 78.44962016666666], [17.358724, 78.44961966666666], [17.358731, 78.449619], [17.358738000000002, 78.4496185], [17.358745166666665, 78.44961783333333], [17.35875233333333, 78.4496175], [17.358759666666668, 78.449617], [17.358766833333334, 78.4496165], [17.358774166666667, 78.449616], [17.358781833333335, 78.44961566666666], [17.358789833333333, 78.44961516666667], [17.358798166666666, 78.44961466666668], [17.358806666666666, 78.44961416666666], [17.358815, 78.44961366666666], [17.35882333333333, 78.44961316666667], [17.358831666666667, 78.44961266666665], [17.35884, 78.44961233333333], [17.358848666666667, 78.44961166666667], [17.358857333333333, 78.44961116666667], [17.358866, 78.44961066666666], [17.358874833333335, 78.44961016666666], [17.358883666666667, 78.4496095], [17.358892333333333, 78.449609], [17.358901, 78.44960833333333], [17.3589095, 78.44960766666667], [17.358918000000003, 78.449607], [17.3589265, 78.44960633333334], [17.358935, 78.44960566666667], [17.358943500000002, 78.449605], [17.358951833333332, 78.44960433333334], [17.358960333333336, 78.44960366666666], [17.358968833333332, 78.44960283333333], [17.358977333333332, 78.44960216666666], [17.3589855, 78.44960133333333], [17.358993833333333, 78.44960066666665], [17.359002166666667, 78.44959983333334], [17.3590105, 78.449599], [17.359018833333334, 78.449598], [17.3590275, 78.44959716666668], [17.359035833333333, 78.44959633333333], [17.359043666666665, 78.44959533333333], [17.359051333333333, 78.4495945], [17.359058666666666, 78.44959366666667], [17.359065666666666, 78.44959283333333], [17.35907266666667, 78.44959216666666], [17.3590795, 78.44959133333333], [17.359086333333334, 78.44959050000001], [17.359092999999998, 78.44958983333332], [17.359099833333335, 78.44958916666666], [17.359106666666666, 78.44958866666666], [17.3591135, 78.44958799999999], [17.359120333333333, 78.4495875], [17.3591275, 78.44958700000001], [17.3591345, 78.4495865], [17.359141833333336, 78.449586], [17.35914916666667, 78.4495855], [17.35915633333333, 78.44958516666667], [17.3591635, 78.44958483333333], [17.359171166666666, 78.4495845], [17.359179666666666, 78.44958416666667], [17.359188, 78.44958383333332], [17.359196333333333, 78.4495835], [17.359204666666667, 78.44958316666666], [17.359213, 78.44958283333334], [17.359221833333333, 78.44958249999999], [17.359230333333336, 78.44958199999999], [17.3592385, 78.44958166666667], [17.359246499999998, 78.44958116666666], [17.359255, 78.44958066666666], [17.359263333333335, 78.44958016666666], [17.35927183333333, 78.44957966666666], [17.359280333333334, 78.449579], [17.359288833333334, 78.44957833333333], [17.3592975, 78.44957766666667], [17.359306333333333, 78.449577], [17.359314666666666, 78.44957633333334], [17.359323, 78.44957550000001], [17.359331333333333, 78.44957466666666], [17.359339499999997, 78.44957383333333], [17.359347, 78.449573], [17.3593545, 78.44957183333332], [17.359361999999997, 78.44957083333334], [17.359369333333333, 78.44956983333333], [17.3593765, 78.44956883333333], [17.359382666666665, 78.44956783333333], [17.359388333333335, 78.44956699999999], [17.359393833333336, 78.449566], [17.359399833333335, 78.44956499999999], [17.359406, 78.44956416666668], [17.35941216666667, 78.44956316666666], [17.359418333333334, 78.44956233333333], [17.359424666666666, 78.4495615], [17.359430999999997, 78.44956066666667], [17.359437, 78.44955983333332], [17.359443, 78.44955916666666], [17.359449333333334, 78.4495585], [17.35945566666667, 78.44955766666666], [17.359462, 78.449557], [17.359468333333332, 78.4495565], [17.359474833333334, 78.44955583333333], [17.359481333333335, 78.44955533333334], [17.359488333333335, 78.44955466666667], [17.359495166666665, 78.44955416666667], [17.35950216666667, 78.44955366666666], [17.359509166666665, 78.44955316666666], [17.359516166666666, 78.44955266666666], [17.359523000000003, 78.44955233333333], [17.35953, 78.44955183333333], [17.359537, 78.44955133333333], [17.35954383333333, 78.449551], [17.359550833333333, 78.44955066666667], [17.359557833333334, 78.44955016666667], [17.359565, 78.44954983333334], [17.359572500000002, 78.4495495], [17.3595805, 78.44954916666667], [17.35958883333333, 78.44954866666667], [17.359597166666667, 78.44954833333333], [17.3596055, 78.44954783333333], [17.359614166666667, 78.44954733333334], [17.3596225, 78.44954683333334], [17.35963083333333, 78.44954633333333], [17.359639333333334, 78.44954566666667], [17.359648166666666, 78.44954516666667], [17.35965716666667, 78.44954466666667], [17.359665833333334, 78.44954416666666], [17.35967433333333, 78.44954366666666], [17.359682333333335, 78.44954316666667], [17.359690333333333, 78.4495425], [17.3596975, 78.44954216666666], [17.359704833333335, 78.44954183333333], [17.359713, 78.44954133333334], [17.359721333333333, 78.449541], [17.359729666666667, 78.44954066666666], [17.359737833333334, 78.4495405], [17.359745333333333, 78.44954016666667], [17.35975266666667, 78.44954], [17.3597605, 78.44953983333333], [17.35976833333333, 78.44953983333333], [17.359776, 78.44953966666667], [17.359783166666666, 78.4495395], [17.359790166666667, 78.4495395], [17.359797166666667, 78.44953966666667], [17.359804, 78.44953983333333], [17.359811166666667, 78.44953983333333], [17.359817833333334, 78.44954016666667], [17.359823833333333, 78.4495405], [17.359829666666666, 78.44954083333333], [17.35983483333333, 78.44954116666666], [17.359840000000002, 78.4495415], [17.359844666666667, 78.44954200000001], [17.359849, 78.4495425], [17.35985283333333, 78.44954299999999], [17.359856333333333, 78.44954349999999], [17.359858999999997, 78.449544], [17.359861333333335, 78.4495445], [17.359863333333333, 78.449545], [17.359865, 78.44954550000001], [17.3598665, 78.449546], [17.359867833333332, 78.4495465], [17.359868666666667, 78.44954683333334], [17.359869166666666, 78.44954733333334], [17.35986966666667, 78.44954766666666], [17.35986966666667, 78.44954816666667], [17.35986966666667, 78.4495485], [17.3598695, 78.44954883333334], [17.359869333333332, 78.44954899999999], [17.359868666666667, 78.44954916666667], [17.35986816666667, 78.44954916666667], [17.359867666666666, 78.44954916666667], [17.359867, 78.44954899999999], [17.359866166666666, 78.4495485], [17.359865333333335, 78.44954800000001], [17.359864666666667, 78.44954733333334], [17.35986366666667, 78.4495465], [17.359862500000002, 78.44954583333333], [17.359861333333335, 78.449545], [17.359860333333334, 78.44954433333334], [17.359859500000002, 78.44954366666666], [17.359858999999997, 78.44954299999999], [17.359858499999998, 78.44954233333333], [17.359857833333333, 78.44954166666666], [17.359857166666664, 78.449541], [17.359856666666666, 78.44954033333333], [17.359855999999997, 78.44953966666667], [17.359855166666666, 78.449539], [17.359854166666665, 78.44953833333334], [17.35985283333333, 78.44953749999999], [17.359851499999998, 78.44953666666667], [17.35984983333333, 78.44953600000001], [17.359848166666666, 78.44953533333334], [17.359846, 78.44953483333333], [17.3598435, 78.4495345], [17.3598415, 78.44953433333333], [17.359838833333335, 78.44953433333333], [17.359836499999997, 78.4495345], [17.359833, 78.44953466666666], [17.35982883333333, 78.449535], [17.359824333333332, 78.44953516666666], [17.35982, 78.44953533333334], [17.35981566666667, 78.4495355], [17.359811333333333, 78.4495355], [17.359807333333332, 78.4495355], [17.359803833333334, 78.4495355], [17.3598005, 78.44953533333334], [17.3597975, 78.44953533333334], [17.3597945, 78.4495355], [17.359791499999996, 78.4495355], [17.359788499999997, 78.4495355], [17.359785499999997, 78.44953566666666], [17.359782833333334, 78.44953566666666], [17.359780666666666, 78.4495355], [17.359778666666667, 78.44953566666666], [17.35977666666667, 78.44953566666666], [17.359774666666667, 78.44953566666666], [17.359772333333336, 78.44953583333333], [17.35977, 78.44953600000001], [17.35976733333333, 78.44953633333333], [17.35976433333333, 78.44953683333333], [17.359760833333333, 78.44953749999999], [17.359757000000002, 78.44953816666666], [17.359752833333335, 78.449539], [17.35974816666667, 78.44953983333333], [17.359743666666667, 78.44954066666666], [17.3597395, 78.44954166666666], [17.359735333333333, 78.44954283333333], [17.359731333333333, 78.449544], [17.359727666666668, 78.44954533333333], [17.35972416666667, 78.44954666666666], [17.359721333333333, 78.44954800000001], [17.359719166666665, 78.4495495], [17.3597175, 78.44955083333333], [17.3597165, 78.44955233333333], [17.359716833333334, 78.44955383333333], [17.3597175, 78.44955516666667], [17.3597185, 78.44955666666667], [17.359720499999998, 78.44955816666668], [17.359723, 78.4495595], [17.359725833333336, 78.44956099999999], [17.359729, 78.44956233333333], [17.3597325, 78.44956350000001], [17.359736333333334, 78.44956466666666], [17.359741, 78.44956566666666], [17.359745666666665, 78.44956666666667], [17.359751000000003, 78.44956766666665], [17.3597565, 78.4495685], [17.359762333333332, 78.44956916666666], [17.35976833333333, 78.44956966666668], [17.359774666666667, 78.44957016666667], [17.3597815, 78.44957066666666], [17.35978833333333, 78.449571], [17.359795333333334, 78.44957133333334], [17.359802333333334, 78.4495715], [17.359809166666665, 78.4495715], [17.35981616666667, 78.4495715], [17.359823, 78.44957133333334], [17.359829666666666, 78.44957116666666], [17.35983633333333, 78.449571], [17.359843333333334, 78.44957083333334], [17.3598505, 78.4495705], [17.359857499999997, 78.44957033333334], [17.359864666666667, 78.44957016666667], [17.359871833333333, 78.44956983333333], [17.359879333333332, 78.44956950000001], [17.359886833333334, 78.44956933333333], [17.359894333333333, 78.44956900000001], [17.359901999999998, 78.44956866666666], [17.359909333333334, 78.44956816666667], [17.359916666666667, 78.44956783333333], [17.359923833333333, 78.4495675], [17.359931, 78.44956699999999], [17.359937833333333, 78.44956666666667], [17.359945, 78.44956616666667], [17.359951833333334, 78.44956566666666], [17.359959, 78.44956516666666], [17.359966166666666, 78.44956466666666], [17.35997316666667, 78.449564], [17.359980333333333, 78.44956350000001], [17.359987333333333, 78.449563], [17.359994500000003, 78.4495625], [17.3600015, 78.44956183333333], [17.360008833333332, 78.44956133333334], [17.360015999999998, 78.44956066666667], [17.360023166666668, 78.44956016666667], [17.3600305, 78.4495595], [17.36003733333333, 78.44955883333334], [17.3600445, 78.44955816666668], [17.360051666666667, 78.44955750000001], [17.360058833333333, 78.44955683333333], [17.360066166666666, 78.44955616666667], [17.360073166666666, 78.4495555], [17.360080333333332, 78.44955466666667], [17.36008766666667, 78.449554], [17.360094833333335, 78.44955333333334], [17.360102166666664, 78.4495525], [17.360109166666668, 78.44955183333333], [17.3601165, 78.44955116666667], [17.360123666666667, 78.4495505], [17.360130833333336, 78.44954983333334], [17.360138, 78.44954899999999], [17.360145166666666, 78.44954833333333], [17.360152333333335, 78.44954750000001], [17.3601595, 78.44954683333334], [17.360166666666665, 78.449546], [17.360173666666665, 78.44954516666667], [17.36018066666667, 78.4495445], [17.3601875, 78.44954366666666], [17.3601945, 78.44954299999999], [17.360201500000002, 78.44954216666666], [17.360208333333333, 78.44954133333334], [17.360215333333333, 78.44954066666666], [17.360222166666667, 78.44953983333333], [17.360229, 78.44953916666667], [17.360235833333334, 78.44953833333334], [17.360242500000002, 78.44953766666666], [17.360248666666667, 78.44953683333333], [17.360254666666666, 78.44953600000001], [17.360260666666665, 78.44953516666666], [17.360266833333334, 78.44953433333333], [17.360273333333335, 78.4495335], [17.360280333333332, 78.44953266666667], [17.360287666666668, 78.44953166666666], [17.3602955, 78.44953066666667], [17.360303833333333, 78.44952966666666], [17.360311833333334, 78.44952866666667], [17.360320166666668, 78.44952766666667], [17.360328666666664, 78.44952666666667], [17.360337, 78.44952583333334], [17.360345666666667, 78.44952483333333], [17.360354166666664, 78.44952383333333], [17.360363166666666, 78.44952283333333], [17.360371833333332, 78.44952199999999], [17.360380666666668, 78.449521], [17.3603895, 78.44951999999999], [17.360398, 78.449519], [17.360406666666666, 78.44951816666666], [17.3604155, 78.44951716666667], [17.360424333333334, 78.44951616666667], [17.360433, 78.44951533333332], [17.360442, 78.44951433333334], [17.360450833333335, 78.4495135], [17.360459666666667, 78.44951250000001], [17.36046866666667, 78.44951166666667], [17.360477333333332, 78.44951066666665], [17.36048633333333, 78.44950983333334], [17.360495500000003, 78.44950883333333], [17.36050433333333, 78.449508], [17.360513500000003, 78.449507], [17.360522333333332, 78.449506], [17.360530999999998, 78.449505], [17.360539666666668, 78.44950399999999], [17.360548333333334, 78.449503], [17.36055716666667, 78.449502], [17.360565666666666, 78.449501], [17.360574666666665, 78.4495], [17.360583333333334, 78.449499], [17.360591666666668, 78.44949799999999], [17.36060033333333, 78.44949700000001], [17.360609166666666, 78.449496], [17.360618, 78.449495], [17.36062666666667, 78.44949383333332], [17.360634833333332, 78.449493], [17.3606435, 78.44949183333333], [17.360651833333336, 78.44949083333333], [17.360660166666666, 78.44948983333333], [17.360668666666665, 78.44948883333333], [17.360677, 78.44948766666667], [17.3606855, 78.44948666666666], [17.360693833333336, 78.44948550000001], [17.360702166666666, 78.4494845], [17.360710333333333, 78.4494835], [17.360718666666667, 78.44948233333334], [17.3607265, 78.44948133333334], [17.360734166666667, 78.44948049999999], [17.360741833333336, 78.44947966666668], [17.360748833333332, 78.44947883333333], [17.360755833333332, 78.44947816666667], [17.360762833333336, 78.4494775], [17.3607695, 78.44947699999999], [17.360776333333334, 78.4494765], [17.360783333333334, 78.449476], [17.360790166666668, 78.44947566666666], [17.360796999999998, 78.44947533333334], [17.360803333333333, 78.44947499999999], [17.360809500000002, 78.44947466666667], [17.360815166666665, 78.4494745], [17.360820999999998, 78.44947416666668], [17.360826333333332, 78.449474], [17.360831, 78.44947383333333], [17.360835833333333, 78.44947366666666], [17.360840166666666, 78.44947350000001], [17.360844666666665, 78.44947316666666], [17.360848999999998, 78.449473], [17.36085316666667, 78.44947283333333], [17.360857166666666, 78.44947266666667], [17.360861166666666, 78.44947233333333], [17.360864833333334, 78.44947216666667], [17.3608685, 78.449472], [17.360871999999997, 78.44947183333333], [17.360875500000002, 78.44947183333333], [17.360879166666667, 78.44947166666667], [17.3608825, 78.4494715], [17.360885666666665, 78.44947133333334], [17.360889, 78.44947116666667], [17.360892333333332, 78.44947116666667], [17.3608955, 78.44947099999999], [17.3608985, 78.44947083333334], [17.3609015, 78.44947066666667], [17.360904166666668, 78.44947066666667], [17.360907, 78.4494705], [17.360909833333334, 78.44947033333332], [17.360913, 78.44947016666667], [17.360916666666665, 78.44946983333332], [17.36092066666667, 78.4494695], [17.360925666666667, 78.44946883333334], [17.360931, 78.44946833333333], [17.360936499999998, 78.44946750000001], [17.360942166666668, 78.44946683333333], [17.360948333333333, 78.449466], [17.360954333333332, 78.44946516666667], [17.360960166666665, 78.44946416666667], [17.360966, 78.44946316666666], [17.360971666666668, 78.44946216666668], [17.360977166666665, 78.44946116666667], [17.3609825, 78.44946], [17.360987833333336, 78.44945899999999], [17.360992833333334, 78.44945783333333], [17.360998, 78.44945666666668], [17.361003333333333, 78.44945533333333], [17.36100916666667, 78.449454], [17.361015166666668, 78.4494525], [17.3610215, 78.449451], [17.36102783333333, 78.4494495], [17.361034500000002, 78.449448], [17.361041333333333, 78.44944650000001], [17.361048, 78.449445], [17.361054833333334, 78.4494435], [17.361061666666668, 78.449442], [17.3610685, 78.44944033333333], [17.361075333333336, 78.44943883333333], [17.361082333333332, 78.44943716666667], [17.361089, 78.44943566666667], [17.361095666666664, 78.44943416666666], [17.3611025, 78.4494325], [17.361109, 78.449431], [17.361115833333333, 78.4494295], [17.361122666666667, 78.44942783333333], [17.361129666666667, 78.44942633333334], [17.361136666666667, 78.44942483333332], [17.361143666666667, 78.44942316666668], [17.361150666666667, 78.44942166666667], [17.3611575, 78.44941999999999], [17.36116433333333, 78.44941850000001], [17.361171000000002, 78.44941683333333], [17.361177833333333, 78.44941533333333], [17.36118433333333, 78.44941383333334], [17.361191, 78.44941233333334], [17.361197666666666, 78.44941066666667], [17.361204333333333, 78.44940916666665], [17.361211166666667, 78.4494075], [17.36121766666667, 78.449406], [17.361224333333332, 78.44940433333333], [17.361231333333333, 78.44940283333334], [17.361238, 78.44940133333333], [17.361244666666668, 78.44939966666668], [17.361251333333332, 78.44939816666667], [17.361258333333335, 78.44939649999999], [17.361265, 78.44939500000001], [17.361271833333333, 78.44939333333333], [17.3612785, 78.44939183333332], [17.36128516666667, 78.44939016666667], [17.361292, 78.44938866666666], [17.361298666666666, 78.44938699999999], [17.361305333333334, 78.4493855], [17.361312, 78.44938383333333], [17.361318833333332, 78.44938233333333], [17.36132566666667, 78.44938066666667], [17.3613325, 78.44937916666666], [17.361339333333333, 78.44937766666666], [17.361346166666667, 78.449376], [17.361353166666667, 78.4493745], [17.361360166666667, 78.449373], [17.361366999999998, 78.44937150000001], [17.361374, 78.44936983333334], [17.36138083333333, 78.44936833333333], [17.3613875, 78.44936683333334], [17.36139466666667, 78.44936533333333], [17.3614015, 78.44936383333334], [17.361408166666667, 78.44936233333333], [17.361415333333333, 78.44936083333333], [17.361422333333334, 78.44935933333333], [17.3614295, 78.44935783333334], [17.36143666666667, 78.44935650000001], [17.361443833333333, 78.449355], [17.36145133333333, 78.44935366666667], [17.361458666666667, 78.44935216666666], [17.361466, 78.44935083333333], [17.361473333333333, 78.4493495], [17.36148066666667, 78.449348], [17.361487833333335, 78.44934666666667], [17.361494999999998, 78.44934533333334], [17.361502166666664, 78.44934383333333], [17.3615095, 78.4493425], [17.361516666666667, 78.44934116666667], [17.361524, 78.44933983333334], [17.3615315, 78.44933850000001], [17.361539, 78.449337], [17.361546666666666, 78.44933566666667], [17.361554333333334, 78.44933433333334], [17.361562166666666, 78.449333], [17.361569666666664, 78.44933183333333], [17.361577333333333, 78.4493305], [17.361584999999998, 78.44932916666667], [17.361593000000003, 78.449328], [17.361600666666668, 78.44932666666666], [17.361608, 78.4493255], [17.36161566666667, 78.44932416666667], [17.361623166666668, 78.449323], [17.361630833333333, 78.44932166666668], [17.3616385, 78.44932050000001], [17.361646333333333, 78.44931916666665], [17.361654333333334, 78.44931799999999], [17.361662333333335, 78.44931683333333], [17.3616705, 78.44931566666668], [17.361678666666666, 78.44931433333333], [17.361687, 78.44931316666666], [17.361695166666667, 78.44931199999999], [17.361703166666665, 78.44931083333333], [17.361711, 78.44930966666668], [17.361719, 78.4493085], [17.361727, 78.44930733333334], [17.361734833333333, 78.44930616666667], [17.361742666666665, 78.44930500000001], [17.36175066666667, 78.44930383333333], [17.361758333333334, 78.44930266666667], [17.361766166666666, 78.44930166666667], [17.361774333333337, 78.44930049999999], [17.361782333333334, 78.44929950000001], [17.361790666666664, 78.44929833333335], [17.361798333333336, 78.44929733333333], [17.361806166666668, 78.44929633333332], [17.361814, 78.44929533333334], [17.361822166666666, 78.44929433333333], [17.3618305, 78.44929333333333], [17.361838833333334, 78.44929233333333], [17.361847666666666, 78.44929133333333], [17.361856166666666, 78.44929033333332], [17.361864500000003, 78.44928933333334], [17.361873166666665, 78.44928833333333], [17.361881666666665, 78.44928750000001], [17.361890333333335, 78.4492865], [17.361898666666665, 78.4492855], [17.361907166666665, 78.44928466666667], [17.36191566666667, 78.44928366666666], [17.361924166666665, 78.44928266666668], [17.361932666666668, 78.44928183333333], [17.361941, 78.44928083333333], [17.361949499999998, 78.44927983333334], [17.361958, 78.44927883333334], [17.3619665, 78.44927783333333], [17.361974999999997, 78.44927683333334], [17.361983333333335, 78.449276], [17.36199183333333, 78.449275], [17.362000333333334, 78.449274], [17.362008666666668, 78.44927316666667], [17.36201733333333, 78.44927216666666], [17.362025833333334, 78.44927116666666], [17.362034333333334, 78.44927016666666], [17.36204283333333, 78.44926933333333], [17.362051333333334, 78.44926833333334], [17.362059666666667, 78.44926733333334], [17.362068166666667, 78.44926633333333], [17.362076333333334, 78.4492655], [17.362084499999998, 78.4492645], [17.362093, 78.4492635], [17.362101166666665, 78.4492625], [17.3621095, 78.44926149999999], [17.362117833333333, 78.44926050000001], [17.362126333333332, 78.4492595], [17.362134333333334, 78.44925866666668], [17.362142666666667, 78.44925766666667], [17.36215083333333, 78.44925666666667], [17.362159000000002, 78.44925549999999], [17.362167333333332, 78.44925450000001], [17.3621755, 78.4492535], [17.362183666666667, 78.4492525], [17.362191833333334, 78.44925133333332], [17.362200166666664, 78.44925033333334], [17.362208333333335, 78.44924933333333], [17.362216666666665, 78.44924833333333], [17.362224833333336, 78.44924716666667], [17.362233166666666, 78.44924616666667], [17.362241333333333, 78.44924516666667], [17.3622495, 78.44924416666666], [17.362257666666668, 78.44924316666668], [17.362265833333332, 78.449242], [17.362273666666667, 78.449241], [17.362281833333334, 78.44923999999999], [17.36228983333333, 78.44923883333333], [17.362298, 78.44923766666668], [17.362306, 78.44923666666666], [17.362314333333334, 78.4492355], [17.3623225, 78.4492345], [17.36233083333333, 78.44923333333332], [17.36233916666667, 78.44923216666666], [17.362347333333332, 78.44923116666668], [17.362355333333333, 78.44923016666667], [17.362363833333333, 78.449229], [17.362372166666667, 78.44922783333332], [17.36238033333333, 78.44922683333333], [17.362388666666668, 78.44922566666668], [17.362396999999998, 78.44922466666667], [17.36240516666667, 78.4492235], [17.362413333333333, 78.44922249999999], [17.362421666666666, 78.44922133333333], [17.362429833333334, 78.44922033333334], [17.362438, 78.44921916666667], [17.362446166666665, 78.44921816666667], [17.362454333333336, 78.449217], [17.362462666666666, 78.44921599999999], [17.362471000000003, 78.44921483333333], [17.362479166666667, 78.44921383333333], [17.362487666666667, 78.44921266666667], [17.362496, 78.4492115], [17.362504166666668, 78.44921049999999], [17.36251233333333, 78.44920933333333], [17.36252066666667, 78.44920816666666], [17.362529, 78.44920699999999], [17.362537, 78.449206], [17.362545166666667, 78.44920483333334], [17.362553333333334, 78.44920366666666], [17.362561333333336, 78.44920266666666], [17.362569666666666, 78.4492015], [17.362577833333333, 78.44920033333332], [17.362586, 78.44919933333334], [17.362594166666668, 78.44919816666668], [17.362602166666665, 78.44919716666666], [17.362610333333336, 78.449196], [17.362618666666666, 78.44919483333334], [17.362626833333334, 78.44919383333333], [17.362634833333335, 78.44919266666668], [17.362643, 78.44919166666666], [17.362651333333336, 78.4491905], [17.362659666666666, 78.44918933333334], [17.362667833333333, 78.44918833333332], [17.362676, 78.44918716666666], [17.362684333333334, 78.449186], [17.362692666666664, 78.449185], [17.362700833333335, 78.44918383333334], [17.362709166666665, 78.44918266666667], [17.362717333333332, 78.44918166666666], [17.362725333333334, 78.4491805], [17.3627335, 78.44917933333333], [17.362742, 78.44917833333334], [17.362750000000002, 78.44917716666667], [17.362758166666666, 78.44917600000001], [17.362766333333333, 78.44917483333333], [17.3627745, 78.44917366666667], [17.362782666666664, 78.44917266666667], [17.362790833333335, 78.44917149999999], [17.362799, 78.44917033333333], [17.362807166666666, 78.44916916666666], [17.362815166666667, 78.449168], [17.362823166666665, 78.44916683333332], [17.36283116666667, 78.44916566666667], [17.362839333333334, 78.44916466666668], [17.36284733333333, 78.4491635], [17.362855500000002, 78.44916233333333], [17.3628635, 78.44916116666667], [17.362871666666667, 78.44916016666666], [17.362879666666668, 78.449159], [17.362887666666666, 78.44915783333333], [17.362895833333333, 78.44915666666667], [17.362904, 78.4491555], [17.362912166666668, 78.44915433333334], [17.362920166666665, 78.44915316666668], [17.362928333333333, 78.44915216666666], [17.3629365, 78.449151], [17.362944666666667, 78.44914983333334], [17.362953, 78.44914866666666], [17.362961166666665, 78.4491475], [17.362969500000002, 78.44914633333333], [17.362977666666666, 78.44914533333333], [17.362986, 78.44914416666667], [17.362994166666667, 78.449143], [17.363002333333334, 78.44914183333334], [17.363010499999998, 78.44914083333333], [17.36301866666667, 78.44913966666667], [17.363027, 78.44913849999999], [17.363035500000002, 78.44913733333333], [17.3630435, 78.44913633333334], [17.363051833333333, 78.44913516666666], [17.363060166666667, 78.44913416666667], [17.3630685, 78.449133], [17.36307683333333, 78.44913199999999], [17.363085166666668, 78.44913083333333], [17.363093499999998, 78.44912983333333], [17.36310166666667, 78.44912866666667], [17.36311, 78.4491275], [17.363118333333333, 78.44912649999999], [17.3631265, 78.44912533333333], [17.363134666666667, 78.44912433333334], [17.363142999999997, 78.44912316666667], [17.363151000000002, 78.44912216666667], [17.363159166666666, 78.44912116666666], [17.363167166666663, 78.44912], [17.3631755, 78.44911883333333], [17.363183499999998, 78.44911783333333], [17.363191500000003, 78.44911666666667], [17.363199833333333, 78.44911566666666], [17.363208, 78.4491145], [17.363216333333334, 78.44911333333333], [17.363224333333335, 78.44911233333333], [17.363232666666665, 78.44911116666667], [17.363240666666666, 78.44911], [17.363248833333333, 78.44910899999999], [17.363256999999997, 78.44910783333333], [17.363265000000002, 78.44910683333333], [17.363273333333332, 78.44910566666667], [17.36328166666667, 78.44910466666667], [17.36329, 78.4491035], [17.363298166666667, 78.4491025], [17.363306333333334, 78.44910133333333], [17.3633145, 78.44910033333333], [17.363322666666665, 78.44909916666667], [17.363330833333336, 78.44909816666667], [17.363339, 78.44909716666666], [17.363347333333333, 78.449096], [17.3633555, 78.449095], [17.363363666666665, 78.449094], [17.363372166666668, 78.44909299999999], [17.363380166666666, 78.44909200000001], [17.363388166666667, 78.449091], [17.363396166666668, 78.44909016666666], [17.363404166666665, 78.44908916666667], [17.363412166666667, 78.44908833333334], [17.363420166666668, 78.44908733333334], [17.363428166666665, 78.4490865], [17.363436166666666, 78.4490855], [17.363444, 78.44908466666668], [17.363452166666665, 78.44908366666667], [17.363460333333332, 78.44908283333332], [17.3634685, 78.44908183333334], [17.3634765, 78.44908099999999], [17.363483666666664, 78.44908033333333], [17.3634905, 78.44907966666666], [17.363496833333333, 78.449079], [17.3635025, 78.44907866666668], [17.363508500000002, 78.44907833333333], [17.3635145, 78.449078], [17.363519666666665, 78.44907766666667], [17.363524833333333, 78.4490775], [17.363529833333335, 78.44907716666667], [17.3635345, 78.449077], [17.363538666666667, 78.449077], [17.363542666666667, 78.44907683333332], [17.363546333333332, 78.44907683333332], [17.36354983333333, 78.44907666666667], [17.363553666666668, 78.44907666666667], [17.363557166666666, 78.44907666666667], [17.363560500000002, 78.4490765], [17.363563666666668, 78.4490765], [17.363566666666667, 78.4490765], [17.363569666666667, 78.44907633333334], [17.36357233333333, 78.44907633333334], [17.363574833333335, 78.44907633333334], [17.3635775, 78.44907616666666], [17.363579666666666, 78.44907616666666], [17.363582, 78.44907616666666], [17.363584166666666, 78.44907616666666], [17.363586166666668, 78.44907616666666], [17.363588166666666, 78.44907616666666], [17.363590166666665, 78.449076], [17.36359183333333, 78.449076], [17.363593166666664, 78.44907583333334], [17.363594499999998, 78.44907583333334], [17.363595666666665, 78.44907583333334], [17.363597000000002, 78.44907566666667], [17.36359816666667, 78.44907566666667], [17.363599333333333, 78.44907549999999], [17.3636005, 78.44907549999999], [17.363602, 78.44907533333334], [17.363603666666666, 78.44907516666667], [17.363605833333335, 78.44907516666667], [17.363608833333334, 78.44907483333333], [17.3636125, 78.44907450000001], [17.363616999999998, 78.44907400000001], [17.3636215, 78.44907366666666], [17.36362666666667, 78.449073], [17.3636315, 78.4490725], [17.363636666666665, 78.44907183333333], [17.363642000000002, 78.44907116666667], [17.363647, 78.4490705], [17.3636525, 78.44906966666667], [17.36365783333333, 78.449069], [17.36366333333333, 78.44906833333333], [17.363668833333335, 78.4490675], [17.363674333333332, 78.44906683333333], [17.363679833333332, 78.44906599999999], [17.3636855, 78.44906533333332], [17.36369116666667, 78.4490645], [17.363696833333332, 78.44906383333334], [17.363702666666665, 78.449063], [17.36370833333333, 78.44906216666666], [17.363714166666668, 78.44906133333333], [17.363719833333334, 78.44906066666667], [17.363725666666667, 78.44905983333334], [17.363731499999997, 78.449059], [17.363737166666667, 78.44905816666666], [17.363743166666666, 78.44905733333333], [17.3637485, 78.44905650000001], [17.363753999999997, 78.44905566666667], [17.3637595, 78.44905483333334], [17.363765, 78.44905399999999], [17.36377033333333, 78.44905316666667], [17.3637755, 78.44905233333334], [17.3637805, 78.4490515], [17.3637855, 78.44905066666666], [17.3637905, 78.44904983333332], [17.363795333333332, 78.449049], [17.363800333333334, 78.44904816666667], [17.363805333333335, 78.44904733333333], [17.363810333333333, 78.4490465], [17.36381533333333, 78.44904566666668], [17.3638205, 78.44904483333333], [17.3638255, 78.449044], [17.3638305, 78.44904316666666], [17.363835833333333, 78.44904233333334], [17.363840666666665, 78.4490415], [17.3638455, 78.44904066666666], [17.3638505, 78.44903983333333], [17.363855333333333, 78.449039], [17.363860166666665, 78.44903816666667], [17.363864999999997, 78.44903733333334], [17.36387016666667, 78.44903649999999], [17.363875333333333, 78.44903566666667], [17.363880166666668, 78.44903483333333], [17.363885, 78.449034], [17.363890166666668, 78.44903316666667], [17.36389516666667, 78.44903233333334], [17.363900333333333, 78.4490315], [17.363905166666665, 78.44903066666667], [17.363910333333333, 78.44902983333333], [17.363915333333335, 78.44902900000001], [17.36392066666667, 78.44902816666666], [17.3639255, 78.44902733333333], [17.363930666666665, 78.4490265], [17.363935666666666, 78.44902566666666], [17.363940833333334, 78.44902483333334], [17.363946166666665, 78.449024], [17.36395183333333, 78.44902316666666], [17.363957833333334, 78.44902233333333], [17.363963833333333, 78.4490215], [17.3639695, 78.4490205], [17.363974833333334, 78.44901983333332], [17.363980166666668, 78.44901899999999], [17.363985333333336, 78.44901833333333], [17.363990666666666, 78.44901750000001], [17.363995833333334, 78.44901666666667], [17.364001, 78.449016], [17.364006166666666, 78.44901516666667], [17.3640115, 78.44901433333332], [17.364016499999998, 78.4490135], [17.364021666666666, 78.44901266666668], [17.364027, 78.44901183333333], [17.364032166666668, 78.449011], [17.3640375, 78.44901016666667], [17.364042666666666, 78.44900933333334], [17.364048, 78.4490085], [17.364053666666667, 78.44900766666666], [17.364059833333332, 78.44900683333334], [17.364066166666664, 78.44900583333333], [17.36407266666667, 78.449005], [17.364079, 78.44900416666665], [17.364085499999998, 78.44900333333334], [17.364092000000003, 78.44900266666667], [17.364098000000002, 78.44900183333333], [17.364104, 78.44900116666666], [17.364109666666664, 78.44900033333333], [17.364115333333334, 78.4489995], [17.364121, 78.44899883333332], [17.3641265, 78.448998], [17.36413183333333, 78.44899716666667], [17.36413716666667, 78.4489965], [17.3641425, 78.44899566666666], [17.364148, 78.44899483333333], [17.364153166666664, 78.448994], [17.364158333333332, 78.44899333333333], [17.364163666666666, 78.4489925], [17.364169, 78.44899183333334], [17.364174166666665, 78.44899099999999], [17.364179333333333, 78.44899016666666], [17.364184333333334, 78.4489895], [17.364189666666668, 78.44898866666668], [17.364194833333332, 78.44898783333333], [17.364200166666667, 78.448987], [17.364205333333334, 78.44898633333334], [17.364210500000002, 78.44898549999999], [17.364215666666666, 78.44898466666668], [17.364220666666665, 78.44898383333333], [17.364226, 78.44898316666666], [17.364231166666666, 78.44898233333333], [17.3642365, 78.4489815], [17.364241666666665, 78.44898066666666], [17.364247166666665, 78.44897983333334], [17.364253, 78.448979], [17.364259166666667, 78.44897833333333], [17.364265666666665, 78.4489775], [17.364271666666664, 78.44897666666667], [17.3642775, 78.44897583333334], [17.364283333333333, 78.44897516666667], [17.364288833333333, 78.44897433333334], [17.36429433333333, 78.44897366666667], [17.364299833333334, 78.44897283333333], [17.364305333333334, 78.448972], [17.364310666666665, 78.44897133333333], [17.364315833333333, 78.4489705], [17.364321166666667, 78.44896966666667], [17.364326333333334, 78.44896883333332], [17.3643315, 78.44896816666666], [17.364336666666667, 78.44896733333333], [17.364342, 78.44896650000001], [17.36434716666667, 78.44896566666667], [17.36435283333333, 78.44896483333333], [17.364358499999998, 78.44896399999999], [17.3643645, 78.44896316666667], [17.364371000000002, 78.44896233333334], [17.364377666666666, 78.4489615], [17.36438433333333, 78.44896066666666], [17.364390833333335, 78.44895983333332], [17.364397, 78.448959], [17.364402833333333, 78.44895833333334], [17.364408500000003, 78.44895766666667], [17.364414, 78.44895700000001], [17.364419333333334, 78.44895616666666], [17.364425166666667, 78.44895533333333], [17.3644305, 78.44895466666667], [17.364436166666668, 78.44895383333333], [17.364441666666668, 78.44895316666666], [17.364447166666665, 78.44895233333334], [17.364452500000002, 78.4489515], [17.364457666666667, 78.44895083333334], [17.364463, 78.44895], [17.364468166666665, 78.44894916666667], [17.364473166666667, 78.4489485], [17.3644785, 78.44894766666667], [17.3644835, 78.44894683333334], [17.364488666666666, 78.44894599999999], [17.364494166666667, 78.44894516666666], [17.364499833333333, 78.44894433333334], [17.36450616666667, 78.4489435], [17.364512666666666, 78.44894266666667], [17.364519166666664, 78.44894183333334], [17.364525833333335, 78.448941], [17.364532333333333, 78.44894016666667], [17.3645385, 78.44893950000001], [17.3645445, 78.44893866666666], [17.364550333333334, 78.448938], [17.364556, 78.44893733333333], [17.364561499999997, 78.4489365], [17.364567, 78.44893583333334], [17.364572333333335, 78.44893499999999], [17.364577666666666, 78.44893433333333], [17.364582666666667, 78.44893350000001], [17.364588, 78.44893266666666], [17.364593333333335, 78.448932], [17.364598666666666, 78.44893116666667], [17.364604, 78.44893033333332], [17.364608999999998, 78.44892966666666], [17.36461416666667, 78.44892883333334], [17.364619333333334, 78.44892816666668], [17.364624499999998, 78.44892733333333], [17.3646295, 78.44892666666667], [17.364634666666667, 78.44892583333333], [17.36464, 78.44892499999999], [17.364645166666666, 78.44892416666667], [17.3646505, 78.44892333333334], [17.364655833333334, 78.44892266666668], [17.364661666666667, 78.44892183333333], [17.364667999999998, 78.44892083333335], [17.364673999999997, 78.44892016666667], [17.364679833333334, 78.44891933333334], [17.364685166666668, 78.44891866666667], [17.364690666666668, 78.44891783333334], [17.364696, 78.44891716666666], [17.364701333333336, 78.44891633333333], [17.364706666666667, 78.44891566666666], [17.364711833333335, 78.44891483333335], [17.364717, 78.448914], [17.364721999999997, 78.44891316666667], [17.364727000000002, 78.44891233333333], [17.364731833333334, 78.4489115], [17.364736833333332, 78.44891066666668], [17.364742166666666, 78.44890983333333], [17.364747666666666, 78.448909], [17.364753666666665, 78.448908], [17.364759833333334, 78.44890699999999], [17.364766, 78.44890616666666], [17.364772333333335, 78.44890516666666], [17.364778833333332, 78.44890433333333], [17.364785333333334, 78.44890333333333], [17.364791833333335, 78.4489025], [17.3647985, 78.44890149999999], [17.364805166666667, 78.44890066666667], [17.364812166666663, 78.44889966666666], [17.364818833333334, 78.44889883333333], [17.364825833333335, 78.448898], [17.364832666666665, 78.448897], [17.364839166666666, 78.44889616666666], [17.364845166666665, 78.44889549999999], [17.364850833333332, 78.44889466666667], [17.3648565, 78.44889383333334], [17.36486216666667, 78.448893], [17.3648675, 78.44889216666667], [17.364873, 78.44889133333332], [17.364878166666664, 78.4488905], [17.3648835, 78.44888966666667], [17.364889166666668, 78.44888883333333], [17.364895333333333, 78.44888783333334], [17.3649015, 78.44888683333333], [17.364908, 78.44888583333334], [17.364914666666667, 78.448885], [17.364921499999998, 78.44888399999999], [17.364928333333335, 78.44888316666668], [17.364935166666665, 78.44888216666666], [17.36494233333333, 78.44888133333333], [17.36494916666667, 78.4488805], [17.364955833333333, 78.44887983333334], [17.3649625, 78.448879], [17.364968666666666, 78.44887833333334], [17.364974833333335, 78.4488775], [17.364981, 78.44887683333333], [17.3649865, 78.448876], [17.364992166666664, 78.44887533333333], [17.364998, 78.4488745], [17.3650035, 78.44887383333334], [17.36500883333333, 78.448873], [17.36501433333333, 78.44887216666666], [17.365019833333335, 78.44887133333333], [17.365025, 78.44887050000001], [17.365030333333333, 78.44886983333335], [17.365035666666664, 78.448869], [17.365041166666668, 78.44886816666667], [17.365047166666667, 78.44886733333333], [17.365053333333332, 78.4488665], [17.36505983333333, 78.4488655], [17.3650665, 78.44886466666667], [17.365073, 78.44886383333333], [17.365079666666666, 78.448863], [17.365086, 78.44886233333334], [17.365092, 78.4488615], [17.365098333333332, 78.44886083333334], [17.365104499999998, 78.44886], [17.365110333333334, 78.44885933333333], [17.365116333333333, 78.44885866666667], [17.365122333333332, 78.44885783333334], [17.36512816666667, 78.44885716666666], [17.36513366666667, 78.44885633333334], [17.365139166666665, 78.44885566666667], [17.365144666666666, 78.44885483333334], [17.36515016666667, 78.448854], [17.365155666666666, 78.44885316666667], [17.365161, 78.44885233333333], [17.3651665, 78.4488515], [17.36517183333333, 78.44885066666667], [17.365177000000003, 78.44884983333333], [17.3651825, 78.44884900000001], [17.365188, 78.44884816666666], [17.3651935, 78.44884733333333], [17.365199333333333, 78.4488465], [17.365205666666668, 78.44884566666666], [17.365212166666666, 78.44884466666667], [17.365218833333333, 78.44884383333333], [17.3652255, 78.448843], [17.365232166666665, 78.44884216666667], [17.365238833333333, 78.4488415], [17.365245, 78.44884066666667], [17.365250666666668, 78.44884], [17.365256666666667, 78.44883916666666], [17.365263000000002, 78.4488385], [17.365268333333333, 78.44883783333333], [17.365273833333333, 78.448837], [17.365279333333334, 78.44883616666667], [17.365284666666664, 78.4488355], [17.365289833333335, 78.44883466666667], [17.365295, 78.448834], [17.365300166666668, 78.44883333333334], [17.365305499999998, 78.4488325], [17.365310833333336, 78.44883166666666], [17.365316, 78.448831], [17.3653215, 78.44883016666667], [17.36532683333333, 78.44882933333334], [17.36533216666667, 78.4488285], [17.36533766666667, 78.44882766666666], [17.365343166666666, 78.448827], [17.365348666666666, 78.44882616666668], [17.365354, 78.44882533333333], [17.3653595, 78.4488245], [17.365364833333334, 78.44882366666667], [17.365370166666665, 78.44882299999999], [17.365375833333335, 78.44882216666666], [17.365381666666668, 78.44882133333334], [17.3653875, 78.4488205], [17.365392999999997, 78.44881966666667], [17.365398333333335, 78.44881883333333], [17.365403833333335, 78.448818], [17.3654095, 78.44881716666667], [17.365415, 78.44881633333333], [17.365420333333336, 78.4488155], [17.365425833333333, 78.44881466666668], [17.365431833333332, 78.44881383333333], [17.365438333333334, 78.448813], [17.365445166666667, 78.448812], [17.365452, 78.44881116666667], [17.36545883333333, 78.44881033333333], [17.36546566666667, 78.4488095], [17.365472, 78.44880866666668], [17.365478333333332, 78.44880783333333], [17.365484166666665, 78.44880716666667], [17.365490166666667, 78.44880633333334], [17.365495666666668, 78.44880566666667], [17.3655015, 78.44880483333333], [17.36550683333333, 78.44880400000001], [17.36551216666667, 78.44880316666666], [17.365517666666666, 78.44880233333333], [17.365523, 78.4488015], [17.3655285, 78.44880083333334], [17.365534166666666, 78.44879999999999], [17.365539333333334, 78.44879916666667], [17.365544833333335, 78.44879833333333], [17.36555033333333, 78.4487975], [17.365555833333335, 78.44879666666667], [17.365561500000002, 78.44879583333334], [17.3655675, 78.448795], [17.365573833333332, 78.44879399999999], [17.365580166666668, 78.44879316666668], [17.365587, 78.44879216666666], [17.365593666666665, 78.44879133333333], [17.365600500000003, 78.4487905], [17.365607333333333, 78.44878966666667], [17.365614, 78.44878883333334], [17.36562, 78.44878816666666], [17.365625833333336, 78.44878733333333], [17.365631833333335, 78.44878666666666], [17.365637833333334, 78.44878583333335], [17.365643833333333, 78.448785], [17.3656495, 78.44878433333334], [17.3656555, 78.4487835], [17.365661166666666, 78.44878266666666], [17.365666833333332, 78.44878183333334], [17.365672333333336, 78.448781], [17.365677833333333, 78.44878033333333], [17.365683166666667, 78.4487795], [17.365688666666664, 78.44877866666667], [17.365694166666668, 78.44877783333332], [17.365699666666668, 78.448777], [17.365705333333334, 78.44877616666666], [17.36571083333333, 78.4487755], [17.365716333333335, 78.44877466666667], [17.365721833333335, 78.44877383333333], [17.365727333333332, 78.448773], [17.365732666666666, 78.44877216666667], [17.365738166666667, 78.44877133333333], [17.3657435, 78.4487705], [17.365749, 78.44876966666668], [17.365754499999998, 78.44876883333333], [17.36575966666667, 78.448768], [17.365765, 78.44876733333334], [17.365771, 78.44876633333334], [17.365776999999998, 78.44876550000001], [17.365783500000003, 78.44876466666666], [17.365790166666667, 78.44876366666668], [17.365796666666665, 78.44876283333333], [17.365803333333336, 78.448762], [17.365809833333334, 78.44876116666666], [17.365816666666667, 78.44876033333334], [17.365823, 78.44875950000001], [17.365829166666668, 78.44875866666666], [17.365834833333334, 78.448758], [17.365840666666667, 78.44875716666667], [17.365846166666664, 78.4487565], [17.3658515, 78.44875566666666], [17.365857000000002, 78.44875483333334], [17.365862333333332, 78.448754], [17.365867666666666, 78.44875316666666], [17.365873, 78.44875233333333], [17.365878333333335, 78.44875133333333], [17.365884, 78.4487505], [17.36589, 78.4487495], [17.36589616666667, 78.44874866666667], [17.3659025, 78.44874766666666], [17.365908833333332, 78.44874666666666], [17.36591533333333, 78.44874583333333], [17.365921833333335, 78.44874483333334], [17.3659285, 78.44874383333334], [17.365935333333333, 78.448743], [17.365942333333333, 78.448742], [17.365949333333333, 78.448741], [17.365956333333333, 78.44874016666667], [17.365963333333333, 78.44873916666667], [17.3659705, 78.44873816666667], [17.365977833333332, 78.44873733333334], [17.36598466666667, 78.44873633333333], [17.365991833333332, 78.44873550000001], [17.365998333333334, 78.4487345], [17.366004333333333, 78.44873366666667], [17.366010333333335, 78.44873283333332], [17.366016166666668, 78.448732], [17.366021999999997, 78.44873116666666], [17.36602783333333, 78.44873033333333], [17.3660335, 78.4487295], [17.366039, 78.44872866666667], [17.366044666666667, 78.44872766666667], [17.366050499999997, 78.44872683333332], [17.366056833333335, 78.44872583333334], [17.366063166666667, 78.44872483333333], [17.366069666666665, 78.448724], [17.36607616666667, 78.448723], [17.366082666666667, 78.44872216666666], [17.36608933333333, 78.44872116666667], [17.36609616666667, 78.44872033333333], [17.36610316666667, 78.4487195], [17.36611033333333, 78.4487185], [17.36611733333333, 78.44871766666667], [17.366123833333333, 78.44871683333334], [17.36613, 78.448716], [17.366135999999997, 78.44871516666667], [17.366142, 78.44871433333333], [17.36614816666667, 78.4487135], [17.366153999999998, 78.44871266666668], [17.36615983333333, 78.44871183333333], [17.366165333333335, 78.448711], [17.366171, 78.44871016666666], [17.366176499999998, 78.44870949999999], [17.366182, 78.44870866666666], [17.36618766666667, 78.44870783333334], [17.366193666666668, 78.448707], [17.366199833333333, 78.44870616666667], [17.36620633333333, 78.44870533333332], [17.36621266666667, 78.44870433333334], [17.366218833333335, 78.44870366666667], [17.366224666666668, 78.44870283333333], [17.366230499999997, 78.44870216666666], [17.3662365, 78.44870133333333], [17.366242333333332, 78.4487005], [17.366248166666665, 78.44869983333334], [17.366253833333335, 78.448699], [17.3662595, 78.44869833333334], [17.36626516666667, 78.4486975], [17.36627083333333, 78.44869666666666], [17.366276000000003, 78.448696], [17.366281166666667, 78.44869516666667], [17.366286333333335, 78.44869433333334], [17.366291333333333, 78.4486935], [17.36629633333333, 78.44869266666666], [17.366301166666666, 78.448692], [17.366305833333335, 78.448691], [17.3663105, 78.44869016666667], [17.366315333333333, 78.44868916666665], [17.366319833333332, 78.44868816666667], [17.366324333333335, 78.44868716666666], [17.366328333333335, 78.44868616666666], [17.366332333333332, 78.44868516666666], [17.366336333333333, 78.448684], [17.366340166666664, 78.448683], [17.366343833333335, 78.44868183333332], [17.366347166666667, 78.44868066666666], [17.366350333333333, 78.4486795], [17.366353333333333, 78.44867833333333], [17.366355833333333, 78.44867733333334], [17.366358333333334, 78.44867599999999], [17.366360666666665, 78.44867500000001], [17.366362166666665, 78.44867383333333], [17.36636383333333, 78.44867266666667], [17.366366000000003, 78.44867166666667], [17.3663685, 78.44867049999999], [17.366371, 78.44866933333333], [17.366373166666666, 78.44866816666666], [17.366375, 78.44866699999999], [17.366377, 78.448666], [17.3663785, 78.44866499999999], [17.366380166666666, 78.448664], [17.366381666666665, 78.44866316666666], [17.366382666666667, 78.44866216666667], [17.366383666666664, 78.44866133333333], [17.366384666666665, 78.4486605], [17.366385666666666, 78.44865966666666], [17.366386666666664, 78.44865883333334], [17.36638783333333, 78.448658], [17.366389166666668, 78.44865716666666], [17.366390666666668, 78.44865633333333], [17.366393000000002, 78.44865533333333], [17.366396, 78.4486545], [17.366399666666666, 78.4486535], [17.366403833333333, 78.44865266666667], [17.3664085, 78.44865183333333], [17.366413333333334, 78.44865116666666], [17.366418333333336, 78.44865033333333], [17.3664235, 78.44864966666667], [17.366429166666666, 78.44864899999999], [17.366434833333336, 78.44864833333332], [17.366441000000002, 78.44864783333334], [17.3664475, 78.44864716666666], [17.366453999999997, 78.44864666666668], [17.366461166666667, 78.44864616666668], [17.366468666666666, 78.44864566666666], [17.366476499999997, 78.44864516666667], [17.366484333333336, 78.4486445], [17.366492833333332, 78.448644], [17.366501000000003, 78.44864366666667], [17.366508500000002, 78.44864316666667], [17.366515833333334, 78.44864283333332], [17.366523833333336, 78.44864233333332], [17.366531666666667, 78.44864183333334], [17.366539333333332, 78.4486415], [17.366547166666667, 78.44864116666666], [17.366555166666668, 78.44864066666668], [17.36656233333333, 78.44864033333333], [17.366569166666668, 78.44863983333333], [17.366576000000002, 78.4486395], [17.366582833333332, 78.44863916666667], [17.366589666666666, 78.44863866666667], [17.3665965, 78.44863816666665], [17.366603333333334, 78.44863749999999], [17.366610166666664, 78.44863699999999], [17.366617, 78.44863633333333], [17.366623666666666, 78.44863566666666], [17.366630166666667, 78.44863516666666], [17.366636833333335, 78.4486345], [17.366643333333332, 78.44863383333333], [17.36665, 78.44863333333333], [17.366656499999998, 78.44863266666667], [17.366662833333333, 78.448632], [17.3666695, 78.44863133333334], [17.366676, 78.44863066666667], [17.36668266666667, 78.44863016666666], [17.366689166666667, 78.4486295], [17.366695666666665, 78.44862883333333], [17.366702166666666, 78.44862816666667], [17.3667085, 78.4486275], [17.366714833333333, 78.448627], [17.36672133333333, 78.44862633333334], [17.366727500000003, 78.44862566666667], [17.366734, 78.44862499999999], [17.366740333333333, 78.44862433333333], [17.366746666666664, 78.44862366666666], [17.366753000000003, 78.448623], [17.3667595, 78.44862233333333], [17.366765666666666, 78.44862166666667], [17.366772166666667, 78.448621], [17.366778500000002, 78.44862033333334], [17.366784666666668, 78.44861966666667], [17.366791, 78.448619], [17.3667975, 78.44861833333333], [17.366803833333332, 78.4486175], [17.366810166666667, 78.44861683333333], [17.366816500000002, 78.44861616666667], [17.366822833333334, 78.4486155], [17.366829166666665, 78.44861483333334], [17.366835499999997, 78.44861399999999], [17.366841833333336, 78.44861333333333], [17.366848166666667, 78.44861250000001], [17.3668545, 78.44861183333335], [17.36686116666667, 78.44861116666667], [17.366867833333334, 78.44861033333333], [17.36687433333333, 78.44860966666667], [17.366881, 78.44860883333334], [17.3668875, 78.448608], [17.36689416666667, 78.44860733333333], [17.3669005, 78.44860666666666], [17.366907, 78.44860583333335], [17.3669135, 78.448605], [17.366920166666667, 78.44860433333334], [17.366926499999998, 78.4486035], [17.36693316666667, 78.44860283333334], [17.3669395, 78.448602], [17.366946, 78.44860133333333], [17.3669525, 78.44860050000001], [17.366958833333335, 78.44859966666667], [17.366965, 78.448599], [17.366971166666666, 78.44859816666667], [17.366976833333336, 78.4485975], [17.36698266666667, 78.44859683333334], [17.366988, 78.448596], [17.366992999999997, 78.44859533333333], [17.366997833333336, 78.44859466666666], [17.3670025, 78.44859383333333], [17.367007166666667, 78.448593], [17.367011666666667, 78.44859199999999], [17.367016166666666, 78.44859116666666], [17.367021333333334, 78.44859016666666], [17.367026833333334, 78.44858916666666], [17.367032, 78.44858816666667], [17.367037333333332, 78.44858716666666], [17.367042333333334, 78.44858633333334], [17.36704716666667, 78.44858533333333], [17.367051833333335, 78.4485845], [17.367056666666667, 78.44858366666668], [17.367061999999997, 78.44858266666667], [17.367067666666667, 78.44858183333334], [17.367073833333333, 78.44858083333334], [17.367080333333334, 78.44857983333333], [17.367086333333337, 78.44857900000001], [17.367092333333336, 78.448578], [17.367099, 78.44857733333333], [17.367106166666666, 78.4485765], [17.367113333333336, 78.44857566666666], [17.367120333333332, 78.44857499999999], [17.367127333333332, 78.44857416666667], [17.367134166666666, 78.44857350000001], [17.367140666666668, 78.44857283333334], [17.367146833333333, 78.44857216666666], [17.367153166666665, 78.4485715], [17.367159666666666, 78.44857083333333], [17.3671655, 78.44857016666667], [17.367171499999998, 78.4485695], [17.367177666666667, 78.44856866666667], [17.367183833333335, 78.448568], [17.367189666666665, 78.44856733333333], [17.367195666666664, 78.44856666666666], [17.367201333333334, 78.448566], [17.367207, 78.44856516666667], [17.3672125, 78.4485645], [17.367218166666664, 78.44856383333334], [17.367223666666668, 78.448563], [17.367229333333334, 78.44856233333333], [17.367234833333335, 78.44856150000001], [17.367240499999998, 78.44856083333335], [17.367246, 78.44856], [17.367251333333336, 78.44855933333334], [17.367256666666666, 78.4485585], [17.367262166666666, 78.44855783333334], [17.367267666666667, 78.448557], [17.367273166666667, 78.44855616666668], [17.3672785, 78.44855550000001], [17.367283666666665, 78.44855466666667], [17.36728916666667, 78.44855383333334], [17.3672945, 78.44855316666667], [17.367299833333334, 78.44855233333332], [17.367304999999998, 78.4485515], [17.367310333333332, 78.44855083333333], [17.367315666666666, 78.44855], [17.367321, 78.44854916666667], [17.36732633333333, 78.44854833333333], [17.367331999999998, 78.44854749999999], [17.367338166666666, 78.44854666666667], [17.3673445, 78.44854583333334], [17.367350833333333, 78.448545], [17.367357333333334, 78.44854416666666], [17.36736416666667, 78.44854333333333], [17.367371, 78.4485425], [17.36737733333333, 78.44854166666667], [17.367383333333333, 78.44854099999999], [17.367389166666666, 78.44854033333333], [17.367395166666665, 78.4485395], [17.36740133333333, 78.44853883333333], [17.367407333333333, 78.448538], [17.367413166666665, 78.44853733333333], [17.367418999999998, 78.4485365], [17.36742466666667, 78.44853583333334], [17.3674305, 78.44853516666667], [17.367436, 78.44853433333333], [17.367441666666664, 78.44853366666666], [17.36744716666667, 78.44853283333333], [17.367452166666666, 78.44853199999999], [17.3674575, 78.44853133333332], [17.3674625, 78.4485305], [17.367467833333333, 78.44852966666667], [17.367472666666668, 78.44852883333333], [17.367477833333332, 78.448528], [17.367483, 78.44852716666666], [17.367488666666667, 78.44852633333333], [17.367494500000003, 78.44852533333332], [17.36750066666667, 78.44852433333334], [17.367507, 78.4485235], [17.36751333333333, 78.44852250000001], [17.367519833333333, 78.4485215], [17.367526333333334, 78.44852066666667], [17.367532833333332, 78.44851966666667], [17.367538833333334, 78.44851883333334], [17.367544333333335, 78.44851799999999], [17.3675495, 78.44851716666668], [17.367553833333332, 78.44851633333333], [17.367557833333333, 78.4485155], [17.3675615, 78.44851483333333], [17.367565000000003, 78.44851416666667], [17.367568333333335, 78.44851366666667], [17.3675715, 78.448513], [17.367574166666667, 78.4485125], [17.367577166666667, 78.44851183333334], [17.367579999999997, 78.44851133333333], [17.3675825, 78.448511], [17.367585166666668, 78.44851050000001], [17.3675875, 78.44851], [17.367589666666667, 78.4485095], [17.367591666666666, 78.448509], [17.367593833333334, 78.44850866666667], [17.367596, 78.44850816666667], [17.367597999999997, 78.44850783333332], [17.3676, 78.4485075], [17.367601999999998, 78.448507], [17.367603999999996, 78.44850666666666], [17.367605833333336, 78.44850616666666], [17.367607500000002, 78.44850583333333], [17.367609166666668, 78.4485055], [17.367610833333334, 78.44850516666666], [17.367612333333334, 78.44850483333333], [17.367613833333333, 78.4485045], [17.367615166666667, 78.44850416666667], [17.367616666666667, 78.448504], [17.367618, 78.44850366666667], [17.3676195, 78.44850333333333], [17.367620833333334, 78.448503], [17.367621999999997, 78.44850266666667], [17.36762333333333, 78.44850249999999], [17.367624499999998, 78.44850216666667], [17.36762633333333, 78.44850183333332], [17.36762866666667, 78.4485015], [17.367631833333334, 78.44850116666666], [17.367636166666667, 78.44850083333334], [17.3676405, 78.4485005], [17.3676455, 78.44850016666666], [17.367650833333336, 78.44849983333333], [17.367656166666666, 78.4484995], [17.367662499999998, 78.44849916666666], [17.36766833333333, 78.44849866666667], [17.367673833333335, 78.44849833333333], [17.36767916666667, 78.44849783333333], [17.3676845, 78.4484975], [17.367689833333333, 78.448497], [17.367695333333334, 78.44849666666667], [17.367700666666668, 78.44849616666667], [17.367706166666668, 78.44849583333333], [17.36771183333333, 78.44849533333333], [17.3677175, 78.44849500000001], [17.3677235, 78.4484945], [17.3677295, 78.44849416666666], [17.367735666666665, 78.44849366666668], [17.367742, 78.44849333333333], [17.367748333333335, 78.448493], [17.3677545, 78.44849266666667], [17.367760999999998, 78.44849233333333], [17.367767333333333, 78.448492], [17.367773666666668, 78.44849166666667], [17.36778, 78.44849133333334], [17.36778616666667, 78.448491], [17.367792833333333, 78.44849066666667], [17.367799166666668, 78.44849033333334], [17.367805666666666, 78.44849016666667], [17.367812166666667, 78.44848999999999], [17.367818833333335, 78.44848983333333], [17.367825666666665, 78.44848950000001], [17.367832500000002, 78.44848950000001], [17.367839, 78.44848933333333], [17.367845666666664, 78.44848933333333], [17.36785216666667, 78.44848933333333], [17.367858833333333, 78.44848933333333], [17.367866, 78.44848933333333], [17.367873166666666, 78.44848933333333], [17.367880333333336, 78.44848916666666], [17.3678875, 78.44848916666666], [17.367894666666665, 78.44848916666666], [17.367901500000002, 78.44848916666666], [17.367908166666666, 78.44848900000001], [17.367915, 78.44848900000001], [17.3679215, 78.44848900000001], [17.367928166666665, 78.44848883333334], [17.367934833333333, 78.44848883333334], [17.367941499999997, 78.44848883333334], [17.367948000000002, 78.44848883333334], [17.367954666666666, 78.44848883333334], [17.367961166666664, 78.44848883333334], [17.36796766666667, 78.44848883333334], [17.367974333333333, 78.44848883333334], [17.367980833333334, 78.44848883333334], [17.3679875, 78.44848900000001], [17.367994, 78.44848900000001], [17.3680005, 78.44848916666666], [17.368007, 78.44848933333333], [17.3680135, 78.44848933333333], [17.368019833333335, 78.44848950000001], [17.368026166666667, 78.44848966666667], [17.368032333333336, 78.44848983333333], [17.368038666666667, 78.44848999999999], [17.368044833333332, 78.44849016666667], [17.368050999999998, 78.44849049999999], [17.368057166666667, 78.44849066666667], [17.368063333333335, 78.44849083333334], [17.368069666666667, 78.44849116666666], [17.36807633333333, 78.44849133333334], [17.3680835, 78.44849166666667], [17.368090666666667, 78.44849216666667], [17.368098, 78.4484925], [17.368105166666666, 78.448493], [17.3681125, 78.44849366666668], [17.36811983333333, 78.44849416666666], [17.368127, 78.44849483333334], [17.368134166666668, 78.4484955], [17.368140999999998, 78.44849616666667], [17.368147833333335, 78.44849683333334], [17.36815483333333, 78.44849766666667], [17.368161666666666, 78.44849833333333], [17.368168500000003, 78.44849916666666], [17.368175333333333, 78.4485], [17.368182, 78.44850100000001], [17.368188666666665, 78.44850183333332], [17.368195166666666, 78.44850283333334], [17.368201666666668, 78.44850383333333], [17.368207833333333, 78.44850483333333], [17.368214000000002, 78.44850583333333], [17.368219833333335, 78.448507], [17.368225833333334, 78.44850799999999], [17.3682315, 78.44850916666665], [17.368237166666667, 78.44851033333333], [17.3682425, 78.4485115], [17.368248, 78.44851283333334], [17.36825333333333, 78.44851399999999], [17.368258500000003, 78.44851533333333], [17.368263833333334, 78.44851650000001], [17.36826883333333, 78.44851783333334], [17.3682735, 78.44851916666667], [17.36827783333333, 78.44852066666667], [17.368282333333333, 78.448522], [17.3682865, 78.44852333333333], [17.368290666666667, 78.44852466666666], [17.368294833333334, 78.44852583333333], [17.36829883333333, 78.44852716666666], [17.36830266666667, 78.44852850000001], [17.368306333333333, 78.44852966666667], [17.368310166666667, 78.44853083333334], [17.368314, 78.44853199999999], [17.368317833333332, 78.44853333333334], [17.3683215, 78.44853466666667], [17.368325000000002, 78.44853616666666], [17.368328333333334, 78.4485375], [17.3683315, 78.448539], [17.3683345, 78.44854050000001], [17.368337166666667, 78.448542], [17.368339666666667, 78.44854366666667], [17.368341833333332, 78.44854516666666], [17.368343666666664, 78.44854683333332], [17.36834483333333, 78.4485485], [17.368345833333333, 78.44855033333333], [17.368347000000004, 78.448552], [17.368347833333335, 78.44855366666667], [17.368348833333336, 78.44855533333333], [17.368349333333335, 78.448557], [17.368349333333335, 78.44855866666667], [17.36834916666667, 78.44856016666667], [17.36834866666667, 78.44856150000001], [17.368347833333335, 78.44856283333334], [17.36834683333333, 78.448564], [17.368345666666666, 78.44856516666667], [17.368344166666667, 78.44856633333333], [17.368342666666667, 78.44856733333333], [17.368341333333333, 78.44856816666667], [17.368339833333334, 78.44856916666666], [17.3683385, 78.44856983333334], [17.368337, 78.44857066666667], [17.368335333333334, 78.44857133333333], [17.368334, 78.448572], [17.368332333333335, 78.4485725], [17.368331, 78.44857283333334], [17.3683295, 78.448573], [17.368327833333336, 78.44857316666666], [17.36832616666667, 78.44857316666666], [17.368324500000003, 78.44857333333333], [17.368322499999998, 78.44857333333333], [17.368320333333333, 78.44857350000001], [17.368317666666666, 78.44857383333333], [17.3683145, 78.44857433333333], [17.3683105, 78.44857483333334], [17.368305666666668, 78.44857566666666], [17.3683005, 78.4485765], [17.3682945, 78.44857733333333], [17.368288, 78.44857816666666], [17.368280666666667, 78.44857900000001], [17.368272833333332, 78.44857983333333], [17.36826466666667, 78.44858083333334], [17.368255833333333, 78.4485815], [17.368246833333334, 78.44858233333333], [17.36823766666667, 78.44858283333333], [17.3682285, 78.4485835], [17.368219500000002, 78.448584], [17.36821033333333, 78.44858433333334], [17.368201166666665, 78.44858466666666], [17.368191833333334, 78.44858483333334], [17.3681825, 78.44858500000001], [17.368173333333335, 78.44858500000001], [17.368164166666666, 78.44858483333334], [17.36815483333333, 78.44858466666666], [17.368145666666667, 78.4485845], [17.368136333333332, 78.44858433333334], [17.368127166666667, 78.448584], [17.368118166666665, 78.44858383333333], [17.368109333333333, 78.44858333333333], [17.368100666666667, 78.448583], [17.368092166666667, 78.4485825], [17.368083666666667, 78.448582], [17.3680755, 78.44858133333334], [17.368067166666666, 78.44858066666667], [17.36805916666667, 78.44857999999999], [17.368051166666664, 78.44857916666666], [17.368043333333333, 78.44857833333334], [17.368035666666668, 78.44857733333333], [17.368028166666665, 78.4485765], [17.368020833333333, 78.4485755], [17.368013666666666, 78.44857433333333], [17.368007, 78.44857333333333], [17.368000166666665, 78.44857233333333], [17.367993666666667, 78.44857116666667], [17.36798716666667, 78.44857016666667], [17.367981, 78.44856899999999], [17.367974833333335, 78.44856783333333], [17.367969000000002, 78.44856683333335], [17.367963166666666, 78.44856566666667], [17.3679575, 78.44856433333332], [17.367952166666665, 78.44856316666666], [17.367946833333335, 78.44856183333333], [17.367941666666663, 78.44856066666667], [17.367936666666665, 78.44855933333334], [17.367931833333333, 78.44855816666667], [17.367926833333335, 78.44855683333334], [17.367922166666666, 78.44855550000001], [17.367917499999997, 78.44855433333333], [17.36791283333333, 78.44855299999999], [17.367908166666666, 78.44855166666666], [17.367903666666667, 78.44855033333333], [17.367899666666666, 78.44854883333333], [17.367895666666666, 78.44854749999999], [17.367891666666665, 78.44854616666666], [17.367887833333334, 78.44854466666668], [17.367883833333334, 78.44854333333333], [17.367880166666666, 78.44854183333334], [17.367876666666668, 78.44854050000001], [17.367873666666664, 78.44853916666666], [17.367870666666665, 78.44853766666667], [17.367867999999998, 78.44853616666666], [17.3678655, 78.44853483333333], [17.367863166666666, 78.44853333333334], [17.367861, 78.44853183333333], [17.367859, 78.44853016666666], [17.367857, 78.44852850000001], [17.367855333333335, 78.44852666666667], [17.367853833333335, 78.44852483333334], [17.3678525, 78.44852316666667], [17.367851666666663, 78.44852133333333], [17.367851166666664, 78.4485195], [17.3678505, 78.44851766666667], [17.367850666666666, 78.44851583333335], [17.367851166666664, 78.44851399999999], [17.367851833333336, 78.44851216666666], [17.367853, 78.44851033333333], [17.367854333333334, 78.44850849999999], [17.367856, 78.44850666666666], [17.367858166666668, 78.44850483333333], [17.367860166666667, 78.448503], [17.367862666666667, 78.44850116666666], [17.3678655, 78.44849933333333], [17.367868666666666, 78.44849766666667], [17.367871833333332, 78.44849583333333], [17.367875333333334, 78.44849416666666], [17.36787916666667, 78.44849233333333], [17.367883, 78.44849066666667], [17.367888166666667, 78.44848916666666], [17.367892666666666, 78.44848766666668], [17.3678975, 78.44848616666667], [17.367902833333336, 78.44848466666667], [17.3679085, 78.44848316666666], [17.367914166666665, 78.44848183333333], [17.367920166666668, 78.44848033333332], [17.367926166666667, 78.44847916666666], [17.367932, 78.44847783333333], [17.367937833333333, 78.44847666666666], [17.367944166666668, 78.44847533333333], [17.367950166666667, 78.44847416666667], [17.367956666666664, 78.44847299999999], [17.367963166666666, 78.44847183333333], [17.367969666666667, 78.44847066666667], [17.3679765, 78.4484695], [17.36798333333333, 78.4484685], [17.36799016666667, 78.44846733333334], [17.367997166666665, 78.44846633333333], [17.368004166666665, 78.44846516666667], [17.368010833333337, 78.44846416666665], [17.368017333333334, 78.44846333333334], [17.368023666666666, 78.44846233333332], [17.36802983333333, 78.4484615], [17.368035833333334, 78.4484605], [17.368041666666667, 78.4484595], [17.368047666666666, 78.44845866666667], [17.3680535, 78.44845766666667], [17.368059000000002, 78.44845683333332], [17.3680645, 78.44845600000001], [17.368069666666667, 78.448455], [17.368074999999997, 78.44845416666666], [17.368080333333335, 78.44845316666667], [17.368085833333335, 78.44845233333334], [17.368091666666665, 78.44845149999999], [17.36809733333333, 78.44845066666667], [17.368103, 78.44844983333334], [17.368108833333334, 78.448449], [17.3681145, 78.44844816666667], [17.3681195, 78.4484475], [17.3681245, 78.44844683333334], [17.368129500000002, 78.448446], [17.3681345, 78.44844516666667], [17.368139666666664, 78.44844450000001], [17.368144500000003, 78.44844366666666], [17.368149833333334, 78.44844283333333], [17.368155, 78.44844216666667], [17.36816, 78.4484415], [17.3681655, 78.44844066666666], [17.368171166666666, 78.44843983333334], [17.368175, 78.44843916666667], [17.368179166666668, 78.44843850000001], [17.368183833333333, 78.44843783333334], [17.36818883333333, 78.44843716666666], [17.3681935, 78.4484365], [17.368198166666666, 78.44843583333333], [17.368203166666667, 78.44843516666667], [17.368208166666665, 78.4484345], [17.368213333333333, 78.44843383333334], [17.368218333333335, 78.44843316666667], [17.368223333333333, 78.44843250000001], [17.3682285, 78.44843183333334], [17.368233666666665, 78.44843116666667], [17.368238666666667, 78.4484305], [17.368243666666668, 78.44842983333334], [17.368249, 78.44842916666667], [17.3682545, 78.4484285], [17.368260000000003, 78.44842783333334], [17.368265666666666, 78.44842716666668], [17.3682715, 78.44842650000001], [17.368277, 78.44842583333335], [17.368282500000003, 78.44842516666667], [17.368288166666666, 78.44842466666667], [17.368294, 78.448424], [17.3682995, 78.44842333333332], [17.36830516666667, 78.44842266666666], [17.368310833333332, 78.44842216666666], [17.368316333333333, 78.4484215], [17.368322, 78.44842100000001], [17.36832766666667, 78.44842050000001], [17.368333333333332, 78.44841983333335], [17.368338833333333, 78.44841933333333], [17.3683445, 78.44841883333333], [17.368350000000003, 78.44841833333334], [17.368355333333334, 78.44841783333332], [17.368360833333334, 78.44841733333332], [17.36836633333333, 78.44841683333334], [17.368371833333335, 78.44841633333334], [17.368377333333335, 78.448416], [17.368383166666668, 78.4484155], [17.36838883333333, 78.44841500000001], [17.3683945, 78.44841466666666], [17.368400333333334, 78.44841416666667], [17.368406166666666, 78.44841383333333], [17.368411666666667, 78.4484135], [17.368417333333333, 78.448413], [17.368422666666667, 78.44841266666667], [17.3684275, 78.44841233333334], [17.368431833333332, 78.448412], [17.368435833333333, 78.44841166666667], [17.3684395, 78.4484115], [17.36844316666667, 78.44841116666666], [17.3684465, 78.44841100000001], [17.368449833333333, 78.44841066666666], [17.368453, 78.4484105], [17.368456, 78.44841033333334], [17.36845883333333, 78.44841], [17.368461333333336, 78.44840983333333], [17.368463666666667, 78.44840966666668], [17.368465833333335, 78.44840966666668], [17.368467833333334, 78.4484095], [17.368469666666666, 78.44840933333333], [17.368471666666668, 78.44840933333333], [17.368473333333334, 78.44840916666666], [17.368474666666668, 78.44840916666666], [17.368476166666667, 78.44840916666666], [17.36847733333333, 78.44840916666666], [17.3684785, 78.44840916666666], [17.368479833333332, 78.44840916666666], [17.368481166666665, 78.44840916666666], [17.368482333333336, 78.44840900000001], [17.3684835, 78.44840900000001], [17.368484833333333, 78.44840900000001], [17.368485833333335, 78.44840900000001], [17.368486833333336, 78.44840900000001], [17.368487833333333, 78.44840900000001], [17.368488833333334, 78.44840900000001], [17.368489833333335, 78.44840900000001], [17.368490833333333, 78.44840883333333], [17.368491666666667, 78.44840883333333], [17.3684925, 78.44840883333333], [17.368493333333333, 78.44840866666667], [17.368494166666668, 78.44840866666667], [17.368495166666666, 78.44840866666667], [17.368496166666667, 78.44840866666667], [17.3684975, 78.44840866666667], [17.368499, 78.44840866666667], [17.368501166666665, 78.4484085], [17.368503666666665, 78.4484085], [17.368506333333336, 78.4484085], [17.368509333333336, 78.4484085], [17.368513, 78.4484085], [17.368517, 78.4484085], [17.368521166666667, 78.44840866666667], [17.368525499999997, 78.44840866666667], [17.368530333333336, 78.44840866666667], [17.368535166666668, 78.44840883333333], [17.368540166666666, 78.44840883333333], [17.368545166666667, 78.44840900000001], [17.368549499999997, 78.44840900000001], [17.3685535, 78.44840916666666], [17.368556666666667, 78.44840916666666], [17.368559166666667, 78.44840916666666], [17.36856166666667, 78.44840916666666], [17.368563833333333, 78.44840916666666], [17.368565666666665, 78.44840916666666], [17.368567, 78.44840900000001], [17.3685685, 78.44840883333333], [17.3685695, 78.44840883333333], [17.368570166666665, 78.44840866666667], [17.368570833333333, 78.4484085], [17.368571666666664, 78.44840833333333], [17.368571999999997, 78.44840816666667], [17.368572833333335, 78.44840816666667], [17.3685735, 78.44840816666667], [17.36857416666667, 78.448408], [17.368575, 78.448408], [17.36857566666667, 78.448408], [17.368576166666667, 78.44840783333333], [17.36857666666667, 78.44840783333333], [17.368577333333334, 78.44840783333333], [17.368578, 78.44840766666667], [17.3685785, 78.44840766666667], [17.368579333333333, 78.44840766666667], [17.368580166666668, 78.44840783333333], [17.368581, 78.44840783333333], [17.368582333333332, 78.448408], [17.368584, 78.44840833333333], [17.3685865, 78.44840883333333], [17.3685895, 78.4484095], [17.36859283333333, 78.44841033333334], [17.3685955, 78.44841116666666], [17.36859816666667, 78.44841216666667], [17.3686005, 78.448413], [17.368602833333334, 78.44841383333333], [17.368604833333332, 78.44841466666666], [17.3686065, 78.44841533333333], [17.368608, 78.44841616666666], [17.368609499999998, 78.44841683333334], [17.368610999999998, 78.44841766666667], [17.368613, 78.44841849999999], [17.3686145, 78.44841916666665], [17.368615666666667, 78.44841983333335], [17.368616166666666, 78.44842033333333], [17.368615833333333, 78.44842083333333], [17.368615833333333, 78.44842133333333], [17.368616, 78.44842166666668], [17.368616, 78.448422], [17.368615833333333, 78.44842216666666], [17.368615833333333, 78.4484225], [17.368615499999997, 78.44842266666666], [17.368615166666665, 78.448423], [17.368615, 78.44842316666667], [17.368614833333332, 78.4484235], [17.368614833333332, 78.44842366666667], [17.3686145, 78.44842383333334], [17.368614333333333, 78.44842416666667], [17.368613666666665, 78.44842433333334], [17.36861233333333, 78.44842466666667], [17.36861083333333, 78.44842516666667], [17.368609499999998, 78.4484255], [17.368608333333334, 78.44842566666667], [17.368607666666666, 78.448426], [17.368607, 78.44842616666666], [17.368606333333332, 78.44842650000001], [17.368605833333334, 78.44842666666666], [17.36860516666667, 78.44842700000001], [17.3686045, 78.44842716666668], [17.368603833333335, 78.4484275], [17.368603, 78.44842766666667], [17.368602333333335, 78.44842783333334], [17.368601333333334, 78.44842816666666], [17.36860066666667, 78.44842833333334], [17.368599833333334, 78.44842866666666], [17.36859916666667, 78.44842883333334], [17.3685985, 78.448429], [17.368597833333336, 78.44842916666667], [17.368597, 78.4484295], [17.36859616666667, 78.44842966666667], [17.368595333333335, 78.44842983333334], [17.368594499999997, 78.44842983333334], [17.3685935, 78.44842983333334], [17.368592333333332, 78.44842983333334], [17.36859133333333, 78.44842983333334], [17.368590333333334, 78.44842983333334], [17.368589166666666, 78.44842983333334], [17.368587833333333, 78.44842966666667], [17.368586, 78.44842983333334], [17.368583833333332, 78.44843016666667], [17.368580833333333, 78.44843066666667], [17.368577666666667, 78.44843116666667], [17.368573833333336, 78.448432], [17.368569833333332, 78.44843300000001], [17.3685655, 78.44843399999999], [17.3685605, 78.448435], [17.3685555, 78.44843583333333], [17.36855016666667, 78.44843683333333], [17.368544666666665, 78.44843783333334], [17.368539166666668, 78.44843866666666], [17.368533333333335, 78.44843966666667], [17.368527500000003, 78.4484405], [17.3685215, 78.44844133333332], [17.368515666666667, 78.44844216666667], [17.368509666666668, 78.448443], [17.368503666666665, 78.44844383333334], [17.368497833333333, 78.44844466666667], [17.36849266666667, 78.44844533333334], [17.36848816666667, 78.44844583333334], [17.36848416666667, 78.44844633333334], [17.368480499999997, 78.44844666666667], [17.368477166666665, 78.448447], [17.368473833333333, 78.448447], [17.368470666666667, 78.44844716666667], [17.368467833333334, 78.44844733333333], [17.368465166666667, 78.44844733333333], [17.368462333333333, 78.4484475], [17.36845966666667, 78.44844766666667], [17.368456833333333, 78.44844766666667], [17.368454166666666, 78.44844783333333], [17.368451333333333, 78.448448], [17.368448833333332, 78.448448], [17.36844616666667, 78.44844816666667], [17.3684435, 78.44844833333333], [17.368441, 78.44844833333333], [17.368438333333334, 78.4484485], [17.368435833333333, 78.4484485], [17.3684335, 78.44844866666668], [17.368430999999998, 78.44844866666668], [17.3684285, 78.44844866666668], [17.368426166666666, 78.44844866666668], [17.368423833333335, 78.44844883333333], [17.3684215, 78.44844883333333], [17.36841916666667, 78.44844883333333], [17.368416833333335, 78.448449], [17.368414499999997, 78.448449], [17.368412333333332, 78.448449], [17.368409999999997, 78.44844916666666], [17.368407833333332, 78.44844916666666], [17.368405666666668, 78.44844933333334], [17.3684035, 78.44844933333334], [17.368401333333335, 78.44844933333334], [17.368399166666666, 78.4484495], [17.368397166666668, 78.4484495], [17.368395, 78.44844966666666], [17.36839266666667, 78.44844983333334], [17.368389666666666, 78.44845016666666], [17.368386166666667, 78.44845066666667], [17.368381666666668, 78.44845133333334], [17.368377333333335, 78.448452], [17.368372833333336, 78.4484525], [17.36836783333333, 78.44845333333333], [17.368362666666666, 78.448454], [17.368356833333333, 78.44845466666668], [17.368351, 78.4484555], [17.368345166666664, 78.44845633333333], [17.3683395, 78.44845699999999], [17.36833366666667, 78.44845766666667], [17.368327833333336, 78.4484585], [17.368322166666665, 78.44845916666667], [17.3683165, 78.44846], [17.368310833333332, 78.44846066666668], [17.36830516666667, 78.4484615], [17.3682995, 78.44846216666666], [17.368293666666666, 78.44846299999999], [17.368288166666666, 78.44846383333334], [17.36828266666667, 78.44846466666667], [17.36827733333333, 78.44846550000001], [17.36827183333333, 78.44846633333333], [17.3682665, 78.44846716666666], [17.368261, 78.44846783333334], [17.368255833333333, 78.44846866666667], [17.36825083333333, 78.4484695], [17.368245666666667, 78.44847033333333], [17.368240500000002, 78.44847116666666], [17.368235333333335, 78.448472], [17.368230166666667, 78.44847283333334], [17.368225166666665, 78.44847366666666], [17.36822, 78.4484745], [17.368215000000003, 78.4484755], [17.36820983333333, 78.44847633333333], [17.368204666666667, 78.44847716666666], [17.368199666666666, 78.448478], [17.3681945, 78.44847899999999], [17.368189500000003, 78.44847983333334], [17.368184666666664, 78.44848083333333], [17.368179833333333, 78.44848166666667], [17.368175166666667, 78.44848266666666], [17.3681705, 78.44848350000001], [17.368165666666666, 78.44848433333333], [17.368161166666667, 78.44848533333334], [17.3681565, 78.44848616666667], [17.368152000000002, 78.44848699999999], [17.368147500000003, 78.448488], [17.368143, 78.44848883333334], [17.368138666666667, 78.44848983333333], [17.368134333333334, 78.44849066666667], [17.368129833333334, 78.44849166666667], [17.3681255, 78.44849266666667], [17.36812133333333, 78.44849366666668], [17.368116999999998, 78.44849466666666], [17.36811283333333, 78.4484955], [17.368108666666668, 78.44849649999999], [17.368104333333335, 78.4484975], [17.368100166666668, 78.4484985], [17.368095999999998, 78.4484995], [17.368091666666665, 78.4485005], [17.3680875, 78.4485015], [17.368083333333335, 78.44850249999999], [17.368079166666668, 78.4485035], [17.368075333333334, 78.44850466666666], [17.368071333333333, 78.44850566666668], [17.3680675, 78.44850683333334], [17.3680635, 78.44850783333332], [17.368059666666667, 78.448509], [17.368056000000003, 78.44851], [17.368052166666665, 78.44851116666668], [17.3680485, 78.44851216666666], [17.368044833333332, 78.44851333333332], [17.368041166666668, 78.44851433333334], [17.3680375, 78.4485155], [17.368034333333334, 78.44851666666666], [17.368030833333332, 78.44851783333334], [17.368027666666666, 78.44851883333334], [17.368024333333334, 78.44851999999999], [17.368021333333335, 78.448521], [17.368018166666666, 78.44852216666666], [17.368015500000002, 78.44852333333333], [17.368012833333335, 78.44852433333334], [17.36801, 78.4485255], [17.368007166666665, 78.44852666666667], [17.368004499999998, 78.44852783333334], [17.368001833333334, 78.448529], [17.367999333333334, 78.44853016666666], [17.367996833333333, 78.44853133333332], [17.367994333333336, 78.4485325], [17.36799166666667, 78.44853366666666], [17.367989, 78.44853483333333], [17.367986666666663, 78.448536], [17.367984666666665, 78.44853716666667], [17.367982666666666, 78.44853833333333], [17.367980666666664, 78.44853966666666], [17.367978666666666, 78.44854083333333], [17.367976833333334, 78.448542], [17.367975, 78.44854316666667], [17.367973666666668, 78.4485445], [17.367972, 78.44854566666666], [17.367970333333336, 78.44854683333332], [17.367969000000002, 78.448548], [17.367967833333335, 78.44854916666667], [17.367966666666668, 78.44855033333333], [17.367965833333336, 78.4485515], [17.367964833333335, 78.44855266666667], [17.367963999999997, 78.44855366666667], [17.367963166666666, 78.448555], [17.36796233333333, 78.44855616666668], [17.367961666666666, 78.44855733333334], [17.367960999999998, 78.44855833333332], [17.367960166666666, 78.4485595], [17.367959833333334, 78.44856066666667], [17.367959499999998, 78.44856166666666], [17.367959, 78.44856283333334], [17.3679585, 78.448564], [17.367957999999998, 78.44856499999999], [17.367957666666666, 78.44856616666667], [17.3679575, 78.44856716666666], [17.367957333333333, 78.44856833333333], [17.367957333333333, 78.44856933333334], [17.367957333333333, 78.4485705], [17.3679575, 78.4485715], [17.367957666666666, 78.4485725], [17.367957999999998, 78.44857350000001], [17.367958333333334, 78.44857449999999], [17.367959, 78.4485755], [17.367959666666664, 78.4485765], [17.367960333333333, 78.4485775], [17.367961333333334, 78.4485785], [17.367962166666665, 78.44857950000001], [17.367963166666666, 78.44858049999999], [17.367964333333337, 78.4485815], [17.3679655, 78.44858233333333], [17.367966833333334, 78.44858316666667], [17.367968333333334, 78.44858416666666], [17.367969666666667, 78.44858500000001], [17.367971166666667, 78.44858583333333], [17.367972833333333, 78.44858666666667], [17.367974666666665, 78.4485875], [17.3679765, 78.44858833333333], [17.3679785, 78.44858916666666], [17.367980666666664, 78.44859], [17.367982833333333, 78.44859083333334], [17.36798483333333, 78.4485915], [17.36798716666667, 78.44859233333334], [17.367989333333334, 78.448593], [17.367991333333336, 78.44859366666667], [17.36799316666667, 78.44859433333333], [17.367994666666668, 78.44859483333333], [17.367996, 78.44859533333333], [17.367997333333335, 78.44859566666668], [17.367998666666665, 78.448596], [17.367999833333332, 78.44859633333334], [17.368000833333333, 78.44859666666666], [17.368001666666665, 78.44859683333334], [17.3680025, 78.448597], [17.368002999999998, 78.44859716666666], [17.368003666666667, 78.44859716666666], [17.368004166666665, 78.44859716666666], [17.368004499999998, 78.44859733333332], [17.368004833333334, 78.44859716666666], [17.368004833333334, 78.448597], [17.368004833333334, 78.44859683333334], [17.368004499999998, 78.4485965], [17.368004166666665, 78.44859616666666], [17.368004, 78.44859566666668], [17.368004166666665, 78.44859533333333], [17.368004833333334, 78.44859483333333], [17.368005333333333, 78.44859433333333], [17.368006333333334, 78.44859383333333], [17.368008166666666, 78.44859333333333], [17.368011000000003, 78.448593], [17.36801416666667, 78.44859266666667], [17.368018166666666, 78.44859233333334], [17.368022666666665, 78.44859199999999], [17.368027833333333, 78.44859183333332], [17.368032333333336, 78.44859166666667], [17.368037333333334, 78.44859166666667], [17.368042, 78.4485915], [17.368047, 78.4485915], [17.368052166666665, 78.44859166666667], [17.368057166666667, 78.44859183333332], [17.368061666666666, 78.44859199999999], [17.368065833333333, 78.44859233333334], [17.36807, 78.44859266666667], [17.368073666666664, 78.448593], [17.368077333333336, 78.4485935], [17.368080666666668, 78.44859383333333], [17.368083333333335, 78.44859416666667], [17.368086166666668, 78.4485945], [17.368088666666665, 78.44859483333333], [17.368091166666666, 78.448595], [17.368093166666664, 78.448595], [17.3680955, 78.44859516666666], [17.368097833333334, 78.44859516666666], [17.368100166666668, 78.44859533333333], [17.368102333333333, 78.4485955], [17.3681045, 78.44859566666668], [17.368106666666666, 78.448596], [17.368108333333332, 78.44859633333334], [17.368109666666665, 78.44859666666666], [17.368111, 78.44859683333334], [17.368112, 78.44859716666666], [17.368113333333334, 78.4485975], [17.368115, 78.44859766666667], [17.368116166666667, 78.44859783333332], [17.368117666666667, 78.44859799999999], [17.368119, 78.44859816666667], [17.36811983333333, 78.44859849999999], [17.368120833333332, 78.44859883333334], [17.368122000000003, 78.448599], [17.368123, 78.44859933333333], [17.368124166666668, 78.44859966666667], [17.3681255, 78.4486], [17.368127, 78.44860033333333], [17.368128666666667, 78.44860066666666], [17.3681305, 78.448601], [17.36813233333333, 78.44860133333333], [17.368134666666666, 78.4486015], [17.36813683333333, 78.44860183333334], [17.368139, 78.44860216666666], [17.36814133333333, 78.4486025], [17.36814383333333, 78.44860283333334], [17.368145333333334, 78.4486035], [17.368146333333335, 78.44860416666667], [17.368146333333335, 78.44860483333333], [17.368145833333333, 78.44860566666667], [17.368145000000002, 78.44860650000001], [17.368143666666665, 78.44860733333333], [17.368141833333333, 78.44860816666666], [17.368139666666664, 78.44860883333334], [17.3681375, 78.4486095], [17.368135833333334, 78.44861016666667], [17.3681335, 78.44861083333333], [17.368131166666668, 78.44861133333333], [17.368128833333333, 78.44861166666666], [17.36812666666667, 78.448612], [17.368124333333334, 78.44861216666666], [17.36812216666667, 78.44861250000001], [17.368119999999998, 78.44861266666666], [17.368117666666667, 78.44861283333333], [17.36811583333333, 78.448613], [17.368113833333332, 78.44861316666668], [17.368111833333334, 78.44861333333333], [17.368110166666668, 78.44861333333333], [17.368108333333332, 78.4486135], [17.3681065, 78.44861366666667], [17.368104833333334, 78.44861366666667], [17.368103333333334, 78.44861383333334], [17.368101666666668, 78.44861366666667], [17.368100166666668, 78.44861366666667], [17.36809883333333, 78.44861366666667], [17.36809733333333, 78.44861366666667], [17.368096333333334, 78.44861366666667], [17.368095166666667, 78.44861366666667], [17.368093833333333, 78.44861366666667], [17.3680925, 78.44861366666667], [17.368091, 78.44861366666667], [17.368089666666666, 78.44861366666667], [17.368087833333334, 78.44861366666667], [17.368086166666668, 78.4486135], [17.368083833333333, 78.44861316666668], [17.368081166666666, 78.44861283333333], [17.368077833333334, 78.44861250000001], [17.368074166666666, 78.448612], [17.368070666666664, 78.4486115], [17.368066833333334, 78.448611], [17.368062833333333, 78.4486105], [17.3680585, 78.44860999999999], [17.368053999999997, 78.44860933333332], [17.368049499999998, 78.44860866666666], [17.368045166666665, 78.448608], [17.368040666666666, 78.44860716666668], [17.368036166666666, 78.44860650000001], [17.368031666666663, 78.44860566666667], [17.368027166666664, 78.44860483333333], [17.368022833333335, 78.44860383333334], [17.368018666666668, 78.448603], [17.368014333333335, 78.448602], [17.368010166666668, 78.44860116666668], [17.368005999999998, 78.44860033333333], [17.368002, 78.44859933333333], [17.367998166666666, 78.44859849999999], [17.367994333333336, 78.4485975], [17.367990333333335, 78.4485965], [17.367986833333337, 78.4485955], [17.367983166666665, 78.4485945], [17.3679795, 78.44859333333333], [17.367975833333333, 78.44859216666667], [17.3679725, 78.44859100000001], [17.3679695, 78.44858966666668], [17.367966666666668, 78.4485885], [17.367963999999997, 78.44858716666666], [17.367961666666666, 78.44858583333333], [17.36795933333333, 78.4485845], [17.3679575, 78.44858316666667], [17.367955666666667, 78.44858166666667], [17.367954333333333, 78.44858033333334], [17.367953166666666, 78.44857900000001], [17.3679525, 78.44857766666668], [17.367952, 78.44857616666667], [17.367951666666666, 78.44857483333334], [17.367952, 78.44857350000001], [17.3679525, 78.44857216666666], [17.367953333333332, 78.44857083333333], [17.367954166666667, 78.4485695], [17.367955333333335, 78.44856833333333], [17.367956666666664, 78.44856716666666], [17.367957999999998, 78.448566], [17.367959499999998, 78.44856499999999], [17.367960999999998, 78.44856416666667], [17.367963, 78.44856316666666], [17.367965, 78.44856216666668], [17.367967, 78.44856133333333], [17.367969000000002, 78.4485605], [17.367970833333334, 78.4485595], [17.367973166666665, 78.44855883333334], [17.367976, 78.448558], [17.3679785, 78.44855733333334], [17.367981666666665, 78.44855666666668], [17.3679845, 78.448556], [17.36798716666667, 78.44855550000001], [17.367990666666667, 78.448555], [17.367993666666667, 78.4485545], [17.367996833333333, 78.44855416666665], [17.3680005, 78.44855366666667], [17.368004, 78.44855333333334], [17.368007833333333, 78.44855299999999], [17.368011666666668, 78.44855266666667], [17.368015333333336, 78.44855233333332], [17.368018, 78.44855216666666], [17.3680205, 78.448552], [17.368023166666667, 78.44855166666666], [17.368025833333334, 78.4485515], [17.368028166666665, 78.44855133333334], [17.3680305, 78.44855116666666], [17.368033, 78.448551], [17.3680355, 78.448551], [17.36803816666667, 78.448551], [17.368040833333335, 78.44855083333333], [17.368042666666668, 78.44855083333333], [17.368044333333334, 78.44855083333333], [17.368046, 78.44855083333333], [17.3680475, 78.44855083333333], [17.368049, 78.44855083333333], [17.3680505, 78.448551], [17.368051833333332, 78.448551], [17.368053, 78.44855116666666], [17.36805383333333, 78.44855116666666], [17.368055000000002, 78.44855133333334], [17.368055333333334, 78.4485515], [17.368056833333334, 78.44855166666666], [17.368058, 78.44855166666666], [17.368059333333335, 78.44855183333334], [17.368060500000002, 78.448552], [17.368062000000002, 78.448552], [17.3680635, 78.44855216666666], [17.368064666666665, 78.44855233333332], [17.368066166666665, 78.4485525], [17.368067666666665, 78.44855266666667], [17.3680695, 78.44855283333332], [17.368071166666667, 78.44855316666667], [17.368072833333333, 78.44855333333334], [17.36807483333333, 78.44855349999999], [17.368077000000003, 78.44855383333334], [17.368079166666668, 78.448554], [17.368081500000002, 78.44855416666665], [17.368084166666666, 78.44855433333333], [17.368086666666667, 78.4485545], [17.3680895, 78.44855483333335], [17.368092333333333, 78.448555], [17.368095166666667, 78.44855533333333], [17.368097666666664, 78.44855566666666], [17.3681005, 78.448556], [17.368103166666668, 78.44855633333333], [17.368105833333335, 78.44855683333334], [17.368108833333334, 78.44855716666666], [17.368111666666668, 78.4485575], [17.368114666666667, 78.448558], [17.3681175, 78.4485585], [17.3681205, 78.44855883333334], [17.368123333333333, 78.44855933333334], [17.368126166666666, 78.44855983333333], [17.368128833333333, 78.4485605], [17.3681315, 78.448561], [17.368134166666668, 78.44856150000001], [17.3681365, 78.44856216666668], [17.368138833333333, 78.44856283333334], [17.3681415, 78.44856333333334], [17.368144166666664, 78.448564], [17.368146833333334, 78.44856466666667], [17.368149833333334, 78.44856533333333], [17.368152666666667, 78.448566], [17.3681555, 78.44856683333335], [17.368158166666667, 78.44856750000001], [17.368161, 78.44856816666667], [17.36816333333333, 78.44856883333334], [17.36816533333333, 78.4485695], [17.368167000000003, 78.44857016666667], [17.368168500000003, 78.44857083333333], [17.368169833333333, 78.44857133333333], [17.368170833333334, 78.44857183333333], [17.368172, 78.44857233333333], [17.368172833333333, 78.44857283333334], [17.368173833333334, 78.44857350000001], [17.36817466666667, 78.448574], [17.368175166666667, 78.44857433333333], [17.3681755, 78.44857483333334], [17.368176000000002, 78.44857533333334], [17.368176333333334, 78.44857583333334], [17.368176333333334, 78.44857616666667], [17.368176333333334, 78.44857666666667], [17.368176333333334, 78.44857716666667], [17.3681765, 78.4485775], [17.368176833333333, 78.44857783333333], [17.368177, 78.44857833333334], [17.368177333333332, 78.44857883333334], [17.368177666666668, 78.44857916666666], [17.368178, 78.44857966666667], [17.368178166666667, 78.44857999999999], [17.3681785, 78.44858049999999], [17.368178666666665, 78.44858083333334], [17.368178666666665, 78.44858133333334], [17.3681785, 78.44858166666667], [17.3681785, 78.44858216666667], [17.368178666666665, 78.4485825], [17.3681785, 78.44858283333333], [17.3681785, 78.44858333333333], [17.3681785, 78.44858366666668], [17.3681785, 78.448584], [17.368178333333333, 78.4485845], [17.368178333333333, 78.44858483333334], [17.368178333333333, 78.44858516666666], [17.368178333333333, 78.44858550000001], [17.368178166666667, 78.44858583333333], [17.368178, 78.44858616666667], [17.368178, 78.44858649999999], [17.368177833333334, 78.448587], [17.368177666666668, 78.44858733333334], [17.3681775, 78.44858766666667], [17.368177333333332, 78.448588], [17.368177333333332, 78.44858833333333], [17.368177166666666, 78.44858866666667], [17.368177333333332, 78.448589], [17.368177, 78.44858933333333], [17.368177, 78.44858983333333], [17.368176833333333, 78.44859016666666], [17.368176666666667, 78.4485905], [17.3681765, 78.44859083333334], [17.368176333333334, 78.44859116666666], [17.368176333333334, 78.44859166666667], [17.368176000000002, 78.44859199999999], [17.368175833333332, 78.44859233333334], [17.368175833333332, 78.44859283333334], [17.3681755, 78.44859316666665], [17.368175166666667, 78.4485935], [17.368175, 78.44859383333333], [17.36817466666667, 78.44859433333333], [17.368174500000002, 78.44859466666666], [17.368174166666666, 78.448595], [17.368173833333334, 78.4485955], [17.368173666666667, 78.44859583333333], [17.368173333333335, 78.44859616666666], [17.368173000000002, 78.4485965], [17.368172666666666, 78.44859683333334], [17.368172333333334, 78.44859733333332], [17.368172, 78.44859766666667], [17.36817166666667, 78.44859799999999], [17.368171333333333, 78.44859833333334], [17.368171, 78.44859866666667], [17.368170666666668, 78.44859916666665], [17.36817016666667, 78.4485995], [17.368169833333333, 78.44859983333335], [17.368169333333334, 78.44860016666667], [17.368168833333335, 78.44860050000001], [17.368168333333333, 78.44860083333333], [17.368167833333334, 78.44860116666668], [17.368167333333336, 78.4486015], [17.36816683333333, 78.44860183333334], [17.36816633333333, 78.448602], [17.368165833333332, 78.44860233333334], [17.36816533333333, 78.44860266666666], [17.368164666666665, 78.448603], [17.368164166666666, 78.44860333333332], [17.368163666666664, 78.4486035], [17.368163166666665, 78.44860383333334], [17.368162666666667, 78.44860416666667], [17.368162166666664, 78.4486045], [17.3681615, 78.44860466666667], [17.368161, 78.448605], [17.3681605, 78.44860533333333], [17.36816, 78.4486055], [17.3681595, 78.44860583333335], [17.368159, 78.44860616666666], [17.368158333333334, 78.44860650000001], [17.36815783333333, 78.44860666666666], [17.368157166666666, 78.448607], [17.368156833333334, 78.44860733333333], [17.368156166666665, 78.44860766666667], [17.3681555, 78.44860783333334], [17.368155, 78.44860816666666], [17.368154333333333, 78.4486085], [17.368153666666668, 78.44860866666666], [17.368153, 78.448609], [17.368152333333335, 78.44860916666667], [17.368151666666666, 78.4486095], [17.368151, 78.44860983333334], [17.368150333333332, 78.44860999999999], [17.368149666666667, 78.44861033333333], [17.36814916666667, 78.44861066666667], [17.3681485, 78.448611], [17.368148, 78.44861133333333], [17.368147333333333, 78.4486115], [17.368146666666668, 78.44861183333335], [17.36814616666667, 78.44861216666666], [17.3681455, 78.44861233333333], [17.368144833333336, 78.44861266666666], [17.368144166666664, 78.448613], [17.368143333333332, 78.44861333333333], [17.36814283333333, 78.4486135], [17.368142166666665, 78.44861383333334], [17.368141666666666, 78.44861416666666], [17.368140999999998, 78.44861433333334], [17.368140166666667, 78.4486145], [17.368139166666666, 78.44861466666666], [17.36813833333333, 78.44861483333334], [17.3681375, 78.448615], [17.368136666666665, 78.44861516666667], [17.368136, 78.44861533333332], [17.368135, 78.4486155], [17.368134166666668, 78.44861566666667], [17.368133333333333, 78.44861583333333], [17.3681325, 78.44861599999999], [17.368131833333333, 78.44861616666667], [17.368131, 78.44861633333333], [17.368130333333333, 78.44861633333333], [17.36812966666667, 78.4486165], [17.368129166666666, 78.44861666666667], [17.3681285, 78.44861683333333], [17.368128000000002, 78.448617], [17.3681275, 78.448617], [17.368127, 78.44861716666666], [17.368126333333333, 78.44861733333333], [17.368125833333334, 78.4486175], [17.368125333333335, 78.44861766666666], [17.368124833333333, 78.44861783333334], [17.368124333333334, 78.448618], [17.36812366666667, 78.44861816666666], [17.368123, 78.44861816666666], [17.368122500000002, 78.44861833333333], [17.368121666666664, 78.44861850000001], [17.368121166666665, 78.44861850000001], [17.3681205, 78.44861866666666], [17.36811983333333, 78.44861883333333], [17.368119333333333, 78.44861883333333], [17.368118666666664, 78.448619], [17.368118, 78.448619], [17.3681175, 78.44861916666667], [17.368116999999998, 78.44861933333333], [17.368116333333333, 78.44861933333333], [17.368115666666665, 78.44861949999999], [17.368115166666666, 78.44861949999999], [17.368114666666667, 78.44861966666667], [17.36811433333333, 78.44861983333334], [17.368113666666666, 78.44861983333334], [17.368113333333334, 78.44861999999999], [17.36811283333333, 78.44861999999999], [17.368112333333332, 78.44862016666666], [17.368111833333334, 78.44862033333334], [17.36811133333333, 78.4486205], [17.368110833333333, 78.4486205], [17.3681105, 78.44862066666666], [17.36811, 78.44862066666666], [17.368109666666665, 78.44862083333334], [17.368109166666667, 78.44862083333334], [17.3681085, 78.448621], [17.368108, 78.44862116666667], [17.368107333333334, 78.44862116666667], [17.368106666666666, 78.44862133333332], [17.368106166666667, 78.44862133333332], [17.36810566666667, 78.4486215], [17.368105166666666, 78.4486215], [17.368104666666667, 78.44862166666667], [17.368104333333335, 78.44862166666667], [17.368103833333333, 78.44862183333333], [17.368103333333334, 78.44862183333333], [17.368103, 78.44862199999999], [17.368102500000003, 78.44862216666667], [17.368102, 78.44862216666667], [17.3681015, 78.44862233333333], [17.368101000000003, 78.44862233333333], [17.3681005, 78.4486225], [17.368100000000002, 78.44862266666668], [17.36809933333333, 78.44862266666668], [17.36809883333333, 78.44862283333333], [17.368098166666666, 78.44862283333333], [17.368097666666664, 78.448623], [17.368097, 78.44862316666666], [17.3680965, 78.44862316666666], [17.368095999999998, 78.44862316666666], [17.3680955, 78.44862333333334], [17.368095333333333, 78.44862333333334], [17.3680955, 78.44862316666666], [17.368096333333334, 78.44862266666668], [17.368097833333334, 78.44862216666667], [17.36809966666667, 78.44862133333332], [17.368102166666667, 78.44862033333334], [17.368104666666667, 78.44861916666667], [17.368107166666668, 78.44861783333334], [17.368109666666665, 78.4486165], [17.368112166666666, 78.448615], [17.36811433333333, 78.44861366666667], [17.368116166666667, 78.44861233333333], [17.368117833333333, 78.44861116666667], [17.368119333333333, 78.44860999999999], [17.368120666666666, 78.448609], [17.36812183333333, 78.44860783333334], [17.368123, 78.44860683333333], [17.368124, 78.44860583333335], [17.368124833333333, 78.448605], [17.368125666666668, 78.44860399999999], [17.368126333333333, 78.44860316666667], [17.368127, 78.44860233333334], [17.3681275, 78.4486015], [17.36812816666667, 78.44860066666666], [17.368128666666667, 78.4486], [17.368129, 78.44859916666665], [17.368129333333332, 78.44859849999999], [17.368129500000002, 78.44859783333332], [17.368129833333334, 78.44859716666666], [17.36813, 78.4485965], [17.36813, 78.448596], [17.36813, 78.44859533333333], [17.36813, 78.44859466666666], [17.368129833333334, 78.44859416666667], [17.36812966666667, 78.44859366666667], [17.368129500000002, 78.448593], [17.368129333333332, 78.44859249999999], [17.368129, 78.44859199999999], [17.368128666666667, 78.4485915], [17.3681285, 78.44859100000001], [17.368128000000002, 78.4485905], [17.368127666666666, 78.44858983333333], [17.368127333333334, 78.44858933333333], [17.368127, 78.44858883333333], [17.36812666666667, 78.44858833333333], [17.368126166666666, 78.448588], [17.3681255, 78.4485875], [17.368124833333333, 78.44858716666666], [17.368124333333334, 78.44858683333334], [17.368123833333335, 78.44858683333334], [17.368124, 78.44858683333334], [17.368124166666668, 78.44858733333334], [17.368123, 78.4485885], [17.368122666666668, 78.44858966666668], [17.368123, 78.44859116666666], [17.368122833333334, 78.448593], [17.36812183333333, 78.448595], [17.368121, 78.44859716666666], [17.368119333333333, 78.44859966666667], [17.3681175, 78.448602], [17.368115333333332, 78.4486045], [17.368112666666665, 78.448607], [17.368109666666665, 78.4486095], [17.368106833333332, 78.44861183333335], [17.368103833333333, 78.44861416666666], [17.3681005, 78.4486165], [17.368097, 78.44861866666666], [17.368093333333334, 78.44862083333334], [17.3680895, 78.448623], [17.368085333333333, 78.44862483333333], [17.368081, 78.44862683333334], [17.368076666666663, 78.4486285], [17.3680725, 78.44863016666666], [17.368068166666667, 78.44863183333334], [17.368063833333334, 78.44863333333333], [17.368059333333335, 78.44863466666668], [17.368054833333336, 78.44863616666666], [17.36805, 78.44863733333334], [17.368045166666665, 78.44863866666667], [17.368039833333334, 78.44864], [17.368034333333334, 78.44864116666666], [17.368029, 78.44864233333332], [17.368023333333333, 78.44864349999999], [17.3680175, 78.44864466666667], [17.368012, 78.44864550000001], [17.3680065, 78.44864633333333], [17.368001666666665, 78.44864716666666], [17.367997, 78.448648], [17.367992833333336, 78.44864866666667], [17.367989, 78.44864916666667], [17.367985166666664, 78.44864966666667], [17.3679815, 78.44865016666667], [17.367977666666665, 78.4486505], [17.367974166666666, 78.44865083333335], [17.367970666666668, 78.44865116666666], [17.367967500000002, 78.44865150000001], [17.36796383333333, 78.44865166666666], [17.3679605, 78.44865183333333], [17.367957166666667, 78.448652], [17.367953833333335, 78.44865233333333], [17.367950333333333, 78.4486525], [17.367947166666667, 78.44865266666667], [17.367943833333335, 78.44865283333334], [17.367940833333332, 78.448653], [17.367937666666666, 78.44865316666666], [17.367934666666667, 78.44865333333334], [17.367931666666667, 78.4486535], [17.367928666666668, 78.44865366666666], [17.367925500000002, 78.44865383333334], [17.367922333333336, 78.448654], [17.367919333333337, 78.448654], [17.367916166666664, 78.44865416666667], [17.367913166666664, 78.44865433333332], [17.367910166666665, 78.44865433333332], [17.367907166666665, 78.4486545], [17.3679045, 78.4486545], [17.36790166666667, 78.4486545], [17.367899, 78.4486545], [17.36789633333333, 78.44865466666667], [17.367893833333333, 78.44865466666667], [17.367891333333333, 78.44865466666667], [17.367888666666666, 78.44865483333334], [17.367886, 78.44865483333334], [17.367883166666665, 78.44865499999999], [17.367880666666668, 78.44865499999999], [17.367878, 78.44865516666667], [17.367875333333334, 78.44865516666667], [17.367872666666663, 78.44865533333333], [17.367870166666666, 78.44865533333333], [17.3678675, 78.44865533333333], [17.367865, 78.4486555], [17.3678625, 78.4486555], [17.36786, 78.44865566666667], [17.3678575, 78.44865566666667], [17.367855000000002, 78.44865583333333], [17.3678525, 78.44865583333333], [17.367850166666663, 78.448656], [17.367847666666666, 78.448656], [17.36784533333333, 78.44865616666667], [17.367843, 78.44865616666667], [17.367840666666666, 78.44865633333333], [17.3678385, 78.44865633333333], [17.367836333333333, 78.44865633333333], [17.367834000000002, 78.4486565], [17.367831833333334, 78.4486565], [17.36782966666667, 78.4486565], [17.367827499999997, 78.4486565], [17.367825333333332, 78.44865666666666], [17.367823166666668, 78.44865666666666], [17.367821, 78.44865666666666], [17.367818833333335, 78.44865666666666], [17.367816666666666, 78.44865666666666], [17.3678145, 78.44865683333335], [17.367812333333333, 78.44865683333335], [17.367810000000002, 78.44865683333335], [17.367808, 78.44865683333335], [17.367805833333332, 78.44865683333335], [17.367803833333333, 78.44865683333335], [17.367801666666665, 78.44865666666666], [17.367799666666667, 78.4486565], [17.367797666666668, 78.44865633333333], [17.367795833333332, 78.44865633333333], [17.367793833333334, 78.44865616666667], [17.367792, 78.44865616666667], [17.36779016666667, 78.44865616666667], [17.367788333333333, 78.44865616666667], [17.3677865, 78.44865616666667], [17.36778466666667, 78.44865616666667], [17.367782666666667, 78.44865616666667], [17.36778083333333, 78.44865616666667], [17.367779, 78.448656], [17.367777, 78.44865583333333], [17.367775333333334, 78.44865583333333], [17.3677735, 78.44865583333333], [17.367771666666666, 78.44865583333333], [17.367769833333334, 78.44865583333333], [17.367768, 78.44865583333333], [17.367766, 78.44865583333333], [17.367764333333334, 78.44865583333333], [17.3677625, 78.448656], [17.36776083333333, 78.448656], [17.367759166666666, 78.448656], [17.3677575, 78.448656], [17.367755833333334, 78.44865583333333], [17.367754166666668, 78.44865583333333], [17.367752499999998, 78.44865583333333], [17.367750833333332, 78.44865583333333], [17.367749166666666, 78.44865583333333], [17.3677475, 78.44865583333333], [17.367745833333334, 78.44865583333333], [17.367744000000002, 78.44865566666667], [17.367742333333336, 78.44865566666667], [17.36774066666667, 78.44865566666667], [17.36773916666667, 78.44865566666667], [17.367737666666667, 78.4486555], [17.367735999999997, 78.4486555], [17.36773433333333, 78.4486555], [17.367732666666665, 78.4486555], [17.367731166666665, 78.44865533333333], [17.367729333333333, 78.44865533333333], [17.367727833333333, 78.44865533333333], [17.367726333333334, 78.44865516666667], [17.367724833333334, 78.44865516666667], [17.367723166666668, 78.44865516666667], [17.367721500000002, 78.44865499999999], [17.367720000000002, 78.44865499999999], [17.367718500000002, 78.44865483333334], [17.367716833333336, 78.44865483333334], [17.367715333333333, 78.44865483333334], [17.367713833333333, 78.44865466666667], [17.367711999999997, 78.44865466666667], [17.367710499999998, 78.4486545], [17.36770883333333, 78.4486545], [17.367707166666666, 78.4486545], [17.367705666666666, 78.44865433333332], [17.367704, 78.44865433333332], [17.367702666666666, 78.44865416666667], [17.367701166666667, 78.44865416666667], [17.367699666666667, 78.448654], [17.367698333333333, 78.448654], [17.367696666666667, 78.44865383333334], [17.367695333333334, 78.44865383333334], [17.36769383333333, 78.44865366666666], [17.36769233333333, 78.44865366666666], [17.36769083333333, 78.44865366666666], [17.367689499999997, 78.4486535], [17.367687999999998, 78.4486535], [17.367686666666668, 78.44865333333334], [17.367685333333334, 78.44865333333334], [17.367684, 78.44865316666666], [17.367682666666667, 78.44865316666666], [17.367681166666667, 78.448653], [17.367679666666668, 78.448653], [17.367678333333334, 78.448653], [17.367676833333334, 78.44865283333334], [17.3676755, 78.44865283333334], [17.367674166666667, 78.44865266666667], [17.367672833333334, 78.44865266666667], [17.367671499999997, 78.44865266666667], [17.367670166666667, 78.4486525], [17.367668833333333, 78.4486525], [17.367667666666666, 78.4486525], [17.3676665, 78.44865233333333], [17.36766533333333, 78.44865233333333], [17.367664166666668, 78.44865233333333], [17.367663166666667, 78.44865233333333], [17.367662, 78.44865216666668], [17.367660833333332, 78.44865216666668], [17.36766, 78.44865216666668], [17.367658833333333, 78.44865216666668], [17.367657833333332, 78.448652], [17.367656833333335, 78.448652], [17.367655666666668, 78.44865183333333], [17.367654666666667, 78.44865183333333], [17.36765366666667, 78.44865183333333], [17.367652500000002, 78.44865166666666], [17.367651333333335, 78.44865166666666], [17.367650333333334, 78.44865166666666], [17.36764916666667, 78.44865150000001], [17.367648166666665, 78.44865150000001], [17.367647166666664, 78.44865133333333], [17.367645999999997, 78.44865116666666], [17.367645166666666, 78.44865116666666], [17.367644166666665, 78.44865116666666], [17.367643166666667, 78.448651], [17.367642333333333, 78.448651], [17.36764133333333, 78.44865083333335], [17.367640333333334, 78.44865083333335], [17.367639333333333, 78.44865066666667], [17.367638499999998, 78.44865066666667], [17.367637333333334, 78.4486505], [17.367636333333333, 78.4486505], [17.367635166666666, 78.44865033333333], [17.36763416666667, 78.44865016666667], [17.367633, 78.44865016666667], [17.367631333333335, 78.44865], [17.367629, 78.44864966666667], [17.36762583333333, 78.44864916666667], [17.367621666666665, 78.44864866666667], [17.367616833333333, 78.448648], [17.36761166666667, 78.44864733333334], [17.367605833333336, 78.4486465], [17.367600333333332, 78.44864566666666], [17.367595166666668, 78.448645], [17.3675905, 78.44864416666665], [17.367586, 78.44864349999999], [17.367581499999996, 78.44864283333332], [17.367577166666667, 78.44864216666666], [17.367573166666666, 78.4486415], [17.367569, 78.448641], [17.367565000000003, 78.44864033333333], [17.367561333333335, 78.44863983333333], [17.367557666666666, 78.44863933333333], [17.367554, 78.44863866666667], [17.3675505, 78.44863816666665], [17.367546833333332, 78.44863766666667], [17.367543666666666, 78.44863716666667], [17.367540166666668, 78.44863666666667], [17.367537000000002, 78.44863616666666], [17.367534, 78.44863566666666], [17.367531, 78.44863516666666], [17.367527833333334, 78.44863483333333], [17.367525166666667, 78.44863433333333], [17.367522166666667, 78.448634], [17.367519333333334, 78.4486335], [17.3675165, 78.44863316666667], [17.36751383333333, 78.44863283333333], [17.367511166666667, 78.44863233333334], [17.3675085, 78.448632], [17.367506166666665, 78.44863166666667], [17.367503666666668, 78.44863133333334], [17.367501333333333, 78.44863099999999], [17.367498833333332, 78.44863066666667], [17.3674965, 78.44863016666666], [17.367494, 78.44862983333334], [17.36749166666667, 78.4486295], [17.367489166666665, 78.44862933333334], [17.367486666666665, 78.44862883333333], [17.367484333333334, 78.44862866666668], [17.367482, 78.44862833333333], [17.3674795, 78.448628], [17.367477166666667, 78.44862766666667], [17.367474833333333, 78.44862733333333], [17.3674725, 78.44862716666667], [17.367470333333333, 78.44862683333334], [17.367468, 78.4486265], [17.36746583333333, 78.44862633333334], [17.367463666666666, 78.448626], [17.3674615, 78.44862566666667], [17.3674595, 78.44862549999999], [17.367457333333334, 78.44862516666667], [17.367455333333332, 78.44862499999999], [17.367453, 78.44862466666667], [17.367450833333333, 78.44862450000001], [17.367448833333334, 78.44862416666666], [17.36744666666667, 78.44862400000001], [17.367444666666664, 78.44862366666666], [17.3674425, 78.4486235], [17.36744033333333, 78.44862316666666], [17.367438166666666, 78.448623], [17.367436, 78.44862283333333], [17.367434, 78.4486225], [17.367431833333335, 78.44862233333333], [17.367429833333333, 78.44862199999999], [17.367427833333334, 78.44862183333333], [17.367425833333336, 78.44862166666667], [17.367424000000003, 78.44862133333332], [17.36742183333333, 78.44862116666667], [17.36742, 78.448621], [17.367418166666667, 78.44862083333334], [17.36741633333333, 78.4486205], [17.3674145, 78.44862033333334], [17.367412666666667, 78.44861999999999], [17.367411333333333, 78.44861983333334], [17.367409833333333, 78.44861966666667], [17.367408666666666, 78.44861949999999], [17.367407833333335, 78.44861916666667], [17.367407166666666, 78.44861883333333], [17.367406666666668, 78.44861866666666], [17.367406333333335, 78.44861833333333], [17.367405666666667, 78.44861816666666], [17.367404833333335, 78.44861783333334], [17.367404166666667, 78.44861766666666], [17.367403333333336, 78.44861733333333], [17.3674025, 78.44861716666666], [17.36740166666667, 78.448617], [17.3674005, 78.44861666666667], [17.367399499999998, 78.4486165], [17.367398833333333, 78.44861633333333], [17.367397999999998, 78.44861616666667], [17.367397166666667, 78.44861583333333], [17.367396333333332, 78.44861566666667], [17.3673955, 78.4486155], [17.3673945, 78.44861533333332], [17.3673935, 78.448615], [17.3673925, 78.44861483333334], [17.367391166666668, 78.44861466666666], [17.36739, 78.4486145], [17.367388666666667, 78.44861433333334], [17.367387333333333, 78.44861416666666], [17.367386, 78.44861399999999], [17.367384666666666, 78.44861383333334], [17.367383166666666, 78.44861366666667], [17.367381833333333, 78.4486135], [17.367380333333333, 78.44861333333333], [17.36737883333333, 78.44861316666668], [17.36737733333333, 78.448613], [17.36737583333333, 78.448613], [17.36737433333333, 78.44861283333333], [17.367372666666665, 78.44861266666666], [17.367371166666665, 78.44861250000001], [17.36737, 78.44861250000001], [17.367368666666668, 78.44861233333333], [17.367367833333333, 78.44861216666666], [17.367366666666666, 78.448612], [17.367365666666668, 78.44861183333335], [17.3673645, 78.44861183333335], [17.367363333333333, 78.44861166666666], [17.367362166666666, 78.4486115], [17.36736116666667, 78.44861133333333], [17.36736, 78.44861133333333], [17.367359, 78.44861116666667], [17.367358000000003, 78.448611], [17.367357000000002, 78.448611], [17.367355999999997, 78.44861083333333], [17.367355166666666, 78.44861066666667], [17.367354166666665, 78.44861066666667], [17.36735333333333, 78.4486105], [17.3673525, 78.4486105], [17.367351666666664, 78.4486105], [17.367350833333333, 78.44861033333333], [17.367349833333332, 78.44861033333333], [17.367349, 78.44861016666667], [17.367347833333334, 78.44861016666667], [17.367347, 78.44861016666667], [17.36734583333333, 78.44860999999999], [17.367344833333334, 78.44860999999999], [17.367343833333333, 78.44860983333334], [17.367342666666666, 78.44860966666667], [17.36734166666667, 78.44860966666667], [17.367340666666667, 78.4486095], [17.3673395, 78.4486095], [17.367338500000002, 78.44860933333332], [17.3673375, 78.44860933333332], [17.3673365, 78.44860916666667], [17.367335500000003, 78.44860916666667], [17.367334500000002, 78.448609], [17.367333499999997, 78.448609], [17.367332666666666, 78.44860883333334], [17.367331666666665, 78.44860883333334], [17.367330666666664, 78.44860866666666], [17.367329833333333, 78.44860866666666], [17.36732883333333, 78.4486085], [17.36732783333333, 78.4486085], [17.367326833333333, 78.44860833333334], [17.367325833333332, 78.44860833333334], [17.36732483333333, 78.44860816666666], [17.367323666666667, 78.44860816666666], [17.367322666666666, 78.448608], [17.367321666666665, 78.448608], [17.367320666666668, 78.44860783333334], [17.367319666666667, 78.44860783333334], [17.367318833333332, 78.44860766666667], [17.367318, 78.44860766666667], [17.367317, 78.4486075], [17.36731616666667, 78.4486075], [17.367315333333334, 78.44860733333333], [17.367314500000003, 78.44860733333333], [17.3673135, 78.44860716666668], [17.367312666666667, 78.44860716666668], [17.367311833333336, 78.44860716666668], [17.36731083333333, 78.448607], [17.367309833333334, 78.44860683333333], [17.367309, 78.44860683333333], [17.367308166666664, 78.44860666666666], [17.367307166666667, 78.44860666666666], [17.36730633333333, 78.44860650000001], [17.367305333333334, 78.44860650000001], [17.367304166666667, 78.44860633333333], [17.367303333333332, 78.44860633333333], [17.367302333333335, 78.44860616666666], [17.367301333333334, 78.44860616666666], [17.3673005, 78.44860616666666], [17.3672995, 78.448606], [17.367298666666667, 78.448606], [17.367297833333335, 78.44860583333335], [17.367296833333334, 78.44860583333335], [17.367295833333333, 78.44860566666667], [17.367295000000002, 78.44860566666667], [17.367294166666667, 78.44860566666667], [17.367293166666666, 78.4486055], [17.367292333333335, 78.4486055], [17.367291333333334, 78.44860533333333], [17.367290500000003, 78.44860533333333], [17.367289666666668, 78.44860516666667], [17.367288666666663, 78.44860516666667], [17.367287666666666, 78.44860516666667], [17.36728683333333, 78.448605], [17.367285833333334, 78.448605], [17.367285, 78.44860483333333], [17.367284166666664, 78.44860483333333], [17.367283333333333, 78.44860483333333], [17.367282499999998, 78.44860466666667], [17.367281666666667, 78.44860466666667], [17.367280666666666, 78.4486045], [17.367279833333335, 78.4486045], [17.367279, 78.44860433333334], [17.367278, 78.44860433333334], [17.367277166666668, 78.44860416666667], [17.367276333333333, 78.44860416666667], [17.367275333333335, 78.44860399999999], [17.367274333333334, 78.44860399999999], [17.3672735, 78.44860383333334], [17.367272500000002, 78.44860383333334], [17.367271666666667, 78.44860383333334], [17.367270833333336, 78.44860366666667], [17.36727, 78.44860366666667], [17.367269, 78.44860366666667], [17.367268000000003, 78.4486035], [17.367267333333334, 78.4486035], [17.367266500000003, 78.44860333333332], [17.367265666666665, 78.44860333333332], [17.367264666666664, 78.44860333333332], [17.367263833333332, 78.44860333333332], [17.367262999999998, 78.44860316666667], [17.367262, 78.44860316666667], [17.367261166666665, 78.44860316666667], [17.367260166666664, 78.448603], [17.367259333333333, 78.448603], [17.3672585, 78.44860283333334], [17.367257666666667, 78.44860283333334], [17.367256666666666, 78.44860266666666], [17.367255666666665, 78.44860266666666], [17.367254833333334, 78.44860266666666], [17.367253666666667, 78.4486025], [17.367252833333335, 78.4486025], [17.367252, 78.44860233333334], [17.367251166666666, 78.44860233333334], [17.367250333333335, 78.44860233333334], [17.367249666666666, 78.44860216666666], [17.367249, 78.44860216666666], [17.367248166666666, 78.44860216666666], [17.367247333333335, 78.448602], [17.3672465, 78.448602], [17.36724566666667, 78.448602], [17.367244833333334, 78.44860183333334], [17.367243833333337, 78.44860183333334], [17.367243, 78.44860183333334], [17.367241999999997, 78.44860183333334], [17.367241, 78.44860166666668], [17.36724, 78.44860166666668], [17.367239166666664, 78.4486015], [17.367238166666667, 78.4486015], [17.367237166666666, 78.4486015], [17.367236166666665, 78.44860133333333], [17.367235166666667, 78.44860133333333], [17.3672345, 78.44860133333333], [17.3672335, 78.44860116666668], [17.3672325, 78.44860116666668], [17.367231666666665, 78.44860116666668], [17.367230833333334, 78.44860116666668], [17.36723, 78.448601], [17.367229000000002, 78.448601], [17.367228166666667, 78.448601], [17.367227333333336, 78.448601], [17.367226333333335, 78.448601], [17.367225333333334, 78.44860083333333], [17.367224333333336, 78.44860083333333], [17.367223333333335, 78.44860083333333], [17.3672225, 78.44860066666666], [17.367221500000003, 78.44860066666666], [17.3672205, 78.44860066666666], [17.367219499999997, 78.44860050000001], [17.367218666666666, 78.44860050000001], [17.36721783333333, 78.44860050000001], [17.367216833333334, 78.44860033333333], [17.367216, 78.44860033333333], [17.367215166666664, 78.44860033333333], [17.367214166666667, 78.44860033333333], [17.367213333333332, 78.44860016666667], [17.3672125, 78.44860016666667], [17.3672115, 78.44860016666667], [17.367210666666665, 78.4486], [17.367209666666668, 78.4486], [17.367208833333333, 78.44859983333335], [17.367208, 78.44859983333335], [17.367207166666667, 78.44859983333335], [17.367206166666666, 78.44859983333335], [17.367205333333334, 78.44859966666667], [17.3672045, 78.44859966666667], [17.367203500000002, 78.44859966666667], [17.3672025, 78.4485995], [17.3672015, 78.4485995], [17.36720066666667, 78.4485995], [17.367199666666668, 78.44859933333333], [17.367198666666663, 78.44859933333333], [17.367197833333332, 78.44859933333333], [17.367196999999997, 78.44859933333333], [17.367196166666666, 78.44859916666665], [17.36719533333333, 78.44859916666665], [17.3671945, 78.44859916666665], [17.367193666666665, 78.448599], [17.367192666666664, 78.448599], [17.367191833333333, 78.448599], [17.367190833333332, 78.44859883333334], [17.36719, 78.44859883333334], [17.367189166666666, 78.44859883333334], [17.367188333333335, 78.44859866666667], [17.3671875, 78.44859866666667], [17.367186666666665, 78.44859866666667], [17.367186, 78.44859866666667], [17.367185166666665, 78.44859849999999], [17.367184333333334, 78.44859849999999], [17.3671835, 78.44859849999999], [17.367182666666668, 78.44859833333334], [17.367181833333333, 78.44859833333334], [17.367181000000002, 78.44859833333334], [17.367180166666667, 78.44859816666667], [17.367179333333336, 78.44859816666667], [17.3671785, 78.44859816666667], [17.3671775, 78.44859799999999], [17.36717666666667, 78.44859799999999], [17.367175666666665, 78.44859799999999], [17.367174833333333, 78.44859799999999], [17.367174, 78.44859783333332], [17.367173166666664, 78.44859783333332], [17.367172333333333, 78.44859783333332], [17.367171499999998, 78.44859766666667], [17.3671705, 78.44859766666667], [17.367169666666666, 78.44859766666667], [17.367168833333334, 78.44859766666667], [17.367168, 78.4485975], [17.367167166666665, 78.4485975], [17.367166333333333, 78.4485975], [17.3671655, 78.44859733333332], [17.3671645, 78.44859733333332], [17.367163666666666, 78.44859716666666], [17.367162666666665, 78.44859716666666], [17.367161666666668, 78.44859716666666], [17.367160833333333, 78.44859716666666], [17.367160000000002, 78.448597], [17.367159, 78.448597], [17.367158333333336, 78.448597], [17.3671575, 78.448597], [17.3671565, 78.44859683333334], [17.367155833333335, 78.44859683333334], [17.367155, 78.44859683333334], [17.36715416666667, 78.44859683333334], [17.367153499999997, 78.44859666666666], [17.367152666666666, 78.44859666666666], [17.367151666666665, 78.44859666666666], [17.367150833333334, 78.44859666666666], [17.36715, 78.4485965], [17.367148999999998, 78.4485965], [17.367148, 78.4485965], [17.367147166666665, 78.44859633333334], [17.367146166666664, 78.44859633333334], [17.367145166666667, 78.44859633333334], [17.367144166666666, 78.44859616666666], [17.367143333333335, 78.44859616666666], [17.3671425, 78.44859616666666], [17.367141666666665, 78.44859616666666], [17.367141, 78.44859616666666], [17.367140166666665, 78.44859616666666], [17.367139333333334, 78.448596], [17.3671385, 78.448596], [17.367137666666668, 78.448596], [17.367136666666667, 78.448596], [17.367135833333336, 78.448596], [17.367135, 78.448596], [17.367134, 78.448596], [17.36713316666667, 78.44859583333333], [17.367132166666668, 78.44859583333333], [17.367131166666663, 78.44859583333333], [17.367130166666666, 78.44859583333333], [17.36712933333333, 78.44859566666668], [17.367128333333334, 78.44859566666668], [17.3671275, 78.44859566666668], [17.367126666666664, 78.4485955], [17.367125666666666, 78.4485955], [17.367124999999998, 78.4485955], [17.367124166666667, 78.4485955], [17.367123499999998, 78.4485955], [17.367122666666667, 78.4485955], [17.367121833333332, 78.4485955], [17.367121, 78.4485955], [17.367120166666666, 78.44859533333333], [17.367119333333335, 78.44859533333333], [17.3671185, 78.44859533333333], [17.3671175, 78.44859533333333], [17.3671165, 78.44859533333333], [17.3671155, 78.44859516666666], [17.367114666666666, 78.44859516666666], [17.36711366666667, 78.44859516666666], [17.367112833333334, 78.44859516666666], [17.367111833333336, 78.44859516666666], [17.367111, 78.44859516666666], [17.36711, 78.448595], [17.367109333333335, 78.448595], [17.367108499999997, 78.448595], [17.367107666666666, 78.448595], [17.367106999999997, 78.448595], [17.367106166666666, 78.448595], [17.36710533333333, 78.448595], [17.3671045, 78.448595], [17.367103666666665, 78.448595], [17.367102833333334, 78.448595], [17.367102, 78.448595], [17.367100999999998, 78.44859483333333], [17.367100166666667, 78.44859483333333], [17.367099, 78.44859483333333], [17.367098166666665, 78.44859483333333], [17.367097333333334, 78.44859483333333], [17.367096333333333, 78.44859483333333], [17.3670955, 78.44859483333333], [17.367094666666667, 78.44859483333333], [17.367093833333335, 78.44859483333333], [17.367093, 78.44859466666666], [17.367092166666666, 78.44859466666666], [17.3670915, 78.44859466666666], [17.3670905, 78.44859466666666], [17.367089833333335, 78.44859466666666], [17.367089, 78.44859466666666], [17.367088000000003, 78.44859466666666], [17.367087, 78.44859466666666], [17.367086166666663, 78.44859466666666], [17.367085333333332, 78.4485945], [17.36708433333333, 78.4485945], [17.3670835, 78.4485945], [17.3670825, 78.4485945], [17.367081666666664, 78.4485945], [17.367080833333333, 78.4485945], [17.367079999999998, 78.44859433333333], [17.367079, 78.44859433333333], [17.367078166666666, 78.44859433333333], [17.3670775, 78.44859433333333], [17.367076833333332, 78.44859433333333], [17.367076, 78.44859433333333], [17.367075, 78.44859433333333], [17.367073833333333, 78.44859433333333], [17.367072333333333, 78.44859433333333], [17.367070333333334, 78.44859433333333], [17.367068, 78.44859416666667], [17.367065166666666, 78.448594], [17.367062333333333, 78.44859366666667], [17.367059333333334, 78.44859333333333], [17.367056333333334, 78.448593], [17.367053333333335, 78.44859233333334], [17.367050666666668, 78.44859183333332], [17.367048333333333, 78.44859133333333], [17.367046000000002, 78.44859083333334], [17.367043833333334, 78.44859033333334], [17.367042, 78.44858983333333], [17.367040166666666, 78.44858933333333], [17.367038333333333, 78.448589], [17.367036833333334, 78.4485885], [17.367035333333334, 78.448588], [17.367034166666667, 78.4485875], [17.36703333333333, 78.44858683333334], [17.367033, 78.44858599999999], [17.367033, 78.44858500000001], [17.36703333333333, 78.448584], [17.367034333333333, 78.44858283333333], [17.367034999999998, 78.44858183333334], [17.367035666666666, 78.44858066666667], [17.367036499999998, 78.44857950000001], [17.367037333333332, 78.44857816666666], [17.367038166666667, 78.44857699999999], [17.367039, 78.44857583333334], [17.367039666666667, 78.44857449999999], [17.367040333333332, 78.44857316666666], [17.367040666666664, 78.448572], [17.367040999999997, 78.44857066666667], [17.36704116666667, 78.44856933333334], [17.367041333333336, 78.44856783333333], [17.367041500000003, 78.4485665], [17.367041333333336, 78.44856516666667], [17.36704116666667, 78.44856383333334], [17.36704116666667, 78.4485625], [17.367040666666664, 78.44856116666666], [17.367040333333332, 78.44855966666667], [17.367039666666667, 78.44855833333332], [17.367039, 78.448557], [17.367037999999997, 78.44855566666666], [17.367037, 78.44855433333333], [17.367036, 78.44855299999999], [17.367034999999998, 78.44855166666666], [17.367033833333334, 78.44855033333333], [17.3670325, 78.448549], [17.367031166666667, 78.44854783333334], [17.3670295, 78.4485465], [17.367028, 78.44854516666666], [17.367026, 78.44854383333333], [17.367023666666668, 78.44854266666667], [17.3670215, 78.44854133333334], [17.36701916666667, 78.44854016666666], [17.36701683333333, 78.44853883333333], [17.367014333333334, 78.44853766666667], [17.367011833333333, 78.44853633333334], [17.367008833333333, 78.44853516666667], [17.367006166666666, 78.44853400000001], [17.367003333333333, 78.44853266666668], [17.367000333333333, 78.44853166666667], [17.366997166666668, 78.4485305], [17.366994, 78.44852916666667], [17.366990833333332, 78.448528], [17.3669875, 78.44852683333333], [17.36698416666667, 78.4485255], [17.366980833333333, 78.44852433333334], [17.366977333333335, 78.44852316666667], [17.366973833333336, 78.448522], [17.366970166666665, 78.44852083333333], [17.366966333333334, 78.44851966666667], [17.3669625, 78.4485185], [17.366958333333333, 78.44851716666668], [17.36695416666667, 78.448516], [17.366949833333333, 78.44851483333333], [17.3669455, 78.44851366666667], [17.366941, 78.4485125], [17.366936333333335, 78.44851116666668], [17.366931833333336, 78.44851016666667], [17.366927166666667, 78.448509], [17.36692233333333, 78.44850783333332], [17.3669175, 78.44850666666666], [17.366912666666668, 78.44850566666668], [17.366907333333334, 78.4485045], [17.366902166666666, 78.4485035], [17.366896999999998, 78.44850249999999], [17.366891666666668, 78.44850133333333], [17.366886333333333, 78.44850033333334], [17.366881166666666, 78.44849933333333], [17.36687583333333, 78.44849833333333], [17.366870666666667, 78.44849733333334], [17.366865166666667, 78.44849633333334], [17.366859833333333, 78.44849533333333], [17.366854333333333, 78.44849433333334], [17.366848666666666, 78.44849333333333], [17.36684316666667, 78.44849233333333], [17.366837333333333, 78.44849133333334], [17.366831833333332, 78.44849049999999], [17.366826166666666, 78.44848950000001], [17.3668205, 78.4484885], [17.366814499999997, 78.44848766666668], [17.36680833333333, 78.44848666666667], [17.366802333333332, 78.44848566666666], [17.366796166666667, 78.44848483333334], [17.366789833333332, 78.44848383333333], [17.3667835, 78.448483], [17.36677716666667, 78.44848216666666], [17.366770499999998, 78.44848133333333], [17.366764166666666, 78.4484805], [17.36675766666667, 78.44847966666666], [17.366750833333334, 78.44847883333334], [17.366744, 78.448478], [17.366737, 78.44847716666666], [17.366730166666667, 78.44847633333333], [17.366723166666667, 78.44847566666667], [17.366716, 78.44847483333334], [17.366709, 78.448474], [17.36670183333333, 78.44847316666666], [17.366694833333334, 78.4484725], [17.366687666666667, 78.44847183333333], [17.366680499999998, 78.448471], [17.36667333333333, 78.44847033333333], [17.36666616666667, 78.44846966666667], [17.366658833333336, 78.44846899999999], [17.366651333333333, 78.44846833333332], [17.366644, 78.44846766666666], [17.36663666666667, 78.448467], [17.366629, 78.44846633333333], [17.3666215, 78.44846566666666], [17.366614000000002, 78.448465], [17.3666065, 78.44846433333333], [17.366599, 78.44846383333334], [17.366591500000002, 78.44846333333334], [17.366584, 78.44846266666667], [17.3665765, 78.44846216666666], [17.366568833333336, 78.44846166666666], [17.366561333333333, 78.448461], [17.366553833333334, 78.4484605], [17.366546000000003, 78.44846], [17.366538666666667, 78.44845933333333], [17.366531166666668, 78.44845883333333], [17.366523500000003, 78.44845833333333], [17.366516, 78.44845783333334], [17.366508500000002, 78.44845716666667], [17.366500833333337, 78.44845666666667], [17.366493, 78.44845616666666], [17.366485333333333, 78.44845566666666], [17.3664775, 78.44845516666666], [17.3664695, 78.4484545], [17.366461833333336, 78.448454], [17.366454166666664, 78.4484535], [17.3664465, 78.448453], [17.366439, 78.4484525], [17.36643133333333, 78.448452], [17.3664235, 78.44845149999999], [17.366415833333335, 78.44845099999999], [17.366408333333332, 78.4484505], [17.366400833333334, 78.44845000000001], [17.3663935, 78.44844966666666], [17.366386166666665, 78.44844916666666], [17.366378666666666, 78.44844866666668], [17.366371166666667, 78.44844816666667], [17.3663635, 78.44844766666667], [17.366356, 78.44844716666667], [17.3663485, 78.44844666666667], [17.366340833333332, 78.44844616666666], [17.366333166666667, 78.44844566666667], [17.366325500000002, 78.44844533333334], [17.366317833333333, 78.44844483333333], [17.366310333333335, 78.44844433333333], [17.366303000000002, 78.44844383333334], [17.3662955, 78.44844316666666], [17.366288166666667, 78.44844266666668], [17.366280833333334, 78.44844216666667], [17.3662735, 78.4484415], [17.366266333333332, 78.448441], [17.36625916666667, 78.44844033333334], [17.366252, 78.44843983333334], [17.366244833333333, 78.44843916666667], [17.366237666666667, 78.44843850000001], [17.36623033333333, 78.448438], [17.366223166666668, 78.44843733333333], [17.366216, 78.44843683333333], [17.366208500000003, 78.44843616666667], [17.366201166666666, 78.4484355], [17.366194, 78.44843483333334], [17.366186833333334, 78.44843416666666], [17.366179499999998, 78.4484335], [17.366172333333335, 78.44843283333333], [17.366165000000002, 78.44843216666666], [17.366158, 78.4484315], [17.366150666666666, 78.44843083333333], [17.3661435, 78.44843016666667], [17.366136166666667, 78.4484295], [17.366129, 78.44842883333334], [17.366121833333334, 78.44842799999999], [17.366114666666665, 78.44842733333333], [17.366107333333332, 78.44842666666666], [17.36610016666667, 78.44842583333335], [17.366092833333333, 78.44842516666667], [17.366085666666667, 78.4484245], [17.3660785, 78.44842366666667], [17.366071166666664, 78.448423], [17.366063999999998, 78.44842216666666], [17.36605666666667, 78.4484215], [17.366049333333333, 78.44842066666666], [17.366042, 78.44842], [17.366034833333334, 78.44841916666665], [17.36602733333333, 78.44841849999999], [17.366020166666665, 78.44841766666667], [17.366012833333333, 78.448417], [17.36600566666667, 78.44841616666666], [17.3659985, 78.4484155], [17.3659915, 78.44841483333333], [17.36598466666667, 78.44841416666667], [17.365978, 78.4484135], [17.365971666666667, 78.448413], [17.365965333333335, 78.44841266666667], [17.365959166666666, 78.44841216666667], [17.365953166666667, 78.44841183333332], [17.365947333333335, 78.4484115], [17.365941666666668, 78.44841133333333], [17.365935999999998, 78.44841100000001], [17.365930666666667, 78.44841083333334], [17.365925333333333, 78.44841066666666], [17.36592016666667, 78.4484105], [17.36591533333333, 78.44841033333334], [17.365910166666666, 78.44841016666666], [17.365905333333334, 78.44841016666666], [17.36590066666667, 78.44841], [17.365896000000003, 78.44841], [17.36589133333333, 78.44840983333333], [17.365887, 78.44840983333333], [17.3658825, 78.44840966666668], [17.365878333333335, 78.44840966666668], [17.365874, 78.4484095], [17.36586983333333, 78.4484095], [17.365865666666664, 78.4484095], [17.3658615, 78.44840933333333], [17.365857333333334, 78.44840933333333], [17.3658535, 78.44840933333333], [17.36584966666667, 78.44840933333333], [17.36584583333333, 78.44840933333333], [17.36584183333333, 78.44840916666666], [17.365838166666666, 78.44840916666666], [17.365834333333332, 78.44840916666666], [17.365830666666668, 78.44840916666666], [17.36582716666667, 78.44840916666666], [17.365823499999998, 78.44840916666666], [17.36582, 78.44840916666666], [17.3658165, 78.44840900000001], [17.365813, 78.44840900000001], [17.365809666666667, 78.44840900000001], [17.365806333333335, 78.44840900000001], [17.365803000000003, 78.44840900000001], [17.365799666666664, 78.44840883333333], [17.3657965, 78.44840883333333], [17.365793333333333, 78.44840883333333], [17.36579, 78.44840883333333], [17.365786833333335, 78.44840883333333], [17.365783833333335, 78.44840866666667], [17.365780500000003, 78.44840866666667], [17.36577733333333, 78.4484085], [17.365774166666665, 78.44840833333333], [17.36577133333333, 78.448408], [17.3657685, 78.4484075], [17.365765833333334, 78.44840716666666], [17.365763166666667, 78.44840666666667], [17.3657605, 78.44840616666667], [17.365758333333336, 78.44840566666667], [17.365755666666665, 78.44840516666666], [17.365753333333334, 78.4484045], [17.365750833333333, 78.448404], [17.365748333333332, 78.44840333333333], [17.365745666666665, 78.44840266666667], [17.365743333333334, 78.44840216666667], [17.365740833333334, 78.44840133333334], [17.36573866666667, 78.44840066666667], [17.365736333333334, 78.4484], [17.365734166666666, 78.44839916666666], [17.365732166666664, 78.44839833333334], [17.365730166666665, 78.44839766666668], [17.3657285, 78.44839683333333], [17.365727166666666, 78.44839616666667], [17.365725833333332, 78.44839533333334], [17.365724333333333, 78.44839449999999], [17.365723, 78.44839366666666], [17.365721666666666, 78.44839266666666], [17.365720500000002, 78.44839183333333], [17.36571916666667, 78.44839083333333], [17.365718166666667, 78.44839], [17.365717333333336, 78.44838899999999], [17.3657165, 78.44838816666667], [17.365715833333336, 78.44838733333333], [17.3657155, 78.4483865], [17.365715333333334, 78.4483855], [17.365715, 78.44838466666667], [17.36571466666667, 78.44838366666666], [17.365714500000003, 78.44838283333334], [17.365714500000003, 78.44838183333333], [17.365714500000003, 78.44838083333335], [17.365714500000003, 78.44838], [17.365714333333337, 78.448379], [17.365714, 78.448378], [17.365713500000002, 78.44837716666666], [17.365712833333337, 78.44837633333333], [17.365712166666665, 78.44837550000001], [17.3657115, 78.44837466666667], [17.3657105, 78.44837383333333], [17.365709499999998, 78.44837316666667], [17.3657085, 78.44837233333332], [17.3657075, 78.44837166666666], [17.365706333333332, 78.448371], [17.365705, 78.44837033333333], [17.365703833333335, 78.44836966666666], [17.365702666666667, 78.448369], [17.365701333333334, 78.44836833333333], [17.3657, 78.44836783333334], [17.365698666666667, 78.44836716666667], [17.365697333333333, 78.44836666666667], [17.365695833333334, 78.44836600000001], [17.365694333333334, 78.4483655], [17.365692833333334, 78.448365], [17.365691166666668, 78.44836433333333], [17.3656895, 78.44836383333333], [17.365687666666666, 78.448363], [17.365685666666664, 78.44836216666666], [17.365683666666666, 78.44836116666667], [17.3656815, 78.44836000000001], [17.365679333333333, 78.44835866666668], [17.365676833333335, 78.44835716666667], [17.365674666666667, 78.44835566666667], [17.365672166666666, 78.44835416666666], [17.365669833333335, 78.44835266666668], [17.36566733333333, 78.448351], [17.365664833333334, 78.44834933333333], [17.365662333333333, 78.44834766666666], [17.365659666666666, 78.448346], [17.365657166666665, 78.44834416666666], [17.365654666666668, 78.44834250000001], [17.365652, 78.44834066666667], [17.365649333333334, 78.44833883333334], [17.365646833333336, 78.44833700000001], [17.365644166666666, 78.44833533333333], [17.36564183333333, 78.4483335], [17.365639333333334, 78.44833166666668], [17.365636833333333, 78.44832983333335], [17.3656345, 78.44832783333332], [17.365632166666668, 78.448326], [17.3656295, 78.44832416666667], [17.365627166666666, 78.44832233333334], [17.36562466666667, 78.44832033333334], [17.365622166666665, 78.4483185], [17.365619666666664, 78.44831666666667], [17.365617333333333, 78.44831466666666], [17.365614833333332, 78.44831283333333], [17.365612666666667, 78.448311], [17.365610333333333, 78.44830900000001], [17.365608, 78.44830716666667], [17.365605666666667, 78.44830516666666], [17.365603333333336, 78.44830333333333], [17.365601166666668, 78.4483015], [17.365598833333333, 78.44829966666666], [17.365596666666665, 78.44829800000001], [17.365594666666667, 78.44829666666666], [17.365592499999998, 78.44829516666667], [17.365590666666666, 78.44829383333334], [17.365588666666667, 78.4482925], [17.365586666666665, 78.44829133333333], [17.365584833333333, 78.44829016666667], [17.365583, 78.448289], [17.365581000000002, 78.448288], [17.365579, 78.448287], [17.365577166666665, 78.44828600000001], [17.365575166666666, 78.44828516666666], [17.3655735, 78.44828416666665], [17.365571666666664, 78.44828333333334], [17.365569833333332, 78.4482825], [17.365568, 78.44828183333334], [17.365566333333334, 78.448281], [17.365564666666668, 78.44828016666666], [17.365563166666668, 78.4482795], [17.365562, 78.44827883333333], [17.365561, 78.44827816666665], [17.36556016666667, 78.44827749999999], [17.365559833333336, 78.448277], [17.3655595, 78.4482765], [17.365559333333334, 78.448276], [17.3655595, 78.4482755], [17.365559833333336, 78.448275], [17.365560333333335, 78.44827466666668], [17.365561, 78.44827433333333], [17.365561666666668, 78.44827383333333], [17.3655625, 78.4482735], [17.365563333333334, 78.44827316666667], [17.365564166666665, 78.44827283333333], [17.365565, 78.4482725], [17.365565833333335, 78.44827216666665], [17.365567, 78.44827183333334], [17.365568, 78.44827149999999], [17.365568666666665, 78.44827133333334], [17.3655695, 78.448271], [17.365570166666664, 78.44827066666667], [17.365570666666667, 78.4482705], [17.365571499999998, 78.44827016666666], [17.365572333333333, 78.44826983333334], [17.365572666666665, 78.4482695], [17.36557283333333, 78.44826916666666], [17.365572999999998, 78.44826883333333], [17.365573166666664, 78.4482685], [17.365573333333334, 78.44826833333333], [17.365573166666664, 78.44826816666667], [17.365573166666664, 78.44826783333333], [17.365573166666664, 78.44826766666667], [17.365573333333334, 78.4482675], [17.365573333333334, 78.44826733333333], [17.3655735, 78.448267], [17.365573666666666, 78.44826683333334], [17.365573666666666, 78.44826666666667], [17.365573833333332, 78.44826633333334], [17.365574, 78.44826583333334], [17.365574499999997, 78.44826533333334], [17.365575333333332, 78.44826483333333], [17.365576333333333, 78.44826400000001], [17.365577499999997, 78.44826316666666], [17.365578833333334, 78.44826233333333], [17.365580333333334, 78.44826133333332], [17.365581833333334, 78.44826016666666], [17.365583666666666, 78.44825900000001], [17.365585166666666, 78.448258], [17.365586666666665, 78.448257], [17.365588, 78.448256], [17.365589333333332, 78.448255], [17.365590666666666, 78.44825399999999], [17.365591833333333, 78.44825316666667], [17.365592666666664, 78.44825233333333], [17.365593666666665, 78.4482515], [17.365594333333334, 78.44825066666667], [17.365595, 78.44825], [17.365595833333334, 78.44824916666667], [17.365596333333333, 78.4482485], [17.36559683333333, 78.44824783333334], [17.365597333333334, 78.44824700000001], [17.365597833333332, 78.44824633333333], [17.365598166666665, 78.44824566666666], [17.365598499999997, 78.44824516666667], [17.365598499999997, 78.4482445], [17.365598833333333, 78.44824383333334], [17.365599166666666, 78.44824333333332], [17.365599333333332, 78.44824266666666], [17.3655995, 78.44824216666666], [17.365599666666665, 78.44824166666668], [17.365599666666665, 78.44824116666668], [17.36559983333333, 78.44824050000001], [17.365599666666665, 78.44824], [17.365599666666665, 78.4482395], [17.3655995, 78.448239], [17.3655995, 78.44823866666667], [17.365599166666666, 78.44823816666667], [17.365598833333333, 78.44823766666667], [17.365598499999997, 78.44823716666666], [17.365598166666665, 78.44823683333334], [17.365597666666666, 78.44823633333334], [17.365597333333334, 78.44823583333333], [17.365596999999998, 78.4482355], [17.3655965, 78.44823500000001], [17.365596166666666, 78.44823466666666], [17.365595666666664, 78.44823416666667], [17.365595166666665, 78.44823383333333], [17.365594666666667, 78.44823333333333], [17.365593999999998, 78.448233], [17.365593333333333, 78.44823266666667], [17.365592666666664, 78.44823216666667], [17.365592166666666, 78.44823183333332], [17.3655915, 78.4482315], [17.365590833333332, 78.448231], [17.36559, 78.44823066666666], [17.365589333333332, 78.44823033333334], [17.365588666666667, 78.44823], [17.365588, 78.44822966666668], [17.365587333333334, 78.44822933333333], [17.365586666666665, 78.44822900000001], [17.365586, 78.44822866666667], [17.365585333333335, 78.44822833333333], [17.365584666666667, 78.448228], [17.365584000000002, 78.44822766666667], [17.365583166666667, 78.44822733333334], [17.365582333333336, 78.448227], [17.365581333333335, 78.44822666666667], [17.3655805, 78.44822633333334], [17.36557966666667, 78.44822616666667], [17.365578833333334, 78.44822583333332], [17.365578000000003, 78.4482255], [17.365577166666665, 78.44822516666666], [17.365576333333333, 78.44822483333334], [17.3655755, 78.44822466666666], [17.365574499999997, 78.44822433333334], [17.365573666666666, 78.448224], [17.365572999999998, 78.44822366666668], [17.365572333333333, 78.44822333333333], [17.365571833333334, 78.44822283333333], [17.365571499999998, 78.44822233333333], [17.365570833333333, 78.44822183333333], [17.365570166666664, 78.44822133333334], [17.365569333333333, 78.448221], [17.365568666666665, 78.44822049999999], [17.365567833333333, 78.44822], [17.365567166666665, 78.44821950000001], [17.365566166666667, 78.44821916666666], [17.365565333333333, 78.44821883333334], [17.365564333333335, 78.44821833333334], [17.3655635, 78.448218], [17.365562666666666, 78.44821766666668], [17.365561666666668, 78.44821733333333], [17.365560833333333, 78.44821700000001], [17.365559666666666, 78.44821666666667], [17.36555866666667, 78.44821616666667], [17.365557333333335, 78.44821583333334], [17.365556333333334, 78.4482155], [17.365555166666663, 78.44821516666666], [17.365554, 78.44821483333334], [17.365552666666666, 78.44821466666667], [17.365551333333332, 78.44821433333333], [17.36555033333333, 78.44821400000001], [17.365549333333334, 78.44821366666666], [17.365548166666667, 78.44821350000001], [17.365547, 78.44821316666666], [17.365546, 78.44821283333334], [17.365545, 78.4482125], [17.365544, 78.44821233333333], [17.365542833333333, 78.448212], [17.365541833333335, 78.44821183333333], [17.365540666666668, 78.4482115], [17.365539666666667, 78.44821116666667], [17.365538333333333, 78.448211], [17.365537, 78.44821066666667], [17.365535833333336, 78.44821033333332], [17.365534500000003, 78.44821016666667], [17.365533000000003, 78.44820983333334], [17.365531833333332, 78.44820966666666], [17.365530333333332, 78.44820933333334], [17.365529166666665, 78.44820916666666], [17.36552783333333, 78.44820899999999], [17.365526666666664, 78.44820883333334], [17.365525333333334, 78.44820849999999], [17.365524166666667, 78.44820833333333], [17.365522833333333, 78.44820816666667], [17.365521666666666, 78.44820783333333], [17.365520166666666, 78.44820766666666], [17.365518833333333, 78.44820733333333], [17.3655175, 78.44820716666666], [17.365516, 78.448207], [17.365514666666666, 78.44820683333334], [17.365513333333336, 78.4482065], [17.365511833333336, 78.44820633333333], [17.365510500000003, 78.44820616666667], [17.365509166666666, 78.448206], [17.365507666666666, 78.44820583333333], [17.365506333333332, 78.44820566666667], [17.365505, 78.4482055], [17.3655035, 78.44820533333333], [17.365502, 78.44820516666667], [17.365500666666666, 78.448205], [17.365499166666666, 78.44820483333334], [17.365497833333333, 78.44820466666667], [17.365496333333333, 78.4482045], [17.365495, 78.44820433333332], [17.36549366666667, 78.44820416666667], [17.36549216666667, 78.44820416666667], [17.36549066666667, 78.448204], [17.36548916666667, 78.44820383333334], [17.36548766666667, 78.44820366666666], [17.365486333333333, 78.4482035], [17.365485166666666, 78.44820333333334], [17.365483666666666, 78.44820316666666], [17.3654825, 78.44820299999999], [17.36548133333333, 78.44820283333334], [17.365479833333332, 78.44820266666667], [17.365478333333332, 78.44820266666667], [17.365476833333332, 78.4482025], [17.3654755, 78.44820233333333], [17.36547416666667, 78.44820233333333], [17.36547266666667, 78.44820216666668], [17.36547116666667, 78.44820216666668], [17.36546966666667, 78.44820200000001], [17.36546816666667, 78.44820200000001], [17.36546666666667, 78.44820183333333], [17.365465333333336, 78.44820183333333], [17.365463833333333, 78.44820166666666], [17.365462333333333, 78.44820166666666], [17.365460833333334, 78.44820150000001], [17.3654595, 78.44820133333333], [17.365458166666667, 78.44820133333333], [17.365456666666667, 78.44820116666666], [17.3654555, 78.448201], [17.365454, 78.448201], [17.365452833333332, 78.44820083333335], [17.3654515, 78.44820066666666], [17.365450333333335, 78.4482005], [17.365449, 78.44820033333333], [17.365447833333334, 78.44820016666667], [17.365446666666667, 78.44820016666667], [17.365445333333334, 78.4482], [17.36544416666667, 78.44819983333333], [17.365442833333336, 78.44819966666667], [17.365441666666666, 78.4481995], [17.365440333333332, 78.4481995], [17.365438833333332, 78.44819933333333], [17.365437333333333, 78.44819933333333], [17.365436, 78.44819916666667], [17.365434666666665, 78.44819916666667], [17.365433333333332, 78.448199], [17.365431833333332, 78.448199], [17.3654305, 78.44819883333334], [17.36542916666667, 78.44819883333334], [17.365427833333335, 78.44819866666667], [17.3654265, 78.44819866666667], [17.365425166666668, 78.4481985], [17.36542366666667, 78.4481985], [17.365422333333335, 78.44819833333332], [17.365420833333335, 78.44819816666667], [17.365419499999998, 78.44819816666667], [17.365418, 78.448198], [17.3654165, 78.448198], [17.365415166666665, 78.44819783333334], [17.365413666666665, 78.44819783333334], [17.365412, 78.44819766666666], [17.365410666666666, 78.44819766666666], [17.365409166666666, 78.44819766666666], [17.365407833333332, 78.4481975], [17.365406333333333, 78.4481975], [17.365404666666667, 78.44819733333334], [17.365403, 78.44819733333334], [17.365401666666667, 78.44819716666666], [17.3654, 78.44819716666666], [17.365398333333335, 78.448197], [17.36539683333333, 78.448197], [17.365395, 78.448197], [17.3653935, 78.44819683333334], [17.365392, 78.44819683333334], [17.365390333333334, 78.44819666666668], [17.365388666666668, 78.44819666666668], [17.365387166666668, 78.4481965], [17.3653855, 78.4481965], [17.365384, 78.4481965], [17.365382333333333, 78.44819633333333], [17.365380666666667, 78.44819633333333], [17.365379166666667, 78.44819616666668], [17.3653775, 78.44819616666668], [17.36537566666667, 78.44819600000001], [17.365374, 78.44819583333333], [17.365372333333333, 78.44819583333333], [17.365370499999997, 78.44819566666666], [17.365368666666665, 78.44819566666666], [17.365366833333333, 78.44819550000001], [17.365365, 78.44819533333333], [17.365363333333335, 78.44819533333333], [17.36536166666667, 78.44819516666666], [17.365359833333333, 78.44819516666666], [17.365358166666667, 78.448195], [17.3653565, 78.448195], [17.365354833333335, 78.44819483333335], [17.365353333333335, 78.44819483333335], [17.3653515, 78.44819466666667], [17.365350166666666, 78.44819466666667], [17.365349, 78.44819433333333], [17.365348333333333, 78.44819416666665], [17.36534783333333, 78.44819366666667], [17.3653475, 78.44819316666667], [17.365347166666666, 78.44819266666667], [17.365347166666666, 78.448192], [17.365347166666666, 78.44819133333334], [17.365347, 78.4481905], [17.365346166666665, 78.44818966666666], [17.36534483333333, 78.44818883333333], [17.365342833333333, 78.44818766666667], [17.365341, 78.4481865], [17.365339, 78.44818516666666], [17.365336666666668, 78.44818366666667], [17.365334, 78.44818216666665], [17.365331333333334, 78.44818066666667], [17.36532833333333, 78.44817916666666], [17.365325499999997, 78.4481775], [17.36532233333333, 78.44817583333334], [17.365319333333332, 78.44817416666666], [17.365315833333334, 78.4481725], [17.365312333333335, 78.44817083333334], [17.365308833333334, 78.44816916666667], [17.365305333333332, 78.4481675], [17.365301833333334, 78.44816583333333], [17.365298499999998, 78.44816399999999], [17.365295, 78.44816233333333], [17.3652915, 78.44816066666667], [17.365287833333333, 78.448159], [17.365284166666665, 78.44815733333333], [17.365280666666667, 78.44815566666666], [17.365277166666665, 78.448154], [17.3652735, 78.44815233333334], [17.36527, 78.44815066666666], [17.365266333333334, 78.448149], [17.36526266666667, 78.44814733333332], [17.365259166666664, 78.44814566666668], [17.3652555, 78.44814383333333], [17.365251999999998, 78.44814216666667], [17.365248333333334, 78.4481405], [17.365244833333335, 78.44813883333333], [17.365241333333334, 78.44813716666665], [17.365237666666665, 78.4481355], [17.365234166666667, 78.44813366666668], [17.365230666666665, 78.448132], [17.365227, 78.44813033333334], [17.365223333333333, 78.44812866666666], [17.365219833333335, 78.44812700000001], [17.365216166666666, 78.44812533333334], [17.365212666666665, 78.44812366666666], [17.365209333333333, 78.44812216666666], [17.365205833333334, 78.4481205], [17.365202333333333, 78.44811883333334], [17.365198666666668, 78.44811716666666], [17.36519516666667, 78.4481155], [17.36519183333333, 78.44811383333334], [17.365188333333332, 78.44811216666668], [17.365184666666668, 78.4481105], [17.365181333333332, 78.44810883333334], [17.365177833333334, 78.44810716666666], [17.365174333333336, 78.44810550000001], [17.365170666666664, 78.44810383333333], [17.365167, 78.44810216666666], [17.36516333333333, 78.4481005], [17.365159666666667, 78.44809883333333], [17.365156000000002, 78.44809716666667], [17.365152333333334, 78.44809566666666], [17.365148666666666, 78.44809383333333], [17.36514533333333, 78.44809216666665], [17.365141833333332, 78.4480905], [17.365138, 78.44808883333333], [17.365134666666666, 78.44808716666667], [17.36513066666667, 78.44808549999999], [17.365127166666664, 78.44808383333334], [17.365123333333333, 78.44808216666667], [17.365119666666665, 78.44808066666666], [17.365115833333334, 78.448079], [17.365111833333334, 78.44807733333333], [17.365108000000003, 78.44807566666667], [17.36510433333333, 78.44807399999999], [17.365100166666664, 78.44807216666666], [17.365096166666667, 78.44807066666667], [17.365092166666667, 78.448069], [17.365088, 78.44806733333333], [17.365084000000003, 78.44806566666666], [17.365079833333333, 78.448064], [17.365075666666666, 78.44806233333334], [17.365071333333333, 78.44806083333333], [17.365067333333332, 78.44805916666665], [17.365063000000003, 78.4480575], [17.365058666666666, 78.44805583333333], [17.365054166666667, 78.44805433333333], [17.365049666666668, 78.44805283333334], [17.365045000000002, 78.44805116666666], [17.365040500000003, 78.44804966666668], [17.36503583333333, 78.448048], [17.365031, 78.44804649999999], [17.365026, 78.44804483333334], [17.365021000000002, 78.44804333333333], [17.365016, 78.44804183333333], [17.365011, 78.44804016666667], [17.36500583333333, 78.44803866666666], [17.365000666666667, 78.44803716666667], [17.364995500000003, 78.44803566666666], [17.364990166666665, 78.44803416666667], [17.364984666666665, 78.44803266666666], [17.364979166666668, 78.44803116666667], [17.364973666666668, 78.44802966666666], [17.364967999999998, 78.44802816666667], [17.364962333333334, 78.44802666666666], [17.3649565, 78.44802516666667], [17.364950833333335, 78.44802366666666], [17.364945, 78.44802216666668], [17.364939166666666, 78.44802066666666], [17.364933166666667, 78.44801916666667], [17.364927333333334, 78.44801766666666], [17.364921166666665, 78.44801633333333], [17.364915, 78.44801483333335], [17.364908500000002, 78.44801333333334], [17.364902166666663, 78.44801183333334], [17.364895666666666, 78.4480105], [17.364889, 78.448009], [17.3648825, 78.44800766666667], [17.364875833333333, 78.44800633333332], [17.364869, 78.44800483333333], [17.364862000000002, 78.4480035], [17.364855166666665, 78.44800216666665], [17.364848, 78.44800083333332], [17.364840833333336, 78.4479995], [17.364833666666666, 78.44799816666666], [17.3648265, 78.447997], [17.364819166666667, 78.44799566666667], [17.364812166666663, 78.44799450000001], [17.364805, 78.44799333333334], [17.364798166666667, 78.44799216666667], [17.364791, 78.447991], [17.364784, 78.44798966666667], [17.364776833333334, 78.44798866666666], [17.364769833333334, 78.4479875], [17.364763, 78.4479865], [17.3647565, 78.4479855], [17.364749500000002, 78.44798466666666], [17.364742, 78.44798383333334], [17.3647345, 78.44798316666667], [17.36472716666667, 78.44798233333333], [17.364719666666666, 78.44798133333333], [17.364715666666665, 78.44798083333333], [17.364711166666666, 78.44798], [17.364706833333333, 78.44797916666667], [17.364702, 78.44797833333334], [17.364696833333333, 78.4479775], [17.3646915, 78.44797666666666], [17.3646865, 78.44797583333335], [17.364681333333333, 78.447975], [17.364675833333333, 78.44797416666667], [17.364670666666665, 78.44797333333332], [17.364665, 78.4479725], [17.364659333333336, 78.44797166666667], [17.364653666666666, 78.44797066666666], [17.364648, 78.44796966666667], [17.364642166666666, 78.44796866666667], [17.364636333333333, 78.44796766666667], [17.364631, 78.44796666666666], [17.3646255, 78.44796566666668], [17.36462016666667, 78.44796466666666], [17.364614833333334, 78.44796366666667], [17.36460966666667, 78.44796266666667], [17.3646045, 78.44796166666667], [17.364599333333334, 78.44796066666666], [17.364594333333333, 78.44795966666668], [17.3645895, 78.4479585], [17.364584666666666, 78.4479575], [17.364579833333334, 78.44795649999999], [17.36457516666667, 78.4479555], [17.3645705, 78.4479545], [17.36456616666667, 78.44795366666668], [17.364561499999997, 78.44795283333333], [17.364557166666668, 78.447952], [17.364553, 78.44795133333334], [17.364549, 78.44795066666667], [17.364545, 78.44795], [17.364541166666665, 78.44794950000001], [17.36453733333333, 78.44794883333334], [17.3645335, 78.44794833333334], [17.3645295, 78.44794766666668], [17.36452566666667, 78.44794716666667], [17.364521333333336, 78.4479465], [17.364516833333333, 78.447946], [17.364511666666665, 78.4479455], [17.36450616666667, 78.44794499999999], [17.364500333333336, 78.44794466666667], [17.364494333333333, 78.44794416666667], [17.364487999999998, 78.44794383333333], [17.364481166666668, 78.44794350000001], [17.364474166666664, 78.447943], [17.364467166666667, 78.44794266666666], [17.364459833333335, 78.44794233333333], [17.364452333333336, 78.447942], [17.364444833333334, 78.44794166666667], [17.364437666666667, 78.44794133333333], [17.364430333333335, 78.447941], [17.364423166666665, 78.44794066666667], [17.36441616666667, 78.4479405], [17.36440916666667, 78.44794016666667], [17.364402, 78.44794], [17.364394833333332, 78.44793966666666], [17.364387833333335, 78.4479395], [17.364380666666666, 78.44793916666666], [17.36437383333333, 78.44793899999999], [17.364366833333335, 78.44793866666667], [17.364359666666665, 78.44793849999999], [17.3643525, 78.44793816666667], [17.364345500000002, 78.44793800000001], [17.364338666666665, 78.44793766666666], [17.36433183333333, 78.44793750000001], [17.364324833333335, 78.44793716666666], [17.364318, 78.447937], [17.364311, 78.44793666666666], [17.364304, 78.44793633333333], [17.364297, 78.44793616666666], [17.36428983333333, 78.44793583333333], [17.364282666666668, 78.4479355], [17.3642755, 78.44793533333333], [17.364268166666665, 78.447935], [17.364261, 78.44793466666667], [17.364253833333333, 78.44793433333332], [17.364246666666666, 78.447934], [17.364239666666666, 78.44793366666666], [17.3642325, 78.44793333333334], [17.36422533333333, 78.44793316666666], [17.364218333333334, 78.44793283333334], [17.364211166666667, 78.4479325], [17.364203999999997, 78.44793216666667], [17.364197, 78.44793200000001], [17.36419, 78.44793166666666], [17.364183166666667, 78.44793133333333], [17.364176166666667, 78.447931], [17.364169333333333, 78.44793066666666], [17.364162333333336, 78.44793033333333], [17.364155333333333, 78.44793], [17.364148166666666, 78.44792966666667], [17.364141166666666, 78.44792933333333], [17.364134, 78.447929], [17.364127, 78.44792866666667], [17.36412, 78.44792833333332], [17.364113166666666, 78.447928], [17.364106333333332, 78.4479275], [17.364099333333336, 78.44792716666666], [17.3640925, 78.44792683333334], [17.364085499999998, 78.4479265], [17.3640785, 78.44792616666668], [17.364071666666668, 78.44792583333333], [17.364064833333334, 78.44792550000001], [17.364057833333334, 78.447925], [17.364050833333334, 78.44792466666667], [17.364044, 78.44792433333333], [17.364037, 78.44792383333333], [17.364030166666666, 78.44792349999999], [17.364023333333332, 78.447923], [17.364016333333332, 78.44792266666667], [17.364009166666666, 78.44792233333332], [17.36400216666667, 78.44792183333334], [17.36399533333333, 78.44792149999999], [17.3639885, 78.447921], [17.3639815, 78.44792066666668], [17.363974499999998, 78.44792016666666], [17.363967666666667, 78.44791983333333], [17.363960666666667, 78.4479195], [17.363953666666664, 78.447919], [17.363946666666667, 78.44791866666667], [17.363939666666667, 78.44791816666665], [17.363932666666663, 78.44791783333334], [17.363925666666667, 78.44791733333334], [17.363918666666667, 78.447917], [17.363911499999997, 78.4479165], [17.363904333333334, 78.44791616666666], [17.363897333333334, 78.44791566666666], [17.363890166666668, 78.44791533333334], [17.363882999999998, 78.44791483333333], [17.363875833333335, 78.4479145], [17.36386866666667, 78.44791400000001], [17.363861666666665, 78.44791366666666], [17.3638545, 78.44791333333333], [17.363847333333336, 78.44791283333333], [17.363840166666666, 78.4479125], [17.363833, 78.447912], [17.363825833333333, 78.44791166666667], [17.36381833333333, 78.44791133333334], [17.363811166666668, 78.44791083333332], [17.363803833333336, 78.4479105], [17.3637965, 78.44791016666666], [17.3637895, 78.44790966666666], [17.363782166666667, 78.44790933333334], [17.363774666666664, 78.447909], [17.363767499999998, 78.4479085], [17.363760333333335, 78.44790816666666], [17.363753, 78.44790783333333], [17.363745833333333, 78.44790733333333], [17.363738666666666, 78.447907], [17.36373133333333, 78.44790666666667], [17.363724166666668, 78.44790616666667], [17.363717, 78.44790583333334], [17.36370966666667, 78.44790549999999], [17.3637025, 78.44790516666667], [17.363695166666666, 78.44790466666667], [17.363688, 78.44790433333333], [17.363680833333333, 78.44790400000001], [17.3636735, 78.44790366666666], [17.363666333333335, 78.44790316666668], [17.363659, 78.44790283333333], [17.363651666666666, 78.4479025], [17.363644500000003, 78.44790216666667], [17.363637333333333, 78.44790183333333], [17.363630166666667, 78.4479015], [17.363622833333334, 78.44790116666667], [17.363615666666664, 78.44790083333334], [17.3636085, 78.4479005], [17.363601000000003, 78.44790016666667], [17.363593833333333, 78.44789983333334], [17.363586333333334, 78.44789949999999], [17.363578833333335, 78.44789916666667], [17.3635715, 78.44789883333333], [17.363564166666666, 78.44789850000001], [17.363556833333334, 78.44789816666666], [17.363549666666664, 78.44789783333334], [17.363542166666665, 78.4478975], [17.363535000000002, 78.44789716666668], [17.363527833333332, 78.44789683333333], [17.363520666666666, 78.4478965], [17.3635135, 78.44789616666667], [17.36350633333333, 78.447896], [17.363499166666667, 78.44789566666667], [17.363492166666667, 78.44789533333332], [17.363484833333334, 78.447895], [17.363477666666665, 78.44789483333334], [17.363470333333332, 78.4478945], [17.363463000000003, 78.44789416666667], [17.363455666666667, 78.44789383333334], [17.3634485, 78.44789366666667], [17.363441333333334, 78.44789333333333], [17.363433999999998, 78.44789300000001], [17.36342683333333, 78.44789283333333], [17.363419833333335, 78.44789266666666], [17.36341283333333, 78.44789233333333], [17.363405666666665, 78.44789216666666], [17.36339866666667, 78.447892], [17.363391166666666, 78.44789166666666], [17.363384, 78.4478915], [17.363376833333334, 78.44789133333333], [17.363369666666664, 78.447891], [17.363362333333335, 78.44789083333333], [17.36335516666667, 78.44789066666667], [17.363347833333332, 78.44789033333333], [17.363340666666666, 78.44789016666667], [17.363333666666666, 78.44789016666667], [17.363327166666668, 78.44789], [17.363320666666667, 78.44788983333333], [17.363313833333333, 78.44788983333333], [17.363306833333336, 78.44788983333333], [17.363299666666666, 78.44788966666667], [17.3632925, 78.44788966666667], [17.363285166666667, 78.4478895], [17.36327783333333, 78.44788933333332], [17.363270333333332, 78.44788933333332], [17.363262833333334, 78.44788916666667], [17.363255499999998, 78.447889], [17.363247666666666, 78.44788883333334], [17.363240166666667, 78.44788866666666], [17.363232333333332, 78.4478885], [17.3632245, 78.44788816666667], [17.363216666666666, 78.44788783333334], [17.363209333333334, 78.44788766666667], [17.363201833333335, 78.44788733333333], [17.363194333333336, 78.44788700000001], [17.363186833333334, 78.44788666666666], [17.363179166666665, 78.44788616666666], [17.363171666666666, 78.44788583333334], [17.363164166666664, 78.4478855], [17.363157, 78.44788516666668], [17.363149500000002, 78.44788483333333], [17.363142166666666, 78.44788433333333], [17.363134833333334, 78.447884], [17.3631275, 78.44788366666667], [17.36312033333333, 78.44788333333332], [17.36311316666667, 78.44788283333334], [17.363105833333336, 78.4478825], [17.363098333333333, 78.44788199999999], [17.363091166666667, 78.44788166666667], [17.363084, 78.44788116666668], [17.36307683333333, 78.44788066666666], [17.363069499999998, 78.44788033333333], [17.363062666666668, 78.44788], [17.363055499999998, 78.4478795], [17.36304833333333, 78.447879], [17.36304116666667, 78.44787866666667], [17.363034000000003, 78.44787816666667], [17.363026666666666, 78.44787766666667], [17.3630195, 78.44787733333332], [17.363012333333334, 78.44787683333334], [17.363004999999998, 78.44787633333334], [17.362997833333335, 78.44787583333333], [17.362990500000002, 78.44787533333333], [17.362983333333332, 78.44787483333333], [17.362976166666666, 78.44787433333333], [17.36296916666667, 78.44787383333333], [17.362962, 78.44787333333333], [17.362954666666667, 78.44787283333334], [17.3629475, 78.44787233333334], [17.362940499999997, 78.44787166666667], [17.3629335, 78.44787116666666], [17.362926166666668, 78.44787066666666], [17.36291933333333, 78.44787016666668], [17.362912333333334, 78.44786966666668], [17.3629055, 78.44786900000001], [17.362898499999996, 78.4478685], [17.362891833333332, 78.447868], [17.362885000000002, 78.4478675], [17.362877833333336, 78.44786683333334], [17.362871, 78.44786633333334], [17.362864166666668, 78.44786583333332], [17.3628575, 78.44786516666666], [17.362850666666667, 78.44786466666666], [17.362843833333333, 78.447864], [17.36283716666667, 78.4478635], [17.36283033333333, 78.44786283333333], [17.3628235, 78.44786216666667], [17.362816666666667, 78.44786166666667], [17.362809833333333, 78.447861], [17.362803, 78.44786033333334], [17.362796166666666, 78.44785966666667], [17.36278916666667, 78.44785900000001], [17.362782499999998, 78.44785833333334], [17.362775666666668, 78.44785766666668], [17.362768833333334, 78.44785700000001], [17.362762166666666, 78.44785633333332], [17.362755333333332, 78.44785583333334], [17.36274866666667, 78.44785533333334], [17.362742, 78.44785483333334], [17.362735666666666, 78.44785449999999], [17.3627295, 78.44785416666667], [17.362723000000003, 78.44785383333333], [17.362716499999998, 78.44785350000001], [17.36271, 78.44785316666666], [17.36270366666667, 78.44785283333334], [17.362697, 78.44785266666666], [17.362690333333333, 78.44785233333333], [17.36268383333333, 78.44785216666668], [17.362677, 78.447852], [17.362670166666664, 78.44785183333333], [17.3626635, 78.44785183333333], [17.362656833333332, 78.44785183333333], [17.362650166666665, 78.44785183333333], [17.3626435, 78.44785183333333], [17.362636833333333, 78.447852], [17.362630333333335, 78.447852], [17.362623833333334, 78.44785216666668], [17.362617333333333, 78.44785233333333], [17.36261066666667, 78.4478525], [17.36260383333333, 78.44785266666666], [17.362597, 78.44785283333334], [17.362590166666667, 78.447853], [17.362583333333337, 78.44785316666666], [17.362576666666666, 78.44785350000001], [17.362569833333335, 78.44785366666666], [17.362563, 78.447854], [17.362556333333334, 78.44785433333332], [17.362549666666666, 78.44785466666667], [17.36254316666667, 78.44785483333334], [17.362536833333333, 78.44785533333334], [17.362530166666666, 78.44785566666665], [17.362523666666668, 78.447856], [17.362517333333336, 78.4478565], [17.36251083333333, 78.44785683333333], [17.3625045, 78.44785733333333], [17.36249816666667, 78.44785766666668], [17.362491499999997, 78.44785816666668], [17.362485, 78.4478585], [17.3624785, 78.44785900000001], [17.362472, 78.44785966666667], [17.3624655, 78.44786016666667], [17.362459166666667, 78.44786066666667], [17.362452666666666, 78.44786116666667], [17.36244633333333, 78.44786166666667], [17.362439833333333, 78.44786216666667], [17.362433666666668, 78.44786283333333], [17.362427166666667, 78.44786333333333], [17.362420999999998, 78.44786383333333], [17.362414666666666, 78.44786433333334], [17.3624085, 78.44786483333334], [17.362402166666666, 78.44786533333333], [17.362395833333334, 78.44786583333332], [17.3623895, 78.44786633333334], [17.362383166666667, 78.44786683333334], [17.362377, 78.4478675], [17.3623705, 78.447868], [17.36236416666667, 78.4478685], [17.362357999999997, 78.44786900000001], [17.362351666666665, 78.44786966666668], [17.3623455, 78.44787016666668], [17.3623395, 78.44787066666666], [17.362333333333332, 78.44787133333332], [17.362327333333333, 78.44787183333332], [17.362321, 78.44787249999999], [17.36231466666667, 78.447873], [17.362308499999997, 78.4478735], [17.362302166666666, 78.44787416666667], [17.362295833333334, 78.44787466666666], [17.3622895, 78.44787516666666], [17.362283333333334, 78.44787566666668], [17.36227716666667, 78.44787633333334], [17.362271, 78.44787683333334], [17.36226483333333, 78.4478775], [17.362258833333332, 78.447878], [17.362252666666667, 78.44787866666667], [17.362246666666667, 78.44787916666668], [17.3622405, 78.44787966666667], [17.362235, 78.44788033333333], [17.362229, 78.44788083333333], [17.362222999999997, 78.44788133333333], [17.362216999999998, 78.44788183333334], [17.362210833333332, 78.4478825], [17.362204833333333, 78.447883], [17.362198999999997, 78.44788366666667], [17.362192999999998, 78.44788433333333], [17.36218716666667, 78.44788483333333], [17.36218116666667, 78.4478855], [17.362175166666667, 78.44788616666666], [17.362169166666668, 78.44788666666666], [17.362163, 78.44788733333333], [17.362156833333334, 78.44788799999999], [17.362150666666665, 78.4478885], [17.362144666666666, 78.44788916666667], [17.3621385, 78.44788983333333], [17.36213233333333, 78.4478905], [17.362126333333332, 78.447891], [17.362120166666667, 78.44789166666666], [17.362114000000002, 78.44789233333333], [17.362107833333333, 78.44789300000001], [17.362101666666668, 78.44789349999999], [17.362095500000002, 78.44789416666667], [17.362089500000003, 78.44789483333334], [17.36208333333333, 78.4478955], [17.362077333333332, 78.447896], [17.362070833333334, 78.44789666666667], [17.3620645, 78.44789733333333], [17.362058166666667, 78.447898], [17.362051833333332, 78.44789850000001], [17.362045666666667, 78.44789916666667], [17.362039666666664, 78.44789966666667], [17.3620335, 78.44790033333334], [17.3620275, 78.447901], [17.362021333333335, 78.44790166666667], [17.362015333333332, 78.44790216666667], [17.362009333333333, 78.44790283333333], [17.362003333333334, 78.44790333333334], [17.361997166666665, 78.44790400000001], [17.361991166666666, 78.44790466666667], [17.361985166666667, 78.44790533333334], [17.361979333333334, 78.447906], [17.361973499999998, 78.4479065], [17.361968, 78.44790716666667], [17.361963333333332, 78.44790766666667], [17.36196, 78.44790816666666], [17.361957500000003, 78.4479085], [17.361955333333334, 78.44790883333333], [17.361954, 78.44790916666668], [17.361953500000002, 78.44790966666666], [17.36195316666667, 78.44790983333334], [17.361953333333336, 78.44791016666666], [17.361953500000002, 78.44791033333333], [17.361953500000002, 78.4479105], [17.36195366666667, 78.44791066666667], [17.361953333333336, 78.44791066666667], [17.36195283333333, 78.44791083333332], [17.36195233333333, 78.44791083333332], [17.361951666666666, 78.44791083333332], [17.36195083333333, 78.44791083333332], [17.361949666666664, 78.447911], [17.361948666666667, 78.44791116666667], [17.3619475, 78.44791133333334], [17.361946166666666, 78.44791133333334], [17.361944666666666, 78.44791149999999], [17.361943333333333, 78.44791149999999], [17.361941666666667, 78.44791166666667], [17.361940166666667, 78.44791183333334], [17.361938666666667, 78.44791183333334], [17.361937, 78.447912], [17.361935833333334, 78.447912], [17.361935000000003, 78.447912], [17.361934666666667, 78.447912], [17.361935333333335, 78.44791183333334], [17.361936833333335, 78.44791166666667], [17.361938666666667, 78.44791133333334], [17.361941333333334, 78.447911], [17.361944333333334, 78.4479105], [17.361947666666666, 78.44790983333334], [17.361950999999998, 78.44790916666668], [17.361954, 78.44790866666668], [17.361957166666667, 78.44790800000001], [17.361959666666667, 78.4479075], [17.361961833333332, 78.44790716666667], [17.361963666666668, 78.44790683333333], [17.361965333333334, 78.4479065], [17.36196633333333, 78.44790633333334], [17.361966833333334, 78.44790633333334], [17.361967, 78.44790616666667], [17.361967, 78.44790633333334], [17.3619665, 78.44790633333334], [17.361965833333333, 78.4479065], [17.361964666666665, 78.44790683333333], [17.361962833333333, 78.44790733333333], [17.361960166666666, 78.44790800000001], [17.361956333333335, 78.44790883333333], [17.361951666666666, 78.44790983333334], [17.361946666666665, 78.447911], [17.361941166666668, 78.44791233333333], [17.361935333333335, 78.44791366666666], [17.361929166666666, 78.44791516666668], [17.3619225, 78.4479165], [17.361915, 78.447918], [17.36190733333333, 78.4479195], [17.361899333333334, 78.44792083333333], [17.361891, 78.44792233333332], [17.361882666666666, 78.44792383333333], [17.361874, 78.44792516666666], [17.361865666666667, 78.4479265], [17.361857333333333, 78.44792783333334], [17.361849333333332, 78.44792916666667], [17.3618415, 78.4479305], [17.361834166666664, 78.44793166666666], [17.361827, 78.44793283333334], [17.361820166666668, 78.447934], [17.361813833333333, 78.447935], [17.361807666666667, 78.44793616666666], [17.361801333333336, 78.44793733333333], [17.361795166666663, 78.44793833333333], [17.361788833333332, 78.44793933333334], [17.3617825, 78.44794033333332], [17.3617765, 78.44794116666667], [17.361770166666666, 78.44794216666666], [17.361763833333335, 78.44794283333334], [17.361757666666666, 78.44794366666666], [17.361751333333334, 78.44794433333333], [17.361745166666665, 78.44794516666666], [17.361739166666666, 78.447946], [17.361733, 78.44794683333333], [17.361726833333332, 78.4479475], [17.361720333333334, 78.44794816666666], [17.361713833333333, 78.44794883333334], [17.3617075, 78.44794933333333], [17.361701333333333, 78.44795], [17.361695, 78.44795049999999], [17.361689000000002, 78.447951], [17.361683000000003, 78.44795166666667], [17.361677166666666, 78.44795216666667], [17.361671333333334, 78.44795266666667], [17.361665333333335, 78.44795316666666], [17.361659333333332, 78.44795366666668], [17.361653166666667, 78.44795416666666], [17.361647, 78.44795483333334], [17.361641000000002, 78.44795516666666], [17.361634833333333, 78.44795566666667], [17.361628, 78.44795616666667], [17.361620833333333, 78.44795666666667], [17.361613499999997, 78.44795683333334], [17.361606166666665, 78.447957], [17.361598833333336, 78.44795683333334], [17.361592166666664, 78.447957], [17.361585333333334, 78.447957], [17.36157916666667, 78.44795683333334], [17.361573, 78.44795683333334], [17.361567166666667, 78.44795666666667], [17.3615615, 78.44795649999999], [17.361556166666666, 78.44795633333334], [17.361550833333336, 78.44795616666667], [17.361545666666665, 78.44795583333332], [17.361540666666667, 78.4479555], [17.361535833333335, 78.44795516666666], [17.361531333333335, 78.44795500000001], [17.361526833333336, 78.44795483333334], [17.3615225, 78.44795466666666], [17.361518, 78.4479545], [17.361513833333333, 78.44795433333334], [17.361509666666667, 78.44795416666666], [17.3615055, 78.44795383333333], [17.361500999999997, 78.44795366666668], [17.361496, 78.44795333333333], [17.36149, 78.44795283333333], [17.361482333333335, 78.44795233333333], [17.361473166666666, 78.44795166666667], [17.361463166666667, 78.44795083333334], [17.361452166666666, 78.44795], [17.361441, 78.44794883333334], [17.361428999999998, 78.44794766666668], [17.3614165, 78.4479465], [17.361404, 78.44794516666666], [17.361391166666667, 78.44794383333333], [17.361378333333334, 78.44794233333333], [17.361365166666666, 78.44794083333333], [17.361351833333334, 78.44793916666666], [17.3613385, 78.44793750000001], [17.361325166666667, 78.44793583333333], [17.361311833333332, 78.447934], [17.3612985, 78.44793216666667], [17.36128516666667, 78.44793033333333], [17.361272166666666, 78.44792833333332], [17.361259, 78.44792633333333], [17.361246, 78.44792433333333], [17.361233333333335, 78.44792233333332], [17.361220666666668, 78.44792016666666], [17.3612085, 78.44791816666665], [17.361196333333332, 78.447916], [17.3611845, 78.44791400000001], [17.361172833333335, 78.447912], [17.361161666666664, 78.44791000000001], [17.361150833333333, 78.44790800000001], [17.36114, 78.447906], [17.361129666666667, 78.44790416666666], [17.36111933333333, 78.44790216666667], [17.361109166666665, 78.44790016666667], [17.361099000000003, 78.44789816666666], [17.361089166666666, 78.44789616666667], [17.361079333333333, 78.44789416666667], [17.3610695, 78.447892], [17.361060166666668, 78.44789], [17.361051, 78.44788783333334], [17.361042166666667, 78.44788583333334], [17.361033666666668, 78.44788366666667], [17.361025333333334, 78.4478815], [17.361017333333333, 78.4478795], [17.3610095, 78.44787733333332], [17.361001833333333, 78.44787516666666], [17.360994333333334, 78.44787316666667], [17.360987166666668, 78.447871], [17.360980333333334, 78.44786916666666], [17.360973833333333, 78.44786716666667], [17.360967833333333, 78.44786533333333], [17.36096183333333, 78.44786366666668], [17.3609565, 78.447862], [17.3609515, 78.44786049999999], [17.360946666666667, 78.44785883333334], [17.360941833333335, 78.4478575], [17.360936833333334, 78.44785616666667], [17.360932166666665, 78.44785483333334], [17.360927666666665, 78.44785350000001], [17.360923500000002, 78.447852], [17.36091916666667, 78.44785066666667], [17.360915499999997, 78.44784933333334], [17.36091233333333, 78.44784800000001], [17.360909833333334, 78.44784666666666], [17.360908, 78.4478455], [17.3609065, 78.4478445], [17.3609055, 78.4478435], [17.360904333333334, 78.44784266666667], [17.360903166666667, 78.44784183333333], [17.360902166666666, 78.44784116666666], [17.360901666666667, 78.4478405], [17.360901333333334, 78.44784], [17.360901000000002, 78.44783933333333], [17.360900666666666, 78.44783883333334], [17.3609, 78.44783833333332], [17.360899500000002, 78.44783783333334], [17.360899, 78.4478375], [17.360898333333335, 78.44783716666667], [17.360898000000002, 78.44783683333334], [17.360897833333336, 78.4478365], [17.360897666666666, 78.44783616666668], [17.360897666666666, 78.44783583333333], [17.360897333333334, 78.44783550000001], [17.360896833333335, 78.447835], [17.360896333333336, 78.44783466666667], [17.360895833333334, 78.44783433333333], [17.36089516666667, 78.44783416666668], [17.360894833333337, 78.44783383333333], [17.36089433333333, 78.44783349999999], [17.360893666666666, 78.44783316666667], [17.36089283333333, 78.44783283333332], [17.360892333333332, 78.4478325], [17.360892166666666, 78.44783233333332], [17.360891833333334, 78.447832], [17.360891, 78.44783166666666], [17.360890333333334, 78.44783133333334], [17.3608895, 78.447831], [17.360889166666666, 78.44783083333333], [17.360888833333334, 78.4478305], [17.360888166666665, 78.44783033333333], [17.360887333333334, 78.44783000000001], [17.3608865, 78.44782966666666], [17.360886, 78.4478295], [17.360885666666665, 78.44782916666666], [17.360885166666666, 78.447829], [17.3608845, 78.44782866666667], [17.360883833333332, 78.44782833333333], [17.360883, 78.44782816666667], [17.360882333333333, 78.447828], [17.360882, 78.44782766666667], [17.3608815, 78.44782749999999], [17.360881, 78.44782716666667], [17.360880333333334, 78.447827], [17.360879833333335, 78.44782683333332], [17.360879333333333, 78.44782666666667], [17.360879, 78.44782633333332], [17.360878333333336, 78.44782616666666], [17.360877833333333, 78.447826], [17.360876833333336, 78.44782583333334], [17.360876, 78.44782566666666], [17.3608745, 78.44782566666666], [17.360872500000003, 78.447826], [17.36087, 78.4478265], [17.360867166666665, 78.44782733333334], [17.360864166666666, 78.44782833333333], [17.360860833333334, 78.44782966666666], [17.360857666666668, 78.447831], [17.360854333333336, 78.4478325], [17.360850833333334, 78.447834], [17.360847166666666, 78.44783566666666], [17.360843499999998, 78.4478375], [17.360839666666667, 78.44783916666667], [17.360835833333333, 78.447841], [17.360832000000002, 78.44784283333334], [17.3608285, 78.44784433333332], [17.360825, 78.44784583333333], [17.360821833333333, 78.44784716666666], [17.360818833333333, 78.44784849999999], [17.360816, 78.44784966666666], [17.360813333333333, 78.44785066666667], [17.360810666666666, 78.44785183333333], [17.360808333333335, 78.44785283333334], [17.360805833333334, 78.44785366666666], [17.3608035, 78.44785466666667], [17.36080133333333, 78.4478555], [17.360799, 78.44785633333332], [17.360796833333332, 78.44785716666667], [17.360794833333333, 78.447858], [17.360792833333335, 78.44785866666666], [17.360790666666666, 78.4478595], [17.360788833333334, 78.44786016666667], [17.360787166666668, 78.447861], [17.360785333333336, 78.44786166666667], [17.36078366666667, 78.44786216666667], [17.36078216666667, 78.44786283333333], [17.360780499999997, 78.44786333333333], [17.360778666666665, 78.447864], [17.360777, 78.4478645], [17.3607755, 78.44786500000001], [17.360774, 78.4478655], [17.360772333333333, 78.447866], [17.360771, 78.44786649999999], [17.360769666666666, 78.447867], [17.360768166666666, 78.4478675], [17.360766833333333, 78.44786783333333], [17.360765, 78.44786833333333], [17.360763000000002, 78.44786866666666], [17.3607605, 78.44786916666666], [17.36075783333333, 78.44786966666668], [17.360754666666665, 78.44787016666668], [17.360751, 78.44787083333334], [17.360747333333332, 78.4478715], [17.3607435, 78.44787216666667], [17.36074016666667, 78.44787283333334], [17.36073683333333, 78.4478735], [17.360733666666665, 78.447874], [17.3607305, 78.44787466666666], [17.3607275, 78.44787533333333], [17.36072516666667, 78.44787583333333], [17.360722833333334, 78.44787616666667], [17.36072066666667, 78.44787649999999], [17.360718666666667, 78.44787683333334], [17.360716500000002, 78.44787716666666], [17.360714499999997, 78.44787733333332], [17.360712499999998, 78.44787766666667], [17.360710666666666, 78.44787783333332], [17.360708666666667, 78.447878], [17.360706666666665, 78.44787816666667], [17.3607045, 78.44787849999999], [17.360702333333332, 78.44787866666667], [17.360700833333333, 78.44787883333333], [17.360699333333333, 78.447879], [17.360697666666667, 78.44787916666668], [17.360696166666667, 78.44787916666668], [17.360694833333334, 78.44787933333333], [17.3606935, 78.4478795], [17.36069216666667, 78.4478795], [17.360691, 78.44787966666667], [17.360689833333332, 78.44787983333335], [17.36068883333333, 78.44787983333335], [17.360687833333333, 78.44788], [17.360687, 78.44788], [17.360686833333332, 78.44788016666666], [17.36068733333333, 78.44788050000001], [17.360688999999997, 78.44788083333333], [17.36069183333333, 78.44788133333333], [17.360695833333335, 78.44788166666667], [17.360700666666666, 78.44788216666667], [17.360706333333333, 78.44788266666666], [17.360712666666664, 78.44788316666667], [17.360719666666668, 78.44788366666667], [17.360727, 78.44788433333333], [17.360734666666666, 78.44788483333333], [17.360742833333333, 78.44788533333333], [17.360751166666667, 78.44788583333334], [17.360759833333336, 78.44788616666666], [17.360768833333335, 78.44788666666666], [17.360778, 78.44788700000001], [17.360787333333334, 78.44788733333333], [17.360796999999998, 78.44788766666667], [17.36080666666667, 78.44788799999999], [17.360816166666666, 78.44788816666667], [17.360825666666663, 78.44788833333334], [17.360835333333334, 78.4478885], [17.360845166666664, 78.4478885], [17.360854833333335, 78.4478885], [17.360864499999998, 78.4478885], [17.360873833333336, 78.4478885], [17.360883, 78.44788833333334], [17.360892, 78.44788816666667], [17.360901166666668, 78.44788766666667], [17.360910333333333, 78.44788733333333], [17.3609195, 78.44788683333333], [17.3609285, 78.44788633333333], [17.360937166666666, 78.44788566666666], [17.360946000000002, 78.44788466666667], [17.360954666666665, 78.44788383333334], [17.360962833333335, 78.44788266666666], [17.360970666666667, 78.44788133333333], [17.360978333333332, 78.44788016666666], [17.360985333333335, 78.44787866666667], [17.360991833333333, 78.44787716666666], [17.360998166666665, 78.4478755], [17.36100383333333, 78.44787383333333], [17.361009000000003, 78.447872], [17.36101366666667, 78.44787], [17.361018, 78.447868], [17.3610215, 78.44786616666667], [17.3610245, 78.44786416666668], [17.361027, 78.44786216666667], [17.361029, 78.44786016666667], [17.361030333333336, 78.44785816666668], [17.361031, 78.44785616666667], [17.361031, 78.447854], [17.361030833333334, 78.447852], [17.361029833333337, 78.44784983333334], [17.3610285, 78.44784783333333], [17.36102633333333, 78.44784566666667], [17.361023833333334, 78.44784366666666], [17.3610205, 78.44784150000001], [17.361016666666668, 78.4478395], [17.36101216666667, 78.4478375], [17.361007166666663, 78.44783550000001], [17.361001666666667, 78.44783366666667], [17.3609955, 78.44783183333334], [17.360988833333334, 78.44783016666666], [17.360981833333334, 78.4478285], [17.360974333333335, 78.44782683333332], [17.3609665, 78.44782516666668], [17.360958999999998, 78.44782383333333], [17.360951666666665, 78.44782266666667], [17.360945166666667, 78.44782149999999], [17.360938666666666, 78.4478205], [17.360932333333334, 78.44781966666666], [17.360926166666665, 78.44781883333333], [17.36092, 78.44781800000001], [17.360914166666664, 78.44781733333333], [17.360908333333334, 78.44781666666667], [17.360903, 78.447816], [17.360897666666666, 78.44781566666667], [17.3608925, 78.44781516666667], [17.360887333333334, 78.44781466666667], [17.360882666666665, 78.44781433333333], [17.360878, 78.44781400000001], [17.360873666666667, 78.44781366666666], [17.360870499999997, 78.44781316666668], [17.360867666666664, 78.44781283333333], [17.360864666666664, 78.44781233333333], [17.3608615, 78.44781200000001], [17.3608585, 78.44781166666667], [17.360855833333336, 78.44781133333332], [17.360853000000002, 78.447811], [17.360851, 78.44781066666665], [17.3608485, 78.4478105], [17.360846, 78.44781016666667], [17.360843499999998, 78.44780983333334], [17.360841166666667, 78.44780966666667], [17.360838666666666, 78.44780949999999], [17.360836166666665, 78.44780916666667], [17.360833666666668, 78.447809], [17.360831333333334, 78.44780883333333], [17.360829000000003, 78.44780850000001], [17.360826666666664, 78.44780833333333], [17.360824166666664, 78.44780816666666], [17.360821833333333, 78.447808], [17.360819499999998, 78.44780766666666], [17.3608175, 78.4478075], [17.360815833333334, 78.44780716666668], [17.360814166666668, 78.44780683333333], [17.3608125, 78.4478065], [17.360810833333336, 78.44780633333333], [17.360809333333336, 78.447806], [17.360807666666666, 78.44780566666667], [17.360806, 78.4478055], [17.360804166666664, 78.44780516666667], [17.3608025, 78.447805], [17.3608005, 78.44780466666666], [17.360799, 78.4478045], [17.360797333333334, 78.44780416666667], [17.360795333333332, 78.44780399999999], [17.360793333333334, 78.44780383333334], [17.3607915, 78.44780349999999], [17.36078966666667, 78.44780333333333], [17.360787833333333, 78.44780300000001], [17.360785833333335, 78.44780283333333], [17.36078416666667, 78.44780266666666], [17.360782333333336, 78.44780233333333], [17.360780499999997, 78.44780216666666], [17.360778999999997, 78.447802], [17.360777166666665, 78.44780183333334], [17.360775666666665, 78.44780166666666], [17.360773833333333, 78.44780166666666], [17.360772333333333, 78.44780133333333], [17.360770666666667, 78.44780116666668], [17.360769333333334, 78.44780083333333], [17.360768333333333, 78.44780033333333], [17.360767833333334, 78.44779966666667], [17.360768333333333, 78.44779866666666], [17.3607695, 78.44779733333333], [17.360771, 78.44779583333334], [17.360773166666668, 78.447794], [17.360775666666665, 78.44779199999999], [17.360778666666665, 78.44779], [17.360781999999997, 78.44778766666667], [17.3607865, 78.4477855], [17.360791, 78.44778333333333], [17.360795666666668, 78.447781], [17.360800333333334, 78.44777866666666], [17.360804833333336, 78.44777649999999], [17.360809333333336, 78.44777433333334], [17.360813666666665, 78.44777266666667], [17.360817333333333, 78.447771], [17.360820999999998, 78.4477695], [17.360824666666666, 78.447768], [17.360828166666668, 78.44776666666667], [17.360831333333334, 78.4477655], [17.360834333333333, 78.44776433333332], [17.3608375, 78.44776333333333], [17.360839666666667, 78.44776233333333], [17.360841833333332, 78.4477615], [17.360844166666666, 78.4477605], [17.36084633333333, 78.44775966666666], [17.360848166666663, 78.44775899999999], [17.360849833333337, 78.44775816666667], [17.36085166666667, 78.44775750000001], [17.36085316666667, 78.44775666666666], [17.360854500000002, 78.447756], [17.360856000000002, 78.4477555], [17.3608575, 78.44775483333333], [17.360858666666665, 78.44775433333332], [17.36086, 78.44775366666666], [17.3608605, 78.44775316666667], [17.3608615, 78.44775249999999], [17.360862, 78.44775200000001], [17.3608625, 78.44775150000001], [17.360863166666665, 78.44775083333334], [17.360863166666665, 78.44775033333333], [17.3608635, 78.44774983333333], [17.360863666666667, 78.44774933333333], [17.360864, 78.44774883333334], [17.360864166666666, 78.44774833333332], [17.360864166666666, 78.44774766666666], [17.360864166666666, 78.44774733333334], [17.360864166666666, 78.44774666666667], [17.360864166666666, 78.44774633333333], [17.360864, 78.44774583333333], [17.360864, 78.44774533333333], [17.360863833333333, 78.44774483333335], [17.360863666666667, 78.44774433333333], [17.360863666666667, 78.447744], [17.360863666666667, 78.44774366666667], [17.360863666666667, 78.44774333333334], [17.360863666666667, 78.44774316666667], [17.360863666666667, 78.44774283333332], [17.3608635, 78.44774266666667], [17.3608635, 78.44774233333332], [17.360863666666667, 78.447742], [17.3608635, 78.44774183333334], [17.360863333333334, 78.44774149999999], [17.360863, 78.44774133333334], [17.360862833333332, 78.447741], [17.360862833333332, 78.44774066666668], [17.360862666666666, 78.4477405], [17.360862333333333, 78.44774016666666], [17.360862166666667, 78.44773983333333], [17.360862, 78.44773966666666], [17.360861666666665, 78.44773933333333], [17.3608615, 78.44773916666666], [17.360861333333332, 78.447739], [17.360860833333334, 78.44773883333333], [17.3608605, 78.4477385], [17.36086, 78.44773816666667], [17.3608595, 78.44773783333333], [17.360859, 78.44773749999999], [17.360858333333333, 78.44773733333334], [17.360857666666668, 78.447737], [17.360856833333333, 78.44773666666667], [17.360856166666668, 78.44773633333332], [17.360855333333333, 78.447736], [17.360854, 78.4477355], [17.360852333333334, 78.44773516666667], [17.36085016666667, 78.44773483333333], [17.3608475, 78.44773433333333], [17.360844999999998, 78.44773400000001], [17.360842666666667, 78.44773383333333], [17.360840166666666, 78.4477335], [17.3608375, 78.44773316666667], [17.360834666666666, 78.44773283333333], [17.3608315, 78.44773266666667], [17.360827833333335, 78.44773233333333], [17.360824333333333, 78.447732], [17.36082083333333, 78.44773166666667], [17.360817333333333, 78.44773149999999], [17.3608135, 78.44773116666667], [17.36080966666667, 78.447731], [17.36080516666667, 78.44773083333332], [17.360801, 78.44773066666667], [17.360796666666666, 78.4477305], [17.36079266666667, 78.4477305], [17.360788666666668, 78.44773033333333], [17.3607845, 78.44773033333333], [17.360780166666665, 78.44773016666666], [17.360775999999998, 78.44773016666666], [17.3607715, 78.44773016666666], [17.360766333333334, 78.4477305], [17.360761, 78.44773066666667], [17.360756, 78.447731], [17.360751166666667, 78.44773133333334], [17.3607465, 78.44773149999999], [17.360742000000002, 78.44773183333334], [17.360737500000003, 78.447732], [17.360733, 78.44773216666667], [17.360728666666667, 78.4477325], [17.3607245, 78.44773266666667], [17.3607205, 78.447733], [17.360716833333335, 78.44773316666667], [17.360713333333333, 78.44773333333333], [17.36070983333333, 78.44773333333333], [17.3607065, 78.4477335], [17.360703166666667, 78.44773366666666], [17.360699833333335, 78.44773366666666], [17.36069666666667, 78.44773366666666], [17.360693333333334, 78.44773366666666], [17.360690499999997, 78.44773366666666], [17.36068733333333, 78.44773366666666], [17.360684499999998, 78.44773366666666], [17.3606815, 78.44773366666666], [17.36067866666667, 78.44773366666666], [17.36067566666667, 78.44773366666666], [17.36067266666667, 78.44773366666666], [17.360669833333336, 78.4477335], [17.360666833333333, 78.4477335], [17.360664, 78.4477335], [17.360661166666667, 78.44773333333333], [17.360658333333333, 78.44773333333333], [17.360655666666666, 78.44773333333333], [17.360653, 78.44773333333333], [17.360650333333336, 78.44773333333333], [17.360647500000002, 78.44773316666667], [17.360644666666666, 78.44773316666667], [17.360642, 78.44773316666667], [17.360639166666665, 78.44773316666667], [17.360636333333332, 78.44773316666667], [17.3606335, 78.44773316666667], [17.360630833333335, 78.447733], [17.360627833333336, 78.447733], [17.360625000000002, 78.447733], [17.360622166666666, 78.44773316666667], [17.360619333333332, 78.44773316666667], [17.3606165, 78.44773316666667], [17.360613666666666, 78.447733], [17.360610833333332, 78.44773316666667], [17.360607833333333, 78.44773316666667], [17.360604833333333, 78.44773316666667], [17.36060183333333, 78.4477335], [17.360598999999997, 78.44773366666666], [17.3605965, 78.44773400000001], [17.360594, 78.44773433333333], [17.360591833333334, 78.44773466666668], [17.360589666666666, 78.447735], [17.3605875, 78.44773533333334], [17.360585333333333, 78.44773566666666], [17.360583000000002, 78.447736], [17.360580833333334, 78.44773633333332], [17.36057883333333, 78.44773666666667], [17.360576499999997, 78.44773683333332], [17.3605745, 78.44773716666667], [17.360572166666667, 78.44773733333334], [17.360569333333334, 78.44773766666667], [17.360566, 78.447738], [17.36056166666667, 78.4477385], [17.36055683333333, 78.44773883333333], [17.3605515, 78.44773933333333], [17.360545166666668, 78.44774000000001], [17.360538333333334, 78.4477405], [17.36053133333333, 78.44774116666667], [17.360523666666666, 78.44774166666666], [17.3605155, 78.44774233333332], [17.360507166666665, 78.447743], [17.360499, 78.44774366666667], [17.360490833333333, 78.44774416666668], [17.360483, 78.44774466666667], [17.360475166666667, 78.447745], [17.36046716666667, 78.44774533333333], [17.36045933333333, 78.44774583333333], [17.360452000000002, 78.44774616666668], [17.36044466666667, 78.44774633333333], [17.360437333333333, 78.44774666666667], [17.36043, 78.44774699999999], [17.360423, 78.44774716666667], [17.360416166666667, 78.4477475], [17.360409666666666, 78.44774766666666], [17.360403333333334, 78.44774783333334], [17.360397499999998, 78.447748], [17.360392, 78.44774816666667], [17.360387, 78.44774833333332], [17.360382166666668, 78.4477485], [17.360377500000002, 78.44774866666667], [17.36037333333333, 78.44774866666667], [17.360369166666665, 78.44774883333334], [17.360365333333334, 78.447749], [17.3603615, 78.44774916666667], [17.360357833333335, 78.44774933333333], [17.36035433333333, 78.4477495], [17.360350999999998, 78.4477495], [17.3603475, 78.44774966666667], [17.360344, 78.44774983333333], [17.360340833333332, 78.44774983333333], [17.3603375, 78.44774983333333], [17.360334333333334, 78.44775], [17.36033133333333, 78.44775], [17.36032833333333, 78.44775], [17.360325333333332, 78.44775016666668], [17.3603225, 78.44775016666668], [17.3603195, 78.44775016666668], [17.360316833333332, 78.44775016666668], [17.36031416666667, 78.44775016666668], [17.3603115, 78.44775033333333], [17.36030883333333, 78.44775033333333], [17.36030633333333, 78.44775016666668], [17.360303833333333, 78.44775016666668], [17.3603015, 78.44775016666668], [17.360299, 78.44775016666668], [17.360296833333333, 78.44775016666668], [17.360294500000002, 78.44775016666668], [17.360292333333334, 78.44775016666668], [17.36029016666667, 78.44775], [17.360288166666667, 78.44775], [17.360286, 78.44775], [17.360283833333334, 78.44775], [17.3602815, 78.44774983333333], [17.360278666666666, 78.44774983333333], [17.360275166666668, 78.44775], [17.360270833333335, 78.44775], [17.360265666666667, 78.44775033333333], [17.360260166666666, 78.4477505], [17.360254166666667, 78.44775083333334], [17.360247666666666, 78.447751], [17.360241, 78.447751], [17.360234, 78.44775116666666], [17.360227166666668, 78.44775150000001], [17.36022, 78.44775150000001], [17.360212999999998, 78.44775166666666], [17.3602055, 78.44775150000001], [17.360198166666667, 78.44775150000001], [17.360190833333334, 78.44775116666666], [17.360183333333335, 78.447751], [17.360175833333336, 78.44775083333334], [17.360168666666667, 78.44775083333334], [17.3601615, 78.4477505], [17.360154, 78.44775033333333], [17.36014683333333, 78.44775], [17.3601395, 78.44774966666667], [17.360132500000002, 78.44774933333333], [17.360126166666664, 78.44774916666667], [17.3601205, 78.44774883333334], [17.360116, 78.44774866666667], [17.36011166666667, 78.44774866666667], [17.360107833333334, 78.4477485], [17.360104333333332, 78.4477485], [17.3601015, 78.44774866666667], [17.360098666666666, 78.44774866666667], [17.360096166666665, 78.44774883333334], [17.360093833333334, 78.44774883333334], [17.360091833333335, 78.44774883333334], [17.3600895, 78.447749], [17.360087500000002, 78.447749], [17.360085666666667, 78.447749], [17.36008383333333, 78.44774916666667], [17.360081833333332, 78.44774916666667], [17.360080166666666, 78.44774916666667], [17.360078333333334, 78.44774933333333], [17.360076499999998, 78.44774933333333], [17.360074833333332, 78.44774933333333], [17.360073166666666, 78.44774933333333], [17.3600715, 78.44774933333333], [17.360069833333334, 78.44774933333333], [17.360068000000002, 78.44774933333333], [17.360066333333336, 78.44774933333333], [17.3600645, 78.44774916666667], [17.360062833333334, 78.44774916666667], [17.360061166666664, 78.44774916666667], [17.360059666666665, 78.447749], [17.360058166666665, 78.447749], [17.360056999999998, 78.447749], [17.360055833333334, 78.447749], [17.3600545, 78.447749], [17.360053166666667, 78.447749], [17.360052, 78.447749], [17.3600505, 78.44774883333334], [17.360049, 78.44774866666667], [17.360047333333334, 78.4477485], [17.360045, 78.44774833333332], [17.360042, 78.44774816666667], [17.360038333333332, 78.44774783333334], [17.360033833333333, 78.4477475], [17.360028666666665, 78.44774716666667], [17.360023, 78.44774666666667], [17.360016833333336, 78.44774600000001], [17.36001033333333, 78.44774533333333], [17.360003666666667, 78.4477445], [17.359996833333334, 78.44774366666667], [17.359990166666666, 78.44774266666667], [17.35998366666667, 78.44774166666666], [17.359977333333333, 78.44774066666668], [17.35997166666667, 78.44773966666666], [17.359966166666666, 78.44773866666667], [17.359961, 78.44773783333333], [17.359955666666668, 78.44773716666667], [17.359950333333334, 78.4477365], [17.359945166666666, 78.447736], [17.359940166666668, 78.44773533333334], [17.359935166666666, 78.44773483333333], [17.35993016666667, 78.44773433333333], [17.359925333333333, 78.44773383333333], [17.359920499999998, 78.44773333333333], [17.359916, 78.44773266666667], [17.359911333333333, 78.44773216666667], [17.359906833333334, 78.44773166666667], [17.35990233333333, 78.44773116666667], [17.359898166666667, 78.44773066666667], [17.359893833333334, 78.44773033333333], [17.3598895, 78.44773], [17.3598855, 78.44773], [17.359882000000002, 78.44773016666666], [17.359878499999997, 78.44773033333333], [17.359874833333333, 78.44773066666667], [17.359871333333334, 78.447731], [17.359867833333332, 78.44773133333334], [17.359864833333333, 78.44773166666667], [17.35986216666667, 78.447732], [17.359859500000002, 78.44773216666667], [17.359856666666666, 78.4477325], [17.359854, 78.44773283333333], [17.35985133333333, 78.447733], [17.359848833333334, 78.44773333333333], [17.359846666666666, 78.4477335], [17.359844333333335, 78.44773366666666], [17.359842333333333, 78.44773383333333], [17.359840166666668, 78.44773400000001], [17.35983816666667, 78.44773416666666], [17.359835999999998, 78.44773433333333], [17.359833833333333, 78.4477345], [17.359831666666665, 78.44773466666668], [17.359829666666666, 78.44773483333333], [17.359827499999998, 78.447735], [17.359825666666666, 78.447735], [17.359823666666667, 78.44773516666667], [17.359821833333335, 78.44773533333334], [17.359819833333333, 78.4477355], [17.359817833333334, 78.44773566666666], [17.359816000000002, 78.44773566666666], [17.359814333333336, 78.44773566666666], [17.359812666666667, 78.44773583333334], [17.359810999999997, 78.44773583333334], [17.359809166666665, 78.447736], [17.359807333333332, 78.44773633333332], [17.359805833333333, 78.4477365], [17.359804166666667, 78.4477365], [17.359802333333334, 78.44773666666667], [17.359800333333332, 78.44773666666667], [17.359797833333335, 78.4477365], [17.359795000000002, 78.447736], [17.359792000000002, 78.4477355], [17.359788666666667, 78.44773483333333], [17.359785666666667, 78.44773400000001], [17.359782499999998, 78.447733], [17.359779666666668, 78.44773183333334], [17.359777, 78.4477305], [17.359774666666667, 78.44772916666668], [17.359772500000002, 78.44772766666667], [17.359769833333335, 78.4477265], [17.359768, 78.44772516666667], [17.359766166666667, 78.44772366666666], [17.359764666666667, 78.44772233333333], [17.359763, 78.44772116666667], [17.359761666666667, 78.44771999999999], [17.35976, 78.447719], [17.359758, 78.44771816666666], [17.359756166666667, 78.44771716666668], [17.359754000000002, 78.44771633333333], [17.359751833333334, 78.44771566666667], [17.359750000000002, 78.44771483333334], [17.359747666666667, 78.44771399999999], [17.359745333333333, 78.44771349999999], [17.359743166666664, 78.44771266666666], [17.359741, 78.447712], [17.359738666666665, 78.44771133333333], [17.359736666666667, 78.44771066666667], [17.359734833333334, 78.44771], [17.359733333333335, 78.44770916666667], [17.359732, 78.4477085], [17.359730833333334, 78.44770766666667], [17.359729833333333, 78.44770700000001], [17.359728833333335, 78.44770633333333], [17.359728, 78.44770566666666], [17.3597275, 78.447705], [17.359726833333333, 78.44770433333333], [17.359726000000002, 78.44770366666667], [17.359725, 78.447703], [17.359723666666664, 78.4477025], [17.359721999999998, 78.44770183333334], [17.359720499999998, 78.44770100000001], [17.359719166666665, 78.44770033333333], [17.359717666666665, 78.4476995], [17.3597165, 78.44769866666667], [17.359715166666668, 78.447698], [17.359713666666668, 78.44769716666666], [17.359712333333334, 78.44769633333334], [17.359711, 78.4476955], [17.359709666666667, 78.4476945], [17.3597085, 78.44769366666667], [17.359707333333333, 78.44769266666667], [17.359706333333335, 78.44769183333332], [17.3597055, 78.44769083333334], [17.359704500000003, 78.44768983333333], [17.359703666666668, 78.44768900000001], [17.359702833333333, 78.447688], [17.359701833333336, 78.447687], [17.359700999999998, 78.447686], [17.359700166666666, 78.447685], [17.359699166666665, 78.447684], [17.35969833333333, 78.44768300000001], [17.3596975, 78.44768183333333], [17.35969683333333, 78.44768083333334], [17.359696166666666, 78.44767966666667], [17.35969533333333, 78.44767866666666], [17.3596945, 78.44767766666668], [17.35969383333333, 78.4476765], [17.359693, 78.44767533333334], [17.359692166666665, 78.44767433333332], [17.359691333333334, 78.447673], [17.359690666666665, 78.44767183333333], [17.35969, 78.44767066666667], [17.359689333333332, 78.4476695], [17.35968816666667, 78.44766833333333], [17.359687333333333, 78.447667], [17.359686333333332, 78.44766566666667], [17.359685333333335, 78.4476645], [17.359684166666668, 78.44766333333334], [17.359682666666668, 78.44766216666667], [17.359681000000002, 78.44766116666666], [17.359679833333335, 78.44766016666668], [17.359678666666664, 78.44765933333333], [17.35967733333333, 78.4476585], [17.359676, 78.44765766666666], [17.359674833333333, 78.44765683333334], [17.359673666666666, 78.44765600000001], [17.3596725, 78.44765516666666], [17.359671166666665, 78.4476545], [17.35966983333333, 78.44765383333333], [17.3596685, 78.44765316666667], [17.359666833333332, 78.44765233333332], [17.359665500000002, 78.44765183333334], [17.359664333333335, 78.44765133333334], [17.359663, 78.44765066666668], [17.359661666666668, 78.44765016666666], [17.359660166666668, 78.44764966666666], [17.359658666666668, 78.447649], [17.359657333333335, 78.4476485], [17.35965583333333, 78.447648], [17.359654499999998, 78.44764749999999], [17.359652999999998, 78.447647], [17.35965183333333, 78.4476465], [17.35965033333333, 78.447646], [17.359649, 78.44764533333334], [17.3596475, 78.44764483333333], [17.35964583333333, 78.44764433333333], [17.3596445, 78.44764383333333], [17.359642833333332, 78.44764333333333], [17.3596405, 78.447643], [17.359637833333334, 78.44764266666667], [17.359634833333335, 78.4476425], [17.359631666666665, 78.44764233333333], [17.359628333333333, 78.44764216666667], [17.359624666666665, 78.447642], [17.359621, 78.447642], [17.359617333333333, 78.447642], [17.359613333333336, 78.447642], [17.359609666666664, 78.447642], [17.359606, 78.447642], [17.359602666666667, 78.44764216666667], [17.3595995, 78.44764216666667], [17.359596500000002, 78.44764216666667], [17.359593333333333, 78.44764216666667], [17.359590333333333, 78.44764233333333], [17.35958733333333, 78.44764233333333], [17.3595845, 78.44764233333333], [17.359581666666667, 78.44764233333333], [17.359579, 78.4476425], [17.359576333333333, 78.4476425], [17.359573333333334, 78.4476425], [17.3595705, 78.4476425], [17.359567833333333, 78.44764233333333], [17.359565333333332, 78.44764233333333], [17.35956283333333, 78.44764233333333], [17.359560666666667, 78.44764216666667], [17.359558333333332, 78.447642], [17.359556, 78.44764183333334], [17.3595535, 78.44764166666667], [17.359551166666666, 78.44764149999999], [17.359548500000002, 78.44764133333334], [17.359545500000003, 78.44764133333334], [17.35954233333333, 78.44764116666667], [17.359539666666667, 78.447641], [17.359537166666666, 78.44764083333332], [17.359535166666667, 78.44764066666667], [17.359533, 78.44764066666667], [17.359531, 78.4476405], [17.35952916666667, 78.44764033333333], [17.359527333333332, 78.44764016666666], [17.3595255, 78.44764], [17.359523666666668, 78.44763983333334], [17.35952166666667, 78.44763966666666], [17.35951983333333, 78.4476395], [17.359517999999998, 78.44763933333334], [17.359516, 78.44763916666668], [17.359514166666667, 78.447639], [17.35951233333333, 78.44763883333333], [17.3595105, 78.44763866666668], [17.359508666666667, 78.4476385], [17.359506833333334, 78.44763816666666], [17.359504833333336, 78.44763800000001], [17.359503, 78.44763766666667], [17.359500833333335, 78.4476375], [17.359499000000003, 78.44763733333333], [17.35949683333333, 78.447637], [17.359494833333333, 78.44763683333333], [17.359493, 78.44763666666667], [17.359491, 78.4476365], [17.359489, 78.44763616666667], [17.359487, 78.447636], [17.359485166666666, 78.44763583333334], [17.359483333333333, 78.44763549999999], [17.3594815, 78.44763533333334], [17.359479833333335, 78.44763516666667], [17.359478000000003, 78.447635], [17.359476166666663, 78.44763483333332], [17.35947433333333, 78.44763466666667], [17.3594725, 78.4476345], [17.359470833333333, 78.44763433333333], [17.359469, 78.44763416666666], [17.359467166666665, 78.44763400000001], [17.359465166666666, 78.44763383333334], [17.359463, 78.44763366666666], [17.359461166666666, 78.44763366666666], [17.359459166666667, 78.44763383333334], [17.359457666666668, 78.44763400000001], [17.359456, 78.44763433333333], [17.359454833333334, 78.44763466666667], [17.35945333333333, 78.44763516666667], [17.359452333333333, 78.44763549999999], [17.359451333333332, 78.447636], [17.359450499999998, 78.4476365], [17.359449833333333, 78.447637], [17.359449333333334, 78.4476375], [17.35944883333333, 78.44763800000001], [17.3594485, 78.44763833333333], [17.359448166666667, 78.44763883333333], [17.359447833333334, 78.44763916666668], [17.359447666666664, 78.44763966666666], [17.359447499999998, 78.44764016666666], [17.359447333333332, 78.44764066666667], [17.359447, 78.447641], [17.359447, 78.44764133333334], [17.359447166666666, 78.44764166666667], [17.359447499999998, 78.44764216666667], [17.359448166666667, 78.44764266666667], [17.359448666666665, 78.447643], [17.359448999999998, 78.44764333333333], [17.359449333333334, 78.44764366666666], [17.359449333333334, 78.44764383333333], [17.3594495, 78.44764416666666], [17.359449666666666, 78.44764433333333], [17.359449666666666, 78.4476445], [17.359449833333333, 78.44764466666668], [17.359449833333333, 78.44764483333333], [17.35945, 78.44764483333333], [17.35945, 78.44764483333333], [17.359449833333333, 78.44764483333333], [17.359449666666666, 78.44764483333333], [17.359449333333334, 78.44764466666668], [17.359448999999998, 78.44764466666668], [17.359448666666665, 78.4476445], [17.359448333333333, 78.44764433333333], [17.359448, 78.44764416666666], [17.359447666666664, 78.44764416666666], [17.359447166666666, 78.44764416666666], [17.359446833333333, 78.44764400000001], [17.3594465, 78.44764400000001], [17.359446, 78.44764400000001], [17.359445333333333, 78.44764400000001], [17.359444833333335, 78.44764400000001], [17.359444333333332, 78.44764400000001], [17.359443833333334, 78.44764400000001], [17.359443333333335, 78.44764400000001], [17.359442833333333, 78.44764400000001], [17.359442333333334, 78.44764400000001], [17.359441833333335, 78.44764400000001], [17.359441166666667, 78.44764400000001], [17.359440666666668, 78.44764400000001], [17.359440166666666, 78.44764400000001], [17.3594395, 78.44764400000001], [17.359438666666666, 78.44764400000001], [17.359438333333333, 78.44764400000001], [17.35943766666667, 78.44764400000001], [17.359437, 78.44764400000001], [17.359436333333335, 78.44764416666666], [17.359435666666666, 78.44764416666666], [17.359435166666668, 78.44764416666666], [17.35943466666667, 78.44764400000001], [17.359434, 78.44764416666666], [17.359433333333335, 78.44764416666666], [17.359432666666667, 78.44764400000001], [17.359432166666668, 78.44764416666666], [17.359431500000003, 78.44764416666666], [17.359430999999997, 78.44764416666666], [17.3594305, 78.44764416666666], [17.359429833333333, 78.44764416666666], [17.35942933333333, 78.44764416666666], [17.359428833333332, 78.44764433333333], [17.359428333333334, 78.44764433333333], [17.359427666666665, 78.44764433333333], [17.359427, 78.44764433333333], [17.35942633333333, 78.44764433333333], [17.359425666666667, 78.44764433333333], [17.359424999999998, 78.44764433333333], [17.359424333333333, 78.4476445], [17.359423833333334, 78.4476445], [17.359423166666666, 78.4476445], [17.3594225, 78.4476445], [17.359422, 78.4476445], [17.359421333333334, 78.44764466666668], [17.3594205, 78.44764466666668], [17.35942, 78.44764466666668], [17.3594195, 78.44764466666668], [17.359419, 78.44764466666668], [17.359418166666668, 78.44764483333333], [17.359417666666666, 78.44764483333333], [17.359417, 78.44764483333333], [17.359416500000002, 78.44764483333333], [17.359416, 78.447645], [17.3594155, 78.447645], [17.359414833333336, 78.447645], [17.359414333333334, 78.447645], [17.35941366666667, 78.44764516666667], [17.359413166666666, 78.44764516666667], [17.359412666666667, 78.44764516666667], [17.359412333333335, 78.44764516666667], [17.35941216666667, 78.44764533333334], [17.35941216666667, 78.4476455], [17.35941216666667, 78.4476455], [17.359411833333336, 78.44764566666666], [17.359411833333336, 78.44764583333334], [17.359412000000003, 78.44764583333334], [17.3594125, 78.447646], [17.359413333333336, 78.447646], [17.35941516666667, 78.44764616666666], [17.3594175, 78.447646], [17.359420666666665, 78.44764583333334], [17.359424333333333, 78.44764566666666], [17.359428333333334, 78.44764533333334], [17.35943166666667, 78.447645], [17.359434500000003, 78.44764466666668], [17.359436833333334, 78.44764433333333], [17.359439333333334, 78.44764400000001], [17.359441666666665, 78.44764366666666], [17.359443666666667, 78.44764333333333], [17.359445333333333, 78.447643], [17.359446666666667, 78.44764266666667], [17.359448, 78.44764233333333], [17.359448999999998, 78.44764183333334], [17.35945033333333, 78.44764149999999], [17.359451333333332, 78.44764116666667], [17.359452333333333, 78.44764066666667], [17.359453166666665, 78.44764033333333], [17.359453833333337, 78.44764], [17.359454500000002, 78.44763966666666], [17.359455166666667, 78.44763933333334], [17.359455833333335, 78.44763916666668], [17.3594565, 78.44763883333333], [17.359457000000003, 78.4476385], [17.3594575, 78.44763816666666], [17.359457833333334, 78.44763783333333], [17.359458166666666, 78.44763766666667], [17.359458166666666, 78.4476375], [17.359458, 78.4476375], [17.359457333333335, 78.44763766666667], [17.359456, 78.44763816666666], [17.359454000000003, 78.447639], [17.359451166666666, 78.44764], [17.359447333333332, 78.44764116666667], [17.359443, 78.44764233333333], [17.359437833333335, 78.44764366666666], [17.359432166666668, 78.44764516666667], [17.359426166666665, 78.44764666666667], [17.359419333333335, 78.44764816666667], [17.359411833333336, 78.44764966666666], [17.35940383333333, 78.44765116666667], [17.359395333333335, 78.44765266666667], [17.359386333333337, 78.44765416666668], [17.359377, 78.44765566666666], [17.35936716666667, 78.44765716666667], [17.359356666666667, 78.44765866666667], [17.35934616666667, 78.44766], [17.3593355, 78.44766133333333], [17.359324666666666, 78.44766266666667], [17.359313333333333, 78.44766383333334], [17.359301833333333, 78.447665], [17.3592905, 78.447666], [17.359278833333335, 78.447667], [17.359267166666665, 78.44766783333333], [17.359255333333333, 78.44766866666667], [17.359243333333332, 78.4476695], [17.359231333333334, 78.44767016666667], [17.359219166666666, 78.44767066666667], [17.359206833333335, 78.44767116666667], [17.359195, 78.4476715], [17.359182666666666, 78.44767166666666], [17.359170333333335, 78.44767183333333], [17.359158333333333, 78.44767183333333], [17.35914616666667, 78.447672], [17.359134666666666, 78.44767266666666], [17.359123166666667, 78.44767266666666], [17.359112999999997, 78.4476725], [17.3591035, 78.44767216666668], [17.359094833333334, 78.44767183333333], [17.359086833333333, 78.44767133333333], [17.359079166666668, 78.447671], [17.359072, 78.4476705], [17.359065333333334, 78.44767016666667], [17.359058666666666, 78.44766966666666], [17.359052166666668, 78.44766933333334], [17.359045666666667, 78.44766883333334], [17.359039499999998, 78.44766849999999], [17.35903366666667, 78.44766816666667], [17.359027833333336, 78.44766783333333], [17.3590225, 78.44766750000001], [17.359017166666668, 78.44766716666666], [17.359012166666666, 78.44766683333334], [17.359007333333334, 78.4476665], [17.3590025, 78.44766616666668], [17.358998, 78.44766583333333], [17.358993333333334, 78.4476655], [17.358988833333335, 78.44766516666667], [17.35898416666667, 78.44766483333333], [17.358979833333333, 78.4476645], [17.358975333333333, 78.44766416666667], [17.358971333333333, 78.44766383333334], [17.358967166666666, 78.4476635], [17.358963333333335, 78.44766316666667], [17.3589595, 78.44766283333334], [17.358955666666667, 78.44766233333333], [17.358951833333332, 78.44766200000001], [17.358948166666668, 78.44766166666666], [17.358944166666667, 78.44766133333333], [17.358940500000003, 78.44766116666666], [17.358936833333335, 78.44766083333334], [17.358933333333333, 78.4476605], [17.35893, 78.44766016666668], [17.35892683333333, 78.44765966666667], [17.3589235, 78.44765933333333], [17.3589205, 78.447659], [17.358917333333334, 78.44765866666667], [17.35891416666667, 78.44765833333332], [17.358910833333333, 78.447658], [17.358907666666667, 78.44765766666666], [17.3589045, 78.44765733333334], [17.3589015, 78.44765699999999], [17.35889866666667, 78.44765666666667], [17.358895833333335, 78.44765633333333], [17.358893166666668, 78.44765600000001], [17.358890499999998, 78.44765566666666], [17.35888783333333, 78.44765533333333], [17.358885166666667, 78.447655], [17.358882166666668, 78.44765466666666], [17.358879333333334, 78.4476545], [17.358876666666667, 78.44765416666668], [17.358874, 78.44765383333333], [17.358871500000003, 78.44765366666667], [17.358869000000002, 78.44765333333334], [17.358866499999998, 78.447653], [17.358864166666667, 78.44765266666667], [17.358861833333332, 78.44765233333332], [17.35885933333333, 78.447652], [17.358856833333334, 78.44765166666666], [17.358854333333333, 78.44765149999999], [17.358851833333333, 78.44765116666667], [17.3588495, 78.447651], [17.358847166666667, 78.44765066666668], [17.358844833333333, 78.44765033333333], [17.358842666666664, 78.44765016666666], [17.3588405, 78.44764983333333], [17.35883833333333, 78.4476495], [17.358836166666666, 78.44764916666666], [17.358833666666666, 78.44764883333333], [17.358831333333335, 78.44764866666667], [17.358829, 78.44764833333333], [17.35882666666667, 78.44764816666667], [17.3588245, 78.44764783333333], [17.358822333333332, 78.44764766666667], [17.35882033333333, 78.44764733333334], [17.358818166666666, 78.447647], [17.358816166666667, 78.44764666666667], [17.358814166666665, 78.44764633333332], [17.358812, 78.44764616666666], [17.358809833333332, 78.44764583333334], [17.358807666666667, 78.44764566666666], [17.358805500000003, 78.44764533333334], [17.358803333333334, 78.44764516666667], [17.358801500000002, 78.44764483333333], [17.3587995, 78.4476445], [17.358797499999998, 78.44764416666666], [17.358795833333332, 78.44764400000001], [17.358793666666667, 78.44764366666666], [17.358791666666665, 78.44764333333333], [17.358789666666667, 78.44764316666667], [17.358787333333332, 78.447643], [17.358785333333334, 78.44764266666667], [17.358783333333335, 78.4476425], [17.358781500000003, 78.44764216666667], [17.358779666666667, 78.447642], [17.358777999999997, 78.44764166666667], [17.358776166666665, 78.44764133333334], [17.358774333333333, 78.447641], [17.35877233333333, 78.44764083333332], [17.3587705, 78.44764066666667], [17.358768333333334, 78.4476405], [17.35876633333333, 78.44764016666666], [17.358764333333333, 78.44764], [17.3587625, 78.44763983333334], [17.358760833333335, 78.4476395], [17.358759000000003, 78.44763916666668], [17.358757333333333, 78.447639], [17.35875533333333, 78.44763866666668], [17.3587535, 78.4476385], [17.3587515, 78.44763833333333], [17.358749333333332, 78.44763816666666], [17.358747333333334, 78.44763783333333], [17.35874533333333, 78.44763766666667], [17.3587435, 78.4476375], [17.358741833333333, 78.44763716666667], [17.35874, 78.447637], [17.35873816666667, 78.44763666666667], [17.358736333333333, 78.4476365], [17.358734333333334, 78.44763633333334], [17.358732166666666, 78.44763616666667], [17.358730166666664, 78.447636], [17.358728, 78.44763583333334], [17.358726166666667, 78.44763566666667], [17.358724166666665, 78.44763533333334], [17.3587225, 78.44763516666667], [17.358720833333333, 78.447635], [17.358719166666667, 78.44763466666667], [17.358717333333335, 78.4476345], [17.358715333333336, 78.44763433333333], [17.358713333333334, 78.44763416666666], [17.35871116666667, 78.44763400000001], [17.358709166666664, 78.44763383333334], [17.358707166666665, 78.44763366666666], [17.358705166666667, 78.4476335], [17.358703333333334, 78.44763316666668], [17.358701666666665, 78.447633], [17.358699833333333, 78.44763283333333], [17.358698166666667, 78.44763266666668], [17.358696333333334, 78.4476325], [17.358694166666666, 78.44763233333333], [17.358692333333334, 78.44763216666666], [17.358690333333335, 78.44763200000001], [17.358688333333337, 78.44763183333333], [17.358686666666664, 78.44763166666667], [17.358684999999998, 78.4476315], [17.35868333333333, 78.44763116666667], [17.3586815, 78.447631], [17.35868, 78.44763083333333], [17.358678, 78.44763066666665], [17.358676, 78.4476305], [17.358674, 78.44763033333334], [17.35867216666667, 78.44763016666667], [17.358670333333336, 78.44762999999999], [17.3586685, 78.44762983333334], [17.358666833333334, 78.44762966666667], [17.35866533333333, 78.44762949999999], [17.358663666666665, 78.44762916666667], [17.358661666666666, 78.447629], [17.35866, 78.44762883333333], [17.358658, 78.44762866666666], [17.358656166666666, 78.44762866666666], [17.358654333333334, 78.44762850000001], [17.358652666666668, 78.44762833333333], [17.358651000000002, 78.447628], [17.358649500000002, 78.44762783333334], [17.358647833333336, 78.44762766666666], [17.358646166666666, 78.4476275], [17.358644333333334, 78.44762733333333], [17.3586425, 78.44762716666668], [17.358640666666666, 78.447627], [17.358638666666664, 78.44762683333333], [17.358636833333332, 78.44762666666666], [17.358635, 78.4476265], [17.358633333333334, 78.44762633333333], [17.358631666666668, 78.447626], [17.35863, 78.44762583333333], [17.358628333333336, 78.44762566666667], [17.3586265, 78.4476255], [17.358624666666667, 78.44762533333332], [17.358622833333335, 78.44762516666667], [17.358621000000003, 78.447625], [17.358619166666664, 78.44762483333334], [17.358617666666664, 78.44762466666666], [17.35861583333333, 78.4476245], [17.358614166666666, 78.44762416666667], [17.358612666666666, 78.44762399999999], [17.358610833333334, 78.44762383333334], [17.358609166666668, 78.44762366666667], [17.358607333333335, 78.44762349999999], [17.3586055, 78.44762333333333], [17.358603666666667, 78.44762316666667], [17.358601833333335, 78.44762300000001], [17.358600000000003, 78.44762283333333], [17.358598333333337, 78.44762266666666], [17.358596666666664, 78.44762233333333], [17.358594999999998, 78.44762216666666], [17.35859333333333, 78.447622], [17.358591666666666, 78.44762183333334], [17.358589833333333, 78.44762166666666], [17.358588, 78.4476215], [17.358586166666665, 78.44762133333333], [17.358584666666665, 78.44762116666668], [17.358583, 78.447621], [17.3585815, 78.44762083333333], [17.358580166666666, 78.44762066666667], [17.358578333333334, 78.4476205], [17.358576833333334, 78.44762033333333], [17.358575166666665, 78.44762016666667], [17.358573333333332, 78.44762], [17.3585715, 78.44761983333333], [17.358569666666664, 78.44761966666667], [17.358567999999998, 78.4476195], [17.358566333333332, 78.44761933333332], [17.358564666666666, 78.44761916666667], [17.358562833333334, 78.447619], [17.358561166666668, 78.44761883333334], [17.358559500000002, 78.44761866666666], [17.358557833333336, 78.4476185], [17.358556, 78.44761833333334], [17.358554166666668, 78.44761816666667], [17.358552666666665, 78.44761799999999], [17.358550833333332, 78.44761783333334], [17.358549333333332, 78.44761766666667], [17.358547666666666, 78.44761749999999], [17.358546166666667, 78.44761733333333], [17.3585445, 78.44761716666667], [17.358542833333335, 78.44761700000001], [17.358541, 78.44761683333333], [17.358539, 78.44761666666666], [17.358537333333334, 78.44761650000001], [17.358535500000002, 78.44761633333333], [17.358533833333336, 78.44761616666666], [17.358532333333336, 78.447616], [17.358530666666663, 78.44761583333334], [17.358528999999997, 78.44761566666666], [17.35852733333333, 78.4476155], [17.358525666666665, 78.44761533333333], [17.358524, 78.44761533333333], [17.358522333333333, 78.44761516666668], [17.3585205, 78.447615], [17.358519, 78.44761483333333], [17.358517333333335, 78.44761466666667], [17.358515666666666, 78.4476145], [17.358514166666666, 78.44761433333333], [17.358512333333334, 78.44761416666667], [17.358510666666668, 78.447614], [17.358509, 78.44761383333334], [17.358507333333332, 78.44761366666667], [17.358505666666666, 78.4476135], [17.358504, 78.44761333333332], [17.358502333333334, 78.44761316666667], [17.358500666666664, 78.447613], [17.358499166666665, 78.44761283333334], [17.358497666666665, 78.44761283333334], [17.358496, 78.44761266666666], [17.358494333333333, 78.4476125], [17.358492833333333, 78.44761233333334], [17.358491166666667, 78.44761216666667], [17.3584895, 78.44761199999999], [17.358487833333335, 78.44761199999999], [17.3584865, 78.44761183333334], [17.358484666666666, 78.44761166666667], [17.358483, 78.4476115], [17.358481333333334, 78.44761133333333], [17.358479499999998, 78.44761116666668], [17.358477833333332, 78.44761100000001], [17.358476166666666, 78.44761083333333], [17.358474333333334, 78.44761066666666], [17.3584725, 78.44761050000001], [17.358470833333335, 78.44761050000001], [17.358469, 78.44761033333333], [17.358467333333333, 78.44761016666666], [17.358465666666667, 78.44761], [17.358464166666668, 78.44760983333335], [17.358462499999998, 78.44760966666666], [17.358460833333332, 78.4476095], [17.358459333333332, 78.44760933333333], [17.358457833333333, 78.44760916666668], [17.358456333333333, 78.447609], [17.358454666666667, 78.44760883333333], [17.358453, 78.44760866666667], [17.3584515, 78.44760849999999], [17.35845, 78.44760833333333], [17.3584485, 78.44760816666667], [17.358447, 78.447608], [17.358445333333336, 78.44760783333332], [17.35844366666667, 78.44760766666667], [17.358442, 78.44760766666667], [17.35844033333333, 78.4476075], [17.3584385, 78.44760733333332], [17.358436833333332, 78.44760716666666], [17.358435166666666, 78.447607], [17.3584335, 78.44760683333334], [17.358431833333334, 78.44760666666666], [17.358430333333335, 78.44760649999999], [17.35842866666667, 78.44760633333334], [17.35842716666667, 78.44760633333334], [17.35842566666667, 78.44760616666667], [17.358424, 78.447606], [17.3584225, 78.44760583333333], [17.358421, 78.44760566666668], [17.35841966666667, 78.4476055], [17.358417999999997, 78.44760533333333], [17.358416499999997, 78.44760516666666], [17.35841483333333, 78.44760500000001], [17.358413166666665, 78.44760483333333], [17.358411333333333, 78.44760483333333], [17.358409833333333, 78.44760466666666], [17.358408166666667, 78.4476045], [17.358406666666667, 78.44760433333333], [17.358405166666667, 78.44760416666666], [17.358403666666668, 78.447604], [17.358402166666668, 78.44760383333333], [17.358400666666668, 78.44760366666667], [17.35839916666667, 78.4476035], [17.358397500000002, 78.4476035], [17.358396000000003, 78.44760333333333], [17.3583945, 78.44760316666667], [17.358392833333333, 78.44760316666667], [17.358391333333334, 78.447603], [17.358389833333334, 78.44760283333333], [17.358388166666668, 78.44760266666667], [17.358386666666668, 78.44760249999999], [17.358385, 78.44760233333334], [17.358383333333332, 78.44760216666667], [17.358381666666666, 78.44760216666667], [17.35838, 78.447602], [17.358378333333334, 78.44760183333332], [17.35837666666667, 78.44760166666667], [17.35837516666667, 78.44760166666667], [17.35837366666667, 78.4476015], [17.358372, 78.44760133333332], [17.3583705, 78.44760116666666], [17.358368833333333, 78.447601], [17.358367333333334, 78.447601], [17.358365666666668, 78.44760083333334], [17.358363999999998, 78.44760083333334], [17.358362166666666, 78.44760066666666], [17.358360666666666, 78.4476005], [17.358359, 78.44760033333334], [17.358357666666667, 78.44760016666667], [17.358356, 78.44760016666667], [17.358354333333335, 78.4476], [17.35835266666667, 78.44759983333333], [17.358351000000003, 78.44759966666668], [17.358349333333333, 78.44759966666668], [17.358347666666667, 78.4475995], [17.358345999999997, 78.44759933333333], [17.358344499999998, 78.44759916666666], [17.358342999999998, 78.44759900000001], [17.358341499999998, 78.44759900000001], [17.35834, 78.44759883333333], [17.35833866666667, 78.44759866666666], [17.358337, 78.44759866666666], [17.358335333333333, 78.4475985], [17.358333833333333, 78.44759833333333], [17.358332166666667, 78.44759816666667], [17.358330666666667, 78.44759816666667], [17.358329166666667, 78.447598], [17.358327666666664, 78.44759783333333], [17.358325999999998, 78.44759766666667], [17.358324333333332, 78.4475975], [17.358322666666666, 78.4475975], [17.358321, 78.44759733333333], [17.3583195, 78.44759716666667], [17.358317833333334, 78.447597], [17.35831616666667, 78.447597], [17.35831466666667, 78.44759683333334], [17.35831316666667, 78.44759666666667], [17.358311833333335, 78.44759649999999], [17.35831016666667, 78.44759649999999], [17.35830866666667, 78.44759633333334], [17.358307333333336, 78.44759616666667], [17.358305833333336, 78.44759616666667], [17.358304333333333, 78.447596], [17.358302833333333, 78.44759583333332], [17.3583015, 78.44759583333332], [17.358300166666666, 78.44759566666667], [17.3582985, 78.4475955], [17.358297, 78.44759533333333], [17.358295333333334, 78.44759533333333], [17.358293833333335, 78.44759516666666], [17.35829216666667, 78.447595], [17.35829066666667, 78.447595], [17.35828916666667, 78.44759483333334], [17.358287833333335, 78.44759466666666], [17.358286333333336, 78.4475945], [17.358285000000002, 78.4475945], [17.35828366666667, 78.44759433333334], [17.358282, 78.44759416666668], [17.3582805, 78.44759416666668], [17.358279, 78.447594], [17.3582775, 78.44759383333333], [17.358276, 78.44759383333333], [17.358274666666667, 78.44759366666668], [17.358273166666667, 78.4475935], [17.358271666666667, 78.44759333333333], [17.358270166666667, 78.44759333333333], [17.358268666666667, 78.44759316666666], [17.358267166666668, 78.44759300000001], [17.358265666666668, 78.44759300000001], [17.358264166666668, 78.44759283333333], [17.35826266666667, 78.44759266666667], [17.358261000000002, 78.4475925], [17.358259666666665, 78.4475925], [17.358258333333332, 78.44759233333333], [17.358256833333332, 78.44759216666667], [17.3582555, 78.44759216666667], [17.358254, 78.447592], [17.358252666666665, 78.44759183333333], [17.358251166666665, 78.44759183333333], [17.3582495, 78.44759166666667], [17.358248, 78.4475915], [17.358246666666666, 78.4475915], [17.358245166666666, 78.44759133333334], [17.358243666666667, 78.44759116666667], [17.358242333333333, 78.44759116666667], [17.358240833333333, 78.447591], [17.358239166666667, 78.44759083333334], [17.358237666666664, 78.44759083333334], [17.35823633333333, 78.44759066666667], [17.358234666666664, 78.44759049999999], [17.358233166666665, 78.44759049999999], [17.35823183333333, 78.44759033333334], [17.358230499999998, 78.44759016666667], [17.358228999999998, 78.44759016666667], [17.358227499999998, 78.44759], [17.358226, 78.44759], [17.3582245, 78.44758983333332], [17.358223, 78.44758966666667], [17.3582215, 78.44758966666667], [17.35822, 78.4475895], [17.3582185, 78.4475895], [17.358217, 78.44758933333333], [17.35821566666667, 78.44758916666666], [17.358213999999997, 78.44758916666666], [17.358212499999997, 78.44758900000001], [17.358210999999997, 78.44758883333334], [17.358209499999997, 78.44758883333334], [17.358208166666667, 78.44758866666666], [17.358206666666668, 78.44758866666666], [17.358205333333334, 78.4475885], [17.358203833333334, 78.4475885], [17.3582025, 78.44758833333334], [17.358201166666667, 78.44758816666668], [17.358199833333334, 78.44758816666668], [17.3581985, 78.447588], [17.358197166666667, 78.447588], [17.358195666666667, 78.44758783333333], [17.358194166666667, 78.44758783333333], [17.358192666666664, 78.44758766666668], [17.358191166666664, 78.4475875], [17.35818983333333, 78.4475875], [17.35818833333333, 78.44758733333333], [17.35818683333333, 78.44758733333333], [17.35818533333333, 78.44758716666666], [17.358184, 78.44758716666666], [17.358182333333332, 78.44758700000001], [17.358181000000002, 78.44758683333333], [17.358179500000002, 78.44758683333333], [17.358178000000002, 78.44758666666667], [17.358176500000003, 78.44758666666667], [17.358175000000003, 78.4475865], [17.358173500000003, 78.44758633333332], [17.358172333333336, 78.44758633333332], [17.35817066666667, 78.44758616666667], [17.358169333333333, 78.44758616666667], [17.358168, 78.447586], [17.358166333333333, 78.447586], [17.358165166666666, 78.44758583333333], [17.358163666666666, 78.44758566666665], [17.358162333333333, 78.44758566666665], [17.358161, 78.4475855], [17.3581595, 78.44758533333334], [17.358158166666666, 78.44758533333334], [17.358156666666666, 78.44758516666667], [17.358155333333332, 78.44758516666667], [17.358153833333333, 78.44758499999999], [17.358152333333333, 78.44758499999999], [17.358151000000003, 78.44758483333334], [17.35814966666667, 78.44758483333334], [17.35814816666667, 78.44758466666667], [17.358146666666666, 78.44758449999999], [17.358145333333333, 78.44758449999999], [17.358143833333333, 78.44758433333332], [17.358142333333333, 78.44758433333332], [17.358140666666667, 78.44758416666667], [17.358139333333334, 78.44758416666667], [17.358138, 78.447584], [17.3581365, 78.44758383333333], [17.358135166666667, 78.44758383333333], [17.358133666666667, 78.44758366666666], [17.358132166666667, 78.44758366666666], [17.358130833333334, 78.44758350000001], [17.358129333333334, 78.44758350000001], [17.358128, 78.44758333333333], [17.3581265, 78.44758333333333], [17.358125166666664, 78.44758316666666], [17.358123666666664, 78.447583], [17.358122166666664, 78.447583], [17.35812083333333, 78.44758283333334], [17.35811933333333, 78.44758266666666], [17.35811783333333, 78.44758266666666], [17.3581165, 78.4475825], [17.358115166666668, 78.44758233333333], [17.358113833333334, 78.44758233333333], [17.3581125, 78.44758216666668], [17.358111, 78.44758216666668], [17.358109666666667, 78.447582], [17.358108333333334, 78.44758183333333], [17.358106833333334, 78.44758183333333], [17.358105333333334, 78.44758166666666], [17.358104, 78.44758166666666], [17.358102666666664, 78.4475815], [17.35810133333333, 78.4475815], [17.3581, 78.44758133333333], [17.358098666666667, 78.44758116666667], [17.358097333333333, 78.44758116666667], [17.358096, 78.447581], [17.3580945, 78.447581], [17.358093166666666, 78.44758083333333], [17.358091833333333, 78.44758083333333], [17.3580905, 78.44758066666667], [17.358089166666666, 78.4475805], [17.358087833333332, 78.4475805], [17.35808666666667, 78.44758033333332], [17.35808516666667, 78.44758033333332], [17.358083833333335, 78.44758016666667], [17.358082500000002, 78.44758016666667], [17.35808116666667, 78.44758], [17.35807983333333, 78.44758], [17.358078499999998, 78.44757983333334], [17.358077166666664, 78.44757966666666], [17.35807583333333, 78.4475795], [17.358074666666667, 78.4475795], [17.358073166666667, 78.44757933333334], [17.358071833333334, 78.44757933333334], [17.3580705, 78.44757916666667], [17.358069333333333, 78.44757916666667], [17.358068166666666, 78.44757899999999], [17.358066833333332, 78.44757883333334], [17.35806566666667, 78.44757883333334], [17.3580645, 78.44757866666667], [17.358063333333334, 78.44757849999999], [17.358062, 78.44757849999999], [17.358060666666667, 78.44757849999999], [17.358059333333333, 78.44757833333333], [17.358058333333336, 78.44757816666667], [17.358057166666665, 78.44757816666667], [17.35805583333333, 78.44757800000001], [17.358054666666664, 78.44757783333333], [17.358053166666664, 78.44757783333333], [17.35805183333333, 78.44757766666666], [17.3580505, 78.44757766666666], [17.358049166666667, 78.44757750000001], [17.358047833333334, 78.44757750000001], [17.358046666666667, 78.44757733333333], [17.358045333333333, 78.44757733333333], [17.358044166666666, 78.44757716666666], [17.358042833333332, 78.447577], [17.35804166666667, 78.447577], [17.358040000000003, 78.447577], [17.358038500000003, 78.44757683333334], [17.35803716666667, 78.44757683333334], [17.35803566666667, 78.44757683333334], [17.3580345, 78.44757666666666], [17.358033, 78.44757666666666], [17.358031666666665, 78.4475765], [17.358030166666666, 78.4475765], [17.358028833333332, 78.44757633333333], [17.358027333333332, 78.44757633333333], [17.358025833333333, 78.44757633333333], [17.3580245, 78.44757616666668], [17.358023166666666, 78.44757616666668], [17.358022000000002, 78.447576], [17.358020833333335, 78.447576], [17.3580195, 78.44757583333333], [17.358018333333334, 78.44757583333333], [17.358017, 78.44757566666667], [17.358015666666667, 78.44757566666667], [17.358014166666667, 78.44757566666667], [17.35801283333333, 78.44757566666667], [17.3580115, 78.4475755], [17.358010166666666, 78.4475755], [17.358009, 78.44757533333333], [17.358007666666666, 78.44757516666667], [17.358006333333332, 78.44757516666667], [17.358005, 78.44757516666667], [17.3580035, 78.447575], [17.358002166666665, 78.447575], [17.358000666666666, 78.447575], [17.357999333333332, 78.447575], [17.357998000000002, 78.44757483333333], [17.357996833333335, 78.44757466666667], [17.357995666666667, 78.44757466666667], [17.357994333333334, 78.44757466666667], [17.357993, 78.4475745], [17.357991833333333, 78.4475745], [17.357990500000003, 78.4475745], [17.357989166666666, 78.44757433333332], [17.357988, 78.44757433333332], [17.35798683333333, 78.44757416666667], [17.357985499999998, 78.44757416666667], [17.35798433333333, 78.447574], [17.357983, 78.44757383333334], [17.357981666666667, 78.44757383333334], [17.357980166666668, 78.44757383333334], [17.357979, 78.44757366666666], [17.357977666666667, 78.44757366666666], [17.357976333333333, 78.44757366666666], [17.357975166666666, 78.4475735], [17.357974000000002, 78.4475735], [17.357972833333335, 78.44757333333334], [17.3579715, 78.44757333333334], [17.357970333333334, 78.44757316666667], [17.357969, 78.44757316666667], [17.357967666666664, 78.44757299999999], [17.357966166666664, 78.44757299999999], [17.35796483333333, 78.44757299999999], [17.3579635, 78.44757283333334], [17.357962166666667, 78.44757283333334], [17.357960833333333, 78.44757266666667], [17.3579595, 78.44757266666667], [17.357958166666666, 78.44757249999999], [17.357956833333333, 78.44757249999999], [17.357955333333333, 78.44757249999999], [17.357954, 78.44757233333333], [17.357952666666666, 78.44757233333333], [17.357951333333332, 78.44757216666667], [17.357950000000002, 78.44757216666667], [17.357948833333335, 78.44757216666667], [17.3579475, 78.44757200000001], [17.357946166666668, 78.44757200000001], [17.357944666666665, 78.44757183333333], [17.35794333333333, 78.44757183333333], [17.35794183333333, 78.44757183333333], [17.357940499999998, 78.44757183333333], [17.357939, 78.44757166666666], [17.357937666666665, 78.44757166666666], [17.357936166666665, 78.44757150000001], [17.357934833333335, 78.44757150000001], [17.3579335, 78.44757133333333], [17.357932166666668, 78.44757133333333], [17.357930833333334, 78.44757133333333], [17.3579295, 78.44757116666666], [17.357928166666667, 78.44757116666666], [17.357926833333334, 78.44757116666666], [17.3579255, 78.447571], [17.357924166666667, 78.447571], [17.357922833333337, 78.44757083333334], [17.3579215, 78.44757083333334], [17.357920333333333, 78.44757066666666], [17.357918833333333, 78.44757066666666], [17.357917333333333, 78.44757066666666], [17.357915833333333, 78.4475705], [17.357914333333333, 78.4475705], [17.357913, 78.44757033333333], [17.357911666666666, 78.44757033333333], [17.357910333333333, 78.44757016666668], [17.357909166666666, 78.44757016666668], [17.357907666666666, 78.44757016666668], [17.357906333333336, 78.44757], [17.357904833333336, 78.44757], [17.357903500000003, 78.44757], [17.357902333333335, 78.44756983333333], [17.357901166666668, 78.44756983333333], [17.35789983333333, 78.44756983333333], [17.357898499999997, 78.44756966666667], [17.357897166666664, 78.44756966666667], [17.357895666666664, 78.44756966666667], [17.357894166666664, 78.44756966666667], [17.357892833333334, 78.4475695], [17.357891333333335, 78.4475695], [17.35789, 78.4475695], [17.357888666666668, 78.44756933333333], [17.3578875, 78.44756933333333], [17.357886166666667, 78.44756933333333], [17.357885, 78.44756933333333], [17.357883666666666, 78.44756916666667], [17.357882333333336, 78.44756916666667], [17.357881000000003, 78.44756916666667], [17.35787966666667, 78.44756916666667], [17.357878333333336, 78.447569], [17.357877, 78.447569], [17.35787583333333, 78.44756883333334], [17.357874666666664, 78.44756883333334], [17.357873166666664, 78.44756883333334], [17.357871666666664, 78.44756883333334], [17.357870166666665, 78.44756866666667], [17.357868666666665, 78.44756866666667], [17.357867333333335, 78.44756866666667], [17.357866, 78.4475685], [17.357864833333334, 78.4475685], [17.357863666666667, 78.44756833333332], [17.357862333333333, 78.44756833333332]]]}}]}