{"type": "FeatureCollection", "features": [{"type": "Feature", "properties": {"recording": "20260907_110153", "kind": "recorded GPS track"}, "geometry": {"type": "MultiLineString", "coordinates": [[[16.876506666666668, 78.66192333333333], [16.876505333333334, 78.66192316666667], [16.876504166666667, 78.66192299999999], [16.876502833333333, 78.66192283333334], [16.8765015, 78.66192266666667], [16.8765, 78.6619225], [16.876498666666667, 78.66192233333332], [16.876497333333337, 78.66192233333332], [16.876496, 78.66192216666667], [16.8764945, 78.66192183333332], [16.876493333333332, 78.66192183333332], [16.876492, 78.66192166666666], [16.8764905, 78.6619215], [16.876489, 78.66192133333334], [16.876487666666666, 78.66192116666666], [16.876486166666666, 78.66192099999999], [16.876484833333333, 78.66192083333334], [16.8764835, 78.6619205], [16.876481833333333, 78.6619205], [16.876480166666667, 78.66192033333333], [16.8764785, 78.66192016666668], [16.876476833333335, 78.66192], [16.87647516666667, 78.66191983333333], [16.8764735, 78.66191966666666], [16.876472, 78.66191950000001], [16.8764705, 78.66191933333333], [16.876469, 78.66191916666666], [16.876467666666667, 78.661919], [16.876466166666667, 78.66191883333333], [16.876464666666667, 78.66191866666666], [16.876463166666667, 78.66191866666666], [16.876461833333334, 78.6619185], [16.8764605, 78.66191833333333], [16.876459, 78.66191816666667], [16.8764575, 78.661918], [16.876456166666667, 78.661918], [16.8764545, 78.66191783333333], [16.876453, 78.66191783333333], [16.876451499999998, 78.66191766666667], [16.87645, 78.6619175], [16.87644883333333, 78.6619175], [16.876447499999998, 78.66191733333334], [16.876446166666664, 78.66191716666667], [16.876444833333334, 78.66191716666667], [16.876443333333334, 78.66191699999999], [16.876442, 78.66191683333334], [16.8764405, 78.66191666666667], [16.876438833333335, 78.66191666666667], [16.876437333333335, 78.6619165], [16.876435833333336, 78.66191633333332], [16.876434500000002, 78.66191633333332], [16.876433000000002, 78.66191616666667], [16.876431500000002, 78.66191616666667], [16.876429833333336, 78.661916], [16.876428333333333, 78.661916], [16.876426666666667, 78.66191583333332], [16.876425166666667, 78.66191583333332], [16.876423666666668, 78.66191566666666], [16.876422166666668, 78.6619155], [16.876420833333334, 78.6619155], [16.87641916666667, 78.66191533333334], [16.8764175, 78.66191516666666], [16.876416, 78.66191516666666], [16.8764145, 78.661915], [16.876413, 78.661915], [16.8764115, 78.66191483333334], [16.876409833333334, 78.66191466666668], [16.876408166666668, 78.66191466666668], [16.876406499999998, 78.6619145], [16.876404833333332, 78.6619145], [16.876403166666666, 78.66191433333333], [16.876401666666666, 78.66191416666668], [16.876400166666667, 78.66191416666668], [16.876398666666667, 78.661914], [16.876397333333333, 78.66191383333333], [16.876395833333333, 78.66191383333333], [16.876394333333334, 78.66191366666666], [16.876392833333334, 78.66191350000001], [16.876391333333334, 78.66191333333333], [16.876389833333334, 78.66191316666666], [16.876388333333335, 78.66191316666666], [16.87638666666667, 78.661913], [16.87638516666667, 78.66191283333333], [16.876383666666666, 78.66191283333333], [16.876382, 78.66191266666667], [16.8763805, 78.6619125], [16.876379, 78.66191233333333], [16.8763775, 78.66191233333333], [16.876376, 78.66191216666667], [16.87637416666667, 78.66191216666667], [16.87637266666667, 78.661912], [16.876370833333333, 78.661912], [16.876369166666667, 78.661912], [16.876367666666667, 78.66191183333333], [16.876365833333335, 78.66191183333333], [16.87636416666667, 78.66191183333333], [16.876362333333336, 78.66191166666667], [16.876360833333333, 78.66191166666667], [16.87635883333333, 78.6619115], [16.876357, 78.6619115], [16.876355166666666, 78.66191133333334], [16.876353333333334, 78.66191116666667], [16.8763515, 78.66191116666667], [16.876349833333332, 78.66191099999999], [16.876348166666666, 78.66191083333334], [16.876346666666667, 78.66191083333334], [16.876345166666667, 78.66191066666667], [16.8763435, 78.6619105], [16.876342, 78.66191033333332], [16.8763405, 78.66191033333332], [16.87633883333333, 78.66191016666667], [16.876337, 78.66191], [16.876335333333333, 78.66190983333333], [16.876333499999998, 78.66190966666666], [16.8763315, 78.66190950000001], [16.876329833333333, 78.66190933333334], [16.876328166666667, 78.66190916666666], [16.876326833333334, 78.661909], [16.876325166666668, 78.661909], [16.8763235, 78.66190883333334], [16.876321833333336, 78.66190866666668], [16.87632016666667, 78.6619085], [16.8763185, 78.66190833333333], [16.87631683333333, 78.66190816666668], [16.876315166666664, 78.66190816666668], [16.8763135, 78.661908], [16.876311666666666, 78.66190783333333], [16.876310166666666, 78.66190766666666], [16.8763085, 78.66190750000001], [16.876306666666668, 78.66190733333333], [16.876304833333332, 78.66190716666667], [16.876303166666666, 78.66190716666667], [16.8763015, 78.661907], [16.876299833333334, 78.661907], [16.87629816666667, 78.66190683333333], [16.876296333333336, 78.66190666666667], [16.876294499999997, 78.66190666666667], [16.87629283333333, 78.6619065], [16.876291166666665, 78.6619065], [16.876289333333332, 78.66190633333333], [16.8762875, 78.66190616666667], [16.876285666666668, 78.661906], [16.876283833333332, 78.661906], [16.876282166666666, 78.66190583333334], [16.876280666666666, 78.66190566666667], [16.876279, 78.66190566666667], [16.8762775, 78.6619055], [16.876275833333334, 78.66190533333334], [16.876274333333335, 78.66190533333334], [16.876272833333335, 78.66190516666667], [16.87627133333333, 78.66190499999999], [16.876269666666666, 78.66190483333334], [16.876268, 78.66190483333334], [16.876266166666667, 78.66190466666667], [16.876264666666668, 78.6619045], [16.87626283333333, 78.66190433333333], [16.876261333333332, 78.66190416666667], [16.876259666666666, 78.661904], [16.876258166666666, 78.66190383333333], [16.876256666666666, 78.66190366666666], [16.876255166666667, 78.66190350000001], [16.876253333333334, 78.66190350000001], [16.876251833333335, 78.66190333333334], [16.876250333333335, 78.661903], [16.876248666666665, 78.66190283333334], [16.876247, 78.66190266666668], [16.8762455, 78.6619025], [16.876243833333334, 78.66190233333333], [16.876242166666668, 78.66190216666668], [16.876240499999998, 78.661902], [16.876238666666666, 78.66190183333333], [16.876237166666666, 78.66190166666667], [16.876235666666666, 78.66190150000001], [16.876234166666666, 78.66190133333333], [16.876232666666667, 78.66190116666667], [16.876231, 78.661901], [16.8762295, 78.66190083333332], [16.876228, 78.66190066666667], [16.876226499999998, 78.6619005], [16.876224833333332, 78.6619005], [16.876223333333332, 78.66190033333334], [16.876221833333332, 78.66190016666665], [16.876220166666666, 78.6619], [16.876218666666666, 78.66189983333334], [16.876217166666667, 78.66189966666667], [16.876215666666667, 78.66189949999999], [16.876214, 78.66189933333334], [16.876212666666667, 78.66189916666667], [16.876211333333334, 78.66189899999999], [16.876209833333334, 78.66189883333332], [16.8762085, 78.66189866666667], [16.876207, 78.66189866666667], [16.8762055, 78.6618985], [16.87620383333333, 78.66189833333333], [16.87620233333333, 78.66189816666666], [16.876200666666666, 78.66189800000001], [16.876199333333332, 78.66189800000001], [16.876197833333332, 78.66189783333333], [16.876196166666666, 78.66189783333333], [16.8761945, 78.66189766666666], [16.876193, 78.6618975], [16.8761915, 78.6618975], [16.87619, 78.66189733333334], [16.876188333333335, 78.66189716666666], [16.87618666666667, 78.66189716666666], [16.876185333333336, 78.661897], [16.876183833333336, 78.661897], [16.876182500000002, 78.66189683333333], [16.876180666666666, 78.66189683333333], [16.876179166666667, 78.66189666666668], [16.876177499999997, 78.66189666666668], [16.87617583333333, 78.6618965], [16.87617433333333, 78.6618965], [16.876172666666665, 78.66189633333333], [16.876171166666666, 78.66189633333333], [16.876169666666666, 78.66189633333333], [16.876168166666666, 78.66189616666666], [16.876166666666666, 78.66189616666666], [16.876165166666667, 78.66189616666666], [16.876163833333333, 78.661896], [16.876162333333333, 78.661896], [16.876160833333333, 78.661896], [16.876159500000004, 78.66189583333333], [16.876158333333333, 78.66189566666667], [16.876157166666665, 78.66189566666667], [16.876155666666666, 78.66189566666667], [16.876154166666666, 78.6618955], [16.876152666666666, 78.6618955], [16.876151, 78.66189533333333], [16.876149333333334, 78.66189533333333], [16.876147666666668, 78.66189516666667], [16.876146000000002, 78.66189516666667], [16.87614466666667, 78.66189516666667], [16.87614316666667, 78.661895], [16.876142, 78.661895], [16.876140833333334, 78.661895], [16.8761395, 78.661895], [16.876138166666667, 78.66189483333332], [16.876137000000003, 78.66189483333332], [16.876135666666666, 78.66189466666667], [16.876134333333333, 78.66189466666667], [16.876133, 78.66189466666667], [16.876131666666666, 78.66189466666667], [16.876130333333332, 78.6618945], [16.876129, 78.6618945], [16.8761275, 78.6618945], [16.876126166666666, 78.66189433333334], [16.876124833333332, 78.66189433333334], [16.876123500000002, 78.66189433333334], [16.876122333333335, 78.66189416666666], [16.876121166666668, 78.66189416666666], [16.876120166666666, 78.66189416666666], [16.876119000000003, 78.661894], [16.876117833333335, 78.661894], [16.876116666666668, 78.66189383333334], [16.876115333333335, 78.66189383333334], [16.876113999999998, 78.66189366666667], [16.87611283333333, 78.66189366666667], [16.8761115, 78.66189349999999], [16.876110333333333, 78.66189349999999], [16.876108833333333, 78.66189333333334], [16.876107666666666, 78.66189316666667], [16.876106333333333, 78.66189316666667], [16.876105, 78.66189299999999], [16.87610383333333, 78.66189299999999], [16.876102500000002, 78.66189283333333], [16.87610116666667, 78.66189266666667], [16.876099833333335, 78.66189266666667], [16.8760985, 78.66189250000001], [16.876097333333334, 78.66189250000001], [16.876096166666667, 78.66189233333333], [16.876095000000003, 78.66189216666666], [16.876093833333336, 78.66189200000001], [16.87609266666667, 78.66189200000001], [16.876091499999998, 78.66189183333333], [16.87609033333333, 78.66189166666666], [16.876089166666667, 78.66189166666666], [16.876088166666666, 78.6618915], [16.87608733333333, 78.66189133333334], [16.876086333333333, 78.66189133333334], [16.876085333333332, 78.66189116666666], [16.8760845, 78.661891], [16.8760835, 78.66189083333333], [16.87608283333333, 78.66189083333333], [16.876081833333334, 78.66189066666668], [16.876081, 78.6618905], [16.87608, 78.6618905], [16.876079, 78.66189033333333], [16.876078166666666, 78.66189016666667], [16.876077000000002, 78.66189016666667], [16.876076, 78.66189], [16.876075166666666, 78.66188983333333], [16.876074333333335, 78.66188966666667], [16.876073333333334, 78.6618895], [16.876072500000003, 78.66188933333333], [16.876071666666668, 78.66188916666667], [16.876070666666667, 78.66188916666667], [16.87606966666667, 78.661889], [16.8760685, 78.66188883333332], [16.87606733333333, 78.66188883333332], [16.876066166666664, 78.66188866666667], [16.876065166666667, 78.6618885], [16.876064, 78.66188833333334], [16.876062833333332, 78.66188833333334], [16.87606183333333, 78.66188816666666], [16.8760605, 78.661888], [16.876059166666668, 78.66188783333334], [16.876058, 78.66188783333334], [16.876056666666667, 78.66188766666667], [16.8760555, 78.66188749999999], [16.876054333333332, 78.66188733333334], [16.876053333333335, 78.66188733333334], [16.876052, 78.66188716666667], [16.876051, 78.661887], [16.876050000000003, 78.66188683333333], [16.876048833333336, 78.66188683333333], [16.87604766666667, 78.66188666666667], [16.876046499999998, 78.66188650000001], [16.87604533333333, 78.66188633333333], [16.876044166666667, 78.66188616666666], [16.876043, 78.66188616666666], [16.876041833333332, 78.66188600000001], [16.876040666666665, 78.66188583333333], [16.87603933333333, 78.66188566666666], [16.87603783333333, 78.66188533333334], [16.876035666666667, 78.661885], [16.876032833333333, 78.6618845], [16.8760295, 78.661884], [16.876026500000002, 78.66188316666667], [16.876023333333332, 78.66188233333334], [16.876020999999998, 78.66188149999999], [16.8760185, 78.66188066666668], [16.8760175, 78.66187983333333], [16.876017166666667, 78.661879], [16.87601833333333, 78.66187816666667], [16.876018833333333, 78.6618775], [16.87602, 78.66187683333332], [16.8760215, 78.66187633333334], [16.876023333333332, 78.66187599999999], [16.876025000000002, 78.66187583333334], [16.876027, 78.66187566666667], [16.876028333333334, 78.66187566666667], [16.87603066666667, 78.66187566666667], [16.876031666666666, 78.66187566666667], [16.876031833333332, 78.66187566666667], [16.876031666666666, 78.66187566666667], [16.8760315, 78.66187566666667], [16.876030833333335, 78.66187599999999], [16.876030333333333, 78.66187633333334], [16.876030166666666, 78.6618765], [16.87603, 78.661877], [16.87603066666667, 78.66187683333332], [16.876031166666667, 78.661877], [16.876031833333332, 78.66187716666667], [16.876032000000002, 78.6618775], [16.876033, 78.66187766666667], [16.876033333333332, 78.66187766666667], [16.876033500000002, 78.66187783333334], [16.876033166666666, 78.66187783333334], [16.876033166666666, 78.66187799999999], [16.876033166666666, 78.66187783333334], [16.876033166666666, 78.66187766666667], [16.876032666666667, 78.6618775], [16.876032000000002, 78.66187733333332], [16.876031666666666, 78.66187733333332], [16.876031166666667, 78.66187716666667], [16.876031, 78.661877], [16.87603066666667, 78.661877], [16.876030333333333, 78.66187683333332], [16.87603066666667, 78.66187666666666], [16.876031166666667, 78.6618765], [16.87603216666667, 78.66187616666666], [16.876033833333334, 78.66187583333334], [16.876035666666667, 78.66187533333333], [16.8760365, 78.66187483333333], [16.8760375, 78.661874], [16.876038166666667, 78.66187333333333], [16.876038, 78.66187283333333], [16.8760375, 78.66187216666667], [16.876036166666665, 78.66187133333332], [16.876033833333334, 78.6618705], [16.876031166666667, 78.66186966666668], [16.87602916666667, 78.661869], [16.876028166666668, 78.66186833333333], [16.876027333333333, 78.66186766666667], [16.876026333333336, 78.661867], [16.8760255, 78.6618665], [16.876024833333336, 78.66186583333334], [16.87602466666667, 78.6618655], [16.876024833333336, 78.661865], [16.87602516666667, 78.66186466666666], [16.876025833333333, 78.66186450000001], [16.876026666666668, 78.66186433333334], [16.876026833333334, 78.66186433333334], [16.87602766666667, 78.66186433333334], [16.8760285, 78.66186433333334], [16.876029333333335, 78.66186416666666], [16.87603066666667, 78.661864], [16.876031833333332, 78.661864], [16.876032833333333, 78.661864], [16.876033833333334, 78.66186383333334], [16.876034666666666, 78.66186383333334], [16.8760355, 78.66186366666668], [16.876036, 78.66186366666668], [16.8760365, 78.66186366666668], [16.876036666666668, 78.66186366666668], [16.876036833333334, 78.6618635], [16.876036666666668, 78.66186333333333], [16.876036, 78.66186333333333], [16.876035833333333, 78.66186316666668], [16.876037166666666, 78.66186283333333], [16.876038666666666, 78.66186250000001], [16.8760405, 78.661862], [16.876043166666665, 78.6618615], [16.8760455, 78.661861], [16.876047333333336, 78.6618605], [16.876049000000002, 78.66185999999999], [16.876050000000003, 78.6618595], [16.876051166666667, 78.661859], [16.876052333333334, 78.66185833333334], [16.876053666666667, 78.66185783333334], [16.876055166666667, 78.66185733333333], [16.8760565, 78.66185666666667], [16.876057833333334, 78.66185616666667], [16.876059333333334, 78.6618555], [16.8760615, 78.661855], [16.8760635, 78.66185449999999], [16.87606583333333, 78.66185399999999], [16.87606783333333, 78.66185366666667], [16.87606933333333, 78.6618535], [16.876071333333336, 78.66185333333333], [16.876073666666667, 78.66185300000001], [16.87607566666667, 78.66185300000001], [16.8760775, 78.66185283333333], [16.8760795, 78.66185283333333], [16.8760815, 78.66185266666666], [16.876083333333334, 78.66185266666666], [16.876085, 78.66185266666666], [16.876086833333332, 78.66185266666666], [16.876088333333332, 78.6618525], [16.87608983333333, 78.6618525], [16.876091666666664, 78.66185233333334], [16.876093500000003, 78.66185233333334], [16.876095000000003, 78.66185216666666], [16.876096833333335, 78.66185216666666], [16.876099166666666, 78.661852], [16.876102166666666, 78.66185183333333], [16.87610533333333, 78.66185183333333], [16.8761085, 78.66185166666668], [16.87611133333333, 78.6618515], [16.876114500000003, 78.66185133333333], [16.876119833333334, 78.66185116666666], [16.876126, 78.66185083333333], [16.876133, 78.66185033333333], [16.876140833333334, 78.66184966666667], [16.876149, 78.661849], [16.87615733333333, 78.66184799999999], [16.876165500000003, 78.66184683333333], [16.87617433333333, 78.6618455], [16.876183833333336, 78.661844], [16.876193999999998, 78.66184249999999], [16.87620516666667, 78.66184100000001], [16.8762175, 78.66183933333333], [16.876230833333334, 78.66183766666667], [16.876244666666665, 78.66183583333333], [16.87625866666667, 78.66183416666667], [16.876272833333335, 78.6618325], [16.876286999999998, 78.66183083333334], [16.876301, 78.66182933333333], [16.876315499999997, 78.66182766666667], [16.876329833333333, 78.66182616666667], [16.876344500000002, 78.6618245], [16.876359166666667, 78.661823], [16.876374, 78.66182133333334], [16.876388666666667, 78.66181983333333], [16.8764035, 78.66181833333333], [16.876418666666666, 78.66181666666667], [16.876433833333333, 78.66181499999999], [16.876449166666664, 78.66181350000001], [16.8764645, 78.66181183333333], [16.876479833333335, 78.66181033333334], [16.87649533333333, 78.66180866666667], [16.8765105, 78.661807], [16.8765255, 78.6618055], [16.876540833333333, 78.66180383333334], [16.876556, 78.66180233333333], [16.876571333333334, 78.66180083333333], [16.876586166666666, 78.66179916666667], [16.876601333333333, 78.66179766666667], [16.876616666666667, 78.66179616666666], [16.87663183333333, 78.66179466666668], [16.876647, 78.661793], [16.876661833333333, 78.66179149999999], [16.876677333333337, 78.66179000000001], [16.876692333333335, 78.6617885], [16.876707333333332, 78.661787], [16.876721999999997, 78.6617855], [16.876737, 78.661784], [16.876752, 78.6617825], [16.87676733333333, 78.661781], [16.8767825, 78.6617795], [16.876797833333335, 78.66177816666666], [16.876813333333335, 78.66177666666667], [16.87682883333333, 78.66177516666667], [16.876844333333334, 78.66177366666668], [16.876860166666667, 78.66177216666667], [16.876875833333333, 78.66177066666667], [16.8768915, 78.66176916666667], [16.876907666666668, 78.66176766666668], [16.8769235, 78.66176633333333], [16.876939333333333, 78.66176483333334], [16.876955, 78.6617635], [16.87697066666667, 78.661762], [16.876986499999997, 78.6617605], [16.877002333333333, 78.66175916666666], [16.87701816666667, 78.66175766666667], [16.877034, 78.66175633333334], [16.877049666666668, 78.661755], [16.8770655, 78.6617535], [16.877081333333333, 78.66175216666667], [16.877097, 78.66175066666666], [16.877112833333335, 78.66174916666667], [16.877128666666668, 78.66174783333332], [16.877144666666666, 78.66174633333334], [16.8771605, 78.66174483333333], [16.877176333333335, 78.6617435], [16.877192333333333, 78.661742], [16.877208, 78.66174066666667], [16.877223833333336, 78.66173916666666], [16.877239499999998, 78.66173783333333], [16.877255333333334, 78.6617365], [16.877271333333333, 78.661735], [16.877287333333335, 78.66173366666666], [16.877303166666664, 78.66173216666667], [16.877319166666666, 78.66173083333334], [16.877335000000002, 78.66172933333334], [16.877350999999997, 78.661728], [16.877366833333333, 78.66172666666667], [16.877382666666666, 78.66172516666667], [16.877398833333334, 78.66172383333333], [16.877414833333333, 78.66172233333333], [16.877430666666665, 78.661721], [16.8774465, 78.66171949999999], [16.877462333333334, 78.66171816666666], [16.877478666666665, 78.66171666666668], [16.877494333333335, 78.66171533333333], [16.877510166666664, 78.66171383333334], [16.877525833333333, 78.66171233333333], [16.8775415, 78.661711], [16.87755716666667, 78.6617095], [16.8775725, 78.66170816666666], [16.877587833333333, 78.66170666666667], [16.877603333333333, 78.66170533333334], [16.877618833333333, 78.66170383333333], [16.877634166666667, 78.66170266666667], [16.8776495, 78.66170133333334], [16.877664499999998, 78.66170000000001], [16.8776795, 78.66169883333333], [16.877694166666668, 78.66169766666667], [16.877708833333333, 78.66169666666666], [16.877723333333332, 78.66169583333334], [16.877738, 78.661695], [16.877752666666666, 78.66169416666666], [16.877767333333335, 78.6616935], [16.877782500000002, 78.66169266666667], [16.877797833333332, 78.66169199999999], [16.877813, 78.66169133333332], [16.877828333333333, 78.66169066666666], [16.877843499999997, 78.66169016666666], [16.877859, 78.66168966666667], [16.877874333333335, 78.66168916666668], [16.87788983333333, 78.66168866666666], [16.877905166666668, 78.66168816666666], [16.877920500000002, 78.66168783333333], [16.877936166666665, 78.6616875], [16.877951833333334, 78.66168716666667], [16.877967333333334, 78.66168683333333], [16.87798283333333, 78.66168666666667], [16.877998833333333, 78.6616865], [16.878014666666665, 78.66168633333334], [16.878030666666668, 78.66168616666667], [16.8780465, 78.66168599999999], [16.8780625, 78.66168599999999], [16.878078666666667, 78.66168599999999], [16.878094833333332, 78.66168583333334], [16.878110666666664, 78.66168599999999], [16.878126666666667, 78.66168599999999], [16.878142500000003, 78.66168599999999], [16.87815833333333, 78.66168616666667], [16.878174, 78.66168633333334], [16.878189833333334, 78.6616865], [16.8782055, 78.66168666666667], [16.878221333333332, 78.66168683333333], [16.87823716666667, 78.661687], [16.87825283333333, 78.66168733333333], [16.8782685, 78.6616875], [16.8782845, 78.66168783333333], [16.878300333333335, 78.66168816666666], [16.878316166666664, 78.66168850000001], [16.878332, 78.66168883333333], [16.878348000000003, 78.66168933333333], [16.87836383333333, 78.66168983333334], [16.878379666666667, 78.66169016666666], [16.878395666666666, 78.66169066666666], [16.878411500000002, 78.66169116666667], [16.87842733333333, 78.66169166666667], [16.878443, 78.66169216666667], [16.878458666666667, 78.66169266666667], [16.878474333333333, 78.66169333333333], [16.878489833333333, 78.661694], [16.878505, 78.66169450000001], [16.878519833333332, 78.66169516666668], [16.878534166666668, 78.66169583333334], [16.878548000000002, 78.66169666666666], [16.878560999999998, 78.66169733333332], [16.878574, 78.66169816666667], [16.878586833333333, 78.66169883333333], [16.878599666666666, 78.66169966666666], [16.8786125, 78.66170050000001], [16.8786255, 78.66170133333334], [16.8786385, 78.66170233333334], [16.878651666666666, 78.66170333333334], [16.87866466666667, 78.66170416666667], [16.87867783333333, 78.66170516666666], [16.878691166666666, 78.66170616666666], [16.878704000000003, 78.66170716666667], [16.878716833333332, 78.66170816666666], [16.878729333333336, 78.66170916666667], [16.878742166666665, 78.66171033333333], [16.87875466666667, 78.66171133333334], [16.878767166666666, 78.66171250000001], [16.878779833333333, 78.66171366666667], [16.878792333333333, 78.66171466666667], [16.878804833333334, 78.66171583333333], [16.878816833333335, 78.661717], [16.878828166666665, 78.66171800000001], [16.878839000000003, 78.66171899999999], [16.8788495, 78.66172], [16.878859833333333, 78.66172116666667], [16.87887, 78.66172216666668], [16.878880166666665, 78.66172350000001], [16.878890666666667, 78.66172483333334], [16.878901, 78.66172616666667], [16.878911333333335, 78.66172733333333], [16.878921333333334, 78.66172866666668], [16.878931333333334, 78.66173], [16.8789415, 78.66173116666667], [16.878951500000003, 78.6617325], [16.878961666666665, 78.66173366666666], [16.878971666666665, 78.661735], [16.878981666666668, 78.66173633333332], [16.878991499999998, 78.6617375], [16.879001666666667, 78.66173883333333], [16.879011833333333, 78.66174016666668], [16.879022000000003, 78.66174166666666], [16.879032166666665, 78.66174299999999], [16.879042333333334, 78.6617445], [16.8790525, 78.661746], [16.879062666666666, 78.6617475], [16.879072833333332, 78.66174883333333], [16.879082666666665, 78.66175033333334], [16.879092500000002, 78.66175183333333], [16.879102333333332, 78.66175333333334], [16.879112000000003, 78.66175483333333], [16.879121833333333, 78.66175633333334], [16.879131500000003, 78.66175783333333], [16.879141333333333, 78.66175933333334], [16.879151166666666, 78.66176083333333], [16.879161166666666, 78.66176233333334], [16.879171166666666, 78.66176399999999], [16.8791815, 78.6617655], [16.879191666666667, 78.661767], [16.8792015, 78.66176866666666], [16.879211333333334, 78.66177016666667], [16.87922133333333, 78.66177183333333], [16.879231, 78.66177333333333], [16.879240666666664, 78.66177483333333], [16.87925016666667, 78.6617765], [16.8792595, 78.661778], [16.879268500000002, 78.6617795], [16.879276833333332, 78.661781], [16.879284833333333, 78.66178216666667], [16.879292333333336, 78.6617835], [16.879299666666668, 78.66178483333333], [16.879306999999997, 78.66178599999999], [16.879314, 78.66178716666667], [16.879320833333335, 78.66178833333333], [16.8793275, 78.6617895], [16.87933383333333, 78.66179050000001], [16.879339833333333, 78.66179166666667], [16.879345666666666, 78.66179266666667], [16.8793515, 78.66179383333333], [16.879357333333335, 78.66179483333333], [16.879363166666668, 78.66179600000001], [16.879369333333333, 78.66179716666667], [16.8793755, 78.66179833333334], [16.879382, 78.6617995], [16.8793885, 78.66180083333333], [16.87939533333333, 78.66180200000001], [16.879401833333336, 78.66180316666667], [16.8794085, 78.66180433333334], [16.879414999999998, 78.66180566666667], [16.879421166666667, 78.66180683333333], [16.879427500000002, 78.66180800000001], [16.879433833333334, 78.66180916666667], [16.879440166666665, 78.66181033333334], [16.879446166666664, 78.66181150000001], [16.8794525, 78.66181266666668], [16.879458833333334, 78.66181383333333], [16.879465166666666, 78.66181499999999], [16.8794715, 78.66181633333333], [16.879478, 78.66181750000001], [16.879484333333334, 78.66181883333334], [16.879490666666666, 78.66182], [16.879497166666667, 78.66182133333334], [16.8795035, 78.66182266666667], [16.879509666666667, 78.66182383333333], [16.879516000000002, 78.661825], [16.879522333333334, 78.66182633333332], [16.87952883333333, 78.6618275], [16.879535166666667, 78.66182883333333], [16.879541500000002, 78.66183], [16.879548, 78.66183116666666], [16.879554499999998, 78.6618325], [16.879561333333335, 78.66183383333333], [16.879568, 78.66183516666666], [16.879574666666667, 78.66183633333334], [16.879581499999997, 78.66183766666667], [16.8795885, 78.661839], [16.879595166666665, 78.66184033333334], [16.879601666666666, 78.66184166666667], [16.879608166666667, 78.661843], [16.879615, 78.66184433333333], [16.8796215, 78.66184566666668], [16.879628, 78.66184700000001], [16.879634833333334, 78.66184833333334], [16.879641666666664, 78.66184983333332], [16.8796485, 78.66185116666666], [16.879655, 78.6618525], [16.8796615, 78.66185383333332], [16.879668166666665, 78.66185533333334], [16.87967516666667, 78.66185683333333], [16.879681833333333, 78.66185816666666], [16.879688333333334, 78.66185966666667], [16.879695, 78.661861], [16.879701666666666, 78.66186250000001], [16.879708333333333, 78.66186383333334], [16.879714999999997, 78.66186533333332], [16.879721500000002, 78.66186666666667], [16.879728166666666, 78.66186816666666], [16.879734666666664, 78.6618695], [16.8797415, 78.661871], [16.879748, 78.66187233333333], [16.8797545, 78.66187383333333], [16.87976133333333, 78.66187533333333], [16.879767833333336, 78.66187683333332], [16.8797745, 78.66187833333333], [16.879781166666664, 78.66187983333333], [16.879787833333335, 78.66188116666667], [16.8797945, 78.66188266666667], [16.8798015, 78.66188416666667], [16.879808166666667, 78.66188566666666], [16.879814833333334, 78.661887], [16.879821666666665, 78.6618885], [16.8798285, 78.66189], [16.879835500000002, 78.6618915], [16.879842333333333, 78.66189316666667], [16.879849, 78.66189466666667], [16.879855833333334, 78.66189616666666], [16.8798625, 78.66189766666666], [16.879869166666666, 78.66189916666667], [16.879875833333333, 78.66190066666667], [16.8798825, 78.66190216666668], [16.879889166666665, 78.66190366666666], [16.879895833333332, 78.66190516666667], [16.8799025, 78.66190666666667], [16.879909333333334, 78.66190816666668], [16.879916166666664, 78.66190983333333], [16.879922833333335, 78.66191133333334], [16.879929833333332, 78.661913], [16.879936666666666, 78.6619145], [16.87994366666667, 78.66191616666667], [16.879950666666666, 78.66191766666667], [16.879957666666666, 78.66191933333333], [16.879964833333336, 78.66192083333334], [16.879971666666666, 78.6619225], [16.879978666666666, 78.661924], [16.8799855, 78.66192550000001], [16.8799925, 78.661927], [16.879999666666667, 78.66192866666667], [16.880006666666667, 78.66193016666666], [16.880013833333333, 78.66193166666667], [16.880020666666667, 78.66193333333334], [16.880027666666667, 78.66193483333333], [16.880035000000003, 78.6619365], [16.880042, 78.66193799999999], [16.880049166666666, 78.66193966666667], [16.880056333333336, 78.66194116666667], [16.880063500000002, 78.66194283333333], [16.880070666666665, 78.66194433333334], [16.880077833333335, 78.66194583333332], [16.880085333333334, 78.6619475], [16.880092666666666, 78.66194916666667], [16.880099833333336, 78.66195066666667], [16.880107333333335, 78.66195233333333], [16.880114833333334, 78.66195383333334], [16.88012216666667, 78.6619555], [16.880129333333333, 78.661957], [16.88013683333333, 78.66195866666666], [16.880144166666664, 78.66196033333334], [16.880151166666668, 78.66196199999999], [16.880158166666668, 78.66196366666667], [16.880164999999998, 78.66196533333333], [16.880171333333333, 78.661967], [16.8801775, 78.66196883333333], [16.880183499999998, 78.66197066666668], [16.880189499999997, 78.66197233333334], [16.8801955, 78.66197416666667], [16.880201166666666, 78.66197600000001], [16.880206666666666, 78.66197783333334], [16.88021216666667, 78.66197966666667], [16.880217333333334, 78.6619815], [16.8802225, 78.66198349999999], [16.880227666666666, 78.66198533333333], [16.880232666666664, 78.66198733333334], [16.88023766666667, 78.66198916666667], [16.880242333333335, 78.66199116666667], [16.880247166666667, 78.661993], [16.880252, 78.66199499999999], [16.880256499999998, 78.66199683333333], [16.880260500000002, 78.66199883333334], [16.880264833333335, 78.66200083333334], [16.880269, 78.66200283333333], [16.8802725, 78.662005], [16.880275833333332, 78.66200699999999], [16.88027933333333, 78.662009], [16.880283000000002, 78.66201116666666], [16.880286666666667, 78.66201316666667], [16.880290333333335, 78.66201516666666], [16.880294, 78.66201716666666], [16.88029733333333, 78.66201933333333], [16.880301, 78.66202133333333], [16.880304666666667, 78.66202333333334], [16.8803085, 78.66202533333333], [16.880312333333332, 78.66202750000001], [16.880316, 78.6620295], [16.88031983333333, 78.6620315], [16.8803235, 78.66203366666667], [16.880327333333334, 78.66203566666667], [16.880331333333334, 78.66203783333334], [16.88033516666667, 78.66203983333334], [16.880338833333333, 78.66204183333333], [16.880342499999998, 78.662044], [16.880346, 78.66204599999999], [16.880349666666667, 78.662048], [16.880353333333336, 78.66205], [16.880357, 78.66205199999999], [16.880360666666665, 78.66205416666666], [16.880364166666666, 78.66205616666666], [16.88036783333333, 78.66205816666667], [16.880371333333336, 78.66206016666666], [16.880375, 78.66206216666666], [16.8803785, 78.66206416666667], [16.880382166666667, 78.66206616666666], [16.8803855, 78.66206833333334], [16.880389166666664, 78.66207033333333], [16.88039266666667, 78.66207233333333], [16.880396333333334, 78.6620745], [16.880400166666668, 78.6620765], [16.880403666666666, 78.66207866666667], [16.880407333333334, 78.66208066666667], [16.880411166666665, 78.66208266666666], [16.880414833333337, 78.66208483333334], [16.880418666666667, 78.66208683333333], [16.880422166666666, 78.66208883333334], [16.880425666666667, 78.66209083333334], [16.880429166666666, 78.66209283333333], [16.880432833333334, 78.66209483333334], [16.880436333333332, 78.66209683333334], [16.880439833333334, 78.66209883333333], [16.880443500000002, 78.66210099999999], [16.880447, 78.66210299999999], [16.8804505, 78.66210516666666], [16.880454, 78.66210716666666], [16.8804575, 78.66210933333333], [16.880461166666667, 78.66211133333333], [16.880464833333335, 78.6621135], [16.8804685, 78.6621155], [16.880472166666667, 78.66211766666667], [16.880475833333332, 78.66211983333332], [16.880479333333334, 78.66212183333333], [16.880483166666668, 78.66212399999999], [16.880486666666666, 78.66212616666667], [16.880490333333334, 78.66212816666666], [16.880493833333333, 78.66213033333334], [16.8804975, 78.66213250000001], [16.880501, 78.66213466666666], [16.880504666666663, 78.66213666666665], [16.880508333333335, 78.66213883333333], [16.880512, 78.662141], [16.880515666666668, 78.662143], [16.8805195, 78.66214516666668], [16.880523166666666, 78.66214733333332], [16.88052683333333, 78.6621495], [16.880530500000003, 78.66215166666666], [16.880534166666667, 78.66215383333333], [16.880538, 78.66215616666666], [16.880541666666666, 78.66215816666666], [16.880545333333334, 78.66216033333333], [16.880548833333332, 78.66216250000001], [16.8805525, 78.66216466666667], [16.880555833333336, 78.66216683333333], [16.8805595, 78.66216916666667], [16.880563, 78.66217133333333], [16.8805665, 78.66217350000001], [16.88057, 78.66217566666666], [16.880573333333334, 78.66217766666666], [16.880576833333336, 78.66217983333333], [16.880580333333334, 78.662182], [16.880583666666666, 78.66218416666668], [16.880587166666665, 78.66218633333332], [16.8805905, 78.6621885], [16.880594, 78.66219066666666], [16.8805975, 78.66219283333334], [16.880601000000002, 78.66219500000001], [16.8806045, 78.66219716666666], [16.880608, 78.66219933333333], [16.8806115, 78.66220150000001], [16.880615, 78.66220366666667], [16.880618333333334, 78.66220583333333], [16.880621666666666, 78.66220799999999], [16.880625000000002, 78.66221016666667], [16.880628333333334, 78.66221233333334], [16.880631666666666, 78.66221449999999], [16.880634999999998, 78.66221666666667], [16.88063833333333, 78.66221883333333], [16.88064166666667, 78.662221], [16.880645333333334, 78.66222316666668], [16.880648833333332, 78.66222533333332], [16.880652, 78.6622275], [16.880655333333333, 78.66222966666666], [16.880658666666665, 78.66223183333334], [16.880662166666664, 78.662234], [16.88066566666667, 78.66223616666666], [16.880668833333335, 78.66223833333333], [16.880672333333333, 78.66224050000001], [16.880675666666665, 78.66224266666667], [16.880679, 78.66224483333333], [16.8806825, 78.66224716666667], [16.880685833333335, 78.66224933333334], [16.880689333333333, 78.6622515], [16.880692833333335, 78.66225366666666], [16.880696333333333, 78.66225583333333], [16.880699666666665, 78.66225800000001], [16.880703166666667, 78.66226016666666], [16.88070683333333, 78.66226233333333], [16.880710333333333, 78.6622645], [16.880713833333335, 78.66226666666667], [16.880717666666666, 78.66226883333334], [16.880721333333334, 78.66227099999999], [16.880724999999998, 78.66227316666667], [16.8807285, 78.66227533333334], [16.8807325, 78.6622775], [16.880736333333335, 78.66227966666666], [16.880740333333332, 78.66228183333332], [16.880744166666666, 78.662284], [16.880748166666667, 78.66228616666668], [16.880752166666664, 78.66228833333334], [16.880756166666668, 78.6622905], [16.88076016666667, 78.66229266666666], [16.88076433333333, 78.66229483333333], [16.880768166666666, 78.66229700000001], [16.880772166666667, 78.66229916666666], [16.880776, 78.66230133333333], [16.880779833333335, 78.66230350000001], [16.880783666666666, 78.66230583333332], [16.880787666666667, 78.662308], [16.880791166666665, 78.66231016666667], [16.880795166666665, 78.66231233333333], [16.880799000000003, 78.66231433333334], [16.880802666666668, 78.6623165], [16.880806500000002, 78.66231883333333], [16.880810333333333, 78.662321], [16.880814166666667, 78.66232316666667], [16.880817999999998, 78.66232516666668], [16.880821833333336, 78.66232733333332], [16.8808255, 78.66232966666666], [16.88082916666667, 78.66233183333334], [16.880832833333333, 78.662334], [16.880836666666667, 78.66233616666666], [16.88084033333333, 78.6623385], [16.880843833333333, 78.66234066666667], [16.8808475, 78.66234283333333], [16.880851166666666, 78.662345], [16.880854833333334, 78.66234733333334], [16.880858166666666, 78.66234949999999], [16.88086183333333, 78.66235166666667], [16.880865500000002, 78.66235400000001], [16.880869166666667, 78.66235616666667], [16.880872833333335, 78.66235833333333], [16.880876333333333, 78.66236066666667], [16.880879999999998, 78.66236283333333], [16.880883833333332, 78.662365], [16.880887499999996, 78.66236733333334], [16.880891166666668, 78.66236933333333], [16.880894833333333, 78.66237166666666], [16.880898666666667, 78.66237383333333], [16.880902166666665, 78.66237583333333], [16.880905666666667, 78.66237816666667], [16.880909499999998, 78.66238033333335], [16.88091316666667, 78.66238249999999], [16.880916666666668, 78.66238466666667], [16.880920333333332, 78.66238700000001], [16.880923833333334, 78.66238916666666], [16.8809275, 78.66239133333333], [16.880931166666667, 78.66239366666667], [16.88093466666667, 78.66239583333332], [16.880938166666667, 78.66239816666666], [16.88094166666667, 78.66240033333334], [16.880945333333333, 78.66240250000001], [16.880949333333334, 78.66240483333333], [16.880952999999998, 78.662407], [16.88095666666667, 78.66240933333333], [16.880960333333334, 78.6624115], [16.880964, 78.66241383333333], [16.880967666666667, 78.662416], [16.88097133333333, 78.66241833333333], [16.880974833333333, 78.66242050000001], [16.880978333333335, 78.66242283333332], [16.880982, 78.662425], [16.880985666666668, 78.66242733333334], [16.880989166666666, 78.6624295], [16.880992833333334, 78.66243183333333], [16.880996333333332, 78.66243416666666], [16.88100016666667, 78.66243633333333], [16.88100366666667, 78.66243866666667], [16.881007166666667, 78.66244083333332], [16.881010833333335, 78.662443], [16.881014333333333, 78.66244533333334], [16.881017999999997, 78.66244750000001], [16.881021666666665, 78.66244966666666], [16.881025166666667, 78.662452], [16.881028333333333, 78.66245416666668], [16.8810315, 78.66245633333332], [16.881034666666668, 78.66245866666667], [16.881037833333334, 78.66246083333334], [16.881041166666666, 78.66246316666667], [16.881044166666666, 78.66246533333333], [16.8810475, 78.66246766666667], [16.881050666666667, 78.66247], [16.8810535, 78.66247233333334], [16.8810565, 78.6624745], [16.881059166666667, 78.66247683333333], [16.881062, 78.66247916666666], [16.881064666666667, 78.6624815], [16.88106733333333, 78.66248366666667], [16.88107, 78.662486], [16.881072500000002, 78.66248816666666], [16.881075, 78.6624905], [16.881077666666666, 78.66249283333333], [16.881080166666667, 78.66249516666667], [16.881082499999998, 78.66249733333333], [16.881084666666666, 78.66249966666666], [16.881086999999997, 78.66250216666667], [16.881089166666666, 78.66250433333333], [16.8810915, 78.66250666666666], [16.881094, 78.662509], [16.881096333333335, 78.66251133333334], [16.8810985, 78.66251366666667], [16.881100833333335, 78.66251583333333], [16.881103, 78.66251816666666], [16.8811055, 78.6625205], [16.88110783333333, 78.66252283333333], [16.881110333333332, 78.66252516666667], [16.881112499999997, 78.6625275], [16.881114833333335, 78.66252983333334], [16.881117, 78.66253233333333], [16.881119333333334, 78.66253466666667], [16.881121666666665, 78.662537], [16.881123833333334, 78.66253933333334], [16.881125833333332, 78.66254166666666], [16.881128166666667, 78.66254416666668], [16.88113033333333, 78.66254649999999], [16.881132833333332, 78.66254883333333], [16.881135166666663, 78.662551], [16.881137333333335, 78.6625535], [16.8811395, 78.66255583333333], [16.881141666666668, 78.66255816666667], [16.881144, 78.6625605], [16.8811465, 78.66256283333334], [16.881148833333334, 78.66256516666667], [16.881151, 78.6625675], [16.881152999999998, 78.66256983333332], [16.881155166666666, 78.66257216666666], [16.88115733333333, 78.66257449999999], [16.88115966666667, 78.66257683333333], [16.881161833333334, 78.66257916666667], [16.881164000000002, 78.6625815], [16.881166, 78.662584], [16.881168333333335, 78.66258633333334], [16.881170666666666, 78.66258866666666], [16.881172833333334, 78.662591], [16.881175, 78.6625935], [16.881177333333333, 78.66259583333334], [16.881179666666664, 78.66259816666667], [16.881181833333336, 78.6626005], [16.881184, 78.66260283333332], [16.881186, 78.66260516666667], [16.881188166666668, 78.6626075], [16.881190166666666, 78.66260983333333], [16.881192333333335, 78.66261233333333], [16.881194666666666, 78.66261466666667], [16.881196833333334, 78.662617], [16.881199, 78.66261933333334], [16.88120083333333, 78.66262183333333], [16.881203000000003, 78.66262416666667], [16.881205166666668, 78.6626265], [16.881207333333336, 78.66262883333334], [16.881209333333334, 78.66263116666667], [16.881211333333333, 78.6626335], [16.8812135, 78.66263583333333], [16.8812155, 78.66263816666667], [16.881217499999998, 78.6626405], [16.881219666666667, 78.66264283333334], [16.88122183333333, 78.66264516666666], [16.881224, 78.6626475], [16.881226, 78.66265], [16.881228166666666, 78.66265233333334], [16.8812305, 78.66265466666667], [16.8812325, 78.66265716666666], [16.881234833333334, 78.6626595], [16.881237166666665, 78.66266183333333], [16.881239333333333, 78.66266416666667], [16.881241499999998, 78.66266649999999], [16.881243833333333, 78.66266883333333], [16.881245999999997, 78.66267133333334], [16.881248333333335, 78.66267366666666], [16.8812505, 78.66267599999999], [16.881252500000002, 78.6626785], [16.881254833333333, 78.66268083333333], [16.881256666666665, 78.66268316666667], [16.881258666666668, 78.6626855], [16.881260666666666, 78.66268783333334], [16.881262833333334, 78.66269016666666], [16.881264833333333, 78.66269266666667], [16.88126683333333, 78.662695], [16.881269, 78.66269733333334], [16.881271333333334, 78.66269966666667], [16.881273500000002, 78.66270200000001], [16.8812755, 78.66270433333334], [16.8812775, 78.66270666666667], [16.881279666666668, 78.66270916666667], [16.881281666666666, 78.66271133333333], [16.881284, 78.66271366666666], [16.881286166666666, 78.662716], [16.881288166666664, 78.6627185], [16.881290333333332, 78.66272066666667], [16.881292166666665, 78.662723], [16.881294333333337, 78.66272533333334], [16.881296333333335, 78.66272766666665], [16.8812985, 78.66273], [16.881300500000002, 78.66273233333332], [16.8813025, 78.66273466666667], [16.8813045, 78.662737], [16.8813065, 78.66273933333333], [16.8813085, 78.66274166666668], [16.881310666666664, 78.662744], [16.881313, 78.66274633333335], [16.881315333333337, 78.66274866666666], [16.8813175, 78.66275116666667], [16.881319666666666, 78.6627535], [16.881322, 78.66275566666667], [16.881324166666666, 78.662758], [16.881326166666668, 78.66276033333334], [16.881328333333332, 78.66276266666667], [16.88133, 78.66276500000001], [16.881332166666667, 78.66276733333333], [16.88133433333333, 78.66276966666666], [16.8813365, 78.66277199999999], [16.881338333333336, 78.66277433333333], [16.881339833333335, 78.66277683333333], [16.88134116666667, 78.66277933333335], [16.881342500000002, 78.66278166666666], [16.881344000000002, 78.66278416666667], [16.881345833333334, 78.66278666666668], [16.881348333333335, 78.662789], [16.881351333333335, 78.6627915], [16.881354666666667, 78.662794], [16.881358833333334, 78.66279633333333], [16.881363500000003, 78.66279883333333], [16.881369, 78.66280116666667], [16.8813745, 78.66280366666666], [16.881380666666665, 78.662806], [16.881387333333333, 78.66280816666668], [16.881395166666668, 78.66281049999999], [16.881402833333333, 78.66281283333333], [16.881410666666667, 78.662815], [16.881419, 78.66281683333334], [16.881428000000003, 78.6628185], [16.881437666666667, 78.66282016666668], [16.8814475, 78.66282166666666], [16.881457666666666, 78.66282316666667], [16.881468666666667, 78.66282433333335], [16.881479666666667, 78.66282533333333], [16.881490666666664, 78.66282616666668], [16.881501833333335, 78.66282683333334], [16.881512833333332, 78.66282733333334], [16.881524833333334, 78.66282766666667], [16.881536166666667, 78.66282783333332], [16.881547333333334, 78.66282783333332], [16.88155833333333, 78.66282766666667], [16.88156916666667, 78.66282733333334], [16.881579833333333, 78.66282700000001], [16.881590333333335, 78.66282633333334], [16.88160033333333, 78.66282566666668], [16.881610333333334, 78.66282466666667], [16.881619833333332, 78.6628235], [16.88162883333333, 78.66282216666667], [16.881637166666668, 78.66282083333334], [16.881645499999998, 78.66281933333333], [16.881653833333335, 78.66281783333334], [16.881662, 78.66281633333332], [16.881670166666666, 78.662815], [16.881677833333335, 78.6628135], [16.881685166666667, 78.662812], [16.8816925, 78.66281033333333], [16.881699333333334, 78.66280883333334], [16.881706166666667, 78.66280716666667], [16.881712333333333, 78.6628055], [16.881718333333332, 78.66280400000001], [16.881724166666668, 78.66280233333333], [16.881729833333335, 78.6628005], [16.88173533333333, 78.66279883333333], [16.881740833333332, 78.662797], [16.881745833333333, 78.66279516666667], [16.881751, 78.66279333333334], [16.881756, 78.66279133333335], [16.881760999999997, 78.66278949999999], [16.88176566666667, 78.66278766666666], [16.881770500000002, 78.66278566666666], [16.88177466666667, 78.66278366666667], [16.881778999999998, 78.6627815], [16.881783166666665, 78.6627795], [16.881787499999998, 78.66277766666667], [16.88179166666667, 78.66277583333334], [16.88179566666667, 78.66277383333333], [16.881799333333333, 78.66277183333334], [16.88180283333333, 78.66277], [16.881806166666667, 78.662768], [16.881809333333333, 78.66276583333334], [16.88181216666667, 78.66276383333334], [16.881814666666667, 78.66276183333333], [16.881816833333335, 78.66275983333334], [16.881818666666668, 78.66275766666666], [16.8818205, 78.66275566666667], [16.881821833333333, 78.6627535], [16.881823, 78.66275133333333], [16.881824166666668, 78.66274933333334], [16.88182533333333, 78.66274716666666], [16.881826333333333, 78.66274516666667], [16.881827333333334, 78.662743], [16.881828166666665, 78.66274100000001], [16.881828833333334, 78.66273883333334], [16.881829333333332, 78.66273683333334], [16.881829666666665, 78.66273466666667], [16.88182983333333, 78.66273266666667], [16.8818295, 78.6627305], [16.881829, 78.6627285], [16.88182833333333, 78.66272633333332], [16.881827666666666, 78.66272416666668], [16.881826666666665, 78.66272216666667], [16.881825833333334, 78.66272000000001], [16.881825, 78.66271783333333], [16.881824833333333, 78.66271566666666], [16.881825, 78.66271366666666], [16.881825666666668, 78.66271149999999], [16.88182683333333, 78.66270949999999], [16.88182833333333, 78.6627075], [16.881830333333333, 78.66270549999999], [16.881832666666664, 78.66270349999999], [16.881835666666667, 78.6627015], [16.8818395, 78.66269966666667], [16.88184366666667, 78.66269766666666], [16.881847666666665, 78.66269583333333], [16.881852166666665, 78.662694], [16.881856666666668, 78.66269216666666], [16.881861333333333, 78.6626905], [16.881866333333335, 78.662689], [16.881871333333333, 78.66268749999999], [16.881876499999997, 78.66268583333334], [16.881881833333335, 78.66268416666666], [16.88188716666667, 78.6626825], [16.881892666666666, 78.662681], [16.881898333333332, 78.66267966666666], [16.88190416666667, 78.66267816666667], [16.881910666666666, 78.6626765], [16.881916999999998, 78.66267483333333], [16.881923500000003, 78.66267316666668], [16.881929833333334, 78.66267133333334], [16.881936166666666, 78.66266966666667], [16.881942499999997, 78.662668], [16.881949666666667, 78.66266633333333], [16.8819575, 78.66266449999999], [16.881966, 78.66266283333333], [16.881975166666667, 78.66266116666667], [16.881984666666664, 78.66265983333332], [16.881994833333334, 78.66265866666666], [16.882005333333332, 78.66265766666668], [16.882016500000002, 78.66265666666666], [16.882027833333332, 78.66265566666667], [16.8820395, 78.66265466666667], [16.882051333333333, 78.66265366666667], [16.882062833333336, 78.662653], [16.882074499999998, 78.6626525], [16.882086333333334, 78.66265216666667], [16.882098166666665, 78.66265183333333], [16.882110166666667, 78.6626515], [16.882122166666665, 78.66265133333333], [16.882134, 78.66265116666666], [16.8821455, 78.66265116666666], [16.882157, 78.66265116666666], [16.882168166666666, 78.6626515], [16.882178833333334, 78.66265183333333], [16.882189166666667, 78.66265233333334], [16.882199333333332, 78.66265283333334], [16.882209666666665, 78.66265333333334], [16.8822195, 78.66265416666667], [16.882228833333333, 78.66265483333333], [16.882238166666664, 78.66265583333333], [16.882247500000002, 78.66265683333333], [16.882257166666665, 78.662658], [16.882266166666668, 78.662659], [16.882274833333334, 78.66266016666667], [16.882283166666664, 78.66266133333333], [16.88229116666667, 78.66266266666666], [16.882299, 78.66266383333333], [16.88230616666667, 78.66266516666666], [16.882313333333332, 78.66266633333333], [16.88232, 78.66266766666666], [16.88232683333333, 78.66266916666667], [16.8823335, 78.6626705], [16.882340166666665, 78.662672], [16.882346666666667, 78.6626735], [16.882352833333336, 78.66267500000001], [16.882358500000002, 78.66267633333334], [16.882364166666665, 78.66267783333333], [16.882369999999998, 78.6626795], [16.882376166666667, 78.662681], [16.882382333333332, 78.66268283333333], [16.882388833333334, 78.66268466666666], [16.882395166666665, 78.6626865], [16.882401333333334, 78.66268833333334], [16.882407666666666, 78.66269016666666], [16.8824135, 78.66269216666666], [16.882419333333335, 78.662694], [16.882424833333335, 78.66269600000001], [16.882430166666666, 78.66269783333334], [16.8824355, 78.66269983333333], [16.88244033333333, 78.66270183333333], [16.882445, 78.66270383333334], [16.882449166666667, 78.66270566666667], [16.882453166666668, 78.66270766666666], [16.882457, 78.66270966666666], [16.88246033333333, 78.66271166666667], [16.88246333333333, 78.66271383333333], [16.882466, 78.66271583333334], [16.88246816666667, 78.662718], [16.882470333333334, 78.66272016666667], [16.882472166666666, 78.66272233333333], [16.882474, 78.6627245], [16.882475499999998, 78.66272666666667], [16.882476666666665, 78.66272883333333], [16.882477833333333, 78.662731], [16.882478666666668, 78.66273316666667], [16.882479166666666, 78.66273533333333], [16.882479333333333, 78.6627375], [16.882479333333333, 78.66273966666667], [16.882478833333334, 78.66274183333333], [16.882478166666665, 78.66274416666667], [16.882477333333334, 78.66274633333335], [16.882476, 78.66274849999999], [16.882474333333334, 78.66275083333333], [16.882472833333335, 78.66275300000001], [16.882471, 78.66275533333334], [16.882468666666668, 78.6627575], [16.882466166666667, 78.66275966666667], [16.882463499999997, 78.66276183333333], [16.882460666666667, 78.662764], [16.882457833333333, 78.66276616666667], [16.882454666666668, 78.66276816666667], [16.882451166666666, 78.66277033333334], [16.882447333333335, 78.6627725], [16.8824435, 78.6627745], [16.88243933333333, 78.6627765], [16.882435166666667, 78.66277866666665], [16.882430666666668, 78.66278083333333], [16.88242616666667, 78.66278283333332], [16.882421333333333, 78.662785], [16.88241683333333, 78.66278716666667], [16.882412, 78.66278933333334], [16.882407333333333, 78.6627915], [16.8824025, 78.66279349999999], [16.88239766666667, 78.66279566666667], [16.88239283333333, 78.66279783333333], [16.882388, 78.6628], [16.882382833333335, 78.662802], [16.882377666666667, 78.66280416666667], [16.8823725, 78.66280616666667], [16.882367166666665, 78.66280816666668], [16.882361666666668, 78.66281033333333], [16.882356166666668, 78.6628125], [16.882350666666664, 78.66281466666666], [16.882344666666665, 78.66281683333334], [16.882339, 78.66281916666667], [16.8823335, 78.66282133333334], [16.882327999999998, 78.6628235], [16.88232233333333, 78.66282566666668], [16.882316666666668, 78.662828], [16.882311166666668, 78.66283016666667], [16.88230583333333, 78.66283233333334], [16.882300333333333, 78.66283466666667], [16.882295, 78.66283700000001], [16.88228966666667, 78.66283916666666], [16.882284666666667, 78.6628415], [16.8822795, 78.66284366666667], [16.88227433333333, 78.662846], [16.882269166666667, 78.66284833333334], [16.882264000000003, 78.6628505], [16.882259166666664, 78.66285283333333], [16.882254166666666, 78.66285500000001], [16.882248833333332, 78.66285733333333], [16.882243666666668, 78.6628595], [16.882238500000003, 78.66286183333334], [16.882233666666664, 78.662864], [16.882228833333333, 78.66286633333334], [16.882223833333335, 78.6628685], [16.882218666666667, 78.66287083333333], [16.882213666666665, 78.662873], [16.882208833333333, 78.66287533333335], [16.882204, 78.6628775], [16.882199, 78.66287983333334], [16.882194000000002, 78.66288200000001], [16.88218883333333, 78.66288416666666], [16.882183833333333, 78.66288633333333], [16.882178833333334, 78.66288866666667], [16.882173666666667, 78.662891], [16.882168666666665, 78.66289316666666], [16.882164, 78.6628955], [16.882158833333335, 78.66289766666667], [16.882153666666667, 78.66290000000001], [16.88214866666667, 78.66290233333334], [16.882143499999998, 78.6629045], [16.882138333333334, 78.66290683333334], [16.882133166666666, 78.66290916666667], [16.882128166666668, 78.6629115], [16.882122833333334, 78.66291366666665], [16.8821175, 78.662916], [16.882112, 78.66291833333334], [16.882106500000003, 78.6629205], [16.882101166666665, 78.66292283333334], [16.882095666666665, 78.662925], [16.882090333333334, 78.66292733333333], [16.882084666666668, 78.6629295], [16.882079333333333, 78.66293183333333], [16.882073833333333, 78.66293399999999], [16.882068666666665, 78.66293633333333], [16.882063000000002, 78.66293850000001], [16.882057666666665, 78.66294066666666], [16.882052166666664, 78.662943], [16.882046666666668, 78.66294533333333], [16.882041333333333, 78.6629475], [16.882035833333337, 78.66294966666666], [16.882030333333333, 78.66295199999999], [16.882024833333332, 78.66295416666667], [16.882019333333336, 78.66295633333334], [16.882013833333335, 78.6629585], [16.882008, 78.66296066666668], [16.8820025, 78.662963], [16.881996833333336, 78.66296516666667], [16.88199116666667, 78.66296733333334], [16.88198583333333, 78.66296949999999], [16.881980166666665, 78.66297166666666], [16.881974166666666, 78.662974], [16.881968500000003, 78.66297616666667], [16.881962833333333, 78.66297833333333], [16.881957166666666, 78.6629805], [16.881951333333333, 78.66298266666666], [16.881945499999997, 78.66298483333334], [16.881939666666664, 78.662987], [16.8819335, 78.662989], [16.881927333333334, 78.66299116666667], [16.88192133333333, 78.66299333333333], [16.881915333333332, 78.66299550000001], [16.881909166666667, 78.6629975], [16.881903166666667, 78.66299966666666], [16.881896833333332, 78.66300183333333], [16.8818905, 78.663004], [16.881884333333335, 78.66300616666668], [16.881878333333336, 78.66300833333334], [16.8818725, 78.6630105], [16.8818665, 78.6630125], [16.881860500000002, 78.66301466666667], [16.8818545, 78.66301683333333], [16.8818485, 78.663019], [16.881842666666667, 78.66302116666667], [16.881837, 78.66302316666666], [16.881831499999997, 78.66302533333332], [16.881825666666668, 78.6630275], [16.88181966666667, 78.66302966666667], [16.881814000000002, 78.66303166666667], [16.881808333333332, 78.66303383333334], [16.88180283333333, 78.66303599999999], [16.881797, 78.66303816666667], [16.881790833333334, 78.66304033333333], [16.88178483333333, 78.66304233333334], [16.881779166666668, 78.6630445], [16.8817735, 78.66304666666666], [16.88176766666667, 78.66304883333333], [16.881761833333332, 78.663051], [16.881755833333333, 78.66305316666667], [16.88175, 78.66305516666667], [16.881744333333334, 78.66305733333334], [16.881738833333333, 78.66305949999999], [16.881733, 78.66306166666666], [16.881726833333335, 78.66306383333334], [16.881720833333336, 78.66306583333333], [16.881715, 78.66306800000001], [16.881709166666667, 78.66307016666666], [16.881703166666668, 78.66307216666668], [16.881697166666665, 78.66307433333333], [16.881691333333332, 78.6630765], [16.8816855, 78.6630785], [16.881679666666667, 78.66308066666667], [16.88167383333333, 78.66308283333333], [16.881668166666667, 78.66308483333334], [16.881662333333335, 78.66308699999999], [16.881656500000002, 78.66308916666667], [16.881650666666665, 78.66309116666666], [16.881644666666666, 78.66309333333334], [16.881639, 78.66309533333333], [16.881633166666667, 78.6630975], [16.881627166666664, 78.6630995], [16.881621166666665, 78.66310166666668], [16.881615333333333, 78.66310383333332], [16.881609500000003, 78.663106], [16.881603666666667, 78.66310816666667], [16.881597666666668, 78.66311016666667], [16.88159166666667, 78.66311233333333], [16.88158566666667, 78.66311433333334], [16.881579833333333, 78.66311649999999], [16.881574, 78.66311850000001], [16.881568, 78.66312066666666], [16.881561833333333, 78.66312283333333], [16.881555666666667, 78.66312483333333], [16.88154966666667, 78.663127], [16.881543500000003, 78.66312916666668], [16.8815375, 78.66313133333333], [16.881531166666665, 78.66313333333332], [16.881524833333334, 78.6631355], [16.881518500000002, 78.66313749999999], [16.8815125, 78.66313966666667], [16.881506333333334, 78.66314166666666], [16.881500333333335, 78.66314383333334], [16.881494333333332, 78.66314583333333], [16.881488, 78.663148], [16.881481833333332, 78.66315016666667], [16.881475666666667, 78.66315233333333], [16.881469499999998, 78.66315433333332], [16.881463166666666, 78.66315633333333], [16.881457, 78.6631585], [16.881451000000002, 78.66316066666667], [16.881445, 78.66316266666666], [16.881438833333334, 78.66316483333334], [16.88143266666667, 78.66316683333334], [16.881426666666666, 78.663169], [16.881420833333333, 78.66317099999999], [16.881414833333334, 78.66317316666667], [16.881408500000003, 78.66317516666666], [16.88140233333333, 78.66317733333334], [16.88139633333333, 78.6631795], [16.881390333333332, 78.66318150000001], [16.881384166666667, 78.66318366666665], [16.881377999999998, 78.66318566666668], [16.881372166666665, 78.66318783333332], [16.881366166666666, 78.66318983333333], [16.881360333333337, 78.663192], [16.881354333333334, 78.663194], [16.881348, 78.66319616666667], [16.881342, 78.66319816666667], [16.88133583333333, 78.66320033333334], [16.881329833333332, 78.6632025], [16.881323666666667, 78.66320449999999], [16.881317333333335, 78.66320666666667], [16.881311333333333, 78.66320866666666], [16.8813055, 78.66321083333334], [16.8812995, 78.66321283333333], [16.88129316666667, 78.66321500000001], [16.881286833333334, 78.663217], [16.881280833333335, 78.66321916666668], [16.881274833333336, 78.66322116666667], [16.881268666666664, 78.66322333333332], [16.881262333333332, 78.66322533333333], [16.881255833333334, 78.66322733333332], [16.88124966666667, 78.66322933333332], [16.881243666666666, 78.6632315], [16.8812375, 78.66323349999999], [16.881231166666666, 78.66323566666667], [16.88122483333333, 78.66323766666666], [16.881218666666665, 78.66323966666667], [16.8812125, 78.66324183333333], [16.881206666666667, 78.66324383333334], [16.8812005, 78.663246], [16.881194333333333, 78.66324800000001], [16.881188166666668, 78.66325], [16.88118216666667, 78.663252], [16.881176333333332, 78.66325400000001], [16.881170166666667, 78.663256], [16.881163833333336, 78.66325816666668], [16.881157499999997, 78.66326016666667], [16.88115133333333, 78.66326216666667], [16.881145166666666, 78.66326416666668], [16.881139, 78.66326616666667], [16.881133, 78.66326816666667], [16.881126666666667, 78.66327016666668], [16.8811205, 78.66327233333332], [16.881114500000002, 78.66327433333332], [16.881108333333334, 78.66327633333334], [16.88110216666667, 78.66327833333334], [16.88109616666667, 78.6632805], [16.881089999999997, 78.6632825], [16.88108383333333, 78.66328449999999], [16.881077333333334, 78.66328666666666], [16.88107116666667, 78.66328866666666], [16.881064666666667, 78.66329066666667], [16.881058333333332, 78.66329266666666], [16.881052, 78.66329483333334], [16.88104566666667, 78.66329683333333], [16.881039166666667, 78.66329883333333], [16.881032833333332, 78.663301], [16.881026333333335, 78.663303], [16.881019833333333, 78.66330500000001], [16.881013666666668, 78.663307], [16.881007166666667, 78.66330916666668], [16.88100066666667, 78.66331116666667], [16.880994333333334, 78.66331316666667], [16.880987833333332, 78.66331516666668], [16.880981333333335, 78.66331716666667], [16.880974666666667, 78.66331933333332], [16.880968499999998, 78.66332133333334], [16.880962, 78.66332333333334], [16.88095566666667, 78.6633255], [16.880949166666667, 78.6633275], [16.880942833333332, 78.66332949999999], [16.8809365, 78.66333166666666], [16.880930333333332, 78.66333366666666], [16.880924166666667, 78.66333566666667], [16.8809175, 78.66333783333333], [16.880911166666667, 78.66333983333334], [16.880904833333332, 78.66334183333333], [16.880898666666667, 78.66334400000001], [16.880892, 78.66334616666667], [16.880885499999998, 78.66334816666668], [16.880879166666666, 78.66335016666667], [16.880872833333335, 78.66335233333332], [16.8808665, 78.66335433333333], [16.88086, 78.66335633333333], [16.880853333333334, 78.6633585], [16.880846833333333, 78.6633605], [16.880840499999998, 78.66336249999999], [16.880834, 78.6633645], [16.88082766666667, 78.6633665], [16.880821166666667, 78.66336866666667], [16.880814666666666, 78.66337066666667], [16.880808333333334, 78.66337266666666], [16.88080216666667, 78.66337466666667], [16.88079583333333, 78.66337683333333], [16.880789333333333, 78.66337883333334], [16.880783, 78.66338083333333], [16.88077666666667, 78.66338283333333], [16.88077033333333, 78.663385], [16.880763833333333, 78.663387], [16.8807575, 78.66338900000001], [16.880751, 78.663391], [16.880744666666665, 78.663393], [16.880738333333333, 78.66339500000001], [16.880732000000002, 78.663397], [16.880725833333333, 78.66339916666668], [16.8807195, 78.66340116666667], [16.880713, 78.66340316666667], [16.880706999999997, 78.66340516666668], [16.880700666666666, 78.66340716666667], [16.880694333333334, 78.66340933333332], [16.88068816666667, 78.66341133333334], [16.88068183333333, 78.66341333333334], [16.880675666666665, 78.66341533333333], [16.880669333333334, 78.66341733333334], [16.880662833333336, 78.66341933333334], [16.880656166666665, 78.66342133333333], [16.8806495, 78.66342333333334], [16.88064316666667, 78.66342549999999], [16.88063683333333, 78.6634275], [16.8806305, 78.66342949999999], [16.880624, 78.66343149999999], [16.880617500000003, 78.66343350000001], [16.880611166666665, 78.66343566666666], [16.880604666666667, 78.66343766666667], [16.8805985, 78.66343966666666], [16.880592333333333, 78.66344166666666], [16.880586, 78.66344383333333], [16.8805795, 78.66344583333333], [16.880573166666668, 78.66344783333334], [16.880566666666667, 78.66344983333333], [16.880560333333335, 78.66345183333333], [16.880554333333336, 78.66345383333334], [16.88054783333333, 78.663456], [16.880541333333333, 78.663458], [16.880534833333336, 78.66346], [16.8805285, 78.663462], [16.88052233333333, 78.663464], [16.880516, 78.663466], [16.88050966666667, 78.663468], [16.880503166666664, 78.66347], [16.8804965, 78.663472], [16.88049, 78.66347416666667], [16.880483666666667, 78.66347616666667], [16.880477499999998, 78.66347816666666], [16.880471, 78.66348016666667], [16.880464333333336, 78.66348216666667], [16.88045783333333, 78.66348416666666], [16.8804515, 78.66348616666667], [16.880445166666668, 78.66348833333333], [16.8804385, 78.66349033333333], [16.880432, 78.66349233333334], [16.8804255, 78.66349433333333], [16.880419, 78.66349633333333], [16.8804125, 78.66349833333334], [16.880406166666667, 78.66350033333333], [16.8803995, 78.66350233333333], [16.880393166666668, 78.66350433333334], [16.880386666666666, 78.6635065], [16.880380333333335, 78.6635085], [16.880373833333334, 78.6635105], [16.880367333333332, 78.66351266666668], [16.880361, 78.66351466666667], [16.8803545, 78.66351683333333], [16.880348, 78.66351883333333], [16.880341333333334, 78.66352083333332], [16.880334833333333, 78.66352283333335], [16.880328333333335, 78.66352483333334], [16.880322, 78.66352683333334], [16.8803155, 78.66352883333334], [16.880309, 78.66353099999999], [16.880302500000003, 78.663533], [16.880295999999998, 78.663535], [16.880289666666666, 78.66353699999999], [16.880283333333335, 78.663539], [16.880276666666667, 78.663541], [16.88027, 78.66354316666666], [16.880263333333335, 78.66354516666667], [16.880256999999997, 78.66354716666666], [16.880250666666665, 78.66354916666666], [16.880244, 78.66355133333333], [16.880237166666667, 78.66355333333333], [16.8802305, 78.66355533333333], [16.880224333333334, 78.66355733333333], [16.880218, 78.6635595], [16.88021133333333, 78.6635615], [16.880204666666668, 78.6635635], [16.880198333333333, 78.6635655], [16.88019166666667, 78.66356766666667], [16.88018483333333, 78.66356966666667], [16.880178333333333, 78.66357166666667], [16.88017166666667, 78.66357383333334], [16.880165166666664, 78.66357583333334], [16.880158666666667, 78.66357766666667], [16.880152333333335, 78.66357966666666], [16.880146833333335, 78.66358133333333], [16.880141666666667, 78.66358283333334], [16.880136999999998, 78.66358433333333], [16.880132333333332, 78.66358583333334], [16.880127833333333, 78.663587], [16.88012366666667, 78.66358816666666], [16.88011983333333, 78.66358933333332], [16.880116166666667, 78.66359033333333], [16.8801125, 78.6635915], [16.880109, 78.66359233333333], [16.88010566666667, 78.66359316666667], [16.880102333333333, 78.66359416666666], [16.880099166666664, 78.663595], [16.880095999999998, 78.66359600000001], [16.880093, 78.66359683333333], [16.880090166666665, 78.6635975], [16.880087333333332, 78.66359833333333], [16.88008466666667, 78.663599], [16.880082166666668, 78.66359966666667], [16.8800795, 78.66360033333333], [16.880077000000004, 78.663601], [16.8800745, 78.66360166666666], [16.880072, 78.66360233333333], [16.8800695, 78.663603], [16.880067166666667, 78.6636035], [16.880064666666666, 78.66360416666666], [16.880062333333335, 78.66360466666667], [16.880060166666667, 78.66360516666667], [16.880058000000002, 78.66360583333334], [16.880055666666667, 78.66360633333333], [16.8800535, 78.66360683333333], [16.880051166666664, 78.66360733333333], [16.880049166666666, 78.66360783333333], [16.880047333333334, 78.66360833333333], [16.880045166666665, 78.66360866666668], [16.880043333333333, 78.66360916666666], [16.880041333333335, 78.66360966666666], [16.880039333333333, 78.66361], [16.8800375, 78.6636105], [16.880035666666668, 78.66361083333332], [16.880033833333336, 78.66361133333334], [16.88003216666667, 78.66361166666667], [16.8800305, 78.66361216666665], [16.88002883333333, 78.6636125], [16.880027166666665, 78.663613], [16.8800255, 78.66361333333333], [16.880023666666666, 78.66361383333333], [16.880022166666667, 78.66361416666668], [16.880020666666667, 78.66361466666667], [16.880019166666667, 78.663615], [16.880017666666667, 78.66361533333334], [16.880016, 78.66361566666666], [16.8800145, 78.663616], [16.880013, 78.6636165], [16.880011333333336, 78.66361683333334], [16.88000966666667, 78.66361716666667], [16.880008, 78.66361733333333], [16.880005999999998, 78.66361766666667], [16.880004333333332, 78.663618], [16.880002833333332, 78.66361816666667], [16.8800015, 78.6636185], [16.879999833333333, 78.66361883333335], [16.879998166666667, 78.66361916666666], [16.8799965, 78.66361950000001], [16.87999466666667, 78.66361966666666], [16.879993333333335, 78.66362000000001], [16.879991833333335, 78.6636205], [16.879990000000003, 78.66362083333334], [16.879988166666667, 78.66362116666666], [16.87998633333333, 78.6636215], [16.8799845, 78.66362183333334], [16.879982833333333, 78.66362216666667], [16.879981166666667, 78.66362266666667], [16.8799795, 78.663623], [16.879977666666665, 78.66362333333333], [16.879976, 78.66362366666667], [16.879974333333333, 78.663624], [16.879973, 78.6636245], [16.879971666666666, 78.66362466666666], [16.879970166666666, 78.663625], [16.8799685, 78.66362533333333], [16.879967, 78.66362550000001], [16.879965333333335, 78.66362583333333], [16.879963999999998, 78.66362616666667], [16.879962666666664, 78.66362649999999], [16.879961166666664, 78.66362683333334], [16.879959666666664, 78.66362699999999], [16.879958, 78.66362733333334], [16.8799565, 78.6636275], [16.879955, 78.66362783333334], [16.879953666666665, 78.66362816666667], [16.879952166666666, 78.66362833333332], [16.879950666666666, 78.66362866666667], [16.879949166666666, 78.66362883333333], [16.879947666666666, 78.66362916666667], [16.879946166666667, 78.66362933333333], [16.879945000000003, 78.66362966666667], [16.879943500000003, 78.66363], [16.879942000000003, 78.66363016666666], [16.87994033333333, 78.66363033333333], [16.879938666666664, 78.66363066666666], [16.8799375, 78.66363083333334], [16.879936166666667, 78.66363116666666], [16.879934833333333, 78.66363133333333], [16.879933333333334, 78.66363150000001], [16.879932, 78.66363183333333], [16.8799305, 78.663632], [16.879929333333333, 78.66363233333333], [16.879928, 78.66363249999999], [16.879926833333332, 78.66363283333334], [16.879925500000002, 78.66363299999999], [16.87992416666667, 78.66363333333334], [16.879922833333335, 78.6636335], [16.879921833333334, 78.66363383333334], [16.8799205, 78.663634], [16.879919166666664, 78.66363433333332], [16.879917666666664, 78.6636345], [16.87991633333333, 78.66363466666667], [16.879915, 78.66363500000001], [16.879914, 78.66363516666667], [16.879912833333332, 78.6636355], [16.8799115, 78.66363566666668], [16.879910166666665, 78.663636], [16.87990883333333, 78.66363616666666], [16.8799075, 78.6636365], [16.879906333333334, 78.66363666666666], [16.879905, 78.66363700000001], [16.879903833333334, 78.66363716666666], [16.8799025, 78.66363733333333], [16.879901166666667, 78.66363750000001], [16.879900000000003, 78.66363783333333], [16.879898833333336, 78.663638], [16.87989766666667, 78.66363833333334], [16.87989633333333, 78.66363849999999], [16.879894999999998, 78.66363883333334], [16.879893499999998, 78.663639], [16.87989233333333, 78.66363933333334], [16.879891, 78.6636395], [16.879889666666667, 78.66363983333333], [16.879888333333334, 78.66364], [16.879887, 78.66364016666667], [16.879885666666667, 78.6636405], [16.879884333333333, 78.66364066666667], [16.879883, 78.66364100000001], [16.879881666666666, 78.66364116666666], [16.879880333333332, 78.66364133333333], [16.879879333333335, 78.6636415], [16.879878333333334, 78.66364183333333], [16.879877166666667, 78.66364216666666], [16.879875833333333, 78.6636425], [16.879874833333336, 78.66364283333334], [16.87987383333333, 78.66364333333333], [16.87987283333333, 78.66364366666667], [16.879871833333333, 78.66364416666667], [16.87987083333333, 78.66364449999999], [16.87987, 78.66364483333334], [16.879869166666666, 78.66364533333333], [16.879868166666665, 78.66364566666667], [16.879867, 78.663646], [16.879865666666667, 78.6636465], [16.879864166666668, 78.66364700000001], [16.8798625, 78.6636475], [16.879860833333332, 78.663648], [16.879858833333333, 78.6636485], [16.87985666666667, 78.663649], [16.879854333333334, 78.66364966666667], [16.879852333333336, 78.66365016666667], [16.87984983333333, 78.66365066666667], [16.879847166666664, 78.66365133333333], [16.879844666666667, 78.66365183333333], [16.879842166666666, 78.6636525], [16.8798395, 78.66365300000001], [16.879837000000002, 78.6636535], [16.879834666666667, 78.66365416666666], [16.879832333333333, 78.66365466666666], [16.879830000000002, 78.66365516666666], [16.87982783333333, 78.66365566666667], [16.8798255, 78.66365616666667], [16.87982333333333, 78.66365666666667], [16.879821333333332, 78.66365716666665], [16.879819166666667, 78.6636575], [16.879816833333333, 78.66365783333335], [16.879814666666668, 78.66365833333333], [16.879812666666666, 78.66365866666666], [16.879810833333334, 78.66365900000001], [16.879809, 78.6636595], [16.87980716666667, 78.66365983333334], [16.8798055, 78.66366016666666], [16.879803833333334, 78.66366066666666], [16.879802333333334, 78.663661], [16.879801166666667, 78.66366133333332], [16.879799666666667, 78.66366166666667], [16.879798166666667, 78.663662], [16.8797965, 78.66366233333333], [16.879795, 78.66366283333333], [16.879793333333335, 78.66366316666667], [16.879791833333336, 78.6636635], [16.879790166666666, 78.66366383333335], [16.879788333333334, 78.66366416666666], [16.879786666666668, 78.66366450000001], [16.879785333333334, 78.66366483333333], [16.87978383333333, 78.66366516666668], [16.879782666666664, 78.6636655], [16.879780999999998, 78.66366583333334], [16.87977933333333, 78.66366599999999], [16.879777666666666, 78.66366633333334], [16.879776166666666, 78.66366666666666], [16.879774666666666, 78.663667], [16.879773166666666, 78.66366716666667], [16.8797715, 78.6636675], [16.87977, 78.66366783333334], [16.8797685, 78.663668], [16.879767, 78.66366833333333], [16.8797655, 78.66366866666667], [16.879763833333335, 78.66366883333333], [16.879762500000002, 78.66366916666666], [16.87976133333333, 78.66366933333333], [16.87975983333333, 78.66366966666666], [16.879758499999998, 78.66367], [16.879756999999998, 78.66367016666666], [16.879755499999998, 78.66367050000001], [16.879754166666665, 78.66367066666666], [16.879752833333335, 78.66367100000001], [16.879751666666667, 78.66367116666667], [16.879750166666668, 78.66367133333333], [16.879748833333334, 78.66367166666667], [16.8797475, 78.66367183333334], [16.879746333333333, 78.66367199999999], [16.879745166666666, 78.66367233333334], [16.879743833333336, 78.6636725], [16.879742333333336, 78.66367283333334], [16.879740833333337, 78.663673], [16.879739500000003, 78.66367316666667], [16.879738333333332, 78.66367333333332], [16.879737, 78.66367366666667], [16.8797355, 78.66367383333333], [16.879734166666665, 78.663674], [16.879732999999998, 78.66367433333333], [16.879731833333334, 78.6636745], [16.879730666666667, 78.66367466666667], [16.879729166666667, 78.66367483333333], [16.879728, 78.663675], [16.879726833333333, 78.66367533333333], [16.879725666666666, 78.6636755], [16.879724500000002, 78.66367566666666], [16.879723333333335, 78.66367583333334], [16.879722166666667, 78.663676], [16.879720833333334, 78.66367616666666], [16.879719666666666, 78.66367633333333], [16.879718500000003, 78.66367650000001], [16.879717333333335, 78.66367666666666], [16.879716166666665, 78.66367683333333], [16.879714999999997, 78.663677], [16.879713666666664, 78.66367733333333], [16.879712333333334, 78.66367749999999], [16.879711166666667, 78.66367766666667], [16.87971, 78.66367783333334], [16.879708833333332, 78.66367783333334], [16.879707833333335, 78.66367799999999], [16.879706666666667, 78.66367816666666], [16.879705333333334, 78.66367833333334], [16.879704166666667, 78.66367833333334], [16.879703166666665, 78.6636785], [16.879702, 78.66367866666666], [16.879701, 78.66367883333334], [16.879699833333333, 78.663679], [16.8796985, 78.66367916666667], [16.879697333333336, 78.66367933333332], [16.87969616666667, 78.66367933333332], [16.879695333333334, 78.6636795], [16.879694166666663, 78.66367966666667], [16.879693166666666, 78.66367966666667], [16.879692, 78.66367983333333], [16.87969083333333, 78.66368000000001], [16.879689833333334, 78.66368000000001], [16.879689, 78.66368016666667], [16.879688333333334, 78.66368033333333], [16.8796875, 78.6636805], [16.8796865, 78.66368066666668], [16.8796855, 78.66368066666668], [16.8796845, 78.663681], [16.879683833333335, 78.663681], [16.879683166666666, 78.66368116666666], [16.879682333333335, 78.66368133333334], [16.879681333333334, 78.6636815], [16.8796805, 78.66368166666666], [16.879679333333335, 78.66368166666666], [16.879678333333334, 78.66368183333334], [16.879677666666666, 78.66368200000001], [16.87967666666667, 78.66368216666666], [16.879676, 78.66368216666666], [16.879675000000002, 78.66368233333333], [16.879674, 78.66368250000001], [16.879673, 78.66368266666667], [16.879672333333335, 78.66368283333333], [16.879671666666663, 78.663683], [16.879670666666666, 78.66368316666667], [16.879669666666665, 78.66368333333334], [16.879668666666664, 78.66368349999999], [16.879668, 78.66368366666667], [16.879667333333334, 78.66368383333334], [16.879666666666665, 78.663684], [16.879665666666664, 78.66368416666666], [16.879664833333333, 78.66368433333334], [16.879664, 78.66368433333334], [16.879662833333335, 78.6636845], [16.879661833333333, 78.66368466666667], [16.879660833333332, 78.66368483333333], [16.879659833333335, 78.663685], [16.879658833333334, 78.663685], [16.879658, 78.66368516666667], [16.879657, 78.66368533333333], [16.879656, 78.66368533333333], [16.879655166666666, 78.6636855], [16.879654333333335, 78.66368566666667], [16.879653166666667, 78.66368583333333], [16.879652333333336, 78.66368600000001], [16.879651333333335, 78.66368616666666], [16.879650333333334, 78.66368616666666], [16.879649500000003, 78.66368633333333], [16.879648666666665, 78.6636865], [16.879647833333333, 78.6636865], [16.879647166666665, 78.66368666666668], [16.879646333333334, 78.66368683333333], [16.879645333333333, 78.66368683333333], [16.879644499999998, 78.663687], [16.879643833333333, 78.663687], [16.879642999999998, 78.66368716666666], [16.879642166666667, 78.66368716666666], [16.879641333333332, 78.66368733333334], [16.8796405, 78.6636875], [16.8796395, 78.6636875], [16.879638666666665, 78.66368766666666], [16.879637666666667, 78.66368766666666], [16.879636666666666, 78.66368783333334], [16.879635833333335, 78.66368783333334], [16.879634833333334, 78.66368800000001], [16.879634, 78.66368800000001], [16.879633166666668, 78.66368816666666], [16.879632333333333, 78.66368816666666], [16.879631333333336, 78.66368833333333], [16.8796305, 78.66368833333333], [16.879629666666666, 78.6636885], [16.879628833333335, 78.6636885], [16.879628, 78.66368866666667], [16.879627000000003, 78.66368866666667], [16.879626166666664, 78.66368883333332], [16.879625166666663, 78.66368883333332], [16.879624166666666, 78.663689], [16.879623166666665, 78.66368916666667], [16.879622166666664, 78.66368916666667], [16.879621166666666, 78.66368933333334], [16.87962033333333, 78.66368933333334], [16.879619166666664, 78.66368949999999], [16.879618333333333, 78.66368966666667], [16.879617333333332, 78.66368966666667], [16.879616333333335, 78.66368983333334], [16.879615333333334, 78.66368983333334], [16.879614166666666, 78.66369], [16.879613166666665, 78.66369], [16.879612333333334, 78.66369], [16.879611666666666, 78.66369016666665], [16.879610666666668, 78.66369016666665], [16.879609666666667, 78.66369016666665], [16.8796085, 78.66369033333334], [16.879607333333336, 78.66369033333334], [16.8796065, 78.6636905], [16.879605666666667, 78.6636905], [16.87960466666667, 78.6636905], [16.879603666666664, 78.66369066666667], [16.879602666666663, 78.66369066666667], [16.8796015, 78.66369066666667], [16.8796005, 78.66369083333333], [16.879599666666664, 78.66369083333333], [16.8795985, 78.663691], [16.879597666666665, 78.663691], [16.879596833333334, 78.663691], [16.879596499999998, 78.66369133333333], [16.879596333333332, 78.6636915], [16.879596833333334, 78.66369200000001], [16.879596, 78.66369200000001], [16.879596, 78.66369233333333], [16.879596833333334, 78.66369266666668], [16.879598666666666, 78.663693], [16.87960083333333, 78.66369316666666], [16.879603, 78.66369333333334], [16.879605166666668, 78.6636935], [16.879607333333336, 78.6636935], [16.879609333333335, 78.6636935], [16.879611, 78.6636935], [16.879612333333334, 78.6636935], [16.879614333333333, 78.66369366666666], [16.8796165, 78.6636935], [16.879618666666666, 78.6636935], [16.879620499999998, 78.6636935], [16.8796225, 78.66369333333334], [16.879624333333332, 78.66369333333334], [16.879626499999997, 78.66369316666666], [16.879628333333336, 78.66369283333333], [16.879629833333336, 78.6636925], [16.87963166666667, 78.66369233333333], [16.879632833333336, 78.66369200000001], [16.879634, 78.6636915], [16.879634666666668, 78.663691], [16.879635333333333, 78.6636905], [16.879636, 78.66369], [16.879636666666666, 78.66368933333334], [16.879637166666665, 78.66368883333332], [16.879637666666667, 78.66368816666666], [16.879638166666666, 78.66368766666666], [16.879638666666665, 78.663687], [16.879639333333333, 78.6636865], [16.879640166666665, 78.66368600000001], [16.879641166666666, 78.66368566666667], [16.879642666666665, 78.66368516666667], [16.879644166666665, 78.663685], [16.8796455, 78.66368466666667], [16.879647166666665, 78.6636845], [16.879649166666663, 78.66368416666666], [16.87965116666667, 78.663684], [16.879653166666667, 78.66368383333334], [16.879655166666666, 78.66368366666667], [16.879657, 78.66368349999999], [16.879659, 78.66368349999999], [16.879660833333332, 78.66368333333334], [16.879662833333335, 78.66368333333334], [16.8796645, 78.66368316666667], [16.879666, 78.663683], [16.879667666666666, 78.66368283333333], [16.879669333333332, 78.66368266666667], [16.879670833333332, 78.66368250000001], [16.8796725, 78.66368233333333], [16.879674333333334, 78.66368233333333], [16.879675666666667, 78.66368216666666], [16.879677, 78.66368200000001], [16.8796785, 78.66368200000001], [16.879679666666668, 78.66368183333334], [16.879681166666668, 78.66368183333334], [16.8796825, 78.66368166666666], [16.879684, 78.6636815], [16.879685166666665, 78.66368133333334], [16.8796865, 78.66368133333334], [16.879687833333332, 78.66368116666666], [16.87968933333333, 78.663681], [16.879690333333333, 78.66368083333333], [16.8796915, 78.66368083333333], [16.879692499999997, 78.66368066666668], [16.8796935, 78.6636805], [16.87969466666667, 78.66368033333333], [16.879695833333336, 78.66368033333333], [16.879696833333334, 78.66368016666667], [16.87969766666667, 78.66368000000001], [16.8796985, 78.66368000000001], [16.87969916666667, 78.66367983333333], [16.879699833333333, 78.66367983333333], [16.879700500000002, 78.66367966666667], [16.879701, 78.66367966666667], [16.879701666666666, 78.66367966666667], [16.8797025, 78.6636795], [16.879703166666665, 78.6636795], [16.8797035, 78.6636795], [16.879704166666667, 78.66367933333332], [16.879704833333335, 78.66367933333332], [16.8797055, 78.66367916666667], [16.879705833333333, 78.66367916666667], [16.8797065, 78.66367916666667], [16.879707166666666, 78.66367916666667], [16.879707666666665, 78.663679], [16.879708333333333, 78.663679], [16.879708666666666, 78.663679], [16.879709, 78.663679], [16.8797095, 78.663679], [16.879709833333333, 78.663679], [16.879710166666666, 78.663679], [16.879710666666664, 78.66367883333334], [16.879711, 78.66367883333334], [16.8797115, 78.66367883333334], [16.87971183333333, 78.66367883333334], [16.879712333333334, 78.66367883333334], [16.8797125, 78.66367883333334], [16.879712833333333, 78.663679], [16.87971333333333, 78.663679], [16.879713499999998, 78.663679], [16.879713666666664, 78.663679], [16.879713833333334, 78.66367916666667], [16.879713833333334, 78.66367916666667], [16.879713833333334, 78.66367916666667], [16.879714, 78.66367916666667], [16.879714, 78.66367933333332], [16.879713833333334, 78.66367933333332], [16.879713833333334, 78.66367933333332], [16.879714, 78.66367933333332], [16.879713833333334, 78.66367933333332], [16.879713833333334, 78.66367933333332], [16.879713833333334, 78.6636795], [16.879714, 78.6636795], [16.879714166666666, 78.6636795], [16.879714166666666, 78.6636795], [16.879714333333332, 78.66367966666667], [16.879714, 78.66367966666667], [16.879714, 78.66367966666667], [16.879713833333334, 78.66367966666667], [16.879713833333334, 78.66367966666667], [16.879713666666664, 78.66367983333333], [16.879713499999998, 78.66367983333333], [16.879713499999998, 78.66367983333333], [16.87971333333333, 78.66367983333333], [16.879713166666665, 78.66367983333333], [16.87971333333333, 78.66368000000001], [16.87971333333333, 78.66368000000001], [16.879713, 78.66368000000001], [16.879713166666665, 78.66368000000001], [16.879713, 78.66368000000001], [16.879713, 78.66368000000001], [16.879712833333333, 78.66368000000001], [16.879712833333333, 78.66368000000001], [16.8797125, 78.66368000000001], [16.879712333333334, 78.66368000000001], [16.879712166666664, 78.66368000000001], [16.879712166666664, 78.66368000000001], [16.879711999999998, 78.66368000000001], [16.87971183333333, 78.66368000000001], [16.87971183333333, 78.66368000000001], [16.879711666666665, 78.66368000000001], [16.8797115, 78.66368016666667], [16.879711333333333, 78.66368016666667], [16.879711166666667, 78.66368016666667], [16.879710833333334, 78.66368016666667], [16.879710833333334, 78.66368016666667], [16.879710499999998, 78.66368016666667], [16.879710333333332, 78.66368016666667], [16.879710166666666, 78.66368016666667], [16.87971, 78.66368016666667], [16.879709833333333, 78.66368016666667], [16.8797095, 78.66368016666667], [16.879709333333334, 78.66368016666667], [16.879709333333334, 78.66368016666667], [16.879709333333334, 78.66368016666667], [16.879709166666665, 78.66368016666667], [16.879708833333332, 78.66368033333333], [16.879708833333332, 78.66368033333333], [16.879708666666666, 78.66368033333333], [16.879708333333333, 78.66368033333333], [16.879708166666667, 78.66368016666667], [16.879707833333335, 78.66368033333333], [16.879707666666665, 78.66368033333333], [16.879707666666665, 78.66368033333333], [16.879707333333332, 78.66368033333333], [16.879707166666666, 78.66368033333333], [16.879707166666666, 78.66368033333333], [16.879707, 78.66368033333333], [16.879706666666667, 78.66368033333333], [16.8797065, 78.66368033333333], [16.879706333333335, 78.66368033333333], [16.879706166666665, 78.66368033333333], [16.8797055, 78.66368033333333], [16.879705, 78.66368033333333], [16.879704666666665, 78.66368033333333], [16.879704166666667, 78.66368033333333], [16.879703833333334, 78.66368033333333], [16.879703166666665, 78.6636805], [16.879702666666667, 78.6636805], [16.879702, 78.6636805], [16.879701666666666, 78.6636805], [16.879701166666667, 78.6636805], [16.879700833333334, 78.6636805], [16.879700500000002, 78.6636805], [16.879700166666666, 78.6636805], [16.879699833333333, 78.6636805], [16.879699333333335, 78.6636805], [16.879698833333336, 78.6636805], [16.879698666666666, 78.6636805], [16.879698166666667, 78.6636805], [16.87969766666667, 78.6636805], [16.879697333333336, 78.6636805], [16.879696833333334, 78.66368033333333], [16.879696333333335, 78.66368033333333], [16.879695833333336, 78.66368033333333], [16.8796955, 78.66368033333333], [16.879695, 78.66368033333333], [16.87969466666667, 78.66368033333333], [16.879694333333337, 78.66368033333333], [16.879693999999997, 78.66368033333333], [16.8796935, 78.66368033333333], [16.879693333333332, 78.66368033333333], [16.879693, 78.66368033333333], [16.879692499999997, 78.66368033333333], [16.879692166666665, 78.66368033333333], [16.879691666666666, 78.66368033333333], [16.8796915, 78.66368033333333], [16.879690999999998, 78.66368033333333], [16.879690666666665, 78.6636805], [16.8796905, 78.6636805], [16.87969, 78.6636805], [16.879689666666664, 78.66368033333333], [16.879689499999998, 78.6636805], [16.87968933333333, 78.6636805], [16.87968933333333, 78.6636805], [16.879689166666665, 78.6636805], [16.879689, 78.6636805], [16.879688833333333, 78.6636805], [16.879688833333333, 78.6636805], [16.879688833333333, 78.6636805], [16.879688666666667, 78.6636805], [16.8796885, 78.66368066666668], [16.879688333333334, 78.66368066666668], [16.879688166666664, 78.66368066666668], [16.879688166666664, 78.66368083333333], [16.879687999999998, 78.66368083333333], [16.879687999999998, 78.66368083333333], [16.879687833333332, 78.663681], [16.879687666666666, 78.663681], [16.879687666666666, 78.663681], [16.8796875, 78.66368116666666], [16.879687333333333, 78.66368116666666], [16.879687166666667, 78.66368116666666], [16.879687166666667, 78.66368116666666], [16.879687, 78.66368133333334], [16.879687, 78.66368133333334], [16.879686833333334, 78.66368133333334], [16.879686666666665, 78.66368133333334], [16.8796865, 78.6636815], [16.879686166666666, 78.6636815], [16.879686166666666, 78.66368166666666], [16.879686333333332, 78.66368166666666], [16.879686166666666, 78.66368166666666], [16.879686166666666, 78.66368183333334], [16.879686, 78.66368166666666], [16.879685833333333, 78.66368183333334], [16.879685666666667, 78.66368183333334], [16.8796855, 78.66368183333334], [16.8796855, 78.66368183333334], [16.8796855, 78.66368200000001], [16.8796855, 78.66368200000001], [16.8796855, 78.66368200000001], [16.879685666666667, 78.66368216666666], [16.879685666666667, 78.66368216666666], [16.879685666666667, 78.66368216666666], [16.879685666666667, 78.66368216666666], [16.879685666666667, 78.66368233333333], [16.879685833333333, 78.66368233333333], [16.879686, 78.66368233333333], [16.879686, 78.66368233333333], [16.879686, 78.66368250000001], [16.879685833333333, 78.66368266666667], [16.879685666666667, 78.66368266666667], [16.879685666666667, 78.66368283333333], [16.879685333333335, 78.66368283333333], [16.879685, 78.663683], [16.879684666666666, 78.66368316666667], [16.8796845, 78.66368316666667], [16.879684333333334, 78.66368333333334], [16.879684, 78.66368333333334], [16.879683833333335, 78.66368349999999], [16.879683333333332, 78.66368349999999], [16.879683, 78.66368366666667], [16.879682666666668, 78.66368383333334], [16.8796825, 78.66368383333334], [16.879682166666665, 78.663684], [16.879682, 78.663684], [16.879681833333333, 78.663684], [16.8796815, 78.66368416666666], [16.879681166666668, 78.66368433333334], [16.879681, 78.66368433333334], [16.879680666666665, 78.6636845], [16.879680333333333, 78.6636845], [16.879679833333334, 78.66368466666667], [16.879679333333335, 78.66368483333333], [16.879679166666666, 78.66368483333333], [16.879679, 78.66368483333333], [16.879679, 78.66368483333333], [16.879678666666667, 78.663685], [16.8796785, 78.663685], [16.8796785, 78.663685], [16.879678333333334, 78.66368516666667], [16.879678333333334, 78.66368516666667], [16.879678166666668, 78.66368516666667], [16.879678000000002, 78.66368533333333], [16.879677833333336, 78.66368533333333], [16.8796775, 78.66368533333333], [16.879677166666667, 78.6636855], [16.879677, 78.6636855], [16.879676500000002, 78.6636855], [16.879676166666666, 78.6636855], [16.879675666666667, 78.66368566666667], [16.87967516666667, 78.66368566666667], [16.8796745, 78.66368566666667], [16.879674, 78.66368583333333], [16.87967366666667, 78.66368583333333], [16.879673166666667, 78.66368583333333], [16.879672833333334, 78.66368600000001], [16.879672333333335, 78.66368600000001], [16.879671833333337, 78.66368616666666], [16.87967133333333, 78.66368616666666], [16.879671, 78.66368616666666], [16.879670333333333, 78.66368633333333], [16.87966983333333, 78.66368633333333], [16.879669, 78.6636865], [16.879668499999998, 78.6636865], [16.879668, 78.6636865], [16.879667333333334, 78.6636865], [16.87966683333333, 78.6636865], [16.879666166666667, 78.6636865], [16.879665666666664, 78.6636865], [16.879665166666665, 78.6636865], [16.879664666666667, 78.6636865], [16.879664166666664, 78.6636865], [16.879663666666666, 78.6636865], [16.879663166666667, 78.6636865], [16.879662333333332, 78.6636865], [16.879661666666667, 78.6636865], [16.879661166666665, 78.6636865], [16.879660666666666, 78.6636865], [16.87966, 78.6636865], [16.8796595, 78.66368666666668], [16.879658666666668, 78.66368666666668], [16.879658, 78.66368683333333], [16.879657333333334, 78.66368683333333], [16.879656833333335, 78.66368683333333], [16.879656166666667, 78.663687], [16.879655666666668, 78.663687], [16.879655166666666, 78.66368716666666], [16.8796545, 78.66368716666666], [16.87965416666667, 78.66368716666666], [16.8796535, 78.66368716666666], [16.879653, 78.66368716666666], [16.879652166666666, 78.66368716666666], [16.879651666666668, 78.66368716666666], [16.879651000000003, 78.66368733333334], [16.879650333333334, 78.66368733333334], [16.879649500000003, 78.66368733333334], [16.879648999999997, 78.66368733333334], [16.879648333333332, 78.66368733333334], [16.879647833333333, 78.6636875], [16.879647, 78.6636875], [16.8796465, 78.6636875], [16.87964583333333, 78.66368766666666], [16.879645333333333, 78.66368766666666], [16.879644833333334, 78.66368766666666], [16.879644166666665, 78.66368783333334], [16.879643333333334, 78.66368783333334], [16.879642666666665, 78.66368783333334], [16.879641833333334, 78.66368800000001], [16.879641, 78.66368800000001], [16.879640333333334, 78.66368800000001], [16.8796395, 78.66368800000001], [16.879638833333335, 78.66368800000001], [16.879638166666666, 78.66368800000001], [16.879637666666667, 78.66368800000001], [16.879637166666665, 78.66368800000001], [16.879636666666666, 78.66368800000001], [16.879636166666668, 78.66368816666666], [16.8796355, 78.66368816666666], [16.879634833333334, 78.66368816666666], [16.879634333333335, 78.66368816666666], [16.879633666666667, 78.66368816666666], [16.879633166666668, 78.66368833333333], [16.8796325, 78.66368833333333], [16.879631833333335, 78.66368833333333], [16.879631, 78.66368833333333], [16.879630333333335, 78.66368833333333], [16.8796295, 78.66368833333333], [16.87962866666667, 78.6636885], [16.879628, 78.6636885], [16.879627333333335, 78.66368866666667], [16.879627000000003, 78.66368866666667], [16.879626499999997, 78.66368883333332], [16.879625833333332, 78.66368883333332], [16.879625333333333, 78.663689], [16.87962483333333, 78.66368916666667], [16.8796245, 78.66368916666667], [16.879624333333332, 78.66368933333334], [16.879623833333333, 78.66368933333334], [16.87962333333333, 78.66368949999999], [16.879622666666666, 78.66368949999999], [16.879621999999998, 78.66368966666667], [16.8796215, 78.66368966666667], [16.879620833333334, 78.66368966666667], [16.879620166666665, 78.66368966666667], [16.879619333333334, 78.66368983333334], [16.8796185, 78.66368983333334], [16.879617833333334, 78.66368983333334], [16.879617, 78.66369], [16.879616166666665, 78.66369], [16.8796155, 78.66369016666665], [16.879614833333335, 78.66369016666665], [16.879614, 78.66369016666665], [16.879613166666665, 78.66369033333334], [16.879612333333334, 78.66369033333334], [16.8796115, 78.66369033333334], [16.879610833333334, 78.6636905], [16.87961, 78.6636905], [16.879609333333335, 78.66369066666667], [16.8796085, 78.66369066666667], [16.879607833333335, 78.66369066666667], [16.879607, 78.66369083333333], [16.87960616666667, 78.66369083333333], [16.8796055, 78.66369083333333], [16.879605, 78.66369083333333], [16.879604333333337, 78.663691], [16.879603666666664, 78.663691], [16.879603166666666, 78.663691], [16.879602833333333, 78.66369116666667], [16.879602833333333, 78.663691], [16.879603333333332, 78.663691], [16.87960466666667, 78.66369083333333], [16.8796065, 78.66369083333333], [16.879608666666666, 78.6636905], [16.879610666666668, 78.66369033333334], [16.879612333333334, 78.66368983333334], [16.879613166666665, 78.66368949999999], [16.879613666666668, 78.663689], [16.879614, 78.66368866666667], [16.879614, 78.6636885], [16.879613833333334, 78.66368816666666], [16.879613833333334, 78.66368783333334], [16.879613833333334, 78.6636875], [16.879613833333334, 78.663687], [16.8796135, 78.66368666666668], [16.879613166666665, 78.66368633333333], [16.879612833333333, 78.66368600000001], [16.8796125, 78.66368583333333], [16.879612166666668, 78.66368566666667], [16.879612, 78.6636855], [16.879612166666668, 78.6636855], [16.879612833333333, 78.6636855], [16.879614166666666, 78.66368566666667], [16.879615833333332, 78.66368583333333], [16.879617333333332, 78.66368616666666], [16.879619166666664, 78.66368633333333], [16.879620833333334, 78.66368633333333], [16.8796225, 78.6636865], [16.879624, 78.66368666666668], [16.879625333333333, 78.66368666666668], [16.879626666666663, 78.66368683333333], [16.879627833333334, 78.66368683333333], [16.879629, 78.66368683333333], [16.87963016666667, 78.66368683333333], [16.879631333333336, 78.663687], [16.879633000000002, 78.663687], [16.879634666666668, 78.66368683333333], [16.879636666666666, 78.66368666666668], [16.879638666666665, 78.6636865], [16.879640666666667, 78.66368633333333], [16.879642666666665, 78.66368616666666], [16.879644666666664, 78.66368600000001], [16.879646833333332, 78.66368583333333], [16.879648666666665, 78.66368566666667], [16.879650666666667, 78.6636855], [16.879652833333335, 78.66368533333333], [16.879654833333333, 78.663685], [16.879656833333335, 78.66368483333333], [16.879658333333335, 78.66368466666667], [16.879660166666667, 78.6636845], [16.879662, 78.66368433333334], [16.879663833333332, 78.66368416666666], [16.879665666666664, 78.66368383333334], [16.879667166666664, 78.66368366666667], [16.879668833333334, 78.66368349999999], [16.879670166666664, 78.66368333333334], [16.87967133333333, 78.66368316666667], [16.879672833333334, 78.663683], [16.879674, 78.66368283333333], [16.87967516666667, 78.66368266666667], [16.87967666666667, 78.66368250000001], [16.879677833333336, 78.66368233333333], [16.879679166666666, 78.66368216666666], [16.879680166666667, 78.66368200000001], [16.879681333333334, 78.66368183333334], [16.8796825, 78.66368166666666], [16.8796835, 78.6636815], [16.879684666666666, 78.66368133333334], [16.879685666666667, 78.66368133333334], [16.8796865, 78.66368116666666], [16.879687333333333, 78.663681], [16.879688333333334, 78.663681], [16.87968933333333, 78.663681], [16.879690166666666, 78.66368083333333], [16.879690999999998, 78.66368083333333], [16.879691833333332, 78.66368083333333], [16.879692833333333, 78.66368066666668], [16.8796935, 78.66368066666668], [16.879694333333337, 78.66368066666668], [16.879695, 78.6636805], [16.8796955, 78.6636805], [16.879696333333335, 78.6636805], [16.879697, 78.66368033333333], [16.879698, 78.66368033333333], [16.879698833333336, 78.66368033333333], [16.879699666666667, 78.66368016666667], [16.879700166666666, 78.66368016666667], [16.879700833333334, 78.66368000000001], [16.8797015, 78.66368000000001], [16.879702, 78.66368000000001], [16.879702666666667, 78.66367983333333], [16.879703333333335, 78.66367983333333], [16.879704, 78.66367983333333], [16.879704666666665, 78.66367966666667], [16.879705166666668, 78.66367966666667], [16.8797055, 78.66367966666667], [16.879706, 78.6636795], [16.879706666666667, 78.6636795], [16.879706833333334, 78.6636795], [16.879707333333332, 78.66367933333332], [16.879707666666665, 78.66367933333332], [16.879708, 78.66367933333332], [16.8797085, 78.66367933333332], [16.879708833333332, 78.66367933333332], [16.879709333333334, 78.66367933333332], [16.879709666666667, 78.66367933333332], [16.87971, 78.66367933333332], [16.879710499999998, 78.66367933333332], [16.879710666666664, 78.66367916666667], [16.879711166666667, 78.66367916666667], [16.879711166666667, 78.66367916666667], [16.879711333333333, 78.66367916666667], [16.879711666666665, 78.66367916666667], [16.879711999999998, 78.66367916666667], [16.879712166666664, 78.66367916666667], [16.879712333333334, 78.66367916666667], [16.879712333333334, 78.663679], [16.879712333333334, 78.663679], [16.879712666666666, 78.663679], [16.879712833333333, 78.663679], [16.879713, 78.663679], [16.879713166666665, 78.663679], [16.87971333333333, 78.66367883333334], [16.879713833333334, 78.66367883333334], [16.879714, 78.66367883333334], [16.8797145, 78.66367883333334], [16.879714666666665, 78.66367883333334], [16.87971483333333, 78.66367883333334], [16.879714999999997, 78.66367883333334], [16.879715333333333, 78.66367866666666], [16.879715666666666, 78.66367866666666], [16.879716, 78.66367866666666], [16.879716166666665, 78.66367866666666], [16.879716499999997, 78.66367866666666], [16.879716833333337, 78.66367866666666], [16.87971716666667, 78.66367866666666], [16.879717333333335, 78.66367866666666], [16.8797175, 78.66367866666666], [16.879717833333334, 78.66367866666666], [16.879718166666667, 78.66367866666666], [16.879718333333336, 78.66367866666666], [16.87971866666667, 78.66367866666666], [16.879718833333335, 78.66367866666666], [16.879719166666668, 78.6636785], [16.879719333333334, 78.66367866666666], [16.879719666666666, 78.66367866666666], [16.879719666666666, 78.66367866666666], [16.8797195, 78.66367866666666], [16.879719666666666, 78.6636785], [16.879719833333336, 78.6636785], [16.879719833333336, 78.66367866666666], [16.879719833333336, 78.66367866666666], [16.879719833333336, 78.66367866666666], [16.879719833333336, 78.66367866666666], [16.879720000000002, 78.6636785], [16.879719833333336, 78.6636785], [16.87972016666667, 78.6636785], [16.879720333333335, 78.6636785], [16.879720000000002, 78.66367833333334], [16.879720000000002, 78.66367833333334], [16.879719833333336, 78.66367833333334], [16.879719666666666, 78.66367833333334], [16.879719666666666, 78.66367833333334], [16.879719666666666, 78.66367833333334], [16.8797195, 78.66367833333334], [16.879719333333334, 78.66367816666666], [16.879719333333334, 78.66367816666666], [16.8797195, 78.66367816666666], [16.8797195, 78.66367816666666], [16.879719166666668, 78.66367799999999], [16.879719, 78.66367799999999], [16.879718833333335, 78.66367799999999], [16.87971866666667, 78.66367799999999], [16.879718500000003, 78.66367799999999], [16.879718500000003, 78.66367783333334], [16.879718500000003, 78.66367783333334], [16.87971866666667, 78.66367783333334], [16.879718500000003, 78.66367783333334], [16.879718500000003, 78.66367783333334], [16.879718333333336, 78.66367783333334], [16.879718166666667, 78.66367766666667], [16.879718166666667, 78.66367766666667], [16.879718166666667, 78.66367766666667], [16.879718333333336, 78.66367766666667], [16.879718333333336, 78.66367749999999], [16.879718166666667, 78.66367749999999], [16.879718, 78.66367749999999], [16.879717666666668, 78.66367749999999], [16.8797175, 78.66367749999999], [16.8797175, 78.66367749999999], [16.8797175, 78.66367733333333], [16.879717333333335, 78.66367733333333], [16.879717333333335, 78.66367733333333], [16.879717000000003, 78.66367716666667], [16.879717000000003, 78.66367716666667], [16.879716666666663, 78.66367716666667], [16.879716666666663, 78.66367716666667], [16.879716499999997, 78.66367716666667], [16.879716499999997, 78.663677], [16.879716499999997, 78.663677], [16.879716499999997, 78.663677], [16.879716499999997, 78.66367683333333], [16.879716499999997, 78.66367683333333], [16.87971633333333, 78.66367683333333], [16.879716166666665, 78.66367666666666], [16.879716166666665, 78.66367666666666], [16.87971633333333, 78.66367650000001], [16.879716166666665, 78.66367650000001], [16.879716166666665, 78.66367633333333], [16.879716166666665, 78.66367633333333], [16.879716, 78.66367616666666], [16.879716166666665, 78.663676], [16.879715833333332, 78.663676], [16.879716166666665, 78.663676], [16.879716166666665, 78.66367583333334], [16.879716166666665, 78.66367583333334], [16.879715833333332, 78.66367566666666], [16.879715833333332, 78.66367566666666], [16.879715833333332, 78.6636755], [16.879715833333332, 78.66367533333333], [16.879715833333332, 78.66367533333333], [16.879716, 78.66367516666666], [16.879716, 78.66367516666666], [16.87971633333333, 78.66367516666666], [16.879716499999997, 78.663675], [16.879716666666663, 78.663675], [16.879716666666663, 78.66367483333333], [16.879716666666663, 78.66367483333333], [16.879716666666663, 78.66367466666667], [16.879716833333337, 78.66367466666667], [16.879717000000003, 78.66367466666667], [16.879717333333335, 78.6636745], [16.8797175, 78.6636745], [16.879717833333334, 78.66367433333333], [16.879717833333334, 78.66367433333333], [16.879718, 78.66367416666667], [16.879717833333334, 78.66367416666667], [16.879717833333334, 78.663674], [16.879717833333334, 78.663674], [16.879717833333334, 78.66367383333333], [16.879717833333334, 78.66367383333333], [16.879717833333334, 78.66367366666667], [16.879717833333334, 78.66367366666667], [16.879717666666668, 78.6636735], [16.8797175, 78.6636735], [16.8797175, 78.66367333333332], [16.879717333333335, 78.66367333333332], [16.87971716666667, 78.66367333333332], [16.879717000000003, 78.66367316666667], [16.879716833333337, 78.66367316666667], [16.879716666666663, 78.663673], [16.879716499999997, 78.66367283333334], [16.879716166666665, 78.66367283333334], [16.879715833333332, 78.66367266666666], [16.8797155, 78.6636725], [16.8797155, 78.6636725], [16.879715166666664, 78.66367233333334], [16.879715166666664, 78.66367233333334], [16.87971483333333, 78.66367216666666], [16.879714666666665, 78.66367216666666], [16.8797145, 78.66367199999999], [16.879714333333332, 78.66367199999999], [16.879714, 78.66367183333334], [16.879714, 78.66367183333334], [16.879713666666664, 78.66367166666667], [16.87971333333333, 78.66367149999999], [16.879713166666665, 78.66367149999999], [16.879713, 78.66367133333333], [16.879712666666666, 78.66367133333333], [16.879712333333334, 78.66367133333333], [16.879712166666664, 78.66367116666667], [16.87971183333333, 78.66367100000001], [16.8797115, 78.66367100000001], [16.879711166666667, 78.66367100000001], [16.879710833333334, 78.66367100000001], [16.879710666666664, 78.66367083333333], [16.879710333333332, 78.66367083333333], [16.87971, 78.66367066666666], [16.879709833333333, 78.66367066666666], [16.879709666666667, 78.66367050000001], [16.879709333333334, 78.66367050000001], [16.879709, 78.66367050000001], [16.879708666666666, 78.66367033333333], [16.879708666666666, 78.66367033333333], [16.879708333333333, 78.66367033333333], [16.879708166666667, 78.66367033333333], [16.879707666666665, 78.66367033333333], [16.8797075, 78.66367016666666], [16.879707333333332, 78.66367016666666], [16.879707166666666, 78.66367016666666], [16.879707, 78.66367016666666], [16.879706833333334, 78.66367016666666], [16.879706666666667, 78.66367016666666], [16.8797065, 78.66367016666666], [16.879706333333335, 78.66367016666666], [16.879706166666665, 78.66367], [16.879706166666665, 78.66367], [16.879706, 78.66367], [16.879705833333333, 78.66367], [16.8797055, 78.66367016666666], [16.879705333333334, 78.66367], [16.879705, 78.66367], [16.879704666666665, 78.66367], [16.879704333333333, 78.66367], [16.879704, 78.66367], [16.879703666666668, 78.66367], [16.879703333333335, 78.66367], [16.879703, 78.66367], [16.879702666666667, 78.66367], [16.879702333333334, 78.66367], [16.879702, 78.66366983333334], [16.879701833333336, 78.66366983333334], [16.8797015, 78.66366983333334], [16.879701, 78.66366983333334], [16.87970066666667, 78.66366983333334], [16.879700333333336, 78.66366983333334], [16.879699833333333, 78.66366983333334], [16.8796995, 78.66366983333334], [16.87969916666667, 78.66366983333334], [16.879698666666666, 78.66366983333334], [16.879698, 78.66366983333334], [16.879697500000002, 78.66366983333334], [16.879697, 78.66366983333334], [16.879696333333335, 78.66366966666666], [16.879695666666667, 78.66366966666666], [16.879695166666668, 78.66366966666666], [16.879694833333335, 78.66366966666666], [16.879694333333337, 78.66366966666666], [16.879693999999997, 78.66366966666666], [16.8796935, 78.66366966666666], [16.879693, 78.66366966666666], [16.879692499999997, 78.66366966666666], [16.879692166666665, 78.66366966666666], [16.8796915, 78.66366966666666], [16.879690999999998, 78.66366966666666], [16.8796905, 78.66366966666666], [16.87969, 78.66366966666666], [16.879689666666664, 78.66366983333334], [16.879689166666665, 78.66366983333334], [16.879688833333333, 78.66366983333334], [16.8796885, 78.66366966666666], [16.879688333333334, 78.66366966666666], [16.879687833333332, 78.66366966666666], [16.8796875, 78.66366966666666], [16.879687166666667, 78.66366966666666], [16.879686666666665, 78.66366966666666], [16.879686333333332, 78.66366966666666], [16.879686, 78.66366966666666], [16.879685666666667, 78.66366966666666], [16.879685166666665, 78.66366966666666], [16.879685, 78.66366966666666], [16.879684666666666, 78.66366966666666], [16.879684333333334, 78.66366966666666], [16.879684, 78.66366966666666], [16.879683666666665, 78.66366966666666], [16.8796835, 78.66366966666666], [16.879683, 78.66366966666666], [16.879682666666668, 78.66366966666666], [16.879682166666665, 78.66366966666666], [16.879681833333333, 78.66366966666666], [16.879681333333334, 78.66366966666666], [16.879680666666665, 78.6636695], [16.879680333333333, 78.6636695], [16.879679666666668, 78.6636695], [16.879679333333335, 78.6636695], [16.879679, 78.6636695], [16.879678666666667, 78.6636695], [16.879678333333334, 78.66366933333333], [16.879678000000002, 78.66366933333333], [16.879677666666666, 78.66366933333333], [16.879677166666667, 78.66366916666666], [16.879676500000002, 78.66366916666666], [16.879676, 78.663669], [16.879675333333335, 78.663669], [16.879674666666666, 78.66366883333333], [16.879674166666668, 78.66366883333333], [16.879674, 78.66366883333333], [16.879673500000003, 78.66366866666667], [16.879673, 78.66366866666667], [16.879672666666668, 78.66366866666667], [16.87967216666667, 78.66366866666667], [16.879671499999997, 78.66366866666667], [16.879670833333332, 78.6636685], [16.879670166666664, 78.6636685], [16.879669666666665, 78.6636685], [16.879669, 78.6636685], [16.87966833333333, 78.66366833333333], [16.879667666666666, 78.66366833333333], [16.879667333333334, 78.66366833333333], [16.879666666666665, 78.66366816666667], [16.879666166666667, 78.66366816666667], [16.87966533333333, 78.66366816666667], [16.879664666666667, 78.663668], [16.879664, 78.663668], [16.879663333333333, 78.663668], [16.879662833333335, 78.663668], [16.879662166666666, 78.663668], [16.879661666666667, 78.66366783333334], [16.879661, 78.66366783333334], [16.879660333333334, 78.66366783333334], [16.879659666666665, 78.66366783333334], [16.879658833333334, 78.66366766666667], [16.879658166666665, 78.66366766666667], [16.8796575, 78.6636675], [16.879656833333335, 78.6636675], [16.8796565, 78.6636675], [16.879655833333334, 78.6636675], [16.879655, 78.6636675], [16.8796545, 78.66366733333332], [16.879653833333336, 78.66366733333332], [16.879653166666667, 78.66366733333332], [16.879652333333336, 78.66366716666667], [16.879651333333335, 78.66366716666667], [16.8796505, 78.66366716666667], [16.879649833333335, 78.66366716666667], [16.879648999999997, 78.663667], [16.879648333333332, 78.663667], [16.879647499999997, 78.66366683333334], [16.879647, 78.66366683333334], [16.879646166666664, 78.66366683333334], [16.879645333333333, 78.66366666666666], [16.879644499999998, 78.66366666666666], [16.879643666666666, 78.6636665], [16.879642999999998, 78.6636665], [16.879642333333333, 78.6636665], [16.879641499999998, 78.66366633333334], [16.879641, 78.66366633333334], [16.879640333333334, 78.66366616666666], [16.879639666666666, 78.66366616666666], [16.879639, 78.66366616666666], [16.879638333333332, 78.66366599999999], [16.879637666666667, 78.66366599999999], [16.879637, 78.66366599999999], [16.8796365, 78.66366599999999], [16.879636, 78.66366583333334], [16.879635333333333, 78.66366583333334], [16.879634833333334, 78.66366566666667], [16.879634166666666, 78.66366566666667], [16.879633333333334, 78.66366566666667], [16.879632666666666, 78.6636655], [16.879631833333335, 78.6636655], [16.879631166666666, 78.66366533333333], [16.8796305, 78.66366533333333], [16.879630000000002, 78.66366533333333], [16.879629333333334, 78.66366533333333], [16.879628833333335, 78.66366516666668], [16.879628166666667, 78.66366516666668], [16.8796275, 78.66366500000001], [16.879626666666663, 78.66366500000001], [16.879626, 78.66366500000001], [16.879625166666663, 78.66366483333333], [16.8796245, 78.66366483333333], [16.879623833333333, 78.66366483333333], [16.879623166666665, 78.66366483333333], [16.879622666666666, 78.66366466666666], [16.879621999999998, 78.66366466666666], [16.879621166666666, 78.66366450000001], [16.879620499999998, 78.66366450000001], [16.879619833333333, 78.66366450000001], [16.879619166666664, 78.66366450000001], [16.879618333333333, 78.66366433333333], [16.879617833333334, 78.66366433333333], [16.879617, 78.66366433333333], [16.8796165, 78.66366416666666], [16.879615666666666, 78.66366416666666], [16.879615, 78.66366416666666], [16.879614166666666, 78.663664], [16.8796135, 78.663664], [16.879612666666667, 78.663664], [16.879612, 78.663664], [16.879611333333333, 78.66366383333335], [16.879610500000002, 78.66366383333335], [16.879609666666667, 78.66366383333335], [16.879609000000002, 78.66366383333335], [16.879608166666667, 78.66366366666666], [16.879607333333336, 78.66366366666666], [16.8796065, 78.66366366666666], [16.8796055, 78.66366366666666], [16.87960466666667, 78.6636635], [16.87960383333333, 78.66366316666667], [16.879603499999998, 78.66366283333333], [16.879603499999998, 78.6636625], [16.879603666666664, 78.663662], [16.879603666666664, 78.66366133333332], [16.87960383333333, 78.663661], [16.879603999999997, 78.6636605], [16.879603666666664, 78.66366], [16.879603166666666, 78.66365933333333], [16.879602833333333, 78.66365900000001], [16.879602499999997, 78.66365866666666], [16.879602, 78.66365816666666], [16.879601833333332, 78.66365783333335], [16.879601333333333, 78.6636575], [16.87960083333333, 78.66365716666665], [16.879600333333332, 78.663657], [16.879599833333334, 78.66365666666667], [16.879599499999998, 78.66365633333334], [16.879599666666664, 78.663656], [16.8796005, 78.66365566666667], [16.87960233333333, 78.6636555], [16.879605, 78.66365533333332], [16.879607833333335, 78.6636555], [16.879611, 78.663656], [16.879613333333335, 78.66365633333334], [16.8796155, 78.66365666666667], [16.879617166666666, 78.663657], [16.879618, 78.66365733333333], [16.879619166666664, 78.66365766666667], [16.879620666666664, 78.663658], [16.879622166666664, 78.66365816666666], [16.879623666666664, 78.66365833333333], [16.879624666666665, 78.66365850000001], [16.8796255, 78.66365866666666], [16.87962633333333, 78.66365883333333], [16.87962716666667, 78.66365883333333], [16.879628, 78.66365900000001], [16.879628833333335, 78.66365916666668], [16.879629666666666, 78.66365933333333], [16.8796305, 78.66365966666667], [16.879631500000002, 78.66365983333334], [16.879632833333336, 78.66366016666666], [16.879634166666666, 78.6636605], [16.879635666666665, 78.66366066666666], [16.879637333333335, 78.663661], [16.879639, 78.66366133333332], [16.879640833333333, 78.66366183333334], [16.879642666666665, 78.66366216666667], [16.87964433333333, 78.66366266666667], [16.87964583333333, 78.663663], [16.879647499999997, 78.6636635], [16.879648999999997, 78.66366383333335], [16.8796505, 78.66366433333333], [16.879651833333334, 78.66366466666666], [16.8796535, 78.66366516666668], [16.879655333333336, 78.6636655], [16.879657333333334, 78.66366599999999], [16.879659333333333, 78.66366633333334], [16.879661166666665, 78.66366666666666], [16.879663166666667, 78.66366716666667], [16.879665166666665, 78.66366733333332], [16.879667166666664, 78.66366766666667], [16.879669333333332, 78.663668], [16.87967133333333, 78.66366833333333], [16.879673333333336, 78.66366866666667], [16.87967516666667, 78.66366883333333], [16.879677166666667, 78.66366916666666], [16.879678833333333, 78.6636695], [16.8796805, 78.66366966666666], [16.879682, 78.66367], [16.8796835, 78.66367033333333], [16.879685166666665, 78.66367050000001], [16.879686666666665, 78.66367083333333], [16.879688166666664, 78.66367100000001], [16.879689499999998, 78.66367116666667], [16.87969083333333, 78.66367149999999], [16.879692, 78.66367166666667], [16.879693333333332, 78.66367199999999], [16.879694333333337, 78.66367216666666], [16.8796955, 78.66367233333334], [16.8796965, 78.66367266666666], [16.87969766666667, 78.66367283333334], [16.879698833333336, 78.663673], [16.8797, 78.66367333333332], [16.879701333333333, 78.6636735], [16.8797025, 78.66367366666667], [16.8797035, 78.66367383333333], [16.879704666666665, 78.66367416666667], [16.8797055, 78.66367433333333], [16.8797065, 78.6636745], [16.879707333333332, 78.66367466666667], [16.8797085, 78.663675], [16.8797095, 78.66367516666666], [16.879710499999998, 78.66367533333333], [16.879711333333333, 78.6636755], [16.879712166666664, 78.66367583333334], [16.879713, 78.663676], [16.879713499999998, 78.66367616666666], [16.879714, 78.66367650000001], [16.879714666666665, 78.66367666666666], [16.879715333333333, 78.663677], [16.879716, 78.66367716666667], [16.879716666666663, 78.66367749999999], [16.87971716666667, 78.66367783333334], [16.879717666666668, 78.66367816666666], [16.879718166666667, 78.66367833333334], [16.87971866666667, 78.66367866666666], [16.879719166666668, 78.66367883333334], [16.879719666666666, 78.66367916666667], [16.87972016666667, 78.66367933333332], [16.879720666666667, 78.66367966666667], [16.879721333333336, 78.66367983333333], [16.879722, 78.66368000000001], [16.879722666666666, 78.66368016666667], [16.87972316666667, 78.6636805], [16.879723666666667, 78.66368066666668], [16.879724166666666, 78.66368083333333], [16.879724666666668, 78.66368116666666], [16.879725166666667, 78.66368133333334], [16.879725833333335, 78.6636815], [16.879726333333334, 78.66368166666666], [16.879726833333333, 78.66368200000001], [16.879727333333335, 78.66368216666666], [16.879728, 78.66368233333333], [16.879728333333333, 78.66368266666667], [16.879728833333335, 78.66368283333333], [16.879729166666667, 78.663683], [16.879729666666666, 78.66368316666667], [16.879730166666665, 78.66368333333334], [16.8797305, 78.66368349999999], [16.879731, 78.66368366666667], [16.879731166666666, 78.66368383333334], [16.8797315, 78.663684], [16.879731666666665, 78.66368416666666], [16.879731666666665, 78.66368433333334], [16.879732, 78.6636845], [16.879732, 78.66368466666667], [16.879732166666667, 78.66368483333333], [16.879732166666667, 78.663685], [16.879732333333333, 78.66368516666667], [16.879732333333333, 78.66368533333333], [16.8797325, 78.6636855], [16.8797325, 78.66368566666667], [16.8797325, 78.66368583333333], [16.8797325, 78.66368600000001], [16.879732666666666, 78.66368616666666], [16.8797325, 78.66368616666666], [16.8797325, 78.66368633333333], [16.8797325, 78.6636865], [16.8797325, 78.66368666666668], [16.8797325, 78.66368683333333], [16.8797325, 78.663687], [16.8797325, 78.66368716666666], [16.8797325, 78.66368733333334], [16.879732666666666, 78.6636875], [16.879732833333332, 78.6636875], [16.879732999999998, 78.66368766666666], [16.879732999999998, 78.66368783333334], [16.879732833333332, 78.66368800000001], [16.879732833333332, 78.66368816666666], [16.879732833333332, 78.66368816666666], [16.879732833333332, 78.66368833333333], [16.879732666666666, 78.6636885], [16.8797325, 78.66368866666667], [16.8797325, 78.66368883333332], [16.8797325, 78.663689], [16.8797325, 78.66368916666667], [16.8797325, 78.66368933333334], [16.879732333333333, 78.66368933333334], [16.879732333333333, 78.66368949999999], [16.879732333333333, 78.66368966666667], [16.879732333333333, 78.66368966666667], [16.879732166666667, 78.66368983333334], [16.879732166666667, 78.66369], [16.879732166666667, 78.66369016666665], [16.879732166666667, 78.66369033333334], [16.879732166666667, 78.6636905], [16.879732166666667, 78.6636905], [16.879732333333333, 78.66369066666667], [16.879732166666667, 78.66369083333333], [16.879731833333334, 78.663691], [16.879731833333334, 78.663691], [16.879731666666665, 78.66369116666667], [16.879731666666665, 78.66369133333333], [16.879731666666665, 78.66369133333333], [16.879731666666665, 78.6636915], [16.8797315, 78.6636915], [16.879731333333332, 78.66369166666667], [16.879731333333332, 78.66369183333333], [16.879731333333332, 78.66369183333333], [16.8797315, 78.66369200000001], [16.8797315, 78.66369200000001], [16.8797315, 78.66369216666666], [16.879731333333332, 78.66369233333333], [16.879731333333332, 78.66369233333333], [16.879731333333332, 78.6636925], [16.879731333333332, 78.66369266666668], [16.8797315, 78.66369266666668], [16.879731333333332, 78.66369283333333], [16.8797315, 78.663693], [16.879731333333332, 78.66369316666666], [16.879731166666666, 78.66369316666666], [16.879731166666666, 78.66369333333334], [16.879730833333333, 78.6636935], [16.879730833333333, 78.6636935], [16.879730666666667, 78.66369366666666], [16.8797305, 78.66369366666666], [16.8797305, 78.66369383333334], [16.879730166666665, 78.663694], [16.879730166666665, 78.66369416666666], [16.879729833333332, 78.66369416666666], [16.879729666666666, 78.66369433333332], [16.8797295, 78.6636945], [16.879729333333334, 78.6636945], [16.879729166666667, 78.66369466666667], [16.879729166666667, 78.66369483333332], [16.879728666666665, 78.663695], [16.879728333333333, 78.66369516666667], [16.879728166666666, 78.66369516666667], [16.879728, 78.66369533333334], [16.879727833333334, 78.66369549999999], [16.8797275, 78.66369566666667], [16.879727, 78.66369566666667], [16.879726833333333, 78.66369583333334], [16.8797265, 78.663696], [16.879726333333334, 78.66369616666665], [16.879726, 78.66369633333333], [16.879725833333335, 78.66369633333333], [16.8797255, 78.6636965], [16.879725333333333, 78.66369666666667], [16.879725, 78.66369683333333], [16.879724500000002, 78.663697], [16.879724, 78.66369716666667], [16.879723666666667, 78.66369716666667], [16.87972316666667, 78.66369733333333], [16.879723000000002, 78.6636975], [16.879722666666666, 78.66369766666666], [16.879722333333333, 78.66369783333333], [16.879722, 78.66369783333333], [16.87972166666667, 78.66369800000001], [16.879721333333336, 78.66369816666666], [16.879720833333334, 78.66369816666666], [16.879720333333335, 78.66369833333333], [16.879719833333336, 78.6636985], [16.879719333333334, 78.66369866666668], [16.879719, 78.66369866666668], [16.879718500000003, 78.66369883333333], [16.879717833333334, 78.66369883333333], [16.879717333333335, 78.663699], [16.879716833333337, 78.66369916666666], [16.87971633333333, 78.66369916666666], [16.879715833333332, 78.66369916666666], [16.879715166666664, 78.66369933333334], [16.879714666666665, 78.66369949999999], [16.879714166666666, 78.66369949999999], [16.879713666666664, 78.66369966666666], [16.879713, 78.66369966666666], [16.879712666666666, 78.66369966666666], [16.879711999999998, 78.66369966666666], [16.8797115, 78.66369983333334], [16.879711166666667, 78.66369983333334], [16.879710499999998, 78.6637], [16.879709833333333, 78.6637], [16.879709333333334, 78.6637], [16.879708833333332, 78.66370016666666], [16.879708166666667, 78.66370016666666], [16.879707666666665, 78.66370016666666], [16.879707, 78.66370033333332], [16.879706333333335, 78.66370033333332], [16.879706, 78.66370033333332], [16.8797055, 78.66370033333332], [16.879705, 78.6637005], [16.8797045, 78.6637005], [16.879703833333334, 78.6637005], [16.879703333333335, 78.6637005], [16.879702833333333, 78.6637005], [16.8797025, 78.66370066666667], [16.879702, 78.66370066666667], [16.8797015, 78.66370066666667], [16.879701166666667, 78.66370066666667], [16.879701333333333, 78.66370066666667], [16.879702166666668, 78.66370066666667], [16.879703833333334, 78.6637005], [16.879706333333335, 78.66370033333332], [16.879709, 78.66370033333332], [16.879712333333334, 78.6637], [16.879715166666664, 78.66369966666666], [16.879717833333334, 78.66369933333334], [16.879720333333335, 78.663699], [16.879723000000002, 78.66369866666668], [16.879725166666667, 78.66369833333333], [16.879727166666665, 78.66369800000001], [16.879729333333334, 78.66369783333333], [16.8797315, 78.66369766666666], [16.879733333333334, 78.6636975], [16.879735, 78.66369716666667], [16.879736666666666, 78.66369683333333], [16.879738333333332, 78.6636965], [16.87974, 78.66369633333333], [16.87974116666667, 78.66369616666665], [16.879742333333336, 78.66369583333334], [16.879743333333334, 78.66369566666667], [16.8797445, 78.66369533333334], [16.879745333333336, 78.663695], [16.879746333333333, 78.66369466666667], [16.879747166666668, 78.6636945], [16.879748, 78.663694], [16.879748666666668, 78.66369383333334], [16.879749333333333, 78.6636935], [16.879749833333335, 78.66369316666666], [16.8797505, 78.663693], [16.879751, 78.66369266666668], [16.8797515, 78.6636925], [16.879752, 78.66369216666666], [16.8797525, 78.66369200000001], [16.879752833333335, 78.66369166666667], [16.879753166666667, 78.6636915], [16.8797535, 78.66369116666667], [16.879753833333332, 78.663691], [16.879754166666665, 78.66369083333333], [16.879754333333334, 78.66369066666667], [16.8797545, 78.66369033333334], [16.879754666666667, 78.66369016666665], [16.8797545, 78.66368983333334], [16.8797545, 78.66368933333334], [16.879754166666665, 78.66368916666667], [16.879754166666665, 78.66368883333332], [16.879754, 78.66368866666667], [16.879753833333332, 78.6636885], [16.8797535, 78.6636885], [16.879753333333333, 78.66368816666666], [16.879753, 78.66368800000001], [16.879752666666665, 78.66368783333334], [16.879752333333332, 78.66368766666666], [16.879752166666666, 78.6636875], [16.879751833333334, 78.66368733333334], [16.8797515, 78.66368716666666], [16.879751, 78.66368683333333], [16.8797505, 78.66368666666668], [16.879750333333334, 78.6636865], [16.879749833333335, 78.66368633333333], [16.879749666666665, 78.66368616666666], [16.879749333333333, 78.66368600000001], [16.879749166666667, 78.66368583333333], [16.879749, 78.66368566666667], [16.879748833333334, 78.6636855], [16.8797485, 78.66368533333333], [16.879748166666666, 78.66368516666667], [16.8797475, 78.663685], [16.879746666666666, 78.66368483333333], [16.879746166666667, 78.66368483333333], [16.87974566666667, 78.66368466666667], [16.879745166666666, 78.6636845], [16.8797445, 78.6636845], [16.87974416666667, 78.66368433333334], [16.879744000000002, 78.66368416666666], [16.879744000000002, 78.663684], [16.879743833333336, 78.66368383333334], [16.8797435, 78.66368366666667], [16.879743333333334, 78.66368349999999], [16.879743333333334, 78.66368333333334], [16.879743, 78.66368333333334], [16.87974266666667, 78.66368316666667], [16.879742333333336, 78.663683], [16.879742, 78.66368283333333], [16.879741666666668, 78.66368283333333], [16.879741666666668, 78.66368266666667], [16.8797415, 78.66368266666667], [16.8797415, 78.66368250000001], [16.879740833333337, 78.66368233333333], [16.879740166666668, 78.66368233333333], [16.87973966666667, 78.66368216666666], [16.879739166666663, 78.66368200000001], [16.879738666666665, 78.66368183333334], [16.879737833333333, 78.66368166666666], [16.879737, 78.6636815], [16.8797365, 78.66368133333334], [16.879736166666664, 78.66368116666666], [16.87973583333333, 78.66368116666666], [16.879735333333333, 78.663681], [16.879734666666664, 78.66368083333333], [16.879733833333333, 78.66368066666668], [16.879733333333334, 78.6636805], [16.879732999999998, 78.6636805], [16.879732666666666, 78.6636805], [16.879732333333333, 78.6636805], [16.879731833333334, 78.66368033333333], [16.8797315, 78.66368033333333], [16.879731333333332, 78.66368033333333], [16.879731166666666, 78.66368016666667], [16.879730833333333, 78.66368000000001], [16.8797305, 78.66368000000001], [16.879729833333332, 78.66367983333333], [16.879729333333334, 78.66367966666667], [16.879728833333335, 78.66367966666667], [16.879728166666666, 78.6636795], [16.879727666666668, 78.6636795], [16.879727, 78.66367933333332], [16.8797265, 78.66367933333332], [16.879725833333335, 78.66367916666667], [16.879725333333333, 78.663679], [16.879724833333334, 78.663679], [16.879724333333336, 78.66367883333334], [16.879723666666667, 78.66367883333334], [16.87972316666667, 78.66367866666666], [16.879722666666666, 78.6636785], [16.879721833333335, 78.6636785], [16.879721166666666, 78.66367833333334], [16.879720333333335, 78.66367816666666], [16.879719666666666, 78.66367816666666], [16.879719, 78.66367799999999], [16.879718333333336, 78.66367783333334], [16.879717666666668, 78.66367783333334], [16.87971716666667, 78.66367783333334], [16.879716666666663, 78.66367783333334], [16.879716, 78.66367766666667], [16.879715666666666, 78.66367766666667], [16.879715166666664, 78.66367766666667], [16.8797145, 78.66367749999999], [16.879713833333334, 78.66367749999999], [16.87971333333333, 78.66367733333333], [16.879712666666666, 78.66367733333333], [16.879711999999998, 78.66367716666667], [16.879711666666665, 78.66367716666667], [16.879711, 78.66367716666667], [16.879710499999998, 78.66367716666667], [16.879709833333333, 78.663677], [16.879709166666665, 78.663677], [16.8797085, 78.66367683333333], [16.879707833333335, 78.66367683333333], [16.879707166666666, 78.66367683333333], [16.8797065, 78.66367666666666], [16.8797055, 78.66367666666666], [16.879704666666665, 78.66367650000001], [16.879704166666667, 78.66367650000001], [16.8797035, 78.66367650000001], [16.879702833333333, 78.66367633333333], [16.879702166666668, 78.66367633333333], [16.879701333333333, 78.66367616666666], [16.879700500000002, 78.66367616666666], [16.879699833333333, 78.663676], [16.87969916666667, 78.663676], [16.8796985, 78.66367583333334], [16.87969766666667, 78.66367583333334], [16.879696833333334, 78.66367566666666], [16.87969616666667, 78.66367566666666], [16.8796955, 78.6636755], [16.879694833333335, 78.6636755], [16.879694333333337, 78.66367533333333], [16.8796935, 78.66367533333333], [16.879692666666664, 78.66367533333333], [16.879692, 78.66367516666666], [16.879691166666664, 78.66367516666666], [16.8796905, 78.663675], [16.879689833333334, 78.663675], [16.879688833333333, 78.663675], [16.879688166666664, 78.663675], [16.879687333333333, 78.663675], [16.879686666666665, 78.663675], [16.879685833333333, 78.663675], [16.879685, 78.66367483333333], [16.879684166666667, 78.66367483333333], [16.879683333333332, 78.66367483333333], [16.8796825, 78.663675], [16.879681666666666, 78.663675], [16.879681, 78.663675], [16.879680166666667, 78.663675], [16.879679333333335, 78.663675], [16.8796785, 78.663675], [16.879677666666666, 78.663675], [16.879676833333335, 78.663675], [16.879675833333334, 78.663675], [16.87967516666667, 78.663675], [16.879674166666668, 78.663675], [16.879673333333336, 78.663675], [16.879672333333335, 78.663675], [16.879671499999997, 78.663675], [16.879670666666666, 78.66367483333333], [16.879669666666665, 78.66367483333333], [16.879668666666664, 78.66367483333333], [16.879667833333333, 78.66367483333333], [16.87966683333333, 78.66367483333333], [16.879666, 78.66367466666667], [16.879665, 78.66367466666667], [16.879664, 78.66367466666667], [16.879663, 78.66367466666667], [16.879662, 78.6636745], [16.879661, 78.6636745], [16.879660166666667, 78.6636745], [16.879659166666666, 78.6636745], [16.879658, 78.6636745], [16.879656833333335, 78.6636745], [16.879655833333334, 78.6636745], [16.879654833333333, 78.6636745], [16.879653833333336, 78.6636745], [16.879653, 78.6636745], [16.879652, 78.6636745], [16.879650833333336, 78.6636745], [16.879649833333335, 78.6636745], [16.87964883333333, 78.6636745], [16.879648166666666, 78.6636745], [16.879647499999997, 78.6636745], [16.8796465, 78.6636745], [16.8796455, 78.6636745], [16.879644499999998, 78.6636745], [16.879643833333333, 78.6636745], [16.879643166666664, 78.66367466666667], [16.8796425, 78.66367466666667], [16.879641666666664, 78.66367466666667], [16.879640666666667, 78.66367466666667], [16.879639666666666, 78.66367483333333], [16.879638833333335, 78.66367483333333], [16.879637833333334, 78.66367483333333], [16.879637, 78.66367483333333], [16.879636166666668, 78.66367483333333], [16.879635333333333, 78.663675], [16.8796345, 78.663675], [16.8796335, 78.663675], [16.879632666666666, 78.663675], [16.87963166666667, 78.663675], [16.879630666666667, 78.663675], [16.879629833333336, 78.66367516666666], [16.879628833333335, 78.66367516666666], [16.879628, 78.66367516666666], [16.879627000000003, 78.66367516666666], [16.87962633333333, 78.66367516666666], [16.879625333333333, 78.66367516666666], [16.8796245, 78.66367516666666], [16.879623833333333, 78.66367516666666], [16.879622833333332, 78.663675], [16.879621999999998, 78.663675], [16.879621333333333, 78.663675], [16.879620666666664, 78.66367483333333], [16.87962, 78.66367483333333], [16.879619166666664, 78.66367466666667], [16.8796185, 78.66367466666667], [16.879617833333334, 78.6636745], [16.879617333333332, 78.6636745], [16.879616666666667, 78.66367433333333], [16.879616, 78.66367433333333], [16.879615166666667, 78.66367416666667], [16.8796145, 78.663674], [16.879613666666668, 78.663674], [16.879613166666665, 78.66367383333333], [16.879612333333334, 78.66367383333333], [16.8796115, 78.66367366666667], [16.879610500000002, 78.6636735], [16.879609833333333, 78.6636735], [16.879609333333335, 78.66367333333332], [16.879608666666666, 78.66367333333332], [16.87960766666667, 78.66367316666667], [16.879606833333334, 78.66367316666667], [16.879606000000003, 78.66367316666667], [16.879605, 78.663673], [16.879604333333337, 78.663673], [16.879603666666664, 78.66367283333334], [16.879602666666663, 78.66367283333334], [16.879601666666666, 78.66367266666666], [16.87960083333333, 78.66367266666666], [16.8796, 78.6636725], [16.87959933333333, 78.6636725], [16.879598666666666, 78.66367233333334], [16.87959783333333, 78.66367233333334], [16.879596833333334, 78.66367216666666], [16.879595833333333, 78.66367216666666], [16.879595166666665, 78.66367216666666], [16.8795945, 78.66367199999999], [16.8795935, 78.66367199999999], [16.879592666666667, 78.66367183333334], [16.879591833333333, 78.66367183333334], [16.879591, 78.66367166666667], [16.879590166666667, 78.66367166666667], [16.879589333333335, 78.66367149999999], [16.8795885, 78.66367149999999], [16.879587666666666, 78.66367133333333], [16.879587, 78.66367133333333], [16.879586166666666, 78.66367116666667], [16.879585333333335, 78.66367116666667], [16.8795845, 78.66367116666667], [16.879583500000003, 78.66367100000001], [16.879582666666668, 78.66367100000001], [16.879581666666663, 78.66367100000001], [16.879580833333332, 78.66367083333333], [16.879579666666665, 78.66367083333333], [16.879578666666664, 78.66367083333333], [16.879577666666666, 78.66367066666666], [16.87957683333333, 78.66367066666666], [16.879576, 78.66367066666666], [16.879575, 78.66367050000001], [16.879573999999998, 78.66367050000001], [16.879573, 78.66367050000001], [16.879572166666666, 78.66367033333333], [16.879571333333335, 78.66367033333333], [16.879570166666667, 78.66367016666666], [16.879569166666666, 78.66367016666666], [16.879568333333335, 78.66367016666666], [16.879567333333334, 78.66367], [16.879566333333333, 78.66367], [16.879565333333336, 78.66366983333334], [16.879564333333335, 78.66366983333334], [16.8795635, 78.66366966666666], [16.87956266666667, 78.66366966666666], [16.879561833333334, 78.6636695], [16.879561000000002, 78.6636695], [16.879559833333335, 78.66366933333333], [16.879558999999997, 78.66366933333333], [16.879558, 78.66366916666666], [16.879557166666665, 78.66366916666666], [16.879556333333333, 78.663669], [16.879555333333332, 78.663669], [16.87955433333333, 78.663669], [16.879553333333334, 78.663669], [16.8795525, 78.66366883333333], [16.879551833333334, 78.66366883333333], [16.879551, 78.66366883333333], [16.879550166666668, 78.66366883333333], [16.879549166666667, 78.66366883333333], [16.879548, 78.66366866666667], [16.879547333333335, 78.66366866666667], [16.8795465, 78.66366866666667], [16.8795455, 78.66366866666667], [16.879544666666668, 78.6636685], [16.879543833333333, 78.6636685], [16.879543, 78.6636685], [16.879542333333333, 78.6636685], [16.879541500000002, 78.66366833333333], [16.879540666666667, 78.66366833333333], [16.87953966666667, 78.66366833333333], [16.879538833333335, 78.66366816666667], [16.87953816666667, 78.66366816666667], [16.879537333333335, 78.663668], [16.879536499999997, 78.663668], [16.879535666666666, 78.66366783333334], [16.879534999999997, 78.66366783333334], [16.879534333333332, 78.66366766666667], [16.879533666666667, 78.66366766666667], [16.879532833333332, 78.6636675], [16.879531999999998, 78.66366733333332], [16.879531333333333, 78.66366733333332], [16.879530833333334, 78.66366716666667], [16.87953033333333, 78.66366716666667], [16.879529666666667, 78.66366716666667], [16.879528666666666, 78.663667], [16.879527833333334, 78.66366683333334], [16.879527333333332, 78.66366683333334], [16.879526666666667, 78.66366666666666], [16.879526, 78.66366666666666], [16.879525166666667, 78.6636665], [16.879524166666666, 78.6636665], [16.879523333333335, 78.66366633333334], [16.879522833333333, 78.66366633333334], [16.879522333333334, 78.66366616666666], [16.8795215, 78.66366616666666], [16.879520333333335, 78.66366599999999], [16.8795195, 78.66366583333334], [16.879518833333336, 78.66366583333334], [16.879518166666667, 78.66366566666667], [16.879517333333336, 78.66366566666667], [16.879516333333335, 78.6636655], [16.879515166666668, 78.6636655], [16.879514333333336, 78.66366533333333], [16.879513499999998, 78.66366516666668], [16.879512666666667, 78.66366500000001], [16.879511666666666, 78.66366500000001], [16.879510666666665, 78.66366483333333], [16.879509499999998, 78.66366483333333], [16.879508666666666, 78.66366466666666], [16.87950783333333, 78.66366450000001], [16.879507, 78.66366450000001], [16.879506, 78.66366433333333], [16.879504833333332, 78.66366416666666], [16.879503833333334, 78.66366416666666], [16.879502833333333, 78.663664], [16.879501833333332, 78.66366383333335], [16.87950066666667, 78.66366366666666], [16.879499333333335, 78.66366366666666], [16.879498, 78.6636635], [16.879496833333334, 78.66366333333333], [16.879495833333333, 78.66366316666667], [16.87949466666667, 78.66366316666667], [16.879493500000002, 78.663663], [16.879492333333335, 78.66366283333333], [16.879491499999997, 78.66366283333333], [16.879490333333333, 78.66366266666667], [16.879489333333332, 78.6636625], [16.879488166666665, 78.6636625], [16.879486999999997, 78.66366233333333], [16.879485833333334, 78.66366233333333], [16.879484833333333, 78.66366216666667], [16.879483999999998, 78.663662], [16.879482833333334, 78.663662], [16.879481833333333, 78.66366183333334], [16.879480833333332, 78.66366166666667], [16.87947966666667, 78.66366166666667], [16.879478833333334, 78.6636615], [16.879478, 78.66366133333332], [16.879477, 78.66366133333332], [16.879476, 78.66366116666667], [16.879474833333333, 78.663661], [16.879474166666668, 78.663661], [16.879473333333333, 78.66366083333334], [16.879472500000002, 78.66366083333334], [16.8794715, 78.66366066666666], [16.87947066666667, 78.6636605], [16.879469833333335, 78.6636605], [16.879468999999997, 78.66366033333334], [16.879468166666665, 78.66366033333334], [16.87946733333333, 78.66366016666666], [16.8794665, 78.66366016666666], [16.879465666666665, 78.66366016666666], [16.879464666666667, 78.66366], [16.879463666666666, 78.66366], [16.87946283333333, 78.66366], [16.879462, 78.66365983333334], [16.879460833333333, 78.66365983333334], [16.879459833333332, 78.66365983333334], [16.879458833333334, 78.66365966666667], [16.879458, 78.66365966666667], [16.87945716666667, 78.66365966666667], [16.879456166666667, 78.66365966666667], [16.879455333333333, 78.6636595], [16.8794545, 78.6636595], [16.879453666666667, 78.6636595], [16.879452833333335, 78.6636595], [16.879452, 78.6636595], [16.879451333333336, 78.66365933333333], [16.8794505, 78.66365933333333], [16.8794495, 78.66365933333333], [16.879448500000002, 78.66365933333333], [16.879447666666668, 78.66365933333333], [16.87944666666667, 78.66365933333333], [16.87944583333333, 78.66365916666668], [16.879444999999997, 78.66365916666668], [16.879444, 78.66365900000001], [16.879443, 78.66365900000001], [16.879441999999997, 78.66365900000001], [16.879441166666666, 78.66365900000001], [16.879440499999998, 78.66365900000001], [16.8794395, 78.66365883333333], [16.8794385, 78.66365883333333], [16.879437499999998, 78.66365883333333], [16.8794365, 78.66365883333333], [16.879435833333332, 78.66365866666666], [16.879435166666667, 78.66365866666666], [16.879434333333332, 78.66365866666666], [16.879433333333335, 78.66365866666666], [16.8794325, 78.66365850000001], [16.8794315, 78.66365850000001], [16.879430666666668, 78.66365850000001], [16.879429833333333, 78.66365850000001], [16.879429000000002, 78.66365850000001], [16.879428166666667, 78.66365850000001], [16.879427333333336, 78.66365833333333], [16.879426333333335, 78.66365833333333], [16.87942566666667, 78.66365833333333], [16.879425, 78.66365833333333], [16.879424500000002, 78.66365833333333], [16.87942383333333, 78.66365833333333], [16.879423166666665, 78.66365816666666], [16.879422499999997, 78.66365816666666], [16.879421666666666, 78.66365816666666], [16.879421333333333, 78.66365816666666], [16.87942083333333, 78.66365816666666], [16.879420166666666, 78.66365816666666], [16.879419166666665, 78.66365816666666], [16.8794185, 78.66365816666666], [16.87941783333333, 78.66365816666666], [16.8794175, 78.663658], [16.879417, 78.663658], [16.879416499999998, 78.663658], [16.879415833333333, 78.663658], [16.879415166666668, 78.663658], [16.879414666666666, 78.663658], [16.879414333333333, 78.66365783333335], [16.879414, 78.66365783333335], [16.8794135, 78.66365783333335], [16.879412666666667, 78.66365783333335], [16.879411833333332, 78.66365783333335], [16.879411333333334, 78.66365783333335], [16.879410833333335, 78.66365783333335], [16.879410333333333, 78.66365783333335], [16.879409666666668, 78.66365766666667], [16.879409, 78.66365766666667], [16.879408166666668, 78.66365766666667], [16.87940766666667, 78.66365766666667], [16.879407333333333, 78.66365766666667], [16.879406833333334, 78.66365766666667], [16.879406333333336, 78.6636575], [16.879405666666667, 78.6636575], [16.879404833333336, 78.6636575], [16.879404333333333, 78.6636575], [16.879403833333335, 78.6636575], [16.879403333333336, 78.6636575], [16.879402833333334, 78.66365733333333], [16.87940216666667, 78.66365733333333], [16.879401499999997, 78.66365733333333], [16.87940083333333, 78.66365733333333], [16.879400333333333, 78.66365733333333], [16.87939983333333, 78.66365733333333], [16.879399166666666, 78.66365733333333], [16.87939833333333, 78.66365733333333], [16.8793975, 78.66365733333333], [16.879396666666665, 78.66365716666665], [16.879396, 78.66365716666665], [16.87939533333333, 78.66365716666665], [16.879394666666666, 78.66365716666665], [16.879393999999998, 78.66365716666665], [16.879393333333333, 78.663657], [16.879392666666668, 78.663657], [16.879391833333333, 78.663657], [16.879391, 78.663657], [16.879390333333333, 78.663657], [16.87938966666667, 78.663657], [16.879388833333334, 78.66365683333333], [16.879388, 78.66365683333333], [16.879386833333335, 78.66365683333333], [16.879386, 78.66365683333333], [16.879385333333335, 78.66365683333333], [16.8793845, 78.66365683333333], [16.87938366666667, 78.66365666666667], [16.879382666666668, 78.66365666666667], [16.879381833333333, 78.66365666666667], [16.879381000000002, 78.66365666666667], [16.8793805, 78.66365666666667], [16.879379833333335, 78.66365666666667], [16.87937883333333, 78.66365666666667], [16.879377833333333, 78.66365666666667], [16.879376999999998, 78.66365666666667], [16.879376333333333, 78.66365649999999], [16.879375666666665, 78.66365649999999], [16.879374833333333, 78.66365649999999], [16.879374166666665, 78.66365649999999], [16.879373333333334, 78.66365649999999], [16.879372666666665, 78.66365649999999], [16.879372, 78.66365649999999], [16.879371499999998, 78.66365649999999], [16.879370833333333, 78.66365649999999], [16.879369999999998, 78.66365649999999], [16.879369166666667, 78.66365649999999], [16.879368499999998, 78.66365649999999], [16.879368, 78.66365633333334], [16.87936716666667, 78.66365633333334], [16.8793665, 78.66365633333334], [16.879365833333335, 78.66365633333334], [16.879365166666666, 78.66365633333334], [16.879364333333335, 78.66365633333334], [16.8793635, 78.66365633333334], [16.879362833333335, 78.66365633333334], [16.879362, 78.66365633333334], [16.8793615, 78.66365633333334], [16.879360666666667, 78.66365633333334], [16.879360000000002, 78.66365633333334], [16.879359166666667, 78.66365633333334], [16.879358500000002, 78.66365633333334], [16.879357666666667, 78.66365633333334], [16.879356833333336, 78.66365633333334], [16.87935583333333, 78.66365633333334], [16.879354999999997, 78.66365616666667], [16.879354166666666, 78.66365616666667], [16.87935333333333, 78.66365616666667], [16.879352333333333, 78.66365616666667], [16.8793515, 78.66365616666667], [16.879350666666667, 78.663656], [16.879349833333332, 78.663656], [16.87934883333333, 78.663656], [16.879348, 78.663656], [16.879347166666665, 78.66365583333332], [16.879345999999998, 78.66365583333332], [16.879345, 78.66365583333332], [16.879344166666666, 78.66365583333332], [16.879343333333335, 78.66365566666667], [16.879342333333334, 78.66365566666667], [16.879341333333333, 78.66365566666667], [16.879340333333335, 78.66365566666667], [16.879339333333334, 78.66365566666667], [16.879338333333333, 78.66365566666667], [16.879337500000002, 78.66365566666667], [16.8793365, 78.66365566666667], [16.8793355, 78.6636555], [16.879334500000002, 78.6636555], [16.879333666666664, 78.6636555], [16.879332666666667, 78.6636555], [16.87933183333333, 78.6636555], [16.87933083333333, 78.6636555], [16.879329833333333, 78.6636555], [16.879328833333332, 78.66365533333332], [16.87932783333333, 78.66365533333332], [16.879327, 78.66365533333332], [16.879326166666665, 78.66365516666666], [16.879325333333334, 78.66365516666666], [16.879324333333333, 78.66365516666666], [16.879323333333332, 78.66365516666666], [16.879322666666667, 78.66365516666666], [16.879321833333332, 78.66365516666666], [16.879321166666667, 78.66365516666666], [16.879320333333332, 78.66365516666666], [16.879319333333335, 78.66365516666666], [16.879318333333334, 78.66365516666666], [16.8793175, 78.66365516666666], [16.879316833333334, 78.663655], [16.879316, 78.663655], [16.879315166666668, 78.663655], [16.879314333333333, 78.663655], [16.879313333333336, 78.663655], [16.879312666666667, 78.663655], [16.879311833333336, 78.663655], [16.879311166666664, 78.663655], [16.879310333333333, 78.663655], [16.87930933333333, 78.663655], [16.879308499999997, 78.663655], [16.879307833333332, 78.663655], [16.879307333333333, 78.66365483333334], [16.87930683333333, 78.66365483333334], [16.879306, 78.66365483333334], [16.879305166666665, 78.66365483333334], [16.8793045, 78.66365483333334], [16.87930383333333, 78.66365483333334], [16.879303166666666, 78.66365483333334], [16.879302499999998, 78.66365466666666], [16.879301666666667, 78.66365466666666], [16.879300999999998, 78.66365466666666], [16.879300166666667, 78.66365466666666], [16.8792995, 78.66365466666666], [16.879298833333333, 78.66365466666666], [16.879298, 78.66365466666666], [16.879297166666667, 78.66365449999999], [16.879296500000002, 78.66365449999999], [16.879295666666668, 78.66365449999999], [16.879295000000003, 78.66365449999999], [16.879294333333334, 78.66365433333334], [16.879293333333333, 78.66365433333334], [16.879292500000002, 78.66365433333334], [16.879291666666667, 78.66365433333334], [16.879291000000002, 78.66365433333334], [16.879290333333334, 78.66365416666666], [16.87928966666667, 78.66365416666666], [16.87928883333333, 78.66365416666666], [16.879288, 78.663654], [16.879287166666664, 78.663654], [16.879286333333333, 78.663654], [16.879285499999998, 78.66365383333333], [16.8792845, 78.66365383333333], [16.8792835, 78.66365383333333], [16.879282666666665, 78.66365383333333], [16.879281833333334, 78.66365366666668], [16.879281166666665, 78.66365366666668], [16.8792805, 78.66365366666668], [16.879279666666665, 78.66365366666668], [16.879279, 78.66365366666668], [16.8792785, 78.6636535], [16.879277666666667, 78.6636535], [16.879277000000002, 78.6636535], [16.8792765, 78.6636535], [16.87927566666667, 78.6636535], [16.879274666666667, 78.6636535], [16.879274000000002, 78.6636535], [16.879273333333334, 78.66365333333333], [16.879272833333335, 78.66365333333333], [16.879272, 78.66365333333333], [16.879271333333335, 78.66365333333333], [16.8792705, 78.66365333333333], [16.879269833333336, 78.66365333333333], [16.879269, 78.66365316666666], [16.87926816666667, 78.66365316666666], [16.879267666666667, 78.66365316666666], [16.879267000000002, 78.66365316666666], [16.87926633333333, 78.66365316666666], [16.8792655, 78.66365316666666], [16.87926483333333, 78.66365316666666], [16.879264166666665, 78.66365300000001], [16.879263166666664, 78.66365300000001], [16.8792625, 78.66365300000001], [16.87926183333333, 78.66365300000001], [16.879261166666666, 78.66365283333333], [16.87926033333333, 78.66365283333333], [16.8792595, 78.66365283333333], [16.879258666666665, 78.66365266666666], [16.879257666666668, 78.66365266666666], [16.879257, 78.66365266666666], [16.879256166666668, 78.6636525], [16.879255333333333, 78.6636525], [16.879254500000002, 78.6636525], [16.8792535, 78.6636525], [16.879252666666666, 78.66365233333333], [16.879251833333335, 78.66365233333333], [16.879251, 78.66365233333333], [16.879249833333333, 78.66365216666667], [16.879248833333335, 78.66365216666667], [16.879247833333334, 78.66365216666667], [16.879246833333333, 78.663652], [16.879246166666668, 78.663652], [16.879245, 78.66365183333333], [16.87924416666667, 78.66365183333333], [16.879243166666665, 78.66365183333333], [16.879241999999998, 78.66365183333333], [16.879241166666667, 78.66365166666667], [16.879240333333332, 78.66365166666667], [16.87923933333333, 78.66365166666667], [16.879238333333333, 78.66365166666667], [16.879237166666666, 78.6636515], [16.879236166666665, 78.6636515], [16.879235166666668, 78.6636515], [16.879234333333333, 78.6636515], [16.87923333333333, 78.66365133333333], [16.879232333333334, 78.66365133333333], [16.879231333333333, 78.66365133333333], [16.87923066666667, 78.66365116666665], [16.879229833333333, 78.66365116666665], [16.879229000000002, 78.66365116666665], [16.879228333333334, 78.66365116666665], [16.879227333333333, 78.66365116666665], [16.879226333333335, 78.663651], [16.8792255, 78.663651], [16.879224500000003, 78.663651], [16.879223666666668, 78.663651], [16.879222833333333, 78.66365083333334], [16.879221833333336, 78.66365083333334], [16.87922083333333, 78.66365083333334], [16.87922, 78.66365083333334], [16.879219, 78.66365083333334], [16.879217999999998, 78.66365083333334], [16.879217166666667, 78.66365066666667], [16.879216166666666, 78.66365066666667], [16.879215166666665, 78.66365066666667], [16.879214166666667, 78.66365049999999], [16.879213166666666, 78.66365049999999], [16.87921233333333, 78.66365049999999], [16.879211333333334, 78.66365033333334], [16.879210333333333, 78.66365033333334], [16.879209333333332, 78.66365033333334], [16.879208333333334, 78.66365033333334], [16.879207333333333, 78.66365016666667], [16.879206166666666, 78.66365016666667], [16.87920516666667, 78.66365], [16.879204, 78.66365], [16.879203, 78.66364983333332], [16.87920216666667, 78.66364983333332], [16.879201166666668, 78.66364966666667], [16.879200166666667, 78.66364966666667], [16.87919916666667, 78.6636495], [16.879198, 78.6636495], [16.879197166666664, 78.66364933333332], [16.879196333333333, 78.66364916666666], [16.87919533333333, 78.66364916666666], [16.87919433333333, 78.663649], [16.879193333333333, 78.663649], [16.879192333333332, 78.66364883333334], [16.8791915, 78.66364883333334], [16.8791905, 78.66364866666666], [16.8791895, 78.66364866666666], [16.8791885, 78.66364866666666], [16.8791875, 78.6636485], [16.8791865, 78.6636485], [16.879185666666668, 78.66364833333334], [16.879184833333333, 78.66364833333334], [16.879184000000002, 78.66364816666666], [16.879183166666667, 78.66364816666666], [16.879182166666666, 78.663648], [16.879181333333335, 78.663648], [16.879180666666667, 78.66364783333333], [16.87918, 78.66364783333333], [16.879179, 78.66364766666668], [16.879178000000003, 78.66364766666668], [16.87917716666667, 78.66364766666668], [16.879176166666664, 78.6636475], [16.879175333333333, 78.66364733333333], [16.879174666666664, 78.66364733333333], [16.879173666666667, 78.66364716666666], [16.879172666666665, 78.66364716666666], [16.87917183333333, 78.66364716666666], [16.879170833333333, 78.66364700000001], [16.879169833333332, 78.66364700000001], [16.879169166666667, 78.66364683333333], [16.879168333333332, 78.66364683333333], [16.879167166666665, 78.66364666666666], [16.879166166666668, 78.66364666666666], [16.879165333333333, 78.6636465], [16.879164333333332, 78.6636465], [16.879163166666668, 78.66364633333333], [16.879162166666667, 78.66364633333333], [16.879161166666666, 78.66364616666667], [16.87916016666667, 78.66364616666667], [16.879159166666668, 78.663646], [16.879158166666667, 78.663646], [16.87915716666667, 78.66364583333333], [16.879156166666668, 78.66364583333333], [16.879155166666667, 78.66364583333333], [16.879154000000003, 78.66364566666667], [16.879152833333332, 78.66364566666667], [16.879151666666665, 78.6636455], [16.879150499999998, 78.66364533333333], [16.8791495, 78.66364533333333], [16.879148333333333, 78.66364516666665], [16.879147333333332, 78.66364516666665], [16.87914633333333, 78.663645], [16.879145166666667, 78.663645], [16.879143833333334, 78.66364483333334], [16.8791425, 78.66364483333334], [16.879141333333333, 78.66364483333334], [16.879140333333332, 78.66364466666667], [16.879139333333335, 78.66364466666667], [16.879138166666667, 78.66364449999999], [16.879137, 78.66364449999999], [16.879136000000003, 78.66364433333334], [16.879134833333335, 78.66364433333334], [16.879133666666668, 78.66364416666667], [16.879132666666667, 78.66364416666667], [16.87913133333333, 78.663644], [16.879130333333332, 78.663644], [16.879129, 78.663644], [16.879127999999998, 78.663644], [16.87912683333333, 78.66364383333332], [16.879125666666667, 78.66364383333332], [16.879124666666666, 78.66364383333332], [16.879123666666665, 78.66364383333332], [16.879122666666667, 78.66364366666667], [16.879121666666666, 78.66364366666667], [16.879120666666665, 78.6636435], [16.8791195, 78.6636435], [16.8791185, 78.6636435], [16.879117333333333, 78.6636435], [16.879116333333332, 78.66364333333333], [16.879115333333335, 78.66364333333333], [16.879114333333334, 78.66364333333333], [16.879113333333333, 78.66364333333333], [16.87911216666667, 78.66364316666666], [16.879111166666668, 78.66364316666666], [16.87911, 78.66364316666666], [16.87910883333333, 78.66364316666666], [16.879107833333332, 78.66364300000001], [16.879106666666665, 78.66364300000001], [16.879105499999998, 78.66364300000001], [16.879104166666664, 78.66364283333334], [16.879103, 78.66364283333334], [16.879101833333333, 78.66364283333334], [16.879100833333332, 78.66364266666666], [16.8791, 78.66364266666666], [16.879098833333334, 78.6636425], [16.879097833333333, 78.6636425], [16.879096666666666, 78.66364233333334], [16.879095500000002, 78.66364233333334], [16.8790945, 78.66364216666666], [16.879093166666667, 78.66364216666666], [16.879092166666666, 78.663642], [16.879091000000003, 78.663642], [16.879089833333335, 78.66364183333333], [16.879088666666668, 78.66364183333333], [16.879087666666667, 78.66364166666668], [16.87908666666667, 78.66364166666668], [16.8790855, 78.66364166666668], [16.879084499999998, 78.6636415], [16.8790835, 78.6636415], [16.87908283333333, 78.6636415], [16.87908183333333, 78.66364133333333], [16.879081, 78.66364133333333], [16.87908, 78.66364133333333], [16.879079, 78.66364116666666], [16.879078, 78.66364116666666], [16.879077166666665, 78.66364100000001], [16.879076166666668, 78.66364100000001], [16.879075166666667, 78.66364100000001], [16.879074, 78.66364100000001], [16.879073, 78.66364100000001], [16.879072166666667, 78.66364083333333], [16.879071166666666, 78.66364083333333], [16.87907016666667, 78.66364083333333], [16.879069166666667, 78.66364083333333], [16.879068166666666, 78.66364066666667], [16.879067333333335, 78.66364066666667], [16.8790665, 78.6636405], [16.879065500000003, 78.6636405], [16.879064666666668, 78.6636405], [16.879063666666664, 78.66364033333333], [16.879062666666666, 78.66364033333333], [16.87906183333333, 78.66364016666667], [16.879061, 78.66364016666667], [16.87906033333333, 78.66364], [16.87905933333333, 78.66364], [16.8790585, 78.66364], [16.879057666666665, 78.66363983333333], [16.879056833333333, 78.66363983333333], [16.879055833333332, 78.66363966666667], [16.87905483333333, 78.66363966666667], [16.879053833333334, 78.6636395], [16.879053, 78.6636395], [16.879052, 78.66363933333334], [16.879051, 78.66363933333334], [16.879050166666666, 78.66363916666666], [16.879049333333334, 78.66363916666666], [16.8790485, 78.66363916666666], [16.87904766666667, 78.663639], [16.879047, 78.663639], [16.87904616666667, 78.663639], [16.879045333333334, 78.66363883333334], [16.879044500000003, 78.66363883333334], [16.8790435, 78.66363883333334], [16.879042666666667, 78.66363866666667], [16.879042000000002, 78.66363866666667], [16.879041166666664, 78.66363849999999], [16.8790405, 78.66363849999999], [16.87903983333333, 78.66363849999999], [16.87903933333333, 78.66363833333334], [16.879038666666666, 78.66363833333334], [16.879037999999998, 78.66363833333334], [16.8790375, 78.66363816666667], [16.879036666666664, 78.66363816666667], [16.879036, 78.66363816666667], [16.879035333333334, 78.663638], [16.879034833333332, 78.663638], [16.879034333333333, 78.663638], [16.879033833333335, 78.66363783333333], [16.879033166666666, 78.66363783333333], [16.879032666666667, 78.66363766666667], [16.879032166666665, 78.66363766666667], [16.879031666666666, 78.66363766666667], [16.879031166666667, 78.66363750000001], [16.879030666666665, 78.66363750000001], [16.879030166666666, 78.66363733333333], [16.879029666666668, 78.66363733333333], [16.879029166666665, 78.66363733333333], [16.879028833333333, 78.66363716666666], [16.879028666666667, 78.66363716666666], [16.879028166666668, 78.66363716666666], [16.879027833333335, 78.66363716666666], [16.879027333333333, 78.66363716666666], [16.879026833333334, 78.66363716666666], [16.879026500000002, 78.66363700000001], [16.879026, 78.66363700000001], [16.879025666666667, 78.66363700000001], [16.879025333333335, 78.66363700000001], [16.879025000000002, 78.66363700000001], [16.879024666666666, 78.66363683333334], [16.879024333333334, 78.66363683333334], [16.879024, 78.66363683333334], [16.87902366666667, 78.66363683333334], [16.879023500000002, 78.66363683333334], [16.879023, 78.66363683333334], [16.879022666666668, 78.66363683333334], [16.879022333333335, 78.66363683333334], [16.879022000000003, 78.66363683333334], [16.8790215, 78.66363683333334], [16.8790215, 78.66363683333334], [16.879021166666668, 78.66363683333334], [16.879021, 78.66363666666666], [16.87902066666667, 78.66363666666666], [16.879020333333337, 78.66363666666666], [16.87902, 78.66363666666666], [16.879019500000002, 78.66363666666666], [16.87901916666667, 78.66363666666666], [16.879018833333337, 78.66363666666666], [16.879018499999997, 78.66363666666666], [16.879018166666665, 78.66363666666666], [16.879017666666666, 78.66363683333334], [16.8790175, 78.66363683333334], [16.879017333333334, 78.66363683333334], [16.87901683333333, 78.66363683333334], [16.8790165, 78.66363683333334], [16.879016, 78.66363700000001], [16.879015666666664, 78.66363700000001], [16.879015166666665, 78.66363700000001], [16.879015, 78.66363700000001], [16.879014666666666, 78.66363716666666], [16.879014166666664, 78.66363716666666], [16.879013666666665, 78.66363733333333], [16.879013333333333, 78.66363733333333], [16.879012833333334, 78.66363750000001], [16.879012166666666, 78.66363750000001], [16.879012, 78.66363750000001], [16.8790115, 78.66363750000001], [16.879011166666665, 78.66363766666667], [16.879010833333332, 78.66363766666667], [16.879010333333333, 78.66363766666667], [16.87901, 78.66363783333333], [16.879009333333332, 78.66363783333333], [16.879008833333334, 78.66363783333333], [16.8790085, 78.66363783333333], [16.879008, 78.66363783333333], [16.8790075, 78.663638], [16.879006666666665, 78.663638], [16.879006166666667, 78.663638], [16.879005666666668, 78.663638], [16.879005333333335, 78.66363816666667], [16.879005, 78.66363816666667], [16.8790045, 78.66363816666667], [16.879004000000002, 78.66363816666667], [16.8790035, 78.66363816666667], [16.879003, 78.66363833333334], [16.879002333333336, 78.66363833333334], [16.879001833333334, 78.66363833333334], [16.879001333333335, 78.66363849999999], [16.879000666666666, 78.66363849999999], [16.878999833333335, 78.66363866666667], [16.878999333333336, 78.66363866666667], [16.878998833333334, 78.66363883333334], [16.878998333333335, 78.66363883333334], [16.878997833333337, 78.66363883333334], [16.8789975, 78.663639], [16.878997000000002, 78.663639], [16.878996833333336, 78.663639], [16.878996166666663, 78.66363916666666], [16.878995666666665, 78.66363916666666], [16.878995166666666, 78.66363916666666], [16.878994833333334, 78.66363933333334], [16.878994166666665, 78.66363933333334], [16.878993666666666, 78.66363933333334], [16.878992999999998, 78.66363933333334], [16.8789925, 78.66363933333334], [16.878992, 78.66363933333334], [16.87899133333333, 78.6636395], [16.878990833333333, 78.6636395], [16.878990333333334, 78.6636395], [16.8789895, 78.6636395], [16.878988833333334, 78.6636395], [16.878988166666666, 78.6636395], [16.8789875, 78.6636395], [16.878986833333332, 78.6636395], [16.878986166666667, 78.6636395], [16.878985333333333, 78.6636395], [16.878984666666668, 78.66363933333334], [16.878984, 78.6636395], [16.878983166666668, 78.66363933333334], [16.8789825, 78.66363933333334], [16.878981833333334, 78.66363933333334], [16.878981, 78.66363933333334], [16.87898016666667, 78.66363933333334], [16.878979166666667, 78.66363933333334], [16.878978500000002, 78.66363916666666], [16.878977666666668, 78.66363916666666], [16.878976666666667, 78.66363916666666], [16.878975833333335, 78.663639], [16.878974833333334, 78.663639], [16.87897416666667, 78.663639], [16.87897333333333, 78.663639], [16.878972333333333, 78.663639], [16.878971666666665, 78.66363883333334], [16.878970833333334, 78.66363883333334], [16.878970166666665, 78.66363883333334], [16.878969333333334, 78.66363883333334], [16.878968666666665, 78.66363883333334], [16.878967833333334, 78.66363866666667], [16.878967166666666, 78.66363866666667], [16.878966333333334, 78.66363866666667], [16.8789655, 78.66363866666667], [16.878965, 78.66363866666667], [16.878964333333332, 78.66363866666667], [16.878963833333334, 78.66363866666667], [16.878963166666665, 78.66363866666667], [16.878962666666666, 78.66363849999999], [16.878962166666668, 78.66363849999999], [16.878961333333333, 78.66363849999999], [16.878960833333334, 78.66363849999999], [16.878960166666666, 78.66363833333334], [16.878959333333334, 78.66363833333334], [16.878958833333336, 78.66363833333334], [16.878958, 78.66363816666667], [16.878957333333336, 78.66363816666667], [16.878956666666667, 78.663638], [16.87895616666667, 78.663638], [16.878955666666666, 78.663638], [16.8789555, 78.66363783333333], [16.878955166666668, 78.66363783333333], [16.87895466666667, 78.66363783333333], [16.878954166666666, 78.66363783333333], [16.8789535, 78.66363766666667], [16.878953000000003, 78.66363766666667], [16.8789525, 78.66363766666667], [16.878951833333335, 78.66363750000001], [16.878951333333337, 78.66363750000001], [16.8789505, 78.66363750000001], [16.878949833333333, 78.66363750000001], [16.87894933333333, 78.66363750000001], [16.878949, 78.66363733333333], [16.8789485, 78.66363733333333], [16.878948166666664, 78.66363733333333], [16.878947666666665, 78.66363733333333], [16.878947166666666, 78.66363733333333], [16.878946666666664, 78.66363716666666], [16.87894633333333, 78.66363716666666], [16.878945833333333, 78.66363716666666], [16.878945333333334, 78.66363716666666], [16.878944833333332, 78.66363716666666], [16.8789445, 78.66363716666666], [16.878944166666667, 78.66363700000001], [16.878943833333334, 78.66363700000001], [16.878943333333332, 78.66363700000001], [16.878943, 78.66363700000001], [16.878942666666667, 78.66363700000001], [16.878942333333335, 78.66363700000001], [16.878941833333332, 78.66363700000001], [16.8789415, 78.66363700000001], [16.878941166666667, 78.66363700000001], [16.878940833333335, 78.66363683333334], [16.878940333333333, 78.66363683333334], [16.878939666666668, 78.66363683333334], [16.878939166666665, 78.66363683333334], [16.878938833333333, 78.66363683333334], [16.8789385, 78.66363683333334], [16.878938166666668, 78.66363683333334], [16.878937666666666, 78.66363683333334], [16.878937333333333, 78.66363666666666], [16.878936833333334, 78.66363666666666], [16.878936333333336, 78.66363666666666], [16.878935666666667, 78.66363666666666], [16.878935333333335, 78.66363666666666], [16.878934666666666, 78.6636365], [16.878934, 78.6636365], [16.878933333333336, 78.6636365], [16.878933, 78.6636365], [16.878932666666667, 78.6636365], [16.87893216666667, 78.66363633333334], [16.878931833333336, 78.66363633333334], [16.878931166666668, 78.66363616666666], [16.878930500000003, 78.663636], [16.878930166666667, 78.663636], [16.8789295, 78.66363583333333], [16.87892916666667, 78.66363583333333], [16.878928833333337, 78.66363583333333], [16.87892833333333, 78.66363566666668], [16.878927833333332, 78.66363566666668], [16.878927166666664, 78.6636355], [16.87892683333333, 78.6636355], [16.878926333333332, 78.6636355], [16.878926, 78.66363533333333], [16.878925666666664, 78.66363533333333], [16.87892533333333, 78.66363516666667], [16.878924833333333, 78.66363516666667], [16.878924333333334, 78.66363500000001], [16.878923666666665, 78.66363500000001], [16.878923166666667, 78.66363500000001], [16.878922666666664, 78.66363483333333], [16.878922166666666, 78.66363483333333], [16.878921666666667, 78.66363466666667], [16.878921166666665, 78.66363466666667], [16.878920666666666, 78.6636345], [16.878920166666667, 78.6636345], [16.878919833333335, 78.66363433333332], [16.878919166666666, 78.66363433333332], [16.8789185, 78.66363416666667], [16.878917833333333, 78.66363416666667], [16.878917166666668, 78.66363416666667], [16.878916333333333, 78.66363416666667], [16.8789155, 78.663634], [16.878914666666667, 78.663634], [16.878913833333336, 78.663634], [16.878913166666667, 78.663634], [16.878912500000002, 78.663634], [16.878911833333333, 78.66363383333334], [16.87891116666667, 78.66363383333334], [16.878910333333334, 78.66363383333334], [16.878909500000002, 78.66363383333334], [16.878908666666668, 78.66363383333334], [16.878907833333336, 78.66363383333334], [16.878907166666668, 78.66363366666666], [16.878906333333337, 78.66363366666666], [16.8789055, 78.66363366666666], [16.878904833333333, 78.66363366666666], [16.878904, 78.66363366666666], [16.878903166666664, 78.66363366666666], [16.878902666666665, 78.66363366666666], [16.878901833333334, 78.66363383333334], [16.878901166666665, 78.66363383333334], [16.8789005, 78.66363383333334], [16.878899666666666, 78.66363383333334], [16.878899166666667, 78.66363383333334], [16.878898333333332, 78.663634], [16.878897666666667, 78.663634], [16.878897, 78.663634], [16.878896166666667, 78.663634], [16.878895333333332, 78.663634], [16.8788945, 78.66363416666667], [16.878893833333333, 78.66363416666667], [16.878893333333334, 78.66363416666667], [16.878892666666665, 78.66363416666667], [16.878891833333334, 78.66363416666667], [16.878890833333333, 78.66363416666667], [16.878890000000002, 78.66363416666667], [16.878889166666667, 78.66363416666667], [16.878888166666666, 78.66363416666667], [16.878887333333335, 78.66363433333332], [16.8788865, 78.66363433333332], [16.87888566666667, 78.66363416666667], [16.878885, 78.66363416666667], [16.87888416666667, 78.66363416666667], [16.87888333333333, 78.66363416666667], [16.878882666666666, 78.66363416666667], [16.878882166666664, 78.66363416666667], [16.8788815, 78.66363416666667], [16.878880833333334, 78.66363416666667], [16.878880166666665, 78.66363416666667], [16.8788795, 78.66363416666667], [16.87887883333333, 78.663634], [16.878878, 78.663634], [16.87887733333333, 78.663634], [16.878876666666667, 78.663634], [16.878876166666664, 78.663634], [16.8788755, 78.663634], [16.878874833333334, 78.663634], [16.878874333333332, 78.663634], [16.878873666666667, 78.663634], [16.878873333333335, 78.663634], [16.8788725, 78.663634], [16.878871833333335, 78.663634], [16.878871166666666, 78.663634], [16.878870333333335, 78.663634], [16.878869666666667, 78.66363416666667], [16.878869, 78.66363416666667], [16.878868, 78.66363416666667], [16.878867333333336, 78.66363416666667], [16.8788665, 78.66363416666667], [16.878865833333336, 78.66363416666667], [16.878865166666667, 78.66363416666667], [16.878864500000002, 78.66363416666667], [16.878863833333334, 78.66363416666667], [16.878862833333336, 78.66363416666667], [16.878862166666668, 78.66363416666667], [16.878861333333337, 78.66363416666667], [16.878860666666665, 78.66363416666667], [16.878859833333333, 78.66363416666667], [16.878859166666665, 78.66363416666667], [16.8788585, 78.66363416666667], [16.87885783333333, 78.66363416666667], [16.878857333333332, 78.663634], [16.878856666666664, 78.663634], [16.878856166666665, 78.663634], [16.878855166666664, 78.663634], [16.878854333333333, 78.663634], [16.878853333333332, 78.663634], [16.878852333333334, 78.663634], [16.878851666666666, 78.663634], [16.878850833333335, 78.66363383333334], [16.878850166666666, 78.66363383333334], [16.8788495, 78.66363383333334], [16.878848833333333, 78.66363383333334], [16.878848, 78.66363383333334], [16.878847333333333, 78.66363383333334], [16.8788465, 78.66363366666666], [16.878845833333333, 78.66363366666666], [16.878845333333334, 78.66363366666666], [16.8788445, 78.6636335], [16.878844, 78.6636335], [16.878843166666666, 78.6636335], [16.8788425, 78.66363333333334], [16.878841833333336, 78.66363333333334], [16.878841166666668, 78.66363333333334], [16.878840500000003, 78.66363316666666], [16.87884, 78.66363316666666], [16.8788395, 78.66363316666666], [16.878838833333337, 78.66363299999999], [16.878838166666664, 78.66363299999999], [16.8788375, 78.66363299999999], [16.878836666666665, 78.66363283333334], [16.878836, 78.66363283333334], [16.87883533333333, 78.66363283333334], [16.878834666666666, 78.66363283333334], [16.878833999999998, 78.66363283333334], [16.8788335, 78.66363266666667], [16.878832833333334, 78.66363283333334], [16.878832166666665, 78.66363266666667], [16.878831666666667, 78.66363266666667], [16.878831166666664, 78.66363266666667], [16.878830333333333, 78.66363266666667], [16.878829666666665, 78.66363266666667], [16.878829, 78.66363266666667], [16.878828333333335, 78.66363249999999], [16.878827666666666, 78.66363249999999], [16.878827, 78.66363249999999], [16.878826333333333, 78.66363249999999], [16.878825666666668, 78.66363233333333], [16.878825166666665, 78.66363233333333], [16.878824666666667, 78.66363216666667], [16.878824, 78.66363216666667], [16.8788235, 78.66363216666667], [16.878823, 78.663632], [16.878822500000002, 78.66363183333333], [16.878821833333333, 78.66363183333333], [16.87882116666667, 78.66363183333333], [16.8788205, 78.66363183333333], [16.878819833333335, 78.66363166666666], [16.878819333333336, 78.66363166666666], [16.878818666666668, 78.66363166666666], [16.878817833333336, 78.66363166666666], [16.878817333333334, 78.66363150000001], [16.878816833333335, 78.66363150000001], [16.878815999999997, 78.66363150000001], [16.878815499999998, 78.66363133333333], [16.878814833333333, 78.66363133333333], [16.87881433333333, 78.66363133333333], [16.878813833333332, 78.66363116666666], [16.878813333333333, 78.66363116666666], [16.878812999999997, 78.663631], [16.8788125, 78.663631], [16.878811833333334, 78.663631], [16.87881133333333, 78.66363083333334], [16.878810833333333, 78.66363083333334], [16.878810333333334, 78.66363066666666], [16.87880983333333, 78.66363066666666], [16.878809333333333, 78.6636305], [16.878809, 78.66363033333333], [16.878808666666664, 78.66363033333333], [16.878808166666666, 78.66363016666666], [16.878807666666667, 78.66363], [16.878807166666665, 78.66363], [16.878806666666666, 78.66362983333333], [16.878806166666667, 78.66362983333333], [16.8788055, 78.66362983333333], [16.878805, 78.66362966666667], [16.8788045, 78.6636295], [16.878803833333333, 78.6636295], [16.8788035, 78.66362933333333], [16.878803, 78.66362933333333], [16.8788025, 78.66362933333333], [16.878801833333334, 78.66362916666667], [16.878801333333335, 78.66362916666667], [16.878800833333333, 78.66362916666667], [16.878800333333334, 78.663629], [16.878799833333336, 78.663629], [16.878799333333333, 78.663629], [16.878798833333335, 78.663629], [16.878798333333336, 78.663629], [16.878798, 78.66362883333333], [16.8787975, 78.66362883333333], [16.87879716666667, 78.66362883333333], [16.8787965, 78.66362883333333], [16.878796, 78.66362883333333], [16.87879566666667, 78.66362883333333], [16.878795166666666, 78.66362883333333], [16.878795, 78.66362866666667], [16.878794833333334, 78.66362866666667], [16.8787945, 78.66362866666667], [16.87879416666667, 78.66362866666667], [16.878793666666663, 78.66362866666667], [16.87879333333333, 78.66362866666667], [16.878792833333332, 78.66362866666667], [16.878792333333333, 78.66362866666667], [16.878791999999997, 78.66362866666667], [16.87879183333333, 78.66362883333333], [16.8787915, 78.66362883333333], [16.878791, 78.66362883333333], [16.878790666666664, 78.66362883333333], [16.878790166666665, 78.66362883333333], [16.878789833333332, 78.66362883333333], [16.878789333333334, 78.66362883333333], [16.878788999999998, 78.66362883333333], [16.8787885, 78.66362883333333], [16.878788333333333, 78.66362883333333], [16.878788, 78.66362883333333], [16.878787666666664, 78.66362883333333], [16.878787, 78.66362883333333], [16.878786333333334, 78.66362883333333], [16.8787855, 78.66362883333333], [16.878784833333334, 78.66362883333333], [16.878784, 78.66362883333333], [16.8787835, 78.66362883333333], [16.878783166666665, 78.66362883333333], [16.8787825, 78.66362883333333], [16.878782, 78.66362883333333], [16.8787815, 78.66362883333333], [16.878781, 78.66362883333333], [16.8787805, 78.66362883333333], [16.878779833333333, 78.66362883333333], [16.878779166666668, 78.66362883333333], [16.878778666666665, 78.66362883333333], [16.878778, 78.66362883333333], [16.878777333333336, 78.66362883333333], [16.878776833333333, 78.66362883333333], [16.878776333333334, 78.66362883333333], [16.87877566666667, 78.66362883333333], [16.878775166666667, 78.66362883333333], [16.878774333333336, 78.66362883333333], [16.878773833333334, 78.66362883333333], [16.878773333333335, 78.66362883333333], [16.8787725, 78.66362883333333], [16.878772, 78.66362883333333], [16.878771500000003, 78.66362866666667], [16.878770999999997, 78.66362866666667], [16.878770333333332, 78.66362866666667], [16.878769499999997, 78.66362866666667], [16.878768833333332, 78.66362866666667], [16.878768166666667, 78.6636285], [16.878767333333332, 78.6636285], [16.878766499999998, 78.6636285], [16.878766, 78.6636285], [16.878765166666668, 78.6636285], [16.8787645, 78.66362833333332], [16.878763666666668, 78.66362833333332], [16.878763, 78.66362833333332], [16.878762333333334, 78.66362833333332], [16.878761333333333, 78.66362833333332], [16.87876066666667, 78.66362816666667], [16.878759833333334, 78.66362816666667], [16.878759, 78.66362816666667], [16.878758, 78.66362816666667], [16.878757166666666, 78.663628], [16.878756333333335, 78.663628], [16.8787555, 78.663628], [16.87875466666667, 78.663628], [16.878754, 78.663628], [16.878753333333336, 78.663628], [16.878752333333335, 78.66362783333334], [16.87875166666667, 78.66362783333334], [16.878750833333335, 78.66362783333334], [16.87875, 78.66362783333334], [16.87874916666667, 78.66362783333334], [16.878748499999997, 78.66362783333334], [16.878747666666666, 78.66362783333334], [16.87874683333333, 78.66362783333334], [16.878746166666666, 78.66362783333334], [16.878745666666667, 78.66362783333334], [16.878744833333332, 78.66362783333334], [16.878744166666667, 78.66362766666666], [16.8787435, 78.66362766666666], [16.878742833333334, 78.66362766666666], [16.878742166666665, 78.66362766666666], [16.878741833333333, 78.66362766666666], [16.878741166666668, 78.66362766666666], [16.878740666666666, 78.66362766666666], [16.87874, 78.6636275], [16.8787395, 78.6636275], [16.878738833333333, 78.6636275], [16.87873816666667, 78.6636275], [16.8787375, 78.6636275], [16.878736833333335, 78.6636275], [16.878736333333332, 78.6636275], [16.878735833333334, 78.6636275], [16.87873516666667, 78.6636275], [16.878734666666666, 78.6636275], [16.878734, 78.6636275], [16.878733333333333, 78.6636275], [16.878732833333334, 78.6636275], [16.87873216666667, 78.6636275], [16.8787315, 78.6636275], [16.878730833333336, 78.6636275], [16.878730166666667, 78.66362733333334], [16.87872966666667, 78.66362733333334], [16.878728833333334, 78.66362733333334], [16.87872816666667, 78.66362733333334], [16.8787275, 78.66362716666666], [16.878726833333335, 78.66362716666666], [16.878725999999997, 78.66362716666666], [16.878725333333332, 78.66362716666666], [16.878724499999997, 78.66362716666666], [16.878723833333332, 78.66362716666666], [16.878722999999997, 78.66362699999999], [16.878722166666666, 78.66362699999999], [16.87872133333333, 78.66362699999999], [16.8787205, 78.66362683333334], [16.87871983333333, 78.66362683333334], [16.878718833333334, 78.66362683333334], [16.878717666666667, 78.66362666666667], [16.878716833333332, 78.66362666666667], [16.878715833333334, 78.66362666666667], [16.878714833333333, 78.66362649999999], [16.878714, 78.66362649999999], [16.878713166666667, 78.66362649999999], [16.878712166666666, 78.66362649999999], [16.878711333333335, 78.66362633333333], [16.8787105, 78.66362633333333], [16.87870966666667, 78.66362633333333], [16.878708500000002, 78.66362633333333], [16.878707666666667, 78.66362633333333], [16.87870666666667, 78.66362633333333], [16.878705833333335, 78.66362616666667], [16.878705, 78.66362616666667], [16.878704000000003, 78.66362616666667], [16.878703166666664, 78.66362616666667], [16.878702166666667, 78.66362616666667], [16.8787015, 78.66362616666667], [16.878700833333333, 78.66362616666667], [16.8787, 78.66362616666667], [16.878699333333333, 78.66362616666667], [16.87869883333333, 78.66362616666667], [16.878698166666666, 78.66362616666667], [16.878697499999998, 78.66362616666667], [16.878696833333333, 78.66362616666667], [16.878696166666668, 78.66362600000001], [16.8786955, 78.66362600000001], [16.878695, 78.66362600000001], [16.878694333333332, 78.66362600000001], [16.878693666666667, 78.66362600000001], [16.878693, 78.66362600000001], [16.878692333333333, 78.66362600000001], [16.878691833333335, 78.66362600000001], [16.878691, 78.66362583333333], [16.87869016666667, 78.66362583333333], [16.8786895, 78.66362583333333], [16.878688833333335, 78.66362583333333], [16.878688, 78.66362583333333], [16.87868716666667, 78.66362583333333], [16.878686333333334, 78.66362583333333], [16.8786855, 78.66362583333333], [16.87868466666667, 78.66362583333333], [16.878684, 78.66362566666666], [16.87868316666667, 78.66362566666666], [16.878682333333334, 78.66362566666666], [16.878681500000003, 78.66362566666666], [16.878680666666664, 78.66362566666666], [16.87868, 78.66362566666666], [16.878679166666664, 78.66362550000001], [16.878678333333333, 78.66362550000001], [16.878677666666665, 78.66362550000001], [16.878676833333333, 78.66362550000001], [16.878676, 78.66362533333333], [16.878675333333334, 78.66362533333333], [16.8786745, 78.66362533333333], [16.878673499999998, 78.66362533333333], [16.878672833333333, 78.66362533333333], [16.878672166666668, 78.66362516666666], [16.878671333333333, 78.66362516666666], [16.878670666666668, 78.66362516666666], [16.87867, 78.66362516666666], [16.878669333333335, 78.66362516666666], [16.8786685, 78.663625], [16.87866766666667, 78.663625], [16.878667, 78.663625], [16.878666333333335, 78.663625], [16.8786655, 78.663625], [16.8786645, 78.66362483333334], [16.878663666666668, 78.66362483333334], [16.878662666666667, 78.66362483333334], [16.878661833333336, 78.66362483333334], [16.878661166666667, 78.66362483333334], [16.87866016666667, 78.66362466666666], [16.878659333333335, 78.66362466666666], [16.87865866666667, 78.66362466666666], [16.878657999999998, 78.66362466666666], [16.878657166666667, 78.66362466666666], [16.878656333333332, 78.6636245], [16.878655666666667, 78.6636245], [16.878655, 78.6636245], [16.878653999999997, 78.6636245], [16.878653166666666, 78.6636245], [16.87865233333333, 78.6636245], [16.8786515, 78.66362433333333], [16.8786505, 78.66362433333333], [16.878649833333334, 78.66362433333333], [16.878649333333332, 78.66362433333333], [16.8786485, 78.66362433333333], [16.878647666666666, 78.66362433333333], [16.878646833333335, 78.66362433333333], [16.878646, 78.66362433333333], [16.878645333333335, 78.66362416666666], [16.8786445, 78.66362416666666], [16.878643833333335, 78.66362416666666], [16.878643, 78.66362416666666], [16.878642333333335, 78.66362416666666], [16.878641666666667, 78.66362416666666], [16.878641000000002, 78.66362416666666], [16.878640333333333, 78.66362416666666], [16.87863966666667, 78.663624], [16.878639, 78.663624], [16.878638333333335, 78.663624], [16.8786375, 78.663624], [16.878636833333335, 78.663624], [16.87863616666667, 78.663624], [16.878635499999998, 78.663624], [16.878634833333333, 78.663624], [16.878634166666664, 78.663624], [16.8786335, 78.663624], [16.878632666666665, 78.663624], [16.878632166666666, 78.663624], [16.878631499999997, 78.663624], [16.878630666666666, 78.663624], [16.87862983333333, 78.663624], [16.878629, 78.663624], [16.878628, 78.663624], [16.878627333333334, 78.663624], [16.8786265, 78.663624], [16.878625666666668, 78.663624], [16.878624833333333, 78.663624], [16.878624333333335, 78.663624], [16.878623666666666, 78.663624], [16.878623166666667, 78.663624], [16.87862266666667, 78.663624], [16.878622166666666, 78.663624], [16.878621333333335, 78.663624], [16.8786205, 78.663624], [16.87861966666667, 78.663624], [16.878618833333334, 78.66362416666666], [16.87861816666667, 78.66362416666666], [16.8786175, 78.66362416666666], [16.878616833333336, 78.66362416666666], [16.878616166666667, 78.66362416666666], [16.87861566666667, 78.66362416666666], [16.878614833333334, 78.66362416666666], [16.87861416666667, 78.66362416666666], [16.87861333333333, 78.66362416666666], [16.878612333333333, 78.66362416666666], [16.878611333333332, 78.66362416666666], [16.878610499999997, 78.66362416666666], [16.878609833333332, 78.66362416666666], [16.878609166666667, 78.66362416666666], [16.878608333333332, 78.66362416666666], [16.878607833333334, 78.66362416666666], [16.878607166666665, 78.66362416666666], [16.8786065, 78.66362416666666], [16.87860583333333, 78.66362416666666], [16.878605, 78.66362433333333], [16.878604166666666, 78.66362433333333], [16.878603333333334, 78.66362433333333], [16.878602666666666, 78.66362433333333], [16.878601833333335, 78.66362433333333], [16.878601, 78.66362433333333], [16.87860016666667, 78.66362433333333], [16.878599333333334, 78.66362433333333], [16.8785985, 78.6636245], [16.878597666666668, 78.6636245], [16.878597, 78.6636245], [16.878596333333334, 78.6636245], [16.8785955, 78.6636245], [16.878594666666668, 78.6636245], [16.878593833333333, 78.6636245], [16.87859316666667, 78.6636245], [16.878592333333334, 78.66362466666666], [16.878591833333335, 78.66362466666666], [16.87859116666667, 78.66362466666666], [16.878590499999998, 78.66362466666666], [16.878589833333333, 78.66362466666666], [16.878588999999998, 78.66362466666666], [16.878588166666667, 78.66362483333334], [16.878587666666665, 78.66362483333334], [16.878586833333333, 78.66362483333334], [16.878586166666665, 78.66362483333334], [16.8785855, 78.66362483333334], [16.878584999999998, 78.663625], [16.878584333333333, 78.663625], [16.878583666666668, 78.663625], [16.878583, 78.663625], [16.878582166666668, 78.66362516666666], [16.8785815, 78.66362516666666], [16.878580833333334, 78.66362516666666], [16.878580166666666, 78.66362516666666], [16.878579333333334, 78.66362516666666], [16.878578666666666, 78.66362533333333], [16.878578, 78.66362533333333], [16.878577333333332, 78.66362533333333], [16.8785765, 78.66362533333333], [16.878575833333333, 78.66362550000001], [16.878575166666668, 78.66362550000001], [16.8785745, 78.66362550000001], [16.878573833333334, 78.66362550000001], [16.878573333333335, 78.66362550000001], [16.878572833333333, 78.66362566666666], [16.878572166666668, 78.66362566666666], [16.87857166666667, 78.66362566666666], [16.878571, 78.66362566666666], [16.878570333333336, 78.66362566666666], [16.8785695, 78.66362566666666], [16.87856866666667, 78.66362566666666], [16.878567999999998, 78.66362566666666], [16.878567333333333, 78.66362566666666], [16.878566666666664, 78.66362566666666], [16.878566, 78.66362566666666], [16.878565166666665, 78.66362566666666], [16.878564333333333, 78.66362566666666], [16.878563666666665, 78.66362566666666], [16.878563, 78.66362583333333], [16.878562166666665, 78.66362583333333], [16.878561166666668, 78.66362583333333], [16.878560166666666, 78.66362583333333], [16.878559166666665, 78.66362583333333], [16.878558333333334, 78.66362583333333], [16.878557666666666, 78.66362583333333], [16.878556833333334, 78.66362583333333], [16.878555833333333, 78.66362583333333], [16.878555, 78.66362583333333], [16.878554, 78.66362583333333], [16.878553166666666, 78.66362583333333], [16.87855216666667, 78.66362583333333], [16.878551, 78.66362583333333], [16.878550166666667, 78.66362583333333], [16.878549333333336, 78.66362583333333], [16.8785485, 78.66362583333333], [16.878547833333336, 78.66362583333333], [16.878547166666667, 78.66362583333333], [16.878546333333336, 78.66362583333333], [16.878545499999998, 78.66362583333333], [16.878544666666667, 78.66362600000001], [16.878544166666664, 78.66362600000001], [16.8785435, 78.66362600000001], [16.878542666666664, 78.66362583333333], [16.878541833333333, 78.66362583333333], [16.878541166666665, 78.66362583333333], [16.8785405, 78.66362600000001], [16.878539999999997, 78.66362600000001], [16.878539166666666, 78.66362600000001], [16.87853833333333, 78.66362583333333], [16.878537666666666, 78.66362583333333], [16.878537166666668, 78.66362583333333], [16.878536333333333, 78.66362583333333], [16.878535499999998, 78.66362583333333], [16.878534666666667, 78.66362583333333], [16.878533833333332, 78.66362583333333], [16.878533, 78.66362583333333], [16.878532333333332, 78.66362583333333], [16.878531666666667, 78.66362583333333], [16.878530666666666, 78.66362583333333], [16.87853, 78.66362583333333], [16.878529166666667, 78.66362583333333], [16.878528333333335, 78.66362600000001], [16.878527333333334, 78.66362600000001], [16.87852666666667, 78.66362600000001], [16.87852566666667, 78.66362600000001], [16.878525, 78.66362583333333], [16.87852416666667, 78.66362583333333], [16.878523166666664, 78.66362600000001], [16.878522333333333, 78.66362583333333], [16.878521499999998, 78.66362583333333], [16.878520666666667, 78.66362583333333], [16.878519833333332, 78.66362583333333], [16.878518999999997, 78.66362583333333], [16.878518166666666, 78.66362583333333], [16.87851733333333, 78.66362583333333], [16.8785165, 78.66362583333333], [16.8785155, 78.66362583333333], [16.878514666666668, 78.66362583333333], [16.878514, 78.66362583333333], [16.878513333333334, 78.66362583333333], [16.8785125, 78.66362566666666], [16.878511666666668, 78.66362566666666], [16.878510833333333, 78.66362566666666], [16.878510000000002, 78.66362566666666], [16.878509166666667, 78.66362566666666], [16.878508166666666, 78.66362566666666], [16.878507333333335, 78.66362550000001], [16.878506166666668, 78.66362550000001], [16.878505166666667, 78.66362550000001], [16.878504000000003, 78.66362550000001], [16.878503000000002, 78.66362550000001], [16.878502166666667, 78.66362550000001], [16.878501000000004, 78.66362550000001], [16.8785, 78.66362550000001], [16.878499166666664, 78.66362550000001], [16.878498333333333, 78.66362550000001], [16.878497333333332, 78.66362533333333], [16.87849633333333, 78.66362533333333], [16.878495333333333, 78.66362533333333], [16.878494333333332, 78.66362533333333], [16.87849333333333, 78.66362533333333], [16.878492333333334, 78.66362533333333], [16.878491333333333, 78.66362533333333], [16.878490333333332, 78.66362516666666], [16.878489333333334, 78.66362516666666], [16.8784885, 78.66362516666666], [16.87848766666667, 78.663625], [16.8784865, 78.663625], [16.878485666666666, 78.663625], [16.878484500000003, 78.663625], [16.878483666666668, 78.663625], [16.878482666666667, 78.66362483333334], [16.87848166666667, 78.66362483333334], [16.87848066666667, 78.66362483333334], [16.878479833333333, 78.66362483333334], [16.878479000000002, 78.66362483333334], [16.878478166666664, 78.66362466666666], [16.8784775, 78.66362466666666], [16.878476666666664, 78.66362466666666], [16.878475833333333, 78.66362466666666], [16.878474833333332, 78.66362466666666], [16.878474166666667, 78.66362466666666], [16.878473166666666, 78.6636245], [16.87847233333333, 78.6636245], [16.8784715, 78.6636245], [16.878470666666665, 78.6636245], [16.878469666666668, 78.66362433333333], [16.878468666666667, 78.66362433333333], [16.878467666666666, 78.66362433333333], [16.878466666666668, 78.66362433333333], [16.878465833333333, 78.66362416666666], [16.878465000000002, 78.66362416666666], [16.878464, 78.66362416666666], [16.878463, 78.66362416666666], [16.87846216666667, 78.663624], [16.878461166666668, 78.663624], [16.878460166666667, 78.663624], [16.87845916666667, 78.663624], [16.878458333333334, 78.66362383333333], [16.878457333333333, 78.66362383333333], [16.878456333333336, 78.66362383333333], [16.87845533333333, 78.66362383333333], [16.8784545, 78.66362366666667], [16.8784535, 78.66362366666667], [16.878452499999998, 78.66362366666667], [16.8784515, 78.6636235], [16.878450333333333, 78.6636235], [16.878449333333332, 78.6636235], [16.878448166666665, 78.66362333333333], [16.878447333333334, 78.66362333333333], [16.878446166666667, 78.66362316666667], [16.87844533333333, 78.66362316666667], [16.878444333333334, 78.66362316666667], [16.878443166666667, 78.66362316666667], [16.878442333333332, 78.663623], [16.878441333333335, 78.663623], [16.8784405, 78.663623], [16.87843966666667, 78.663623], [16.878438833333334, 78.663623], [16.878438000000003, 78.66362283333333], [16.878437333333334, 78.66362283333333], [16.878436500000003, 78.66362283333333], [16.878435833333334, 78.66362283333333], [16.878435000000003, 78.66362266666667], [16.878434333333335, 78.66362266666667], [16.87843366666667, 78.66362266666667], [16.878432999999998, 78.66362266666667], [16.878432333333333, 78.66362266666667], [16.878431499999998, 78.66362266666667], [16.878430833333333, 78.6636225], [16.878429999999998, 78.6636225], [16.878429333333333, 78.6636225], [16.8784285, 78.66362233333332], [16.878427666666667, 78.66362233333332], [16.878426833333332, 78.66362233333332], [16.878426, 78.66362233333332], [16.878425, 78.66362216666667], [16.878424166666665, 78.66362216666667], [16.878423166666668, 78.66362216666667], [16.878422166666667, 78.66362216666667], [16.878421333333332, 78.66362216666667], [16.878420333333334, 78.66362216666667], [16.878419166666667, 78.663622], [16.878418166666666, 78.663622], [16.87841716666667, 78.663622], [16.878416333333334, 78.663622], [16.878415333333333, 78.66362183333334], [16.8784145, 78.66362183333334], [16.8784135, 78.66362183333334], [16.87841266666667, 78.66362183333334], [16.87841166666667, 78.66362166666666], [16.878411000000003, 78.66362166666666], [16.878410166666665, 78.66362166666666], [16.878409166666664, 78.66362166666666], [16.878408333333333, 78.6636215], [16.87840733333333, 78.6636215], [16.87840633333333, 78.6636215], [16.8784055, 78.6636215], [16.878404666666665, 78.6636215], [16.878403833333333, 78.66362133333334], [16.878403, 78.66362133333334], [16.878402166666667, 78.66362133333334], [16.878401166666666, 78.66362133333334], [16.8784005, 78.66362116666666], [16.878399833333333, 78.66362116666666], [16.878398833333332, 78.66362116666666], [16.878398, 78.66362116666666], [16.878397, 78.66362099999999], [16.87839616666667, 78.66362099999999], [16.878395166666667, 78.66362099999999], [16.878394333333333, 78.66362099999999], [16.8783935, 78.66362099999999], [16.878392666666667, 78.66362083333334], [16.878391833333335, 78.66362083333334], [16.878390833333334, 78.66362083333334], [16.878390000000003, 78.66362083333334], [16.87838916666667, 78.66362083333334], [16.87838833333333, 78.66362083333334], [16.8783875, 78.66362066666667], [16.878386666666664, 78.66362066666667], [16.878385666666667, 78.66362066666667], [16.87838483333333, 78.6636205], [16.878384, 78.6636205], [16.878383166666666, 78.6636205], [16.87838233333333, 78.6636205], [16.8783815, 78.66362033333333], [16.878380666666665, 78.66362033333333], [16.87838, 78.66362033333333], [16.87837933333333, 78.66362016666668], [16.878378666666666, 78.66362016666668], [16.878378, 78.66362016666668], [16.878377333333333, 78.66362000000001], [16.878376666666668, 78.66362000000001], [16.878375833333333, 78.66362000000001], [16.878375000000002, 78.66362000000001], [16.878374, 78.66362000000001], [16.878373166666666, 78.66361983333333], [16.878372333333335, 78.66361983333333], [16.878371833333333, 78.66361983333333], [16.878371166666668, 78.66361983333333], [16.878370500000003, 78.66361983333333], [16.878369833333334, 78.66361966666666], [16.87836916666667, 78.66361966666666], [16.878368333333334, 78.66361966666666], [16.87836766666667, 78.66361966666666], [16.878367, 78.66361966666666], [16.878366333333336, 78.66361950000001], [16.878365666666664, 78.66361950000001], [16.878365166666665, 78.66361950000001], [16.8783645, 78.66361950000001], [16.878363999999998, 78.66361950000001], [16.878363333333333, 78.66361933333333], [16.878362666666664, 78.66361933333333], [16.878362, 78.66361933333333], [16.8783615, 78.66361933333333], [16.878360833333332, 78.66361933333333], [16.878360166666667, 78.66361933333333], [16.878359333333332, 78.66361933333333], [16.878358666666667, 78.66361933333333], [16.878358, 78.66361916666666], [16.8783575, 78.66361916666666], [16.87835683333333, 78.66361916666666], [16.878356333333333, 78.66361916666666], [16.878355833333334, 78.66361916666666], [16.878355166666665, 78.66361916666666], [16.878354666666667, 78.66361916666666], [16.878354166666668, 78.663619], [16.878353666666666, 78.663619], [16.878353166666667, 78.663619], [16.878352666666668, 78.663619], [16.878352166666666, 78.663619], [16.8783515, 78.66361883333335], [16.878351000000002, 78.66361883333335], [16.8783505, 78.66361883333335], [16.878350333333334, 78.66361883333335], [16.87834966666667, 78.66361883333335], [16.878349333333333, 78.66361866666666], [16.878348833333334, 78.66361866666666], [16.878348333333335, 78.66361866666666], [16.878348000000003, 78.66361866666666], [16.878347333333334, 78.66361866666666], [16.878346833333335, 78.66361866666666], [16.878346333333333, 78.66361866666666], [16.878345666666668, 78.66361866666666], [16.87834516666667, 78.66361866666666], [16.8783445, 78.66361866666666], [16.878344000000002, 78.66361866666666], [16.878343500000003, 78.66361866666666], [16.878342666666665, 78.66361866666666], [16.878342, 78.6636185], [16.87834133333333, 78.6636185], [16.878340833333333, 78.6636185], [16.878339999999998, 78.6636185], [16.8783395, 78.66361833333333], [16.87833883333333, 78.66361833333333], [16.878338166666666, 78.66361833333333], [16.878337666666667, 78.66361833333333], [16.878337, 78.66361833333333], [16.8783365, 78.66361816666667], [16.878336, 78.66361816666667], [16.878335333333332, 78.66361816666667], [16.878334833333334, 78.663618], [16.8783345, 78.663618], [16.878333833333333, 78.663618], [16.878333333333334, 78.66361783333333], [16.878333, 78.66361783333333], [16.8783325, 78.66361783333333], [16.878332166666667, 78.66361783333333], [16.878331833333334, 78.66361766666667], [16.8783315, 78.66361766666667], [16.878331, 78.66361766666667], [16.8783305, 78.66361766666667], [16.878330166666668, 78.66361766666667], [16.878329833333332, 78.66361766666667], [16.8783295, 78.6636175], [16.878329166666667, 78.6636175], [16.87832866666667, 78.6636175], [16.878328166666666, 78.6636175], [16.878327666666667, 78.6636175], [16.87832716666667, 78.6636175], [16.878326666666666, 78.6636175], [16.878326166666668, 78.66361766666667], [16.878325500000003, 78.66361766666667], [16.878324833333334, 78.6636175], [16.878324333333335, 78.66361766666667], [16.878323833333333, 78.66361766666667], [16.878323333333334, 78.66361766666667], [16.87832266666667, 78.66361766666667], [16.878322, 78.6636175], [16.878321333333336, 78.6636175], [16.878320666666664, 78.6636175], [16.878320166666665, 78.66361766666667], [16.8783195, 78.66361766666667], [16.87831883333333, 78.66361766666667], [16.878318166666666, 78.66361766666667], [16.878317499999998, 78.66361766666667], [16.878317, 78.66361766666667], [16.8783165, 78.66361766666667], [16.878316166666664, 78.66361766666667], [16.878315666666666, 78.66361766666667], [16.878315, 78.66361766666667], [16.878314333333332, 78.66361766666667], [16.878313666666667, 78.66361766666667], [16.878313, 78.66361766666667], [16.878312333333334, 78.66361766666667], [16.87831183333333, 78.66361766666667], [16.878311333333333, 78.66361766666667], [16.878310833333334, 78.66361766666667], [16.8783105, 78.66361766666667], [16.878310166666665, 78.66361766666667], [16.878309833333333, 78.66361766666667], [16.8783095, 78.66361766666667], [16.878309, 78.66361766666667], [16.878308333333333, 78.66361766666667], [16.878307666666668, 78.66361766666667], [16.878307166666666, 78.66361766666667], [16.878306833333333, 78.66361766666667], [16.878306333333335, 78.66361783333333], [16.878305833333332, 78.66361783333333], [16.878305166666667, 78.66361783333333], [16.87830466666667, 78.66361783333333], [16.878304166666666, 78.663618], [16.878303833333334, 78.663618], [16.878303333333335, 78.663618], [16.87830316666667, 78.663618], [16.8783025, 78.663618], [16.878301833333335, 78.66361816666667], [16.878301333333333, 78.66361816666667], [16.878300833333334, 78.66361816666667], [16.87830016666667, 78.66361833333333], [16.8782995, 78.66361833333333], [16.878298833333336, 78.66361833333333], [16.878298166666664, 78.66361833333333], [16.87829783333333, 78.66361833333333], [16.8782975, 78.66361833333333], [16.87829683333333, 78.66361833333333], [16.878296166666665, 78.66361833333333], [16.8782955, 78.66361833333333], [16.878294999999998, 78.6636185], [16.8782945, 78.6636185], [16.87829383333333, 78.6636185], [16.878293166666666, 78.6636185], [16.8782925, 78.6636185], [16.878291666666666, 78.6636185], [16.878291333333333, 78.6636185], [16.878290666666665, 78.6636185], [16.878290166666666, 78.6636185], [16.878289666666667, 78.6636185], [16.878289166666665, 78.6636185], [16.878288666666666, 78.6636185], [16.878288166666668, 78.6636185], [16.878287666666665, 78.6636185], [16.878287166666667, 78.6636185], [16.878286666666668, 78.6636185], [16.878286166666665, 78.6636185], [16.878285833333333, 78.6636185], [16.8782855, 78.6636185], [16.878285166666668, 78.6636185], [16.878285, 78.6636185], [16.878284666666666, 78.6636185], [16.878284166666667, 78.6636185], [16.878283833333334, 78.6636185], [16.878283500000002, 78.66361833333333], [16.878283166666666, 78.66361833333333], [16.878282833333333, 78.6636185], [16.8782825, 78.66361833333333], [16.87828216666667, 78.66361833333333], [16.878281666666666, 78.66361833333333], [16.878281333333334, 78.66361833333333], [16.878281, 78.66361833333333], [16.878280500000002, 78.66361816666667], [16.878280166666666, 78.66361816666667], [16.878279666666668, 78.66361816666667], [16.878279000000003, 78.66361816666667], [16.878278666666667, 78.66361816666667], [16.878278166666668, 78.663618], [16.878277833333335, 78.663618], [16.878277500000003, 78.663618], [16.878277166666667, 78.663618], [16.878276833333334, 78.663618], [16.878276333333336, 78.663618], [16.878275666666664, 78.66361783333333], [16.878275166666665, 78.66361783333333], [16.878274666666666, 78.66361783333333], [16.878274166666664, 78.66361766666667], [16.878273666666665, 78.66361766666667], [16.878273166666666, 78.66361766666667], [16.878272666666664, 78.66361766666667], [16.878272166666665, 78.6636175], [16.878271833333333, 78.6636175], [16.878270999999998, 78.6636175], [16.878270666666666, 78.6636175], [16.878270166666667, 78.66361733333333], [16.87826983333333, 78.66361733333333], [16.8782695, 78.66361733333333], [16.878269, 78.66361733333333], [16.87826833333333, 78.66361716666667], [16.878267666666666, 78.66361716666667], [16.878267166666667, 78.66361716666667], [16.8782665, 78.66361716666667], [16.878266166666666, 78.66361716666667], [16.8782655, 78.663617], [16.878265, 78.663617], [16.8782645, 78.663617], [16.878264, 78.663617], [16.878263666666665, 78.66361683333334], [16.878263166666667, 78.66361683333334], [16.878262333333332, 78.66361666666667], [16.878261666666667, 78.66361666666667], [16.878261000000002, 78.6636165], [16.8782605, 78.6636165], [16.87826, 78.66361633333332], [16.878259333333332, 78.66361633333332], [16.878258666666667, 78.66361616666667], [16.878258000000002, 78.66361616666667], [16.8782575, 78.663616], [16.878257166666668, 78.663616], [16.87825666666667, 78.663616], [16.878256166666667, 78.663616], [16.8782555, 78.66361583333334], [16.878254833333337, 78.66361583333334], [16.878254333333334, 78.66361583333334], [16.878253833333336, 78.66361583333334], [16.878253166666664, 78.66361566666666], [16.878252333333332, 78.66361566666666], [16.878251499999998, 78.66361566666666], [16.878250833333333, 78.6636155], [16.878249999999998, 78.6636155], [16.878249333333333, 78.6636155], [16.878248666666664, 78.66361533333334], [16.878248, 78.66361533333334], [16.878247166666664, 78.66361533333334], [16.8782465, 78.66361516666666], [16.878245833333335, 78.66361516666666], [16.878244833333333, 78.66361516666666], [16.878243833333332, 78.66361516666666], [16.878242833333335, 78.66361516666666], [16.878242, 78.663615], [16.878241, 78.663615], [16.878240166666668, 78.66361483333334], [16.878239166666667, 78.66361483333334], [16.878238333333336, 78.66361466666667], [16.878237666666667, 78.66361466666667], [16.878236833333336, 78.66361466666667], [16.878236166666667, 78.6636145], [16.878235333333336, 78.6636145], [16.878234333333335, 78.66361433333333], [16.8782335, 78.66361433333333], [16.87823266666667, 78.66361433333333], [16.878232166666667, 78.66361433333333], [16.878231333333336, 78.66361433333333], [16.87823033333333, 78.66361416666668], [16.878229666666666, 78.66361416666668], [16.87822883333333, 78.66361416666668], [16.878228, 78.66361416666668], [16.87822733333333, 78.66361416666668], [16.8782265, 78.66361433333333], [16.878225666666665, 78.66361433333333], [16.878224833333334, 78.66361416666668], [16.878224, 78.66361416666668], [16.878223, 78.66361416666668], [16.878222333333333, 78.66361416666668], [16.878221333333332, 78.66361416666668], [16.878220666666667, 78.66361416666668], [16.878219833333333, 78.66361416666668], [16.878219, 78.66361416666668], [16.878218333333333, 78.66361416666668], [16.8782175, 78.66361416666668], [16.878216666666667, 78.66361416666668], [16.878215833333336, 78.66361416666668], [16.878215, 78.66361416666668], [16.878214166666666, 78.66361400000001], [16.8782135, 78.66361400000001], [16.878212666666666, 78.66361400000001], [16.87821166666667, 78.66361400000001], [16.878210833333334, 78.66361400000001], [16.878210000000003, 78.66361400000001], [16.878209000000002, 78.66361400000001], [16.878208166666663, 78.66361400000001], [16.878207333333332, 78.66361383333333], [16.87820633333333, 78.66361383333333], [16.878205333333334, 78.66361383333333], [16.878204333333333, 78.66361383333333], [16.878203499999998, 78.66361383333333], [16.878202666666667, 78.66361366666666], [16.878201666666666, 78.66361366666666], [16.878200666666665, 78.66361366666666], [16.878199666666667, 78.66361350000001], [16.878198666666666, 78.66361350000001], [16.878197833333335, 78.66361350000001], [16.878196666666668, 78.66361350000001], [16.8781955, 78.66361350000001], [16.8781945, 78.66361333333333], [16.878193666666668, 78.66361333333333], [16.878192666666667, 78.66361333333333], [16.878191666666666, 78.66361333333333], [16.87819066666667, 78.66361333333333], [16.878189666666668, 78.66361333333333], [16.878188666666667, 78.66361316666666], [16.878188, 78.66361316666666], [16.878187166666667, 78.66361316666666], [16.87818616666667, 78.66361316666666], [16.878185166666665, 78.66361316666666], [16.878183999999997, 78.66361316666666], [16.878183, 78.66361316666666], [16.878181833333333, 78.66361316666666], [16.878180666666665, 78.66361316666666], [16.878179499999998, 78.66361316666666], [16.878178333333334, 78.66361316666666], [16.878177333333333, 78.66361316666666], [16.878176333333332, 78.66361316666666], [16.878175333333335, 78.66361316666666], [16.878174166666668, 78.66361316666666], [16.878173, 78.66361316666666], [16.878172, 78.66361316666666], [16.878171000000002, 78.66361316666666], [16.878169833333335, 78.66361316666666], [16.878168833333334, 78.66361316666666], [16.878167666666666, 78.66361316666666], [16.87816666666667, 78.66361316666666], [16.878165666666668, 78.66361316666666], [16.878164666666667, 78.663613], [16.87816366666667, 78.663613], [16.8781625, 78.663613], [16.878161499999997, 78.663613], [16.8781605, 78.663613], [16.8781595, 78.663613], [16.87815833333333, 78.663613], [16.878157333333334, 78.663613], [16.878156333333333, 78.663613], [16.878155166666666, 78.663613], [16.878154333333335, 78.663613], [16.878153166666667, 78.663613], [16.878152, 78.663613], [16.878150833333333, 78.663613], [16.878149833333335, 78.663613], [16.878148833333334, 78.663613], [16.878148, 78.66361316666666], [16.878147000000002, 78.66361316666666], [16.878146166666667, 78.66361316666666], [16.878145166666666, 78.663613], [16.878144333333335, 78.66361316666666], [16.8781435, 78.66361316666666], [16.87814266666667, 78.66361316666666], [16.878141666666668, 78.66361316666666], [16.878140499999997, 78.66361316666666], [16.8781395, 78.66361316666666], [16.878138666666665, 78.66361333333333], [16.878137666666664, 78.66361316666666], [16.878136833333333, 78.66361316666666], [16.87813583333333, 78.66361333333333], [16.878135166666667, 78.66361333333333], [16.878134166666666, 78.66361333333333], [16.8781335, 78.66361333333333], [16.878132666666666, 78.66361333333333], [16.878131833333335, 78.66361333333333], [16.878130833333334, 78.66361333333333], [16.87813, 78.66361333333333], [16.878129166666668, 78.66361333333333], [16.878128166666666, 78.66361350000001], [16.878127166666665, 78.66361350000001], [16.878126333333334, 78.66361350000001], [16.878125166666667, 78.66361350000001], [16.878124333333336, 78.66361350000001], [16.8781235, 78.66361350000001], [16.8781225, 78.66361366666666], [16.878121500000002, 78.66361366666666], [16.878120333333335, 78.66361366666666], [16.878119333333334, 78.66361383333333], [16.878118333333337, 78.66361383333333], [16.878117333333332, 78.66361383333333], [16.87811633333333, 78.66361400000001], [16.8781155, 78.66361400000001], [16.878114666666665, 78.66361400000001], [16.878113833333334, 78.66361400000001], [16.878113, 78.66361400000001], [16.878112166666664, 78.66361416666668], [16.878111166666667, 78.66361416666668], [16.878110166666666, 78.66361416666668], [16.878109333333335, 78.66361433333333], [16.8781085, 78.66361433333333], [16.878107666666665, 78.66361433333333], [16.878106833333334, 78.6636145], [16.878106, 78.6636145], [16.878105333333334, 78.6636145], [16.878104333333333, 78.6636145], [16.878103333333335, 78.6636145], [16.8781025, 78.66361466666667], [16.878101666666666, 78.66361466666667], [16.878101, 78.66361466666667], [16.878100166666666, 78.66361466666667], [16.87809916666667, 78.66361466666667], [16.878098166666668, 78.66361483333334], [16.878097333333336, 78.66361483333334], [16.878096333333335, 78.66361483333334], [16.878095499999997, 78.66361483333334], [16.8780945, 78.66361483333334], [16.8780935, 78.66361483333334], [16.87809233333333, 78.663615], [16.8780915, 78.663615], [16.878090666666665, 78.663615], [16.878089833333334, 78.663615], [16.878088666666667, 78.663615], [16.8780875, 78.663615], [16.8780865, 78.663615], [16.8780855, 78.663615], [16.878084833333332, 78.663615], [16.878083833333335, 78.663615], [16.878083, 78.663615], [16.878082166666665, 78.663615], [16.878081166666668, 78.66361516666666], [16.8780805, 78.66361516666666], [16.878079666666668, 78.66361516666666], [16.878078666666667, 78.66361516666666], [16.8780775, 78.66361516666666], [16.878076500000002, 78.66361516666666], [16.8780755, 78.66361516666666], [16.8780745, 78.66361533333334], [16.878073500000003, 78.66361533333334], [16.8780725, 78.66361533333334], [16.878071499999997, 78.66361533333334], [16.878070666666666, 78.6636155], [16.878069666666665, 78.6636155], [16.878068666666664, 78.6636155], [16.878067666666666, 78.6636155], [16.878066666666665, 78.6636155], [16.878065666666664, 78.66361566666666], [16.878064666666667, 78.66361566666666], [16.8780635, 78.66361566666666], [16.878062333333332, 78.66361583333334], [16.878061333333335, 78.66361583333334], [16.878060333333334, 78.663616], [16.878059333333333, 78.663616], [16.878058666666668, 78.663616], [16.878057666666667, 78.663616], [16.878056833333336, 78.66361616666667], [16.878056, 78.66361616666667], [16.878055333333336, 78.66361616666667], [16.878054333333335, 78.66361633333332], [16.878053333333334, 78.66361633333332], [16.878052166666667, 78.66361633333332], [16.878051000000003, 78.66361633333332], [16.87805033333333, 78.6636165], [16.8780495, 78.6636165], [16.87804883333333, 78.6636165], [16.878048333333332, 78.6636165], [16.878047666666664, 78.6636165], [16.878046666666666, 78.66361666666667], [16.878045999999998, 78.66361666666667], [16.878045333333333, 78.66361683333334], [16.878044499999998, 78.66361683333334], [16.8780435, 78.66361683333334], [16.878042166666667, 78.66361683333334], [16.878041333333332, 78.66361683333334], [16.8780405, 78.663617], [16.878039666666666, 78.663617], [16.878039166666667, 78.66361716666667], [16.878038166666666, 78.66361716666667], [16.8780375, 78.66361716666667], [16.878036833333333, 78.66361716666667], [16.878036333333334, 78.66361716666667], [16.878035666666666, 78.66361733333333], [16.878034833333334, 78.66361733333333], [16.878033833333333, 78.66361733333333], [16.878033000000002, 78.66361733333333], [16.878032333333334, 78.66361733333333], [16.878031833333335, 78.66361733333333], [16.878031, 78.66361733333333], [16.878030333333335, 78.66361733333333], [16.878029666666666, 78.6636175], [16.878028833333335, 78.6636175], [16.878028333333337, 78.6636175], [16.87802783333333, 78.6636175], [16.878027166666666, 78.6636175], [16.87802633333333, 78.6636175], [16.8780255, 78.66361766666667], [16.87802483333333, 78.66361766666667], [16.878024166666666, 78.66361766666667], [16.878023666666664, 78.66361766666667], [16.878023, 78.66361766666667], [16.878021999999998, 78.66361766666667], [16.8780215, 78.66361766666667], [16.878020666666664, 78.66361783333333], [16.87802, 78.66361783333333], [16.878019333333334, 78.66361783333333], [16.878018666666666, 78.66361783333333], [16.878018, 78.66361783333333], [16.8780175, 78.66361783333333], [16.878016833333334, 78.66361783333333], [16.878016, 78.663618], [16.878015333333334, 78.663618], [16.878014666666665, 78.663618], [16.878013833333334, 78.663618], [16.878013166666666, 78.663618], [16.8780125, 78.663618], [16.878011666666666, 78.66361816666667], [16.878011, 78.663618], [16.878010166666666, 78.663618], [16.878009666666667, 78.66361816666667], [16.878009000000002, 78.66361816666667], [16.878008333333334, 78.66361833333333], [16.87800766666667, 78.66361833333333], [16.878006833333334, 78.66361833333333], [16.87800616666667, 78.6636185], [16.878005499999997, 78.6636185], [16.878004999999998, 78.66361866666666], [16.878004333333333, 78.66361866666666], [16.8780035, 78.66361866666666], [16.878002833333333, 78.66361866666666], [16.87800233333333, 78.66361866666666], [16.878001833333332, 78.66361883333335], [16.878001333333334, 78.66361883333335], [16.8780005, 78.66361883333335], [16.877999833333334, 78.66361883333335], [16.87799933333333, 78.663619], [16.877998833333333, 78.663619], [16.877998166666664, 78.66361916666666], [16.877997666666666, 78.66361916666666], [16.877996833333334, 78.66361933333333], [16.877996, 78.66361950000001], [16.877995333333335, 78.66361950000001], [16.877994833333332, 78.66361966666666], [16.877994166666667, 78.66361966666666], [16.877993333333333, 78.66361983333333], [16.8779925, 78.66362000000001], [16.87799216666667, 78.66362000000001], [16.877991666666667, 78.66362016666668], [16.877991166666668, 78.66362016666668], [16.8779905, 78.66362016666668], [16.87799, 78.66362016666668], [16.8779895, 78.66362016666668], [16.877989, 78.66362016666668], [16.877988333333334, 78.66362016666668], [16.87798766666667, 78.66362016666668], [16.877987, 78.66362016666668], [16.877986333333336, 78.66362016666668], [16.877985666666667, 78.66362016666668], [16.877985000000002, 78.66362016666668], [16.8779845, 78.66362016666668], [16.87798366666667, 78.66362033333333], [16.87798283333333, 78.66362033333333], [16.877982166666666, 78.66362033333333], [16.877981499999997, 78.66362033333333], [16.877980833333332, 78.66362033333333], [16.877979999999997, 78.6636205], [16.877979333333332, 78.66362033333333], [16.877978499999998, 78.6636205], [16.877977833333333, 78.6636205], [16.877977166666668, 78.6636205], [16.8779765, 78.6636205], [16.877975833333334, 78.6636205], [16.877975166666666, 78.66362033333333], [16.8779745, 78.66362033333333], [16.877974, 78.66362033333333], [16.8779735, 78.66362033333333], [16.877973, 78.66362033333333], [16.877972166666666, 78.66362033333333], [16.877971666666667, 78.66362033333333], [16.877971, 78.66362033333333], [16.877970333333334, 78.66362033333333], [16.877969833333335, 78.66362033333333], [16.877969, 78.66362033333333], [16.877968333333335, 78.6636205], [16.877967666666667, 78.6636205], [16.877967333333334, 78.6636205], [16.87796666666667, 78.66362066666667], [16.877966166666667, 78.66362066666667], [16.877965666666668, 78.66362066666667], [16.87796516666667, 78.66362083333334], [16.8779645, 78.66362083333334], [16.877964000000002, 78.66362099999999], [16.877963333333334, 78.66362099999999], [16.87796266666667, 78.66362099999999], [16.877962, 78.66362116666666], [16.877961333333335, 78.66362116666666], [16.877960499999997, 78.66362116666666], [16.877959833333332, 78.66362133333334], [16.877959166666667, 78.66362133333334], [16.8779585, 78.6636215], [16.877958, 78.6636215], [16.87795733333333, 78.6636215], [16.877956666666666, 78.66362166666666], [16.877955999999998, 78.66362166666666], [16.877955166666666, 78.66362183333334], [16.877954499999998, 78.66362183333334], [16.877953666666667, 78.66362183333334], [16.877952999999998, 78.66362183333334], [16.877952166666667, 78.663622], [16.877951499999998, 78.663622], [16.877950833333333, 78.663622], [16.877950333333334, 78.66362216666667], [16.877949833333332, 78.66362216666667], [16.877949333333333, 78.66362233333332], [16.87794866666667, 78.66362233333332], [16.877948, 78.66362233333332], [16.877947333333335, 78.66362233333332], [16.877946666666666, 78.66362233333332], [16.877946, 78.6636225], [16.8779455, 78.6636225], [16.877945, 78.6636225], [16.8779445, 78.6636225], [16.877944, 78.6636225], [16.877943666666667, 78.6636225], [16.877943166666668, 78.66362266666667], [16.877942833333336, 78.66362266666667], [16.877942333333333, 78.66362266666667], [16.877942, 78.66362266666667], [16.877941500000002, 78.66362266666667], [16.877941, 78.66362266666667], [16.8779405, 78.66362266666667], [16.877939833333336, 78.66362283333333], [16.877939, 78.66362283333333], [16.877938333333336, 78.66362283333333], [16.877937499999998, 78.66362283333333], [16.877936833333333, 78.66362283333333], [16.87793633333333, 78.66362283333333], [16.877935666666666, 78.663623], [16.877934999999997, 78.663623], [16.8779345, 78.663623], [16.877933499999997, 78.663623], [16.877932666666666, 78.663623], [16.877932166666668, 78.663623], [16.8779315, 78.663623], [16.877930833333334, 78.663623], [16.877930166666665, 78.663623], [16.877929333333334, 78.663623], [16.877928666666666, 78.663623], [16.877928333333333, 78.663623], [16.877927833333334, 78.663623], [16.877927333333332, 78.663623], [16.8779265, 78.663623], [16.877925833333332, 78.663623], [16.877925333333334, 78.663623], [16.877925, 78.663623], [16.8779245, 78.66362316666667], [16.877923833333334, 78.66362316666667], [16.87792316666667, 78.66362316666667], [16.8779225, 78.66362316666667], [16.877922, 78.66362316666667], [16.87792166666667, 78.66362316666667], [16.877921166666667, 78.66362316666667], [16.877920666666668, 78.66362316666667], [16.87792016666667, 78.66362316666667], [16.8779195, 78.66362316666667], [16.877918833333336, 78.66362316666667], [16.8779185, 78.66362316666667], [16.877918333333334, 78.66362316666667], [16.877917833333335, 78.66362316666667], [16.877917, 78.66362316666667], [16.877916333333335, 78.66362316666667], [16.87791566666667, 78.66362316666667], [16.87791533333333, 78.66362316666667], [16.877915166666664, 78.66362316666667], [16.8779145, 78.66362316666667], [16.877913999999997, 78.663623], [16.8779135, 78.663623], [16.877913, 78.663623], [16.877912666666667, 78.663623], [16.877912166666665, 78.663623], [16.877911666666666, 78.663623], [16.877910999999997, 78.663623], [16.877910166666666, 78.66362283333333], [16.877909499999998, 78.66362283333333], [16.877909, 78.66362283333333], [16.8779085, 78.663623], [16.87790783333333, 78.663623], [16.877907166666667, 78.663623], [16.877906499999998, 78.663623], [16.877905833333333, 78.663623], [16.877905333333334, 78.663623], [16.877904833333332, 78.663623], [16.877904, 78.66362283333333], [16.877903166666666, 78.66362283333333], [16.8779025, 78.66362283333333], [16.877902, 78.66362283333333], [16.8779015, 78.66362283333333], [16.877901, 78.66362283333333], [16.8779005, 78.66362283333333], [16.877899833333334, 78.66362283333333], [16.8778995, 78.66362283333333], [16.877899, 78.66362283333333], [16.877898666666667, 78.66362283333333], [16.877898166666668, 78.66362283333333], [16.8778975, 78.66362283333333], [16.877897, 78.66362266666667], [16.87789666666667, 78.66362266666667], [16.87789616666667, 78.66362266666667], [16.8778955, 78.66362266666667], [16.877894833333336, 78.66362266666667], [16.877894, 78.66362266666667], [16.877893333333336, 78.66362266666667], [16.877892999999997, 78.66362266666667], [16.87789233333333, 78.66362266666667], [16.877891666666667, 78.66362266666667], [16.877890666666666, 78.66362266666667], [16.877889999999997, 78.66362266666667], [16.8778895, 78.66362283333333], [16.877889166666666, 78.66362283333333], [16.87788833333333, 78.66362283333333], [16.877887666666666, 78.66362283333333], [16.87788683333333, 78.66362283333333], [16.877886333333333, 78.66362283333333], [16.877886, 78.66362283333333], [16.87788533333333, 78.663623], [16.877884833333333, 78.663623], [16.877884166666668, 78.663623], [16.877883666666666, 78.663623], [16.877883166666667, 78.663623], [16.877882833333334, 78.663623], [16.877882333333332, 78.663623], [16.877881666666667, 78.66362283333333], [16.87788116666667, 78.663623], [16.877880833333332, 78.66362283333333], [16.877880333333334, 78.66362283333333], [16.877879833333335, 78.66362283333333], [16.877879333333333, 78.66362283333333], [16.877878833333334, 78.66362283333333], [16.877878333333335, 78.66362283333333], [16.877878, 78.66362283333333], [16.8778775, 78.66362283333333], [16.877877, 78.66362283333333], [16.877876166666667, 78.66362283333333], [16.877875500000002, 78.66362283333333], [16.87787516666667, 78.66362283333333], [16.877874833333333, 78.66362283333333], [16.877874333333335, 78.66362283333333], [16.87787366666667, 78.66362283333333], [16.877873, 78.66362266666667], [16.877872333333336, 78.66362266666667], [16.877872, 78.66362266666667], [16.8778715, 78.66362266666667], [16.877871000000003, 78.66362266666667], [16.877870166666664, 78.66362266666667], [16.8778695, 78.66362266666667], [16.87786883333333, 78.66362266666667], [16.877868499999998, 78.66362266666667], [16.877868166666666, 78.66362266666667], [16.877867666666667, 78.66362266666667], [16.877866833333332, 78.66362266666667], [16.877866166666667, 78.66362266666667], [16.877865666666665, 78.66362266666667], [16.877865166666666, 78.66362266666667], [16.877864666666667, 78.66362266666667], [16.877864, 78.66362266666667], [16.877863333333334, 78.66362266666667], [16.877862666666665, 78.66362266666667], [16.877862333333333, 78.66362266666667], [16.877861833333334, 78.66362283333333], [16.877861166666666, 78.66362283333333], [16.877860666666667, 78.66362283333333], [16.877860166666668, 78.66362283333333], [16.8778595, 78.66362283333333], [16.877858833333335, 78.66362283333333], [16.877858166666666, 78.66362283333333], [16.8778575, 78.66362283333333], [16.877856833333333, 78.66362283333333], [16.877856166666668, 78.66362266666667], [16.8778555, 78.66362266666667], [16.877854833333334, 78.66362266666667], [16.87785416666667, 78.66362266666667], [16.8778535, 78.66362266666667], [16.877853166666668, 78.66362266666667], [16.8778525, 78.66362266666667], [16.87785166666667, 78.6636225], [16.877850833333333, 78.6636225], [16.87785016666667, 78.6636225], [16.87784966666667, 78.6636225], [16.877849, 78.6636225], [16.87784816666667, 78.6636225], [16.877847166666665, 78.6636225], [16.877845999999998, 78.66362233333332], [16.877845166666667, 78.66362233333332], [16.8778445, 78.66362233333332], [16.877843833333333, 78.66362233333332], [16.877843, 78.66362233333332], [16.877841999999998, 78.66362233333332], [16.877841, 78.66362216666667], [16.87784033333333, 78.66362216666667], [16.877839666666667, 78.66362216666667], [16.877838666666666, 78.66362216666667], [16.877837833333334, 78.66362216666667], [16.877836833333333, 78.66362216666667], [16.87783616666667, 78.66362216666667], [16.8778355, 78.66362216666667], [16.877834833333335, 78.66362216666667], [16.877834, 78.66362216666667], [16.87783316666667, 78.66362216666667], [16.8778325, 78.66362216666667], [16.87783166666667, 78.66362216666667], [16.877831, 78.66362216666667], [16.87783016666667, 78.663622], [16.877829166666668, 78.663622], [16.8778285, 78.663622], [16.87782766666667, 78.663622], [16.877827, 78.663622], [16.877826333333335, 78.663622], [16.877825499999997, 78.66362183333334], [16.877824666666665, 78.66362183333334], [16.87782383333333, 78.66362183333334], [16.877823166666666, 78.66362183333334], [16.87782233333333, 78.66362183333334], [16.8778215, 78.66362183333334], [16.877820666666665, 78.66362166666666], [16.877819833333334, 78.66362166666666], [16.877819, 78.66362166666666], [16.877818166666668, 78.6636215], [16.877817666666665, 78.66362166666666], [16.877816833333334, 78.6636215], [16.877816, 78.6636215], [16.877815, 78.6636215], [16.877814166666667, 78.6636215], [16.8778135, 78.66362133333334], [16.877812833333333, 78.66362133333334], [16.877812333333335, 78.66362133333334], [16.8778115, 78.66362116666666], [16.877810833333335, 78.66362116666666], [16.877810166666666, 78.66362099999999], [16.8778095, 78.66362099999999], [16.877809, 78.66362099999999], [16.877808166666668, 78.66362099999999], [16.8778075, 78.66362099999999], [16.877806666666668, 78.66362099999999], [16.877805833333333, 78.66362099999999], [16.877805000000002, 78.66362099999999], [16.877804166666667, 78.66362083333334], [16.877803500000002, 78.66362083333334], [16.87780283333333, 78.66362083333334], [16.877802166666665, 78.66362083333334], [16.87780133333333, 78.66362066666667], [16.877800666666666, 78.66362066666667], [16.87779983333333, 78.66362066666667], [16.877799166666666, 78.66362066666667], [16.877798499999997, 78.66362066666667], [16.877797833333332, 78.66362066666667], [16.87779683333333, 78.6636205], [16.877796166666666, 78.6636205], [16.877795166666665, 78.6636205], [16.877794333333334, 78.6636205], [16.877793666666665, 78.6636205], [16.877793, 78.6636205], [16.877792, 78.6636205], [16.877790833333332, 78.6636205], [16.87778966666667, 78.6636205], [16.877788833333334, 78.6636205], [16.87778816666667, 78.6636205], [16.877787333333334, 78.6636205], [16.877786333333333, 78.6636205], [16.877785333333335, 78.6636205], [16.877784333333334, 78.6636205], [16.8777835, 78.6636205], [16.877782833333335, 78.6636205], [16.877782, 78.6636205], [16.877781000000002, 78.6636205], [16.877780166666664, 78.66362033333333], [16.877779166666667, 78.66362033333333], [16.87777833333333, 78.66362033333333], [16.877777499999997, 78.66362033333333], [16.877776666666666, 78.66362033333333], [16.877775666666665, 78.66362033333333], [16.877774833333334, 78.66362033333333], [16.877774166666665, 78.66362033333333], [16.877773333333334, 78.66362016666668], [16.877772666666665, 78.66362016666668], [16.877771833333334, 78.66362016666668], [16.877771, 78.66362000000001], [16.877770333333334, 78.66362000000001], [16.877769833333332, 78.66362000000001], [16.877769166666667, 78.66361983333333], [16.877768166666666, 78.66361983333333], [16.877767333333335, 78.66361983333333], [16.877766666666666, 78.66361983333333], [16.877766, 78.66361983333333], [16.877765333333333, 78.66361966666666], [16.8777645, 78.66361966666666], [16.877763666666667, 78.66361950000001], [16.87776266666667, 78.66361950000001], [16.877762, 78.66361950000001], [16.877761500000002, 78.66361950000001], [16.877760833333333, 78.66361933333333], [16.87776016666667, 78.66361933333333], [16.877759333333334, 78.66361916666666], [16.877758500000002, 78.66361916666666], [16.87775783333333, 78.66361916666666], [16.877757166666665, 78.66361916666666], [16.877756666666667, 78.663619], [16.87775583333333, 78.663619], [16.877754999999997, 78.663619], [16.877754, 78.663619], [16.877753, 78.663619], [16.877752333333333, 78.663619], [16.87775183333333, 78.663619], [16.877751, 78.66361883333335], [16.877750499999998, 78.66361883333335], [16.877749666666666, 78.66361883333335], [16.87774883333333, 78.66361866666666], [16.877748333333333, 78.66361866666666], [16.877747499999998, 78.66361866666666], [16.877746833333333, 78.66361866666666], [16.877746, 78.6636185], [16.877745166666667, 78.6636185], [16.877744333333332, 78.66361833333333], [16.877743666666667, 78.66361833333333], [16.877742833333333, 78.66361833333333], [16.877742166666668, 78.66361816666667], [16.8777415, 78.66361816666667], [16.877740666666668, 78.663618], [16.877739666666667, 78.663618], [16.877739000000002, 78.66361783333333], [16.877738333333333, 78.66361783333333], [16.877737833333335, 78.66361783333333], [16.877737, 78.66361766666667], [16.87773616666667, 78.66361766666667], [16.877735499999996, 78.6636175], [16.877734666666665, 78.6636175], [16.877734166666666, 78.6636175], [16.877733499999998, 78.66361733333333], [16.877733, 78.66361733333333], [16.877732166666664, 78.66361733333333], [16.877731666666666, 78.66361716666667], [16.877731, 78.66361716666667], [16.8777305, 78.66361716666667], [16.87773, 78.663617], [16.8777295, 78.663617], [16.877728666666666, 78.663617], [16.877728, 78.66361683333334], [16.877727666666665, 78.66361683333334], [16.877727166666666, 78.66361683333334], [16.877726666666668, 78.66361666666667], [16.877726166666665, 78.66361666666667], [16.877725666666667, 78.66361666666667], [16.877725, 78.66361666666667], [16.8777245, 78.6636165], [16.877724, 78.6636165], [16.877723333333332, 78.6636165], [16.877722666666667, 78.66361633333332], [16.877722000000002, 78.66361633333332], [16.8777215, 78.66361633333332], [16.877720833333335, 78.66361616666667], [16.877720166666666, 78.66361616666667], [16.8777195, 78.663616], [16.877718666666667, 78.663616], [16.877718, 78.66361583333334], [16.877717500000003, 78.66361583333334], [16.877716833333334, 78.66361566666666], [16.87771616666667, 78.66361566666666], [16.877715333333335, 78.6636155], [16.87771466666667, 78.6636155], [16.877713833333335, 78.66361533333334], [16.877713000000004, 78.66361516666666], [16.877712166666665, 78.66361516666666], [16.877711166666664, 78.66361516666666], [16.87771, 78.663615], [16.877709, 78.66361483333334], [16.87770833333333, 78.66361483333334], [16.8777075, 78.66361466666667], [16.87770683333333, 78.66361466666667], [16.877706, 78.6636145], [16.877705166666665, 78.6636145], [16.877704166666668, 78.66361433333333], [16.877703, 78.66361433333333], [16.877702166666666, 78.66361433333333], [16.877701166666668, 78.66361416666668], [16.877700166666667, 78.66361416666668], [16.877699333333332, 78.66361416666668], [16.877698333333335, 78.66361400000001], [16.877697666666666, 78.66361400000001], [16.877697, 78.66361400000001], [16.877696500000003, 78.66361383333333], [16.877695833333334, 78.66361383333333], [16.877694833333333, 78.66361366666666], [16.877694333333334, 78.66361366666666], [16.877693333333333, 78.66361366666666], [16.877693, 78.66361350000001], [16.87769216666667, 78.66361350000001], [16.877691333333335, 78.66361350000001], [16.87769066666667, 78.66361333333333], [16.877689999999998, 78.66361333333333], [16.8776895, 78.66361333333333], [16.877689, 78.66361333333333], [16.877688499999998, 78.66361316666666], [16.877687833333333, 78.66361316666666], [16.877687166666664, 78.66361316666666], [16.877686333333333, 78.66361316666666], [16.87768583333333, 78.66361316666666], [16.877685333333332, 78.66361316666666], [16.877684666666667, 78.66361316666666], [16.877684, 78.66361316666666], [16.8776835, 78.663613], [16.877683, 78.663613], [16.877682333333333, 78.663613], [16.877681666666668, 78.663613], [16.877681166666665, 78.663613], [16.877680333333334, 78.663613], [16.87767983333333, 78.663613], [16.877679333333333, 78.66361283333335], [16.877678500000002, 78.66361283333335], [16.8776775, 78.66361283333335], [16.877676833333332, 78.66361266666667], [16.877676333333334, 78.66361266666667], [16.877675833333335, 78.66361266666667], [16.877675166666666, 78.6636125], [16.8776745, 78.66361233333333], [16.8776735, 78.66361233333333], [16.877672833333335, 78.66361233333333], [16.877672166666667, 78.66361216666665], [16.8776715, 78.66361216666665], [16.8776705, 78.66361216666665], [16.877669500000003, 78.663612], [16.87766866666667, 78.663612], [16.87766783333333, 78.66361183333333], [16.87766733333333, 78.66361166666667], [16.877666666666666, 78.66361166666667], [16.87766583333333, 78.66361149999999], [16.877665, 78.66361149999999], [16.877664333333332, 78.66361133333334], [16.877663666666667, 78.66361133333334], [16.877663, 78.66361116666667], [16.877662333333333, 78.663611], [16.8776615, 78.663611], [16.8776605, 78.66361083333332], [16.877659833333333, 78.66361083333332], [16.877659, 78.66361066666667], [16.877658333333333, 78.66361066666667], [16.877657833333334, 78.6636105], [16.877657166666665, 78.6636105], [16.8776565, 78.6636105], [16.877656, 78.66361033333332], [16.877655333333333, 78.66361033333332], [16.87765466666667, 78.66361033333332], [16.877654, 78.66361016666666], [16.877653333333335, 78.66361016666666], [16.877652666666666, 78.66361016666666], [16.877652, 78.66361], [16.877651500000002, 78.66361], [16.877650833333334, 78.66361], [16.87765016666667, 78.66360983333334], [16.877649666666667, 78.66360983333334], [16.877649166666668, 78.66360983333334], [16.877648500000003, 78.66360983333334], [16.877648, 78.66360966666666], [16.877647333333336, 78.66360966666666], [16.877646833333333, 78.66360966666666], [16.877646333333335, 78.66360966666666], [16.877645833333336, 78.66360966666666], [16.87764533333333, 78.66360966666666], [16.87764483333333, 78.66360966666666], [16.877644166666666, 78.66360966666666], [16.87764333333333, 78.66360966666666], [16.877642833333333, 78.66360949999999], [16.87764233333333, 78.66360949999999], [16.877641999999998, 78.66360949999999], [16.877641166666667, 78.66360949999999], [16.8776405, 78.66360949999999], [16.8776395, 78.66360933333334], [16.877638833333332, 78.66360933333334], [16.8776385, 78.66360916666666], [16.877638, 78.66360916666666], [16.877637333333332, 78.66360916666666], [16.87763633333333, 78.663609], [16.877635833333333, 78.663609], [16.877635333333334, 78.66360883333333], [16.877635, 78.66360883333333], [16.877634333333333, 78.66360866666668], [16.877633666666668, 78.66360866666668], [16.877632666666667, 78.66360866666668], [16.877631833333332, 78.6636085], [16.877631333333333, 78.6636085], [16.877630833333335, 78.66360833333333], [16.877630166666666, 78.66360833333333], [16.8776295, 78.66360816666666], [16.877628666666666, 78.66360816666666], [16.877627833333335, 78.66360800000001], [16.877627166666667, 78.66360800000001], [16.877626666666668, 78.66360800000001], [16.877626000000003, 78.66360783333333], [16.877625333333334, 78.66360783333333], [16.877624500000003, 78.66360783333333], [16.87762366666667, 78.66360783333333], [16.87762316666667, 78.66360783333333], [16.877622666666664, 78.66360766666666], [16.877622, 78.66360766666666], [16.87762133333333, 78.66360766666666], [16.8776205, 78.6636075], [16.87761983333333, 78.6636075], [16.87761933333333, 78.6636075], [16.877618666666667, 78.6636075], [16.877618, 78.6636075], [16.877617166666667, 78.66360733333333], [16.877616666666665, 78.66360733333333], [16.877616, 78.66360733333333], [16.87761533333333, 78.66360733333333], [16.877614666666666, 78.66360733333333], [16.877614166666667, 78.66360733333333], [16.8776135, 78.66360733333333], [16.877613, 78.66360733333333], [16.8776125, 78.66360733333333], [16.877611833333333, 78.66360733333333], [16.877611166666668, 78.66360716666667], [16.8776105, 78.66360716666667], [16.87761, 78.66360716666667], [16.877609333333332, 78.66360716666667], [16.877608666666667, 78.66360716666667], [16.877608000000002, 78.66360716666667], [16.877607333333334, 78.663607], [16.87760666666667, 78.663607], [16.877606166666666, 78.66360716666667], [16.8776055, 78.66360716666667], [16.877604833333333, 78.663607], [16.877604166666668, 78.663607], [16.877603500000003, 78.66360716666667], [16.877602833333334, 78.66360716666667], [16.877602000000003, 78.663607], [16.87760116666667, 78.66360716666667], [16.87760033333333, 78.66360716666667], [16.877599666666665, 78.66360716666667], [16.87759883333333, 78.66360716666667], [16.87759833333333, 78.66360716666667], [16.877597666666666, 78.66360716666667], [16.877596999999998, 78.66360716666667], [16.877596333333333, 78.66360716666667], [16.877595499999998, 78.66360716666667], [16.877594833333333, 78.66360716666667], [16.877594, 78.66360716666667], [16.877593166666667, 78.66360716666667], [16.877592166666666, 78.66360716666667], [16.87759133333333, 78.66360716666667], [16.877590666666666, 78.66360716666667], [16.87758983333333, 78.66360716666667], [16.877589166666667, 78.66360716666667], [16.877588333333332, 78.66360716666667], [16.8775875, 78.66360716666667], [16.877586833333332, 78.66360716666667], [16.877585833333335, 78.66360716666667], [16.877584833333334, 78.66360716666667], [16.877584000000002, 78.66360716666667], [16.877583166666668, 78.66360716666667], [16.877582333333333, 78.66360716666667], [16.8775815, 78.66360716666667], [16.877580666666667, 78.66360716666667], [16.877579833333336, 78.66360716666667], [16.877579166666667, 78.66360716666667], [16.877578333333336, 78.66360716666667], [16.877577666666664, 78.66360716666667], [16.877576666666666, 78.66360716666667], [16.87757583333333, 78.66360716666667], [16.877575, 78.66360716666667], [16.877574166666665, 78.66360716666667], [16.87757333333333, 78.66360716666667], [16.877572333333333, 78.66360716666667], [16.8775715, 78.66360716666667], [16.877570666666667, 78.66360716666667], [16.877570166666665, 78.66360716666667], [16.8775695, 78.66360716666667], [16.877568666666665, 78.66360716666667], [16.877568, 78.66360716666667], [16.87756733333333, 78.663607], [16.877566666666667, 78.663607], [16.877566166666668, 78.663607], [16.8775655, 78.66360683333333], [16.877564666666668, 78.66360683333333], [16.877563833333333, 78.66360683333333], [16.87756316666667, 78.66360666666667], [16.877562666666666, 78.66360666666667], [16.877562, 78.66360666666667], [16.877561333333333, 78.66360666666667], [16.877560666666668, 78.6636065], [16.87756016666667, 78.6636065], [16.8775595, 78.6636065], [16.877558833333335, 78.66360633333333], [16.877557833333334, 78.66360633333333], [16.877556833333333, 78.66360633333333], [16.877556000000002, 78.66360633333333], [16.877555166666664, 78.66360633333333], [16.8775545, 78.66360633333333], [16.87755383333333, 78.66360633333333], [16.877553166666665, 78.66360633333333], [16.87755233333333, 78.66360633333333], [16.877551666666665, 78.66360633333333], [16.877551, 78.66360633333333], [16.877550166666666, 78.6636065], [16.8775495, 78.6636065], [16.8775485, 78.6636065], [16.87754783333333, 78.6636065], [16.877547, 78.6636065], [16.877546166666665, 78.6636065], [16.877545333333334, 78.6636065], [16.877544666666665, 78.6636065], [16.877543833333334, 78.6636065], [16.877543166666666, 78.6636065], [16.8775425, 78.6636065], [16.877541666666666, 78.6636065], [16.877541, 78.66360633333333], [16.877540166666666, 78.66360633333333], [16.8775395, 78.66360633333333], [16.877538833333332, 78.66360633333333], [16.877538166666668, 78.66360616666665], [16.877537500000003, 78.66360616666665], [16.877536833333334, 78.66360616666665], [16.877536000000003, 78.663606], [16.877535333333334, 78.663606], [16.87753466666667, 78.663606], [16.877533833333334, 78.66360583333334], [16.877533000000003, 78.66360583333334], [16.877532166666665, 78.66360583333334], [16.87753133333333, 78.66360583333334], [16.877530666666665, 78.66360566666667], [16.87753, 78.66360566666667], [16.877529, 78.66360566666667], [16.87752833333333, 78.66360566666667], [16.877527666666666, 78.66360566666667], [16.877527, 78.66360566666667], [16.877526333333332, 78.66360549999999], [16.8775255, 78.66360549999999], [16.877524666666666, 78.66360549999999], [16.87752383333333, 78.66360549999999], [16.877523, 78.66360549999999], [16.87752233333333, 78.66360533333334], [16.8775215, 78.66360533333334], [16.8775205, 78.66360533333334], [16.877519833333334, 78.66360533333334], [16.877519, 78.66360533333334], [16.877518333333335, 78.66360533333334], [16.877517666666666, 78.66360516666667], [16.877516833333335, 78.66360516666667], [16.877515833333334, 78.663605], [16.877515000000002, 78.663605], [16.877514166666668, 78.663605], [16.877513333333333, 78.663605], [16.877512666666668, 78.66360483333332], [16.877511666666667, 78.66360483333332], [16.877510833333336, 78.66360483333332], [16.877509999999997, 78.66360483333332], [16.877509333333332, 78.66360466666667], [16.877508666666664, 78.66360466666667], [16.877508, 78.66360466666667], [16.877507166666664, 78.66360466666667], [16.877506166666667, 78.66360466666667], [16.877505166666666, 78.6636045], [16.87750433333333, 78.6636045], [16.8775035, 78.6636045], [16.877502666666665, 78.6636045], [16.877501833333334, 78.66360433333332], [16.877501, 78.66360433333332], [16.8775, 78.66360433333332], [16.877499333333333, 78.66360416666666], [16.877498666666668, 78.66360416666666], [16.877498166666665, 78.66360416666666], [16.8774975, 78.66360416666666], [16.877496333333333, 78.66360416666666], [16.877495333333332, 78.663604], [16.8774945, 78.663604], [16.877493833333332, 78.663604], [16.877493166666667, 78.663604], [16.877492166666666, 78.663604], [16.87749116666667, 78.66360383333334], [16.877490333333334, 78.66360383333334], [16.87748966666667, 78.66360366666666], [16.877489166666667, 78.66360366666666], [16.877488500000002, 78.66360366666666], [16.877487499999997, 78.66360366666666], [16.877486666666666, 78.66360366666666], [16.877485666666665, 78.66360366666666], [16.87748483333333, 78.6636035], [16.877484, 78.6636035], [16.87748333333333, 78.6636035], [16.877482333333333, 78.6636035], [16.877481333333332, 78.66360333333334], [16.8774805, 78.66360333333334], [16.877479833333332, 78.66360333333334], [16.877479166666667, 78.66360333333334], [16.877478333333332, 78.66360333333334], [16.8774775, 78.66360333333334], [16.877476666666666, 78.66360333333334], [16.877476, 78.66360316666666], [16.877475333333333, 78.66360316666666], [16.8774745, 78.66360316666666], [16.877473666666667, 78.66360316666666], [16.877472666666666, 78.66360316666666], [16.877471833333335, 78.66360316666666], [16.877471, 78.663603], [16.877469833333336, 78.663603], [16.877469, 78.663603], [16.877468166666667, 78.663603], [16.877467333333335, 78.663603], [16.877466333333334, 78.663603], [16.877465333333337, 78.663603], [16.877464166666666, 78.663603], [16.877463166666665, 78.663603], [16.877462333333334, 78.663603], [16.877461333333333, 78.663603], [16.877460666666664, 78.663603], [16.87746, 78.663603], [16.877459166666664, 78.663603], [16.877458333333333, 78.663603], [16.877457333333332, 78.663603], [16.8774565, 78.663603], [16.877455666666666, 78.663603], [16.877454666666665, 78.663603], [16.877453833333334, 78.663603], [16.877453, 78.663603], [16.877452, 78.663603], [16.877451166666667, 78.663603], [16.877450333333336, 78.663603], [16.8774495, 78.663603], [16.8774485, 78.663603], [16.87744766666667, 78.663603], [16.877446666666668, 78.663603], [16.877445833333336, 78.663603], [16.877445, 78.663603], [16.877444333333337, 78.663603], [16.877443500000002, 78.663603], [16.877442666666663, 78.663603], [16.877442, 78.663603], [16.877441166666664, 78.663603], [16.877440166666666, 78.663603], [16.877439166666665, 78.663603], [16.877438166666664, 78.663603], [16.877437333333333, 78.663603], [16.877436333333332, 78.663603], [16.8774355, 78.663603], [16.8774345, 78.66360283333333], [16.877433666666665, 78.66360283333333], [16.877432833333334, 78.66360283333333], [16.877432, 78.66360283333333], [16.877431166666668, 78.66360283333333], [16.877430333333333, 78.66360283333333], [16.8774295, 78.66360283333333], [16.877428666666667, 78.66360283333333], [16.877427833333336, 78.66360266666668], [16.877426833333335, 78.66360266666668], [16.877426, 78.66360266666668], [16.877425000000002, 78.66360266666668], [16.877424166666668, 78.6636025], [16.877423333333336, 78.6636025], [16.8774225, 78.6636025], [16.877421333333334, 78.66360233333333], [16.877420500000003, 78.66360233333333], [16.877419666666665, 78.66360233333333], [16.877419, 78.66360216666666], [16.877418166666665, 78.66360216666666], [16.877417166666664, 78.66360216666666], [16.877416, 78.66360200000001], [16.877415, 78.66360200000001], [16.877414166666664, 78.66360200000001], [16.877413166666667, 78.66360200000001], [16.877412166666666, 78.66360200000001], [16.877411166666665, 78.66360200000001], [16.877410333333334, 78.66360200000001], [16.8774095, 78.66360200000001], [16.877408666666668, 78.66360200000001], [16.8774075, 78.66360200000001], [16.877406666666666, 78.66360183333333], [16.877405500000002, 78.66360183333333], [16.877404666666667, 78.66360183333333], [16.877403833333336, 78.66360166666666], [16.877402833333335, 78.66360166666666], [16.877402, 78.6636015], [16.87740116666667, 78.6636015], [16.8774005, 78.66360133333333], [16.87739966666667, 78.66360133333333], [16.877398833333334, 78.66360116666667], [16.877398000000003, 78.66360116666667], [16.87739733333333, 78.663601], [16.8773965, 78.663601], [16.8773955, 78.663601], [16.877394666666664, 78.663601], [16.877394, 78.663601], [16.877393166666664, 78.66360083333333], [16.877392333333333, 78.66360083333333], [16.877391499999998, 78.66360083333333], [16.8773905, 78.66360083333333], [16.877389666666666, 78.66360066666667], [16.877389, 78.66360066666667], [16.877388333333332, 78.66360066666667], [16.8773875, 78.66360066666667], [16.877386666666666, 78.66360066666667], [16.877385666666665, 78.66360066666667], [16.877385, 78.66360066666667], [16.877384, 78.66360066666667], [16.877383166666668, 78.66360066666667], [16.877382333333333, 78.6636005], [16.877381500000002, 78.6636005], [16.8773805, 78.6636005], [16.877379666666666, 78.6636005], [16.877378833333335, 78.6636005], [16.877378, 78.6636005], [16.87737716666667, 78.6636005], [16.877376166666668, 78.66360033333333], [16.877375166666663, 78.66360033333333], [16.877374166666666, 78.66360033333333], [16.877373166666665, 78.6636005], [16.877372166666664, 78.66360033333333], [16.8773715, 78.66360033333333], [16.877370499999998, 78.66360033333333], [16.877369666666667, 78.66360033333333], [16.877368833333332, 78.66360033333333], [16.877368, 78.66360033333333], [16.877367333333332, 78.66360033333333], [16.8773665, 78.66360033333333], [16.877365666666666, 78.66360033333333], [16.877364666666665, 78.66360016666665], [16.877363666666668, 78.66360016666665], [16.877362833333333, 78.66360016666665], [16.877362, 78.66360016666665], [16.877361166666667, 78.66360016666665], [16.877360166666666, 78.66360016666665], [16.87735916666667, 78.6636], [16.877358333333333, 78.6636], [16.877357333333336, 78.6636], [16.877356666666667, 78.6636], [16.877355833333336, 78.6636], [16.877355, 78.66360016666665], [16.877354, 78.6636], [16.87735316666667, 78.6636], [16.87735233333333, 78.66360016666665], [16.877351333333333, 78.66360016666665], [16.8773505, 78.66360016666665], [16.87734933333333, 78.66360016666665], [16.877348333333334, 78.6636], [16.877347333333333, 78.66360016666665], [16.877346499999998, 78.6636], [16.8773455, 78.6636], [16.877344666666666, 78.6636], [16.877343666666665, 78.6636], [16.877342833333334, 78.6636], [16.877342166666665, 78.6636], [16.877341333333334, 78.6636], [16.877340666666665, 78.66359983333334], [16.877339666666668, 78.66359983333334], [16.877338833333333, 78.66359983333334], [16.877338, 78.66359983333334], [16.877337333333333, 78.66359966666667], [16.877336666666668, 78.66359966666667], [16.877335833333333, 78.66359966666667], [16.877334833333336, 78.66359966666667], [16.877333833333335, 78.66359949999999], [16.877333166666666, 78.66359949999999], [16.877332333333335, 78.66359949999999], [16.877331666666667, 78.66359949999999], [16.87733066666667, 78.66359949999999], [16.877329666666665, 78.66359949999999], [16.877328666666664, 78.66359949999999], [16.877328, 78.66359949999999], [16.877326999999998, 78.66359949999999], [16.877326166666666, 78.66359933333334], [16.87732533333333, 78.66359933333334], [16.877324333333334, 78.66359933333334], [16.877323333333333, 78.66359933333334], [16.8773225, 78.66359933333334], [16.877321666666667, 78.66359933333334], [16.877320666666666, 78.66359933333334], [16.877319666666665, 78.66359933333334], [16.8773185, 78.66359933333334], [16.8773175, 78.66359933333334], [16.877316666666665, 78.66359933333334], [16.877315833333334, 78.66359933333334], [16.877315, 78.66359933333334], [16.877313833333336, 78.66359933333334], [16.87731266666667, 78.66359933333334], [16.877311833333334, 78.66359933333334], [16.877310833333336, 78.66359933333334], [16.87731, 78.66359916666667], [16.877309, 78.66359916666667], [16.877308000000003, 78.66359916666667], [16.877306833333332, 78.66359916666667], [16.877305999999997, 78.66359916666667], [16.877305166666666, 78.66359916666667], [16.877304499999997, 78.66359916666667], [16.8773035, 78.663599], [16.877302333333333, 78.663599], [16.87730133333333, 78.663599], [16.8773005, 78.663599], [16.877299999999998, 78.663599], [16.877299166666667, 78.663599], [16.877298333333332, 78.663599], [16.877297333333335, 78.66359883333332], [16.877296333333334, 78.66359883333332], [16.8772955, 78.66359883333332], [16.877294833333334, 78.66359883333332], [16.877294166666665, 78.66359883333332], [16.877293, 78.66359883333332], [16.877292, 78.66359883333332], [16.877291166666666, 78.66359883333332], [16.877290666666667, 78.66359883333332], [16.877290000000002, 78.66359883333332], [16.877289166666667, 78.66359883333332], [16.877288166666666, 78.66359866666667], [16.877287333333335, 78.66359866666667], [16.877286833333336, 78.66359866666667], [16.877286166666668, 78.66359866666667], [16.87728566666667, 78.66359866666667], [16.87728483333333, 78.66359866666667], [16.877284, 78.66359866666667], [16.877283166666665, 78.66359866666667], [16.877282333333333, 78.66359866666667], [16.87728183333333, 78.66359866666667], [16.877281166666666, 78.66359866666667], [16.877280499999998, 78.66359866666667], [16.8772795, 78.6635985], [16.877278666666665, 78.6635985], [16.877277833333334, 78.6635985], [16.877277166666666, 78.6635985], [16.8772765, 78.6635985], [16.877275666666666, 78.6635985], [16.877274833333335, 78.6635985], [16.877274, 78.6635985], [16.8772735, 78.6635985], [16.877272833333333, 78.6635985], [16.877272166666668, 78.6635985], [16.877271166666667, 78.6635985], [16.87727, 78.6635985], [16.877269166666668, 78.6635985], [16.8772685, 78.6635985], [16.877267833333335, 78.6635985], [16.877267, 78.6635985], [16.87726616666667, 78.6635985], [16.877265166666668, 78.6635985], [16.877264333333336, 78.6635985], [16.8772635, 78.6635985], [16.877262833333337, 78.6635985], [16.877261999999998, 78.6635985], [16.877261166666663, 78.6635985], [16.87726, 78.6635985], [16.877259166666665, 78.6635985], [16.8772585, 78.6635985], [16.87725783333333, 78.6635985], [16.877257, 78.6635985], [16.877256166666665, 78.6635985], [16.877255333333334, 78.66359833333333], [16.877254666666666, 78.66359833333333], [16.877254, 78.66359833333333], [16.877253166666666, 78.66359833333333], [16.877252333333335, 78.66359833333333], [16.877251166666667, 78.66359833333333], [16.87725, 78.66359833333333], [16.877248833333333, 78.6635985], [16.877247333333333, 78.66359883333332], [16.87724516666667, 78.66359933333334], [16.87724216666667, 78.66360016666665], [16.877238666666663, 78.66360133333333], [16.877234666666666, 78.6636025], [16.877230166666667, 78.663604], [16.877225166666666, 78.66360549999999], [16.87722, 78.663607], [16.877214499999997, 78.6636085], [16.877208666666668, 78.66361], [16.8772025, 78.66361166666667], [16.877196, 78.66361316666666], [16.8771895, 78.66361483333334], [16.877182666666666, 78.6636165], [16.87717566666667, 78.66361816666667], [16.877167999999998, 78.66361966666666], [16.87716066666667, 78.66362133333334], [16.87715316666667, 78.66362266666667], [16.877145166666665, 78.663624], [16.87713666666667, 78.66362533333333], [16.877128333333335, 78.66362666666667], [16.87711983333333, 78.663628], [16.87711116666667, 78.66362916666667], [16.877102333333333, 78.66363033333333], [16.877093333333335, 78.66363150000001], [16.877084, 78.66363266666667], [16.877074666666665, 78.66363366666666], [16.877065666666667, 78.66363483333333], [16.877056333333332, 78.66363583333333], [16.87704666666667, 78.66363683333334], [16.87703683333333, 78.66363783333333], [16.877027166666668, 78.66363883333334], [16.877017333333335, 78.66363983333333], [16.877007499999998, 78.66364083333333], [16.876997833333334, 78.66364183333333], [16.87698783333333, 78.66364283333334], [16.876978166666667, 78.66364366666667], [16.87696833333333, 78.66364449999999], [16.876958333333334, 78.6636455], [16.8769485, 78.66364633333333], [16.876938666666668, 78.66364716666666], [16.876928666666668, 78.663648], [16.876918666666665, 78.66364866666666], [16.876908500000003, 78.6636495], [16.876898333333333, 78.66365016666667], [16.876888333333333, 78.663651], [16.876877999999998, 78.66365166666667], [16.876867833333332, 78.66365233333333], [16.876857833333336, 78.66365300000001], [16.8768475, 78.66365383333333], [16.8768375, 78.66365449999999], [16.876827166666665, 78.66365516666666], [16.876817000000003, 78.66365583333332], [16.876806666666667, 78.66365633333334], [16.876796333333335, 78.663657], [16.876786166666665, 78.66365766666667], [16.876775833333333, 78.66365833333333], [16.876765499999998, 78.66365900000001], [16.876755333333332, 78.6636595], [16.876745000000003, 78.66366016666666], [16.876734666666668, 78.66366083333334], [16.876724333333335, 78.66366133333332], [16.876714166666666, 78.663662], [16.876703833333334, 78.6636625], [16.876693666666664, 78.663663], [16.876683333333336, 78.66366366666666], [16.876673, 78.66366416666666], [16.876662833333334, 78.66366466666666], [16.876652666666665, 78.66366533333333], [16.876642333333333, 78.66366583333334], [16.876632166666663, 78.66366633333334], [16.876622, 78.66366683333334], [16.87661166666667, 78.6636675], [16.876601166666667, 78.663668], [16.876591, 78.6636685], [16.876580833333332, 78.663669], [16.8765705, 78.66366966666666], [16.876559999999998, 78.66367016666666], [16.8765495, 78.66367066666666], [16.876539333333334, 78.66367116666667], [16.876529166666668, 78.66367183333334], [16.8765185, 78.66367233333334], [16.876508333333334, 78.663673], [16.876498, 78.6636735], [16.876487833333332, 78.663674], [16.8764775, 78.66367466666667], [16.876467333333334, 78.66367516666666], [16.876457000000002, 78.66367566666666], [16.876446833333333, 78.66367616666666], [16.8764365, 78.66367683333333], [16.876426166666665, 78.66367733333333], [16.876416, 78.66367783333334], [16.876405666666667, 78.66367833333334], [16.8763955, 78.663679], [16.876385333333335, 78.6636795], [16.876375166666666, 78.66368000000001], [16.876364833333334, 78.66368066666668], [16.876354666666668, 78.66368116666666], [16.876344333333336, 78.66368183333334], [16.876334, 78.66368233333333], [16.876323833333334, 78.663683], [16.876313666666665, 78.66368349999999], [16.876303333333333, 78.66368416666666], [16.876293166666667, 78.66368466666667], [16.876283, 78.66368533333333], [16.87627266666667, 78.66368583333333], [16.876262333333333, 78.6636865], [16.876252166666667, 78.66368716666666], [16.87624183333333, 78.66368783333334], [16.87623166666667, 78.6636885], [16.876221333333334, 78.663689], [16.876211166666668, 78.66368966666667], [16.876200833333332, 78.66369033333334], [16.8761905, 78.663691], [16.87618033333333, 78.66369166666667], [16.876170166666668, 78.66369233333333], [16.876160000000002, 78.663693], [16.876149666666667, 78.66369366666666], [16.8761395, 78.66369433333332], [16.876129166666665, 78.663695], [16.876118833333333, 78.66369583333334], [16.876108666666667, 78.6636965], [16.8760985, 78.66369716666667], [16.876088166666666, 78.66369783333333], [16.876078, 78.66369866666668], [16.876068166666666, 78.66369933333334], [16.876058, 78.6637], [16.876047833333335, 78.66370083333332], [16.876037666666665, 78.66370149999999], [16.876027833333335, 78.66370233333333], [16.876017666666666, 78.663703], [16.876007666666666, 78.66370383333333], [16.875997666666667, 78.6637045], [16.875987666666667, 78.66370533333334], [16.875977666666664, 78.663706], [16.8759675, 78.66370683333334], [16.875957500000002, 78.66370766666667], [16.8759475, 78.6637085], [16.875937500000003, 78.66370916666666], [16.875927666666666, 78.66371000000001], [16.875917666666666, 78.66371083333334], [16.875907666666667, 78.66371166666666], [16.875897833333333, 78.6637125], [16.875887833333334, 78.66371333333333], [16.875878, 78.66371416666667], [16.875868, 78.663715], [16.875858, 78.66371600000001], [16.875848, 78.66371683333334], [16.875838166666664, 78.66371766666666], [16.875828333333335, 78.6637185], [16.875818499999998, 78.66371933333333], [16.875808333333335, 78.66372033333333], [16.8757985, 78.66372116666666], [16.8757885, 78.663722], [16.875778333333336, 78.66372283333334], [16.875768333333333, 78.66372383333334], [16.8757585, 78.66372466666667], [16.8757485, 78.6637255], [16.875738333333334, 78.66372633333334], [16.87572833333333, 78.66372716666666], [16.875718166666665, 78.663728], [16.875708, 78.663729], [16.875697833333334, 78.66372983333333], [16.875687833333334, 78.66373066666667], [16.875677666666665, 78.6637315], [16.875667500000002, 78.6637325], [16.875657166666667, 78.66373333333333], [16.875647166666667, 78.66373416666667], [16.875636999999998, 78.663735], [16.87562666666667, 78.66373583333333], [16.8756165, 78.66373666666667], [16.875606333333334, 78.6637375], [16.875596166666664, 78.66373833333334], [16.875585833333332, 78.66373916666666], [16.87557566666667, 78.66374], [16.8755655, 78.66374083333334], [16.8755555, 78.66374183333333], [16.875545499999998, 78.66374266666666], [16.87553516666667, 78.6637435], [16.875525166666666, 78.66374433333334], [16.875515, 78.66374516666666], [16.87550483333333, 78.663746], [16.8754945, 78.66374683333333], [16.875484333333336, 78.66374783333335], [16.875474333333333, 78.66374866666666], [16.875464166666667, 78.6637495], [16.875454166666668, 78.66375033333334], [16.875444, 78.66375116666667], [16.875434, 78.663752], [16.875423833333333, 78.66375283333333], [16.875413666666667, 78.66375383333335], [16.875403666666667, 78.66375466666666], [16.875393499999998, 78.6637555], [16.875383333333332, 78.66375633333334], [16.87537316666667, 78.66375716666667], [16.875363166666666, 78.663758], [16.875352833333334, 78.663759], [16.8753425, 78.66375983333334], [16.875332333333333, 78.66376066666666], [16.8753225, 78.66376149999999], [16.875312333333333, 78.66376233333334], [16.87530233333333, 78.66376316666667], [16.875292333333334, 78.663764], [16.875282333333335, 78.66376483333333], [16.875272166666665, 78.66376566666666], [16.875261666666667, 78.66376650000001], [16.8752515, 78.66376749999999], [16.87524116666667, 78.66376833333334], [16.875231, 78.66376916666667], [16.875220666666667, 78.66377000000001], [16.875210499999998, 78.66377083333333], [16.875200500000002, 78.66377183333334], [16.875190333333332, 78.66377266666667], [16.87518, 78.66377349999999], [16.875169833333334, 78.66377433333334], [16.875159666666665, 78.66377516666667], [16.875149333333333, 78.66377600000001], [16.87513883333333, 78.66377683333333], [16.875128333333336, 78.66377766666666], [16.875118, 78.66377833333333], [16.875107833333335, 78.66377916666667], [16.875097333333333, 78.66378016666665], [16.875086833333334, 78.663781], [16.875076333333332, 78.66378183333333], [16.875066166666667, 78.66378266666668], [16.87505583333333, 78.6637835], [16.8750455, 78.66378433333333], [16.875035166666667, 78.66378516666667], [16.875025, 78.663786], [16.875015, 78.66378683333333], [16.875004666666666, 78.66378766666666], [16.8749945, 78.6637885], [16.8749845, 78.66378933333334], [16.874974333333334, 78.66379033333332], [16.874964166666665, 78.66379116666667], [16.874954833333334, 78.66379183333333], [16.874946, 78.66379266666667], [16.874937499999998, 78.66379333333333], [16.874929666666667, 78.66379400000001], [16.874922, 78.66379466666667], [16.87491483333333, 78.66379533333334], [16.874908166666668, 78.66379583333334], [16.8749015, 78.66379633333332], [16.87489533333333, 78.663797], [16.8748895, 78.66379733333333], [16.874883833333335, 78.66379783333333], [16.87487816666667, 78.66379816666667], [16.874872666666665, 78.66379866666666], [16.8748675, 78.66379916666666], [16.8748625, 78.66379950000001], [16.8748575, 78.66380000000001], [16.874852666666666, 78.66380033333333], [16.874847833333334, 78.66380083333334], [16.87484316666667, 78.66380116666666], [16.8748385, 78.6638015], [16.87483416666667, 78.663802], [16.874829833333333, 78.66380233333332], [16.874825666666666, 78.66380266666667], [16.8748215, 78.663803], [16.874817333333333, 78.66380333333333], [16.874813500000002, 78.66380366666667], [16.874809666666668, 78.663804], [16.874806, 78.66380416666667], [16.874802166666665, 78.6638045], [16.874798666666667, 78.66380466666666], [16.874795333333335, 78.663805], [16.874792, 78.66380516666666], [16.874788666666667, 78.66380550000001], [16.87478533333333, 78.66380583333333], [16.874782, 78.66380600000001], [16.874778833333334, 78.66380616666667], [16.874775833333334, 78.66380649999999], [16.874772833333335, 78.66380666666667], [16.87476966666667, 78.66380683333334], [16.87476666666667, 78.66380716666666], [16.874763499999997, 78.66380733333334], [16.874760499999997, 78.66380766666666], [16.874757666666667, 78.66380783333334], [16.874754833333334, 78.66380816666667], [16.874752333333333, 78.66380833333332], [16.874749666666666, 78.6638085], [16.874747, 78.66380866666667], [16.87474416666667, 78.663809], [16.874741333333336, 78.66380916666667], [16.874738166666667, 78.6638095], [16.874734666666665, 78.66380966666667], [16.874730166666666, 78.66381016666666], [16.874724166666667, 78.66381066666666], [16.87471683333333, 78.66381133333333], [16.8747085, 78.66381216666667], [16.874699500000002, 78.66381299999999], [16.874690166666667, 78.663814], [16.874680166666668, 78.66381483333333], [16.874670166666665, 78.66381583333333], [16.87466016666667, 78.66381683333334], [16.87465033333333, 78.66381766666667], [16.874641166666667, 78.66381866666667], [16.874632833333333, 78.66381933333334], [16.874624666666666, 78.66382016666667], [16.874617166666667, 78.66382083333333], [16.874610166666667, 78.6638215], [16.8746035, 78.66382216666666], [16.87459683333333, 78.66382266666666], [16.874590666666666, 78.66382316666666], [16.874584666666667, 78.66382366666667], [16.874579, 78.66382416666667], [16.874573666666667, 78.66382466666667], [16.874568333333333, 78.66382516666665], [16.874563166666668, 78.6638255], [16.874558166666667, 78.663826], [16.8745535, 78.66382633333333], [16.874548833333332, 78.66382683333333], [16.874544333333333, 78.66382716666666], [16.874539833333333, 78.6638275], [16.87453533333333, 78.66382783333333], [16.874531166666667, 78.66382816666666], [16.874527, 78.6638285], [16.874522666666667, 78.66382883333334], [16.874518833333333, 78.66382916666666], [16.874515, 78.6638295], [16.874511166666665, 78.66382983333332], [16.8745075, 78.66383016666667], [16.874503833333332, 78.66383049999999], [16.874500166666667, 78.66383066666667], [16.87449666666667, 78.663831], [16.87449333333333, 78.66383133333333], [16.874489999999998, 78.6638315], [16.874486666666666, 78.66383183333333], [16.874483333333334, 78.663832], [16.874480000000002, 78.66383216666667], [16.874476833333333, 78.6638325], [16.8744735, 78.66383266666666], [16.87447033333333, 78.66383283333333], [16.874467166666665, 78.66383300000001], [16.874463833333333, 78.66383333333333], [16.874460666666668, 78.6638335], [16.874457666666668, 78.66383366666668], [16.87445466666667, 78.66383383333333], [16.87445166666667, 78.66383416666666], [16.874448833333336, 78.66383433333334], [16.874446, 78.6638345], [16.874443, 78.66383466666666], [16.87444, 78.663835], [16.874437166666667, 78.66383516666666], [16.874434333333333, 78.66383533333332], [16.8744315, 78.6638355], [16.874428833333333, 78.66383566666667], [16.87442616666667, 78.66383583333332], [16.87442383333333, 78.663836], [16.8744215, 78.66383616666667], [16.874419166666666, 78.66383633333334], [16.87441683333333, 78.66383649999999], [16.874414333333334, 78.66383666666667], [16.874411833333333, 78.663837], [16.874409500000002, 78.66383716666665], [16.874407166666668, 78.66383733333333], [16.874404666666667, 78.6638375], [16.874402166666666, 78.66383766666667], [16.874399666666665, 78.66383783333335], [16.874397166666665, 78.663838], [16.874395, 78.66383816666666], [16.874392666666665, 78.66383833333333], [16.8743905, 78.66383850000001], [16.874388333333332, 78.66383850000001], [16.874386166666667, 78.66383866666666], [16.874384000000003, 78.66383883333333], [16.874381666666668, 78.66383900000001], [16.87437933333333, 78.66383900000001], [16.874377, 78.66383916666668], [16.8743745, 78.66383933333333], [16.874372166666667, 78.6638395], [16.874369833333333, 78.66383966666668], [16.8743675, 78.66383966666668], [16.874365166666667, 78.66383983333334], [16.874362833333333, 78.66384], [16.874360666666668, 78.66384016666666], [16.874358500000003, 78.66384033333334], [16.874356166666665, 78.6638405], [16.874354166666667, 78.66384066666666], [16.874351833333332, 78.66384066666666], [16.874349666666667, 78.66384083333334], [16.874347666666665, 78.663841], [16.874345666666667, 78.66384116666667], [16.874343666666668, 78.66384133333332], [16.874341833333336, 78.6638415], [16.87434, 78.6638415], [16.874338333333334, 78.66384166666667], [16.874336500000002, 78.66384183333334], [16.874334666666666, 78.663842], [16.874332833333334, 78.66384216666667], [16.874331166666664, 78.66384216666667], [16.874329166666666, 78.66384233333333], [16.874327333333333, 78.6638425], [16.874325333333335, 78.6638425], [16.8743235, 78.66384266666667], [16.8743215, 78.66384283333333], [16.874319833333335, 78.663843], [16.874318000000002, 78.663843], [16.874316333333336, 78.66384316666667], [16.874314666666667, 78.66384333333333], [16.874312999999997, 78.6638435], [16.874311166666665, 78.6638435], [16.874309166666666, 78.66384366666666], [16.8743075, 78.66384383333335], [16.8743055, 78.663844], [16.874303833333332, 78.663844], [16.874302166666666, 78.66384416666666], [16.8743005, 78.66384433333333], [16.874298833333334, 78.66384433333333], [16.874297333333335, 78.66384450000001], [16.874295833333335, 78.66384450000001], [16.874294333333335, 78.66384466666666], [16.874292833333335, 78.66384483333333], [16.874291333333336, 78.66384483333333], [16.874289666666666, 78.66384500000001], [16.874288, 78.66384516666668], [16.8742865, 78.66384516666668], [16.874285, 78.66384533333333], [16.8742835, 78.6638455], [16.874282, 78.66384566666667], [16.874280333333335, 78.66384566666667], [16.874278833333335, 78.66384583333334], [16.8742775, 78.66384599999999], [16.874276000000002, 78.66384616666666], [16.87427466666667, 78.66384633333334], [16.87427316666667, 78.66384633333334], [16.87427166666667, 78.6638465], [16.874270333333335, 78.6638465], [16.874268833333335, 78.66384666666666], [16.874267666666665, 78.66384666666666], [16.87426633333333, 78.66384683333334], [16.874264999999998, 78.66384683333334], [16.874263833333334, 78.663847], [16.8742625, 78.66384716666667], [16.874261333333333, 78.66384716666667], [16.87426, 78.66384733333332], [16.874258666666666, 78.66384733333332], [16.874257166666666, 78.6638475], [16.874255833333333, 78.6638475], [16.874254333333333, 78.66384766666667], [16.874252833333333, 78.66384783333334], [16.8742515, 78.66384783333334], [16.874250166666666, 78.663848], [16.874248666666666, 78.663848], [16.874247166666667, 78.66384816666667], [16.874245833333337, 78.66384833333333], [16.874244666666666, 78.66384833333333], [16.874243333333332, 78.6638485], [16.874242, 78.6638485], [16.8742405, 78.6638485], [16.874239166666666, 78.66384866666667], [16.874238, 78.66384866666667], [16.874236666666665, 78.66384866666667], [16.874235333333335, 78.66384866666667], [16.874234, 78.66384866666667], [16.874232666666668, 78.66384883333333], [16.874231333333334, 78.66384883333333], [16.87423, 78.663849], [16.874228666666667, 78.663849], [16.874227333333334, 78.663849], [16.874226, 78.66384916666667], [16.874224666666667, 78.66384916666667], [16.874223333333337, 78.66384916666667], [16.874222, 78.66384933333333], [16.8742205, 78.66384933333333], [16.874219166666666, 78.6638495], [16.874217666666667, 78.6638495], [16.874216333333333, 78.66384966666666], [16.874214833333333, 78.66384966666666], [16.8742135, 78.66384966666666], [16.874212333333332, 78.66384966666666], [16.874210833333333, 78.66384983333334], [16.874209666666665, 78.66384983333334], [16.874208333333335, 78.66384983333334], [16.874207166666668, 78.66384983333334], [16.874206, 78.66385], [16.874205, 78.66385], [16.874203833333336, 78.66385], [16.87420266666667, 78.66385016666666], [16.8742015, 78.66385016666666], [16.874200166666665, 78.66385016666666], [16.874198999999997, 78.66385033333333], [16.874197833333334, 78.66385033333333], [16.874196666666666, 78.66385033333333], [16.874195666666665, 78.66385033333333], [16.874194666666664, 78.66385033333333], [16.8741935, 78.66385050000001], [16.8741925, 78.66385050000001], [16.8741915, 78.66385050000001], [16.8741905, 78.66385050000001], [16.8741895, 78.66385066666666], [16.874188333333333, 78.66385066666666], [16.874187166666665, 78.66385066666666], [16.874186166666668, 78.66385066666666], [16.874185, 78.66385083333333], [16.874184, 78.66385083333333], [16.874182833333336, 78.66385083333333], [16.874182, 78.66385083333333], [16.874180833333334, 78.66385083333333], [16.874179833333336, 78.66385083333333], [16.874178833333335, 78.66385083333333], [16.874177999999997, 78.66385083333333], [16.874177, 78.66385083333333], [16.874175833333332, 78.66385100000001], [16.874174666666665, 78.66385100000001], [16.874173499999998, 78.66385100000001], [16.874172333333334, 78.66385100000001], [16.874171166666667, 78.66385100000001], [16.874170333333332, 78.66385100000001], [16.874169333333334, 78.66385116666667], [16.874168333333333, 78.66385116666667], [16.874167166666666, 78.66385116666667], [16.874166, 78.66385116666667], [16.874164833333335, 78.66385133333333], [16.874163833333334, 78.66385133333333], [16.8741625, 78.66385149999999], [16.874161166666667, 78.66385149999999], [16.874160166666666, 78.66385149999999], [16.874159000000002, 78.66385149999999], [16.874158, 78.66385166666667], [16.874156833333334, 78.66385166666667], [16.874155833333337, 78.66385166666667], [16.874155, 78.66385166666667], [16.874153999999997, 78.66385166666667], [16.874153166666666, 78.66385166666667], [16.874152166666665, 78.66385183333334], [16.874151166666664, 78.66385183333334], [16.874150166666666, 78.66385183333334], [16.874149166666665, 78.66385183333334], [16.874148166666664, 78.66385199999999], [16.874147, 78.66385199999999], [16.874145833333333, 78.66385199999999], [16.874145, 78.66385216666666], [16.874144, 78.66385216666666], [16.874143333333333, 78.66385233333334], [16.874142333333335, 78.66385233333334], [16.8741415, 78.6638525], [16.8741405, 78.6638525], [16.874139500000002, 78.6638525], [16.874138666666667, 78.66385266666666], [16.874137666666666, 78.66385266666666], [16.874136833333335, 78.66385266666666], [16.874135666666668, 78.66385283333334], [16.874134666666667, 78.66385283333334], [16.874133833333335, 78.663853], [16.874133166666663, 78.663853], [16.874132333333332, 78.663853], [16.874131499999997, 78.66385316666667], [16.874130666666666, 78.66385316666667], [16.874129666666665, 78.66385316666667], [16.874128833333334, 78.66385333333332], [16.874128, 78.66385333333332], [16.874126999999998, 78.6638535], [16.874125833333334, 78.6638535], [16.874124833333333, 78.66385366666667], [16.874124, 78.66385366666667], [16.874123166666667, 78.66385383333333], [16.874122333333332, 78.66385383333333], [16.874121333333335, 78.663854], [16.874120333333334, 78.663854], [16.8741195, 78.66385416666667], [16.874118666666668, 78.66385433333333], [16.874117666666667, 78.66385433333333], [16.874116666666666, 78.66385433333333], [16.874115500000002, 78.6638545], [16.874114666666667, 78.6638545], [16.874113666666666, 78.66385466666667], [16.874112833333335, 78.66385483333333], [16.874111833333334, 78.66385483333333], [16.874111000000003, 78.663855], [16.874110166666664, 78.663855], [16.874109333333333, 78.66385516666666], [16.8741085, 78.66385533333333], [16.874107499999997, 78.66385533333333], [16.874106333333334, 78.66385533333333], [16.8741055, 78.6638555], [16.874104666666664, 78.66385566666666], [16.874103666666667, 78.66385566666666], [16.874102833333332, 78.66385583333334], [16.874101833333334, 78.66385583333334], [16.874101166666666, 78.663856], [16.874100333333335, 78.663856], [16.8740995, 78.66385616666666], [16.8740985, 78.66385616666666], [16.8740975, 78.66385633333333], [16.874096666666667, 78.66385633333333], [16.874095666666665, 78.66385633333333], [16.874094666666668, 78.66385650000001], [16.874093666666667, 78.66385650000001], [16.874093000000002, 78.66385666666666], [16.874092, 78.66385666666666], [16.874091, 78.66385683333333], [16.87409016666667, 78.66385683333333], [16.874089, 78.66385700000001], [16.874087999999997, 78.66385700000001], [16.874087166666666, 78.66385700000001], [16.874086166666665, 78.66385716666667], [16.874085166666667, 78.66385716666667], [16.874084, 78.66385716666667], [16.874083166666665, 78.66385716666667], [16.874082166666668, 78.66385733333333], [16.874081166666667, 78.66385733333333], [16.874080166666666, 78.66385749999999], [16.874079166666668, 78.66385749999999], [16.874078, 78.66385749999999], [16.874076833333334, 78.66385749999999], [16.874075666666666, 78.66385749999999], [16.87407466666667, 78.66385766666667], [16.8740735, 78.66385766666667], [16.8740725, 78.66385783333334], [16.874071166666667, 78.66385783333334], [16.87407, 78.66385783333334], [16.874069000000002, 78.66385783333334], [16.874068, 78.66385799999999], [16.874067, 78.66385799999999], [16.874066000000003, 78.66385799999999], [16.874064833333332, 78.66385816666666], [16.87406383333333, 78.66385816666666], [16.874062666666667, 78.66385816666666], [16.874061833333332, 78.66385816666666], [16.87406083333333, 78.66385833333334], [16.874059833333334, 78.66385833333334], [16.874058833333333, 78.6638585], [16.87405783333333, 78.6638585], [16.874056833333334, 78.6638585], [16.874055833333333, 78.66385866666666], [16.874055, 78.66385866666666], [16.874054, 78.66385883333334], [16.874052833333334, 78.66385883333334], [16.874051833333333, 78.66385883333334], [16.874051, 78.663859], [16.874050166666667, 78.663859], [16.87404916666667, 78.663859], [16.874048333333334, 78.66385916666667], [16.874047333333333, 78.66385916666667], [16.874046333333336, 78.66385916666667], [16.874045333333335, 78.66385933333332], [16.8740445, 78.66385933333332], [16.874043500000003, 78.66385933333332], [16.874042499999998, 78.66385933333332], [16.87404133333333, 78.6638595], [16.874040333333333, 78.6638595], [16.874039333333332, 78.66385966666667], [16.87403833333333, 78.66385966666667], [16.8740375, 78.66385966666667], [16.874036333333333, 78.66385983333333], [16.874035499999998, 78.66385983333333], [16.8740345, 78.66386000000001], [16.8740335, 78.66386000000001], [16.874032333333332, 78.66386000000001], [16.8740315, 78.66386016666667], [16.874030333333334, 78.66386016666667], [16.874029333333333, 78.66386033333333], [16.8740285, 78.66386033333333], [16.874027333333334, 78.6638605], [16.8740265, 78.6638605], [16.874025666666668, 78.66386066666668], [16.874024833333333, 78.66386066666668], [16.874024000000002, 78.66386083333333], [16.874023, 78.66386083333333], [16.874022, 78.66386083333333], [16.87402116666667, 78.663861], [16.874019999999998, 78.663861], [16.874018999999997, 78.663861], [16.874018166666666, 78.66386116666666], [16.874017166666665, 78.66386116666666], [16.874016166666667, 78.66386116666666], [16.8740155, 78.66386133333334], [16.874014666666667, 78.66386133333334], [16.874013833333333, 78.66386133333334], [16.87401283333333, 78.66386133333334], [16.874011833333334, 78.66386133333334], [16.874010833333333, 78.66386133333334], [16.87401, 78.66386133333334], [16.874009, 78.66386133333334], [16.874008, 78.6638615], [16.87400716666667, 78.66386166666666], [16.874006333333334, 78.66386166666666], [16.8740055, 78.66386166666666], [16.8740045, 78.66386183333334], [16.8740035, 78.66386183333334], [16.8740025, 78.66386183333334], [16.87400166666667, 78.66386183333334], [16.874000666666667, 78.66386183333334], [16.873999833333336, 78.66386200000001], [16.873998833333335, 78.66386200000001], [16.87399783333333, 78.66386200000001], [16.873996833333333, 78.66386200000001], [16.873995999999998, 78.66386200000001], [16.873995166666667, 78.66386200000001], [16.873994166666666, 78.66386216666666], [16.873993, 78.66386200000001], [16.873992166666667, 78.66386216666666], [16.873991333333333, 78.66386216666666], [16.87399033333333, 78.66386216666666], [16.873989166666668, 78.66386216666666], [16.873988166666667, 78.66386216666666], [16.873987166666666, 78.66386216666666], [16.87398616666667, 78.66386216666666], [16.873985333333334, 78.66386216666666], [16.8739845, 78.66386216666666], [16.8739835, 78.66386216666666], [16.873982666666667, 78.66386216666666], [16.87398166666667, 78.66386216666666], [16.873980833333334, 78.66386216666666], [16.873979833333333, 78.66386216666666], [16.8739785, 78.66386216666666], [16.873977333333336, 78.66386200000001], [16.8739765, 78.66386200000001], [16.873975499999997, 78.66386200000001], [16.8739745, 78.66386200000001], [16.873973499999998, 78.66386200000001], [16.873972499999997, 78.66386200000001], [16.873971666666666, 78.66386200000001], [16.87397083333333, 78.66386200000001], [16.87397, 78.66386200000001], [16.873968833333333, 78.66386200000001], [16.873967666666665, 78.66386200000001], [16.873966833333334, 78.66386200000001], [16.873965833333333, 78.66386200000001], [16.873964833333332, 78.66386200000001], [16.873963833333335, 78.66386200000001], [16.873963166666666, 78.66386200000001], [16.87396216666667, 78.66386183333334], [16.873961166666668, 78.66386183333334], [16.8739605, 78.66386183333334], [16.8739595, 78.66386200000001], [16.873958333333334, 78.66386183333334], [16.873957333333333, 78.66386183333334], [16.87395616666667, 78.66386183333334], [16.873955333333335, 78.66386183333334], [16.87395466666667, 78.66386183333334], [16.87395366666667, 78.66386183333334], [16.87395283333333, 78.66386166666666], [16.873951833333333, 78.66386166666666], [16.873950833333332, 78.66386166666666], [16.873949999999997, 78.6638615], [16.873949166666666, 78.6638615], [16.873948, 78.6638615], [16.873947166666667, 78.66386133333334], [16.873946166666666, 78.66386133333334], [16.87394533333333, 78.66386133333334], [16.873944333333334, 78.66386133333334], [16.8739435, 78.66386133333334], [16.873942666666668, 78.66386133333334], [16.8739415, 78.66386133333334], [16.8739405, 78.66386133333334], [16.87393966666667, 78.66386133333334], [16.873938666666668, 78.66386133333334], [16.873937833333333, 78.66386133333334], [16.873936833333335, 78.66386133333334], [16.873935833333334, 78.66386133333334], [16.873934833333333, 78.66386116666666], [16.873933833333336, 78.66386116666666], [16.873932833333335, 78.66386116666666], [16.873931833333334, 78.66386116666666], [16.873931000000002, 78.66386116666666], [16.873929999999998, 78.66386116666666], [16.873928999999997, 78.66386116666666], [16.873927833333333, 78.663861], [16.873927, 78.663861], [16.873925999999997, 78.663861], [16.873925, 78.663861], [16.873924, 78.66386116666666], [16.873922666666665, 78.66386116666666], [16.87392133333333, 78.6638615], [16.87392, 78.66386183333334], [16.873918333333332, 78.66386216666666], [16.87391716666667, 78.66386266666667], [16.873915833333335, 78.66386333333334], [16.873914833333334, 78.663864], [16.873914, 78.66386466666667], [16.8739135, 78.66386533333333], [16.8739135, 78.66386600000001], [16.87391416666667, 78.66386666666668], [16.873914833333334, 78.66386733333334], [16.873915333333333, 78.66386800000001], [16.873915833333335, 78.66386866666667], [16.873916833333332, 78.66386933333334], [16.873917833333334, 78.66387], [16.87391866666667, 78.6638705], [16.8739195, 78.66387116666667], [16.873920166666668, 78.66387183333333], [16.873920833333333, 78.66387233333333], [16.87392133333333, 78.66387283333333], [16.873922, 78.66387333333334], [16.87392283333333, 78.66387383333334], [16.873923666666666, 78.66387433333333], [16.873924499999998, 78.66387483333332], [16.873925166666666, 78.66387533333334], [16.873925999999997, 78.66387566666667], [16.8739265, 78.66387616666665], [16.873927166666665, 78.66387666666667], [16.873927666666667, 78.663877], [16.873928, 78.6638775], [16.873928499999998, 78.66387800000001], [16.87392883333333, 78.66387833333333], [16.873929166666667, 78.66387883333333], [16.873929666666665, 78.66387916666666], [16.873929999999998, 78.66387966666666], [16.87393066666667, 78.66388], [16.873931333333335, 78.6638805], [16.873932, 78.66388083333332], [16.873932333333336, 78.66388116666667], [16.873932833333335, 78.66388149999999], [16.873933333333333, 78.663882], [16.873933833333336, 78.66388233333333], [16.873934666666667, 78.66388266666667], [16.873935333333336, 78.663883], [16.873935833333334, 78.66388333333333], [16.87393666666667, 78.66388366666666], [16.873937333333334, 78.66388400000001], [16.873938, 78.66388433333333], [16.8739385, 78.66388466666668], [16.873939, 78.66388483333334], [16.873939333333333, 78.66388516666666], [16.87393966666667, 78.6638855], [16.87394, 78.66388583333334], [16.873940333333334, 78.663886], [16.873940666666666, 78.66388633333332], [16.873941, 78.66388666666667], [16.8739415, 78.66388683333334], [16.873941833333333, 78.663887], [16.873942333333332, 78.66388716666667], [16.8739425, 78.66388733333334], [16.873942833333334, 78.6638875], [16.873943, 78.6638875], [16.873943166666667, 78.66388766666667], [16.873943166666667, 78.66388783333333], [16.873943333333333, 78.663888], [16.873943166666667, 78.66388816666667], [16.873943333333333, 78.66388833333333], [16.873943666666666, 78.6638885], [16.873943999999998, 78.66388866666667], [16.873944666666667, 78.66388883333335], [16.873945499999998, 78.66388916666666], [16.873946999999998, 78.66388966666666], [16.8739495, 78.6638905], [16.87395366666667, 78.6638915], [16.873959, 78.66389316666667], [16.873965, 78.663895], [16.873972, 78.66389716666666], [16.87397916666667, 78.6638995], [16.8739865, 78.66390183333333], [16.873993833333333, 78.66390433333332], [16.874001, 78.66390700000001], [16.874008166666666, 78.6639095], [16.874015166666666, 78.66391216666666], [16.874022, 78.66391483333334], [16.8740285, 78.6639175], [16.874035, 78.66392033333334], [16.87404133333333, 78.66392316666666], [16.874047333333333, 78.663926], [16.874053166666666, 78.66392883333333], [16.874058833333333, 78.66393183333334], [16.874063666666665, 78.66393483333333], [16.8740685, 78.66393783333334], [16.874073333333335, 78.66394066666666], [16.874077833333335, 78.66394383333333], [16.874082333333334, 78.66394683333333], [16.874086833333333, 78.66394983333333], [16.874090833333334, 78.66395283333333], [16.874094666666668, 78.66395583333333], [16.874098166666666, 78.66395883333333], [16.874101666666665, 78.66396200000001], [16.874104666666664, 78.663965], [16.874107166666665, 78.66396800000001], [16.874109333333333, 78.66397116666667], [16.874111333333335, 78.66397416666668], [16.874112833333335, 78.66397716666667], [16.874114000000002, 78.66398033333333], [16.874115, 78.6639835], [16.87411566666667, 78.66398666666667], [16.874116, 78.66398966666667], [16.874116333333333, 78.66399283333334], [16.8741165, 78.663996], [16.874116333333333, 78.66399916666666], [16.874115833333335, 78.66400216666666], [16.874115, 78.66400533333334], [16.874114000000002, 78.6640085], [16.874112833333335, 78.66401166666667], [16.8741115, 78.66401483333334], [16.874109833333332, 78.664018], [16.874108, 78.66402116666667], [16.874106166666664, 78.66402416666666], [16.874104, 78.6640275], [16.8741015, 78.66403050000001], [16.874099, 78.66403366666667], [16.874096166666668, 78.66403683333333], [16.87409316666667, 78.66404000000001], [16.87409016666667, 78.66404316666667], [16.874087, 78.66404633333333], [16.87408333333333, 78.66404949999999], [16.8740795, 78.6640525], [16.8740755, 78.66405566666667], [16.874071833333335, 78.66405866666668], [16.874067833333335, 78.66406183333334], [16.874063166666666, 78.664065], [16.874058333333334, 78.664068], [16.874053166666666, 78.66407116666666], [16.874048000000002, 78.66407416666667], [16.874042999999997, 78.66407733333334], [16.8740375, 78.6640805], [16.874031666666667, 78.6640835], [16.874025833333334, 78.6640865], [16.874019999999998, 78.66408966666667], [16.874014166666665, 78.66409266666666], [16.874008, 78.66409583333333], [16.87400166666667, 78.66409883333334], [16.873995166666667, 78.66410183333333], [16.873988333333333, 78.664105], [16.87398166666667, 78.664108], [16.87397483333333, 78.664111], [16.873967666666665, 78.664114], [16.8739605, 78.664117], [16.87395316666667, 78.66412], [16.873946166666666, 78.66412316666667], [16.873938666666668, 78.66412616666666], [16.873931000000002, 78.66412916666667], [16.873923166666668, 78.66413216666666], [16.873915333333333, 78.66413516666667], [16.873907499999998, 78.66413816666666], [16.873899666666667, 78.66414116666667], [16.873892, 78.66414400000001], [16.873884166666667, 78.664147], [16.873876166666665, 78.66415], [16.873868166666668, 78.66415283333335], [16.873859999999997, 78.66415566666666], [16.873851833333333, 78.66415866666667], [16.873843333333333, 78.6641615], [16.873834833333333, 78.66416433333333], [16.873826166666667, 78.66416733333334], [16.873817499999998, 78.66417016666666], [16.87380883333333, 78.66417299999999], [16.873799833333333, 78.66417583333333], [16.873791, 78.66417866666667], [16.873781833333332, 78.6641815], [16.873772666666664, 78.66418433333334], [16.873763333333333, 78.66418733333333], [16.873753833333335, 78.66419016666667], [16.87374433333333, 78.664193], [16.873735, 78.66419583333332], [16.8737255, 78.66419883333333], [16.873715833333332, 78.66420166666667], [16.8737065, 78.66420450000001], [16.873697166666666, 78.66420733333332], [16.87368766666667, 78.66421016666666], [16.87367833333333, 78.66421283333334], [16.873669500000002, 78.66421533333333], [16.8736615, 78.66421749999999], [16.873653666666666, 78.6642195], [16.873646166666667, 78.66422133333334], [16.873638833333334, 78.66422299999999], [16.873631333333332, 78.66422483333334], [16.873624, 78.6642265], [16.873617000000003, 78.66422816666666], [16.873609666666667, 78.66422966666667], [16.873602666666667, 78.66423116666667], [16.873596000000003, 78.6642325], [16.87358983333333, 78.66423383333334], [16.87358383333333, 78.66423499999999], [16.873578166666668, 78.66423616666665], [16.8735725, 78.66423716666667], [16.87356683333333, 78.66423816666666], [16.873561, 78.66423916666666], [16.873553833333336, 78.66424], [16.873546333333334, 78.66424083333332], [16.873539333333333, 78.66424166666667], [16.873533000000002, 78.66424266666667], [16.873526166666668, 78.66424383333333], [16.873519333333334, 78.66424483333334], [16.873512666666667, 78.66424583333334], [16.8735065, 78.66424666666667], [16.873500666666665, 78.66424766666667], [16.8734945, 78.66424883333335], [16.873488333333334, 78.66425], [16.873482000000003, 78.66425116666666], [16.873476, 78.66425233333332], [16.873470166666667, 78.66425366666667], [16.873463666666666, 78.66425483333335], [16.873457499999997, 78.66425616666668], [16.873451833333334, 78.66425733333334], [16.873446333333334, 78.66425866666667], [16.873441, 78.66426], [16.873435333333337, 78.66426116666666], [16.873429666666667, 78.66426249999999], [16.873424333333332, 78.66426383333334], [16.873419000000002, 78.66426516666667], [16.873413666666668, 78.6642665], [16.873408166666664, 78.66426799999999], [16.873402666666667, 78.66426933333334], [16.873397666666666, 78.66427066666667], [16.873392666666668, 78.66427216666666], [16.873387333333334, 78.66427350000001], [16.873382, 78.66427483333334], [16.873376666666665, 78.66427616666667], [16.873371666666667, 78.6642775], [16.873366666666666, 78.66427900000001], [16.873361499999998, 78.66428033333334], [16.873356166666667, 78.66428183333333], [16.873351, 78.66428333333333], [16.873345833333335, 78.66428483333334], [16.873340499999998, 78.66428616666667], [16.873335333333333, 78.66428783333335], [16.873330333333335, 78.66428933333333], [16.873325166666667, 78.66429066666666], [16.873320166666666, 78.66429216666667], [16.873315333333334, 78.66429366666667], [16.873310666666665, 78.66429516666668], [16.87330616666667, 78.66429683333334], [16.8733015, 78.66429833333333], [16.87329683333333, 78.66429983333335], [16.873292499999998, 78.6643015], [16.87328816666667, 78.664303], [16.87328366666667, 78.66430466666667], [16.873279, 78.66430633333333], [16.873274666666667, 78.66430799999999], [16.8732705, 78.6643095], [16.873266333333333, 78.66431116666666], [16.873262166666667, 78.66431283333333], [16.87325816666667, 78.66431433333334], [16.873254333333332, 78.664316], [16.873250499999997, 78.66431766666666], [16.873246666666667, 78.66431933333334], [16.873242833333332, 78.66432116666667], [16.873239, 78.66432283333333], [16.873235166666667, 78.6643245], [16.873231333333333, 78.66432616666665], [16.87322783333333, 78.66432783333333], [16.873224166666667, 78.66432966666666], [16.8732205, 78.66433133333334], [16.873217166666667, 78.664333], [16.873213833333335, 78.66433466666668], [16.873210500000003, 78.6643365], [16.873207166666667, 78.66433816666667], [16.87320383333333, 78.66433983333333], [16.873200333333333, 78.66434166666666], [16.873196833333335, 78.66434333333333], [16.8731935, 78.66434516666666], [16.873190333333334, 78.66434699999999], [16.873186999999998, 78.66434883333334], [16.8731835, 78.6643505], [16.873180333333334, 78.66435216666667], [16.873177166666668, 78.664354], [16.873174333333335, 78.66435566666668], [16.873171, 78.66435750000001], [16.873167833333333, 78.66435916666666], [16.873164499999998, 78.664361], [16.873161166666666, 78.66436266666666], [16.873158166666666, 78.66436449999999], [16.873154666666668, 78.66436633333333], [16.8731515, 78.66436816666666], [16.8731485, 78.66436999999999], [16.873145333333333, 78.66437166666667], [16.873142166666664, 78.6643735], [16.873139166666665, 78.66437533333333], [16.87313633333333, 78.66437716666665], [16.873133666666668, 78.664379], [16.873130833333335, 78.66438083333334], [16.873127833333335, 78.66438266666667], [16.873124833333335, 78.66438450000001], [16.873122000000002, 78.66438633333334], [16.87311933333333, 78.66438833333333], [16.873116333333332, 78.66439016666666], [16.873113333333333, 78.66439216666666], [16.873110333333333, 78.66439399999999], [16.8731075, 78.66439583333334], [16.8731045, 78.66439766666667], [16.873101666666667, 78.66439966666667], [16.873098833333334, 78.6644015], [16.873095999999997, 78.66440333333334], [16.873093333333333, 78.66440516666667], [16.8730905, 78.66440716666666], [16.873087666666667, 78.66440899999999], [16.873084833333333, 78.66441083333333], [16.873082, 78.66441283333333], [16.873079, 78.66441466666667], [16.873076, 78.6644165], [16.873072999999998, 78.6644185], [16.873070166666665, 78.66442033333333], [16.873067, 78.66442233333333], [16.873064166666666, 78.66442416666668], [16.873061, 78.664426], [16.873058, 78.664428], [16.873054833333335, 78.66442983333333], [16.873051999999998, 78.66443166666666], [16.873048999999998, 78.66443366666667], [16.873046, 78.66443550000001], [16.873042833333333, 78.6644375], [16.8730395, 78.66443933333333], [16.87303616666667, 78.66444133333333], [16.873032833333333, 78.66444333333334], [16.87302983333333, 78.66444516666667], [16.87302683333333, 78.66444716666666], [16.873023666666665, 78.664449], [16.8730205, 78.664451], [16.873017333333333, 78.66445283333334], [16.873014166666668, 78.66445483333334], [16.873011166666668, 78.66445666666667], [16.873007833333336, 78.6644585], [16.873004666666667, 78.66446049999999], [16.873001166666665, 78.66446233333333], [16.872997833333333, 78.66446433333334], [16.8729945, 78.66446616666667], [16.8729915, 78.66446816666667], [16.872988000000003, 78.66447], [16.872984666666664, 78.66447199999999], [16.872981499999998, 78.664474], [16.872978333333332, 78.664476], [16.872975, 78.66447783333334], [16.872971833333335, 78.66447983333335], [16.872968500000002, 78.66448183333334], [16.872965166666667, 78.66448366666667], [16.87296183333333, 78.66448566666666], [16.872958333333333, 78.66448766666667], [16.872955, 78.6644895], [16.872951666666665, 78.6644915], [16.872948333333333, 78.66449349999999], [16.87294466666667, 78.6644955], [16.872941166666667, 78.66449733333334], [16.87293783333333, 78.66449933333334], [16.872934333333333, 78.66450116666667], [16.87293083333333, 78.66450316666666], [16.872927333333333, 78.66450516666667], [16.87292366666667, 78.664507], [16.872920333333333, 78.664509], [16.87291683333333, 78.66451083333332], [16.872913166666667, 78.66451283333335], [16.8729095, 78.66451483333334], [16.872905833333334, 78.66451666666667], [16.872902166666666, 78.66451866666667], [16.8728985, 78.6645205], [16.872894499999997, 78.6645225], [16.872890833333333, 78.6645245], [16.872887166666665, 78.66452633333333], [16.8728835, 78.66452833333332], [16.872880000000002, 78.66453033333333], [16.872876333333334, 78.66453233333333], [16.872872500000003, 78.66453416666667], [16.87286883333333, 78.66453616666666], [16.872865333333333, 78.66453816666667], [16.872861666666665, 78.66454016666667], [16.872858, 78.664542], [16.872854, 78.66454399999999], [16.872850333333336, 78.664546], [16.872846499999998, 78.664548], [16.872843, 78.66454999999999], [16.87283933333333, 78.664552], [16.872835666666667, 78.664554], [16.872832000000002, 78.66455599999999], [16.8728285, 78.664558], [16.872825, 78.66456], [16.872821666666667, 78.66456199999999], [16.87281833333333, 78.664564], [16.872814666666667, 78.664566], [16.872811333333335, 78.66456799999999], [16.872807833333333, 78.66457], [16.87280433333333, 78.66457199999999], [16.872800833333333, 78.66457399999999], [16.872797, 78.664576], [16.872793166666668, 78.66457783333334], [16.8727895, 78.66457983333333], [16.872786, 78.66458183333334], [16.872782333333337, 78.66458383333334], [16.872778666666665, 78.66458583333333], [16.872775, 78.66458783333333], [16.872771333333333, 78.66458983333334], [16.872767500000002, 78.66459183333333], [16.872763833333334, 78.66459383333333], [16.87276016666667, 78.66459583333334], [16.87275633333333, 78.66459766666667], [16.8727525, 78.66459966666666], [16.872748666666666, 78.66460166666667], [16.872745000000002, 78.66460366666666], [16.872741333333334, 78.66460566666666], [16.872737500000003, 78.66460783333333], [16.8727335, 78.66460983333333], [16.8727295, 78.66461166666666], [16.872725666666668, 78.66461366666667], [16.872722, 78.66461566666666], [16.872718333333335, 78.66461766666666], [16.872714666666663, 78.66461966666667], [16.872710833333333, 78.66462166666666], [16.872707, 78.66462366666666], [16.872703333333334, 78.66462566666668], [16.872699833333336, 78.66462766666668], [16.872696166666667, 78.66462966666667], [16.872692166666663, 78.66463166666668], [16.872688, 78.66463366666667], [16.872684, 78.66463566666667], [16.872680333333335, 78.66463783333333], [16.8726765, 78.66463983333333], [16.8726725, 78.66464183333332], [16.872668166666664, 78.66464383333333], [16.872664166666667, 78.66464583333332], [16.872660333333332, 78.664648], [16.872656333333335, 78.66465], [16.8726525, 78.66465199999999], [16.8726485, 78.66465416666666], [16.8726445, 78.66465616666666], [16.8726405, 78.66465816666667], [16.872636833333335, 78.66466033333333], [16.872632833333334, 78.66466233333334], [16.872629, 78.6646645], [16.872625000000003, 78.66466650000001], [16.872621166666665, 78.6646685], [16.872617333333334, 78.66467066666668], [16.872613666666666, 78.66467266666668], [16.872609833333335, 78.66467483333332], [16.872606, 78.66467683333333], [16.872602333333337, 78.66467883333333], [16.8725985, 78.664681], [16.872594833333334, 78.664683], [16.872591, 78.66468516666667], [16.872587166666666, 78.66468716666667], [16.872583333333335, 78.66468933333334], [16.872579833333337, 78.66469133333334], [16.872576166666665, 78.66469350000001], [16.872572333333334, 78.66469550000001], [16.872568666666666, 78.66469766666667], [16.872565, 78.66469966666666], [16.872561333333334, 78.66470183333332], [16.872557500000003, 78.664704], [16.87255383333333, 78.664706], [16.87255, 78.66470816666667], [16.872546166666666, 78.66471016666667], [16.872542333333335, 78.66471233333333], [16.872538333333335, 78.66471433333332], [16.872534666666663, 78.6647165], [16.872530666666666, 78.66471849999999], [16.872526666666666, 78.66472066666667], [16.8725225, 78.66472266666666], [16.872518333333336, 78.66472483333334], [16.872514333333335, 78.664727], [16.87251033333333, 78.66472900000001], [16.872506166666668, 78.66473116666666], [16.872502166666667, 78.66473333333333], [16.872498166666666, 78.66473533333333], [16.872494333333336, 78.6647375], [16.8724905, 78.66473966666668], [16.872486499999997, 78.66474166666667], [16.872482333333334, 78.66474383333333], [16.872478166666667, 78.66474583333334], [16.872474, 78.66474799999999], [16.872469833333334, 78.66475016666666], [16.872465833333333, 78.66475233333334], [16.872461833333332, 78.66475433333333], [16.872457666666666, 78.66475650000001], [16.872453833333335, 78.66475866666666], [16.872449833333334, 78.66476066666668], [16.872445833333334, 78.66476283333333], [16.872442, 78.664765], [16.872438166666665, 78.664767], [16.872434166666668, 78.66476916666667], [16.872430333333334, 78.66477116666667], [16.872426333333333, 78.66477333333334], [16.872422333333336, 78.66477549999999], [16.8724185, 78.6647775], [16.87241433333333, 78.66477966666666], [16.872410333333335, 78.66478183333334], [16.8724065, 78.66478383333333], [16.87240266666667, 78.664786], [16.87239883333333, 78.664788], [16.872395166666667, 78.66479016666668], [16.872391333333333, 78.66479216666667], [16.87238766666667, 78.66479433333333], [16.872383833333334, 78.6647965], [16.87238, 78.66479866666667], [16.87237633333333, 78.66480083333333], [16.872372499999997, 78.66480283333334], [16.8723685, 78.66480499999999], [16.872364666666666, 78.66480716666666], [16.87236066666667, 78.66480933333334], [16.87235666666667, 78.66481133333333], [16.872352499999998, 78.66481350000001], [16.87234833333333, 78.66481566666667], [16.8723445, 78.66481766666668], [16.872340666666666, 78.66481983333333], [16.8723365, 78.664822], [16.872332500000002, 78.66482416666666], [16.872328666666665, 78.66482633333334], [16.872324833333334, 78.66482833333333], [16.872321, 78.66483050000001], [16.872316833333333, 78.6648325], [16.872312833333336, 78.66483466666666], [16.872308999999998, 78.66483666666666], [16.872304999999997, 78.66483883333333], [16.872301166666666, 78.66484083333333], [16.872297166666666, 78.664843], [16.87229316666667, 78.66484516666667], [16.872289333333335, 78.66484716666668], [16.872285499999997, 78.66484933333332], [16.872281666666666, 78.66485133333335], [16.87227783333333, 78.66485349999999], [16.87227366666667, 78.6648555], [16.872269666666668, 78.66485766666666], [16.872266, 78.66485966666667], [16.872262166666665, 78.66486183333333], [16.872258166666665, 78.66486400000001], [16.872254, 78.664866], [16.872250166666667, 78.66486816666666], [16.872246500000003, 78.66487016666666], [16.87224266666667, 78.66487233333334], [16.872238666666664, 78.6648745], [16.872234833333334, 78.6648765], [16.872230833333333, 78.66487866666667], [16.872226833333333, 78.66488083333334], [16.872223, 78.66488283333334], [16.872218999999998, 78.66488483333333], [16.872215166666667, 78.664887], [16.872211166666666, 78.66488916666667], [16.872207166666666, 78.66489116666666], [16.872203333333335, 78.66489333333334], [16.8721995, 78.66489533333333], [16.8721955, 78.66489750000001], [16.8721915, 78.66489966666667], [16.872187666666665, 78.66490166666668], [16.872184, 78.66490383333333], [16.872180166666666, 78.66490583333332], [16.872176333333336, 78.664908], [16.87217233333333, 78.66491016666667], [16.872168666666667, 78.66491216666667], [16.872165166666665, 78.66491433333334], [16.872161333333334, 78.66491633333334], [16.872157166666668, 78.66491850000001], [16.872153, 78.66492066666666], [16.872149166666667, 78.66492266666667], [16.872145666666665, 78.66492483333333], [16.872141833333334, 78.66492683333333], [16.872137666666667, 78.664929], [16.872133833333333, 78.66493116666668], [16.87213016666667, 78.66493316666667], [16.87212633333333, 78.66493533333333], [16.8721225, 78.66493733333333], [16.8721185, 78.6649395], [16.872114833333335, 78.66494166666666], [16.872111, 78.66494366666667], [16.87210716666667, 78.66494583333333], [16.87210333333333, 78.66494783333333], [16.872099666666667, 78.66495], [16.872096166666665, 78.66495216666667], [16.872092333333335, 78.66495416666666], [16.872088333333334, 78.66495633333334], [16.872084500000003, 78.6649585], [16.87208083333333, 78.6649605], [16.87207683333333, 78.66496266666667], [16.872072833333334, 78.66496483333334], [16.872069, 78.66496699999999], [16.872065333333335, 78.664969], [16.872061666666664, 78.66497116666666], [16.872057833333333, 78.66497333333334], [16.872054166666665, 78.66497550000001], [16.8720505, 78.6649775], [16.872047000000002, 78.66497966666667], [16.872043333333334, 78.66498183333333], [16.87203933333333, 78.664984], [16.8720355, 78.66498616666667], [16.872031666666665, 78.66498816666667], [16.872028, 78.66499033333334], [16.872024333333332, 78.6649925], [16.8720205, 78.66499466666667], [16.87201683333333, 78.66499666666667], [16.87201333333333, 78.66499883333333], [16.872009833333333, 78.665001], [16.872006, 78.66500316666666], [16.872002333333334, 78.66500533333333], [16.8719985, 78.66500733333334], [16.87199466666667, 78.6650095], [16.871990999999998, 78.66501166666667], [16.8719875, 78.66501383333333], [16.871984, 78.66501583333334], [16.871980333333333, 78.66501799999999], [16.871976500000002, 78.66502], [16.871972833333334, 78.66502216666666], [16.871969333333332, 78.66502433333333], [16.871965666666664, 78.66502633333333], [16.871961666666667, 78.6650285], [16.871957666666667, 78.66503066666668], [16.871953833333336, 78.66503283333333], [16.871950000000002, 78.66503483333332], [16.871945999999998, 78.665037], [16.871942166666667, 78.66503916666667], [16.8719385, 78.66504116666667], [16.871934666666668, 78.66504333333334], [16.871930666666668, 78.66504549999999], [16.871927000000003, 78.66504766666667], [16.871923166666665, 78.66504966666666], [16.8719195, 78.66505183333334], [16.871915833333333, 78.665054], [16.871911833333336, 78.66505616666667], [16.871907833333335, 78.66505833333333], [16.871903999999997, 78.66506033333333], [16.8719, 78.6650625], [16.871896333333332, 78.66506466666667], [16.8718925, 78.66506683333334], [16.871888833333333, 78.66506883333334], [16.871884666666666, 78.665071], [16.8718805, 78.66507299999999], [16.871876666666665, 78.66507516666667], [16.871873, 78.66507733333333], [16.871869333333333, 78.6650795], [16.871865333333336, 78.6650815], [16.871861666666668, 78.66508366666667], [16.871857833333333, 78.66508583333332], [16.871854166666665, 78.66508783333333], [16.871850333333335, 78.66508999999999], [16.871846166666668, 78.665092], [16.871842166666667, 78.66509416666666], [16.871838166666667, 78.66509633333334], [16.8718345, 78.66509850000001], [16.871830833333334, 78.66510066666666], [16.871827, 78.66510283333334], [16.871823166666665, 78.665105], [16.8718195, 78.665107], [16.871815833333336, 78.66510916666667], [16.871812166666665, 78.66511133333333], [16.871808166666664, 78.6651135], [16.871804166666667, 78.66511566666667], [16.871800166666667, 78.66511783333334], [16.871796166666666, 78.66511999999999], [16.87179216666667, 78.66512216666666], [16.871788166666665, 78.66512433333334], [16.8717845, 78.66512666666667], [16.871780666666666, 78.66512883333333], [16.871776833333335, 78.665131], [16.871772833333335, 78.66513316666666], [16.87176883333333, 78.66513533333334], [16.871765, 78.6651375], [16.871761166666666, 78.66513966666666], [16.871757166666665, 78.66514166666666], [16.871753166666668, 78.66514383333333], [16.871749166666667, 78.66514600000001], [16.871745333333333, 78.66514816666667], [16.871741666666665, 78.66515033333333], [16.871738, 78.6651525], [16.871734333333333, 78.66515466666667], [16.8717305, 78.665157], [16.8717265, 78.66515916666667], [16.871722499999997, 78.66516133333333], [16.871718666666666, 78.6651635], [16.871714666666666, 78.66516566666665], [16.8717105, 78.66516783333333], [16.871706333333336, 78.66517], [16.871702333333335, 78.66517216666666], [16.871698499999997, 78.66517433333334], [16.871694666666667, 78.6651765], [16.871690833333332, 78.66517866666666], [16.87168666666667, 78.66518083333334], [16.87168266666667, 78.665183], [16.871678666666664, 78.66518516666666], [16.871674666666667, 78.66518733333334], [16.871670833333333, 78.6651895], [16.871666833333332, 78.66519166666667], [16.871662833333335, 78.66519366666667], [16.871658833333335, 78.66519583333334], [16.871654999999997, 78.66519799999999], [16.871651, 78.66520016666666], [16.871647, 78.66520233333334], [16.871643, 78.6652045], [16.871638833333336, 78.66520650000001], [16.871634833333335, 78.66520866666666], [16.871630999999997, 78.66521083333333], [16.871627, 78.665213], [16.871623, 78.665215], [16.871619, 78.66521716666666], [16.871615333333335, 78.66521933333334], [16.871611499999997, 78.6652215], [16.871607333333333, 78.66522366666666], [16.871603166666667, 78.66522583333334], [16.871599166666666, 78.665228], [16.871595333333335, 78.66523016666666], [16.871591333333335, 78.66523233333334], [16.87158733333333, 78.66523433333333], [16.8715835, 78.6652365], [16.871579666666666, 78.66523866666667], [16.87157566666667, 78.66524083333334], [16.871571666666668, 78.66524299999999], [16.871567666666667, 78.66524516666666], [16.871563666666667, 78.66524733333334], [16.871559666666666, 78.6652495], [16.8715555, 78.66525166666666], [16.871551333333333, 78.66525383333332], [16.871547666666668, 78.66525583333333], [16.87154383333333, 78.665258], [16.87154, 78.66526016666667], [16.871536166666665, 78.66526233333335], [16.871532166666668, 78.66526449999999], [16.871528166666668, 78.66526666666667], [16.871524333333333, 78.66526883333333], [16.871520166666667, 78.665271], [16.871516, 78.66527316666667], [16.871511833333333, 78.66527516666666], [16.8715075, 78.66527733333334], [16.87150366666667, 78.6652795], [16.87149966666667, 78.66528166666667], [16.87149583333333, 78.66528383333333], [16.871491666666667, 78.665286], [16.871487666666667, 78.66528816666667], [16.8714835, 78.66529033333333], [16.871479500000003, 78.6652925], [16.871475333333333, 78.66529466666665], [16.871471333333332, 78.66529666666666], [16.87146733333333, 78.66529883333332], [16.871463333333335, 78.665301], [16.871459166666668, 78.66530316666667], [16.871455166666667, 78.66530533333334], [16.871451, 78.6653075], [16.871447, 78.66530966666666], [16.871442666666667, 78.66531183333333], [16.8714385, 78.66531400000001], [16.871434166666667, 78.66531633333334], [16.871430166666666, 78.66531833333333], [16.871426166666666, 78.6653205], [16.871422166666665, 78.66532266666667], [16.87141816666667, 78.66532483333334], [16.871414333333334, 78.66532699999999], [16.871410500000003, 78.66532916666667], [16.8714065, 78.66533133333334], [16.8714025, 78.6653335], [16.8713985, 78.66533566666666], [16.8713945, 78.66533783333333], [16.871390666666667, 78.66534], [16.871386500000003, 78.66534216666668], [16.8713825, 78.66534433333332], [16.871378666666665, 78.6653465], [16.871375166666667, 78.66534883333334], [16.871371166666666, 78.665351], [16.871367333333335, 78.66535316666666], [16.87136333333333, 78.66535516666666], [16.87135933333333, 78.66535733333333], [16.871355166666667, 78.66535950000001], [16.871351166666667, 78.66536166666667], [16.871347166666666, 78.66536383333333], [16.871343500000002, 78.66536599999999], [16.871339666666664, 78.66536816666667], [16.871335833333333, 78.66537033333334], [16.871331833333333, 78.6653725], [16.871327833333332, 78.66537450000001], [16.871324, 78.66537666666666], [16.87132, 78.665379], [16.87131583333333, 78.665381], [16.871311833333333, 78.66538316666667], [16.871308, 78.66538533333333], [16.871304000000002, 78.6653875], [16.8713, 78.6653895], [16.871295999999997, 78.66539166666666], [16.871292, 78.66539383333334], [16.871288166666666, 78.665396], [16.871283833333333, 78.66539816666666], [16.871279833333332, 78.66540033333334], [16.871275833333335, 78.6654025], [16.87127183333333, 78.66540466666667], [16.871267666666665, 78.66540683333332], [16.871263666666668, 78.665409], [16.871259833333333, 78.66541116666667], [16.871256000000002, 78.66541333333333], [16.871252000000002, 78.66541550000001], [16.871248166666664, 78.66541766666666], [16.871244166666667, 78.66541983333333], [16.871240333333333, 78.665422], [16.871236333333332, 78.66542416666667], [16.871232333333335, 78.66542633333333], [16.87122833333333, 78.66542833333332], [16.87122433333333, 78.6654305], [16.8712205, 78.66543266666666], [16.871216666666665, 78.66543499999999], [16.871212833333335, 78.66543700000001], [16.871208833333334, 78.66543916666666], [16.871204666666664, 78.66544133333333], [16.871200666666667, 78.66544366666668], [16.871197, 78.66544566666667], [16.871193, 78.66544783333333], [16.871188833333335, 78.66544999999999], [16.871184666666668, 78.66545216666667], [16.871180833333334, 78.66545416666666], [16.871177, 78.66545633333334], [16.871173166666665, 78.66545850000001], [16.871169000000002, 78.66546066666666], [16.871165166666668, 78.66546283333334], [16.871161333333337, 78.665465], [16.871157333333333, 78.66546716666667], [16.871153333333332, 78.66546933333333], [16.871149166666665, 78.66547133333333], [16.871145000000002, 78.6654735], [16.871141166666668, 78.66547583333333], [16.871137333333333, 78.665478], [16.871133333333333, 78.66548016666667], [16.8711295, 78.66548233333333], [16.8711255, 78.6654845], [16.871121333333335, 78.66548666666667], [16.8711175, 78.66548883333333], [16.871113666666666, 78.665491], [16.871109999999998, 78.66549316666666], [16.871106, 78.66549516666667], [16.871102, 78.66549733333333], [16.871098333333336, 78.6654995], [16.871094666666668, 78.66550166666666], [16.871090833333334, 78.66550383333333], [16.871086666666667, 78.66550600000001], [16.871082833333332, 78.66550816666667], [16.871078666666666, 78.66551033333333], [16.87107466666667, 78.6655125], [16.871070666666665, 78.66551466666667], [16.871066499999998, 78.66551683333334], [16.871062666666667, 78.66551899999999], [16.871058666666666, 78.66552116666666], [16.8710545, 78.66552333333334], [16.871050333333336, 78.6655255], [16.871046333333332, 78.66552750000001], [16.871042166666665, 78.66552966666667], [16.871038, 78.66553183333333], [16.871033666666666, 78.665534], [16.871029500000002, 78.66553616666667], [16.8710255, 78.66553833333334], [16.871021499999998, 78.66554049999999], [16.871017666666667, 78.66554266666667], [16.871013666666666, 78.66554483333333], [16.871009833333336, 78.665547], [16.871005833333335, 78.66554916666668], [16.87100183333333, 78.66555133333333], [16.870997833333334, 78.6655535], [16.870993666666667, 78.66555566666666], [16.8709895, 78.66555783333334], [16.8709855, 78.66556], [16.870981500000003, 78.66556216666666], [16.870977666666665, 78.66556433333334], [16.870973833333334, 78.66556650000001], [16.87097, 78.66556866666666], [16.870966166666665, 78.66557083333333], [16.87096216666667, 78.665573], [16.87095833333333, 78.66557516666667], [16.8709545, 78.66557716666667], [16.870950666666666, 78.66557933333334], [16.87094666666667, 78.6655815], [16.8709425, 78.66558366666666], [16.8709385, 78.66558583333334], [16.870934833333333, 78.665588], [16.870930833333333, 78.66559016666666], [16.870926833333332, 78.66559233333334], [16.870922833333335, 78.6655945], [16.870918666666668, 78.66559666666667], [16.870914666666668, 78.66559883333333], [16.870910666666667, 78.665601], [16.8709065, 78.66560299999999], [16.8709025, 78.66560516666667], [16.8708985, 78.66560733333334], [16.87089466666667, 78.6656095], [16.870890499999998, 78.66561166666666], [16.87088633333333, 78.66561383333332], [16.870882166666668, 78.665616], [16.870878, 78.66561816666668], [16.870873833333334, 78.66562033333334], [16.8708695, 78.6656225], [16.870865499999997, 78.66562466666666], [16.870861333333334, 78.66562683333333], [16.870857666666666, 78.66562900000001], [16.87085366666667, 78.66563116666666], [16.870849833333335, 78.66563333333333], [16.87084616666667, 78.6656355], [16.870842333333332, 78.66563766666667], [16.870838499999998, 78.66563983333334], [16.870834666666667, 78.66564199999999], [16.870830666666667, 78.66564416666667], [16.87082666666667, 78.66564633333334], [16.87082283333333, 78.6656485], [16.87081883333333, 78.66565066666666], [16.870815, 78.66565283333333], [16.870811333333332, 78.66565516666667], [16.8708075, 78.66565733333333], [16.870803666666667, 78.66565949999999], [16.870799666666667, 78.66566166666667], [16.870795666666666, 78.66566383333334], [16.87079183333333, 78.665666], [16.870788, 78.66566816666666], [16.870784, 78.66567033333334], [16.87078, 78.6656725], [16.870776, 78.66567466666667], [16.87077233333333, 78.665677], [16.870768666666667, 78.66567916666666], [16.870764833333332, 78.66568133333334], [16.870761166666668, 78.66568349999999], [16.870757166666667, 78.66568566666666], [16.870753333333333, 78.66568783333334], [16.8707495, 78.66569], [16.870745499999998, 78.66569216666667], [16.870741833333334, 78.66569433333333], [16.870738, 78.6656965], [16.870734000000002, 78.66569866666667], [16.87073, 78.66570083333333], [16.870725999999998, 78.665703], [16.870722166666667, 78.66570516666667], [16.870718333333333, 78.6657075], [16.870714333333336, 78.66570966666667], [16.870710499999998, 78.66571183333333], [16.870706499999997, 78.665714], [16.870702666666666, 78.66571616666667], [16.870698833333332, 78.66571833333334], [16.870694833333335, 78.66572049999999], [16.870691, 78.66572249999999], [16.870687, 78.66572466666666], [16.870682833333333, 78.66572683333334], [16.870678833333333, 78.66572916666668], [16.870674666666666, 78.66573133333333], [16.870670833333335, 78.6657335], [16.870666833333335, 78.66573566666666], [16.87066283333333, 78.66573783333334], [16.870658666666667, 78.66574], [16.870654833333333, 78.66574216666666], [16.870651000000002, 78.66574433333334], [16.870646833333335, 78.66574633333333], [16.870642666666665, 78.66574866666666], [16.8706385, 78.66575083333333], [16.87063433333333, 78.665753], [16.870630333333335, 78.66575516666667], [16.870626166666668, 78.66575733333335], [16.870622, 78.6657595], [16.870618, 78.66576166666667], [16.870614166666666, 78.66576383333333], [16.87061033333333, 78.665766], [16.8706065, 78.66576816666667], [16.870602333333334, 78.66577033333333], [16.870598166666664, 78.6657725], [16.870594166666667, 78.66577483333334], [16.870590333333332, 78.66577699999999], [16.870586166666666, 78.66577916666667], [16.870582000000002, 78.66578133333334], [16.870577833333336, 78.6657835], [16.87057383333333, 78.66578566666666], [16.87057, 78.66578783333333], [16.870565833333334, 78.66579], [16.870561666666667, 78.66579216666668], [16.870557666666667, 78.66579433333332], [16.87055366666667, 78.6657965], [16.870549666666665, 78.66579866666666], [16.870545666666665, 78.66580083333334], [16.870541333333332, 78.66580300000001], [16.87053716666667, 78.66580516666666], [16.870533333333334, 78.6658075], [16.87052933333333, 78.66580966666668], [16.870525333333333, 78.66581183333332], [16.870521166666666, 78.665814], [16.870517333333332, 78.66581616666667], [16.870513333333335, 78.66581833333333], [16.870509333333334, 78.66582050000001], [16.87050533333333, 78.66582266666666], [16.8705015, 78.66582483333333], [16.870497333333333, 78.66582700000001], [16.870493500000002, 78.66582916666667], [16.8704895, 78.66583133333333], [16.870485666666664, 78.66583349999999], [16.870481666666667, 78.66583566666667], [16.870477666666666, 78.66583783333334], [16.87047383333333, 78.66583999999999], [16.870469833333335, 78.66584216666666], [16.870466, 78.66584433333334], [16.87046183333333, 78.6658465], [16.870457666666667, 78.66584866666668], [16.870453666666666, 78.66585083333332], [16.870449833333332, 78.665853], [16.870445833333335, 78.665855], [16.870441833333334, 78.66585716666667], [16.870437666666664, 78.6658595], [16.870433666666667, 78.66586166666666], [16.8704295, 78.66586366666667], [16.870425666666666, 78.66586600000001], [16.870421500000003, 78.665868], [16.8704175, 78.66587033333333], [16.870413666666664, 78.66587249999999], [16.87041, 78.6658745], [16.870406166666665, 78.66587683333334], [16.870402333333335, 78.66587899999999], [16.8703985, 78.66588116666667], [16.8703945, 78.66588316666666], [16.8703905, 78.66588533333334], [16.870386666666665, 78.6658875], [16.870382666666668, 78.66588966666667], [16.870378833333334, 78.66589183333333], [16.870374833333337, 78.665894], [16.870371, 78.66589616666667], [16.870366999999998, 78.66589833333335], [16.870363166666667, 78.66590049999999], [16.870359333333333, 78.66590266666667], [16.87035566666667, 78.66590483333333], [16.870351666666668, 78.665907], [16.87034733333333, 78.66590916666668], [16.870343166666665, 78.66591133333333], [16.870339166666668, 78.6659135], [16.8703355, 78.66591566666666], [16.870331500000002, 78.66591783333334], [16.870327333333332, 78.66592], [16.87032333333333, 78.66592216666666], [16.870319333333335, 78.66592433333334], [16.870315333333334, 78.66592633333333], [16.870311333333333, 78.6659285], [16.870307333333336, 78.66593066666665], [16.870303333333332, 78.66593283333333], [16.870299166666666, 78.665935], [16.870295166666665, 78.66593716666667], [16.870291333333334, 78.66593933333334], [16.8702875, 78.66594149999999], [16.870283500000003, 78.66594366666666], [16.870279166666666, 78.66594583333334], [16.870275166666666, 78.665948], [16.870271, 78.66595016666666], [16.870267166666668, 78.66595216666666], [16.870263, 78.66595433333333], [16.87025883333333, 78.6659565], [16.870254666666664, 78.66595866666667], [16.8702505, 78.66596083333334], [16.870246666666667, 78.66596299999999], [16.870242666666666, 78.66596516666667], [16.87023866666667, 78.66596733333334], [16.8702345, 78.6659695], [16.870230499999998, 78.6659715], [16.8702265, 78.66597383333333], [16.8702225, 78.66597583333333], [16.870218333333334, 78.665978], [16.870214333333333, 78.66598016666667], [16.870210333333333, 78.66598233333335], [16.870206333333332, 78.6659845], [16.870202333333335, 78.66598666666667], [16.87019816666667, 78.66598883333333], [16.870194166666668, 78.665991], [16.870190166666664, 78.66599316666667], [16.870186166666667, 78.66599533333333], [16.870182166666666, 78.66599733333334], [16.870177833333333, 78.6659995], [16.870173833333336, 78.66600166666667], [16.870169833333332, 78.66600383333333], [16.870165666666665, 78.666006], [16.8701615, 78.66600816666667], [16.870157333333335, 78.66601033333333], [16.870153166666668, 78.66601250000001], [16.870148833333335, 78.66601466666665], [16.870144666666665, 78.66601683333333], [16.870140499999998, 78.666019], [16.8701365, 78.66602116666667], [16.870132166666668, 78.66602333333334], [16.870127833333335, 78.66602533333334], [16.87012383333333, 78.6660275], [16.87012, 78.66602966666666], [16.870115833333333, 78.66603183333334], [16.870111666666666, 78.66603383333333], [16.870107333333333, 78.666036], [16.87010316666667, 78.66603816666667], [16.870099166666666, 78.66604033333333], [16.870095, 78.6660425], [16.87009116666667, 78.66604466666666], [16.870086833333335, 78.66604666666667], [16.870082833333335, 78.66604883333333], [16.870078999999997, 78.666051], [16.870075, 78.66605316666667], [16.870071, 78.66605516666667], [16.870066833333333, 78.66605733333334], [16.870062833333336, 78.6660595], [16.870059, 78.66606166666666], [16.870055333333333, 78.66606383333333], [16.870051333333333, 78.666066], [16.870047333333332, 78.66606816666668], [16.8700435, 78.66607033333334], [16.870039666666667, 78.6660725], [16.87003616666667, 78.66607466666666], [16.870032166666665, 78.66607683333334], [16.870027999999998, 78.66607900000001], [16.870024, 78.666081], [16.870019833333334, 78.66608316666667], [16.870016, 78.66608533333333], [16.870012, 78.6660875], [16.870007833333332, 78.66608966666666], [16.87000383333333, 78.66609183333334], [16.86999966666667, 78.666094], [16.869995833333334, 78.66609616666666], [16.869992, 78.66609833333334], [16.869988, 78.6661005], [16.869983833333333, 78.66610250000001], [16.869979833333332, 78.66610466666666], [16.869976, 78.666107], [16.869972, 78.66610916666667], [16.869967999999997, 78.66611133333335], [16.869964, 78.6661135], [16.869959666666666, 78.66611566666667], [16.8699555, 78.66611783333333], [16.8699515, 78.66612], [16.86994716666667, 78.66612216666667], [16.869943166666665, 78.66612433333333], [16.869939166666665, 78.6661265], [16.869935166666668, 78.66612866666667], [16.869931, 78.66613083333333], [16.869927, 78.666133], [16.869922999999996, 78.66613516666666], [16.869919, 78.66613733333334], [16.869914833333333, 78.6661395], [16.8699105, 78.66614166666666], [16.869906333333333, 78.66614383333334], [16.869902333333336, 78.66614583333333], [16.86989833333333, 78.666148], [16.869894166666665, 78.66615016666667], [16.86989, 78.66615233333333], [16.869885833333335, 78.66615449999999], [16.869881833333334, 78.66615666666667], [16.86987783333333, 78.66615883333334], [16.869873833333333, 78.666161], [16.8698695, 78.66616316666666], [16.869865333333333, 78.66616533333332], [16.869861166666666, 78.6661675], [16.86985716666667, 78.6661695], [16.869853, 78.66617166666667], [16.869848666666666, 78.66617383333333], [16.869844666666665, 78.666176], [16.86984066666667, 78.66617816666667], [16.8698365, 78.66618033333333], [16.869832166666665, 78.6661825], [16.869827666666666, 78.66618466666667], [16.869823333333333, 78.66618683333333], [16.869819, 78.666189], [16.869815000000003, 78.666191], [16.869810833333336, 78.66619316666667], [16.869806666666666, 78.66619533333332], [16.8698025, 78.6661975], [16.869798333333332, 78.66619966666667], [16.8697945, 78.66620183333333], [16.8697905, 78.66620400000001], [16.86978633333333, 78.66620616666667], [16.869782333333333, 78.66620833333333], [16.8697785, 78.6662105], [16.869774333333332, 78.66621266666667], [16.86977016666667, 78.66621483333333], [16.86976616666667, 78.666217], [16.869762166666664, 78.66621916666666], [16.869758166666667, 78.66622133333334], [16.869754333333333, 78.66622349999999], [16.869750500000002, 78.66622583333333], [16.8697465, 78.666228], [16.869742499999997, 78.66623016666668], [16.869738833333333, 78.66623233333333], [16.86973533333333, 78.6662345], [16.869731666666667, 78.66623666666666], [16.869727666666666, 78.66623899999999], [16.869723500000003, 78.66624116666667], [16.86971983333333, 78.66624333333333], [16.869716166666667, 78.6662455], [16.869712333333332, 78.66624766666668], [16.869708166666666, 78.66624983333332], [16.86970416666667, 78.666252], [16.869700166666668, 78.66625416666668], [16.86969633333333, 78.66625633333334], [16.869692333333333, 78.6662585], [16.869688333333333, 78.66626066666666], [16.869684333333332, 78.66626283333333], [16.869680333333335, 78.66626516666666], [16.869676333333334, 78.66626733333332], [16.869672166666664, 78.6662695], [16.869668, 78.66627166666667], [16.869664, 78.66627383333334], [16.86966, 78.666276], [16.869656000000003, 78.66627833333334], [16.869652, 78.6662805], [16.86964783333333, 78.66628266666666], [16.869643833333335, 78.66628483333334], [16.869639833333334, 78.666287], [16.869635833333334, 78.66628933333332], [16.869631833333337, 78.6662915], [16.869628, 78.66629366666666], [16.869623833333332, 78.66629583333334], [16.869619833333335, 78.66629800000001], [16.869615833333334, 78.66630033333333], [16.869612, 78.6663025], [16.86960816666667, 78.66630466666668], [16.869604166666665, 78.66630683333332], [16.869600166666665, 78.666309], [16.869596166666668, 78.66631116666667], [16.869592333333333, 78.66631333333333], [16.869588500000003, 78.66631550000001], [16.869584333333332, 78.66631766666666], [16.86958033333333, 78.66631983333333], [16.8695765, 78.66632183333333], [16.869572333333334, 78.666324], [16.869568333333333, 78.66632616666668], [16.869564166666667, 78.66632833333333], [16.86956, 78.6663305], [16.869556, 78.66633266666666], [16.869551833333333, 78.66633466666667], [16.869547833333336, 78.66633683333333], [16.86954366666667, 78.66633900000001], [16.869539666666665, 78.66634116666667], [16.869535499999998, 78.66634333333333], [16.8695315, 78.6663455], [16.8695275, 78.6663475], [16.869523833333336, 78.66634966666668], [16.869520333333334, 78.66635133333332], [16.869517166666665, 78.666353], [16.869514, 78.66635466666666], [16.869511499999998, 78.666356], [16.869508833333335, 78.66635733333332], [16.869506333333334, 78.66635866666667], [16.869504, 78.66635983333335], [16.869501500000002, 78.66636100000001], [16.8694995, 78.66636199999999], [16.869497833333334, 78.666363], [16.869496333333334, 78.66636383333334], [16.8694945, 78.66636466666667], [16.869492833333332, 78.6663655], [16.869491166666666, 78.66636633333333], [16.869489666666666, 78.66636716666667], [16.869488166666667, 78.66636783333334], [16.8694865, 78.66636866666666], [16.869484666666665, 78.66636933333332], [16.869483333333335, 78.66637], [16.869481833333335, 78.66637066666667], [16.869480666666668, 78.66637116666668], [16.869479333333334, 78.66637183333334], [16.869477833333335, 78.66637233333333], [16.869476666666667, 78.66637283333333], [16.869475166666668, 78.66637333333333], [16.86947316666667, 78.66637383333334], [16.8694705, 78.66637433333334], [16.869467166666666, 78.66637466666666], [16.869462666666667, 78.666375], [16.8694575, 78.66637533333332], [16.86945216666667, 78.6663755], [16.869446333333332, 78.6663755], [16.869441333333334, 78.66637516666667], [16.8694365, 78.66637466666666], [16.869432, 78.66637416666667], [16.869427833333337, 78.66637366666667], [16.869424666666664, 78.66637283333333], [16.869422333333333, 78.66637216666666], [16.869420333333334, 78.66637133333333], [16.869419, 78.6663705], [16.8694185, 78.66636983333333], [16.869417666666667, 78.666369], [16.869417166666665, 78.66636816666667], [16.869417166666665, 78.66636733333333], [16.869417, 78.66636650000001], [16.8694175, 78.66636583333334], [16.869417666666667, 78.666365], [16.869418, 78.66636433333333], [16.869418, 78.6663635], [16.869418166666666, 78.66636266666666], [16.869419333333333, 78.66636199999999], [16.869420666666667, 78.66636116666668], [16.869421833333334, 78.66636033333333], [16.869422666666665, 78.66635966666666], [16.869424, 78.666359], [16.869425666666665, 78.66635833333333], [16.869426999999998, 78.66635766666667], [16.86942816666667, 78.666357], [16.869429333333336, 78.66635633333334], [16.869430833333336, 78.66635566666668], [16.869432166666666, 78.66635500000001], [16.869433833333336, 78.66635433333333], [16.869435333333335, 78.66635366666667], [16.869436833333335, 78.66635316666667], [16.869438166666665, 78.66635249999999], [16.869439666666665, 78.66635183333332], [16.869440833333332, 78.66635116666666], [16.869442166666666, 78.6663505], [16.869443333333333, 78.66634983333333], [16.869444666666666, 78.66634916666666], [16.869446, 78.6663485], [16.869447333333333, 78.66634783333333], [16.869449166666666, 78.66634716666667], [16.869451166666668, 78.66634649999999], [16.869453166666666, 78.66634583333332], [16.869455333333335, 78.66634533333333], [16.8694575, 78.66634466666666], [16.869459666666668, 78.666344], [16.869461666666666, 78.6663435], [16.869463666666665, 78.66634300000001], [16.869465666666667, 78.6663425], [16.8694675, 78.666342], [16.869469499999997, 78.6663415], [16.869471666666666, 78.66634116666667], [16.869473833333334, 78.66634066666667], [16.869475666666666, 78.66634016666667], [16.86947766666667, 78.66633966666667], [16.869479833333333, 78.66633933333333], [16.869481666666665, 78.66633883333334], [16.8694835, 78.66633833333334], [16.869485333333333, 78.666338], [16.869487333333332, 78.6663375], [16.869488999999998, 78.66633700000001], [16.869490833333334, 78.6663365], [16.869492666666666, 78.66633616666667], [16.869494166666666, 78.66633566666665], [16.869495833333335, 78.66633533333334], [16.8694975, 78.66633483333334], [16.869499166666667, 78.66633433333332], [16.869500666666667, 78.666334], [16.869502166666667, 78.66633366666666], [16.869503666666667, 78.66633333333333], [16.869505, 78.666333], [16.8695065, 78.66633283333334], [16.8695075, 78.66633266666666], [16.869508666666665, 78.66633233333333], [16.869509833333332, 78.66633216666668], [16.869510833333333, 78.666332], [16.869512, 78.66633166666666], [16.869512999999998, 78.6663315], [16.869514166666665, 78.66633116666667], [16.8695155, 78.666331], [16.869516666666666, 78.66633083333333], [16.869518000000003, 78.66633083333333], [16.869519500000003, 78.66633083333333], [16.869520833333336, 78.66633083333333], [16.869522166666666, 78.66633083333333], [16.8695235, 78.66633083333333], [16.869524666666667, 78.66633083333333], [16.869526, 78.66633066666667], [16.869527, 78.66633066666667], [16.869528, 78.6663305], [16.869528833333334, 78.66633033333332], [16.869529666666665, 78.66633], [16.8695305, 78.66632966666666], [16.869531333333335, 78.66632933333334], [16.869532166666666, 78.66632899999999], [16.869532833333334, 78.66632866666667], [16.8695335, 78.66632816666667], [16.869534166666664, 78.66632783333333], [16.8695345, 78.66632750000001], [16.869535166666665, 78.666327], [16.869536, 78.66632666666666], [16.86953683333333, 78.66632633333333], [16.869537666666666, 78.666326], [16.869538499999997, 78.66632566666667], [16.869539333333332, 78.66632533333333], [16.869540166666663, 78.66632516666667], [16.869541, 78.66632483333333], [16.869541833333336, 78.6663245], [16.8695425, 78.66632433333332], [16.869543166666666, 78.666324], [16.869544, 78.66632383333334], [16.869544333333334, 78.66632366666666], [16.869544833333336, 78.66632333333334], [16.86954516666667, 78.66632316666667], [16.8695455, 78.66632299999999], [16.869545833333333, 78.66632266666667], [16.869546166666666, 78.66632249999999], [16.86954666666667, 78.66632233333333], [16.869547166666667, 78.66632200000001], [16.8695475, 78.66632183333333], [16.869548, 78.66632166666666], [16.8695485, 78.66632150000001], [16.869548833333333, 78.66632116666666], [16.869549333333335, 78.666321], [16.869549666666668, 78.66632083333334], [16.86955, 78.66632066666666], [16.869550333333333, 78.66632033333333], [16.869550833333335, 78.66632016666668], [16.869551333333334, 78.66632], [16.8695515, 78.66631966666667], [16.869551833333333, 78.6663195], [16.869552166666665, 78.66631933333333], [16.8695525, 78.66631916666667], [16.869552666666667, 78.66631883333334], [16.869552833333334, 78.6663185], [16.869553166666666, 78.66631833333332], [16.869553333333332, 78.666318], [16.8695535, 78.66631783333334], [16.869553833333335, 78.6663175], [16.869554333333333, 78.66631733333334], [16.8695545, 78.66631716666667], [16.869555, 78.66631683333334], [16.8695555, 78.66631666666667], [16.869556, 78.6663165], [16.869556499999998, 78.66631616666668], [16.869557166666667, 78.66631583333333], [16.869557666666665, 78.66631566666666], [16.869558333333334, 78.66631533333333], [16.869558833333333, 78.66631516666666], [16.86955933333333, 78.66631483333335], [16.869559666666664, 78.6663145], [16.869560166666666, 78.66631433333333], [16.8695605, 78.666314], [16.86956083333333, 78.66631383333333], [16.8695615, 78.66631349999999], [16.869562, 78.66631333333333], [16.869562499999997, 78.666313], [16.869562833333337, 78.66631283333332], [16.869563333333335, 78.66631266666667], [16.869563666666668, 78.6663125], [16.869564, 78.66631216666666], [16.869564333333336, 78.666312], [16.86956466666667, 78.66631183333334], [16.869565, 78.66631166666666], [16.869565166666668, 78.66631133333334], [16.869565333333334, 78.66631116666667], [16.8695655, 78.666311], [16.869565666666666, 78.66631083333333], [16.869565666666666, 78.6663105], [16.869565833333336, 78.66631033333333], [16.869566000000003, 78.66631016666666], [16.869566000000003, 78.66630983333333], [16.869566000000003, 78.66630966666666], [16.86956616666667, 78.66630933333333], [16.86956616666667, 78.66630916666666], [16.869566333333335, 78.666309], [16.8695665, 78.66630866666667], [16.869566666666667, 78.6663085], [16.869566833333334, 78.66630833333333], [16.869567, 78.66630816666667], [16.869567166666666, 78.66630783333333], [16.869567333333336, 78.66630766666667], [16.869567500000002, 78.66630749999999], [16.86956766666667, 78.66630716666667], [16.869567833333335, 78.666307], [16.869567833333335, 78.66630666666667], [16.869568, 78.6663065], [16.869568, 78.66630616666666], [16.869568166666667, 78.666306], [16.869568166666667, 78.66630583333334], [16.869568333333333, 78.66630549999999], [16.869568333333333, 78.66630533333334], [16.8695685, 78.66630516666667], [16.869568833333336, 78.666305], [16.869569333333335, 78.66630483333333], [16.869570333333336, 78.66630466666668], [16.869571666666666, 78.6663045], [16.8695735, 78.66630433333333], [16.869575666666666, 78.66630433333333], [16.869578666666666, 78.66630433333333], [16.869582333333334, 78.6663045], [16.869585500000003, 78.6663045], [16.869588500000003, 78.66630483333333], [16.869590833333334, 78.66630516666667], [16.869592833333336, 78.66630549999999], [16.8695945, 78.66630583333334], [16.869595833333335, 78.66630633333332], [16.869596833333333, 78.66630666666667]]]}}]}