recorder_seconds,gps_utc_seconds,latitude,longitude,gps_valid,gps_quality
1788789713.79,1788789228.0,78.65983,16.940428333333333,True,1
1788789713.993,1788789228.2,78.659829,16.940436499999997,True,1
1788789714.19,1788789228.4,78.659828,16.940444833333334,True,1
1788789714.393,1788789228.6,78.65982683333333,16.940452999999998,True,1
1788789714.592,1788789228.8,78.65982566666666,16.94046116666667,True,1
1788789714.794,1788789229.0,78.6598245,16.94046966666667,True,1
1788789714.994,1788789229.2,78.65982349999999,16.940477666666666,True,1
1788789715.19,1788789229.4,78.65982233333334,16.940486,True,1
1788789715.392,1788789229.6,78.65982116666667,16.940494333333334,True,1
1788789715.59,1788789229.8,78.65982000000001,16.940502666666664,True,1
1788789715.791,1788789230.0,78.65981883333333,16.940510833333335,True,1
1788789715.996,1788789230.2,78.65981766666667,16.940519166666665,True,1
1788789716.197,1788789230.4,78.6598165,16.940527499999998,True,1
1788789716.39,1788789230.6,78.65981533333334,16.940536,True,1
1788789716.587,1788789230.8,78.65981416666666,16.940544499999998,True,1
1788789716.791,1788789231.0,78.659813,16.940553166666668,True,1
1788789716.99,1788789231.2,78.65981183333334,16.940562,True,1
1788789717.19,1788789231.4,78.65981066666667,16.940571,True,1
1788789717.392,1788789231.6,78.65980933333334,16.940579666666668,True,1
1788789717.589,1788789231.8,78.65980816666666,16.9405885,True,1
1788789717.792,1788789232.0,78.659807,16.94059766666667,True,1
1788789717.99,1788789232.2,78.65980583333334,16.9406065,True,1
1788789718.19,1788789232.4,78.6598045,16.940615166666664,True,1
1788789718.39,1788789232.6,78.65980333333333,16.940624166666666,True,1
1788789718.59,1788789232.8,78.65980216666667,16.940633333333334,True,1
1788789718.79,1788789233.0,78.659801,16.940642166666667,True,1
1788789718.991,1788789233.2,78.65979983333334,16.940651,True,1
1788789719.191,1788789233.4,78.65979850000001,16.94065983333333,True,1
1788789719.389,1788789233.6,78.65979733333333,16.940668666666667,True,1
1788789719.59,1788789233.8,78.65979616666667,16.940677833333332,True,1
1788789719.791,1788789234.0,78.659795,16.940686833333334,True,1
1788789719.993,1788789234.2,78.65979383333334,16.940695666666667,True,1
1788789720.193,1788789234.4,78.65979266666666,16.9407045,True,1
1788789720.391,1788789234.6,78.6597915,16.9407135,True,1
1788789720.592,1788789234.8,78.65979033333333,16.9407225,True,1
1788789720.791,1788789235.0,78.65978916666667,16.940731500000002,True,1
1788789720.991,1788789235.2,78.65978783333334,16.940740833333333,True,1
1788789721.191,1788789235.4,78.65978666666666,16.940749666666665,True,1
1788789721.39,1788789235.6,78.65978566666666,16.9407585,True,1
1788789721.59,1788789235.8,78.65978449999999,16.94076683333333,True,1
1788789721.793,1788789236.0,78.6597835,16.940774666666666,True,1
1788789721.992,1788789236.2,78.65978249999999,16.940781666666666,True,1
1788789722.192,1788789236.4,78.65978166666667,16.940788,True,1
1788789722.394,1788789236.6,78.65978083333333,16.9407945,True,1
1788789722.594,1788789236.8,78.65978,16.94080016666667,True,1
1788789722.793,1788789237.0,78.65977916666667,16.940805333333333,True,1
1788789722.993,1788789237.2,78.65977833333334,16.9408105,True,1
1788789723.193,1788789237.4,78.65977766666667,16.940815333333333,True,1
1788789723.391,1788789237.6,78.659777,16.940819833333332,True,1
1788789723.592,1788789237.8,78.65977633333334,16.94082416666667,True,1
1788789723.791,1788789238.0,78.65977566666668,16.940828166666666,True,1
1788789723.994,1788789238.2,78.65977500000001,16.940832,True,1
1788789724.193,1788789238.4,78.65977433333335,16.94083583333333,True,1
1788789724.391,1788789238.6,78.65977366666667,16.940839333333333,True,1
1788789724.591,1788789238.8,78.659773,16.94084283333333,True,1
1788789724.79,1788789239.0,78.65977249999999,16.940846333333333,True,1
1788789724.994,1788789239.2,78.65977183333332,16.940849500000002,True,1
1788789725.193,1788789239.4,78.65977133333334,16.940852666666668,True,1
1788789725.394,1788789239.6,78.65977066666666,16.94085533333333,True,1
1788789725.595,1788789239.8,78.65977016666668,16.940857833333332,True,1
1788789725.793,1788789240.0,78.65976966666668,16.940860166666667,True,1
1788789726.001,1788789240.2,78.65976916666666,16.94086233333333,True,1
1788789726.192,1788789240.4,78.65976866666666,16.9408645,True,1
1788789726.392,1788789240.6,78.65976816666667,16.940866500000002,True,1
1788789726.591,1788789240.8,78.65976766666667,16.940868333333334,True,1
1788789726.792,1788789241.0,78.65976716666667,16.940870333333333,True,1
1788789726.991,1788789241.2,78.65976683333334,16.94087216666667,True,1
1788789727.193,1788789241.4,78.65976633333334,16.940874,True,1
1788789727.392,1788789241.6,78.65976583333332,16.9408755,True,1
1788789727.59,1788789241.8,78.6597655,16.940877333333333,True,1
1788789727.792,1788789242.0,78.65976500000001,16.940878833333333,True,1
1788789727.991,1788789242.2,78.6597645,16.9408805,True,1
1788789728.192,1788789242.4,78.65976416666668,16.940881666666666,True,1
1788789728.392,1788789242.6,78.65976383333333,16.940883166666666,True,1
1788789728.593,1788789242.8,78.65976333333333,16.940884333333333,True,1
1788789728.792,1788789243.0,78.65976283333333,16.940886,True,1
1788789728.99,1788789243.2,78.6597625,16.9408875,True,1
1788789729.193,1788789243.4,78.659762,16.94088916666667,True,1
1788789729.396,1788789243.6,78.6597615,16.94089166666667,True,1
1788789729.593,1788789243.8,78.65976099999999,16.940894833333335,True,1
1788789729.794,1788789244.0,78.65976033333332,16.9408985,True,1
1788789729.995,1788789244.2,78.65975966666666,16.9409025,True,1
1788789730.204,1788789244.4,78.659759,16.940907,True,1
1788789730.391,1788789244.6,78.65975833333333,16.940912500000003,True,1
1788789730.592,1788789244.8,78.6597575,16.940918166666666,True,1
1788789730.792,1788789245.0,78.65975683333333,16.940924166666665,True,1
1788789730.992,1788789245.2,78.659756,16.940930833333333,True,1
1788789731.19,1788789245.4,78.65975516666667,16.940937333333334,True,1
1788789731.394,1788789245.6,78.65975433333332,16.940944166666668,True,1
1788789731.593,1788789245.8,78.65975333333334,16.94095133333333,True,1
1788789731.793,1788789246.0,78.65975233333333,16.940958666666667,True,1
1788789731.993,1788789246.2,78.65975133333333,16.940966166666666,True,1
1788789732.191,1788789246.4,78.65975016666667,16.940973666666665,True,1
1788789732.391,1788789246.6,78.65974899999999,16.940981333333333,True,1
1788789732.591,1788789246.8,78.65974783333333,16.940989000000002,True,1
1788789732.793,1788789247.0,78.65974666666666,16.940996666666667,True,1
1788789732.991,1788789247.2,78.6597455,16.941004666666668,True,1
1788789733.19,1788789247.4,78.65974416666667,16.9410125,True,1
1788789733.393,1788789247.6,78.65974299999999,16.941020666666667,True,1
1788789733.592,1788789247.8,78.65974166666666,16.941028666666668,True,1
1788789733.794,1788789248.0,78.65974033333333,16.941036666666665,True,1
1788789733.993,1788789248.2,78.659739,16.941044833333333,True,1
1788789734.194,1788789248.4,78.65973783333334,16.941053166666666,True,1
1788789734.391,1788789248.6,78.6597365,16.941061333333334,True,1
1788789734.59,1788789248.8,78.65973516666666,16.941069333333335,True,1
1788789734.79,1788789249.0,78.65973383333333,16.941077833333335,True,1
1788789734.991,1788789249.2,78.6597325,16.94108633333333,True,1
1788789735.189,1788789249.4,78.65973116666667,16.941094833333334,True,1
1788789735.39,1788789249.6,78.65972983333333,16.941103,True,1
1788789735.59,1788789249.8,78.6597285,16.941111333333332,True,1
1788789735.79,1788789250.0,78.65972716666667,16.941119833333335,True,1
1788789735.992,1788789250.2,78.65972583333334,16.941128,True,1
1788789736.191,1788789250.4,78.65972466666668,16.941136333333336,True,1
1788789736.392,1788789250.6,78.65972333333335,16.9411445,True,1
1788789736.592,1788789250.8,78.659722,16.941153166666666,True,1
1788789736.792,1788789251.0,78.65972066666667,16.94116166666667,True,1
1788789736.993,1788789251.2,78.65971933333334,16.941170166666666,True,1
1788789737.191,1788789251.4,78.65971800000001,16.941178833333332,True,1
1788789737.392,1788789251.6,78.65971666666665,16.9411875,True,1
1788789737.591,1788789251.8,78.65971533333332,16.941196166666668,True,1
1788789737.793,1788789252.0,78.659714,16.941204666666668,True,1
1788789737.992,1788789252.2,78.65971266666666,16.941213166666667,True,1
1788789738.192,1788789252.4,78.65971133333333,16.941222,True,1
1788789738.394,1788789252.6,78.65970999999999,16.9412305,True,1
1788789738.591,1788789252.8,78.65970866666666,16.941239166666666,True,1
1788789738.793,1788789253.0,78.65970733333333,16.9412475,True,1
1788789739.004,1788789253.2,78.659706,16.941256333333335,True,1
1788789739.196,1788789253.4,78.65970466666666,16.941264999999998,True,1
1788789739.392,1788789253.6,78.65970333333333,16.941273666666667,True,1
1788789739.592,1788789253.8,78.659702,16.941282333333334,True,1
1788789739.794,1788789254.0,78.65970066666667,16.941291,True,1
1788789739.993,1788789254.2,78.65969916666667,16.941300000000002,True,1
1788789740.197,1788789254.4,78.65969783333334,16.941308499999998,True,1
1788789740.392,1788789254.6,78.65969666666666,16.941317,True,1
1788789740.592,1788789254.8,78.65969516666668,16.941325833333334,True,1
1788789740.793,1788789255.0,78.65969383333332,16.9413345,True,1
1788789740.991,1788789255.2,78.65969249999999,16.941343,True,1
1788789741.192,1788789255.4,78.65969116666666,16.941351666666666,True,1
1788789741.393,1788789255.6,78.65968983333333,16.941360333333332,True,1
1788789741.593,1788789255.8,78.65968866666667,16.941368833333335,True,1
1788789741.795,1788789256.0,78.65968733333334,16.941377833333334,True,1
1788789741.993,1788789256.2,78.659686,16.9413865,True,1
1788789742.194,1788789256.4,78.65968466666666,16.941395166666666,True,1
1788789742.395,1788789256.6,78.65968333333333,16.941404166666665,True,1
1788789742.593,1788789256.8,78.659682,16.941413,True,1
1788789742.792,1788789257.0,78.65968066666666,16.941421666666667,True,1
1788789742.993,1788789257.2,78.65967933333333,16.941430500000003,True,1
1788789743.193,1788789257.4,78.659678,16.941439166666665,True,1
1788789743.393,1788789257.6,78.65967666666667,16.941447999999998,True,1
1788789743.593,1788789257.8,78.65967533333334,16.941456833333334,True,1
1788789743.794,1788789258.0,78.659674,16.941465666666666,True,1
1788789743.994,1788789258.2,78.65967266666667,16.9414745,True,1
1788789744.19,1788789258.4,78.65967133333334,16.9414835,True,1
1788789744.394,1788789258.6,78.65967,16.9414925,True,1
1788789744.596,1788789258.8,78.65966866666666,16.941501333333335,True,1
1788789744.796,1788789259.0,78.65966733333333,16.941510166666667,True,1
1788789744.994,1788789259.2,78.659666,16.94151916666667,True,1
1788789745.193,1788789259.4,78.65966466666667,16.941527833333335,True,1
1788789745.393,1788789259.6,78.65966333333334,16.94153683333333,True,1
1788789745.591,1788789259.8,78.65966216666668,16.941545666666666,True,1
1788789745.792,1788789260.0,78.65966083333333,16.94155483333333,True,1
1788789745.993,1788789260.2,78.6596595,16.941563499999997,True,1
1788789746.192,1788789260.4,78.65965816666667,16.9415725,True,1
1788789746.392,1788789260.6,78.65965683333334,16.941581333333332,True,1
1788789746.59,1788789260.8,78.65965566666667,16.941590166666668,True,1
1788789746.791,1788789261.0,78.65965433333334,16.941599,True,1
1788789746.989,1788789261.2,78.65965316666667,16.941608,True,1
1788789747.19,1788789261.4,78.65965183333333,16.941616833333335,True,1
1788789747.393,1788789261.6,78.6596505,16.941625833333333,True,1
1788789747.59,1788789261.8,78.65964933333333,16.941635,True,1
1788789747.792,1788789262.0,78.659648,16.941644166666666,True,1
1788789747.991,1788789262.2,78.65964683333333,16.941653166666665,True,1
1788789748.193,1788789262.4,78.6596455,16.941662166666667,True,1
1788789748.392,1788789262.6,78.65964433333333,16.941671499999998,True,1
1788789748.59,1788789262.8,78.659643,16.941680666666667,True,1
1788789748.792,1788789263.0,78.65964183333334,16.941689666666665,True,1
1788789748.991,1788789263.2,78.6596405,16.94169916666667,True,1
1788789749.193,1788789263.4,78.65963933333335,16.941708333333334,True,1
1788789749.393,1788789263.6,78.65963816666667,16.941717833333332,True,1
1788789749.59,1788789263.8,78.65963683333332,16.941727166666666,True,1
1788789749.792,1788789264.0,78.65963566666666,16.941736166666665,True,1
1788789749.995,1788789264.2,78.65963433333333,16.941745833333336,True,1
1788789750.19,1788789264.4,78.659633,16.941755,True,1
1788789750.39,1788789264.6,78.65963183333334,16.941764499999998,True,1
1788789750.592,1788789264.8,78.65963066666667,16.941773833333333,True,1
1788789750.791,1788789265.0,78.65962933333334,16.941783333333333,True,1
1788789750.991,1788789265.2,78.65962816666666,16.941792666666668,True,1
1788789751.192,1788789265.4,78.65962683333333,16.941802166666665,True,1
1788789751.391,1788789265.6,78.65962549999999,16.94181166666667,True,1
1788789751.591,1788789265.8,78.65962433333334,16.941821,True,1
1788789751.793,1788789266.0,78.659623,16.9418305,True,1
1788789751.991,1788789266.2,78.65962183333333,16.94184016666667,True,1
1788789752.191,1788789266.4,78.6596205,16.9418495,True,1
1788789752.39,1788789266.6,78.65961916666667,16.941859166666667,True,1
1788789752.594,1788789266.8,78.65961783333334,16.941868833333334,True,1
1788789752.795,1788789267.0,78.6596165,16.94187833333333,True,1
1788789752.993,1788789267.2,78.65961533333333,16.941887666666666,True,1
1788789753.192,1788789267.4,78.65961399999999,16.941897333333333,True,1
1788789753.392,1788789267.6,78.65961266666666,16.941906666666668,True,1
1788789753.592,1788789267.8,78.6596115,16.941915833333333,True,1
1788789753.791,1788789268.0,78.65961016666667,16.941925,True,1
1788789753.992,1788789268.2,78.65960883333334,16.941934,True,1
1788789754.192,1788789268.4,78.65960766666667,16.941943166666665,True,1
1788789754.391,1788789268.6,78.65960633333334,16.941952,True,1
1788789754.593,1788789268.8,78.65960516666668,16.941960833333333,True,1
1788789754.792,1788789269.0,78.659604,16.941969500000003,True,1
1788789754.994,1788789269.2,78.65960266666666,16.941978,True,1
1788789755.19,1788789269.4,78.6596015,16.9419865,True,1
1788789755.393,1788789269.6,78.65960033333334,16.941994833333336,True,1
1788789755.594,1788789269.8,78.659599,16.9420035,True,1
1788789755.795,1788789270.0,78.65959783333332,16.942011666666666,True,1
1788789755.996,1788789270.2,78.65959649999999,16.942019833333333,True,1
1788789756.192,1788789270.4,78.65959533333333,16.942028,True,1
1788789756.39,1788789270.6,78.65959416666666,16.942036166666664,True,1
1788789756.589,1788789270.8,78.65959283333333,16.94204416666667,True,1
1788789756.792,1788789271.0,78.65959166666667,16.9420525,True,1
1788789756.992,1788789271.2,78.65959033333334,16.942060666666666,True,1
1788789757.191,1788789271.4,78.65958916666666,16.942068666666668,True,1
1788789757.39,1788789271.6,78.65958783333333,16.942076666666665,True,1
1788789757.589,1788789271.8,78.65958649999999,16.942084833333336,True,1
1788789757.791,1788789272.0,78.65958516666666,16.942092666666667,True,1
1788789757.99,1788789272.2,78.659584,16.942100666666665,True,1
1788789758.191,1788789272.4,78.65958266666667,16.942108666666666,True,1
1788789758.393,1788789272.6,78.65958133333334,16.942116333333335,True,1
1788789758.592,1788789272.8,78.65958,16.942124333333332,True,1
1788789758.795,1788789273.0,78.65957866666666,16.942132,True,1
1788789758.994,1788789273.2,78.6595775,16.942139833333332,True,1
1788789759.196,1788789273.4,78.65957616666667,16.942147666666663,True,1
1788789759.394,1788789273.6,78.65957483333334,16.942155333333336,True,1
1788789759.591,1788789273.8,78.65957366666666,16.942163,True,1
1788789759.792,1788789274.0,78.65957233333333,16.942170833333332,True,1
1788789759.992,1788789274.2,78.659571,16.942178666666667,True,1
1788789760.197,1788789274.4,78.65956983333334,16.942186,True,1
1788789760.393,1788789274.6,78.65956866666667,16.942193333333332,True,1
1788789760.59,1788789274.8,78.65956750000001,16.942199666666667,True,1
1788789760.788,1788789275.0,78.65956633333333,16.942205666666666,True,1
1788789760.992,1788789275.2,78.65956533333333,16.942211333333333,True,1
1788789761.192,1788789275.4,78.65956433333334,16.942216666666663,True,1
1788789761.394,1788789275.6,78.6595635,16.94222166666667,True,1
1788789761.591,1788789275.8,78.65956266666667,16.942226333333334,True,1
1788789761.795,1788789276.0,78.65956183333333,16.9422305,True,1
1788789761.992,1788789276.2,78.65956116666666,16.94223433333333,True,1
1788789762.192,1788789276.4,78.65956033333333,16.942238333333332,True,1
1788789762.393,1788789276.6,78.65955966666667,16.942242,True,1
1788789762.594,1788789276.8,78.659559,16.942245333333336,True,1
1788789762.793,1788789277.0,78.65955833333334,16.9422485,True,1
1788789762.992,1788789277.2,78.65955766666666,16.942251666666667,True,1
1788789763.193,1788789277.4,78.65955716666667,16.9422545,True,1
1788789763.392,1788789277.6,78.6595565,16.9422575,True,1
1788789763.595,1788789277.8,78.65955600000001,16.942259999999997,True,1
1788789763.794,1788789278.0,78.65955533333334,16.942262666666668,True,1
1788789763.993,1788789278.2,78.65955483333333,16.942264833333336,True,1
1788789764.195,1788789278.4,78.65955433333333,16.942267333333334,True,1
1788789764.405,1788789278.6,78.65955383333333,16.942269500000002,True,1
1788789764.594,1788789278.8,78.65955333333333,16.9422715,True,1
1788789764.792,1788789279.0,78.65955283333332,16.942273666666665,True,1
1788789764.993,1788789279.2,78.65955233333334,16.942275666666667,True,1
1788789765.194,1788789279.4,78.65955183333334,16.942277333333333,True,1
1788789765.395,1788789279.6,78.65955133333334,16.942279,True,1
1788789765.593,1788789279.8,78.65955083333333,16.9422805,True,1
1788789765.793,1788789280.0,78.6595505,16.942281833333332,True,1
1788789765.993,1788789280.2,78.65955000000001,16.942282833333334,True,1
1788789766.19,1788789280.4,78.65954966666666,16.942283666666665,True,1
1788789766.394,1788789280.6,78.65954916666666,16.942284500000003,True,1
1788789766.594,1788789280.8,78.65954883333333,16.942285000000002,True,1
1788789766.792,1788789281.0,78.6595485,16.942285833333337,True,1
1788789766.993,1788789281.2,78.65954816666667,16.942286333333335,True,1
1788789767.192,1788789281.4,78.65954766666667,16.942287,True,1
1788789767.391,1788789281.6,78.65954733333334,16.942287500000003,True,1
1788789767.589,1788789281.8,78.659547,16.942288166666668,True,1
1788789767.791,1788789282.0,78.65954666666667,16.9422885,True,1
1788789767.992,1788789282.2,78.65954633333334,16.9422895,True,1
1788789768.191,1788789282.4,78.659546,16.942290166666666,True,1
1788789768.389,1788789282.6,78.65954566666666,16.942290833333335,True,1
1788789768.591,1788789282.8,78.65954533333334,16.942291333333333,True,1
1788789768.791,1788789283.0,78.659545,16.9422915,True,1
1788789768.992,1788789283.2,78.65954466666668,16.942291666666666,True,1
1788789769.194,1788789283.4,78.65954433333333,16.942292166666668,True,1
1788789769.392,1788789283.6,78.65954400000001,16.942292333333334,True,1
1788789769.593,1788789283.8,78.65954383333333,16.9422925,True,1
1788789769.794,1788789284.0,78.6595435,16.942292833333333,True,1
1788789769.995,1788789284.2,78.65954316666667,16.942293333333335,True,1
1788789770.195,1788789284.4,78.65954283333333,16.9422935,True,1
1788789770.394,1788789284.6,78.65954266666667,16.942294166666667,True,1
1788789770.595,1788789284.8,78.65954233333333,16.942294166666667,True,1
1788789770.793,1788789285.0,78.65954216666667,16.942294666666665,True,1
1788789770.993,1788789285.2,78.65954183333334,16.942294833333335,True,1
1788789771.191,1788789285.4,78.65954149999999,16.942295,True,1
1788789771.392,1788789285.6,78.65954133333334,16.942295333333334,True,1
1788789771.591,1788789285.8,78.659541,16.9422955,True,1
1788789771.79,1788789286.0,78.65954083333332,16.942295833333333,True,1
1788789771.995,1788789286.2,78.6595405,16.942295833333333,True,1
1788789772.195,1788789286.4,78.65954033333334,16.942296,True,1
1788789772.394,1788789286.6,78.65954,16.942296333333335,True,1
1788789772.593,1788789286.8,78.65953983333334,16.942296166666665,True,1
1788789772.792,1788789287.0,78.65953966666666,16.942296333333335,True,1
1788789772.993,1788789287.2,78.65953933333334,16.942296333333335,True,1
1788789773.194,1788789287.4,78.65953916666668,16.9422965,True,1
1788789773.394,1788789287.6,78.65953883333333,16.942296666666667,True,1
1788789773.593,1788789287.8,78.65953866666668,16.942296833333334,True,1
1788789773.794,1788789288.0,78.6595385,16.942297,True,1
1788789773.991,1788789288.2,78.65953833333333,16.942297166666666,True,1
1788789774.193,1788789288.4,78.65953800000001,16.942297166666666,True,1
1788789774.392,1788789288.6,78.65953783333333,16.942297,True,1
1788789774.591,1788789288.8,78.65953766666667,16.942297,True,1
1788789774.794,1788789289.0,78.65953766666667,16.942297,True,1
1788789774.993,1788789289.2,78.6595375,16.942296833333334,True,1
1788789775.191,1788789289.4,78.65953733333335,16.9422965,True,1
1788789775.394,1788789289.6,78.65953716666667,16.942296333333335,True,1
1788789775.593,1788789289.8,78.659537,16.942296166666665,True,1
1788789775.793,1788789290.0,78.65953683333333,16.942296,True,1
1788789775.992,1788789290.2,78.65953666666665,16.942296333333335,True,1
1788789776.193,1788789290.4,78.6595365,16.942296,True,1
1788789776.393,1788789290.6,78.65953633333334,16.942296,True,1
1788789776.59,1788789290.8,78.65953616666667,16.942296,True,1
1788789776.79,1788789291.0,78.65953599999999,16.942296,True,1
1788789776.992,1788789291.2,78.65953583333334,16.942295833333333,True,1
1788789777.19,1788789291.4,78.65953566666667,16.942295833333333,True,1
1788789777.39,1788789291.6,78.65953549999999,16.942295666666666,True,1
1788789777.591,1788789291.8,78.65953549999999,16.942295333333334,True,1
1788789777.792,1788789292.0,78.65953533333332,16.942295166666668,True,1
1788789777.991,1788789292.2,78.65953516666667,16.942295166666668,True,1
1788789778.191,1788789292.4,78.659535,16.942295166666668,True,1
1788789778.391,1788789292.6,78.65953483333332,16.942294833333335,True,1
1788789778.592,1788789292.8,78.65953466666666,16.942294666666665,True,1
1788789778.794,1788789293.0,78.6595345,16.9422945,True,1
1788789778.993,1788789293.2,78.65953433333334,16.942294166666667,True,1
1788789779.192,1788789293.4,78.65953416666666,16.942294,True,1
1788789779.393,1788789293.6,78.659534,16.942293666666668,True,1
1788789779.592,1788789293.8,78.65953383333334,16.942293166666666,True,1
1788789779.794,1788789294.0,78.6595335,16.942293,True,1
1788789779.99,1788789294.2,78.6595335,16.942292333333334,True,1
1788789780.193,1788789294.4,78.65953333333333,16.942292000000002,True,1
1788789780.396,1788789294.6,78.659533,16.942291833333336,True,1
1788789780.593,1788789294.8,78.65953283333333,16.942291166666667,True,1
1788789780.791,1788789295.0,78.65953266666666,16.942290833333335,True,1
1788789780.991,1788789295.2,78.6595325,16.942290500000002,True,1
1788789781.192,1788789295.4,78.65953233333333,16.942290166666666,True,1
1788789781.389,1788789295.6,78.65953216666666,16.942289833333334,True,1
1788789781.59,1788789295.8,78.659532,16.9422895,True,1
1788789781.791,1788789296.0,78.65953183333333,16.94228916666667,True,1
1788789781.992,1788789296.2,78.65953166666667,16.942288833333336,True,1
1788789782.192,1788789296.4,78.6595315,16.9422885,True,1
1788789782.393,1788789296.6,78.65953133333333,16.942288,True,1
1788789782.592,1788789296.8,78.65953116666667,16.94228766666667,True,1
1788789782.791,1788789297.0,78.659531,16.942287500000003,True,1
1788789782.993,1788789297.2,78.65953066666665,16.942287166666667,True,1
1788789783.193,1788789297.4,78.6595305,16.942286833333334,True,1
1788789783.394,1788789297.6,78.65953033333334,16.942286666666668,True,1
1788789783.592,1788789297.8,78.65953016666667,16.9422865,True,1
1788789783.792,1788789298.0,78.65952983333334,16.94228616666667,True,1
1788789783.993,1788789298.2,78.65952966666667,16.942286000000003,True,1
1788789784.19,1788789298.4,78.65952949999999,16.942285833333337,True,1
1788789784.393,1788789298.6,78.65952933333332,16.942285666666667,True,1
1788789784.591,1788789298.8,78.65952916666667,16.9422855,True,1
1788789784.792,1788789299.0,78.65952883333333,16.9422855,True,1
1788789784.993,1788789299.2,78.65952866666666,16.942285333333334,True,1
1788789785.193,1788789299.4,78.65952850000001,16.942285000000002,True,1
1788789785.393,1788789299.6,78.65952833333334,16.942284833333336,True,1
1788789785.591,1788789299.8,78.65952816666666,16.94228466666667,True,1
1788789785.795,1788789300.0,78.65952783333334,16.942284333333337,True,1
1788789785.997,1788789300.2,78.65952766666666,16.942284166666663,True,1
1788789786.193,1788789300.4,78.6595275,16.942283999999997,True,1
1788789786.394,1788789300.6,78.65952716666668,16.94228383333333,True,1
1788789786.593,1788789300.8,78.659527,16.942283999999997,True,1
1788789786.794,1788789301.0,78.65952683333333,16.942283666666665,True,1
1788789786.991,1788789301.2,78.6595265,16.9422835,True,1
1788789787.192,1788789301.4,78.65952633333333,16.942283333333332,True,1
1788789787.39,1788789301.6,78.659526,16.942283166666666,True,1
1788789787.59,1788789301.8,78.65952583333333,16.942283,True,1
1788789787.79,1788789302.0,78.65952566666667,16.942282833333334,True,1
1788789787.989,1788789302.2,78.65952533333333,16.942282499999997,True,1
1788789788.19,1788789302.4,78.65952516666667,16.94228233333333,True,1
1788789788.39,1788789302.6,78.65952483333334,16.942282166666665,True,1
1788789788.592,1788789302.8,78.65952466666666,16.942282,True,1
1788789788.792,1788789303.0,78.6595245,16.942281833333332,True,1
1788789788.992,1788789303.2,78.65952416666667,16.9422815,True,1
1788789789.191,1788789303.4,78.65952399999999,16.942281333333334,True,1
1788789789.394,1788789303.6,78.65952383333334,16.942281166666664,True,1
1788789789.593,1788789303.8,78.65952349999999,16.942281166666664,True,1
1788789789.794,1788789304.0,78.65952333333333,16.942280999999998,True,1
1788789789.991,1788789304.2,78.65952300000001,16.942280999999998,True,1
1788789790.192,1788789304.4,78.65952283333333,16.94228083333333,True,1
1788789790.391,1788789304.6,78.65952250000001,16.94228083333333,True,1
1788789790.592,1788789304.8,78.65952233333334,16.94228083333333,True,1
1788789790.793,1788789305.0,78.65952216666666,16.942280999999998,True,1
1788789790.991,1788789305.2,78.65952183333334,16.942280999999998,True,1
1788789791.191,1788789305.4,78.65952166666666,16.94228083333333,True,1
1788789791.392,1788789305.6,78.65952133333333,16.94228083333333,True,1
1788789791.592,1788789305.8,78.65952116666668,16.942280666666665,True,1
1788789791.792,1788789306.0,78.65952083333333,16.9422805,True,1
1788789791.992,1788789306.2,78.65952066666667,16.9422805,True,1
1788789792.191,1788789306.4,78.6595205,16.942280333333333,True,1
1788789792.391,1788789306.6,78.65952016666667,16.942280166666666,True,1
1788789792.591,1788789306.8,78.65952,16.942280166666666,True,1
1788789792.792,1788789307.0,78.65951983333333,16.94228,True,1
1788789792.991,1788789307.2,78.6595195,16.94228,True,1
1788789793.192,1788789307.4,78.65951933333334,16.942280166666666,True,1
1788789793.392,1788789307.6,78.659519,16.942280166666666,True,1
1788789793.59,1788789307.8,78.65951883333334,16.942280166666666,True,1
1788789793.79,1788789308.0,78.65951866666666,16.942280166666666,True,1
1788789793.991,1788789308.2,78.65951833333334,16.942280333333333,True,1
1788789794.193,1788789308.4,78.65951816666667,16.9422805,True,1
1788789794.393,1788789308.6,78.65951799999999,16.9422805,True,1
1788789794.592,1788789308.8,78.65951766666667,16.942280666666665,True,1
1788789794.793,1788789309.0,78.65951749999999,16.9422805,True,1
1788789794.992,1788789309.2,78.65951733333333,16.9422805,True,1
1788789795.19,1788789309.4,78.65951716666667,16.9422805,True,1
1788789795.393,1788789309.6,78.65951700000001,16.9422805,True,1
1788789795.591,1788789309.8,78.65951666666666,16.9422805,True,1
1788789795.791,1788789310.0,78.65951650000001,16.9422805,True,1
1788789795.991,1788789310.2,78.65951633333334,16.942280333333333,True,1
1788789796.191,1788789310.4,78.65951616666666,16.942280333333333,True,1
1788789796.392,1788789310.6,78.659516,16.942280333333333,True,1
1788789796.591,1788789310.8,78.65951583333334,16.942280166666666,True,1
1788789796.794,1788789311.0,78.65951566666666,16.942280166666666,True,1
1788789796.993,1788789311.2,78.6595155,16.94228,True,1
1788789797.19,1788789311.4,78.65951533333333,16.94228,True,1
1788789797.392,1788789311.6,78.65951516666668,16.942279833333334,True,1
1788789797.59,1788789311.8,78.659515,16.942279833333334,True,1
1788789797.793,1788789312.0,78.65951483333333,16.942279666666664,True,1
1788789797.99,1788789312.2,78.65951466666667,16.942279499999998,True,1
1788789798.205,1788789312.4,78.65951433333333,16.94227933333333,True,1
1788789798.389,1788789312.6,78.65951416666667,16.942279166666665,True,1
1788789798.591,1788789312.8,78.659514,16.942278833333333,True,1
1788789798.79,1788789313.0,78.65951383333332,16.942278833333333,True,1
1788789798.991,1788789313.2,78.65951366666667,16.942278666666667,True,1
1788789799.19,1788789313.4,78.6595135,16.942278333333334,True,1
1788789799.388,1788789313.6,78.65951333333334,16.942278333333334,True,1
1788789799.591,1788789313.8,78.65951316666666,16.942278166666664,True,1
1788789799.792,1788789314.0,78.659513,16.942277999999998,True,1
1788789799.993,1788789314.2,78.65951283333334,16.942277833333332,True,1
1788789800.193,1788789314.4,78.65951266666666,16.942277666666666,True,1
1788789800.393,1788789314.6,78.65951249999999,16.9422775,True,1
1788789800.593,1788789314.8,78.65951233333334,16.9422775,True,1
1788789800.795,1788789315.0,78.65951199999999,16.942277333333333,True,1
1788789800.995,1788789315.2,78.65951199999999,16.942277166666667,True,1
1788789801.192,1788789315.4,78.65951166666667,16.942277,True,1
1788789801.391,1788789315.6,78.6595115,16.942276666666665,True,1
1788789801.589,1788789315.8,78.65951133333333,16.9422765,True,1
1788789801.791,1788789316.0,78.65951116666666,16.942276333333332,True,1
1788789801.988,1788789316.2,78.65951100000001,16.942276166666666,True,1
1788789802.188,1788789316.4,78.65951083333333,16.942275833333333,True,1
1788789802.393,1788789316.6,78.65951066666666,16.942275666666667,True,1
1788789802.591,1788789316.8,78.6595105,16.9422755,True,1
1788789802.791,1788789317.0,78.65951033333334,16.942275333333335,True,1
1788789802.991,1788789317.2,78.65951016666666,16.942275,True,1
1788789803.193,1788789317.4,78.65951,16.942274833333332,True,1
1788789803.393,1788789317.6,78.65950983333333,16.9422745,True,1
1788789803.591,1788789317.8,78.65950966666666,16.942274333333334,True,1
1788789803.792,1788789318.0,78.6595095,16.942274,True,1
1788789803.992,1788789318.2,78.65950933333333,16.942273833333335,True,1
1788789804.191,1788789318.4,78.65950916666667,16.942273666666665,True,1
1788789804.392,1788789318.6,78.659509,16.9422735,True,1
1788789804.591,1788789318.8,78.65950883333333,16.942273333333333,True,1
1788789804.79,1788789319.0,78.65950866666667,16.942273,True,1
1788789804.992,1788789319.2,78.65950849999999,16.942272833333334,True,1
1788789805.191,1788789319.4,78.65950833333333,16.942272666666668,True,1
1788789805.393,1788789319.6,78.65950816666667,16.9422725,True,1
1788789805.592,1788789319.8,78.659508,16.942272166666665,True,1
1788789805.793,1788789320.0,78.65950783333332,16.942272,True,1
1788789805.994,1788789320.2,78.65950766666667,16.942271833333333,True,1
1788789806.193,1788789320.4,78.6595075,16.942271666666667,True,1
1788789806.392,1788789320.6,78.65950733333334,16.942271333333334,True,1
1788789806.592,1788789320.8,78.65950716666666,16.942271166666668,True,1
1788789806.792,1788789321.0,78.65950716666666,16.942271,True,1
1788789806.993,1788789321.2,78.659507,16.942270833333335,True,1
1788789807.19,1788789321.4,78.65950683333334,16.9422705,True,1
1788789807.391,1788789321.6,78.65950683333334,16.9422705,True,1
1788789807.588,1788789321.8,78.65950666666666,16.942270333333333,True,1
1788789807.791,1788789322.0,78.65950649999999,16.942270166666667,True,1
1788789807.991,1788789322.2,78.65950633333334,16.94227,True,1
1788789808.191,1788789322.4,78.65950633333334,16.942269833333334,True,1
1788789808.392,1788789322.6,78.65950616666667,16.942269666666668,True,1
1788789808.591,1788789322.8,78.659506,16.942269500000002,True,1
1788789808.791,1788789323.0,78.659506,16.942269333333336,True,1
1788789808.99,1788789323.2,78.65950583333333,16.942269,True,1
1788789809.191,1788789323.4,78.65950583333333,16.942268666666667,True,1
1788789809.389,1788789323.6,78.65950566666667,16.942268333333335,True,1
1788789809.591,1788789323.8,78.6595055,16.942268333333335,True,1
1788789809.792,1788789324.0,78.6595055,16.942268000000002,True,1
1788789809.992,1788789324.2,78.65950533333333,16.942267666666666,True,1
1788789810.192,1788789324.4,78.65950533333333,16.942267333333334,True,1
1788789810.39,1788789324.6,78.65950516666666,16.942267166666667,True,1
1788789810.593,1788789324.8,78.65950516666666,16.942267,True,1
1788789810.794,1788789325.0,78.65950500000001,16.942266833333335,True,1
1788789810.995,1788789325.2,78.65950483333333,16.942266500000002,True,1
1788789811.193,1788789325.4,78.65950483333333,16.942266333333336,True,1
1788789811.391,1788789325.6,78.65950466666666,16.942266,True,1
1788789811.591,1788789325.8,78.6595045,16.942265833333334,True,1
1788789811.789,1788789326.0,78.65950433333335,16.942265666666668,True,1
1788789811.99,1788789326.2,78.65950433333335,16.94226516666667,True,1
1788789812.19,1788789326.4,78.65950416666666,16.942264833333336,True,1
1788789812.39,1788789326.6,78.659504,16.942264333333334,True,1
1788789812.592,1788789326.8,78.65950383333333,16.942263833333335,True,1
1788789812.793,1788789327.0,78.65950366666667,16.942263500000003,True,1
1788789812.992,1788789327.2,78.6595035,16.942263166666667,True,1
1788789813.19,1788789327.4,78.65950333333333,16.942262833333334,True,1
1788789813.392,1788789327.6,78.65950333333333,16.942262500000002,True,1
1788789813.592,1788789327.8,78.65950316666667,16.942262000000003,True,1
1788789813.792,1788789328.0,78.659503,16.942261666666663,True,1
1788789813.993,1788789328.2,78.65950283333333,16.94226133333333,True,1
1788789814.193,1788789328.4,78.65950283333333,16.942261166666665,True,1
1788789814.393,1788789328.6,78.65950266666667,16.942261,True,1
1788789814.592,1788789328.8,78.65950249999999,16.942260666666666,True,1
1788789814.792,1788789329.0,78.65950249999999,16.9422605,True,1
1788789814.992,1788789329.2,78.65950233333334,16.942260166666664,True,1
1788789815.193,1788789329.4,78.65950216666667,16.94225983333333,True,1
1788789815.393,1788789329.6,78.659502,16.9422595,True,1
1788789815.59,1788789329.8,78.659502,16.942259166666666,True,1
1788789815.791,1788789330.0,78.65950183333332,16.942258833333334,True,1
1788789815.992,1788789330.2,78.65950183333332,16.94225833333333,True,1
1788789816.193,1788789330.4,78.65950166666667,16.942257833333333,True,1
1788789816.393,1788789330.6,78.6595015,16.942257666666666,True,1
1788789816.593,1788789330.8,78.6595015,16.942257333333334,True,1
1788789816.794,1788789331.0,78.65950133333334,16.942256999999998,True,1
1788789816.995,1788789331.2,78.65950133333334,16.94225683333333,True,1
1788789817.193,1788789331.4,78.65950116666666,16.9422565,True,1
1788789817.391,1788789331.6,78.659501,16.942256333333333,True,1
1788789817.59,1788789331.8,78.659501,16.942256166666667,True,1
1788789817.79,1788789332.0,78.65950083333334,16.942256,True,1
1788789817.99,1788789332.2,78.65950066666666,16.942255833333334,True,1
1788789818.192,1788789332.4,78.6595005,16.942255666666664,True,1
1788789818.392,1788789332.6,78.6595005,16.942255666666664,True,1
1788789818.59,1788789332.8,78.6595005,16.942255666666664,True,1
1788789818.791,1788789333.0,78.65950033333334,16.942255666666664,True,1
1788789818.992,1788789333.2,78.65950016666667,16.942255499999998,True,1
1788789819.192,1788789333.4,78.65950016666667,16.942255499999998,True,1
1788789819.393,1788789333.6,78.6595,16.942255333333332,True,1
1788789819.591,1788789333.8,78.6595,16.942255166666666,True,1
1788789819.792,1788789334.0,78.65949983333333,16.942255,True,1
1788789819.992,1788789334.2,78.65949983333333,16.942254833333333,True,1
1788789820.193,1788789334.4,78.65949966666668,16.942254833333333,True,1
1788789820.392,1788789334.6,78.65949966666668,16.942254666666667,True,1
1788789820.592,1788789334.8,78.6594995,16.942254333333334,True,1
1788789820.795,1788789335.0,78.6594995,16.942254333333334,True,1
1788789820.995,1788789335.2,78.65949933333333,16.942254333333334,True,1
1788789821.194,1788789335.4,78.65949933333333,16.942254166666665,True,1
1788789821.392,1788789335.6,78.65949933333333,16.942254166666665,True,1
1788789821.591,1788789335.8,78.65949916666666,16.942254,True,1
1788789821.792,1788789336.0,78.65949916666666,16.942253666666666,True,1
1788789821.996,1788789336.2,78.65949916666666,16.9422535,True,1
1788789822.191,1788789336.4,78.65949900000001,16.942253166666667,True,1
1788789822.39,1788789336.6,78.65949900000001,16.942252833333335,True,1
1788789822.59,1788789336.8,78.65949900000001,16.9422525,True,1
1788789822.789,1788789337.0,78.65949900000001,16.942252166666666,True,1
1788789822.992,1788789337.2,78.65949883333333,16.942251666666667,True,1
1788789823.192,1788789337.4,78.65949883333333,16.942251166666665,True,1
1788789823.392,1788789337.6,78.65949883333333,16.942250833333333,True,1
1788789823.591,1788789337.8,78.65949883333333,16.942250333333334,True,1
1788789823.792,1788789338.0,78.65949866666666,16.942249666666665,True,1
1788789823.993,1788789338.2,78.65949866666666,16.942249333333333,True,1
1788789824.191,1788789338.4,78.65949866666666,16.942249,True,1
1788789824.395,1788789338.6,78.65949866666666,16.9422485,True,1
1788789824.593,1788789338.8,78.65949866666666,16.942248,True,1
1788789824.794,1788789339.0,78.6594985,16.942247833333333,True,1
1788789824.994,1788789339.2,78.6594985,16.942247333333334,True,1
1788789825.192,1788789339.4,78.6594985,16.942246666666666,True,1
1788789825.394,1788789339.6,78.6594985,16.942246333333333,True,1
1788789825.588,1788789339.8,78.6594985,16.942245833333335,True,1
1788789825.791,1788789340.0,78.6594985,16.942245333333336,True,1
1788789825.991,1788789340.2,78.6594985,16.942244833333334,True,1
1788789826.191,1788789340.4,78.6594985,16.942244333333335,True,1
1788789826.398,1788789340.6,78.65949833333335,16.9422435,True,1
1788789826.595,1788789340.8,78.65949833333335,16.942242833333335,True,1
1788789826.793,1788789341.0,78.65949833333335,16.942242333333336,True,1
1788789826.99,1788789341.2,78.65949833333335,16.942241666666668,True,1
1788789827.193,1788789341.4,78.65949833333335,16.942241000000003,True,1
1788789827.394,1788789341.6,78.65949833333335,16.942240166666668,True,1
1788789827.591,1788789341.8,78.65949833333335,16.94223966666667,True,1
1788789827.792,1788789342.0,78.65949833333335,16.94223883333333,True,1
1788789827.99,1788789342.2,78.65949833333335,16.942238333333332,True,1
1788789828.191,1788789342.4,78.65949816666667,16.942237666666664,True,1
1788789828.389,1788789342.6,78.65949816666667,16.942237,True,1
1788789828.591,1788789342.8,78.65949816666667,16.9422365,True,1
1788789828.79,1788789343.0,78.65949816666667,16.94223583333333,True,1
1788789828.991,1788789343.2,78.65949816666667,16.942235,True,1
1788789829.189,1788789343.4,78.65949816666667,16.942234,True,1
1788789829.39,1788789343.6,78.65949816666667,16.942233333333334,True,1
1788789829.59,1788789343.8,78.659498,16.9422325,True,1
1788789829.79,1788789344.0,78.659498,16.942231666666665,True,1
1788789829.994,1788789344.2,78.659498,16.942230666666667,True,1
1788789830.192,1788789344.4,78.659498,16.94223,True,1
1788789830.392,1788789344.6,78.659498,16.942229166666667,True,1
1788789830.594,1788789344.8,78.659498,16.942228333333333,True,1
1788789830.793,1788789345.0,78.659498,16.942227666666668,True,1
1788789830.996,1788789345.2,78.659498,16.942227,True,1
1788789831.19,1788789345.4,78.65949783333333,16.942226333333334,True,1
1788789831.403,1788789345.6,78.65949783333333,16.942225666666666,True,1
1788789831.589,1788789345.8,78.65949783333333,16.942225,True,1
1788789831.792,1788789346.0,78.65949783333333,16.942224500000002,True,1
1788789831.991,1788789346.2,78.65949766666667,16.942223833333333,True,1
1788789832.191,1788789346.4,78.65949766666667,16.942223333333335,True,1
1788789832.392,1788789346.6,78.65949766666667,16.942222666666666,True,1
1788789832.592,1788789346.8,78.65949766666667,16.942222166666667,True,1
1788789832.793,1788789347.0,78.6594975,16.942221500000002,True,1
1788789832.995,1788789347.2,78.6594975,16.942221,True,1
1788789833.194,1788789347.4,78.6594975,16.942220333333335,True,1
1788789833.393,1788789347.6,78.6594975,16.942219666666666,True,1
1788789833.592,1788789347.8,78.6594975,16.942219166666668,True,1
1788789833.791,1788789348.0,78.6594975,16.942218500000003,True,1
1788789833.992,1788789348.2,78.65949733333333,16.942218,True,1
1788789834.191,1788789348.4,78.65949733333333,16.9422175,True,1
1788789834.393,1788789348.6,78.65949733333333,16.942217000000003,True,1
1788789834.59,1788789348.8,78.65949733333333,16.942216499999997,True,1
1788789834.793,1788789349.0,78.65949733333333,16.942215833333332,True,1
1788789834.991,1788789349.2,78.65949716666667,16.942215333333333,True,1
1788789835.19,1788789349.4,78.65949716666667,16.942214666666665,True,1
1788789835.392,1788789349.6,78.65949716666667,16.942214166666666,True,1
1788789835.592,1788789349.8,78.659497,16.94221333333333,True,1
1788789835.794,1788789350.0,78.659497,16.942212833333333,True,1
1788789835.994,1788789350.2,78.65949683333334,16.942212333333334,True,1
1788789836.193,1788789350.4,78.65949683333334,16.942211666666665,True,1
1788789836.393,1788789350.6,78.65949683333334,16.942210833333334,True,1
1788789836.591,1788789350.8,78.65949666666667,16.942210333333332,True,1
1788789836.794,1788789351.0,78.65949666666667,16.942209666666667,True,1
1788789836.992,1788789351.2,78.65949649999999,16.942209,True,1
1788789837.191,1788789351.4,78.65949649999999,16.942208333333333,True,1
1788789837.39,1788789351.6,78.65949649999999,16.942207666666665,True,1
1788789837.591,1788789351.8,78.65949633333334,16.942207166666666,True,1
1788789837.792,1788789352.0,78.65949633333334,16.942206666666667,True,1
1788789837.989,1788789352.2,78.65949616666667,16.942206166666665,True,1
1788789838.19,1788789352.4,78.659496,16.942205666666666,True,1
1788789838.392,1788789352.6,78.659496,16.942205166666668,True,1
1788789838.592,1788789352.8,78.659496,16.942204666666665,True,1
1788789838.791,1788789353.0,78.65949583333332,16.942204333333333,True,1
1788789838.993,1788789353.2,78.65949566666667,16.942203833333334,True,1
1788789839.191,1788789353.4,78.65949566666667,16.942203333333335,True,1
1788789839.39,1788789353.6,78.6594955,16.942203,True,1
1788789839.59,1788789353.8,78.6594955,16.9422025,True,1
1788789839.791,1788789354.0,78.65949533333334,16.942202,True,1
1788789839.992,1788789354.2,78.65949533333334,16.9422015,True,1
1788789840.193,1788789354.4,78.65949516666666,16.942200833333334,True,1
1788789840.392,1788789354.6,78.65949516666666,16.942200500000002,True,1
1788789840.592,1788789354.8,78.65949516666666,16.942199833333333,True,1
1788789840.79,1788789355.0,78.659495,16.9421995,True,1
1788789840.993,1788789355.2,78.659495,16.942199000000002,True,1
1788789841.196,1788789355.4,78.65949483333334,16.942198333333334,True,1
1788789841.395,1788789355.6,78.65949483333334,16.942197833333335,True,1
1788789841.593,1788789355.8,78.65949466666666,16.942197500000002,True,1
1788789841.791,1788789356.0,78.65949466666666,16.942197166666666,True,1
1788789841.991,1788789356.2,78.6594945,16.942196666666668,True,1
1788789842.191,1788789356.4,78.6594945,16.942196333333335,True,1
1788789842.39,1788789356.6,78.65949433333334,16.942195833333336,True,1
1788789842.591,1788789356.8,78.65949433333334,16.9421955,True,1
1788789842.794,1788789357.0,78.65949433333334,16.942195166666668,True,1
1788789842.992,1788789357.2,78.65949416666668,16.942194500000003,True,1
1788789843.192,1788789357.4,78.65949416666668,16.942193999999997,True,1
1788789843.392,1788789357.6,78.65949416666668,16.9421935,True,1
1788789843.591,1788789357.8,78.659494,16.942192833333333,True,1
1788789843.794,1788789358.0,78.659494,16.94219233333333,True,1
1788789843.995,1788789358.2,78.65949383333333,16.9421915,True,1
1788789844.193,1788789358.4,78.65949383333333,16.94219083333333,True,1
1788789844.394,1788789358.6,78.65949383333333,16.942190333333333,True,1
1788789844.594,1788789358.8,78.65949366666668,16.942189499999998,True,1
1788789844.793,1788789359.0,78.65949366666668,16.942188833333333,True,1
1788789844.993,1788789359.2,78.6594935,16.942188333333334,True,1
1788789845.193,1788789359.4,78.6594935,16.9421875,True,1
1788789845.391,1788789359.6,78.65949333333333,16.942187,True,1
1788789845.592,1788789359.8,78.65949316666666,16.942186166666666,True,1
1788789845.794,1788789360.0,78.65949316666666,16.942185666666667,True,1
1788789845.998,1788789360.2,78.65949300000001,16.942185,True,1
1788789846.191,1788789360.4,78.65949300000001,16.942184333333334,True,1
1788789846.391,1788789360.6,78.65949283333333,16.942183666666665,True,1
1788789846.594,1788789360.8,78.65949283333333,16.942183,True,1
1788789846.794,1788789361.0,78.65949266666667,16.942182333333335,True,1
1788789846.994,1788789361.2,78.65949266666667,16.942181833333333,True,1
1788789847.194,1788789361.4,78.65949266666667,16.942181,True,1
1788789847.393,1788789361.6,78.6594925,16.942180166666667,True,1
1788789847.591,1788789361.8,78.6594925,16.942179333333335,True,1
1788789847.791,1788789362.0,78.65949233333335,16.9421785,True,1
1788789847.991,1788789362.2,78.65949233333335,16.942177666666666,True,1
1788789848.19,1788789362.4,78.65949216666667,16.94217666666667,True,1
1788789848.39,1788789362.6,78.65949216666667,16.942175833333334,True,1
1788789848.59,1788789362.8,78.65949216666667,16.94217516666667,True,1
1788789848.792,1788789363.0,78.659492,16.942174166666668,True,1
1788789848.99,1788789363.2,78.659492,16.942173500000003,True,1
1788789849.191,1788789363.4,78.65949183333333,16.9421725,True,1
1788789849.396,1788789363.6,78.65949183333333,16.942171499999997,True,1
1788789849.59,1788789363.8,78.65949183333333,16.9421705,True,1
1788789849.792,1788789364.0,78.65949183333333,16.942169666666665,True,1
1788789849.992,1788789364.2,78.65949166666665,16.942168666666664,True,1
1788789850.199,1788789364.4,78.65949166666665,16.942167666666666,True,1
1788789850.391,1788789364.6,78.65949166666665,16.942166666666665,True,1
1788789850.591,1788789364.8,78.65949166666665,16.942165666666664,True,1
1788789850.792,1788789365.0,78.65949166666665,16.942164666666667,True,1
1788789850.993,1788789365.2,78.65949166666665,16.942163833333332,True,1
1788789851.192,1788789365.4,78.6594915,16.942162666666665,True,1
1788789851.393,1788789365.6,78.6594915,16.942161833333333,True,1
1788789851.595,1788789365.8,78.6594915,16.942160666666666,True,1
1788789851.792,1788789366.0,78.6594915,16.942159833333335,True,1
1788789851.991,1788789366.2,78.6594915,16.942159,True,1
1788789852.19,1788789366.4,78.6594915,16.942158,True,1
1788789852.391,1788789366.6,78.6594915,16.942157,True,1
1788789852.591,1788789366.8,78.6594915,16.942156166666667,True,1
1788789852.791,1788789367.0,78.6594915,16.942155166666666,True,1
1788789852.991,1788789367.2,78.6594915,16.94215416666667,True,1
1788789853.19,1788789367.4,78.6594915,16.942153166666667,True,1
1788789853.392,1788789367.6,78.65949166666665,16.942152166666666,True,1
1788789853.591,1788789367.8,78.65949166666665,16.942151000000003,True,1
1788789853.792,1788789368.0,78.65949166666665,16.942150166666668,True,1
1788789853.991,1788789368.2,78.65949166666665,16.942149166666663,True,1
1788789854.192,1788789368.4,78.65949166666665,16.942148166666666,True,1
1788789854.392,1788789368.6,78.65949166666665,16.94214733333333,True,1
1788789854.589,1788789368.8,78.65949166666665,16.942146333333334,True,1
1788789854.791,1788789369.0,78.65949183333333,16.942145166666666,True,1
1788789854.995,1788789369.2,78.65949183333333,16.942144166666665,True,1
1788789855.192,1788789369.4,78.65949183333333,16.942143166666664,True,1
1788789855.394,1788789369.6,78.65949183333333,16.942142333333333,True,1
1788789855.593,1788789369.8,78.65949183333333,16.942141166666666,True,1
1788789855.793,1788789370.0,78.659492,16.942140166666665,True,1
1788789855.992,1788789370.2,78.659492,16.942139166666667,True,1
1788789856.192,1788789370.4,78.659492,16.942138166666666,True,1
1788789856.391,1788789370.6,78.659492,16.942137166666665,True,1
1788789856.592,1788789370.8,78.659492,16.942136166666668,True,1
1788789856.791,1788789371.0,78.65949216666667,16.942135166666667,True,1
1788789856.993,1788789371.2,78.65949216666667,16.942134166666666,True,1
1788789857.19,1788789371.4,78.65949216666667,16.942133000000002,True,1
1788789857.391,1788789371.6,78.65949216666667,16.942132166666667,True,1
1788789857.592,1788789371.8,78.65949216666667,16.942131166666666,True,1
1788789857.796,1788789372.0,78.65949216666667,16.942130333333335,True,1
1788789857.993,1788789372.2,78.65949233333335,16.9421295,True,1
1788789858.191,1788789372.4,78.65949233333335,16.94212866666667,True,1
1788789858.39,1788789372.6,78.65949233333335,16.942127833333334,True,1
1788789858.591,1788789372.8,78.65949233333335,16.94212716666667,True,1
1788789858.792,1788789373.0,78.65949233333335,16.942126666666663,True,1
1788789858.992,1788789373.2,78.65949216666667,16.942126166666664,True,1
1788789859.19,1788789373.4,78.65949216666667,16.942125666666666,True,1
1788789859.392,1788789373.6,78.65949216666667,16.942125166666663,True,1
1788789859.59,1788789373.8,78.65949216666667,16.9421245,True,1
1788789859.79,1788789374.0,78.65949216666667,16.942123666666664,True,1
1788789859.991,1788789374.2,78.65949216666667,16.942122833333332,True,1
1788789860.191,1788789374.4,78.65949216666667,16.942122166666664,True,1
1788789860.393,1788789374.6,78.65949216666667,16.9421215,True,1
1788789860.593,1788789374.8,78.65949216666667,16.942120666666664,True,1
1788789860.792,1788789375.0,78.65949216666667,16.942119833333333,True,1
1788789860.993,1788789375.2,78.65949216666667,16.942119166666664,True,1
1788789861.193,1788789375.4,78.65949216666667,16.942118333333333,True,1
1788789861.393,1788789375.6,78.65949216666667,16.942117833333334,True,1
1788789861.593,1788789375.8,78.65949216666667,16.942117166666666,True,1
1788789861.797,1788789376.0,78.65949216666667,16.942116333333335,True,1
1788789861.991,1788789376.2,78.65949216666667,16.942115833333332,True,1
1788789862.192,1788789376.4,78.65949216666667,16.942115166666667,True,1
1788789862.392,1788789376.6,78.65949216666667,16.942114333333333,True,1
1788789862.591,1788789376.8,78.65949216666667,16.942113833333334,True,1
1788789862.789,1788789377.0,78.65949216666667,16.942113333333335,True,1
1788789862.99,1788789377.2,78.65949216666667,16.942112666666667,True,1
1788789863.194,1788789377.4,78.65949216666667,16.942111833333335,True,1
1788789863.395,1788789377.6,78.65949216666667,16.942111166666667,True,1
1788789863.594,1788789377.8,78.65949216666667,16.942110500000002,True,1
1788789863.794,1788789378.0,78.65949216666667,16.942109833333333,True,1
1788789863.994,1788789378.2,78.65949216666667,16.942109333333335,True,1
1788789864.19,1788789378.4,78.65949216666667,16.942109000000002,True,1
1788789864.394,1788789378.6,78.65949216666667,16.942108333333334,True,1
1788789864.591,1788789378.8,78.65949216666667,16.94210766666667,True,1
1788789864.793,1788789379.0,78.65949216666667,16.942107333333336,True,1
1788789864.992,1788789379.2,78.65949216666667,16.942107,True,1
1788789865.19,1788789379.4,78.65949216666667,16.9421065,True,1
1788789865.393,1788789379.6,78.65949216666667,16.942106000000003,True,1
1788789865.591,1788789379.8,78.65949216666667,16.9421055,True,1
1788789865.793,1788789380.0,78.65949216666667,16.942105,True,1
1788789865.992,1788789380.2,78.65949216666667,16.942104333333337,True,1
1788789866.193,1788789380.4,78.65949216666667,16.94210383333333,True,1
1788789866.392,1788789380.6,78.65949216666667,16.942103,True,1
1788789866.594,1788789380.8,78.65949233333335,16.94210233333333,True,1
1788789866.795,1788789381.0,78.65949233333335,16.9421015,True,1
1788789866.99,1788789381.2,78.65949233333335,16.94210083333333,True,1
1788789867.193,1788789381.4,78.65949233333335,16.942100166666666,True,1
1788789867.391,1788789381.6,78.6594925,16.94209933333333,True,1
1788789867.59,1788789381.8,78.6594925,16.942098833333333,True,1
1788789867.79,1788789382.0,78.6594925,16.942098166666664,True,1
1788789867.991,1788789382.2,78.6594925,16.942097666666665,True,1
1788789868.188,1788789382.4,78.65949266666667,16.942097,True,1
1788789868.39,1788789382.6,78.65949266666667,16.942096499999998,True,1
1788789868.591,1788789382.8,78.65949266666667,16.942095833333333,True,1
1788789868.791,1788789383.0,78.65949283333333,16.942095333333334,True,1
1788789868.991,1788789383.2,78.65949283333333,16.9420945,True,1
1788789869.192,1788789383.4,78.65949283333333,16.942094,True,1
1788789869.392,1788789383.6,78.65949300000001,16.942093166666666,True,1
1788789869.59,1788789383.8,78.65949300000001,16.942092333333335,True,1
1788789869.791,1788789384.0,78.65949300000001,16.9420915,True,1
1788789869.989,1788789384.2,78.65949316666666,16.942090666666665,True,1
1788789870.189,1788789384.4,78.65949316666666,16.942089833333334,True,1
1788789870.391,1788789384.6,78.65949316666666,16.942089,True,1
1788789870.59,1788789384.8,78.65949316666666,16.942088166666668,True,1
1788789870.789,1788789385.0,78.65949316666666,16.942087333333333,True,1
1788789870.989,1788789385.2,78.65949316666666,16.942086500000002,True,1
1788789871.189,1788789385.4,78.65949316666666,16.942085666666667,True,1
1788789871.391,1788789385.6,78.65949316666666,16.942084833333336,True,1
1788789871.593,1788789385.8,78.65949316666666,16.942084,True,1
1788789871.794,1788789386.0,78.65949316666666,16.942083,True,1
1788789871.993,1788789386.2,78.65949316666666,16.94208216666667,True,1
1788789872.19,1788789386.4,78.65949300000001,16.942081166666664,True,1
1788789872.389,1788789386.6,78.65949300000001,16.942080166666663,True,1
1788789872.59,1788789386.8,78.65949300000001,16.942079166666666,True,1
1788789872.79,1788789387.0,78.65949300000001,16.942078166666665,True,1
1788789872.991,1788789387.2,78.65949300000001,16.942077166666664,True,1
1788789873.188,1788789387.4,78.65949300000001,16.942076166666666,True,1
1788789873.39,1788789387.6,78.65949300000001,16.942075166666665,True,1
1788789873.591,1788789387.8,78.65949300000001,16.942074166666664,True,1
1788789873.789,1788789388.0,78.65949300000001,16.942073333333333,True,1
1788789873.992,1788789388.2,78.65949300000001,16.9420725,True,1
1788789874.19,1788789388.4,78.65949300000001,16.9420715,True,1
1788789874.396,1788789388.6,78.65949300000001,16.9420705,True,1
1788789874.593,1788789388.8,78.65949283333333,16.942069666666665,True,1
1788789874.793,1788789389.0,78.65949283333333,16.942068666666668,True,1
1788789874.992,1788789389.2,78.65949283333333,16.942067666666667,True,1
1788789875.193,1788789389.4,78.65949283333333,16.942066666666665,True,1
1788789875.393,1788789389.6,78.65949283333333,16.942065666666668,True,1
1788789875.592,1788789389.8,78.65949283333333,16.942064666666667,True,1
1788789875.793,1788789390.0,78.65949283333333,16.9420635,True,1
1788789875.994,1788789390.2,78.65949283333333,16.942062333333336,True,1
1788789876.19,1788789390.4,78.65949283333333,16.9420615,True,1
1788789876.392,1788789390.6,78.65949283333333,16.9420605,True,1
1788789876.589,1788789390.8,78.65949283333333,16.942059500000003,True,1
1788789876.794,1788789391.0,78.65949283333333,16.942058666666664,True,1
1788789876.993,1788789391.2,78.65949283333333,16.942057499999997,True,1
1788789877.193,1788789391.4,78.65949283333333,16.9420565,True,1
1788789877.393,1788789391.6,78.65949283333333,16.942055666666665,True,1
1788789877.59,1788789391.8,78.65949283333333,16.942054666666667,True,1
1788789877.79,1788789392.0,78.65949283333333,16.942053666666666,True,1
1788789877.993,1788789392.2,78.65949266666667,16.942052666666665,True,1
1788789878.19,1788789392.4,78.65949266666667,16.942051833333334,True,1
1788789878.39,1788789392.6,78.65949266666667,16.942050666666667,True,1
1788789878.59,1788789392.8,78.65949266666667,16.942049666666666,True,1
1788789878.79,1788789393.0,78.65949266666667,16.9420485,True,1
1788789878.99,1788789393.2,78.65949266666667,16.942047333333335,True,1
1788789879.189,1788789393.4,78.65949266666667,16.942046333333334,True,1
1788789879.391,1788789393.6,78.6594925,16.942045166666666,True,1
1788789879.591,1788789393.8,78.6594925,16.942044,True,1
1788789879.792,1788789394.0,78.6594925,16.942042833333335,True,1
1788789879.991,1788789394.2,78.6594925,16.942041833333334,True,1
1788789880.192,1788789394.4,78.6594925,16.942040833333333,True,1
1788789880.393,1788789394.6,78.65949233333335,16.942039833333336,True,1
1788789880.591,1788789394.8,78.65949233333335,16.942038833333335,True,1
1788789880.79,1788789395.0,78.65949233333335,16.942037833333334,True,1
1788789880.991,1788789395.2,78.65949233333335,16.942037000000003,True,1
1788789881.191,1788789395.4,78.65949216666667,16.942036166666664,True,1
1788789881.391,1788789395.6,78.659492,16.9420355,True,1
1788789881.595,1788789395.8,78.65949183333333,16.942035166666667,True,1
1788789881.794,1788789396.0,78.6594915,16.942035166666667,True,1
1788789881.991,1788789396.2,78.65949116666667,16.942035333333333,True,1
1788789882.187,1788789396.4,78.65949083333334,16.942035666666666,True,1
1788789882.392,1788789396.6,78.65949066666667,16.94203633333333,True,1
1788789882.591,1788789396.8,78.65949033333332,16.942037000000003,True,1
1788789882.79,1788789397.0,78.65949,16.942038,True,1
1788789882.99,1788789397.2,78.6594895,16.942039166666667,True,1
1788789883.19,1788789397.4,78.65948933333334,16.942041,True,1
1788789883.392,1788789397.6,78.65948916666666,16.94204266666667,True,1
1788789883.592,1788789397.8,78.65948916666666,16.942045,True,1
1788789883.794,1788789398.0,78.65948916666666,16.942047333333335,True,1
1788789883.993,1788789398.2,78.659489,16.9420505,True,1
1788789884.191,1788789398.4,78.65948883333334,16.94205283333333,True,1
1788789884.392,1788789398.6,78.65948866666666,16.942055666666665,True,1
1788789884.592,1788789398.8,78.65948866666666,16.942058333333332,True,1
1788789884.791,1788789399.0,78.65948866666666,16.942061000000002,True,1
1788789884.99,1788789399.2,78.65948866666666,16.942063666666666,True,1
1788789885.193,1788789399.4,78.65948866666666,16.942066,True,1
1788789885.393,1788789399.6,78.65948866666666,16.942068666666668,True,1
1788789885.593,1788789399.8,78.65948866666666,16.942070833333332,True,1
1788789885.793,1788789400.0,78.65948866666666,16.942073166666667,True,1
1788789885.994,1788789400.2,78.65948883333334,16.942075666666664,True,1
1788789886.192,1788789400.4,78.659489,16.942077666666666,True,1
1788789886.392,1788789400.6,78.65948916666666,16.942079666666665,True,1
1788789886.592,1788789400.8,78.6594895,16.942079999999997,True,1
1788789886.793,1788789401.0,78.65948966666666,16.9420805,True,1
1788789886.993,1788789401.2,78.65948983333332,16.942080666666666,True,1
1788789887.192,1788789401.4,78.65949,16.942081666666663,True,1
1788789887.394,1788789401.6,78.65949033333332,16.942080999999998,True,1
1788789887.591,1788789401.8,78.65949049999999,16.942080333333333,True,1
1788789887.793,1788789402.0,78.65949099999999,16.9420805,True,1
1788789887.993,1788789402.2,78.65949133333334,16.9420795,True,1
1788789888.192,1788789402.4,78.6594915,16.942078833333333,True,1
1788789888.39,1788789402.6,78.65949183333333,16.942076999999998,True,1
1788789888.591,1788789402.8,78.65949216666667,16.94207533333333,True,1
1788789888.791,1788789403.0,78.6594925,16.942073666666666,True,1
1788789888.992,1788789403.2,78.65949283333333,16.942072333333332,True,1
1788789889.19,1788789403.4,78.65949300000001,16.9420715,True,1
1788789889.391,1788789403.6,78.65949316666666,16.942070666666666,True,1
1788789889.591,1788789403.8,78.65949333333333,16.942069833333335,True,1
1788789889.791,1788789404.0,78.6594935,16.942069,True,1
1788789889.991,1788789404.2,78.65949366666668,16.942068,True,1
1788789890.191,1788789404.4,78.65949383333333,16.942066833333335,True,1
1788789890.39,1788789404.6,78.65949383333333,16.942066,True,1
1788789890.593,1788789404.8,78.659494,16.942065333333336,True,1
1788789890.795,1788789405.0,78.659494,16.942064833333333,True,1
1788789890.994,1788789405.2,78.659494,16.94206416666667,True,1
1788789891.192,1788789405.4,78.65949416666668,16.942063833333336,True,1
1788789891.393,1788789405.6,78.65949416666668,16.9420635,True,1
1788789891.594,1788789405.8,78.65949433333334,16.942062833333335,True,1
1788789891.796,1788789406.0,78.65949433333334,16.942062500000002,True,1
1788789891.993,1788789406.2,78.6594945,16.942061833333334,True,1
1788789892.191,1788789406.4,78.6594945,16.9420615,True,1
1788789892.391,1788789406.6,78.6594945,16.94206116666667,True,1
1788789892.59,1788789406.8,78.6594945,16.942060666666666,True,1
1788789892.79,1788789407.0,78.6594945,16.9420605,True,1
1788789892.992,1788789407.2,78.65949433333334,16.9420605,True,1
1788789893.19,1788789407.4,78.65949433333334,16.94206,True,1
1788789893.391,1788789407.6,78.65949433333334,16.94205966666667,True,1
1788789893.592,1788789407.8,78.6594945,16.942058999999997,True,1
1788789893.792,1788789408.0,78.65949466666666,16.942058499999998,True,1
1788789893.994,1788789408.2,78.65949483333334,16.942057833333333,True,1
1788789894.192,1788789408.4,78.659495,16.942057166666665,True,1
1788789894.395,1788789408.6,78.65949533333334,16.942056333333333,True,1
1788789894.591,1788789408.8,78.6594955,16.942055666666665,True,1
1788789894.793,1788789409.0,78.65949566666667,16.942054833333334,True,1
1788789894.991,1788789409.2,78.65949583333332,16.942054,True,1
1788789895.195,1788789409.4,78.659496,16.942053166666668,True,1
1788789895.393,1788789409.6,78.65949616666667,16.9420525,True,1
1788789895.592,1788789409.8,78.65949633333334,16.942051833333334,True,1
1788789895.791,1788789410.0,78.65949649999999,16.942051166666666,True,1
1788789895.997,1788789410.2,78.65949666666667,16.942050666666667,True,1
1788789896.192,1788789410.4,78.65949683333334,16.942050166666668,True,1
1788789896.393,1788789410.6,78.65949683333334,16.942049666666666,True,1
1788789896.593,1788789410.8,78.659497,16.942049166666667,True,1
1788789896.794,1788789411.0,78.65949716666667,16.94204866666667,True,1
1788789896.992,1788789411.2,78.65949716666667,16.942048,True,1
1788789897.19,1788789411.4,78.65949733333333,16.94204716666667,True,1
1788789897.393,1788789411.6,78.65949733333333,16.942046666666666,True,1
1788789897.592,1788789411.8,78.6594975,16.942046166666668,True,1
1788789897.791,1788789412.0,78.6594975,16.9420455,True,1
1788789897.992,1788789412.2,78.65949766666667,16.942044833333334,True,1
1788789898.192,1788789412.4,78.65949766666667,16.942044,True,1
1788789898.393,1788789412.6,78.65949766666667,16.942043166666668,True,1
1788789898.589,1788789412.8,78.65949783333333,16.9420425,True,1
1788789898.787,1788789413.0,78.65949783333333,16.942041666666668,True,1
1788789898.992,1788789413.2,78.659498,16.94204116666667,True,1
1788789899.191,1788789413.4,78.659498,16.942040333333335,True,1
1788789899.389,1788789413.6,78.659498,16.942040000000002,True,1
1788789899.589,1788789413.8,78.65949816666667,16.942039333333334,True,1
1788789899.79,1788789414.0,78.65949816666667,16.942039,True,1
1788789899.99,1788789414.2,78.65949833333335,16.94203866666667,True,1
1788789900.188,1788789414.4,78.65949833333335,16.942038,True,1
1788789900.39,1788789414.6,78.6594985,16.942037333333335,True,1
1788789900.589,1788789414.8,78.6594985,16.942036833333336,True,1
1788789900.79,1788789415.0,78.65949866666666,16.942036166666664,True,1
1788789900.989,1788789415.2,78.65949866666666,16.942035666666666,True,1
1788789901.19,1788789415.4,78.65949866666666,16.942035333333333,True,1
1788789901.39,1788789415.6,78.65949883333333,16.942034666666665,True,1
1788789901.591,1788789415.8,78.65949883333333,16.9420345,True,1
1788789901.793,1788789416.0,78.65949900000001,16.942034333333332,True,1
1788789901.995,1788789416.2,78.65949900000001,16.942034166666666,True,1
1788789902.195,1788789416.4,78.65949916666666,16.942033833333333,True,1
1788789902.39,1788789416.6,78.65949916666666,16.942033666666667,True,1
1788789902.592,1788789416.8,78.65949916666666,16.942033499999997,True,1
1788789902.79,1788789417.0,78.65949933333333,16.94203333333333,True,1
1788789902.99,1788789417.2,78.65949933333333,16.942033166666665,True,1
1788789903.19,1788789417.4,78.6594995,16.942033,True,1
1788789903.39,1788789417.6,78.6594995,16.942032666666666,True,1
1788789903.59,1788789417.8,78.65949966666668,16.942032666666666,True,1
1788789903.791,1788789418.0,78.65949966666668,16.942032666666666,True,1
1788789903.99,1788789418.2,78.65949983333333,16.942032333333334,True,1
1788789904.19,1788789418.4,78.65949983333333,16.942032166666667,True,1
1788789904.392,1788789418.6,78.65949983333333,16.942031999999998,True,1
1788789904.593,1788789418.8,78.6595,16.942031999999998,True,1
1788789904.792,1788789419.0,78.6595,16.942031999999998,True,1
1788789904.993,1788789419.2,78.6595,16.94203183333333,True,1
1788789905.192,1788789419.4,78.65950016666667,16.94203183333333,True,1
1788789905.393,1788789419.6,78.65950016666667,16.94203183333333,True,1
1788789905.59,1788789419.8,78.65950016666667,16.94203183333333,True,1
1788789905.792,1788789420.0,78.65950033333334,16.942031666666665,True,1
1788789905.997,1788789420.2,78.65950033333334,16.9420315,True,1
1788789906.191,1788789420.4,78.6595005,16.942031333333333,True,1
1788789906.391,1788789420.6,78.6595005,16.942031166666666,True,1
1788789906.591,1788789420.8,78.65950066666666,16.942031,True,1
1788789906.794,1788789421.0,78.65950083333334,16.94203033333333,True,1
1788789906.99,1788789421.2,78.65950083333334,16.94203,True,1
1788789907.193,1788789421.4,78.659501,16.9420295,True,1
1788789907.394,1788789421.6,78.659501,16.942028999999998,True,1
1788789907.593,1788789421.8,78.65950116666666,16.942028666666666,True,1
1788789907.792,1788789422.0,78.65950116666666,16.942028166666667,True,1
1788789907.992,1788789422.2,78.65950133333334,16.942027833333334,True,1
1788789908.192,1788789422.4,78.65950133333334,16.942027333333332,True,1
1788789908.39,1788789422.6,78.6595015,16.942027,True,1
1788789908.592,1788789422.8,78.65950166666667,16.9420265,True,1
1788789908.791,1788789423.0,78.65950166666667,16.94202616666667,True,1
1788789908.991,1788789423.2,78.65950183333332,16.942025666666666,True,1
1788789909.188,1788789423.4,78.659502,16.942025333333333,True,1
1788789909.39,1788789423.6,78.659502,16.942024833333335,True,1
1788789909.59,1788789423.8,78.65950216666667,16.942024333333332,True,1
1788789909.79,1788789424.0,78.65950233333334,16.942023833333334,True,1
1788789909.992,1788789424.2,78.65950249999999,16.942023333333335,True,1
1788789910.19,1788789424.4,78.65950249999999,16.942023,True,1
1788789910.391,1788789424.6,78.65950266666667,16.9420225,True,1
1788789910.589,1788789424.8,78.65950266666667,16.942022166666668,True,1
1788789910.791,1788789425.0,78.65950283333333,16.94202166666667,True,1
1788789910.991,1788789425.2,78.65950283333333,16.942021333333333,True,1
1788789911.19,1788789425.4,78.659503,16.942021166666667,True,1
1788789911.391,1788789425.6,78.65950316666667,16.942020833333334,True,1
1788789911.589,1788789425.8,78.65950316666667,16.942020333333335,True,1
1788789911.792,1788789426.0,78.65950333333333,16.94202,True,1
1788789911.99,1788789426.2,78.65950333333333,16.942019666666667,True,1
1788789912.192,1788789426.4,78.6595035,16.942019166666668,True,1
1788789912.393,1788789426.6,78.6595035,16.942018833333336,True,1
1788789912.593,1788789426.8,78.65950366666667,16.942018333333333,True,1
1788789912.791,1788789427.0,78.65950366666667,16.942017833333335,True,1
1788789912.99,1788789427.2,78.65950383333333,16.942017500000002,True,1
1788789913.189,1788789427.4,78.65950383333333,16.942017,True,1
1788789913.389,1788789427.6,78.659504,16.942016666666667,True,1
1788789913.59,1788789427.8,78.659504,16.94201616666667,True,1
1788789913.791,1788789428.0,78.65950416666666,16.94201566666667,True,1
1788789913.99,1788789428.2,78.65950416666666,16.942015333333334,True,1
1788789914.19,1788789428.4,78.65950416666666,16.942014833333335,True,1
1788789914.392,1788789428.6,78.65950433333335,16.942014500000003,True,1
1788789914.591,1788789428.8,78.65950433333335,16.94201416666667,True,1
1788789914.791,1788789429.0,78.6595045,16.942013666666664,True,1
1788789914.991,1788789429.2,78.6595045,16.942013333333332,True,1
1788789915.188,1788789429.4,78.6595045,16.942013,True,1
1788789915.391,1788789429.6,78.65950466666666,16.942012499999997,True,1
1788789915.593,1788789429.8,78.65950466666666,16.942012,True,1
1788789915.792,1788789430.0,78.65950483333333,16.9420115,True,1
1788789915.992,1788789430.2,78.65950483333333,16.942010999999997,True,1
1788789916.193,1788789430.4,78.65950483333333,16.942010333333332,True,1
1788789916.392,1788789430.6,78.65950500000001,16.942009666666667,True,1
1788789916.59,1788789430.8,78.65950500000001,16.94200933333333,True,1
1788789916.792,1788789431.0,78.65950516666666,16.942008833333333,True,1
1788789916.992,1788789431.2,78.65950516666666,16.942008166666668,True,1
1788789917.191,1788789431.4,78.65950516666666,16.942007666666665,True,1
1788789917.39,1788789431.6,78.65950533333333,16.942007,True,1
1788789917.591,1788789431.8,78.65950533333333,16.942006499999998,True,1
1788789917.792,1788789432.0,78.6595055,16.942005833333333,True,1
1788789917.99,1788789432.2,78.6595055,16.942005166666668,True,1
1788789918.191,1788789432.4,78.65950566666667,16.942004666666666,True,1
1788789918.39,1788789432.6,78.65950566666667,16.942003833333334,True,1
1788789918.591,1788789432.8,78.65950566666667,16.942003166666666,True,1
1788789918.791,1788789433.0,78.65950583333333,16.9420025,True,1
1788789918.993,1788789433.2,78.659506,16.942001833333332,True,1
1788789919.191,1788789433.4,78.659506,16.942001166666667,True,1
1788789919.393,1788789433.6,78.65950616666667,16.9420005,True,1
1788789919.589,1788789433.8,78.65950616666667,16.941999833333334,True,1
1788789919.804,1788789434.0,78.65950633333334,16.941999,True,1
1788789919.992,1788789434.2,78.65950633333334,16.9419985,True,1
1788789920.19,1788789434.4,78.65950649999999,16.941997833333335,True,1
1788789920.391,1788789434.6,78.65950666666666,16.941997333333333,True,1
1788789920.592,1788789434.8,78.65950666666666,16.941996666666668,True,1
1788789920.79,1788789435.0,78.65950683333334,16.941996,True,1
1788789920.991,1788789435.2,78.65950683333334,16.941995333333335,True,1
1788789921.19,1788789435.4,78.659507,16.94199466666667,True,1
1788789921.392,1788789435.6,78.659507,16.941994,True,1
1788789921.591,1788789435.8,78.659507,16.941993333333336,True,1
1788789921.793,1788789436.0,78.65950716666666,16.9419925,True,1
1788789921.992,1788789436.2,78.65950716666666,16.94199166666667,True,1
1788789922.19,1788789436.4,78.65950733333334,16.941991166666664,True,1
1788789922.394,1788789436.6,78.65950733333334,16.9419905,True,1
1788789922.593,1788789436.8,78.65950733333334,16.94198983333333,True,1
1788789922.791,1788789437.0,78.6595075,16.941989333333332,True,1
1788789922.991,1788789437.2,78.6595075,16.941988666666667,True,1
1788789923.191,1788789437.4,78.65950766666667,16.941988,True,1
1788789923.39,1788789437.6,78.65950766666667,16.9419875,True,1
1788789923.592,1788789437.8,78.65950783333332,16.94198683333333,True,1
1788789923.793,1788789438.0,78.65950783333332,16.941986166666666,True,1
1788789923.994,1788789438.2,78.65950783333332,16.941985499999998,True,1
1788789924.192,1788789438.4,78.659508,16.941985,True,1
1788789924.393,1788789438.6,78.659508,16.941984166666668,True,1
1788789924.592,1788789438.8,78.65950816666667,16.9419835,True,1
1788789924.793,1788789439.0,78.65950816666667,16.941982666666668,True,1
1788789924.992,1788789439.2,78.65950833333333,16.941982,True,1
1788789925.193,1788789439.4,78.65950833333333,16.941981166666668,True,1
1788789925.393,1788789439.6,78.65950833333333,16.941980333333333,True,1
1788789925.59,1788789439.8,78.65950849999999,16.94197966666667,True,1
1788789925.79,1788789440.0,78.65950849999999,16.941978833333334,True,1
1788789925.99,1788789440.2,78.65950849999999,16.941978,True,1
1788789926.19,1788789440.4,78.65950866666667,16.941977333333334,True,1
1788789926.39,1788789440.6,78.65950866666667,16.94197666666667,True,1
1788789926.593,1788789440.8,78.65950883333333,16.941976,True,1
1788789926.793,1788789441.0,78.65950883333333,16.941975333333335,True,1
1788789926.992,1788789441.2,78.659509,16.941974666666667,True,1
1788789927.192,1788789441.4,78.659509,16.941974000000002,True,1
1788789927.392,1788789441.6,78.65950916666667,16.9419735,True,1
1788789927.592,1788789441.8,78.65950916666667,16.941972833333335,True,1
1788789927.791,1788789442.0,78.65950916666667,16.94197216666667,True,1
1788789927.991,1788789442.2,78.65950933333333,16.941971666666667,True,1
1788789928.191,1788789442.4,78.65950933333333,16.941971000000002,True,1
1788789928.391,1788789442.6,78.6595095,16.941970333333334,True,1
1788789928.593,1788789442.8,78.6595095,16.94196966666667,True,1
1788789928.791,1788789443.0,78.65950966666666,16.94196916666667,True,1
1788789928.99,1788789443.2,78.65950966666666,16.941968666666664,True,1
1788789929.19,1788789443.4,78.65950966666666,16.941968,True,1
1788789929.391,1788789443.6,78.65950983333333,16.941967499999997,True,1
1788789929.591,1788789443.8,78.65950983333333,16.941966999999998,True,1
1788789929.791,1788789444.0,78.65951,16.9419665,True,1
1788789929.991,1788789444.2,78.65951,16.941965999999997,True,1
1788789930.191,1788789444.4,78.65951,16.941965333333332,True,1
1788789930.389,1788789444.6,78.65951016666666,16.941964833333333,True,1
1788789930.589,1788789444.8,78.65951016666666,16.941964166666665,True,1
1788789930.79,1788789445.0,78.65951016666666,16.9419635,True,1
1788789930.99,1788789445.2,78.65951033333334,16.941962999999998,True,1
1788789931.19,1788789445.4,78.65951033333334,16.9419625,True,1
1788789931.389,1788789445.6,78.65951033333334,16.941961833333334,True,1
1788789931.588,1788789445.8,78.6595105,16.941961166666665,True,1
1788789931.795,1788789446.0,78.6595105,16.941960666666667,True,1
1788789931.992,1788789446.2,78.6595105,16.941959999999998,True,1
1788789932.191,1788789446.4,78.6595105,16.9419595,True,1
1788789932.394,1788789446.6,78.6595105,16.941959166666667,True,1
1788789932.595,1788789446.8,78.6595105,16.9419585,True,1
1788789932.793,1788789447.0,78.65951066666666,16.941957833333333,True,1
1788789932.991,1788789447.2,78.65951066666666,16.941957333333335,True,1
1788789933.188,1788789447.4,78.65951066666666,16.941956666666666,True,1
1788789933.392,1788789447.6,78.65951066666666,16.941956,True,1
1788789933.591,1788789447.8,78.65951083333333,16.941955333333333,True,1
1788789933.79,1788789448.0,78.65951083333333,16.941954666666668,True,1
1788789933.99,1788789448.2,78.65951083333333,16.941953833333333,True,1
1788789934.19,1788789448.4,78.65951100000001,16.941953333333334,True,1
1788789934.392,1788789448.6,78.65951100000001,16.941952833333335,True,1
1788789934.589,1788789448.8,78.65951100000001,16.941952166666667,True,1
1788789934.791,1788789449.0,78.65951100000001,16.941951833333334,True,1
1788789934.991,1788789449.2,78.65951100000001,16.941951333333336,True,1
1788789935.192,1788789449.4,78.65951116666666,16.941950833333333,True,1
1788789935.392,1788789449.6,78.65951116666666,16.941950333333335,True,1
1788789935.591,1788789449.8,78.65951116666666,16.941950000000002,True,1
1788789935.792,1788789450.0,78.65951116666666,16.9419495,True,1
1788789935.99,1788789450.2,78.65951116666666,16.941949,True,1
1788789936.191,1788789450.4,78.65951116666666,16.94194866666667,True,1
1788789936.391,1788789450.6,78.65951133333333,16.94194816666667,True,1
1788789936.59,1788789450.8,78.65951133333333,16.9419475,True,1
1788789936.79,1788789451.0,78.65951133333333,16.941946833333336,True,1
1788789936.99,1788789451.2,78.65951133333333,16.94194633333333,True,1
1788789937.19,1788789451.4,78.6595115,16.941945666666665,True,1
1788789937.392,1788789451.6,78.6595115,16.941945166666667,True,1
1788789937.591,1788789451.8,78.6595115,16.941944666666664,True,1
1788789937.792,1788789452.0,78.6595115,16.941944333333332,True,1
1788789937.991,1788789452.2,78.6595115,16.941944,True,1
1788789938.191,1788789452.4,78.6595115,16.941943499999997,True,1
1788789938.398,1788789452.6,78.6595115,16.941943,True,1
1788789938.593,1788789452.8,78.65951166666667,16.941942666666666,True,1
1788789938.792,1788789453.0,78.65951166666667,16.941942166666667,True,1
1788789938.993,1788789453.2,78.65951166666667,16.941941666666665,True,1
1788789939.19,1788789453.4,78.65951166666667,16.941941,True,1
1788789939.392,1788789453.6,78.65951166666667,16.941940499999998,True,1
1788789939.589,1788789453.8,78.65951166666667,16.94194,True,1
1788789939.79,1788789454.0,78.65951183333333,16.9419395,True,1
1788789939.989,1788789454.2,78.65951183333333,16.941938999999998,True,1
1788789940.188,1788789454.4,78.65951183333333,16.9419385,True,1
1788789940.39,1788789454.6,78.65951183333333,16.941938,True,1
1788789940.591,1788789454.8,78.65951183333333,16.941937499999998,True,1
1788789940.79,1788789455.0,78.65951199999999,16.941937166666666,True,1
1788789940.99,1788789455.2,78.65951199999999,16.9419365,True,1
1788789941.19,1788789455.4,78.65951199999999,16.941936333333334,True,1
1788789941.391,1788789455.6,78.65951199999999,16.941935666666666,True,1
1788789941.588,1788789455.8,78.65951199999999,16.941935333333333,True,1
1788789941.791,1788789456.0,78.65951199999999,16.941935,True,1
1788789941.989,1788789456.2,78.65951216666667,16.941934333333332,True,1
1788789942.19,1788789456.4,78.65951216666667,16.941934,True,1
1788789942.395,1788789456.6,78.65951216666667,16.9419335,True,1
1788789942.592,1788789456.8,78.65951216666667,16.941933,True,1
1788789942.793,1788789457.0,78.65951233333334,16.941932333333334,True,1
1788789942.99,1788789457.2,78.65951233333334,16.941931833333335,True,1
1788789943.19,1788789457.4,78.65951233333334,16.941931333333333,True,1
1788789943.391,1788789457.6,78.65951233333334,16.941930833333334,True,1
1788789943.59,1788789457.8,78.65951249999999,16.9419305,True,1
1788789943.789,1788789458.0,78.65951249999999,16.94193016666667,True,1
1788789943.991,1788789458.2,78.65951249999999,16.941929833333333,True,1
1788789944.19,1788789458.4,78.65951249999999,16.941929333333334,True,1
1788789944.389,1788789458.6,78.65951249999999,16.941928833333336,True,1
1788789944.591,1788789458.8,78.65951249999999,16.9419285,True,1
1788789944.79,1788789459.0,78.65951266666666,16.941928,True,1
1788789944.991,1788789459.2,78.65951266666666,16.941927500000002,True,1
1788789945.19,1788789459.4,78.65951266666666,16.941927,True,1
1788789945.392,1788789459.6,78.65951266666666,16.9419265,True,1
1788789945.589,1788789459.8,78.65951283333334,16.941925833333336,True,1
1788789945.792,1788789460.0,78.65951283333334,16.941925333333334,True,1
1788789945.99,1788789460.2,78.65951283333334,16.941925,True,1
1788789946.193,1788789460.4,78.659513,16.94192466666667,True,1
1788789946.392,1788789460.6,78.659513,16.941924333333336,True,1
1788789946.592,1788789460.8,78.659513,16.941923999999997,True,1
1788789946.795,1788789461.0,78.659513,16.941923666666664,True,1
1788789946.988,1788789461.2,78.659513,16.941923499999998,True,1
1788789947.19,1788789461.4,78.65951316666666,16.941923166666665,True,1
1788789947.392,1788789461.6,78.65951316666666,16.941922833333333,True,1
1788789947.591,1788789461.8,78.65951316666666,16.941922499999997,True,1
1788789947.792,1788789462.0,78.65951316666666,16.941921999999998,True,1
1788789947.991,1788789462.2,78.65951333333334,16.9419215,True,1
1788789948.189,1788789462.4,78.65951333333334,16.94192083333333,True,1
1788789948.389,1788789462.6,78.65951333333334,16.941920166666666,True,1
1788789948.591,1788789462.8,78.65951333333334,16.941919499999997,True,1
1788789948.792,1788789463.0,78.6595135,16.941919,True,1
1788789948.992,1788789463.2,78.6595135,16.941918333333334,True,1
1788789949.191,1788789463.4,78.6595135,16.941917666666665,True,1
1788789949.392,1788789463.6,78.6595135,16.941917166666666,True,1
1788789949.59,1788789463.8,78.65951366666667,16.941916499999998,True,1
1788789949.787,1788789464.0,78.65951366666667,16.941915833333333,True,1
1788789949.99,1788789464.2,78.65951366666667,16.941915333333334,True,1
1788789950.19,1788789464.4,78.65951366666667,16.941914666666666,True,1
1788789950.391,1788789464.6,78.65951366666667,16.941914,True,1
1788789950.59,1788789464.8,78.65951383333332,16.941913166666666,True,1
1788789950.79,1788789465.0,78.65951383333332,16.941912333333335,True,1
1788789950.99,1788789465.2,78.65951383333332,16.9419115,True,1
1788789951.188,1788789465.4,78.65951383333332,16.941910833333335,True,1
1788789951.39,1788789465.6,78.659514,16.941909833333334,True,1
1788789951.589,1788789465.8,78.659514,16.941909,True,1
1788789951.791,1788789466.0,78.659514,16.941908166666668,True,1
1788789951.991,1788789466.2,78.659514,16.9419075,True,1
1788789952.191,1788789466.4,78.659514,16.941906666666668,True,1
1788789952.39,1788789466.6,78.659514,16.941905833333333,True,1
1788789952.589,1788789466.8,78.659514,16.941905333333334,True,1
1788789952.793,1788789467.0,78.659514,16.9419045,True,1
1788789952.993,1788789467.2,78.659514,16.94190366666667,True,1
1788789953.192,1788789467.4,78.659514,16.941902833333334,True,1
1788789953.391,1788789467.6,78.659514,16.941902000000002,True,1
1788789953.591,1788789467.8,78.659514,16.941901166666664,True,1
1788789953.79,1788789468.0,78.659514,16.941900166666667,True,1
1788789953.99,1788789468.2,78.659514,16.941899333333332,True,1
1788789954.19,1788789468.4,78.659514,16.941898499999997,True,1
1788789954.392,1788789468.6,78.659514,16.941897666666666,True,1
1788789954.59,1788789468.8,78.65951383333332,16.9418965,True,1
1788789954.79,1788789469.0,78.65951383333332,16.941895666666667,True,1
1788789954.99,1788789469.2,78.65951383333332,16.941895,True,1
1788789955.192,1788789469.4,78.65951383333332,16.941894333333334,True,1
1788789955.392,1788789469.6,78.65951383333332,16.9418935,True,1
1788789955.591,1788789469.8,78.65951383333332,16.941892499999998,True,1
1788789955.79,1788789470.0,78.65951383333332,16.941891833333333,True,1
1788789955.99,1788789470.2,78.65951383333332,16.941890666666666,True,1
1788789956.193,1788789470.4,78.65951366666667,16.9418895,True,1
1788789956.392,1788789470.6,78.65951366666667,16.941888333333335,True,1
1788789956.589,1788789470.8,78.65951366666667,16.941887,True,1
1788789956.791,1788789471.0,78.65951366666667,16.9418855,True,1
1788789956.994,1788789471.2,78.65951366666667,16.941884333333334,True,1
1788789957.191,1788789471.4,78.6595135,16.941882833333334,True,1
1788789957.392,1788789471.6,78.6595135,16.9418815,True,1
1788789957.592,1788789471.8,78.65951333333334,16.941880333333334,True,1
1788789957.793,1788789472.0,78.65951333333334,16.941878999999997,True,1
1788789957.992,1788789472.2,78.65951316666666,16.941877833333333,True,1
1788789958.191,1788789472.4,78.65951316666666,16.941876666666666,True,1
1788789958.39,1788789472.6,78.65951316666666,16.9418755,True,1
1788789958.59,1788789472.8,78.659513,16.941874166666665,True,1
1788789958.791,1788789473.0,78.659513,16.941872999999998,True,1
1788789958.992,1788789473.2,78.659513,16.941871499999998,True,1
1788789959.19,1788789473.4,78.659513,16.941870166666668,True,1
1788789959.389,1788789473.6,78.659513,16.941868833333334,True,1
1788789959.591,1788789473.8,78.659513,16.9418675,True,1
1788789959.791,1788789474.0,78.65951316666666,16.941866333333333,True,1
1788789959.989,1788789474.2,78.65951316666666,16.941865166666666,True,1
1788789960.19,1788789474.4,78.65951316666666,16.941864,True,1
1788789960.389,1788789474.6,78.65951316666666,16.941863,True,1
1788789960.591,1788789474.8,78.65951316666666,16.941862,True,1
1788789960.788,1788789475.0,78.65951316666666,16.941861,True,1
1788789960.99,1788789475.2,78.65951316666666,16.941860000000002,True,1
1788789961.189,1788789475.4,78.65951316666666,16.941859,True,1
1788789961.39,1788789475.6,78.65951316666666,16.941857833333334,True,1
1788789961.59,1788789475.8,78.65951316666666,16.94185666666667,True,1
1788789961.79,1788789476.0,78.65951333333334,16.941855666666665,True,1
1788789961.99,1788789476.2,78.65951333333334,16.941854333333332,True,1
1788789962.189,1788789476.4,78.65951333333334,16.941853,True,1
1788789962.39,1788789476.6,78.65951333333334,16.94185183333333,True,1
1788789962.59,1788789476.8,78.6595135,16.941850499999997,True,1
1788789962.792,1788789477.0,78.6595135,16.941849166666668,True,1
1788789962.994,1788789477.2,78.6595135,16.941848166666666,True,1
1788789963.189,1788789477.4,78.6595135,16.941847,True,1
1788789963.389,1788789477.6,78.65951366666667,16.941845833333332,True,1
1788789963.586,1788789477.8,78.65951366666667,16.941844833333334,True,1
1788789963.789,1788789478.0,78.65951366666667,16.941843666666667,True,1
1788789963.989,1788789478.2,78.65951383333332,16.9418425,True,1
1788789964.189,1788789478.4,78.65951383333332,16.941841333333333,True,1
1788789964.389,1788789478.6,78.659514,16.94184,True,1
1788789964.589,1788789478.8,78.659514,16.941838833333335,True,1
1788789964.79,1788789479.0,78.65951416666667,16.941837333333336,True,1
1788789964.994,1788789479.2,78.65951416666667,16.94183616666667,True,1
1788789965.19,1788789479.4,78.65951433333333,16.94183466666667,True,1
1788789965.391,1788789479.6,78.65951433333333,16.941833666666664,True,1
1788789965.591,1788789479.8,78.65951433333333,16.94183233333333,True,1
1788789965.792,1788789480.0,78.65951449999999,16.941831166666667,True,1
1788789965.997,1788789480.2,78.65951449999999,16.941830166666666,True,1
1788789966.193,1788789480.4,78.65951449999999,16.941829,True,1
1788789966.391,1788789480.6,78.65951466666667,16.941827999999997,True,1
1788789966.591,1788789480.8,78.65951466666667,16.941826833333334,True,1
1788789966.793,1788789481.0,78.65951466666667,16.941825666666666,True,1
1788789966.991,1788789481.2,78.65951483333333,16.941824666666665,True,1
1788789967.191,1788789481.4,78.65951483333333,16.941823666666668,True,1
1788789967.39,1788789481.6,78.659515,16.941822333333334,True,1
1788789967.589,1788789481.8,78.659515,16.941821333333333,True,1
1788789967.79,1788789482.0,78.659515,16.941820166666666,True,1
1788789967.989,1788789482.2,78.65951516666668,16.941818833333333,True,1
1788789968.191,1788789482.4,78.65951516666668,16.941817833333335,True,1
1788789968.392,1788789482.6,78.65951533333333,16.941816833333334,True,1
1788789968.592,1788789482.8,78.65951533333333,16.941815833333333,True,1
1788789968.791,1788789483.0,78.65951533333333,16.941815000000002,True,1
1788789968.992,1788789483.2,78.6595155,16.941814166666667,True,1
1788789969.189,1788789483.4,78.6595155,16.94181316666667,True,1
1788789969.389,1788789483.6,78.6595155,16.941812333333335,True,1
1788789969.592,1788789483.8,78.6595155,16.941811499999996,True,1
1788789969.789,1788789484.0,78.65951566666666,16.941810333333333,True,1
1788789969.988,1788789484.2,78.65951566666666,16.94180933333333,True,1
1788789970.188,1788789484.4,78.65951583333334,16.94180833333333,True,1
1788789970.389,1788789484.6,78.65951583333334,16.941807166666667,True,1
1788789970.589,1788789484.8,78.65951583333334,16.941806166666666,True,1
1788789970.789,1788789485.0,78.659516,16.941805166666665,True,1
1788789970.99,1788789485.2,78.659516,16.941804166666667,True,1
1788789971.19,1788789485.4,78.65951616666666,16.941803166666666,True,1
1788789971.39,1788789485.6,78.65951616666666,16.941802166666665,True,1
1788789971.59,1788789485.8,78.65951616666666,16.941801333333334,True,1
1788789971.79,1788789486.0,78.65951616666666,16.941800166666667,True,1
1788789971.989,1788789486.2,78.65951633333334,16.941799166666666,True,1
1788789972.188,1788789486.4,78.65951633333334,16.94179816666667,True,1
1788789972.39,1788789486.6,78.65951633333334,16.941797,True,1
1788789972.591,1788789486.8,78.65951633333334,16.941795833333334,True,1
1788789972.791,1788789487.0,78.65951650000001,16.941794666666667,True,1
1788789972.993,1788789487.2,78.65951650000001,16.941793500000003,True,1
1788789973.19,1788789487.4,78.65951650000001,16.941792000000003,True,1
1788789973.391,1788789487.6,78.65951650000001,16.941791000000002,True,1
1788789973.589,1788789487.8,78.65951666666666,16.941789833333335,True,1
1788789973.791,1788789488.0,78.65951666666666,16.941788666666664,True,1
1788789973.99,1788789488.2,78.65951666666666,16.941787666666666,True,1
1788789974.19,1788789488.4,78.65951666666666,16.941786333333333,True,1
1788789974.39,1788789488.6,78.65951666666666,16.941785333333332,True,1
1788789974.588,1788789488.8,78.65951666666666,16.94178433333333,True,1
1788789974.792,1788789489.0,78.65951666666666,16.941783,True,1
1788789974.992,1788789489.2,78.65951666666666,16.941781833333334,True,1
1788789975.191,1788789489.4,78.65951666666666,16.941780666666666,True,1
1788789975.391,1788789489.6,78.65951666666666,16.9417795,True,1
1788789975.59,1788789489.8,78.65951666666666,16.941778166666666,True,1
1788789975.79,1788789490.0,78.65951666666666,16.941777000000002,True,1
1788789975.989,1788789490.2,78.65951666666666,16.941775833333335,True,1
1788789976.192,1788789490.4,78.65951666666666,16.9417745,True,1
1788789976.391,1788789490.6,78.65951666666666,16.9417735,True,1
1788789976.592,1788789490.8,78.65951666666666,16.941772333333333,True,1
1788789976.792,1788789491.0,78.65951666666666,16.9417715,True,1
1788789976.992,1788789491.2,78.65951666666666,16.941770666666667,True,1
1788789977.19,1788789491.4,78.65951666666666,16.94177,True,1
1788789977.388,1788789491.6,78.65951666666666,16.941769,True,1
1788789977.59,1788789491.8,78.65951666666666,16.941768333333336,True,1
1788789977.793,1788789492.0,78.65951666666666,16.941767333333335,True,1
1788789977.99,1788789492.2,78.65951666666666,16.941766500000004,True,1
1788789978.191,1788789492.4,78.65951666666666,16.9417655,True,1
1788789978.391,1788789492.6,78.65951666666666,16.941764666666664,True,1
1788789978.591,1788789492.8,78.65951666666666,16.941763833333333,True,1
1788789978.788,1788789493.0,78.65951666666666,16.941762999999998,True,1
1788789978.992,1788789493.2,78.65951650000001,16.941762166666667,True,1
1788789979.19,1788789493.4,78.65951650000001,16.941761333333332,True,1
1788789979.391,1788789493.6,78.65951650000001,16.941760666666667,True,1
1788789979.593,1788789493.8,78.65951650000001,16.941759833333332,True,1
1788789979.789,1788789494.0,78.65951650000001,16.941759166666667,True,1
1788789979.989,1788789494.2,78.65951650000001,16.941758333333333,True,1
1788789980.189,1788789494.4,78.65951650000001,16.941757666666668,True,1
1788789980.389,1788789494.6,78.65951633333334,16.941756833333333,True,1
1788789980.59,1788789494.8,78.65951633333334,16.941756166666668,True,1
1788789980.791,1788789495.0,78.65951633333334,16.941755333333333,True,1
1788789980.991,1788789495.2,78.65951633333334,16.941754500000002,True,1
1788789981.189,1788789495.4,78.65951633333334,16.941753666666667,True,1
1788789981.388,1788789495.6,78.65951616666666,16.941752833333332,True,1
1788789981.588,1788789495.8,78.65951616666666,16.941752,True,1
1788789981.79,1788789496.0,78.65951616666666,16.941751166666666,True,1
1788789981.99,1788789496.2,78.65951616666666,16.9417505,True,1
1788789982.191,1788789496.4,78.65951616666666,16.941749666666666,True,1
1788789982.389,1788789496.6,78.65951616666666,16.941749,True,1
1788789982.591,1788789496.8,78.65951616666666,16.941748166666667,True,1
1788789982.792,1788789497.0,78.65951616666666,16.941747333333335,True,1
1788789982.992,1788789497.2,78.65951616666666,16.9417465,True,1
1788789983.194,1788789497.4,78.659516,16.941745500000003,True,1
1788789983.394,1788789497.6,78.659516,16.94174466666667,True,1
1788789983.59,1788789497.8,78.659516,16.94174383333333,True,1
1788789983.792,1788789498.0,78.659516,16.941742833333333,True,1
1788789983.992,1788789498.2,78.659516,16.94174183333333,True,1
1788789984.189,1788789498.4,78.659516,16.94174083333333,True,1
1788789984.389,1788789498.6,78.65951583333334,16.94174,True,1
1788789984.59,1788789498.8,78.65951583333334,16.94173933333333,True,1
1788789984.791,1788789499.0,78.65951566666666,16.9417385,True,1
1788789984.991,1788789499.2,78.65951566666666,16.94173783333333,True,1
1788789985.191,1788789499.4,78.65951566666666,16.941737166666666,True,1
1788789985.393,1788789499.6,78.6595155,16.94173633333333,True,1
1788789985.591,1788789499.8,78.6595155,16.9417355,True,1
1788789985.793,1788789500.0,78.65951533333333,16.941735,True,1
1788789985.99,1788789500.2,78.65951533333333,16.941733833333334,True,1
1788789986.191,1788789500.4,78.65951516666668,16.94173333333333,True,1
1788789986.391,1788789500.6,78.65951516666668,16.941732333333334,True,1
1788789986.591,1788789500.8,78.65951516666668,16.941731666666666,True,1
1788789986.789,1788789501.0,78.659515,16.941730833333335,True,1
1788789986.989,1788789501.2,78.659515,16.941730166666666,True,1
1788789987.19,1788789501.4,78.65951483333333,16.9417295,True,1
1788789987.391,1788789501.6,78.65951483333333,16.941728833333332,True,1
1788789987.592,1788789501.8,78.65951466666667,16.941728166666667,True,1
1788789987.791,1788789502.0,78.65951466666667,16.941727500000002,True,1
1788789987.991,1788789502.2,78.65951449999999,16.941726833333334,True,1
1788789988.19,1788789502.4,78.65951449999999,16.941726000000003,True,1
1788789988.389,1788789502.6,78.65951433333333,16.941725333333334,True,1
1788789988.59,1788789502.8,78.65951433333333,16.94172466666667,True,1
1788789988.792,1788789503.0,78.65951433333333,16.941724,True,1
1788789988.99,1788789503.2,78.65951416666667,16.94172316666667,True,1
1788789989.191,1788789503.4,78.65951416666667,16.9417225,True,1
1788789989.391,1788789503.6,78.65951416666667,16.94172166666667,True,1
1788789989.59,1788789503.8,78.65951416666667,16.941720666666665,True,1
1788789989.789,1788789504.0,78.659514,16.941720166666666,True,1
1788789989.989,1788789504.2,78.659514,16.941719166666665,True,1
1788789990.188,1788789504.4,78.659514,16.94171833333333,True,1
1788789990.391,1788789504.6,78.65951383333332,16.941717666666666,True,1
1788789990.59,1788789504.8,78.65951383333332,16.94171683333333,True,1
1788789990.79,1788789505.0,78.65951383333332,16.941716,True,1
1788789990.988,1788789505.2,78.65951366666667,16.941715166666665,True,1
1788789991.187,1788789505.4,78.65951366666667,16.9417145,True,1
1788789991.388,1788789505.6,78.65951366666667,16.941713666666665,True,1
1788789991.59,1788789505.8,78.65951366666667,16.941712833333334,True,1
1788789991.788,1788789506.0,78.65951366666667,16.941711833333333,True,1
1788789991.988,1788789506.2,78.6595135,16.941711166666668,True,1
1788789992.189,1788789506.4,78.6595135,16.941710333333333,True,1
1788789992.387,1788789506.6,78.6595135,16.9417095,True,1
1788789992.587,1788789506.8,78.6595135,16.941708833333333,True,1
1788789992.791,1788789507.0,78.6595135,16.941707833333332,True,1
1788789992.991,1788789507.2,78.6595135,16.941706833333335,True,1
1788789993.191,1788789507.4,78.65951333333334,16.941706,True,1
1788789993.391,1788789507.6,78.65951333333334,16.94170516666667,True,1
1788789993.588,1788789507.8,78.65951333333334,16.941704,True,1
1788789993.79,1788789508.0,78.65951333333334,16.941703166666667,True,1
1788789993.99,1788789508.2,78.65951333333334,16.94170216666667,True,1
1788789994.188,1788789508.4,78.65951333333334,16.941701333333334,True,1
1788789994.389,1788789508.6,78.65951333333334,16.941700333333333,True,1
1788789994.589,1788789508.8,78.65951333333334,16.941699000000003,True,1
1788789994.789,1788789509.0,78.65951333333334,16.941698,True,1
1788789994.989,1788789509.2,78.65951333333334,16.941696999999998,True,1
1788789995.189,1788789509.4,78.65951316666666,16.94169583333333,True,1
1788789995.388,1788789509.6,78.65951316666666,16.941694666666667,True,1
1788789995.589,1788789509.8,78.65951333333334,16.9416935,True,1
1788789995.79,1788789510.0,78.65951316666666,16.941692333333332,True,1
1788789995.992,1788789510.2,78.65951316666666,16.941691166666665,True,1
1788789996.189,1788789510.4,78.65951333333334,16.941690166666667,True,1
1788789996.39,1788789510.6,78.65951316666666,16.941689,True,1
1788789996.591,1788789510.8,78.65951333333334,16.941687666666667,True,1
1788789996.792,1788789511.0,78.65951333333334,16.941686666666666,True,1
1788789996.992,1788789511.2,78.65951333333334,16.941685666666668,True,1
1788789997.19,1788789511.4,78.65951316666666,16.9416845,True,1
1788789997.39,1788789511.6,78.65951333333334,16.941683333333334,True,1
1788789997.588,1788789511.8,78.65951316666666,16.941682166666666,True,1
1788789997.788,1788789512.0,78.65951316666666,16.941681000000003,True,1
1788789997.986,1788789512.2,78.65951316666666,16.94168,True,1
1788789998.187,1788789512.4,78.65951316666666,16.941679,True,1
1788789998.388,1788789512.6,78.659513,16.941678000000003,True,1
1788789998.59,1788789512.8,78.659513,16.941677000000002,True,1
1788789998.791,1788789513.0,78.659513,16.941675999999998,True,1
1788789998.99,1788789513.2,78.65951283333334,16.941675166666666,True,1
1788789999.189,1788789513.4,78.65951283333334,16.941674,True,1
1788789999.391,1788789513.6,78.65951283333334,16.941673166666664,True,1
1788789999.589,1788789513.8,78.65951283333334,16.941672166666667,True,1
1788789999.791,1788789514.0,78.65951266666666,16.941671166666666,True,1
1788789999.991,1788789514.2,78.65951266666666,16.94167033333333,True,1
1788790000.189,1788789514.4,78.65951266666666,16.941669166666667,True,1
1788790000.39,1788789514.6,78.65951249999999,16.9416685,True,1
1788790000.589,1788789514.8,78.65951249999999,16.94166733333333,True,1
1788790000.789,1788789515.0,78.65951249999999,16.941666166666668,True,1
1788790000.992,1788789515.2,78.65951249999999,16.941665333333333,True,1
1788790001.194,1788789515.4,78.65951249999999,16.941664166666666,True,1
1788790001.392,1788789515.6,78.65951233333334,16.941663333333334,True,1
1788790001.597,1788789515.8,78.65951233333334,16.9416625,True,1
1788790001.793,1788789516.0,78.65951233333334,16.94166166666667,True,1
1788790001.992,1788789516.2,78.65951233333334,16.941660833333334,True,1
1788790002.189,1788789516.4,78.65951233333334,16.94166016666667,True,1
1788790002.391,1788789516.6,78.65951233333334,16.9416595,True,1
1788790002.591,1788789516.8,78.65951216666667,16.941658833333335,True,1
1788790002.792,1788789517.0,78.65951216666667,16.941658,True,1
1788790002.991,1788789517.2,78.65951216666667,16.94165716666667,True,1
1788790003.194,1788789517.4,78.65951216666667,16.9416565,True,1
1788790003.39,1788789517.6,78.65951216666667,16.941656000000002,True,1
1788790003.588,1788789517.8,78.65951216666667,16.941655333333333,True,1
1788790003.79,1788789518.0,78.65951216666667,16.94165466666667,True,1
1788790003.991,1788789518.2,78.65951199999999,16.941654000000003,True,1
1788790004.192,1788789518.4,78.65951199999999,16.941653499999997,True,1
1788790004.391,1788789518.6,78.65951199999999,16.941652666666666,True,1
1788790004.592,1788789518.8,78.65951183333333,16.94165183333333,True,1
1788790004.792,1788789519.0,78.65951166666667,16.941651,True,1
1788790004.99,1788789519.2,78.65951166666667,16.941650166666665,True,1
1788790005.191,1788789519.4,78.65951166666667,16.94164933333333,True,1
1788790005.391,1788789519.6,78.6595115,16.9416485,True,1
1788790005.592,1788789519.8,78.6595115,16.941647333333332,True,1
1788790005.791,1788789520.0,78.65951133333333,16.9416465,True,1
1788790005.992,1788789520.2,78.65951133333333,16.9416455,True,1
1788790006.192,1788789520.4,78.65951133333333,16.9416445,True,1
1788790006.39,1788789520.6,78.65951116666666,16.9416435,True,1
1788790006.593,1788789520.8,78.65951116666666,16.941642666666667,True,1
1788790006.792,1788789521.0,78.65951116666666,16.941642,True,1
1788790006.992,1788789521.2,78.65951100000001,16.941641166666667,True,1
1788790007.193,1788789521.4,78.65951100000001,16.941640333333332,True,1
1788790007.395,1788789521.6,78.65951100000001,16.9416395,True,1
1788790007.592,1788789521.8,78.65951100000001,16.941638833333332,True,1
1788790007.794,1788789522.0,78.65951083333333,16.941638,True,1
1788790007.991,1788789522.2,78.65951083333333,16.941637166666666,True,1
1788790008.192,1788789522.4,78.65951083333333,16.94163616666667,True,1
1788790008.392,1788789522.6,78.65951083333333,16.941635166666668,True,1
1788790008.591,1788789522.8,78.65951083333333,16.941634333333333,True,1
1788790008.792,1788789523.0,78.65951083333333,16.941633500000002,True,1
1788790008.99,1788789523.2,78.65951066666666,16.941632666666667,True,1
1788790009.188,1788789523.4,78.65951066666666,16.941631833333336,True,1
1788790009.392,1788789523.6,78.65951066666666,16.941630999999997,True,1
1788790009.593,1788789523.8,78.65951066666666,16.9416305,True,1
1788790009.791,1788789524.0,78.65951066666666,16.94162983333333,True,1
1788790009.992,1788789524.2,78.65951066666666,16.941629166666665,True,1
1788790010.191,1788789524.4,78.65951066666666,16.94162833333333,True,1
1788790010.392,1788789524.6,78.65951066666666,16.941627666666665,True,1
1788790010.592,1788789524.8,78.65951066666666,16.941627,True,1
1788790010.791,1788789525.0,78.65951066666666,16.941626333333332,True,1
1788790010.991,1788789525.2,78.6595105,16.9416255,True,1
1788790011.189,1788789525.4,78.65951066666666,16.941624833333332,True,1
1788790011.39,1788789525.6,78.65951066666666,16.941624333333333,True,1
1788790011.589,1788789525.8,78.65951066666666,16.941623666666665,True,1
1788790011.79,1788789526.0,78.65951066666666,16.941623,True,1
1788790011.991,1788789526.2,78.65951066666666,16.94162233333333,True,1
1788790012.191,1788789526.4,78.65951066666666,16.941621666666666,True,1
1788790012.392,1788789526.6,78.65951066666666,16.941621,True,1
1788790012.593,1788789526.8,78.65951066666666,16.9416205,True,1
1788790012.793,1788789527.0,78.65951066666666,16.941619833333334,True,1
1788790012.99,1788789527.2,78.65951066666666,16.941619166666666,True,1
1788790013.193,1788789527.4,78.65951066666666,16.941618333333334,True,1
1788790013.395,1788789527.6,78.65951066666666,16.9416175,True,1
1788790013.591,1788789527.8,78.6595105,16.94161666666667,True,1
1788790013.79,1788789528.0,78.6595105,16.941615666666667,True,1
1788790013.991,1788789528.2,78.6595105,16.941614666666666,True,1
1788790014.19,1788789528.4,78.6595105,16.94161366666667,True,1
1788790014.391,1788789528.6,78.6595105,16.941612833333334,True,1
1788790014.588,1788789528.8,78.65951033333334,16.941612000000003,True,1
1788790014.79,1788789529.0,78.65951033333334,16.941611166666668,True,1
1788790014.992,1788789529.2,78.65951033333334,16.941610333333333,True,1
1788790015.192,1788789529.4,78.65951016666666,16.941609500000002,True,1
1788790015.393,1788789529.6,78.65951016666666,16.941608666666664,True,1
1788790015.592,1788789529.8,78.65951016666666,16.941607833333332,True,1
1788790015.792,1788789530.0,78.65951016666666,16.941606666666665,True,1
1788790015.99,1788789530.2,78.65951016666666,16.941605499999998,True,1
1788790016.192,1788789530.4,78.65951016666666,16.9416045,True,1
1788790016.392,1788789530.6,78.65951016666666,16.941603333333333,True,1
1788790016.591,1788789530.8,78.65951016666666,16.941602166666666,True,1
1788790016.792,1788789531.0,78.65951016666666,16.941601,True,1
1788790016.989,1788789531.2,78.65951016666666,16.941599666666665,True,1
1788790017.192,1788789531.4,78.65951,16.9415985,True,1
1788790017.39,1788789531.6,78.65951,16.9415975,True,1
1788790017.594,1788789531.8,78.65951,16.9415965,True,1
1788790017.794,1788789532.0,78.65951,16.941595333333332,True,1
1788790017.993,1788789532.2,78.65951,16.94159416666667,True,1
1788790018.191,1788789532.4,78.65951,16.941593,True,1
1788790018.416,1788789532.6,78.65950983333333,16.941591666666667,True,1
1788790018.591,1788789532.8,78.65950983333333,16.941590333333334,True,1
1788790018.789,1788789533.0,78.65950983333333,16.941589,True,1
1788790018.991,1788789533.2,78.65950983333333,16.9415875,True,1
1788790019.191,1788789533.4,78.65950983333333,16.941585999999997,True,1
1788790019.39,1788789533.6,78.65950966666666,16.941584666666664,True,1
1788790019.589,1788789533.8,78.65950966666666,16.9415835,True,1
1788790019.791,1788789534.0,78.65950966666666,16.941582166666667,True,1
1788790019.991,1788789534.2,78.65950966666666,16.941581,True,1
1788790020.19,1788789534.4,78.6595095,16.941579833333332,True,1
1788790020.39,1788789534.6,78.6595095,16.941578666666665,True,1
1788790020.589,1788789534.8,78.6595095,16.941577666666667,True,1
1788790020.792,1788789535.0,78.6595095,16.941576333333334,True,1
1788790020.99,1788789535.2,78.6595095,16.941575,True,1
1788790021.19,1788789535.4,78.6595095,16.941573666666667,True,1
1788790021.39,1788789535.6,78.65950933333333,16.941572166666667,True,1
1788790021.604,1788789535.8,78.65950933333333,16.941570666666667,True,1
1788790021.788,1788789536.0,78.65950933333333,16.941569333333334,True,1
1788790021.988,1788789536.2,78.65950933333333,16.941567666666668,True,1
1788790022.189,1788789536.4,78.65950916666667,16.941566166666668,True,1
1788790022.389,1788789536.6,78.65950916666667,16.941564833333334,True,1
1788790022.59,1788789536.8,78.659509,16.94156333333333,True,1
1788790022.789,1788789537.0,78.659509,16.941562166666664,True,1
1788790022.989,1788789537.2,78.65950883333333,16.94156083333333,True,1
1788790023.191,1788789537.4,78.65950883333333,16.94155933333333,True,1
1788790023.392,1788789537.6,78.65950883333333,16.94155783333333,True,1
1788790023.593,1788789537.8,78.65950883333333,16.94155633333333,True,1
1788790023.793,1788789538.0,78.65950866666667,16.94155483333333,True,1
1788790023.991,1788789538.2,78.65950866666667,16.94155333333333,True,1
1788790024.19,1788789538.4,78.65950866666667,16.94155183333333,True,1
1788790024.388,1788789538.6,78.65950849999999,16.9415505,True,1
1788790024.59,1788789538.8,78.65950849999999,16.941549333333334,True,1
1788790024.79,1788789539.0,78.65950849999999,16.941547833333335,True,1
1788790024.991,1788789539.2,78.65950833333333,16.9415465,True,1
1788790025.192,1788789539.4,78.65950833333333,16.941545166666668,True,1
1788790025.391,1788789539.6,78.65950833333333,16.941543833333334,True,1
1788790025.589,1788789539.8,78.65950816666667,16.941542333333334,True,1
1788790025.791,1788789540.0,78.65950816666667,16.94154083333333,True,1
1788790025.995,1788789540.2,78.65950816666667,16.94153933333333,True,1
1788790026.191,1788789540.4,78.65950816666667,16.941537666666665,True,1
1788790026.392,1788789540.6,78.65950816666667,16.941536166666666,True,1
1788790026.592,1788789540.8,78.659508,16.9415345,True,1
1788790026.792,1788789541.0,78.659508,16.941532833333333,True,1
1788790026.991,1788789541.2,78.659508,16.941531166666667,True,1
1788790027.19,1788789541.4,78.65950783333332,16.941529333333335,True,1
1788790027.39,1788789541.6,78.65950783333332,16.941528,True,1
1788790027.592,1788789541.8,78.65950783333332,16.941526333333336,True,1
1788790027.792,1788789542.0,78.65950783333332,16.941524666666666,True,1
1788790027.991,1788789542.2,78.65950766666667,16.941523166666666,True,1
1788790028.192,1788789542.4,78.65950766666667,16.941521333333334,True,1
1788790028.389,1788789542.6,78.65950766666667,16.941519500000002,True,1
1788790028.592,1788789542.8,78.65950766666667,16.941517833333332,True,1
1788790028.793,1788789543.0,78.6595075,16.941515833333334,True,1
1788790028.992,1788789543.2,78.6595075,16.941514166666664,True,1
1788790029.19,1788789543.4,78.6595075,16.941512333333332,True,1
1788790029.391,1788789543.6,78.6595075,16.9415105,True,1
1788790029.59,1788789543.8,78.6595075,16.941508833333334,True,1
1788790029.79,1788789544.0,78.6595075,16.941507,True,1
1788790029.991,1788789544.2,78.6595075,16.941505333333335,True,1
1788790030.189,1788789544.4,78.6595075,16.941503833333336,True,1
1788790030.393,1788789544.6,78.6595075,16.941502166666666,True,1
1788790030.591,1788789544.8,78.65950733333334,16.941500666666666,True,1
1788790030.79,1788789545.0,78.65950733333334,16.941499,True,1
1788790030.99,1788789545.2,78.65950733333334,16.9414975,True,1
1788790031.187,1788789545.4,78.65950733333334,16.941495666666665,True,1
1788790031.39,1788789545.6,78.65950733333334,16.941494,True,1
1788790031.589,1788789545.8,78.65950733333334,16.941492333333333,True,1
1788790031.789,1788789546.0,78.65950733333334,16.9414905,True,1
1788790031.988,1788789546.2,78.65950733333334,16.941489,True,1
1788790032.189,1788789546.4,78.65950733333334,16.9414875,True,1
1788790032.391,1788789546.6,78.65950733333334,16.941486,True,1
1788790032.586,1788789546.8,78.65950733333334,16.9414845,True,1
1788790032.789,1788789547.0,78.6595075,16.941483333333334,True,1
1788790032.99,1788789547.2,78.6595075,16.941482,True,1
1788790033.194,1788789547.4,78.6595075,16.941480833333333,True,1
1788790033.39,1788789547.6,78.6595075,16.941479666666666,True,1
1788790033.593,1788789547.8,78.6595075,16.941478166666666,True,1
1788790033.789,1788789548.0,78.6595075,16.941476833333336,True,1
1788790033.986,1788789548.2,78.6595075,16.941475500000003,True,1
1788790034.188,1788789548.4,78.6595075,16.941474000000003,True,1
1788790034.39,1788789548.6,78.65950766666667,16.9414725,True,1
1788790034.59,1788789548.8,78.65950766666667,16.941471166666666,True,1
1788790034.789,1788789549.0,78.65950766666667,16.941469666666666,True,1
1788790034.99,1788789549.2,78.65950766666667,16.941468333333333,True,1
1788790035.191,1788789549.4,78.65950766666667,16.941467166666666,True,1
1788790035.391,1788789549.6,78.65950766666667,16.941465833333332,True,1
1788790035.602,1788789549.8,78.65950766666667,16.9414645,True,1
1788790035.803,1788789550.0,78.65950766666667,16.941463166666665,True,1
1788790035.992,1788789550.2,78.65950766666667,16.941461666666665,True,1
1788790036.191,1788789550.4,78.65950766666667,16.941460333333335,True,1
1788790036.39,1788789550.6,78.65950766666667,16.941459000000002,True,1
1788790036.589,1788789550.8,78.65950766666667,16.941457500000002,True,1
1788790036.802,1788789551.0,78.65950766666667,16.94145616666667,True,1
1788790036.991,1788789551.2,78.65950766666667,16.94145466666667,True,1
1788790037.191,1788789551.4,78.65950783333332,16.941453333333335,True,1
1788790037.393,1788789551.6,78.65950783333332,16.941452166666668,True,1
1788790037.59,1788789551.8,78.65950783333332,16.94145083333333,True,1
1788790037.792,1788789552.0,78.65950783333332,16.941449666666664,True,1
1788790037.992,1788789552.2,78.65950783333332,16.941448333333334,True,1
1788790038.19,1788789552.4,78.65950783333332,16.941447333333333,True,1
1788790038.39,1788789552.6,78.65950783333332,16.941446166666665,True,1
1788790038.59,1788789552.8,78.65950783333332,16.941444833333332,True,1
1788790038.79,1788789553.0,78.65950783333332,16.9414435,True,1
1788790038.989,1788789553.2,78.65950783333332,16.941442166666665,True,1
1788790039.19,1788789553.4,78.65950783333332,16.941440833333335,True,1
1788790039.391,1788789553.6,78.65950783333332,16.9414395,True,1
1788790039.591,1788789553.8,78.65950783333332,16.941438166666668,True,1
1788790039.793,1788789554.0,78.659508,16.941437,True,1
1788790039.991,1788789554.2,78.659508,16.941435666666667,True,1
1788790040.193,1788789554.4,78.659508,16.941434666666666,True,1
1788790040.403,1788789554.6,78.659508,16.941433333333336,True,1
1788790040.592,1788789554.8,78.659508,16.941432333333335,True,1
1788790040.789,1788789555.0,78.659508,16.941431166666668,True,1
1788790040.989,1788789555.2,78.659508,16.941429833333334,True,1
1788790041.189,1788789555.4,78.659508,16.941428499999997,True,1
1788790041.39,1788789555.6,78.659508,16.941427166666664,True,1
1788790041.589,1788789555.8,78.659508,16.941425833333334,True,1
1788790041.791,1788789556.0,78.65950816666667,16.9414245,True,1
1788790041.989,1788789556.2,78.65950816666667,16.941423,True,1
1788790042.189,1788789556.4,78.65950816666667,16.941421666666667,True,1
1788790042.39,1788789556.6,78.65950816666667,16.9414205,True,1
1788790042.591,1788789556.8,78.659508,16.941419333333332,True,1
1788790042.791,1788789557.0,78.659508,16.941418,True,1
1788790042.991,1788789557.2,78.659508,16.941416833333335,True,1
1788790043.192,1788789557.4,78.659508,16.941415666666668,True,1
1788790043.393,1788789557.6,78.659508,16.941414333333334,True,1
1788790043.59,1788789557.8,78.659508,16.941413166666667,True,1
1788790043.793,1788789558.0,78.659508,16.941412,True,1
1788790043.992,1788789558.2,78.659508,16.941410833333336,True,1
1788790044.19,1788789558.4,78.65950816666667,16.941409500000002,True,1
1788790044.39,1788789558.6,78.65950816666667,16.941408333333335,True,1
1788790044.59,1788789558.8,78.65950816666667,16.941407166666668,True,1
1788790044.79,1788789559.0,78.659508,16.941405999999997,True,1
1788790044.986,1788789559.2,78.659508,16.941405,True,1
1788790045.189,1788789559.4,78.659508,16.941404,True,1
1788790045.39,1788789559.6,78.659508,16.941402999999998,True,1
1788790045.591,1788789559.8,78.659508,16.941401833333334,True,1
1788790045.79,1788789560.0,78.659508,16.941400833333333,True,1
1788790045.992,1788789560.2,78.659508,16.941399666666666,True,1
1788790046.191,1788789560.4,78.659508,16.941398333333332,True,1
1788790046.389,1788789560.6,78.659508,16.941396666666666,True,1
1788790046.591,1788789560.8,78.659508,16.941395166666666,True,1
1788790046.793,1788789561.0,78.659508,16.941393666666666,True,1
1788790046.991,1788789561.2,78.659508,16.941392333333333,True,1
1788790047.19,1788789561.4,78.659508,16.941391,True,1
1788790047.39,1788789561.6,78.65950816666667,16.9413895,True,1
1788790047.59,1788789561.8,78.65950816666667,16.941388333333336,True,1
1788790047.788,1788789562.0,78.65950816666667,16.94138716666667,True,1
1788790047.992,1788789562.2,78.65950816666667,16.941386,True,1
1788790048.192,1788789562.4,78.65950816666667,16.941384666666668,True,1
1788790048.392,1788789562.6,78.65950816666667,16.941383499999997,True,1
1788790048.591,1788789562.8,78.65950816666667,16.941382166666664,True,1
1788790048.791,1788789563.0,78.65950816666667,16.941380666666664,True,1
1788790048.993,1788789563.2,78.65950816666667,16.941379333333334,True,1
1788790049.19,1788789563.4,78.65950816666667,16.941377833333334,True,1
1788790049.404,1788789563.6,78.659508,16.941376333333334,True,1
1788790049.591,1788789563.8,78.659508,16.941375,True,1
1788790049.79,1788789564.0,78.659508,16.9413735,True,1
1788790049.991,1788789564.2,78.659508,16.941372333333334,True,1
1788790050.192,1788789564.4,78.659508,16.941371,True,1
1788790050.39,1788789564.6,78.659508,16.941369833333333,True,1
1788790050.589,1788789564.8,78.659508,16.941368666666666,True,1
1788790050.79,1788789565.0,78.65950783333332,16.941367500000002,True,1
1788790050.99,1788789565.2,78.65950783333332,16.94136616666667,True,1
1788790051.189,1788789565.4,78.65950783333332,16.941364833333335,True,1
1788790051.39,1788789565.6,78.65950783333332,16.9413635,True,1
1788790051.588,1788789565.8,78.65950783333332,16.941362166666668,True,1
1788790051.789,1788789566.0,78.65950783333332,16.941360999999997,True,1
1788790051.988,1788789566.2,78.65950783333332,16.941359666666663,True,1
1788790052.189,1788789566.4,78.65950783333332,16.941358333333334,True,1
1788790052.389,1788789566.6,78.65950783333332,16.941357166666666,True,1
1788790052.59,1788789566.8,78.65950783333332,16.941356,True,1
1788790052.79,1788789567.0,78.65950766666667,16.94135483333333,True,1
1788790052.988,1788789567.2,78.65950766666667,16.941353499999998,True,1
1788790053.187,1788789567.4,78.65950766666667,16.941352333333334,True,1
1788790053.39,1788789567.6,78.6595075,16.941351,True,1
1788790053.591,1788789567.8,78.6595075,16.941349666666667,True,1
1788790053.79,1788789568.0,78.6595075,16.941348333333334,True,1
1788790053.992,1788789568.2,78.6595075,16.941347,True,1
1788790054.193,1788789568.4,78.65950733333334,16.941345666666667,True,1
1788790054.39,1788789568.6,78.65950733333334,16.941344166666667,True,1
1788790054.589,1788789568.8,78.65950733333334,16.941343,True,1
1788790054.789,1788789569.0,78.65950733333334,16.941341666666666,True,1
1788790054.989,1788789569.2,78.65950733333334,16.941340333333336,True,1
1788790055.189,1788789569.4,78.65950733333334,16.941339333333335,True,1
1788790055.389,1788789569.6,78.65950716666666,16.941338166666664,True,1
1788790055.591,1788789569.8,78.65950716666666,16.941336999999997,True,1
1788790055.792,1788789570.0,78.65950716666666,16.941335666666664,True,1
1788790055.992,1788789570.2,78.65950716666666,16.9413345,True,1
1788790056.191,1788789570.4,78.65950716666666,16.941333166666666,True,1
1788790056.395,1788789570.6,78.65950716666666,16.941331833333333,True,1
1788790056.59,1788789570.8,78.65950716666666,16.941330666666666,True,1
1788790056.802,1788789571.0,78.65950716666666,16.941329333333332,True,1
1788790056.991,1788789571.2,78.65950716666666,16.941328,True,1
1788790057.192,1788789571.4,78.65950716666666,16.941326833333335,True,1
1788790057.39,1788789571.6,78.65950716666666,16.9413255,True,1
1788790057.591,1788789571.8,78.65950716666666,16.941324333333334,True,1
1788790057.789,1788789572.0,78.65950716666666,16.941323,True,1
1788790057.988,1788789572.2,78.65950716666666,16.941321666666667,True,1
1788790058.19,1788789572.4,78.65950716666666,16.9413205,True,1
1788790058.39,1788789572.6,78.65950716666666,16.941319166666666,True,1
1788790058.592,1788789572.8,78.65950716666666,16.941318000000003,True,1
1788790058.788,1788789573.0,78.65950716666666,16.94131666666667,True,1
1788790058.992,1788789573.2,78.65950716666666,16.941315333333332,True,1
1788790059.192,1788789573.4,78.65950716666666,16.941314,True,1
1788790059.391,1788789573.6,78.65950716666666,16.941312666666665,True,1
1788790059.592,1788789573.8,78.65950716666666,16.941311499999998,True,1
1788790059.792,1788789574.0,78.659507,16.941310166666664,True,1
1788790059.992,1788789574.2,78.659507,16.941309166666667,True,1
1788790060.187,1788789574.4,78.659507,16.941308,True,1
1788790060.39,1788789574.6,78.659507,16.941306833333332,True,1
1788790060.59,1788789574.8,78.65950683333334,16.941305833333335,True,1
1788790060.789,1788789575.0,78.65950683333334,16.941304666666667,True,1
1788790060.989,1788789575.2,78.65950683333334,16.9413035,True,1
1788790061.188,1788789575.4,78.65950683333334,16.941302333333333,True,1
1788790061.39,1788789575.6,78.65950666666666,16.941301333333335,True,1
1788790061.587,1788789575.8,78.65950666666666,16.941300166666668,True,1
1788790061.79,1788789576.0,78.65950666666666,16.941299166666667,True,1
1788790061.989,1788789576.2,78.65950666666666,16.941298,True,1
1788790062.189,1788789576.4,78.65950666666666,16.94129716666667,True,1
1788790062.39,1788789576.6,78.65950649999999,16.941296166666667,True,1
1788790062.592,1788789576.8,78.65950649999999,16.941295166666666,True,1
1788790062.791,1788789577.0,78.65950649999999,16.94129416666667,True,1
1788790062.99,1788789577.2,78.65950633333334,16.941293166666664,True,1
1788790063.19,1788789577.4,78.65950633333334,16.941291999999997,True,1
1788790063.392,1788789577.6,78.65950633333334,16.941291,True,1
1788790063.592,1788789577.8,78.65950616666667,16.941289833333332,True,1
1788790063.792,1788789578.0,78.65950616666667,16.9412885,True,1
1788790063.993,1788789578.2,78.65950616666667,16.941287166666665,True,1
1788790064.192,1788789578.4,78.659506,16.941285833333332,True,1
1788790064.39,1788789578.6,78.659506,16.941284666666665,True,1
1788790064.592,1788789578.8,78.659506,16.941283333333335,True,1
1788790064.792,1788789579.0,78.65950583333333,16.941282166666667,True,1
1788790064.991,1788789579.2,78.65950583333333,16.941281,True,1
1788790065.19,1788789579.4,78.65950583333333,16.941279833333333,True,1
1788790065.391,1788789579.6,78.65950583333333,16.941278666666665,True,1
1788790065.593,1788789579.8,78.65950566666667,16.9412775,True,1
1788790065.792,1788789580.0,78.65950566666667,16.94127616666667,True,1
1788790065.992,1788789580.2,78.65950566666667,16.941275,True,1
1788790066.191,1788789580.4,78.65950566666667,16.941273833333334,True,1
1788790066.391,1788789580.6,78.6595055,16.941272833333336,True,1
1788790066.591,1788789580.8,78.6595055,16.941271500000003,True,1
1788790066.792,1788789581.0,78.6595055,16.941270333333332,True,1
1788790066.989,1788789581.2,78.6595055,16.94126933333333,True,1
1788790067.19,1788789581.4,78.6595055,16.941268333333333,True,1
1788790067.391,1788789581.6,78.65950533333333,16.941267166666666,True,1
1788790067.59,1788789581.8,78.65950533333333,16.941266166666665,True,1
1788790067.804,1788789582.0,78.65950533333333,16.941264999999998,True,1
1788790067.99,1788789582.2,78.65950533333333,16.941263833333334,True,1
1788790068.191,1788789582.4,78.65950516666666,16.941262833333333,True,1
1788790068.39,1788789582.6,78.65950516666666,16.941261833333332,True,1
1788790068.59,1788789582.8,78.65950516666666,16.94126066666667,True,1
1788790068.791,1788789583.0,78.65950516666666,16.941259666666667,True,1
1788790068.991,1788789583.2,78.65950516666666,16.941258333333334,True,1
1788790069.19,1788789583.4,78.65950516666666,16.941257,True,1
1788790069.392,1788789583.6,78.65950500000001,16.941255833333333,True,1
1788790069.59,1788789583.8,78.65950500000001,16.94125466666667,True,1
1788790069.789,1788789584.0,78.65950500000001,16.941253500000002,True,1
1788790069.992,1788789584.2,78.65950500000001,16.941252333333335,True,1
1788790070.192,1788789584.4,78.65950483333333,16.941251166666667,True,1
1788790070.392,1788789584.6,78.65950483333333,16.94125,True,1
1788790070.592,1788789584.8,78.65950483333333,16.941248833333336,True,1
1788790070.794,1788789585.0,78.65950483333333,16.941247666666666,True,1
1788790070.99,1788789585.2,78.65950483333333,16.941246333333332,True,1
1788790071.187,1788789585.4,78.65950466666666,16.94124533333333,True,1
1788790071.39,1788789585.6,78.65950466666666,16.941244166666667,True,1
1788790071.59,1788789585.8,78.65950466666666,16.941243166666666,True,1
1788790071.794,1788789586.0,78.65950466666666,16.941242,True,1
1788790071.991,1788789586.2,78.65950466666666,16.941240999999998,True,1
1788790072.19,1788789586.4,78.65950466666666,16.941240166666667,True,1
1788790072.39,1788789586.6,78.65950466666666,16.941239,True,1
1788790072.588,1788789586.8,78.65950466666666,16.941237833333332,True,1
1788790072.791,1788789587.0,78.65950466666666,16.941236833333335,True,1
1788790072.99,1788789587.2,78.65950466666666,16.941235833333334,True,1
1788790073.192,1788789587.4,78.65950466666666,16.941234833333333,True,1
1788790073.391,1788789587.6,78.65950466666666,16.941233833333335,True,1
1788790073.604,1788789587.8,78.65950466666666,16.941232833333334,True,1
1788790073.791,1788789588.0,78.65950466666666,16.941231833333333,True,1
1788790073.99,1788789588.2,78.65950483333333,16.94123066666667,True,1
1788790074.191,1788789588.4,78.65950483333333,16.941229833333335,True,1
1788790074.394,1788789588.6,78.65950483333333,16.941228666666667,True,1
1788790074.59,1788789588.8,78.65950483333333,16.941227833333336,True,1
1788790074.791,1788789589.0,78.65950483333333,16.94122666666667,True,1
1788790074.99,1788789589.2,78.65950483333333,16.941225666666664,True,1
1788790075.189,1788789589.4,78.65950483333333,16.941224666666667,True,1
1788790075.388,1788789589.6,78.65950483333333,16.941223666666666,True,1
1788790075.59,1788789589.8,78.65950483333333,16.9412225,True,1
1788790075.803,1788789590.0,78.65950483333333,16.941221499999997,True,1
1788790075.993,1788789590.2,78.65950500000001,16.941220333333334,True,1
1788790076.192,1788789590.4,78.65950500000001,16.941219333333333,True,1
1788790076.392,1788789590.6,78.65950500000001,16.94121833333333,True,1
1788790076.59,1788789590.8,78.65950500000001,16.941217166666668,True,1
1788790076.792,1788789591.0,78.65950500000001,16.941216166666667,True,1
1788790076.989,1788789591.2,78.65950500000001,16.941215166666666,True,1
1788790077.189,1788789591.4,78.65950500000001,16.94121416666667,True,1
1788790077.39,1788789591.6,78.65950516666666,16.941213333333334,True,1
1788790077.592,1788789591.8,78.65950500000001,16.941212166666666,True,1
1788790077.79,1788789592.0,78.65950516666666,16.94121116666667,True,1
1788790077.989,1788789592.2,78.65950516666666,16.941210166666668,True,1
1788790078.188,1788789592.4,78.65950516666666,16.941209333333333,True,1
1788790078.391,1788789592.6,78.65950516666666,16.941208333333336,True,1
1788790078.591,1788789592.8,78.65950516666666,16.94120716666667,True,1
1788790078.79,1788789593.0,78.65950516666666,16.941206,True,1
1788790078.989,1788789593.2,78.65950516666666,16.941205,True,1
1788790079.19,1788789593.4,78.65950516666666,16.941203833333336,True,1
1788790079.392,1788789593.6,78.65950516666666,16.941202666666666,True,1
1788790079.59,1788789593.8,78.65950516666666,16.941201666666664,True,1
1788790079.789,1788789594.0,78.65950516666666,16.941200666666667,True,1
1788790079.991,1788789594.2,78.65950516666666,16.941199333333333,True,1
1788790080.189,1788789594.4,78.65950516666666,16.941198333333332,True,1
1788790080.392,1788789594.6,78.65950516666666,16.94119733333333,True,1
1788790080.593,1788789594.8,78.65950516666666,16.941196333333334,True,1
1788790080.79,1788789595.0,78.65950516666666,16.941195166666667,True,1
1788790080.99,1788789595.2,78.65950516666666,16.941194166666666,True,1
1788790081.19,1788789595.4,78.65950516666666,16.941193166666668,True,1
1788790081.39,1788789595.6,78.65950516666666,16.941192,True,1
1788790081.589,1788789595.8,78.65950516666666,16.941191,True,1
1788790081.789,1788789596.0,78.65950533333333,16.941189833333333,True,1
1788790081.989,1788789596.2,78.65950533333333,16.941189,True,1
1788790082.189,1788789596.4,78.65950533333333,16.941188,True,1
1788790082.389,1788789596.6,78.65950533333333,16.941187,True,1
1788790082.589,1788789596.8,78.65950533333333,16.941186000000002,True,1
1788790082.79,1788789597.0,78.65950533333333,16.941185,True,1
1788790082.989,1788789597.2,78.65950533333333,16.94118416666667,True,1
1788790083.187,1788789597.4,78.65950533333333,16.94118316666667,True,1
1788790083.388,1788789597.6,78.65950533333333,16.941182333333334,True,1
1788790083.588,1788789597.8,78.65950533333333,16.941181500000003,True,1
1788790083.791,1788789598.0,78.6595055,16.941180666666664,True,1
1788790083.991,1788789598.2,78.6595055,16.941179666666667,True,1
1788790084.192,1788789598.4,78.6595055,16.941178833333332,True,1
1788790084.393,1788789598.6,78.6595055,16.941177999999997,True,1
1788790084.59,1788789598.8,78.6595055,16.941177166666666,True,1
1788790084.79,1788789599.0,78.6595055,16.941176166666665,True,1
1788790084.988,1788789599.2,78.6595055,16.941175333333334,True,1
1788790085.189,1788789599.4,78.6595055,16.941174666666665,True,1
1788790085.388,1788789599.6,78.6595055,16.941173666666668,True,1
1788790085.589,1788789599.8,78.6595055,16.941173,True,1
1788790085.79,1788789600.0,78.6595055,16.941172166666668,True,1
1788790086.007,1788789600.2,78.6595055,16.941171166666667,True,1
1788790086.19,1788789600.4,78.6595055,16.941170333333332,True,1
1788790086.387,1788789600.6,78.6595055,16.94116916666667,True,1
1788790086.592,1788789600.8,78.6595055,16.941168333333334,True,1
1788790086.792,1788789601.0,78.6595055,16.941167166666666,True,1
1788790086.991,1788789601.2,78.65950566666667,16.941166333333335,True,1
1788790087.19,1788789601.4,78.65950566666667,16.941165333333334,True,1
1788790087.39,1788789601.6,78.65950566666667,16.941164333333333,True,1
1788790087.592,1788789601.8,78.65950566666667,16.941163500000002,True,1
1788790087.788,1788789602.0,78.65950566666667,16.941162666666667,True,1
1788790087.99,1788789602.2,78.65950566666667,16.941161833333336,True,1
1788790088.19,1788789602.4,78.65950566666667,16.941160833333335,True,1
1788790088.39,1788789602.6,78.65950566666667,16.941159833333334,True,1
1788790088.591,1788789602.8,78.65950566666667,16.941158833333336,True,1
1788790088.793,1788789603.0,78.65950566666667,16.941157666666665,True,1
1788790088.99,1788789603.2,78.65950566666667,16.941156499999998,True,1
1788790089.189,1788789603.4,78.65950566666667,16.941155499999997,True,1
1788790089.392,1788789603.6,78.65950566666667,16.941154666666666,True,1
1788790089.59,1788789603.8,78.65950566666667,16.9411535,True,1
1788790089.789,1788789604.0,78.65950566666667,16.941152666666667,True,1
1788790089.991,1788789604.2,78.65950566666667,16.941151666666666,True,1
1788790090.189,1788789604.4,78.65950566666667,16.94115083333333,True,1
1788790090.39,1788789604.6,78.65950566666667,16.941149833333334,True,1
1788790090.59,1788789604.8,78.65950566666667,16.941149,True,1
1788790090.792,1788789605.0,78.65950566666667,16.941148166666668,True,1
1788790090.99,1788789605.2,78.65950566666667,16.941147,True,1
1788790091.188,1788789605.4,78.65950566666667,16.941146166666666,True,1
1788790091.388,1788789605.6,78.65950566666667,16.941145333333335,True,1
1788790091.588,1788789605.8,78.65950566666667,16.941144333333334,True,1
1788790091.789,1788789606.0,78.65950566666667,16.941143333333333,True,1
1788790091.987,1788789606.2,78.65950566666667,16.941142666666668,True,1
1788790092.195,1788789606.4,78.65950566666667,16.941141833333333,True,1
1788790092.391,1788789606.6,78.65950566666667,16.941141166666668,True,1
1788790092.589,1788789606.8,78.6595055,16.9411405,True,1
1788790092.79,1788789607.0,78.6595055,16.94113966666667,True,1
1788790092.99,1788789607.2,78.65950566666667,16.941139,True,1
1788790093.191,1788789607.4,78.65950566666667,16.94113816666667,True,1
1788790093.391,1788789607.6,78.65950566666667,16.941137333333334,True,1
1788790093.589,1788789607.8,78.65950566666667,16.941136500000002,True,1
1788790093.79,1788789608.0,78.65950566666667,16.941135499999998,True,1
1788790093.992,1788789608.2,78.65950566666667,16.941134833333333,True,1
1788790094.191,1788789608.4,78.65950566666667,16.941133999999998,True,1
1788790094.393,1788789608.6,78.65950566666667,16.9411335,True,1
1788790094.59,1788789608.8,78.65950566666667,16.94113283333333,True,1
1788790094.79,1788789609.0,78.65950566666667,16.941132333333332,True,1
1788790094.989,1788789609.2,78.65950566666667,16.941131833333333,True,1
1788790095.188,1788789609.4,78.65950566666667,16.941131166666665,True,1
1788790095.39,1788789609.6,78.65950566666667,16.9411305,True,1
1788790095.588,1788789609.8,78.65950566666667,16.941129666666665,True,1
1788790095.789,1788789610.0,78.65950566666667,16.941128833333334,True,1
1788790095.99,1788789610.2,78.65950566666667,16.941128,True,1
1788790096.19,1788789610.4,78.65950566666667,16.941127333333334,True,1
1788790096.39,1788789610.6,78.65950566666667,16.9411265,True,1
1788790096.595,1788789610.8,78.65950566666667,16.941126,True,1
1788790096.795,1788789611.0,78.65950566666667,16.941125166666666,True,1
1788790096.996,1788789611.2,78.65950566666667,16.941124666666667,True,1
1788790097.191,1788789611.4,78.65950566666667,16.94112416666667,True,1
1788790097.389,1788789611.6,78.65950566666667,16.9411235,True,1
1788790097.591,1788789611.8,78.65950566666667,16.941122833333335,True,1
1788790097.793,1788789612.0,78.65950566666667,16.941122166666666,True,1
1788790097.991,1788789612.2,78.65950566666667,16.941121333333335,True,1
1788790098.191,1788789612.4,78.65950566666667,16.941120666666666,True,1
1788790098.391,1788789612.6,78.65950566666667,16.94111966666667,True,1
1788790098.592,1788789612.8,78.65950566666667,16.941118833333334,True,1
1788790098.789,1788789613.0,78.65950583333333,16.941117833333333,True,1
1788790098.991,1788789613.2,78.65950566666667,16.94111716666667,True,1
1788790099.19,1788789613.4,78.65950566666667,16.941116333333333,True,1
1788790099.39,1788789613.6,78.65950566666667,16.941115500000002,True,1
1788790099.59,1788789613.8,78.65950566666667,16.941114833333334,True,1
1788790099.803,1788789614.0,78.65950566666667,16.94111416666667,True,1
1788790099.991,1788789614.2,78.65950566666667,16.941112999999998,True,1
1788790100.189,1788789614.4,78.65950566666667,16.941111999999997,True,1
1788790100.392,1788789614.6,78.65950566666667,16.941111,True,1
1788790100.593,1788789614.8,78.65950566666667,16.94111,True,1
1788790100.793,1788789615.0,78.6595055,16.94110883333333,True,1
1788790100.993,1788789615.2,78.6595055,16.941107833333334,True,1
1788790101.191,1788789615.4,78.65950566666667,16.941106833333333,True,1
1788790101.389,1788789615.6,78.6595055,16.94110583333333,True,1
1788790101.586,1788789615.8,78.65950566666667,16.941105333333333,True,1
1788790101.79,1788789616.0,78.65950566666667,16.941104833333334,True,1
1788790101.99,1788789616.2,78.65950566666667,16.941104166666666,True,1
1788790102.189,1788789616.4,78.65950566666667,16.941103333333334,True,1
1788790102.39,1788789616.6,78.65950566666667,16.941102666666666,True,1
1788790102.589,1788789616.8,78.65950566666667,16.941101833333335,True,1
1788790102.79,1788789617.0,78.65950583333333,16.941101,True,1
1788790102.988,1788789617.2,78.65950583333333,16.94110016666667,True,1
1788790103.19,1788789617.4,78.65950583333333,16.941099166666667,True,1
1788790103.392,1788789617.6,78.65950583333333,16.9410985,True,1
1788790103.591,1788789617.8,78.659506,16.941097833333334,True,1
1788790103.792,1788789618.0,78.659506,16.94109716666667,True,1
1788790103.992,1788789618.2,78.659506,16.941096666666667,True,1
1788790104.189,1788789618.4,78.659506,16.941096,True,1
1788790104.389,1788789618.6,78.659506,16.941095333333333,True,1
1788790104.59,1788789618.8,78.659506,16.941094666666668,True,1
1788790104.793,1788789619.0,78.659506,16.941094,True,1
1788790104.99,1788789619.2,78.659506,16.94109316666667,True,1
1788790105.188,1788789619.4,78.659506,16.941092333333334,True,1
1788790105.392,1788789619.6,78.659506,16.941091500000002,True,1
1788790105.587,1788789619.8,78.659506,16.941090499999998,True,1
1788790105.787,1788789620.0,78.659506,16.941089833333333,True,1
1788790105.989,1788789620.2,78.659506,16.941088999999998,True,1
1788790106.19,1788789620.4,78.659506,16.9410885,True,1
1788790106.389,1788789620.6,78.659506,16.94108783333333,True,1
1788790106.591,1788789620.8,78.659506,16.941087333333332,True,1
1788790106.797,1788789621.0,78.659506,16.941086833333333,True,1
1788790106.991,1788789621.2,78.659506,16.941086166666665,True,1
1788790107.189,1788789621.4,78.659506,16.9410855,True,1
1788790107.391,1788789621.6,78.659506,16.9410845,True,1
1788790107.592,1788789621.8,78.659506,16.941083666666668,True,1
1788790107.791,1788789622.0,78.659506,16.941082833333333,True,1
1788790107.99,1788789622.2,78.659506,16.941081999999998,True,1
1788790108.19,1788789622.4,78.659506,16.941081333333333,True,1
1788790108.388,1788789622.6,78.659506,16.941080666666668,True,1
1788790108.589,1788789622.8,78.659506,16.94108,True,1
1788790108.791,1788789623.0,78.659506,16.9410795,True,1
1788790108.992,1788789623.2,78.659506,16.941078833333332,True,1
1788790109.19,1788789623.4,78.659506,16.941078166666667,True,1
1788790109.391,1788789623.6,78.659506,16.941077333333332,True,1
1788790109.591,1788789623.8,78.659506,16.94107616666667,True,1
1788790109.791,1788789624.0,78.659506,16.941075,True,1
1788790109.991,1788789624.2,78.659506,16.941073833333334,True,1
1788790110.191,1788789624.4,78.659506,16.941072666666667,True,1
1788790110.39,1788789624.6,78.659506,16.941071833333336,True,1
1788790110.59,1788789624.8,78.659506,16.941071,True,1
1788790110.791,1788789625.0,78.659506,16.94107016666667,True,1
1788790110.991,1788789625.2,78.65950616666667,16.941069333333335,True,1
1788790111.189,1788789625.4,78.65950616666667,16.94106866666667,True,1
1788790111.389,1788789625.6,78.65950616666667,16.941067999999998,True,1
1788790111.589,1788789625.8,78.65950616666667,16.941067166666667,True,1
1788790111.79,1788789626.0,78.65950616666667,16.941066333333332,True,1
1788790111.989,1788789626.2,78.65950616666667,16.94106533333333,True,1
1788790112.204,1788789626.4,78.65950633333334,16.9410645,True,1
1788790112.39,1788789626.6,78.65950633333334,16.9410635,True,1
1788790112.585,1788789626.8,78.65950649999999,16.941062666666667,True,1
1788790112.788,1788789627.0,78.65950649999999,16.941062,True,1
1788790112.994,1788789627.2,78.65950649999999,16.941061166666668,True,1
1788790113.187,1788789627.4,78.65950649999999,16.941060333333333,True,1
1788790113.389,1788789627.6,78.65950666666666,16.941059833333334,True,1
1788790113.589,1788789627.8,78.65950666666666,16.941059166666665,True,1
1788790113.79,1788789628.0,78.65950666666666,16.941058333333334,True,1
1788790113.99,1788789628.2,78.65950666666666,16.941057666666666,True,1
1788790114.19,1788789628.4,78.65950683333334,16.941056666666668,True,1
1788790114.391,1788789628.6,78.65950683333334,16.941055666666667,True,1
1788790114.593,1788789628.8,78.65950683333334,16.941054833333332,True,1
1788790114.793,1788789629.0,78.65950683333334,16.941053833333335,True,1
1788790114.988,1788789629.2,78.659507,16.941053,True,1
1788790115.19,1788789629.4,78.65950683333334,16.94105216666667,True,1
1788790115.388,1788789629.6,78.65950683333334,16.9410515,True,1
1788790115.59,1788789629.8,78.65950683333334,16.94105066666667,True,1
1788790115.789,1788789630.0,78.65950683333334,16.94105,True,1
1788790115.989,1788789630.2,78.65950683333334,16.941049333333336,True,1
1788790116.188,1788789630.4,78.65950683333334,16.941048666666667,True,1
1788790116.389,1788789630.6,78.65950683333334,16.94104766666667,True,1
1788790116.59,1788789630.8,78.65950683333334,16.941046833333335,True,1
1788790116.789,1788789631.0,78.65950683333334,16.94104616666667,True,1
1788790116.992,1788789631.2,78.65950683333334,16.94104533333333,True,1
1788790117.19,1788789631.4,78.65950683333334,16.94104433333333,True,1
1788790117.39,1788789631.6,78.65950683333334,16.9410435,True,1
1788790117.591,1788789631.8,78.65950683333334,16.941042666666664,True,1
1788790117.791,1788789632.0,78.65950683333334,16.941042,True,1
1788790117.991,1788789632.2,78.65950683333334,16.941041166666665,True,1
1788790118.189,1788789632.4,78.65950666666666,16.9410405,True,1
1788790118.39,1788789632.6,78.65950666666666,16.941039666666665,True,1
1788790118.589,1788789632.8,78.65950666666666,16.941038833333334,True,1
1788790118.79,1788789633.0,78.65950666666666,16.941038,True,1
1788790118.991,1788789633.2,78.65950666666666,16.941036999999998,True,1
1788790119.19,1788789633.4,78.65950666666666,16.941036,True,1
1788790119.388,1788789633.6,78.65950666666666,16.941035166666666,True,1
1788790119.586,1788789633.8,78.65950666666666,16.941034166666668,True,1
1788790119.792,1788789634.0,78.65950666666666,16.941033333333333,True,1
1788790119.994,1788789634.2,78.65950666666666,16.9410325,True,1
1788790120.191,1788789634.4,78.65950666666666,16.941031666666667,True,1
1788790120.39,1788789634.6,78.65950666666666,16.941030833333333,True,1
1788790120.59,1788789634.8,78.65950649999999,16.941029833333335,True,1
1788790120.791,1788789635.0,78.65950649999999,16.941028833333334,True,1
1788790120.995,1788789635.2,78.65950649999999,16.941027666666667,True,1
1788790121.19,1788789635.4,78.65950649999999,16.94102666666667,True,1
1788790121.392,1788789635.6,78.65950649999999,16.941025500000002,True,1
1788790121.588,1788789635.8,78.65950649999999,16.941024333333335,True,1
1788790121.789,1788789636.0,78.65950649999999,16.94102333333333,True,1
1788790121.99,1788789636.2,78.65950649999999,16.941022333333333,True,1
1788790122.188,1788789636.4,78.65950649999999,16.941021499999998,True,1
1788790122.39,1788789636.6,78.65950633333334,16.941020666666667,True,1
1788790122.591,1788789636.8,78.65950633333334,16.941019833333332,True,1
1788790122.79,1788789637.0,78.65950633333334,16.941018999999997,True,1
1788790122.993,1788789637.2,78.65950633333334,16.941018,True,1
1788790123.188,1788789637.4,78.65950616666667,16.941017,True,1
1788790123.391,1788789637.6,78.65950616666667,16.94101583333333,True,1
1788790123.59,1788789637.8,78.65950616666667,16.941014666666668,True,1
1788790123.789,1788789638.0,78.659506,16.941013666666667,True,1
1788790123.989,1788789638.2,78.659506,16.941012666666666,True,1
1788790124.189,1788789638.4,78.659506,16.941011500000002,True,1
1788790124.389,1788789638.6,78.65950583333333,16.9410105,True,1
1788790124.589,1788789638.8,78.65950583333333,16.941009333333334,True,1
1788790124.79,1788789639.0,78.65950566666667,16.941008500000002,True,1
1788790124.987,1788789639.2,78.6595055,16.9410075,True,1
1788790125.189,1788789639.4,78.6595055,16.9410065,True,1
1788790125.39,1788789639.6,78.65950533333333,16.941005333333333,True,1
1788790125.59,1788789639.8,78.65950533333333,16.94100416666667,True,1
1788790125.791,1788789640.0,78.65950533333333,16.941003000000002,True,1
1788790125.992,1788789640.2,78.65950516666666,16.941001833333335,True,1
1788790126.19,1788789640.4,78.65950516666666,16.941001000000004,True,1
1788790126.387,1788789640.6,78.65950516666666,16.940999833333333,True,1
1788790126.589,1788789640.8,78.65950500000001,16.94099883333333,True,1
1788790126.79,1788789641.0,78.65950500000001,16.940998,True,1
1788790126.989,1788789641.2,78.65950483333333,16.940997,True,1
1788790127.189,1788789641.4,78.65950483333333,16.940996166666665,True,1
1788790127.391,1788789641.6,78.65950483333333,16.940995333333333,True,1
1788790127.589,1788789641.8,78.65950466666666,16.9409945,True,1
1788790127.802,1788789642.0,78.65950466666666,16.9409935,True,1
1788790127.992,1788789642.2,78.65950466666666,16.940992666666666,True,1
1788790128.19,1788789642.4,78.65950466666666,16.940991666666665,True,1
1788790128.39,1788789642.6,78.6595045,16.940990666666668,True,1
1788790128.59,1788789642.8,78.6595045,16.940989666666667,True,1
1788790128.79,1788789643.0,78.6595045,16.940989000000002,True,1
1788790128.991,1788789643.2,78.6595045,16.940988166666667,True,1
1788790129.188,1788789643.4,78.65950433333335,16.940987333333332,True,1
1788790129.392,1788789643.6,78.65950433333335,16.940986666666667,True,1
1788790129.591,1788789643.8,78.65950433333335,16.940986000000002,True,1
1788790129.79,1788789644.0,78.65950433333335,16.940985166666668,True,1
1788790129.989,1788789644.2,78.65950416666666,16.940984333333333,True,1
1788790130.189,1788789644.4,78.65950416666666,16.940983666666668,True,1
1788790130.39,1788789644.6,78.65950416666666,16.940982833333333,True,1
1788790130.589,1788789644.8,78.659504,16.940982333333334,True,1
1788790130.79,1788789645.0,78.659504,16.940981333333333,True,1
1788790130.991,1788789645.2,78.659504,16.94098066666667,True,1
1788790131.189,1788789645.4,78.659504,16.940980000000003,True,1
1788790131.39,1788789645.6,78.65950383333333,16.940979333333335,True,1
1788790131.59,1788789645.8,78.65950383333333,16.940978500000003,True,1
1788790131.791,1788789646.0,78.65950366666667,16.94097783333333,True,1
1788790131.991,1788789646.2,78.65950366666667,16.940977166666666,True,1
1788790132.189,1788789646.4,78.65950366666667,16.94097633333333,True,1
1788790132.388,1788789646.6,78.6595035,16.9409755,True,1
1788790132.591,1788789646.8,78.6595035,16.940974833333332,True,1
1788790132.791,1788789647.0,78.6595035,16.94097383333333,True,1
1788790132.99,1788789647.2,78.65950333333333,16.940972833333333,True,1
1788790133.191,1788789647.4,78.65950333333333,16.940972,True,1
1788790133.39,1788789647.6,78.65950316666667,16.940971166666667,True,1
1788790133.588,1788789647.8,78.65950316666667,16.940970166666666,True,1
1788790133.791,1788789648.0,78.659503,16.94096933333333,True,1
1788790133.991,1788789648.2,78.659503,16.9409685,True,1
1788790134.189,1788789648.4,78.659503,16.9409675,True,1
1788790134.391,1788789648.6,78.65950283333333,16.940966666666668,True,1
1788790134.59,1788789648.8,78.65950283333333,16.940965833333333,True,1
1788790134.79,1788789649.0,78.65950266666667,16.940964833333332,True,1
1788790134.997,1788789649.2,78.65950266666667,16.940963833333335,True,1
1788790135.189,1788789649.4,78.65950266666667,16.940962833333334,True,1
1788790135.392,1788789649.6,78.65950266666667,16.940962000000003,True,1
1788790135.592,1788789649.8,78.65950249999999,16.940961,True,1
1788790135.79,1788789650.0,78.65950249999999,16.94096,True,1
1788790135.99,1788789650.2,78.65950249999999,16.940959000000003,True,1
1788790136.19,1788789650.4,78.65950249999999,16.940958000000002,True,1
1788790136.392,1788789650.6,78.65950249999999,16.940957,True,1
1788790136.591,1788789650.8,78.65950249999999,16.940956333333336,True,1
1788790136.791,1788789651.0,78.65950233333334,16.940955666666664,True,1
1788790136.989,1788789651.2,78.65950233333334,16.940955499999998,True,1
1788790137.189,1788789651.4,78.659502,16.940955499999998,True,1
1788790137.389,1788789651.6,78.65950183333332,16.940955666666664,True,1
1788790137.591,1788789651.8,78.6595015,16.94095616666667,True,1
1788790137.79,1788789652.0,78.65950133333334,16.940957333333333,True,1
1788790137.99,1788789652.2,78.65950133333334,16.940959333333335,True,1
1788790138.188,1788789652.4,78.65950116666666,16.940960833333335,True,1
1788790138.389,1788789652.6,78.65950116666666,16.940962666666668,True,1
1788790138.591,1788789652.8,78.659501,16.94096366666667,True,1
1788790138.791,1788789653.0,78.65950083333334,16.9409645,True,1
1788790138.991,1788789653.2,78.65950083333334,16.9409655,True,1
1788790139.19,1788789653.4,78.659501,16.940966166666666,True,1
1788790139.393,1788789653.6,78.659501,16.940966833333334,True,1
1788790139.592,1788789653.8,78.659501,16.9409675,True,1
1788790139.792,1788789654.0,78.659501,16.940968166666668,True,1
1788790139.99,1788789654.2,78.65950116666666,16.940969,True,1
1788790140.187,1788789654.4,78.65950116666666,16.940969666666668,True,1
1788790140.39,1788789654.6,78.659501,16.94097,True,1
1788790140.59,1788789654.8,78.659501,16.94097,True,1
1788790140.79,1788789655.0,78.659501,16.940969833333334,True,1
1788790140.99,1788789655.2,78.65950083333334,16.94096933333333,True,1
1788790141.188,1788789655.4,78.65950066666666,16.9409685,True,1
1788790141.388,1788789655.6,78.65950033333334,16.940967333333333,True,1
1788790141.586,1788789655.8,78.65950016666667,16.940965833333333,True,1
1788790141.79,1788789656.0,78.65949983333333,16.940964333333334,True,1
1788790141.989,1788789656.2,78.6594995,16.940962666666668,True,1
1788790142.189,1788789656.4,78.65949933333333,16.940960500000003,True,1
1788790142.388,1788789656.6,78.65949900000001,16.940958333333334,True,1
1788790142.591,1788789656.8,78.65949866666666,16.94095616666667,True,1
1788790142.794,1788789657.0,78.6594985,16.94095383333333,True,1
1788790142.99,1788789657.2,78.65949833333335,16.940951666666667,True,1
1788790143.19,1788789657.4,78.65949833333335,16.940949,True,1
1788790143.393,1788789657.6,78.65949833333335,16.940946666666665,True,1
1788790143.587,1788789657.8,78.65949833333335,16.9409445,True,1
1788790143.79,1788789658.0,78.65949833333335,16.940942333333332,True,1
1788790143.99,1788789658.2,78.65949833333335,16.94094,True,1
1788790144.189,1788789658.4,78.65949833333335,16.940937833333333,True,1
1788790144.387,1788789658.6,78.65949833333335,16.940935666666668,True,1
1788790144.59,1788789658.8,78.65949816666667,16.94093333333333,True,1
1788790144.789,1788789659.0,78.65949816666667,16.940931166666665,True,1
1788790144.99,1788789659.2,78.65949816666667,16.94092883333333,True,1
1788790145.192,1788789659.4,78.659498,16.9409265,True,1
1788790145.392,1788789659.6,78.65949783333333,16.940924166666665,True,1
1788790145.593,1788789659.8,78.65949766666667,16.940921833333334,True,1
1788790145.79,1788789660.0,78.65949733333333,16.940919833333332,True,1
1788790145.997,1788789660.2,78.65949716666667,16.9409175,True,1
1788790146.189,1788789660.4,78.659497,16.940915333333333,True,1
1788790146.388,1788789660.6,78.65949683333334,16.940913166666668,True,1
1788790146.589,1788789660.8,78.65949666666667,16.94091116666667,True,1
1788790146.789,1788789661.0,78.65949633333334,16.940908999999998,True,1
1788790146.988,1788789661.2,78.65949616666667,16.940907,True,1
1788790147.188,1788789661.4,78.659496,16.94090483333333,True,1
1788790147.39,1788789661.6,78.65949583333332,16.940902666666666,True,1
1788790147.589,1788789661.8,78.65949566666667,16.9409005,True,1
1788790147.789,1788789662.0,78.65949566666667,16.940898333333333,True,1
1788790147.988,1788789662.2,78.6594955,16.94089616666667,True,1
1788790148.188,1788789662.4,78.6594955,16.940894166666666,True,1
1788790148.388,1788789662.6,78.65949533333334,16.940892166666668,True,1
1788790148.591,1788789662.8,78.65949533333334,16.940890333333336,True,1
1788790148.79,1788789663.0,78.65949516666666,16.94088833333333,True,1
1788790148.989,1788789663.2,78.659495,16.940886499999998,True,1
1788790149.188,1788789663.4,78.659495,16.9408845,True,1
1788790149.388,1788789663.6,78.659495,16.9408825,True,1
1788790149.588,1788789663.8,78.659495,16.940880333333332,True,1
1788790149.786,1788789664.0,78.659495,16.940878333333334,True,1
1788790149.99,1788789664.2,78.65949483333334,16.940876333333332,True,1
1788790150.189,1788789664.4,78.65949483333334,16.9408745,True,1
1788790150.389,1788789664.6,78.65949483333334,16.940872666666667,True,1
1788790150.589,1788789664.8,78.65949483333334,16.940871,True,1
1788790150.79,1788789665.0,78.65949466666666,16.9408695,True,1
1788790150.991,1788789665.2,78.65949466666666,16.940867833333336,True,1
1788790151.187,1788789665.4,78.6594945,16.940866333333336,True,1
1788790151.389,1788789665.6,78.6594945,16.940864833333332,True,1
1788790151.588,1788789665.8,78.65949433333334,16.940863166666666,True,1
1788790151.79,1788789666.0,78.65949416666668,16.940861833333333,True,1
1788790151.987,1788789666.2,78.65949416666668,16.940860333333333,True,1
1788790152.187,1788789666.4,78.659494,16.940858833333333,True,1
1788790152.387,1788789666.6,78.659494,16.940857833333332,True,1
1788790152.585,1788789666.8,78.65949383333333,16.940856666666665,True,1
1788790152.788,1788789667.0,78.65949383333333,16.9408555,True,1
1788790152.989,1788789667.2,78.65949366666668,16.940854333333334,True,1
1788790153.188,1788789667.4,78.6594935,16.940853166666667,True,1
1788790153.387,1788789667.6,78.6594935,16.940852,True,1
1788790153.587,1788789667.8,78.65949333333333,16.9408505,True,1
1788790153.789,1788789668.0,78.65949316666666,16.940849,True,1
1788790153.986,1788789668.2,78.65949316666666,16.940847666666667,True,1
1788790154.189,1788789668.4,78.65949300000001,16.940846,True,1
1788790154.389,1788789668.6,78.65949300000001,16.9408445,True,1
1788790154.588,1788789668.8,78.65949283333333,16.940843166666664,True,1
1788790154.789,1788789669.0,78.65949283333333,16.940842,True,1
1788790154.989,1788789669.2,78.65949266666667,16.9408405,True,1
1788790155.191,1788789669.4,78.6594925,16.940839166666667,True,1
1788790155.389,1788789669.6,78.6594925,16.940837833333333,True,1
1788790155.587,1788789669.8,78.65949233333335,16.940836666666666,True,1
1788790155.788,1788789670.0,78.65949216666667,16.940835166666666,True,1
1788790155.989,1788789670.2,78.65949216666667,16.9408335,True,1
1788790156.19,1788789670.4,78.659492,16.940832166666667,True,1
1788790156.387,1788789670.6,78.659492,16.940830833333333,True,1
1788790156.589,1788789670.8,78.659492,16.9408295,True,1
1788790156.789,1788789671.0,78.65949183333333,16.940828166666666,True,1
1788790156.989,1788789671.2,78.65949166666665,16.940826833333333,True,1
1788790157.19,1788789671.4,78.65949166666665,16.940826,True,1
1788790157.39,1788789671.6,78.6594915,16.940824833333334,True,1
1788790157.59,1788789671.8,78.65949133333334,16.940823666666667,True,1
1788790157.792,1788789672.0,78.65949133333334,16.940822333333333,True,1
1788790157.991,1788789672.2,78.65949116666667,16.940821000000003,True,1
1788790158.189,1788789672.4,78.65949099999999,16.9408195,True,1
1788790158.392,1788789672.6,78.65949099999999,16.940818,True,1
1788790158.59,1788789672.8,78.65949083333334,16.940816666666667,True,1
1788790158.79,1788789673.0,78.65949083333334,16.940815333333333,True,1
1788790158.992,1788789673.2,78.65949083333334,16.940814,True,1
1788790159.19,1788789673.4,78.65949066666667,16.940813,True,1
1788790159.39,1788789673.6,78.65949066666667,16.94081183333333,True,1
1788790159.589,1788789673.8,78.65949049999999,16.9408105,True,1
1788790159.79,1788789674.0,78.65949049999999,16.940809666666667,True,1
1788790159.991,1788789674.2,78.65949049999999,16.940808166666667,True,1
1788790160.19,1788789674.4,78.65949049999999,16.940806833333333,True,1
1788790160.39,1788789674.6,78.65949049999999,16.9408055,True,1
1788790160.591,1788789674.8,78.65949033333332,16.940804166666666,True,1
1788790160.791,1788789675.0,78.65949033333332,16.940803000000002,True,1
1788790160.988,1788789675.2,78.65949033333332,16.940801833333335,True,1
1788790161.188,1788789675.4,78.65949033333332,16.940800833333334,True,1
1788790161.39,1788789675.6,78.65949016666667,16.940799833333333,True,1
1788790161.589,1788789675.8,78.65949016666667,16.940799166666668,True,1
1788790161.791,1788789676.0,78.65949,16.940797999999997,True,1
1788790161.988,1788789676.2,78.65949,16.940797166666666,True,1
1788790162.188,1788789676.4,78.65949,16.940796166666665,True,1
1788790162.39,1788789676.6,78.65949,16.94079483333333,True,1
1788790162.589,1788789676.8,78.65949,16.940793666666664,True,1
1788790162.786,1788789677.0,78.65948983333332,16.9407925,True,1
1788790162.99,1788789677.2,78.65948983333332,16.9407915,True,1
1788790163.189,1788789677.4,78.65948983333332,16.940790666666665,True,1
1788790163.389,1788789677.6,78.65948983333332,16.940789833333334,True,1
1788790163.588,1788789677.8,78.65948966666666,16.940789,True,1
1788790163.789,1788789678.0,78.65948966666666,16.940788166666668,True,1
1788790163.987,1788789678.2,78.65948966666666,16.9407875,True,1
1788790164.192,1788789678.4,78.6594895,16.9407865,True,1
1788790164.387,1788789678.6,78.6594895,16.940785666666667,True,1
1788790164.586,1788789678.8,78.6594895,16.9407845,True,1
1788790164.788,1788789679.0,78.6594895,16.940783500000002,True,1
1788790164.987,1788789679.2,78.6594895,16.940782333333335,True,1
1788790165.188,1788789679.4,78.6594895,16.940781166666667,True,1
1788790165.39,1788789679.6,78.65948933333334,16.940780333333333,True,1
1788790165.587,1788789679.8,78.65948933333334,16.940779666666668,True,1
1788790165.788,1788789680.0,78.65948916666666,16.940778833333333,True,1
1788790165.989,1788789680.2,78.65948916666666,16.94077766666667,True,1
1788790166.188,1788789680.4,78.65948916666666,16.940776833333334,True,1
1788790166.387,1788789680.6,78.65948916666666,16.940775499999997,True,1
1788790166.588,1788789680.8,78.659489,16.94077433333333,True,1
1788790166.787,1788789681.0,78.659489,16.940773166666666,True,1
1788790166.987,1788789681.2,78.659489,16.940771833333333,True,1
1788790167.188,1788789681.4,78.659489,16.940770666666666,True,1
1788790167.39,1788789681.6,78.65948883333334,16.940769666666665,True,1
1788790167.59,1788789681.8,78.65948883333334,16.940768833333333,True,1
1788790167.789,1788789682.0,78.65948866666666,16.940767833333332,True,1
1788790167.987,1788789682.2,78.65948866666666,16.940767,True,1
1788790168.189,1788789682.4,78.6594885,16.940765833333334,True,1
1788790168.387,1788789682.6,78.6594885,16.940764833333333,True,1
1788790168.587,1788789682.8,78.6594885,16.94076383333333,True,1
1788790168.79,1788789683.0,78.65948833333333,16.940762666666668,True,1
1788790168.989,1788789683.2,78.65948833333333,16.940761333333334,True,1
1788790169.186,1788789683.4,78.65948833333333,16.940760166666667,True,1
1788790169.389,1788789683.6,78.65948816666668,16.940758666666667,True,1
1788790169.589,1788789683.8,78.65948816666668,16.940757333333334,True,1
1788790169.788,1788789684.0,78.65948816666668,16.940756,True,1
1788790169.989,1788789684.2,78.659488,16.9407545,True,1
1788790170.188,1788789684.4,78.659488,16.940752999999997,True,1
1788790170.39,1788789684.6,78.659488,16.94075133333333,True,1
1788790170.587,1788789684.8,78.659488,16.9407495,True,1
1788790170.788,1788789685.0,78.659488,16.9407475,True,1
1788790170.989,1788789685.2,78.659488,16.940745333333332,True,1
1788790171.188,1788789685.4,78.659488,16.940743166666667,True,1
1788790171.388,1788789685.6,78.65948783333333,16.940741,True,1
1788790171.587,1788789685.8,78.65948783333333,16.940738833333334,True,1
1788790171.788,1788789686.0,78.65948783333333,16.940736666666666,True,1
1788790171.987,1788789686.2,78.65948783333333,16.9407345,True,1
1788790172.187,1788789686.4,78.65948766666666,16.940732333333337,True,1
1788790172.387,1788789686.6,78.65948766666666,16.940729833333332,True,1
1788790172.586,1788789686.8,78.65948766666666,16.940727666666664,True,1
1788790172.789,1788789687.0,78.6594875,16.940725166666667,True,1
1788790172.989,1788789687.2,78.6594875,16.940722833333332,True,1
1788790173.188,1788789687.4,78.6594875,16.940720333333335,True,1
1788790173.387,1788789687.6,78.6594875,16.940718,True,1
1788790173.586,1788789687.8,78.6594875,16.9407155,True,1
1788790173.786,1788789688.0,78.65948733333333,16.94071316666667,True,1
1788790173.99,1788789688.2,78.65948733333333,16.940710666666668,True,1
1788790174.188,1788789688.4,78.65948733333333,16.940707999999997,True,1
1788790174.391,1788789688.6,78.65948733333333,16.940705333333334,True,1
1788790174.586,1788789688.8,78.65948716666666,16.9407025,True,1
1788790174.786,1788789689.0,78.65948716666666,16.9406995,True,1
1788790174.989,1788789689.2,78.65948716666666,16.940696333333335,True,1
1788790175.188,1788789689.4,78.65948733333333,16.940693,True,1
1788790175.388,1788789689.6,78.65948733333333,16.940689833333334,True,1
1788790175.587,1788789689.8,78.65948733333333,16.940686833333334,True,1
1788790175.788,1788789690.0,78.65948733333333,16.940683666666665,True,1
1788790175.99,1788789690.2,78.65948716666666,16.940680666666665,True,1
1788790176.188,1788789690.4,78.65948716666666,16.940677666666666,True,1
1788790176.39,1788789690.6,78.65948716666666,16.9406745,True,1
1788790176.588,1788789690.8,78.65948716666666,16.940671333333334,True,1
1788790176.79,1788789691.0,78.65948716666666,16.94066816666667,True,1
1788790176.989,1788789691.2,78.659487,16.940664833333337,True,1
1788790177.19,1788789691.4,78.659487,16.940661499999997,True,1
1788790177.388,1788789691.6,78.659487,16.940658166666665,True,1
1788790177.59,1788789691.8,78.659487,16.940654833333333,True,1
1788790177.789,1788789692.0,78.659487,16.940651166666665,True,1
1788790177.988,1788789692.2,78.659487,16.940648166666666,True,1
1788790178.189,1788789692.4,78.659487,16.940644833333334,True,1
1788790178.39,1788789692.6,78.65948683333333,16.940641333333335,True,1
1788790178.59,1788789692.8,78.65948683333333,16.940638,True,1
1788790178.788,1788789693.0,78.65948683333333,16.940634833333334,True,1
1788790178.988,1788789693.2,78.65948683333333,16.940631333333332,True,1
1788790179.187,1788789693.4,78.65948666666667,16.940627833333334,True,1
1788790179.39,1788789693.6,78.65948666666667,16.940624333333336,True,1
1788790179.587,1788789693.8,78.65948666666667,16.940620833333334,True,1
1788790179.788,1788789694.0,78.65948666666667,16.940617333333332,True,1
1788790179.988,1788789694.2,78.6594865,16.940613833333334,True,1
1788790180.187,1788789694.4,78.6594865,16.940610166666666,True,1
1788790180.389,1788789694.6,78.6594865,16.9406065,True,1
1788790180.589,1788789694.8,78.6594865,16.940602833333333,True,1
1788790180.788,1788789695.0,78.6594865,16.940599000000002,True,1
1788790180.99,1788789695.2,78.6594865,16.94059533333333,True,1
1788790181.188,1788789695.4,78.6594865,16.9405915,True,1
1788790181.387,1788789695.6,78.6594865,16.940587833333332,True,1
1788790181.586,1788789695.8,78.6594865,16.940584333333334,True,1
1788790181.786,1788789696.0,78.65948633333333,16.9405805,True,1
1788790181.986,1788789696.2,78.65948633333333,16.940576833333335,True,1
1788790182.186,1788789696.4,78.65948633333333,16.940572999999997,True,1
1788790182.386,1788789696.6,78.65948616666667,16.940569333333332,True,1
1788790182.588,1788789696.8,78.65948616666667,16.940565499999998,True,1
1788790182.788,1788789697.0,78.65948616666667,16.940561666666667,True,1
1788790182.986,1788789697.2,78.65948616666667,16.940557666666667,True,1
1788790183.187,1788789697.4,78.65948616666667,16.940554000000002,True,1
1788790183.387,1788789697.6,78.65948616666667,16.940550166666664,True,1
1788790183.586,1788789697.8,78.65948616666667,16.9405465,True,1
1788790183.79,1788789698.0,78.659486,16.940542666666666,True,1
1788790183.99,1788789698.2,78.659486,16.940539,True,1
1788790184.188,1788789698.4,78.659486,16.940535,True,1
1788790184.386,1788789698.6,78.659486,16.940531166666666,True,1
1788790184.588,1788789698.8,78.659486,16.940527333333332,True,1
1788790184.787,1788789699.0,78.659486,16.94052333333333,True,1
1788790184.989,1788789699.2,78.659486,16.9405195,True,1
1788790185.187,1788789699.4,78.659486,16.9405155,True,1
1788790185.387,1788789699.6,78.65948583333333,16.940511666666666,True,1
1788790185.588,1788789699.8,78.65948583333333,16.940507833333335,True,1
1788790185.786,1788789700.0,78.65948583333333,16.940503999999997,True,1
1788790185.988,1788789700.2,78.65948583333333,16.9405,True,1
1788790186.189,1788789700.4,78.65948583333333,16.940495833333333,True,1
1788790186.388,1788789700.6,78.65948583333333,16.940492,True,1
1788790186.589,1788789700.8,78.65948583333333,16.94048816666667,True,1
1788790186.789,1788789701.0,78.65948583333333,16.940484333333334,True,1
1788790186.99,1788789701.2,78.65948583333333,16.940480333333333,True,1
1788790187.188,1788789701.4,78.65948566666665,16.9404765,True,1
1788790187.388,1788789701.6,78.65948583333333,16.9404725,True,1
1788790187.59,1788789701.8,78.65948566666665,16.940468666666668,True,1
1788790187.79,1788789702.0,78.65948566666665,16.940464666666667,True,1
1788790187.989,1788789702.2,78.65948566666665,16.940460499999997,True,1
1788790188.189,1788789702.4,78.65948566666665,16.9404565,True,1
1788790188.388,1788789702.6,78.65948566666665,16.940452333333333,True,1
1788790188.587,1788789702.8,78.65948566666665,16.940448166666666,True,1
1788790188.788,1788789703.0,78.6594855,16.94044416666667,True,1
1788790188.989,1788789703.2,78.6594855,16.940440333333335,True,1
1788790189.188,1788789703.4,78.6594855,16.94043633333333,True,1
1788790189.389,1788789703.6,78.6594855,16.940432166666668,True,1
1788790189.587,1788789703.8,78.65948533333334,16.940428166666667,True,1
1788790189.787,1788789704.0,78.65948533333334,16.940424166666666,True,1
1788790189.987,1788789704.2,78.65948533333334,16.94042,True,1
1788790190.187,1788789704.4,78.65948533333334,16.940415833333336,True,1
1788790190.39,1788789704.6,78.65948533333334,16.940411833333332,True,1
1788790190.589,1788789704.8,78.65948533333334,16.940407666666665,True,1
1788790190.789,1788789705.0,78.65948533333334,16.9404035,True,1
1788790190.988,1788789705.2,78.65948533333334,16.9403995,True,1
1788790191.188,1788789705.4,78.65948516666667,16.940395666666667,True,1
1788790191.388,1788789705.6,78.65948516666667,16.940391499999997,True,1
1788790191.59,1788789705.8,78.65948516666667,16.940387333333334,True,1
1788790191.79,1788789706.0,78.65948516666667,16.940383,True,1
1788790191.989,1788789706.2,78.65948516666667,16.940378666666668,True,1
1788790192.189,1788789706.4,78.65948516666667,16.940374333333335,True,1
1788790192.389,1788789706.6,78.65948516666667,16.940369999999998,True,1
1788790192.59,1788789706.8,78.65948516666667,16.940365666666665,True,1
1788790192.79,1788789707.0,78.65948516666667,16.940361499999998,True,1
1788790192.989,1788789707.2,78.65948516666667,16.94035716666667,True,1
1788790193.188,1788789707.4,78.65948516666667,16.940352833333336,True,1
1788790193.389,1788789707.6,78.65948516666667,16.940348500000002,True,1
1788790193.589,1788789707.8,78.65948516666667,16.940343833333333,True,1
1788790193.792,1788789708.0,78.65948516666667,16.9403395,True,1
1788790193.988,1788789708.2,78.65948516666667,16.940334833333335,True,1
1788790194.189,1788789708.4,78.65948516666667,16.9403305,True,1
1788790194.387,1788789708.6,78.65948516666667,16.940326333333335,True,1
1788790194.587,1788789708.8,78.65948516666667,16.940322,True,1
1788790194.789,1788789709.0,78.65948516666667,16.94031783333333,True,1
1788790194.99,1788789709.2,78.65948499999999,16.94031366666667,True,1
1788790195.187,1788789709.4,78.65948499999999,16.94030916666667,True,1
1788790195.385,1788789709.6,78.65948499999999,16.940304833333336,True,1
1788790195.587,1788789709.8,78.65948499999999,16.940300166666667,True,1
1788790195.788,1788789710.0,78.65948499999999,16.940295499999998,True,1
1788790195.988,1788789710.2,78.65948499999999,16.940291,True,1
1788790196.188,1788789710.4,78.65948499999999,16.9402865,True,1
1788790196.39,1788789710.6,78.65948516666667,16.94028216666667,True,1
1788790196.589,1788789710.8,78.65948499999999,16.940277833333333,True,1
1788790196.788,1788789711.0,78.65948499999999,16.9402735,True,1
1788790196.989,1788789711.2,78.65948499999999,16.940269,True,1
1788790197.189,1788789711.4,78.65948499999999,16.9402645,True,1
1788790197.389,1788789711.6,78.65948499999999,16.940260000000002,True,1
1788790197.589,1788789711.8,78.65948499999999,16.940255333333333,True,1
1788790197.788,1788789712.0,78.65948499999999,16.940250666666667,True,1
1788790197.989,1788789712.2,78.65948499999999,16.940246166666668,True,1
1788790198.187,1788789712.4,78.65948499999999,16.940241833333335,True,1
1788790198.392,1788789712.6,78.65948499999999,16.940237333333336,True,1
1788790198.588,1788789712.8,78.65948499999999,16.940232833333333,True,1
1788790198.789,1788789713.0,78.65948499999999,16.940228333333334,True,1
1788790198.988,1788789713.2,78.65948499999999,16.940223833333334,True,1
1788790199.189,1788789713.4,78.65948499999999,16.94021916666667,True,1
1788790199.391,1788789713.6,78.65948499999999,16.940214500000003,True,1
1788790199.587,1788789713.8,78.65948499999999,16.94021,True,1
1788790199.789,1788789714.0,78.65948499999999,16.94020533333333,True,1
1788790199.987,1788789714.2,78.65948499999999,16.940200833333332,True,1
1788790200.186,1788789714.4,78.65948499999999,16.940196333333333,True,1
1788790200.388,1788789714.6,78.65948499999999,16.940191833333333,True,1
1788790200.59,1788789714.8,78.65948499999999,16.94018733333333,True,1
1788790200.788,1788789715.0,78.65948499999999,16.94018283333333,True,1
1788790200.987,1788789715.2,78.65948499999999,16.940178166666666,True,1
1788790201.187,1788789715.4,78.65948499999999,16.940173333333334,True,1
1788790201.388,1788789715.6,78.65948499999999,16.94016866666667,True,1
1788790201.588,1788789715.8,78.65948499999999,16.940163833333333,True,1
1788790201.788,1788789716.0,78.65948499999999,16.940159333333334,True,1
1788790201.987,1788789716.2,78.65948499999999,16.940154833333334,True,1
1788790202.185,1788789716.4,78.65948499999999,16.940150333333335,True,1
1788790202.395,1788789716.6,78.65948483333334,16.94014566666667,True,1
1788790202.59,1788789716.8,78.65948483333334,16.940141166666667,True,1
1788790202.788,1788789717.0,78.65948483333334,16.94013633333333,True,1
1788790202.99,1788789717.2,78.65948483333334,16.9401315,True,1
1788790203.186,1788789717.4,78.65948483333334,16.940126666666668,True,1
1788790203.387,1788789717.6,78.65948483333334,16.940121666666666,True,1
1788790203.588,1788789717.8,78.65948483333334,16.940117,True,1
1788790203.788,1788789718.0,78.65948483333334,16.94011233333333,True,1
1788790203.992,1788789718.2,78.65948483333334,16.940107666666666,True,1
1788790204.188,1788789718.4,78.65948483333334,16.940103166666667,True,1
1788790204.387,1788789718.6,78.65948483333334,16.940098666666664,True,1
1788790204.588,1788789718.8,78.65948466666667,16.940094,True,1
1788790204.788,1788789719.0,78.65948466666667,16.940089333333333,True,1
1788790204.987,1788789719.2,78.65948466666667,16.940084666666667,True,1
1788790205.187,1788789719.4,78.65948466666667,16.940079833333336,True,1
1788790205.39,1788789719.6,78.65948466666667,16.940075,True,1
1788790205.588,1788789719.8,78.65948466666667,16.9400705,True,1
1788790205.791,1788789720.0,78.65948466666667,16.940065666666666,True,1
1788790205.998,1788789720.2,78.65948449999999,16.940061166666666,True,1
1788790206.19,1788789720.4,78.65948449999999,16.940056666666667,True,1
1788790206.389,1788789720.6,78.65948449999999,16.940051999999998,True,1
1788790206.59,1788789720.8,78.65948449999999,16.940047166666666,True,1
1788790206.788,1788789721.0,78.65948449999999,16.940042166666668,True,1
1788790206.99,1788789721.2,78.65948449999999,16.940037166666666,True,1
1788790207.19,1788789721.4,78.65948449999999,16.940032499999997,True,1
1788790207.389,1788789721.6,78.65948449999999,16.940027833333332,True,1
1788790207.589,1788789721.8,78.65948433333332,16.940023166666666,True,1
1788790207.786,1788789722.0,78.65948433333332,16.940018833333333,True,1
1788790207.991,1788789722.2,78.65948433333332,16.940014166666668,True,1
1788790208.192,1788789722.4,78.65948433333332,16.940009333333332,True,1
1788790208.391,1788789722.6,78.65948449999999,16.940004166666665,True,1
1788790208.591,1788789722.8,78.65948449999999,16.939998666666668,True,1
1788790208.79,1788789723.0,78.65948466666667,16.939993,True,1
1788790208.991,1788789723.2,78.65948483333334,16.93998733333333,True,1
1788790209.189,1788789723.4,78.65948499999999,16.93998183333333,True,1
1788790209.39,1788789723.6,78.65948516666667,16.939976333333334,True,1
1788790209.589,1788789723.8,78.6594855,16.939970666666667,True,1
1788790209.788,1788789724.0,78.65948566666665,16.939965500000003,True,1
1788790209.988,1788789724.2,78.659486,16.93996033333333,True,1
1788790210.187,1788789724.4,78.6594865,16.939955333333334,True,1
1788790210.389,1788789724.6,78.65948683333333,16.939950333333336,True,1
1788790210.586,1788789724.8,78.65948716666666,16.9399455,True,1
1788790210.789,1788789725.0,78.6594875,16.939940666666665,True,1
1788790210.989,1788789725.2,78.65948783333333,16.939936166666666,True,1
1788790211.189,1788789725.4,78.65948816666668,16.939931666666666,True,1
1788790211.39,1788789725.6,78.6594885,16.939927333333333,True,1
1788790211.602,1788789725.8,78.65948883333334,16.939922833333334,True,1
1788790211.789,1788789726.0,78.65948916666666,16.939918666666664,True,1
1788790211.986,1788789726.2,78.6594895,16.939914333333334,True,1
1788790212.189,1788789726.4,78.65948983333332,16.939909666666665,True,1
1788790212.39,1788789726.6,78.65949033333332,16.939905166666666,True,1
1788790212.588,1788789726.8,78.65949066666667,16.939900666666666,True,1
1788790212.788,1788789727.0,78.65949116666667,16.9398965,True,1
1788790212.989,1788789727.2,78.6594915,16.939892166666667,True,1
1788790213.189,1788789727.4,78.65949183333333,16.939888166666666,True,1
1788790213.388,1788789727.6,78.65949216666667,16.939884166666666,True,1
1788790213.589,1788789727.8,78.65949266666667,16.939880000000002,True,1
1788790213.79,1788789728.0,78.65949316666666,16.93987566666667,True,1
1788790213.993,1788789728.2,78.65949366666668,16.939871333333333,True,1
1788790214.191,1788789728.4,78.65949416666668,16.939867,True,1
1788790214.39,1788789728.6,78.65949483333334,16.9398625,True,1
1788790214.59,1788789728.8,78.65949533333334,16.939858166666667,True,1
1788790214.788,1788789729.0,78.65949583333332,16.939854166666667,True,1
1788790214.99,1788789729.2,78.65949633333334,16.93985,True,1
1788790215.189,1788789729.4,78.65949683333334,16.939845666666667,True,1
1788790215.389,1788789729.6,78.65949733333333,16.9398415,True,1
1788790215.588,1788789729.8,78.65949783333333,16.939837,True,1
1788790215.79,1788789730.0,78.65949833333335,16.9398325,True,1
1788790215.987,1788789730.2,78.65949883333333,16.939827833333332,True,1
1788790216.188,1788789730.4,78.65949933333333,16.9398235,True,1
1788790216.391,1788789730.6,78.65949983333333,16.939819,True,1
1788790216.59,1788789730.8,78.65950033333334,16.9398145,True,1
1788790216.79,1788789731.0,78.65950083333334,16.939810166666668,True,1
1788790216.99,1788789731.2,78.65950133333334,16.939805666666665,True,1
1788790217.19,1788789731.4,78.65950183333332,16.939801166666665,True,1
1788790217.39,1788789731.6,78.65950249999999,16.9397965,True,1
1788790217.59,1788789731.8,78.659503,16.939791833333334,True,1
1788790217.79,1788789732.0,78.6595035,16.93978716666667,True,1
1788790217.989,1788789732.2,78.659504,16.9397825,True,1
1788790218.187,1788789732.4,78.6595045,16.939778,True,1
1788790218.389,1788789732.6,78.65950516666666,16.9397735,True,1
1788790218.587,1788789732.8,78.65950566666667,16.939769000000002,True,1
1788790218.786,1788789733.0,78.65950616666667,16.939764500000003,True,1
1788790218.99,1788789733.2,78.65950666666666,16.93976,True,1
1788790219.204,1788789733.4,78.65950716666666,16.939755166666664,True,1
1788790219.387,1788789733.6,78.65950766666667,16.939750666666665,True,1
1788790219.589,1788789733.8,78.65950833333333,16.939745833333333,True,1
1788790219.789,1788789734.0,78.65950883333333,16.939741166666668,True,1
1788790219.995,1788789734.2,78.65950933333333,16.939736666666665,True,1
1788790220.189,1788789734.4,78.65951,16.939732166666666,True,1
1788790220.388,1788789734.6,78.6595105,16.939727666666666,True,1
1788790220.59,1788789734.8,78.65951100000001,16.939723333333333,True,1
1788790220.789,1788789735.0,78.6595115,16.939718833333334,True,1
1788790220.99,1788789735.2,78.65951216666667,16.93971433333333,True,1
1788790221.188,1788789735.4,78.65951266666666,16.939709666666666,True,1
1788790221.389,1788789735.6,78.65951333333334,16.939705166666666,True,1
1788790221.585,1788789735.8,78.65951383333332,16.9397005,True,1
1788790221.79,1788789736.0,78.65951449999999,16.939696,True,1
1788790221.995,1788789736.2,78.659515,16.9396915,True,1
1788790222.19,1788789736.4,78.6595155,16.939687,True,1
1788790222.389,1788789736.6,78.65951616666666,16.9396825,True,1
1788790222.59,1788789736.8,78.65951666666666,16.939677833333334,True,1
1788790222.79,1788789737.0,78.65951716666667,16.93967316666667,True,1
1788790222.989,1788789737.2,78.65951783333334,16.9396685,True,1
1788790223.19,1788789737.4,78.65951833333334,16.939663833333334,True,1
1788790223.39,1788789737.6,78.65951883333334,16.93965916666667,True,1
1788790223.59,1788789737.8,78.6595195,16.9396545,True,1
1788790223.79,1788789738.0,78.65952,16.93965016666667,True,1
1788790223.992,1788789738.2,78.6595205,16.939645666666667,True,1
1788790224.19,1788789738.4,78.659521,16.939641166666668,True,1
1788790224.387,1788789738.6,78.6595215,16.93963666666667,True,1
1788790224.589,1788789738.8,78.65952216666666,16.939632,True,1
1788790224.79,1788789739.0,78.65952266666666,16.93962733333333,True,1
1788790224.99,1788789739.2,78.65952316666667,16.93962283333333,True,1
1788790225.188,1788789739.4,78.65952366666667,16.939618333333332,True,1
1788790225.389,1788789739.6,78.65952433333334,16.939614,True,1
1788790225.59,1788789739.8,78.65952483333334,16.93960966666667,True,1
1788790225.786,1788789740.0,78.65952533333333,16.939604999999997,True,1
1788790225.988,1788789740.2,78.65952583333333,16.939600499999997,True,1
1788790226.19,1788789740.4,78.65952633333333,16.939595999999998,True,1
1788790226.391,1788789740.6,78.659527,16.9395915,True,1
1788790226.59,1788789740.8,78.6595275,16.939586833333333,True,1
1788790226.79,1788789741.0,78.659528,16.939582166666664,True,1
1788790226.989,1788789741.2,78.65952866666666,16.93957783333333,True,1
1788790227.189,1788789741.4,78.65952916666667,16.939573333333332,True,1
1788790227.391,1788789741.6,78.65952966666667,16.939569,True,1
1788790227.59,1788789741.8,78.65953016666667,16.939564333333333,True,1
1788790227.792,1788789742.0,78.65953066666665,16.93955983333333,True,1
1788790227.991,1788789742.2,78.65953133333333,16.939555166666665,True,1
1788790228.196,1788789742.4,78.65953183333333,16.939550666666666,True,1
1788790228.389,1788789742.6,78.65953233333333,16.939546,True,1
1788790228.588,1788789742.8,78.659533,16.9395415,True,1
1788790228.789,1788789743.0,78.6595335,16.939536999999998,True,1
1788790228.995,1788789743.2,78.659534,16.939532666666665,True,1
1788790229.19,1788789743.4,78.6595345,16.93952833333333,True,1
1788790229.39,1788789743.6,78.659535,16.939523833333332,True,1
1788790229.59,1788789743.8,78.65953566666667,16.939519333333333,True,1
1788790229.788,1788789744.0,78.65953616666667,16.93951483333333,True,1
1788790229.986,1788789744.2,78.65953666666665,16.939510166666665,True,1
1788790230.188,1788789744.4,78.65953716666667,16.939505666666665,True,1
1788790230.389,1788789744.6,78.65953783333333,16.939501166666666,True,1
1788790230.589,1788789744.8,78.65953833333333,16.939496666666667,True,1
1788790230.789,1788789745.0,78.65953883333333,16.93949233333333,True,1
1788790230.99,1788789745.2,78.65953933333334,16.939487666666665,True,1
1788790231.189,1788789745.4,78.65954,16.939483,True,1
1788790231.389,1788789745.6,78.6595405,16.9394785,True,1
1788790231.589,1788789745.8,78.659541,16.939474166666667,True,1
1788790231.788,1788789746.0,78.65954149999999,16.939469666666664,True,1
1788790231.988,1788789746.2,78.65954216666667,16.939465,True,1
1788790232.188,1788789746.4,78.65954266666667,16.9394605,True,1
1788790232.388,1788789746.6,78.65954316666667,16.939455833333334,True,1
1788790232.587,1788789746.8,78.65954366666666,16.9394515,True,1
1788790232.789,1788789747.0,78.65954416666666,16.939446999999998,True,1
1788790232.99,1788789747.2,78.65954466666668,16.9394425,True,1
1788790233.189,1788789747.4,78.65954516666667,16.939438166666665,True,1
1788790233.39,1788789747.6,78.65954583333334,16.9394335,True,1
1788790233.59,1788789747.8,78.65954633333334,16.939429,True,1
1788790233.792,1788789748.0,78.65954683333332,16.93942433333333,True,1
1788790233.99,1788789748.2,78.65954749999999,16.939419833333332,True,1
1788790234.191,1788789748.4,78.659548,16.939415333333333,True,1
1788790234.39,1788789748.6,78.6595485,16.939411,True,1
1788790234.588,1788789748.8,78.659549,16.939406333333334,True,1
1788790234.788,1788789749.0,78.6595495,16.93940183333333,True,1
1788790234.988,1788789749.2,78.65955016666666,16.939397333333332,True,1
1788790235.189,1788789749.4,78.65955066666668,16.939392833333333,True,1
1788790235.387,1788789749.6,78.65955116666667,16.9393885,True,1
1788790235.589,1788789749.8,78.65955166666666,16.939384,True,1
1788790235.79,1788789750.0,78.65955216666666,16.939379666666664,True,1
1788790235.99,1788789750.2,78.65955283333332,16.93937533333333,True,1
1788790236.19,1788789750.4,78.65955333333333,16.93937083333333,True,1
1788790236.389,1788789750.6,78.65955383333333,16.939366333333332,True,1
1788790236.59,1788789750.8,78.65955433333333,16.939361833333333,True,1
1788790236.788,1788789751.0,78.65955483333333,16.93935733333333,True,1
1788790236.989,1788789751.2,78.65955533333334,16.93935283333333,True,1
1788790237.19,1788789751.4,78.65955583333333,16.9393485,True,1
1788790237.389,1788789751.6,78.6595565,16.939344000000002,True,1
1788790237.59,1788789751.8,78.65955699999999,16.939339333333333,True,1
1788790237.79,1788789752.0,78.65955749999999,16.939335000000003,True,1
1788790237.99,1788789752.2,78.659558,16.93933033333333,True,1
1788790238.187,1788789752.4,78.65955866666667,16.939325666666665,True,1
1788790238.391,1788789752.6,78.65955916666667,16.939321333333332,True,1
1788790238.59,1788789752.8,78.65955966666667,16.939316833333333,True,1
1788790238.791,1788789753.0,78.65956016666668,16.939312500000003,True,1
1788790238.991,1788789753.2,78.65956083333334,16.939308333333333,True,1
1788790239.189,1788789753.4,78.65956133333334,16.939304,True,1
1788790239.391,1788789753.6,78.65956183333333,16.939299833333333,True,1
1788790239.586,1788789753.8,78.65956249999999,16.939295833333333,True,1
1788790239.788,1788789754.0,78.65956299999999,16.939291333333333,True,1
1788790239.988,1788789754.2,78.65956366666666,16.939287,True,1
1788790240.188,1788789754.4,78.65956433333334,16.9392825,True,1
1788790240.387,1788789754.6,78.65956483333333,16.939278166666668,True,1
1788790240.588,1788789754.8,78.65956533333333,16.93927366666667,True,1
1788790240.787,1788789755.0,78.65956583333333,16.93926916666667,True,1
1788790240.987,1788789755.2,78.6595665,16.939264833333333,True,1
1788790241.189,1788789755.4,78.659567,16.939260333333333,True,1
1788790241.39,1788789755.6,78.65956750000001,16.939256166666667,True,1
1788790241.588,1788789755.8,78.65956816666667,16.9392515,True,1
1788790241.789,1788789756.0,78.65956866666667,16.939247,True,1
1788790241.989,1788789756.2,78.65956916666667,16.939242333333333,True,1
1788790242.189,1788789756.4,78.65956983333334,16.939238,True,1
1788790242.387,1788789756.6,78.65957033333333,16.939233333333334,True,1
1788790242.587,1788789756.8,78.65957083333333,16.939228833333335,True,1
1788790242.787,1788789757.0,78.65957133333333,16.939224333333335,True,1
1788790242.988,1788789757.2,78.65957183333333,16.939219666666666,True,1
1788790243.189,1788789757.4,78.6595725,16.939215166666667,True,1
1788790243.389,1788789757.6,78.659573,16.939210666666668,True,1
1788790243.587,1788789757.8,78.65957350000001,16.939206333333335,True,1
1788790243.786,1788789758.0,78.65957416666667,16.93920166666667,True,1
1788790243.989,1788789758.2,78.65957466666667,16.939197166666666,True,1
1788790244.191,1788789758.4,78.65957516666667,16.939192666666667,True,1
1788790244.39,1788789758.6,78.65957566666665,16.939188333333334,True,1
1788790244.59,1788789758.8,78.65957616666667,16.93918366666667,True,1
1788790244.787,1788789759.0,78.65957666666667,16.93917916666667,True,1
1788790244.987,1788789759.2,78.65957733333333,16.939174666666666,True,1
1788790245.188,1788789759.4,78.65957783333333,16.939170333333333,True,1
1788790245.388,1788789759.6,78.65957833333333,16.939166,True,1
1788790245.588,1788789759.8,78.65957883333334,16.9391615,True,1
1788790245.789,1788789760.0,78.65957933333334,16.939157,True,1
1788790245.988,1788789760.2,78.65958,16.939152666666665,True,1
1788790246.189,1788789760.4,78.65958049999999,16.939148166666666,True,1
1788790246.393,1788789760.6,78.65958099999999,16.939143833333333,True,1
1788790246.59,1788789760.8,78.6595815,16.939139166666667,True,1
1788790246.79,1788789761.0,78.65958216666667,16.939134666666668,True,1
1788790246.989,1788789761.2,78.65958266666667,16.93913033333333,True,1
1788790247.19,1788789761.4,78.65958316666666,16.939125833333332,True,1
1788790247.396,1788789761.6,78.65958383333333,16.939121166666666,True,1
1788790247.588,1788789761.8,78.65958433333334,16.939116833333333,True,1
1788790247.789,1788789762.0,78.65958483333334,16.939112333333334,True,1
1788790247.989,1788789762.2,78.65958533333334,16.939107999999997,True,1
1788790248.189,1788789762.4,78.65958583333332,16.939103666666664,True,1
1788790248.392,1788789762.6,78.65958633333334,16.939099166666665,True,1
1788790248.588,1788789762.8,78.659587,16.939094833333336,True,1
1788790248.787,1788789763.0,78.6595875,16.939090333333336,True,1
1788790248.987,1788789763.2,78.659588,16.939085833333333,True,1
1788790249.186,1788789763.4,78.6595885,16.9390815,True,1
1788790249.388,1788789763.6,78.65958900000001,16.939076833333335,True,1
1788790249.588,1788789763.8,78.65958966666668,16.939072333333336,True,1
1788790249.79,1788789764.0,78.65959016666667,16.93906816666667,True,1
1788790249.995,1788789764.2,78.65959066666666,16.939063666666666,True,1
1788790250.189,1788789764.4,78.65959133333334,16.939059333333333,True,1
1788790250.39,1788789764.6,78.65959183333332,16.939054833333334,True,1
1788790250.586,1788789764.8,78.65959233333334,16.9390505,True,1
1788790250.788,1788789765.0,78.65959283333333,16.939046166666667,True,1
1788790250.989,1788789765.2,78.65959333333333,16.93904183333333,True,1
1788790251.189,1788789765.4,78.65959383333333,16.93903733333333,True,1
1788790251.389,1788789765.6,78.65959433333335,16.939033,True,1
1788790251.589,1788789765.8,78.65959483333333,16.939028666666665,True,1
1788790251.788,1788789766.0,78.6595955,16.939024166666666,True,1
1788790251.987,1788789766.2,78.659596,16.939019833333337,True,1
1788790252.189,1788789766.4,78.65959649999999,16.939015333333334,True,1
1788790252.388,1788789766.6,78.659597,16.939011,True,1
1788790252.595,1788789766.8,78.65959766666667,16.939006666666668,True,1
1788790252.789,1788789767.0,78.659598,16.93900216666667,True,1
1788790252.988,1788789767.2,78.65959866666667,16.93899766666667,True,1
1788790253.192,1788789767.4,78.65959916666667,16.938993333333332,True,1
1788790253.388,1788789767.6,78.65959966666667,16.938988833333333,True,1
1788790253.591,1788789767.8,78.65960016666666,16.938984166666668,True,1
1788790253.789,1788789768.0,78.65960083333333,16.93897966666667,True,1
1788790253.99,1788789768.2,78.65960133333333,16.938975333333335,True,1
1788790254.199,1788789768.4,78.65960183333333,16.938971,True,1
1788790254.39,1788789768.6,78.65960249999999,16.938966666666666,True,1
1788790254.587,1788789768.8,78.659603,16.938962333333333,True,1
1788790254.786,1788789769.0,78.6596035,16.938958,True,1
1788790254.988,1788789769.2,78.65960416666667,16.9389535,True,1
1788790255.192,1788789769.4,78.65960466666667,16.938949166666664,True,1
1788790255.388,1788789769.6,78.65960516666668,16.938944666666664,True,1
1788790255.588,1788789769.8,78.65960583333334,16.938940333333335,True,1
1788790255.787,1788789770.0,78.65960633333334,16.938935833333336,True,1
1788790255.988,1788789770.2,78.65960683333333,16.938931500000002,True,1
1788790256.188,1788789770.4,78.65960733333333,16.938927,True,1
1788790256.39,1788789770.6,78.65960799999999,16.938922666666667,True,1
1788790256.588,1788789770.8,78.6596085,16.938918333333334,True,1
1788790256.788,1788789771.0,78.659609,16.938913833333334,True,1
1788790256.994,1788789771.2,78.65960966666667,16.9389095,True,1
1788790257.188,1788789771.4,78.65961016666667,16.938905166666665,True,1
1788790257.385,1788789771.6,78.65961066666667,16.938900666666665,True,1
1788790257.586,1788789771.8,78.65961133333333,16.938896333333332,True,1
1788790257.787,1788789772.0,78.65961183333334,16.938892,True,1
1788790257.99,1788789772.2,78.65961233333334,16.93888766666667,True,1
1788790258.187,1788789772.4,78.65961283333333,16.938883166666667,True,1
1788790258.388,1788789772.6,78.65961349999999,16.938878833333334,True,1
1788790258.588,1788789772.8,78.65961399999999,16.938874333333334,True,1
1788790258.787,1788789773.0,78.6596145,16.938869833333335,True,1
1788790258.989,1788789773.2,78.659615,16.938865333333336,True,1
1788790259.188,1788789773.4,78.65961566666667,16.938860833333333,True,1
1788790259.387,1788789773.6,78.65961616666667,16.938856333333334,True,1
1788790259.586,1788789773.8,78.65961683333333,16.938852,True,1
1788790259.788,1788789774.0,78.65961733333333,16.9388475,True,1
1788790259.987,1788789774.2,78.65961783333334,16.93884316666667,True,1
1788790260.184,1788789774.4,78.65961850000001,16.9388385,True,1
1788790260.386,1788789774.6,78.659619,16.938834166666666,True,1
1788790260.588,1788789774.8,78.65961949999999,16.938829833333333,True,1
1788790260.79,1788789775.0,78.65961999999999,16.938825333333334,True,1
1788790260.988,1788789775.2,78.6596205,16.938821,True,1
1788790261.188,1788789775.4,78.65962116666667,16.938816499999998,True,1
1788790261.39,1788789775.6,78.65962166666667,16.938812166666665,True,1
1788790261.587,1788789775.8,78.65962216666667,16.938807666666666,True,1
1788790261.788,1788789776.0,78.65962266666666,16.938803333333333,True,1
1788790261.989,1788789776.2,78.65962333333333,16.938798666666667,True,1
1788790262.189,1788789776.4,78.65962383333334,16.93879433333333,True,1
1788790262.389,1788789776.6,78.65962433333334,16.93878983333333,True,1
1788790262.595,1788789776.8,78.65962483333333,16.938785333333332,True,1
1788790262.789,1788789777.0,78.65962549999999,16.938781,True,1
1788790262.986,1788789777.2,78.65962599999999,16.9387765,True,1
1788790263.187,1788789777.4,78.65962666666665,16.93877216666667,True,1
1788790263.388,1788789777.6,78.65962716666667,16.938767499999997,True,1
1788790263.586,1788789777.8,78.65962766666667,16.938762999999998,True,1
1788790263.788,1788789778.0,78.65962833333333,16.9387585,True,1
1788790263.987,1788789778.2,78.65962883333333,16.93875416666667,True,1
1788790264.188,1788789778.4,78.65962933333334,16.938749499999997,True,1
1788790264.386,1788789778.6,78.65963,16.938744999999997,True,1
1788790264.589,1788789778.8,78.6596305,16.938740666666668,True,1
1788790264.787,1788789779.0,78.659631,16.93873616666667,True,1
1788790264.988,1788789779.2,78.65963166666667,16.938731833333335,True,1
1788790265.188,1788789779.4,78.65963216666667,16.938727500000002,True,1
1788790265.39,1788789779.6,78.65963266666667,16.938723166666666,True,1
1788790265.589,1788789779.8,78.65963316666667,16.938718666666666,True,1
1788790265.786,1788789780.0,78.65963383333333,16.938714333333333,True,1
1788790266.002,1788789780.2,78.65963433333333,16.938709833333334,True,1
1788790266.192,1788789780.4,78.65963483333333,16.938705333333335,True,1
1788790266.392,1788789780.6,78.65963533333334,16.938700833333332,True,1
1788790266.59,1788789780.8,78.659636,16.938696333333333,True,1
1788790266.788,1788789781.0,78.6596365,16.938692,True,1
1788790266.988,1788789781.2,78.65963716666667,16.9386875,True,1
1788790267.187,1788789781.4,78.65963766666667,16.938683,True,1
1788790267.388,1788789781.6,78.65963816666667,16.938678666666664,True,1
1788790267.589,1788789781.8,78.65963866666667,16.93867433333333,True,1
1788790267.788,1788789782.0,78.65963933333335,16.938669666666666,True,1
1788790267.99,1788789782.2,78.65963983333333,16.938665166666667,True,1
1788790268.19,1788789782.4,78.65964033333333,16.938660833333333,True,1
1788790268.391,1788789782.6,78.65964083333333,16.9386565,True,1
1788790268.587,1788789782.8,78.65964133333334,16.938652166666667,True,1
1788790268.791,1788789783.0,78.659642,16.938647833333334,True,1
1788790268.995,1788789783.2,78.6596425,16.938643333333335,True,1
1788790269.191,1788789783.4,78.659643,16.938638833333336,True,1
1788790269.393,1788789783.6,78.65964349999999,16.938634333333333,True,1
1788790269.589,1788789783.8,78.65964416666667,16.93863,True,1
1788790269.79,1788789784.0,78.65964466666667,16.938625333333334,True,1
1788790269.989,1788789784.2,78.65964516666666,16.938620833333335,True,1
1788790270.188,1788789784.4,78.65964566666666,16.938616500000002,True,1
1788790270.39,1788789784.6,78.65964616666666,16.938612,True,1
1788790270.59,1788789784.8,78.65964666666667,16.938607666666666,True,1
1788790270.789,1788789785.0,78.65964733333334,16.938603333333333,True,1
1788790270.99,1788789785.2,78.65964783333334,16.938598833333334,True,1
1788790271.188,1788789785.4,78.65964833333334,16.938594333333334,True,1
1788790271.388,1788789785.6,78.65964883333332,16.938589999999998,True,1
1788790271.59,1788789785.8,78.65964949999999,16.93858583333333,True,1
1788790271.79,1788789786.0,78.65965,16.9385815,True,1
1788790271.99,1788789786.2,78.6596505,16.93857716666667,True,1
1788790272.189,1788789786.4,78.659651,16.938573,True,1
1788790272.39,1788789786.6,78.65965150000001,16.938568666666665,True,1
1788790272.591,1788789786.8,78.65965200000001,16.938564333333332,True,1
1788790272.788,1788789787.0,78.65965249999999,16.93856,True,1
1788790272.988,1788789787.2,78.65965299999999,16.9385555,True,1
1788790273.188,1788789787.4,78.6596535,16.938551,True,1
1788790273.388,1788789787.6,78.659654,16.938546499999998,True,1
1788790273.589,1788789787.8,78.6596545,16.93854233333333,True,1
1788790273.788,1788789788.0,78.659655,16.93853783333333,True,1
1788790273.987,1788789788.2,78.65965533333333,16.938533166666666,True,1
1788790274.189,1788789788.4,78.65965583333333,16.938528666666667,True,1
1788790274.39,1788789788.6,78.65965616666668,16.93852383333333,True,1
1788790274.591,1788789788.8,78.6596565,16.938519,True,1
1788790274.788,1788789789.0,78.659657,16.938514166666668,True,1
1788790274.989,1788789789.2,78.65965733333334,16.938509500000002,True,1
1788790275.188,1788789789.4,78.65965783333333,16.938504833333333,True,1
1788790275.39,1788789789.6,78.65965816666667,16.938500166666664,True,1
1788790275.588,1788789789.8,78.65965866666667,16.938495666666665,True,1
1788790275.789,1788789790.0,78.65965899999999,16.938491166666665,True,1
1788790275.989,1788789790.2,78.6596595,16.9384865,True,1
1788790276.194,1788789790.4,78.65966,16.938481833333334,True,1
1788790276.39,1788789790.6,78.65966033333333,16.938477,True,1
1788790276.587,1788789790.8,78.65966083333333,16.9384725,True,1
1788790276.785,1788789791.0,78.65966133333333,16.938467833333334,True,1
1788790276.989,1788789791.2,78.65966166666666,16.938463333333335,True,1
1788790277.189,1788789791.4,78.65966216666668,16.938459,True,1
1788790277.389,1788789791.6,78.6596625,16.9384545,True,1
1788790277.588,1788789791.8,78.659663,16.938449833333333,True,1
1788790277.788,1788789792.0,78.65966350000001,16.938445166666668,True,1
1788790277.989,1788789792.2,78.659664,16.93844066666667,True,1
1788790278.186,1788789792.4,78.65966433333332,16.938436000000003,True,1
1788790278.388,1788789792.6,78.65966483333334,16.9384315,True,1
1788790278.589,1788789792.8,78.65966533333334,16.938427166666667,True,1
1788790278.789,1788789793.0,78.65966583333334,16.938422833333334,True,1
1788790278.988,1788789793.2,78.65966633333333,16.9384185,True,1
1788790279.189,1788789793.4,78.65966666666667,16.938414,True,1
1788790279.39,1788789793.6,78.65966716666667,16.938409333333333,True,1
1788790279.593,1788789793.8,78.65966766666666,16.938404666666667,True,1
1788790279.79,1788789794.0,78.65966816666668,16.9384,True,1
1788790279.991,1788789794.2,78.65966866666666,16.938395333333336,True,1
1788790280.19,1788789794.4,78.659669,16.938390833333337,True,1
1788790280.39,1788789794.6,78.6596695,16.9383865,True,1
1788790280.589,1788789794.8,78.65967,16.938382166666667,True,1
1788790280.789,1788789795.0,78.65967049999999,16.938377666666668,True,1
1788790280.988,1788789795.2,78.65967099999999,16.938373000000002,True,1
1788790281.188,1788789795.4,78.6596715,16.938368500000003,True,1
1788790281.387,1788789795.6,78.65967183333333,16.938363833333334,True,1
1788790281.587,1788789795.8,78.65967233333335,16.938359,True,1
1788790281.789,1788789796.0,78.65967283333333,16.938354833333335,True,1
1788790281.988,1788789796.2,78.65967333333333,16.938350333333336,True,1
1788790282.188,1788789796.4,78.65967383333333,16.938345833333337,True,1
1788790282.388,1788789796.6,78.65967416666668,16.938341333333334,True,1
1788790282.588,1788789796.8,78.65967466666666,16.938336833333334,True,1
1788790282.789,1788789797.0,78.65967516666666,16.938332166666665,True,1
1788790282.99,1788789797.2,78.65967566666667,16.9383275,True,1
1788790283.19,1788789797.4,78.65967616666667,16.938323,True,1
1788790283.388,1788789797.6,78.65967666666667,16.93831833333333,True,1
1788790283.588,1788789797.8,78.659677,16.938313833333332,True,1
1788790283.788,1788789798.0,78.6596775,16.9383095,True,1
1788790283.989,1788789798.2,78.659678,16.938305166666666,True,1
1788790284.188,1788789798.4,78.6596785,16.9383005,True,1
1788790284.387,1788789798.6,78.65967883333333,16.93829583333333,True,1
1788790284.588,1788789798.8,78.65967933333333,16.938291333333332,True,1
1788790284.787,1788789799.0,78.65967983333333,16.938286666666666,True,1
1788790284.987,1788789799.2,78.65968016666667,16.938282166666667,True,1
1788790285.187,1788789799.4,78.65968066666666,16.938277666666668,True,1
1788790285.388,1788789799.6,78.65968116666666,16.938273499999998,True,1
1788790285.59,1788789799.8,78.65968166666667,16.938269166666664,True,1
1788790285.789,1788789800.0,78.65968216666667,16.938264666666665,True,1
1788790285.991,1788789800.2,78.65968266666667,16.93826,True,1
1788790286.189,1788789800.4,78.65968316666667,16.938255333333334,True,1
1788790286.393,1788789800.6,78.65968366666667,16.938250999999998,True,1
1788790286.591,1788789800.8,78.659684,16.938246666666664,True,1
1788790286.788,1788789801.0,78.6596845,16.938242166666665,True,1
1788790286.989,1788789801.2,78.65968500000001,16.938237833333336,True,1
1788790287.187,1788789801.4,78.6596855,16.938233500000003,True,1
1788790287.388,1788789801.6,78.65968583333333,16.938229,True,1
1788790287.587,1788789801.8,78.65968633333334,16.9382245,True,1
1788790287.786,1788789802.0,78.65968683333334,16.93822,True,1
1788790287.989,1788789802.2,78.65968733333334,16.938215333333336,True,1
1788790288.189,1788789802.4,78.65968783333332,16.938210666666667,True,1
1788790288.389,1788789802.6,78.65968833333334,16.938206166666664,True,1
1788790288.59,1788789802.8,78.65968866666667,16.938201833333334,True,1
1788790288.79,1788789803.0,78.65968916666667,16.938197333333335,True,1
1788790288.991,1788789803.2,78.65968966666667,16.938192833333336,True,1
1788790289.19,1788789803.4,78.65969016666666,16.938188500000003,True,1
1788790289.389,1788789803.6,78.6596905,16.938183833333333,True,1
1788790289.589,1788789803.8,78.65969100000001,16.938179333333334,True,1
1788790289.789,1788789804.0,78.6596915,16.938174666666665,True,1
1788790289.989,1788789804.2,78.65969183333333,16.938170166666666,True,1
1788790290.19,1788789804.4,78.65969233333334,16.9381655,True,1
1788790290.389,1788789804.6,78.65969283333334,16.938160999999997,True,1
1788790290.587,1788789804.8,78.65969333333334,16.938156333333332,True,1
1788790290.79,1788789805.0,78.65969383333332,16.938151833333333,True,1
1788790290.99,1788789805.2,78.65969416666667,16.938147166666667,True,1
1788790291.19,1788789805.4,78.65969466666667,16.9381425,True,1
1788790291.39,1788789805.6,78.65969516666668,16.938138,True,1
1788790291.591,1788789805.8,78.65969566666666,16.9381335,True,1
1788790291.789,1788789806.0,78.65969616666666,16.938128833333334,True,1
1788790291.986,1788789806.2,78.65969650000001,16.938124166666668,True,1
1788790292.187,1788789806.4,78.65969700000001,16.938119833333335,True,1
1788790292.389,1788789806.6,78.6596975,16.938115166666666,True,1
1788790292.588,1788789806.8,78.65969799999999,16.9381105,True,1
1788790292.79,1788789807.0,78.6596985,16.938105833333335,True,1
1788790292.989,1788789807.2,78.659699,16.938101333333336,True,1
1788790293.187,1788789807.4,78.65969933333334,16.938096833333336,True,1
1788790293.386,1788789807.6,78.65969983333333,16.9380925,True,1
1788790293.588,1788789807.8,78.65970033333333,16.938087833333334,True,1
1788790293.788,1788789808.0,78.65970083333333,16.938083333333335,True,1
1788790293.988,1788789808.2,78.65970133333333,16.93807866666667,True,1
1788790294.187,1788789808.4,78.65970183333334,16.93807416666667,True,1
1788790294.388,1788789808.6,78.65970233333334,16.938069666666667,True,1
1788790294.589,1788789808.8,78.65970283333333,16.938065166666668,True,1
1788790294.788,1788789809.0,78.65970333333333,16.9380605,True,1
1788790294.99,1788789809.2,78.65970366666667,16.938056,True,1
1788790295.189,1788789809.4,78.65970416666667,16.93805133333333,True,1
1788790295.39,1788789809.6,78.65970466666666,16.938046666666665,True,1
1788790295.59,1788789809.8,78.65970516666667,16.938042,True,1
1788790295.789,1788789810.0,78.65970566666667,16.938037333333334,True,1
1788790295.99,1788789810.2,78.65970616666667,16.93803266666667,True,1
1788790296.188,1788789810.4,78.6597065,16.938028,True,1
1788790296.388,1788789810.6,78.659707,16.9380235,True,1
1788790296.592,1788789810.8,78.6597075,16.938018833333334,True,1
1788790296.79,1788789811.0,78.659708,16.9380145,True,1
1788790296.989,1788789811.2,78.65970850000001,16.938009833333336,True,1
1788790297.189,1788789811.4,78.659709,16.938005333333333,True,1
1788790297.389,1788789811.6,78.65970949999999,16.938000833333334,True,1
1788790297.588,1788789811.8,78.65970999999999,16.9379965,True,1
1788790297.787,1788789812.0,78.6597105,16.937991833333335,True,1
1788790297.99,1788789812.2,78.659711,16.937987500000002,True,1
1788790298.19,1788789812.4,78.6597115,16.937982833333333,True,1
1788790298.389,1788789812.6,78.659712,16.937978333333334,True,1
1788790298.589,1788789812.8,78.6597125,16.937973666666668,True,1
1788790298.788,1788789813.0,78.659713,16.937969,True,1
1788790298.989,1788789813.2,78.6597135,16.937964333333333,True,1
1788790299.19,1788789813.4,78.65971383333334,16.93795983333333,True,1
1788790299.39,1788789813.6,78.65971433333334,16.93795533333333,True,1
1788790299.587,1788789813.8,78.65971483333333,16.937951166666668,True,1
1788790299.79,1788789814.0,78.65971533333332,16.93794666666667,True,1
1788790299.99,1788789814.2,78.65971583333334,16.937942333333336,True,1
1788790300.188,1788789814.4,78.65971616666667,16.937937833333333,True,1
1788790300.39,1788789814.6,78.65971666666665,16.937933333333334,True,1
1788790300.589,1788789814.8,78.65971716666667,16.937928833333334,True,1
1788790300.795,1788789815.0,78.65971766666667,16.937924333333335,True,1
1788790300.991,1788789815.2,78.65971816666666,16.937919833333336,True,1
1788790301.189,1788789815.4,78.65971866666668,16.937915333333333,True,1
1788790301.39,1788789815.6,78.65971916666668,16.937911,True,1
1788790301.588,1788789815.8,78.65971966666666,16.937906333333334,True,1
1788790301.787,1788789816.0,78.65972016666666,16.937901833333335,True,1
1788790301.988,1788789816.2,78.65972066666667,16.937897333333336,True,1
1788790302.188,1788789816.4,78.659721,16.937892833333333,True,1
1788790302.39,1788789816.6,78.65972149999999,16.9378885,True,1
1788790302.589,1788789816.8,78.659722,16.937883833333334,True,1
1788790302.79,1788789817.0,78.6597225,16.937879333333335,True,1
1788790302.99,1788789817.2,78.65972283333333,16.937874833333336,True,1
1788790303.186,1788789817.4,78.65972333333335,16.937870166666666,True,1
1788790303.387,1788789817.6,78.65972383333333,16.937865666666667,True,1
1788790303.588,1788789817.8,78.65972433333333,16.937861,True,1
1788790303.787,1788789818.0,78.65972483333333,16.937856500000002,True,1
1788790303.987,1788789818.2,78.65972533333334,16.937852000000003,True,1
1788790304.187,1788789818.4,78.65972583333334,16.937847666666666,True,1
1788790304.385,1788789818.6,78.65972633333334,16.937843166666667,True,1
1788790304.588,1788789818.8,78.65972666666667,16.9378385,True,1
1788790304.789,1788789819.0,78.65972716666667,16.937834000000002,True,1
1788790304.991,1788789819.2,78.65972766666667,16.937829333333333,True,1
1788790305.19,1788789819.4,78.65972816666667,16.93782483333333,True,1
1788790305.388,1788789819.6,78.65972866666667,16.93782033333333,True,1
1788790305.589,1788789819.8,78.65972916666666,16.93781583333333,True,1
1788790305.785,1788789820.0,78.65972966666666,16.937811500000002,True,1
1788790305.988,1788789820.2,78.65973000000001,16.937806833333333,True,1
1788790306.19,1788789820.4,78.6597305,16.93780233333333,True,1
1788790306.387,1788789820.6,78.659731,16.93779783333333,True,1
1788790306.591,1788789820.8,78.65973149999999,16.9377935,True,1
1788790306.789,1788789821.0,78.659732,16.937788833333332,True,1
1788790306.987,1788789821.2,78.6597325,16.937784333333333,True,1
1788790307.186,1788789821.4,78.65973283333332,16.937779666666664,True,1
1788790307.388,1788789821.6,78.65973333333334,16.937775166666665,True,1
1788790307.589,1788789821.8,78.65973383333333,16.9377705,True,1
1788790307.787,1788789822.0,78.65973416666667,16.937765833333334,True,1
1788790307.989,1788789822.2,78.65973466666667,16.937761166666668,True,1
1788790308.188,1788789822.4,78.65973516666666,16.937756666666665,True,1
1788790308.389,1788789822.6,78.65973566666666,16.937752166666666,True,1
1788790308.588,1788789822.8,78.65973600000001,16.9377475,True,1
1788790308.787,1788789823.0,78.6597365,16.937742833333335,True,1
1788790308.988,1788789823.2,78.65973699999999,16.93773816666667,True,1
1788790309.188,1788789823.4,78.65973749999999,16.937733666666666,True,1
1788790309.389,1788789823.6,78.65973783333334,16.93772883333333,True,1
1788790309.589,1788789823.8,78.65973833333334,16.937724333333332,True,1
1788790309.788,1788789824.0,78.65973883333332,16.937719833333333,True,1
1788790309.987,1788789824.2,78.65973933333333,16.937715500000003,True,1
1788790310.189,1788789824.4,78.65973983333333,16.937711,True,1
1788790310.389,1788789824.6,78.65974016666668,16.9377065,True,1
1788790310.59,1788789824.8,78.65974066666666,16.937701833333332,True,1
1788790310.789,1788789825.0,78.65974116666666,16.937697333333332,True,1
1788790310.989,1788789825.2,78.65974166666666,16.937692666666667,True,1
1788790311.187,1788789825.4,78.65974200000001,16.93768783333333,True,1
1788790311.388,1788789825.6,78.6597425,16.9376835,True,1
1788790311.588,1788789825.8,78.65974299999999,16.937678833333333,True,1
1788790311.79,1788789826.0,78.6597435,16.937674333333334,True,1
1788790311.99,1788789826.2,78.659744,16.93767,True,1
1788790312.188,1788789826.4,78.65974433333334,16.937665666666664,True,1
1788790312.388,1788789826.6,78.65974483333333,16.937661166666665,True,1
1788790312.59,1788789826.8,78.65974533333333,16.937656666666665,True,1
1788790312.785,1788789827.0,78.65974583333333,16.937652166666666,True,1
1788790312.99,1788789827.2,78.65974633333333,16.937647833333333,True,1
1788790313.189,1788789827.4,78.65974666666666,16.93764333333333,True,1
1788790313.387,1788789827.6,78.65974716666666,16.93763883333333,True,1
1788790313.587,1788789827.8,78.65974766666666,16.9376345,True,1
1788790313.788,1788789828.0,78.65974816666667,16.937629833333336,True,1
1788790313.989,1788789828.2,78.65974866666667,16.937625166666667,True,1
1788790314.188,1788789828.4,78.65974899999999,16.937620833333334,True,1
1788790314.387,1788789828.6,78.6597495,16.937616333333334,True,1
1788790314.587,1788789828.8,78.65975,16.937611166666667,True,1
1788790314.788,1788789829.0,78.6597505,16.937605333333334,True,1
1788790314.988,1788789829.2,78.65975133333333,16.937598666666666,True,1
1788790315.188,1788789829.4,78.65975216666668,16.937591,True,1
1788790315.387,1788789829.6,78.659753,16.937582833333334,True,1
1788790315.587,1788789829.8,78.659754,16.937574166666664,True,1
1788790315.789,1788789830.0,78.65975499999999,16.937565333333335,True,1
1788790315.991,1788789830.2,78.659756,16.937556500000003,True,1
1788790316.188,1788789830.4,78.659757,16.9375475,True,1
1788790316.389,1788789830.6,78.659758,16.937538500000002,True,1
1788790316.59,1788789830.8,78.659759,16.937529166666664,True,1
1788790316.792,1788789831.0,78.65976,16.937519666666667,True,1
1788790316.989,1788789831.2,78.65976099999999,16.93751,True,1
1788790317.187,1788789831.4,78.659762,16.9375005,True,1
1788790317.387,1788789831.6,78.65976300000001,16.937490833333335,True,1
1788790317.587,1788789831.8,78.659764,16.937481166666664,True,1
1788790317.786,1788789832.0,78.65976500000001,16.9374715,True,1
1788790317.987,1788789832.2,78.65976583333332,16.937462,True,1
1788790318.185,1788789832.4,78.65976683333334,16.9374525,True,1
1788790318.386,1788789832.6,78.65976783333333,16.937443,True,1
1788790318.588,1788789832.8,78.65976883333333,16.937433333333335,True,1
1788790318.79,1788789833.0,78.65976966666668,16.937423666666668,True,1
1788790318.989,1788789833.2,78.65977066666666,16.937413833333334,True,1
1788790319.189,1788789833.4,78.65977166666667,16.937403833333335,True,1
1788790319.39,1788789833.6,78.65977266666667,16.937393999999998,True,1
1788790319.585,1788789833.8,78.6597735,16.937384,True,1
1788790319.789,1788789834.0,78.6597745,16.937374166666665,True,1
1788790319.989,1788789834.2,78.6597755,16.93736416666667,True,1
1788790320.188,1788789834.4,78.65977633333334,16.937354333333335,True,1
1788790320.389,1788789834.6,78.65977733333334,16.937344333333332,True,1
1788790320.588,1788789834.8,78.65977833333334,16.937334500000002,True,1
1788790320.788,1788789835.0,78.65977916666667,16.9373245,True,1
1788790320.988,1788789835.2,78.65978016666666,16.93731466666667,True,1
1788790321.19,1788789835.4,78.65978100000001,16.937304666666666,True,1
1788790321.389,1788789835.6,78.65978199999999,16.937294833333333,True,1
1788790321.587,1788789835.8,78.65978283333334,16.937285,True,1
1788790321.789,1788789836.0,78.65978383333332,16.937275166666666,True,1
1788790321.989,1788789836.2,78.65978466666667,16.937265333333336,True,1
1788790322.19,1788789836.4,78.65978566666666,16.937255333333333,True,1
1788790322.387,1788789836.6,78.65978650000001,16.9372455,True,1
1788790322.588,1788789836.8,78.6597875,16.937235833333332,True,1
1788790322.789,1788789837.0,78.65978833333334,16.937225666666667,True,1
1788790322.988,1788789837.2,78.65978916666667,16.937215666666667,True,1
1788790323.19,1788789837.4,78.65979016666667,16.937205666666667,True,1
1788790323.388,1788789837.6,78.659791,16.937195499999998,True,1
1788790323.587,1788789837.8,78.659792,16.9371855,True,1
1788790323.784,1788789838.0,78.65979283333333,16.937175500000002,True,1
1788790323.988,1788789838.2,78.65979366666667,16.937165666666665,True,1
1788790324.187,1788789838.4,78.65979466666666,16.93715566666667,True,1
1788790324.391,1788789838.6,78.6597955,16.937145666666666,True,1
1788790324.587,1788789838.8,78.65979633333333,16.9371355,True,1
1788790324.788,1788789839.0,78.65979733333333,16.937125499999997,True,1
1788790324.988,1788789839.2,78.65979816666666,16.937115666666667,True,1
1788790325.186,1788789839.4,78.659799,16.937105666666664,True,1
1788790325.39,1788789839.6,78.65979999999999,16.937095666666668,True,1
1788790325.59,1788789839.8,78.65980083333334,16.937085833333335,True,1
1788790325.788,1788789840.0,78.65980166666667,16.937076,True,1
1788790325.996,1788789840.2,78.65980266666666,16.937066,True,1
1788790326.188,1788789840.4,78.6598035,16.93705633333333,True,1
1788790326.388,1788789840.6,78.65980433333334,16.937046333333335,True,1
1788790326.588,1788789840.8,78.65980533333332,16.937036666666664,True,1
1788790326.789,1788789841.0,78.65980616666667,16.937027,True,1
1788790326.995,1788789841.2,78.659807,16.937017166666667,True,1
1788790327.189,1788789841.4,78.65980800000001,16.9370075,True,1
1788790327.387,1788789841.6,78.65980883333333,16.936997666666667,True,1
1788790327.586,1788789841.8,78.65980966666666,16.936987833333333,True,1
1788790327.788,1788789842.0,78.65981066666667,16.936978,True,1
1788790327.987,1788789842.2,78.65981149999999,16.936968166666666,True,1
1788790328.188,1788789842.4,78.65981233333333,16.936958166666667,True,1
1788790328.388,1788789842.6,78.65981333333335,16.936948166666664,True,1
1788790328.586,1788789842.8,78.65981416666666,16.936938,True,1
1788790328.789,1788789843.0,78.65981516666668,16.936928,True,1
1788790328.99,1788789843.2,78.659816,16.936917833333332,True,1
1788790329.188,1788789843.4,78.65981683333332,16.936907833333333,True,1
1788790329.39,1788789843.6,78.65981783333334,16.936897833333333,True,1
1788790329.588,1788789843.8,78.65981866666667,16.936888,True,1
1788790329.79,1788789844.0,78.65981966666666,16.936878,True,1
1788790329.99,1788789844.2,78.6598205,16.936868166666667,True,1
1788790330.189,1788789844.4,78.65982149999999,16.936858166666664,True,1
1788790330.388,1788789844.6,78.65982233333334,16.936848166666667,True,1
1788790330.587,1788789844.8,78.65982316666667,16.936838166666668,True,1
1788790330.787,1788789845.0,78.65982416666667,16.936828333333334,True,1
1788790330.989,1788789845.2,78.659825,16.936818333333335,True,1
1788790331.189,1788789845.4,78.65982600000001,16.93680833333333,True,1
1788790331.39,1788789845.6,78.65982683333333,16.936798333333336,True,1
1788790331.589,1788789845.8,78.65982766666666,16.936788166666666,True,1
1788790331.787,1788789846.0,78.65982866666667,16.936778,True,1
1788790331.987,1788789846.2,78.65982949999999,16.936767999999997,True,1
1788790332.189,1788789846.4,78.6598305,16.936757833333335,True,1
1788790332.389,1788789846.6,78.65983133333334,16.936748,True,1
1788790332.589,1788789846.8,78.65983233333333,16.936737833333332,True,1
1788790332.788,1788789847.0,78.65983316666667,16.9367275,True,1
1788790332.989,1788789847.2,78.65983416666667,16.9367175,True,1
1788790333.19,1788789847.4,78.659835,16.936707333333334,True,1
1788790333.386,1788789847.6,78.659836,16.93669733333333,True,1
1788790333.588,1788789847.8,78.65983683333334,16.936687166666665,True,1
1788790333.786,1788789848.0,78.65983766666666,16.936677166666666,True,1
1788790333.985,1788789848.2,78.65983866666667,16.936667166666666,True,1
1788790334.186,1788789848.4,78.6598395,16.936657,True,1
1788790334.387,1788789848.6,78.65984033333334,16.936647,True,1
1788790334.587,1788789848.8,78.65984133333333,16.936636833333335,True,1
1788790334.785,1788789849.0,78.65984216666668,16.93662683333333,True,1
1788790334.986,1788789849.2,78.659843,16.936616666666666,True,1
1788790335.186,1788789849.4,78.659844,16.9366065,True,1
1788790335.388,1788789849.6,78.65984483333334,16.936596333333334,True,1
1788790335.589,1788789849.8,78.65984583333334,16.936586166666665,True,1
1788790335.787,1788789850.0,78.65984666666667,16.93657616666667,True,1
1788790335.988,1788789850.2,78.6598475,16.93656616666667,True,1
1788790336.187,1788789850.4,78.65984833333333,16.936556,True,1
1788790336.387,1788789850.6,78.65984933333334,16.936545666666667,True,1
1788790336.586,1788789850.8,78.65985016666667,16.936535666666668,True,1
1788790336.788,1788789851.0,78.65985099999999,16.936525500000002,True,1
1788790336.993,1788789851.2,78.659852,16.936515333333332,True,1
1788790337.187,1788789851.4,78.65985283333333,16.936505166666667,True,1
1788790337.387,1788789851.6,78.65985366666668,16.93649483333333,True,1
1788790337.586,1788789851.8,78.6598545,16.93648466666667,True,1
1788790337.789,1788789852.0,78.6598555,16.936474666666665,True,1
1788790337.987,1788789852.2,78.65985633333334,16.9364645,True,1
1788790338.187,1788789852.4,78.65985716666667,16.936454333333334,True,1
1788790338.387,1788789852.6,78.65985816666667,16.936444333333334,True,1
1788790338.585,1788789852.8,78.65985900000001,16.93643416666667,True,1
1788790338.785,1788789853.0,78.65985983333333,16.936424,True,1
1788790338.989,1788789853.2,78.65986066666666,16.936413666666667,True,1
1788790339.187,1788789853.4,78.65986166666667,16.93640333333333,True,1
1788790339.387,1788789853.6,78.65986249999999,16.936393333333335,True,1
1788790339.588,1788789853.8,78.6598635,16.936383166666666,True,1
1788790339.79,1788789854.0,78.65986433333335,16.936372833333333,True,1
1788790339.989,1788789854.2,78.65986533333333,16.936362666666664,True,1
1788790340.189,1788789854.4,78.65986616666667,16.936352333333332,True,1
1788790340.388,1788789854.6,78.65986716666666,16.936342,True,1
1788790340.589,1788789854.8,78.659868,16.936331833333334,True,1
1788790340.791,1788789855.0,78.65986883333333,16.936321833333334,True,1
1788790340.99,1788789855.2,78.65986983333333,16.93631183333333,True,1
1788790341.188,1788789855.4,78.65987066666666,16.936301833333335,True,1
1788790341.387,1788789855.6,78.65987166666667,16.936291666666666,True,1
1788790341.587,1788789855.8,78.65987249999999,16.936281666666666,True,1
1788790341.789,1788789856.0,78.6598735,16.936271833333333,True,1
1788790341.99,1788789856.2,78.65987433333333,16.936261833333333,True,1
1788790342.19,1788789856.4,78.65987533333333,16.936251833333333,True,1
1788790342.389,1788789856.6,78.65987616666666,16.936241833333334,True,1
1788790342.589,1788789856.8,78.65987716666667,16.936231833333334,True,1
1788790342.788,1788789857.0,78.65987816666667,16.93622183333333,True,1
1788790342.987,1788789857.2,78.659879,16.936211833333335,True,1
1788790343.188,1788789857.4,78.65988,16.936201999999998,True,1
1788790343.388,1788789857.6,78.659881,16.936192166666668,True,1
1788790343.59,1788789857.8,78.65988183333334,16.93618233333333,True,1
1788790343.789,1788789858.0,78.65988283333333,16.93617233333333,True,1
1788790343.988,1788789858.2,78.65988383333334,16.936162333333336,True,1
1788790344.189,1788789858.4,78.65988466666666,16.9361525,True,1
1788790344.387,1788789858.6,78.65988566666667,16.93614266666667,True,1
1788790344.587,1788789858.8,78.65988666666667,16.936132833333332,True,1
1788790344.787,1788789859.0,78.6598875,16.936123000000002,True,1
1788790344.989,1788789859.2,78.65988850000001,16.936113166666665,True,1
1788790345.187,1788789859.4,78.65988949999999,16.936103166666665,True,1
1788790345.386,1788789859.6,78.6598905,16.936093333333336,True,1
1788790345.588,1788789859.8,78.65989133333333,16.936083666666665,True,1
1788790345.784,1788789860.0,78.65989233333333,16.936073833333335,True,1
1788790345.99,1788789860.2,78.65989333333333,16.936063833333332,True,1
1788790346.188,1788789860.4,78.65989416666666,16.936054000000002,True,1
1788790346.388,1788789860.6,78.65989516666667,16.936044,True,1
1788790346.589,1788789860.8,78.65989616666667,16.936034,True,1
1788790346.79,1788789861.0,78.659897,16.936024166666666,True,1
1788790346.987,1788789861.2,78.65989800000001,16.936014333333333,True,1
1788790347.189,1788789861.4,78.659899,16.936004333333337,True,1
1788790347.388,1788789861.6,78.65989983333334,16.935994333333333,True,1
1788790347.587,1788789861.8,78.65990083333332,16.935984333333334,True,1
1788790347.786,1788789862.0,78.65990183333334,16.935974333333334,True,1
1788790347.988,1788789862.2,78.65990266666667,16.9359645,True,1
1788790348.185,1788789862.4,78.65990366666666,16.935954499999998,True,1
1788790348.386,1788789862.6,78.65990466666668,16.935944666666668,True,1
1788790348.584,1788789862.8,78.65990566666666,16.9359345,True,1
1788790348.789,1788789863.0,78.6599065,16.935924666666665,True,1
1788790348.991,1788789863.2,78.65990749999999,16.93591466666667,True,1
1788790349.188,1788789863.4,78.6599085,16.935904833333332,True,1
1788790349.389,1788789863.6,78.65990933333333,16.935894833333336,True,1
1788790349.589,1788789863.8,78.65991033333333,16.935884833333333,True,1
1788790349.788,1788789864.0,78.65991133333334,16.935874833333333,True,1
1788790349.987,1788789864.2,78.65991216666666,16.935865,True,1
1788790350.19,1788789864.4,78.65991316666667,16.935854833333334,True,1
1788790350.389,1788789864.6,78.659914,16.93584483333333,True,1
1788790350.588,1788789864.8,78.659915,16.935834833333335,True,1
1788790350.787,1788789865.0,78.65991583333333,16.935825,True,1
1788790350.987,1788789865.2,78.65991683333333,16.935814833333332,True,1
1788790351.188,1788789865.4,78.65991766666666,16.93580466666667,True,1
1788790351.385,1788789865.6,78.65991866666667,16.935794666666666,True,1
1788790351.588,1788789865.8,78.65991966666667,16.9357845,True,1
1788790351.788,1788789866.0,78.6599205,16.935774499999997,True,1
1788790351.989,1788789866.2,78.65992150000001,16.9357645,True,1
1788790352.19,1788789866.4,78.6599225,16.935754499999998,True,1
1788790352.388,1788789866.6,78.65992333333334,16.9357445,True,1
1788790352.59,1788789866.8,78.65992433333332,16.935734500000002,True,1
1788790352.789,1788789867.0,78.65992516666667,16.9357245,True,1
1788790352.989,1788789867.2,78.65992616666668,16.9357145,True,1
1788790353.188,1788789867.4,78.659927,16.9357045,True,1
1788790353.387,1788789867.6,78.65992783333333,16.935694333333334,True,1
1788790353.588,1788789867.8,78.65992883333334,16.93568433333333,True,1
1788790353.788,1788789868.0,78.65992983333334,16.93567416666667,True,1
1788790353.985,1788789868.2,78.65993066666667,16.93566433333333,True,1
1788790354.186,1788789868.4,78.65993166666667,16.935654166666666,True,1
1788790354.387,1788789868.6,78.6599325,16.93564416666667,True,1
1788790354.589,1788789868.8,78.65993350000001,16.935634,True,1
1788790354.788,1788789869.0,78.65993433333333,16.935624,True,1
1788790354.988,1788789869.2,78.65993533333334,16.935613999999998,True,1
1788790355.188,1788789869.4,78.65993633333332,16.935604,True,1
1788790355.388,1788789869.6,78.65993716666667,16.935593833333332,True,1
1788790355.588,1788789869.8,78.65993816666668,16.935583666666666,True,1
1788790355.788,1788789870.0,78.65993916666666,16.935573499999997,True,1
1788790355.989,1788789870.2,78.65994,16.9355635,True,1
1788790356.19,1788789870.4,78.65994099999999,16.9355535,True,1
1788790356.388,1788789870.6,78.65994183333333,16.9355435,True,1
1788790356.588,1788789870.8,78.65994283333333,16.935533500000002,True,1
1788790356.787,1788789871.0,78.65994366666668,16.9355235,True,1
1788790356.989,1788789871.2,78.65994466666666,16.935513333333333,True,1
1788790357.189,1788789871.4,78.65994566666667,16.935503166666667,True,1
1788790357.393,1788789871.6,78.65994649999999,16.935493166666667,True,1
1788790357.588,1788789871.8,78.6599475,16.935483166666664,True,1
1788790357.787,1788789872.0,78.65994833333333,16.935473166666668,True,1
1788790357.986,1788789872.2,78.65994933333333,16.935463000000002,True,1
1788790358.186,1788789872.4,78.65995016666668,16.935452833333333,True,1
1788790358.387,1788789872.6,78.65995116666666,16.935442833333333,True,1
1788790358.587,1788789872.8,78.65995216666667,16.935433,True,1
1788790358.788,1788789873.0,78.659953,16.935423,True,1
1788790358.989,1788789873.2,78.659954,16.935413,True,1
1788790359.189,1788789873.4,78.65995483333333,16.935402833333335,True,1
1788790359.389,1788789873.6,78.65995583333333,16.935393166666664,True,1
1788790359.585,1788789873.8,78.65995666666666,16.935383166666668,True,1
1788790359.79,1788789874.0,78.65995766666667,16.935373333333335,True,1
1788790359.991,1788789874.2,78.65995849999999,16.9353635,True,1
1788790360.188,1788789874.4,78.6599595,16.9353535,True,1
1788790360.387,1788789874.6,78.65996033333333,16.9353435,True,1
1788790360.587,1788789874.8,78.65996133333333,16.935333500000002,True,1
1788790360.787,1788789875.0,78.65996216666667,16.935323666666665,True,1
1788790360.986,1788789875.2,78.65996316666666,16.935313666666666,True,1
1788790361.186,1788789875.4,78.659964,16.935303666666666,True,1
1788790361.387,1788789875.6,78.659965,16.935293666666666,True,1
1788790361.587,1788789875.8,78.659966,16.935283333333334,True,1
1788790361.786,1788789876.0,78.65996683333333,16.935273166666665,True,1
1788790361.987,1788789876.2,78.65996783333334,16.935263000000003,True,1
1788790362.188,1788789876.4,78.65996866666666,16.935253166666666,True,1
1788790362.385,1788789876.6,78.65996966666667,16.935243166666666,True,1
1788790362.589,1788789876.8,78.6599705,16.935233166666666,True,1
1788790362.788,1788789877.0,78.6599715,16.935223166666667,True,1
1788790362.987,1788789877.2,78.65997233333333,16.935212999999997,True,1
1788790363.185,1788789877.4,78.65997333333333,16.935203,True,1
1788790363.385,1788789877.6,78.65997416666667,16.935193166666668,True,1
1788790363.586,1788789877.8,78.659975,16.935183166666665,True,1
1788790363.783,1788789878.0,78.659976,16.93517316666667,True,1
1788790363.984,1788789878.2,78.65997683333333,16.935163166666666,True,1
1788790364.186,1788789878.4,78.65997783333334,16.935153,True,1
1788790364.387,1788789878.6,78.65997866666666,16.935143,True,1
1788790364.586,1788789878.8,78.65997966666667,16.935133,True,1
1788790364.785,1788789879.0,78.6599805,16.935122999999997,True,1
1788790364.987,1788789879.2,78.6599815,16.935112833333335,True,1
1788790365.183,1788789879.4,78.65998233333333,16.935102500000003,True,1
1788790365.387,1788789879.6,78.65998316666668,16.935092333333333,True,1
1788790365.59,1788789879.8,78.65998416666666,16.935082333333334,True,1
1788790365.787,1788789880.0,78.659985,16.935072166666664,True,1
1788790365.985,1788789880.2,78.65998599999999,16.935062000000002,True,1
1788790366.186,1788789880.4,78.65998683333333,16.935052,True,1
1788790366.386,1788789880.6,78.65998783333333,16.935041666666667,True,1
1788790366.587,1788789880.8,78.65998866666668,16.935031666666664,True,1
1788790366.786,1788789881.0,78.65998966666666,16.935021666666668,True,1
1788790366.986,1788789881.2,78.6599905,16.935011499999998,True,1
1788790367.186,1788789881.4,78.65999133333334,16.9350015,True,1
1788790367.386,1788789881.6,78.65999233333334,16.934991333333336,True,1
1788790367.592,1788789881.8,78.65999316666667,16.934981166666667,True,1
1788790367.786,1788789882.0,78.65999400000001,16.934971166666667,True,1
1788790367.986,1788789882.2,78.659995,16.934960999999998,True,1
1788790368.187,1788789882.4,78.65999583333334,16.934951,True,1
1788790368.389,1788789882.6,78.65999683333332,16.934940666666666,True,1
1788790368.589,1788789882.8,78.65999766666667,16.934930333333334,True,1
1788790368.788,1788789883.0,78.65999866666667,16.934920166666664,True,1
1788790368.987,1788789883.2,78.6599995,16.93491,True,1
1788790369.188,1788789883.4,78.66000033333333,16.934899833333336,True,1
1788790369.387,1788789883.6,78.66000133333334,16.934889833333333,True,1
1788790369.587,1788789883.8,78.66000233333332,16.934879666666667,True,1
1788790369.787,1788789884.0,78.66000316666667,16.934869499999998,True,1
1788790369.986,1788789884.2,78.66000416666667,16.9348595,True,1
1788790370.187,1788789884.4,78.660005,16.9348495,True,1
1788790370.386,1788789884.6,78.66000583333333,16.9348395,True,1
1788790370.587,1788789884.8,78.66000683333333,16.934829333333333,True,1
1788790370.786,1788789885.0,78.66000766666666,16.934819333333333,True,1
1788790370.987,1788789885.2,78.66000866666667,16.934809166666664,True,1
1788790371.186,1788789885.4,78.66000949999999,16.934799166666668,True,1
1788790371.386,1788789885.6,78.6600105,16.93478916666667,True,1
1788790371.588,1788789885.8,78.66001133333333,16.934779166666665,True,1
1788790371.788,1788789886.0,78.66001233333333,16.934768833333333,True,1
1788790371.987,1788789886.2,78.66001316666667,16.934758666666667,True,1
1788790372.188,1788789886.4,78.66001416666667,16.934748666666668,True,1
1788790372.386,1788789886.6,78.66001516666667,16.934738499999998,True,1
1788790372.586,1788789886.8,78.660016,16.934728500000002,True,1
1788790372.786,1788789887.0,78.660017,16.9347185,True,1
1788790372.986,1788789887.2,78.66001783333333,16.934708333333333,True,1
1788790373.187,1788789887.4,78.66001883333334,16.934698333333333,True,1
1788790373.386,1788789887.6,78.66001966666666,16.934688166666668,True,1
1788790373.589,1788789887.8,78.66002066666667,16.934678333333334,True,1
1788790373.787,1788789888.0,78.6600215,16.93466833333333,True,1
1788790373.986,1788789888.2,78.6600225,16.934658333333335,True,1
1788790374.186,1788789888.4,78.66002350000001,16.93464833333333,True,1
1788790374.39,1788789888.6,78.66002433333333,16.934638333333332,True,1
1788790374.588,1788789888.8,78.66002533333334,16.934628333333333,True,1
1788790374.787,1788789889.0,78.66002616666667,16.934618333333333,True,1
1788790374.987,1788789889.2,78.66002716666667,16.934608500000003,True,1
1788790375.187,1788789889.4,78.66002816666668,16.934598666666666,True,1
1788790375.387,1788789889.6,78.660029,16.9345885,True,1
1788790375.59,1788789889.8,78.66003,16.9345785,True,1
1788790375.787,1788789890.0,78.66003099999999,16.9345685,True,1
1788790375.986,1788789890.2,78.66003183333333,16.934558499999998,True,1
1788790376.184,1788789890.4,78.66003283333333,16.934548500000002,True,1
1788790376.387,1788789890.6,78.66003383333333,16.9345385,True,1
1788790376.587,1788789890.8,78.66003483333334,16.934528333333333,True,1
1788790376.787,1788789891.0,78.66003566666667,16.934518500000003,True,1
1788790376.987,1788789891.2,78.66003666666667,16.9345085,True,1
1788790377.186,1788789891.4,78.66003766666667,16.934498666666666,True,1
1788790377.385,1788789891.6,78.66003866666667,16.934488833333333,True,1
1788790377.586,1788789891.8,78.66003966666668,16.934478833333333,True,1
1788790377.786,1788789892.0,78.66004066666666,16.934469,True,1
1788790377.987,1788789892.2,78.66004166666667,16.934459166666667,True,1
1788790378.187,1788789892.4,78.66004266666667,16.934449500000003,True,1
1788790378.385,1788789892.6,78.66004366666667,16.93444,True,1
1788790378.588,1788789892.8,78.66004466666666,16.93443016666667,True,1
1788790378.785,1788789893.0,78.66004566666668,16.934420666666664,True,1
1788790378.983,1788789893.2,78.66004666666666,16.934410833333335,True,1
1788790379.185,1788789893.4,78.66004766666667,16.934400999999998,True,1
1788790379.386,1788789893.6,78.66004866666667,16.9343915,True,1
1788790379.612,1788789893.8,78.66004966666667,16.934381666666663,True,1
1788790379.785,1788789894.0,78.66005066666666,16.934372,True,1
1788790379.985,1788789894.2,78.66005166666667,16.934362166666666,True,1
1788790380.185,1788789894.4,78.66005266666666,16.934352333333333,True,1
1788790380.386,1788789894.6,78.66005366666667,16.9343425,True,1
1788790380.586,1788789894.8,78.66005466666667,16.934332666666666,True,1
1788790380.787,1788789895.0,78.66005566666666,16.934322833333333,True,1
1788790380.985,1788789895.2,78.66005650000001,16.934313,True,1
1788790381.187,1788789895.4,78.6600575,16.934303166666666,True,1
1788790381.388,1788789895.6,78.6600585,16.934293333333336,True,1
1788790381.586,1788789895.8,78.6600595,16.9342835,True,1
1788790381.786,1788789896.0,78.6600605,16.934273833333336,True,1
1788790381.988,1788789896.2,78.6600615,16.934264166666665,True,1
1788790382.189,1788789896.4,78.66006233333333,16.9342545,True,1
1788790382.388,1788789896.6,78.66006333333333,16.934244666666665,True,1
1788790382.589,1788789896.8,78.66006433333334,16.934234833333335,True,1
1788790382.79,1788789897.0,78.66006533333332,16.934225166666668,True,1
1788790382.988,1788789897.2,78.66006633333333,16.934215333333334,True,1
1788790383.188,1788789897.4,78.66006733333333,16.934205333333335,True,1
1788790383.387,1788789897.6,78.66006833333333,16.934195499999998,True,1
1788790383.588,1788789897.8,78.66006933333333,16.934185333333335,True,1
1788790383.787,1788789898.0,78.66007033333334,16.934175333333332,True,1
1788790383.989,1788789898.2,78.66007133333332,16.9341655,True,1
1788790384.187,1788789898.4,78.66007233333333,16.934155666666665,True,1
1788790384.384,1788789898.6,78.66007333333333,16.934146,True,1
1788790384.586,1788789898.8,78.66007433333333,16.93413616666667,True,1
1788790384.786,1788789899.0,78.66007516666667,16.934126499999998,True,1
1788790384.987,1788789899.2,78.66007616666667,16.934116833333334,True,1
1788790385.187,1788789899.4,78.66007716666667,16.934107333333333,True,1
1788790385.388,1788789899.6,78.66007816666666,16.934097666666666,True,1
1788790385.588,1788789899.8,78.66007916666668,16.934087833333333,True,1
1788790385.787,1788789900.0,78.66008016666666,16.934078,True,1
1788790385.994,1788789900.2,78.66008116666667,16.93406816666667,True,1
1788790386.187,1788789900.4,78.66008216666667,16.934058333333333,True,1
1788790386.387,1788789900.6,78.66008316666667,16.93404866666667,True,1
1788790386.588,1788789900.8,78.66008433333333,16.934038666666666,True,1
1788790386.788,1788789901.0,78.66008533333334,16.934028833333333,True,1
1788790386.987,1788789901.2,78.66008633333333,16.934019,True,1
1788790387.186,1788789901.4,78.66008733333334,16.934009166666666,True,1
1788790387.388,1788789901.6,78.66008833333333,16.933999500000002,True,1
1788790387.59,1788789901.8,78.66008933333333,16.93398983333333,True,1
1788790387.788,1788789902.0,78.66009033333333,16.933980000000002,True,1
1788790387.986,1788789902.2,78.66009133333334,16.933970166666665,True,1
1788790388.188,1788789902.4,78.66009233333332,16.9339605,True,1
1788790388.387,1788789902.6,78.66009333333334,16.93395083333333,True,1
1788790388.585,1788789902.8,78.66009433333333,16.933941166666667,True,1
1788790388.787,1788789903.0,78.66009516666666,16.93393133333333,True,1
1788790388.987,1788789903.2,78.66009633333333,16.933921666666667,True,1
1788790389.187,1788789903.4,78.66009716666667,16.933911833333333,True,1
1788790389.403,1788789903.6,78.66009816666666,16.933902166666666,True,1
1788790389.586,1788789903.8,78.66009916666667,16.93389266666667,True,1
1788790389.786,1788789904.0,78.66010033333333,16.93388283333333,True,1
1788790389.986,1788789904.2,78.66010133333333,16.933873166666668,True,1
1788790390.188,1788789904.4,78.66010233333333,16.93386333333333,True,1
1788790390.388,1788789904.6,78.66010333333334,16.9338535,True,1
1788790390.588,1788789904.8,78.66010433333332,16.933843666666668,True,1
1788790390.789,1788789905.0,78.66010533333333,16.93383383333333,True,1
1788790390.988,1788789905.2,78.66010633333333,16.933824166666668,True,1
1788790391.188,1788789905.4,78.66010733333333,16.9338145,True,1
1788790391.386,1788789905.6,78.66010833333333,16.933804666666667,True,1
1788790391.587,1788789905.8,78.66010933333334,16.93379483333333,True,1
1788790391.787,1788789906.0,78.66011033333332,16.933785333333333,True,1
1788790391.987,1788789906.2,78.66011133333333,16.933775500000003,True,1
1788790392.204,1788789906.4,78.66011233333333,16.933765666666666,True,1
1788790392.387,1788789906.6,78.66011333333333,16.933756000000002,True,1
1788790392.587,1788789906.8,78.66011433333333,16.933746333333332,True,1
1788790392.785,1788789907.0,78.6601155,16.933736833333334,True,1
1788790392.99,1788789907.2,78.6601165,16.93372733333333,True,1
1788790393.189,1788789907.4,78.6601175,16.933717833333333,True,1
1788790393.386,1788789907.6,78.6601185,16.933708833333334,True,1
1788790393.586,1788789907.8,78.66011950000001,16.933699999999998,True,1
1788790393.786,1788789908.0,78.66012033333332,16.933691666666668,True,1
1788790393.993,1788789908.2,78.66012116666667,16.93368416666667,True,1
1788790394.185,1788789908.4,78.660122,16.933676666666667,True,1
1788790394.384,1788789908.6,78.66012266666667,16.933669666666667,True,1
1788790394.584,1788789908.8,78.66012333333333,16.93366316666667,True,1
1788790394.786,1788789909.0,78.660124,16.933657,True,1
1788790394.987,1788789909.2,78.66012466666666,16.933651,True,1
1788790395.186,1788789909.4,78.66012516666666,16.93364516666667,True,1
1788790395.384,1788789909.6,78.66012566666667,16.933639666666668,True,1
1788790395.584,1788789909.8,78.66012616666667,16.933634333333334,True,1
1788790395.786,1788789910.0,78.66012683333334,16.933629166666666,True,1
1788790395.986,1788789910.2,78.66012716666667,16.933624000000002,True,1
1788790396.19,1788789910.4,78.66012766666667,16.933619,True,1
1788790396.387,1788789910.6,78.66012816666667,16.933614166666665,True,1
1788790396.588,1788789910.8,78.6601285,16.9336095,True,1
1788790396.788,1788789911.0,78.66012900000001,16.933605166666666,True,1
1788790396.987,1788789911.2,78.66012933333333,16.933600666666667,True,1
1788790397.187,1788789911.4,78.66012966666668,16.9335965,True,1
1788790397.388,1788789911.6,78.66013,16.933592333333333,True,1
1788790397.591,1788789911.8,78.66013033333334,16.933588,True,1
1788790397.788,1788789912.0,78.66013083333334,16.933584,True,1
1788790397.987,1788789912.2,78.660131,16.933580166666665,True,1
1788790398.186,1788789912.4,78.66013133333333,16.933576333333335,True,1
1788790398.384,1788789912.6,78.66013166666667,16.9335725,True,1
1788790398.586,1788789912.8,78.660132,16.933568833333332,True,1
1788790398.785,1788789913.0,78.66013233333334,16.933565333333334,True,1
1788790398.987,1788789913.2,78.66013249999999,16.933561666666666,True,1
1788790399.191,1788789913.4,78.66013266666667,16.933558,True,1
1788790399.389,1788789913.6,78.66013283333334,16.933553500000002,True,1
1788790399.588,1788789913.8,78.66013283333334,16.933548666666663,True,1
1788790399.787,1788789914.0,78.66013249999999,16.9335435,True,1
1788790399.989,1788789914.2,78.66013233333334,16.9335385,True,1
1788790400.187,1788789914.4,78.66013166666667,16.933534,True,1
1788790400.386,1788789914.6,78.660131,16.933529500000002,True,1
1788790400.588,1788789914.8,78.66013016666668,16.933525666666664,True,1
1788790400.787,1788789915.0,78.66012900000001,16.933522666666665,True,1
1788790400.988,1788789915.2,78.66012816666667,16.933520333333334,True,1
1788790401.186,1788789915.4,78.66012716666667,16.93351983333333,True,1
1788790401.387,1788789915.6,78.66012633333334,16.933519166666667,True,1
1788790401.587,1788789915.8,78.6601255,16.933518833333334,True,1
1788790401.79,1788789916.0,78.66012483333334,16.933519999999998,True,1
1788790401.989,1788789916.2,78.66012416666668,16.933520333333334,True,1
1788790402.19,1788789916.4,78.66012366666668,16.93352133333333,True,1
1788790402.387,1788789916.6,78.66012316666666,16.933522666666665,True,1
1788790402.589,1788789916.8,78.66012266666667,16.933524,True,1
1788790402.788,1788789917.0,78.66012216666667,16.933525333333332,True,1
1788790402.988,1788789917.2,78.66012166666665,16.933526833333335,True,1
1788790403.189,1788789917.4,78.66012116666667,16.933528333333335,True,1
1788790403.39,1788789917.6,78.66012066666667,16.9335305,True,1
1788790403.59,1788789917.8,78.66012033333332,16.933532,True,1
1788790403.787,1788789918.0,78.66012,16.933533666666666,True,1
1788790403.99,1788789918.2,78.66011966666666,16.933535666666668,True,1
1788790404.19,1788789918.4,78.66011933333333,16.933538166666665,True,1
1788790404.388,1788789918.6,78.660119,16.933540833333332,True,1
1788790404.589,1788789918.8,78.66011866666666,16.933542666666664,True,1
1788790404.788,1788789919.0,78.6601185,16.933544333333334,True,1
1788790404.988,1788789919.2,78.66011816666668,16.9335465,True,1
1788790405.186,1788789919.4,78.660118,16.93354833333333,True,1
1788790405.387,1788789919.6,78.66011766666666,16.933550333333336,True,1
1788790405.588,1788789919.8,78.66011733333333,16.933552000000002,True,1
1788790405.787,1788789920.0,78.660117,16.933553500000002,True,1
1788790405.987,1788789920.2,78.66011666666667,16.933555333333334,True,1
1788790406.188,1788789920.4,78.66011633333332,16.933557,True,1
1788790406.388,1788789920.6,78.660116,16.933558833333333,True,1
1788790406.588,1788789920.8,78.66011566666666,16.933560833333335,True,1
1788790406.789,1788789921.0,78.66011533333334,16.9335625,True,1
1788790406.99,1788789921.2,78.66011499999999,16.933564166666667,True,1
1788790407.188,1788789921.4,78.66011466666667,16.933566,True,1
1788790407.39,1788789921.6,78.66011433333333,16.933567666666665,True,1
1788790407.59,1788789921.8,78.66011400000001,16.93356933333333,True,1
1788790407.792,1788789922.0,78.66011366666666,16.933570999999997,True,1
1788790407.988,1788789922.2,78.66011333333333,16.933572333333334,True,1
1788790408.187,1788789922.4,78.660113,16.933574,True,1
1788790408.386,1788789922.6,78.66011266666666,16.9335755,True,1
1788790408.586,1788789922.8,78.66011233333333,16.933577166666666,True,1
1788790408.787,1788789923.0,78.660112,16.933579,True,1
1788790408.988,1788789923.2,78.66011166666667,16.933581,True,1
1788790409.186,1788789923.4,78.66011133333333,16.933583,True,1
1788790409.384,1788789923.6,78.660111,16.933585333333333,True,1
1788790409.59,1788789923.8,78.66011066666667,16.933587666666664,True,1
1788790409.788,1788789924.0,78.6601105,16.933589833333333,True,1
1788790409.989,1788789924.2,78.66011016666667,16.933592166666664,True,1
1788790410.187,1788789924.4,78.66011,16.93359416666667,True,1
1788790410.389,1788789924.6,78.66010966666666,16.933595833333335,True,1
1788790410.589,1788789924.8,78.6601095,16.9335975,True,1
1788790410.786,1788789925.0,78.66010933333334,16.933599166666667,True,1
1788790410.988,1788789925.2,78.66010916666667,16.933600833333333,True,1
1788790411.188,1788789925.4,78.66010899999999,16.933601833333334,True,1
1788790411.388,1788789925.6,78.66010883333334,16.933602333333333,True,1
1788790411.588,1788789925.8,78.66010866666667,16.933603166666668,True,1
1788790411.788,1788789926.0,78.66010849999999,16.933605,True,1
1788790411.986,1788789926.2,78.66010833333333,16.933607,True,1
1788790412.186,1788789926.4,78.66010800000001,16.933609333333333,True,1
1788790412.387,1788789926.6,78.66010783333333,16.933611499999998,True,1
1788790412.589,1788789926.8,78.66010766666666,16.933613333333334,True,1
1788790412.789,1788789927.0,78.66010750000001,16.933615,True,1
1788790412.988,1788789927.2,78.66010733333333,16.933616833333335,True,1
1788790413.189,1788789927.4,78.66010716666666,16.933619166666666,True,1
1788790413.389,1788789927.6,78.660107,16.93362116666667,True,1
1788790413.586,1788789927.8,78.660107,16.933623166666667,True,1
1788790413.789,1788789928.0,78.66010683333334,16.933624833333333,True,1
1788790413.986,1788789928.2,78.66010666666666,16.933626833333335,True,1
1788790414.188,1788789928.4,78.6601065,16.9336285,True,1
1788790414.387,1788789928.6,78.66010633333333,16.933630166666667,True,1
1788790414.586,1788789928.8,78.66010616666668,16.933631833333333,True,1
1788790414.783,1788789929.0,78.66010616666668,16.933633333333333,True,1
1788790414.988,1788789929.2,78.660106,16.933634833333333,True,1
1788790415.187,1788789929.4,78.66010583333333,16.933636166666666,True,1
1788790415.388,1788789929.6,78.66010566666667,16.9336375,True,1
1788790415.589,1788789929.8,78.66010566666667,16.933638666666663,True,1
1788790415.788,1788789930.0,78.6601055,16.93364,True,1
1788790415.989,1788789930.2,78.6601055,16.933641166666668,True,1
1788790416.187,1788789930.4,78.66010533333333,16.9336425,True,1
1788790416.388,1788789930.6,78.66010516666667,16.933643833333335,True,1
1788790416.588,1788789930.8,78.660105,16.93364516666667,True,1
1788790416.789,1788789931.0,78.660105,16.933646333333336,True,1
1788790416.988,1788789931.2,78.66010483333334,16.9336475,True,1
1788790417.188,1788789931.4,78.66010483333334,16.933648666666667,True,1
1788790417.388,1788789931.6,78.66010466666667,16.9336495,True,1
1788790417.585,1788789931.8,78.6601045,16.9336505,True,1
1788790417.79,1788789932.0,78.6601045,16.933651333333334,True,1
1788790417.988,1788789932.2,78.66010433333332,16.9336525,True,1
1788790418.185,1788789932.4,78.66010433333332,16.9336535,True,1
1788790418.387,1788789932.6,78.66010416666667,16.9336545,True,1
1788790418.588,1788789932.8,78.660104,16.933655666666667,True,1
1788790418.788,1788789933.0,78.660104,16.933656666666664,True,1
1788790418.987,1788789933.2,78.66010383333334,16.9336575,True,1
1788790419.188,1788789933.4,78.66010366666666,16.933658166666664,True,1
1788790419.387,1788789933.6,78.66010366666666,16.933659,True,1
1788790419.586,1788789933.8,78.6601035,16.933659833333333,True,1
1788790419.786,1788789934.0,78.66010333333334,16.933660666666665,True,1
1788790419.987,1788789934.2,78.66010333333334,16.93366166666667,True,1
1788790420.186,1788789934.4,78.66010316666667,16.9336625,True,1
1788790420.385,1788789934.6,78.66010299999999,16.933663333333335,True,1
1788790420.586,1788789934.8,78.66010299999999,16.933664166666667,True,1
1788790420.788,1788789935.0,78.66010283333334,16.933664833333335,True,1
1788790420.988,1788789935.2,78.66010266666667,16.9336655,True,1
1788790421.188,1788789935.4,78.6601025,16.933666000000002,True,1
1788790421.388,1788789935.6,78.66010233333333,16.933666666666667,True,1
1788790421.587,1788789935.8,78.66010233333333,16.933667166666666,True,1
1788790421.786,1788789936.0,78.66010216666668,16.933667833333335,True,1
1788790421.987,1788789936.2,78.66010200000001,16.9336685,True,1
1788790422.187,1788789936.4,78.66010183333333,16.933669166666668,True,1
1788790422.387,1788789936.6,78.66010183333333,16.9336695,True,1
1788790422.587,1788789936.8,78.66010166666666,16.93367,True,1
1788790422.786,1788789937.0,78.66010166666666,16.933670333333335,True,1
1788790422.986,1788789937.2,78.66010150000001,16.933670666666668,True,1
1788790423.186,1788789937.4,78.66010133333333,16.933671,True,1
1788790423.391,1788789937.6,78.66010133333333,16.933671333333333,True,1
1788790423.588,1788789937.8,78.66010116666666,16.933671833333335,True,1
1788790423.787,1788789938.0,78.660101,16.933672333333334,True,1
1788790423.993,1788789938.2,78.660101,16.933672833333333,True,1
1788790424.187,1788789938.4,78.66010083333335,16.933673166666665,True,1
1788790424.385,1788789938.6,78.66010066666666,16.933673666666667,True,1
1788790424.586,1788789938.8,78.66010066666666,16.933674166666666,True,1
1788790424.785,1788789939.0,78.6601005,16.9336745,True,1
1788790424.986,1788789939.2,78.6601005,16.933675,True,1
1788790425.187,1788789939.4,78.66010033333333,16.933675333333333,True,1
1788790425.387,1788789939.6,78.66010016666668,16.933675833333332,True,1
1788790425.585,1788789939.8,78.66010016666668,16.933676333333334,True,1
1788790425.783,1788789940.0,78.6601,16.933676666666667,True,1
1788790425.987,1788789940.2,78.6601,16.933677,True,1
1788790426.188,1788789940.4,78.66009983333333,16.933677499999998,True,1
1788790426.386,1788789940.6,78.66009983333333,16.933678,True,1
1788790426.586,1788789940.8,78.66009966666667,16.933678166666667,True,1
1788790426.785,1788789941.0,78.66009966666667,16.933678666666665,True,1
1788790426.989,1788789941.2,78.66009949999999,16.933678999999998,True,1
1788790427.187,1788789941.4,78.66009949999999,16.933679333333334,True,1
1788790427.385,1788789941.6,78.66009933333333,16.9336795,True,1
1788790427.585,1788789941.8,78.66009933333333,16.933679833333333,True,1
1788790427.786,1788789942.0,78.66009933333333,16.933680166666665,True,1
1788790427.987,1788789942.2,78.66009916666667,16.933680499999998,True,1
1788790428.185,1788789942.4,78.66009916666667,16.933680833333334,True,1
1788790428.386,1788789942.6,78.660099,16.933681166666666,True,1
1788790428.586,1788789942.8,78.660099,16.933681333333332,True,1
1788790428.787,1788789943.0,78.660099,16.933681333333332,True,1
1788790428.987,1788789943.2,78.66009883333332,16.9336815,True,1
1788790429.187,1788789943.4,78.66009883333332,16.933681666666665,True,1
1788790429.386,1788789943.6,78.66009866666667,16.933681999999997,True,1
1788790429.586,1788789943.8,78.66009866666667,16.933682333333334,True,1
1788790429.787,1788789944.0,78.66009866666667,16.933682666666666,True,1
1788790429.986,1788789944.2,78.6600985,16.933682666666666,True,1
1788790430.188,1788789944.4,78.6600985,16.933682833333332,True,1
1788790430.387,1788789944.6,78.6600985,16.933682833333332,True,1
1788790430.585,1788789944.8,78.66009833333332,16.933682666666666,True,1
1788790430.787,1788789945.0,78.66009833333332,16.933682666666666,True,1
1788790430.986,1788789945.2,78.66009833333332,16.933682833333332,True,1
1788790431.187,1788789945.4,78.66009833333332,16.933682833333332,True,1
1788790431.385,1788789945.6,78.66009816666666,16.933683,True,1
1788790431.593,1788789945.8,78.66009816666666,16.933683,True,1
1788790431.786,1788789946.0,78.66009816666666,16.933682833333332,True,1
1788790431.987,1788789946.2,78.66009816666666,16.933682833333332,True,1
1788790432.187,1788789946.4,78.66009816666666,16.933682833333332,True,1
1788790432.388,1788789946.6,78.66009816666666,16.933682666666666,True,1
1788790432.587,1788789946.8,78.66009816666666,16.933682666666666,True,1
1788790432.785,1788789947.0,78.66009816666666,16.933682666666666,True,1
1788790432.987,1788789947.2,78.66009816666666,16.9336825,True,1
1788790433.188,1788789947.4,78.66009816666666,16.933682666666666,True,1
1788790433.387,1788789947.6,78.660098,16.933682666666666,True,1
1788790433.588,1788789947.8,78.660098,16.933682666666666,True,1
1788790433.786,1788789948.0,78.660098,16.933682833333332,True,1
1788790433.986,1788789948.2,78.660098,16.933683,True,1
1788790434.186,1788789948.4,78.660098,16.933683,True,1
1788790434.386,1788789948.6,78.660098,16.933683166666665,True,1
1788790434.586,1788789948.8,78.660098,16.933683166666665,True,1
1788790434.785,1788789949.0,78.660098,16.933683166666665,True,1
1788790434.987,1788789949.2,78.660098,16.933683,True,1
1788790435.186,1788789949.4,78.660098,16.933683,True,1
1788790435.385,1788789949.6,78.660098,16.933683,True,1
1788790435.587,1788789949.8,78.66009816666666,16.933683,True,1
1788790435.786,1788789950.0,78.66009816666666,16.933683,True,1
1788790435.988,1788789950.2,78.66009816666666,16.933683,True,1
1788790436.188,1788789950.4,78.66009816666666,16.933682833333332,True,1
1788790436.385,1788789950.6,78.66009816666666,16.933682666666666,True,1
1788790436.586,1788789950.8,78.66009816666666,16.933682666666666,True,1
1788790436.784,1788789951.0,78.66009816666666,16.9336825,True,1
1788790436.983,1788789951.2,78.66009816666666,16.9336825,True,1
1788790437.186,1788789951.4,78.660098,16.933682333333334,True,1
1788790437.384,1788789951.6,78.660098,16.933682166666664,True,1
1788790437.585,1788789951.8,78.660098,16.933682166666664,True,1
1788790437.785,1788789952.0,78.660098,16.933681999999997,True,1
1788790437.987,1788789952.2,78.660098,16.93368183333333,True,1
1788790438.188,1788789952.4,78.66009783333334,16.933681666666665,True,1
1788790438.386,1788789952.6,78.66009783333334,16.933681333333332,True,1
1788790438.587,1788789952.8,78.66009783333334,16.933681333333332,True,1
1788790438.787,1788789953.0,78.66009783333334,16.933681333333332,True,1
1788790438.988,1788789953.2,78.66009783333334,16.933681333333332,True,1
1788790439.188,1788789953.4,78.66009783333334,16.933681333333332,True,1
1788790439.388,1788789953.6,78.66009766666666,16.933681333333332,True,1
1788790439.585,1788789953.8,78.66009766666666,16.933681333333332,True,1
1788790439.787,1788789954.0,78.66009766666666,16.933681166666666,True,1
1788790439.987,1788789954.2,78.66009766666666,16.933681166666666,True,1
1788790440.186,1788789954.4,78.66009766666666,16.933681333333332,True,1
1788790440.385,1788789954.6,78.66009749999999,16.933681333333332,True,1
1788790440.588,1788789954.8,78.66009749999999,16.9336815,True,1
1788790440.788,1788789955.0,78.66009749999999,16.933681666666665,True,1
1788790440.992,1788789955.2,78.66009749999999,16.933681999999997,True,1
1788790441.186,1788789955.4,78.66009749999999,16.933681999999997,True,1
1788790441.386,1788789955.6,78.66009749999999,16.933681999999997,True,1
1788790441.585,1788789955.8,78.66009749999999,16.933682166666664,True,1
1788790441.787,1788789956.0,78.66009749999999,16.933682333333334,True,1
1788790441.986,1788789956.2,78.66009749999999,16.9336825,True,1
1788790442.186,1788789956.4,78.66009749999999,16.933682666666666,True,1
1788790442.383,1788789956.6,78.66009749999999,16.933682833333332,True,1
1788790442.583,1788789956.8,78.66009749999999,16.933682833333332,True,1
1788790442.788,1788789957.0,78.66009749999999,16.933682833333332,True,1
1788790442.985,1788789957.2,78.66009749999999,16.933682666666666,True,1
1788790443.185,1788789957.4,78.66009749999999,16.933682666666666,True,1
1788790443.385,1788789957.6,78.66009749999999,16.9336825,True,1
1788790443.585,1788789957.8,78.66009749999999,16.9336825,True,1
1788790443.782,1788789958.0,78.66009749999999,16.9336825,True,1
1788790443.992,1788789958.2,78.66009749999999,16.933682666666666,True,1
1788790444.185,1788789958.4,78.66009733333334,16.933682833333332,True,1
1788790444.385,1788789958.6,78.66009733333334,16.933683,True,1
1788790444.585,1788789958.8,78.66009733333334,16.933683,True,1
1788790444.785,1788789959.0,78.66009733333334,16.933683,True,1
1788790444.984,1788789959.2,78.66009733333334,16.933683166666665,True,1
1788790445.185,1788789959.4,78.66009733333334,16.933683166666665,True,1
1788790445.387,1788789959.6,78.66009716666667,16.93368333333333,True,1
1788790445.587,1788789959.8,78.66009716666667,16.93368333333333,True,1
1788790445.786,1788789960.0,78.66009716666667,16.933683166666665,True,1
1788790445.996,1788789960.2,78.66009716666667,16.933683,True,1
1788790446.184,1788789960.4,78.66009716666667,16.933683,True,1
1788790446.386,1788789960.6,78.66009716666667,16.933682833333332,True,1
1788790446.584,1788789960.8,78.66009716666667,16.933682833333332,True,1
1788790446.786,1788789961.0,78.66009716666667,16.933682833333332,True,1
1788790446.987,1788789961.2,78.66009716666667,16.933682666666666,True,1
1788790447.185,1788789961.4,78.660097,16.933682666666666,True,1
1788790447.386,1788789961.6,78.660097,16.933682333333334,True,1
1788790447.585,1788789961.8,78.660097,16.933682166666664,True,1
1788790447.785,1788789962.0,78.660097,16.933681999999997,True,1
1788790447.986,1788789962.2,78.660097,16.933681666666665,True,1
1788790448.185,1788789962.4,78.660097,16.9336815,True,1
1788790448.386,1788789962.6,78.66009683333333,16.933681333333332,True,1
1788790448.587,1788789962.8,78.66009683333333,16.933681166666666,True,1
1788790448.788,1788789963.0,78.66009683333333,16.933680833333334,True,1
1788790448.987,1788789963.2,78.66009683333333,16.933680499999998,True,1
1788790449.187,1788789963.4,78.66009683333333,16.93368033333333,True,1
1788790449.386,1788789963.6,78.66009683333333,16.93368,True,1
1788790449.585,1788789963.8,78.66009666666667,16.933679833333333,True,1
1788790449.786,1788789964.0,78.66009666666667,16.933679666666666,True,1
1788790449.987,1788789964.2,78.66009666666667,16.9336795,True,1
1788790450.187,1788789964.4,78.6600965,16.933679166666664,True,1
1788790450.386,1788789964.6,78.6600965,16.93367883333333,True,1
1788790450.584,1788789964.8,78.6600965,16.9336785,True,1
1788790450.782,1788789965.0,78.6600965,16.933678166666667,True,1
1788790450.986,1788789965.2,78.66009633333333,16.933677833333334,True,1
1788790451.185,1788789965.4,78.66009633333333,16.933677666666664,True,1
1788790451.385,1788789965.6,78.66009633333333,16.933677499999998,True,1
1788790451.585,1788789965.8,78.66009616666666,16.933677166666666,True,1
1788790451.784,1788789966.0,78.66009616666666,16.933677,True,1
1788790451.985,1788789966.2,78.66009616666666,16.933676666666667,True,1
1788790452.186,1788789966.4,78.66009616666666,16.933676333333334,True,1
1788790452.385,1788789966.6,78.66009616666666,16.933676,True,1
1788790452.584,1788789966.8,78.66009600000001,16.933675666666666,True,1
1788790452.784,1788789967.0,78.66009600000001,16.933675333333333,True,1
1788790452.986,1788789967.2,78.66009600000001,16.933675166666667,True,1
1788790453.186,1788789967.4,78.66009600000001,16.933674666666665,True,1
1788790453.384,1788789967.6,78.66009583333333,16.9336745,True,1
1788790453.582,1788789967.8,78.66009583333333,16.933674,True,1
1788790453.784,1788789968.0,78.66009583333333,16.933673666666667,True,1
1788790453.985,1788789968.2,78.66009583333333,16.933673166666665,True,1
1788790454.185,1788789968.4,78.66009566666666,16.933672833333333,True,1
1788790454.388,1788789968.6,78.66009566666666,16.9336725,True,1
1788790454.587,1788789968.8,78.66009566666666,16.933672333333334,True,1
1788790454.786,1788789969.0,78.66009566666666,16.933672166666668,True,1
1788790454.986,1788789969.2,78.66009566666666,16.933672,True,1
1788790455.186,1788789969.4,78.66009566666666,16.933671666666665,True,1
1788790455.387,1788789969.6,78.66009566666666,16.933671166666667,True,1
1788790455.586,1788789969.8,78.66009566666666,16.933670833333334,True,1
1788790455.786,1788789970.0,78.66009583333333,16.9336705,True,1
1788790455.986,1788789970.2,78.66009583333333,16.933670166666666,True,1
1788790456.182,1788789970.4,78.66009566666666,16.933669666666667,True,1
1788790456.384,1788789970.6,78.66009566666666,16.933669000000002,True,1
1788790456.587,1788789970.8,78.66009566666666,16.9336685,True,1
1788790456.785,1788789971.0,78.66009566666666,16.933668,True,1
1788790456.991,1788789971.2,78.66009566666666,16.933667500000002,True,1
1788790457.183,1788789971.4,78.6600955,16.933667,True,1
1788790457.386,1788789971.6,78.6600955,16.9336665,True,1
1788790457.584,1788789971.8,78.6600955,16.933666000000002,True,1
1788790457.787,1788789972.0,78.66009533333333,16.9336655,True,1
1788790457.988,1788789972.2,78.66009533333333,16.933664833333335,True,1
1788790458.188,1788789972.4,78.66009533333333,16.933664,True,1
1788790458.384,1788789972.6,78.66009533333333,16.93366316666667,True,1
1788790458.586,1788789972.8,78.66009516666666,16.9336625,True,1
1788790458.784,1788789973.0,78.66009516666666,16.933662,True,1
1788790458.984,1788789973.2,78.66009516666666,16.93366166666667,True,1
1788790459.185,1788789973.4,78.66009516666666,16.933661500000003,True,1
1788790459.384,1788789973.6,78.66009533333333,16.933661500000003,True,1
1788790459.584,1788789973.8,78.6600955,16.933662166666668,True,1
1788790459.785,1788789974.0,78.66009600000001,16.933663000000003,True,1
1788790459.987,1788789974.2,78.6600965,16.933663666666668,True,1
1788790460.188,1788789974.4,78.66009716666667,16.933664500000003,True,1
1788790460.385,1788789974.6,78.66009783333334,16.933664500000003,True,1
1788790460.586,1788789974.8,78.66009866666667,16.933665333333334,True,1
1788790460.787,1788789975.0,78.66009933333333,16.933665833333336,True,1
1788790460.987,1788789975.2,78.66010016666668,16.9336655,True,1
1788790461.186,1788789975.4,78.66010083333335,16.933665166666668,True,1
1788790461.387,1788789975.6,78.66010133333333,16.933664500000003,True,1
1788790461.586,1788789975.8,78.66010183333333,16.933663833333334,True,1
1788790461.784,1788789976.0,78.66010233333333,16.933663333333335,True,1
1788790461.987,1788789976.2,78.66010266666667,16.933663000000003,True,1
1788790462.189,1788789976.4,78.66010299999999,16.9336625,True,1
1788790462.387,1788789976.6,78.6601035,16.933662166666668,True,1
1788790462.587,1788789976.8,78.66010383333334,16.933662,True,1
1788790462.788,1788789977.0,78.66010433333332,16.933661833333336,True,1
1788790462.988,1788789977.2,78.66010466666667,16.93366166666667,True,1
1788790463.187,1788789977.4,78.660105,16.933661500000003,True,1
1788790463.387,1788789977.6,78.6601055,16.933661333333337,True,1
1788790463.586,1788789977.8,78.66010583333333,16.933660999999997,True,1
1788790463.787,1788789978.0,78.66010616666668,16.9336605,True,1
1788790463.987,1788789978.2,78.6601065,16.933659833333333,True,1
1788790464.188,1788789978.4,78.66010683333334,16.93365933333333,True,1
1788790464.387,1788789978.6,78.66010733333333,16.933658166666664,True,1
1788790464.583,1788789978.8,78.66010766666666,16.933656666666664,True,1
1788790464.786,1788789979.0,78.66010816666667,16.933654666666666,True,1
1788790464.988,1788789979.2,78.66010849999999,16.933652166666665,True,1
1788790465.188,1788789979.4,78.66010899999999,16.933648833333333,True,1
1788790465.387,1788789979.6,78.66010933333334,16.933644666666666,True,1
1788790465.588,1788789979.8,78.6601095,16.93364,True,1
1788790465.786,1788789980.0,78.66010966666666,16.933635499999998,True,1
1788790465.986,1788789980.2,78.6601095,16.933631166666665,True,1
1788790466.187,1788789980.4,78.66010933333334,16.933626833333335,True,1
1788790466.388,1788789980.6,78.66010916666667,16.933623166666667,True,1
1788790466.589,1788789980.8,78.66010883333334,16.933619500000002,True,1
1788790466.787,1788789981.0,78.66010866666667,16.933616833333335,True,1
1788790466.986,1788789981.2,78.66010816666667,16.933614666666664,True,1
1788790467.185,1788789981.4,78.66010800000001,16.933613166666664,True,1
1788790467.386,1788789981.6,78.66010750000001,16.933612,True,1
1788790467.588,1788789981.8,78.66010733333333,16.933610833333333,True,1
1788790467.789,1788789982.0,78.66010666666666,16.933610166666664,True,1
1788790467.991,1788789982.2,78.6601065,16.933609666666666,True,1
1788790468.186,1788789982.4,78.66010616666668,16.933609166666667,True,1
1788790468.385,1788789982.6,78.660106,16.933609,True,1
1788790468.59,1788789982.8,78.66010583333333,16.933608666666665,True,1
1788790468.787,1788789983.0,78.6601055,16.933607833333333,True,1
1788790468.988,1788789983.2,78.66010516666667,16.933606833333332,True,1
1788790469.186,1788789983.4,78.660105,16.933606,True,1
1788790469.387,1788789983.6,78.66010466666667,16.933605166666666,True,1
1788790469.586,1788789983.8,78.6601045,16.933604333333335,True,1
1788790469.788,1788789984.0,78.66010416666667,16.933604166666665,True,1
1788790469.987,1788789984.2,78.660104,16.933604333333335,True,1
1788790470.188,1788789984.4,78.66010383333334,16.933605166666666,True,1
1788790470.387,1788789984.6,78.66010366666666,16.933605833333335,True,1
1788790470.589,1788789984.8,78.66010366666666,16.933606333333334,True,1
1788790470.788,1788789985.0,78.6601035,16.933606333333334,True,1
1788790470.988,1788789985.2,78.66010333333334,16.933606333333334,True,1
1788790471.188,1788789985.4,78.66010333333334,16.933606166666667,True,1
1788790471.385,1788789985.6,78.66010316666667,16.933605833333335,True,1
1788790471.586,1788789985.8,78.66010299999999,16.933606,True,1
1788790471.787,1788789986.0,78.66010283333334,16.933605666666665,True,1
1788790471.989,1788789986.2,78.66010266666667,16.9336055,True,1
1788790472.188,1788789986.4,78.66010266666667,16.9336055,True,1
1788790472.387,1788789986.6,78.6601025,16.933605166666666,True,1
1788790472.588,1788789986.8,78.66010233333333,16.933605,True,1
1788790472.788,1788789987.0,78.66010216666668,16.933605,True,1
1788790472.987,1788789987.2,78.66010200000001,16.933605,True,1
1788790473.189,1788789987.4,78.66010183333333,16.933605166666666,True,1
1788790473.388,1788789987.6,78.66010166666666,16.933605166666666,True,1
1788790473.584,1788789987.8,78.66010133333333,16.933605,True,1
1788790473.786,1788789988.0,78.66010116666666,16.933605,True,1
1788790473.987,1788789988.2,78.66010083333335,16.933604833333334,True,1
1788790474.185,1788789988.4,78.6601005,16.933604666666668,True,1
1788790474.386,1788789988.6,78.66010016666668,16.9336045,True,1
1788790474.585,1788789988.8,78.66009983333333,16.933604,True,1
1788790474.786,1788789989.0,78.66009949999999,16.933603666666666,True,1
1788790474.987,1788789989.2,78.660099,16.933603166666668,True,1
1788790475.186,1788789989.4,78.66009866666667,16.933602833333335,True,1
1788790475.388,1788789989.6,78.66009816666666,16.9336025,True,1
1788790475.585,1788789989.8,78.66009783333334,16.933602,True,1
1788790475.786,1788789990.0,78.66009733333334,16.933601666666668,True,1
1788790475.986,1788789990.2,78.66009666666667,16.933600833333333,True,1
1788790476.189,1788789990.4,78.66009616666666,16.933600000000002,True,1
1788790476.386,1788789990.6,78.66009533333333,16.93359866666667,True,1
1788790476.587,1788789990.8,78.6600945,16.933596333333334,True,1
1788790476.786,1788789991.0,78.66009366666667,16.933593166666665,True,1
1788790476.988,1788789991.2,78.660093,16.933589166666664,True,1
1788790477.187,1788789991.4,78.66009233333332,16.933584166666666,True,1
1788790477.387,1788789991.6,78.66009183333334,16.9335785,True,1
1788790477.586,1788789991.8,78.66009133333334,16.9335725,True,1
1788790477.787,1788789992.0,78.66009116666667,16.93356633333333,True,1
1788790477.987,1788789992.2,78.660091,16.933560666666665,True,1
1788790478.189,1788789992.4,78.660091,16.933554166666667,True,1
1788790478.386,1788789992.6,78.660091,16.93354833333333,True,1
1788790478.588,1788789992.8,78.66009116666667,16.933542666666664,True,1
1788790478.789,1788789993.0,78.6600915,16.933537333333334,True,1
1788790478.989,1788789993.2,78.660092,16.933532666666668,True,1
1788790479.19,1788789993.4,78.6600925,16.933529166666666,True,1
1788790479.39,1788789993.6,78.66009316666667,16.93352666666667,True,1
1788790479.589,1788789993.8,78.660094,16.933524499999997,True,1
1788790479.787,1788789994.0,78.66009466666667,16.933523333333333,True,1
1788790479.987,1788789994.2,78.66009533333333,16.933521666666664,True,1
1788790480.186,1788789994.4,78.66009600000001,16.933520666666666,True,1
1788790480.387,1788789994.6,78.66009666666667,16.933519666666665,True,1
1788790480.587,1788789994.8,78.66009716666667,16.933518666666664,True,1
1788790480.788,1788789995.0,78.66009783333334,16.933518,True,1
1788790480.986,1788789995.2,78.66009833333332,16.933517833333333,True,1
1788790481.187,1788789995.4,78.66009883333332,16.933517666666667,True,1
1788790481.387,1788789995.6,78.66009933333333,16.9335175,True,1
1788790481.587,1788789995.8,78.66009983333333,16.933517,True,1
1788790481.786,1788789996.0,78.66010033333333,16.933516166666667,True,1
1788790481.985,1788789996.2,78.66010066666666,16.9335155,True,1
1788790482.186,1788789996.4,78.660101,16.933514666666667,True,1
1788790482.386,1788789996.6,78.66010133333333,16.933513666666666,True,1
1788790482.587,1788789996.8,78.66010166666666,16.933512833333335,True,1
1788790482.786,1788789997.0,78.66010200000001,16.933511833333334,True,1
1788790482.987,1788789997.2,78.66010233333333,16.933510666666667,True,1
1788790483.187,1788789997.4,78.66010266666667,16.933509666666666,True,1
1788790483.386,1788789997.6,78.66010299999999,16.933508500000002,True,1
1788790483.585,1788789997.8,78.66010333333334,16.933507333333335,True,1
1788790483.785,1788789998.0,78.66010366666666,16.933505833333335,True,1
1788790483.989,1788789998.2,78.66010383333334,16.933503666666663,True,1
1788790484.187,1788789998.4,78.66010416666667,16.933501166666666,True,1
1788790484.387,1788789998.6,78.66010433333332,16.933497499999998,True,1
1788790484.588,1788789998.8,78.6601045,16.933493333333335,True,1
1788790484.788,1788789999.0,78.66010466666667,16.933489166666668,True,1
1788790484.987,1788789999.2,78.66010466666667,16.933485333333334,True,1
1788790485.184,1788789999.4,78.6601045,16.933481500000003,True,1
1788790485.387,1788789999.6,78.66010433333332,16.933477999999997,True,1
1788790485.587,1788789999.8,78.660104,16.933474666666665,True,1
1788790485.788,1788790000.0,78.66010366666666,16.933471833333332,True,1
1788790485.988,1788790000.2,78.66010333333334,16.933468833333333,True,1
1788790486.189,1788790000.4,78.66010316666667,16.933466666666668,True,1
1788790486.387,1788790000.6,78.66010283333334,16.933465166666668,True,1
1788790486.585,1788790000.8,78.66010266666667,16.933463500000002,True,1
1788790486.788,1788790001.0,78.6601025,16.93346216666667,True,1
1788790486.987,1788790001.2,78.66010200000001,16.933461166666667,True,1
1788790487.186,1788790001.4,78.66010183333333,16.93346,True,1
1788790487.386,1788790001.6,78.66010150000001,16.933459000000003,True,1
1788790487.586,1788790001.8,78.66010116666666,16.9334575,True,1
1788790487.788,1788790002.0,78.660101,16.933456333333332,True,1
1788790487.986,1788790002.2,78.66010083333335,16.933455666666667,True,1
1788790488.187,1788790002.4,78.6601005,16.933455499999997,True,1
1788790488.389,1788790002.6,78.66010016666668,16.933454666666666,True,1
1788790488.588,1788790002.8,78.66009983333333,16.93345383333333,True,1
1788790488.787,1788790003.0,78.66009949999999,16.933453333333333,True,1
1788790488.989,1788790003.2,78.66009916666667,16.933452833333334,True,1
1788790489.189,1788790003.4,78.66009883333332,16.933453166666666,True,1
1788790489.387,1788790003.6,78.66009866666667,16.933453666666665,True,1
1788790489.589,1788790003.8,78.6600985,16.93345383333333,True,1
1788790489.789,1788790004.0,78.66009833333332,16.93345383333333,True,1
1788790489.988,1788790004.2,78.66009816666666,16.933453166666666,True,1
1788790490.189,1788790004.4,78.660098,16.933452666666668,True,1
1788790490.389,1788790004.6,78.66009783333334,16.933451833333333,True,1
1788790490.589,1788790004.8,78.66009766666666,16.933450999999998,True,1
1788790490.788,1788790005.0,78.66009733333334,16.93345,True,1
1788790490.988,1788790005.2,78.66009716666667,16.933449333333332,True,1
1788790491.187,1788790005.4,78.66009666666667,16.93344816666667,True,1
1788790491.389,1788790005.6,78.66009616666666,16.933447333333334,True,1
1788790491.589,1788790005.8,78.66009566666666,16.933446333333332,True,1
1788790491.789,1788790006.0,78.66009516666666,16.9334455,True,1
1788790491.988,1788790006.2,78.66009466666667,16.933444833333333,True,1
1788790492.186,1788790006.4,78.66009416666667,16.933444333333334,True,1
1788790492.394,1788790006.6,78.66009366666667,16.93344366666667,True,1
1788790492.586,1788790006.8,78.66009316666667,16.933442666666668,True,1
1788790492.787,1788790007.0,78.66009266666667,16.933442,True,1
1788790492.986,1788790007.2,78.66009216666666,16.9334415,True,1
1788790493.189,1788790007.4,78.66009166666666,16.933440833333336,True,1
1788790493.388,1788790007.6,78.66009133333334,16.933440333333333,True,1
1788790493.587,1788790007.8,78.66009083333333,16.933439833333335,True,1
1788790493.787,1788790008.0,78.6600905,16.933439333333336,True,1
1788790493.988,1788790008.2,78.66009000000001,16.933438833333334,True,1
1788790494.187,1788790008.4,78.6600895,16.93343816666667,True,1
1788790494.386,1788790008.6,78.66008866666667,16.933437166666668,True,1
1788790494.587,1788790008.8,78.66008766666667,16.933435999999997,True,1
1788790494.785,1788790009.0,78.6600865,16.933434666666667,True,1
1788790494.987,1788790009.2,78.660085,16.933432999999997,True,1
1788790495.187,1788790009.4,78.6600835,16.9334305,True,1
1788790495.386,1788790009.6,78.66008183333334,16.933427166666668,True,1
1788790495.589,1788790009.8,78.66008016666666,16.933422833333335,True,1
1788790495.79,1788790010.0,78.66007833333333,16.933417333333335,True,1
1788790495.989,1788790010.2,78.66007666666665,16.9334115,True,1
1788790496.189,1788790010.4,78.66007516666667,16.933404666666668,True,1
1788790496.39,1788790010.6,78.66007383333334,16.93339716666667,True,1
1788790496.588,1788790010.8,78.66007283333333,16.933388666666666,True,1
1788790496.787,1788790011.0,78.660072,16.93338,True,1
1788790496.988,1788790011.2,78.66007133333332,16.933371333333334,True,1
1788790497.186,1788790011.4,78.66007083333334,16.93336233333333,True,1
1788790497.388,1788790011.6,78.66007016666667,16.933353166666667,True,1
1788790497.585,1788790011.8,78.66006983333334,16.933344499999997,True,1
1788790497.786,1788790012.0,78.66006999999999,16.933335833333334,True,1
1788790497.992,1788790012.2,78.66007016666667,16.9333275,True,1
1788790498.187,1788790012.4,78.66007033333334,16.933319666666666,True,1
1788790498.39,1788790012.6,78.66007083333334,16.933312166666667,True,1
1788790498.59,1788790012.8,78.66007133333332,16.93330566666667,True,1
1788790498.788,1788790013.0,78.660072,16.933300499999998,True,1
1788790498.987,1788790013.2,78.66007266666666,16.933296166666665,True,1
1788790499.193,1788790013.4,78.66007333333333,16.9332915,True,1
1788790499.388,1788790013.6,78.660074,16.933287833333335,True,1
1788790499.588,1788790013.8,78.66007483333333,16.9332845,True,1
1788790499.788,1788790014.0,78.66007549999999,16.93328166666667,True,1
1788790499.988,1788790014.2,78.66007616666667,16.9332795,True,1
1788790500.189,1788790014.4,78.66007683333333,16.933277999999998,True,1
1788790500.387,1788790014.6,78.66007766666667,16.933276999999997,True,1
1788790500.589,1788790014.8,78.66007833333333,16.933276166666666,True,1
1788790500.788,1788790015.0,78.660079,16.93327533333333,True,1
1788790500.989,1788790015.2,78.66007966666666,16.933275166666665,True,1
1788790501.189,1788790015.4,78.66008016666666,16.933274833333332,True,1
1788790501.389,1788790015.6,78.6600805,16.933274333333333,True,1
1788790501.586,1788790015.8,78.660081,16.933273666666665,True,1
1788790501.785,1788790016.0,78.66008149999999,16.933273166666666,True,1
1788790501.986,1788790016.2,78.660082,16.933272666666667,True,1
1788790502.187,1788790016.4,78.66008233333334,16.933272166666665,True,1
1788790502.386,1788790016.6,78.66008283333333,16.933271833333333,True,1
1788790502.587,1788790016.8,78.66008316666667,16.9332715,True,1
1788790502.787,1788790017.0,78.66008366666667,16.933270999999998,True,1
1788790502.986,1788790017.2,78.66008400000001,16.933270333333333,True,1
1788790503.183,1788790017.4,78.66008433333333,16.933269666666668,True,1
1788790503.387,1788790017.6,78.66008483333333,16.933269,True,1
1788790503.587,1788790017.8,78.66008533333334,16.933268166666668,True,1
1788790503.787,1788790018.0,78.66008566666666,16.933267333333333,True,1
1788790503.988,1788790018.2,78.66008616666666,16.9332665,True,1
1788790504.186,1788790018.4,78.66008683333332,16.933265666666667,True,1
1788790504.386,1788790018.6,78.66008733333334,16.933264833333332,True,1
1788790504.586,1788790018.8,78.66008783333334,16.93326366666667,True,1
1788790504.787,1788790019.0,78.66008833333333,16.933262333333335,True,1
1788790504.988,1788790019.2,78.66008883333333,16.933261166666668,True,1
1788790505.187,1788790019.4,78.66008933333333,16.933259833333334,True,1
1788790505.389,1788790019.6,78.66008983333333,16.933258666666667,True,1
1788790505.589,1788790019.8,78.66009033333333,16.933257333333334,True,1
1788790505.789,1788790020.0,78.66009083333333,16.93325616666667,True,1
1788790505.993,1788790020.2,78.66009133333334,16.933254833333333,True,1
1788790506.189,1788790020.4,78.66009183333334,16.933253833333332,True,1
1788790506.39,1788790020.6,78.6600925,16.933252666666665,True,1
1788790506.588,1788790020.8,78.660093,16.933251666666667,True,1
1788790506.787,1788790021.0,78.66009366666667,16.933250833333332,True,1
1788790506.988,1788790021.2,78.66009416666667,16.93324983333333,True,1
1788790507.188,1788790021.4,78.66009483333333,16.933249,True,1
1788790507.388,1788790021.6,78.66009533333333,16.93324833333333,True,1
1788790507.587,1788790021.8,78.66009583333333,16.933247666666666,True,1
1788790507.785,1788790022.0,78.6600965,16.93324683333333,True,1
1788790507.988,1788790022.2,78.660097,16.933246,True,1
1788790508.185,1788790022.4,78.66009749999999,16.933245499999998,True,1
1788790508.387,1788790022.6,78.660098,16.933244833333333,True,1
1788790508.585,1788790022.8,78.6600985,16.933244,True,1
1788790508.789,1788790023.0,78.660099,16.933243333333333,True,1
1788790508.989,1788790023.2,78.66009966666667,16.9332425,True,1
1788790509.19,1788790023.4,78.66010016666668,16.933242166666666,True,1
1788790509.39,1788790023.6,78.66010066666666,16.9332415,True,1
1788790509.587,1788790023.8,78.66010133333333,16.933241,True,1
1788790509.788,1788790024.0,78.66010183333333,16.9332405,True,1
1788790509.989,1788790024.2,78.66010233333333,16.933240166666668,True,1
1788790510.188,1788790024.4,78.66010283333334,16.9332395,True,1
1788790510.39,1788790024.6,78.6601035,16.933238833333334,True,1
1788790510.59,1788790024.8,78.660104,16.933238333333335,True,1
1788790510.787,1788790025.0,78.66010466666667,16.933237666666667,True,1
1788790510.99,1788790025.2,78.66010516666667,16.933236833333336,True,1
1788790511.185,1788790025.4,78.66010583333333,16.933235833333335,True,1
1788790511.384,1788790025.6,78.66010633333333,16.933235,True,1
1788790511.587,1788790025.8,78.66010683333334,16.933234333333335,True,1
1788790511.787,1788790026.0,78.66010750000001,16.93323366666667,True,1
1788790511.987,1788790026.2,78.66010800000001,16.93323283333333,True,1
1788790512.187,1788790026.4,78.66010866666667,16.933232166666667,True,1
1788790512.387,1788790026.6,78.66010916666667,16.933231499999998,True,1
1788790512.587,1788790026.8,78.66010966666666,16.933231,True,1
1788790512.786,1788790027.0,78.66011033333332,16.93323033333333,True,1
1788790512.988,1788790027.2,78.66011083333333,16.933229833333332,True,1
1788790513.187,1788790027.4,78.6601115,16.933229333333333,True,1
1788790513.387,1788790027.6,78.660112,16.933228666666665,True,1
1788790513.586,1788790027.8,78.6601125,16.933228,True,1
1788790513.787,1788790028.0,78.66011316666666,16.93322733333333,True,1
1788790513.988,1788790028.2,78.66011366666666,16.933226666666666,True,1
1788790514.184,1788790028.4,78.66011416666667,16.933225999999998,True,1
1788790514.388,1788790028.6,78.66011466666667,16.9332255,True,1
1788790514.588,1788790028.8,78.66011516666667,16.933224833333334,True,1
1788790514.787,1788790029.0,78.66011583333334,16.93322433333333,True,1
1788790514.988,1788790029.2,78.66011633333332,16.9332235,True,1
1788790515.188,1788790029.4,78.66011683333333,16.933222666666666,True,1
1788790515.389,1788790029.6,78.6601175,16.933222,True,1
1788790515.587,1788790029.8,78.660118,16.933221166666666,True,1
1788790515.789,1788790030.0,78.66011866666666,16.933220333333335,True,1
1788790515.99,1788790030.2,78.66011916666666,16.933219333333334,True,1
1788790516.202,1788790030.4,78.66011983333333,16.93321866666667,True,1
1788790516.388,1788790030.6,78.66012033333332,16.933217833333334,True,1
1788790516.589,1788790030.8,78.66012099999999,16.933217,True,1
1788790516.786,1788790031.0,78.6601215,16.933216166666668,True,1
1788790516.987,1788790031.2,78.66012216666667,16.9332155,True,1
1788790517.188,1788790031.4,78.66012283333333,16.933214833333334,True,1
1788790517.387,1788790031.6,78.66012333333333,16.933214,True,1
1788790517.587,1788790031.8,78.660124,16.933213333333335,True,1
1788790517.788,1788790032.0,78.6601245,16.9332125,True,1
1788790517.988,1788790032.2,78.66012516666666,16.933211833333335,True,1
1788790518.188,1788790032.4,78.66012583333332,16.93321116666667,True,1
1788790518.387,1788790032.6,78.66012633333334,16.93321033333333,True,1
1788790518.589,1788790032.8,78.660127,16.933209499999997,True,1
1788790518.787,1788790033.0,78.6601275,16.933208999999998,True,1
1788790518.988,1788790033.2,78.660128,16.933208166666667,True,1
1788790519.187,1788790033.4,78.66012866666667,16.933207499999998,True,1
1788790519.389,1788790033.6,78.66012916666666,16.933207,True,1
1788790519.587,1788790033.8,78.66012983333333,16.933206499999997,True,1
1788790519.785,1788790034.0,78.66013066666666,16.933206166666665,True,1
1788790519.989,1788790034.2,78.6601315,16.933206,True,1
1788790520.19,1788790034.4,78.66013216666667,16.933206499999997,True,1
1788790520.389,1788790034.6,78.660133,16.933206666666667,True,1
1788790520.59,1788790034.8,78.66013383333333,16.933207,True,1
1788790520.791,1788790035.0,78.66013466666666,16.933207166666666,True,1
1788790520.99,1788790035.2,78.6601355,16.933207666666664,True,1
1788790521.187,1788790035.4,78.6601365,16.933208166666667,True,1
1788790521.388,1788790035.6,78.6601375,16.933208666666665,True,1
1788790521.586,1788790035.8,78.66013849999999,16.933209166666664,True,1
1788790521.786,1788790036.0,78.66013966666667,16.933209666666666,True,1
1788790521.986,1788790036.2,78.66014083333333,16.933210166666665,True,1
1788790522.186,1788790036.4,78.660142,16.933210499999998,True,1
1788790522.385,1788790036.6,78.66014316666666,16.933210666666664,True,1
1788790522.585,1788790036.8,78.66014449999999,16.93321083333333,True,1
1788790522.786,1788790037.0,78.66014583333335,16.933210999999996,True,1
1788790522.988,1788790037.2,78.66014700000001,16.93321116666667,True,1
1788790523.187,1788790037.4,78.6601485,16.93321116666667,True,1
1788790523.388,1788790037.6,78.66014983333334,16.93321116666667,True,1
1788790523.589,1788790037.8,78.66015116666668,16.933211333333336,True,1
1788790523.788,1788790038.0,78.66015250000001,16.933211333333336,True,1
1788790523.988,1788790038.2,78.66015399999999,16.933211333333336,True,1
1788790524.189,1788790038.4,78.66015533333332,16.933211333333336,True,1
1788790524.388,1788790038.6,78.66015683333333,16.933211500000002,True,1
1788790524.588,1788790038.8,78.66015816666666,16.933211500000002,True,1
1788790524.792,1788790039.0,78.66015949999999,16.93321166666667,True,1
1788790524.987,1788790039.2,78.660161,16.93321166666667,True,1
1788790525.185,1788790039.4,78.66016233333333,16.93321166666667,True,1
1788790525.386,1788790039.6,78.66016383333334,16.93321166666667,True,1
1788790525.585,1788790039.8,78.66016516666667,16.93321166666667,True,1
1788790525.786,1788790040.0,78.66016666666665,16.93321116666667,True,1
1788790525.987,1788790040.2,78.66016800000001,16.93321083333333,True,1
1788790526.186,1788790040.4,78.66016933333334,16.93321033333333,True,1
1788790526.387,1788790040.6,78.66017083333332,16.933210166666665,True,1
1788790526.586,1788790040.8,78.66017216666667,16.933210166666665,True,1
1788790526.786,1788790041.0,78.6601735,16.933209833333333,True,1
1788790526.986,1788790041.2,78.66017483333333,16.933209499999997,True,1
1788790527.186,1788790041.4,78.66017633333333,16.933209166666664,True,1
1788790527.388,1788790041.6,78.66017766666667,16.93320883333333,True,1
1788790527.587,1788790041.8,78.660179,16.9332085,True,1
1788790527.787,1788790042.0,78.66018033333333,16.933208166666667,True,1
1788790527.987,1788790042.2,78.66018166666666,16.933207666666664,True,1
1788790528.188,1788790042.4,78.66018316666667,16.933207166666666,True,1
1788790528.387,1788790042.6,78.6601845,16.933206666666667,True,1
1788790528.591,1788790042.8,78.66018583333333,16.933206166666665,True,1
1788790528.79,1788790043.0,78.66018733333334,16.933205666666666,True,1
1788790528.989,1788790043.2,78.66018866666667,16.933205333333333,True,1
1788790529.187,1788790043.4,78.66019,16.933204999999997,True,1
1788790529.386,1788790043.6,78.66019133333333,16.933204666666665,True,1
1788790529.585,1788790043.8,78.66019283333334,16.933204333333332,True,1
1788790529.785,1788790044.0,78.66019416666667,16.933204166666666,True,1
1788790529.986,1788790044.2,78.6601955,16.933204,True,1
1788790530.187,1788790044.4,78.660197,16.933203499999998,True,1
1788790530.388,1788790044.6,78.66019833333333,16.933202833333333,True,1
1788790530.586,1788790044.8,78.66019966666666,16.933202333333334,True,1
1788790530.785,1788790045.0,78.66020116666667,16.933201666666665,True,1
1788790530.988,1788790045.2,78.6602025,16.933201166666667,True,1
1788790531.196,1788790045.4,78.66020383333333,16.933200666666668,True,1
1788790531.388,1788790045.6,78.66020533333334,16.9332,True,1
1788790531.587,1788790045.8,78.66020666666667,16.933199666666667,True,1
1788790531.787,1788790046.0,78.66020816666668,16.933199000000002,True,1
1788790531.988,1788790046.2,78.66020950000001,16.9331985,True,1
1788790532.203,1788790046.4,78.66021099999999,16.933197833333335,True,1
1788790532.387,1788790046.6,78.6602125,16.933197,True,1
1788790532.588,1788790046.8,78.66021383333333,16.933196333333335,True,1
1788790532.788,1788790047.0,78.66021516666666,16.933195666666666,True,1
1788790532.987,1788790047.2,78.66021666666667,16.933195,True,1
1788790533.187,1788790047.4,78.660218,16.933194333333333,True,1
1788790533.385,1788790047.6,78.6602195,16.933193666666668,True,1
1788790533.585,1788790047.8,78.66022083333334,16.933193000000003,True,1
1788790533.787,1788790048.0,78.66022216666667,16.933192666666667,True,1
1788790533.988,1788790048.2,78.66022366666667,16.933192000000002,True,1
1788790534.187,1788790048.4,78.66022500000001,16.933191333333333,True,1
1788790534.387,1788790048.6,78.66022633333334,16.93319066666667,True,1
1788790534.587,1788790048.8,78.66022766666667,16.93319016666667,True,1
1788790534.788,1788790049.0,78.66022916666667,16.933189333333335,True,1
1788790534.988,1788790049.2,78.6602305,16.933188500000004,True,1
1788790535.187,1788790049.4,78.66023183333333,16.93318783333333,True,1
1788790535.387,1788790049.6,78.66023333333332,16.933187166666666,True,1
1788790535.589,1788790049.8,78.66023466666667,16.93318633333333,True,1
1788790535.787,1788790050.0,78.66023616666666,16.933185833333333,True,1
1788790535.987,1788790050.2,78.6602375,16.933185166666664,True,1
1788790536.184,1788790050.4,78.660239,16.933184333333333,True,1
1788790536.384,1788790050.6,78.66024033333333,16.933184,True,1
1788790536.587,1788790050.8,78.66024166666666,16.933183333333332,True,1
1788790536.803,1788790051.0,78.66024300000001,16.933183,True,1
1788790536.989,1788790051.2,78.6602445,16.9331825,True,1
1788790537.188,1788790051.4,78.66024583333333,16.933182166666665,True,1
1788790537.389,1788790051.6,78.66024733333333,16.933182,True,1
1788790537.587,1788790051.8,78.66024866666666,16.933181833333332,True,1
1788790537.787,1788790052.0,78.66024999999999,16.933181666666666,True,1
1788790537.987,1788790052.2,78.66025133333332,16.9331815,True,1
1788790538.188,1788790052.4,78.66025266666666,16.933181166666667,True,1
1788790538.386,1788790052.6,78.660254,16.93318083333333,True,1
1788790538.601,1788790052.8,78.66025549999999,16.9331805,True,1
1788790538.788,1788790053.0,78.66025683333334,16.9331805,True,1
1788790538.984,1788790053.2,78.66025816666667,16.933180333333333,True,1
1788790539.188,1788790053.4,78.66025966666666,16.9331805,True,1
1788790539.386,1788790053.6,78.660261,16.9331805,True,1
1788790539.586,1788790053.8,78.6602625,16.93318083333333,True,1
1788790539.786,1788790054.0,78.66026400000001,16.933181166666667,True,1
1788790539.986,1788790054.2,78.66026533333334,16.933182,True,1
1788790540.185,1788790054.4,78.66026683333332,16.933183,True,1
1788790540.388,1788790054.6,78.660268,16.9331845,True,1
1788790540.587,1788790054.8,78.66026916666667,16.933186166666665,True,1
1788790540.787,1788790055.0,78.66027066666668,16.933187666666665,True,1
1788790540.992,1788790055.2,78.660272,16.9331895,True,1
1788790541.187,1788790055.4,78.66027333333334,16.933191166666667,True,1
1788790541.386,1788790055.6,78.6602745,16.93319316666667,True,1
1788790541.589,1788790055.8,78.66027583333333,16.9331955,True,1
1788790541.786,1788790056.0,78.660277,16.933198166666667,True,1
1788790541.987,1788790056.2,78.660278,16.933200833333334,True,1
1788790542.187,1788790056.4,78.66027916666667,16.933203833333334,True,1
1788790542.387,1788790056.6,78.66028016666668,16.933207,True,1
1788790542.588,1788790056.8,78.66028116666666,16.93321033333333,True,1
1788790542.787,1788790057.0,78.66028216666668,16.933213666666667,True,1
1788790542.988,1788790057.2,78.66028299999999,16.933217,True,1
1788790543.185,1788790057.4,78.660284,16.933220666666667,True,1
1788790543.387,1788790057.6,78.660285,16.93322433333333,True,1
1788790543.588,1788790057.8,78.660286,16.933227833333333,True,1
1788790543.786,1788790058.0,78.660287,16.933231499999998,True,1
1788790543.987,1788790058.2,78.66028800000001,16.933235333333336,True,1
1788790544.187,1788790058.4,78.66028899999999,16.933239166666667,True,1
1788790544.387,1788790058.6,78.66029,16.933243166666667,True,1
1788790544.586,1788790058.8,78.660291,16.933246999999998,True,1
1788790544.789,1788790059.0,78.660292,16.933250833333332,True,1
1788790544.989,1788790059.2,78.660293,16.933254833333333,True,1
1788790545.186,1788790059.4,78.66029416666667,16.933258833333333,True,1
1788790545.387,1788790059.6,78.66029516666667,16.933262833333334,True,1
1788790545.587,1788790059.8,78.66029633333332,16.933266833333334,True,1
1788790545.787,1788790060.0,78.66029733333333,16.93327083333333,True,1
1788790545.987,1788790060.2,78.6602985,16.933275,True,1
1788790546.186,1788790060.4,78.66029950000001,16.933279000000002,True,1
1788790546.386,1788790060.6,78.66030066666667,16.933283,True,1
1788790546.587,1788790060.8,78.66030166666665,16.933287,True,1
1788790546.786,1788790061.0,78.66030283333333,16.933291,True,1
1788790546.987,1788790061.2,78.660304,16.933294999999998,True,1
1788790547.185,1788790061.4,78.66030500000001,16.933298999999998,True,1
1788790547.384,1788790061.6,78.660306,16.933303000000002,True,1
1788790547.586,1788790061.8,78.66030716666667,16.933307,True,1
1788790547.788,1788790062.0,78.66030816666667,16.933311,True,1
1788790547.988,1788790062.2,78.66030933333333,16.933315,True,1
1788790548.186,1788790062.4,78.66031033333334,16.933319166666667,True,1
1788790548.386,1788790062.6,78.6603115,16.933322999999998,True,1
1788790548.588,1788790062.8,78.66031249999999,16.933327000000002,True,1
1788790548.791,1788790063.0,78.6603135,16.933330833333333,True,1
1788790548.988,1788790063.2,78.66031466666666,16.933334833333333,True,1
1788790549.186,1788790063.4,78.66031583333333,16.933339,True,1
1788790549.384,1788790063.6,78.66031683333334,16.933342999999997,True,1
1788790549.585,1788790063.8,78.66031783333332,16.933347166666668,True,1
1788790549.785,1788790064.0,78.660319,16.9333515,True,1
1788790549.986,1788790064.2,78.66032016666666,16.933355666666667,True,1
1788790550.188,1788790064.4,78.66032116666666,16.933359666666668,True,1
1788790550.386,1788790064.6,78.66032216666667,16.933363999999997,True,1
1788790550.587,1788790064.8,78.66032333333332,16.933367999999998,True,1
1788790550.787,1788790065.0,78.66032433333334,16.933372000000002,True,1
1788790550.989,1788790065.2,78.66032533333333,16.93337616666667,True,1
1788790551.188,1788790065.4,78.66032633333333,16.933380333333332,True,1
1788790551.387,1788790065.6,78.6603275,16.9333845,True,1
1788790551.591,1788790065.8,78.6603285,16.933388666666666,True,1
1788790551.787,1788790066.0,78.6603295,16.933392833333336,True,1
1788790551.986,1788790066.2,78.6603305,16.93339716666667,True,1
1788790552.187,1788790066.4,78.6603315,16.933401333333332,True,1
1788790552.388,1788790066.6,78.66033250000001,16.933405666666665,True,1
1788790552.588,1788790066.8,78.6603335,16.93341,True,1
1788790552.785,1788790067.0,78.6603345,16.93341416666667,True,1
1788790552.987,1788790067.2,78.66033566666667,16.933418333333336,True,1
1788790553.187,1788790067.4,78.66033666666667,16.9334225,True,1
1788790553.39,1788790067.6,78.66033766666666,16.933426833333332,True,1
1788790553.589,1788790067.8,78.66033866666666,16.933430833333333,True,1
1788790553.789,1788790068.0,78.66033966666667,16.933435166666666,True,1
1788790553.988,1788790068.2,78.66034066666666,16.933439500000002,True,1
1788790554.187,1788790068.4,78.66034166666667,16.93344366666667,True,1
1788790554.386,1788790068.6,78.66034266666666,16.933448,True,1
1788790554.587,1788790068.8,78.66034366666666,16.933452166666665,True,1
1788790554.786,1788790069.0,78.66034483333333,16.9334565,True,1
1788790554.987,1788790069.2,78.66034566666667,16.93346066666667,True,1
1788790555.188,1788790069.4,78.66034683333334,16.933465166666668,True,1
1788790555.385,1788790069.6,78.66034766666667,16.9334695,True,1
1788790555.583,1788790069.8,78.66034866666668,16.933473833333334,True,1
1788790555.787,1788790070.0,78.66034983333334,16.933478166666664,True,1
1788790555.985,1788790070.2,78.66035083333333,16.9334825,True,1
1788790556.188,1788790070.4,78.66035183333334,16.933487,True,1
1788790556.385,1788790070.6,78.66035283333333,16.9334915,True,1
1788790556.585,1788790070.8,78.66035383333333,16.933495666666666,True,1
1788790556.786,1788790071.0,78.660355,16.9335,True,1
1788790556.986,1788790071.2,78.66035600000001,16.9335045,True,1
1788790557.188,1788790071.4,78.660357,16.93350866666667,True,1
1788790557.387,1788790071.6,78.660358,16.933513,True,1
1788790557.588,1788790071.8,78.660359,16.933517333333334,True,1
1788790557.788,1788790072.0,78.66036000000001,16.933521499999998,True,1
1788790557.987,1788790072.2,78.660361,16.93352583333333,True,1
1788790558.188,1788790072.4,78.660362,16.933530333333334,True,1
1788790558.386,1788790072.6,78.660363,16.933534666666667,True,1
1788790558.588,1788790072.8,78.660364,16.933539,True,1
1788790558.788,1788790073.0,78.660365,16.933543333333333,True,1
1788790558.992,1788790073.2,78.66036600000001,16.9335475,True,1
1788790559.188,1788790073.4,78.660367,16.933551833333336,True,1
1788790559.387,1788790073.6,78.660368,16.933556166666666,True,1
1788790559.587,1788790073.8,78.660369,16.933560333333332,True,1
1788790559.787,1788790074.0,78.66037,16.933564666666665,True,1
1788790559.986,1788790074.2,78.66037116666666,16.933568833333332,True,1
1788790560.187,1788790074.4,78.66037216666668,16.93357316666667,True,1
1788790560.385,1788790074.6,78.66037316666667,16.933577500000002,True,1
1788790560.587,1788790074.8,78.66037416666667,16.933581833333335,True,1
1788790560.787,1788790075.0,78.66037516666667,16.933586166666664,True,1
1788790560.988,1788790075.2,78.66037633333333,16.933590499999998,True,1
1788790561.188,1788790075.4,78.66037733333333,16.933594833333334,True,1
1788790561.389,1788790075.6,78.66037833333333,16.933599,True,1
1788790561.589,1788790075.8,78.66037933333334,16.933603333333334,True,1
1788790561.789,1788790076.0,78.66038033333332,16.933607666666667,True,1
1788790561.988,1788790076.2,78.6603815,16.933612,True,1
1788790562.189,1788790076.4,78.6603825,16.933616333333337,True,1
1788790562.388,1788790076.6,78.66038350000001,16.933620666666666,True,1
1788790562.588,1788790076.8,78.66038449999999,16.933625,True,1
1788790562.789,1788790077.0,78.66038566666666,16.933629333333332,True,1
1788790562.987,1788790077.2,78.66038666666667,16.933633666666665,True,1
1788790563.187,1788790077.4,78.66038766666667,16.933637833333332,True,1
1788790563.387,1788790077.6,78.66038883333334,16.933642000000003,True,1
1788790563.588,1788790077.8,78.66038983333333,16.933646333333336,True,1
1788790563.786,1788790078.0,78.66039083333334,16.933650833333335,True,1
1788790563.988,1788790078.2,78.66039183333334,16.933655166666664,True,1
1788790564.189,1788790078.4,78.66039283333333,16.933659499999997,True,1
1788790564.387,1788790078.6,78.660394,16.933663833333334,True,1
1788790564.587,1788790078.8,78.66039500000001,16.933668,True,1
1788790564.787,1788790079.0,78.660396,16.9336725,True,1
1788790564.988,1788790079.2,78.66039716666667,16.933676833333333,True,1
1788790565.187,1788790079.4,78.66039816666667,16.933681166666666,True,1
1788790565.387,1788790079.6,78.66039916666666,16.933685333333337,True,1
1788790565.587,1788790079.8,78.66040016666668,16.933689833333336,True,1
1788790565.787,1788790080.0,78.66040116666666,16.933694166666665,True,1
1788790565.994,1788790080.2,78.66040216666667,16.933698666666665,True,1
1788790566.187,1788790080.4,78.66040316666667,16.933702999999998,True,1
1788790566.387,1788790080.6,78.66040416666667,16.9337075,True,1
1788790566.585,1788790080.8,78.66040516666666,16.933712,True,1
1788790566.788,1788790081.0,78.66040633333334,16.9337165,True,1
1788790566.987,1788790081.2,78.66040733333332,16.933720833333332,True,1
1788790567.188,1788790081.4,78.66040833333334,16.933725166666665,True,1
1788790567.389,1788790081.6,78.66040933333333,16.933729500000002,True,1
1788790567.589,1788790081.8,78.66041033333333,16.933733833333335,True,1
1788790567.788,1788790082.0,78.66041133333333,16.933738166666668,True,1
1788790567.987,1788790082.2,78.66041233333334,16.9337425,True,1
1788790568.189,1788790082.4,78.66041333333332,16.93374683333333,True,1
1788790568.388,1788790082.6,78.66041433333334,16.933751166666664,True,1
1788790568.588,1788790082.8,78.66041533333333,16.9337555,True,1
1788790568.788,1788790083.0,78.66041633333333,16.93376,True,1
1788790568.992,1788790083.2,78.66041733333333,16.933764333333333,True,1
1788790569.188,1788790083.4,78.66041833333334,16.9337685,True,1
1788790569.386,1788790083.6,78.66041933333332,16.933772833333332,True,1
1788790569.588,1788790083.8,78.66042016666667,16.933777333333335,True,1
1788790569.787,1788790084.0,78.66042116666667,16.93378166666667,True,1
1788790569.987,1788790084.2,78.66042216666666,16.933786,True,1
1788790570.187,1788790084.4,78.66042316666667,16.9337905,True,1
1788790570.388,1788790084.6,78.66042416666666,16.93379483333333,True,1
1788790570.588,1788790084.8,78.66042516666667,16.933799333333333,True,1
1788790570.786,1788790085.0,78.66042616666667,16.933803833333332,True,1
1788790570.987,1788790085.2,78.66042716666666,16.933808166666665,True,1
1788790571.187,1788790085.4,78.66042816666666,16.933812666666665,True,1
1788790571.387,1788790085.6,78.66042900000001,16.933816999999998,True,1
1788790571.587,1788790085.8,78.66042999999999,16.9338215,True,1
1788790571.787,1788790086.0,78.660431,16.933826,True,1
1788790571.986,1788790086.2,78.660432,16.933830666666665,True,1
1788790572.185,1788790086.4,78.660433,16.93383533333333,True,1
1788790572.388,1788790086.6,78.660434,16.93384,True,1
1788790572.589,1788790086.8,78.660435,16.933844500000003,True,1
1788790572.788,1788790087.0,78.66043599999999,16.933849000000002,True,1
1788790572.989,1788790087.2,78.660437,16.9338535,True,1
1788790573.188,1788790087.4,78.66043800000001,16.933858,True,1
1788790573.389,1788790087.6,78.660439,16.9338625,True,1
1788790573.587,1788790087.8,78.66044000000001,16.933867000000003,True,1
1788790573.787,1788790088.0,78.660441,16.933871500000002,True,1
1788790573.989,1788790088.2,78.660442,16.933876,True,1
1788790574.188,1788790088.4,78.660443,16.933880666666667,True,1
1788790574.386,1788790088.6,78.66044400000001,16.933885166666666,True,1
1788790574.587,1788790088.8,78.66044483333333,16.933889833333335,True,1
1788790574.787,1788790089.0,78.66044583333334,16.933894333333335,True,1
1788790574.985,1788790089.2,78.66044683333332,16.933899,True,1
1788790575.187,1788790089.4,78.66044783333334,16.933903333333333,True,1
1788790575.386,1788790089.6,78.66044883333333,16.933907833333333,True,1
1788790575.587,1788790089.8,78.66044983333333,16.933912333333335,True,1
1788790575.786,1788790090.0,78.66045083333333,16.933916833333335,True,1
1788790575.986,1788790090.2,78.66045183333334,16.933921333333334,True,1
1788790576.188,1788790090.4,78.66045283333332,16.933925666666667,True,1
1788790576.387,1788790090.6,78.66045383333334,16.933930166666666,True,1
1788790576.586,1788790090.8,78.66045483333333,16.93393466666667,True,1
1788790576.787,1788790091.0,78.66045583333333,16.933939333333335,True,1
1788790576.986,1788790091.2,78.66045683333333,16.933943833333334,True,1
1788790577.187,1788790091.4,78.66045783333334,16.933948333333333,True,1
1788790577.387,1788790091.6,78.66045883333332,16.933952833333333,True,1
1788790577.586,1788790091.8,78.66045983333333,16.933957333333336,True,1
1788790577.789,1788790092.0,78.66046083333335,16.933961833333335,True,1
1788790577.989,1788790092.2,78.66046183333333,16.933966333333334,True,1
1788790578.188,1788790092.4,78.66046283333334,16.933970666666667,True,1
1788790578.388,1788790092.6,78.66046383333334,16.933975166666666,True,1
1788790578.588,1788790092.8,78.66046466666667,16.93397966666667,True,1
1788790578.788,1788790093.0,78.66046566666667,16.93398416666667,True,1
1788790578.987,1788790093.2,78.66046666666666,16.933988666666668,True,1
1788790579.193,1788790093.4,78.66046783333333,16.933993166666667,True,1
1788790579.386,1788790093.6,78.66046883333334,16.933997666666667,True,1
1788790579.592,1788790093.8,78.66046983333334,16.93400216666667,True,1
1788790579.786,1788790094.0,78.66047083333333,16.934006833333335,True,1
1788790579.987,1788790094.2,78.66047183333333,16.934011333333334,True,1
1788790580.185,1788790094.4,78.66047283333334,16.934015833333333,True,1
1788790580.385,1788790094.6,78.66047366666666,16.934020333333333,True,1
1788790580.589,1788790094.8,78.66047466666667,16.93402466666667,True,1
1788790580.789,1788790095.0,78.66047566666666,16.93402916666667,True,1
1788790580.989,1788790095.2,78.66047666666667,16.934033833333334,True,1
1788790581.187,1788790095.4,78.66047766666667,16.934038166666667,True,1
1788790581.389,1788790095.6,78.66047866666666,16.934042833333333,True,1
1788790581.587,1788790095.8,78.66047966666666,16.934047333333336,True,1
1788790581.785,1788790096.0,78.66048066666667,16.934051833333335,True,1
1788790581.987,1788790096.2,78.66048166666666,16.934056166666668,True,1
1788790582.189,1788790096.4,78.66048266666667,16.934060833333334,True,1
1788790582.388,1788790096.6,78.6604835,16.934065333333333,True,1
1788790582.586,1788790096.8,78.6604845,16.93406966666667,True,1
1788790582.788,1788790097.0,78.66048550000001,16.934074,True,1
1788790582.989,1788790097.2,78.66048649999999,16.9340785,True,1
1788790583.187,1788790097.4,78.6604875,16.93408283333333,True,1
1788790583.388,1788790097.6,78.6604885,16.93408733333333,True,1
1788790583.589,1788790097.8,78.66048966666668,16.934091666666667,True,1
1788790583.791,1788790098.0,78.66049066666666,16.934096166666667,True,1
1788790583.988,1788790098.2,78.66049166666667,16.934100666666666,True,1
1788790584.189,1788790098.4,78.66049283333334,16.934105,True,1
1788790584.389,1788790098.6,78.66049383333333,16.934109333333332,True,1
1788790584.583,1788790098.8,78.66049483333333,16.934113833333335,True,1
1788790584.784,1788790099.0,78.660496,16.934118166666668,True,1
1788790584.984,1788790099.2,78.660497,16.934122333333335,True,1
1788790585.186,1788790099.4,78.660498,16.934126666666668,True,1
1788790585.384,1788790099.6,78.660499,16.93413083333333,True,1
1788790585.585,1788790099.8,78.6605,16.934134833333335,True,1
1788790585.785,1788790100.0,78.66050083333333,16.93413866666667,True,1
1788790585.983,1788790100.2,78.66050183333333,16.934142166666668,True,1
1788790586.188,1788790100.4,78.66050266666666,16.9341455,True,1
1788790586.387,1788790100.6,78.6605035,16.934148666666665,True,1
1788790586.588,1788790100.8,78.66050433333334,16.934151666666665,True,1
1788790586.786,1788790101.0,78.660505,16.934154333333332,True,1
1788790586.988,1788790101.2,78.66050583333335,16.934157000000003,True,1
1788790587.187,1788790101.4,78.66050650000001,16.9341595,True,1
1788790587.387,1788790101.6,78.66050716666668,16.934161833333334,True,1
1788790587.587,1788790101.8,78.66050783333334,16.934164333333335,True,1
1788790587.787,1788790102.0,78.6605085,16.934166666666666,True,1
1788790587.988,1788790102.2,78.66050916666667,16.934168833333334,True,1
1788790588.187,1788790102.4,78.66050983333334,16.934171,True,1
1788790588.386,1788790102.6,78.66051033333333,16.93417283333333,True,1
1788790588.586,1788790102.8,78.660511,16.934175,True,1
1788790588.784,1788790103.0,78.6605115,16.934176666666666,True,1
1788790588.992,1788790103.2,78.660512,16.934178499999998,True,1
1788790589.188,1788790103.4,78.66051266666666,16.934180166666668,True,1
1788790589.392,1788790103.6,78.66051316666668,16.934182,True,1
1788790589.589,1788790103.8,78.66051366666667,16.9341835,True,1
1788790589.788,1788790104.0,78.66051416666666,16.934185,True,1
1788790589.986,1788790104.2,78.66051466666666,16.9341865,True,1
1788790590.186,1788790104.4,78.66051516666667,16.93418816666667,True,1
1788790590.386,1788790104.6,78.66051566666667,16.9341895,True,1
1788790590.587,1788790104.8,78.66051616666667,16.934191,True,1
1788790590.786,1788790105.0,78.6605165,16.934192,True,1
1788790590.987,1788790105.2,78.660517,16.934193333333333,True,1
1788790591.186,1788790105.4,78.6605175,16.9341945,True,1
1788790591.387,1788790105.6,78.660518,16.934195499999998,True,1
1788790591.586,1788790105.8,78.66051833333333,16.93419683333333,True,1
1788790591.787,1788790106.0,78.66051883333333,16.934197833333332,True,1
1788790591.987,1788790106.2,78.66051916666667,16.934198833333333,True,1
1788790592.188,1788790106.4,78.66051966666667,16.93419983333333,True,1
1788790592.388,1788790106.6,78.66051999999999,16.934200833333332,True,1
1788790592.587,1788790106.8,78.66052033333334,16.934201833333336,True,1
1788790592.79,1788790107.0,78.66052083333334,16.934202666666668,True,1
1788790592.986,1788790107.2,78.66052116666667,16.934203500000002,True,1
1788790593.187,1788790107.4,78.66052166666667,16.9342045,True,1
1788790593.387,1788790107.6,78.660522,16.93420516666667,True,1
1788790593.586,1788790107.8,78.6605225,16.934205833333333,True,1
1788790593.786,1788790108.0,78.66052283333333,16.934206666666668,True,1
1788790593.988,1788790108.2,78.66052333333333,16.9342075,True,1
1788790594.186,1788790108.4,78.66052383333334,16.9342085,True,1
1788790594.388,1788790108.6,78.66052433333333,16.93421,True,1
1788790594.585,1788790108.8,78.66052516666667,16.934212333333335,True,1
1788790594.785,1788790109.0,78.66052633333334,16.934215333333334,True,1
1788790594.986,1788790109.2,78.66052783333333,16.934220333333332,True,1
1788790595.187,1788790109.4,78.66052983333334,16.934226333333335,True,1
1788790595.387,1788790109.6,78.660532,16.934233333333335,True,1
1788790595.583,1788790109.8,78.6605345,16.934240833333334,True,1
1788790595.79,1788790110.0,78.660537,16.934249,True,1
1788790595.986,1788790110.2,78.66053966666666,16.934257166666665,True,1
1788790596.184,1788790110.4,78.66054233333332,16.934265666666665,True,1
1788790596.386,1788790110.6,78.66054516666667,16.93427416666667,True,1
1788790596.587,1788790110.8,78.660548,16.934282833333334,True,1
1788790596.786,1788790111.0,78.66055083333335,16.93429133333333,True,1
1788790596.985,1788790111.2,78.6605535,16.934299833333334,True,1
1788790597.189,1788790111.4,78.6605565,16.934308333333334,True,1
1788790597.389,1788790111.6,78.66055933333334,16.934316666666668,True,1
1788790597.587,1788790111.8,78.66056216666667,16.934325166666667,True,1
1788790597.788,1788790112.0,78.66056499999999,16.934333666666664,True,1
1788790597.987,1788790112.2,78.66056783333333,16.934341833333335,True,1
1788790598.189,1788790112.4,78.66057083333334,16.934349833333332,True,1
1788790598.388,1788790112.6,78.6605735,16.934357499999997,True,1
1788790598.594,1788790112.8,78.66057616666667,16.9343645,True,1
1788790598.786,1788790113.0,78.66057866666667,16.934370833333332,True,1
1788790598.986,1788790113.2,78.66058100000001,16.934376333333333,True,1
1788790599.187,1788790113.4,78.660583,16.934381166666665,True,1
1788790599.385,1788790113.6,78.66058500000001,16.934386,True,1
1788790599.584,1788790113.8,78.66058683333334,16.934390166666667,True,1
1788790599.785,1788790114.0,78.66058866666667,16.934394166666667,True,1
1788790599.987,1788790114.2,78.6605905,16.934397833333332,True,1
1788790600.189,1788790114.4,78.66059216666666,16.9344015,True,1
1788790600.387,1788790114.6,78.66059383333332,16.934404833333335,True,1
1788790600.587,1788790114.8,78.66059516666665,16.934407833333335,True,1
1788790600.787,1788790115.0,78.66059650000001,16.934410500000002,True,1
1788790600.989,1788790115.2,78.66059766666667,16.934413,True,1
1788790601.186,1788790115.4,78.66059883333334,16.934415166666668,True,1
1788790601.392,1788790115.6,78.6606,16.934417,True,1
1788790601.585,1788790115.8,78.660601,16.934418833333332,True,1
1788790601.787,1788790116.0,78.660602,16.934420666666664,True,1
1788790601.986,1788790116.2,78.66060300000001,16.934422333333334,True,1
1788790602.185,1788790116.4,78.66060416666666,16.934424,True,1
1788790602.384,1788790116.6,78.660605,16.9344255,True,1
1788790602.583,1788790116.8,78.660606,16.934426833333337,True,1
1788790602.787,1788790117.0,78.66060683333333,16.934428166666667,True,1
1788790602.986,1788790117.2,78.66060766666666,16.9344295,True,1
1788790603.184,1788790117.4,78.66060850000001,16.934430666666668,True,1
1788790603.385,1788790117.6,78.66060933333333,16.934431833333335,True,1
1788790603.584,1788790117.8,78.66060999999999,16.934432833333336,True,1
1788790603.785,1788790118.0,78.66061083333334,16.934433833333333,True,1
1788790603.984,1788790118.2,78.66061166666667,16.934435166666667,True,1
1788790604.186,1788790118.4,78.6606125,16.934436166666668,True,1
1788790604.386,1788790118.6,78.66061316666666,16.934437166666665,True,1
1788790604.585,1788790118.8,78.660614,16.934438166666666,True,1
1788790604.786,1788790119.0,78.66061466666666,16.934439166666667,True,1
1788790604.987,1788790119.2,78.66061533333333,16.9344395,True,1
1788790605.185,1788790119.4,78.66061599999999,16.934439833333332,True,1
1788790605.384,1788790119.6,78.66061683333334,16.93444,True,1
1788790605.588,1788790119.8,78.6606175,16.934440333333335,True,1
1788790605.787,1788790120.0,78.66061816666667,16.934440666666667,True,1
1788790605.987,1788790120.2,78.66061883333333,16.934441,True,1
1788790606.189,1788790120.4,78.6606195,16.934440833333333,True,1
1788790606.389,1788790120.6,78.66062033333333,16.934439666666666,True,1
1788790606.585,1788790120.8,78.660621,16.9344385,True,1
1788790606.787,1788790121.0,78.66062183333334,16.934437666666668,True,1
1788790606.987,1788790121.2,78.66062233333334,16.934437833333334,True,1
1788790607.19,1788790121.4,78.660623,16.934438166666666,True,1
1788790607.386,1788790121.6,78.66062366666667,16.934438666666665,True,1
1788790607.585,1788790121.8,78.66062416666666,16.934439666666666,True,1
1788790607.786,1788790122.0,78.66062466666668,16.934440166666665,True,1
1788790607.983,1788790122.2,78.66062533333334,16.934440666666667,True,1
1788790608.187,1788790122.4,78.66062583333334,16.934441333333332,True,1
1788790608.386,1788790122.6,78.66062633333333,16.934441666666665,True,1
1788790608.587,1788790122.8,78.66062683333332,16.934442166666667,True,1
1788790608.785,1788790123.0,78.66062733333334,16.934442666666666,True,1
1788790608.985,1788790123.2,78.660628,16.934443166666664,True,1
1788790609.186,1788790123.4,78.6606285,16.934443333333334,True,1
1788790609.386,1788790123.6,78.660629,16.9344435,True,1
1788790609.586,1788790123.8,78.66062933333333,16.934443666666667,True,1
1788790609.786,1788790124.0,78.66062983333333,16.934443833333333,True,1
1788790609.985,1788790124.2,78.66063033333333,16.934444166666665,True,1
1788790610.187,1788790124.4,78.66063066666668,16.934444499999998,True,1
1788790610.385,1788790124.6,78.660631,16.934444833333334,True,1
1788790610.587,1788790124.8,78.6606315,16.934445,True,1
1788790610.786,1788790125.0,78.66063183333334,16.934445166666666,True,1
1788790610.988,1788790125.2,78.66063216666666,16.934445333333333,True,1
1788790611.187,1788790125.4,78.6606325,16.934445333333333,True,1
1788790611.386,1788790125.6,78.66063283333332,16.9344455,True,1
1788790611.587,1788790125.8,78.66063333333334,16.934445333333333,True,1
1788790611.787,1788790126.0,78.66063366666667,16.934445333333333,True,1
1788790611.988,1788790126.2,78.660634,16.934445333333333,True,1
1788790612.187,1788790126.4,78.66063433333333,16.934445333333333,True,1
1788790612.386,1788790126.6,78.66063483333333,16.934445333333333,True,1
1788790612.587,1788790126.8,78.66063533333333,16.934445166666666,True,1
1788790612.79,1788790127.0,78.66063566666666,16.934445333333333,True,1
1788790612.988,1788790127.2,78.66063616666666,16.934445166666666,True,1
1788790613.189,1788790127.4,78.6606365,16.934445,True,1
1788790613.387,1788790127.6,78.66063683333333,16.934444666666664,True,1
1788790613.584,1788790127.8,78.66063716666666,16.934444499999998,True,1
1788790613.789,1788790128.0,78.66063766666666,16.934444166666665,True,1
1788790613.988,1788790128.2,78.660638,16.934443833333333,True,1
1788790614.188,1788790128.4,78.6606385,16.9344435,True,1
1788790614.387,1788790128.6,78.66063883333332,16.934443333333334,True,1
1788790614.586,1788790128.8,78.66063916666667,16.934443166666664,True,1
1788790614.787,1788790129.0,78.66063949999999,16.934442999999998,True,1
1788790614.987,1788790129.2,78.66064,16.934442833333332,True,1
1788790615.187,1788790129.4,78.66064033333333,16.934442666666666,True,1
1788790615.387,1788790129.6,78.66064066666667,16.9344425,True,1
1788790615.585,1788790129.8,78.660641,16.934442166666667,True,1
1788790615.786,1788790130.0,78.66064150000001,16.934442166666667,True,1
1788790615.987,1788790130.2,78.66064183333333,16.934441833333334,True,1
1788790616.187,1788790130.4,78.66064216666668,16.9344415,True,1
1788790616.384,1788790130.6,78.66064266666667,16.934441166666666,True,1
1788790616.587,1788790130.8,78.660643,16.934440833333333,True,1
1788790616.787,1788790131.0,78.6606435,16.9344405,True,1
1788790616.987,1788790131.2,78.66064383333334,16.934440166666665,True,1
1788790617.187,1788790131.4,78.66064433333332,16.934439833333332,True,1
1788790617.385,1788790131.6,78.66064466666667,16.934439333333334,True,1
1788790617.586,1788790131.8,78.660645,16.934439,True,1
1788790617.786,1788790132.0,78.6606455,16.9344385,True,1
1788790617.986,1788790132.2,78.66064583333333,16.934438333333333,True,1
1788790618.184,1788790132.4,78.66064616666667,16.934437833333334,True,1
1788790618.386,1788790132.6,78.66064666666666,16.9344375,True,1
1788790618.587,1788790132.8,78.660647,16.934436833333333,True,1
1788790618.787,1788790133.0,78.66064733333333,16.934436333333334,True,1
1788790618.993,1788790133.2,78.66064766666666,16.934435833333335,True,1
1788790619.187,1788790133.4,78.66064800000001,16.934435333333333,True,1
1788790619.387,1788790133.6,78.66064833333333,16.934434666666668,True,1
1788790619.593,1788790133.8,78.66064866666667,16.934434166666666,True,1
1788790619.789,1788790134.0,78.66064899999999,16.934433666666667,True,1
1788790619.989,1788790134.2,78.66064933333334,16.934433333333335,True,1
1788790620.186,1788790134.4,78.66064966666666,16.934432666666666,True,1
1788790620.385,1788790134.6,78.66065,16.934432166666667,True,1
1788790620.586,1788790134.8,78.66065033333332,16.934431333333336,True,1
1788790620.787,1788790135.0,78.66065066666667,16.934430833333334,True,1
1788790620.988,1788790135.2,78.660651,16.93443016666667,True,1
1788790621.187,1788790135.4,78.66065133333333,16.9344295,True,1
1788790621.385,1788790135.6,78.66065166666667,16.934428833333335,True,1
1788790621.591,1788790135.8,78.660652,16.934428333333337,True,1
1788790621.786,1788790136.0,78.66065233333333,16.9344275,True,1
1788790621.989,1788790136.2,78.6606525,16.934426833333337,True,1
1788790622.187,1788790136.4,78.66065283333334,16.934426166666665,True,1
1788790622.387,1788790136.6,78.66065316666666,16.9344255,True,1
1788790622.586,1788790136.8,78.66065333333333,16.934424666666665,True,1
1788790622.787,1788790137.0,78.66065366666666,16.934424,True,1
1788790622.987,1788790137.2,78.66065400000001,16.934423166666665,True,1
1788790623.184,1788790137.4,78.66065416666667,16.934422333333334,True,1
1788790623.386,1788790137.6,78.66065449999999,16.9344215,True,1
1788790623.585,1788790137.8,78.66065466666667,16.934420833333334,True,1
1788790623.785,1788790138.0,78.66065499999999,16.93442,True,1
1788790623.986,1788790138.2,78.66065516666666,16.934419166666665,True,1
1788790624.185,1788790138.4,78.6606555,16.9344185,True,1
1788790624.386,1788790138.6,78.66065566666666,16.934417833333335,True,1
1788790624.584,1788790138.8,78.66065583333334,16.934417,True,1
1788790624.786,1788790139.0,78.66065616666667,16.934416333333335,True,1
1788790624.987,1788790139.2,78.6606565,16.9344155,True,1
1788790625.187,1788790139.4,78.66065666666667,16.934414833333335,True,1
1788790625.386,1788790139.6,78.660657,16.934414333333333,True,1
1788790625.587,1788790139.8,78.66065716666667,16.9344135,True,1
1788790625.786,1788790140.0,78.6606575,16.934412833333333,True,1
1788790625.992,1788790140.2,78.66065783333333,16.934412000000002,True,1
1788790626.187,1788790140.4,78.660658,16.934411333333333,True,1
1788790626.385,1788790140.6,78.66065833333333,16.93441066666667,True,1
1788790626.587,1788790140.8,78.6606585,16.934410166666666,True,1
1788790626.787,1788790141.0,78.66065866666666,16.934409666666667,True,1
1788790626.988,1788790141.2,78.660659,16.93440916666667,True,1
1788790627.187,1788790141.4,78.66065916666666,16.9344085,True,1
1788790627.387,1788790141.6,78.66065950000001,16.934408,True,1
1788790627.588,1788790141.8,78.66065966666666,16.934407333333336,True,1
1788790627.787,1788790142.0,78.66066000000001,16.934406833333334,True,1
1788790627.986,1788790142.2,78.66066016666667,16.934406333333335,True,1
1788790628.186,1788790142.4,78.66066049999999,16.934405666666667,True,1
1788790628.387,1788790142.6,78.66066066666667,16.934405166666668,True,1
1788790628.587,1788790142.8,78.66066083333334,16.934404500000003,True,1
1788790628.787,1788790143.0,78.66066099999999,16.934403999999997,True,1
1788790628.986,1788790143.2,78.66066133333334,16.934403666666665,True,1
1788790629.188,1788790143.4,78.6606615,16.934403,True,1
1788790629.386,1788790143.6,78.66066166666666,16.93440233333333,True,1
1788790629.586,1788790143.8,78.66066183333334,16.934401833333332,True,1
1788790629.787,1788790144.0,78.660662,16.934401166666664,True,1
1788790629.987,1788790144.2,78.66066233333332,16.934400666666665,True,1
1788790630.184,1788790144.4,78.66066233333332,16.934400166666666,True,1
1788790630.386,1788790144.6,78.66066266666667,16.934399499999998,True,1
1788790630.586,1788790144.8,78.66066283333333,16.934398833333333,True,1
1788790630.787,1788790145.0,78.66066300000001,16.934398333333334,True,1
1788790630.987,1788790145.2,78.66066316666667,16.934397666666666,True,1
1788790631.188,1788790145.4,78.6606635,16.934397,True,1
1788790631.387,1788790145.6,78.66066366666668,16.934396333333332,True,1
1788790631.586,1788790145.8,78.66066383333333,16.934395666666667,True,1
1788790631.786,1788790146.0,78.660664,16.934395333333335,True,1
1788790631.985,1788790146.2,78.66066416666666,16.934394833333332,True,1
1788790632.187,1788790146.4,78.66066433333334,16.934394333333334,True,1
1788790632.386,1788790146.6,78.6606645,16.934393833333335,True,1
1788790632.586,1788790146.8,78.66066483333334,16.934393333333333,True,1
1788790632.785,1788790147.0,78.66066500000001,16.934393,True,1
1788790632.987,1788790147.2,78.66066516666666,16.934392666666668,True,1
1788790633.188,1788790147.4,78.66066533333333,16.934392166666665,True,1
1788790633.387,1788790147.6,78.66066550000001,16.9343915,True,1
1788790633.588,1788790147.8,78.66066566666667,16.934391166666668,True,1
1788790633.788,1788790148.0,78.66066583333333,16.934390666666665,True,1
1788790633.989,1788790148.2,78.660666,16.934390166666667,True,1
1788790634.187,1788790148.4,78.66066633333334,16.934389666666668,True,1
1788790634.386,1788790148.6,78.66066649999999,16.934389,True,1
1788790634.587,1788790148.8,78.66066666666667,16.934388666666667,True,1
1788790634.787,1788790149.0,78.66066683333334,16.93438816666667,True,1
1788790634.987,1788790149.2,78.66066716666666,16.9343875,True,1
1788790635.192,1788790149.4,78.66066733333334,16.934386833333335,True,1
1788790635.386,1788790149.6,78.6606675,16.934386333333336,True,1
1788790635.584,1788790149.8,78.66066766666667,16.934385833333334,True,1
1788790635.788,1788790150.0,78.66066783333333,16.93438516666667,True,1
1788790635.988,1788790150.2,78.660668,16.9343845,True,1
1788790636.188,1788790150.4,78.66066816666667,16.934384,True,1
1788790636.387,1788790150.6,78.66066833333333,16.934383166666667,True,1
1788790636.588,1788790150.8,78.6606685,16.934382833333334,True,1
1788790636.787,1788790151.0,78.66066883333333,16.93438216666667,True,1
1788790636.984,1788790151.2,78.66066900000001,16.934381666666663,True,1
1788790637.186,1788790151.4,78.66066916666666,16.93438133333333,True,1
1788790637.386,1788790151.6,78.66066933333333,16.934380666666666,True,1
1788790637.586,1788790151.8,78.6606695,16.934379999999997,True,1
1788790637.787,1788790152.0,78.66066966666668,16.9343795,True,1
1788790637.984,1788790152.2,78.66066983333333,16.934378833333334,True,1
1788790638.186,1788790152.4,78.66067,16.934378166666665,True,1
1788790638.383,1788790152.6,78.66067033333334,16.934377333333334,True,1
1788790638.584,1788790152.8,78.6606705,16.9343765,True,1
1788790638.786,1788790153.0,78.66067066666666,16.934375666666664,True,1
1788790638.987,1788790153.2,78.66067066666666,16.934375,True,1
1788790639.188,1788790153.4,78.66067083333334,16.934374333333334,True,1
1788790639.387,1788790153.6,78.66067100000001,16.934373666666666,True,1
1788790639.586,1788790153.8,78.66067116666666,16.934372666666665,True,1
1788790639.789,1788790154.0,78.66067133333333,16.934371833333334,True,1
1788790639.989,1788790154.2,78.6606715,16.934370833333332,True,1
1788790640.187,1788790154.4,78.66067183333332,16.934369833333335,True,1
1788790640.386,1788790154.6,78.660672,16.934368833333334,True,1
1788790640.588,1788790154.8,78.66067216666667,16.934367666666667,True,1
1788790640.787,1788790155.0,78.66067266666667,16.934366166666667,True,1
1788790640.986,1788790155.2,78.66067333333334,16.934364333333335,True,1
1788790641.185,1788790155.4,78.66067433333333,16.934361833333334,True,1
1788790641.389,1788790155.6,78.660676,16.934358666666665,True,1
1788790641.587,1788790155.8,78.660678,16.934354499999998,True,1
1788790641.793,1788790156.0,78.6606805,16.934349833333332,True,1
1788790641.989,1788790156.2,78.66068316666666,16.934344333333335,True,1
1788790642.189,1788790156.4,78.66068583333335,16.934338833333335,True,1
1788790642.388,1788790156.6,78.6606885,16.934333,True,1
1788790642.585,1788790156.8,78.660691,16.9343275,True,1
1788790642.784,1788790157.0,78.6606935,16.934322166666668,True,1
1788790642.985,1788790157.2,78.66069566666667,16.934317,True,1
1788790643.185,1788790157.4,78.66069766666666,16.934312666666663,True,1
1788790643.386,1788790157.6,78.66069949999999,16.934308166666664,True,1
1788790643.602,1788790157.8,78.66070116666667,16.934304,True,1
1788790643.786,1788790158.0,78.66070283333333,16.934299833333334,True,1
1788790643.986,1788790158.2,78.66070450000001,16.934295666666667,True,1
1788790644.188,1788790158.4,78.66070616666666,16.934291833333337,True,1
1788790644.388,1788790158.6,78.66070766666667,16.93428833333333,True,1
1788790644.586,1788790158.8,78.660709,16.934285,True,1
1788790644.786,1788790159.0,78.66071033333333,16.934281666666667,True,1
1788790644.987,1788790159.2,78.66071133333334,16.934278666666668,True,1
1788790645.188,1788790159.4,78.6607125,16.934276,True,1
1788790645.385,1788790159.6,78.6607135,16.934273166666667,True,1
1788790645.585,1788790159.8,78.6607145,16.934270166666668,True,1
1788790645.786,1788790160.0,78.6607155,16.93426733333333,True,1
1788790645.986,1788790160.2,78.6607165,16.934264666666664,True,1
1788790646.186,1788790160.4,78.66071749999999,16.934262,True,1
1788790646.385,1788790160.6,78.66071833333334,16.934259333333333,True,1
1788790646.585,1788790160.8,78.66071916666667,16.934257166666665,True,1
1788790646.786,1788790161.0,78.66072000000001,16.934254666666668,True,1
1788790646.988,1788790161.2,78.66072083333333,16.934252333333333,True,1
1788790647.186,1788790161.4,78.6607215,16.93425016666667,True,1
1788790647.389,1788790161.6,78.66072233333333,16.934247833333334,True,1
1788790647.595,1788790161.8,78.66072316666667,16.9342455,True,1
1788790647.788,1788790162.0,78.660724,16.93424333333333,True,1
1788790647.988,1788790162.2,78.66072466666667,16.934241166666666,True,1
1788790648.186,1788790162.4,78.6607255,16.9342385,True,1
1788790648.385,1788790162.6,78.6607265,16.9342355,True,1
1788790648.585,1788790162.8,78.66072783333334,16.934232,True,1
1788790648.786,1788790163.0,78.66072949999999,16.934227500000002,True,1
1788790648.985,1788790163.2,78.66073166666666,16.934222166666665,True,1
1788790649.185,1788790163.4,78.660734,16.934216666666668,True,1
1788790649.384,1788790163.6,78.66073666666666,16.934210333333333,True,1
1788790649.586,1788790163.8,78.66073933333334,16.93420366666667,True,1
1788790649.787,1788790164.0,78.66074216666667,16.93419683333333,True,1
1788790649.991,1788790164.2,78.66074516666666,16.93419,True,1
1788790650.188,1788790164.4,78.66074783333333,16.934183166666667,True,1
1788790650.388,1788790164.6,78.66075066666667,16.934176833333332,True,1
1788790650.588,1788790164.8,78.66075333333333,16.934170166666668,True,1
1788790650.787,1788790165.0,78.660756,16.934163833333333,True,1
1788790650.987,1788790165.2,78.66075866666667,16.934157333333335,True,1
1788790651.188,1788790165.4,78.66076133333333,16.934150666666667,True,1
1788790651.385,1788790165.6,78.660764,16.934144,True,1
1788790651.584,1788790165.8,78.66076683333334,16.93413716666667,True,1
1788790651.785,1788790166.0,78.6607695,16.934130333333332,True,1
1788790651.986,1788790166.2,78.66077233333334,16.934123666666668,True,1
1788790652.185,1788790166.4,78.66077516666665,16.934116666666668,True,1
1788790652.387,1788790166.6,78.660778,16.934109999999997,True,1
1788790652.586,1788790166.8,78.66078066666667,16.934103166666667,True,1
1788790652.787,1788790167.0,78.6607835,16.9340965,True,1
1788790652.987,1788790167.2,78.66078616666667,16.934089500000002,True,1
1788790653.186,1788790167.4,78.66078883333333,16.934082999999998,True,1
1788790653.385,1788790167.6,78.6607915,16.934076333333334,True,1
1788790653.584,1788790167.8,78.66079433333333,16.93406966666667,True,1
1788790653.784,1788790168.0,78.660797,16.934063166666665,True,1
1788790653.985,1788790168.2,78.66079966666666,16.9340565,True,1
1788790654.185,1788790168.4,78.66080233333334,16.934049666666667,True,1
1788790654.387,1788790168.6,78.660805,16.934043,True,1
1788790654.586,1788790168.8,78.66080766666667,16.93403633333333,True,1
1788790654.787,1788790169.0,78.66081033333333,16.934029666666667,True,1
1788790654.985,1788790169.2,78.660813,16.934022833333334,True,1
1788790655.187,1788790169.4,78.66081583333333,16.934016,True,1
1788790655.389,1788790169.6,78.6608185,16.934009,True,1
1788790655.588,1788790169.8,78.66082116666666,16.93400216666667,True,1
1788790655.788,1788790170.0,78.66082383333334,16.933995,True,1
1788790655.988,1788790170.2,78.6608265,16.933988,True,1
1788790656.187,1788790170.4,78.66082916666666,16.933981000000003,True,1
1788790656.386,1788790170.6,78.660832,16.933974,True,1
1788790656.586,1788790170.8,78.66083466666667,16.933966833333333,True,1
1788790656.787,1788790171.0,78.66083733333333,16.933959666666667,True,1
1788790656.989,1788790171.2,78.66084000000001,16.933952666666666,True,1
1788790657.188,1788790171.4,78.66084266666667,16.9339455,True,1
1788790657.387,1788790171.6,78.66084550000001,16.933938166666668,True,1
1788790657.586,1788790171.8,78.66084816666667,16.933931166666664,True,1
1788790657.784,1788790172.0,78.66085083333334,16.93392383333333,True,1
1788790657.985,1788790172.2,78.6608535,16.933916500000002,True,1
1788790658.185,1788790172.4,78.66085616666666,16.93390916666667,True,1
1788790658.385,1788790172.6,78.66085883333334,16.933902,True,1
1788790658.585,1788790172.8,78.6608615,16.933894833333333,True,1
1788790658.786,1788790173.0,78.66086416666667,16.933887666666667,True,1
1788790658.987,1788790173.2,78.66086683333333,16.9338805,True,1
1788790659.186,1788790173.4,78.6608695,16.933873333333334,True,1
1788790659.386,1788790173.6,78.66087216666666,16.933866000000002,True,1
1788790659.586,1788790173.8,78.66087483333334,16.933858666666666,True,1
1788790659.786,1788790174.0,78.6608775,16.933851333333333,True,1
1788790659.989,1788790174.2,78.66087999999999,16.933844,True,1
1788790660.191,1788790174.4,78.66088266666667,16.93383683333333,True,1
1788790660.383,1788790174.6,78.66088533333333,16.9338295,True,1
1788790660.583,1788790174.8,78.66088800000001,16.933822333333335,True,1
1788790660.785,1788790175.0,78.66089066666667,16.933815166666665,True,1
1788790660.985,1788790175.2,78.66089333333333,16.933808,True,1
1788790661.186,1788790175.4,78.66089583333334,16.933800833333333,True,1
1788790661.386,1788790175.6,78.6608985,16.933793666666666,True,1
1788790661.586,1788790175.8,78.66090116666666,16.933786666666666,True,1
1788790661.785,1788790176.0,78.66090366666667,16.933779833333332,True,1
1788790661.985,1788790176.2,78.66090633333333,16.933772833333332,True,1
1788790662.189,1788790176.4,78.660909,16.933765833333332,True,1
1788790662.387,1788790176.6,78.66091166666666,16.933758833333332,True,1
1788790662.587,1788790176.8,78.66091433333332,16.933751833333336,True,1
1788790662.786,1788790177.0,78.660917,16.933744833333332,True,1
1788790662.987,1788790177.2,78.66091966666666,16.933737833333332,True,1
1788790663.184,1788790177.4,78.66092233333333,16.933731,True,1
1788790663.387,1788790177.6,78.66092516666666,16.933724166666664,True,1
1788790663.588,1788790177.8,78.66092783333333,16.933717666666666,True,1
1788790663.786,1788790178.0,78.66093049999999,16.93371116666667,True,1
1788790663.986,1788790178.2,78.66093316666667,16.933704499999997,True,1
1788790664.187,1788790178.4,78.66093583333333,16.933698333333332,True,1
1788790664.387,1788790178.6,78.6609385,16.933691833333334,True,1
1788790664.586,1788790178.8,78.66094116666666,16.933685500000003,True,1
1788790664.786,1788790179.0,78.66094383333333,16.933679333333334,True,1
1788790664.984,1788790179.2,78.6609465,16.933673,True,1
1788790665.184,1788790179.4,78.66094916666665,16.933667,True,1
1788790665.384,1788790179.6,78.66095183333333,16.93366083333333,True,1
1788790665.587,1788790179.8,78.66095449999999,16.933654833333332,True,1
1788790665.786,1788790180.0,78.66095716666668,16.933649,True,1
1788790665.983,1788790180.2,78.66095983333334,16.933643333333336,True,1
1788790666.186,1788790180.4,78.66096216666666,16.933637833333332,True,1
1788790666.385,1788790180.6,78.66096433333334,16.933633,True,1
1788790666.586,1788790180.8,78.66096633333333,16.933628333333335,True,1
1788790666.785,1788790181.0,78.66096833333333,16.933624000000002,True,1
1788790666.986,1788790181.2,78.66097016666666,16.93362,True,1
1788790667.188,1788790181.4,78.66097183333333,16.933615999999997,True,1
1788790667.385,1788790181.6,78.6609735,16.933612333333333,True,1
1788790667.585,1788790181.8,78.66097516666667,16.933608833333334,True,1
1788790667.787,1788790182.0,78.6609765,16.933605666666665,True,1
1788790667.986,1788790182.2,78.66097783333333,16.933602666666665,True,1
1788790668.185,1788790182.4,78.660979,16.933600000000002,True,1
1788790668.391,1788790182.6,78.66098016666666,16.933597333333335,True,1
1788790668.585,1788790182.8,78.66098133333334,16.933594833333334,True,1
1788790668.785,1788790183.0,78.66098233333334,16.933592666666666,True,1
1788790668.986,1788790183.2,78.66098333333333,16.933590166666665,True,1
1788790669.189,1788790183.4,78.66098433333333,16.933587666666664,True,1
1788790669.386,1788790183.6,78.66098533333334,16.933585333333333,True,1
1788790669.587,1788790183.8,78.66098633333333,16.933583166666665,True,1
1788790669.788,1788790184.0,78.66098716666667,16.933581166666666,True,1
1788790669.993,1788790184.2,78.660988,16.933579,True,1
1788790670.188,1788790184.4,78.66098883333333,16.933577,True,1
1788790670.388,1788790184.6,78.6609895,16.933575,True,1
1788790670.586,1788790184.8,78.66099033333333,16.93357316666667,True,1
1788790670.786,1788790185.0,78.66099116666666,16.933571333333337,True,1
1788790670.986,1788790185.2,78.66099200000001,16.933569166666665,True,1
1788790671.185,1788790185.4,78.66099266666667,16.9335675,True,1
1788790671.383,1788790185.6,78.66099349999999,16.933565833333333,True,1
1788790671.585,1788790185.8,78.66099416666665,16.933564166666667,True,1
1788790671.787,1788790186.0,78.66099483333333,16.933562666666667,True,1
1788790671.991,1788790186.2,78.6609955,16.933561,True,1
1788790672.187,1788790186.4,78.66099616666666,16.9335595,True,1
1788790672.387,1788790186.6,78.66099666666668,16.933558,True,1
1788790672.586,1788790186.8,78.66099733333334,16.9335565,True,1
1788790672.786,1788790187.0,78.66099783333334,16.933555000000002,True,1
1788790672.985,1788790187.2,78.6609985,16.933553333333336,True,1
1788790673.185,1788790187.4,78.66099899999999,16.933551833333336,True,1
1788790673.385,1788790187.6,78.66099966666667,16.933550333333336,True,1
1788790673.588,1788790187.8,78.66100016666665,16.933548833333337,True,1
1788790673.786,1788790188.0,78.66100066666667,16.933547333333333,True,1
1788790673.984,1788790188.2,78.66100133333333,16.933545833333334,True,1
1788790674.184,1788790188.4,78.66100183333333,16.933544166666664,True,1
1788790674.387,1788790188.6,78.6610025,16.933542499999998,True,1
1788790674.587,1788790188.8,78.66100316666666,16.9335405,True,1
1788790674.785,1788790189.0,78.661004,16.9335385,True,1
1788790674.985,1788790189.2,78.66100483333334,16.933536333333333,True,1
1788790675.186,1788790189.4,78.66100566666667,16.933534166666668,True,1
1788790675.386,1788790189.6,78.6610065,16.933532,True,1
1788790675.585,1788790189.8,78.66100750000001,16.933529833333335,True,1
1788790675.784,1788790190.0,78.6610085,16.9335275,True,1
1788790675.99,1788790190.2,78.66100966666666,16.933525,True,1
1788790676.184,1788790190.4,78.66101083333334,16.933522333333332,True,1
1788790676.385,1788790190.6,78.66101216666667,16.9335195,True,1
1788790676.591,1788790190.8,78.66101366666666,16.933516,True,1
1788790676.786,1788790191.0,78.6610155,16.933512166666667,True,1
1788790676.984,1788790191.2,78.66101783333333,16.933508166666666,True,1
1788790677.188,1788790191.4,78.66102033333333,16.933503499999997,True,1
1788790677.389,1788790191.6,78.66102316666667,16.9334985,True,1
1788790677.589,1788790191.8,78.66102599999999,16.933493166666665,True,1
1788790677.789,1788790192.0,78.66102883333333,16.933487666666668,True,1
1788790677.988,1788790192.2,78.66103166666667,16.933482333333334,True,1
1788790678.185,1788790192.4,78.66103416666667,16.933477166666666,True,1
1788790678.385,1788790192.6,78.6610365,16.933472833333333,True,1
1788790678.585,1788790192.8,78.66103866666667,16.933468833333333,True,1
1788790678.785,1788790193.0,78.6610405,16.933465166666668,True,1
1788790678.986,1788790193.2,78.66104233333334,16.933461833333336,True,1
1788790679.185,1788790193.4,78.66104416666667,16.933458499999997,True,1
1788790679.386,1788790193.6,78.66104583333335,16.933455166666665,True,1
1788790679.586,1788790193.8,78.6610475,16.933451833333333,True,1
1788790679.785,1788790194.0,78.66104916666667,16.933449166666666,True,1
1788790679.987,1788790194.2,78.66105066666667,16.9334465,True,1
1788790680.187,1788790194.4,78.661052,16.933444166666668,True,1
1788790680.388,1788790194.6,78.66105333333333,16.933441833333333,True,1
1788790680.589,1788790194.8,78.66105433333334,16.933440166666667,True,1
1788790680.788,1788790195.0,78.6610555,16.9334385,True,1
1788790680.987,1788790195.2,78.6610565,16.933436833333335,True,1
1788790681.185,1788790195.4,78.66105733333333,16.933435333333332,True,1
1788790681.386,1788790195.6,78.66105833333333,16.933433666666666,True,1
1788790681.586,1788790195.8,78.66105933333333,16.933432,True,1
1788790681.786,1788790196.0,78.66106016666666,16.933430333333334,True,1
1788790681.985,1788790196.2,78.66106116666667,16.933429,True,1
1788790682.184,1788790196.4,78.66106199999999,16.933427833333333,True,1
1788790682.384,1788790196.6,78.66106283333333,16.933426666666666,True,1
1788790682.596,1788790196.8,78.66106366666666,16.933425333333332,True,1
1788790682.785,1788790197.0,78.66106433333333,16.933424,True,1
1788790682.986,1788790197.2,78.661065,16.933422833333335,True,1
1788790683.186,1788790197.4,78.66106583333334,16.9334215,True,1
1788790683.384,1788790197.6,78.6610665,16.9334205,True,1
1788790683.584,1788790197.8,78.66106716666667,16.93341966666667,True,1
1788790683.785,1788790198.0,78.66106783333333,16.933418500000002,True,1
1788790683.984,1788790198.2,78.66106833333333,16.933417666666667,True,1
1788790684.186,1788790198.4,78.661069,16.9334165,True,1
1788790684.385,1788790198.6,78.66106966666666,16.933415500000002,True,1
1788790684.584,1788790198.8,78.66107033333333,16.933414333333335,True,1
1788790684.785,1788790199.0,78.66107099999999,16.933413166666664,True,1
1788790684.985,1788790199.2,78.66107149999999,16.93341183333333,True,1
1788790685.185,1788790199.4,78.661072,16.933410833333333,True,1
1788790685.385,1788790199.6,78.66107266666667,16.933409666666666,True,1
1788790685.588,1788790199.8,78.66107316666667,16.933408999999997,True,1
1788790685.786,1788790200.0,78.66107366666667,16.933408166666666,True,1
1788790685.994,1788790200.2,78.66107416666667,16.933407166666665,True,1
1788790686.185,1788790200.4,78.66107466666668,16.933406166666668,True,1
1788790686.386,1788790200.6,78.66107516666666,16.933405166666667,True,1
1788790686.587,1788790200.8,78.6610755,16.933404166666666,True,1
1788790686.786,1788790201.0,78.66107600000001,16.933403,True,1
1788790686.987,1788790201.2,78.66107650000001,16.933402166666667,True,1
1788790687.186,1788790201.4,78.66107683333333,16.933401,True,1
1788790687.387,1788790201.6,78.66107733333334,16.9334,True,1
1788790687.585,1788790201.8,78.66107766666667,16.933398833333335,True,1
1788790687.788,1788790202.0,78.661078,16.933397833333334,True,1
1788790687.983,1788790202.2,78.6610785,16.933397,True,1
1788790688.183,1788790202.4,78.66107883333333,16.933395833333336,True,1
1788790688.385,1788790202.6,78.66107916666667,16.933395,True,1
1788790688.585,1788790202.8,78.6610795,16.933394,True,1
1788790688.786,1788790203.0,78.66108,16.933393000000002,True,1
1788790688.987,1788790203.2,78.66108033333333,16.933392,True,1
1788790689.186,1788790203.4,78.66108066666668,16.93339116666667,True,1
1788790689.386,1788790203.6,78.661081,16.933390166666666,True,1
1788790689.59,1788790203.8,78.66108133333334,16.933389499999997,True,1
1788790689.786,1788790204.0,78.66108166666666,16.9333885,True,1
1788790689.987,1788790204.2,78.66108200000001,16.93338783333333,True,1
1788790690.193,1788790204.4,78.66108233333333,16.933387,True,1
1788790690.393,1788790204.6,78.66108266666667,16.933386166666665,True,1
1788790690.584,1788790204.8,78.66108299999999,16.933385333333334,True,1
1788790690.784,1788790205.0,78.66108316666667,16.9333845,True,1
1788790690.988,1788790205.2,78.66108349999999,16.933383666666668,True,1
1788790691.186,1788790205.4,78.66108383333334,16.933382833333333,True,1
1788790691.385,1788790205.6,78.66108416666665,16.933381999999998,True,1
1788790691.586,1788790205.8,78.6610845,16.933381166666667,True,1
1788790691.787,1788790206.0,78.66108466666667,16.933380333333332,True,1
1788790691.986,1788790206.2,78.661085,16.933379666666667,True,1
1788790692.185,1788790206.4,78.66108533333333,16.933378833333332,True,1
1788790692.389,1788790206.6,78.66108566666666,16.933378,True,1
1788790692.587,1788790206.8,78.66108583333333,16.933377166666666,True,1
1788790692.786,1788790207.0,78.66108616666666,16.933376333333335,True,1
1788790692.986,1788790207.2,78.6610865,16.9333755,True,1
1788790693.186,1788790207.4,78.66108666666668,16.933375,True,1
1788790693.387,1788790207.6,78.661087,16.933374166666667,True,1
1788790693.584,1788790207.8,78.66108733333334,16.933373333333336,True,1
1788790693.787,1788790208.0,78.6610875,16.9333725,True,1
1788790693.987,1788790208.2,78.66108783333334,16.933371833333336,True,1
1788790694.187,1788790208.4,78.661088,16.933371166666667,True,1
1788790694.387,1788790208.6,78.66108833333332,16.933370333333336,True,1
1788790694.587,1788790208.8,78.6610885,16.9333695,True,1
1788790694.787,1788790209.0,78.66108883333332,16.933368833333336,True,1
1788790694.985,1788790209.2,78.66108899999999,16.933367999999998,True,1
1788790695.188,1788790209.4,78.66108933333334,16.933367166666667,True,1
1788790695.386,1788790209.6,78.66108949999999,16.933366499999998,True,1
1788790695.586,1788790209.8,78.66108966666667,16.933365666666667,True,1
1788790695.785,1788790210.0,78.66109,16.933365,True,1
1788790695.984,1788790210.2,78.66109016666665,16.933364166666667,True,1
1788790696.186,1788790210.4,78.6610905,16.9333635,True,1
1788790696.383,1788790210.6,78.66109066666667,16.933362833333334,True,1
1788790696.587,1788790210.8,78.661091,16.933362,True,1
1788790696.785,1788790211.0,78.66109116666667,16.933361333333334,True,1
1788790696.985,1788790211.2,78.66109133333333,16.933360666666665,True,1
1788790697.185,1788790211.4,78.66109166666666,16.93336,True,1
1788790697.385,1788790211.6,78.66109183333333,16.933359333333332,True,1
1788790697.586,1788790211.8,78.66109216666668,16.933358666666667,True,1
1788790697.786,1788790212.0,78.66109233333333,16.933358,True,1
1788790697.985,1788790212.2,78.6610925,16.933357333333333,True,1
1788790698.186,1788790212.4,78.66109283333334,16.933356833333335,True,1
1788790698.386,1788790212.6,78.661093,16.933356166666666,True,1
1788790698.585,1788790212.8,78.66109316666666,16.933355666666667,True,1
1788790698.786,1788790213.0,78.66109333333334,16.933354833333333,True,1
1788790698.985,1788790213.2,78.6610935,16.933354166666668,True,1
1788790699.183,1788790213.4,78.66109366666666,16.9333535,True,1
1788790699.386,1788790213.6,78.661094,16.933352833333334,True,1
1788790699.591,1788790213.8,78.66109416666667,16.93335216666667,True,1
1788790699.788,1788790214.0,78.66109433333332,16.933351333333334,True,1
1788790699.988,1788790214.2,78.6610945,16.93335066666667,True,1
1788790700.189,1788790214.4,78.66109483333334,16.933349833333335,True,1
1788790700.388,1788790214.6,78.66109499999999,16.93334916666667,True,1
1788790700.585,1788790214.8,78.66109516666667,16.933348333333335,True,1
1788790700.786,1788790215.0,78.66109533333334,16.93334766666667,True,1
1788790700.985,1788790215.2,78.6610955,16.933346833333335,True,1
1788790701.185,1788790215.4,78.66109566666667,16.933345999999997,True,1
1788790701.384,1788790215.6,78.66109583333333,16.933345166666665,True,1
1788790701.584,1788790215.8,78.661096,16.933344499999997,True,1
1788790701.785,1788790216.0,78.66109616666667,16.933343833333332,True,1
1788790701.986,1788790216.2,78.66109616666667,16.933343166666667,True,1
1788790702.191,1788790216.4,78.66109633333333,16.933342333333332,True,1
1788790702.387,1788790216.6,78.6610965,16.933341833333333,True,1
1788790702.586,1788790216.8,78.66109666666667,16.933341,True,1
1788790702.784,1788790217.0,78.66109683333335,16.933340333333334,True,1
1788790702.985,1788790217.2,78.661097,16.9333395,True,1
1788790703.184,1788790217.4,78.66109716666666,16.933338833333334,True,1
1788790703.384,1788790217.6,78.66109733333333,16.933338166666665,True,1
1788790703.585,1788790217.8,78.66109733333333,16.9333375,True,1
1788790703.786,1788790218.0,78.66109750000001,16.933336999999998,True,1
1788790703.984,1788790218.2,78.66109766666666,16.933336333333333,True,1
1788790704.185,1788790218.4,78.66109783333333,16.9333355,True,1
1788790704.384,1788790218.6,78.661098,16.933335,True,1
1788790704.582,1788790218.8,78.66109816666668,16.93333416666667,True,1
1788790704.785,1788790219.0,78.66109833333333,16.933333666666666,True,1
1788790704.985,1788790219.2,78.6610985,16.933333,True,1
1788790705.183,1788790219.4,78.66109866666667,16.93333266666667,True,1
1788790705.385,1788790219.6,78.66109866666667,16.933332333333333,True,1
1788790705.585,1788790219.8,78.661099,16.933331833333334,True,1
1788790705.786,1788790220.0,78.661099,16.933331333333335,True,1
1788790705.984,1788790220.2,78.66109916666666,16.933330666666667,True,1
1788790706.184,1788790220.4,78.66109933333334,16.93333,True,1
1788790706.385,1788790220.6,78.6610995,16.9333295,True,1
1788790706.585,1788790220.8,78.66109966666666,16.933328833333334,True,1
1788790706.786,1788790221.0,78.66109983333334,16.933328500000002,True,1
1788790706.984,1788790221.2,78.6611,16.933328,True,1
1788790707.185,1788790221.4,78.66110016666667,16.933327333333335,True,1
1788790707.384,1788790221.6,78.66110033333332,16.933327000000002,True,1
1788790707.586,1788790221.8,78.6611005,16.933326333333333,True,1
1788790707.786,1788790222.0,78.66110066666667,16.93332566666667,True,1
1788790707.988,1788790222.2,78.66110083333334,16.93332516666667,True,1
1788790708.186,1788790222.4,78.66110099999999,16.9333245,True,1
1788790708.385,1788790222.6,78.66110116666667,16.933323833333336,True,1
1788790708.585,1788790222.8,78.66110133333333,16.93332333333333,True,1
1788790708.782,1788790223.0,78.66110133333333,16.933322666666665,True,1
1788790708.984,1788790223.2,78.6611015,16.933322166666667,True,1
1788790709.185,1788790223.4,78.66110166666667,16.933321666666664,True,1
1788790709.384,1788790223.6,78.66110183333333,16.933321166666666,True,1
1788790709.583,1788790223.8,78.661102,16.933320666666667,True,1
1788790709.784,1788790224.0,78.66110216666667,16.93332,True,1
1788790709.983,1788790224.2,78.66110233333333,16.933319666666666,True,1
1788790710.183,1788790224.4,78.6611025,16.933319166666667,True,1
1788790710.386,1788790224.6,78.66110266666666,16.933318666666665,True,1
1788790710.592,1788790224.8,78.66110283333335,16.933318166666666,True,1
1788790710.787,1788790225.0,78.661103,16.933317833333334,True,1
1788790710.986,1788790225.2,78.66110316666666,16.93331733333333,True,1
1788790711.187,1788790225.4,78.66110350000001,16.933316333333334,True,1
1788790711.385,1788790225.6,78.66110383333333,16.933315166666667,True,1
1788790711.585,1788790225.8,78.6611045,16.9333135,True,1
1788790711.785,1788790226.0,78.66110516666666,16.9333115,True,1
1788790711.985,1788790226.2,78.661106,16.933309333333334,True,1
1788790712.185,1788790226.4,78.66110683333333,16.933306833333333,True,1
1788790712.384,1788790226.6,78.66110783333333,16.933304333333336,True,1
1788790712.584,1788790226.8,78.66110883333334,16.93330116666667,True,1
1788790712.784,1788790227.0,78.66111016666667,16.93329783333333,True,1
1788790712.985,1788790227.2,78.6611115,16.9332945,True,1
1788790713.185,1788790227.4,78.66111299999999,16.9332905,True,1
1788790713.387,1788790227.6,78.6611145,16.933286333333335,True,1
1788790713.588,1788790227.8,78.66111633333334,16.9332815,True,1
1788790713.788,1788790228.0,78.66111833333333,16.933275666666667,True,1
1788790713.988,1788790228.2,78.66112066666666,16.933269499999998,True,1
1788790714.187,1788790228.4,78.661123,16.933263,True,1
1788790714.387,1788790228.6,78.6611255,16.933255999999997,True,1
1788790714.587,1788790228.8,78.66112799999999,16.933248666666668,True,1
1788790714.786,1788790229.0,78.66113083333333,16.933241,True,1
1788790714.987,1788790229.2,78.6611335,16.93323333333333,True,1
1788790715.186,1788790229.4,78.66113633333333,16.9332255,True,1
1788790715.386,1788790229.6,78.66113916666667,16.933217833333334,True,1
1788790715.585,1788790229.8,78.66114216666666,16.93321,True,1
1788790715.788,1788790230.0,78.661145,16.933202333333334,True,1
1788790715.988,1788790230.2,78.66114783333335,16.93319466666667,True,1
1788790716.188,1788790230.4,78.66115066666666,16.933187166666666,True,1
1788790716.387,1788790230.6,78.6611535,16.9331795,True,1
1788790716.59,1788790230.8,78.6611565,16.93317216666667,True,1
1788790716.788,1788790231.0,78.66115933333334,16.93316433333333,True,1
1788790716.986,1788790231.2,78.66116216666666,16.93315683333333,True,1
1788790717.187,1788790231.4,78.66116516666666,16.933149,True,1
1788790717.387,1788790231.6,78.66116816666666,16.933141,True,1
1788790717.585,1788790231.8,78.66117116666666,16.933133,True,1
1788790717.787,1788790232.0,78.66117416666665,16.933124833333334,True,1
1788790717.988,1788790232.2,78.66117716666666,16.933116833333333,True,1
1788790718.186,1788790232.4,78.66118016666665,16.933108666666666,True,1
1788790718.385,1788790232.6,78.661183,16.933100500000002,True,1
1788790718.587,1788790232.8,78.661186,16.93309233333333,True,1
1788790718.787,1788790233.0,78.661189,16.933084,True,1
1788790718.987,1788790233.2,78.66119183333333,16.933075666666664,True,1
1788790719.187,1788790233.4,78.66119483333334,16.933067666666666,True,1
1788790719.388,1788790233.6,78.66119766666667,16.933059333333333,True,1
1788790719.588,1788790233.8,78.66120066666667,16.933051,True,1
1788790719.785,1788790234.0,78.6612035,16.9330425,True,1
1788790719.986,1788790234.2,78.66120649999999,16.933034000000003,True,1
1788790720.186,1788790234.4,78.66120933333333,16.9330255,True,1
1788790720.388,1788790234.6,78.66121233333334,16.933017,True,1
1788790720.588,1788790234.8,78.661215,16.933008500000003,True,1
1788790720.787,1788790235.0,78.66121766666667,16.933001,True,1
1788790720.986,1788790235.2,78.66122,16.9329945,True,1
1788790721.183,1788790235.4,78.66122216666666,16.9329885,True,1
1788790721.386,1788790235.6,78.66122433333334,16.93298233333333,True,1
1788790721.587,1788790235.8,78.66122633333333,16.9329765,True,1
1788790721.786,1788790236.0,78.66122833333334,16.932970666666666,True,1
1788790721.986,1788790236.2,78.66123033333334,16.932964833333333,True,1
1788790722.186,1788790236.4,78.66123216666666,16.932959166666667,True,1
1788790722.391,1788790236.6,78.66123383333334,16.932954,True,1
1788790722.585,1788790236.8,78.6612355,16.932949,True,1
1788790722.786,1788790237.0,78.661237,16.9329445,True,1
1788790722.985,1788790237.2,78.66123850000001,16.93294,True,1
1788790723.185,1788790237.4,78.66123966666667,16.932936333333334,True,1
1788790723.384,1788790237.6,78.66124083333334,16.932932833333332,True,1
1788790723.585,1788790237.8,78.66124183333334,16.932929333333334,True,1
1788790723.785,1788790238.0,78.661243,16.932926333333334,True,1
1788790723.984,1788790238.2,78.661244,16.93292316666667,True,1
1788790724.186,1788790238.4,78.661245,16.93292016666667,True,1
1788790724.385,1788790238.6,78.66124599999999,16.932917,True,1
1788790724.585,1788790238.8,78.66124683333334,16.932914,True,1
1788790724.787,1788790239.0,78.66124783333333,16.932911166666667,True,1
1788790724.986,1788790239.2,78.66124866666668,16.9329085,True,1
1788790725.186,1788790239.4,78.6612495,16.932905833333333,True,1
1788790725.384,1788790239.6,78.66125016666666,16.932903666666668,True,1
1788790725.585,1788790239.8,78.661251,16.932901166666667,True,1
1788790725.785,1788790240.0,78.66125183333334,16.932898833333336,True,1
1788790725.986,1788790240.2,78.66125266666667,16.932896666666668,True,1
1788790726.185,1788790240.4,78.66125333333333,16.932894333333333,True,1
1788790726.385,1788790240.6,78.661254,16.93289233333333,True,1
1788790726.584,1788790240.8,78.66125466666668,16.932890166666667,True,1
1788790726.785,1788790241.0,78.66125533333334,16.932888166666665,True,1
1788790726.987,1788790241.2,78.66125600000001,16.932886166666666,True,1
1788790727.187,1788790241.4,78.66125666666667,16.932883833333335,True,1
1788790727.387,1788790241.6,78.66125733333334,16.932882,True,1
1788790727.587,1788790241.8,78.661258,16.932879833333335,True,1
1788790727.787,1788790242.0,78.66125866666667,16.932877666666666,True,1
1788790727.986,1788790242.2,78.66125916666667,16.932875666666668,True,1
1788790728.188,1788790242.4,78.66125983333333,16.932874,True,1
1788790728.387,1788790242.6,78.6612605,16.932872166666666,True,1
1788790728.584,1788790242.8,78.661261,16.932870333333334,True,1
1788790728.785,1788790243.0,78.6612615,16.93286833333333,True,1
1788790728.986,1788790243.2,78.66126200000001,16.9328665,True,1
1788790729.185,1788790243.4,78.66126266666667,16.9328645,True,1
1788790729.384,1788790243.6,78.66126316666667,16.932863166666667,True,1
1788790729.584,1788790243.8,78.66126366666667,16.9328615,True,1
1788790729.785,1788790244.0,78.66126416666665,16.932859833333335,True,1
1788790729.987,1788790244.2,78.66126466666667,16.932858166666666,True,1
1788790730.187,1788790244.4,78.661265,16.9328565,True,1
1788790730.385,1788790244.6,78.6612655,16.932854666666667,True,1
1788790730.588,1788790244.8,78.661266,16.932853166666668,True,1
1788790730.787,1788790245.0,78.6612665,16.9328515,True,1
1788790730.985,1788790245.2,78.661267,16.932849833333332,True,1
1788790731.185,1788790245.4,78.66126733333334,16.9328485,True,1
1788790731.385,1788790245.6,78.66126783333334,16.932846833333333,True,1
1788790731.588,1788790245.8,78.66126816666666,16.932845333333333,True,1
1788790731.786,1788790246.0,78.66126866666667,16.932843833333333,True,1
1788790731.985,1788790246.2,78.66126899999999,16.932842166666667,True,1
1788790732.185,1788790246.4,78.66126949999999,16.932840833333334,True,1
1788790732.39,1788790246.6,78.66126983333334,16.932839333333334,True,1
1788790732.585,1788790246.8,78.66127016666665,16.932837833333334,True,1
1788790732.789,1788790247.0,78.66127066666667,16.9328365,True,1
1788790732.985,1788790247.2,78.661271,16.932835166666667,True,1
1788790733.186,1788790247.4,78.66127133333333,16.9328335,True,1
1788790733.389,1788790247.6,78.66127166666666,16.932832166666667,True,1
1788790733.585,1788790247.8,78.661272,16.9328305,True,1
1788790733.786,1788790248.0,78.66127233333333,16.932829333333334,True,1
1788790733.988,1788790248.2,78.66127266666668,16.932827666666665,True,1
1788790734.188,1788790248.4,78.661273,16.932826499999997,True,1
1788790734.387,1788790248.6,78.66127333333334,16.932825333333334,True,1
1788790734.586,1788790248.8,78.66127366666666,16.932824,True,1
1788790734.786,1788790249.0,78.661274,16.932822833333333,True,1
1788790734.985,1788790249.2,78.66127433333332,16.932821666666666,True,1
1788790735.188,1788790249.4,78.66127466666667,16.9328205,True,1
1788790735.387,1788790249.6,78.66127499999999,16.932819166666665,True,1
1788790735.588,1788790249.8,78.66127533333334,16.932818166666667,True,1
1788790735.788,1788790250.0,78.66127566666667,16.932816833333334,True,1
1788790735.987,1788790250.2,78.661276,16.9328155,True,1
1788790736.187,1788790250.4,78.66127616666667,16.932814333333333,True,1
1788790736.385,1788790250.6,78.6612765,16.932813,True,1
1788790736.587,1788790250.8,78.66127666666667,16.932812000000002,True,1
1788790736.787,1788790251.0,78.661277,16.93281066666667,True,1
1788790736.986,1788790251.2,78.66127733333333,16.9328095,True,1
1788790737.186,1788790251.4,78.66127750000001,16.932808333333334,True,1
1788790737.385,1788790251.6,78.66127783333333,16.932807166666667,True,1
1788790737.588,1788790251.8,78.661278,16.932805833333337,True,1
1788790737.785,1788790252.0,78.66127833333333,16.932804666666666,True,1
1788790737.989,1788790252.2,78.66127866666668,16.9328035,True,1
1788790738.188,1788790252.4,78.66127883333334,16.932802166666665,True,1
1788790738.386,1788790252.6,78.66127916666666,16.932800999999998,True,1
1788790738.585,1788790252.8,78.6612795,16.932799833333334,True,1
1788790738.786,1788790253.0,78.66127966666666,16.932798666666667,True,1
1788790738.987,1788790253.2,78.66128,16.9327975,True,1
1788790739.185,1788790253.4,78.66128016666667,16.9327965,True,1
1788790739.386,1788790253.6,78.6612805,16.932795666666667,True,1
1788790739.586,1788790253.8,78.66128083333334,16.9327945,True,1
1788790739.788,1788790254.0,78.66128099999999,16.9327935,True,1
1788790739.987,1788790254.2,78.66128133333333,16.932792333333335,True,1
1788790740.187,1788790254.4,78.6612815,16.9327915,True,1
1788790740.385,1788790254.6,78.66128183333333,16.932790333333333,True,1
1788790740.588,1788790254.8,78.661282,16.932789500000002,True,1
1788790740.786,1788790255.0,78.66128233333333,16.932788333333335,True,1
1788790740.985,1788790255.2,78.6612825,16.932787166666667,True,1
1788790741.186,1788790255.4,78.66128283333335,16.932786333333336,True,1
1788790741.384,1788790255.6,78.661283,16.932785333333335,True,1
1788790741.584,1788790255.8,78.66128333333333,16.932784333333334,True,1
1788790741.786,1788790256.0,78.66128350000001,16.932783500000003,True,1
1788790741.984,1788790256.2,78.66128366666666,16.9327825,True,1
1788790742.184,1788790256.4,78.661284,16.932781833333333,True,1
1788790742.385,1788790256.6,78.66128416666668,16.932781,True,1
1788790742.59,1788790256.8,78.6612845,16.932780166666664,True,1
1788790742.787,1788790257.0,78.66128466666667,16.9327795,True,1
1788790742.987,1788790257.2,78.66128483333334,16.932778499999998,True,1
1788790743.183,1788790257.4,78.66128516666666,16.932777833333333,True,1
1788790743.384,1788790257.6,78.66128533333334,16.932776999999998,True,1
1788790743.585,1788790257.8,78.6612855,16.932776166666667,True,1
1788790743.786,1788790258.0,78.66128583333334,16.932775499999998,True,1
1788790743.985,1788790258.2,78.661286,16.932774833333333,True,1
1788790744.185,1788790258.4,78.66128616666667,16.932774,True,1
1788790744.386,1788790258.6,78.66128633333332,16.932773333333333,True,1
1788790744.585,1788790258.8,78.6612865,16.932772333333332,True,1
1788790744.786,1788790259.0,78.66128683333334,16.9327715,True,1
1788790744.986,1788790259.2,78.66128699999999,16.932770833333333,True,1
1788790745.184,1788790259.4,78.66128716666667,16.93277,True,1
1788790745.386,1788790259.6,78.66128733333333,16.932769333333333,True,1
1788790745.587,1788790259.8,78.6612875,16.9327685,True,1
1788790745.786,1788790260.0,78.66128766666667,16.932767666666667,True,1
1788790745.99,1788790260.2,78.661288,16.932767000000002,True,1
1788790746.184,1788790260.4,78.66128816666667,16.932766333333333,True,1
1788790746.386,1788790260.6,78.66128833333333,16.93276566666667,True,1
1788790746.587,1788790260.8,78.6612885,16.932765,True,1
1788790746.787,1788790261.0,78.66128883333334,16.932764333333335,True,1
1788790746.987,1788790261.2,78.661289,16.9327635,True,1
1788790747.186,1788790261.4,78.66128950000001,16.932762166666667,True,1
1788790747.386,1788790261.6,78.66129,16.932760166666665,True,1
1788790747.587,1788790261.8,78.66129083333334,16.93275733333333,True,1
1788790747.787,1788790262.0,78.66129216666667,16.932753833333333,True,1
1788790747.986,1788790262.2,78.66129383333333,16.932749333333334,True,1
1788790748.186,1788790262.4,78.66129583333333,16.932743833333333,True,1
1788790748.388,1788790262.6,78.66129816666667,16.932737333333332,True,1
1788790748.587,1788790262.8,78.66130083333334,16.93273,True,1
1788790748.785,1788790263.0,78.6613035,16.932722333333334,True,1
1788790748.987,1788790263.2,78.66130633333334,16.9327145,True,1
1788790749.187,1788790263.4,78.66130916666665,16.932706333333332,True,1
1788790749.387,1788790263.6,78.66131216666666,16.932697833333336,True,1
1788790749.585,1788790263.8,78.66131516666665,16.9326895,True,1
1788790749.786,1788790264.0,78.661318,16.932680833333333,True,1
1788790749.985,1788790264.2,78.66132116666667,16.932672333333336,True,1
1788790750.183,1788790264.4,78.661324,16.932663833333333,True,1
1788790750.385,1788790264.6,78.661327,16.932655166666667,True,1
1788790750.584,1788790264.8,78.66132999999999,16.932646666666667,True,1
1788790750.785,1788790265.0,78.661333,16.932638,True,1
1788790750.986,1788790265.2,78.66133599999999,16.93262916666667,True,1
1788790751.187,1788790265.4,78.66133916666666,16.9326205,True,1
1788790751.387,1788790265.6,78.66134216666666,16.932611833333333,True,1
1788790751.585,1788790265.8,78.66134533333334,16.932603333333336,True,1
1788790751.788,1788790266.0,78.66134833333334,16.9325945,True,1
1788790751.986,1788790266.2,78.66135133333334,16.932585666666668,True,1
1788790752.187,1788790266.4,78.66135433333334,16.932577,True,1
1788790752.388,1788790266.6,78.66135733333334,16.932568166666666,True,1
1788790752.588,1788790266.8,78.66136033333333,16.932559166666667,True,1
1788790752.786,1788790267.0,78.66136333333334,16.932550499999998,True,1
1788790752.985,1788790267.2,78.66136633333333,16.9325415,True,1
1788790753.185,1788790267.4,78.66136933333334,16.932532833333333,True,1
1788790753.383,1788790267.6,78.66137233333333,16.932523833333335,True,1
1788790753.584,1788790267.8,78.66137533333334,16.932514833333336,True,1
1788790753.786,1788790268.0,78.66137833333333,16.932505666666668,True,1
1788790753.984,1788790268.2,78.66138133333334,16.93249666666667,True,1
1788790754.185,1788790268.4,78.66138433333334,16.932487666666667,True,1
1788790754.383,1788790268.6,78.66138733333334,16.932478833333334,True,1
1788790754.584,1788790268.8,78.66139033333334,16.932469833333336,True,1
1788790754.786,1788790269.0,78.66139333333334,16.932461,True,1
1788790754.984,1788790269.2,78.66139633333334,16.932452166666668,True,1
1788790755.185,1788790269.4,78.66139933333334,16.93244333333333,True,1
1788790755.385,1788790269.6,78.66140233333334,16.932434333333333,True,1
1788790755.585,1788790269.8,78.66140533333333,16.932425333333335,True,1
1788790755.785,1788790270.0,78.66140833333334,16.932416333333332,True,1
1788790755.986,1788790270.2,78.66141116666667,16.932407166666668,True,1
1788790756.186,1788790270.4,78.66141416666666,16.932398166666665,True,1
1788790756.386,1788790270.6,78.66141716666667,16.932389,True,1
1788790756.586,1788790270.8,78.66142016666666,16.932379833333336,True,1
1788790756.787,1788790271.0,78.66142316666667,16.932370666666667,True,1
1788790756.984,1788790271.2,78.66142616666666,16.932361333333333,True,1
1788790757.185,1788790271.4,78.66142916666666,16.932352166666664,True,1
1788790757.386,1788790271.6,78.66143216666666,16.932343,True,1
1788790757.586,1788790271.8,78.66143516666666,16.932333833333335,True,1
1788790757.787,1788790272.0,78.66143816666666,16.932324666666666,True,1
1788790757.986,1788790272.2,78.66144116666666,16.932315333333335,True,1
1788790758.186,1788790272.4,78.66144416666666,16.93230583333333,True,1
1788790758.387,1788790272.6,78.66144716666666,16.932296666666666,True,1
1788790758.586,1788790272.8,78.66145016666665,16.932287499999997,True,1
1788790758.783,1788790273.0,78.66145316666666,16.9322785,True,1
1788790758.985,1788790273.2,78.66145616666667,16.932269166666668,True,1
1788790759.186,1788790273.4,78.66145916666666,16.93226,True,1
1788790759.384,1788790273.6,78.66146216666667,16.932250833333335,True,1
1788790759.585,1788790273.8,78.66146516666666,16.9322415,True,1
1788790759.783,1788790274.0,78.66146816666667,16.93223233333333,True,1
1788790759.985,1788790274.2,78.66147099999999,16.932222833333334,True,1
1788790760.186,1788790274.4,78.661474,16.9322135,True,1
1788790760.386,1788790274.6,78.661477,16.932204000000002,True,1
1788790760.586,1788790274.8,78.66148,16.932194666666664,True,1
1788790760.788,1788790275.0,78.661483,16.932185333333333,True,1
1788790760.986,1788790275.2,78.661486,16.932176000000002,True,1
1788790761.183,1788790275.4,78.661489,16.932166666666667,True,1
1788790761.385,1788790275.6,78.661492,16.932157333333336,True,1
1788790761.59,1788790275.8,78.661495,16.93214783333333,True,1
1788790761.785,1788790276.0,78.661498,16.9321385,True,1
1788790761.984,1788790276.2,78.66150083333333,16.932128833333334,True,1
1788790762.185,1788790276.4,78.66150366666668,16.9321195,True,1
1788790762.384,1788790276.6,78.6615065,16.93211,True,1
1788790762.583,1788790276.8,78.66150916666668,16.932100666666667,True,1
1788790762.786,1788790277.0,78.6615115,16.932091166666666,True,1
1788790762.984,1788790277.2,78.66151383333333,16.9320815,True,1
1788790763.185,1788790277.4,78.66151616666666,16.9320715,True,1
1788790763.386,1788790277.6,78.66151816666667,16.932060999999997,True,1
1788790763.587,1788790277.8,78.66152016666666,16.932050166666667,True,1
1788790763.788,1788790278.0,78.661522,16.932038833333333,True,1
1788790763.984,1788790278.2,78.661524,16.932027333333334,True,1
1788790764.187,1788790278.4,78.66152566666666,16.932015333333332,True,1
1788790764.386,1788790278.6,78.66152749999999,16.932003166666668,True,1
1788790764.585,1788790278.8,78.661529,16.931990499999998,True,1
1788790764.786,1788790279.0,78.6615305,16.931977333333336,True,1
1788790764.985,1788790279.2,78.66153166666666,16.931963666666665,True,1
1788790765.186,1788790279.4,78.66153266666667,16.931950166666663,True,1
1788790765.384,1788790279.6,78.66153333333334,16.931936833333335,True,1
1788790765.587,1788790279.8,78.66153416666666,16.931923666666666,True,1
1788790765.787,1788790280.0,78.66153466666667,16.93191016666667,True,1
1788790765.989,1788790280.2,78.661535,16.931896333333334,True,1
1788790766.187,1788790280.4,78.66153516666667,16.931883000000003,True,1
1788790766.386,1788790280.6,78.66153516666667,16.931870166666666,True,1
1788790766.587,1788790280.8,78.66153483333332,16.9318575,True,1
1788790766.785,1788790281.0,78.6615345,16.931844833333333,True,1
1788790766.986,1788790281.2,78.66153383333334,16.931832,True,1
1788790767.185,1788790281.4,78.66153316666667,16.93181866666667,True,1
1788790767.384,1788790281.6,78.66153216666666,16.931805666666666,True,1
1788790767.585,1788790281.8,78.661531,16.931793333333335,True,1
1788790767.786,1788790282.0,78.66153,16.931781333333333,True,1
1788790767.984,1788790282.2,78.66152866666667,16.931769,True,1
1788790768.183,1788790282.4,78.66152733333334,16.931756833333335,True,1
1788790768.384,1788790282.6,78.66152600000001,16.931744666666667,True,1
1788790768.584,1788790282.8,78.6615245,16.931732833333335,True,1
1788790768.786,1788790283.0,78.66152283333332,16.931720833333333,True,1
1788790768.985,1788790283.2,78.66152116666667,16.931709166666668,True,1
1788790769.185,1788790283.4,78.6615195,16.93169783333333,True,1
1788790769.385,1788790283.6,78.66151783333333,16.931687333333333,True,1
1788790769.585,1788790283.8,78.66151616666666,16.931677166666667,True,1
1788790769.785,1788790284.0,78.66151433333333,16.9316675,True,1
1788790769.987,1788790284.2,78.66151266666667,16.93165816666667,True,1
1788790770.186,1788790284.4,78.661511,16.9316495,True,1
1788790770.395,1788790284.6,78.66150933333333,16.931641666666668,True,1
1788790770.587,1788790284.8,78.661508,16.931633666666666,True,1
1788790770.787,1788790285.0,78.66150683333333,16.931626333333334,True,1
1788790770.986,1788790285.2,78.66150566666667,16.931619666666666,True,1
1788790771.186,1788790285.4,78.6615045,16.931613000000002,True,1
1788790771.384,1788790285.6,78.66150333333333,16.931606,True,1
1788790771.584,1788790285.8,78.66150233333333,16.93159916666667,True,1
1788790771.785,1788790286.0,78.66150133333333,16.931591333333333,True,1
1788790771.983,1788790286.2,78.66150033333334,16.931583,True,1
1788790772.184,1788790286.4,78.66149933333332,16.931574166666667,True,1
1788790772.384,1788790286.6,78.66149850000001,16.931565166666665,True,1
1788790772.584,1788790286.8,78.66149766666668,16.931555333333332,True,1
1788790772.791,1788790287.0,78.66149733333333,16.931545000000003,True,1
1788790772.984,1788790287.2,78.661497,16.93153433333333,True,1
1788790773.186,1788790287.4,78.66149683333333,16.93152316666667,True,1
1788790773.384,1788790287.6,78.66149683333333,16.931512333333334,True,1
1788790773.582,1788790287.8,78.661497,16.931501333333333,True,1
1788790773.785,1788790288.0,78.66149766666668,16.931492666666667,True,1
1788790773.984,1788790288.2,78.66149866666666,16.931485000000002,True,1
1788790774.184,1788790288.4,78.66149966666667,16.931477833333336,True,1
1788790774.386,1788790288.6,78.66150083333333,16.931471666666667,True,1
1788790774.585,1788790288.8,78.661502,16.9314655,True,1
1788790774.786,1788790289.0,78.66150333333333,16.931460833333333,True,1
1788790774.983,1788790289.2,78.66150466666666,16.931456,True,1
1788790775.184,1788790289.4,78.66150633333334,16.931452166666666,True,1
1788790775.384,1788790289.6,78.66150783333333,16.931449,True,1
1788790775.585,1788790289.8,78.6615095,16.9314465,True,1
1788790775.786,1788790290.0,78.66151133333332,16.931444166666665,True,1
1788790775.984,1788790290.2,78.661513,16.931443833333333,True,1
1788790776.184,1788790290.4,78.661515,16.931443666666667,True,1
1788790776.382,1788790290.6,78.661517,16.931443666666667,True,1
1788790776.584,1788790290.8,78.66151916666666,16.931444,True,1
1788790776.786,1788790291.0,78.66152149999999,16.931445666666665,True,1
1788790776.985,1788790291.2,78.66152383333333,16.931448333333332,True,1
1788790777.185,1788790291.4,78.66152616666666,16.931451,True,1
1788790777.386,1788790291.6,78.66152833333334,16.931453833333332,True,1
1788790777.586,1788790291.8,78.6615305,16.931456833333336,True,1
1788790777.785,1788790292.0,78.6615325,16.93145966666667,True,1
1788790777.985,1788790292.2,78.66153433333334,16.931462333333332,True,1
1788790778.185,1788790292.4,78.66153616666666,16.931465166666666,True,1
1788790778.386,1788790292.6,78.66153783333333,16.9314675,True,1
1788790778.588,1788790292.8,78.66153966666667,16.931469666666665,True,1
1788790778.785,1788790293.0,78.66154166666666,16.931470666666666,True,1
1788790778.985,1788790293.2,78.66154383333333,16.9314705,True,1
1788790779.183,1788790293.4,78.661546,16.931470166666667,True,1
1788790779.387,1788790293.6,78.661548,16.93146983333333,True,1
1788790779.584,1788790293.8,78.66155033333332,16.931468833333334,True,1
1788790779.786,1788790294.0,78.6615525,16.93146683333333,True,1
1788790779.985,1788790294.2,78.66155466666667,16.931463833333332,True,1
1788790780.186,1788790294.4,78.66155683333334,16.931460333333334,True,1
1788790780.386,1788790294.6,78.66155916666666,16.931456333333333,True,1
1788790780.585,1788790294.8,78.6615615,16.93145183333333,True,1
1788790780.786,1788790295.0,78.66156383333333,16.9314465,True,1
1788790780.987,1788790295.2,78.66156616666667,16.9314405,True,1
1788790781.187,1788790295.4,78.6615685,16.931433666666667,True,1
1788790781.385,1788790295.6,78.6615705,16.931426666666667,True,1
1788790781.585,1788790295.8,78.66157266666667,16.931419166666668,True,1
1788790781.785,1788790296.0,78.661575,16.931411500000003,True,1
1788790781.984,1788790296.2,78.66157700000001,16.9314035,True,1
1788790782.187,1788790296.4,78.661579,16.931395000000002,True,1
1788790782.386,1788790296.6,78.661581,16.931385666666664,True,1
1788790782.586,1788790296.8,78.66158283333333,16.931375666666668,True,1
1788790782.787,1788790297.0,78.661585,16.931364833333337,True,1
1788790782.985,1788790297.2,78.66158716666668,16.931353333333334,True,1
1788790783.186,1788790297.4,78.6615895,16.9313415,True,1
1788790783.383,1788790297.6,78.661592,16.9313295,True,1
1788790783.584,1788790297.8,78.6615945,16.9313175,True,1
1788790783.784,1788790298.0,78.661597,16.9313055,True,1
1788790783.984,1788790298.2,78.6615995,16.931293333333333,True,1
1788790784.185,1788790298.4,78.66160183333334,16.93128116666667,True,1
1788790784.384,1788790298.6,78.66160433333333,16.931269166666667,True,1
1788790784.583,1788790298.8,78.66160666666666,16.931256833333336,True,1
1788790784.784,1788790299.0,78.661609,16.9312445,True,1
1788790784.985,1788790299.2,78.66161149999999,16.931232,True,1
1788790785.185,1788790299.4,78.66161383333333,16.9312195,True,1
1788790785.385,1788790299.6,78.66161633333333,16.93120683333333,True,1
1788790785.584,1788790299.8,78.66161883333332,16.931194166666668,True,1
1788790785.784,1788790300.0,78.66162133333334,16.931181499999997,True,1
1788790785.984,1788790300.2,78.66162383333334,16.931168666666668,True,1
1788790786.186,1788790300.4,78.66162616666666,16.93115583333333,True,1
1788790786.385,1788790300.6,78.66162883333332,16.931143000000002,True,1
1788790786.587,1788790300.8,78.66163116666667,16.931130333333332,True,1
1788790786.786,1788790301.0,78.66163366666666,16.931117333333336,True,1
1788790786.986,1788790301.2,78.66163616666667,16.931104666666666,True,1
1788790787.186,1788790301.4,78.66163866666668,16.931092,True,1
1788790787.383,1788790301.6,78.66164116666667,16.93107966666667,True,1
1788790787.585,1788790301.8,78.66164366666666,16.931067166666665,True,1
1788790787.788,1788790302.0,78.66164616666667,16.931054666666668,True,1
1788790787.985,1788790302.2,78.66164866666666,16.931041999999998,True,1
1788790788.186,1788790302.4,78.66165099999999,16.9310295,True,1
1788790788.386,1788790302.6,78.6616535,16.931017,True,1
1788790788.588,1788790302.8,78.661656,16.931004499999997,True,1
1788790788.785,1788790303.0,78.6616585,16.930992,True,1
1788790788.985,1788790303.2,78.66166100000001,16.930979333333333,True,1
1788790789.185,1788790303.4,78.6616635,16.930966666666666,True,1
1788790789.384,1788790303.6,78.66166583333333,16.930954333333332,True,1
1788790789.585,1788790303.8,78.66166833333334,16.93094166666667,True,1
1788790789.783,1788790304.0,78.66167083333333,16.930928833333333,True,1
1788790789.983,1788790304.2,78.66167333333333,16.930916333333336,True,1
1788790790.183,1788790304.4,78.66167566666667,16.930903666666666,True,1
1788790790.385,1788790304.6,78.661678,16.930891,True,1
1788790790.586,1788790304.8,78.6616805,16.930878333333332,True,1
1788790790.785,1788790305.0,78.661683,16.930865833333332,True,1
1788790790.989,1788790305.2,78.66168533333332,16.930853333333335,True,1
1788790791.19,1788790305.4,78.66168783333333,16.93084083333333,True,1
1788790791.385,1788790305.6,78.66169016666666,16.930828333333334,True,1
1788790791.583,1788790305.8,78.66169266666667,16.930815833333334,True,1
1788790791.786,1788790306.0,78.661695,16.930803333333333,True,1
1788790791.984,1788790306.2,78.6616975,16.930790833333333,True,1
1788790792.186,1788790306.4,78.66169983333333,16.9307785,True,1
1788790792.385,1788790306.6,78.66170233333334,16.930766000000002,True,1
1788790792.584,1788790306.8,78.66170483333333,16.93075333333333,True,1
1788790792.785,1788790307.0,78.66170716666667,16.930741,True,1
1788790792.982,1788790307.2,78.66170966666667,16.930728666666667,True,1
1788790793.184,1788790307.4,78.66171216666666,16.930716166666667,True,1
1788790793.387,1788790307.6,78.66171466666667,16.930703833333332,True,1
1788790793.587,1788790307.8,78.66171716666666,16.930691333333336,True,1
1788790793.788,1788790308.0,78.66171949999999,16.930679,True,1
1788790793.985,1788790308.2,78.661722,16.930666499999997,True,1
1788790794.187,1788790308.4,78.6617245,16.930654,True,1
1788790794.386,1788790308.6,78.661727,16.930641666666666,True,1
1788790794.585,1788790308.8,78.6617295,16.930629166666666,True,1
1788790794.785,1788790309.0,78.661732,16.930616666666666,True,1
1788790794.986,1788790309.2,78.66173433333333,16.93060416666667,True,1
1788790795.187,1788790309.4,78.66173683333334,16.930591666666665,True,1
1788790795.386,1788790309.6,78.66173933333333,16.930579166666668,True,1
1788790795.585,1788790309.8,78.66174183333332,16.930566833333334,True,1
1788790795.784,1788790310.0,78.66174416666667,16.930554500000003,True,1
1788790795.985,1788790310.2,78.66174666666667,16.930542,True,1
1788790796.186,1788790310.4,78.66174916666667,16.9305295,True,1
1788790796.387,1788790310.6,78.66175150000001,16.930517166666668,True,1
1788790796.587,1788790310.8,78.661754,16.930504666666664,True,1
1788790796.787,1788790311.0,78.66175633333334,16.930492,True,1
1788790796.986,1788790311.2,78.66175883333334,16.9304795,True,1
1788790797.191,1788790311.4,78.66176133333333,16.930467,True,1
1788790797.386,1788790311.6,78.66176366666667,16.930454666666666,True,1
1788790797.586,1788790311.8,78.66176616666667,16.930442000000003,True,1
1788790797.787,1788790312.0,78.66176850000001,16.9304295,True,1
1788790797.985,1788790312.2,78.661771,16.930417,True,1
1788790798.186,1788790312.4,78.6617735,16.930404333333335,True,1
1788790798.383,1788790312.6,78.66177599999999,16.93039183333333,True,1
1788790798.586,1788790312.8,78.66177850000001,16.93038,True,1
1788790798.785,1788790313.0,78.66178083333332,16.930367166666667,True,1
1788790798.989,1788790313.2,78.66178333333333,16.930354666666666,True,1
1788790799.187,1788790313.4,78.66178583333334,16.930342,True,1
1788790799.385,1788790313.6,78.66178816666667,16.930329500000003,True,1
1788790799.584,1788790313.8,78.66179066666668,16.930317,True,1
1788790799.786,1788790314.0,78.661793,16.930304333333332,True,1
1788790799.986,1788790314.2,78.6617955,16.930291833333335,True,1
1788790800.186,1788790314.4,78.66179783333334,16.93027933333333,True,1
1788790800.385,1788790314.6,78.66180033333333,16.930266666666668,True,1
1788790800.585,1788790314.8,78.66180266666667,16.930254333333334,True,1
1788790800.785,1788790315.0,78.661805,16.930241833333334,True,1
1788790800.988,1788790315.2,78.66180733333334,16.9302295,True,1
1788790801.184,1788790315.4,78.66180966666667,16.930217000000003,True,1
1788790801.384,1788790315.6,78.66181183333333,16.9302045,True,1
1788790801.585,1788790315.8,78.66181416666667,16.930191833333332,True,1
1788790801.785,1788790316.0,78.66181633333333,16.93017916666667,True,1
1788790801.983,1788790316.2,78.6618185,16.930166333333332,True,1
1788790802.186,1788790316.4,78.66182083333334,16.93015366666667,True,1
1788790802.385,1788790316.6,78.661823,16.930140666666667,True,1
1788790802.583,1788790316.8,78.66182516666666,16.9301275,True,1
1788790802.786,1788790317.0,78.66182733333333,16.930114333333332,True,1
1788790802.991,1788790317.2,78.66182950000001,16.930101333333333,True,1
1788790803.186,1788790317.4,78.66183183333332,16.930088166666668,True,1
1788790803.384,1788790317.6,78.661834,16.930074833333332,True,1
1788790803.583,1788790317.8,78.66183616666667,16.930061333333335,True,1
1788790803.783,1788790318.0,78.66183833333334,16.930048,True,1
1788790803.983,1788790318.2,78.66184033333334,16.930034666666664,True,1
1788790804.186,1788790318.4,78.66184249999999,16.930021166666666,True,1
1788790804.387,1788790318.6,78.66184466666667,16.93000783333333,True,1
1788790804.585,1788790318.8,78.66184666666666,16.929994166666667,True,1
1788790804.785,1788790319.0,78.66184883333334,16.92998083333333,True,1
1788790804.985,1788790319.2,78.66185083333333,16.92996733333333,True,1
1788790805.185,1788790319.4,78.66185283333333,16.929953666666666,True,1
1788790805.387,1788790319.6,78.661855,16.929940166666665,True,1
1788790805.585,1788790319.8,78.66185683333333,16.9299265,True,1
1788790805.784,1788790320.0,78.66185883333333,16.929913,True,1
1788790805.991,1788790320.2,78.66186083333334,16.92989933333333,True,1
1788790806.184,1788790320.4,78.66186283333333,16.929885666666667,True,1
1788790806.384,1788790320.6,78.66186466666666,16.929871666666667,True,1
1788790806.585,1788790320.8,78.6618665,16.9298575,True,1
1788790806.783,1788790321.0,78.66186833333333,16.929843333333334,True,1
1788790806.986,1788790321.2,78.66187033333334,16.929828999999998,True,1
1788790807.185,1788790321.4,78.66187216666667,16.92981466666667,True,1
1788790807.385,1788790321.6,78.66187383333333,16.9298,True,1
1788790807.585,1788790321.8,78.66187566666667,16.92978533333333,True,1
1788790807.786,1788790322.0,78.66187733333332,16.9297705,True,1
1788790807.985,1788790322.2,78.66187916666667,16.929755666666665,True,1
1788790808.185,1788790322.4,78.66188083333333,16.929740833333334,True,1
1788790808.386,1788790322.6,78.6618825,16.929725666666666,True,1
1788790808.587,1788790322.8,78.66188416666667,16.929710666666665,True,1
1788790808.788,1788790323.0,78.66188583333333,16.929695666666664,True,1
1788790808.987,1788790323.2,78.66188749999999,16.929680833333336,True,1
1788790809.185,1788790323.4,78.66188916666667,16.929665833333335,True,1
1788790809.383,1788790323.6,78.661891,16.929651,True,1
1788790809.584,1788790323.8,78.66189266666667,16.92963616666667,True,1
1788790809.786,1788790324.0,78.66189433333334,16.9296215,True,1
1788790809.983,1788790324.2,78.661896,16.929606666666665,True,1
1788790810.184,1788790324.4,78.66189766666666,16.929591666666667,True,1
1788790810.386,1788790324.6,78.66189933333334,16.929576833333332,True,1
1788790810.585,1788790324.8,78.661901,16.92956183333333,True,1
1788790810.785,1788790325.0,78.66190266666668,16.929546666666667,True,1
1788790810.984,1788790325.2,78.66190433333333,16.9295315,True,1
1788790811.186,1788790325.4,78.66190583333334,16.929516166666666,True,1
1788790811.39,1788790325.6,78.66190750000001,16.929500833333336,True,1
1788790811.586,1788790325.8,78.661909,16.9294855,True,1
1788790811.786,1788790326.0,78.66191066666667,16.929470166666665,True,1
1788790811.986,1788790326.2,78.66191233333333,16.92945466666667,True,1
1788790812.184,1788790326.4,78.66191383333333,16.929439333333335,True,1
1788790812.385,1788790326.6,78.6619155,16.92942383333333,True,1
1788790812.586,1788790326.8,78.66191699999999,16.92940816666667,True,1
1788790812.787,1788790327.0,78.66191866666666,16.929392833333335,True,1
1788790812.987,1788790327.2,78.66192016666668,16.92937733333333,True,1
1788790813.186,1788790327.4,78.66192183333332,16.929362,True,1
1788790813.385,1788790327.6,78.66192333333333,16.9293465,True,1
1788790813.585,1788790327.8,78.66192483333333,16.929330999999998,True,1
1788790813.783,1788790328.0,78.66192633333334,16.92931533333333,True,1
1788790813.983,1788790328.2,78.661928,16.9293,True,1
1788790814.185,1788790328.4,78.66192933333333,16.92928433333333,True,1
1788790814.384,1788790328.6,78.66193100000001,16.929268666666665,True,1
1788790814.584,1788790328.8,78.66193233333334,16.929253000000003,True,1
1788790814.785,1788790329.0,78.66193383333332,16.929237333333333,True,1
1788790814.982,1788790329.2,78.66193533333333,16.929221666666667,True,1
1788790815.185,1788790329.4,78.66193683333333,16.929205833333334,True,1
1788790815.385,1788790329.6,78.66193816666667,16.929190166666668,True,1
1788790815.585,1788790329.8,78.66193966666667,16.929174333333332,True,1
1788790815.785,1788790330.0,78.661941,16.92915866666667,True,1
1788790815.984,1788790330.2,78.6619425,16.929142833333334,True,1
1788790816.184,1788790330.4,78.66194383333332,16.929127166666667,True,1
1788790816.383,1788790330.6,78.66194516666665,16.929111166666665,True,1
1788790816.585,1788790330.8,78.66194650000001,16.929095166666666,True,1
1788790816.785,1788790331.0,78.66194783333334,16.929079,True,1
1788790816.985,1788790331.2,78.66194916666667,16.929062833333333,True,1
1788790817.185,1788790331.4,78.6619505,16.929046833333334,True,1
1788790817.385,1788790331.6,78.66195183333333,16.929030666666666,True,1
1788790817.586,1788790331.8,78.661953,16.9290145,True,1
1788790817.785,1788790332.0,78.66195433333334,16.928998166666666,True,1
1788790817.986,1788790332.2,78.6619555,16.928981833333335,True,1
1788790818.186,1788790332.4,78.66195666666667,16.928965666666667,True,1
1788790818.386,1788790332.6,78.661958,16.928949499999998,True,1
1788790818.586,1788790332.8,78.66195916666668,16.928933166666663,True,1
1788790818.788,1788790333.0,78.66196033333334,16.928916833333336,True,1
1788790818.988,1788790333.2,78.66196133333332,16.9289005,True,1
1788790819.183,1788790333.4,78.6619625,16.928884333333333,True,1
1788790819.384,1788790333.6,78.66196366666667,16.928868,True,1
1788790819.585,1788790333.8,78.66196466666666,16.928851833333333,True,1
1788790819.785,1788790334.0,78.66196566666667,16.928835499999998,True,1
1788790819.984,1788790334.2,78.66196683333332,16.928819166666663,True,1
1788790820.185,1788790334.4,78.66196783333334,16.928802833333336,True,1
1788790820.385,1788790334.6,78.66196883333333,16.928786333333335,True,1
1788790820.583,1788790334.8,78.66197000000001,16.92877,True,1
1788790820.787,1788790335.0,78.661971,16.928753500000003,True,1
1788790820.986,1788790335.2,78.66197183333334,16.928737,True,1
1788790821.187,1788790335.4,78.66197283333332,16.92872016666667,True,1
1788790821.385,1788790335.6,78.66197383333333,16.928703499999997,True,1
1788790821.585,1788790335.8,78.66197483333333,16.928686833333334,True,1
1788790821.786,1788790336.0,78.66197566666666,16.92867,True,1
1788790821.985,1788790336.2,78.66197650000001,16.9286535,True,1
1788790822.185,1788790336.4,78.66197749999999,16.928636666666666,True,1
1788790822.384,1788790336.6,78.66197833333334,16.92862016666667,True,1
1788790822.584,1788790336.8,78.66197916666667,16.9286035,True,1
1788790822.784,1788790337.0,78.66198,16.928586833333334,True,1
1788790822.986,1788790337.2,78.66198083333333,16.928570166666667,True,1
1788790823.184,1788790337.4,78.66198166666666,16.928553333333333,True,1
1788790823.382,1788790337.6,78.66198233333333,16.9285365,True,1
1788790823.586,1788790337.8,78.66198316666667,16.928519833333333,True,1
1788790823.784,1788790338.0,78.661984,16.92850333333333,True,1
1788790823.985,1788790338.2,78.66198466666667,16.928486666666668,True,1
1788790824.187,1788790338.4,78.66198533333333,16.928469833333335,True,1
1788790824.387,1788790338.6,78.661986,16.928453166666667,True,1
1788790824.585,1788790338.8,78.66198683333333,16.92843633333333,True,1
1788790824.785,1788790339.0,78.6619875,16.928419333333334,True,1
1788790824.985,1788790339.2,78.66198816666666,16.9284025,True,1
1788790825.186,1788790339.4,78.66198883333333,16.9283855,True,1
1788790825.385,1788790339.6,78.66198933333334,16.92836833333333,True,1
1788790825.585,1788790339.8,78.66199,16.9283515,True,1
1788790825.785,1788790340.0,78.66199066666667,16.928334500000002,True,1
1788790825.984,1788790340.2,78.66199116666667,16.9283175,True,1
1788790826.184,1788790340.4,78.66199166666667,16.9283005,True,1
1788790826.386,1788790340.6,78.66199233333333,16.928283333333333,True,1
1788790826.584,1788790340.8,78.66199283333334,16.9282665,True,1
1788790826.785,1788790341.0,78.66199333333334,16.928249666666666,True,1
1788790826.983,1788790341.2,78.66199383333333,16.9282325,True,1
1788790827.182,1788790341.4,78.66199433333333,16.928215666666667,True,1
1788790827.383,1788790341.6,78.66199483333334,16.928198833333333,True,1
1788790827.584,1788790341.8,78.66199533333334,16.928182,True,1
1788790827.784,1788790342.0,78.66199583333334,16.928165333333332,True,1
1788790827.984,1788790342.2,78.66199616666667,16.928148333333336,True,1
1788790828.184,1788790342.4,78.66199666666667,16.9281315,True,1
1788790828.383,1788790342.6,78.661997,16.9281145,True,1
1788790828.584,1788790342.8,78.66199750000001,16.928097666666666,True,1
1788790828.787,1788790343.0,78.66199783333333,16.928080833333336,True,1
1788790828.984,1788790343.2,78.66199816666668,16.928063833333333,True,1
1788790829.183,1788790343.4,78.66199866666666,16.928046833333333,True,1
1788790829.385,1788790343.6,78.661999,16.928029833333333,True,1
1788790829.584,1788790343.8,78.66199933333334,16.9280125,True,1
1788790829.785,1788790344.0,78.66199966666666,16.9279955,True,1
1788790829.984,1788790344.2,78.662,16.927978333333332,True,1
1788790830.183,1788790344.4,78.66200016666667,16.927961333333332,True,1
1788790830.384,1788790344.6,78.6620005,16.92794416666667,True,1
1788790830.584,1788790344.8,78.66200083333334,16.927927,True,1
1788790830.784,1788790345.0,78.66200099999999,16.927909833333334,True,1
1788790830.985,1788790345.2,78.66200133333334,16.9278925,True,1
1788790831.188,1788790345.4,78.6620015,16.927875333333336,True,1
1788790831.385,1788790345.6,78.66200183333333,16.927858,True,1
1788790831.58,1788790345.8,78.662002,16.927840833333335,True,1
1788790831.784,1788790346.0,78.66200216666667,16.927823666666665,True,1
1788790831.983,1788790346.2,78.66200233333333,16.9278065,True,1
1788790832.184,1788790346.4,78.66200266666667,16.927789166666667,True,1
1788790832.383,1788790346.6,78.66200283333333,16.927771833333335,True,1
1788790832.583,1788790346.8,78.662003,16.927754333333333,True,1
1788790832.786,1788790347.0,78.66200316666666,16.927736999999997,True,1
1788790832.983,1788790347.2,78.66200333333333,16.92771966666667,True,1
1788790833.188,1788790347.4,78.66200333333333,16.927702333333333,True,1
1788790833.384,1788790347.6,78.66200350000001,16.927685166666667,True,1
1788790833.585,1788790347.8,78.66200350000001,16.92766783333333,True,1
1788790833.782,1788790348.0,78.66200366666666,16.927650500000002,True,1
1788790833.983,1788790348.2,78.66200366666666,16.927633333333333,True,1
1788790834.186,1788790348.4,78.66200366666666,16.927616166666667,True,1
1788790834.382,1788790348.6,78.66200366666666,16.927599166666667,True,1
1788790834.584,1788790348.8,78.66200383333333,16.927581999999997,True,1
1788790834.785,1788790349.0,78.66200383333333,16.927565,True,1
1788790834.984,1788790349.2,78.66200383333333,16.927547833333332,True,1
1788790835.185,1788790349.4,78.66200366666666,16.927530833333332,True,1
1788790835.385,1788790349.6,78.66200366666666,16.9275135,True,1
1788790835.586,1788790349.8,78.66200366666666,16.927496166666668,True,1
1788790835.785,1788790350.0,78.66200366666666,16.927479,True,1
1788790835.984,1788790350.2,78.66200350000001,16.927461666666666,True,1
1788790836.183,1788790350.4,78.66200350000001,16.9274445,True,1
1788790836.385,1788790350.6,78.66200350000001,16.927427333333334,True,1
1788790836.584,1788790350.8,78.66200333333333,16.927410000000002,True,1
1788790836.785,1788790351.0,78.66200316666666,16.927392833333332,True,1
1788790836.983,1788790351.2,78.66200316666666,16.9273755,True,1
1788790837.183,1788790351.4,78.662003,16.927358166666668,True,1
1788790837.385,1788790351.6,78.66200283333333,16.927341166666668,True,1
1788790837.584,1788790351.8,78.66200283333333,16.927324,True,1
1788790837.785,1788790352.0,78.66200266666667,16.927306666666667,True,1
1788790837.984,1788790352.2,78.66200233333333,16.927289499999997,True,1
1788790838.184,1788790352.4,78.66200233333333,16.927272333333335,True,1
1788790838.386,1788790352.6,78.662002,16.927255333333335,True,1
1788790838.586,1788790352.8,78.66200183333333,16.92723833333333,True,1
1788790838.785,1788790353.0,78.66200166666665,16.927221333333332,True,1
1788790838.987,1788790353.2,78.66200133333334,16.92720416666667,True,1
1788790839.186,1788790353.4,78.66200116666667,16.927187166666666,True,1
1788790839.384,1788790353.6,78.66200099999999,16.927169833333334,True,1
1788790839.583,1788790353.8,78.66200066666667,16.927152666666665,True,1
1788790839.783,1788790354.0,78.6620005,16.927135333333336,True,1
1788790839.983,1788790354.2,78.66200016666667,16.927118,True,1
1788790840.185,1788790354.4,78.662,16.927100833333334,True,1
1788790840.384,1788790354.6,78.66199966666666,16.927083333333332,True,1
1788790840.585,1788790354.8,78.66199933333334,16.927066,True,1
1788790840.784,1788790355.0,78.661999,16.927048666666668,True,1
1788790840.986,1788790355.2,78.66199883333334,16.927031333333332,True,1
1788790841.184,1788790355.4,78.6619985,16.927014,True,1
1788790841.385,1788790355.6,78.66199816666668,16.926996666666664,True,1
1788790841.586,1788790355.8,78.66199766666666,16.9269795,True,1
1788790841.784,1788790356.0,78.66199733333333,16.9269625,True,1
1788790841.983,1788790356.2,78.661997,16.926945166666666,True,1
1788790842.184,1788790356.4,78.66199666666667,16.926928,True,1
1788790842.383,1788790356.6,78.66199616666667,16.926911166666667,True,1
1788790842.582,1788790356.8,78.66199583333334,16.926893833333335,True,1
1788790842.784,1788790357.0,78.66199533333334,16.926877166666667,True,1
1788790842.983,1788790357.2,78.66199499999999,16.926861,True,1
1788790843.185,1788790357.4,78.6619945,16.926845833333335,True,1
1788790843.384,1788790357.6,78.661994,16.926831166666666,True,1
1788790843.584,1788790357.8,78.66199333333334,16.92681716666667,True,1
1788790843.785,1788790358.0,78.66199283333334,16.926804166666667,True,1
1788790843.982,1788790358.2,78.6619925,16.92679233333333,True,1
1788790844.184,1788790358.4,78.661992,16.926780833333332,True,1
1788790844.383,1788790358.6,78.66199166666667,16.92676983333333,True,1
1788790844.583,1788790358.8,78.66199116666667,16.926759,True,1
1788790844.785,1788790359.0,78.66199083333332,16.926748666666665,True,1
1788790844.985,1788790359.2,78.66199066666667,16.92673883333333,True,1
1788790845.184,1788790359.4,78.6619905,16.926729166666668,True,1
1788790845.383,1788790359.6,78.66199033333334,16.926720166666666,True,1
1788790845.586,1788790359.8,78.66199016666665,16.926711833333332,True,1
1788790845.785,1788790360.0,78.66199,16.926703999999997,True,1
1788790845.985,1788790360.2,78.66199,16.92669683333333,True,1
1788790846.188,1788790360.4,78.66198983333334,16.92669,True,1
1788790846.385,1788790360.6,78.66198966666666,16.926683500000003,True,1
1788790846.585,1788790360.8,78.66198966666666,16.926676999999998,True,1
1788790846.784,1788790361.0,78.66198949999999,16.9266705,True,1
1788790846.985,1788790361.2,78.66198949999999,16.926664333333335,True,1
1788790847.185,1788790361.4,78.66198933333334,16.926658166666666,True,1
1788790847.385,1788790361.6,78.66198933333334,16.926652333333333,True,1
1788790847.584,1788790361.8,78.66198933333334,16.926647,True,1
1788790847.785,1788790362.0,78.66198916666667,16.926642,True,1
1788790847.984,1788790362.2,78.66198899999999,16.926637000000003,True,1
1788790848.183,1788790362.4,78.66198899999999,16.926632166666664,True,1
1788790848.385,1788790362.6,78.66198883333333,16.9266275,True,1
1788790848.584,1788790362.8,78.66198883333333,16.926622666666667,True,1
1788790848.786,1788790363.0,78.66198866666667,16.926618,True,1
1788790848.986,1788790363.2,78.6619885,16.92661383333333,True,1
1788790849.186,1788790363.4,78.6619885,16.926609666666664,True,1
1788790849.385,1788790363.6,78.6619885,16.926605333333335,True,1
1788790849.584,1788790363.8,78.6619885,16.926601333333334,True,1
1788790849.784,1788790364.0,78.66198833333333,16.926597333333333,True,1
1788790849.984,1788790364.2,78.66198833333333,16.926593333333336,True,1
1788790850.185,1788790364.4,78.66198816666666,16.9265895,True,1
1788790850.385,1788790364.6,78.66198816666666,16.926585499999998,True,1
1788790850.585,1788790364.8,78.66198816666666,16.9265815,True,1
1788790850.784,1788790365.0,78.66198816666666,16.926578166666665,True,1
1788790850.985,1788790365.2,78.66198816666666,16.9265745,True,1
1788790851.186,1788790365.4,78.66198800000001,16.926571000000003,True,1
1788790851.387,1788790365.6,78.66198800000001,16.926567833333333,True,1
1788790851.587,1788790365.8,78.66198783333333,16.92656433333333,True,1
1788790851.786,1788790366.0,78.66198783333333,16.926561,True,1
1788790851.983,1788790366.2,78.66198783333333,16.926557666666668,True,1
1788790852.184,1788790366.4,78.66198766666666,16.9265545,True,1
1788790852.385,1788790366.6,78.66198766666666,16.926551333333336,True,1
1788790852.583,1788790366.8,78.6619875,16.926548166666667,True,1
1788790852.783,1788790367.0,78.6619875,16.926544999999997,True,1
1788790852.983,1788790367.2,78.66198733333334,16.92654183333333,True,1
1788790853.184,1788790367.4,78.66198733333334,16.926538833333332,True,1
1788790853.386,1788790367.6,78.66198733333334,16.926535833333332,True,1
1788790853.582,1788790367.8,78.66198716666666,16.926532666666667,True,1
1788790853.783,1788790368.0,78.66198716666666,16.926529833333333,True,1
1788790853.983,1788790368.2,78.661987,16.926526833333334,True,1
1788790854.188,1788790368.4,78.661987,16.92652383333333,True,1
1788790854.383,1788790368.6,78.661987,16.92652083333333,True,1
1788790854.584,1788790368.8,78.66198683333333,16.92651783333333,True,1
1788790854.784,1788790369.0,78.66198683333333,16.926515166666665,True,1
1788790854.984,1788790369.2,78.66198683333333,16.926512333333335,True,1
1788790855.183,1788790369.4,78.66198666666666,16.926509666666668,True,1
1788790855.382,1788790369.6,78.66198666666666,16.926507,True,1
1788790855.583,1788790369.8,78.66198666666666,16.9265045,True,1
1788790855.783,1788790370.0,78.66198666666666,16.926501666666663,True,1
1788790855.982,1788790370.2,78.6619865,16.926499,True,1
1788790856.183,1788790370.4,78.6619865,16.926496333333333,True,1
1788790856.381,1788790370.6,78.6619865,16.926493833333332,True,1
1788790856.584,1788790370.8,78.66198633333333,16.926491333333335,True,1
1788790856.782,1788790371.0,78.66198633333333,16.926488666666668,True,1
1788790856.983,1788790371.2,78.66198616666667,16.926486,True,1
1788790857.183,1788790371.4,78.66198616666667,16.926483666666666,True,1
1788790857.383,1788790371.6,78.661986,16.926481333333335,True,1
1788790857.584,1788790371.8,78.661986,16.92647883333333,True,1
1788790857.782,1788790372.0,78.66198583333333,16.926476666666666,True,1
1788790857.985,1788790372.2,78.66198583333333,16.926474499999998,True,1
1788790858.184,1788790372.4,78.66198583333333,16.926472333333333,True,1
1788790858.383,1788790372.6,78.66198583333333,16.926470333333334,True,1
1788790858.584,1788790372.8,78.66198583333333,16.926468166666666,True,1
1788790858.783,1788790373.0,78.66198583333333,16.926466166666668,True,1
1788790858.983,1788790373.2,78.66198583333333,16.926464333333335,True,1
1788790859.185,1788790373.4,78.66198583333333,16.926462666666666,True,1
1788790859.385,1788790373.6,78.66198583333333,16.926460833333334,True,1
1788790859.581,1788790373.8,78.66198583333333,16.926459,True,1
1788790859.783,1788790374.0,78.661986,16.926456833333337,True,1
1788790859.984,1788790374.2,78.661986,16.926455166666663,True,1
1788790860.184,1788790374.4,78.661986,16.92645333333333,True,1
1788790860.383,1788790374.6,78.661986,16.926451666666665,True,1
1788790860.583,1788790374.8,78.661986,16.926449833333333,True,1
1788790860.784,1788790375.0,78.661986,16.926448166666667,True,1
1788790860.984,1788790375.2,78.661986,16.926446333333335,True,1
1788790861.184,1788790375.4,78.661986,16.926444666666665,True,1
1788790861.382,1788790375.6,78.661986,16.926442833333333,True,1
1788790861.584,1788790375.8,78.66198616666667,16.926441166666667,True,1
1788790861.783,1788790376.0,78.66198616666667,16.9264395,True,1
1788790861.983,1788790376.2,78.66198616666667,16.926437500000002,True,1
1788790862.183,1788790376.4,78.66198616666667,16.926436000000002,True,1
1788790862.383,1788790376.6,78.66198616666667,16.926434166666663,True,1
1788790862.583,1788790376.8,78.66198616666667,16.92643233333333,True,1
1788790862.785,1788790377.0,78.66198616666667,16.926430666666665,True,1
1788790862.986,1788790377.2,78.66198616666667,16.926428833333333,True,1
1788790863.183,1788790377.4,78.66198633333333,16.926427,True,1
1788790863.384,1788790377.6,78.66198633333333,16.926425166666668,True,1
1788790863.583,1788790377.8,78.66198633333333,16.9264235,True,1
1788790863.783,1788790378.0,78.66198633333333,16.926421666666666,True,1
1788790863.982,1788790378.2,78.66198633333333,16.92642,True,1
1788790864.182,1788790378.4,78.66198633333333,16.926418166666668,True,1
1788790864.383,1788790378.6,78.66198633333333,16.926416500000002,True,1
1788790864.581,1788790378.8,78.66198633333333,16.926414833333336,True,1
1788790864.781,1788790379.0,78.66198633333333,16.92641316666667,True,1
1788790864.984,1788790379.2,78.66198633333333,16.92641166666667,True,1
1788790865.183,1788790379.4,78.66198633333333,16.926410166666667,True,1
1788790865.384,1788790379.6,78.66198633333333,16.926408666666667,True,1
1788790865.583,1788790379.8,78.6619865,16.926407166666667,True,1
1788790865.784,1788790380.0,78.6619865,16.926405499999998,True,1
1788790865.991,1788790380.2,78.6619865,16.92640383333333,True,1
1788790866.182,1788790380.4,78.6619865,16.926402,True,1
1788790866.383,1788790380.6,78.6619865,16.926400666666666,True,1
1788790866.584,1788790380.8,78.6619865,16.926399,True,1
1788790866.785,1788790381.0,78.6619865,16.9263975,True,1
1788790866.985,1788790381.2,78.6619865,16.926396,True,1
1788790867.184,1788790381.4,78.66198666666666,16.9263945,True,1
1788790867.383,1788790381.6,78.66198666666666,16.926393,True,1
1788790867.583,1788790381.8,78.66198666666666,16.9263915,True,1
1788790867.784,1788790382.0,78.66198666666666,16.92639,True,1
1788790867.985,1788790382.2,78.66198683333333,16.926388499999998,True,1
1788790868.185,1788790382.4,78.66198683333333,16.926387,True,1
1788790868.385,1788790382.6,78.661987,16.926385333333332,True,1
1788790868.586,1788790382.8,78.661987,16.926383833333333,True,1
1788790868.786,1788790383.0,78.66198716666666,16.926382166666667,True,1
1788790868.986,1788790383.2,78.66198716666666,16.926380666666667,True,1
1788790869.185,1788790383.4,78.66198733333334,16.926379166666667,True,1
1788790869.383,1788790383.6,78.6619875,16.926377666666667,True,1
1788790869.583,1788790383.8,78.66198766666666,16.926376166666667,True,1
1788790869.784,1788790384.0,78.66198766666666,16.926374666666668,True,1
1788790869.983,1788790384.2,78.66198783333333,16.926373333333334,True,1
1788790870.183,1788790384.4,78.66198783333333,16.926371666666668,True,1
1788790870.386,1788790384.6,78.66198800000001,16.92637016666667,True,1
1788790870.582,1788790384.8,78.66198800000001,16.926368333333336,True,1
1788790870.783,1788790385.0,78.66198800000001,16.926366833333336,True,1
1788790870.984,1788790385.2,78.66198816666666,16.926365166666667,True,1
1788790871.186,1788790385.4,78.66198816666666,16.926363499999997,True,1
1788790871.385,1788790385.6,78.66198816666666,16.92636183333333,True,1
1788790871.584,1788790385.8,78.66198833333333,16.92636033333333,True,1
1788790871.786,1788790386.0,78.66198833333333,16.926358999999998,True,1
1788790871.981,1788790386.2,78.66198833333333,16.926357499999998,True,1
1788790872.184,1788790386.4,78.66198833333333,16.926356,True,1
1788790872.382,1788790386.6,78.6619885,16.92635466666667,True,1
1788790872.584,1788790386.8,78.6619885,16.92635316666667,True,1
1788790872.783,1788790387.0,78.6619885,16.92635166666667,True,1
1788790872.981,1788790387.2,78.6619885,16.926350333333335,True,1
1788790873.185,1788790387.4,78.6619885,16.926348833333336,True,1
1788790873.382,1788790387.6,78.6619885,16.926347333333336,True,1
1788790873.585,1788790387.8,78.6619885,16.926346000000002,True,1
1788790873.787,1788790388.0,78.6619885,16.926344500000003,True,1
1788790873.985,1788790388.2,78.6619885,16.926343166666665,True,1
1788790874.185,1788790388.4,78.6619885,16.9263415,True,1
1788790874.384,1788790388.6,78.6619885,16.92634,True,1
1788790874.584,1788790388.8,78.6619885,16.9263385,True,1
1788790874.785,1788790389.0,78.6619885,16.926336833333334,True,1
1788790874.984,1788790389.2,78.6619885,16.926335333333334,True,1
1788790875.184,1788790389.4,78.66198866666667,16.926334,True,1
1788790875.384,1788790389.6,78.66198866666667,16.926332333333335,True,1
1788790875.585,1788790389.8,78.66198866666667,16.926330833333335,True,1
1788790875.782,1788790390.0,78.66198866666667,16.926329333333335,True,1
1788790875.985,1788790390.2,78.66198866666667,16.92632766666667,True,1
1788790876.184,1788790390.4,78.66198866666667,16.92632616666667,True,1
1788790876.384,1788790390.6,78.66198866666667,16.92632466666667,True,1
1788790876.583,1788790390.8,78.66198866666667,16.926323333333336,True,1
1788790876.783,1788790391.0,78.66198866666667,16.926321833333336,True,1
1788790876.983,1788790391.2,78.66198866666667,16.926320333333333,True,1
1788790877.183,1788790391.4,78.66198866666667,16.926318833333333,True,1
1788790877.382,1788790391.6,78.66198866666667,16.926317166666667,True,1
1788790877.583,1788790391.8,78.66198866666667,16.926315666666667,True,1
1788790877.783,1788790392.0,78.66198866666667,16.926314166666668,True,1
1788790877.983,1788790392.2,78.66198866666667,16.926312666666668,True,1
1788790878.182,1788790392.4,78.66198883333333,16.926311333333334,True,1
1788790878.38,1788790392.6,78.66198883333333,16.926309833333335,True,1
1788790878.579,1788790392.8,78.66198883333333,16.926308333333335,True,1
1788790878.782,1788790393.0,78.66198883333333,16.926307,True,1
1788790878.982,1788790393.2,78.66198883333333,16.926305666666668,True,1
1788790879.183,1788790393.4,78.66198883333333,16.9263045,True,1
1788790879.383,1788790393.6,78.66198899999999,16.926303166666667,True,1
1788790879.583,1788790393.8,78.66198899999999,16.926301666666667,True,1
1788790879.783,1788790394.0,78.66198899999999,16.926300333333334,True,1
1788790879.983,1788790394.2,78.66198899999999,16.926298999999997,True,1
1788790880.185,1788790394.4,78.66198899999999,16.926297833333333,True,1
1788790880.383,1788790394.6,78.66198899999999,16.926296833333332,True,1
1788790880.585,1788790394.8,78.66198916666667,16.9262955,True,1
1788790880.785,1788790395.0,78.66198916666667,16.926293833333332,True,1
1788790880.984,1788790395.2,78.66198916666667,16.926292333333333,True,1
1788790881.182,1788790395.4,78.66198916666667,16.926291166666665,True,1
1788790881.382,1788790395.6,78.66198916666667,16.926289999999998,True,1
1788790881.583,1788790395.8,78.66198916666667,16.926289,True,1
1788790881.782,1788790396.0,78.66198933333334,16.926287666666667,True,1
1788790881.982,1788790396.2,78.66198933333334,16.926286333333334,True,1
1788790882.183,1788790396.4,78.66198933333334,16.926285,True,1
1788790882.383,1788790396.6,78.66198933333334,16.926283833333333,True,1
1788790882.584,1788790396.8,78.66198933333334,16.92628266666667,True,1
1788790882.782,1788790397.0,78.66198949999999,16.9262815,True,1
1788790882.984,1788790397.2,78.66198949999999,16.92628016666667,True,1
1788790883.183,1788790397.4,78.66198949999999,16.926278833333335,True,1
1788790883.384,1788790397.6,78.66198949999999,16.926277333333335,True,1
1788790883.586,1788790397.8,78.66198966666666,16.926276166666664,True,1
1788790883.784,1788790398.0,78.66198966666666,16.926275166666667,True,1
1788790883.98,1788790398.2,78.66198983333334,16.926273666666667,True,1
1788790884.182,1788790398.4,78.66198983333334,16.926271666666665,True,1
1788790884.382,1788790398.6,78.66199016666665,16.926269166666668,True,1
1788790884.58,1788790398.8,78.6619905,16.926265666666666,True,1
1788790884.782,1788790399.0,78.661991,16.9262615,True,1
1788790884.982,1788790399.2,78.66199150000001,16.92625716666667,True,1
1788790885.181,1788790399.4,78.66199216666668,16.926252666666667,True,1
1788790885.381,1788790399.6,78.661993,16.926247999999998,True,1
1788790885.582,1788790399.8,78.661994,16.926243,True,1
1788790885.783,1788790400.0,78.66199499999999,16.926237833333335,True,1
1788790885.982,1788790400.2,78.66199616666667,16.92623216666667,True,1
1788790886.182,1788790400.4,78.66199750000001,16.9262265,True,1
1788790886.383,1788790400.6,78.66199883333334,16.926220999999998,True,1
1788790886.584,1788790400.8,78.66200016666667,16.926215833333334,True,1
1788790886.782,1788790401.0,78.6620015,16.92621116666667,True,1
1788790886.984,1788790401.2,78.66200283333333,16.92620683333333,True,1
1788790887.185,1788790401.4,78.662004,16.926203166666667,True,1
1788790887.385,1788790401.6,78.66200516666666,16.926199666666665,True,1
1788790887.585,1788790401.8,78.66200633333332,16.926196666666666,True,1
1788790887.787,1788790402.0,78.6620075,16.9261935,True,1
1788790887.986,1788790402.2,78.6620085,16.926190666666667,True,1
1788790888.182,1788790402.4,78.66200950000001,16.926187666666667,True,1
1788790888.385,1788790402.6,78.6620105,16.926184999999997,True,1
1788790888.586,1788790402.8,78.66201133333334,16.926182333333333,True,1
1788790888.786,1788790403.0,78.66201216666667,16.9261795,True,1
1788790888.985,1788790403.2,78.66201316666667,16.926176833333333,True,1
1788790889.185,1788790403.4,78.66201383333333,16.926174333333332,True,1
1788790889.385,1788790403.6,78.66201466666666,16.926171833333335,True,1
1788790889.582,1788790403.8,78.66201550000001,16.926169666666667,True,1
1788790889.784,1788790404.0,78.66201616666667,16.926167500000002,True,1
1788790889.983,1788790404.2,78.662017,16.926165166666667,True,1
1788790890.183,1788790404.4,78.66201766666667,16.926162666666666,True,1
1788790890.384,1788790404.6,78.66201816666667,16.926160333333332,True,1
1788790890.585,1788790404.8,78.662019,16.926158333333333,True,1
1788790890.784,1788790405.0,78.66201966666667,16.9261565,True,1
1788790890.984,1788790405.2,78.66202033333334,16.9261545,True,1
1788790891.185,1788790405.4,78.66202083333333,16.9261525,True,1
1788790891.385,1788790405.6,78.66202150000001,16.926150333333332,True,1
1788790891.584,1788790405.8,78.662022,16.9261485,True,1
1788790891.787,1788790406.0,78.66202249999999,16.926146666666668,True,1
1788790891.987,1788790406.2,78.662023,16.926144833333336,True,1
1788790892.182,1788790406.4,78.66202366666667,16.926143000000003,True,1
1788790892.382,1788790406.6,78.66202416666667,16.92614133333333,True,1
1788790892.584,1788790406.8,78.66202466666667,16.926139499999998,True,1
1788790892.785,1788790407.0,78.66202516666667,16.926137666666666,True,1
1788790892.984,1788790407.2,78.6620255,16.926136,True,1
1788790893.197,1788790407.4,78.662026,16.926134166666667,True,1
1788790893.382,1788790407.6,78.6620265,16.92613233333333,True,1
1788790893.583,1788790407.8,78.66202700000001,16.9261305,True,1
1788790893.785,1788790408.0,78.66202766666667,16.926128666666667,True,1
1788790893.984,1788790408.2,78.66202833333334,16.926126333333332,True,1
1788790894.184,1788790408.4,78.66202933333334,16.92612366666667,True,1
1788790894.385,1788790408.6,78.66203066666667,16.926120333333333,True,1
1788790894.585,1788790408.8,78.6620325,16.926116666666665,True,1
1788790894.785,1788790409.0,78.66203466666666,16.9261125,True,1
1788790894.984,1788790409.2,78.66203716666668,16.926107833333333,True,1
1788790895.186,1788790409.4,78.66203983333334,16.92610266666667,True,1
1788790895.385,1788790409.6,78.66204266666666,16.926097000000002,True,1
1788790895.586,1788790409.8,78.66204566666667,16.926090833333333,True,1
1788790895.786,1788790410.0,78.66204866666666,16.926084333333332,True,1
1788790895.987,1788790410.2,78.66205183333334,16.926077833333334,True,1
1788790896.184,1788790410.4,78.66205483333333,16.926071333333333,True,1
1788790896.384,1788790410.6,78.66205799999999,16.926064666666665,True,1
1788790896.584,1788790410.8,78.66206133333334,16.926058166666667,True,1
1788790896.784,1788790411.0,78.6620645,16.92605166666667,True,1
1788790896.984,1788790411.2,78.66206766666666,16.926045166666665,True,1
1788790897.185,1788790411.4,78.66207083333333,16.9260385,True,1
1788790897.384,1788790411.6,78.66207416666666,16.926031666666667,True,1
1788790897.583,1788790411.8,78.66207733333334,16.926025166666665,True,1
1788790897.782,1788790412.0,78.6620805,16.9260185,True,1
1788790897.982,1788790412.2,78.66208366666666,16.926011666666668,True,1
1788790898.183,1788790412.4,78.66208683333333,16.92600483333333,True,1
1788790898.384,1788790412.6,78.66209,16.925998166666666,True,1
1788790898.585,1788790412.8,78.66209316666666,16.925990833333334,True,1
1788790898.785,1788790413.0,78.66209633333332,16.92598383333333,True,1
1788790898.985,1788790413.2,78.66209950000001,16.925977,True,1
1788790899.182,1788790413.4,78.66210266666667,16.925969833333333,True,1
1788790899.384,1788790413.6,78.66210583333333,16.9259625,True,1
1788790899.584,1788790413.8,78.662109,16.925955166666665,True,1
1788790899.786,1788790414.0,78.66211233333334,16.925947666666666,True,1
1788790899.985,1788790414.2,78.6621155,16.925940500000003,True,1
1788790900.184,1788790414.4,78.66211883333334,16.925933,True,1
1788790900.384,1788790414.6,78.662122,16.925925666666668,True,1
1788790900.583,1788790414.8,78.66212516666666,16.925918333333335,True,1
1788790900.785,1788790415.0,78.66212833333334,16.925910666666667,True,1
1788790900.987,1788790415.2,78.6621315,16.925903333333334,True,1
1788790901.185,1788790415.4,78.66213466666666,16.925896,True,1
1788790901.392,1788790415.6,78.66213766666667,16.925888166666667,True,1
1788790901.585,1788790415.8,78.66214083333332,16.925880666666668,True,1
1788790901.79,1788790416.0,78.662144,16.925872833333337,True,1
1788790901.983,1788790416.2,78.66214716666667,16.925865166666664,True,1
1788790902.183,1788790416.4,78.66215016666666,16.925857666666666,True,1
1788790902.383,1788790416.6,78.66215333333334,16.92585,True,1
1788790902.584,1788790416.8,78.66215633333333,16.925842333333332,True,1
1788790902.784,1788790417.0,78.66215933333334,16.925835,True,1
1788790902.983,1788790417.2,78.66216216666666,16.925828000000003,True,1
1788790903.183,1788790417.4,78.66216483333332,16.925821499999998,True,1
1788790903.382,1788790417.6,78.66216733333334,16.925815666666665,True,1
1788790903.583,1788790417.8,78.66216966666666,16.925809833333336,True,1
1788790903.789,1788790418.0,78.66217183333333,16.925804333333335,True,1
1788790903.983,1788790418.2,78.66217400000001,16.925799166666664,True,1
1788790904.188,1788790418.4,78.66217616666667,16.925794166666666,True,1
1788790904.384,1788790418.6,78.66217816666668,16.925789333333334,True,1
1788790904.583,1788790418.8,78.66218,16.92578466666667,True,1
1788790904.784,1788790419.0,78.66218183333334,16.9257805,True,1
1788790904.983,1788790419.2,78.66218350000001,16.925776166666665,True,1
1788790905.183,1788790419.4,78.662185,16.925772166666665,True,1
1788790905.383,1788790419.6,78.6621865,16.9257685,True,1
1788790905.583,1788790419.8,78.66218783333333,16.925765166666668,True,1
1788790905.783,1788790420.0,78.66218916666666,16.925761833333336,True,1
1788790905.982,1788790420.2,78.66219033333333,16.925758833333337,True,1
1788790906.182,1788790420.4,78.66219133333334,16.925755833333334,True,1
1788790906.382,1788790420.6,78.6621925,16.925752666666664,True,1
1788790906.584,1788790420.8,78.6621935,16.925749666666665,True,1
1788790906.784,1788790421.0,78.6621945,16.925746666666665,True,1
1788790906.983,1788790421.2,78.66219550000001,16.925743666666666,True,1
1788790907.183,1788790421.4,78.6621965,16.925740833333336,True,1
1788790907.382,1788790421.6,78.66219733333334,16.925738000000003,True,1
1788790907.582,1788790421.8,78.66219833333334,16.925735333333332,True,1
1788790907.784,1788790422.0,78.662199,16.925733166666664,True,1
1788790907.982,1788790422.2,78.66219983333333,16.9257305,True,1
1788790908.183,1788790422.4,78.6622005,16.925728333333332,True,1
1788790908.383,1788790422.6,78.66220133333333,16.925726166666667,True,1
1788790908.584,1788790422.8,78.66220216666667,16.925724,True,1
1788790908.801,1788790423.0,78.66220283333334,16.925721833333334,True,1
1788790908.984,1788790423.2,78.66220366666667,16.925719666666666,True,1
1788790909.185,1788790423.4,78.66220433333334,16.925717333333335,True,1
1788790909.385,1788790423.6,78.66220533333333,16.925714333333335,True,1
1788790909.587,1788790423.8,78.6622065,16.925710833333333,True,1
1788790909.786,1788790424.0,78.66220816666667,16.9257065,True,1
1788790909.984,1788790424.2,78.66221016666667,16.925701,True,1
1788790910.184,1788790424.4,78.6622125,16.925694833333335,True,1
1788790910.384,1788790424.6,78.662215,16.925688166666664,True,1
1788790910.584,1788790424.8,78.66221766666666,16.925680666666665,True,1
1788790910.783,1788790425.0,78.6622205,16.925673,True,1
1788790910.984,1788790425.2,78.6622235,16.925664833333332,True,1
1788790911.183,1788790425.4,78.6622265,16.9256565,True,1
1788790911.383,1788790425.6,78.6622295,16.925648000000002,True,1
1788790911.581,1788790425.8,78.66223266666665,16.925639333333333,True,1
1788790911.784,1788790426.0,78.66223566666666,16.925630833333333,True,1
1788790911.986,1788790426.2,78.66223866666665,16.925622166666667,True,1
1788790912.185,1788790426.4,78.66224166666666,16.925613666666667,True,1
1788790912.385,1788790426.6,78.66224483333333,16.92560466666667,True,1
1788790912.585,1788790426.8,78.66224783333334,16.925596166666665,True,1
1788790912.785,1788790427.0,78.66225083333333,16.9255875,True,1
1788790912.982,1788790427.2,78.66225383333334,16.92557866666667,True,1
1788790913.183,1788790427.4,78.662257,16.925569833333334,True,1
1788790913.384,1788790427.6,78.66226,16.925561000000002,True,1
1788790913.584,1788790427.8,78.662263,16.9255525,True,1
1788790913.784,1788790428.0,78.66226583333334,16.925544,True,1
1788790913.985,1788790428.2,78.66226866666666,16.92553566666667,True,1
1788790914.184,1788790428.4,78.66227116666667,16.925528666666665,True,1
1788790914.382,1788790428.6,78.66227350000001,16.925522,True,1
1788790914.585,1788790428.8,78.66227566666666,16.925516166666668,True,1
1788790914.786,1788790429.0,78.66227766666665,16.925510999999997,True,1
1788790914.986,1788790429.2,78.66227950000001,16.925505833333332,True,1
1788790915.186,1788790429.4,78.66228133333334,16.925501,True,1
1788790915.386,1788790429.6,78.66228299999999,16.9254965,True,1
1788790915.585,1788790429.8,78.66228466666666,16.92549166666667,True,1
1788790915.783,1788790430.0,78.66228633333334,16.925487166666667,True,1
1788790915.985,1788790430.2,78.66228766666667,16.925482833333334,True,1
1788790916.185,1788790430.4,78.66228916666667,16.925478833333333,True,1
1788790916.385,1788790430.6,78.66229033333335,16.9254755,True,1
1788790916.585,1788790430.8,78.66229133333333,16.92547216666667,True,1
1788790916.786,1788790431.0,78.66229249999999,16.925469,True,1
1788790916.985,1788790431.2,78.66229333333334,16.92546616666667,True,1
1788790917.183,1788790431.4,78.66229433333334,16.925462999999997,True,1
1788790917.384,1788790431.6,78.66229533333333,16.925459999999998,True,1
1788790917.585,1788790431.8,78.66229633333334,16.92545683333333,True,1
1788790917.785,1788790432.0,78.66229733333333,16.925453666666666,True,1
1788790917.985,1788790432.2,78.66229816666667,16.925451,True,1
1788790918.185,1788790432.4,78.662299,16.925448333333335,True,1
1788790918.385,1788790432.6,78.66229983333332,16.92544566666667,True,1
1788790918.585,1788790432.8,78.66230066666667,16.92544333333333,True,1
1788790918.784,1788790433.0,78.66230133333333,16.925440833333333,True,1
1788790918.984,1788790433.2,78.66230216666666,16.925438166666666,True,1
1788790919.184,1788790433.4,78.66230283333333,16.925435666666665,True,1
1788790919.384,1788790433.6,78.66230366666667,16.925433166666668,True,1
1788790919.584,1788790433.8,78.66230433333334,16.925430666666667,True,1
1788790919.783,1788790434.0,78.662305,16.925428166666666,True,1
1788790919.982,1788790434.2,78.66230566666667,16.925426,True,1
1788790920.183,1788790434.4,78.66230633333333,16.925423833333333,True,1
1788790920.384,1788790434.6,78.66230683333333,16.925421833333335,True,1
1788790920.584,1788790434.8,78.6623075,16.925419499999997,True,1
1788790920.783,1788790435.0,78.66230816666666,16.925417166666666,True,1
1788790920.986,1788790435.2,78.66230866666666,16.92541483333333,True,1
1788790921.185,1788790435.4,78.66230933333333,16.925412333333334,True,1
1788790921.384,1788790435.6,78.66230983333334,16.925410166666666,True,1
1788790921.585,1788790435.8,78.6623105,16.925408166666667,True,1
1788790921.785,1788790436.0,78.662311,16.92540616666667,True,1
1788790921.986,1788790436.2,78.66231166666667,16.925404166666667,True,1
1788790922.186,1788790436.4,78.66231216666667,16.925402333333334,True,1
1788790922.385,1788790436.6,78.66231266666666,16.925400500000002,True,1
1788790922.582,1788790436.8,78.66231316666668,16.925398499999996,True,1
1788790922.785,1788790437.0,78.66231366666666,16.92539633333333,True,1
1788790922.983,1788790437.2,78.66231416666666,16.925394166666667,True,1
1788790923.183,1788790437.4,78.66231466666666,16.925392166666665,True,1
1788790923.383,1788790437.6,78.66231516666667,16.925390166666666,True,1
1788790923.584,1788790437.8,78.66231566666667,16.925388,True,1
1788790923.785,1788790438.0,78.66231616666667,16.925385833333333,True,1
1788790923.988,1788790438.2,78.66231666666665,16.925383833333335,True,1
1788790924.182,1788790438.4,78.662317,16.925381666666667,True,1
1788790924.382,1788790438.6,78.6623175,16.925379666666668,True,1
1788790924.584,1788790438.8,78.662318,16.925377500000003,True,1
1788790924.783,1788790439.0,78.66231833333333,16.925375499999998,True,1
1788790924.983,1788790439.2,78.66231883333333,16.925373333333333,True,1
1788790925.183,1788790439.4,78.66231933333333,16.925371166666665,True,1
1788790925.382,1788790439.6,78.66231966666666,16.925369166666666,True,1
1788790925.584,1788790439.8,78.66232016666666,16.925367166666668,True,1
1788790925.785,1788790440.0,78.66232066666666,16.925365166666666,True,1
1788790925.99,1788790440.2,78.662321,16.925363333333333,True,1
1788790926.183,1788790440.4,78.6623215,16.92536116666667,True,1
1788790926.382,1788790440.6,78.66232183333334,16.925359166666667,True,1
1788790926.583,1788790440.8,78.66232233333334,16.925357166666668,True,1
1788790926.783,1788790441.0,78.66232266666665,16.92535516666667,True,1
1788790926.983,1788790441.2,78.662323,16.925353166666664,True,1
1788790927.183,1788790441.4,78.66232333333333,16.925351,True,1
1788790927.383,1788790441.6,78.66232383333333,16.92534883333333,True,1
1788790927.583,1788790441.8,78.66232416666666,16.925346666666666,True,1
1788790927.783,1788790442.0,78.66232466666666,16.9253445,True,1
1788790927.982,1788790442.2,78.662325,16.9253425,True,1
1788790928.181,1788790442.4,78.66232533333333,16.925340333333335,True,1
1788790928.389,1788790442.6,78.66232566666666,16.925338166666666,True,1
1788790928.586,1788790442.8,78.66232616666666,16.925335833333335,True,1
1788790928.789,1788790443.0,78.66232633333334,16.925334000000003,True,1
1788790928.985,1788790443.2,78.66232666666666,16.925332166666667,True,1
1788790929.186,1788790443.4,78.662327,16.925329833333333,True,1
1788790929.385,1788790443.6,78.66232733333332,16.925327666666664,True,1
1788790929.583,1788790443.8,78.6623275,16.925325833333332,True,1
1788790929.786,1788790444.0,78.66232783333334,16.925323833333334,True,1
1788790929.984,1788790444.2,78.66232816666667,16.925321666666665,True,1
1788790930.182,1788790444.4,78.6623285,16.925319333333334,True,1
1788790930.383,1788790444.6,78.66232883333333,16.925317166666666,True,1
1788790930.582,1788790444.8,78.66232916666667,16.925315333333334,True,1
1788790930.784,1788790445.0,78.66232933333335,16.925313666666668,True,1
1788790930.981,1788790445.2,78.66232966666666,16.925311833333335,True,1
1788790931.183,1788790445.4,78.66233000000001,16.925309833333333,True,1
1788790931.383,1788790445.6,78.66233016666666,16.925307999999998,True,1
1788790931.583,1788790445.8,78.66233050000001,16.925306166666665,True,1
1788790931.785,1788790446.0,78.66233083333333,16.925304,True,1
1788790931.988,1788790446.2,78.66233116666668,16.925302166666665,True,1
1788790932.186,1788790446.4,78.6623315,16.925300333333333,True,1
1788790932.383,1788790446.6,78.66233166666666,16.9252985,True,1
1788790932.583,1788790446.8,78.662332,16.925296833333334,True,1
1788790932.782,1788790447.0,78.66233233333334,16.925295166666668,True,1
1788790932.983,1788790447.2,78.6623325,16.925293500000002,True,1
1788790933.183,1788790447.4,78.66233283333332,16.925292000000002,True,1
1788790933.383,1788790447.6,78.662333,16.925290333333333,True,1
1788790933.581,1788790447.8,78.66233333333334,16.925289000000003,True,1
1788790933.781,1788790448.0,78.6623335,16.925287500000003,True,1
1788790933.983,1788790448.2,78.66233383333334,16.92528583333333,True,1
1788790934.185,1788790448.4,78.662334,16.92528433333333,True,1
1788790934.382,1788790448.6,78.66233416666667,16.92528283333333,True,1
1788790934.583,1788790448.8,78.66233433333333,16.92528133333333,True,1
1788790934.785,1788790449.0,78.6623345,16.925280166666667,True,1
1788790934.987,1788790449.2,78.66233466666667,16.925278833333333,True,1
1788790935.184,1788790449.4,78.662335,16.9252775,True,1
1788790935.384,1788790449.6,78.66233516666667,16.925276,True,1
1788790935.584,1788790449.8,78.66233533333335,16.925274666666667,True,1
1788790935.785,1788790450.0,78.6623355,16.925273166666667,True,1
1788790935.984,1788790450.2,78.66233566666666,16.9252715,True,1
1788790936.184,1788790450.4,78.66233583333333,16.925270166666667,True,1
1788790936.382,1788790450.6,78.66233616666666,16.925268833333334,True,1
1788790936.584,1788790450.8,78.66233633333333,16.9252675,True,1
1788790936.785,1788790451.0,78.66233650000001,16.925266166666667,True,1
1788790936.985,1788790451.2,78.66233666666668,16.925264666666667,True,1
1788790937.184,1788790451.4,78.66233683333333,16.92526333333333,True,1
1788790937.384,1788790451.6,78.662337,16.925262,True,1
1788790937.585,1788790451.8,78.66233716666667,16.925260833333333,True,1
1788790937.786,1788790452.0,78.66233749999999,16.9252595,True,1
1788790937.984,1788790452.2,78.66233766666666,16.925257833333333,True,1
1788790938.184,1788790452.4,78.66233783333334,16.9252565,True,1
1788790938.384,1788790452.6,78.662338,16.925255166666666,True,1
1788790938.583,1788790452.8,78.66233816666666,16.925254,True,1
1788790938.784,1788790453.0,78.66233833333334,16.92525283333333,True,1
1788790938.988,1788790453.2,78.6623385,16.9252515,True,1
1788790939.183,1788790453.4,78.66233866666667,16.925250166666668,True,1
1788790939.385,1788790453.6,78.66233883333332,16.925248833333335,True,1
1788790939.584,1788790453.8,78.662339,16.9252475,True,1
1788790939.781,1788790454.0,78.66233916666667,16.925246166666668,True,1
1788790939.982,1788790454.2,78.66233916666667,16.925244833333334,True,1
1788790940.184,1788790454.4,78.66233933333334,16.9252435,True,1
1788790940.384,1788790454.6,78.6623395,16.925242333333333,True,1
1788790940.582,1788790454.8,78.66233966666667,16.92524083333333,True,1
1788790940.783,1788790455.0,78.66233966666667,16.9252395,True,1
1788790940.984,1788790455.2,78.66233983333333,16.925238,True,1
1788790941.185,1788790455.4,78.66234,16.925236666666667,True,1
1788790941.384,1788790455.6,78.66234,16.925235166666667,True,1
1788790941.585,1788790455.8,78.66234016666667,16.925233666666667,True,1
1788790941.785,1788790456.0,78.66234033333333,16.925232333333334,True,1
1788790941.982,1788790456.2,78.66234033333333,16.925231,True,1
1788790942.188,1788790456.4,78.6623405,16.925229666666667,True,1
1788790942.387,1788790456.6,78.6623405,16.9252285,True,1
1788790942.586,1788790456.8,78.6623405,16.925227500000002,True,1
1788790942.783,1788790457.0,78.66234066666667,16.92522616666667,True,1
1788790942.983,1788790457.2,78.66234066666667,16.92522466666667,True,1
1788790943.182,1788790457.4,78.66234083333333,16.925223333333335,True,1
1788790943.383,1788790457.6,78.66234083333333,16.925222166666668,True,1
1788790943.584,1788790457.8,78.662341,16.925220833333334,True,1
1788790943.785,1788790458.0,78.662341,16.925219666666667,True,1
1788790943.984,1788790458.2,78.66234116666666,16.92521866666667,True,1
1788790944.187,1788790458.4,78.66234116666666,16.925217333333332,True,1
1788790944.383,1788790458.6,78.66234133333334,16.92521633333333,True,1
1788790944.582,1788790458.8,78.66234133333334,16.925215166666664,True,1
1788790944.782,1788790459.0,78.66234133333334,16.925214166666667,True,1
1788790944.983,1788790459.2,78.6623415,16.925213166666666,True,1
1788790945.183,1788790459.4,78.6623415,16.925212,True,1
1788790945.382,1788790459.6,78.66234166666666,16.925211,True,1
1788790945.583,1788790459.8,78.66234166666666,16.925209833333334,True,1
1788790945.782,1788790460.0,78.66234166666666,16.925208666666666,True,1
1788790945.983,1788790460.2,78.66234166666666,16.9252075,True,1
1788790946.182,1788790460.4,78.66234183333333,16.925206666666668,True,1
1788790946.383,1788790460.6,78.66234183333333,16.925205666666667,True,1
1788790946.581,1788790460.8,78.66234183333333,16.925204666666666,True,1
1788790946.782,1788790461.0,78.66234183333333,16.925203500000002,True,1
1788790946.982,1788790461.2,78.66234183333333,16.925202333333335,True,1
1788790947.182,1788790461.4,78.66234200000001,16.925201333333334,True,1
1788790947.382,1788790461.6,78.66234200000001,16.925200166666666,True,1
1788790947.581,1788790461.8,78.66234200000001,16.92519916666667,True,1
1788790947.783,1788790462.0,78.66234200000001,16.925198166666668,True,1
1788790947.982,1788790462.2,78.66234200000001,16.925197166666667,True,1
1788790948.185,1788790462.4,78.66234200000001,16.92519616666667,True,1
1788790948.385,1788790462.6,78.66234216666666,16.925195166666665,True,1
1788790948.584,1788790462.8,78.66234216666666,16.925194166666664,True,1
1788790948.784,1788790463.0,78.66234216666666,16.925193166666666,True,1
1788790948.984,1788790463.2,78.66234216666666,16.925192,True,1
1788790949.184,1788790463.4,78.66234216666666,16.925190833333332,True,1
1788790949.384,1788790463.6,78.66234216666666,16.925189666666665,True,1
1788790949.584,1788790463.8,78.66234233333333,16.9251885,True,1
1788790949.783,1788790464.0,78.66234233333333,16.925187666666666,True,1
1788790949.984,1788790464.2,78.66234233333333,16.9251865,True,1
1788790950.181,1788790464.4,78.66234216666666,16.92518533333333,True,1
1788790950.382,1788790464.6,78.66234233333333,16.925184333333334,True,1
1788790950.585,1788790464.8,78.66234233333333,16.925183166666667,True,1
1788790950.783,1788790465.0,78.66234233333333,16.925182,True,1
1788790950.982,1788790465.2,78.66234233333333,16.925181000000002,True,1
1788790951.181,1788790465.4,78.66234233333333,16.925179833333335,True,1
1788790951.382,1788790465.6,78.66234233333333,16.925178833333334,True,1
1788790951.582,1788790465.8,78.66234233333333,16.925177666666666,True,1
1788790951.783,1788790466.0,78.66234233333333,16.92517666666667,True,1
1788790951.981,1788790466.2,78.66234233333333,16.9251755,True,1
1788790952.181,1788790466.4,78.66234250000001,16.9251745,True,1
1788790952.387,1788790466.6,78.66234250000001,16.925173500000003,True,1
1788790952.583,1788790466.8,78.66234250000001,16.9251725,True,1
1788790952.784,1788790467.0,78.66234250000001,16.925171499999998,True,1
1788790952.98,1788790467.2,78.66234250000001,16.9251705,True,1
1788790953.183,1788790467.4,78.66234250000001,16.925169666666665,True,1
1788790953.382,1788790467.6,78.66234250000001,16.925168499999998,True,1
1788790953.582,1788790467.8,78.66234250000001,16.9251675,True,1
1788790953.784,1788790468.0,78.66234266666667,16.925166666666666,True,1
1788790953.984,1788790468.2,78.66234266666667,16.9251655,True,1
1788790954.183,1788790468.4,78.66234266666667,16.9251645,True,1
1788790954.381,1788790468.6,78.66234266666667,16.9251635,True,1
1788790954.583,1788790468.8,78.66234266666667,16.9251625,True,1
1788790954.783,1788790469.0,78.66234266666667,16.925161666666668,True,1
1788790954.984,1788790469.2,78.66234266666667,16.925160333333334,True,1
1788790955.183,1788790469.4,78.66234266666667,16.925159333333333,True,1
1788790955.384,1788790469.6,78.66234266666667,16.925158500000002,True,1
1788790955.585,1788790469.8,78.66234283333333,16.9251575,True,1
1788790955.783,1788790470.0,78.66234283333333,16.925156333333334,True,1
1788790955.985,1788790470.2,78.66234299999999,16.925155333333333,True,1
1788790956.184,1788790470.4,78.66234299999999,16.9251545,True,1
1788790956.384,1788790470.6,78.66234299999999,16.9251535,True,1
1788790956.585,1788790470.8,78.66234316666667,16.925152500000003,True,1
1788790956.787,1788790471.0,78.66234316666667,16.925151500000002,True,1
1788790956.985,1788790471.2,78.66234333333334,16.925150666666664,True,1
1788790957.183,1788790471.4,78.66234333333334,16.925149666666666,True,1
1788790957.384,1788790471.6,78.66234333333334,16.925148666666665,True,1
1788790957.584,1788790471.8,78.66234349999999,16.925148,True,1
1788790957.784,1788790472.0,78.66234349999999,16.925147,True,1
1788790957.984,1788790472.2,78.66234366666666,16.925145999999998,True,1
1788790958.184,1788790472.4,78.66234366666666,16.925145333333333,True,1
1788790958.384,1788790472.6,78.66234366666666,16.9251445,True,1
1788790958.583,1788790472.8,78.66234383333334,16.9251435,True,1
1788790958.785,1788790473.0,78.66234383333334,16.925142666666666,True,1
1788790958.987,1788790473.2,78.662344,16.925141666666665,True,1
1788790959.185,1788790473.4,78.662344,16.925140833333334,True,1
1788790959.385,1788790473.6,78.662344,16.92514,True,1
1788790959.584,1788790473.8,78.66234416666666,16.925139166666668,True,1
1788790959.784,1788790474.0,78.66234416666666,16.925138333333333,True,1
1788790959.984,1788790474.2,78.66234416666666,16.925137166666666,True,1
1788790960.183,1788790474.4,78.66234433333334,16.925136333333334,True,1
1788790960.383,1788790474.6,78.66234433333334,16.925135333333333,True,1
1788790960.583,1788790474.8,78.6623445,16.925134500000002,True,1
1788790960.782,1788790475.0,78.6623445,16.9251335,True,1
1788790960.983,1788790475.2,78.6623445,16.9251325,True,1
1788790961.181,1788790475.4,78.6623445,16.92513166666667,True,1
1788790961.384,1788790475.6,78.66234466666667,16.925130666666668,True,1
1788790961.584,1788790475.8,78.66234466666667,16.925129666666667,True,1
1788790961.786,1788790476.0,78.66234466666667,16.92512866666667,True,1
1788790961.983,1788790476.2,78.66234466666667,16.925127666666665,True,1
1788790962.183,1788790476.4,78.66234483333332,16.925126666666664,True,1
1788790962.386,1788790476.6,78.66234483333332,16.925125666666666,True,1
1788790962.587,1788790476.8,78.66234483333332,16.92512483333333,True,1
1788790962.783,1788790477.0,78.66234483333332,16.925124,True,1
1788790962.983,1788790477.2,78.662345,16.925123166666665,True,1
1788790963.182,1788790477.4,78.662345,16.925122333333334,True,1
1788790963.382,1788790477.6,78.662345,16.925121333333333,True,1
1788790963.583,1788790477.8,78.662345,16.925120333333332,True,1
1788790963.785,1788790478.0,78.66234516666667,16.925119666666667,True,1
1788790963.981,1788790478.2,78.66234516666667,16.925118833333332,True,1
1788790964.184,1788790478.4,78.66234516666667,16.925118,True,1
1788790964.388,1788790478.6,78.66234516666667,16.925117166666666,True,1
1788790964.583,1788790478.8,78.66234516666667,16.925116166666665,True,1
1788790964.784,1788790479.0,78.66234533333333,16.925115166666668,True,1
1788790964.983,1788790479.2,78.66234533333333,16.9251145,True,1
1788790965.181,1788790479.4,78.66234533333333,16.925113666666668,True,1
1788790965.397,1788790479.6,78.66234533333333,16.925112666666667,True,1
1788790965.581,1788790479.8,78.66234533333333,16.925111666666666,True,1
1788790965.782,1788790480.0,78.66234533333333,16.92511066666667,True,1
1788790965.982,1788790480.2,78.66234533333333,16.925109833333334,True,1
1788790966.183,1788790480.4,78.66234533333333,16.925109000000003,True,1
1788790966.382,1788790480.6,78.66234533333333,16.925108,True,1
1788790966.582,1788790480.8,78.66234533333333,16.925107,True,1
1788790966.781,1788790481.0,78.66234533333333,16.925106000000003,True,1
1788790966.984,1788790481.2,78.66234533333333,16.925105,True,1
1788790967.182,1788790481.4,78.66234533333333,16.925103999999997,True,1
1788790967.383,1788790481.6,78.66234533333333,16.925103,True,1
1788790967.581,1788790481.8,78.66234533333333,16.925102,True,1
1788790967.783,1788790482.0,78.66234533333333,16.925100999999998,True,1
1788790967.981,1788790482.2,78.66234533333333,16.9251,True,1
1788790968.181,1788790482.4,78.66234533333333,16.925098833333333,True,1
1788790968.381,1788790482.6,78.66234533333333,16.925098,True,1
1788790968.582,1788790482.8,78.6623455,16.925097,True,1
1788790968.783,1788790483.0,78.6623455,16.925096,True,1
1788790968.983,1788790483.2,78.6623455,16.925095,True,1
1788790969.182,1788790483.4,78.6623455,16.925093833333335,True,1
1788790969.383,1788790483.6,78.6623455,16.925093,True,1
1788790969.581,1788790483.8,78.6623455,16.925092,True,1
1788790969.784,1788790484.0,78.6623455,16.925091000000002,True,1
1788790969.985,1788790484.2,78.6623455,16.92509,True,1
1788790970.187,1788790484.4,78.66234533333333,16.925089166666666,True,1
1788790970.384,1788790484.6,78.66234533333333,16.92508816666667,True,1
1788790970.584,1788790484.8,78.66234533333333,16.925087333333334,True,1
1788790970.784,1788790485.0,78.66234533333333,16.925086333333336,True,1
1788790970.981,1788790485.2,78.66234516666667,16.925085333333335,True,1
1788790971.181,1788790485.4,78.66234516666667,16.9250845,True,1
1788790971.383,1788790485.6,78.66234516666667,16.92508366666667,True,1
1788790971.582,1788790485.8,78.662345,16.925082666666665,True,1
1788790971.784,1788790486.0,78.662345,16.925081833333333,True,1
1788790971.982,1788790486.2,78.66234483333332,16.925080833333332,True,1
1788790972.182,1788790486.4,78.66234483333332,16.925079999999998,True,1
1788790972.381,1788790486.6,78.66234483333332,16.925079,True,1
1788790972.584,1788790486.8,78.66234466666667,16.925078,True,1
1788790972.787,1788790487.0,78.66234466666667,16.925076833333332,True,1
1788790972.982,1788790487.2,78.66234466666667,16.925075833333334,True,1
1788790973.182,1788790487.4,78.6623445,16.925075,True,1
1788790973.383,1788790487.6,78.66234433333334,16.925073833333332,True,1
1788790973.584,1788790487.8,78.66234433333334,16.925072833333335,True,1
1788790973.783,1788790488.0,78.66234416666666,16.925072,True,1
1788790973.982,1788790488.2,78.66234416666666,16.925071,True,1
1788790974.182,1788790488.4,78.662344,16.92507,True,1
1788790974.383,1788790488.6,78.662344,16.925069166666667,True,1
1788790974.582,1788790488.8,78.66234383333334,16.925068166666666,True,1
1788790974.784,1788790489.0,78.66234383333334,16.925067000000002,True,1
1788790974.983,1788790489.2,78.66234383333334,16.925066,True,1
1788790975.181,1788790489.4,78.66234366666666,16.925065,True,1
1788790975.384,1788790489.6,78.66234366666666,16.925064000000003,True,1
1788790975.584,1788790489.8,78.66234349999999,16.925062833333335,True,1
1788790975.784,1788790490.0,78.66234349999999,16.925062,True,1
1788790975.984,1788790490.2,78.66234333333334,16.925060833333337,True,1
1788790976.185,1788790490.4,78.66234333333334,16.92506,True,1
1788790976.384,1788790490.6,78.66234333333334,16.92505883333333,True,1
1788790976.583,1788790490.8,78.66234316666667,16.925057833333334,True,1
1788790976.783,1788790491.0,78.66234316666667,16.925056833333333,True,1
1788790976.984,1788790491.2,78.66234299999999,16.92505583333333,True,1
1788790977.182,1788790491.4,78.66234299999999,16.925054666666664,True,1
1788790977.382,1788790491.6,78.66234283333333,16.925053666666667,True,1
1788790977.583,1788790491.8,78.66234266666667,16.925052666666666,True,1
1788790977.781,1788790492.0,78.66234266666667,16.925051666666665,True,1
1788790977.982,1788790492.2,78.66234250000001,16.925050666666667,True,1
1788790978.184,1788790492.4,78.66234250000001,16.925049666666666,True,1
1788790978.384,1788790492.6,78.66234233333333,16.925048666666665,True,1
1788790978.584,1788790492.8,78.66234216666666,16.9250475,True,1
1788790978.784,1788790493.0,78.66234200000001,16.9250465,True,1
1788790978.984,1788790493.2,78.66234200000001,16.9250455,True,1
1788790979.184,1788790493.4,78.66234200000001,16.92504466666667,True,1
1788790979.384,1788790493.6,78.66234183333333,16.925043666666667,True,1
1788790979.583,1788790493.8,78.66234166666666,16.925042666666666,True,1
1788790979.784,1788790494.0,78.66234166666666,16.92504166666667,True,1
1788790979.982,1788790494.2,78.6623415,16.925040833333334,True,1
1788790980.182,1788790494.4,78.6623415,16.925039833333337,True,1
1788790980.382,1788790494.6,78.6623415,16.925038833333335,True,1
1788790980.58,1788790494.8,78.66234133333334,16.92503783333333,True,1
1788790980.781,1788790495.0,78.66234133333334,16.925036833333333,True,1
1788790980.982,1788790495.2,78.66234116666666,16.925035833333332,True,1
1788790981.181,1788790495.4,78.66234116666666,16.92503483333333,True,1
1788790981.384,1788790495.6,78.66234116666666,16.925034,True,1
1788790981.584,1788790495.8,78.66234116666666,16.925033166666665,True,1
1788790981.785,1788790496.0,78.66234116666666,16.925032333333334,True,1
1788790981.982,1788790496.2,78.66234116666666,16.925031333333333,True,1
1788790982.184,1788790496.4,78.662341,16.9250305,True,1
1788790982.384,1788790496.6,78.662341,16.9250295,True,1
1788790982.588,1788790496.8,78.662341,16.925028666666666,True,1
1788790982.783,1788790497.0,78.66234083333333,16.925027833333335,True,1
1788790982.982,1788790497.2,78.66234083333333,16.925027,True,1
1788790983.182,1788790497.4,78.66234066666667,16.925026333333335,True,1
1788790983.381,1788790497.6,78.66234066666667,16.925025333333334,True,1
1788790983.583,1788790497.8,78.66234066666667,16.9250245,True,1
1788790983.782,1788790498.0,78.66234066666667,16.9250235,True,1
1788790983.982,1788790498.2,78.66234066666667,16.925022666666667,True,1
1788790984.181,1788790498.4,78.6623405,16.925021833333336,True,1
1788790984.384,1788790498.6,78.6623405,16.925021,True,1
1788790984.587,1788790498.8,78.6623405,16.925020166666666,True,1
1788790984.781,1788790499.0,78.6623405,16.92501916666667,True,1
1788790984.983,1788790499.2,78.66234033333333,16.925018166666668,True,1
1788790985.182,1788790499.4,78.66234033333333,16.925017166666667,True,1
1788790985.383,1788790499.6,78.66234033333333,16.92501616666667,True,1
1788790985.583,1788790499.8,78.66234033333333,16.925015166666665,True,1
1788790985.783,1788790500.0,78.66234033333333,16.925014333333333,True,1
1788790985.99,1788790500.2,78.66234016666667,16.9250135,True,1
1788790986.182,1788790500.4,78.66234033333333,16.925012833333334,True,1
1788790986.382,1788790500.6,78.6623405,16.925012499999998,True,1
1788790986.584,1788790500.8,78.66234066666667,16.925012833333334,True,1
1788790986.785,1788790501.0,78.662341,16.925013999999997,True,1
1788790986.984,1788790501.2,78.66234133333334,16.925015499999997,True,1
1788790987.184,1788790501.4,78.66234166666666,16.925017500000003,True,1
1788790987.384,1788790501.6,78.66234183333333,16.925020500000002,True,1
1788790987.582,1788790501.8,78.66234216666666,16.925022833333333,True,1
1788790987.783,1788790502.0,78.66234233333333,16.925026166666665,True,1
1788790987.981,1788790502.2,78.66234250000001,16.9250285,True,1
1788790988.182,1788790502.4,78.66234266666667,16.925031,True,1
1788790988.381,1788790502.6,78.66234283333333,16.92503333333333,True,1
1788790988.583,1788790502.8,78.66234266666667,16.925035666666666,True,1
1788790988.782,1788790503.0,78.66234250000001,16.925037999999997,True,1
1788790988.981,1788790503.2,78.66234233333333,16.925040666666668,True,1
1788790989.185,1788790503.4,78.66234200000001,16.925042666666666,True,1
1788790989.384,1788790503.6,78.66234166666666,16.925044333333336,True,1
1788790989.584,1788790503.8,78.6623415,16.925045333333333,True,1
1788790989.784,1788790504.0,78.66234116666666,16.925045833333336,True,1
1788790989.984,1788790504.2,78.66234116666666,16.9250455,True,1
1788790990.184,1788790504.4,78.662341,16.925045,True,1
1788790990.385,1788790504.6,78.662341,16.925044500000002,True,1
1788790990.583,1788790504.8,78.662341,16.925043833333334,True,1
1788790990.781,1788790505.0,78.662341,16.92504316666667,True,1
1788790990.981,1788790505.2,78.662341,16.925042166666667,True,1
1788790991.182,1788790505.4,78.66234116666666,16.925041166666666,True,1
1788790991.384,1788790505.6,78.66234116666666,16.92504016666667,True,1
1788790991.58,1788790505.8,78.66234116666666,16.925039,True,1
1788790991.783,1788790506.0,78.66234116666666,16.925038166666663,True,1
1788790991.984,1788790506.2,78.66234133333334,16.925037,True,1
1788790992.184,1788790506.4,78.66234133333334,16.925035833333332,True,1
1788790992.384,1788790506.6,78.66234133333334,16.925034666666665,True,1
1788790992.584,1788790506.8,78.6623415,16.925033499999998,True,1
1788790992.787,1788790507.0,78.6623415,16.925032333333334,True,1
1788790992.987,1788790507.2,78.66234166666666,16.925031166666667,True,1
1788790993.181,1788790507.4,78.66234166666666,16.92503,True,1
1788790993.384,1788790507.6,78.66234183333333,16.925028833333332,True,1
1788790993.583,1788790507.8,78.66234183333333,16.925027833333335,True,1
1788790993.782,1788790508.0,78.66234200000001,16.925026666666668,True,1
1788790993.982,1788790508.2,78.66234200000001,16.925025666666667,True,1
1788790994.184,1788790508.4,78.66234200000001,16.925025,True,1
1788790994.383,1788790508.6,78.66234200000001,16.9250245,True,1
1788790994.585,1788790508.8,78.66234183333333,16.925024333333333,True,1
1788790994.784,1788790509.0,78.66234166666666,16.9250245,True,1
1788790994.984,1788790509.2,78.66234133333334,16.9250245,True,1
1788790995.185,1788790509.4,78.662341,16.925024333333333,True,1
1788790995.386,1788790509.6,78.66234033333333,16.925023666666668,True,1
1788790995.584,1788790509.8,78.66233983333333,16.92502216666667,True,1
1788790995.782,1788790510.0,78.6623395,16.9250215,True,1
1788790995.983,1788790510.2,78.66233916666667,16.925020833333335,True,1
1788790996.184,1788790510.4,78.66233883333332,16.925020166666666,True,1
1788790996.383,1788790510.6,78.66233866666667,16.9250195,True,1
1788790996.586,1788790510.8,78.6623385,16.9250185,True,1
1788790996.785,1788790511.0,78.66233833333334,16.925017,True,1
1788790996.983,1788790511.2,78.662338,16.925014833333332,True,1
1788790997.181,1788790511.4,78.66233783333334,16.925012499999998,True,1
1788790997.384,1788790511.6,78.66233766666666,16.925009,True,1
1788790997.584,1788790511.8,78.66233766666666,16.925006166666666,True,1
1788790997.786,1788790512.0,78.66233749999999,16.9250045,True,1
1788790997.984,1788790512.2,78.66233766666666,16.925003,True,1
1788790998.184,1788790512.4,78.66233783333334,16.925002333333335,True,1
1788790998.382,1788790512.6,78.66233816666666,16.925002,True,1
1788790998.581,1788790512.8,78.66233833333334,16.925001666666667,True,1
1788790998.783,1788790513.0,78.66233866666667,16.925001333333334,True,1
1788790998.983,1788790513.2,78.66233883333332,16.925001,True,1
1788790999.184,1788790513.4,78.662339,16.925000833333335,True,1
1788790999.381,1788790513.6,78.66233916666667,16.925000833333335,True,1
1788790999.582,1788790513.8,78.6623395,16.925000833333335,True,1
1788790999.784,1788790514.0,78.66233966666667,16.925001,True,1
1788790999.982,1788790514.2,78.66234,16.925001166666668,True,1
1788791000.185,1788790514.4,78.66234016666667,16.925001333333334,True,1
1788791000.384,1788790514.6,78.6623405,16.925001333333334,True,1
1788791000.584,1788790514.8,78.66234066666667,16.9250015,True,1
1788791000.784,1788790515.0,78.66234083333333,16.925001666666667,True,1
1788791000.986,1788790515.2,78.66234116666666,16.925002,True,1
1788791001.185,1788790515.4,78.66234133333334,16.925002,True,1
1788791001.384,1788790515.6,78.6623415,16.925002,True,1
1788791001.582,1788790515.8,78.66234183333333,16.925002166666665,True,1
1788791001.785,1788790516.0,78.66234216666666,16.925002333333335,True,1
1788791001.985,1788790516.2,78.66234233333333,16.925002333333335,True,1
1788791002.184,1788790516.4,78.66234250000001,16.925002666666668,True,1
1788791002.385,1788790516.6,78.66234283333333,16.925002833333334,True,1
1788791002.582,1788790516.8,78.66234299999999,16.925003166666666,True,1
1788791002.787,1788790517.0,78.66234333333334,16.925003333333333,True,1
1788791002.984,1788790517.2,78.66234349999999,16.925003666666665,True,1
1788791003.182,1788790517.4,78.66234366666666,16.925003833333335,True,1
1788791003.384,1788790517.6,78.662344,16.925004166666668,True,1
1788791003.584,1788790517.8,78.66234433333334,16.925004166666668,True,1
1788791003.784,1788790518.0,78.6623445,16.925004333333334,True,1
1788791003.982,1788790518.2,78.66234483333332,16.925004666666666,True,1
1788791004.182,1788790518.4,78.66234516666667,16.925005,True,1
1788791004.383,1788790518.6,78.66234533333333,16.925005,True,1
1788791004.583,1788790518.8,78.6623455,16.925005,True,1
1788791004.784,1788790519.0,78.66234583333333,16.925005333333335,True,1
1788791004.985,1788790519.2,78.66234616666667,16.9250055,True,1
1788791005.183,1788790519.4,78.66234633333333,16.925005666666667,True,1
1788791005.382,1788790519.6,78.66234666666666,16.925005833333334,True,1
1788791005.582,1788790519.8,78.66234683333333,16.925005833333334,True,1
1788791005.785,1788790520.0,78.66234716666666,16.925006,True,1
1788791005.983,1788790520.2,78.6623475,16.925006166666666,True,1
1788791006.184,1788790520.4,78.66234766666666,16.925006,True,1
1788791006.383,1788790520.6,78.66234800000001,16.925006166666666,True,1
1788791006.583,1788790520.8,78.66234816666666,16.925006166666666,True,1
1788791006.784,1788790521.0,78.66234850000001,16.925006333333332,True,1
1788791006.983,1788790521.2,78.66234883333333,16.925006333333332,True,1
1788791007.183,1788790521.4,78.66234916666667,16.925006333333332,True,1
1788791007.384,1788790521.6,78.66234933333334,16.9250065,True,1
1788791007.582,1788790521.8,78.66234966666666,16.925006666666665,True,1
1788791007.785,1788790522.0,78.66235,16.925006666666665,True,1
1788791007.984,1788790522.2,78.66235016666666,16.925006833333335,True,1
1788791008.197,1788790522.4,78.6623505,16.925007,True,1
1788791008.383,1788790522.6,78.66235066666667,16.925007,True,1
1788791008.583,1788790522.8,78.66235083333332,16.925007,True,1
1788791008.784,1788790523.0,78.66235116666667,16.925007166666667,True,1
1788791008.985,1788790523.2,78.66235150000001,16.925007333333333,True,1
1788791009.185,1788790523.4,78.66235166666667,16.9250075,True,1
1788791009.385,1788790523.6,78.662352,16.925007333333333,True,1
1788791009.583,1788790523.8,78.66235216666668,16.925007333333333,True,1
1788791009.784,1788790524.0,78.6623525,16.925007333333333,True,1
1788791009.982,1788790524.2,78.66235266666666,16.9250075,True,1
1788791010.183,1788790524.4,78.66235283333334,16.925007333333333,True,1
1788791010.382,1788790524.6,78.66235316666666,16.925007333333333,True,1
1788791010.583,1788790524.8,78.66235333333334,16.925007166666667,True,1
1788791010.783,1788790525.0,78.66235350000001,16.925007,True,1
1788791010.98,1788790525.2,78.66235383333333,16.925006833333335,True,1
1788791011.186,1788790525.4,78.66235400000001,16.925006833333335,True,1
1788791011.385,1788790525.6,78.66235416666667,16.925007,True,1
1788791011.584,1788790525.8,78.6623545,16.925006833333335,True,1
1788791011.785,1788790526.0,78.66235466666667,16.925007,True,1
1788791011.984,1788790526.2,78.66235483333334,16.925007,True,1
1788791012.184,1788790526.4,78.66235516666667,16.925007,True,1
1788791012.383,1788790526.6,78.66235533333334,16.925006833333335,True,1
1788791012.582,1788790526.8,78.6623555,16.925006833333335,True,1
1788791012.784,1788790527.0,78.66235566666666,16.925006833333335,True,1
1788791012.987,1788790527.2,78.66235583333334,16.925007,True,1
1788791013.183,1788790527.4,78.66235616666667,16.925006833333335,True,1
1788791013.382,1788790527.6,78.66235633333334,16.925006833333335,True,1
1788791013.582,1788790527.8,78.6623565,16.925006833333335,True,1
1788791013.781,1788790528.0,78.66235666666667,16.925007,True,1
1788791013.983,1788790528.2,78.66235683333333,16.925007,True,1
1788791014.183,1788790528.4,78.662357,16.925007,True,1
1788791014.387,1788790528.6,78.66235716666667,16.925006833333335,True,1
1788791014.582,1788790528.8,78.66235733333333,16.925006833333335,True,1
1788791014.784,1788790529.0,78.66235750000001,16.925006833333335,True,1
1788791014.987,1788790529.2,78.66235766666667,16.925006833333335,True,1
1788791015.188,1788790529.4,78.66235766666667,16.925006666666665,True,1
1788791015.385,1788790529.6,78.66235783333333,16.9250065,True,1
1788791015.584,1788790529.8,78.662358,16.925006333333332,True,1
1788791015.786,1788790530.0,78.66235816666668,16.925006166666666,True,1
1788791015.985,1788790530.2,78.66235833333333,16.925006,True,1
1788791016.186,1788790530.4,78.6623585,16.925005666666667,True,1
1788791016.388,1788790530.6,78.66235866666666,16.9250055,True,1
1788791016.584,1788790530.8,78.66235883333334,16.925005333333335,True,1
1788791016.787,1788790531.0,78.662359,16.925005,True,1
1788791016.986,1788790531.2,78.662359,16.925004833333332,True,1
1788791017.187,1788790531.4,78.66235916666666,16.925004333333334,True,1
1788791017.412,1788790531.6,78.66235916666666,16.925004,True,1
1788791017.585,1788790531.8,78.66235933333334,16.925003666666665,True,1
1788791017.785,1788790532.0,78.66235950000001,16.925003333333333,True,1
1788791017.984,1788790532.2,78.66235950000001,16.925002833333334,True,1
1788791018.184,1788790532.4,78.66235966666666,16.9250025,True,1
1788791018.384,1788790532.6,78.66235983333333,16.925002333333335,True,1
1788791018.584,1788790532.8,78.66235983333333,16.925002,True,1
1788791018.785,1788790533.0,78.66236,16.925001833333333,True,1
1788791018.985,1788790533.2,78.66236,16.9250015,True,1
1788791019.183,1788790533.4,78.66236016666667,16.925001333333334,True,1
1788791019.385,1788790533.6,78.66236033333333,16.925001,True,1
1788791019.585,1788790533.8,78.6623605,16.925000666666666,True,1
1788791019.785,1788790534.0,78.6623605,16.9250005,True,1
1788791019.983,1788790534.2,78.66236066666667,16.925000166666667,True,1
1788791020.184,1788790534.4,78.66236066666667,16.924999500000002,True,1
1788791020.384,1788790534.6,78.66236083333334,16.924999333333336,True,1
1788791020.584,1788790534.8,78.66236099999999,16.924999,True,1
1788791020.786,1788790535.0,78.66236116666667,16.924998666666667,True,1
1788791020.991,1788790535.2,78.66236116666667,16.924998000000002,True,1
1788791021.186,1788790535.4,78.66236133333334,16.9249975,True,1
1788791021.385,1788790535.6,78.6623615,16.924997,True,1
1788791021.586,1788790535.8,78.6623615,16.924996500000002,True,1
1788791021.785,1788790536.0,78.66236166666665,16.924996,True,1
1788791021.984,1788790536.2,78.66236166666665,16.9249955,True,1
1788791022.186,1788790536.4,78.66236183333334,16.924995000000003,True,1
1788791022.385,1788790536.6,78.66236183333334,16.924994666666667,True,1
1788791022.586,1788790536.8,78.662362,16.924994,True,1
1788791022.786,1788790537.0,78.662362,16.924993500000003,True,1
1788791022.987,1788790537.2,78.66236216666667,16.924992999999997,True,1
1788791023.184,1788790537.4,78.66236233333333,16.924992333333332,True,1
1788791023.38,1788790537.6,78.66236233333333,16.924991833333333,True,1
1788791023.583,1788790537.8,78.66236233333333,16.924991166666665,True,1
1788791023.785,1788790538.0,78.66236233333333,16.9249905,True,1
1788791023.986,1788790538.2,78.66236216666667,16.9249895,True,1
1788791024.185,1788790538.4,78.66236216666667,16.924988499999998,True,1
1788791024.385,1788790538.6,78.662362,16.924986999999998,True,1
1788791024.583,1788790538.8,78.66236183333334,16.924984666666667,True,1
1788791024.784,1788790539.0,78.66236166666665,16.924982166666666,True,1
1788791024.985,1788790539.2,78.66236166666665,16.924979166666667,True,1
1788791025.186,1788790539.4,78.6623615,16.9249765,True,1
1788791025.387,1788790539.6,78.66236133333334,16.924973,True,1
1788791025.587,1788790539.8,78.66236133333334,16.924969833333332,True,1
1788791025.787,1788790540.0,78.66236133333334,16.924966666666666,True,1
1788791025.987,1788790540.2,78.6623615,16.9249635,True,1
1788791026.185,1788790540.4,78.66236166666665,16.924960833333333,True,1
1788791026.386,1788790540.6,78.66236183333334,16.924957166666665,True,1
1788791026.585,1788790540.8,78.662362,16.924954666666668,True,1
1788791026.785,1788790541.0,78.6623625,16.924951833333335,True,1
1788791026.984,1788790541.2,78.66236266666667,16.92494866666667,True,1
1788791027.184,1788790541.4,78.66236333333333,16.92494633333333,True,1
1788791027.384,1788790541.6,78.66236366666666,16.924943499999998,True,1
1788791027.584,1788790541.8,78.66236433333333,16.924942333333334,True,1
1788791027.787,1788790542.0,78.66236466666666,16.9249415,True,1
1788791027.985,1788790542.2,78.66236533333334,16.924941,True,1
1788791028.186,1788790542.4,78.66236583333333,16.924939833333333,True,1
1788791028.386,1788790542.6,78.6623665,16.924939166666665,True,1
1788791028.585,1788790542.8,78.66236699999999,16.924938333333333,True,1
1788791028.787,1788790543.0,78.6623675,16.924937166666666,True,1
1788791028.987,1788790543.2,78.66236783333333,16.924936666666667,True,1
1788791029.186,1788790543.4,78.66236816666667,16.924936,True,1
1788791029.383,1788790543.6,78.6623685,16.924935166666668,True,1
1788791029.584,1788790543.8,78.66236883333333,16.9249345,True,1
1788791029.785,1788790544.0,78.66236916666666,16.924934,True,1
1788791029.983,1788790544.2,78.66236950000001,16.9249335,True,1
1788791030.184,1788790544.4,78.66236983333333,16.924932833333333,True,1
1788791030.384,1788790544.6,78.66237,16.924932000000002,True,1
1788791030.586,1788790544.8,78.66237016666668,16.92493066666667,True,1
1788791030.785,1788790545.0,78.6623705,16.9249295,True,1
1788791030.987,1788790545.2,78.66237066666666,16.924928166666668,True,1
1788791031.185,1788790545.4,78.66237083333334,16.924927,True,1
1788791031.384,1788790545.6,78.662371,16.924925833333337,True,1
1788791031.585,1788790545.8,78.66237116666666,16.924924666666666,True,1
1788791031.787,1788790546.0,78.66237133333334,16.924923999999997,True,1
1788791031.985,1788790546.2,78.66237166666666,16.924923333333332,True,1
1788791032.184,1788790546.4,78.66237183333332,16.924923,True,1
1788791032.384,1788790546.6,78.66237216666667,16.924922499999997,True,1
1788791032.584,1788790546.8,78.66237233333332,16.92492233333333,True,1
1788791032.783,1788790547.0,78.66237266666667,16.924921333333334,True,1
1788791032.984,1788790547.2,78.66237283333334,16.924920666666665,True,1
1788791033.187,1788790547.4,78.66237333333333,16.92492,True,1
1788791033.384,1788790547.6,78.662374,16.924919166666665,True,1
1788791033.585,1788790547.8,78.66237516666666,16.924917999999998,True,1
1788791033.786,1788790548.0,78.66237683333334,16.924916666666665,True,1
1788791033.986,1788790548.2,78.66237883333334,16.924915333333335,True,1
1788791034.186,1788790548.4,78.66238133333333,16.924914,True,1
1788791034.386,1788790548.6,78.66238416666667,16.924912666666668,True,1
1788791034.584,1788790548.8,78.66238716666666,16.924911,True,1
1788791034.786,1788790549.0,78.66239033333333,16.924909166666666,True,1
1788791034.986,1788790549.2,78.66239350000001,16.924907166666667,True,1
1788791035.184,1788790549.4,78.66239666666667,16.92490516666667,True,1
1788791035.384,1788790549.6,78.66239983333334,16.924902999999997,True,1
1788791035.585,1788790549.8,78.66240266666667,16.9249005,True,1
1788791035.784,1788790550.0,78.6624055,16.924898499999998,True,1
1788791035.986,1788790550.2,78.662408,16.92489683333333,True,1
1788791036.184,1788790550.4,78.66241050000001,16.924895666666664,True,1
1788791036.385,1788790550.6,78.662413,16.924895,True,1
1788791036.587,1788790550.8,78.6624155,16.924894833333333,True,1
1788791036.786,1788790551.0,78.66241799999999,16.924895166666666,True,1
1788791036.985,1788790551.2,78.66242050000001,16.924895833333334,True,1
1788791037.183,1788790551.4,78.662423,16.92489683333333,True,1
1788791037.386,1788790551.6,78.66242566666666,16.924898499999998,True,1
1788791037.586,1788790551.8,78.662428,16.924900666666666,True,1
1788791037.785,1788790552.0,78.66243016666667,16.92490366666667,True,1
1788791037.985,1788790552.2,78.66243200000001,16.924907166666667,True,1
1788791038.184,1788790552.4,78.66243366666666,16.924911166666668,True,1
1788791038.385,1788790552.6,78.66243516666667,16.924915333333335,True,1
1788791038.584,1788790552.8,78.66243666666666,16.924920333333333,True,1
1788791038.787,1788790553.0,78.66243816666666,16.924925833333337,True,1
1788791038.987,1788790553.2,78.66243933333334,16.924931833333336,True,1
1788791039.187,1788790553.4,78.6624405,16.924938166666667,True,1
1788791039.386,1788790553.6,78.66244150000001,16.924944999999997,True,1
1788791039.585,1788790553.8,78.66244233333333,16.924952333333334,True,1
1788791039.787,1788790554.0,78.66244283333334,16.924959333333334,True,1
1788791039.983,1788790554.2,78.66244333333334,16.924967166666665,True,1
1788791040.184,1788790554.4,78.66244366666666,16.924975500000002,True,1
1788791040.384,1788790554.6,78.66244383333333,16.924984166666665,True,1
1788791040.585,1788790554.8,78.66244383333333,16.924993833333335,True,1
1788791040.784,1788790555.0,78.66244366666666,16.925004333333334,True,1
1788791040.985,1788790555.2,78.66244333333334,16.925015166666665,True,1
1788791041.184,1788790555.4,78.662443,16.925026666666668,True,1
1788791041.383,1788790555.6,78.6624425,16.925038166666663,True,1
1788791041.586,1788790555.8,78.66244166666667,16.925050166666665,True,1
1788791041.787,1788790556.0,78.66244083333332,16.925062333333337,True,1
1788791041.987,1788790556.2,78.66244,16.925074166666665,True,1
1788791042.186,1788790556.4,78.66243883333333,16.925086,True,1
1788791042.386,1788790556.6,78.66243766666666,16.925097833333332,True,1
1788791042.585,1788790556.8,78.66243633333333,16.925109833333334,True,1
1788791042.787,1788790557.0,78.66243516666667,16.925122166666664,True,1
1788791042.987,1788790557.2,78.66243366666666,16.925135,True,1
1788791043.185,1788790557.4,78.66243216666666,16.9251485,True,1
1788791043.388,1788790557.6,78.6624305,16.925162666666665,True,1
1788791043.584,1788790557.8,78.66242866666667,16.925177166666668,True,1
1788791043.785,1788790558.0,78.66242716666667,16.925191833333333,True,1
1788791043.982,1788790558.2,78.6624255,16.925206833333334,True,1
1788791044.183,1788790558.4,78.66242383333334,16.92522166666667,True,1
1788791044.384,1788790558.6,78.66242216666666,16.9252365,True,1
1788791044.585,1788790558.8,78.66242050000001,16.925251166666666,True,1
1788791044.785,1788790559.0,78.66241883333333,16.925266166666667,True,1
1788791044.987,1788790559.2,78.66241716666667,16.925281166666664,True,1
1788791045.188,1788790559.4,78.6624155,16.9252965,True,1
1788791045.387,1788790559.6,78.662414,16.925311833333335,True,1
1788791045.586,1788790559.8,78.66241233333334,16.925326833333333,True,1
1788791045.786,1788790560.0,78.66241066666666,16.925342,True,1
1788791045.993,1788790560.2,78.662409,16.925357166666668,True,1
1788791046.186,1788790560.4,78.66240716666667,16.925372166666666,True,1
1788791046.384,1788790560.6,78.6624055,16.925387333333333,True,1
1788791046.586,1788790560.8,78.66240383333334,16.925402166666668,True,1
1788791046.784,1788790561.0,78.66240216666667,16.925417,True,1
1788791046.986,1788790561.2,78.6624005,16.925432,True,1
1788791047.186,1788790561.4,78.66239883333333,16.925446833333336,True,1
1788791047.388,1788790561.6,78.66239716666668,16.925462,True,1
1788791047.586,1788790561.8,78.6623955,16.925476833333335,True,1
1788791047.786,1788790562.0,78.66239383333333,16.9254915,True,1
1788791047.985,1788790562.2,78.66239216666666,16.925506499999997,True,1
1788791048.186,1788790562.4,78.66239033333333,16.9255215,True,1
1788791048.387,1788790562.6,78.66238866666666,16.925536166666667,True,1
1788791048.587,1788790562.8,78.66238700000001,16.92555133333333,True,1
1788791048.787,1788790563.0,78.66238533333333,16.925566333333332,True,1
1788791048.985,1788790563.2,78.6623835,16.9255815,True,1
1788791049.186,1788790563.4,78.66238183333333,16.925596666666667,True,1
1788791049.386,1788790563.6,78.66238,16.92561166666667,True,1
1788791049.584,1788790563.8,78.66237833333334,16.925626833333336,True,1
1788791049.786,1788790564.0,78.66237666666666,16.925642,True,1
1788791049.986,1788790564.2,78.66237483333333,16.925657333333334,True,1
1788791050.185,1788790564.4,78.66237316666667,16.925672333333335,True,1
1788791050.385,1788790564.6,78.6623715,16.9256875,True,1
1788791050.584,1788790564.8,78.66236966666666,16.925702666666666,True,1
1788791050.786,1788790565.0,78.662368,16.925717833333334,True,1
1788791050.983,1788790565.2,78.66236633333332,16.925732999999997,True,1
1788791051.185,1788790565.4,78.6623645,16.925748333333335,True,1
1788791051.385,1788790565.6,78.66236283333333,16.925763333333336,True,1
1788791051.585,1788790565.8,78.66236116666667,16.925778333333334,True,1
1788791051.786,1788790566.0,78.66235933333334,16.925793333333335,True,1
1788791051.985,1788790566.2,78.66235766666667,16.925808500000002,True,1
1788791052.186,1788790566.4,78.662356,16.9258235,True,1
1788791052.385,1788790566.6,78.66235416666667,16.925838333333335,True,1
1788791052.587,1788790566.8,78.6623525,16.925853166666666,True,1
1788791052.787,1788790567.0,78.66235083333332,16.925867999999998,True,1
1788791052.986,1788790567.2,78.66234899999999,16.925883,True,1
1788791053.187,1788790567.4,78.66234733333334,16.925897833333334,True,1
1788791053.387,1788790567.6,78.66234566666667,16.925912666666665,True,1
1788791053.59,1788790567.8,78.66234383333334,16.925927666666666,True,1
1788791053.785,1788790568.0,78.66234216666666,16.925942833333334,True,1
1788791053.984,1788790568.2,78.66234033333333,16.925957999999998,True,1
1788791054.184,1788790568.4,78.66233866666667,16.925973,True,1
1788791054.385,1788790568.6,78.66233683333333,16.925988333333333,True,1
1788791054.584,1788790568.8,78.66233516666667,16.926003666666666,True,1
1788791054.784,1788790569.0,78.66233333333334,16.926018833333334,True,1
1788791054.984,1788790569.2,78.6623315,16.926034,True,1
1788791055.182,1788790569.4,78.66232983333333,16.926049,True,1
1788791055.386,1788790569.6,78.66232799999999,16.926064333333333,True,1
1788791055.587,1788790569.8,78.66232616666666,16.926079333333334,True,1
1788791055.787,1788790570.0,78.66232450000001,16.92609433333333,True,1
1788791055.986,1788790570.2,78.66232266666665,16.926109333333333,True,1
1788791056.187,1788790570.4,78.662321,16.926124166666668,True,1
1788791056.386,1788790570.6,78.66231916666668,16.926139,True,1
1788791056.585,1788790570.8,78.6623175,16.926154,True,1
1788791056.787,1788790571.0,78.66231583333334,16.926169,True,1
1788791056.986,1788790571.2,78.662314,16.926183666666667,True,1
1788791057.186,1788790571.4,78.66231216666667,16.926198499999998,True,1
1788791057.385,1788790571.6,78.6623105,16.926213166666667,True,1
1788791057.584,1788790571.8,78.66230866666666,16.926227833333332,True,1
1788791057.787,1788790572.0,78.662307,16.9262425,True,1
1788791057.985,1788790572.2,78.66230516666666,16.926257,True,1
1788791058.187,1788790572.4,78.66230350000001,16.926271666666665,True,1
1788791058.386,1788790572.6,78.66230166666666,16.926286166666667,True,1
1788791058.587,1788790572.8,78.6623,16.92630066666667,True,1
1788791058.786,1788790573.0,78.66229816666667,16.92631533333333,True,1
1788791058.985,1788790573.2,78.6622965,16.926329833333334,True,1
1788791059.185,1788790573.4,78.66229466666667,16.92634466666667,True,1
1788791059.385,1788790573.6,78.66229283333334,16.926359333333334,True,1
1788791059.585,1788790573.8,78.66229100000001,16.92637416666667,True,1
1788791059.787,1788790574.0,78.66228933333333,16.926388999999997,True,1
1788791059.985,1788790574.2,78.6622875,16.92640383333333,True,1
1788791060.185,1788790574.4,78.66228566666668,16.926418833333333,True,1
1788791060.385,1788790574.6,78.662284,16.926433666666664,True,1
1788791060.583,1788790574.8,78.66228216666667,16.926448666666666,True,1
1788791060.783,1788790575.0,78.66228033333333,16.9264635,True,1
1788791060.985,1788790575.2,78.6622785,16.926478333333332,True,1
1788791061.185,1788790575.4,78.66227683333334,16.926493166666667,True,1
1788791061.386,1788790575.6,78.662275,16.926507833333336,True,1
1788791061.587,1788790575.8,78.66227316666667,16.926522666666663,True,1
1788791061.788,1788790576.0,78.66227133333334,16.926537333333332,True,1
1788791061.986,1788790576.2,78.66226950000001,16.926552,True,1
1788791062.186,1788790576.4,78.66226783333333,16.9265665,True,1
1788791062.386,1788790576.6,78.662266,16.926581,True,1
1788791062.587,1788790576.8,78.66226416666667,16.926595666666667,True,1
1788791062.786,1788790577.0,78.6622625,16.926610166666666,True,1
1788791062.986,1788790577.2,78.66226066666667,16.926624833333335,True,1
1788791063.185,1788790577.4,78.66225883333333,16.9266395,True,1
1788791063.383,1788790577.6,78.662257,16.926654166666665,True,1
1788791063.589,1788790577.8,78.66225516666667,16.926668833333334,True,1
1788791063.794,1788790578.0,78.66225333333334,16.926683500000003,True,1
1788791063.986,1788790578.2,78.6622515,16.926698166666664,True,1
1788791064.184,1788790578.4,78.66224966666667,16.926712666666667,True,1
1788791064.385,1788790578.6,78.662248,16.926727500000002,True,1
1788791064.585,1788790578.8,78.66224616666666,16.926742166666667,True,1
1788791064.783,1788790579.0,78.66224416666667,16.926757000000002,True,1
1788791064.985,1788790579.2,78.66224233333334,16.926771666666664,True,1
1788791065.185,1788790579.4,78.66224050000001,16.9267865,True,1
1788791065.385,1788790579.6,78.66223866666665,16.926801166666667,True,1
1788791065.584,1788790579.8,78.66223683333332,16.926815666666666,True,1
1788791065.785,1788790580.0,78.662235,16.92683033333333,True,1
1788791065.986,1788790580.2,78.66223316666667,16.926844833333334,True,1
1788791066.183,1788790580.4,78.66223133333332,16.9268595,True,1
1788791066.387,1788790580.6,78.6622295,16.926874,True,1
1788791066.586,1788790580.8,78.6622275,16.926888833333333,True,1
1788791066.787,1788790581.0,78.66222566666667,16.926903166666666,True,1
1788791066.986,1788790581.2,78.66222383333334,16.926917666666668,True,1
1788791067.188,1788790581.4,78.662222,16.926932333333333,True,1
1788791067.385,1788790581.6,78.66222016666667,16.9269465,True,1
1788791067.583,1788790581.8,78.66221833333334,16.926960833333332,True,1
1788791067.785,1788790582.0,78.66221650000001,16.926975333333335,True,1
1788791067.985,1788790582.2,78.66221466666666,16.926989666666667,True,1
1788791068.186,1788790582.4,78.66221283333333,16.927004,True,1
1788791068.385,1788790582.6,78.66221083333333,16.9270185,True,1
1788791068.584,1788790582.8,78.662209,16.927032999999998,True,1
1788791068.786,1788790583.0,78.66220716666666,16.927047333333334,True,1
1788791068.984,1788790583.2,78.66220533333333,16.927061833333333,True,1
1788791069.186,1788790583.4,78.6622035,16.927076333333332,True,1
1788791069.387,1788790583.6,78.66220150000001,16.927090833333335,True,1
1788791069.586,1788790583.8,78.66219966666667,16.927105333333333,True,1
1788791069.787,1788790584.0,78.66219783333332,16.927119666666666,True,1
1788791069.986,1788790584.2,78.662196,16.92713416666667,True,1
1788791070.187,1788790584.4,78.662194,16.927148499999998,True,1
1788791070.386,1788790584.6,78.66219216666667,16.927163166666666,True,1
1788791070.587,1788790584.8,78.66219033333333,16.927177500000003,True,1
1788791070.784,1788790585.0,78.6621885,16.927192166666668,True,1
1788791070.983,1788790585.2,78.6621865,16.927206833333333,True,1
1788791071.183,1788790585.4,78.66218466666666,16.927221166666666,True,1
1788791071.383,1788790585.6,78.66218283333333,16.927235833333334,True,1
1788791071.582,1788790585.8,78.66218083333334,16.927250333333333,True,1
1788791071.786,1788790586.0,78.662179,16.927264666666666,True,1
1788791071.986,1788790586.2,78.66217716666667,16.927279166666665,True,1
1788791072.185,1788790586.4,78.66217533333334,16.927293333333335,True,1
1788791072.386,1788790586.6,78.66217333333334,16.927307833333334,True,1
1788791072.586,1788790586.8,78.66217150000001,16.927322166666666,True,1
1788791072.787,1788790587.0,78.66216966666666,16.927336333333336,True,1
1788791072.985,1788790587.2,78.66216783333333,16.9273505,True,1
1788791073.186,1788790587.4,78.662166,16.927364833333336,True,1
1788791073.386,1788790587.6,78.662164,16.92737933333333,True,1
1788791073.585,1788790587.8,78.66216216666666,16.9273935,True,1
1788791073.791,1788790588.0,78.66216033333333,16.927407833333334,True,1
1788791073.985,1788790588.2,78.6621585,16.927422166666666,True,1
1788791074.184,1788790588.4,78.66215650000001,16.927436333333333,True,1
1788791074.382,1788790588.6,78.66215466666667,16.92745066666667,True,1
1788791074.583,1788790588.8,78.66215283333332,16.927465333333334,True,1
1788791074.784,1788790589.0,78.66215083333333,16.927479833333333,True,1
1788791074.987,1788790589.2,78.662149,16.92749416666667,True,1
1788791075.191,1788790589.4,78.66214716666667,16.92750883333333,True,1
1788791075.384,1788790589.6,78.66214516666668,16.9275235,True,1
1788791075.59,1788790589.8,78.66214333333333,16.927537833333336,True,1
1788791075.787,1788790590.0,78.6621415,16.92755233333333,True,1
1788791075.985,1788790590.2,78.6621395,16.927566833333334,True,1
1788791076.185,1788790590.4,78.66213766666667,16.927581166666666,True,1
1788791076.384,1788790590.6,78.66213583333334,16.927595666666665,True,1
1788791076.585,1788790590.8,78.66213383333334,16.92761,True,1
1788791076.786,1788790591.0,78.662132,16.927624166666664,True,1
1788791076.987,1788790591.2,78.66213016666667,16.927638666666667,True,1
1788791077.184,1788790591.4,78.66212816666666,16.927653000000003,True,1
1788791077.387,1788790591.6,78.66212633333333,16.9276675,True,1
1788791077.585,1788790591.8,78.66212449999999,16.927681833333335,True,1
1788791077.789,1788790592.0,78.6621225,16.927696,True,1
1788791077.986,1788790592.2,78.66212066666667,16.9277105,True,1
1788791078.185,1788790592.4,78.66211883333334,16.927724833333333,True,1
1788791078.385,1788790592.6,78.66211683333333,16.927739166666665,True,1
1788791078.584,1788790592.8,78.662115,16.927753499999998,True,1
1788791078.786,1788790593.0,78.66211316666666,16.9277675,True,1
1788791078.985,1788790593.2,78.66211150000001,16.927781333333332,True,1
1788791079.186,1788790593.4,78.66210983333333,16.927795166666666,True,1
1788791079.386,1788790593.6,78.66210833333334,16.927808666666667,True,1
1788791079.586,1788790593.8,78.662107,16.927822166666665,True,1
1788791079.785,1788790594.0,78.66210583333333,16.927835333333334,True,1
1788791079.983,1788790594.2,78.66210483333333,16.9278485,True,1
1788791080.185,1788790594.4,78.66210383333333,16.927862166666667,True,1
1788791080.385,1788790594.6,78.66210299999999,16.927876,True,1
1788791080.585,1788790594.8,78.66210216666667,16.927889999999998,True,1
1788791080.784,1788790595.0,78.6621015,16.927904,True,1
1788791080.984,1788790595.2,78.66210099999999,16.9279175,True,1
1788791081.184,1788790595.4,78.6621005,16.927931,True,1
1788791081.381,1788790595.6,78.6621,16.92794316666667,True,1
1788791081.583,1788790595.8,78.66209966666666,16.927954833333335,True,1
1788791081.785,1788790596.0,78.66209933333333,16.92796483333333,True,1
1788791081.985,1788790596.2,78.662099,16.927974333333335,True,1
1788791082.186,1788790596.4,78.66209883333333,16.9279835,True,1
1788791082.385,1788790596.6,78.6620985,16.927992833333334,True,1
1788791082.585,1788790596.8,78.66209816666667,16.928001833333333,True,1
1788791082.783,1788790597.0,78.66209783333333,16.92801066666667,True,1
1788791082.987,1788790597.2,78.66209733333334,16.928019666666668,True,1
1788791083.186,1788790597.4,78.66209666666667,16.928029166666665,True,1
1788791083.386,1788790597.6,78.662096,16.928039000000002,True,1
1788791083.585,1788790597.8,78.66209516666666,16.928049166666664,True,1
1788791083.787,1788790598.0,78.66209416666668,16.92806016666667,True,1
1788791083.986,1788790598.2,78.66209333333333,16.928071833333334,True,1
1788791084.184,1788790598.4,78.66209216666667,16.928084833333333,True,1
1788791084.385,1788790598.6,78.66209099999999,16.928098666666664,True,1
1788791084.585,1788790598.8,78.66208983333333,16.928113166666666,True,1
1788791084.785,1788790599.0,78.66208866666666,16.928128166666667,True,1
1788791084.986,1788790599.2,78.66208750000001,16.928143499999997,True,1
1788791085.184,1788790599.4,78.66208616666667,16.928159,True,1
1788791085.384,1788790599.6,78.66208483333334,16.928174666666667,True,1
1788791085.583,1788790599.8,78.66208350000001,16.928190333333337,True,1
1788791085.786,1788790600.0,78.66208216666668,16.928206,True,1
1788791085.987,1788790600.2,78.662081,16.928221666666666,True,1
1788791086.187,1788790600.4,78.66207949999999,16.928237333333335,True,1
1788791086.386,1788790600.6,78.66207816666666,16.928253166666664,True,1
1788791086.586,1788790600.8,78.66207683333333,16.928269,True,1
1788791086.785,1788790601.0,78.6620755,16.928284833333333,True,1
1788791086.985,1788790601.2,78.66207416666666,16.928300666666665,True,1
1788791087.184,1788790601.4,78.66207266666667,16.928316833333334,True,1
1788791087.385,1788790601.6,78.66207133333334,16.928333000000002,True,1
1788791087.583,1788790601.8,78.66206983333333,16.928349166666667,True,1
1788791087.786,1788790602.0,78.6620685,16.928365499999998,True,1
1788791087.983,1788790602.2,78.66206716666667,16.928381833333333,True,1
1788791088.183,1788790602.4,78.66206566666666,16.928398,True,1
1788791088.384,1788790602.6,78.66206433333333,16.928414333333333,True,1
1788791088.586,1788790602.8,78.662063,16.928430666666667,True,1
1788791088.786,1788790603.0,78.66206166666666,16.928447000000002,True,1
1788791088.986,1788790603.2,78.66206016666666,16.928463,True,1
1788791089.186,1788790603.4,78.66205883333333,16.928479333333332,True,1
1788791089.387,1788790603.6,78.6620575,16.928495333333334,True,1
1788791089.584,1788790603.8,78.66205616666666,16.928511166666667,True,1
1788791089.784,1788790604.0,78.66205466666666,16.928527166666665,True,1
1788791089.985,1788790604.2,78.66205333333333,16.928543166666667,True,1
1788791090.186,1788790604.4,78.66205199999999,16.928559166666666,True,1
1788791090.386,1788790604.6,78.66205066666666,16.92857516666667,True,1
1788791090.586,1788790604.8,78.66204933333333,16.928591166666667,True,1
1788791090.784,1788790605.0,78.662048,16.928607166666666,True,1
1788791090.981,1788790605.2,78.6620465,16.928623333333334,True,1
1788791091.183,1788790605.4,78.66204516666667,16.9286395,True,1
1788791091.386,1788790605.6,78.66204383333334,16.928655666666668,True,1
1788791091.585,1788790605.8,78.66204233333333,16.928671833333333,True,1
1788791091.787,1788790606.0,78.662041,16.928688166666667,True,1
1788791091.986,1788790606.2,78.66203966666667,16.928704333333332,True,1
1788791092.186,1788790606.4,78.66203833333334,16.928720833333333,True,1
1788791092.382,1788790606.6,78.66203683333333,16.928737166666668,True,1
1788791092.585,1788790606.8,78.6620355,16.928753333333336,True,1
1788791092.785,1788790607.0,78.66203416666667,16.928769666666668,True,1
1788791092.987,1788790607.2,78.66203266666666,16.928786,True,1
1788791093.185,1788790607.4,78.66203133333333,16.928802166666667,True,1
1788791093.385,1788790607.6,78.66203,16.928818333333332,True,1
1788791093.585,1788790607.8,78.66202866666666,16.9288345,True,1
1788791093.783,1788790608.0,78.66202733333333,16.9288505,True,1
1788791093.988,1788790608.2,78.662026,16.9288665,True,1
1788791094.19,1788790608.4,78.6620245,16.928882833333333,True,1
1788791094.385,1788790608.6,78.66202316666666,16.928899,True,1
1788791094.583,1788790608.8,78.66202183333333,16.928915166666666,True,1
1788791094.786,1788790609.0,78.6620205,16.92893133333333,True,1
1788791095.013,1788790609.2,78.66201916666667,16.9289475,True,1
1788791095.181,1788790609.4,78.66201783333332,16.928963833333334,True,1
1788791095.383,1788790609.6,78.6620165,16.928980000000003,True,1
1788791095.584,1788790609.8,78.66201516666666,16.928996333333334,True,1
1788791095.786,1788790610.0,78.66201383333333,16.9290125,True,1
1788791095.984,1788790610.2,78.6620125,16.929028833333334,True,1
1788791096.184,1788790610.4,78.66201116666666,16.929045166666665,True,1
1788791096.385,1788790610.6,78.66200983333333,16.9290615,True,1
1788791096.582,1788790610.8,78.6620085,16.929077833333334,True,1
1788791096.786,1788790611.0,78.66200716666667,16.929094333333335,True,1
1788791096.986,1788790611.2,78.66200583333332,16.929110833333333,True,1
1788791097.186,1788790611.4,78.6620045,16.929127333333334,True,1
1788791097.386,1788790611.6,78.66200333333333,16.92914366666667,True,1
1788791097.585,1788790611.8,78.662002,16.92916016666667,True,1
1788791097.784,1788790612.0,78.66200066666667,16.929176666666667,True,1
1788791097.985,1788790612.2,78.66199933333334,16.929193,True,1
1788791098.19,1788790612.4,78.661998,16.92920966666667,True,1
1788791098.384,1788790612.6,78.66199666666667,16.92922616666667,True,1
1788791098.584,1788790612.8,78.6619955,16.9292425,True,1
1788791098.783,1788790613.0,78.66199416666667,16.929258666666666,True,1
1788791098.985,1788790613.2,78.66199283333334,16.929275166666667,True,1
1788791099.182,1788790613.4,78.66199150000001,16.929291499999998,True,1
1788791099.383,1788790613.6,78.66199033333334,16.929307833333333,True,1
1788791099.584,1788790613.8,78.66198899999999,16.929324,True,1
1788791099.787,1788790614.0,78.66198766666666,16.92934016666667,True,1
1788791099.986,1788790614.2,78.6619865,16.92935633333333,True,1
1788791100.185,1788790614.4,78.66198516666667,16.929372833333332,True,1
1788791100.385,1788790614.6,78.66198383333334,16.929389,True,1
1788791100.585,1788790614.8,78.66198266666667,16.92940533333333,True,1
1788791100.795,1788790615.0,78.66198133333334,16.929421666666666,True,1
1788791100.985,1788790615.2,78.66198,16.929438,True,1
1788791101.183,1788790615.4,78.66197883333332,16.929454333333336,True,1
1788791101.382,1788790615.6,78.66197749999999,16.929470833333333,True,1
1788791101.583,1788790615.8,78.66197633333333,16.929487333333334,True,1
1788791101.786,1788790616.0,78.661975,16.92950366666667,True,1
1788791101.983,1788790616.2,78.66197383333333,16.92952016666667,True,1
1788791102.184,1788790616.4,78.6619725,16.929536666666667,True,1
1788791102.385,1788790616.6,78.66197133333334,16.92955316666667,True,1
1788791102.587,1788790616.8,78.66197000000001,16.929569833333336,True,1
1788791102.787,1788790617.0,78.66196883333333,16.929586166666663,True,1
1788791102.986,1788790617.2,78.66196766666667,16.929602666666664,True,1
1788791103.187,1788790617.4,78.66196633333334,16.929619333333335,True,1
1788791103.385,1788790617.6,78.66196516666668,16.929635833333336,True,1
1788791103.585,1788790617.8,78.661964,16.929652333333333,True,1
1788791103.786,1788790618.0,78.66196266666667,16.929668666666664,True,1
1788791103.986,1788790618.2,78.6619615,16.929685,True,1
1788791104.184,1788790618.4,78.66196033333334,16.9297015,True,1
1788791104.384,1788790618.6,78.66195916666668,16.929717999999998,True,1
1788791104.583,1788790618.8,78.66195783333333,16.9297345,True,1
1788791104.783,1788790619.0,78.66195666666667,16.929750833333333,True,1
1788791104.985,1788790619.2,78.6619555,16.929767166666668,True,1
1788791105.186,1788790619.4,78.66195433333334,16.929783666666665,True,1
1788791105.386,1788790619.6,78.661953,16.929800166666666,True,1
1788791105.586,1788790619.8,78.66195183333333,16.9298165,True,1
1788791105.787,1788790620.0,78.66195066666667,16.929833,True,1
1788791105.993,1788790620.2,78.6619495,16.9298495,True,1
1788791106.183,1788790620.4,78.66194816666666,16.929865833333334,True,1
1788791106.385,1788790620.6,78.661947,16.929882333333335,True,1
1788791106.585,1788790620.8,78.66194583333332,16.929898833333333,True,1
1788791106.786,1788790621.0,78.66194466666667,16.929915333333334,True,1
1788791106.987,1788790621.2,78.6619435,16.929932,True,1
1788791107.186,1788790621.4,78.66194233333334,16.929948500000002,True,1
1788791107.386,1788790621.6,78.661941,16.929965166666666,True,1
1788791107.583,1788790621.8,78.66194,16.929981666666666,True,1
1788791107.786,1788790622.0,78.66193883333334,16.929998166666667,True,1
1788791107.986,1788790622.2,78.66193750000001,16.930014833333335,True,1
1788791108.187,1788790622.4,78.66193633333334,16.930031333333332,True,1
1788791108.387,1788790622.6,78.66193533333333,16.930047833333333,True,1
1788791108.588,1788790622.8,78.66193416666667,16.930064333333334,True,1
1788791108.787,1788790623.0,78.661933,16.930080666666665,True,1
1788791108.984,1788790623.2,78.66193183333333,16.930097166666666,True,1
1788791109.185,1788790623.4,78.66193066666666,16.9301135,True,1
1788791109.386,1788790623.6,78.6619295,16.930130333333334,True,1
1788791109.584,1788790623.8,78.66192833333334,16.930146833333332,True,1
1788791109.786,1788790624.0,78.66192733333334,16.930163166666667,True,1
1788791109.985,1788790624.2,78.66192616666667,16.930179833333334,True,1
1788791110.183,1788790624.4,78.66192500000001,16.9301965,True,1
1788791110.381,1788790624.6,78.66192383333333,16.930213166666665,True,1
1788791110.586,1788790624.8,78.66192266666667,16.930229666666666,True,1
1788791110.785,1788790625.0,78.66192166666666,16.930246166666667,True,1
1788791110.985,1788790625.2,78.6619205,16.930263,True,1
1788791111.184,1788790625.4,78.66191950000001,16.930279666666667,True,1
1788791111.384,1788790625.6,78.66191833333333,16.9302965,True,1
1788791111.585,1788790625.8,78.66191716666667,16.930313166666668,True,1
1788791111.787,1788790626.0,78.661916,16.930329833333335,True,1
1788791111.984,1788790626.2,78.661915,16.930346333333333,True,1
1788791112.185,1788790626.4,78.661914,16.9303635,True,1
1788791112.385,1788790626.6,78.66191283333333,16.930380500000002,True,1
1788791112.584,1788790626.8,78.66191166666667,16.930396833333337,True,1
1788791112.786,1788790627.0,78.66191066666667,16.93041283333333,True,1
1788791112.983,1788790627.2,78.66190950000001,16.930428833333334,True,1
1788791113.184,1788790627.4,78.6619085,16.9304445,True,1
1788791113.385,1788790627.6,78.66190733333333,16.930460666666665,True,1
1788791113.586,1788790627.8,78.66190616666667,16.930477,True,1
1788791113.785,1788790628.0,78.66190499999999,16.93049316666667,True,1
1788791113.988,1788790628.2,78.66190383333333,16.930509500000003,True,1
1788791114.185,1788790628.4,78.66190266666668,16.930526333333333,True,1
1788791114.386,1788790628.6,78.66190150000001,16.930543,True,1
1788791114.583,1788790628.8,78.66190033333334,16.930559666666667,True,1
1788791114.782,1788790629.0,78.66189933333334,16.930576499999997,True,1
1788791114.982,1788790629.2,78.66189816666666,16.930593166666664,True,1
1788791115.184,1788790629.4,78.66189683333333,16.930609666666665,True,1
1788791115.385,1788790629.6,78.66189583333333,16.930626333333333,True,1
1788791115.586,1788790629.8,78.66189466666667,16.930642666666664,True,1
1788791115.783,1788790630.0,78.66189349999999,16.9306595,True,1
1788791115.984,1788790630.2,78.66189233333333,16.930676000000002,True,1
1788791116.185,1788790630.4,78.66189116666666,16.930692500000003,True,1
1788791116.386,1788790630.6,78.66189,16.93070883333333,True,1
1788791116.587,1788790630.8,78.661889,16.930725166666665,True,1
1788791116.789,1788790631.0,78.66188783333334,16.930741666666666,True,1
1788791116.986,1788790631.2,78.66188666666667,16.930758166666667,True,1
1788791117.184,1788790631.4,78.66188566666666,16.9307745,True,1
1788791117.384,1788790631.6,78.6618845,16.930790666666667,True,1
1788791117.585,1788790631.8,78.66188333333334,16.930807,True,1
1788791117.787,1788790632.0,78.66188233333334,16.9308235,True,1
1788791117.985,1788790632.2,78.66188116666667,16.93084,True,1
1788791118.185,1788790632.4,78.66188016666666,16.930856666666667,True,1
1788791118.384,1788790632.6,78.661879,16.930873166666668,True,1
1788791118.583,1788790632.8,78.66187799999999,16.93088983333333,True,1
1788791118.786,1788790633.0,78.66187683333332,16.930906333333333,True,1
1788791118.987,1788790633.2,78.66187566666667,16.930923,True,1
1788791119.186,1788790633.4,78.66187466666666,16.930939666666667,True,1
1788791119.385,1788790633.6,78.6618735,16.930956499999997,True,1
1788791119.584,1788790633.8,78.6618725,16.930972999999998,True,1
1788791119.786,1788790634.0,78.66187133333332,16.9309895,True,1
1788791119.983,1788790634.2,78.66187033333334,16.931006,True,1
1788791120.184,1788790634.4,78.66186916666668,16.931022666666667,True,1
1788791120.384,1788790634.6,78.66186816666666,16.931039333333334,True,1
1788791120.583,1788790634.8,78.661867,16.931056,True,1
1788791120.785,1788790635.0,78.66186599999999,16.93107266666667,True,1
1788791120.984,1788790635.2,78.66186483333333,16.931089166666666,True,1
1788791121.183,1788790635.4,78.66186383333334,16.931105833333334,True,1
1788791121.381,1788790635.6,78.66186266666666,16.9311225,True,1
1788791121.582,1788790635.8,78.66186166666667,16.931139166666664,True,1
1788791121.786,1788790636.0,78.66186066666667,16.93115583333333,True,1
1788791121.986,1788790636.2,78.6618595,16.931172333333333,True,1
1788791122.187,1788790636.4,78.66185850000001,16.931188833333334,True,1
1788791122.385,1788790636.6,78.6618575,16.93120533333333,True,1
1788791122.584,1788790636.8,78.66185633333333,16.931222166666664,True,1
1788791122.783,1788790637.0,78.66185533333334,16.931238666666665,True,1
1788791122.983,1788790637.2,78.66185433333334,16.931255166666666,True,1
1788791123.183,1788790637.4,78.66185333333333,16.931271833333334,True,1
1788791123.385,1788790637.6,78.66185233333334,16.931288333333335,True,1
1788791123.584,1788790637.8,78.66185133333333,16.931304833333336,True,1
1788791123.784,1788790638.0,78.66185033333333,16.931321500000003,True,1
1788791123.985,1788790638.2,78.66184933333334,16.931338166666666,True,1
1788791124.185,1788790638.4,78.66184816666667,16.931354833333334,True,1
1788791124.385,1788790638.6,78.66184716666666,16.9313715,True,1
1788791124.584,1788790638.8,78.66184616666666,16.931388333333334,True,1
1788791124.783,1788790639.0,78.66184516666667,16.931405166666664,True,1
1788791124.984,1788790639.2,78.66184416666667,16.931421666666665,True,1
1788791125.185,1788790639.4,78.66184316666666,16.931438500000002,True,1
1788791125.386,1788790639.6,78.66184216666667,16.93145516666667,True,1
1788791125.584,1788790639.8,78.66184116666666,16.931472,True,1
1788791125.784,1788790640.0,78.66184016666666,16.9314885,True,1
1788791125.986,1788790640.2,78.66183916666667,16.931505333333334,True,1
1788791126.185,1788790640.4,78.66183816666667,16.931522166666664,True,1
1788791126.386,1788790640.6,78.66183716666666,16.931539,True,1
1788791126.584,1788790640.8,78.66183616666667,16.931555666666668,True,1
1788791126.784,1788790641.0,78.66183516666666,16.931572333333335,True,1
1788791126.982,1788790641.2,78.66183416666667,16.931589166666665,True,1
1788791127.184,1788790641.4,78.66183316666667,16.931606,True,1
1788791127.385,1788790641.6,78.66183216666667,16.931622666666666,True,1
1788791127.585,1788790641.8,78.66183116666666,16.931639333333333,True,1
1788791127.787,1788790642.0,78.66183016666668,16.931655999999997,True,1
1788791127.984,1788790642.2,78.66182933333333,16.931672833333334,True,1
1788791128.185,1788790642.4,78.66182833333333,16.931689666666667,True,1
1788791128.383,1788790642.6,78.66182733333333,16.9317065,True,1
1788791128.583,1788790642.8,78.6618265,16.931722999999998,True,1
1788791128.784,1788790643.0,78.6618255,16.9317395,True,1
1788791128.984,1788790643.2,78.6618245,16.931755666666668,True,1
1788791129.185,1788790643.4,78.66182350000001,16.931771333333334,True,1
1788791129.384,1788790643.6,78.6618225,16.93178633333333,True,1
1788791129.582,1788790643.8,78.6618215,16.931800666666668,True,1
1788791129.784,1788790644.0,78.66182033333332,16.93181433333333,True,1
1788791129.986,1788790644.2,78.66181916666666,16.9318275,True,1
1788791130.186,1788790644.4,78.66181783333333,16.9318405,True,1
1788791130.385,1788790644.6,78.66181633333333,16.931853166666667,True,1
1788791130.585,1788790644.8,78.66181483333334,16.9318655,True,1
1788791130.782,1788790645.0,78.66181316666666,16.93187783333333,True,1
1788791130.982,1788790645.2,78.66181150000001,16.931889333333334,True,1
1788791131.182,1788790645.4,78.66180966666667,16.931899833333333,True,1
1788791131.382,1788790645.6,78.66180783333333,16.931910333333335,True,1
1788791131.582,1788790645.8,78.661806,16.931920333333334,True,1
1788791131.783,1788790646.0,78.66180383333334,16.931929833333335,True,1
1788791131.982,1788790646.2,78.66180166666666,16.931939,True,1
1788791132.184,1788790646.4,78.66179933333333,16.931947166666664,True,1
1788791132.383,1788790646.6,78.66179699999999,16.93195516666667,True,1
1788791132.585,1788790646.8,78.66179466666668,16.931962333333335,True,1
1788791132.787,1788790647.0,78.66179216666666,16.931969,True,1
1788791132.984,1788790647.2,78.66178966666666,16.931975166666668,True,1
1788791133.185,1788790647.4,78.66178716666667,16.931981,True,1
1788791133.386,1788790647.6,78.66178450000001,16.931986333333334,True,1
1788791133.584,1788790647.8,78.66178183333334,16.931991166666666,True,1
1788791133.784,1788790648.0,78.66177916666668,16.93199566666667,True,1
1788791133.985,1788790648.2,78.66177633333334,16.93200016666667,True,1
1788791134.186,1788790648.4,78.66177333333333,16.932004833333334,True,1
1788791134.389,1788790648.6,78.66177033333334,16.932009833333332,True,1
1788791134.583,1788790648.8,78.66176716666668,16.932014666666664,True,1
1788791134.785,1788790649.0,78.66176399999999,16.932019833333335,True,1
1788791134.984,1788790649.2,78.66176083333333,16.932025166666666,True,1
1788791135.182,1788790649.4,78.66175783333333,16.9320305,True,1
1788791135.384,1788790649.6,78.661755,16.932035499999998,True,1
1788791135.584,1788790649.8,78.66175233333334,16.932041166666668,True,1
1788791135.786,1788790650.0,78.66174966666668,16.932047166666667,True,1
1788791135.986,1788790650.2,78.66174716666666,16.932053333333332,True,1
1788791136.187,1788790650.4,78.66174466666666,16.932060333333332,True,1
1788791136.386,1788790650.6,78.66174216666667,16.932067500000002,True,1
1788791136.584,1788790650.8,78.66173983333333,16.932075166666667,True,1
1788791136.785,1788790651.0,78.6617375,16.93208333333333,True,1
1788791136.988,1788790651.2,78.66173516666666,16.932092166666667,True,1
1788791137.186,1788790651.4,78.661733,16.932101,True,1
1788791137.386,1788790651.6,78.66173083333334,16.932110333333334,True,1
1788791137.585,1788790651.8,78.661729,16.932119833333335,True,1
1788791137.787,1788790652.0,78.66172733333333,16.9321295,True,1
1788791137.983,1788790652.2,78.66172566666667,16.932139666666668,True,1
1788791138.186,1788790652.4,78.66172416666667,16.932150166666666,True,1
1788791138.387,1788790652.6,78.66172266666668,16.932160833333334,True,1
1788791138.587,1788790652.8,78.66172150000001,16.932171333333333,True,1
1788791138.787,1788790653.0,78.66172016666665,16.932182166666667,True,1
1788791138.988,1788790653.2,78.66171899999999,16.932194,True,1
1788791139.188,1788790653.4,78.66171800000001,16.932206333333333,True,1
1788791139.387,1788790653.6,78.661717,16.932219166666666,True,1
1788791139.585,1788790653.8,78.66171616666666,16.932232,True,1
1788791139.785,1788790654.0,78.66171533333333,16.932245,True,1
1788791139.985,1788790654.2,78.66171466666667,16.932258666666666,True,1
1788791140.185,1788790654.4,78.66171416666666,16.932272333333334,True,1
1788791140.385,1788790654.6,78.66171366666667,16.9322865,True,1
1788791140.584,1788790654.8,78.66171333333334,16.9323005,True,1
1788791140.785,1788790655.0,78.66171299999999,16.932315333333335,True,1
1788791140.987,1788790655.2,78.66171266666667,16.932330666666665,True,1
1788791141.184,1788790655.4,78.66171233333333,16.932346166666665,True,1
1788791141.386,1788790655.6,78.66171200000001,16.932362,True,1
1788791141.585,1788790655.8,78.6617115,16.932377666666664,True,1
1788791141.786,1788790656.0,78.661711,16.932393,True,1
1788791141.985,1788790656.2,78.66171033333333,16.9324075,True,1
1788791142.182,1788790656.4,78.66170966666667,16.932421666666666,True,1
1788791142.384,1788790656.6,78.661709,16.932435166666668,True,1
1788791142.584,1788790656.8,78.661708,16.93244866666667,True,1
1788791142.787,1788790657.0,78.66170699999999,16.932461999999997,True,1
1788791142.984,1788790657.2,78.66170583333333,16.932475166666666,True,1
1788791143.183,1788790657.4,78.66170466666668,16.932488333333332,True,1
1788791143.382,1788790657.6,78.66170333333334,16.93250116666667,True,1
1788791143.584,1788790657.8,78.661702,16.932514,True,1
1788791143.787,1788790658.0,78.66170050000001,16.932526666666668,True,1
1788791143.986,1788790658.2,78.66169883333333,16.93253866666667,True,1
1788791144.186,1788790658.4,78.66169716666667,16.932550499999998,True,1
1788791144.388,1788790658.6,78.66169533333333,16.932560833333334,True,1
1788791144.586,1788790658.8,78.6616935,16.932569333333333,True,1
1788791144.783,1788790659.0,78.66169166666667,16.932577833333333,True,1
1788791144.983,1788790659.2,78.6616895,16.93258816666667,True,1
1788791145.182,1788790659.4,78.66168733333333,16.932598166666665,True,1
1788791145.384,1788790659.6,78.66168516666667,16.932608166666668,True,1
1788791145.582,1788790659.8,78.66168283333333,16.9326185,True,1
1788791145.785,1788790660.0,78.66168033333334,16.93262916666667,True,1
1788791145.983,1788790660.2,78.66167783333334,16.932640166666665,True,1
1788791146.184,1788790660.4,78.66167516666665,16.93265116666667,True,1
1788791146.385,1788790660.6,78.6616725,16.9326625,True,1
1788791146.586,1788790660.8,78.66167,16.93267366666667,True,1
1788791146.786,1788790661.0,78.66166733333333,16.932684666666667,True,1
1788791146.987,1788790661.2,78.66166483333333,16.932695833333334,True,1
1788791147.186,1788790661.4,78.66166216666667,16.932707,True,1
1788791147.386,1788790661.6,78.66165966666668,16.932717833333335,True,1
1788791147.584,1788790661.8,78.661657,16.932729166666665,True,1
1788791147.788,1788790662.0,78.6616545,16.93274016666667,True,1
1788791147.986,1788790662.2,78.66165183333332,16.932751166666666,True,1
1788791148.186,1788790662.4,78.66164933333333,16.93276266666667,True,1
1788791148.386,1788790662.6,78.66164666666667,16.932773833333332,True,1
1788791148.585,1788790662.8,78.661644,16.932785000000003,True,1
1788791148.787,1788790663.0,78.6616415,16.9327965,True,1
1788791148.984,1788790663.2,78.66163883333334,16.932807833333335,True,1
1788791149.187,1788790663.4,78.66163616666667,16.932819166666665,True,1
1788791149.387,1788790663.6,78.66163350000001,16.932830333333335,True,1
1788791149.586,1788790663.8,78.66163083333332,16.932841666666665,True,1
1788791149.787,1788790664.0,78.66162816666666,16.93285266666667,True,1
1788791149.987,1788790664.2,78.66162566666667,16.932863666666666,True,1
1788791150.188,1788790664.4,78.66162299999999,16.932874833333337,True,1
1788791150.384,1788790664.6,78.6616205,16.932885833333334,True,1
1788791150.586,1788790664.8,78.661618,16.932896500000002,True,1
1788791150.798,1788790665.0,78.66161566666666,16.9329075,True,1
1788791150.985,1788790665.2,78.66161333333334,16.932918833333336,True,1
1788791151.186,1788790665.4,78.66161083333333,16.932929833333333,True,1
1788791151.385,1788790665.6,78.6616085,16.93294116666667,True,1
1788791151.584,1788790665.8,78.66160616666666,16.932952333333333,True,1
1788791151.784,1788790666.0,78.66160383333333,16.932963833333336,True,1
1788791151.985,1788790666.2,78.6616015,16.93297533333333,True,1
1788791152.185,1788790666.4,78.66159933333333,16.932987333333333,True,1
1788791152.386,1788790666.6,78.661597,16.932999,True,1
1788791152.587,1788790666.8,78.66159483333333,16.933010833333334,True,1
1788791152.786,1788790667.0,78.66159266666666,16.9330225,True,1
1788791152.986,1788790667.2,78.6615905,16.933034833333334,True,1
1788791153.185,1788790667.4,78.66158850000001,16.933047,True,1
1788791153.386,1788790667.6,78.66158633333333,16.933059333333333,True,1
1788791153.587,1788790667.8,78.66158433333334,16.933071833333333,True,1
1788791153.786,1788790668.0,78.66158233333334,16.933084333333333,True,1
1788791153.986,1788790668.2,78.66158033333333,16.933097166666666,True,1
1788791154.187,1788790668.4,78.66157833333334,16.93311,True,1
1788791154.384,1788790668.6,78.6615765,16.933123000000002,True,1
1788791154.584,1788790668.8,78.66157466666667,16.933136166666667,True,1
1788791154.788,1788790669.0,78.66157283333334,16.93314966666667,True,1
1788791154.985,1788790669.2,78.66157116666666,16.933163166666667,True,1
1788791155.184,1788790669.4,78.6615695,16.933176833333334,True,1
1788791155.385,1788790669.6,78.66156783333332,16.93319166666667,True,1
1788791155.584,1788790669.8,78.66156616666667,16.933207,True,1
1788791155.786,1788790670.0,78.66156433333335,16.933222999999998,True,1
1788791155.984,1788790670.2,78.66156266666667,16.933238666666668,True,1
1788791156.184,1788790670.4,78.66156083333334,16.93325433333333,True,1
1788791156.385,1788790670.6,78.661559,16.933270333333333,True,1
1788791156.584,1788790670.8,78.66155716666667,16.933286333333335,True,1
1788791156.786,1788790671.0,78.66155533333334,16.933302166666667,True,1
1788791156.986,1788790671.2,78.66155350000001,16.933317833333334,True,1
1788791157.185,1788790671.4,78.66155166666667,16.933333166666667,True,1
1788791157.385,1788790671.6,78.66155,16.9333485,True,1
1788791157.586,1788790671.8,78.66154816666668,16.933363999999997,True,1
1788791157.787,1788790672.0,78.66154633333333,16.93337916666667,True,1
1788791157.987,1788790672.2,78.66154466666667,16.93339466666667,True,1
1788791158.186,1788790672.4,78.66154283333334,16.933409833333332,True,1
1788791158.386,1788790672.6,78.66154116666667,16.933424833333333,True,1
1788791158.586,1788790672.8,78.66153949999999,16.933440333333333,True,1
1788791158.784,1788790673.0,78.66153766666666,16.933455666666667,True,1
1788791158.985,1788790673.2,78.661536,16.933470833333335,True,1
1788791159.186,1788790673.4,78.66153416666666,16.933485833333336,True,1
1788791159.385,1788790673.6,78.6615325,16.933501333333332,True,1
1788791159.583,1788790673.8,78.66153066666668,16.933516833333332,True,1
1788791159.786,1788790674.0,78.661529,16.933532166666666,True,1
1788791159.982,1788790674.2,78.66152733333334,16.933547666666666,True,1
1788791160.185,1788790674.4,78.6615255,16.933562666666667,True,1
1788791160.386,1788790674.6,78.66152366666667,16.933578,True,1
1788791160.585,1788790674.8,78.661522,16.93359333333333,True,1
1788791160.786,1788790675.0,78.66152016666666,16.9336085,True,1
1788791160.986,1788790675.2,78.6615185,16.933623666666666,True,1
1788791161.186,1788790675.4,78.66151683333332,16.933638666666663,True,1
1788791161.383,1788790675.6,78.661515,16.9336535,True,1
1788791161.584,1788790675.8,78.66151333333333,16.9336685,True,1
1788791161.785,1788790676.0,78.6615115,16.933683499999997,True,1
1788791161.984,1788790676.2,78.66150983333334,16.9336985,True,1
1788791162.184,1788790676.4,78.66150816666666,16.9337135,True,1
1788791162.385,1788790676.6,78.6615065,16.933728499999997,True,1
1788791162.584,1788790676.8,78.66150466666666,16.933743333333332,True,1
1788791162.783,1788790677.0,78.661503,16.9337585,True,1
1788791162.986,1788790677.2,78.66150133333333,16.933773666666664,True,1
1788791163.187,1788790677.4,78.66149966666667,16.93378883333333,True,1
1788791163.386,1788790677.6,78.661498,16.933803833333332,True,1
1788791163.585,1788790677.8,78.66149633333333,16.93381883333333,True,1
1788791163.79,1788790678.0,78.66149466666667,16.93383383333333,True,1
1788791163.986,1788790678.2,78.66149300000001,16.933849000000002,True,1
1788791164.184,1788790678.4,78.66149133333333,16.93386416666667,True,1
1788791164.386,1788790678.6,78.66148966666667,16.933879166666667,True,1
1788791164.586,1788790678.8,78.66148799999999,16.933894333333335,True,1
1788791164.791,1788790679.0,78.66148633333334,16.93390966666667,True,1
1788791164.987,1788790679.2,78.66148466666667,16.933924833333332,True,1
1788791165.184,1788790679.4,78.661483,16.93394,True,1
1788791165.383,1788790679.6,78.66148133333333,16.933955333333333,True,1
1788791165.582,1788790679.8,78.66147966666668,16.9339705,True,1
1788791165.786,1788790680.0,78.661478,16.933986,True,1
1788791165.992,1788790680.2,78.66147633333334,16.934001000000002,True,1
1788791166.184,1788790680.4,78.66147466666666,16.934016166666666,True,1
1788791166.384,1788790680.6,78.66147299999999,16.934031333333333,True,1
1788791166.588,1788790680.8,78.66147133333334,16.934046666666667,True,1
1788791166.788,1788790681.0,78.66146966666666,16.93406183333333,True,1
1788791166.986,1788790681.2,78.661468,16.934076833333332,True,1
1788791167.186,1788790681.4,78.66146633333332,16.93409216666667,True,1
1788791167.386,1788790681.6,78.66146466666667,16.934107666666666,True,1
1788791167.584,1788790681.8,78.661463,16.934122833333333,True,1
1788791167.785,1788790682.0,78.66146133333334,16.934137833333335,True,1
1788791167.986,1788790682.2,78.66145966666666,16.934153,True,1
1788791168.186,1788790682.4,78.661458,16.934168333333332,True,1
1788791168.385,1788790682.6,78.6614565,16.93418366666667,True,1
1788791168.586,1788790682.8,78.66145483333334,16.934198833333333,True,1
1788791168.787,1788790683.0,78.66145316666666,16.934214,True,1
1788791168.986,1788790683.2,78.66145150000001,16.934229000000002,True,1
1788791169.188,1788790683.4,78.66144983333334,16.934244166666666,True,1
1788791169.387,1788790683.6,78.66144816666666,16.934259333333333,True,1
1788791169.586,1788790683.8,78.6614465,16.9342745,True,1
1788791169.786,1788790684.0,78.66144483333333,16.934289666666665,True,1
1788791169.986,1788790684.2,78.66144316666667,16.934305,True,1
1788791170.185,1788790684.4,78.6614415,16.934320333333336,True,1
1788791170.386,1788790684.6,78.66143983333333,16.9343355,True,1
1788791170.584,1788790684.8,78.66143816666666,16.934350833333333,True,1
1788791170.785,1788790685.0,78.66143650000001,16.934366166666667,True,1
1788791170.983,1788790685.2,78.66143466666668,16.934381499999997,True,1
1788791171.183,1788790685.4,78.661433,16.934397166666667,True,1
1788791171.386,1788790685.6,78.66143133333334,16.934412333333334,True,1
1788791171.584,1788790685.8,78.66142966666666,16.934427666666668,True,1
1788791171.784,1788790686.0,78.66142799999999,16.934442999999998,True,1
1788791171.985,1788790686.2,78.66142616666666,16.934458,True,1
1788791172.183,1788790686.4,78.66142450000001,16.934473,True,1
1788791172.384,1788790686.6,78.66142283333333,16.934488333333334,True,1
1788791172.585,1788790686.8,78.66142116666667,16.934503166666666,True,1
1788791172.784,1788790687.0,78.6614195,16.934518166666667,True,1
1788791172.984,1788790687.2,78.66141766666667,16.93453333333333,True,1
1788791173.185,1788790687.4,78.66141599999999,16.934548333333332,True,1
1788791173.385,1788790687.6,78.66141433333334,16.934563333333333,True,1
1788791173.584,1788790687.8,78.66141266666666,16.934578666666667,True,1
1788791173.783,1788790688.0,78.66141083333333,16.934593666666668,True,1
1788791173.986,1788790688.2,78.66140916666667,16.93460866666667,True,1
1788791174.186,1788790688.4,78.6614075,16.934623666666667,True,1
1788791174.385,1788790688.6,78.66140566666667,16.934638666666668,True,1
1788791174.584,1788790688.8,78.66140399999999,16.934653833333336,True,1
1788791174.786,1788790689.0,78.66140233333334,16.934668833333333,True,1
1788791174.989,1788790689.2,78.66140066666667,16.934684166666667,True,1
1788791175.182,1788790689.4,78.661399,16.934699333333334,True,1
1788791175.385,1788790689.6,78.66139716666666,16.9347145,True,1
1788791175.582,1788790689.8,78.6613955,16.934729833333332,True,1
1788791175.783,1788790690.0,78.66139383333334,16.934745000000003,True,1
1788791175.984,1788790690.2,78.66139216666667,16.93476,True,1
1788791176.185,1788790690.4,78.6613905,16.934775166666668,True,1
1788791176.385,1788790690.6,78.661389,16.934790333333336,True,1
1788791176.583,1788790690.8,78.66138733333334,16.934805666666666,True,1
1788791176.786,1788790691.0,78.66138566666667,16.934820666666667,True,1
1788791176.987,1788790691.2,78.661384,16.934835666666668,True,1
1788791177.187,1788790691.4,78.66138233333332,16.934851,True,1
1788791177.387,1788790691.6,78.66138066666667,16.934866333333332,True,1
1788791177.585,1788790691.8,78.661379,16.9348815,True,1
1788791177.787,1788790692.0,78.66137733333333,16.934896833333333,True,1
1788791177.983,1788790692.2,78.66137566666666,16.934911833333334,True,1
1788791178.184,1788790692.4,78.661374,16.934927000000002,True,1
1788791178.384,1788790692.6,78.66137233333333,16.934942166666666,True,1
1788791178.584,1788790692.8,78.66137066666667,16.934957333333333,True,1
1788791178.785,1788790693.0,78.661369,16.9349725,True,1
1788791178.984,1788790693.2,78.66136733333333,16.93498783333333,True,1
1788791179.184,1788790693.4,78.66136566666667,16.935003,True,1
1788791179.384,1788790693.6,78.661364,16.935018333333336,True,1
1788791179.586,1788790693.8,78.66136233333333,16.935033666666666,True,1
1788791179.786,1788790694.0,78.66136083333335,16.935048833333333,True,1
1788791179.985,1788790694.2,78.66135916666667,16.935064166666667,True,1
1788791180.185,1788790694.4,78.6613575,16.93507933333333,True,1
1788791180.385,1788790694.6,78.66135583333333,16.935094499999998,True,1
1788791180.587,1788790694.8,78.66135416666665,16.935109833333335,True,1
1788791180.786,1788790695.0,78.6613525,16.935124833333337,True,1
1788791180.987,1788790695.2,78.66135083333333,16.935140333333333,True,1
1788791181.184,1788790695.4,78.66134916666667,16.935155666666667,True,1
1788791181.391,1788790695.6,78.66134749999999,16.935171,True,1
1788791181.582,1788790695.8,78.66134600000001,16.935186166666664,True,1
1788791181.785,1788790696.0,78.66134433333333,16.935201833333334,True,1
1788791181.982,1788790696.2,78.66134266666667,16.935217166666668,True,1
1788791182.183,1788790696.4,78.661341,16.935232499999998,True,1
1788791182.385,1788790696.6,78.6613395,16.935247833333335,True,1
1788791182.585,1788790696.8,78.66133783333333,16.93526316666667,True,1
1788791182.785,1788790697.0,78.66133616666666,16.935278333333333,True,1
1788791182.986,1788790697.2,78.66133450000001,16.935293666666666,True,1
1788791183.186,1788790697.4,78.661333,16.935309,True,1
1788791183.387,1788790697.6,78.66133133333332,16.935324166666664,True,1
1788791183.587,1788790697.8,78.66132966666667,16.9353395,True,1
1788791183.786,1788790698.0,78.661328,16.935354833333335,True,1
1788791183.986,1788790698.2,78.6613265,16.935370166666665,True,1
1788791184.187,1788790698.4,78.66132483333334,16.935385666666665,True,1
1788791184.387,1788790698.6,78.66132333333333,16.935401000000002,True,1
1788791184.586,1788790698.8,78.66132166666667,16.935416333333333,True,1
1788791184.784,1788790699.0,78.66132016666667,16.935432,True,1
1788791184.988,1788790699.2,78.66131850000001,16.93544766666667,True,1
1788791185.186,1788790699.4,78.661317,16.93546316666667,True,1
1788791185.385,1788790699.6,78.66131533333333,16.93547883333333,True,1
1788791185.584,1788790699.8,78.66131366666667,16.935494333333335,True,1
1788791185.785,1788790700.0,78.66131216666666,16.935509833333334,True,1
1788791185.985,1788790700.2,78.6613105,16.93552533333333,True,1
1788791186.184,1788790700.4,78.661309,16.935540833333334,True,1
1788791186.385,1788790700.6,78.66130733333333,16.935556333333334,True,1
1788791186.584,1788790700.8,78.66130583333333,16.93557183333333,True,1
1788791186.787,1788790701.0,78.66130433333333,16.9355875,True,1
1788791186.985,1788790701.2,78.66130266666667,16.935602833333334,True,1
1788791187.185,1788790701.4,78.66130116666666,16.935618499999997,True,1
1788791187.384,1788790701.6,78.6612995,16.935633833333334,True,1
1788791187.583,1788790701.8,78.661298,16.935649666666666,True,1
1788791187.787,1788790702.0,78.66129649999999,16.935665333333336,True,1
1788791187.986,1788790702.2,78.66129483333334,16.935680833333333,True,1
1788791188.186,1788790702.4,78.66129333333333,16.935696333333333,True,1
1788791188.385,1788790702.6,78.66129183333334,16.93571216666667,True,1
1788791188.587,1788790702.8,78.66129016666667,16.935727999999997,True,1
1788791188.788,1788790703.0,78.66128866666666,16.935743666666667,True,1
1788791188.984,1788790703.2,78.66128716666667,16.935759333333333,True,1
1788791189.186,1788790703.4,78.66128566666666,16.935775,True,1
1788791189.385,1788790703.6,78.66128416666668,16.935790833333332,True,1
1788791189.583,1788790703.8,78.6612825,16.9358065,True,1
1788791189.786,1788790704.0,78.66128099999999,16.935822166666664,True,1
1788791189.985,1788790704.2,78.6612795,16.935837833333334,True,1
1788791190.186,1788790704.4,78.661278,16.935853666666667,True,1
1788791190.385,1788790704.6,78.6612765,16.935869500000003,True,1
1788791190.587,1788790704.8,78.66127483333334,16.935885166666665,True,1
1788791190.786,1788790705.0,78.66127333333334,16.935901,True,1
1788791190.985,1788790705.2,78.66127183333333,16.935916666666667,True,1
1788791191.187,1788790705.4,78.66127033333333,16.935932166666664,True,1
1788791191.386,1788790705.6,78.66126883333332,16.935947833333334,True,1
1788791191.585,1788790705.8,78.66126733333334,16.9359635,True,1
1788791191.795,1788790706.0,78.66126583333333,16.935979166666666,True,1
1788791191.984,1788790706.2,78.66126433333334,16.935995,True,1
1788791192.184,1788790706.4,78.66126283333332,16.936010666666668,True,1
1788791192.384,1788790706.6,78.66126116666666,16.936026666666667,True,1
1788791192.582,1788790706.8,78.66125966666667,16.9360425,True,1
1788791192.786,1788790707.0,78.66125816666666,16.9360585,True,1
1788791192.983,1788790707.2,78.66125666666667,16.936074333333334,True,1
1788791193.183,1788790707.4,78.66125516666666,16.9360905,True,1
1788791193.385,1788790707.6,78.66125366666667,16.9361065,True,1
1788791193.585,1788790707.8,78.66125216666666,16.936122333333334,True,1
1788791193.797,1788790708.0,78.66125066666667,16.93613816666667,True,1
1788791193.987,1788790708.2,78.66124916666666,16.936154166666665,True,1
1788791194.186,1788790708.4,78.66124766666667,16.936170333333333,True,1
1788791194.386,1788790708.6,78.66124616666666,16.93618616666667,True,1
1788791194.585,1788790708.8,78.66124466666666,16.936202166666664,True,1
1788791194.786,1788790709.0,78.66124316666667,16.936218166666666,True,1
1788791194.984,1788790709.2,78.66124166666667,16.936234000000002,True,1
1788791195.189,1788790709.4,78.66124016666666,16.936250166666664,True,1
1788791195.383,1788790709.6,78.66123866666666,16.936266,True,1
1788791195.583,1788790709.8,78.66123733333333,16.936282000000002,True,1
1788791195.784,1788790710.0,78.66123583333334,16.936297833333334,True,1
1788791195.982,1788790710.2,78.66123433333334,16.936313666666667,True,1
1788791196.184,1788790710.4,78.66123283333333,16.9363295,True,1
1788791196.383,1788790710.6,78.6612315,16.936345333333335,True,1
1788791196.585,1788790710.8,78.66122999999999,16.936360999999998,True,1
1788791196.787,1788790711.0,78.6612285,16.936376666666668,True,1
1788791196.986,1788790711.2,78.66122716666668,16.936392666666666,True,1
1788791197.186,1788790711.4,78.66122566666667,16.936408333333336,True,1
1788791197.385,1788790711.6,78.66122416666667,16.93642433333333,True,1
1788791197.583,1788790711.8,78.66122266666666,16.936440333333334,True,1
1788791197.785,1788790712.0,78.66122133333333,16.936456333333336,True,1
1788791197.985,1788790712.2,78.66121983333333,16.93647233333333,True,1
1788791198.185,1788790712.4,78.66121833333334,16.936488333333333,True,1
1788791198.386,1788790712.6,78.66121683333334,16.9365045,True,1
1788791198.585,1788790712.8,78.66121533333333,16.93652033333333,True,1
1788791198.786,1788790713.0,78.661214,16.936536333333333,True,1
1788791198.987,1788790713.2,78.66121249999999,16.936552333333335,True,1
1788791199.187,1788790713.4,78.66121116666666,16.936568333333334,True,1
1788791199.386,1788790713.6,78.66120966666668,16.936584166666666,True,1
1788791199.584,1788790713.8,78.66120816666667,16.936600166666665,True,1
1788791199.786,1788790714.0,78.66120683333334,16.936615833333335,True,1
1788791199.985,1788790714.2,78.66120533333333,16.936631833333333,True,1
1788791200.184,1788790714.4,78.661204,16.936647833333332,True,1
1788791200.386,1788790714.6,78.6612025,16.936663833333334,True,1
1788791200.584,1788790714.8,78.66120116666666,16.936679833333336,True,1
1788791200.784,1788790715.0,78.66119966666666,16.936695666666665,True,1
1788791200.984,1788790715.2,78.66119833333333,16.9367115,True,1
1788791201.184,1788790715.4,78.66119683333334,16.9367275,True,1
1788791201.385,1788790715.6,78.6611955,16.936743666666665,True,1
1788791201.585,1788790715.8,78.661194,16.936759666666667,True,1
1788791201.787,1788790716.0,78.66119266666666,16.936775666666666,True,1
1788791201.984,1788790716.2,78.66119116666667,16.936791666666668,True,1
1788791202.183,1788790716.4,78.66118983333334,16.936807666666667,True,1
1788791202.385,1788790716.6,78.66118833333333,16.9368235,True,1
1788791202.589,1788790716.8,78.661187,16.9368395,True,1
1788791202.782,1788790717.0,78.66118566666667,16.9368555,True,1
1788791202.982,1788790717.2,78.66118416666667,16.9368715,True,1
1788791203.184,1788790717.4,78.66118283333334,16.936887666666667,True,1
1788791203.383,1788790717.6,78.66118133333333,16.936903833333336,True,1
1788791203.583,1788790717.8,78.66118,16.936919666666665,True,1
1788791203.783,1788790718.0,78.6611785,16.936935666666667,True,1
1788791203.984,1788790718.2,78.66117716666666,16.936951833333335,True,1
1788791204.182,1788790718.4,78.66117566666667,16.93696783333333,True,1
1788791204.385,1788790718.6,78.66117433333334,16.936983833333333,True,1
1788791204.585,1788790718.8,78.66117283333332,16.936999833333335,True,1
1788791204.787,1788790719.0,78.6611715,16.937015666666664,True,1
1788791204.986,1788790719.2,78.66117,16.9370315,True,1
1788791205.187,1788790719.4,78.66116866666667,16.937047500000002,True,1
1788791205.389,1788790719.6,78.66116716666667,16.937063166666668,True,1
1788791205.583,1788790719.8,78.66116583333334,16.937079,True,1
1788791205.784,1788790720.0,78.66116433333333,16.937095,True,1
1788791205.982,1788790720.2,78.661163,16.937110833333335,True,1
1788791206.182,1788790720.4,78.66116149999999,16.937126499999998,True,1
1788791206.383,1788790720.6,78.66116000000001,16.937142333333334,True,1
1788791206.582,1788790720.8,78.66115866666668,16.937158,True,1
1788791206.784,1788790721.0,78.66115716666667,16.937173833333336,True,1
1788791206.981,1788790721.2,78.66115583333334,16.937189666666665,True,1
1788791207.187,1788790721.4,78.66115433333333,16.937205333333335,True,1
1788791207.386,1788790721.6,78.661153,16.937221,True,1
1788791207.584,1788790721.8,78.6611515,16.937236833333333,True,1
1788791207.788,1788790722.0,78.66114999999999,16.9372525,True,1
1788791207.985,1788790722.2,78.66114866666666,16.93726816666667,True,1
1788791208.187,1788790722.4,78.66114716666667,16.937283833333332,True,1
1788791208.385,1788790722.6,78.66114583333334,16.937299666666668,True,1
1788791208.584,1788790722.8,78.66114433333334,16.937315333333334,True,1
1788791208.784,1788790723.0,78.661143,16.93733116666667,True,1
1788791208.985,1788790723.2,78.6611415,16.937347,True,1
1788791209.185,1788790723.4,78.66113999999999,16.93736266666667,True,1
1788791209.384,1788790723.6,78.66113866666666,16.9373785,True,1
1788791209.582,1788790723.8,78.66113716666668,16.937394333333334,True,1
1788791209.788,1788790724.0,78.66113583333335,16.937410166666666,True,1
1788791209.986,1788790724.2,78.66113433333334,16.937425833333336,True,1
1788791210.187,1788790724.4,78.66113283333334,16.9374415,True,1
1788791210.387,1788790724.6,78.6611315,16.937457333333334,True,1
1788791210.586,1788790724.8,78.66113,16.937473,True,1
1788791210.786,1788790725.0,78.66112866666667,16.937488833333337,True,1
1788791210.986,1788790725.2,78.66112716666666,16.9375045,True,1
1788791211.184,1788790725.4,78.66112583333333,16.937520333333335,True,1
1788791211.385,1788790725.6,78.66112433333333,16.937536,True,1
1788791211.582,1788790725.8,78.661123,16.937552,True,1
1788791211.784,1788790726.0,78.66112150000001,16.937567833333333,True,1
1788791211.985,1788790726.2,78.66112016666666,16.93758366666667,True,1
1788791212.184,1788790726.4,78.66111866666667,16.937599499999997,True,1
1788791212.382,1788790726.6,78.66111733333334,16.937615333333333,True,1
1788791212.583,1788790726.8,78.66111583333333,16.937631333333332,True,1
1788791212.784,1788790727.0,78.6611145,16.937647166666668,True,1
1788791212.984,1788790727.2,78.66111316666667,16.93766283333333,True,1
1788791213.184,1788790727.4,78.66111166666666,16.9376785,True,1
1788791213.385,1788790727.6,78.66111033333333,16.937694333333333,True,1
1788791213.588,1788790727.8,78.66110883333334,16.937710166666665,True,1
1788791213.786,1788790728.0,78.6611075,16.937726166666668,True,1
1788791213.984,1788790728.2,78.66110616666667,16.937741833333334,True,1
1788791214.184,1788790728.4,78.66110466666667,16.9377575,True,1
1788791214.384,1788790728.6,78.66110316666666,16.937773166666666,True,1
1788791214.584,1788790728.8,78.66110183333333,16.937788666666666,True,1
1788791214.784,1788790729.0,78.66110033333332,16.937804500000002,True,1
1788791214.985,1788790729.2,78.661099,16.93782,True,1
1788791215.182,1788790729.4,78.66109750000001,16.937835833333335,True,1
1788791215.386,1788790729.6,78.66109616666667,16.9378515,True,1
1788791215.588,1788790729.8,78.66109466666667,16.937867333333333,True,1
1788791215.786,1788790730.0,78.66109333333334,16.937883166666666,True,1
1788791215.983,1788790730.2,78.66109183333333,16.937898833333335,True,1
1788791216.183,1788790730.4,78.66109033333333,16.937914499999998,True,1
1788791216.384,1788790730.6,78.66108899999999,16.937930333333334,True,1
1788791216.582,1788790730.8,78.6610875,16.937946,True,1
1788791216.785,1788790731.0,78.66108616666666,16.937961833333336,True,1
1788791216.984,1788790731.2,78.66108466666667,16.937977666666665,True,1
1788791217.183,1788790731.4,78.66108316666667,16.937993333333335,True,1
1788791217.386,1788790731.6,78.66108183333334,16.938009,True,1
1788791217.585,1788790731.8,78.66108033333333,16.938024833333333,True,1
1788791217.784,1788790732.0,78.661079,16.9380405,True,1
1788791217.983,1788790732.2,78.66107749999999,16.93805616666667,True,1
1788791218.185,1788790732.4,78.66107616666666,16.938072,True,1
1788791218.386,1788790732.6,78.66107466666668,16.938087833333334,True,1
1788791218.585,1788790732.8,78.66107316666667,16.9381035,True,1
1788791218.786,1788790733.0,78.66107183333334,16.938119333333336,True,1
1788791218.985,1788790733.2,78.66107033333333,16.938134833333333,True,1
1788791219.186,1788790733.4,78.661069,16.938150333333333,True,1
1788791219.385,1788790733.6,78.6610675,16.938166000000002,True,1
1788791219.585,1788790733.8,78.66106599999999,16.9381815,True,1
1788791219.786,1788790734.0,78.66106466666666,16.938197166666665,True,1
1788791219.991,1788790734.2,78.66106316666666,16.938212500000002,True,1
1788791220.185,1788790734.4,78.66106166666667,16.938228,True,1
1788791220.385,1788790734.6,78.66106016666666,16.9382435,True,1
1788791220.585,1788790734.8,78.66105883333333,16.93825916666667,True,1
1788791220.783,1788790735.0,78.66105733333333,16.93827483333333,True,1
1788791220.985,1788790735.2,78.66105583333334,16.938290166666665,True,1
1788791221.185,1788790735.4,78.66105433333334,16.938305833333335,True,1
1788791221.386,1788790735.6,78.66105283333333,16.938321499999997,True,1
1788791221.583,1788790735.8,78.66105133333333,16.938336833333334,True,1
1788791221.785,1788790736.0,78.66104983333334,16.9383525,True,1
1788791221.984,1788790736.2,78.66104833333334,16.938368166666667,True,1
1788791222.184,1788790736.4,78.66104683333333,16.9383835,True,1
1788791222.385,1788790736.6,78.66104533333333,16.938398833333334,True,1
1788791222.586,1788790736.8,78.66104383333332,16.9384145,True,1
1788791222.785,1788790737.0,78.66104216666666,16.93843,True,1
1788791222.983,1788790737.2,78.66104066666666,16.938445666666667,True,1
1788791223.181,1788790737.4,78.66103916666665,16.938461166666666,True,1
1788791223.383,1788790737.6,78.66103766666667,16.938476666666666,True,1
1788791223.58,1788790737.8,78.66103616666666,16.938492166666666,True,1
1788791223.785,1788790738.0,78.66103466666667,16.938507833333333,True,1
1788791223.985,1788790738.2,78.661033,16.938523166666666,True,1
1788791224.186,1788790738.4,78.6610315,16.938538666666666,True,1
1788791224.386,1788790738.6,78.66103,16.938554166666666,True,1
1788791224.586,1788790738.8,78.6610285,16.938569500000003,True,1
1788791224.786,1788790739.0,78.66102683333334,16.938584833333334,True,1
1788791224.986,1788790739.2,78.66102533333333,16.9386,True,1
1788791225.185,1788790739.4,78.66102366666668,16.93861516666667,True,1
1788791225.386,1788790739.6,78.66102216666667,16.938630666666665,True,1
1788791225.586,1788790739.8,78.66102066666667,16.938645833333332,True,1
1788791225.79,1788790740.0,78.661019,16.93866116666667,True,1
1788791226.0,1788790740.2,78.6610175,16.938676166666667,True,1
1788791226.181,1788790740.4,78.66101583333334,16.938691333333335,True,1
1788791226.382,1788790740.6,78.66101416666667,16.93870666666667,True,1
1788791226.584,1788790740.8,78.6610125,16.938722,True,1
1788791226.784,1788790741.0,78.66101099999999,16.938737333333332,True,1
1788791226.985,1788790741.2,78.66100933333334,16.93875266666667,True,1
1788791227.186,1788790741.4,78.66100766666666,16.938767833333333,True,1
1788791227.387,1788790741.6,78.661006,16.938782833333335,True,1
1788791227.584,1788790741.8,78.66100433333332,16.93879816666667,True,1
1788791227.785,1788790742.0,78.66100266666668,16.938813333333332,True,1
1788791227.985,1788790742.2,78.661001,16.938828333333333,True,1
1788791228.185,1788790742.4,78.66099933333334,16.9388435,True,1
1788791228.387,1788790742.6,78.66099766666666,16.938858666666665,True,1
1788791228.586,1788790742.8,78.660996,16.938873666666666,True,1
1788791228.786,1788790743.0,78.66099433333333,16.938888666666667,True,1
1788791228.984,1788790743.2,78.66099266666667,16.9389035,True,1
1788791229.187,1788790743.4,78.66099083333333,16.9389185,True,1
1788791229.387,1788790743.6,78.66098916666667,16.93893316666667,True,1
1788791229.585,1788790743.8,78.66098733333334,16.938948166666666,True,1
1788791229.787,1788790744.0,78.66098566666666,16.938963,True,1
1788791229.986,1788790744.2,78.66098383333333,16.938977833333336,True,1
1788791230.185,1788790744.4,78.66098216666666,16.938992499999998,True,1
1788791230.384,1788790744.6,78.66098033333333,16.939007333333333,True,1
1788791230.587,1788790744.8,78.6609785,16.939022,True,1
1788791230.784,1788790745.0,78.66097683333334,16.939036833333333,True,1
1788791230.986,1788790745.2,78.660975,16.9390515,True,1
1788791231.184,1788790745.4,78.66097316666666,16.939066166666667,True,1
1788791231.385,1788790745.6,78.66097133333332,16.939080833333332,True,1
1788791231.585,1788790745.8,78.6609695,16.939095666666667,True,1
1788791231.784,1788790746.0,78.66096766666666,16.93911016666667,True,1
1788791231.985,1788790746.2,78.66096583333334,16.939124833333334,True,1
1788791232.185,1788790746.4,78.66096399999999,16.9391395,True,1
1788791232.384,1788790746.6,78.66096216666666,16.939154166666665,True,1
1788791232.584,1788790746.8,78.66096016666667,16.939168666666667,True,1
1788791232.785,1788790747.0,78.66095833333334,16.939183500000002,True,1
1788791232.985,1788790747.2,78.66095650000001,16.93919783333333,True,1
1788791233.182,1788790747.4,78.66095449999999,16.939212333333334,True,1
1788791233.384,1788790747.6,78.66095266666666,16.939226833333333,True,1
1788791233.582,1788790747.8,78.66095066666666,16.939241166666665,True,1
1788791233.786,1788790748.0,78.66094883333334,16.9392555,True,1
1788791233.984,1788790748.2,78.66094683333334,16.93927,True,1
1788791234.189,1788790748.4,78.66094483333333,16.939284166666667,True,1
1788791234.385,1788790748.6,78.66094283333334,16.9392985,True,1
1788791234.582,1788790748.8,78.66094100000001,16.939312500000003,True,1
1788791234.786,1788790749.0,78.660939,16.939326666666666,True,1
1788791234.986,1788790749.2,78.660937,16.9393405,True,1
1788791235.186,1788790749.4,78.66093500000001,16.93935433333333,True,1
1788791235.386,1788790749.6,78.66093300000001,16.939368,True,1
1788791235.586,1788790749.8,78.66093099999999,16.939382000000002,True,1
1788791235.787,1788790750.0,78.660929,16.939395666666666,True,1
1788791235.989,1788790750.2,78.66092683333333,16.939409,True,1
1788791236.186,1788790750.4,78.66092483333334,16.9394225,True,1
1788791236.383,1788790750.6,78.66092283333334,16.939436166666667,True,1
1788791236.583,1788790750.8,78.66092066666667,16.939449833333335,True,1
1788791236.783,1788790751.0,78.66091866666667,16.939463166666666,True,1
1788791236.983,1788790751.2,78.6609165,16.939476666666668,True,1
1788791237.183,1788790751.4,78.66091433333332,16.939490166666666,True,1
1788791237.384,1788790751.6,78.66091233333333,16.9395035,True,1
1788791237.584,1788790751.8,78.66091016666665,16.939516833333336,True,1
1788791237.786,1788790752.0,78.660908,16.939529999999998,True,1
1788791237.983,1788790752.2,78.66090583333333,16.939543166666667,True,1
1788791238.184,1788790752.4,78.66090366666667,16.9395565,True,1
1788791238.386,1788790752.6,78.6609015,16.9395695,True,1
1788791238.585,1788790752.8,78.66089933333333,16.939582499999997,True,1
1788791238.785,1788790753.0,78.66089716666667,16.939595666666666,True,1
1788791238.983,1788790753.2,78.66089483333333,16.939608500000002,True,1
1788791239.183,1788790753.4,78.66089266666667,16.939621499999998,True,1
1788791239.385,1788790753.6,78.66089050000001,16.939634333333334,True,1
1788791239.585,1788790753.8,78.66088816666667,16.939647166666667,True,1
1788791239.784,1788790754.0,78.66088599999999,16.939659833333334,True,1
1788791239.982,1788790754.2,78.66088366666666,16.93967266666667,True,1
1788791240.184,1788790754.4,78.6608815,16.939685333333333,True,1
1788791240.385,1788790754.6,78.66087916666667,16.939697833333334,True,1
1788791240.586,1788790754.8,78.66087683333333,16.9397105,True,1
1788791240.786,1788790755.0,78.6608745,16.939722833333335,True,1
1788791240.988,1788790755.2,78.66087216666666,16.939735499999998,True,1
1788791241.185,1788790755.4,78.66086983333334,16.939747666666666,True,1
1788791241.383,1788790755.6,78.6608675,16.939760333333332,True,1
1788791241.584,1788790755.8,78.66086516666665,16.939772666666666,True,1
1788791241.785,1788790756.0,78.66086283333334,16.939784999999997,True,1
1788791241.985,1788790756.2,78.6608605,16.939797333333335,True,1
1788791242.185,1788790756.4,78.660858,16.93980966666667,True,1
1788791242.385,1788790756.6,78.66085566666668,16.939821833333333,True,1
1788791242.583,1788790756.8,78.66085316666666,16.939834166666667,True,1
1788791242.78,1788790757.0,78.66085083333334,16.939846333333332,True,1
1788791242.984,1788790757.2,78.66084833333333,16.939858333333333,True,1
1788791243.185,1788790757.4,78.66084583333333,16.939870666666664,True,1
1788791243.383,1788790757.6,78.66084333333333,16.939882666666666,True,1
1788791243.584,1788790757.8,78.66084083333334,16.939894666666664,True,1
1788791243.784,1788790758.0,78.66083833333333,16.9399065,True,1
1788791243.985,1788790758.2,78.66083566666666,16.939918499999997,True,1
1788791244.183,1788790758.4,78.66083316666666,16.939930333333333,True,1
1788791244.385,1788790758.6,78.66083066666667,16.939942,True,1
1788791244.583,1788790758.8,78.66082816666668,16.939953666666668,True,1
1788791244.783,1788790759.0,78.6608255,16.939964999999997,True,1
1788791244.983,1788790759.2,78.660823,16.939976666666666,True,1
1788791245.183,1788790759.4,78.6608205,16.93998783333333,True,1
1788791245.385,1788790759.6,78.66081783333334,16.939999166666666,True,1
1788791245.581,1788790759.8,78.66081533333333,16.940010500000003,True,1
1788791245.785,1788790760.0,78.66081266666667,16.940021833333333,True,1
1788791245.986,1788790760.2,78.66081000000001,16.94003283333333,True,1
1788791246.189,1788790760.4,78.66080749999999,16.940044,True,1
1788791246.388,1788790760.6,78.66080483333333,16.94005533333333,True,1
1788791246.586,1788790760.8,78.66080216666666,16.940066333333334,True,1
1788791246.784,1788790761.0,78.6607995,16.940077499999997,True,1
1788791246.98,1788790761.2,78.66079683333334,16.940088333333332,True,1
1788791247.182,1788790761.4,78.66079416666666,16.940099333333333,True,1
1788791247.385,1788790761.6,78.6607915,16.9401105,True,1
1788791247.584,1788790761.8,78.66078883333333,16.94012133333333,True,1
1788791247.784,1788790762.0,78.66078616666667,16.940131833333332,True,1
1788791247.984,1788790762.2,78.6607835,16.940142666666667,True,1
1788791248.184,1788790762.4,78.66078083333333,16.94015316666667,True,1
1788791248.382,1788790762.6,78.660778,16.940163666666667,True,1
1788791248.584,1788790762.8,78.66077533333333,16.9401745,True,1
1788791248.784,1788790763.0,78.66077266666666,16.940185166666666,True,1
1788791248.986,1788790763.2,78.66076983333333,16.9401955,True,1
1788791249.186,1788790763.4,78.66076716666666,16.94020533333333,True,1
1788791249.386,1788790763.6,78.6607645,16.940215333333335,True,1
1788791249.584,1788790763.8,78.66076183333332,16.940224833333332,True,1
1788791249.785,1788790764.0,78.66075900000001,16.940234333333333,True,1
1788791249.984,1788790764.2,78.66075633333334,16.940243333333335,True,1
1788791250.184,1788790764.4,78.66075366666668,16.940251999999997,True,1
1788791250.385,1788790764.6,78.66075083333334,16.940260833333333,True,1
1788791250.584,1788790764.8,78.660748,16.9402695,True,1
1788791250.786,1788790765.0,78.66074516666666,16.940278,True,1
1788791250.982,1788790765.2,78.66074233333333,16.940286333333333,True,1
1788791251.183,1788790765.4,78.6607395,16.9402945,True,1
1788791251.385,1788790765.6,78.6607365,16.940302499999998,True,1
1788791251.583,1788790765.8,78.6607335,16.9403105,True,1
1788791251.786,1788790766.0,78.6607305,16.9403185,True,1
1788791251.984,1788790766.2,78.6607275,16.9403265,True,1
1788791252.184,1788790766.4,78.6607245,16.940334333333332,True,1
1788791252.385,1788790766.6,78.6607215,16.9403425,True,1
1788791252.584,1788790766.8,78.66071866666667,16.9403505,True,1
1788791252.786,1788790767.0,78.66071583333334,16.940358333333332,True,1
1788791252.985,1788790767.2,78.66071316666667,16.940366166666667,True,1
1788791253.184,1788790767.4,78.66071050000001,16.940374000000002,True,1
1788791253.384,1788790767.6,78.66070783333333,16.9403825,True,1
1788791253.583,1788790767.8,78.66070533333333,16.940391166666664,True,1
1788791253.78,1788790768.0,78.66070283333333,16.940399833333334,True,1
1788791253.982,1788790768.2,78.66070016666666,16.940409,True,1
1788791254.183,1788790768.4,78.66069766666666,16.940418166666667,True,1
1788791254.384,1788790768.6,78.66069516666667,16.9404275,True,1
1788791254.585,1788790768.8,78.66069266666666,16.940437333333332,True,1
1788791254.785,1788790769.0,78.66069016666667,16.94044716666667,True,1
1788791254.985,1788790769.2,78.66068766666667,16.940457,True,1
1788791255.183,1788790769.4,78.66068533333333,16.940467166666668,True,1
1788791255.385,1788790769.6,78.660683,16.940477333333334,True,1
1788791255.584,1788790769.8,78.66068066666666,16.9404875,True,1
1788791255.785,1788790770.0,78.66067849999999,16.940497666666666,True,1
1788791255.985,1788790770.2,78.66067633333334,16.94050766666667,True,1
1788791256.184,1788790770.4,78.66067433333333,16.940518,True,1
1788791256.391,1788790770.6,78.66067249999999,16.94052866666667,True,1
1788791256.583,1788790770.8,78.66067083333334,16.94054,True,1
1788791256.785,1788790771.0,78.66066916666666,16.940552166666667,True,1
1788791256.983,1788790771.2,78.66066766666667,16.940564666666667,True,1
1788791257.185,1788790771.4,78.66066616666667,16.940577333333334,True,1
1788791257.384,1788790771.6,78.66066483333334,16.9405905,True,1
1788791257.583,1788790771.8,78.6606635,16.940603666666668,True,1
1788791257.783,1788790772.0,78.66066233333332,16.940616833333333,True,1
1788791257.982,1788790772.2,78.66066116666666,16.940629833333332,True,1
1788791258.185,1788790772.4,78.66066033333333,16.94064266666667,True,1
1788791258.384,1788790772.6,78.66065966666666,16.9406555,True,1
1788791258.587,1788790772.8,78.66065916666666,16.940668666666667,True,1
1788791258.786,1788790773.0,78.66065883333334,16.940682,True,1
1788791258.987,1788790773.2,78.6606585,16.940695333333334,True,1
1788791259.186,1788790773.4,78.66065816666666,16.940708833333336,True,1
1788791259.384,1788790773.6,78.66065816666666,16.940722166666667,True,1
1788791259.584,1788790773.8,78.660658,16.940735833333335,True,1
1788791259.785,1788790774.0,78.66065816666666,16.940749666666665,True,1
1788791259.985,1788790774.2,78.66065833333333,16.940763333333333,True,1
1788791260.186,1788790774.4,78.66065866666666,16.940777,True,1
1788791260.385,1788790774.6,78.660659,16.940790333333332,True,1
1788791260.585,1788790774.8,78.66065950000001,16.940803833333334,True,1
1788791260.783,1788790775.0,78.66066000000001,16.940817,True,1
1788791260.985,1788790775.2,78.66066066666667,16.940830166666668,True,1
1788791261.184,1788790775.4,78.6606615,16.94084333333333,True,1
1788791261.385,1788790775.6,78.66066233333332,16.940856333333333,True,1
1788791261.584,1788790775.8,78.66066333333333,16.940869666666668,True,1
1788791261.785,1788790776.0,78.66066433333334,16.940883,True,1
1788791261.984,1788790776.2,78.66066550000001,16.9408965,True,1
1788791262.183,1788790776.4,78.66066666666667,16.940910166666665,True,1
1788791262.386,1788790776.6,78.660668,16.940923333333334,True,1
1788791262.586,1788790776.8,78.66066933333333,16.940937666666667,True,1
1788791262.788,1788790777.0,78.6606705,16.940953,True,1
1788791262.985,1788790777.2,78.66067183333332,16.940968833333333,True,1
1788791263.184,1788790777.4,78.660673,16.940984333333333,True,1
1788791263.383,1788790777.6,78.66067416666667,16.940999833333333,True,1
1788791263.583,1788790777.8,78.66067516666666,16.941015333333333,True,1
1788791263.784,1788790778.0,78.66067616666666,16.941030333333334,True,1
1788791263.983,1788790778.2,78.66067716666666,16.94104583333333,True,1
1788791264.184,1788790778.4,78.66067816666667,16.941061333333334,True,1
1788791264.385,1788790778.6,78.66067916666665,16.9410765,True,1
1788791264.584,1788790778.8,78.66068,16.941091500000002,True,1
1788791264.785,1788790779.0,78.66068083333333,16.941106666666666,True,1
1788791264.983,1788790779.2,78.66068166666668,16.941121666666668,True,1
1788791265.185,1788790779.4,78.66068233333334,16.941136833333335,True,1
1788791265.386,1788790779.6,78.660683,16.941152166666665,True,1
1788791265.584,1788790779.8,78.6606835,16.9411675,True,1
1788791265.785,1788790780.0,78.66068416666667,16.941182833333336,True,1
1788791265.985,1788790780.2,78.66068466666667,16.941198166666666,True,1
1788791266.184,1788790780.4,78.660685,16.941213666666666,True,1
1788791266.384,1788790780.6,78.6606855,16.94122916666667,True,1
1788791266.589,1788790780.8,78.66068583333335,16.941244833333332,True,1
1788791266.785,1788790781.0,78.660686,16.941260333333332,True,1
1788791266.983,1788790781.2,78.66068633333333,16.9412765,True,1
1788791267.183,1788790781.4,78.66068650000001,16.941292999999998,True,1
1788791267.383,1788790781.6,78.66068683333333,16.941309666666665,True,1
1788791267.581,1788790781.8,78.66068700000001,16.9413265,True,1
1788791267.784,1788790782.0,78.66068733333333,16.941343500000002,True,1
1788791267.986,1788790782.2,78.66068766666667,16.9413605,True,1
1788791268.185,1788790782.4,78.660688,16.941377499999998,True,1
1788791268.386,1788790782.6,78.66068833333334,16.9413945,True,1
1788791268.585,1788790782.8,78.6606885,16.941411333333335,True,1
1788791268.786,1788790783.0,78.66068883333334,16.941428,True,1
1788791268.985,1788790783.2,78.660689,16.941444666666666,True,1
1788791269.184,1788790783.4,78.66068933333332,16.941461666666665,True,1
1788791269.385,1788790783.6,78.6606895,16.941478333333336,True,1
1788791269.583,1788790783.8,78.66068983333334,16.941495166666666,True,1
1788791269.785,1788790784.0,78.66069,16.941512166666666,True,1
1788791269.984,1788790784.2,78.66069033333333,16.941528833333333,True,1
1788791270.184,1788790784.4,78.6606905,16.941545833333333,True,1
1788791270.382,1788790784.6,78.66069066666667,16.941562833333332,True,1
1788791270.585,1788790784.8,78.66069083333333,16.941579833333332,True,1
1788791270.786,1788790785.0,78.66069116666667,16.94159683333333,True,1
1788791270.993,1788790785.2,78.66069133333333,16.941613833333335,True,1
1788791271.185,1788790785.4,78.6606915,16.94163083333333,True,1
1788791271.386,1788790785.6,78.66069166666666,16.941647666666665,True,1
1788791271.584,1788790785.8,78.66069183333335,16.941664666666668,True,1
1788791271.784,1788790786.0,78.660692,16.941681833333334,True,1
1788791271.985,1788790786.2,78.66069233333333,16.941699000000003,True,1
1788791272.185,1788790786.4,78.66069250000001,16.941716,True,1
1788791272.385,1788790786.6,78.66069266666666,16.941733,True,1
1788791272.583,1788790786.8,78.66069266666666,16.94175016666667,True,1
1788791272.782,1788790787.0,78.66069283333333,16.941767333333335,True,1
1788791272.982,1788790787.2,78.66069300000001,16.9417845,True,1
1788791273.181,1788790787.4,78.66069316666668,16.941801666666667,True,1
1788791273.384,1788790787.6,78.66069333333333,16.941818833333333,True,1
1788791273.584,1788790787.8,78.66069333333333,16.941836000000002,True,1
1788791273.784,1788790788.0,78.6606935,16.941853166666665,True,1
1788791273.985,1788790788.2,78.66069366666667,16.9418705,True,1
1788791274.187,1788790788.4,78.66069366666667,16.941887666666666,True,1
1788791274.386,1788790788.6,78.66069383333334,16.941904833333336,True,1
1788791274.583,1788790788.8,78.66069383333334,16.941921999999998,True,1
1788791274.784,1788790789.0,78.66069399999999,16.941939333333334,True,1
1788791274.983,1788790789.2,78.66069399999999,16.9419565,True,1
1788791275.184,1788790789.4,78.66069416666666,16.94197366666667,True,1
1788791275.385,1788790789.6,78.66069416666666,16.941990999999998,True,1
1788791275.584,1788790789.8,78.66069416666666,16.942007999999998,True,1
1788791275.785,1788790790.0,78.66069416666666,16.942025333333333,True,1
1788791275.983,1788790790.2,78.66069416666666,16.94204266666667,True,1
1788791276.198,1788790790.4,78.66069416666666,16.942059833333335,True,1
1788791276.385,1788790790.6,78.66069416666666,16.942077166666664,True,1
1788791276.587,1788790790.8,78.66069416666666,16.9420945,True,1
1788791276.788,1788790791.0,78.66069416666666,16.942112,True,1
1788791276.984,1788790791.2,78.66069416666666,16.942129333333334,True,1
1788791277.184,1788790791.4,78.66069416666666,16.942146666666666,True,1
1788791277.382,1788790791.6,78.66069416666666,16.942164,True,1
1788791277.583,1788790791.8,78.66069416666666,16.9421815,True,1
1788791277.784,1788790792.0,78.66069416666666,16.942198833333336,True,1
1788791277.984,1788790792.2,78.66069416666666,16.942216166666665,True,1
1788791278.184,1788790792.4,78.66069399999999,16.942233666666667,True,1
1788791278.384,1788790792.6,78.66069399999999,16.942251,True,1
1788791278.581,1788790792.8,78.66069383333334,16.942268333333335,True,1
1788791278.781,1788790793.0,78.66069383333334,16.942285833333337,True,1
1788791278.984,1788790793.2,78.66069366666667,16.942303,True,1
1788791279.184,1788790793.4,78.66069366666667,16.94232033333333,True,1
1788791279.384,1788790793.6,78.6606935,16.942337666666667,True,1
1788791279.583,1788790793.8,78.6606935,16.942355000000003,True,1
1788791279.785,1788790794.0,78.66069333333333,16.942372166666665,True,1
1788791279.984,1788790794.2,78.66069333333333,16.9423895,True,1
1788791280.183,1788790794.4,78.66069316666668,16.942406666666667,True,1
1788791280.384,1788790794.6,78.66069300000001,16.942424000000003,True,1
1788791280.584,1788790794.8,78.66069300000001,16.94244133333333,True,1
1788791280.783,1788790795.0,78.66069283333333,16.9424585,True,1
1788791280.984,1788790795.2,78.66069266666666,16.942475833333333,True,1
1788791281.183,1788790795.4,78.66069266666666,16.94249316666667,True,1
1788791281.382,1788790795.6,78.66069250000001,16.942510333333335,True,1
1788791281.583,1788790795.8,78.66069233333333,16.942527833333333,True,1
1788791281.784,1788790796.0,78.66069216666666,16.942545166666665,True,1
1788791281.983,1788790796.2,78.660692,16.942562666666667,True,1
1788791282.183,1788790796.4,78.66069183333335,16.94258,True,1
1788791282.384,1788790796.6,78.66069166666666,16.94259733333333,True,1
1788791282.583,1788790796.8,78.6606915,16.942614666666667,True,1
1788791282.784,1788790797.0,78.66069133333333,16.942632,True,1
1788791282.981,1788790797.2,78.66069116666667,16.94264916666667,True,1
1788791283.182,1788790797.4,78.660691,16.942666666666664,True,1
1788791283.382,1788790797.6,78.66069066666667,16.942683833333334,True,1
1788791283.581,1788790797.8,78.6606905,16.942701166666666,True,1
1788791283.783,1788790798.0,78.66069033333333,16.9427185,True,1
1788791283.982,1788790798.2,78.66069016666667,16.942735666666668,True,1
1788791284.18,1788790798.4,78.66068983333334,16.942753,True,1
1788791284.384,1788790798.6,78.66068966666667,16.942770166666666,True,1
1788791284.584,1788790798.8,78.6606895,16.942787666666668,True,1
1788791284.785,1788790799.0,78.66068916666667,16.942804833333334,True,1
1788791284.984,1788790799.2,78.660689,16.942822333333332,True,1
1788791285.184,1788790799.4,78.66068866666666,16.942839666666664,True,1
1788791285.384,1788790799.6,78.66068833333334,16.942857,True,1
1788791285.581,1788790799.8,78.66068816666666,16.942874333333336,True,1
1788791285.784,1788790800.0,78.66068783333334,16.942891666666664,True,1
1788791285.99,1788790800.2,78.6606875,16.942909,True,1
1788791286.184,1788790800.4,78.66068716666668,16.9429265,True,1
1788791286.383,1788790800.6,78.66068700000001,16.942943833333334,True,1
1788791286.583,1788790800.8,78.66068666666666,16.942961166666667,True,1
1788791286.785,1788790801.0,78.66068633333333,16.942978666666665,True,1
1788791286.982,1788790801.2,78.660686,16.942995833333335,True,1
1788791287.183,1788790801.4,78.66068566666667,16.943013,True,1
1788791287.384,1788790801.6,78.66068533333333,16.943030333333336,True,1
1788791287.582,1788790801.8,78.660685,16.94304783333333,True,1
1788791287.782,1788790802.0,78.66068466666667,16.943065166666667,True,1
1788791287.982,1788790802.2,78.66068433333334,16.9430825,True,1
1788791288.183,1788790802.4,78.66068383333332,16.9431,True,1
1788791288.38,1788790802.6,78.6606835,16.943117166666664,True,1
1788791288.583,1788790802.8,78.66068316666666,16.943134833333332,True,1
1788791288.784,1788790803.0,78.66068283333334,16.943152,True,1
1788791288.983,1788790803.2,78.66068233333334,16.943169333333334,True,1
1788791289.184,1788790803.4,78.660682,16.943186833333336,True,1
1788791289.384,1788790803.6,78.6606815,16.943204166666664,True,1
1788791289.582,1788790803.8,78.66068116666666,16.943221333333334,True,1
1788791289.781,1788790804.0,78.66068083333333,16.943238666666666,True,1
1788791289.984,1788790804.2,78.6606805,16.943256166666668,True,1
1788791290.183,1788790804.4,78.66068,16.9432735,True,1
1788791290.385,1788790804.6,78.6606795,16.943290833333332,True,1
1788791290.584,1788790804.8,78.66067916666665,16.943308333333334,True,1
1788791290.785,1788790805.0,78.66067866666667,16.943325833333333,True,1
1788791290.984,1788790805.2,78.66067833333334,16.943343333333335,True,1
1788791291.182,1788790805.4,78.66067783333332,16.943361,True,1
1788791291.382,1788790805.6,78.6606775,16.943378499999998,True,1
1788791291.582,1788790805.8,78.660677,16.943396333333332,True,1
1788791291.782,1788790806.0,78.6606765,16.943413833333334,True,1
1788791291.982,1788790806.2,78.660676,16.943431166666667,True,1
1788791292.183,1788790806.4,78.66067566666668,16.943448666666665,True,1
1788791292.393,1788790806.6,78.66067516666666,16.943466166666667,True,1
1788791292.581,1788790806.8,78.66067466666667,16.943483166666667,True,1
1788791292.783,1788790807.0,78.66067416666667,16.94349933333333,True,1
1788791292.984,1788790807.2,78.66067383333333,16.943514666666665,True,1
1788791293.184,1788790807.4,78.6606735,16.943528833333335,True,1
1788791293.385,1788790807.6,78.660673,16.943541666666665,True,1
1788791293.583,1788790807.8,78.66067266666667,16.943553333333334,True,1
1788791293.782,1788790808.0,78.66067233333334,16.94356433333333,True,1
1788791293.982,1788790808.2,78.660672,16.943574666666667,True,1
1788791294.183,1788790808.4,78.66067166666667,16.943585,True,1
1788791294.383,1788790808.6,78.66067133333333,16.943594833333336,True,1
1788791294.583,1788790808.8,78.66067100000001,16.943604,True,1
1788791294.783,1788790809.0,78.66067083333334,16.943612833333336,True,1
1788791294.984,1788790809.2,78.6606705,16.943621166666667,True,1
1788791295.182,1788790809.4,78.66067016666666,16.943628666666665,True,1
1788791295.384,1788790809.6,78.66066983333333,16.943635333333336,True,1
1788791295.584,1788790809.8,78.66066966666668,16.943641333333336,True,1
1788791295.797,1788790810.0,78.6606695,16.943647166666665,True,1
1788791295.984,1788790810.2,78.66066933333333,16.9436525,True,1
1788791296.184,1788790810.4,78.66066916666666,16.943657833333337,True,1
1788791296.385,1788790810.6,78.66066883333333,16.943662833333335,True,1
1788791296.584,1788790810.8,78.66066866666667,16.943668,True,1
1788791296.785,1788790811.0,78.6606685,16.943672833333334,True,1
1788791296.985,1788790811.2,78.66066816666667,16.9436775,True,1
1788791297.183,1788790811.4,78.660668,16.943682000000003,True,1
1788791297.382,1788790811.6,78.66066783333333,16.943686333333336,True,1
1788791297.581,1788790811.8,78.66066766666667,16.943690333333333,True,1
1788791297.783,1788790812.0,78.6606675,16.943693833333334,True,1
1788791297.981,1788790812.2,78.66066716666666,16.943697666666665,True,1
1788791298.183,1788790812.4,78.660667,16.943701333333333,True,1
1788791298.381,1788790812.6,78.66066683333334,16.943704833333335,True,1
1788791298.584,1788790812.8,78.66066666666667,16.9437085,True,1
1788791298.784,1788790813.0,78.66066649999999,16.943712,True,1
1788791298.984,1788790813.2,78.66066633333334,16.943715333333333,True,1
1788791299.184,1788790813.4,78.660666,16.943718666666665,True,1
1788791299.382,1788790813.6,78.66066583333333,16.943721666666665,True,1
1788791299.582,1788790813.8,78.66066566666667,16.9437245,True,1
1788791299.784,1788790814.0,78.66066550000001,16.943727333333335,True,1
1788791299.984,1788790814.2,78.66066533333333,16.943730333333335,True,1
1788791300.184,1788790814.4,78.66066516666666,16.943733166666668,True,1
1788791300.383,1788790814.6,78.66066500000001,16.943735833333335,True,1
1788791300.583,1788790814.8,78.66066483333334,16.943738666666665,True,1
1788791300.782,1788790815.0,78.66066483333334,16.943741,True,1
1788791300.984,1788790815.2,78.66066466666666,16.9437435,True,1
1788791301.183,1788790815.4,78.6606645,16.943745999999997,True,1
1788791301.397,1788790815.6,78.66066433333334,16.9437485,True,1
1788791301.583,1788790815.8,78.66066433333334,16.94375116666667,True,1
1788791301.784,1788790816.0,78.66066416666666,16.9437535,True,1
1788791301.984,1788790816.2,78.66066416666666,16.943755833333334,True,1
1788791302.183,1788790816.4,78.660664,16.943758166666665,True,1
1788791302.384,1788790816.6,78.66066383333333,16.943760333333334,True,1
1788791302.583,1788790816.8,78.66066383333333,16.9437625,True,1
1788791302.783,1788790817.0,78.66066366666668,16.9437645,True,1
1788791302.982,1788790817.2,78.6606635,16.9437665,True,1
1788791303.183,1788790817.4,78.6606635,16.943768666666664,True,1
1788791303.384,1788790817.6,78.66066333333333,16.94377066666667,True,1
1788791303.582,1788790817.8,78.66066333333333,16.943772333333335,True,1
1788791303.785,1788790818.0,78.66066316666667,16.943774333333334,True,1
1788791303.983,1788790818.2,78.66066316666667,16.943776166666666,True,1
1788791304.183,1788790818.4,78.66066300000001,16.943778166666668,True,1
1788791304.383,1788790818.6,78.66066283333333,16.943779833333334,True,1
1788791304.583,1788790818.8,78.66066283333333,16.943781666666666,True,1
1788791304.784,1788790819.0,78.66066266666667,16.943783333333332,True,1
1788791304.984,1788790819.2,78.6606625,16.943785,True,1
1788791305.182,1788790819.4,78.6606625,16.943786499999998,True,1
1788791305.382,1788790819.6,78.66066233333332,16.943788166666664,True,1
1788791305.583,1788790819.8,78.66066216666667,16.943789833333334,True,1
1788791305.783,1788790820.0,78.660662,16.9437915,True,1
1788791305.983,1788790820.2,78.660662,16.943793333333335,True,1
1788791306.181,1788790820.4,78.66066183333334,16.943794833333335,True,1
1788791306.381,1788790820.6,78.66066166666666,16.943796666666668,True,1
1788791306.584,1788790820.8,78.66066166666666,16.943798166666667,True,1
1788791306.784,1788790821.0,78.6606615,16.943799833333333,True,1
1788791306.983,1788790821.2,78.66066133333334,16.943801333333333,True,1
1788791307.185,1788790821.4,78.66066133333334,16.943802833333333,True,1
1788791307.384,1788790821.6,78.66066116666666,16.9438045,True,1
1788791307.582,1788790821.8,78.66066099999999,16.943806,True,1
1788791307.781,1788790822.0,78.66066099999999,16.9438075,True,1
1788791307.982,1788790822.2,78.66066083333334,16.943808999999998,True,1
1788791308.184,1788790822.4,78.66066083333334,16.943810499999998,True,1
1788791308.382,1788790822.6,78.66066066666667,16.94381183333333,True,1
1788791308.582,1788790822.8,78.66066049999999,16.94381333333333,True,1
1788791308.783,1788790823.0,78.66066049999999,16.94381483333333,True,1
1788791308.983,1788790823.2,78.66066033333333,16.943815833333336,True,1
1788791309.184,1788790823.4,78.66066033333333,16.94381716666667,True,1
1788791309.385,1788790823.6,78.66066016666667,16.943818500000003,True,1
1788791309.583,1788790823.8,78.66066000000001,16.9438195,True,1
1788791309.784,1788790824.0,78.66066000000001,16.943820833333334,True,1
1788791309.983,1788790824.2,78.66065983333333,16.943822,True,1
1788791310.182,1788790824.4,78.66065966666666,16.943823000000002,True,1
1788791310.382,1788790824.6,78.66065966666666,16.943824333333335,True,1
1788791310.584,1788790824.8,78.66065950000001,16.943825333333333,True,1
1788791310.783,1788790825.0,78.66065950000001,16.943826333333334,True,1
1788791310.982,1788790825.2,78.66065933333333,16.943827333333335,True,1
1788791311.183,1788790825.4,78.66065933333333,16.9438285,True,1
1788791311.385,1788790825.6,78.66065916666666,16.9438295,True,1
1788791311.582,1788790825.8,78.66065916666666,16.9438305,True,1
1788791311.783,1788790826.0,78.660659,16.943831499999998,True,1
1788791311.984,1788790826.2,78.660659,16.9438325,True,1
1788791312.185,1788790826.4,78.66065883333334,16.9438335,True,1
1788791312.385,1788790826.6,78.66065883333334,16.943834666666664,True,1
1788791312.584,1788790826.8,78.66065866666666,16.9438355,True,1
1788791312.786,1788790827.0,78.66065866666666,16.943836833333332,True,1
1788791312.984,1788790827.2,78.6606585,16.943837833333337,True,1
1788791313.185,1788790827.4,78.6606585,16.943838833333334,True,1
1788791313.382,1788790827.6,78.6606585,16.943839833333335,True,1
1788791313.582,1788790827.8,78.66065833333333,16.943840833333336,True,1
1788791313.783,1788790828.0,78.66065833333333,16.943842,True,1
1788791313.982,1788790828.2,78.66065833333333,16.943843,True,1
1788791314.182,1788790828.4,78.66065816666666,16.943844000000002,True,1
1788791314.383,1788790828.6,78.66065816666666,16.943845,True,1
1788791314.581,1788790828.8,78.660658,16.943846166666667,True,1
1788791314.785,1788790829.0,78.660658,16.943847333333334,True,1
1788791314.985,1788790829.2,78.66065783333333,16.943848333333335,True,1
1788791315.186,1788790829.4,78.66065766666667,16.943849333333333,True,1
1788791315.386,1788790829.6,78.66065766666667,16.9438505,True,1
1788791315.586,1788790829.8,78.6606575,16.943851666666667,True,1
1788791315.786,1788790830.0,78.6606575,16.943853,True,1
1788791315.982,1788790830.2,78.66065733333333,16.943854333333334,True,1
1788791316.183,1788790830.4,78.66065733333333,16.943855666666664,True,1
1788791316.385,1788790830.6,78.66065716666667,16.943857166666664,True,1
1788791316.584,1788790830.8,78.660657,16.943858666666664,True,1
1788791316.786,1788790831.0,78.66065683333333,16.943861166666668,True,1
1788791316.985,1788790831.2,78.6606565,16.943864333333334,True,1
1788791317.187,1788790831.4,78.66065616666667,16.943869333333335,True,1
1788791317.383,1788790831.6,78.66065566666666,16.943876166666666,True,1
1788791317.584,1788790831.8,78.66065499999999,16.943885333333334,True,1
1788791317.785,1788790832.0,78.66065416666667,16.943896833333334,True,1
1788791317.983,1788790832.2,78.66065316666666,16.943909,True,1
1788791318.184,1788790832.4,78.66065216666667,16.943922833333332,True,1
1788791318.383,1788790832.6,78.66065116666667,16.943937333333334,True,1
1788791318.585,1788790832.8,78.66065,16.943952666666668,True,1
1788791318.786,1788790833.0,78.66064883333334,16.94396833333333,True,1
1788791318.984,1788790833.2,78.66064766666666,16.943984666666665,True,1
1788791319.185,1788790833.4,78.6606465,16.94400016666667,True,1
1788791319.384,1788790833.6,78.66064516666667,16.944015666666665,True,1
1788791319.583,1788790833.8,78.660644,16.944031833333334,True,1
1788791319.785,1788790834.0,78.66064283333334,16.9440475,True,1
1788791319.983,1788790834.2,78.66064166666666,16.94406366666667,True,1
1788791320.183,1788790834.4,78.66064033333333,16.944079833333333,True,1
1788791320.385,1788790834.6,78.66063916666667,16.944096333333334,True,1
1788791320.587,1788790834.8,78.66063783333334,16.94411266666667,True,1
1788791320.784,1788790835.0,78.66063666666668,16.94412883333333,True,1
1788791320.986,1788790835.2,78.66063533333333,16.94414533333333,True,1
1788791321.184,1788790835.4,78.66063416666665,16.944161666666666,True,1
1788791321.385,1788790835.6,78.66063283333332,16.944178166666667,True,1
1788791321.584,1788790835.8,78.6606315,16.94419483333333,True,1
1788791321.785,1788790836.0,78.66063016666666,16.944211499999998,True,1
1788791321.983,1788790836.2,78.66062883333333,16.94422816666667,True,1
1788791322.182,1788790836.4,78.66062749999999,16.94424466666667,True,1
1788791322.383,1788790836.6,78.66062616666666,16.944261166666667,True,1
1788791322.584,1788790836.8,78.66062466666668,16.944277666666668,True,1
1788791322.784,1788790837.0,78.66062333333333,16.94429416666667,True,1
1788791322.984,1788790837.2,78.660622,16.94431033333333,True,1
1788791323.184,1788790837.4,78.66062050000001,16.944326666666665,True,1
1788791323.384,1788790837.6,78.66061916666666,16.944342833333334,True,1
1788791323.585,1788790837.8,78.66061766666667,16.944358833333336,True,1
1788791323.785,1788790838.0,78.66061633333334,16.94437483333333,True,1
1788791323.984,1788790838.2,78.66061483333333,16.944391,True,1
1788791324.184,1788790838.4,78.6606135,16.944407,True,1
1788791324.383,1788790838.6,78.660612,16.94442283333333,True,1
1788791324.583,1788790838.8,78.6606105,16.9444385,True,1
1788791324.784,1788790839.0,78.66060900000001,16.944454333333333,True,1
1788791324.985,1788790839.2,78.6606075,16.944470000000003,True,1
1788791325.184,1788790839.4,78.660606,16.94448583333333,True,1
1788791325.384,1788790839.6,78.6606045,16.944501333333335,True,1
1788791325.582,1788790839.8,78.66060300000001,16.944517,True,1
1788791325.786,1788790840.0,78.6606015,16.944532666666664,True,1
1788791325.984,1788790840.2,78.66059983333334,16.944548166666667,True,1
1788791326.186,1788790840.4,78.66059833333334,16.944563666666667,True,1
1788791326.385,1788790840.6,78.66059683333333,16.944579166666664,True,1
1788791326.585,1788790840.8,78.66059516666665,16.944594833333333,True,1
1788791326.785,1788790841.0,78.6605935,16.944610166666667,True,1
1788791326.982,1788790841.2,78.660592,16.944625666666663,True,1
1788791327.185,1788790841.4,78.66059033333333,16.944641166666667,True,1
1788791327.389,1788790841.6,78.66058866666667,16.944656833333333,True,1
1788791327.584,1788790841.8,78.660587,16.944672333333333,True,1
1788791327.784,1788790842.0,78.66058533333333,16.944687833333333,True,1
1788791327.983,1788790842.2,78.66058383333333,16.944703333333333,True,1
1788791328.182,1788790842.4,78.66058216666667,16.9447185,True,1
1788791328.381,1788790842.6,78.6605805,16.944734,True,1
1788791328.583,1788790842.8,78.66057866666667,16.944749166666668,True,1
1788791328.784,1788790843.0,78.660577,16.944764666666668,True,1
1788791328.985,1788790843.2,78.66057533333333,16.94477983333333,True,1
1788791329.184,1788790843.4,78.6605735,16.944795,True,1
1788791329.385,1788790843.6,78.66057183333334,16.944810500000003,True,1
1788791329.584,1788790843.8,78.66057,16.944825666666667,True,1
1788791329.783,1788790844.0,78.66056833333333,16.944840833333334,True,1
1788791329.985,1788790844.2,78.6605665,16.944856166666668,True,1
1788791330.185,1788790844.4,78.66056466666667,16.944871166666665,True,1
1788791330.384,1788790844.6,78.660563,16.944886333333333,True,1
1788791330.584,1788790844.8,78.66056116666667,16.944901,True,1
1788791330.786,1788790845.0,78.6605595,16.944916,True,1
1788791330.985,1788790845.2,78.66055766666666,16.944930833333334,True,1
1788791331.182,1788790845.4,78.66055583333333,16.944945833333335,True,1
1788791331.384,1788790845.6,78.660554,16.944960499999997,True,1
1788791331.584,1788790845.8,78.66055216666668,16.944975,True,1
1788791331.785,1788790846.0,78.66055033333333,16.944989666666668,True,1
1788791331.985,1788790846.2,78.6605485,16.945004333333333,True,1
1788791332.185,1788790846.4,78.6605465,16.945018833333332,True,1
1788791332.385,1788790846.6,78.66054466666667,16.9450335,True,1
1788791332.584,1788790846.8,78.66054283333332,16.945048,True,1
1788791332.783,1788790847.0,78.660541,16.945062333333333,True,1
1788791332.985,1788790847.2,78.660539,16.945077,True,1
1788791333.184,1788790847.4,78.66053716666667,16.945091333333334,True,1
1788791333.385,1788790847.6,78.66053516666666,16.945105666666667,True,1
1788791333.584,1788790847.8,78.66053333333333,16.945119833333333,True,1
1788791333.783,1788790848.0,78.66053133333334,16.945134166666666,True,1
1788791333.981,1788790848.2,78.66052933333334,16.945148333333336,True,1
1788791334.185,1788790848.4,78.6605275,16.9451625,True,1
1788791334.384,1788790848.6,78.66052549999999,16.945176333333333,True,1
1788791334.584,1788790848.8,78.6605235,16.945190500000002,True,1
1788791334.783,1788790849.0,78.6605215,16.9452045,True,1
1788791334.985,1788790849.2,78.66051966666667,16.945218166666667,True,1
1788791335.184,1788790849.4,78.66051766666666,16.945232166666663,True,1
1788791335.384,1788790849.6,78.66051566666667,16.945245833333335,True,1
1788791335.584,1788790849.8,78.66051366666667,16.945259833333335,True,1
1788791335.784,1788790850.0,78.66051166666666,16.945273666666665,True,1
1788791335.984,1788790850.2,78.66050966666667,16.9452875,True,1
1788791336.184,1788790850.4,78.66050766666667,16.945301333333337,True,1
1788791336.384,1788790850.6,78.6605055,16.945315,True,1
1788791336.584,1788790850.8,78.6605035,16.945328500000002,True,1
1788791336.785,1788790851.0,78.66050166666668,16.945341666666664,True,1
1788791336.984,1788790851.2,78.66049966666667,16.945354333333334,True,1
1788791337.185,1788790851.4,78.660498,16.945366166666666,True,1
1788791337.388,1788790851.6,78.66049633333334,16.945376666666668,True,1
1788791337.587,1788790851.8,78.66049483333333,16.945386833333334,True,1
1788791337.785,1788790852.0,78.6604935,16.945396000000002,True,1
1788791337.982,1788790852.2,78.66049233333334,16.945404666666665,True,1
1788791338.182,1788790852.4,78.66049100000001,16.945412833333332,True,1
1788791338.382,1788790852.6,78.66048983333333,16.945420666666667,True,1
1788791338.583,1788790852.8,78.66048866666667,16.945428333333332,True,1
1788791338.783,1788790853.0,78.6604875,16.945435666666665,True,1
1788791338.984,1788790853.2,78.66048633333334,16.945442166666666,True,1
1788791339.184,1788790853.4,78.66048533333333,16.945448,True,1
1788791339.382,1788790853.6,78.6604845,16.945453166666667,True,1
1788791339.584,1788790853.8,78.6604835,16.945458,True,1
1788791339.786,1788790854.0,78.66048266666667,16.945462333333335,True,1
1788791339.985,1788790854.2,78.660482,16.945466166666666,True,1
1788791340.184,1788790854.4,78.66048116666666,16.94547,True,1
1788791340.384,1788790854.6,78.66048049999999,16.9454735,True,1
1788791340.585,1788790854.8,78.66047966666666,16.945477,True,1
1788791340.783,1788790855.0,78.660479,16.9454805,True,1
1788791340.984,1788790855.2,78.66047816666666,16.945483666666668,True,1
1788791341.184,1788790855.4,78.6604775,16.945486833333334,True,1
1788791341.383,1788790855.6,78.66047683333333,16.945489666666667,True,1
1788791341.582,1788790855.8,78.66047616666667,16.945492166666668,True,1
1788791341.783,1788790856.0,78.6604755,16.9454945,True,1
1788791341.983,1788790856.2,78.66047499999999,16.945497166666666,True,1
1788791342.199,1788790856.4,78.66047433333333,16.9454995,True,1
1788791342.384,1788790856.6,78.66047366666666,16.945502166666664,True,1
1788791342.584,1788790856.8,78.660473,16.945504666666668,True,1
1788791342.786,1788790857.0,78.6604725,16.945506666666667,True,1
1788791342.986,1788790857.2,78.660472,16.945508833333335,True,1
1788791343.184,1788790857.4,78.66047133333333,16.945510833333334,True,1
1788791343.384,1788790857.6,78.66047083333333,16.945513000000002,True,1
1788791343.582,1788790857.8,78.66047033333332,16.945514833333334,True,1
1788791343.784,1788790858.0,78.66046966666666,16.9455165,True,1
1788791343.984,1788790858.2,78.66046916666666,16.9455185,True,1
1788791344.185,1788790858.4,78.66046866666667,16.945520166666665,True,1
1788791344.383,1788790858.6,78.66046816666667,16.945521666666664,True,1
1788791344.582,1788790858.8,78.66046750000001,16.945523166666664,True,1
1788791344.782,1788790859.0,78.660467,16.945524666666664,True,1
1788791344.981,1788790859.2,78.6604665,16.94552583333333,True,1
1788791345.185,1788790859.4,78.660466,16.945527333333334,True,1
1788791345.386,1788790859.6,78.6604655,16.945528666666668,True,1
1788791345.585,1788790859.8,78.660465,16.94552966666667,True,1
1788791345.786,1788790860.0,78.66046466666667,16.945530833333333,True,1
1788791345.99,1788790860.2,78.66046416666667,16.945532166666666,True,1
1788791346.184,1788790860.4,78.66046383333334,16.945533666666666,True,1
1788791346.382,1788790860.6,78.66046333333334,16.9455345,True,1
1788791346.583,1788790860.8,78.660463,16.945535666666668,True,1
1788791346.784,1788790861.0,78.6604625,16.945536833333332,True,1
1788791346.984,1788790861.2,78.66046200000001,16.945537833333333,True,1
1788791347.185,1788790861.4,78.66046166666666,16.945538666666668,True,1
1788791347.385,1788790861.6,78.66046133333333,16.94553983333333,True,1
1788791347.584,1788790861.8,78.66046083333335,16.945540833333332,True,1
1788791347.783,1788790862.0,78.6604605,16.945541666666667,True,1
1788791347.984,1788790862.2,78.66046,16.9455425,True,1
1788791348.183,1788790862.4,78.66045966666667,16.9455435,True,1
1788791348.384,1788790862.6,78.66045933333334,16.945544666666667,True,1
1788791348.584,1788790862.8,78.660459,16.94554533333333,True,1
1788791348.785,1788790863.0,78.66045866666667,16.945546333333333,True,1
1788791348.985,1788790863.2,78.66045833333332,16.94554733333333,True,1
1788791349.183,1788790863.4,78.660458,16.945548166666665,True,1
1788791349.386,1788790863.6,78.66045766666666,16.94554883333333,True,1
1788791349.584,1788790863.8,78.66045716666666,16.945549500000002,True,1
1788791349.784,1788790864.0,78.66045683333333,16.945550500000003,True,1
1788791349.983,1788790864.2,78.6604565,16.945551000000002,True,1
1788791350.183,1788790864.4,78.66045616666666,16.945551833333333,True,1
1788791350.383,1788790864.6,78.66045600000001,16.945552666666668,True,1
1788791350.583,1788790864.8,78.66045566666666,16.945553333333333,True,1
1788791350.783,1788790865.0,78.66045533333333,16.9455545,True,1
1788791350.985,1788790865.2,78.660455,16.945555833333334,True,1
1788791351.184,1788790865.4,78.66045483333333,16.945557,True,1
1788791351.385,1788790865.6,78.66045466666667,16.945558333333334,True,1
1788791351.583,1788790865.8,78.6604545,16.94556,True,1
1788791351.783,1788790866.0,78.6604545,16.9455615,True,1
1788791351.982,1788790866.2,78.6604545,16.945563166666666,True,1
1788791352.184,1788790866.4,78.6604545,16.945564666666666,True,1
1788791352.383,1788790866.6,78.6604545,16.945566166666666,True,1
1788791352.583,1788790866.8,78.6604545,16.945567333333333,True,1
1788791352.783,1788790867.0,78.6604545,16.9455685,True,1
1788791352.983,1788790867.2,78.6604545,16.94556933333333,True,1
1788791353.181,1788790867.4,78.66045466666667,16.945570333333333,True,1
1788791353.385,1788790867.6,78.66045466666667,16.945571500000003,True,1
1788791353.582,1788790867.8,78.66045466666667,16.9455725,True,1
1788791353.783,1788790868.0,78.66045466666667,16.945573500000002,True,1
1788791353.983,1788790868.2,78.66045466666667,16.945574333333333,True,1
1788791354.184,1788790868.4,78.66045466666667,16.945574833333335,True,1
1788791354.383,1788790868.6,78.66045483333333,16.9455755,True,1
1788791354.58,1788790868.8,78.66045483333333,16.94557616666667,True,1
1788791354.783,1788790869.0,78.66045483333333,16.9455765,True,1
1788791354.987,1788790869.2,78.66045483333333,16.945577166666666,True,1
1788791355.182,1788790869.4,78.66045483333333,16.94557766666667,True,1
1788791355.382,1788790869.6,78.66045466666667,16.945578166666667,True,1
1788791355.582,1788790869.8,78.66045466666667,16.945578833333332,True,1
1788791355.783,1788790870.0,78.66045466666667,16.945579333333335,True,1
1788791355.982,1788790870.2,78.66045466666667,16.945579833333333,True,1
1788791356.183,1788790870.4,78.66045466666667,16.945580333333332,True,1
1788791356.383,1788790870.6,78.6604545,16.945580666666668,True,1
1788791356.584,1788790870.8,78.6604545,16.945580833333334,True,1
1788791356.784,1788790871.0,78.66045433333333,16.945581166666667,True,1
1788791356.984,1788790871.2,78.66045433333333,16.945581666666666,True,1
1788791357.185,1788790871.4,78.66045433333333,16.945582166666668,True,1
1788791357.383,1788790871.6,78.66045416666665,16.9455825,True,1
1788791357.583,1788790871.8,78.66045416666665,16.945583,True,1
1788791357.787,1788790872.0,78.660454,16.94558333333333,True,1
1788791357.986,1788790872.2,78.660454,16.9455835,True,1
1788791358.184,1788790872.4,78.66045383333334,16.945584,True,1
1788791358.383,1788790872.6,78.66045383333334,16.9455845,True,1
1788791358.582,1788790872.8,78.66045383333334,16.945585,True,1
1788791358.781,1788790873.0,78.66045383333334,16.945585166666667,True,1
1788791358.984,1788790873.2,78.66045383333334,16.9455855,True,1
1788791359.183,1788790873.4,78.66045366666667,16.945585666666666,True,1
1788791359.383,1788790873.6,78.66045349999999,16.945585833333332,True,1
1788791359.584,1788790873.8,78.66045349999999,16.945586166666665,True,1
1788791359.786,1788790874.0,78.66045349999999,16.94558633333333,True,1
1788791359.985,1788790874.2,78.66045349999999,16.9455865,True,1
1788791360.186,1788790874.4,78.66045349999999,16.9455865,True,1
1788791360.385,1788790874.6,78.66045349999999,16.94558633333333,True,1
1788791360.585,1788790874.8,78.66045349999999,16.94558633333333,True,1
1788791360.786,1788790875.0,78.66045349999999,16.945586166666665,True,1
1788791360.986,1788790875.2,78.66045349999999,16.945585833333332,True,1
1788791361.182,1788790875.4,78.66045366666667,16.945585666666666,True,1
1788791361.382,1788790875.6,78.66045366666667,16.945585166666667,True,1
1788791361.581,1788790875.8,78.66045366666667,16.9455845,True,1
1788791361.785,1788790876.0,78.66045366666667,16.945584166666666,True,1
1788791361.984,1788790876.2,78.66045366666667,16.94558333333333,True,1
1788791362.184,1788790876.4,78.66045383333334,16.945582666666667,True,1
1788791362.385,1788790876.6,78.66045383333334,16.945581833333332,True,1
1788791362.585,1788790876.8,78.660454,16.945581166666667,True,1
1788791362.784,1788790877.0,78.66045383333334,16.945580333333332,True,1
1788791362.984,1788790877.2,78.66045383333334,16.945579833333333,True,1
1788791363.183,1788790877.4,78.66045383333334,16.94557916666667,True,1
1788791363.384,1788790877.6,78.66045383333334,16.945578333333334,True,1
1788791363.581,1788790877.8,78.66045383333334,16.945577166666666,True,1
1788791363.784,1788790878.0,78.66045383333334,16.94557616666667,True,1
1788791363.983,1788790878.2,78.66045383333334,16.945575166666668,True,1
1788791364.181,1788790878.4,78.66045366666667,16.945574500000003,True,1
1788791364.383,1788790878.6,78.66045366666667,16.945573833333334,True,1
1788791364.583,1788790878.8,78.66045349999999,16.94557316666667,True,1
1788791364.783,1788790879.0,78.66045349999999,16.945572000000002,True,1
1788791364.983,1788790879.2,78.66045349999999,16.945571166666664,True,1
1788791365.186,1788790879.4,78.66045349999999,16.9455705,True,1
1788791365.384,1788790879.6,78.66045333333334,16.945570166666666,True,1
1788791365.584,1788790879.8,78.66045316666667,16.94556983333333,True,1
1788791365.785,1788790880.0,78.660453,16.94556933333333,True,1
1788791365.984,1788790880.2,78.660453,16.94556833333333,True,1
1788791366.186,1788790880.4,78.660453,16.945567333333333,True,1
1788791366.384,1788790880.6,78.660453,16.945566666666664,True,1
1788791366.584,1788790880.8,78.66045283333332,16.945566499999998,True,1
1788791366.784,1788790881.0,78.66045266666667,16.945566333333332,True,1
1788791366.983,1788790881.2,78.66045266666667,16.945565833333333,True,1
1788791367.185,1788790881.4,78.6604525,16.945565,True,1
1788791367.386,1788790881.6,78.6604525,16.945564,True,1
1788791367.584,1788790881.8,78.6604525,16.9455635,True,1
1788791367.784,1788790882.0,78.66045233333332,16.945563333333332,True,1
1788791367.983,1788790882.2,78.66045233333332,16.945563166666666,True,1
1788791368.183,1788790882.4,78.66045216666666,16.945562833333334,True,1
1788791368.381,1788790882.6,78.66045216666666,16.945561833333333,True,1
1788791368.582,1788790882.8,78.66045216666666,16.945561,True,1
1788791368.783,1788790883.0,78.66045216666666,16.9455605,True,1
1788791368.983,1788790883.2,78.66045216666666,16.945560333333333,True,1
1788791369.184,1788790883.4,78.66045216666666,16.945560333333333,True,1
1788791369.385,1788790883.6,78.66045216666666,16.945559666666668,True,1
1788791369.583,1788790883.8,78.66045216666666,16.945559,True,1
1788791369.783,1788790884.0,78.66045216666666,16.945558166666668,True,1
1788791369.985,1788790884.2,78.66045216666666,16.945557666666666,True,1
1788791370.185,1788790884.4,78.66045216666666,16.9455575,True,1
1788791370.385,1788790884.6,78.66045216666666,16.945557166666667,True,1
1788791370.584,1788790884.8,78.66045216666666,16.945556500000002,True,1
1788791370.784,1788790885.0,78.66045216666666,16.9455555,True,1
1788791370.984,1788790885.2,78.66045216666666,16.9455545,True,1
1788791371.182,1788790885.4,78.660452,16.94555366666667,True,1
1788791371.383,1788790885.6,78.660452,16.945553,True,1
1788791371.583,1788790885.8,78.660452,16.9455525,True,1
1788791371.784,1788790886.0,78.66045183333334,16.945551833333333,True,1
1788791371.984,1788790886.2,78.66045183333334,16.945550833333336,True,1
1788791372.183,1788790886.4,78.66045183333334,16.94554966666667,True,1
1788791372.384,1788790886.6,78.66045166666666,16.945549000000003,True,1
1788791372.582,1788790886.8,78.66045166666666,16.94554833333333,True,1
1788791372.786,1788790887.0,78.66045166666666,16.945547666666666,True,1
1788791372.984,1788790887.2,78.6604515,16.945546999999998,True,1
1788791373.183,1788790887.4,78.66045166666666,16.9455465,True,1
1788791373.385,1788790887.6,78.66045183333334,16.945546333333333,True,1
1788791373.584,1788790887.8,78.66045233333332,16.945546666666665,True,1
1788791373.785,1788790888.0,78.66045266666667,16.945547833333332,True,1
1788791373.984,1788790888.2,78.66045333333334,16.945549000000003,True,1
1788791374.184,1788790888.4,78.66045383333334,16.945550166666667,True,1
1788791374.383,1788790888.6,78.6604545,16.945552000000003,True,1
1788791374.583,1788790888.8,78.660455,16.945553833333335,True,1
1788791374.784,1788790889.0,78.66045566666666,16.945556166666666,True,1
1788791374.984,1788790889.2,78.66045633333333,16.945559,True,1
1788791375.188,1788790889.4,78.66045683333333,16.945562166666665,True,1
1788791375.382,1788790889.6,78.66045749999999,16.945564833333332,True,1
1788791375.585,1788790889.8,78.660458,16.945568166666664,True,1
1788791375.785,1788790890.0,78.66045866666667,16.94557133333333,True,1
1788791375.986,1788790890.2,78.66045933333334,16.945574833333335,True,1
1788791376.184,1788790890.4,78.66045983333333,16.945578666666666,True,1
1788791376.383,1788790890.6,78.66046033333333,16.945582333333334,True,1
1788791376.583,1788790890.8,78.66046083333335,16.94558633333333,True,1
1788791376.784,1788790891.0,78.66046133333333,16.945590166666666,True,1
1788791376.984,1788790891.2,78.66046183333333,16.945593666666664,True,1
1788791377.184,1788790891.4,78.66046233333333,16.9455975,True,1
1788791377.384,1788790891.6,78.66046283333334,16.945601333333332,True,1
1788791377.582,1788790891.8,78.66046316666666,16.945605,True,1
1788791377.783,1788790892.0,78.66046366666666,16.945609,True,1
1788791377.982,1788790892.2,78.660464,16.945612999999998,True,1
1788791378.182,1788790892.4,78.66046466666667,16.9456175,True,1
1788791378.383,1788790892.6,78.66046516666667,16.945622,True,1
1788791378.584,1788790892.8,78.66046583333333,16.945626833333332,True,1
1788791378.783,1788790893.0,78.66046666666666,16.945631833333334,True,1
1788791378.982,1788790893.2,78.66046750000001,16.945636666666665,True,1
1788791379.184,1788790893.4,78.66046816666667,16.945641666666667,True,1
1788791379.383,1788790893.6,78.66046916666666,16.94564666666667,True,1
1788791379.583,1788790893.8,78.66047,16.9456515,True,1
1788791379.783,1788790894.0,78.66047083333333,16.945656333333332,True,1
1788791379.983,1788790894.2,78.66047183333333,16.945661500000003,True,1
1788791380.183,1788790894.4,78.66047283333334,16.945666666666668,True,1
1788791380.384,1788790894.6,78.66047383333333,16.945671833333332,True,1
1788791380.582,1788790894.8,78.66047466666667,16.945676833333334,True,1
1788791380.782,1788790895.0,78.66047583333334,16.945682166666664,True,1
1788791380.985,1788790895.2,78.66047666666667,16.945687333333336,True,1
1788791381.183,1788790895.4,78.66047766666667,16.945692666666666,True,1
1788791381.385,1788790895.6,78.66047883333334,16.945698333333333,True,1
1788791381.584,1788790895.8,78.66047983333333,16.945703666666667,True,1
1788791381.785,1788790896.0,78.66048083333334,16.945709333333333,True,1
1788791381.983,1788790896.2,78.660482,16.945715,True,1
1788791382.181,1788790896.4,78.66048300000001,16.945720666666666,True,1
1788791382.383,1788790896.6,78.66048416666666,16.945726333333333,True,1
1788791382.583,1788790896.8,78.66048516666666,16.945732,True,1
1788791382.783,1788790897.0,78.66048616666667,16.945737833333332,True,1
1788791382.983,1788790897.2,78.66048733333334,16.94574383333333,True,1
1788791383.183,1788790897.4,78.66048833333333,16.945749666666664,True,1
1788791383.383,1788790897.6,78.66048933333333,16.9457555,True,1
1788791383.582,1788790897.8,78.66049033333334,16.9457615,True,1
1788791383.784,1788790898.0,78.6604915,16.9457675,True,1
1788791383.983,1788790898.2,78.66049249999999,16.94577333333333,True,1
1788791384.184,1788790898.4,78.66049366666667,16.9457795,True,1
1788791384.384,1788790898.6,78.66049466666666,16.945785666666666,True,1
1788791384.582,1788790898.8,78.66049566666668,16.945791666666665,True,1
1788791384.782,1788790899.0,78.66049683333334,16.945798,True,1
1788791384.981,1788790899.2,78.66049783333332,16.945804,True,1
1788791385.182,1788790899.4,78.660499,16.945809999999998,True,1
1788791385.382,1788790899.6,78.6605,16.945815999999997,True,1
1788791385.582,1788790899.8,78.66050100000001,16.945821666666667,True,1
1788791385.782,1788790900.0,78.66050216666666,16.945827333333334,True,1
1788791385.982,1788790900.2,78.66050316666666,16.945833333333333,True,1
1788791386.183,1788790900.4,78.66050416666667,16.945839,True,1
1788791386.381,1788790900.6,78.66050533333333,16.945844833333336,True,1
1788791386.584,1788790900.8,78.66050633333333,16.9458505,True,1
1788791386.783,1788790901.0,78.66050733333333,16.945856166666665,True,1
1788791386.983,1788790901.2,78.6605085,16.945861666666666,True,1
1788791387.183,1788790901.4,78.6605095,16.94586716666667,True,1
1788791387.383,1788790901.6,78.6605105,16.9458725,True,1
1788791387.582,1788790901.8,78.66051166666666,16.945878,True,1
1788791387.784,1788790902.0,78.66051266666666,16.94588333333333,True,1
1788791387.983,1788790902.2,78.66051383333334,16.94588866666667,True,1
1788791388.185,1788790902.4,78.660515,16.945894,True,1
1788791388.384,1788790902.6,78.660516,16.945899166666667,True,1
1788791388.581,1788790902.8,78.66051716666666,16.945904499999997,True,1
1788791388.782,1788790903.0,78.66051833333333,16.945909833333335,True,1
1788791388.982,1788790903.2,78.66051933333333,16.945914833333333,True,1
1788791389.181,1788790903.4,78.6605205,16.94592,True,1
1788791389.384,1788790903.6,78.66052166666667,16.945925166666665,True,1
1788791389.584,1788790903.8,78.66052283333333,16.945929999999997,True,1
1788791389.783,1788790904.0,78.660524,16.945935000000002,True,1
1788791389.984,1788790904.2,78.66052516666667,16.945939666666668,True,1
1788791390.185,1788790904.4,78.66052633333334,16.945944666666666,True,1
1788791390.385,1788790904.6,78.6605275,16.945949499999998,True,1
1788791390.584,1788790904.8,78.66052866666668,16.945954333333336,True,1
1788791390.784,1788790905.0,78.66053000000001,16.945959000000002,True,1
1788791390.983,1788790905.2,78.66053116666667,16.945963666666668,True,1
1788791391.182,1788790905.4,78.66053233333334,16.9459685,True,1
1788791391.381,1788790905.6,78.66053366666667,16.945973,True,1
1788791391.583,1788790905.8,78.66053483333333,16.9459775,True,1
1788791391.784,1788790906.0,78.66053616666666,16.945982166666667,True,1
1788791391.983,1788790906.2,78.66053749999999,16.945987,True,1
1788791392.186,1788790906.4,78.66053883333333,16.945991666666664,True,1
1788791392.385,1788790906.6,78.66054016666666,16.9459965,True,1
1788791392.585,1788790906.8,78.66054166666666,16.946001666666668,True,1
1788791392.784,1788790907.0,78.66054316666667,16.946006833333335,True,1
1788791392.984,1788790907.2,78.66054483333333,16.946012166666666,True,1
1788791393.184,1788790907.4,78.66054633333333,16.946017666666666,True,1
1788791393.384,1788790907.6,78.66054783333334,16.946023333333336,True,1
1788791393.583,1788790907.8,78.66054949999999,16.946029,True,1
1788791393.785,1788790908.0,78.66055116666666,16.946034833333332,True,1
1788791393.984,1788790908.2,78.66055283333334,16.946040666666665,True,1
1788791394.184,1788790908.4,78.6605545,16.946046333333335,True,1
1788791394.382,1788790908.6,78.66055616666667,16.946052333333334,True,1
1788791394.58,1788790908.8,78.66055783333333,16.946058166666667,True,1
1788791394.783,1788790909.0,78.6605595,16.946064166666666,True,1
1788791394.983,1788790909.2,78.66056116666667,16.94607016666667,True,1
1788791395.181,1788790909.4,78.66056283333334,16.946076166666668,True,1
1788791395.383,1788790909.6,78.66056466666667,16.946082333333333,True,1
1788791395.583,1788790909.8,78.66056633333332,16.9460885,True,1
1788791395.785,1788790910.0,78.660568,16.946094666666667,True,1
1788791395.983,1788790910.2,78.66056983333333,16.946100833333333,True,1
1788791396.183,1788790910.4,78.6605715,16.946106999999998,True,1
1788791396.383,1788790910.6,78.66057316666667,16.946113333333336,True,1
1788791396.583,1788790910.8,78.66057500000001,16.946119500000002,True,1
1788791396.79,1788790911.0,78.66057666666667,16.946126,True,1
1788791396.982,1788790911.2,78.6605785,16.946132499999997,True,1
1788791397.183,1788790911.4,78.66058016666666,16.946138833333336,True,1
1788791397.381,1788790911.6,78.66058183333332,16.946145166666668,True,1
1788791397.584,1788790911.8,78.66058366666667,16.9461515,True,1
1788791397.784,1788790912.0,78.66058533333333,16.946158166666667,True,1
1788791397.983,1788790912.2,78.660587,16.946164666666668,True,1
1788791398.185,1788790912.4,78.66058866666667,16.946171166666666,True,1
1788791398.382,1788790912.6,78.66059033333333,16.946177499999997,True,1
1788791398.582,1788790912.8,78.660592,16.946184000000002,True,1
1788791398.78,1788790913.0,78.66059366666667,16.946190666666666,True,1
1788791398.982,1788790913.2,78.66059533333333,16.946196999999998,True,1
1788791399.183,1788790913.4,78.66059700000001,16.946203500000003,True,1
1788791399.384,1788790913.6,78.66059866666666,16.946210166666667,True,1
1788791399.582,1788790913.8,78.66060016666667,16.9462165,True,1
1788791399.783,1788790914.0,78.66060183333335,16.946222833333334,True,1
1788791399.983,1788790914.2,78.6606035,16.94622916666667,True,1
1788791400.181,1788790914.4,78.660605,16.946236,True,1
1788791400.384,1788790914.6,78.66060666666667,16.94624233333333,True,1
1788791400.583,1788790914.8,78.66060816666666,16.94624866666667,True,1
1788791400.782,1788790915.0,78.66060983333334,16.946255166666667,True,1
1788791400.984,1788790915.2,78.6606115,16.94626183333333,True,1
1788791401.183,1788790915.4,78.66061316666666,16.9462685,True,1
1788791401.384,1788790915.6,78.66061466666666,16.946274833333334,True,1
1788791401.582,1788790915.8,78.66061633333334,16.9462815,True,1
1788791401.782,1788790916.0,78.66061800000001,16.94628833333333,True,1
1788791401.982,1788790916.2,78.6606195,16.946294833333333,True,1
1788791402.182,1788790916.4,78.66062116666667,16.9463015,True,1
1788791402.382,1788790916.6,78.66062266666667,16.94630833333333,True,1
1788791402.582,1788790916.8,78.66062433333333,16.946315000000002,True,1
1788791402.784,1788790917.0,78.66062600000001,16.9463215,True,1
1788791402.981,1788790917.2,78.66062749999999,16.946328,True,1
1788791403.183,1788790917.4,78.660629,16.946334666666665,True,1
1788791403.382,1788790917.6,78.66063066666668,16.946341333333333,True,1
1788791403.582,1788790917.8,78.66063233333333,16.946348,True,1
1788791403.783,1788790918.0,78.660634,16.946354666666664,True,1
1788791403.984,1788790918.2,78.6606355,16.94636116666667,True,1
1788791404.183,1788790918.4,78.66063716666666,16.946367833333333,True,1
1788791404.382,1788790918.6,78.66063866666667,16.9463745,True,1
1788791404.583,1788790918.8,78.66064016666665,16.946381,True,1
1788791404.782,1788790919.0,78.66064183333333,16.946387666666666,True,1
1788791404.982,1788790919.2,78.66064333333334,16.946394,True,1
1788791405.183,1788790919.4,78.660645,16.9464005,True,1
1788791405.382,1788790919.6,78.6606465,16.946407166666667,True,1
1788791405.579,1788790919.8,78.66064816666668,16.946413333333332,True,1
1788791405.783,1788790920.0,78.66064966666666,16.94642,True,1
1788791405.991,1788790920.2,78.66065133333333,16.946426499999998,True,1
1788791406.182,1788790920.4,78.66065283333334,16.946433000000003,True,1
1788791406.384,1788790920.6,78.66065449999999,16.946439333333334,True,1
1788791406.583,1788790920.8,78.66065616666667,16.946445666666666,True,1
1788791406.783,1788790921.0,78.66065783333333,16.946452166666667,True,1
1788791406.984,1788790921.2,78.66065933333333,16.94645866666667,True,1
1788791407.184,1788790921.4,78.66066099999999,16.946465,True,1
1788791407.383,1788790921.6,78.66066266666667,16.946471666666664,True,1
1788791407.581,1788790921.8,78.66066433333334,16.946477833333333,True,1
1788791407.784,1788790922.0,78.660666,16.946484166666668,True,1
1788791407.983,1788790922.2,78.66066766666667,16.946490666666666,True,1
1788791408.182,1788790922.4,78.66066916666666,16.946497,True,1
1788791408.382,1788790922.6,78.66067083333334,16.946503333333332,True,1
1788791408.584,1788790922.8,78.66067249999999,16.94650933333333,True,1
1788791408.784,1788790923.0,78.66067416666667,16.946515499999997,True,1
1788791408.982,1788790923.2,78.66067583333333,16.94652166666667,True,1
1788791409.183,1788790923.4,78.6606775,16.946527666666668,True,1
1788791409.384,1788790923.6,78.66067916666665,16.946534,True,1
1788791409.583,1788790923.8,78.66068083333333,16.94654016666667,True,1
1788791409.782,1788790924.0,78.6606825,16.946546,True,1
1788791409.982,1788790924.2,78.66068416666667,16.946552,True,1
1788791410.182,1788790924.4,78.660686,16.946558,True,1
1788791410.383,1788790924.6,78.66068766666667,16.946564000000002,True,1
1788791410.582,1788790924.8,78.66068933333332,16.946570166666667,True,1
1788791410.782,1788790925.0,78.660691,16.946576166666667,True,1
1788791410.983,1788790925.2,78.66069283333333,16.946582,True,1
1788791411.181,1788790925.4,78.66069433333334,16.946588000000002,True,1
1788791411.383,1788790925.6,78.660696,16.946593833333335,True,1
1788791411.583,1788790925.8,78.66069783333334,16.946599833333334,True,1
1788791411.783,1788790926.0,78.66069949999999,16.946605833333333,True,1
1788791411.983,1788790926.2,78.66070116666667,16.9466115,True,1
1788791412.183,1788790926.4,78.66070283333333,16.946616666666667,True,1
1788791412.383,1788790926.6,78.66070416666666,16.9466215,True,1
1788791412.581,1788790926.8,78.66070549999999,16.946625833333332,True,1
1788791412.784,1788790927.0,78.66070683333334,16.946630000000003,True,1
1788791412.983,1788790927.2,78.66070800000001,16.946633833333333,True,1
1788791413.181,1788790927.4,78.66070916666666,16.9466375,True,1
1788791413.383,1788790927.6,78.66071016666666,16.946641,True,1
1788791413.582,1788790927.8,78.66071116666667,16.946644,True,1
1788791413.782,1788790928.0,78.660712,16.946647166666665,True,1
1788791413.982,1788790928.2,78.660713,16.946649833333332,True,1
1788791414.183,1788790928.4,78.66071383333333,16.946652500000003,True,1
1788791414.382,1788790928.6,78.6607145,16.94665516666667,True,1
1788791414.583,1788790928.8,78.66071533333334,16.946657666666667,True,1
1788791414.784,1788790929.0,78.66071600000001,16.946660166666668,True,1
1788791414.982,1788790929.2,78.66071683333332,16.9466625,True,1
1788791415.182,1788790929.4,78.66071749999999,16.9466645,True,1
1788791415.381,1788790929.6,78.66071816666665,16.94666683333333,True,1
1788791415.581,1788790929.8,78.66071866666667,16.946668833333334,True,1
1788791415.781,1788790930.0,78.66071933333333,16.946670833333332,True,1
1788791415.982,1788790930.2,78.66072000000001,16.946672666666664,True,1
1788791416.183,1788790930.4,78.6607205,16.94667466666667,True,1
1788791416.383,1788790930.6,78.66072116666666,16.946676333333336,True,1
1788791416.582,1788790930.8,78.66072166666666,16.94667816666667,True,1
1788791416.782,1788790931.0,78.66072216666666,16.946679666666668,True,1
1788791416.983,1788790931.2,78.66072283333332,16.946681333333334,True,1
1788791417.183,1788790931.4,78.66072333333334,16.946682833333334,True,1
1788791417.383,1788790931.6,78.66072383333334,16.9466845,True,1
1788791417.582,1788790931.8,78.66072433333333,16.946685833333333,True,1
1788791417.798,1788790932.0,78.66072466666667,16.946687333333333,True,1
1788791417.984,1788790932.2,78.66072516666667,16.946688833333333,True,1
1788791418.183,1788790932.4,78.6607255,16.946690333333333,True,1
1788791418.384,1788790932.6,78.66072600000001,16.9466915,True,1
1788791418.583,1788790932.8,78.6607265,16.946693166666666,True,1
1788791418.78,1788790933.0,78.66072716666666,16.946695166666665,True,1
1788791418.982,1788790933.2,78.66072783333334,16.94669766666667,True,1
1788791419.181,1788790933.4,78.66072883333332,16.946701166666667,True,1
1788791419.38,1788790933.6,78.66073,16.946705333333334,True,1
1788791419.581,1788790933.8,78.66073150000001,16.946710333333332,True,1
1788791419.784,1788790934.0,78.66073316666666,16.946715666666666,True,1
1788791419.983,1788790934.2,78.66073483333334,16.94672166666667,True,1
1788791420.185,1788790934.4,78.66073666666666,16.9467275,True,1
1788791420.385,1788790934.6,78.66073866666667,16.946734166666666,True,1
1788791420.583,1788790934.8,78.6607405,16.946740666666667,True,1
1788791420.785,1788790935.0,78.66074266666666,16.9467475,True,1
1788791420.982,1788790935.2,78.66074483333334,16.9467545,True,1
1788791421.182,1788790935.4,78.66074683333333,16.946761833333333,True,1
1788791421.382,1788790935.6,78.660749,16.946769166666666,True,1
1788791421.581,1788790935.8,78.66075133333334,16.946776333333332,True,1
1788791421.783,1788790936.0,78.6607535,16.94678383333333,True,1
1788791421.982,1788790936.2,78.66075583333333,16.946791333333334,True,1
1788791422.182,1788790936.4,78.660758,16.9467985,True,1
1788791422.383,1788790936.6,78.66076033333334,16.946805833333332,True,1
1788791422.589,1788790936.8,78.66076249999999,16.946813000000002,True,1
1788791422.784,1788790937.0,78.66076483333333,16.946820166666665,True,1
1788791422.984,1788790937.2,78.660767,16.94682733333333,True,1
1788791423.183,1788790937.4,78.66076933333333,16.946834666666668,True,1
1788791423.384,1788790937.6,78.6607715,16.946841333333335,True,1
1788791423.582,1788790937.8,78.66077383333332,16.946848166666665,True,1
1788791423.784,1788790938.0,78.660776,16.946854833333337,True,1
1788791423.984,1788790938.2,78.66077816666666,16.946861166666668,True,1
1788791424.184,1788790938.4,78.66078016666667,16.946867166666667,True,1
1788791424.383,1788790938.6,78.660782,16.946872666666664,True,1
1788791424.583,1788790938.8,78.66078383333334,16.946878,True,1
1788791424.782,1788790939.0,78.66078566666667,16.946883,True,1
1788791424.981,1788790939.2,78.66078716666667,16.9468875,True,1
1788791425.183,1788790939.4,78.66078866666666,16.946892,True,1
1788791425.383,1788790939.6,78.66078999999999,16.946895666666666,True,1
1788791425.582,1788790939.8,78.66079133333332,16.946899166666665,True,1
1788791425.783,1788790940.0,78.6607925,16.946902833333336,True,1
1788791425.985,1788790940.2,78.6607935,16.946905833333336,True,1
1788791426.184,1788790940.4,78.66079450000001,16.946908666666666,True,1
1788791426.381,1788790940.6,78.66079549999999,16.946911333333333,True,1
1788791426.582,1788790940.8,78.6607965,16.946913666666667,True,1
1788791426.782,1788790941.0,78.66079733333332,16.946916166666664,True,1
1788791426.982,1788790941.2,78.66079816666667,16.946918333333333,True,1
1788791427.182,1788790941.4,78.660799,16.946920499999997,True,1
1788791427.384,1788790941.6,78.66079966666666,16.946922333333337,True,1
1788791427.584,1788790941.8,78.66080050000001,16.9469245,True,1
1788791427.782,1788790942.0,78.66080116666667,16.946926333333334,True,1
1788791427.984,1788790942.2,78.66080183333334,16.946928,True,1
1788791428.183,1788790942.4,78.6608025,16.946929666666666,True,1
1788791428.384,1788790942.6,78.66080316666667,16.946931333333335,True,1
1788791428.588,1788790942.8,78.66080366666667,16.946932833333335,True,1
1788791428.785,1788790943.0,78.66080433333333,16.946934166666665,True,1
1788791428.983,1788790943.2,78.66080483333333,16.946936,True,1
1788791429.182,1788790943.4,78.6608055,16.946937166666665,True,1
1788791429.382,1788790943.6,78.66080600000001,16.946938666666664,True,1
1788791429.582,1788790943.8,78.66080666666667,16.94693983333333,True,1
1788791429.782,1788790944.0,78.66080716666667,16.946941166666665,True,1
1788791429.982,1788790944.2,78.66080766666667,16.946942666666665,True,1
1788791430.182,1788790944.4,78.66080816666665,16.946943833333332,True,1
1788791430.381,1788790944.6,78.66080866666667,16.946945000000003,True,1
1788791430.583,1788790944.8,78.66080916666667,16.946946166666667,True,1
1788791430.784,1788790945.0,78.66080966666667,16.946947333333334,True,1
1788791430.984,1788790945.2,78.66081016666666,16.946948666666668,True,1
1788791431.183,1788790945.4,78.66081066666668,16.946949500000002,True,1
1788791431.384,1788790945.6,78.660811,16.9469505,True,1
1788791431.583,1788790945.8,78.6608115,16.946951833333333,True,1
1788791431.784,1788790946.0,78.660812,16.946952500000002,True,1
1788791431.983,1788790946.2,78.66081233333333,16.946953333333333,True,1
1788791432.184,1788790946.4,78.66081283333332,16.946954166666668,True,1
1788791432.383,1788790946.6,78.66081316666667,16.946955166666665,True,1
1788791432.582,1788790946.8,78.66081349999999,16.946955833333334,True,1
1788791432.784,1788790947.0,78.66081383333334,16.9469565,True,1
1788791432.983,1788790947.2,78.66081433333333,16.946957166666667,True,1
1788791433.181,1788790947.4,78.66081466666667,16.946957833333332,True,1
1788791433.383,1788790947.6,78.660815,16.946958666666667,True,1
1788791433.583,1788790947.8,78.66081533333333,16.946959333333332,True,1
1788791433.784,1788790948.0,78.66081566666666,16.94696,True,1
1788791433.984,1788790948.2,78.66081600000001,16.9469605,True,1
1788791434.184,1788790948.4,78.66081633333333,16.946961166666664,True,1
1788791434.384,1788790948.6,78.66081666666668,16.946961833333333,True,1
1788791434.584,1788790948.8,78.660817,16.946962166666665,True,1
1788791434.783,1788790949.0,78.66081733333334,16.946962499999998,True,1
1788791434.984,1788790949.2,78.66081766666666,16.946963166666666,True,1
1788791435.184,1788790949.4,78.66081783333334,16.946963666666665,True,1
1788791435.385,1788790949.6,78.66081816666666,16.94696383333333,True,1
1788791435.582,1788790949.8,78.6608185,16.946964166666664,True,1
1788791435.783,1788790950.0,78.66081866666667,16.9469645,True,1
1788791435.981,1788790950.2,78.660819,16.946964666666666,True,1
1788791436.185,1788790950.4,78.66081916666667,16.94696533333333,True,1
1788791436.383,1788790950.6,78.66081949999999,16.94696533333333,True,1
1788791436.584,1788790950.8,78.66081966666667,16.946965666666664,True,1
1788791436.785,1788790951.0,78.66082,16.946966,True,1
1788791436.984,1788790951.2,78.66082016666665,16.946966166666666,True,1
1788791437.184,1788790951.4,78.66082033333333,16.94696683333333,True,1
1788791437.393,1788790951.6,78.66082066666667,16.946967166666663,True,1
1788791437.583,1788790951.8,78.660821,16.946967833333336,True,1
1788791437.784,1788790952.0,78.66082133333333,16.946968833333337,True,1
1788791437.983,1788790952.2,78.66082166666666,16.946969833333334,True,1
1788791438.182,1788790952.4,78.66082200000001,16.946970833333335,True,1
1788791438.383,1788790952.6,78.66082216666668,16.946971833333336,True,1
1788791438.584,1788790952.8,78.6608225,16.946972833333334,True,1
1788791438.781,1788790953.0,78.66082283333334,16.946973833333335,True,1
1788791438.983,1788790953.2,78.660823,16.946974666666666,True,1
1788791439.183,1788790953.4,78.66082333333334,16.9469755,True,1
1788791439.382,1788790953.6,78.6608235,16.9469765,True,1
1788791439.582,1788790953.8,78.66082383333334,16.946977333333333,True,1
1788791439.784,1788790954.0,78.66082416666667,16.946978333333334,True,1
1788791439.984,1788790954.2,78.6608245,16.946979166666665,True,1
1788791440.182,1788790954.4,78.66082483333334,16.94698,True,1
1788791440.382,1788790954.6,78.66082533333334,16.946980833333335,True,1
1788791440.582,1788790954.8,78.66082566666667,16.9469815,True,1
1788791440.782,1788790955.0,78.66082616666667,16.946982333333334,True,1
1788791440.983,1788790955.2,78.6608265,16.946983166666666,True,1
1788791441.183,1788790955.4,78.66082683333335,16.946983666666664,True,1
1788791441.383,1788790955.6,78.66082733333333,16.946984333333333,True,1
1788791441.58,1788790955.8,78.66082766666666,16.946984999999998,True,1
1788791441.784,1788790956.0,78.66082816666668,16.946985666666667,True,1
1788791441.982,1788790956.2,78.66082866666667,16.946986666666664,True,1
1788791442.183,1788790956.4,78.66082916666666,16.9469875,True,1
1788791442.384,1788790956.6,78.6608295,16.946988333333334,True,1
1788791442.586,1788790956.8,78.66083,16.946989166666665,True,1
1788791442.784,1788790957.0,78.6608305,16.946990000000003,True,1
1788791442.983,1788790957.2,78.66083083333334,16.946991,True,1
1788791443.183,1788790957.4,78.66083133333333,16.946991833333335,True,1
1788791443.385,1788790957.6,78.66083166666667,16.946992833333336,True,1
1788791443.582,1788790957.8,78.66083216666667,16.9469935,True,1
1788791443.783,1788790958.0,78.66083266666666,16.946994333333336,True,1
1788791443.982,1788790958.2,78.66083316666666,16.946995333333334,True,1
1788791444.183,1788790958.4,78.66083366666666,16.94699616666667,True,1
1788791444.382,1788790958.6,78.66083400000001,16.946996833333333,True,1
1788791444.584,1788790958.8,78.66083449999999,16.946997833333334,True,1
1788791444.784,1788790959.0,78.66083499999999,16.9469985,True,1
1788791444.983,1788790959.2,78.6608355,16.946999333333334,True,1
1788791445.186,1788790959.4,78.660836,16.947000166666665,True,1
1788791445.383,1788790959.6,78.66083633333332,16.947001,True,1
1788791445.583,1788790959.8,78.66083683333333,16.947001833333335,True,1
1788791445.784,1788790960.0,78.66083733333333,16.947002833333332,True,1
1788791445.982,1788790960.2,78.66083783333333,16.947004166666666,True,1
1788791446.186,1788790960.4,78.6608385,16.947005666666666,True,1
1788791446.382,1788790960.6,78.66083916666666,16.94700733333333,True,1
1788791446.582,1788790960.8,78.66084000000001,16.94700933333333,True,1
1788791446.785,1788790961.0,78.66084083333334,16.947011333333332,True,1
1788791446.981,1788790961.2,78.66084183333334,16.947013833333333,True,1
1788791447.183,1788790961.4,78.66084283333333,16.947016333333334,True,1
1788791447.383,1788790961.6,78.66084383333333,16.94701866666667,True,1
1788791447.584,1788790961.8,78.66084500000001,16.947021166666666,True,1
1788791447.786,1788790962.0,78.660846,16.947024,True,1
1788791447.984,1788790962.2,78.66084716666666,16.947026666666666,True,1
1788791448.185,1788790962.4,78.66084833333333,16.947029333333333,True,1
1788791448.382,1788790962.6,78.6608495,16.947032166666666,True,1
1788791448.582,1788790962.8,78.66085083333334,16.94703483333333,True,1
1788791448.783,1788790963.0,78.660852,16.947037666666667,True,1
1788791448.982,1788790963.2,78.66085333333334,16.9470405,True,1
1788791449.182,1788790963.4,78.6608545,16.947043333333333,True,1
1788791449.381,1788790963.6,78.660856,16.9470465,True,1
1788791449.583,1788790963.8,78.66085733333333,16.947049333333332,True,1
1788791449.782,1788790964.0,78.66085849999999,16.947052666666664,True,1
1788791449.985,1788790964.2,78.66086,16.947055499999998,True,1
1788791450.184,1788790964.4,78.66086133333333,16.947058666666667,True,1
1788791450.385,1788790964.6,78.66086283333334,16.947061833333333,True,1
1788791450.585,1788790964.8,78.66086416666667,16.947065333333335,True,1
1788791450.785,1788790965.0,78.66086566666667,16.9470685,True,1
1788791450.985,1788790965.2,78.66086700000001,16.947071666666666,True,1
1788791451.182,1788790965.4,78.6608685,16.947074833333332,True,1
1788791451.383,1788790965.6,78.66087,16.947078166666664,True,1
1788791451.583,1788790965.8,78.66087133333333,16.94708166666667,True,1
1788791451.784,1788790966.0,78.66087283333333,16.947084833333335,True,1
1788791451.984,1788790966.2,78.66087433333334,16.947088166666667,True,1
1788791452.184,1788790966.4,78.66087566666667,16.9470915,True,1
1788791452.385,1788790966.6,78.66087716666667,16.94709483333333,True,1
1788791452.58,1788790966.8,78.66087866666666,16.947098,True,1
1788791452.784,1788790967.0,78.66088016666666,16.9471015,True,1
1788791452.983,1788790967.2,78.6608815,16.947104500000002,True,1
1788791453.185,1788790967.4,78.660883,16.947107833333334,True,1
1788791453.385,1788790967.6,78.66088433333333,16.947111166666666,True,1
1788791453.583,1788790967.8,78.66088583333334,16.94711433333333,True,1
1788791453.783,1788790968.0,78.66088733333332,16.947117666666667,True,1
1788791453.981,1788790968.2,78.66088883333333,16.947120833333333,True,1
1788791454.183,1788790968.4,78.66089033333333,16.947123833333332,True,1
1788791454.384,1788790968.6,78.66089166666667,16.947127000000002,True,1
1788791454.581,1788790968.8,78.66089316666667,16.947130333333334,True,1
1788791454.782,1788790969.0,78.6608945,16.9471335,True,1
1788791454.982,1788790969.2,78.66089600000001,16.94713683333333,True,1
1788791455.182,1788790969.4,78.66089733333334,16.947140166666667,True,1
1788791455.38,1788790969.6,78.66089883333333,16.947143333333333,True,1
1788791455.584,1788790969.8,78.66090016666666,16.9471465,True,1
1788791455.783,1788790970.0,78.66090166666666,16.947149833333334,True,1
1788791455.982,1788790970.2,78.66090316666667,16.947152833333334,True,1
1788791456.183,1788790970.4,78.6609045,16.947156,True,1
1788791456.398,1788790970.6,78.66090600000001,16.94715933333333,True,1
1788791456.585,1788790970.8,78.6609075,16.94716233333333,True,1
1788791456.784,1788790971.0,78.66090883333332,16.9471655,True,1
1788791456.982,1788790971.2,78.66091033333333,16.9471685,True,1
1788791457.182,1788790971.4,78.66091166666666,16.94717166666667,True,1
1788791457.383,1788790971.6,78.66091333333334,16.94717466666667,True,1
1788791457.584,1788790971.8,78.66091466666667,16.947178,True,1
1788791457.784,1788790972.0,78.66091616666667,16.947180833333334,True,1
1788791457.982,1788790972.2,78.66091750000001,16.947184,True,1
1788791458.182,1788790972.4,78.66091899999999,16.9471875,True,1
1788791458.385,1788790972.6,78.6609205,16.947191166666666,True,1
1788791458.584,1788790972.8,78.66092183333333,16.947194333333336,True,1
1788791458.785,1788790973.0,78.66092333333333,16.947197833333334,True,1
1788791458.982,1788790973.2,78.66092466666667,16.947201,True,1
1788791459.182,1788790973.4,78.66092616666667,16.94720433333333,True,1
1788791459.382,1788790973.6,78.6609275,16.947207666666667,True,1
1788791459.581,1788790973.8,78.660929,16.947210833333333,True,1
1788791459.784,1788790974.0,78.66093033333333,16.947214,True,1
1788791459.984,1788790974.2,78.66093183333334,16.947217333333334,True,1
1788791460.182,1788790974.4,78.66093316666667,16.9472205,True,1
1788791460.382,1788790974.6,78.66093466666666,16.94722416666667,True,1
1788791460.584,1788790974.8,78.660936,16.9472275,True,1
1788791460.782,1788790975.0,78.6609375,16.947230833333332,True,1
1788791460.984,1788790975.2,78.66093883333333,16.94723433333333,True,1
1788791461.184,1788790975.4,78.66094033333334,16.947237500000004,True,1
1788791461.384,1788790975.6,78.66094166666667,16.94724066666667,True,1
1788791461.583,1788790975.8,78.66094316666666,16.947244,True,1
1788791461.784,1788790976.0,78.6609445,16.947247166666667,True,1
1788791461.984,1788790976.2,78.660946,16.947250333333333,True,1
1788791462.183,1788790976.4,78.66094733333333,16.9472535,True,1
1788791462.382,1788790976.6,78.66094883333334,16.947256499999998,True,1
1788791462.582,1788790976.8,78.66095016666667,16.94725983333333,True,1
1788791462.784,1788790977.0,78.6609515,16.94726316666667,True,1
1788791462.983,1788790977.2,78.660953,16.9472665,True,1
1788791463.183,1788790977.4,78.66095433333334,16.947269666666667,True,1
1788791463.383,1788790977.6,78.66095583333335,16.947272833333333,True,1
1788791463.581,1788790977.8,78.66095716666668,16.947276166666665,True,1
1788791463.784,1788790978.0,78.66095866666666,16.947279499999997,True,1
1788791463.984,1788790978.2,78.66095999999999,16.94728266666667,True,1
1788791464.185,1788790978.4,78.6609615,16.947286166666668,True,1
1788791464.383,1788790978.6,78.66096283333333,16.947289166666668,True,1
1788791464.583,1788790978.8,78.66096433333334,16.947292333333333,True,1
1788791464.783,1788790979.0,78.66096566666667,16.947295666666665,True,1
1788791464.983,1788790979.2,78.66096716666667,16.94729883333333,True,1
1788791465.184,1788790979.4,78.66096850000001,16.947302166666667,True,1
1788791465.383,1788790979.6,78.66096983333334,16.94730566666667,True,1
1788791465.581,1788790979.8,78.66097133333332,16.947309,True,1
1788791465.783,1788790980.0,78.66097283333333,16.947312333333333,True,1
1788791465.988,1788790980.2,78.66097416666666,16.947315666666668,True,1
1788791466.181,1788790980.4,78.66097566666667,16.947319166666666,True,1
1788791466.381,1788790980.6,78.66097716666667,16.9473225,True,1
1788791466.586,1788790980.8,78.6609785,16.947325666666664,True,1
1788791466.785,1788790981.0,78.66098000000001,16.947329,True,1
1788791466.984,1788790981.2,78.66098133333334,16.947332333333335,True,1
1788791467.184,1788790981.4,78.66098283333334,16.947335666666667,True,1
1788791467.385,1788790981.6,78.66098433333333,16.947339,True,1
1788791467.583,1788790981.8,78.66098566666666,16.947342166666665,True,1
1788791467.781,1788790982.0,78.66098716666667,16.94734533333333,True,1
1788791467.982,1788790982.2,78.6609885,16.947348666666667,True,1
1788791468.182,1788790982.4,78.66099,16.947352000000002,True,1
1788791468.383,1788790982.6,78.6609915,16.947355166666668,True,1
1788791468.584,1788790982.8,78.66099283333332,16.9473585,True,1
1788791468.784,1788790983.0,78.66099433333333,16.947361666666666,True,1
1788791468.984,1788790983.2,78.66099566666666,16.94736483333333,True,1
1788791469.18,1788790983.4,78.66099716666666,16.947368166666667,True,1
1788791469.384,1788790983.6,78.66099866666667,16.947371333333333,True,1
1788791469.583,1788790983.8,78.661,16.94737466666667,True,1
1788791469.783,1788790984.0,78.66100133333333,16.947377833333334,True,1
1788791469.983,1788790984.2,78.66100283333334,16.947381333333333,True,1
1788791470.183,1788790984.4,78.66100416666667,16.9473845,True,1
1788791470.383,1788790984.6,78.66100566666667,16.947388,True,1
1788791470.582,1788790984.8,78.66100716666666,16.947391166666666,True,1
1788791470.783,1788790985.0,78.6610085,16.947394499999998,True,1
1788791470.983,1788790985.2,78.66100983333334,16.947398,True,1
1788791471.182,1788790985.4,78.66101133333333,16.947401,True,1
1788791471.382,1788790985.6,78.66101266666666,16.947404333333335,True,1
1788791471.582,1788790985.8,78.66101416666667,16.947407666666667,True,1
1788791471.783,1788790986.0,78.6610155,16.947410666666666,True,1
1788791471.982,1788790986.2,78.66101699999999,16.947414166666665,True,1
1788791472.183,1788790986.4,78.66101833333333,16.947417499999997,True,1
1788791472.384,1788790986.6,78.66101966666666,16.947420833333336,True,1
1788791472.584,1788790986.8,78.66102116666666,16.947424166666668,True,1
1788791472.783,1788790987.0,78.6610225,16.947427333333334,True,1
1788791472.984,1788790987.2,78.661024,16.947430333333333,True,1
1788791473.184,1788790987.4,78.66102533333333,16.94743383333333,True,1
1788791473.383,1788790987.6,78.66102683333334,16.947436999999997,True,1
1788791473.582,1788790987.8,78.66102833333333,16.94744016666667,True,1
1788791473.782,1788790988.0,78.66102966666668,16.94744366666667,True,1
1788791473.982,1788790988.2,78.66103100000001,16.947447,True,1
1788791474.183,1788790988.4,78.66103249999999,16.947450333333332,True,1
1788791474.383,1788790988.6,78.66103383333333,16.947453499999998,True,1
1788791474.581,1788790988.8,78.66103533333333,16.947456833333334,True,1
1788791474.783,1788790989.0,78.66103683333334,16.947460166666666,True,1
1788791474.982,1788790989.2,78.66103833333334,16.9474635,True,1
1788791475.182,1788790989.4,78.66103966666667,16.947466666666667,True,1
1788791475.383,1788790989.6,78.66104116666666,16.94747016666667,True,1
1788791475.581,1788790989.8,78.6610425,16.947473333333335,True,1
1788791475.782,1788790990.0,78.66104399999999,16.947476666666667,True,1
1788791475.982,1788790990.2,78.6610455,16.94748,True,1
1788791476.181,1788790990.4,78.66104683333333,16.947483166666665,True,1
1788791476.38,1788790990.6,78.66104833333334,16.947486,True,1
1788791476.586,1788790990.8,78.66104966666667,16.94748966666667,True,1
1788791476.781,1788790991.0,78.66105116666667,16.947492833333335,True,1
1788791476.982,1788790991.2,78.66105266666666,16.947495833333335,True,1
1788791477.181,1788790991.4,78.66105416666666,16.947499,True,1
1788791477.38,1788790991.6,78.66105566666667,16.947502166666666,True,1
1788791477.584,1788790991.8,78.66105716666667,16.947505333333332,True,1
1788791477.784,1788790992.0,78.66105850000001,16.947508333333335,True,1
1788791477.983,1788790992.2,78.66105999999999,16.9475115,True,1
1788791478.183,1788790992.4,78.6610615,16.9475145,True,1
1788791478.381,1788790992.6,78.661063,16.947517333333334,True,1
1788791478.582,1788790992.8,78.66106450000001,16.947520666666666,True,1
1788791478.784,1788790993.0,78.66106599999999,16.94752383333333,True,1
1788791478.982,1788790993.2,78.66106733333332,16.947526666666665,True,1
1788791479.182,1788790993.4,78.66106883333333,16.947529999999997,True,1
1788791479.384,1788790993.6,78.66107033333333,16.947533166666666,True,1
1788791479.583,1788790993.8,78.66107183333334,16.947536166666666,True,1
1788791479.783,1788790994.0,78.66107333333333,16.947539166666665,True,1
1788791479.984,1788790994.2,78.66107466666668,16.947542333333335,True,1
1788791480.182,1788790994.4,78.66107616666666,16.947545333333334,True,1
1788791480.385,1788790994.6,78.66107766666667,16.9475485,True,1
1788791480.584,1788790994.8,78.661079,16.947551833333332,True,1
1788791480.785,1788790995.0,78.6610805,16.947555,True,1
1788791480.983,1788790995.2,78.66108183333334,16.947558333333333,True,1
1788791481.183,1788790995.4,78.66108333333334,16.9475615,True,1
1788791481.383,1788790995.6,78.66108466666667,16.947564666666665,True,1
1788791481.581,1788790995.8,78.66108633333333,16.947568,True,1
1788791481.784,1788790996.0,78.66108766666666,16.947571166666666,True,1
1788791481.983,1788790996.2,78.66108916666667,16.947574666666664,True,1
1788791482.184,1788790996.4,78.6610905,16.947577833333334,True,1
1788791482.384,1788790996.6,78.661092,16.947581,True,1
1788791482.583,1788790996.8,78.66109333333334,16.947584333333335,True,1
1788791482.783,1788790997.0,78.66109483333334,16.947588,True,1
1788791482.981,1788790997.2,78.66109616666667,16.947591499999998,True,1
1788791483.184,1788790997.4,78.66109750000001,16.947594833333333,True,1
1788791483.382,1788790997.6,78.661099,16.94759816666667,True,1
1788791483.584,1788790997.8,78.66110033333332,16.9476015,True,1
1788791483.785,1788790998.0,78.66110183333333,16.947604333333334,True,1
1788791483.983,1788790998.2,78.66110316666666,16.9476075,True,1
1788791484.183,1788790998.4,78.66110466666667,16.9476105,True,1
1788791484.383,1788790998.6,78.66110616666667,16.94761383333333,True,1
1788791484.581,1788790998.8,78.66110766666667,16.947616999999997,True,1
1788791484.783,1788790999.0,78.66110916666666,16.947619999999997,True,1
1788791484.982,1788790999.2,78.66111066666667,16.947623,True,1
1788791485.181,1788790999.4,78.661112,16.947626166666666,True,1
1788791485.383,1788790999.6,78.6611135,16.947629,True,1
1788791485.58,1788790999.8,78.66111483333334,16.947631833333332,True,1
1788791485.78,1788791000.0,78.66111633333334,16.947635,True,1
1788791485.983,1788791000.2,78.66111783333334,16.94763783333333,True,1
1788791486.183,1788791000.4,78.66111933333333,16.947640666666665,True,1
1788791486.382,1788791000.6,78.66112066666666,16.947643666666668,True,1
1788791486.582,1788791000.8,78.66112216666667,16.9476465,True,1
1788791486.782,1788791001.0,78.6611235,16.947649666666667,True,1
1788791486.982,1788791001.2,78.661125,16.9476525,True,1
1788791487.181,1788791001.4,78.6611265,16.947655166666667,True,1
1788791487.383,1788791001.6,78.66112799999999,16.947658166666667,True,1
1788791487.581,1788791001.8,78.66112933333334,16.947661,True,1
1788791487.781,1788791002.0,78.66113083333333,16.947663833333333,True,1
1788791487.981,1788791002.2,78.66113216666666,16.947666833333336,True,1
1788791488.181,1788791002.4,78.66113366666667,16.9476695,True,1
1788791488.381,1788791002.6,78.66113516666665,16.9476725,True,1
1788791488.584,1788791002.8,78.66113650000001,16.947675333333333,True,1
1788791488.783,1788791003.0,78.661138,16.947678,True,1
1788791488.983,1788791003.2,78.66113933333332,16.947680833333333,True,1
1788791489.185,1788791003.4,78.66114083333333,16.947683833333333,True,1
1788791489.39,1788791003.6,78.66114233333333,16.947686666666666,True,1
1788791489.584,1788791003.8,78.66114383333334,16.947689500000003,True,1
1788791489.782,1788791004.0,78.66114516666667,16.947692500000002,True,1
1788791489.983,1788791004.2,78.66114666666667,16.947695166666666,True,1
1788791490.181,1788791004.4,78.66114816666666,16.947698,True,1
1788791490.382,1788791004.6,78.66114966666667,16.947701,True,1
1788791490.581,1788791004.8,78.66115116666667,16.9477035,True,1
1788791490.783,1788791005.0,78.6611525,16.947706166666666,True,1
1788791490.983,1788791005.2,78.661154,16.947709333333332,True,1
1788791491.182,1788791005.4,78.66115549999999,16.94771216666667,True,1
1788791491.383,1788791005.6,78.66115683333334,16.94771516666667,True,1
1788791491.583,1788791005.8,78.66115833333333,16.947718000000002,True,1
1788791491.783,1788791006.0,78.66115983333334,16.947721,True,1
1788791491.984,1788791006.2,78.66116133333334,16.9477235,True,1
1788791492.184,1788791006.4,78.66116283333334,16.947726499999998,True,1
1788791492.384,1788791006.6,78.66116433333333,16.94772933333333,True,1
1788791492.581,1788791006.8,78.66116583333334,16.947732166666665,True,1
1788791492.784,1788791007.0,78.66116733333334,16.947735,True,1
1788791492.983,1788791007.2,78.66116883333333,16.94773766666667,True,1
1788791493.182,1788791007.4,78.66117033333333,16.947740333333336,True,1
1788791493.384,1788791007.6,78.66117183333334,16.947743166666665,True,1
1788791493.582,1788791007.8,78.66117333333334,16.947745833333332,True,1
1788791493.783,1788791008.0,78.66117483333333,16.9477485,True,1
1788791493.982,1788791008.2,78.66117633333333,16.947751166666666,True,1
1788791494.183,1788791008.4,78.66117783333334,16.947753833333334,True,1
1788791494.383,1788791008.6,78.66117933333334,16.9477565,True,1
1788791494.583,1788791008.8,78.661181,16.947759333333334,True,1
1788791494.8,1788791009.0,78.6611825,16.947762,True,1
1788791494.984,1788791009.2,78.661184,16.947764666666668,True,1
1788791495.184,1788791009.4,78.6611855,16.947767333333335,True,1
1788791495.383,1788791009.6,78.661187,16.947769833333332,True,1
1788791495.583,1788791009.8,78.66118866666667,16.9477725,True,1
1788791495.784,1788791010.0,78.66119016666667,16.947775166666666,True,1
1788791495.984,1788791010.2,78.66119166666667,16.947777666666664,True,1
1788791496.182,1788791010.4,78.66119316666666,16.94778,True,1
1788791496.381,1788791010.6,78.66119483333334,16.94778266666667,True,1
1788791496.582,1788791010.8,78.66119633333332,16.947785333333336,True,1
1788791496.782,1788791011.0,78.66119783333333,16.947787833333333,True,1
1788791496.984,1788791011.2,78.66119950000001,16.947790666666666,True,1
1788791497.184,1788791011.4,78.66120099999999,16.9477935,True,1
1788791497.384,1788791011.6,78.6612025,16.947796333333333,True,1
1788791497.585,1788791011.8,78.661204,16.947799333333332,True,1
1788791497.784,1788791012.0,78.66120550000001,16.94780216666667,True,1
1788791497.984,1788791012.2,78.661207,16.94780516666667,True,1
1788791498.183,1788791012.4,78.6612085,16.94780816666667,True,1
1788791498.383,1788791012.6,78.66121,16.947811166666668,True,1
1788791498.583,1788791012.8,78.66121166666667,16.947814,True,1
1788791498.784,1788791013.0,78.661213,16.947817166666667,True,1
1788791498.984,1788791013.2,78.6612145,16.947820166666666,True,1
1788791499.185,1788791013.4,78.661216,16.94782316666667,True,1
1788791499.383,1788791013.6,78.66121766666667,16.947826000000003,True,1
1788791499.58,1788791013.8,78.66121916666665,16.947829000000002,True,1
1788791499.783,1788791014.0,78.66122066666667,16.947831833333332,True,1
1788791499.983,1788791014.2,78.66122216666666,16.947835,True,1
1788791500.183,1788791014.4,78.66122366666667,16.947838166666667,True,1
1788791500.383,1788791014.6,78.66122516666665,16.947841166666667,True,1
1788791500.583,1788791014.8,78.66122666666666,16.947844166666666,True,1
1788791500.783,1788791015.0,78.66122816666666,16.947847000000003,True,1
1788791500.983,1788791015.2,78.6612295,16.947850000000003,True,1
1788791501.183,1788791015.4,78.66123116666667,16.947852833333332,True,1
1788791501.384,1788791015.6,78.66123266666666,16.947855666666666,True,1
1788791501.583,1788791015.8,78.66123416666666,16.947858666666665,True,1
1788791501.784,1788791016.0,78.66123566666667,16.947861333333332,True,1
1788791501.983,1788791016.2,78.66123716666667,16.947864166666665,True,1
1788791502.182,1788791016.4,78.66123866666666,16.947867,True,1
1788791502.389,1788791016.6,78.66124033333334,16.94787,True,1
1788791502.584,1788791016.8,78.66124183333334,16.947873,True,1
1788791502.784,1788791017.0,78.66124333333333,16.94787566666667,True,1
1788791502.983,1788791017.2,78.66124483333333,16.9478785,True,1
1788791503.184,1788791017.4,78.66124633333334,16.947881166666665,True,1
1788791503.384,1788791017.6,78.66124783333333,16.947883833333332,True,1
1788791503.581,1788791017.8,78.66124933333334,16.947886333333333,True,1
1788791503.783,1788791018.0,78.661251,16.947889,True,1
1788791503.982,1788791018.2,78.6612525,16.9478915,True,1
1788791504.207,1788791018.4,78.661254,16.947894166666668,True,1
1788791504.383,1788791018.6,78.6612555,16.94789666666667,True,1
1788791504.582,1788791018.8,78.66125699999999,16.947899333333332,True,1
1788791504.783,1788791019.0,78.6612585,16.94790233333333,True,1
1788791504.982,1788791019.2,78.66126,16.947904833333332,True,1
1788791505.183,1788791019.4,78.6612615,16.9479075,True,1
1788791505.383,1788791019.6,78.66126299999999,16.947910333333333,True,1
1788791505.583,1788791019.8,78.66126466666667,16.947913000000003,True,1
1788791505.784,1788791020.0,78.66126616666666,16.947915666666667,True,1
1788791505.983,1788791020.2,78.66126766666666,16.9479185,True,1
1788791506.182,1788791020.4,78.66126916666667,16.947921,True,1
1788791506.379,1788791020.6,78.66127066666667,16.947923833333334,True,1
1788791506.581,1788791020.8,78.66127216666668,16.94792633333333,True,1
1788791506.784,1788791021.0,78.66127383333334,16.947929,True,1
1788791506.983,1788791021.2,78.66127516666667,16.947931999999998,True,1
1788791507.183,1788791021.4,78.66127666666667,16.947934666666665,True,1
1788791507.386,1788791021.6,78.66127816666668,16.947937333333336,True,1
1788791507.582,1788791021.8,78.66127966666666,16.947940000000003,True,1
1788791507.781,1788791022.0,78.66128116666667,16.947942833333332,True,1
1788791507.984,1788791022.2,78.66128283333335,16.9479455,True,1
1788791508.183,1788791022.4,78.66128433333333,16.947948333333333,True,1
1788791508.384,1788791022.6,78.66128583333334,16.947951166666666,True,1
1788791508.582,1788791022.8,78.66128733333333,16.947954,True,1
1788791508.784,1788791023.0,78.66128883333334,16.947956666666666,True,1
1788791508.984,1788791023.2,78.66129033333333,16.94795966666667,True,1
1788791509.182,1788791023.4,78.66129183333334,16.947962166666667,True,1
1788791509.385,1788791023.6,78.66129333333333,16.947964666666667,True,1
1788791509.585,1788791023.8,78.66129483333334,16.9479675,True,1
1788791509.781,1788791024.0,78.66129633333334,16.94797,True,1
1788791509.982,1788791024.2,78.661298,16.9479725,True,1
1788791510.183,1788791024.4,78.6612995,16.947975166666666,True,1
1788791510.382,1788791024.6,78.66130100000001,16.947977666666667,True,1
1788791510.582,1788791024.8,78.66130249999999,16.947980166666664,True,1
1788791510.785,1788791025.0,78.661304,16.947982666666668,True,1
1788791510.984,1788791025.2,78.6613055,16.947985333333335,True,1
1788791511.182,1788791025.4,78.66130700000001,16.947987666666666,True,1
1788791511.383,1788791025.6,78.66130866666667,16.947990333333333,True,1
1788791511.583,1788791025.8,78.66131016666667,16.947992833333334,True,1
1788791511.785,1788791026.0,78.66131166666668,16.94799533333333,True,1
1788791511.983,1788791026.2,78.66131333333333,16.947998,True,1
1788791512.183,1788791026.4,78.66131483333334,16.948000666666665,True,1
1788791512.382,1788791026.6,78.66131633333333,16.948003000000003,True,1
1788791512.581,1788791026.8,78.66131783333334,16.9480055,True,1
1788791512.783,1788791027.0,78.6613195,16.948008333333334,True,1
1788791512.982,1788791027.2,78.661321,16.948010833333335,True,1
1788791513.182,1788791027.4,78.66132250000001,16.948013500000002,True,1
1788791513.381,1788791027.6,78.661324,16.948016,True,1
1788791513.583,1788791027.8,78.66132566666667,16.948018666666666,True,1
