{"type": "FeatureCollection", "features": [{"type": "Feature", "properties": {"recording": "20260907_113153", "kind": "recorded GPS track"}, "geometry": {"type": "MultiLineString", "coordinates": [[[16.869596666666666, 78.66630716666667], [16.869597, 78.66630749999999], [16.869595666666665, 78.666308], [16.869594166666666, 78.6663085], [16.869592166666667, 78.66630883333333], [16.869591, 78.66630916666666], [16.8695895, 78.66630933333333], [16.869587833333334, 78.6663095], [16.869586833333337, 78.66630966666666], [16.869586166666668, 78.66630966666666], [16.86958566666667, 78.66630966666666], [16.869585166666663, 78.66630983333333], [16.869584999999997, 78.66631000000001], [16.869584166666666, 78.66631033333333], [16.86958333333333, 78.6663105], [16.869582333333334, 78.66631083333333], [16.8695815, 78.66631116666667], [16.86958033333333, 78.66631149999999], [16.869579166666664, 78.66631183333334], [16.869578166666667, 78.66631216666666], [16.869577, 78.6663125], [16.869576, 78.66631283333332], [16.869574666666665, 78.66631333333333], [16.869573333333335, 78.66631366666667], [16.869571833333335, 78.666314], [16.869570333333336, 78.6663145], [16.869568666666666, 78.66631483333335], [16.869567166666666, 78.66631533333333], [16.869565333333334, 78.66631566666666], [16.869563666666668, 78.66631616666668], [16.869561833333332, 78.66631666666667], [16.869560333333332, 78.66631716666667], [16.869558833333333, 78.66631766666666], [16.8695575, 78.66631816666667], [16.869556166666666, 78.66631883333334], [16.869555, 78.66631933333333], [16.869553666666665, 78.66631983333333], [16.8695525, 78.66632033333333], [16.869551333333334, 78.666321], [16.86955, 78.66632150000001], [16.869548833333333, 78.66632200000001], [16.869547666666666, 78.66632233333333], [16.869546333333336, 78.66632283333334], [16.86954516666667, 78.66632316666667], [16.869544166666667, 78.66632366666666], [16.869542666666668, 78.666324], [16.8695415, 78.6663245], [16.869540166666663, 78.66632483333333], [16.869539166666666, 78.66632516666667], [16.86953833333333, 78.66632566666667], [16.869537333333334, 78.666326], [16.869536333333333, 78.6663265], [16.869535499999998, 78.66632683333334], [16.869534666666667, 78.66632716666666], [16.869533666666666, 78.66632750000001], [16.869532833333334, 78.66632783333333], [16.869532, 78.66632816666667], [16.869531, 78.66632849999999], [16.869529833333335, 78.66632866666667], [16.869528833333334, 78.66632899999999], [16.869528, 78.66632933333334], [16.869527, 78.6663295], [16.869526166666667, 78.66632983333334], [16.869525333333335, 78.66633016666667], [16.8695245, 78.6663305], [16.869523833333336, 78.66633083333333], [16.869523, 78.66633116666667], [16.869522333333336, 78.6663315], [16.869521666666667, 78.66633166666666], [16.869520833333336, 78.666332], [16.86952, 78.66633233333333], [16.869519166666667, 78.6663325], [16.869518333333335, 78.66633283333334], [16.869517666666663, 78.666333], [16.869516833333332, 78.66633316666666], [16.869515999999997, 78.66633333333333], [16.869515333333332, 78.66633366666666], [16.869514833333334, 78.66633383333333], [16.86951433333333, 78.666334], [16.869514, 78.66633433333332], [16.869513333333334, 78.66633449999999], [16.869512999999998, 78.66633466666667], [16.869512666666665, 78.66633499999999], [16.869512166666667, 78.66633516666667], [16.869511499999998, 78.66633533333334], [16.869511, 78.66633566666665], [16.869510333333334, 78.66633583333333], [16.869509833333332, 78.666336], [16.869509333333333, 78.66633616666667], [16.869509, 78.66633633333332], [16.869508333333332, 78.6663365], [16.869508, 78.66633666666667], [16.869507666666667, 78.66633683333333], [16.8695075, 78.66633716666666], [16.869507333333335, 78.66633733333333], [16.869507, 78.6663375], [16.869506833333332, 78.66633783333333], [16.869506666666666, 78.666338], [16.8695065, 78.66633816666668], [16.869506166666667, 78.66633833333334], [16.869506, 78.66633833333334], [16.869505666666665, 78.6663385], [16.869505166666666, 78.66633866666666], [16.869504833333334, 78.66633883333334], [16.869504666666668, 78.66633883333334], [16.8695045, 78.66633900000001], [16.869504333333335, 78.66633916666666], [16.869504333333335, 78.66633933333333], [16.869504333333335, 78.6663395], [16.869504166666665, 78.66633966666667], [16.869504166666665, 78.66633983333332], [16.869504333333335, 78.66634], [16.869504333333335, 78.66634], [16.8695045, 78.66634016666667], [16.8695045, 78.66634033333334], [16.869504333333335, 78.66634033333334], [16.869504333333335, 78.66634033333334], [16.869504333333335, 78.66634049999999], [16.8695045, 78.66634049999999], [16.8695045, 78.66634049999999], [16.8695045, 78.66634066666667], [16.869504666666668, 78.66634066666667], [16.869505, 78.66634083333334], [16.869505166666666, 78.666341], [16.8695055, 78.666341], [16.8695055, 78.66634116666667], [16.8695055, 78.66634133333334], [16.8695055, 78.66634133333334], [16.869505333333333, 78.6663415], [16.869505166666666, 78.6663415], [16.869505, 78.66634166666667], [16.869504666666668, 78.66634166666667], [16.8695045, 78.66634166666667], [16.869504333333335, 78.66634183333333], [16.869504333333335, 78.66634183333333], [16.8695045, 78.666342], [16.8695045, 78.66634216666667], [16.869504833333334, 78.66634216666667], [16.869505, 78.66634233333333], [16.8695055, 78.66634233333333], [16.869505666666665, 78.66634233333333], [16.869505833333335, 78.66634233333333], [16.869506, 78.66634233333333], [16.869506166666667, 78.66634233333333], [16.8695065, 78.66634233333333], [16.869506833333332, 78.66634233333333], [16.869506833333332, 78.66634216666667], [16.869507166666665, 78.66634216666667], [16.8695075, 78.66634216666667], [16.869508, 78.66634216666667], [16.8695085, 78.66634233333333], [16.869509, 78.66634233333333], [16.869509333333333, 78.66634233333333], [16.8695095, 78.66634233333333], [16.869509666666666, 78.6663425], [16.86951, 78.6663425], [16.8695105, 78.66634233333333], [16.8695105, 78.66634233333333], [16.8695105, 78.66634233333333], [16.8695105, 78.66634233333333], [16.869510666666667, 78.6663425], [16.86951133333333, 78.6663425], [16.869512, 78.66634266666667], [16.869512166666667, 78.66634266666667], [16.8695125, 78.66634283333333], [16.869512666666665, 78.66634283333333], [16.869513166666664, 78.66634300000001], [16.869513666666666, 78.66634300000001], [16.869514, 78.66634300000001], [16.869513833333333, 78.66634300000001], [16.869513666666666, 78.66634300000001], [16.8695135, 78.66634300000001], [16.869513666666666, 78.66634300000001], [16.869514, 78.66634300000001], [16.869514499999998, 78.66634300000001], [16.869514833333334, 78.66634316666666], [16.869515166666666, 78.66634316666666], [16.869515666666665, 78.66634316666666], [16.8695165, 78.66634333333333], [16.869517, 78.66634333333333], [16.869517499999997, 78.66634333333333], [16.869517666666663, 78.66634333333333], [16.869518000000003, 78.66634333333333], [16.86951816666667, 78.66634333333333], [16.869518333333335, 78.6663435], [16.869518666666668, 78.6663435], [16.869519, 78.6663435], [16.869519333333336, 78.66634366666668], [16.86951966666667, 78.66634366666668], [16.86952, 78.66634366666668], [16.869520166666668, 78.66634383333333], [16.869520333333334, 78.66634383333333], [16.869520333333334, 78.666344], [16.869520666666666, 78.666344], [16.869520666666666, 78.666344], [16.869520666666666, 78.666344], [16.869520666666666, 78.666344], [16.869520833333336, 78.666344], [16.869521000000002, 78.666344], [16.86952116666667, 78.666344], [16.869521333333335, 78.666344], [16.8695215, 78.66634416666668], [16.869521666666667, 78.66634416666668], [16.869521833333334, 78.66634433333334], [16.869522166666666, 78.66634433333334], [16.869522500000002, 78.66634433333334], [16.869522500000002, 78.66634433333334], [16.86952266666667, 78.66634433333334], [16.86952266666667, 78.66634433333334], [16.869522833333335, 78.66634433333334], [16.869522833333335, 78.66634433333334], [16.869523, 78.66634433333334], [16.869523, 78.66634433333334], [16.869523166666667, 78.66634433333334], [16.869523333333333, 78.66634433333334], [16.869523333333333, 78.6663445], [16.869523666666666, 78.6663445], [16.869523666666666, 78.66634466666666], [16.8695235, 78.66634466666666], [16.869523333333333, 78.66634466666666], [16.869523333333333, 78.66634466666666], [16.869523333333333, 78.66634466666666], [16.869523166666667, 78.66634466666666], [16.869523, 78.66634466666666], [16.869523, 78.66634466666666], [16.869523, 78.66634466666666], [16.869523333333333, 78.66634483333334], [16.8695235, 78.66634483333334], [16.869523666666666, 78.66634483333334], [16.869523666666666, 78.666345], [16.8695235, 78.666345], [16.8695235, 78.666345], [16.869523333333333, 78.66634483333334], [16.869523166666667, 78.66634483333334], [16.869523, 78.66634483333334], [16.869522833333335, 78.66634483333334], [16.869523, 78.66634483333334], [16.869523333333333, 78.66634483333334], [16.869523666666666, 78.66634483333334], [16.869524166666668, 78.66634483333334], [16.8695245, 78.66634483333334], [16.869524666666667, 78.66634483333334], [16.869525, 78.66634483333334], [16.869525166666666, 78.66634483333334], [16.869525166666666, 78.66634483333334], [16.869525, 78.66634483333334], [16.869524666666667, 78.66634483333334], [16.869524333333334, 78.666345], [16.869524000000002, 78.666345], [16.869523666666666, 78.66634516666666], [16.869523333333333, 78.66634533333333], [16.869523, 78.6663455], [16.86952266666667, 78.66634566666667], [16.869522333333336, 78.66634583333332], [16.869522166666666, 78.66634583333332], [16.869522, 78.666346], [16.869521666666667, 78.66634583333332], [16.869521333333335, 78.66634583333332], [16.86952116666667, 78.66634583333332], [16.869521000000002, 78.66634583333332], [16.869520666666666, 78.66634583333332], [16.869520666666666, 78.66634566666667], [16.869520666666666, 78.66634583333332], [16.869520833333336, 78.66634583333332], [16.869520833333336, 78.66634583333332], [16.869520666666666, 78.66634583333332], [16.869520333333334, 78.66634583333332], [16.869520166666668, 78.66634583333332], [16.86952, 78.66634583333332], [16.869519833333335, 78.66634566666667], [16.86951966666667, 78.66634566666667], [16.869519500000003, 78.66634566666667], [16.869519500000003, 78.66634566666667], [16.869519500000003, 78.66634566666667], [16.86951966666667, 78.66634566666667], [16.86951966666667, 78.66634566666667], [16.86951966666667, 78.66634566666667], [16.86951966666667, 78.6663455], [16.869519333333336, 78.6663455], [16.869519166666667, 78.66634533333333], [16.869518833333334, 78.66634533333333], [16.869518666666668, 78.66634516666666], [16.869518333333335, 78.66634516666666], [16.86951816666667, 78.66634516666666], [16.869518000000003, 78.66634516666666], [16.869517833333337, 78.66634516666666], [16.869517666666663, 78.66634533333333], [16.86951733333333, 78.66634533333333], [16.869517, 78.6663455], [16.8695165, 78.6663455], [16.869515999999997, 78.6663455], [16.869515666666665, 78.6663455], [16.869515333333332, 78.66634533333333], [16.869515, 78.66634533333333], [16.869515, 78.66634533333333], [16.869514833333334, 78.66634533333333], [16.869514666666664, 78.66634533333333], [16.869514666666664, 78.66634533333333], [16.869514499999998, 78.66634516666666], [16.869514499999998, 78.66634516666666], [16.869514666666664, 78.666345], [16.869514833333334, 78.66634483333334], [16.869514666666664, 78.66634483333334], [16.869514666666664, 78.66634466666666], [16.869514666666664, 78.6663445], [16.869514666666664, 78.66634433333334], [16.869515, 78.66634433333334], [16.869515, 78.66634416666668], [16.869515166666666, 78.66634416666668], [16.869515333333332, 78.66634416666668], [16.869515333333332, 78.666344], [16.869515666666665, 78.66634383333333], [16.86951583333333, 78.66634366666668], [16.869515999999997, 78.6663435], [16.86951583333333, 78.66634333333333], [16.86951583333333, 78.66634316666666], [16.869515999999997, 78.66634300000001], [16.869516166666664, 78.66634283333333], [16.8695165, 78.66634266666667], [16.869516666666666, 78.66634266666667], [16.869517, 78.6663425], [16.869517166666665, 78.66634233333333], [16.869517499999997, 78.66634216666667], [16.869517666666663, 78.666342], [16.869517833333337, 78.666342], [16.869517833333337, 78.66634183333333], [16.869518000000003, 78.66634166666667], [16.869517833333337, 78.66634166666667], [16.869518000000003, 78.6663415], [16.86951816666667, 78.6663415], [16.869518333333335, 78.6663415], [16.869518666666668, 78.66634133333334], [16.869518833333334, 78.66634133333334], [16.869519, 78.66634116666667], [16.869519333333336, 78.666341], [16.869519500000003, 78.66634066666667], [16.869519500000003, 78.66634049999999], [16.869519333333336, 78.66634033333334], [16.869519333333336, 78.66634016666667], [16.869519500000003, 78.66634016666667], [16.86952, 78.66634], [16.869520333333334, 78.66633983333332], [16.8695205, 78.66633966666667], [16.8695205, 78.6663395], [16.869520833333336, 78.66633933333333], [16.86952116666667, 78.66633916666666], [16.869521333333335, 78.66633900000001], [16.86952116666667, 78.66633883333334], [16.869520833333336, 78.66633883333334], [16.869520833333336, 78.66633866666666], [16.869520833333336, 78.66633866666666], [16.86952116666667, 78.66633866666666], [16.8695215, 78.66633866666666], [16.8695215, 78.6663385], [16.869521333333335, 78.6663385], [16.869521333333335, 78.66633833333334], [16.8695215, 78.66633816666668], [16.869521333333335, 78.66633816666668], [16.86952116666667, 78.666338], [16.869520833333336, 78.66633783333333], [16.869520666666666, 78.66633766666668], [16.869521000000002, 78.66633766666668], [16.869521333333335, 78.66633766666668], [16.8695215, 78.6663375], [16.869521666666667, 78.6663375], [16.869521666666667, 78.6663375], [16.869521666666667, 78.66633733333333], [16.8695215, 78.66633716666666], [16.869521333333335, 78.66633700000001], [16.869521000000002, 78.66633683333333], [16.86952116666667, 78.66633683333333], [16.86952116666667, 78.66633666666667], [16.8695215, 78.66633666666667], [16.869521666666667, 78.66633666666667], [16.869521833333334, 78.6663365], [16.869521833333334, 78.6663365], [16.869522, 78.66633633333332], [16.869522, 78.66633616666667], [16.869522166666666, 78.666336], [16.869522333333336, 78.66633583333333], [16.869522333333336, 78.66633566666665], [16.869522500000002, 78.6663355], [16.869522833333335, 78.66633533333334], [16.869523333333333, 78.66633516666667], [16.869523666666666, 78.66633499999999], [16.869524000000002, 78.66633483333334], [16.869524333333334, 78.66633466666667], [16.8695245, 78.66633449999999], [16.869524666666667, 78.66633433333332], [16.869524666666667, 78.66633416666667], [16.869524666666667, 78.666334], [16.869524666666667, 78.666334], [16.869524833333333, 78.666334], [16.869525166666666, 78.66633383333333], [16.869525333333335, 78.66633383333333], [16.8695255, 78.66633366666666], [16.869525666666668, 78.66633366666666], [16.8695255, 78.66633350000001], [16.8695255, 78.66633333333333], [16.869525333333335, 78.66633333333333], [16.869525166666666, 78.66633316666666], [16.869525, 78.66633316666666], [16.869524833333333, 78.66633350000001], [16.8695245, 78.66633383333333], [16.869523833333336, 78.66633483333334], [16.869523, 78.66633616666667], [16.869521833333334, 78.66633766666668], [16.869520666666666, 78.66633933333333], [16.869519500000003, 78.666341], [16.8695185, 78.66634266666667], [16.86951733333333, 78.66634466666666], [16.869516333333333, 78.66634649999999], [16.8695155, 78.66634866666666], [16.869515166666666, 78.66635083333334], [16.869515, 78.666353], [16.869514833333334, 78.66635516666666], [16.869515166666666, 78.6663575], [16.8695155, 78.66635966666666], [16.869515999999997, 78.66636166666667], [16.8695165, 78.66636383333334], [16.869517, 78.66636566666666], [16.869517833333337, 78.66636766666667], [16.869518833333334, 78.66636966666667], [16.86952, 78.66637166666666], [16.869521333333335, 78.66637366666667], [16.869522833333335, 78.66637566666667], [16.8695245, 78.66637766666666], [16.869526333333333, 78.66637983333334], [16.869528333333335, 78.66638183333333], [16.869530833333332, 78.66638400000001], [16.869533333333333, 78.666386], [16.869535833333334, 78.66638816666666], [16.869538499999997, 78.66639016666666], [16.869541166666668, 78.66639216666667], [16.869543833333335, 78.66639400000001], [16.869546500000002, 78.66639583333334], [16.869549, 78.66639783333333], [16.869551666666666, 78.66639966666666], [16.869554666666666, 78.66640166666666], [16.86955783333333, 78.66640349999999], [16.869561166666664, 78.66640550000001], [16.86956466666667, 78.66640766666666], [16.8695685, 78.66640966666667], [16.8695725, 78.66641183333333], [16.869576666666667, 78.666414], [16.869581, 78.66641616666668], [16.869585333333337, 78.66641833333333], [16.869589666666666, 78.6664205], [16.869594, 78.6664225], [16.869598166666666, 78.66642449999999], [16.8696025, 78.66642666666667], [16.8696065, 78.66642866666666], [16.869610666666667, 78.66643083333334], [16.869615, 78.66643283333333], [16.869619666666665, 78.666435], [16.8696245, 78.66643716666667], [16.869629333333332, 78.6664395], [16.8696345, 78.66644183333332], [16.869639833333334, 78.66644416666666], [16.869645333333334, 78.66644649999999], [16.869650666666665, 78.66644883333333], [16.869655833333336, 78.66645100000001], [16.869660833333334, 78.66645316666667], [16.869665833333332, 78.66645533333333], [16.869670666666664, 78.66645749999999], [16.869675166666664, 78.6664595], [16.869679833333333, 78.6664615], [16.869684666666668, 78.66646366666667], [16.8696895, 78.66646566666667], [16.869694666666664, 78.66646783333334], [16.8697, 78.66646999999999], [16.869705166666666, 78.66647216666667], [16.869710666666666, 78.66647433333333], [16.869716166666667, 78.6664765], [16.869721833333333, 78.66647883333333], [16.869727166666667, 78.66648116666667], [16.8697325, 78.6664835], [16.869737999999998, 78.66648583333334], [16.86974316666667, 78.666488], [16.869748166666668, 78.66649016666666], [16.869753166666666, 78.6664925], [16.869758166666667, 78.6664945], [16.869763, 78.66649666666667], [16.869767833333334, 78.66649883333334], [16.8697725, 78.66650083333334], [16.86977733333333, 78.66650299999999], [16.869782333333333, 78.66650516666667], [16.869787499999997, 78.66650733333333], [16.869792500000003, 78.6665095], [16.8697975, 78.66651166666666], [16.869803, 78.666514], [16.869808666666664, 78.66651616666667], [16.869813833333335, 78.66651866666666], [16.869819, 78.66652083333334], [16.869823666666665, 78.66652333333333], [16.86982833333333, 78.66652566666667], [16.86983283333333, 78.66652783333333], [16.869837333333333, 78.66653], [16.869841666666666, 78.66653216666667], [16.869845833333333, 78.66653416666666], [16.86985, 78.66653616666667], [16.8698545, 78.66653833333334], [16.869859, 78.66654033333333], [16.8698635, 78.6665425], [16.8698685, 78.66654466666667], [16.8698735, 78.66654700000001], [16.869878833333335, 78.66654933333332], [16.869884000000003, 78.66655166666666], [16.869889333333333, 78.66655399999999], [16.86989433333333, 78.66655633333333], [16.8698995, 78.66655866666666], [16.869904333333334, 78.66656083333334], [16.869909333333332, 78.666563], [16.86991383333333, 78.66656516666667], [16.869918166666665, 78.66656716666667], [16.869922166666665, 78.66656933333334], [16.869926333333336, 78.66657133333334], [16.8699305, 78.66657333333333], [16.869934833333332, 78.6665755], [16.869939166666665, 78.66657766666667], [16.86994383333333, 78.66657983333333], [16.86994866666667, 78.66658216666666], [16.869953833333334, 78.6665845], [16.86995883333333, 78.66658683333334], [16.869964, 78.66658933333333], [16.869969166666667, 78.66659166666666], [16.86997416666667, 78.666594], [16.869979, 78.66659616666668], [16.8699835, 78.66659833333333], [16.869988, 78.6666005], [16.86999216666667, 78.66660266666666], [16.869996166666667, 78.66660466666667], [16.870000333333333, 78.66660683333333], [16.870004333333334, 78.66660900000001], [16.87000833333333, 78.666611], [16.870012666666664, 78.66661333333333], [16.870017, 78.6666155], [16.8700215, 78.66661783333333], [16.870026166666666, 78.66662016666668], [16.87003083333333, 78.66662249999999], [16.870035499999997, 78.66662466666666], [16.87004, 78.666627], [16.870044333333333, 78.66662933333333], [16.870048666666666, 78.6666315], [16.870053, 78.66663366666667], [16.870057, 78.66663583333334], [16.870060833333334, 78.66663799999999], [16.870064666666668, 78.66664], [16.8700685, 78.66664216666666], [16.870072666666665, 78.66664416666667], [16.870076666666666, 78.66664633333333], [16.87008066666667, 78.66664850000001], [16.870085, 78.66665083333334], [16.870089333333333, 78.66665316666668], [16.870093833333332, 78.66665549999999], [16.87009833333333, 78.66665783333333], [16.870102666666664, 78.66666016666666], [16.870107166666667, 78.66666266666667], [16.8701115, 78.66666483333333], [16.870116, 78.66666716666667], [16.870120166666666, 78.66666933333333], [16.870124333333333, 78.66667166666666], [16.870128333333334, 78.66667366666667], [16.870132333333334, 78.66667583333333], [16.870136, 78.666678], [16.870139833333333, 78.66668], [16.870143666666667, 78.66668216666667], [16.870147666666664, 78.6666845], [16.87015166666667, 78.66668666666666], [16.870155833333335, 78.66668899999999], [16.87016, 78.6666915], [16.87016433333333, 78.66669383333333], [16.87016883333333, 78.66669616666667], [16.870173166666667, 78.66669866666666], [16.870177666666667, 78.66670083333334], [16.870181833333334, 78.66670316666666], [16.870185833333334, 78.66670533333333], [16.870189666666665, 78.6667075], [16.870193500000003, 78.66670966666668], [16.870197166666667, 78.66671166666667], [16.870200666666666, 78.66671383333333], [16.870204166666667, 78.666716], [16.870207666666666, 78.66671816666667], [16.8702115, 78.66672050000001], [16.87021533333333, 78.66672283333334], [16.870219666666667, 78.66672516666667], [16.870223833333334, 78.6667275], [16.870228166666667, 78.66673], [16.8702325, 78.66673233333333], [16.870236666666663, 78.66673466666666], [16.870240666666668, 78.666737], [16.870244500000002, 78.66673916666667], [16.870248, 78.66674133333332], [16.870251333333332, 78.6667435], [16.870254499999998, 78.66674549999999], [16.870257833333334, 78.66674766666667], [16.87026116666667, 78.66674966666666], [16.8702645, 78.666752], [16.870268166666666, 78.66675416666666], [16.870272, 78.6667565], [16.870275833333334, 78.666759], [16.870279999999998, 78.66676133333334], [16.870284333333334, 78.66676383333333], [16.8702885, 78.66676616666668], [16.870292666666668, 78.6667685], [16.870296833333335, 78.66677083333335], [16.870300666666665, 78.66677316666666], [16.8703045, 78.66677533333333], [16.870308, 78.66677733333333], [16.8703115, 78.6667795], [16.870314833333335, 78.6667815], [16.870318166666667, 78.66678366666666], [16.870321666666666, 78.66678583333334], [16.870325333333334, 78.666788], [16.870329166666668, 78.66679033333334], [16.870333333333335, 78.6667925], [16.8703375, 78.66679500000001], [16.870341833333335, 78.66679733333334], [16.870345999999998, 78.66679983333333], [16.870350166666665, 78.66680216666667], [16.8703545, 78.6668045], [16.870358666666668, 78.66680666666666], [16.8703625, 78.666809], [16.870366333333333, 78.66681100000001], [16.87036983333333, 78.66681316666667], [16.870373333333337, 78.66681533333333], [16.870376833333335, 78.66681733333333], [16.870380333333333, 78.6668195], [16.870383833333335, 78.66682166666666], [16.870387333333333, 78.66682383333334], [16.870391166666664, 78.66682616666667], [16.870395166666665, 78.66682850000001], [16.870399333333335, 78.66683083333334], [16.870403666666668, 78.66683316666666], [16.870408, 78.66683549999999], [16.870412166666664, 78.66683783333333], [16.870416166666665, 78.66684000000001], [16.87042016666667, 78.66684216666665], [16.870424, 78.66684433333333], [16.870427666666668, 78.66684633333332], [16.870431166666666, 78.6668485], [16.870434666666664, 78.6668505], [16.870437833333334, 78.66685266666667], [16.870441333333336, 78.66685483333335], [16.870444833333334, 78.666857], [16.870448833333334, 78.66685916666667], [16.87045283333333, 78.66686166666666], [16.870457, 78.666864], [16.870461166666665, 78.6668665], [16.870465666666668, 78.66686883333334], [16.870470166666667, 78.66687116666667], [16.8704745, 78.66687333333333], [16.870478833333333, 78.66687566666666], [16.87048283333333, 78.66687766666668], [16.870486666666668, 78.66687966666667], [16.87049066666667, 78.66688166666667], [16.870494666666666, 78.66688366666668], [16.870498833333333, 78.66688583333332], [16.870503166666666, 78.66688783333333], [16.870507666666665, 78.66689], [16.870512333333334, 78.66689216666667], [16.870517500000002, 78.6668945], [16.870522833333332, 78.66689666666666], [16.8705285, 78.666899], [16.870534333333335, 78.66690116666668], [16.870540000000002, 78.6669035], [16.87054583333333, 78.66690566666666], [16.87055133333333, 78.66690766666667], [16.870557, 78.66690966666667], [16.870562500000002, 78.66691166666666], [16.870567833333332, 78.66691349999999], [16.870573166666667, 78.66691516666667], [16.870578166666668, 78.666917], [16.87058366666667, 78.66691883333333], [16.8705895, 78.6669205], [16.870595666666667, 78.66692233333333], [16.870602166666668, 78.66692416666666], [16.870609166666668, 78.666926], [16.87061633333333, 78.66692783333333], [16.870623666666667, 78.66692966666666], [16.870630833333333, 78.66693133333334], [16.870637833333333, 78.66693316666667], [16.870644833333333, 78.66693466666668], [16.870651833333334, 78.66693616666666], [16.870658833333334, 78.66693766666667], [16.870665666666664, 78.666939], [16.8706725, 78.66694033333333], [16.870679833333334, 78.66694166666666], [16.870687333333333, 78.666943], [16.870695166666668, 78.66694433333333], [16.87070333333333, 78.66694566666666], [16.870712, 78.666947], [16.870721166666666, 78.66694833333332], [16.870730666666667, 78.66694983333333], [16.8707405, 78.66695133333333], [16.870750166666667, 78.66695283333334], [16.870759833333334, 78.66695433333332], [16.87076933333333, 78.66695583333333], [16.87077866666667, 78.66695716666666], [16.870788, 78.66695849999999], [16.870797, 78.66695983333334], [16.870805833333335, 78.666961], [16.870814499999998, 78.66696233333333], [16.87082333333333, 78.66696350000001], [16.8708325, 78.66696466666667], [16.870841666666667, 78.666966], [16.870851333333334, 78.66696716666667], [16.870861166666668, 78.6669685], [16.870871333333334, 78.66696966666667], [16.870881666666666, 78.66697116666666], [16.870892166666668, 78.6669725], [16.870902833333332, 78.66697366666668], [16.870913499999997, 78.66697500000001], [16.870924333333335, 78.66697633333334], [16.870935, 78.6669775], [16.870945666666668, 78.66697866666667], [16.870956166666666, 78.66697983333333], [16.870966333333335, 78.66698083333334], [16.870976499999998, 78.666982], [16.8709865, 78.666983], [16.8709965, 78.666984], [16.8710065, 78.66698500000001], [16.8710165, 78.666986], [16.871026833333335, 78.66698716666666], [16.871037666666666, 78.66698816666667], [16.871048666666663, 78.66698916666665], [16.871059833333334, 78.66699033333333], [16.871071500000003, 78.6669915], [16.871083166666665, 78.66699266666666], [16.871094666666668, 78.66699383333334], [16.871106333333334, 78.666995], [16.871117666666667, 78.66699616666666], [16.8711285, 78.66699733333333], [16.8711395, 78.66699833333334], [16.871150166666666, 78.66699933333332], [16.871160333333332, 78.66700033333333], [16.871170666666668, 78.66700133333333], [16.871180833333334, 78.66700233333333], [16.871191, 78.66700333333333], [16.87120133333333, 78.66700433333334], [16.871211833333334, 78.66700533333332], [16.871222333333332, 78.66700633333333], [16.871233166666666, 78.66700733333333], [16.871244166666667, 78.66700850000001], [16.8712555, 78.66700966666667], [16.871266833333333, 78.66701083333334], [16.871278333333333, 78.66701200000001], [16.871289666666666, 78.66701316666666], [16.871301000000003, 78.66701433333333], [16.871312, 78.66701549999999], [16.871322666666668, 78.6670165], [16.871333166666666, 78.66701766666667], [16.871343333333336, 78.66701866666668], [16.8713535, 78.66701966666666], [16.87136333333333, 78.66702083333332], [16.871373333333334, 78.66702183333334], [16.87138333333333, 78.66702283333333], [16.871393333333334, 78.66702383333333], [16.871403833333332, 78.667025], [16.871414333333334, 78.66702616666666], [16.871425166666665, 78.66702716666667], [16.871436000000003, 78.66702833333333], [16.871447, 78.66702966666666], [16.871458, 78.66703083333333], [16.871469166666667, 78.667032], [16.871480166666668, 78.66703316666667], [16.871491, 78.66703433333333], [16.8715015, 78.66703550000001], [16.871511833333333, 78.66703666666668], [16.871521833333336, 78.66703783333334], [16.871531833333332, 78.667039], [16.8715415, 78.66704], [16.871551166666666, 78.66704116666666], [16.871560833333334, 78.66704216666668], [16.871570666666667, 78.66704333333334], [16.871580666666667, 78.6670445], [16.871591000000002, 78.66704566666667], [16.8716015, 78.66704683333334], [16.871612333333335, 78.66704800000001], [16.871623, 78.66704916666666], [16.871633999999997, 78.66705033333332], [16.87164466666667, 78.6670515], [16.8716555, 78.66705266666666], [16.871665833333335, 78.66705400000001], [16.871676166666667, 78.66705516666666], [16.871686, 78.66705633333332], [16.871695833333334, 78.6670575], [16.871705333333335, 78.6670585], [16.871714833333332, 78.66705966666667], [16.871724500000003, 78.66706083333334], [16.871734333333333, 78.667062], [16.871744333333332, 78.66706316666667], [16.8717545, 78.6670645], [16.871764833333334, 78.66706566666667], [16.871775333333336, 78.667067], [16.871785833333334, 78.66706833333333], [16.871796500000002, 78.66706966666668], [16.871807166666667, 78.66707083333334], [16.87181766666667, 78.66707216666667], [16.871827833333334, 78.6670735], [16.871838, 78.66707466666666], [16.871848, 78.667076], [16.871857833333333, 78.66707716666666], [16.8718675, 78.66707833333334], [16.871876999999998, 78.6670795], [16.871886333333336, 78.66708083333333], [16.871895666666667, 78.667082], [16.871905333333334, 78.66708316666667], [16.871914833333335, 78.6670845], [16.871924666666665, 78.66708583333335], [16.871934666666668, 78.66708716666668], [16.871944833333334, 78.66708833333334], [16.871955166666666, 78.66708966666667], [16.871965499999998, 78.667091], [16.871976, 78.66709233333333], [16.8719865, 78.66709366666667], [16.871997, 78.667095], [16.872007166666666, 78.66709616666667], [16.87201716666667, 78.6670975], [16.872026833333333, 78.66709866666666], [16.8720365, 78.66709999999999], [16.872046, 78.66710116666667], [16.8720555, 78.66710233333333], [16.872065000000003, 78.6671035], [16.8720745, 78.66710466666667], [16.872084166666664, 78.66710583333334], [16.872094, 78.66710716666667], [16.872104, 78.6671085], [16.872114, 78.66710966666666], [16.872124333333332, 78.667111], [16.872134833333334, 78.66711233333334], [16.872145166666666, 78.66711366666667], [16.872155666666668, 78.667115], [16.872166, 78.66711633333333], [16.87217616666667, 78.66711766666667], [16.87218633333333, 78.667119], [16.872196166666665, 78.66712016666666], [16.872205666666666, 78.6671215], [16.872215166666667, 78.66712266666667], [16.872224666666668, 78.66712383333333], [16.872234, 78.667125], [16.872243500000003, 78.66712616666668], [16.872253, 78.6671275], [16.872263, 78.66712866666667], [16.872272833333334, 78.66713], [16.872283, 78.66713116666666], [16.87229316666667, 78.6671325], [16.872303499999997, 78.66713383333334], [16.872314, 78.66713516666667], [16.872324499999998, 78.6671365], [16.872335, 78.66713783333333], [16.87234533333333, 78.66713899999999], [16.8723555, 78.66714033333332], [16.872365333333335, 78.6671415], [16.872374999999998, 78.66714266666666], [16.8723845, 78.66714383333333], [16.872394, 78.66714499999999], [16.8724035, 78.66714616666667], [16.872413166666668, 78.66714733333333], [16.872423, 78.6671485], [16.872433, 78.66714966666667], [16.872443166666667, 78.66715083333334], [16.8724535, 78.66715216666667], [16.87246383333333, 78.66715333333333], [16.872474333333333, 78.66715466666666], [16.87248483333333, 78.667156], [16.872495166666667, 78.66715733333334], [16.872505333333333, 78.66715866666667], [16.872515333333336, 78.66716], [16.872525333333332, 78.66716133333333], [16.872535000000003, 78.66716249999999], [16.872544833333333, 78.66716383333333], [16.872554333333333, 78.66716500000001], [16.872563833333334, 78.66716616666666], [16.872573499999998, 78.6671675], [16.87258316666667, 78.66716866666667], [16.872592833333332, 78.66716983333335], [16.872602833333335, 78.66717116666668], [16.872612833333335, 78.66717233333334], [16.872623166666664, 78.66717366666667], [16.8726335, 78.66717483333333], [16.872643999999998, 78.66717616666666], [16.8726545, 78.6671775], [16.87266483333333, 78.66717883333334], [16.872675, 78.66718], [16.872685166666667, 78.66718133333333], [16.872695, 78.66718266666666], [16.872704833333334, 78.66718383333334], [16.872714499999997, 78.667185], [16.872724, 78.66718616666667], [16.8727335, 78.6671875], [16.872742833333334, 78.66718866666666], [16.8727525, 78.66718983333334], [16.872762, 78.667191], [16.872772, 78.66719233333333], [16.87278183333333, 78.6671935], [16.872792, 78.66719483333333], [16.872802333333333, 78.66719616666666], [16.87281266666667, 78.66719733333333], [16.872823166666667, 78.66719866666668], [16.872833500000002, 78.66720000000001], [16.87284383333333, 78.66720133333334], [16.872853833333334, 78.66720266666667], [16.872863666666667, 78.66720383333333], [16.872873333333335, 78.667205], [16.872882833333332, 78.66720616666666], [16.872892166666666, 78.66720733333334], [16.8729015, 78.66720866666667], [16.872911, 78.66720983333333], [16.872920500000003, 78.667211], [16.872930166666666, 78.66721233333332], [16.872940000000003, 78.66721349999999], [16.872950166666666, 78.66721483333335], [16.872960499999998, 78.66721616666668], [16.872971, 78.66721733333334], [16.872981499999998, 78.66721866666667], [16.872992, 78.66722], [16.8730025, 78.66722133333333], [16.873012666666668, 78.6672225], [16.8730225, 78.66722383333334], [16.8730325, 78.66722499999999], [16.873041833333332, 78.66722616666667], [16.873051333333333, 78.66722733333333], [16.873060333333335, 78.66722866666667], [16.8730695, 78.66722983333334], [16.873079, 78.66723099999999], [16.87308833333333, 78.66723216666666], [16.873098000000002, 78.66723333333333], [16.873107833333332, 78.66723449999999], [16.873117833333332, 78.66723583333334], [16.873128166666667, 78.66723699999999], [16.8731385, 78.66723833333334], [16.873149, 78.66723966666667], [16.873159333333334, 78.667241], [16.87316966666667, 78.66724233333333], [16.873179666666665, 78.66724366666668], [16.873189833333335, 78.66724483333334], [16.873199666666668, 78.66724616666667], [16.87320933333333, 78.66724733333334], [16.873218666666666, 78.6672485], [16.87322783333333, 78.66724966666668], [16.87323716666667, 78.66725083333334], [16.8732465, 78.66725199999999], [16.873255833333335, 78.66725333333333], [16.8732655, 78.6672545], [16.873275166666666, 78.66725583333333], [16.87328516666667, 78.66725716666666], [16.87329533333333, 78.66725849999999], [16.873305666666667, 78.66725983333335], [16.87331633333333, 78.66726116666668], [16.873326666666667, 78.6672625], [16.873337, 78.66726383333334], [16.873347333333335, 78.66726516666667], [16.873357166666665, 78.66726633333333], [16.873367, 78.66726766666667], [16.873376666666665, 78.66726883333334], [16.873386166666666, 78.66727016666667], [16.8733955, 78.66727133333333], [16.873404666666666, 78.66727250000001], [16.873414, 78.66727366666667], [16.873423333333335, 78.667275], [16.873432666666666, 78.66727616666667], [16.8734425, 78.6672775], [16.873452333333333, 78.66727866666666], [16.873462333333336, 78.66727999999999], [16.873472833333334, 78.66728133333332], [16.873483333333336, 78.66728266666668], [16.873494, 78.66728416666666], [16.873504500000003, 78.66728549999999], [16.873514666666665, 78.66728683333334], [16.87352483333333, 78.66728816666667], [16.873534666666668, 78.66728933333334], [16.87354433333333, 78.66729066666667], [16.873553833333336, 78.66729183333334], [16.873563166666667, 78.66729316666667], [16.873572333333335, 78.66729433333333], [16.873581666666666, 78.6672955], [16.873590999999998, 78.66729666666667], [16.873600500000002, 78.66729783333334], [16.873610333333332, 78.66729916666667], [16.87362016666667, 78.66730033333333], [16.873630166666665, 78.66730166666666], [16.873640333333334, 78.66730299999999], [16.873650833333333, 78.66730433333333], [16.873661333333335, 78.66730566666666], [16.873671833333333, 78.667307], [16.873682166666665, 78.66730833333332], [16.873692166666668, 78.66730966666667], [16.873702166666664, 78.667311], [16.873712, 78.66731216666668], [16.8737215, 78.66731333333334], [16.873731000000003, 78.66731466666667], [16.873740333333334, 78.66731566666667], [16.873749666666665, 78.66731683333335], [16.873759333333332, 78.667318], [16.873768666666667, 78.66731916666666], [16.873778666666666, 78.66732033333332], [16.873788666666666, 78.66732166666667], [16.873798833333336, 78.667323], [16.873809333333334, 78.66732433333333], [16.873819833333336, 78.6673255], [16.873830166666668, 78.66732683333333], [16.873840499999996, 78.66732816666666], [16.873850833333332, 78.66732933333333], [16.873861166666664, 78.66733066666667], [16.873871166666667, 78.66733183333334], [16.873880999999997, 78.66733316666667], [16.873890833333334, 78.66733433333334], [16.87390033333333, 78.66733550000001], [16.873909833333336, 78.66733666666667], [16.873919333333333, 78.66733783333333], [16.87392883333333, 78.667339], [16.8739385, 78.66734016666666], [16.873948499999997, 78.66734133333333], [16.873958333333334, 78.66734249999999], [16.8739685, 78.66734366666667], [16.87397866666667, 78.667345], [16.873989166666668, 78.66734633333334], [16.8739995, 78.66734766666667], [16.87401, 78.667349], [16.874020499999997, 78.66735033333333], [16.8740305, 78.6673515], [16.8740405, 78.66735283333334], [16.8740505, 78.66735399999999], [16.8740605, 78.66735533333333], [16.87407016666667, 78.66735650000001], [16.874079666666667, 78.66735766666667], [16.874089333333334, 78.66735883333334], [16.874098833333335, 78.66735999999999], [16.8741085, 78.66736116666667], [16.874118333333335, 78.66736250000001], [16.87412833333333, 78.66736366666667], [16.8741385, 78.667365], [16.874148666666667, 78.66736633333333], [16.87415916666667, 78.6673675], [16.874169666666667, 78.66736883333333], [16.874180000000003, 78.66737016666666], [16.8741905, 78.6673715], [16.874200666666663, 78.66737266666668], [16.874210666666666, 78.66737400000001], [16.874220666666666, 78.66737533333334], [16.874230333333333, 78.6673765], [16.874239833333334, 78.66737783333333], [16.8742495, 78.667379], [16.874259, 78.66738016666666], [16.87426866666667, 78.66738149999999], [16.874278333333333, 78.66738266666667], [16.874288333333332, 78.667384], [16.874298333333336, 78.66738516666666], [16.87430833333333, 78.6673865], [16.874318666666667, 78.66738783333334], [16.874329, 78.667389], [16.8743395, 78.66739033333333], [16.87435, 78.66739166666666], [16.874360333333335, 78.66739299999999], [16.8743705, 78.66739433333333], [16.874380666666664, 78.66739550000001], [16.8743905, 78.66739683333334], [16.8744005, 78.66739816666667], [16.874410166666667, 78.66739933333334], [16.874419666666665, 78.6674005], [16.874429333333335, 78.66740166666666], [16.874438833333333, 78.667403], [16.874448500000003, 78.66740416666667], [16.8744585, 78.66740533333333], [16.874468666666665, 78.66740666666666], [16.874479, 78.66740783333333], [16.874489333333333, 78.66740916666666], [16.874499833333335, 78.66741033333332], [16.874510333333333, 78.66741166666667], [16.874520833333335, 78.667413], [16.874531, 78.66741416666667], [16.874541166666667, 78.6674155], [16.874551166666667, 78.66741683333333], [16.87456083333333, 78.667418], [16.8745705, 78.66741916666666], [16.874579999999998, 78.66742033333334], [16.874589333333333, 78.6674215], [16.874599, 78.66742283333333], [16.874608666666667, 78.667424], [16.8746185, 78.66742516666666], [16.874628166666664, 78.66742649999999], [16.874638333333333, 78.66742766666667], [16.874648666666666, 78.667429], [16.874659, 78.66743033333334], [16.874669166666667, 78.66743166666667], [16.8746795, 78.667433], [16.87468983333333, 78.66743416666667], [16.8747, 78.6674355], [16.87471, 78.66743666666666], [16.874719833333334, 78.66743799999999], [16.874729666666667, 78.66743916666665], [16.87473933333333, 78.66744033333333], [16.874748833333335, 78.6674415], [16.874758333333332, 78.66744266666666], [16.874768, 78.66744399999999], [16.874777666666667, 78.66744516666667], [16.874787333333334, 78.66744633333333], [16.874797333333333, 78.6674475], [16.8748075, 78.66744866666666], [16.87481766666667, 78.66744999999999], [16.87482783333333, 78.66745133333333], [16.874838, 78.66745250000001], [16.874848166666666, 78.66745383333334], [16.874858500000002, 78.667455], [16.874868666666668, 78.66745633333333], [16.874878666666667, 78.6674575], [16.874888666666667, 78.66745883333333], [16.87489833333333, 78.66745999999999], [16.874907833333335, 78.66746116666667], [16.874917333333332, 78.66746233333333], [16.874926833333333, 78.66746366666666], [16.874935999999998, 78.66746483333333], [16.874945500000003, 78.66746616666666], [16.874955, 78.6674675], [16.874964666666664, 78.66746866666668], [16.874974666666667, 78.66747000000001], [16.874984833333333, 78.66747133333334], [16.874994833333336, 78.66747266666667], [16.875005166666664, 78.667474], [16.8750155, 78.66747533333334], [16.875025833333332, 78.66747666666667], [16.875035833333335, 78.66747783333334], [16.875046, 78.66747916666667], [16.87505583333333, 78.66748033333333], [16.875065666666668, 78.66748166666666], [16.87507533333333, 78.66748283333332], [16.875084833333336, 78.667484], [16.875094166666667, 78.66748516666667], [16.875103666666668, 78.66748633333333], [16.875113333333335, 78.66748750000001], [16.875123, 78.66748866666667], [16.875132666666666, 78.66749], [16.8751425, 78.66749133333333], [16.87515266666667, 78.66749266666667], [16.87516283333333, 78.66749383333334], [16.875173166666666, 78.66749516666667], [16.875183333333332, 78.6674965], [16.875193666666668, 78.66749783333333], [16.875203666666668, 78.66749899999999], [16.87521383333333, 78.66750033333332], [16.875223666666667, 78.6675015], [16.8752335, 78.66750266666666], [16.875243166666667, 78.66750383333333], [16.87525283333333, 78.66750499999999], [16.875262333333335, 78.66750616666667], [16.875271833333333, 78.66750733333333], [16.87528133333333, 78.6675085], [16.875291166666667, 78.66750966666667], [16.875301, 78.66751083333334], [16.875310833333334, 78.667512], [16.875320833333333, 78.66751333333333], [16.87533116666667, 78.66751466666666], [16.875341666666667, 78.66751599999999], [16.875352000000003, 78.66751733333334], [16.87536233333333, 78.66751866666667], [16.8753725, 78.66752], [16.875382666666667, 78.66752116666666], [16.875392499999997, 78.66752249999999], [16.875402166666667, 78.66752366666667], [16.875411666666665, 78.66752483333333], [16.875421333333335, 78.667526], [16.875430666666666, 78.66752716666666], [16.875440166666667, 78.66752833333334], [16.875449833333334, 78.6675295], [16.875459666666664, 78.66753066666666], [16.8754695, 78.667532], [16.875479666666667, 78.66753316666667], [16.87549016666667, 78.6675345], [16.87550033333333, 78.66753583333335], [16.875510833333333, 78.66753716666668], [16.87552133333333, 78.66753833333334], [16.8755315, 78.66753966666667], [16.875541666666667, 78.667541], [16.87555133333333, 78.66754216666666], [16.875561, 78.6675435], [16.8755705, 78.66754466666666], [16.875579833333333, 78.66754583333334], [16.875588999999998, 78.667547], [16.875598, 78.66754816666666], [16.875607333333335, 78.66754933333333], [16.875616666666666, 78.66755066666666], [16.875626166666667, 78.66755183333333], [16.875636, 78.66755316666666], [16.875646, 78.66755450000001], [16.875656166666666, 78.66755566666667], [16.8756665, 78.667557], [16.875677, 78.66755833333333], [16.8756875, 78.66755966666666], [16.875697666666667, 78.66756099999999], [16.875707499999997, 78.66756233333334], [16.875717166666668, 78.6675635], [16.875726666666665, 78.66756483333333], [16.875736, 78.66756600000001], [16.875745, 78.66756716666667], [16.875753999999997, 78.66756833333334], [16.875763166666665, 78.6675695], [16.8757725, 78.66757083333333], [16.875782, 78.667572], [16.875791833333334, 78.66757333333334], [16.875801666666668, 78.6675745], [16.875811833333334, 78.66757583333333], [16.87582216666667, 78.66757716666666], [16.875832333333335, 78.6675785], [16.875842833333333, 78.66757966666667], [16.875853166666666, 78.667581], [16.875863166666665, 78.66758233333333], [16.87587316666667, 78.66758366666666], [16.875882999999998, 78.66758483333334], [16.875892500000003, 78.66758616666667], [16.875902, 78.66758733333333], [16.875911499999997, 78.66758866666667], [16.875920833333332, 78.66758983333334], [16.87593, 78.66759099999999], [16.875939333333335, 78.66759216666667], [16.875948833333332, 78.66759333333333], [16.875958333333333, 78.66759449999999], [16.875968166666667, 78.66759583333334], [16.875978333333332, 78.66759716666667], [16.875988500000002, 78.6675985], [16.87599883333333, 78.66759983333333], [16.876009500000002, 78.66760116666666], [16.876020166666667, 78.66760266666667], [16.876030500000002, 78.667604], [16.876040666666665, 78.66760533333333], [16.876050666666668, 78.66760649999999], [16.8760605, 78.66760783333334], [16.876070000000002, 78.667609], [16.8760795, 78.66761016666666], [16.87608883333333, 78.66761133333333], [16.87609816666667, 78.66761249999999], [16.876107666666666, 78.66761366666667], [16.876117166666667, 78.66761483333333], [16.876126833333334, 78.667616], [16.876137000000003, 78.66761716666666], [16.876147333333332, 78.66761849999999], [16.87615783333333, 78.66761983333335], [16.876168500000002, 78.66762116666668], [16.876179166666667, 78.66762233333334], [16.8761895, 78.66762366666667], [16.876199999999997, 78.667625], [16.876210333333333, 78.66762616666666], [16.876220333333332, 78.6676275], [16.87623, 78.66762866666666], [16.8762395, 78.66762983333334], [16.87624883333333, 78.667631], [16.876258166666666, 78.66763216666666], [16.876267499999997, 78.66763316666668], [16.876277, 78.66763433333334], [16.8762865, 78.6676355], [16.876296333333336, 78.66763683333333], [16.876306666666668, 78.667638], [16.87631716666667, 78.66763916666667], [16.876327833333335, 78.6676405], [16.8763385, 78.66764183333333], [16.876349166666667, 78.667643], [16.876359666666666, 78.66764433333333], [16.87637, 78.66764549999999], [16.876379999999997, 78.66764666666667], [16.876389833333334, 78.66764783333333], [16.876399499999998, 78.667649], [16.876409000000002, 78.66765016666666], [16.8764185, 78.66765133333334], [16.876427999999997, 78.6676525], [16.8764375, 78.66765366666667], [16.876447166666665, 78.66765483333333], [16.87645716666667, 78.66765600000001], [16.876467333333334, 78.66765733333334], [16.8764775, 78.6676585], [16.876488, 78.66765983333333], [16.876498333333334, 78.66766116666666], [16.876509, 78.66766233333333], [16.876519499999997, 78.66766366666667], [16.876529833333333, 78.66766483333335], [16.87654, 78.66766616666668], [16.876550166666668, 78.66766733333334], [16.876560166666664, 78.6676685], [16.87657, 78.66766966666667], [16.876579666666665, 78.66767083333335], [16.87658916666667, 78.667672], [16.876598833333333, 78.66767316666666], [16.8766085, 78.66767416666667], [16.876618166666667, 78.66767533333334], [16.876628, 78.6676765], [16.876638, 78.66767783333333], [16.876648166666666, 78.66767899999999], [16.8766585, 78.66768016666667], [16.876669, 78.6676815], [16.876679666666668, 78.66768266666666], [16.876690166666666, 78.667684], [16.876700666666668, 78.66768516666666], [16.876711, 78.6676865], [16.876721166666666, 78.66768766666668], [16.876731333333332, 78.66768883333334], [16.876741, 78.66769], [16.876750666666666, 78.66769116666666], [16.87676, 78.6676925], [16.876769666666668, 78.66769366666668], [16.87677933333333, 78.66769483333334], [16.876789, 78.66769599999999], [16.876799000000002, 78.66769716666666], [16.876809166666664, 78.6676985], [16.876819333333334, 78.66769983333333], [16.876829666666666, 78.66770116666666], [16.876840166666668, 78.66770249999999], [16.876850333333334, 78.66770366666667], [16.876860500000003, 78.667705], [16.8768705, 78.66770633333334], [16.876880333333336, 78.6677075], [16.876890166666666, 78.66770883333334], [16.876899833333333, 78.66771], [16.876909333333334, 78.66771133333333], [16.87691883333333, 78.66771250000001], [16.876928333333336, 78.66771366666667], [16.876937666666667, 78.667715], [16.876947500000004, 78.66771616666666], [16.876957333333333, 78.66771733333333], [16.8769675, 78.66771866666666], [16.8769775, 78.66771983333334], [16.87698783333333, 78.66772116666667], [16.876998166666667, 78.66772250000001], [16.8770085, 78.66772366666667], [16.877018833333334, 78.667725], [16.877029166666667, 78.66772633333333], [16.87703916666667, 78.6677275], [16.877049333333332, 78.66772866666666], [16.87705933333333, 78.66772999999999], [16.87706916666667, 78.66773116666667], [16.877078833333332, 78.66773233333333], [16.8770885, 78.6677335], [16.877098, 78.66773466666668], [16.877107666666667, 78.66773583333334], [16.877117166666668, 78.66773716666667], [16.877126999999998, 78.66773833333333], [16.877137, 78.6677395], [16.877146999999997, 78.66774083333333], [16.877157333333333, 78.66774216666666], [16.877167999999998, 78.66774333333333], [16.8771785, 78.66774466666668], [16.877188999999998, 78.66774600000001], [16.877199333333333, 78.66774733333334], [16.8772095, 78.66774866666667], [16.87721966666667, 78.66774983333333], [16.8772295, 78.667751], [16.877239166666666, 78.66775233333333], [16.877248833333333, 78.66775349999999], [16.8772585, 78.66775466666667], [16.877268, 78.66775583333333], [16.877277499999998, 78.667757], [16.877287000000003, 78.66775833333332], [16.877297, 78.66775966666667], [16.877307, 78.66776083333333], [16.877317166666668, 78.66776216666668], [16.877327333333334, 78.6677635], [16.877337833333335, 78.66776483333334], [16.877348333333334, 78.66776616666667], [16.877358666666666, 78.66776750000001], [16.877368999999998, 78.66776866666667], [16.877379166666667, 78.66777], [16.877388833333335, 78.66777133333333], [16.877398666666668, 78.6677725], [16.877408166666665, 78.66777366666666], [16.877417833333332, 78.66777483333334], [16.877427166666667, 78.66777616666667], [16.877436666666664, 78.66777733333333], [16.877446333333335, 78.66777866666666], [16.877456166666665, 78.66777983333333], [16.877466166666668, 78.66778116666666], [16.877476333333334, 78.6677825], [16.8774865, 78.66778383333333], [16.877497166666668, 78.66778516666666], [16.8775075, 78.66778649999999], [16.877517833333332, 78.667788], [16.877528166666664, 78.66778933333333], [16.877538333333334, 78.66779066666666], [16.877548166666667, 78.66779183333333], [16.877558, 78.66779316666666], [16.8775675, 78.66779433333333], [16.877577, 78.6677955], [16.877586333333333, 78.66779666666666], [16.87759583333333, 78.66779799999999], [16.877605333333335, 78.66779916666665], [16.877615, 78.66780033333333], [16.877624833333336, 78.66780166666668], [16.87763483333333, 78.66780283333333], [16.877645166666664, 78.66780416666667], [16.877655666666666, 78.66780533333333], [16.877666166666664, 78.66780666666666], [16.877676666666666, 78.667808], [16.87768733333333, 78.66780933333332], [16.877697833333333, 78.66781066666667], [16.877708, 78.66781183333333], [16.877718, 78.667813], [16.877727666666665, 78.66781433333334], [16.877737333333336, 78.6678155], [16.877747, 78.66781666666667], [16.877756499999997, 78.66781783333333], [16.877766, 78.667819], [16.87777583333333, 78.66782033333334], [16.877785666666668, 78.6678215], [16.877795499999998, 78.66782283333333], [16.877805666666667, 78.66782400000001], [16.877815833333333, 78.66782533333334], [16.877826000000002, 78.66782666666667], [16.8778365, 78.667828], [16.877847, 78.66782933333334], [16.877857333333335, 78.66783066666667], [16.877867833333333, 78.667832], [16.877878, 78.66783316666667], [16.877888166666665, 78.6678345], [16.877898166666668, 78.66783566666666], [16.877907999999998, 78.66783699999999], [16.87791766666667, 78.66783816666666], [16.8779275, 78.6678395], [16.877937, 78.66784066666668], [16.877946666666666, 78.66784183333333], [16.8779565, 78.66784299999999], [16.877966333333333, 78.66784416666665], [16.877976166666667, 78.66784550000001], [16.877986500000002, 78.66784666666668], [16.877996833333334, 78.667848], [16.878007166666666, 78.66784933333334], [16.878017666666665, 78.66785083333333], [16.878027999999997, 78.66785216666668], [16.878038666666665, 78.6678535], [16.87804883333333, 78.66785483333334], [16.878059, 78.66785616666667], [16.878069, 78.66785733333333], [16.878078833333333, 78.66785866666667], [16.8780885, 78.66785983333332], [16.878097833333335, 78.66786083333334], [16.878107166666666, 78.667862], [16.878116499999997, 78.66786316666666], [16.878125833333335, 78.66786433333333], [16.878135333333333, 78.66786566666666], [16.878145166666666, 78.66786699999999], [16.878155333333332, 78.66786833333335], [16.878165666666668, 78.66786966666668], [16.878176333333332, 78.667871], [16.878186833333334, 78.66787233333334], [16.8781975, 78.66787366666668], [16.878207999999997, 78.66787500000001], [16.878218333333333, 78.66787633333334], [16.878228333333333, 78.6678775], [16.878238, 78.66787883333333], [16.8782475, 78.66788], [16.878256833333335, 78.66788116666666], [16.878266333333332, 78.66788233333334], [16.878275666666664, 78.6678835], [16.878285166666668, 78.66788466666667], [16.87829483333333, 78.667886], [16.87830466666667, 78.66788716666666], [16.87831483333333, 78.66788849999999], [16.878325166666666, 78.66788983333332], [16.878335666666665, 78.66789116666668], [16.878346166666667, 78.66789250000001], [16.878356666666665, 78.66789383333334], [16.878367166666667, 78.66789516666667], [16.8783775, 78.66789650000001], [16.87838783333333, 78.66789783333334], [16.878398166666667, 78.66789916666667], [16.878408166666667, 78.66790033333334], [16.878418, 78.6679015], [16.878427833333333, 78.66790283333333], [16.8784375, 78.667904], [16.87844683333333, 78.66790516666667], [16.878456500000002, 78.66790633333333], [16.878466166666666, 78.6679075], [16.878476, 78.66790883333333], [16.87848616666667, 78.66791016666666], [16.8784965, 78.6679115], [16.878507000000003, 78.66791266666668], [16.878517499999997, 78.66791400000001], [16.87852816666667, 78.66791549999999], [16.878538666666667, 78.66791683333332], [16.87854916666667, 78.667918], [16.878559666666668, 78.66791933333334], [16.87857, 78.66792050000001], [16.87858, 78.66792183333334], [16.878589666666667, 78.667923], [16.878599333333334, 78.66792416666667], [16.87860883333333, 78.66792533333334], [16.87861816666667, 78.66792650000001], [16.8786275, 78.66792783333334], [16.878637166666667, 78.667929], [16.878647, 78.66793016666666], [16.87865683333333, 78.66793133333334], [16.878667, 78.66793266666667], [16.878677333333332, 78.667934], [16.878687666666668, 78.66793533333333], [16.878698333333332, 78.66793666666668], [16.878708833333334, 78.667938], [16.878719166666666, 78.66793916666667], [16.878729500000002, 78.6679405], [16.878739666666668, 78.66794166666666], [16.878749333333335, 78.667943], [16.87875916666667, 78.66794416666667], [16.878768833333332, 78.66794533333334], [16.8787785, 78.6679465], [16.878788, 78.66794766666666], [16.878797666666667, 78.66794883333334], [16.8788075, 78.66795], [16.878817666666666, 78.66795116666667], [16.878828, 78.6679525], [16.87883833333333, 78.66795366666666], [16.878848833333333, 78.66795499999999], [16.878859499999997, 78.66795633333332], [16.87887, 78.66795766666668], [16.87888033333333, 78.66795900000001], [16.878890666666667, 78.66796033333334], [16.878901, 78.66796166666667], [16.87891116666667, 78.66796283333333], [16.878921, 78.667964], [16.878930833333335, 78.66796516666666], [16.8789405, 78.66796633333334], [16.878950166666666, 78.6679675], [16.878959833333333, 78.66796866666667], [16.8789695, 78.66796983333333], [16.878979166666667, 78.66797100000001], [16.878988833333334, 78.66797216666667], [16.878998833333334, 78.66797333333334], [16.879009166666666, 78.66797466666667], [16.87901916666667, 78.667976], [16.8790295, 78.66797716666666], [16.879039666666664, 78.66797849999999], [16.879050166666666, 78.66797983333332], [16.87906033333333, 78.66798116666668], [16.8790705, 78.66798250000001], [16.87908033333333, 78.66798366666667], [16.879090166666668, 78.66798483333334], [16.879099666666665, 78.667986], [16.87910916666667, 78.66798716666668], [16.879118666666667, 78.66798816666666], [16.879128166666664, 78.66798933333332], [16.879137833333335, 78.6679905], [16.879147666666665, 78.66799166666667], [16.879157666666668, 78.66799283333333], [16.879167833333334, 78.66799416666666], [16.87917816666667, 78.66799533333332], [16.8791885, 78.66799666666667], [16.87919883333333, 78.667998], [16.879209333333332, 78.66799933333333], [16.879219499999998, 78.66800066666666], [16.87923, 78.66800199999999], [16.87924, 78.66800333333335], [16.879250000000003, 78.66800450000001], [16.879259833333332, 78.66800583333334], [16.879269166666667, 78.668007], [16.8792785, 78.66800816666667], [16.879287833333333, 78.6680095], [16.879297166666667, 78.66801066666667], [16.879306666666665, 78.668012], [16.879316333333335, 78.66801316666667], [16.879326499999998, 78.6680145], [16.879336666666667, 78.66801583333333], [16.879347166666665, 78.66801716666667], [16.879357833333334, 78.6680185], [16.879368333333332, 78.66801983333333], [16.87937883333333, 78.66802116666666], [16.879389, 78.6680225], [16.879399, 78.66802383333334], [16.879409, 78.668025], [16.879418666666666, 78.66802633333333], [16.879428333333333, 78.66802750000001], [16.879437666666668, 78.66802866666667], [16.879446833333336, 78.66802983333334], [16.879456333333334, 78.668031], [16.87946583333333, 78.66803233333333], [16.879475666666668, 78.6680335], [16.879485499999998, 78.66803466666667], [16.8794955, 78.668036], [16.879505666666667, 78.66803733333333], [16.879516000000002, 78.6680385], [16.879526333333335, 78.66803983333332], [16.87953666666667, 78.66804116666667], [16.879546833333333, 78.6680425], [16.879557, 78.66804366666666], [16.879567, 78.66804499999999], [16.879576999999998, 78.66804633333332], [16.879586833333335, 78.6680475], [16.879596499999998, 78.66804866666666], [16.879606000000003, 78.66804983333333], [16.879615666666666, 78.668051], [16.879625166666663, 78.66805233333334], [16.879634833333334, 78.6680535], [16.879644666666664, 78.66805466666666], [16.879654666666667, 78.66805599999999], [16.879664833333333, 78.66805716666666], [16.879675333333335, 78.6680585], [16.879686, 78.66805966666668], [16.879696833333334, 78.66806083333333], [16.879707833333335, 78.66806199999999], [16.879718500000003, 78.668063], [16.879729166666667, 78.66806383333332], [16.879739833333335, 78.66806466666667], [16.879750333333334, 78.6680655], [16.879760666666666, 78.66806616666666], [16.879771166666668, 78.66806683333333], [16.8797815, 78.66806733333333], [16.879791833333336, 78.66806766666667], [16.8798025, 78.66806799999999], [16.87981316666667, 78.66806833333334], [16.879824166666666, 78.66806849999999], [16.879835166666666, 78.66806849999999], [16.8798465, 78.66806866666667], [16.879858000000002, 78.66806866666667], [16.879869333333332, 78.66806866666667], [16.879880833333335, 78.66806866666667], [16.879892166666664, 78.66806849999999], [16.87990316666667, 78.66806849999999], [16.879914333333332, 78.66806833333334], [16.879925333333333, 78.66806799999999], [16.879936166666667, 78.66806766666667], [16.879947, 78.66806733333333], [16.879957833333332, 78.66806683333333], [16.879969000000003, 78.66806616666666], [16.87998, 78.66806566666668], [16.879991333333333, 78.66806483333333], [16.8800025, 78.66806416666667], [16.880013833333333, 78.66806333333334], [16.880024666666667, 78.66806249999999], [16.8800355, 78.66806166666667], [16.880046, 78.66806066666666], [16.88005616666667, 78.66805983333333], [16.880066166666666, 78.66805883333333], [16.880075833333333, 78.66805783333332], [16.8800855, 78.66805666666667], [16.880094999999997, 78.66805550000001], [16.880104833333334, 78.66805416666666], [16.880114666666667, 78.66805283333333], [16.880124833333333, 78.6680515], [16.880134666666667, 78.66805016666667], [16.88014433333333, 78.66804883333333], [16.88015366666667, 78.66804733333333], [16.880162666666667, 78.668046], [16.880171166666667, 78.6680445], [16.880179333333334, 78.66804316666666], [16.880187499999998, 78.66804166666667], [16.8801955, 78.66804], [16.880204, 78.6680385], [16.880212500000003, 78.66803683333333], [16.88022116666667, 78.66803516666667], [16.88022983333333, 78.6680335], [16.880238333333335, 78.66803183333333], [16.8802465, 78.66803016666667], [16.8802545, 78.6680285], [16.880262166666668, 78.66802683333334], [16.880269666666667, 78.66802516666667], [16.880277, 78.66802333333334], [16.880284500000002, 78.66802166666666], [16.880292333333333, 78.66801983333333], [16.88030033333333, 78.668018], [16.880308333333335, 78.66801616666666], [16.880316333333333, 78.66801416666667], [16.880324166666664, 78.668012], [16.880331666666667, 78.66801000000001], [16.880339166666666, 78.668008], [16.880346499999998, 78.66800583333334], [16.880354166666667, 78.66800383333333], [16.880361999999998, 78.66800183333334], [16.880369666666663, 78.66799983333334], [16.8803775, 78.66799783333333], [16.880385166666667, 78.66799566666667], [16.88039266666667, 78.6679935], [16.8804, 78.66799133333333], [16.880406666666666, 78.66798933333332], [16.880413833333332, 78.66798716666668], [16.880420833333336, 78.667985], [16.880428166666665, 78.667983], [16.880435666666664, 78.667981], [16.880443166666666, 78.66797883333334], [16.880450333333332, 78.66797683333333], [16.880457666666665, 78.66797466666667], [16.88046466666667, 78.66797266666667], [16.880471333333332, 78.6679705], [16.880477833333334, 78.6679685], [16.880484333333335, 78.66796666666667], [16.880490833333333, 78.66796483333333], [16.880498499999998, 78.667963], [16.880506, 78.667961], [16.8805135, 78.66795900000001], [16.880520999999998, 78.66795699999999], [16.880528333333334, 78.66795499999999], [16.8805355, 78.66795283333333], [16.8805425, 78.66795099999999], [16.880549499999997, 78.667949], [16.880556833333333, 78.66794716666666], [16.8805645, 78.66794533333334], [16.880572333333337, 78.66794333333334], [16.880580000000002, 78.66794150000001], [16.880587833333333, 78.66793933333334], [16.88059516666667, 78.66793733333334], [16.880602333333332, 78.66793533333333], [16.88060983333333, 78.66793333333334], [16.880617500000003, 78.66793133333334], [16.880625333333334, 78.6679295], [16.880633333333332, 78.66792749999999], [16.880641333333333, 78.6679255], [16.880649166666668, 78.6679235], [16.880657, 78.66792149999999], [16.880664666666668, 78.6679195], [16.880672, 78.66791766666667], [16.880679333333333, 78.66791566666667], [16.880687, 78.66791383333333], [16.880694833333333, 78.66791199999999], [16.880703, 78.66791016666666], [16.880711333333334, 78.66790816666666], [16.88071933333333, 78.66790633333333], [16.8807275, 78.66790433333334], [16.880735333333334, 78.66790233333333], [16.880743166666665, 78.66790033333334], [16.88075083333333, 78.6678985], [16.880758500000002, 78.66789666666666], [16.880766666666666, 78.667895], [16.88077483333333, 78.66789316666667], [16.880783166666667, 78.66789133333333], [16.88079133333333, 78.6678895], [16.880799500000002, 78.6678875], [16.8808075, 78.6678855], [16.8808155, 78.66788366666667], [16.880823333333336, 78.66788166666667], [16.8808315, 78.66787983333333], [16.880839833333333, 78.667878], [16.880848, 78.66787616666667], [16.880856666666666, 78.66787433333334], [16.880864999999996, 78.6678725], [16.880873166666667, 78.66787066666667], [16.880881166666665, 78.66786866666666], [16.88088916666667, 78.66786683333333], [16.880897166666667, 78.66786499999999], [16.880905166666665, 78.66786316666666], [16.880913333333336, 78.66786133333333], [16.880921833333332, 78.66785966666666], [16.880930333333332, 78.66785783333333], [16.88093866666667, 78.667856], [16.880947, 78.66785416666667], [16.880954999999997, 78.66785233333333], [16.880963, 78.6678505], [16.880970833333333, 78.66784866666667], [16.880978833333334, 78.667847], [16.880986833333335, 78.66784516666667], [16.880995499999997, 78.66784333333334], [16.881004333333333, 78.66784166666666], [16.881013, 78.66783983333333], [16.88102183333333, 78.667838], [16.88103016666667, 78.66783616666666], [16.881038333333333, 78.6678345], [16.88104666666667, 78.66783266666667], [16.881054666666667, 78.66783083333333], [16.881062999999997, 78.667829], [16.881071666666667, 78.66782733333334], [16.881080166666667, 78.66782549999999], [16.881089, 78.66782383333333], [16.8810975, 78.66782199999999], [16.881105833333333, 78.66782033333334], [16.88111416666667, 78.66781850000001], [16.8811225, 78.66781666666667], [16.881130666666664, 78.667815], [16.881139, 78.66781333333333], [16.881147333333335, 78.6678115], [16.881155999999997, 78.66780983333334], [16.881164666666667, 78.667808], [16.881173333333333, 78.66780616666667], [16.881181833333336, 78.66780433333334], [16.88119, 78.66780250000001], [16.881198166666664, 78.66780083333333], [16.881206333333335, 78.667799], [16.881214666666665, 78.66779733333333], [16.881223, 78.6677955], [16.881231666666668, 78.66779383333332], [16.881240333333334, 78.66779199999999], [16.881248833333334, 78.66779033333334], [16.8812575, 78.6677885], [16.881266, 78.66778666666667], [16.881274333333334, 78.66778500000001], [16.881282666666667, 78.66778316666667], [16.88129083333333, 78.6677815], [16.881299333333335, 78.66777966666668], [16.881308, 78.667778], [16.8813165, 78.66777616666667], [16.881325166666667, 78.6677745], [16.881333833333333, 78.66777266666666], [16.881342166666666, 78.66777083333334], [16.8813505, 78.66776899999999], [16.881358499999997, 78.66776733333333], [16.881366833333335, 78.66776566666667], [16.881375333333335, 78.66776383333332], [16.881383833333334, 78.66776216666668], [16.8813925, 78.6677605], [16.88140083333333, 78.66775866666667], [16.8814095, 78.667757], [16.881418, 78.66775516666667], [16.881426166666664, 78.66775349999999], [16.881434333333335, 78.66775166666666], [16.8814425, 78.66775], [16.881450833333336, 78.66774816666666], [16.881459500000002, 78.6677465], [16.881468166666664, 78.66774483333333], [16.881476666666668, 78.667743], [16.881485166666668, 78.66774133333334], [16.88149333333333, 78.6677395], [16.881501500000002, 78.66773783333333], [16.8815095, 78.667736], [16.881517666666664, 78.66773433333333], [16.881525833333335, 78.6677325], [16.881534666666667, 78.66773083333332], [16.881543500000003, 78.667729], [16.881552166666665, 78.66772733333333], [16.881560666666665, 78.6677255], [16.881569000000002, 78.66772383333334], [16.881577, 78.667722], [16.88158483333333, 78.66772033333334], [16.881592833333332, 78.66771866666666], [16.881600666666667, 78.66771683333333], [16.88160866666667, 78.66771516666667], [16.88161716666667, 78.66771333333332], [16.8816255, 78.66771166666668], [16.881634000000002, 78.66770983333332], [16.881642333333332, 78.66770799999999], [16.881650333333333, 78.66770633333334], [16.8816585, 78.6677045], [16.881666666666668, 78.66770283333334], [16.88167483333333, 78.66770100000001], [16.881683, 78.66769916666667], [16.8816915, 78.6676975], [16.881700000000002, 78.66769566666667], [16.881708833333334, 78.66769383333333], [16.881717166666665, 78.66769216666667], [16.8817255, 78.66769033333334], [16.881733666666666, 78.66768866666666], [16.881741833333333, 78.66768699999999], [16.881749833333334, 78.66768516666666], [16.881758333333334, 78.66768333333333], [16.881766666666667, 78.66768166666667], [16.881775166666667, 78.66767983333334], [16.881783833333333, 78.667678], [16.881792333333333, 78.66767633333333], [16.881800833333333, 78.6676745], [16.881809166666667, 78.66767266666668], [16.8818175, 78.667671], [16.881825666666668, 78.66766933333334], [16.881833833333335, 78.66766750000001], [16.881842, 78.66766583333333], [16.8818505, 78.66766416666665], [16.8818585, 78.6676625], [16.881866666666667, 78.66766083333333], [16.881874999999997, 78.667659], [16.881883333333334, 78.66765733333334], [16.881891666666668, 78.66765566666666], [16.881899999999998, 78.66765383333333], [16.881908333333335, 78.66765216666666], [16.881916666666665, 78.66765050000001], [16.881925333333335, 78.66764883333333], [16.881933666666665, 78.667647], [16.881941833333332, 78.66764533333334], [16.881950166666666, 78.66764366666666], [16.8819585, 78.66764183333333], [16.881966666666663, 78.66764016666666], [16.881974833333334, 78.66763850000001], [16.881983166666664, 78.66763683333333], [16.8819915, 78.66763516666667], [16.881999833333335, 78.66763333333333], [16.882008166666665, 78.66763166666667], [16.88201666666667, 78.66762999999999], [16.882024666666666, 78.66762816666666], [16.882032666666664, 78.66762650000001], [16.882040833333335, 78.66762466666667], [16.882049, 78.667623], [16.882057333333332, 78.66762133333333], [16.882065833333336, 78.66761966666667], [16.882074166666666, 78.66761799999999], [16.88208266666667, 78.66761633333334], [16.882091166666665, 78.6676145], [16.8820995, 78.66761283333334], [16.882107666666666, 78.66761116666666], [16.8821155, 78.66760933333333], [16.8821235, 78.66760766666667], [16.8821315, 78.66760599999999], [16.882139666666667, 78.66760433333334], [16.882147999999997, 78.66760266666667], [16.8821565, 78.667601], [16.88216483333333, 78.66759933333333], [16.882173333333334, 78.66759766666668], [16.882181666666668, 78.66759583333334], [16.882189999999998, 78.66759416666667], [16.882198000000002, 78.66759233333333], [16.882206333333333, 78.66759066666667], [16.882214666666666, 78.66758899999999], [16.882223166666666, 78.66758716666666], [16.882231666666666, 78.6675855], [16.88224016666667, 78.66758383333334], [16.882248666666666, 78.66758216666668], [16.882256833333333, 78.6675805], [16.882264833333334, 78.66757883333334], [16.88227283333333, 78.667577], [16.882280833333333, 78.66757533333333], [16.882288666666668, 78.66757366666667], [16.882297, 78.667572], [16.882305499999998, 78.66757033333333], [16.882314166666667, 78.66756866666667], [16.88232233333333, 78.66756699999999], [16.882330666666668, 78.66756533333334], [16.882338666666666, 78.66756366666667], [16.882347, 78.667562], [16.882354833333334, 78.66756033333333], [16.88236283333333, 78.6675585], [16.882371, 78.66755683333334], [16.882379500000003, 78.66755516666667], [16.882388, 78.6675535], [16.882396333333336, 78.66755183333333], [16.882404666666666, 78.66755016666666], [16.882412833333333, 78.66754850000001], [16.882421, 78.66754683333333], [16.882429166666668, 78.66754516666667], [16.882437166666666, 78.66754333333333], [16.882445333333333, 78.66754166666666], [16.8824535, 78.66753999999999], [16.88246183333333, 78.66753833333334], [16.882470333333334, 78.66753666666666], [16.882478666666668, 78.667535], [16.882487, 78.66753333333332], [16.88249516666667, 78.66753166666668], [16.882503166666666, 78.66753], [16.882511166666667, 78.66752816666667], [16.882519666666667, 78.6675265], [16.882528166666667, 78.66752483333333], [16.882536666666667, 78.667523], [16.882545333333333, 78.66752133333333], [16.882553833333336, 78.66751966666668], [16.882562333333333, 78.667518], [16.8825705, 78.66751633333334], [16.882578333333335, 78.6675145], [16.882586166666666, 78.66751283333333], [16.882594166666667, 78.66751116666666], [16.882602333333335, 78.66750950000001], [16.8826105, 78.667508], [16.882618666666666, 78.66750616666667], [16.88262716666667, 78.66750449999999], [16.882635666666665, 78.66750283333334], [16.882643833333336, 78.66750116666667], [16.882652, 78.6674995], [16.882659999999998, 78.66749783333333], [16.88266816666667, 78.66749616666667], [16.882676333333333, 78.66749433333332], [16.8826845, 78.6674925], [16.882692666666667, 78.66749066666667], [16.882700833333335, 78.66748883333334], [16.882708833333332, 78.66748716666666], [16.882716666666667, 78.66748533333333], [16.882724666666665, 78.66748366666667], [16.882732666666666, 78.667482], [16.882740833333333, 78.66748033333333], [16.882748833333334, 78.66747866666667], [16.882757166666668, 78.66747699999999], [16.882765333333335, 78.66747516666666], [16.88277383333333, 78.6674735], [16.882781833333336, 78.66747166666667], [16.88279, 78.66747000000001], [16.882798166666664, 78.66746816666667], [16.88280616666667, 78.6674665], [16.882814333333332, 78.66746466666667], [16.882822333333333, 78.667463], [16.8828305, 78.66746116666667], [16.882838666666665, 78.66745933333333], [16.88284666666667, 78.66745766666666], [16.882854833333333, 78.66745583333334], [16.882863166666667, 78.66745416666666], [16.8828715, 78.66745250000001], [16.882879666666668, 78.66745083333333], [16.882887666666665, 78.667449], [16.882895833333336, 78.66744733333333], [16.882904166666666, 78.66744566666667], [16.882911999999997, 78.66744383333334], [16.88292016666667, 78.66744216666666], [16.882928, 78.66744033333333], [16.882935999999997, 78.66743849999999], [16.882944000000002, 78.66743683333334], [16.882952166666666, 78.66743516666666], [16.882960333333333, 78.6674335], [16.8829685, 78.66743166666667], [16.882976666666664, 78.66743], [16.88298466666667, 78.66742816666667], [16.882992833333333, 78.66742649999999], [16.88300083333333, 78.66742483333334], [16.88300866666667, 78.667423], [16.8830165, 78.66742133333334], [16.883024499999998, 78.66741966666667], [16.883032333333333, 78.667418], [16.883040166666667, 78.66741633333332], [16.883048499999997, 78.66741466666667], [16.88305666666667, 78.66741283333334], [16.883064666666666, 78.66741116666667], [16.883072666666667, 78.6674095], [16.883080666666668, 78.66740766666666], [16.883088666666666, 78.667406], [16.883097000000003, 78.66740433333332], [16.883105, 78.6674025], [16.88311333333333, 78.66740083333335], [16.883121333333335, 78.66739916666667], [16.883129333333333, 78.6673975], [16.88313733333333, 78.66739583333333], [16.883145333333335, 78.667394], [16.883153166666666, 78.66739233333332], [16.883161500000003, 78.66739066666668], [16.883169666666667, 78.667389], [16.883178, 78.66738733333334], [16.88318616666667, 78.66738566666666], [16.883194666666668, 78.66738416666666], [16.883203166666664, 78.66738233333334], [16.883211333333335, 78.66738083333333], [16.8832195, 78.667379], [16.883227499999997, 78.66737733333333], [16.8832355, 78.66737566666667], [16.8832435, 78.66737400000001], [16.88325166666667, 78.66737233333333], [16.883259666666667, 78.66737066666666], [16.88326783333333, 78.667369], [16.88327616666667, 78.66736733333333], [16.883284166666666, 78.66736566666667], [16.8832925, 78.66736399999999], [16.883300666666667, 78.66736233333333], [16.8833085, 78.66736066666667], [16.883316666666666, 78.667359], [16.883324666666667, 78.66735733333333], [16.883333, 78.66735566666667], [16.883341166666664, 78.66735399999999], [16.883349333333335, 78.66735233333334], [16.883357333333333, 78.66735066666666], [16.8833655, 78.66734883333334], [16.883373666666667, 78.66734716666666], [16.883381666666665, 78.6673455], [16.883390000000002, 78.66734383333333], [16.883398166666666, 78.66734199999999], [16.8834065, 78.66734033333334], [16.883414833333333, 78.66733866666667], [16.883423166666667, 78.66733683333334], [16.883431166666664, 78.66733516666666], [16.88343916666667, 78.6673335], [16.883447166666667, 78.66733183333334], [16.883455, 78.66733016666667], [16.883463, 78.6673285], [16.883471166666666, 78.66732683333333], [16.883479333333334, 78.66732516666666], [16.883487666666667, 78.66732350000001], [16.883495999999997, 78.66732183333333], [16.883504333333335, 78.66732016666667], [16.883512333333332, 78.6673185], [16.883520666666666, 78.66731683333335], [16.8835285, 78.66731516666667], [16.883536666666664, 78.6673135], [16.883544833333335, 78.66731166666666], [16.883553, 78.66731], [16.883561, 78.66730816666667], [16.883569, 78.6673065], [16.883577166666665, 78.66730483333335], [16.883584833333334, 78.66730316666667], [16.883593, 78.66730133333334], [16.883600833333333, 78.66729966666666], [16.883608833333334, 78.667298], [16.883617166666667, 78.66729633333333], [16.883625166666665, 78.6672945], [16.8836335, 78.66729283333333], [16.883641666666666, 78.66729116666667], [16.883649833333333, 78.66728933333334], [16.883657833333334, 78.66728766666667], [16.883665833333335, 78.667286], [16.883673833333333, 78.66728450000001], [16.883682, 78.66728283333333], [16.88369, 78.66728116666667], [16.883698, 78.66727949999999], [16.883706166666666, 78.66727783333334], [16.8837145, 78.66727616666667], [16.883722666666664, 78.66727466666666], [16.883731, 78.667273], [16.883739166666665, 78.66727133333333], [16.883747666666668, 78.66726966666667], [16.883755666666666, 78.66726799999999], [16.883763833333333, 78.66726633333333], [16.883772, 78.66726466666667], [16.88378, 78.66726283333334], [16.883787833333333, 78.66726116666668], [16.883795833333334, 78.66725966666667], [16.883803666666665, 78.66725799999999], [16.883811666666666, 78.66725633333334], [16.883819333333335, 78.66725466666666], [16.883826833333334, 78.667253], [16.883834, 78.66725100000001], [16.883840833333334, 78.667249], [16.883847333333332, 78.66724683333334], [16.883853166666665, 78.66724466666666], [16.883858666666665, 78.6672425], [16.883863666666667, 78.66724049999999], [16.883868166666666, 78.66723816666666], [16.883872, 78.667236], [16.883875166666666, 78.66723383333333], [16.8838765, 78.66723166666667], [16.88387833333333, 78.6672295], [16.883879166666667, 78.66722750000001], [16.88387983333333, 78.66722533333333], [16.88388033333333, 78.66722316666666], [16.8838805, 78.667221], [16.88387983333333, 78.66721866666667], [16.88387883333333, 78.6672165], [16.883877166666664, 78.66721433333333], [16.8838755, 78.66721216666666], [16.883873333333334, 78.66721], [16.8838705, 78.667208], [16.883866833333332, 78.66720583333334], [16.88386266666667, 78.66720383333333], [16.883858166666666, 78.66720183333334], [16.8838535, 78.66720000000001], [16.8838485, 78.667198], [16.88384316666667, 78.66719616666666], [16.883837333333336, 78.66719416666666], [16.883831166666667, 78.66719233333333], [16.883825, 78.66719066666666], [16.8838185, 78.667189], [16.883811666666666, 78.66718733333333], [16.883804666666666, 78.66718566666667], [16.883797333333334, 78.66718399999999], [16.88378983333333, 78.66718233333333], [16.883782, 78.66718083333333], [16.883773833333333, 78.66717933333332], [16.88376583333333, 78.66717783333334], [16.883757666666668, 78.66717650000001], [16.883749, 78.66717516666667], [16.883740666666665, 78.66717383333334], [16.883732000000002, 78.6671725], [16.883723166666666, 78.66717133333333], [16.883714, 78.66717], [16.883704666666667, 78.66716883333333], [16.883695333333332, 78.66716783333332], [16.883685833333335, 78.66716683333334], [16.883676166666664, 78.66716583333333], [16.883666166666668, 78.66716483333333], [16.883656166666665, 78.66716383333333], [16.883646, 78.667163], [16.883636000000003, 78.667162], [16.8836255, 78.66716116666666], [16.883615000000002, 78.66716016666666], [16.8836045, 78.66715933333333], [16.88359416666667, 78.6671585], [16.883583833333333, 78.66715766666667], [16.883573166666668, 78.66715683333334], [16.883562166666664, 78.667156], [16.883551, 78.66715516666666], [16.88354, 78.66715433333334], [16.883529333333335, 78.6671535], [16.88351833333333, 78.66715283333333], [16.883507166666668, 78.66715216666667], [16.88349583333333, 78.66715133333334], [16.883484333333335, 78.66715066666667], [16.883472833333332, 78.66715], [16.883461333333333, 78.66714933333333], [16.883449833333334, 78.66714866666666], [16.883438333333334, 78.667148], [16.883427166666667, 78.66714733333333], [16.883416166666667, 78.66714666666667], [16.883404833333334, 78.66714583333334], [16.883393333333334, 78.66714516666666], [16.883382166666667, 78.66714433333333], [16.883371, 78.66714350000001], [16.88336, 78.66714266666666], [16.883348833333333, 78.667142], [16.883337666666666, 78.66714133333333], [16.88332666666667, 78.6671405], [16.883315666666665, 78.66713966666666], [16.8833045, 78.66713899999999], [16.883293499999997, 78.66713816666667], [16.883282333333334, 78.66713750000001], [16.8832715, 78.66713666666666], [16.8832605, 78.667136], [16.883249666666664, 78.66713516666667], [16.883238833333333, 78.66713433333332], [16.883228, 78.6671335], [16.883217, 78.66713266666667], [16.883205999999998, 78.66713183333333], [16.883195166666667, 78.667131], [16.88318466666667, 78.66713016666667], [16.883173833333334, 78.6671295], [16.883162833333333, 78.66712866666667], [16.883151833333333, 78.66712783333334], [16.883141166666668, 78.667127], [16.883130333333334, 78.66712616666668], [16.883119333333333, 78.66712516666666], [16.883108166666666, 78.66712433333333], [16.883097333333335, 78.66712333333334], [16.883086666666667, 78.6671225], [16.883075666666667, 78.6671215], [16.8830645, 78.66712066666668], [16.88305366666667, 78.66711966666666], [16.883043, 78.66711866666667], [16.883032166666666, 78.66711783333334], [16.883021333333332, 78.66711683333332], [16.883010666666667, 78.66711583333334], [16.883, 78.667115], [16.88298916666667, 78.66711400000001], [16.882978166666664, 78.66711316666667], [16.882967166666667, 78.66711216666666], [16.882956333333333, 78.66711116666667], [16.8829455, 78.66711016666666], [16.882934666666664, 78.66710916666666], [16.882923833333333, 78.66710816666667], [16.882913166666665, 78.66710716666667], [16.882902333333334, 78.66710633333334], [16.882891500000003, 78.66710533333334], [16.882880833333335, 78.66710433333333], [16.88287, 78.66710333333334], [16.882859166666666, 78.66710233333333], [16.882848333333335, 78.66710133333332], [16.8828375, 78.66710033333334], [16.882826833333336, 78.66709933333333], [16.882816, 78.66709833333333], [16.882805, 78.66709733333333], [16.882794166666667, 78.66709633333333], [16.882783500000002, 78.66709516666667], [16.882772833333334, 78.66709416666666], [16.882762, 78.66709316666667], [16.882750666666666, 78.66709216666666], [16.882739666666666, 78.66709133333333], [16.882728666666665, 78.66709033333333], [16.882717666666668, 78.66708933333332], [16.882706666666664, 78.66708833333334], [16.8826955, 78.66708733333333], [16.882684833333332, 78.66708633333333], [16.882674, 78.66708533333333], [16.882663333333333, 78.66708416666667], [16.8826525, 78.66708316666667], [16.882641166666666, 78.66708216666666], [16.88263, 78.66708116666668], [16.882619166666665, 78.66708016666666], [16.882608166666667, 78.667079], [16.882597666666666, 78.66707783333332], [16.882587, 78.66707666666666], [16.88257666666667, 78.6670755], [16.882566333333333, 78.66707433333333], [16.882555833333335, 78.66707316666665], [16.8825455, 78.667072], [16.882535166666667, 78.66707066666666], [16.882524999999998, 78.6670695], [16.882514833333335, 78.66706833333333], [16.882504333333333, 78.66706716666665], [16.882494, 78.667066], [16.882483999999998, 78.66706466666666], [16.88247416666667, 78.6670635], [16.88246416666667, 78.66706233333333], [16.882453833333333, 78.667061], [16.882443666666667, 78.66705983333333], [16.882433666666667, 78.6670585], [16.8824235, 78.66705733333333], [16.882413333333332, 78.66705616666667], [16.882402833333334, 78.66705483333334], [16.882392666666664, 78.66705366666666], [16.882382500000002, 78.6670525], [16.882372333333333, 78.66705116666667], [16.882361666666668, 78.66705], [16.882351500000002, 78.66704883333334], [16.882341333333333, 78.66704750000001], [16.882331333333333, 78.66704633333333], [16.882321, 78.667045], [16.88231066666667, 78.66704383333334], [16.882300333333333, 78.66704266666667], [16.882290166666667, 78.66704133333333], [16.882279666666665, 78.66704016666667], [16.882269166666667, 78.66703883333334], [16.88225883333333, 78.6670375], [16.882248833333332, 78.66703633333333], [16.882239000000002, 78.667035], [16.882228666666666, 78.66703383333333], [16.8822185, 78.66703266666667], [16.88220833333333, 78.66703133333334], [16.882198333333335, 78.66703016666666], [16.882188, 78.66702883333333], [16.8821775, 78.66702766666667], [16.882167666666664, 78.66702633333333], [16.882157833333334, 78.66702516666666], [16.88214783333333, 78.66702383333333], [16.882137333333333, 78.66702266666667], [16.882127166666667, 78.66702149999999], [16.882116833333335, 78.66702033333333], [16.882107166666668, 78.667019], [16.882096833333332, 78.66701766666667], [16.8820865, 78.6670165], [16.8820765, 78.66701516666667], [16.882066666666667, 78.66701400000001], [16.882056666666664, 78.66701266666668], [16.882046166666665, 78.6670115], [16.882036000000003, 78.66701016666666], [16.882026166666666, 78.66700883333333], [16.882016, 78.66700766666666], [16.882005499999998, 78.66700633333333], [16.881995500000002, 78.66700516666667], [16.8819855, 78.66700383333334], [16.8819755, 78.66700266666666], [16.881965333333333, 78.66700133333333], [16.881955, 78.66700016666667], [16.881945166666664, 78.66699883333334], [16.881935, 78.6669975], [16.881925000000003, 78.66699633333333], [16.881914666666667, 78.666995], [16.881904666666667, 78.66699383333334], [16.881894499999998, 78.6669925], [16.881884666666668, 78.66699133333333], [16.881874666666665, 78.66699], [16.881864333333333, 78.66698883333333], [16.881854666666666, 78.6669875], [16.881844833333332, 78.66698616666666], [16.881834833333336, 78.66698500000001], [16.8818245, 78.66698383333333], [16.881814666666667, 78.66698249999999], [16.881805, 78.66698133333333], [16.881795, 78.66698], [16.881784666666665, 78.66697883333333], [16.88177466666667, 78.6669775], [16.881764999999998, 78.66697633333334], [16.881755333333334, 78.66697516666666], [16.88174516666667, 78.66697383333333], [16.881735166666665, 78.66697266666667], [16.8817255, 78.66697133333334], [16.88171583333333, 78.66697016666667], [16.881705833333335, 78.66696883333334], [16.881695833333332, 78.66696766666668], [16.881686166666668, 78.6669665], [16.8816765, 78.66696516666666], [16.881666499999998, 78.66696383333333], [16.88165616666667, 78.66696266666666], [16.881646166666666, 78.6669615], [16.881636500000003, 78.66696016666667], [16.8816265, 78.66695899999999], [16.881616333333334, 78.66695783333333], [16.881606166666664, 78.6669565], [16.881596000000002, 78.66695533333333], [16.881586000000002, 78.666954], [16.881575833333333, 78.66695283333334], [16.881565666666667, 78.66695150000001], [16.881555833333334, 78.66695033333333], [16.881546166666666, 78.666949], [16.881536, 78.66694766666666], [16.881525833333335, 78.6669465], [16.881515999999998, 78.66694516666666], [16.881506166666668, 78.666944], [16.881496000000002, 78.66694266666667], [16.881485666666666, 78.6669415], [16.881475833333333, 78.66694033333333], [16.881466, 78.666939], [16.881456, 78.66693783333334], [16.881445499999998, 78.66693666666667], [16.881435500000002, 78.66693533333334], [16.8814255, 78.66693416666666], [16.881415666666665, 78.66693283333333], [16.881404999999997, 78.66693166666667], [16.88139483333333, 78.6669305], [16.881384833333335, 78.66692933333334], [16.881374666666666, 78.66692816666666], [16.881364166666668, 78.666927], [16.881353999999998, 78.66692583333334], [16.881343833333336, 78.66692466666667], [16.881333666666666, 78.6669235], [16.8813235, 78.66692233333333], [16.881313166666665, 78.66692116666667], [16.881302833333333, 78.66691999999999], [16.881292833333337, 78.66691866666666], [16.881282333333335, 78.6669175], [16.88127216666667, 78.66691633333333], [16.881262, 78.66691516666667], [16.881252, 78.66691399999999], [16.881242, 78.66691283333333], [16.881231666666668, 78.66691166666666], [16.8812215, 78.6669105], [16.8812115, 78.66690933333332], [16.881201166666663, 78.66690816666666], [16.881191, 78.66690683333333], [16.881180833333335, 78.66690566666666], [16.881171, 78.6669045], [16.881160666666666, 78.66690333333332], [16.881150166666664, 78.66690216666666], [16.881139666666666, 78.66690100000001], [16.8811295, 78.6669], [16.881119166666668, 78.66689883333333], [16.881108833333332, 78.66689766666667], [16.881098666666666, 78.6668965], [16.881088666666667, 78.66689533333333], [16.8810785, 78.66689416666667], [16.88106816666667, 78.666893], [16.881058, 78.66689183333332], [16.88104816666667, 78.66689066666666], [16.881038, 78.66688933333333], [16.881027666666668, 78.66688816666667], [16.881017666666665, 78.666887], [16.8810075, 78.66688583333332], [16.880997166666667, 78.66688466666666], [16.8809865, 78.6668835], [16.880975999999997, 78.6668825], [16.88096566666667, 78.66688133333334], [16.88095566666667, 78.66688], [16.880945333333333, 78.66687883333334], [16.880935, 78.66687766666668], [16.88092483333333, 78.6668765], [16.8809145, 78.66687533333334], [16.880903999999997, 78.66687416666667], [16.88089366666667, 78.666873], [16.880883666666666, 78.66687166666667], [16.880873666666666, 78.6668705], [16.880863499999997, 78.66686933333334], [16.880853166666668, 78.66686816666667], [16.880843000000002, 78.666867], [16.880833, 78.66686583333333], [16.880822833333333, 78.66686466666667], [16.880812666666667, 78.66686333333334], [16.880802666666668, 78.66686216666668], [16.88079283333333, 78.666861], [16.880782833333335, 78.66685983333333], [16.880772666666665, 78.6668585], [16.8807625, 78.66685733333334], [16.880752166666664, 78.66685616666668], [16.880742166666668, 78.666855], [16.880732000000002, 78.66685366666667], [16.880721833333332, 78.6668525], [16.880711833333333, 78.66685133333334], [16.8807015, 78.66685000000001], [16.88069116666667, 78.66684883333333], [16.880680666666667, 78.66684766666667], [16.8806705, 78.6668465], [16.88066, 78.66684533333334], [16.880649666666667, 78.66684416666666], [16.880639166666665, 78.666843], [16.880628833333333, 78.66684183333334], [16.880618833333333, 78.66684066666667], [16.8806085, 78.6668395], [16.880597833333336, 78.66683833333333], [16.880587666666667, 78.66683733333333], [16.880577333333335, 78.66683616666666], [16.880567, 78.666835], [16.880556666666667, 78.66683383333334], [16.880546499999998, 78.66683266666668], [16.880536, 78.6668315], [16.880525666666664, 78.66683016666666], [16.880515333333335, 78.666829], [16.880504833333337, 78.66682783333334], [16.880494666666667, 78.66682666666667], [16.880484333333335, 78.6668255], [16.880474166666666, 78.66682433333334], [16.880464166666666, 78.66682316666667], [16.880454, 78.666822], [16.880443666666668, 78.66682066666667], [16.880433333333333, 78.6668195], [16.880423166666667, 78.66681833333334], [16.880412999999997, 78.66681700000001], [16.880403, 78.66681583333335], [16.880392833333335, 78.6668145], [16.880382666666666, 78.66681333333332], [16.8803725, 78.666812], [16.8803625, 78.66681083333333], [16.8803525, 78.66680966666667], [16.880342499999998, 78.66680833333334], [16.880332666666668, 78.66680716666666], [16.88032283333333, 78.66680583333333], [16.880312833333335, 78.66680466666666], [16.880302500000003, 78.6668035], [16.8802925, 78.66680216666667], [16.880282333333334, 78.666801], [16.880271999999998, 78.66679983333333], [16.880261833333336, 78.6667985], [16.880251833333332, 78.66679733333334], [16.880241666666667, 78.666796], [16.880231666666667, 78.66679483333334], [16.880221666666667, 78.66679366666668], [16.88021183333333, 78.6667925], [16.880201833333334, 78.66679133333334], [16.88019166666667, 78.66679016666667], [16.880181666666665, 78.66678883333334], [16.88017166666667, 78.66678766666668], [16.880161333333334, 78.6667865], [16.880150833333335, 78.66678533333334], [16.880140666666666, 78.66678416666667], [16.8801305, 78.666783], [16.880120166666664, 78.66678183333333], [16.880110166666668, 78.66678066666667], [16.880100000000002, 78.6667795], [16.880089833333333, 78.66677833333333], [16.880079833333333, 78.666777], [16.880069833333334, 78.66677583333333], [16.880059833333334, 78.66677483333333], [16.8800495, 78.66677366666666], [16.88003966666667, 78.6667725], [16.88002983333333, 78.66677133333333], [16.8800195, 78.66677016666667], [16.880009166666664, 78.666769], [16.879999166666668, 78.66676783333334], [16.879989000000002, 78.6667665], [16.8799785, 78.66676533333333], [16.879968333333334, 78.66676416666665], [16.87995833333333, 78.666763], [16.8799485, 78.66676166666666], [16.87993833333333, 78.6667605], [16.879928, 78.66675933333333], [16.87991783333333, 78.66675816666665], [16.879907666666668, 78.666757], [16.879897333333336, 78.66675583333334], [16.879887333333333, 78.66675483333333], [16.879877166666667, 78.66675366666666], [16.87986683333333, 78.6667525], [16.879856500000002, 78.66675133333334], [16.8798465, 78.66675016666666], [16.879836166666667, 78.666749], [16.87982583333333, 78.66674783333333], [16.879815833333335, 78.66674666666667], [16.879805833333332, 78.66674549999999], [16.879795666666666, 78.66674433333333], [16.8797855, 78.66674316666666], [16.879775333333335, 78.66674200000001], [16.87976516666667, 78.66674083333334], [16.879754666666667, 78.66673966666667], [16.879744333333335, 78.66673833333333], [16.879734, 78.66673716666666], [16.879723833333333, 78.666736], [16.879713499999998, 78.66673483333334], [16.8797035, 78.66673366666667], [16.879693166666666, 78.66673250000001], [16.879683, 78.66673133333333], [16.879673, 78.66673016666667], [16.879662833333335, 78.66672883333334], [16.879652500000002, 78.66672766666667], [16.879642166666667, 78.66672650000001], [16.879632166666667, 78.66672533333333], [16.879621999999998, 78.66672416666667], [16.879611666666666, 78.66672283333334], [16.8796015, 78.66672166666667], [16.879591666666666, 78.66672050000001], [16.879581666666663, 78.66671916666665], [16.879571666666667, 78.666718], [16.879561666666667, 78.66671666666666], [16.879551499999998, 78.6667155], [16.87954116666667, 78.66671433333333], [16.879531166666666, 78.666713], [16.879521166666667, 78.66671183333332], [16.879510999999997, 78.66671066666666], [16.879501, 78.6667095], [16.879490999999998, 78.66670816666667], [16.879480666666666, 78.666707], [16.8794705, 78.66670583333332], [16.8794605, 78.6667045], [16.879450333333335, 78.66670333333333], [16.879440166666665, 78.66670216666667], [16.879430333333335, 78.66670083333334], [16.879420333333332, 78.66669966666667], [16.87941, 78.6666985], [16.87939983333333, 78.66669716666667], [16.879390166666667, 78.666696], [16.87938, 78.66669483333334], [16.879369999999998, 78.66669366666666], [16.879360166666668, 78.6666925], [16.879350166666665, 78.66669133333333], [16.879339833333333, 78.66669016666667], [16.879329833333333, 78.66668899999999], [16.879319666666667, 78.66668783333333], [16.87930933333333, 78.66668666666666], [16.879299333333332, 78.6666855], [16.879289500000002, 78.66668416666667], [16.8792795, 78.66668299999999], [16.879269500000003, 78.66668183333333], [16.879259666666666, 78.66668066666666], [16.8792495, 78.6666795], [16.87923933333333, 78.66667833333332], [16.879229666666667, 78.66667716666666], [16.879219666666664, 78.66667600000001], [16.879209333333332, 78.66667483333335], [16.879199500000002, 78.66667366666667], [16.8791895, 78.6666725], [16.879179333333333, 78.66667133333334], [16.879169333333333, 78.66667016666666], [16.879159333333334, 78.66666883333333], [16.8791495, 78.66666766666667], [16.8791395, 78.6666665], [16.879129499999998, 78.66666533333334], [16.879119666666668, 78.66666416666666], [16.879109500000002, 78.666663], [16.879099333333333, 78.66666183333334], [16.879089166666667, 78.6666605], [16.879079, 78.66665933333334], [16.879068833333335, 78.66665816666666], [16.879058666666666, 78.666657], [16.8790485, 78.66665583333334], [16.879037999999998, 78.66665466666667], [16.879028, 78.6666535], [16.879017833333332, 78.66665233333333], [16.879007666666666, 78.66665116666667], [16.878997666666667, 78.66664999999999], [16.878987666666667, 78.66664883333333], [16.8789775, 78.66664766666666], [16.878967166666666, 78.6666465], [16.878957, 78.6666455], [16.878946499999998, 78.66664433333334], [16.878936166666666, 78.66664333333333], [16.878926, 78.66664216666666], [16.878915833333334, 78.666641], [16.878905333333332, 78.66664], [16.878895, 78.66663883333334], [16.878884666666668, 78.66663766666667], [16.878874166666666, 78.66663650000001], [16.878864, 78.66663533333333], [16.878853666666664, 78.66663416666667], [16.878843333333336, 78.666633], [16.878833, 78.66663183333334], [16.878822833333334, 78.66663066666666], [16.878812666666665, 78.6666295], [16.878802333333333, 78.66662833333334], [16.878792333333333, 78.666627], [16.878782166666667, 78.66662583333333], [16.878772, 78.66662466666666], [16.878762, 78.6666235], [16.87875166666667, 78.66662233333334], [16.878740999999998, 78.66662133333332], [16.8787305, 78.66662016666668], [16.878720333333334, 78.66661900000001], [16.87871, 78.66661783333333], [16.878699833333332, 78.66661666666667], [16.878689833333333, 78.6666155], [16.87867933333333, 78.66661433333334], [16.87866916666667, 78.66661316666666], [16.878659000000003, 78.666612], [16.8786485, 78.66661083333334], [16.87863816666667, 78.66660966666667], [16.878628166666665, 78.6666085], [16.87861816666667, 78.66660733333333], [16.878608166666666, 78.66660616666667], [16.878598, 78.66660516666667], [16.8785875, 78.666604], [16.878577333333332, 78.666603], [16.878567333333333, 78.66660183333333], [16.878557166666667, 78.66660066666667], [16.878547, 78.6665995], [16.878536999999998, 78.66659833333333], [16.878527000000002, 78.66659716666666], [16.878516833333332, 78.66659583333333], [16.878506666666667, 78.66659466666667], [16.8784965, 78.6665935], [16.8784865, 78.66659233333333], [16.878476499999998, 78.66659116666666], [16.878466500000002, 78.66659], [16.878456333333336, 78.66658883333334], [16.878446166666667, 78.66658766666666], [16.878436, 78.6665865], [16.87842583333333, 78.66658533333333], [16.878415833333335, 78.66658416666668], [16.878406, 78.666583], [16.878395666666666, 78.66658166666666], [16.878385666666667, 78.6665805], [16.8783755, 78.66657933333333], [16.87836533333333, 78.66657816666667], [16.878355, 78.66657683333332], [16.878345000000003, 78.66657566666666], [16.878335166666666, 78.6665745], [16.878325, 78.66657333333333], [16.878315166666667, 78.66657216666667], [16.878305166666667, 78.666571], [16.878294999999998, 78.66656966666666], [16.878285166666668, 78.6665685], [16.878275166666665, 78.66656733333333], [16.878265166666665, 78.666566], [16.87825516666667, 78.66656483333333], [16.878245333333332, 78.6665635], [16.878235333333336, 78.66656233333333], [16.878225333333333, 78.66656116666667], [16.878215166666667, 78.66655983333334], [16.878205333333334, 78.66655866666666], [16.878195666666667, 78.6665575], [16.878186000000003, 78.66655616666667], [16.878176, 78.666555], [16.878166166666666, 78.66655383333334], [16.878156333333333, 78.66655266666666], [16.878146333333333, 78.66655133333333], [16.878136333333334, 78.66655016666667], [16.878126166666668, 78.666549], [16.878116166666665, 78.66654766666667], [16.8781065, 78.66654650000001], [16.878096833333334, 78.66654516666668], [16.878086666666665, 78.666544], [16.878076833333335, 78.66654266666666], [16.87806683333333, 78.6665415], [16.878057000000002, 78.66654033333333], [16.878047, 78.66653916666668], [16.878037166666665, 78.66653783333332], [16.878027333333332, 78.66653666666666], [16.878017666666665, 78.6665355], [16.87800766666667, 78.66653433333333], [16.8779975, 78.666533], [16.87798766666667, 78.66653183333332], [16.877977833333333, 78.66653066666666], [16.877967666666667, 78.6665295], [16.877957833333333, 78.66652816666667], [16.877948, 78.66652716666667], [16.877937999999997, 78.666526], [16.877928, 78.66652483333334], [16.877918, 78.66652366666668], [16.87790783333333, 78.6665225], [16.877898000000002, 78.66652133333334], [16.877887833333332, 78.66652016666667], [16.877877833333333, 78.66651900000001], [16.877867833333333, 78.66651783333333], [16.877857833333334, 78.66651666666667], [16.877847666666664, 78.6665155], [16.8778375, 78.66651433333332], [16.877827333333336, 78.666513], [16.877817333333333, 78.66651183333333], [16.877807333333333, 78.66651066666667], [16.877797166666667, 78.6665095], [16.877787333333334, 78.66650833333333], [16.877777166666664, 78.66650716666666], [16.877767, 78.66650583333333], [16.877757166666665, 78.66650466666667], [16.877747333333332, 78.6665035], [16.877737500000002, 78.66650233333333], [16.8777275, 78.66650116666666], [16.877717500000003, 78.6665], [16.8777075, 78.66649883333334], [16.8776975, 78.66649766666666], [16.877687166666664, 78.6664965], [16.87767716666667, 78.66649533333333], [16.87766733333333, 78.66649416666668], [16.877657166666665, 78.666493], [16.87764716666667, 78.66649183333334], [16.877636833333334, 78.66649066666668], [16.8776265, 78.6664895], [16.877616333333332, 78.66648833333333], [16.877606333333333, 78.66648716666667], [16.877596166666667, 78.666486], [16.877586, 78.66648483333333], [16.87757583333333, 78.66648366666666], [16.8775655, 78.6664825], [16.87755533333333, 78.66648133333334], [16.877545, 78.66648033333333], [16.877535, 78.66647916666668], [16.877525, 78.66647783333333], [16.877514833333333, 78.66647666666667], [16.8775045, 78.66647549999999], [16.87749416666667, 78.6664745], [16.877483666666667, 78.66647333333334], [16.8774735, 78.66647216666667], [16.877463166666665, 78.66647083333334], [16.877453, 78.66646966666667], [16.877442833333337, 78.66646850000001], [16.877432833333334, 78.66646733333333], [16.877422833333334, 78.66646616666667], [16.877412666666665, 78.666465], [16.877402500000002, 78.66646383333334], [16.877392166666667, 78.66646266666666], [16.877382166666667, 78.6664615], [16.877371999999998, 78.66646016666667], [16.877361833333335, 78.666459], [16.8773515, 78.66645783333334], [16.877341166666668, 78.66645666666666], [16.877331, 78.6664555], [16.877320833333332, 78.66645416666667], [16.877310666666666, 78.666453], [16.877300833333333, 78.66645183333334], [16.877290833333333, 78.66645050000001], [16.877280666666664, 78.66644933333333], [16.8772705, 78.66644816666667], [16.877260333333332, 78.666447], [16.877250166666666, 78.66644583333333], [16.877240166666663, 78.6664445], [16.87723, 78.66644333333333], [16.877219833333335, 78.66644216666667], [16.877209666666666, 78.66644083333334], [16.8771995, 78.66643966666668], [16.877189166666668, 78.6664385], [16.877179, 78.66643716666667], [16.877169, 78.666436], [16.877158666666666, 78.66643466666666], [16.877148666666667, 78.6664335], [16.8771385, 78.66643233333333], [16.877128333333335, 78.66643116666667], [16.877118499999998, 78.66642983333332], [16.877108333333336, 78.66642866666666], [16.877098166666666, 78.6664275], [16.877088166666667, 78.66642633333332], [16.877078166666667, 78.66642516666667], [16.877067833333335, 78.666424], [16.877057666666666, 78.66642283333334], [16.877047833333332, 78.66642166666666], [16.877038000000002, 78.66642066666667], [16.877027833333333, 78.6664195], [16.8770175, 78.66641833333333], [16.877007499999998, 78.66641716666666], [16.876997333333335, 78.666416], [16.876986833333333, 78.66641483333333], [16.876976333333335, 78.66641366666666], [16.876966166666666, 78.66641249999999], [16.876956166666666, 78.66641133333333], [16.876946, 78.66641016666668], [16.876935666666668, 78.66640916666667], [16.876925333333336, 78.666408], [16.876915166666667, 78.66640683333334], [16.876904500000002, 78.66640566666666], [16.876894166666666, 78.6664045], [16.876883833333334, 78.66640333333334], [16.87687383333333, 78.66640216666666], [16.876863500000002, 78.666401], [16.876853333333333, 78.66639983333333], [16.876843, 78.66639883333333], [16.876832666666665, 78.66639766666667], [16.876822, 78.6663965], [16.87681183333333, 78.66639533333334], [16.8768015, 78.66639416666666], [16.876791333333333, 78.66639316666667], [16.876781, 78.666392], [16.876770500000003, 78.66639083333332], [16.876760166666667, 78.66638966666666], [16.876749833333335, 78.6663885], [16.876739833333332, 78.66638716666667], [16.876729666666666, 78.666386], [16.876719833333333, 78.6663845], [16.8767105, 78.66638316666668], [16.876701, 78.66638166666667], [16.876692, 78.66638016666667], [16.876683, 78.66637866666666], [16.876673666666665, 78.666377], [16.876664833333333, 78.6663755], [16.876656333333337, 78.66637383333334], [16.876648333333332, 78.66637216666666], [16.876641333333335, 78.66637033333333], [16.876634666666668, 78.6663685], [16.876628666666665, 78.66636666666666], [16.876623, 78.66636483333333], [16.876618, 78.66636283333334], [16.876613000000003, 78.66636100000001], [16.876608166666664, 78.66635916666668], [16.876603833333334, 78.66635716666666], [16.8766, 78.66635516666666], [16.876596666666668, 78.66635316666667], [16.876593333333336, 78.666351], [16.87659066666667, 78.66634900000001], [16.876588666666667, 78.66634683333334], [16.876587166666663, 78.66634466666666], [16.876585833333333, 78.66634233333333], [16.876584833333332, 78.66634016666667], [16.876584666666666, 78.666338], [16.876584666666666, 78.66633566666665], [16.876585166666665, 78.66633350000001], [16.876586, 78.66633133333333], [16.876587333333337, 78.66632899999999], [16.87658916666667, 78.66632683333334], [16.8765915, 78.6663245], [16.876594166666667, 78.66632216666667], [16.876597, 78.66632], [16.8766, 78.66631783333334], [16.876603333333332, 78.66631550000001], [16.876607, 78.66631349999999], [16.876610833333334, 78.66631133333334], [16.876615, 78.66630916666666], [16.8766195, 78.66630716666667], [16.876624166666666, 78.666305], [16.876628999999998, 78.666303], [16.876634333333335, 78.666301], [16.876639833333336, 78.666299], [16.876645666666665, 78.666297], [16.876651166666665, 78.66629516666667], [16.876656833333335, 78.66629316666668], [16.876662833333334, 78.66629133333332], [16.876668666666667, 78.66628966666667], [16.876674666666666, 78.66628783333334], [16.876680833333335, 78.66628616666667], [16.8766875, 78.6662845], [16.876694333333333, 78.66628266666666], [16.87670166666667, 78.666281], [16.876709, 78.66627933333332], [16.876716666666667, 78.66627766666667], [16.876724333333335, 78.666276], [16.8767325, 78.66627433333333], [16.876740666666667, 78.66627283333334], [16.876748833333334, 78.66627133333333], [16.8767575, 78.66626983333335], [16.87676583333333, 78.66626849999999], [16.876774333333334, 78.666267], [16.876783, 78.66626566666667], [16.876791833333336, 78.66626433333333], [16.876800833333334, 78.666263], [16.87681, 78.66626166666667], [16.876819166666667, 78.66626033333334], [16.8768285, 78.66625900000001], [16.876837833333333, 78.66625766666667], [16.876847166666668, 78.66625633333334], [16.8768565, 78.66625516666666], [16.876866, 78.666254], [16.876875166666665, 78.66625266666667], [16.876884500000003, 78.6662515], [16.876893833333334, 78.66625033333334], [16.87690316666667, 78.66624916666666], [16.8769125, 78.666248], [16.876922, 78.66624683333333], [16.876931666666668, 78.66624583333333], [16.8769415, 78.66624466666667], [16.876951333333334, 78.66624350000001], [16.876961333333334, 78.6662425], [16.87697166666667, 78.66624133333333], [16.876981833333332, 78.66624033333332], [16.87699233333333, 78.66623916666667], [16.877002666666666, 78.66623816666667], [16.87701333333333, 78.666237], [16.877024, 78.666236], [16.877034666666667, 78.66623483333333], [16.877045333333335, 78.66623366666666], [16.877056333333332, 78.66623249999999], [16.877067, 78.66623150000001], [16.877077666666665, 78.66623033333333], [16.877088333333333, 78.66622916666667], [16.877098999999998, 78.666228], [16.87710966666667, 78.66622683333334], [16.877120333333334, 78.66622566666666], [16.877130833333336, 78.6662245], [16.8771415, 78.66622333333333], [16.87715216666667, 78.66622216666666], [16.877162833333333, 78.666221], [16.8771735, 78.66621983333333], [16.877183833333333, 78.66621866666667], [16.877194166666666, 78.66621733333334], [16.8772045, 78.66621616666666], [16.877214666666664, 78.666215], [16.877224833333333, 78.66621383333333], [16.877235, 78.6662125], [16.877245333333335, 78.66621133333334], [16.8772555, 78.66621], [16.877265833333336, 78.66620866666668], [16.877276166666665, 78.66620733333333], [16.877286666666667, 78.66620616666667], [16.877297, 78.66620483333332], [16.877307166666665, 78.6662035], [16.877317333333334, 78.66620216666666], [16.877327333333334, 78.66620083333333], [16.877337333333333, 78.66619949999999], [16.877347333333333, 78.66619816666666], [16.877357166666666, 78.66619683333333], [16.877367, 78.66619533333332], [16.877376666666667, 78.66619399999999], [16.877386666666666, 78.66619250000001], [16.877396333333333, 78.66619116666668], [16.877406333333333, 78.66618966666667], [16.877416333333333, 78.66618833333334], [16.877426166666666, 78.66618683333333], [16.877436166666666, 78.66618533333333], [16.877446000000003, 78.66618383333333], [16.877455833333332, 78.66618233333334], [16.877465500000003, 78.66618083333333], [16.877475, 78.66617933333333], [16.877484499999998, 78.66617783333332], [16.8774935, 78.66617633333334], [16.8775025, 78.66617483333333], [16.877511333333334, 78.66617333333333], [16.877520333333333, 78.66617183333332], [16.87752933333333, 78.66617016666667], [16.877538333333334, 78.66616866666666], [16.8775475, 78.66616716666667], [16.877556333333334, 78.6661655], [16.8775655, 78.666164], [16.877574499999998, 78.66616233333333], [16.877583333333334, 78.66616083333334], [16.877592166666666, 78.66615916666666], [16.877600833333336, 78.6661575], [16.877609500000002, 78.66615583333333], [16.877618166666664, 78.66615433333332], [16.877626833333334, 78.66615266666666], [16.8776355, 78.66615116666667], [16.877644333333333, 78.6661495], [16.877653000000002, 78.66614783333333], [16.877661666666665, 78.66614616666668], [16.877670333333334, 78.6661445], [16.877679166666667, 78.66614283333334], [16.877687833333333, 78.66614116666666], [16.87769666666667, 78.6661395], [16.877705166666665, 78.66613783333334], [16.87771366666667, 78.66613600000001], [16.877722333333335, 78.66613433333333], [16.877731, 78.66613266666667], [16.877739666666667, 78.666131], [16.877748166666667, 78.66612933333334], [16.877756499999997, 78.66612766666667], [16.877765, 78.666126], [16.877773333333334, 78.66612433333333], [16.877781833333334, 78.66612266666667], [16.877790333333333, 78.66612116666667], [16.877798833333333, 78.6661195], [16.877807333333333, 78.66611766666666], [16.877815666666667, 78.666116], [16.877824333333333, 78.66611433333334], [16.877832833333333, 78.66611266666668], [16.8778415, 78.666111], [16.877849833333336, 78.66610933333332], [16.877858333333332, 78.66610766666666], [16.877866833333332, 78.666106], [16.877875, 78.66610433333334], [16.8778835, 78.66610266666666], [16.877891666666667, 78.666101], [16.877899833333334, 78.6660995], [16.877908166666668, 78.66609783333334], [16.877916833333334, 78.66609616666666], [16.877925333333334, 78.6660945], [16.877934, 78.66609283333334], [16.8779425, 78.66609116666667], [16.877951166666666, 78.6660895], [16.877959999999998, 78.66608783333332], [16.8779685, 78.66608616666667], [16.877976999999998, 78.66608466666666], [16.877985333333335, 78.666083], [16.87799366666667, 78.66608133333334], [16.878002, 78.66607983333333], [16.878010166666666, 78.66607816666667], [16.8780185, 78.66607649999999], [16.878026833333333, 78.666075], [16.878035333333333, 78.66607333333333], [16.878043833333333, 78.66607166666667], [16.878052333333336, 78.66607], [16.878060833333333, 78.6660685], [16.8780695, 78.66606683333333], [16.878078333333335, 78.66606516666667], [16.878086833333334, 78.6660635], [16.87809533333333, 78.66606183333333], [16.878103666666668, 78.66606033333333], [16.87811183333333, 78.66605866666667], [16.878120333333335, 78.666057], [16.878128666666665, 78.66605533333333], [16.878136833333333, 78.66605366666666], [16.878145166666666, 78.66605200000001], [16.878153333333334, 78.6660505], [16.878161666666664, 78.66604883333333], [16.87817, 78.66604716666667], [16.878178333333334, 78.66604566666666], [16.878186833333334, 78.666044], [16.878195333333334, 78.66604233333334], [16.878203833333334, 78.66604066666667], [16.8782125, 78.666039], [16.878221, 78.66603733333334], [16.8782295, 78.66603566666666], [16.878237666666667, 78.66603400000001], [16.878246, 78.66603233333333], [16.878254166666668, 78.66603066666667], [16.878262333333332, 78.666029], [16.8782705, 78.66602733333335], [16.878278833333333, 78.66602583333334], [16.8782875, 78.66602400000001], [16.878296, 78.66602233333333], [16.87830466666667, 78.66602066666665], [16.878313166666665, 78.666019], [16.878321833333334, 78.66601733333333], [16.878330666666667, 78.6660155], [16.878339333333333, 78.66601383333334], [16.878347666666667, 78.66601216666666], [16.878356166666666, 78.66601033333333], [16.87836433333333, 78.66600883333334], [16.8783725, 78.66600716666667], [16.878380666666665, 78.66600533333333], [16.878388833333336, 78.66600366666667], [16.878397166666666, 78.66600199999999], [16.878405333333333, 78.66600033333334], [16.878413666666667, 78.66599866666667], [16.878422166666667, 78.665997], [16.87843033333333, 78.66599516666666], [16.878438666666668, 78.6659935], [16.87844683333333, 78.66599183333332], [16.87845533333333, 78.66599016666667], [16.87846366666667, 78.66598833333335], [16.878472166666665, 78.66598666666667], [16.87848066666667, 78.665985], [16.878489000000002, 78.66598333333333], [16.878497333333332, 78.66598166666667], [16.878505833333335, 78.66598], [16.878514166666665, 78.66597833333334], [16.878522666666665, 78.66597666666667], [16.878530833333333, 78.66597499999999], [16.878538833333334, 78.66597333333334], [16.878547166666667, 78.66597166666666], [16.878555333333335, 78.66597], [16.878563666666665, 78.66596833333332], [16.878572000000002, 78.66596666666666], [16.878580499999998, 78.66596483333333], [16.878588833333332, 78.66596333333334], [16.878597333333335, 78.66596166666666], [16.8786055, 78.66596], [16.878614000000002, 78.66595833333334], [16.878622166666666, 78.66595666666667], [16.878630333333334, 78.665955], [16.878638333333335, 78.66595333333333], [16.8786465, 78.66595166666666], [16.878654833333332, 78.66594983333333], [16.878663, 78.66594816666667], [16.878671166666667, 78.6659465], [16.878679666666667, 78.66594466666668], [16.878688166666667, 78.665943], [16.8786965, 78.66594133333334], [16.878704833333334, 78.66593966666666], [16.878713166666667, 78.66593800000001], [16.878721166666665, 78.66593633333333], [16.87872916666667, 78.66593483333332], [16.878737166666667, 78.66593316666668], [16.878745166666665, 78.66593166666667], [16.878753, 78.66592999999999], [16.878761166666667, 78.66592833333334], [16.878769166666665, 78.66592666666666], [16.878777166666666, 78.665925], [16.878785666666666, 78.66592316666667], [16.87879416666667, 78.66592166666666], [16.878802666666665, 78.66592], [16.87881133333333, 78.66591816666667], [16.878819833333335, 78.66591650000001], [16.878828333333335, 78.66591483333333], [16.8788365, 78.66591316666667], [16.878844833333336, 78.66591166666667], [16.878853166666666, 78.66591], [16.878861333333337, 78.66590833333333], [16.8788695, 78.66590666666666], [16.878877666666664, 78.66590500000001], [16.878885833333335, 78.6659035], [16.878894333333335, 78.66590183333332], [16.87890283333333, 78.66590016666667], [16.878911333333335, 78.6658985], [16.8789195, 78.665897], [16.878927833333332, 78.66589533333334], [16.878936166666666, 78.66589366666668], [16.878944333333333, 78.665892], [16.8789525, 78.66589049999999], [16.878960666666668, 78.66588883333334], [16.878968666666665, 78.66588716666666], [16.878977000000003, 78.66588566666665], [16.878985333333333, 78.665884], [16.878993666666666, 78.66588233333333], [16.879002166666666, 78.66588066666667], [16.8790105, 78.66587916666667], [16.87901916666667, 78.66587750000001], [16.8790275, 78.66587583333333], [16.879036, 78.66587416666667], [16.879044333333333, 78.66587266666667], [16.879052666666666, 78.665871], [16.87906083333333, 78.6658695], [16.879069333333334, 78.66586783333334], [16.879077666666667, 78.66586633333333], [16.879085999999997, 78.66586466666666], [16.87909416666667, 78.66586316666667], [16.879102666666665, 78.66586149999999], [16.879111, 78.66585983333333], [16.8791195, 78.66585833333333], [16.879128166666664, 78.66585666666667], [16.879136833333334, 78.665855], [16.879145333333334, 78.6658535], [16.87915383333333, 78.66585183333333], [16.8791625, 78.66585033333334], [16.879171166666666, 78.66584866666668], [16.879179500000003, 78.66584716666667], [16.879188, 78.66584549999999], [16.87919683333333, 78.665844], [16.87920516666667, 78.66584233333333], [16.879213666666665, 78.66584083333333], [16.879222333333335, 78.66583916666667], [16.879230833333335, 78.6658375], [16.8792395, 78.665836], [16.879248, 78.66583433333334], [16.8792565, 78.66583266666666], [16.879265, 78.66583116666668], [16.879273666666666, 78.6658295], [16.879282166666666, 78.66582783333334], [16.87929066666667, 78.66582633333334], [16.879299333333332, 78.66582466666667], [16.879307999999998, 78.66582316666667], [16.879316666666668, 78.66582149999999], [16.879325166666668, 78.66582], [16.879333666666664, 78.66581833333333], [16.879342166666667, 78.66581683333334], [16.879350666666667, 78.66581516666666], [16.879359, 78.6658135], [16.8793675, 78.665812], [16.87937583333333, 78.66581033333334], [16.879384166666668, 78.66580866666666], [16.879392499999998, 78.66580716666667], [16.879400999999998, 78.6658055], [16.879409333333335, 78.66580383333333], [16.87941783333333, 78.66580233333335], [16.87942616666667, 78.66580083333334], [16.87943466666667, 78.66579916666666], [16.879443, 78.66579766666668], [16.879451333333336, 78.665796], [16.8794595, 78.66579433333332], [16.879467666666667, 78.66579283333334], [16.879476, 78.66579116666666], [16.879484333333334, 78.6657895], [16.879492666666668, 78.66578783333333], [16.879501166666667, 78.66578616666668], [16.879509833333334, 78.6657845], [16.879518333333333, 78.66578283333334], [16.879526666666667, 78.66578133333334], [16.879534999999997, 78.66577966666667], [16.879543333333334, 78.665778], [16.879551499999998, 78.66577633333333], [16.879559833333335, 78.66577466666666], [16.879568, 78.665773], [16.879576333333333, 78.66577149999999], [16.879584666666666, 78.66576983333333], [16.879592666666667, 78.66576816666667], [16.879601166666664, 78.6657665], [16.879609333333335, 78.66576483333333], [16.879617833333334, 78.66576316666666], [16.879626166666664, 78.66576149999999], [16.8796345, 78.66575966666666], [16.879642999999998, 78.66575800000001], [16.87965116666667, 78.66575633333333], [16.8796595, 78.66575466666667], [16.879667833333333, 78.665753], [16.879675833333334, 78.66575133333335], [16.879684, 78.66574966666667], [16.879692166666665, 78.66574783333334], [16.879700500000002, 78.66574616666666], [16.879709, 78.66574433333334], [16.879717333333335, 78.66574266666666], [16.879725833333335, 78.665741], [16.879734166666665, 78.66573933333333], [16.879742333333336, 78.66573749999999], [16.879750666666666, 78.66573583333334], [16.879759, 78.66573416666667], [16.879767, 78.6657325], [16.879775166666665, 78.66573083333333], [16.879783166666666, 78.66572916666668], [16.8797915, 78.6657275], [16.8797995, 78.66572583333333], [16.879807666666668, 78.66572416666666], [16.879816166666668, 78.66572249999999], [16.879824499999998, 78.66572083333334], [16.879833, 78.66571916666666], [16.8798415, 78.6657175], [16.879850166666664, 78.66571583333332], [16.879858833333333, 78.66571416666667], [16.879867166666667, 78.6657125], [16.8798755, 78.66571083333334], [16.879883500000002, 78.66570933333334], [16.879891666666666, 78.66570766666668], [16.8798995, 78.665706], [16.879907666666668, 78.66570433333332], [16.879915666666665, 78.66570283333334], [16.879923833333333, 78.66570116666666], [16.879932333333333, 78.6656995], [16.879940833333333, 78.66569783333333], [16.879949833333335, 78.66569616666668], [16.87995833333333, 78.6656945], [16.879967, 78.66569283333334], [16.879975666666667, 78.66569116666666], [16.879984166666667, 78.6656895], [16.879992333333334, 78.66568783333334], [16.8800005, 78.66568616666667], [16.880008666666665, 78.6656845], [16.880016833333332, 78.66568283333332], [16.880024833333334, 78.66568116666667], [16.880033, 78.6656795], [16.8800415, 78.66567783333333], [16.88005, 78.66567616666666], [16.880058333333334, 78.6656745], [16.880067, 78.665673], [16.880075166666664, 78.66567133333334], [16.880084, 78.66566966666666], [16.8800925, 78.66566816666666], [16.880100833333334, 78.6656665], [16.880109166666667, 78.66566483333332], [16.880117499999997, 78.66566333333334], [16.880125666666668, 78.66566166666667], [16.880133833333332, 78.66565999999999], [16.880142, 78.66565833333334], [16.8801505, 78.66565683333333], [16.880158833333333, 78.66565516666667], [16.880166999999997, 78.66565366666667], [16.880175333333334, 78.665652], [16.880183666666667, 78.6656505], [16.880192, 78.66564883333334], [16.88020016666667, 78.66564716666667], [16.8802085, 78.66564566666666], [16.880216833333336, 78.665644], [16.880225166666666, 78.66564233333334], [16.8802335, 78.66564066666666], [16.880241833333333, 78.66563916666668], [16.880250166666666, 78.6656375], [16.8802585, 78.66563583333333], [16.880266833333334, 78.66563416666666], [16.880275166666667, 78.66563249999999], [16.880283333333335, 78.665631], [16.8802915, 78.66562933333333], [16.880299833333332, 78.66562783333333], [16.880307666666667, 78.66562616666667], [16.880315833333334, 78.66562449999999], [16.880323666666666, 78.66562283333333], [16.880332, 78.66562133333333], [16.8803405, 78.66561966666667], [16.880348833333336, 78.665618], [16.880357166666666, 78.66561633333335], [16.8803655, 78.66561466666667], [16.880373833333334, 78.665613], [16.880382166666667, 78.66561133333333], [16.88039033333333, 78.66560966666665], [16.880398500000002, 78.665608], [16.8804065, 78.66560633333333], [16.880414666666663, 78.66560483333333], [16.880422666666668, 78.66560333333334], [16.880430999999998, 78.66560166666666], [16.880439333333335, 78.66560033333333], [16.880447833333335, 78.665599], [16.880456666666664, 78.66559766666666], [16.880465666666666, 78.66559633333333], [16.880474666666665, 78.665595], [16.880484000000003, 78.66559366666667], [16.8804935, 78.66559233333334], [16.880503333333333, 78.66559099999999], [16.880513, 78.66558983333333], [16.880522833333334, 78.66558866666666], [16.880532666666667, 78.6655875], [16.880542333333334, 78.66558666666667], [16.880552, 78.66558566666666], [16.880561833333335, 78.66558483333333], [16.880571666666665, 78.66558416666666], [16.8805815, 78.6655835], [16.880591499999998, 78.665583], [16.880601666666667, 78.6655825], [16.880612, 78.66558233333333], [16.880622833333334, 78.66558183333333], [16.880634833333332, 78.66558133333334], [16.880646666666667, 78.66558083333332], [16.88065783333333, 78.66558033333334], [16.880668833333335, 78.66558], [16.880679833333332, 78.66557966666666], [16.880690666666666, 78.66557933333334], [16.880702, 78.66557916666667], [16.880713166666666, 78.66557916666667], [16.880724333333333, 78.66557916666667], [16.8807355, 78.66557916666667], [16.88074633333333, 78.66557933333334], [16.880756666666667, 78.66557949999999], [16.880767166666665, 78.66557966666666], [16.8807775, 78.66558], [16.880787833333333, 78.66558016666666], [16.88079816666667, 78.6655805], [16.880808000000002, 78.665581], [16.88081783333333, 78.6655815], [16.88082766666667, 78.66558216666667], [16.880837333333332, 78.66558283333333], [16.880847000000003, 78.6655835], [16.880856666666666, 78.66558433333333], [16.880866166666667, 78.66558516666667], [16.880876, 78.665586], [16.880885499999998, 78.665587], [16.88089516666667, 78.66558783333333], [16.880904833333332, 78.66558866666666], [16.880914333333333, 78.66558966666666], [16.880924, 78.66559050000001], [16.880933833333334, 78.66559149999999], [16.880943333333335, 78.66559233333334], [16.880952833333332, 78.66559333333333], [16.880962333333333, 78.66559433333333], [16.880971666666667, 78.66559533333334], [16.880981000000002, 78.6655965], [16.880990166666667, 78.6655975], [16.880999499999998, 78.66559866666667], [16.881008666666666, 78.66559983333333], [16.88101783333333, 78.66560083333334], [16.881027, 78.665602], [16.881036166666668, 78.66560333333334], [16.881045500000003, 78.6656045], [16.881054833333334, 78.66560566666666], [16.881064166666665, 78.665607], [16.88107366666667, 78.66560816666667], [16.881083, 78.6656095], [16.8810925, 78.66561083333333], [16.881101666666666, 78.66561216666668], [16.88111083333333, 78.66561366666666], [16.88112, 78.66561499999999], [16.881129333333334, 78.66561633333335], [16.881138333333336, 78.66561766666668], [16.881147333333335, 78.665619], [16.881156333333333, 78.6656205], [16.8811655, 78.66562183333333], [16.8811745, 78.66562333333333], [16.88118366666667, 78.66562483333334], [16.881192833333333, 78.66562616666667], [16.881201666666666, 78.66562766666667], [16.881210666666668, 78.66562916666666], [16.881219666666667, 78.66563066666666], [16.881228833333335, 78.665632], [16.881238166666666, 78.6656335], [16.881247166666665, 78.66563500000001], [16.881256166666667, 78.66563649999999], [16.881265499999998, 78.665638], [16.8812745, 78.66563933333333], [16.881283666666665, 78.66564083333333], [16.881292666666663, 78.66564216666667], [16.881301666666666, 78.6656435], [16.881310666666664, 78.665645], [16.881320000000002, 78.66564633333334], [16.881329166666667, 78.66564766666667], [16.881338500000002, 78.66564916666667], [16.881347833333333, 78.6656505], [16.881357166666664, 78.66565183333334], [16.88136666666667, 78.66565333333332], [16.881376, 78.66565466666665], [16.881385666666667, 78.665656], [16.881395166666668, 78.66565733333333], [16.88140483333333, 78.66565883333332], [16.881414166666666, 78.66566016666667], [16.881423833333333, 78.6656615], [16.881433166666667, 78.66566283333333], [16.88144283333333, 78.66566416666666], [16.88145216666667, 78.66566549999999], [16.8814615, 78.66566666666667], [16.881470999999998, 78.66566800000001], [16.88148066666667, 78.66566933333334], [16.881490166666666, 78.6656705], [16.881499833333333, 78.66567183333333], [16.8815095, 78.66567316666666], [16.881519166666667, 78.66567433333333], [16.881529, 78.66567566666666], [16.88153883333333, 78.66567683333332], [16.881548666666667, 78.66567816666667], [16.881558666666667, 78.66567933333334], [16.881568833333333, 78.66568066666667], [16.881578833333332, 78.66568183333334], [16.88158866666667, 78.665683], [16.8815985, 78.66568433333333], [16.88160816666667, 78.66568550000001], [16.881618166666666, 78.66568666666667], [16.881627833333333, 78.66568783333334], [16.8816375, 78.665689], [16.881647333333333, 78.66569016666668], [16.881657166666667, 78.66569133333334], [16.881667, 78.66569249999999], [16.88167716666667, 78.66569366666666], [16.881687166666666, 78.665695], [16.88169733333333, 78.66569616666668], [16.8817075, 78.66569733333334], [16.881717833333333, 78.66569866666667], [16.88172816666667, 78.66569983333333], [16.881738499999997, 78.665701], [16.881748666666667, 78.66570216666668], [16.881759, 78.66570333333334], [16.88176916666667, 78.66570449999999], [16.881779333333334, 78.66570566666665], [16.881789333333334, 78.66570666666667], [16.8817995, 78.66570783333333], [16.881809666666665, 78.665709], [16.88181966666667, 78.66571016666667], [16.881829666666665, 78.66571133333333], [16.881839833333334, 78.66571233333335], [16.88185, 78.6657135], [16.881860500000002, 78.66571466666666], [16.881871, 78.66571583333332], [16.881881500000002, 78.665717], [16.881892166666667, 78.66571816666666], [16.881902833333335, 78.66571916666666], [16.881913166666667, 78.66572033333334], [16.881923500000003, 78.6657215], [16.881933833333335, 78.66572249999999], [16.881943999999997, 78.66572366666666], [16.881954166666667, 78.66572483333333], [16.881964333333332, 78.66572599999999], [16.881974666666668, 78.665727], [16.881984833333334, 78.66572816666667], [16.881995166666666, 78.66572933333333], [16.882005666666664, 78.66573033333334], [16.882016166666666, 78.66573149999999], [16.882026666666665, 78.66573266666666], [16.882037500000003, 78.66573383333333], [16.882048166666667, 78.66573483333333], [16.882058833333335, 78.665736], [16.8820695, 78.66573716666667], [16.882080166666665, 78.66573833333334], [16.8820905, 78.66573933333333], [16.882101, 78.6657405], [16.882111166666668, 78.66574166666666], [16.8821215, 78.66574266666666], [16.882131666666666, 78.66574366666667], [16.882141833333332, 78.66574483333333], [16.882151833333335, 78.66574583333333], [16.882162166666667, 78.665747], [16.882172500000003, 78.66574816666666], [16.88218283333333, 78.66574933333332], [16.882193500000003, 78.66575033333334], [16.882204, 78.6657515], [16.88221433333333, 78.66575266666668], [16.882224833333332, 78.66575383333334], [16.88223533333333, 78.66575483333332], [16.882245666666666, 78.66575583333334], [16.882255833333332, 78.665757], [16.882266, 78.66575816666666], [16.882276166666667, 78.66575916666667], [16.882286333333333, 78.66576033333334], [16.882296333333333, 78.66576149999999], [16.882306500000002, 78.66576266666667], [16.882316833333334, 78.66576366666666], [16.882327, 78.66576483333333], [16.882337500000002, 78.665766], [16.88234783333333, 78.66576716666667], [16.882358166666666, 78.66576816666667], [16.8823685, 78.66576933333334], [16.882378833333334, 78.6657705], [16.882389166666666, 78.66577166666666], [16.882399333333336, 78.66577283333332], [16.882409666666668, 78.66577383333333], [16.882420000000003, 78.665775], [16.882430333333332, 78.66577616666667], [16.882440499999998, 78.66577733333334], [16.882450833333333, 78.6657785], [16.882461166666666, 78.6657795], [16.8824715, 78.66578066666666], [16.882481666666667, 78.66578183333333], [16.882491833333333, 78.66578283333334], [16.882502, 78.665784], [16.882512000000002, 78.66578516666667], [16.882522333333334, 78.66578633333333], [16.88253266666667, 78.66578750000001], [16.882542833333332, 78.66578866666667], [16.88255333333333, 78.66578983333333], [16.882563833333332, 78.665791], [16.882574166666664, 78.66579216666668], [16.8825845, 78.66579333333334], [16.882594833333332, 78.66579433333332], [16.882605166666668, 78.6657955], [16.882615333333334, 78.6657965], [16.8826255, 78.66579766666668], [16.88263583333333, 78.66579883333334], [16.882646, 78.6658], [16.882656333333333, 78.66580116666667], [16.882666833333335, 78.66580233333335], [16.8826775, 78.6658035], [16.882688166666664, 78.66580466666666], [16.882698666666666, 78.66580566666667], [16.882709, 78.66580683333333], [16.8827195, 78.665808], [16.88273, 78.66580900000001], [16.8827405, 78.66581016666667], [16.882750833333333, 78.66581116666666], [16.88276116666667, 78.66581233333334], [16.882771333333334, 78.6658135], [16.882781666666666, 78.6658145], [16.882791833333332, 78.66581566666667], [16.882802166666668, 78.66581683333334], [16.8828125, 78.665818], [16.882823, 78.665819], [16.882833333333334, 78.66582016666666], [16.882843833333332, 78.66582133333333], [16.882854333333334, 78.6658225], [16.882864833333333, 78.66582366666667], [16.882875333333335, 78.66582483333333], [16.882885833333333, 78.66582583333334], [16.882896333333335, 78.66582700000001], [16.882906666666667, 78.66582816666667], [16.882916833333336, 78.66582933333333], [16.882927, 78.6658305], [16.882937000000002, 78.6658315], [16.882947166666668, 78.66583266666666], [16.882957166666664, 78.66583383333334], [16.882967166666667, 78.66583483333334], [16.8829775, 78.665836], [16.882988, 78.66583716666668], [16.882998666666666, 78.66583833333334], [16.883009166666668, 78.66583949999999], [16.883019666666666, 78.66584066666665], [16.883030333333334, 78.66584183333333], [16.883040833333332, 78.665843], [16.883051166666668, 78.66584416666666], [16.8830615, 78.66584533333334], [16.883071500000003, 78.6658465], [16.883081833333332, 78.6658475], [16.88309183333333, 78.66584866666668], [16.883101833333335, 78.66584983333334], [16.88311183333333, 78.665851], [16.883121833333334, 78.665852], [16.883132, 78.66585316666666], [16.88314216666667, 78.66585433333333], [16.883152833333334, 78.66585549999999], [16.883163333333336, 78.66585666666667], [16.883173833333334, 78.66585783333333], [16.883184333333336, 78.665859], [16.883194666666668, 78.66586016666666], [16.883205333333333, 78.66586133333334], [16.883215833333335, 78.6658625], [16.883226166666667, 78.66586366666667], [16.88323666666667, 78.66586483333334], [16.883247333333333, 78.66586600000001], [16.88325766666667, 78.66586716666667], [16.883267999999997, 78.66586816666667], [16.883278, 78.66586933333333], [16.883288166666667, 78.6658705], [16.88329816666667, 78.66587166666666], [16.883308166666666, 78.66587283333334], [16.883318499999998, 78.665874], [16.883328833333334, 78.665875], [16.883339333333332, 78.66587616666668], [16.883349833333334, 78.66587733333334], [16.883360333333332, 78.66587849999999], [16.883370833333334, 78.66587966666665], [16.8833815, 78.66588083333333], [16.883392166666667, 78.665882], [16.8834025, 78.66588316666666], [16.883412833333335, 78.66588416666667], [16.883423166666667, 78.66588533333334], [16.883433333333336, 78.6658865], [16.88344366666667, 78.6658875], [16.88345383333333, 78.6658885], [16.883464, 78.66588966666667], [16.883474166666666, 78.66589083333334], [16.8834845, 78.66589183333333], [16.883495, 78.66589300000001], [16.883505500000002, 78.66589416666667], [16.883516, 78.66589533333334], [16.88352666666667, 78.66589633333334], [16.883537166666667, 78.6658975], [16.883547833333335, 78.66589866666666], [16.8835585, 78.66589966666668], [16.883569, 78.66590083333334], [16.883579666666666, 78.665902], [16.883590333333334, 78.665903], [16.883600666666666, 78.66590416666666], [16.883611, 78.66590533333333], [16.883621333333334, 78.66590633333334], [16.883631666666666, 78.6659075], [16.883641833333336, 78.66590866666667], [16.883652166666664, 78.66590983333334], [16.8836625, 78.66591083333333], [16.883673166666664, 78.66591199999999], [16.883683666666666, 78.665913], [16.883694166666665, 78.66591416666667], [16.883704666666667, 78.66591533333333], [16.883715166666665, 78.66591633333334], [16.883725833333333, 78.66591749999999], [16.88373633333333, 78.66591866666666], [16.88374683333333, 78.66591966666667], [16.88375733333333, 78.66592083333333], [16.88376783333333, 78.665922], [16.883778166666666, 78.66592316666667], [16.883788499999998, 78.66592416666667], [16.883799, 78.66592533333333], [16.883809499999998, 78.6659265], [16.883820166666666, 78.6659275], [16.88383083333333, 78.66592866666666], [16.883841500000003, 78.66592966666667], [16.883852166666667, 78.66593083333333], [16.883862833333335, 78.66593200000001], [16.883873333333334, 78.665933], [16.88388366666667, 78.66593416666666], [16.883894166666668, 78.66593533333334], [16.883904500000003, 78.66593633333333], [16.883915000000002, 78.6659375], [16.88392533333333, 78.66593866666668], [16.883935833333332, 78.66593966666666], [16.883946166666664, 78.66594083333332], [16.8839565, 78.665942], [16.883967, 78.66594316666666], [16.8839775, 78.66594416666666], [16.883987833333332, 78.66594533333334], [16.883998333333334, 78.6659465], [16.884009, 78.66594766666667], [16.8840195, 78.66594883333333], [16.88403, 78.66595000000001], [16.8840405, 78.66595099999999], [16.884050833333333, 78.66595216666666], [16.884061166666665, 78.66595333333333], [16.884071666666667, 78.66595433333333], [16.884082166666666, 78.66595550000001], [16.8840925, 78.66595666666667], [16.884102833333333, 78.66595783333334], [16.884113333333335, 78.665959], [16.884123666666667, 78.66596016666668], [16.88413416666667, 78.66596133333334], [16.884144499999998, 78.66596249999999], [16.884155, 78.66596366666666], [16.884165333333332, 78.66596483333333], [16.884175833333334, 78.66596583333333], [16.884186333333332, 78.665967], [16.884196499999998, 78.66596816666667], [16.884207, 78.66596916666667], [16.8842175, 78.66597033333333], [16.884227833333334, 78.66597133333333], [16.884238333333332, 78.6659725], [16.884248666666668, 78.66597366666666], [16.884259, 78.66597466666667], [16.88426966666667, 78.66597583333333], [16.88428, 78.66597700000001], [16.884290333333336, 78.665978], [16.884300833333334, 78.66597916666666], [16.884311500000003, 78.66598033333334], [16.884322166666667, 78.66598133333333], [16.88433266666667, 78.6659825], [16.884343166666667, 78.66598366666668], [16.884353833333332, 78.66598466666666], [16.884364, 78.66598583333332], [16.884374333333334, 78.665987], [16.884384666666666, 78.665988], [16.884395166666664, 78.66598900000001], [16.8844055, 78.66599016666667], [16.884415833333332, 78.66599116666666], [16.884426166666668, 78.66599233333334], [16.8844365, 78.66599333333333], [16.884446833333335, 78.6659945], [16.884457166666667, 78.66599566666667], [16.884467333333337, 78.66599666666666], [16.884477833333335, 78.66599783333332], [16.884488166666664, 78.66599883333333], [16.884498666666666, 78.666], [16.884508999999998, 78.66600100000001], [16.8845195, 78.66600216666667], [16.884529999999998, 78.66600316666667], [16.884540666666666, 78.66600433333333], [16.884551, 78.6660055], [16.884561333333334, 78.66600650000001], [16.884571666666666, 78.66600766666667], [16.884581833333336, 78.66600883333334], [16.884592, 78.66600983333333], [16.884601999999997, 78.666011], [16.884612166666667, 78.666012], [16.884622333333333, 78.66601316666667], [16.884632500000002, 78.66601433333334], [16.88464283333333, 78.6660155], [16.884653333333333, 78.6660165], [16.88466383333333, 78.66601766666666], [16.884674500000003, 78.66601883333333], [16.884685333333334, 78.66601999999999], [16.884696, 78.666021], [16.8847065, 78.66602216666666], [16.884717000000002, 78.66602333333334], [16.8847275, 78.6660245], [16.884737833333336, 78.66602549999999], [16.884748166666668, 78.66602666666667], [16.88475833333333, 78.66602783333333], [16.8847685, 78.66602883333333], [16.884778999999998, 78.66603], [16.884789333333334, 78.66603116666667], [16.884799666666666, 78.66603233333333], [16.884810166666668, 78.66603333333335], [16.8848205, 78.6660345], [16.884830833333336, 78.66603566666666], [16.884841166666668, 78.66603683333332], [16.8848515, 78.66603783333333], [16.884862, 78.666039], [16.88487233333333, 78.66604016666666], [16.8848825, 78.66604116666667], [16.884892833333332, 78.66604233333334], [16.884903, 78.66604349999999], [16.884913166666667, 78.66604466666666], [16.884923333333333, 78.66604566666666], [16.884933666666665, 78.66604683333334], [16.884943833333335, 78.666048], [16.884954166666667, 78.666049], [16.884964333333336, 78.66605016666668], [16.88497466666667, 78.66605133333334], [16.884985333333336, 78.66605249999999], [16.88499566666667, 78.6660535], [16.885006166666667, 78.66605466666667], [16.88501666666667, 78.66605583333333], [16.885026999999997, 78.66605683333334], [16.885037333333333, 78.666058], [16.885047666666665, 78.66605916666667], [16.885057833333335, 78.66606033333333], [16.885068166666667, 78.66606133333333], [16.885078500000002, 78.6660625], [16.885089, 78.6660635], [16.885099166666667, 78.66606466666667], [16.8851095, 78.66606566666665], [16.885119999999997, 78.66606666666667], [16.885130166666666, 78.66606783333333], [16.8851405, 78.66606900000001], [16.885151, 78.66607], [16.885161333333333, 78.666071], [16.88517166666667, 78.66607216666667], [16.885182, 78.66607333333333], [16.885192166666666, 78.66607433333334], [16.8852025, 78.6660755], [16.885213, 78.66607666666667], [16.885223333333332, 78.66607783333333], [16.885233833333334, 78.66607883333333], [16.885244333333333, 78.66608], [16.885254999999997, 78.66608116666666], [16.885265666666665, 78.66608216666667], [16.885276166666664, 78.66608333333333], [16.885286666666666, 78.6660845], [16.88529733333333, 78.66608566666667], [16.885307666666666, 78.66608666666666], [16.885317833333332, 78.66608783333332], [16.885328166666667, 78.666089], [16.885338166666667, 78.66609], [16.885348166666667, 78.66609116666667], [16.8853585, 78.66609233333334], [16.885369, 78.6660935], [16.885379166666667, 78.6660945], [16.885389666666665, 78.66609566666666], [16.8854, 78.66609683333333], [16.8854105, 78.66609783333334], [16.885421, 78.666099], [16.8854315, 78.66610016666667], [16.885442, 78.66610133333333], [16.8854525, 78.66610250000001], [16.885462833333335, 78.66610349999999], [16.885473166666667, 78.66610466666666], [16.885483500000003, 78.66610583333333], [16.885493666666665, 78.66610683333333], [16.885504, 78.666108], [16.885514166666667, 78.66610916666667], [16.8855245, 78.66611016666667], [16.885534833333335, 78.66611133333335], [16.885545, 78.6661125], [16.885555333333333, 78.66611366666666], [16.8855655, 78.66611483333332], [16.885575666666668, 78.666116], [16.885586, 78.666117], [16.885596333333336, 78.66611816666666], [16.885606833333334, 78.66611933333334], [16.885617333333336, 78.6661205], [16.885627833333334, 78.66612166666667], [16.885638333333336, 78.66612266666667], [16.88564866666667, 78.66612383333333], [16.885658999999997, 78.666125], [16.885669333333333, 78.666126], [16.8856795, 78.66612716666667], [16.885689666666668, 78.66612816666667], [16.885699833333334, 78.66612933333334], [16.88571016666667, 78.6661305], [16.88572033333333, 78.66613149999999], [16.885730666666667, 78.66613266666667], [16.885740833333333, 78.66613383333333], [16.88575116666667, 78.666135], [16.8857615, 78.66613616666667], [16.885771833333333, 78.66613733333334], [16.885782, 78.6661385], [16.88579233333333, 78.66613966666667], [16.885802666666667, 78.66614083333334], [16.885813, 78.66614183333333], [16.885823333333335, 78.66614299999999], [16.885833666666667, 78.66614416666667], [16.885843833333336, 78.66614533333333], [16.885854, 78.6661465], [16.885864333333334, 78.66614766666666], [16.885874666666666, 78.66614883333334], [16.885885, 78.66614983333334], [16.885895333333334, 78.666151], [16.8859055, 78.66615216666668], [16.885916, 78.66615316666666], [16.885926166666664, 78.66615433333332], [16.885936666666666, 78.6661555], [16.885947166666664, 78.6661565], [16.885957833333336, 78.66615783333333], [16.885968333333334, 78.66615883333334], [16.885979000000003, 78.66616], [16.8859895, 78.66616116666667], [16.886000000000003, 78.66616216666667], [16.886010333333335, 78.66616333333333], [16.886020833333337, 78.6661645], [16.886031166666665, 78.6661655], [16.88604133333333, 78.66616666666667], [16.8860515, 78.66616766666667], [16.886061833333333, 78.66616883333333], [16.886072000000002, 78.66616983333333], [16.886082166666665, 78.666171], [16.8860925, 78.666172], [16.886102833333332, 78.66617316666667], [16.886113166666668, 78.66617416666666], [16.886123666666666, 78.66617533333333], [16.886133833333336, 78.66617649999999], [16.886144166666668, 78.66617766666667], [16.8861545, 78.66617883333333], [16.886164666666666, 78.66617983333335], [16.886174999999998, 78.66618100000001], [16.886185166666667, 78.66618216666667], [16.886195333333333, 78.66618316666667], [16.886205500000003, 78.66618433333333], [16.886215666666665, 78.6661855], [16.886226, 78.66618650000001], [16.886236333333333, 78.66618766666667], [16.88624666666667, 78.66618883333334], [16.886257, 78.66619], [16.8862675, 78.666191], [16.886278, 78.66619216666666], [16.8862885, 78.66619316666667], [16.886298833333335, 78.66619433333334], [16.886309333333333, 78.6661955], [16.88631966666667, 78.66619666666666], [16.886329999999997, 78.66619783333334], [16.8863405, 78.666199], [16.886350666666665, 78.66619999999999], [16.886361, 78.66620116666667], [16.886371333333333, 78.66620233333333], [16.886381833333335, 78.66620333333334], [16.886392166666667, 78.6662045], [16.8864025, 78.66620549999999], [16.886413, 78.66620666666667], [16.886423333333333, 78.66620783333333], [16.886433833333335, 78.66620883333333], [16.886444166666667, 78.66621], [16.88645466666667, 78.66621116666667], [16.886464999999998, 78.66621216666667], [16.886475333333333, 78.66621333333333], [16.886485666666665, 78.66621433333333], [16.886495833333335, 78.66621549999999], [16.886506333333333, 78.66621666666667], [16.886517, 78.66621783333333], [16.8865275, 78.66621883333333], [16.886537999999998, 78.66622000000001], [16.8865485, 78.666221], [16.886558833333332, 78.66622216666666], [16.886569166666668, 78.66622333333333], [16.886579333333334, 78.66622433333333], [16.886589333333333, 78.66622533333333], [16.886599666666665, 78.6662265], [16.88661, 78.6662275], [16.886620333333333, 78.6662285], [16.88663066666667, 78.66622966666667], [16.886641166666667, 78.66623066666666], [16.88665166666667, 78.66623183333333], [16.886662166666667, 78.66623283333334], [16.886672833333332, 78.666234], [16.8866835, 78.66623516666667], [16.886694, 78.66623616666668], [16.8867045, 78.66623733333333], [16.886715166666665, 78.66623833333333], [16.886725666666667, 78.6662395], [16.886736166666665, 78.66624066666667], [16.8867465, 78.66624166666666], [16.886757, 78.66624266666666], [16.8867675, 78.66624383333333], [16.886777833333333, 78.66624483333334], [16.8867885, 78.666246], [16.886798833333334, 78.66624700000001], [16.886809500000002, 78.66624816666668], [16.886820166666666, 78.66624916666666], [16.88683083333333, 78.66625016666667], [16.8868415, 78.66625133333334], [16.886851999999998, 78.66625233333333], [16.8868625, 78.6662535], [16.88687283333333, 78.6662545], [16.886883333333333, 78.66625566666667], [16.886893666666666, 78.66625666666667], [16.886904, 78.66625766666667], [16.8869145, 78.66625866666666], [16.886924833333335, 78.66625983333333], [16.886935333333334, 78.66626083333334], [16.886945833333336, 78.666262], [16.886956333333334, 78.666263], [16.886966833333336, 78.666264], [16.886977166666668, 78.66626516666666], [16.8869875, 78.66626616666667], [16.886997833333332, 78.66626733333332], [16.88700833333333, 78.66626833333333], [16.887018666666666, 78.6662695], [16.887029, 78.66627050000001], [16.8870395, 78.66627166666667], [16.887049833333332, 78.66627266666666], [16.887060333333334, 78.66627383333334], [16.887070666666666, 78.666275], [16.887081000000002, 78.666276], [16.8870915, 78.66627716666667], [16.88710166666667, 78.66627833333334], [16.887112, 78.6662795], [16.88712233333333, 78.6662805], [16.887132666666666, 78.66628166666666], [16.887142666666666, 78.66628266666666], [16.887152833333335, 78.66628383333334], [16.887163166666667, 78.66628483333334], [16.887173333333333, 78.666286], [16.8871835, 78.66628716666668], [16.887193833333335, 78.66628833333333], [16.887203833333334, 78.66628949999999], [16.88721416666667, 78.6662905], [16.8872245, 78.66629166666667], [16.887234666666664, 78.66629283333333], [16.887245, 78.66629400000001], [16.887255333333332, 78.666295], [16.887265833333334, 78.66629616666667], [16.887276333333332, 78.66629733333333], [16.887286500000002, 78.6662985], [16.887296833333334, 78.66629966666666], [16.887307, 78.66630066666667], [16.887317, 78.66630183333334], [16.887327000000003, 78.666303], [16.887337, 78.66630416666666], [16.887347, 78.66630516666667], [16.887357, 78.66630633333332], [16.887366999999998, 78.66630749999999], [16.887377166666667, 78.6663085], [16.8873875, 78.66630966666666], [16.887398, 78.66631083333333], [16.887408666666666, 78.666312], [16.887419, 78.66631316666667], [16.8874295, 78.66631433333333], [16.88744, 78.66631550000001], [16.887450166666667, 78.66631666666667], [16.8874605, 78.66631783333334], [16.887470833333335, 78.66631883333334], [16.887481166666664, 78.66632], [16.8874915, 78.66632116666666], [16.88750183333333, 78.66632216666667], [16.887512166666667, 78.66632333333334], [16.887522666666666, 78.6663245], [16.887533166666667, 78.6663255], [16.8875435, 78.66632666666666], [16.887554, 78.66632766666666], [16.887564333333334, 78.66632883333334], [16.887574833333336, 78.66633], [16.887585166666668, 78.666331], [16.8875955, 78.66633216666668], [16.887606166666668, 78.66633333333333], [16.887616666666666, 78.66633433333332], [16.887627166666668, 78.6663355], [16.8876375, 78.66633666666667], [16.887648000000002, 78.66633766666668], [16.8876585, 78.66633866666666], [16.887668833333333, 78.66633966666667], [16.887678833333332, 78.66634049999999], [16.887689166666668, 78.66634133333334], [16.8876995, 78.66634216666667], [16.887709833333336, 78.66634266666667], [16.887720333333334, 78.66634300000001], [16.887731, 78.66634333333333], [16.8877415, 78.66634366666668], [16.887752, 78.66634383333333], [16.887762333333335, 78.66634383333333], [16.887772833333333, 78.666344], [16.887783333333335, 78.666344], [16.887793833333333, 78.666344], [16.887804000000003, 78.666344], [16.8878145, 78.66634383333333], [16.887824833333333, 78.66634366666668], [16.887835166666665, 78.6663435], [16.887845833333333, 78.66634316666666], [16.8878565, 78.66634266666667], [16.887867000000004, 78.66634233333333], [16.887877333333332, 78.66634183333333], [16.887887499999998, 78.66634116666667], [16.887897833333334, 78.66634049999999], [16.887908, 78.66633983333332], [16.887917833333333, 78.66633916666666], [16.887927666666666, 78.6663385], [16.8879375, 78.66633766666668], [16.887947166666667, 78.66633683333333], [16.88795683333333, 78.66633583333333], [16.8879665, 78.66633483333334], [16.887976, 78.66633383333333], [16.887985333333333, 78.66633266666666], [16.88799433333333, 78.6663315], [16.8880035, 78.66633016666667], [16.8880125, 78.66632899999999], [16.88802133333333, 78.66632766666666], [16.888029666666668, 78.6663265], [16.888038166666668, 78.666325], [16.88804633333333, 78.66632366666666], [16.8880545, 78.66632216666667], [16.8880625, 78.66632066666666], [16.88807016666667, 78.666319], [16.888077833333334, 78.6663175], [16.888085166666666, 78.66631583333333], [16.88809216666667, 78.66631416666668], [16.888099333333333, 78.66631233333332], [16.888106, 78.66631066666667], [16.888112999999997, 78.66630883333333], [16.888119666666668, 78.666307], [16.8881265, 78.66630516666667], [16.888133333333332, 78.66630333333333], [16.888139833333334, 78.66630149999999], [16.888146333333335, 78.66629966666666], [16.888152666666667, 78.66629766666667], [16.888158833333332, 78.66629583333334], [16.888164833333335, 78.66629383333334], [16.888170666666667, 78.66629183333333], [16.888176333333334, 78.66628983333334], [16.88818183333333, 78.66628766666666], [16.88818716666667, 78.66628566666667], [16.888192333333333, 78.66628366666667], [16.8881975, 78.66628166666666], [16.888202666666665, 78.6662795], [16.888208000000002, 78.66627749999999], [16.888213, 78.66627533333333], [16.888218166666665, 78.66627316666667], [16.8882235, 78.66627100000001], [16.888228666666667, 78.66626866666667], [16.888234, 78.66626649999999], [16.888239166666665, 78.66626416666666], [16.888244333333333, 78.666262], [16.88824933333333, 78.66625966666668], [16.888254166666666, 78.66625733333333], [16.888258833333335, 78.666255], [16.888264166666666, 78.6662525], [16.888269333333334, 78.66625016666667], [16.888274333333335, 78.66624783333333], [16.8882795, 78.6662455], [16.888284, 78.66624333333333], [16.888288666666664, 78.666241], [16.888293333333333, 78.66623866666667], [16.888297833333336, 78.6662365], [16.888302, 78.66623416666667], [16.888306166666666, 78.66623183333333], [16.8883105, 78.66622966666667], [16.888314833333332, 78.66622733333334], [16.888319333333335, 78.666225], [16.88832366666667, 78.66622266666667], [16.888328, 78.66622033333333], [16.888332333333334, 78.666218], [16.888336499999998, 78.66621583333334], [16.888341, 78.6662135], [16.888345166666667, 78.66621116666667], [16.8883495, 78.66620883333333], [16.888353666666667, 78.66620666666667], [16.888358, 78.66620433333333], [16.88836266666667, 78.66620216666666], [16.888367333333335, 78.66619999999999], [16.888372, 78.66619766666666], [16.888376666666666, 78.66619533333332], [16.888381499999998, 78.66619316666667], [16.888386166666667, 78.66619083333333], [16.888391000000002, 78.6661885], [16.888395833333334, 78.66618633333333], [16.888400333333333, 78.666184], [16.888405, 78.66618183333334], [16.88841, 78.66617966666666], [16.888415166666668, 78.6661775], [16.88842, 78.66617533333333], [16.88842483333333, 78.666173], [16.888429666666664, 78.66617083333334], [16.888434500000002, 78.66616866666666], [16.888439666666667, 78.66616649999999], [16.8884445, 78.66616416666668], [16.888449166666664, 78.666162], [16.88845416666667, 78.66615983333332], [16.888459166666667, 78.66615766666668], [16.8884645, 78.6661555], [16.888469833333332, 78.66615316666666], [16.888475000000003, 78.666151], [16.888480333333334, 78.66614883333334], [16.888485833333334, 78.6661465], [16.888491166666665, 78.66614433333334], [16.8884965, 78.66614200000001], [16.888501833333333, 78.66613983333333], [16.888507166666667, 78.66613766666666], [16.888512666666667, 78.66613533333334], [16.888518166666664, 78.66613316666667], [16.888523666666668, 78.666131], [16.888529333333334, 78.66612883333333], [16.888535166666667, 78.66612666666667], [16.888540666666664, 78.66612433333333], [16.888546166666668, 78.66612216666667], [16.888552, 78.66612], [16.888557666666667, 78.66611783333333], [16.88856333333333, 78.66611566666667], [16.888569, 78.6661135], [16.888574833333333, 78.66611116666667], [16.888581, 78.666109], [16.888586999999998, 78.66610683333333], [16.888593166666666, 78.6661045], [16.888599, 78.66610233333334], [16.888604833333332, 78.66610016666667], [16.888610833333335, 78.66609799999999], [16.888616833333334, 78.66609583333334], [16.888623, 78.66609366666667], [16.888629166666664, 78.6660915], [16.888635333333333, 78.6660895], [16.888641833333335, 78.66608733333334], [16.888648333333332, 78.66608500000001], [16.888655000000004, 78.66608283333333], [16.8886615, 78.66608066666666], [16.888668166666665, 78.6660785], [16.888674833333333, 78.66607633333334], [16.8886815, 78.666074], [16.888688166666668, 78.66607183333333], [16.888694666666666, 78.66606983333332], [16.888701166666667, 78.66606766666668], [16.888707333333333, 78.6660655], [16.88871333333333, 78.66606333333334], [16.888719499999997, 78.66606133333333], [16.888726000000002, 78.66605916666667], [16.8887325, 78.66605716666666], [16.888739166666667, 78.66605516666667], [16.888745833333335, 78.66605299999999], [16.88875266666667, 78.666051], [16.8887595, 78.66604883333333], [16.888766166666667, 78.66604666666667], [16.888773, 78.6660445], [16.888779666666668, 78.6660425], [16.888786333333332, 78.66604033333333], [16.888792833333333, 78.66603833333333], [16.8887995, 78.66603616666666], [16.88880633333333, 78.66603416666666], [16.888812833333336, 78.666032], [16.8888195, 78.66603], [16.888826166666668, 78.66602800000001], [16.888832833333332, 78.666026], [16.8888395, 78.66602400000001], [16.888846166666667, 78.66602200000001], [16.888852999999997, 78.66601983333334], [16.88885966666667, 78.66601783333334], [16.8888665, 78.66601566666667], [16.888873333333333, 78.66601366666667], [16.88888016666667, 78.6660115], [16.888887, 78.6660095], [16.888893833333334, 78.66600733333333], [16.888900666666665, 78.66600533333333], [16.888907500000002, 78.66600333333334], [16.888913833333334, 78.66600133333333], [16.888920166666665, 78.66599933333333], [16.8889265, 78.66599733333334], [16.888932833333335, 78.66599533333333], [16.8889395, 78.66599333333333], [16.888945999999997, 78.66599116666666], [16.888952500000002, 78.66598916666666], [16.888959, 78.66598716666667], [16.888965833333334, 78.665985], [16.888972333333335, 78.66598300000001], [16.888979166666665, 78.665981], [16.8889855, 78.66597883333334], [16.888992, 78.66597683333333], [16.888998333333333, 78.66597466666667], [16.8890045, 78.66597266666666], [16.889010833333334, 78.66597066666667], [16.88901716666667, 78.66596866666667], [16.889023333333334, 78.6659665], [16.8890295, 78.6659645], [16.88903583333333, 78.66596249999999], [16.889042, 78.6659605], [16.889048333333335, 78.6659585], [16.889054666666667, 78.6659565], [16.889060833333335, 78.66595433333333], [16.88906666666667, 78.66595233333334], [16.889072833333334, 78.66595033333333], [16.889078833333333, 78.66594816666667], [16.889085, 78.66594616666666], [16.889091, 78.66594400000001], [16.889097, 78.665942], [16.88910333333333, 78.66594], [16.8891095, 78.66593800000001], [16.889115666666665, 78.665936], [16.889121666666664, 78.66593400000001], [16.889127833333337, 78.66593200000001], [16.889133833333336, 78.66592983333334], [16.88914, 78.66592783333334], [16.889145833333334, 78.66592583333333], [16.889151666666667, 78.66592383333334], [16.889157666666666, 78.66592166666666], [16.889163833333335, 78.66591966666667], [16.88917, 78.66591766666667], [16.88917616666667, 78.66591566666666], [16.8891825, 78.6659135], [16.889188833333332, 78.66591149999999], [16.889195166666664, 78.6659095], [16.889201333333332, 78.66590733333334], [16.88920733333333, 78.66590533333333], [16.8892135, 78.66590333333333], [16.889219500000003, 78.66590116666666], [16.889225500000002, 78.66589916666666], [16.889231666666667, 78.66589716666667], [16.889237833333333, 78.66589516666666], [16.889243833333335, 78.66589300000001], [16.88925, 78.665891], [16.889256333333332, 78.665889], [16.889262666666664, 78.66588700000001], [16.889269000000002, 78.66588499999999], [16.889275166666668, 78.66588283333334], [16.8892815, 78.66588083333333], [16.889287666666668, 78.66587883333334], [16.889293833333333, 78.66587666666666], [16.8893, 78.66587466666667], [16.889305999999998, 78.66587266666667], [16.889312, 78.66587066666666], [16.889318166666666, 78.66586866666667], [16.889324166666665, 78.66586649999999], [16.889329999999998, 78.6658645], [16.889336, 78.6658625], [16.88934233333333, 78.6658605], [16.8893485, 78.6658585], [16.88935466666667, 78.6658565], [16.889360833333335, 78.6658545], [16.889367, 78.66585233333333], [16.889373166666665, 78.66585033333334], [16.889379166666668, 78.66584816666666], [16.889385166666667, 78.66584616666667], [16.889391333333332, 78.66584416666666], [16.889397666666664, 78.66584216666666], [16.8894035, 78.66584016666667], [16.8894095, 78.66583816666666], [16.88941583333333, 78.66583616666667], [16.889421833333333, 78.66583399999999], [16.889427833333333, 78.66583216666666], [16.88943383333333, 78.66583], [16.889439666666664, 78.66582799999999], [16.8894455, 78.665826], [16.889451333333334, 78.665824], [16.889457333333333, 78.66582199999999], [16.88946333333333, 78.66581983333334], [16.889469666666667, 78.66581783333332], [16.889475666666666, 78.66581566666667], [16.889481999999997, 78.66581366666666], [16.889488333333336, 78.6658115], [16.8894945, 78.6658095], [16.889500666666667, 78.6658075], [16.889506666666666, 78.6658055], [16.889513, 78.66580333333333], [16.889519166666666, 78.66580133333333], [16.88952533333333, 78.66579933333334], [16.889531166666664, 78.66579733333333], [16.889537166666667, 78.66579533333334], [16.889543166666666, 78.66579333333334], [16.889549, 78.66579116666666], [16.889555166666664, 78.66578916666667], [16.889561333333333, 78.665787], [16.8895675, 78.66578483333333], [16.889573666666667, 78.66578283333334], [16.889579833333336, 78.66578066666666], [16.889586, 78.66577866666667], [16.889592166666667, 78.66577666666667], [16.889598, 78.66577466666666], [16.889604000000002, 78.66577266666667], [16.889609833333335, 78.66577066666667], [16.889615666666668, 78.66576866666666], [16.889621499999997, 78.6657665], [16.8896275, 78.6657645], [16.889633333333332, 78.6657625], [16.889639499999998, 78.66576033333334], [16.88964566666667, 78.66575833333333], [16.88965166666667, 78.66575616666667], [16.889658, 78.66575416666666], [16.889664166666666, 78.66575200000001], [16.88967016666667, 78.66574999999999], [16.889676333333334, 78.665748], [16.889682166666667, 78.665746], [16.889688166666666, 78.66574399999999], [16.88969416666667, 78.665742], [16.889700166666668, 78.66574], [16.889706166666667, 78.66573799999999], [16.889712166666666, 78.66573583333334], [16.8897185, 78.66573383333333], [16.889724666666666, 78.66573183333334], [16.889730999999998, 78.66572966666666], [16.889737166666666, 78.66572766666667], [16.889743333333335, 78.66572566666667], [16.889749833333333, 78.66572366666666], [16.889755833333332, 78.66572166666667], [16.889762, 78.66571983333333], [16.889768, 78.66571783333333], [16.889774166666665, 78.66571583333332], [16.889780499999997, 78.665714], [16.889786666666666, 78.665712], [16.889792666666665, 78.66571], [16.889799, 78.665708], [16.889805333333335, 78.665706], [16.889811666666667, 78.66570383333332], [16.889817999999998, 78.66570183333333], [16.889824166666664, 78.66569983333333], [16.889830333333336, 78.66569783333333], [16.889836333333335, 78.665696], [16.8898425, 78.665694], [16.889848333333337, 78.665692], [16.889854333333336, 78.66569016666668], [16.889860333333335, 78.66568816666667], [16.889866333333334, 78.66568616666667], [16.889872500000003, 78.66568433333333], [16.889879, 78.66568233333334], [16.889885333333332, 78.66568016666666], [16.889892, 78.66567816666667], [16.8898985, 78.66567616666666], [16.889905, 78.66567416666666], [16.889911333333334, 78.66567216666667], [16.88991766666667, 78.66567016666666], [16.889923833333334, 78.66566816666666], [16.88993, 78.66566633333333], [16.889936, 78.66566433333334], [16.88994166666667, 78.6656625], [16.889948, 78.6656605], [16.889954166666666, 78.66565866666666], [16.889960499999997, 78.66565666666666], [16.8899665, 78.66565466666665], [16.889973, 78.66565266666666], [16.8899795, 78.66565066666666], [16.889986, 78.66564866666666], [16.8899925, 78.66564666666666], [16.889998833333333, 78.66564466666667], [16.890005166666665, 78.66564266666666], [16.890011333333334, 78.66564066666666], [16.8900175, 78.66563866666667], [16.890023666666664, 78.66563666666666], [16.890029833333333, 78.66563466666666], [16.890036000000002, 78.66563266666667], [16.890042, 78.66563066666666], [16.890048166666666, 78.66562866666666], [16.8900545, 78.66562683333333], [16.890060833333333, 78.66562483333334], [16.890067166666665, 78.66562266666666], [16.890073500000003, 78.66562066666667], [16.89007966666667, 78.66561866666666], [16.890085833333334, 78.66561666666666], [16.890092, 78.66561466666667], [16.890098333333334, 78.6656125], [16.8901045, 78.6656105], [16.890110666666665, 78.66560866666667], [16.890116666666664, 78.6656065], [16.890122833333333, 78.6656045], [16.890128666666666, 78.6656025], [16.89013483333333, 78.6656005], [16.890141000000003, 78.6655985], [16.89014716666667, 78.6655965], [16.890153, 78.6655945], [16.890159, 78.6655925], [16.890165000000003, 78.66559050000001], [16.890171000000002, 78.6655885], [16.89017683333333, 78.6655865], [16.890182666666664, 78.66558450000001], [16.8901885, 78.6655825], [16.890194166666667, 78.6655805], [16.890200166666666, 78.66557833333333], [16.890206, 78.66557633333333], [16.890212333333334, 78.66557433333334], [16.8902185, 78.66557233333333], [16.890224666666665, 78.66557033333333], [16.890230499999998, 78.66556816666666], [16.8902365, 78.66556616666666], [16.890242166666667, 78.66556416666667], [16.890248, 78.66556216666666], [16.890253499999996, 78.66556], [16.890259, 78.66555799999999], [16.890264666666667, 78.665556], [16.890270333333333, 78.66555383333333], [16.890276333333336, 78.66555183333334], [16.890282333333335, 78.66554983333334], [16.890288833333333, 78.66554783333332], [16.890295166666665, 78.66554566666667], [16.890301333333333, 78.66554366666666], [16.8903075, 78.6655415], [16.89031333333333, 78.66553950000001], [16.89031933333333, 78.66553733333333], [16.890325166666667, 78.66553533333334], [16.890330833333334, 78.66553316666666], [16.890336333333334, 78.66553116666667], [16.89034183333333, 78.66552916666666], [16.890347666666667, 78.66552716666666], [16.8903535, 78.66552516666667], [16.890359333333333, 78.66552316666666], [16.890365499999998, 78.66552116666666], [16.890371666666667, 78.66551916666667], [16.890377666666666, 78.66551716666666], [16.890383333333332, 78.66551516666667], [16.89038916666667, 78.66551299999999], [16.890395333333334, 78.665511], [16.890401166666667, 78.665509], [16.890407, 78.66550699999999], [16.890412833333336, 78.665505], [16.8904185, 78.66550283333332], [16.890424, 78.66550083333333], [16.890429166666667, 78.66549883333333], [16.890433833333336, 78.66549683333332], [16.890437666666667, 78.66549483333333], [16.8904405, 78.66549283333333], [16.89044266666667, 78.66549083333332], [16.8904445, 78.66548866666668], [16.890446166666667, 78.66548666666667], [16.8904475, 78.6654845], [16.890448666666668, 78.66548233333333], [16.890449666666665, 78.66548016666667], [16.890450333333334, 78.665478], [16.8904505, 78.66547583333333], [16.8904505, 78.66547366666667], [16.89044983333333, 78.6654715], [16.890449, 78.66546933333333], [16.890447666666667, 78.66546733333332], [16.890445833333334, 78.66546516666668], [16.890443666666666, 78.665463], [16.89044116666667, 78.66546083333333], [16.89043816666667, 78.66545883333333], [16.8904345, 78.66545683333334], [16.890430499999997, 78.66545483333333], [16.890426333333334, 78.66545283333333], [16.890422, 78.66545083333334], [16.89041716666667, 78.66544900000001], [16.890412, 78.665447], [16.890406499999997, 78.66544516666666], [16.890400833333334, 78.66544316666666], [16.89039466666667, 78.66544133333333], [16.89038833333333, 78.66543966666667], [16.890382166666665, 78.66543783333333], [16.890376166666666, 78.665436], [16.890369500000002, 78.66543433333332], [16.890362333333332, 78.66543266666666], [16.890355, 78.66543116666666], [16.890347333333334, 78.6654295], [16.89034033333333, 78.66542783333333], [16.890333, 78.66542633333333], [16.890325333333333, 78.66542483333333], [16.89031783333333, 78.66542333333334], [16.89031, 78.665422], [16.890302000000002, 78.66542066666666], [16.8902935, 78.66541933333333], [16.890285, 78.665418], [16.89027583333333, 78.66541683333334], [16.890266666666665, 78.66541566666666], [16.8902575, 78.6654145], [16.890248166666666, 78.66541333333333], [16.890238333333333, 78.66541233333334], [16.890228666666665, 78.66541133333334], [16.890218666666666, 78.66541033333333], [16.890208500000004, 78.66540933333334], [16.890198333333334, 78.6654085], [16.890188000000002, 78.6654075], [16.890177666666666, 78.66540666666667], [16.8901675, 78.66540566666666], [16.890157166666665, 78.66540483333333], [16.890146666666666, 78.66540400000001], [16.8901365, 78.66540333333334], [16.89012616666667, 78.6654025], [16.89011533333333, 78.66540166666667], [16.890104333333333, 78.66540083333332], [16.890093166666666, 78.66540016666666], [16.890081833333333, 78.66539949999999], [16.89007033333333, 78.66539883333333], [16.890058500000002, 78.66539800000001], [16.890047166666665, 78.66539733333335], [16.890035833333332, 78.66539666666667], [16.890024333333333, 78.66539616666667], [16.890012833333333, 78.6653955], [16.890001166666664, 78.66539483333332], [16.88998966666667, 78.665394], [16.889978, 78.66539333333334], [16.889966666666666, 78.66539250000001], [16.889955666666665, 78.66539183333333], [16.889944333333336, 78.665391], [16.889933, 78.66539033333333], [16.889921666666666, 78.66538966666667], [16.88991, 78.665389], [16.889898333333335, 78.66538816666666], [16.889886666666666, 78.66538733333333], [16.889875, 78.66538666666666], [16.8898635, 78.66538583333333], [16.889851833333335, 78.665385], [16.889840333333332, 78.66538433333334], [16.889828833333336, 78.6653835], [16.8898175, 78.66538266666666], [16.889806, 78.66538183333334], [16.889794666666667, 78.665381], [16.889783333333334, 78.66538016666667], [16.889772333333333, 78.66537933333333], [16.889761166666666, 78.6653785], [16.88975, 78.66537766666667], [16.889738833333336, 78.66537683333333], [16.889727, 78.665376], [16.889715333333335, 78.66537516666668], [16.889703833333332, 78.66537433333333], [16.88969216666667, 78.66537333333333], [16.8896805, 78.6653725], [16.889669, 78.6653715], [16.8896575, 78.66537066666666], [16.889645833333336, 78.66536983333334], [16.889634333333333, 78.66536883333333], [16.88962283333333, 78.665368], [16.889611333333335, 78.66536716666666], [16.88959983333333, 78.66536616666667], [16.8895885, 78.66536533333333], [16.889577499999998, 78.6653645], [16.889566333333335, 78.6653635], [16.889554999999998, 78.66536266666667], [16.8895435, 78.66536183333332], [16.88953233333333, 78.66536083333334], [16.889521333333334, 78.66535983333333], [16.88951033333333, 78.66535900000001], [16.889499166666667, 78.665358], [16.889487999999997, 78.66535716666667], [16.889476666666667, 78.66535616666667], [16.889465499999996, 78.66535533333334], [16.889454166666667, 78.66535433333334], [16.88944283333333, 78.66535350000001], [16.889431666666667, 78.6653525], [16.88942033333333, 78.6653515], [16.8894095, 78.66535066666667], [16.889398333333336, 78.66534966666667], [16.889387, 78.66534866666666], [16.88937566666667, 78.66534783333333], [16.8893645, 78.66534683333333], [16.88935316666667, 78.665346], [16.889342, 78.66534499999999], [16.889330833333336, 78.665344], [16.889319666666665, 78.665343], [16.889308500000002, 78.665342], [16.889297166666665, 78.66534116666666], [16.889286000000002, 78.66534016666667], [16.88927483333333, 78.66533916666667], [16.88926366666667, 78.66533833333332], [16.8892525, 78.66533733333334], [16.889241333333334, 78.66533633333333], [16.889230166666668, 78.66533550000001], [16.889218833333334, 78.6653345], [16.889207666666668, 78.6653335], [16.889196666666667, 78.66533266666667], [16.889185666666666, 78.66533166666666], [16.889174500000003, 78.66533066666666], [16.889163166666666, 78.66532966666666], [16.889151833333337, 78.66532866666667], [16.8891405, 78.66532766666666], [16.889129500000003, 78.66532666666667], [16.889118333333332, 78.66532550000001], [16.88910716666667, 78.6653245], [16.889095833333332, 78.66532350000001], [16.88908466666667, 78.6653225], [16.8890735, 78.66532149999999], [16.889062333333335, 78.6653205], [16.889051333333335, 78.66531933333334], [16.8890405, 78.66531833333333], [16.889029666666666, 78.66531733333333], [16.889019, 78.66531633333334], [16.889007666666664, 78.66531533333334], [16.888996833333334, 78.66531433333333], [16.888985833333333, 78.66531333333334], [16.888975000000002, 78.66531216666667], [16.88896383333333, 78.66531116666667], [16.888953, 78.66531], [16.888942333333333, 78.665309], [16.888931833333334, 78.66530783333333], [16.888921, 78.66530683333333], [16.88891016666667, 78.66530566666667], [16.888899666666667, 78.66530466666667], [16.888888833333333, 78.66530366666666], [16.888878, 78.66530250000001], [16.8888675, 78.6653015], [16.88885733333333, 78.66530033333333], [16.888846833333332, 78.66529933333332], [16.888836333333334, 78.66529816666666], [16.8888255, 78.66529716666668], [16.888815166666667, 78.66529616666666], [16.888804666666665, 78.66529516666667], [16.888794, 78.66529399999999], [16.8887835, 78.665293], [16.888773333333333, 78.66529183333334], [16.888762999999997, 78.66529083333333], [16.888752333333333, 78.66528966666667], [16.88874183333333, 78.66528866666665], [16.8887315, 78.6652875], [16.888721333333333, 78.66528633333334], [16.888710666666668, 78.66528533333333], [16.888699999999996, 78.66528433333333], [16.888689666666668, 78.66528316666667], [16.888679500000002, 78.66528216666667], [16.888669, 78.66528116666667], [16.888658500000002, 78.66528], [16.888648166666666, 78.665279], [16.8886375, 78.66527783333332], [16.888627, 78.66527666666666], [16.8886165, 78.66527566666667], [16.888605833333333, 78.6652745], [16.888595666666667, 78.66527333333333], [16.88858533333333, 78.66527233333333], [16.888575, 78.66527116666666], [16.888564499999998, 78.66527016666667], [16.888554, 78.66526900000001], [16.888543333333335, 78.665268], [16.888532833333333, 78.665267], [16.888522666666667, 78.66526583333332], [16.888512166666665, 78.66526483333334], [16.888501833333333, 78.66526366666668], [16.888491166666665, 78.66526266666666], [16.888480666666666, 78.6652615], [16.888469666666666, 78.6652605], [16.88845866666667, 78.66525933333334], [16.88844783333333, 78.66525833333334], [16.888437166666666, 78.66525716666666], [16.888426499999998, 78.665256], [16.888416, 78.66525499999999], [16.888405166666665, 78.66525383333332], [16.888394333333334, 78.66525283333334], [16.8883835, 78.66525183333333], [16.888373, 78.66525066666667], [16.888362833333336, 78.66524966666665], [16.8883525, 78.6652485], [16.8883425, 78.6652475], [16.888332166666665, 78.66524633333333], [16.888321833333336, 78.66524516666666], [16.888311333333334, 78.66524416666667], [16.888300666666666, 78.66524299999999], [16.888290333333334, 78.665242], [16.888279833333335, 78.66524083333334], [16.888269333333334, 78.66523983333333], [16.888259, 78.66523883333333], [16.888248333333333, 78.66523766666666], [16.888237833333335, 78.66523666666667], [16.888227333333337, 78.66523566666666], [16.888216833333335, 78.6652345], [16.888206166666667, 78.66523350000001], [16.8881955, 78.6652325], [16.888185, 78.66523133333334], [16.888174499999998, 78.66523033333333], [16.888164166666666, 78.66522933333334], [16.888153499999998, 78.66522816666667], [16.888142833333333, 78.66522716666667], [16.888132499999998, 78.665226], [16.888121833333333, 78.66522499999999], [16.888110833333332, 78.66522383333333], [16.888099833333335, 78.66522283333333], [16.888089333333333, 78.66522166666667], [16.888079, 78.66522066666667], [16.8880685, 78.66521949999999], [16.888058166666667, 78.66521850000001], [16.888047500000003, 78.6652175], [16.888036666666668, 78.66521633333333], [16.888025833333334, 78.66521533333334], [16.888015166666666, 78.66521433333334], [16.8880045, 78.66521333333334], [16.887993833333333, 78.66521216666666], [16.887983000000002, 78.66521116666667], [16.887972333333334, 78.66520999999999], [16.887961833333335, 78.665209], [16.88795083333333, 78.66520799999999], [16.887939833333334, 78.66520683333333], [16.887929, 78.66520583333333], [16.8879185, 78.66520483333333], [16.887908166666666, 78.66520383333334], [16.887897833333334, 78.66520283333332], [16.887887166666665, 78.66520166666666], [16.887876666666667, 78.66520066666666], [16.887865833333333, 78.66519966666667], [16.887855166666668, 78.66519866666665], [16.88784433333333, 78.6651975], [16.8878335, 78.66519650000001], [16.887822833333335, 78.66519533333333], [16.887812166666667, 78.66519433333333], [16.887801500000002, 78.66519333333333], [16.887790666666668, 78.66519216666667], [16.88778016666667, 78.66519116666667], [16.8877695, 78.66519016666666], [16.88775916666667, 78.66518916666668], [16.887748833333333, 78.66518816666667], [16.887738333333335, 78.665187], [16.887727833333333, 78.66518599999999], [16.887717333333335, 78.66518500000001], [16.887706833333333, 78.66518383333333], [16.887696333333334, 78.66518266666667], [16.8876855, 78.66518166666667], [16.887675, 78.66518049999999], [16.887664500000003, 78.66517950000001], [16.887654166666668, 78.66517833333334], [16.88764366666667, 78.66517733333333], [16.8876335, 78.66517633333333], [16.887623, 78.66517516666666], [16.8876125, 78.66517416666667], [16.887601833333335, 78.66517300000001], [16.887591333333333, 78.665172], [16.887580833333335, 78.665171], [16.887570166666666, 78.66516983333332], [16.887559833333334, 78.66516883333334], [16.887549333333332, 78.66516766666668], [16.887538833333334, 78.66516666666666], [16.8875285, 78.66516566666665], [16.887518, 78.6651645], [16.88750716666667, 78.6651635], [16.8874965, 78.6651625], [16.88748616666667, 78.66516150000001], [16.8874755, 78.66516033333333], [16.887464666666666, 78.66515933333334], [16.887453999999998, 78.66515833333332], [16.887443333333334, 78.66515716666666], [16.8874325, 78.66515616666668], [16.887422, 78.66515516666666], [16.8874115, 78.665154], [16.887401166666667, 78.66515299999999], [16.88739083333333, 78.665152], [16.887380833333335, 78.66515083333334], [16.887370333333333, 78.66514983333333], [16.887359833333335, 78.66514883333333], [16.887348999999997, 78.66514783333334], [16.887338, 78.66514666666667], [16.887327000000003, 78.66514566666666], [16.88731616666667, 78.6651445], [16.8873055, 78.66514333333333], [16.887294833333332, 78.66514233333334], [16.887284333333334, 78.66514116666667], [16.88727383333333, 78.66514016666666], [16.887263333333333, 78.66513916666666], [16.887252666666665, 78.665138], [16.887242, 78.665137], [16.8872315, 78.66513583333334], [16.887220833333334, 78.66513483333333], [16.887210333333332, 78.66513366666666], [16.887199666666667, 78.66513266666666], [16.887189166666666, 78.66513166666667], [16.88717816666667, 78.6651305], [16.887167666666667, 78.66512949999999], [16.8871575, 78.66512850000001], [16.887146833333336, 78.66512733333334], [16.887136333333334, 78.66512633333333], [16.887126000000002, 78.66512533333334], [16.887115333333334, 78.66512416666666], [16.88710466666667, 78.66512316666667], [16.8870935, 78.66512200000001], [16.887082333333336, 78.665121], [16.8870715, 78.66511999999999], [16.887060833333333, 78.66511883333332], [16.88705033333333, 78.66511783333334], [16.887039833333333, 78.66511683333333], [16.887029166666665, 78.66511566666667], [16.8870185, 78.66511466666665], [16.887007666666666, 78.66511366666667], [16.886996833333335, 78.66511283333332], [16.886986333333333, 78.66511183333334], [16.886975833333334, 78.66511066666666], [16.886965, 78.66510966666667], [16.886954333333332, 78.66510866666665], [16.88694333333333, 78.66510766666667], [16.8869325, 78.66510666666666], [16.88692166666667, 78.6651055], [16.886911, 78.66510450000001], [16.886900333333333, 78.6651035], [16.88688983333333, 78.66510233333334], [16.88687966666667, 78.66510133333333], [16.8868695, 78.66510033333334], [16.886859, 78.66509933333333], [16.886848, 78.66509833333333], [16.886837333333336, 78.66509733333334], [16.886826666666664, 78.66509633333334], [16.886816, 78.66509516666666], [16.886805499999998, 78.665094], [16.886795, 78.665093], [16.886784666666664, 78.66509183333332], [16.886774166666665, 78.66509083333334], [16.886763833333337, 78.66508983333333], [16.886753333333335, 78.66508866666666], [16.886743000000003, 78.66508766666668], [16.8867325, 78.66508666666667], [16.88672216666667, 78.66508566666667], [16.886712, 78.66508466666667], [16.886701833333333, 78.66508350000001], [16.886691499999998, 78.6650825], [16.886680666666667, 78.6650815], [16.886670166666665, 78.6650805], [16.8866595, 78.66507933333334], [16.886648833333332, 78.66507833333334], [16.8866385, 78.66507733333333], [16.886628166666664, 78.66507633333335], [16.886617833333332, 78.66507516666667], [16.886607333333334, 78.66507433333332], [16.886596833333332, 78.66507333333334], [16.886586166666667, 78.66507233333333], [16.886575666666666, 78.66507133333333], [16.886565, 78.66507033333333], [16.886554166666667, 78.66506933333334], [16.886543500000002, 78.66506833333332], [16.886533166666666, 78.66506733333334], [16.886522666666668, 78.66506633333333], [16.886512333333332, 78.66506516666666], [16.886502, 78.66506416666667], [16.886491499999998, 78.66506316666667], [16.886481333333332, 78.665062], [16.88647116666667, 78.665061], [16.886460666666668, 78.66506], [16.886450333333336, 78.665059], [16.886439833333334, 78.66505783333334], [16.886429333333336, 78.66505683333334], [16.886418666666668, 78.66505566666666], [16.886408, 78.66505466666668], [16.886397, 78.66505366666667], [16.8863865, 78.6650525], [16.886376166666665, 78.66505149999999], [16.886365666666666, 78.66505033333333], [16.886355166666664, 78.66504933333334], [16.886344666666666, 78.66504833333333], [16.88633433333333, 78.66504733333333], [16.886323833333332, 78.66504616666666], [16.886313166666664, 78.66504516666667], [16.886302666666666, 78.66504416666666], [16.886292333333333, 78.665043], [16.88628183333333, 78.665042], [16.886271333333333, 78.66504083333332], [16.886261, 78.66503983333334], [16.886250833333335, 78.66503883333333], [16.886240333333333, 78.66503766666666], [16.88622966666667, 78.66503666666668], [16.886219666666666, 78.66503566666667], [16.886209666666666, 78.66503466666667], [16.886199166666664, 78.66503366666667], [16.8861885, 78.66503250000001], [16.886177666666665, 78.6650315], [16.886166833333334, 78.6650305], [16.88615583333333, 78.6650295], [16.886145, 78.66502833333334], [16.886134833333333, 78.66502733333333], [16.886124833333334, 78.66502633333333], [16.886114833333334, 78.66502516666667], [16.886104666666665, 78.66502416666667], [16.88609466666667, 78.66502316666667], [16.886084333333333, 78.665022], [16.886073833333334, 78.665021], [16.886063333333333, 78.66502], [16.886052833333334, 78.66501883333333], [16.8860425, 78.66501783333334], [16.886031833333334, 78.66501666666666], [16.88602116666667, 78.66501566666668], [16.886010666666667, 78.66501450000001], [16.88600016666667, 78.6650135], [16.885989833333333, 78.6650125], [16.8859795, 78.66501133333333], [16.885969499999998, 78.66501033333334], [16.885959500000002, 78.66500933333333], [16.8859495, 78.66500833333333], [16.885939166666667, 78.66500733333334], [16.885928999999997, 78.66500616666667], [16.885918833333335, 78.66500516666666], [16.885908333333337, 78.66500416666666], [16.885898, 78.665003], [16.88588766666667, 78.665002], [16.8858775, 78.665001], [16.885867, 78.66499983333333], [16.8858565, 78.66499883333333], [16.885846, 78.66499783333333], [16.885835999999998, 78.66499666666667], [16.885825666666666, 78.66499566666667], [16.885815166666664, 78.66499466666667], [16.885804833333335, 78.66499350000001], [16.8857945, 78.6649925], [16.885784166666667, 78.66499133333333], [16.885773500000003, 78.66499016666667], [16.885763166666667, 78.66498916666666], [16.88575266666667, 78.66498816666667], [16.885742, 78.66498700000001], [16.88573116666667, 78.664986], [16.885720666666668, 78.66498499999999], [16.885710333333336, 78.66498383333332], [16.885699833333334, 78.66498283333334], [16.885689333333335, 78.66498183333333], [16.885678499999997, 78.66498066666666], [16.885667666666667, 78.66497966666667], [16.885657, 78.66497866666667], [16.885646333333334, 78.66497766666666], [16.885635833333332, 78.66497666666667], [16.8856255, 78.66497566666666], [16.885615166666664, 78.6649745], [16.885604833333332, 78.6649735], [16.885594333333334, 78.6649725], [16.885583999999998, 78.66497150000001], [16.8855735, 78.6649705], [16.88556283333333, 78.66496933333333], [16.885552166666667, 78.66496833333333], [16.885541166666666, 78.66496733333334], [16.885530333333335, 78.66496616666667], [16.88551933333333, 78.66496516666666], [16.885508333333334, 78.66496416666668], [16.885497333333333, 78.664963], [16.885486500000003, 78.664962], [16.885475666666665, 78.66496099999999], [16.885465166666666, 78.66495983333333], [16.88545483333333, 78.66495883333333], [16.885444500000002, 78.66495766666667], [16.885434166666666, 78.66495666666667], [16.885423666666668, 78.66495566666667], [16.88541316666667, 78.66495450000001], [16.8854025, 78.6649535], [16.885392000000003, 78.6649525], [16.8853815, 78.66495133333333], [16.885371000000003, 78.66495033333334], [16.885360666666667, 78.66494933333334], [16.88535016666667, 78.66494816666666], [16.885339666666667, 78.66494716666666], [16.885328833333332, 78.66494616666667], [16.885318166666664, 78.66494516666667], [16.8853075, 78.66494416666666], [16.885296666666665, 78.66494316666667], [16.885286166666667, 78.66494216666666], [16.88527583333333, 78.66494116666667], [16.885265333333333, 78.66494016666667], [16.885254666666665, 78.664939], [16.885244166666666, 78.66493799999999], [16.885233833333334, 78.664937], [16.885223333333332, 78.66493583333333], [16.885213333333336, 78.66493483333333], [16.885202833333334, 78.66493383333334], [16.885192333333336, 78.66493283333332], [16.885181833333334, 78.66493166666667], [16.885171333333336, 78.66493066666666], [16.885160666666664, 78.66492966666667], [16.88515, 78.66492866666667], [16.885139499999998, 78.66492766666667], [16.885129166666665, 78.66492666666666], [16.885118833333333, 78.66492566666668], [16.8851085, 78.66492450000001], [16.885098000000003, 78.6649235], [16.8850875, 78.6649225], [16.885077000000003, 78.6649215], [16.8850665, 78.66492033333334], [16.885056333333335, 78.66491933333333], [16.885046166666665, 78.66491816666667], [16.885035666666667, 78.66491716666665], [16.88502533333333, 78.66491599999999], [16.88501516666667, 78.66491500000001], [16.885004666666667, 78.66491383333333], [16.884993833333333, 78.66491283333333], [16.88498333333333, 78.66491166666667], [16.884972666666666, 78.66491066666667], [16.884962166666664, 78.66490966666667], [16.8849515, 78.66490866666666], [16.884941, 78.6649075], [16.8849305, 78.6649065], [16.88492, 78.6649055], [16.884909333333333, 78.66490449999999], [16.88489866666667, 78.66490333333333], [16.884888166666666, 78.66490233333334], [16.884877666666668, 78.66490133333333], [16.884867, 78.66490016666667], [16.8848565, 78.66489916666666], [16.884846, 78.66489816666667], [16.88483516666667, 78.66489716666666], [16.884824499999997, 78.66489616666667], [16.884813833333332, 78.66489516666667], [16.884802999999998, 78.66489416666667], [16.884792, 78.66489316666666], [16.884780666666664, 78.664892], [16.8847695, 78.664891], [16.88475833333333, 78.66489], [16.884747166666667, 78.66488883333334], [16.884736166666666, 78.66488783333332], [16.884725500000002, 78.66488683333334], [16.88471483333333, 78.66488566666666], [16.8847045, 78.66488466666667], [16.88469416666667, 78.66488366666667], [16.884683666666668, 78.66488266666667], [16.88467316666667, 78.6648815], [16.8846625, 78.6648805], [16.884651833333333, 78.66487933333333], [16.884641166666665, 78.66487833333333], [16.884630333333334, 78.66487716666667], [16.884619333333333, 78.66487616666667], [16.884608500000002, 78.66487516666666], [16.884597499999998, 78.664874], [16.884586833333334, 78.664873], [16.884576, 78.66487183333334], [16.8845655, 78.66487083333332], [16.884555, 78.66486983333333], [16.8845445, 78.66486883333333], [16.884534166666665, 78.66486766666667], [16.884523833333333, 78.66486666666667], [16.8845135, 78.66486549999999], [16.884503166666665, 78.66486433333333], [16.884492833333336, 78.66486316666666], [16.884482333333334, 78.66486216666667], [16.884471666666666, 78.664861], [16.884461166666664, 78.66486], [16.884450666666666, 78.66485883333333], [16.88443983333333, 78.66485783333333], [16.884429333333333, 78.66485666666668], [16.88441883333333, 78.66485566666667], [16.884408333333333, 78.6648545], [16.884397666666665, 78.66485349999999], [16.884387, 78.66485250000001], [16.8843765, 78.66485133333335], [16.884366166666666, 78.66485033333333], [16.8843555, 78.66484933333332], [16.884344666666667, 78.66484816666666], [16.88433416666667, 78.66484716666668], [16.884323666666667, 78.664846], [16.88431316666667, 78.66484483333333], [16.884302833333333, 78.66484383333334], [16.884292333333335, 78.66484283333332], [16.884282, 78.66484166666667], [16.884272333333335, 78.66484066666666], [16.884263333333333, 78.66483966666667], [16.884254833333333, 78.66483883333333], [16.884247000000002, 78.66483799999999], [16.884239333333333, 78.66483733333332], [16.884232, 78.6648365], [16.884225, 78.664836], [16.884218166666667, 78.66483533333333], [16.88421183333333, 78.66483466666666], [16.884205833333333, 78.664834], [16.88420016666667, 78.6648335], [16.884194666666666, 78.66483283333334], [16.884189166666665, 78.66483216666667], [16.884184, 78.66483166666667], [16.88417916666667, 78.66483116666667], [16.88417433333333, 78.66483050000001], [16.884169666666665, 78.66483], [16.884165333333332, 78.6648295], [16.884161, 78.664829], [16.88415666666667, 78.66482866666666], [16.884152333333336, 78.66482816666667], [16.884148166666666, 78.66482783333332], [16.884143666666667, 78.66482733333333], [16.884139666666666, 78.664827], [16.884135833333335, 78.66482666666667], [16.884132166666667, 78.66482616666667], [16.8841285, 78.66482583333332], [16.884124999999997, 78.6648255], [16.8841215, 78.66482516666666], [16.884118166666667, 78.66482483333333], [16.884114833333335, 78.6648245], [16.8841115, 78.66482416666666], [16.884108166666667, 78.66482383333333], [16.884104666666666, 78.6648235], [16.884101333333334, 78.66482316666666], [16.884098333333334, 78.66482283333333], [16.884095333333335, 78.6648225], [16.88409216666667, 78.66482216666667], [16.884088833333333, 78.66482183333332], [16.884085666666667, 78.66482166666667], [16.884082666666664, 78.66482133333334], [16.884079666666665, 78.664821], [16.88407683333333, 78.66482066666667], [16.884074333333334, 78.66482049999999], [16.884071666666667, 78.66482016666667], [16.884069, 78.66481999999999], [16.88406666666667, 78.66481966666667], [16.884064333333335, 78.66481933333333], [16.88406183333333, 78.66481916666666], [16.884059333333333, 78.66481883333333], [16.884056833333332, 78.6648185], [16.884054499999998, 78.66481833333334], [16.884052333333333, 78.66481816666666], [16.88405, 78.66481783333333], [16.884047833333334, 78.66481766666668], [16.884045833333335, 78.66481733333333], [16.884044, 78.66481716666667], [16.884042, 78.664817], [16.884039833333336, 78.66481666666667], [16.884037499999998, 78.6648165], [16.884035333333333, 78.66481633333333], [16.884033, 78.664816], [16.884030833333334, 78.66481583333332], [16.884028999999998, 78.66481566666667], [16.884026833333333, 78.6648155], [16.884025, 78.66481533333334], [16.88402316666667, 78.66481516666666], [16.88402166666667, 78.664815], [16.884019666666667, 78.66481483333334], [16.884017833333335, 78.66481466666667], [16.884016, 78.66481449999999], [16.884014333333333, 78.66481433333334], [16.884012499999997, 78.66481416666667], [16.884010999999997, 78.66481383333333], [16.88400933333333, 78.66481383333333], [16.88400783333333, 78.66481350000001], [16.884006333333332, 78.66481333333333], [16.884004833333332, 78.66481316666666], [16.884003166666666, 78.66481316666666], [16.8840015, 78.66481300000001], [16.883999833333334, 78.66481283333333], [16.883998166666668, 78.66481266666666], [16.88399666666667, 78.6648125], [16.883995333333335, 78.66481233333334], [16.88399383333333, 78.66481216666666], [16.883992499999998, 78.664812], [16.883991166666664, 78.66481183333333], [16.8839895, 78.66481166666668], [16.883988, 78.6648115], [16.883986333333333, 78.66481133333333], [16.883984666666667, 78.66481116666667], [16.883983166666667, 78.66481116666667], [16.883982166666666, 78.664811], [16.883980833333332, 78.66481083333333], [16.883979500000002, 78.66481083333333], [16.8839785, 78.66481066666667], [16.883977, 78.66481066666667], [16.883975500000002, 78.6648105], [16.883974000000002, 78.66481033333334], [16.88397266666667, 78.66481016666667], [16.88397133333333, 78.66481], [16.883969999999998, 78.66481], [16.88396883333333, 78.66480983333332], [16.8839675, 78.66480983333332], [16.8839665, 78.66480966666667], [16.883965333333332, 78.6648095], [16.883964166666665, 78.6648095], [16.883962666666665, 78.66480933333334], [16.883961333333332, 78.66480933333334], [16.883959833333332, 78.66480916666666], [16.883958500000002, 78.66480916666666], [16.883957000000002, 78.664809], [16.883956, 78.66480883333334], [16.883954833333334, 78.66480883333334], [16.883953833333333, 78.66480883333334], [16.88395266666667, 78.66480866666667], [16.883951500000002, 78.66480866666667], [16.883950333333335, 78.66480849999999], [16.883948999999998, 78.66480849999999], [16.883947499999998, 78.66480833333334], [16.883946166666664, 78.66480833333334], [16.883945, 78.66480816666667], [16.883943833333333, 78.66480816666667], [16.883942666666666, 78.664808], [16.883941666666665, 78.664808], [16.883940666666668, 78.66480783333333], [16.883939666666667, 78.66480783333333], [16.883938666666666, 78.66480783333333], [16.883937666666668, 78.66480766666668], [16.883936666666667, 78.66480766666668], [16.883935666666666, 78.66480750000001], [16.88393466666667, 78.66480750000001], [16.8839335, 78.66480750000001], [16.883932333333334, 78.66480750000001], [16.883931166666667, 78.66480750000001], [16.883930000000003, 78.66480733333333], [16.883928833333336, 78.66480733333333], [16.883927500000002, 78.66480733333333], [16.883926499999998, 78.66480733333333], [16.88392533333333, 78.66480733333333], [16.883924333333333, 78.66480716666666], [16.883923499999998, 78.66480716666666], [16.883922833333333, 78.66480716666666], [16.883921833333332, 78.66480700000001], [16.883921, 78.66480700000001], [16.883920333333332, 78.66480700000001], [16.883919, 78.66480700000001], [16.883918166666668, 78.66480683333333], [16.883916833333334, 78.66480683333333], [16.883915833333333, 78.66480666666666], [16.883915000000002, 78.66480666666666], [16.883914, 78.66480666666666], [16.883913166666666, 78.66480666666666], [16.8839125, 78.6648065], [16.883911666666666, 78.6648065], [16.883910833333335, 78.66480633333335], [16.88391, 78.66480633333335], [16.88390916666667, 78.66480633333335], [16.883908, 78.66480633333335], [16.883907166666667, 78.66480616666666], [16.883906333333336, 78.66480616666666], [16.883905666666667, 78.66480616666666], [16.883905000000002, 78.66480616666666], [16.883904166666664, 78.66480616666666], [16.88390383333333, 78.66480616666666], [16.883903166666666, 78.664806], [16.88390283333333, 78.664806], [16.88390233333333, 78.664806], [16.883902, 78.664806], [16.883901666666667, 78.664806], [16.8839015, 78.66480583333333], [16.883901166666664, 78.66480566666668], [16.883900833333332, 78.66480566666668], [16.8839005, 78.66480566666668], [16.883900166666667, 78.66480566666668], [16.8838995, 78.66480566666668], [16.883898833333333, 78.66480566666668], [16.88389833333333, 78.66480566666668], [16.883897833333332, 78.66480566666668], [16.883897333333334, 78.66480566666668], [16.883896666666665, 78.66480566666668], [16.883896333333333, 78.6648055], [16.883895666666668, 78.6648055], [16.88389533333333, 78.6648055], [16.883894833333333, 78.6648055], [16.8838945, 78.66480533333333], [16.883894166666668, 78.66480533333333], [16.883893333333333, 78.66480533333333], [16.883892833333334, 78.66480533333333], [16.883892, 78.66480533333333], [16.883891333333334, 78.66480516666667], [16.883890333333333, 78.66480516666667], [16.883889500000002, 78.66480516666667], [16.883888833333334, 78.66480516666667], [16.88388816666667, 78.66480516666667], [16.883887666666666, 78.66480499999999], [16.883887333333334, 78.66480499999999], [16.883886833333335, 78.66480499999999], [16.883886333333333, 78.66480499999999], [16.883885833333334, 78.66480483333333], [16.88388516666667, 78.66480483333333], [16.8838845, 78.66480466666667], [16.88388366666667, 78.66480466666667], [16.883883333333333, 78.66480466666667], [16.88388266666667, 78.66480466666667], [16.88388216666667, 78.66480466666667], [16.883881666666664, 78.66480466666667], [16.883881, 78.66480466666667], [16.8838805, 78.66480466666667], [16.88387983333333, 78.66480466666667], [16.883879, 78.6648045], [16.883878499999998, 78.6648045], [16.883877666666667, 78.6648045], [16.88387733333333, 78.6648045], [16.883876666666666, 78.6648045], [16.88387583333333, 78.6648045], [16.883875333333332, 78.66480433333332], [16.883874666666667, 78.66480433333332], [16.883873666666666, 78.66480433333332], [16.883873, 78.66480433333332], [16.8838725, 78.66480433333332], [16.883871833333334, 78.66480433333332], [16.88387133333333, 78.66480433333332], [16.883870666666667, 78.66480433333332], [16.883870166666668, 78.66480433333332], [16.883869333333333, 78.66480433333332], [16.883868666666668, 78.66480433333332], [16.883868, 78.66480416666667], [16.883867000000002, 78.66480433333332], [16.883866166666667, 78.66480416666667], [16.883865, 78.66480416666667], [16.883864000000003, 78.66480433333332], [16.883863, 78.66480433333332], [16.883862166666667, 78.66480433333332], [16.883861333333336, 78.66480416666667], [16.8838605, 78.66480416666667], [16.883859500000003, 78.66480416666667], [16.8838585, 78.66480416666667], [16.883857499999998, 78.66480416666667], [16.88385633333333, 78.66480416666667], [16.883855166666667, 78.66480416666667], [16.883854333333332, 78.664804], [16.88385333333333, 78.664804], [16.883852166666667, 78.664804], [16.883851166666666, 78.664804], [16.883849833333333, 78.664804], [16.8838485, 78.664804], [16.883847, 78.66480383333332], [16.8838455, 78.66480383333332], [16.883844, 78.66480383333332], [16.8838425, 78.66480366666666], [16.883840666666668, 78.66480366666666], [16.883839166666668, 78.6648035], [16.88383766666667, 78.6648035], [16.883836166666665, 78.66480333333334], [16.883834666666665, 78.66480333333334], [16.883833499999998, 78.66480333333334], [16.883831833333332, 78.66480333333334], [16.883830333333332, 78.66480316666666], [16.883828666666666, 78.66480316666666], [16.883827166666666, 78.66480299999999], [16.883825833333333, 78.66480299999999], [16.8838245, 78.66480283333334], [16.883823333333332, 78.66480283333334], [16.883822333333335, 78.66480283333334], [16.883821166666667, 78.66480283333334], [16.88382, 78.66480266666667], [16.883818833333333, 78.66480266666667], [16.883817500000003, 78.66480266666667], [16.883816333333336, 78.6648025], [16.88381516666667, 78.6648025], [16.88381433333333, 78.6648025], [16.883813333333332, 78.6648025], [16.883812499999998, 78.66480233333333], [16.8838115, 78.66480233333333], [16.883810666666665, 78.66480233333333], [16.883809666666664, 78.66480216666668], [16.8838085, 78.66480216666668], [16.8838075, 78.66480216666668], [16.8838065, 78.66480216666668], [16.883805666666667, 78.664802], [16.883804833333333, 78.66480183333333], [16.883804, 78.66480183333333], [16.883803333333333, 78.66480183333333], [16.883802833333334, 78.66480183333333], [16.883802, 78.66480183333333], [16.883801000000002, 78.66480166666666], [16.883800166666667, 78.66480166666666], [16.883799166666666, 78.66480166666666], [16.883798000000002, 78.66480166666666], [16.883797, 78.66480150000001], [16.883796166666666, 78.66480150000001], [16.883795333333335, 78.66480150000001], [16.883794833333333, 78.66480150000001], [16.883794166666668, 78.66480133333333], [16.883793166666667, 78.66480133333333], [16.88379216666667, 78.66480133333333], [16.883791166666665, 78.66480133333333], [16.883789999999998, 78.66480116666666], [16.88378883333333, 78.66480116666666], [16.883787833333333, 78.66480116666666], [16.883786666666666, 78.664801], [16.883785666666665, 78.664801], [16.883784666666667, 78.664801], [16.883783666666666, 78.664801], [16.8837825, 78.66480083333333], [16.8837815, 78.66480083333333], [16.8837805, 78.66480066666666], [16.8837795, 78.66480066666666], [16.883778166666666, 78.66480066666666], [16.883777000000002, 78.6648005], [16.883775833333335, 78.6648005], [16.883774833333334, 78.66480033333333], [16.883773666666666, 78.66480033333333], [16.88377266666667, 78.66480033333333], [16.8837715, 78.66480016666667], [16.883770333333334, 78.66480016666667], [16.883769166666664, 78.6648], [16.883768, 78.6648], [16.883767, 78.6648], [16.883765666666665, 78.66479983333333], [16.883764666666664, 78.66479983333333], [16.8837635, 78.66479966666667], [16.883762333333333, 78.6647995], [16.883761333333332, 78.6647995], [16.88376033333333, 78.6647995], [16.883759333333334, 78.66479933333333], [16.883758333333333, 78.66479933333333], [16.883757166666665, 78.66479916666667], [16.883756166666668, 78.66479899999999], [16.883755333333333, 78.66479899999999], [16.883754333333332, 78.66479883333334], [16.883753333333335, 78.66479866666667], [16.8837525, 78.6647985], [16.88375166666667, 78.6647985], [16.883750833333334, 78.66479833333332], [16.883749833333333, 78.66479833333332], [16.883749, 78.66479816666667], [16.883748333333333, 78.664798], [16.883747500000002, 78.664798], [16.883746666666664, 78.66479783333332], [16.883745833333332, 78.66479783333332], [16.883744999999998, 78.66479766666666], [16.883744333333333, 78.6647975], [16.883743499999998, 78.66479733333334], [16.883743, 78.66479716666666], [16.8837425, 78.664797], [16.883742166666664, 78.664797], [16.8837415, 78.66479683333334], [16.88374083333333, 78.66479666666667], [16.88374, 78.6647965], [16.883739166666665, 78.6647965], [16.883738, 78.66479633333333], [16.883737, 78.66479616666668], [16.883736166666665, 78.664796], [16.883735666666666, 78.66479583333333], [16.883735166666668, 78.66479583333333], [16.883734666666665, 78.66479566666666], [16.883734333333333, 78.66479550000001], [16.883733666666668, 78.66479516666666], [16.883733, 78.664795], [16.8837325, 78.66479483333333], [16.8837315, 78.66479466666667], [16.88373066666667, 78.6647945], [16.88373, 78.6647945], [16.88372916666667, 78.66479433333333], [16.8837285, 78.66479416666667], [16.883727833333335, 78.664794], [16.883727166666667, 78.66479383333333], [16.883726333333335, 78.66479383333333], [16.8837255, 78.66479366666667], [16.88372466666667, 78.6647935], [16.883723999999997, 78.66479316666667], [16.883723166666666, 78.66479299999999], [16.883722499999998, 78.66479299999999], [16.883722166666665, 78.66479283333334], [16.883721666666666, 78.66479266666667], [16.883721166666664, 78.6647925], [16.88372083333333, 78.66479233333332], [16.883720166666667, 78.66479216666667], [16.883719666666664, 78.664792], [16.883719166666666, 78.66479183333333], [16.8837185, 78.66479166666666], [16.883718, 78.66479166666666], [16.8837175, 78.6647915], [16.883717, 78.66479133333334], [16.883716666666665, 78.66479133333334], [16.8837165, 78.66479116666666], [16.883716, 78.664791], [16.883715166666665, 78.66479083333334], [16.883714333333334, 78.66479066666668], [16.8837135, 78.66479066666668], [16.883712833333334, 78.6647905], [16.883712, 78.66479033333333], [16.883711333333334, 78.66479033333333], [16.883710833333335, 78.66479016666668], [16.883710333333333, 78.66479], [16.88371, 78.66479], [16.883709333333336, 78.66478983333333], [16.883708666666667, 78.66478966666666], [16.883707833333336, 78.66478950000001], [16.883707, 78.66478933333333], [16.883706166666666, 78.66478933333333], [16.883705333333335, 78.66478916666667], [16.883704333333334, 78.664789], [16.883703833333335, 78.664789], [16.883703, 78.66478883333333], [16.883702333333336, 78.66478866666667], [16.883701499999997, 78.6647885], [16.883700833333332, 78.66478833333333], [16.883699999999997, 78.66478816666667], [16.883699166666666, 78.664788], [16.883698166666665, 78.664788], [16.883697333333334, 78.66478783333334], [16.8836965, 78.66478766666667], [16.883695666666664, 78.66478766666667], [16.883694666666667, 78.6647875], [16.8836935, 78.66478733333334], [16.8836925, 78.66478716666667], [16.8836915, 78.66478716666667], [16.8836905, 78.66478699999999], [16.8836895, 78.66478683333334], [16.883688666666668, 78.66478666666667], [16.883687833333333, 78.6647865], [16.883687333333334, 78.6647865], [16.883686833333336, 78.66478633333332], [16.883686333333333, 78.66478616666667], [16.883686, 78.66478616666667], [16.883685500000002, 78.664786], [16.883684833333334, 78.66478583333333], [16.883684000000002, 78.66478566666666], [16.883683, 78.66478550000001], [16.883682, 78.66478533333334], [16.883681000000003, 78.66478533333334], [16.883680000000002, 78.66478516666666], [16.883679333333337, 78.664785], [16.883678666666665, 78.664785], [16.883677833333333, 78.66478483333334], [16.883677166666665, 78.66478483333334], [16.883676166666664, 78.66478483333334], [16.883675166666666, 78.66478466666668], [16.883674499999998, 78.66478466666668], [16.8836735, 78.6647845], [16.883672833333332, 78.6647845], [16.883672166666667, 78.66478433333333], [16.883671666666665, 78.66478433333333], [16.883671166666666, 78.66478416666668], [16.8836705, 78.66478416666668], [16.883670166666665, 78.664784], [16.8836695, 78.664784], [16.883668833333335, 78.664784], [16.883668166666666, 78.66478383333333], [16.8836675, 78.66478383333333], [16.883666666666667, 78.66478383333333], [16.883666, 78.66478366666666], [16.883665166666667, 78.66478366666666], [16.883664666666668, 78.66478350000001], [16.883664166666666, 78.66478350000001], [16.883663666666667, 78.66478333333333], [16.883663000000002, 78.66478333333333], [16.8836625, 78.66478333333333], [16.883661500000002, 78.66478333333333], [16.883660833333334, 78.66478333333333], [16.883660000000003, 78.66478316666667], [16.883659333333334, 78.66478316666667], [16.88365866666667, 78.66478316666667], [16.883658333333337, 78.66478333333333], [16.883657833333334, 78.66478316666667], [16.883657333333336, 78.66478316666667], [16.883656833333337, 78.66478316666667], [16.883656166666665, 78.66478316666667], [16.8836555, 78.664783], [16.883654666666665, 78.664783], [16.883653666666664, 78.66478283333332], [16.883652833333333, 78.66478283333332], [16.883651999999998, 78.66478266666667], [16.883651333333333, 78.66478266666667], [16.883650666666664, 78.66478266666667], [16.883650166666666, 78.6647825], [16.8836495, 78.6647825], [16.883648833333332, 78.66478233333333], [16.883648, 78.66478233333333], [16.883647, 78.66478233333333], [16.883646, 78.66478233333333], [16.883644833333335, 78.66478233333333], [16.883643833333334, 78.66478233333333], [16.883642833333333, 78.66478216666665], [16.883642333333334, 78.66478216666665], [16.883641833333336, 78.66478216666665], [16.883641333333333, 78.66478216666665], [16.883640833333335, 78.664782], [16.883640166666666, 78.66478183333334], [16.883639333333335, 78.66478183333334], [16.883638333333334, 78.66478183333334], [16.883637333333336, 78.66478166666667], [16.883636333333335, 78.66478166666667], [16.8836355, 78.66478166666667], [16.883634500000003, 78.66478149999999], [16.883633666666665, 78.66478149999999], [16.883633, 78.66478149999999], [16.883632499999997, 78.66478149999999], [16.883631666666666, 78.66478133333334], [16.883630666666665, 78.66478133333334], [16.883629833333334, 78.66478133333334], [16.883629166666665, 78.66478133333334], [16.883628333333334, 78.66478133333334], [16.883627833333332, 78.66478116666667], [16.883627333333333, 78.66478116666667], [16.883626833333334, 78.66478116666667], [16.883626666666665, 78.66478116666667], [16.883626166666666, 78.66478116666667], [16.883625666666667, 78.66478116666667], [16.883624833333332, 78.66478099999999], [16.883624333333334, 78.66478099999999], [16.883623833333335, 78.66478099999999], [16.8836235, 78.66478083333332], [16.883623166666666, 78.66478083333332], [16.883623, 78.66478083333332], [16.883622666666668, 78.66478083333332], [16.883622333333335, 78.66478066666667], [16.883621666666667, 78.66478066666667], [16.883620833333335, 78.66478066666667], [16.88362, 78.66478066666667], [16.883619333333336, 78.66478066666667], [16.8836185, 78.6647805], [16.883617833333336, 78.6647805], [16.883617166666667, 78.6647805], [16.883616833333335, 78.6647805], [16.883616333333336, 78.66478066666667], [16.883615833333334, 78.66478066666667], [16.88361516666667, 78.6647805], [16.883614166666668, 78.6647805], [16.883613166666667, 78.6647805], [16.88361216666667, 78.66478033333333], [16.883611, 78.66478033333333], [16.883609999999997, 78.66478033333333], [16.883609166666666, 78.66478016666666], [16.883608499999998, 78.66478016666666], [16.883607833333333, 78.66478016666666], [16.883607333333334, 78.66478000000001], [16.8836065, 78.66478000000001], [16.883605499999998, 78.66478000000001], [16.883604333333334, 78.66478000000001], [16.883603333333333, 78.66477983333333], [16.883602166666666, 78.66477983333333], [16.883601333333335, 78.66477983333333], [16.8836005, 78.66477983333333], [16.883599666666665, 78.66477983333333], [16.883598833333334, 78.66477983333333], [16.883598166666665, 78.66477983333333], [16.8835975, 78.66477983333333], [16.883596666666666, 78.66477966666666], [16.883595666666668, 78.66477966666666], [16.883594833333333, 78.6647795], [16.883593833333336, 78.6647795], [16.883593, 78.66477933333334], [16.883592333333336, 78.66477933333334], [16.883591833333334, 78.66477933333334], [16.88359116666667, 78.66477916666666], [16.8835905, 78.66477916666666], [16.88358966666667, 78.66477916666666], [16.883588666666665, 78.66477916666666], [16.883587666666664, 78.66477916666666], [16.883586666666666, 78.66477916666666], [16.8835855, 78.66477916666666], [16.883584166666665, 78.664779], [16.883583166666664, 78.664779], [16.883582333333333, 78.664779], [16.883581333333332, 78.664779], [16.883580666666667, 78.664779], [16.883579833333332, 78.664779], [16.883578833333335, 78.66477883333333], [16.883578166666666, 78.66477883333333], [16.883577333333335, 78.66477883333333], [16.883576666666666, 78.66477866666668], [16.883575833333335, 78.66477866666668], [16.883575, 78.6647785], [16.883574166666666, 78.6647785], [16.8835735, 78.6647785], [16.883572666666666, 78.66477833333333], [16.883572, 78.66477833333333], [16.883571166666666, 78.66477833333333], [16.883570333333335, 78.66477816666666], [16.883569166666668, 78.66477816666666], [16.883568333333336, 78.66477816666666], [16.8835675, 78.66477816666666], [16.883566166666665, 78.66477816666666], [16.8835655, 78.664778], [16.8835645, 78.664778], [16.883563666666664, 78.66477783333333], [16.883563, 78.66477783333333], [16.883562333333334, 78.66477783333333], [16.883561666666665, 78.66477783333333], [16.883561166666667, 78.66477766666667], [16.88356033333333, 78.66477766666667], [16.883559666666667, 78.66477766666667], [16.883558833333332, 78.66477766666667], [16.883558, 78.66477766666667], [16.883557166666666, 78.6647775], [16.883556166666665, 78.6647775], [16.883555333333334, 78.6647775], [16.883554666666665, 78.6647775], [16.883553833333334, 78.6647775], [16.883553, 78.66477733333333], [16.883552166666668, 78.66477733333333], [16.883551166666667, 78.66477733333333], [16.883550333333336, 78.66477733333333], [16.883549333333335, 78.66477716666667], [16.883548333333334, 78.66477716666667], [16.883547500000002, 78.66477716666667], [16.883546833333334, 78.66477716666667], [16.883546333333335, 78.66477716666667], [16.883545666666667, 78.66477716666667], [16.883544833333335, 78.66477716666667], [16.88354383333333, 78.66477716666667], [16.883543, 78.664777], [16.883542166666665, 78.664777], [16.883541333333334, 78.664777], [16.883540333333332, 78.66477683333332], [16.883539499999998, 78.66477683333332], [16.883538666666666, 78.66477683333332], [16.88353783333333, 78.66477683333332], [16.883537, 78.66477666666667], [16.883536166666666, 78.66477666666667], [16.883535166666665, 78.66477666666667], [16.883534166666667, 78.6647765], [16.8835335, 78.6647765], [16.883532833333334, 78.6647765], [16.883532333333335, 78.66477633333334], [16.883532, 78.66477633333334], [16.8835315, 78.66477633333334], [16.883531, 78.66477616666666], [16.883530166666667, 78.66477616666666], [16.883529333333335, 78.664776], [16.883528000000002, 78.664776], [16.88352666666667, 78.664776], [16.8835255, 78.66477583333334], [16.8835245, 78.66477583333334], [16.883523500000003, 78.66477583333334], [16.8835225, 78.66477583333334], [16.883521833333337, 78.66477566666667], [16.883521, 78.66477566666667], [16.883519999999997, 78.66477566666667], [16.883519166666666, 78.66477549999999], [16.883518499999997, 78.66477549999999], [16.883518, 78.66477549999999], [16.883517333333334, 78.66477533333334], [16.883516999999998, 78.66477533333334], [16.883516333333333, 78.66477516666667], [16.883515666666664, 78.66477516666667], [16.883515, 78.66477516666667], [16.883513999999998, 78.66477499999999], [16.883513166666667, 78.66477499999999], [16.883512, 78.66477483333333], [16.883510833333332, 78.66477483333333], [16.88351, 78.66477483333333], [16.883509166666666, 78.66477466666667], [16.8835085, 78.66477466666667], [16.883507833333333, 78.66477466666667], [16.883507333333334, 78.66477466666667], [16.883506833333335, 78.66477450000001], [16.8835065, 78.66477450000001], [16.883506166666667, 78.66477433333333], [16.883505666666668, 78.66477433333333], [16.883505166666666, 78.66477433333333], [16.8835045, 78.66477416666666], [16.883503833333336, 78.66477416666666], [16.883502833333335, 78.66477416666666], [16.883502, 78.66477400000001], [16.883501333333335, 78.66477400000001], [16.883500333333334, 78.66477383333333], [16.883499500000003, 78.66477366666666], [16.883498333333332, 78.66477366666666], [16.883497666666663, 78.6647735], [16.883497, 78.6647735], [16.8834965, 78.6647735], [16.88349583333333, 78.6647735], [16.883495166666666, 78.66477333333334], [16.883494499999998, 78.66477333333334], [16.883494, 78.66477333333334], [16.883493333333334, 78.66477333333334], [16.883492666666665, 78.66477316666666], [16.883491833333334, 78.66477316666666], [16.883491166666666, 78.664773], [16.883490333333334, 78.66477283333333], [16.8834895, 78.66477283333333], [16.8834885, 78.66477266666668], [16.883487333333335, 78.66477266666668], [16.883486166666668, 78.6647725], [16.883485, 78.6647725], [16.883484166666666, 78.6647725], [16.883483166666668, 78.66477233333333], [16.8834825, 78.66477233333333], [16.883481833333335, 78.66477233333333], [16.883481166666666, 78.66477216666667], [16.8834805, 78.66477216666667], [16.883479666666666, 78.66477216666667], [16.883478833333335, 78.664772], [16.883477833333334, 78.66477183333333], [16.883476666666663, 78.66477183333333], [16.883475833333332, 78.66477166666667], [16.883475166666663, 78.6647715], [16.883474333333332, 78.6647715], [16.883473666666664, 78.66477133333333], [16.883472833333332, 78.66477116666667], [16.883471999999998, 78.66477116666667], [16.883471333333333, 78.664771], [16.883470499999998, 78.664771], [16.883469666666667, 78.664771], [16.883468666666666, 78.66477083333332], [16.883468166666667, 78.66477083333332], [16.8834675, 78.66477083333332], [16.883467, 78.66477066666667], [16.883466333333335, 78.6647705], [16.883465666666666, 78.6647705], [16.883464833333335, 78.66477033333334], [16.883464, 78.66477033333334], [16.883463333333335, 78.66477016666666], [16.8834625, 78.66477016666666], [16.883461833333335, 78.66477016666666], [16.883461166666667, 78.66477016666666], [16.883460666666668, 78.66477016666666], [16.88346, 78.66477], [16.883459333333334, 78.66477], [16.88345866666667, 78.66476983333334], [16.883457833333335, 78.66476983333334], [16.883457, 78.66476966666667], [16.88345616666667, 78.66476966666667], [16.88345566666667, 78.66476966666667], [16.883455, 78.66476949999999], [16.88345466666667, 78.66476949999999], [16.883454333333336, 78.66476949999999], [16.883453999999997, 78.66476949999999], [16.883453499999998, 78.66476933333334], [16.883452666666667, 78.66476933333334], [16.883451666666666, 78.66476933333334], [16.8834505, 78.66476933333334], [16.883449499999998, 78.66476916666667], [16.883448333333334, 78.66476916666667], [16.883447333333333, 78.66476899999999], [16.883446499999998, 78.66476899999999], [16.883445833333333, 78.66476883333333], [16.8834455, 78.66476883333333], [16.883444833333332, 78.66476866666667], [16.8834445, 78.66476866666667], [16.883443833333335, 78.66476850000001], [16.883443333333332, 78.66476833333333], [16.8834425, 78.66476833333333], [16.883441833333332, 78.66476833333333], [16.883441166666667, 78.66476833333333], [16.883440166666666, 78.66476833333333], [16.883439, 78.66476833333333], [16.883437833333335, 78.66476816666666], [16.883436666666668, 78.66476816666666], [16.883435333333335, 78.66476800000001], [16.883434166666667, 78.66476800000001], [16.88343316666667, 78.66476783333333], [16.88343216666667, 78.66476783333333], [16.88343133333333, 78.66476783333333], [16.883430833333332, 78.66476766666666], [16.883430166666667, 78.66476766666666], [16.883429666666665, 78.66476766666666], [16.883429, 78.6647675], [16.88342833333333, 78.6647675], [16.883427333333334, 78.6647675], [16.883426333333333, 78.66476733333334], [16.883425166666665, 78.66476733333334], [16.883423999999998, 78.66476716666666], [16.883423, 78.66476716666666], [16.883422, 78.66476716666666], [16.883421333333335, 78.664767], [16.883420333333333, 78.664767], [16.88341966666667, 78.66476683333333], [16.883419166666666, 78.66476683333333], [16.883418666666667, 78.66476666666668], [16.88341816666667, 78.66476666666668], [16.8834175, 78.66476666666668], [16.88341666666667, 78.66476666666668], [16.883416, 78.66476666666668], [16.883415333333335, 78.66476666666668], [16.883414666666667, 78.66476666666668], [16.88341366666667, 78.6647665], [16.88341266666667, 78.6647665], [16.883411666666667, 78.6647665], [16.883410833333336, 78.66476633333333], [16.883410166666668, 78.66476633333333], [16.883409333333336, 78.66476633333333], [16.883408666666664, 78.66476616666667], [16.883408166666666, 78.664766], [16.883407666666667, 78.664766], [16.88340733333333, 78.664766], [16.883406833333332, 78.664766], [16.8834065, 78.664766], [16.88340583333333, 78.664766], [16.883405166666666, 78.66476583333333], [16.88340433333333, 78.66476583333333], [16.883403333333334, 78.66476583333333], [16.8834025, 78.66476566666667], [16.883401666666668, 78.66476566666667], [16.883400666666667, 78.6647655], [16.883399666666666, 78.6647655], [16.883399166666667, 78.66476533333334], [16.883398666666668, 78.66476533333334], [16.883398166666666, 78.66476533333334], [16.883397833333333, 78.66476516666667], [16.88339716666667, 78.66476516666667], [16.883396666666666, 78.664765], [16.883395833333335, 78.664765], [16.883395166666666, 78.664765], [16.88339416666667, 78.66476483333332], [16.883393333333334, 78.66476466666667], [16.883391833333334, 78.66476466666667], [16.883391, 78.6647645], [16.883390000000002, 78.6647645], [16.883389, 78.66476433333334], [16.88338816666667, 78.66476433333334], [16.88338716666667, 78.66476416666666], [16.88338666666667, 78.66476416666666], [16.88338583333333, 78.664764], [16.883385333333333, 78.66476383333334], [16.883384666666664, 78.66476383333334], [16.883384333333332, 78.66476366666667], [16.883383666666667, 78.66476366666667], [16.883382833333332, 78.66476349999999], [16.883381999999997, 78.66476333333334], [16.883381, 78.66476333333334], [16.883380166666665, 78.66476333333334], [16.883379166666668, 78.66476316666667], [16.883378166666667, 78.66476316666667], [16.883377166666666, 78.66476316666667], [16.883376666666667, 78.66476316666667], [16.883376, 78.664763], [16.883375333333333, 78.664763], [16.88337466666667, 78.66476283333333], [16.883373833333334, 78.66476266666668], [16.883372833333333, 78.66476250000001], [16.883371833333335, 78.66476250000001], [16.883370833333334, 78.66476250000001], [16.88337, 78.66476250000001], [16.883369333333334, 78.66476250000001], [16.883368833333336, 78.66476250000001], [16.883368333333333, 78.66476233333333], [16.88336766666667, 78.66476233333333], [16.88336716666667, 78.66476216666666], [16.883366333333335, 78.66476200000001], [16.88336566666667, 78.66476183333333], [16.88336466666667, 78.66476183333333], [16.88336383333333, 78.66476166666666], [16.883363166666665, 78.6647615], [16.883362833333333, 78.6647615], [16.883362666666667, 78.6647615], [16.88336233333333, 78.6647615], [16.883361999999998, 78.6647615], [16.883361333333333, 78.6647615], [16.883360666666665, 78.66476133333335], [16.883359666666667, 78.66476133333335], [16.883358666666666, 78.66476116666666], [16.8833575, 78.664761], [16.883356666666668, 78.66476083333333], [16.883356, 78.66476066666668], [16.8833555, 78.66476066666668], [16.883355166666668, 78.66476066666668], [16.883354833333332, 78.66476066666668], [16.883354333333333, 78.6647605], [16.883353833333334, 78.6647605], [16.883353333333332, 78.66476033333333], [16.883352333333335, 78.66476033333333], [16.8833515, 78.66476016666667], [16.8833505, 78.66476016666667], [16.8833495, 78.66475999999999], [16.883348666666667, 78.66475983333333], [16.883348166666668, 78.66475966666667], [16.88334766666667, 78.66475966666667], [16.883347166666667, 78.66475966666667], [16.883346666666668, 78.6647595], [16.88334616666667, 78.66475933333332], [16.883345333333335, 78.66475933333332], [16.8833445, 78.66475916666667], [16.883343833333335, 78.664759], [16.883342833333334, 78.66475883333332], [16.883341833333336, 78.66475883333332], [16.883341166666664, 78.66475866666666], [16.8833405, 78.6647585], [16.88333983333333, 78.6647585], [16.883339166666666, 78.6647585], [16.883338499999997, 78.66475833333334], [16.8833375, 78.66475833333334], [16.8833365, 78.66475816666666], [16.883335666666667, 78.66475816666666], [16.883334833333333, 78.66475799999999], [16.883333999999998, 78.66475799999999], [16.8833335, 78.66475783333334], [16.883332833333334, 78.66475766666667], [16.883332333333332, 78.66475766666667], [16.8833315, 78.66475766666667], [16.883330833333332, 78.6647575], [16.88333, 78.6647575], [16.883329, 78.6647575], [16.883328, 78.66475733333333], [16.883327, 78.66475733333333], [16.883326, 78.66475716666667], [16.883325333333335, 78.66475716666667], [16.8833245, 78.664757], [16.883324, 78.664757], [16.883323333333333, 78.66475683333333], [16.883322833333335, 78.66475683333333], [16.883322333333336, 78.66475683333333], [16.883321833333333, 78.66475666666666], [16.88332116666667, 78.66475666666666], [16.8833205, 78.66475650000001], [16.883319833333335, 78.66475650000001], [16.88331916666667, 78.66475633333333], [16.883318666666664, 78.66475616666666], [16.883318166666665, 78.664756], [16.883317666666667, 78.664756], [16.88331733333333, 78.66475583333333], [16.883316833333332, 78.66475583333333], [16.883316166666667, 78.66475566666666], [16.88331583333333, 78.66475566666666], [16.883315333333332, 78.66475566666666], [16.883314666666667, 78.6647555], [16.883314166666665, 78.66475533333333], [16.8833135, 78.66475533333333], [16.88331283333333, 78.66475533333333], [16.883312, 78.66475516666667], [16.88331133333333, 78.664755], [16.883310666666667, 78.664755], [16.883309999999998, 78.66475483333333], [16.883309333333333, 78.66475483333333], [16.883308833333334, 78.66475466666667], [16.883308166666666, 78.66475466666667], [16.883307666666667, 78.6647545], [16.883307333333335, 78.6647545], [16.883306666666666, 78.6647545], [16.883306166666667, 78.6647545], [16.883305333333332, 78.66475433333333], [16.883304333333335, 78.66475433333333], [16.8833035, 78.66475433333333], [16.883302833333335, 78.66475416666667], [16.883302, 78.66475416666667], [16.883301333333335, 78.66475399999999], [16.883300833333333, 78.66475383333334], [16.883300166666668, 78.66475383333334], [16.88329966666667, 78.66475366666667], [16.883299166666667, 78.66475366666667], [16.883298333333336, 78.6647535], [16.8832975, 78.6647535], [16.88329666666667, 78.6647535], [16.883295999999998, 78.66475333333332], [16.883295166666667, 78.66475333333332], [16.883294499999998, 78.66475316666667], [16.883293833333333, 78.66475316666667], [16.883293, 78.664753], [16.883292333333333, 78.664753], [16.883291333333332, 78.664753], [16.883290499999998, 78.66475283333332], [16.8832895, 78.66475266666666], [16.883288666666665, 78.66475266666666], [16.883287833333334, 78.66475266666666], [16.88328733333333, 78.6647525], [16.883286833333333, 78.6647525], [16.883286166666668, 78.66475233333334], [16.8832855, 78.66475216666666], [16.883285, 78.66475216666666], [16.883284333333332, 78.664752], [16.8832835, 78.664752], [16.883282666666666, 78.664752], [16.883282, 78.66475183333334], [16.8832815, 78.66475183333334], [16.883280833333334, 78.66475166666667], [16.88328016666667, 78.66475166666667], [16.8832795, 78.66475166666667], [16.88327866666667, 78.6647515], [16.883278, 78.6647515], [16.883277, 78.6647515], [16.88327616666667, 78.6647515], [16.8832755, 78.66475133333333], [16.883274833333335, 78.66475133333333], [16.883273999999997, 78.66475133333333], [16.88327333333333, 78.66475116666668], [16.883272833333333, 78.66475116666668], [16.883272499999997, 78.664751], [16.883271999999998, 78.664751], [16.883271666666666, 78.66475083333333], [16.883271333333333, 78.66475083333333], [16.88327083333333, 78.66475066666666], [16.883270166666666, 78.66475066666666], [16.883269666666667, 78.66475050000001], [16.883269166666665, 78.66475050000001], [16.883268833333332, 78.66475033333333], [16.883268333333334, 78.66475033333333], [16.88326783333333, 78.66475016666666], [16.8832675, 78.66475016666666], [16.883267, 78.66475016666666], [16.883266666666668, 78.66475], [16.883266, 78.66474983333333], [16.883265166666668, 78.66474983333333], [16.883264333333333, 78.66474966666667], [16.883263499999998, 78.66474966666667], [16.883263, 78.6647495], [16.883262333333334, 78.6647495], [16.883261666666666, 78.6647495], [16.883260833333335, 78.66474933333333], [16.883260333333332, 78.66474933333333], [16.883259833333334, 78.66474916666667], [16.88325916666667, 78.66474916666667], [16.883258333333334, 78.664749], [16.88325766666667, 78.664749], [16.883257166666667, 78.66474883333333], [16.883256333333335, 78.66474883333333], [16.8832555, 78.66474883333333], [16.88325466666667, 78.66474866666667], [16.883253833333335, 78.6647485], [16.88325316666667, 78.6647485], [16.8832525, 78.66474833333334], [16.88325166666667, 78.66474833333334], [16.883250999999998, 78.66474816666667], [16.883250333333333, 78.66474816666667], [16.883249666666664, 78.66474799999999], [16.883249, 78.66474799999999], [16.883248166666665, 78.66474799999999], [16.883247166666667, 78.66474783333334], [16.883246166666666, 78.66474766666667], [16.883245166666665, 78.66474766666667], [16.883244166666667, 78.66474766666667], [16.883243333333333, 78.6647475], [16.883242499999998, 78.66474733333332], [16.883241833333333, 78.66474733333332], [16.8832415, 78.66474716666667], [16.883240999999998, 78.66474716666667], [16.8832405, 78.66474716666667], [16.88324, 78.664747], [16.883239166666666, 78.664747], [16.88323816666667, 78.66474683333333], [16.883237166666667, 78.66474683333333], [16.883236333333333, 78.66474666666666], [16.883235666666668, 78.66474666666666], [16.883235, 78.66474666666666], [16.883234333333334, 78.6647465], [16.883234, 78.6647465], [16.88323366666667, 78.6647465], [16.883233333333333, 78.66474633333334], [16.883232833333334, 78.66474633333334], [16.883232333333336, 78.66474616666666], [16.883231666666667, 78.664746], [16.883231000000002, 78.664746], [16.883230333333334, 78.66474583333334], [16.883229500000002, 78.66474583333334], [16.883228666666664, 78.66474583333334], [16.883228, 78.66474566666668], [16.883227499999997, 78.66474566666668], [16.883226999999998, 78.66474566666668], [16.883226666666665, 78.6647455], [16.883226166666667, 78.66474533333333], [16.883225666666664, 78.66474533333333], [16.883225, 78.66474516666668], [16.883224166666665, 78.66474516666668], [16.883223166666667, 78.66474516666668], [16.883222333333332, 78.664745], [16.883221166666665, 78.664745], [16.883220333333334, 78.66474483333333], [16.8832195, 78.66474483333333], [16.883219, 78.66474466666666], [16.883218499999998, 78.66474466666666], [16.883218166666666, 78.66474466666666], [16.883217666666667, 78.66474450000001], [16.883217166666668, 78.66474450000001], [16.883216333333333, 78.66474433333333], [16.883215333333332, 78.66474433333333], [16.8832145, 78.66474416666667], [16.8832135, 78.66474416666667], [16.8832125, 78.664744], [16.883211333333335, 78.664744], [16.8832105, 78.664744], [16.883209833333336, 78.66474383333333], [16.883209333333333, 78.66474366666667], [16.883208833333335, 78.66474366666667], [16.883208333333336, 78.6647435], [16.883207833333334, 78.6647435], [16.883207000000002, 78.66474333333333], [16.883206166666664, 78.66474333333333], [16.883205333333333, 78.66474316666667], [16.88320433333333, 78.66474316666667], [16.883203166666664, 78.66474316666667], [16.883202, 78.664743], [16.883201166666666, 78.664743], [16.8832005, 78.664743], [16.883200166666665, 78.66474283333334], [16.8832, 78.66474283333334], [16.883199666666666, 78.66474266666667], [16.883199333333334, 78.66474266666667], [16.883199, 78.66474266666667], [16.8831985, 78.66474266666667], [16.8831975, 78.6647425], [16.8831965, 78.6647425], [16.883195666666666, 78.6647425], [16.883194833333334, 78.6647425], [16.883194166666666, 78.66474233333334], [16.883194, 78.66474233333334], [16.883193666666667, 78.66474233333334], [16.8831935, 78.66474216666667], [16.883193333333335, 78.66474199999999], [16.883192833333332, 78.66474199999999], [16.8831925, 78.66474199999999], [16.88319166666667, 78.66474183333334], [16.883190833333334, 78.66474183333334], [16.883189833333333, 78.66474183333334], [16.883189, 78.66474166666667], [16.883188333333333, 78.66474166666667], [16.883187833333334, 78.66474166666667], [16.883187333333336, 78.6647415], [16.883186833333333, 78.6647415], [16.8831865, 78.66474133333332], [16.883186000000002, 78.66474133333332], [16.883185333333333, 78.66474133333332], [16.883184500000002, 78.66474116666667], [16.88318333333333, 78.66474116666667], [16.88318233333333, 78.66474116666667], [16.883181333333333, 78.664741], [16.883180333333332, 78.664741], [16.88317933333333, 78.664741], [16.883179, 78.66474083333333], [16.883178833333332, 78.66474083333333], [16.8831785, 78.66474066666666], [16.883178, 78.66474066666666], [16.8831775, 78.66474050000001], [16.883176666666667, 78.66474033333334], [16.883175666666666, 78.66474016666666], [16.883174666666665, 78.66474016666666], [16.8831735, 78.66474], [16.883172333333334, 78.66474], [16.883171333333333, 78.66473983333334], [16.883170500000002, 78.66473983333334], [16.88317, 78.66473983333334], [16.8831695, 78.66473983333334], [16.883169000000002, 78.66473966666668], [16.883168333333334, 78.66473966666668], [16.88316766666667, 78.6647395], [16.883166666666668, 78.66473933333333], [16.883165666666667, 78.66473933333333], [16.883164833333336, 78.66473916666668], [16.883163500000002, 78.66473916666668], [16.883162666666667, 78.664739], [16.88316166666667, 78.66473883333333], [16.883160999999998, 78.66473883333333], [16.883160666666665, 78.66473883333333], [16.883160166666666, 78.66473866666666], [16.883159499999998, 78.66473866666666], [16.883158833333333, 78.66473850000001], [16.883157999999998, 78.66473833333333], [16.883157, 78.66473833333333], [16.883156166666666, 78.66473816666667], [16.883155166666665, 78.66473816666667], [16.883154333333334, 78.66473816666667], [16.8831535, 78.664738], [16.883153, 78.664738], [16.883152666666668, 78.664738], [16.88315233333333, 78.66473783333332], [16.883152166666665, 78.66473783333332], [16.883151666666667, 78.66473766666667], [16.883151, 78.66473766666667], [16.883150166666667, 78.6647375], [16.883149166666666, 78.6647375], [16.88314816666667, 78.66473733333333], [16.8831475, 78.66473733333333], [16.88314666666667, 78.66473733333333], [16.883146, 78.66473716666665], [16.883145333333335, 78.66473716666665], [16.88314516666667, 78.664737], [16.883145000000003, 78.664737], [16.8831445, 78.66473683333334], [16.883144, 78.66473666666667], [16.883143333333333, 78.66473649999999], [16.883142333333335, 78.66473633333334], [16.8831415, 78.66473633333334], [16.883140833333336, 78.66473633333334], [16.883140166666667, 78.66473616666667], [16.88313966666667, 78.66473616666667], [16.88313916666667, 78.66473599999999], [16.883139000000003, 78.66473599999999], [16.883138666666664, 78.66473583333332], [16.883138166666665, 78.66473583333332], [16.8831375, 78.66473566666667], [16.8831365, 78.6647355], [16.883135499999998, 78.6647355], [16.883134666666667, 78.66473533333333], [16.883133833333332, 78.66473516666666], [16.883133166666667, 78.66473516666666], [16.8831325, 78.66473516666666], [16.883132, 78.66473516666666], [16.8831315, 78.66473500000001], [16.883130833333333, 78.66473500000001], [16.883130333333334, 78.66473500000001], [16.883129333333333, 78.66473483333333], [16.88312833333333, 78.66473483333333], [16.8831275, 78.66473466666666], [16.883126666666666, 78.6647345], [16.883125833333334, 78.6647345], [16.883125333333332, 78.66473433333334], [16.883125, 78.66473433333334], [16.883124666666667, 78.66473416666666], [16.883124333333335, 78.66473416666666], [16.883124000000002, 78.66473416666666], [16.883123333333334, 78.664734], [16.883122500000002, 78.664734], [16.8831215, 78.66473383333333], [16.883120666666667, 78.66473383333333], [16.88311966666667, 78.66473366666668], [16.883118833333334, 78.6647335], [16.883118333333336, 78.6647335], [16.883118000000003, 78.6647335], [16.883117666666667, 78.6647335], [16.883117333333335, 78.66473333333333], [16.883116833333336, 78.66473333333333], [16.88311633333333, 78.66473333333333], [16.8831155, 78.66473316666666], [16.88311433333333, 78.66473316666666], [16.883113166666664, 78.664733], [16.883112333333333, 78.66473283333333], [16.8831115, 78.66473283333333], [16.883111, 78.66473283333333], [16.8831105, 78.66473266666667], [16.88311, 78.66473266666667], [16.883109333333334, 78.66473266666667], [16.883108666666665, 78.6647325], [16.883108, 78.6647325], [16.883107, 78.6647325], [16.88310583333333, 78.66473233333333], [16.883104833333334, 78.66473233333333], [16.883103833333333, 78.66473216666667], [16.883103166666668, 78.66473216666667], [16.883102833333332, 78.664732], [16.883102166666667, 78.664732], [16.883101833333335, 78.66473183333332], [16.883101500000002, 78.66473183333332], [16.883100833333334, 78.66473166666667], [16.883100000000002, 78.66473166666667], [16.883099, 78.6647315], [16.883098, 78.6647315], [16.883097000000003, 78.66473133333334], [16.883096000000002, 78.66473116666666], [16.883095500000003, 78.66473116666666], [16.883095166666667, 78.66473116666666], [16.883095, 78.664731], [16.883094833333335, 78.664731], [16.88309416666667, 78.66473083333334], [16.88309333333333, 78.66473083333334], [16.883092166666664, 78.66473066666667], [16.883091, 78.66473066666667], [16.88309, 78.66473066666667], [16.883088833333332, 78.66473049999999], [16.88308783333333, 78.66473049999999], [16.8830875, 78.66473033333334], [16.883087166666666, 78.66473033333334], [16.883087166666666, 78.66473033333334], [16.883087, 78.66473016666667], [16.88308633333333, 78.66473016666667], [16.8830855, 78.66472999999999], [16.883084166666666, 78.66472983333333], [16.883083, 78.66472983333333], [16.883082, 78.66472966666667], [16.883081166666667, 78.66472966666667], [16.883080666666668, 78.66472966666667], [16.883080500000002, 78.6647295], [16.883080333333332, 78.6647295], [16.883080166666666, 78.66472933333333], [16.883080166666666, 78.66472933333333], [16.883079666666667, 78.66472916666666], [16.88307916666667, 78.66472900000001], [16.883078166666667, 78.66472883333333], [16.883077, 78.66472883333333], [16.88307616666667, 78.66472866666666], [16.883075833333333, 78.66472866666666], [16.883075666666667, 78.66472866666666], [16.8830755, 78.66472866666666], [16.8830755, 78.66472866666666], [16.8830755, 78.6647285], [16.883075166666668, 78.6647285], [16.88307466666667, 78.6647285], [16.883073833333334, 78.66472833333334], [16.883072666666667, 78.66472816666666], [16.883071833333336, 78.66472816666666], [16.883071500000003, 78.664728], [16.883070999999997, 78.664728], [16.88307083333333, 78.664728], [16.883070666666665, 78.66472783333333], [16.883070166666666, 78.66472783333333], [16.88306933333333, 78.66472766666668], [16.88306833333333, 78.66472766666668], [16.883067166666667, 78.6647275], [16.883066, 78.6647275], [16.883065, 78.66472733333333], [16.883064166666667, 78.66472733333333], [16.88306383333333, 78.66472716666667], [16.8830635, 78.66472716666667], [16.883063333333332, 78.66472716666667], [16.883063166666666, 78.66472716666667], [16.883062666666667, 78.664727], [16.883062, 78.66472683333333], [16.88306083333333, 78.66472666666667], [16.883060166666667, 78.66472666666667], [16.883059333333332, 78.6647265], [16.883058833333333, 78.6647265], [16.883058000000002, 78.6647265], [16.883057666666666, 78.66472633333333], [16.883057333333333, 78.66472633333333], [16.883056833333335, 78.66472616666667], [16.883056166666666, 78.66472616666667], [16.883055000000002, 78.664726], [16.883053833333335, 78.66472583333332], [16.883052666666668, 78.66472566666667], [16.883052000000003, 78.66472566666667], [16.883051333333334, 78.6647255], [16.883050833333336, 78.6647255], [16.883050500000003, 78.66472533333334], [16.883049833333335, 78.66472516666666], [16.883049000000003, 78.66472516666666], [16.883048, 78.66472516666666], [16.883046666666665, 78.66472516666666], [16.88304583333333, 78.66472516666666], [16.883044833333333, 78.664725], [16.8830445, 78.664725], [16.883044166666664, 78.66472483333334], [16.883044166666664, 78.66472483333334], [16.8830445, 78.66472466666667], [16.8830445, 78.66472449999999], [16.88304433333333, 78.66472449999999], [16.883043666666666, 78.66472433333334], [16.88304283333333, 78.66472433333334], [16.883042, 78.66472433333334], [16.883041, 78.66472433333334], [16.883040333333334, 78.66472416666667], [16.88304, 78.66472416666667], [16.883039666666665, 78.66472416666667], [16.8830395, 78.66472416666667], [16.88303983333333, 78.66472399999999], [16.8830395, 78.66472383333333], [16.883039166666666, 78.66472366666667], [16.883038666666668, 78.66472366666667], [16.883037666666667, 78.66472350000001], [16.883036333333333, 78.66472350000001], [16.883035500000002, 78.66472350000001], [16.883034833333333, 78.66472333333333], [16.883034333333335, 78.66472333333333], [16.883033666666666, 78.66472316666666], [16.883033333333334, 78.66472316666666], [16.883033166666667, 78.66472300000001], [16.883033, 78.66472283333333], [16.883032333333333, 78.66472266666666], [16.88303116666667, 78.66472266666666], [16.883030166666668, 78.6647225], [16.883029, 78.6647225], [16.88302816666667, 78.6647225], [16.8830275, 78.66472233333334], [16.883026833333336, 78.66472233333334], [16.88302583333333, 78.66472216666666], [16.883025, 78.66472216666666], [16.883023833333333, 78.664722], [16.88302283333333, 78.664722], [16.883021666666664, 78.66472183333333], [16.8830205, 78.66472183333333], [16.883019666666666, 78.66472166666668], [16.88301883333333, 78.66472166666668], [16.883018333333332, 78.66472166666668], [16.883017833333334, 78.6647215], [16.883017166666665, 78.6647215], [16.883016333333334, 78.66472133333333], [16.883015333333333, 78.66472116666667], [16.883014333333332, 78.66472116666667], [16.883013333333334, 78.664721], [16.8830125, 78.664721], [16.883011500000002, 78.664721], [16.883010833333334, 78.664721], [16.883010000000002, 78.664721], [16.8830095, 78.66472083333333], [16.88300866666667, 78.66472083333333], [16.883007833333334, 78.66472066666667], [16.883007000000003, 78.66472066666667], [16.883006166666668, 78.66472066666667], [16.883005333333333, 78.6647205], [16.883004666666668, 78.6647205], [16.883004000000003, 78.6647205], [16.88300333333333, 78.6647205], [16.8830025, 78.6647205], [16.88300183333333, 78.66472033333334], [16.883001, 78.66472033333334], [16.883, 78.66472033333334], [16.882998999999998, 78.66472016666667], [16.882998333333333, 78.66472016666667], [16.8829975, 78.66472], [16.882997166666666, 78.66472], [16.882996833333333, 78.66471983333332], [16.882996166666665, 78.66471983333332], [16.8829955, 78.66471983333332], [16.8829945, 78.66471983333332], [16.882993666666668, 78.66471966666667], [16.882992333333334, 78.66471966666667], [16.882991333333333, 78.66471966666667], [16.882990666666668, 78.66471966666667], [16.882989833333333, 78.66471966666667], [16.88298916666667, 78.6647195], [16.8829885, 78.6647195], [16.882988, 78.6647195], [16.882987333333332, 78.6647195], [16.882986333333335, 78.66471933333334], [16.882985166666668, 78.66471933333334], [16.882984166666667, 78.66471933333334], [16.882983000000003, 78.66471916666666], [16.882982166666668, 78.66471916666666], [16.882981833333336, 78.664719], [16.882981166666664, 78.664719], [16.882980333333332, 78.66471883333334], [16.882979499999998, 78.66471883333334], [16.882978666666666, 78.66471866666667], [16.882977666666665, 78.66471866666667], [16.882976333333332, 78.66471849999999], [16.88297533333333, 78.66471849999999], [16.882974666666666, 78.66471849999999], [16.882974, 78.66471833333334], [16.88297383333333, 78.66471833333334], [16.8829735, 78.66471816666667], [16.882973, 78.66471816666667], [16.88297233333333, 78.66471816666667], [16.882971333333334, 78.66471816666667], [16.882969833333334, 78.66471816666667], [16.882968833333333, 78.66471816666667], [16.882967833333332, 78.66471816666667], [16.882967, 78.664718], [16.882966500000002, 78.664718], [16.882966, 78.664718], [16.882965666666667, 78.664718], [16.882965000000002, 78.66471783333333], [16.882964166666667, 78.66471783333333], [16.882963, 78.66471783333333], [16.882961833333333, 78.66471783333333], [16.882961, 78.66471783333333], [16.882960500000003, 78.66471766666668], [16.88296, 78.66471766666668], [16.882959666666668, 78.66471750000001], [16.882959333333336, 78.66471750000001], [16.88295883333333, 78.66471750000001], [16.88295833333333, 78.66471750000001], [16.882957666666666, 78.66471750000001], [16.88295683333333, 78.66471733333333], [16.882956166666666, 78.66471733333333], [16.882955666666664, 78.66471733333333], [16.882955166666665, 78.66471733333333], [16.882954666666667, 78.66471733333333], [16.88295383333333, 78.66471733333333], [16.882953, 78.66471733333333], [16.882952, 78.66471733333333], [16.882951, 78.66471733333333], [16.882950166666667, 78.66471750000001], [16.882949166666666, 78.66471750000001], [16.8829485, 78.66471733333333], [16.882948, 78.66471733333333], [16.882947666666666, 78.66471733333333], [16.882947, 78.66471733333333], [16.882946333333333, 78.66471733333333], [16.882945333333332, 78.66471733333333], [16.882944166666668, 78.66471733333333], [16.882943166666667, 78.66471716666666], [16.882942500000002, 78.66471716666666], [16.882942, 78.66471716666666], [16.882941833333334, 78.66471716666666], [16.882941833333334, 78.66471716666666], [16.882942166666666, 78.66471700000001], [16.882942333333336, 78.66471683333333], [16.882942, 78.66471666666666], [16.8829415, 78.66471666666666], [16.8829405, 78.66471666666666], [16.88294, 78.66471666666666], [16.88293966666667, 78.66471666666666], [16.882939500000003, 78.66471666666666], [16.88293966666667, 78.66471666666666], [16.882939833333335, 78.6647165], [16.882940666666666, 78.6647165], [16.882940833333336, 78.66471633333335], [16.882940333333334, 78.66471616666666], [16.882939333333336, 78.66471616666666], [16.88293816666667, 78.66471616666666], [16.882937833333337, 78.66471616666666], [16.882938000000003, 78.66471616666666], [16.88293816666667, 78.66471616666666], [16.8829385, 78.66471616666666], [16.882938333333335, 78.664716], [16.882937833333337, 78.66471583333333], [16.882937333333334, 78.66471583333333], [16.882936500000003, 78.66471583333333], [16.882935666666665, 78.66471583333333], [16.882935, 78.66471583333333], [16.882934833333334, 78.66471583333333], [16.882935, 78.66471583333333], [16.882935, 78.66471583333333], [16.882934833333334, 78.66471583333333], [16.882934666666664, 78.66471566666668], [16.882933666666666, 78.66471566666668], [16.88293283333333, 78.66471566666668], [16.882931666666664, 78.66471566666668], [16.88293133333333, 78.66471566666668], [16.882931499999998, 78.66471566666668], [16.882931666666664, 78.66471566666668], [16.882931499999998, 78.66471566666668], [16.882931499999998, 78.66471566666668], [16.882931166666665, 78.6647155], [16.882931, 78.6647155], [16.882930333333334, 78.6647155], [16.882929666666666, 78.6647155], [16.882929333333333, 78.6647155], [16.8829295, 78.6647155], [16.882929666666666, 78.6647155], [16.882929666666666, 78.6647155], [16.882929666666666, 78.66471533333333], [16.882929333333333, 78.66471533333333], [16.882928666666665, 78.66471533333333], [16.882928, 78.66471516666667], [16.882927333333335, 78.66471516666667], [16.882927333333335, 78.66471516666667], [16.8829275, 78.66471516666667], [16.8829275, 78.66471516666667], [16.8829275, 78.66471516666667], [16.882927166666665, 78.66471516666667], [16.8829265, 78.66471499999999], [16.8829255, 78.66471483333333], [16.8829245, 78.66471466666667], [16.882924, 78.6647145], [16.882923666666667, 78.66471433333332], [16.882924, 78.66471416666667], [16.882924, 78.66471416666667], [16.882923666666667, 78.66471383333332], [16.882922666666666, 78.66471366666666], [16.882921500000002, 78.66471366666666], [16.882920333333335, 78.66471333333334], [16.88291866666667, 78.66471316666666], [16.882918166666666, 78.66471316666666], [16.882918, 78.66471299999999], [16.882918166666666, 78.66471283333334], [16.882918333333336, 78.66471283333334], [16.88291866666667, 78.66471283333334], [16.88291866666667, 78.66471283333334], [16.882918166666666, 78.66471266666667], [16.882917833333334, 78.66471266666667], [16.882917000000003, 78.66471266666667], [16.882916833333336, 78.66471266666667], [16.882917333333335, 78.66471266666667], [16.882917666666668, 78.6647125], [16.8829175, 78.6647125], [16.8829175, 78.66471233333333], [16.882917333333335, 78.66471216666667], [16.882917333333335, 78.66471216666667], [16.882917333333335, 78.66471216666667], [16.882916833333336, 78.66471216666667], [16.8829165, 78.664712], [16.8829165, 78.664712], [16.882916666666667, 78.664712], [16.882916666666667, 78.66471183333333], [16.8829175, 78.66471183333333], [16.882917833333334, 78.66471166666666], [16.882917666666668, 78.66471166666666], [16.8829175, 78.66471166666666], [16.882917333333335, 78.66471150000001], [16.8829175, 78.66471150000001], [16.882917833333334, 78.66471150000001], [16.882918333333336, 78.66471150000001], [16.882918500000002, 78.66471133333333], [16.88291866666667, 78.66471116666666], [16.88291866666667, 78.66471116666666], [16.882919, 78.66471116666666], [16.882919, 78.66471116666666], [16.882919166666667, 78.66471116666666], [16.882920000000002, 78.66471116666666], [16.882920833333333, 78.66471116666666], [16.882921166666666, 78.66471116666666], [16.8829205, 78.664711], [16.882919833333336, 78.664711], [16.882919333333334, 78.66471083333333], [16.882918833333335, 78.66471083333333], [16.882918833333335, 78.66471083333333], [16.882919166666667, 78.66471066666666], [16.8829195, 78.66471066666666], [16.8829195, 78.66471066666666], [16.88291866666667, 78.66471066666666], [16.882917666666668, 78.6647105], [16.882916166666668, 78.6647105], [16.882915166666667, 78.6647105], [16.882914666666668, 78.6647105], [16.882914666666668, 78.66471033333333], [16.882915500000003, 78.66471033333333], [16.882916166666668, 78.66471033333333], [16.882915833333335, 78.66471033333333], [16.882914000000003, 78.66471016666667], [16.882912833333332, 78.66471], [16.88291183333333, 78.66471], [16.882911, 78.66471], [16.88291033333333, 78.66471], [16.882910666666664, 78.66471], [16.882911333333332, 78.66471], [16.882912166666664, 78.66470983333333], [16.882912166666664, 78.66470983333333], [16.882911666666665, 78.66470983333333], [16.882910666666664, 78.66470966666667], [16.882909666666666, 78.6647095], [16.882909166666664, 78.6647095], [16.88290883333333, 78.6647095], [16.882909166666664, 78.6647095], [16.882909666666666, 78.6647095], [16.882908666666665, 78.6647095], [16.882907333333332, 78.6647095], [16.882906333333334, 78.66470933333333], [16.882905833333332, 78.66470933333333], [16.882905333333333, 78.66470916666667], [16.882905, 78.66470916666667], [16.882905333333333, 78.66470916666667], [16.882905666666666, 78.66470916666667], [16.882905333333333, 78.66470899999999], [16.882903833333334, 78.66470899999999], [16.882903333333335, 78.66470899999999], [16.882902333333334, 78.66470883333334], [16.882901666666665, 78.66470883333334], [16.8829015, 78.66470883333334], [16.882902166666668, 78.66470883333334], [16.882903, 78.66470883333334], [16.882903166666665, 78.66470866666667], [16.882901833333335, 78.6647085], [16.882901166666667, 78.6647085], [16.8829005, 78.6647085], [16.882899833333333, 78.66470833333332], [16.8828995, 78.66470833333332], [16.882899333333334, 78.66470833333332], [16.882900666666668, 78.66470833333332], [16.882901, 78.66470816666667], [16.882901333333333, 78.66470816666667], [16.882900666666668, 78.66470816666667], [16.8829, 78.66470816666667], [16.882899166666668, 78.664708], [16.882898833333336, 78.664708], [16.882898666666666, 78.66470783333332], [16.882899333333334, 78.66470783333332], [16.882900333333335, 78.66470783333332], [16.882901, 78.66470766666666], [16.882900833333334, 78.66470766666666], [16.882900833333334, 78.66470766666666], [16.882900333333335, 78.66470766666666], [16.882899666666667, 78.66470766666666], [16.882899166666668, 78.66470766666666], [16.882899166666668, 78.66470766666666], [16.882900166666666, 78.6647075], [16.882901166666667, 78.66470733333334], [16.882902166666668, 78.66470733333334], [16.882902833333333, 78.66470733333334], [16.882902833333333, 78.66470716666666], [16.882902333333334, 78.66470716666666], [16.882902, 78.66470716666666], [16.882901666666665, 78.66470716666666], [16.882901666666665, 78.66470716666666], [16.882902333333334, 78.66470699999999], [16.882903, 78.66470699999999], [16.8829035, 78.66470699999999], [16.882903833333334, 78.66470683333334], [16.8829035, 78.66470666666667], [16.882903166666665, 78.66470666666667], [16.882902833333333, 78.66470666666667], [16.8829025, 78.66470666666667], [16.882902333333334, 78.66470666666667], [16.882902166666668, 78.6647065], [16.882902, 78.6647065], [16.882902, 78.6647065], [16.882901666666665, 78.6647065], [16.882901333333333, 78.66470633333333], [16.882901166666667, 78.66470633333333], [16.882901, 78.66470616666668], [16.882900833333334, 78.66470616666668], [16.882900833333334, 78.664706], [16.882900333333335, 78.664706], [16.882899666666667, 78.664706], [16.882899166666668, 78.664706], [16.882898666666666, 78.664706], [16.882898333333333, 78.664706], [16.882898, 78.66470583333333], [16.882898166666667, 78.66470583333333], [16.882898333333333, 78.66470566666666], [16.882898166666667, 78.66470550000001], [16.88289766666667, 78.66470550000001], [16.882897166666666, 78.66470533333333], [16.882896333333335, 78.66470516666666], [16.882895666666666, 78.66470516666666], [16.882895166666668, 78.66470516666666], [16.882894833333335, 78.66470516666666], [16.882894833333335, 78.664705], [16.882894833333335, 78.664705], [16.88289466666667, 78.66470483333333], [16.882894333333336, 78.66470483333333], [16.882893833333334, 78.66470466666667], [16.88289316666667, 78.6647045], [16.882892333333334, 78.6647045], [16.882892000000002, 78.6647045], [16.88289166666667, 78.66470433333333], [16.882891500000003, 78.66470433333333], [16.882891166666663, 78.66470416666667], [16.88289083333333, 78.66470416666667], [16.882890166666666, 78.664704], [16.882889499999997, 78.66470383333333], [16.882889, 78.66470383333333], [16.8828885, 78.66470366666667], [16.882888166666664, 78.6647035], [16.882887999999998, 78.66470333333334], [16.882888166666664, 78.66470333333334], [16.882887999999998, 78.66470316666667], [16.88288783333333, 78.66470299999999], [16.8828875, 78.66470299999999], [16.882887, 78.66470283333334], [16.882886166666665, 78.66470283333334], [16.882885833333333, 78.66470283333334], [16.8828855, 78.66470283333334], [16.882885333333334, 78.66470266666667], [16.8828855, 78.6647025], [16.882885666666667, 78.6647025], [16.882885666666667, 78.66470233333332], [16.882885666666667, 78.66470233333332], [16.882885166666664, 78.66470216666667], [16.882884666666666, 78.664702], [16.882884166666667, 78.664702], [16.882884, 78.664702], [16.882883833333334, 78.664702], [16.882883833333334, 78.664702], [16.882883833333334, 78.664702], [16.882883666666665, 78.664702], [16.882883666666665, 78.66470183333332], [16.8828835, 78.66470183333332], [16.882883333333332, 78.66470183333332], [16.882883166666666, 78.66470166666666], [16.882882666666667, 78.66470166666666], [16.882882333333335, 78.66470166666666], [16.882881833333332, 78.66470183333332], [16.882881666666666, 78.66470166666666], [16.882881666666666, 78.66470183333332], [16.882881666666666, 78.66470166666666], [16.8828815, 78.66470166666666], [16.882881333333334, 78.6647015], [16.882881333333334, 78.6647015], [16.882881666666666, 78.6647015], [16.882881833333332, 78.66470166666666], [16.882882, 78.66470166666666], [16.882881666666666, 78.66470183333332], [16.882881166666667, 78.66470183333332], [16.882880833333335, 78.66470183333332], [16.882880833333335, 78.664702], [16.882881, 78.664702], [16.882881166666667, 78.664702], [16.882881333333334, 78.66470216666667], [16.882881333333334, 78.66470216666667], [16.882881333333334, 78.66470216666667], [16.882880833333335, 78.664702], [16.882880333333333, 78.66470216666667], [16.882879833333334, 78.66470216666667], [16.8828795, 78.66470216666667], [16.882879333333335, 78.66470216666667], [16.882879166666665, 78.66470216666667], [16.882879, 78.66470216666667], [16.882878833333333, 78.66470216666667], [16.882878166666668, 78.664702], [16.882877333333333, 78.664702], [16.882876666666668, 78.664702], [16.882876333333336, 78.66470183333332], [16.882876, 78.66470166666666], [16.882875666666667, 78.66470166666666], [16.882875000000002, 78.6647015], [16.882874, 78.6647015], [16.882872666666668, 78.66470133333334], [16.8828715, 78.66470133333334], [16.88287066666667, 78.66470116666666], [16.882870166666667, 78.66470116666666], [16.8828695, 78.664701], [16.882868833333337, 78.66470083333334], [16.882868166666665, 78.66470066666668], [16.882866999999997, 78.6647005], [16.882865, 78.6647005], [16.882862333333332, 78.6647005], [16.882859333333332, 78.66470083333334], [16.882855166666666, 78.66470133333334], [16.88285, 78.66470183333332], [16.882844666666664, 78.66470266666667], [16.882839333333333, 78.6647035], [16.8828325, 78.66470433333333], [16.882825166666667, 78.66470533333333], [16.882817499999998, 78.66470633333333], [16.882809166666668, 78.66470733333334], [16.882799499999997, 78.66470816666667], [16.8827895, 78.66470883333334], [16.882779333333335, 78.66470966666667], [16.882769166666666, 78.66471033333333], [16.882758833333334, 78.66471083333333], [16.882747666666667, 78.66471150000001], [16.882736833333336, 78.66471183333333], [16.882725, 78.66471233333333], [16.882713666666668, 78.66471283333334], [16.882702666666667, 78.6647135], [16.882691666666666, 78.664714], [16.882680166666667, 78.6647145], [16.882668666666667, 78.66471466666667], [16.882657833333333, 78.66471499999999], [16.8826475, 78.66471533333333], [16.882637166666665, 78.66471583333333], [16.882626666666667, 78.66471616666666], [16.882615833333332, 78.66471666666666], [16.882605166666668, 78.66471700000001], [16.882595, 78.66471733333333], [16.882584333333334, 78.66471750000001], [16.882573333333333, 78.66471783333333], [16.8825625, 78.664718], [16.88255183333333, 78.66471816666667], [16.882541833333335, 78.66471833333334], [16.88253166666667, 78.66471866666667], [16.8825215, 78.66471883333334], [16.882511166666667, 78.664719], [16.8825005, 78.664719], [16.882490166666667, 78.66471916666666], [16.88247983333333, 78.66471916666666], [16.882469333333333, 78.66471933333334], [16.882458333333332, 78.66471933333334], [16.882446666666667, 78.6647195], [16.882435166666667, 78.66471966666667], [16.882424333333333, 78.66471966666667], [16.8824135, 78.66471983333332], [16.882402666666668, 78.66471983333332], [16.882390833333332, 78.66471983333332], [16.882379833333335, 78.66471983333332], [16.882369, 78.66471966666667], [16.882358166666666, 78.66471966666667], [16.882346666666667, 78.66471966666667], [16.882334833333335, 78.66471983333332], [16.882323333333332, 78.66471966666667], [16.882312333333335, 78.66471966666667], [16.882301833333333, 78.66471966666667], [16.8822905, 78.66471966666667], [16.882279, 78.6647195], [16.882267666666667, 78.6647195], [16.8822565, 78.66471933333334], [16.882246000000002, 78.66471933333334], [16.88223483333333, 78.66471933333334], [16.882223333333332, 78.66471933333334], [16.882212, 78.66471916666666], [16.88220116666667, 78.664719], [16.88219033333333, 78.664719], [16.882179333333333, 78.66471883333334], [16.882167666666664, 78.66471883333334], [16.882156000000002, 78.66471866666667], [16.882144999999998, 78.66471849999999], [16.882134166666667, 78.66471849999999], [16.882122833333334, 78.66471833333334], [16.882111166666668, 78.66471833333334], [16.88209983333333, 78.66471816666667], [16.882089, 78.664718], [16.8820785, 78.66471783333333], [16.882067333333335, 78.66471766666668], [16.882056, 78.66471750000001], [16.882045, 78.66471750000001], [16.882034166666664, 78.66471716666666], [16.882023, 78.66471716666666], [16.882011666666664, 78.66471700000001], [16.882000333333334, 78.66471683333333], [16.881989333333333, 78.6647165], [16.8819785, 78.66471633333335], [16.8819675, 78.664716], [16.881956333333335, 78.66471583333333], [16.881944999999998, 78.66471566666668], [16.881933666666665, 78.6647155], [16.881922666666664, 78.66471516666667], [16.881911666666667, 78.66471499999999], [16.88190066666667, 78.66471466666667], [16.881889333333334, 78.6647145], [16.881878500000003, 78.66471416666667], [16.88186766666667, 78.664714], [16.8818565, 78.66471366666666], [16.881845, 78.66471333333334], [16.88183366666667, 78.66471316666666], [16.881822666666668, 78.66471283333334], [16.881811333333335, 78.6647125], [16.881800166666668, 78.66471216666667], [16.881789, 78.66471183333333], [16.881777833333334, 78.66471166666666], [16.88176716666667, 78.66471116666666], [16.881756333333332, 78.66471083333333], [16.88174516666667, 78.6647105], [16.881733999999998, 78.66471016666667], [16.881723, 78.66470983333333], [16.881712166666667, 78.6647095], [16.881701500000002, 78.66470916666667], [16.881690666666668, 78.66470866666667], [16.881679333333334, 78.66470833333332], [16.881668666666666, 78.664708], [16.881658166666668, 78.6647075], [16.881647166666667, 78.66470716666666], [16.881635833333334, 78.66470683333334], [16.8816245, 78.6647065], [16.881613666666667, 78.664706], [16.881602833333332, 78.66470566666666], [16.881591833333335, 78.66470516666666], [16.881580666666665, 78.66470483333333], [16.881569833333334, 78.66470433333333], [16.881559333333332, 78.664704], [16.881548333333335, 78.6647035], [16.881536999999998, 78.66470316666667], [16.881525333333332, 78.66470283333334], [16.881514166666665, 78.66470233333332], [16.881503333333335, 78.66470183333332], [16.881491999999998, 78.6647015], [16.88148066666667, 78.664701], [16.881469166666665, 78.6647005], [16.88145816666667, 78.6647], [16.88144683333333, 78.66469950000001], [16.881435333333332, 78.664699], [16.8814235, 78.66469866666667], [16.881412333333333, 78.66469816666667], [16.881401333333333, 78.66469766666667], [16.881390166666666, 78.66469716666667], [16.881378666666667, 78.6646965], [16.881367, 78.66469616666667], [16.881356166666666, 78.66469550000001], [16.881345166666666, 78.664695], [16.881333833333333, 78.6646945], [16.881322333333333, 78.664694], [16.881310666666664, 78.66469350000001], [16.881299833333333, 78.664693], [16.881288666666666, 78.6646925], [16.881277166666667, 78.66469183333334], [16.881265833333334, 78.66469133333334], [16.881255166666666, 78.66469066666667], [16.881244166666665, 78.66469016666666], [16.881233, 78.6646895], [16.881221666666665, 78.664689], [16.881210166666666, 78.6646885], [16.881199166666665, 78.664688], [16.881188, 78.66468733333333], [16.8811765, 78.66468683333332], [16.881165, 78.66468616666666], [16.881153666666666, 78.66468566666667], [16.881142333333333, 78.66468499999999], [16.881131166666666, 78.6646845], [16.881119833333333, 78.66468400000001], [16.881108666666666, 78.6646835], [16.881098166666668, 78.66468283333333], [16.881086999999997, 78.66468233333333], [16.881075666666668, 78.66468166666667], [16.881064166666665, 78.66468116666667], [16.881052833333335, 78.6646805], [16.881041333333332, 78.66468], [16.881029833333333, 78.66467949999999], [16.881018166666667, 78.66467883333333], [16.881006666666668, 78.66467816666666], [16.880995499999997, 78.66467766666666], [16.880984, 78.664677], [16.880972666666665, 78.6646765], [16.880961333333335, 78.66467583333333], [16.880950666666667, 78.66467516666667], [16.880939666666666, 78.66467466666667], [16.8809285, 78.664674], [16.880917333333333, 78.66467333333334], [16.880906166666666, 78.66467266666668], [16.880895333333335, 78.66467216666666], [16.880884166666664, 78.6646715], [16.88087266666667, 78.66467083333333], [16.880861333333332, 78.66467016666667], [16.88085016666667, 78.6646695], [16.880838833333332, 78.66466883333332], [16.880827500000002, 78.66466816666666], [16.880815833333333, 78.6646675], [16.8808045, 78.66466683333333], [16.880793333333333, 78.66466616666666], [16.880782, 78.66466566666666], [16.880770666666667, 78.66466483333333], [16.8807595, 78.66466416666667], [16.8807485, 78.66466366666667], [16.880737333333332, 78.664663], [16.880726, 78.66466233333334], [16.8807145, 78.66466166666667], [16.880703333333333, 78.664661], [16.880691666666667, 78.66466016666666], [16.88068033333333, 78.6646595], [16.880668500000002, 78.66465883333333], [16.880657333333332, 78.66465799999999], [16.88064616666667, 78.66465733333332], [16.880634833333332, 78.6646565], [16.880623333333332, 78.66465583333334], [16.880612166666666, 78.66465516666668], [16.880601333333335, 78.66465433333333], [16.880590166666664, 78.66465366666667], [16.880579, 78.664653], [16.880568, 78.66465233333334], [16.880557500000002, 78.66465166666667], [16.880546833333334, 78.66465083333333], [16.880536333333335, 78.66465016666666], [16.880525833333333, 78.6646495], [16.880515833333334, 78.66464883333333], [16.880506, 78.664648], [16.880496, 78.66464733333333], [16.8804865, 78.66464666666667], [16.880477, 78.66464599999999], [16.880467833333334, 78.66464533333333], [16.880459, 78.66464466666666], [16.88045, 78.664644], [16.880441333333334, 78.66464333333333], [16.880433166666666, 78.66464283333333], [16.880425, 78.66464216666667], [16.880417166666668, 78.6646415], [16.880409166666666, 78.66464083333334], [16.8804015, 78.66464033333334], [16.880394000000003, 78.66463983333333], [16.880386666666666, 78.66463916666666], [16.8803795, 78.6646385], [16.880372166666668, 78.66463783333333], [16.880365166666664, 78.66463733333333], [16.880358333333334, 78.66463683333333], [16.880351666666666, 78.66463633333333], [16.88034533333333, 78.66463566666667], [16.880339499999998, 78.66463516666666], [16.88033366666667, 78.66463466666667], [16.88032816666667, 78.66463416666667], [16.880322333333332, 78.66463366666667], [16.880316333333333, 78.66463316666666], [16.880310666666666, 78.66463266666666], [16.880305333333336, 78.66463216666666], [16.880300166666665, 78.66463166666668], [16.880295333333333, 78.66463133333333], [16.880290666666667, 78.66463083333333], [16.880286, 78.6646305], [16.88028116666667, 78.66463], [16.880276666666667, 78.6646295], [16.8802725, 78.66462916666666], [16.880268, 78.66462866666667], [16.8802635, 78.66462816666667], [16.880259666666667, 78.66462783333333], [16.880255833333333, 78.66462733333333], [16.880252166666665, 78.66462700000001], [16.880247999999998, 78.6646265], [16.8802435, 78.66462633333335], [16.88023916666667, 78.664626], [16.8802355, 78.6646255], [16.880232, 78.66462516666667], [16.88022833333333, 78.66462483333333], [16.880225, 78.6646245], [16.880221833333334, 78.66462416666667], [16.880218666666668, 78.66462383333332], [16.88021566666667, 78.6646235], [16.88021266666667, 78.66462316666666], [16.880209333333333, 78.66462283333334], [16.8802065, 78.6646225], [16.880204, 78.66462233333333], [16.880201333333332, 78.664622], [16.880199, 78.66462150000001], [16.880196166666668, 78.66462133333333], [16.88019316666667, 78.664621], [16.880190333333335, 78.66462083333333], [16.880187499999998, 78.6646205], [16.880184666666665, 78.66462033333333], [16.880182166666668, 78.66462], [16.8801795, 78.66461966666667], [16.880177333333332, 78.6646195], [16.88017466666667, 78.66461916666667], [16.880172333333334, 78.66461883333334], [16.880169666666667, 78.66461866666667], [16.88016683333333, 78.66461833333332], [16.880164166666667, 78.66461816666667], [16.8801615, 78.664618], [16.880159, 78.66461766666666], [16.880156833333334, 78.6646175], [16.880154666666666, 78.66461716666666], [16.8801525, 78.66461699999999], [16.88015, 78.66461683333334], [16.8801475, 78.6646165], [16.88014516666667, 78.66461633333333], [16.880142999999997, 78.664616], [16.880141, 78.66461583333333], [16.880139166666666, 78.66461550000001], [16.880137166666668, 78.66461533333333], [16.880135499999998, 78.664615], [16.880133333333333, 78.66461483333333], [16.880131333333335, 78.66461466666667], [16.880129166666666, 78.66461433333333], [16.880126833333335, 78.66461416666667], [16.880124666666667, 78.664614], [16.880123, 78.66461383333333], [16.88012133333333, 78.66461366666667], [16.880119999999998, 78.66461333333334], [16.880118333333332, 78.66461316666667], [16.880116333333334, 78.66461299999999], [16.88011433333333, 78.66461266666667], [16.880112166666667, 78.6646125], [16.880110166666668, 78.66461233333332], [16.880108166666666, 78.66461216666667], [16.880106166666668, 78.664612], [16.8801045, 78.66461183333332], [16.88010266666667, 78.66461166666666], [16.880100833333334, 78.66461133333334], [16.88009883333333, 78.66461116666666], [16.880096666666667, 78.664611], [16.880094666666665, 78.66461083333334], [16.880092666666666, 78.66461066666668], [16.880090666666668, 78.6646105], [16.880088999999998, 78.66461033333333], [16.8800875, 78.66461016666668], [16.880085833333332, 78.66461], [16.880084166666666, 78.66461], [16.880082333333334, 78.66460983333333], [16.880080333333336, 78.66460966666666], [16.880078333333334, 78.66460950000001], [16.88007633333333, 78.66460933333333], [16.880074333333333, 78.66460916666666], [16.880072666666667, 78.66460916666666], [16.880071, 78.664609], [16.88006933333333, 78.66460883333333], [16.8800675, 78.66460866666667], [16.880065666666667, 78.6646085], [16.880063833333335, 78.6646085], [16.880061833333333, 78.66460833333333], [16.88006, 78.66460816666667], [16.8800585, 78.66460816666667], [16.880057166666667, 78.664608], [16.8800555, 78.66460783333333], [16.880053999999998, 78.66460783333333], [16.880052166666665, 78.6646075], [16.880050333333333, 78.6646075], [16.880048, 78.66460733333334], [16.880046, 78.66460716666667], [16.880044, 78.66460716666667], [16.880042500000002, 78.66460699999999], [16.880041000000002, 78.66460683333334], [16.88003966666667, 78.66460683333334], [16.88003816666667, 78.66460666666667], [16.880036833333335, 78.66460666666667], [16.880035000000003, 78.6646065], [16.880033166666667, 78.66460633333332], [16.880031499999998, 78.66460616666667], [16.8800295, 78.664606], [16.880027666666667, 78.664606], [16.880026333333333, 78.66460583333333], [16.880024833333334, 78.66460566666666], [16.880023333333334, 78.66460550000001], [16.880021833333334, 78.66460533333334], [16.880020166666668, 78.66460516666666], [16.880018, 78.66460516666666], [16.880015833333335, 78.66460516666666], [16.880014000000003, 78.664605], [16.880012333333333, 78.664605], [16.880010833333333, 78.66460483333334], [16.88000933333333, 78.66460466666668], [16.880007666666664, 78.6646045], [16.880005833333332, 78.6646045], [16.880003833333333, 78.66460433333333], [16.880002, 78.66460416666668], [16.88000033333333, 78.66460416666668], [16.87999883333333, 78.664604], [16.8799975, 78.664604], [16.87999616666667, 78.66460383333333], [16.879995, 78.66460350000001], [16.879993833333334, 78.66460333333333], [16.879992333333334, 78.66460316666667], [16.879990833333334, 78.664603], [16.879989166666668, 78.66460283333332], [16.879988166666667, 78.6646025], [16.879987500000002, 78.664602], [16.87998716666667, 78.66460133333334], [16.87998716666667, 78.66460066666667], [16.87998683333333, 78.66460000000001], [16.879987833333335, 78.66459916666666], [16.879988500000003, 78.6645985], [16.879989666666667, 78.66459783333333], [16.879991333333333, 78.66459716666667], [16.879992333333334, 78.66459683333332], [16.879994333333332, 78.66459633333334], [16.879996000000002, 78.66459583333334], [16.879998, 78.66459549999999], [16.88, 78.66459533333334], [16.880002, 78.66459499999999], [16.8800035, 78.66459483333333], [16.880005, 78.66459466666667], [16.88000633333333, 78.66459433333333], [16.880008666666665, 78.66459416666666], [16.880010833333333, 78.66459400000001], [16.88001266666667, 78.66459383333333], [16.880015, 78.66459366666666], [16.880017333333335, 78.66459366666666], [16.880019666666666, 78.66459366666666], [16.880022, 78.66459383333333], [16.88002433333333, 78.66459400000001], [16.880026833333332, 78.66459416666666], [16.88002883333333, 78.6645945], [16.880030833333333, 78.66459466666667], [16.880032500000002, 78.66459499999999], [16.8800345, 78.66459533333334], [16.880036500000003, 78.66459566666667], [16.880038333333335, 78.664596], [16.880040166666667, 78.66459633333334], [16.880042, 78.66459666666667], [16.880043833333332, 78.66459683333332], [16.88004533333333, 78.66459716666667], [16.880047, 78.66459733333333], [16.880048666666667, 78.66459766666667], [16.880050333333333, 78.66459816666666], [16.88005233333333, 78.6645985], [16.88005433333333, 78.66459883333333], [16.880056500000002, 78.664599], [16.880058833333333, 78.66459916666666], [16.880061333333334, 78.66459933333334], [16.88006366666667, 78.6645995], [16.880066, 78.66459966666666], [16.880068166666668, 78.66459983333333], [16.880070333333332, 78.66459983333333], [16.880072666666667, 78.66460000000001], [16.880074999999998, 78.66460016666666], [16.880077500000002, 78.66460033333333], [16.880079833333333, 78.6646005], [16.880082333333334, 78.66460066666667], [16.880084833333335, 78.66460083333332], [16.880087333333332, 78.66460099999999], [16.8800895, 78.66460116666667], [16.880091666666665, 78.66460133333334], [16.880093499999997, 78.66460133333334], [16.880095666666666, 78.66460149999999], [16.880097999999997, 78.66460166666667], [16.8801005, 78.66460183333334], [16.880102833333336, 78.664602], [16.880105166666667, 78.66460216666665], [16.880107333333335, 78.66460233333333], [16.880109333333333, 78.6646025], [16.880111333333332, 78.66460266666667], [16.880113166666668, 78.66460283333332], [16.880115, 78.664603], [16.880117, 78.664603], [16.88011883333333, 78.66460316666667], [16.880120666666667, 78.66460333333333], [16.880122500000002, 78.66460333333333], [16.880124333333335, 78.66460350000001], [16.880126166666667, 78.66460366666666], [16.88012816666667, 78.66460366666666], [16.880129833333335, 78.66460383333333], [16.8801315, 78.66460383333333], [16.880132833333334, 78.664604], [16.880133999999998, 78.66460416666668], [16.88013533333333, 78.66460433333333], [16.88013683333333, 78.66460433333333], [16.880138666666667, 78.66460433333333], [16.880140333333333, 78.66460433333333], [16.880142, 78.6646045], [16.880143333333333, 78.66460466666668], [16.88014466666667, 78.66460466666668], [16.880145666666667, 78.66460483333334], [16.88014666666667, 78.66460483333334], [16.880147833333336, 78.664605], [16.880148833333333, 78.664605], [16.880150166666667, 78.664605], [16.8801515, 78.66460516666666], [16.880152666666667, 78.66460516666666], [16.880153833333335, 78.66460533333334], [16.880154833333332, 78.66460533333334], [16.880155833333333, 78.66460533333334], [16.880156833333334, 78.66460550000001], [16.880157999999998, 78.66460550000001], [16.880159, 78.66460550000001], [16.88016, 78.66460566666666], [16.880161166666667, 78.66460566666666], [16.880162166666665, 78.66460583333333], [16.880163, 78.66460583333333], [16.880163666666665, 78.66460583333333], [16.880164666666666, 78.664606], [16.880165499999997, 78.664606], [16.88016633333333, 78.664606], [16.880166999999997, 78.664606], [16.880167833333335, 78.66460616666667], [16.880168333333334, 78.66460616666667], [16.88016916666667, 78.66460616666667], [16.88017016666667, 78.66460616666667], [16.880171166666667, 78.66460616666667], [16.880172166666668, 78.66460616666667], [16.880173, 78.66460633333332], [16.8801735, 78.66460633333332], [16.880173666666668, 78.66460633333332], [16.880174, 78.66460633333332], [16.880174833333335, 78.66460633333332], [16.880175666666666, 78.6646065], [16.880176666666667, 78.6646065], [16.880177333333332, 78.66460666666667], [16.880178, 78.66460666666667], [16.880178333333333, 78.66460683333334], [16.880178833333332, 78.66460683333334], [16.880179333333334, 78.66460683333334], [16.880179666666667, 78.66460699999999], [16.88018, 78.66460699999999], [16.880180499999998, 78.66460716666667], [16.880180833333334, 78.66460716666667], [16.880181666666665, 78.66460733333334], [16.880182333333334, 78.66460733333334], [16.880183, 78.6646075], [16.880183833333334, 78.6646075], [16.8801845, 78.66460766666667], [16.88018483333333, 78.66460766666667], [16.880185166666667, 78.66460783333333], [16.880185666666666, 78.664608], [16.880186, 78.664608], [16.880186666666667, 78.66460816666667], [16.880187166666666, 78.66460833333333], [16.88018783333333, 78.66460833333333], [16.880188166666667, 78.6646085], [16.8801885, 78.6646085], [16.880188666666665, 78.66460866666667], [16.880188999999998, 78.66460883333333], [16.880189166666664, 78.664609], [16.88018933333333, 78.664609], [16.880189833333336, 78.66460933333333], [16.8801905, 78.66460933333333], [16.880190833333334, 78.66460950000001], [16.880191, 78.66460950000001], [16.880191, 78.66460966666666], [16.880191, 78.66460983333333], [16.88019116666667, 78.66460983333333], [16.880191333333336, 78.66460983333333], [16.880191333333336, 78.66461], [16.880191500000002, 78.66461016666668], [16.880191333333336, 78.66461016666668], [16.880191333333336, 78.66461033333333], [16.880191333333336, 78.66461033333333], [16.880191333333336, 78.66461033333333], [16.880191333333336, 78.66461033333333], [16.88019116666667, 78.66461033333333], [16.880190833333334, 78.6646105], [16.8801905, 78.6646105], [16.880190333333335, 78.6646105], [16.8801905, 78.6646105], [16.880190666666667, 78.66461066666668], [16.880190666666667, 78.66461066666668], [16.8801905, 78.66461066666668], [16.8801905, 78.66461066666668], [16.880190000000002, 78.66461066666668], [16.880189833333336, 78.66461066666668], [16.88018966666667, 78.66461066666668], [16.88018966666667, 78.66461066666668], [16.88018966666667, 78.66461066666668], [16.880189499999997, 78.66461066666668], [16.88018933333333, 78.66461066666668], [16.88018933333333, 78.66461066666668], [16.880188999999998, 78.66461066666668], [16.880189166666664, 78.66461066666668], [16.880188999999998, 78.66461066666668], [16.880188666666665, 78.66461066666668], [16.8801885, 78.66461066666668], [16.8801885, 78.66461066666668], [16.88018883333333, 78.66461066666668], [16.880188999999998, 78.66461066666668], [16.880189166666664, 78.66461066666668], [16.880188999999998, 78.66461066666668], [16.88018883333333, 78.66461066666668], [16.88018883333333, 78.6646105], [16.88018883333333, 78.6646105], [16.88018883333333, 78.6646105], [16.880188666666665, 78.66461033333333], [16.8801885, 78.66461033333333], [16.880188666666665, 78.66461033333333], [16.880188999999998, 78.66461033333333], [16.88018933333333, 78.66461033333333], [16.880189499999997, 78.66461033333333], [16.88018933333333, 78.66461033333333], [16.880189166666664, 78.66461033333333], [16.880189166666664, 78.66461033333333], [16.880189499999997, 78.66461033333333], [16.880189833333336, 78.66461033333333], [16.88019016666667, 78.66461033333333], [16.880190333333335, 78.6646105], [16.880190333333335, 78.6646105], [16.8801905, 78.6646105], [16.8801905, 78.6646105], [16.8801905, 78.66461066666668], [16.88019016666667, 78.66461083333334], [16.880189833333336, 78.66461083333334], [16.88018966666667, 78.664611], [16.880189833333336, 78.664611], [16.880190000000002, 78.664611], [16.880190333333335, 78.664611], [16.880190333333335, 78.66461116666666], [16.880190000000002, 78.66461116666666], [16.880190000000002, 78.66461116666666], [16.880190000000002, 78.66461116666666], [16.880190333333335, 78.66461133333334], [16.8801905, 78.66461133333334], [16.8801905, 78.6646115], [16.8801905, 78.6646115], [16.880190833333334, 78.6646115], [16.88019116666667, 78.66461166666666], [16.88019166666667, 78.66461166666666], [16.880191500000002, 78.66461166666666], [16.88019116666667, 78.66461166666666], [16.880191, 78.66461183333332], [16.88019116666667, 78.66461183333332], [16.880191500000002, 78.66461183333332], [16.88019166666667, 78.66461183333332], [16.88019166666667, 78.66461183333332], [16.880191333333336, 78.66461183333332], [16.88019116666667, 78.66461183333332], [16.88019116666667, 78.66461183333332], [16.88019116666667, 78.66461183333332], [16.880191, 78.66461183333332], [16.8801905, 78.66461166666666], [16.880190333333335, 78.66461166666666], [16.880190333333335, 78.66461166666666], [16.880190666666667, 78.66461166666666], [16.880190833333334, 78.66461166666666], [16.880190666666667, 78.66461166666666], [16.88019016666667, 78.66461166666666], [16.88018966666667, 78.66461166666666], [16.880189499999997, 78.66461166666666], [16.88018933333333, 78.66461166666666], [16.880188999999998, 78.66461166666666], [16.880188666666665, 78.66461166666666], [16.880188333333333, 78.66461166666666], [16.880188166666667, 78.66461166666666], [16.880188333333333, 78.6646115], [16.880188333333333, 78.6646115], [16.88018783333333, 78.6646115], [16.880187333333332, 78.6646115], [16.880186666666667, 78.6646115], [16.88018633333333, 78.6646115], [16.880186, 78.6646115], [16.880185833333332, 78.6646115], [16.880185666666666, 78.6646115], [16.880185166666667, 78.6646115], [16.88018483333333, 78.6646115], [16.880184666666665, 78.6646115], [16.880184666666665, 78.6646115], [16.880184166666666, 78.6646115], [16.880183833333334, 78.6646115], [16.880183166666665, 78.66461166666666], [16.880182666666666, 78.66461166666666], [16.8801825, 78.66461166666666], [16.8801825, 78.66461166666666], [16.880181999999998, 78.66461166666666], [16.880181333333333, 78.66461183333332], [16.880180666666668, 78.66461183333332], [16.880180333333332, 78.66461183333332], [16.880180333333332, 78.664612], [16.880180333333332, 78.664612], [16.880179833333333, 78.664612], [16.880179333333334, 78.66461216666667], [16.880178666666666, 78.66461216666667], [16.8801785, 78.66461233333332], [16.880178333333333, 78.66461233333332], [16.880178, 78.66461233333332], [16.8801775, 78.6646125], [16.880177, 78.66461266666667], [16.880177, 78.66461266666667], [16.880177333333332, 78.66461283333334], [16.880177333333332, 78.66461283333334], [16.880176833333334, 78.66461299999999], [16.88017616666667, 78.66461299999999], [16.880175666666666, 78.66461316666667], [16.880175333333334, 78.66461316666667], [16.880175333333334, 78.66461316666667], [16.880175, 78.66461333333334], [16.88017466666667, 78.66461333333334], [16.880174166666666, 78.6646135], [16.880174333333333, 78.6646135], [16.88017466666667, 78.66461366666667], [16.88017466666667, 78.66461366666667], [16.880174166666666, 78.66461366666667], [16.8801735, 78.66461366666667], [16.880173, 78.66461366666667], [16.880173, 78.66461366666667], [16.880173333333335, 78.66461366666667], [16.8801735, 78.66461366666667], [16.88017316666667, 78.66461366666667], [16.880173, 78.66461366666667], [16.880173, 78.66461366666667], [16.88017316666667, 78.66461383333333], [16.880173, 78.66461383333333], [16.880172666666667, 78.66461383333333], [16.880171833333335, 78.66461383333333], [16.88017166666667, 78.664614], [16.8801715, 78.664614], [16.88017166666667, 78.664614], [16.8801715, 78.664614], [16.880171, 78.664614], [16.880170666666668, 78.664614], [16.880170500000002, 78.664614], [16.880170333333336, 78.664614], [16.880170333333336, 78.66461416666667], [16.88017016666667, 78.66461416666667], [16.880169833333333, 78.66461416666667], [16.8801695, 78.66461416666667], [16.8801695, 78.66461416666667], [16.880169333333335, 78.66461416666667], [16.880169000000002, 78.66461416666667], [16.88016866666667, 78.66461416666667], [16.880168166666667, 78.66461416666667], [16.880168, 78.66461433333333], [16.880168, 78.66461433333333], [16.88016766666667, 78.66461433333333], [16.880167333333336, 78.66461433333333], [16.88016683333333, 78.66461433333333], [16.88016633333333, 78.66461433333333], [16.880166166666665, 78.66461433333333], [16.880166166666665, 78.66461433333333], [16.880165666666667, 78.66461433333333], [16.880165166666664, 78.66461433333333], [16.880164833333332, 78.66461416666667], [16.880164833333332, 78.66461416666667], [16.880164999999998, 78.66461416666667], [16.880164833333332, 78.66461416666667], [16.880164166666667, 78.66461416666667], [16.8801635, 78.66461416666667], [16.880163166666666, 78.66461416666667], [16.880163166666666, 78.66461416666667], [16.880162833333333, 78.66461416666667], [16.88016233333333, 78.66461416666667], [16.880161666666666, 78.66461416666667], [16.880161166666667, 78.66461416666667], [16.880161166666667, 78.664614], [16.880161333333334, 78.664614], [16.880161166666667, 78.664614], [16.880160333333333, 78.664614], [16.880159833333334, 78.664614], [16.880159499999998, 78.664614], [16.880159499999998, 78.66461383333333], [16.880159499999998, 78.66461383333333], [16.880159166666665, 78.66461383333333], [16.880158666666667, 78.66461383333333], [16.880158333333334, 78.66461383333333], [16.8801585, 78.66461383333333], [16.880158666666667, 78.66461383333333], [16.8801585, 78.66461383333333], [16.880158166666668, 78.66461383333333], [16.880157666666666, 78.66461366666667], [16.8801575, 78.66461366666667], [16.8801575, 78.66461366666667], [16.8801575, 78.66461366666667], [16.880157, 78.66461366666667], [16.880156666666668, 78.66461366666667], [16.8801565, 78.66461383333333], [16.8801565, 78.66461366666667], [16.880156333333332, 78.66461383333333], [16.880155833333333, 78.66461383333333], [16.880155333333335, 78.66461383333333], [16.880154833333332, 78.66461383333333], [16.880154666666666, 78.66461383333333], [16.880154333333333, 78.66461383333333], [16.880154, 78.66461366666667], [16.8801535, 78.66461366666667], [16.880153166666666, 78.66461366666667], [16.880152833333334, 78.66461366666667], [16.880152833333334, 78.66461366666667], [16.880152666666667, 78.66461366666667], [16.88015216666667, 78.66461366666667], [16.880151666666666, 78.6646135], [16.880151333333334, 78.6646135], [16.880151, 78.66461333333334], [16.880150833333335, 78.66461333333334], [16.880150333333333, 78.66461333333334], [16.880149833333334, 78.66461333333334], [16.880149333333335, 78.66461316666667], [16.88014916666667, 78.66461316666667], [16.880149, 78.66461316666667], [16.8801485, 78.66461316666667], [16.880148000000002, 78.66461316666667], [16.8801475, 78.66461299999999], [16.880147166666667, 78.66461299999999], [16.88014666666667, 78.66461299999999], [16.880146, 78.66461283333334], [16.880145333333335, 78.66461283333334], [16.88014466666667, 78.66461283333334], [16.88014433333333, 78.66461266666667], [16.880144166666664, 78.66461266666667], [16.88014383333333, 78.66461266666667], [16.880143166666667, 78.66461266666667], [16.880142499999998, 78.6646125], [16.880142333333332, 78.6646125], [16.880142, 78.6646125], [16.880141666666667, 78.6646125], [16.880141166666665, 78.66461233333332], [16.8801405, 78.66461233333332], [16.880139999999997, 78.66461233333332], [16.88013983333333, 78.66461216666667], [16.880139666666665, 78.66461216666667], [16.880139333333332, 78.66461216666667], [16.880138666666667, 78.664612], [16.880138166666665, 78.664612], [16.880138, 78.664612], [16.880137833333333, 78.66461183333332], [16.880137333333334, 78.66461183333332], [16.8801365, 78.66461183333332], [16.880135833333334, 78.66461183333332], [16.880135166666665, 78.66461183333332], [16.880135, 78.66461166666666], [16.8801345, 78.66461166666666], [16.880133833333332, 78.66461166666666], [16.880133, 78.6646115], [16.8801325, 78.6646115], [16.880132333333332, 78.6646115], [16.880132, 78.6646115], [16.880131333333335, 78.6646115], [16.8801305, 78.6646115], [16.880129833333335, 78.66461133333334], [16.88012966666667, 78.66461133333334], [16.88012966666667, 78.66461133333334], [16.880129166666666, 78.66461116666666], [16.88012816666667, 78.66461116666666], [16.8801275, 78.66461116666666], [16.880127166666668, 78.66461116666666], [16.880127, 78.66461116666666], [16.8801265, 78.66461116666666], [16.880125833333334, 78.664611], [16.880124833333333, 78.664611], [16.8801245, 78.664611], [16.8801245, 78.66461083333334], [16.880124333333335, 78.66461083333334], [16.88012366666667, 78.66461083333334], [16.880122833333335, 78.66461083333334], [16.880122333333336, 78.66461083333334], [16.88012216666667, 78.66461083333334], [16.88012216666667, 78.66461066666668], [16.880121666666664, 78.66461083333334], [16.880120833333333, 78.66461066666668], [16.880119999999998, 78.66461066666668], [16.880119666666666, 78.66461066666668], [16.8801195, 78.66461066666668], [16.88011883333333, 78.66461066666668], [16.880118, 78.6646105], [16.88011733333333, 78.66461066666668], [16.880117, 78.6646105], [16.880116666666666, 78.6646105], [16.880116166666667, 78.6646105], [16.880115333333332, 78.6646105], [16.880114499999998, 78.66461033333333], [16.880114, 78.66461033333333], [16.8801135, 78.66461033333333], [16.880112999999998, 78.66461033333333], [16.880112333333333, 78.66461033333333], [16.880111833333334, 78.66461016666668], [16.880111333333332, 78.66461016666668], [16.880111166666666, 78.66461016666668], [16.880110666666667, 78.66461], [16.880109666666666, 78.66461], [16.88010866666667, 78.66461], [16.880108, 78.66461], [16.880107833333334, 78.66460983333333], [16.8801075, 78.66460983333333], [16.880106833333333, 78.66460983333333], [16.880106, 78.66460983333333], [16.8801055, 78.66460983333333], [16.880105333333333, 78.66460966666666], [16.880105, 78.66460966666666], [16.880104333333335, 78.66460966666666], [16.8801035, 78.66460966666666], [16.880102833333336, 78.66460950000001], [16.88010266666667, 78.66460950000001], [16.880102333333333, 78.66460950000001], [16.880101833333335, 78.66460933333333], [16.88010116666667, 78.66460933333333], [16.8801005, 78.66460933333333], [16.8801005, 78.66460916666666], [16.8801005, 78.66460916666666], [16.880099833333336, 78.66460916666666], [16.880098999999998, 78.664609], [16.880098333333333, 78.664609], [16.880098333333333, 78.664609], [16.880097999999997, 78.66460883333333], [16.880097499999998, 78.66460883333333], [16.880096833333333, 78.66460883333333], [16.880096166666664, 78.66460883333333], [16.880095833333332, 78.66460866666667], [16.880095999999998, 78.66460866666667], [16.8800955, 78.66460866666667], [16.880094999999997, 78.66460866666667], [16.880094333333332, 78.66460866666667], [16.880094166666666, 78.6646085], [16.880093833333333, 78.6646085], [16.880093499999997, 78.6646085], [16.880092666666666, 78.6646085], [16.88009183333333, 78.6646085], [16.880091333333333, 78.66460833333333], [16.880091, 78.66460833333333], [16.880090666666668, 78.66460833333333], [16.88009, 78.66460833333333], [16.880089333333334, 78.66460833333333], [16.880088666666666, 78.66460816666667], [16.8800885, 78.66460816666667], [16.880088, 78.66460816666667], [16.880087333333332, 78.66460816666667], [16.880086833333333, 78.66460816666667], [16.880086333333335, 78.66460816666667], [16.88008616666667, 78.66460816666667], [16.880086, 78.66460816666667], [16.8800855, 78.66460816666667], [16.880084833333335, 78.66460816666667], [16.88008466666667, 78.664608], [16.880084333333333, 78.664608], [16.880084, 78.66460783333333], [16.880083333333335, 78.66460783333333], [16.880082833333333, 78.66460783333333], [16.8800825, 78.66460783333333], [16.880082333333334, 78.66460783333333], [16.880082166666668, 78.66460783333333], [16.8800815, 78.66460783333333], [16.880080666666668, 78.66460783333333], [16.88008016666667, 78.66460783333333], [16.880079833333333, 78.66460766666667], [16.880079333333335, 78.66460766666667], [16.88007866666667, 78.66460766666667], [16.880077833333335, 78.66460766666667], [16.880077333333336, 78.66460766666667], [16.880077000000004, 78.66460766666667], [16.880076499999998, 78.6646075], [16.880075666666666, 78.6646075], [16.880074999999998, 78.6646075], [16.8800745, 78.6646075], [16.880074166666667, 78.6646075], [16.880073666666664, 78.6646075], [16.880072833333333, 78.6646075], [16.88007233333333, 78.6646075], [16.880071666666666, 78.6646075], [16.880071333333333, 78.6646075], [16.880071, 78.6646075], [16.880070333333332, 78.6646075], [16.880069666666667, 78.6646075], [16.880069166666665, 78.6646075], [16.880069, 78.66460733333334], [16.880068666666666, 78.66460733333334], [16.880068166666668, 78.66460733333334], [16.8800675, 78.66460733333334], [16.880067166666667, 78.66460733333334], [16.880066833333334, 78.66460716666667], [16.880066666666668, 78.66460716666667], [16.880066166666666, 78.66460716666667], [16.880065833333333, 78.66460699999999], [16.8800655, 78.66460699999999], [16.880065166666668, 78.66460699999999], [16.880064833333332, 78.66460683333334], [16.8800645, 78.66460683333334], [16.880064, 78.66460683333334], [16.88006366666667, 78.66460683333334], [16.880063166666666, 78.66460683333334], [16.880062666666667, 78.66460666666667], [16.880062000000002, 78.66460666666667], [16.8800615, 78.66460666666667], [16.880061, 78.66460666666667], [16.88006066666667, 78.66460666666667], [16.880060166666667, 78.6646065], [16.8800595, 78.6646065], [16.880058833333333, 78.6646065], [16.8800585, 78.6646065], [16.880058333333334, 78.6646065], [16.880058000000002, 78.6646065], [16.880057333333333, 78.6646065], [16.88005666666667, 78.6646065], [16.880056333333336, 78.6646065], [16.88005616666667, 78.66460633333332], [16.880056000000003, 78.66460633333332], [16.8800555, 78.66460616666667], [16.880054833333336, 78.66460616666667], [16.880054500000004, 78.66460616666667], [16.88005433333333, 78.66460616666667], [16.880053999999998, 78.664606], [16.8800535, 78.664606], [16.88005283333333, 78.664606], [16.88005233333333, 78.66460583333333], [16.880052166666665, 78.66460583333333], [16.880051833333333, 78.66460583333333], [16.8800515, 78.66460566666666], [16.880050999999998, 78.66460566666666], [16.880050333333333, 78.66460550000001], [16.88005, 78.66460550000001], [16.8800495, 78.66460533333334], [16.880049166666666, 78.66460533333334], [16.880048666666667, 78.66460516666666], [16.88004833333333, 78.66460516666666], [16.8800475, 78.66460516666666], [16.880047166666667, 78.66460516666666], [16.880046666666665, 78.66460516666666], [16.880046333333333, 78.664605], [16.880045833333334, 78.664605], [16.880045166666665, 78.664605], [16.8800445, 78.66460483333334], [16.880043833333332, 78.66460483333334], [16.880043333333333, 78.66460483333334], [16.880042833333334, 78.66460483333334], [16.880042166666666, 78.66460466666668], [16.8800415, 78.66460466666668], [16.880041000000002, 78.66460466666668], [16.8800405, 78.66460466666668], [16.880040166666667, 78.66460466666668], [16.880039500000002, 78.6646045], [16.880038666666668, 78.6646045], [16.880038000000003, 78.6646045], [16.880037333333334, 78.66460433333333], [16.880036833333335, 78.66460433333333], [16.880036166666667, 78.66460433333333], [16.8800355, 78.66460416666668], [16.880034833333333, 78.66460416666668], [16.880034000000002, 78.66460416666668], [16.880033500000003, 78.66460416666668], [16.880032833333335, 78.66460416666668], [16.88003216666667, 78.664604], [16.880031499999998, 78.664604], [16.880030833333333, 78.664604], [16.88003033333333, 78.664604], [16.880029666666665, 78.66460383333333], [16.880029, 78.66460383333333], [16.880028333333332, 78.66460383333333], [16.880027833333333, 78.66460383333333], [16.88002733333333, 78.66460366666666], [16.880026666666666, 78.66460366666666], [16.880026166666667, 78.66460350000001], [16.8800255, 78.66460350000001], [16.880025, 78.66460350000001], [16.88002433333333, 78.66460350000001], [16.880023666666666, 78.66460333333333], [16.880023, 78.66460333333333], [16.8800225, 78.66460333333333], [16.880022, 78.66460316666667], [16.88002133333333, 78.66460316666667], [16.880020666666667, 78.66460316666667], [16.880020166666668, 78.664603], [16.880019833333332, 78.664603], [16.880019333333333, 78.664603], [16.880018500000002, 78.66460283333332], [16.880017833333333, 78.66460283333332], [16.88001716666667, 78.66460283333332], [16.880016666666666, 78.66460266666667], [16.880016333333334, 78.66460266666667], [16.880015833333335, 78.66460266666667], [16.880015333333333, 78.6646025], [16.880014833333334, 78.6646025], [16.88001416666667, 78.6646025], [16.880013833333333, 78.66460233333333], [16.880013333333334, 78.66460233333333], [16.88001266666667, 78.66460233333333], [16.880012, 78.66460216666665], [16.880011333333336, 78.66460216666665], [16.880010833333333, 78.664602], [16.8800105, 78.66460216666665], [16.880010833333333, 78.66460216666665], [16.880011833333334, 78.66460233333333], [16.880013166666668, 78.66460266666667], [16.880015333333333, 78.66460266666667], [16.880017333333335, 78.66460283333332], [16.880020000000002, 78.66460283333332], [16.880022166666667, 78.66460283333332], [16.880024166666665, 78.66460283333332], [16.88002583333333, 78.66460283333332], [16.88002733333333, 78.66460283333332], [16.880028499999998, 78.66460266666667], [16.880029999999998, 78.66460266666667], [16.880031, 78.66460266666667], [16.88003216666667, 78.66460266666667], [16.880033333333333, 78.66460266666667], [16.880034333333334, 78.66460266666667], [16.88003516666667, 78.66460266666667], [16.880036166666667, 78.6646025], [16.880037166666668, 78.6646025], [16.88003816666667, 78.66460266666667], [16.880039333333333, 78.66460283333332], [16.880040666666666, 78.664603], [16.880042166666666, 78.66460333333333], [16.880043666666666, 78.66460350000001], [16.880045166666665, 78.66460383333333], [16.8800465, 78.664604], [16.880048, 78.66460433333333], [16.880049333333332, 78.6646045], [16.880050833333332, 78.66460483333334], [16.880052166666665, 78.664605], [16.8800535, 78.66460516666666], [16.880054833333336, 78.66460533333334], [16.88005616666667, 78.66460550000001], [16.880057500000003, 78.66460566666666], [16.880059000000003, 78.66460583333333], [16.880060833333335, 78.664606], [16.880062833333334, 78.66460616666667], [16.880065000000002, 78.66460633333332], [16.880067, 78.6646065], [16.880069166666665, 78.66460666666667], [16.880071166666667, 78.66460683333334], [16.880073166666666, 78.66460683333334], [16.880074999999998, 78.66460699999999], [16.880077000000004, 78.66460699999999], [16.880078833333336, 78.66460716666667], [16.880080666666668, 78.66460733333334], [16.880082666666667, 78.66460733333334], [16.88008466666667, 78.6646075], [16.880086666666667, 78.66460766666667], [16.880088666666666, 78.66460766666667], [16.880090499999998, 78.66460783333333], [16.880092333333334, 78.66460783333333], [16.880094, 78.664608], [16.880095666666666, 78.66460816666667], [16.880097, 78.66460833333333], [16.8800985, 78.6646085], [16.880099833333336, 78.6646085], [16.880101500000002, 78.66460866666667], [16.880102833333336, 78.66460883333333], [16.88010416666667, 78.66460883333333], [16.8801055, 78.664609], [16.880106833333333, 78.66460916666666], [16.880108, 78.66460933333333], [16.880109333333333, 78.66460933333333], [16.880110666666667, 78.66460950000001], [16.880111833333334, 78.66460966666666], [16.880112999999998, 78.66460966666666], [16.88011433333333, 78.66460983333333], [16.8801155, 78.66461], [16.880116833333332, 78.66461], [16.880118, 78.66461016666668], [16.880119166666667, 78.66461033333333], [16.880120166666664, 78.66461033333333], [16.880121, 78.6646105], [16.880121999999997, 78.66461066666668], [16.880122833333335, 78.66461066666668], [16.880124000000002, 78.66461083333334], [16.880124833333333, 78.664611], [16.880125833333334, 78.664611], [16.880127, 78.66461116666666], [16.880128, 78.66461116666666], [16.880128833333334, 78.66461133333334], [16.88012966666667, 78.6646115], [16.8801305, 78.6646115], [16.88013116666667, 78.66461166666666], [16.880131833333333, 78.66461183333332], [16.88013266666667, 78.66461183333332], [16.8801335, 78.664612], [16.880134333333334, 78.664612], [16.880135166666665, 78.66461216666667], [16.880136, 78.66461233333332], [16.880136666666665, 78.66461233333332], [16.8801375, 78.6646125], [16.880138166666665, 78.6646125], [16.880138833333334, 78.66461266666667], [16.880139166666666, 78.66461283333334], [16.88013983333333, 78.66461283333334], [16.880140333333333, 78.66461299999999], [16.880141, 78.66461299999999], [16.880141499999997, 78.66461316666667], [16.880142, 78.66461316666667], [16.880142666666664, 78.66461333333334], [16.880143166666667, 78.66461333333334], [16.880143666666665, 78.6646135], [16.88014433333333, 78.6646135], [16.880144833333336, 78.66461366666667], [16.880145666666667, 78.66461366666667], [16.88014616666667, 78.66461383333333], [16.88014666666667, 78.66461383333333], [16.880147166666667, 78.66461383333333], [16.8801475, 78.664614], [16.880147833333336, 78.664614], [16.880148166666668, 78.66461416666667], [16.880148666666667, 78.66461416666667], [16.88014916666667, 78.66461433333333], [16.880149666666668, 78.66461433333333], [16.880150166666667, 78.66461433333333], [16.8801505, 78.6646145], [16.880150833333335, 78.6646145], [16.880151166666668, 78.6646145], [16.8801515, 78.66461466666667], [16.880151833333333, 78.66461466666667], [16.880152333333335, 78.66461483333333], [16.880152833333334, 78.66461483333333], [16.8801535, 78.66461483333333], [16.880154333333333, 78.66461483333333], [16.880155, 78.664615], [16.8801555, 78.664615], [16.880156, 78.664615], [16.8801565, 78.66461516666666], [16.880157, 78.66461516666666], [16.880157333333333, 78.66461516666666], [16.880157666666666, 78.66461516666666], [16.880158166666668, 78.66461533333333], [16.880158666666667, 78.66461533333333], [16.880159166666665, 78.66461533333333], [16.880159666666668, 78.66461533333333], [16.880160166666666, 78.66461533333333], [16.8801605, 78.66461533333333], [16.880160666666665, 78.66461533333333], [16.880161166666667, 78.66461533333333], [16.880161666666666, 78.66461550000001], [16.880162166666665, 78.66461550000001], [16.88016233333333, 78.66461550000001], [16.880162833333333, 78.66461550000001], [16.880163333333332, 78.66461550000001], [16.880163666666665, 78.66461550000001], [16.880164166666667, 78.66461550000001], [16.8801645, 78.66461550000001], [16.880164833333332, 78.66461550000001], [16.880165166666664, 78.66461550000001], [16.880165499999997, 78.66461550000001], [16.880165833333333, 78.66461566666666], [16.88016633333333, 78.66461550000001], [16.88016683333333, 78.66461550000001], [16.88016716666667, 78.66461550000001], [16.880167500000002, 78.66461566666666], [16.880167833333335, 78.66461566666666], [16.880168166666667, 78.66461566666666], [16.8801685, 78.66461566666666], [16.88016866666667, 78.66461566666666], [16.880168833333336, 78.66461566666666], [16.880169000000002, 78.66461566666666], [16.880169333333335, 78.66461566666666], [16.8801695, 78.66461566666666], [16.880169833333333, 78.66461566666666], [16.88017016666667, 78.66461566666666], [16.880170500000002, 78.66461566666666], [16.880170666666668, 78.66461566666666], [16.880170833333334, 78.66461566666666], [16.880171, 78.66461566666666], [16.880171166666667, 78.66461566666666], [16.880171333333333, 78.66461566666666], [16.88017166666667, 78.66461566666666], [16.880171833333335, 78.66461566666666], [16.880172166666668, 78.66461550000001], [16.8801725, 78.66461550000001], [16.880172833333333, 78.66461550000001], [16.880173, 78.66461550000001], [16.88017316666667, 78.66461550000001], [16.880173333333335, 78.66461550000001], [16.8801735, 78.66461533333333], [16.8801735, 78.66461533333333], [16.880173666666668, 78.66461533333333], [16.880173666666668, 78.66461533333333], [16.880173833333334, 78.66461533333333], [16.880174, 78.66461533333333], [16.880174166666666, 78.66461533333333], [16.880174333333333, 78.66461533333333], [16.8801745, 78.66461533333333], [16.88017466666667, 78.66461533333333], [16.880174833333335, 78.66461516666666], [16.880175, 78.66461516666666], [16.880175166666668, 78.66461516666666], [16.880175333333334, 78.66461516666666], [16.8801755, 78.664615], [16.880175666666666, 78.664615], [16.880175833333332, 78.664615], [16.88017616666667, 78.664615], [16.880176333333335, 78.664615], [16.880176666666667, 78.66461483333333], [16.880176833333334, 78.66461483333333], [16.880176833333334, 78.66461483333333], [16.880176833333334, 78.66461483333333], [16.880177, 78.66461483333333], [16.880177166666666, 78.66461483333333], [16.8801775, 78.66461466666667], [16.880177833333335, 78.66461466666667], [16.880178, 78.66461466666667], [16.880178166666667, 78.66461466666667], [16.880178166666667, 78.66461466666667], [16.880178333333333, 78.6646145], [16.8801785, 78.6646145], [16.880178666666666, 78.6646145], [16.880178833333332, 78.6646145], [16.880179, 78.66461433333333], [16.880179, 78.66461433333333], [16.880179166666668, 78.66461433333333], [16.880179166666668, 78.66461433333333], [16.880179333333334, 78.66461416666667], [16.880179333333334, 78.66461416666667], [16.880179333333334, 78.66461416666667], [16.8801795, 78.664614], [16.8801795, 78.664614], [16.8801795, 78.664614], [16.880179666666667, 78.664614], [16.880179666666667, 78.664614], [16.880179833333333, 78.664614], [16.880179833333333, 78.664614], [16.880179666666667, 78.664614], [16.880179666666667, 78.66461383333333], [16.8801795, 78.66461383333333], [16.8801795, 78.66461383333333], [16.880179666666667, 78.66461383333333], [16.880179833333333, 78.66461366666667], [16.880179833333333, 78.66461366666667], [16.880179833333333, 78.66461366666667], [16.880179666666667, 78.66461366666667], [16.880179666666667, 78.66461366666667], [16.880179833333333, 78.66461366666667], [16.880179833333333, 78.6646135], [16.880179833333333, 78.6646135], [16.8801795, 78.6646135], [16.880179333333334, 78.6646135], [16.880179333333334, 78.6646135], [16.880179333333334, 78.6646135], [16.880179333333334, 78.6646135], [16.880179166666668, 78.66461333333334], [16.880178833333332, 78.66461333333334], [16.8801785, 78.66461333333334], [16.880178166666667, 78.66461333333334], [16.880178, 78.66461333333334], [16.880178, 78.66461333333334], [16.880177833333335, 78.66461333333334], [16.880177833333335, 78.66461333333334], [16.8801775, 78.66461333333334], [16.880177333333332, 78.66461333333334], [16.880177, 78.66461333333334], [16.880176833333334, 78.66461333333334], [16.8801765, 78.66461333333334], [16.88017616666667, 78.66461333333334], [16.880175833333332, 78.66461333333334], [16.880175333333334, 78.6646135], [16.880175, 78.6646135], [16.8801745, 78.6646135], [16.880174333333333, 78.6646135], [16.880174166666666, 78.6646135], [16.880173833333334, 78.6646135], [16.8801735, 78.6646135], [16.880172833333333, 78.66461366666667], [16.880172166666668, 78.66461366666667], [16.880171833333335, 78.66461366666667], [16.8801715, 78.66461366666667], [16.880171166666667, 78.66461366666667], [16.880170833333334, 78.66461366666667], [16.880170333333336, 78.66461383333333], [16.88017, 78.66461383333333], [16.8801695, 78.66461383333333], [16.88016916666667, 78.66461383333333], [16.880168833333336, 78.664614], [16.880168166666667, 78.664614], [16.88016766666667, 78.664614], [16.880167333333336, 78.664614], [16.88016683333333, 78.664614], [16.88016633333333, 78.664614], [16.880166, 78.664614], [16.880165499999997, 78.664614], [16.880165166666664, 78.66461416666667], [16.8801645, 78.66461416666667], [16.880163999999997, 78.66461416666667], [16.8801635, 78.66461416666667], [16.880163166666666, 78.66461433333333], [16.880162666666667, 78.66461433333333], [16.880162166666665, 78.66461433333333], [16.880161666666666, 78.66461433333333], [16.880160999999998, 78.66461433333333], [16.880160666666665, 78.66461433333333], [16.880160333333333, 78.66461433333333], [16.880159833333334, 78.6646145], [16.88015933333333, 78.6646145], [16.880158833333333, 78.6646145], [16.880158333333334, 78.6646145], [16.88015783333333, 78.6646145], [16.880157166666667, 78.6646145], [16.880156833333334, 78.6646145], [16.880156666666668, 78.6646145], [16.880156333333332, 78.6646145], [16.880156, 78.6646145], [16.8801555, 78.66461466666667], [16.88015516666667, 78.66461466666667], [16.880154666666666, 78.66461466666667], [16.880154333333333, 78.66461466666667], [16.880154, 78.66461466666667], [16.8801535, 78.66461466666667], [16.880153, 78.66461466666667], [16.880152666666667, 78.66461466666667], [16.880152333333335, 78.66461466666667], [16.88015216666667, 78.66461466666667], [16.880152, 78.66461466666667], [16.880151833333333, 78.66461466666667], [16.880151333333334, 78.66461466666667], [16.88015066666667, 78.66461466666667], [16.880150166666667, 78.6646145], [16.880149833333334, 78.6646145], [16.880149666666668, 78.6646145], [16.8801495, 78.6646145], [16.880149, 78.6646145], [16.8801485, 78.6646145], [16.880148166666668, 78.6646145], [16.88014766666667, 78.6646145], [16.8801475, 78.66461433333333], [16.8801475, 78.66461433333333], [16.880147166666667, 78.66461433333333], [16.88014666666667, 78.66461433333333], [16.88014616666667, 78.66461433333333], [16.880145833333334, 78.66461433333333], [16.8801455, 78.66461416666667], [16.88014516666667, 78.66461416666667], [16.88014466666667, 78.66461416666667], [16.880143999999998, 78.66461416666667], [16.880143333333333, 78.66461416666667], [16.88014283333333, 78.66461416666667], [16.880142666666664, 78.66461416666667], [16.880142499999998, 78.664614], [16.880142166666666, 78.664614], [16.88014133333333, 78.664614], [16.880140666666666, 78.664614], [16.880139999999997, 78.664614], [16.8801395, 78.664614], [16.880139166666666, 78.66461383333333], [16.880138833333334, 78.66461383333333], [16.880138166666665, 78.66461383333333], [16.880137666666666, 78.66461383333333], [16.88013683333333, 78.66461383333333], [16.880136, 78.66461383333333], [16.880135499999998, 78.66461383333333], [16.880135, 78.66461366666667], [16.8801345, 78.66461366666667], [16.880133833333332, 78.66461366666667], [16.880133333333333, 78.66461366666667], [16.880132833333334, 78.66461366666667], [16.880132333333332, 78.6646135], [16.880132, 78.6646135], [16.880131666666667, 78.6646135], [16.88013116666667, 78.66461333333334], [16.880130333333334, 78.66461333333334], [16.8801295, 78.66461333333334], [16.880129, 78.66461333333334], [16.880128666666668, 78.66461316666667], [16.880128333333335, 78.66461316666667], [16.880128, 78.66461299999999], [16.880127333333334, 78.66461299999999], [16.880126333333333, 78.66461299999999], [16.880125500000002, 78.66461299999999], [16.88012516666667, 78.66461283333334], [16.880124666666667, 78.66461283333334], [16.88012416666667, 78.66461266666667], [16.88012366666667, 78.66461266666667], [16.880122833333335, 78.66461266666667], [16.880122333333336, 78.66461266666667], [16.88012183333333, 78.6646125], [16.880121499999998, 78.6646125], [16.88012133333333, 78.66461233333332], [16.880120833333333, 78.66461233333332], [16.88012033333333, 78.66461216666667], [16.880119999999998, 78.66461216666667], [16.8801195, 78.664612], [16.880119333333333, 78.664612], [16.880119166666667, 78.66461183333332], [16.88011883333333, 78.66461183333332], [16.880118333333332, 78.66461166666666], [16.880117666666667, 78.66461166666666], [16.88011733333333, 78.6646115], [16.880117, 78.6646115], [16.8801165, 78.66461133333334], [16.880116333333334, 78.66461133333334], [16.880115999999997, 78.66461116666666], [16.8801155, 78.66461116666666], [16.880114666666667, 78.66461116666666], [16.880114, 78.664611], [16.8801135, 78.664611], [16.880112999999998, 78.664611], [16.880112333333333, 78.664611], [16.880111333333332, 78.664611], [16.8801105, 78.664611], [16.88011, 78.664611], [16.880109666666666, 78.664611], [16.880109333333333, 78.66461083333334], [16.880109, 78.66461083333334], [16.880108166666666, 78.66461066666668], [16.880107666666667, 78.66461066666668], [16.880107333333335, 78.66461066666668], [16.880107, 78.6646105], [16.880106666666666, 78.66461033333333], [16.880106166666668, 78.66461033333333], [16.88010566666667, 78.66461033333333], [16.880105166666667, 78.66461016666668], [16.880104666666668, 78.66461016666668], [16.880104333333335, 78.66461016666668], [16.880104, 78.66461], [16.880103833333333, 78.66461], [16.8801035, 78.66460983333333], [16.880103000000002, 78.66460983333333], [16.8801025, 78.66460966666666], [16.880102166666667, 78.66460966666666], [16.880102, 78.66460950000001], [16.88010166666667, 78.66460950000001], [16.880101500000002, 78.66460933333333], [16.88010116666667, 78.66460933333333], [16.880100833333334, 78.66460933333333], [16.880100333333335, 78.66460916666666], [16.880099833333336, 78.66460916666666], [16.880099499999996, 78.66460916666666], [16.880099166666664, 78.664609], [16.88009883333333, 78.664609], [16.880098333333333, 78.664609], [16.88009783333333, 78.664609], [16.88009733333333, 78.66460883333333], [16.880097, 78.66460883333333], [16.880096833333333, 78.66460866666667], [16.88009633333333, 78.66460866666667], [16.880095833333332, 78.66460866666667], [16.880095333333333, 78.66460866666667], [16.880094666666665, 78.6646085], [16.880094333333332, 78.6646085], [16.880094166666666, 78.6646085], [16.880093833333333, 78.6646085], [16.88009333333333, 78.6646085], [16.880092833333332, 78.6646085], [16.880092166666667, 78.6646085], [16.88009183333333, 78.6646085], [16.880091333333333, 78.66460833333333], [16.880091, 78.66460833333333], [16.880090666666668, 78.66460833333333], [16.88009, 78.66460816666667], [16.880089666666667, 78.66460816666667], [16.880089333333334, 78.66460816666667], [16.880089333333334, 78.664608], [16.880089333333334, 78.664608], [16.880088999999998, 78.664608], [16.880088666666666, 78.66460783333333], [16.880088, 78.66460783333333], [16.880087666666668, 78.66460783333333], [16.8800875, 78.66460766666667], [16.8800875, 78.66460766666667], [16.880087333333332, 78.6646075], [16.880087166666666, 78.6646075], [16.880086666666667, 78.6646075], [16.880086333333335, 78.66460733333334], [16.880086333333335, 78.66460733333334], [16.880086333333335, 78.66460716666667], [16.880086, 78.66460716666667], [16.880085666666666, 78.66460716666667], [16.880085166666667, 78.66460699999999], [16.88008466666667, 78.66460699999999], [16.8800845, 78.66460699999999], [16.8800845, 78.66460683333334], [16.880084333333333, 78.66460666666667], [16.880083833333334, 78.66460666666667], [16.880083333333335, 78.6646065], [16.880083, 78.6646065], [16.880082666666667, 78.66460633333332], [16.8800825, 78.66460633333332], [16.880082166666668, 78.66460616666667], [16.88008166666667, 78.66460616666667], [16.880081166666667, 78.66460616666667], [16.880080666666668, 78.664606], [16.880080333333336, 78.664606], [16.88008016666667, 78.664606], [16.88008, 78.66460583333333], [16.8800795, 78.66460583333333], [16.880079000000002, 78.66460566666666], [16.8800785, 78.66460566666666], [16.880078, 78.66460550000001], [16.88007766666667, 78.66460550000001], [16.880077500000002, 78.66460533333334], [16.880077333333336, 78.66460533333334], [16.880077000000004, 78.66460533333334], [16.88007683333333, 78.66460516666666], [16.880076666666664, 78.66460516666666], [16.880076499999998, 78.664605], [16.88007633333333, 78.664605], [16.880076166666665, 78.66460483333334], [16.880075833333333, 78.66460466666668], [16.880075166666664, 78.66460466666668], [16.88007483333333, 78.6646045], [16.880074666666665, 78.6646045], [16.8800745, 78.66460433333333], [16.8800745, 78.66460416666668], [16.880074333333333, 78.66460416666668], [16.880074, 78.664604], [16.880073333333332, 78.66460383333333], [16.880073166666666, 78.66460383333333], [16.880073166666666, 78.66460366666666], [16.880073, 78.66460366666666], [16.880072833333333, 78.66460350000001], [16.880072666666667, 78.66460350000001], [16.88007233333333, 78.66460333333333], [16.880071833333332, 78.66460333333333], [16.880071666666666, 78.66460316666667], [16.8800715, 78.664603], [16.880071166666667, 78.66460283333332], [16.88007083333333, 78.66460283333332], [16.880070166666666, 78.66460266666667], [16.880069833333334, 78.66460266666667], [16.880069666666667, 78.6646025], [16.8800695, 78.6646025], [16.88006933333333, 78.66460233333333], [16.880069166666665, 78.66460233333333], [16.880068666666666, 78.66460216666665], [16.880068333333334, 78.66460216666665], [16.880068, 78.664602], [16.880067666666665, 78.66460183333334], [16.880067666666665, 78.66460183333334], [16.880067166666667, 78.66460166666667], [16.8800665, 78.66460149999999], [16.880065666666667, 78.66460149999999], [16.880065166666668, 78.66460149999999], [16.880064833333332, 78.66460133333334], [16.880064666666666, 78.66460133333334], [16.8800645, 78.66460116666667], [16.880064166666667, 78.66460116666667], [16.880063500000002, 78.66460099999999], [16.880062833333334, 78.66460083333332], [16.880062333333335, 78.66460083333332], [16.880062000000002, 78.66460066666667], [16.880061666666666, 78.6646005], [16.880061166666668, 78.6646005], [16.880060333333333, 78.66460033333333], [16.880059833333334, 78.66460033333333], [16.880059666666668, 78.66460016666666], [16.8800595, 78.66460000000001], [16.88005916666667, 78.66460000000001], [16.880058666666667, 78.66459983333333], [16.880058000000002, 78.66459983333333], [16.880057333333333, 78.66459966666666], [16.880056833333335, 78.6645995], [16.88005666666667, 78.6645995], [16.88005666666667, 78.66459933333334], [16.880056333333336, 78.66459933333334], [16.880055833333333, 78.66459916666666], [16.88005516666667, 78.664599], [16.880054833333336, 78.664599], [16.88005466666667, 78.66459883333333], [16.88005433333333, 78.66459883333333], [16.88005383333333, 78.66459866666668], [16.880053166666666, 78.66459866666668], [16.880052666666664, 78.66459866666668], [16.880052499999998, 78.6645985], [16.880052166666665, 78.6645985], [16.880052, 78.66459833333333], [16.880051666666667, 78.66459816666666], [16.880051166666664, 78.66459816666666], [16.880050666666666, 78.664598], [16.880050333333333, 78.66459783333333], [16.88004983333333, 78.66459783333333], [16.8800495, 78.66459766666667], [16.880049, 78.66459766666667], [16.880048666666667, 78.6645975], [16.880048166666665, 78.66459733333333], [16.880047666666666, 78.66459733333333], [16.880047333333334, 78.66459716666667], [16.880047, 78.66459716666667], [16.88004683333333, 78.664597], [16.880046333333333, 78.66459683333332], [16.880046, 78.66459683333332], [16.88004533333333, 78.66459666666667], [16.880044833333333, 78.6645965], [16.880044333333334, 78.6645965], [16.880044166666668, 78.66459633333334], [16.880043833333332, 78.66459616666666], [16.880043333333333, 78.66459616666666], [16.880042833333334, 78.664596], [16.880042333333332, 78.66459583333334], [16.880041833333333, 78.66459566666667], [16.880041666666667, 78.66459566666667], [16.880041333333335, 78.66459549999999], [16.880040666666666, 78.66459533333334], [16.880040333333334, 78.66459516666667], [16.880039833333335, 78.66459499999999], [16.880039833333335, 78.66459499999999], [16.880039500000002, 78.66459483333333], [16.880039166666666, 78.66459466666667], [16.880038666666668, 78.6645945], [16.880038000000003, 78.6645945], [16.880037333333334, 78.66459433333333], [16.880036833333335, 78.66459416666666], [16.88003666666667, 78.66459400000001], [16.880036500000003, 78.66459400000001], [16.880036500000003, 78.66459383333333], [16.880037, 78.66459366666666], [16.880037833333333, 78.66459366666666], [16.880039500000002, 78.66459366666666], [16.880041833333333, 78.6645935], [16.880043833333332, 78.66459333333334], [16.880045833333334, 78.66459333333334], [16.880048, 78.66459333333334], [16.88005, 78.66459333333334], [16.88005233333333, 78.66459316666666], [16.880054500000004, 78.664593], [16.880056333333336, 78.664593], [16.880057833333336, 78.664593], [16.880059000000003, 78.664593], [16.880060333333333, 78.664593], [16.880061666666666, 78.664593], [16.880063, 78.66459283333333], [16.8800645, 78.66459283333333], [16.880066, 78.66459283333333], [16.8800675, 78.664593], [16.880069166666665, 78.66459316666666], [16.88007083333333, 78.66459333333334], [16.88007233333333, 78.6645935], [16.88007383333333, 78.66459383333333], [16.880075166666664, 78.66459433333333], [16.880076499999998, 78.66459466666667], [16.88007766666667, 78.66459516666667], [16.88007916666667, 78.66459549999999], [16.880080500000002, 78.664596], [16.880081833333335, 78.66459633333334], [16.880082833333333, 78.66459666666667], [16.8800835, 78.664597], [16.880084, 78.66459733333333], [16.8800845, 78.66459766666667], [16.88008466666667, 78.664598], [16.880085333333334, 78.66459833333333], [16.880085833333332, 78.66459866666668], [16.8800865, 78.66459883333333], [16.880087166666666, 78.66459933333334], [16.880087833333334, 78.66459966666666], [16.880088999999998, 78.66459983333333], [16.88009, 78.66460016666666], [16.880091666666665, 78.66460033333333], [16.880093, 78.6646005], [16.880094166666666, 78.66460083333332], [16.880095666666666, 78.66460099999999], [16.880097166666665, 78.66460116666667], [16.8800985, 78.66460149999999], [16.880100000000002, 78.66460166666667], [16.88010116666667, 78.66460183333334], [16.880102333333333, 78.664602], [16.880103166666668, 78.66460233333333], [16.880104, 78.6646025], [16.880105166666667, 78.66460266666667], [16.8801065, 78.66460283333332], [16.880107666666667, 78.66460316666667], [16.880108833333335, 78.66460333333333], [16.880109666666666, 78.66460350000001], [16.880110666666667, 78.66460383333333], [16.880111499999998, 78.66460383333333], [16.880112666666665, 78.664604], [16.880113666666666, 78.66460416666668], [16.880114499999998, 78.66460433333333], [16.880115333333332, 78.66460466666668], [16.880116166666667, 78.66460483333334], [16.880117166666665, 78.664605], [16.880118166666666, 78.66460516666666], [16.880119166666667, 78.66460533333334], [16.88011983333333, 78.66460550000001], [16.88012033333333, 78.66460583333333], [16.880120833333333, 78.66460583333333], [16.880121499999998, 78.664606], [16.880122500000002, 78.66460616666667], [16.8801235, 78.66460633333332], [16.880124333333335, 78.6646065], [16.880124833333333, 78.66460666666667], [16.880125500000002, 78.66460683333334], [16.880126166666667, 78.66460699999999], [16.880126833333335, 78.66460716666667], [16.880127333333334, 78.66460733333334], [16.880127666666667, 78.66460733333334], [16.88012816666667, 78.66460766666667], [16.8801285, 78.66460783333333], [16.880129166666666, 78.664608], [16.880129833333335, 78.664608], [16.8801305, 78.66460816666667], [16.88013116666667, 78.66460833333333], [16.8801315, 78.66460833333333], [16.880131833333333, 78.6646085], [16.880132166666666, 78.66460866666667], [16.880132833333334, 78.66460883333333], [16.8801335, 78.664609], [16.880134166666668, 78.664609], [16.8801345, 78.66460916666666], [16.880134833333333, 78.66460933333333], [16.880135166666665, 78.66460950000001], [16.880135499999998, 78.66460950000001], [16.880135666666668, 78.66460966666666], [16.880136, 78.66460983333333], [16.8801365, 78.66461], [16.88013683333333, 78.66461016666668], [16.880137333333334, 78.66461033333333], [16.880137666666666, 78.6646105], [16.880138166666665, 78.6646105], [16.880138499999997, 78.66461066666668], [16.880138666666667, 78.66461083333334], [16.880138833333334, 78.664611], [16.880139166666666, 78.664611], [16.880139666666665, 78.66461116666666], [16.880139999999997, 78.66461133333334], [16.8801405, 78.6646115], [16.880140833333332, 78.6646115], [16.880141, 78.66461166666666], [16.88014133333333, 78.66461183333332], [16.880141499999997, 78.66461183333332], [16.880141499999997, 78.664612], [16.880141666666667, 78.66461216666667], [16.880141833333333, 78.66461216666667], [16.880142166666666, 78.66461233333332], [16.880142666666664, 78.6646125], [16.88014283333333, 78.6646125], [16.880142999999997, 78.66461266666667], [16.88014283333333, 78.66461283333334], [16.880142999999997, 78.66461283333334], [16.880142999999997, 78.66461299999999], [16.880142999999997, 78.66461316666667], [16.880142999999997, 78.66461316666667], [16.880143166666667, 78.66461333333334], [16.880143333333333, 78.6646135], [16.880143333333333, 78.6646135], [16.880143166666667, 78.66461366666667], [16.880143166666667, 78.66461366666667], [16.880142999999997, 78.66461383333333], [16.880142999999997, 78.66461383333333], [16.880142999999997, 78.664614], [16.880143166666667, 78.664614], [16.8801435, 78.66461416666667], [16.880143666666665, 78.66461416666667], [16.880143999999998, 78.66461416666667], [16.88014433333333, 78.66461433333333], [16.880144166666664, 78.66461433333333], [16.880143999999998, 78.6646145], [16.880143999999998, 78.66461466666667], [16.880144166666664, 78.66461466666667], [16.880144499999997, 78.66461483333333], [16.88014466666667, 78.66461483333333], [16.880144833333336, 78.664615], [16.880145000000002, 78.664615], [16.880145000000002, 78.66461516666666], [16.88014516666667, 78.66461516666666], [16.88014516666667, 78.66461516666666], [16.88014516666667, 78.66461533333333], [16.880145000000002, 78.66461533333333], [16.880145000000002, 78.66461550000001], [16.880145000000002, 78.66461566666666], [16.88014516666667, 78.66461566666666], [16.880145333333335, 78.66461566666666], [16.8801455, 78.66461583333333], [16.880145333333335, 78.66461583333333], [16.88014516666667, 78.66461583333333], [16.880145000000002, 78.664616], [16.880145000000002, 78.664616], [16.88014516666667, 78.664616], [16.88014516666667, 78.66461616666668], [16.880145000000002, 78.66461616666668], [16.880144833333336, 78.66461633333333], [16.880144833333336, 78.66461633333333], [16.880144833333336, 78.66461633333333], [16.880144833333336, 78.66461633333333], [16.88014466666667, 78.66461633333333], [16.880144499999997, 78.6646165], [16.88014433333333, 78.6646165], [16.88014433333333, 78.6646165], [16.880144499999997, 78.66461666666667], [16.880144499999997, 78.66461666666667], [16.880144166666664, 78.66461666666667], [16.88014383333333, 78.66461666666667], [16.8801435, 78.66461683333334], [16.880143333333333, 78.66461683333334], [16.880143166666667, 78.66461683333334], [16.880142999999997, 78.66461683333334], [16.880142999999997, 78.66461683333334], [16.88014283333333, 78.66461699999999], [16.880142666666664, 78.66461699999999], [16.880142499999998, 78.66461699999999], [16.880142333333332, 78.66461699999999], [16.880142166666666, 78.66461699999999], [16.880142, 78.66461699999999], [16.880141499999997, 78.66461716666666], [16.880141499999997, 78.66461716666666], [16.880141166666665, 78.66461716666666], [16.880141, 78.66461716666666], [16.880140833333332, 78.66461716666666], [16.8801405, 78.66461716666666], [16.880140333333333, 78.66461716666666], [16.880139999999997, 78.66461716666666], [16.88013983333333, 78.66461716666666], [16.8801395, 78.66461716666666], [16.880139, 78.66461733333334], [16.880138666666667, 78.66461733333334], [16.880138499999997, 78.66461733333334], [16.880138, 78.66461733333334], [16.880137666666666, 78.66461733333334], [16.880137166666668, 78.66461733333334], [16.88013683333333, 78.66461733333334], [16.8801365, 78.66461733333334], [16.880136, 78.66461733333334], [16.880135666666668, 78.66461733333334], [16.880135166666665, 78.66461733333334], [16.880134666666667, 78.66461733333334], [16.880134166666668, 78.66461733333334], [16.880133999999998, 78.66461733333334], [16.880133666666666, 78.66461733333334], [16.880133333333333, 78.66461733333334], [16.88013266666667, 78.66461733333334], [16.880132333333332, 78.66461733333334], [16.880131666666667, 78.66461733333334], [16.88013116666667, 78.66461733333334], [16.880130833333332, 78.66461733333334], [16.880130333333334, 78.66461733333334], [16.88013, 78.66461733333334], [16.880129333333333, 78.66461733333334], [16.880129166666666, 78.66461733333334], [16.880129166666666, 78.66461733333334], [16.880129, 78.66461733333334], [16.880128666666668, 78.66461733333334], [16.88012816666667, 78.66461733333334], [16.880127833333333, 78.66461733333334], [16.8801275, 78.66461733333334], [16.880127333333334, 78.66461733333334], [16.880127, 78.66461716666666], [16.88012666666667, 78.66461716666666], [16.880126, 78.66461716666666], [16.880125500000002, 78.66461716666666], [16.880125333333336, 78.66461716666666], [16.880124833333333, 78.66461716666666], [16.880124333333335, 78.66461716666666], [16.88012416666667, 78.66461716666666], [16.88012366666667, 78.66461716666666], [16.8801235, 78.66461716666666], [16.880123166666667, 78.66461716666666], [16.880123166666667, 78.66461716666666], [16.880122833333335, 78.66461699999999], [16.88012266666667, 78.66461699999999], [16.880122500000002, 78.66461699999999], [16.880122333333336, 78.66461699999999], [16.880121999999997, 78.66461683333334], [16.88012183333333, 78.66461683333334], [16.88012133333333, 78.66461683333334], [16.880121166666665, 78.66461683333334], [16.880121, 78.66461666666667], [16.880120833333333, 78.66461666666667], [16.88012033333333, 78.66461666666667], [16.880120166666664, 78.66461666666667], [16.880119999999998, 78.66461666666667], [16.88011983333333, 78.6646165], [16.880120166666664, 78.6646165], [16.880120166666664, 78.6646165], [16.880119666666666, 78.6646165], [16.880119333333333, 78.66461633333333], [16.880119166666667, 78.66461633333333], [16.880119166666667, 78.66461633333333], [16.880118999999997, 78.66461616666668], [16.88011883333333, 78.66461616666668], [16.880118333333332, 78.66461616666668], [16.880117833333333, 78.66461616666668], [16.880117499999997, 78.66461616666668], [16.880117499999997, 78.66461616666668], [16.880117166666665, 78.66461616666668], [16.880116666666666, 78.66461616666668], [16.880116166666667, 78.66461616666668], [16.880115666666665, 78.66461616666668], [16.880115333333332, 78.66461616666668], [16.880115333333332, 78.664616], [16.880115, 78.664616], [16.880114666666667, 78.664616], [16.88011433333333, 78.664616], [16.880114, 78.664616], [16.880113666666666, 78.664616], [16.8801135, 78.664616], [16.880113166666668, 78.664616], [16.88011283333333, 78.664616], [16.880112666666665, 78.664616], [16.880112333333333, 78.66461616666668], [16.880112333333333, 78.66461616666668], [16.880112333333333, 78.66461616666668], [16.880112, 78.66461616666668], [16.880111499999998, 78.66461633333333], [16.880111166666666, 78.66461633333333], [16.880110833333333, 78.66461633333333], [16.8801105, 78.6646165], [16.880110166666668, 78.6646165], [16.88011, 78.6646165], [16.880109833333332, 78.6646165], [16.880109666666666, 78.6646165], [16.8801095, 78.6646165], [16.880109166666667, 78.66461666666667], [16.880109, 78.66461666666667], [16.880109, 78.66461666666667], [16.880108833333335, 78.66461666666667], [16.8801085, 78.66461666666667], [16.880108166666666, 78.66461666666667], [16.880107833333334, 78.66461666666667], [16.880107666666667, 78.66461666666667], [16.880107666666667, 78.66461666666667], [16.880107333333335, 78.66461666666667], [16.880107, 78.66461666666667], [16.880106833333333, 78.66461666666667], [16.880106666666666, 78.66461683333334], [16.8801065, 78.66461683333334], [16.880106166666668, 78.66461683333334], [16.880105833333335, 78.66461683333334], [16.8801055, 78.66461683333334], [16.880105333333333, 78.66461683333334], [16.880105166666667, 78.66461683333334], [16.880105166666667, 78.66461683333334], [16.880105, 78.66461699999999], [16.880104666666668, 78.66461699999999], [16.8801045, 78.66461699999999], [16.880104333333335, 78.66461699999999], [16.88010416666667, 78.66461699999999], [16.880103833333333, 78.66461699999999], [16.880103333333334, 78.66461699999999], [16.880103000000002, 78.66461699999999], [16.88010266666667, 78.66461699999999], [16.8801025, 78.66461699999999], [16.880102333333333, 78.66461683333334], [16.880102, 78.66461683333334], [16.880101500000002, 78.66461683333334], [16.88010116666667, 78.66461683333334], [16.880100833333334, 78.66461683333334], [16.8801005, 78.66461683333334], [16.880100333333335, 78.66461683333334], [16.880099833333336, 78.66461683333334], [16.88009933333333, 78.66461683333334], [16.880098999999998, 78.66461683333334], [16.880098666666665, 78.66461666666667], [16.880098333333333, 78.66461666666667], [16.88009783333333, 78.66461666666667], [16.880097499999998, 78.66461666666667], [16.880097, 78.6646165], [16.880096499999997, 78.6646165], [16.880096166666664, 78.66461633333333], [16.880095833333332, 78.66461633333333], [16.8800955, 78.66461633333333], [16.880094999999997, 78.66461616666668], [16.8800945, 78.66461616666668], [16.880094, 78.664616], [16.880093499999997, 78.664616], [16.880093, 78.66461583333333], [16.880092333333334, 78.66461583333333], [16.88009183333333, 78.66461583333333], [16.880091166666666, 78.66461566666666], [16.880090499999998, 78.66461566666666], [16.88009, 78.66461550000001], [16.880089666666667, 78.66461550000001], [16.880089333333334, 78.66461533333333], [16.880089166666668, 78.66461533333333], [16.880088999999998, 78.66461516666666], [16.880088666666666, 78.664615], [16.8800885, 78.664615], [16.880088, 78.664615], [16.8800875, 78.66461483333333], [16.880087, 78.66461466666667], [16.880086666666667, 78.66461466666667], [16.88008616666667, 78.6646145], [16.8800855, 78.66461433333333], [16.880085166666667, 78.66461433333333], [16.88008466666667, 78.66461433333333], [16.880084, 78.66461416666667], [16.88008316666667, 78.66461416666667], [16.8800825, 78.664614], [16.880081833333335, 78.66461383333333], [16.880081166666667, 78.66461383333333], [16.880080500000002, 78.66461366666667], [16.880079833333333, 78.66461366666667], [16.8800795, 78.6646135], [16.88007916666667, 78.66461333333334], [16.880079000000002, 78.66461333333334], [16.8800785, 78.66461316666667], [16.880078166666667, 78.66461316666667], [16.880077833333335, 78.66461299999999], [16.880077500000002, 78.66461299999999], [16.880077000000004, 78.66461283333334], [16.880076499999998, 78.66461266666667], [16.880075833333333, 78.66461266666667], [16.8800755, 78.6646125], [16.88007533333333, 78.66461233333332], [16.880075166666664, 78.66461233333332], [16.88007483333333, 78.66461216666667], [16.880074166666667, 78.66461216666667], [16.880073499999998, 78.664612], [16.880073, 78.664612], [16.8800725, 78.664612], [16.880071666666666, 78.664612], [16.88007083333333, 78.664612], [16.88007, 78.664612], [16.880069166666665, 78.664612], [16.8800685, 78.664612], [16.880068, 78.664612], [16.880067333333333, 78.664612], [16.8800665, 78.664612], [16.880066, 78.664612], [16.880065333333334, 78.664612], [16.880064833333332, 78.664612], [16.880064333333333, 78.664612], [16.88006366666667, 78.664612], [16.880063166666666, 78.664612], [16.8800625, 78.664612], [16.880061833333333, 78.66461216666667], [16.880061166666668, 78.66461216666667], [16.880060833333335, 78.66461216666667], [16.880060166666667, 78.66461216666667], [16.880059666666668, 78.66461216666667], [16.880058833333333, 78.66461233333332], [16.880058166666668, 78.66461233333332], [16.880057500000003, 78.66461233333332], [16.880057, 78.66461233333332], [16.880056333333336, 78.66461233333332], [16.8800555, 78.66461233333332], [16.88005466666667, 78.66461233333332], [16.880054166666664, 78.66461233333332], [16.880053666666665, 78.66461233333332], [16.880053166666666, 78.66461233333332], [16.880052499999998, 78.66461233333332], [16.880051833333333, 78.66461233333332], [16.880051166666664, 78.66461233333332], [16.8800505, 78.66461233333332], [16.88004983333333, 78.66461233333332], [16.880049166666666, 78.6646125], [16.88004833333333, 78.6646125], [16.880047666666666, 78.6646125], [16.88004683333333, 78.6646125], [16.880046333333333, 78.6646125], [16.880045666666668, 78.6646125], [16.880045, 78.6646125], [16.880044333333334, 78.6646125], [16.880043333333333, 78.6646125], [16.880042500000002, 78.6646125], [16.880041833333333, 78.6646125], [16.88004116666667, 78.6646125], [16.8800405, 78.6646125], [16.88003966666667, 78.6646125], [16.880039, 78.66461233333332], [16.88003816666667, 78.66461233333332], [16.880037666666666, 78.66461233333332], [16.880037166666668, 78.66461233333332], [16.880036333333333, 78.66461233333332], [16.880035666666668, 78.66461233333332], [16.88003516666667, 78.66461233333332], [16.880034666666667, 78.66461216666667], [16.88003416666667, 78.66461216666667], [16.88003366666667, 78.66461216666667], [16.880033166666667, 78.66461216666667], [16.88003266666667, 78.664612], [16.880032000000003, 78.664612], [16.880031499999998, 78.664612], [16.880031166666665, 78.66461183333332], [16.880030666666666, 78.66461183333332], [16.880030166666664, 78.66461183333332], [16.88002983333333, 78.66461183333332], [16.88002983333333, 78.66461183333332], [16.88003033333333, 78.66461216666667], [16.880031, 78.6646125], [16.88003216666667, 78.66461333333334], [16.8800345, 78.66461416666667], [16.880037, 78.66461533333333], [16.880040666666666, 78.6646165], [16.880045, 78.66461783333332], [16.880050333333333, 78.66461916666667], [16.88005616666667, 78.6646205], [16.88006216666667, 78.66462183333333], [16.880068833333333, 78.66462316666666], [16.880076166666665, 78.6646245], [16.880084333333333, 78.66462566666668], [16.880092666666666, 78.66462683333333], [16.880101333333336, 78.664628], [16.88011, 78.66462916666666], [16.880119166666667, 78.66463016666667], [16.880128333333335, 78.66463116666667], [16.880137833333333, 78.664632], [16.880147166666667, 78.66463300000001], [16.880156166666666, 78.66463383333333], [16.8801645, 78.66463483333334], [16.88017316666667, 78.6646355], [16.880182166666668, 78.66463616666667], [16.880191333333336, 78.66463683333333], [16.880200666666667, 78.66463733333333], [16.880210166666664, 78.66463783333333], [16.880219333333333, 78.66463866666666], [16.880228, 78.66463933333333], [16.880237333333334, 78.66463999999999], [16.880246833333334, 78.66464066666667], [16.88025683333333, 78.66464133333334], [16.880266833333334, 78.66464183333332], [16.880277, 78.66464233333333], [16.880287333333335, 78.66464283333333], [16.880297833333334, 78.66464316666666], [16.8803085, 78.6646435], [16.880319, 78.66464383333333], [16.88032966666667, 78.66464416666666], [16.880339833333334, 78.6646445], [16.880350166666666, 78.66464466666666], [16.880360666666665, 78.66464500000001], [16.880371166666666, 78.66464516666666], [16.8803815, 78.66464533333333], [16.88039183333333, 78.66464566666667], [16.880402166666666, 78.66464566666667]]]}}]}