{"type": "FeatureCollection", "features": [{"type": "Feature", "properties": {"recording": "20260907_130153", "kind": "recorded GPS track"}, "geometry": {"type": "MultiLineString", "coordinates": [[[16.911109500000002, 78.66180800000001], [16.911109333333332, 78.66180899999999], [16.9111085, 78.66180983333334], [16.911106500000002, 78.6618105], [16.911104, 78.661811], [16.911101666666664, 78.66181166666667], [16.911099999999998, 78.661812], [16.91109733333333, 78.6618125], [16.911093333333334, 78.66181283333334], [16.9110895, 78.66181316666666], [16.911085333333332, 78.66181350000001], [16.911081833333334, 78.66181383333333], [16.91107783333333, 78.66181416666667], [16.911073833333333, 78.66181466666667], [16.911069666666666, 78.66181499999999], [16.911065666666666, 78.66181516666667], [16.911062, 78.6618155], [16.911058, 78.66181566666667], [16.911054166666666, 78.661816], [16.911050166666666, 78.66181616666667], [16.911046166666665, 78.6618165], [16.911041833333336, 78.66181683333333], [16.911037333333336, 78.66181716666667], [16.911032499999997, 78.66181766666666], [16.911027666666666, 78.661818], [16.911022833333334, 78.66181833333333], [16.911017666666666, 78.66181883333334], [16.911012666666668, 78.66181933333334], [16.911007333333334, 78.66181966666666], [16.911001833333334, 78.66182016666667], [16.910996666666666, 78.66182066666667], [16.910991333333335, 78.66182116666667], [16.91098583333333, 78.66182166666667], [16.9109805, 78.66182233333333], [16.910975, 78.66182283333333], [16.910969333333334, 78.66182333333333], [16.910963666666664, 78.661824], [16.910958166666667, 78.6618245], [16.9109525, 78.661825], [16.910946666666668, 78.66182533333334], [16.910941166666664, 78.66182583333332], [16.9109355, 78.66182633333332], [16.910929833333334, 78.66182683333334], [16.910924166666668, 78.66182733333333], [16.910918166666665, 78.661828], [16.910912, 78.66182866666666], [16.910905, 78.66182966666666], [16.910897666666663, 78.66183083333334], [16.91089, 78.66183216666667], [16.910882333333333, 78.66183366666668], [16.91087483333333, 78.66183533333333], [16.9108675, 78.661837], [16.910860666666668, 78.66183883333333], [16.91085466666667, 78.66184066666666], [16.91084933333333, 78.66184249999999], [16.910844833333332, 78.66184433333333], [16.910840666666665, 78.66184633333334], [16.910837666666666, 78.66184833333334], [16.910836333333336, 78.66185], [16.910835833333334, 78.66185183333333], [16.910837666666666, 78.66185333333333], [16.910840333333333, 78.66185483333334], [16.9108435, 78.661856], [16.910846666666664, 78.66185716666668], [16.910850999999997, 78.66185783333334], [16.910855333333334, 78.66185866666666], [16.91086, 78.66185933333333], [16.910864833333335, 78.66185983333334], [16.9108695, 78.6618605], [16.910874666666665, 78.661861], [16.910879833333336, 78.66186133333333], [16.910885333333333, 78.66186133333333], [16.910890833333333, 78.66186133333333], [16.910896333333334, 78.66186116666667], [16.910901833333334, 78.66186083333334], [16.910907166666668, 78.66186033333334], [16.910912333333332, 78.66185999999999], [16.910917666666666, 78.66185999999999], [16.910922666666668, 78.66185966666667], [16.910927666666666, 78.6618595], [16.9109325, 78.66185933333333], [16.910937333333333, 78.66185916666667], [16.910942, 78.661859], [16.910946666666668, 78.66185883333333], [16.9109515, 78.66185883333333], [16.910956833333334, 78.66185883333333], [16.91096183333333, 78.661859], [16.9109675, 78.66185916666667], [16.910972666666666, 78.66185933333333], [16.910978333333333, 78.6618595], [16.910983833333333, 78.66185966666667], [16.91098966666667, 78.66185999999999], [16.910995333333336, 78.66186016666667], [16.911001166666665, 78.66186033333334], [16.911006666666665, 78.66186066666667], [16.911012500000002, 78.66186083333334], [16.911018333333335, 78.661861], [16.911024, 78.66186133333333], [16.911029499999998, 78.6618615], [16.911035333333334, 78.66186166666667], [16.911041, 78.661862], [16.911046666666667, 78.66186216666667], [16.9110525, 78.66186250000001], [16.911058166666667, 78.66186266666666], [16.911063833333333, 78.661863], [16.9110695, 78.66186333333333], [16.911075166666667, 78.6618635], [16.911081000000003, 78.66186383333334], [16.9110865, 78.661864], [16.911092166666666, 78.66186433333334], [16.911097666666667, 78.66186450000001], [16.911103500000003, 78.66186483333333], [16.911109166666666, 78.661865], [16.911114666666666, 78.66186533333332], [16.911120333333333, 78.6618655], [16.911126000000003, 78.66186583333334], [16.911131666666666, 78.66186616666667], [16.911137333333333, 78.66186633333334], [16.911143, 78.6618665], [16.91114866666667, 78.66186666666667], [16.911154333333332, 78.66186683333333], [16.911160166666665, 78.66186716666667], [16.911165999999998, 78.66186716666667], [16.911171833333334, 78.6618675], [16.911177666666667, 78.66186766666667], [16.911183166666667, 78.66186783333333], [16.91118883333333, 78.661868], [16.911194666666667, 78.66186816666666], [16.911200166666667, 78.66186833333333], [16.911205833333334, 78.66186850000001], [16.911211666666667, 78.66186850000001], [16.911217333333333, 78.66186866666666], [16.911223, 78.66186883333333], [16.911228833333332, 78.661869], [16.91123483333333, 78.66186916666668], [16.911240833333334, 78.66186933333333], [16.911246833333333, 78.6618695], [16.911252833333332, 78.66186966666668], [16.91125883333333, 78.66186966666668], [16.911264666666668, 78.66186983333334], [16.911270333333334, 78.66186983333334], [16.911276333333333, 78.66187], [16.91128216666667, 78.66187], [16.91128816666667, 78.66187016666666], [16.911293666666666, 78.66187033333334], [16.91129983333333, 78.66187033333334], [16.911306000000003, 78.6618705], [16.911312000000002, 78.6618705], [16.911318, 78.66187066666666], [16.911324333333333, 78.66187066666666], [16.911330500000002, 78.66187083333332], [16.9113365, 78.661871], [16.911342666666666, 78.661871], [16.911348999999998, 78.66187116666667], [16.911355166666667, 78.66187133333332], [16.911361333333332, 78.66187133333332], [16.911367499999997, 78.66187133333332], [16.9113735, 78.6618715], [16.91137966666667, 78.6618715], [16.911385833333334, 78.6618715], [16.911391833333333, 78.6618715], [16.911398166666668, 78.6618715], [16.911404166666667, 78.6618715], [16.9114105, 78.6618715], [16.911416499999998, 78.6618715], [16.911422833333333, 78.6618715], [16.911429, 78.6618715], [16.911434999999997, 78.6618715], [16.911441500000002, 78.6618715], [16.911447666666668, 78.6618715], [16.911453833333333, 78.6618715], [16.911459999999998, 78.66187133333332], [16.911466333333333, 78.66187133333332], [16.9114725, 78.66187133333332], [16.911478666666667, 78.66187133333332], [16.911484833333336, 78.66187133333332], [16.911491, 78.66187133333332], [16.911497166666667, 78.66187133333332], [16.911503166666666, 78.66187133333332], [16.911509333333335, 78.66187116666667], [16.9115155, 78.66187116666667], [16.91152183333333, 78.66187116666667], [16.911528166666667, 78.661871], [16.911534500000002, 78.661871], [16.911540833333333, 78.661871], [16.91154733333333, 78.661871], [16.91155366666667, 78.661871], [16.911559833333335, 78.66187083333332], [16.911566, 78.66187083333332], [16.911572166666666, 78.66187083333332], [16.91157816666667, 78.66187066666666], [16.911584333333334, 78.66187066666666], [16.9115905, 78.66187066666666], [16.911596499999998, 78.66187066666666], [16.911602666666667, 78.6618705], [16.911608833333332, 78.6618705], [16.911614999999998, 78.66187033333334], [16.911621500000003, 78.66187033333334], [16.911627666666668, 78.66187033333334], [16.911633666666667, 78.66187016666666], [16.911639666666666, 78.66187016666666], [16.91164566666667, 78.66187], [16.911651833333334, 78.66187], [16.911658, 78.66186983333334], [16.911664166666664, 78.66186983333334], [16.9116705, 78.66186966666668], [16.911676666666665, 78.66186966666668], [16.911683, 78.6618695], [16.91168916666667, 78.6618695], [16.9116955, 78.66186933333333], [16.911701666666666, 78.66186916666668], [16.91170783333333, 78.66186916666668], [16.911713833333334, 78.661869], [16.91172, 78.66186883333333], [16.911725999999998, 78.66186866666666], [16.911732166666663, 78.66186866666666], [16.911738166666666, 78.66186850000001], [16.911744333333335, 78.66186833333333], [16.911750333333334, 78.66186816666666], [16.911756500000003, 78.661868], [16.911762500000002, 78.661868], [16.9117685, 78.66186783333333], [16.911774666666666, 78.66186766666667], [16.911780833333335, 78.6618675], [16.911787166666667, 78.6618675], [16.911793333333332, 78.66186733333333], [16.911799666666663, 78.66186716666667], [16.911805666666666, 78.661867], [16.911812, 78.661867], [16.911818, 78.66186683333333], [16.91182416666667, 78.66186666666667], [16.911830333333334, 78.6618665], [16.9118365, 78.6618665], [16.911842666666665, 78.66186633333334], [16.911848666666668, 78.66186616666667], [16.911855, 78.66186599999999], [16.91186133333333, 78.66186599999999], [16.911867500000003, 78.66186583333334], [16.91187366666667, 78.66186566666667], [16.911879833333334, 78.6618655], [16.911886, 78.66186533333332], [16.911891833333335, 78.66186516666667], [16.911897833333335, 78.661865], [16.911903833333334, 78.66186483333333], [16.911909833333333, 78.66186466666666], [16.911916166666668, 78.66186450000001], [16.9119225, 78.66186433333334], [16.9119285, 78.66186433333334], [16.911934666666664, 78.66186416666666], [16.911940666666666, 78.661864], [16.911946666666665, 78.66186383333334], [16.911952666666664, 78.66186366666668], [16.911958833333333, 78.66186366666668], [16.911964833333332, 78.6618635], [16.91197083333333, 78.66186333333333], [16.911977, 78.66186316666668], [16.911983333333335, 78.66186316666668], [16.9119895, 78.661863], [16.9119955, 78.66186283333333], [16.9120015, 78.66186283333333], [16.912007666666668, 78.66186266666666], [16.912013666666667, 78.66186250000001], [16.912019666666666, 78.66186233333333], [16.91202566666667, 78.66186216666667], [16.912031666666667, 78.661862], [16.912037666666667, 78.66186183333333], [16.912043833333332, 78.66186166666667], [16.912050166666667, 78.6618615], [16.912056333333332, 78.66186133333333], [16.912062666666667, 78.66186116666667], [16.912068666666666, 78.661861], [16.912074833333335, 78.661861], [16.912080833333334, 78.66186083333334], [16.912087, 78.66186066666667], [16.912092833333336, 78.6618605], [16.912098833333335, 78.66186033333334], [16.912105, 78.66186016666667], [16.912111, 78.66185999999999], [16.91211716666667, 78.66185983333334], [16.912123333333334, 78.66185966666667], [16.912129333333333, 78.6618595], [16.91213533333333, 78.66185933333333], [16.9121415, 78.66185916666667], [16.912147666666666, 78.661859], [16.912153666666665, 78.66185883333333], [16.91215983333333, 78.66185866666666], [16.912166, 78.66185850000001], [16.912171999999998, 78.66185833333334], [16.912178166666667, 78.66185816666666], [16.91218416666667, 78.661858], [16.91219016666667, 78.66185783333334], [16.912195999999998, 78.66185766666668], [16.912202166666667, 78.6618575], [16.912208333333336, 78.66185733333333], [16.912214833333334, 78.66185716666668], [16.912221166666665, 78.661857], [16.91222733333333, 78.66185683333333], [16.912233833333335, 78.66185666666667], [16.91224, 78.66185650000001], [16.912246166666666, 78.66185633333333], [16.9122525, 78.66185616666667], [16.9122585, 78.661856], [16.912264666666665, 78.66185583333332], [16.912270999999997, 78.66185566666667], [16.91227716666667, 78.6618555], [16.912283333333335, 78.66185533333334], [16.9122895, 78.66185516666665], [16.912295833333335, 78.661855], [16.912302333333333, 78.66185483333334], [16.912308499999998, 78.66185449999999], [16.912314666666667, 78.66185449999999], [16.912321000000002, 78.66185433333334], [16.912327333333334, 78.66185416666667], [16.912333333333333, 78.66185399999999], [16.912339666666664, 78.66185383333332], [16.912345833333333, 78.6618535], [16.912352, 78.66185333333333], [16.912358333333334, 78.66185316666666], [16.912364500000002, 78.66185300000001], [16.912370666666668, 78.66185283333333], [16.912376833333333, 78.6618525], [16.912383166666665, 78.6618525], [16.912389333333333, 78.66185216666666], [16.9123955, 78.661852], [16.912401666666664, 78.66185183333333], [16.912407666666663, 78.66185166666668], [16.912414000000002, 78.6618515], [16.912420166666667, 78.66185116666666], [16.912426333333332, 78.661851], [16.9124325, 78.66185083333333], [16.912438666666667, 78.66185066666667], [16.912444999999998, 78.66185033333333], [16.912450999999997, 78.66185016666667], [16.912457333333336, 78.66185], [16.912463666666667, 78.66184966666667], [16.912469833333333, 78.6618495], [16.912476166666668, 78.66184933333334], [16.9124825, 78.66184916666666], [16.912488833333335, 78.66184883333334], [16.912495, 78.66184866666667], [16.912501333333335, 78.66184849999999], [16.9125075, 78.66184833333334], [16.912513833333332, 78.66184816666667], [16.912520166666663, 78.66184799999999], [16.912526500000002, 78.66184783333333], [16.912532833333334, 78.66184766666667], [16.912539166666665, 78.66184733333333], [16.912545333333334, 78.66184716666666], [16.912551666666666, 78.66184700000001], [16.912558, 78.66184683333333], [16.912564333333332, 78.66184666666666], [16.9125705, 78.6618465], [16.912576666666666, 78.66184616666666], [16.91258283333333, 78.661846], [16.912589, 78.66184583333333], [16.912595333333336, 78.66184566666668], [16.912601833333333, 78.66184533333333], [16.912608, 78.66184516666667], [16.912614333333334, 78.661845], [16.912620666666665, 78.66184483333333], [16.912627, 78.66184466666667], [16.912633333333336, 78.66184433333333], [16.9126395, 78.66184416666667], [16.912645833333332, 78.661844], [16.912651999999998, 78.66184383333332], [16.912658166666667, 78.66184366666667], [16.912664333333332, 78.66184333333334], [16.912670833333333, 78.66184316666666], [16.912677, 78.661843], [16.9126835, 78.66184283333334], [16.91268983333333, 78.66184266666667], [16.912696166666667, 78.66184233333334], [16.912702666666668, 78.66184216666667], [16.912709, 78.661842], [16.912715166666665, 78.66184183333333], [16.9127215, 78.66184166666667], [16.91272766666667, 78.66184150000001], [16.912733833333334, 78.66184116666666], [16.912740333333332, 78.66184100000001], [16.9127465, 78.66184083333333], [16.912752833333332, 78.66184066666666], [16.912759166666667, 78.66184033333334], [16.912765666666665, 78.66184016666666], [16.912772, 78.66184], [16.912778166666666, 78.66183966666668], [16.91278433333333, 78.6618395], [16.91279066666667, 78.66183933333333], [16.912796833333335, 78.66183916666667], [16.912803, 78.66183883333333], [16.912809333333332, 78.66183866666667], [16.912815666666667, 78.6618385], [16.912821833333332, 78.66183833333334], [16.912828166666667, 78.661838], [16.912834333333333, 78.66183783333332], [16.912840666666668, 78.66183766666667], [16.912847166666666, 78.66183733333334], [16.912853166666665, 78.66183716666666], [16.912859500000003, 78.661837], [16.912866, 78.66183666666667], [16.912872333333333, 78.66183649999999], [16.912878666666664, 78.66183633333334], [16.912885000000003, 78.661836], [16.912891333333334, 78.66183583333333], [16.912897833333332, 78.66183566666668], [16.912904166666667, 78.66183533333333], [16.912910333333333, 78.66183516666666], [16.912916499999998, 78.66183500000001], [16.912923, 78.66183466666666], [16.912929166666668, 78.6618345], [16.9129355, 78.66183433333335], [16.912941666666665, 78.66183416666667], [16.912947999999997, 78.66183383333333], [16.912954333333335, 78.66183366666668], [16.912960666666667, 78.6618335], [16.912966833333332, 78.66183333333333], [16.912973333333333, 78.66183316666667], [16.91297966666667, 78.66183299999999], [16.912986166666666, 78.66183283333334], [16.912992499999998, 78.6618325], [16.912998833333333, 78.66183233333332], [16.913005166666668, 78.66183216666667], [16.9130115, 78.66183183333332], [16.913017833333335, 78.66183166666666], [16.913024166666666, 78.6618315], [16.913030666666668, 78.66183133333334], [16.913037, 78.66183099999999], [16.913043333333334, 78.66183083333334], [16.9130495, 78.66183066666667], [16.913055666666665, 78.6618305], [16.913061833333334, 78.66183016666668], [16.913067833333333, 78.66183], [16.913073833333332, 78.66182983333333], [16.913079666666665, 78.66182950000001], [16.9130855, 78.66182933333333], [16.913091166666668, 78.66182916666666], [16.913096666666668, 78.661829], [16.913102, 78.66182883333333], [16.913107333333336, 78.6618285], [16.913112666666667, 78.66182833333333], [16.91311766666667, 78.66182816666667], [16.913122666666666, 78.661828], [16.913127499999998, 78.66182783333333], [16.913132333333333, 78.66182766666667], [16.913137, 78.6618275], [16.9131415, 78.66182733333333], [16.913145666666665, 78.66182716666667], [16.913149833333332, 78.66182699999999], [16.913153833333336, 78.66182683333334], [16.913157833333333, 78.66182666666667], [16.913161833333334, 78.66182633333332], [16.913165499999998, 78.66182616666667], [16.913169166666666, 78.661826], [16.913172666666664, 78.66182583333332], [16.913176, 78.66182566666666], [16.913179166666666, 78.6618255], [16.9131825, 78.66182533333334], [16.913185833333333, 78.66182516666666], [16.913189166666665, 78.661825], [16.913192499999997, 78.66182483333334], [16.913195833333337, 78.66182466666667], [16.913199000000002, 78.66182466666667], [16.913201833333336, 78.6618245], [16.913204666666665, 78.66182433333333], [16.9132075, 78.66182416666668], [16.913210333333332, 78.661824], [16.913213166666665, 78.66182383333333], [16.913215833333332, 78.66182383333333], [16.913218500000003, 78.66182366666666], [16.913221166666666, 78.66182350000001], [16.913223666666667, 78.66182350000001], [16.913225833333335, 78.66182333333333], [16.913228166666666, 78.66182316666666], [16.9132305, 78.661823], [16.913232666666666, 78.661823], [16.913235, 78.66182283333333], [16.913237166666665, 78.66182283333333], [16.913239333333333, 78.66182266666667], [16.9132415, 78.66182266666667], [16.9132435, 78.6618225], [16.913245333333336, 78.6618225], [16.913247166666668, 78.66182233333333], [16.913249166666667, 78.66182233333333], [16.913251, 78.66182216666667], [16.913252833333335, 78.66182216666667], [16.913254666666667, 78.661822], [16.9132565, 78.661822], [16.91325833333333, 78.66182183333333], [16.91325983333333, 78.66182183333333], [16.91326133333333, 78.66182166666667], [16.91326283333333, 78.66182166666667], [16.9132645, 78.6618215], [16.913266, 78.6618215], [16.913267333333334, 78.66182133333334], [16.913268833333333, 78.66182133333334], [16.913270333333333, 78.66182133333334], [16.9132715, 78.66182116666667], [16.913272833333334, 78.66182116666667], [16.913274, 78.66182116666667], [16.913275166666665, 78.66182099999999], [16.913276333333332, 78.66182099999999], [16.9132775, 78.66182083333334], [16.9132785, 78.66182083333334], [16.913279333333332, 78.66182083333334], [16.913280333333333, 78.66182083333334], [16.913281333333334, 78.66182066666667], [16.91328233333333, 78.66182066666667], [16.913283333333332, 78.66182066666667], [16.913284333333333, 78.6618205], [16.913285, 78.6618205], [16.913286000000003, 78.6618205], [16.913287, 78.6618205], [16.913287833333335, 78.6618205], [16.913288833333336, 78.6618205], [16.913289666666667, 78.66182033333332], [16.91329066666667, 78.66182033333332], [16.913291666666666, 78.66182033333332], [16.913292333333334, 78.66182033333332], [16.913293166666666, 78.66182033333332], [16.913293833333334, 78.66182033333332], [16.913294666666665, 78.66182033333332], [16.913295333333334, 78.66182033333332], [16.913296166666665, 78.66182033333332], [16.913296833333334, 78.66182033333332], [16.913297666666665, 78.66182033333332], [16.9132985, 78.66182033333332], [16.913299333333335, 78.66182033333332], [16.913299833333333, 78.66182033333332], [16.9133005, 78.66182033333332], [16.913301166666667, 78.66182033333332], [16.913301666666666, 78.66182033333332], [16.913302333333334, 78.66182033333332], [16.913303166666665, 78.66182033333332], [16.913303666666664, 78.66182033333332], [16.913304166666666, 78.66182033333332], [16.91330483333333, 78.66182033333332], [16.913305666666666, 78.66182033333332], [16.913306166666665, 78.66182033333332], [16.913306833333333, 78.66182033333332], [16.913307166666666, 78.66182033333332], [16.913307666666665, 78.66182033333332], [16.913307999999997, 78.66182033333332], [16.913308333333337, 78.66182033333332], [16.913308500000003, 78.66182033333332], [16.913309166666668, 78.66182033333332], [16.913309666666667, 78.66182033333332], [16.91331016666667, 78.66182033333332], [16.9133105, 78.66182033333332], [16.913311, 78.66182033333332], [16.913311500000002, 78.66182033333332], [16.913311833333335, 78.66182033333332], [16.913312166666667, 78.66182033333332], [16.9133125, 78.6618205], [16.913312666666666, 78.6618205], [16.913313000000002, 78.6618205], [16.91331316666667, 78.6618205], [16.9133135, 78.6618205], [16.913313833333333, 78.6618205], [16.913314, 78.6618205], [16.913314166666666, 78.6618205], [16.913314500000002, 78.6618205], [16.913314833333335, 78.66182066666667], [16.913315166666667, 78.66182066666667], [16.9133155, 78.66182066666667], [16.913316000000002, 78.66182066666667], [16.9133165, 78.66182066666667], [16.913316833333333, 78.66182066666667], [16.913317166666666, 78.66182066666667], [16.913317666666668, 78.66182083333334], [16.913317833333334, 78.66182083333334], [16.913318166666667, 78.66182083333334], [16.9133185, 78.66182083333334], [16.913318833333335, 78.66182083333334], [16.913319333333334, 78.66182083333334], [16.913319666666666, 78.66182083333334], [16.91332, 78.66182099999999], [16.913320333333335, 78.66182099999999], [16.913320833333334, 78.66182099999999], [16.913321166666666, 78.66182099999999], [16.913321666666665, 78.66182099999999], [16.913322166666667, 78.66182116666667], [16.9133225, 78.66182116666667], [16.913323, 78.66182116666667], [16.913323333333334, 78.66182116666667], [16.913323666666667, 78.66182116666667], [16.913324, 78.66182116666667], [16.913324166666666, 78.66182116666667], [16.913324666666664, 78.66182133333334], [16.913324833333334, 78.66182133333334], [16.913325166666667, 78.66182133333334], [16.9133255, 78.66182133333334], [16.913325999999998, 78.66182133333334], [16.913326333333334, 78.66182133333334], [16.913326666666666, 78.6618215], [16.913326833333333, 78.6618215], [16.913327, 78.6618215], [16.91332733333333, 78.6618215], [16.913327666666664, 78.6618215], [16.913327833333334, 78.6618215], [16.913328, 78.66182166666667], [16.913328166666666, 78.66182166666667], [16.9133285, 78.66182166666667], [16.913328666666665, 78.66182166666667], [16.913328999999997, 78.66182183333333], [16.913329166666664, 78.66182183333333], [16.913329666666666, 78.66182183333333], [16.913329666666666, 78.66182183333333], [16.91333, 78.66182183333333], [16.91333033333333, 78.661822], [16.91333033333333, 78.661822], [16.913330666666663, 78.661822], [16.913330499999997, 78.661822], [16.913331000000003, 78.66182216666667], [16.91333116666667, 78.66182216666667], [16.913331333333335, 78.66182233333333], [16.913331333333335, 78.66182233333333], [16.913331333333335, 78.66182233333333], [16.913331333333335, 78.66182233333333], [16.913331333333335, 78.66182233333333], [16.913331333333335, 78.6618225], [16.913331333333335, 78.6618225], [16.9133315, 78.66182266666667], [16.9133315, 78.66182266666667], [16.913331666666668, 78.66182266666667], [16.913331666666668, 78.66182266666667], [16.913331833333334, 78.66182283333333], [16.913331666666668, 78.66182283333333], [16.9133315, 78.66182283333333], [16.9133315, 78.66182283333333], [16.9133315, 78.661823], [16.9133315, 78.661823], [16.913331333333335, 78.661823], [16.9133315, 78.661823], [16.9133315, 78.661823], [16.9133315, 78.66182316666666], [16.913331333333335, 78.66182316666666], [16.913331333333335, 78.66182316666666], [16.91333116666667, 78.66182316666666], [16.913331333333335, 78.66182316666666], [16.913331333333335, 78.66182333333333], [16.913331333333335, 78.66182333333333], [16.913331333333335, 78.66182350000001], [16.913331333333335, 78.66182350000001], [16.913331333333335, 78.66182350000001], [16.913331333333335, 78.66182366666666], [16.9133315, 78.66182366666666], [16.913331666666668, 78.66182366666666], [16.913331666666668, 78.66182383333333], [16.913331666666668, 78.66182383333333], [16.913331666666668, 78.66182383333333], [16.9133315, 78.661824], [16.9133315, 78.661824], [16.913331333333335, 78.66182416666668], [16.913331000000003, 78.66182416666668], [16.913331000000003, 78.66182433333333], [16.913330833333337, 78.66182433333333], [16.913330833333337, 78.66182433333333], [16.913330833333337, 78.6618245], [16.913330833333337, 78.6618245], [16.913330833333337, 78.66182466666667], [16.913331000000003, 78.66182483333334], [16.913330833333337, 78.66182483333334], [16.913330833333337, 78.661825], [16.913331000000003, 78.661825], [16.913330833333337, 78.66182516666666], [16.913330833333337, 78.66182533333334], [16.913330666666663, 78.66182533333334], [16.913330666666663, 78.6618255], [16.913330666666663, 78.6618255], [16.913330666666663, 78.66182566666666], [16.913330499999997, 78.66182583333332], [16.913330499999997, 78.66182583333332], [16.913330499999997, 78.661826], [16.913330499999997, 78.66182616666667], [16.913330499999997, 78.66182616666667], [16.913330499999997, 78.66182633333332], [16.913330166666665, 78.6618265], [16.91333033333333, 78.6618265], [16.913330166666665, 78.66182666666667], [16.913330166666665, 78.66182666666667], [16.913329833333332, 78.66182683333334], [16.913329833333332, 78.66182699999999], [16.913329666666666, 78.66182716666667], [16.913329666666666, 78.66182716666667], [16.913329666666666, 78.66182733333333], [16.913329666666666, 78.6618275], [16.913329833333332, 78.6618275], [16.913329833333332, 78.66182766666667], [16.91333, 78.66182783333333], [16.91333, 78.66182783333333], [16.913329833333332, 78.661828], [16.913329666666666, 78.661828], [16.9133295, 78.66182816666667], [16.913329166666664, 78.66182833333333], [16.913328999999997, 78.66182833333333], [16.913328999999997, 78.6618285], [16.913328666666665, 78.6618285], [16.9133285, 78.66182866666666], [16.913328333333332, 78.66182866666666], [16.913328166666666, 78.66182883333333], [16.913328, 78.66182883333333], [16.913327666666664, 78.661829], [16.91332733333333, 78.661829], [16.913327166666665, 78.66182916666666], [16.913327, 78.66182916666666], [16.913326833333333, 78.66182933333333], [16.913326666666666, 78.66182933333333], [16.9133265, 78.66182950000001], [16.913326333333334, 78.66182950000001], [16.913326333333334, 78.66182966666666], [16.913326166666664, 78.66182966666666], [16.913326166666664, 78.66182983333333], [16.913326166666664, 78.66182983333333], [16.913326333333334, 78.66182983333333], [16.913326166666664, 78.66183], [16.913326166666664, 78.66183], [16.913326333333334, 78.66183016666668], [16.913326166666664, 78.66183016666668], [16.913326333333334, 78.66183033333333], [16.913326166666664, 78.66183033333333], [16.913326166666664, 78.66183033333333], [16.913326333333334, 78.6618305], [16.913326333333334, 78.6618305], [16.913326333333334, 78.66183066666667], [16.913326333333334, 78.66183066666667], [16.9133265, 78.66183083333334], [16.913326666666666, 78.66183083333334], [16.913326833333333, 78.66183083333334], [16.913327166666665, 78.66183083333334], [16.913327666666664, 78.66183083333334], [16.913328, 78.66183083333334], [16.913328166666666, 78.66183099999999], [16.9133285, 78.66183099999999], [16.91332883333333, 78.66183099999999], [16.913329166666664, 78.66183099999999], [16.913329333333333, 78.66183099999999], [16.9133295, 78.66183116666666], [16.913329833333332, 78.66183116666666], [16.913330166666665, 78.66183116666666], [16.913330499999997, 78.66183116666666], [16.913330833333337, 78.66183116666666], [16.91333116666667, 78.66183133333334], [16.9133315, 78.66183133333334], [16.913331833333334, 78.66183133333334], [16.913332, 78.66183133333334], [16.913332333333337, 78.66183116666666], [16.91333266666667, 78.66183116666666], [16.913332833333335, 78.66183116666666], [16.913333, 78.66183116666666], [16.913333166666668, 78.66183116666666], [16.913333333333334, 78.66183116666666], [16.9133335, 78.66183116666666], [16.913333666666666, 78.66183116666666], [16.913333833333336, 78.66183116666666], [16.913334000000003, 78.66183116666666], [16.91333416666667, 78.66183116666666], [16.913334333333335, 78.66183116666666], [16.913334333333335, 78.66183116666666], [16.9133345, 78.66183116666666], [16.913334666666668, 78.66183116666666], [16.913334833333334, 78.66183116666666], [16.913334833333334, 78.66183133333334], [16.913334833333334, 78.66183133333334], [16.913334833333334, 78.66183133333334], [16.913334666666668, 78.6618315], [16.9133345, 78.6618315], [16.9133345, 78.66183166666666], [16.9133345, 78.66183166666666], [16.9133345, 78.66183183333332], [16.9133345, 78.661832], [16.9133345, 78.661832], [16.913334333333335, 78.66183216666667], [16.91333416666667, 78.66183216666667], [16.91333416666667, 78.66183233333332], [16.913334000000003, 78.66183233333332], [16.913333833333336, 78.6618325], [16.913333666666666, 78.6618325], [16.9133335, 78.6618325], [16.9133335, 78.66183266666667], [16.913333666666666, 78.66183266666667], [16.9133335, 78.66183283333334], [16.913333333333334, 78.66183283333334], [16.913332833333335, 78.66183299999999], [16.913332333333337, 78.66183299999999], [16.913332, 78.66183316666667], [16.913331666666668, 78.66183316666667], [16.91333116666667, 78.66183333333333], [16.913330833333337, 78.66183333333333], [16.913330499999997, 78.66183333333333], [16.913330166666665, 78.6618335], [16.913329833333332, 78.6618335], [16.9133295, 78.6618335], [16.913329166666664, 78.66183366666668], [16.91332883333333, 78.66183366666668], [16.913328333333332, 78.66183366666668], [16.913328166666666, 78.66183383333333], [16.913327833333334, 78.66183383333333], [16.913327499999998, 78.661834], [16.91332733333333, 78.661834], [16.913327166666665, 78.661834], [16.913326833333333, 78.66183416666667], [16.913326666666666, 78.66183416666667], [16.913326333333334, 78.66183433333335], [16.913325999999998, 78.66183433333335], [16.9133255, 78.6618345], [16.913325166666667, 78.6618345], [16.913325, 78.66183466666666], [16.913324666666664, 78.66183466666666], [16.913324666666664, 78.66183483333333], [16.913324499999998, 78.66183483333333], [16.913324166666666, 78.66183500000001], [16.913323833333333, 78.66183516666666], [16.913323333333334, 78.66183516666666], [16.913323, 78.66183533333333], [16.9133225, 78.66183533333333], [16.913322, 78.66183550000001], [16.913321666666665, 78.66183550000001], [16.913321333333332, 78.66183566666668], [16.913321, 78.66183566666668], [16.913320833333334, 78.66183583333333], [16.913320166666665, 78.661836], [16.913319833333333, 78.66183616666667], [16.9133195, 78.66183633333334], [16.913318833333335, 78.66183633333334], [16.913318333333333, 78.66183666666667], [16.9133175, 78.66183683333334], [16.913316833333333, 78.661837], [16.913316333333334, 78.66183716666666], [16.913315833333336, 78.6618375], [16.913315166666667, 78.66183766666667], [16.913314500000002, 78.66183783333332], [16.913314, 78.661838], [16.913313333333335, 78.66183816666667], [16.913313000000002, 78.66183833333334], [16.9133125, 78.6618385], [16.913312, 78.66183866666667], [16.913311833333335, 78.66183883333333], [16.913311333333336, 78.661839], [16.913311, 78.66183916666667], [16.9133105, 78.6618395], [16.913310000000003, 78.66183966666668], [16.9133095, 78.66183983333333], [16.913309, 78.66183983333333], [16.91330866666667, 78.66184], [16.913308166666663, 78.66184016666666], [16.913307666666665, 78.66184033333334], [16.913307333333332, 78.66184033333334], [16.913307, 78.6618405], [16.913306499999997, 78.66184066666666], [16.913306, 78.66184066666666], [16.913305333333334, 78.66184083333333], [16.913304666666665, 78.66184100000001], [16.913304333333333, 78.66184100000001], [16.913303833333334, 78.66184116666666], [16.91330333333333, 78.66184116666666], [16.913303, 78.66184133333333], [16.9133025, 78.66184133333333], [16.913301833333332, 78.66184133333333], [16.913301333333333, 78.66184150000001], [16.913300833333334, 78.66184150000001], [16.9133, 78.66184150000001], [16.913299333333335, 78.66184150000001], [16.913298666666666, 78.66184166666667], [16.913298, 78.66184166666667], [16.913297333333333, 78.66184166666667], [16.913296666666668, 78.66184166666667], [16.913296166666665, 78.66184166666667], [16.9132955, 78.66184166666667], [16.913294833333335, 78.66184166666667], [16.913294333333333, 78.66184166666667], [16.913293666666668, 78.66184183333333], [16.913292833333333, 78.66184183333333], [16.91329216666667, 78.66184183333333], [16.913291333333333, 78.66184183333333], [16.91329066666667, 78.66184183333333], [16.913290166666666, 78.66184183333333], [16.9132895, 78.66184183333333], [16.913289000000002, 78.661842], [16.9132885, 78.661842], [16.913287833333335, 78.661842], [16.913287, 78.66184216666667], [16.913286333333335, 78.66184216666667], [16.913285666666663, 78.66184233333334], [16.913285, 78.66184233333334], [16.913284666666666, 78.66184233333334], [16.913284166666664, 78.66184249999999], [16.91328383333333, 78.66184249999999], [16.913283333333332, 78.66184249999999], [16.913283, 78.66184266666667], [16.913282499999998, 78.66184266666667], [16.913281833333333, 78.66184266666667], [16.913281166666664, 78.66184266666667], [16.913280666666665, 78.66184283333334], [16.91328, 78.66184283333334], [16.913279499999998, 78.66184283333334], [16.913279, 78.66184283333334], [16.9132785, 78.661843], [16.913278, 78.661843], [16.9132775, 78.661843], [16.913277166666667, 78.661843], [16.9132765, 78.66184316666666], [16.913275833333334, 78.66184316666666], [16.913275333333335, 78.66184333333334], [16.913274833333332, 78.66184333333334], [16.913274166666667, 78.66184333333334], [16.913273666666665, 78.66184333333334], [16.913273, 78.6618435], [16.913272333333335, 78.6618435], [16.913272, 78.6618435], [16.9132715, 78.6618435], [16.913271, 78.66184366666667], [16.913270333333333, 78.66184366666667], [16.913269666666668, 78.66184366666667], [16.913269, 78.66184366666667], [16.9132685, 78.66184366666667], [16.91326816666667, 78.66184366666667], [16.9132675, 78.66184366666667], [16.913267, 78.66184366666667], [16.913266333333336, 78.66184366666667], [16.913265833333334, 78.66184383333332], [16.913265666666668, 78.66184383333332], [16.91326516666667, 78.66184366666667], [16.913264833333336, 78.66184366666667], [16.913264333333334, 78.66184366666667], [16.913264166666668, 78.66184366666667], [16.91326366666667, 78.66184366666667], [16.913263500000003, 78.66184366666667], [16.913263166666663, 78.66184366666667], [16.913262999999997, 78.66184366666667], [16.91326283333333, 78.66184366666667], [16.91326283333333, 78.66184366666667], [16.9132625, 78.66184366666667], [16.913262333333332, 78.66184383333332], [16.913262333333332, 78.66184383333332], [16.913262166666666, 78.661844], [16.913261833333333, 78.661844], [16.913261666666664, 78.66184416666667], [16.913261499999997, 78.66184433333333], [16.913261499999997, 78.66184433333333], [16.91326133333333, 78.6618445], [16.913261499999997, 78.66184466666667], [16.913261499999997, 78.66184483333333], [16.913261166666665, 78.66184483333333], [16.913260833333332, 78.661845], [16.9132605, 78.66184516666667], [16.913260166666664, 78.66184533333333], [16.91325983333333, 78.66184533333333], [16.9132595, 78.6618455], [16.913259166666666, 78.66184566666668], [16.913258666666664, 78.66184566666668], [16.91325833333333, 78.66184583333333], [16.913257833333333, 78.661846], [16.913257333333334, 78.661846], [16.913256666666665, 78.66184616666666], [16.913255833333334, 78.66184633333334], [16.913255, 78.66184633333334], [16.913254333333335, 78.6618465], [16.9132535, 78.66184666666666], [16.913252833333335, 78.66184666666666], [16.913252, 78.66184683333333], [16.913251333333335, 78.66184700000001], [16.913250666666666, 78.66184716666666], [16.91325, 78.66184733333333], [16.913249166666667, 78.66184733333333], [16.913248166666666, 78.66184750000001], [16.913247333333334, 78.66184766666667], [16.913246333333333, 78.66184766666667], [16.913245500000002, 78.66184783333333], [16.9132445, 78.66184799999999], [16.913243833333336, 78.66184799999999], [16.913243666666666, 78.66184816666667], [16.913243166666668, 78.66184816666667], [16.913244000000002, 78.66184833333334], [16.913246333333333, 78.66184816666667], [16.913247833333333, 78.66184816666667], [16.913249333333333, 78.66184783333333], [16.913251833333334, 78.66184750000001], [16.913253333333333, 78.66184700000001], [16.913255666666664, 78.66184633333334], [16.913258833333334, 78.66184566666668], [16.913261666666664, 78.661845], [16.9132645, 78.66184433333333], [16.913267, 78.66184366666667], [16.913268833333333, 78.661843], [16.9132705, 78.66184233333334], [16.913271833333333, 78.66184166666667], [16.913272833333334, 78.66184100000001], [16.913273, 78.66184033333334], [16.9132735, 78.66183983333333], [16.9132745, 78.66183916666667], [16.9132755, 78.66183883333333], [16.913276166666666, 78.66183833333334], [16.913276666666665, 78.66183783333332], [16.913276833333335, 78.66183716666666], [16.913277333333333, 78.66183683333334], [16.913277166666667, 78.66183633333334], [16.913276833333335, 78.661836], [16.913276333333332, 78.66183566666668], [16.913276, 78.66183533333333], [16.913275333333335, 78.66183500000001], [16.913275, 78.66183466666666], [16.913274333333334, 78.6618345], [16.913273, 78.66183416666667], [16.9132715, 78.66183383333333], [16.91327, 78.66183366666668], [16.913269500000002, 78.6618335], [16.913269, 78.66183333333333], [16.9132685, 78.66183299999999], [16.913267833333336, 78.66183299999999], [16.913267166666667, 78.66183283333334], [16.91326666666667, 78.66183266666667], [16.913266, 78.6618325], [16.9132655, 78.66183233333332], [16.913264666666667, 78.66183216666667], [16.913264166666668, 78.66183216666667], [16.91326366666667, 78.661832], [16.913262999999997, 78.66183183333332], [16.91326283333333, 78.66183183333332], [16.913262666666665, 78.66183166666666], [16.913262666666665, 78.6618315], [16.913262666666665, 78.6618315], [16.91326283333333, 78.6618315], [16.91326283333333, 78.66183133333334], [16.913262666666665, 78.66183133333334], [16.913262666666665, 78.66183133333334], [16.913262666666665, 78.66183133333334], [16.913262166666666, 78.66183116666666], [16.913262, 78.66183116666666], [16.913262, 78.66183116666666], [16.913261666666664, 78.66183116666666], [16.913261, 78.66183133333334], [16.913260666666666, 78.66183133333334], [16.913260166666664, 78.66183133333334], [16.913259666666665, 78.66183133333334], [16.913259, 78.6618315], [16.913258499999998, 78.6618315], [16.913257666666667, 78.6618315], [16.913256666666665, 78.6618315], [16.913256166666667, 78.66183133333334], [16.913255666666664, 78.66183133333334], [16.913254833333333, 78.66183133333334], [16.913254166666665, 78.66183116666666], [16.913253666666666, 78.66183116666666], [16.913253166666667, 78.66183099999999], [16.9132525, 78.66183083333334], [16.913251833333334, 78.66183083333334], [16.913251, 78.66183066666667], [16.913250333333334, 78.66183066666667], [16.9132495, 78.6618305], [16.913248666666668, 78.6618305], [16.913248, 78.66183033333333], [16.913247333333334, 78.66183016666668], [16.9132465, 78.66183], [16.913245833333335, 78.66183], [16.913245166666666, 78.66182983333333], [16.913244333333335, 78.66182966666666], [16.9132435, 78.66182966666666], [16.913242833333335, 78.66182950000001], [16.913242, 78.66182933333333], [16.913241333333335, 78.66182916666666], [16.913240666666663, 78.66182916666666], [16.913240166666665, 78.661829], [16.9132395, 78.66182883333333], [16.91323883333333, 78.66182883333333], [16.913238166666666, 78.66182866666666], [16.913237666666664, 78.66182866666666], [16.913237, 78.6618285], [16.9132365, 78.66182833333333], [16.91323583333333, 78.66182833333333], [16.913235, 78.66182816666667], [16.913234499999998, 78.661828], [16.913233833333333, 78.661828], [16.913233333333334, 78.66182783333333], [16.913232833333332, 78.66182783333333], [16.913232166666667, 78.66182766666667], [16.9132315, 78.66182766666667], [16.913231166666666, 78.6618275], [16.913230666666667, 78.6618275], [16.91323, 78.66182733333333], [16.913229333333334, 78.66182733333333], [16.913228833333335, 78.66182716666667], [16.913228166666666, 78.66182716666667], [16.913227666666668, 78.66182716666667], [16.913227166666665, 78.66182699999999], [16.913226666666667, 78.66182699999999], [16.913226166666668, 78.66182699999999], [16.913225833333335, 78.66182699999999], [16.913225333333333, 78.66182683333334], [16.913224833333334, 78.66182683333334], [16.913224333333336, 78.66182666666667], [16.913224, 78.66182666666667], [16.9132235, 78.6618265], [16.91322316666667, 78.6618265], [16.9132225, 78.6618265], [16.913221833333335, 78.66182633333332], [16.913221500000002, 78.66182633333332], [16.913220833333334, 78.66182633333332], [16.913220333333335, 78.66182616666667], [16.913219833333336, 78.66182616666667], [16.913219333333334, 78.66182616666667], [16.913218833333335, 78.661826], [16.913218500000003, 78.66182616666667], [16.913217999999997, 78.661826], [16.9132175, 78.661826], [16.913217, 78.661826], [16.913216499999997, 78.661826], [16.913216, 78.661826], [16.9132155, 78.661826], [16.913214999999997, 78.661826], [16.913214666666665, 78.661826], [16.913214, 78.66182583333332], [16.913213499999998, 78.66182583333332], [16.913213, 78.66182583333332], [16.913212833333333, 78.66182583333332], [16.913212333333334, 78.66182583333332], [16.913211999999998, 78.66182583333332], [16.9132115, 78.66182566666666], [16.913211, 78.66182566666666], [16.913210333333332, 78.66182566666666], [16.913209833333333, 78.6618255], [16.9132095, 78.6618255], [16.913208833333332, 78.66182533333334], [16.913208166666667, 78.66182533333334], [16.9132075, 78.66182516666666], [16.913206833333334, 78.66182516666666], [16.913206166666665, 78.661825], [16.913205166666668, 78.661825], [16.913204166666667, 78.66182483333334], [16.913203333333335, 78.66182483333334], [16.9132025, 78.66182466666667], [16.9132015, 78.66182466666667], [16.913200500000002, 78.6618245], [16.913199833333334, 78.66182433333333], [16.913199000000002, 78.66182416666668], [16.913198333333334, 78.661824], [16.913197500000003, 78.66182383333333], [16.913196666666668, 78.66182366666666], [16.913196000000003, 78.66182333333333], [16.913195166666664, 78.66182316666666], [16.9131945, 78.661823], [16.913193333333332, 78.66182283333333], [16.913192666666664, 78.66182266666667], [16.9131915, 78.6618225], [16.9131905, 78.66182233333333], [16.913189499999998, 78.66182216666667], [16.9131885, 78.661822], [16.9131875, 78.66182183333333], [16.9131865, 78.66182166666667], [16.9131855, 78.66182133333334], [16.9131845, 78.66182116666667], [16.913183333333333, 78.66182116666667], [16.9131825, 78.66182099999999], [16.913181666666667, 78.66182083333334], [16.913180666666666, 78.66182066666667], [16.913179500000002, 78.6618205], [16.913178666666667, 78.66182033333332], [16.913177666666666, 78.66182016666667], [16.91317666666667, 78.66182], [16.913175666666667, 78.66181983333333], [16.913174666666666, 78.66181966666666], [16.913174, 78.66181966666666], [16.913172999999997, 78.66181950000001], [16.913172166666666, 78.66181933333334], [16.91317133333333, 78.66181933333334], [16.913170666666666, 78.66181916666666], [16.913169666666665, 78.661819], [16.913168833333334, 78.66181883333334], [16.913168, 78.66181883333334], [16.913167333333334, 78.66181866666668], [16.913166333333333, 78.66181866666668], [16.913165166666666, 78.6618185], [16.913164166666665, 78.6618185], [16.913163, 78.6618185], [16.913161833333334, 78.66181833333333], [16.913160833333333, 78.66181833333333], [16.913159666666665, 78.66181816666668], [16.913158666666668, 78.66181816666668], [16.913157666666667, 78.66181816666668], [16.913156666666666, 78.661818], [16.913156, 78.661818], [16.913155166666666, 78.661818], [16.91315416666667, 78.66181783333333], [16.913153166666667, 78.66181783333333], [16.913152166666666, 78.66181783333333], [16.91315116666667, 78.66181766666666], [16.913149999999998, 78.66181766666666], [16.913149166666667, 78.66181766666666], [16.913148166666666, 78.66181766666666], [16.913147166666665, 78.66181750000001], [16.9131465, 78.66181750000001], [16.913145666666665, 78.66181733333333], [16.913144499999998, 78.66181733333333], [16.913143333333334, 78.66181716666667], [16.913142333333333, 78.66181716666667], [16.9131415, 78.661817], [16.91314, 78.661817], [16.91313866666667, 78.661817], [16.913137, 78.661817], [16.913134666666668, 78.661817], [16.913132, 78.661817], [16.913129333333334, 78.66181716666667], [16.913126, 78.66181733333333], [16.913122666666666, 78.66181750000001], [16.913119166666668, 78.66181783333333], [16.913115, 78.6618185], [16.913111, 78.661819], [16.913107500000002, 78.66181950000001], [16.9131045, 78.6618205], [16.913102, 78.66182133333334], [16.913100166666666, 78.66182233333333], [16.913098166666668, 78.66182333333333], [16.913097166666667, 78.66182433333333], [16.913096499999998, 78.66182533333334], [16.913096166666666, 78.6618265], [16.913096666666668, 78.66182733333333], [16.913097333333333, 78.66182833333333], [16.91309933333333, 78.66182933333333], [16.9131015, 78.66183], [16.913104333333333, 78.66183066666667], [16.91310766666667, 78.66183116666666], [16.913111333333333, 78.66183166666666], [16.913114833333335, 78.66183216666667], [16.913118666666666, 78.6618325], [16.913121666666665, 78.66183266666667], [16.913125666666666, 78.66183283333334], [16.91312966666667, 78.66183283333334], [16.913133833333333, 78.66183283333334], [16.913138166666666, 78.66183266666667], [16.913142333333333, 78.66183266666667], [16.913146333333334, 78.6618325], [16.91315033333333, 78.66183216666667], [16.913153833333336, 78.66183183333332], [16.913157166666668, 78.66183166666666], [16.9131605, 78.66183133333334], [16.913164, 78.66183099999999], [16.913166999999998, 78.66183083333334], [16.91316983333333, 78.6618305], [16.913172333333332, 78.66183033333333], [16.913175000000003, 78.66183], [16.913177333333334, 78.66182966666666], [16.913179666666668, 78.66182950000001], [16.913181833333333, 78.66182933333333], [16.913183833333335, 78.661829], [16.913186, 78.66182883333333], [16.913188166666664, 78.66182866666666], [16.9131905, 78.6618285], [16.913192666666664, 78.66182833333333], [16.913194999999998, 78.66182816666667], [16.913197500000003, 78.66182816666667], [16.913200166666666, 78.661828], [16.913202666666667, 78.66182783333333], [16.913205166666668, 78.66182783333333], [16.913207666666665, 78.66182783333333], [16.913210166666666, 78.66182783333333], [16.9132125, 78.66182783333333], [16.9132145, 78.66182783333333], [16.913216833333333, 78.66182783333333], [16.913219, 78.661828], [16.913221166666666, 78.661828], [16.91322316666667, 78.661828], [16.913225, 78.661828], [16.913226833333333, 78.661828], [16.9132285, 78.661828], [16.913230166666665, 78.661828], [16.913231833333334, 78.66182816666667], [16.9132335, 78.66182816666667], [16.913235, 78.66182816666667], [16.9132365, 78.66182816666667], [16.913238, 78.66182833333333], [16.9132395, 78.66182833333333], [16.913241000000003, 78.6618285], [16.913242333333336, 78.6618285], [16.913243666666666, 78.6618285], [16.913245166666666, 78.66182866666666], [16.9132465, 78.66182866666666], [16.913247666666667, 78.66182866666666], [16.913249, 78.66182866666666], [16.913250333333334, 78.66182866666666], [16.913251666666667, 78.66182883333333], [16.913253, 78.66182883333333], [16.913254166666665, 78.66182883333333], [16.913255333333332, 78.66182883333333], [16.9132565, 78.661829], [16.913257833333333, 78.661829], [16.913258833333334, 78.661829], [16.913260166666664, 78.66182916666666], [16.91326133333333, 78.66182916666666], [16.9132625, 78.66182916666666], [16.913263500000003, 78.66182933333333], [16.913264666666667, 78.66182933333333], [16.913265666666668, 78.66182933333333], [16.91326666666667, 78.66182950000001], [16.9132675, 78.66182950000001], [16.913268333333335, 78.66182966666666], [16.913269500000002, 78.66182966666666], [16.913270666666666, 78.66182966666666], [16.913271666666667, 78.66182983333333], [16.913272833333334, 78.66182983333333], [16.913274, 78.66182983333333], [16.913275166666665, 78.66182983333333], [16.913276166666666, 78.66182983333333], [16.913277166666667, 78.66183], [16.913278166666665, 78.66183], [16.913279166666666, 78.66183], [16.91328, 78.66183016666668], [16.913280999999998, 78.66183016666668], [16.913282, 78.66183016666668], [16.913282833333334, 78.66183033333333], [16.913283666666665, 78.66183033333333], [16.9132845, 78.66183033333333], [16.91328533333333, 78.66183033333333], [16.91328616666667, 78.66183033333333], [16.913287166666667, 78.6618305], [16.913288166666668, 78.6618305], [16.913289000000002, 78.6618305], [16.91329, 78.66183066666667], [16.913290833333335, 78.66183066666667], [16.913291666666666, 78.66183066666667], [16.913292666666667, 78.66183066666667], [16.9132935, 78.66183083333334], [16.913294333333333, 78.66183083333334], [16.913295166666668, 78.66183083333334], [16.913296, 78.66183099999999], [16.913296666666668, 78.66183099999999], [16.913297666666665, 78.66183099999999], [16.9132985, 78.66183099999999], [16.913299333333335, 78.66183116666666], [16.9133, 78.66183116666666], [16.913300666666665, 78.66183133333334], [16.9133015, 78.66183133333334], [16.913302166666664, 78.66183133333334], [16.913302666666667, 78.6618315], [16.91330333333333, 78.6618315], [16.913304, 78.66183166666666], [16.913304666666665, 78.66183166666666], [16.913305333333334, 78.66183166666666], [16.913306166666665, 78.66183166666666], [16.913306833333333, 78.66183183333332], [16.913307666666665, 78.66183183333332], [16.913308333333337, 78.661832], [16.913309, 78.66183216666667], [16.913309666666667, 78.66183216666667], [16.9133105, 78.66183216666667], [16.913311333333336, 78.66183233333332], [16.913312166666667, 78.66183233333332], [16.913312833333336, 78.6618325], [16.9133135, 78.6618325], [16.913314166666666, 78.6618325], [16.913314833333335, 78.66183266666667], [16.9133155, 78.66183266666667], [16.913316166666668, 78.66183283333334], [16.913316833333333, 78.66183283333334], [16.9133175, 78.66183299999999], [16.913318166666667, 78.66183299999999], [16.913318666666665, 78.66183316666667], [16.913319333333334, 78.66183316666667], [16.913319833333333, 78.66183333333333], [16.9133205, 78.66183333333333], [16.913321, 78.6618335], [16.913321666666665, 78.6618335], [16.9133225, 78.6618335], [16.913323, 78.66183366666668], [16.913323666666667, 78.66183366666668], [16.913324499999998, 78.66183383333333], [16.913325, 78.66183383333333], [16.9133255, 78.66183383333333], [16.913325999999998, 78.66183383333333], [16.913326666666666, 78.661834], [16.913327166666665, 78.661834], [16.913327666666664, 78.661834], [16.913328166666666, 78.66183416666667], [16.91332883333333, 78.66183416666667], [16.9133295, 78.66183416666667], [16.91333, 78.66183433333335], [16.913330499999997, 78.66183433333335], [16.913330666666663, 78.66183433333335], [16.913331333333335, 78.6618345], [16.913331833333334, 78.66183466666666], [16.913332500000003, 78.66183466666666], [16.913333, 78.66183483333333], [16.913333666666666, 78.66183483333333], [16.913334333333335, 78.66183483333333], [16.913335, 78.66183483333333], [16.913335500000002, 78.66183500000001], [16.913336, 78.66183500000001], [16.913336666666666, 78.66183500000001], [16.913337000000002, 78.66183516666666], [16.913337333333335, 78.66183516666666], [16.913337833333333, 78.66183533333333], [16.913338333333336, 78.66183533333333], [16.913338833333334, 78.66183533333333], [16.913339166666667, 78.66183533333333], [16.9133395, 78.66183533333333], [16.913339833333335, 78.66183550000001], [16.913340166666668, 78.66183550000001], [16.913340333333334, 78.66183550000001], [16.913340666666667, 78.66183566666668], [16.913341166666665, 78.66183566666668], [16.9133415, 78.66183566666668], [16.913342, 78.66183566666668], [16.9133425, 78.66183583333333], [16.913343, 78.66183583333333], [16.9133435, 78.66183583333333], [16.913343833333332, 78.66183583333333], [16.913344333333335, 78.66183583333333], [16.913344666666667, 78.66183583333333], [16.913344833333333, 78.661836], [16.913345333333332, 78.661836], [16.913345666666665, 78.661836], [16.913345833333334, 78.661836], [16.913346166666667, 78.661836], [16.913346166666667, 78.66183616666667], [16.913346333333333, 78.66183616666667], [16.913346333333333, 78.66183616666667], [16.9133465, 78.66183616666667], [16.9133465, 78.66183616666667], [16.913346666666666, 78.66183633333334], [16.913346833333332, 78.66183633333334], [16.913346999999998, 78.66183633333334], [16.9133475, 78.66183649999999], [16.913347666666667, 78.66183649999999], [16.913347833333333, 78.66183649999999], [16.913348, 78.66183649999999], [16.913348, 78.66183666666667], [16.913348166666665, 78.66183666666667], [16.91334833333333, 78.66183683333334], [16.913348499999998, 78.66183683333334], [16.913348833333334, 78.661837], [16.913349166666666, 78.661837], [16.913349333333333, 78.661837], [16.9133495, 78.66183716666666], [16.9133495, 78.66183716666666], [16.913349666666665, 78.66183716666666], [16.913349666666665, 78.66183733333334], [16.913349666666665, 78.6618375], [16.9133495, 78.6618375], [16.9133495, 78.66183766666667], [16.913349666666665, 78.66183766666667], [16.913349666666665, 78.66183783333332], [16.913349666666665, 78.661838], [16.9133495, 78.661838], [16.913349666666665, 78.66183816666667], [16.9133495, 78.66183833333334], [16.913349333333333, 78.66183833333334], [16.913349333333333, 78.6618385], [16.9133495, 78.66183866666667], [16.9133495, 78.66183866666667], [16.913349666666665, 78.66183883333333], [16.913349666666665, 78.66183883333333], [16.913349333333333, 78.661839], [16.913349333333333, 78.66183916666667], [16.913349166666666, 78.66183916666667], [16.913349, 78.66183933333333], [16.913349, 78.6618395], [16.913349, 78.66183966666668], [16.913349, 78.66183966666668], [16.913349, 78.66183983333333], [16.913349, 78.66184], [16.913348833333334, 78.66184], [16.913348833333334, 78.66184016666666], [16.913348499999998, 78.66184033333334], [16.91334833333333, 78.66184033333334], [16.91334833333333, 78.6618405], [16.91334833333333, 78.66184066666666], [16.913348166666665, 78.66184066666666], [16.913348166666665, 78.66184083333333], [16.913348, 78.66184100000001], [16.913347833333333, 78.66184116666666], [16.9133475, 78.66184116666666], [16.913347166666664, 78.66184133333333], [16.913346999999998, 78.66184150000001], [16.913346666666666, 78.66184150000001], [16.913346333333333, 78.66184166666667], [16.913346166666667, 78.66184183333333], [16.913346, 78.66184183333333], [16.913345833333334, 78.661842], [16.913345666666665, 78.66184216666667], [16.9133455, 78.66184216666667], [16.913345166666666, 78.66184233333334], [16.913345, 78.66184233333334], [16.913344833333333, 78.66184249999999], [16.9133445, 78.66184266666667], [16.9133445, 78.66184283333334], [16.9133445, 78.661843], [16.913344166666665, 78.661843], [16.913344166666665, 78.66184316666666], [16.913343833333332, 78.66184333333334], [16.9133435, 78.66184333333334], [16.913343166666667, 78.6618435], [16.913342833333335, 78.6618435], [16.913342666666665, 78.66184366666667], [16.913342333333333, 78.66184383333332], [16.913342166666666, 78.66184383333332], [16.913342166666666, 78.66184383333332], [16.913342, 78.661844], [16.913341833333334, 78.661844], [16.9133415, 78.66184416666667], [16.913341333333335, 78.66184416666667], [16.913341166666665, 78.66184416666667], [16.913341, 78.66184416666667], [16.913341, 78.66184433333333], [16.913341166666665, 78.66184433333333], [16.913341166666665, 78.66184433333333], [16.913341333333335, 78.66184433333333], [16.913341333333335, 78.6618445], [16.913341166666665, 78.6618445], [16.913341, 78.6618445], [16.913340666666667, 78.6618445], [16.913340333333334, 78.66184466666667], [16.913340166666668, 78.66184466666667], [16.91334, 78.66184483333333], [16.913339666666666, 78.66184483333333], [16.913339333333333, 78.66184483333333], [16.913339166666667, 78.661845], [16.913339, 78.661845], [16.913338833333334, 78.66184516666667], [16.913338666666668, 78.66184516666667], [16.913338333333336, 78.66184516666667], [16.913338166666666, 78.66184516666667], [16.913337833333333, 78.66184533333333], [16.9133375, 78.66184533333333], [16.913337000000002, 78.66184533333333], [16.913336833333336, 78.66184533333333], [16.9133365, 78.6618455], [16.913336333333334, 78.6618455], [16.913336, 78.6618455], [16.913335500000002, 78.6618455], [16.913335, 78.6618455], [16.913334666666668, 78.66184533333333], [16.913334333333335, 78.66184533333333], [16.913334000000003, 78.66184533333333], [16.913333833333336, 78.66184533333333], [16.913333666666666, 78.66184533333333], [16.913333333333334, 78.66184533333333], [16.913333166666668, 78.66184533333333], [16.913333, 78.66184533333333], [16.913332500000003, 78.66184516666667], [16.913332333333337, 78.66184516666667], [16.913331833333334, 78.66184533333333], [16.913331666666668, 78.66184516666667], [16.913331333333335, 78.66184516666667], [16.91333116666667, 78.66184516666667], [16.913330666666663, 78.66184516666667], [16.91333033333333, 78.66184516666667], [16.913329833333332, 78.66184516666667], [16.913329333333333, 78.66184516666667], [16.91332883333333, 78.66184533333333], [16.9133285, 78.66184533333333], [16.913328166666666, 78.66184533333333], [16.913328, 78.66184533333333], [16.913327833333334, 78.66184533333333], [16.913327499999998, 78.66184533333333], [16.913327166666665, 78.66184533333333], [16.913326833333333, 78.66184533333333], [16.9133265, 78.66184533333333], [16.913326333333334, 78.66184533333333], [16.91332583333333, 78.66184533333333], [16.913325666666665, 78.66184533333333], [16.913325166666667, 78.66184533333333], [16.913325, 78.6618455], [16.913324333333332, 78.6618455], [16.913324, 78.6618455], [16.913323333333334, 78.6618455], [16.913323, 78.6618455], [16.913322333333333, 78.66184566666668], [16.913321666666665, 78.66184583333333], [16.913321333333332, 78.66184583333333], [16.913321, 78.66184583333333], [16.913320833333334, 78.66184583333333], [16.913320333333335, 78.661846], [16.913319833333333, 78.661846], [16.9133195, 78.661846], [16.913319, 78.661846], [16.9133185, 78.661846], [16.913318166666667, 78.661846], [16.913317666666668, 78.661846], [16.913317166666666, 78.66184616666666], [16.9133165, 78.66184616666666], [16.913315833333336, 78.66184616666666], [16.913315166666667, 78.66184616666666], [16.913314333333336, 78.66184616666666], [16.913313666666667, 78.66184616666666], [16.913313000000002, 78.66184616666666], [16.913312666666666, 78.66184616666666], [16.913312, 78.66184616666666], [16.913311500000002, 78.66184616666666], [16.913311, 78.66184616666666], [16.9133105, 78.66184633333334], [16.91331016666667, 78.66184633333334], [16.913309833333336, 78.66184633333334], [16.913309333333334, 78.66184633333334], [16.913309, 78.66184633333334], [16.91330866666667, 78.66184616666666], [16.913308333333337, 78.66184633333334], [16.913307999999997, 78.66184633333334], [16.9133075, 78.66184616666666], [16.913307, 78.66184633333334], [16.913306499999997, 78.66184633333334], [16.913305666666666, 78.66184633333334], [16.913304999999998, 78.66184633333334], [16.9133045, 78.66184633333334], [16.913303833333334, 78.66184633333334], [16.913303166666665, 78.6618465], [16.913302666666667, 78.6618465], [16.913302166666664, 78.6618465], [16.913301833333332, 78.6618465], [16.913301333333333, 78.6618465], [16.913301, 78.66184666666666], [16.9133005, 78.66184683333333], [16.9133, 78.66184683333333], [16.9132995, 78.66184700000001], [16.913299166666665, 78.66184716666666], [16.913298833333332, 78.66184733333333], [16.9132985, 78.66184750000001], [16.913298166666667, 78.66184766666667], [16.913297666666665, 78.66184783333333], [16.913297166666666, 78.66184799999999], [16.913296666666668, 78.66184799999999], [16.913296, 78.66184816666667], [16.9132955, 78.66184849999999], [16.913294833333335, 78.66184849999999], [16.913294166666667, 78.66184866666667], [16.9132935, 78.66184883333334], [16.913293166666666, 78.661849], [16.913292833333333, 78.66184916666666], [16.9132925, 78.66184933333334], [16.913292000000002, 78.6618495], [16.913291166666667, 78.66184983333332], [16.913290500000002, 78.66185033333333], [16.913288833333336, 78.661851], [16.913287333333336, 78.66185166666668], [16.9132845, 78.66185216666666], [16.91328083333333, 78.66185283333333], [16.913277, 78.66185316666666], [16.913273, 78.6618535], [16.9132685, 78.6618535], [16.913264166666668, 78.6618535], [16.913259999999998, 78.6618535], [16.913256333333333, 78.66185333333333], [16.913253, 78.66185316666666], [16.913249833333335, 78.66185300000001], [16.913247833333333, 78.66185300000001], [16.913245500000002, 78.66185266666666], [16.9132435, 78.66185233333334], [16.913242166666667, 78.66185166666668], [16.91324116666667, 78.66185116666666], [16.913239666666666, 78.66185083333333], [16.913238, 78.6618505], [16.913236666666666, 78.66185016666667], [16.913235333333333, 78.66185], [16.913233833333333, 78.66184983333332], [16.913232166666667, 78.66184966666667], [16.913231, 78.66184966666667], [16.913230333333335, 78.66184933333334], [16.913229333333334, 78.661849], [16.913228666666665, 78.66184866666667], [16.913227833333334, 78.66184833333334], [16.913227666666668, 78.66184783333333], [16.913227666666668, 78.66184750000001], [16.9132275, 78.66184733333333], [16.913227833333334, 78.66184700000001], [16.913228, 78.66184683333333], [16.913228166666666, 78.6618465], [16.9132285, 78.66184633333334], [16.913229, 78.661846], [16.913229333333334, 78.66184583333333], [16.9132295, 78.66184566666668], [16.91323, 78.6618455], [16.913230166666665, 78.66184533333333], [16.913230333333335, 78.66184516666667], [16.913230833333333, 78.66184483333333], [16.913231333333332, 78.66184466666667], [16.913232333333333, 78.66184433333333], [16.913232999999998, 78.661844], [16.9132335, 78.6618435], [16.913234166666665, 78.66184316666666], [16.913234833333334, 78.66184266666667], [16.913235333333333, 78.66184233333334], [16.913235666666665, 78.661842], [16.913236166666664, 78.66184150000001], [16.9132365, 78.66184100000001], [16.913236833333332, 78.6618405], [16.913237166666665, 78.66184016666666], [16.913237833333334, 78.66183966666668], [16.913238, 78.66183916666667], [16.913238166666666, 78.66183866666667], [16.913238166666666, 78.66183833333334], [16.913238, 78.66183783333332], [16.913238, 78.6618375], [16.913238, 78.661837], [16.913238, 78.66183666666667], [16.913238166666666, 78.66183616666667], [16.913238166666666, 78.66183583333333], [16.9132385, 78.66183533333333], [16.91323883333333, 78.66183500000001], [16.913239333333333, 78.66183466666666], [16.913239666666666, 78.66183433333335], [16.91324, 78.661834], [16.91324, 78.66183366666668], [16.91324033333333, 78.66183333333333], [16.913240499999997, 78.66183299999999], [16.913240666666663, 78.66183266666667], [16.913240833333337, 78.6618325], [16.913240833333337, 78.66183216666667], [16.913240666666663, 78.66183183333332], [16.913240833333337, 78.66183166666666], [16.913240833333337, 78.6618315], [16.913240666666663, 78.66183133333334], [16.913240666666663, 78.66183099999999], [16.913240499999997, 78.66183083333334], [16.913240499999997, 78.6618305], [16.913240666666663, 78.66183016666668], [16.913240666666663, 78.66183], [16.913240833333337, 78.66182983333333], [16.913240833333337, 78.66182950000001], [16.913241000000003, 78.66182916666666], [16.913240833333337, 78.66182883333333], [16.913240666666663, 78.66182866666666], [16.913240499999997, 78.66182833333333], [16.913240166666665, 78.661828], [16.91324, 78.66182783333333], [16.913239666666666, 78.6618275], [16.9132395, 78.66182716666667], [16.913239333333333, 78.66182699999999], [16.913239166666663, 78.66182666666667], [16.913238999999997, 78.66182633333332], [16.913238666666665, 78.66182616666667], [16.91323883333333, 78.66182583333332], [16.913238666666665, 78.66182566666666], [16.913238666666665, 78.66182533333334], [16.913238666666665, 78.66182516666666], [16.9132385, 78.66182483333334], [16.913238333333332, 78.66182466666667], [16.913238166666666, 78.66182433333333], [16.913237833333334, 78.66182416666668], [16.913237666666664, 78.661824], [16.91323733333333, 78.66182366666666], [16.913236833333332, 78.66182350000001], [16.9132365, 78.66182333333333], [16.913235999999998, 78.66182316666666], [16.91323583333333, 78.66182283333333], [16.9132355, 78.66182266666667], [16.913235333333333, 78.6618225], [16.913235166666666, 78.66182216666667], [16.913235, 78.661822], [16.913234833333334, 78.66182183333333], [16.913235, 78.6618215], [16.913235, 78.66182133333334], [16.913234833333334, 78.66182099999999], [16.913234666666664, 78.66182083333334], [16.913234499999998, 78.6618205], [16.913234166666665, 78.66182033333332], [16.913233833333333, 78.66182016666667], [16.913233666666667, 78.66181983333333], [16.913233333333334, 78.66181966666666], [16.913232833333332, 78.66181950000001], [16.9132325, 78.66181916666666], [16.913232166666667, 78.661819], [16.913232, 78.66181883333334], [16.913231833333334, 78.6618185], [16.9132315, 78.66181833333333], [16.913231333333332, 78.661818], [16.913231333333332, 78.66181783333333], [16.913231333333332, 78.66181766666666], [16.913231166666666, 78.66181750000001], [16.913231, 78.66181716666667], [16.913230833333333, 78.66181683333333], [16.913230833333333, 78.66181666666667], [16.913230666666667, 78.6618165], [16.913230333333335, 78.66181616666667], [16.91323, 78.661816], [16.9132295, 78.66181583333334], [16.913229166666667, 78.66181566666667], [16.913229, 78.66181533333334], [16.913228666666665, 78.66181516666667], [16.913228333333333, 78.66181499999999], [16.913228, 78.66181483333334], [16.913227833333334, 78.66181466666667], [16.9132275, 78.66181433333333], [16.9132275, 78.66181416666667], [16.913227333333335, 78.661814], [16.913227166666665, 78.66181383333333], [16.913227, 78.66181366666666], [16.913226833333333, 78.66181333333334], [16.913226666666667, 78.66181316666666], [16.913226666666667, 78.661813], [16.913226333333334, 78.66181283333334], [16.913226, 78.66181266666668], [16.9132255, 78.6618125], [16.913225, 78.66181233333333], [16.913224666666668, 78.66181216666668], [16.913224333333336, 78.661812], [16.913223833333333, 78.66181183333333], [16.9132235, 78.66181166666667], [16.91322316666667, 78.66181150000001], [16.913222833333336, 78.66181133333333], [16.913222833333336, 78.66181116666667], [16.913222666666666, 78.661811], [16.913222333333334, 78.66181083333332], [16.913222, 78.66181066666667], [16.91322166666667, 78.6618105], [16.913221333333336, 78.6618105], [16.913220833333334, 78.66181033333334], [16.9132205, 78.66181016666665], [16.913220000000003, 78.66181], [16.9132195, 78.66180983333334], [16.913218833333335, 78.66180983333334], [16.913218166666663, 78.66180966666667], [16.913217666666664, 78.66180949999999], [16.913217166666666, 78.66180949999999], [16.913216666666663, 78.66180933333334], [16.913216166666665, 78.66180916666667], [16.9132155, 78.66180916666667], [16.913214999999997, 78.66180899999999], [16.913214666666665, 78.66180883333332], [16.913214333333332, 78.66180883333332], [16.913214, 78.66180866666667], [16.91321333333333, 78.66180866666667], [16.9132125, 78.6618085], [16.91321183333333, 78.66180833333333], [16.913211333333333, 78.66180833333333], [16.913211, 78.66180833333333], [16.913210333333332, 78.66180816666666], [16.913209666666667, 78.66180816666666], [16.913209, 78.66180800000001], [16.913208333333333, 78.66180800000001], [16.913207833333335, 78.66180783333333], [16.913207333333332, 78.66180783333333], [16.913206666666667, 78.66180783333333], [16.913206, 78.66180766666666], [16.913205333333334, 78.66180766666666], [16.913204833333335, 78.6618075], [16.913204166666667, 78.6618075], [16.913203666666668, 78.6618075], [16.913203, 78.66180733333334], [16.913202000000002, 78.66180716666666], [16.913201333333333, 78.66180716666666], [16.91320066666667, 78.661807], [16.9132, 78.661807], [16.91319916666667, 78.661807], [16.913198333333334, 78.66180683333333], [16.913197500000003, 78.66180683333333], [16.913196833333334, 78.66180683333333], [16.91319616666667, 78.66180683333333], [16.913195666666663, 78.66180666666668], [16.913194833333332, 78.66180666666668], [16.913193999999997, 78.66180666666668], [16.913193166666666, 78.6618065], [16.913192499999997, 78.6618065], [16.913191833333332, 78.6618065], [16.913191166666664, 78.66180633333333], [16.9131905, 78.66180633333333], [16.913189499999998, 78.66180633333333], [16.913188833333333, 78.66180616666666], [16.913187999999998, 78.661806], [16.913187333333333, 78.661806], [16.9131865, 78.66180583333333], [16.913185833333333, 78.66180583333333], [16.913185, 78.66180566666667], [16.9131845, 78.66180566666667], [16.913183833333335, 78.6618055], [16.913183166666666, 78.6618055], [16.913182166666665, 78.66180533333333], [16.913181166666668, 78.66180533333333], [16.9131805, 78.66180516666667], [16.913179500000002, 78.66180516666667], [16.913178333333335, 78.66180516666667], [16.913177333333334, 78.661805], [16.913176333333336, 78.66180483333332], [16.9131755, 78.66180483333332], [16.9131745, 78.66180466666667], [16.913173500000003, 78.66180466666667], [16.913172499999998, 78.6618045], [16.913171499999997, 78.66180433333334], [16.913170666666666, 78.66180433333334], [16.913169999999997, 78.66180433333334], [16.913169166666666, 78.66180416666666], [16.91316833333333, 78.66180416666666], [16.9131675, 78.66180416666666], [16.9131665, 78.661804], [16.913165666666664, 78.661804], [16.9131645, 78.661804], [16.913163, 78.66180383333334], [16.913161166666665, 78.661804], [16.913159, 78.66180383333334], [16.9131565, 78.66180383333334], [16.913154000000002, 78.66180383333334], [16.9131515, 78.66180366666667], [16.913148666666665, 78.66180366666667], [16.913145999999998, 78.66180349999999], [16.913144, 78.66180333333334], [16.913142, 78.66180283333333], [16.913140333333335, 78.66180250000001], [16.913139, 78.66180216666666], [16.9131375, 78.66180200000001], [16.913136, 78.66180166666666], [16.9131345, 78.66180133333334], [16.913133000000002, 78.661801], [16.913131333333336, 78.66180066666668], [16.9131295, 78.66180016666667], [16.913127333333332, 78.66179933333333], [16.913125666666666, 78.66179833333334], [16.913124166666666, 78.66179716666667], [16.913123166666665, 78.66179583333333], [16.913123166666665, 78.6617945], [16.913124166666666, 78.66179316666667], [16.913125833333332, 78.661792], [16.913127999999997, 78.661791], [16.91313116666667, 78.66179016666666], [16.9131345, 78.6617895], [16.913138333333332, 78.66178883333333], [16.913141833333334, 78.66178866666668], [16.913145333333333, 78.66178883333333], [16.913148166666666, 78.661789], [16.91315033333333, 78.66178916666667], [16.913152333333336, 78.66178966666666], [16.913153833333336, 78.66179016666666], [16.913155333333336, 78.66179066666668], [16.9131575, 78.661791], [16.913158833333334, 78.66179149999999], [16.913160666666666, 78.66179183333334], [16.913162833333335, 78.66179216666666], [16.913165, 78.66179266666667], [16.913167166666664, 78.66179316666667], [16.913169666666665, 78.6617935], [16.913172166666666, 78.66179383333333], [16.913173833333335, 78.66179416666667], [16.913175666666667, 78.6617945], [16.9131775, 78.66179483333333], [16.913179500000002, 78.66179516666666], [16.913181666666667, 78.6617955], [16.913183666666665, 78.66179600000001], [16.913186166666666, 78.66179633333333], [16.913188833333333, 78.66179650000001], [16.9131915, 78.66179683333333], [16.9131945, 78.66179716666667], [16.913197500000003, 78.66179733333334], [16.91320066666667, 78.66179766666667], [16.913203833333334, 78.661798], [16.913207, 78.66179816666666], [16.91321, 78.6617985], [16.913213166666665, 78.66179866666667], [16.91321633333333, 78.66179883333332], [16.9132195, 78.661799], [16.913222833333336, 78.66179916666667], [16.913226, 78.66179933333333], [16.913228666666665, 78.66179966666667], [16.913231333333332, 78.66179983333333], [16.913234, 78.6618], [16.913236333333334, 78.66180033333333], [16.913238666666665, 78.6618005], [16.913241000000003, 78.66180066666668], [16.913243, 78.66180083333333], [16.913245500000002, 78.66180116666666], [16.913248, 78.66180133333334], [16.9132505, 78.6618015], [16.913252666666665, 78.66180183333333], [16.913254833333333, 78.66180216666666], [16.913257166666664, 78.66180233333333], [16.913259166666666, 78.66180266666667], [16.91326133333333, 78.66180283333333], [16.913263333333337, 78.66180316666667], [16.913265333333335, 78.66180349999999], [16.913267, 78.66180383333334], [16.9132685, 78.66180416666666], [16.913270333333333, 78.6618045], [16.913271666666667, 78.66180483333332], [16.913273166666666, 78.66180516666667], [16.913274333333334, 78.6618055], [16.9132755, 78.66180583333333], [16.913276833333335, 78.66180633333333], [16.913278333333334, 78.66180666666668], [16.913279833333334, 78.66180716666666], [16.913281166666664, 78.6618075], [16.913282499999998, 78.66180783333333], [16.91328383333333, 78.66180816666666], [16.913285, 78.6618085], [16.91328616666667, 78.66180883333332], [16.913287333333336, 78.66180916666667], [16.913288333333334, 78.66180949999999], [16.91328916666667, 78.66180983333334], [16.913290166666666, 78.66181016666665], [16.913291166666667, 78.66181033333334], [16.913292000000002, 78.66181066666667], [16.913293, 78.661811], [16.913294, 78.66181116666667], [16.913295, 78.66181150000001], [16.913296, 78.66181166666667], [16.913297, 78.661812], [16.913297833333335, 78.66181216666668], [16.9132985, 78.6618125], [16.913299166666665, 78.66181283333334], [16.9133, 78.661813], [16.913300666666665, 78.66181316666666], [16.913301166666667, 78.66181350000001], [16.913301833333332, 78.66181366666666], [16.913302333333334, 78.661814], [16.913302833333333, 78.66181433333333], [16.913303499999998, 78.6618145], [16.913303833333334, 78.66181466666667], [16.9133045, 78.66181499999999], [16.913304999999998, 78.66181516666667], [16.9133055, 78.6618155], [16.913306166666665, 78.66181566666667], [16.913306833333333, 78.66181583333334], [16.913307166666666, 78.66181616666667], [16.9133075, 78.66181633333333], [16.91330783333333, 78.66181666666667], [16.913307999999997, 78.66181683333333], [16.913308333333337, 78.661817], [16.913308500000003, 78.66181716666667], [16.913308500000003, 78.66181733333333], [16.913308500000003, 78.66181750000001], [16.91330866666667, 78.66181766666666], [16.913308833333335, 78.66181783333333], [16.913309166666668, 78.661818], [16.913309333333334, 78.661818], [16.913309166666668, 78.66181816666668], [16.913309333333334, 78.66181833333333], [16.913309333333334, 78.6618185], [16.9133095, 78.66181866666668], [16.913309666666667, 78.66181883333334], [16.913309666666667, 78.661819], [16.913309333333334, 78.66181916666666], [16.913309166666668, 78.66181933333334], [16.913309166666668, 78.66181933333334], [16.913309333333334, 78.66181950000001], [16.913309333333334, 78.66181966666666], [16.913309333333334, 78.66181966666666], [16.913309333333334, 78.66181983333333], [16.913309333333334, 78.66181983333333], [16.913309833333336, 78.66181983333333], [16.9133105, 78.66182], [16.913310833333334, 78.66182], [16.913311, 78.66182016666667], [16.913311, 78.66182016666667], [16.913311333333336, 78.66182033333332], [16.91331166666667, 78.66182033333332], [16.913311833333335, 78.6618205], [16.913311833333335, 78.6618205], [16.91331166666667, 78.66182083333334], [16.91331166666667, 78.66182099999999], [16.913311833333335, 78.66182116666667], [16.913312333333334, 78.66182133333334], [16.913312666666666, 78.6618215], [16.913312666666666, 78.66182183333333], [16.913312833333336, 78.661822], [16.913313000000002, 78.66182216666667], [16.9133135, 78.66182233333333], [16.913313833333333, 78.6618225], [16.913314, 78.6618225], [16.913313833333333, 78.66182266666667], [16.9133135, 78.66182283333333], [16.91331316666667, 78.66182283333333], [16.913313000000002, 78.661823], [16.913312666666666, 78.66182316666666], [16.9133125, 78.66182333333333], [16.913311833333335, 78.66182350000001], [16.913311500000002, 78.66182366666666], [16.913311166666666, 78.66182383333333], [16.913311, 78.661824], [16.913310833333334, 78.66182416666668], [16.913310666666668, 78.66182433333333], [16.91331016666667, 78.66182466666667], [16.913309833333336, 78.66182483333334], [16.913309166666668, 78.661825], [16.913309, 78.66182516666666], [16.91330866666667, 78.66182533333334], [16.913307999999997, 78.6618255], [16.913307166666666, 78.66182566666666], [16.913306166666665, 78.66182583333332], [16.913305166666664, 78.66182616666667], [16.9133045, 78.66182633333332], [16.913303833333334, 78.66182633333332], [16.913303, 78.6618265], [16.913301833333332, 78.66182666666667], [16.913301, 78.66182683333334], [16.913300333333332, 78.66182716666667], [16.913299833333333, 78.66182716666667], [16.913299166666665, 78.66182733333333], [16.913298333333334, 78.6618275], [16.913297333333333, 78.66182766666667], [16.913296333333335, 78.66182783333333], [16.913295666666667, 78.661828], [16.913294833333335, 78.661828], [16.913293666666668, 78.66182816666667], [16.9132925, 78.66182833333333], [16.913291333333333, 78.6618285], [16.913290500000002, 78.66182866666666], [16.913289833333334, 78.66182883333333], [16.913289000000002, 78.661829], [16.913288166666668, 78.66182916666666], [16.913287166666667, 78.66182933333333], [16.91328616666667, 78.66182933333333], [16.913285666666663, 78.66182950000001], [16.913285, 78.66182966666666], [16.913284166666664, 78.66182966666666], [16.913283, 78.66182983333333], [16.913282, 78.66183], [16.913280999999998, 78.66183016666668], [16.913280166666667, 78.66183016666668], [16.913279166666666, 78.66183033333333], [16.913278166666665, 78.66183033333333], [16.913277166666667, 78.6618305], [16.913276166666666, 78.66183066666667], [16.913275333333335, 78.66183066666667], [16.9132745, 78.66183083333334], [16.913273833333335, 78.66183083333334], [16.913272666666668, 78.66183099999999], [16.9132715, 78.66183099999999], [16.913270333333333, 78.66183116666666], [16.913269333333336, 78.66183116666666], [16.913268666666667, 78.66183133333334], [16.913267666666666, 78.66183133333334], [16.913266500000002, 78.6618315], [16.913265333333335, 78.6618315], [16.913264, 78.66183166666666], [16.91326283333333, 78.66183183333332], [16.913261833333333, 78.66183183333332], [16.913260666666666, 78.661832], [16.9132595, 78.66183216666667], [16.913258166666665, 78.66183216666667], [16.913256999999998, 78.66183233333332], [16.913255833333334, 78.6618325], [16.913254833333333, 78.66183266666667], [16.913253666666666, 78.66183283333334], [16.913252333333332, 78.66183299999999], [16.913251, 78.66183299999999], [16.913249833333335, 78.66183316666667], [16.913248833333334, 78.66183333333333], [16.913247666666667, 78.6618335], [16.9132465, 78.66183366666668], [16.91324566666667, 78.66183366666668], [16.9132445, 78.66183383333333], [16.913243666666666, 78.661834], [16.91324266666667, 78.66183416666667], [16.913241833333334, 78.66183433333335], [16.913240833333337, 78.6618345], [16.913239833333332, 78.66183466666666], [16.913238999999997, 78.66183483333333], [16.913238166666666, 78.66183483333333], [16.91323733333333, 78.66183500000001], [16.913236666666666, 78.66183516666666], [16.913235999999998, 78.66183516666666], [16.913235333333333, 78.66183533333333], [16.913234666666664, 78.66183550000001], [16.913234166666665, 78.66183550000001], [16.913233333333334, 78.66183566666668], [16.913232833333332, 78.66183583333333], [16.9132325, 78.661836], [16.913232, 78.66183616666667], [16.913231333333332, 78.66183616666667], [16.913230666666667, 78.66183633333334], [16.913229833333332, 78.66183649999999], [16.913229166666667, 78.66183666666667], [16.913228333333333, 78.66183683333334], [16.913227666666668, 78.661837], [16.913226833333333, 78.66183716666666], [16.913225833333335, 78.66183733333334], [16.9132255, 78.66183733333334], [16.913225333333333, 78.6618375], [16.913225, 78.66183766666667], [16.913224666666668, 78.66183783333332], [16.913224333333336, 78.661838], [16.913223833333333, 78.66183816666667], [16.913223333333335, 78.66183816666667], [16.913223000000002, 78.66183833333334], [16.913222666666666, 78.6618385], [16.91322166666667, 78.66183866666667], [16.913221, 78.66183883333333], [16.91322016666667, 78.661839], [16.913219666666667, 78.661839], [16.913219166666668, 78.66183916666667], [16.913218833333335, 78.66183933333333], [16.913218166666663, 78.66183933333333], [16.91321783333333, 78.6618395], [16.913217666666664, 78.66183966666668], [16.913217333333332, 78.66183983333333], [16.913217166666666, 78.66183983333333], [16.913216666666663, 78.66184], [16.913216, 78.66184016666666], [16.9132155, 78.66184016666666], [16.91321483333333, 78.66184033333334], [16.913214333333332, 78.6618405], [16.913213666666664, 78.66184066666666], [16.913212833333333, 78.66184083333333], [16.913211999999998, 78.66184100000001], [16.9132115, 78.66184100000001], [16.913211166666667, 78.66184116666666], [16.913210833333334, 78.66184133333333], [16.913210333333332, 78.66184150000001], [16.913209666666667, 78.66184150000001], [16.913209, 78.66184166666667], [16.913208666666666, 78.66184166666667], [16.913208, 78.66184183333333], [16.913207333333332, 78.661842], [16.913206166666665, 78.661842], [16.913205, 78.66184216666667], [16.913204166666667, 78.66184233333334], [16.913203333333335, 78.66184249999999], [16.913202333333334, 78.66184249999999], [16.913201333333333, 78.66184266666667], [16.913200333333336, 78.66184266666667], [16.913199666666667, 78.66184283333334], [16.913199000000002, 78.661843], [16.913198333333334, 78.661843], [16.913197166666667, 78.66184316666666], [16.913196333333335, 78.66184316666666], [16.91319533333333, 78.66184333333334], [16.913194833333332, 78.6618435], [16.913194666666666, 78.6618435], [16.913194833333332, 78.66184383333332], [16.913195666666663, 78.66184416666667], [16.913197166666667, 78.6618445], [16.9131995, 78.66184483333333], [16.913202666666667, 78.66184516666667], [16.913206, 78.6618455], [16.913209, 78.66184566666668], [16.913212333333334, 78.66184566666668], [16.9132155, 78.66184583333333], [16.91321866666667, 78.6618455], [16.913221833333335, 78.661845], [16.913224333333336, 78.6618445], [16.913226333333334, 78.66184366666667], [16.913228666666665, 78.66184283333334], [16.913230166666665, 78.66184216666667], [16.913232166666667, 78.66184166666667], [16.913233666666667, 78.66184100000001], [16.913235333333333, 78.6618405], [16.913236833333332, 78.66184], [16.913238666666665, 78.66183966666668], [16.91324033333333, 78.66183916666667], [16.913242, 78.66183883333333], [16.913243833333336, 78.66183833333334], [16.913245166666666, 78.661838], [16.913246166666667, 78.66183783333332], [16.913247000000002, 78.6618375], [16.913247666666667, 78.66183716666666], [16.9132485, 78.66183683333334], [16.913249333333333, 78.66183666666667], [16.913250166666668, 78.66183633333334], [16.913250833333333, 78.661836], [16.913251666666667, 78.66183566666668], [16.913252166666666, 78.66183550000001], [16.9132525, 78.66183516666666], [16.913252833333335, 78.66183500000001], [16.913253166666667, 78.66183483333333], [16.913253833333332, 78.66183483333333], [16.9132545, 78.66183483333333], [16.913255166666666, 78.66183466666666], [16.913256166666667, 78.66183466666666], [16.913256999999998, 78.6618345], [16.913257666666667, 78.6618345], [16.913258499999998, 78.66183433333335], [16.913259166666666, 78.66183416666667], [16.913259999999998, 78.66183416666667], [16.913260666666666, 78.661834], [16.913261166666665, 78.661834], [16.913262, 78.661834], [16.913262333333332, 78.661834], [16.913262666666665, 78.66183383333333], [16.913263166666663, 78.66183366666668], [16.913263500000003, 78.66183366666668], [16.91326366666667, 78.6618335], [16.913263833333335, 78.6618335], [16.913263833333335, 78.66183333333333], [16.913263500000003, 78.66183316666667], [16.913263500000003, 78.66183316666667], [16.913263333333337, 78.66183299999999], [16.913262999999997, 78.66183283333334], [16.913262666666665, 78.66183266666667], [16.913262333333332, 78.66183266666667], [16.913262166666666, 78.6618325], [16.913262333333332, 78.66183233333332], [16.913262333333332, 78.66183216666667], [16.913262166666666, 78.661832], [16.913261833333333, 78.661832], [16.913261666666664, 78.66183183333332], [16.913261666666664, 78.66183166666666], [16.913261166666665, 78.66183166666666], [16.913260833333332, 78.6618315], [16.9132605, 78.6618315], [16.913259999999998, 78.66183133333334], [16.9132595, 78.66183133333334], [16.913259166666666, 78.66183116666666], [16.913258833333334, 78.66183116666666], [16.913258499999998, 78.66183099999999], [16.91325833333333, 78.66183083333334], [16.913258166666665, 78.66183083333334], [16.913258166666665, 78.66183066666667], [16.913258, 78.66183066666667], [16.913257833333333, 78.6618305], [16.913257666666667, 78.6618305], [16.913257333333334, 78.66183033333333], [16.91325683333333, 78.66183033333333], [16.9132565, 78.66183016666668], [16.913255833333334, 78.66183016666668], [16.913255499999998, 78.66183], [16.913254833333333, 78.66183], [16.913254666666667, 78.66183], [16.913254333333335, 78.66182983333333], [16.913254166666665, 78.66182983333333], [16.913253666666666, 78.66182983333333], [16.9132535, 78.66182983333333], [16.913253166666667, 78.66182983333333], [16.913253, 78.66182966666666], [16.9132525, 78.66182966666666], [16.913252, 78.66182966666666], [16.913251666666667, 78.66182966666666], [16.913251166666665, 78.66182966666666], [16.913250666666666, 78.66182966666666], [16.913250166666668, 78.66182966666666], [16.9132495, 78.66182950000001], [16.913249, 78.66182950000001], [16.9132485, 78.66182950000001], [16.913248, 78.66182950000001], [16.913247666666667, 78.66182950000001], [16.913247333333334, 78.66182950000001], [16.913246833333336, 78.66182950000001], [16.913246166666667, 78.66182950000001], [16.91324566666667, 78.66182933333333], [16.913245, 78.66182933333333], [16.9132445, 78.66182916666666], [16.913243833333336, 78.66182916666666], [16.913243166666668, 78.66182916666666], [16.91324266666667, 78.661829], [16.913242166666667, 78.661829], [16.9132415, 78.661829], [16.913240833333337, 78.66182883333333], [16.91324033333333, 78.66182883333333], [16.9132395, 78.66182883333333], [16.91323883333333, 78.66182866666666], [16.913238333333332, 78.66182866666666], [16.913237666666664, 78.6618285], [16.913237, 78.6618285], [16.9132365, 78.6618285], [16.913235999999998, 78.66182833333333], [16.913235333333333, 78.66182833333333], [16.913234833333334, 78.66182833333333], [16.91323433333333, 78.66182833333333], [16.913234166666665, 78.66182816666667], [16.913233833333333, 78.66182816666667], [16.913233666666667, 78.66182816666667], [16.913233166666664, 78.661828], [16.913232666666666, 78.661828], [16.913232333333333, 78.661828], [16.913231833333334, 78.661828], [16.913231166666666, 78.661828], [16.913230666666667, 78.661828], [16.913230166666665, 78.661828], [16.913229666666666, 78.661828], [16.9132295, 78.661828], [16.913229166666667, 78.66182783333333], [16.913229, 78.66182783333333], [16.913228833333335, 78.66182783333333], [16.913228666666665, 78.66182783333333], [16.913228333333333, 78.66182783333333], [16.913227833333334, 78.66182766666667], [16.913227166666665, 78.66182766666667], [16.9132265, 78.66182766666667], [16.913226, 78.66182766666667], [16.913225166666667, 78.66182766666667], [16.913224500000002, 78.66182766666667], [16.913224166666666, 78.6618275], [16.913223833333333, 78.6618275], [16.913223333333335, 78.6618275], [16.913222833333336, 78.66182733333333], [16.9132225, 78.66182733333333], [16.913222, 78.66182733333333], [16.91322166666667, 78.66182716666667], [16.913221166666666, 78.66182716666667], [16.9132205, 78.66182716666667], [16.913219666666667, 78.66182716666667], [16.913219, 78.66182716666667], [16.913218500000003, 78.66182699999999], [16.913217999999997, 78.66182699999999], [16.913217333333332, 78.66182699999999], [16.913216666666663, 78.66182683333334], [16.913216166666665, 78.66182683333334], [16.913216, 78.66182683333334], [16.913215666666666, 78.66182683333334], [16.913215166666664, 78.66182666666667], [16.91321483333333, 78.66182666666667], [16.913214333333332, 78.66182666666667], [16.913213666666664, 78.66182666666667], [16.913213166666665, 78.66182666666667], [16.9132125, 78.66182666666667], [16.913211666666665, 78.66182666666667], [16.913211, 78.66182666666667], [16.913210333333332, 78.66182666666667], [16.91321, 78.66182666666667], [16.9132095, 78.66182666666667], [16.913209, 78.66182666666667], [16.9132085, 78.66182666666667], [16.913208166666667, 78.66182666666667], [16.913207833333335, 78.6618265], [16.9132075, 78.6618265], [16.913207, 78.6618265], [16.9132065, 78.6618265], [16.913205833333333, 78.6618265], [16.913205333333334, 78.6618265], [16.913204833333335, 78.6618265], [16.913204166666667, 78.6618265], [16.9132035, 78.6618265], [16.913203, 78.6618265], [16.913202833333333, 78.66182666666667], [16.913202666666667, 78.6618265], [16.913202333333334, 78.66182666666667], [16.913202166666668, 78.6618265], [16.913201666666666, 78.66182666666667], [16.9132015, 78.66182666666667], [16.913201166666667, 78.6618265], [16.91320066666667, 78.6618265], [16.913200166666666, 78.66182666666667], [16.9131995, 78.66182666666667], [16.91319916666667, 78.66182666666667], [16.913199000000002, 78.66182666666667], [16.913198833333336, 78.66182666666667], [16.9131985, 78.66182666666667], [16.913198166666668, 78.66182666666667], [16.913197833333335, 78.66182666666667], [16.913197500000003, 78.66182666666667], [16.913197333333336, 78.66182683333334], [16.913196833333334, 78.66182683333334], [16.913196333333335, 78.66182683333334], [16.913195833333337, 78.66182683333334], [16.91319533333333, 78.66182683333334], [16.913195166666664, 78.66182683333334], [16.913194833333332, 78.66182683333334], [16.913194333333333, 78.66182683333334], [16.91319383333333, 78.66182683333334], [16.9131935, 78.66182683333334], [16.9131935, 78.66182683333334], [16.913193333333332, 78.66182683333334], [16.913193, 78.66182683333334], [16.913192499999997, 78.66182683333334], [16.913192, 78.66182683333334], [16.913191666666666, 78.66182683333334], [16.913191333333334, 78.66182683333334], [16.913190666666665, 78.66182683333334], [16.91319, 78.66182683333334], [16.913189499999998, 78.66182683333334], [16.913189166666665, 78.66182683333334], [16.913189166666665, 78.66182683333334], [16.913189, 78.66182666666667], [16.913188666666667, 78.66182683333334], [16.913188333333334, 78.66182683333334], [16.913187833333332, 78.66182683333334], [16.9131875, 78.66182683333334], [16.913187, 78.66182683333334], [16.9131865, 78.66182683333334], [16.913186333333332, 78.66182699999999], [16.913186, 78.66182733333333], [16.913186333333332, 78.661828], [16.913186833333334, 78.66182883333333], [16.913187333333333, 78.66183016666668], [16.913188333333334, 78.6618315], [16.913189166666665, 78.66183299999999], [16.913190333333333, 78.66183466666666], [16.913191666666666, 78.66183649999999], [16.913192833333333, 78.6618385], [16.91319383333333, 78.6618405], [16.913194833333332, 78.66184249999999], [16.913196000000003, 78.66184466666667], [16.913197333333336, 78.66184666666666], [16.913198666666666, 78.66184883333334], [16.9132, 78.661851], [16.9132015, 78.66185300000001], [16.913203166666666, 78.661855], [16.913204833333335, 78.66185683333333], [16.913206166666665, 78.66185866666666], [16.913207666666665, 78.66186016666667], [16.913208666666666, 78.66186166666667], [16.913209666666667, 78.661863], [16.913210499999998, 78.66186433333334], [16.913211, 78.6618655], [16.9132115, 78.66186666666667], [16.913211999999998, 78.66186783333333], [16.9132125, 78.66186883333333], [16.913212833333333, 78.66186983333334], [16.91321333333333, 78.66187083333332], [16.913214, 78.66187166666667], [16.913214333333332, 78.66187266666667], [16.91321483333333, 78.6618735], [16.913214999999997, 78.66187433333333], [16.913215166666664, 78.66187516666668], [16.913214999999997, 78.66187599999999], [16.913214666666665, 78.66187683333332], [16.913214166666666, 78.66187766666667], [16.913213833333334, 78.6618785], [16.913213166666665, 78.66187916666667], [16.913212666666666, 78.66187983333333], [16.9132125, 78.66188050000001], [16.9132125, 78.66188116666667], [16.9132125, 78.66188183333334], [16.9132125, 78.6618825], [16.913212333333334, 78.66188316666667], [16.9132125, 78.66188366666667], [16.9132125, 78.66188433333333], [16.9132125, 78.661885], [16.913212333333334, 78.66188566666666], [16.913212333333334, 78.66188633333333], [16.913212166666664, 78.661887], [16.913212166666664, 78.66188766666667], [16.913211999999998, 78.66188833333334], [16.913211666666665, 78.66188916666667], [16.913211, 78.66189], [16.913210333333332, 78.66189066666668], [16.913209333333334, 78.66189133333334], [16.913208333333333, 78.66189200000001], [16.913207166666666, 78.66189266666667], [16.913206333333335, 78.66189316666667], [16.913205, 78.661894], [16.9132045, 78.6618945], [16.913204666666665, 78.661895], [16.913205, 78.6618955], [16.913206166666665, 78.66189566666667], [16.913207833333335, 78.661896], [16.913209833333333, 78.66189616666666], [16.913212166666664, 78.6618965], [16.913215166666664, 78.66189666666668], [16.913218833333335, 78.66189683333333], [16.913222833333336, 78.661897], [16.913227333333335, 78.66189716666666], [16.913232166666667, 78.6618975], [16.913237499999997, 78.66189766666666], [16.913242833333335, 78.66189783333333], [16.913248666666668, 78.66189800000001], [16.913254666666667, 78.66189816666666], [16.913261, 78.66189833333333], [16.913267666666666, 78.6618985], [16.913274666666666, 78.66189866666667], [16.913281833333333, 78.66189866666667], [16.913289333333335, 78.66189883333332], [16.913297333333333, 78.66189883333332], [16.9133055, 78.66189883333332], [16.913313666666667, 78.66189899999999], [16.913321833333335, 78.66189899999999], [16.913330166666665, 78.66189916666667], [16.913338333333336, 78.66189916666667], [16.913346166666667, 78.66189916666667], [16.913354, 78.66189916666667], [16.913361833333333, 78.66189916666667], [16.913369499999998, 78.66189899999999], [16.913376833333334, 78.66189899999999], [16.913384166666667, 78.66189899999999], [16.913391333333333, 78.66189899999999], [16.91339866666667, 78.66189899999999], [16.913405833333336, 78.66189883333332], [16.913413166666665, 78.66189883333332], [16.913420499999997, 78.66189883333332], [16.913427833333333, 78.66189883333332], [16.913435166666666, 78.66189883333332], [16.91344283333333, 78.66189883333332], [16.913450166666667, 78.66189866666667], [16.9134575, 78.66189866666667], [16.913464666666666, 78.66189866666667], [16.913471666666666, 78.66189866666667], [16.9134785, 78.6618985], [16.9134855, 78.6618985], [16.913492166666668, 78.6618985], [16.913499, 78.6618985], [16.913505833333332, 78.6618985], [16.913512833333336, 78.6618985], [16.913520000000002, 78.6618985], [16.91352733333333, 78.6618985], [16.913534333333335, 78.6618985], [16.913541666666667, 78.6618985], [16.913549, 78.6618985], [16.91355583333333, 78.6618985], [16.913562666666667, 78.6618985], [16.9135695, 78.6618985], [16.91357633333333, 78.6618985], [16.913583000000003, 78.6618985], [16.913589666666667, 78.6618985], [16.91359633333333, 78.6618985], [16.913603333333334, 78.6618985], [16.9136105, 78.66189833333333], [16.913617666666667, 78.66189833333333], [16.91362516666667, 78.66189833333333], [16.91363266666667, 78.66189833333333], [16.9136405, 78.66189816666666], [16.913648333333335, 78.66189816666666], [16.913656833333334, 78.66189816666666], [16.913665166666664, 78.66189816666666], [16.913673333333335, 78.66189816666666], [16.913681666666665, 78.66189816666666], [16.913689666666667, 78.66189816666666], [16.913697833333334, 78.66189816666666], [16.913705999999998, 78.66189816666666], [16.913714333333335, 78.66189816666666], [16.913722333333332, 78.66189816666666], [16.913730333333334, 78.66189800000001], [16.913738333333335, 78.66189816666666], [16.913746166666666, 78.66189800000001], [16.91375383333333, 78.66189800000001], [16.9137615, 78.66189800000001], [16.913769, 78.66189800000001], [16.913776499999997, 78.66189783333333], [16.913784, 78.66189766666666], [16.913791833333335, 78.66189733333334], [16.913800166666665, 78.661897], [16.913809, 78.66189666666668], [16.913818833333334, 78.661896], [16.913828666666667, 78.66189516666667], [16.913838166666668, 78.66189416666666], [16.9138475, 78.66189316666667], [16.91385616666667, 78.66189183333333], [16.913864666666665, 78.66189033333333], [16.913870999999997, 78.661889], [16.913876000000002, 78.66188749999999], [16.9138795, 78.66188583333333], [16.913882666666666, 78.661884], [16.913885, 78.66188216666666], [16.913887, 78.66188050000001], [16.913888666666665, 78.66187866666668], [16.913889333333334, 78.66187683333332], [16.913888999999998, 78.66187516666668], [16.913888999999998, 78.66187366666666], [16.91388883333333, 78.66187199999999], [16.913888, 78.66187066666666], [16.91388733333333, 78.66186916666668], [16.913886833333333, 78.66186783333333], [16.913885999999998, 78.66186666666667], [16.913885166666667, 78.6618655], [16.913884499999998, 78.66186433333334], [16.913884166666666, 78.66186316666668], [16.913883833333333, 78.661862], [16.913883666666667, 78.66186083333334], [16.913883833333333, 78.66185966666667], [16.913884499999998, 78.66185850000001], [16.913886333333334, 78.66185683333333], [16.913888999999998, 78.6618555], [16.913893166666664, 78.66185399999999], [16.913897333333335, 78.66185266666666], [16.9139025, 78.66185166666668], [16.91390833333333, 78.66185066666667], [16.913914499999997, 78.66185016666667], [16.91392066666667, 78.66184983333332], [16.913927666666666, 78.6618495], [16.913935, 78.66184916666666], [16.913943166666666, 78.66184916666666], [16.9139515, 78.661849], [16.91396083333333, 78.66184883333334], [16.9139715, 78.66184883333334], [16.913982666666666, 78.661849], [16.913994, 78.66184916666666], [16.914005333333332, 78.66184966666667], [16.914016666666665, 78.66185016666667], [16.914028499999997, 78.66185066666667], [16.9140405, 78.66185133333333], [16.914052333333334, 78.661852], [16.914065666666666, 78.66185266666666], [16.9140805, 78.6618535], [16.914096166666663, 78.66185433333334], [16.914112499999998, 78.66185516666665], [16.914129, 78.661856], [16.9141455, 78.66185666666667], [16.914162333333334, 78.6618575], [16.914178666666665, 78.66185833333334], [16.914194833333333, 78.66185916666667], [16.91421066666667, 78.66185983333334], [16.914226666666664, 78.66186066666667], [16.914243, 78.6618615], [16.9142595, 78.66186216666667], [16.91427583333333, 78.66186283333333], [16.914292333333332, 78.6618635], [16.914308833333333, 78.66186433333334], [16.914325166666668, 78.661865], [16.914341666666665, 78.66186583333334], [16.914357833333334, 78.6618665], [16.91437416666667, 78.66186716666667], [16.914390166666667, 78.661868], [16.914406166666666, 78.66186866666666], [16.914421833333332, 78.66186916666668], [16.914437833333334, 78.66186983333334], [16.914454166666665, 78.66187033333334], [16.914470333333334, 78.661871], [16.91448666666667, 78.66187166666667], [16.91450316666667, 78.66187216666667], [16.914519833333333, 78.66187266666667], [16.9145365, 78.66187316666667], [16.914553333333334, 78.66187366666666], [16.914569833333335, 78.66187416666666], [16.9145865, 78.66187466666666], [16.914603, 78.66187516666668], [16.9146195, 78.66187566666667], [16.914635666666666, 78.66187599999999], [16.914652, 78.6618765], [16.914668, 78.66187683333332], [16.914683833333335, 78.66187716666667], [16.914699666666667, 78.6618775], [16.9147155, 78.66187783333334], [16.914731166666666, 78.66187816666667], [16.914747, 78.66187833333333], [16.914762833333334, 78.6618785], [16.914779, 78.66187866666668], [16.914795, 78.66187883333333], [16.914811166666667, 78.661879], [16.9148275, 78.661879], [16.914843833333336, 78.66187916666667], [16.914860166666664, 78.66187916666667], [16.9148765, 78.66187916666667], [16.914892833333333, 78.66187916666667], [16.9149095, 78.661879], [16.91492583333333, 78.661879], [16.914942, 78.661879], [16.91495816666667, 78.66187883333333], [16.914974166666664, 78.66187866666668], [16.914990166666666, 78.6618785], [16.915005833333332, 78.66187833333333], [16.915021666666668, 78.66187799999999], [16.915037166666664, 78.66187783333334], [16.915052666666668, 78.6618775], [16.915068166666668, 78.66187716666667], [16.915083666666664, 78.66187683333332], [16.915099166666668, 78.6618765], [16.915114833333334, 78.66187599999999], [16.91513033333333, 78.66187566666667], [16.915146, 78.66187516666668], [16.91516216666667, 78.66187466666666], [16.915178, 78.66187416666666], [16.9151935, 78.6618735], [16.915208333333332, 78.66187283333333], [16.915222833333335, 78.66187216666667], [16.9152365, 78.6618715], [16.915250166666667, 78.66187066666666], [16.915263, 78.66186983333334], [16.915275666666666, 78.66186883333333], [16.915287999999997, 78.661868], [16.915299833333332, 78.661867], [16.91531133333333, 78.66186599999999], [16.91532266666667, 78.66186483333333], [16.9153335, 78.66186366666668], [16.91534366666667, 78.66186233333333], [16.915353666666665, 78.661861], [16.91536316666667, 78.6618595], [16.91537183333333, 78.66185783333334], [16.915380666666668, 78.66185616666667], [16.915389166666667, 78.66185416666667], [16.915396833333332, 78.661852], [16.915404000000002, 78.66184983333332], [16.915410833333333, 78.66184750000001], [16.9154175, 78.66184533333333], [16.915423666666666, 78.661843], [16.915429500000002, 78.66184066666666], [16.915434833333332, 78.66183833333334], [16.91544, 78.66183583333333], [16.915445166666665, 78.6618335], [16.9154495, 78.66183083333334], [16.915453666666668, 78.661828], [16.915458, 78.661825], [16.9154625, 78.661822], [16.915467166666666, 78.66181866666668], [16.915472, 78.66181533333334], [16.9154765, 78.66181216666668], [16.915481333333332, 78.66180899999999], [16.915486166666668, 78.66180583333333], [16.915491499999998, 78.66180283333333], [16.915496833333336, 78.6618], [16.9155025, 78.66179749999999], [16.915508499999998, 78.66179483333333], [16.915514833333336, 78.6617925], [16.915521666666667, 78.66179000000001], [16.915529, 78.66178766666667], [16.915536666666664, 78.66178533333333], [16.915545, 78.661783], [16.915553666666664, 78.66178083333332], [16.915562666666666, 78.66177866666666], [16.915572, 78.66177666666667], [16.915581999999997, 78.66177466666666], [16.915591666666668, 78.66177266666666], [16.915601166666665, 78.66177083333334], [16.915610333333333, 78.66176933333332], [16.9156195, 78.66176766666668], [16.91562766666667, 78.66176616666667], [16.9156355, 78.66176466666667], [16.915643166666666, 78.66176316666666], [16.915649833333337, 78.661762], [16.915656333333335, 78.66176066666667], [16.915662833333332, 78.66175933333334], [16.915668999999998, 78.66175766666667], [16.915675, 78.661756], [16.915680166666668, 78.66175416666667], [16.915684666666667, 78.66175249999999], [16.915688333333332, 78.6617505], [16.915691833333334, 78.66174866666667], [16.915694499999997, 78.66174666666667], [16.915696166666667, 78.66174466666666], [16.915696500000003, 78.66174266666667], [16.915696166666667, 78.66174083333334], [16.915694499999997, 78.661739], [16.91569133333333, 78.66173716666667], [16.915687833333333, 78.66173533333334], [16.9156825, 78.66173366666666], [16.915676666666666, 78.66173216666667], [16.915668666666665, 78.66173099999999], [16.915660166666665, 78.66172983333333], [16.915651833333335, 78.66172866666668], [16.915643, 78.66172783333333], [16.915633500000002, 78.661727], [16.915622833333334, 78.66172633333333], [16.915611666666667, 78.66172566666667], [16.91559983333333, 78.66172516666667], [16.915588333333336, 78.66172483333334], [16.91557733333333, 78.66172433333332], [16.9155665, 78.661724], [16.915556499999997, 78.66172383333333], [16.915547166666666, 78.66172383333333], [16.915538333333334, 78.66172366666666], [16.915530333333333, 78.66172350000001], [16.9155225, 78.66172316666666], [16.915515333333335, 78.66172316666666], [16.915508499999998, 78.66172333333334], [16.915502333333333, 78.66172350000001], [16.915496333333333, 78.66172333333334], [16.915490833333333, 78.66172316666666], [16.9154855, 78.66172333333334], [16.915479833333332, 78.66172333333334], [16.91547416666667, 78.66172350000001], [16.915469166666664, 78.66172333333334], [16.915464333333333, 78.66172316666666], [16.915459333333335, 78.661723], [16.915454166666667, 78.661723], [16.915449333333335, 78.66172316666666], [16.915444666666666, 78.66172316666666], [16.91544, 78.661723], [16.915435833333333, 78.66172283333334], [16.915431666666667, 78.66172283333334], [16.91542766666667, 78.661723], [16.915423999999998, 78.661723], [16.915419999999997, 78.66172283333334], [16.915416, 78.6617225], [16.915412, 78.66172216666668], [16.915408666666668, 78.66172166666666], [16.915405500000002, 78.66172116666667], [16.915403166666668, 78.66172066666667], [16.915401499999998, 78.66171983333334], [16.915401, 78.66171916666667], [16.915401166666665, 78.66171866666667], [16.915402333333336, 78.66171800000001], [16.915403, 78.6617175], [16.915403833333336, 78.66171716666666], [16.9154045, 78.66171683333333], [16.91540516666667, 78.66171666666668], [16.915405500000002, 78.6617165], [16.91540566666667, 78.6617165], [16.91540566666667, 78.66171633333333], [16.915405500000002, 78.66171616666666], [16.915405, 78.661716], [16.915404666666667, 78.66171583333333], [16.91540416666667, 78.66171566666667], [16.915403833333336, 78.6617155], [16.91540366666667, 78.6617155], [16.915403, 78.66171533333333], [16.915402333333336, 78.661715], [16.915401666666664, 78.661715], [16.915400833333333, 78.66171483333332], [16.915399833333332, 78.66171466666667], [16.915399166666667, 78.6617145], [16.915398333333332, 78.66171433333334], [16.915397499999997, 78.66171416666666], [16.915396833333332, 78.661714], [16.91539583333333, 78.66171383333334], [16.915395333333333, 78.66171349999999], [16.91539433333333, 78.66171283333333], [16.915392666666666, 78.66171200000001], [16.9153905, 78.661711], [16.9153875, 78.66171], [16.915383000000002, 78.661709], [16.91537966666667, 78.66170749999999], [16.9153755, 78.66170616666666], [16.915370333333332, 78.66170466666668], [16.915365166666668, 78.66170333333334], [16.915359666666667, 78.66170183333334], [16.915353666666665, 78.66170050000001], [16.915347333333333, 78.661699], [16.915340833333335, 78.66169766666667], [16.91533433333333, 78.6616965], [16.915327833333333, 78.66169533333333], [16.915322, 78.66169416666666], [16.9153165, 78.66169316666667], [16.915311166666665, 78.66169216666667], [16.915306166666667, 78.66169116666667], [16.915301333333332, 78.66169016666666], [16.915296833333333, 78.66168916666668], [16.915292333333333, 78.661688], [16.915287999999997, 78.661687], [16.91528333333333, 78.66168599999999], [16.915278999999998, 78.661685], [16.915274833333335, 78.661684], [16.915270500000002, 78.66168283333333], [16.91526633333333, 78.66168183333333], [16.91526233333333, 78.66168083333334], [16.9152585, 78.66167983333334], [16.915254833333332, 78.66167866666666], [16.915251, 78.66167766666668], [16.915247333333333, 78.66167666666666], [16.9152435, 78.66167566666667], [16.91523983333333, 78.66167466666667], [16.915236, 78.6616735], [16.915232500000002, 78.6616725], [16.915229, 78.66167133333333], [16.915225666666668, 78.66167033333333], [16.915222500000002, 78.66166933333334], [16.9152195, 78.66166816666667], [16.9152165, 78.66166716666666], [16.9152135, 78.66166616666666], [16.915210333333334, 78.661665], [16.91520716666667, 78.661664], [16.91520416666667, 78.661663], [16.91520116666667, 78.66166183333333], [16.915198166666666, 78.66166083333333], [16.915195333333333, 78.66165983333333], [16.915192833333332, 78.66165883333333], [16.91519033333333, 78.66165766666667], [16.915188166666667, 78.66165649999999], [16.915186000000002, 78.66165550000001], [16.915183666666668, 78.66165433333335], [16.915181333333333, 78.66165333333333], [16.915179166666668, 78.66165216666667], [16.915177000000003, 78.66165099999999], [16.915174666666665, 78.66164983333333], [16.915172666666667, 78.66164866666666], [16.915171, 78.6616475], [16.915169666666667, 78.66164633333332], [16.915169, 78.66164516666666], [16.915168333333334, 78.661644], [16.91516783333333, 78.661643], [16.9151675, 78.66164183333333], [16.915167666666665, 78.66164066666667], [16.915167666666665, 78.6616395], [16.91516783333333, 78.6616385], [16.91516783333333, 78.66163750000001], [16.915168, 78.6616365], [16.915168666666666, 78.6616355], [16.915169666666667, 78.6616345], [16.915171166666667, 78.66163333333334], [16.915173, 78.66163233333333], [16.915175166666664, 78.66163133333333], [16.915177500000002, 78.66163016666665], [16.915179666666667, 78.66162899999999], [16.915182166666668, 78.66162783333333], [16.91518466666667, 78.66162633333333], [16.915187833333334, 78.66162483333332], [16.915191, 78.66162316666667], [16.915194166666666, 78.6616215], [16.915197166666665, 78.66161966666667], [16.91520016666667, 78.66161766666667], [16.9152035, 78.66161566666666], [16.915206833333333, 78.66161333333334], [16.9152105, 78.66161116666667], [16.915213833333333, 78.66160883333333], [16.91521733333333, 78.6616065], [16.915220833333333, 78.661604], [16.915223833333336, 78.66160166666667], [16.915227166666668, 78.66159916666668], [16.915230166666667, 78.66159666666667], [16.915233166666667, 78.66159416666666], [16.9152365, 78.66159166666667], [16.915239666666665, 78.66158916666667], [16.915242666666664, 78.66158650000001], [16.915246, 78.66158399999999], [16.91524916666667, 78.66158133333333], [16.9152525, 78.66157866666667], [16.915255833333333, 78.66157583333333], [16.915259, 78.661573], [16.91526233333333, 78.66157], [16.915265666666667, 78.661567], [16.915269000000002, 78.661564], [16.915272166666668, 78.66156083333334], [16.915275166666667, 78.66155783333333], [16.915278333333333, 78.66155466666667], [16.9152815, 78.6615515], [16.9152845, 78.6615485], [16.915287666666664, 78.66154533333334], [16.915290833333334, 78.66154216666668], [16.915293833333333, 78.66153899999999], [16.915297, 78.66153566666667], [16.9153, 78.6615325], [16.91530283333333, 78.66152916666667], [16.91530583333333, 78.66152583333333], [16.9153085, 78.66152266666667], [16.915311166666665, 78.66151933333335], [16.915314000000002, 78.66151599999999], [16.91531666666667, 78.66151266666667], [16.915319333333333, 78.66150916666668], [16.915322, 78.66150583333334], [16.915324666666667, 78.66150233333333], [16.915327166666668, 78.661499], [16.915329666666665, 78.6614955], [16.915332333333332, 78.661492], [16.915334499999997, 78.66148849999999], [16.91533666666667, 78.661485], [16.915338666666667, 78.66148166666667], [16.9153405, 78.66147816666667], [16.915342333333335, 78.66147483333333], [16.915344, 78.6614715], [16.9153455, 78.661468], [16.915347166666667, 78.66146466666667], [16.915349, 78.66146116666667], [16.9153505, 78.66145783333333], [16.915352166666665, 78.66145433333332], [16.9153535, 78.66145083333335], [16.915354833333332, 78.6614475], [16.915356166666665, 78.661444], [16.91535766666667, 78.6614405], [16.915358833333336, 78.66143716666667], [16.91536, 78.66143366666667], [16.915361166666667, 78.66143016666666], [16.915362166666668, 78.66142683333334], [16.915363333333335, 78.66142333333333], [16.9153645, 78.66141999999999], [16.9153655, 78.66141666666667], [16.915366333333335, 78.66141333333333], [16.915367, 78.66141016666667], [16.915367333333332, 78.661407], [16.915367833333335, 78.66140366666667], [16.915368, 78.66140033333333], [16.915368333333333, 78.66139716666666], [16.915368333333333, 78.661394], [16.9153685, 78.66139066666666], [16.915368833333332, 78.66138733333334], [16.915369166666668, 78.66138416666666], [16.915369333333334, 78.66138083333334], [16.915369666666667, 78.66137766666667], [16.91537, 78.66137433333333], [16.91537, 78.66137116666667], [16.915369833333333, 78.66136783333333], [16.9153695, 78.66136466666667], [16.915369333333334, 78.66136133333333], [16.915368833333332, 78.66135816666666], [16.915368666666666, 78.661355], [16.915368, 78.66135166666666], [16.915367833333335, 78.6613485], [16.915367333333332, 78.66134516666666], [16.915366666666667, 78.661342], [16.915366, 78.66133883333333], [16.915365333333334, 78.66133549999999], [16.915364333333333, 78.66133233333333], [16.915363333333335, 78.661329], [16.915362166666668, 78.66132583333334], [16.915361, 78.66132266666666], [16.91536, 78.6613195], [16.91535866666667, 78.66131633333333], [16.915357500000002, 78.6613135], [16.915356166666665, 78.66131083333333], [16.915354333333333, 78.66130849999999], [16.915352666666667, 78.66130616666666], [16.915351166666667, 78.66130416666667], [16.915349, 78.66130233333334], [16.915346666666668, 78.66130066666666], [16.9153445, 78.661299], [16.9153425, 78.66129733333334], [16.91534066666667, 78.66129583333333], [16.915339333333336, 78.66129433333334], [16.915337833333336, 78.66129299999999], [16.915336500000002, 78.66129183333334], [16.91533516666667, 78.66129049999999], [16.91533383333333, 78.66128950000001], [16.915332333333332, 78.6612885], [16.9153305, 78.6612875], [16.915328666666667, 78.6612865], [16.915327166666668, 78.6612855], [16.915325833333334, 78.6612845], [16.915324333333334, 78.66128366666666], [16.915323166666667, 78.66128283333335], [16.915322166666666, 78.66128183333333], [16.915321, 78.66128099999999], [16.91531966666667, 78.66128016666667], [16.91531816666667, 78.66127933333334], [16.9153165, 78.66127833333333], [16.9153145, 78.66127733333333], [16.915312500000002, 78.66127616666667], [16.915310166666664, 78.66127483333334], [16.915307833333333, 78.66127350000001], [16.9153055, 78.661272], [16.91530283333333, 78.66127033333333], [16.915299666666666, 78.66126866666667], [16.915296666666666, 78.661267], [16.9152935, 78.66126516666667], [16.91529016666667, 78.66126333333334], [16.915287, 78.6612615], [16.915283666666667, 78.66125966666667], [16.91528033333333, 78.66125766666667], [16.915277, 78.66125583333334], [16.915274, 78.661254], [16.915270500000002, 78.661252], [16.91526683333333, 78.66125016666666], [16.915263, 78.66124816666667], [16.915259166666665, 78.66124633333334], [16.915255, 78.66124433333333], [16.915250833333335, 78.66124233333333], [16.915246500000002, 78.66124033333334], [16.915242166666665, 78.66123833333333], [16.915237666666666, 78.66123633333333], [16.9152335, 78.66123416666666], [16.915229, 78.66123216666666], [16.9152245, 78.66123016666667], [16.91521983333333, 78.66122816666666], [16.915215166666666, 78.661226], [16.9152105, 78.66122399999999], [16.91520566666667, 78.66122216666666], [16.915200666666667, 78.66122016666667], [16.915195833333332, 78.66121816666667], [16.915190666666668, 78.66121633333334], [16.915185333333334, 78.66121433333333], [16.915180000000003, 78.66121233333334], [16.9151745, 78.6612105], [16.915169, 78.6612085], [16.915163166666666, 78.66120649999999], [16.91515766666667, 78.66120466666666], [16.915152, 78.66120266666667], [16.9151465, 78.66120066666667], [16.915140833333332, 78.66119866666666], [16.915135333333335, 78.66119683333334], [16.915129333333333, 78.66119483333334], [16.915123333333334, 78.661193], [16.91511716666667, 78.66119116666667], [16.915111000000003, 78.66118933333334], [16.915104666666664, 78.66118750000001], [16.915098333333333, 78.66118566666667], [16.915092166666668, 78.66118383333334], [16.9150855, 78.661182], [16.915079166666665, 78.66118], [16.915072833333333, 78.66117816666666], [16.91506616666667, 78.66117633333333], [16.915059666666664, 78.6611745], [16.915052833333334, 78.66117266666667], [16.915046, 78.66117083333333], [16.915039166666666, 78.66116916666667], [16.915032333333333, 78.66116733333334], [16.915025500000002, 78.66116566666666], [16.9150185, 78.66116383333333], [16.915011666666665, 78.66116216666666], [16.915004500000002, 78.66116033333333], [16.914997500000002, 78.66115866666668], [16.914990333333332, 78.66115683333334], [16.9149835, 78.661155], [16.914976333333335, 78.66115333333333], [16.91496933333333, 78.6611515], [16.914962333333335, 78.66114966666667], [16.914955000000003, 78.661148], [16.914947833333333, 78.66114633333333], [16.914940166666668, 78.66114466666666], [16.91493266666667, 78.661143], [16.914925, 78.66114133333333], [16.914917666666668, 78.66113966666667], [16.914910333333335, 78.66113816666666], [16.914903, 78.66113650000001], [16.914895833333333, 78.66113483333334], [16.914888333333334, 78.66113333333332], [16.914881166666664, 78.66113166666668], [16.914873833333335, 78.66113016666667], [16.914866166666666, 78.66112849999999], [16.914858666666664, 78.66112700000001], [16.914851166666665, 78.6611255], [16.914843333333334, 78.661124], [16.914835666666665, 78.66112249999999], [16.914828166666666, 78.66112100000001], [16.9148205, 78.6611195], [16.914812666666666, 78.661118], [16.914804833333335, 78.66111649999999], [16.914797, 78.66111483333334], [16.914789166666665, 78.66111333333333], [16.9147815, 78.66111183333334], [16.91477366666667, 78.66111033333333], [16.914765833333334, 78.66110883333334], [16.914758, 78.66110733333333], [16.914750166666668, 78.66110566666666], [16.914742166666667, 78.66110416666668], [16.914734333333335, 78.66110266666666], [16.914726499999997, 78.66110099999999], [16.914718666666666, 78.6610995], [16.914711, 78.661098], [16.914703333333332, 78.66109633333333], [16.914695666666667, 78.66109483333334], [16.914687833333335, 78.66109316666666], [16.914680166666667, 78.66109150000001], [16.914672333333332, 78.66109], [16.9146645, 78.66108833333332], [16.914656833333332, 78.66108666666668], [16.9146495, 78.66108516666667], [16.914642, 78.66108349999999], [16.914634333333332, 78.66108200000001], [16.914626833333333, 78.66108033333333], [16.914619166666668, 78.66107883333333], [16.9146115, 78.66107716666667], [16.914604166666667, 78.6610755], [16.914596833333334, 78.66107383333333], [16.914589499999998, 78.66107216666666], [16.914582333333332, 78.66107066666667], [16.91457516666667, 78.661069], [16.914567833333333, 78.66106733333332], [16.9145605, 78.66106566666667], [16.914553, 78.66106416666666], [16.914545999999998, 78.6610625], [16.914539166666668, 78.661061], [16.914533, 78.66105966666667], [16.914527333333336, 78.66105816666666], [16.914521999999998, 78.661057], [16.914516833333334, 78.66105583333334], [16.914511833333332, 78.66105466666666], [16.914506833333334, 78.66105366666667], [16.91450166666667, 78.66105283333333], [16.914496999999997, 78.66105183333335], [16.91449233333333, 78.66105116666667], [16.914487833333332, 78.66105033333334], [16.914483333333333, 78.66104966666667], [16.91447916666667, 78.661049], [16.914475, 78.66104816666666], [16.914471166666665, 78.6610475], [16.914467, 78.66104683333333], [16.914463166666668, 78.66104633333333], [16.914459166666667, 78.66104566666667], [16.914455333333333, 78.66104516666665], [16.914451666666665, 78.66104466666667], [16.914447833333334, 78.66104416666667], [16.914444333333332, 78.66104366666667], [16.9144405, 78.66104316666666], [16.914436666666667, 78.66104283333334], [16.914433, 78.66104233333334], [16.9144295, 78.66104183333333], [16.914426166666665, 78.6610415], [16.914423, 78.66104116666666], [16.914420166666666, 78.66104066666666], [16.914417500000003, 78.66104033333333], [16.914414500000003, 78.66104], [16.914411833333336, 78.66103966666667], [16.914408833333333, 78.66103933333333], [16.914405666666667, 78.661039], [16.9144025, 78.66103883333334], [16.914399500000002, 78.66103849999999], [16.91439666666667, 78.66103816666667], [16.914394, 78.66103799999999], [16.9143915, 78.66103766666667], [16.914389000000003, 78.6610375], [16.914386333333333, 78.66103716666666], [16.914384, 78.66103683333334], [16.9143815, 78.6610365], [16.914379166666667, 78.66103633333334], [16.9143765, 78.661036], [16.914373833333332, 78.66103583333333], [16.9143715, 78.66103566666668], [16.914369166666667, 78.6610355], [16.91436666666667, 78.66103516666666], [16.914364499999998, 78.661035], [16.914362333333333, 78.66103483333333], [16.91436, 78.6610345], [16.914357666666668, 78.66103433333333], [16.914355166666667, 78.66103416666667], [16.914352833333332, 78.661034], [16.9143505, 78.66103383333333], [16.914348500000003, 78.66103366666667], [16.914346333333334, 78.6610335], [16.914344333333336, 78.66103333333334], [16.914341999999998, 78.66103316666666], [16.914339666666667, 78.66103316666666], [16.914337333333332, 78.661033], [16.914335333333334, 78.661033], [16.914333166666665, 78.66103283333334], [16.914331, 78.66103266666667], [16.914329000000002, 78.66103266666667], [16.914327, 78.66103249999999], [16.914325166666668, 78.66103233333334], [16.914323333333336, 78.66103233333334], [16.91432166666667, 78.66103216666667], [16.91431933333333, 78.66103216666667], [16.914317166666667, 78.66103216666667], [16.914315, 78.66103216666667], [16.914313, 78.66103216666667], [16.91431083333333, 78.66103199999999], [16.914309166666666, 78.66103199999999], [16.914307333333333, 78.66103199999999], [16.9143055, 78.66103183333333], [16.914303833333335, 78.66103183333333], [16.91430216666667, 78.66103166666667], [16.914300333333333, 78.66103166666667], [16.914298499999997, 78.66103166666667], [16.914296333333333, 78.66103166666667], [16.914293999999998, 78.6610315], [16.914292, 78.6610315], [16.914290333333334, 78.6610315], [16.914288833333334, 78.66103133333333], [16.914287166666668, 78.66103133333333], [16.914285500000002, 78.66103133333333], [16.914283666666666, 78.66103133333333], [16.914282166666666, 78.66103133333333], [16.9142805, 78.66103116666666], [16.914278833333334, 78.66103116666666], [16.914277000000002, 78.66103116666666], [16.914275, 78.66103116666666], [16.914273166666664, 78.66103116666666], [16.914271499999998, 78.66103116666666], [16.91427, 78.66103116666666], [16.914268333333332, 78.66103116666666], [16.9142665, 78.66103116666666], [16.914264666666668, 78.66103116666666], [16.914263000000002, 78.66103116666666], [16.914261500000002, 78.66103100000001], [16.91426016666667, 78.66103100000001], [16.914258833333335, 78.66103100000001], [16.914257333333335, 78.66103100000001], [16.914255500000003, 78.66103100000001], [16.914254000000003, 78.66103100000001], [16.9142525, 78.66103100000001], [16.91425083333333, 78.66103100000001], [16.914248999999998, 78.66103116666666], [16.914247166666666, 78.66103116666666], [16.9142455, 78.66103116666666], [16.914244166666666, 78.66103100000001], [16.914243, 78.66103100000001], [16.91424183333333, 78.66103100000001], [16.914240500000002, 78.66103100000001], [16.914239000000002, 78.66103100000001], [16.914237500000002, 78.66103100000001], [16.914235833333333, 78.66103100000001], [16.914234500000003, 78.66103116666666], [16.914233000000003, 78.66103116666666], [16.914231833333336, 78.66103133333333], [16.914230666666665, 78.66103133333333], [16.91422983333333, 78.6610315], [16.914229166666665, 78.6610315], [16.91422833333333, 78.66103166666667], [16.9142275, 78.66103166666667], [16.914226333333332, 78.66103183333333], [16.91422533333333, 78.66103199999999], [16.914224166666667, 78.66103216666667], [16.914222833333334, 78.66103216666667], [16.914221666666666, 78.66103216666667], [16.914220666666665, 78.66103216666667], [16.914219666666668, 78.66103233333334], [16.9142185, 78.66103249999999], [16.9142175, 78.66103266666667], [16.914216333333332, 78.66103266666667], [16.914215333333335, 78.66103266666667], [16.914214166666667, 78.66103283333334], [16.914212833333334, 78.66103283333334], [16.9142115, 78.66103283333334], [16.914210166666667, 78.661033], [16.91420883333333, 78.661033], [16.914207666666666, 78.661033], [16.914206666666665, 78.661033], [16.91420533333333, 78.66103316666666], [16.914203999999998, 78.66103333333334], [16.91420283333333, 78.66103333333334], [16.9142015, 78.66103333333334], [16.914200166666667, 78.66103333333334], [16.914199, 78.6610335], [16.914197666666666, 78.6610335], [16.914196333333333, 78.66103366666667], [16.914195333333332, 78.66103383333333], [16.914194166666668, 78.661034], [16.914192500000002, 78.661034], [16.914190833333336, 78.66103416666667], [16.914189, 78.66103416666667], [16.914187333333334, 78.66103433333333], [16.914185999999997, 78.66103433333333], [16.914184833333334, 78.66103433333333], [16.914183833333333, 78.66103433333333], [16.914182666666665, 78.66103433333333], [16.914181499999998, 78.6610345], [16.914179999999998, 78.6610345], [16.9141785, 78.6610345], [16.914176833333332, 78.6610345], [16.914175, 78.66103466666667], [16.914173166666668, 78.66103466666667], [16.914171666666668, 78.66103466666667], [16.91417016666667, 78.66103466666667], [16.914168833333335, 78.66103466666667], [16.9141675, 78.66103466666667], [16.914166, 78.66103466666667], [16.914164500000002, 78.66103466666667], [16.914162833333332, 78.66103466666667], [16.914161166666666, 78.66103466666667], [16.914159666666666, 78.66103466666667], [16.914157833333334, 78.66103466666667], [16.914156333333334, 78.66103483333333], [16.914154666666665, 78.66103483333333], [16.914153166666665, 78.66103483333333], [16.914151666666665, 78.66103483333333], [16.91415, 78.66103483333333], [16.9141485, 78.661035], [16.914147, 78.661035], [16.9141455, 78.661035], [16.914144, 78.661035], [16.9141425, 78.661035], [16.914141166666663, 78.661035], [16.914139666666664, 78.661035], [16.914138333333334, 78.66103516666666], [16.914136833333334, 78.66103516666666], [16.914135166666664, 78.66103516666666], [16.914133833333334, 78.66103516666666], [16.914132333333335, 78.66103516666666], [16.914131, 78.66103516666666], [16.914129666666668, 78.66103533333333], [16.9141285, 78.66103533333333], [16.9141275, 78.66103533333333], [16.914126166666666, 78.6610355], [16.914124666666666, 78.6610355], [16.914123, 78.6610355], [16.914121333333334, 78.6610355], [16.914119666666668, 78.66103566666668], [16.91411833333333, 78.66103566666668], [16.914116999999997, 78.66103566666668], [16.914115833333334, 78.66103583333333], [16.914115, 78.66103583333333], [16.914113999999998, 78.66103583333333], [16.914112833333334, 78.661036], [16.914111666666667, 78.661036], [16.914110166666667, 78.661036], [16.914108666666667, 78.66103616666666], [16.914107, 78.66103616666666], [16.914105833333334, 78.66103633333334], [16.914104833333333, 78.66103633333334], [16.914104166666668, 78.6610365], [16.914103166666667, 78.6610365], [16.914102500000002, 78.66103666666666], [16.9141015, 78.66103666666666], [16.914100333333334, 78.66103666666666], [16.914098833333334, 78.66103666666666], [16.9140975, 78.66103666666666], [16.914095999999997, 78.66103666666666], [16.914094666666664, 78.66103683333334], [16.9140935, 78.66103700000001], [16.9140925, 78.66103700000001], [16.914091666666664, 78.66103716666666], [16.914090666666667, 78.66103716666666], [16.914089666666666, 78.66103716666666], [16.9140885, 78.66103716666666], [16.914087333333335, 78.66103716666666], [16.914086166666667, 78.66103733333333], [16.914085, 78.66103733333333], [16.914084, 78.66103733333333], [16.914083166666668, 78.66103733333333], [16.914082, 78.66103733333333], [16.914081, 78.6610375], [16.914079833333336, 78.6610375], [16.914078333333336, 78.6610375], [16.914077000000002, 78.6610375], [16.91407566666667, 78.6610375], [16.914074666666668, 78.6610375], [16.914073499999997, 78.6610375], [16.914072666666666, 78.6610375], [16.91407183333333, 78.6610375], [16.914071, 78.66103766666667], [16.91407, 78.66103766666667], [16.914068666666665, 78.66103766666667], [16.914067166666666, 78.66103783333332], [16.914065666666666, 78.66103783333332], [16.914064333333332, 78.66103783333332], [16.914063333333335, 78.66103783333332], [16.914062333333334, 78.66103783333332], [16.914061666666665, 78.66103783333332], [16.914061, 78.66103783333332], [16.91406, 78.66103783333332], [16.914058833333335, 78.66103783333332], [16.914057333333336, 78.66103799999999], [16.914055833333336, 78.66103799999999], [16.914054333333336, 78.66103799999999], [16.914053000000003, 78.66103799999999], [16.914051833333335, 78.66103799999999], [16.914050999999997, 78.66103816666667], [16.914050166666666, 78.66103816666667], [16.91404933333333, 78.66103816666667], [16.914048333333334, 78.66103816666667], [16.914047, 78.66103833333334], [16.914045833333333, 78.66103833333334], [16.9140445, 78.66103849999999], [16.914043333333332, 78.66103849999999], [16.914042166666665, 78.66103866666667], [16.914041166666667, 78.66103866666667], [16.91404, 78.66103866666667], [16.914039, 78.66103883333334], [16.914037666666665, 78.66103883333334], [16.914036333333335, 78.661039], [16.914035000000002, 78.661039], [16.914033833333335, 78.661039], [16.914032833333334, 78.66103916666665], [16.914031833333336, 78.66103916666665], [16.91403066666667, 78.66103933333333], [16.9140295, 78.66103933333333], [16.914028166666665, 78.66103933333333], [16.914026666666665, 78.6610395], [16.914025, 78.6610395], [16.91402383333333, 78.6610395], [16.914022499999998, 78.66103966666667], [16.914021333333334, 78.66103966666667], [16.9140205, 78.66103983333333], [16.9140195, 78.66103983333333], [16.9140185, 78.66103983333333], [16.914017166666667, 78.66104], [16.914015666666668, 78.66104], [16.914014166666668, 78.66104016666667], [16.914012333333336, 78.66104016666667], [16.914011000000002, 78.66104033333333], [16.91400966666667, 78.6610405], [16.9140085, 78.6610405], [16.914007666666667, 78.66104066666666], [16.914006833333335, 78.66104066666666], [16.91400583333333, 78.66104083333333], [16.914004666666663, 78.66104083333333], [16.914003333333334, 78.661041], [16.914001833333334, 78.661041], [16.914000333333334, 78.66104116666666], [16.913999, 78.66104133333333], [16.913998, 78.6610415], [16.913997166666665, 78.6610415], [16.913996333333333, 78.66104166666668], [16.913995333333332, 78.66104166666668], [16.913994333333335, 78.66104183333333], [16.913993333333334, 78.66104183333333], [16.913992, 78.66104183333333], [16.9139905, 78.661042], [16.913989333333333, 78.66104216666666], [16.913988166666666, 78.66104216666666], [16.91398716666667, 78.66104233333334], [16.913986333333334, 78.66104233333334], [16.913985166666667, 78.6610425], [16.913984000000003, 78.66104266666666], [16.913982666666666, 78.66104266666666], [16.913981333333332, 78.66104283333334], [16.91398, 78.66104283333334], [16.91397883333333, 78.66104283333334], [16.913977833333334, 78.661043], [16.913977, 78.661043], [16.913976333333334, 78.661043], [16.913975166666667, 78.66104316666666], [16.913974166666666, 78.66104316666666], [16.913972833333332, 78.66104333333332], [16.913971333333333, 78.6610435], [16.91397, 78.6610435], [16.913968833333335, 78.6610435], [16.913967666666668, 78.6610435], [16.913966666666667, 78.66104366666667], [16.913965833333336, 78.66104366666667], [16.913964833333335, 78.66104366666667], [16.913963833333334, 78.66104366666667], [16.9139625, 78.66104383333332], [16.913960999999997, 78.66104383333332], [16.913959666666663, 78.66104383333332], [16.9139585, 78.66104399999999], [16.913957333333332, 78.66104399999999], [16.913956499999998, 78.66104399999999], [16.913955833333333, 78.66104399999999], [16.913954999999998, 78.66104399999999], [16.913953833333334, 78.66104399999999], [16.913952666666667, 78.66104399999999], [16.913951333333333, 78.66104399999999], [16.91395, 78.66104416666667], [16.913948666666666, 78.66104416666667], [16.9139475, 78.66104416666667], [16.913946666666668, 78.66104416666667], [16.913945666666667, 78.66104433333334], [16.913944666666666, 78.66104416666667], [16.913943833333335, 78.66104416666667], [16.9139425, 78.66104416666667], [16.9139415, 78.66104416666667], [16.913940333333336, 78.66104416666667], [16.913939333333335, 78.66104416666667], [16.91393833333333, 78.66104433333334], [16.913937666666666, 78.66104433333334], [16.913936666666665, 78.66104449999999], [16.913935833333333, 78.66104449999999], [16.913934833333332, 78.66104449999999], [16.913933666666665, 78.66104449999999], [16.91393233333333, 78.66104466666667], [16.913931333333334, 78.66104466666667], [16.913930333333333, 78.66104483333334], [16.9139295, 78.66104483333334], [16.913928833333333, 78.66104483333334], [16.91392816666667, 78.661045], [16.913927333333334, 78.66104516666665], [16.913926333333333, 78.66104516666665], [16.91392516666667, 78.66104533333333], [16.91392366666667, 78.66104533333333], [16.9139225, 78.6610455], [16.913921333333334, 78.6610455], [16.913920333333333, 78.66104566666667], [16.913919833333335, 78.66104583333335], [16.913919333333336, 78.66104583333335], [16.913918666666667, 78.661046], [16.913917833333336, 78.661046], [16.91391666666667, 78.661046], [16.913915499999998, 78.66104616666667], [16.913914166666665, 78.66104633333333], [16.913912999999997, 78.66104633333333], [16.913912166666666, 78.66104650000001], [16.91391133333333, 78.66104650000001], [16.913910666666666, 78.66104666666666], [16.913909999999998, 78.66104666666666], [16.913909333333333, 78.66104666666666], [16.913908499999998, 78.66104666666666], [16.913907666666667, 78.66104666666666], [16.913906666666666, 78.66104666666666], [16.9139055, 78.66104666666666], [16.9139045, 78.66104666666666], [16.913903666666666, 78.66104683333333], [16.91390266666667, 78.66104683333333], [16.913902, 78.66104683333333], [16.91390116666667, 78.66104683333333], [16.913900166666668, 78.66104683333333], [16.913899166666667, 78.66104683333333], [16.91389816666667, 78.66104683333333], [16.91389716666667, 78.66104683333333], [16.913896166666667, 78.66104683333333], [16.913895333333336, 78.661047], [16.913894333333335, 78.661047], [16.91389333333333, 78.661047], [16.913892333333333, 78.661047], [16.913891333333332, 78.66104716666668], [16.913890166666665, 78.66104716666668], [16.913889166666667, 78.66104716666668], [16.913888, 78.66104716666668], [16.913887, 78.66104716666668], [16.913886166666668, 78.66104716666668], [16.913885333333333, 78.66104716666668], [16.913884166666666, 78.66104716666668], [16.91388316666667, 78.66104716666668], [16.913882166666667, 78.66104716666668], [16.913880833333334, 78.66104716666668], [16.9138795, 78.66104733333333], [16.913878333333333, 78.66104733333333], [16.913877333333335, 78.66104733333333], [16.913876333333334, 78.66104716666668], [16.9138755, 78.66104733333333], [16.91387466666667, 78.66104733333333], [16.913873833333334, 78.66104733333333], [16.91387266666667, 78.66104733333333], [16.913871333333336, 78.66104733333333], [16.913870166666666, 78.66104733333333], [16.913869, 78.6610475], [16.913867666666665, 78.6610475], [16.913866666666667, 78.6610475], [16.913865833333332, 78.6610475], [16.91386483333333, 78.6610475], [16.913864, 78.6610475], [16.913863166666665, 78.6610475], [16.913862166666668, 78.66104766666668], [16.913861, 78.66104766666668], [16.913860333333332, 78.66104766666668], [16.91385916666667, 78.66104766666668], [16.913858166666667, 78.66104766666668], [16.913857166666666, 78.66104766666668], [16.913856, 78.66104766666668], [16.913855166666668, 78.66104766666668], [16.913854166666667, 78.66104766666668], [16.913853333333336, 78.66104766666668], [16.9138525, 78.66104766666668], [16.913851833333336, 78.6610475], [16.913850833333335, 78.6610475], [16.91385, 78.6610475], [16.913849000000003, 78.6610475], [16.913847999999998, 78.6610475], [16.913847166666667, 78.66104733333333], [16.913846166666666, 78.66104733333333], [16.91384533333333, 78.66104733333333], [16.913844333333333, 78.66104733333333], [16.913843666666665, 78.66104733333333], [16.913843, 78.66104716666668], [16.913842166666665, 78.661047], [16.913841333333334, 78.66104683333333], [16.913840333333333, 78.66104683333333], [16.913839333333332, 78.66104666666666], [16.913838333333334, 78.66104666666666], [16.913837166666667, 78.66104666666666], [16.913836, 78.66104666666666], [16.913835, 78.66104650000001], [16.913834, 78.66104650000001], [16.913833, 78.66104650000001], [16.913832, 78.66104650000001], [16.913831000000002, 78.66104633333333], [16.91383, 78.66104633333333], [16.913829, 78.66104633333333], [16.913827833333336, 78.66104633333333], [16.913826833333335, 78.66104633333333], [16.91382583333333, 78.66104633333333], [16.913824833333333, 78.66104633333333], [16.913823666666666, 78.66104633333333], [16.913822666666665, 78.66104633333333], [16.913821666666667, 78.66104633333333], [16.913820666666666, 78.66104633333333], [16.91381983333333, 78.66104616666667], [16.913818666666668, 78.66104616666667], [16.9138175, 78.66104616666667], [16.9138165, 78.66104616666667], [16.913815333333332, 78.66104616666667], [16.91381416666667, 78.66104616666667], [16.913813166666667, 78.66104633333333], [16.913812166666666, 78.66104633333333], [16.913811333333335, 78.66104633333333], [16.913810333333334, 78.66104633333333], [16.9138095, 78.66104633333333], [16.913808666666668, 78.66104633333333], [16.9138075, 78.66104633333333], [16.9138065, 78.66104633333333], [16.913805333333336, 78.66104633333333], [16.913804333333335, 78.66104633333333], [16.91380333333333, 78.66104650000001], [16.913802666666665, 78.66104650000001], [16.91380183333333, 78.66104650000001], [16.913801, 78.66104650000001], [16.913800166666665, 78.66104650000001], [16.913798999999997, 78.66104633333333], [16.913798, 78.66104633333333], [16.913796833333333, 78.66104633333333], [16.913795999999998, 78.66104633333333], [16.913795333333333, 78.66104633333333], [16.913794666666668, 78.66104633333333], [16.913794, 78.66104650000001], [16.913793, 78.66104650000001], [16.913792, 78.66104650000001], [16.913790666666667, 78.66104650000001], [16.9137895, 78.66104650000001], [16.91378866666667, 78.66104650000001], [16.913788, 78.66104633333333], [16.9137875, 78.66104650000001], [16.913787, 78.66104650000001], [16.913786333333334, 78.66104650000001], [16.913785333333333, 78.66104650000001], [16.91378416666667, 78.66104650000001], [16.9137825, 78.66104666666666], [16.91378116666667, 78.66104666666666], [16.913780166666665, 78.66104666666666], [16.913779499999997, 78.66104666666666], [16.913779166666664, 78.66104666666666], [16.913778833333332, 78.66104683333333], [16.913778333333333, 78.66104683333333], [16.9137775, 78.66104683333333], [16.913776166666665, 78.66104683333333], [16.913774666666665, 78.661047], [16.91377333333333, 78.661047], [16.913772166666668, 78.661047], [16.9137715, 78.661047], [16.913771166666667, 78.66104716666668], [16.913771, 78.66104716666668], [16.913770333333332, 78.66104716666668], [16.9137695, 78.66104733333333], [16.913768333333334, 78.66104733333333], [16.913766833333334, 78.66104733333333], [16.913765666666666, 78.66104733333333], [16.913764833333335, 78.6610475], [16.913764166666667, 78.6610475], [16.913764, 78.6610475], [16.913763666666668, 78.66104766666668], [16.913763, 78.66104766666668], [16.913761833333336, 78.66104766666668], [16.913760500000002, 78.66104766666668], [16.913759000000002, 78.66104766666668], [16.91375783333333, 78.66104783333334], [16.913757333333333, 78.66104783333334], [16.913756999999997, 78.66104783333334], [16.91375683333333, 78.66104783333334], [16.913756333333332, 78.66104783333334], [16.913755499999997, 78.66104783333334], [16.913754166666667, 78.66104783333334], [16.913752833333334, 78.66104783333334], [16.913751333333334, 78.661048], [16.913750666666665, 78.661048], [16.913750333333333, 78.661048], [16.91375, 78.661048], [16.913749833333334, 78.661048], [16.91374933333333, 78.661048], [16.913748333333334, 78.661048], [16.913747166666667, 78.661048], [16.913746, 78.661048], [16.913744833333332, 78.661048], [16.9137445, 78.66104816666666], [16.913744166666667, 78.66104816666666], [16.913744166666667, 78.66104816666666], [16.913743833333335, 78.66104816666666], [16.913743166666666, 78.66104816666666], [16.913742333333335, 78.66104816666666], [16.913741166666668, 78.66104816666666], [16.91374, 78.66104833333334], [16.91373916666667, 78.6610485], [16.913738666666667, 78.6610485], [16.913738666666667, 78.6610485], [16.91373816666667, 78.66104866666666], [16.913737833333336, 78.66104866666666], [16.913737, 78.66104866666666], [16.913735999999997, 78.66104866666666], [16.913734833333333, 78.66104883333334], [16.913733999999998, 78.66104883333334], [16.913733333333333, 78.661049], [16.91373283333333, 78.661049], [16.9137325, 78.66104916666667], [16.913731666666667, 78.66104916666667], [16.913731166666665, 78.66104916666667], [16.913730166666667, 78.66104916666667], [16.913729166666666, 78.66104933333332], [16.913728166666665, 78.6610495], [16.913727833333333, 78.66104983333334], [16.913728, 78.66105016666667], [16.913728833333334, 78.66105083333333], [16.913729999999997, 78.6610515], [16.913731166666665, 78.66105216666666], [16.913732666666665, 78.66105283333333], [16.913733833333332, 78.66105333333333], [16.91373533333333, 78.66105383333334], [16.913737333333334, 78.66105416666666], [16.913739333333336, 78.6610545], [16.913741833333333, 78.66105483333334], [16.913743833333335, 78.66105516666667], [16.913745666666667, 78.66105516666667], [16.913747833333332, 78.66105516666667], [16.913749166666666, 78.66105516666667], [16.913750333333333, 78.66105516666667], [16.913751333333334, 78.661055], [16.913752, 78.66105483333334], [16.9137535, 78.66105466666666], [16.913755499999997, 78.66105466666666], [16.913757333333333, 78.6610545], [16.913759333333335, 78.6610545], [16.913761166666667, 78.66105433333334], [16.913762666666667, 78.66105416666666], [16.913764, 78.66105383333334], [16.9137645, 78.66105366666667], [16.913765, 78.6610535], [16.913765333333334, 78.6610535], [16.91376616666667, 78.66105333333333], [16.913767333333332, 78.66105316666668], [16.913768833333332, 78.661053], [16.91377, 78.661053], [16.913771, 78.66105283333333], [16.9137715, 78.66105283333333], [16.913771833333332, 78.66105266666666], [16.913771666666666, 78.66105266666666], [16.913771833333332, 78.66105250000001], [16.913771833333332, 78.66105250000001], [16.913772166666668, 78.66105233333333], [16.913773, 78.66105233333333], [16.91377333333333, 78.66105233333333], [16.913773166666665, 78.66105233333333], [16.913773, 78.66105233333333], [16.913772666666667, 78.66105233333333], [16.913772166666668, 78.66105216666666], [16.913771833333332, 78.661052], [16.913770833333334, 78.66105183333335], [16.913770333333332, 78.6610515], [16.913772333333334, 78.661051], [16.913774666666665, 78.66105016666667], [16.913777, 78.6610495], [16.913778833333332, 78.66104866666666], [16.91378, 78.66104783333334], [16.913780666666664, 78.661047], [16.913780999999997, 78.66104616666667], [16.913781833333335, 78.6610455], [16.913782833333336, 78.66104466666667], [16.913784, 78.66104399999999], [16.913785, 78.66104333333332], [16.913785833333336, 78.66104266666666], [16.913786333333334, 78.66104216666666], [16.913786833333333, 78.66104166666668], [16.9137875, 78.66104116666666], [16.9137885, 78.6610405], [16.913790333333335, 78.66103966666667], [16.913793333333334, 78.66103883333334], [16.913796833333333, 78.66103816666667], [16.913800666666667, 78.6610375], [16.9138045, 78.66103716666666], [16.913808333333336, 78.66103700000001], [16.913811333333335, 78.66103683333334], [16.9138145, 78.66103683333334], [16.913816999999998, 78.66103700000001], [16.913819333333333, 78.66103716666666], [16.913821166666665, 78.66103766666667], [16.9138235, 78.66103799999999], [16.913825166666665, 78.66103833333334], [16.91382666666667, 78.66103866666667], [16.91382766666667, 78.661039], [16.913828000000002, 78.66103933333333], [16.9138285, 78.66103966666667], [16.913828833333334, 78.66103983333333], [16.913829333333336, 78.66104], [16.91383, 78.66104016666667], [16.913830833333336, 78.6610405], [16.913832, 78.66104083333333], [16.913832833333334, 78.66104116666666], [16.913833833333335, 78.66104133333333], [16.913834333333334, 78.6610415], [16.9138345, 78.6610415], [16.913835, 78.66104133333333], [16.913836333333332, 78.66104116666666], [16.913838166666668, 78.661041], [16.913840166666667, 78.66104066666666], [16.913842166666665, 78.6610405], [16.913844166666667, 78.6610405], [16.913845666666667, 78.66104033333333], [16.91384683333333, 78.66104016666667], [16.913848166666664, 78.66104], [16.913849333333335, 78.66104], [16.913850833333335, 78.66103983333333], [16.9138525, 78.66103966666667], [16.913854333333333, 78.6610395], [16.9138565, 78.66103933333333], [16.913858166666667, 78.66103933333333], [16.913859666666667, 78.66103916666665], [16.913861, 78.66103916666665], [16.9138625, 78.66103916666665], [16.913864166666666, 78.66103933333333], [16.913865833333332, 78.6610395], [16.913867666666665, 78.6610395], [16.913869499999997, 78.66103966666667], [16.91387116666667, 78.66103983333333], [16.913872833333336, 78.66104], [16.913874333333336, 78.66104033333333], [16.91387566666667, 78.6610405], [16.913877333333335, 78.66104083333333], [16.913878833333335, 78.661041], [16.913880333333335, 78.66104116666666], [16.9138815, 78.6610415], [16.9138825, 78.66104166666668], [16.913883333333334, 78.66104183333333], [16.913884166666666, 78.66104183333333], [16.913885333333333, 78.661042], [16.913886666666667, 78.66104233333334], [16.913888333333333, 78.66104233333334], [16.91389033333333, 78.66104233333334], [16.9138925, 78.66104233333334], [16.9138945, 78.66104216666666], [16.913896166666667, 78.66104183333333], [16.9138975, 78.66104166666668], [16.91389816666667, 78.66104133333333], [16.913898833333334, 78.66104116666666], [16.913899833333335, 78.66104116666666], [16.91390116666667, 78.66104116666666], [16.9139025, 78.661041], [16.913903666666666, 78.661041], [16.913905, 78.66104083333333], [16.913906, 78.66104066666666], [16.913906833333332, 78.6610405], [16.913907666666667, 78.6610405], [16.913908499999998, 78.66104033333333], [16.9139095, 78.66104033333333], [16.913911166666665, 78.6610405], [16.913912999999997, 78.6610405], [16.913914666666667, 78.66104083333333], [16.913916333333336, 78.661041], [16.913917333333334, 78.66104116666666], [16.913917833333336, 78.66104133333333], [16.913917833333336, 78.6610415], [16.913918000000002, 78.66104166666668], [16.913918000000002, 78.66104183333333], [16.91391816666667, 78.661042], [16.913917833333336, 78.66104216666666], [16.913917166666668, 78.6610425], [16.913916500000003, 78.66104266666666], [16.91391583333333, 78.66104283333334], [16.913915, 78.661043], [16.913914499999997, 78.661043], [16.913914833333333, 78.661043], [16.913915499999998, 78.661043], [16.91391616666667, 78.661043], [16.913917333333334, 78.66104283333334], [16.9139185, 78.66104266666666], [16.913919833333335, 78.6610425], [16.91392066666667, 78.66104233333334], [16.913921666666667, 78.661042], [16.913922333333336, 78.66104183333333], [16.913923333333333, 78.66104166666668], [16.9139245, 78.66104133333333], [16.91392666666667, 78.66104116666666], [16.913928333333335, 78.661041], [16.91393, 78.66104083333333], [16.9139315, 78.66104066666666], [16.913933, 78.6610405], [16.9139345, 78.66104033333333], [16.913936166666666, 78.66104033333333], [16.91393833333333, 78.66104016666667], [16.913940833333335, 78.66104016666667], [16.913943, 78.66104033333333], [16.9139445, 78.6610405], [16.9139455, 78.66104066666666], [16.913945666666667, 78.66104083333333], [16.913946166666666, 78.661041], [16.913947, 78.66104116666666], [16.913948, 78.66104133333333], [16.913949333333335, 78.6610415], [16.913951, 78.66104166666668], [16.9139525, 78.66104183333333], [16.913953333333332, 78.661042], [16.913954333333333, 78.66104216666666], [16.91395483333333, 78.66104233333334], [16.913955833333333, 78.6610425], [16.913957166666666, 78.6610425], [16.913959166666665, 78.6610425], [16.913960999999997, 78.66104233333334], [16.913963333333335, 78.66104216666666], [16.913965166666667, 78.661042], [16.913966833333333, 78.66104183333333], [16.9139685, 78.66104166666668], [16.913970166666665, 78.6610415], [16.913972, 78.66104133333333], [16.913973833333333, 78.66104116666666], [16.913975666666666, 78.661041], [16.91397733333333, 78.66104083333333], [16.91397883333333, 78.6610405], [16.91398033333333, 78.66104033333333], [16.9139815, 78.66104033333333], [16.913982833333332, 78.66104016666667], [16.913984000000003, 78.66104], [16.91398566666667, 78.66103983333333], [16.913988, 78.66103983333333], [16.913990333333334, 78.66104], [16.9139925, 78.66104], [16.913994166666665, 78.66104016666667], [16.9139955, 78.66104033333333], [16.913996833333332, 78.6610405], [16.9139975, 78.66104066666666], [16.913998333333332, 78.66104083333333], [16.913999166666667, 78.661041], [16.91399983333333, 78.66104116666666], [16.913999999999998, 78.66104133333333], [16.9139995, 78.6610415], [16.913998333333332, 78.66104166666668], [16.9139975, 78.66104183333333], [16.913996833333332, 78.66104183333333], [16.9139965, 78.66104183333333], [16.913997, 78.661042], [16.913997833333333, 78.661042], [16.913998666666664, 78.661042], [16.913999999999998, 78.66104183333333], [16.914001499999998, 78.66104166666668], [16.914002999999997, 78.6610415], [16.914004499999997, 78.6610415], [16.91400583333333, 78.66104133333333], [16.914007333333334, 78.66104133333333], [16.914009, 78.66104116666666], [16.914010666666666, 78.66104116666666], [16.914012333333336, 78.66104116666666], [16.914014, 78.661041], [16.914015666666668, 78.66104083333333], [16.914017833333332, 78.66104083333333], [16.914020333333333, 78.66104083333333], [16.914022666666664, 78.66104066666666], [16.914025499999997, 78.66104066666666], [16.914028499999997, 78.66104083333333], [16.914030333333336, 78.66104083333333], [16.914032000000002, 78.661041], [16.914033333333336, 78.661041], [16.914034666666666, 78.66104116666666], [16.914035833333333, 78.66104116666666], [16.914036666666668, 78.66104133333333], [16.9140375, 78.66104133333333], [16.914038666666666, 78.6610415], [16.914039333333335, 78.66104166666668], [16.914040166666666, 78.66104166666668], [16.914040666666665, 78.66104183333333], [16.914041166666667, 78.66104183333333], [16.914042166666665, 78.661042], [16.914043333333332, 78.661042], [16.914045666666667, 78.66104183333333], [16.914048166666664, 78.66104166666668], [16.914050666666665, 78.66104166666668], [16.91405316666667, 78.6610415], [16.914055333333334, 78.66104133333333], [16.914057333333336, 78.66104133333333], [16.914059333333334, 78.66104116666666], [16.914061166666666, 78.661041], [16.914063333333335, 78.66104083333333], [16.914065666666666, 78.66104066666666], [16.914067666666664, 78.6610405], [16.91407, 78.66104033333333], [16.914071666666665, 78.66104033333333], [16.91407416666667, 78.66104016666667], [16.914076666666666, 78.66104016666667], [16.914079166666667, 78.66104], [16.914081833333334, 78.66104], [16.914084833333334, 78.66104], [16.914088, 78.66104], [16.914091499999998, 78.66104], [16.914095, 78.66104], [16.914098666666668, 78.66104016666667], [16.914102, 78.66104016666667], [16.914105333333335, 78.66104033333333], [16.914108, 78.66104033333333], [16.9141105, 78.66104033333333], [16.914113166666667, 78.6610405], [16.914116, 78.6610405], [16.914119333333336, 78.6610405], [16.914122666666668, 78.6610405], [16.914126166666666, 78.66104066666666], [16.914129833333334, 78.6610405], [16.9141335, 78.6610405], [16.914137333333333, 78.6610405], [16.914140999999997, 78.6610405], [16.91414466666667, 78.66104033333333], [16.914148666666666, 78.66104033333333], [16.914152833333333, 78.66104016666667], [16.914157, 78.66104], [16.914161333333332, 78.66103983333333], [16.914165500000003, 78.66103983333333], [16.914169333333334, 78.66103966666667], [16.914172833333335, 78.6610395], [16.914176166666667, 78.66103933333333], [16.914179666666666, 78.66103933333333], [16.914183333333334, 78.66103916666665], [16.914187000000002, 78.661039], [16.914191333333335, 78.66103883333334], [16.914196166666667, 78.66103866666667], [16.91420133333333, 78.66103849999999], [16.914206999999998, 78.66103849999999], [16.914211666666667, 78.66103833333334], [16.914216500000002, 78.66103833333334], [16.914220333333333, 78.66103833333334], [16.914224166666667, 78.66103833333334], [16.914228166666664, 78.66103833333334], [16.914232000000002, 78.66103833333334], [16.914236333333335, 78.66103833333334], [16.914241, 78.66103833333334], [16.914245333333334, 78.66103833333334], [16.91425, 78.66103833333334], [16.914254333333336, 78.66103833333334], [16.914258166666666, 78.66103833333334], [16.914262166666667, 78.66103833333334], [16.91426583333333, 78.66103833333334], [16.914269666666666, 78.66103833333334], [16.9142735, 78.66103833333334], [16.914277333333334, 78.66103833333334], [16.914281666666668, 78.66103833333334], [16.914286333333333, 78.66103833333334], [16.914290666666666, 78.66103833333334], [16.914295166666665, 78.66103833333334], [16.914299833333335, 78.66103833333334], [16.914304166666668, 78.66103849999999], [16.9143085, 78.66103849999999], [16.914313, 78.66103849999999], [16.9143175, 78.66103849999999], [16.914322000000002, 78.66103849999999], [16.914326333333335, 78.66103849999999], [16.914330833333334, 78.66103849999999], [16.914335333333334, 78.66103849999999], [16.914339833333333, 78.66103849999999], [16.914344500000002, 78.66103849999999], [16.914349, 78.66103849999999], [16.914353666666667, 78.66103866666667], [16.9143585, 78.66103866666667], [16.914363166666664, 78.66103866666667], [16.914367666666667, 78.66103866666667], [16.914372333333333, 78.66103866666667], [16.914376666666666, 78.66103866666667], [16.914381, 78.66103866666667], [16.914385333333332, 78.66103866666667], [16.91438966666667, 78.66103866666667], [16.914394333333334, 78.66103866666667], [16.914398833333333, 78.66103883333334], [16.9144035, 78.66103883333334], [16.914408166666664, 78.66103883333334], [16.914412833333333, 78.66103883333334], [16.914417500000003, 78.661039], [16.914422166666668, 78.661039], [16.914427, 78.661039], [16.9144315, 78.661039], [16.914436000000002, 78.661039], [16.9144405, 78.66103916666665], [16.914445166666667, 78.66103916666665], [16.9144495, 78.66103933333333], [16.914454, 78.6610395], [16.914458833333335, 78.6610395], [16.9144635, 78.6610395], [16.914468333333332, 78.6610395], [16.914473333333333, 78.6610395], [16.914478166666665, 78.6610395], [16.914483166666667, 78.66103966666667], [16.914487666666666, 78.66103966666667], [16.914492166666665, 78.66103983333333], [16.9144965, 78.66103983333333], [16.914500999999998, 78.66104], [16.914505666666667, 78.66104016666667], [16.9145105, 78.66104016666667], [16.9145155, 78.66104016666667], [16.914520333333332, 78.66104016666667], [16.914525333333334, 78.66104016666667], [16.91453016666667, 78.66104016666667], [16.914534833333335, 78.66104033333333], [16.914539333333334, 78.66104033333333], [16.914543833333333, 78.66104033333333], [16.914548500000002, 78.6610405], [16.914552833333335, 78.66104066666666], [16.914557333333335, 78.66104066666666], [16.914561833333334, 78.66104083333333], [16.9145665, 78.66104083333333], [16.91457116666667, 78.661041], [16.914576, 78.661041], [16.914581, 78.661041], [16.914586, 78.661041], [16.914591166666664, 78.66104116666666], [16.914595833333333, 78.66104116666666], [16.9146005, 78.66104116666666], [16.914604833333332, 78.66104133333333], [16.914609166666665, 78.6610415], [16.914613499999998, 78.6610415], [16.914618, 78.66104166666668], [16.914622666666666, 78.66104166666668], [16.914627666666668, 78.66104183333333], [16.914632833333332, 78.66104183333333], [16.914638, 78.66104183333333], [16.914643166666668, 78.661042], [16.914648, 78.661042], [16.914652666666665, 78.66104216666666], [16.91465733333333, 78.66104216666666], [16.914661666666667, 78.66104233333334], [16.914666166666667, 78.6610425], [16.914670833333332, 78.6610425], [16.914676, 78.66104266666666], [16.914681166666664, 78.66104266666666], [16.91468616666667, 78.66104283333334], [16.914691166666667, 78.66104283333334], [16.914696, 78.661043], [16.914700666666665, 78.661043], [16.914705333333334, 78.66104316666666], [16.914709833333333, 78.66104316666666], [16.9147145, 78.66104333333332], [16.914719333333334, 78.66104333333332], [16.914724333333332, 78.6610435], [16.9147295, 78.66104366666667], [16.9147345, 78.66104383333332], [16.9147395, 78.66104383333332], [16.91474433333333, 78.66104399999999], [16.914748999999997, 78.66104399999999], [16.9147535, 78.66104416666667], [16.914758333333335, 78.66104416666667], [16.914763, 78.66104433333334], [16.914767833333332, 78.66104433333334], [16.914772833333334, 78.66104449999999], [16.914777833333336, 78.66104466666667], [16.914782833333334, 78.66104466666667], [16.9147875, 78.66104483333334], [16.914792166666665, 78.66104483333334], [16.914796833333334, 78.661045], [16.9148015, 78.661045], [16.914806333333335, 78.66104516666665], [16.914811166666667, 78.66104533333333], [16.914816, 78.66104533333333], [16.914821, 78.6610455], [16.914825833333335, 78.66104566666667], [16.914830666666667, 78.66104566666667], [16.9148355, 78.66104583333335], [16.914840333333334, 78.66104583333335], [16.914845333333336, 78.661046], [16.914850333333334, 78.661046], [16.914855, 78.66104616666667], [16.914859999999997, 78.66104633333333], [16.914864666666666, 78.66104650000001], [16.914869666666668, 78.66104650000001], [16.9148745, 78.66104666666666], [16.914879499999998, 78.66104683333333], [16.914884500000003, 78.661047], [16.9148895, 78.661047], [16.9148945, 78.66104716666668], [16.9148995, 78.66104716666668], [16.914904333333332, 78.66104733333333], [16.914909, 78.6610475], [16.914913666666667, 78.6610475], [16.914918333333333, 78.66104766666668], [16.914923166666664, 78.66104783333334], [16.914928, 78.66104783333334], [16.914932833333335, 78.661048], [16.914937833333333, 78.66104816666666], [16.914942666666665, 78.66104833333334], [16.914947666666666, 78.6610485], [16.914952500000002, 78.6610485], [16.9149575, 78.66104866666666], [16.914962166666665, 78.66104883333334], [16.914967166666667, 78.66104883333334], [16.914972, 78.661049], [16.914977, 78.66104916666667], [16.914982000000002, 78.66104916666667], [16.914987166666666, 78.66104933333332], [16.914992166666664, 78.6610495], [16.91499716666667, 78.66104966666667], [16.915002, 78.66104983333334], [16.915006666666667, 78.66104983333334], [16.9150115, 78.66104999999999], [16.915016166666664, 78.66105016666667], [16.915021000000003, 78.66105033333334], [16.915026, 78.66105033333334], [16.915031166666665, 78.6610505], [16.915036166666667, 78.66105066666667], [16.91504133333333, 78.66105066666667], [16.915046166666666, 78.66105083333333], [16.915051166666668, 78.661051], [16.915055666666667, 78.66105116666667], [16.915060333333333, 78.66105133333333], [16.915065000000002, 78.6610515], [16.915069666666668, 78.66105166666667], [16.915074666666666, 78.66105166666667], [16.915079666666667, 78.66105183333335], [16.91508483333333, 78.661052], [16.915090000000003, 78.66105216666666], [16.915095166666667, 78.66105233333333], [16.915100166666665, 78.66105233333333], [16.915104666666664, 78.66105250000001], [16.915109166666664, 78.66105266666666], [16.9151135, 78.66105283333333], [16.915118, 78.661053], [16.915122666666665, 78.66105316666668], [16.9151275, 78.66105316666668], [16.91513266666667, 78.66105333333333], [16.915138000000002, 78.6610535], [16.915143166666667, 78.6610535], [16.91514833333333, 78.66105366666667], [16.915153, 78.66105383333334], [16.915157500000003, 78.661054], [16.915161666666666, 78.661054], [16.915165833333333, 78.66105416666666], [16.915170166666666, 78.66105433333334], [16.915174999999998, 78.66105433333334], [16.915179833333333, 78.6610545], [16.915185, 78.66105466666666], [16.91519, 78.66105466666666], [16.915195, 78.66105483333334], [16.915199500000003, 78.661055], [16.915204000000003, 78.661055], [16.915208166666666, 78.66105516666667], [16.915212333333333, 78.66105533333332], [16.915216666666666, 78.6610555], [16.915221166666665, 78.6610555], [16.915226166666667, 78.66105566666667], [16.915231000000002, 78.66105583333334], [16.915236166666666, 78.66105599999999], [16.915241166666664, 78.66105599999999], [16.91524616666667, 78.66105616666667], [16.915250833333335, 78.66105633333333], [16.9152555, 78.66105633333333], [16.91526, 78.6610565], [16.915264666666666, 78.66105666666667], [16.915269333333335, 78.66105666666667], [16.915273833333334, 78.66105683333333], [16.9152785, 78.661057], [16.91528333333333, 78.661057], [16.915288166666667, 78.66105716666667], [16.915292833333336, 78.66105716666667], [16.9152975, 78.66105733333333], [16.915302166666667, 78.66105733333333], [16.915306833333332, 78.6610575], [16.915311499999998, 78.6610575], [16.915316166666667, 78.66105766666666], [16.915320833333332, 78.66105766666666], [16.915325499999998, 78.66105783333335], [16.915330166666667, 78.661058], [16.915335000000002, 78.66105816666666], [16.915339666666668, 78.66105816666666], [16.915344333333334, 78.66105833333333], [16.915349166666665, 78.66105850000001], [16.91535383333333, 78.66105850000001], [16.9153585, 78.66105866666666], [16.915363333333335, 78.66105883333333], [16.915368166666667, 78.66105883333333], [16.915373, 78.661059], [16.91537783333333, 78.66105916666667], [16.91538266666667, 78.66105916666667], [16.91538716666667, 78.66105933333333], [16.915391666666668, 78.6610595], [16.915396333333334, 78.6610595], [16.915401, 78.66105966666667], [16.915405500000002, 78.66105983333334], [16.915410333333334, 78.66105983333334], [16.915415166666666, 78.66105999999999], [16.915419999999997, 78.66105999999999], [16.915424833333336, 78.66106016666666], [16.915429500000002, 78.66106016666666], [16.915434333333334, 78.66106033333334], [16.915438833333333, 78.6610605], [16.9154435, 78.6610605], [16.915448333333334, 78.66106066666666], [16.915453, 78.66106083333334], [16.915458, 78.66106083333334], [16.915462833333333, 78.661061], [16.915467666666665, 78.661061], [16.91547266666667, 78.66106116666667], [16.915477333333335, 78.66106133333332], [16.915482333333333, 78.66106133333332], [16.91548733333333, 78.6610615], [16.915491999999997, 78.66106166666667], [16.915496833333336, 78.66106166666667], [16.915501333333335, 78.66106183333333], [16.915505833333334, 78.66106199999999], [16.915510333333334, 78.66106216666667], [16.915515000000003, 78.66106233333333], [16.91551966666667, 78.6610625], [16.915524666666666, 78.66106266666667], [16.915529666666664, 78.66106283333333], [16.915534666666666, 78.66106283333333], [16.915539833333334, 78.661063], [16.915544666666666, 78.66106316666666], [16.915549333333335, 78.66106316666666], [16.915553833333334, 78.66106333333333], [16.915558166666663, 78.6610635], [16.9155625, 78.6610635], [16.915567166666666, 78.66106366666666], [16.915571833333335, 78.66106383333334], [16.915576833333333, 78.661064], [16.915581666666665, 78.661064], [16.915586666666666, 78.66106416666666], [16.9155915, 78.66106416666666], [16.915596, 78.66106433333333], [16.9156005, 78.66106433333333], [16.915605000000003, 78.66106450000001], [16.915609333333336, 78.66106450000001], [16.915613833333335, 78.66106466666666], [16.915618333333335, 78.66106466666666], [16.915623333333333, 78.66106483333333], [16.915628166666668, 78.661065], [16.915633, 78.661065], [16.915637666666665, 78.66106516666667], [16.9156425, 78.66106516666667], [16.915647166666666, 78.66106533333333], [16.915651833333335, 78.66106533333333], [16.915656333333335, 78.66106533333333], [16.915661, 78.66106549999999], [16.915665666666666, 78.66106566666667], [16.915670166666665, 78.66106566666667], [16.915674666666668, 78.66106583333334], [16.915679333333333, 78.66106583333334], [16.915684, 78.66106599999999], [16.915688666666664, 78.66106599999999], [16.915693333333333, 78.66106616666666], [16.915698000000003, 78.66106616666666], [16.915702666666668, 78.66106633333334], [16.915707166666667, 78.66106633333334], [16.915711666666667, 78.6610665], [16.915716166666666, 78.66106666666666], [16.91572066666667, 78.66106666666666], [16.915725333333334, 78.66106683333334], [16.91573, 78.661067], [16.915734666666665, 78.66106716666667], [16.91573933333333, 78.66106716666667], [16.915743833333334, 78.66106733333332], [16.915748333333333, 78.6610675], [16.915753, 78.6610675], [16.915757499999998, 78.66106766666667], [16.915761999999997, 78.66106783333333], [16.915766666666666, 78.66106783333333], [16.915771333333332, 78.66106799999999], [16.915776, 78.66106799999999], [16.9157805, 78.66106816666667], [16.915785000000003, 78.66106833333333], [16.915789500000002, 78.6610685], [16.915794, 78.6610685], [16.9157985, 78.66106866666668], [16.915803, 78.66106883333333], [16.91580766666667, 78.66106883333333], [16.91581216666667, 78.661069], [16.915816500000002, 78.661069], [16.915821, 78.66106916666666], [16.9158255, 78.66106916666666], [16.91582983333333, 78.66106933333334], [16.915834166666667, 78.66106933333334], [16.9158385, 78.6610695], [16.915842833333333, 78.6610695], [16.915847499999998, 78.66106966666666], [16.915852166666664, 78.66106983333334], [16.915856833333333, 78.66106983333334], [16.915861666666668, 78.66106983333334], [16.915866333333334, 78.66107000000001], [16.915870833333333, 78.66107000000001], [16.915875500000002, 78.66107016666666], [16.91588, 78.66107016666666], [16.9158845, 78.66107033333333], [16.915889, 78.66107050000001], [16.9158935, 78.66107050000001], [16.915898000000002, 78.66107066666667], [16.915902833333334, 78.66107066666667], [16.9159075, 78.66107083333333], [16.9159125, 78.66107099999999], [16.915917333333333, 78.66107099999999], [16.915921833333336, 78.66107116666667], [16.9159265, 78.66107116666667], [16.915931166666667, 78.66107133333334], [16.915935666666666, 78.66107133333334], [16.91594, 78.66107149999999], [16.915944500000002, 78.66107166666667], [16.915949166666667, 78.66107183333334], [16.915954, 78.66107183333334], [16.91595883333333, 78.661072], [16.915963666666666, 78.661072], [16.9159685, 78.66107216666666], [16.915973333333334, 78.66107216666666], [16.915977833333333, 78.66107233333334], [16.915982333333332, 78.66107233333334], [16.91598683333333, 78.66107233333334], [16.915991166666668, 78.6610725], [16.915995666666667, 78.66107266666667], [16.916000166666667, 78.66107266666667], [16.916004833333332, 78.66107283333334], [16.916009666666664, 78.661073], [16.916014333333333, 78.66107316666667], [16.916019, 78.66107333333333], [16.916023666666668, 78.66107333333333], [16.916027999999997, 78.6610735], [16.91603233333333, 78.66107366666667], [16.916036666666667, 78.66107383333333], [16.916041166666666, 78.661074], [16.916045666666665, 78.661074], [16.916050499999997, 78.66107416666667], [16.91605516666667, 78.66107433333333], [16.916059833333335, 78.6610745], [16.916064333333335, 78.6610745], [16.916068499999998, 78.66107466666668], [16.916072999999997, 78.66107466666668], [16.916076999999998, 78.66107483333333], [16.9160815, 78.66107483333333], [16.916085833333334, 78.661075], [16.916090666666665, 78.661075], [16.91609533333333, 78.66107516666666], [16.916099999999997, 78.66107533333334], [16.9161045, 78.66107533333334], [16.916109, 78.6610755], [16.916113333333332, 78.66107566666666], [16.916117666666665, 78.66107566666666], [16.916121999999998, 78.66107583333334], [16.9161265, 78.66107583333334], [16.916131333333333, 78.66107600000001], [16.916136166666668, 78.66107616666666], [16.916140833333333, 78.66107616666666], [16.91614566666667, 78.66107633333333], [16.916150333333334, 78.66107650000001], [16.916154833333334, 78.66107666666667], [16.9161595, 78.66107666666667], [16.916164, 78.66107683333333], [16.9161685, 78.66107699999999], [16.916173166666667, 78.66107716666667], [16.916178, 78.66107733333334], [16.916182833333334, 78.66107733333334], [16.916187833333332, 78.66107749999999], [16.916192833333334, 78.66107766666667], [16.91619766666667, 78.66107766666667], [16.916202333333334, 78.66107783333334], [16.916206833333334, 78.661078], [16.9162115, 78.66107816666666], [16.916215833333336, 78.66107816666666], [16.9162205, 78.66107833333334], [16.916225333333333, 78.6610785], [16.91623, 78.6610785], [16.916234666666664, 78.66107866666667], [16.9162395, 78.66107883333333], [16.91624416666667, 78.66107883333333], [16.916249166666667, 78.661079], [16.916253666666666, 78.661079], [16.916258333333335, 78.66107916666667], [16.916262833333334, 78.66107916666667], [16.916267333333334, 78.66107933333333], [16.916272, 78.6610795], [16.916276666666665, 78.6610795], [16.9162815, 78.66107966666667], [16.916286500000002, 78.66107983333333], [16.916291333333334, 78.66107983333333], [16.916296166666665, 78.66108], [16.916301166666663, 78.66108], [16.916306000000002, 78.66108016666666], [16.916310833333334, 78.66108033333333], [16.9163155, 78.66108033333333], [16.916320166666665, 78.6610805], [16.916324666666664, 78.6610805], [16.916329333333334, 78.66108066666668], [16.916334, 78.66108083333333], [16.916338833333334, 78.66108083333333], [16.916343833333332, 78.661081], [16.916348666666668, 78.661081], [16.916353666666666, 78.66108116666666], [16.9163585, 78.66108116666666], [16.916363166666667, 78.66108133333334], [16.916367833333332, 78.66108133333334], [16.916372333333335, 78.66108133333334], [16.916377, 78.6610815], [16.916381666666666, 78.6610815], [16.916386166666666, 78.66108166666666], [16.916390999999997, 78.66108183333334], [16.916395666666666, 78.66108183333334], [16.9164005, 78.66108200000001], [16.916405333333334, 78.66108200000001], [16.916410166666665, 78.66108216666666], [16.916414999999997, 78.66108216666666], [16.916419833333336, 78.66108233333333], [16.9164245, 78.66108233333333], [16.916429, 78.6610825], [16.9164335, 78.6610825], [16.91643816666667, 78.66108266666667], [16.91644266666667, 78.66108283333332], [16.916447666666667, 78.66108283333332], [16.916452333333332, 78.66108299999999], [16.916457166666664, 78.66108316666667], [16.916461833333337, 78.66108316666667], [16.91646666666667, 78.66108333333334], [16.9164715, 78.66108333333334], [16.916476166666666, 78.66108349999999], [16.916481166666664, 78.66108366666667], [16.916486000000003, 78.66108366666667], [16.916490666666668, 78.66108383333334], [16.916495166666667, 78.661084], [16.916499833333333, 78.66108416666665], [16.916504333333332, 78.66108433333333], [16.916509, 78.66108433333333], [16.916513666666667, 78.6610845], [16.916518666666665, 78.66108466666667], [16.9165235, 78.66108483333333], [16.916528666666668, 78.66108483333333], [16.916533666666666, 78.661085], [16.91653833333333, 78.66108516666667], [16.916543, 78.66108533333333], [16.91654733333333, 78.66108566666666], [16.916551833333333, 78.66108583333333], [16.916556166666666, 78.66108583333333], [16.91656083333333, 78.661086], [16.916565666666667, 78.66108616666666], [16.9165705, 78.66108633333333], [16.916575333333334, 78.6610865], [16.91658, 78.6610865], [16.916584666666665, 78.66108666666668], [16.916589, 78.66108683333333], [16.91659333333333, 78.661087], [16.916597833333334, 78.66108716666666], [16.916602333333334, 78.66108716666666], [16.916607, 78.66108733333334], [16.916611666666665, 78.6610875], [16.916616166666664, 78.6610875], [16.916620833333333, 78.66108766666666], [16.916625166666666, 78.66108766666666], [16.916629666666665, 78.66108783333334], [16.916634166666665, 78.661088], [16.91663883333333, 78.66108816666666], [16.916643166666667, 78.66108816666666], [16.9166475, 78.66108833333332], [16.916652166666665, 78.6610885], [16.9166565, 78.6610885], [16.916660999999998, 78.66108866666667], [16.916665166666668, 78.66108883333332], [16.9166695, 78.66108883333332], [16.916673666666668, 78.66108899999999], [16.916678, 78.66108899999999], [16.916682166666664, 78.66108916666667], [16.9166865, 78.66108916666667], [16.916690666666668, 78.66108933333334], [16.916694666666668, 78.66108949999999], [16.916699, 78.66108949999999], [16.9167035, 78.66108966666667], [16.91670783333333, 78.66108983333334], [16.916712333333333, 78.66108983333334], [16.916717000000002, 78.66109], [16.91672133333333, 78.66109], [16.9167255, 78.66109], [16.916729666666665, 78.66109016666665], [16.91673366666667, 78.66109033333333], [16.916737833333332, 78.6610905], [16.916742, 78.66109066666667], [16.9167465, 78.66109066666667], [16.916751166666664, 78.66109083333335], [16.916756000000003, 78.66109083333335], [16.91676066666667, 78.661091], [16.916765333333334, 78.661091], [16.91677, 78.66109116666667], [16.916775166666664, 78.66109133333333], [16.916781333333333, 78.66109133333333], [16.916788166666667, 78.66109150000001], [16.91679583333333, 78.66109166666666], [16.9168045, 78.66109183333333], [16.916813666666666, 78.661092], [16.916823833333336, 78.661092], [16.916834333333334, 78.66109216666668], [16.916845333333335, 78.6610925], [16.916857, 78.66109266666668], [16.916868333333333, 78.66109283333334], [16.916879833333333, 78.661093], [16.916891666666668, 78.66109316666666], [16.916903333333334, 78.6610935], [16.916914833333333, 78.66109366666666], [16.9169265, 78.66109383333334], [16.916938166666668, 78.66109416666667], [16.91695, 78.66109433333332], [16.916962166666668, 78.66109466666667], [16.9169745, 78.66109483333334], [16.91698716666667, 78.66109516666667], [16.917000166666664, 78.66109533333334], [16.917013, 78.66109566666667], [16.91702616666667, 78.66109583333333], [16.917039, 78.66109616666667], [16.917052, 78.66109633333333], [16.9170645, 78.6610965], [16.917076833333333, 78.66109683333335], [16.91708883333333, 78.661097], [16.9171005, 78.66109716666666], [16.917112333333332, 78.66109750000001], [16.917124333333334, 78.66109766666666], [16.91713616666667, 78.661098], [16.917148333333333, 78.66109833333333], [16.917160833333334, 78.66109866666667], [16.9171735, 78.661099], [16.917186333333333, 78.66109916666666], [16.917199333333333, 78.6610995], [16.917212666666668, 78.66109983333334], [16.917225499999997, 78.6611], [16.9172385, 78.66110033333332], [16.917251500000003, 78.66110066666667], [16.917264166666666, 78.66110099999999], [16.917276666666666, 78.66110116666667], [16.917289166666666, 78.6611015], [16.917301666666667, 78.66110183333333], [16.917314166666664, 78.66110216666667], [16.917326833333334, 78.6611025], [16.917339833333333, 78.66110283333335], [16.917352833333332, 78.66110316666666], [16.917366166666667, 78.66110350000001], [16.9173795, 78.66110383333333], [16.917393, 78.66110416666668], [16.91740666666667, 78.6611045], [16.917420333333332, 78.66110483333334], [16.917433666666668, 78.66110516666666], [16.917447166666665, 78.6611055], [16.9174605, 78.66110566666666], [16.91747366666667, 78.661106], [16.9174865, 78.66110633333332], [16.9174995, 78.66110666666667], [16.9175125, 78.66110699999999], [16.9175255, 78.6611075], [16.9175385, 78.66110783333333], [16.917551666666668, 78.66110816666666], [16.917565000000003, 78.6611085], [16.91757833333333, 78.66110866666666], [16.917591666666667, 78.661109], [16.917605166666664, 78.66110933333333], [16.9176185, 78.66110966666666], [16.917632, 78.66111], [16.917645166666667, 78.66111016666667], [16.917658333333335, 78.66111049999999], [16.91767133333333, 78.66111083333334], [16.917684333333334, 78.66111099999999], [16.917697166666667, 78.66111133333334], [16.91771, 78.66111166666666], [16.917723000000002, 78.661112], [16.917735999999998, 78.66111233333332], [16.917749, 78.66111266666667], [16.9177625, 78.66111299999999], [16.917775833333334, 78.6611135], [16.9177895, 78.66111383333333], [16.917803166666666, 78.66111416666666], [16.917816833333333, 78.6611145], [16.91783033333333, 78.66111483333334], [16.917844, 78.66111516666666], [16.9178575, 78.66111550000001], [16.917870666666666, 78.66111566666667], [16.917884, 78.66111599999999], [16.917896833333334, 78.66111633333334], [16.9179095, 78.66111666666667], [16.917922166666663, 78.661117], [16.917935, 78.66111733333334], [16.917948000000003, 78.6611175], [16.917961166666664, 78.66111783333334], [16.9179745, 78.66111816666667], [16.917987999999998, 78.6611185], [16.918001666666665, 78.66111883333333], [16.918015333333337, 78.661119], [16.918029, 78.66111933333333], [16.91804266666667, 78.66111966666668], [16.9180565, 78.66111983333333], [16.918070166666666, 78.66112016666666], [16.918083333333335, 78.66112033333334], [16.918096666666667, 78.66112066666666], [16.918109833333332, 78.66112100000001], [16.918122666666665, 78.66112116666666], [16.918135833333334, 78.66112150000001], [16.91814883333333, 78.66112183333333], [16.918162, 78.66112216666667], [16.918175333333334, 78.66112249999999], [16.918188666666666, 78.66112266666667], [16.918202333333333, 78.661123], [16.918215999999997, 78.66112333333334], [16.918229666666665, 78.66112366666667], [16.918243333333333, 78.661124], [16.918256666666665, 78.66112433333333], [16.918270333333332, 78.6611245], [16.918283666666664, 78.66112483333333], [16.918297, 78.66112516666666], [16.918310166666668, 78.6611255], [16.918323, 78.66112566666668], [16.918336166666666, 78.661126], [16.91834933333333, 78.66112633333334], [16.918362666666667, 78.66112666666666], [16.918376333333335, 78.66112700000001], [16.918389833333332, 78.66112733333333], [16.918403666666666, 78.66112766666667], [16.91841733333333, 78.66112799999999], [16.918430999999998, 78.66112833333334], [16.9184445, 78.66112849999999], [16.91845783333333, 78.66112883333334], [16.918471, 78.66112916666665], [16.918484166666666, 78.66112933333334], [16.91849716666667, 78.66112966666667], [16.918510166666668, 78.66113], [16.918523166666667, 78.66113033333333], [16.918536666666668, 78.66113066666666], [16.918550166666666, 78.661131], [16.918563666666667, 78.66113133333333], [16.918577333333335, 78.66113166666668], [16.918591166666666, 78.661132], [16.918605, 78.66113233333334], [16.918618499999997, 78.66113266666666], [16.918632166666665, 78.661133], [16.918645666666666, 78.66113333333332], [16.918658999999998, 78.66113366666667], [16.918672333333333, 78.66113399999999], [16.9186855, 78.66113433333334], [16.918698666666668, 78.66113466666667], [16.91871216666667, 78.661135], [16.918725333333335, 78.66113533333333], [16.918738833333336, 78.66113566666667], [16.918752166666664, 78.66113616666667], [16.9187655, 78.66113650000001], [16.918779166666663, 78.66113683333333], [16.918792666666665, 78.66113716666668], [16.918806166666666, 78.6611375], [16.918819499999998, 78.66113783333334], [16.918833, 78.661138], [16.918846499999997, 78.66113833333334], [16.918859833333332, 78.66113866666666], [16.918873333333334, 78.661139], [16.918886999999998, 78.66113933333332], [16.9189005, 78.66113966666667], [16.918914166666664, 78.66113999999999], [16.918928, 78.66114016666667], [16.918941500000003, 78.6611405], [16.918955166666667, 78.66114083333333], [16.918968833333334, 78.66114116666667], [16.918982333333336, 78.66114133333333], [16.918995833333334, 78.66114166666667], [16.919009000000003, 78.661142], [16.91902233333333, 78.66114216666666], [16.919035833333332, 78.66114250000001], [16.91904933333333, 78.66114283333333], [16.91906283333333, 78.66114316666668], [16.919076333333333, 78.6611435], [16.91909, 78.66114383333334], [16.919104, 78.66114416666666], [16.919117833333335, 78.6611445], [16.919131666666665, 78.66114483333334], [16.91914566666667, 78.66114516666667], [16.919159666666665, 78.66114533333332], [16.9191735, 78.66114566666667], [16.919187166666667, 78.66114599999999], [16.91920083333333, 78.66114633333333], [16.919214333333333, 78.66114666666667], [16.91922783333333, 78.66114683333333], [16.9192415, 78.66114716666667], [16.91925516666667, 78.6611475], [16.919268833333334, 78.66114783333335], [16.9192825, 78.66114816666666], [16.919296, 78.66114850000001], [16.919309666666667, 78.66114866666666], [16.919323666666667, 78.661149], [16.91933733333333, 78.66114933333333], [16.919351, 78.66114966666667], [16.91936466666667, 78.66114983333334], [16.919378333333334, 78.66115016666666], [16.919391833333336, 78.6611505], [16.919405166666664, 78.66115083333334], [16.919418666666665, 78.661151], [16.919432166666663, 78.66115133333332], [16.919445833333334, 78.66115166666667], [16.919459500000002, 78.66115183333334], [16.919473166666666, 78.66115216666667], [16.919487, 78.6611525], [16.919500833333334, 78.66115266666667], [16.919514666666664, 78.661153], [16.919528500000002, 78.66115333333333], [16.919542333333332, 78.66115366666666], [16.919556166666666, 78.66115383333334], [16.91957, 78.66115416666666], [16.919583833333334, 78.66115450000001], [16.919597666666668, 78.66115483333333], [16.9196115, 78.66115516666667], [16.919625333333332, 78.66115549999999], [16.919639333333336, 78.66115583333334], [16.919653, 78.66115616666666], [16.919666666666668, 78.6611565], [16.919680500000002, 78.66115666666666], [16.919694166666666, 78.661157], [16.919707666666667, 78.66115733333332], [16.919721166666665, 78.6611575], [16.9197345, 78.66115783333333], [16.919748000000002, 78.66115816666667], [16.9197615, 78.6611585], [16.919775, 78.66115883333333], [16.919788666666665, 78.66115916666666], [16.919802333333333, 78.6611595], [16.919816333333333, 78.66115983333334], [16.919830333333334, 78.66116016666666], [16.919844166666667, 78.66116050000001], [16.919857999999998, 78.66116066666667], [16.919871666666666, 78.66116099999999], [16.919885333333333, 78.66116133333334], [16.919899, 78.66116166666667], [16.919912500000002, 78.66116183333334], [16.91992583333333, 78.66116216666666], [16.919939499999998, 78.6611625], [16.919952666666667, 78.66116283333334], [16.919966, 78.66116316666667], [16.919979333333334, 78.6611635], [16.919992999999998, 78.66116383333333], [16.9200065, 78.66116416666667], [16.9200205, 78.66116433333333], [16.920034333333334, 78.66116466666668], [16.920048333333334, 78.661165], [16.920061999999998, 78.66116533333334], [16.920075999999998, 78.66116566666666], [16.920089833333336, 78.66116600000001], [16.9201035, 78.66116633333333], [16.920117, 78.66116666666667], [16.920130333333336, 78.66116683333333], [16.920143833333334, 78.66116716666667], [16.920157500000002, 78.66116749999999], [16.920171166666666, 78.66116783333334], [16.920184833333334, 78.66116816666666], [16.920198833333334, 78.6611685], [16.920212666666664, 78.661169], [16.920226666666668, 78.66116933333333], [16.920240666666665, 78.66116966666667], [16.920254666666665, 78.66117], [16.92026866666667, 78.66117033333333], [16.920282666666665, 78.66117066666668], [16.920296333333333, 78.661171], [16.92030983333333, 78.66117133333334], [16.920323166666666, 78.66117166666666], [16.9203365, 78.66117183333334], [16.920349833333333, 78.66117216666666], [16.920363000000002, 78.6611725], [16.920376166666664, 78.66117283333332], [16.9203895, 78.66117316666667], [16.920403, 78.66117349999999], [16.920416666666664, 78.66117383333334], [16.920430666666668, 78.66117416666665], [16.920444666666665, 78.66117466666667], [16.92045883333333, 78.661175], [16.920473, 78.66117533333333], [16.920486999999998, 78.66117566666667], [16.92050083333333, 78.661176], [16.92051466666667, 78.66117633333333], [16.920528333333333, 78.66117666666668], [16.920541500000002, 78.661177], [16.92055483333333, 78.66117733333334], [16.920568, 78.66117766666666], [16.920581000000002, 78.661178], [16.920594333333334, 78.66117833333332], [16.92060766666667, 78.66117866666667], [16.920621333333333, 78.66117899999999], [16.920635333333333, 78.66117933333334], [16.920649333333333, 78.66117966666667], [16.920663666666666, 78.66118], [16.920677833333333, 78.66118033333333], [16.920691833333333, 78.66118066666667], [16.920706166666665, 78.661181], [16.92072, 78.66118133333333], [16.920733666666667, 78.66118166666666], [16.92074716666667, 78.66118183333333], [16.92076033333333, 78.66118216666668], [16.9207735, 78.66118233333333], [16.920786500000002, 78.66118266666668], [16.920799666666667, 78.661183], [16.920812833333333, 78.66118333333334], [16.920826166666664, 78.66118366666666], [16.920839833333332, 78.661184], [16.920853833333336, 78.66118433333332], [16.920868, 78.66118466666667], [16.920882333333335, 78.66118499999999], [16.9208965, 78.66118533333334], [16.920910666666668, 78.6611855], [16.920924666666668, 78.66118583333333], [16.9209385, 78.66118616666667], [16.920952, 78.66118633333333], [16.920965000000002, 78.66118666666667], [16.920977999999998, 78.661187], [16.920990833333335, 78.66118716666666], [16.921003499999998, 78.66118750000001], [16.9210165, 78.66118783333333], [16.92103, 78.66118816666668], [16.921043166666667, 78.66118833333333], [16.921056833333335, 78.66118866666667], [16.921070666666665, 78.661189], [16.921084833333335, 78.66118933333334], [16.921098833333335, 78.6611895], [16.921113, 78.66118983333334], [16.921126833333336, 78.66119016666667], [16.921140833333332, 78.6611905], [16.9211545, 78.66119066666667], [16.921167833333335, 78.66119083333334], [16.921181, 78.66119116666667], [16.921194333333336, 78.66119133333333], [16.921207499999998, 78.66119166666667], [16.921220666666667, 78.661192], [16.921234166666668, 78.66119216666667], [16.921247833333332, 78.6611925], [16.921261666666666, 78.66119283333335], [16.9212755, 78.66119316666666], [16.921289833333333, 78.66119333333333], [16.921304000000003, 78.66119366666666], [16.921318, 78.66119383333333], [16.921332, 78.66119416666668], [16.921345666666664, 78.66119433333333], [16.92135933333333, 78.6611945], [16.921372666666667, 78.66119483333334], [16.921385833333332, 78.66119499999999], [16.921398833333335, 78.66119533333334], [16.92141183333333, 78.6611955], [16.921424833333333, 78.66119583333334], [16.921438000000002, 78.661196], [16.921451333333334, 78.66119633333332], [16.921465, 78.6611965], [16.921478666666665, 78.66119683333334], [16.921492833333332, 78.66119699999999], [16.921506833333336, 78.66119733333333], [16.921521166666665, 78.6611975], [16.92153516666667, 78.66119766666667], [16.921549333333335, 78.661198], [16.92156333333333, 78.66119816666667], [16.92157716666667, 78.66119833333333], [16.921590666666667, 78.66119866666666], [16.921604, 78.66119883333334], [16.921617166666667, 78.66119916666666], [16.921630166666667, 78.66119933333333], [16.921643500000002, 78.66119966666666], [16.921656833333333, 78.66119983333333], [16.92167, 78.66120016666667], [16.92168333333333, 78.66120049999999], [16.921696999999998, 78.66120066666667], [16.921710333333333, 78.66120099999999], [16.921724166666667, 78.66120116666666], [16.921737833333335, 78.6612015], [16.921751500000003, 78.66120166666666], [16.9217655, 78.661202], [16.9217795, 78.66120216666667], [16.921793333333333, 78.6612025], [16.921807166666667, 78.66120266666667], [16.921820833333335, 78.66120283333333], [16.9218345, 78.66120316666667], [16.921848166666667, 78.6612035], [16.921861666666665, 78.66120366666668], [16.921875, 78.661204], [16.9218885, 78.66120416666666], [16.921902, 78.6612045], [16.921915666666667, 78.66120483333334], [16.921929, 78.66120516666666], [16.9219425, 78.66120533333333], [16.921956333333334, 78.66120566666667], [16.921969999999998, 78.66120599999999], [16.921983833333336, 78.66120616666667], [16.9219975, 78.66120649999999], [16.922011333333334, 78.66120666666667], [16.922025, 78.661207], [16.922038666666666, 78.66120733333334], [16.922052, 78.6612075], [16.9220655, 78.66120783333334], [16.922078666666668, 78.66120816666667], [16.92209216666667, 78.66120833333333], [16.9221055, 78.66120866666667], [16.92211916666667, 78.661209], [16.922133, 78.66120916666667], [16.922147, 78.6612095], [16.922161000000003, 78.66120983333333], [16.922175166666666, 78.66121016666666], [16.922189333333332, 78.6612105], [16.922203666666668, 78.66121066666666], [16.9222175, 78.66121100000001], [16.922231500000002, 78.66121133333333], [16.922245166666666, 78.66121166666667], [16.922258833333334, 78.66121199999999], [16.92227216666667, 78.66121233333334], [16.922285666666667, 78.66121266666667], [16.92229916666667, 78.661213], [16.922312833333333, 78.66121333333334], [16.922326333333334, 78.66121366666667], [16.922340166666668, 78.661214], [16.922354166666665, 78.66121433333333], [16.92236816666667, 78.66121466666667], [16.9223825, 78.661215], [16.922396499999998, 78.66121533333333], [16.922410333333335, 78.66121566666668], [16.922424333333332, 78.661216], [16.922438166666666, 78.66121633333334], [16.922451666666667, 78.66121666666666], [16.922465166666665, 78.66121700000001], [16.922478666666667, 78.66121733333333], [16.922492, 78.66121766666667], [16.9225055, 78.66121799999999], [16.922518833333335, 78.66121849999999], [16.9225325, 78.66121883333334], [16.922546166666667, 78.66121916666665], [16.922559999999997, 78.66121966666667], [16.922573833333335, 78.66122], [16.922588166666667, 78.66122033333333], [16.922602666666666, 78.66122066666667], [16.922617166666665, 78.66122116666666], [16.922631333333335, 78.6612215], [16.922645499999998, 78.66122183333333], [16.9226595, 78.66122216666666], [16.922673333333332, 78.6612225], [16.922686833333334, 78.66122283333334], [16.922699833333336, 78.66122316666666], [16.922713166666664, 78.66122333333333], [16.922726333333333, 78.66122383333332], [16.922739333333332, 78.66122416666667], [16.9227525, 78.66122449999999], [16.922765833333337, 78.66122483333334], [16.922779333333335, 78.66122533333333], [16.92279316666667, 78.66122566666667], [16.922807166666665, 78.661226], [16.9228215, 78.66122633333333], [16.922835833333334, 78.66122666666666], [16.922850166666667, 78.661227], [16.922864333333333, 78.66122733333333], [16.922878500000003, 78.66122766666668], [16.92289183333333, 78.66122783333334], [16.922905, 78.661228], [16.922917666666667, 78.661228], [16.922929833333335, 78.661228], [16.922941666666667, 78.66122783333334], [16.922953333333332, 78.66122766666668], [16.922965166666664, 78.66122733333333], [16.922977, 78.661227], [16.92298883333333, 78.66122650000001], [16.923001, 78.66122583333335], [16.923013, 78.661225], [16.923024833333333, 78.66122416666667], [16.923036500000002, 78.66122316666666], [16.92304783333333, 78.66122216666666], [16.923058833333336, 78.66122083333333], [16.923068666666666, 78.66121966666667], [16.923077499999998, 78.66121849999999], [16.9230875, 78.66121716666666], [16.923097, 78.66121583333333], [16.923106, 78.6612145], [16.923114666666667, 78.661213], [16.923122999999997, 78.66121150000001], [16.923131, 78.66121], [16.923138666666667, 78.66120833333333], [16.923146166666665, 78.66120649999999], [16.9231535, 78.66120466666666], [16.923160499999998, 78.66120266666667], [16.923167499999998, 78.66120066666667], [16.923174, 78.66119866666666], [16.9231805, 78.6611965], [16.923186333333334, 78.6611945], [16.92319183333333, 78.66119233333333], [16.923197166666668, 78.66119033333332], [16.923202, 78.66118816666668], [16.92320683333333, 78.66118616666667], [16.92321133333333, 78.661184], [16.9232155, 78.66118183333333], [16.923219333333336, 78.66117966666667], [16.923222666666668, 78.6611775], [16.923225666666667, 78.66117516666667], [16.923228333333334, 78.66117283333332], [16.923230666666665, 78.6611705], [16.923232666666667, 78.661168], [16.9232345, 78.66116566666666], [16.923236, 78.66116316666667], [16.92323716666667, 78.66116083333333], [16.923238, 78.66115833333333], [16.9232385, 78.66115599999999], [16.923238833333336, 78.6611535], [16.923238833333336, 78.66115116666667], [16.92323866666667, 78.66114883333333], [16.923238166666668, 78.66114633333333], [16.92323683333333, 78.66114416666666], [16.923235166666664, 78.661142], [16.92323383333333, 78.6611395], [16.923231833333332, 78.66113716666668], [16.923229666666668, 78.66113483333334], [16.923227166666667, 78.6611325], [16.923224833333332, 78.66113], [16.9232225, 78.66112766666667], [16.923219833333334, 78.66112516666666], [16.92321666666667, 78.66112266666667], [16.923213333333333, 78.66112033333334], [16.923209999999997, 78.661118], [16.923206, 78.66111599999999], [16.9232015, 78.66111383333333], [16.92319666666667, 78.66111183333334], [16.923192333333336, 78.66110966666666], [16.923188166666666, 78.66110733333333], [16.923184, 78.66110499999999], [16.923179833333332, 78.6611025], [16.923175833333335, 78.66109983333334], [16.923172, 78.66109733333333], [16.923167999999997, 78.66109466666667], [16.923164166666666, 78.661092], [16.923160166666666, 78.66108949999999], [16.923156, 78.66108683333333], [16.92315166666667, 78.66108433333333], [16.923147333333336, 78.66108183333334], [16.923143, 78.66107916666667], [16.923138333333334, 78.66107666666667], [16.923133833333335, 78.661074], [16.923129833333334, 78.66107133333334], [16.9231255, 78.66106866666668], [16.923121166666665, 78.66106616666666], [16.923116666666665, 78.66106333333333], [16.923112333333332, 78.66106066666666], [16.923107833333333, 78.66105816666666], [16.923103, 78.6610555], [16.923098333333332, 78.66105283333333], [16.923093666666666, 78.66105016666667], [16.923089333333333, 78.6610475], [16.923084833333334, 78.661045], [16.923080333333335, 78.66104233333334], [16.923076166666664, 78.66103966666667], [16.92307183333333, 78.66103700000001], [16.923067833333334, 78.66103433333333], [16.923063833333334, 78.66103183333333], [16.92306, 78.66102916666667], [16.923055666666666, 78.66102666666667], [16.923051666666666, 78.661024], [16.923047666666665, 78.6610215], [16.92304366666667, 78.661019], [16.923040166666667, 78.66101666666667], [16.923036833333335, 78.66101416666667], [16.9230335, 78.66101166666667], [16.923030166666667, 78.66100916666666], [16.923027166666667, 78.66100666666667], [16.923024333333334, 78.66100416666667], [16.923021333333335, 78.66100183333333], [16.9230185, 78.66099933333334], [16.923015833333334, 78.660997], [16.923013333333333, 78.6609945], [16.923010833333333, 78.66099216666666], [16.923008499999998, 78.66098983333333], [16.923006333333333, 78.66098766666667], [16.92300433333333, 78.66098516666666], [16.9230025, 78.66098283333334], [16.923000833333333, 78.66098033333333], [16.922999333333333, 78.66097799999999], [16.922997833333334, 78.66097549999999], [16.922996333333334, 78.66097316666666], [16.922994833333334, 78.66097083333334], [16.922993333333334, 78.66096850000001], [16.922991833333334, 78.66096616666667], [16.922990666666667, 78.66096383333334], [16.92298966666667, 78.6609615], [16.922988666666665, 78.66095916666667], [16.922988, 78.66095666666666], [16.92298783333333, 78.66095433333334], [16.922987499999998, 78.66095183333333], [16.922987499999998, 78.66094933333333], [16.92298733333333, 78.66094683333334], [16.922987499999998, 78.6609445], [16.922987499999998, 78.66094216666667], [16.92298783333333, 78.66093966666668], [16.92298783333333, 78.66093733333334], [16.922987499999998, 78.66093500000001], [16.922987499999998, 78.66093266666667], [16.922987499999998, 78.66093016666667], [16.922987666666664, 78.66092783333333], [16.922988166666666, 78.66092516666666], [16.922988333333333, 78.66092266666666], [16.9229885, 78.66092016666667], [16.922988999999998, 78.66091766666666], [16.92298966666667, 78.660915], [16.92299016666667, 78.66091233333333], [16.922990666666667, 78.66090966666667], [16.922991000000003, 78.66090716666666], [16.922991500000002, 78.66090466666667], [16.922991833333334, 78.66090200000001], [16.922991833333334, 78.6608995], [16.922991833333334, 78.660897], [16.922992, 78.66089433333333], [16.922992333333333, 78.66089166666667], [16.92299266666667, 78.660889], [16.922992833333335, 78.66088616666666], [16.922993333333334, 78.6608835], [16.922993666666667, 78.66088083333334], [16.922994333333335, 78.660878], [16.922994833333334, 78.6608755], [16.922995166666666, 78.66087283333333], [16.922995500000003, 78.66087016666667], [16.92299566666667, 78.66086766666668], [16.922995833333335, 78.66086516666665], [16.922996166666668, 78.6608625], [16.922996166666668, 78.66086], [16.922996333333334, 78.66085733333333], [16.922997000000002, 78.6608545], [16.922997333333335, 78.66085183333333], [16.922997666666667, 78.66084916666667], [16.922998333333332, 78.66084633333334], [16.922999, 78.6608435], [16.923000000000002, 78.66084083333334], [16.923000833333333, 78.66083816666666], [16.923001666666668, 78.6608355], [16.923002166666667, 78.66083283333334], [16.9230025, 78.66083033333332], [16.92300283333333, 78.66082766666666], [16.923003333333334, 78.66082516666667], [16.923003166666668, 78.66082266666668], [16.923003333333334, 78.66082016666665], [16.923003833333333, 78.66081733333334], [16.923004166666665, 78.66081466666667], [16.923005, 78.660812], [16.923005666666665, 78.66080933333333], [16.9230065, 78.66080666666667], [16.92300733333333, 78.66080400000001], [16.923007666666667, 78.66080133333334], [16.923008499999998, 78.66079883333333], [16.923009333333333, 78.66079616666666], [16.923010166666664, 78.66079366666666], [16.92301033333333, 78.66079116666667], [16.923010833333333, 78.66078850000001], [16.923011166666665, 78.66078583333334], [16.923011166666665, 78.66078316666668], [16.923011166666665, 78.66078066666667], [16.92301133333333, 78.660778], [16.92301133333333, 78.66077533333333], [16.923011499999998, 78.66077283333334], [16.923011666666664, 78.66077016666667], [16.92301183333333, 78.66076766666667], [16.92301183333333, 78.66076500000001], [16.923012000000003, 78.66076233333334], [16.92301216666667, 78.66075983333333], [16.92301216666667, 78.66075733333334], [16.92301216666667, 78.66075466666666], [16.92301216666667, 78.660752], [16.923012000000003, 78.66074950000001], [16.923012000000003, 78.66074666666667], [16.923012000000003, 78.66074400000001], [16.92301216666667, 78.66074133333333], [16.923012500000002, 78.6607385], [16.923012500000002, 78.66073583333333], [16.923012833333335, 78.66073316666666], [16.923012833333335, 78.6607305], [16.923013, 78.66072783333334], [16.923013166666667, 78.66072516666667], [16.923013500000003, 78.6607225], [16.92301366666667, 78.66072000000001], [16.92301366666667, 78.66071733333334], [16.92301366666667, 78.66071466666668], [16.92301366666667, 78.660712], [16.92301366666667, 78.66070933333334], [16.923013833333336, 78.66070666666666], [16.92301366666667, 78.660704], [16.923013833333336, 78.66070133333332], [16.923013833333336, 78.66069866666666], [16.923014000000002, 78.66069583333334], [16.923014333333334, 78.66069300000001], [16.9230145, 78.66069033333333], [16.923014666666667, 78.66068783333334], [16.923014833333333, 78.66068516666665], [16.923015000000003, 78.6606825], [16.923015000000003, 78.66067983333333], [16.923014833333333, 78.66067716666666], [16.923015000000003, 78.6606745], [16.923014833333333, 78.66067183333332], [16.923014666666667, 78.66066916666666], [16.9230145, 78.66066649999999], [16.9230145, 78.66066383333333], [16.9230145, 78.66066099999999], [16.9230145, 78.66065833333333], [16.923014666666667, 78.66065566666666], [16.923014666666667, 78.66065283333334], [16.923014833333333, 78.66065016666667], [16.923015000000003, 78.66064766666666], [16.923015000000003, 78.660645], [16.923014666666667, 78.66064233333333], [16.9230145, 78.66063983333333], [16.9230145, 78.66063716666666], [16.923014333333334, 78.6606345], [16.92301416666667, 78.66063183333334], [16.923014000000002, 78.660629], [16.923013833333336, 78.66062633333333], [16.92301366666667, 78.66062366666667], [16.92301366666667, 78.66062083333333], [16.92301366666667, 78.66061800000001], [16.923013500000003, 78.66061533333333], [16.923013166666667, 78.66061266666667], [16.923013, 78.66060999999999], [16.923012833333335, 78.66060733333333], [16.923012500000002, 78.66060466666666], [16.92301216666667, 78.660602], [16.923011666666664, 78.66059933333332], [16.92301133333333, 78.66059666666666], [16.923011, 78.660594], [16.923010833333333, 78.66059133333333], [16.923010666666666, 78.66058849999999], [16.923010666666666, 78.66058583333333], [16.923010666666666, 78.660583], [16.923010833333333, 78.66058033333334], [16.923010833333333, 78.6605775], [16.923010666666666, 78.66057483333334], [16.923010666666666, 78.66057216666667], [16.923010666666666, 78.66056966666666], [16.923010666666666, 78.660567], [16.9230105, 78.66056433333333], [16.92301033333333, 78.66056166666667], [16.923010166666664, 78.66055899999999], [16.923009999999998, 78.66055633333333], [16.923009666666665, 78.6605535], [16.923008666666664, 78.66055083333335], [16.923007166666665, 78.6605485], [16.923005333333332, 78.66054616666666], [16.923003166666668, 78.66054366666667], [16.922999833333332, 78.66054166666666], [16.922996166666668, 78.6605395], [16.922992166666667, 78.66053749999999], [16.922987666666664, 78.66053516666666], [16.922982833333332, 78.66053316666667], [16.922977500000002, 78.660531], [16.922972333333334, 78.66052866666668], [16.922967000000003, 78.6605265], [16.922961333333333, 78.66052416666666], [16.922955833333333, 78.66052183333333], [16.92295, 78.66051966666667], [16.92294383333333, 78.66051733333333], [16.922937333333333, 78.66051516666667], [16.922930166666667, 78.66051300000001], [16.922922500000002, 78.660511], [16.922914666666667, 78.660509], [16.922906333333334, 78.66050700000001], [16.922898, 78.660505], [16.922889333333334, 78.66050316666666], [16.922880833333334, 78.66050133333333], [16.922871999999998, 78.6604995], [16.922862666666667, 78.6604975], [16.922853166666666, 78.66049583333333], [16.922843, 78.66049416666667], [16.922832666666668, 78.66049249999999], [16.922822333333333, 78.66049100000001], [16.922812166666667, 78.6604895], [16.92280183333333, 78.66048816666667], [16.922791, 78.66048683333334], [16.922780166666666, 78.66048550000001], [16.922769333333335, 78.66048416666666], [16.922757833333332, 78.66048300000001], [16.922746, 78.66048183333334], [16.922734166666665, 78.66048066666667], [16.922722333333336, 78.66047966666666], [16.9227105, 78.6604785], [16.922698333333337, 78.6604775], [16.922686166666665, 78.66047666666667], [16.922673999999997, 78.66047583333334], [16.922661666666666, 78.66047499999999], [16.922649333333332, 78.66047433333333], [16.922636333333333, 78.66047350000001], [16.9226235, 78.660473], [16.922611, 78.66047233333333], [16.922598666666666, 78.66047166666667], [16.9225865, 78.66047133333333], [16.922574, 78.660471], [16.922561499999997, 78.66047066666667], [16.922549166666666, 78.6604705], [16.922536833333332, 78.66047016666667], [16.922524333333335, 78.66047], [16.922511999999998, 78.66046983333334], [16.9224995, 78.66046966666666], [16.922487, 78.6604695], [16.9224745, 78.6604695], [16.922461833333333, 78.66046933333334], [16.922448999999997, 78.66046933333334], [16.922436, 78.66046916666666], [16.922422833333332, 78.66046899999999], [16.922409833333333, 78.66046899999999], [16.922396833333334, 78.66046883333334], [16.922383833333335, 78.66046866666667], [16.922371, 78.66046866666667], [16.922358, 78.66046883333334], [16.922345333333332, 78.66046883333334], [16.9223325, 78.66046899999999], [16.922319833333333, 78.66046899999999], [16.922307, 78.66046916666666], [16.92229366666667, 78.66046933333334], [16.922279833333334, 78.6604695], [16.922265499999998, 78.66046966666666], [16.922250833333333, 78.66046966666666], [16.922236666666667, 78.66046983333334], [16.922222166666664, 78.66047016666667], [16.922208, 78.66047033333332], [16.922193666666665, 78.6604705], [16.922179000000003, 78.6604705], [16.922164666666667, 78.66047083333333], [16.92215, 78.660471], [16.922135500000003, 78.66047116666667], [16.922120833333334, 78.66047133333333], [16.922106333333332, 78.66047166666667], [16.922091666666667, 78.66047183333333], [16.922077, 78.66047216666666], [16.922062333333333, 78.66047233333333], [16.922047833333334, 78.66047266666666], [16.922033166666665, 78.66047283333334], [16.9220185, 78.66047316666666], [16.922004, 78.66047350000001], [16.9219895, 78.66047366666666], [16.921974833333334, 78.66047400000001], [16.92196016666667, 78.66047433333333], [16.921945666666666, 78.66047449999999], [16.921930999999997, 78.66047483333334], [16.921916500000002, 78.66047516666666], [16.921901666666667, 78.66047533333334], [16.921887, 78.66047566666666], [16.921872166666667, 78.660476], [16.92185733333333, 78.66047633333332], [16.9218425, 78.6604765], [16.921827666666665, 78.66047683333333], [16.921812666666664, 78.660477], [16.921797833333336, 78.66047733333333], [16.921782833333335, 78.66047766666667], [16.921767833333334, 78.66047783333333], [16.921753333333335, 78.66047816666666], [16.921738833333333, 78.66047833333333], [16.921724333333334, 78.6604785], [16.921709833333335, 78.66047883333334], [16.921695, 78.660479], [16.921680499999997, 78.66047916666666], [16.921665833333336, 78.66047950000001], [16.921651, 78.66047966666666], [16.921636333333332, 78.66047966666666], [16.9216215, 78.66047983333333], [16.921606666666666, 78.66048], [16.921591499999998, 78.66048016666667], [16.921576666666667, 78.66048033333333], [16.92156183333333, 78.66048033333333], [16.921547333333333, 78.66048033333333], [16.921532666666668, 78.66048049999999], [16.92151833333333, 78.66048049999999], [16.921503499999996, 78.66048066666667], [16.921489166666667, 78.66048066666667], [16.92147483333333, 78.66048066666667], [16.921460500000002, 78.66048083333334], [16.921446, 78.66048066666667], [16.921431666666667, 78.66048083333334], [16.921416833333335, 78.66048083333334], [16.921402, 78.66048083333334], [16.921387, 78.66048099999999], [16.921372333333334, 78.66048083333334], [16.92135783333333, 78.66048083333334], [16.921343166666666, 78.66048083333334], [16.9213285, 78.66048083333334], [16.921313666666666, 78.66048083333334], [16.921298999999998, 78.66048066666667], [16.921284500000002, 78.66048066666667], [16.92127, 78.66048049999999], [16.921255666666664, 78.66048033333333], [16.921241166666668, 78.66048033333333], [16.9212265, 78.66048016666667], [16.921211666666668, 78.66048016666667], [16.921197, 78.66048], [16.921182333333334, 78.66047983333333], [16.921167500000003, 78.66047966666666], [16.921152666666668, 78.66047966666666], [16.921137833333333, 78.66047950000001], [16.921123, 78.66047933333333], [16.921108333333333, 78.66047916666666], [16.921093666666664, 78.660479], [16.92107916666667, 78.66047883333334], [16.921064833333332, 78.6604785], [16.921050333333334, 78.66047833333333], [16.92103566666667, 78.66047816666666], [16.921021, 78.66047783333333], [16.92100633333333, 78.66047766666667], [16.920991666666666, 78.66047733333333], [16.920977166666667, 78.660477], [16.920962499999998, 78.66047666666667], [16.920947833333333, 78.6604765], [16.920933166666668, 78.66047616666667], [16.920918500000003, 78.66047583333334], [16.920903833333334, 78.66047566666666], [16.92088933333333, 78.66047533333334], [16.920874833333336, 78.66047499999999], [16.920860166666667, 78.66047466666667], [16.920845666666665, 78.66047449999999], [16.92083116666667, 78.66047416666667], [16.920816833333333, 78.66047400000001], [16.920802166666665, 78.66047366666666], [16.920787833333335, 78.66047333333333], [16.920773666666665, 78.660473], [16.920759166666667, 78.66047266666666], [16.920744666666668, 78.6604725], [16.920730166666665, 78.660472], [16.920715833333336, 78.66047183333333], [16.9207015, 78.6604715], [16.920687, 78.660471], [16.920672500000002, 78.66047066666667], [16.920657833333333, 78.66047033333332], [16.9206435, 78.66047], [16.920629, 78.66046966666666], [16.920614666666665, 78.66046933333334], [16.9206005, 78.66046899999999], [16.920586333333333, 78.66046866666667], [16.920572, 78.66046833333333], [16.920557666666664, 78.66046800000001], [16.9205435, 78.66046750000001], [16.9205295, 78.66046716666666], [16.9205155, 78.66046683333334], [16.920501333333334, 78.6604665], [16.92048733333333, 78.66046616666667], [16.920473333333334, 78.66046583333333], [16.920459333333334, 78.6604655], [16.92044533333333, 78.660465], [16.920431333333333, 78.66046466666667], [16.920417333333333, 78.66046433333332], [16.920403166666667, 78.660464], [16.920389, 78.66046366666666], [16.920375166666666, 78.66046333333334], [16.920361333333336, 78.660463], [16.920347333333332, 78.6604625], [16.920333333333335, 78.66046216666668], [16.920319166666665, 78.66046183333333], [16.920305, 78.66046150000001], [16.920290666666666, 78.660461], [16.9202765, 78.66046066666667], [16.920262166666664, 78.66046033333333], [16.920248, 78.66045983333333], [16.9202335, 78.66045949999999], [16.920219166666666, 78.66045916666667], [16.920205, 78.66045883333332], [16.920190833333333, 78.66045833333332], [16.9201765, 78.660458], [16.920162333333334, 78.66045766666666], [16.92014783333333, 78.66045733333334], [16.920133500000002, 78.660457], [16.920119166666666, 78.66045666666668], [16.920104833333333, 78.6604565], [16.920090666666667, 78.66045616666666], [16.920076666666667, 78.66045566666666], [16.920062499999997, 78.6604555], [16.920048333333334, 78.66045516666667], [16.920034166666667, 78.66045483333333], [16.920020333333333, 78.6604545], [16.920006166666667, 78.66045416666665], [16.91999183333333, 78.66045383333334], [16.9199775, 78.66045366666667], [16.91996333333333, 78.66045333333334], [16.919949166666665, 78.660453], [16.919935, 78.66045266666667], [16.919920666666666, 78.66045233333332], [16.919906500000003, 78.660452], [16.919892166666667, 78.66045166666666], [16.919878, 78.66045133333334], [16.919863833333334, 78.66045116666666], [16.919849666666668, 78.66045083333333], [16.91983583333333, 78.66045033333333], [16.9198215, 78.66045000000001], [16.91980733333333, 78.66044966666666], [16.91979316666667, 78.66044933333333], [16.919779000000002, 78.66044916666667], [16.919764833333332, 78.66044866666667], [16.91975066666667, 78.66044833333333], [16.9197365, 78.66044816666665], [16.919722333333333, 78.66044783333334], [16.919708, 78.66044749999999], [16.919693833333334, 78.66044716666667], [16.91967983333333, 78.66044683333332], [16.919665666666667, 78.6604465], [16.9196515, 78.66044616666666], [16.919637166666668, 78.66044600000001], [16.919623, 78.66044566666666], [16.919608999999998, 78.66044516666666], [16.919594833333335, 78.66044483333333], [16.91958, 78.66044466666668], [16.919563999999998, 78.66044433333333], [16.919547, 78.66044400000001], [16.919529333333333, 78.66044383333333], [16.9195115, 78.66044333333333], [16.91949333333333, 78.660443], [16.919475, 78.66044266666667], [16.91945666666667, 78.6604425], [16.919438833333334, 78.66044216666666], [16.919421166666666, 78.66044183333334], [16.919403166666665, 78.66044149999999], [16.91938533333333, 78.66044116666667], [16.919367333333334, 78.66044083333333], [16.919349333333333, 78.6604405], [16.919331166666666, 78.66044016666666], [16.919313, 78.66043983333334], [16.919294833333332, 78.66043966666666], [16.919276500000002, 78.66043933333334], [16.91925816666667, 78.660439], [16.919239833333332, 78.66043866666668], [16.919221666666665, 78.66043833333333], [16.919203333333332, 78.66043800000001], [16.919185333333335, 78.66043783333333], [16.919167, 78.6604375], [16.91914866666667, 78.66043733333332], [16.9191305, 78.660437], [16.91911233333333, 78.66043683333334], [16.919093999999998, 78.66043666666666], [16.919076, 78.66043633333334], [16.919057833333333, 78.66043616666666], [16.9190395, 78.66043583333334], [16.919021166666667, 78.66043566666667], [16.91900283333333, 78.66043549999999], [16.918984666666667, 78.66043533333333], [16.918966666666666, 78.660435], [16.918948166666667, 78.66043483333333], [16.918929666666667, 78.66043466666666], [16.918911166666664, 78.66043450000001], [16.918892833333334, 78.66043450000001], [16.9188745, 78.66043433333333], [16.918856166666668, 78.66043416666666], [16.918837666666665, 78.660434], [16.91881933333333, 78.66043383333334], [16.918800833333332, 78.66043383333334], [16.91878266666667, 78.66043366666666], [16.918764333333336, 78.6604335], [16.918746, 78.66043333333333], [16.918727666666665, 78.66043316666666], [16.918709333333332, 78.66043316666666], [16.91869116666667, 78.660433], [16.918672833333336, 78.66043283333333], [16.918654333333333, 78.66043283333333], [16.918635666666667, 78.66043283333333], [16.918617333333334, 78.66043266666667], [16.918598999999997, 78.66043266666667], [16.9185805, 78.6604325], [16.918562166666668, 78.66043233333333], [16.918543666666668, 78.66043233333333], [16.91852533333333, 78.66043216666667], [16.918506999999998, 78.66043216666667], [16.918488833333335, 78.66043216666667], [16.918470666666668, 78.660432], [16.918452666666667, 78.660432], [16.918434166666668, 78.66043183333333], [16.91841583333333, 78.66043183333333], [16.9183975, 78.66043183333333], [16.9183795, 78.66043183333333], [16.918361333333333, 78.66043183333333], [16.918343, 78.66043166666667], [16.9183245, 78.66043183333333], [16.918306166666664, 78.66043183333333], [16.918287833333334, 78.66043183333333], [16.9182695, 78.66043183333333], [16.918251, 78.66043183333333], [16.918232333333332, 78.66043183333333], [16.918213833333333, 78.66043183333333], [16.918195500000003, 78.66043183333333], [16.918177166666666, 78.66043183333333], [16.9181585, 78.66043183333333], [16.918140333333334, 78.66043183333333], [16.918122166666667, 78.660432], [16.918104000000003, 78.660432], [16.918085833333336, 78.66043216666667], [16.918067666666666, 78.66043216666667], [16.918049333333332, 78.66043216666667], [16.918031, 78.66043233333333], [16.918012833333332, 78.66043233333333], [16.91799466666667, 78.6604325], [16.917976666666668, 78.6604325], [16.917958666666667, 78.6604325], [16.9179405, 78.66043266666667], [16.9179225, 78.66043266666667], [16.917904500000002, 78.66043266666667], [16.917886666666668, 78.66043266666667], [16.9178685, 78.66043266666667], [16.9178505, 78.66043266666667], [16.9178325, 78.66043266666667], [16.917814500000002, 78.66043266666667], [16.917796666666668, 78.66043266666667], [16.917778666666667, 78.66043266666667], [16.917761, 78.66043266666667], [16.917742999999998, 78.6604325], [16.917725166666667, 78.6604325], [16.917707333333333, 78.6604325], [16.917689499999998, 78.6604325], [16.917671499999997, 78.66043233333333], [16.917653833333336, 78.66043233333333], [16.917635833333335, 78.66043216666667], [16.917618, 78.66043216666667], [16.917600166666666, 78.660432], [16.917582166666666, 78.66043183333333], [16.917564333333335, 78.66043166666667], [16.9175465, 78.6604315], [16.9175285, 78.66043133333332], [16.917510666666665, 78.66043116666667], [16.917492499999998, 78.660431], [16.917474833333333, 78.66043083333334], [16.917457000000002, 78.66043066666666], [16.917439, 78.66043033333334], [16.917421166666667, 78.66043016666666], [16.917403166666666, 78.66042983333334], [16.91738516666667, 78.66042966666667], [16.9173675, 78.66042949999999], [16.9173495, 78.66042916666667], [16.9173315, 78.66042883333333], [16.91731383333333, 78.66042850000001], [16.917296, 78.66042816666666], [16.917278166666666, 78.660428], [16.917260166666665, 78.66042766666666], [16.917242666666667, 78.66042716666666], [16.917224666666666, 78.66042683333333], [16.91720666666667, 78.6604265], [16.917188833333334, 78.66042616666667], [16.917170833333333, 78.66042583333333], [16.917153, 78.6604255], [16.917135, 78.66042516666667], [16.91711666666667, 78.66042483333334], [16.917098833333334, 78.66042466666666], [16.917080666666667, 78.66042433333334], [16.917062833333333, 78.66042399999999], [16.917044833333332, 78.66042366666667], [16.91702666666667, 78.66042333333333], [16.917008833333334, 78.66042300000001], [16.916990833333333, 78.66042266666666], [16.916972833333332, 78.66042216666666], [16.916954999999998, 78.66042183333334], [16.916936833333335, 78.6604215], [16.916918666666668, 78.66042116666667], [16.916900833333333, 78.66042083333333], [16.916883, 78.66042033333333], [16.916864999999998, 78.66042], [16.916846833333334, 78.66041966666667], [16.9168285, 78.66041933333332], [16.916810666666667, 78.660419], [16.9167925, 78.66041866666666], [16.9167745, 78.66041816666666], [16.916756333333336, 78.66041783333334], [16.91673816666667, 78.6604175], [16.916720166666668, 78.66041700000001], [16.916702166666667, 78.66041666666666], [16.916684166666666, 78.66041633333333], [16.916666000000003, 78.660416], [16.91664816666667, 78.6604155], [16.91663, 78.66041516666668], [16.916612166666667, 78.66041483333333], [16.916594166666666, 78.66041433333334], [16.91657616666667, 78.660414], [16.91655816666667, 78.66041366666667], [16.916540166666667, 78.66041316666666], [16.916522166666667, 78.66041283333334], [16.916504166666666, 78.66041249999999], [16.91648616666667, 78.660412], [16.916468166666668, 78.66041166666668], [16.916450166666667, 78.66041133333333], [16.916432166666667, 78.66041083333333], [16.916414, 78.6604105], [16.916395833333336, 78.66041016666667], [16.916377833333335, 78.66040983333333], [16.916359833333335, 78.6604095], [16.916341833333334, 78.660409], [16.916323666666663, 78.66040866666667], [16.9163055, 78.66040833333334], [16.9162875, 78.66040783333332], [16.9162695, 78.6604075], [16.916251499999998, 78.66040716666666], [16.916233499999997, 78.66040683333334], [16.9162155, 78.66040633333334], [16.916197333333333, 78.660406], [16.9161795, 78.66040583333333], [16.916161499999998, 78.66040533333333], [16.916143666666667, 78.66040483333333], [16.91612566666667, 78.6604045], [16.91610766666667, 78.66040416666667], [16.916089666666668, 78.66040383333333], [16.916071499999997, 78.6604035], [16.91605333333333, 78.660403], [16.916035, 78.66040266666667], [16.916016666666668, 78.66040233333334], [16.915998666666667, 78.660402], [16.915980833333332, 78.6604015], [16.915962666666665, 78.66040116666666], [16.915944500000002, 78.66040066666666], [16.9159265, 78.66040033333334], [16.915908333333334, 78.6604], [16.915890333333333, 78.66039966666668], [16.915872166666666, 78.66039916666666], [16.915854000000003, 78.66039883333333], [16.915835833333333, 78.6603985], [16.915818, 78.66039816666667], [16.9158, 78.66039783333333], [16.915782, 78.6603975], [16.915763833333333, 78.66039716666667], [16.915745833333336, 78.66039683333334], [16.915727833333335, 78.66039649999999], [16.915709666666665, 78.66039616666667], [16.91569133333333, 78.66039583333333], [16.915673, 78.66039566666667], [16.91565466666667, 78.66039533333333], [16.9156365, 78.66039500000001], [16.915618166666665, 78.66039466666666], [16.915599999999998, 78.66039433333334], [16.91558183333333, 78.660394], [16.915563833333334, 78.66039366666668], [16.915545666666667, 78.66039333333333], [16.9155275, 78.66039300000001], [16.915509166666666, 78.66039266666667], [16.915491166666666, 78.6603925], [16.915473333333335, 78.66039216666667], [16.915455333333334, 78.66039183333334], [16.915437333333333, 78.6603915], [16.915419166666666, 78.66039116666667], [16.915401, 78.66039083333334], [16.91538316666667, 78.66039049999999], [16.915365, 78.66039016666667], [16.915346666666668, 78.66038966666666], [16.915328499999998, 78.66038933333333], [16.915310499999997, 78.660389], [16.9152925, 78.66038866666666], [16.9152745, 78.66038833333333], [16.915256666666668, 78.660388], [16.915238666666667, 78.66038766666667], [16.915221, 78.66038733333333], [16.915203166666668, 78.66038683333333], [16.915185166666667, 78.6603865], [16.915167166666667, 78.66038616666667], [16.915149, 78.66038583333334], [16.915131, 78.6603855], [16.915113, 78.66038516666667], [16.915094833333335, 78.66038483333334], [16.915076833333334, 78.66038449999999], [16.915058833333333, 78.66038416666667], [16.915040833333332, 78.66038383333333], [16.91502266666667, 78.66038350000001], [16.915004500000002, 78.66038316666666], [16.91498633333333, 78.66038283333334], [16.914968166666664, 78.6603825], [16.914950166666664, 78.66038216666668], [16.914932166666667, 78.66038183333333], [16.914914, 78.6603815], [16.914896, 78.66038116666667], [16.914877833333332, 78.66038083333333], [16.9148595, 78.66038066666667], [16.9148415, 78.66038016666667], [16.914823333333334, 78.66037983333334], [16.9148055, 78.6603795], [16.914787166666667, 78.66037916666667], [16.914769166666666, 78.66037883333334], [16.914751000000003, 78.6603785], [16.914732833333336, 78.66037816666667], [16.914714833333335, 78.66037783333333], [16.914696666666668, 78.66037766666666], [16.914678666666667, 78.66037733333333], [16.914660833333336, 78.66037716666666], [16.914642833333335, 78.66037683333334], [16.914625, 78.6603765], [16.914607166666666, 78.66037616666668], [16.914589499999998, 78.66037583333333], [16.914571666666667, 78.6603755], [16.914553666666666, 78.66037516666667], [16.914535666666666, 78.66037483333334], [16.914517666666665, 78.6603745], [16.914499666666664, 78.66037416666667], [16.914481666666667, 78.66037383333334], [16.914463333333334, 78.6603735], [16.914445166666667, 78.66037316666667], [16.914427, 78.66037283333334], [16.914409166666665, 78.6603725], [16.914391000000002, 78.66037200000001], [16.914373, 78.66037166666666], [16.914355, 78.66037133333333], [16.914337, 78.660371], [16.914319166666665, 78.66037066666667], [16.9143015, 78.66037033333333], [16.9142835, 78.66037016666668], [16.914265666666665, 78.66036983333333], [16.914248, 78.66036949999999], [16.914230166666666, 78.66036916666667], [16.9142125, 78.66036866666667], [16.914195, 78.66036833333332], [16.914177, 78.66036816666666], [16.914159166666664, 78.66036783333334], [16.914141166666663, 78.66036749999999], [16.914123166666666, 78.66036733333334], [16.914105166666666, 78.660367], [16.9140875, 78.66036683333333], [16.914069666666666, 78.6603665], [16.91405166666667, 78.66036633333333], [16.914033833333335, 78.66036600000001], [16.914015833333334, 78.66036566666666], [16.913998, 78.6603655], [16.913980166666665, 78.66036516666667], [16.913962333333334, 78.66036483333333], [16.9139445, 78.66036466666667], [16.913926833333335, 78.66036433333333], [16.913909, 78.660364], [16.913891166666666, 78.66036383333334], [16.913873666666667, 78.66036349999999], [16.913855666666667, 78.66036333333334], [16.913838, 78.660363], [16.913820333333334, 78.66036283333332], [16.913802666666665, 78.6603625], [16.913784833333334, 78.66036216666666], [16.913767, 78.66036183333334], [16.913749166666666, 78.6603615], [16.913731166666665, 78.66036116666668], [16.91371333333333, 78.66036083333333], [16.9136955, 78.6603605], [16.9136775, 78.66036016666666], [16.91365933333333, 78.66035983333333], [16.913641166666665, 78.6603595], [16.91362283333333, 78.66035916666667], [16.9136045, 78.66035866666667], [16.91358616666667, 78.66035816666667], [16.91356783333333, 78.66035783333334], [16.9135495, 78.66035749999999], [16.91353133333333, 78.660357], [16.913513166666668, 78.6603565], [16.913494833333335, 78.66035616666666], [16.913476666666668, 78.66035583333334], [16.9134585, 78.6603555], [16.91344033333333, 78.660355], [16.913422333333333, 78.6603545], [16.913404333333336, 78.66035416666666], [16.913386333333335, 78.66035383333333], [16.9133685, 78.6603535], [16.913350333333334, 78.660353], [16.913332, 78.66035266666667], [16.913314, 78.66035216666667], [16.9132965, 78.66035166666667], [16.913279166666666, 78.66035116666667], [16.913262, 78.66035066666667], [16.913244833333334, 78.66035000000001], [16.913228, 78.6603495], [16.913211333333333, 78.66034883333333], [16.913194833333332, 78.66034816666667], [16.913178000000002, 78.6603475], [16.913161, 78.66034683333334], [16.913144666666668, 78.66034599999999], [16.913128833333335, 78.66034533333332], [16.913112666666667, 78.66034433333333], [16.913096499999998, 78.6603435], [16.913080166666667, 78.6603425], [16.9130645, 78.66034166666667], [16.913049166666667, 78.6603405], [16.913034166666666, 78.66033933333333], [16.913019000000002, 78.66033816666666], [16.913004166666667, 78.660337], [16.912989333333332, 78.66033566666667], [16.91297516666667, 78.66033433333334], [16.912961, 78.66033283333333], [16.912947, 78.66033116666668], [16.912933333333335, 78.66032966666667], [16.912919666666667, 78.66032799999999], [16.912906666666668, 78.66032633333333], [16.912893999999998, 78.66032466666667], [16.912881666666667, 78.66032283333334], [16.912869333333333, 78.66032083333333], [16.91285733333333, 78.660319], [16.912845333333333, 78.66031683333334], [16.91283333333333, 78.66031483333333], [16.912821833333332, 78.66031266666667], [16.91281083333333, 78.6603105], [16.9128, 78.66030833333333], [16.912789333333333, 78.660306], [16.912779333333333, 78.66030383333333], [16.912769500000003, 78.6603015], [16.9127605, 78.66029916666666], [16.91275166666667, 78.66029683333333], [16.912742833333333, 78.66029433333333], [16.912734, 78.66029183333333], [16.912725333333334, 78.66028916666667], [16.912716666666665, 78.6602865], [16.91270816666667, 78.66028383333334], [16.912699999999997, 78.660281], [16.912692166666666, 78.66027816666666], [16.9126845, 78.66027533333333], [16.912677, 78.6602725], [16.912669833333332, 78.6602695], [16.912663000000002, 78.6602665], [16.912656333333334, 78.66026366666667], [16.912650166666666, 78.66026066666667], [16.912643833333334, 78.66025766666667], [16.912637833333335, 78.66025466666666], [16.912632, 78.66025166666667], [16.912626333333332, 78.66024866666666], [16.912621166666668, 78.66024566666667], [16.912616166666666, 78.66024250000001], [16.9126115, 78.6602395], [16.912606999999998, 78.66023650000001], [16.912602666666665, 78.66023333333332], [16.9125985, 78.66023033333333], [16.912594666666667, 78.66022716666666], [16.91259116666667, 78.66022416666667], [16.912587833333337, 78.66022116666666], [16.912584833333334, 78.660218], [16.912582, 78.66021500000001], [16.9125795, 78.66021183333334], [16.912577166666665, 78.66020883333334], [16.912575, 78.66020566666666], [16.912573000000002, 78.6602025], [16.912571333333336, 78.66019933333334], [16.912569833333336, 78.66019616666668], [16.912568500000003, 78.66019299999999], [16.912567333333335, 78.66019], [16.912566333333334, 78.66018683333333], [16.912565833333336, 78.66018366666667], [16.91256566666667, 78.66018066666668], [16.912565833333336, 78.66017749999999], [16.912566, 78.6601745], [16.912566333333334, 78.66017133333334], [16.912567000000003, 78.66016833333333], [16.912567833333334, 78.66016516666667], [16.912568500000003, 78.66016216666667], [16.912569666666666, 78.66015900000001], [16.912570833333334, 78.66015583333333], [16.912572333333333, 78.66015283333333], [16.912573666666667, 78.66014966666667], [16.912575, 78.66014666666666], [16.9125765, 78.6601435], [16.912578166666666, 78.66014033333333], [16.912579833333332, 78.66013716666666], [16.912581499999998, 78.660134], [16.912583333333334, 78.66013083333334], [16.9125855, 78.66012766666667], [16.912587833333337, 78.6601245], [16.912590166666668, 78.66012116666667], [16.91259266666667, 78.660118], [16.912595, 78.66011483333334], [16.912597666666667, 78.6601115], [16.9126005, 78.66010833333333], [16.912603333333333, 78.66010516666667], [16.912606166666666, 78.66010183333333], [16.912609, 78.66009866666667], [16.912612000000003, 78.66009533333333], [16.912615333333335, 78.66009216666666], [16.912618833333333, 78.660089], [16.912622166666665, 78.66008583333334], [16.912625833333333, 78.66008266666667], [16.91262933333333, 78.6600795], [16.912633000000003, 78.66007633333334], [16.912637166666666, 78.66007316666668], [16.912641333333333, 78.66006999999999], [16.912645166666668, 78.66006683333333], [16.912649166666665, 78.66006366666667], [16.91265333333333, 78.66006033333333], [16.9126575, 78.66005716666668], [16.912661833333335, 78.660054], [16.912666, 78.66005066666666], [16.91267033333333, 78.6600475], [16.912674666666664, 78.66004433333333], [16.912679166666667, 78.660041], [16.9126835, 78.66003783333333], [16.912688, 78.66003466666666], [16.9126925, 78.6600315], [16.91269733333333, 78.66002816666668], [16.91270216666667, 78.66002499999999], [16.912706833333335, 78.66002166666667], [16.912711666666667, 78.66001849999999], [16.9127165, 78.66001533333333], [16.912721166666664, 78.66001216666668], [16.91272616666667, 78.660009], [16.912731166666667, 78.66000566666666], [16.912736166666665, 78.6600025], [16.912741333333333, 78.65999933333333], [16.9127465, 78.65999616666666], [16.912751833333335, 78.65999283333333], [16.912757166666665, 78.65998966666666], [16.912762333333333, 78.6599865], [16.91276783333333, 78.65998316666668], [16.912773166666668, 78.65997999999999], [16.912778666666668, 78.65997683333333], [16.912784, 78.65997349999999], [16.912789333333333, 78.65997033333333], [16.912794666666667, 78.65996716666668], [16.9128, 78.65996383333332], [16.9128055, 78.65996066666666], [16.912810999999998, 78.6599575], [16.9128165, 78.65995433333333], [16.912821833333332, 78.659951], [16.912827, 78.659948], [16.91283233333333, 78.65994466666666], [16.912837666666668, 78.6599415], [16.912842833333332, 78.65993833333333], [16.912848166666667, 78.65993499999999], [16.912853, 78.65993183333333], [16.91285816666667, 78.65992849999999], [16.912863333333334, 78.65992516666667], [16.912868333333332, 78.65992183333333], [16.9128735, 78.6599185], [16.912878499999998, 78.65991533333333], [16.912883166666667, 78.659912], [16.91288816666667, 78.65990866666667], [16.912892833333334, 78.65990533333334], [16.9128975, 78.659902], [16.912902, 78.65989883333333], [16.912906833333334, 78.65989549999999], [16.912911166666667, 78.65989233333333], [16.912915833333333, 78.65988916666667], [16.912920666666665, 78.659886], [16.912925499999997, 78.65988300000001], [16.91293016666667, 78.65987983333333], [16.912935166666667, 78.65987683333333], [16.912940166666665, 78.65987383333332], [16.912945333333333, 78.65987083333333], [16.912950833333333, 78.659868], [16.912956333333334, 78.65986500000001], [16.912962166666667, 78.659862], [16.912968166666666, 78.65985916666666], [16.912974166666668, 78.65985633333334], [16.912980666666666, 78.6598535], [16.912987166666667, 78.65985066666667], [16.912994, 78.659848], [16.913001, 78.65984516666667], [16.913008333333334, 78.6598425], [16.91301566666667, 78.65983983333334], [16.9130235, 78.65983733333334], [16.9130315, 78.65983466666667], [16.91303966666667, 78.65983216666667], [16.913048333333332, 78.65982966666667], [16.913057166666665, 78.65982733333334], [16.913066166666667, 78.65982483333333], [16.91307533333333, 78.6598225], [16.913084833333336, 78.65982016666666], [16.913095, 78.659818], [16.913104833333332, 78.65981583333334], [16.913115166666667, 78.6598135], [16.913125833333332, 78.65981149999999], [16.913137, 78.6598095], [16.913148333333332, 78.65980766666667], [16.913159833333335, 78.65980566666667], [16.913171833333333, 78.65980383333334], [16.9131845, 78.65980183333333], [16.913197333333336, 78.65979983333334], [16.913210666666664, 78.659798], [16.913224, 78.65979616666667], [16.913237833333334, 78.65979433333334], [16.913251333333335, 78.65979266666666], [16.91326516666667, 78.65979083333333], [16.913279, 78.65978916666667], [16.913293166666666, 78.65978733333333], [16.913307166666666, 78.65978566666666], [16.913321166666666, 78.65978416666667], [16.913335333333336, 78.65978249999999], [16.913349333333333, 78.65978100000001], [16.913363833333335, 78.65977966666667], [16.9133785, 78.65977849999999], [16.913393, 78.65977716666666], [16.913407666666668, 78.659776], [16.91342266666667, 78.65977500000001], [16.913437833333333, 78.65977383333333], [16.913453166666667, 78.659773], [16.913468666666667, 78.65977216666667], [16.913484166666667, 78.6597715], [16.913499833333333, 78.65977066666666], [16.91351566666667, 78.65977016666668], [16.913531499999998, 78.6597695], [16.913547333333334, 78.65976900000001], [16.913563166666666, 78.6597685], [16.91357916666667, 78.659768], [16.91359483333333, 78.65976766666667], [16.913610833333333, 78.65976733333333], [16.91362666666667, 78.65976716666667], [16.913642499999998, 78.659767], [16.913658666666667, 78.65976683333334], [16.9136745, 78.65976666666667], [16.91369033333333, 78.65976649999999], [16.9137065, 78.65976633333334], [16.913722333333332, 78.65976633333334], [16.9137385, 78.65976616666667], [16.913754333333333, 78.65976616666667], [16.91377, 78.65976616666667], [16.913786, 78.65976633333334], [16.913801999999997, 78.65976633333334], [16.913817666666667, 78.65976649999999], [16.913833833333335, 78.65976666666667], [16.91385066666667, 78.65976683333334], [16.913867166666666, 78.659767], [16.913883666666667, 78.65976716666667], [16.913900333333334, 78.65976733333333], [16.913916833333335, 78.65976766666667], [16.913933166666666, 78.65976783333333], [16.913949333333335, 78.65976816666667], [16.913965333333334, 78.6597685], [16.913981333333332, 78.65976900000001], [16.913997, 78.65976933333333], [16.914012833333334, 78.65976983333333], [16.91402833333333, 78.65977033333334], [16.9140445, 78.65977083333334], [16.9140605, 78.65977133333334], [16.914076833333336, 78.659772], [16.914092999999998, 78.65977249999999], [16.914109166666666, 78.65977316666667], [16.9141255, 78.65977383333333], [16.914142166666668, 78.65977433333335], [16.914158666666665, 78.65977500000001], [16.914174833333334, 78.65977566666668], [16.914191000000002, 78.65977633333334], [16.91420733333333, 78.65977716666666], [16.914223666666665, 78.65977783333332], [16.91424, 78.65977849999999], [16.914256166666668, 78.65977933333333], [16.914272333333333, 78.65978], [16.91428833333333, 78.65978083333333], [16.9143045, 78.65978166666667], [16.9143205, 78.65978249999999], [16.914336166666665, 78.65978333333334], [16.914351833333335, 78.65978433333333], [16.914367666666667, 78.65978516666668], [16.914383333333333, 78.65978616666666], [16.914399, 78.65978716666667], [16.91441466666667, 78.65978816666667], [16.914430499999998, 78.65978916666667], [16.914446666666667, 78.65979033333333], [16.91446266666667, 78.65979133333333], [16.914478499999998, 78.65979233333334], [16.9144945, 78.65979333333333], [16.914510333333332, 78.6597945], [16.91452616666667, 78.6597955], [16.914542166666667, 78.65979666666667], [16.914558166666666, 78.65979766666666], [16.914574, 78.65979866666666], [16.914589999999997, 78.65979983333334], [16.914606, 78.659801], [16.914622, 78.659802], [16.914637833333334, 78.65980316666668], [16.914654, 78.65980433333334], [16.914669833333335, 78.65980549999999], [16.914685833333333, 78.6598065], [16.914701666666666, 78.6598075], [16.9147175, 78.65980866666668], [16.914733333333334, 78.65980983333334], [16.914749166666663, 78.65981083333332], [16.914764833333333, 78.659812], [16.9147805, 78.65981316666667], [16.91479616666667, 78.65981416666666], [16.914812166666664, 78.65981533333334], [16.914827833333334, 78.6598165], [16.914843833333336, 78.65981749999999], [16.914859333333332, 78.65981866666667], [16.914875166666665, 78.65981966666666], [16.914891, 78.65982083333333], [16.914906666666663, 78.659822], [16.9149225, 78.659823], [16.914938333333335, 78.65982416666667], [16.914954166666668, 78.65982533333334], [16.91497, 78.6598265], [16.914986166666665, 78.65982766666666], [16.915002333333334, 78.65982866666667], [16.9150185, 78.65982983333333], [16.915034166666665, 78.659831], [16.91505, 78.65983216666667], [16.915065833333333, 78.65983333333334], [16.9150815, 78.6598345], [16.915097166666666, 78.65983566666667], [16.915112833333335, 78.65983683333334], [16.91512833333333, 78.65983783333333], [16.915144333333334, 78.65983899999999], [16.915159833333334, 78.65984016666667], [16.915175666666666, 78.6598415], [16.915191666666665, 78.6598425], [16.915207666666667, 78.65984383333333], [16.915223833333336, 78.65984483333334], [16.915239666666665, 78.65984616666667], [16.915255666666667, 78.65984733333333], [16.915271166666667, 78.6598485], [16.915287, 78.65984983333333], [16.915302666666665, 78.65985099999999], [16.91531816666667, 78.65985216666667], [16.915333666666665, 78.65985333333333], [16.915349166666665, 78.6598545], [16.91536466666667, 78.65985566666667], [16.915379833333336, 78.65985683333334], [16.915395333333333, 78.659858], [16.915410666666666, 78.65985900000001], [16.91542616666667, 78.65986016666668], [16.915441666666666, 78.65986133333334], [16.915457333333332, 78.65986233333334], [16.9154725, 78.6598635], [16.915488166666666, 78.6598645], [16.9155035, 78.6598655], [16.915519, 78.65986666666666], [16.9155345, 78.65986766666667], [16.91555, 78.65986866666667], [16.915565666666666, 78.65986966666667], [16.9155815, 78.65987066666666], [16.915597166666664, 78.65987166666667], [16.915612666666668, 78.65987266666666], [16.915628333333334, 78.6598735], [16.915643666666664, 78.65987449999999], [16.915659166666668, 78.65987533333333], [16.915674333333335, 78.65987616666666], [16.9156895, 78.65987700000001], [16.915704666666667, 78.65987783333334], [16.915719833333334, 78.65987866666666], [16.915735333333334, 78.65987933333334], [16.915750833333334, 78.65988016666667], [16.915766833333333, 78.65988083333333], [16.9157825, 78.6598815], [16.915798166666665, 78.65988216666666], [16.915814, 78.65988283333333], [16.91582983333333, 78.65988349999999], [16.9158455, 78.65988416666667], [16.915861166666666, 78.65988483333334], [16.915877000000002, 78.65988533333334], [16.915892666666664, 78.659886], [16.9159085, 78.65988666666667], [16.915924333333333, 78.65988716666668], [16.915940166666665, 78.65988766666666], [16.915956333333334, 78.65988816666666], [16.915972500000002, 78.65988883333333], [16.915988666666667, 78.65988916666667], [16.916005, 78.65988966666667], [16.9160215, 78.65989016666667], [16.916037833333334, 78.6598905], [16.916054166666665, 78.65989083333334], [16.916070666666666, 78.65989133333333], [16.916087, 78.6598915], [16.916103500000002, 78.65989183333333], [16.916119833333333, 78.659892], [16.916136333333334, 78.65989233333333], [16.91615266666667, 78.6598925], [16.916169333333336, 78.65989266666666], [16.916186333333332, 78.65989283333333], [16.916203499999998, 78.65989283333333], [16.9162205, 78.659893], [16.916237666666667, 78.65989316666668], [16.916255, 78.65989316666668], [16.916272499999998, 78.65989316666668], [16.916289666666668, 78.65989316666668], [16.916306833333334, 78.65989333333333], [16.916324, 78.65989333333333], [16.916341, 78.65989333333333], [16.916358, 78.6598935], [16.916375000000002, 78.6598935], [16.916392166666665, 78.6598935], [16.916408666666666, 78.6598935], [16.916425666666665, 78.6598935], [16.916442333333336, 78.6598935], [16.916459166666666, 78.65989333333333], [16.916475666666667, 78.65989333333333], [16.9164925, 78.65989333333333], [16.916509166666668, 78.65989316666668], [16.916525666666665, 78.65989316666668], [16.916542166666666, 78.659893], [16.916558666666667, 78.65989283333333], [16.916575166666668, 78.65989283333333], [16.916591666666665, 78.65989266666666], [16.916608333333333, 78.6598925], [16.916625, 78.65989233333333], [16.9166415, 78.65989216666667], [16.91665833333333, 78.659892], [16.916675, 78.65989183333333], [16.91669166666667, 78.65989166666667], [16.91670816666667, 78.6598915], [16.916724666666667, 78.65989116666667], [16.916741333333334, 78.659891], [16.916758, 78.65989083333334], [16.916774333333333, 78.6598905], [16.916791166666666, 78.65989033333334], [16.916808, 78.65988999999999], [16.9168245, 78.65988966666667], [16.91684083333333, 78.65988949999999], [16.916857166666667, 78.65988916666667], [16.9168735, 78.65988883333333], [16.916889833333336, 78.65988850000001], [16.91690583333333, 78.65988816666666], [16.916921833333333, 78.65988783333334], [16.916938166666668, 78.65988733333333], [16.91695483333333, 78.659887], [16.916971, 78.6598865], [16.916987333333335, 78.65988616666667], [16.917003833333336, 78.65988583333333], [16.9170205, 78.65988533333334], [16.917037166666667, 78.659885], [16.917054, 78.65988466666666], [16.917070666666667, 78.65988416666667], [16.917087499999997, 78.65988383333334], [16.9171045, 78.65988349999999], [16.917121333333334, 78.65988300000001], [16.9171385, 78.65988266666666], [16.9171555, 78.65988216666666], [16.917172333333333, 78.65988183333334], [16.917189166666667, 78.6598815], [16.917205833333334, 78.659881], [16.917222666666664, 78.65988066666667], [16.9172395, 78.65988033333333], [16.917256333333334, 78.65987983333333], [16.917273166666668, 78.65987933333334], [16.917289999999998, 78.659879], [16.917307, 78.6598785], [16.917323833333334, 78.65987816666667], [16.917340333333335, 78.65987766666667], [16.917357, 78.65987733333333], [16.9173735, 78.65987683333333], [16.917389833333335, 78.65987650000001], [16.91740616666667, 78.659876], [16.917422666666667, 78.6598755], [16.917439166666668, 78.659875], [16.917455833333335, 78.65987466666667], [16.917472166666666, 78.65987416666667], [16.917488833333334, 78.65987366666667], [16.917505666666667, 78.65987316666666], [16.917522833333333, 78.65987266666666], [16.917539833333333, 78.65987216666667], [16.917556666666666, 78.65987166666667], [16.917573666666666, 78.65987133333333], [16.917591, 78.65987083333333], [16.91760833333333, 78.65987033333334], [16.9176255, 78.65986983333333], [16.917642666666666, 78.6598695], [16.91765966666667, 78.659869], [16.91767666666667, 78.65986866666667], [16.9176935, 78.65986816666667], [16.917710666666668, 78.65986783333332], [16.917727833333334, 78.65986733333334], [16.917744333333335, 78.659867], [16.917761, 78.65986649999999], [16.9177775, 78.65986616666667], [16.917794, 78.65986566666668], [16.917810666666664, 78.65986533333333], [16.917827166666665, 78.65986483333333], [16.917843833333333, 78.65986433333335], [16.917860333333334, 78.659864], [16.91787683333333, 78.6598635], [16.917893499999998, 78.659863], [16.917910333333335, 78.65986266666667], [16.917927333333335, 78.65986216666667], [16.917944166666665, 78.65986166666667], [16.917961166666664, 78.65986133333334], [16.917978166666668, 78.65986083333334], [16.917995166666667, 78.6598605], [16.918012333333333, 78.65986], [16.9180295, 78.65985966666668], [16.918046666666665, 78.65985933333333], [16.918064, 78.65985883333333], [16.91808083333333, 78.6598585], [16.918097833333334, 78.65985816666667], [16.9181145, 78.65985783333333], [16.9181315, 78.65985733333333], [16.91814833333333, 78.659857], [16.9181655, 78.65985649999999], [16.918181833333332, 78.65985616666667], [16.918198, 78.65985583333332], [16.91821483333333, 78.65985533333334], [16.9182315, 78.65985500000001], [16.918248000000002, 78.6598545], [16.91826466666667, 78.65985416666668], [16.918281666666665, 78.65985383333333], [16.918298333333333, 78.65985333333333], [16.918314833333334, 78.65985283333333], [16.918331833333333, 78.65985233333335], [16.918348833333333, 78.659852], [16.918365666666666, 78.6598515], [16.918382666666666, 78.65985099999999], [16.91839966666667, 78.65985066666667], [16.918416833333332, 78.65985016666667], [16.918434333333334, 78.65984983333333], [16.9184515, 78.65984933333334], [16.91846866666667, 78.659849], [16.91848583333333, 78.6598485], [16.91850283333333, 78.65984816666668], [16.91851966666667, 78.65984766666666], [16.918536500000002, 78.65984733333333], [16.918553499999998, 78.65984683333333], [16.918570499999998, 78.6598465], [16.918587333333335, 78.659846], [16.918604166666668, 78.65984566666666], [16.918620333333333, 78.65984516666667], [16.918636666666664, 78.65984483333334], [16.918653166666665, 78.65984433333333], [16.918669666666666, 78.659844], [16.918686166666664, 78.65984366666666], [16.918702833333334, 78.65984316666666], [16.9187195, 78.65984283333334], [16.9187365, 78.65984233333333], [16.918753499999998, 78.659842], [16.9187705, 78.6598415], [16.9187875, 78.65984116666667], [16.918804833333336, 78.65984083333333], [16.918822, 78.65984033333334], [16.918839166666665, 78.65984], [16.918856333333334, 78.6598395], [16.918873166666668, 78.65983916666667], [16.918890166666664, 78.65983883333334], [16.918907333333333, 78.65983849999999], [16.9189245, 78.65983816666667], [16.918941500000003, 78.65983783333333], [16.918958166666666, 78.65983750000001], [16.918975, 78.659837], [16.918992, 78.65983666666666], [16.919009000000003, 78.65983633333333], [16.919026, 78.659836], [16.919042666666666, 78.65983566666667], [16.919059333333333, 78.65983516666667], [16.919076333333333, 78.65983483333333], [16.919093166666666, 78.6598345], [16.91911, 78.659834], [16.919126666666667, 78.65983366666666], [16.9191435, 78.65983333333334], [16.919160166666664, 78.65983283333334], [16.919176999999998, 78.6598325], [16.9191935, 78.65983200000001], [16.919210500000002, 78.65983166666666], [16.919227333333332, 78.65983116666666], [16.919244, 78.65983083333334], [16.919261, 78.65983033333333], [16.919278000000002, 78.65983], [16.919295166666664, 78.65982966666667], [16.919312333333334, 78.65982916666667], [16.919329166666667, 78.65982883333332], [16.919346, 78.6598285], [16.9193625, 78.65982816666666], [16.919379666666668, 78.65982783333334], [16.919396666666668, 78.65982749999999], [16.9194135, 78.65982733333334], [16.91943033333333, 78.65982699999999], [16.919446666666666, 78.65982666666667], [16.919464666666666, 78.65982633333333], [16.9194815, 78.65982616666666], [16.919498333333333, 78.65982583333333], [16.919515166666667, 78.65982566666666], [16.919531833333334, 78.65982533333334], [16.919548833333334, 78.65982516666666], [16.919566, 78.659825], [16.919583499999998, 78.65982466666667], [16.919601, 78.6598245], [16.919617666666667, 78.65982433333333], [16.919634666666663, 78.65982416666667], [16.919651666666667, 78.65982416666667], [16.9196685, 78.659824], [16.919686000000002, 78.65982383333333], [16.919703000000002, 78.65982366666667], [16.919719999999998, 78.65982366666667], [16.919737, 78.65982349999999], [16.919753833333335, 78.65982349999999], [16.919771333333333, 78.65982349999999], [16.919788666666665, 78.65982333333334], [16.9198055, 78.65982333333334], [16.919822500000002, 78.65982333333334], [16.919839333333336, 78.65982316666667], [16.919857, 78.65982316666667], [16.91987483333333, 78.65982316666667], [16.919892333333333, 78.65982316666667], [16.919909833333335, 78.65982316666667], [16.919926999999998, 78.65982316666667], [16.91994383333333, 78.65982316666667], [16.919961, 78.65982316666667], [16.919978, 78.65982316666667], [16.919995333333336, 78.65982333333334], [16.920012, 78.65982333333334], [16.920028833333333, 78.65982333333334], [16.920045666666667, 78.65982349999999], [16.920062166666664, 78.65982349999999], [16.920079166666667, 78.65982366666667], [16.920096, 78.65982366666667], [16.920113, 78.65982383333333], [16.920129999999997, 78.65982383333333], [16.920147, 78.659824], [16.920164, 78.65982416666667], [16.920181333333336, 78.65982416666667], [16.920198666666668, 78.65982433333333], [16.920215833333334, 78.65982433333333], [16.920232666666667, 78.6598245], [16.920249833333333, 78.65982466666667], [16.9202675, 78.65982466666667], [16.920284833333334, 78.65982483333333], [16.920301833333333, 78.659825], [16.920318833333333, 78.65982516666666], [16.9203355, 78.65982533333334], [16.9203525, 78.6598255], [16.9203695, 78.65982566666666], [16.9203865, 78.65982583333333], [16.920403500000003, 78.65982600000001], [16.920420666666665, 78.65982616666666], [16.920437666666665, 78.65982633333333], [16.920454666666668, 78.65982666666667], [16.920471666666668, 78.65982683333333], [16.92048883333333, 78.65982716666667], [16.920506, 78.65982733333334], [16.920523166666666, 78.65982766666666], [16.92054016666667, 78.65982783333334], [16.92055733333333, 78.65982816666666], [16.9205745, 78.65982833333334], [16.920591666666667, 78.65982866666667], [16.920608833333333, 78.65982883333332], [16.920625833333336, 78.65982916666667], [16.920642666666666, 78.65982949999999], [16.9206595, 78.65982983333333], [16.920676166666667, 78.65983016666668], [16.92069316666667, 78.6598305], [16.92071, 78.65983083333334], [16.920726666666667, 78.65983116666666], [16.9207435, 78.65983150000001], [16.92076033333333, 78.65983183333333], [16.920777166666667, 78.65983216666667], [16.920794166666667, 78.65983266666667], [16.920810833333334, 78.65983299999999], [16.92082783333333, 78.65983333333334], [16.920845, 78.65983383333334], [16.920862166666666, 78.65983416666667], [16.92087916666667, 78.65983466666667], [16.9208965, 78.65983516666667], [16.920913666666667, 78.65983566666667], [16.920930666666667, 78.65983616666668], [16.920947666666667, 78.65983666666666], [16.920964833333336, 78.659837], [16.920981833333332, 78.65983750000001], [16.920998833333332, 78.65983800000001], [16.9210155, 78.65983849999999], [16.921032333333336, 78.65983899999999], [16.921049, 78.6598395], [16.921065666666667, 78.65984016666667], [16.9210825, 78.65984066666667], [16.921099166666668, 78.65984116666667], [16.921115999999998, 78.65984183333333], [16.921132833333335, 78.65984233333333], [16.92114966666667, 78.659843], [16.9211665, 78.65984350000001], [16.92118333333333, 78.65984416666667], [16.9212005, 78.65984483333334], [16.921217666666667, 78.6598455], [16.9212345, 78.65984616666667], [16.921251666666667, 78.65984683333333], [16.921268333333334, 78.6598475], [16.921285166666667, 78.65984816666668], [16.921301833333334, 78.65984883333334], [16.921318499999998, 78.6598495], [16.921334833333333, 78.65985016666667], [16.9213515, 78.65985083333334], [16.92136783333333, 78.65985166666665], [16.921384333333332, 78.65985233333335], [16.921400666666667, 78.65985300000001], [16.921417166666668, 78.65985383333333], [16.9214335, 78.6598545], [16.921450333333333, 78.65985533333334], [16.921466833333334, 78.659856], [16.921483666666667, 78.65985683333334], [16.921500499999997, 78.6598575], [16.921517166666668, 78.65985833333335], [16.921534, 78.65985900000001], [16.921550833333335, 78.65985983333333], [16.921567666666665, 78.6598605], [16.921584, 78.65986116666666], [16.921600333333334, 78.65986183333332], [16.921616500000003, 78.65986249999999], [16.921632499999998, 78.65986316666667], [16.921648333333334, 78.65986366666667], [16.92166416666667, 78.65986433333335], [16.921680166666665, 78.65986500000001], [16.921695833333334, 78.6598655], [16.921712, 78.65986616666667], [16.921728166666664, 78.65986683333334], [16.921744333333333, 78.65986733333334], [16.921761, 78.659868], [16.921777666666667, 78.65986849999999], [16.92179433333333, 78.659869], [16.921810833333332, 78.65986966666667], [16.9218275, 78.65987016666666], [16.921844, 78.65987066666666], [16.92186033333333, 78.65987116666666], [16.9218765, 78.65987166666667], [16.921892333333336, 78.65987216666667], [16.921908499999997, 78.65987266666666], [16.9219245, 78.65987316666666], [16.921940666666668, 78.6598735], [16.921956666666667, 78.659874], [16.921973166666664, 78.65987433333333], [16.921989666666665, 78.65987483333333], [16.922006166666666, 78.65987516666668], [16.922022833333333, 78.65987566666666], [16.922039666666667, 78.659876], [16.922056166666668, 78.65987633333334], [16.92207266666667, 78.65987666666666], [16.922089333333336, 78.65987716666667], [16.922105833333333, 78.6598775], [16.9221225, 78.65987783333334], [16.922139333333334, 78.65987816666667], [16.9221555, 78.6598785], [16.9221715, 78.65987883333334], [16.922187666666666, 78.65987916666667], [16.922203833333334, 78.6598795], [16.922219666666667, 78.65987966666667], [16.922235666666666, 78.65988], [16.922252, 78.65988016666667], [16.922268166666665, 78.65988033333333], [16.922284666666666, 78.6598805], [16.922301166666667, 78.65988066666667], [16.922318, 78.65988083333333], [16.92233483333333, 78.659881], [16.922351833333334, 78.65988116666668], [16.922369, 78.65988133333333], [16.922385833333333, 78.65988133333333], [16.922402666666667, 78.6598815], [16.9224195, 78.65988166666666], [16.922436333333334, 78.65988166666666], [16.922453, 78.65988183333334], [16.922469666666665, 78.65988183333334], [16.922486166666665, 78.659882], [16.922502666666666, 78.659882], [16.922519, 78.659882], [16.922535333333332, 78.659882], [16.922552166666666, 78.659882], [16.922568833333333, 78.659882], [16.922585166666668, 78.659882], [16.92260183333333, 78.659882], [16.922618333333332, 78.659882], [16.922634833333333, 78.659882], [16.922651499999997, 78.65988183333334], [16.922668166666664, 78.65988183333334], [16.922685, 78.65988183333334], [16.922701333333336, 78.65988166666666], [16.922718166666666, 78.65988166666666], [16.922734833333333, 78.65988166666666], [16.922751333333334, 78.6598815], [16.922767833333335, 78.6598815], [16.9227845, 78.65988133333333], [16.92280033333333, 78.65988133333333], [16.922816, 78.65988116666668], [16.92283133333333, 78.65988083333333], [16.9228465, 78.65988066666667], [16.922861833333332, 78.65988033333333], [16.92287683333333, 78.65988], [16.9228915, 78.65987966666667], [16.9229065, 78.65987916666667], [16.922921499999998, 78.65987883333334], [16.922936666666665, 78.65987816666667], [16.922952000000002, 78.6598775], [16.92296716666667, 78.65987683333333], [16.922982333333334, 78.659876], [16.922997333333335, 78.65987516666668], [16.923012000000003, 78.65987433333333], [16.9230265, 78.65987333333334], [16.923041, 78.65987249999999], [16.923054999999998, 78.6598715], [16.923068999999998, 78.65987033333334], [16.9230825, 78.65986933333333], [16.923096166666667, 78.65986816666667], [16.92310966666667, 78.65986683333334], [16.923123166666667, 78.6598655], [16.9231365, 78.65986416666667], [16.923149666666667, 78.65986283333334], [16.9231625, 78.65986133333334], [16.923175, 78.65985966666668], [16.923187, 78.659858], [16.923198833333334, 78.65985649999999], [16.9232105, 78.65985466666666], [16.923221666666667, 78.65985283333333], [16.92323233333333, 78.65985099999999], [16.923243, 78.659849], [16.923253166666665, 78.65984683333333], [16.923262833333336, 78.65984466666667], [16.923272166666667, 78.65984216666668], [16.923281333333332, 78.65983983333334], [16.923290166666668, 78.65983733333334], [16.923298499999998, 78.65983466666667], [16.92330616666667, 78.65983200000001], [16.923313833333335, 78.65982949999999], [16.923321166666664, 78.65982699999999], [16.923328333333334, 78.6598245], [16.923335166666668, 78.65982183333334], [16.923341833333332, 78.65981916666667], [16.923348166666663, 78.6598165], [16.923354500000002, 78.65981383333333], [16.923360333333335, 78.65981133333334], [16.923366166666664, 78.65980866666668], [16.9233715, 78.65980599999999], [16.923376666666666, 78.65980333333333], [16.923381333333335, 78.65980066666665], [16.923385833333334, 78.65979783333334], [16.92338983333333, 78.65979516666667], [16.923393666666666, 78.65979233333334], [16.923397333333334, 78.6597895], [16.923400666666666, 78.65978666666666], [16.923403333333333, 78.65978366666667], [16.923405833333334, 78.65978083333333], [16.923408166666665, 78.65977783333332], [16.92341, 78.65977483333333], [16.9234115, 78.65977166666667], [16.923412499999998, 78.65976866666666], [16.923413166666666, 78.6597655], [16.923413666666665, 78.65976233333335], [16.923413999999998, 78.65975916666666], [16.923413666666665, 78.659756], [16.923413, 78.659753], [16.923412, 78.65975], [16.923411333333334, 78.65974683333334], [16.923410166666667, 78.65974366666666], [16.9234085, 78.6597405], [16.923406833333335, 78.65973733333334], [16.923404666666666, 78.65973416666667], [16.9234025, 78.659731], [16.923400166666667, 78.65972766666667], [16.923397166666668, 78.6597245], [16.923393666666666, 78.65972133333334], [16.923389999999998, 78.65971833333333], [16.923386, 78.65971533333332], [16.923382333333333, 78.65971216666667], [16.923378666666668, 78.659709], [16.9233745, 78.65970583333333], [16.92337033333333, 78.65970266666666], [16.923365999999998, 78.6596995], [16.923361333333332, 78.65969633333334], [16.9233565, 78.65969316666666], [16.92335166666667, 78.65969], [16.923347, 78.65968683333334], [16.923341833333332, 78.65968366666667], [16.923336833333334, 78.65968066666666], [16.9233315, 78.6596775], [16.923326, 78.65967433333334], [16.92332, 78.65967133333334], [16.923314333333334, 78.65966816666668], [16.923308000000002, 78.65966516666667], [16.923302, 78.65966216666668], [16.923295833333334, 78.65965899999999], [16.923289333333333, 78.65965583333333], [16.923282833333335, 78.65965283333334], [16.923276333333334, 78.65964983333333], [16.9232695, 78.65964666666667], [16.923262166666667, 78.65964349999999], [16.92325483333333, 78.6596405], [16.923247333333332, 78.65963716666667], [16.9232395, 78.65963400000001], [16.9232315, 78.65963083333332], [16.92322366666667, 78.65962766666667], [16.923215833333334, 78.6596245], [16.923207666666666, 78.65962116666667], [16.9231995, 78.659618], [16.92319133333333, 78.65961483333334], [16.923182999999998, 78.65961166666666], [16.92317416666667, 78.6596085], [16.9231655, 78.65960533333333], [16.923156666666667, 78.65960216666667], [16.923147833333335, 78.659599], [16.923139, 78.65959583333333], [16.92313, 78.65959283333333], [16.923120833333332, 78.65958966666668], [16.9231115, 78.65958649999999], [16.92310216666667, 78.6595835], [16.92309283333333, 78.65958033333332], [16.923083666666667, 78.65957733333333], [16.923073833333333, 78.65957416666667], [16.923064333333333, 78.65957116666667], [16.9230545, 78.65956816666667], [16.923045000000002, 78.65956516666667], [16.92303516666667, 78.65956200000001], [16.923025166666665, 78.659559], [16.9230155, 78.65955600000001], [16.923005666666665, 78.659553], [16.922995333333333, 78.65955000000001], [16.922985333333333, 78.659547], [16.922975333333333, 78.65954383333333], [16.922965166666664, 78.659541], [16.922955, 78.65953800000001], [16.922944500000003, 78.659535], [16.922934, 78.659532], [16.922923333333333, 78.659529], [16.92291283333333, 78.659526], [16.922902333333333, 78.65952316666667], [16.92289183333333, 78.65952016666667], [16.922881500000003, 78.65951733333333], [16.922871166666667, 78.65951449999999], [16.922860833333335, 78.65951166666667], [16.9228505, 78.65950883333333], [16.922840333333333, 78.65950583333333], [16.922830166666664, 78.659503], [16.922819666666665, 78.6595], [16.92280933333333, 78.65949716666667], [16.92279883333333, 78.65949416666668], [16.922788833333335, 78.65949133333334], [16.922778666666666, 78.65948833333333], [16.922768666666666, 78.6594855], [16.922759, 78.65948266666666], [16.922749166666666, 78.65947983333334], [16.922739666666665, 78.65947683333334], [16.922730333333334, 78.659474], [16.922721000000003, 78.65947116666666], [16.922711833333334, 78.65946816666666], [16.922702833333336, 78.65946516666666], [16.922693833333334, 78.65946233333334], [16.922685, 78.65945933333334], [16.922677, 78.6594565], [16.922668833333333, 78.6594535], [16.922660666666665, 78.6594505], [16.922652333333335, 78.6594475], [16.922643666666666, 78.65944466666666], [16.922635, 78.65944166666667], [16.9226265, 78.65943866666666], [16.922617833333334, 78.65943566666667], [16.9226095, 78.65943266666666], [16.922601, 78.6594295], [16.922592666666667, 78.65942650000001], [16.922584833333335, 78.6594235], [16.922577, 78.65942033333334], [16.922569666666668, 78.65941733333334], [16.92256216666667, 78.65941433333334], [16.922554833333333, 78.65941133333334], [16.922548166666665, 78.65940816666667], [16.922541666666667, 78.65940516666666], [16.9225355, 78.659402], [16.922529666666666, 78.659399], [16.922524, 78.65939583333333], [16.922518333333336, 78.65939266666666], [16.922513, 78.6593895], [16.922508, 78.6593865], [16.92250316666667, 78.65938316666667], [16.922498333333333, 78.65938016666668], [16.922493499999998, 78.65937683333333], [16.922489166666665, 78.65937366666667], [16.922484999999998, 78.65937050000001], [16.922481, 78.65936733333334], [16.922477333333333, 78.65936400000001], [16.92247366666667, 78.65936083333332], [16.922469999999997, 78.65935766666666], [16.922466666666665, 78.6593545], [16.922463333333333, 78.65935116666667], [16.92246, 78.659348], [16.922457166666668, 78.65934483333334], [16.9224545, 78.6593415], [16.922452, 78.65933833333334], [16.922449833333335, 78.659335], [16.922448, 78.65933183333333], [16.922445999999997, 78.6593285], [16.92244433333333, 78.65932516666666], [16.9224425, 78.659322], [16.922441, 78.65931866666666], [16.922439666666666, 78.65931533333334], [16.922438166666666, 78.659312], [16.922436833333332, 78.65930883333334], [16.922435833333335, 78.6593055], [16.922435166666666, 78.65930216666668], [16.922434333333335, 78.65929899999999], [16.922433666666667, 78.65929566666667], [16.922433166666668, 78.6592925], [16.922432833333335, 78.65928916666667], [16.922432333333333, 78.65928600000001], [16.922432333333333, 78.65928283333332], [16.922432333333333, 78.6592795], [16.92243266666667, 78.65927616666666], [16.922433, 78.659273], [16.922433333333334, 78.65926966666666], [16.922434, 78.65926633333333], [16.9224345, 78.65926316666668], [16.922435333333333, 78.65925983333334], [16.922436, 78.65925633333333], [16.922436666666666, 78.659253], [16.9224375, 78.65924966666667], [16.922438333333332, 78.65924633333334], [16.922439, 78.65924283333334], [16.922439999999998, 78.6592395], [16.922441, 78.65923599999999], [16.922441833333334, 78.65923266666667], [16.92244283333333, 78.65922933333333], [16.922443833333332, 78.659226], [16.922444833333333, 78.6592225], [16.922445999999997, 78.65921916666666], [16.922446833333332, 78.65921566666665], [16.922448, 78.65921233333333], [16.92244916666667, 78.65920883333334], [16.922450333333334, 78.65920550000001], [16.922451833333334, 78.65920216666667], [16.922453166666667, 78.65919866666667], [16.922454333333334, 78.65919533333334], [16.922455833333334, 78.659192], [16.922457166666668, 78.6591885], [16.922458666666667, 78.65918516666667], [16.922459833333335, 78.65918183333334], [16.922461333333334, 78.65917833333333], [16.922462333333332, 78.659175], [16.922463666666665, 78.6591715], [16.922464666666666, 78.659168], [16.922466, 78.6591645], [16.922466999999997, 78.659161], [16.922468, 78.6591575], [16.922468666666667, 78.659154], [16.92246983333333, 78.65915033333334], [16.922470666666666, 78.65914683333334], [16.922471499999997, 78.65914333333333], [16.92247216666667, 78.65913983333333], [16.922473, 78.65913633333334], [16.922473833333335, 78.65913283333333], [16.9224745, 78.6591295], [16.92247516666667, 78.65912616666667], [16.922475833333333, 78.65912266666666], [16.922476333333336, 78.65911933333334], [16.922476833333334, 78.659116], [16.922477166666667, 78.65911266666667], [16.922477833333335, 78.65910916666667], [16.922478166666668, 78.65910583333333], [16.922478833333333, 78.65910233333334], [16.922479333333335, 78.65909883333333], [16.922479833333334, 78.65909533333334], [16.922480333333333, 78.65909183333333], [16.922480833333335, 78.65908833333333], [16.922481666666666, 78.65908483333332], [16.922482333333335, 78.65908133333333], [16.922483, 78.65907783333334], [16.92248366666667, 78.6590745], [16.922484166666667, 78.659071], [16.922484833333332, 78.6590675], [16.922485666666667, 78.65906416666667], [16.92248633333333, 78.65906066666666], [16.922486833333334, 78.65905733333334], [16.9224875, 78.65905383333333], [16.922488166666668, 78.65905049999999], [16.922488833333333, 78.659047], [16.922489499999998, 78.65904350000001], [16.922490166666666, 78.65904016666667], [16.922490666666665, 78.65903666666667], [16.9224915, 78.65903333333334], [16.922492166666665, 78.65902983333334], [16.922492666666667, 78.6590265], [16.922493166666666, 78.65902316666667], [16.92249383333333, 78.65901966666667], [16.922494500000003, 78.65901633333333], [16.922495166666668, 78.65901283333332], [16.922495333333334, 78.6590095], [16.922495833333336, 78.659006], [16.9224965, 78.65900233333333], [16.922497, 78.65899883333333], [16.922497333333336, 78.6589955], [16.92249766666667, 78.658992], [16.922498166666667, 78.6589885], [16.92249866666667, 78.658985], [16.922499000000002, 78.65898166666666], [16.922499333333334, 78.65897833333334], [16.922499666666667, 78.658975], [16.9225, 78.6589715], [16.92250016666667, 78.65896816666667], [16.922500333333335, 78.65896483333333], [16.922500333333335, 78.6589615], [16.9225005, 78.65895816666666], [16.922500833333334, 78.65895466666666], [16.922500833333334, 78.65895116666667], [16.922500833333334, 78.65894766666666], [16.922500833333334, 78.65894433333332], [16.922501, 78.65894083333333], [16.922501166666667, 78.65893733333334], [16.922501166666667, 78.65893383333334], [16.922501166666667, 78.65893033333333], [16.922501166666667, 78.65892683333333], [16.922501333333333, 78.6589235], [16.9225015, 78.65892000000001], [16.92250166666667, 78.6589165], [16.922501833333335, 78.65891316666666], [16.922501833333335, 78.65890983333334], [16.922502166666668, 78.65890633333333], [16.922502333333334, 78.658903], [16.922502333333334, 78.65889966666667], [16.922502333333334, 78.65889616666666], [16.922502333333334, 78.65889283333333], [16.9225025, 78.65888933333333], [16.9225025, 78.658886], [16.922502333333334, 78.65888266666666], [16.922502333333334, 78.65887916666667], [16.922502333333334, 78.65887566666667], [16.922502166666668, 78.65887233333333], [16.922501833333335, 78.65886883333333], [16.922501333333333, 78.6588655], [16.922500833333334, 78.65886216666667], [16.9225, 78.65885866666666], [16.9224995, 78.65885533333334], [16.9224985, 78.658852], [16.92249766666667, 78.65884866666667], [16.922496833333334, 78.65884533333333], [16.922495833333336, 78.658842], [16.922494833333335, 78.65883866666667], [16.92249383333333, 78.65883516666666], [16.92249233333333, 78.65883183333334], [16.922490666666665, 78.6588285], [16.922489166666665, 78.65882516666667], [16.9224875, 78.65882183333333], [16.922485833333333, 78.65881850000001], [16.922484166666667, 78.65881516666667], [16.922482333333335, 78.65881183333333], [16.922480166666666, 78.6588085], [16.922478333333334, 78.65880516666667], [16.922476500000002, 78.65880183333334], [16.9224745, 78.6587985], [16.9224725, 78.65879533333333], [16.922470333333333, 78.65879199999999], [16.92246833333333, 78.65878866666667], [16.922466333333332, 78.65878533333333], [16.922463999999998, 78.658782], [16.922461666666667, 78.65877866666666], [16.9224595, 78.65877533333334], [16.922457166666668, 78.658772], [16.922454833333333, 78.65876866666667], [16.922452333333336, 78.65876533333333], [16.922449833333335, 78.658762], [16.92244733333333, 78.65875866666667], [16.922444666666667, 78.65875550000001], [16.922442166666666, 78.65875216666667], [16.922439333333333, 78.65874883333332], [16.9224365, 78.6587455], [16.9224335, 78.65874233333334], [16.922430666666667, 78.658739], [16.922427666666668, 78.65873566666667], [16.922424666666664, 78.65873233333333], [16.9224215, 78.65872916666667], [16.9224185, 78.65872583333334], [16.922415333333333, 78.65872250000001], [16.922412166666668, 78.65871933333332], [16.922409000000002, 78.658716], [16.922405833333336, 78.65871266666666], [16.92240233333333, 78.6587095], [16.922399, 78.658706], [16.922395666666667, 78.65870283333334], [16.922392333333335, 78.65869933333333], [16.922388833333333, 78.65869599999999], [16.922385666666667, 78.65869266666667], [16.922382333333335, 78.65868933333333], [16.922379, 78.658686], [16.922375499999998, 78.65868266666666], [16.922371833333333, 78.65867933333334], [16.922368333333335, 78.658676], [16.922364833333333, 78.65867266666667], [16.92236116666667, 78.65866916666667], [16.922357499999997, 78.658666], [16.922354, 78.65866266666667], [16.9223505, 78.65865916666667], [16.922346833333332, 78.65865583333333], [16.922343, 78.6586525], [16.922339166666667, 78.65864916666666], [16.922335333333333, 78.65864583333334], [16.922331666666665, 78.6586425], [16.922327666666668, 78.65863916666667], [16.922323666666667, 78.65863566666667], [16.9223195, 78.65863233333333], [16.9223155, 78.65862916666667], [16.922311333333333, 78.65862566666667], [16.922307333333332, 78.65862233333334], [16.922303, 78.65861883333334], [16.922298666666666, 78.6586155], [16.9222945, 78.65861216666667], [16.9222905, 78.65860866666667], [16.922286, 78.65860533333333], [16.922281833333333, 78.658602], [16.922277666666666, 78.65859866666666], [16.9222735, 78.65859516666666], [16.92226916666667, 78.65859183333333], [16.922265, 78.6585885], [16.922260666666666, 78.65858516666667], [16.922256333333333, 78.65858183333333], [16.922252, 78.6585785], [16.922247666666667, 78.65857516666667], [16.922243166666664, 78.65857166666666], [16.92223883333333, 78.65856833333333], [16.922234333333332, 78.658565], [16.922229666666667, 78.65856166666667], [16.922225333333333, 78.65855816666667], [16.922221, 78.65855499999999], [16.9222165, 78.6585515], [16.922212000000002, 78.65854833333333], [16.922207333333333, 78.658545], [16.922203000000003, 78.65854166666666], [16.9221985, 78.65853833333334], [16.922194, 78.658535], [16.922189333333332, 78.65853166666668], [16.922184833333333, 78.65852816666667], [16.922180166666667, 78.65852483333333], [16.922175666666664, 78.6585215], [16.922171, 78.65851816666667], [16.9221665, 78.65851483333333], [16.922162, 78.6585115], [16.92215716666667, 78.65850816666666], [16.9221525, 78.65850483333334], [16.922147833333334, 78.6585015], [16.922143000000002, 78.65849816666667], [16.922138333333333, 78.65849483333334], [16.922133666666664, 78.65849150000001], [16.922128833333332, 78.65848816666667], [16.922124, 78.65848483333333], [16.922119000000002, 78.65848133333334], [16.922114333333333, 78.658478], [16.922109666666664, 78.65847466666668], [16.922104833333332, 78.65847133333334], [16.9221, 78.658468], [16.922095333333335, 78.65846450000001], [16.92209066666667, 78.65846116666667], [16.922085666666664, 78.65845783333333], [16.922080833333332, 78.6584545], [16.922075666666668, 78.658451], [16.9220705, 78.65844766666667], [16.922065666666665, 78.65844416666667], [16.92206033333333, 78.65844083333333], [16.9220555, 78.6584375], [16.9220505, 78.658434], [16.922045500000003, 78.65843066666666], [16.922040166666665, 78.65842733333334], [16.922035, 78.658424], [16.922029833333333, 78.65842066666667], [16.922024833333335, 78.65841733333333], [16.922019666666664, 78.658414], [16.9220145, 78.65841066666667], [16.922009, 78.65840733333333], [16.922003833333335, 78.65840383333332], [16.921998499999997, 78.6584005], [16.921993333333333, 78.65839716666666], [16.921988166666665, 78.65839383333334], [16.921982833333335, 78.6583905], [16.921977666666667, 78.65838716666667], [16.9219725, 78.65838383333333], [16.921967, 78.6583805], [16.921961666666668, 78.65837716666667], [16.921956333333334, 78.65837383333333], [16.921951, 78.6583705], [16.9219455, 78.65836716666666], [16.92194, 78.65836383333334], [16.921934500000003, 78.65836033333333], [16.921929, 78.658357], [16.921923166666666, 78.65835366666667], [16.9219175, 78.65835033333333], [16.921911833333336, 78.658347], [16.921906166666666, 78.6583435], [16.9219005, 78.65834016666666], [16.921894666666667, 78.65833683333334], [16.921888666666668, 78.6583335], [16.921882666666665, 78.65833016666667], [16.921877, 78.65832683333333], [16.921871333333335, 78.65832350000001], [16.921864833333334, 78.65832016666667], [16.921858999999998, 78.65831683333334], [16.921853, 78.6583135], [16.921847333333336, 78.65831016666667], [16.921841333333337, 78.65830683333334], [16.9218355, 78.6583035], [16.921829666666667, 78.65830033333333], [16.921823833333335, 78.65829699999999], [16.921818, 78.65829366666667], [16.921812, 78.65829033333333], [16.921805666666668, 78.658287], [16.921799500000002, 78.65828366666666], [16.921793833333332, 78.65828033333334], [16.921787666666667, 78.658277], [16.921781666666668, 78.65827366666667], [16.921775833333335, 78.65827033333333], [16.92177, 78.658267], [16.921764166666666, 78.65826366666667], [16.9217585, 78.65826050000001], [16.921752666666666, 78.658257], [16.921747166666666, 78.65825383333335], [16.9217415, 78.6582505], [16.921736, 78.65824716666665], [16.921730833333335, 78.65824383333333], [16.921725666666667, 78.65824049999999], [16.921720333333333, 78.65823733333333], [16.921715333333335, 78.658234], [16.921710166666667, 78.65823083333333], [16.921705333333332, 78.65822750000001], [16.921700333333334, 78.65822416666667], [16.921695833333334, 78.658221], [16.921690833333333, 78.65821783333334], [16.921686166666667, 78.6582145], [16.921681666666665, 78.65821133333334], [16.921677166666665, 78.658208], [16.921672833333332, 78.65820483333333], [16.921668166666667, 78.65820149999999], [16.921663833333334, 78.65819833333333], [16.921659499999997, 78.65819499999999], [16.921655333333334, 78.65819166666667], [16.921651166666667, 78.65818850000001], [16.921647, 78.65818516666667], [16.921643, 78.658182], [16.921638833333336, 78.65817866666666], [16.921634833333332, 78.65817533333333], [16.921631166666668, 78.658172], [16.921627166666667, 78.65816883333333], [16.921623333333333, 78.6581655], [16.921619500000002, 78.65816199999999], [16.921615666666664, 78.65815866666667], [16.921612, 78.65815533333333], [16.92160833333333, 78.658152], [16.921604833333333, 78.65814866666666], [16.921601333333335, 78.65814533333334], [16.921597833333333, 78.658142], [16.921594333333335, 78.65813866666667], [16.921590833333333, 78.65813533333333], [16.92158733333333, 78.658132], [16.921584166666666, 78.65812866666667], [16.921581166666666, 78.65812533333333], [16.921578, 78.658122], [16.921574833333334, 78.65811866666667], [16.921571833333335, 78.65811533333334], [16.921568999999998, 78.658112], [16.921566, 78.65810866666668], [16.921563, 78.65810533333334], [16.921560166666666, 78.65810183333333], [16.921557166666666, 78.65809850000001], [16.921554166666667, 78.65809516666667], [16.921551333333333, 78.65809166666666], [16.92154833333333, 78.65808833333334], [16.92154533333333, 78.658085], [16.921542499999997, 78.6580815], [16.921539666666668, 78.65807816666667], [16.921537, 78.65807483333333], [16.921534, 78.6580715], [16.921531333333334, 78.65806816666667], [16.921528666666667, 78.65806483333334], [16.921525999999997, 78.6580615], [16.921523333333333, 78.65805816666666], [16.921520166666667, 78.65805466666667], [16.9215175, 78.65805133333333], [16.9215145, 78.658048], [16.921512, 78.65804466666667], [16.921509333333333, 78.65804133333333], [16.92150666666667, 78.65803783333334], [16.92150416666667, 78.6580345], [16.921501166666665, 78.65803116666666], [16.921498666666665, 78.65802783333334], [16.921495999999998, 78.6580245], [16.921493333333334, 78.65802099999999], [16.921490666666667, 78.65801766666667], [16.921487833333334, 78.65801433333333], [16.921485166666667, 78.658011], [16.921482500000003, 78.65800766666666], [16.9214795, 78.65800416666666], [16.921477, 78.65800083333333], [16.921474166666666, 78.6579975], [16.921471333333333, 78.65799416666667], [16.9214685, 78.65799083333333], [16.921465833333333, 78.65798733333332], [16.921462833333333, 78.657984], [16.921460000000003, 78.6579805], [16.921457166666666, 78.65797716666665], [16.921454333333333, 78.65797366666668], [16.921451666666666, 78.65797033333334], [16.921448666666667, 78.65796683333333], [16.921446, 78.65796350000001], [16.921443166666666, 78.65796], [16.921440333333333, 78.65795666666666], [16.921437333333333, 78.65795333333334], [16.921434666666666, 78.65794983333333], [16.921431833333333, 78.6579465], [16.921429, 78.65794316666667], [16.921426333333333, 78.65793983333333], [16.921423833333332, 78.65793633333332], [16.921421000000002, 78.657933], [16.92141816666667, 78.65792966666666], [16.921415333333336, 78.65792633333334], [16.9214125, 78.65792283333333], [16.921409833333332, 78.65791949999999], [16.921406833333332, 78.65791599999999], [16.921404, 78.65791266666666], [16.921401166666666, 78.65790916666667], [16.921398333333332, 78.65790583333334], [16.92139566666667, 78.6579025], [16.92139266666667, 78.657899], [16.921389666666666, 78.65789566666668], [16.921386833333333, 78.65789233333334], [16.921384166666666, 78.657889], [16.921381333333333, 78.6578855], [16.921378333333333, 78.65788216666667], [16.921375666666666, 78.65787883333334], [16.921373000000003, 78.6578755], [16.921370333333336, 78.65787216666666], [16.921367333333333, 78.65786883333334], [16.9213645, 78.6578655], [16.921361666666666, 78.657862], [16.921358833333333, 78.65785866666667], [16.921356, 78.65785533333333], [16.921353, 78.657852], [16.921350166666667, 78.65784866666667], [16.921347166666667, 78.65784516666666], [16.921344166666664, 78.65784183333334], [16.92134133333333, 78.6578385], [16.92133833333333, 78.65783516666667], [16.92133533333333, 78.65783166666667], [16.921332166666666, 78.65782833333333], [16.921329166666666, 78.657825], [16.921326166666667, 78.65782166666666], [16.921323166666664, 78.65781833333334], [16.921320166666664, 78.657815], [16.921317166666665, 78.65781166666667], [16.921314, 78.6578085], [16.921311, 78.65780516666668], [16.921307666666667, 78.65780183333332], [16.9213045, 78.6577985], [16.921301333333336, 78.65779500000001], [16.921298166666666, 78.65779183333333], [16.921295, 78.65778833333334], [16.921291666666665, 78.657785], [16.9212885, 78.65778166666668], [16.9212855, 78.65777833333333], [16.921282333333334, 78.657775], [16.921279166666668, 78.65777166666666], [16.921276, 78.65776833333332], [16.921273, 78.657765], [16.921269833333334, 78.65776166666666], [16.921266833333334, 78.65775833333333], [16.92126366666667, 78.657755], [16.921260500000002, 78.65775149999999], [16.921257333333333, 78.65774816666666], [16.921254166666664, 78.65774483333333], [16.921250833333332, 78.6577415], [16.9212475, 78.65773816666666], [16.9212445, 78.65773483333334], [16.921241333333334, 78.6577315], [16.92123816666667, 78.65772816666666], [16.921234833333333, 78.65772483333333], [16.92123183333333, 78.6577215], [16.921228666666664, 78.65771816666667], [16.92122583333333, 78.65771483333333], [16.921222666666665, 78.6577115], [16.921219666666666, 78.65770816666667], [16.9212165, 78.65770483333334], [16.921213333333334, 78.65770133333334], [16.92121033333333, 78.657698], [16.921207166666665, 78.65769449999999], [16.921203833333333, 78.65769116666667], [16.921200666666667, 78.65768783333333], [16.9211975, 78.65768433333332], [16.921194333333336, 78.657681], [16.921191166666667, 78.65767766666666], [16.921187999999997, 78.65767433333333], [16.921184666666665, 78.65767116666666], [16.921181666666666, 78.65766783333333], [16.921178666666666, 78.6576645], [16.9211755, 78.65766116666667], [16.9211725, 78.65765783333333], [16.921169333333335, 78.6576545], [16.92116616666667, 78.65765116666667], [16.921163166666666, 78.65764783333334], [16.92116, 78.6576445], [16.921156833333335, 78.65764116666666], [16.9211535, 78.65763783333334], [16.921150333333333, 78.6576345], [16.921147, 78.65763100000001], [16.921144, 78.65762783333334], [16.921140833333332, 78.65762450000001], [16.921137666666667, 78.65762116666666], [16.9211345, 78.65761783333333], [16.9211315, 78.6576145], [16.921128500000002, 78.65761116666665], [16.921125333333336, 78.657608], [16.921122333333336, 78.65760466666667], [16.9211195, 78.65760133333333], [16.921116666666666, 78.65759800000001], [16.921113666666667, 78.65759466666667], [16.921110666666667, 78.65759150000001], [16.921107666666668, 78.657588], [16.92110466666667, 78.65758483333335], [16.92110166666667, 78.6575815], [16.921098833333335, 78.65757816666665], [16.921096, 78.65757483333333], [16.921093, 78.65757149999999], [16.92109, 78.65756816666666], [16.921086833333334, 78.65756483333332], [16.921084, 78.6575615], [16.921081, 78.65755816666666], [16.921078166666668, 78.65755483333334], [16.92107533333333, 78.6575515], [16.921072499999998, 78.65754816666666], [16.921069499999998, 78.65754483333333], [16.921066666666665, 78.6575415], [16.921063833333335, 78.65753816666667], [16.921061, 78.65753483333333], [16.921058000000002, 78.6575315], [16.92105516666667, 78.65752816666667], [16.921052166666666, 78.65752466666666], [16.9210495, 78.65752133333334], [16.9210465, 78.657518], [16.921043666666666, 78.65751466666667], [16.921040666666666, 78.65751133333333], [16.921037833333333, 78.657508], [16.921034666666667, 78.65750466666667], [16.921031666666668, 78.65750116666666], [16.921028666666665, 78.65749783333334], [16.9210255, 78.6574945], [16.921022666666666, 78.65749116666666], [16.9210195, 78.65748783333333], [16.9210165, 78.6574845], [16.9210135, 78.65748116666667], [16.9210105, 78.65747783333333], [16.921007666666664, 78.6574745], [16.9210045, 78.65747116666667], [16.9210015, 78.65746766666666], [16.9209985, 78.65746433333334], [16.9209955, 78.657461], [16.920992333333334, 78.65745766666667], [16.92098916666667, 78.65745433333333], [16.920986333333335, 78.65745083333333], [16.920983, 78.6574475], [16.920979833333334, 78.65744416666666], [16.9209765, 78.65744083333334], [16.9209735, 78.6574375], [16.920970666666665, 78.65743416666666], [16.920967666666666, 78.65743083333334], [16.920964666666666, 78.65742733333333], [16.920961666666667, 78.657424], [16.920959, 78.65742066666667], [16.920956, 78.65741733333333], [16.920953166666667, 78.657414], [16.920950166666668, 78.6574105], [16.920947, 78.65740716666666], [16.920944000000002, 78.65740383333333], [16.92094116666667, 78.6574005], [16.920938166666666, 78.657397], [16.920935333333333, 78.65739366666666], [16.9209325, 78.65739033333332], [16.9209295, 78.657387], [16.920926666666666, 78.6573835], [16.920923833333333, 78.65738016666666], [16.9209205, 78.65737683333333], [16.920917499999998, 78.65737333333333], [16.920914666666665, 78.65737], [16.920911333333333, 78.65736650000001], [16.920908333333333, 78.65736316666667], [16.920905333333334, 78.65735966666666], [16.9209025, 78.65735633333334], [16.920899333333335, 78.657353], [16.9208965, 78.65734966666668], [16.9208935, 78.65734633333334], [16.9208905, 78.65734283333333], [16.920887333333333, 78.6573395], [16.920884666666666, 78.65733616666667], [16.920881666666666, 78.65733283333334], [16.920878666666667, 78.65732933333334], [16.920875666666667, 78.657326], [16.92087283333333, 78.65732266666667], [16.920869999999997, 78.65731933333333], [16.920867166666667, 78.65731583333333], [16.920864166666668, 78.6573125], [16.920861333333335, 78.65730916666666], [16.920858333333335, 78.65730566666666], [16.920855333333336, 78.65730233333333], [16.920852333333336, 78.657299], [16.920849333333333, 78.65729549999999], [16.920846333333333, 78.65729216666666], [16.920843166666668, 78.65728866666667], [16.920840166666668, 78.65728516666667], [16.92083716666667, 78.65728183333334], [16.92083416666667, 78.6572785], [16.92083116666667, 78.657275], [16.920828333333336, 78.65727166666667], [16.920825333333333, 78.65726816666667], [16.9208225, 78.65726483333333], [16.9208195, 78.65726133333332], [16.9208165, 78.657258], [16.920813666666668, 78.6572545], [16.920810833333334, 78.65725116666667], [16.920808, 78.65724783333333], [16.920804999999998, 78.65724449999999], [16.920801833333332, 78.65724133333333], [16.9207985, 78.65723816666667], [16.920794666666666, 78.65723516666667], [16.920790833333335, 78.65723233333333], [16.920786333333336, 78.65722966666667], [16.920781499999997, 78.65722699999999], [16.920775833333334, 78.65722433333333], [16.92076966666667, 78.65722183333334], [16.920762833333335, 78.65721916666666], [16.920754833333334, 78.65721666666667], [16.920746333333334, 78.65721416666666], [16.920737666666664, 78.65721183333333], [16.9207285, 78.65720966666666], [16.920719000000002, 78.6572075], [16.920708833333332, 78.65720549999999], [16.920698, 78.65720366666666], [16.920687, 78.65720200000001], [16.920675666666668, 78.65720033333334], [16.920663833333332, 78.65719883333333], [16.920651833333334, 78.6571975], [16.920639, 78.65719633333333], [16.92062616666667, 78.65719516666667], [16.920612833333333, 78.65719416666667], [16.920599166666666, 78.65719316666667], [16.92058516666667, 78.65719250000001], [16.920571166666665, 78.65719183333334], [16.920557, 78.65719133333333], [16.92054316666667, 78.657191], [16.92052933333333, 78.65719083333333], [16.920515333333334, 78.65719083333333], [16.920501333333334, 78.657191], [16.920487666666666, 78.65719133333333], [16.920473833333332, 78.65719166666666], [16.9204605, 78.65719233333333], [16.9204465, 78.657193], [16.9204325, 78.65719349999999], [16.9204185, 78.65719416666667], [16.920404, 78.65719483333334], [16.920389666666665, 78.6571955], [16.920374666666664, 78.65719600000001], [16.92036016666667, 78.65719683333333], [16.920345333333334, 78.65719766666666], [16.92033083333333, 78.6571985], [16.920316500000002, 78.65719949999999], [16.920302166666666, 78.65720033333334], [16.920287166666665, 78.65720133333333], [16.920272333333333, 78.65720233333333], [16.920257666666664, 78.65720333333334], [16.920243000000003, 78.65720433333333], [16.920228333333334, 78.65720549999999], [16.92021383333333, 78.65720666666667], [16.920199333333336, 78.65720783333333], [16.920184666666668, 78.657209], [16.92017033333333, 78.65721033333332], [16.92015566666667, 78.65721149999999], [16.920141333333333, 78.65721283333333], [16.920126999999997, 78.65721416666666], [16.920112500000002, 78.65721549999999], [16.920098333333332, 78.657217], [16.920084166666665, 78.6572185], [16.92007, 78.65722000000001], [16.920056, 78.6572215], [16.920042000000002, 78.65722316666667], [16.92002816666667, 78.65722483333334], [16.92001433333333, 78.65722633333333], [16.920000833333333, 78.657228], [16.919987166666665, 78.65722983333333], [16.919973666666667, 78.65723166666666], [16.91996, 78.6572335], [16.9199465, 78.65723533333333], [16.919933, 78.65723733333333], [16.9199195, 78.65723916666667], [16.919906500000003, 78.65724116666667], [16.9198935, 78.65724300000001], [16.919880666666664, 78.65724483333334], [16.919868, 78.65724683333333], [16.919855166666665, 78.65724866666666], [16.9198425, 78.65725066666667], [16.919830166666667, 78.65725266666666], [16.919817833333333, 78.65725483333334], [16.9198055, 78.657257], [16.919793333333335, 78.65725900000001], [16.919781, 78.65726116666666], [16.919769166666665, 78.65726333333333], [16.919757333333333, 78.65726566666667], [16.919745499999998, 78.657268], [16.919733833333332, 78.65727033333333], [16.919722166666666, 78.65727266666666], [16.919710333333335, 78.657275], [16.919698999999998, 78.65727733333333], [16.919687500000002, 78.65727966666667], [16.91967633333333, 78.657282], [16.919665166666668, 78.65728433333334], [16.919654166666664, 78.65728666666668], [16.919643166666667, 78.65728916666667], [16.919632666666665, 78.6572915], [16.919621666666668, 78.65729400000001], [16.919611333333332, 78.65729633333333], [16.919600666666668, 78.65729883333333], [16.9195905, 78.65730133333334], [16.919580166666666, 78.65730383333333], [16.91957, 78.65730616666666], [16.91956, 78.65730866666667], [16.919550166666667, 78.65731116666666], [16.919539999999998, 78.65731383333333], [16.919530166666668, 78.65731633333333], [16.91952, 78.65731883333333], [16.919510333333335, 78.65732150000001], [16.919500333333335, 78.657324], [16.919490666666665, 78.65732666666666], [16.919480833333335, 78.65732916666666], [16.919471166666664, 78.65733183333333], [16.919461666666667, 78.65733449999999], [16.919452, 78.65733716666666], [16.9194425, 78.65733983333332], [16.919432833333335, 78.6573425], [16.919423166666665, 78.65734516666666], [16.919413833333333, 78.657348], [16.919404333333333, 78.65735066666666], [16.919395, 78.6573535], [16.919385833333333, 78.65735616666666], [16.9193765, 78.65735883333333], [16.91936766666667, 78.65736166666667], [16.919358666666668, 78.65736433333333], [16.919349833333335, 78.65736716666667], [16.919341, 78.65736983333333], [16.919332166666667, 78.65737266666666], [16.9193235, 78.6573755], [16.91931483333333, 78.65737833333333], [16.919306, 78.657381], [16.91929766666667, 78.65738383333334], [16.919289, 78.65738666666667], [16.919280333333333, 78.6573895], [16.919271499999997, 78.6573925], [16.91926266666667, 78.65739533333334], [16.91925416666667, 78.65739816666665], [16.919245166666666, 78.657401], [16.919236166666668, 78.657404], [16.919227333333332, 78.65740683333334], [16.919218333333333, 78.65740983333333], [16.9192095, 78.65741266666667], [16.919200333333333, 78.6574155], [16.9191915, 78.65741833333333], [16.919182666666664, 78.65742133333333], [16.919173333333333, 78.65742416666667], [16.9191645, 78.65742700000001], [16.919155333333332, 78.65742983333332], [16.9191465, 78.65743266666666], [16.919137499999998, 78.6574355], [16.919128166666667, 78.6574385], [16.91911916666667, 78.65744133333332], [16.919110333333332, 78.65744433333333], [16.919101333333334, 78.65744716666667], [16.919092166666665, 78.65745016666666], [16.919083, 78.657453], [16.919074000000002, 78.657456], [16.919065, 78.65745883333334], [16.919055833333335, 78.65746183333334], [16.919046833333333, 78.65746466666666], [16.919037833333334, 78.6574675], [16.919028833333336, 78.6574705], [16.919019833333333, 78.65747333333334], [16.919010833333335, 78.65747616666665], [16.919001666666666, 78.65747916666666], [16.918992666666668, 78.657482], [16.91898366666667, 78.65748483333333], [16.918974666666667, 78.65748766666667], [16.918965500000002, 78.65749066666667], [16.918955999999998, 78.6574935], [16.918946833333333, 78.65749633333333], [16.918937833333334, 78.65749933333333], [16.9189285, 78.65750216666667], [16.918919000000002, 78.657505], [16.918909666666664, 78.65750783333333], [16.918900333333333, 78.65751066666667], [16.918891, 78.65751350000001], [16.918881666666667, 78.6575165], [16.918872333333336, 78.65751933333333], [16.918862666666666, 78.657522], [16.9188535, 78.65752483333334], [16.918843833333334, 78.65752783333333], [16.9188345, 78.65753066666666], [16.918825000000002, 78.6575335], [16.918815333333335, 78.65753633333334], [16.918805833333334, 78.65753916666667], [16.918796166666667, 78.65754199999999], [16.918786666666666, 78.65754483333333], [16.918777, 78.65754766666667], [16.918767666666668, 78.6575505], [16.918758166666667, 78.65755333333333], [16.9187485, 78.65755616666667], [16.918739000000002, 78.65755883333333], [16.918729499999998, 78.65756166666667], [16.918719666666668, 78.6575645], [16.918709999999997, 78.65756733333333], [16.918700333333334, 78.65757], [16.918690833333336, 78.65757283333333], [16.918681166666666, 78.65757566666666], [16.918671333333336, 78.6575785], [16.918661666666665, 78.65758133333334], [16.918652166666668, 78.657584], [16.91864233333333, 78.65758683333334], [16.918632666666667, 78.65758966666667], [16.918623, 78.65759233333333], [16.918613166666667, 78.65759516666667], [16.9186035, 78.65759783333333], [16.918593833333333, 78.6576005], [16.918584, 78.65760316666666], [16.918574, 78.65760583333333], [16.918564, 78.6576085], [16.91855383333333, 78.65761116666665], [16.918543666666668, 78.65761383333333], [16.918533333333336, 78.65761633333334], [16.918523, 78.65761900000001], [16.91851266666667, 78.65762166666667], [16.918502166666666, 78.65762416666666], [16.918491666666668, 78.65762666666666], [16.918481166666666, 78.65762933333333], [16.9184705, 78.65763183333334], [16.918459833333333, 78.65763433333333], [16.918448833333333, 78.65763683333333], [16.918438, 78.6576395], [16.918427166666667, 78.65764183333334], [16.918415999999997, 78.65764433333334], [16.918404833333334, 78.65764683333333], [16.918393499999997, 78.65764933333334], [16.918382166666667, 78.65765183333333], [16.91837083333333, 78.65765433333333], [16.918359333333335, 78.65765683333333], [16.918347666666666, 78.65765916666666], [16.918336, 78.65766166666667], [16.918324166666665, 78.65766400000001], [16.91831266666667, 78.6576665], [16.918300666666667, 78.65766883333335], [16.91828866666667, 78.65767133333334], [16.918276833333334, 78.65767366666667], [16.918264833333335, 78.65767600000001], [16.918252833333334, 78.65767833333332], [16.918240500000003, 78.65768066666666], [16.918228166666665, 78.65768316666666], [16.91821583333333, 78.65768533333333], [16.918203333333334, 78.65768766666666], [16.918191, 78.65769], [16.918178, 78.65769233333334], [16.918165166666665, 78.65769449999999], [16.91815216666667, 78.65769683333333], [16.918139166666666, 78.65769900000001], [16.918126166666664, 78.65770133333334], [16.918113333333334, 78.6577035], [16.918099833333333, 78.65770583333332], [16.918086666666667, 78.657708], [16.918073166666666, 78.65771016666666], [16.91806, 78.65771249999999], [16.918046833333335, 78.65771466666666], [16.918034, 78.657717], [16.918021333333336, 78.65771916666667], [16.9180085, 78.65772133333333], [16.917995833333336, 78.65772366666667], [16.917983333333332, 78.657726], [16.917971, 78.65772816666666], [16.9179585, 78.6577305], [16.917946166666663, 78.65773283333333], [16.917934166666665, 78.65773516666667], [16.917922333333333, 78.6577375], [16.9179105, 78.65774], [16.917899, 78.65774233333333], [16.9178875, 78.65774466666667], [16.917876, 78.65774716666667], [16.917865, 78.65774966666666], [16.917854166666665, 78.657752], [16.9178435, 78.6577545], [16.917832833333332, 78.65775716666667], [16.917822666666666, 78.65775966666666], [16.91781266666667, 78.65776216666667], [16.917802666666667, 78.65776466666667], [16.91779316666667, 78.65776733333334], [16.91778383333333, 78.65777], [16.9177745, 78.65777266666667], [16.917765666666664, 78.65777533333333], [16.917756999999998, 78.65777800000001], [16.917748666666668, 78.65778066666667], [16.917740499999997, 78.65778350000001], [16.917732833333332, 78.65778616666667], [16.9177255, 78.65778900000001], [16.917718333333333, 78.65779166666667], [16.917711333333333, 78.6577945], [16.917704333333333, 78.6577975], [16.917697666666665, 78.65780033333334], [16.917691333333334, 78.65780316666665], [16.917685333333335, 78.657806], [16.917679333333336, 78.657809], [16.917673666666666, 78.65781183333334], [16.91766833333333, 78.65781483333333], [16.917663166666667, 78.65781783333334], [16.91765816666667, 78.65782083333333], [16.917653499999997, 78.65782383333334], [16.917648999999997, 78.65782683333333], [16.917644666666668, 78.65782983333334], [16.917641166666666, 78.657833], [16.917638166666666, 78.65783616666666], [16.917635166666667, 78.6578395], [16.917632, 78.65784266666667], [16.91762933333333, 78.65784583333334], [16.917627, 78.657849], [16.917624666666665, 78.65785233333332], [16.9176225, 78.65785550000001], [16.917620666666668, 78.65785883333334], [16.917619, 78.65786216666667], [16.91761766666667, 78.65786533333333], [16.917616333333335, 78.65786866666667], [16.9176155, 78.65787183333333], [16.917614333333333, 78.657875], [16.917613333333335, 78.65787816666666], [16.917612666666667, 78.65788133333334], [16.917612000000002, 78.6578845], [16.9176115, 78.65788783333333], [16.917611, 78.657891], [16.917611, 78.65789416666667], [16.917611333333333, 78.65789733333332], [16.917611833333336, 78.65790050000001], [16.917612333333334, 78.65790383333334], [16.91761316666667, 78.657907], [16.917614166666667, 78.65790999999999], [16.9176155, 78.65791316666667], [16.917616833333334, 78.65791633333333], [16.917618166666667, 78.65791966666667], [16.91762, 78.65792283333333], [16.917622166666668, 78.657926], [16.917624333333332, 78.65792916666666], [16.917626666666667, 78.65793233333333], [16.917628999999998, 78.6579355], [16.917632, 78.6579385], [16.917635, 78.65794166666666], [16.917638, 78.65794466666667], [16.917641333333332, 78.65794783333334], [16.917645, 78.65795083333335], [16.917648999999997, 78.657954], [16.917653166666664, 78.65795716666666], [16.917657166666668, 78.65796033333332], [16.917662, 78.65796333333333], [16.9176665, 78.65796633333333], [16.917671, 78.65796950000001], [16.917675666666664, 78.65797266666667], [16.917680333333333, 78.65797583333332], [16.917685333333335, 78.65797883333333], [16.917690166666667, 78.65798199999999], [16.917695, 78.65798516666668], [16.9176995, 78.65798816666667], [16.917704, 78.65799133333333], [16.91770916666667, 78.6579945], [16.917714166666666, 78.6579975], [16.917719166666664, 78.65800066666667], [16.91772416666667, 78.65800366666667], [16.917729333333334, 78.65800666666668], [16.917734833333334, 78.65800966666667], [16.91774, 78.65801266666668], [16.917745333333336, 78.65801566666667], [16.9177505, 78.65801866666668], [16.917756166666667, 78.65802166666667], [16.917762, 78.65802483333333], [16.91776766666667, 78.658028], [16.9177735, 78.658031], [16.917779333333332, 78.658034], [16.917785166666665, 78.658037], [16.9177915, 78.65804016666667], [16.9177975, 78.65804316666666], [16.917803499999998, 78.65804616666667], [16.917809833333333, 78.65804933333334], [16.917816000000002, 78.65805233333334], [16.917822166666667, 78.65805533333334], [16.917828666666665, 78.65805833333334], [16.917834833333334, 78.65806133333334], [16.917841333333335, 78.6580645], [16.917848, 78.65806733333334], [16.917854499999997, 78.65807033333334], [16.91786116666667, 78.65807333333333], [16.917867833333332, 78.65807633333334], [16.917874666666666, 78.65807933333333], [16.9178815, 78.65808233333334], [16.917888166666668, 78.65808533333333], [16.917894999999998, 78.65808833333334], [16.917901833333335, 78.65809133333333], [16.917909, 78.65809433333334], [16.917916333333334, 78.65809733333334], [16.91792333333333, 78.65810033333334], [16.9179305, 78.65810333333334], [16.917938, 78.65810633333334], [16.917945333333332, 78.65810916666666], [16.917952500000002, 78.658112], [16.917960166666667, 78.658115], [16.9179675, 78.65811783333334], [16.91797516666667, 78.65812083333334], [16.917982666666667, 78.65812383333333], [16.917990166666666, 78.65812683333334], [16.917997833333335, 78.65812983333333], [16.9180055, 78.65813283333334], [16.918012833333332, 78.65813583333333], [16.9180205, 78.65813883333334], [16.918028166666666, 78.65814183333333], [16.9180355, 78.65814483333334], [16.918043333333333, 78.65814783333333], [16.918051, 78.658151], [16.918058499999997, 78.658154], [16.918066166666666, 78.65815716666665], [16.918073666666665, 78.65816016666666], [16.918081166666664, 78.65816316666665], [16.918088833333336, 78.65816633333334], [16.9180965, 78.65816933333333], [16.918104000000003, 78.6581725], [16.918111333333332, 78.6581755], [16.918118666666665, 78.65817866666666], [16.918126166666664, 78.65818166666666], [16.918133833333332, 78.65818483333334], [16.918141166666665, 78.65818783333334], [16.91814883333333, 78.658191], [16.918156166666666, 78.65819400000001], [16.918163666666665, 78.658197], [16.91817133333333, 78.65820016666666], [16.9181785, 78.65820333333333], [16.918186166666665, 78.6582065], [16.918193499999997, 78.65820950000001], [16.918200833333334, 78.6582125], [16.918208166666666, 78.65821566666666], [16.9182155, 78.65821883333334], [16.91822266666667, 78.658222], [16.918230166666667, 78.65822499999999], [16.918237666666666, 78.65822816666667], [16.918244833333333, 78.65823116666667], [16.918252166666665, 78.65823433333334], [16.918259666666664, 78.65823733333333], [16.918267, 78.65824049999999], [16.918274166666667, 78.6582435], [16.9182815, 78.65824666666667], [16.918288833333335, 78.65824983333333], [16.918296, 78.65825283333334], [16.9183035, 78.658256], [16.918311000000003, 78.658259], [16.918318333333332, 78.658262], [16.91832583333333, 78.65826516666667], [16.918333, 78.65826816666666], [16.9183405, 78.65827133333333], [16.918347999999998, 78.6582745], [16.9183555, 78.65827766666666], [16.918363, 78.65828066666667], [16.918370333333332, 78.65828366666666], [16.918377833333334, 78.65828683333334], [16.918385166666667, 78.65828983333334], [16.9183925, 78.658293], [16.91839966666667, 78.658296], [16.918407333333334, 78.658299], [16.918414833333333, 78.658302], [16.91842216666667, 78.65830516666666], [16.9184295, 78.65830833333332], [16.91843683333333, 78.65831133333333], [16.918444333333333, 78.65831466666667], [16.918451333333334, 78.65831766666666], [16.9184585, 78.65832083333333], [16.918466000000002, 78.65832383333333], [16.91847316666667, 78.658327], [16.918480499999998, 78.65833033333334], [16.918487833333334, 78.65833333333333], [16.918495, 78.65833649999999], [16.918502, 78.65833966666668], [16.918508999999997, 78.65834283333334], [16.918516, 78.658346], [16.918523333333333, 78.65834916666667], [16.9185305, 78.65835233333334], [16.918537333333333, 78.65835533333333], [16.918544333333333, 78.6583585], [16.918551333333333, 78.65836183333333], [16.9185585, 78.658365], [16.9185655, 78.65836816666666], [16.91857183333333, 78.65837116666667], [16.918578500000002, 78.65837433333333], [16.918585166666666, 78.6583775], [16.918592, 78.65838066666667], [16.918598999999997, 78.65838383333333], [16.918605333333335, 78.65838699999999], [16.9186115, 78.65839016666668], [16.918618, 78.65839333333334], [16.918624333333334, 78.65839633333333], [16.918631, 78.6583995], [16.9186375, 78.65840266666667], [16.918643499999998, 78.658406], [16.9186495, 78.65840933333334], [16.918655666666666, 78.6584125], [16.9186615, 78.65841566666667], [16.91866716666667, 78.65841883333333], [16.918673000000002, 78.65842216666667], [16.9186785, 78.65842533333333], [16.918684, 78.65842866666667], [16.918689500000003, 78.65843183333332], [16.918694833333333, 78.658435], [16.9187, 78.65843816666667], [16.918705166666665, 78.6584415], [16.9187105, 78.65844466666667], [16.918715666666667, 78.65844799999999], [16.9187205, 78.65845133333333], [16.918725666666667, 78.65845466666666], [16.9187305, 78.65845783333333], [16.918735333333334, 78.65846116666667], [16.91874, 78.65846450000001], [16.918744833333335, 78.65846783333333], [16.918749333333334, 78.65847116666667], [16.918754, 78.65847433333333], [16.918758500000003, 78.65847766666667], [16.91876316666667, 78.658481], [16.918767666666668, 78.65848433333333], [16.918772166666667, 78.65848766666666], [16.9187765, 78.65849083333333], [16.918781000000003, 78.65849416666667], [16.918785166666666, 78.65849750000001], [16.918789333333333, 78.65850066666667], [16.9187935, 78.658504], [16.9187975, 78.65850733333333], [16.918801833333337, 78.65851066666667], [16.918805666666668, 78.65851383333333], [16.918809500000002, 78.65851716666666], [16.918813333333333, 78.65852066666666], [16.918817166666667, 78.658524], [16.918821166666664, 78.65852716666667], [16.918825000000002, 78.65853066666666], [16.9188285, 78.65853399999999], [16.918832166666668, 78.65853733333333], [16.918836166666665, 78.65854066666667], [16.918839833333333, 78.65854416666666], [16.918843166666665, 78.6585475], [16.918846499999997, 78.658551], [16.918850000000003, 78.65855433333333], [16.91885316666667, 78.6585575], [16.9188565, 78.65856099999999], [16.9188595, 78.65856433333333], [16.9188625, 78.65856783333334], [16.9188655, 78.65857116666666], [16.918868333333332, 78.6585745], [16.918870833333337, 78.65857783333333], [16.918873333333334, 78.65858133333333], [16.918876, 78.65858466666667], [16.918878833333334, 78.65858816666668], [16.9188815, 78.6585915], [16.918884166666665, 78.65859483333334], [16.91888683333333, 78.65859816666666], [16.918889333333333, 78.65860166666667], [16.91889216666667, 78.65860500000001], [16.91889516666667, 78.65860833333333], [16.918897833333332, 78.65861166666667], [16.918900333333333, 78.65861516666668], [16.918902833333334, 78.6586185], [16.91890533333333, 78.65862183333334], [16.918908166666665, 78.65862516666667], [16.918910666666665, 78.6586285], [16.918913333333332, 78.658632], [16.918916000000003, 78.6586355], [16.918918666666666, 78.65863883333333], [16.9189215, 78.65864216666667], [16.918924333333333, 78.65864549999999], [16.918927, 78.658649], [16.918929833333333, 78.65865233333334], [16.918932833333333, 78.65865583333333], [16.9189355, 78.65865916666667], [16.918938333333333, 78.6586625], [16.918941333333333, 78.65866583333333], [16.918944166666666, 78.65866916666667], [16.918946833333333, 78.65867266666667], [16.918949833333333, 78.658676], [16.918952666666666, 78.65867916666666], [16.918955333333333, 78.6586825], [16.918958166666666, 78.658686], [16.918961000000003, 78.65868933333333], [16.918963833333333, 78.65869266666667], [16.918966666666666, 78.65869583333333], [16.918969333333333, 78.65869916666666], [16.918972, 78.65870266666667], [16.918974833333333, 78.658706], [16.918977666666667, 78.65870933333333], [16.91898033333333, 78.65871266666666], [16.918983, 78.658716], [16.918985833333334, 78.6587195], [16.9189885, 78.65872283333333], [16.918991166666668, 78.65872616666667], [16.91899383333333, 78.65872949999999], [16.9189965, 78.658733], [16.918999166666666, 78.65873633333334], [16.919001666666666, 78.65873983333333], [16.91900433333333, 78.65874316666667], [16.919007, 78.6587465], [16.9190095, 78.65874983333333], [16.919012000000002, 78.65875316666667], [16.9190145, 78.6587565], [16.919017, 78.65875983333333], [16.9190195, 78.65876316666666], [16.919022166666664, 78.6587665], [16.9190245, 78.65876983333332], [16.91902716666667, 78.65877316666666], [16.919029833333333, 78.6587765], [16.919032333333334, 78.65877983333333], [16.91903466666667, 78.65878316666667], [16.919037333333332, 78.65878649999999], [16.919039666666666, 78.65879], [16.919042166666667, 78.65879333333334], [16.9190445, 78.65879666666666], [16.919046833333333, 78.6588], [16.91904933333333, 78.65880333333332], [16.919051666666668, 78.65880666666666], [16.919054000000003, 78.65880999999999], [16.9190565, 78.65881333333333], [16.919058833333334, 78.65881666666668], [16.919061, 78.65882], [16.919063333333334, 78.65882333333334], [16.9190655, 78.65882683333332], [16.919067833333333, 78.65883016666666], [16.919069999999998, 78.6588335], [16.91907216666667, 78.65883683333332], [16.919074333333334, 78.65884016666668], [16.919076333333333, 78.6588435], [16.9190785, 78.65884683333334], [16.919080666666666, 78.65885016666667], [16.919082833333334, 78.65885366666666], [16.919084833333333, 78.658857], [16.91908683333333, 78.65886033333332], [16.919088833333333, 78.65886366666668], [16.919090833333332, 78.658867], [16.91909283333333, 78.65887033333334], [16.91909466666667, 78.65887383333333], [16.919096333333336, 78.65887716666666], [16.919098166666668, 78.6588805], [16.919100166666666, 78.65888383333332], [16.919101666666666, 78.65888716666667], [16.919103333333332, 78.65889050000001], [16.919105000000002, 78.65889383333334], [16.919106833333334, 78.65889716666668], [16.919108166666668, 78.65890066666665], [16.919109833333334, 78.65890399999999], [16.919111333333333, 78.65890733333335], [16.919112833333333, 78.65891066666667], [16.919114333333333, 78.65891400000001], [16.919115833333333, 78.6589175], [16.91911716666667, 78.65892083333333], [16.919118500000003, 78.65892416666667], [16.919119666666667, 78.65892749999999], [16.919121, 78.65893083333334], [16.919122166666668, 78.65893433333333], [16.9191235, 78.65893766666666], [16.91912466666667, 78.658941], [16.919125833333332, 78.65894433333332], [16.919126833333333, 78.65894766666666], [16.919127666666668, 78.65895116666667], [16.919128666666666, 78.6589545], [16.9191295, 78.65895783333333], [16.9191305, 78.65896116666666], [16.919131333333333, 78.6589645], [16.919132166666667, 78.658968], [16.919132833333332, 78.65897133333333], [16.919133666666667, 78.65897483333333], [16.919134333333332, 78.65897816666667], [16.919135, 78.65898166666666], [16.9191355, 78.658985], [16.919135999999998, 78.6589885], [16.9191365, 78.65899183333333], [16.919137, 78.65899533333332], [16.919137499999998, 78.65899866666668], [16.919138, 78.659002], [16.9191385, 78.65900549999999], [16.91913883333333, 78.65900883333333], [16.919138999999998, 78.65901233333334], [16.919139166666664, 78.65901566666666], [16.91913933333333, 78.65901916666667], [16.91913966666667, 78.65902233333333], [16.919140000000002, 78.65902566666666], [16.9191405, 78.65902899999999], [16.919140833333334, 78.65903233333333], [16.919141500000002, 78.6590355], [16.919142333333333, 78.6590385], [16.919143166666668, 78.6590415], [16.919144333333335, 78.65904416666667], [16.919145833333335, 78.65904666666667], [16.919147, 78.65904900000001], [16.91914866666667, 78.65905116666666], [16.919150166666668, 78.65905333333333], [16.919151666666668, 78.65905550000001], [16.919153166666668, 78.6590575], [16.919154666666667, 78.6590595], [16.919156166666667, 78.65906133333333], [16.919157833333333, 78.65906316666666], [16.9191595, 78.65906466666667], [16.91916133333333, 78.65906616666666], [16.91916366666667, 78.65906733333333], [16.919166166666667, 78.65906866666666], [16.919168833333334, 78.65906983333333], [16.919172166666666, 78.659071], [16.919175833333334, 78.65907233333334], [16.919179666666665, 78.6590735], [16.9191835, 78.65907483333334], [16.919187, 78.659076], [16.9191905, 78.65907716666668], [16.919194166666667, 78.65907816666666], [16.919197666666665, 78.65907916666667], [16.9192005, 78.65907999999999], [16.919202499999997, 78.659081], [16.9192045, 78.65908183333333], [16.919206666666664, 78.65908266666666], [16.919208833333336, 78.65908333333333], [16.919210833333334, 78.65908416666666], [16.919212333333334, 78.65908483333332], [16.9192135, 78.6590855], [16.919214833333335, 78.65908616666667], [16.9192165, 78.65908666666665], [16.919217833333335, 78.65908716666667], [16.919219, 78.65908766666666], [16.919220166666666, 78.65908816666666], [16.919221166666667, 78.65908866666668], [16.9192225, 78.65908916666667], [16.919223833333334, 78.65908966666666], [16.919224999999997, 78.65909], [16.919226, 78.6590905], [16.919227, 78.65909083333332], [16.919228333333333, 78.65909116666667], [16.91922966666667, 78.6590915], [16.919230666666667, 78.659092], [16.919231833333335, 78.65909233333333], [16.91923266666667, 78.65909266666667], [16.919233666666667, 78.659093], [16.919234833333334, 78.65909333333335], [16.919235833333335, 78.65909366666666], [16.919236833333333, 78.65909383333333], [16.919237666666668, 78.65909416666666], [16.91923866666667, 78.65909450000001], [16.919239166666667, 78.65909466666668], [16.919239833333332, 78.659095], [16.919240833333333, 78.65909516666667], [16.919241666666668, 78.65909533333334], [16.9192425, 78.65909566666666], [16.919243166666668, 78.65909583333334], [16.919243666666667, 78.659096], [16.91924433333333, 78.65909616666666], [16.919245166666666, 78.65909633333334], [16.919245999999998, 78.65909666666667], [16.919246666666666, 78.65909683333332], [16.91924733333333, 78.659097], [16.919248, 78.65909716666667], [16.919248666666665, 78.65909733333334], [16.919249166666667, 78.65909733333334], [16.919249666666666, 78.6590975], [16.91925033333333, 78.65909766666667], [16.919250833333333, 78.65909766666667], [16.919251499999998, 78.65909783333333], [16.91925216666667, 78.659098], [16.919252500000002, 78.659098], [16.919252833333335, 78.65909816666667], [16.9192535, 78.65909816666667], [16.919254000000002, 78.65909816666667], [16.9192545, 78.65909833333333], [16.919254666666667, 78.65909833333333], [16.91925516666667, 78.6590985], [16.919255500000002, 78.6590985], [16.919255833333334, 78.6590985], [16.919255833333334, 78.6590985], [16.919256166666667, 78.65909866666667], [16.919256333333333, 78.65909866666667], [16.919256833333336, 78.65909866666667], [16.919257333333334, 78.65909866666667], [16.91925816666667, 78.65909883333333], [16.91925966666667, 78.659099], [16.919262166666666, 78.65909933333334], [16.919265166666666, 78.65909966666666], [16.919268166666665, 78.65910000000001], [16.919270833333332, 78.65910033333333], [16.919273333333333, 78.65910050000001], [16.919275833333334, 78.65910083333333], [16.9192785, 78.65910116666667], [16.919281166666668, 78.65910133333334], [16.919283833333335, 78.65910149999999], [16.919286, 78.65910166666666], [16.919288166666668, 78.659102], [16.919290333333333, 78.65910216666666], [16.919292499999997, 78.6591025], [16.919294666666666, 78.65910266666667], [16.91929716666667, 78.659103], [16.919299666666667, 78.6591035], [16.919302000000002, 78.65910416666667], [16.919304166666667, 78.65910483333333], [16.919306, 78.65910566666666], [16.919307333333332, 78.65910633333333], [16.919309, 78.65910716666667], [16.919310333333332, 78.65910783333334], [16.919311166666667, 78.65910866666667], [16.919311166666667, 78.65910916666667], [16.919310499999998, 78.65910933333333], [16.91931, 78.65910966666667], [16.919310333333332, 78.65911], [16.91931, 78.65911], [16.919309833333333, 78.65911016666668], [16.9193095, 78.65911033333333], [16.919309166666668, 78.6591105], [16.919309, 78.65911083333334], [16.919308666666666, 78.65911116666666], [16.9193085, 78.65911183333333], [16.9193085, 78.65911233333333], [16.919308, 78.65911266666667], [16.919308, 78.65911316666667], [16.9193085, 78.65911366666666], [16.919309, 78.659114], [16.9193095, 78.6591145], [16.91931, 78.659115], [16.919310666666668, 78.65911533333333], [16.9193115, 78.65911566666666], [16.919312333333334, 78.659116], [16.919313166666665, 78.6591165], [16.919313666666667, 78.65911666666666], [16.919314333333332, 78.659117], [16.91931483333333, 78.65911733333334], [16.9193155, 78.65911783333333], [16.919315833333332, 78.659118], [16.91931633333333, 78.65911833333332], [16.919317, 78.65911866666667], [16.9193175, 78.65911899999999], [16.919317999999997, 78.6591195], [16.9193185, 78.65911983333334], [16.919319166666664, 78.65912016666667], [16.919319499999997, 78.65912066666667], [16.91931966666667, 78.65912116666667], [16.919319833333336, 78.65912166666666], [16.919320333333335, 78.65912233333333], [16.919321, 78.65912283333334], [16.919321333333336, 78.65912333333334], [16.919321333333336, 78.65912383333333], [16.919321500000002, 78.6591245], [16.919321500000002, 78.65912499999999], [16.91932166666667, 78.6591255], [16.919322, 78.659126], [16.9193225, 78.65912666666667], [16.919322833333336, 78.65912716666666], [16.91932316666667, 78.65912783333333], [16.919323666666667, 78.65912833333333], [16.919324333333336, 78.65912883333334], [16.919325166666667, 78.6591295], [16.919326, 78.65913], [16.9193265, 78.6591305], [16.919327, 78.65913099999999], [16.919327666666668, 78.6591315], [16.919328, 78.659132], [16.9193285, 78.6591325], [16.919329, 78.65913283333333], [16.9193295, 78.65913333333333], [16.91933, 78.65913383333333], [16.9193305, 78.65913433333334], [16.919331166666666, 78.65913466666666], [16.9193315, 78.65913516666666], [16.919331833333334, 78.65913566666667], [16.9193325, 78.65913616666667], [16.919332999999998, 78.65913666666667], [16.919333833333333, 78.65913733333333], [16.91933433333333, 78.659138], [16.919335, 78.65913866666666], [16.919335666666665, 78.65913933333333], [16.9193365, 78.65914], [16.919337166666665, 78.65914066666666], [16.919338, 78.6591415], [16.91933883333333, 78.65914216666667], [16.919339666666666, 78.659143], [16.919340499999997, 78.65914366666667], [16.919341333333332, 78.6591445], [16.91934216666667, 78.65914516666666], [16.919342833333335, 78.65914599999999], [16.9193435, 78.65914666666666], [16.919344333333335, 78.6591475], [16.919345, 78.65914816666667], [16.919345833333335, 78.659149], [16.9193465, 78.65914983333333], [16.919347333333334, 78.6591505], [16.919348333333335, 78.65915133333333], [16.919349, 78.65915216666667], [16.919349833333335, 78.65915283333334], [16.919350666666666, 78.65915366666667], [16.919351666666667, 78.65915450000001], [16.9193525, 78.65915516666668], [16.9193535, 78.659156], [16.91935416666667, 78.65915683333333], [16.919354833333333, 78.65915766666667], [16.919355666666668, 78.65915833333334], [16.919356333333333, 78.65915916666667], [16.919357333333334, 78.65915983333333], [16.919358, 78.65916066666666], [16.919358666666668, 78.65916133333333], [16.919359333333333, 78.65916216666666], [16.919360166666667, 78.659163], [16.91936133333333, 78.65916366666667], [16.919362166666666, 78.6591645], [16.919362999999997, 78.65916516666667], [16.919363666666666, 78.659166], [16.91936466666667, 78.65916666666666], [16.919365833333334, 78.6591675], [16.919366833333335, 78.65916833333334], [16.91936766666667, 78.65916916666667], [16.9193685, 78.65916983333334], [16.91936916666667, 78.65917066666665], [16.919370166666667, 78.6591715], [16.919371, 78.65917233333333], [16.919371833333333, 78.659173], [16.919372833333334, 78.65917383333334], [16.91937366666667, 78.65917466666666], [16.919374666666666, 78.6591755], [16.919375333333335, 78.65917616666667], [16.919376166666666, 78.659177], [16.91937666666667, 78.65917783333333], [16.9193775, 78.65917850000001], [16.919378333333334, 78.65917933333334], [16.919379, 78.65918016666666], [16.919379499999998, 78.65918083333332], [16.919380166666667, 78.65918166666667], [16.91938083333333, 78.6591825], [16.919381666666666, 78.65918333333335], [16.91938233333333, 78.65918416666666], [16.919383166666666, 78.659185], [16.91938383333333, 78.65918583333334], [16.919384666666666, 78.6591865], [16.919385499999997, 78.65918733333334], [16.919386333333332, 78.65918816666667], [16.91938716666667, 78.659189], [16.919388, 78.65918983333333], [16.91938866666667, 78.65919066666667], [16.919389666666667, 78.65919149999999], [16.91939066666667, 78.6591925], [16.919391833333336, 78.65919333333333], [16.919392833333333, 78.65919416666667], [16.9193935, 78.65919516666666], [16.91939466666667, 78.65919600000001], [16.919395333333334, 78.65919683333333], [16.919396333333335, 78.65919766666666], [16.919397333333333, 78.6591985], [16.919398166666667, 78.65919950000001], [16.91939916666667, 78.65920033333333], [16.9194, 78.65920133333334], [16.919401, 78.65920216666667], [16.919401999999998, 78.65920299999999], [16.919402833333333, 78.659204], [16.919403666666664, 78.65920483333333], [16.9194045, 78.65920583333333], [16.919405333333334, 78.65920666666666], [16.919406166666665, 78.65920766666666], [16.919407, 78.6592085], [16.9194075, 78.6592095], [16.919408166666663, 78.65921033333333], [16.919408999999998, 78.65921133333333], [16.919409833333336, 78.65921216666668], [16.919410666666668, 78.65921316666666], [16.919411500000002, 78.659214], [16.919412333333334, 78.65921483333334], [16.919413333333335, 78.65921583333333], [16.919414166666666, 78.65921666666667], [16.919415166666667, 78.65921766666666], [16.919416166666668, 78.6592185], [16.919416833333333, 78.6592195], [16.919417833333334, 78.65922033333332], [16.919418833333335, 78.65922116666667], [16.919419833333333, 78.65922216666667], [16.919421, 78.65922300000001], [16.919421833333335, 78.659224], [16.919423, 78.65922483333334], [16.919424, 78.65922566666667], [16.919425166666667, 78.6592265], [16.919426166666664, 78.6592275], [16.919427, 78.65922833333335], [16.919427833333334, 78.65922916666666], [16.919428999999997, 78.65923], [16.91943, 78.659231], [16.919431, 78.65923183333332], [16.919432166666663, 78.65923266666667], [16.919433, 78.65923366666667], [16.91943416666667, 78.6592345], [16.919435166666666, 78.65923533333333], [16.919436166666667, 78.65923633333334], [16.919437333333335, 78.65923716666666], [16.919438166666666, 78.65923816666667], [16.919439, 78.659239], [16.91944, 78.65924], [16.919441, 78.65924100000001], [16.919441833333334, 78.65924183333333], [16.919442666666665, 78.65924283333334], [16.9194435, 78.65924366666667], [16.919444333333335, 78.65924466666667], [16.919445333333332, 78.6592455], [16.919446333333333, 78.65924650000001], [16.919447333333334, 78.65924733333333], [16.919448166666665, 78.65924833333334], [16.919449, 78.65924916666667], [16.91944983333333, 78.65925], [16.9194505, 78.65925083333333], [16.919451499999997, 78.65925183333334], [16.919452666666665, 78.65925266666666], [16.9194535, 78.6592535], [16.919454499999997, 78.65925433333334], [16.9194555, 78.65925516666667], [16.91945666666667, 78.65925616666667], [16.919457666666666, 78.659257], [16.919458666666667, 78.65925783333334], [16.91945966666667, 78.65925883333333], [16.9194605, 78.65925966666667], [16.919461666666667, 78.6592605], [16.919462833333334, 78.6592615], [16.919464, 78.65926233333333], [16.919465166666665, 78.65926333333333], [16.919466166666666, 78.65926416666666], [16.919467166666667, 78.659265], [16.919468333333334, 78.65926599999999], [16.919469333333332, 78.65926683333333], [16.919470333333333, 78.65926783333333], [16.919471333333334, 78.65926883333333], [16.91947233333333, 78.65926966666666], [16.919473166666666, 78.65927066666667], [16.919474166666664, 78.6592715], [16.919475166666665, 78.6592725], [16.919476166666666, 78.6592735], [16.919477166666663, 78.65927433333333], [16.919478166666668, 78.65927533333334], [16.919479000000003, 78.65927633333334], [16.919479666666668, 78.65927733333334], [16.919480333333336, 78.65927833333333], [16.919481, 78.6592795], [16.9194815, 78.65928066666667], [16.919481833333336, 78.659282], [16.919481833333336, 78.65928316666667], [16.919481333333334, 78.6592845], [16.919480833333335, 78.65928566666666], [16.91948, 78.65928683333333], [16.919479333333335, 78.659288], [16.9194785, 78.65928933333333], [16.91947766666667, 78.65929033333333], [16.919476666666664, 78.65929150000001], [16.919475166666665, 78.65929266666667], [16.91947383333333, 78.65929366666666], [16.919472, 78.65929466666667], [16.919470166666667, 78.65929566666667], [16.919468, 78.65929666666666], [16.9194655, 78.65929766666666], [16.919463333333333, 78.6592985], [16.919461000000002, 78.65929933333334], [16.919458666666667, 78.65930016666667], [16.919456166666667, 78.659301], [16.9194535, 78.65930183333333], [16.919450833333332, 78.65930266666666], [16.919447666666667, 78.65930350000001], [16.919444666666667, 78.65930433333332], [16.919441666666668, 78.65930499999999], [16.919438666666668, 78.65930583333333], [16.919435833333335, 78.65930666666667], [16.91943266666667, 78.65930733333333], [16.9194295, 78.65930816666668], [16.9194265, 78.65930883333334], [16.919423166666665, 78.6593095], [16.919419833333333, 78.65931016666667], [16.919416666666667, 78.65931083333334], [16.919413333333335, 78.6593115], [16.919410000000003, 78.65931216666667], [16.919406666666664, 78.65931266666666], [16.91940333333333, 78.65931333333333], [16.919399833333333, 78.65931383333333], [16.919396, 78.6593145], [16.9193925, 78.659315], [16.91938866666667, 78.65931566666667], [16.919384833333332, 78.65931616666667], [16.919381166666668, 78.65931666666667], [16.9193775, 78.65931716666667], [16.919373833333335, 78.65931766666667], [16.919370166666667, 78.659318], [16.919366333333336, 78.6593185], [16.919362333333332, 78.65931883333333], [16.919358499999998, 78.65931933333333], [16.919354666666667, 78.65931966666668], [16.919350833333333, 78.65932016666667], [16.919346833333336, 78.65932049999999], [16.91934266666667, 78.65932083333334], [16.919338333333332, 78.65932116666666], [16.919334, 78.6593215], [16.9193295, 78.65932166666667], [16.919325, 78.659322], [16.9193205, 78.65932233333334], [16.919315833333332, 78.6593225], [16.9193115, 78.65932283333333], [16.919306833333334, 78.65932316666667], [16.919302333333334, 78.65932333333333], [16.919297833333335, 78.65932366666667], [16.9192935, 78.65932383333333], [16.919289, 78.659324], [16.919284333333334, 78.65932433333334], [16.919279833333334, 78.6593245], [16.9192755, 78.65932466666666], [16.919271, 78.65932483333333], [16.9192665, 78.65932500000001], [16.919262166666666, 78.65932516666666], [16.919257666666667, 78.65932533333333], [16.919253333333334, 78.65932550000001], [16.91924883333333, 78.65932566666667], [16.91924433333333, 78.65932583333333], [16.919239833333332, 78.659326], [16.9192355, 78.65932616666667], [16.91923116666667, 78.65932633333334], [16.919226666666667, 78.65932649999999], [16.919222166666668, 78.65932666666666], [16.919217833333335, 78.65932683333334], [16.919213333333335, 78.659327], [16.919208833333336, 78.659327], [16.91920383333333, 78.65932716666666], [16.91919933333333, 78.65932716666666], [16.919195, 78.65932733333334], [16.9191905, 78.6593275], [16.919186, 78.6593275], [16.919181499999997, 78.65932766666667], [16.919176999999998, 78.65932766666667], [16.919172666666668, 78.65932766666667], [16.91916816666667, 78.65932766666667], [16.9191635, 78.65932783333332], [16.91915883333333, 78.659328], [16.919153833333333, 78.659328], [16.919149, 78.659328], [16.919144333333335, 78.659328], [16.919139500000004, 78.659328], [16.91913483333333, 78.65932816666667], [16.919130166666665, 78.65932816666667], [16.9191255, 78.65932816666667], [16.919120833333334, 78.65932816666667], [16.91911633333333, 78.65932816666667], [16.919111666666666, 78.65932816666667], [16.919106666666668, 78.65932816666667], [16.919102000000002, 78.65932816666667], [16.919097, 78.65932816666667], [16.919092499999998, 78.659328], [16.919087833333332, 78.659328], [16.919083166666667, 78.659328], [16.9190785, 78.659328], [16.91907366666667, 78.659328], [16.91906883333333, 78.659328], [16.919064166666665, 78.65932783333332], [16.919059166666667, 78.65932783333332], [16.9190545, 78.65932783333332], [16.919049833333336, 78.65932783333332], [16.919045166666667, 78.65932783333332], [16.91904033333333, 78.65932766666667], [16.919035666666666, 78.65932766666667], [16.919030833333334, 78.65932766666667], [16.919026166666665, 78.65932766666667], [16.919021166666667, 78.6593275], [16.919016166666665, 78.6593275], [16.919011166666667, 78.65932733333334], [16.91900616666667, 78.65932733333334], [16.919001166666664, 78.65932733333334], [16.918996166666666, 78.65932733333334], [16.9189915, 78.65932733333334], [16.91898666666667, 78.65932716666666], [16.91898183333333, 78.65932716666666], [16.918976999999998, 78.659327], [16.918972, 78.65932716666666], [16.918967000000002, 78.65932716666666], [16.918962, 78.659327], [16.918956833333333, 78.659327], [16.918952, 78.65932683333334], [16.918947166666666, 78.65932683333334], [16.918942166666668, 78.65932683333334], [16.918937500000002, 78.65932683333334], [16.918932833333333, 78.65932666666666], [16.918928, 78.65932649999999], [16.918923333333332, 78.65932649999999], [16.918918333333334, 78.65932649999999], [16.9189135, 78.65932633333334], [16.9189085, 78.65932633333334], [16.9189035, 78.65932633333334], [16.918898666666667, 78.65932616666667], [16.91889366666667, 78.65932616666667], [16.91888883333333, 78.65932616666667], [16.918884, 78.65932616666667], [16.918879166666667, 78.65932616666667], [16.918874333333335, 78.659326], [16.918869333333337, 78.659326], [16.918864166666665, 78.659326], [16.918858833333335, 78.659326], [16.918853666666667, 78.65932583333333], [16.918848166666667, 78.65932583333333], [16.918841333333333, 78.65932566666667], [16.918833166666666, 78.65932566666667], [16.918822499999997, 78.65932583333333], [16.91881, 78.659326], [16.918795499999998, 78.65932616666667], [16.918779833333335, 78.65932633333334], [16.9187635, 78.65932649999999], [16.9187465, 78.65932666666666], [16.918728833333333, 78.659327], [16.918711, 78.65932733333334], [16.918693166666667, 78.6593275], [16.9186755, 78.65932766666667], [16.918657666666665, 78.659328], [16.918639666666664, 78.65932816666667], [16.918622000000003, 78.6593285], [16.9186045, 78.65932866666667], [16.918586833333332, 78.65932883333333], [16.918569166666668, 78.659329], [16.918551166666667, 78.65932933333333], [16.91853316666667, 78.6593295], [16.918515, 78.65932966666666], [16.918496666666666, 78.65932983333333], [16.918478333333333, 78.65933], [16.918460166666666, 78.65933016666666], [16.918441833333336, 78.6593305], [16.91842366666667, 78.65933066666666], [16.9184055, 78.65933083333333], [16.91838733333333, 78.65933100000001], [16.918369166666665, 78.65933116666666], [16.918350999999998, 78.65933150000001], [16.918332833333334, 78.65933166666667], [16.918314833333334, 78.65933183333333], [16.918297, 78.65933199999999], [16.918278833333332, 78.65933216666667], [16.91826083333333, 78.65933233333334], [16.918242833333334, 78.65933249999999], [16.918224666666667, 78.65933266666666], [16.918206833333333, 78.65933283333334], [16.9181885, 78.65933316666666], [16.918170333333332, 78.65933333333334], [16.918152000000003, 78.6593335], [16.918133666666666, 78.65933383333332], [16.918115666666665, 78.659334], [16.918097333333332, 78.65933416666667], [16.918079166666665, 78.65933433333333], [16.918061, 78.65933466666667], [16.918042833333335, 78.65933483333333], [16.918025, 78.659335], [16.918007, 78.65933516666668], [16.917989, 78.65933533333333], [16.917971, 78.65933566666666], [16.917953166666667, 78.65933583333334], [16.917935, 78.659336], [16.917917166666665, 78.65933616666666], [16.917899, 78.65933650000001], [16.917881, 78.65933666666666], [16.917862833333334, 78.65933700000001], [16.917844833333334, 78.65933716666667], [16.917826666666667, 78.65933733333333], [16.9178085, 78.6593375], [16.917790333333336, 78.65933783333334], [16.91777216666667, 78.65933799999999], [16.917754, 78.65933816666667], [16.917735666666665, 78.65933833333334], [16.9177175, 78.6593385], [16.917699333333335, 78.65933883333334], [16.917681166666668, 78.659339], [16.917663, 78.65933916666667], [16.917644666666668, 78.65933933333334], [16.917626499999997, 78.6593395], [16.917608166666664, 78.65933966666667], [16.917589833333334, 78.65934], [16.917571666666667, 78.65934016666667], [16.917553166666668, 78.65934033333333], [16.91753483333333, 78.65934050000001], [16.917516666666664, 78.65934066666667], [16.917498333333334, 78.659341], [16.917480166666667, 78.65934116666668], [16.917462166666667, 78.65934133333333], [16.917443833333333, 78.65934166666666], [16.917425666666666, 78.65934183333334], [16.917407500000003, 78.659342], [16.917389166666666, 78.65934216666666], [16.917370833333333, 78.65934233333334], [16.917352666666666, 78.65934266666666], [16.9173345, 78.65934283333333], [16.917316333333336, 78.659343], [16.91729816666667, 78.65934316666667], [16.917279666666666, 78.65934333333333], [16.917261333333332, 78.6593435], [16.917243166666665, 78.6593435], [16.917224833333332, 78.65934366666667], [16.91720666666667, 78.65934383333334], [16.917188166666666, 78.65934399999999], [16.91717, 78.65934416666667], [16.91715183333333, 78.65934433333334], [16.9171335, 78.6593445], [16.91711516666667, 78.65934466666666], [16.917097166666668, 78.65934483333334], [16.917079166666667, 78.65934483333334], [16.917061666666665, 78.659345], [16.917044333333333, 78.659345], [16.917028333333334, 78.65934516666667], [16.917013999999998, 78.65934516666667], [16.917001333333335, 78.65934533333333], [16.916989, 78.65934533333333], [16.91697783333333, 78.65934533333333], [16.916967, 78.65934516666667], [16.91695616666667, 78.659345], [16.916945166666668, 78.659345], [16.916934, 78.65934483333334], [16.916923, 78.6593445], [16.916912333333336, 78.65934416666667], [16.916902666666665, 78.65934399999999], [16.916893833333333, 78.65934366666667], [16.916885166666667, 78.6593435], [16.916876833333333, 78.65934316666667], [16.91686866666667, 78.659343], [16.916860666666665, 78.65934266666666], [16.916852666666667, 78.65934233333334], [16.916844333333334, 78.659342], [16.916836, 78.65934166666666], [16.91682816666667, 78.65934116666668], [16.91682033333333, 78.65934066666667], [16.91681283333333, 78.65934033333333], [16.9168055, 78.65933983333333], [16.91679866666667, 78.6593395], [16.91679183333333, 78.659339], [16.91678466666667, 78.6593385], [16.91677716666667, 78.65933799999999], [16.916769666666667, 78.65933766666667], [16.916761833333332, 78.65933716666667], [16.916754, 78.65933666666666], [16.916746166666666, 78.65933616666666], [16.916738000000002, 78.65933566666666], [16.916730500000003, 78.65933533333333], [16.91672283333333, 78.65933483333333], [16.916715333333332, 78.65933450000001], [16.916707666666664, 78.659334], [16.916699833333332, 78.65933366666667], [16.916691833333335, 78.65933316666666], [16.91668333333333, 78.65933283333334], [16.9166745, 78.65933249999999], [16.916665833333333, 78.65933216666667], [16.916657166666667, 78.65933166666667], [16.916648666666667, 78.65933133333333], [16.916640166666664, 78.65933100000001], [16.9166315, 78.65933066666666], [16.916623166666668, 78.65933033333334], [16.916615, 78.65933], [16.9166065, 78.65932966666666], [16.916597833333334, 78.6593295], [16.916589, 78.65932916666667], [16.916580166666666, 78.659329], [16.91657133333333, 78.65932866666667], [16.9165625, 78.6593285], [16.91655366666667, 78.65932833333333], [16.916545, 78.65932816666667], [16.9165365, 78.659328], [16.91652816666667, 78.65932783333332], [16.9165195, 78.65932783333332], [16.916510833333334, 78.65932766666667], [16.916502333333334, 78.6593275], [16.916493333333335, 78.65932733333334], [16.916484500000003, 78.65932716666666], [16.9164755, 78.659327], [16.91646666666667, 78.659327], [16.916457833333332, 78.659327], [16.916449, 78.65932683333334], [16.91644, 78.65932683333334], [16.916431333333332, 78.65932666666666], [16.9164225, 78.65932649999999], [16.916413499999997, 78.65932649999999], [16.9164045, 78.65932649999999], [16.916395333333334, 78.65932633333334], [16.916386166666666, 78.65932616666667], [16.916376833333334, 78.659326], [16.916367666666666, 78.659326], [16.916358333333335, 78.659326], [16.916349166666667, 78.659326], [16.916339833333332, 78.65932583333333], [16.916330666666667, 78.65932566666667], [16.916321333333332, 78.65932566666667], [16.916312, 78.65932566666667], [16.916302666666663, 78.65932566666667], [16.916293166666666, 78.65932566666667], [16.916283500000002, 78.65932566666667], [16.916273999999998, 78.65932566666667], [16.916264333333334, 78.65932566666667], [16.916254499999997, 78.65932566666667], [16.916244833333334, 78.65932583333333], [16.916234999999997, 78.65932583333333], [16.916225333333333, 78.65932583333333], [16.91621566666667, 78.65932583333333], [16.916206166666665, 78.65932583333333], [16.916196833333334, 78.65932583333333], [16.916186999999997, 78.65932583333333], [16.916177333333334, 78.65932583333333], [16.91616766666667, 78.65932583333333], [16.916158, 78.65932583333333], [16.91614816666667, 78.65932583333333], [16.916138333333333, 78.65932583333333], [16.916128333333333, 78.659326], [16.916118333333333, 78.659326], [16.9161085, 78.659326], [16.916098499999997, 78.659326], [16.916088833333333, 78.659326], [16.916079, 78.659326], [16.916069166666666, 78.659326], [16.9160595, 78.659326]]]}}]}